tourney_id,tourney_year,tourney_name,level,start_date,end_date,surface,city,country,singles_draw_size,prize_money,prize_money_currency,match_id,date,round,winner,loser,winner_country,loser_country,winner_seed,loser_seed,set1_score,set2_score,set3_score,indoor_outdoor,tournament_name,tournament_title,year,winner_player_name,loser_player_name,winner_bracket_number,loser_bracket_number,winner_aces,loser_aces,winner_backhand_errors,loser_backhand_errors,winner_backhand_unforced_errors,loser_backhand_unforced_errors,winner_backhand_winners,loser_backhand_winners,winner_breakpoints_won,loser_breakpoints_won,winner_double_faults,loser_double_faults,winner_drop_shot_unforced_errors,loser_drop_shot_unforced_errors,winner_drop_shot_winners,loser_drop_shot_winners,winner_first_serve_points_won,loser_first_serve_points_won,winner_first_serve_successful,loser_first_serve_successful,winner_forehand_errors,loser_forehand_errors,winner_forehand_unforced_errors,loser_forehand_unforced_errors,winner_forehand_winners,loser_forehand_winners,winner_games_won,loser_games_won,winner_groundstroke_errors,loser_groundstroke_errors,winner_groundstroke_unforced_errors,loser_groundstroke_unforced_errors,winner_groundstroke_winners,loser_groundstroke_winners,winner_lob_unforced_errors,loser_lob_unforced_errors,winner_lob_winners,loser_lob_winners,winner_max_games_in_a_row,loser_max_games_in_a_row,winner_max_points_in_a_row,loser_max_points_in_a_row,winner_overhead_stroke_errors,loser_overhead_stroke_errors,winner_overhead_stroke_unforced_errors,loser_overhead_stroke_unforced_errors,winner_overhead_stroke_winners,loser_overhead_stroke_winners,winner_points_won,loser_points_won,winner_points_won_from_last_10,loser_points_won_from_last_10,winner_return_errors,loser_return_errors,winner_return_winners,loser_return_winners,winner_second_serve_points_won,loser_second_serve_points_won,winner_second_serve_successful,loser_second_serve_successful,winner_service_games_won,loser_service_games_won,winner_service_points_lost,loser_service_points_lost,winner_service_points_won,loser_service_points_won,winner_tiebreaks_won,loser_tiebreaks_won,winner_total_breakpoints,loser_total_breakpoints,winner_volley_unforced_errors,loser_volley_unforced_errors,winner_volley_winners,loser_volley_winners,event_id,event_year,player_a,player_b,country_a,country_b,seed_a,seed_b,winner_flag_raw,num_sets,score_string,match_timestamp,match_date,match_time_total,liveScoringId,venue_id,venue_name,settime_set1,scorea_set1,scoreb_set1,scoretb_set1,acesa_set1,acesb_set1,dblflta_set1,dblfltb_set1,ptswon1stserva_set1,ptswon1stservb_set1,ptsplayed1stserva_set1,ptsplayed1stservb_set1,ptstotwonserva_set1,ptstotwonservb_set1,totservplayeda_set1,totservplayedb_set1,breakptsconva_set1,breakptsconvb_set1,breakptsplayeda_set1,breakptsplayedb_set1,servgamesplayeda_set1,servgamesplayedb_set1,pts1stservlosta_set1,pts1stservlostb_set1,totptswona_set1,totptswonb_set1,acesssa_set1,acesssb_set1,settime_set2,scorea_set2,scoreb_set2,scoretb_set2,acesa_set2,acesb_set2,dblflta_set2,dblfltb_set2,ptswon1stserva_set2,ptswon1stservb_set2,ptsplayed1stserva_set2,ptsplayed1stservb_set2,ptstotwonserva_set2,ptstotwonservb_set2,totservplayeda_set2,totservplayedb_set2,breakptsconva_set2,breakptsconvb_set2,breakptsplayeda_set2,breakptsplayedb_set2,servgamesplayeda_set2,servgamesplayedb_set2,pts1stservlosta_set2,pts1stservlostb_set2,totptswona_set2,totptswonb_set2,acesssa_set2,acesssb_set2,settime_set3,scorea_set3,scoreb_set3,scoretb_set3,acesa_set3,acesb_set3,dblflta_set3,dblfltb_set3,ptswon1stserva_set3,ptswon1stservb_set3,ptsplayed1stserva_set3,ptsplayed1stservb_set3,ptstotwonserva_set3,ptstotwonservb_set3,totservplayeda_set3,totservplayedb_set3,breakptsconva_set3,breakptsconvb_set3,breakptsplayeda_set3,breakptsplayedb_set3,servgamesplayeda_set3,servgamesplayedb_set3,pts1stservlosta_set3,pts1stservlostb_set3,totptswona_set3,totptswonb_set3,acesssa_set3,acesssb_set3,aces_set1,aces_set2,aces_set3,dblflt_set1,dblflt_set2,dblflt_set3
904,2025,WIMBLEDON,GC,2025-06-30,2025-07-13,Grass,WIMBLEDON,GREAT BRITAIN,128,25161500,USD,LS61448681,2025-07-12,F,Iga Swiatek,Amanda Anisimova,POL,USA,8.0,13.0,,0-6,0-6,O,WIMBLEDON,"The Championships, Wimbledon - Wimbledon, GBR",2025.0,Iga Swiatek,Amanda Anisimova,,,,,,,,,,,,,,,,,,,,,,,,,,,,,,,,,,,,,,,,,,,,,,,,,,,,,,,,,,,,,,,,,,,,,,,,,,,,,,,,,,,,,,,,,,,,,,,,,,,,,,,,,,,,,,,,,,,,,,,,,,,,,,,,,,,,,,,,,,,,,,,,,,,,,,,,,,,,,,,,,,,,,,,,,,,,,,,,,,,,,,,
904,2025,WIMBLEDON,GC,2025-06-30,2025-07-13,Grass,WIMBLEDON,GREAT BRITAIN,128,25161500,USD,LS61448679,2025-07-10,SF,Iga Swiatek,Belinda Bencic,POL,CHE,8.0,,,2-6,0-6,O,WIMBLEDON,"The Championships, Wimbledon - Wimbledon, GBR",2025.0,Iga Swiatek,Belinda Bencic,,,,,,,,,,,,,,,,,,,,,,,,,,,,,,,,,,,,,,,,,,,,,,,,,,,,,,,,,,,,,,,,,,,,,,,,,,,,,,,,,,,,,,,,,,,,,,,,,,,,,,,,,,,,,,,,,,,,,,,,,,,,,,,,,,,,,,,,,,,,,,,,,,,,,,,,,,,,,,,,,,,,,,,,,,,,,,,,,,,,,,,
904,2025,WIMBLEDON,GC,2025-06-30,2025-07-13,Grass,WIMBLEDON,GREAT BRITAIN,128,25161500,USD,LS61448671,2025-07-10,SF,Amanda Anisimova,Aryna Sabalenka,USA,,13.0,1.0,,4-6,6-4,O,WIMBLEDON,"The Championships, Wimbledon - Wimbledon, GBR",2025.0,Amanda Anisimova,Aryna Sabalenka,,,,,,,,,,,,,,,,,,,,,,,,,,,,,,,,,,,,,,,,,,,,,,,,,,,,,,,,,,,,,,,,,,,,,,,,,,,,,,,,,,,,,,,,,,,,,,,,,,,,,,,,,,,,,,,,,,,,,,,,,,,,,,,,,,,,,,,,,,,,,,,,,,,,,,,,,,,,,,,,,,,,,,,,,,,,,,,,,,,,,,,
904,2025,WIMBLEDON,GC,2025-06-30,2025-07-13,Grass,WIMBLEDON,GREAT BRITAIN,128,25161500,USD,LS61448675,2025-07-09,QF,Belinda Bencic,Mirra Andreeva,CHE,,,7.0,,6-7(3),6-7(2),O,WIMBLEDON,"The Championships, Wimbledon - Wimbledon, GBR",2025.0,Belinda Bencic,Mirra Andreeva,,,,,,,,,,,,,,,,,,,,,,,,,,,,,,,,,,,,,,,,,,,,,,,,,,,,,,,,,,,,,,,,,,,,,,,,,,,,,,,,,,,,,,,,,,,,,,,,,,,,,,,,,,,,,,,,,,,,,,,,,,,,,,,,,,,,,,,,,,,,,,,,,,,,,,,,,,,,,,,,,,,,,,,,,,,,,,,,,,,,,,,
904,2025,WIMBLEDON,GC,2025-06-30,2025-07-13,Grass,WIMBLEDON,GREAT BRITAIN,128,25161500,USD,LS61448669,2025-07-09,QF,Iga Swiatek,Liudmila Samsonova,POL,,8.0,19.0,,6-2,7-5,O,WIMBLEDON,"The Championships, Wimbledon - Wimbledon, GBR",2025.0,Iga Swiatek,Liudmila Samsonova,,,,,,,,,,,,,,,,,,,,,,,,,,,,,,,,,,,,,,,,,,,,,,,,,,,,,,,,,,,,,,,,,,,,,,,,,,,,,,,,,,,,,,,,,,,,,,,,,,,,,,,,,,,,,,,,,,,,,,,,,,,,,,,,,,,,,,,,,,,,,,,,,,,,,,,,,,,,,,,,,,,,,,,,,,,,,,,,,,,,,,,
904,2025,WIMBLEDON,GC,2025-06-30,2025-07-13,Grass,WIMBLEDON,GREAT BRITAIN,128,25161500,USD,LS61448673,2025-07-08,QF,Anastasia Pavlyuchenkova,Amanda Anisimova,,USA,,13.0,,6-1,7-6(9),O,WIMBLEDON,"The Championships, Wimbledon - Wimbledon, GBR",2025.0,Anastasia Pavlyuchenkova,Amanda Anisimova,,,,,,,,,,,,,,,,,,,,,,,,,,,,,,,,,,,,,,,,,,,,,,,,,,,,,,,,,,,,,,,,,,,,,,,,,,,,,,,,,,,,,,,,,,,,,,,,,,,,,,,,,,,,,,,,,,,,,,,,,,,,,,,,,,,,,,,,,,,,,,,,,,,,,,,,,,,,,,,,,,,,,,,,,,,,,,,,,,,,,,,
904,2025,WIMBLEDON,GC,2025-06-30,2025-07-13,Grass,WIMBLEDON,GREAT BRITAIN,128,25161500,USD,LS61448663,2025-07-08,QF,Aryna Sabalenka,Laura Siegemund,,DEU,1.0,,,4-6,6-2,O,WIMBLEDON,"The Championships, Wimbledon - Wimbledon, GBR",2025.0,Aryna Sabalenka,Laura Siegemund,,,,,,,,,,,,,,,,,,,,,,,,,,,,,,,,,,,,,,,,,,,,,,,,,,,,,,,,,,,,,,,,,,,,,,,,,,,,,,,,,,,,,,,,,,,,,,,,,,,,,,,,,,,,,,,,,,,,,,,,,,,,,,,,,,,,,,,,,,,,,,,,,,,,,,,,,,,,,,,,,,,,,,,,,,,,,,,,,,,,,,,
904,2025,WIMBLEDON,GC,2025-06-30,2025-07-13,Grass,WIMBLEDON,GREAT BRITAIN,128,25161500,USD,LS61448667,2025-07-07,4,Iga Swiatek,Clara Tauson,POL,DNK,8.0,23.0,,6-4,6-1,O,WIMBLEDON,"The Championships, Wimbledon - Wimbledon, GBR",2025.0,Iga Swiatek,Clara Tauson,,,,,,,,,,,,,,,,,,,,,,,,,,,,,,,,,,,,,,,,,,,,,,,,,,,,,,,,,,,,,,,,,,,,,,,,,,,,,,,,,,,,,,,,,,,,,,,,,,,,,,,,,,,,,,,,,,,,,,,,,,,,,,,,,,,,,,,,,,,,,,,,,,,,,,,,,,,,,,,,,,,,,,,,,,,,,,,,,,,,,,,
904,2025,WIMBLEDON,GC,2025-06-30,2025-07-13,Grass,WIMBLEDON,GREAT BRITAIN,128,25161500,USD,LS61448655,2025-07-07,4,Mirra Andreeva,Emma Navarro,,USA,7.0,10.0,,6-2,6-3,O,WIMBLEDON,"The Championships, Wimbledon - Wimbledon, GBR",2025.0,Mirra Andreeva,Emma Navarro,,,,,,,,,,,,,,,,,,,,,,,,,,,,,,,,,,,,,,,,,,,,,,,,,,,,,,,,,,,,,,,,,,,,,,,,,,,,,,,,,,,,,,,,,,,,,,,,,,,,,,,,,,,,,,,,,,,,,,,,,,,,,,,,,,,,,,,,,,,,,,,,,,,,,,,,,,,,,,,,,,,,,,,,,,,,,,,,,,,,,,,
904,2025,WIMBLEDON,GC,2025-06-30,2025-07-13,Grass,WIMBLEDON,GREAT BRITAIN,128,25161500,USD,LS61448661,2025-07-07,4,Liudmila Samsonova,Jessica Bouzas Maneiro,,ESP,19.0,,,7-5,7-5,O,WIMBLEDON,"The Championships, Wimbledon - Wimbledon, GBR",2025.0,Liudmila Samsonova,Jessica Bouzas Maneiro,,,,,,,,,,,,,,,,,,,,,,,,,,,,,,,,,,,,,,,,,,,,,,,,,,,,,,,,,,,,,,,,,,,,,,,,,,,,,,,,,,,,,,,,,,,,,,,,,,,,,,,,,,,,,,,,,,,,,,,,,,,,,,,,,,,,,,,,,,,,,,,,,,,,,,,,,,,,,,,,,,,,,,,,,,,,,,,,,,,,,,,
904,2025,WIMBLEDON,GC,2025-06-30,2025-07-13,Grass,WIMBLEDON,GREAT BRITAIN,128,25161500,USD,LS61448665,2025-07-07,4,Belinda Bencic,Ekaterina Alexandrova,CHE,,,18.0,,6-7(4),4-6,O,WIMBLEDON,"The Championships, Wimbledon - Wimbledon, GBR",2025.0,Belinda Bencic,Ekaterina Alexandrova,,,,,,,,,,,,,,,,,,,,,,,,,,,,,,,,,,,,,,,,,,,,,,,,,,,,,,,,,,,,,,,,,,,,,,,,,,,,,,,,,,,,,,,,,,,,,,,,,,,,,,,,,,,,,,,,,,,,,,,,,,,,,,,,,,,,,,,,,,,,,,,,,,,,,,,,,,,,,,,,,,,,,,,,,,,,,,,,,,,,,,,
904,2025,WIMBLEDON,GC,2025-06-30,2025-07-13,Grass,WIMBLEDON,GREAT BRITAIN,128,25161500,USD,LS61448659,2025-07-06,4,Amanda Anisimova,Linda Noskova,USA,CZE,13.0,30.0,,2-6,7-5,O,WIMBLEDON,"The Championships, Wimbledon - Wimbledon, GBR",2025.0,Amanda Anisimova,Linda Noskova,,,,,,,,,,,,,,,,,,,,,,,,,,,,,,,,,,,,,,,,,,,,,,,,,,,,,,,,,,,,,,,,,,,,,,,,,,,,,,,,,,,,,,,,,,,,,,,,,,,,,,,,,,,,,,,,,,,,,,,,,,,,,,,,,,,,,,,,,,,,,,,,,,,,,,,,,,,,,,,,,,,,,,,,,,,,,,,,,,,,,,,
904,2025,WIMBLEDON,GC,2025-06-30,2025-07-13,Grass,WIMBLEDON,GREAT BRITAIN,128,25161500,USD,LS61448709,2025-07-06,4,Elise Mertens,Aryna Sabalenka,BEL,,24.0,1.0,,6-4,7-6(4),O,WIMBLEDON,"The Championships, Wimbledon - Wimbledon, GBR",2025.0,Elise Mertens,Aryna Sabalenka,,,,,,,,,,,,,,,,,,,,,,,,,,,,,,,,,,,,,,,,,,,,,,,,,,,,,,,,,,,,,,,,,,,,,,,,,,,,,,,,,,,,,,,,,,,,,,,,,,,,,,,,,,,,,,,,,,,,,,,,,,,,,,,,,,,,,,,,,,,,,,,,,,,,,,,,,,,,,,,,,,,,,,,,,,,,,,,,,,,,,,,
904,2025,WIMBLEDON,GC,2025-06-30,2025-07-13,Grass,WIMBLEDON,GREAT BRITAIN,128,25161500,USD,LS61448653,2025-07-06,4,Anastasia Pavlyuchenkova,Sonay Kartal,,GBR,,,,6-7(3),4-6,O,WIMBLEDON,"The Championships, Wimbledon - Wimbledon, GBR",2025.0,Anastasia Pavlyuchenkova,Sonay Kartal,,,,,,,,,,,,,,,,,,,,,,,,,,,,,,,,,,,,,,,,,,,,,,,,,,,,,,,,,,,,,,,,,,,,,,,,,,,,,,,,,,,,,,,,,,,,,,,,,,,,,,,,,,,,,,,,,,,,,,,,,,,,,,,,,,,,,,,,,,,,,,,,,,,,,,,,,,,,,,,,,,,,,,,,,,,,,,,,,,,,,,,
904,2025,WIMBLEDON,GC,2025-06-30,2025-07-13,Grass,WIMBLEDON,GREAT BRITAIN,128,25161500,USD,LS61448657,2025-07-06,4,Laura Siegemund,Solana Sierra,DEU,ARG,,,,3-6,2-6,O,WIMBLEDON,"The Championships, Wimbledon - Wimbledon, GBR",2025.0,Laura Siegemund,Solana Sierra,,,,,,,,,,,,,,,,,,,,,,,,,,,,,,,,,,,,,,,,,,,,,,,,,,,,,,,,,,,,,,,,,,,,,,,,,,,,,,,,,,,,,,,,,,,,,,,,,,,,,,,,,,,,,,,,,,,,,,,,,,,,,,,,,,,,,,,,,,,,,,,,,,,,,,,,,,,,,,,,,,,,,,,,,,,,,,,,,,,,,,,
904,2025,WIMBLEDON,GC,2025-06-30,2025-07-13,Grass,WIMBLEDON,GREAT BRITAIN,128,25161500,USD,LS61448701,2025-07-05,3,Iga Swiatek,Danielle Collins,POL,USA,8.0,,,6-2,6-3,O,WIMBLEDON,"The Championships, Wimbledon - Wimbledon, GBR",2025.0,Iga Swiatek,Danielle Collins,,,,,,,,,,,,,,,,,,,,,,,,,,,,,,,,,,,,,,,,,,,,,,,,,,,,,,,,,,,,,,,,,,,,,,,,,,,,,,,,,,,,,,,,,,,,,,,,,,,,,,,,,,,,,,,,,,,,,,,,,,,,,,,,,,,,,,,,,,,,,,,,,,,,,,,,,,,,,,,,,,,,,,,,,,,,,,,,,,,,,,,
904,2025,WIMBLEDON,GC,2025-06-30,2025-07-13,Grass,WIMBLEDON,GREAT BRITAIN,128,25161500,USD,LS61448705,2025-07-05,3,Ekaterina Alexandrova,Zeynep Sonmez,,TUR,18.0,,,3-6,6-7(1),O,WIMBLEDON,"The Championships, Wimbledon - Wimbledon, GBR",2025.0,Ekaterina Alexandrova,Zeynep Sonmez,,,,,,,,,,,,,,,,,,,,,,,,,,,,,,,,,,,,,,,,,,,,,,,,,,,,,,,,,,,,,,,,,,,,,,,,,,,,,,,,,,,,,,,,,,,,,,,,,,,,,,,,,,,,,,,,,,,,,,,,,,,,,,,,,,,,,,,,,,,,,,,,,,,,,,,,,,,,,,,,,,,,,,,,,,,,,,,,,,,,,,,
904,2025,WIMBLEDON,GC,2025-06-30,2025-07-13,Grass,WIMBLEDON,GREAT BRITAIN,128,25161500,USD,LS61448703,2025-07-05,3,Emma Navarro,Barbora Krejcikova,USA,CZE,10.0,17.0,,6-2,3-6,O,WIMBLEDON,"The Championships, Wimbledon - Wimbledon, GBR",2025.0,Emma Navarro,Barbora Krejcikova,,,,,,,,,,,,,,,,,,,,,,,,,,,,,,,,,,,,,,,,,,,,,,,,,,,,,,,,,,,,,,,,,,,,,,,,,,,,,,,,,,,,,,,,,,,,,,,,,,,,,,,,,,,,,,,,,,,,,,,,,,,,,,,,,,,,,,,,,,,,,,,,,,,,,,,,,,,,,,,,,,,,,,,,,,,,,,,,,,,,,,,
904,2025,WIMBLEDON,GC,2025-06-30,2025-07-13,Grass,WIMBLEDON,GREAT BRITAIN,128,25161500,USD,LS61448693,2025-07-05,3,Mirra Andreeva,Hailey Baptiste,,USA,7.0,,,6-1,6-3,O,WIMBLEDON,"The Championships, Wimbledon - Wimbledon, GBR",2025.0,Mirra Andreeva,Hailey Baptiste,,,,,,,,,,,,,,,,,,,,,,,,,,,,,,,,,,,,,,,,,,,,,,,,,,,,,,,,,,,,,,,,,,,,,,,,,,,,,,,,,,,,,,,,,,,,,,,,,,,,,,,,,,,,,,,,,,,,,,,,,,,,,,,,,,,,,,,,,,,,,,,,,,,,,,,,,,,,,,,,,,,,,,,,,,,,,,,,,,,,,,,
904,2025,WIMBLEDON,GC,2025-06-30,2025-07-13,Grass,WIMBLEDON,GREAT BRITAIN,128,25161500,USD,LS61448699,2025-07-05,3,Elisabetta Cocciaretto,Belinda Bencic,ITA,CHE,,,,6-4,3-6,O,WIMBLEDON,"The Championships, Wimbledon - Wimbledon, GBR",2025.0,Elisabetta Cocciaretto,Belinda Bencic,,,,,,,,,,,,,,,,,,,,,,,,,,,,,,,,,,,,,,,,,,,,,,,,,,,,,,,,,,,,,,,,,,,,,,,,,,,,,,,,,,,,,,,,,,,,,,,,,,,,,,,,,,,,,,,,,,,,,,,,,,,,,,,,,,,,,,,,,,,,,,,,,,,,,,,,,,,,,,,,,,,,,,,,,,,,,,,,,,,,,,,
904,2025,WIMBLEDON,GC,2025-06-30,2025-07-13,Grass,WIMBLEDON,GREAT BRITAIN,128,25161500,USD,LS61448707,2025-07-05,3,Jessica Bouzas Maneiro,Dayana Yastremska,ESP,UKR,,,,6-1,2-6,O,WIMBLEDON,"The Championships, Wimbledon - Wimbledon, GBR",2025.0,Jessica Bouzas Maneiro,Dayana Yastremska,,,,,,,,,,,,,,,,,,,,,,,,,,,,,,,,,,,,,,,,,,,,,,,,,,,,,,,,,,,,,,,,,,,,,,,,,,,,,,,,,,,,,,,,,,,,,,,,,,,,,,,,,,,,,,,,,,,,,,,,,,,,,,,,,,,,,,,,,,,,,,,,,,,,,,,,,,,,,,,,,,,,,,,,,,,,,,,,,,,,,,,
904,2025,WIMBLEDON,GC,2025-06-30,2025-07-13,Grass,WIMBLEDON,GREAT BRITAIN,128,25161500,USD,LS61448711,2025-07-05,3,Elena Rybakina,Clara Tauson,KAZ,DNK,11.0,23.0,,7-6(6),6-3,O,WIMBLEDON,"The Championships, Wimbledon - Wimbledon, GBR",2025.0,Elena Rybakina,Clara Tauson,,,,,,,,,,,,,,,,,,,,,,,,,,,,,,,,,,,,,,,,,,,,,,,,,,,,,,,,,,,,,,,,,,,,,,,,,,,,,,,,,,,,,,,,,,,,,,,,,,,,,,,,,,,,,,,,,,,,,,,,,,,,,,,,,,,,,,,,,,,,,,,,,,,,,,,,,,,,,,,,,,,,,,,,,,,,,,,,,,,,,,,
904,2025,WIMBLEDON,GC,2025-06-30,2025-07-13,Grass,WIMBLEDON,GREAT BRITAIN,128,25161500,USD,LS61448713,2025-07-05,3,Liudmila Samsonova,Daria Kasatkina,,AUS,19.0,16.0,,2-6,3-6,O,WIMBLEDON,"The Championships, Wimbledon - Wimbledon, GBR",2025.0,Liudmila Samsonova,Daria Kasatkina,,,,,,,,,,,,,,,,,,,,,,,,,,,,,,,,,,,,,,,,,,,,,,,,,,,,,,,,,,,,,,,,,,,,,,,,,,,,,,,,,,,,,,,,,,,,,,,,,,,,,,,,,,,,,,,,,,,,,,,,,,,,,,,,,,,,,,,,,,,,,,,,,,,,,,,,,,,,,,,,,,,,,,,,,,,,,,,,,,,,,,,
904,2025,WIMBLEDON,GC,2025-06-30,2025-07-13,Grass,WIMBLEDON,GREAT BRITAIN,128,25161500,USD,LS61448741,2025-07-04,3,Emma Raducanu,Aryna Sabalenka,GBR,,,1.0,,7-6(6),6-4,O,WIMBLEDON,"The Championships, Wimbledon - Wimbledon, GBR",2025.0,Emma Raducanu,Aryna Sabalenka,,,,,,,,,,,,,,,,,,,,,,,,,,,,,,,,,,,,,,,,,,,,,,,,,,,,,,,,,,,,,,,,,,,,,,,,,,,,,,,,,,,,,,,,,,,,,,,,,,,,,,,,,,,,,,,,,,,,,,,,,,,,,,,,,,,,,,,,,,,,,,,,,,,,,,,,,,,,,,,,,,,,,,,,,,,,,,,,,,,,,,,
904,2025,WIMBLEDON,GC,2025-06-30,2025-07-13,Grass,WIMBLEDON,GREAT BRITAIN,128,25161500,USD,LS61448687,2025-07-04,3,Elina Svitolina,Elise Mertens,UKR,BEL,14.0,24.0,,6-1,7-6(4),O,WIMBLEDON,"The Championships, Wimbledon - Wimbledon, GBR",2025.0,Elina Svitolina,Elise Mertens,,,,,,,,,,,,,,,,,,,,,,,,,,,,,,,,,,,,,,,,,,,,,,,,,,,,,,,,,,,,,,,,,,,,,,,,,,,,,,,,,,,,,,,,,,,,,,,,,,,,,,,,,,,,,,,,,,,,,,,,,,,,,,,,,,,,,,,,,,,,,,,,,,,,,,,,,,,,,,,,,,,,,,,,,,,,,,,,,,,,,,,
904,2025,WIMBLEDON,GC,2025-06-30,2025-07-13,Grass,WIMBLEDON,GREAT BRITAIN,128,25161500,USD,LS61448683,2025-07-04,3,Laura Siegemund,Madison Keys,DEU,USA,,6.0,,6-3,6-3,O,WIMBLEDON,"The Championships, Wimbledon - Wimbledon, GBR",2025.0,Laura Siegemund,Madison Keys,,,,,,,,,,,,,,,,,,,,,,,,,,,,,,,,,,,,,,,,,,,,,,,,,,,,,,,,,,,,,,,,,,,,,,,,,,,,,,,,,,,,,,,,,,,,,,,,,,,,,,,,,,,,,,,,,,,,,,,,,,,,,,,,,,,,,,,,,,,,,,,,,,,,,,,,,,,,,,,,,,,,,,,,,,,,,,,,,,,,,,,
904,2025,WIMBLEDON,GC,2025-06-30,2025-07-13,Grass,WIMBLEDON,GREAT BRITAIN,128,25161500,USD,LS61448685,2025-07-04,3,Linda Noskova,Kamilla Rakhimova,CZE,UZB,30.0,,,6-7(6),5-7,O,WIMBLEDON,"The Championships, Wimbledon - Wimbledon, GBR",2025.0,Linda Noskova,Kamilla Rakhimova,,,,,,,,,,,,,,,,,,,,,,,,,,,,,,,,,,,,,,,,,,,,,,,,,,,,,,,,,,,,,,,,,,,,,,,,,,,,,,,,,,,,,,,,,,,,,,,,,,,,,,,,,,,,,,,,,,,,,,,,,,,,,,,,,,,,,,,,,,,,,,,,,,,,,,,,,,,,,,,,,,,,,,,,,,,,,,,,,,,,,,,
904,2025,WIMBLEDON,GC,2025-06-30,2025-07-13,Grass,WIMBLEDON,GREAT BRITAIN,128,25161500,USD,LS61448697,2025-07-04,3,Sonay Kartal,Diane Parry,GBR,FRA,,,,4-6,2-6,O,WIMBLEDON,"The Championships, Wimbledon - Wimbledon, GBR",2025.0,Sonay Kartal,Diane Parry,,,,,,,,,,,,,,,,,,,,,,,,,,,,,,,,,,,,,,,,,,,,,,,,,,,,,,,,,,,,,,,,,,,,,,,,,,,,,,,,,,,,,,,,,,,,,,,,,,,,,,,,,,,,,,,,,,,,,,,,,,,,,,,,,,,,,,,,,,,,,,,,,,,,,,,,,,,,,,,,,,,,,,,,,,,,,,,,,,,,,,,
904,2025,WIMBLEDON,GC,2025-06-30,2025-07-13,Grass,WIMBLEDON,GREAT BRITAIN,128,25161500,USD,LS61448689,2025-07-04,3,Solana Sierra,Cristina Bucsa,ARG,ESP,,,,7-5,1-6,O,WIMBLEDON,"The Championships, Wimbledon - Wimbledon, GBR",2025.0,Solana Sierra,Cristina Bucsa,,,,,,,,,,,,,,,,,,,,,,,,,,,,,,,,,,,,,,,,,,,,,,,,,,,,,,,,,,,,,,,,,,,,,,,,,,,,,,,,,,,,,,,,,,,,,,,,,,,,,,,,,,,,,,,,,,,,,,,,,,,,,,,,,,,,,,,,,,,,,,,,,,,,,,,,,,,,,,,,,,,,,,,,,,,,,,,,,,,,,,,
904,2025,WIMBLEDON,GC,2025-06-30,2025-07-13,Grass,WIMBLEDON,GREAT BRITAIN,128,25161500,USD,LS61448691,2025-07-04,3,Anastasia Pavlyuchenkova,Naomi Osaka,,JPN,,,,3-6,6-4,O,WIMBLEDON,"The Championships, Wimbledon - Wimbledon, GBR",2025.0,Anastasia Pavlyuchenkova,Naomi Osaka,,,,,,,,,,,,,,,,,,,,,,,,,,,,,,,,,,,,,,,,,,,,,,,,,,,,,,,,,,,,,,,,,,,,,,,,,,,,,,,,,,,,,,,,,,,,,,,,,,,,,,,,,,,,,,,,,,,,,,,,,,,,,,,,,,,,,,,,,,,,,,,,,,,,,,,,,,,,,,,,,,,,,,,,,,,,,,,,,,,,,,,
904,2025,WIMBLEDON,GC,2025-06-30,2025-07-13,Grass,WIMBLEDON,GREAT BRITAIN,128,25161500,USD,LS61448695,2025-07-04,3,Amanda Anisimova,Dalma Galfi,USA,HUN,13.0,,,3-6,7-5,O,WIMBLEDON,"The Championships, Wimbledon - Wimbledon, GBR",2025.0,Amanda Anisimova,Dalma Galfi,,,,,,,,,,,,,,,,,,,,,,,,,,,,,,,,,,,,,,,,,,,,,,,,,,,,,,,,,,,,,,,,,,,,,,,,,,,,,,,,,,,,,,,,,,,,,,,,,,,,,,,,,,,,,,,,,,,,,,,,,,,,,,,,,,,,,,,,,,,,,,,,,,,,,,,,,,,,,,,,,,,,,,,,,,,,,,,,,,,,,,,
904,2025,WIMBLEDON,GC,2025-06-30,2025-07-13,Grass,WIMBLEDON,GREAT BRITAIN,128,25161500,USD,LS61448733,2025-07-03,2,Daria Kasatkina,Irina-Camelia Begu,AUS,ROU,16.0,,,6-2,4-6,O,WIMBLEDON,"The Championships, Wimbledon - Wimbledon, GBR",2025.0,Daria Kasatkina,Irina-Camelia Begu,,,,,,,,,,,,,,,,,,,,,,,,,,,,,,,,,,,,,,,,,,,,,,,,,,,,,,,,,,,,,,,,,,,,,,,,,,,,,,,,,,,,,,,,,,,,,,,,,,,,,,,,,,,,,,,,,,,,,,,,,,,,,,,,,,,,,,,,,,,,,,,,,,,,,,,,,,,,,,,,,,,,,,,,,,,,,,,,,,,,,,,
904,2025,WIMBLEDON,GC,2025-06-30,2025-07-13,Grass,WIMBLEDON,GREAT BRITAIN,128,25161500,USD,LS61448737,2025-07-03,2,Anna Kalinskaya,Clara Tauson,,DNK,,23.0,,6-3,7-6(10),O,WIMBLEDON,"The Championships, Wimbledon - Wimbledon, GBR",2025.0,Anna Kalinskaya,Clara Tauson,,,,,,,,,,,,,,,,,,,,,,,,,,,,,,,,,,,,,,,,,,,,,,,,,,,,,,,,,,,,,,,,,,,,,,,,,,,,,,,,,,,,,,,,,,,,,,,,,,,,,,,,,,,,,,,,,,,,,,,,,,,,,,,,,,,,,,,,,,,,,,,,,,,,,,,,,,,,,,,,,,,,,,,,,,,,,,,,,,,,,,,
904,2025,WIMBLEDON,GC,2025-06-30,2025-07-13,Grass,WIMBLEDON,GREAT BRITAIN,128,25161500,USD,LS61448745,2025-07-03,2,Jessica Bouzas Maneiro,Sofia Kenin,ESP,USA,,28.0,,1-6,6-7(4),O,WIMBLEDON,"The Championships, Wimbledon - Wimbledon, GBR",2025.0,Jessica Bouzas Maneiro,Sofia Kenin,,,,,,,,,,,,,,,,,,,,,,,,,,,,,,,,,,,,,,,,,,,,,,,,,,,,,,,,,,,,,,,,,,,,,,,,,,,,,,,,,,,,,,,,,,,,,,,,,,,,,,,,,,,,,,,,,,,,,,,,,,,,,,,,,,,,,,,,,,,,,,,,,,,,,,,,,,,,,,,,,,,,,,,,,,,,,,,,,,,,,,,
904,2025,WIMBLEDON,GC,2025-06-30,2025-07-13,Grass,WIMBLEDON,GREAT BRITAIN,128,25161500,USD,LS61448743,2025-07-03,2,Liudmila Samsonova,Yuliia Starodubtseva,,UKR,19.0,,,2-6,1-6,O,WIMBLEDON,"The Championships, Wimbledon - Wimbledon, GBR",2025.0,Liudmila Samsonova,Yuliia Starodubtseva,,,,,,,,,,,,,,,,,,,,,,,,,,,,,,,,,,,,,,,,,,,,,,,,,,,,,,,,,,,,,,,,,,,,,,,,,,,,,,,,,,,,,,,,,,,,,,,,,,,,,,,,,,,,,,,,,,,,,,,,,,,,,,,,,,,,,,,,,,,,,,,,,,,,,,,,,,,,,,,,,,,,,,,,,,,,,,,,,,,,,,,
904,2025,WIMBLEDON,GC,2025-06-30,2025-07-13,Grass,WIMBLEDON,GREAT BRITAIN,128,25161500,USD,LS61448725,2025-07-03,2,Iga Swiatek,Caty McNally,POL,USA,8.0,,,5-7,6-2,O,WIMBLEDON,"The Championships, Wimbledon - Wimbledon, GBR",2025.0,Iga Swiatek,Caty McNally,,,,,,,,,,,,,,,,,,,,,,,,,,,,,,,,,,,,,,,,,,,,,,,,,,,,,,,,,,,,,,,,,,,,,,,,,,,,,,,,,,,,,,,,,,,,,,,,,,,,,,,,,,,,,,,,,,,,,,,,,,,,,,,,,,,,,,,,,,,,,,,,,,,,,,,,,,,,,,,,,,,,,,,,,,,,,,,,,,,,,,,
904,2025,WIMBLEDON,GC,2025-06-30,2025-07-13,Grass,WIMBLEDON,GREAT BRITAIN,128,25161500,USD,LS61448721,2025-07-03,2,Barbora Krejcikova,Caroline Dolehide,CZE,USA,17.0,,,6-4,3-6,O,WIMBLEDON,"The Championships, Wimbledon - Wimbledon, GBR",2025.0,Barbora Krejcikova,Caroline Dolehide,,,,,,,,,,,,,,,,,,,,,,,,,,,,,,,,,,,,,,,,,,,,,,,,,,,,,,,,,,,,,,,,,,,,,,,,,,,,,,,,,,,,,,,,,,,,,,,,,,,,,,,,,,,,,,,,,,,,,,,,,,,,,,,,,,,,,,,,,,,,,,,,,,,,,,,,,,,,,,,,,,,,,,,,,,,,,,,,,,,,,,,
904,2025,WIMBLEDON,GC,2025-06-30,2025-07-13,Grass,WIMBLEDON,GREAT BRITAIN,128,25161500,USD,LS61448739,2025-07-03,2,Dayana Yastremska,Anastasia Zakharova,UKR,,,,,7-5,5-7,O,WIMBLEDON,"The Championships, Wimbledon - Wimbledon, GBR",2025.0,Dayana Yastremska,Anastasia Zakharova,,,,,,,,,,,,,,,,,,,,,,,,,,,,,,,,,,,,,,,,,,,,,,,,,,,,,,,,,,,,,,,,,,,,,,,,,,,,,,,,,,,,,,,,,,,,,,,,,,,,,,,,,,,,,,,,,,,,,,,,,,,,,,,,,,,,,,,,,,,,,,,,,,,,,,,,,,,,,,,,,,,,,,,,,,,,,,,,,,,,,,,
904,2025,WIMBLEDON,GC,2025-06-30,2025-07-13,Grass,WIMBLEDON,GREAT BRITAIN,128,25161500,USD,LS61448727,2025-07-03,2,Ekaterina Alexandrova,Suzan Lamens,,NLD,18.0,,,4-6,0-6,O,WIMBLEDON,"The Championships, Wimbledon - Wimbledon, GBR",2025.0,Ekaterina Alexandrova,Suzan Lamens,,,,,,,,,,,,,,,,,,,,,,,,,,,,,,,,,,,,,,,,,,,,,,,,,,,,,,,,,,,,,,,,,,,,,,,,,,,,,,,,,,,,,,,,,,,,,,,,,,,,,,,,,,,,,,,,,,,,,,,,,,,,,,,,,,,,,,,,,,,,,,,,,,,,,,,,,,,,,,,,,,,,,,,,,,,,,,,,,,,,,,,
904,2025,WIMBLEDON,GC,2025-06-30,2025-07-13,Grass,WIMBLEDON,GREAT BRITAIN,128,25161500,USD,LS61448731,2025-07-03,2,Elena Rybakina,Maria Sakkari,KAZ,GRC,11.0,,,3-6,1-6,O,WIMBLEDON,"The Championships, Wimbledon - Wimbledon, GBR",2025.0,Elena Rybakina,Maria Sakkari,,,,,,,,,,,,,,,,,,,,,,,,,,,,,,,,,,,,,,,,,,,,,,,,,,,,,,,,,,,,,,,,,,,,,,,,,,,,,,,,,,,,,,,,,,,,,,,,,,,,,,,,,,,,,,,,,,,,,,,,,,,,,,,,,,,,,,,,,,,,,,,,,,,,,,,,,,,,,,,,,,,,,,,,,,,,,,,,,,,,,,,
904,2025,WIMBLEDON,GC,2025-06-30,2025-07-13,Grass,WIMBLEDON,GREAT BRITAIN,128,25161500,USD,LS61448729,2025-07-03,2,Belinda Bencic,Elsa Jacquemot,CHE,FRA,,,,6-4,1-6,O,WIMBLEDON,"The Championships, Wimbledon - Wimbledon, GBR",2025.0,Belinda Bencic,Elsa Jacquemot,,,,,,,,,,,,,,,,,,,,,,,,,,,,,,,,,,,,,,,,,,,,,,,,,,,,,,,,,,,,,,,,,,,,,,,,,,,,,,,,,,,,,,,,,,,,,,,,,,,,,,,,,,,,,,,,,,,,,,,,,,,,,,,,,,,,,,,,,,,,,,,,,,,,,,,,,,,,,,,,,,,,,,,,,,,,,,,,,,,,,,,
904,2025,WIMBLEDON,GC,2025-06-30,2025-07-13,Grass,WIMBLEDON,GREAT BRITAIN,128,25161500,USD,LS61448735,2025-07-03,2,Danielle Collins,Veronika Erjavec,USA,SVN,,,,6-4,6-1,O,WIMBLEDON,"The Championships, Wimbledon - Wimbledon, GBR",2025.0,Danielle Collins,Veronika Erjavec,,,,,,,,,,,,,,,,,,,,,,,,,,,,,,,,,,,,,,,,,,,,,,,,,,,,,,,,,,,,,,,,,,,,,,,,,,,,,,,,,,,,,,,,,,,,,,,,,,,,,,,,,,,,,,,,,,,,,,,,,,,,,,,,,,,,,,,,,,,,,,,,,,,,,,,,,,,,,,,,,,,,,,,,,,,,,,,,,,,,,,,
904,2025,WIMBLEDON,GC,2025-06-30,2025-07-13,Grass,WIMBLEDON,GREAT BRITAIN,128,25161500,USD,LS61448719,2025-07-03,2,Victoria Mboko,Hailey Baptiste,CAN,USA,,,,7-6(6),6-3,O,WIMBLEDON,"The Championships, Wimbledon - Wimbledon, GBR",2025.0,Victoria Mboko,Hailey Baptiste,,,,,,,,,,,,,,,,,,,,,,,,,,,,,,,,,,,,,,,,,,,,,,,,,,,,,,,,,,,,,,,,,,,,,,,,,,,,,,,,,,,,,,,,,,,,,,,,,,,,,,,,,,,,,,,,,,,,,,,,,,,,,,,,,,,,,,,,,,,,,,,,,,,,,,,,,,,,,,,,,,,,,,,,,,,,,,,,,,,,,,,
904,2025,WIMBLEDON,GC,2025-06-30,2025-07-13,Grass,WIMBLEDON,GREAT BRITAIN,128,25161500,USD,LS61448723,2025-07-03,2,Elisabetta Cocciaretto,Katie Volynets,ITA,USA,,,,0-6,4-6,O,WIMBLEDON,"The Championships, Wimbledon - Wimbledon, GBR",2025.0,Elisabetta Cocciaretto,Katie Volynets,,,,,,,,,,,,,,,,,,,,,,,,,,,,,,,,,,,,,,,,,,,,,,,,,,,,,,,,,,,,,,,,,,,,,,,,,,,,,,,,,,,,,,,,,,,,,,,,,,,,,,,,,,,,,,,,,,,,,,,,,,,,,,,,,,,,,,,,,,,,,,,,,,,,,,,,,,,,,,,,,,,,,,,,,,,,,,,,,,,,,,,
904,2025,WIMBLEDON,GC,2025-06-30,2025-07-13,Grass,WIMBLEDON,GREAT BRITAIN,128,25161500,USD,LS61448773,2025-07-03,2,Lucia Bronzetti,Mirra Andreeva,ITA,,,7.0,,6-1,7-6(4),O,WIMBLEDON,"The Championships, Wimbledon - Wimbledon, GBR",2025.0,Lucia Bronzetti,Mirra Andreeva,,,,,,,,,,,,,,,,,,,,,,,,,,,,,,,,,,,,,,,,,,,,,,,,,,,,,,,,,,,,,,,,,,,,,,,,,,,,,,,,,,,,,,,,,,,,,,,,,,,,,,,,,,,,,,,,,,,,,,,,,,,,,,,,,,,,,,,,,,,,,,,,,,,,,,,,,,,,,,,,,,,,,,,,,,,,,,,,,,,,,,,
904,2025,WIMBLEDON,GC,2025-06-30,2025-07-13,Grass,WIMBLEDON,GREAT BRITAIN,128,25161500,USD,LS61448715,2025-07-03,2,Emma Navarro,Veronika Kudermetova,USA,,10.0,,,1-6,2-6,O,WIMBLEDON,"The Championships, Wimbledon - Wimbledon, GBR",2025.0,Emma Navarro,Veronika Kudermetova,,,,,,,,,,,,,,,,,,,,,,,,,,,,,,,,,,,,,,,,,,,,,,,,,,,,,,,,,,,,,,,,,,,,,,,,,,,,,,,,,,,,,,,,,,,,,,,,,,,,,,,,,,,,,,,,,,,,,,,,,,,,,,,,,,,,,,,,,,,,,,,,,,,,,,,,,,,,,,,,,,,,,,,,,,,,,,,,,,,,,,,
904,2025,WIMBLEDON,GC,2025-06-30,2025-07-13,Grass,WIMBLEDON,GREAT BRITAIN,128,25161500,USD,LS61448717,2025-07-03,2,Zeynep Sonmez,Xinyu Wang,TUR,CHN,,,,5-7,5-7,O,WIMBLEDON,"The Championships, Wimbledon - Wimbledon, GBR",2025.0,Zeynep Sonmez,Xinyu Wang,,,,,,,,,,,,,,,,,,,,,,,,,,,,,,,,,,,,,,,,,,,,,,,,,,,,,,,,,,,,,,,,,,,,,,,,,,,,,,,,,,,,,,,,,,,,,,,,,,,,,,,,,,,,,,,,,,,,,,,,,,,,,,,,,,,,,,,,,,,,,,,,,,,,,,,,,,,,,,,,,,,,,,,,,,,,,,,,,,,,,,,
904,2025,WIMBLEDON,GC,2025-06-30,2025-07-13,Grass,WIMBLEDON,GREAT BRITAIN,128,25161500,USD,LS61448777,2025-07-02,2,Anastasia Pavlyuchenkova,Ashlyn Krueger,,USA,,31.0,,6-7(4),4-6,O,WIMBLEDON,"The Championships, Wimbledon - Wimbledon, GBR",2025.0,Anastasia Pavlyuchenkova,Ashlyn Krueger,,,,,,,,,,,,,,,,,,,,,,,,,,,,,,,,,,,,,,,,,,,,,,,,,,,,,,,,,,,,,,,,,,,,,,,,,,,,,,,,,,,,,,,,,,,,,,,,,,,,,,,,,,,,,,,,,,,,,,,,,,,,,,,,,,,,,,,,,,,,,,,,,,,,,,,,,,,,,,,,,,,,,,,,,,,,,,,,,,,,,,,
904,2025,WIMBLEDON,GC,2025-06-30,2025-07-13,Grass,WIMBLEDON,GREAT BRITAIN,128,25161500,USD,LS61448747,2025-07-02,2,Elina Svitolina,Aliaksandra Sasnovich,UKR,,14.0,,,2-6,4-6,O,WIMBLEDON,"The Championships, Wimbledon - Wimbledon, GBR",2025.0,Elina Svitolina,Aliaksandra Sasnovich,,,,,,,,,,,,,,,,,,,,,,,,,,,,,,,,,,,,,,,,,,,,,,,,,,,,,,,,,,,,,,,,,,,,,,,,,,,,,,,,,,,,,,,,,,,,,,,,,,,,,,,,,,,,,,,,,,,,,,,,,,,,,,,,,,,,,,,,,,,,,,,,,,,,,,,,,,,,,,,,,,,,,,,,,,,,,,,,,,,,,,,
904,2025,WIMBLEDON,GC,2025-06-30,2025-07-13,Grass,WIMBLEDON,GREAT BRITAIN,128,25161500,USD,LS61448751,2025-07-02,2,Emma Raducanu,Marketa Vondrousova,GBR,CZE,,,,6-3,6-3,O,WIMBLEDON,"The Championships, Wimbledon - Wimbledon, GBR",2025.0,Emma Raducanu,Marketa Vondrousova,,,,,,,,,,,,,,,,,,,,,,,,,,,,,,,,,,,,,,,,,,,,,,,,,,,,,,,,,,,,,,,,,,,,,,,,,,,,,,,,,,,,,,,,,,,,,,,,,,,,,,,,,,,,,,,,,,,,,,,,,,,,,,,,,,,,,,,,,,,,,,,,,,,,,,,,,,,,,,,,,,,,,,,,,,,,,,,,,,,,,,,
904,2025,WIMBLEDON,GC,2025-06-30,2025-07-13,Grass,WIMBLEDON,GREAT BRITAIN,128,25161500,USD,LS61448757,2025-07-02,2,Kamilla Rakhimova,Jasmine Paolini,UZB,ITA,,4.0,,6-4,4-6,O,WIMBLEDON,"The Championships, Wimbledon - Wimbledon, GBR",2025.0,Kamilla Rakhimova,Jasmine Paolini,,,,,,,,,,,,,,,,,,,,,,,,,,,,,,,,,,,,,,,,,,,,,,,,,,,,,,,,,,,,,,,,,,,,,,,,,,,,,,,,,,,,,,,,,,,,,,,,,,,,,,,,,,,,,,,,,,,,,,,,,,,,,,,,,,,,,,,,,,,,,,,,,,,,,,,,,,,,,,,,,,,,,,,,,,,,,,,,,,,,,,,
904,2025,WIMBLEDON,GC,2025-06-30,2025-07-13,Grass,WIMBLEDON,GREAT BRITAIN,128,25161500,USD,LS61448771,2025-07-02,2,Naomi Osaka,Katerina Siniakova,JPN,CZE,,,,6-3,6-2,O,WIMBLEDON,"The Championships, Wimbledon - Wimbledon, GBR",2025.0,Naomi Osaka,Katerina Siniakova,,,,,,,,,,,,,,,,,,,,,,,,,,,,,,,,,,,,,,,,,,,,,,,,,,,,,,,,,,,,,,,,,,,,,,,,,,,,,,,,,,,,,,,,,,,,,,,,,,,,,,,,,,,,,,,,,,,,,,,,,,,,,,,,,,,,,,,,,,,,,,,,,,,,,,,,,,,,,,,,,,,,,,,,,,,,,,,,,,,,,,,
904,2025,WIMBLEDON,GC,2025-06-30,2025-07-13,Grass,WIMBLEDON,GREAT BRITAIN,128,25161500,USD,LS61448765,2025-07-02,2,Diane Parry,Diana Shnaider,FRA,,,12.0,,4-6,1-6,O,WIMBLEDON,"The Championships, Wimbledon - Wimbledon, GBR",2025.0,Diane Parry,Diana Shnaider,,,,,,,,,,,,,,,,,,,,,,,,,,,,,,,,,,,,,,,,,,,,,,,,,,,,,,,,,,,,,,,,,,,,,,,,,,,,,,,,,,,,,,,,,,,,,,,,,,,,,,,,,,,,,,,,,,,,,,,,,,,,,,,,,,,,,,,,,,,,,,,,,,,,,,,,,,,,,,,,,,,,,,,,,,,,,,,,,,,,,,,
904,2025,WIMBLEDON,GC,2025-06-30,2025-07-13,Grass,WIMBLEDON,GREAT BRITAIN,128,25161500,USD,LS61448749,2025-07-02,2,Solana Sierra,Katie Boulter,ARG,GBR,,,,7-6(7),2-6,O,WIMBLEDON,"The Championships, Wimbledon - Wimbledon, GBR",2025.0,Solana Sierra,Katie Boulter,,,,,,,,,,,,,,,,,,,,,,,,,,,,,,,,,,,,,,,,,,,,,,,,,,,,,,,,,,,,,,,,,,,,,,,,,,,,,,,,,,,,,,,,,,,,,,,,,,,,,,,,,,,,,,,,,,,,,,,,,,,,,,,,,,,,,,,,,,,,,,,,,,,,,,,,,,,,,,,,,,,,,,,,,,,,,,,,,,,,,,,
904,2025,WIMBLEDON,GC,2025-06-30,2025-07-13,Grass,WIMBLEDON,GREAT BRITAIN,128,25161500,USD,LS61448767,2025-07-02,2,Linda Noskova,Eva Lys,CZE,DEU,30.0,,,2-6,6-2,O,WIMBLEDON,"The Championships, Wimbledon - Wimbledon, GBR",2025.0,Linda Noskova,Eva Lys,,,,,,,,,,,,,,,,,,,,,,,,,,,,,,,,,,,,,,,,,,,,,,,,,,,,,,,,,,,,,,,,,,,,,,,,,,,,,,,,,,,,,,,,,,,,,,,,,,,,,,,,,,,,,,,,,,,,,,,,,,,,,,,,,,,,,,,,,,,,,,,,,,,,,,,,,,,,,,,,,,,,,,,,,,,,,,,,,,,,,,,
904,2025,WIMBLEDON,GC,2025-06-30,2025-07-13,Grass,WIMBLEDON,GREAT BRITAIN,128,25161500,USD,LS61448763,2025-07-02,2,Amanda Anisimova,Renata Zarazua,USA,MEX,13.0,,,4-6,3-6,O,WIMBLEDON,"The Championships, Wimbledon - Wimbledon, GBR",2025.0,Amanda Anisimova,Renata Zarazua,,,,,,,,,,,,,,,,,,,,,,,,,,,,,,,,,,,,,,,,,,,,,,,,,,,,,,,,,,,,,,,,,,,,,,,,,,,,,,,,,,,,,,,,,,,,,,,,,,,,,,,,,,,,,,,,,,,,,,,,,,,,,,,,,,,,,,,,,,,,,,,,,,,,,,,,,,,,,,,,,,,,,,,,,,,,,,,,,,,,,,,
904,2025,WIMBLEDON,GC,2025-06-30,2025-07-13,Grass,WIMBLEDON,GREAT BRITAIN,128,25161500,USD,LS61448769,2025-07-02,2,Dalma Galfi,Beatriz Haddad Maia,HUN,BRA,,21.0,,6-7(7),1-6,O,WIMBLEDON,"The Championships, Wimbledon - Wimbledon, GBR",2025.0,Dalma Galfi,Beatriz Haddad Maia,,,,,,,,,,,,,,,,,,,,,,,,,,,,,,,,,,,,,,,,,,,,,,,,,,,,,,,,,,,,,,,,,,,,,,,,,,,,,,,,,,,,,,,,,,,,,,,,,,,,,,,,,,,,,,,,,,,,,,,,,,,,,,,,,,,,,,,,,,,,,,,,,,,,,,,,,,,,,,,,,,,,,,,,,,,,,,,,,,,,,,,
904,2025,WIMBLEDON,GC,2025-06-30,2025-07-13,Grass,WIMBLEDON,GREAT BRITAIN,128,25161500,USD,LS61448753,2025-07-02,2,Elise Mertens,Ann Li,BEL,USA,24.0,,,6-7(5),6-1,O,WIMBLEDON,"The Championships, Wimbledon - Wimbledon, GBR",2025.0,Elise Mertens,Ann Li,,,,,,,,,,,,,,,,,,,,,,,,,,,,,,,,,,,,,,,,,,,,,,,,,,,,,,,,,,,,,,,,,,,,,,,,,,,,,,,,,,,,,,,,,,,,,,,,,,,,,,,,,,,,,,,,,,,,,,,,,,,,,,,,,,,,,,,,,,,,,,,,,,,,,,,,,,,,,,,,,,,,,,,,,,,,,,,,,,,,,,,
904,2025,WIMBLEDON,GC,2025-06-30,2025-07-13,Grass,WIMBLEDON,GREAT BRITAIN,128,25161500,USD,LS61448759,2025-07-02,2,Cristina Bucsa,Donna Vekic,ESP,HRV,,22.0,,6-1,6-3,O,WIMBLEDON,"The Championships, Wimbledon - Wimbledon, GBR",2025.0,Cristina Bucsa,Donna Vekic,,,,,,,,,,,,,,,,,,,,,,,,,,,,,,,,,,,,,,,,,,,,,,,,,,,,,,,,,,,,,,,,,,,,,,,,,,,,,,,,,,,,,,,,,,,,,,,,,,,,,,,,,,,,,,,,,,,,,,,,,,,,,,,,,,,,,,,,,,,,,,,,,,,,,,,,,,,,,,,,,,,,,,,,,,,,,,,,,,,,,,,
904,2025,WIMBLEDON,GC,2025-06-30,2025-07-13,Grass,WIMBLEDON,GREAT BRITAIN,128,25161500,USD,LS61448677,2025-07-02,2,Marie Bouzkova,Aryna Sabalenka,CZE,,,1.0,,7-6(4),6-4,O,WIMBLEDON,"The Championships, Wimbledon - Wimbledon, GBR",2025.0,Marie Bouzkova,Aryna Sabalenka,,,,,,,,,,,,,,,,,,,,,,,,,,,,,,,,,,,,,,,,,,,,,,,,,,,,,,,,,,,,,,,,,,,,,,,,,,,,,,,,,,,,,,,,,,,,,,,,,,,,,,,,,,,,,,,,,,,,,,,,,,,,,,,,,,,,,,,,,,,,,,,,,,,,,,,,,,,,,,,,,,,,,,,,,,,,,,,,,,,,,,,
904,2025,WIMBLEDON,GC,2025-06-30,2025-07-13,Grass,WIMBLEDON,GREAT BRITAIN,128,25161500,USD,LS61448761,2025-07-02,2,Laura Siegemund,Leylah Fernandez,DEU,CAN,,29.0,,2-6,3-6,O,WIMBLEDON,"The Championships, Wimbledon - Wimbledon, GBR",2025.0,Laura Siegemund,Leylah Fernandez,,,,,,,,,,,,,,,,,,,,,,,,,,,,,,,,,,,,,,,,,,,,,,,,,,,,,,,,,,,,,,,,,,,,,,,,,,,,,,,,,,,,,,,,,,,,,,,,,,,,,,,,,,,,,,,,,,,,,,,,,,,,,,,,,,,,,,,,,,,,,,,,,,,,,,,,,,,,,,,,,,,,,,,,,,,,,,,,,,,,,,,
904,2025,WIMBLEDON,GC,2025-06-30,2025-07-13,Grass,WIMBLEDON,GREAT BRITAIN,128,25161500,USD,LS61448755,2025-07-02,2,Madison Keys,Olga Danilovic,USA,SRB,6.0,,,4-6,2-6,O,WIMBLEDON,"The Championships, Wimbledon - Wimbledon, GBR",2025.0,Madison Keys,Olga Danilovic,,,,,,,,,,,,,,,,,,,,,,,,,,,,,,,,,,,,,,,,,,,,,,,,,,,,,,,,,,,,,,,,,,,,,,,,,,,,,,,,,,,,,,,,,,,,,,,,,,,,,,,,,,,,,,,,,,,,,,,,,,,,,,,,,,,,,,,,,,,,,,,,,,,,,,,,,,,,,,,,,,,,,,,,,,,,,,,,,,,,,,,
904,2025,WIMBLEDON,GC,2025-06-30,2025-07-13,Grass,WIMBLEDON,GREAT BRITAIN,128,25161500,USD,LS61448775,2025-07-02,2,Sonay Kartal,Viktoriya Tomova,GBR,BGR,,,,2-6,2-6,O,WIMBLEDON,"The Championships, Wimbledon - Wimbledon, GBR",2025.0,Sonay Kartal,Viktoriya Tomova,,,,,,,,,,,,,,,,,,,,,,,,,,,,,,,,,,,,,,,,,,,,,,,,,,,,,,,,,,,,,,,,,,,,,,,,,,,,,,,,,,,,,,,,,,,,,,,,,,,,,,,,,,,,,,,,,,,,,,,,,,,,,,,,,,,,,,,,,,,,,,,,,,,,,,,,,,,,,,,,,,,,,,,,,,,,,,,,,,,,,,,
904,2025,WIMBLEDON,GC,2025-06-30,2025-07-13,Grass,WIMBLEDON,GREAT BRITAIN,128,25161500,USD,LS61511554,2025-07-01,1,Coco Gauff,Dayana Yastremska,USA,UKR,2.0,,,7-6(3),6-1,O,WIMBLEDON,"The Championships, Wimbledon - Wimbledon, GBR",2025.0,Coco Gauff,Dayana Yastremska,,,,,,,,,,,,,,,,,,,,,,,,,,,,,,,,,,,,,,,,,,,,,,,,,,,,,,,,,,,,,,,,,,,,,,,,,,,,,,,,,,,,,,,,,,,,,,,,,,,,,,,,,,,,,,,,,,,,,,,,,,,,,,,,,,,,,,,,,,,,,,,,,,,,,,,,,,,,,,,,,,,,,,,,,,,,,,,,,,,,,,,
904,2025,WIMBLEDON,GC,2025-06-30,2025-07-13,Grass,WIMBLEDON,GREAT BRITAIN,128,25161500,USD,LS61511570,2025-07-01,1,Elena Rybakina,Elina Avanesyan,KAZ,ARM,11.0,,,2-6,1-6,O,WIMBLEDON,"The Championships, Wimbledon - Wimbledon, GBR",2025.0,Elena Rybakina,Elina Avanesyan,,,,,,,,,,,,,,,,,,,,,,,,,,,,,,,,,,,,,,,,,,,,,,,,,,,,,,,,,,,,,,,,,,,,,,,,,,,,,,,,,,,,,,,,,,,,,,,,,,,,,,,,,,,,,,,,,,,,,,,,,,,,,,,,,,,,,,,,,,,,,,,,,,,,,,,,,,,,,,,,,,,,,,,,,,,,,,,,,,,,,,,
904,2025,WIMBLEDON,GC,2025-06-30,2025-07-13,Grass,WIMBLEDON,GREAT BRITAIN,128,25161500,USD,LS61511590,2025-07-01,1,Belinda Bencic,Alycia Parks,CHE,USA,,,,0-6,3-6,O,WIMBLEDON,"The Championships, Wimbledon - Wimbledon, GBR",2025.0,Belinda Bencic,Alycia Parks,,,,,,,,,,,,,,,,,,,,,,,,,,,,,,,,,,,,,,,,,,,,,,,,,,,,,,,,,,,,,,,,,,,,,,,,,,,,,,,,,,,,,,,,,,,,,,,,,,,,,,,,,,,,,,,,,,,,,,,,,,,,,,,,,,,,,,,,,,,,,,,,,,,,,,,,,,,,,,,,,,,,,,,,,,,,,,,,,,,,,,,
904,2025,WIMBLEDON,GC,2025-06-30,2025-07-13,Grass,WIMBLEDON,GREAT BRITAIN,128,25161500,USD,LS61511556,2025-07-01,1,Anastasia Zakharova,Victoria Azarenka,,,,,,2-6,6-2,O,WIMBLEDON,"The Championships, Wimbledon - Wimbledon, GBR",2025.0,Anastasia Zakharova,Victoria Azarenka,,,,,,,,,,,,,,,,,,,,,,,,,,,,,,,,,,,,,,,,,,,,,,,,,,,,,,,,,,,,,,,,,,,,,,,,,,,,,,,,,,,,,,,,,,,,,,,,,,,,,,,,,,,,,,,,,,,,,,,,,,,,,,,,,,,,,,,,,,,,,,,,,,,,,,,,,,,,,,,,,,,,,,,,,,,,,,,,,,,,,,,
904,2025,WIMBLEDON,GC,2025-06-30,2025-07-13,Grass,WIMBLEDON,GREAT BRITAIN,128,25161500,USD,LS61511560,2025-07-01,1,Taylor Townsend,Sofia Kenin,USA,USA,,28.0,,7-6(5),6-2,O,WIMBLEDON,"The Championships, Wimbledon - Wimbledon, GBR",2025.0,Taylor Townsend,Sofia Kenin,,,,,,,,,,,,,,,,,,,,,,,,,,,,,,,,,,,,,,,,,,,,,,,,,,,,,,,,,,,,,,,,,,,,,,,,,,,,,,,,,,,,,,,,,,,,,,,,,,,,,,,,,,,,,,,,,,,,,,,,,,,,,,,,,,,,,,,,,,,,,,,,,,,,,,,,,,,,,,,,,,,,,,,,,,,,,,,,,,,,,,,
904,2025,WIMBLEDON,GC,2025-06-30,2025-07-13,Grass,WIMBLEDON,GREAT BRITAIN,128,25161500,USD,LS61511592,2025-07-01,1,Elsa Jacquemot,Magda Linette,FRA,POL,,27.0,,7-6(7),1-6,O,WIMBLEDON,"The Championships, Wimbledon - Wimbledon, GBR",2025.0,Elsa Jacquemot,Magda Linette,,,,,,,,,,,,,,,,,,,,,,,,,,,,,,,,,,,,,,,,,,,,,,,,,,,,,,,,,,,,,,,,,,,,,,,,,,,,,,,,,,,,,,,,,,,,,,,,,,,,,,,,,,,,,,,,,,,,,,,,,,,,,,,,,,,,,,,,,,,,,,,,,,,,,,,,,,,,,,,,,,,,,,,,,,,,,,,,,,,,,,,
904,2025,WIMBLEDON,GC,2025-06-30,2025-07-13,Grass,WIMBLEDON,GREAT BRITAIN,128,25161500,USD,LS61511604,2025-07-01,1,Veronika Kudermetova,Lin Zhu,,CHN,,,,6-3,6-2,O,WIMBLEDON,"The Championships, Wimbledon - Wimbledon, GBR",2025.0,Veronika Kudermetova,Lin Zhu,,,,,,,,,,,,,,,,,,,,,,,,,,,,,,,,,,,,,,,,,,,,,,,,,,,,,,,,,,,,,,,,,,,,,,,,,,,,,,,,,,,,,,,,,,,,,,,,,,,,,,,,,,,,,,,,,,,,,,,,,,,,,,,,,,,,,,,,,,,,,,,,,,,,,,,,,,,,,,,,,,,,,,,,,,,,,,,,,,,,,,,
904,2025,WIMBLEDON,GC,2025-06-30,2025-07-13,Grass,WIMBLEDON,GREAT BRITAIN,128,25161500,USD,LS61511558,2025-07-01,1,Jessica Bouzas Maneiro,Ella Seidel,ESP,DEU,,,,6-3,3-2,O,WIMBLEDON,"The Championships, Wimbledon - Wimbledon, GBR",2025.0,Jessica Bouzas Maneiro,Ella Seidel,,,,,,,,,,,,,,,,,,,,,,,,,,,,,,,,,,,,,,,,,,,,,,,,,,,,,,,,,,,,,,,,,,,,,,,,,,,,,,,,,,,,,,,,,,,,,,,,,,,,,,,,,,,,,,,,,,,,,,,,,,,,,,,,,,,,,,,,,,,,,,,,,,,,,,,,,,,,,,,,,,,,,,,,,,,,,,,,,,,,,,,
904,2025,WIMBLEDON,GC,2025-06-30,2025-07-13,Grass,WIMBLEDON,GREAT BRITAIN,128,25161500,USD,LS61511602,2025-07-01,1,Emma Navarro,Petra Kvitova,USA,CZE,10.0,,,3-6,1-6,O,WIMBLEDON,"The Championships, Wimbledon - Wimbledon, GBR",2025.0,Emma Navarro,Petra Kvitova,,,,,,,,,,,,,,,,,,,,,,,,,,,,,,,,,,,,,,,,,,,,,,,,,,,,,,,,,,,,,,,,,,,,,,,,,,,,,,,,,,,,,,,,,,,,,,,,,,,,,,,,,,,,,,,,,,,,,,,,,,,,,,,,,,,,,,,,,,,,,,,,,,,,,,,,,,,,,,,,,,,,,,,,,,,,,,,,,,,,,,,
904,2025,WIMBLEDON,GC,2025-06-30,2025-07-13,Grass,WIMBLEDON,GREAT BRITAIN,128,25161500,USD,LS61511606,2025-07-01,1,Caroline Dolehide,Arantxa Rus,USA,NLD,,,,6-2,6-2,O,WIMBLEDON,"The Championships, Wimbledon - Wimbledon, GBR",2025.0,Caroline Dolehide,Arantxa Rus,,,,,,,,,,,,,,,,,,,,,,,,,,,,,,,,,,,,,,,,,,,,,,,,,,,,,,,,,,,,,,,,,,,,,,,,,,,,,,,,,,,,,,,,,,,,,,,,,,,,,,,,,,,,,,,,,,,,,,,,,,,,,,,,,,,,,,,,,,,,,,,,,,,,,,,,,,,,,,,,,,,,,,,,,,,,,,,,,,,,,,,
904,2025,WIMBLEDON,GC,2025-06-30,2025-07-13,Grass,WIMBLEDON,GREAT BRITAIN,128,25161500,USD,LS61617984,2025-07-01,1,Victoria Mboko,Magdalena Frech,CAN,POL,,25.0,,6-3,6-2,O,WIMBLEDON,"The Championships, Wimbledon - Wimbledon, GBR",2025.0,Victoria Mboko,Magdalena Frech,,,,,,,,,,,,,,,,,,,,,,,,,,,,,,,,,,,,,,,,,,,,,,,,,,,,,,,,,,,,,,,,,,,,,,,,,,,,,,,,,,,,,,,,,,,,,,,,,,,,,,,,,,,,,,,,,,,,,,,,,,,,,,,,,,,,,,,,,,,,,,,,,,,,,,,,,,,,,,,,,,,,,,,,,,,,,,,,,,,,,,,
904,2025,WIMBLEDON,GC,2025-06-30,2025-07-13,Grass,WIMBLEDON,GREAT BRITAIN,128,25161500,USD,LS61511616,2025-07-01,1,Mirra Andreeva,Maiar Sherif Ahmed Abdelaziz,,EGY,7.0,,,6-3,6-3,O,WIMBLEDON,"The Championships, Wimbledon - Wimbledon, GBR",2025.0,Mirra Andreeva,Maiar Sherif Ahmed Abdelaziz,,,,,,,,,,,,,,,,,,,,,,,,,,,,,,,,,,,,,,,,,,,,,,,,,,,,,,,,,,,,,,,,,,,,,,,,,,,,,,,,,,,,,,,,,,,,,,,,,,,,,,,,,,,,,,,,,,,,,,,,,,,,,,,,,,,,,,,,,,,,,,,,,,,,,,,,,,,,,,,,,,,,,,,,,,,,,,,,,,,,,,,
904,2025,WIMBLEDON,GC,2025-06-30,2025-07-13,Grass,WIMBLEDON,GREAT BRITAIN,128,25161500,USD,LS61511580,2025-07-01,1,Danielle Collins,Camila Osorio,USA,COL,,,,3-6,2-6,O,WIMBLEDON,"The Championships, Wimbledon - Wimbledon, GBR",2025.0,Danielle Collins,Camila Osorio,,,,,,,,,,,,,,,,,,,,,,,,,,,,,,,,,,,,,,,,,,,,,,,,,,,,,,,,,,,,,,,,,,,,,,,,,,,,,,,,,,,,,,,,,,,,,,,,,,,,,,,,,,,,,,,,,,,,,,,,,,,,,,,,,,,,,,,,,,,,,,,,,,,,,,,,,,,,,,,,,,,,,,,,,,,,,,,,,,,,,,,
904,2025,WIMBLEDON,GC,2025-06-30,2025-07-13,Grass,WIMBLEDON,GREAT BRITAIN,128,25161500,USD,LS61511564,2025-07-01,1,Yuliia Starodubtseva,Francesca Jones,UKR,GBR,,,,1-6,6-3,O,WIMBLEDON,"The Championships, Wimbledon - Wimbledon, GBR",2025.0,Yuliia Starodubtseva,Francesca Jones,,,,,,,,,,,,,,,,,,,,,,,,,,,,,,,,,,,,,,,,,,,,,,,,,,,,,,,,,,,,,,,,,,,,,,,,,,,,,,,,,,,,,,,,,,,,,,,,,,,,,,,,,,,,,,,,,,,,,,,,,,,,,,,,,,,,,,,,,,,,,,,,,,,,,,,,,,,,,,,,,,,,,,,,,,,,,,,,,,,,,,,
904,2025,WIMBLEDON,GC,2025-06-30,2025-07-13,Grass,WIMBLEDON,GREAT BRITAIN,128,25161500,USD,LS61511612,2025-07-01,1,Hailey Baptiste,Sorana Cirstea,USA,ROU,,,,6-7(0),6-1,O,WIMBLEDON,"The Championships, Wimbledon - Wimbledon, GBR",2025.0,Hailey Baptiste,Sorana Cirstea,,,,,,,,,,,,,,,,,,,,,,,,,,,,,,,,,,,,,,,,,,,,,,,,,,,,,,,,,,,,,,,,,,,,,,,,,,,,,,,,,,,,,,,,,,,,,,,,,,,,,,,,,,,,,,,,,,,,,,,,,,,,,,,,,,,,,,,,,,,,,,,,,,,,,,,,,,,,,,,,,,,,,,,,,,,,,,,,,,,,,,,
904,2025,WIMBLEDON,GC,2025-06-30,2025-07-13,Grass,WIMBLEDON,GREAT BRITAIN,128,25161500,USD,LS61511584,2025-07-01,1,Iga Swiatek,Polina Kudermetova,POL,UZB,8.0,,,7-5,6-1,O,WIMBLEDON,"The Championships, Wimbledon - Wimbledon, GBR",2025.0,Iga Swiatek,Polina Kudermetova,,,,,,,,,,,,,,,,,,,,,,,,,,,,,,,,,,,,,,,,,,,,,,,,,,,,,,,,,,,,,,,,,,,,,,,,,,,,,,,,,,,,,,,,,,,,,,,,,,,,,,,,,,,,,,,,,,,,,,,,,,,,,,,,,,,,,,,,,,,,,,,,,,,,,,,,,,,,,,,,,,,,,,,,,,,,,,,,,,,,,,,
904,2025,WIMBLEDON,GC,2025-06-30,2025-07-13,Grass,WIMBLEDON,GREAT BRITAIN,128,25161500,USD,LS61511572,2025-07-01,1,Maria Sakkari,Anna Blinkova,GRC,,,,,6-4,6-4,O,WIMBLEDON,"The Championships, Wimbledon - Wimbledon, GBR",2025.0,Maria Sakkari,Anna Blinkova,,,,,,,,,,,,,,,,,,,,,,,,,,,,,,,,,,,,,,,,,,,,,,,,,,,,,,,,,,,,,,,,,,,,,,,,,,,,,,,,,,,,,,,,,,,,,,,,,,,,,,,,,,,,,,,,,,,,,,,,,,,,,,,,,,,,,,,,,,,,,,,,,,,,,,,,,,,,,,,,,,,,,,,,,,,,,,,,,,,,,,,
904,2025,WIMBLEDON,GC,2025-06-30,2025-07-13,Grass,WIMBLEDON,GREAT BRITAIN,128,25161500,USD,LS61511582,2025-07-01,1,Caty McNally,Jodie Burrage,USA,GBR,,,,6-3,6-1,O,WIMBLEDON,"The Championships, Wimbledon - Wimbledon, GBR",2025.0,Caty McNally,Jodie Burrage,,,,,,,,,,,,,,,,,,,,,,,,,,,,,,,,,,,,,,,,,,,,,,,,,,,,,,,,,,,,,,,,,,,,,,,,,,,,,,,,,,,,,,,,,,,,,,,,,,,,,,,,,,,,,,,,,,,,,,,,,,,,,,,,,,,,,,,,,,,,,,,,,,,,,,,,,,,,,,,,,,,,,,,,,,,,,,,,,,,,,,,
904,2025,WIMBLEDON,GC,2025-06-30,2025-07-13,Grass,WIMBLEDON,GREAT BRITAIN,128,25161500,USD,LS61511614,2025-07-01,1,Lucia Bronzetti,Jil Teichmann,ITA,CHE,,,,4-6,5-7,O,WIMBLEDON,"The Championships, Wimbledon - Wimbledon, GBR",2025.0,Lucia Bronzetti,Jil Teichmann,,,,,,,,,,,,,,,,,,,,,,,,,,,,,,,,,,,,,,,,,,,,,,,,,,,,,,,,,,,,,,,,,,,,,,,,,,,,,,,,,,,,,,,,,,,,,,,,,,,,,,,,,,,,,,,,,,,,,,,,,,,,,,,,,,,,,,,,,,,,,,,,,,,,,,,,,,,,,,,,,,,,,,,,,,,,,,,,,,,,,,,
904,2025,WIMBLEDON,GC,2025-06-30,2025-07-13,Grass,WIMBLEDON,GREAT BRITAIN,128,25161500,USD,LS61511600,2025-07-01,1,Xinyu Wang,Karolina Muchova,CHN,CZE,,15.0,,5-7,2-6,O,WIMBLEDON,"The Championships, Wimbledon - Wimbledon, GBR",2025.0,Xinyu Wang,Karolina Muchova,,,,,,,,,,,,,,,,,,,,,,,,,,,,,,,,,,,,,,,,,,,,,,,,,,,,,,,,,,,,,,,,,,,,,,,,,,,,,,,,,,,,,,,,,,,,,,,,,,,,,,,,,,,,,,,,,,,,,,,,,,,,,,,,,,,,,,,,,,,,,,,,,,,,,,,,,,,,,,,,,,,,,,,,,,,,,,,,,,,,,,,
904,2025,WIMBLEDON,GC,2025-06-30,2025-07-13,Grass,WIMBLEDON,GREAT BRITAIN,128,25161500,USD,LS61511562,2025-07-01,1,Liudmila Samsonova,Maya Joint,,AUS,19.0,,,3-6,2-6,O,WIMBLEDON,"The Championships, Wimbledon - Wimbledon, GBR",2025.0,Liudmila Samsonova,Maya Joint,,,,,,,,,,,,,,,,,,,,,,,,,,,,,,,,,,,,,,,,,,,,,,,,,,,,,,,,,,,,,,,,,,,,,,,,,,,,,,,,,,,,,,,,,,,,,,,,,,,,,,,,,,,,,,,,,,,,,,,,,,,,,,,,,,,,,,,,,,,,,,,,,,,,,,,,,,,,,,,,,,,,,,,,,,,,,,,,,,,,,,,
904,2025,WIMBLEDON,GC,2025-06-30,2025-07-13,Grass,WIMBLEDON,GREAT BRITAIN,128,25161500,USD,LS61511608,2025-07-01,1,Barbora Krejcikova,Alexandra Eala,CZE,PHL,17.0,,,3-6,6-2,O,WIMBLEDON,"The Championships, Wimbledon - Wimbledon, GBR",2025.0,Barbora Krejcikova,Alexandra Eala,,,,,,,,,,,,,,,,,,,,,,,,,,,,,,,,,,,,,,,,,,,,,,,,,,,,,,,,,,,,,,,,,,,,,,,,,,,,,,,,,,,,,,,,,,,,,,,,,,,,,,,,,,,,,,,,,,,,,,,,,,,,,,,,,,,,,,,,,,,,,,,,,,,,,,,,,,,,,,,,,,,,,,,,,,,,,,,,,,,,,,,
904,2025,WIMBLEDON,GC,2025-06-30,2025-07-13,Grass,WIMBLEDON,GREAT BRITAIN,128,25161500,USD,LS61511598,2025-07-01,1,Jaqueline Cristian,Zeynep Sonmez,ROU,TUR,,,,7-6(3),6-3,O,WIMBLEDON,"The Championships, Wimbledon - Wimbledon, GBR",2025.0,Jaqueline Cristian,Zeynep Sonmez,,,,,,,,,,,,,,,,,,,,,,,,,,,,,,,,,,,,,,,,,,,,,,,,,,,,,,,,,,,,,,,,,,,,,,,,,,,,,,,,,,,,,,,,,,,,,,,,,,,,,,,,,,,,,,,,,,,,,,,,,,,,,,,,,,,,,,,,,,,,,,,,,,,,,,,,,,,,,,,,,,,,,,,,,,,,,,,,,,,,,,,
904,2025,WIMBLEDON,GC,2025-06-30,2025-07-13,Grass,WIMBLEDON,GREAT BRITAIN,128,25161500,USD,LS61511574,2025-07-01,1,Nina Stojanovic,Anna Kalinskaya,SRB,,,,,6-3,7-6(4),O,WIMBLEDON,"The Championships, Wimbledon - Wimbledon, GBR",2025.0,Nina Stojanovic,Anna Kalinskaya,,,,,,,,,,,,,,,,,,,,,,,,,,,,,,,,,,,,,,,,,,,,,,,,,,,,,,,,,,,,,,,,,,,,,,,,,,,,,,,,,,,,,,,,,,,,,,,,,,,,,,,,,,,,,,,,,,,,,,,,,,,,,,,,,,,,,,,,,,,,,,,,,,,,,,,,,,,,,,,,,,,,,,,,,,,,,,,,,,,,,,,
904,2025,WIMBLEDON,GC,2025-06-30,2025-07-13,Grass,WIMBLEDON,GREAT BRITAIN,128,25161500,USD,LS61511618,2025-07-01,1,Katerina Siniakova,Qinwen Zheng,CZE,CHN,,5.0,,7-5,4-6,O,WIMBLEDON,"The Championships, Wimbledon - Wimbledon, GBR",2025.0,Katerina Siniakova,Qinwen Zheng,,,,,,,,,,,,,,,,,,,,,,,,,,,,,,,,,,,,,,,,,,,,,,,,,,,,,,,,,,,,,,,,,,,,,,,,,,,,,,,,,,,,,,,,,,,,,,,,,,,,,,,,,,,,,,,,,,,,,,,,,,,,,,,,,,,,,,,,,,,,,,,,,,,,,,,,,,,,,,,,,,,,,,,,,,,,,,,,,,,,,,,
904,2025,WIMBLEDON,GC,2025-06-30,2025-07-13,Grass,WIMBLEDON,GREAT BRITAIN,128,25161500,USD,LS61511566,2025-07-01,1,Kaja Juvan,Irina-Camelia Begu,SVN,ROU,,,,7-6(6),1-6,O,WIMBLEDON,"The Championships, Wimbledon - Wimbledon, GBR",2025.0,Kaja Juvan,Irina-Camelia Begu,,,,,,,,,,,,,,,,,,,,,,,,,,,,,,,,,,,,,,,,,,,,,,,,,,,,,,,,,,,,,,,,,,,,,,,,,,,,,,,,,,,,,,,,,,,,,,,,,,,,,,,,,,,,,,,,,,,,,,,,,,,,,,,,,,,,,,,,,,,,,,,,,,,,,,,,,,,,,,,,,,,,,,,,,,,,,,,,,,,,,,,
904,2025,WIMBLEDON,GC,2025-06-30,2025-07-13,Grass,WIMBLEDON,GREAT BRITAIN,128,25161500,USD,LS61511568,2025-07-01,1,Daria Kasatkina,Emiliana Arango,AUS,COL,16.0,,,7-5,6-3,O,WIMBLEDON,"The Championships, Wimbledon - Wimbledon, GBR",2025.0,Daria Kasatkina,Emiliana Arango,,,,,,,,,,,,,,,,,,,,,,,,,,,,,,,,,,,,,,,,,,,,,,,,,,,,,,,,,,,,,,,,,,,,,,,,,,,,,,,,,,,,,,,,,,,,,,,,,,,,,,,,,,,,,,,,,,,,,,,,,,,,,,,,,,,,,,,,,,,,,,,,,,,,,,,,,,,,,,,,,,,,,,,,,,,,,,,,,,,,,,,
904,2025,WIMBLEDON,GC,2025-06-30,2025-07-13,Grass,WIMBLEDON,GREAT BRITAIN,128,25161500,USD,LS61511576,2025-07-01,1,Clara Tauson,Heather Watson,DNK,GBR,23.0,,,2-6,6-4,O,WIMBLEDON,"The Championships, Wimbledon - Wimbledon, GBR",2025.0,Clara Tauson,Heather Watson,,,,,,,,,,,,,,,,,,,,,,,,,,,,,,,,,,,,,,,,,,,,,,,,,,,,,,,,,,,,,,,,,,,,,,,,,,,,,,,,,,,,,,,,,,,,,,,,,,,,,,,,,,,,,,,,,,,,,,,,,,,,,,,,,,,,,,,,,,,,,,,,,,,,,,,,,,,,,,,,,,,,,,,,,,,,,,,,,,,,,,,
904,2025,WIMBLEDON,GC,2025-06-30,2025-07-13,Grass,WIMBLEDON,GREAT BRITAIN,128,25161500,USD,LS61511578,2025-07-01,1,Veronika Erjavec,Marta Kostyuk,SVN,UKR,,26.0,,3-6,6-3,O,WIMBLEDON,"The Championships, Wimbledon - Wimbledon, GBR",2025.0,Veronika Erjavec,Marta Kostyuk,,,,,,,,,,,,,,,,,,,,,,,,,,,,,,,,,,,,,,,,,,,,,,,,,,,,,,,,,,,,,,,,,,,,,,,,,,,,,,,,,,,,,,,,,,,,,,,,,,,,,,,,,,,,,,,,,,,,,,,,,,,,,,,,,,,,,,,,,,,,,,,,,,,,,,,,,,,,,,,,,,,,,,,,,,,,,,,,,,,,,,,
904,2025,WIMBLEDON,GC,2025-06-30,2025-07-13,Grass,WIMBLEDON,GREAT BRITAIN,128,25161500,USD,LS61511586,2025-07-01,1,Elisabetta Cocciaretto,Jessica Pegula,ITA,USA,,3.0,,6-2,6-3,O,WIMBLEDON,"The Championships, Wimbledon - Wimbledon, GBR",2025.0,Elisabetta Cocciaretto,Jessica Pegula,,,,,,,,,,,,,,,,,,,,,,,,,,,,,,,,,,,,,,,,,,,,,,,,,,,,,,,,,,,,,,,,,,,,,,,,,,,,,,,,,,,,,,,,,,,,,,,,,,,,,,,,,,,,,,,,,,,,,,,,,,,,,,,,,,,,,,,,,,,,,,,,,,,,,,,,,,,,,,,,,,,,,,,,,,,,,,,,,,,,,,,
904,2025,WIMBLEDON,GC,2025-06-30,2025-07-13,Grass,WIMBLEDON,GREAT BRITAIN,128,25161500,USD,LS61511588,2025-07-01,1,Tatjana Maria,Katie Volynets,DEU,USA,,,,3-6,7-6(4),O,WIMBLEDON,"The Championships, Wimbledon - Wimbledon, GBR",2025.0,Tatjana Maria,Katie Volynets,,,,,,,,,,,,,,,,,,,,,,,,,,,,,,,,,,,,,,,,,,,,,,,,,,,,,,,,,,,,,,,,,,,,,,,,,,,,,,,,,,,,,,,,,,,,,,,,,,,,,,,,,,,,,,,,,,,,,,,,,,,,,,,,,,,,,,,,,,,,,,,,,,,,,,,,,,,,,,,,,,,,,,,,,,,,,,,,,,,,,,,
904,2025,WIMBLEDON,GC,2025-06-30,2025-07-13,Grass,WIMBLEDON,GREAT BRITAIN,128,25161500,USD,LS61511594,2025-07-01,1,Ekaterina Alexandrova,Priscilla Hon,,AUS,18.0,,,2-6,5-7,O,WIMBLEDON,"The Championships, Wimbledon - Wimbledon, GBR",2025.0,Ekaterina Alexandrova,Priscilla Hon,,,,,,,,,,,,,,,,,,,,,,,,,,,,,,,,,,,,,,,,,,,,,,,,,,,,,,,,,,,,,,,,,,,,,,,,,,,,,,,,,,,,,,,,,,,,,,,,,,,,,,,,,,,,,,,,,,,,,,,,,,,,,,,,,,,,,,,,,,,,,,,,,,,,,,,,,,,,,,,,,,,,,,,,,,,,,,,,,,,,,,,
904,2025,WIMBLEDON,GC,2025-06-30,2025-07-13,Grass,WIMBLEDON,GREAT BRITAIN,128,25161500,USD,LS61511596,2025-07-01,1,Suzan Lamens,Iva Jovic,NLD,USA,,,,6-1,6-1,O,WIMBLEDON,"The Championships, Wimbledon - Wimbledon, GBR",2025.0,Suzan Lamens,Iva Jovic,,,,,,,,,,,,,,,,,,,,,,,,,,,,,,,,,,,,,,,,,,,,,,,,,,,,,,,,,,,,,,,,,,,,,,,,,,,,,,,,,,,,,,,,,,,,,,,,,,,,,,,,,,,,,,,,,,,,,,,,,,,,,,,,,,,,,,,,,,,,,,,,,,,,,,,,,,,,,,,,,,,,,,,,,,,,,,,,,,,,,,,
904,2025,WIMBLEDON,GC,2025-06-30,2025-07-13,Grass,WIMBLEDON,GREAT BRITAIN,128,25161500,USD,LS61511624,2025-06-30,1,Ashlyn Krueger,Mika Stojsavljevic,USA,GBR,31.0,,,6-3,6-2,O,WIMBLEDON,"The Championships, Wimbledon - Wimbledon, GBR",2025.0,Ashlyn Krueger,Mika Stojsavljevic,,,,,,,,,,,,,,,,,,,,,,,,,,,,,,,,,,,,,,,,,,,,,,,,,,,,,,,,,,,,,,,,,,,,,,,,,,,,,,,,,,,,,,,,,,,,,,,,,,,,,,,,,,,,,,,,,,,,,,,,,,,,,,,,,,,,,,,,,,,,,,,,,,,,,,,,,,,,,,,,,,,,,,,,,,,,,,,,,,,,,,,
904,2025,WIMBLEDON,GC,2025-06-30,2025-07-13,Grass,WIMBLEDON,GREAT BRITAIN,128,25161500,USD,LS61511672,2025-06-30,1,Elise Mertens,Linda Fruhvirtova,BEL,CZE,24.0,,,6-4,6-2,O,WIMBLEDON,"The Championships, Wimbledon - Wimbledon, GBR",2025.0,Elise Mertens,Linda Fruhvirtova,,,,,,,,,,,,,,,,,,,,,,,,,,,,,,,,,,,,,,,,,,,,,,,,,,,,,,,,,,,,,,,,,,,,,,,,,,,,,,,,,,,,,,,,,,,,,,,,,,,,,,,,,,,,,,,,,,,,,,,,,,,,,,,,,,,,,,,,,,,,,,,,,,,,,,,,,,,,,,,,,,,,,,,,,,,,,,,,,,,,,,,
904,2025,WIMBLEDON,GC,2025-06-30,2025-07-13,Grass,WIMBLEDON,GREAT BRITAIN,128,25161500,USD,LS61511664,2025-06-30,1,Katie Boulter,Paula Badosa,GBR,ESP,,9.0,,2-6,6-3,O,WIMBLEDON,"The Championships, Wimbledon - Wimbledon, GBR",2025.0,Katie Boulter,Paula Badosa,,,,,,,,,,,,,,,,,,,,,,,,,,,,,,,,,,,,,,,,,,,,,,,,,,,,,,,,,,,,,,,,,,,,,,,,,,,,,,,,,,,,,,,,,,,,,,,,,,,,,,,,,,,,,,,,,,,,,,,,,,,,,,,,,,,,,,,,,,,,,,,,,,,,,,,,,,,,,,,,,,,,,,,,,,,,,,,,,,,,,,,
904,2025,WIMBLEDON,GC,2025-06-30,2025-07-13,Grass,WIMBLEDON,GREAT BRITAIN,128,25161500,USD,LS61511622,2025-06-30,1,Anastasia Pavlyuchenkova,Ajla Tomljanovic,,AUS,,,,4-6,6-3,O,WIMBLEDON,"The Championships, Wimbledon - Wimbledon, GBR",2025.0,Anastasia Pavlyuchenkova,Ajla Tomljanovic,,,,,,,,,,,,,,,,,,,,,,,,,,,,,,,,,,,,,,,,,,,,,,,,,,,,,,,,,,,,,,,,,,,,,,,,,,,,,,,,,,,,,,,,,,,,,,,,,,,,,,,,,,,,,,,,,,,,,,,,,,,,,,,,,,,,,,,,,,,,,,,,,,,,,,,,,,,,,,,,,,,,,,,,,,,,,,,,,,,,,,,
904,2025,WIMBLEDON,GC,2025-06-30,2025-07-13,Grass,WIMBLEDON,GREAT BRITAIN,128,25161500,USD,LS61511620,2025-06-30,1,Talia Gibson,Naomi Osaka,AUS,JPN,,,,6-4,7-6(4),O,WIMBLEDON,"The Championships, Wimbledon - Wimbledon, GBR",2025.0,Talia Gibson,Naomi Osaka,,,,,,,,,,,,,,,,,,,,,,,,,,,,,,,,,,,,,,,,,,,,,,,,,,,,,,,,,,,,,,,,,,,,,,,,,,,,,,,,,,,,,,,,,,,,,,,,,,,,,,,,,,,,,,,,,,,,,,,,,,,,,,,,,,,,,,,,,,,,,,,,,,,,,,,,,,,,,,,,,,,,,,,,,,,,,,,,,,,,,,,
904,2025,WIMBLEDON,GC,2025-06-30,2025-07-13,Grass,WIMBLEDON,GREAT BRITAIN,128,25161500,USD,LS61511634,2025-06-30,1,Amanda Anisimova,Yulia Putintseva,USA,KAZ,13.0,,,0-6,0-6,O,WIMBLEDON,"The Championships, Wimbledon - Wimbledon, GBR",2025.0,Amanda Anisimova,Yulia Putintseva,,,,,,,,,,,,,,,,,,,,,,,,,,,,,,,,,,,,,,,,,,,,,,,,,,,,,,,,,,,,,,,,,,,,,,,,,,,,,,,,,,,,,,,,,,,,,,,,,,,,,,,,,,,,,,,,,,,,,,,,,,,,,,,,,,,,,,,,,,,,,,,,,,,,,,,,,,,,,,,,,,,,,,,,,,,,,,,,,,,,,,,
904,2025,WIMBLEDON,GC,2025-06-30,2025-07-13,Grass,WIMBLEDON,GREAT BRITAIN,128,25161500,USD,LS61511648,2025-06-30,1,Jasmine Paolini,Anastasija Sevastova,ITA,LVA,4.0,,,2-6,6-3,O,WIMBLEDON,"The Championships, Wimbledon - Wimbledon, GBR",2025.0,Jasmine Paolini,Anastasija Sevastova,,,,,,,,,,,,,,,,,,,,,,,,,,,,,,,,,,,,,,,,,,,,,,,,,,,,,,,,,,,,,,,,,,,,,,,,,,,,,,,,,,,,,,,,,,,,,,,,,,,,,,,,,,,,,,,,,,,,,,,,,,,,,,,,,,,,,,,,,,,,,,,,,,,,,,,,,,,,,,,,,,,,,,,,,,,,,,,,,,,,,,,
904,2025,WIMBLEDON,GC,2025-06-30,2025-07-13,Grass,WIMBLEDON,GREAT BRITAIN,128,25161500,USD,LS61511678,2025-06-30,1,Marie Bouzkova,Lulu Sun,CZE,NZL,,,,4-6,4-6,O,WIMBLEDON,"The Championships, Wimbledon - Wimbledon, GBR",2025.0,Marie Bouzkova,Lulu Sun,,,,,,,,,,,,,,,,,,,,,,,,,,,,,,,,,,,,,,,,,,,,,,,,,,,,,,,,,,,,,,,,,,,,,,,,,,,,,,,,,,,,,,,,,,,,,,,,,,,,,,,,,,,,,,,,,,,,,,,,,,,,,,,,,,,,,,,,,,,,,,,,,,,,,,,,,,,,,,,,,,,,,,,,,,,,,,,,,,,,,,,
904,2025,WIMBLEDON,GC,2025-06-30,2025-07-13,Grass,WIMBLEDON,GREAT BRITAIN,128,25161500,USD,LS61511676,2025-06-30,1,Emma Raducanu,Mingge Xu,GBR,GBR,,,,6-3,6-3,O,WIMBLEDON,"The Championships, Wimbledon - Wimbledon, GBR",2025.0,Emma Raducanu,Mingge Xu,,,,,,,,,,,,,,,,,,,,,,,,,,,,,,,,,,,,,,,,,,,,,,,,,,,,,,,,,,,,,,,,,,,,,,,,,,,,,,,,,,,,,,,,,,,,,,,,,,,,,,,,,,,,,,,,,,,,,,,,,,,,,,,,,,,,,,,,,,,,,,,,,,,,,,,,,,,,,,,,,,,,,,,,,,,,,,,,,,,,,,,
904,2025,WIMBLEDON,GC,2025-06-30,2025-07-13,Grass,WIMBLEDON,GREAT BRITAIN,128,25161500,USD,LS61511646,2025-06-30,1,Kamilla Rakhimova,Aoi Ito,UZB,JPN,,,,5-7,6-3,O,WIMBLEDON,"The Championships, Wimbledon - Wimbledon, GBR",2025.0,Kamilla Rakhimova,Aoi Ito,,,,,,,,,,,,,,,,,,,,,,,,,,,,,,,,,,,,,,,,,,,,,,,,,,,,,,,,,,,,,,,,,,,,,,,,,,,,,,,,,,,,,,,,,,,,,,,,,,,,,,,,,,,,,,,,,,,,,,,,,,,,,,,,,,,,,,,,,,,,,,,,,,,,,,,,,,,,,,,,,,,,,,,,,,,,,,,,,,,,,,,
904,2025,WIMBLEDON,GC,2025-06-30,2025-07-13,Grass,WIMBLEDON,GREAT BRITAIN,128,25161500,USD,LS61511670,2025-06-30,1,Ann Li,Viktorija Golubic,USA,CHE,,,,6-3,4-6,O,WIMBLEDON,"The Championships, Wimbledon - Wimbledon, GBR",2025.0,Ann Li,Viktorija Golubic,,,,,,,,,,,,,,,,,,,,,,,,,,,,,,,,,,,,,,,,,,,,,,,,,,,,,,,,,,,,,,,,,,,,,,,,,,,,,,,,,,,,,,,,,,,,,,,,,,,,,,,,,,,,,,,,,,,,,,,,,,,,,,,,,,,,,,,,,,,,,,,,,,,,,,,,,,,,,,,,,,,,,,,,,,,,,,,,,,,,,,,
904,2025,WIMBLEDON,GC,2025-06-30,2025-07-13,Grass,WIMBLEDON,GREAT BRITAIN,128,25161500,USD,LS61511674,2025-06-30,1,McCartney Kessler,Marketa Vondrousova,USA,CZE,32.0,,,6-1,7-6(3),O,WIMBLEDON,"The Championships, Wimbledon - Wimbledon, GBR",2025.0,McCartney Kessler,Marketa Vondrousova,,,,,,,,,,,,,,,,,,,,,,,,,,,,,,,,,,,,,,,,,,,,,,,,,,,,,,,,,,,,,,,,,,,,,,,,,,,,,,,,,,,,,,,,,,,,,,,,,,,,,,,,,,,,,,,,,,,,,,,,,,,,,,,,,,,,,,,,,,,,,,,,,,,,,,,,,,,,,,,,,,,,,,,,,,,,,,,,,,,,,,,
904,2025,WIMBLEDON,GC,2025-06-30,2025-07-13,Grass,WIMBLEDON,GREAT BRITAIN,128,25161500,USD,LS61511636,2025-06-30,1,Renata Zarazua,Yanina Wickmayer,MEX,BEL,,,,0-6,3-6,O,WIMBLEDON,"The Championships, Wimbledon - Wimbledon, GBR",2025.0,Renata Zarazua,Yanina Wickmayer,,,,,,,,,,,,,,,,,,,,,,,,,,,,,,,,,,,,,,,,,,,,,,,,,,,,,,,,,,,,,,,,,,,,,,,,,,,,,,,,,,,,,,,,,,,,,,,,,,,,,,,,,,,,,,,,,,,,,,,,,,,,,,,,,,,,,,,,,,,,,,,,,,,,,,,,,,,,,,,,,,,,,,,,,,,,,,,,,,,,,,,
904,2025,WIMBLEDON,GC,2025-06-30,2025-07-13,Grass,WIMBLEDON,GREAT BRITAIN,128,25161500,USD,LS61511638,2025-06-30,1,Dalma Galfi,Harriet Dart,HUN,GBR,,,,6-3,3-6,O,WIMBLEDON,"The Championships, Wimbledon - Wimbledon, GBR",2025.0,Dalma Galfi,Harriet Dart,,,,,,,,,,,,,,,,,,,,,,,,,,,,,,,,,,,,,,,,,,,,,,,,,,,,,,,,,,,,,,,,,,,,,,,,,,,,,,,,,,,,,,,,,,,,,,,,,,,,,,,,,,,,,,,,,,,,,,,,,,,,,,,,,,,,,,,,,,,,,,,,,,,,,,,,,,,,,,,,,,,,,,,,,,,,,,,,,,,,,,,
904,2025,WIMBLEDON,GC,2025-06-30,2025-07-13,Grass,WIMBLEDON,GREAT BRITAIN,128,25161500,USD,LS61511656,2025-06-30,1,Leylah Fernandez,Hannah Klugman,CAN,GBR,29.0,,,6-1,6-3,O,WIMBLEDON,"The Championships, Wimbledon - Wimbledon, GBR",2025.0,Leylah Fernandez,Hannah Klugman,,,,,,,,,,,,,,,,,,,,,,,,,,,,,,,,,,,,,,,,,,,,,,,,,,,,,,,,,,,,,,,,,,,,,,,,,,,,,,,,,,,,,,,,,,,,,,,,,,,,,,,,,,,,,,,,,,,,,,,,,,,,,,,,,,,,,,,,,,,,,,,,,,,,,,,,,,,,,,,,,,,,,,,,,,,,,,,,,,,,,,,
904,2025,WIMBLEDON,GC,2025-06-30,2025-07-13,Grass,WIMBLEDON,GREAT BRITAIN,128,25161500,USD,LS61511652,2025-06-30,1,Olga Danilovic,Shuai Zhang,SRB,CHN,,,,6-2,6-4,O,WIMBLEDON,"The Championships, Wimbledon - Wimbledon, GBR",2025.0,Olga Danilovic,Shuai Zhang,,,,,,,,,,,,,,,,,,,,,,,,,,,,,,,,,,,,,,,,,,,,,,,,,,,,,,,,,,,,,,,,,,,,,,,,,,,,,,,,,,,,,,,,,,,,,,,,,,,,,,,,,,,,,,,,,,,,,,,,,,,,,,,,,,,,,,,,,,,,,,,,,,,,,,,,,,,,,,,,,,,,,,,,,,,,,,,,,,,,,,,
904,2025,WIMBLEDON,GC,2025-06-30,2025-07-13,Grass,WIMBLEDON,GREAT BRITAIN,128,25161500,USD,LS61511650,2025-06-30,1,Madison Keys,Elena-Gabriela Ruse,USA,ROU,6.0,,,7-6(4),5-7,O,WIMBLEDON,"The Championships, Wimbledon - Wimbledon, GBR",2025.0,Madison Keys,Elena-Gabriela Ruse,,,,,,,,,,,,,,,,,,,,,,,,,,,,,,,,,,,,,,,,,,,,,,,,,,,,,,,,,,,,,,,,,,,,,,,,,,,,,,,,,,,,,,,,,,,,,,,,,,,,,,,,,,,,,,,,,,,,,,,,,,,,,,,,,,,,,,,,,,,,,,,,,,,,,,,,,,,,,,,,,,,,,,,,,,,,,,,,,,,,,,,
904,2025,WIMBLEDON,GC,2025-06-30,2025-07-13,Grass,WIMBLEDON,GREAT BRITAIN,128,25161500,USD,LS61511632,2025-06-30,1,Moyuka Uchijima,Diana Shnaider,JPN,,,12.0,,7-6(5),6-3,O,WIMBLEDON,"The Championships, Wimbledon - Wimbledon, GBR",2025.0,Moyuka Uchijima,Diana Shnaider,,,,,,,,,,,,,,,,,,,,,,,,,,,,,,,,,,,,,,,,,,,,,,,,,,,,,,,,,,,,,,,,,,,,,,,,,,,,,,,,,,,,,,,,,,,,,,,,,,,,,,,,,,,,,,,,,,,,,,,,,,,,,,,,,,,,,,,,,,,,,,,,,,,,,,,,,,,,,,,,,,,,,,,,,,,,,,,,,,,,,,,
904,2025,WIMBLEDON,GC,2025-06-30,2025-07-13,Grass,WIMBLEDON,GREAT BRITAIN,128,25161500,USD,LS61511654,2025-06-30,1,Laura Siegemund,Peyton Stearns,DEU,USA,,,,4-6,2-6,O,WIMBLEDON,"The Championships, Wimbledon - Wimbledon, GBR",2025.0,Laura Siegemund,Peyton Stearns,,,,,,,,,,,,,,,,,,,,,,,,,,,,,,,,,,,,,,,,,,,,,,,,,,,,,,,,,,,,,,,,,,,,,,,,,,,,,,,,,,,,,,,,,,,,,,,,,,,,,,,,,,,,,,,,,,,,,,,,,,,,,,,,,,,,,,,,,,,,,,,,,,,,,,,,,,,,,,,,,,,,,,,,,,,,,,,,,,,,,,,
904,2025,WIMBLEDON,GC,2025-06-30,2025-07-13,Grass,WIMBLEDON,GREAT BRITAIN,128,25161500,USD,LS61590496,2025-06-30,1,Olivia Gadecki,Solana Sierra,AUS,ARG,,,,6-2,7-6(8),O,WIMBLEDON,"The Championships, Wimbledon - Wimbledon, GBR",2025.0,Olivia Gadecki,Solana Sierra,,,,,,,,,,,,,,,,,,,,,,,,,,,,,,,,,,,,,,,,,,,,,,,,,,,,,,,,,,,,,,,,,,,,,,,,,,,,,,,,,,,,,,,,,,,,,,,,,,,,,,,,,,,,,,,,,,,,,,,,,,,,,,,,,,,,,,,,,,,,,,,,,,,,,,,,,,,,,,,,,,,,,,,,,,,,,,,,,,,,,,,
904,2025,WIMBLEDON,GC,2025-06-30,2025-07-13,Grass,WIMBLEDON,GREAT BRITAIN,128,25161500,USD,LS61511640,2025-06-30,1,Rebecca Sramkova,Beatriz Haddad Maia,SVK,BRA,,21.0,,7-6(7),6-4,O,WIMBLEDON,"The Championships, Wimbledon - Wimbledon, GBR",2025.0,Rebecca Sramkova,Beatriz Haddad Maia,,,,,,,,,,,,,,,,,,,,,,,,,,,,,,,,,,,,,,,,,,,,,,,,,,,,,,,,,,,,,,,,,,,,,,,,,,,,,,,,,,,,,,,,,,,,,,,,,,,,,,,,,,,,,,,,,,,,,,,,,,,,,,,,,,,,,,,,,,,,,,,,,,,,,,,,,,,,,,,,,,,,,,,,,,,,,,,,,,,,,,,
904,2025,WIMBLEDON,GC,2025-06-30,2025-07-13,Grass,WIMBLEDON,GREAT BRITAIN,128,25161500,USD,LS61511668,2025-06-30,1,Aliaksandra Sasnovich,Varvara Gracheva,,FRA,,,,4-6,7-6(5),O,WIMBLEDON,"The Championships, Wimbledon - Wimbledon, GBR",2025.0,Aliaksandra Sasnovich,Varvara Gracheva,,,,,,,,,,,,,,,,,,,,,,,,,,,,,,,,,,,,,,,,,,,,,,,,,,,,,,,,,,,,,,,,,,,,,,,,,,,,,,,,,,,,,,,,,,,,,,,,,,,,,,,,,,,,,,,,,,,,,,,,,,,,,,,,,,,,,,,,,,,,,,,,,,,,,,,,,,,,,,,,,,,,,,,,,,,,,,,,,,,,,,,
904,2025,WIMBLEDON,GC,2025-06-30,2025-07-13,Grass,WIMBLEDON,GREAT BRITAIN,128,25161500,USD,LS61511680,2025-06-30,1,Aryna Sabalenka,Carson Branstine,,CAN,1.0,,,6-1,7-5,O,WIMBLEDON,"The Championships, Wimbledon - Wimbledon, GBR",2025.0,Aryna Sabalenka,Carson Branstine,,,,,,,,,,,,,,,,,,,,,,,,,,,,,,,,,,,,,,,,,,,,,,,,,,,,,,,,,,,,,,,,,,,,,,,,,,,,,,,,,,,,,,,,,,,,,,,,,,,,,,,,,,,,,,,,,,,,,,,,,,,,,,,,,,,,,,,,,,,,,,,,,,,,,,,,,,,,,,,,,,,,,,,,,,,,,,,,,,,,,,,
904,2025,WIMBLEDON,GC,2025-06-30,2025-07-13,Grass,WIMBLEDON,GREAT BRITAIN,128,25161500,USD,LS61511642,2025-06-30,1,Linda Noskova,Bernarda Pera,CZE,USA,30.0,,,2-6,4-6,O,WIMBLEDON,"The Championships, Wimbledon - Wimbledon, GBR",2025.0,Linda Noskova,Bernarda Pera,,,,,,,,,,,,,,,,,,,,,,,,,,,,,,,,,,,,,,,,,,,,,,,,,,,,,,,,,,,,,,,,,,,,,,,,,,,,,,,,,,,,,,,,,,,,,,,,,,,,,,,,,,,,,,,,,,,,,,,,,,,,,,,,,,,,,,,,,,,,,,,,,,,,,,,,,,,,,,,,,,,,,,,,,,,,,,,,,,,,,,,
904,2025,WIMBLEDON,GC,2025-06-30,2025-07-13,Grass,WIMBLEDON,GREAT BRITAIN,128,25161500,USD,LS61511626,2025-06-30,1,Sonay Kartal,Jelena Ostapenko,GBR,LVA,,20.0,,7-5,2-6,O,WIMBLEDON,"The Championships, Wimbledon - Wimbledon, GBR",2025.0,Sonay Kartal,Jelena Ostapenko,,,,,,,,,,,,,,,,,,,,,,,,,,,,,,,,,,,,,,,,,,,,,,,,,,,,,,,,,,,,,,,,,,,,,,,,,,,,,,,,,,,,,,,,,,,,,,,,,,,,,,,,,,,,,,,,,,,,,,,,,,,,,,,,,,,,,,,,,,,,,,,,,,,,,,,,,,,,,,,,,,,,,,,,,,,,,,,,,,,,,,,
904,2025,WIMBLEDON,GC,2025-06-30,2025-07-13,Grass,WIMBLEDON,GREAT BRITAIN,128,25161500,USD,LS61511628,2025-06-30,1,Ons Jabeur,Viktoriya Tomova,TUN,BGR,,,,7-6(5),2-0,O,WIMBLEDON,"The Championships, Wimbledon - Wimbledon, GBR",2025.0,Ons Jabeur,Viktoriya Tomova,,,,,,,,,,,,,,,,,,,,,,,,,,,,,,,,,,,,,,,,,,,,,,,,,,,,,,,,,,,,,,,,,,,,,,,,,,,,,,,,,,,,,,,,,,,,,,,,,,,,,,,,,,,,,,,,,,,,,,,,,,,,,,,,,,,,,,,,,,,,,,,,,,,,,,,,,,,,,,,,,,,,,,,,,,,,,,,,,,,,,,,
904,2025,WIMBLEDON,GC,2025-06-30,2025-07-13,Grass,WIMBLEDON,GREAT BRITAIN,128,25161500,USD,LS61511630,2025-06-30,1,Diane Parry,Petra Martic,FRA,HRV,,,,4-6,6-3,O,WIMBLEDON,"The Championships, Wimbledon - Wimbledon, GBR",2025.0,Diane Parry,Petra Martic,,,,,,,,,,,,,,,,,,,,,,,,,,,,,,,,,,,,,,,,,,,,,,,,,,,,,,,,,,,,,,,,,,,,,,,,,,,,,,,,,,,,,,,,,,,,,,,,,,,,,,,,,,,,,,,,,,,,,,,,,,,,,,,,,,,,,,,,,,,,,,,,,,,,,,,,,,,,,,,,,,,,,,,,,,,,,,,,,,,,,,,
904,2025,WIMBLEDON,GC,2025-06-30,2025-07-13,Grass,WIMBLEDON,GREAT BRITAIN,128,25161500,USD,LS61511644,2025-06-30,1,Eva Lys,Yue Yuan,DEU,CHN,,,,6-4,5-7,O,WIMBLEDON,"The Championships, Wimbledon - Wimbledon, GBR",2025.0,Eva Lys,Yue Yuan,,,,,,,,,,,,,,,,,,,,,,,,,,,,,,,,,,,,,,,,,,,,,,,,,,,,,,,,,,,,,,,,,,,,,,,,,,,,,,,,,,,,,,,,,,,,,,,,,,,,,,,,,,,,,,,,,,,,,,,,,,,,,,,,,,,,,,,,,,,,,,,,,,,,,,,,,,,,,,,,,,,,,,,,,,,,,,,,,,,,,,,
904,2025,WIMBLEDON,GC,2025-06-30,2025-07-13,Grass,WIMBLEDON,GREAT BRITAIN,128,25161500,USD,LS61511658,2025-06-30,1,Donna Vekic,Kimberly Birrell,HRV,AUS,22.0,,,0-6,4-6,O,WIMBLEDON,"The Championships, Wimbledon - Wimbledon, GBR",2025.0,Donna Vekic,Kimberly Birrell,,,,,,,,,,,,,,,,,,,,,,,,,,,,,,,,,,,,,,,,,,,,,,,,,,,,,,,,,,,,,,,,,,,,,,,,,,,,,,,,,,,,,,,,,,,,,,,,,,,,,,,,,,,,,,,,,,,,,,,,,,,,,,,,,,,,,,,,,,,,,,,,,,,,,,,,,,,,,,,,,,,,,,,,,,,,,,,,,,,,,,,
904,2025,WIMBLEDON,GC,2025-06-30,2025-07-13,Grass,WIMBLEDON,GREAT BRITAIN,128,25161500,USD,LS61511660,2025-06-30,1,Cristina Bucsa,Anca Alexia Todoni,ESP,ROU,,,,4-6,4-6,O,WIMBLEDON,"The Championships, Wimbledon - Wimbledon, GBR",2025.0,Cristina Bucsa,Anca Alexia Todoni,,,,,,,,,,,,,,,,,,,,,,,,,,,,,,,,,,,,,,,,,,,,,,,,,,,,,,,,,,,,,,,,,,,,,,,,,,,,,,,,,,,,,,,,,,,,,,,,,,,,,,,,,,,,,,,,,,,,,,,,,,,,,,,,,,,,,,,,,,,,,,,,,,,,,,,,,,,,,,,,,,,,,,,,,,,,,,,,,,,,,,,
904,2025,WIMBLEDON,GC,2025-06-30,2025-07-13,Grass,WIMBLEDON,GREAT BRITAIN,128,25161500,USD,LS61511666,2025-06-30,1,Elina Svitolina,Anna Bondar,UKR,HUN,14.0,,,3-6,1-6,O,WIMBLEDON,"The Championships, Wimbledon - Wimbledon, GBR",2025.0,Elina Svitolina,Anna Bondar,,,,,,,,,,,,,,,,,,,,,,,,,,,,,,,,,,,,,,,,,,,,,,,,,,,,,,,,,,,,,,,,,,,,,,,,,,,,,,,,,,,,,,,,,,,,,,,,,,,,,,,,,,,,,,,,,,,,,,,,,,,,,,,,,,,,,,,,,,,,,,,,,,,,,,,,,,,,,,,,,,,,,,,,,,,,,,,,,,,,,,,
904,2025,WIMBLEDON,GC,2025-06-30,2025-07-13,Grass,WIMBLEDON,GREAT BRITAIN,128,25161500,USD,RS61469465,2025-06-26,,Petra Martic,Panna Udvardy,HRV,HUN,,,,6-2,1-6,O,WIMBLEDON,"The Championships, Wimbledon - Wimbledon, GBR",2025.0,Petra Martic,Panna Udvardy,,,,,,,,,,,,,,,,,,,,,,,,,,,,,,,,,,,,,,,,,,,,,,,,,,,,,,,,,,,,,,,,,,,,,,,,,,,,,,,,,,,,,,,,,,,,,,,,,,,,,,,,,,,,,,,,,,,,,,,,,,,,,,,,,,,,,,,,,,,,,,,,,,,,,,,,,,,,,,,,,,,,,,,,,,,,,,,,,,,,,,,
904,2025,WIMBLEDON,GC,2025-06-30,2025-07-13,Grass,WIMBLEDON,GREAT BRITAIN,128,25161500,USD,RS61470011,2025-06-26,,Joanna Garland,Nina Stojanovic,TPE,SRB,,,,7-6(5),7-5,O,WIMBLEDON,"The Championships, Wimbledon - Wimbledon, GBR",2025.0,Joanna Garland,Nina Stojanovic,,,,,,,,,,,,,,,,,,,,,,,,,,,,,,,,,,,,,,,,,,,,,,,,,,,,,,,,,,,,,,,,,,,,,,,,,,,,,,,,,,,,,,,,,,,,,,,,,,,,,,,,,,,,,,,,,,,,,,,,,,,,,,,,,,,,,,,,,,,,,,,,,,,,,,,,,,,,,,,,,,,,,,,,,,,,,,,,,,,,,,,
904,2025,WIMBLEDON,GC,2025-06-30,2025-07-13,Grass,WIMBLEDON,GREAT BRITAIN,128,25161500,USD,RS61470217,2025-06-26,,Aliaksandra Sasnovich,Darja Semenistaja,,LVA,12.0,26.0,,7-5,6-3,O,WIMBLEDON,"The Championships, Wimbledon - Wimbledon, GBR",2025.0,Aliaksandra Sasnovich,Darja Semenistaja,,,,,,,,,,,,,,,,,,,,,,,,,,,,,,,,,,,,,,,,,,,,,,,,,,,,,,,,,,,,,,,,,,,,,,,,,,,,,,,,,,,,,,,,,,,,,,,,,,,,,,,,,,,,,,,,,,,,,,,,,,,,,,,,,,,,,,,,,,,,,,,,,,,,,,,,,,,,,,,,,,,,,,,,,,,,,,,,,,,,,,,
904,2025,WIMBLEDON,GC,2025-06-30,2025-07-13,Grass,WIMBLEDON,GREAT BRITAIN,128,25161500,USD,RS61471067,2025-06-26,,Veronika Erjavec,Emily Appleton,SVN,GBR,,,,6-2,2-6,O,WIMBLEDON,"The Championships, Wimbledon - Wimbledon, GBR",2025.0,Veronika Erjavec,Emily Appleton,,,,,,,,,,,,,,,,,,,,,,,,,,,,,,,,,,,,,,,,,,,,,,,,,,,,,,,,,,,,,,,,,,,,,,,,,,,,,,,,,,,,,,,,,,,,,,,,,,,,,,,,,,,,,,,,,,,,,,,,,,,,,,,,,,,,,,,,,,,,,,,,,,,,,,,,,,,,,,,,,,,,,,,,,,,,,,,,,,,,,,,
904,2025,WIMBLEDON,GC,2025-06-30,2025-07-13,Grass,WIMBLEDON,GREAT BRITAIN,128,25161500,USD,RS61470275,2025-06-26,,Elsa Jacquemot,Alize Cornet,FRA,FRA,15.0,,,7-5,6-1,O,WIMBLEDON,"The Championships, Wimbledon - Wimbledon, GBR",2025.0,Elsa Jacquemot,Alize Cornet,,,,,,,,,,,,,,,,,,,,,,,,,,,,,,,,,,,,,,,,,,,,,,,,,,,,,,,,,,,,,,,,,,,,,,,,,,,,,,,,,,,,,,,,,,,,,,,,,,,,,,,,,,,,,,,,,,,,,,,,,,,,,,,,,,,,,,,,,,,,,,,,,,,,,,,,,,,,,,,,,,,,,,,,,,,,,,,,,,,,,,,
904,2025,WIMBLEDON,GC,2025-06-30,2025-07-13,Grass,WIMBLEDON,GREAT BRITAIN,128,25161500,USD,RS61470215,2025-06-26,,Shuai Zhang,Lanlana Tararudee,CHN,THA,23.0,,,2-6,2-6,O,WIMBLEDON,"The Championships, Wimbledon - Wimbledon, GBR",2025.0,Shuai Zhang,Lanlana Tararudee,,,,,,,,,,,,,,,,,,,,,,,,,,,,,,,,,,,,,,,,,,,,,,,,,,,,,,,,,,,,,,,,,,,,,,,,,,,,,,,,,,,,,,,,,,,,,,,,,,,,,,,,,,,,,,,,,,,,,,,,,,,,,,,,,,,,,,,,,,,,,,,,,,,,,,,,,,,,,,,,,,,,,,,,,,,,,,,,,,,,,,,
904,2025,WIMBLEDON,GC,2025-06-30,2025-07-13,Grass,WIMBLEDON,GREAT BRITAIN,128,25161500,USD,RS61470559,2025-06-26,,Linda Fruhvirtova,Ena Shibahara,CZE,JPN,,21.0,,6-3,7-5,O,WIMBLEDON,"The Championships, Wimbledon - Wimbledon, GBR",2025.0,Linda Fruhvirtova,Ena Shibahara,,,,,,,,,,,,,,,,,,,,,,,,,,,,,,,,,,,,,,,,,,,,,,,,,,,,,,,,,,,,,,,,,,,,,,,,,,,,,,,,,,,,,,,,,,,,,,,,,,,,,,,,,,,,,,,,,,,,,,,,,,,,,,,,,,,,,,,,,,,,,,,,,,,,,,,,,,,,,,,,,,,,,,,,,,,,,,,,,,,,,,,
904,2025,WIMBLEDON,GC,2025-06-30,2025-07-13,Grass,WIMBLEDON,GREAT BRITAIN,128,25161500,USD,RS61469467,2025-06-26,,Priscilla Hon,Victoria Mboko,AUS,CAN,30.0,6.0,,6-4,6-7(4),O,WIMBLEDON,"The Championships, Wimbledon - Wimbledon, GBR",2025.0,Priscilla Hon,Victoria Mboko,,,,,,,,,,,,,,,,,,,,,,,,,,,,,,,,,,,,,,,,,,,,,,,,,,,,,,,,,,,,,,,,,,,,,,,,,,,,,,,,,,,,,,,,,,,,,,,,,,,,,,,,,,,,,,,,,,,,,,,,,,,,,,,,,,,,,,,,,,,,,,,,,,,,,,,,,,,,,,,,,,,,,,,,,,,,,,,,,,,,,,,
904,2025,WIMBLEDON,GC,2025-06-30,2025-07-13,Grass,WIMBLEDON,GREAT BRITAIN,128,25161500,USD,RS61470111,2025-06-26,,Ella Seidel,Jana Fett,DEU,HRV,13.0,,,6-2,4-6,O,WIMBLEDON,"The Championships, Wimbledon - Wimbledon, GBR",2025.0,Ella Seidel,Jana Fett,,,,,,,,,,,,,,,,,,,,,,,,,,,,,,,,,,,,,,,,,,,,,,,,,,,,,,,,,,,,,,,,,,,,,,,,,,,,,,,,,,,,,,,,,,,,,,,,,,,,,,,,,,,,,,,,,,,,,,,,,,,,,,,,,,,,,,,,,,,,,,,,,,,,,,,,,,,,,,,,,,,,,,,,,,,,,,,,,,,,,,,
904,2025,WIMBLEDON,GC,2025-06-30,2025-07-13,Grass,WIMBLEDON,GREAT BRITAIN,128,25161500,USD,RS61470049,2025-06-26,,Katarzyna Kawa,Iva Jovic,POL,USA,32.0,3.0,,6-3,7-6(2),O,WIMBLEDON,"The Championships, Wimbledon - Wimbledon, GBR",2025.0,Katarzyna Kawa,Iva Jovic,,,,,,,,,,,,,,,,,,,,,,,,,,,,,,,,,,,,,,,,,,,,,,,,,,,,,,,,,,,,,,,,,,,,,,,,,,,,,,,,,,,,,,,,,,,,,,,,,,,,,,,,,,,,,,,,,,,,,,,,,,,,,,,,,,,,,,,,,,,,,,,,,,,,,,,,,,,,,,,,,,,,,,,,,,,,,,,,,,,,,,,
904,2025,WIMBLEDON,GC,2025-06-30,2025-07-13,Grass,WIMBLEDON,GREAT BRITAIN,128,25161500,USD,RS61469491,2025-06-26,,Taylor Townsend,Celine Naef,USA,CHE,7.0,,,6-3,6-3,O,WIMBLEDON,"The Championships, Wimbledon - Wimbledon, GBR",2025.0,Taylor Townsend,Celine Naef,,,,,,,,,,,,,,,,,,,,,,,,,,,,,,,,,,,,,,,,,,,,,,,,,,,,,,,,,,,,,,,,,,,,,,,,,,,,,,,,,,,,,,,,,,,,,,,,,,,,,,,,,,,,,,,,,,,,,,,,,,,,,,,,,,,,,,,,,,,,,,,,,,,,,,,,,,,,,,,,,,,,,,,,,,,,,,,,,,,,,,,
904,2025,WIMBLEDON,GC,2025-06-30,2025-07-13,Grass,WIMBLEDON,GREAT BRITAIN,128,25161500,USD,RS61470295,2025-06-26,,Tereza Valentova,Anastasia Zakharova,CZE,,18.0,4.0,,7-6(1),2-6,O,WIMBLEDON,"The Championships, Wimbledon - Wimbledon, GBR",2025.0,Tereza Valentova,Anastasia Zakharova,,,,,,,,,,,,,,,,,,,,,,,,,,,,,,,,,,,,,,,,,,,,,,,,,,,,,,,,,,,,,,,,,,,,,,,,,,,,,,,,,,,,,,,,,,,,,,,,,,,,,,,,,,,,,,,,,,,,,,,,,,,,,,,,,,,,,,,,,,,,,,,,,,,,,,,,,,,,,,,,,,,,,,,,,,,,,,,,,,,,,,,
904,2025,WIMBLEDON,GC,2025-06-30,2025-07-13,Grass,WIMBLEDON,GREAT BRITAIN,128,25161500,USD,RS61465779,2025-06-26,,Diane Parry,Emerson Jones,FRA,AUS,17.0,,,2-6,2-6,O,WIMBLEDON,"The Championships, Wimbledon - Wimbledon, GBR",2025.0,Diane Parry,Emerson Jones,,,,,,,,,,,,,,,,,,,,,,,,,,,,,,,,,,,,,,,,,,,,,,,,,,,,,,,,,,,,,,,,,,,,,,,,,,,,,,,,,,,,,,,,,,,,,,,,,,,,,,,,,,,,,,,,,,,,,,,,,,,,,,,,,,,,,,,,,,,,,,,,,,,,,,,,,,,,,,,,,,,,,,,,,,,,,,,,,,,,,,,
904,2025,WIMBLEDON,GC,2025-06-30,2025-07-13,Grass,WIMBLEDON,GREAT BRITAIN,128,25161500,USD,RS61467335,2025-06-26,,Talia Gibson,Solana Sierra,AUS,ARG,24.0,10.0,,4-6,6-3,O,WIMBLEDON,"The Championships, Wimbledon - Wimbledon, GBR",2025.0,Talia Gibson,Solana Sierra,,,,,,,,,,,,,,,,,,,,,,,,,,,,,,,,,,,,,,,,,,,,,,,,,,,,,,,,,,,,,,,,,,,,,,,,,,,,,,,,,,,,,,,,,,,,,,,,,,,,,,,,,,,,,,,,,,,,,,,,,,,,,,,,,,,,,,,,,,,,,,,,,,,,,,,,,,,,,,,,,,,,,,,,,,,,,,,,,,,,,,,
904,2025,WIMBLEDON,GC,2025-06-30,2025-07-13,Grass,WIMBLEDON,GREAT BRITAIN,128,25161500,USD,RS61468721,2025-06-26,,Kaja Juvan,Robin Montgomery,SVN,USA,,16.0,,3-6,6-7(7),O,WIMBLEDON,"The Championships, Wimbledon - Wimbledon, GBR",2025.0,Kaja Juvan,Robin Montgomery,,,,,,,,,,,,,,,,,,,,,,,,,,,,,,,,,,,,,,,,,,,,,,,,,,,,,,,,,,,,,,,,,,,,,,,,,,,,,,,,,,,,,,,,,,,,,,,,,,,,,,,,,,,,,,,,,,,,,,,,,,,,,,,,,,,,,,,,,,,,,,,,,,,,,,,,,,,,,,,,,,,,,,,,,,,,,,,,,,,,,,,
904,2025,WIMBLEDON,GC,2025-06-30,2025-07-13,Grass,WIMBLEDON,GREAT BRITAIN,128,25161500,USD,RS61468809,2025-06-26,,Raluca Georgiana Serban,Carson Branstine,CYP,CAN,,,,4-6,7-6(6),O,WIMBLEDON,"The Championships, Wimbledon - Wimbledon, GBR",2025.0,Raluca Georgiana Serban,Carson Branstine,,,,,,,,,,,,,,,,,,,,,,,,,,,,,,,,,,,,,,,,,,,,,,,,,,,,,,,,,,,,,,,,,,,,,,,,,,,,,,,,,,,,,,,,,,,,,,,,,,,,,,,,,,,,,,,,,,,,,,,,,,,,,,,,,,,,,,,,,,,,,,,,,,,,,,,,,,,,,,,,,,,,,,,,,,,,,,,,,,,,,,,
904,2025,WIMBLEDON,GC,2025-06-30,2025-07-13,Grass,WIMBLEDON,GREAT BRITAIN,128,25161500,USD,RS61451363,2025-06-25,,Lanlana Tararudee,Gabriela Knutson,THA,CZE,,,,3-6,3-6,O,WIMBLEDON,"The Championships, Wimbledon - Wimbledon, GBR",2025.0,Lanlana Tararudee,Gabriela Knutson,,,,,,,,,,,,,,,,,,,,,,,,,,,,,,,,,,,,,,,,,,,,,,,,,,,,,,,,,,,,,,,,,,,,,,,,,,,,,,,,,,,,,,,,,,,,,,,,,,,,,,,,,,,,,,,,,,,,,,,,,,,,,,,,,,,,,,,,,,,,,,,,,,,,,,,,,,,,,,,,,,,,,,,,,,,,,,,,,,,,,,,
904,2025,WIMBLEDON,GC,2025-06-30,2025-07-13,Grass,WIMBLEDON,GREAT BRITAIN,128,25161500,USD,RS61451245,2025-06-25,,Emily Appleton,Barbora Palicova,GBR,CZE,,,,2-6,7-6(6),O,WIMBLEDON,"The Championships, Wimbledon - Wimbledon, GBR",2025.0,Emily Appleton,Barbora Palicova,,,,,,,,,,,,,,,,,,,,,,,,,,,,,,,,,,,,,,,,,,,,,,,,,,,,,,,,,,,,,,,,,,,,,,,,,,,,,,,,,,,,,,,,,,,,,,,,,,,,,,,,,,,,,,,,,,,,,,,,,,,,,,,,,,,,,,,,,,,,,,,,,,,,,,,,,,,,,,,,,,,,,,,,,,,,,,,,,,,,,,,
904,2025,WIMBLEDON,GC,2025-06-30,2025-07-13,Grass,WIMBLEDON,GREAT BRITAIN,128,25161500,USD,RS61451673,2025-06-25,,Linda Fruhvirtova,Nuria Parrizas Diaz,CZE,ESP,,2.0,,3-6,1-6,O,WIMBLEDON,"The Championships, Wimbledon - Wimbledon, GBR",2025.0,Linda Fruhvirtova,Nuria Parrizas Diaz,,,,,,,,,,,,,,,,,,,,,,,,,,,,,,,,,,,,,,,,,,,,,,,,,,,,,,,,,,,,,,,,,,,,,,,,,,,,,,,,,,,,,,,,,,,,,,,,,,,,,,,,,,,,,,,,,,,,,,,,,,,,,,,,,,,,,,,,,,,,,,,,,,,,,,,,,,,,,,,,,,,,,,,,,,,,,,,,,,,,,,,
904,2025,WIMBLEDON,GC,2025-06-30,2025-07-13,Grass,WIMBLEDON,GREAT BRITAIN,128,25161500,USD,RS61451329,2025-06-25,,Aliaksandra Sasnovich,Oksana Selekhmeteva,,,12.0,,,6-2,6-3,O,WIMBLEDON,"The Championships, Wimbledon - Wimbledon, GBR",2025.0,Aliaksandra Sasnovich,Oksana Selekhmeteva,,,,,,,,,,,,,,,,,,,,,,,,,,,,,,,,,,,,,,,,,,,,,,,,,,,,,,,,,,,,,,,,,,,,,,,,,,,,,,,,,,,,,,,,,,,,,,,,,,,,,,,,,,,,,,,,,,,,,,,,,,,,,,,,,,,,,,,,,,,,,,,,,,,,,,,,,,,,,,,,,,,,,,,,,,,,,,,,,,,,,,,
904,2025,WIMBLEDON,GC,2025-06-30,2025-07-13,Grass,WIMBLEDON,GREAT BRITAIN,128,25161500,USD,RS61452009,2025-06-25,,Alize Cornet,Victoria Jimenez Kasintseva,FRA,AND,,29.0,,3-6,6-3,O,WIMBLEDON,"The Championships, Wimbledon - Wimbledon, GBR",2025.0,Alize Cornet,Victoria Jimenez Kasintseva,,,,,,,,,,,,,,,,,,,,,,,,,,,,,,,,,,,,,,,,,,,,,,,,,,,,,,,,,,,,,,,,,,,,,,,,,,,,,,,,,,,,,,,,,,,,,,,,,,,,,,,,,,,,,,,,,,,,,,,,,,,,,,,,,,,,,,,,,,,,,,,,,,,,,,,,,,,,,,,,,,,,,,,,,,,,,,,,,,,,,,,
904,2025,WIMBLEDON,GC,2025-06-30,2025-07-13,Grass,WIMBLEDON,GREAT BRITAIN,128,25161500,USD,RS61450727,2025-06-25,,Shuai Zhang,Whitney Osuigwe,CHN,USA,23.0,,,2-6,4-6,O,WIMBLEDON,"The Championships, Wimbledon - Wimbledon, GBR",2025.0,Shuai Zhang,Whitney Osuigwe,,,,,,,,,,,,,,,,,,,,,,,,,,,,,,,,,,,,,,,,,,,,,,,,,,,,,,,,,,,,,,,,,,,,,,,,,,,,,,,,,,,,,,,,,,,,,,,,,,,,,,,,,,,,,,,,,,,,,,,,,,,,,,,,,,,,,,,,,,,,,,,,,,,,,,,,,,,,,,,,,,,,,,,,,,,,,,,,,,,,,,,
904,2025,WIMBLEDON,GC,2025-06-30,2025-07-13,Grass,WIMBLEDON,GREAT BRITAIN,128,25161500,USD,RS61451085,2025-06-25,,Veronika Erjavec,Kathinka Von Deichmann,SVN,LIE,,,,6-3,6-4,O,WIMBLEDON,"The Championships, Wimbledon - Wimbledon, GBR",2025.0,Veronika Erjavec,Kathinka Von Deichmann,,,,,,,,,,,,,,,,,,,,,,,,,,,,,,,,,,,,,,,,,,,,,,,,,,,,,,,,,,,,,,,,,,,,,,,,,,,,,,,,,,,,,,,,,,,,,,,,,,,,,,,,,,,,,,,,,,,,,,,,,,,,,,,,,,,,,,,,,,,,,,,,,,,,,,,,,,,,,,,,,,,,,,,,,,,,,,,,,,,,,,,
904,2025,WIMBLEDON,GC,2025-06-30,2025-07-13,Grass,WIMBLEDON,GREAT BRITAIN,128,25161500,USD,RS61451541,2025-06-25,,Ena Shibahara,Marina Bassols Ribera,JPN,ESP,21.0,,,6-7(5),7-6(5),O,WIMBLEDON,"The Championships, Wimbledon - Wimbledon, GBR",2025.0,Ena Shibahara,Marina Bassols Ribera,,,,,,,,,,,,,,,,,,,,,,,,,,,,,,,,,,,,,,,,,,,,,,,,,,,,,,,,,,,,,,,,,,,,,,,,,,,,,,,,,,,,,,,,,,,,,,,,,,,,,,,,,,,,,,,,,,,,,,,,,,,,,,,,,,,,,,,,,,,,,,,,,,,,,,,,,,,,,,,,,,,,,,,,,,,,,,,,,,,,,,,
904,2025,WIMBLEDON,GC,2025-06-30,2025-07-13,Grass,WIMBLEDON,GREAT BRITAIN,128,25161500,USD,RS61449699,2025-06-25,,Jana Fett,Daria Snigur,HRV,UKR,,,,7-6(2),2-6,O,WIMBLEDON,"The Championships, Wimbledon - Wimbledon, GBR",2025.0,Jana Fett,Daria Snigur,,,,,,,,,,,,,,,,,,,,,,,,,,,,,,,,,,,,,,,,,,,,,,,,,,,,,,,,,,,,,,,,,,,,,,,,,,,,,,,,,,,,,,,,,,,,,,,,,,,,,,,,,,,,,,,,,,,,,,,,,,,,,,,,,,,,,,,,,,,,,,,,,,,,,,,,,,,,,,,,,,,,,,,,,,,,,,,,,,,,,,,
904,2025,WIMBLEDON,GC,2025-06-30,2025-07-13,Grass,WIMBLEDON,GREAT BRITAIN,128,25161500,USD,RS61450033,2025-06-25,,Darja Semenistaja,Iryna Shymanovich,LVA,,26.0,,,4-6,2-6,O,WIMBLEDON,"The Championships, Wimbledon - Wimbledon, GBR",2025.0,Darja Semenistaja,Iryna Shymanovich,,,,,,,,,,,,,,,,,,,,,,,,,,,,,,,,,,,,,,,,,,,,,,,,,,,,,,,,,,,,,,,,,,,,,,,,,,,,,,,,,,,,,,,,,,,,,,,,,,,,,,,,,,,,,,,,,,,,,,,,,,,,,,,,,,,,,,,,,,,,,,,,,,,,,,,,,,,,,,,,,,,,,,,,,,,,,,,,,,,,,,,
904,2025,WIMBLEDON,GC,2025-06-30,2025-07-13,Grass,WIMBLEDON,GREAT BRITAIN,128,25161500,USD,RS61452291,2025-06-25,,Iva Jovic,Julia Riera,USA,ARG,3.0,,,6-1,4-6,O,WIMBLEDON,"The Championships, Wimbledon - Wimbledon, GBR",2025.0,Iva Jovic,Julia Riera,,,,,,,,,,,,,,,,,,,,,,,,,,,,,,,,,,,,,,,,,,,,,,,,,,,,,,,,,,,,,,,,,,,,,,,,,,,,,,,,,,,,,,,,,,,,,,,,,,,,,,,,,,,,,,,,,,,,,,,,,,,,,,,,,,,,,,,,,,,,,,,,,,,,,,,,,,,,,,,,,,,,,,,,,,,,,,,,,,,,,,,
904,2025,WIMBLEDON,GC,2025-06-30,2025-07-13,Grass,WIMBLEDON,GREAT BRITAIN,128,25161500,USD,RS61448859,2025-06-25,,Nina Stojanovic,Rebeka Masarova,SRB,CHE,,14.0,,5-7,4-6,O,WIMBLEDON,"The Championships, Wimbledon - Wimbledon, GBR",2025.0,Nina Stojanovic,Rebeka Masarova,,,,,,,,,,,,,,,,,,,,,,,,,,,,,,,,,,,,,,,,,,,,,,,,,,,,,,,,,,,,,,,,,,,,,,,,,,,,,,,,,,,,,,,,,,,,,,,,,,,,,,,,,,,,,,,,,,,,,,,,,,,,,,,,,,,,,,,,,,,,,,,,,,,,,,,,,,,,,,,,,,,,,,,,,,,,,,,,,,,,,,,
904,2025,WIMBLEDON,GC,2025-06-30,2025-07-13,Grass,WIMBLEDON,GREAT BRITAIN,128,25161500,USD,RS61451347,2025-06-25,,Ana Bogdan,Anastasia Zakharova,ROU,,,4.0,,6-7(1),7-6(1),O,WIMBLEDON,"The Championships, Wimbledon - Wimbledon, GBR",2025.0,Ana Bogdan,Anastasia Zakharova,,,,,,,,,,,,,,,,,,,,,,,,,,,,,,,,,,,,,,,,,,,,,,,,,,,,,,,,,,,,,,,,,,,,,,,,,,,,,,,,,,,,,,,,,,,,,,,,,,,,,,,,,,,,,,,,,,,,,,,,,,,,,,,,,,,,,,,,,,,,,,,,,,,,,,,,,,,,,,,,,,,,,,,,,,,,,,,,,,,,,,,
904,2025,WIMBLEDON,GC,2025-06-30,2025-07-13,Grass,WIMBLEDON,GREAT BRITAIN,128,25161500,USD,RS61451777,2025-06-25,,Katarzyna Kawa,Amarni Banks,POL,GBR,32.0,,,2-6,4-6,O,WIMBLEDON,"The Championships, Wimbledon - Wimbledon, GBR",2025.0,Katarzyna Kawa,Amarni Banks,,,,,,,,,,,,,,,,,,,,,,,,,,,,,,,,,,,,,,,,,,,,,,,,,,,,,,,,,,,,,,,,,,,,,,,,,,,,,,,,,,,,,,,,,,,,,,,,,,,,,,,,,,,,,,,,,,,,,,,,,,,,,,,,,,,,,,,,,,,,,,,,,,,,,,,,,,,,,,,,,,,,,,,,,,,,,,,,,,,,,,,
904,2025,WIMBLEDON,GC,2025-06-30,2025-07-13,Grass,WIMBLEDON,GREAT BRITAIN,128,25161500,USD,RS61451249,2025-06-25,,Ella Seidel,Jule Niemeier,DEU,DEU,13.0,,,6-2,6-0,O,WIMBLEDON,"The Championships, Wimbledon - Wimbledon, GBR",2025.0,Ella Seidel,Jule Niemeier,,,,,,,,,,,,,,,,,,,,,,,,,,,,,,,,,,,,,,,,,,,,,,,,,,,,,,,,,,,,,,,,,,,,,,,,,,,,,,,,,,,,,,,,,,,,,,,,,,,,,,,,,,,,,,,,,,,,,,,,,,,,,,,,,,,,,,,,,,,,,,,,,,,,,,,,,,,,,,,,,,,,,,,,,,,,,,,,,,,,,,,
904,2025,WIMBLEDON,GC,2025-06-30,2025-07-13,Grass,WIMBLEDON,GREAT BRITAIN,128,25161500,USD,RS61451369,2025-06-25,,Elsa Jacquemot,Arina Rodionova,FRA,AUS,15.0,,,6-2,6-3,O,WIMBLEDON,"The Championships, Wimbledon - Wimbledon, GBR",2025.0,Elsa Jacquemot,Arina Rodionova,,,,,,,,,,,,,,,,,,,,,,,,,,,,,,,,,,,,,,,,,,,,,,,,,,,,,,,,,,,,,,,,,,,,,,,,,,,,,,,,,,,,,,,,,,,,,,,,,,,,,,,,,,,,,,,,,,,,,,,,,,,,,,,,,,,,,,,,,,,,,,,,,,,,,,,,,,,,,,,,,,,,,,,,,,,,,,,,,,,,,,,
904,2025,WIMBLEDON,GC,2025-06-30,2025-07-13,Grass,WIMBLEDON,GREAT BRITAIN,128,25161500,USD,RS61450719,2025-06-25,,Taylor Townsend,Hina Inoue,USA,USA,7.0,,,6-3,6-1,O,WIMBLEDON,"The Championships, Wimbledon - Wimbledon, GBR",2025.0,Taylor Townsend,Hina Inoue,,,,,,,,,,,,,,,,,,,,,,,,,,,,,,,,,,,,,,,,,,,,,,,,,,,,,,,,,,,,,,,,,,,,,,,,,,,,,,,,,,,,,,,,,,,,,,,,,,,,,,,,,,,,,,,,,,,,,,,,,,,,,,,,,,,,,,,,,,,,,,,,,,,,,,,,,,,,,,,,,,,,,,,,,,,,,,,,,,,,,,,
904,2025,WIMBLEDON,GC,2025-06-30,2025-07-13,Grass,WIMBLEDON,GREAT BRITAIN,128,25161500,USD,RS61451995,2025-06-25,,Tereza Valentova,Lucrezia Stefanini,CZE,ITA,18.0,,,6-3,4-6,O,WIMBLEDON,"The Championships, Wimbledon - Wimbledon, GBR",2025.0,Tereza Valentova,Lucrezia Stefanini,,,,,,,,,,,,,,,,,,,,,,,,,,,,,,,,,,,,,,,,,,,,,,,,,,,,,,,,,,,,,,,,,,,,,,,,,,,,,,,,,,,,,,,,,,,,,,,,,,,,,,,,,,,,,,,,,,,,,,,,,,,,,,,,,,,,,,,,,,,,,,,,,,,,,,,,,,,,,,,,,,,,,,,,,,,,,,,,,,,,,,,
904,2025,WIMBLEDON,GC,2025-06-30,2025-07-13,Grass,WIMBLEDON,GREAT BRITAIN,128,25161500,USD,RS61450725,2025-06-25,,Victoria Mboko,Valentina Ryser,CAN,CHE,6.0,,,6-3,6-3,O,WIMBLEDON,"The Championships, Wimbledon - Wimbledon, GBR",2025.0,Victoria Mboko,Valentina Ryser,,,,,,,,,,,,,,,,,,,,,,,,,,,,,,,,,,,,,,,,,,,,,,,,,,,,,,,,,,,,,,,,,,,,,,,,,,,,,,,,,,,,,,,,,,,,,,,,,,,,,,,,,,,,,,,,,,,,,,,,,,,,,,,,,,,,,,,,,,,,,,,,,,,,,,,,,,,,,,,,,,,,,,,,,,,,,,,,,,,,,,,
904,2025,WIMBLEDON,GC,2025-06-30,2025-07-13,Grass,WIMBLEDON,GREAT BRITAIN,128,25161500,USD,RS61449681,2025-06-25,,Panna Udvardy,Destanee Aiava,HUN,AUS,,,,6-2,1-6,O,WIMBLEDON,"The Championships, Wimbledon - Wimbledon, GBR",2025.0,Panna Udvardy,Destanee Aiava,,,,,,,,,,,,,,,,,,,,,,,,,,,,,,,,,,,,,,,,,,,,,,,,,,,,,,,,,,,,,,,,,,,,,,,,,,,,,,,,,,,,,,,,,,,,,,,,,,,,,,,,,,,,,,,,,,,,,,,,,,,,,,,,,,,,,,,,,,,,,,,,,,,,,,,,,,,,,,,,,,,,,,,,,,,,,,,,,,,,,,,
904,2025,WIMBLEDON,GC,2025-06-30,2025-07-13,Grass,WIMBLEDON,GREAT BRITAIN,128,25161500,USD,RS61448861,2025-06-25,,Joanna Garland,Renata Jamrichova,TPE,SVK,,,,5-7,1-6,O,WIMBLEDON,"The Championships, Wimbledon - Wimbledon, GBR",2025.0,Joanna Garland,Renata Jamrichova,,,,,,,,,,,,,,,,,,,,,,,,,,,,,,,,,,,,,,,,,,,,,,,,,,,,,,,,,,,,,,,,,,,,,,,,,,,,,,,,,,,,,,,,,,,,,,,,,,,,,,,,,,,,,,,,,,,,,,,,,,,,,,,,,,,,,,,,,,,,,,,,,,,,,,,,,,,,,,,,,,,,,,,,,,,,,,,,,,,,,,,
904,2025,WIMBLEDON,GC,2025-06-30,2025-07-13,Grass,WIMBLEDON,GREAT BRITAIN,128,25161500,USD,RS61450179,2025-06-25,,Priscilla Hon,Leonie Kung,AUS,CHE,30.0,,,1-6,3-6,O,WIMBLEDON,"The Championships, Wimbledon - Wimbledon, GBR",2025.0,Priscilla Hon,Leonie Kung,,,,,,,,,,,,,,,,,,,,,,,,,,,,,,,,,,,,,,,,,,,,,,,,,,,,,,,,,,,,,,,,,,,,,,,,,,,,,,,,,,,,,,,,,,,,,,,,,,,,,,,,,,,,,,,,,,,,,,,,,,,,,,,,,,,,,,,,,,,,,,,,,,,,,,,,,,,,,,,,,,,,,,,,,,,,,,,,,,,,,,,
904,2025,WIMBLEDON,GC,2025-06-30,2025-07-13,Grass,WIMBLEDON,GREAT BRITAIN,128,25161500,USD,RS61451247,2025-06-25,,Celine Naef,Mariam Bolkvadze,CHE,GEO,,,,6-1,6-1,O,WIMBLEDON,"The Championships, Wimbledon - Wimbledon, GBR",2025.0,Celine Naef,Mariam Bolkvadze,,,,,,,,,,,,,,,,,,,,,,,,,,,,,,,,,,,,,,,,,,,,,,,,,,,,,,,,,,,,,,,,,,,,,,,,,,,,,,,,,,,,,,,,,,,,,,,,,,,,,,,,,,,,,,,,,,,,,,,,,,,,,,,,,,,,,,,,,,,,,,,,,,,,,,,,,,,,,,,,,,,,,,,,,,,,,,,,,,,,,,,
904,2025,WIMBLEDON,GC,2025-06-30,2025-07-13,Grass,WIMBLEDON,GREAT BRITAIN,128,25161500,USD,RS61450351,2025-06-25,,Petra Martic,Selena Janicijevic,HRV,FRA,,,,2-6,4-6,O,WIMBLEDON,"The Championships, Wimbledon - Wimbledon, GBR",2025.0,Petra Martic,Selena Janicijevic,,,,,,,,,,,,,,,,,,,,,,,,,,,,,,,,,,,,,,,,,,,,,,,,,,,,,,,,,,,,,,,,,,,,,,,,,,,,,,,,,,,,,,,,,,,,,,,,,,,,,,,,,,,,,,,,,,,,,,,,,,,,,,,,,,,,,,,,,,,,,,,,,,,,,,,,,,,,,,,,,,,,,,,,,,,,,,,,,,,,,,,
904,2025,WIMBLEDON,GC,2025-06-30,2025-07-13,Grass,WIMBLEDON,GREAT BRITAIN,128,25161500,USD,RS61449935,2025-06-25,,Raluca Georgiana Serban,Xiyu Wang,CYP,CHN,,,,4-6,2-6,O,WIMBLEDON,"The Championships, Wimbledon - Wimbledon, GBR",2025.0,Raluca Georgiana Serban,Xiyu Wang,,,,,,,,,,,,,,,,,,,,,,,,,,,,,,,,,,,,,,,,,,,,,,,,,,,,,,,,,,,,,,,,,,,,,,,,,,,,,,,,,,,,,,,,,,,,,,,,,,,,,,,,,,,,,,,,,,,,,,,,,,,,,,,,,,,,,,,,,,,,,,,,,,,,,,,,,,,,,,,,,,,,,,,,,,,,,,,,,,,,,,,
904,2025,WIMBLEDON,GC,2025-06-30,2025-07-13,Grass,WIMBLEDON,GREAT BRITAIN,128,25161500,USD,RS61449345,2025-06-25,,Robin Montgomery,Patricia Maria Tig,USA,ROU,16.0,,,6-4,6-2,O,WIMBLEDON,"The Championships, Wimbledon - Wimbledon, GBR",2025.0,Robin Montgomery,Patricia Maria Tig,,,,,,,,,,,,,,,,,,,,,,,,,,,,,,,,,,,,,,,,,,,,,,,,,,,,,,,,,,,,,,,,,,,,,,,,,,,,,,,,,,,,,,,,,,,,,,,,,,,,,,,,,,,,,,,,,,,,,,,,,,,,,,,,,,,,,,,,,,,,,,,,,,,,,,,,,,,,,,,,,,,,,,,,,,,,,,,,,,,,,,,
904,2025,WIMBLEDON,GC,2025-06-30,2025-07-13,Grass,WIMBLEDON,GREAT BRITAIN,128,25161500,USD,RS61448801,2025-06-25,,Bianca Andreescu,Carson Branstine,CAN,CAN,,,,7-6(3),4-6,O,WIMBLEDON,"The Championships, Wimbledon - Wimbledon, GBR",2025.0,Bianca Andreescu,Carson Branstine,,,,,,,,,,,,,,,,,,,,,,,,,,,,,,,,,,,,,,,,,,,,,,,,,,,,,,,,,,,,,,,,,,,,,,,,,,,,,,,,,,,,,,,,,,,,,,,,,,,,,,,,,,,,,,,,,,,,,,,,,,,,,,,,,,,,,,,,,,,,,,,,,,,,,,,,,,,,,,,,,,,,,,,,,,,,,,,,,,,,,,,
904,2025,WIMBLEDON,GC,2025-06-30,2025-07-13,Grass,WIMBLEDON,GREAT BRITAIN,128,25161500,USD,RS61450037,2025-06-25,,Kaja Juvan,Anouk Koevermans,SVN,NLD,,,,6-2,6-0,O,WIMBLEDON,"The Championships, Wimbledon - Wimbledon, GBR",2025.0,Kaja Juvan,Anouk Koevermans,,,,,,,,,,,,,,,,,,,,,,,,,,,,,,,,,,,,,,,,,,,,,,,,,,,,,,,,,,,,,,,,,,,,,,,,,,,,,,,,,,,,,,,,,,,,,,,,,,,,,,,,,,,,,,,,,,,,,,,,,,,,,,,,,,,,,,,,,,,,,,,,,,,,,,,,,,,,,,,,,,,,,,,,,,,,,,,,,,,,,,,
904,2025,WIMBLEDON,GC,2025-06-30,2025-07-13,Grass,WIMBLEDON,GREAT BRITAIN,128,25161500,USD,RS61448643,2025-06-25,,Talia Gibson,Arianne Hartono,AUS,NLD,24.0,,,3-6,6-4,O,WIMBLEDON,"The Championships, Wimbledon - Wimbledon, GBR",2025.0,Talia Gibson,Arianne Hartono,,,,,,,,,,,,,,,,,,,,,,,,,,,,,,,,,,,,,,,,,,,,,,,,,,,,,,,,,,,,,,,,,,,,,,,,,,,,,,,,,,,,,,,,,,,,,,,,,,,,,,,,,,,,,,,,,,,,,,,,,,,,,,,,,,,,,,,,,,,,,,,,,,,,,,,,,,,,,,,,,,,,,,,,,,,,,,,,,,,,,,,
904,2025,WIMBLEDON,GC,2025-06-30,2025-07-13,Grass,WIMBLEDON,GREAT BRITAIN,128,25161500,USD,RS61448803,2025-06-25,,Diane Parry,Alina Charaeva,FRA,,17.0,,,6-7(3),2-6,O,WIMBLEDON,"The Championships, Wimbledon - Wimbledon, GBR",2025.0,Diane Parry,Alina Charaeva,,,,,,,,,,,,,,,,,,,,,,,,,,,,,,,,,,,,,,,,,,,,,,,,,,,,,,,,,,,,,,,,,,,,,,,,,,,,,,,,,,,,,,,,,,,,,,,,,,,,,,,,,,,,,,,,,,,,,,,,,,,,,,,,,,,,,,,,,,,,,,,,,,,,,,,,,,,,,,,,,,,,,,,,,,,,,,,,,,,,,,,
904,2025,WIMBLEDON,GC,2025-06-30,2025-07-13,Grass,WIMBLEDON,GREAT BRITAIN,128,25161500,USD,RS61448855,2025-06-25,,Solana Sierra,Leyre Romero Gormaz,ARG,ESP,10.0,,,6-4,6-4,O,WIMBLEDON,"The Championships, Wimbledon - Wimbledon, GBR",2025.0,Solana Sierra,Leyre Romero Gormaz,,,,,,,,,,,,,,,,,,,,,,,,,,,,,,,,,,,,,,,,,,,,,,,,,,,,,,,,,,,,,,,,,,,,,,,,,,,,,,,,,,,,,,,,,,,,,,,,,,,,,,,,,,,,,,,,,,,,,,,,,,,,,,,,,,,,,,,,,,,,,,,,,,,,,,,,,,,,,,,,,,,,,,,,,,,,,,,,,,,,,,,
904,2025,WIMBLEDON,GC,2025-06-30,2025-07-13,Grass,WIMBLEDON,GREAT BRITAIN,128,25161500,USD,RS61448873,2025-06-25,,Emerson Jones,Lola Radivojevic,AUS,SRB,,,,6-4,6-4,O,WIMBLEDON,"The Championships, Wimbledon - Wimbledon, GBR",2025.0,Emerson Jones,Lola Radivojevic,,,,,,,,,,,,,,,,,,,,,,,,,,,,,,,,,,,,,,,,,,,,,,,,,,,,,,,,,,,,,,,,,,,,,,,,,,,,,,,,,,,,,,,,,,,,,,,,,,,,,,,,,,,,,,,,,,,,,,,,,,,,,,,,,,,,,,,,,,,,,,,,,,,,,,,,,,,,,,,,,,,,,,,,,,,,,,,,,,,,,,,
904,2025,WIMBLEDON,GC,2025-06-30,2025-07-13,Grass,WIMBLEDON,GREAT BRITAIN,128,25161500,USD,RS61428015,2025-06-24,,Alize Cornet,Katy Dunne,FRA,GBR,,,,6-4,6-3,O,WIMBLEDON,"The Championships, Wimbledon - Wimbledon, GBR",2025.0,Alize Cornet,Katy Dunne,,,,,,,,,,,,,,,,,,,,,,,,,,,,,,,,,,,,,,,,,,,,,,,,,,,,,,,,,,,,,,,,,,,,,,,,,,,,,,,,,,,,,,,,,,,,,,,,,,,,,,,,,,,,,,,,,,,,,,,,,,,,,,,,,,,,,,,,,,,,,,,,,,,,,,,,,,,,,,,,,,,,,,,,,,,,,,,,,,,,,,,
904,2025,WIMBLEDON,GC,2025-06-30,2025-07-13,Grass,WIMBLEDON,GREAT BRITAIN,128,25161500,USD,RS61428113,2025-06-24,,Tereza Valentova,Maria Mateas,CZE,USA,18.0,,,2-6,3-6,O,WIMBLEDON,"The Championships, Wimbledon - Wimbledon, GBR",2025.0,Tereza Valentova,Maria Mateas,,,,,,,,,,,,,,,,,,,,,,,,,,,,,,,,,,,,,,,,,,,,,,,,,,,,,,,,,,,,,,,,,,,,,,,,,,,,,,,,,,,,,,,,,,,,,,,,,,,,,,,,,,,,,,,,,,,,,,,,,,,,,,,,,,,,,,,,,,,,,,,,,,,,,,,,,,,,,,,,,,,,,,,,,,,,,,,,,,,,,,,
904,2025,WIMBLEDON,GC,2025-06-30,2025-07-13,Grass,WIMBLEDON,GREAT BRITAIN,128,25161500,USD,RS61428139,2025-06-24,,Nuria Parrizas Diaz,Justina Mikulskyte,ESP,LTU,2.0,,,6-1,6-1,O,WIMBLEDON,"The Championships, Wimbledon - Wimbledon, GBR",2025.0,Nuria Parrizas Diaz,Justina Mikulskyte,,,,,,,,,,,,,,,,,,,,,,,,,,,,,,,,,,,,,,,,,,,,,,,,,,,,,,,,,,,,,,,,,,,,,,,,,,,,,,,,,,,,,,,,,,,,,,,,,,,,,,,,,,,,,,,,,,,,,,,,,,,,,,,,,,,,,,,,,,,,,,,,,,,,,,,,,,,,,,,,,,,,,,,,,,,,,,,,,,,,,,,
904,2025,WIMBLEDON,GC,2025-06-30,2025-07-13,Grass,WIMBLEDON,GREAT BRITAIN,128,25161500,USD,RS61428129,2025-06-24,,Iva Jovic,Linda Klimovicova,USA,POL,3.0,,,6-4,4-6,O,WIMBLEDON,"The Championships, Wimbledon - Wimbledon, GBR",2025.0,Iva Jovic,Linda Klimovicova,,,,,,,,,,,,,,,,,,,,,,,,,,,,,,,,,,,,,,,,,,,,,,,,,,,,,,,,,,,,,,,,,,,,,,,,,,,,,,,,,,,,,,,,,,,,,,,,,,,,,,,,,,,,,,,,,,,,,,,,,,,,,,,,,,,,,,,,,,,,,,,,,,,,,,,,,,,,,,,,,,,,,,,,,,,,,,,,,,,,,,,
904,2025,WIMBLEDON,GC,2025-06-30,2025-07-13,Grass,WIMBLEDON,GREAT BRITAIN,128,25161500,USD,RS61428127,2025-06-24,,Julia Riera,Taylah Preston,ARG,AUS,,,,4-6,2-6,O,WIMBLEDON,"The Championships, Wimbledon - Wimbledon, GBR",2025.0,Julia Riera,Taylah Preston,,,,,,,,,,,,,,,,,,,,,,,,,,,,,,,,,,,,,,,,,,,,,,,,,,,,,,,,,,,,,,,,,,,,,,,,,,,,,,,,,,,,,,,,,,,,,,,,,,,,,,,,,,,,,,,,,,,,,,,,,,,,,,,,,,,,,,,,,,,,,,,,,,,,,,,,,,,,,,,,,,,,,,,,,,,,,,,,,,,,,,,
904,2025,WIMBLEDON,GC,2025-06-30,2025-07-13,Grass,WIMBLEDON,GREAT BRITAIN,128,25161500,USD,RS61428131,2025-06-24,,Ena Shibahara,Stefanie Voegele,JPN,CHE,21.0,,,4-6,4-6,O,WIMBLEDON,"The Championships, Wimbledon - Wimbledon, GBR",2025.0,Ena Shibahara,Stefanie Voegele,,,,,,,,,,,,,,,,,,,,,,,,,,,,,,,,,,,,,,,,,,,,,,,,,,,,,,,,,,,,,,,,,,,,,,,,,,,,,,,,,,,,,,,,,,,,,,,,,,,,,,,,,,,,,,,,,,,,,,,,,,,,,,,,,,,,,,,,,,,,,,,,,,,,,,,,,,,,,,,,,,,,,,,,,,,,,,,,,,,,,,,
904,2025,WIMBLEDON,GC,2025-06-30,2025-07-13,Grass,WIMBLEDON,GREAT BRITAIN,128,25161500,USD,RS61428125,2025-06-24,,Amarni Banks,Julia Grabher,GBR,AUT,,,,4-6,6-1,O,WIMBLEDON,"The Championships, Wimbledon - Wimbledon, GBR",2025.0,Amarni Banks,Julia Grabher,,,,,,,,,,,,,,,,,,,,,,,,,,,,,,,,,,,,,,,,,,,,,,,,,,,,,,,,,,,,,,,,,,,,,,,,,,,,,,,,,,,,,,,,,,,,,,,,,,,,,,,,,,,,,,,,,,,,,,,,,,,,,,,,,,,,,,,,,,,,,,,,,,,,,,,,,,,,,,,,,,,,,,,,,,,,,,,,,,,,,,,
904,2025,WIMBLEDON,GC,2025-06-30,2025-07-13,Grass,WIMBLEDON,GREAT BRITAIN,128,25161500,USD,RS61428137,2025-06-24,,Linda Fruhvirtova,Lea Boskovic,CZE,HRV,,,,6-4,6-2,O,WIMBLEDON,"The Championships, Wimbledon - Wimbledon, GBR",2025.0,Linda Fruhvirtova,Lea Boskovic,,,,,,,,,,,,,,,,,,,,,,,,,,,,,,,,,,,,,,,,,,,,,,,,,,,,,,,,,,,,,,,,,,,,,,,,,,,,,,,,,,,,,,,,,,,,,,,,,,,,,,,,,,,,,,,,,,,,,,,,,,,,,,,,,,,,,,,,,,,,,,,,,,,,,,,,,,,,,,,,,,,,,,,,,,,,,,,,,,,,,,,
904,2025,WIMBLEDON,GC,2025-06-30,2025-07-13,Grass,WIMBLEDON,GREAT BRITAIN,128,25161500,USD,RS61428013,2025-06-24,,Victoria Jimenez Kasintseva,Nuria Brancaccio,AND,ITA,29.0,,,4-6,6-2,O,WIMBLEDON,"The Championships, Wimbledon - Wimbledon, GBR",2025.0,Victoria Jimenez Kasintseva,Nuria Brancaccio,,,,,,,,,,,,,,,,,,,,,,,,,,,,,,,,,,,,,,,,,,,,,,,,,,,,,,,,,,,,,,,,,,,,,,,,,,,,,,,,,,,,,,,,,,,,,,,,,,,,,,,,,,,,,,,,,,,,,,,,,,,,,,,,,,,,,,,,,,,,,,,,,,,,,,,,,,,,,,,,,,,,,,,,,,,,,,,,,,,,,,,
904,2025,WIMBLEDON,GC,2025-06-30,2025-07-13,Grass,WIMBLEDON,GREAT BRITAIN,128,25161500,USD,RS61428021,2025-06-24,,Elsa Jacquemot,Miriam Bianca Bulgaru,FRA,ROU,15.0,,,6-2,6-2,O,WIMBLEDON,"The Championships, Wimbledon - Wimbledon, GBR",2025.0,Elsa Jacquemot,Miriam Bianca Bulgaru,,,,,,,,,,,,,,,,,,,,,,,,,,,,,,,,,,,,,,,,,,,,,,,,,,,,,,,,,,,,,,,,,,,,,,,,,,,,,,,,,,,,,,,,,,,,,,,,,,,,,,,,,,,,,,,,,,,,,,,,,,,,,,,,,,,,,,,,,,,,,,,,,,,,,,,,,,,,,,,,,,,,,,,,,,,,,,,,,,,,,,,
904,2025,WIMBLEDON,GC,2025-06-30,2025-07-13,Grass,WIMBLEDON,GREAT BRITAIN,128,25161500,USD,RS61428135,2025-06-24,,Marina Bassols Ribera,Sara Saito,ESP,JPN,,,,2-6,6-7(6),O,WIMBLEDON,"The Championships, Wimbledon - Wimbledon, GBR",2025.0,Marina Bassols Ribera,Sara Saito,,,,,,,,,,,,,,,,,,,,,,,,,,,,,,,,,,,,,,,,,,,,,,,,,,,,,,,,,,,,,,,,,,,,,,,,,,,,,,,,,,,,,,,,,,,,,,,,,,,,,,,,,,,,,,,,,,,,,,,,,,,,,,,,,,,,,,,,,,,,,,,,,,,,,,,,,,,,,,,,,,,,,,,,,,,,,,,,,,,,,,,
904,2025,WIMBLEDON,GC,2025-06-30,2025-07-13,Grass,WIMBLEDON,GREAT BRITAIN,128,25161500,USD,RS61428019,2025-06-24,,Arina Rodionova,Xinyu Gao,AUS,CHN,,,,3-6,5-7,O,WIMBLEDON,"The Championships, Wimbledon - Wimbledon, GBR",2025.0,Arina Rodionova,Xinyu Gao,,,,,,,,,,,,,,,,,,,,,,,,,,,,,,,,,,,,,,,,,,,,,,,,,,,,,,,,,,,,,,,,,,,,,,,,,,,,,,,,,,,,,,,,,,,,,,,,,,,,,,,,,,,,,,,,,,,,,,,,,,,,,,,,,,,,,,,,,,,,,,,,,,,,,,,,,,,,,,,,,,,,,,,,,,,,,,,,,,,,,,,
904,2025,WIMBLEDON,GC,2025-06-30,2025-07-13,Grass,WIMBLEDON,GREAT BRITAIN,128,25161500,USD,RS61428075,2025-06-24,,Gabriela Knutson,Rebecca Marino,CZE,CAN,,9.0,,6-3,3-6,O,WIMBLEDON,"The Championships, Wimbledon - Wimbledon, GBR",2025.0,Gabriela Knutson,Rebecca Marino,,,,,,,,,,,,,,,,,,,,,,,,,,,,,,,,,,,,,,,,,,,,,,,,,,,,,,,,,,,,,,,,,,,,,,,,,,,,,,,,,,,,,,,,,,,,,,,,,,,,,,,,,,,,,,,,,,,,,,,,,,,,,,,,,,,,,,,,,,,,,,,,,,,,,,,,,,,,,,,,,,,,,,,,,,,,,,,,,,,,,,,
904,2025,WIMBLEDON,GC,2025-06-30,2025-07-13,Grass,WIMBLEDON,GREAT BRITAIN,128,25161500,USD,RS61428115,2025-06-24,,Lucrezia Stefanini,Mihaela Buzarnescu,ITA,ROU,,,,1-6,5-7,O,WIMBLEDON,"The Championships, Wimbledon - Wimbledon, GBR",2025.0,Lucrezia Stefanini,Mihaela Buzarnescu,,,,,,,,,,,,,,,,,,,,,,,,,,,,,,,,,,,,,,,,,,,,,,,,,,,,,,,,,,,,,,,,,,,,,,,,,,,,,,,,,,,,,,,,,,,,,,,,,,,,,,,,,,,,,,,,,,,,,,,,,,,,,,,,,,,,,,,,,,,,,,,,,,,,,,,,,,,,,,,,,,,,,,,,,,,,,,,,,,,,,,,
904,2025,WIMBLEDON,GC,2025-06-30,2025-07-13,Grass,WIMBLEDON,GREAT BRITAIN,128,25161500,USD,RS61428123,2025-06-24,,Katarzyna Kawa,Ranah Akua Stoiber,POL,GBR,32.0,,,7-5,4-6,O,WIMBLEDON,"The Championships, Wimbledon - Wimbledon, GBR",2025.0,Katarzyna Kawa,Ranah Akua Stoiber,,,,,,,,,,,,,,,,,,,,,,,,,,,,,,,,,,,,,,,,,,,,,,,,,,,,,,,,,,,,,,,,,,,,,,,,,,,,,,,,,,,,,,,,,,,,,,,,,,,,,,,,,,,,,,,,,,,,,,,,,,,,,,,,,,,,,,,,,,,,,,,,,,,,,,,,,,,,,,,,,,,,,,,,,,,,,,,,,,,,,,,
904,2025,WIMBLEDON,GC,2025-06-30,2025-07-13,Grass,WIMBLEDON,GREAT BRITAIN,128,25161500,USD,RS61428039,2025-06-24,,Ella Seidel,Kayla Day,DEU,USA,13.0,,,2-6,6-1,O,WIMBLEDON,"The Championships, Wimbledon - Wimbledon, GBR",2025.0,Ella Seidel,Kayla Day,,,,,,,,,,,,,,,,,,,,,,,,,,,,,,,,,,,,,,,,,,,,,,,,,,,,,,,,,,,,,,,,,,,,,,,,,,,,,,,,,,,,,,,,,,,,,,,,,,,,,,,,,,,,,,,,,,,,,,,,,,,,,,,,,,,,,,,,,,,,,,,,,,,,,,,,,,,,,,,,,,,,,,,,,,,,,,,,,,,,,,,
904,2025,WIMBLEDON,GC,2025-06-30,2025-07-13,Grass,WIMBLEDON,GREAT BRITAIN,128,25161500,USD,RS61428087,2025-06-24,,Mariam Bolkvadze,Varvara Lepchenko,GEO,USA,,19.0,,7-5,6-4,O,WIMBLEDON,"The Championships, Wimbledon - Wimbledon, GBR",2025.0,Mariam Bolkvadze,Varvara Lepchenko,,,,,,,,,,,,,,,,,,,,,,,,,,,,,,,,,,,,,,,,,,,,,,,,,,,,,,,,,,,,,,,,,,,,,,,,,,,,,,,,,,,,,,,,,,,,,,,,,,,,,,,,,,,,,,,,,,,,,,,,,,,,,,,,,,,,,,,,,,,,,,,,,,,,,,,,,,,,,,,,,,,,,,,,,,,,,,,,,,,,,,,
904,2025,WIMBLEDON,GC,2025-06-30,2025-07-13,Grass,WIMBLEDON,GREAT BRITAIN,128,25161500,USD,RS61428121,2025-06-24,,Anastasia Zakharova,Lizette Cabrera,,AUS,4.0,,,6-4,2-6,O,WIMBLEDON,"The Championships, Wimbledon - Wimbledon, GBR",2025.0,Anastasia Zakharova,Lizette Cabrera,,,,,,,,,,,,,,,,,,,,,,,,,,,,,,,,,,,,,,,,,,,,,,,,,,,,,,,,,,,,,,,,,,,,,,,,,,,,,,,,,,,,,,,,,,,,,,,,,,,,,,,,,,,,,,,,,,,,,,,,,,,,,,,,,,,,,,,,,,,,,,,,,,,,,,,,,,,,,,,,,,,,,,,,,,,,,,,,,,,,,,,
904,2025,WIMBLEDON,GC,2025-06-30,2025-07-13,Grass,WIMBLEDON,GREAT BRITAIN,128,25161500,USD,RS61428037,2025-06-24,,Jule Niemeier,Mai Hontama,DEU,JPN,,,,3-6,3-6,O,WIMBLEDON,"The Championships, Wimbledon - Wimbledon, GBR",2025.0,Jule Niemeier,Mai Hontama,,,,,,,,,,,,,,,,,,,,,,,,,,,,,,,,,,,,,,,,,,,,,,,,,,,,,,,,,,,,,,,,,,,,,,,,,,,,,,,,,,,,,,,,,,,,,,,,,,,,,,,,,,,,,,,,,,,,,,,,,,,,,,,,,,,,,,,,,,,,,,,,,,,,,,,,,,,,,,,,,,,,,,,,,,,,,,,,,,,,,,,
904,2025,WIMBLEDON,GC,2025-06-30,2025-07-13,Grass,WIMBLEDON,GREAT BRITAIN,128,25161500,USD,RS61428045,2025-06-24,,Oksana Selekhmeteva,Yuriko Lily Miyazaki,,GBR,,,,6-4,4-6,O,WIMBLEDON,"The Championships, Wimbledon - Wimbledon, GBR",2025.0,Oksana Selekhmeteva,Yuriko Lily Miyazaki,,,,,,,,,,,,,,,,,,,,,,,,,,,,,,,,,,,,,,,,,,,,,,,,,,,,,,,,,,,,,,,,,,,,,,,,,,,,,,,,,,,,,,,,,,,,,,,,,,,,,,,,,,,,,,,,,,,,,,,,,,,,,,,,,,,,,,,,,,,,,,,,,,,,,,,,,,,,,,,,,,,,,,,,,,,,,,,,,,,,,,,
904,2025,WIMBLEDON,GC,2025-06-30,2025-07-13,Grass,WIMBLEDON,GREAT BRITAIN,128,25161500,USD,RS61428107,2025-06-24,,Barbora Palicova,Jazmin Ortenzi,CZE,ARG,,,,3-6,4-6,O,WIMBLEDON,"The Championships, Wimbledon - Wimbledon, GBR",2025.0,Barbora Palicova,Jazmin Ortenzi,,,,,,,,,,,,,,,,,,,,,,,,,,,,,,,,,,,,,,,,,,,,,,,,,,,,,,,,,,,,,,,,,,,,,,,,,,,,,,,,,,,,,,,,,,,,,,,,,,,,,,,,,,,,,,,,,,,,,,,,,,,,,,,,,,,,,,,,,,,,,,,,,,,,,,,,,,,,,,,,,,,,,,,,,,,,,,,,,,,,,,,
904,2025,WIMBLEDON,GC,2025-06-30,2025-07-13,Grass,WIMBLEDON,GREAT BRITAIN,128,25161500,USD,RS61428111,2025-06-24,,Veronika Erjavec,Leolia Jeanjean,SVN,FRA,,5.0,,2-6,6-3,O,WIMBLEDON,"The Championships, Wimbledon - Wimbledon, GBR",2025.0,Veronika Erjavec,Leolia Jeanjean,,,,,,,,,,,,,,,,,,,,,,,,,,,,,,,,,,,,,,,,,,,,,,,,,,,,,,,,,,,,,,,,,,,,,,,,,,,,,,,,,,,,,,,,,,,,,,,,,,,,,,,,,,,,,,,,,,,,,,,,,,,,,,,,,,,,,,,,,,,,,,,,,,,,,,,,,,,,,,,,,,,,,,,,,,,,,,,,,,,,,,,
904,2025,WIMBLEDON,GC,2025-06-30,2025-07-13,Grass,WIMBLEDON,GREAT BRITAIN,128,25161500,USD,RS61428119,2025-06-24,,Ana Bogdan,Ekaterina Makarova,ROU,,,,,6-4,6-1,O,WIMBLEDON,"The Championships, Wimbledon - Wimbledon, GBR",2025.0,Ana Bogdan,Ekaterina Makarova,,,,,,,,,,,,,,,,,,,,,,,,,,,,,,,,,,,,,,,,,,,,,,,,,,,,,,,,,,,,,,,,,,,,,,,,,,,,,,,,,,,,,,,,,,,,,,,,,,,,,,,,,,,,,,,,,,,,,,,,,,,,,,,,,,,,,,,,,,,,,,,,,,,,,,,,,,,,,,,,,,,,,,,,,,,,,,,,,,,,,,,
904,2025,WIMBLEDON,GC,2025-06-30,2025-07-13,Grass,WIMBLEDON,GREAT BRITAIN,128,25161500,USD,RS61428049,2025-06-24,,Aliaksandra Sasnovich,Carlota Martinez Cirez,,ESP,12.0,,,6-0,6-0,O,WIMBLEDON,"The Championships, Wimbledon - Wimbledon, GBR",2025.0,Aliaksandra Sasnovich,Carlota Martinez Cirez,,,,,,,,,,,,,,,,,,,,,,,,,,,,,,,,,,,,,,,,,,,,,,,,,,,,,,,,,,,,,,,,,,,,,,,,,,,,,,,,,,,,,,,,,,,,,,,,,,,,,,,,,,,,,,,,,,,,,,,,,,,,,,,,,,,,,,,,,,,,,,,,,,,,,,,,,,,,,,,,,,,,,,,,,,,,,,,,,,,,,,,
904,2025,WIMBLEDON,GC,2025-06-30,2025-07-13,Grass,WIMBLEDON,GREAT BRITAIN,128,25161500,USD,RS61428071,2025-06-24,,Whitney Osuigwe,Sinja Kraus,USA,AUT,,,,3-6,4-6,O,WIMBLEDON,"The Championships, Wimbledon - Wimbledon, GBR",2025.0,Whitney Osuigwe,Sinja Kraus,,,,,,,,,,,,,,,,,,,,,,,,,,,,,,,,,,,,,,,,,,,,,,,,,,,,,,,,,,,,,,,,,,,,,,,,,,,,,,,,,,,,,,,,,,,,,,,,,,,,,,,,,,,,,,,,,,,,,,,,,,,,,,,,,,,,,,,,,,,,,,,,,,,,,,,,,,,,,,,,,,,,,,,,,,,,,,,,,,,,,,,
904,2025,WIMBLEDON,GC,2025-06-30,2025-07-13,Grass,WIMBLEDON,GREAT BRITAIN,128,25161500,USD,RS61428105,2025-06-24,,Emily Appleton,Simona Waltert,GBR,CHE,,25.0,,6-7(4),6-4,O,WIMBLEDON,"The Championships, Wimbledon - Wimbledon, GBR",2025.0,Emily Appleton,Simona Waltert,,,,,,,,,,,,,,,,,,,,,,,,,,,,,,,,,,,,,,,,,,,,,,,,,,,,,,,,,,,,,,,,,,,,,,,,,,,,,,,,,,,,,,,,,,,,,,,,,,,,,,,,,,,,,,,,,,,,,,,,,,,,,,,,,,,,,,,,,,,,,,,,,,,,,,,,,,,,,,,,,,,,,,,,,,,,,,,,,,,,,,,
904,2025,WIMBLEDON,GC,2025-06-30,2025-07-13,Grass,WIMBLEDON,GREAT BRITAIN,128,25161500,USD,RS61428073,2025-06-24,,Lanlana Tararudee,Manon Leonard,THA,FRA,,,,7-5,6-1,O,WIMBLEDON,"The Championships, Wimbledon - Wimbledon, GBR",2025.0,Lanlana Tararudee,Manon Leonard,,,,,,,,,,,,,,,,,,,,,,,,,,,,,,,,,,,,,,,,,,,,,,,,,,,,,,,,,,,,,,,,,,,,,,,,,,,,,,,,,,,,,,,,,,,,,,,,,,,,,,,,,,,,,,,,,,,,,,,,,,,,,,,,,,,,,,,,,,,,,,,,,,,,,,,,,,,,,,,,,,,,,,,,,,,,,,,,,,,,,,,
904,2025,WIMBLEDON,GC,2025-06-30,2025-07-13,Grass,WIMBLEDON,GREAT BRITAIN,128,25161500,USD,RS61428093,2025-06-24,,Taylor Townsend,Louisa Chirico,USA,USA,7.0,,,6-4,6-2,O,WIMBLEDON,"The Championships, Wimbledon - Wimbledon, GBR",2025.0,Taylor Townsend,Louisa Chirico,,,,,,,,,,,,,,,,,,,,,,,,,,,,,,,,,,,,,,,,,,,,,,,,,,,,,,,,,,,,,,,,,,,,,,,,,,,,,,,,,,,,,,,,,,,,,,,,,,,,,,,,,,,,,,,,,,,,,,,,,,,,,,,,,,,,,,,,,,,,,,,,,,,,,,,,,,,,,,,,,,,,,,,,,,,,,,,,,,,,,,,
904,2025,WIMBLEDON,GC,2025-06-30,2025-07-13,Grass,WIMBLEDON,GREAT BRITAIN,128,25161500,USD,RS61428109,2025-06-24,,Kathinka Von Deichmann,Sayaka Ishii,LIE,JPN,,,,5-7,1-6,O,WIMBLEDON,"The Championships, Wimbledon - Wimbledon, GBR",2025.0,Kathinka Von Deichmann,Sayaka Ishii,,,,,,,,,,,,,,,,,,,,,,,,,,,,,,,,,,,,,,,,,,,,,,,,,,,,,,,,,,,,,,,,,,,,,,,,,,,,,,,,,,,,,,,,,,,,,,,,,,,,,,,,,,,,,,,,,,,,,,,,,,,,,,,,,,,,,,,,,,,,,,,,,,,,,,,,,,,,,,,,,,,,,,,,,,,,,,,,,,,,,,,
904,2025,WIMBLEDON,GC,2025-06-30,2025-07-13,Grass,WIMBLEDON,GREAT BRITAIN,128,25161500,USD,RS61428069,2025-06-24,,Shuai Zhang,Lauren Davis,CHN,USA,23.0,,,3-6,2-6,O,WIMBLEDON,"The Championships, Wimbledon - Wimbledon, GBR",2025.0,Shuai Zhang,Lauren Davis,,,,,,,,,,,,,,,,,,,,,,,,,,,,,,,,,,,,,,,,,,,,,,,,,,,,,,,,,,,,,,,,,,,,,,,,,,,,,,,,,,,,,,,,,,,,,,,,,,,,,,,,,,,,,,,,,,,,,,,,,,,,,,,,,,,,,,,,,,,,,,,,,,,,,,,,,,,,,,,,,,,,,,,,,,,,,,,,,,,,,,,
904,2025,WIMBLEDON,GC,2025-06-30,2025-07-13,Grass,WIMBLEDON,GREAT BRITAIN,128,25161500,USD,RS61428089,2025-06-24,,Celine Naef,Chloe Paquet,CHE,FRA,,,,4-6,6-4,O,WIMBLEDON,"The Championships, Wimbledon - Wimbledon, GBR",2025.0,Celine Naef,Chloe Paquet,,,,,,,,,,,,,,,,,,,,,,,,,,,,,,,,,,,,,,,,,,,,,,,,,,,,,,,,,,,,,,,,,,,,,,,,,,,,,,,,,,,,,,,,,,,,,,,,,,,,,,,,,,,,,,,,,,,,,,,,,,,,,,,,,,,,,,,,,,,,,,,,,,,,,,,,,,,,,,,,,,,,,,,,,,,,,,,,,,,,,,,
904,2025,WIMBLEDON,GC,2025-06-30,2025-07-13,Grass,WIMBLEDON,GREAT BRITAIN,128,25161500,USD,RS61428101,2025-06-24,,Nao Hibino,Victoria Mboko,JPN,CAN,,6.0,,2-6,7-6(7),O,WIMBLEDON,"The Championships, Wimbledon - Wimbledon, GBR",2025.0,Nao Hibino,Victoria Mboko,,,,,,,,,,,,,,,,,,,,,,,,,,,,,,,,,,,,,,,,,,,,,,,,,,,,,,,,,,,,,,,,,,,,,,,,,,,,,,,,,,,,,,,,,,,,,,,,,,,,,,,,,,,,,,,,,,,,,,,,,,,,,,,,,,,,,,,,,,,,,,,,,,,,,,,,,,,,,,,,,,,,,,,,,,,,,,,,,,,,,,,
904,2025,WIMBLEDON,GC,2025-06-30,2025-07-13,Grass,WIMBLEDON,GREAT BRITAIN,128,25161500,USD,RS61428005,2025-06-24,,Anouk Koevermans,Jessika Ponchet,NLD,FRA,,28.0,,6-4,6-4,O,WIMBLEDON,"The Championships, Wimbledon - Wimbledon, GBR",2025.0,Anouk Koevermans,Jessika Ponchet,,,,,,,,,,,,,,,,,,,,,,,,,,,,,,,,,,,,,,,,,,,,,,,,,,,,,,,,,,,,,,,,,,,,,,,,,,,,,,,,,,,,,,,,,,,,,,,,,,,,,,,,,,,,,,,,,,,,,,,,,,,,,,,,,,,,,,,,,,,,,,,,,,,,,,,,,,,,,,,,,,,,,,,,,,,,,,,,,,,,,,,
904,2025,WIMBLEDON,GC,2025-06-30,2025-07-13,Grass,WIMBLEDON,GREAT BRITAIN,128,25161500,USD,RS61428043,2025-06-24,,Amelia Rajecki,Iryna Shymanovich,GBR,,,,,7-6(6),7-6(2),O,WIMBLEDON,"The Championships, Wimbledon - Wimbledon, GBR",2025.0,Amelia Rajecki,Iryna Shymanovich,,,,,,,,,,,,,,,,,,,,,,,,,,,,,,,,,,,,,,,,,,,,,,,,,,,,,,,,,,,,,,,,,,,,,,,,,,,,,,,,,,,,,,,,,,,,,,,,,,,,,,,,,,,,,,,,,,,,,,,,,,,,,,,,,,,,,,,,,,,,,,,,,,,,,,,,,,,,,,,,,,,,,,,,,,,,,,,,,,,,,,,
904,2025,WIMBLEDON,GC,2025-06-30,2025-07-13,Grass,WIMBLEDON,GREAT BRITAIN,128,25161500,USD,RS61428057,2025-06-24,,Selena Janicijevic,Erika Andreeva,FRA,,,11.0,,4-6,6-7(3),O,WIMBLEDON,"The Championships, Wimbledon - Wimbledon, GBR",2025.0,Selena Janicijevic,Erika Andreeva,,,,,,,,,,,,,,,,,,,,,,,,,,,,,,,,,,,,,,,,,,,,,,,,,,,,,,,,,,,,,,,,,,,,,,,,,,,,,,,,,,,,,,,,,,,,,,,,,,,,,,,,,,,,,,,,,,,,,,,,,,,,,,,,,,,,,,,,,,,,,,,,,,,,,,,,,,,,,,,,,,,,,,,,,,,,,,,,,,,,,,,
904,2025,WIMBLEDON,GC,2025-06-30,2025-07-13,Grass,WIMBLEDON,GREAT BRITAIN,128,25161500,USD,RS61428091,2025-06-24,,Hina Inoue,Sofia Costoulas,USA,BEL,,,,2-6,6-7(3),O,WIMBLEDON,"The Championships, Wimbledon - Wimbledon, GBR",2025.0,Hina Inoue,Sofia Costoulas,,,,,,,,,,,,,,,,,,,,,,,,,,,,,,,,,,,,,,,,,,,,,,,,,,,,,,,,,,,,,,,,,,,,,,,,,,,,,,,,,,,,,,,,,,,,,,,,,,,,,,,,,,,,,,,,,,,,,,,,,,,,,,,,,,,,,,,,,,,,,,,,,,,,,,,,,,,,,,,,,,,,,,,,,,,,,,,,,,,,,,,
904,2025,WIMBLEDON,GC,2025-06-30,2025-07-13,Grass,WIMBLEDON,GREAT BRITAIN,128,25161500,USD,RS61428007,2025-06-24,,Kaja Juvan,Kyoka Okamura,SVN,JPN,,,,6-2,6-2,O,WIMBLEDON,"The Championships, Wimbledon - Wimbledon, GBR",2025.0,Kaja Juvan,Kyoka Okamura,,,,,,,,,,,,,,,,,,,,,,,,,,,,,,,,,,,,,,,,,,,,,,,,,,,,,,,,,,,,,,,,,,,,,,,,,,,,,,,,,,,,,,,,,,,,,,,,,,,,,,,,,,,,,,,,,,,,,,,,,,,,,,,,,,,,,,,,,,,,,,,,,,,,,,,,,,,,,,,,,,,,,,,,,,,,,,,,,,,,,,,
904,2025,WIMBLEDON,GC,2025-06-30,2025-07-13,Grass,WIMBLEDON,GREAT BRITAIN,128,25161500,USD,RS61428031,2025-06-24,,Jana Fett,Sijia Wei,HRV,CHN,,27.0,,6-3,6-2,O,WIMBLEDON,"The Championships, Wimbledon - Wimbledon, GBR",2025.0,Jana Fett,Sijia Wei,,,,,,,,,,,,,,,,,,,,,,,,,,,,,,,,,,,,,,,,,,,,,,,,,,,,,,,,,,,,,,,,,,,,,,,,,,,,,,,,,,,,,,,,,,,,,,,,,,,,,,,,,,,,,,,,,,,,,,,,,,,,,,,,,,,,,,,,,,,,,,,,,,,,,,,,,,,,,,,,,,,,,,,,,,,,,,,,,,,,,,,
904,2025,WIMBLEDON,GC,2025-06-30,2025-07-13,Grass,WIMBLEDON,GREAT BRITAIN,128,25161500,USD,RS61428097,2025-06-24,,Leonie Kung,Guiomar Maristany Zuleta de Reales,CHE,ESP,,,,1-6,6-3,O,WIMBLEDON,"The Championships, Wimbledon - Wimbledon, GBR",2025.0,Leonie Kung,Guiomar Maristany Zuleta de Reales,,,,,,,,,,,,,,,,,,,,,,,,,,,,,,,,,,,,,,,,,,,,,,,,,,,,,,,,,,,,,,,,,,,,,,,,,,,,,,,,,,,,,,,,,,,,,,,,,,,,,,,,,,,,,,,,,,,,,,,,,,,,,,,,,,,,,,,,,,,,,,,,,,,,,,,,,,,,,,,,,,,,,,,,,,,,,,,,,,,,,,,
904,2025,WIMBLEDON,GC,2025-06-30,2025-07-13,Grass,WIMBLEDON,GREAT BRITAIN,128,25161500,USD,RS61428051,2025-06-24,,Daria Saville,Panna Udvardy,AUS,HUN,31.0,,,7-6(2),6-1,O,WIMBLEDON,"The Championships, Wimbledon - Wimbledon, GBR",2025.0,Daria Saville,Panna Udvardy,,,,,,,,,,,,,,,,,,,,,,,,,,,,,,,,,,,,,,,,,,,,,,,,,,,,,,,,,,,,,,,,,,,,,,,,,,,,,,,,,,,,,,,,,,,,,,,,,,,,,,,,,,,,,,,,,,,,,,,,,,,,,,,,,,,,,,,,,,,,,,,,,,,,,,,,,,,,,,,,,,,,,,,,,,,,,,,,,,,,,,,
904,2025,WIMBLEDON,GC,2025-06-30,2025-07-13,Grass,WIMBLEDON,GREAT BRITAIN,128,25161500,USD,RS61428055,2025-06-24,,Petra Martic,Maddison Inglis,HRV,AUS,,,,2-6,6-3,O,WIMBLEDON,"The Championships, Wimbledon - Wimbledon, GBR",2025.0,Petra Martic,Maddison Inglis,,,,,,,,,,,,,,,,,,,,,,,,,,,,,,,,,,,,,,,,,,,,,,,,,,,,,,,,,,,,,,,,,,,,,,,,,,,,,,,,,,,,,,,,,,,,,,,,,,,,,,,,,,,,,,,,,,,,,,,,,,,,,,,,,,,,,,,,,,,,,,,,,,,,,,,,,,,,,,,,,,,,,,,,,,,,,,,,,,,,,,,
904,2025,WIMBLEDON,GC,2025-06-30,2025-07-13,Grass,WIMBLEDON,GREAT BRITAIN,128,25161500,USD,RS61428053,2025-06-24,,Destanee Aiava,Petra Marcinko,AUS,HRV,,,,6-4,5-7,O,WIMBLEDON,"The Championships, Wimbledon - Wimbledon, GBR",2025.0,Destanee Aiava,Petra Marcinko,,,,,,,,,,,,,,,,,,,,,,,,,,,,,,,,,,,,,,,,,,,,,,,,,,,,,,,,,,,,,,,,,,,,,,,,,,,,,,,,,,,,,,,,,,,,,,,,,,,,,,,,,,,,,,,,,,,,,,,,,,,,,,,,,,,,,,,,,,,,,,,,,,,,,,,,,,,,,,,,,,,,,,,,,,,,,,,,,,,,,,,
904,2025,WIMBLEDON,GC,2025-06-30,2025-07-13,Grass,WIMBLEDON,GREAT BRITAIN,128,25161500,USD,RS61428095,2025-06-24,,Priscilla Hon,Elena Pridankina,AUS,,30.0,,,5-7,6-3,O,WIMBLEDON,"The Championships, Wimbledon - Wimbledon, GBR",2025.0,Priscilla Hon,Elena Pridankina,,,,,,,,,,,,,,,,,,,,,,,,,,,,,,,,,,,,,,,,,,,,,,,,,,,,,,,,,,,,,,,,,,,,,,,,,,,,,,,,,,,,,,,,,,,,,,,,,,,,,,,,,,,,,,,,,,,,,,,,,,,,,,,,,,,,,,,,,,,,,,,,,,,,,,,,,,,,,,,,,,,,,,,,,,,,,,,,,,,,,,,
904,2025,WIMBLEDON,GC,2025-06-30,2025-07-13,Grass,WIMBLEDON,GREAT BRITAIN,128,25161500,USD,RS61428099,2025-06-24,,Astra Sharma,Valentina Ryser,AUS,CHE,,,,6-4,7-6(3),O,WIMBLEDON,"The Championships, Wimbledon - Wimbledon, GBR",2025.0,Astra Sharma,Valentina Ryser,,,,,,,,,,,,,,,,,,,,,,,,,,,,,,,,,,,,,,,,,,,,,,,,,,,,,,,,,,,,,,,,,,,,,,,,,,,,,,,,,,,,,,,,,,,,,,,,,,,,,,,,,,,,,,,,,,,,,,,,,,,,,,,,,,,,,,,,,,,,,,,,,,,,,,,,,,,,,,,,,,,,,,,,,,,,,,,,,,,,,,,
904,2025,WIMBLEDON,GC,2025-06-30,2025-07-13,Grass,WIMBLEDON,GREAT BRITAIN,128,25161500,USD,RS61428035,2025-06-24,,Daria Snigur,Berfu Cengiz,UKR,TUR,,,,3-6,1-6,O,WIMBLEDON,"The Championships, Wimbledon - Wimbledon, GBR",2025.0,Daria Snigur,Berfu Cengiz,,,,,,,,,,,,,,,,,,,,,,,,,,,,,,,,,,,,,,,,,,,,,,,,,,,,,,,,,,,,,,,,,,,,,,,,,,,,,,,,,,,,,,,,,,,,,,,,,,,,,,,,,,,,,,,,,,,,,,,,,,,,,,,,,,,,,,,,,,,,,,,,,,,,,,,,,,,,,,,,,,,,,,,,,,,,,,,,,,,,,,,
904,2025,WIMBLEDON,GC,2025-06-30,2025-07-13,Grass,WIMBLEDON,GREAT BRITAIN,128,25161500,USD,RS61428141,2025-06-24,,Raluca Georgiana Serban,Maja Chwalinska,CYP,POL,,22.0,,6-4,3-6,O,WIMBLEDON,"The Championships, Wimbledon - Wimbledon, GBR",2025.0,Raluca Georgiana Serban,Maja Chwalinska,,,,,,,,,,,,,,,,,,,,,,,,,,,,,,,,,,,,,,,,,,,,,,,,,,,,,,,,,,,,,,,,,,,,,,,,,,,,,,,,,,,,,,,,,,,,,,,,,,,,,,,,,,,,,,,,,,,,,,,,,,,,,,,,,,,,,,,,,,,,,,,,,,,,,,,,,,,,,,,,,,,,,,,,,,,,,,,,,,,,,,,
904,2025,WIMBLEDON,GC,2025-06-30,2025-07-13,Grass,WIMBLEDON,GREAT BRITAIN,128,25161500,USD,RS61428041,2025-06-24,,Darja Semenistaja,Ella McDonald,LVA,GBR,26.0,,,6-4,5-7,O,WIMBLEDON,"The Championships, Wimbledon - Wimbledon, GBR",2025.0,Darja Semenistaja,Ella McDonald,,,,,,,,,,,,,,,,,,,,,,,,,,,,,,,,,,,,,,,,,,,,,,,,,,,,,,,,,,,,,,,,,,,,,,,,,,,,,,,,,,,,,,,,,,,,,,,,,,,,,,,,,,,,,,,,,,,,,,,,,,,,,,,,,,,,,,,,,,,,,,,,,,,,,,,,,,,,,,,,,,,,,,,,,,,,,,,,,,,,,,,
904,2025,WIMBLEDON,GC,2025-06-30,2025-07-13,Grass,WIMBLEDON,GREAT BRITAIN,128,25161500,USD,RS61428143,2025-06-24,,Xiyu Wang,Kristina Dmitruk,CHN,,,,,7-5,3-6,O,WIMBLEDON,"The Championships, Wimbledon - Wimbledon, GBR",2025.0,Xiyu Wang,Kristina Dmitruk,,,,,,,,,,,,,,,,,,,,,,,,,,,,,,,,,,,,,,,,,,,,,,,,,,,,,,,,,,,,,,,,,,,,,,,,,,,,,,,,,,,,,,,,,,,,,,,,,,,,,,,,,,,,,,,,,,,,,,,,,,,,,,,,,,,,,,,,,,,,,,,,,,,,,,,,,,,,,,,,,,,,,,,,,,,,,,,,,,,,,,,
904,2025,WIMBLEDON,GC,2025-06-30,2025-07-13,Grass,WIMBLEDON,GREAT BRITAIN,128,25161500,USD,RS61428009,2025-06-24,,Kayla Cross,Patricia Maria Tig,CAN,ROU,,,,4-6,7-6(4),O,WIMBLEDON,"The Championships, Wimbledon - Wimbledon, GBR",2025.0,Kayla Cross,Patricia Maria Tig,,,,,,,,,,,,,,,,,,,,,,,,,,,,,,,,,,,,,,,,,,,,,,,,,,,,,,,,,,,,,,,,,,,,,,,,,,,,,,,,,,,,,,,,,,,,,,,,,,,,,,,,,,,,,,,,,,,,,,,,,,,,,,,,,,,,,,,,,,,,,,,,,,,,,,,,,,,,,,,,,,,,,,,,,,,,,,,,,,,,,,,
904,2025,WIMBLEDON,GC,2025-06-30,2025-07-13,Grass,WIMBLEDON,GREAT BRITAIN,128,25161500,USD,RS61428011,2025-06-24,,Hanne Vandewinkel,Robin Montgomery,BEL,USA,,16.0,,7-6(6),6-7(3),O,WIMBLEDON,"The Championships, Wimbledon - Wimbledon, GBR",2025.0,Hanne Vandewinkel,Robin Montgomery,,,,,,,,,,,,,,,,,,,,,,,,,,,,,,,,,,,,,,,,,,,,,,,,,,,,,,,,,,,,,,,,,,,,,,,,,,,,,,,,,,,,,,,,,,,,,,,,,,,,,,,,,,,,,,,,,,,,,,,,,,,,,,,,,,,,,,,,,,,,,,,,,,,,,,,,,,,,,,,,,,,,,,,,,,,,,,,,,,,,,,,
904,2025,WIMBLEDON,GC,2025-06-30,2025-07-13,Grass,WIMBLEDON,GREAT BRITAIN,128,25161500,USD,RS61428077,2025-06-24,,Diane Parry,Oleksandra Oliynykova,FRA,UKR,17.0,,,1-6,6-3,O,WIMBLEDON,"The Championships, Wimbledon - Wimbledon, GBR",2025.0,Diane Parry,Oleksandra Oliynykova,,,,,,,,,,,,,,,,,,,,,,,,,,,,,,,,,,,,,,,,,,,,,,,,,,,,,,,,,,,,,,,,,,,,,,,,,,,,,,,,,,,,,,,,,,,,,,,,,,,,,,,,,,,,,,,,,,,,,,,,,,,,,,,,,,,,,,,,,,,,,,,,,,,,,,,,,,,,,,,,,,,,,,,,,,,,,,,,,,,,,,,
904,2025,WIMBLEDON,GC,2025-06-30,2025-07-13,Grass,WIMBLEDON,GREAT BRITAIN,128,25161500,USD,RS61428079,2025-06-24,,Mona Barthel,Alina Charaeva,DEU,,,,,7-6(3),6-1,O,WIMBLEDON,"The Championships, Wimbledon - Wimbledon, GBR",2025.0,Mona Barthel,Alina Charaeva,,,,,,,,,,,,,,,,,,,,,,,,,,,,,,,,,,,,,,,,,,,,,,,,,,,,,,,,,,,,,,,,,,,,,,,,,,,,,,,,,,,,,,,,,,,,,,,,,,,,,,,,,,,,,,,,,,,,,,,,,,,,,,,,,,,,,,,,,,,,,,,,,,,,,,,,,,,,,,,,,,,,,,,,,,,,,,,,,,,,,,,
904,2025,WIMBLEDON,GC,2025-06-30,2025-07-13,Grass,WIMBLEDON,GREAT BRITAIN,128,25161500,USD,RS61428081,2025-06-24,,Hanna Chang,Lola Radivojevic,USA,SRB,,,,4-6,7-6(3),O,WIMBLEDON,"The Championships, Wimbledon - Wimbledon, GBR",2025.0,Hanna Chang,Lola Radivojevic,,,,,,,,,,,,,,,,,,,,,,,,,,,,,,,,,,,,,,,,,,,,,,,,,,,,,,,,,,,,,,,,,,,,,,,,,,,,,,,,,,,,,,,,,,,,,,,,,,,,,,,,,,,,,,,,,,,,,,,,,,,,,,,,,,,,,,,,,,,,,,,,,,,,,,,,,,,,,,,,,,,,,,,,,,,,,,,,,,,,,,,
904,2025,WIMBLEDON,GC,2025-06-30,2025-07-13,Grass,WIMBLEDON,GREAT BRITAIN,128,25161500,USD,RS61428085,2025-06-24,,Emerson Jones,Antonia Ruzic,AUS,HRV,,8.0,,1-6,6-0,O,WIMBLEDON,"The Championships, Wimbledon - Wimbledon, GBR",2025.0,Emerson Jones,Antonia Ruzic,,,,,,,,,,,,,,,,,,,,,,,,,,,,,,,,,,,,,,,,,,,,,,,,,,,,,,,,,,,,,,,,,,,,,,,,,,,,,,,,,,,,,,,,,,,,,,,,,,,,,,,,,,,,,,,,,,,,,,,,,,,,,,,,,,,,,,,,,,,,,,,,,,,,,,,,,,,,,,,,,,,,,,,,,,,,,,,,,,,,,,,
904,2025,WIMBLEDON,GC,2025-06-30,2025-07-13,Grass,WIMBLEDON,GREAT BRITAIN,128,25161500,USD,RS61428145,2025-06-24,,Bianca Andreescu,Laura Pigossi,CAN,BRA,,,,6-2,6-1,O,WIMBLEDON,"The Championships, Wimbledon - Wimbledon, GBR",2025.0,Bianca Andreescu,Laura Pigossi,,,,,,,,,,,,,,,,,,,,,,,,,,,,,,,,,,,,,,,,,,,,,,,,,,,,,,,,,,,,,,,,,,,,,,,,,,,,,,,,,,,,,,,,,,,,,,,,,,,,,,,,,,,,,,,,,,,,,,,,,,,,,,,,,,,,,,,,,,,,,,,,,,,,,,,,,,,,,,,,,,,,,,,,,,,,,,,,,,,,,,,
904,2025,WIMBLEDON,GC,2025-06-30,2025-07-13,Grass,WIMBLEDON,GREAT BRITAIN,128,25161500,USD,RS61428149,2025-06-24,,Carson Branstine,Lois Boisson,CAN,FRA,,1.0,,2-6,7-6(1),O,WIMBLEDON,"The Championships, Wimbledon - Wimbledon, GBR",2025.0,Carson Branstine,Lois Boisson,,,,,,,,,,,,,,,,,,,,,,,,,,,,,,,,,,,,,,,,,,,,,,,,,,,,,,,,,,,,,,,,,,,,,,,,,,,,,,,,,,,,,,,,,,,,,,,,,,,,,,,,,,,,,,,,,,,,,,,,,,,,,,,,,,,,,,,,,,,,,,,,,,,,,,,,,,,,,,,,,,,,,,,,,,,,,,,,,,,,,,,
904,2025,WIMBLEDON,GC,2025-06-30,2025-07-13,Grass,WIMBLEDON,GREAT BRITAIN,128,25161500,USD,RS61428023,2025-06-24,,Joanna Garland,Maria Carle,TPE,ARG,,20.0,,6-1,3-6,O,WIMBLEDON,"The Championships, Wimbledon - Wimbledon, GBR",2025.0,Joanna Garland,Maria Carle,,,,,,,,,,,,,,,,,,,,,,,,,,,,,,,,,,,,,,,,,,,,,,,,,,,,,,,,,,,,,,,,,,,,,,,,,,,,,,,,,,,,,,,,,,,,,,,,,,,,,,,,,,,,,,,,,,,,,,,,,,,,,,,,,,,,,,,,,,,,,,,,,,,,,,,,,,,,,,,,,,,,,,,,,,,,,,,,,,,,,,,
904,2025,WIMBLEDON,GC,2025-06-30,2025-07-13,Grass,WIMBLEDON,GREAT BRITAIN,128,25161500,USD,RS61428025,2025-06-24,,Renata Jamrichova,Tamara Korpatsch,SVK,DEU,,,,1-6,7-5,O,WIMBLEDON,"The Championships, Wimbledon - Wimbledon, GBR",2025.0,Renata Jamrichova,Tamara Korpatsch,,,,,,,,,,,,,,,,,,,,,,,,,,,,,,,,,,,,,,,,,,,,,,,,,,,,,,,,,,,,,,,,,,,,,,,,,,,,,,,,,,,,,,,,,,,,,,,,,,,,,,,,,,,,,,,,,,,,,,,,,,,,,,,,,,,,,,,,,,,,,,,,,,,,,,,,,,,,,,,,,,,,,,,,,,,,,,,,,,,,,,,
904,2025,WIMBLEDON,GC,2025-06-30,2025-07-13,Grass,WIMBLEDON,GREAT BRITAIN,128,25161500,USD,RS61428027,2025-06-24,,Nina Stojanovic,Susan Bandecchi,SRB,CHE,,,,6-3,6-7(1),O,WIMBLEDON,"The Championships, Wimbledon - Wimbledon, GBR",2025.0,Nina Stojanovic,Susan Bandecchi,,,,,,,,,,,,,,,,,,,,,,,,,,,,,,,,,,,,,,,,,,,,,,,,,,,,,,,,,,,,,,,,,,,,,,,,,,,,,,,,,,,,,,,,,,,,,,,,,,,,,,,,,,,,,,,,,,,,,,,,,,,,,,,,,,,,,,,,,,,,,,,,,,,,,,,,,,,,,,,,,,,,,,,,,,,,,,,,,,,,,,,
904,2025,WIMBLEDON,GC,2025-06-30,2025-07-13,Grass,WIMBLEDON,GREAT BRITAIN,128,25161500,USD,RS61428029,2025-06-24,,Rebeka Masarova,Alina Korneeva,CHE,,14.0,,,6-0,7-5,O,WIMBLEDON,"The Championships, Wimbledon - Wimbledon, GBR",2025.0,Rebeka Masarova,Alina Korneeva,,,,,,,,,,,,,,,,,,,,,,,,,,,,,,,,,,,,,,,,,,,,,,,,,,,,,,,,,,,,,,,,,,,,,,,,,,,,,,,,,,,,,,,,,,,,,,,,,,,,,,,,,,,,,,,,,,,,,,,,,,,,,,,,,,,,,,,,,,,,,,,,,,,,,,,,,,,,,,,,,,,,,,,,,,,,,,,,,,,,,,,
904,2025,WIMBLEDON,GC,2025-06-30,2025-07-13,Grass,WIMBLEDON,GREAT BRITAIN,128,25161500,USD,RS61428059,2025-06-24,,Talia Gibson,Andrea Lazaro Garcia,AUS,ESP,24.0,,,3-6,3-6,O,WIMBLEDON,"The Championships, Wimbledon - Wimbledon, GBR",2025.0,Talia Gibson,Andrea Lazaro Garcia,,,,,,,,,,,,,,,,,,,,,,,,,,,,,,,,,,,,,,,,,,,,,,,,,,,,,,,,,,,,,,,,,,,,,,,,,,,,,,,,,,,,,,,,,,,,,,,,,,,,,,,,,,,,,,,,,,,,,,,,,,,,,,,,,,,,,,,,,,,,,,,,,,,,,,,,,,,,,,,,,,,,,,,,,,,,,,,,,,,,,,,
904,2025,WIMBLEDON,GC,2025-06-30,2025-07-13,Grass,WIMBLEDON,GREAT BRITAIN,128,25161500,USD,RS61428061,2025-06-24,,Arianne Hartono,Tamara Zidansek,NLD,SVN,,,,6-3,6-4,O,WIMBLEDON,"The Championships, Wimbledon - Wimbledon, GBR",2025.0,Arianne Hartono,Tamara Zidansek,,,,,,,,,,,,,,,,,,,,,,,,,,,,,,,,,,,,,,,,,,,,,,,,,,,,,,,,,,,,,,,,,,,,,,,,,,,,,,,,,,,,,,,,,,,,,,,,,,,,,,,,,,,,,,,,,,,,,,,,,,,,,,,,,,,,,,,,,,,,,,,,,,,,,,,,,,,,,,,,,,,,,,,,,,,,,,,,,,,,,,,
904,2025,WIMBLEDON,GC,2025-06-30,2025-07-13,Grass,WIMBLEDON,GREAT BRITAIN,128,25161500,USD,RS61428063,2025-06-24,,Leyre Romero Gormaz,Katie Swan,ESP,GBR,,,,6-7(2),6-7(6),O,WIMBLEDON,"The Championships, Wimbledon - Wimbledon, GBR",2025.0,Leyre Romero Gormaz,Katie Swan,,,,,,,,,,,,,,,,,,,,,,,,,,,,,,,,,,,,,,,,,,,,,,,,,,,,,,,,,,,,,,,,,,,,,,,,,,,,,,,,,,,,,,,,,,,,,,,,,,,,,,,,,,,,,,,,,,,,,,,,,,,,,,,,,,,,,,,,,,,,,,,,,,,,,,,,,,,,,,,,,,,,,,,,,,,,,,,,,,,,,,,
904,2025,WIMBLEDON,GC,2025-06-30,2025-07-13,Grass,WIMBLEDON,GREAT BRITAIN,128,25161500,USD,RS61428067,2025-06-24,,Solana Sierra,Tessah Andrianjafitrimo,ARG,FRA,10.0,,,6-1,6-3,O,WIMBLEDON,"The Championships, Wimbledon - Wimbledon, GBR",2025.0,Solana Sierra,Tessah Andrianjafitrimo,,,,,,,,,,,,,,,,,,,,,,,,,,,,,,,,,,,,,,,,,,,,,,,,,,,,,,,,,,,,,,,,,,,,,,,,,,,,,,,,,,,,,,,,,,,,,,,,,,,,,,,,,,,,,,,,,,,,,,,,,,,,,,,,,,,,,,,,,,,,,,,,,,,,,,,,,,,,,,,,,,,,,,,,,,,,,,,,,,,,,,,
