tourney_id,tourney_year,tourney_name,level,start_date,end_date,surface,city,country,singles_draw_size,prize_money,prize_money_currency,match_id,date,round,winner,loser,winner_country,loser_country,winner_seed,loser_seed,set1_score,set2_score,set3_score,indoor_outdoor,player_id_winner,player_id_loser,event_id,event_year,player_a,player_b,country_a,country_b,seed_a,seed_b,winner_flag_raw,winner_player_name,loser_player_name,num_sets,score_string,match_timestamp,match_date,match_time_total,tournament_name,tournament_title,liveScoringId,venue_id,venue_name,PlayerIDA,PlayerIDA2,PlayerIDB,PlayerIDB2,settime_set1,winner_score_set1,loser_score_set1,winner_scoret_set1,loser_scoret_set1,winner_aces_set1,loser_aces_set1,winner_dblflt_set1,loser_dblflt_set1,winner_ptswon1stserv_set1,loser_ptswon1stserv_set1,winner_ptsplayed1stserv_set1,loser_ptsplayed1stserv_set1,winner_ptstotwonserv_set1,loser_ptstotwonserv_set1,winner_totservplayed_set1,loser_totservplayed_set1,winner_breakptsconv_set1,loser_breakptsconv_set1,winner_breakptsplayed_set1,loser_breakptsplayed_set1,winner_servgamesplayed_set1,loser_servgamesplayed_set1,winner_pts1stservlost_set1,loser_pts1stservlost_set1,winner_totptswon_set1,loser_totptswon_set1,winner_acesss_set1,loser_acesss_set1,settime_set2,winner_score_set2,loser_score_set2,winner_scoret_set2,loser_scoret_set2,winner_aces_set2,loser_aces_set2,winner_dblflt_set2,loser_dblflt_set2,winner_ptswon1stserv_set2,loser_ptswon1stserv_set2,winner_ptsplayed1stserv_set2,loser_ptsplayed1stserv_set2,winner_ptstotwonserv_set2,loser_ptstotwonserv_set2,winner_totservplayed_set2,loser_totservplayed_set2,winner_breakptsconv_set2,loser_breakptsconv_set2,winner_breakptsplayed_set2,loser_breakptsplayed_set2,winner_servgamesplayed_set2,loser_servgamesplayed_set2,winner_pts1stservlost_set2,loser_pts1stservlost_set2,winner_totptswon_set2,loser_totptswon_set2,winner_acesss_set2,loser_acesss_set2,settime_set3,winner_score_set3,loser_score_set3,winner_scoret_set3,loser_scoret_set3,winner_aces_set3,loser_aces_set3,winner_dblflt_set3,loser_dblflt_set3,winner_ptswon1stserv_set3,loser_ptswon1stserv_set3,winner_ptsplayed1stserv_set3,loser_ptsplayed1stserv_set3,winner_ptstotwonserv_set3,loser_ptstotwonserv_set3,winner_totservplayed_set3,loser_totservplayed_set3,winner_breakptsconv_set3,loser_breakptsconv_set3,winner_breakptsplayed_set3,loser_breakptsplayed_set3,winner_servgamesplayed_set3,loser_servgamesplayed_set3,winner_pts1stservlost_set3,loser_pts1stservlost_set3,winner_totptswon_set3,loser_totptswon_set3,winner_acesss_set3,loser_acesss_set3,aces_set1,aces_set2,aces_set3,dblflt_set1,dblflt_set2,dblflt_set3,match_message,match_status,set4_score,set5_score,winner_flag,doublefaults_tot_winner,doublefaults_tot_loser,aces_tot_winner,aces_tot_loser,firstserve_dividend_tot_winner,firstserve_dividend_tot_loser,firstserve_divisor_tot_winner,firstserve_divisor_tot_loser,firstserve_percent_tot_winner,firstserve_percent_tot_loser,firstservepointswon_dividend_tot_winner,firstservepointswon_dividend_tot_loser,firstservepointswon_divisor_tot_winner,firstservepointswon_divisor_tot_loser,firstservepointswon_percent_tot_winner,firstservepointswon_percent_tot_loser,secondservepointswon_percent_tot_winner,secondservepointswon_dividend_tot_winner,secondservepointswon_divisor_tot_winner,secondservepointswon_percent_tot_loser,secondservepointswon_dividend_tot_loser,secondservepointswon_divisor_tot_loser,breakpointssaved_dividend_tot_winner,breakpointssaved_divisor_tot_winner,breakpointssaved_percent_tot_winner,servicegamesplayed_tot_winner,servicegamesplayed_tot_loser,serverating_tot_winner,serverating_tot_loser,totalservicepointswon_dividend_tot_winner,totalservicepointswon_percent_tot_winner,totalreturnpointswon_percent_tot_winner,totalpointswon_percent_tot_winner,tiebreak_set1_winner,tiebreak_set1_loser,tiebreak_set2_winner,tiebreak_set2_loser,tiebreak_set3_winner,tiebreak_set3_loser,player_winner,player_loser,country_winner,country_loser,seed_winner,seed_loser,serveratinglink_tot_winner,serveratinglink_tot_loser,breakpointssaved_percent_tot_loser,breakpointssaved_dividend_tot_loser,breakpointssaved_divisor_tot_loser
2023,2020,Prague 125K,125K,2020-08-29,2020-09-06,Clay,PRAGUE,Czech Republic,128,3125000,USD,LS001,2020-09-06,F,Kristina Kucova,Elisabetta Cocciaretto,SVK,ITA,18.0,2.0,6-4,6-3,,O,312673,327909,2023,2020,Kristina Kucova,Elisabetta Cocciaretto,SVK,ITA,18,2,2,Kristina Kucova,Elisabetta Cocciaretto,2,"6-4,6-3",2020-09-06T08:08:30+00:00,2020-09-06,01:30:21,Prague 125K,Prague Open,2023,,,312673,,327909,,00:46:00,6,4,,0,1.0,0.0,6.0,0.0,19.0,15.0,21.0,24.0,25.0,20.0,36.0,34.0,1.0,0.0,2.0,2.0,5.0,5.0,2.0,9.0,39.0,31.0,0.0,0.0,00:44:21,6,3,,0,0.0,1.0,5.0,1.0,14.0,11.0,19.0,23.0,16.0,16.0,28.0,34.0,3.0,1.0,5.0,1.0,4.0,5.0,5.0,12.0,34.0,28.0,0.0,0.0,,,,,,,,,,,,,,,,,,,,,,,,,,,,,,,,,,,,,,,,,,,,,,,,,,,,,,,,,,,,,,,,10,,,,,,,,,,,,,,,,,,,,,,,,,,
2023,2020,Prague 125K,125K,2020-08-29,2020-09-06,Clay,PRAGUE,Czech Republic,128,3125000,USD,LS002,2020-09-05,S,Kristina Kucova,Ivana Jorovic,SVK,SRB,18.0,,6-3,6-1,,O,312673,320360,2023,2020,Kristina Kucova,Ivana Jorovic,SVK,SRB,18,,2,Kristina Kucova,Ivana Jorovic,2,"6-3,6-1",2020-09-05T09:48:11+00:00,2020-09-05,01:04:09,Prague 125K,Prague Open,2023,,,312673,,320360,,00:35:28,6,3,,0,1.0,4.0,1.0,2.0,10.0,12.0,14.0,18.0,14.0,14.0,21.0,32.0,3.0,1.0,3.0,2.0,4.0,5.0,4.0,6.0,32.0,21.0,0.0,0.0,00:28:41,6,1,,0,0.0,0.0,0.0,0.0,8.0,5.0,9.0,10.0,16.0,8.0,17.0,17.0,2.0,0.0,3.0,0.0,4.0,3.0,1.0,5.0,25.0,9.0,0.0,0.0,,,,,,,,,,,,,,,,,,,,,,,,,,,,,,,,,,,,,,,,,,,,,,,,,,,,,,,,,,,,,,,,8,,,,,,,,,,,,,,,,,,,,,,,,,,
2023,2020,Prague 125K,125K,2020-08-29,2020-09-06,Clay,PRAGUE,Czech Republic,128,3125000,USD,LS003,2020-09-05,S,Elisabetta Cocciaretto,Nadia Podoroska,ITA,ARG,2.0,12.0,6-4,6-3,,O,327909,319112,2023,2020,Nadia Podoroska,Elisabetta Cocciaretto,ARG,ITA,12,2,3,Elisabetta Cocciaretto,Nadia Podoroska,2,"6-4,6-3",2020-09-05T08:08:28+00:00,2020-09-05,01:21:37,Prague 125K,Prague Open,2023,,,319112,,327909,,00:46:00,6,4,0,,0.0,0.0,3.0,2.0,11.0,5.0,26.0,17.0,18.0,11.0,39.0,29.0,4.0,3.0,4.0,6.0,5.0,5.0,15.0,12.0,36.0,32.0,0.0,0.0,00:35:37,6,3,0,,0.0,1.0,0.0,1.0,21.0,12.0,28.0,17.0,22.0,14.0,31.0,21.0,1.0,0.0,2.0,2.0,5.0,4.0,7.0,5.0,29.0,23.0,0.0,0.0,,,,,,,,,,,,,,,,,,,,,,,,,,,,,,,,,,,,,,,,,,,,,,,,,,,,,,,,,,,,,,,,14,,,,,,,,,,,,,,,,,,,,,,,,,,
2023,2020,Prague 125K,125K,2020-08-29,2020-09-06,Clay,PRAGUE,Czech Republic,128,3125000,USD,LS004,2020-09-04,Q,Kristina Kucova,Francesca Jones,SVK,GBR,18.0,18.0,6-0,6-2,,O,312673,324479,2023,2020,Francesca Jones,Kristina Kucova,GBR,SVK,,18,3,Kristina Kucova,Francesca Jones,2,"6-0,6-2",2020-09-04T08:10:03+00:00,2020-09-04,01:16:16,Prague 125K,Prague Open,2023,,,324479,,312673,,00:35:17,6,0,0,,2.0,0.0,2.0,1.0,8.0,11.0,9.0,27.0,13.0,14.0,19.0,34.0,3.0,0.0,6.0,2.0,3.0,3.0,1.0,16.0,33.0,20.0,0.0,0.0,00:40:59,6,2,0,,0.0,0.0,1.0,0.0,11.0,12.0,14.0,22.0,13.0,14.0,23.0,30.0,3.0,1.0,6.0,1.0,4.0,4.0,3.0,10.0,29.0,24.0,0.0,0.0,,,,,,,,,,,,,,,,,,,,,,,,,,,,,,,,,,,,,,,,,,,,,,,,,,,,,,,,,,,,,,,,15,,,,,,,,,,,,,,,,,,,,,,,,,,
2023,2020,Prague 125K,125K,2020-08-29,2020-09-06,Clay,PRAGUE,Czech Republic,128,3125000,USD,LS005,2020-09-04,Q,Ivana Jorovic,Cagla Buyukakcay,SRB,TUR,,27.0,6-3,6-3,,O,320360,312292,2023,2020,Ivana Jorovic,Cagla Buyukakcay,SRB,TUR,,27,2,Ivana Jorovic,Cagla Buyukakcay,2,"6-3,6-3",2020-09-04T12:06:42+00:00,2020-09-04,01:48:01,Prague 125K,Prague Open,2023,,,320360,,312292,,01:03:26,6,3,,0,1.0,0.0,2.0,3.0,21.0,9.0,36.0,15.0,31.0,14.0,57.0,28.0,2.0,1.0,4.0,9.0,5.0,4.0,15.0,6.0,45.0,40.0,0.0,0.0,00:44:35,6,3,,0,1.0,0.0,3.0,4.0,10.0,11.0,12.0,17.0,12.0,13.0,18.0,29.0,3.0,1.0,4.0,1.0,4.0,5.0,2.0,6.0,28.0,19.0,0.0,0.0,,,,,,,,,,,,,,,,,,,,,,,,,,,,,,,,,,,,,,,,,,,,,,,,,,,,,,,,,,,,,,,,18,,,,,,,,,,,,,,,,,,,,,,,,,,
2023,2020,Prague 125K,125K,2020-08-29,2020-09-06,Clay,PRAGUE,Czech Republic,128,3125000,USD,LS006,2020-09-04,Q,Nadia Podoroska,Marina Melnikova,ARG,RUS,12.0,,6-2,6-2,,O,319112,314527,2023,2020,Nadia Podoroska,Marina Melnikova,ARG,RUS,12,,2,Nadia Podoroska,Marina Melnikova,2,"6-2,6-2",2020-09-04T08:10:45+00:00,2020-09-04,01:10:39,Prague 125K,Prague Open,2023,,,319112,,314527,,00:37:00,6,2,,0,0.0,1.0,1.0,0.0,14.0,8.0,17.0,17.0,16.0,11.0,24.0,23.0,2.0,0.0,5.0,0.0,4.0,4.0,3.0,9.0,28.0,19.0,0.0,0.0,00:33:39,6,2,,0,0.0,0.0,0.0,1.0,13.0,10.0,16.0,18.0,18.0,11.0,24.0,24.0,2.0,0.0,3.0,3.0,4.0,4.0,3.0,8.0,31.0,17.0,0.0,0.0,,,,,,,,,,,,,,,,,,,,,,,,,,,,,,,,,,,,,,,,,,,,,,,,,,,,,,,,,,,,,,,,11,,,,,,,,,,,,,,,,,,,,,,,,,,
2023,2020,Prague 125K,125K,2020-08-29,2020-09-06,Clay,PRAGUE,Czech Republic,128,3125000,USD,LS007,2020-09-04,Q,Elisabetta Cocciaretto,Anna Karolina Schmiedlova,ITA,SVK,2.0,24.0,3-6,6-2,6-1,O,327909,318203,2023,2020,Anna Karolina Schmiedlova,Elisabetta Cocciaretto,SVK,ITA,24,2,3,Elisabetta Cocciaretto,Anna Karolina Schmiedlova,3,"3-6,6-2,6-1",2020-09-04T09:45:53+00:00,2020-09-04,02:01:10,Prague 125K,Prague Open,2023,,,318203,,327909,,00:47:09,3,6,0,,0.0,1.0,2.0,0.0,13.0,10.0,24.0,18.0,15.0,16.0,34.0,32.0,2.0,3.0,5.0,8.0,4.0,5.0,11.0,8.0,31.0,35.0,0.0,0.0,00:36:30,6,2,0,,0.0,2.0,0.0,1.0,11.0,8.0,15.0,13.0,16.0,11.0,22.0,22.0,2.0,0.0,3.0,0.0,4.0,4.0,4.0,5.0,27.0,17.0,0.0,0.0,00:37:31,6,1,0,,1.0,0.0,2.0,0.0,15.0,5.0,20.0,10.0,20.0,6.0,29.0,17.0,2.0,0.0,2.0,2.0,4.0,3.0,5.0,5.0,31.0,15.0,0.0,0.0,,,,,,,,,,,,4.0,1.0,1.0,3.0,59.0,41.0,85.0,71.0,0.6941176470588235,0.5774647887323944,39.0,23.0,59.0,41.0,0.6610169491525424,0.5609756097560976,,,,,,,7.0,20,0.35,12.0,12.0,,,,,,,,,,,,,,,,,,,,,,,
2023,2020,Prague 125K,125K,2020-08-29,2020-09-06,Clay,PRAGUE,Czech Republic,128,3125000,USD,LS008,2020-09-03,4,Francesca Jones,Sabine Lisicki,GBR,GER,,,6-4,5-7,6-4,O,324479,312520,2023,2020,Francesca Jones,Sabine Lisicki,GBR,GER,,,2,Francesca Jones,Sabine Lisicki,3,"6-4,5-7,6-4",2020-09-03T08:09:25+00:00,2020-09-03,02:28:49,Prague 125K,Prague Open,2023,,,324479,,312520,,00:36:12,6,4,,0,0.0,4.0,3.0,2.0,10.0,7.0,14.0,13.0,15.0,14.0,27.0,28.0,3.0,2.0,6.0,2.0,5.0,5.0,4.0,6.0,29.0,26.0,0.0,0.0,01:00:05,5,7,,0,0.0,2.0,1.0,2.0,20.0,10.0,34.0,17.0,27.0,19.0,54.0,30.0,2.0,3.0,3.0,9.0,6.0,6.0,14.0,7.0,38.0,46.0,0.0,0.0,00:52:32,6,4,,0,0.0,1.0,1.0,1.0,16.0,9.0,31.0,16.0,21.0,12.0,42.0,26.0,3.0,2.0,3.0,7.0,5.0,5.0,15.0,7.0,35.0,33.0,0.0,0.0,,,,,,,,,,,,5.0,5.0,0.0,7.0,79.0,46.0,123.0,84.0,0.6422764227642277,0.5476190476190477,46.0,26.0,79.0,46.0,0.5822784810126582,0.5652173913043478,,,,,,,11.0,30,0.36666666666666664,16.0,16.0,,,,,,,,,,,,,,,,,,,,,,,
2023,2020,Prague 125K,125K,2020-08-29,2020-09-06,Clay,PRAGUE,Czech Republic,128,3125000,USD,LS009,2020-09-03,4,Kristina Kucova,Clara Tauson,SVK,DEN,18.0,,1-6,6-1,6-3,O,312673,327793,2023,2020,Kristina Kucova,Clara Tauson,SVK,DEN,18,,2,Kristina Kucova,Clara Tauson,3,"1-6,6-1,6-3",2020-09-03T10:56:48+00:00,2020-09-03,01:42:28,Prague 125K,Prague Open,2023,,,312673,,327793,,00:25:30,1,6,,0,0.0,1.0,1.0,1.0,4.0,10.0,7.0,11.0,7.0,16.0,16.0,20.0,0.0,2.0,0.0,2.0,3.0,4.0,3.0,1.0,11.0,25.0,0.0,0.0,00:29:31,6,1,,0,0.0,0.0,1.0,1.0,8.0,3.0,13.0,8.0,14.0,6.0,20.0,19.0,3.0,1.0,4.0,1.0,4.0,3.0,5.0,5.0,27.0,12.0,0.0,0.0,00:47:27,6,3,,0,2.0,0.0,0.0,1.0,12.0,9.0,17.0,20.0,16.0,16.0,25.0,34.0,3.0,1.0,5.0,4.0,4.0,5.0,5.0,11.0,34.0,25.0,0.0,0.0,,,,,,,,,,,,2.0,3.0,2.0,1.0,37.0,39.0,61.0,73.0,0.6065573770491803,0.5342465753424658,24.0,22.0,37.0,39.0,0.6486486486486487,0.5641025641025641,,,,,,,3.0,16,0.1875,11.0,12.0,,,,,,,,,,,,,,,,,,,,,,,
2023,2020,Prague 125K,125K,2020-08-29,2020-09-06,Clay,PRAGUE,Czech Republic,128,3125000,USD,LS010,2020-09-03,4,Ivana Jorovic,Jessica Pieri,SRB,ITA,,,6-0,0-0,,O,320360,321029,2023,2020,Jessica Pieri,Ivana Jorovic,ITA,SRB,,,5,Ivana Jorovic,Jessica Pieri,2,6-0 Ret'd,2020-09-03T09:34:15+00:00,2020-09-03,00:20:44,Prague 125K,Prague Open,2023,,,321029,,320360,,00:19:02,6,0,0,,1.0,0.0,0.0,1.0,5.0,3.0,5.0,9.0,12.0,4.0,12.0,16.0,3.0,0.0,3.0,0.0,3.0,3.0,0.0,6.0,24.0,4.0,0.0,0.0,00:01:24,0,0,0,,0.0,0.0,0.0,0.0,0.0,0.0,0.0,0.0,0.0,0.0,0.0,0.0,0.0,0.0,0.0,0.0,0.0,0.0,0.0,0.0,0.0,0.0,0.0,0.0,,,,,,,,,,,,,,,,,,,,,,,,,,,,,,,,,,,,,,,,,,,,,,,,,,,,,,,,,,,,,,,,3,,,,,,,,,,,,,,,,,,,,,,,,,,
2023,2020,Prague 125K,125K,2020-08-29,2020-09-06,Clay,PRAGUE,Czech Republic,128,3125000,USD,LS011,2020-09-03,4,Cagla Buyukakcay,Marie Benoit,TUR,BEL,27.0,27.0,6-3,7-6(5),,O,312292,319433,2023,2020,Marie Benoit,Cagla Buyukakcay,BEL,TUR,,27,3,Cagla Buyukakcay,Marie Benoit,2,"6-3,7-6(5)",2020-09-03T11:30:30+00:00,2020-09-03,01:41:49,Prague 125K,Prague Open,2023,,,319433,,312292,,00:35:10,6,3,0,,0.0,1.0,0.0,3.0,12.0,7.0,18.0,14.0,14.0,11.0,23.0,25.0,3.0,1.0,4.0,3.0,4.0,5.0,6.0,7.0,28.0,20.0,0.0,0.0,01:06:39,7,6,5,,0.0,0.0,1.0,0.0,17.0,12.0,35.0,28.0,19.0,16.0,41.0,39.0,4.0,4.0,4.0,7.0,6.0,6.0,18.0,16.0,42.0,38.0,0.0,0.0,,,,,,,,,,,,,,,,,,,,,,,,,,,,,,,,,,,,,,,,,,,,,,,,,,,,,,,,,,,,,,,,18,,,,,,,,,,,,7.0,5.0,,,,,,,,,,,,,
2023,2020,Prague 125K,125K,2020-08-29,2020-09-06,Clay,PRAGUE,Czech Republic,128,3125000,USD,LS012,2020-09-03,4,Nadia Podoroska,Maryna Zanevska,ARG,BEL,12.0,12.0,7-5,6-2,,O,319112,317094,2023,2020,Maryna Zanevska,Nadia Podoroska,BEL,ARG,,12,3,Nadia Podoroska,Maryna Zanevska,2,"7-5,6-2",2020-09-03T08:09:47+00:00,2020-09-03,01:23:27,Prague 125K,Prague Open,2023,,,317094,,319112,,00:48:47,7,5,0,,0.0,0.0,1.0,2.0,18.0,20.0,27.0,28.0,26.0,21.0,40.0,35.0,2.0,1.0,5.0,1.0,6.0,6.0,9.0,8.0,40.0,35.0,0.0,0.0,00:34:40,6,2,0,,0.0,0.0,0.0,1.0,10.0,6.0,15.0,14.0,13.0,10.0,22.0,25.0,3.0,1.0,3.0,1.0,4.0,4.0,5.0,8.0,28.0,19.0,0.0,0.0,,,,,,,,,,,,,,,,,,,,,,,,,,,,,,,,,,,,,,,,,,,,,,,,,,,,,,,,,,,,,,,,10,,,,,,,,,,,,,,,,,,,,,,,,,,
2023,2020,Prague 125K,125K,2020-08-29,2020-09-06,Clay,PRAGUE,Czech Republic,128,3125000,USD,LS013,2020-09-03,4,Marina Melnikova,Renata Zarazua,RUS,MEX,,30.0,6-0,6-4,,O,314527,320716,2023,2020,Marina Melnikova,Renata Zarazua,RUS,MEX,,30,2,Marina Melnikova,Renata Zarazua,2,"6-0,6-4",2020-09-03T08:11:58+00:00,2020-09-03,01:05:34,Prague 125K,Prague Open,2023,,,314527,,320716,,00:26:11,6,0,,0,0.0,0.0,1.0,0.0,15.0,7.0,19.0,19.0,15.0,7.0,22.0,22.0,3.0,0.0,7.0,2.0,3.0,3.0,4.0,12.0,30.0,14.0,0.0,0.0,00:39:23,6,4,,0,0.0,0.0,1.0,0.0,15.0,9.0,21.0,16.0,19.0,12.0,31.0,21.0,2.0,1.0,2.0,1.0,5.0,5.0,6.0,7.0,28.0,24.0,0.0,0.0,,,,,,,,,,,,,,,,,,,,,,,,,,,,,,,,,,,,,,,,,,,,,,,,,,,,,,,,,,,,,,,,12,,,,,,,,,,,,,,,,,,,,,,,,,,
2023,2020,Prague 125K,125K,2020-08-29,2020-09-06,Clay,PRAGUE,Czech Republic,128,3125000,USD,LS014,2020-09-03,4,Anna Karolina Schmiedlova,Valentini Grammatikopoulou,SVK,GRE,24.0,24.0,6-3,6-0,,O,318203,319250,2023,2020,Valentini Grammatikopoulou,Anna Karolina Schmiedlova,GRE,SVK,,24,3,Anna Karolina Schmiedlova,Valentini Grammatikopoulou,2,"6-3,6-0",2020-09-03T12:57:57+00:00,2020-09-03,01:07:26,Prague 125K,Prague Open,2023,,,319250,,318203,,00:39:41,6,3,0,,0.0,0.0,1.0,0.0,16.0,11.0,23.0,14.0,25.0,12.0,37.0,19.0,1.0,0.0,1.0,5.0,5.0,4.0,7.0,3.0,32.0,24.0,0.0,0.0,00:27:45,6,0,0,,2.0,0.0,0.0,0.0,8.0,3.0,11.0,11.0,13.0,3.0,18.0,15.0,3.0,0.0,3.0,1.0,3.0,3.0,3.0,8.0,25.0,8.0,0.0,0.0,,,,,,,,,,,,,,,,,,,,,,,,,,,,,,,,,,,,,,,,,,,,,,,,,,,,,,,,,,,,,,,,10,,,,,,,,,,,,,,,,,,,,,,,,,,
2023,2020,Prague 125K,125K,2020-08-29,2020-09-06,Clay,PRAGUE,Czech Republic,128,3125000,USD,LS015,2020-09-03,4,Elisabetta Cocciaretto,Georgina Garcia Perez,ITA,ESP,2.0,2.0,6-1,7-6(2),,O,327909,315815,2023,2020,Georgina Garcia Perez,Elisabetta Cocciaretto,ESP,ITA,,2,3,Elisabetta Cocciaretto,Georgina Garcia Perez,2,"6-1,7-6(2)",2020-09-03T09:49:49+00:00,2020-09-03,01:21:37,Prague 125K,Prague Open,2023,,,315815,,327909,,00:23:40,6,1,0,,0.0,0.0,2.0,0.0,17.0,1.0,20.0,9.0,20.0,6.0,29.0,14.0,2.0,0.0,2.0,3.0,4.0,3.0,3.0,8.0,28.0,15.0,0.0,0.0,00:57:57,7,6,2,,0.0,1.0,2.0,2.0,24.0,18.0,34.0,25.0,31.0,27.0,45.0,42.0,1.0,1.0,4.0,7.0,6.0,6.0,10.0,7.0,46.0,41.0,0.0,0.0,,,,,,,,,,,,,,,,,,,,,,,,,,,,,,,,,,,,,,,,,,,,,,,,,,,,,,,,,,,,,,,,16,,,,,,,,,,,,7.0,2.0,,,,,,,,,,,,,
2023,2020,Prague 125K,125K,2020-08-29,2020-09-06,Clay,PRAGUE,Czech Republic,128,3125000,USD,LS016,2020-09-02,3,Francesca Jones,Andrea Lazaro Garcia,GBR,ESP,,,7-5,6-4,,O,324479,318080,2023,2020,Andrea Lazaro Garcia,Francesca Jones,ESP,GBR,,,3,Francesca Jones,Andrea Lazaro Garcia,2,"7-5,6-4",2020-09-02T08:11:37+00:00,2020-09-02,01:39:42,Prague 125K,Prague Open,2023,,,318080,,324479,,00:52:44,7,5,0,,0.0,2.0,5.0,4.0,17.0,20.0,21.0,30.0,23.0,24.0,37.0,42.0,2.0,1.0,8.0,1.0,6.0,6.0,4.0,10.0,41.0,38.0,0.0,0.0,00:46:58,6,4,0,,0.0,3.0,1.0,1.0,16.0,15.0,18.0,20.0,20.0,23.0,27.0,36.0,1.0,0.0,2.0,0.0,5.0,5.0,2.0,5.0,33.0,30.0,0.0,0.0,,,,,,,,,,,,,,,,,,,,,,,,,,,,,,,,,,,,,,,,,,,,,,,,,,,,,,,,,,,,,,,,11,,,,,,,,,,,,,,,,,,,,,,,,,,
2023,2020,Prague 125K,125K,2020-08-29,2020-09-06,Clay,PRAGUE,Czech Republic,128,3125000,USD,LS017,2020-09-02,3,Sabine Lisicki,Chihiro Muramatsu,GER,JPN,,,6-4,6-4,,O,312520,323095,2023,2020,Sabine Lisicki,Chihiro Muramatsu,GER,JPN,,,2,Sabine Lisicki,Chihiro Muramatsu,2,"6-4,6-4",2020-09-02T08:09:32+00:00,2020-09-02,01:37:45,Prague 125K,Prague Open,2023,,,312520,,323095,,00:42:37,6,4,,0,1.0,0.0,2.0,0.0,10.0,11.0,15.0,27.0,13.0,15.0,28.0,36.0,4.0,3.0,8.0,4.0,5.0,5.0,5.0,16.0,34.0,30.0,0.0,0.0,00:55:08,6,4,,0,1.0,1.0,4.0,0.0,14.0,12.0,15.0,25.0,18.0,17.0,33.0,36.0,3.0,2.0,4.0,4.0,5.0,5.0,1.0,13.0,37.0,32.0,0.0,0.0,,,,,,,,,,,,,,,,,,,,,,,,,,,,,,,,,,,,,,,,,,,,,,,,,,,,,,,,,,,,,,,,20,,,,,,,,,,,,,,,,,,,,,,,,,,
2023,2020,Prague 125K,125K,2020-08-29,2020-09-06,Clay,PRAGUE,Czech Republic,128,3125000,USD,LS018,2020-09-02,3,Kristina Kucova,Kyoka Okamura,SVK,JPN,18.0,18.0,6-2,6-1,,O,312673,319183,2023,2020,Kyoka Okamura,Kristina Kucova,JPN,SVK,,18,3,Kristina Kucova,Kyoka Okamura,2,"6-2,6-1",2020-09-02T08:08:43+00:00,2020-09-02,01:07:50,Prague 125K,Prague Open,2023,,,319183,,312673,,00:36:09,6,2,0,,0.0,1.0,0.0,1.0,8.0,8.0,14.0,15.0,18.0,11.0,28.0,23.0,2.0,0.0,4.0,0.0,4.0,4.0,6.0,7.0,30.0,21.0,0.0,0.0,00:31:41,6,1,0,,0.0,1.0,0.0,0.0,11.0,5.0,16.0,19.0,14.0,8.0,19.0,23.0,3.0,0.0,3.0,3.0,3.0,4.0,5.0,14.0,29.0,13.0,0.0,0.0,,,,,,,,,,,,,,,,,,,,,,,,,,,,,,,,,,,,,,,,,,,,,,,,,,,,,,,,,,,,,,,,10,,,,,,,,,,,,,,,,,,,,,,,,,,
2023,2020,Prague 125K,125K,2020-08-29,2020-09-06,Clay,PRAGUE,Czech Republic,128,3125000,USD,LS019,2020-09-02,3,Clara Tauson,Maja Chwalinska,DEN,POL,,,7-6(2),6-2,,O,327793,325639,2023,2020,Maja Chwalinska,Clara Tauson,POL,DEN,,,3,Clara Tauson,Maja Chwalinska,2,"7-6(2),6-2",2020-09-02T08:06:34+00:00,2020-09-02,01:33:49,Prague 125K,Prague Open,2023,,,325639,,327793,,00:52:52,7,6,2,,2.0,0.0,2.0,0.0,17.0,15.0,28.0,23.0,27.0,20.0,44.0,32.0,2.0,2.0,3.0,5.0,6.0,6.0,11.0,8.0,39.0,37.0,0.0,0.0,00:40:57,6,2,0,,0.0,0.0,0.0,1.0,15.0,4.0,22.0,9.0,20.0,9.0,35.0,21.0,3.0,1.0,4.0,7.0,4.0,4.0,7.0,5.0,32.0,24.0,0.0,0.0,,,,,,,,,,,,,,,,,,,,,,,,,,,,,,,,,,,,,,,,,,,,,,,,,,,,,,,,,,,,,,,,19,,,,,,,,,,7.0,2.0,,,,,,,,,,,,,,,
2023,2020,Prague 125K,125K,2020-08-29,2020-09-06,Clay,PRAGUE,Czech Republic,128,3125000,USD,LS020,2020-09-02,3,Jessica Pieri,Leonie Kung,ITA,SUI,4.0,4.0,1-6,6-1,6-4,O,321029,324028,2023,2020,Leonie Kung,Jessica Pieri,SUI,ITA,4,,3,Jessica Pieri,Leonie Kung,3,"1-6,6-1,6-4",2020-09-02T08:07:28+00:00,2020-09-02,01:50:38,Prague 125K,Prague Open,2023,,,324028,,321029,,00:35:03,1,6,0,,0.0,0.0,0.0,1.0,13.0,6.0,30.0,11.0,18.0,10.0,44.0,17.0,1.0,4.0,1.0,11.0,4.0,3.0,17.0,5.0,25.0,36.0,0.0,0.0,00:23:48,6,1,0,,1.0,0.0,0.0,1.0,5.0,2.0,10.0,15.0,8.0,3.0,16.0,19.0,4.0,1.0,4.0,1.0,3.0,4.0,5.0,13.0,24.0,11.0,0.0,0.0,00:51:47,6,4,0,,0.0,0.0,0.0,2.0,9.0,11.0,20.0,29.0,11.0,16.0,25.0,40.0,4.0,3.0,12.0,5.0,5.0,5.0,11.0,18.0,35.0,30.0,0.0,0.0,,,,,,,,,,,,0.0,4.0,1.0,0.0,60.0,55.0,85.0,76.0,0.7058823529411765,0.7236842105263158,27.0,19.0,60.0,55.0,0.45,0.34545454545454546,,,,,,,9.0,34,0.2647058823529412,12.0,12.0,,,,,,,,,,,,,,,,,,,,,,,
2023,2020,Prague 125K,125K,2020-08-29,2020-09-06,Clay,PRAGUE,Czech Republic,128,3125000,USD,LS021,2020-09-02,3,Ivana Jorovic,Mayar Sherif,SRB,EGY,17.0,17.0,7-6(5),6-1,,O,320360,318711,2023,2020,Mayar Sherif,Ivana Jorovic,EGY,SRB,17,,3,Ivana Jorovic,Mayar Sherif,2,"7-6(5),6-1",2020-09-02T08:07:17+00:00,2020-09-02,01:32:22,Prague 125K,Prague Open,2023,,,318711,,320360,,01:03:54,7,6,5,,2.0,1.0,1.0,0.0,13.0,22.0,20.0,35.0,21.0,26.0,39.0,47.0,2.0,2.0,4.0,5.0,6.0,6.0,7.0,13.0,42.0,44.0,0.0,0.0,00:28:28,6,1,0,,5.0,0.0,1.0,0.0,10.0,10.0,10.0,22.0,12.0,13.0,14.0,31.0,3.0,0.0,6.0,0.0,3.0,4.0,0.0,12.0,30.0,15.0,0.0,0.0,,,,,,,,,,,,,,,,,,,,,,,,,,,,,,,,,,,,,,,,,,,,,,,,,,,,,,,,,,,,,,,,15,,,,,,,,,,7.0,5.0,,,,,,,,,,,,,,,
2023,2020,Prague 125K,125K,2020-08-29,2020-09-06,Clay,PRAGUE,Czech Republic,128,3125000,USD,LS022,2020-09-02,3,Marie Benoit,Irina Bara,BEL,ROU,10.0,10.0,6-3,6-2,,O,319433,318352,2023,2020,Irina Bara,Marie Benoit,ROU,BEL,10,,3,Marie Benoit,Irina Bara,2,"6-3,6-2",2020-09-02T10:01:44+00:00,2020-09-02,01:11:24,Prague 125K,Prague Open,2023,,,318352,,319433,,00:36:53,6,3,0,,0.0,0.0,0.0,1.0,11.0,15.0,14.0,27.0,13.0,16.0,19.0,33.0,3.0,1.0,6.0,1.0,4.0,5.0,3.0,12.0,30.0,22.0,0.0,0.0,00:34:31,6,2,0,,1.0,0.0,1.0,1.0,12.0,7.0,16.0,18.0,16.0,10.0,22.0,25.0,3.0,1.0,6.0,3.0,4.0,4.0,4.0,11.0,31.0,16.0,0.0,0.0,,,,,,,,,,,,,,,,,,,,,,,,,,,,,,,,,,,,,,,,,,,,,,,,,,,,,,,,,,,,,,,,16,,,,,,,,,,,,,,,,,,,,,,,,,,
2023,2020,Prague 125K,125K,2020-08-29,2020-09-06,Clay,PRAGUE,Czech Republic,128,3125000,USD,LS023,2020-09-02,3,Cagla Buyukakcay,Giulia Gatto-Monticone,TUR,ITA,27.0,8.0,6-1,6-3,,O,312292,310915,2023,2020,Cagla Buyukakcay,Giulia Gatto-Monticone,TUR,ITA,27,8,2,Cagla Buyukakcay,Giulia Gatto-Monticone,2,"6-1,6-3",2020-09-02T10:14:58+00:00,2020-09-02,01:13:11,Prague 125K,Prague Open,2023,,,312292,,310915,,00:27:02,6,1,,0,0.0,0.0,0.0,0.0,8.0,4.0,11.0,16.0,9.0,6.0,16.0,22.0,4.0,1.0,5.0,1.0,3.0,4.0,3.0,12.0,25.0,13.0,0.0,0.0,00:46:09,6,3,,0,0.0,0.0,2.0,0.0,18.0,3.0,26.0,14.0,20.0,8.0,36.0,22.0,3.0,2.0,4.0,4.0,5.0,4.0,8.0,11.0,34.0,24.0,0.0,0.0,,,,,,,,,,,,,,,,,,,,,,,,,,,,,,,,,,,,,,,,,,,,,,,,,,,,,,,,,,,,,,,,14,,,,,,,,,,,,,,,,,,,,,,,,,,
2023,2020,Prague 125K,125K,2020-08-29,2020-09-06,Clay,PRAGUE,Czech Republic,128,3125000,USD,LS024,2020-09-02,3,Maryna Zanevska,Lara Arruabarrena,BEL,ESP,5.0,5.0,6-3,2-6,7-5,O,317094,315296,2023,2020,Lara Arruabarrena,Maryna Zanevska,ESP,BEL,5,,3,Maryna Zanevska,Lara Arruabarrena,3,"6-3,2-6,7-5",2020-09-02T09:32:03+00:00,2020-09-02,02:15:16,Prague 125K,Prague Open,2023,,,315296,,317094,,00:35:10,6,3,0,,2.0,2.0,1.0,1.0,14.0,8.0,25.0,23.0,15.0,13.0,30.0,35.0,4.0,2.0,9.0,4.0,4.0,5.0,11.0,15.0,37.0,28.0,0.0,0.0,00:47:23,2,6,0,,1.0,0.0,3.0,1.0,11.0,20.0,21.0,35.0,13.0,26.0,32.0,48.0,1.0,3.0,9.0,7.0,4.0,4.0,10.0,15.0,35.0,45.0,0.0,0.0,00:52:43,7,5,0,,2.0,0.0,4.0,1.0,12.0,12.0,22.0,28.0,19.0,19.0,36.0,43.0,4.0,3.0,7.0,6.0,6.0,6.0,10.0,16.0,43.0,36.0,0.0,0.0,,,,,,,,,,,,8.0,3.0,5.0,2.0,68.0,86.0,98.0,126.0,0.6938775510204082,0.6825396825396826,37.0,40.0,68.0,86.0,0.5441176470588235,0.46511627906976744,,,,,,,9.0,42,0.21428571428571427,14.0,15.0,,,,,,,,,,,,,,,,,,,,,,,
2023,2020,Prague 125K,125K,2020-08-29,2020-09-06,Clay,PRAGUE,Czech Republic,128,3125000,USD,LS025,2020-09-02,3,Nadia Podoroska,Cristina Bucsa,ARG,ESP,12.0,21.0,6-2,6-1,,O,319112,321158,2023,2020,Cristina Bucsa,Nadia Podoroska,ESP,ARG,21,12,3,Nadia Podoroska,Cristina Bucsa,2,"6-2,6-1",2020-09-02T09:57:39+00:00,2020-09-02,01:05:44,Prague 125K,Prague Open,2023,,,321158,,319112,,00:38:04,6,2,0,,1.0,0.0,0.0,0.0,20.0,8.0,28.0,19.0,25.0,12.0,39.0,25.0,2.0,0.0,3.0,5.0,4.0,4.0,8.0,11.0,38.0,26.0,0.0,0.0,00:27:40,6,1,0,,1.0,0.0,0.0,4.0,7.0,7.0,12.0,18.0,8.0,13.0,15.0,35.0,4.0,1.0,9.0,1.0,3.0,4.0,5.0,11.0,30.0,20.0,0.0,0.0,,,,,,,,,,,,,,,,,,,,,,,,,,,,,,,,,,,,,,,,,,,,,,,,,,,,,,,,,,,,,,,,18,,,,,,,,,,,,,,,,,,,,,,,,,,
2023,2020,Prague 125K,125K,2020-08-29,2020-09-06,Clay,PRAGUE,Czech Republic,128,3125000,USD,LS026,2020-09-02,3,Marina Melnikova,Lara Salden,RUS,BEL,,,6-1,7-5,,O,314527,323485,2023,2020,Marina Melnikova,Lara Salden,RUS,BEL,,,2,Marina Melnikova,Lara Salden,2,"6-1,7-5",2020-09-02T11:45:14+00:00,2020-09-02,01:29:15,Prague 125K,Prague Open,2023,,,314527,,323485,,00:30:41,6,1,,0,1.0,0.0,0.0,3.0,9.0,9.0,17.0,25.0,12.0,11.0,22.0,33.0,4.0,1.0,9.0,1.0,3.0,4.0,8.0,16.0,34.0,21.0,0.0,0.0,00:58:34,7,5,,0,0.0,0.0,4.0,2.0,18.0,14.0,27.0,25.0,21.0,26.0,38.0,51.0,3.0,2.0,7.0,4.0,6.0,6.0,9.0,11.0,46.0,43.0,0.0,0.0,,,,,,,,,,,,,,,,,,,,,,,,,,,,,,,,,,,,,,,,,,,,,,,,,,,,,,,,,,,,,,,,21,,,,,,,,,,,,,,,,,,,,,,,,,,
2023,2020,Prague 125K,125K,2020-08-29,2020-09-06,Clay,PRAGUE,Czech Republic,128,3125000,USD,LS027,2020-09-02,3,Renata Zarazua,Miriam Kolodziejova,MEX,CZE,30.0,,6-2,6-7(6),6-2,O,320716,324052,2023,2020,Renata Zarazua,Miriam Kolodziejova,MEX,CZE,30,,2,Renata Zarazua,Miriam Kolodziejova,3,"6-2,6-7(6),6-2",2020-09-02T10:06:06+00:00,2020-09-02,02:33:30,Prague 125K,Prague Open,2023,,,320716,,324052,,00:35:20,6,2,,0,0.0,0.0,1.0,0.0,14.0,10.0,18.0,22.0,15.0,13.0,23.0,30.0,3.0,1.0,4.0,1.0,4.0,4.0,4.0,12.0,32.0,21.0,0.0,0.0,01:15:45,6,7,,6,0.0,2.0,0.0,1.0,22.0,18.0,41.0,23.0,26.0,26.0,49.0,46.0,2.0,2.0,5.0,5.0,6.0,6.0,19.0,5.0,46.0,49.0,0.0,0.0,00:42:25,6,2,,0,0.0,0.0,1.0,2.0,17.0,6.0,26.0,14.0,18.0,8.0,32.0,21.0,3.0,1.0,4.0,2.0,4.0,4.0,9.0,8.0,31.0,22.0,0.0,0.0,,,,,,,,,,,,2.0,3.0,0.0,2.0,85.0,59.0,104.0,97.0,0.8173076923076923,0.6082474226804123,53.0,34.0,85.0,59.0,0.6235294117647059,0.576271186440678,,,,,,,4.0,21,0.19047619047619047,14.0,14.0,,,,,,,,,8.0,6.0,,,,,,,,,,,,,
2023,2020,Prague 125K,125K,2020-08-29,2020-09-06,Clay,PRAGUE,Czech Republic,128,3125000,USD,LS028,2020-09-02,3,Valentini Grammatikopoulou,Robin Anderson,GRE,USA,,,3-6,6-4,6-3,O,319250,317175,2023,2020,Valentini Grammatikopoulou,Robin Anderson,GRE,USA,,,2,Valentini Grammatikopoulou,Robin Anderson,3,"3-6,6-4,6-3",2020-09-02T12:12:38+00:00,2020-09-02,02:02:05,Prague 125K,Prague Open,2023,,,319250,,317175,,00:43:48,3,6,,0,0.0,1.0,1.0,0.0,11.0,10.0,25.0,23.0,14.0,18.0,32.0,35.0,2.0,3.0,4.0,5.0,4.0,5.0,14.0,13.0,31.0,36.0,0.0,0.0,00:40:54,6,4,,0,0.0,1.0,1.0,2.0,13.0,8.0,27.0,14.0,16.0,11.0,32.0,24.0,3.0,2.0,5.0,3.0,5.0,5.0,14.0,6.0,29.0,27.0,0.0,0.0,00:37:23,6,3,,0,0.0,1.0,2.0,1.0,12.0,4.0,23.0,10.0,17.0,8.0,33.0,22.0,3.0,2.0,4.0,4.0,5.0,4.0,11.0,6.0,31.0,24.0,0.0,0.0,,,,,,,,,,,,4.0,3.0,0.0,3.0,75.0,47.0,97.0,81.0,0.7731958762886598,0.5802469135802469,36.0,22.0,75.0,47.0,0.48,0.46808510638297873,,,,,,,5.0,25,0.2,14.0,14.0,,,,,,,,,,,,,,,,,,,,,,,
2023,2020,Prague 125K,125K,2020-08-29,2020-09-06,Clay,PRAGUE,Czech Republic,128,3125000,USD,LS029,2020-09-02,3,Anna Karolina Schmiedlova,Jaqueline Cristian,SVK,ROU,24.0,11.0,7-5,6-2,,O,318203,320319,2023,2020,Anna Karolina Schmiedlova,Jaqueline Cristian,SVK,ROU,24,11,2,Anna Karolina Schmiedlova,Jaqueline Cristian,2,"7-5,6-2",2020-09-02T10:13:51+00:00,2020-09-02,01:40:32,Prague 125K,Prague Open,2023,,,318203,,320319,,01:00:51,7,5,,0,0.0,0.0,1.0,2.0,14.0,14.0,24.0,27.0,19.0,24.0,33.0,48.0,3.0,2.0,8.0,2.0,6.0,6.0,10.0,13.0,43.0,38.0,0.0,0.0,00:39:41,6,2,,0,1.0,1.0,1.0,1.0,8.0,5.0,14.0,14.0,11.0,8.0,21.0,24.0,4.0,2.0,7.0,2.0,4.0,4.0,6.0,9.0,27.0,18.0,0.0,0.0,,,,,,,,,,,,,,,,,,,,,,,,,,,,,,,,,,,,,,,,,,,,,,,,,,,,,,,,,,,,,,,,19,,,,,,,,,,,,,,,,,,,,,,,,,,
2023,2020,Prague 125K,125K,2020-08-29,2020-09-06,Clay,PRAGUE,Czech Republic,128,3125000,USD,LS030,2020-09-02,3,Georgina Garcia Perez,Pemra Ozgen,ESP,TUR,,,6-4,6-2,,O,315815,310047,2023,2020,Pemra Ozgen,Georgina Garcia Perez,TUR,ESP,,,3,Georgina Garcia Perez,Pemra Ozgen,2,"6-4,6-2",2020-09-02T11:29:39+00:00,2020-09-02,01:33:34,Prague 125K,Prague Open,2023,,,310047,,315815,,00:54:34,6,4,0,,5.0,0.0,2.0,1.0,15.0,8.0,17.0,18.0,23.0,16.0,35.0,32.0,2.0,1.0,3.0,5.0,5.0,5.0,2.0,10.0,39.0,28.0,0.0,0.0,00:39:00,6,2,0,,0.0,0.0,0.0,1.0,7.0,12.0,10.0,26.0,13.0,15.0,20.0,36.0,3.0,1.0,7.0,1.0,4.0,4.0,3.0,14.0,34.0,22.0,0.0,0.0,,,,,,,,,,,,,,,,,,,,,,,,,,,,,,,,,,,,,,,,,,,,,,,,,,,,,,,,,,,,,,,,16,,,,,,,,,,,,,,,,,,,,,,,,,,
2023,2020,Prague 125K,125K,2020-08-29,2020-09-06,Clay,PRAGUE,Czech Republic,128,3125000,USD,LS031,2020-09-02,3,Elisabetta Cocciaretto,Bibiane Schoofs,ITA,NED,2.0,29.0,6-3,6-3,,O,327909,311597,2023,2020,Bibiane Schoofs,Elisabetta Cocciaretto,NED,ITA,29,2,3,Elisabetta Cocciaretto,Bibiane Schoofs,2,"6-3,6-3",2020-09-02T12:59:41+00:00,2020-09-02,01:25:09,Prague 125K,Prague Open,2023,,,311597,,327909,,00:42:23,6,3,0,,0.0,0.0,5.0,4.0,13.0,14.0,17.0,20.0,20.0,16.0,33.0,31.0,2.0,1.0,4.0,1.0,5.0,4.0,4.0,6.0,35.0,29.0,0.0,0.0,00:42:46,6,3,0,,0.0,1.0,2.0,1.0,11.0,13.0,16.0,22.0,19.0,17.0,28.0,31.0,2.0,0.0,3.0,2.0,4.0,5.0,5.0,9.0,33.0,26.0,0.0,0.0,,,,,,,,,,,,,,,,,,,,,,,,,,,,,,,,,,,,,,,,,,,,,,,,,,,,,,,,,,,,,,,,10,,,,,,,,,,,,,,,,,,,,,,,,,,
2023,2020,Prague 125K,125K,2020-08-29,2020-09-06,Clay,PRAGUE,Czech Republic,128,3125000,USD,LS032,2020-08-31,2,Andrea Lazaro Garcia,Monica Niculescu,ESP,ROU,1.0,1.0,6-4,6-4,,O,318080,310775,2023,2020,Monica Niculescu,Andrea Lazaro Garcia,ROU,ESP,1,,3,Andrea Lazaro Garcia,Monica Niculescu,2,"6-4,6-4",2020-08-31T08:07:35+00:00,2020-08-31,01:23:24,Prague 125K,Prague Open,2023,,,310775,,318080,,00:42:34,6,4,0,,0.0,0.0,3.0,0.0,15.0,12.0,23.0,24.0,22.0,16.0,36.0,29.0,2.0,1.0,2.0,3.0,5.0,5.0,8.0,12.0,35.0,30.0,0.0,0.0,00:40:50,6,4,0,,0.0,0.0,3.0,2.0,12.0,5.0,19.0,16.0,16.0,6.0,34.0,24.0,4.0,3.0,5.0,4.0,5.0,5.0,7.0,11.0,34.0,24.0,0.0,0.0,,,,,,,,,,,,,,,,,,,,,,,,,,,,,,,,,,,,,,,,,,,,,,,,,,,,,,,,,,,,,,,,14,,,,,,,,,,,,,,,,,,,,,,,,,,
2023,2020,Prague 125K,125K,2020-08-29,2020-09-06,Clay,PRAGUE,Czech Republic,128,3125000,USD,LS033,2020-08-31,2,Francesca Jones,Rebecca Sramkova,GBR,SVK,,32.0,6-2,1-6,6-2,O,324479,320228,2023,2020,Francesca Jones,Rebecca Sramkova,GBR,SVK,,32,2,Francesca Jones,Rebecca Sramkova,3,"6-2,1-6,6-2",2020-08-31T08:08:04+00:00,2020-08-31,01:54:13,Prague 125K,Prague Open,2023,,,324479,,320228,,00:42:52,6,2,,0,0.0,0.0,1.0,0.0,15.0,14.0,23.0,29.0,21.0,17.0,33.0,35.0,2.0,0.0,6.0,2.0,4.0,4.0,8.0,15.0,39.0,29.0,0.0,0.0,00:37:00,1,6,,0,0.0,0.0,0.0,0.0,4.0,17.0,9.0,23.0,8.0,21.0,18.0,33.0,0.0,2.0,4.0,4.0,3.0,4.0,5.0,6.0,20.0,31.0,0.0,0.0,00:34:21,6,2,,0,0.0,0.0,1.0,0.0,12.0,8.0,19.0,19.0,15.0,10.0,24.0,23.0,3.0,1.0,4.0,3.0,4.0,4.0,7.0,11.0,28.0,19.0,0.0,0.0,,,,,,,,,,,,2.0,0.0,0.0,0.0,51.0,71.0,75.0,91.0,0.68,0.7802197802197802,31.0,39.0,51.0,71.0,0.6078431372549019,0.5492957746478874,,,,,,,6.0,23,0.2608695652173913,11.0,12.0,,,,,,,,,,,,,,,,,,,,,,,
2023,2020,Prague 125K,125K,2020-08-29,2020-09-06,Clay,PRAGUE,Czech Republic,128,3125000,USD,LS034,2020-08-31,2,Sabine Lisicki,Stephanie Wagner,GER,GER,,,6-4,6-4,,O,312520,317519,2023,2020,Sabine Lisicki,Stephanie Wagner,GER,GER,,,2,Sabine Lisicki,Stephanie Wagner,2,"6-4,6-4",2020-08-31T08:08:41+00:00,2020-08-31,01:16:12,Prague 125K,Prague Open,2023,,,312520,,317519,,00:34:17,6,4,,0,2.0,0.0,2.0,2.0,11.0,11.0,14.0,17.0,20.0,14.0,31.0,25.0,2.0,1.0,3.0,3.0,5.0,5.0,3.0,6.0,31.0,25.0,0.0,0.0,00:41:55,6,4,,0,3.0,0.0,5.0,2.0,11.0,9.0,14.0,14.0,16.0,14.0,30.0,29.0,3.0,2.0,5.0,2.0,5.0,5.0,3.0,5.0,31.0,28.0,0.0,0.0,,,,,,,,,,,,,,,,,,,,,,,,,,,,,,,,,,,,,,,,,,,,,,,,,,,,,,,,,,,,,,,,13,,,,,,,,,,,,,,,,,,,,,,,,,,
2023,2020,Prague 125K,125K,2020-08-29,2020-09-06,Clay,PRAGUE,Czech Republic,128,3125000,USD,LS035,2020-08-31,2,Chihiro Muramatsu,Harmony Tan,JPN,FRA,,,4-6,6-3,5-1,O,323095,320016,2023,2020,Harmony Tan,Chihiro Muramatsu,FRA,JPN,,,5,Chihiro Muramatsu,Harmony Tan,3,"4-6,6-3,5-1 Ret'd",2020-08-31T08:10:26+00:00,2020-08-31,02:36:29,Prague 125K,Prague Open,2023,,,320016,,323095,,00:56:57,4,6,0,,0.0,1.0,2.0,2.0,10.0,11.0,27.0,20.0,15.0,18.0,37.0,38.0,3.0,4.0,6.0,8.0,5.0,5.0,17.0,9.0,35.0,40.0,0.0,0.0,00:55:03,6,3,0,,0.0,1.0,1.0,1.0,14.0,7.0,25.0,15.0,18.0,12.0,36.0,29.0,4.0,2.0,5.0,9.0,4.0,5.0,11.0,8.0,35.0,30.0,0.0,0.0,00:44:26,5,1,0,,1.0,0.0,0.0,3.0,14.0,7.0,20.0,10.0,17.0,10.0,25.0,22.0,2.0,0.0,4.0,3.0,3.0,3.0,6.0,3.0,29.0,18.0,0.0,0.0,,,,,,,,,,,,3.0,6.0,1.0,2.0,72.0,45.0,98.0,89.0,0.7346938775510204,0.5056179775280899,38.0,25.0,72.0,45.0,0.5277777777777778,0.5555555555555556,,,,,,,14.0,35,0.4,12.0,13.0,,,,,,,,,,,,,,,,,,,,,,,
2023,2020,Prague 125K,125K,2020-08-29,2020-09-06,Clay,PRAGUE,Czech Republic,128,3125000,USD,LS036,2020-09-01,2,Kyoka Okamura,Lucie Havlickova,JPN,CZE,,,6-4,6-4,,O,319183,330147,2023,2020,Kyoka Okamura,Lucie Havlickova,JPN,CZE,,,2,Kyoka Okamura,Lucie Havlickova,2,"6-4,6-4",2020-09-01T09:24:51+00:00,2020-09-01,01:16:51,Prague 125K,Prague Open,2023,,,319183,,330147,,00:36:53,6,4,,0,0.0,2.0,1.0,1.0,12.0,16.0,15.0,20.0,20.0,22.0,25.0,34.0,1.0,0.0,1.0,0.0,5.0,5.0,3.0,4.0,32.0,27.0,0.0,0.0,00:39:58,6,4,,0,0.0,0.0,0.0,5.0,9.0,5.0,17.0,11.0,13.0,9.0,26.0,28.0,4.0,3.0,6.0,6.0,5.0,5.0,8.0,6.0,32.0,22.0,0.0,0.0,,,,,,,,,,,,,,,,,,,,,,,,,,,,,,,,,,,,,,,,,,,,,,,,,,,,,,,,,,,,,,,,13,,,,,,,,,,,,,,,,,,,,,,,,,,
2023,2020,Prague 125K,125K,2020-08-29,2020-09-06,Clay,PRAGUE,Czech Republic,128,3125000,USD,LS037,2020-08-31,2,Kristina Kucova,Laura Ioana Paar,SVK,ROU,18.0,18.0,6-3,7-6(3),,O,312673,312269,2023,2020,Laura Ioana Paar,Kristina Kucova,ROU,SVK,,18,3,Kristina Kucova,Laura Ioana Paar,2,"6-3,7-6(3)",2020-08-31T12:03:11+00:00,2020-08-31,02:00:05,Prague 125K,Prague Open,2023,,,312269,,312673,,00:42:46,6,3,0,,0.0,0.0,2.0,1.0,15.0,4.0,24.0,11.0,23.0,8.0,43.0,21.0,3.0,2.0,4.0,7.0,5.0,4.0,9.0,7.0,36.0,28.0,0.0,0.0,01:17:19,7,6,3,,0.0,2.0,1.0,8.0,25.0,20.0,39.0,37.0,27.0,28.0,50.0,60.0,3.0,3.0,8.0,8.0,6.0,6.0,14.0,17.0,59.0,51.0,0.0,0.0,,,,,,,,,,,,,,,,,,,,,,,,,,,,,,,,,,,,,,,,,,,,,,,,,,,,,,,,,,,,,,,,27,,,,,,,,,,,,7.0,3.0,,,,,,,,,,,,,
2023,2020,Prague 125K,125K,2020-08-29,2020-09-06,Clay,PRAGUE,Czech Republic,128,3125000,USD,LS038,2020-08-31,2,Maja Chwalinska,Mariam Bolkvadze,POL,GEO,26.0,26.0,6-1,6-1,,O,325639,320592,2023,2020,Mariam Bolkvadze,Maja Chwalinska,GEO,POL,26,,3,Maja Chwalinska,Mariam Bolkvadze,2,"6-1,6-1",2020-08-31T12:53:55+00:00,2020-08-31,01:09:55,Prague 125K,Prague Open,2023,,,320592,,325639,,00:29:16,6,1,0,,0.0,0.0,3.0,6.0,10.0,2.0,17.0,7.0,17.0,4.0,27.0,16.0,3.0,1.0,3.0,2.0,4.0,3.0,7.0,5.0,29.0,14.0,0.0,0.0,00:40:39,6,1,0,,0.0,0.0,0.0,13.0,5.0,9.0,11.0,14.0,10.0,11.0,17.0,32.0,4.0,1.0,7.0,1.0,3.0,4.0,6.0,5.0,31.0,18.0,0.0,0.0,,,,,,,,,,,,,,,,,,,,,,,,,,,,,,,,,,,,,,,,,,,,,,,,,,,,,,,,,,,,,,,,13,,,,,,,,,,,,,,,,,,,,,,,,,,
2023,2020,Prague 125K,125K,2020-08-29,2020-09-06,Clay,PRAGUE,Czech Republic,128,3125000,USD,LS039,2020-09-01,2,Clara Tauson,Sara Errani,DEN,ITA,,6.0,6-3,7-5,,O,327793,310761,2023,2020,Clara Tauson,Sara Errani,DEN,ITA,,6,2,Clara Tauson,Sara Errani,2,"6-3,7-5",2020-09-01T11:01:37+00:00,2020-09-01,01:43:28,Prague 125K,Prague Open,2023,,,327793,,310761,,00:43:48,6,3,,0,1.0,0.0,2.0,2.0,12.0,19.0,19.0,33.0,21.0,20.0,34.0,39.0,2.0,1.0,9.0,2.0,5.0,4.0,7.0,14.0,40.0,33.0,0.0,0.0,00:59:40,7,5,,0,1.0,0.0,0.0,1.0,16.0,18.0,29.0,34.0,22.0,20.0,39.0,41.0,3.0,2.0,6.0,3.0,6.0,6.0,13.0,16.0,43.0,37.0,0.0,0.0,,,,,,,,,,,,,,,,,,,,,,,,,,,,,,,,,,,,,,,,,,,,,,,,,,,,,,,,,,,,,,,,20,,,,,,,,,,,,,,,,,,,,,,,,,,
2023,2020,Prague 125K,125K,2020-08-29,2020-09-06,Clay,PRAGUE,Czech Republic,128,3125000,USD,LS040,2020-08-31,2,Leonie Kung,Ana Sofia Sanchez,SUI,MEX,4.0,,6-3,6-4,,O,324028,316694,2023,2020,Leonie Kung,Ana Sofia Sanchez,SUI,MEX,4,,2,Leonie Kung,Ana Sofia Sanchez,2,"6-3,6-4",2020-08-31T08:09:32+00:00,2020-08-31,01:33:13,Prague 125K,Prague Open,2023,,,324028,,316694,,00:46:52,6,3,,0,0.0,0.0,0.0,1.0,8.0,13.0,15.0,30.0,13.0,17.0,26.0,42.0,4.0,2.0,7.0,5.0,4.0,5.0,7.0,17.0,38.0,30.0,0.0,0.0,00:46:21,6,4,,0,0.0,0.0,1.0,0.0,9.0,11.0,17.0,21.0,15.0,12.0,27.0,29.0,3.0,2.0,6.0,3.0,5.0,5.0,8.0,10.0,32.0,24.0,0.0,0.0,,,,,,,,,,,,,,,,,,,,,,,,,,,,,,,,,,,,,,,,,,,,,,,,,,,,,,,,,,,,,,,,21,,,,,,,,,,,,,,,,,,,,,,,,,,
2023,2020,Prague 125K,125K,2020-08-29,2020-09-06,Clay,PRAGUE,Czech Republic,128,3125000,USD,LS041,2020-08-31,2,Jessica Pieri,Daria Lopatetska,ITA,UKR,,,3-6,7-6(2),6-4,O,321029,328592,2023,2020,Jessica Pieri,Daria Lopatetska,ITA,UKR,,,2,Jessica Pieri,Daria Lopatetska,3,"3-6,7-6(2),6-4",2020-08-31T08:06:58+00:00,2020-08-31,02:38:29,Prague 125K,Prague Open,2023,,,321029,,328592,,00:39:24,3,6,,0,0.0,0.0,0.0,4.0,6.0,17.0,16.0,25.0,6.0,19.0,21.0,34.0,2.0,3.0,3.0,3.0,4.0,5.0,10.0,8.0,21.0,34.0,0.0,0.0,01:15:25,7,6,,2,0.0,1.0,1.0,4.0,16.0,14.0,31.0,25.0,23.0,20.0,45.0,43.0,4.0,4.0,8.0,8.0,6.0,6.0,15.0,11.0,46.0,42.0,0.0,0.0,00:43:41,6,4,,0,0.0,0.0,0.0,3.0,12.0,7.0,19.0,17.0,17.0,11.0,27.0,27.0,3.0,2.0,3.0,4.0,5.0,5.0,7.0,10.0,33.0,21.0,0.0,0.0,,,,,,,,,,,,1.0,11.0,0.0,1.0,66.0,67.0,93.0,104.0,0.7096774193548387,0.6442307692307693,34.0,38.0,66.0,67.0,0.5151515151515151,0.5671641791044776,,,,,,,6.0,29,0.20689655172413793,15.0,16.0,,,,,,,,,7.0,2.0,,,,,,,,,,,,,
2023,2020,Prague 125K,125K,2020-08-29,2020-09-06,Clay,PRAGUE,Czech Republic,128,3125000,USD,LS042,2020-08-31,2,Mayar Sherif,Dalma Galfi,EGY,HUN,17.0,,6-7(7),6-3,6-1,O,318711,321106,2023,2020,Mayar Sherif,Dalma Galfi,EGY,HUN,17,,2,Mayar Sherif,Dalma Galfi,3,"6-7(7),6-3,6-1",2020-08-31T08:06:59+00:00,2020-08-31,02:35:22,Prague 125K,Prague Open,2023,,,318711,,321106,,01:16:16,6,7,,7,2.0,0.0,1.0,0.0,22.0,20.0,35.0,32.0,24.0,31.0,48.0,58.0,3.0,3.0,10.0,3.0,6.0,6.0,13.0,12.0,51.0,55.0,0.0,0.0,00:40:16,6,3,,0,0.0,0.0,1.0,0.0,13.0,2.0,24.0,8.0,18.0,8.0,32.0,21.0,3.0,2.0,4.0,7.0,5.0,4.0,11.0,6.0,31.0,22.0,0.0,0.0,00:38:51,6,1,,0,0.0,1.0,0.0,3.0,10.0,9.0,13.0,22.0,12.0,14.0,18.0,38.0,3.0,0.0,9.0,0.0,3.0,4.0,3.0,13.0,36.0,20.0,0.0,0.0,,,,,,,,,,,,2.0,3.0,2.0,1.0,72.0,62.0,98.0,117.0,0.7346938775510204,0.5299145299145299,45.0,31.0,72.0,62.0,0.625,0.5,,,,,,,5.0,33,0.15151515151515152,14.0,14.0,,,,,,,9.0,7.0,,,,,,,,,,,,,,,
2023,2020,Prague 125K,125K,2020-08-29,2020-09-06,Clay,PRAGUE,Czech Republic,128,3125000,USD,LS043,2020-08-31,2,Ivana Jorovic,Elena-Gabriela Ruse,SRB,ROU,,16.0,6-3,6-4,,O,320360,320408,2023,2020,Ivana Jorovic,Elena-Gabriela Ruse,SRB,ROU,,16,2,Ivana Jorovic,Elena-Gabriela Ruse,2,"6-3,6-4",2020-08-31T08:09:15+00:00,2020-08-31,01:30:00,Prague 125K,Prague Open,2023,,,320360,,320408,,00:44:34,6,3,,0,1.0,0.0,2.0,1.0,12.0,13.0,17.0,23.0,16.0,18.0,27.0,42.0,3.0,1.0,6.0,1.0,4.0,5.0,5.0,10.0,40.0,29.0,0.0,0.0,00:45:27,6,4,,0,2.0,0.0,1.0,3.0,12.0,9.0,16.0,15.0,18.0,16.0,27.0,31.0,2.0,1.0,2.0,2.0,5.0,5.0,4.0,6.0,33.0,25.0,0.0,0.0,,,,,,,,,,,,,,,,,,,,,,,,,,,,,,,,,,,,,,,,,,,,,,,,,,,,,,,,,,,,,,,,11,,,,,,,,,,,,,,,,,,,,,,,,,,
2023,2020,Prague 125K,125K,2020-08-29,2020-09-06,Clay,PRAGUE,Czech Republic,128,3125000,USD,LS044,2020-08-31,2,Irina Bara,Seone Mendez,ROU,AUS,10.0,,6-3,6-0,,O,318352,322351,2023,2020,Irina Bara,Seone Mendez,ROU,AUS,10,,2,Irina Bara,Seone Mendez,2,"6-3,6-0",2020-08-31T10:17:21+00:00,2020-08-31,01:05:04,Prague 125K,Prague Open,2023,,,318352,,322351,,00:34:18,6,3,,0,0.0,0.0,1.0,1.0,13.0,4.0,24.0,13.0,19.0,9.0,33.0,24.0,3.0,2.0,5.0,5.0,5.0,4.0,11.0,9.0,34.0,23.0,0.0,0.0,00:30:46,6,0,,0,0.0,0.0,0.0,1.0,12.0,4.0,16.0,12.0,14.0,8.0,20.0,23.0,3.0,0.0,6.0,0.0,3.0,3.0,4.0,8.0,29.0,14.0,0.0,0.0,,,,,,,,,,,,,,,,,,,,,,,,,,,,,,,,,,,,,,,,,,,,,,,,,,,,,,,,,,,,,,,,16,,,,,,,,,,,,,,,,,,,,,,,,,,
2023,2020,Prague 125K,125K,2020-08-29,2020-09-06,Clay,PRAGUE,Czech Republic,128,3125000,USD,LS045,2020-08-31,2,Marie Benoit,Victoria Kan,BEL,RUS,,,6-2,6-1,,O,319433,319029,2023,2020,Victoria Kan,Marie Benoit,RUS,BEL,,,3,Marie Benoit,Victoria Kan,2,"6-2,6-1",2020-08-31T11:26:55+00:00,2020-08-31,01:12:16,Prague 125K,Prague Open,2023,,,319029,,319433,,00:36:40,6,2,0,,0.0,0.0,3.0,1.0,14.0,7.0,17.0,15.0,16.0,12.0,26.0,28.0,3.0,1.0,6.0,1.0,4.0,4.0,3.0,8.0,32.0,22.0,0.0,0.0,00:35:36,6,1,0,,1.0,1.0,2.0,0.0,14.0,6.0,19.0,13.0,15.0,11.0,23.0,26.0,3.0,0.0,5.0,3.0,3.0,4.0,5.0,7.0,30.0,19.0,0.0,0.0,,,,,,,,,,,,,,,,,,,,,,,,,,,,,,,,,,,,,,,,,,,,,,,,,,,,,,,,,,,,,,,,15,,,,,,,,,,,,,,,,,,,,,,,,,,
2023,2020,Prague 125K,125K,2020-08-29,2020-09-06,Clay,PRAGUE,Czech Republic,128,3125000,USD,LS046,2020-08-31,2,Cagla Buyukakcay,Gabriela Ce,TUR,BRA,27.0,,4-6,6-1,7-6(1),O,312292,316674,2023,2020,Cagla Buyukakcay,Gabriela Ce,TUR,BRA,27,,2,Cagla Buyukakcay,Gabriela Ce,3,"4-6,6-1,7-6(1)",2020-08-31T12:32:44+00:00,2020-08-31,03:10:32,Prague 125K,Prague Open,2023,,,312292,,316674,,00:55:35,4,6,,0,0.0,0.0,1.0,0.0,10.0,13.0,20.0,24.0,16.0,15.0,36.0,28.0,2.0,3.0,4.0,10.0,5.0,5.0,10.0,11.0,29.0,35.0,0.0,0.0,00:43:53,6,1,,0,0.0,0.0,1.0,1.0,7.0,11.0,9.0,23.0,12.0,13.0,15.0,31.0,3.0,0.0,5.0,0.0,3.0,4.0,2.0,12.0,30.0,16.0,0.0,0.0,01:31:04,7,6,,1,0.0,0.0,2.0,1.0,19.0,15.0,27.0,34.0,26.0,22.0,47.0,47.0,3.0,3.0,8.0,5.0,6.0,6.0,8.0,19.0,51.0,43.0,0.0,0.0,,,,,,,,,,,,4.0,2.0,0.0,0.0,56.0,81.0,98.0,106.0,0.5714285714285714,0.7641509433962265,36.0,39.0,56.0,81.0,0.6428571428571429,0.48148148148148145,,,,,,,9.0,32,0.28125,14.0,15.0,,,,,,,,,,,7.0,1.0,,,,,,,,,,,
2023,2020,Prague 125K,125K,2020-08-29,2020-09-06,Clay,PRAGUE,Czech Republic,128,3125000,USD,LS047,2020-08-31,2,Giulia Gatto-Monticone,Tena Lukas,ITA,CRO,8.0,8.0,6-3,6-3,,O,310915,318559,2023,2020,Tena Lukas,Giulia Gatto-Monticone,CRO,ITA,,8,3,Giulia Gatto-Monticone,Tena Lukas,2,"6-3,6-3",2020-08-31T11:42:10+00:00,2020-08-31,01:13:10,Prague 125K,Prague Open,2023,,,318559,,310915,,00:35:02,6,3,0,,0.0,0.0,3.0,3.0,9.0,5.0,22.0,14.0,12.0,6.0,29.0,26.0,5.0,3.0,7.0,5.0,4.0,5.0,13.0,9.0,32.0,23.0,0.0,0.0,00:38:08,6,3,0,,0.0,0.0,2.0,3.0,13.0,4.0,19.0,8.0,17.0,8.0,30.0,21.0,3.0,2.0,6.0,5.0,5.0,4.0,6.0,4.0,30.0,21.0,0.0,0.0,,,,,,,,,,,,,,,,,,,,,,,,,,,,,,,,,,,,,,,,,,,,,,,,,,,,,,,,,,,,,,,,23,,,,,,,,,,,,,,,,,,,,,,,,,,
2023,2020,Prague 125K,125K,2020-08-29,2020-09-06,Clay,PRAGUE,Czech Republic,128,3125000,USD,LS048,2020-09-01,2,Lara Arruabarrena,Mirjam Bjorklund,ESP,SWE,5.0,,6-0,6-3,,O,315296,323007,2023,2020,Lara Arruabarrena,Mirjam Bjorklund,ESP,SWE,5,,2,Lara Arruabarrena,Mirjam Bjorklund,2,"6-0,6-3",2020-09-01T08:09:06+00:00,2020-09-01,00:55:20,Prague 125K,Prague Open,2023,,,315296,,323007,,00:22:31,6,0,,0,1.0,0.0,1.0,2.0,12.0,1.0,14.0,6.0,13.0,5.0,19.0,18.0,3.0,0.0,4.0,0.0,3.0,3.0,2.0,5.0,26.0,11.0,0.0,0.0,00:32:49,6,3,,0,0.0,0.0,2.0,0.0,8.0,6.0,13.0,17.0,12.0,9.0,21.0,26.0,4.0,2.0,4.0,3.0,4.0,5.0,5.0,11.0,29.0,18.0,0.0,0.0,,,,,,,,,,,,,,,,,,,,,,,,,,,,,,,,,,,,,,,,,,,,,,,,,,,,,,,,,,,,,,,,11,,,,,,,,,,,,,,,,,,,,,,,,,,
2023,2020,Prague 125K,125K,2020-08-29,2020-09-06,Clay,PRAGUE,Czech Republic,128,3125000,USD,LS049,2020-09-01,2,Maryna Zanevska,Isabella Shinikova,BEL,BUL,,28.0,6-1,7-6(4),,O,317094,316588,2023,2020,Maryna Zanevska,Isabella Shinikova,BEL,BUL,,28,2,Maryna Zanevska,Isabella Shinikova,2,"6-1,7-6(4)",2020-09-01T08:07:41+00:00,2020-09-01,01:10:47,Prague 125K,Prague Open,2023,,,317094,,316588,,00:15:42,6,1,,0,0.0,0.0,0.0,2.0,10.0,4.0,10.0,8.0,16.0,6.0,17.0,15.0,2.0,0.0,4.0,0.0,4.0,3.0,0.0,4.0,25.0,7.0,0.0,0.0,00:55:05,7,6,,4,0.0,0.0,7.0,4.0,17.0,10.0,30.0,27.0,20.0,14.0,48.0,40.0,5.0,5.0,9.0,10.0,6.0,6.0,13.0,17.0,46.0,42.0,0.0,0.0,,,,,,,,,,,,,,,,,,,,,,,,,,,,,,,,,,,,,,,,,,,,,,,,,,,,,,,,,,,,,,,,23,,,,,,,,,,,,7.0,4.0,,,,,,,,,,,,,
2023,2020,Prague 125K,125K,2020-08-29,2020-09-06,Clay,PRAGUE,Czech Republic,128,3125000,USD,LS050,2020-09-01,2,Cristina Bucsa,Kathinka Von Deichmann,ESP,LIE,21.0,,5-7,6-4,6-3,O,321158,317286,2023,2020,Cristina Bucsa,Kathinka Von Deichmann,ESP,LIE,21,,2,Cristina Bucsa,Kathinka Von Deichmann,3,"5-7,6-4,6-3",2020-09-01T08:14:27+00:00,2020-09-01,02:17:52,Prague 125K,Prague Open,2023,,,321158,,317286,,00:53:06,5,7,,0,0.0,0.0,2.0,1.0,20.0,18.0,32.0,26.0,24.0,24.0,44.0,37.0,1.0,2.0,2.0,5.0,6.0,6.0,12.0,8.0,37.0,44.0,0.0,0.0,00:39:57,6,4,,0,0.0,0.0,0.0,0.0,11.0,10.0,21.0,24.0,18.0,14.0,31.0,31.0,3.0,2.0,4.0,3.0,5.0,5.0,10.0,14.0,35.0,27.0,0.0,0.0,00:44:49,6,3,,0,0.0,0.0,1.0,0.0,22.0,16.0,29.0,26.0,27.0,19.0,38.0,31.0,1.0,0.0,6.0,3.0,5.0,4.0,7.0,10.0,39.0,30.0,0.0,0.0,,,,,,,,,,,,3.0,1.0,0.0,0.0,82.0,76.0,113.0,99.0,0.7256637168141593,0.7676767676767676,53.0,44.0,82.0,76.0,0.6463414634146342,0.5789473684210527,,,,,,,7.0,23,0.30434782608695654,16.0,15.0,,,,,,,,,,,,,,,,,,,,,,,
2023,2020,Prague 125K,125K,2020-08-29,2020-09-06,Clay,PRAGUE,Czech Republic,128,3125000,USD,LS051,2020-09-01,2,Nadia Podoroska,Maria Camila Osorio Serrano,ARG,COL,12.0,12.0,6-3,7-6(4),,O,319112,325898,2023,2020,Maria Camila Osorio Serrano,Nadia Podoroska,COL,ARG,,12,3,Nadia Podoroska,Maria Camila Osorio Serrano,2,"6-3,7-6(4)",2020-09-01T08:09:59+00:00,2020-09-01,01:59:19,Prague 125K,Prague Open,2023,,,325898,,319112,,00:47:42,6,3,0,,0.0,0.0,1.0,4.0,9.0,12.0,14.0,28.0,14.0,19.0,24.0,46.0,4.0,2.0,9.0,4.0,4.0,5.0,5.0,16.0,41.0,29.0,0.0,0.0,01:11:37,7,6,4,,1.0,0.0,3.0,1.0,21.0,19.0,32.0,29.0,27.0,25.0,49.0,45.0,2.0,2.0,4.0,4.0,6.0,6.0,11.0,10.0,47.0,47.0,0.0,0.0,,,,,,,,,,,,,,,,,,,,,,,,,,,,,,,,,,,,,,,,,,,,,,,,,,,,,,,,,,,,,,,,21,,,,,,,,,,,,7.0,4.0,,,,,,,,,,,,,
2023,2020,Prague 125K,125K,2020-08-29,2020-09-06,Clay,PRAGUE,Czech Republic,128,3125000,USD,LS052,2020-09-01,2,Marina Melnikova,Anna Bondar,RUS,HUN,,,7-5,6-2,,O,314527,322942,2023,2020,Marina Melnikova,Anna Bondar,RUS,HUN,,,2,Marina Melnikova,Anna Bondar,2,"7-5,6-2",2020-09-01T09:35:28+00:00,2020-09-01,01:42:01,Prague 125K,Prague Open,2023,,,314527,,322942,,00:54:01,7,5,,0,0.0,4.0,1.0,2.0,19.0,23.0,30.0,31.0,24.0,26.0,41.0,47.0,2.0,1.0,4.0,4.0,6.0,6.0,11.0,8.0,45.0,43.0,0.0,0.0,00:48:00,6,2,,0,0.0,1.0,1.0,2.0,18.0,17.0,25.0,27.0,19.0,21.0,30.0,42.0,2.0,0.0,9.0,3.0,4.0,4.0,7.0,10.0,40.0,32.0,0.0,0.0,,,,,,,,,,,,,,,,,,,,,,,,,,,,,,,,,,,,,,,,,,,,,,,,,,,,,,,,,,,,,,,,20,,,,,,,,,,,,,,,,,,,,,,,,,,
2023,2020,Prague 125K,125K,2020-08-29,2020-09-06,Clay,PRAGUE,Czech Republic,128,3125000,USD,LS053,2020-08-31,2,Lara Salden,Richel Hogenkamp,BEL,NED,,,6-4,6-7(4),6-2,O,323485,317263,2023,2020,Lara Salden,Richel Hogenkamp,BEL,NED,,,2,Lara Salden,Richel Hogenkamp,3,"6-4,6-7(4),6-2",2020-08-31T15:07:35+00:00,2020-08-31,02:03:22,Prague 125K,Prague Open,2023,,,323485,,317263,,00:36:25,6,4,,0,1.0,1.0,3.0,3.0,14.0,13.0,19.0,20.0,20.0,18.0,32.0,32.0,2.0,1.0,5.0,2.0,5.0,5.0,5.0,7.0,34.0,30.0,0.0,0.0,18:06:40,6,7,,4,0.0,0.0,5.0,1.0,10.0,11.0,24.0,24.0,18.0,18.0,44.0,39.0,4.0,4.0,4.0,7.0,6.0,6.0,14.0,13.0,39.0,44.0,0.0,0.0,00:27:56,6,2,,0,0.0,0.0,1.0,1.0,10.0,8.0,15.0,14.0,16.0,13.0,22.0,26.0,2.0,0.0,3.0,0.0,4.0,4.0,5.0,6.0,29.0,19.0,0.0,0.0,,,,,,,,,,,,9.0,5.0,1.0,1.0,58.0,58.0,98.0,97.0,0.5918367346938775,0.5979381443298969,34.0,32.0,58.0,58.0,0.5862068965517241,0.5517241379310345,,,,,,,4.0,21,0.19047619047619047,15.0,15.0,,,,,,,,,7.0,4.0,,,,,,,,,,,,,
2023,2020,Prague 125K,125K,2020-08-29,2020-09-06,Clay,PRAGUE,Czech Republic,128,3125000,USD,LS054,2020-08-31,2,Renata Zarazua,Reka-Luca Jani,MEX,HUN,30.0,,6-4,6-3,,O,320716,316606,2023,2020,Renata Zarazua,Reka-Luca Jani,MEX,HUN,30,,2,Renata Zarazua,Reka-Luca Jani,2,"6-4,6-3",2020-08-31T11:02:08+00:00,2020-08-31,01:50:31,Prague 125K,Prague Open,2023,,,320716,,316606,,00:52:42,6,4,,0,0.0,0.0,0.0,1.0,13.0,12.0,24.0,24.0,16.0,14.0,35.0,35.0,4.0,3.0,6.0,4.0,5.0,5.0,11.0,12.0,37.0,33.0,0.0,0.0,00:57:49,6,3,,0,0.0,1.0,0.0,3.0,20.0,10.0,35.0,21.0,21.0,15.0,37.0,35.0,3.0,1.0,6.0,3.0,4.0,5.0,15.0,11.0,41.0,31.0,0.0,0.0,,,,,,,,,,,,,,,,,,,,,,,,,,,,,,,,,,,,,,,,,,,,,,,,,,,,,,,,,,,,,,,,19,,,,,,,,,,,,,,,,,,,,,,,,,,
2023,2020,Prague 125K,125K,2020-08-29,2020-09-06,Clay,PRAGUE,Czech Republic,128,3125000,USD,LS055,2020-08-31,2,Miriam Kolodziejova,Yuki Naito,CZE,JPN,,,6-0,3-6,6-3,O,324052,326235,2023,2020,Miriam Kolodziejova,Yuki Naito,CZE,JPN,,,2,Miriam Kolodziejova,Yuki Naito,3,"6-0,3-6,6-3",2020-08-31T09:44:28+00:00,2020-08-31,01:40:51,Prague 125K,Prague Open,2023,,,324052,,326235,,00:21:17,6,0,,0,1.0,0.0,0.0,1.0,6.0,5.0,6.0,12.0,12.0,6.0,13.0,18.0,3.0,0.0,4.0,0.0,3.0,3.0,0.0,7.0,24.0,7.0,0.0,0.0,00:38:18,3,6,,0,0.0,1.0,2.0,0.0,7.0,11.0,20.0,21.0,8.0,13.0,26.0,26.0,2.0,4.0,3.0,4.0,5.0,4.0,13.0,10.0,21.0,31.0,0.0,0.0,00:41:16,6,3,,0,1.0,0.0,3.0,2.0,11.0,12.0,13.0,23.0,15.0,13.0,22.0,31.0,3.0,1.0,5.0,1.0,4.0,5.0,2.0,11.0,33.0,20.0,0.0,0.0,,,,,,,,,,,,5.0,3.0,2.0,1.0,39.0,56.0,61.0,75.0,0.639344262295082,0.7466666666666667,24.0,28.0,39.0,56.0,0.6153846153846154,0.5,,,,,,,0.0,17,0.0,12.0,12.0,,,,,,,,,,,,,,,,,,,,,,,
2023,2020,Prague 125K,125K,2020-08-29,2020-09-06,Clay,PRAGUE,Czech Republic,128,3125000,USD,LS056,2020-09-01,2,Valentini Grammatikopoulou,Martina Trevisan,GRE,ITA,7.0,7.0,6-2,6-1,,O,319250,316266,2023,2020,Martina Trevisan,Valentini Grammatikopoulou,ITA,GRE,7,,3,Valentini Grammatikopoulou,Martina Trevisan,2,"6-2,6-1",2020-09-01T08:08:41+00:00,2020-09-01,00:57:40,Prague 125K,Prague Open,2023,,,316266,,319250,,00:31:23,6,2,0,,2.0,0.0,1.0,3.0,10.0,7.0,15.0,13.0,15.0,8.0,25.0,23.0,3.0,1.0,4.0,1.0,4.0,4.0,5.0,6.0,30.0,18.0,0.0,0.0,00:26:17,6,1,0,,0.0,0.0,1.0,2.0,7.0,3.0,10.0,14.0,9.0,6.0,15.0,23.0,4.0,1.0,4.0,1.0,3.0,4.0,3.0,11.0,26.0,12.0,0.0,0.0,,,,,,,,,,,,,,,,,,,,,,,,,,,,,,,,,,,,,,,,,,,,,,,,,,,,,,,,,,,,,,,,10,,,,,,,,,,,,,,,,,,,,,,,,,,
2023,2020,Prague 125K,125K,2020-08-29,2020-09-06,Clay,PRAGUE,Czech Republic,128,3125000,USD,LS057,2020-09-01,2,Robin Anderson,Martina Di Giuseppe,USA,ITA,,31.0,6-4,6-3,,O,317175,313082,2023,2020,Robin Anderson,Martina Di Giuseppe,USA,ITA,,31,2,Robin Anderson,Martina Di Giuseppe,2,"6-4,6-3",2020-09-01T08:09:06+00:00,2020-09-01,01:26:47,Prague 125K,Prague Open,2023,,,317175,,313082,,00:46:11,6,4,,0,1.0,0.0,1.0,1.0,11.0,11.0,20.0,16.0,20.0,19.0,32.0,34.0,2.0,1.0,3.0,4.0,5.0,5.0,9.0,5.0,35.0,31.0,0.0,0.0,00:40:36,6,3,,0,0.0,1.0,1.0,2.0,13.0,8.0,23.0,12.0,20.0,11.0,33.0,23.0,2.0,1.0,3.0,5.0,5.0,4.0,10.0,4.0,32.0,24.0,0.0,0.0,,,,,,,,,,,,,,,,,,,,,,,,,,,,,,,,,,,,,,,,,,,,,,,,,,,,,,,,,,,,,,,,15,,,,,,,,,,,,,,,,,,,,,,,,,,
2023,2020,Prague 125K,125K,2020-08-29,2020-09-06,Clay,PRAGUE,Czech Republic,128,3125000,USD,LS058,2020-08-31,2,Anna Karolina Schmiedlova,Alexandra Cadantu,SVK,ROU,24.0,,7-6(4),3-2,,O,318203,313215,2023,2020,Anna Karolina Schmiedlova,Alexandra Cadantu,SVK,ROU,24,,4,Anna Karolina Schmiedlova,Alexandra Cadantu,2,"7-6(4),3-2 Ret'd",2020-08-31T13:04:23+00:00,2020-08-31,02:29:41,Prague 125K,Prague Open,2023,,,318203,,313215,,01:30:26,7,6,,4,1.0,0.0,0.0,2.0,16.0,19.0,30.0,36.0,27.0,24.0,47.0,44.0,2.0,2.0,4.0,2.0,6.0,6.0,14.0,17.0,47.0,44.0,0.0,0.0,00:58:08,3,2,,0,0.0,1.0,0.0,2.0,10.0,10.0,15.0,16.0,14.0,10.0,23.0,20.0,1.0,0.0,2.0,1.0,3.0,3.0,5.0,6.0,24.0,19.0,0.0,0.0,,,,,,,,,,,,,,,,,,,,,,,,,,,,,,,,,,,,,,,,,,,,,,,,,,,,,,,,,,,,,,,,9,,,,,,,,,,7.0,4.0,,,,,,,,,,,,,,,
2023,2020,Prague 125K,125K,2020-08-29,2020-09-06,Clay,PRAGUE,Czech Republic,128,3125000,USD,LS059,2020-09-01,2,Jaqueline Cristian,Diana Marcinkevica,ROU,LAT,11.0,11.0,6-2,6-2,,O,320319,316481,2023,2020,Diana Marcinkevica,Jaqueline Cristian,LAT,ROU,,11,3,Jaqueline Cristian,Diana Marcinkevica,2,"6-2,6-2",2020-09-01T09:52:34+00:00,2020-09-01,01:05:39,Prague 125K,Prague Open,2023,,,316481,,320319,,00:27:48,6,2,0,,1.0,0.0,1.0,1.0,9.0,8.0,12.0,15.0,13.0,11.0,20.0,25.0,3.0,1.0,7.0,1.0,4.0,4.0,3.0,7.0,27.0,18.0,0.0,0.0,00:37:51,6,2,0,,1.0,2.0,2.0,2.0,14.0,6.0,19.0,14.0,20.0,10.0,34.0,27.0,3.0,1.0,4.0,6.0,4.0,4.0,5.0,8.0,37.0,24.0,0.0,0.0,,,,,,,,,,,,,,,,,,,,,,,,,,,,,,,,,,,,,,,,,,,,,,,,,,,,,,,,,,,,,,,,18,,,,,,,,,,,,,,,,,,,,,,,,,,
2023,2020,Prague 125K,125K,2020-08-29,2020-09-06,Clay,PRAGUE,Czech Republic,128,3125000,USD,LS060,2020-08-31,2,Pemra Ozgen,Anna Danilina,TUR,KAZ,,,6-1,3-6,6-0,O,310047,319731,2023,2020,Anna Danilina,Pemra Ozgen,KAZ,TUR,,,3,Pemra Ozgen,Anna Danilina,3,"6-1,3-6,6-0",2020-08-31T14:19:46+00:00,2020-08-31,01:31:26,Prague 125K,Prague Open,2023,,,319731,,310047,,00:25:05,6,1,0,,0.0,1.0,0.0,2.0,6.0,4.0,12.0,12.0,13.0,7.0,20.0,20.0,3.0,1.0,7.0,2.0,4.0,3.0,6.0,8.0,26.0,14.0,0.0,0.0,00:37:29,3,6,0,,1.0,1.0,1.0,1.0,8.0,14.0,17.0,20.0,10.0,16.0,25.0,27.0,2.0,3.0,4.0,5.0,4.0,5.0,9.0,6.0,21.0,31.0,0.0,0.0,00:28:52,6,0,0,,0.0,1.0,0.0,1.0,9.0,5.0,12.0,14.0,12.0,7.0,15.0,23.0,3.0,0.0,3.0,0.0,3.0,3.0,3.0,9.0,28.0,10.0,0.0,0.0,,,,,,,,,,,,1.0,4.0,1.0,3.0,41.0,46.0,60.0,70.0,0.6833333333333333,0.6571428571428571,23.0,23.0,41.0,46.0,0.5609756097560976,0.5,,,,,,,3.0,21,0.14285714285714285,11.0,11.0,,,,,,,,,,,,,,,,,,,,,,,
2023,2020,Prague 125K,125K,2020-08-29,2020-09-06,Clay,PRAGUE,Czech Republic,128,3125000,USD,LS061,2020-08-31,2,Georgina Garcia Perez,Olga Danilovic,ESP,SRB,,19.0,7-6(5),6-4,,O,315815,324934,2023,2020,Georgina Garcia Perez,Olga Danilovic,ESP,SRB,,19,2,Georgina Garcia Perez,Olga Danilovic,2,"7-6(5),6-4",2020-08-31T13:15:00+00:00,2020-08-31,01:41:26,Prague 125K,Prague Open,2023,,,315815,,324934,,00:53:49,7,6,,5,7.0,1.0,1.0,2.0,16.0,14.0,23.0,23.0,22.0,23.0,34.0,41.0,2.0,2.0,5.0,3.0,6.0,6.0,7.0,9.0,40.0,35.0,0.0,0.0,00:47:37,6,4,,0,4.0,0.0,1.0,1.0,15.0,11.0,21.0,17.0,20.0,17.0,31.0,30.0,2.0,1.0,3.0,3.0,5.0,5.0,6.0,6.0,33.0,28.0,0.0,0.0,,,,,,,,,,,,,,,,,,,,,,,,,,,,,,,,,,,,,,,,,,,,,,,,,,,,,,,,,,,,,,,,14,,,,,,,,,,7.0,5.0,,,,,,,,,,,,,,,
2023,2020,Prague 125K,125K,2020-08-29,2020-09-06,Clay,PRAGUE,Czech Republic,128,3125000,USD,LS062,2020-08-31,2,Bibiane Schoofs,Katharina Gerlach,NED,GER,29.0,,6-2,6-0,,O,311597,320869,2023,2020,Bibiane Schoofs,Katharina Gerlach,NED,GER,29,,2,Bibiane Schoofs,Katharina Gerlach,2,"6-2,6-0",2020-08-31T13:08:44+00:00,2020-08-31,01:02:15,Prague 125K,Prague Open,2023,,,311597,,320869,,00:33:55,6,2,,0,0.0,0.0,4.0,5.0,12.0,14.0,13.0,19.0,17.0,15.0,24.0,29.0,2.0,0.0,3.0,0.0,4.0,4.0,1.0,5.0,31.0,22.0,0.0,0.0,00:28:20,6,0,,0,0.0,0.0,2.0,4.0,9.0,7.0,9.0,14.0,13.0,7.0,18.0,21.0,3.0,0.0,4.0,0.0,3.0,3.0,0.0,7.0,27.0,12.0,0.0,0.0,,,,,,,,,,,,,,,,,,,,,,,,,,,,,,,,,,,,,,,,,,,,,,,,,,,,,,,,,,,,,,,,7,,,,,,,,,,,,,,,,,,,,,,,,,,
2023,2020,Prague 125K,125K,2020-08-29,2020-09-06,Clay,PRAGUE,Czech Republic,128,3125000,USD,LS063,2020-08-31,2,Elisabetta Cocciaretto,Daniela Seguel,ITA,CHI,2.0,2.0,6-1,7-6(2),,O,327909,315836,2023,2020,Daniela Seguel,Elisabetta Cocciaretto,CHI,ITA,,2,3,Elisabetta Cocciaretto,Daniela Seguel,2,"6-1,7-6(2)",2020-08-31T11:16:12+00:00,2020-08-31,01:42:03,Prague 125K,Prague Open,2023,,,315836,,327909,,00:32:12,6,1,0,,0.0,0.0,0.0,0.0,12.0,5.0,16.0,15.0,17.0,8.0,24.0,20.0,2.0,0.0,5.0,0.0,4.0,3.0,4.0,10.0,29.0,15.0,0.0,0.0,01:09:51,7,6,2,,0.0,0.0,3.0,0.0,10.0,18.0,19.0,39.0,24.0,23.0,43.0,47.0,3.0,3.0,9.0,7.0,6.0,6.0,9.0,21.0,48.0,42.0,0.0,0.0,,,,,,,,,,,,,,,,,,,,,,,,,,,,,,,,,,,,,,,,,,,,,,,,,,,,,,,,,,,,,,,,21,,,,,,,,,,,,7.0,2.0,,,,,,,,,,,,,
2023,2020,Prague 125K,125K,2020-08-29,2020-09-06,Clay,PRAGUE,Czech Republic,128,3125000,USD,LS064,2020-08-30,1,Monica Niculescu,Panna Udvardy,ROU,HUN,1.0,,7-6(6),7-6(4),,O,310775,325956,2023,2020,Monica Niculescu,Panna Udvardy,ROU,HUN,1,,2,Monica Niculescu,Panna Udvardy,2,"7-6(6),7-6(4)",2020-08-30T08:08:24+00:00,2020-08-30,02:07:34,Prague 125K,Prague Open,2023,,,310775,,325956,,00:57:11,7,6,,6,0.0,1.0,0.0,2.0,24.0,22.0,36.0,27.0,29.0,29.0,44.0,44.0,1.0,1.0,1.0,5.0,6.0,6.0,12.0,5.0,44.0,44.0,0.0,0.0,01:10:23,7,6,,4,1.0,0.0,0.0,1.0,21.0,13.0,41.0,27.0,27.0,23.0,55.0,49.0,3.0,3.0,6.0,6.0,6.0,6.0,20.0,14.0,53.0,51.0,0.0,0.0,,,,,,,,,,,,,,,,,,,,,,,,,,,,,,,,,,,,,,,,,,,,,,,,,,,,,,,,,,,,,,,,18,,,,,,,,,,8.0,6.0,7.0,4.0,,,,,,,,,,,,,
2023,2020,Prague 125K,125K,2020-08-29,2020-09-06,Clay,PRAGUE,Czech Republic,128,3125000,USD,LS065,2020-08-29,1,Andrea Lazaro Garcia,Lina Gjorcheska,ESP,MKD,,,6-4,6-2,,O,318080,319311,2023,2020,Andrea Lazaro Garcia,Lina Gjorcheska,ESP,MKD,,,2,Andrea Lazaro Garcia,Lina Gjorcheska,2,"6-4,6-2",2020-08-29T14:31:03+00:00,2020-08-29,01:20:45,Prague 125K,Prague Open,2023,,,318080,,319311,,00:47:12,6,4,,0,0.0,0.0,4.0,0.0,14.0,6.0,24.0,17.0,22.0,11.0,46.0,29.0,4.0,3.0,5.0,10.0,5.0,5.0,10.0,11.0,40.0,35.0,0.0,0.0,00:33:33,6,2,,0,0.0,0.0,1.0,1.0,14.0,7.0,18.0,16.0,18.0,10.0,26.0,22.0,2.0,0.0,2.0,1.0,4.0,4.0,4.0,9.0,30.0,18.0,0.0,0.0,,,,,,,,,,,,,,,,,,,,,,,,,,,,,,,,,,,,,,,,,,,,,,,,,,,,,,,,,,,,,,,,18,,,,,,,,,,,,,,,,,,,,,,,,,,
2023,2020,Prague 125K,125K,2020-08-29,2020-09-06,Clay,PRAGUE,Czech Republic,128,3125000,USD,LS066,2020-08-29,1,Francesca Jones,Barbora Palicova,GBR,CZE,,,6-7(4),6-2,6-1,O,324479,330363,2023,2020,Francesca Jones,Barbora Palicova,GBR,CZE,,,2,Francesca Jones,Barbora Palicova,3,"6-7(4),6-2,6-1",2020-08-29T08:09:47+00:00,2020-08-29,02:18:35,Prague 125K,Prague Open,2023,,,324479,,330363,,00:59:58,6,7,,4,0.0,1.0,6.0,4.0,14.0,17.0,25.0,26.0,18.0,24.0,38.0,43.0,3.0,3.0,5.0,3.0,6.0,6.0,11.0,9.0,37.0,44.0,0.0,0.0,00:46:50,6,2,,0,0.0,0.0,2.0,0.0,18.0,4.0,26.0,11.0,24.0,12.0,40.0,25.0,2.0,0.0,2.0,9.0,4.0,4.0,8.0,7.0,37.0,28.0,0.0,0.0,00:31:48,6,1,,0,0.0,1.0,1.0,2.0,12.0,4.0,15.0,10.0,16.0,10.0,20.0,22.0,2.0,0.0,4.0,0.0,4.0,3.0,3.0,6.0,28.0,14.0,0.0,0.0,,,,,,,,,,,,9.0,6.0,0.0,2.0,66.0,47.0,98.0,90.0,0.673469387755102,0.5222222222222223,44.0,25.0,66.0,47.0,0.6666666666666666,0.5319148936170213,,,,,,,9.0,23,0.391304347826087,14.0,13.0,,,,,,,7.0,4.0,,,,,,,,,,,,,,,
2023,2020,Prague 125K,125K,2020-08-29,2020-09-06,Clay,PRAGUE,Czech Republic,128,3125000,USD,LS067,2020-08-29,1,Rebecca Sramkova,Kristyna Lavickova,SVK,CZE,32.0,32.0,6-1,7-5,,O,320228,327360,2023,2020,Kristyna Lavickova,Rebecca Sramkova,CZE,SVK,,32,3,Rebecca Sramkova,Kristyna Lavickova,2,"6-1,7-5",2020-08-29T08:06:29+00:00,2020-08-29,01:29:22,Prague 125K,Prague Open,2023,,,327360,,320228,,00:35:11,6,1,0,,2.0,0.0,1.0,2.0,17.0,3.0,30.0,9.0,20.0,8.0,37.0,22.0,3.0,1.0,3.0,3.0,4.0,3.0,13.0,6.0,34.0,25.0,0.0,0.0,00:54:11,7,5,0,,1.0,0.0,0.0,3.0,19.0,13.0,26.0,21.0,24.0,22.0,37.0,43.0,2.0,1.0,4.0,2.0,6.0,6.0,7.0,8.0,45.0,35.0,0.0,0.0,,,,,,,,,,,,,,,,,,,,,,,,,,,,,,,,,,,,,,,,,,,,,,,,,,,,,,,,,,,,,,,,12,,,,,,,,,,,,,,,,,,,,,,,,,,
2023,2020,Prague 125K,125K,2020-08-29,2020-09-06,Clay,PRAGUE,Czech Republic,128,3125000,USD,LS068,2020-08-30,1,Sabine Lisicki,Samantha Murray Sharan,GER,GBR,23.0,23.0,6-3,6-4,,O,312520,312660,2023,2020,Samantha Murray Sharan,Sabine Lisicki,GBR,GER,23,,3,Sabine Lisicki,Samantha Murray Sharan,2,"6-3,6-4",2020-08-30T08:12:43+00:00,2020-08-30,01:06:23,Prague 125K,Prague Open,2023,,,312660,,312520,,00:28:48,6,3,0,,2.0,0.0,3.0,2.0,10.0,11.0,13.0,20.0,16.0,12.0,26.0,26.0,2.0,1.0,6.0,1.0,5.0,4.0,3.0,9.0,30.0,22.0,0.0,0.0,00:37:35,6,4,0,,1.0,0.0,2.0,0.0,11.0,10.0,18.0,26.0,17.0,16.0,31.0,35.0,3.0,2.0,6.0,3.0,5.0,5.0,7.0,16.0,36.0,30.0,0.0,0.0,,,,,,,,,,,,,,,,,,,,,,,,,,,,,,,,,,,,,,,,,,,,,,,,,,,,,,,,,,,,,,,,16,,,,,,,,,,,,,,,,,,,,,,,,,,
2023,2020,Prague 125K,125K,2020-08-29,2020-09-06,Clay,PRAGUE,Czech Republic,128,3125000,USD,LS069,2020-08-30,1,Stephanie Wagner,Anastasia Gasanova,GER,RUS,,,6-4,6-3,,O,317519,322333,2023,2020,Anastasia Gasanova,Stephanie Wagner,RUS,GER,,,3,Stephanie Wagner,Anastasia Gasanova,2,"6-4,6-3",2020-08-30T08:09:14+00:00,2020-08-30,01:52:56,Prague 125K,Prague Open,2023,,,322333,,317519,,00:51:49,6,4,0,,1.0,0.0,2.0,2.0,19.0,8.0,30.0,21.0,22.0,10.0,46.0,28.0,4.0,3.0,4.0,9.0,5.0,5.0,11.0,13.0,40.0,34.0,0.0,0.0,01:01:07,6,3,0,,0.0,1.0,1.0,1.0,16.0,11.0,27.0,24.0,23.0,15.0,40.0,32.0,2.0,1.0,6.0,6.0,5.0,4.0,11.0,13.0,40.0,32.0,0.0,0.0,,,,,,,,,,,,,,,,,,,,,,,,,,,,,,,,,,,,,,,,,,,,,,,,,,,,,,,,,,,,,,,,25,,,,,,,,,,,,,,,,,,,,,,,,,,
2023,2020,Prague 125K,125K,2020-08-29,2020-09-06,Clay,PRAGUE,Czech Republic,128,3125000,USD,LS070,2020-08-29,1,Harmony Tan,Conny Perrin,FRA,SUI,,,6-3,6-4,,O,320016,315265,2023,2020,Harmony Tan,Conny Perrin,FRA,SUI,,,2,Harmony Tan,Conny Perrin,2,"6-3,6-4",2020-08-29T10:20:01+00:00,2020-08-29,01:28:58,Prague 125K,Prague Open,2023,,,320016,,315265,,00:36:39,6,3,,0,0.0,2.0,0.0,1.0,8.0,8.0,15.0,11.0,21.0,11.0,34.0,19.0,2.0,1.0,3.0,2.0,5.0,4.0,7.0,3.0,29.0,24.0,0.0,0.0,00:52:20,6,4,,0,1.0,1.0,1.0,0.0,10.0,15.0,15.0,20.0,23.0,20.0,35.0,33.0,1.0,0.0,2.0,3.0,5.0,5.0,5.0,5.0,36.0,32.0,0.0,0.0,,,,,,,,,,,,,,,,,,,,,,,,,,,,,,,,,,,,,,,,,,,,,,,,,,,,,,,,,,,,,,,,10,,,,,,,,,,,,,,,,,,,,,,,,,,
2023,2020,Prague 125K,125K,2020-08-29,2020-09-06,Clay,PRAGUE,Czech Republic,128,3125000,USD,LS071,2020-08-29,1,Chihiro Muramatsu,Jana Cepelova,JPN,SVK,,14.0,7-6(5),1-6,6-2,O,323095,316774,2023,2020,Chihiro Muramatsu,Jana Cepelova,JPN,SVK,,14,2,Chihiro Muramatsu,Jana Cepelova,3,"7-6(5),1-6,6-2",2020-08-29T09:55:11+00:00,2020-08-29,02:19:14,Prague 125K,Prague Open,2023,,,323095,,316774,,01:01:56,7,6,,5,1.0,0.0,0.0,2.0,19.0,9.0,39.0,22.0,24.0,16.0,48.0,38.0,4.0,4.0,8.0,5.0,6.0,6.0,20.0,13.0,46.0,40.0,0.0,0.0,00:31:30,1,6,,0,0.0,1.0,0.0,1.0,3.0,10.0,11.0,14.0,5.0,17.0,15.0,25.0,0.0,2.0,0.0,3.0,3.0,4.0,8.0,4.0,13.0,27.0,0.0,0.0,00:45:48,6,2,,0,0.0,0.0,0.0,3.0,10.0,8.0,24.0,17.0,16.0,9.0,33.0,27.0,4.0,2.0,9.0,4.0,4.0,4.0,14.0,9.0,34.0,26.0,0.0,0.0,,,,,,,,,,,,0.0,6.0,1.0,1.0,74.0,53.0,96.0,90.0,0.7708333333333334,0.5888888888888889,32.0,27.0,74.0,53.0,0.43243243243243246,0.5094339622641509,,,,,,,4.0,29,0.13793103448275862,13.0,14.0,,,,,,,7.0,5.0,,,,,,,,,,,,,,,
2023,2020,Prague 125K,125K,2020-08-29,2020-09-06,Clay,PRAGUE,Czech Republic,128,3125000,USD,LS072,2020-08-30,1,Kyoka Okamura,Magdalena Frech,JPN,POL,9.0,9.0,6-3,2-6,6-3,O,319183,320277,2023,2020,Magdalena Frech,Kyoka Okamura,POL,JPN,9,,3,Kyoka Okamura,Magdalena Frech,3,"6-3,2-6,6-3",2020-08-30T16:25:01+00:00,2020-08-30,02:12:42,Prague 125K,Prague Open,2023,,,320277,,319183,,00:37:06,6,3,0,,0.0,0.0,1.0,2.0,7.0,6.0,13.0,12.0,15.0,8.0,26.0,24.0,4.0,2.0,5.0,4.0,4.0,5.0,6.0,6.0,31.0,19.0,0.0,0.0,17:09:35,2,6,0,,0.0,0.0,0.0,2.0,10.0,15.0,20.0,23.0,13.0,24.0,27.0,35.0,0.0,2.0,5.0,3.0,4.0,4.0,10.0,8.0,24.0,38.0,0.0,0.0,00:48:17,6,3,0,,0.0,0.0,1.0,1.0,14.0,8.0,21.0,17.0,19.0,14.0,30.0,26.0,2.0,1.0,6.0,3.0,5.0,4.0,7.0,9.0,31.0,25.0,0.0,0.0,,,,,,,,,,,,2.0,5.0,0.0,0.0,54.0,52.0,83.0,85.0,0.6506024096385542,0.611764705882353,31.0,29.0,54.0,52.0,0.5740740740740741,0.5576923076923077,,,,,,,5.0,26,0.19230769230769232,13.0,13.0,,,,,,,,,,,,,,,,,,,,,,,
2023,2020,Prague 125K,125K,2020-08-29,2020-09-06,Clay,PRAGUE,Czech Republic,128,3125000,USD,LS073,2020-08-30,1,Lucie Havlickova,Riya Bhatia,CZE,IND,,,6-0,6-0,,O,330147,320221,2023,2020,Riya Bhatia,Lucie Havlickova,IND,CZE,,,3,Lucie Havlickova,Riya Bhatia,2,"6-0,6-0",2020-08-30T15:54:55+00:00,2020-08-30,00:54:40,Prague 125K,Prague Open,2023,,,320221,,330147,,00:20:26,6,0,0,,1.0,0.0,2.0,1.0,9.0,3.0,11.0,10.0,13.0,3.0,20.0,15.0,3.0,0.0,4.0,1.0,3.0,3.0,2.0,7.0,25.0,10.0,0.0,0.0,00:34:14,6,0,0,,1.0,0.0,1.0,4.0,8.0,8.0,9.0,17.0,13.0,12.0,18.0,30.0,3.0,0.0,4.0,1.0,3.0,3.0,1.0,9.0,31.0,17.0,0.0,0.0,,,,,,,,,,,,,,,,,,,,,,,,,,,,,,,,,,,,,,,,,,,,,,,,,,,,,,,,,,,,,,,,10,,,,,,,,,,,,,,,,,,,,,,,,,,
2023,2020,Prague 125K,125K,2020-08-29,2020-09-06,Clay,PRAGUE,Czech Republic,128,3125000,USD,LS074,2020-08-29,1,Laura Ioana Paar,Jule Niemeier,ROU,GER,,,6-3,6-4,,O,312269,325940,2023,2020,Laura Ioana Paar,Jule Niemeier,ROU,GER,,,2,Laura Ioana Paar,Jule Niemeier,2,"6-3,6-4",2020-08-29T08:09:19+00:00,2020-08-29,01:17:53,Prague 125K,Prague Open,2023,,,312269,,325940,,00:29:52,6,3,,0,0.0,1.0,1.0,0.0,10.0,7.0,15.0,10.0,17.0,10.0,26.0,20.0,2.0,1.0,2.0,1.0,5.0,4.0,5.0,3.0,27.0,19.0,0.0,0.0,00:48:01,6,4,,0,1.0,1.0,2.0,3.0,14.0,8.0,25.0,14.0,19.0,14.0,34.0,30.0,3.0,2.0,5.0,4.0,5.0,5.0,11.0,6.0,35.0,29.0,0.0,0.0,,,,,,,,,,,,,,,,,,,,,,,,,,,,,,,,,,,,,,,,,,,,,,,,,,,,,,,,,,,,,,,,12,,,,,,,,,,,,,,,,,,,,,,,,,,
2023,2020,Prague 125K,125K,2020-08-29,2020-09-06,Clay,PRAGUE,Czech Republic,128,3125000,USD,LS075,2020-08-29,1,Kristina Kucova,Tereza Mrdeza,SVK,CRO,18.0,18.0,6-4,6-4,,O,312673,314333,2023,2020,Tereza Mrdeza,Kristina Kucova,CRO,SVK,,18,3,Kristina Kucova,Tereza Mrdeza,2,"6-4,6-4",2020-08-29T08:08:09+00:00,2020-08-29,01:54:13,Prague 125K,Prague Open,2023,,,314333,,312673,,01:04:17,6,4,0,,0.0,0.0,3.0,0.0,15.0,16.0,23.0,38.0,22.0,17.0,46.0,42.0,4.0,3.0,7.0,13.0,5.0,5.0,8.0,22.0,47.0,41.0,0.0,0.0,00:49:57,6,4,0,,1.0,0.0,0.0,1.0,9.0,15.0,17.0,27.0,14.0,16.0,28.0,35.0,3.0,2.0,4.0,3.0,5.0,5.0,8.0,12.0,33.0,30.0,0.0,0.0,,,,,,,,,,,,,,,,,,,,,,,,,,,,,,,,,,,,,,,,,,,,,,,,,,,,,,,,,,,,,,,,27,,,,,,,,,,,,,,,,,,,,,,,,,,
2023,2020,Prague 125K,125K,2020-08-29,2020-09-06,Clay,PRAGUE,Czech Republic,128,3125000,USD,LS076,2020-08-30,1,Mariam Bolkvadze,Valeria Savinykh,GEO,RUS,26.0,,2-6,6-3,6-4,O,320592,315428,2023,2020,Mariam Bolkvadze,Valeria Savinykh,GEO,RUS,26,,2,Mariam Bolkvadze,Valeria Savinykh,3,"2-6,6-3,6-4",2020-08-30T08:11:43+00:00,2020-08-30,02:56:37,Prague 125K,Prague Open,2023,,,320592,,315428,,00:42:25,2,6,,0,0.0,1.0,2.0,2.0,3.0,10.0,10.0,16.0,5.0,15.0,22.0,28.0,2.0,4.0,6.0,5.0,4.0,4.0,7.0,6.0,18.0,32.0,0.0,0.0,01:01:49,6,3,,0,0.0,0.0,11.0,2.0,11.0,10.0,18.0,25.0,14.0,15.0,32.0,42.0,5.0,3.0,9.0,5.0,4.0,5.0,7.0,15.0,41.0,33.0,0.0,0.0,01:12:23,6,4,,0,0.0,0.0,4.0,1.0,10.0,16.0,22.0,41.0,13.0,22.0,34.0,54.0,5.0,4.0,16.0,10.0,5.0,5.0,12.0,25.0,45.0,43.0,0.0,0.0,,,,,,,,,,,,17.0,5.0,0.0,1.0,50.0,82.0,88.0,124.0,0.5681818181818182,0.6612903225806451,24.0,36.0,50.0,82.0,0.48,0.43902439024390244,,,,,,,9.0,51,0.17647058823529413,13.0,14.0,,,,,,,,,,,,,,,,,,,,,,,
2023,2020,Prague 125K,125K,2020-08-29,2020-09-06,Clay,PRAGUE,Czech Republic,128,3125000,USD,LS077,2020-08-29,1,Maja Chwalinska,Sara Bejlek,POL,CZE,,,6-0,6-1,,O,325639,330375,2023,2020,Maja Chwalinska,Sara Bejlek,POL,CZE,,,2,Maja Chwalinska,Sara Bejlek,2,"6-0,6-1",2020-08-29T14:27:32+00:00,2020-08-29,00:59:27,Prague 125K,Prague Open,2023,,,325639,,330375,,00:23:48,6,0,,0,0.0,0.0,1.0,3.0,10.0,5.0,13.0,10.0,13.0,6.0,18.0,19.0,3.0,0.0,5.0,1.0,3.0,3.0,3.0,5.0,26.0,11.0,0.0,0.0,00:35:39,6,1,,0,0.0,0.0,3.0,2.0,10.0,6.0,14.0,16.0,11.0,8.0,18.0,27.0,4.0,1.0,5.0,1.0,3.0,4.0,4.0,10.0,30.0,15.0,0.0,0.0,,,,,,,,,,,,,,,,,,,,,,,,,,,,,,,,,,,,,,,,,,,,,,,,,,,,,,,,,,,,,,,,12,,,,,,,,,,,,,,,,,,,,,,,,,,
2023,2020,Prague 125K,125K,2020-08-29,2020-09-06,Clay,PRAGUE,Czech Republic,128,3125000,USD,LS078,2020-08-30,1,Clara Tauson,Linda Fruhvirtova,DEN,CZE,,,6-3,6-2,,O,327793,329627,2023,2020,Linda Fruhvirtova,Clara Tauson,CZE,DEN,,,3,Clara Tauson,Linda Fruhvirtova,2,"6-3,6-2",2020-08-30T14:36:46+00:00,2020-08-30,01:02:18,Prague 125K,Prague Open,2023,,,329627,,327793,,00:31:19,6,3,0,,0.0,0.0,2.0,0.0,15.0,4.0,21.0,10.0,20.0,9.0,31.0,19.0,2.0,1.0,2.0,2.0,5.0,4.0,6.0,6.0,30.0,20.0,0.0,0.0,00:30:59,6,2,0,,2.0,1.0,0.0,0.0,11.0,4.0,15.0,11.0,14.0,7.0,23.0,19.0,3.0,1.0,4.0,1.0,4.0,4.0,4.0,7.0,26.0,16.0,0.0,0.0,,,,,,,,,,,,,,,,,,,,,,,,,,,,,,,,,,,,,,,,,,,,,,,,,,,,,,,,,,,,,,,,9,,,,,,,,,,,,,,,,,,,,,,,,,,
2023,2020,Prague 125K,125K,2020-08-29,2020-09-06,Clay,PRAGUE,Czech Republic,128,3125000,USD,LS079,2020-08-30,1,Sara Errani,Paula Ormaechea,ITA,ARG,6.0,6.0,0-6,7-5,7-6(7),O,310761,315083,2023,2020,Paula Ormaechea,Sara Errani,ARG,ITA,,6,3,Sara Errani,Paula Ormaechea,3,"0-6,7-5,7-6(7)",2020-08-30T11:07:51+00:00,2020-08-30,03:01:21,Prague 125K,Prague Open,2023,,,315083,,310761,,02:37:29,0,6,0,,0.0,2.0,2.0,0.0,8.0,9.0,18.0,9.0,10.0,12.0,27.0,14.0,0.0,3.0,0.0,7.0,3.0,3.0,10.0,0.0,12.0,29.0,0.0,0.0,01:05:03,7,5,0,,0.0,1.0,1.0,1.0,20.0,21.0,35.0,31.0,25.0,24.0,44.0,46.0,3.0,2.0,5.0,3.0,6.0,6.0,15.0,10.0,47.0,43.0,0.0,0.0,01:19:23,7,6,7,,0.0,0.0,0.0,2.0,32.0,15.0,66.0,34.0,34.0,18.0,72.0,44.0,5.0,5.0,11.0,11.0,6.0,6.0,34.0,19.0,60.0,56.0,0.0,0.0,,,,,,,,,,,,3.0,3.0,0.0,3.0,119.0,74.0,143.0,104.0,0.8321678321678322,0.7115384615384616,60.0,45.0,119.0,74.0,0.5042016806722689,0.6081081081081081,,,,,,,11.0,37,0.2972972972972973,15.0,15.0,,,,,,,,,,,9.0,7.0,,,,,,,,,,,
2023,2020,Prague 125K,125K,2020-08-29,2020-09-06,Clay,PRAGUE,Czech Republic,128,3125000,USD,LS080,2020-08-30,1,Leonie Kung,Ivana Popovic,SUI,AUS,4.0,,6-1,6-0,,O,324028,325856,2023,2020,Leonie Kung,Ivana Popovic,SUI,AUS,4,,2,Leonie Kung,Ivana Popovic,2,"6-1,6-0",2020-08-30T08:09:40+00:00,2020-08-30,01:01:30,Prague 125K,Prague Open,2023,,,324028,,325856,,00:23:05,6,1,,0,1.0,0.0,0.0,6.0,10.0,7.0,12.0,13.0,12.0,9.0,14.0,24.0,3.0,0.0,6.0,0.0,3.0,4.0,2.0,6.0,27.0,11.0,0.0,0.0,00:38:25,6,0,,0,2.0,1.0,2.0,5.0,12.0,7.0,16.0,17.0,15.0,14.0,23.0,34.0,3.0,0.0,7.0,2.0,3.0,3.0,4.0,10.0,35.0,22.0,0.0,0.0,,,,,,,,,,,,,,,,,,,,,,,,,,,,,,,,,,,,,,,,,,,,,,,,,,,,,,,,,,,,,,,,15,,,,,,,,,,,,,,,,,,,,,,,,,,
2023,2020,Prague 125K,125K,2020-08-29,2020-09-06,Clay,PRAGUE,Czech Republic,128,3125000,USD,LS081,2020-08-30,1,Ana Sofia Sanchez,Catherine Harrison,MEX,USA,,,3-6,6-4,7-6(3),O,316694,317900,2023,2020,Ana Sofia Sanchez,Catherine Harrison,MEX,USA,,,2,Ana Sofia Sanchez,Catherine Harrison,3,"3-6,6-4,7-6(3)",2020-08-30T08:08:47+00:00,2020-08-30,02:50:13,Prague 125K,Prague Open,2023,,,316694,,317900,,00:48:56,3,6,,0,0.0,1.0,2.0,1.0,12.0,9.0,27.0,20.0,15.0,19.0,34.0,35.0,2.0,3.0,4.0,6.0,4.0,5.0,15.0,11.0,31.0,38.0,0.0,0.0,00:45:19,6,4,,0,0.0,0.0,1.0,3.0,12.0,8.0,22.0,20.0,15.0,10.0,36.0,27.0,4.0,3.0,4.0,6.0,5.0,5.0,10.0,12.0,32.0,31.0,0.0,0.0,01:15:58,7,6,,3,0.0,0.0,3.0,3.0,20.0,16.0,39.0,30.0,27.0,21.0,53.0,45.0,3.0,3.0,7.0,6.0,6.0,6.0,19.0,14.0,51.0,47.0,0.0,0.0,,,,,,,,,,,,6.0,7.0,0.0,1.0,88.0,70.0,123.0,107.0,0.7154471544715447,0.6542056074766355,44.0,33.0,88.0,70.0,0.5,0.4714285714285714,,,,,,,9.0,33,0.2727272727272727,15.0,16.0,,,,,,,,,,,7.0,3.0,,,,,,,,,,,
2023,2020,Prague 125K,125K,2020-08-29,2020-09-06,Clay,PRAGUE,Czech Republic,128,3125000,USD,LS082,2020-08-29,1,Jessica Pieri,Irene Burillo Escorihue,ITA,ESP,,,6-4,7-5,,O,321029,321157,2023,2020,Irene Burillo Escorihue,Jessica Pieri,ESP,ITA,,,3,Jessica Pieri,Irene Burillo Escorihue,2,"6-4,7-5",2020-08-29T12:04:46+00:00,2020-08-29,02:07:19,Prague 125K,Prague Open,2023,,,321157,,321029,,00:45:54,6,4,0,,0.0,0.0,0.0,3.0,13.0,8.0,23.0,18.0,17.0,10.0,34.0,29.0,4.0,3.0,4.0,5.0,5.0,5.0,10.0,10.0,36.0,27.0,0.0,0.0,01:21:25,7,5,0,,1.0,0.0,0.0,2.0,28.0,12.0,49.0,23.0,37.0,19.0,68.0,40.0,3.0,2.0,5.0,11.0,6.0,6.0,21.0,11.0,58.0,50.0,0.0,0.0,,,,,,,,,,,,,,,,,,,,,,,,,,,,,,,,,,,,,,,,,,,,,,,,,,,,,,,,,,,,,,,,25,,,,,,,,,,,,,,,,,,,,,,,,,,
2023,2020,Prague 125K,125K,2020-08-29,2020-09-06,Clay,PRAGUE,Czech Republic,128,3125000,USD,LS083,2020-08-29,1,Daria Lopatetska,Indy De Vroome,UKR,NED,,25.0,6-2,6-3,,O,328592,319266,2023,2020,Daria Lopatetska,Indy De Vroome,UKR,NED,,25,2,Daria Lopatetska,Indy De Vroome,2,"6-2,6-3",2020-08-29T12:55:21+00:00,2020-08-29,01:16:12,Prague 125K,Prague Open,2023,,,328592,,319266,,00:31:12,6,2,,0,0.0,2.0,3.0,5.0,6.0,4.0,11.0,16.0,11.0,7.0,21.0,25.0,4.0,2.0,8.0,2.0,4.0,4.0,5.0,12.0,29.0,17.0,0.0,0.0,00:45:01,6,3,,0,0.0,1.0,2.0,4.0,12.0,7.0,22.0,10.0,21.0,13.0,37.0,26.0,2.0,1.0,2.0,1.0,5.0,4.0,10.0,3.0,34.0,29.0,0.0,0.0,,,,,,,,,,,,,,,,,,,,,,,,,,,,,,,,,,,,,,,,,,,,,,,,,,,,,,,,,,,,,,,,13,,,,,,,,,,,,,,,,,,,,,,,,,,
2023,2020,Prague 125K,125K,2020-08-29,2020-09-06,Clay,PRAGUE,Czech Republic,128,3125000,USD,LS084,2020-08-29,1,Mayar Sherif,Linda Noskova,EGY,CZE,17.0,,7-6(3),7-5,,O,318711,329668,2023,2020,Mayar Sherif,Linda Noskova,EGY,CZE,17,,2,Mayar Sherif,Linda Noskova,2,"7-6(3),7-5",2020-08-29T13:22:56+00:00,2020-08-29,01:48:48,Prague 125K,Prague Open,2023,,,318711,,329668,,01:00:25,7,6,,3,2.0,2.0,0.0,1.0,16.0,13.0,28.0,30.0,22.0,24.0,41.0,51.0,3.0,3.0,10.0,6.0,6.0,6.0,12.0,17.0,49.0,43.0,0.0,0.0,00:48:23,7,5,,0,3.0,1.0,0.0,1.0,18.0,15.0,26.0,23.0,24.0,19.0,35.0,35.0,2.0,1.0,3.0,2.0,6.0,6.0,8.0,8.0,40.0,30.0,0.0,0.0,,,,,,,,,,,,,,,,,,,,,,,,,,,,,,,,,,,,,,,,,,,,,,,,,,,,,,,,,,,,,,,,21,,,,,,,,,,7.0,3.0,,,,,,,,,,,,,,,
2023,2020,Prague 125K,125K,2020-08-29,2020-09-06,Clay,PRAGUE,Czech Republic,128,3125000,USD,LS085,2020-08-29,1,Dalma Galfi,Jessika Ponchet,HUN,FRA,,,6-0,6-2,,O,321106,319421,2023,2020,Dalma Galfi,Jessika Ponchet,HUN,FRA,,,2,Dalma Galfi,Jessika Ponchet,2,"6-0,6-2",2020-08-29T13:38:18+00:00,2020-08-29,00:50:26,Prague 125K,Prague Open,2023,,,321106,,319421,,00:17:24,6,0,,0,0.0,0.0,0.0,0.0,11.0,3.0,12.0,5.0,12.0,4.0,13.0,16.0,3.0,0.0,3.0,0.0,3.0,3.0,1.0,2.0,24.0,5.0,0.0,0.0,00:33:02,6,2,,0,0.0,1.0,1.0,1.0,14.0,11.0,16.0,18.0,18.0,16.0,23.0,31.0,2.0,0.0,5.0,0.0,4.0,4.0,2.0,7.0,33.0,21.0,0.0,0.0,,,,,,,,,,,,,,,,,,,,,,,,,,,,,,,,,,,,,,,,,,,,,,,,,,,,,,,,,,,,,,,,8,,,,,,,,,,,,,,,,,,,,,,,,,,
2023,2020,Prague 125K,125K,2020-08-29,2020-09-06,Clay,PRAGUE,Czech Republic,128,3125000,USD,LS086,2020-08-29,1,Ivana Jorovic,Lea Boskovic,SRB,CRO,,,6-1,7-5,,O,320360,323171,2023,2020,Lea Boskovic,Ivana Jorovic,CRO,SRB,,,3,Ivana Jorovic,Lea Boskovic,2,"6-1,7-5",2020-08-29T12:05:22+00:00,2020-08-29,01:24:35,Prague 125K,Prague Open,2023,,,323171,,320360,,00:34:19,6,1,0,,1.0,1.0,0.0,0.0,11.0,10.0,15.0,21.0,18.0,11.0,26.0,24.0,2.0,0.0,5.0,1.0,4.0,3.0,4.0,11.0,31.0,19.0,0.0,0.0,00:50:16,7,5,0,,2.0,1.0,2.0,2.0,19.0,16.0,27.0,26.0,25.0,19.0,37.0,33.0,2.0,1.0,2.0,1.0,6.0,6.0,8.0,10.0,39.0,31.0,0.0,0.0,,,,,,,,,,,,,,,,,,,,,,,,,,,,,,,,,,,,,,,,,,,,,,,,,,,,,,,,,,,,,,,,9,,,,,,,,,,,,,,,,,,,,,,,,,,
2023,2020,Prague 125K,125K,2020-08-29,2020-09-06,Clay,PRAGUE,Czech Republic,128,3125000,USD,LS087,2020-08-29,1,Elena-Gabriela Ruse,Irina Fetecau,ROU,ROU,16.0,16.0,6-2,6-4,,O,320408,320497,2023,2020,Irina Fetecau,Elena-Gabriela Ruse,ROU,ROU,,16,3,Elena-Gabriela Ruse,Irina Fetecau,2,"6-2,6-4",2020-08-29T12:15:10+00:00,2020-08-29,01:06:07,Prague 125K,Prague Open,2023,,,320497,,320408,,00:25:58,6,2,0,,2.0,1.0,0.0,3.0,11.0,13.0,11.0,21.0,16.0,14.0,17.0,27.0,2.0,0.0,4.0,0.0,4.0,4.0,0.0,8.0,29.0,15.0,0.0,0.0,00:40:09,6,4,0,,0.0,0.0,2.0,1.0,5.0,8.0,11.0,17.0,16.0,14.0,26.0,26.0,2.0,1.0,2.0,1.0,5.0,5.0,6.0,9.0,28.0,24.0,0.0,0.0,,,,,,,,,,,,,,,,,,,,,,,,,,,,,,,,,,,,,,,,,,,,,,,,,,,,,,,,,,,,,,,,7,,,,,,,,,,,,,,,,,,,,,,,,,,
2023,2020,Prague 125K,125K,2020-08-29,2020-09-06,Clay,PRAGUE,Czech Republic,128,3125000,USD,LS088,2020-08-29,1,Irina Bara,Zuzana Zlochova,ROU,SVK,10.0,,6-2,6-2,,O,318352,315038,2023,2020,Irina Bara,Zuzana Zlochova,ROU,SVK,10,,2,Irina Bara,Zuzana Zlochova,2,"6-2,6-2",2020-08-29T08:06:39+00:00,2020-08-29,00:56:52,Prague 125K,Prague Open,2023,,,318352,,315038,,00:24:02,6,2,,0,0.0,0.0,0.0,0.0,8.0,5.0,15.0,11.0,12.0,8.0,20.0,21.0,3.0,1.0,4.0,1.0,4.0,4.0,7.0,6.0,25.0,16.0,0.0,0.0,00:32:50,6,2,,0,0.0,0.0,1.0,3.0,9.0,11.0,13.0,23.0,14.0,13.0,22.0,31.0,3.0,1.0,6.0,2.0,4.0,4.0,4.0,12.0,32.0,21.0,0.0,0.0,,,,,,,,,,,,,,,,,,,,,,,,,,,,,,,,,,,,,,,,,,,,,,,,,,,,,,,,,,,,,,,,13,,,,,,,,,,,,,,,,,,,,,,,,,,
2023,2020,Prague 125K,125K,2020-08-29,2020-09-06,Clay,PRAGUE,Czech Republic,128,3125000,USD,LS089,2020-08-29,1,Seone Mendez,Amanda Carreras,AUS,GBR,,,6-2,6-2,,O,322351,314095,2023,2020,Seone Mendez,Amanda Carreras,AUS,GBR,,,2,Seone Mendez,Amanda Carreras,2,"6-2,6-2",2020-08-29T08:06:02+00:00,2020-08-29,01:08:49,Prague 125K,Prague Open,2023,,,322351,,314095,,00:32:34,6,2,,0,0.0,0.0,1.0,1.0,16.0,13.0,22.0,26.0,19.0,13.0,30.0,27.0,2.0,0.0,4.0,2.0,4.0,4.0,6.0,13.0,33.0,24.0,0.0,0.0,00:36:15,6,2,,0,0.0,0.0,0.0,1.0,12.0,12.0,19.0,22.0,19.0,14.0,30.0,28.0,2.0,0.0,4.0,4.0,4.0,4.0,7.0,10.0,33.0,25.0,0.0,0.0,,,,,,,,,,,,,,,,,,,,,,,,,,,,,,,,,,,,,,,,,,,,,,,,,,,,,,,,,,,,,,,,14,,,,,,,,,,,,,,,,,,,,,,,,,,
2023,2020,Prague 125K,125K,2020-08-29,2020-09-06,Clay,PRAGUE,Czech Republic,128,3125000,USD,LS090,2020-08-30,1,Victoria Kan,Gabriela Talaba,RUS,ROU,,,6-3,6-3,,O,319029,319454,2023,2020,Gabriela Talaba,Victoria Kan,ROU,RUS,,,3,Victoria Kan,Gabriela Talaba,2,"6-3,6-3",2020-08-30T08:05:28+00:00,2020-08-30,01:09:59,Prague 125K,Prague Open,2023,,,319454,,319029,,00:31:30,6,3,0,,1.0,0.0,1.0,3.0,10.0,7.0,10.0,14.0,16.0,10.0,27.0,26.0,3.0,1.0,4.0,2.0,4.0,5.0,0.0,7.0,32.0,21.0,0.0,0.0,00:38:30,6,3,0,,1.0,0.0,0.0,3.0,7.0,9.0,13.0,20.0,15.0,13.0,28.0,29.0,3.0,2.0,4.0,2.0,5.0,4.0,6.0,11.0,31.0,26.0,0.0,0.0,,,,,,,,,,,,,,,,,,,,,,,,,,,,,,,,,,,,,,,,,,,,,,,,,,,,,,,,,,,,,,,,12,,,,,,,,,,,,,,,,,,,,,,,,,,
2023,2020,Prague 125K,125K,2020-08-29,2020-09-06,Clay,PRAGUE,Czech Republic,128,3125000,USD,LS091,2020-08-29,1,Marie Benoit,Varvara Lepchenko,BEL,USA,,22.0,7-6(6),7-6(4),,O,319433,120420,2023,2020,Marie Benoit,Varvara Lepchenko,BEL,USA,,22,2,Marie Benoit,Varvara Lepchenko,2,"7-6(6),7-6(4)",2020-08-29T13:47:37+00:00,2020-08-29,02:04:21,Prague 125K,Prague Open,2023,,,319433,,120420,,01:00:30,7,6,,6,1.0,1.0,3.0,2.0,12.0,16.0,23.0,31.0,23.0,21.0,40.0,44.0,3.0,3.0,3.0,5.0,6.0,6.0,11.0,15.0,46.0,38.0,0.0,0.0,01:03:51,7,6,,4,0.0,1.0,1.0,3.0,12.0,17.0,25.0,36.0,18.0,21.0,37.0,47.0,3.0,3.0,9.0,5.0,6.0,6.0,13.0,19.0,44.0,40.0,0.0,0.0,,,,,,,,,,,,,,,,,,,,,,,,,,,,,,,,,,,,,,,,,,,,,,,,,,,,,,,,,,,,,,,,22,,,,,,,,,,8.0,6.0,7.0,4.0,,,,,,,,,,,,,
2023,2020,Prague 125K,125K,2020-08-29,2020-09-06,Clay,PRAGUE,Czech Republic,128,3125000,USD,LS092,2020-08-29,1,Cagla Buyukakcay,Grace Min,TUR,USA,27.0,,7-5,6-4,,O,312292,316157,2023,2020,Cagla Buyukakcay,Grace Min,TUR,USA,27,,2,Cagla Buyukakcay,Grace Min,2,"7-5,6-4",2020-08-29T13:07:26+00:00,2020-08-29,02:02:20,Prague 125K,Prague Open,2023,,,312292,,316157,,01:11:17,7,5,,0,0.0,1.0,3.0,1.0,15.0,19.0,25.0,38.0,17.0,29.0,34.0,60.0,4.0,3.0,10.0,4.0,6.0,6.0,10.0,19.0,48.0,46.0,0.0,0.0,00:51:04,6,4,,0,0.0,0.0,1.0,1.0,11.0,9.0,16.0,26.0,16.0,15.0,27.0,36.0,3.0,2.0,8.0,3.0,5.0,5.0,5.0,17.0,37.0,26.0,0.0,0.0,,,,,,,,,,,,,,,,,,,,,,,,,,,,,,,,,,,,,,,,,,,,,,,,,,,,,,,,,,,,,,,,25,,,,,,,,,,,,,,,,,,,,,,,,,,
2023,2020,Prague 125K,125K,2020-08-29,2020-09-06,Clay,PRAGUE,Czech Republic,128,3125000,USD,LS093,2020-08-30,1,Gabriela Ce,Katie Volynets,BRA,USA,,,6-2,7-5,,O,316674,327391,2023,2020,Katie Volynets,Gabriela Ce,USA,BRA,,,3,Gabriela Ce,Katie Volynets,2,"6-2,7-5",2020-08-30T08:09:18+00:00,2020-08-30,01:59:01,Prague 125K,Prague Open,2023,,,327391,,316674,,00:43:06,6,2,0,,0.0,1.0,0.0,1.0,17.0,8.0,21.0,17.0,18.0,10.0,24.0,22.0,2.0,0.0,2.0,1.0,4.0,4.0,4.0,9.0,30.0,16.0,0.0,0.0,01:15:56,7,5,0,,0.0,0.0,0.0,1.0,11.0,14.0,24.0,34.0,19.0,16.0,37.0,38.0,4.0,3.0,6.0,6.0,6.0,6.0,13.0,20.0,41.0,34.0,0.0,0.0,,,,,,,,,,,,,,,,,,,,,,,,,,,,,,,,,,,,,,,,,,,,,,,,,,,,,,,,,,,,,,,,15,,,,,,,,,,,,,,,,,,,,,,,,,,
2023,2020,Prague 125K,125K,2020-08-29,2020-09-06,Clay,PRAGUE,Czech Republic,128,3125000,USD,LS094,2020-08-29,1,Tena Lukas,Nikola Bartunkova,CRO,CZE,,,6-1,6-2,,O,318559,330376,2023,2020,Tena Lukas,Nikola Bartunkova,CRO,CZE,,,2,Tena Lukas,Nikola Bartunkova,2,"6-1,6-2",2020-08-29T09:31:49+00:00,2020-08-29,01:03:29,Prague 125K,Prague Open,2023,,,318559,,330376,,00:25:54,6,1,,0,0.0,0.0,0.0,3.0,10.0,8.0,12.0,14.0,13.0,11.0,17.0,25.0,3.0,0.0,7.0,0.0,3.0,4.0,2.0,6.0,27.0,15.0,0.0,0.0,00:37:35,6,2,,0,2.0,0.0,1.0,4.0,11.0,8.0,15.0,16.0,18.0,11.0,29.0,28.0,3.0,1.0,3.0,5.0,4.0,4.0,4.0,8.0,35.0,22.0,0.0,0.0,,,,,,,,,,,,,,,,,,,,,,,,,,,,,,,,,,,,,,,,,,,,,,,,,,,,,,,,,,,,,,,,15,,,,,,,,,,,,,,,,,,,,,,,,,,
2023,2020,Prague 125K,125K,2020-08-29,2020-09-06,Clay,PRAGUE,Czech Republic,128,3125000,USD,LS095,2020-08-29,1,Giulia Gatto-Monticone,Jana Fett,ITA,CRO,8.0,8.0,7-5,6-1,,O,310915,320945,2023,2020,Jana Fett,Giulia Gatto-Monticone,CRO,ITA,,8,3,Giulia Gatto-Monticone,Jana Fett,2,"7-5,6-1",2020-08-29T09:25:11+00:00,2020-08-29,01:37:48,Prague 125K,Prague Open,2023,,,320945,,310915,,00:58:43,7,5,0,,0.0,0.0,1.0,1.0,18.0,6.0,34.0,15.0,22.0,12.0,47.0,35.0,5.0,4.0,7.0,10.0,6.0,6.0,16.0,9.0,45.0,37.0,0.0,0.0,00:39:05,6,1,0,,0.0,1.0,2.0,4.0,16.0,5.0,25.0,7.0,19.0,7.0,34.0,20.0,3.0,1.0,5.0,4.0,4.0,3.0,9.0,2.0,32.0,22.0,0.0,0.0,,,,,,,,,,,,,,,,,,,,,,,,,,,,,,,,,,,,,,,,,,,,,,,,,,,,,,,,,,,,,,,,26,,,,,,,,,,,,,,,,,,,,,,,,,,
2023,2020,Prague 125K,125K,2020-08-29,2020-09-06,Clay,PRAGUE,Czech Republic,128,3125000,USD,LS096,2020-08-30,1,Lara Arruabarrena,Valentyna Ivakhnenko,ESP,RUS,5.0,,7-5,6-1,,O,315296,315366,2023,2020,Lara Arruabarrena,Valentyna Ivakhnenko,ESP,RUS,5,,2,Lara Arruabarrena,Valentyna Ivakhnenko,2,"7-5,6-1",2020-08-30T15:50:30+00:00,2020-08-30,01:26:18,Prague 125K,Prague Open,2023,,,315296,,315366,,00:50:13,7,5,,0,0.0,0.0,1.0,1.0,13.0,17.0,22.0,28.0,20.0,17.0,37.0,36.0,4.0,3.0,5.0,6.0,6.0,6.0,9.0,11.0,39.0,34.0,0.0,0.0,00:36:05,6,1,,0,0.0,0.0,0.0,0.0,13.0,6.0,16.0,13.0,18.0,8.0,25.0,19.0,2.0,0.0,5.0,4.0,4.0,3.0,3.0,7.0,29.0,15.0,0.0,0.0,,,,,,,,,,,,,,,,,,,,,,,,,,,,,,,,,,,,,,,,,,,,,,,,,,,,,,,,,,,,,,,,20,,,,,,,,,,,,,,,,,,,,,,,,,,
2023,2020,Prague 125K,125K,2020-08-29,2020-09-06,Clay,PRAGUE,Czech Republic,128,3125000,USD,LS097,2020-08-30,1,Mirjam Bjorklund,Simona Waltert,SWE,SUI,,,3-6,6-3,6-4,O,323007,325771,2023,2020,Simona Waltert,Mirjam Bjorklund,SUI,SWE,,,3,Mirjam Bjorklund,Simona Waltert,3,"3-6,6-3,6-4",2020-08-30T14:06:00+00:00,2020-08-30,02:11:39,Prague 125K,Prague Open,2023,,,325771,,323007,,00:34:40,3,6,0,,2.0,1.0,1.0,1.0,12.0,17.0,18.0,20.0,14.0,23.0,24.0,30.0,0.0,1.0,2.0,1.0,4.0,5.0,6.0,3.0,21.0,33.0,0.0,0.0,00:48:55,6,3,0,,0.0,0.0,3.0,2.0,14.0,9.0,23.0,19.0,24.0,11.0,44.0,26.0,3.0,2.0,6.0,6.0,5.0,4.0,9.0,10.0,39.0,31.0,0.0,0.0,00:48:04,6,4,0,,0.0,0.0,0.0,3.0,13.0,8.0,26.0,19.0,19.0,11.0,40.0,28.0,4.0,3.0,6.0,4.0,5.0,5.0,13.0,11.0,36.0,32.0,0.0,0.0,,,,,,,,,,,,4.0,6.0,2.0,1.0,67.0,58.0,108.0,84.0,0.6203703703703703,0.6904761904761905,39.0,34.0,67.0,58.0,0.582089552238806,0.5862068965517241,,,,,,,5.0,25,0.2,14.0,14.0,,,,,,,,,,,,,,,,,,,,,,,
2023,2020,Prague 125K,125K,2020-08-29,2020-09-06,Clay,PRAGUE,Czech Republic,128,3125000,USD,LS098,2020-08-30,1,Maryna Zanevska,Amandine Hesse,BEL,FRA,,,7-5,6-2,,O,317094,315148,2023,2020,Amandine Hesse,Maryna Zanevska,FRA,BEL,,,3,Maryna Zanevska,Amandine Hesse,2,"7-5,6-2",2020-08-30T14:44:24+00:00,2020-08-30,01:32:58,Prague 125K,Prague Open,2023,,,315148,,317094,,00:49:23,7,5,0,,0.0,2.0,6.0,2.0,14.0,11.0,23.0,14.0,22.0,19.0,38.0,36.0,3.0,2.0,4.0,4.0,6.0,6.0,9.0,3.0,39.0,35.0,0.0,0.0,00:43:35,6,2,0,,0.0,1.0,3.0,1.0,18.0,4.0,27.0,6.0,20.0,11.0,36.0,24.0,3.0,1.0,5.0,8.0,4.0,4.0,9.0,2.0,33.0,27.0,0.0,0.0,,,,,,,,,,,,,,,,,,,,,,,,,,,,,,,,,,,,,,,,,,,,,,,,,,,,,,,,,,,,,,,,21,,,,,,,,,,,,,,,,,,,,,,,,,,
2023,2020,Prague 125K,125K,2020-08-29,2020-09-06,Clay,PRAGUE,Czech Republic,128,3125000,USD,LS099,2020-08-30,1,Isabella Shinikova,Eva Guerrero Alvarez,BUL,ESP,28.0,28.0,2-6,6-4,7-5,O,316588,322382,2023,2020,Eva Guerrero Alvarez,Isabella Shinikova,ESP,BUL,,28,3,Isabella Shinikova,Eva Guerrero Alvarez,3,"2-6,6-4,7-5",2020-08-30T14:14:01+00:00,2020-08-30,02:02:29,Prague 125K,Prague Open,2023,,,322382,,316588,,00:42:40,2,6,0,,0.0,4.0,6.0,1.0,6.0,13.0,11.0,24.0,12.0,22.0,27.0,39.0,1.0,3.0,5.0,4.0,4.0,4.0,5.0,11.0,29.0,37.0,0.0,0.0,00:34:59,6,4,0,,1.0,1.0,1.0,1.0,11.0,8.0,22.0,16.0,15.0,11.0,29.0,25.0,3.0,2.0,4.0,4.0,5.0,5.0,11.0,8.0,29.0,25.0,0.0,0.0,00:44:50,7,5,0,,3.0,0.0,1.0,1.0,18.0,16.0,29.0,19.0,24.0,19.0,38.0,31.0,2.0,1.0,3.0,1.0,6.0,6.0,11.0,3.0,36.0,33.0,0.0,0.0,,,,,,,,,,,,8.0,3.0,4.0,5.0,62.0,59.0,94.0,95.0,0.6595744680851063,0.6210526315789474,35.0,37.0,62.0,59.0,0.5645161290322581,0.6271186440677966,,,,,,,3.0,21,0.14285714285714285,15.0,15.0,,,,,,,,,,,,,,,,,,,,,,,
2023,2020,Prague 125K,125K,2020-08-29,2020-09-06,Clay,PRAGUE,Czech Republic,128,3125000,USD,LS100,2020-08-30,1,Cristina Bucsa,Anastasiya Komardina,ESP,RUS,21.0,,6-0,6-2,,O,321158,320621,2023,2020,Cristina Bucsa,Anastasiya Komardina,ESP,RUS,21,,2,Cristina Bucsa,Anastasiya Komardina,2,"6-0,6-2",2020-08-30T14:40:45+00:00,2020-08-30,01:33:21,Prague 125K,Prague Open,2023,,,321158,,320621,,00:40:32,6,0,,0,0.0,0.0,2.0,0.0,18.0,5.0,27.0,12.0,19.0,8.0,32.0,24.0,3.0,0.0,7.0,5.0,3.0,3.0,9.0,7.0,35.0,21.0,0.0,0.0,00:52:49,6,2,,0,1.0,1.0,0.0,0.0,12.0,4.0,21.0,8.0,20.0,7.0,35.0,21.0,3.0,1.0,4.0,3.0,4.0,4.0,9.0,4.0,34.0,22.0,0.0,0.0,,,,,,,,,,,,,,,,,,,,,,,,,,,,,,,,,,,,,,,,,,,,,,,,,,,,,,,,,,,,,,,,19,,,,,,,,,,,,,,,,,,,,,,,,,,
2023,2020,Prague 125K,125K,2020-08-29,2020-09-06,Clay,PRAGUE,Czech Republic,128,3125000,USD,LS101,2020-08-30,1,Kathinka Von Deichmann,Elizabeth Halbauer,LIE,USA,,,6-1,2-6,7-5,O,317286,321193,2023,2020,Elizabeth Halbauer,Kathinka Von Deichmann,USA,LIE,,,3,Kathinka Von Deichmann,Elizabeth Halbauer,3,"6-1,2-6,7-5",2020-08-30T15:25:55+00:00,2020-08-30,02:12:40,Prague 125K,Prague Open,2023,,,321193,,317286,,00:28:03,6,1,0,,0.0,0.0,3.0,5.0,13.0,9.0,17.0,14.0,16.0,10.0,23.0,22.0,2.0,0.0,5.0,0.0,4.0,3.0,4.0,5.0,28.0,17.0,0.0,0.0,00:38:18,2,6,0,,0.0,0.0,5.0,1.0,11.0,9.0,21.0,18.0,13.0,13.0,31.0,23.0,1.0,3.0,2.0,4.0,4.0,4.0,10.0,9.0,23.0,31.0,0.0,0.0,18:36:29,7,5,0,,0.0,0.0,3.0,5.0,11.0,10.0,25.0,25.0,18.0,14.0,41.0,37.0,5.0,4.0,10.0,4.0,6.0,6.0,14.0,15.0,41.0,37.0,0.0,0.0,,,,,,,,,,,,11.0,11.0,0.0,0.0,63.0,57.0,95.0,82.0,0.6631578947368421,0.6951219512195121,35.0,28.0,63.0,57.0,0.5555555555555556,0.49122807017543857,,,,,,,1.0,25,0.04,14.0,13.0,,,,,,,,,,,,,,,,,,,,,,,
2023,2020,Prague 125K,125K,2020-08-29,2020-09-06,Clay,PRAGUE,Czech Republic,128,3125000,USD,LS102,2020-08-30,1,Maria Camila Osorio Serrano,Julia Grabher,COL,AUT,,,6-4,6-4,,O,325898,320316,2023,2020,Julia Grabher,Maria Camila Osorio Serrano,AUT,COL,,,3,Maria Camila Osorio Serrano,Julia Grabher,2,"6-4,6-4",2020-08-30T10:25:26+00:00,2020-08-30,01:33:03,Prague 125K,Prague Open,2023,,,320316,,325898,,00:38:18,6,4,0,,0.0,0.0,3.0,4.0,7.0,11.0,18.0,21.0,15.0,14.0,31.0,29.0,3.0,2.0,3.0,5.0,5.0,5.0,11.0,10.0,30.0,30.0,0.0,0.0,02:54:25,6,4,0,,0.0,0.0,2.0,1.0,13.0,16.0,17.0,28.0,18.0,22.0,27.0,40.0,2.0,1.0,4.0,2.0,5.0,5.0,4.0,12.0,36.0,31.0,0.0,0.0,,,,,,,,,,,,,,,,,,,,,,,,,,,,,,,,,,,,,,,,,,,,,,,,,,,,,,,,,,,,,,,,14,,,,,,,,,,,,,,,,,,,,,,,,,,
2023,2020,Prague 125K,125K,2020-08-29,2020-09-06,Clay,PRAGUE,Czech Republic,128,3125000,USD,LS103,2020-08-30,1,Nadia Podoroska,Darja Vidmanova,ARG,CZE,12.0,12.0,6-2,6-1,,O,319112,329057,2023,2020,Darja Vidmanova,Nadia Podoroska,CZE,ARG,,12,3,Nadia Podoroska,Darja Vidmanova,2,"6-2,6-1",2020-08-30T11:15:59+00:00,2020-08-30,01:11:55,Prague 125K,Prague Open,2023,,,329057,,319112,,02:39:18,6,2,0,,1.0,0.0,1.0,1.0,11.0,8.0,14.0,15.0,18.0,13.0,26.0,25.0,2.0,0.0,2.0,1.0,4.0,4.0,3.0,7.0,30.0,21.0,0.0,0.0,00:33:01,6,1,0,,1.0,0.0,0.0,1.0,10.0,10.0,10.0,16.0,16.0,13.0,17.0,28.0,2.0,0.0,5.0,0.0,4.0,3.0,0.0,6.0,31.0,14.0,0.0,0.0,,,,,,,,,,,,,,,,,,,,,,,,,,,,,,,,,,,,,,,,,,,,,,,,,,,,,,,,,,,,,,,,8,,,,,,,,,,,,,,,,,,,,,,,,,,
2023,2020,Prague 125K,125K,2020-08-29,2020-09-06,Clay,PRAGUE,Czech Republic,128,3125000,USD,LS104,2020-08-30,1,Marina Melnikova,Ankita Raina,RUS,IND,13.0,13.0,6-2,7-6(8),,O,314527,317164,2023,2020,Ankita Raina,Marina Melnikova,IND,RUS,13,,3,Marina Melnikova,Ankita Raina,2,"6-2,7-6(8)",2020-08-30T17:08:44+00:00,2020-08-30,01:44:32,Prague 125K,Prague Open,2023,,,317164,,314527,,17:21:13,6,2,0,,1.0,0.0,2.0,1.0,12.0,6.0,19.0,15.0,15.0,8.0,25.0,23.0,3.0,1.0,7.0,1.0,4.0,4.0,7.0,9.0,30.0,18.0,0.0,0.0,01:14:06,7,6,8,,0.0,1.0,1.0,5.0,15.0,13.0,28.0,25.0,22.0,26.0,43.0,54.0,3.0,3.0,5.0,4.0,6.0,6.0,13.0,12.0,50.0,47.0,0.0,0.0,,,,,,,,,,,,,,,,,,,,,,,,,,,,,,,,,,,,,,,,,,,,,,,,,,,,,,,,,,,,,,,,17,,,,,,,,,,,,10.0,8.0,,,,,,,,,,,,,
2023,2020,Prague 125K,125K,2020-08-29,2020-09-06,Clay,PRAGUE,Czech Republic,128,3125000,USD,LS105,2020-08-30,1,Anna Bondar,Daria Snigur,HUN,UKR,,,6-2,6-2,,O,322942,327845,2023,2020,Daria Snigur,Anna Bondar,UKR,HUN,,,3,Anna Bondar,Daria Snigur,2,"6-2,6-2",2020-08-30T16:31:35+00:00,2020-08-30,00:53:57,Prague 125K,Prague Open,2023,,,327845,,322942,,00:25:52,6,2,0,,1.0,0.0,0.0,1.0,6.0,3.0,11.0,14.0,10.0,5.0,20.0,21.0,4.0,2.0,4.0,2.0,4.0,4.0,5.0,11.0,26.0,15.0,0.0,0.0,00:28:05,6,2,0,,1.0,0.0,1.0,1.0,10.0,6.0,12.0,14.0,14.0,8.0,20.0,24.0,3.0,1.0,5.0,1.0,4.0,4.0,2.0,8.0,30.0,14.0,0.0,0.0,,,,,,,,,,,,,,,,,,,,,,,,,,,,,,,,,,,,,,,,,,,,,,,,,,,,,,,,,,,,,,,,12,,,,,,,,,,,,,,,,,,,,,,,,,,
2023,2020,Prague 125K,125K,2020-08-29,2020-09-06,Clay,PRAGUE,Czech Republic,128,3125000,USD,LS106,2020-08-29,1,Lara Salden,Nicoleta Dascalu,BEL,ROU,,,3-6,7-5,6-3,O,323485,319240,2023,2020,Nicoleta Dascalu,Lara Salden,ROU,BEL,,,3,Lara Salden,Nicoleta Dascalu,3,"3-6,7-5,6-3",2020-08-29T09:46:56+00:00,2020-08-29,02:01:10,Prague 125K,Prague Open,2023,,,319240,,323485,,00:37:05,3,6,0,,0.0,2.0,1.0,2.0,10.0,14.0,19.0,18.0,19.0,19.0,35.0,29.0,0.0,2.0,1.0,6.0,5.0,4.0,9.0,4.0,29.0,35.0,0.0,0.0,00:44:50,7,5,0,,0.0,2.0,2.0,4.0,7.0,14.0,15.0,21.0,15.0,19.0,29.0,39.0,4.0,3.0,9.0,3.0,6.0,6.0,8.0,7.0,35.0,33.0,0.0,0.0,00:39:15,6,3,0,,2.0,2.0,0.0,3.0,12.0,12.0,15.0,22.0,14.0,19.0,22.0,41.0,3.0,1.0,6.0,1.0,4.0,5.0,3.0,10.0,36.0,27.0,0.0,0.0,,,,,,,,,,,,3.0,9.0,2.0,6.0,49.0,61.0,86.0,109.0,0.5697674418604651,0.5596330275229358,29.0,40.0,49.0,61.0,0.5918367346938775,0.6557377049180327,,,,,,,4.0,26,0.15384615384615385,15.0,15.0,,,,,,,,,,,,,,,,,,,,,,,
2023,2020,Prague 125K,125K,2020-08-29,2020-09-06,Clay,PRAGUE,Czech Republic,128,3125000,USD,LS107,2020-08-29,1,Richel Hogenkamp,Chloe Paquet,NED,FRA,,20.0,1-6,6-1,7-6(3),O,317263,318839,2023,2020,Richel Hogenkamp,Chloe Paquet,NED,FRA,,20,2,Richel Hogenkamp,Chloe Paquet,3,"1-6,6-1,7-6(3)",2020-08-29T10:22:03+00:00,2020-08-29,02:16:55,Prague 125K,Prague Open,2023,,,317263,,318839,,00:30:25,1,6,,0,0.0,2.0,2.0,3.0,4.0,9.0,10.0,12.0,5.0,17.0,19.0,27.0,1.0,3.0,3.0,4.0,3.0,4.0,6.0,3.0,15.0,31.0,0.0,0.0,00:30:02,6,1,,0,1.0,0.0,0.0,3.0,10.0,5.0,14.0,8.0,17.0,9.0,23.0,22.0,2.0,0.0,3.0,0.0,4.0,3.0,4.0,3.0,30.0,15.0,0.0,0.0,01:16:28,7,6,,3,0.0,2.0,1.0,3.0,19.0,13.0,30.0,19.0,27.0,23.0,48.0,42.0,2.0,2.0,3.0,6.0,6.0,6.0,11.0,6.0,46.0,44.0,0.0,0.0,,,,,,,,,,,,3.0,9.0,1.0,4.0,54.0,39.0,90.0,91.0,0.6,0.42857142857142855,33.0,27.0,54.0,39.0,0.6111111111111112,0.6923076923076923,,,,,,,5.0,19,0.2631578947368421,13.0,13.0,,,,,,,,,,,7.0,3.0,,,,,,,,,,,
2023,2020,Prague 125K,125K,2020-08-29,2020-09-06,Clay,PRAGUE,Czech Republic,128,3125000,USD,LS108,2020-08-30,1,Renata Zarazua,Eugenie Bouchard,MEX,CAN,30.0,,6-0,7-6(5),,O,320716,316161,2023,2020,Renata Zarazua,Eugenie Bouchard,MEX,CAN,30,,2,Renata Zarazua,Eugenie Bouchard,2,"6-0,7-6(5)",2020-08-30T10:34:45+00:00,2020-08-30,01:44:30,Prague 125K,Prague Open,2023,,,320716,,316161,,00:29:11,6,0,,0,0.0,0.0,0.0,2.0,11.0,9.0,14.0,18.0,13.0,11.0,20.0,28.0,3.0,0.0,6.0,1.0,3.0,3.0,3.0,9.0,30.0,18.0,0.0,0.0,03:18:07,7,6,,5,0.0,0.0,3.0,0.0,23.0,17.0,37.0,29.0,26.0,26.0,45.0,46.0,2.0,2.0,3.0,4.0,6.0,6.0,14.0,12.0,46.0,45.0,0.0,0.0,,,,,,,,,,,,,,,,,,,,,,,,,,,,,,,,,,,,,,,,,,,,,,,,,,,,,,,,,,,,,,,,14,,,,,,,,,,,,7.0,5.0,,,,,,,,,,,,,
2023,2020,Prague 125K,125K,2020-08-29,2020-09-06,Clay,PRAGUE,Czech Republic,128,3125000,USD,LS109,2020-08-30,1,Reka-Luca Jani,Urszula Radwanska,HUN,POL,,,6-1,6-1,,O,316606,313131,2023,2020,Reka-Luca Jani,Urszula Radwanska,HUN,POL,,,2,Reka-Luca Jani,Urszula Radwanska,2,"6-1,6-1",2020-08-30T09:39:20+00:00,2020-08-30,01:14:24,Prague 125K,Prague Open,2023,,,316606,,313131,,00:29:08,6,1,,0,0.0,0.0,2.0,2.0,15.0,5.0,17.0,11.0,18.0,9.0,25.0,20.0,2.0,0.0,3.0,2.0,4.0,3.0,2.0,6.0,29.0,16.0,0.0,0.0,00:45:16,6,1,,0,0.0,0.0,0.0,4.0,9.0,11.0,16.0,21.0,11.0,16.0,20.0,40.0,4.0,1.0,9.0,2.0,3.0,4.0,7.0,10.0,35.0,25.0,0.0,0.0,,,,,,,,,,,,,,,,,,,,,,,,,,,,,,,,,,,,,,,,,,,,,,,,,,,,,,,,,,,,,,,,16,,,,,,,,,,,,,,,,,,,,,,,,,,
2023,2020,Prague 125K,125K,2020-08-29,2020-09-06,Clay,PRAGUE,Czech Republic,128,3125000,USD,LS110,2020-08-29,1,Miriam Kolodziejova,Basak Eraydin,CZE,TUR,,,6-3,6-2,,O,324052,316808,2023,2020,Miriam Kolodziejova,Basak Eraydin,CZE,TUR,,,2,Miriam Kolodziejova,Basak Eraydin,2,"6-3,6-2",2020-08-29T11:59:15+00:00,2020-08-29,01:04:39,Prague 125K,Prague Open,2023,,,324052,,316808,,00:29:34,6,3,,0,1.0,0.0,0.0,2.0,9.0,6.0,17.0,17.0,12.0,10.0,24.0,27.0,4.0,2.0,4.0,4.0,4.0,5.0,8.0,11.0,29.0,22.0,0.0,0.0,00:35:05,6,2,,0,0.0,1.0,0.0,1.0,9.0,9.0,15.0,14.0,21.0,9.0,31.0,19.0,2.0,0.0,3.0,2.0,4.0,4.0,6.0,5.0,31.0,19.0,0.0,0.0,,,,,,,,,,,,,,,,,,,,,,,,,,,,,,,,,,,,,,,,,,,,,,,,,,,,,,,,,,,,,,,,13,,,,,,,,,,,,,,,,,,,,,,,,,,
2023,2020,Prague 125K,125K,2020-08-29,2020-09-06,Clay,PRAGUE,Czech Republic,128,3125000,USD,LS111,2020-08-29,1,Yuki Naito,Harriet Dart,JPN,GBR,,3.0,1-6,6-2,6-2,O,326235,319489,2023,2020,Yuki Naito,Harriet Dart,JPN,GBR,,3,2,Yuki Naito,Harriet Dart,3,"1-6,6-2,6-2",2020-08-29T12:29:46+00:00,2020-08-29,01:43:14,Prague 125K,Prague Open,2023,,,326235,,319489,,00:23:09,1,6,,0,0.0,2.0,0.0,3.0,4.0,9.0,10.0,11.0,4.0,13.0,17.0,20.0,1.0,3.0,2.0,3.0,3.0,4.0,6.0,2.0,11.0,26.0,0.0,0.0,00:36:24,6,2,,0,0.0,0.0,0.0,1.0,12.0,8.0,17.0,14.0,14.0,10.0,24.0,25.0,3.0,1.0,6.0,2.0,4.0,4.0,5.0,6.0,29.0,20.0,0.0,0.0,00:43:41,6,2,,0,0.0,1.0,0.0,0.0,8.0,7.0,12.0,14.0,17.0,13.0,25.0,26.0,2.0,0.0,4.0,0.0,4.0,4.0,4.0,7.0,30.0,21.0,0.0,0.0,,,,,,,,,,,,0.0,4.0,0.0,3.0,39.0,39.0,66.0,71.0,0.5909090909090909,0.5492957746478874,24.0,24.0,39.0,39.0,0.6153846153846154,0.6153846153846154,,,,,,,1.0,17,0.058823529411764705,11.0,12.0,,,,,,,,,,,,,,,,,,,,,,,
2023,2020,Prague 125K,125K,2020-08-29,2020-09-06,Clay,PRAGUE,Czech Republic,128,3125000,USD,LS112,2020-08-30,1,Martina Trevisan,Diane Parry,ITA,FRA,7.0,,2-6,6-3,6-1,O,316266,327077,2023,2020,Martina Trevisan,Diane Parry,ITA,FRA,7,,2,Martina Trevisan,Diane Parry,3,"2-6,6-3,6-1",2020-08-30T16:29:32+00:00,2020-08-30,02:27:32,Prague 125K,Prague Open,2023,,,316266,,327077,,00:39:40,2,6,,0,2.0,1.0,1.0,0.0,7.0,13.0,10.0,18.0,10.0,22.0,18.0,36.0,0.0,2.0,3.0,4.0,4.0,4.0,3.0,5.0,24.0,30.0,0.0,0.0,17:32:53,6,3,,0,0.0,0.0,2.0,4.0,14.0,13.0,23.0,14.0,26.0,19.0,44.0,34.0,2.0,1.0,7.0,6.0,5.0,4.0,9.0,1.0,41.0,37.0,0.0,0.0,00:41:00,6,1,,0,0.0,0.0,0.0,1.0,7.0,8.0,9.0,19.0,12.0,16.0,16.0,37.0,3.0,0.0,8.0,0.0,3.0,4.0,2.0,11.0,33.0,20.0,0.0,0.0,,,,,,,,,,,,3.0,5.0,2.0,1.0,42.0,51.0,78.0,107.0,0.5384615384615384,0.4766355140186916,28.0,34.0,42.0,51.0,0.6666666666666666,0.6666666666666666,,,,,,,7.0,28,0.25,12.0,12.0,,,,,,,,,,,,,,,,,,,,,,,
2023,2020,Prague 125K,125K,2020-08-29,2020-09-06,Clay,PRAGUE,Czech Republic,128,3125000,USD,LS113,2020-08-30,1,Valentini Grammatikopoulou,Nuria Parrizas Diaz,GRE,ESP,,,6-4,6-1,,O,319250,314359,2023,2020,Valentini Grammatikopoulou,Nuria Parrizas Diaz,GRE,ESP,,,2,Valentini Grammatikopoulou,Nuria Parrizas Diaz,2,"6-4,6-1",2020-08-30T16:31:15+00:00,2020-08-30,01:09:53,Prague 125K,Prague Open,2023,,,319250,,314359,,00:33:11,6,4,,0,0.0,0.0,0.0,2.0,17.0,13.0,23.0,23.0,20.0,20.0,27.0,33.0,1.0,0.0,2.0,0.0,5.0,5.0,6.0,10.0,33.0,27.0,0.0,0.0,16:58:07,6,1,,0,1.0,0.0,1.0,4.0,11.0,10.0,17.0,20.0,16.0,12.0,25.0,30.0,3.0,0.0,6.0,2.0,3.0,4.0,6.0,10.0,34.0,21.0,0.0,0.0,,,,,,,,,,,,,,,,,,,,,,,,,,,,,,,,,,,,,,,,,,,,,,,,,,,,,,,,,,,,,,,,10,,,,,,,,,,,,,,,,,,,,,,,,,,
2023,2020,Prague 125K,125K,2020-08-29,2020-09-06,Clay,PRAGUE,Czech Republic,128,3125000,USD,LS114,2020-08-30,1,Robin Anderson,Dejana Radanovic,USA,SRB,,,7-6(4),6-4,,O,317175,319706,2023,2020,Robin Anderson,Dejana Radanovic,USA,SRB,,,2,Robin Anderson,Dejana Radanovic,2,"7-6(4),6-4",2020-08-30T15:09:48+00:00,2020-08-30,01:53:41,Prague 125K,Prague Open,2023,,,317175,,319706,,00:57:06,7,6,,4,0.0,2.0,0.0,2.0,17.0,14.0,26.0,26.0,21.0,19.0,39.0,42.0,3.0,3.0,5.0,5.0,6.0,6.0,9.0,12.0,44.0,37.0,0.0,0.0,00:56:35,6,4,,0,3.0,1.0,1.0,1.0,10.0,6.0,16.0,15.0,17.0,16.0,32.0,34.0,3.0,2.0,7.0,4.0,5.0,5.0,6.0,9.0,35.0,31.0,0.0,0.0,,,,,,,,,,,,,,,,,,,,,,,,,,,,,,,,,,,,,,,,,,,,,,,,,,,,,,,,,,,,,,,,21,,,,,,,,,,7.0,4.0,,,,,,,,,,,,,,,
2023,2020,Prague 125K,125K,2020-08-29,2020-09-06,Clay,PRAGUE,Czech Republic,128,3125000,USD,LS115,2020-08-30,1,Martina Di Giuseppe,Elitsa Kostova,ITA,BUL,31.0,31.0,7-5,3-6,6-3,O,313082,312182,2023,2020,Elitsa Kostova,Martina Di Giuseppe,BUL,ITA,,31,3,Martina Di Giuseppe,Elitsa Kostova,3,"7-5,3-6,6-3",2020-08-30T16:32:58+00:00,2020-08-30,02:16:54,Prague 125K,Prague Open,2023,,,312182,,313082,,00:49:03,7,5,0,,1.0,1.0,1.0,0.0,16.0,13.0,20.0,16.0,27.0,21.0,41.0,30.0,1.0,0.0,1.0,0.0,6.0,6.0,4.0,3.0,36.0,35.0,0.0,0.0,18:14:28,3,6,0,,1.0,0.0,1.0,1.0,6.0,17.0,7.0,22.0,16.0,23.0,27.0,31.0,0.0,1.0,2.0,4.0,4.0,5.0,1.0,5.0,24.0,34.0,0.0,0.0,00:39:39,6,3,0,,0.0,1.0,2.0,0.0,8.0,10.0,9.0,22.0,16.0,11.0,29.0,27.0,3.0,2.0,4.0,5.0,5.0,4.0,1.0,12.0,32.0,24.0,0.0,0.0,,,,,,,,,,,,4.0,1.0,2.0,2.0,36.0,60.0,97.0,88.0,0.3711340206185567,0.6818181818181818,30.0,40.0,36.0,60.0,0.8333333333333334,0.6666666666666666,,,,,,,6.0,16,0.375,15.0,15.0,,,,,,,,,,,,,,,,,,,,,,,
2023,2020,Prague 125K,125K,2020-08-29,2020-09-06,Clay,PRAGUE,Czech Republic,128,3125000,USD,LS116,2020-08-29,1,Anna Karolina Schmiedlova,Sofya Lansere,SVK,RUS,24.0,,6-2,6-2,,O,318203,326481,2023,2020,Anna Karolina Schmiedlova,Sofya Lansere,SVK,RUS,24,,2,Anna Karolina Schmiedlova,Sofya Lansere,2,"6-2,6-2",2020-08-29T11:24:06+00:00,2020-08-29,00:59:19,Prague 125K,Prague Open,2023,,,318203,,326481,,00:25:47,6,2,,0,1.0,0.0,1.0,3.0,11.0,4.0,14.0,9.0,14.0,9.0,19.0,23.0,3.0,1.0,3.0,2.0,4.0,4.0,3.0,5.0,28.0,14.0,0.0,0.0,00:33:32,6,2,,0,0.0,1.0,0.0,1.0,7.0,2.0,10.0,8.0,10.0,6.0,19.0,23.0,4.0,2.0,5.0,3.0,4.0,4.0,3.0,6.0,27.0,15.0,0.0,0.0,,,,,,,,,,,,,,,,,,,,,,,,,,,,,,,,,,,,,,,,,,,,,,,,,,,,,,,,,,,,,,,,13,,,,,,,,,,,,,,,,,,,,,,,,,,
2023,2020,Prague 125K,125K,2020-08-29,2020-09-06,Clay,PRAGUE,Czech Republic,128,3125000,USD,LS117,2020-08-29,1,Alexandra Cadantu,Jamie Loeb,ROU,USA,,,2-6,6-1,6-1,O,313215,319411,2023,2020,Alexandra Cadantu,Jamie Loeb,ROU,USA,,,2,Alexandra Cadantu,Jamie Loeb,3,"2-6,6-1,6-1",2020-08-29T10:50:29+00:00,2020-08-29,01:58:59,Prague 125K,Prague Open,2023,,,313215,,319411,,00:54:49,2,6,,0,0.0,0.0,2.0,2.0,9.0,7.0,24.0,14.0,17.0,19.0,39.0,34.0,1.0,3.0,5.0,8.0,4.0,4.0,15.0,7.0,32.0,41.0,0.0,0.0,00:30:45,6,1,,0,0.0,0.0,0.0,1.0,7.0,4.0,13.0,10.0,9.0,5.0,17.0,21.0,4.0,1.0,4.0,1.0,3.0,4.0,6.0,6.0,25.0,13.0,0.0,0.0,00:33:25,6,1,,0,0.0,1.0,0.0,0.0,7.0,3.0,14.0,11.0,14.0,6.0,21.0,19.0,3.0,1.0,4.0,1.0,4.0,3.0,7.0,8.0,27.0,13.0,0.0,0.0,,,,,,,,,,,,2.0,3.0,0.0,1.0,51.0,35.0,77.0,74.0,0.6623376623376623,0.47297297297297297,23.0,14.0,51.0,35.0,0.45098039215686275,0.4,,,,,,,5.0,23,0.21739130434782608,11.0,11.0,,,,,,,,,,,,,,,,,,,,,,,
2023,2020,Prague 125K,125K,2020-08-29,2020-09-06,Clay,PRAGUE,Czech Republic,128,3125000,USD,LS118,2020-08-30,1,Diana Marcinkevica,Jovana Jovic,LAT,SRB,,,3-6,6-3,6-4,O,316481,317351,2023,2020,Diana Marcinkevica,Jovana Jovic,LAT,SRB,,,2,Diana Marcinkevica,Jovana Jovic,3,"3-6,6-3,6-4",2020-08-30T13:29:46+00:00,2020-08-30,02:03:15,Prague 125K,Prague Open,2023,,,316481,,317351,,00:29:14,3,6,,0,1.0,1.0,1.0,1.0,9.0,10.0,15.0,15.0,13.0,17.0,25.0,24.0,1.0,2.0,1.0,4.0,4.0,5.0,6.0,5.0,20.0,29.0,0.0,0.0,00:37:07,6,3,,0,1.0,1.0,0.0,1.0,15.0,15.0,17.0,20.0,21.0,20.0,28.0,33.0,1.0,0.0,3.0,0.0,5.0,4.0,2.0,5.0,34.0,27.0,0.0,0.0,00:56:54,6,4,,0,1.0,0.0,2.0,2.0,20.0,9.0,29.0,15.0,28.0,22.0,44.0,37.0,1.0,0.0,5.0,2.0,5.0,5.0,9.0,6.0,43.0,38.0,0.0,0.0,,,,,,,,,,,,3.0,4.0,3.0,2.0,61.0,50.0,97.0,94.0,0.6288659793814433,0.5319148936170213,44.0,34.0,61.0,50.0,0.7213114754098361,0.68,,,,,,,4.0,15,0.26666666666666666,14.0,14.0,,,,,,,,,,,,,,,,,,,,,,,
2023,2020,Prague 125K,125K,2020-08-29,2020-09-06,Clay,PRAGUE,Czech Republic,128,3125000,USD,LS119,2020-08-30,1,Jaqueline Cristian,Tessah Andrianjafitrimo,ROU,FRA,11.0,11.0,6-2,6-2,,O,320319,321984,2023,2020,Tessah Andrianjafitrimo,Jaqueline Cristian,FRA,ROU,,11,3,Jaqueline Cristian,Tessah Andrianjafitrimo,2,"6-2,6-2",2020-08-30T10:21:19+00:00,2020-08-30,01:29:15,Prague 125K,Prague Open,2023,,,321984,,320319,,00:36:14,6,2,0,,2.0,0.0,0.0,0.0,12.0,10.0,13.0,20.0,17.0,13.0,22.0,25.0,2.0,0.0,4.0,1.0,4.0,4.0,1.0,10.0,29.0,18.0,0.0,0.0,02:49:37,6,2,0,,0.0,0.0,1.0,2.0,14.0,14.0,22.0,27.0,19.0,17.0,33.0,37.0,3.0,1.0,6.0,2.0,4.0,4.0,8.0,13.0,39.0,31.0,0.0,0.0,,,,,,,,,,,,,,,,,,,,,,,,,,,,,,,,,,,,,,,,,,,,,,,,,,,,,,,,,,,,,,,,13,,,,,,,,,,,,,,,,,,,,,,,,,,
2023,2020,Prague 125K,125K,2020-08-29,2020-09-06,Clay,PRAGUE,Czech Republic,128,3125000,USD,LS120,2020-08-30,1,Anna Danilina,Lesley Pattinama Kerkhov,KAZ,NED,15.0,15.0,6-7(5),7-5,6-1,O,319731,316537,2023,2020,Lesley Pattinama Kerkhov,Anna Danilina,NED,KAZ,15,,3,Anna Danilina,Lesley Pattinama Kerkhov,3,"6-7(5),7-5,6-1",2020-08-30T09:31:42+00:00,2020-08-30,02:15:30,Prague 125K,Prague Open,2023,,,316537,,319731,,00:51:15,6,7,5,,0.0,2.0,6.0,7.0,13.0,13.0,25.0,23.0,17.0,18.0,44.0,44.0,4.0,4.0,9.0,8.0,6.0,6.0,12.0,10.0,43.0,45.0,0.0,0.0,00:53:14,7,5,0,,0.0,0.0,2.0,7.0,10.0,14.0,15.0,23.0,17.0,23.0,32.0,50.0,4.0,3.0,5.0,5.0,6.0,6.0,5.0,9.0,44.0,38.0,0.0,0.0,03:06:52,6,1,0,,1.0,0.0,1.0,2.0,9.0,8.0,14.0,16.0,13.0,10.0,22.0,26.0,3.0,1.0,4.0,2.0,4.0,3.0,5.0,8.0,29.0,19.0,0.0,0.0,,,,,,,,,,,,9.0,16.0,1.0,2.0,54.0,62.0,98.0,120.0,0.5510204081632653,0.5166666666666667,32.0,35.0,54.0,62.0,0.5925925925925926,0.5645161290322581,,,,,,,7.0,33,0.21212121212121213,16.0,15.0,,,,,,,7.0,5.0,,,,,,,,,,,,,,,
2023,2020,Prague 125K,125K,2020-08-29,2020-09-06,Clay,PRAGUE,Czech Republic,128,3125000,USD,LS121,2020-08-30,1,Pemra Ozgen,Natalija Kostic,TUR,SRB,,,7-5,6-7(7),6-4,O,310047,317349,2023,2020,Pemra Ozgen,Natalija Kostic,TUR,SRB,,,2,Pemra Ozgen,Natalija Kostic,3,"7-5,6-7(7),6-4",2020-08-30T09:30:33+00:00,2020-08-30,03:37:55,Prague 125K,Prague Open,2023,,,310047,,317349,,01:17:17,7,5,,0,0.0,0.0,2.0,4.0,22.0,10.0,41.0,25.0,30.0,20.0,57.0,45.0,4.0,3.0,7.0,8.0,6.0,6.0,19.0,15.0,55.0,47.0,0.0,0.0,03:25:45,6,7,,7,0.0,0.0,2.0,1.0,19.0,14.0,36.0,21.0,24.0,18.0,49.0,37.0,4.0,4.0,4.0,8.0,6.0,6.0,17.0,7.0,43.0,43.0,0.0,0.0,00:55:12,6,4,,0,0.0,0.0,1.0,4.0,22.0,8.0,33.0,14.0,25.0,18.0,44.0,33.0,2.0,1.0,4.0,6.0,5.0,5.0,11.0,6.0,40.0,37.0,0.0,0.0,,,,,,,,,,,,5.0,9.0,0.0,0.0,110.0,60.0,150.0,115.0,0.7333333333333333,0.5217391304347826,63.0,32.0,110.0,60.0,0.5727272727272728,0.5333333333333333,,,,,,,14.0,37,0.3783783783783784,17.0,17.0,,,,,,,,,9.0,7.0,,,,,,,,,,,,,
2023,2020,Prague 125K,125K,2020-08-29,2020-09-06,Clay,PRAGUE,Czech Republic,128,3125000,USD,LS122,2020-08-29,1,Georgina Garcia Perez,Ekaterine Gorgodze,ESP,GEO,,,6-4,3-6,6-1,O,315815,314660,2023,2020,Georgina Garcia Perez,Ekaterine Gorgodze,ESP,GEO,,,2,Georgina Garcia Perez,Ekaterine Gorgodze,3,"6-4,3-6,6-1",2020-08-29T08:09:43+00:00,2020-08-29,01:51:54,Prague 125K,Prague Open,2023,,,315815,,314660,,00:43:25,6,4,,0,5.0,0.0,1.0,0.0,17.0,9.0,22.0,18.0,22.0,19.0,36.0,33.0,2.0,1.0,7.0,3.0,5.0,5.0,5.0,9.0,36.0,33.0,0.0,0.0,00:37:32,3,6,,0,2.0,0.0,1.0,0.0,11.0,15.0,16.0,19.0,14.0,22.0,24.0,29.0,0.0,1.0,3.0,2.0,4.0,5.0,5.0,4.0,21.0,32.0,0.0,0.0,00:30:57,6,1,,0,1.0,0.0,1.0,0.0,9.0,5.0,16.0,11.0,14.0,5.0,25.0,18.0,3.0,1.0,6.0,1.0,4.0,3.0,7.0,6.0,27.0,16.0,0.0,0.0,,,,,,,,,,,,3.0,0.0,8.0,0.0,54.0,48.0,85.0,80.0,0.6352941176470588,0.6,37.0,29.0,54.0,48.0,0.6851851851851852,0.6041666666666666,,,,,,,3.0,22,0.13636363636363635,13.0,13.0,,,,,,,,,,,,,,,,,,,,,,,
2023,2020,Prague 125K,125K,2020-08-29,2020-09-06,Clay,PRAGUE,Czech Republic,128,3125000,USD,LS123,2020-08-29,1,Olga Danilovic,Marcela Zacarias,SRB,MEX,19.0,19.0,6-3,6-1,,O,324934,316607,2023,2020,Marcela Zacarias,Olga Danilovic,MEX,SRB,,19,3,Olga Danilovic,Marcela Zacarias,2,"6-3,6-1",2020-08-29T08:08:14+00:00,2020-08-29,01:20:02,Prague 125K,Prague Open,2023,,,316607,,324934,,00:42:50,6,3,0,,1.0,0.0,1.0,0.0,9.0,11.0,13.0,26.0,15.0,14.0,27.0,32.0,3.0,2.0,3.0,4.0,5.0,4.0,4.0,15.0,33.0,26.0,0.0,0.0,00:37:12,6,1,0,,0.0,0.0,1.0,0.0,6.0,9.0,7.0,25.0,14.0,13.0,18.0,32.0,3.0,0.0,6.0,1.0,3.0,4.0,1.0,16.0,33.0,17.0,0.0,0.0,,,,,,,,,,,,,,,,,,,,,,,,,,,,,,,,,,,,,,,,,,,,,,,,,,,,,,,,,,,,,,,,14,,,,,,,,,,,,,,,,,,,,,,,,,,
2023,2020,Prague 125K,125K,2020-08-29,2020-09-06,Clay,PRAGUE,Czech Republic,128,3125000,USD,LS124,2020-08-29,1,Bibiane Schoofs,Ulrikke Eikeri,NED,NOR,29.0,,5-7,6-0,6-4,O,311597,315314,2023,2020,Bibiane Schoofs,Ulrikke Eikeri,NED,NOR,29,,2,Bibiane Schoofs,Ulrikke Eikeri,3,"5-7,6-0,6-4",2020-08-29T09:51:26+00:00,2020-08-29,02:06:37,Prague 125K,Prague Open,2023,,,311597,,315314,,00:58:04,5,7,,0,1.0,1.0,2.0,2.0,13.0,15.0,23.0,25.0,21.0,23.0,41.0,40.0,2.0,3.0,3.0,6.0,6.0,6.0,10.0,10.0,38.0,43.0,0.0,0.0,00:26:08,6,0,,0,2.0,0.0,1.0,0.0,11.0,3.0,15.0,11.0,13.0,7.0,19.0,20.0,3.0,0.0,5.0,0.0,3.0,3.0,4.0,8.0,26.0,13.0,0.0,0.0,00:42:25,6,4,,0,0.0,0.0,2.0,1.0,12.0,4.0,24.0,12.0,17.0,10.0,33.0,24.0,3.0,2.0,3.0,3.0,5.0,5.0,12.0,8.0,31.0,26.0,0.0,0.0,,,,,,,,,,,,5.0,3.0,3.0,1.0,62.0,48.0,93.0,84.0,0.6666666666666666,0.5714285714285714,36.0,22.0,62.0,48.0,0.5806451612903226,0.4583333333333333,,,,,,,4.0,20,0.2,14.0,14.0,,,,,,,,,,,,,,,,,,,,,,,
2023,2020,Prague 125K,125K,2020-08-29,2020-09-06,Clay,PRAGUE,Czech Republic,128,3125000,USD,LS125,2020-08-29,1,Katharina Gerlach,Denisa Satralova,GER,CZE,,,6-2,6-1,,O,320869,316550,2023,2020,Katharina Gerlach,Denisa Satralova,GER,CZE,,,2,Katharina Gerlach,Denisa Satralova,2,"6-2,6-1",2020-08-29T10:46:51+00:00,2020-08-29,00:53:25,Prague 125K,Prague Open,2023,,,320869,,316550,,00:27:21,6,2,,0,3.0,0.0,1.0,0.0,12.0,6.0,16.0,17.0,17.0,7.0,25.0,21.0,3.0,1.0,4.0,3.0,4.0,4.0,4.0,11.0,31.0,15.0,0.0,0.0,00:26:04,6,1,,0,2.0,0.0,4.0,0.0,11.0,7.0,11.0,11.0,16.0,8.0,20.0,19.0,2.0,0.0,2.0,0.0,4.0,3.0,0.0,4.0,27.0,12.0,0.0,0.0,,,,,,,,,,,,,,,,,,,,,,,,,,,,,,,,,,,,,,,,,,,,,,,,,,,,,,,,,,,,,,,,9,,,,,,,,,,,,,,,,,,,,,,,,,,
2023,2020,Prague 125K,125K,2020-08-29,2020-09-06,Clay,PRAGUE,Czech Republic,128,3125000,USD,LS126,2020-08-29,1,Daniela Seguel,Katherine Sebov,CHI,CAN,,,6-2,6-2,,O,315836,322214,2023,2020,Daniela Seguel,Katherine Sebov,CHI,CAN,,,2,Daniela Seguel,Katherine Sebov,2,"6-2,6-2",2020-08-29T14:19:37+00:00,2020-08-29,01:27:15,Prague 125K,Prague Open,2023,,,315836,,322214,,00:40:35,6,2,,0,0.0,0.0,0.0,1.0,14.0,6.0,24.0,16.0,19.0,7.0,33.0,21.0,3.0,1.0,3.0,4.0,4.0,4.0,10.0,10.0,33.0,21.0,0.0,0.0,00:46:40,6,2,,0,0.0,0.0,0.0,3.0,9.0,12.0,14.0,30.0,12.0,16.0,21.0,38.0,3.0,1.0,7.0,1.0,4.0,4.0,5.0,18.0,34.0,25.0,0.0,0.0,,,,,,,,,,,,,,,,,,,,,,,,,,,,,,,,,,,,,,,,,,,,,,,,,,,,,,,,,,,,,,,,15,,,,,,,,,,,,,,,,,,,,,,,,,,
2023,2020,Prague 125K,125K,2020-08-29,2020-09-06,Clay,PRAGUE,Czech Republic,128,3125000,USD,LS127,2020-08-29,1,Elisabetta Cocciaretto,Dalila Jakupovic,ITA,SLO,2.0,2.0,7-5,6-0,,O,327909,315294,2023,2020,Dalila Jakupovic,Elisabetta Cocciaretto,SLO,ITA,,2,3,Elisabetta Cocciaretto,Dalila Jakupovic,2,"7-5,6-0",2020-08-29T12:42:28+00:00,2020-08-29,01:15:42,Prague 125K,Prague Open,2023,,,315294,,327909,,00:52:05,7,5,0,,0.0,0.0,2.0,2.0,15.0,9.0,23.0,25.0,20.0,22.0,33.0,48.0,3.0,2.0,9.0,2.0,6.0,6.0,8.0,16.0,46.0,35.0,0.0,0.0,00:23:37,6,0,0,,0.0,0.0,0.0,0.0,9.0,3.0,12.0,12.0,12.0,6.0,16.0,19.0,3.0,0.0,4.0,0.0,3.0,3.0,3.0,9.0,25.0,10.0,0.0,0.0,,,,,,,,,,,,,,,,,,,,,,,,,,,,,,,,,,,,,,,,,,,,,,,,,,,,,,,,,,,,,,,,15,,,,,,,,,,,,,,,,,,,,,,,,,,
