tourney_id,tourney_year,tourney_name,level,start_date,end_date,surface,city,country,singles_draw_size,prize_money,prize_money_currency,match_id,date,round,winner,loser,winner_country,loser_country,winner_seed,loser_seed,set1_score,set2_score,set3_score,indoor_outdoor,tournament_name,tournament_title,year,winner_player_name,loser_player_name,winner_bracket_number,loser_bracket_number,winner_aces,loser_aces,winner_backhand_errors,loser_backhand_errors,winner_backhand_unforced_errors,loser_backhand_unforced_errors,winner_backhand_winners,loser_backhand_winners,winner_breakpoints_won,loser_breakpoints_won,winner_double_faults,loser_double_faults,winner_drop_shot_unforced_errors,loser_drop_shot_unforced_errors,winner_drop_shot_winners,loser_drop_shot_winners,winner_first_serve_points_won,loser_first_serve_points_won,winner_first_serve_successful,loser_first_serve_successful,winner_forehand_errors,loser_forehand_errors,winner_forehand_unforced_errors,loser_forehand_unforced_errors,winner_forehand_winners,loser_forehand_winners,winner_games_won,loser_games_won,winner_groundstroke_errors,loser_groundstroke_errors,winner_groundstroke_unforced_errors,loser_groundstroke_unforced_errors,winner_groundstroke_winners,loser_groundstroke_winners,winner_lob_unforced_errors,loser_lob_unforced_errors,winner_lob_winners,loser_lob_winners,winner_max_games_in_a_row,loser_max_games_in_a_row,winner_max_points_in_a_row,loser_max_points_in_a_row,winner_overhead_stroke_errors,loser_overhead_stroke_errors,winner_overhead_stroke_unforced_errors,loser_overhead_stroke_unforced_errors,winner_overhead_stroke_winners,loser_overhead_stroke_winners,winner_points_won,loser_points_won,winner_points_won_from_last_10,loser_points_won_from_last_10,winner_return_errors,loser_return_errors,winner_return_winners,loser_return_winners,winner_second_serve_points_won,loser_second_serve_points_won,winner_second_serve_successful,loser_second_serve_successful,winner_service_games_won,loser_service_games_won,winner_service_points_lost,loser_service_points_lost,winner_service_points_won,loser_service_points_won,winner_tiebreaks_won,loser_tiebreaks_won,winner_total_breakpoints,loser_total_breakpoints,winner_volley_unforced_errors,loser_volley_unforced_errors,winner_volley_winners,loser_volley_winners,event_id,event_year,player_a,player_b,country_a,country_b,seed_a,seed_b,winner_flag_raw,num_sets,score_string,match_timestamp,match_date,match_time_total,liveScoringId,venue_id,venue_name,settime_set1,scorea_set1,scoreb_set1,scoretb_set1,acesa_set1,acesb_set1,dblflta_set1,dblfltb_set1,ptswon1stserva_set1,ptswon1stservb_set1,ptsplayed1stserva_set1,ptsplayed1stservb_set1,ptstotwonserva_set1,ptstotwonservb_set1,totservplayeda_set1,totservplayedb_set1,breakptsconva_set1,breakptsconvb_set1,breakptsplayeda_set1,breakptsplayedb_set1,servgamesplayeda_set1,servgamesplayedb_set1,pts1stservlosta_set1,pts1stservlostb_set1,totptswona_set1,totptswonb_set1,acesssa_set1,acesssb_set1,settime_set2,scorea_set2,scoreb_set2,scoretb_set2,acesa_set2,acesb_set2,dblflta_set2,dblfltb_set2,ptswon1stserva_set2,ptswon1stservb_set2,ptsplayed1stserva_set2,ptsplayed1stservb_set2,ptstotwonserva_set2,ptstotwonservb_set2,totservplayeda_set2,totservplayedb_set2,breakptsconva_set2,breakptsconvb_set2,breakptsplayeda_set2,breakptsplayedb_set2,servgamesplayeda_set2,servgamesplayedb_set2,pts1stservlosta_set2,pts1stservlostb_set2,totptswona_set2,totptswonb_set2,acesssa_set2,acesssb_set2,settime_set3,scorea_set3,scoreb_set3,scoretb_set3,acesa_set3,acesb_set3,dblflta_set3,dblfltb_set3,ptswon1stserva_set3,ptswon1stservb_set3,ptsplayed1stserva_set3,ptsplayed1stservb_set3,ptstotwonserva_set3,ptstotwonservb_set3,totservplayeda_set3,totservplayedb_set3,breakptsconva_set3,breakptsconvb_set3,breakptsplayeda_set3,breakptsplayedb_set3,servgamesplayeda_set3,servgamesplayedb_set3,pts1stservlosta_set3,pts1stservlostb_set3,totptswona_set3,totptswonb_set3,acesssa_set3,acesssb_set3,aces_set1,aces_set2,aces_set3,dblflt_set1,dblflt_set2,dblflt_set3
901,2025,AUSTRALIAN OPEN,GC,2025-01-12,2025-01-26,Hard,MELBOURNE,AUSTRALIA,128,43608375,USD,LS56920103,2025-01-25,F,Madison Keys,Aryna Sabalenka,USA,,19.0,1.0,,3-6,6-2,O,AUSTRALIAN OPEN,"Australian Open - Melbourne, AUS",2025.0,Madison Keys,Aryna Sabalenka,,,,,,,,,,,,,,,,,,,,,,,,,,,,,,,,,,,,,,,,,,,,,,,,,,,,,,,,,,,,,,,,,,,,,,,,,,,,,,,,,,,,,,,,,,,,,,,,,,,,,,,,,,,,,,,,,,,,,,,,,,,,,,,,,,,,,,,,,,,,,,,,,,,,,,,,,,,,,,,,,,,,,,,,,,,,,,,,,,,,,,,
901,2025,AUSTRALIAN OPEN,GC,2025-01-12,2025-01-26,Hard,MELBOURNE,AUSTRALIA,128,43608375,USD,LS56920105,2025-01-23,SF,Iga Swiatek,Madison Keys,POL,USA,2.0,19.0,,5-7,6-1,O,AUSTRALIAN OPEN,"Australian Open - Melbourne, AUS",2025.0,Iga Swiatek,Madison Keys,,,,,,,,,,,,,,,,,,,,,,,,,,,,,,,,,,,,,,,,,,,,,,,,,,,,,,,,,,,,,,,,,,,,,,,,,,,,,,,,,,,,,,,,,,,,,,,,,,,,,,,,,,,,,,,,,,,,,,,,,,,,,,,,,,,,,,,,,,,,,,,,,,,,,,,,,,,,,,,,,,,,,,,,,,,,,,,,,,,,,,,
901,2025,AUSTRALIAN OPEN,GC,2025-01-12,2025-01-26,Hard,MELBOURNE,AUSTRALIA,128,43608375,USD,LS56920099,2025-01-23,SF,Aryna Sabalenka,Paula Badosa,,ESP,1.0,11.0,,6-4,6-2,O,AUSTRALIAN OPEN,"Australian Open - Melbourne, AUS",2025.0,Aryna Sabalenka,Paula Badosa,,,,,,,,,,,,,,,,,,,,,,,,,,,,,,,,,,,,,,,,,,,,,,,,,,,,,,,,,,,,,,,,,,,,,,,,,,,,,,,,,,,,,,,,,,,,,,,,,,,,,,,,,,,,,,,,,,,,,,,,,,,,,,,,,,,,,,,,,,,,,,,,,,,,,,,,,,,,,,,,,,,,,,,,,,,,,,,,,,,,,,,
901,2025,AUSTRALIAN OPEN,GC,2025-01-12,2025-01-26,Hard,MELBOURNE,AUSTRALIA,128,43608375,USD,LS56920101,2025-01-22,QF,Iga Swiatek,Emma Navarro,POL,USA,2.0,8.0,,1-6,2-6,O,AUSTRALIAN OPEN,"Australian Open - Melbourne, AUS",2025.0,Iga Swiatek,Emma Navarro,,,,,,,,,,,,,,,,,,,,,,,,,,,,,,,,,,,,,,,,,,,,,,,,,,,,,,,,,,,,,,,,,,,,,,,,,,,,,,,,,,,,,,,,,,,,,,,,,,,,,,,,,,,,,,,,,,,,,,,,,,,,,,,,,,,,,,,,,,,,,,,,,,,,,,,,,,,,,,,,,,,,,,,,,,,,,,,,,,,,,,,
901,2025,AUSTRALIAN OPEN,GC,2025-01-12,2025-01-26,Hard,MELBOURNE,AUSTRALIA,128,43608375,USD,LS56920095,2025-01-22,QF,Madison Keys,Elina Svitolina,USA,UKR,19.0,28.0,,3-6,6-3,O,AUSTRALIAN OPEN,"Australian Open - Melbourne, AUS",2025.0,Madison Keys,Elina Svitolina,,,,,,,,,,,,,,,,,,,,,,,,,,,,,,,,,,,,,,,,,,,,,,,,,,,,,,,,,,,,,,,,,,,,,,,,,,,,,,,,,,,,,,,,,,,,,,,,,,,,,,,,,,,,,,,,,,,,,,,,,,,,,,,,,,,,,,,,,,,,,,,,,,,,,,,,,,,,,,,,,,,,,,,,,,,,,,,,,,,,,,,
901,2025,AUSTRALIAN OPEN,GC,2025-01-12,2025-01-26,Hard,MELBOURNE,AUSTRALIA,128,43608375,USD,LS56920091,2025-01-21,QF,Aryna Sabalenka,Anastasia Pavlyuchenkova,,,1.0,27.0,,6-2,2-6,O,AUSTRALIAN OPEN,"Australian Open - Melbourne, AUS",2025.0,Aryna Sabalenka,Anastasia Pavlyuchenkova,,,,,,,,,,,,,,,,,,,,,,,,,,,,,,,,,,,,,,,,,,,,,,,,,,,,,,,,,,,,,,,,,,,,,,,,,,,,,,,,,,,,,,,,,,,,,,,,,,,,,,,,,,,,,,,,,,,,,,,,,,,,,,,,,,,,,,,,,,,,,,,,,,,,,,,,,,,,,,,,,,,,,,,,,,,,,,,,,,,,,,,
901,2025,AUSTRALIAN OPEN,GC,2025-01-12,2025-01-26,Hard,MELBOURNE,AUSTRALIA,128,43608375,USD,LS56920097,2025-01-21,QF,Paula Badosa,Coco Gauff,ESP,USA,11.0,3.0,,5-7,4-6,O,AUSTRALIAN OPEN,"Australian Open - Melbourne, AUS",2025.0,Paula Badosa,Coco Gauff,,,,,,,,,,,,,,,,,,,,,,,,,,,,,,,,,,,,,,,,,,,,,,,,,,,,,,,,,,,,,,,,,,,,,,,,,,,,,,,,,,,,,,,,,,,,,,,,,,,,,,,,,,,,,,,,,,,,,,,,,,,,,,,,,,,,,,,,,,,,,,,,,,,,,,,,,,,,,,,,,,,,,,,,,,,,,,,,,,,,,,,
901,2025,AUSTRALIAN OPEN,GC,2025-01-12,2025-01-26,Hard,MELBOURNE,AUSTRALIA,128,43608375,USD,LS56920093,2025-01-20,4,Iga Swiatek,Eva Lys,POL,DEU,2.0,,,0-6,1-6,O,AUSTRALIAN OPEN,"Australian Open - Melbourne, AUS",2025.0,Iga Swiatek,Eva Lys,,,,,,,,,,,,,,,,,,,,,,,,,,,,,,,,,,,,,,,,,,,,,,,,,,,,,,,,,,,,,,,,,,,,,,,,,,,,,,,,,,,,,,,,,,,,,,,,,,,,,,,,,,,,,,,,,,,,,,,,,,,,,,,,,,,,,,,,,,,,,,,,,,,,,,,,,,,,,,,,,,,,,,,,,,,,,,,,,,,,,,,
901,2025,AUSTRALIAN OPEN,GC,2025-01-12,2025-01-26,Hard,MELBOURNE,AUSTRALIA,128,43608375,USD,LS56920087,2025-01-20,4,Emma Navarro,Daria Kasatkina,USA,AUS,8.0,9.0,,6-4,5-7,O,AUSTRALIAN OPEN,"Australian Open - Melbourne, AUS",2025.0,Emma Navarro,Daria Kasatkina,,,,,,,,,,,,,,,,,,,,,,,,,,,,,,,,,,,,,,,,,,,,,,,,,,,,,,,,,,,,,,,,,,,,,,,,,,,,,,,,,,,,,,,,,,,,,,,,,,,,,,,,,,,,,,,,,,,,,,,,,,,,,,,,,,,,,,,,,,,,,,,,,,,,,,,,,,,,,,,,,,,,,,,,,,,,,,,,,,,,,,,
901,2025,AUSTRALIAN OPEN,GC,2025-01-12,2025-01-26,Hard,MELBOURNE,AUSTRALIA,128,43608375,USD,LS56920083,2025-01-20,4,Madison Keys,Elena Rybakina,USA,KAZ,19.0,6.0,,3-6,6-1,O,AUSTRALIAN OPEN,"Australian Open - Melbourne, AUS",2025.0,Madison Keys,Elena Rybakina,,,,,,,,,,,,,,,,,,,,,,,,,,,,,,,,,,,,,,,,,,,,,,,,,,,,,,,,,,,,,,,,,,,,,,,,,,,,,,,,,,,,,,,,,,,,,,,,,,,,,,,,,,,,,,,,,,,,,,,,,,,,,,,,,,,,,,,,,,,,,,,,,,,,,,,,,,,,,,,,,,,,,,,,,,,,,,,,,,,,,,,
901,2025,AUSTRALIAN OPEN,GC,2025-01-12,2025-01-26,Hard,MELBOURNE,AUSTRALIA,128,43608375,USD,LS56920089,2025-01-20,4,Elina Svitolina,Veronika Kudermetova,UKR,,28.0,,,4-6,1-6,O,AUSTRALIAN OPEN,"Australian Open - Melbourne, AUS",2025.0,Elina Svitolina,Veronika Kudermetova,,,,,,,,,,,,,,,,,,,,,,,,,,,,,,,,,,,,,,,,,,,,,,,,,,,,,,,,,,,,,,,,,,,,,,,,,,,,,,,,,,,,,,,,,,,,,,,,,,,,,,,,,,,,,,,,,,,,,,,,,,,,,,,,,,,,,,,,,,,,,,,,,,,,,,,,,,,,,,,,,,,,,,,,,,,,,,,,,,,,,,,
901,2025,AUSTRALIAN OPEN,GC,2025-01-12,2025-01-26,Hard,MELBOURNE,AUSTRALIA,128,43608375,USD,LS56920085,2025-01-19,4,Olga Danilovic,Paula Badosa,SRB,ESP,,11.0,,6-1,7-6(2),O,AUSTRALIAN OPEN,"Australian Open - Melbourne, AUS",2025.0,Olga Danilovic,Paula Badosa,,,,,,,,,,,,,,,,,,,,,,,,,,,,,,,,,,,,,,,,,,,,,,,,,,,,,,,,,,,,,,,,,,,,,,,,,,,,,,,,,,,,,,,,,,,,,,,,,,,,,,,,,,,,,,,,,,,,,,,,,,,,,,,,,,,,,,,,,,,,,,,,,,,,,,,,,,,,,,,,,,,,,,,,,,,,,,,,,,,,,,,
901,2025,AUSTRALIAN OPEN,GC,2025-01-12,2025-01-26,Hard,MELBOURNE,AUSTRALIA,128,43608375,USD,LS56920081,2025-01-19,4,Anastasia Pavlyuchenkova,Donna Vekic,,HRV,27.0,18.0,,6-7(0),0-6,O,AUSTRALIAN OPEN,"Australian Open - Melbourne, AUS",2025.0,Anastasia Pavlyuchenkova,Donna Vekic,,,,,,,,,,,,,,,,,,,,,,,,,,,,,,,,,,,,,,,,,,,,,,,,,,,,,,,,,,,,,,,,,,,,,,,,,,,,,,,,,,,,,,,,,,,,,,,,,,,,,,,,,,,,,,,,,,,,,,,,,,,,,,,,,,,,,,,,,,,,,,,,,,,,,,,,,,,,,,,,,,,,,,,,,,,,,,,,,,,,,,,
901,2025,AUSTRALIAN OPEN,GC,2025-01-12,2025-01-26,Hard,MELBOURNE,AUSTRALIA,128,43608375,USD,LS56920079,2025-01-19,4,Coco Gauff,Belinda Bencic,USA,CHE,3.0,,,5-7,6-2,O,AUSTRALIAN OPEN,"Australian Open - Melbourne, AUS",2025.0,Coco Gauff,Belinda Bencic,,,,,,,,,,,,,,,,,,,,,,,,,,,,,,,,,,,,,,,,,,,,,,,,,,,,,,,,,,,,,,,,,,,,,,,,,,,,,,,,,,,,,,,,,,,,,,,,,,,,,,,,,,,,,,,,,,,,,,,,,,,,,,,,,,,,,,,,,,,,,,,,,,,,,,,,,,,,,,,,,,,,,,,,,,,,,,,,,,,,,,,
901,2025,AUSTRALIAN OPEN,GC,2025-01-12,2025-01-26,Hard,MELBOURNE,AUSTRALIA,128,43608375,USD,LS56920075,2025-01-19,4,Aryna Sabalenka,Mirra Andreeva,,,1.0,14.0,,6-1,6-2,O,AUSTRALIAN OPEN,"Australian Open - Melbourne, AUS",2025.0,Aryna Sabalenka,Mirra Andreeva,,,,,,,,,,,,,,,,,,,,,,,,,,,,,,,,,,,,,,,,,,,,,,,,,,,,,,,,,,,,,,,,,,,,,,,,,,,,,,,,,,,,,,,,,,,,,,,,,,,,,,,,,,,,,,,,,,,,,,,,,,,,,,,,,,,,,,,,,,,,,,,,,,,,,,,,,,,,,,,,,,,,,,,,,,,,,,,,,,,,,,,
901,2025,AUSTRALIAN OPEN,GC,2025-01-12,2025-01-26,Hard,MELBOURNE,AUSTRALIA,128,43608375,USD,LS56920129,2025-01-18,3,Madison Keys,Danielle Collins,USA,USA,19.0,10.0,,6-4,6-4,O,AUSTRALIAN OPEN,"Australian Open - Melbourne, AUS",2025.0,Madison Keys,Danielle Collins,,,,,,,,,,,,,,,,,,,,,,,,,,,,,,,,,,,,,,,,,,,,,,,,,,,,,,,,,,,,,,,,,,,,,,,,,,,,,,,,,,,,,,,,,,,,,,,,,,,,,,,,,,,,,,,,,,,,,,,,,,,,,,,,,,,,,,,,,,,,,,,,,,,,,,,,,,,,,,,,,,,,,,,,,,,,,,,,,,,,,,,
901,2025,AUSTRALIAN OPEN,GC,2025-01-12,2025-01-26,Hard,MELBOURNE,AUSTRALIA,128,43608375,USD,LS56920209,2025-01-18,3,Elina Svitolina,Jasmine Paolini,UKR,ITA,28.0,4.0,,2-6,6-4,O,AUSTRALIAN OPEN,"Australian Open - Melbourne, AUS",2025.0,Elina Svitolina,Jasmine Paolini,,,,,,,,,,,,,,,,,,,,,,,,,,,,,,,,,,,,,,,,,,,,,,,,,,,,,,,,,,,,,,,,,,,,,,,,,,,,,,,,,,,,,,,,,,,,,,,,,,,,,,,,,,,,,,,,,,,,,,,,,,,,,,,,,,,,,,,,,,,,,,,,,,,,,,,,,,,,,,,,,,,,,,,,,,,,,,,,,,,,,,,
901,2025,AUSTRALIAN OPEN,GC,2025-01-12,2025-01-26,Hard,MELBOURNE,AUSTRALIA,128,43608375,USD,LS56920127,2025-01-18,3,Veronika Kudermetova,Beatriz Haddad Maia,,BRA,,15.0,,4-6,2-6,O,AUSTRALIAN OPEN,"Australian Open - Melbourne, AUS",2025.0,Veronika Kudermetova,Beatriz Haddad Maia,,,,,,,,,,,,,,,,,,,,,,,,,,,,,,,,,,,,,,,,,,,,,,,,,,,,,,,,,,,,,,,,,,,,,,,,,,,,,,,,,,,,,,,,,,,,,,,,,,,,,,,,,,,,,,,,,,,,,,,,,,,,,,,,,,,,,,,,,,,,,,,,,,,,,,,,,,,,,,,,,,,,,,,,,,,,,,,,,,,,,,,
901,2025,AUSTRALIAN OPEN,GC,2025-01-12,2025-01-26,Hard,MELBOURNE,AUSTRALIA,128,43608375,USD,LS56920123,2025-01-18,3,Elena Rybakina,Dayana Yastremska,KAZ,UKR,6.0,32.0,,6-3,6-4,O,AUSTRALIAN OPEN,"Australian Open - Melbourne, AUS",2025.0,Elena Rybakina,Dayana Yastremska,,,,,,,,,,,,,,,,,,,,,,,,,,,,,,,,,,,,,,,,,,,,,,,,,,,,,,,,,,,,,,,,,,,,,,,,,,,,,,,,,,,,,,,,,,,,,,,,,,,,,,,,,,,,,,,,,,,,,,,,,,,,,,,,,,,,,,,,,,,,,,,,,,,,,,,,,,,,,,,,,,,,,,,,,,,,,,,,,,,,,,,
901,2025,AUSTRALIAN OPEN,GC,2025-01-12,2025-01-26,Hard,MELBOURNE,AUSTRALIA,128,43608375,USD,LS56920213,2025-01-18,3,Daria Kasatkina,Yulia Putintseva,AUS,KAZ,9.0,24.0,,5-7,1-6,O,AUSTRALIAN OPEN,"Australian Open - Melbourne, AUS",2025.0,Daria Kasatkina,Yulia Putintseva,,,,,,,,,,,,,,,,,,,,,,,,,,,,,,,,,,,,,,,,,,,,,,,,,,,,,,,,,,,,,,,,,,,,,,,,,,,,,,,,,,,,,,,,,,,,,,,,,,,,,,,,,,,,,,,,,,,,,,,,,,,,,,,,,,,,,,,,,,,,,,,,,,,,,,,,,,,,,,,,,,,,,,,,,,,,,,,,,,,,,,,
901,2025,AUSTRALIAN OPEN,GC,2025-01-12,2025-01-26,Hard,MELBOURNE,AUSTRALIA,128,43608375,USD,LS56920211,2025-01-18,3,Eva Lys,Jaqueline Cristian,DEU,ROU,,,,4-6,6-3,O,AUSTRALIAN OPEN,"Australian Open - Melbourne, AUS",2025.0,Eva Lys,Jaqueline Cristian,,,,,,,,,,,,,,,,,,,,,,,,,,,,,,,,,,,,,,,,,,,,,,,,,,,,,,,,,,,,,,,,,,,,,,,,,,,,,,,,,,,,,,,,,,,,,,,,,,,,,,,,,,,,,,,,,,,,,,,,,,,,,,,,,,,,,,,,,,,,,,,,,,,,,,,,,,,,,,,,,,,,,,,,,,,,,,,,,,,,,,,
901,2025,AUSTRALIAN OPEN,GC,2025-01-12,2025-01-26,Hard,MELBOURNE,AUSTRALIA,128,43608375,USD,LS56920077,2025-01-18,3,Iga Swiatek,Emma Raducanu,POL,GBR,2.0,,,1-6,0-6,O,AUSTRALIAN OPEN,"Australian Open - Melbourne, AUS",2025.0,Iga Swiatek,Emma Raducanu,,,,,,,,,,,,,,,,,,,,,,,,,,,,,,,,,,,,,,,,,,,,,,,,,,,,,,,,,,,,,,,,,,,,,,,,,,,,,,,,,,,,,,,,,,,,,,,,,,,,,,,,,,,,,,,,,,,,,,,,,,,,,,,,,,,,,,,,,,,,,,,,,,,,,,,,,,,,,,,,,,,,,,,,,,,,,,,,,,,,,,,
901,2025,AUSTRALIAN OPEN,GC,2025-01-12,2025-01-26,Hard,MELBOURNE,AUSTRALIA,128,43608375,USD,LS56920131,2025-01-18,3,Emma Navarro,Ons Jabeur,USA,TUN,8.0,,,6-4,3-6,O,AUSTRALIAN OPEN,"Australian Open - Melbourne, AUS",2025.0,Emma Navarro,Ons Jabeur,,,,,,,,,,,,,,,,,,,,,,,,,,,,,,,,,,,,,,,,,,,,,,,,,,,,,,,,,,,,,,,,,,,,,,,,,,,,,,,,,,,,,,,,,,,,,,,,,,,,,,,,,,,,,,,,,,,,,,,,,,,,,,,,,,,,,,,,,,,,,,,,,,,,,,,,,,,,,,,,,,,,,,,,,,,,,,,,,,,,,,,
901,2025,AUSTRALIAN OPEN,GC,2025-01-12,2025-01-26,Hard,MELBOURNE,AUSTRALIA,128,43608375,USD,LS56920125,2025-01-17,3,Jessica Pegula,Olga Danilovic,USA,SRB,7.0,,,7-6(3),6-1,O,AUSTRALIAN OPEN,"Australian Open - Melbourne, AUS",2025.0,Jessica Pegula,Olga Danilovic,,,,,,,,,,,,,,,,,,,,,,,,,,,,,,,,,,,,,,,,,,,,,,,,,,,,,,,,,,,,,,,,,,,,,,,,,,,,,,,,,,,,,,,,,,,,,,,,,,,,,,,,,,,,,,,,,,,,,,,,,,,,,,,,,,,,,,,,,,,,,,,,,,,,,,,,,,,,,,,,,,,,,,,,,,,,,,,,,,,,,,,
901,2025,AUSTRALIAN OPEN,GC,2025-01-12,2025-01-26,Hard,MELBOURNE,AUSTRALIA,128,43608375,USD,LS56920115,2025-01-17,3,Coco Gauff,Leylah Fernandez,USA,CAN,3.0,30.0,,6-4,6-2,O,AUSTRALIAN OPEN,"Australian Open - Melbourne, AUS",2025.0,Coco Gauff,Leylah Fernandez,,,,,,,,,,,,,,,,,,,,,,,,,,,,,,,,,,,,,,,,,,,,,,,,,,,,,,,,,,,,,,,,,,,,,,,,,,,,,,,,,,,,,,,,,,,,,,,,,,,,,,,,,,,,,,,,,,,,,,,,,,,,,,,,,,,,,,,,,,,,,,,,,,,,,,,,,,,,,,,,,,,,,,,,,,,,,,,,,,,,,,,
901,2025,AUSTRALIAN OPEN,GC,2025-01-12,2025-01-26,Hard,MELBOURNE,AUSTRALIA,128,43608375,USD,LS56920121,2025-01-17,3,Belinda Bencic,Naomi Osaka,CHE,JPN,,,,B. Belinda d O. Naomi,,O,AUSTRALIAN OPEN,"Australian Open - Melbourne, AUS",2025.0,Belinda Bencic,Naomi Osaka,,,,,,,,,,,,,,,,,,,,,,,,,,,,,,,,,,,,,,,,,,,,,,,,,,,,,,,,,,,,,,,,,,,,,,,,,,,,,,,,,,,,,,,,,,,,,,,,,,,,,,,,,,,,,,,,,,,,,,,,,,,,,,,,,,,,,,,,,,,,,,,,,,,,,,,,,,,,,,,,,,,,,,,,,,,,,,,,,,,,,,,
901,2025,AUSTRALIAN OPEN,GC,2025-01-12,2025-01-26,Hard,MELBOURNE,AUSTRALIA,128,43608375,USD,LS56920113,2025-01-17,3,Mirra Andreeva,Magdalena Frech,,POL,14.0,23.0,,2-6,6-1,O,AUSTRALIAN OPEN,"Australian Open - Melbourne, AUS",2025.0,Mirra Andreeva,Magdalena Frech,,,,,,,,,,,,,,,,,,,,,,,,,,,,,,,,,,,,,,,,,,,,,,,,,,,,,,,,,,,,,,,,,,,,,,,,,,,,,,,,,,,,,,,,,,,,,,,,,,,,,,,,,,,,,,,,,,,,,,,,,,,,,,,,,,,,,,,,,,,,,,,,,,,,,,,,,,,,,,,,,,,,,,,,,,,,,,,,,,,,,,,
901,2025,AUSTRALIAN OPEN,GC,2025-01-12,2025-01-26,Hard,MELBOURNE,AUSTRALIA,128,43608375,USD,LS56920119,2025-01-17,3,Paula Badosa,Marta Kostyuk,ESP,UKR,11.0,17.0,,6-4,4-6,O,AUSTRALIAN OPEN,"Australian Open - Melbourne, AUS",2025.0,Paula Badosa,Marta Kostyuk,,,,,,,,,,,,,,,,,,,,,,,,,,,,,,,,,,,,,,,,,,,,,,,,,,,,,,,,,,,,,,,,,,,,,,,,,,,,,,,,,,,,,,,,,,,,,,,,,,,,,,,,,,,,,,,,,,,,,,,,,,,,,,,,,,,,,,,,,,,,,,,,,,,,,,,,,,,,,,,,,,,,,,,,,,,,,,,,,,,,,,,
901,2025,AUSTRALIAN OPEN,GC,2025-01-12,2025-01-26,Hard,MELBOURNE,AUSTRALIA,128,43608375,USD,LS56920107,2025-01-17,3,Clara Tauson,Aryna Sabalenka,DNK,,,1.0,,7-6(5),6-4,O,AUSTRALIAN OPEN,"Australian Open - Melbourne, AUS",2025.0,Clara Tauson,Aryna Sabalenka,,,,,,,,,,,,,,,,,,,,,,,,,,,,,,,,,,,,,,,,,,,,,,,,,,,,,,,,,,,,,,,,,,,,,,,,,,,,,,,,,,,,,,,,,,,,,,,,,,,,,,,,,,,,,,,,,,,,,,,,,,,,,,,,,,,,,,,,,,,,,,,,,,,,,,,,,,,,,,,,,,,,,,,,,,,,,,,,,,,,,,,
901,2025,AUSTRALIAN OPEN,GC,2025-01-12,2025-01-26,Hard,MELBOURNE,AUSTRALIA,128,43608375,USD,LS56920111,2025-01-17,3,Donna Vekic,Diana Shnaider,HRV,,18.0,12.0,,6-7(4),7-6(3),O,AUSTRALIAN OPEN,"Australian Open - Melbourne, AUS",2025.0,Donna Vekic,Diana Shnaider,,,,,,,,,,,,,,,,,,,,,,,,,,,,,,,,,,,,,,,,,,,,,,,,,,,,,,,,,,,,,,,,,,,,,,,,,,,,,,,,,,,,,,,,,,,,,,,,,,,,,,,,,,,,,,,,,,,,,,,,,,,,,,,,,,,,,,,,,,,,,,,,,,,,,,,,,,,,,,,,,,,,,,,,,,,,,,,,,,,,,,,
901,2025,AUSTRALIAN OPEN,GC,2025-01-12,2025-01-26,Hard,MELBOURNE,AUSTRALIA,128,43608375,USD,LS56920117,2025-01-17,3,Anastasia Pavlyuchenkova,Laura Siegemund,,DEU,27.0,,,6-1,6-2,O,AUSTRALIAN OPEN,"Australian Open - Melbourne, AUS",2025.0,Anastasia Pavlyuchenkova,Laura Siegemund,,,,,,,,,,,,,,,,,,,,,,,,,,,,,,,,,,,,,,,,,,,,,,,,,,,,,,,,,,,,,,,,,,,,,,,,,,,,,,,,,,,,,,,,,,,,,,,,,,,,,,,,,,,,,,,,,,,,,,,,,,,,,,,,,,,,,,,,,,,,,,,,,,,,,,,,,,,,,,,,,,,,,,,,,,,,,,,,,,,,,,,
901,2025,AUSTRALIAN OPEN,GC,2025-01-12,2025-01-26,Hard,MELBOURNE,AUSTRALIA,128,43608375,USD,LS56920233,2025-01-16,2,Jasmine Paolini,Renata Zarazua,ITA,MEX,4.0,,,2-6,3-6,O,AUSTRALIAN OPEN,"Australian Open - Melbourne, AUS",2025.0,Jasmine Paolini,Renata Zarazua,,,,,,,,,,,,,,,,,,,,,,,,,,,,,,,,,,,,,,,,,,,,,,,,,,,,,,,,,,,,,,,,,,,,,,,,,,,,,,,,,,,,,,,,,,,,,,,,,,,,,,,,,,,,,,,,,,,,,,,,,,,,,,,,,,,,,,,,,,,,,,,,,,,,,,,,,,,,,,,,,,,,,,,,,,,,,,,,,,,,,,,
901,2025,AUSTRALIAN OPEN,GC,2025-01-12,2025-01-26,Hard,MELBOURNE,AUSTRALIA,128,43608375,USD,LS56920225,2025-01-16,2,Danielle Collins,Destanee Aiava,USA,AUS,10.0,,,6-7(4),6-4,O,AUSTRALIAN OPEN,"Australian Open - Melbourne, AUS",2025.0,Danielle Collins,Destanee Aiava,,,,,,,,,,,,,,,,,,,,,,,,,,,,,,,,,,,,,,,,,,,,,,,,,,,,,,,,,,,,,,,,,,,,,,,,,,,,,,,,,,,,,,,,,,,,,,,,,,,,,,,,,,,,,,,,,,,,,,,,,,,,,,,,,,,,,,,,,,,,,,,,,,,,,,,,,,,,,,,,,,,,,,,,,,,,,,,,,,,,,,,
901,2025,AUSTRALIAN OPEN,GC,2025-01-12,2025-01-26,Hard,MELBOURNE,AUSTRALIA,128,43608375,USD,LS56920219,2025-01-16,2,Elena-Gabriela Ruse,Madison Keys,ROU,USA,,19.0,,7-6(1),2-6,O,AUSTRALIAN OPEN,"Australian Open - Melbourne, AUS",2025.0,Elena-Gabriela Ruse,Madison Keys,,,,,,,,,,,,,,,,,,,,,,,,,,,,,,,,,,,,,,,,,,,,,,,,,,,,,,,,,,,,,,,,,,,,,,,,,,,,,,,,,,,,,,,,,,,,,,,,,,,,,,,,,,,,,,,,,,,,,,,,,,,,,,,,,,,,,,,,,,,,,,,,,,,,,,,,,,,,,,,,,,,,,,,,,,,,,,,,,,,,,,,
901,2025,AUSTRALIAN OPEN,GC,2025-01-12,2025-01-26,Hard,MELBOURNE,AUSTRALIA,128,43608375,USD,LS56920229,2025-01-16,2,Katie Boulter,Veronika Kudermetova,GBR,,22.0,,,7-6(3),2-6,O,AUSTRALIAN OPEN,"Australian Open - Melbourne, AUS",2025.0,Katie Boulter,Veronika Kudermetova,,,,,,,,,,,,,,,,,,,,,,,,,,,,,,,,,,,,,,,,,,,,,,,,,,,,,,,,,,,,,,,,,,,,,,,,,,,,,,,,,,,,,,,,,,,,,,,,,,,,,,,,,,,,,,,,,,,,,,,,,,,,,,,,,,,,,,,,,,,,,,,,,,,,,,,,,,,,,,,,,,,,,,,,,,,,,,,,,,,,,,,
901,2025,AUSTRALIAN OPEN,GC,2025-01-12,2025-01-26,Hard,MELBOURNE,AUSTRALIA,128,43608375,USD,LS56920227,2025-01-16,2,Elina Svitolina,Caroline Dolehide,UKR,USA,28.0,,,6-1,6-4,O,AUSTRALIAN OPEN,"Australian Open - Melbourne, AUS",2025.0,Elina Svitolina,Caroline Dolehide,,,,,,,,,,,,,,,,,,,,,,,,,,,,,,,,,,,,,,,,,,,,,,,,,,,,,,,,,,,,,,,,,,,,,,,,,,,,,,,,,,,,,,,,,,,,,,,,,,,,,,,,,,,,,,,,,,,,,,,,,,,,,,,,,,,,,,,,,,,,,,,,,,,,,,,,,,,,,,,,,,,,,,,,,,,,,,,,,,,,,,,
901,2025,AUSTRALIAN OPEN,GC,2025-01-12,2025-01-26,Hard,MELBOURNE,AUSTRALIA,128,43608375,USD,LS56920245,2025-01-16,2,Jaqueline Cristian,Lucia Bronzetti,ROU,ITA,,,,7-5,7-5,O,AUSTRALIAN OPEN,"Australian Open - Melbourne, AUS",2025.0,Jaqueline Cristian,Lucia Bronzetti,,,,,,,,,,,,,,,,,,,,,,,,,,,,,,,,,,,,,,,,,,,,,,,,,,,,,,,,,,,,,,,,,,,,,,,,,,,,,,,,,,,,,,,,,,,,,,,,,,,,,,,,,,,,,,,,,,,,,,,,,,,,,,,,,,,,,,,,,,,,,,,,,,,,,,,,,,,,,,,,,,,,,,,,,,,,,,,,,,,,,,,
901,2025,AUSTRALIAN OPEN,GC,2025-01-12,2025-01-26,Hard,MELBOURNE,AUSTRALIA,128,43608375,USD,LS56920223,2025-01-16,2,Beatriz Haddad Maia,Erika Andreeva,BRA,,15.0,,,6-2,6-3,O,AUSTRALIAN OPEN,"Australian Open - Melbourne, AUS",2025.0,Beatriz Haddad Maia,Erika Andreeva,,,,,,,,,,,,,,,,,,,,,,,,,,,,,,,,,,,,,,,,,,,,,,,,,,,,,,,,,,,,,,,,,,,,,,,,,,,,,,,,,,,,,,,,,,,,,,,,,,,,,,,,,,,,,,,,,,,,,,,,,,,,,,,,,,,,,,,,,,,,,,,,,,,,,,,,,,,,,,,,,,,,,,,,,,,,,,,,,,,,,,,
901,2025,AUSTRALIAN OPEN,GC,2025-01-12,2025-01-26,Hard,MELBOURNE,AUSTRALIA,128,43608375,USD,LS56920239,2025-01-16,2,Eva Lys,Varvara Gracheva,DEU,FRA,,,,6-2,3-6,O,AUSTRALIAN OPEN,"Australian Open - Melbourne, AUS",2025.0,Eva Lys,Varvara Gracheva,,,,,,,,,,,,,,,,,,,,,,,,,,,,,,,,,,,,,,,,,,,,,,,,,,,,,,,,,,,,,,,,,,,,,,,,,,,,,,,,,,,,,,,,,,,,,,,,,,,,,,,,,,,,,,,,,,,,,,,,,,,,,,,,,,,,,,,,,,,,,,,,,,,,,,,,,,,,,,,,,,,,,,,,,,,,,,,,,,,,,,,
901,2025,AUSTRALIAN OPEN,GC,2025-01-12,2025-01-26,Hard,MELBOURNE,AUSTRALIA,128,43608375,USD,LS56920215,2025-01-16,2,Elena Rybakina,Iva Jovic,KAZ,USA,6.0,,,6-0,6-3,O,AUSTRALIAN OPEN,"Australian Open - Melbourne, AUS",2025.0,Elena Rybakina,Iva Jovic,,,,,,,,,,,,,,,,,,,,,,,,,,,,,,,,,,,,,,,,,,,,,,,,,,,,,,,,,,,,,,,,,,,,,,,,,,,,,,,,,,,,,,,,,,,,,,,,,,,,,,,,,,,,,,,,,,,,,,,,,,,,,,,,,,,,,,,,,,,,,,,,,,,,,,,,,,,,,,,,,,,,,,,,,,,,,,,,,,,,,,,
901,2025,AUSTRALIAN OPEN,GC,2025-01-12,2025-01-26,Hard,MELBOURNE,AUSTRALIA,128,43608375,USD,LS56920235,2025-01-16,2,Yulia Putintseva,Shuai Zhang,KAZ,CHN,24.0,,,6-2,6-1,O,AUSTRALIAN OPEN,"Australian Open - Melbourne, AUS",2025.0,Yulia Putintseva,Shuai Zhang,,,,,,,,,,,,,,,,,,,,,,,,,,,,,,,,,,,,,,,,,,,,,,,,,,,,,,,,,,,,,,,,,,,,,,,,,,,,,,,,,,,,,,,,,,,,,,,,,,,,,,,,,,,,,,,,,,,,,,,,,,,,,,,,,,,,,,,,,,,,,,,,,,,,,,,,,,,,,,,,,,,,,,,,,,,,,,,,,,,,,,,
901,2025,AUSTRALIAN OPEN,GC,2025-01-12,2025-01-26,Hard,MELBOURNE,AUSTRALIA,128,43608375,USD,LS56920109,2025-01-16,2,Iga Swiatek,Rebecca Sramkova,POL,SVK,2.0,,,0-6,2-6,O,AUSTRALIAN OPEN,"Australian Open - Melbourne, AUS",2025.0,Iga Swiatek,Rebecca Sramkova,,,,,,,,,,,,,,,,,,,,,,,,,,,,,,,,,,,,,,,,,,,,,,,,,,,,,,,,,,,,,,,,,,,,,,,,,,,,,,,,,,,,,,,,,,,,,,,,,,,,,,,,,,,,,,,,,,,,,,,,,,,,,,,,,,,,,,,,,,,,,,,,,,,,,,,,,,,,,,,,,,,,,,,,,,,,,,,,,,,,,,,
901,2025,AUSTRALIAN OPEN,GC,2025-01-12,2025-01-26,Hard,MELBOURNE,AUSTRALIA,128,43608375,USD,LS56920231,2025-01-16,2,Emma Navarro,Xiyu Wang,USA,CHN,8.0,,,6-3,3-6,O,AUSTRALIAN OPEN,"Australian Open - Melbourne, AUS",2025.0,Emma Navarro,Xiyu Wang,,,,,,,,,,,,,,,,,,,,,,,,,,,,,,,,,,,,,,,,,,,,,,,,,,,,,,,,,,,,,,,,,,,,,,,,,,,,,,,,,,,,,,,,,,,,,,,,,,,,,,,,,,,,,,,,,,,,,,,,,,,,,,,,,,,,,,,,,,,,,,,,,,,,,,,,,,,,,,,,,,,,,,,,,,,,,,,,,,,,,,,
901,2025,AUSTRALIAN OPEN,GC,2025-01-12,2025-01-26,Hard,MELBOURNE,AUSTRALIA,128,43608375,USD,LS56920221,2025-01-16,2,Dayana Yastremska,Danka Kovinic,UKR,MNE,32.0,,,0-6,1-6,O,AUSTRALIAN OPEN,"Australian Open - Melbourne, AUS",2025.0,Dayana Yastremska,Danka Kovinic,,,,,,,,,,,,,,,,,,,,,,,,,,,,,,,,,,,,,,,,,,,,,,,,,,,,,,,,,,,,,,,,,,,,,,,,,,,,,,,,,,,,,,,,,,,,,,,,,,,,,,,,,,,,,,,,,,,,,,,,,,,,,,,,,,,,,,,,,,,,,,,,,,,,,,,,,,,,,,,,,,,,,,,,,,,,,,,,,,,,,,,
901,2025,AUSTRALIAN OPEN,GC,2025-01-12,2025-01-26,Hard,MELBOURNE,AUSTRALIA,128,43608375,USD,LS56920237,2025-01-16,2,Ons Jabeur,Camila Osorio,TUN,COL,,,,7-5,6-3,O,AUSTRALIAN OPEN,"Australian Open - Melbourne, AUS",2025.0,Ons Jabeur,Camila Osorio,,,,,,,,,,,,,,,,,,,,,,,,,,,,,,,,,,,,,,,,,,,,,,,,,,,,,,,,,,,,,,,,,,,,,,,,,,,,,,,,,,,,,,,,,,,,,,,,,,,,,,,,,,,,,,,,,,,,,,,,,,,,,,,,,,,,,,,,,,,,,,,,,,,,,,,,,,,,,,,,,,,,,,,,,,,,,,,,,,,,,,,
901,2025,AUSTRALIAN OPEN,GC,2025-01-12,2025-01-26,Hard,MELBOURNE,AUSTRALIA,128,43608375,USD,LS56920241,2025-01-16,2,Daria Kasatkina,Yafan Wang,AUS,CHN,9.0,,,2-6,0-6,O,AUSTRALIAN OPEN,"Australian Open - Melbourne, AUS",2025.0,Daria Kasatkina,Yafan Wang,,,,,,,,,,,,,,,,,,,,,,,,,,,,,,,,,,,,,,,,,,,,,,,,,,,,,,,,,,,,,,,,,,,,,,,,,,,,,,,,,,,,,,,,,,,,,,,,,,,,,,,,,,,,,,,,,,,,,,,,,,,,,,,,,,,,,,,,,,,,,,,,,,,,,,,,,,,,,,,,,,,,,,,,,,,,,,,,,,,,,,,
901,2025,AUSTRALIAN OPEN,GC,2025-01-12,2025-01-26,Hard,MELBOURNE,AUSTRALIA,128,43608375,USD,LS56920243,2025-01-16,2,Emma Raducanu,Amanda Anisimova,GBR,USA,,,,6-3,7-5,O,AUSTRALIAN OPEN,"Australian Open - Melbourne, AUS",2025.0,Emma Raducanu,Amanda Anisimova,,,,,,,,,,,,,,,,,,,,,,,,,,,,,,,,,,,,,,,,,,,,,,,,,,,,,,,,,,,,,,,,,,,,,,,,,,,,,,,,,,,,,,,,,,,,,,,,,,,,,,,,,,,,,,,,,,,,,,,,,,,,,,,,,,,,,,,,,,,,,,,,,,,,,,,,,,,,,,,,,,,,,,,,,,,,,,,,,,,,,,,
901,2025,AUSTRALIAN OPEN,GC,2025-01-12,2025-01-26,Hard,MELBOURNE,AUSTRALIA,128,43608375,USD,LS56920067,2025-01-15,2,Paula Badosa,Talia Gibson,ESP,AUS,11.0,,,6-1,6-0,O,AUSTRALIAN OPEN,"Australian Open - Melbourne, AUS",2025.0,Paula Badosa,Talia Gibson,,,,,,,,,,,,,,,,,,,,,,,,,,,,,,,,,,,,,,,,,,,,,,,,,,,,,,,,,,,,,,,,,,,,,,,,,,,,,,,,,,,,,,,,,,,,,,,,,,,,,,,,,,,,,,,,,,,,,,,,,,,,,,,,,,,,,,,,,,,,,,,,,,,,,,,,,,,,,,,,,,,,,,,,,,,,,,,,,,,,,,,
901,2025,AUSTRALIAN OPEN,GC,2025-01-12,2025-01-26,Hard,MELBOURNE,AUSTRALIA,128,43608375,USD,LS56920057,2025-01-15,2,Donna Vekic,Harriet Dart,HRV,GBR,18.0,,,6-4,0-6,O,AUSTRALIAN OPEN,"Australian Open - Melbourne, AUS",2025.0,Donna Vekic,Harriet Dart,,,,,,,,,,,,,,,,,,,,,,,,,,,,,,,,,,,,,,,,,,,,,,,,,,,,,,,,,,,,,,,,,,,,,,,,,,,,,,,,,,,,,,,,,,,,,,,,,,,,,,,,,,,,,,,,,,,,,,,,,,,,,,,,,,,,,,,,,,,,,,,,,,,,,,,,,,,,,,,,,,,,,,,,,,,,,,,,,,,,,,,
901,2025,AUSTRALIAN OPEN,GC,2025-01-12,2025-01-26,Hard,MELBOURNE,AUSTRALIA,128,43608375,USD,LS56920073,2025-01-15,2,Marta Kostyuk,Jule Niemeier,UKR,DEU,17.0,,,3-6,0-6,O,AUSTRALIAN OPEN,"Australian Open - Melbourne, AUS",2025.0,Marta Kostyuk,Jule Niemeier,,,,,,,,,,,,,,,,,,,,,,,,,,,,,,,,,,,,,,,,,,,,,,,,,,,,,,,,,,,,,,,,,,,,,,,,,,,,,,,,,,,,,,,,,,,,,,,,,,,,,,,,,,,,,,,,,,,,,,,,,,,,,,,,,,,,,,,,,,,,,,,,,,,,,,,,,,,,,,,,,,,,,,,,,,,,,,,,,,,,,,,
901,2025,AUSTRALIAN OPEN,GC,2025-01-12,2025-01-26,Hard,MELBOURNE,AUSTRALIA,128,43608375,USD,LS56920059,2025-01-15,2,Coco Gauff,Jodie Burrage,USA,GBR,3.0,,,6-3,7-5,O,AUSTRALIAN OPEN,"Australian Open - Melbourne, AUS",2025.0,Coco Gauff,Jodie Burrage,,,,,,,,,,,,,,,,,,,,,,,,,,,,,,,,,,,,,,,,,,,,,,,,,,,,,,,,,,,,,,,,,,,,,,,,,,,,,,,,,,,,,,,,,,,,,,,,,,,,,,,,,,,,,,,,,,,,,,,,,,,,,,,,,,,,,,,,,,,,,,,,,,,,,,,,,,,,,,,,,,,,,,,,,,,,,,,,,,,,,,,
901,2025,AUSTRALIAN OPEN,GC,2025-01-12,2025-01-26,Hard,MELBOURNE,AUSTRALIA,128,43608375,USD,LS56920051,2025-01-15,2,Diana Shnaider,Ajla Tomljanovic,,AUS,12.0,,,6-4,7-5,O,AUSTRALIAN OPEN,"Australian Open - Melbourne, AUS",2025.0,Diana Shnaider,Ajla Tomljanovic,,,,,,,,,,,,,,,,,,,,,,,,,,,,,,,,,,,,,,,,,,,,,,,,,,,,,,,,,,,,,,,,,,,,,,,,,,,,,,,,,,,,,,,,,,,,,,,,,,,,,,,,,,,,,,,,,,,,,,,,,,,,,,,,,,,,,,,,,,,,,,,,,,,,,,,,,,,,,,,,,,,,,,,,,,,,,,,,,,,,,,,
901,2025,AUSTRALIAN OPEN,GC,2025-01-12,2025-01-26,Hard,MELBOURNE,AUSTRALIA,128,43608375,USD,LS56920055,2025-01-15,2,Anastasia Potapova,Anastasia Pavlyuchenkova,AUT,,,27.0,,7-6(2),2-6,O,AUSTRALIAN OPEN,"Australian Open - Melbourne, AUS",2025.0,Anastasia Potapova,Anastasia Pavlyuchenkova,,,,,,,,,,,,,,,,,,,,,,,,,,,,,,,,,,,,,,,,,,,,,,,,,,,,,,,,,,,,,,,,,,,,,,,,,,,,,,,,,,,,,,,,,,,,,,,,,,,,,,,,,,,,,,,,,,,,,,,,,,,,,,,,,,,,,,,,,,,,,,,,,,,,,,,,,,,,,,,,,,,,,,,,,,,,,,,,,,,,,,,
901,2025,AUSTRALIAN OPEN,GC,2025-01-12,2025-01-26,Hard,MELBOURNE,AUSTRALIA,128,43608375,USD,LS56920065,2025-01-15,2,Leylah Fernandez,Cristina Bucsa,CAN,ESP,30.0,,,6-3,4-6,O,AUSTRALIAN OPEN,"Australian Open - Melbourne, AUS",2025.0,Leylah Fernandez,Cristina Bucsa,,,,,,,,,,,,,,,,,,,,,,,,,,,,,,,,,,,,,,,,,,,,,,,,,,,,,,,,,,,,,,,,,,,,,,,,,,,,,,,,,,,,,,,,,,,,,,,,,,,,,,,,,,,,,,,,,,,,,,,,,,,,,,,,,,,,,,,,,,,,,,,,,,,,,,,,,,,,,,,,,,,,,,,,,,,,,,,,,,,,,,,
901,2025,AUSTRALIAN OPEN,GC,2025-01-12,2025-01-26,Hard,MELBOURNE,AUSTRALIA,128,43608375,USD,LS56920063,2025-01-15,2,Naomi Osaka,Karolina Muchova,JPN,CZE,,20.0,,6-1,1-6,O,AUSTRALIAN OPEN,"Australian Open - Melbourne, AUS",2025.0,Naomi Osaka,Karolina Muchova,,,,,,,,,,,,,,,,,,,,,,,,,,,,,,,,,,,,,,,,,,,,,,,,,,,,,,,,,,,,,,,,,,,,,,,,,,,,,,,,,,,,,,,,,,,,,,,,,,,,,,,,,,,,,,,,,,,,,,,,,,,,,,,,,,,,,,,,,,,,,,,,,,,,,,,,,,,,,,,,,,,,,,,,,,,,,,,,,,,,,,,
901,2025,AUSTRALIAN OPEN,GC,2025-01-12,2025-01-26,Hard,MELBOURNE,AUSTRALIA,128,43608375,USD,LS56920069,2025-01-15,2,Belinda Bencic,Suzan Lamens,CHE,NLD,,,,1-6,6-7(3),O,AUSTRALIAN OPEN,"Australian Open - Melbourne, AUS",2025.0,Belinda Bencic,Suzan Lamens,,,,,,,,,,,,,,,,,,,,,,,,,,,,,,,,,,,,,,,,,,,,,,,,,,,,,,,,,,,,,,,,,,,,,,,,,,,,,,,,,,,,,,,,,,,,,,,,,,,,,,,,,,,,,,,,,,,,,,,,,,,,,,,,,,,,,,,,,,,,,,,,,,,,,,,,,,,,,,,,,,,,,,,,,,,,,,,,,,,,,,,
901,2025,AUSTRALIAN OPEN,GC,2025-01-12,2025-01-26,Hard,MELBOURNE,AUSTRALIA,128,43608375,USD,LS56920047,2025-01-15,2,Magdalena Frech,Anna Blinkova,POL,,23.0,,,0-6,6-0,O,AUSTRALIAN OPEN,"Australian Open - Melbourne, AUS",2025.0,Magdalena Frech,Anna Blinkova,,,,,,,,,,,,,,,,,,,,,,,,,,,,,,,,,,,,,,,,,,,,,,,,,,,,,,,,,,,,,,,,,,,,,,,,,,,,,,,,,,,,,,,,,,,,,,,,,,,,,,,,,,,,,,,,,,,,,,,,,,,,,,,,,,,,,,,,,,,,,,,,,,,,,,,,,,,,,,,,,,,,,,,,,,,,,,,,,,,,,,,
901,2025,AUSTRALIAN OPEN,GC,2025-01-12,2025-01-26,Hard,MELBOURNE,AUSTRALIA,128,43608375,USD,LS56920045,2025-01-15,2,Aryna Sabalenka,Jessica Bouzas Maneiro,,ESP,1.0,,,6-3,7-5,O,AUSTRALIAN OPEN,"Australian Open - Melbourne, AUS",2025.0,Aryna Sabalenka,Jessica Bouzas Maneiro,,,,,,,,,,,,,,,,,,,,,,,,,,,,,,,,,,,,,,,,,,,,,,,,,,,,,,,,,,,,,,,,,,,,,,,,,,,,,,,,,,,,,,,,,,,,,,,,,,,,,,,,,,,,,,,,,,,,,,,,,,,,,,,,,,,,,,,,,,,,,,,,,,,,,,,,,,,,,,,,,,,,,,,,,,,,,,,,,,,,,,,
901,2025,AUSTRALIAN OPEN,GC,2025-01-12,2025-01-26,Hard,MELBOURNE,AUSTRALIA,128,43608375,USD,LS56920049,2025-01-15,2,Clara Tauson,Tatjana Maria,DNK,DEU,,,,2-6,2-6,O,AUSTRALIAN OPEN,"Australian Open - Melbourne, AUS",2025.0,Clara Tauson,Tatjana Maria,,,,,,,,,,,,,,,,,,,,,,,,,,,,,,,,,,,,,,,,,,,,,,,,,,,,,,,,,,,,,,,,,,,,,,,,,,,,,,,,,,,,,,,,,,,,,,,,,,,,,,,,,,,,,,,,,,,,,,,,,,,,,,,,,,,,,,,,,,,,,,,,,,,,,,,,,,,,,,,,,,,,,,,,,,,,,,,,,,,,,,,
901,2025,AUSTRALIAN OPEN,GC,2025-01-12,2025-01-26,Hard,MELBOURNE,AUSTRALIA,128,43608375,USD,LS56920053,2025-01-15,2,Mirra Andreeva,Moyuka Uchijima,,JPN,14.0,,,4-6,6-3,O,AUSTRALIAN OPEN,"Australian Open - Melbourne, AUS",2025.0,Mirra Andreeva,Moyuka Uchijima,,,,,,,,,,,,,,,,,,,,,,,,,,,,,,,,,,,,,,,,,,,,,,,,,,,,,,,,,,,,,,,,,,,,,,,,,,,,,,,,,,,,,,,,,,,,,,,,,,,,,,,,,,,,,,,,,,,,,,,,,,,,,,,,,,,,,,,,,,,,,,,,,,,,,,,,,,,,,,,,,,,,,,,,,,,,,,,,,,,,,,,
901,2025,AUSTRALIAN OPEN,GC,2025-01-12,2025-01-26,Hard,MELBOURNE,AUSTRALIA,128,43608375,USD,LS56920071,2025-01-15,2,Olga Danilovic,Liudmila Samsonova,SRB,,,25.0,,1-6,2-6,O,AUSTRALIAN OPEN,"Australian Open - Melbourne, AUS",2025.0,Olga Danilovic,Liudmila Samsonova,,,,,,,,,,,,,,,,,,,,,,,,,,,,,,,,,,,,,,,,,,,,,,,,,,,,,,,,,,,,,,,,,,,,,,,,,,,,,,,,,,,,,,,,,,,,,,,,,,,,,,,,,,,,,,,,,,,,,,,,,,,,,,,,,,,,,,,,,,,,,,,,,,,,,,,,,,,,,,,,,,,,,,,,,,,,,,,,,,,,,,,
901,2025,AUSTRALIAN OPEN,GC,2025-01-12,2025-01-26,Hard,MELBOURNE,AUSTRALIA,128,43608375,USD,LS56920217,2025-01-15,2,Jessica Pegula,Elise Mertens,USA,BEL,7.0,,,4-6,2-6,O,AUSTRALIAN OPEN,"Australian Open - Melbourne, AUS",2025.0,Jessica Pegula,Elise Mertens,,,,,,,,,,,,,,,,,,,,,,,,,,,,,,,,,,,,,,,,,,,,,,,,,,,,,,,,,,,,,,,,,,,,,,,,,,,,,,,,,,,,,,,,,,,,,,,,,,,,,,,,,,,,,,,,,,,,,,,,,,,,,,,,,,,,,,,,,,,,,,,,,,,,,,,,,,,,,,,,,,,,,,,,,,,,,,,,,,,,,,,
901,2025,AUSTRALIAN OPEN,GC,2025-01-12,2025-01-26,Hard,MELBOURNE,AUSTRALIA,128,43608375,USD,LS56920061,2025-01-15,2,Qinwen Zheng,Laura Siegemund,CHN,DEU,5.0,,,7-6(3),6-3,O,AUSTRALIAN OPEN,"Australian Open - Melbourne, AUS",2025.0,Qinwen Zheng,Laura Siegemund,,,,,,,,,,,,,,,,,,,,,,,,,,,,,,,,,,,,,,,,,,,,,,,,,,,,,,,,,,,,,,,,,,,,,,,,,,,,,,,,,,,,,,,,,,,,,,,,,,,,,,,,,,,,,,,,,,,,,,,,,,,,,,,,,,,,,,,,,,,,,,,,,,,,,,,,,,,,,,,,,,,,,,,,,,,,,,,,,,,,,,,
901,2025,AUSTRALIAN OPEN,GC,2025-01-12,2025-01-26,Hard,MELBOURNE,AUSTRALIA,128,43608375,USD,LS57023657,2025-01-14,1,Veronika Kudermetova,Olivia Gadecki,,AUS,,,,6-1,6-1,O,AUSTRALIAN OPEN,"Australian Open - Melbourne, AUS",2025.0,Veronika Kudermetova,Olivia Gadecki,,,,,,,,,,,,,,,,,,,,,,,,,,,,,,,,,,,,,,,,,,,,,,,,,,,,,,,,,,,,,,,,,,,,,,,,,,,,,,,,,,,,,,,,,,,,,,,,,,,,,,,,,,,,,,,,,,,,,,,,,,,,,,,,,,,,,,,,,,,,,,,,,,,,,,,,,,,,,,,,,,,,,,,,,,,,,,,,,,,,,,,
901,2025,AUSTRALIAN OPEN,GC,2025-01-12,2025-01-26,Hard,MELBOURNE,AUSTRALIA,128,43608375,USD,LS57023655,2025-01-14,1,Katie Boulter,Rebecca Marino,GBR,CAN,22.0,,,4-6,6-3,O,AUSTRALIAN OPEN,"Australian Open - Melbourne, AUS",2025.0,Katie Boulter,Rebecca Marino,,,,,,,,,,,,,,,,,,,,,,,,,,,,,,,,,,,,,,,,,,,,,,,,,,,,,,,,,,,,,,,,,,,,,,,,,,,,,,,,,,,,,,,,,,,,,,,,,,,,,,,,,,,,,,,,,,,,,,,,,,,,,,,,,,,,,,,,,,,,,,,,,,,,,,,,,,,,,,,,,,,,,,,,,,,,,,,,,,,,,,,
901,2025,AUSTRALIAN OPEN,GC,2025-01-12,2025-01-26,Hard,MELBOURNE,AUSTRALIA,128,43608375,USD,LS57023643,2025-01-14,1,Camila Osorio,Maria Sakkari,COL,GRC,,31.0,,6-4,6-7(4),O,AUSTRALIAN OPEN,"Australian Open - Melbourne, AUS",2025.0,Camila Osorio,Maria Sakkari,,,,,,,,,,,,,,,,,,,,,,,,,,,,,,,,,,,,,,,,,,,,,,,,,,,,,,,,,,,,,,,,,,,,,,,,,,,,,,,,,,,,,,,,,,,,,,,,,,,,,,,,,,,,,,,,,,,,,,,,,,,,,,,,,,,,,,,,,,,,,,,,,,,,,,,,,,,,,,,,,,,,,,,,,,,,,,,,,,,,,,,
901,2025,AUSTRALIAN OPEN,GC,2025-01-12,2025-01-26,Hard,MELBOURNE,AUSTRALIA,128,43608375,USD,LS57023645,2025-01-14,1,Ons Jabeur,Anhelina Kalinina,TUN,UKR,,,,3-6,3-6,O,AUSTRALIAN OPEN,"Australian Open - Melbourne, AUS",2025.0,Ons Jabeur,Anhelina Kalinina,,,,,,,,,,,,,,,,,,,,,,,,,,,,,,,,,,,,,,,,,,,,,,,,,,,,,,,,,,,,,,,,,,,,,,,,,,,,,,,,,,,,,,,,,,,,,,,,,,,,,,,,,,,,,,,,,,,,,,,,,,,,,,,,,,,,,,,,,,,,,,,,,,,,,,,,,,,,,,,,,,,,,,,,,,,,,,,,,,,,,,,
901,2025,AUSTRALIAN OPEN,GC,2025-01-12,2025-01-26,Hard,MELBOURNE,AUSTRALIA,128,43608375,USD,LS57023651,2025-01-14,1,Renata Zarazua,Taylor Townsend,MEX,USA,,,,7-6(6),1-6,O,AUSTRALIAN OPEN,"Australian Open - Melbourne, AUS",2025.0,Renata Zarazua,Taylor Townsend,,,,,,,,,,,,,,,,,,,,,,,,,,,,,,,,,,,,,,,,,,,,,,,,,,,,,,,,,,,,,,,,,,,,,,,,,,,,,,,,,,,,,,,,,,,,,,,,,,,,,,,,,,,,,,,,,,,,,,,,,,,,,,,,,,,,,,,,,,,,,,,,,,,,,,,,,,,,,,,,,,,,,,,,,,,,,,,,,,,,,,,
901,2025,AUSTRALIAN OPEN,GC,2025-01-12,2025-01-26,Hard,MELBOURNE,AUSTRALIA,128,43608375,USD,LS57032249,2025-01-14,1,Jasmine Paolini,Sijia Wei,ITA,CHN,4.0,,,0-6,4-6,O,AUSTRALIAN OPEN,"Australian Open - Melbourne, AUS",2025.0,Jasmine Paolini,Sijia Wei,,,,,,,,,,,,,,,,,,,,,,,,,,,,,,,,,,,,,,,,,,,,,,,,,,,,,,,,,,,,,,,,,,,,,,,,,,,,,,,,,,,,,,,,,,,,,,,,,,,,,,,,,,,,,,,,,,,,,,,,,,,,,,,,,,,,,,,,,,,,,,,,,,,,,,,,,,,,,,,,,,,,,,,,,,,,,,,,,,,,,,,
901,2025,AUSTRALIAN OPEN,GC,2025-01-12,2025-01-26,Hard,MELBOURNE,AUSTRALIA,128,43608375,USD,LS57023661,2025-01-14,1,Madison Keys,Ann Li,USA,USA,19.0,,,6-4,7-5,O,AUSTRALIAN OPEN,"Australian Open - Melbourne, AUS",2025.0,Madison Keys,Ann Li,,,,,,,,,,,,,,,,,,,,,,,,,,,,,,,,,,,,,,,,,,,,,,,,,,,,,,,,,,,,,,,,,,,,,,,,,,,,,,,,,,,,,,,,,,,,,,,,,,,,,,,,,,,,,,,,,,,,,,,,,,,,,,,,,,,,,,,,,,,,,,,,,,,,,,,,,,,,,,,,,,,,,,,,,,,,,,,,,,,,,,,
901,2025,AUSTRALIAN OPEN,GC,2025-01-12,2025-01-26,Hard,MELBOURNE,AUSTRALIA,128,43608375,USD,LS57023639,2025-01-14,1,Shuai Zhang,McCartney Kessler,CHN,USA,,,,6-3,6-4,O,AUSTRALIAN OPEN,"Australian Open - Melbourne, AUS",2025.0,Shuai Zhang,McCartney Kessler,,,,,,,,,,,,,,,,,,,,,,,,,,,,,,,,,,,,,,,,,,,,,,,,,,,,,,,,,,,,,,,,,,,,,,,,,,,,,,,,,,,,,,,,,,,,,,,,,,,,,,,,,,,,,,,,,,,,,,,,,,,,,,,,,,,,,,,,,,,,,,,,,,,,,,,,,,,,,,,,,,,,,,,,,,,,,,,,,,,,,,,
901,2025,AUSTRALIAN OPEN,GC,2025-01-12,2025-01-26,Hard,MELBOURNE,AUSTRALIA,128,43608375,USD,LS57023641,2025-01-14,1,Yulia Putintseva,Elina Avanesyan,KAZ,ARM,24.0,,,4-6,7-5,O,AUSTRALIAN OPEN,"Australian Open - Melbourne, AUS",2025.0,Yulia Putintseva,Elina Avanesyan,,,,,,,,,,,,,,,,,,,,,,,,,,,,,,,,,,,,,,,,,,,,,,,,,,,,,,,,,,,,,,,,,,,,,,,,,,,,,,,,,,,,,,,,,,,,,,,,,,,,,,,,,,,,,,,,,,,,,,,,,,,,,,,,,,,,,,,,,,,,,,,,,,,,,,,,,,,,,,,,,,,,,,,,,,,,,,,,,,,,,,,
901,2025,AUSTRALIAN OPEN,GC,2025-01-12,2025-01-26,Hard,MELBOURNE,AUSTRALIA,128,43608375,USD,LS57032259,2025-01-14,1,Elena-Gabriela Ruse,Irina-Camelia Begu,ROU,ROU,,,,4-6,0-6,O,AUSTRALIAN OPEN,"Australian Open - Melbourne, AUS",2025.0,Elena-Gabriela Ruse,Irina-Camelia Begu,,,,,,,,,,,,,,,,,,,,,,,,,,,,,,,,,,,,,,,,,,,,,,,,,,,,,,,,,,,,,,,,,,,,,,,,,,,,,,,,,,,,,,,,,,,,,,,,,,,,,,,,,,,,,,,,,,,,,,,,,,,,,,,,,,,,,,,,,,,,,,,,,,,,,,,,,,,,,,,,,,,,,,,,,,,,,,,,,,,,,,,
901,2025,AUSTRALIAN OPEN,GC,2025-01-12,2025-01-26,Hard,MELBOURNE,AUSTRALIA,128,43608375,USD,LS57023665,2025-01-14,1,Danka Kovinic,Lulu Sun,MNE,NZL,,,,6-3,7-5,O,AUSTRALIAN OPEN,"Australian Open - Melbourne, AUS",2025.0,Danka Kovinic,Lulu Sun,,,,,,,,,,,,,,,,,,,,,,,,,,,,,,,,,,,,,,,,,,,,,,,,,,,,,,,,,,,,,,,,,,,,,,,,,,,,,,,,,,,,,,,,,,,,,,,,,,,,,,,,,,,,,,,,,,,,,,,,,,,,,,,,,,,,,,,,,,,,,,,,,,,,,,,,,,,,,,,,,,,,,,,,,,,,,,,,,,,,,,,
901,2025,AUSTRALIAN OPEN,GC,2025-01-12,2025-01-26,Hard,MELBOURNE,AUSTRALIA,128,43608375,USD,LS57023669,2025-01-14,1,Elena Rybakina,Emerson Jones,KAZ,AUS,6.0,,,6-1,6-1,O,AUSTRALIAN OPEN,"Australian Open - Melbourne, AUS",2025.0,Elena Rybakina,Emerson Jones,,,,,,,,,,,,,,,,,,,,,,,,,,,,,,,,,,,,,,,,,,,,,,,,,,,,,,,,,,,,,,,,,,,,,,,,,,,,,,,,,,,,,,,,,,,,,,,,,,,,,,,,,,,,,,,,,,,,,,,,,,,,,,,,,,,,,,,,,,,,,,,,,,,,,,,,,,,,,,,,,,,,,,,,,,,,,,,,,,,,,,,
901,2025,AUSTRALIAN OPEN,GC,2025-01-12,2025-01-26,Hard,MELBOURNE,AUSTRALIA,128,43608375,USD,LS57023633,2025-01-14,1,Varvara Gracheva,Caty McNally,FRA,USA,,,,6-3,6-4,O,AUSTRALIAN OPEN,"Australian Open - Melbourne, AUS",2025.0,Varvara Gracheva,Caty McNally,,,,,,,,,,,,,,,,,,,,,,,,,,,,,,,,,,,,,,,,,,,,,,,,,,,,,,,,,,,,,,,,,,,,,,,,,,,,,,,,,,,,,,,,,,,,,,,,,,,,,,,,,,,,,,,,,,,,,,,,,,,,,,,,,,,,,,,,,,,,,,,,,,,,,,,,,,,,,,,,,,,,,,,,,,,,,,,,,,,,,,,
901,2025,AUSTRALIAN OPEN,GC,2025-01-12,2025-01-26,Hard,MELBOURNE,AUSTRALIA,128,43608375,USD,LS57138349,2025-01-14,1,Eva Lys,Kimberly Birrell,DEU,AUS,,,,6-2,6-2,O,AUSTRALIAN OPEN,"Australian Open - Melbourne, AUS",2025.0,Eva Lys,Kimberly Birrell,,,,,,,,,,,,,,,,,,,,,,,,,,,,,,,,,,,,,,,,,,,,,,,,,,,,,,,,,,,,,,,,,,,,,,,,,,,,,,,,,,,,,,,,,,,,,,,,,,,,,,,,,,,,,,,,,,,,,,,,,,,,,,,,,,,,,,,,,,,,,,,,,,,,,,,,,,,,,,,,,,,,,,,,,,,,,,,,,,,,,,,
901,2025,AUSTRALIAN OPEN,GC,2025-01-12,2025-01-26,Hard,MELBOURNE,AUSTRALIA,128,43608375,USD,LS57023663,2025-01-14,1,Dayana Yastremska,Maiar Sherif Ahmed Abdelaziz,UKR,EGY,32.0,,,1-6,4-6,O,AUSTRALIAN OPEN,"Australian Open - Melbourne, AUS",2025.0,Dayana Yastremska,Maiar Sherif Ahmed Abdelaziz,,,,,,,,,,,,,,,,,,,,,,,,,,,,,,,,,,,,,,,,,,,,,,,,,,,,,,,,,,,,,,,,,,,,,,,,,,,,,,,,,,,,,,,,,,,,,,,,,,,,,,,,,,,,,,,,,,,,,,,,,,,,,,,,,,,,,,,,,,,,,,,,,,,,,,,,,,,,,,,,,,,,,,,,,,,,,,,,,,,,,,,
901,2025,AUSTRALIAN OPEN,GC,2025-01-12,2025-01-26,Hard,MELBOURNE,AUSTRALIA,128,43608375,USD,LS57023667,2025-01-14,1,Iva Jovic,Nuria Parrizas Diaz,USA,ESP,,,,2-6,1-6,O,AUSTRALIAN OPEN,"Australian Open - Melbourne, AUS",2025.0,Iva Jovic,Nuria Parrizas Diaz,,,,,,,,,,,,,,,,,,,,,,,,,,,,,,,,,,,,,,,,,,,,,,,,,,,,,,,,,,,,,,,,,,,,,,,,,,,,,,,,,,,,,,,,,,,,,,,,,,,,,,,,,,,,,,,,,,,,,,,,,,,,,,,,,,,,,,,,,,,,,,,,,,,,,,,,,,,,,,,,,,,,,,,,,,,,,,,,,,,,,,,
901,2025,AUSTRALIAN OPEN,GC,2025-01-12,2025-01-26,Hard,MELBOURNE,AUSTRALIA,128,43608375,USD,LS57023649,2025-01-14,1,Peyton Stearns,Emma Navarro,USA,USA,,8.0,,6-7(5),7-6(5),O,AUSTRALIAN OPEN,"Australian Open - Melbourne, AUS",2025.0,Peyton Stearns,Emma Navarro,,,,,,,,,,,,,,,,,,,,,,,,,,,,,,,,,,,,,,,,,,,,,,,,,,,,,,,,,,,,,,,,,,,,,,,,,,,,,,,,,,,,,,,,,,,,,,,,,,,,,,,,,,,,,,,,,,,,,,,,,,,,,,,,,,,,,,,,,,,,,,,,,,,,,,,,,,,,,,,,,,,,,,,,,,,,,,,,,,,,,,,
901,2025,AUSTRALIAN OPEN,GC,2025-01-12,2025-01-26,Hard,MELBOURNE,AUSTRALIA,128,43608375,USD,LS57023627,2025-01-14,1,Amanda Anisimova,Maria Carle,USA,ARG,,,,2-6,3-6,O,AUSTRALIAN OPEN,"Australian Open - Melbourne, AUS",2025.0,Amanda Anisimova,Maria Carle,,,,,,,,,,,,,,,,,,,,,,,,,,,,,,,,,,,,,,,,,,,,,,,,,,,,,,,,,,,,,,,,,,,,,,,,,,,,,,,,,,,,,,,,,,,,,,,,,,,,,,,,,,,,,,,,,,,,,,,,,,,,,,,,,,,,,,,,,,,,,,,,,,,,,,,,,,,,,,,,,,,,,,,,,,,,,,,,,,,,,,,
901,2025,AUSTRALIAN OPEN,GC,2025-01-12,2025-01-26,Hard,MELBOURNE,AUSTRALIA,128,43608375,USD,LS57023629,2025-01-14,1,Emma Raducanu,Ekaterina Alexandrova,GBR,,,26.0,,6-7(4),6-7(2),O,AUSTRALIAN OPEN,"Australian Open - Melbourne, AUS",2025.0,Emma Raducanu,Ekaterina Alexandrova,,,,,,,,,,,,,,,,,,,,,,,,,,,,,,,,,,,,,,,,,,,,,,,,,,,,,,,,,,,,,,,,,,,,,,,,,,,,,,,,,,,,,,,,,,,,,,,,,,,,,,,,,,,,,,,,,,,,,,,,,,,,,,,,,,,,,,,,,,,,,,,,,,,,,,,,,,,,,,,,,,,,,,,,,,,,,,,,,,,,,,,
901,2025,AUSTRALIAN OPEN,GC,2025-01-12,2025-01-26,Hard,MELBOURNE,AUSTRALIA,128,43608375,USD,LS57023635,2025-01-14,1,Daria Kasatkina,Viktoriya Tomova,AUS,BGR,9.0,,,1-6,3-6,O,AUSTRALIAN OPEN,"Australian Open - Melbourne, AUS",2025.0,Daria Kasatkina,Viktoriya Tomova,,,,,,,,,,,,,,,,,,,,,,,,,,,,,,,,,,,,,,,,,,,,,,,,,,,,,,,,,,,,,,,,,,,,,,,,,,,,,,,,,,,,,,,,,,,,,,,,,,,,,,,,,,,,,,,,,,,,,,,,,,,,,,,,,,,,,,,,,,,,,,,,,,,,,,,,,,,,,,,,,,,,,,,,,,,,,,,,,,,,,,,
901,2025,AUSTRALIAN OPEN,GC,2025-01-12,2025-01-26,Hard,MELBOURNE,AUSTRALIA,128,43608375,USD,LS57023637,2025-01-14,1,Yafan Wang,Anna Bondar,CHN,HUN,,,,6-3,3-6,O,AUSTRALIAN OPEN,"Australian Open - Melbourne, AUS",2025.0,Yafan Wang,Anna Bondar,,,,,,,,,,,,,,,,,,,,,,,,,,,,,,,,,,,,,,,,,,,,,,,,,,,,,,,,,,,,,,,,,,,,,,,,,,,,,,,,,,,,,,,,,,,,,,,,,,,,,,,,,,,,,,,,,,,,,,,,,,,,,,,,,,,,,,,,,,,,,,,,,,,,,,,,,,,,,,,,,,,,,,,,,,,,,,,,,,,,,,,
901,2025,AUSTRALIAN OPEN,GC,2025-01-12,2025-01-26,Hard,MELBOURNE,AUSTRALIA,128,43608375,USD,LS57023647,2025-01-14,1,Xiyu Wang,Julia Grabher,CHN,AUT,,,,6-1,7-5,O,AUSTRALIAN OPEN,"Australian Open - Melbourne, AUS",2025.0,Xiyu Wang,Julia Grabher,,,,,,,,,,,,,,,,,,,,,,,,,,,,,,,,,,,,,,,,,,,,,,,,,,,,,,,,,,,,,,,,,,,,,,,,,,,,,,,,,,,,,,,,,,,,,,,,,,,,,,,,,,,,,,,,,,,,,,,,,,,,,,,,,,,,,,,,,,,,,,,,,,,,,,,,,,,,,,,,,,,,,,,,,,,,,,,,,,,,,,,
901,2025,AUSTRALIAN OPEN,GC,2025-01-12,2025-01-26,Hard,MELBOURNE,AUSTRALIA,128,43608375,USD,LS57023659,2025-01-14,1,Erika Andreeva,Saisai Zheng,,CHN,,,,1-6,6-7(6),O,AUSTRALIAN OPEN,"Australian Open - Melbourne, AUS",2025.0,Erika Andreeva,Saisai Zheng,,,,,,,,,,,,,,,,,,,,,,,,,,,,,,,,,,,,,,,,,,,,,,,,,,,,,,,,,,,,,,,,,,,,,,,,,,,,,,,,,,,,,,,,,,,,,,,,,,,,,,,,,,,,,,,,,,,,,,,,,,,,,,,,,,,,,,,,,,,,,,,,,,,,,,,,,,,,,,,,,,,,,,,,,,,,,,,,,,,,,,,
901,2025,AUSTRALIAN OPEN,GC,2025-01-12,2025-01-26,Hard,MELBOURNE,AUSTRALIA,128,43608375,USD,LS57032253,2025-01-14,1,Beatriz Haddad Maia,Julia Riera,BRA,ARG,15.0,,,4-6,7-5,O,AUSTRALIAN OPEN,"Australian Open - Melbourne, AUS",2025.0,Beatriz Haddad Maia,Julia Riera,,,,,,,,,,,,,,,,,,,,,,,,,,,,,,,,,,,,,,,,,,,,,,,,,,,,,,,,,,,,,,,,,,,,,,,,,,,,,,,,,,,,,,,,,,,,,,,,,,,,,,,,,,,,,,,,,,,,,,,,,,,,,,,,,,,,,,,,,,,,,,,,,,,,,,,,,,,,,,,,,,,,,,,,,,,,,,,,,,,,,,,
901,2025,AUSTRALIAN OPEN,GC,2025-01-12,2025-01-26,Hard,MELBOURNE,AUSTRALIA,128,43608375,USD,LS57023683,2025-01-13,1,Naomi Osaka,Caroline Garcia,JPN,FRA,,,,6-3,3-6,O,AUSTRALIAN OPEN,"Australian Open - Melbourne, AUS",2025.0,Naomi Osaka,Caroline Garcia,,,,,,,,,,,,,,,,,,,,,,,,,,,,,,,,,,,,,,,,,,,,,,,,,,,,,,,,,,,,,,,,,,,,,,,,,,,,,,,,,,,,,,,,,,,,,,,,,,,,,,,,,,,,,,,,,,,,,,,,,,,,,,,,,,,,,,,,,,,,,,,,,,,,,,,,,,,,,,,,,,,,,,,,,,,,,,,,,,,,,,,
901,2025,AUSTRALIAN OPEN,GC,2025-01-12,2025-01-26,Hard,MELBOURNE,AUSTRALIA,128,43608375,USD,LS57032255,2025-01-13,1,Danielle Collins,Daria Snigur,USA,UKR,10.0,,,6-7(4),3-6,O,AUSTRALIAN OPEN,"Australian Open - Melbourne, AUS",2025.0,Danielle Collins,Daria Snigur,,,,,,,,,,,,,,,,,,,,,,,,,,,,,,,,,,,,,,,,,,,,,,,,,,,,,,,,,,,,,,,,,,,,,,,,,,,,,,,,,,,,,,,,,,,,,,,,,,,,,,,,,,,,,,,,,,,,,,,,,,,,,,,,,,,,,,,,,,,,,,,,,,,,,,,,,,,,,,,,,,,,,,,,,,,,,,,,,,,,,,,
901,2025,AUSTRALIAN OPEN,GC,2025-01-12,2025-01-26,Hard,MELBOURNE,AUSTRALIA,128,43608375,USD,LS57023685,2025-01-13,1,Karolina Muchova,Nadia Podoroska,CZE,ARG,20.0,,,6-1,6-1,O,AUSTRALIAN OPEN,"Australian Open - Melbourne, AUS",2025.0,Karolina Muchova,Nadia Podoroska,,,,,,,,,,,,,,,,,,,,,,,,,,,,,,,,,,,,,,,,,,,,,,,,,,,,,,,,,,,,,,,,,,,,,,,,,,,,,,,,,,,,,,,,,,,,,,,,,,,,,,,,,,,,,,,,,,,,,,,,,,,,,,,,,,,,,,,,,,,,,,,,,,,,,,,,,,,,,,,,,,,,,,,,,,,,,,,,,,,,,,,
901,2025,AUSTRALIAN OPEN,GC,2025-01-12,2025-01-26,Hard,MELBOURNE,AUSTRALIA,128,43608375,USD,LS57032257,2025-01-13,1,Destanee Aiava,Greet Minnen,AUS,BEL,,,,7-5,5-7,O,AUSTRALIAN OPEN,"Australian Open - Melbourne, AUS",2025.0,Destanee Aiava,Greet Minnen,,,,,,,,,,,,,,,,,,,,,,,,,,,,,,,,,,,,,,,,,,,,,,,,,,,,,,,,,,,,,,,,,,,,,,,,,,,,,,,,,,,,,,,,,,,,,,,,,,,,,,,,,,,,,,,,,,,,,,,,,,,,,,,,,,,,,,,,,,,,,,,,,,,,,,,,,,,,,,,,,,,,,,,,,,,,,,,,,,,,,,,
901,2025,AUSTRALIAN OPEN,GC,2025-01-12,2025-01-26,Hard,MELBOURNE,AUSTRALIA,128,43608375,USD,LS57032261,2025-01-13,1,Viktorija Golubic,Elise Mertens,CHE,BEL,,,,4-6,7-6(8),O,AUSTRALIAN OPEN,"Australian Open - Melbourne, AUS",2025.0,Viktorija Golubic,Elise Mertens,,,,,,,,,,,,,,,,,,,,,,,,,,,,,,,,,,,,,,,,,,,,,,,,,,,,,,,,,,,,,,,,,,,,,,,,,,,,,,,,,,,,,,,,,,,,,,,,,,,,,,,,,,,,,,,,,,,,,,,,,,,,,,,,,,,,,,,,,,,,,,,,,,,,,,,,,,,,,,,,,,,,,,,,,,,,,,,,,,,,,,,
901,2025,AUSTRALIAN OPEN,GC,2025-01-12,2025-01-26,Hard,MELBOURNE,AUSTRALIA,128,43608375,USD,LS57032263,2025-01-13,1,Marta Kostyuk,Nao Hibino,UKR,JPN,17.0,,,6-3,3-6,O,AUSTRALIAN OPEN,"Australian Open - Melbourne, AUS",2025.0,Marta Kostyuk,Nao Hibino,,,,,,,,,,,,,,,,,,,,,,,,,,,,,,,,,,,,,,,,,,,,,,,,,,,,,,,,,,,,,,,,,,,,,,,,,,,,,,,,,,,,,,,,,,,,,,,,,,,,,,,,,,,,,,,,,,,,,,,,,,,,,,,,,,,,,,,,,,,,,,,,,,,,,,,,,,,,,,,,,,,,,,,,,,,,,,,,,,,,,,,
901,2025,AUSTRALIAN OPEN,GC,2025-01-12,2025-01-26,Hard,MELBOURNE,AUSTRALIA,128,43608375,USD,LS57032283,2025-01-13,1,Jaqueline Cristian,Petra Martic,ROU,HRV,,,,2-6,6-4,O,AUSTRALIAN OPEN,"Australian Open - Melbourne, AUS",2025.0,Jaqueline Cristian,Petra Martic,,,,,,,,,,,,,,,,,,,,,,,,,,,,,,,,,,,,,,,,,,,,,,,,,,,,,,,,,,,,,,,,,,,,,,,,,,,,,,,,,,,,,,,,,,,,,,,,,,,,,,,,,,,,,,,,,,,,,,,,,,,,,,,,,,,,,,,,,,,,,,,,,,,,,,,,,,,,,,,,,,,,,,,,,,,,,,,,,,,,,,,
901,2025,AUSTRALIAN OPEN,GC,2025-01-12,2025-01-26,Hard,MELBOURNE,AUSTRALIA,128,43608375,USD,LS57023671,2025-01-13,1,Jessica Pegula,Maya Joint,USA,AUS,7.0,,,3-6,0-6,O,AUSTRALIAN OPEN,"Australian Open - Melbourne, AUS",2025.0,Jessica Pegula,Maya Joint,,,,,,,,,,,,,,,,,,,,,,,,,,,,,,,,,,,,,,,,,,,,,,,,,,,,,,,,,,,,,,,,,,,,,,,,,,,,,,,,,,,,,,,,,,,,,,,,,,,,,,,,,,,,,,,,,,,,,,,,,,,,,,,,,,,,,,,,,,,,,,,,,,,,,,,,,,,,,,,,,,,,,,,,,,,,,,,,,,,,,,,
901,2025,AUSTRALIAN OPEN,GC,2025-01-12,2025-01-26,Hard,MELBOURNE,AUSTRALIA,128,43608375,USD,LS57032265,2025-01-13,1,Jule Niemeier,Maja Chwalinska,DEU,POL,,,,6-0,6-1,O,AUSTRALIAN OPEN,"Australian Open - Melbourne, AUS",2025.0,Jule Niemeier,Maja Chwalinska,,,,,,,,,,,,,,,,,,,,,,,,,,,,,,,,,,,,,,,,,,,,,,,,,,,,,,,,,,,,,,,,,,,,,,,,,,,,,,,,,,,,,,,,,,,,,,,,,,,,,,,,,,,,,,,,,,,,,,,,,,,,,,,,,,,,,,,,,,,,,,,,,,,,,,,,,,,,,,,,,,,,,,,,,,,,,,,,,,,,,,,
901,2025,AUSTRALIAN OPEN,GC,2025-01-12,2025-01-26,Hard,MELBOURNE,AUSTRALIA,128,43608375,USD,LS57023695,2025-01-13,1,Anastasia Pavlyuchenkova,Yue Yuan,,CHN,27.0,,,6-4,4-6,O,AUSTRALIAN OPEN,"Australian Open - Melbourne, AUS",2025.0,Anastasia Pavlyuchenkova,Yue Yuan,,,,,,,,,,,,,,,,,,,,,,,,,,,,,,,,,,,,,,,,,,,,,,,,,,,,,,,,,,,,,,,,,,,,,,,,,,,,,,,,,,,,,,,,,,,,,,,,,,,,,,,,,,,,,,,,,,,,,,,,,,,,,,,,,,,,,,,,,,,,,,,,,,,,,,,,,,,,,,,,,,,,,,,,,,,,,,,,,,,,,,,
901,2025,AUSTRALIAN OPEN,GC,2025-01-12,2025-01-26,Hard,MELBOURNE,AUSTRALIA,128,43608375,USD,LS57023681,2025-01-13,1,Jelena Ostapenko,Belinda Bencic,LVA,CHE,16.0,,,6-3,7-6(6),O,AUSTRALIAN OPEN,"Australian Open - Melbourne, AUS",2025.0,Jelena Ostapenko,Belinda Bencic,,,,,,,,,,,,,,,,,,,,,,,,,,,,,,,,,,,,,,,,,,,,,,,,,,,,,,,,,,,,,,,,,,,,,,,,,,,,,,,,,,,,,,,,,,,,,,,,,,,,,,,,,,,,,,,,,,,,,,,,,,,,,,,,,,,,,,,,,,,,,,,,,,,,,,,,,,,,,,,,,,,,,,,,,,,,,,,,,,,,,,,
901,2025,AUSTRALIAN OPEN,GC,2025-01-12,2025-01-26,Hard,MELBOURNE,AUSTRALIA,128,43608375,USD,LS57032273,2025-01-13,1,Anastasia Potapova,Tamara Zidansek,AUT,SVN,,,,2-6,5-7,O,AUSTRALIAN OPEN,"Australian Open - Melbourne, AUS",2025.0,Anastasia Potapova,Tamara Zidansek,,,,,,,,,,,,,,,,,,,,,,,,,,,,,,,,,,,,,,,,,,,,,,,,,,,,,,,,,,,,,,,,,,,,,,,,,,,,,,,,,,,,,,,,,,,,,,,,,,,,,,,,,,,,,,,,,,,,,,,,,,,,,,,,,,,,,,,,,,,,,,,,,,,,,,,,,,,,,,,,,,,,,,,,,,,,,,,,,,,,,,,
901,2025,AUSTRALIAN OPEN,GC,2025-01-12,2025-01-26,Hard,MELBOURNE,AUSTRALIA,128,43608375,USD,LS57023623,2025-01-13,1,Iga Swiatek,Katerina Siniakova,POL,CZE,2.0,,,3-6,4-6,O,AUSTRALIAN OPEN,"Australian Open - Melbourne, AUS",2025.0,Iga Swiatek,Katerina Siniakova,,,,,,,,,,,,,,,,,,,,,,,,,,,,,,,,,,,,,,,,,,,,,,,,,,,,,,,,,,,,,,,,,,,,,,,,,,,,,,,,,,,,,,,,,,,,,,,,,,,,,,,,,,,,,,,,,,,,,,,,,,,,,,,,,,,,,,,,,,,,,,,,,,,,,,,,,,,,,,,,,,,,,,,,,,,,,,,,,,,,,,,
901,2025,AUSTRALIAN OPEN,GC,2025-01-12,2025-01-26,Hard,MELBOURNE,AUSTRALIA,128,43608375,USD,LS57032251,2025-01-13,1,Caroline Dolehide,Sara Bejlek,USA,CZE,,,,6-7(5),2-6,O,AUSTRALIAN OPEN,"Australian Open - Melbourne, AUS",2025.0,Caroline Dolehide,Sara Bejlek,,,,,,,,,,,,,,,,,,,,,,,,,,,,,,,,,,,,,,,,,,,,,,,,,,,,,,,,,,,,,,,,,,,,,,,,,,,,,,,,,,,,,,,,,,,,,,,,,,,,,,,,,,,,,,,,,,,,,,,,,,,,,,,,,,,,,,,,,,,,,,,,,,,,,,,,,,,,,,,,,,,,,,,,,,,,,,,,,,,,,,,
901,2025,AUSTRALIAN OPEN,GC,2025-01-12,2025-01-26,Hard,MELBOURNE,AUSTRALIA,128,43608375,USD,LS57107125,2025-01-13,1,Jana Fett,Harriet Dart,HRV,GBR,,,,7-5,2-6,O,AUSTRALIAN OPEN,"Australian Open - Melbourne, AUS",2025.0,Jana Fett,Harriet Dart,,,,,,,,,,,,,,,,,,,,,,,,,,,,,,,,,,,,,,,,,,,,,,,,,,,,,,,,,,,,,,,,,,,,,,,,,,,,,,,,,,,,,,,,,,,,,,,,,,,,,,,,,,,,,,,,,,,,,,,,,,,,,,,,,,,,,,,,,,,,,,,,,,,,,,,,,,,,,,,,,,,,,,,,,,,,,,,,,,,,,,,
901,2025,AUSTRALIAN OPEN,GC,2025-01-12,2025-01-26,Hard,MELBOURNE,AUSTRALIA,128,43608375,USD,LS57023631,2025-01-13,1,Victoria Azarenka,Lucia Bronzetti,,ITA,21.0,,,6-2,7-6(2),O,AUSTRALIAN OPEN,"Australian Open - Melbourne, AUS",2025.0,Victoria Azarenka,Lucia Bronzetti,,,,,,,,,,,,,,,,,,,,,,,,,,,,,,,,,,,,,,,,,,,,,,,,,,,,,,,,,,,,,,,,,,,,,,,,,,,,,,,,,,,,,,,,,,,,,,,,,,,,,,,,,,,,,,,,,,,,,,,,,,,,,,,,,,,,,,,,,,,,,,,,,,,,,,,,,,,,,,,,,,,,,,,,,,,,,,,,,,,,,,,
901,2025,AUSTRALIAN OPEN,GC,2025-01-12,2025-01-26,Hard,MELBOURNE,AUSTRALIA,128,43608375,USD,LS57023653,2025-01-13,1,Elina Svitolina,Sorana Cirstea,UKR,ROU,28.0,,,6-4,6-4,O,AUSTRALIAN OPEN,"Australian Open - Melbourne, AUS",2025.0,Elina Svitolina,Sorana Cirstea,,,,,,,,,,,,,,,,,,,,,,,,,,,,,,,,,,,,,,,,,,,,,,,,,,,,,,,,,,,,,,,,,,,,,,,,,,,,,,,,,,,,,,,,,,,,,,,,,,,,,,,,,,,,,,,,,,,,,,,,,,,,,,,,,,,,,,,,,,,,,,,,,,,,,,,,,,,,,,,,,,,,,,,,,,,,,,,,,,,,,,,
901,2025,AUSTRALIAN OPEN,GC,2025-01-12,2025-01-26,Hard,MELBOURNE,AUSTRALIA,128,43608375,USD,LS57032277,2025-01-13,1,Magdalena Frech,Polina Kudermetova,POL,UZB,23.0,,,6-4,6-4,O,AUSTRALIAN OPEN,"Australian Open - Melbourne, AUS",2025.0,Magdalena Frech,Polina Kudermetova,,,,,,,,,,,,,,,,,,,,,,,,,,,,,,,,,,,,,,,,,,,,,,,,,,,,,,,,,,,,,,,,,,,,,,,,,,,,,,,,,,,,,,,,,,,,,,,,,,,,,,,,,,,,,,,,,,,,,,,,,,,,,,,,,,,,,,,,,,,,,,,,,,,,,,,,,,,,,,,,,,,,,,,,,,,,,,,,,,,,,,,
901,2025,AUSTRALIAN OPEN,GC,2025-01-12,2025-01-26,Hard,MELBOURNE,AUSTRALIA,128,43608375,USD,LS57023691,2025-01-13,1,Coco Gauff,Sofia Kenin,USA,USA,3.0,,,6-3,6-3,O,AUSTRALIAN OPEN,"Australian Open - Melbourne, AUS",2025.0,Coco Gauff,Sofia Kenin,,,,,,,,,,,,,,,,,,,,,,,,,,,,,,,,,,,,,,,,,,,,,,,,,,,,,,,,,,,,,,,,,,,,,,,,,,,,,,,,,,,,,,,,,,,,,,,,,,,,,,,,,,,,,,,,,,,,,,,,,,,,,,,,,,,,,,,,,,,,,,,,,,,,,,,,,,,,,,,,,,,,,,,,,,,,,,,,,,,,,,,
901,2025,AUSTRALIAN OPEN,GC,2025-01-12,2025-01-26,Hard,MELBOURNE,AUSTRALIA,128,43608375,USD,LS57023699,2025-01-13,1,Ajla Tomljanovic,Ashlyn Krueger,AUS,USA,,,,6-4,4-6,O,AUSTRALIAN OPEN,"Australian Open - Melbourne, AUS",2025.0,Ajla Tomljanovic,Ashlyn Krueger,,,,,,,,,,,,,,,,,,,,,,,,,,,,,,,,,,,,,,,,,,,,,,,,,,,,,,,,,,,,,,,,,,,,,,,,,,,,,,,,,,,,,,,,,,,,,,,,,,,,,,,,,,,,,,,,,,,,,,,,,,,,,,,,,,,,,,,,,,,,,,,,,,,,,,,,,,,,,,,,,,,,,,,,,,,,,,,,,,,,,,,
901,2025,AUSTRALIAN OPEN,GC,2025-01-12,2025-01-26,Hard,MELBOURNE,AUSTRALIA,128,43608375,USD,LS57023625,2025-01-13,1,Rebecca Sramkova,Katie Volynets,SVK,USA,,,,3-6,6-2,O,AUSTRALIAN OPEN,"Australian Open - Melbourne, AUS",2025.0,Rebecca Sramkova,Katie Volynets,,,,,,,,,,,,,,,,,,,,,,,,,,,,,,,,,,,,,,,,,,,,,,,,,,,,,,,,,,,,,,,,,,,,,,,,,,,,,,,,,,,,,,,,,,,,,,,,,,,,,,,,,,,,,,,,,,,,,,,,,,,,,,,,,,,,,,,,,,,,,,,,,,,,,,,,,,,,,,,,,,,,,,,,,,,,,,,,,,,,,,,
901,2025,AUSTRALIAN OPEN,GC,2025-01-12,2025-01-26,Hard,MELBOURNE,AUSTRALIA,128,43608375,USD,LS57023673,2025-01-13,1,Olga Danilovic,Arantxa Rus,SRB,NLD,,,,4-6,4-6,O,AUSTRALIAN OPEN,"Australian Open - Melbourne, AUS",2025.0,Olga Danilovic,Arantxa Rus,,,,,,,,,,,,,,,,,,,,,,,,,,,,,,,,,,,,,,,,,,,,,,,,,,,,,,,,,,,,,,,,,,,,,,,,,,,,,,,,,,,,,,,,,,,,,,,,,,,,,,,,,,,,,,,,,,,,,,,,,,,,,,,,,,,,,,,,,,,,,,,,,,,,,,,,,,,,,,,,,,,,,,,,,,,,,,,,,,,,,,,
901,2025,AUSTRALIAN OPEN,GC,2025-01-12,2025-01-26,Hard,MELBOURNE,AUSTRALIA,128,43608375,USD,LS57023675,2025-01-13,1,Liudmila Samsonova,Kamilla Rakhimova,,UZB,25.0,,,6-2,6-4,O,AUSTRALIAN OPEN,"Australian Open - Melbourne, AUS",2025.0,Liudmila Samsonova,Kamilla Rakhimova,,,,,,,,,,,,,,,,,,,,,,,,,,,,,,,,,,,,,,,,,,,,,,,,,,,,,,,,,,,,,,,,,,,,,,,,,,,,,,,,,,,,,,,,,,,,,,,,,,,,,,,,,,,,,,,,,,,,,,,,,,,,,,,,,,,,,,,,,,,,,,,,,,,,,,,,,,,,,,,,,,,,,,,,,,,,,,,,,,,,,,,
901,2025,AUSTRALIAN OPEN,GC,2025-01-12,2025-01-26,Hard,MELBOURNE,AUSTRALIA,128,43608375,USD,LS57023677,2025-01-13,1,Talia Gibson,Zeynep Sonmez,AUS,TUR,,,,6-3,6-7(5),O,AUSTRALIAN OPEN,"Australian Open - Melbourne, AUS",2025.0,Talia Gibson,Zeynep Sonmez,,,,,,,,,,,,,,,,,,,,,,,,,,,,,,,,,,,,,,,,,,,,,,,,,,,,,,,,,,,,,,,,,,,,,,,,,,,,,,,,,,,,,,,,,,,,,,,,,,,,,,,,,,,,,,,,,,,,,,,,,,,,,,,,,,,,,,,,,,,,,,,,,,,,,,,,,,,,,,,,,,,,,,,,,,,,,,,,,,,,,,,
901,2025,AUSTRALIAN OPEN,GC,2025-01-12,2025-01-26,Hard,MELBOURNE,AUSTRALIA,128,43608375,USD,LS57023693,2025-01-13,1,Laura Siegemund,Hailey Baptiste,DEU,USA,,,,4-6,7-5,O,AUSTRALIAN OPEN,"Australian Open - Melbourne, AUS",2025.0,Laura Siegemund,Hailey Baptiste,,,,,,,,,,,,,,,,,,,,,,,,,,,,,,,,,,,,,,,,,,,,,,,,,,,,,,,,,,,,,,,,,,,,,,,,,,,,,,,,,,,,,,,,,,,,,,,,,,,,,,,,,,,,,,,,,,,,,,,,,,,,,,,,,,,,,,,,,,,,,,,,,,,,,,,,,,,,,,,,,,,,,,,,,,,,,,,,,,,,,,,
901,2025,AUSTRALIAN OPEN,GC,2025-01-12,2025-01-26,Hard,MELBOURNE,AUSTRALIA,128,43608375,USD,LS57023701,2025-01-13,1,Elisabetta Cocciaretto,Diana Shnaider,ITA,,,12.0,,7-6(4),6-4,O,AUSTRALIAN OPEN,"Australian Open - Melbourne, AUS",2025.0,Elisabetta Cocciaretto,Diana Shnaider,,,,,,,,,,,,,,,,,,,,,,,,,,,,,,,,,,,,,,,,,,,,,,,,,,,,,,,,,,,,,,,,,,,,,,,,,,,,,,,,,,,,,,,,,,,,,,,,,,,,,,,,,,,,,,,,,,,,,,,,,,,,,,,,,,,,,,,,,,,,,,,,,,,,,,,,,,,,,,,,,,,,,,,,,,,,,,,,,,,,,,,
901,2025,AUSTRALIAN OPEN,GC,2025-01-12,2025-01-26,Hard,MELBOURNE,AUSTRALIA,128,43608375,USD,LS57023705,2025-01-13,1,Magda Linette,Moyuka Uchijima,POL,JPN,,,,4-6,6-2,O,AUSTRALIAN OPEN,"Australian Open - Melbourne, AUS",2025.0,Magda Linette,Moyuka Uchijima,,,,,,,,,,,,,,,,,,,,,,,,,,,,,,,,,,,,,,,,,,,,,,,,,,,,,,,,,,,,,,,,,,,,,,,,,,,,,,,,,,,,,,,,,,,,,,,,,,,,,,,,,,,,,,,,,,,,,,,,,,,,,,,,,,,,,,,,,,,,,,,,,,,,,,,,,,,,,,,,,,,,,,,,,,,,,,,,,,,,,,,
901,2025,AUSTRALIAN OPEN,GC,2025-01-12,2025-01-26,Hard,MELBOURNE,AUSTRALIA,128,43608375,USD,LS57032269,2025-01-13,1,Jodie Burrage,Leolia Jeanjean,GBR,FRA,,,,2-6,4-6,O,AUSTRALIAN OPEN,"Australian Open - Melbourne, AUS",2025.0,Jodie Burrage,Leolia Jeanjean,,,,,,,,,,,,,,,,,,,,,,,,,,,,,,,,,,,,,,,,,,,,,,,,,,,,,,,,,,,,,,,,,,,,,,,,,,,,,,,,,,,,,,,,,,,,,,,,,,,,,,,,,,,,,,,,,,,,,,,,,,,,,,,,,,,,,,,,,,,,,,,,,,,,,,,,,,,,,,,,,,,,,,,,,,,,,,,,,,,,,,,
901,2025,AUSTRALIAN OPEN,GC,2025-01-12,2025-01-26,Hard,MELBOURNE,AUSTRALIA,128,43608375,USD,LS57023707,2025-01-12,1,Anna Blinkova,Daria Saville,,AUS,,,,1-6,6-4,O,AUSTRALIAN OPEN,"Australian Open - Melbourne, AUS",2025.0,Anna Blinkova,Daria Saville,,,,,,,,,,,,,,,,,,,,,,,,,,,,,,,,,,,,,,,,,,,,,,,,,,,,,,,,,,,,,,,,,,,,,,,,,,,,,,,,,,,,,,,,,,,,,,,,,,,,,,,,,,,,,,,,,,,,,,,,,,,,,,,,,,,,,,,,,,,,,,,,,,,,,,,,,,,,,,,,,,,,,,,,,,,,,,,,,,,,,,,
901,2025,AUSTRALIAN OPEN,GC,2025-01-12,2025-01-26,Hard,MELBOURNE,AUSTRALIA,128,43608375,USD,LS57023689,2025-01-12,1,Cristina Bucsa,Chloe Paquet,ESP,FRA,,,,6-2,6-3,O,AUSTRALIAN OPEN,"Australian Open - Melbourne, AUS",2025.0,Cristina Bucsa,Chloe Paquet,,,,,,,,,,,,,,,,,,,,,,,,,,,,,,,,,,,,,,,,,,,,,,,,,,,,,,,,,,,,,,,,,,,,,,,,,,,,,,,,,,,,,,,,,,,,,,,,,,,,,,,,,,,,,,,,,,,,,,,,,,,,,,,,,,,,,,,,,,,,,,,,,,,,,,,,,,,,,,,,,,,,,,,,,,,,,,,,,,,,,,,
901,2025,AUSTRALIAN OPEN,GC,2025-01-12,2025-01-26,Hard,MELBOURNE,AUSTRALIA,128,43608375,USD,LS57023715,2025-01-12,1,Aryna Sabalenka,Sloane Stephens,,USA,1.0,,,6-3,6-2,O,AUSTRALIAN OPEN,"Australian Open - Melbourne, AUS",2025.0,Aryna Sabalenka,Sloane Stephens,,,,,,,,,,,,,,,,,,,,,,,,,,,,,,,,,,,,,,,,,,,,,,,,,,,,,,,,,,,,,,,,,,,,,,,,,,,,,,,,,,,,,,,,,,,,,,,,,,,,,,,,,,,,,,,,,,,,,,,,,,,,,,,,,,,,,,,,,,,,,,,,,,,,,,,,,,,,,,,,,,,,,,,,,,,,,,,,,,,,,,,
901,2025,AUSTRALIAN OPEN,GC,2025-01-12,2025-01-26,Hard,MELBOURNE,AUSTRALIA,128,43608375,USD,LS57023713,2025-01-12,1,Jessica Bouzas Maneiro,Sonay Kartal,ESP,GBR,,,,1-6,6-7(5),O,AUSTRALIAN OPEN,"Australian Open - Melbourne, AUS",2025.0,Jessica Bouzas Maneiro,Sonay Kartal,,,,,,,,,,,,,,,,,,,,,,,,,,,,,,,,,,,,,,,,,,,,,,,,,,,,,,,,,,,,,,,,,,,,,,,,,,,,,,,,,,,,,,,,,,,,,,,,,,,,,,,,,,,,,,,,,,,,,,,,,,,,,,,,,,,,,,,,,,,,,,,,,,,,,,,,,,,,,,,,,,,,,,,,,,,,,,,,,,,,,,,
901,2025,AUSTRALIAN OPEN,GC,2025-01-12,2025-01-26,Hard,MELBOURNE,AUSTRALIA,128,43608375,USD,LS57023709,2025-01-12,1,Clara Tauson,Linda Noskova,DNK,CZE,,29.0,,5-7,6-3,O,AUSTRALIAN OPEN,"Australian Open - Melbourne, AUS",2025.0,Clara Tauson,Linda Noskova,,,,,,,,,,,,,,,,,,,,,,,,,,,,,,,,,,,,,,,,,,,,,,,,,,,,,,,,,,,,,,,,,,,,,,,,,,,,,,,,,,,,,,,,,,,,,,,,,,,,,,,,,,,,,,,,,,,,,,,,,,,,,,,,,,,,,,,,,,,,,,,,,,,,,,,,,,,,,,,,,,,,,,,,,,,,,,,,,,,,,,,
901,2025,AUSTRALIAN OPEN,GC,2025-01-12,2025-01-26,Hard,MELBOURNE,AUSTRALIA,128,43608375,USD,LS57023679,2025-01-12,1,Xinyu Wang,Paula Badosa,CHN,ESP,,11.0,,6-3,7-6(5),O,AUSTRALIAN OPEN,"Australian Open - Melbourne, AUS",2025.0,Xinyu Wang,Paula Badosa,,,,,,,,,,,,,,,,,,,,,,,,,,,,,,,,,,,,,,,,,,,,,,,,,,,,,,,,,,,,,,,,,,,,,,,,,,,,,,,,,,,,,,,,,,,,,,,,,,,,,,,,,,,,,,,,,,,,,,,,,,,,,,,,,,,,,,,,,,,,,,,,,,,,,,,,,,,,,,,,,,,,,,,,,,,,,,,,,,,,,,,
901,2025,AUSTRALIAN OPEN,GC,2025-01-12,2025-01-26,Hard,MELBOURNE,AUSTRALIA,128,43608375,USD,LS57023697,2025-01-12,1,Donna Vekic,Diane Parry,HRV,FRA,18.0,,,4-6,4-6,O,AUSTRALIAN OPEN,"Australian Open - Melbourne, AUS",2025.0,Donna Vekic,Diane Parry,,,,,,,,,,,,,,,,,,,,,,,,,,,,,,,,,,,,,,,,,,,,,,,,,,,,,,,,,,,,,,,,,,,,,,,,,,,,,,,,,,,,,,,,,,,,,,,,,,,,,,,,,,,,,,,,,,,,,,,,,,,,,,,,,,,,,,,,,,,,,,,,,,,,,,,,,,,,,,,,,,,,,,,,,,,,,,,,,,,,,,,
901,2025,AUSTRALIAN OPEN,GC,2025-01-12,2025-01-26,Hard,MELBOURNE,AUSTRALIA,128,43608375,USD,LS57032271,2025-01-12,1,Qinwen Zheng,Anca Alexia Todoni,CHN,ROU,5.0,,,6-7(3),1-6,O,AUSTRALIAN OPEN,"Australian Open - Melbourne, AUS",2025.0,Qinwen Zheng,Anca Alexia Todoni,,,,,,,,,,,,,,,,,,,,,,,,,,,,,,,,,,,,,,,,,,,,,,,,,,,,,,,,,,,,,,,,,,,,,,,,,,,,,,,,,,,,,,,,,,,,,,,,,,,,,,,,,,,,,,,,,,,,,,,,,,,,,,,,,,,,,,,,,,,,,,,,,,,,,,,,,,,,,,,,,,,,,,,,,,,,,,,,,,,,,,,
901,2025,AUSTRALIAN OPEN,GC,2025-01-12,2025-01-26,Hard,MELBOURNE,AUSTRALIA,128,43608375,USD,LS57023687,2025-01-12,1,Leylah Fernandez,Yuliia Starodubtseva,CAN,UKR,30.0,,,5-7,4-6,O,AUSTRALIAN OPEN,"Australian Open - Melbourne, AUS",2025.0,Leylah Fernandez,Yuliia Starodubtseva,,,,,,,,,,,,,,,,,,,,,,,,,,,,,,,,,,,,,,,,,,,,,,,,,,,,,,,,,,,,,,,,,,,,,,,,,,,,,,,,,,,,,,,,,,,,,,,,,,,,,,,,,,,,,,,,,,,,,,,,,,,,,,,,,,,,,,,,,,,,,,,,,,,,,,,,,,,,,,,,,,,,,,,,,,,,,,,,,,,,,,,
901,2025,AUSTRALIAN OPEN,GC,2025-01-12,2025-01-26,Hard,MELBOURNE,AUSTRALIA,128,43608375,USD,LS57023703,2025-01-12,1,Mirra Andreeva,Marie Bouzkova,,CZE,14.0,,,3-6,3-6,O,AUSTRALIAN OPEN,"Australian Open - Melbourne, AUS",2025.0,Mirra Andreeva,Marie Bouzkova,,,,,,,,,,,,,,,,,,,,,,,,,,,,,,,,,,,,,,,,,,,,,,,,,,,,,,,,,,,,,,,,,,,,,,,,,,,,,,,,,,,,,,,,,,,,,,,,,,,,,,,,,,,,,,,,,,,,,,,,,,,,,,,,,,,,,,,,,,,,,,,,,,,,,,,,,,,,,,,,,,,,,,,,,,,,,,,,,,,,,,,
901,2025,AUSTRALIAN OPEN,GC,2025-01-12,2025-01-26,Hard,MELBOURNE,AUSTRALIA,128,43608375,USD,LS57023711,2025-01-12,1,Tatjana Maria,Bernarda Pera,DEU,USA,,,,6-7(3),4-6,O,AUSTRALIAN OPEN,"Australian Open - Melbourne, AUS",2025.0,Tatjana Maria,Bernarda Pera,,,,,,,,,,,,,,,,,,,,,,,,,,,,,,,,,,,,,,,,,,,,,,,,,,,,,,,,,,,,,,,,,,,,,,,,,,,,,,,,,,,,,,,,,,,,,,,,,,,,,,,,,,,,,,,,,,,,,,,,,,,,,,,,,,,,,,,,,,,,,,,,,,,,,,,,,,,,,,,,,,,,,,,,,,,,,,,,,,,,,,,
901,2025,AUSTRALIAN OPEN,GC,2025-01-12,2025-01-26,Hard,MELBOURNE,AUSTRALIA,128,43608375,USD,LS57032267,2025-01-12,1,Suzan Lamens,Veronika Erjavec,NLD,SVN,,,,5-7,6-7(2),O,AUSTRALIAN OPEN,"Australian Open - Melbourne, AUS",2025.0,Suzan Lamens,Veronika Erjavec,,,,,,,,,,,,,,,,,,,,,,,,,,,,,,,,,,,,,,,,,,,,,,,,,,,,,,,,,,,,,,,,,,,,,,,,,,,,,,,,,,,,,,,,,,,,,,,,,,,,,,,,,,,,,,,,,,,,,,,,,,,,,,,,,,,,,,,,,,,,,,,,,,,,,,,,,,,,,,,,,,,,,,,,,,,,,,,,,,,,,,,
901,2025,AUSTRALIAN OPEN,GC,2025-01-12,2025-01-26,Hard,MELBOURNE,AUSTRALIA,128,43608375,USD,RS57001327,2025-01-09,,Polina Kudermetova,Elena Micic,UZB,AUS,6.0,,,6-4,7-5,O,AUSTRALIAN OPEN,"Australian Open - Melbourne, AUS",2025.0,Polina Kudermetova,Elena Micic,,,,,,,,,,,,,,,,,,,,,,,,,,,,,,,,,,,,,,,,,,,,,,,,,,,,,,,,,,,,,,,,,,,,,,,,,,,,,,,,,,,,,,,,,,,,,,,,,,,,,,,,,,,,,,,,,,,,,,,,,,,,,,,,,,,,,,,,,,,,,,,,,,,,,,,,,,,,,,,,,,,,,,,,,,,,,,,,,,,,,,,
901,2025,AUSTRALIAN OPEN,GC,2025-01-12,2025-01-26,Hard,MELBOURNE,AUSTRALIA,128,43608375,USD,RS57001843,2025-01-09,,Veronika Erjavec,Petra Martic,SVN,HRV,,16.0,,2-6,1-6,O,AUSTRALIAN OPEN,"Australian Open - Melbourne, AUS",2025.0,Veronika Erjavec,Petra Martic,,,,,,,,,,,,,,,,,,,,,,,,,,,,,,,,,,,,,,,,,,,,,,,,,,,,,,,,,,,,,,,,,,,,,,,,,,,,,,,,,,,,,,,,,,,,,,,,,,,,,,,,,,,,,,,,,,,,,,,,,,,,,,,,,,,,,,,,,,,,,,,,,,,,,,,,,,,,,,,,,,,,,,,,,,,,,,,,,,,,,,,
901,2025,AUSTRALIAN OPEN,GC,2025-01-12,2025-01-26,Hard,MELBOURNE,AUSTRALIA,128,43608375,USD,RS57004113,2025-01-09,,Sara Bejlek,Jil Teichmann,CZE,CHE,,26.0,,7-5,6-3,O,AUSTRALIAN OPEN,"Australian Open - Melbourne, AUS",2025.0,Sara Bejlek,Jil Teichmann,,,,,,,,,,,,,,,,,,,,,,,,,,,,,,,,,,,,,,,,,,,,,,,,,,,,,,,,,,,,,,,,,,,,,,,,,,,,,,,,,,,,,,,,,,,,,,,,,,,,,,,,,,,,,,,,,,,,,,,,,,,,,,,,,,,,,,,,,,,,,,,,,,,,,,,,,,,,,,,,,,,,,,,,,,,,,,,,,,,,,,,
901,2025,AUSTRALIAN OPEN,GC,2025-01-12,2025-01-26,Hard,MELBOURNE,AUSTRALIA,128,43608375,USD,RS56996017,2025-01-09,,Kimberly Birrell,Oksana Selekhmeteva,AUS,,9.0,,,6-3,6-7(4),O,AUSTRALIAN OPEN,"Australian Open - Melbourne, AUS",2025.0,Kimberly Birrell,Oksana Selekhmeteva,,,,,,,,,,,,,,,,,,,,,,,,,,,,,,,,,,,,,,,,,,,,,,,,,,,,,,,,,,,,,,,,,,,,,,,,,,,,,,,,,,,,,,,,,,,,,,,,,,,,,,,,,,,,,,,,,,,,,,,,,,,,,,,,,,,,,,,,,,,,,,,,,,,,,,,,,,,,,,,,,,,,,,,,,,,,,,,,,,,,,,,
901,2025,AUSTRALIAN OPEN,GC,2025-01-12,2025-01-26,Hard,MELBOURNE,AUSTRALIA,128,43608375,USD,RS56996719,2025-01-09,,Maja Chwalinska,Brenda Fruhvirtova,POL,CZE,20.0,,,3-6,4-6,O,AUSTRALIAN OPEN,"Australian Open - Melbourne, AUS",2025.0,Maja Chwalinska,Brenda Fruhvirtova,,,,,,,,,,,,,,,,,,,,,,,,,,,,,,,,,,,,,,,,,,,,,,,,,,,,,,,,,,,,,,,,,,,,,,,,,,,,,,,,,,,,,,,,,,,,,,,,,,,,,,,,,,,,,,,,,,,,,,,,,,,,,,,,,,,,,,,,,,,,,,,,,,,,,,,,,,,,,,,,,,,,,,,,,,,,,,,,,,,,,,,
901,2025,AUSTRALIAN OPEN,GC,2025-01-12,2025-01-26,Hard,MELBOURNE,AUSTRALIA,128,43608375,USD,RS56997125,2025-01-09,,Sijia Wei,Nina Stojanovic,CHN,SRB,25.0,,,6-4,4-6,O,AUSTRALIAN OPEN,"Australian Open - Melbourne, AUS",2025.0,Sijia Wei,Nina Stojanovic,,,,,,,,,,,,,,,,,,,,,,,,,,,,,,,,,,,,,,,,,,,,,,,,,,,,,,,,,,,,,,,,,,,,,,,,,,,,,,,,,,,,,,,,,,,,,,,,,,,,,,,,,,,,,,,,,,,,,,,,,,,,,,,,,,,,,,,,,,,,,,,,,,,,,,,,,,,,,,,,,,,,,,,,,,,,,,,,,,,,,,,
901,2025,AUSTRALIAN OPEN,GC,2025-01-12,2025-01-26,Hard,MELBOURNE,AUSTRALIA,128,43608375,USD,RS57001979,2025-01-09,,Viktorija Golubic,Sachia Vickery,CHE,USA,2.0,,,6-2,6-4,O,AUSTRALIAN OPEN,"Australian Open - Melbourne, AUS",2025.0,Viktorija Golubic,Sachia Vickery,,,,,,,,,,,,,,,,,,,,,,,,,,,,,,,,,,,,,,,,,,,,,,,,,,,,,,,,,,,,,,,,,,,,,,,,,,,,,,,,,,,,,,,,,,,,,,,,,,,,,,,,,,,,,,,,,,,,,,,,,,,,,,,,,,,,,,,,,,,,,,,,,,,,,,,,,,,,,,,,,,,,,,,,,,,,,,,,,,,,,,,
901,2025,AUSTRALIAN OPEN,GC,2025-01-12,2025-01-26,Hard,MELBOURNE,AUSTRALIA,128,43608375,USD,RS56992687,2025-01-09,,Destanee Aiava,Eva Lys,AUS,DEU,,23.0,,6-1,2-6,O,AUSTRALIAN OPEN,"Australian Open - Melbourne, AUS",2025.0,Destanee Aiava,Eva Lys,,,,,,,,,,,,,,,,,,,,,,,,,,,,,,,,,,,,,,,,,,,,,,,,,,,,,,,,,,,,,,,,,,,,,,,,,,,,,,,,,,,,,,,,,,,,,,,,,,,,,,,,,,,,,,,,,,,,,,,,,,,,,,,,,,,,,,,,,,,,,,,,,,,,,,,,,,,,,,,,,,,,,,,,,,,,,,,,,,,,,,,
901,2025,AUSTRALIAN OPEN,GC,2025-01-12,2025-01-26,Hard,MELBOURNE,AUSTRALIA,128,43608375,USD,RS56989821,2025-01-09,,Julia Riera,Maddison Inglis,ARG,AUS,19.0,,,6-4,1-6,O,AUSTRALIAN OPEN,"Australian Open - Melbourne, AUS",2025.0,Julia Riera,Maddison Inglis,,,,,,,,,,,,,,,,,,,,,,,,,,,,,,,,,,,,,,,,,,,,,,,,,,,,,,,,,,,,,,,,,,,,,,,,,,,,,,,,,,,,,,,,,,,,,,,,,,,,,,,,,,,,,,,,,,,,,,,,,,,,,,,,,,,,,,,,,,,,,,,,,,,,,,,,,,,,,,,,,,,,,,,,,,,,,,,,,,,,,,,
901,2025,AUSTRALIAN OPEN,GC,2025-01-12,2025-01-26,Hard,MELBOURNE,AUSTRALIA,128,43608375,USD,RS56989965,2025-01-09,,Elena-Gabriela Ruse,Emina Bektas,ROU,USA,15.0,,,6-2,7-5,O,AUSTRALIAN OPEN,"Australian Open - Melbourne, AUS",2025.0,Elena-Gabriela Ruse,Emina Bektas,,,,,,,,,,,,,,,,,,,,,,,,,,,,,,,,,,,,,,,,,,,,,,,,,,,,,,,,,,,,,,,,,,,,,,,,,,,,,,,,,,,,,,,,,,,,,,,,,,,,,,,,,,,,,,,,,,,,,,,,,,,,,,,,,,,,,,,,,,,,,,,,,,,,,,,,,,,,,,,,,,,,,,,,,,,,,,,,,,,,,,,
901,2025,AUSTRALIAN OPEN,GC,2025-01-12,2025-01-26,Hard,MELBOURNE,AUSTRALIA,128,43608375,USD,RS56989963,2025-01-09,,Nao Hibino,Harriet Dart,JPN,GBR,,3.0,,4-6,5-7,O,AUSTRALIAN OPEN,"Australian Open - Melbourne, AUS",2025.0,Nao Hibino,Harriet Dart,,,,,,,,,,,,,,,,,,,,,,,,,,,,,,,,,,,,,,,,,,,,,,,,,,,,,,,,,,,,,,,,,,,,,,,,,,,,,,,,,,,,,,,,,,,,,,,,,,,,,,,,,,,,,,,,,,,,,,,,,,,,,,,,,,,,,,,,,,,,,,,,,,,,,,,,,,,,,,,,,,,,,,,,,,,,,,,,,,,,,,,
901,2025,AUSTRALIAN OPEN,GC,2025-01-12,2025-01-26,Hard,MELBOURNE,AUSTRALIA,128,43608375,USD,RS56989817,2025-01-09,,Tamara Zidansek,Carole Monnet,SVN,FRA,,,,3-6,7-5,O,AUSTRALIAN OPEN,"Australian Open - Melbourne, AUS",2025.0,Tamara Zidansek,Carole Monnet,,,,,,,,,,,,,,,,,,,,,,,,,,,,,,,,,,,,,,,,,,,,,,,,,,,,,,,,,,,,,,,,,,,,,,,,,,,,,,,,,,,,,,,,,,,,,,,,,,,,,,,,,,,,,,,,,,,,,,,,,,,,,,,,,,,,,,,,,,,,,,,,,,,,,,,,,,,,,,,,,,,,,,,,,,,,,,,,,,,,,,,
901,2025,AUSTRALIAN OPEN,GC,2025-01-12,2025-01-26,Hard,MELBOURNE,AUSTRALIA,128,43608375,USD,RS56988781,2025-01-09,,Daria Snigur,Rebeka Masarova,UKR,CHE,30.0,,,5-7,2-6,O,AUSTRALIAN OPEN,"Australian Open - Melbourne, AUS",2025.0,Daria Snigur,Rebeka Masarova,,,,,,,,,,,,,,,,,,,,,,,,,,,,,,,,,,,,,,,,,,,,,,,,,,,,,,,,,,,,,,,,,,,,,,,,,,,,,,,,,,,,,,,,,,,,,,,,,,,,,,,,,,,,,,,,,,,,,,,,,,,,,,,,,,,,,,,,,,,,,,,,,,,,,,,,,,,,,,,,,,,,,,,,,,,,,,,,,,,,,,,
901,2025,AUSTRALIAN OPEN,GC,2025-01-12,2025-01-26,Hard,MELBOURNE,AUSTRALIA,128,43608375,USD,RS56988871,2025-01-09,,Jana Fett,Lucija Ciric-Bagaric,HRV,HRV,27.0,,,3-6,6-7(6),O,AUSTRALIAN OPEN,"Australian Open - Melbourne, AUS",2025.0,Jana Fett,Lucija Ciric-Bagaric,,,,,,,,,,,,,,,,,,,,,,,,,,,,,,,,,,,,,,,,,,,,,,,,,,,,,,,,,,,,,,,,,,,,,,,,,,,,,,,,,,,,,,,,,,,,,,,,,,,,,,,,,,,,,,,,,,,,,,,,,,,,,,,,,,,,,,,,,,,,,,,,,,,,,,,,,,,,,,,,,,,,,,,,,,,,,,,,,,,,,,,
901,2025,AUSTRALIAN OPEN,GC,2025-01-12,2025-01-26,Hard,MELBOURNE,AUSTRALIA,128,43608375,USD,RS56988873,2025-01-09,,Anca Alexia Todoni,Varvara Lepchenko,ROU,USA,12.0,21.0,,6-3,6-2,O,AUSTRALIAN OPEN,"Australian Open - Melbourne, AUS",2025.0,Anca Alexia Todoni,Varvara Lepchenko,,,,,,,,,,,,,,,,,,,,,,,,,,,,,,,,,,,,,,,,,,,,,,,,,,,,,,,,,,,,,,,,,,,,,,,,,,,,,,,,,,,,,,,,,,,,,,,,,,,,,,,,,,,,,,,,,,,,,,,,,,,,,,,,,,,,,,,,,,,,,,,,,,,,,,,,,,,,,,,,,,,,,,,,,,,,,,,,,,,,,,,
901,2025,AUSTRALIAN OPEN,GC,2025-01-12,2025-01-26,Hard,MELBOURNE,AUSTRALIA,128,43608375,USD,RS56988941,2025-01-09,,Leolia Jeanjean,Selena Janicijevic,FRA,FRA,,,,3-6,6-7(5),O,AUSTRALIAN OPEN,"Australian Open - Melbourne, AUS",2025.0,Leolia Jeanjean,Selena Janicijevic,,,,,,,,,,,,,,,,,,,,,,,,,,,,,,,,,,,,,,,,,,,,,,,,,,,,,,,,,,,,,,,,,,,,,,,,,,,,,,,,,,,,,,,,,,,,,,,,,,,,,,,,,,,,,,,,,,,,,,,,,,,,,,,,,,,,,,,,,,,,,,,,,,,,,,,,,,,,,,,,,,,,,,,,,,,,,,,,,,,,,,,
901,2025,AUSTRALIAN OPEN,GC,2025-01-12,2025-01-26,Hard,MELBOURNE,AUSTRALIA,128,43608375,USD,RS56981737,2025-01-08,,Jil Teichmann,Francesca Jones,CHE,GBR,26.0,,,6-4,6-7(13),O,AUSTRALIAN OPEN,"Australian Open - Melbourne, AUS",2025.0,Jil Teichmann,Francesca Jones,,,,,,,,,,,,,,,,,,,,,,,,,,,,,,,,,,,,,,,,,,,,,,,,,,,,,,,,,,,,,,,,,,,,,,,,,,,,,,,,,,,,,,,,,,,,,,,,,,,,,,,,,,,,,,,,,,,,,,,,,,,,,,,,,,,,,,,,,,,,,,,,,,,,,,,,,,,,,,,,,,,,,,,,,,,,,,,,,,,,,,,
901,2025,AUSTRALIAN OPEN,GC,2025-01-12,2025-01-26,Hard,MELBOURNE,AUSTRALIA,128,43608375,USD,RS56981485,2025-01-08,,Darya Astakhova,Elena Micic,,AUS,,,,M. Elena d A. Darya,,O,AUSTRALIAN OPEN,"Australian Open - Melbourne, AUS",2025.0,Darya Astakhova,Elena Micic,,,,,,,,,,,,,,,,,,,,,,,,,,,,,,,,,,,,,,,,,,,,,,,,,,,,,,,,,,,,,,,,,,,,,,,,,,,,,,,,,,,,,,,,,,,,,,,,,,,,,,,,,,,,,,,,,,,,,,,,,,,,,,,,,,,,,,,,,,,,,,,,,,,,,,,,,,,,,,,,,,,,,,,,,,,,,,,,,,,,,,,
901,2025,AUSTRALIAN OPEN,GC,2025-01-12,2025-01-26,Hard,MELBOURNE,AUSTRALIA,128,43608375,USD,RS56976947,2025-01-08,,Viktorija Golubic,Laura Pigossi,CHE,BRA,2.0,,,6-2,6-2,O,AUSTRALIAN OPEN,"Australian Open - Melbourne, AUS",2025.0,Viktorija Golubic,Laura Pigossi,,,,,,,,,,,,,,,,,,,,,,,,,,,,,,,,,,,,,,,,,,,,,,,,,,,,,,,,,,,,,,,,,,,,,,,,,,,,,,,,,,,,,,,,,,,,,,,,,,,,,,,,,,,,,,,,,,,,,,,,,,,,,,,,,,,,,,,,,,,,,,,,,,,,,,,,,,,,,,,,,,,,,,,,,,,,,,,,,,,,,,,
901,2025,AUSTRALIAN OPEN,GC,2025-01-12,2025-01-26,Hard,MELBOURNE,AUSTRALIA,128,43608375,USD,RS56974751,2025-01-08,,Sayaka Ishii,Sachia Vickery,JPN,USA,,,,7-6(2),6-4,O,AUSTRALIAN OPEN,"Australian Open - Melbourne, AUS",2025.0,Sayaka Ishii,Sachia Vickery,,,,,,,,,,,,,,,,,,,,,,,,,,,,,,,,,,,,,,,,,,,,,,,,,,,,,,,,,,,,,,,,,,,,,,,,,,,,,,,,,,,,,,,,,,,,,,,,,,,,,,,,,,,,,,,,,,,,,,,,,,,,,,,,,,,,,,,,,,,,,,,,,,,,,,,,,,,,,,,,,,,,,,,,,,,,,,,,,,,,,,,
901,2025,AUSTRALIAN OPEN,GC,2025-01-12,2025-01-26,Hard,MELBOURNE,AUSTRALIA,128,43608375,USD,RS56977317,2025-01-08,,Polina Kudermetova,Kristina Mladenovic,UZB,FRA,6.0,,,7-5,6-4,O,AUSTRALIAN OPEN,"Australian Open - Melbourne, AUS",2025.0,Polina Kudermetova,Kristina Mladenovic,,,,,,,,,,,,,,,,,,,,,,,,,,,,,,,,,,,,,,,,,,,,,,,,,,,,,,,,,,,,,,,,,,,,,,,,,,,,,,,,,,,,,,,,,,,,,,,,,,,,,,,,,,,,,,,,,,,,,,,,,,,,,,,,,,,,,,,,,,,,,,,,,,,,,,,,,,,,,,,,,,,,,,,,,,,,,,,,,,,,,,,
901,2025,AUSTRALIAN OPEN,GC,2025-01-12,2025-01-26,Hard,MELBOURNE,AUSTRALIA,128,43608375,USD,RS56981587,2025-01-08,,Sara Bejlek,Anastasia Zakharova,CZE,,,8.0,,4-6,4-6,O,AUSTRALIAN OPEN,"Australian Open - Melbourne, AUS",2025.0,Sara Bejlek,Anastasia Zakharova,,,,,,,,,,,,,,,,,,,,,,,,,,,,,,,,,,,,,,,,,,,,,,,,,,,,,,,,,,,,,,,,,,,,,,,,,,,,,,,,,,,,,,,,,,,,,,,,,,,,,,,,,,,,,,,,,,,,,,,,,,,,,,,,,,,,,,,,,,,,,,,,,,,,,,,,,,,,,,,,,,,,,,,,,,,,,,,,,,,,,,,
901,2025,AUSTRALIAN OPEN,GC,2025-01-12,2025-01-26,Hard,MELBOURNE,AUSTRALIA,128,43608375,USD,RS56978091,2025-01-08,,Veronika Erjavec,Mananchaya Sawangkaew,SVN,THA,,22.0,,6-2,6-3,O,AUSTRALIAN OPEN,"Australian Open - Melbourne, AUS",2025.0,Veronika Erjavec,Mananchaya Sawangkaew,,,,,,,,,,,,,,,,,,,,,,,,,,,,,,,,,,,,,,,,,,,,,,,,,,,,,,,,,,,,,,,,,,,,,,,,,,,,,,,,,,,,,,,,,,,,,,,,,,,,,,,,,,,,,,,,,,,,,,,,,,,,,,,,,,,,,,,,,,,,,,,,,,,,,,,,,,,,,,,,,,,,,,,,,,,,,,,,,,,,,,,
901,2025,AUSTRALIAN OPEN,GC,2025-01-12,2025-01-26,Hard,MELBOURNE,AUSTRALIA,128,43608375,USD,RS56980153,2025-01-08,,Xinyu Gao,Petra Martic,CHN,HRV,,16.0,,3-6,7-6(5),O,AUSTRALIAN OPEN,"Australian Open - Melbourne, AUS",2025.0,Xinyu Gao,Petra Martic,,,,,,,,,,,,,,,,,,,,,,,,,,,,,,,,,,,,,,,,,,,,,,,,,,,,,,,,,,,,,,,,,,,,,,,,,,,,,,,,,,,,,,,,,,,,,,,,,,,,,,,,,,,,,,,,,,,,,,,,,,,,,,,,,,,,,,,,,,,,,,,,,,,,,,,,,,,,,,,,,,,,,,,,,,,,,,,,,,,,,,,
901,2025,AUSTRALIAN OPEN,GC,2025-01-12,2025-01-26,Hard,MELBOURNE,AUSTRALIA,128,43608375,USD,RS56976945,2025-01-08,,Brenda Fruhvirtova,Sara Errani,CZE,ITA,,4.0,,0-6,2-6,O,AUSTRALIAN OPEN,"Australian Open - Melbourne, AUS",2025.0,Brenda Fruhvirtova,Sara Errani,,,,,,,,,,,,,,,,,,,,,,,,,,,,,,,,,,,,,,,,,,,,,,,,,,,,,,,,,,,,,,,,,,,,,,,,,,,,,,,,,,,,,,,,,,,,,,,,,,,,,,,,,,,,,,,,,,,,,,,,,,,,,,,,,,,,,,,,,,,,,,,,,,,,,,,,,,,,,,,,,,,,,,,,,,,,,,,,,,,,,,,
901,2025,AUSTRALIAN OPEN,GC,2025-01-12,2025-01-26,Hard,MELBOURNE,AUSTRALIA,128,43608375,USD,RS56969715,2025-01-08,,Nina Stojanovic,Robin Montgomery,SRB,USA,,11.0,,4-6,7-6(5),O,AUSTRALIAN OPEN,"Australian Open - Melbourne, AUS",2025.0,Nina Stojanovic,Robin Montgomery,,,,,,,,,,,,,,,,,,,,,,,,,,,,,,,,,,,,,,,,,,,,,,,,,,,,,,,,,,,,,,,,,,,,,,,,,,,,,,,,,,,,,,,,,,,,,,,,,,,,,,,,,,,,,,,,,,,,,,,,,,,,,,,,,,,,,,,,,,,,,,,,,,,,,,,,,,,,,,,,,,,,,,,,,,,,,,,,,,,,,,,
901,2025,AUSTRALIAN OPEN,GC,2025-01-12,2025-01-26,Hard,MELBOURNE,AUSTRALIA,128,43608375,USD,RS56981395,2025-01-08,,Maja Chwalinska,Marie Benoit,POL,BEL,20.0,,,1-6,6-3,O,AUSTRALIAN OPEN,"Australian Open - Melbourne, AUS",2025.0,Maja Chwalinska,Marie Benoit,,,,,,,,,,,,,,,,,,,,,,,,,,,,,,,,,,,,,,,,,,,,,,,,,,,,,,,,,,,,,,,,,,,,,,,,,,,,,,,,,,,,,,,,,,,,,,,,,,,,,,,,,,,,,,,,,,,,,,,,,,,,,,,,,,,,,,,,,,,,,,,,,,,,,,,,,,,,,,,,,,,,,,,,,,,,,,,,,,,,,,,
901,2025,AUSTRALIAN OPEN,GC,2025-01-12,2025-01-26,Hard,MELBOURNE,AUSTRALIA,128,43608375,USD,RS56955841,2025-01-08,,Destanee Aiava,Panna Udvardy,AUS,HUN,,,,6-4,6-1,O,AUSTRALIAN OPEN,"Australian Open - Melbourne, AUS",2025.0,Destanee Aiava,Panna Udvardy,,,,,,,,,,,,,,,,,,,,,,,,,,,,,,,,,,,,,,,,,,,,,,,,,,,,,,,,,,,,,,,,,,,,,,,,,,,,,,,,,,,,,,,,,,,,,,,,,,,,,,,,,,,,,,,,,,,,,,,,,,,,,,,,,,,,,,,,,,,,,,,,,,,,,,,,,,,,,,,,,,,,,,,,,,,,,,,,,,,,,,,
901,2025,AUSTRALIAN OPEN,GC,2025-01-12,2025-01-26,Hard,MELBOURNE,AUSTRALIA,128,43608375,USD,RS56970105,2025-01-08,,Sijia Wei,Tamara Korpatsch,CHN,DEU,25.0,,,3-6,3-6,O,AUSTRALIAN OPEN,"Australian Open - Melbourne, AUS",2025.0,Sijia Wei,Tamara Korpatsch,,,,,,,,,,,,,,,,,,,,,,,,,,,,,,,,,,,,,,,,,,,,,,,,,,,,,,,,,,,,,,,,,,,,,,,,,,,,,,,,,,,,,,,,,,,,,,,,,,,,,,,,,,,,,,,,,,,,,,,,,,,,,,,,,,,,,,,,,,,,,,,,,,,,,,,,,,,,,,,,,,,,,,,,,,,,,,,,,,,,,,,
901,2025,AUSTRALIAN OPEN,GC,2025-01-12,2025-01-26,Hard,MELBOURNE,AUSTRALIA,128,43608375,USD,RS56970051,2025-01-08,,Kimberly Birrell,Priscilla Hon,AUS,AUS,9.0,,,6-4,3-6,O,AUSTRALIAN OPEN,"Australian Open - Melbourne, AUS",2025.0,Kimberly Birrell,Priscilla Hon,,,,,,,,,,,,,,,,,,,,,,,,,,,,,,,,,,,,,,,,,,,,,,,,,,,,,,,,,,,,,,,,,,,,,,,,,,,,,,,,,,,,,,,,,,,,,,,,,,,,,,,,,,,,,,,,,,,,,,,,,,,,,,,,,,,,,,,,,,,,,,,,,,,,,,,,,,,,,,,,,,,,,,,,,,,,,,,,,,,,,,,
901,2025,AUSTRALIAN OPEN,GC,2025-01-12,2025-01-26,Hard,MELBOURNE,AUSTRALIA,128,43608375,USD,RS56970053,2025-01-08,,Oksana Selekhmeteva,Astra Sharma,,AUS,,,,3-6,6-2,O,AUSTRALIAN OPEN,"Australian Open - Melbourne, AUS",2025.0,Oksana Selekhmeteva,Astra Sharma,,,,,,,,,,,,,,,,,,,,,,,,,,,,,,,,,,,,,,,,,,,,,,,,,,,,,,,,,,,,,,,,,,,,,,,,,,,,,,,,,,,,,,,,,,,,,,,,,,,,,,,,,,,,,,,,,,,,,,,,,,,,,,,,,,,,,,,,,,,,,,,,,,,,,,,,,,,,,,,,,,,,,,,,,,,,,,,,,,,,,,,
901,2025,AUSTRALIAN OPEN,GC,2025-01-12,2025-01-26,Hard,MELBOURNE,AUSTRALIA,128,43608375,USD,RS56970055,2025-01-08,,Eva Lys,Arina Rodionova,DEU,AUS,23.0,,,5-7,4-6,O,AUSTRALIAN OPEN,"Australian Open - Melbourne, AUS",2025.0,Eva Lys,Arina Rodionova,,,,,,,,,,,,,,,,,,,,,,,,,,,,,,,,,,,,,,,,,,,,,,,,,,,,,,,,,,,,,,,,,,,,,,,,,,,,,,,,,,,,,,,,,,,,,,,,,,,,,,,,,,,,,,,,,,,,,,,,,,,,,,,,,,,,,,,,,,,,,,,,,,,,,,,,,,,,,,,,,,,,,,,,,,,,,,,,,,,,,,,
901,2025,AUSTRALIAN OPEN,GC,2025-01-12,2025-01-26,Hard,MELBOURNE,AUSTRALIA,128,43608375,USD,RS56955769,2025-01-08,,Nao Hibino,Ekaterina Makarova,JPN,,,,,3-6,7-6(4),O,AUSTRALIAN OPEN,"Australian Open - Melbourne, AUS",2025.0,Nao Hibino,Ekaterina Makarova,,,,,,,,,,,,,,,,,,,,,,,,,,,,,,,,,,,,,,,,,,,,,,,,,,,,,,,,,,,,,,,,,,,,,,,,,,,,,,,,,,,,,,,,,,,,,,,,,,,,,,,,,,,,,,,,,,,,,,,,,,,,,,,,,,,,,,,,,,,,,,,,,,,,,,,,,,,,,,,,,,,,,,,,,,,,,,,,,,,,,,,
901,2025,AUSTRALIAN OPEN,GC,2025-01-12,2025-01-26,Hard,MELBOURNE,AUSTRALIA,128,43608375,USD,RS56958663,2025-01-08,,Maria Timofeeva,Emina Bektas,,USA,29.0,,,7-6(5),3-6,O,AUSTRALIAN OPEN,"Australian Open - Melbourne, AUS",2025.0,Maria Timofeeva,Emina Bektas,,,,,,,,,,,,,,,,,,,,,,,,,,,,,,,,,,,,,,,,,,,,,,,,,,,,,,,,,,,,,,,,,,,,,,,,,,,,,,,,,,,,,,,,,,,,,,,,,,,,,,,,,,,,,,,,,,,,,,,,,,,,,,,,,,,,,,,,,,,,,,,,,,,,,,,,,,,,,,,,,,,,,,,,,,,,,,,,,,,,,,,
901,2025,AUSTRALIAN OPEN,GC,2025-01-12,2025-01-26,Hard,MELBOURNE,AUSTRALIA,128,43608375,USD,RS56968435,2025-01-08,,Maddison Inglis,Sara Sorribes Tormo,AUS,ESP,,5.0,,6-4,3-6,O,AUSTRALIAN OPEN,"Australian Open - Melbourne, AUS",2025.0,Maddison Inglis,Sara Sorribes Tormo,,,,,,,,,,,,,,,,,,,,,,,,,,,,,,,,,,,,,,,,,,,,,,,,,,,,,,,,,,,,,,,,,,,,,,,,,,,,,,,,,,,,,,,,,,,,,,,,,,,,,,,,,,,,,,,,,,,,,,,,,,,,,,,,,,,,,,,,,,,,,,,,,,,,,,,,,,,,,,,,,,,,,,,,,,,,,,,,,,,,,,,
901,2025,AUSTRALIAN OPEN,GC,2025-01-12,2025-01-26,Hard,MELBOURNE,AUSTRALIA,128,43608375,USD,RS56950353,2025-01-08,,Harriet Dart,Taylah Preston,GBR,AUS,3.0,,,6-7(7),6-1,O,AUSTRALIAN OPEN,"Australian Open - Melbourne, AUS",2025.0,Harriet Dart,Taylah Preston,,,,,,,,,,,,,,,,,,,,,,,,,,,,,,,,,,,,,,,,,,,,,,,,,,,,,,,,,,,,,,,,,,,,,,,,,,,,,,,,,,,,,,,,,,,,,,,,,,,,,,,,,,,,,,,,,,,,,,,,,,,,,,,,,,,,,,,,,,,,,,,,,,,,,,,,,,,,,,,,,,,,,,,,,,,,,,,,,,,,,,,
901,2025,AUSTRALIAN OPEN,GC,2025-01-12,2025-01-26,Hard,MELBOURNE,AUSTRALIA,128,43608375,USD,RS56968437,2025-01-08,,Renata Jamrichova,Carole Monnet,SVK,FRA,,,,7-6(2),6-1,O,AUSTRALIAN OPEN,"Australian Open - Melbourne, AUS",2025.0,Renata Jamrichova,Carole Monnet,,,,,,,,,,,,,,,,,,,,,,,,,,,,,,,,,,,,,,,,,,,,,,,,,,,,,,,,,,,,,,,,,,,,,,,,,,,,,,,,,,,,,,,,,,,,,,,,,,,,,,,,,,,,,,,,,,,,,,,,,,,,,,,,,,,,,,,,,,,,,,,,,,,,,,,,,,,,,,,,,,,,,,,,,,,,,,,,,,,,,,,
901,2025,AUSTRALIAN OPEN,GC,2025-01-12,2025-01-26,Hard,MELBOURNE,AUSTRALIA,128,43608375,USD,RS56957013,2025-01-08,,Julia Riera,Miriam Bianca Bulgaru,ARG,ROU,19.0,,,4-6,4-6,O,AUSTRALIAN OPEN,"Australian Open - Melbourne, AUS",2025.0,Julia Riera,Miriam Bianca Bulgaru,,,,,,,,,,,,,,,,,,,,,,,,,,,,,,,,,,,,,,,,,,,,,,,,,,,,,,,,,,,,,,,,,,,,,,,,,,,,,,,,,,,,,,,,,,,,,,,,,,,,,,,,,,,,,,,,,,,,,,,,,,,,,,,,,,,,,,,,,,,,,,,,,,,,,,,,,,,,,,,,,,,,,,,,,,,,,,,,,,,,,,,
901,2025,AUSTRALIAN OPEN,GC,2025-01-12,2025-01-26,Hard,MELBOURNE,AUSTRALIA,128,43608375,USD,RS56952853,2025-01-08,,Elena-Gabriela Ruse,Anna-Lena Friedsam,ROU,DEU,15.0,,,3-6,6-3,O,AUSTRALIAN OPEN,"Australian Open - Melbourne, AUS",2025.0,Elena-Gabriela Ruse,Anna-Lena Friedsam,,,,,,,,,,,,,,,,,,,,,,,,,,,,,,,,,,,,,,,,,,,,,,,,,,,,,,,,,,,,,,,,,,,,,,,,,,,,,,,,,,,,,,,,,,,,,,,,,,,,,,,,,,,,,,,,,,,,,,,,,,,,,,,,,,,,,,,,,,,,,,,,,,,,,,,,,,,,,,,,,,,,,,,,,,,,,,,,,,,,,,,
901,2025,AUSTRALIAN OPEN,GC,2025-01-12,2025-01-26,Hard,MELBOURNE,AUSTRALIA,128,43608375,USD,RS56956827,2025-01-08,,Tamara Zidansek,Raluca Georgiana Serban,SVN,CYP,,,,6-2,6-2,O,AUSTRALIAN OPEN,"Australian Open - Melbourne, AUS",2025.0,Tamara Zidansek,Raluca Georgiana Serban,,,,,,,,,,,,,,,,,,,,,,,,,,,,,,,,,,,,,,,,,,,,,,,,,,,,,,,,,,,,,,,,,,,,,,,,,,,,,,,,,,,,,,,,,,,,,,,,,,,,,,,,,,,,,,,,,,,,,,,,,,,,,,,,,,,,,,,,,,,,,,,,,,,,,,,,,,,,,,,,,,,,,,,,,,,,,,,,,,,,,,,
901,2025,AUSTRALIAN OPEN,GC,2025-01-12,2025-01-26,Hard,MELBOURNE,AUSTRALIA,128,43608375,USD,RS56952849,2025-01-07,,Anca Alexia Todoni,Leyre Romero Gormaz,ROU,ESP,12.0,,,6-3,6-2,O,AUSTRALIAN OPEN,"Australian Open - Melbourne, AUS",2025.0,Anca Alexia Todoni,Leyre Romero Gormaz,,,,,,,,,,,,,,,,,,,,,,,,,,,,,,,,,,,,,,,,,,,,,,,,,,,,,,,,,,,,,,,,,,,,,,,,,,,,,,,,,,,,,,,,,,,,,,,,,,,,,,,,,,,,,,,,,,,,,,,,,,,,,,,,,,,,,,,,,,,,,,,,,,,,,,,,,,,,,,,,,,,,,,,,,,,,,,,,,,,,,,,
901,2025,AUSTRALIAN OPEN,GC,2025-01-12,2025-01-26,Hard,MELBOURNE,AUSTRALIA,128,43608375,USD,RS56952851,2025-01-07,,Varvara Lepchenko,Heather Watson,USA,GBR,21.0,,,6-3,3-6,O,AUSTRALIAN OPEN,"Australian Open - Melbourne, AUS",2025.0,Varvara Lepchenko,Heather Watson,,,,,,,,,,,,,,,,,,,,,,,,,,,,,,,,,,,,,,,,,,,,,,,,,,,,,,,,,,,,,,,,,,,,,,,,,,,,,,,,,,,,,,,,,,,,,,,,,,,,,,,,,,,,,,,,,,,,,,,,,,,,,,,,,,,,,,,,,,,,,,,,,,,,,,,,,,,,,,,,,,,,,,,,,,,,,,,,,,,,,,,
901,2025,AUSTRALIAN OPEN,GC,2025-01-12,2025-01-26,Hard,MELBOURNE,AUSTRALIA,128,43608375,USD,RS56955837,2025-01-07,,Rebeka Masarova,Anna-Karolina Schmiedlova,CHE,SVK,,7.0,,4-6,5-7,O,AUSTRALIAN OPEN,"Australian Open - Melbourne, AUS",2025.0,Rebeka Masarova,Anna-Karolina Schmiedlova,,,,,,,,,,,,,,,,,,,,,,,,,,,,,,,,,,,,,,,,,,,,,,,,,,,,,,,,,,,,,,,,,,,,,,,,,,,,,,,,,,,,,,,,,,,,,,,,,,,,,,,,,,,,,,,,,,,,,,,,,,,,,,,,,,,,,,,,,,,,,,,,,,,,,,,,,,,,,,,,,,,,,,,,,,,,,,,,,,,,,,,
901,2025,AUSTRALIAN OPEN,GC,2025-01-12,2025-01-26,Hard,MELBOURNE,AUSTRALIA,128,43608375,USD,RS56955839,2025-01-07,,Daria Snigur,Barbora Palicova,UKR,CZE,30.0,,,S. Daria d P. Barbora,,O,AUSTRALIAN OPEN,"Australian Open - Melbourne, AUS",2025.0,Daria Snigur,Barbora Palicova,,,,,,,,,,,,,,,,,,,,,,,,,,,,,,,,,,,,,,,,,,,,,,,,,,,,,,,,,,,,,,,,,,,,,,,,,,,,,,,,,,,,,,,,,,,,,,,,,,,,,,,,,,,,,,,,,,,,,,,,,,,,,,,,,,,,,,,,,,,,,,,,,,,,,,,,,,,,,,,,,,,,,,,,,,,,,,,,,,,,,,,
901,2025,AUSTRALIAN OPEN,GC,2025-01-12,2025-01-26,Hard,MELBOURNE,AUSTRALIA,128,43608375,USD,RS56968431,2025-01-07,,Lucija Ciric-Bagaric,Mirjam Bjorklund,HRV,SWE,,,,2-6,6-4,O,AUSTRALIAN OPEN,"Australian Open - Melbourne, AUS",2025.0,Lucija Ciric-Bagaric,Mirjam Bjorklund,,,,,,,,,,,,,,,,,,,,,,,,,,,,,,,,,,,,,,,,,,,,,,,,,,,,,,,,,,,,,,,,,,,,,,,,,,,,,,,,,,,,,,,,,,,,,,,,,,,,,,,,,,,,,,,,,,,,,,,,,,,,,,,,,,,,,,,,,,,,,,,,,,,,,,,,,,,,,,,,,,,,,,,,,,,,,,,,,,,,,,,
901,2025,AUSTRALIAN OPEN,GC,2025-01-12,2025-01-26,Hard,MELBOURNE,AUSTRALIA,128,43608375,USD,RS56968433,2025-01-07,,Jana Fett,Sinja Kraus,HRV,AUT,27.0,,,0-6,6-7(9),O,AUSTRALIAN OPEN,"Australian Open - Melbourne, AUS",2025.0,Jana Fett,Sinja Kraus,,,,,,,,,,,,,,,,,,,,,,,,,,,,,,,,,,,,,,,,,,,,,,,,,,,,,,,,,,,,,,,,,,,,,,,,,,,,,,,,,,,,,,,,,,,,,,,,,,,,,,,,,,,,,,,,,,,,,,,,,,,,,,,,,,,,,,,,,,,,,,,,,,,,,,,,,,,,,,,,,,,,,,,,,,,,,,,,,,,,,,,
901,2025,AUSTRALIAN OPEN,GC,2025-01-12,2025-01-26,Hard,MELBOURNE,AUSTRALIA,128,43608375,USD,RS56968439,2025-01-07,,Selena Janicijevic,Mariam Bolkvadze,FRA,GEO,,,,6-4,6-2,O,AUSTRALIAN OPEN,"Australian Open - Melbourne, AUS",2025.0,Selena Janicijevic,Mariam Bolkvadze,,,,,,,,,,,,,,,,,,,,,,,,,,,,,,,,,,,,,,,,,,,,,,,,,,,,,,,,,,,,,,,,,,,,,,,,,,,,,,,,,,,,,,,,,,,,,,,,,,,,,,,,,,,,,,,,,,,,,,,,,,,,,,,,,,,,,,,,,,,,,,,,,,,,,,,,,,,,,,,,,,,,,,,,,,,,,,,,,,,,,,,
901,2025,AUSTRALIAN OPEN,GC,2025-01-12,2025-01-26,Hard,MELBOURNE,AUSTRALIA,128,43608375,USD,RS56968441,2025-01-07,,Leolia Jeanjean,Ella Seidel,FRA,DEU,,31.0,,5-7,6-4,O,AUSTRALIAN OPEN,"Australian Open - Melbourne, AUS",2025.0,Leolia Jeanjean,Ella Seidel,,,,,,,,,,,,,,,,,,,,,,,,,,,,,,,,,,,,,,,,,,,,,,,,,,,,,,,,,,,,,,,,,,,,,,,,,,,,,,,,,,,,,,,,,,,,,,,,,,,,,,,,,,,,,,,,,,,,,,,,,,,,,,,,,,,,,,,,,,,,,,,,,,,,,,,,,,,,,,,,,,,,,,,,,,,,,,,,,,,,,,,
901,2025,AUSTRALIAN OPEN,GC,2025-01-12,2025-01-26,Hard,MELBOURNE,AUSTRALIA,128,43608375,USD,RS56909305,2025-01-07,,Kyoka Okamura,Anastasia Zakharova,JPN,,,8.0,,7-6(6),6-0,O,AUSTRALIAN OPEN,"Australian Open - Melbourne, AUS",2025.0,Kyoka Okamura,Anastasia Zakharova,,,,,,,,,,,,,,,,,,,,,,,,,,,,,,,,,,,,,,,,,,,,,,,,,,,,,,,,,,,,,,,,,,,,,,,,,,,,,,,,,,,,,,,,,,,,,,,,,,,,,,,,,,,,,,,,,,,,,,,,,,,,,,,,,,,,,,,,,,,,,,,,,,,,,,,,,,,,,,,,,,,,,,,,,,,,,,,,,,,,,,,
901,2025,AUSTRALIAN OPEN,GC,2025-01-12,2025-01-26,Hard,MELBOURNE,AUSTRALIA,128,43608375,USD,RS56909299,2025-01-07,,Jil Teichmann,Han Shi,CHE,CHN,26.0,,,7-5,2-6,O,AUSTRALIAN OPEN,"Australian Open - Melbourne, AUS",2025.0,Jil Teichmann,Han Shi,,,,,,,,,,,,,,,,,,,,,,,,,,,,,,,,,,,,,,,,,,,,,,,,,,,,,,,,,,,,,,,,,,,,,,,,,,,,,,,,,,,,,,,,,,,,,,,,,,,,,,,,,,,,,,,,,,,,,,,,,,,,,,,,,,,,,,,,,,,,,,,,,,,,,,,,,,,,,,,,,,,,,,,,,,,,,,,,,,,,,,,
901,2025,AUSTRALIAN OPEN,GC,2025-01-12,2025-01-26,Hard,MELBOURNE,AUSTRALIA,128,43608375,USD,RS56909315,2025-01-07,,Darya Astakhova,Ena Shibahara,,JPN,,28.0,,1-6,6-3,O,AUSTRALIAN OPEN,"Australian Open - Melbourne, AUS",2025.0,Darya Astakhova,Ena Shibahara,,,,,,,,,,,,,,,,,,,,,,,,,,,,,,,,,,,,,,,,,,,,,,,,,,,,,,,,,,,,,,,,,,,,,,,,,,,,,,,,,,,,,,,,,,,,,,,,,,,,,,,,,,,,,,,,,,,,,,,,,,,,,,,,,,,,,,,,,,,,,,,,,,,,,,,,,,,,,,,,,,,,,,,,,,,,,,,,,,,,,,,
901,2025,AUSTRALIAN OPEN,GC,2025-01-12,2025-01-26,Hard,MELBOURNE,AUSTRALIA,128,43608375,USD,RS56909301,2025-01-07,,Francesca Jones,Linda Fruhvirtova,GBR,CZE,,,,5-7,4-6,O,AUSTRALIAN OPEN,"Australian Open - Melbourne, AUS",2025.0,Francesca Jones,Linda Fruhvirtova,,,,,,,,,,,,,,,,,,,,,,,,,,,,,,,,,,,,,,,,,,,,,,,,,,,,,,,,,,,,,,,,,,,,,,,,,,,,,,,,,,,,,,,,,,,,,,,,,,,,,,,,,,,,,,,,,,,,,,,,,,,,,,,,,,,,,,,,,,,,,,,,,,,,,,,,,,,,,,,,,,,,,,,,,,,,,,,,,,,,,,,
901,2025,AUSTRALIAN OPEN,GC,2025-01-12,2025-01-26,Hard,MELBOURNE,AUSTRALIA,128,43608375,USD,RS56909303,2025-01-07,,Sara Bejlek,Kathinka Von Deichmann,CZE,LIE,,,,6-0,3-6,O,AUSTRALIAN OPEN,"Australian Open - Melbourne, AUS",2025.0,Sara Bejlek,Kathinka Von Deichmann,,,,,,,,,,,,,,,,,,,,,,,,,,,,,,,,,,,,,,,,,,,,,,,,,,,,,,,,,,,,,,,,,,,,,,,,,,,,,,,,,,,,,,,,,,,,,,,,,,,,,,,,,,,,,,,,,,,,,,,,,,,,,,,,,,,,,,,,,,,,,,,,,,,,,,,,,,,,,,,,,,,,,,,,,,,,,,,,,,,,,,,
901,2025,AUSTRALIAN OPEN,GC,2025-01-12,2025-01-26,Hard,MELBOURNE,AUSTRALIA,128,43608375,USD,RS56909239,2025-01-07,,Xinyu Gao,Anouk Koevermans,CHN,NLD,,,,6-0,6-0,O,AUSTRALIAN OPEN,"Australian Open - Melbourne, AUS",2025.0,Xinyu Gao,Anouk Koevermans,,,,,,,,,,,,,,,,,,,,,,,,,,,,,,,,,,,,,,,,,,,,,,,,,,,,,,,,,,,,,,,,,,,,,,,,,,,,,,,,,,,,,,,,,,,,,,,,,,,,,,,,,,,,,,,,,,,,,,,,,,,,,,,,,,,,,,,,,,,,,,,,,,,,,,,,,,,,,,,,,,,,,,,,,,,,,,,,,,,,,,,
901,2025,AUSTRALIAN OPEN,GC,2025-01-12,2025-01-26,Hard,MELBOURNE,AUSTRALIA,128,43608375,USD,RS56909317,2025-01-07,,Elena Micic,Elena Pridankina,AUS,,,,,3-6,6-3,O,AUSTRALIAN OPEN,"Australian Open - Melbourne, AUS",2025.0,Elena Micic,Elena Pridankina,,,,,,,,,,,,,,,,,,,,,,,,,,,,,,,,,,,,,,,,,,,,,,,,,,,,,,,,,,,,,,,,,,,,,,,,,,,,,,,,,,,,,,,,,,,,,,,,,,,,,,,,,,,,,,,,,,,,,,,,,,,,,,,,,,,,,,,,,,,,,,,,,,,,,,,,,,,,,,,,,,,,,,,,,,,,,,,,,,,,,,,
901,2025,AUSTRALIAN OPEN,GC,2025-01-12,2025-01-26,Hard,MELBOURNE,AUSTRALIA,128,43608375,USD,RS56909331,2025-01-07,,Maja Chwalinska,Dominika Salkova,POL,CZE,20.0,,,6-7(3),7-5,O,AUSTRALIAN OPEN,"Australian Open - Melbourne, AUS",2025.0,Maja Chwalinska,Dominika Salkova,,,,,,,,,,,,,,,,,,,,,,,,,,,,,,,,,,,,,,,,,,,,,,,,,,,,,,,,,,,,,,,,,,,,,,,,,,,,,,,,,,,,,,,,,,,,,,,,,,,,,,,,,,,,,,,,,,,,,,,,,,,,,,,,,,,,,,,,,,,,,,,,,,,,,,,,,,,,,,,,,,,,,,,,,,,,,,,,,,,,,,,
901,2025,AUSTRALIAN OPEN,GC,2025-01-12,2025-01-26,Hard,MELBOURNE,AUSTRALIA,128,43608375,USD,RS56909333,2025-01-07,,Marie Benoit,Yuriko Lily Miyazaki,BEL,GBR,,,,7-5,4-6,O,AUSTRALIAN OPEN,"Australian Open - Melbourne, AUS",2025.0,Marie Benoit,Yuriko Lily Miyazaki,,,,,,,,,,,,,,,,,,,,,,,,,,,,,,,,,,,,,,,,,,,,,,,,,,,,,,,,,,,,,,,,,,,,,,,,,,,,,,,,,,,,,,,,,,,,,,,,,,,,,,,,,,,,,,,,,,,,,,,,,,,,,,,,,,,,,,,,,,,,,,,,,,,,,,,,,,,,,,,,,,,,,,,,,,,,,,,,,,,,,,,
901,2025,AUSTRALIAN OPEN,GC,2025-01-12,2025-01-26,Hard,MELBOURNE,AUSTRALIA,128,43608375,USD,RS56909235,2025-01-07,,Mananchaya Sawangkaew,Marina Bassols Ribera,THA,ESP,22.0,,,1-6,5-7,O,AUSTRALIAN OPEN,"Australian Open - Melbourne, AUS",2025.0,Mananchaya Sawangkaew,Marina Bassols Ribera,,,,,,,,,,,,,,,,,,,,,,,,,,,,,,,,,,,,,,,,,,,,,,,,,,,,,,,,,,,,,,,,,,,,,,,,,,,,,,,,,,,,,,,,,,,,,,,,,,,,,,,,,,,,,,,,,,,,,,,,,,,,,,,,,,,,,,,,,,,,,,,,,,,,,,,,,,,,,,,,,,,,,,,,,,,,,,,,,,,,,,,
901,2025,AUSTRALIAN OPEN,GC,2025-01-12,2025-01-26,Hard,MELBOURNE,AUSTRALIA,128,43608375,USD,RS56909237,2025-01-07,,Veronika Erjavec,Alana Subasic,SVN,AUS,,,,6-2,6-3,O,AUSTRALIAN OPEN,"Australian Open - Melbourne, AUS",2025.0,Veronika Erjavec,Alana Subasic,,,,,,,,,,,,,,,,,,,,,,,,,,,,,,,,,,,,,,,,,,,,,,,,,,,,,,,,,,,,,,,,,,,,,,,,,,,,,,,,,,,,,,,,,,,,,,,,,,,,,,,,,,,,,,,,,,,,,,,,,,,,,,,,,,,,,,,,,,,,,,,,,,,,,,,,,,,,,,,,,,,,,,,,,,,,,,,,,,,,,,,
901,2025,AUSTRALIAN OPEN,GC,2025-01-12,2025-01-26,Hard,MELBOURNE,AUSTRALIA,128,43608375,USD,RS56909241,2025-01-07,,Petra Hule,Petra Martic,AUS,HRV,,16.0,,6-2,7-6(6),O,AUSTRALIAN OPEN,"Australian Open - Melbourne, AUS",2025.0,Petra Hule,Petra Martic,,,,,,,,,,,,,,,,,,,,,,,,,,,,,,,,,,,,,,,,,,,,,,,,,,,,,,,,,,,,,,,,,,,,,,,,,,,,,,,,,,,,,,,,,,,,,,,,,,,,,,,,,,,,,,,,,,,,,,,,,,,,,,,,,,,,,,,,,,,,,,,,,,,,,,,,,,,,,,,,,,,,,,,,,,,,,,,,,,,,,,,
901,2025,AUSTRALIAN OPEN,GC,2025-01-12,2025-01-26,Hard,MELBOURNE,AUSTRALIA,128,43608375,USD,RS56909319,2025-01-07,,Kristina Mladenovic,Louisa Chirico,FRA,USA,,,,6-2,6-4,O,AUSTRALIAN OPEN,"Australian Open - Melbourne, AUS",2025.0,Kristina Mladenovic,Louisa Chirico,,,,,,,,,,,,,,,,,,,,,,,,,,,,,,,,,,,,,,,,,,,,,,,,,,,,,,,,,,,,,,,,,,,,,,,,,,,,,,,,,,,,,,,,,,,,,,,,,,,,,,,,,,,,,,,,,,,,,,,,,,,,,,,,,,,,,,,,,,,,,,,,,,,,,,,,,,,,,,,,,,,,,,,,,,,,,,,,,,,,,,,
901,2025,AUSTRALIAN OPEN,GC,2025-01-12,2025-01-26,Hard,MELBOURNE,AUSTRALIA,128,43608375,USD,RS56909335,2025-01-07,,Brenda Fruhvirtova,Ysaline Bonaventure,CZE,BEL,,,,6-4,6-2,O,AUSTRALIAN OPEN,"Australian Open - Melbourne, AUS",2025.0,Brenda Fruhvirtova,Ysaline Bonaventure,,,,,,,,,,,,,,,,,,,,,,,,,,,,,,,,,,,,,,,,,,,,,,,,,,,,,,,,,,,,,,,,,,,,,,,,,,,,,,,,,,,,,,,,,,,,,,,,,,,,,,,,,,,,,,,,,,,,,,,,,,,,,,,,,,,,,,,,,,,,,,,,,,,,,,,,,,,,,,,,,,,,,,,,,,,,,,,,,,,,,,,
901,2025,AUSTRALIAN OPEN,GC,2025-01-12,2025-01-26,Hard,MELBOURNE,AUSTRALIA,128,43608375,USD,RS56909353,2025-01-07,,Viktorija Golubic,Anastasiia Sobolieva,CHE,UKR,2.0,,,6-3,6-3,O,AUSTRALIAN OPEN,"Australian Open - Melbourne, AUS",2025.0,Viktorija Golubic,Anastasiia Sobolieva,,,,,,,,,,,,,,,,,,,,,,,,,,,,,,,,,,,,,,,,,,,,,,,,,,,,,,,,,,,,,,,,,,,,,,,,,,,,,,,,,,,,,,,,,,,,,,,,,,,,,,,,,,,,,,,,,,,,,,,,,,,,,,,,,,,,,,,,,,,,,,,,,,,,,,,,,,,,,,,,,,,,,,,,,,,,,,,,,,,,,,,
901,2025,AUSTRALIAN OPEN,GC,2025-01-12,2025-01-26,Hard,MELBOURNE,AUSTRALIA,128,43608375,USD,RS56909321,2025-01-07,,Polina Kudermetova,Susan Bandecchi,UZB,CHE,6.0,,,6-1,7-5,O,AUSTRALIAN OPEN,"Australian Open - Melbourne, AUS",2025.0,Polina Kudermetova,Susan Bandecchi,,,,,,,,,,,,,,,,,,,,,,,,,,,,,,,,,,,,,,,,,,,,,,,,,,,,,,,,,,,,,,,,,,,,,,,,,,,,,,,,,,,,,,,,,,,,,,,,,,,,,,,,,,,,,,,,,,,,,,,,,,,,,,,,,,,,,,,,,,,,,,,,,,,,,,,,,,,,,,,,,,,,,,,,,,,,,,,,,,,,,,,
901,2025,AUSTRALIAN OPEN,GC,2025-01-12,2025-01-26,Hard,MELBOURNE,AUSTRALIA,128,43608375,USD,RS56909347,2025-01-07,,Sayaka Ishii,Aoi Ito,JPN,JPN,,18.0,,6-3,6-4,O,AUSTRALIAN OPEN,"Australian Open - Melbourne, AUS",2025.0,Sayaka Ishii,Aoi Ito,,,,,,,,,,,,,,,,,,,,,,,,,,,,,,,,,,,,,,,,,,,,,,,,,,,,,,,,,,,,,,,,,,,,,,,,,,,,,,,,,,,,,,,,,,,,,,,,,,,,,,,,,,,,,,,,,,,,,,,,,,,,,,,,,,,,,,,,,,,,,,,,,,,,,,,,,,,,,,,,,,,,,,,,,,,,,,,,,,,,,,,
901,2025,AUSTRALIAN OPEN,GC,2025-01-12,2025-01-26,Hard,MELBOURNE,AUSTRALIA,128,43608375,USD,RS56909337,2025-01-07,,Sara Errani,Alina Korneeva,ITA,,4.0,,,2-6,6-3,O,AUSTRALIAN OPEN,"Australian Open - Melbourne, AUS",2025.0,Sara Errani,Alina Korneeva,,,,,,,,,,,,,,,,,,,,,,,,,,,,,,,,,,,,,,,,,,,,,,,,,,,,,,,,,,,,,,,,,,,,,,,,,,,,,,,,,,,,,,,,,,,,,,,,,,,,,,,,,,,,,,,,,,,,,,,,,,,,,,,,,,,,,,,,,,,,,,,,,,,,,,,,,,,,,,,,,,,,,,,,,,,,,,,,,,,,,,,
901,2025,AUSTRALIAN OPEN,GC,2025-01-12,2025-01-26,Hard,MELBOURNE,AUSTRALIA,128,43608375,USD,RS56909349,2025-01-07,,Ana Konjuh,Sachia Vickery,HRV,USA,,,,7-6(7),3-6,O,AUSTRALIAN OPEN,"Australian Open - Melbourne, AUS",2025.0,Ana Konjuh,Sachia Vickery,,,,,,,,,,,,,,,,,,,,,,,,,,,,,,,,,,,,,,,,,,,,,,,,,,,,,,,,,,,,,,,,,,,,,,,,,,,,,,,,,,,,,,,,,,,,,,,,,,,,,,,,,,,,,,,,,,,,,,,,,,,,,,,,,,,,,,,,,,,,,,,,,,,,,,,,,,,,,,,,,,,,,,,,,,,,,,,,,,,,,,,
901,2025,AUSTRALIAN OPEN,GC,2025-01-12,2025-01-26,Hard,MELBOURNE,AUSTRALIA,128,43608375,USD,RS56909351,2025-01-07,,Laura Pigossi,Guiomar Maristany Zuleta de Reales,BRA,ESP,,,,6-3,6-1,O,AUSTRALIAN OPEN,"Australian Open - Melbourne, AUS",2025.0,Laura Pigossi,Guiomar Maristany Zuleta de Reales,,,,,,,,,,,,,,,,,,,,,,,,,,,,,,,,,,,,,,,,,,,,,,,,,,,,,,,,,,,,,,,,,,,,,,,,,,,,,,,,,,,,,,,,,,,,,,,,,,,,,,,,,,,,,,,,,,,,,,,,,,,,,,,,,,,,,,,,,,,,,,,,,,,,,,,,,,,,,,,,,,,,,,,,,,,,,,,,,,,,,,,
901,2025,AUSTRALIAN OPEN,GC,2025-01-12,2025-01-26,Hard,MELBOURNE,AUSTRALIA,128,43608375,USD,RS56909279,2025-01-07,,Nina Stojanovic,Celine Naef,SRB,CHE,,,,4-6,3-6,O,AUSTRALIAN OPEN,"Australian Open - Melbourne, AUS",2025.0,Nina Stojanovic,Celine Naef,,,,,,,,,,,,,,,,,,,,,,,,,,,,,,,,,,,,,,,,,,,,,,,,,,,,,,,,,,,,,,,,,,,,,,,,,,,,,,,,,,,,,,,,,,,,,,,,,,,,,,,,,,,,,,,,,,,,,,,,,,,,,,,,,,,,,,,,,,,,,,,,,,,,,,,,,,,,,,,,,,,,,,,,,,,,,,,,,,,,,,,
901,2025,AUSTRALIAN OPEN,GC,2025-01-12,2025-01-26,Hard,MELBOURNE,AUSTRALIA,128,43608375,USD,RS56909285,2025-01-07,,Arina Rodionova,Aliona Falei,AUS,,,,,3-6,5-7,O,AUSTRALIAN OPEN,"Australian Open - Melbourne, AUS",2025.0,Arina Rodionova,Aliona Falei,,,,,,,,,,,,,,,,,,,,,,,,,,,,,,,,,,,,,,,,,,,,,,,,,,,,,,,,,,,,,,,,,,,,,,,,,,,,,,,,,,,,,,,,,,,,,,,,,,,,,,,,,,,,,,,,,,,,,,,,,,,,,,,,,,,,,,,,,,,,,,,,,,,,,,,,,,,,,,,,,,,,,,,,,,,,,,,,,,,,,,,
901,2025,AUSTRALIAN OPEN,GC,2025-01-12,2025-01-26,Hard,MELBOURNE,AUSTRALIA,128,43608375,USD,RS56909277,2025-01-07,,Tamara Korpatsch,Nuria Brancaccio,DEU,ITA,,,,6-2,3-6,O,AUSTRALIAN OPEN,"Australian Open - Melbourne, AUS",2025.0,Tamara Korpatsch,Nuria Brancaccio,,,,,,,,,,,,,,,,,,,,,,,,,,,,,,,,,,,,,,,,,,,,,,,,,,,,,,,,,,,,,,,,,,,,,,,,,,,,,,,,,,,,,,,,,,,,,,,,,,,,,,,,,,,,,,,,,,,,,,,,,,,,,,,,,,,,,,,,,,,,,,,,,,,,,,,,,,,,,,,,,,,,,,,,,,,,,,,,,,,,,,,
901,2025,AUSTRALIAN OPEN,GC,2025-01-12,2025-01-26,Hard,MELBOURNE,AUSTRALIA,128,43608375,USD,RS56909275,2025-01-07,,Sijia Wei,Aliaksandra Sasnovich,CHN,,25.0,,,5-7,6-4,O,AUSTRALIAN OPEN,"Australian Open - Melbourne, AUS",2025.0,Sijia Wei,Aliaksandra Sasnovich,,,,,,,,,,,,,,,,,,,,,,,,,,,,,,,,,,,,,,,,,,,,,,,,,,,,,,,,,,,,,,,,,,,,,,,,,,,,,,,,,,,,,,,,,,,,,,,,,,,,,,,,,,,,,,,,,,,,,,,,,,,,,,,,,,,,,,,,,,,,,,,,,,,,,,,,,,,,,,,,,,,,,,,,,,,,,,,,,,,,,,,
901,2025,AUSTRALIAN OPEN,GC,2025-01-12,2025-01-26,Hard,MELBOURNE,AUSTRALIA,128,43608375,USD,RS56909293,2025-01-07,,Astra Sharma,Mai Hontama,AUS,JPN,,,,6-3,3-6,O,AUSTRALIAN OPEN,"Australian Open - Melbourne, AUS",2025.0,Astra Sharma,Mai Hontama,,,,,,,,,,,,,,,,,,,,,,,,,,,,,,,,,,,,,,,,,,,,,,,,,,,,,,,,,,,,,,,,,,,,,,,,,,,,,,,,,,,,,,,,,,,,,,,,,,,,,,,,,,,,,,,,,,,,,,,,,,,,,,,,,,,,,,,,,,,,,,,,,,,,,,,,,,,,,,,,,,,,,,,,,,,,,,,,,,,,,,,
901,2025,AUSTRALIAN OPEN,GC,2025-01-12,2025-01-26,Hard,MELBOURNE,AUSTRALIA,128,43608375,USD,RS56909291,2025-01-07,,Oksana Selekhmeteva,Dalma Galfi,,HUN,,32.0,,6-4,3-6,O,AUSTRALIAN OPEN,"Australian Open - Melbourne, AUS",2025.0,Oksana Selekhmeteva,Dalma Galfi,,,,,,,,,,,,,,,,,,,,,,,,,,,,,,,,,,,,,,,,,,,,,,,,,,,,,,,,,,,,,,,,,,,,,,,,,,,,,,,,,,,,,,,,,,,,,,,,,,,,,,,,,,,,,,,,,,,,,,,,,,,,,,,,,,,,,,,,,,,,,,,,,,,,,,,,,,,,,,,,,,,,,,,,,,,,,,,,,,,,,,,
901,2025,AUSTRALIAN OPEN,GC,2025-01-12,2025-01-26,Hard,MELBOURNE,AUSTRALIA,128,43608375,USD,RS56909281,2025-01-07,,Robin Montgomery,Polona Hercog,USA,SVN,11.0,,,6-2,6-1,O,AUSTRALIAN OPEN,"Australian Open - Melbourne, AUS",2025.0,Robin Montgomery,Polona Hercog,,,,,,,,,,,,,,,,,,,,,,,,,,,,,,,,,,,,,,,,,,,,,,,,,,,,,,,,,,,,,,,,,,,,,,,,,,,,,,,,,,,,,,,,,,,,,,,,,,,,,,,,,,,,,,,,,,,,,,,,,,,,,,,,,,,,,,,,,,,,,,,,,,,,,,,,,,,,,,,,,,,,,,,,,,,,,,,,,,,,,,,
901,2025,AUSTRALIAN OPEN,GC,2025-01-12,2025-01-26,Hard,MELBOURNE,AUSTRALIA,128,43608375,USD,RS56909295,2025-01-07,,Priscilla Hon,Usue Maitane Arconada,AUS,USA,,,,3-6,7-6(5),O,AUSTRALIAN OPEN,"Australian Open - Melbourne, AUS",2025.0,Priscilla Hon,Usue Maitane Arconada,,,,,,,,,,,,,,,,,,,,,,,,,,,,,,,,,,,,,,,,,,,,,,,,,,,,,,,,,,,,,,,,,,,,,,,,,,,,,,,,,,,,,,,,,,,,,,,,,,,,,,,,,,,,,,,,,,,,,,,,,,,,,,,,,,,,,,,,,,,,,,,,,,,,,,,,,,,,,,,,,,,,,,,,,,,,,,,,,,,,,,,
901,2025,AUSTRALIAN OPEN,GC,2025-01-12,2025-01-26,Hard,MELBOURNE,AUSTRALIA,128,43608375,USD,RS56909297,2025-01-07,,Sara Saito,Kimberly Birrell,JPN,AUS,,9.0,,7-6(4),6-2,O,AUSTRALIAN OPEN,"Australian Open - Melbourne, AUS",2025.0,Sara Saito,Kimberly Birrell,,,,,,,,,,,,,,,,,,,,,,,,,,,,,,,,,,,,,,,,,,,,,,,,,,,,,,,,,,,,,,,,,,,,,,,,,,,,,,,,,,,,,,,,,,,,,,,,,,,,,,,,,,,,,,,,,,,,,,,,,,,,,,,,,,,,,,,,,,,,,,,,,,,,,,,,,,,,,,,,,,,,,,,,,,,,,,,,,,,,,,,
901,2025,AUSTRALIAN OPEN,GC,2025-01-12,2025-01-26,Hard,MELBOURNE,AUSTRALIA,128,43608375,USD,RS56909355,2025-01-07,,Jana Fett,Alexandra Eala,HRV,PHL,27.0,,,5-7,2-6,O,AUSTRALIAN OPEN,"Australian Open - Melbourne, AUS",2025.0,Jana Fett,Alexandra Eala,,,,,,,,,,,,,,,,,,,,,,,,,,,,,,,,,,,,,,,,,,,,,,,,,,,,,,,,,,,,,,,,,,,,,,,,,,,,,,,,,,,,,,,,,,,,,,,,,,,,,,,,,,,,,,,,,,,,,,,,,,,,,,,,,,,,,,,,,,,,,,,,,,,,,,,,,,,,,,,,,,,,,,,,,,,,,,,,,,,,,,,
901,2025,AUSTRALIAN OPEN,GC,2025-01-12,2025-01-26,Hard,MELBOURNE,AUSTRALIA,128,43608375,USD,RS56909357,2025-01-07,,Sinja Kraus,Viktoria Hruncakova,AUT,SVK,,,,1-6,2-6,O,AUSTRALIAN OPEN,"Australian Open - Melbourne, AUS",2025.0,Sinja Kraus,Viktoria Hruncakova,,,,,,,,,,,,,,,,,,,,,,,,,,,,,,,,,,,,,,,,,,,,,,,,,,,,,,,,,,,,,,,,,,,,,,,,,,,,,,,,,,,,,,,,,,,,,,,,,,,,,,,,,,,,,,,,,,,,,,,,,,,,,,,,,,,,,,,,,,,,,,,,,,,,,,,,,,,,,,,,,,,,,,,,,,,,,,,,,,,,,,,
901,2025,AUSTRALIAN OPEN,GC,2025-01-12,2025-01-26,Hard,MELBOURNE,AUSTRALIA,128,43608375,USD,RS56909283,2025-01-07,,Eva Lys,Hanne Vandewinkel,DEU,BEL,23.0,,,4-6,3-6,O,AUSTRALIAN OPEN,"Australian Open - Melbourne, AUS",2025.0,Eva Lys,Hanne Vandewinkel,,,,,,,,,,,,,,,,,,,,,,,,,,,,,,,,,,,,,,,,,,,,,,,,,,,,,,,,,,,,,,,,,,,,,,,,,,,,,,,,,,,,,,,,,,,,,,,,,,,,,,,,,,,,,,,,,,,,,,,,,,,,,,,,,,,,,,,,,,,,,,,,,,,,,,,,,,,,,,,,,,,,,,,,,,,,,,,,,,,,,,,
901,2025,AUSTRALIAN OPEN,GC,2025-01-12,2025-01-26,Hard,MELBOURNE,AUSTRALIA,128,43608375,USD,RS56909251,2025-01-06,,Ella Seidel,Claire Liu,DEU,USA,31.0,,,5-7,2-6,O,AUSTRALIAN OPEN,"Australian Open - Melbourne, AUS",2025.0,Ella Seidel,Claire Liu,,,,,,,,,,,,,,,,,,,,,,,,,,,,,,,,,,,,,,,,,,,,,,,,,,,,,,,,,,,,,,,,,,,,,,,,,,,,,,,,,,,,,,,,,,,,,,,,,,,,,,,,,,,,,,,,,,,,,,,,,,,,,,,,,,,,,,,,,,,,,,,,,,,,,,,,,,,,,,,,,,,,,,,,,,,,,,,,,,,,,,,
901,2025,AUSTRALIAN OPEN,GC,2025-01-12,2025-01-26,Hard,MELBOURNE,AUSTRALIA,128,43608375,USD,RS56909253,2025-01-06,,Leolia Jeanjean,Lina Glushko,FRA,ISR,,,,6-1,2-6,O,AUSTRALIAN OPEN,"Australian Open - Melbourne, AUS",2025.0,Leolia Jeanjean,Lina Glushko,,,,,,,,,,,,,,,,,,,,,,,,,,,,,,,,,,,,,,,,,,,,,,,,,,,,,,,,,,,,,,,,,,,,,,,,,,,,,,,,,,,,,,,,,,,,,,,,,,,,,,,,,,,,,,,,,,,,,,,,,,,,,,,,,,,,,,,,,,,,,,,,,,,,,,,,,,,,,,,,,,,,,,,,,,,,,,,,,,,,,,,
901,2025,AUSTRALIAN OPEN,GC,2025-01-12,2025-01-26,Hard,MELBOURNE,AUSTRALIA,128,43608375,USD,RS56909255,2025-01-06,,Mariam Bolkvadze,Antonia Ruzic,GEO,HRV,,,,3-6,6-3,O,AUSTRALIAN OPEN,"Australian Open - Melbourne, AUS",2025.0,Mariam Bolkvadze,Antonia Ruzic,,,,,,,,,,,,,,,,,,,,,,,,,,,,,,,,,,,,,,,,,,,,,,,,,,,,,,,,,,,,,,,,,,,,,,,,,,,,,,,,,,,,,,,,,,,,,,,,,,,,,,,,,,,,,,,,,,,,,,,,,,,,,,,,,,,,,,,,,,,,,,,,,,,,,,,,,,,,,,,,,,,,,,,,,,,,,,,,,,,,,,,
901,2025,AUSTRALIAN OPEN,GC,2025-01-12,2025-01-26,Hard,MELBOURNE,AUSTRALIA,128,43608375,USD,RS56909257,2025-01-06,,Selena Janicijevic,Lin Zhu,FRA,CHN,,14.0,,3-6,6-1,O,AUSTRALIAN OPEN,"Australian Open - Melbourne, AUS",2025.0,Selena Janicijevic,Lin Zhu,,,,,,,,,,,,,,,,,,,,,,,,,,,,,,,,,,,,,,,,,,,,,,,,,,,,,,,,,,,,,,,,,,,,,,,,,,,,,,,,,,,,,,,,,,,,,,,,,,,,,,,,,,,,,,,,,,,,,,,,,,,,,,,,,,,,,,,,,,,,,,,,,,,,,,,,,,,,,,,,,,,,,,,,,,,,,,,,,,,,,,,
901,2025,AUSTRALIAN OPEN,GC,2025-01-12,2025-01-26,Hard,MELBOURNE,AUSTRALIA,128,43608375,USD,RS56909263,2025-01-06,,Renata Jamrichova,Manon Leonard,SVK,FRA,,,,3-6,5-7,O,AUSTRALIAN OPEN,"Australian Open - Melbourne, AUS",2025.0,Renata Jamrichova,Manon Leonard,,,,,,,,,,,,,,,,,,,,,,,,,,,,,,,,,,,,,,,,,,,,,,,,,,,,,,,,,,,,,,,,,,,,,,,,,,,,,,,,,,,,,,,,,,,,,,,,,,,,,,,,,,,,,,,,,,,,,,,,,,,,,,,,,,,,,,,,,,,,,,,,,,,,,,,,,,,,,,,,,,,,,,,,,,,,,,,,,,,,,,,
901,2025,AUSTRALIAN OPEN,GC,2025-01-12,2025-01-26,Hard,MELBOURNE,AUSTRALIA,128,43608375,USD,RS56909265,2025-01-06,,Carole Monnet,Darja Semenistaja,FRA,LVA,,13.0,,4-6,6-3,O,AUSTRALIAN OPEN,"Australian Open - Melbourne, AUS",2025.0,Carole Monnet,Darja Semenistaja,,,,,,,,,,,,,,,,,,,,,,,,,,,,,,,,,,,,,,,,,,,,,,,,,,,,,,,,,,,,,,,,,,,,,,,,,,,,,,,,,,,,,,,,,,,,,,,,,,,,,,,,,,,,,,,,,,,,,,,,,,,,,,,,,,,,,,,,,,,,,,,,,,,,,,,,,,,,,,,,,,,,,,,,,,,,,,,,,,,,,,,
901,2025,AUSTRALIAN OPEN,GC,2025-01-12,2025-01-26,Hard,MELBOURNE,AUSTRALIA,128,43608375,USD,RS56909327,2025-01-06,,Maddison Inglis,Elsa Jacquemot,AUS,FRA,,,,3-6,2-6,O,AUSTRALIAN OPEN,"Australian Open - Melbourne, AUS",2025.0,Maddison Inglis,Elsa Jacquemot,,,,,,,,,,,,,,,,,,,,,,,,,,,,,,,,,,,,,,,,,,,,,,,,,,,,,,,,,,,,,,,,,,,,,,,,,,,,,,,,,,,,,,,,,,,,,,,,,,,,,,,,,,,,,,,,,,,,,,,,,,,,,,,,,,,,,,,,,,,,,,,,,,,,,,,,,,,,,,,,,,,,,,,,,,,,,,,,,,,,,,,
901,2025,AUSTRALIAN OPEN,GC,2025-01-12,2025-01-26,Hard,MELBOURNE,AUSTRALIA,128,43608375,USD,RS56909329,2025-01-06,,Jaimee Fourlis,Sara Sorribes Tormo,AUS,ESP,,5.0,,7-6(5),5-7,O,AUSTRALIAN OPEN,"Australian Open - Melbourne, AUS",2025.0,Jaimee Fourlis,Sara Sorribes Tormo,,,,,,,,,,,,,,,,,,,,,,,,,,,,,,,,,,,,,,,,,,,,,,,,,,,,,,,,,,,,,,,,,,,,,,,,,,,,,,,,,,,,,,,,,,,,,,,,,,,,,,,,,,,,,,,,,,,,,,,,,,,,,,,,,,,,,,,,,,,,,,,,,,,,,,,,,,,,,,,,,,,,,,,,,,,,,,,,,,,,,,,
901,2025,AUSTRALIAN OPEN,GC,2025-01-12,2025-01-26,Hard,MELBOURNE,AUSTRALIA,128,43608375,USD,RS56909359,2025-01-06,,Lucija Ciric-Bagaric,Solana Sierra,HRV,ARG,,,,2-6,5-7,O,AUSTRALIAN OPEN,"Australian Open - Melbourne, AUS",2025.0,Lucija Ciric-Bagaric,Solana Sierra,,,,,,,,,,,,,,,,,,,,,,,,,,,,,,,,,,,,,,,,,,,,,,,,,,,,,,,,,,,,,,,,,,,,,,,,,,,,,,,,,,,,,,,,,,,,,,,,,,,,,,,,,,,,,,,,,,,,,,,,,,,,,,,,,,,,,,,,,,,,,,,,,,,,,,,,,,,,,,,,,,,,,,,,,,,,,,,,,,,,,,,
901,2025,AUSTRALIAN OPEN,GC,2025-01-12,2025-01-26,Hard,MELBOURNE,AUSTRALIA,128,43608375,USD,RS56909361,2025-01-06,,Mirjam Bjorklund,Alycia Parks,SWE,USA,,1.0,,2-6,3-6,O,AUSTRALIAN OPEN,"Australian Open - Melbourne, AUS",2025.0,Mirjam Bjorklund,Alycia Parks,,,,,,,,,,,,,,,,,,,,,,,,,,,,,,,,,,,,,,,,,,,,,,,,,,,,,,,,,,,,,,,,,,,,,,,,,,,,,,,,,,,,,,,,,,,,,,,,,,,,,,,,,,,,,,,,,,,,,,,,,,,,,,,,,,,,,,,,,,,,,,,,,,,,,,,,,,,,,,,,,,,,,,,,,,,,,,,,,,,,,,,
901,2025,AUSTRALIAN OPEN,GC,2025-01-12,2025-01-26,Hard,MELBOURNE,AUSTRALIA,128,43608375,USD,RS56909243,2025-01-06,,Maria Timofeeva,Alice Tubello,,FRA,29.0,,,4-6,6-4,O,AUSTRALIAN OPEN,"Australian Open - Melbourne, AUS",2025.0,Maria Timofeeva,Alice Tubello,,,,,,,,,,,,,,,,,,,,,,,,,,,,,,,,,,,,,,,,,,,,,,,,,,,,,,,,,,,,,,,,,,,,,,,,,,,,,,,,,,,,,,,,,,,,,,,,,,,,,,,,,,,,,,,,,,,,,,,,,,,,,,,,,,,,,,,,,,,,,,,,,,,,,,,,,,,,,,,,,,,,,,,,,,,,,,,,,,,,,,,
901,2025,AUSTRALIAN OPEN,GC,2025-01-12,2025-01-26,Hard,MELBOURNE,AUSTRALIA,128,43608375,USD,RS56909323,2025-01-06,,Julia Riera,Lea Boskovic,ARG,HRV,19.0,,,6-4,1-6,O,AUSTRALIAN OPEN,"Australian Open - Melbourne, AUS",2025.0,Julia Riera,Lea Boskovic,,,,,,,,,,,,,,,,,,,,,,,,,,,,,,,,,,,,,,,,,,,,,,,,,,,,,,,,,,,,,,,,,,,,,,,,,,,,,,,,,,,,,,,,,,,,,,,,,,,,,,,,,,,,,,,,,,,,,,,,,,,,,,,,,,,,,,,,,,,,,,,,,,,,,,,,,,,,,,,,,,,,,,,,,,,,,,,,,,,,,,,
901,2025,AUSTRALIAN OPEN,GC,2025-01-12,2025-01-26,Hard,MELBOURNE,AUSTRALIA,128,43608375,USD,RS56909325,2025-01-06,,Miriam Bianca Bulgaru,Giorgia Pedone,ROU,ITA,,,,6-2,6-3,O,AUSTRALIAN OPEN,"Australian Open - Melbourne, AUS",2025.0,Miriam Bianca Bulgaru,Giorgia Pedone,,,,,,,,,,,,,,,,,,,,,,,,,,,,,,,,,,,,,,,,,,,,,,,,,,,,,,,,,,,,,,,,,,,,,,,,,,,,,,,,,,,,,,,,,,,,,,,,,,,,,,,,,,,,,,,,,,,,,,,,,,,,,,,,,,,,,,,,,,,,,,,,,,,,,,,,,,,,,,,,,,,,,,,,,,,,,,,,,,,,,,,
901,2025,AUSTRALIAN OPEN,GC,2025-01-12,2025-01-26,Hard,MELBOURNE,AUSTRALIA,128,43608375,USD,RS56909259,2025-01-06,,Jessika Ponchet,Raluca Georgiana Serban,FRA,CYP,24.0,,,7-6(5),6-0,O,AUSTRALIAN OPEN,"Australian Open - Melbourne, AUS",2025.0,Jessika Ponchet,Raluca Georgiana Serban,,,,,,,,,,,,,,,,,,,,,,,,,,,,,,,,,,,,,,,,,,,,,,,,,,,,,,,,,,,,,,,,,,,,,,,,,,,,,,,,,,,,,,,,,,,,,,,,,,,,,,,,,,,,,,,,,,,,,,,,,,,,,,,,,,,,,,,,,,,,,,,,,,,,,,,,,,,,,,,,,,,,,,,,,,,,,,,,,,,,,,,
901,2025,AUSTRALIAN OPEN,GC,2025-01-12,2025-01-26,Hard,MELBOURNE,AUSTRALIA,128,43608375,USD,RS56909245,2025-01-06,,Emina Bektas,Arianne Hartono,USA,NLD,,,,2-6,6-3,O,AUSTRALIAN OPEN,"Australian Open - Melbourne, AUS",2025.0,Emina Bektas,Arianne Hartono,,,,,,,,,,,,,,,,,,,,,,,,,,,,,,,,,,,,,,,,,,,,,,,,,,,,,,,,,,,,,,,,,,,,,,,,,,,,,,,,,,,,,,,,,,,,,,,,,,,,,,,,,,,,,,,,,,,,,,,,,,,,,,,,,,,,,,,,,,,,,,,,,,,,,,,,,,,,,,,,,,,,,,,,,,,,,,,,,,,,,,,
901,2025,AUSTRALIAN OPEN,GC,2025-01-12,2025-01-26,Hard,MELBOURNE,AUSTRALIA,128,43608375,USD,RS56909261,2025-01-06,,Tamara Zidansek,Lanlana Tararudee,SVN,THA,,,,0-6,6-4,O,AUSTRALIAN OPEN,"Australian Open - Melbourne, AUS",2025.0,Tamara Zidansek,Lanlana Tararudee,,,,,,,,,,,,,,,,,,,,,,,,,,,,,,,,,,,,,,,,,,,,,,,,,,,,,,,,,,,,,,,,,,,,,,,,,,,,,,,,,,,,,,,,,,,,,,,,,,,,,,,,,,,,,,,,,,,,,,,,,,,,,,,,,,,,,,,,,,,,,,,,,,,,,,,,,,,,,,,,,,,,,,,,,,,,,,,,,,,,,,,
901,2025,AUSTRALIAN OPEN,GC,2025-01-12,2025-01-26,Hard,MELBOURNE,AUSTRALIA,128,43608375,USD,RS56909289,2025-01-06,,Destanee Aiava,Ana Bogdan,AUS,ROU,,10.0,,4-6,2-6,O,AUSTRALIAN OPEN,"Australian Open - Melbourne, AUS",2025.0,Destanee Aiava,Ana Bogdan,,,,,,,,,,,,,,,,,,,,,,,,,,,,,,,,,,,,,,,,,,,,,,,,,,,,,,,,,,,,,,,,,,,,,,,,,,,,,,,,,,,,,,,,,,,,,,,,,,,,,,,,,,,,,,,,,,,,,,,,,,,,,,,,,,,,,,,,,,,,,,,,,,,,,,,,,,,,,,,,,,,,,,,,,,,,,,,,,,,,,,,
901,2025,AUSTRALIAN OPEN,GC,2025-01-12,2025-01-26,Hard,MELBOURNE,AUSTRALIA,128,43608375,USD,RS56909287,2025-01-06,,Panna Udvardy,Melisa Ercan,HUN,AUS,,,,6-0,6-3,O,AUSTRALIAN OPEN,"Australian Open - Melbourne, AUS",2025.0,Panna Udvardy,Melisa Ercan,,,,,,,,,,,,,,,,,,,,,,,,,,,,,,,,,,,,,,,,,,,,,,,,,,,,,,,,,,,,,,,,,,,,,,,,,,,,,,,,,,,,,,,,,,,,,,,,,,,,,,,,,,,,,,,,,,,,,,,,,,,,,,,,,,,,,,,,,,,,,,,,,,,,,,,,,,,,,,,,,,,,,,,,,,,,,,,,,,,,,,,
901,2025,AUSTRALIAN OPEN,GC,2025-01-12,2025-01-26,Hard,MELBOURNE,AUSTRALIA,128,43608375,USD,RS56909307,2025-01-06,,Daria Snigur,Emiliana Arango,UKR,COL,30.0,,,6-3,5-7,O,AUSTRALIAN OPEN,"Australian Open - Melbourne, AUS",2025.0,Daria Snigur,Emiliana Arango,,,,,,,,,,,,,,,,,,,,,,,,,,,,,,,,,,,,,,,,,,,,,,,,,,,,,,,,,,,,,,,,,,,,,,,,,,,,,,,,,,,,,,,,,,,,,,,,,,,,,,,,,,,,,,,,,,,,,,,,,,,,,,,,,,,,,,,,,,,,,,,,,,,,,,,,,,,,,,,,,,,,,,,,,,,,,,,,,,,,,,,
901,2025,AUSTRALIAN OPEN,GC,2025-01-12,2025-01-26,Hard,MELBOURNE,AUSTRALIA,128,43608375,USD,RS56909339,2025-01-06,,Marina Stakusic,Nao Hibino,CAN,JPN,17.0,,,7-6(5),6-1,O,AUSTRALIAN OPEN,"Australian Open - Melbourne, AUS",2025.0,Marina Stakusic,Nao Hibino,,,,,,,,,,,,,,,,,,,,,,,,,,,,,,,,,,,,,,,,,,,,,,,,,,,,,,,,,,,,,,,,,,,,,,,,,,,,,,,,,,,,,,,,,,,,,,,,,,,,,,,,,,,,,,,,,,,,,,,,,,,,,,,,,,,,,,,,,,,,,,,,,,,,,,,,,,,,,,,,,,,,,,,,,,,,,,,,,,,,,,,
901,2025,AUSTRALIAN OPEN,GC,2025-01-12,2025-01-26,Hard,MELBOURNE,AUSTRALIA,128,43608375,USD,RS56909341,2025-01-06,,Ekaterina Makarova,Noma Noha Akugue,,DEU,,,,6-2,6-3,O,AUSTRALIAN OPEN,"Australian Open - Melbourne, AUS",2025.0,Ekaterina Makarova,Noma Noha Akugue,,,,,,,,,,,,,,,,,,,,,,,,,,,,,,,,,,,,,,,,,,,,,,,,,,,,,,,,,,,,,,,,,,,,,,,,,,,,,,,,,,,,,,,,,,,,,,,,,,,,,,,,,,,,,,,,,,,,,,,,,,,,,,,,,,,,,,,,,,,,,,,,,,,,,,,,,,,,,,,,,,,,,,,,,,,,,,,,,,,,,,,
901,2025,AUSTRALIAN OPEN,GC,2025-01-12,2025-01-26,Hard,MELBOURNE,AUSTRALIA,128,43608375,USD,RS56909309,2025-01-06,,Barbora Palicova,Simona Waltert,CZE,CHE,,,,5-7,6-7(5),O,AUSTRALIAN OPEN,"Australian Open - Melbourne, AUS",2025.0,Barbora Palicova,Simona Waltert,,,,,,,,,,,,,,,,,,,,,,,,,,,,,,,,,,,,,,,,,,,,,,,,,,,,,,,,,,,,,,,,,,,,,,,,,,,,,,,,,,,,,,,,,,,,,,,,,,,,,,,,,,,,,,,,,,,,,,,,,,,,,,,,,,,,,,,,,,,,,,,,,,,,,,,,,,,,,,,,,,,,,,,,,,,,,,,,,,,,,,,
901,2025,AUSTRALIAN OPEN,GC,2025-01-12,2025-01-26,Hard,MELBOURNE,AUSTRALIA,128,43608375,USD,RS56909247,2025-01-06,,Anna-Lena Friedsam,Aliona Bolsova,DEU,ESP,,,,6-4,6-1,O,AUSTRALIAN OPEN,"Australian Open - Melbourne, AUS",2025.0,Anna-Lena Friedsam,Aliona Bolsova,,,,,,,,,,,,,,,,,,,,,,,,,,,,,,,,,,,,,,,,,,,,,,,,,,,,,,,,,,,,,,,,,,,,,,,,,,,,,,,,,,,,,,,,,,,,,,,,,,,,,,,,,,,,,,,,,,,,,,,,,,,,,,,,,,,,,,,,,,,,,,,,,,,,,,,,,,,,,,,,,,,,,,,,,,,,,,,,,,,,,,,
901,2025,AUSTRALIAN OPEN,GC,2025-01-12,2025-01-26,Hard,MELBOURNE,AUSTRALIA,128,43608375,USD,RS56909249,2025-01-06,,Elena-Gabriela Ruse,Leonie Kung,ROU,CHE,15.0,,,6-1,6-1,O,AUSTRALIAN OPEN,"Australian Open - Melbourne, AUS",2025.0,Elena-Gabriela Ruse,Leonie Kung,,,,,,,,,,,,,,,,,,,,,,,,,,,,,,,,,,,,,,,,,,,,,,,,,,,,,,,,,,,,,,,,,,,,,,,,,,,,,,,,,,,,,,,,,,,,,,,,,,,,,,,,,,,,,,,,,,,,,,,,,,,,,,,,,,,,,,,,,,,,,,,,,,,,,,,,,,,,,,,,,,,,,,,,,,,,,,,,,,,,,,,
901,2025,AUSTRALIAN OPEN,GC,2025-01-12,2025-01-26,Hard,MELBOURNE,AUSTRALIA,128,43608375,USD,RS56909311,2025-01-06,,Rebeka Masarova,Irene Burillo Escorihuela,CHE,ESP,,,,6-7(6),6-3,O,AUSTRALIAN OPEN,"Australian Open - Melbourne, AUS",2025.0,Rebeka Masarova,Irene Burillo Escorihuela,,,,,,,,,,,,,,,,,,,,,,,,,,,,,,,,,,,,,,,,,,,,,,,,,,,,,,,,,,,,,,,,,,,,,,,,,,,,,,,,,,,,,,,,,,,,,,,,,,,,,,,,,,,,,,,,,,,,,,,,,,,,,,,,,,,,,,,,,,,,,,,,,,,,,,,,,,,,,,,,,,,,,,,,,,,,,,,,,,,,,,,
901,2025,AUSTRALIAN OPEN,GC,2025-01-12,2025-01-26,Hard,MELBOURNE,AUSTRALIA,128,43608375,USD,RS56909313,2025-01-06,,Anna-Karolina Schmiedlova,Tina Nadine Smith,SVK,AUS,7.0,,,6-2,6-2,O,AUSTRALIAN OPEN,"Australian Open - Melbourne, AUS",2025.0,Anna-Karolina Schmiedlova,Tina Nadine Smith,,,,,,,,,,,,,,,,,,,,,,,,,,,,,,,,,,,,,,,,,,,,,,,,,,,,,,,,,,,,,,,,,,,,,,,,,,,,,,,,,,,,,,,,,,,,,,,,,,,,,,,,,,,,,,,,,,,,,,,,,,,,,,,,,,,,,,,,,,,,,,,,,,,,,,,,,,,,,,,,,,,,,,,,,,,,,,,,,,,,,,,
901,2025,AUSTRALIAN OPEN,GC,2025-01-12,2025-01-26,Hard,MELBOURNE,AUSTRALIA,128,43608375,USD,RS56909267,2025-01-06,,Varvara Lepchenko,Hanna Chang,USA,USA,21.0,,,1-6,3-6,O,AUSTRALIAN OPEN,"Australian Open - Melbourne, AUS",2025.0,Varvara Lepchenko,Hanna Chang,,,,,,,,,,,,,,,,,,,,,,,,,,,,,,,,,,,,,,,,,,,,,,,,,,,,,,,,,,,,,,,,,,,,,,,,,,,,,,,,,,,,,,,,,,,,,,,,,,,,,,,,,,,,,,,,,,,,,,,,,,,,,,,,,,,,,,,,,,,,,,,,,,,,,,,,,,,,,,,,,,,,,,,,,,,,,,,,,,,,,,,
901,2025,AUSTRALIAN OPEN,GC,2025-01-12,2025-01-26,Hard,MELBOURNE,AUSTRALIA,128,43608375,USD,RS56909269,2025-01-06,,Heather Watson,Lola Radivojevic,GBR,SRB,,,,7-5,6-7(14),O,AUSTRALIAN OPEN,"Australian Open - Melbourne, AUS",2025.0,Heather Watson,Lola Radivojevic,,,,,,,,,,,,,,,,,,,,,,,,,,,,,,,,,,,,,,,,,,,,,,,,,,,,,,,,,,,,,,,,,,,,,,,,,,,,,,,,,,,,,,,,,,,,,,,,,,,,,,,,,,,,,,,,,,,,,,,,,,,,,,,,,,,,,,,,,,,,,,,,,,,,,,,,,,,,,,,,,,,,,,,,,,,,,,,,,,,,,,,
901,2025,AUSTRALIAN OPEN,GC,2025-01-12,2025-01-26,Hard,MELBOURNE,AUSTRALIA,128,43608375,USD,RS56909271,2025-01-06,,Leyre Romero Gormaz,Lucrezia Stefanini,ESP,ITA,,,,3-6,6-3,O,AUSTRALIAN OPEN,"Australian Open - Melbourne, AUS",2025.0,Leyre Romero Gormaz,Lucrezia Stefanini,,,,,,,,,,,,,,,,,,,,,,,,,,,,,,,,,,,,,,,,,,,,,,,,,,,,,,,,,,,,,,,,,,,,,,,,,,,,,,,,,,,,,,,,,,,,,,,,,,,,,,,,,,,,,,,,,,,,,,,,,,,,,,,,,,,,,,,,,,,,,,,,,,,,,,,,,,,,,,,,,,,,,,,,,,,,,,,,,,,,,,,
901,2025,AUSTRALIAN OPEN,GC,2025-01-12,2025-01-26,Hard,MELBOURNE,AUSTRALIA,128,43608375,USD,RS56909273,2025-01-06,,Anca Alexia Todoni,Victoria Jimenez Kasintseva,ROU,AND,12.0,,,6-1,4-6,O,AUSTRALIAN OPEN,"Australian Open - Melbourne, AUS",2025.0,Anca Alexia Todoni,Victoria Jimenez Kasintseva,,,,,,,,,,,,,,,,,,,,,,,,,,,,,,,,,,,,,,,,,,,,,,,,,,,,,,,,,,,,,,,,,,,,,,,,,,,,,,,,,,,,,,,,,,,,,,,,,,,,,,,,,,,,,,,,,,,,,,,,,,,,,,,,,,,,,,,,,,,,,,,,,,,,,,,,,,,,,,,,,,,,,,,,,,,,,,,,,,,,,,,
901,2025,AUSTRALIAN OPEN,GC,2025-01-12,2025-01-26,Hard,MELBOURNE,AUSTRALIA,128,43608375,USD,RS56909343,2025-01-06,,Taylah Preston,Mona Barthel,AUS,DEU,,,,1-6,2-6,O,AUSTRALIAN OPEN,"Australian Open - Melbourne, AUS",2025.0,Taylah Preston,Mona Barthel,,,,,,,,,,,,,,,,,,,,,,,,,,,,,,,,,,,,,,,,,,,,,,,,,,,,,,,,,,,,,,,,,,,,,,,,,,,,,,,,,,,,,,,,,,,,,,,,,,,,,,,,,,,,,,,,,,,,,,,,,,,,,,,,,,,,,,,,,,,,,,,,,,,,,,,,,,,,,,,,,,,,,,,,,,,,,,,,,,,,,,,
901,2025,AUSTRALIAN OPEN,GC,2025-01-12,2025-01-26,Hard,MELBOURNE,AUSTRALIA,128,43608375,USD,RS56909345,2025-01-06,,Lizette Cabrera,Harriet Dart,AUS,GBR,,3.0,,6-2,7-6(5),O,AUSTRALIAN OPEN,"Australian Open - Melbourne, AUS",2025.0,Lizette Cabrera,Harriet Dart,,,,,,,,,,,,,,,,,,,,,,,,,,,,,,,,,,,,,,,,,,,,,,,,,,,,,,,,,,,,,,,,,,,,,,,,,,,,,,,,,,,,,,,,,,,,,,,,,,,,,,,,,,,,,,,,,,,,,,,,,,,,,,,,,,,,,,,,,,,,,,,,,,,,,,,,,,,,,,,,,,,,,,,,,,,,,,,,,,,,,,,
