tourney_id,tourney_year,tourney_name,level,start_date,end_date,surface,city,country,singles_draw_size,prize_money,prize_money_currency,match_id,date,round,winner,loser,winner_country,loser_country,winner_seed,loser_seed,set1_score,set2_score,set3_score,indoor_outdoor,tournament_name,tournament_title,year,winner_player_name,loser_player_name,winner_bracket_number,loser_bracket_number,winner_aces,loser_aces,winner_backhand_errors,loser_backhand_errors,winner_backhand_unforced_errors,loser_backhand_unforced_errors,winner_backhand_winners,loser_backhand_winners,winner_breakpoints_won,loser_breakpoints_won,winner_double_faults,loser_double_faults,winner_drop_shot_unforced_errors,loser_drop_shot_unforced_errors,winner_drop_shot_winners,loser_drop_shot_winners,winner_first_serve_points_won,loser_first_serve_points_won,winner_first_serve_successful,loser_first_serve_successful,winner_forehand_errors,loser_forehand_errors,winner_forehand_unforced_errors,loser_forehand_unforced_errors,winner_forehand_winners,loser_forehand_winners,winner_games_won,loser_games_won,winner_groundstroke_errors,loser_groundstroke_errors,winner_groundstroke_unforced_errors,loser_groundstroke_unforced_errors,winner_groundstroke_winners,loser_groundstroke_winners,winner_lob_unforced_errors,loser_lob_unforced_errors,winner_lob_winners,loser_lob_winners,winner_max_games_in_a_row,loser_max_games_in_a_row,winner_max_points_in_a_row,loser_max_points_in_a_row,winner_overhead_stroke_errors,loser_overhead_stroke_errors,winner_overhead_stroke_unforced_errors,loser_overhead_stroke_unforced_errors,winner_overhead_stroke_winners,loser_overhead_stroke_winners,winner_points_won,loser_points_won,winner_points_won_from_last_10,loser_points_won_from_last_10,winner_return_errors,loser_return_errors,winner_return_winners,loser_return_winners,winner_second_serve_points_won,loser_second_serve_points_won,winner_second_serve_successful,loser_second_serve_successful,winner_service_games_won,loser_service_games_won,winner_service_points_lost,loser_service_points_lost,winner_service_points_won,loser_service_points_won,winner_tiebreaks_won,loser_tiebreaks_won,winner_total_breakpoints,loser_total_breakpoints,winner_volley_unforced_errors,loser_volley_unforced_errors,winner_volley_winners,loser_volley_winners,event_id,event_year,player_a,player_b,country_a,country_b,seed_a,seed_b,winner_flag_raw,num_sets,score_string,match_timestamp,match_date,match_time_total,liveScoringId,venue_id,venue_name,settime_set1,scorea_set1,scoreb_set1,scoretb_set1,acesa_set1,acesb_set1,dblflta_set1,dblfltb_set1,ptswon1stserva_set1,ptswon1stservb_set1,ptsplayed1stserva_set1,ptsplayed1stservb_set1,ptstotwonserva_set1,ptstotwonservb_set1,totservplayeda_set1,totservplayedb_set1,breakptsconva_set1,breakptsconvb_set1,breakptsplayeda_set1,breakptsplayedb_set1,servgamesplayeda_set1,servgamesplayedb_set1,pts1stservlosta_set1,pts1stservlostb_set1,totptswona_set1,totptswonb_set1,acesssa_set1,acesssb_set1,settime_set2,scorea_set2,scoreb_set2,scoretb_set2,acesa_set2,acesb_set2,dblflta_set2,dblfltb_set2,ptswon1stserva_set2,ptswon1stservb_set2,ptsplayed1stserva_set2,ptsplayed1stservb_set2,ptstotwonserva_set2,ptstotwonservb_set2,totservplayeda_set2,totservplayedb_set2,breakptsconva_set2,breakptsconvb_set2,breakptsplayeda_set2,breakptsplayedb_set2,servgamesplayeda_set2,servgamesplayedb_set2,pts1stservlosta_set2,pts1stservlostb_set2,totptswona_set2,totptswonb_set2,acesssa_set2,acesssb_set2,settime_set3,scorea_set3,scoreb_set3,scoretb_set3,acesa_set3,acesb_set3,dblflta_set3,dblfltb_set3,ptswon1stserva_set3,ptswon1stservb_set3,ptsplayed1stserva_set3,ptsplayed1stservb_set3,ptstotwonserva_set3,ptstotwonservb_set3,totservplayeda_set3,totservplayedb_set3,breakptsconva_set3,breakptsconvb_set3,breakptsplayeda_set3,breakptsplayedb_set3,servgamesplayeda_set3,servgamesplayedb_set3,pts1stservlosta_set3,pts1stservlostb_set3,totptswona_set3,totptswonb_set3,acesssa_set3,acesssb_set3,aces_set1,aces_set2,aces_set3,dblflt_set1,dblflt_set2,dblflt_set3
903,2025,ROLAND GARROS,GC,2025-05-25,2025-06-08,Clay,PARIS,FRANCE,128,26334000,USD,LS60690827,2025-06-07,F,Coco Gauff,Aryna Sabalenka,USA,,2.0,1.0,,7-6(5),2-6,O,ROLAND GARROS,"Roland Garros - Paris, France",2025.0,Coco Gauff,Aryna Sabalenka,,,,,,,,,,,,,,,,,,,,,,,,,,,,,,,,,,,,,,,,,,,,,,,,,,,,,,,,,,,,,,,,,,,,,,,,,,,,,,,,,,,,,,,,,,,,,,,,,,,,,,,,,,,,,,,,,,,,,,,,,,,,,,,,,,,,,,,,,,,,,,,,,,,,,,,,,,,,,,,,,,,,,,,,,,,,,,,,,,,,,,,
903,2025,ROLAND GARROS,GC,2025-05-25,2025-06-08,Clay,PARIS,FRANCE,128,26334000,USD,LS60690825,2025-06-05,SF,Coco Gauff,Lois Boisson,USA,FRA,2.0,,,1-6,2-6,O,ROLAND GARROS,"Roland Garros - Paris, France",2025.0,Coco Gauff,Lois Boisson,,,,,,,,,,,,,,,,,,,,,,,,,,,,,,,,,,,,,,,,,,,,,,,,,,,,,,,,,,,,,,,,,,,,,,,,,,,,,,,,,,,,,,,,,,,,,,,,,,,,,,,,,,,,,,,,,,,,,,,,,,,,,,,,,,,,,,,,,,,,,,,,,,,,,,,,,,,,,,,,,,,,,,,,,,,,,,,,,,,,,,,
903,2025,ROLAND GARROS,GC,2025-05-25,2025-06-08,Clay,PARIS,FRANCE,128,26334000,USD,LS60690831,2025-06-05,SF,Iga Swiatek,Aryna Sabalenka,POL,,5.0,1.0,,7-6(1),4-6,O,ROLAND GARROS,"Roland Garros - Paris, France",2025.0,Iga Swiatek,Aryna Sabalenka,,,,,,,,,,,,,,,,,,,,,,,,,,,,,,,,,,,,,,,,,,,,,,,,,,,,,,,,,,,,,,,,,,,,,,,,,,,,,,,,,,,,,,,,,,,,,,,,,,,,,,,,,,,,,,,,,,,,,,,,,,,,,,,,,,,,,,,,,,,,,,,,,,,,,,,,,,,,,,,,,,,,,,,,,,,,,,,,,,,,,,,
903,2025,ROLAND GARROS,GC,2025-05-25,2025-06-08,Clay,PARIS,FRANCE,128,26334000,USD,LS60690819,2025-06-04,QF,Lois Boisson,Mirra Andreeva,FRA,,,6.0,,6-7(6),3-6,O,ROLAND GARROS,"Roland Garros - Paris, France",2025.0,Lois Boisson,Mirra Andreeva,,,,,,,,,,,,,,,,,,,,,,,,,,,,,,,,,,,,,,,,,,,,,,,,,,,,,,,,,,,,,,,,,,,,,,,,,,,,,,,,,,,,,,,,,,,,,,,,,,,,,,,,,,,,,,,,,,,,,,,,,,,,,,,,,,,,,,,,,,,,,,,,,,,,,,,,,,,,,,,,,,,,,,,,,,,,,,,,,,,,,,,
903,2025,ROLAND GARROS,GC,2025-05-25,2025-06-08,Clay,PARIS,FRANCE,128,26334000,USD,LS60690829,2025-06-04,QF,Coco Gauff,Madison Keys,USA,USA,2.0,7.0,,7-6(6),4-6,O,ROLAND GARROS,"Roland Garros - Paris, France",2025.0,Coco Gauff,Madison Keys,,,,,,,,,,,,,,,,,,,,,,,,,,,,,,,,,,,,,,,,,,,,,,,,,,,,,,,,,,,,,,,,,,,,,,,,,,,,,,,,,,,,,,,,,,,,,,,,,,,,,,,,,,,,,,,,,,,,,,,,,,,,,,,,,,,,,,,,,,,,,,,,,,,,,,,,,,,,,,,,,,,,,,,,,,,,,,,,,,,,,,,
903,2025,ROLAND GARROS,GC,2025-05-25,2025-06-08,Clay,PARIS,FRANCE,128,26334000,USD,LS60690817,2025-06-03,QF,Iga Swiatek,Elina Svitolina,POL,UKR,5.0,13.0,,1-6,5-7,O,ROLAND GARROS,"Roland Garros - Paris, France",2025.0,Iga Swiatek,Elina Svitolina,,,,,,,,,,,,,,,,,,,,,,,,,,,,,,,,,,,,,,,,,,,,,,,,,,,,,,,,,,,,,,,,,,,,,,,,,,,,,,,,,,,,,,,,,,,,,,,,,,,,,,,,,,,,,,,,,,,,,,,,,,,,,,,,,,,,,,,,,,,,,,,,,,,,,,,,,,,,,,,,,,,,,,,,,,,,,,,,,,,,,,,
903,2025,ROLAND GARROS,GC,2025-05-25,2025-06-08,Clay,PARIS,FRANCE,128,26334000,USD,LS60690823,2025-06-03,QF,Qinwen Zheng,Aryna Sabalenka,CHN,,8.0,1.0,,7-6(3),6-3,O,ROLAND GARROS,"Roland Garros - Paris, France",2025.0,Qinwen Zheng,Aryna Sabalenka,,,,,,,,,,,,,,,,,,,,,,,,,,,,,,,,,,,,,,,,,,,,,,,,,,,,,,,,,,,,,,,,,,,,,,,,,,,,,,,,,,,,,,,,,,,,,,,,,,,,,,,,,,,,,,,,,,,,,,,,,,,,,,,,,,,,,,,,,,,,,,,,,,,,,,,,,,,,,,,,,,,,,,,,,,,,,,,,,,,,,,,
903,2025,ROLAND GARROS,GC,2025-05-25,2025-06-08,Clay,PARIS,FRANCE,128,26334000,USD,LS60690873,2025-06-02,4,Madison Keys,Hailey Baptiste,USA,USA,7.0,,,6-3,7-5,O,ROLAND GARROS,"Roland Garros - Paris, France",2025.0,Madison Keys,Hailey Baptiste,,,,,,,,,,,,,,,,,,,,,,,,,,,,,,,,,,,,,,,,,,,,,,,,,,,,,,,,,,,,,,,,,,,,,,,,,,,,,,,,,,,,,,,,,,,,,,,,,,,,,,,,,,,,,,,,,,,,,,,,,,,,,,,,,,,,,,,,,,,,,,,,,,,,,,,,,,,,,,,,,,,,,,,,,,,,,,,,,,,,,,,
903,2025,ROLAND GARROS,GC,2025-05-25,2025-06-08,Clay,PARIS,FRANCE,128,26334000,USD,LS60690871,2025-06-02,4,Lois Boisson,Jessica Pegula,FRA,USA,,3.0,,3-6,6-4,O,ROLAND GARROS,"Roland Garros - Paris, France",2025.0,Lois Boisson,Jessica Pegula,,,,,,,,,,,,,,,,,,,,,,,,,,,,,,,,,,,,,,,,,,,,,,,,,,,,,,,,,,,,,,,,,,,,,,,,,,,,,,,,,,,,,,,,,,,,,,,,,,,,,,,,,,,,,,,,,,,,,,,,,,,,,,,,,,,,,,,,,,,,,,,,,,,,,,,,,,,,,,,,,,,,,,,,,,,,,,,,,,,,,,,
903,2025,ROLAND GARROS,GC,2025-05-25,2025-06-08,Clay,PARIS,FRANCE,128,26334000,USD,LS60690821,2025-06-02,4,Coco Gauff,Ekaterina Alexandrova,USA,,2.0,20.0,,0-6,5-7,O,ROLAND GARROS,"Roland Garros - Paris, France",2025.0,Coco Gauff,Ekaterina Alexandrova,,,,,,,,,,,,,,,,,,,,,,,,,,,,,,,,,,,,,,,,,,,,,,,,,,,,,,,,,,,,,,,,,,,,,,,,,,,,,,,,,,,,,,,,,,,,,,,,,,,,,,,,,,,,,,,,,,,,,,,,,,,,,,,,,,,,,,,,,,,,,,,,,,,,,,,,,,,,,,,,,,,,,,,,,,,,,,,,,,,,,,,
903,2025,ROLAND GARROS,GC,2025-05-25,2025-06-08,Clay,PARIS,FRANCE,128,26334000,USD,LS60690877,2025-06-02,4,Mirra Andreeva,Daria Kasatkina,,AUS,6.0,17.0,,6-3,7-5,O,ROLAND GARROS,"Roland Garros - Paris, France",2025.0,Mirra Andreeva,Daria Kasatkina,,,,,,,,,,,,,,,,,,,,,,,,,,,,,,,,,,,,,,,,,,,,,,,,,,,,,,,,,,,,,,,,,,,,,,,,,,,,,,,,,,,,,,,,,,,,,,,,,,,,,,,,,,,,,,,,,,,,,,,,,,,,,,,,,,,,,,,,,,,,,,,,,,,,,,,,,,,,,,,,,,,,,,,,,,,,,,,,,,,,,,,
903,2025,ROLAND GARROS,GC,2025-05-25,2025-06-08,Clay,PARIS,FRANCE,128,26334000,USD,LS60690869,2025-06-01,4,Aryna Sabalenka,Amanda Anisimova,,USA,1.0,16.0,,7-5,6-3,O,ROLAND GARROS,"Roland Garros - Paris, France",2025.0,Aryna Sabalenka,Amanda Anisimova,,,,,,,,,,,,,,,,,,,,,,,,,,,,,,,,,,,,,,,,,,,,,,,,,,,,,,,,,,,,,,,,,,,,,,,,,,,,,,,,,,,,,,,,,,,,,,,,,,,,,,,,,,,,,,,,,,,,,,,,,,,,,,,,,,,,,,,,,,,,,,,,,,,,,,,,,,,,,,,,,,,,,,,,,,,,,,,,,,,,,,,
903,2025,ROLAND GARROS,GC,2025-05-25,2025-06-08,Clay,PARIS,FRANCE,128,26334000,USD,LS60690875,2025-06-01,4,Iga Swiatek,Elena Rybakina,POL,KAZ,5.0,12.0,,6-1,3-6,O,ROLAND GARROS,"Roland Garros - Paris, France",2025.0,Iga Swiatek,Elena Rybakina,,,,,,,,,,,,,,,,,,,,,,,,,,,,,,,,,,,,,,,,,,,,,,,,,,,,,,,,,,,,,,,,,,,,,,,,,,,,,,,,,,,,,,,,,,,,,,,,,,,,,,,,,,,,,,,,,,,,,,,,,,,,,,,,,,,,,,,,,,,,,,,,,,,,,,,,,,,,,,,,,,,,,,,,,,,,,,,,,,,,,,,
903,2025,ROLAND GARROS,GC,2025-05-25,2025-06-08,Clay,PARIS,FRANCE,128,26334000,USD,LS60690863,2025-06-01,4,Qinwen Zheng,Liudmila Samsonova,CHN,,8.0,19.0,,6-7(5),6-1,O,ROLAND GARROS,"Roland Garros - Paris, France",2025.0,Qinwen Zheng,Liudmila Samsonova,,,,,,,,,,,,,,,,,,,,,,,,,,,,,,,,,,,,,,,,,,,,,,,,,,,,,,,,,,,,,,,,,,,,,,,,,,,,,,,,,,,,,,,,,,,,,,,,,,,,,,,,,,,,,,,,,,,,,,,,,,,,,,,,,,,,,,,,,,,,,,,,,,,,,,,,,,,,,,,,,,,,,,,,,,,,,,,,,,,,,,,
903,2025,ROLAND GARROS,GC,2025-05-25,2025-06-08,Clay,PARIS,FRANCE,128,26334000,USD,LS60690865,2025-06-01,4,Elina Svitolina,Jasmine Paolini,UKR,ITA,13.0,4.0,,6-4,6-7(6),O,ROLAND GARROS,"Roland Garros - Paris, France",2025.0,Elina Svitolina,Jasmine Paolini,,,,,,,,,,,,,,,,,,,,,,,,,,,,,,,,,,,,,,,,,,,,,,,,,,,,,,,,,,,,,,,,,,,,,,,,,,,,,,,,,,,,,,,,,,,,,,,,,,,,,,,,,,,,,,,,,,,,,,,,,,,,,,,,,,,,,,,,,,,,,,,,,,,,,,,,,,,,,,,,,,,,,,,,,,,,,,,,,,,,,,,
903,2025,ROLAND GARROS,GC,2025-05-25,2025-06-08,Clay,PARIS,FRANCE,128,26334000,USD,LS60690867,2025-05-31,3,Coco Gauff,Marie Bouzkova,USA,CZE,2.0,,,1-6,6-7(3),O,ROLAND GARROS,"Roland Garros - Paris, France",2025.0,Coco Gauff,Marie Bouzkova,,,,,,,,,,,,,,,,,,,,,,,,,,,,,,,,,,,,,,,,,,,,,,,,,,,,,,,,,,,,,,,,,,,,,,,,,,,,,,,,,,,,,,,,,,,,,,,,,,,,,,,,,,,,,,,,,,,,,,,,,,,,,,,,,,,,,,,,,,,,,,,,,,,,,,,,,,,,,,,,,,,,,,,,,,,,,,,,,,,,,,,
903,2025,ROLAND GARROS,GC,2025-05-25,2025-06-08,Clay,PARIS,FRANCE,128,26334000,USD,LS60690861,2025-05-31,3,Madison Keys,Sofia Kenin,USA,USA,7.0,31.0,,4-6,6-3,O,ROLAND GARROS,"Roland Garros - Paris, France",2025.0,Madison Keys,Sofia Kenin,,,,,,,,,,,,,,,,,,,,,,,,,,,,,,,,,,,,,,,,,,,,,,,,,,,,,,,,,,,,,,,,,,,,,,,,,,,,,,,,,,,,,,,,,,,,,,,,,,,,,,,,,,,,,,,,,,,,,,,,,,,,,,,,,,,,,,,,,,,,,,,,,,,,,,,,,,,,,,,,,,,,,,,,,,,,,,,,,,,,,,,
903,2025,ROLAND GARROS,GC,2025-05-25,2025-06-08,Clay,PARIS,FRANCE,128,26334000,USD,LS60690855,2025-05-31,3,Jessica Bouzas Maneiro,Hailey Baptiste,ESP,USA,,,,7-6(4),6-1,O,ROLAND GARROS,"Roland Garros - Paris, France",2025.0,Jessica Bouzas Maneiro,Hailey Baptiste,,,,,,,,,,,,,,,,,,,,,,,,,,,,,,,,,,,,,,,,,,,,,,,,,,,,,,,,,,,,,,,,,,,,,,,,,,,,,,,,,,,,,,,,,,,,,,,,,,,,,,,,,,,,,,,,,,,,,,,,,,,,,,,,,,,,,,,,,,,,,,,,,,,,,,,,,,,,,,,,,,,,,,,,,,,,,,,,,,,,,,,
903,2025,ROLAND GARROS,GC,2025-05-25,2025-06-08,Clay,PARIS,FRANCE,128,26334000,USD,LS60690857,2025-05-31,3,Ekaterina Alexandrova,Veronika Kudermetova,,,20.0,,,2-6,2-6,O,ROLAND GARROS,"Roland Garros - Paris, France",2025.0,Ekaterina Alexandrova,Veronika Kudermetova,,,,,,,,,,,,,,,,,,,,,,,,,,,,,,,,,,,,,,,,,,,,,,,,,,,,,,,,,,,,,,,,,,,,,,,,,,,,,,,,,,,,,,,,,,,,,,,,,,,,,,,,,,,,,,,,,,,,,,,,,,,,,,,,,,,,,,,,,,,,,,,,,,,,,,,,,,,,,,,,,,,,,,,,,,,,,,,,,,,,,,,
903,2025,ROLAND GARROS,GC,2025-05-25,2025-06-08,Clay,PARIS,FRANCE,128,26334000,USD,LS60690849,2025-05-31,3,Lois Boisson,Elsa Jacquemot,FRA,FRA,,,,3-6,6-0,O,ROLAND GARROS,"Roland Garros - Paris, France",2025.0,Lois Boisson,Elsa Jacquemot,,,,,,,,,,,,,,,,,,,,,,,,,,,,,,,,,,,,,,,,,,,,,,,,,,,,,,,,,,,,,,,,,,,,,,,,,,,,,,,,,,,,,,,,,,,,,,,,,,,,,,,,,,,,,,,,,,,,,,,,,,,,,,,,,,,,,,,,,,,,,,,,,,,,,,,,,,,,,,,,,,,,,,,,,,,,,,,,,,,,,,,
903,2025,ROLAND GARROS,GC,2025-05-25,2025-06-08,Clay,PARIS,FRANCE,128,26334000,USD,LS60690859,2025-05-31,3,Jessica Pegula,Marketa Vondrousova,USA,CZE,3.0,,,6-3,4-6,O,ROLAND GARROS,"Roland Garros - Paris, France",2025.0,Jessica Pegula,Marketa Vondrousova,,,,,,,,,,,,,,,,,,,,,,,,,,,,,,,,,,,,,,,,,,,,,,,,,,,,,,,,,,,,,,,,,,,,,,,,,,,,,,,,,,,,,,,,,,,,,,,,,,,,,,,,,,,,,,,,,,,,,,,,,,,,,,,,,,,,,,,,,,,,,,,,,,,,,,,,,,,,,,,,,,,,,,,,,,,,,,,,,,,,,,,
903,2025,ROLAND GARROS,GC,2025-05-25,2025-06-08,Clay,PARIS,FRANCE,128,26334000,USD,LS60690847,2025-05-31,3,Daria Kasatkina,Paula Badosa,AUS,ESP,17.0,10.0,,6-1,7-5,O,ROLAND GARROS,"Roland Garros - Paris, France",2025.0,Daria Kasatkina,Paula Badosa,,,,,,,,,,,,,,,,,,,,,,,,,,,,,,,,,,,,,,,,,,,,,,,,,,,,,,,,,,,,,,,,,,,,,,,,,,,,,,,,,,,,,,,,,,,,,,,,,,,,,,,,,,,,,,,,,,,,,,,,,,,,,,,,,,,,,,,,,,,,,,,,,,,,,,,,,,,,,,,,,,,,,,,,,,,,,,,,,,,,,,,
903,2025,ROLAND GARROS,GC,2025-05-25,2025-06-08,Clay,PARIS,FRANCE,128,26334000,USD,LS60690853,2025-05-31,3,Mirra Andreeva,Yulia Putintseva,,KAZ,6.0,32.0,,6-3,6-1,O,ROLAND GARROS,"Roland Garros - Paris, France",2025.0,Mirra Andreeva,Yulia Putintseva,,,,,,,,,,,,,,,,,,,,,,,,,,,,,,,,,,,,,,,,,,,,,,,,,,,,,,,,,,,,,,,,,,,,,,,,,,,,,,,,,,,,,,,,,,,,,,,,,,,,,,,,,,,,,,,,,,,,,,,,,,,,,,,,,,,,,,,,,,,,,,,,,,,,,,,,,,,,,,,,,,,,,,,,,,,,,,,,,,,,,,,
903,2025,ROLAND GARROS,GC,2025-05-25,2025-06-08,Clay,PARIS,FRANCE,128,26334000,USD,LS60690903,2025-05-30,3,Elina Svitolina,Bernarda Pera,UKR,USA,13.0,,,6-7(4),6-7(5),O,ROLAND GARROS,"Roland Garros - Paris, France",2025.0,Elina Svitolina,Bernarda Pera,,,,,,,,,,,,,,,,,,,,,,,,,,,,,,,,,,,,,,,,,,,,,,,,,,,,,,,,,,,,,,,,,,,,,,,,,,,,,,,,,,,,,,,,,,,,,,,,,,,,,,,,,,,,,,,,,,,,,,,,,,,,,,,,,,,,,,,,,,,,,,,,,,,,,,,,,,,,,,,,,,,,,,,,,,,,,,,,,,,,,,,
903,2025,ROLAND GARROS,GC,2025-05-25,2025-06-08,Clay,PARIS,FRANCE,128,26334000,USD,LS60690909,2025-05-30,3,Jasmine Paolini,Yuliia Starodubtseva,ITA,UKR,4.0,,,6-4,6-1,O,ROLAND GARROS,"Roland Garros - Paris, France",2025.0,Jasmine Paolini,Yuliia Starodubtseva,,,,,,,,,,,,,,,,,,,,,,,,,,,,,,,,,,,,,,,,,,,,,,,,,,,,,,,,,,,,,,,,,,,,,,,,,,,,,,,,,,,,,,,,,,,,,,,,,,,,,,,,,,,,,,,,,,,,,,,,,,,,,,,,,,,,,,,,,,,,,,,,,,,,,,,,,,,,,,,,,,,,,,,,,,,,,,,,,,,,,,,
903,2025,ROLAND GARROS,GC,2025-05-25,2025-06-08,Clay,PARIS,FRANCE,128,26334000,USD,LS60690905,2025-05-30,3,Elena Rybakina,Jelena Ostapenko,KAZ,LVA,12.0,21.0,,6-2,6-2,O,ROLAND GARROS,"Roland Garros - Paris, France",2025.0,Elena Rybakina,Jelena Ostapenko,,,,,,,,,,,,,,,,,,,,,,,,,,,,,,,,,,,,,,,,,,,,,,,,,,,,,,,,,,,,,,,,,,,,,,,,,,,,,,,,,,,,,,,,,,,,,,,,,,,,,,,,,,,,,,,,,,,,,,,,,,,,,,,,,,,,,,,,,,,,,,,,,,,,,,,,,,,,,,,,,,,,,,,,,,,,,,,,,,,,,,,
903,2025,ROLAND GARROS,GC,2025-05-25,2025-06-08,Clay,PARIS,FRANCE,128,26334000,USD,LS60690851,2025-05-30,3,Iga Swiatek,Jaqueline Cristian,POL,ROU,5.0,,,2-6,5-7,O,ROLAND GARROS,"Roland Garros - Paris, France",2025.0,Iga Swiatek,Jaqueline Cristian,,,,,,,,,,,,,,,,,,,,,,,,,,,,,,,,,,,,,,,,,,,,,,,,,,,,,,,,,,,,,,,,,,,,,,,,,,,,,,,,,,,,,,,,,,,,,,,,,,,,,,,,,,,,,,,,,,,,,,,,,,,,,,,,,,,,,,,,,,,,,,,,,,,,,,,,,,,,,,,,,,,,,,,,,,,,,,,,,,,,,,,
903,2025,ROLAND GARROS,GC,2025-05-25,2025-06-08,Clay,PARIS,FRANCE,128,26334000,USD,LS60690897,2025-05-30,3,Liudmila Samsonova,Dayana Yastremska,,UKR,19.0,,,2-6,3-6,O,ROLAND GARROS,"Roland Garros - Paris, France",2025.0,Liudmila Samsonova,Dayana Yastremska,,,,,,,,,,,,,,,,,,,,,,,,,,,,,,,,,,,,,,,,,,,,,,,,,,,,,,,,,,,,,,,,,,,,,,,,,,,,,,,,,,,,,,,,,,,,,,,,,,,,,,,,,,,,,,,,,,,,,,,,,,,,,,,,,,,,,,,,,,,,,,,,,,,,,,,,,,,,,,,,,,,,,,,,,,,,,,,,,,,,,,,
903,2025,ROLAND GARROS,GC,2025-05-25,2025-06-08,Clay,PARIS,FRANCE,128,26334000,USD,LS60690901,2025-05-30,3,Aryna Sabalenka,Olga Danilovic,,SRB,1.0,,,6-2,6-3,O,ROLAND GARROS,"Roland Garros - Paris, France",2025.0,Aryna Sabalenka,Olga Danilovic,,,,,,,,,,,,,,,,,,,,,,,,,,,,,,,,,,,,,,,,,,,,,,,,,,,,,,,,,,,,,,,,,,,,,,,,,,,,,,,,,,,,,,,,,,,,,,,,,,,,,,,,,,,,,,,,,,,,,,,,,,,,,,,,,,,,,,,,,,,,,,,,,,,,,,,,,,,,,,,,,,,,,,,,,,,,,,,,,,,,,,,
903,2025,ROLAND GARROS,GC,2025-05-25,2025-06-08,Clay,PARIS,FRANCE,128,26334000,USD,LS60690895,2025-05-30,3,Amanda Anisimova,Clara Tauson,USA,DNK,16.0,22.0,,6-7(4),4-6,O,ROLAND GARROS,"Roland Garros - Paris, France",2025.0,Amanda Anisimova,Clara Tauson,,,,,,,,,,,,,,,,,,,,,,,,,,,,,,,,,,,,,,,,,,,,,,,,,,,,,,,,,,,,,,,,,,,,,,,,,,,,,,,,,,,,,,,,,,,,,,,,,,,,,,,,,,,,,,,,,,,,,,,,,,,,,,,,,,,,,,,,,,,,,,,,,,,,,,,,,,,,,,,,,,,,,,,,,,,,,,,,,,,,,,,
903,2025,ROLAND GARROS,GC,2025-05-25,2025-06-08,Clay,PARIS,FRANCE,128,26334000,USD,LS60690907,2025-05-30,3,Qinwen Zheng,Victoria Mboko,CHN,CAN,8.0,,,3-6,4-6,O,ROLAND GARROS,"Roland Garros - Paris, France",2025.0,Qinwen Zheng,Victoria Mboko,,,,,,,,,,,,,,,,,,,,,,,,,,,,,,,,,,,,,,,,,,,,,,,,,,,,,,,,,,,,,,,,,,,,,,,,,,,,,,,,,,,,,,,,,,,,,,,,,,,,,,,,,,,,,,,,,,,,,,,,,,,,,,,,,,,,,,,,,,,,,,,,,,,,,,,,,,,,,,,,,,,,,,,,,,,,,,,,,,,,,,,
903,2025,ROLAND GARROS,GC,2025-05-25,2025-06-08,Clay,PARIS,FRANCE,128,26334000,USD,LS60690803,2025-05-29,2,Daria Kasatkina,Leolia Jeanjean,AUS,FRA,17.0,,,6-4,6-2,O,ROLAND GARROS,"Roland Garros - Paris, France",2025.0,Daria Kasatkina,Leolia Jeanjean,,,,,,,,,,,,,,,,,,,,,,,,,,,,,,,,,,,,,,,,,,,,,,,,,,,,,,,,,,,,,,,,,,,,,,,,,,,,,,,,,,,,,,,,,,,,,,,,,,,,,,,,,,,,,,,,,,,,,,,,,,,,,,,,,,,,,,,,,,,,,,,,,,,,,,,,,,,,,,,,,,,,,,,,,,,,,,,,,,,,,,,
903,2025,ROLAND GARROS,GC,2025-05-25,2025-06-08,Clay,PARIS,FRANCE,128,26334000,USD,LS60690879,2025-05-29,2,Sofia Kenin,Victoria Azarenka,USA,,31.0,,,6-7(5),4-6,O,ROLAND GARROS,"Roland Garros - Paris, France",2025.0,Sofia Kenin,Victoria Azarenka,,,,,,,,,,,,,,,,,,,,,,,,,,,,,,,,,,,,,,,,,,,,,,,,,,,,,,,,,,,,,,,,,,,,,,,,,,,,,,,,,,,,,,,,,,,,,,,,,,,,,,,,,,,,,,,,,,,,,,,,,,,,,,,,,,,,,,,,,,,,,,,,,,,,,,,,,,,,,,,,,,,,,,,,,,,,,,,,,,,,,,,
903,2025,ROLAND GARROS,GC,2025-05-25,2025-06-08,Clay,PARIS,FRANCE,128,26334000,USD,LS60690815,2025-05-29,2,Elsa Jacquemot,Alycia Parks,FRA,USA,,,,2-6,7-6(4),O,ROLAND GARROS,"Roland Garros - Paris, France",2025.0,Elsa Jacquemot,Alycia Parks,,,,,,,,,,,,,,,,,,,,,,,,,,,,,,,,,,,,,,,,,,,,,,,,,,,,,,,,,,,,,,,,,,,,,,,,,,,,,,,,,,,,,,,,,,,,,,,,,,,,,,,,,,,,,,,,,,,,,,,,,,,,,,,,,,,,,,,,,,,,,,,,,,,,,,,,,,,,,,,,,,,,,,,,,,,,,,,,,,,,,,,
903,2025,ROLAND GARROS,GC,2025-05-25,2025-06-08,Clay,PARIS,FRANCE,128,26334000,USD,LS60690809,2025-05-29,2,Lois Boisson,Anhelina Kalinina,FRA,UKR,,,,1-6,2-6,O,ROLAND GARROS,"Roland Garros - Paris, France",2025.0,Lois Boisson,Anhelina Kalinina,,,,,,,,,,,,,,,,,,,,,,,,,,,,,,,,,,,,,,,,,,,,,,,,,,,,,,,,,,,,,,,,,,,,,,,,,,,,,,,,,,,,,,,,,,,,,,,,,,,,,,,,,,,,,,,,,,,,,,,,,,,,,,,,,,,,,,,,,,,,,,,,,,,,,,,,,,,,,,,,,,,,,,,,,,,,,,,,,,,,,,,
903,2025,ROLAND GARROS,GC,2025-05-25,2025-06-08,Clay,PARIS,FRANCE,128,26334000,USD,LS60690885,2025-05-29,2,Madison Keys,Katie Boulter,USA,GBR,7.0,,,6-1,6-3,O,ROLAND GARROS,"Roland Garros - Paris, France",2025.0,Madison Keys,Katie Boulter,,,,,,,,,,,,,,,,,,,,,,,,,,,,,,,,,,,,,,,,,,,,,,,,,,,,,,,,,,,,,,,,,,,,,,,,,,,,,,,,,,,,,,,,,,,,,,,,,,,,,,,,,,,,,,,,,,,,,,,,,,,,,,,,,,,,,,,,,,,,,,,,,,,,,,,,,,,,,,,,,,,,,,,,,,,,,,,,,,,,,,,
903,2025,ROLAND GARROS,GC,2025-05-25,2025-06-08,Clay,PARIS,FRANCE,128,26334000,USD,LS60690813,2025-05-29,2,Paula Badosa,Elena-Gabriela Ruse,ESP,ROU,10.0,,,6-3,4-6,O,ROLAND GARROS,"Roland Garros - Paris, France",2025.0,Paula Badosa,Elena-Gabriela Ruse,,,,,,,,,,,,,,,,,,,,,,,,,,,,,,,,,,,,,,,,,,,,,,,,,,,,,,,,,,,,,,,,,,,,,,,,,,,,,,,,,,,,,,,,,,,,,,,,,,,,,,,,,,,,,,,,,,,,,,,,,,,,,,,,,,,,,,,,,,,,,,,,,,,,,,,,,,,,,,,,,,,,,,,,,,,,,,,,,,,,,,,
903,2025,ROLAND GARROS,GC,2025-05-25,2025-06-08,Clay,PARIS,FRANCE,128,26334000,USD,LS60690899,2025-05-29,2,Coco Gauff,Tereza Valentova,USA,CZE,2.0,,,2-6,4-6,O,ROLAND GARROS,"Roland Garros - Paris, France",2025.0,Coco Gauff,Tereza Valentova,,,,,,,,,,,,,,,,,,,,,,,,,,,,,,,,,,,,,,,,,,,,,,,,,,,,,,,,,,,,,,,,,,,,,,,,,,,,,,,,,,,,,,,,,,,,,,,,,,,,,,,,,,,,,,,,,,,,,,,,,,,,,,,,,,,,,,,,,,,,,,,,,,,,,,,,,,,,,,,,,,,,,,,,,,,,,,,,,,,,,,,
903,2025,ROLAND GARROS,GC,2025-05-25,2025-06-08,Clay,PARIS,FRANCE,128,26334000,USD,LS60690893,2025-05-29,2,Veronika Kudermetova,Barbora Krejcikova,,CZE,,15.0,,0-6,3-6,O,ROLAND GARROS,"Roland Garros - Paris, France",2025.0,Veronika Kudermetova,Barbora Krejcikova,,,,,,,,,,,,,,,,,,,,,,,,,,,,,,,,,,,,,,,,,,,,,,,,,,,,,,,,,,,,,,,,,,,,,,,,,,,,,,,,,,,,,,,,,,,,,,,,,,,,,,,,,,,,,,,,,,,,,,,,,,,,,,,,,,,,,,,,,,,,,,,,,,,,,,,,,,,,,,,,,,,,,,,,,,,,,,,,,,,,,,,
903,2025,ROLAND GARROS,GC,2025-05-25,2025-06-08,Clay,PARIS,FRANCE,128,26334000,USD,LS60690799,2025-05-29,2,Yulia Putintseva,Joanna Garland,KAZ,TPE,32.0,,,6-7(5),3-6,O,ROLAND GARROS,"Roland Garros - Paris, France",2025.0,Yulia Putintseva,Joanna Garland,,,,,,,,,,,,,,,,,,,,,,,,,,,,,,,,,,,,,,,,,,,,,,,,,,,,,,,,,,,,,,,,,,,,,,,,,,,,,,,,,,,,,,,,,,,,,,,,,,,,,,,,,,,,,,,,,,,,,,,,,,,,,,,,,,,,,,,,,,,,,,,,,,,,,,,,,,,,,,,,,,,,,,,,,,,,,,,,,,,,,,,
903,2025,ROLAND GARROS,GC,2025-05-25,2025-06-08,Clay,PARIS,FRANCE,128,26334000,USD,LS60690891,2025-05-29,2,Jessica Bouzas Maneiro,Robin Montgomery,ESP,USA,,,,4-6,6-4,O,ROLAND GARROS,"Roland Garros - Paris, France",2025.0,Jessica Bouzas Maneiro,Robin Montgomery,,,,,,,,,,,,,,,,,,,,,,,,,,,,,,,,,,,,,,,,,,,,,,,,,,,,,,,,,,,,,,,,,,,,,,,,,,,,,,,,,,,,,,,,,,,,,,,,,,,,,,,,,,,,,,,,,,,,,,,,,,,,,,,,,,,,,,,,,,,,,,,,,,,,,,,,,,,,,,,,,,,,,,,,,,,,,,,,,,,,,,,
903,2025,ROLAND GARROS,GC,2025-05-25,2025-06-08,Clay,PARIS,FRANCE,128,26334000,USD,LS60690887,2025-05-29,2,Ekaterina Alexandrova,Elisabetta Cocciaretto,,ITA,20.0,,,1-6,3-6,O,ROLAND GARROS,"Roland Garros - Paris, France",2025.0,Ekaterina Alexandrova,Elisabetta Cocciaretto,,,,,,,,,,,,,,,,,,,,,,,,,,,,,,,,,,,,,,,,,,,,,,,,,,,,,,,,,,,,,,,,,,,,,,,,,,,,,,,,,,,,,,,,,,,,,,,,,,,,,,,,,,,,,,,,,,,,,,,,,,,,,,,,,,,,,,,,,,,,,,,,,,,,,,,,,,,,,,,,,,,,,,,,,,,,,,,,,,,,,,,
903,2025,ROLAND GARROS,GC,2025-05-25,2025-06-08,Clay,PARIS,FRANCE,128,26334000,USD,LS60690881,2025-05-29,2,Hailey Baptiste,Nao Hibino,USA,JPN,,,,6-3,6-2,O,ROLAND GARROS,"Roland Garros - Paris, France",2025.0,Hailey Baptiste,Nao Hibino,,,,,,,,,,,,,,,,,,,,,,,,,,,,,,,,,,,,,,,,,,,,,,,,,,,,,,,,,,,,,,,,,,,,,,,,,,,,,,,,,,,,,,,,,,,,,,,,,,,,,,,,,,,,,,,,,,,,,,,,,,,,,,,,,,,,,,,,,,,,,,,,,,,,,,,,,,,,,,,,,,,,,,,,,,,,,,,,,,,,,,,
903,2025,ROLAND GARROS,GC,2025-05-25,2025-06-08,Clay,PARIS,FRANCE,128,26334000,USD,LS60690883,2025-05-29,2,Jessica Pegula,Ann Li,USA,USA,3.0,,,3-6,6-7(3),O,ROLAND GARROS,"Roland Garros - Paris, France",2025.0,Jessica Pegula,Ann Li,,,,,,,,,,,,,,,,,,,,,,,,,,,,,,,,,,,,,,,,,,,,,,,,,,,,,,,,,,,,,,,,,,,,,,,,,,,,,,,,,,,,,,,,,,,,,,,,,,,,,,,,,,,,,,,,,,,,,,,,,,,,,,,,,,,,,,,,,,,,,,,,,,,,,,,,,,,,,,,,,,,,,,,,,,,,,,,,,,,,,,,
903,2025,ROLAND GARROS,GC,2025-05-25,2025-06-08,Clay,PARIS,FRANCE,128,26334000,USD,LS60690807,2025-05-29,2,Mirra Andreeva,Ashlyn Krueger,,USA,6.0,,,6-3,6-4,O,ROLAND GARROS,"Roland Garros - Paris, France",2025.0,Mirra Andreeva,Ashlyn Krueger,,,,,,,,,,,,,,,,,,,,,,,,,,,,,,,,,,,,,,,,,,,,,,,,,,,,,,,,,,,,,,,,,,,,,,,,,,,,,,,,,,,,,,,,,,,,,,,,,,,,,,,,,,,,,,,,,,,,,,,,,,,,,,,,,,,,,,,,,,,,,,,,,,,,,,,,,,,,,,,,,,,,,,,,,,,,,,,,,,,,,,,
903,2025,ROLAND GARROS,GC,2025-05-25,2025-06-08,Clay,PARIS,FRANCE,128,26334000,USD,LS60690811,2025-05-29,2,Marketa Vondrousova,Magdalena Frech,CZE,POL,,25.0,,0-6,6-4,O,ROLAND GARROS,"Roland Garros - Paris, France",2025.0,Marketa Vondrousova,Magdalena Frech,,,,,,,,,,,,,,,,,,,,,,,,,,,,,,,,,,,,,,,,,,,,,,,,,,,,,,,,,,,,,,,,,,,,,,,,,,,,,,,,,,,,,,,,,,,,,,,,,,,,,,,,,,,,,,,,,,,,,,,,,,,,,,,,,,,,,,,,,,,,,,,,,,,,,,,,,,,,,,,,,,,,,,,,,,,,,,,,,,,,,,,
903,2025,ROLAND GARROS,GC,2025-05-25,2025-06-08,Clay,PARIS,FRANCE,128,26334000,USD,LS60690889,2025-05-29,2,Marie Bouzkova,Sonay Kartal,CZE,GBR,,,,6-1,6-4,O,ROLAND GARROS,"Roland Garros - Paris, France",2025.0,Marie Bouzkova,Sonay Kartal,,,,,,,,,,,,,,,,,,,,,,,,,,,,,,,,,,,,,,,,,,,,,,,,,,,,,,,,,,,,,,,,,,,,,,,,,,,,,,,,,,,,,,,,,,,,,,,,,,,,,,,,,,,,,,,,,,,,,,,,,,,,,,,,,,,,,,,,,,,,,,,,,,,,,,,,,,,,,,,,,,,,,,,,,,,,,,,,,,,,,,,
903,2025,ROLAND GARROS,GC,2025-05-25,2025-06-08,Clay,PARIS,FRANCE,128,26334000,USD,LS60690793,2025-05-28,2,Elena Rybakina,Iva Jovic,KAZ,USA,12.0,,,6-3,6-3,O,ROLAND GARROS,"Roland Garros - Paris, France",2025.0,Elena Rybakina,Iva Jovic,,,,,,,,,,,,,,,,,,,,,,,,,,,,,,,,,,,,,,,,,,,,,,,,,,,,,,,,,,,,,,,,,,,,,,,,,,,,,,,,,,,,,,,,,,,,,,,,,,,,,,,,,,,,,,,,,,,,,,,,,,,,,,,,,,,,,,,,,,,,,,,,,,,,,,,,,,,,,,,,,,,,,,,,,,,,,,,,,,,,,,,
903,2025,ROLAND GARROS,GC,2025-05-25,2025-06-08,Clay,PARIS,FRANCE,128,26334000,USD,LS60690837,2025-05-28,2,Aryna Sabalenka,Jil Teichmann,,CHE,1.0,,,6-3,6-1,O,ROLAND GARROS,"Roland Garros - Paris, France",2025.0,Aryna Sabalenka,Jil Teichmann,,,,,,,,,,,,,,,,,,,,,,,,,,,,,,,,,,,,,,,,,,,,,,,,,,,,,,,,,,,,,,,,,,,,,,,,,,,,,,,,,,,,,,,,,,,,,,,,,,,,,,,,,,,,,,,,,,,,,,,,,,,,,,,,,,,,,,,,,,,,,,,,,,,,,,,,,,,,,,,,,,,,,,,,,,,,,,,,,,,,,,,
903,2025,ROLAND GARROS,GC,2025-05-25,2025-06-08,Clay,PARIS,FRANCE,128,26334000,USD,LS60690845,2025-05-28,2,Dayana Yastremska,Diana Shnaider,UKR,,,11.0,,5-7,5-7,O,ROLAND GARROS,"Roland Garros - Paris, France",2025.0,Dayana Yastremska,Diana Shnaider,,,,,,,,,,,,,,,,,,,,,,,,,,,,,,,,,,,,,,,,,,,,,,,,,,,,,,,,,,,,,,,,,,,,,,,,,,,,,,,,,,,,,,,,,,,,,,,,,,,,,,,,,,,,,,,,,,,,,,,,,,,,,,,,,,,,,,,,,,,,,,,,,,,,,,,,,,,,,,,,,,,,,,,,,,,,,,,,,,,,,,,
903,2025,ROLAND GARROS,GC,2025-05-25,2025-06-08,Clay,PARIS,FRANCE,128,26334000,USD,LS60690785,2025-05-28,2,Jelena Ostapenko,Caroline Dolehide,LVA,USA,21.0,,,7-5,3-6,O,ROLAND GARROS,"Roland Garros - Paris, France",2025.0,Jelena Ostapenko,Caroline Dolehide,,,,,,,,,,,,,,,,,,,,,,,,,,,,,,,,,,,,,,,,,,,,,,,,,,,,,,,,,,,,,,,,,,,,,,,,,,,,,,,,,,,,,,,,,,,,,,,,,,,,,,,,,,,,,,,,,,,,,,,,,,,,,,,,,,,,,,,,,,,,,,,,,,,,,,,,,,,,,,,,,,,,,,,,,,,,,,,,,,,,,,,
903,2025,ROLAND GARROS,GC,2025-05-25,2025-06-08,Clay,PARIS,FRANCE,128,26334000,USD,LS60690839,2025-05-28,2,Liudmila Samsonova,Leyre Romero Gormaz,,ESP,19.0,,,3-6,3-6,O,ROLAND GARROS,"Roland Garros - Paris, France",2025.0,Liudmila Samsonova,Leyre Romero Gormaz,,,,,,,,,,,,,,,,,,,,,,,,,,,,,,,,,,,,,,,,,,,,,,,,,,,,,,,,,,,,,,,,,,,,,,,,,,,,,,,,,,,,,,,,,,,,,,,,,,,,,,,,,,,,,,,,,,,,,,,,,,,,,,,,,,,,,,,,,,,,,,,,,,,,,,,,,,,,,,,,,,,,,,,,,,,,,,,,,,,,,,,
903,2025,ROLAND GARROS,GC,2025-05-25,2025-06-08,Clay,PARIS,FRANCE,128,26334000,USD,LS60690787,2025-05-28,2,Jaqueline Cristian,Sara Bejlek,ROU,CZE,,,,6-1,3-6,O,ROLAND GARROS,"Roland Garros - Paris, France",2025.0,Jaqueline Cristian,Sara Bejlek,,,,,,,,,,,,,,,,,,,,,,,,,,,,,,,,,,,,,,,,,,,,,,,,,,,,,,,,,,,,,,,,,,,,,,,,,,,,,,,,,,,,,,,,,,,,,,,,,,,,,,,,,,,,,,,,,,,,,,,,,,,,,,,,,,,,,,,,,,,,,,,,,,,,,,,,,,,,,,,,,,,,,,,,,,,,,,,,,,,,,,,
903,2025,ROLAND GARROS,GC,2025-05-25,2025-06-08,Clay,PARIS,FRANCE,128,26334000,USD,LS60690833,2025-05-28,2,Olga Danilovic,Danielle Collins,SRB,USA,,,,4-6,6-3,O,ROLAND GARROS,"Roland Garros - Paris, France",2025.0,Olga Danilovic,Danielle Collins,,,,,,,,,,,,,,,,,,,,,,,,,,,,,,,,,,,,,,,,,,,,,,,,,,,,,,,,,,,,,,,,,,,,,,,,,,,,,,,,,,,,,,,,,,,,,,,,,,,,,,,,,,,,,,,,,,,,,,,,,,,,,,,,,,,,,,,,,,,,,,,,,,,,,,,,,,,,,,,,,,,,,,,,,,,,,,,,,,,,,,,
903,2025,ROLAND GARROS,GC,2025-05-25,2025-06-08,Clay,PARIS,FRANCE,128,26334000,USD,LS60690805,2025-05-28,2,Iga Swiatek,Emma Raducanu,POL,GBR,5.0,,,1-6,2-6,O,ROLAND GARROS,"Roland Garros - Paris, France",2025.0,Iga Swiatek,Emma Raducanu,,,,,,,,,,,,,,,,,,,,,,,,,,,,,,,,,,,,,,,,,,,,,,,,,,,,,,,,,,,,,,,,,,,,,,,,,,,,,,,,,,,,,,,,,,,,,,,,,,,,,,,,,,,,,,,,,,,,,,,,,,,,,,,,,,,,,,,,,,,,,,,,,,,,,,,,,,,,,,,,,,,,,,,,,,,,,,,,,,,,,,,
903,2025,ROLAND GARROS,GC,2025-05-25,2025-06-08,Clay,PARIS,FRANCE,128,26334000,USD,LS60690835,2025-05-28,2,Arantxa Rus,Clara Tauson,NLD,DNK,,22.0,,7-6(2),7-5,O,ROLAND GARROS,"Roland Garros - Paris, France",2025.0,Arantxa Rus,Clara Tauson,,,,,,,,,,,,,,,,,,,,,,,,,,,,,,,,,,,,,,,,,,,,,,,,,,,,,,,,,,,,,,,,,,,,,,,,,,,,,,,,,,,,,,,,,,,,,,,,,,,,,,,,,,,,,,,,,,,,,,,,,,,,,,,,,,,,,,,,,,,,,,,,,,,,,,,,,,,,,,,,,,,,,,,,,,,,,,,,,,,,,,,
903,2025,ROLAND GARROS,GC,2025-05-25,2025-06-08,Clay,PARIS,FRANCE,128,26334000,USD,LS60690779,2025-05-28,2,Bernarda Pera,Donna Vekic,USA,HRV,,18.0,,2-6,6-4,O,ROLAND GARROS,"Roland Garros - Paris, France",2025.0,Bernarda Pera,Donna Vekic,,,,,,,,,,,,,,,,,,,,,,,,,,,,,,,,,,,,,,,,,,,,,,,,,,,,,,,,,,,,,,,,,,,,,,,,,,,,,,,,,,,,,,,,,,,,,,,,,,,,,,,,,,,,,,,,,,,,,,,,,,,,,,,,,,,,,,,,,,,,,,,,,,,,,,,,,,,,,,,,,,,,,,,,,,,,,,,,,,,,,,,
903,2025,ROLAND GARROS,GC,2025-05-25,2025-06-08,Clay,PARIS,FRANCE,128,26334000,USD,LS60690777,2025-05-28,2,Anastasia Potapova,Yuliia Starodubtseva,AUT,UKR,,,,7-6(4),6-2,O,ROLAND GARROS,"Roland Garros - Paris, France",2025.0,Anastasia Potapova,Yuliia Starodubtseva,,,,,,,,,,,,,,,,,,,,,,,,,,,,,,,,,,,,,,,,,,,,,,,,,,,,,,,,,,,,,,,,,,,,,,,,,,,,,,,,,,,,,,,,,,,,,,,,,,,,,,,,,,,,,,,,,,,,,,,,,,,,,,,,,,,,,,,,,,,,,,,,,,,,,,,,,,,,,,,,,,,,,,,,,,,,,,,,,,,,,,,
903,2025,ROLAND GARROS,GC,2025-05-25,2025-06-08,Clay,PARIS,FRANCE,128,26334000,USD,LS60690789,2025-05-28,2,Elina Svitolina,Anna Bondar,UKR,HUN,13.0,,,6-7(4),5-7,O,ROLAND GARROS,"Roland Garros - Paris, France",2025.0,Elina Svitolina,Anna Bondar,,,,,,,,,,,,,,,,,,,,,,,,,,,,,,,,,,,,,,,,,,,,,,,,,,,,,,,,,,,,,,,,,,,,,,,,,,,,,,,,,,,,,,,,,,,,,,,,,,,,,,,,,,,,,,,,,,,,,,,,,,,,,,,,,,,,,,,,,,,,,,,,,,,,,,,,,,,,,,,,,,,,,,,,,,,,,,,,,,,,,,,
903,2025,ROLAND GARROS,GC,2025-05-25,2025-06-08,Clay,PARIS,FRANCE,128,26334000,USD,LS60690783,2025-05-28,2,Jasmine Paolini,Ajla Tomljanovic,ITA,AUS,4.0,,,6-3,6-3,O,ROLAND GARROS,"Roland Garros - Paris, France",2025.0,Jasmine Paolini,Ajla Tomljanovic,,,,,,,,,,,,,,,,,,,,,,,,,,,,,,,,,,,,,,,,,,,,,,,,,,,,,,,,,,,,,,,,,,,,,,,,,,,,,,,,,,,,,,,,,,,,,,,,,,,,,,,,,,,,,,,,,,,,,,,,,,,,,,,,,,,,,,,,,,,,,,,,,,,,,,,,,,,,,,,,,,,,,,,,,,,,,,,,,,,,,,,
903,2025,ROLAND GARROS,GC,2025-05-25,2025-06-08,Clay,PARIS,FRANCE,128,26334000,USD,LS60690781,2025-05-28,2,Qinwen Zheng,Emiliana Arango,CHN,COL,8.0,,,2-6,3-6,O,ROLAND GARROS,"Roland Garros - Paris, France",2025.0,Qinwen Zheng,Emiliana Arango,,,,,,,,,,,,,,,,,,,,,,,,,,,,,,,,,,,,,,,,,,,,,,,,,,,,,,,,,,,,,,,,,,,,,,,,,,,,,,,,,,,,,,,,,,,,,,,,,,,,,,,,,,,,,,,,,,,,,,,,,,,,,,,,,,,,,,,,,,,,,,,,,,,,,,,,,,,,,,,,,,,,,,,,,,,,,,,,,,,,,,,
903,2025,ROLAND GARROS,GC,2025-05-25,2025-06-08,Clay,PARIS,FRANCE,128,26334000,USD,LS60690841,2025-05-28,2,Victoria Mboko,Eva Lys,CAN,DEU,,,,4-6,4-6,O,ROLAND GARROS,"Roland Garros - Paris, France",2025.0,Victoria Mboko,Eva Lys,,,,,,,,,,,,,,,,,,,,,,,,,,,,,,,,,,,,,,,,,,,,,,,,,,,,,,,,,,,,,,,,,,,,,,,,,,,,,,,,,,,,,,,,,,,,,,,,,,,,,,,,,,,,,,,,,,,,,,,,,,,,,,,,,,,,,,,,,,,,,,,,,,,,,,,,,,,,,,,,,,,,,,,,,,,,,,,,,,,,,,,
903,2025,ROLAND GARROS,GC,2025-05-25,2025-06-08,Clay,PARIS,FRANCE,128,26334000,USD,LS60690843,2025-05-28,2,Amanda Anisimova,Viktorija Golubic,USA,CHE,16.0,,,0-6,2-6,O,ROLAND GARROS,"Roland Garros - Paris, France",2025.0,Amanda Anisimova,Viktorija Golubic,,,,,,,,,,,,,,,,,,,,,,,,,,,,,,,,,,,,,,,,,,,,,,,,,,,,,,,,,,,,,,,,,,,,,,,,,,,,,,,,,,,,,,,,,,,,,,,,,,,,,,,,,,,,,,,,,,,,,,,,,,,,,,,,,,,,,,,,,,,,,,,,,,,,,,,,,,,,,,,,,,,,,,,,,,,,,,,,,,,,,,,
903,2025,ROLAND GARROS,GC,2025-05-25,2025-06-08,Clay,PARIS,FRANCE,128,26334000,USD,LS60736179,2025-05-27,1,Alycia Parks,Karolina Muchova,USA,CZE,,14.0,,3-6,6-2,O,ROLAND GARROS,"Roland Garros - Paris, France",2025.0,Alycia Parks,Karolina Muchova,,,,,,,,,,,,,,,,,,,,,,,,,,,,,,,,,,,,,,,,,,,,,,,,,,,,,,,,,,,,,,,,,,,,,,,,,,,,,,,,,,,,,,,,,,,,,,,,,,,,,,,,,,,,,,,,,,,,,,,,,,,,,,,,,,,,,,,,,,,,,,,,,,,,,,,,,,,,,,,,,,,,,,,,,,,,,,,,,,,,,,,
903,2025,ROLAND GARROS,GC,2025-05-25,2025-06-08,Clay,PARIS,FRANCE,128,26334000,USD,LS60736151,2025-05-27,1,Marie Bouzkova,Anna Kalinskaya,CZE,,,30.0,,4-6,5-7,O,ROLAND GARROS,"Roland Garros - Paris, France",2025.0,Marie Bouzkova,Anna Kalinskaya,,,,,,,,,,,,,,,,,,,,,,,,,,,,,,,,,,,,,,,,,,,,,,,,,,,,,,,,,,,,,,,,,,,,,,,,,,,,,,,,,,,,,,,,,,,,,,,,,,,,,,,,,,,,,,,,,,,,,,,,,,,,,,,,,,,,,,,,,,,,,,,,,,,,,,,,,,,,,,,,,,,,,,,,,,,,,,,,,,,,,,,
903,2025,ROLAND GARROS,GC,2025-05-25,2025-06-08,Clay,PARIS,FRANCE,128,26334000,USD,LS60762863,2025-05-27,1,Joanna Garland,Katie Volynets,TPE,USA,,,,3-6,6-3,O,ROLAND GARROS,"Roland Garros - Paris, France",2025.0,Joanna Garland,Katie Volynets,,,,,,,,,,,,,,,,,,,,,,,,,,,,,,,,,,,,,,,,,,,,,,,,,,,,,,,,,,,,,,,,,,,,,,,,,,,,,,,,,,,,,,,,,,,,,,,,,,,,,,,,,,,,,,,,,,,,,,,,,,,,,,,,,,,,,,,,,,,,,,,,,,,,,,,,,,,,,,,,,,,,,,,,,,,,,,,,,,,,,,,
903,2025,ROLAND GARROS,GC,2025-05-25,2025-06-08,Clay,PARIS,FRANCE,128,26334000,USD,LS60762861,2025-05-27,1,Yulia Putintseva,Solana Sierra,KAZ,ARG,32.0,,,6-7(4),2-6,O,ROLAND GARROS,"Roland Garros - Paris, France",2025.0,Yulia Putintseva,Solana Sierra,,,,,,,,,,,,,,,,,,,,,,,,,,,,,,,,,,,,,,,,,,,,,,,,,,,,,,,,,,,,,,,,,,,,,,,,,,,,,,,,,,,,,,,,,,,,,,,,,,,,,,,,,,,,,,,,,,,,,,,,,,,,,,,,,,,,,,,,,,,,,,,,,,,,,,,,,,,,,,,,,,,,,,,,,,,,,,,,,,,,,,,
903,2025,ROLAND GARROS,GC,2025-05-25,2025-06-08,Clay,PARIS,FRANCE,128,26334000,USD,LS60762857,2025-05-27,1,Ann Li,Maria Carle,USA,ARG,,,,4-6,0-6,O,ROLAND GARROS,"Roland Garros - Paris, France",2025.0,Ann Li,Maria Carle,,,,,,,,,,,,,,,,,,,,,,,,,,,,,,,,,,,,,,,,,,,,,,,,,,,,,,,,,,,,,,,,,,,,,,,,,,,,,,,,,,,,,,,,,,,,,,,,,,,,,,,,,,,,,,,,,,,,,,,,,,,,,,,,,,,,,,,,,,,,,,,,,,,,,,,,,,,,,,,,,,,,,,,,,,,,,,,,,,,,,,,
903,2025,ROLAND GARROS,GC,2025-05-25,2025-06-08,Clay,PARIS,FRANCE,128,26334000,USD,LS60736173,2025-05-27,1,Lois Boisson,Elise Mertens,FRA,BEL,,24.0,,6-4,4-6,O,ROLAND GARROS,"Roland Garros - Paris, France",2025.0,Lois Boisson,Elise Mertens,,,,,,,,,,,,,,,,,,,,,,,,,,,,,,,,,,,,,,,,,,,,,,,,,,,,,,,,,,,,,,,,,,,,,,,,,,,,,,,,,,,,,,,,,,,,,,,,,,,,,,,,,,,,,,,,,,,,,,,,,,,,,,,,,,,,,,,,,,,,,,,,,,,,,,,,,,,,,,,,,,,,,,,,,,,,,,,,,,,,,,,
903,2025,ROLAND GARROS,GC,2025-05-25,2025-06-08,Clay,PARIS,FRANCE,128,26334000,USD,LS60736149,2025-05-27,1,Sonay Kartal,Erika Andreeva,GBR,,,,,6-0,6-2,O,ROLAND GARROS,"Roland Garros - Paris, France",2025.0,Sonay Kartal,Erika Andreeva,,,,,,,,,,,,,,,,,,,,,,,,,,,,,,,,,,,,,,,,,,,,,,,,,,,,,,,,,,,,,,,,,,,,,,,,,,,,,,,,,,,,,,,,,,,,,,,,,,,,,,,,,,,,,,,,,,,,,,,,,,,,,,,,,,,,,,,,,,,,,,,,,,,,,,,,,,,,,,,,,,,,,,,,,,,,,,,,,,,,,,,
903,2025,ROLAND GARROS,GC,2025-05-25,2025-06-08,Clay,PARIS,FRANCE,128,26334000,USD,LS60736171,2025-05-27,1,Ons Jabeur,Magdalena Frech,TUN,POL,,25.0,,7-6(4),6-0,O,ROLAND GARROS,"Roland Garros - Paris, France",2025.0,Ons Jabeur,Magdalena Frech,,,,,,,,,,,,,,,,,,,,,,,,,,,,,,,,,,,,,,,,,,,,,,,,,,,,,,,,,,,,,,,,,,,,,,,,,,,,,,,,,,,,,,,,,,,,,,,,,,,,,,,,,,,,,,,,,,,,,,,,,,,,,,,,,,,,,,,,,,,,,,,,,,,,,,,,,,,,,,,,,,,,,,,,,,,,,,,,,,,,,,,
903,2025,ROLAND GARROS,GC,2025-05-25,2025-06-08,Clay,PARIS,FRANCE,128,26334000,USD,LS60736169,2025-05-27,1,Jessica Pegula,Anca Alexia Todoni,USA,ROU,3.0,,,2-6,4-6,O,ROLAND GARROS,"Roland Garros - Paris, France",2025.0,Jessica Pegula,Anca Alexia Todoni,,,,,,,,,,,,,,,,,,,,,,,,,,,,,,,,,,,,,,,,,,,,,,,,,,,,,,,,,,,,,,,,,,,,,,,,,,,,,,,,,,,,,,,,,,,,,,,,,,,,,,,,,,,,,,,,,,,,,,,,,,,,,,,,,,,,,,,,,,,,,,,,,,,,,,,,,,,,,,,,,,,,,,,,,,,,,,,,,,,,,,,
903,2025,ROLAND GARROS,GC,2025-05-25,2025-06-08,Clay,PARIS,FRANCE,128,26334000,USD,LS60736177,2025-05-27,1,Maria Sakkari,Elsa Jacquemot,GRC,FRA,,,,6-3,7-6(4),O,ROLAND GARROS,"Roland Garros - Paris, France",2025.0,Maria Sakkari,Elsa Jacquemot,,,,,,,,,,,,,,,,,,,,,,,,,,,,,,,,,,,,,,,,,,,,,,,,,,,,,,,,,,,,,,,,,,,,,,,,,,,,,,,,,,,,,,,,,,,,,,,,,,,,,,,,,,,,,,,,,,,,,,,,,,,,,,,,,,,,,,,,,,,,,,,,,,,,,,,,,,,,,,,,,,,,,,,,,,,,,,,,,,,,,,,
903,2025,ROLAND GARROS,GC,2025-05-25,2025-06-08,Clay,PARIS,FRANCE,128,26334000,USD,LS60736189,2025-05-27,1,Ashlyn Krueger,Suzan Lamens,USA,NLD,,,,3-6,4-6,O,ROLAND GARROS,"Roland Garros - Paris, France",2025.0,Ashlyn Krueger,Suzan Lamens,,,,,,,,,,,,,,,,,,,,,,,,,,,,,,,,,,,,,,,,,,,,,,,,,,,,,,,,,,,,,,,,,,,,,,,,,,,,,,,,,,,,,,,,,,,,,,,,,,,,,,,,,,,,,,,,,,,,,,,,,,,,,,,,,,,,,,,,,,,,,,,,,,,,,,,,,,,,,,,,,,,,,,,,,,,,,,,,,,,,,,,
903,2025,ROLAND GARROS,GC,2025-05-25,2025-06-08,Clay,PARIS,FRANCE,128,26334000,USD,LS60736147,2025-05-27,1,Coco Gauff,Olivia Gadecki,USA,AUS,2.0,,,2-6,2-6,O,ROLAND GARROS,"Roland Garros - Paris, France",2025.0,Coco Gauff,Olivia Gadecki,,,,,,,,,,,,,,,,,,,,,,,,,,,,,,,,,,,,,,,,,,,,,,,,,,,,,,,,,,,,,,,,,,,,,,,,,,,,,,,,,,,,,,,,,,,,,,,,,,,,,,,,,,,,,,,,,,,,,,,,,,,,,,,,,,,,,,,,,,,,,,,,,,,,,,,,,,,,,,,,,,,,,,,,,,,,,,,,,,,,,,,
903,2025,ROLAND GARROS,GC,2025-05-25,2025-06-08,Clay,PARIS,FRANCE,128,26334000,USD,LS60762847,2025-05-27,1,Tereza Valentova,Chloe Paquet,CZE,FRA,,,,6-4,3-6,O,ROLAND GARROS,"Roland Garros - Paris, France",2025.0,Tereza Valentova,Chloe Paquet,,,,,,,,,,,,,,,,,,,,,,,,,,,,,,,,,,,,,,,,,,,,,,,,,,,,,,,,,,,,,,,,,,,,,,,,,,,,,,,,,,,,,,,,,,,,,,,,,,,,,,,,,,,,,,,,,,,,,,,,,,,,,,,,,,,,,,,,,,,,,,,,,,,,,,,,,,,,,,,,,,,,,,,,,,,,,,,,,,,,,,,
903,2025,ROLAND GARROS,GC,2025-05-25,2025-06-08,Clay,PARIS,FRANCE,128,26334000,USD,LS60736175,2025-05-27,1,Anhelina Kalinina,Elina Avanesyan,UKR,ARM,,,,1-6,2-6,O,ROLAND GARROS,"Roland Garros - Paris, France",2025.0,Anhelina Kalinina,Elina Avanesyan,,,,,,,,,,,,,,,,,,,,,,,,,,,,,,,,,,,,,,,,,,,,,,,,,,,,,,,,,,,,,,,,,,,,,,,,,,,,,,,,,,,,,,,,,,,,,,,,,,,,,,,,,,,,,,,,,,,,,,,,,,,,,,,,,,,,,,,,,,,,,,,,,,,,,,,,,,,,,,,,,,,,,,,,,,,,,,,,,,,,,,,
903,2025,ROLAND GARROS,GC,2025-05-25,2025-06-08,Clay,PARIS,FRANCE,128,26334000,USD,LS60736165,2025-05-27,1,Sofia Kenin,Varvara Gracheva,USA,FRA,31.0,,,3-6,1-6,O,ROLAND GARROS,"Roland Garros - Paris, France",2025.0,Sofia Kenin,Varvara Gracheva,,,,,,,,,,,,,,,,,,,,,,,,,,,,,,,,,,,,,,,,,,,,,,,,,,,,,,,,,,,,,,,,,,,,,,,,,,,,,,,,,,,,,,,,,,,,,,,,,,,,,,,,,,,,,,,,,,,,,,,,,,,,,,,,,,,,,,,,,,,,,,,,,,,,,,,,,,,,,,,,,,,,,,,,,,,,,,,,,,,,,,,
903,2025,ROLAND GARROS,GC,2025-05-25,2025-06-08,Clay,PARIS,FRANCE,128,26334000,USD,LS60736163,2025-05-27,1,Hailey Baptiste,Beatriz Haddad Maia,USA,BRA,,23.0,,6-4,3-6,O,ROLAND GARROS,"Roland Garros - Paris, France",2025.0,Hailey Baptiste,Beatriz Haddad Maia,,,,,,,,,,,,,,,,,,,,,,,,,,,,,,,,,,,,,,,,,,,,,,,,,,,,,,,,,,,,,,,,,,,,,,,,,,,,,,,,,,,,,,,,,,,,,,,,,,,,,,,,,,,,,,,,,,,,,,,,,,,,,,,,,,,,,,,,,,,,,,,,,,,,,,,,,,,,,,,,,,,,,,,,,,,,,,,,,,,,,,,
903,2025,ROLAND GARROS,GC,2025-05-25,2025-06-08,Clay,PARIS,FRANCE,128,26334000,USD,LS60736167,2025-05-27,1,Victoria Azarenka,Yanina Wickmayer,,BEL,,,,0-6,0-6,O,ROLAND GARROS,"Roland Garros - Paris, France",2025.0,Victoria Azarenka,Yanina Wickmayer,,,,,,,,,,,,,,,,,,,,,,,,,,,,,,,,,,,,,,,,,,,,,,,,,,,,,,,,,,,,,,,,,,,,,,,,,,,,,,,,,,,,,,,,,,,,,,,,,,,,,,,,,,,,,,,,,,,,,,,,,,,,,,,,,,,,,,,,,,,,,,,,,,,,,,,,,,,,,,,,,,,,,,,,,,,,,,,,,,,,,,,
903,2025,ROLAND GARROS,GC,2025-05-25,2025-06-08,Clay,PARIS,FRANCE,128,26334000,USD,LS60736191,2025-05-27,1,Mirra Andreeva,Cristina Bucsa,,ESP,6.0,,,6-4,6-3,O,ROLAND GARROS,"Roland Garros - Paris, France",2025.0,Mirra Andreeva,Cristina Bucsa,,,,,,,,,,,,,,,,,,,,,,,,,,,,,,,,,,,,,,,,,,,,,,,,,,,,,,,,,,,,,,,,,,,,,,,,,,,,,,,,,,,,,,,,,,,,,,,,,,,,,,,,,,,,,,,,,,,,,,,,,,,,,,,,,,,,,,,,,,,,,,,,,,,,,,,,,,,,,,,,,,,,,,,,,,,,,,,,,,,,,,,
903,2025,ROLAND GARROS,GC,2025-05-25,2025-06-08,Clay,PARIS,FRANCE,128,26334000,USD,LS60762851,2025-05-27,1,Nao Hibino,Moyuka Uchijima,JPN,JPN,,,,6-1,7-5,O,ROLAND GARROS,"Roland Garros - Paris, France",2025.0,Nao Hibino,Moyuka Uchijima,,,,,,,,,,,,,,,,,,,,,,,,,,,,,,,,,,,,,,,,,,,,,,,,,,,,,,,,,,,,,,,,,,,,,,,,,,,,,,,,,,,,,,,,,,,,,,,,,,,,,,,,,,,,,,,,,,,,,,,,,,,,,,,,,,,,,,,,,,,,,,,,,,,,,,,,,,,,,,,,,,,,,,,,,,,,,,,,,,,,,,,
903,2025,ROLAND GARROS,GC,2025-05-25,2025-06-08,Clay,PARIS,FRANCE,128,26334000,USD,LS60762859,2025-05-27,1,Marketa Vondrousova,Oksana Selekhmeteva,CZE,,,,,4-6,4-6,O,ROLAND GARROS,"Roland Garros - Paris, France",2025.0,Marketa Vondrousova,Oksana Selekhmeteva,,,,,,,,,,,,,,,,,,,,,,,,,,,,,,,,,,,,,,,,,,,,,,,,,,,,,,,,,,,,,,,,,,,,,,,,,,,,,,,,,,,,,,,,,,,,,,,,,,,,,,,,,,,,,,,,,,,,,,,,,,,,,,,,,,,,,,,,,,,,,,,,,,,,,,,,,,,,,,,,,,,,,,,,,,,,,,,,,,,,,,,
903,2025,ROLAND GARROS,GC,2025-05-25,2025-06-08,Clay,PARIS,FRANCE,128,26334000,USD,LS60762849,2025-05-26,1,Elisabetta Cocciaretto,Taylor Townsend,ITA,USA,,,,3-6,2-6,O,ROLAND GARROS,"Roland Garros - Paris, France",2025.0,Elisabetta Cocciaretto,Taylor Townsend,,,,,,,,,,,,,,,,,,,,,,,,,,,,,,,,,,,,,,,,,,,,,,,,,,,,,,,,,,,,,,,,,,,,,,,,,,,,,,,,,,,,,,,,,,,,,,,,,,,,,,,,,,,,,,,,,,,,,,,,,,,,,,,,,,,,,,,,,,,,,,,,,,,,,,,,,,,,,,,,,,,,,,,,,,,,,,,,,,,,,,,
903,2025,ROLAND GARROS,GC,2025-05-25,2025-06-08,Clay,PARIS,FRANCE,128,26334000,USD,LS60736201,2025-05-26,1,Caroline Dolehide,Greet Minnen,USA,BEL,,,,3-6,6-3,O,ROLAND GARROS,"Roland Garros - Paris, France",2025.0,Caroline Dolehide,Greet Minnen,,,,,,,,,,,,,,,,,,,,,,,,,,,,,,,,,,,,,,,,,,,,,,,,,,,,,,,,,,,,,,,,,,,,,,,,,,,,,,,,,,,,,,,,,,,,,,,,,,,,,,,,,,,,,,,,,,,,,,,,,,,,,,,,,,,,,,,,,,,,,,,,,,,,,,,,,,,,,,,,,,,,,,,,,,,,,,,,,,,,,,,
903,2025,ROLAND GARROS,GC,2025-05-25,2025-06-08,Clay,PARIS,FRANCE,128,26334000,USD,LS60736185,2025-05-26,1,Leolia Jeanjean,Irina-Camelia Begu,FRA,ROU,,,,0-6,7-5,O,ROLAND GARROS,"Roland Garros - Paris, France",2025.0,Leolia Jeanjean,Irina-Camelia Begu,,,,,,,,,,,,,,,,,,,,,,,,,,,,,,,,,,,,,,,,,,,,,,,,,,,,,,,,,,,,,,,,,,,,,,,,,,,,,,,,,,,,,,,,,,,,,,,,,,,,,,,,,,,,,,,,,,,,,,,,,,,,,,,,,,,,,,,,,,,,,,,,,,,,,,,,,,,,,,,,,,,,,,,,,,,,,,,,,,,,,,,
903,2025,ROLAND GARROS,GC,2025-05-25,2025-06-08,Clay,PARIS,FRANCE,128,26334000,USD,LS60736235,2025-05-26,1,Clara Tauson,Magda Linette,DNK,POL,22.0,,,6-4,4-6,O,ROLAND GARROS,"Roland Garros - Paris, France",2025.0,Clara Tauson,Magda Linette,,,,,,,,,,,,,,,,,,,,,,,,,,,,,,,,,,,,,,,,,,,,,,,,,,,,,,,,,,,,,,,,,,,,,,,,,,,,,,,,,,,,,,,,,,,,,,,,,,,,,,,,,,,,,,,,,,,,,,,,,,,,,,,,,,,,,,,,,,,,,,,,,,,,,,,,,,,,,,,,,,,,,,,,,,,,,,,,,,,,,,,
903,2025,ROLAND GARROS,GC,2025-05-25,2025-06-08,Clay,PARIS,FRANCE,128,26334000,USD,LS60762855,2025-05-26,1,Madison Keys,Daria Saville,USA,AUS,7.0,,,6-2,6-1,O,ROLAND GARROS,"Roland Garros - Paris, France",2025.0,Madison Keys,Daria Saville,,,,,,,,,,,,,,,,,,,,,,,,,,,,,,,,,,,,,,,,,,,,,,,,,,,,,,,,,,,,,,,,,,,,,,,,,,,,,,,,,,,,,,,,,,,,,,,,,,,,,,,,,,,,,,,,,,,,,,,,,,,,,,,,,,,,,,,,,,,,,,,,,,,,,,,,,,,,,,,,,,,,,,,,,,,,,,,,,,,,,,,
903,2025,ROLAND GARROS,GC,2025-05-25,2025-06-08,Clay,PARIS,FRANCE,128,26334000,USD,LS60736233,2025-05-26,1,Arantxa Rus,Camila Osorio,NLD,COL,,,,4-6,6-2,O,ROLAND GARROS,"Roland Garros - Paris, France",2025.0,Arantxa Rus,Camila Osorio,,,,,,,,,,,,,,,,,,,,,,,,,,,,,,,,,,,,,,,,,,,,,,,,,,,,,,,,,,,,,,,,,,,,,,,,,,,,,,,,,,,,,,,,,,,,,,,,,,,,,,,,,,,,,,,,,,,,,,,,,,,,,,,,,,,,,,,,,,,,,,,,,,,,,,,,,,,,,,,,,,,,,,,,,,,,,,,,,,,,,,,
903,2025,ROLAND GARROS,GC,2025-05-25,2025-06-08,Clay,PARIS,FRANCE,128,26334000,USD,LS60736153,2025-05-26,1,Ekaterina Alexandrova,Lucia Bronzetti,,ITA,20.0,,,3-6,2-6,O,ROLAND GARROS,"Roland Garros - Paris, France",2025.0,Ekaterina Alexandrova,Lucia Bronzetti,,,,,,,,,,,,,,,,,,,,,,,,,,,,,,,,,,,,,,,,,,,,,,,,,,,,,,,,,,,,,,,,,,,,,,,,,,,,,,,,,,,,,,,,,,,,,,,,,,,,,,,,,,,,,,,,,,,,,,,,,,,,,,,,,,,,,,,,,,,,,,,,,,,,,,,,,,,,,,,,,,,,,,,,,,,,,,,,,,,,,,,
903,2025,ROLAND GARROS,GC,2025-05-25,2025-06-08,Clay,PARIS,FRANCE,128,26334000,USD,LS60736157,2025-05-26,1,Tatjana Maria,Barbora Krejcikova,DEU,CZE,,15.0,,7-6(4),6-3,O,ROLAND GARROS,"Roland Garros - Paris, France",2025.0,Tatjana Maria,Barbora Krejcikova,,,,,,,,,,,,,,,,,,,,,,,,,,,,,,,,,,,,,,,,,,,,,,,,,,,,,,,,,,,,,,,,,,,,,,,,,,,,,,,,,,,,,,,,,,,,,,,,,,,,,,,,,,,,,,,,,,,,,,,,,,,,,,,,,,,,,,,,,,,,,,,,,,,,,,,,,,,,,,,,,,,,,,,,,,,,,,,,,,,,,,,
903,2025,ROLAND GARROS,GC,2025-05-25,2025-06-08,Clay,PARIS,FRANCE,128,26334000,USD,LS60736199,2025-05-26,1,Jelena Ostapenko,Polina Kudermetova,LVA,UZB,21.0,,,7-5,0-6,O,ROLAND GARROS,"Roland Garros - Paris, France",2025.0,Jelena Ostapenko,Polina Kudermetova,,,,,,,,,,,,,,,,,,,,,,,,,,,,,,,,,,,,,,,,,,,,,,,,,,,,,,,,,,,,,,,,,,,,,,,,,,,,,,,,,,,,,,,,,,,,,,,,,,,,,,,,,,,,,,,,,,,,,,,,,,,,,,,,,,,,,,,,,,,,,,,,,,,,,,,,,,,,,,,,,,,,,,,,,,,,,,,,,,,,,,,
903,2025,ROLAND GARROS,GC,2025-05-25,2025-06-08,Clay,PARIS,FRANCE,128,26334000,USD,LS60736183,2025-05-26,1,McCartney Kessler,Elena-Gabriela Ruse,USA,ROU,,,,7-5,7-6(3),O,ROLAND GARROS,"Roland Garros - Paris, France",2025.0,McCartney Kessler,Elena-Gabriela Ruse,,,,,,,,,,,,,,,,,,,,,,,,,,,,,,,,,,,,,,,,,,,,,,,,,,,,,,,,,,,,,,,,,,,,,,,,,,,,,,,,,,,,,,,,,,,,,,,,,,,,,,,,,,,,,,,,,,,,,,,,,,,,,,,,,,,,,,,,,,,,,,,,,,,,,,,,,,,,,,,,,,,,,,,,,,,,,,,,,,,,,,,
903,2025,ROLAND GARROS,GC,2025-05-25,2025-06-08,Clay,PARIS,FRANCE,128,26334000,USD,LS60762853,2025-05-26,1,Katie Boulter,Carole Monnet,GBR,FRA,,,,7-6(4),1-6,O,ROLAND GARROS,"Roland Garros - Paris, France",2025.0,Katie Boulter,Carole Monnet,,,,,,,,,,,,,,,,,,,,,,,,,,,,,,,,,,,,,,,,,,,,,,,,,,,,,,,,,,,,,,,,,,,,,,,,,,,,,,,,,,,,,,,,,,,,,,,,,,,,,,,,,,,,,,,,,,,,,,,,,,,,,,,,,,,,,,,,,,,,,,,,,,,,,,,,,,,,,,,,,,,,,,,,,,,,,,,,,,,,,,,
903,2025,ROLAND GARROS,GC,2025-05-25,2025-06-08,Clay,PARIS,FRANCE,128,26334000,USD,LS60736187,2025-05-26,1,Daria Kasatkina,Katerina Siniakova,AUS,CZE,17.0,,,6-1,3-6,O,ROLAND GARROS,"Roland Garros - Paris, France",2025.0,Daria Kasatkina,Katerina Siniakova,,,,,,,,,,,,,,,,,,,,,,,,,,,,,,,,,,,,,,,,,,,,,,,,,,,,,,,,,,,,,,,,,,,,,,,,,,,,,,,,,,,,,,,,,,,,,,,,,,,,,,,,,,,,,,,,,,,,,,,,,,,,,,,,,,,,,,,,,,,,,,,,,,,,,,,,,,,,,,,,,,,,,,,,,,,,,,,,,,,,,,,
903,2025,ROLAND GARROS,GC,2025-05-25,2025-06-08,Clay,PARIS,FRANCE,128,26334000,USD,LS60736217,2025-05-26,1,Ajla Tomljanovic,Maya Joint,AUS,AUS,,,,6-1,6-3,O,ROLAND GARROS,"Roland Garros - Paris, France",2025.0,Ajla Tomljanovic,Maya Joint,,,,,,,,,,,,,,,,,,,,,,,,,,,,,,,,,,,,,,,,,,,,,,,,,,,,,,,,,,,,,,,,,,,,,,,,,,,,,,,,,,,,,,,,,,,,,,,,,,,,,,,,,,,,,,,,,,,,,,,,,,,,,,,,,,,,,,,,,,,,,,,,,,,,,,,,,,,,,,,,,,,,,,,,,,,,,,,,,,,,,,,
903,2025,ROLAND GARROS,GC,2025-05-25,2025-06-08,Clay,PARIS,FRANCE,128,26334000,USD,LS60736211,2025-05-26,1,Bernarda Pera,Caroline Garcia,USA,FRA,,,,4-6,4-6,O,ROLAND GARROS,"Roland Garros - Paris, France",2025.0,Bernarda Pera,Caroline Garcia,,,,,,,,,,,,,,,,,,,,,,,,,,,,,,,,,,,,,,,,,,,,,,,,,,,,,,,,,,,,,,,,,,,,,,,,,,,,,,,,,,,,,,,,,,,,,,,,,,,,,,,,,,,,,,,,,,,,,,,,,,,,,,,,,,,,,,,,,,,,,,,,,,,,,,,,,,,,,,,,,,,,,,,,,,,,,,,,,,,,,,,
903,2025,ROLAND GARROS,GC,2025-05-25,2025-06-08,Clay,PARIS,FRANCE,128,26334000,USD,LS60736239,2025-05-26,1,Jodie Burrage,Danielle Collins,GBR,USA,,,,7-6(1),6-4,O,ROLAND GARROS,"Roland Garros - Paris, France",2025.0,Jodie Burrage,Danielle Collins,,,,,,,,,,,,,,,,,,,,,,,,,,,,,,,,,,,,,,,,,,,,,,,,,,,,,,,,,,,,,,,,,,,,,,,,,,,,,,,,,,,,,,,,,,,,,,,,,,,,,,,,,,,,,,,,,,,,,,,,,,,,,,,,,,,,,,,,,,,,,,,,,,,,,,,,,,,,,,,,,,,,,,,,,,,,,,,,,,,,,,,
903,2025,ROLAND GARROS,GC,2025-05-25,2025-06-08,Clay,PARIS,FRANCE,128,26334000,USD,LS60736181,2025-05-26,1,Paula Badosa,Naomi Osaka,ESP,JPN,10.0,,,7-6(1),1-6,O,ROLAND GARROS,"Roland Garros - Paris, France",2025.0,Paula Badosa,Naomi Osaka,,,,,,,,,,,,,,,,,,,,,,,,,,,,,,,,,,,,,,,,,,,,,,,,,,,,,,,,,,,,,,,,,,,,,,,,,,,,,,,,,,,,,,,,,,,,,,,,,,,,,,,,,,,,,,,,,,,,,,,,,,,,,,,,,,,,,,,,,,,,,,,,,,,,,,,,,,,,,,,,,,,,,,,,,,,,,,,,,,,,,,,
903,2025,ROLAND GARROS,GC,2025-05-25,2025-06-08,Clay,PARIS,FRANCE,128,26334000,USD,LS60736197,2025-05-26,1,Jaqueline Cristian,Kimberly Birrell,ROU,AUS,,,,6-1,6-0,O,ROLAND GARROS,"Roland Garros - Paris, France",2025.0,Jaqueline Cristian,Kimberly Birrell,,,,,,,,,,,,,,,,,,,,,,,,,,,,,,,,,,,,,,,,,,,,,,,,,,,,,,,,,,,,,,,,,,,,,,,,,,,,,,,,,,,,,,,,,,,,,,,,,,,,,,,,,,,,,,,,,,,,,,,,,,,,,,,,,,,,,,,,,,,,,,,,,,,,,,,,,,,,,,,,,,,,,,,,,,,,,,,,,,,,,,,
903,2025,ROLAND GARROS,GC,2025-05-25,2025-06-08,Clay,PARIS,FRANCE,128,26334000,USD,LS60736161,2025-05-26,1,Robin Montgomery,Diane Parry,USA,FRA,,,,2-6,1-6,O,ROLAND GARROS,"Roland Garros - Paris, France",2025.0,Robin Montgomery,Diane Parry,,,,,,,,,,,,,,,,,,,,,,,,,,,,,,,,,,,,,,,,,,,,,,,,,,,,,,,,,,,,,,,,,,,,,,,,,,,,,,,,,,,,,,,,,,,,,,,,,,,,,,,,,,,,,,,,,,,,,,,,,,,,,,,,,,,,,,,,,,,,,,,,,,,,,,,,,,,,,,,,,,,,,,,,,,,,,,,,,,,,,,,
903,2025,ROLAND GARROS,GC,2025-05-25,2025-06-08,Clay,PARIS,FRANCE,128,26334000,USD,LS60736227,2025-05-26,1,Liudmila Samsonova,Maiar Sherif Ahmed Abdelaziz,,EGY,19.0,,,6-7(3),2-6,O,ROLAND GARROS,"Roland Garros - Paris, France",2025.0,Liudmila Samsonova,Maiar Sherif Ahmed Abdelaziz,,,,,,,,,,,,,,,,,,,,,,,,,,,,,,,,,,,,,,,,,,,,,,,,,,,,,,,,,,,,,,,,,,,,,,,,,,,,,,,,,,,,,,,,,,,,,,,,,,,,,,,,,,,,,,,,,,,,,,,,,,,,,,,,,,,,,,,,,,,,,,,,,,,,,,,,,,,,,,,,,,,,,,,,,,,,,,,,,,,,,,,
903,2025,ROLAND GARROS,GC,2025-05-25,2025-06-08,Clay,PARIS,FRANCE,128,26334000,USD,LS60736193,2025-05-26,1,Iga Swiatek,Rebecca Sramkova,POL,SVK,5.0,,,3-6,3-6,O,ROLAND GARROS,"Roland Garros - Paris, France",2025.0,Iga Swiatek,Rebecca Sramkova,,,,,,,,,,,,,,,,,,,,,,,,,,,,,,,,,,,,,,,,,,,,,,,,,,,,,,,,,,,,,,,,,,,,,,,,,,,,,,,,,,,,,,,,,,,,,,,,,,,,,,,,,,,,,,,,,,,,,,,,,,,,,,,,,,,,,,,,,,,,,,,,,,,,,,,,,,,,,,,,,,,,,,,,,,,,,,,,,,,,,,,
903,2025,ROLAND GARROS,GC,2025-05-25,2025-06-08,Clay,PARIS,FRANCE,128,26334000,USD,LS60736155,2025-05-26,1,Veronika Kudermetova,Viktoriya Tomova,,BGR,,,,7-5,6-1,O,ROLAND GARROS,"Roland Garros - Paris, France",2025.0,Veronika Kudermetova,Viktoriya Tomova,,,,,,,,,,,,,,,,,,,,,,,,,,,,,,,,,,,,,,,,,,,,,,,,,,,,,,,,,,,,,,,,,,,,,,,,,,,,,,,,,,,,,,,,,,,,,,,,,,,,,,,,,,,,,,,,,,,,,,,,,,,,,,,,,,,,,,,,,,,,,,,,,,,,,,,,,,,,,,,,,,,,,,,,,,,,,,,,,,,,,,,
903,2025,ROLAND GARROS,GC,2025-05-25,2025-06-08,Clay,PARIS,FRANCE,128,26334000,USD,LS60736159,2025-05-26,1,Jessica Bouzas Maneiro,Emma Navarro,ESP,USA,,9.0,,6-0,6-1,O,ROLAND GARROS,"Roland Garros - Paris, France",2025.0,Jessica Bouzas Maneiro,Emma Navarro,,,,,,,,,,,,,,,,,,,,,,,,,,,,,,,,,,,,,,,,,,,,,,,,,,,,,,,,,,,,,,,,,,,,,,,,,,,,,,,,,,,,,,,,,,,,,,,,,,,,,,,,,,,,,,,,,,,,,,,,,,,,,,,,,,,,,,,,,,,,,,,,,,,,,,,,,,,,,,,,,,,,,,,,,,,,,,,,,,,,,,,
903,2025,ROLAND GARROS,GC,2025-05-25,2025-06-08,Clay,PARIS,FRANCE,128,26334000,USD,LS60736195,2025-05-26,1,Emma Raducanu,Xinyu Wang,GBR,CHN,,,,7-5,4-6,O,ROLAND GARROS,"Roland Garros - Paris, France",2025.0,Emma Raducanu,Xinyu Wang,,,,,,,,,,,,,,,,,,,,,,,,,,,,,,,,,,,,,,,,,,,,,,,,,,,,,,,,,,,,,,,,,,,,,,,,,,,,,,,,,,,,,,,,,,,,,,,,,,,,,,,,,,,,,,,,,,,,,,,,,,,,,,,,,,,,,,,,,,,,,,,,,,,,,,,,,,,,,,,,,,,,,,,,,,,,,,,,,,,,,,,
903,2025,ROLAND GARROS,GC,2025-05-25,2025-06-08,Clay,PARIS,FRANCE,128,26334000,USD,LS60762867,2025-05-26,1,Elena Rybakina,Julia Riera,KAZ,ARG,12.0,,,6-1,4-6,O,ROLAND GARROS,"Roland Garros - Paris, France",2025.0,Elena Rybakina,Julia Riera,,,,,,,,,,,,,,,,,,,,,,,,,,,,,,,,,,,,,,,,,,,,,,,,,,,,,,,,,,,,,,,,,,,,,,,,,,,,,,,,,,,,,,,,,,,,,,,,,,,,,,,,,,,,,,,,,,,,,,,,,,,,,,,,,,,,,,,,,,,,,,,,,,,,,,,,,,,,,,,,,,,,,,,,,,,,,,,,,,,,,,,
903,2025,ROLAND GARROS,GC,2025-05-25,2025-06-08,Clay,PARIS,FRANCE,128,26334000,USD,LS60796751,2025-05-26,1,Yuliia Starodubtseva,Tamara Korpatsch,UKR,DEU,,,,6-2,1-6,O,ROLAND GARROS,"Roland Garros - Paris, France",2025.0,Yuliia Starodubtseva,Tamara Korpatsch,,,,,,,,,,,,,,,,,,,,,,,,,,,,,,,,,,,,,,,,,,,,,,,,,,,,,,,,,,,,,,,,,,,,,,,,,,,,,,,,,,,,,,,,,,,,,,,,,,,,,,,,,,,,,,,,,,,,,,,,,,,,,,,,,,,,,,,,,,,,,,,,,,,,,,,,,,,,,,,,,,,,,,,,,,,,,,,,,,,,,,,
903,2025,ROLAND GARROS,GC,2025-05-25,2025-06-08,Clay,PARIS,FRANCE,128,26334000,USD,LS60762865,2025-05-25,1,Sara Bejlek,Marta Kostyuk,CZE,UKR,,26.0,,3-6,1-6,O,ROLAND GARROS,"Roland Garros - Paris, France",2025.0,Sara Bejlek,Marta Kostyuk,,,,,,,,,,,,,,,,,,,,,,,,,,,,,,,,,,,,,,,,,,,,,,,,,,,,,,,,,,,,,,,,,,,,,,,,,,,,,,,,,,,,,,,,,,,,,,,,,,,,,,,,,,,,,,,,,,,,,,,,,,,,,,,,,,,,,,,,,,,,,,,,,,,,,,,,,,,,,,,,,,,,,,,,,,,,,,,,,,,,,,,
903,2025,ROLAND GARROS,GC,2025-05-25,2025-06-08,Clay,PARIS,FRANCE,128,26334000,USD,LS60736215,2025-05-25,1,Anastasia Potapova,Linda Noskova,AUT,CZE,,29.0,,5-7,6-1,O,ROLAND GARROS,"Roland Garros - Paris, France",2025.0,Anastasia Potapova,Linda Noskova,,,,,,,,,,,,,,,,,,,,,,,,,,,,,,,,,,,,,,,,,,,,,,,,,,,,,,,,,,,,,,,,,,,,,,,,,,,,,,,,,,,,,,,,,,,,,,,,,,,,,,,,,,,,,,,,,,,,,,,,,,,,,,,,,,,,,,,,,,,,,,,,,,,,,,,,,,,,,,,,,,,,,,,,,,,,,,,,,,,,,,,
903,2025,ROLAND GARROS,GC,2025-05-25,2025-06-08,Clay,PARIS,FRANCE,128,26334000,USD,LS60736219,2025-05-25,1,Jasmine Paolini,Yue Yuan,ITA,CHN,4.0,,,6-1,4-6,O,ROLAND GARROS,"Roland Garros - Paris, France",2025.0,Jasmine Paolini,Yue Yuan,,,,,,,,,,,,,,,,,,,,,,,,,,,,,,,,,,,,,,,,,,,,,,,,,,,,,,,,,,,,,,,,,,,,,,,,,,,,,,,,,,,,,,,,,,,,,,,,,,,,,,,,,,,,,,,,,,,,,,,,,,,,,,,,,,,,,,,,,,,,,,,,,,,,,,,,,,,,,,,,,,,,,,,,,,,,,,,,,,,,,,,
903,2025,ROLAND GARROS,GC,2025-05-25,2025-06-08,Clay,PARIS,FRANCE,128,26334000,USD,LS60736237,2025-05-25,1,Olga Danilovic,Leylah Fernandez,SRB,CAN,,27.0,,6-3,6-1,O,ROLAND GARROS,"Roland Garros - Paris, France",2025.0,Olga Danilovic,Leylah Fernandez,,,,,,,,,,,,,,,,,,,,,,,,,,,,,,,,,,,,,,,,,,,,,,,,,,,,,,,,,,,,,,,,,,,,,,,,,,,,,,,,,,,,,,,,,,,,,,,,,,,,,,,,,,,,,,,,,,,,,,,,,,,,,,,,,,,,,,,,,,,,,,,,,,,,,,,,,,,,,,,,,,,,,,,,,,,,,,,,,,,,,,,
903,2025,ROLAND GARROS,GC,2025-05-25,2025-06-08,Clay,PARIS,FRANCE,128,26334000,USD,LS60736203,2025-05-25,1,Iva Jovic,Renata Zarazua,USA,MEX,,,,6-3,5-7,O,ROLAND GARROS,"Roland Garros - Paris, France",2025.0,Iva Jovic,Renata Zarazua,,,,,,,,,,,,,,,,,,,,,,,,,,,,,,,,,,,,,,,,,,,,,,,,,,,,,,,,,,,,,,,,,,,,,,,,,,,,,,,,,,,,,,,,,,,,,,,,,,,,,,,,,,,,,,,,,,,,,,,,,,,,,,,,,,,,,,,,,,,,,,,,,,,,,,,,,,,,,,,,,,,,,,,,,,,,,,,,,,,,,,,
903,2025,ROLAND GARROS,GC,2025-05-25,2025-06-08,Clay,PARIS,FRANCE,128,26334000,USD,LS60762877,2025-05-25,1,Amanda Anisimova,Nina Stojanovic,USA,SRB,16.0,,,3-6,1-4,O,ROLAND GARROS,"Roland Garros - Paris, France",2025.0,Amanda Anisimova,Nina Stojanovic,,,,,,,,,,,,,,,,,,,,,,,,,,,,,,,,,,,,,,,,,,,,,,,,,,,,,,,,,,,,,,,,,,,,,,,,,,,,,,,,,,,,,,,,,,,,,,,,,,,,,,,,,,,,,,,,,,,,,,,,,,,,,,,,,,,,,,,,,,,,,,,,,,,,,,,,,,,,,,,,,,,,,,,,,,,,,,,,,,,,,,,
903,2025,ROLAND GARROS,GC,2025-05-25,2025-06-08,Clay,PARIS,FRANCE,128,26334000,USD,LS60736213,2025-05-25,1,Donna Vekic,Anna Blinkova,HRV,,18.0,,,7-5,6-7(4),O,ROLAND GARROS,"Roland Garros - Paris, France",2025.0,Donna Vekic,Anna Blinkova,,,,,,,,,,,,,,,,,,,,,,,,,,,,,,,,,,,,,,,,,,,,,,,,,,,,,,,,,,,,,,,,,,,,,,,,,,,,,,,,,,,,,,,,,,,,,,,,,,,,,,,,,,,,,,,,,,,,,,,,,,,,,,,,,,,,,,,,,,,,,,,,,,,,,,,,,,,,,,,,,,,,,,,,,,,,,,,,,,,,,,,
903,2025,ROLAND GARROS,GC,2025-05-25,2025-06-08,Clay,PARIS,FRANCE,128,26334000,USD,LS60762873,2025-05-25,1,Tiantsoa Sarah Rakotomanga Rajaonah,Leyre Romero Gormaz,FRA,ESP,,,,7-6(3),6-2,O,ROLAND GARROS,"Roland Garros - Paris, France",2025.0,Tiantsoa Sarah Rakotomanga Rajaonah,Leyre Romero Gormaz,,,,,,,,,,,,,,,,,,,,,,,,,,,,,,,,,,,,,,,,,,,,,,,,,,,,,,,,,,,,,,,,,,,,,,,,,,,,,,,,,,,,,,,,,,,,,,,,,,,,,,,,,,,,,,,,,,,,,,,,,,,,,,,,,,,,,,,,,,,,,,,,,,,,,,,,,,,,,,,,,,,,,,,,,,,,,,,,,,,,,,,
903,2025,ROLAND GARROS,GC,2025-05-25,2025-06-08,Clay,PARIS,FRANCE,128,26334000,USD,LS60762875,2025-05-25,1,Anastasiia Sobolieva,Diana Shnaider,UKR,,,11.0,,7-6(3),6-2,O,ROLAND GARROS,"Roland Garros - Paris, France",2025.0,Anastasiia Sobolieva,Diana Shnaider,,,,,,,,,,,,,,,,,,,,,,,,,,,,,,,,,,,,,,,,,,,,,,,,,,,,,,,,,,,,,,,,,,,,,,,,,,,,,,,,,,,,,,,,,,,,,,,,,,,,,,,,,,,,,,,,,,,,,,,,,,,,,,,,,,,,,,,,,,,,,,,,,,,,,,,,,,,,,,,,,,,,,,,,,,,,,,,,,,,,,,,
903,2025,ROLAND GARROS,GC,2025-05-25,2025-06-08,Clay,PARIS,FRANCE,128,26334000,USD,LS60762879,2025-05-25,1,Jil Teichmann,Lucrezia Stefanini,CHE,ITA,,,,4-6,4-6,O,ROLAND GARROS,"Roland Garros - Paris, France",2025.0,Jil Teichmann,Lucrezia Stefanini,,,,,,,,,,,,,,,,,,,,,,,,,,,,,,,,,,,,,,,,,,,,,,,,,,,,,,,,,,,,,,,,,,,,,,,,,,,,,,,,,,,,,,,,,,,,,,,,,,,,,,,,,,,,,,,,,,,,,,,,,,,,,,,,,,,,,,,,,,,,,,,,,,,,,,,,,,,,,,,,,,,,,,,,,,,,,,,,,,,,,,,
903,2025,ROLAND GARROS,GC,2025-05-25,2025-06-08,Clay,PARIS,FRANCE,128,26334000,USD,LS60736221,2025-05-25,1,Qinwen Zheng,Anastasia Pavlyuchenkova,CHN,,8.0,,,4-6,3-6,O,ROLAND GARROS,"Roland Garros - Paris, France",2025.0,Qinwen Zheng,Anastasia Pavlyuchenkova,,,,,,,,,,,,,,,,,,,,,,,,,,,,,,,,,,,,,,,,,,,,,,,,,,,,,,,,,,,,,,,,,,,,,,,,,,,,,,,,,,,,,,,,,,,,,,,,,,,,,,,,,,,,,,,,,,,,,,,,,,,,,,,,,,,,,,,,,,,,,,,,,,,,,,,,,,,,,,,,,,,,,,,,,,,,,,,,,,,,,,,
903,2025,ROLAND GARROS,GC,2025-05-25,2025-06-08,Clay,PARIS,FRANCE,128,26334000,USD,LS60736229,2025-05-25,1,Dayana Yastremska,Destanee Aiava,UKR,AUS,,,,7-5,6-1,O,ROLAND GARROS,"Roland Garros - Paris, France",2025.0,Dayana Yastremska,Destanee Aiava,,,,,,,,,,,,,,,,,,,,,,,,,,,,,,,,,,,,,,,,,,,,,,,,,,,,,,,,,,,,,,,,,,,,,,,,,,,,,,,,,,,,,,,,,,,,,,,,,,,,,,,,,,,,,,,,,,,,,,,,,,,,,,,,,,,,,,,,,,,,,,,,,,,,,,,,,,,,,,,,,,,,,,,,,,,,,,,,,,,,,,,
903,2025,ROLAND GARROS,GC,2025-05-25,2025-06-08,Clay,PARIS,FRANCE,128,26334000,USD,LS60736223,2025-05-25,1,Emiliana Arango,Alexandra Eala,COL,PHL,,,,0-6,6-2,O,ROLAND GARROS,"Roland Garros - Paris, France",2025.0,Emiliana Arango,Alexandra Eala,,,,,,,,,,,,,,,,,,,,,,,,,,,,,,,,,,,,,,,,,,,,,,,,,,,,,,,,,,,,,,,,,,,,,,,,,,,,,,,,,,,,,,,,,,,,,,,,,,,,,,,,,,,,,,,,,,,,,,,,,,,,,,,,,,,,,,,,,,,,,,,,,,,,,,,,,,,,,,,,,,,,,,,,,,,,,,,,,,,,,,,
903,2025,ROLAND GARROS,GC,2025-05-25,2025-06-08,Clay,PARIS,FRANCE,128,26334000,USD,LS60736241,2025-05-25,1,Aryna Sabalenka,Kamilla Rakhimova,,UZB,1.0,,,6-1,6-0,O,ROLAND GARROS,"Roland Garros - Paris, France",2025.0,Aryna Sabalenka,Kamilla Rakhimova,,,,,,,,,,,,,,,,,,,,,,,,,,,,,,,,,,,,,,,,,,,,,,,,,,,,,,,,,,,,,,,,,,,,,,,,,,,,,,,,,,,,,,,,,,,,,,,,,,,,,,,,,,,,,,,,,,,,,,,,,,,,,,,,,,,,,,,,,,,,,,,,,,,,,,,,,,,,,,,,,,,,,,,,,,,,,,,,,,,,,,,
903,2025,ROLAND GARROS,GC,2025-05-25,2025-06-08,Clay,PARIS,FRANCE,128,26334000,USD,LS60736207,2025-05-25,1,Elina Svitolina,Zeynep Sonmez,UKR,TUR,13.0,,,1-6,1-6,O,ROLAND GARROS,"Roland Garros - Paris, France",2025.0,Elina Svitolina,Zeynep Sonmez,,,,,,,,,,,,,,,,,,,,,,,,,,,,,,,,,,,,,,,,,,,,,,,,,,,,,,,,,,,,,,,,,,,,,,,,,,,,,,,,,,,,,,,,,,,,,,,,,,,,,,,,,,,,,,,,,,,,,,,,,,,,,,,,,,,,,,,,,,,,,,,,,,,,,,,,,,,,,,,,,,,,,,,,,,,,,,,,,,,,,,,
903,2025,ROLAND GARROS,GC,2025-05-25,2025-06-08,Clay,PARIS,FRANCE,128,26334000,USD,LS60736209,2025-05-25,1,Anna Bondar,Laura Siegemund,HUN,DEU,,,,6-7(2),3-6,O,ROLAND GARROS,"Roland Garros - Paris, France",2025.0,Anna Bondar,Laura Siegemund,,,,,,,,,,,,,,,,,,,,,,,,,,,,,,,,,,,,,,,,,,,,,,,,,,,,,,,,,,,,,,,,,,,,,,,,,,,,,,,,,,,,,,,,,,,,,,,,,,,,,,,,,,,,,,,,,,,,,,,,,,,,,,,,,,,,,,,,,,,,,,,,,,,,,,,,,,,,,,,,,,,,,,,,,,,,,,,,,,,,,,,
903,2025,ROLAND GARROS,GC,2025-05-25,2025-06-08,Clay,PARIS,FRANCE,128,26334000,USD,LS60736225,2025-05-25,1,Eva Lys,Peyton Stearns,DEU,USA,,28.0,,0-6,3-6,O,ROLAND GARROS,"Roland Garros - Paris, France",2025.0,Eva Lys,Peyton Stearns,,,,,,,,,,,,,,,,,,,,,,,,,,,,,,,,,,,,,,,,,,,,,,,,,,,,,,,,,,,,,,,,,,,,,,,,,,,,,,,,,,,,,,,,,,,,,,,,,,,,,,,,,,,,,,,,,,,,,,,,,,,,,,,,,,,,,,,,,,,,,,,,,,,,,,,,,,,,,,,,,,,,,,,,,,,,,,,,,,,,,,,
903,2025,ROLAND GARROS,GC,2025-05-25,2025-06-08,Clay,PARIS,FRANCE,128,26334000,USD,LS60736231,2025-05-25,1,Viktorija Golubic,Petra Kvitova,CHE,CZE,,,,6-3,0-6,O,ROLAND GARROS,"Roland Garros - Paris, France",2025.0,Viktorija Golubic,Petra Kvitova,,,,,,,,,,,,,,,,,,,,,,,,,,,,,,,,,,,,,,,,,,,,,,,,,,,,,,,,,,,,,,,,,,,,,,,,,,,,,,,,,,,,,,,,,,,,,,,,,,,,,,,,,,,,,,,,,,,,,,,,,,,,,,,,,,,,,,,,,,,,,,,,,,,,,,,,,,,,,,,,,,,,,,,,,,,,,,,,,,,,,,,
903,2025,ROLAND GARROS,GC,2025-05-25,2025-06-08,Clay,PARIS,FRANCE,128,26334000,USD,LS60762871,2025-05-25,1,Lulu Sun,Victoria Mboko,NZL,CAN,,,,6-1,7-6(4),O,ROLAND GARROS,"Roland Garros - Paris, France",2025.0,Lulu Sun,Victoria Mboko,,,,,,,,,,,,,,,,,,,,,,,,,,,,,,,,,,,,,,,,,,,,,,,,,,,,,,,,,,,,,,,,,,,,,,,,,,,,,,,,,,,,,,,,,,,,,,,,,,,,,,,,,,,,,,,,,,,,,,,,,,,,,,,,,,,,,,,,,,,,,,,,,,,,,,,,,,,,,,,,,,,,,,,,,,,,,,,,,,,,,,,
903,2025,ROLAND GARROS,GC,2025-05-25,2025-06-08,Clay,PARIS,FRANCE,128,26334000,USD,RS60736831,2025-05-23,,Lucrezia Stefanini,Veronika Erjavec,ITA,SVN,,,,6-3,6-2,O,ROLAND GARROS,"Roland Garros - Paris, France",2025.0,Lucrezia Stefanini,Veronika Erjavec,,,,,,,,,,,,,,,,,,,,,,,,,,,,,,,,,,,,,,,,,,,,,,,,,,,,,,,,,,,,,,,,,,,,,,,,,,,,,,,,,,,,,,,,,,,,,,,,,,,,,,,,,,,,,,,,,,,,,,,,,,,,,,,,,,,,,,,,,,,,,,,,,,,,,,,,,,,,,,,,,,,,,,,,,,,,,,,,,,,,,,,
903,2025,ROLAND GARROS,GC,2025-05-25,2025-06-08,Clay,PARIS,FRANCE,128,26334000,USD,RS60738283,2025-05-23,,Tereza Valentova,Simona Waltert,CZE,CHE,,,,6-2,6-4,O,ROLAND GARROS,"Roland Garros - Paris, France",2025.0,Tereza Valentova,Simona Waltert,,,,,,,,,,,,,,,,,,,,,,,,,,,,,,,,,,,,,,,,,,,,,,,,,,,,,,,,,,,,,,,,,,,,,,,,,,,,,,,,,,,,,,,,,,,,,,,,,,,,,,,,,,,,,,,,,,,,,,,,,,,,,,,,,,,,,,,,,,,,,,,,,,,,,,,,,,,,,,,,,,,,,,,,,,,,,,,,,,,,,,,
903,2025,ROLAND GARROS,GC,2025-05-25,2025-06-08,Clay,PARIS,FRANCE,128,26334000,USD,RS60736859,2025-05-23,,Julia Riera,Miriam Bianca Bulgaru,ARG,ROU,,,,4-6,1-6,O,ROLAND GARROS,"Roland Garros - Paris, France",2025.0,Julia Riera,Miriam Bianca Bulgaru,,,,,,,,,,,,,,,,,,,,,,,,,,,,,,,,,,,,,,,,,,,,,,,,,,,,,,,,,,,,,,,,,,,,,,,,,,,,,,,,,,,,,,,,,,,,,,,,,,,,,,,,,,,,,,,,,,,,,,,,,,,,,,,,,,,,,,,,,,,,,,,,,,,,,,,,,,,,,,,,,,,,,,,,,,,,,,,,,,,,,,,
903,2025,ROLAND GARROS,GC,2025-05-25,2025-06-08,Clay,PARIS,FRANCE,128,26334000,USD,RS60735987,2025-05-23,,Anastasiia Sobolieva,Francesca Jones,UKR,GBR,,22.0,,6-0,0-6,O,ROLAND GARROS,"Roland Garros - Paris, France",2025.0,Anastasiia Sobolieva,Francesca Jones,,,,,,,,,,,,,,,,,,,,,,,,,,,,,,,,,,,,,,,,,,,,,,,,,,,,,,,,,,,,,,,,,,,,,,,,,,,,,,,,,,,,,,,,,,,,,,,,,,,,,,,,,,,,,,,,,,,,,,,,,,,,,,,,,,,,,,,,,,,,,,,,,,,,,,,,,,,,,,,,,,,,,,,,,,,,,,,,,,,,,,,
903,2025,ROLAND GARROS,GC,2025-05-25,2025-06-08,Clay,PARIS,FRANCE,128,26334000,USD,RS60738285,2025-05-23,,Joanna Garland,Anna-Lena Friedsam,TPE,DEU,,,,6-4,7-5,O,ROLAND GARROS,"Roland Garros - Paris, France",2025.0,Joanna Garland,Anna-Lena Friedsam,,,,,,,,,,,,,,,,,,,,,,,,,,,,,,,,,,,,,,,,,,,,,,,,,,,,,,,,,,,,,,,,,,,,,,,,,,,,,,,,,,,,,,,,,,,,,,,,,,,,,,,,,,,,,,,,,,,,,,,,,,,,,,,,,,,,,,,,,,,,,,,,,,,,,,,,,,,,,,,,,,,,,,,,,,,,,,,,,,,,,,,
903,2025,ROLAND GARROS,GC,2025-05-25,2025-06-08,Clay,PARIS,FRANCE,128,26334000,USD,RS60734825,2025-05-23,,Victoria Mboko,Kaja Juvan,CAN,SVN,,,,7-5,6-3,O,ROLAND GARROS,"Roland Garros - Paris, France",2025.0,Victoria Mboko,Kaja Juvan,,,,,,,,,,,,,,,,,,,,,,,,,,,,,,,,,,,,,,,,,,,,,,,,,,,,,,,,,,,,,,,,,,,,,,,,,,,,,,,,,,,,,,,,,,,,,,,,,,,,,,,,,,,,,,,,,,,,,,,,,,,,,,,,,,,,,,,,,,,,,,,,,,,,,,,,,,,,,,,,,,,,,,,,,,,,,,,,,,,,,,,
903,2025,ROLAND GARROS,GC,2025-05-25,2025-06-08,Clay,PARIS,FRANCE,128,26334000,USD,RS60734589,2025-05-23,,Leyre Romero Gormaz,Linda Klimovicova,ESP,POL,27.0,,,4-6,4-6,O,ROLAND GARROS,"Roland Garros - Paris, France",2025.0,Leyre Romero Gormaz,Linda Klimovicova,,,,,,,,,,,,,,,,,,,,,,,,,,,,,,,,,,,,,,,,,,,,,,,,,,,,,,,,,,,,,,,,,,,,,,,,,,,,,,,,,,,,,,,,,,,,,,,,,,,,,,,,,,,,,,,,,,,,,,,,,,,,,,,,,,,,,,,,,,,,,,,,,,,,,,,,,,,,,,,,,,,,,,,,,,,,,,,,,,,,,,,
903,2025,ROLAND GARROS,GC,2025-05-25,2025-06-08,Clay,PARIS,FRANCE,128,26334000,USD,RS60734613,2025-05-23,,Sara Bejlek,Yuliia Starodubtseva,CZE,UKR,,1.0,,0-6,4-6,O,ROLAND GARROS,"Roland Garros - Paris, France",2025.0,Sara Bejlek,Yuliia Starodubtseva,,,,,,,,,,,,,,,,,,,,,,,,,,,,,,,,,,,,,,,,,,,,,,,,,,,,,,,,,,,,,,,,,,,,,,,,,,,,,,,,,,,,,,,,,,,,,,,,,,,,,,,,,,,,,,,,,,,,,,,,,,,,,,,,,,,,,,,,,,,,,,,,,,,,,,,,,,,,,,,,,,,,,,,,,,,,,,,,,,,,,,,
903,2025,ROLAND GARROS,GC,2025-05-25,2025-06-08,Clay,PARIS,FRANCE,128,26334000,USD,RS60734615,2025-05-23,,Solana Sierra,Xiyu Wang,ARG,CHN,9.0,29.0,,6-3,6-2,O,ROLAND GARROS,"Roland Garros - Paris, France",2025.0,Solana Sierra,Xiyu Wang,,,,,,,,,,,,,,,,,,,,,,,,,,,,,,,,,,,,,,,,,,,,,,,,,,,,,,,,,,,,,,,,,,,,,,,,,,,,,,,,,,,,,,,,,,,,,,,,,,,,,,,,,,,,,,,,,,,,,,,,,,,,,,,,,,,,,,,,,,,,,,,,,,,,,,,,,,,,,,,,,,,,,,,,,,,,,,,,,,,,,,,
903,2025,ROLAND GARROS,GC,2025-05-25,2025-06-08,Clay,PARIS,FRANCE,128,26334000,USD,RS60734861,2025-05-23,,Maria Carle,Justina Mikulskyte,ARG,LTU,18.0,,,0-6,1-6,O,ROLAND GARROS,"Roland Garros - Paris, France",2025.0,Maria Carle,Justina Mikulskyte,,,,,,,,,,,,,,,,,,,,,,,,,,,,,,,,,,,,,,,,,,,,,,,,,,,,,,,,,,,,,,,,,,,,,,,,,,,,,,,,,,,,,,,,,,,,,,,,,,,,,,,,,,,,,,,,,,,,,,,,,,,,,,,,,,,,,,,,,,,,,,,,,,,,,,,,,,,,,,,,,,,,,,,,,,,,,,,,,,,,,,,
903,2025,ROLAND GARROS,GC,2025-05-25,2025-06-08,Clay,PARIS,FRANCE,128,26334000,USD,RS60735193,2025-05-23,,Daria Saville,Taylor Townsend,AUS,USA,26.0,6.0,,6-2,2-6,O,ROLAND GARROS,"Roland Garros - Paris, France",2025.0,Daria Saville,Taylor Townsend,,,,,,,,,,,,,,,,,,,,,,,,,,,,,,,,,,,,,,,,,,,,,,,,,,,,,,,,,,,,,,,,,,,,,,,,,,,,,,,,,,,,,,,,,,,,,,,,,,,,,,,,,,,,,,,,,,,,,,,,,,,,,,,,,,,,,,,,,,,,,,,,,,,,,,,,,,,,,,,,,,,,,,,,,,,,,,,,,,,,,,,
903,2025,ROLAND GARROS,GC,2025-05-25,2025-06-08,Clay,PARIS,FRANCE,128,26334000,USD,RS60716569,2025-05-22,,Carole Monnet,Kristina Dmitruk,FRA,,,,,6-4,6-4,O,ROLAND GARROS,"Roland Garros - Paris, France",2025.0,Carole Monnet,Kristina Dmitruk,,,,,,,,,,,,,,,,,,,,,,,,,,,,,,,,,,,,,,,,,,,,,,,,,,,,,,,,,,,,,,,,,,,,,,,,,,,,,,,,,,,,,,,,,,,,,,,,,,,,,,,,,,,,,,,,,,,,,,,,,,,,,,,,,,,,,,,,,,,,,,,,,,,,,,,,,,,,,,,,,,,,,,,,,,,,,,,,,,,,,,,
903,2025,ROLAND GARROS,GC,2025-05-25,2025-06-08,Clay,PARIS,FRANCE,128,26334000,USD,RS60675403,2025-05-22,,Tereza Valentova,Dalma Galfi,CZE,HUN,,2.0,,4-6,1-6,O,ROLAND GARROS,"Roland Garros - Paris, France",2025.0,Tereza Valentova,Dalma Galfi,,,,,,,,,,,,,,,,,,,,,,,,,,,,,,,,,,,,,,,,,,,,,,,,,,,,,,,,,,,,,,,,,,,,,,,,,,,,,,,,,,,,,,,,,,,,,,,,,,,,,,,,,,,,,,,,,,,,,,,,,,,,,,,,,,,,,,,,,,,,,,,,,,,,,,,,,,,,,,,,,,,,,,,,,,,,,,,,,,,,,,,
903,2025,ROLAND GARROS,GC,2025-05-25,2025-06-08,Clay,PARIS,FRANCE,128,26334000,USD,RS60716567,2025-05-22,,Tamara Korpatsch,Rebeka Masarova,DEU,CHE,,10.0,,2-6,6-7(2),O,ROLAND GARROS,"Roland Garros - Paris, France",2025.0,Tamara Korpatsch,Rebeka Masarova,,,,,,,,,,,,,,,,,,,,,,,,,,,,,,,,,,,,,,,,,,,,,,,,,,,,,,,,,,,,,,,,,,,,,,,,,,,,,,,,,,,,,,,,,,,,,,,,,,,,,,,,,,,,,,,,,,,,,,,,,,,,,,,,,,,,,,,,,,,,,,,,,,,,,,,,,,,,,,,,,,,,,,,,,,,,,,,,,,,,,,,
903,2025,ROLAND GARROS,GC,2025-05-25,2025-06-08,Clay,PARIS,FRANCE,128,26334000,USD,RS60718081,2025-05-22,,Nina Stojanovic,Varvara Lepchenko,SRB,USA,,16.0,,6-4,1-6,O,ROLAND GARROS,"Roland Garros - Paris, France",2025.0,Nina Stojanovic,Varvara Lepchenko,,,,,,,,,,,,,,,,,,,,,,,,,,,,,,,,,,,,,,,,,,,,,,,,,,,,,,,,,,,,,,,,,,,,,,,,,,,,,,,,,,,,,,,,,,,,,,,,,,,,,,,,,,,,,,,,,,,,,,,,,,,,,,,,,,,,,,,,,,,,,,,,,,,,,,,,,,,,,,,,,,,,,,,,,,,,,,,,,,,,,,,
903,2025,ROLAND GARROS,GC,2025-05-25,2025-06-08,Clay,PARIS,FRANCE,128,26334000,USD,RS60678917,2025-05-22,,Joanna Garland,Petra Marcinko,TPE,HRV,,,,3-6,4-6,O,ROLAND GARROS,"Roland Garros - Paris, France",2025.0,Joanna Garland,Petra Marcinko,,,,,,,,,,,,,,,,,,,,,,,,,,,,,,,,,,,,,,,,,,,,,,,,,,,,,,,,,,,,,,,,,,,,,,,,,,,,,,,,,,,,,,,,,,,,,,,,,,,,,,,,,,,,,,,,,,,,,,,,,,,,,,,,,,,,,,,,,,,,,,,,,,,,,,,,,,,,,,,,,,,,,,,,,,,,,,,,,,,,,,,
903,2025,ROLAND GARROS,GC,2025-05-25,2025-06-08,Clay,PARIS,FRANCE,128,26334000,USD,RS60699599,2025-05-22,,Simona Waltert,Shuai Zhang,CHE,CHN,,30.0,,6-4,6-3,O,ROLAND GARROS,"Roland Garros - Paris, France",2025.0,Simona Waltert,Shuai Zhang,,,,,,,,,,,,,,,,,,,,,,,,,,,,,,,,,,,,,,,,,,,,,,,,,,,,,,,,,,,,,,,,,,,,,,,,,,,,,,,,,,,,,,,,,,,,,,,,,,,,,,,,,,,,,,,,,,,,,,,,,,,,,,,,,,,,,,,,,,,,,,,,,,,,,,,,,,,,,,,,,,,,,,,,,,,,,,,,,,,,,,,
903,2025,ROLAND GARROS,GC,2025-05-25,2025-06-08,Clay,PARIS,FRANCE,128,26334000,USD,RS60702255,2025-05-22,,Sara Errani,Anna-Lena Friedsam,ITA,DEU,,,,1-6,6-0,O,ROLAND GARROS,"Roland Garros - Paris, France",2025.0,Sara Errani,Anna-Lena Friedsam,,,,,,,,,,,,,,,,,,,,,,,,,,,,,,,,,,,,,,,,,,,,,,,,,,,,,,,,,,,,,,,,,,,,,,,,,,,,,,,,,,,,,,,,,,,,,,,,,,,,,,,,,,,,,,,,,,,,,,,,,,,,,,,,,,,,,,,,,,,,,,,,,,,,,,,,,,,,,,,,,,,,,,,,,,,,,,,,,,,,,,,
903,2025,ROLAND GARROS,GC,2025-05-25,2025-06-08,Clay,PARIS,FRANCE,128,26334000,USD,RS60718439,2025-05-22,,Oksana Selekhmeteva,Lola Radivojevic,,SRB,,,,6-4,2-6,O,ROLAND GARROS,"Roland Garros - Paris, France",2025.0,Oksana Selekhmeteva,Lola Radivojevic,,,,,,,,,,,,,,,,,,,,,,,,,,,,,,,,,,,,,,,,,,,,,,,,,,,,,,,,,,,,,,,,,,,,,,,,,,,,,,,,,,,,,,,,,,,,,,,,,,,,,,,,,,,,,,,,,,,,,,,,,,,,,,,,,,,,,,,,,,,,,,,,,,,,,,,,,,,,,,,,,,,,,,,,,,,,,,,,,,,,,,,
903,2025,ROLAND GARROS,GC,2025-05-25,2025-06-08,Clay,PARIS,FRANCE,128,26334000,USD,RS60717569,2025-05-22,,Nao Hibino,Ella Seidel,JPN,DEU,,12.0,,6-2,5-7,O,ROLAND GARROS,"Roland Garros - Paris, France",2025.0,Nao Hibino,Ella Seidel,,,,,,,,,,,,,,,,,,,,,,,,,,,,,,,,,,,,,,,,,,,,,,,,,,,,,,,,,,,,,,,,,,,,,,,,,,,,,,,,,,,,,,,,,,,,,,,,,,,,,,,,,,,,,,,,,,,,,,,,,,,,,,,,,,,,,,,,,,,,,,,,,,,,,,,,,,,,,,,,,,,,,,,,,,,,,,,,,,,,,,,
903,2025,ROLAND GARROS,GC,2025-05-25,2025-06-08,Clay,PARIS,FRANCE,128,26334000,USD,RS60699187,2025-05-22,,Veronika Erjavec,Nuria Brancaccio,SVN,ITA,,,,6-7(5),1-6,O,ROLAND GARROS,"Roland Garros - Paris, France",2025.0,Veronika Erjavec,Nuria Brancaccio,,,,,,,,,,,,,,,,,,,,,,,,,,,,,,,,,,,,,,,,,,,,,,,,,,,,,,,,,,,,,,,,,,,,,,,,,,,,,,,,,,,,,,,,,,,,,,,,,,,,,,,,,,,,,,,,,,,,,,,,,,,,,,,,,,,,,,,,,,,,,,,,,,,,,,,,,,,,,,,,,,,,,,,,,,,,,,,,,,,,,,,
903,2025,ROLAND GARROS,GC,2025-05-25,2025-06-08,Clay,PARIS,FRANCE,128,26334000,USD,RS60703999,2025-05-22,,Miriam Bianca Bulgaru,Patricia Maria Tig,ROU,ROU,,,,6-4,4-6,O,ROLAND GARROS,"Roland Garros - Paris, France",2025.0,Miriam Bianca Bulgaru,Patricia Maria Tig,,,,,,,,,,,,,,,,,,,,,,,,,,,,,,,,,,,,,,,,,,,,,,,,,,,,,,,,,,,,,,,,,,,,,,,,,,,,,,,,,,,,,,,,,,,,,,,,,,,,,,,,,,,,,,,,,,,,,,,,,,,,,,,,,,,,,,,,,,,,,,,,,,,,,,,,,,,,,,,,,,,,,,,,,,,,,,,,,,,,,,,
903,2025,ROLAND GARROS,GC,2025-05-25,2025-06-08,Clay,PARIS,FRANCE,128,26334000,USD,RS60675497,2025-05-22,,Lucrezia Stefanini,Aliaksandra Sasnovich,ITA,,,3.0,,1-6,6-1,O,ROLAND GARROS,"Roland Garros - Paris, France",2025.0,Lucrezia Stefanini,Aliaksandra Sasnovich,,,,,,,,,,,,,,,,,,,,,,,,,,,,,,,,,,,,,,,,,,,,,,,,,,,,,,,,,,,,,,,,,,,,,,,,,,,,,,,,,,,,,,,,,,,,,,,,,,,,,,,,,,,,,,,,,,,,,,,,,,,,,,,,,,,,,,,,,,,,,,,,,,,,,,,,,,,,,,,,,,,,,,,,,,,,,,,,,,,,,,,
903,2025,ROLAND GARROS,GC,2025-05-25,2025-06-08,Clay,PARIS,FRANCE,128,26334000,USD,RS60703885,2025-05-22,,Julia Riera,Talia Gibson,ARG,AUS,,23.0,,6-4,6-1,O,ROLAND GARROS,"Roland Garros - Paris, France",2025.0,Julia Riera,Talia Gibson,,,,,,,,,,,,,,,,,,,,,,,,,,,,,,,,,,,,,,,,,,,,,,,,,,,,,,,,,,,,,,,,,,,,,,,,,,,,,,,,,,,,,,,,,,,,,,,,,,,,,,,,,,,,,,,,,,,,,,,,,,,,,,,,,,,,,,,,,,,,,,,,,,,,,,,,,,,,,,,,,,,,,,,,,,,,,,,,,,,,,,,
903,2025,ROLAND GARROS,GC,2025-05-25,2025-06-08,Clay,PARIS,FRANCE,128,26334000,USD,RS60699597,2025-05-22,,Francesca Jones,Mai Hontama,GBR,JPN,22.0,,,6-2,3-6,O,ROLAND GARROS,"Roland Garros - Paris, France",2025.0,Francesca Jones,Mai Hontama,,,,,,,,,,,,,,,,,,,,,,,,,,,,,,,,,,,,,,,,,,,,,,,,,,,,,,,,,,,,,,,,,,,,,,,,,,,,,,,,,,,,,,,,,,,,,,,,,,,,,,,,,,,,,,,,,,,,,,,,,,,,,,,,,,,,,,,,,,,,,,,,,,,,,,,,,,,,,,,,,,,,,,,,,,,,,,,,,,,,,,,
903,2025,ROLAND GARROS,GC,2025-05-25,2025-06-08,Clay,PARIS,FRANCE,128,26334000,USD,RS60699809,2025-05-22,,Solana Sierra,Daria Snigur,ARG,UKR,9.0,,,6-2,6-2,O,ROLAND GARROS,"Roland Garros - Paris, France",2025.0,Solana Sierra,Daria Snigur,,,,,,,,,,,,,,,,,,,,,,,,,,,,,,,,,,,,,,,,,,,,,,,,,,,,,,,,,,,,,,,,,,,,,,,,,,,,,,,,,,,,,,,,,,,,,,,,,,,,,,,,,,,,,,,,,,,,,,,,,,,,,,,,,,,,,,,,,,,,,,,,,,,,,,,,,,,,,,,,,,,,,,,,,,,,,,,,,,,,,,,
903,2025,ROLAND GARROS,GC,2025-05-25,2025-06-08,Clay,PARIS,FRANCE,128,26334000,USD,RS60702257,2025-05-22,,Kaja Juvan,Maja Chwalinska,SVN,POL,,20.0,,6-3,4-6,O,ROLAND GARROS,"Roland Garros - Paris, France",2025.0,Kaja Juvan,Maja Chwalinska,,,,,,,,,,,,,,,,,,,,,,,,,,,,,,,,,,,,,,,,,,,,,,,,,,,,,,,,,,,,,,,,,,,,,,,,,,,,,,,,,,,,,,,,,,,,,,,,,,,,,,,,,,,,,,,,,,,,,,,,,,,,,,,,,,,,,,,,,,,,,,,,,,,,,,,,,,,,,,,,,,,,,,,,,,,,,,,,,,,,,,,
903,2025,ROLAND GARROS,GC,2025-05-25,2025-06-08,Clay,PARIS,FRANCE,128,26334000,USD,RS60702275,2025-05-22,,Leyre Romero Gormaz,Astra Sharma,ESP,AUS,27.0,,,6-7(5),2-6,O,ROLAND GARROS,"Roland Garros - Paris, France",2025.0,Leyre Romero Gormaz,Astra Sharma,,,,,,,,,,,,,,,,,,,,,,,,,,,,,,,,,,,,,,,,,,,,,,,,,,,,,,,,,,,,,,,,,,,,,,,,,,,,,,,,,,,,,,,,,,,,,,,,,,,,,,,,,,,,,,,,,,,,,,,,,,,,,,,,,,,,,,,,,,,,,,,,,,,,,,,,,,,,,,,,,,,,,,,,,,,,,,,,,,,,,,,
903,2025,ROLAND GARROS,GC,2025-05-25,2025-06-08,Clay,PARIS,FRANCE,128,26334000,USD,RS60702277,2025-05-22,,Victoria Mboko,Kathinka Von Deichmann,CAN,LIE,,,,3-6,2-6,O,ROLAND GARROS,"Roland Garros - Paris, France",2025.0,Victoria Mboko,Kathinka Von Deichmann,,,,,,,,,,,,,,,,,,,,,,,,,,,,,,,,,,,,,,,,,,,,,,,,,,,,,,,,,,,,,,,,,,,,,,,,,,,,,,,,,,,,,,,,,,,,,,,,,,,,,,,,,,,,,,,,,,,,,,,,,,,,,,,,,,,,,,,,,,,,,,,,,,,,,,,,,,,,,,,,,,,,,,,,,,,,,,,,,,,,,,,
903,2025,ROLAND GARROS,GC,2025-05-25,2025-06-08,Clay,PARIS,FRANCE,128,26334000,USD,RS60703339,2025-05-22,,Xiyu Wang,Guiomar Maristany Zuleta de Reales,CHN,ESP,29.0,,,6-7(8),3-6,O,ROLAND GARROS,"Roland Garros - Paris, France",2025.0,Xiyu Wang,Guiomar Maristany Zuleta de Reales,,,,,,,,,,,,,,,,,,,,,,,,,,,,,,,,,,,,,,,,,,,,,,,,,,,,,,,,,,,,,,,,,,,,,,,,,,,,,,,,,,,,,,,,,,,,,,,,,,,,,,,,,,,,,,,,,,,,,,,,,,,,,,,,,,,,,,,,,,,,,,,,,,,,,,,,,,,,,,,,,,,,,,,,,,,,,,,,,,,,,,,
903,2025,ROLAND GARROS,GC,2025-05-25,2025-06-08,Clay,PARIS,FRANCE,128,26334000,USD,RS60703341,2025-05-22,,Linda Klimovicova,Mananchaya Sawangkaew,POL,THA,,5.0,,2-6,3-6,O,ROLAND GARROS,"Roland Garros - Paris, France",2025.0,Linda Klimovicova,Mananchaya Sawangkaew,,,,,,,,,,,,,,,,,,,,,,,,,,,,,,,,,,,,,,,,,,,,,,,,,,,,,,,,,,,,,,,,,,,,,,,,,,,,,,,,,,,,,,,,,,,,,,,,,,,,,,,,,,,,,,,,,,,,,,,,,,,,,,,,,,,,,,,,,,,,,,,,,,,,,,,,,,,,,,,,,,,,,,,,,,,,,,,,,,,,,,,
903,2025,ROLAND GARROS,GC,2025-05-25,2025-06-08,Clay,PARIS,FRANCE,128,26334000,USD,RS60704001,2025-05-22,,Justina Mikulskyte,Anouk Koevermans,LTU,NLD,,,,6-7(3),2-6,O,ROLAND GARROS,"Roland Garros - Paris, France",2025.0,Justina Mikulskyte,Anouk Koevermans,,,,,,,,,,,,,,,,,,,,,,,,,,,,,,,,,,,,,,,,,,,,,,,,,,,,,,,,,,,,,,,,,,,,,,,,,,,,,,,,,,,,,,,,,,,,,,,,,,,,,,,,,,,,,,,,,,,,,,,,,,,,,,,,,,,,,,,,,,,,,,,,,,,,,,,,,,,,,,,,,,,,,,,,,,,,,,,,,,,,,,,
903,2025,ROLAND GARROS,GC,2025-05-25,2025-06-08,Clay,PARIS,FRANCE,128,26334000,USD,RS60704519,2025-05-22,,Maria Carle,Katarzyna Kawa,ARG,POL,18.0,,,6-4,4-6,O,ROLAND GARROS,"Roland Garros - Paris, France",2025.0,Maria Carle,Katarzyna Kawa,,,,,,,,,,,,,,,,,,,,,,,,,,,,,,,,,,,,,,,,,,,,,,,,,,,,,,,,,,,,,,,,,,,,,,,,,,,,,,,,,,,,,,,,,,,,,,,,,,,,,,,,,,,,,,,,,,,,,,,,,,,,,,,,,,,,,,,,,,,,,,,,,,,,,,,,,,,,,,,,,,,,,,,,,,,,,,,,,,,,,,,
903,2025,ROLAND GARROS,GC,2025-05-25,2025-06-08,Clay,PARIS,FRANCE,128,26334000,USD,RS60678919,2025-05-21,,Anastasiia Sobolieva,Julie Belgraver,UKR,FRA,,,,6-3,6-4,O,ROLAND GARROS,"Roland Garros - Paris, France",2025.0,Anastasiia Sobolieva,Julie Belgraver,,,,,,,,,,,,,,,,,,,,,,,,,,,,,,,,,,,,,,,,,,,,,,,,,,,,,,,,,,,,,,,,,,,,,,,,,,,,,,,,,,,,,,,,,,,,,,,,,,,,,,,,,,,,,,,,,,,,,,,,,,,,,,,,,,,,,,,,,,,,,,,,,,,,,,,,,,,,,,,,,,,,,,,,,,,,,,,,,,,,,,,
903,2025,ROLAND GARROS,GC,2025-05-25,2025-06-08,Clay,PARIS,FRANCE,128,26334000,USD,RS60699191,2025-05-21,,Daria Saville,Daphnee Mpetshi Perricard,AUS,FRA,26.0,,,2-6,1-6,O,ROLAND GARROS,"Roland Garros - Paris, France",2025.0,Daria Saville,Daphnee Mpetshi Perricard,,,,,,,,,,,,,,,,,,,,,,,,,,,,,,,,,,,,,,,,,,,,,,,,,,,,,,,,,,,,,,,,,,,,,,,,,,,,,,,,,,,,,,,,,,,,,,,,,,,,,,,,,,,,,,,,,,,,,,,,,,,,,,,,,,,,,,,,,,,,,,,,,,,,,,,,,,,,,,,,,,,,,,,,,,,,,,,,,,,,,,,
903,2025,ROLAND GARROS,GC,2025-05-25,2025-06-08,Clay,PARIS,FRANCE,128,26334000,USD,RS60675045,2025-05-21,,Oksana Selekhmeteva,Antonia Ruzic,,HRV,,14.0,,3-6,3-6,O,ROLAND GARROS,"Roland Garros - Paris, France",2025.0,Oksana Selekhmeteva,Antonia Ruzic,,,,,,,,,,,,,,,,,,,,,,,,,,,,,,,,,,,,,,,,,,,,,,,,,,,,,,,,,,,,,,,,,,,,,,,,,,,,,,,,,,,,,,,,,,,,,,,,,,,,,,,,,,,,,,,,,,,,,,,,,,,,,,,,,,,,,,,,,,,,,,,,,,,,,,,,,,,,,,,,,,,,,,,,,,,,,,,,,,,,,,,
903,2025,ROLAND GARROS,GC,2025-05-25,2025-06-08,Clay,PARIS,FRANCE,128,26334000,USD,RS60678915,2025-05-21,,Yuliia Starodubtseva,Tamara Zidansek,UKR,SVN,1.0,,,3-6,6-2,O,ROLAND GARROS,"Roland Garros - Paris, France",2025.0,Yuliia Starodubtseva,Tamara Zidansek,,,,,,,,,,,,,,,,,,,,,,,,,,,,,,,,,,,,,,,,,,,,,,,,,,,,,,,,,,,,,,,,,,,,,,,,,,,,,,,,,,,,,,,,,,,,,,,,,,,,,,,,,,,,,,,,,,,,,,,,,,,,,,,,,,,,,,,,,,,,,,,,,,,,,,,,,,,,,,,,,,,,,,,,,,,,,,,,,,,,,,,
903,2025,ROLAND GARROS,GC,2025-05-25,2025-06-08,Clay,PARIS,FRANCE,128,26334000,USD,RS60699189,2025-05-21,,Taylor Townsend,Hanna Chang,USA,USA,6.0,,,4-6,6-3,O,ROLAND GARROS,"Roland Garros - Paris, France",2025.0,Taylor Townsend,Hanna Chang,,,,,,,,,,,,,,,,,,,,,,,,,,,,,,,,,,,,,,,,,,,,,,,,,,,,,,,,,,,,,,,,,,,,,,,,,,,,,,,,,,,,,,,,,,,,,,,,,,,,,,,,,,,,,,,,,,,,,,,,,,,,,,,,,,,,,,,,,,,,,,,,,,,,,,,,,,,,,,,,,,,,,,,,,,,,,,,,,,,,,,,
903,2025,ROLAND GARROS,GC,2025-05-25,2025-06-08,Clay,PARIS,FRANCE,128,26334000,USD,RS60672163,2025-05-21,,Lola Radivojevic,Sofia Costoulas,SRB,BEL,,,,1-6,6-3,O,ROLAND GARROS,"Roland Garros - Paris, France",2025.0,Lola Radivojevic,Sofia Costoulas,,,,,,,,,,,,,,,,,,,,,,,,,,,,,,,,,,,,,,,,,,,,,,,,,,,,,,,,,,,,,,,,,,,,,,,,,,,,,,,,,,,,,,,,,,,,,,,,,,,,,,,,,,,,,,,,,,,,,,,,,,,,,,,,,,,,,,,,,,,,,,,,,,,,,,,,,,,,,,,,,,,,,,,,,,,,,,,,,,,,,,,
903,2025,ROLAND GARROS,GC,2025-05-25,2025-06-08,Clay,PARIS,FRANCE,128,26334000,USD,RS60675401,2025-05-21,,Ena Shibahara,Sara Bejlek,JPN,CZE,31.0,,,7-5,2-6,O,ROLAND GARROS,"Roland Garros - Paris, France",2025.0,Ena Shibahara,Sara Bejlek,,,,,,,,,,,,,,,,,,,,,,,,,,,,,,,,,,,,,,,,,,,,,,,,,,,,,,,,,,,,,,,,,,,,,,,,,,,,,,,,,,,,,,,,,,,,,,,,,,,,,,,,,,,,,,,,,,,,,,,,,,,,,,,,,,,,,,,,,,,,,,,,,,,,,,,,,,,,,,,,,,,,,,,,,,,,,,,,,,,,,,,
903,2025,ROLAND GARROS,GC,2025-05-25,2025-06-08,Clay,PARIS,FRANCE,128,26334000,USD,RS60669525,2025-05-21,,Bianca Andreescu,Nao Hibino,CAN,JPN,17.0,,,2-6,7-6(5),O,ROLAND GARROS,"Roland Garros - Paris, France",2025.0,Bianca Andreescu,Nao Hibino,,,,,,,,,,,,,,,,,,,,,,,,,,,,,,,,,,,,,,,,,,,,,,,,,,,,,,,,,,,,,,,,,,,,,,,,,,,,,,,,,,,,,,,,,,,,,,,,,,,,,,,,,,,,,,,,,,,,,,,,,,,,,,,,,,,,,,,,,,,,,,,,,,,,,,,,,,,,,,,,,,,,,,,,,,,,,,,,,,,,,,,
903,2025,ROLAND GARROS,GC,2025-05-25,2025-06-08,Clay,PARIS,FRANCE,128,26334000,USD,RS60671285,2025-05-21,,Tamara Korpatsch,Marina Stakusic,DEU,CAN,,24.0,,6-2,6-1,O,ROLAND GARROS,"Roland Garros - Paris, France",2025.0,Tamara Korpatsch,Marina Stakusic,,,,,,,,,,,,,,,,,,,,,,,,,,,,,,,,,,,,,,,,,,,,,,,,,,,,,,,,,,,,,,,,,,,,,,,,,,,,,,,,,,,,,,,,,,,,,,,,,,,,,,,,,,,,,,,,,,,,,,,,,,,,,,,,,,,,,,,,,,,,,,,,,,,,,,,,,,,,,,,,,,,,,,,,,,,,,,,,,,,,,,,
903,2025,ROLAND GARROS,GC,2025-05-25,2025-06-08,Clay,PARIS,FRANCE,128,26334000,USD,RS60672165,2025-05-21,,Kristina Dmitruk,Maddison Inglis,,AUS,,,,5-7,3-6,O,ROLAND GARROS,"Roland Garros - Paris, France",2025.0,Kristina Dmitruk,Maddison Inglis,,,,,,,,,,,,,,,,,,,,,,,,,,,,,,,,,,,,,,,,,,,,,,,,,,,,,,,,,,,,,,,,,,,,,,,,,,,,,,,,,,,,,,,,,,,,,,,,,,,,,,,,,,,,,,,,,,,,,,,,,,,,,,,,,,,,,,,,,,,,,,,,,,,,,,,,,,,,,,,,,,,,,,,,,,,,,,,,,,,,,,,
903,2025,ROLAND GARROS,GC,2025-05-25,2025-06-08,Clay,PARIS,FRANCE,128,26334000,USD,RS60672417,2025-05-21,,Ella Seidel,Panna Udvardy,DEU,HUN,12.0,,,3-6,6-2,O,ROLAND GARROS,"Roland Garros - Paris, France",2025.0,Ella Seidel,Panna Udvardy,,,,,,,,,,,,,,,,,,,,,,,,,,,,,,,,,,,,,,,,,,,,,,,,,,,,,,,,,,,,,,,,,,,,,,,,,,,,,,,,,,,,,,,,,,,,,,,,,,,,,,,,,,,,,,,,,,,,,,,,,,,,,,,,,,,,,,,,,,,,,,,,,,,,,,,,,,,,,,,,,,,,,,,,,,,,,,,,,,,,,,,
903,2025,ROLAND GARROS,GC,2025-05-25,2025-06-08,Clay,PARIS,FRANCE,128,26334000,USD,RS60672555,2025-05-21,,Rebeka Masarova,Carson Branstine,CHE,CAN,10.0,,,6-0,6-3,O,ROLAND GARROS,"Roland Garros - Paris, France",2025.0,Rebeka Masarova,Carson Branstine,,,,,,,,,,,,,,,,,,,,,,,,,,,,,,,,,,,,,,,,,,,,,,,,,,,,,,,,,,,,,,,,,,,,,,,,,,,,,,,,,,,,,,,,,,,,,,,,,,,,,,,,,,,,,,,,,,,,,,,,,,,,,,,,,,,,,,,,,,,,,,,,,,,,,,,,,,,,,,,,,,,,,,,,,,,,,,,,,,,,,,,
903,2025,ROLAND GARROS,GC,2025-05-25,2025-06-08,Clay,PARIS,FRANCE,128,26334000,USD,RS60673665,2025-05-21,,Carole Monnet,Fiona Ferro,FRA,FRA,,,,7-5,6-2,O,ROLAND GARROS,"Roland Garros - Paris, France",2025.0,Carole Monnet,Fiona Ferro,,,,,,,,,,,,,,,,,,,,,,,,,,,,,,,,,,,,,,,,,,,,,,,,,,,,,,,,,,,,,,,,,,,,,,,,,,,,,,,,,,,,,,,,,,,,,,,,,,,,,,,,,,,,,,,,,,,,,,,,,,,,,,,,,,,,,,,,,,,,,,,,,,,,,,,,,,,,,,,,,,,,,,,,,,,,,,,,,,,,,,,
903,2025,ROLAND GARROS,GC,2025-05-25,2025-06-08,Clay,PARIS,FRANCE,128,26334000,USD,RS60675047,2025-05-21,,Varvara Lepchenko,Jana Fett,USA,HRV,16.0,,,1-6,6-4,O,ROLAND GARROS,"Roland Garros - Paris, France",2025.0,Varvara Lepchenko,Jana Fett,,,,,,,,,,,,,,,,,,,,,,,,,,,,,,,,,,,,,,,,,,,,,,,,,,,,,,,,,,,,,,,,,,,,,,,,,,,,,,,,,,,,,,,,,,,,,,,,,,,,,,,,,,,,,,,,,,,,,,,,,,,,,,,,,,,,,,,,,,,,,,,,,,,,,,,,,,,,,,,,,,,,,,,,,,,,,,,,,,,,,,,
903,2025,ROLAND GARROS,GC,2025-05-25,2025-06-08,Clay,PARIS,FRANCE,128,26334000,USD,RS60675211,2025-05-21,,Nina Stojanovic,Margaux Rouvroy,SRB,FRA,,,,6-3,5-7,O,ROLAND GARROS,"Roland Garros - Paris, France",2025.0,Nina Stojanovic,Margaux Rouvroy,,,,,,,,,,,,,,,,,,,,,,,,,,,,,,,,,,,,,,,,,,,,,,,,,,,,,,,,,,,,,,,,,,,,,,,,,,,,,,,,,,,,,,,,,,,,,,,,,,,,,,,,,,,,,,,,,,,,,,,,,,,,,,,,,,,,,,,,,,,,,,,,,,,,,,,,,,,,,,,,,,,,,,,,,,,,,,,,,,,,,,,
903,2025,ROLAND GARROS,GC,2025-05-25,2025-06-08,Clay,PARIS,FRANCE,128,26334000,USD,RS60646011,2025-05-20,,Maria Carle,Eleejah Inisan,ARG,FRA,18.0,,,2-6,1-6,O,ROLAND GARROS,"Roland Garros - Paris, France",2025.0,Maria Carle,Eleejah Inisan,,,,,,,,,,,,,,,,,,,,,,,,,,,,,,,,,,,,,,,,,,,,,,,,,,,,,,,,,,,,,,,,,,,,,,,,,,,,,,,,,,,,,,,,,,,,,,,,,,,,,,,,,,,,,,,,,,,,,,,,,,,,,,,,,,,,,,,,,,,,,,,,,,,,,,,,,,,,,,,,,,,,,,,,,,,,,,,,,,,,,,,
903,2025,ROLAND GARROS,GC,2025-05-25,2025-06-08,Clay,PARIS,FRANCE,128,26334000,USD,RS60646013,2025-05-20,,Katarzyna Kawa,Tessah Andrianjafitrimo,POL,FRA,,,,4-6,3-6,O,ROLAND GARROS,"Roland Garros - Paris, France",2025.0,Katarzyna Kawa,Tessah Andrianjafitrimo,,,,,,,,,,,,,,,,,,,,,,,,,,,,,,,,,,,,,,,,,,,,,,,,,,,,,,,,,,,,,,,,,,,,,,,,,,,,,,,,,,,,,,,,,,,,,,,,,,,,,,,,,,,,,,,,,,,,,,,,,,,,,,,,,,,,,,,,,,,,,,,,,,,,,,,,,,,,,,,,,,,,,,,,,,,,,,,,,,,,,,,
903,2025,ROLAND GARROS,GC,2025-05-25,2025-06-08,Clay,PARIS,FRANCE,128,26334000,USD,RS60645977,2025-05-20,,Miriam Bianca Bulgaru,Nuria Parrizas Diaz,ROU,ESP,,13.0,,1-6,6-7(9),O,ROLAND GARROS,"Roland Garros - Paris, France",2025.0,Miriam Bianca Bulgaru,Nuria Parrizas Diaz,,,,,,,,,,,,,,,,,,,,,,,,,,,,,,,,,,,,,,,,,,,,,,,,,,,,,,,,,,,,,,,,,,,,,,,,,,,,,,,,,,,,,,,,,,,,,,,,,,,,,,,,,,,,,,,,,,,,,,,,,,,,,,,,,,,,,,,,,,,,,,,,,,,,,,,,,,,,,,,,,,,,,,,,,,,,,,,,,,,,,,,
903,2025,ROLAND GARROS,GC,2025-05-25,2025-06-08,Clay,PARIS,FRANCE,128,26334000,USD,RS60645973,2025-05-20,,Julia Riera,Valentina Ryser,ARG,CHE,,,,2-6,6-4,O,ROLAND GARROS,"Roland Garros - Paris, France",2025.0,Julia Riera,Valentina Ryser,,,,,,,,,,,,,,,,,,,,,,,,,,,,,,,,,,,,,,,,,,,,,,,,,,,,,,,,,,,,,,,,,,,,,,,,,,,,,,,,,,,,,,,,,,,,,,,,,,,,,,,,,,,,,,,,,,,,,,,,,,,,,,,,,,,,,,,,,,,,,,,,,,,,,,,,,,,,,,,,,,,,,,,,,,,,,,,,,,,,,,,
903,2025,ROLAND GARROS,GC,2025-05-25,2025-06-08,Clay,PARIS,FRANCE,128,26334000,USD,RS60645975,2025-05-20,,Patricia Maria Tig,Kayla Cross,ROU,CAN,,,,6-4,6-2,O,ROLAND GARROS,"Roland Garros - Paris, France",2025.0,Patricia Maria Tig,Kayla Cross,,,,,,,,,,,,,,,,,,,,,,,,,,,,,,,,,,,,,,,,,,,,,,,,,,,,,,,,,,,,,,,,,,,,,,,,,,,,,,,,,,,,,,,,,,,,,,,,,,,,,,,,,,,,,,,,,,,,,,,,,,,,,,,,,,,,,,,,,,,,,,,,,,,,,,,,,,,,,,,,,,,,,,,,,,,,,,,,,,,,,,,
903,2025,ROLAND GARROS,GC,2025-05-25,2025-06-08,Clay,PARIS,FRANCE,128,26334000,USD,RS60646015,2025-05-20,,Ekaterina Makarova,Justina Mikulskyte,,LTU,,,,6-4,7-6(4),O,ROLAND GARROS,"Roland Garros - Paris, France",2025.0,Ekaterina Makarova,Justina Mikulskyte,,,,,,,,,,,,,,,,,,,,,,,,,,,,,,,,,,,,,,,,,,,,,,,,,,,,,,,,,,,,,,,,,,,,,,,,,,,,,,,,,,,,,,,,,,,,,,,,,,,,,,,,,,,,,,,,,,,,,,,,,,,,,,,,,,,,,,,,,,,,,,,,,,,,,,,,,,,,,,,,,,,,,,,,,,,,,,,,,,,,,,,
903,2025,ROLAND GARROS,GC,2025-05-25,2025-06-08,Clay,PARIS,FRANCE,128,26334000,USD,RS60645971,2025-05-20,,Talia Gibson,Mihaela Buzarnescu,AUS,ROU,23.0,,,2-6,3-6,O,ROLAND GARROS,"Roland Garros - Paris, France",2025.0,Talia Gibson,Mihaela Buzarnescu,,,,,,,,,,,,,,,,,,,,,,,,,,,,,,,,,,,,,,,,,,,,,,,,,,,,,,,,,,,,,,,,,,,,,,,,,,,,,,,,,,,,,,,,,,,,,,,,,,,,,,,,,,,,,,,,,,,,,,,,,,,,,,,,,,,,,,,,,,,,,,,,,,,,,,,,,,,,,,,,,,,,,,,,,,,,,,,,,,,,,,,
903,2025,ROLAND GARROS,GC,2025-05-25,2025-06-08,Clay,PARIS,FRANCE,128,26334000,USD,RS60646017,2025-05-20,,Anouk Koevermans,Anastasia Zakharova,NLD,,,8.0,,7-6(6),5-7,O,ROLAND GARROS,"Roland Garros - Paris, France",2025.0,Anouk Koevermans,Anastasia Zakharova,,,,,,,,,,,,,,,,,,,,,,,,,,,,,,,,,,,,,,,,,,,,,,,,,,,,,,,,,,,,,,,,,,,,,,,,,,,,,,,,,,,,,,,,,,,,,,,,,,,,,,,,,,,,,,,,,,,,,,,,,,,,,,,,,,,,,,,,,,,,,,,,,,,,,,,,,,,,,,,,,,,,,,,,,,,,,,,,,,,,,,,
903,2025,ROLAND GARROS,GC,2025-05-25,2025-06-08,Clay,PARIS,FRANCE,128,26334000,USD,RS60646039,2025-05-20,,Linda Klimovicova,Linda Fruhvirtova,POL,CZE,,,,4-6,4-6,O,ROLAND GARROS,"Roland Garros - Paris, France",2025.0,Linda Klimovicova,Linda Fruhvirtova,,,,,,,,,,,,,,,,,,,,,,,,,,,,,,,,,,,,,,,,,,,,,,,,,,,,,,,,,,,,,,,,,,,,,,,,,,,,,,,,,,,,,,,,,,,,,,,,,,,,,,,,,,,,,,,,,,,,,,,,,,,,,,,,,,,,,,,,,,,,,,,,,,,,,,,,,,,,,,,,,,,,,,,,,,,,,,,,,,,,,,,
903,2025,ROLAND GARROS,GC,2025-05-25,2025-06-08,Clay,PARIS,FRANCE,128,26334000,USD,RS60646003,2025-05-20,,Xiyu Wang,Selena Janicijevic,CHN,FRA,29.0,,,6-1,1-6,O,ROLAND GARROS,"Roland Garros - Paris, France",2025.0,Xiyu Wang,Selena Janicijevic,,,,,,,,,,,,,,,,,,,,,,,,,,,,,,,,,,,,,,,,,,,,,,,,,,,,,,,,,,,,,,,,,,,,,,,,,,,,,,,,,,,,,,,,,,,,,,,,,,,,,,,,,,,,,,,,,,,,,,,,,,,,,,,,,,,,,,,,,,,,,,,,,,,,,,,,,,,,,,,,,,,,,,,,,,,,,,,,,,,,,,,
903,2025,ROLAND GARROS,GC,2025-05-25,2025-06-08,Clay,PARIS,FRANCE,128,26334000,USD,RS60646037,2025-05-20,,Astra Sharma,Emina Bektas,AUS,USA,,,,6-0,6-0,O,ROLAND GARROS,"Roland Garros - Paris, France",2025.0,Astra Sharma,Emina Bektas,,,,,,,,,,,,,,,,,,,,,,,,,,,,,,,,,,,,,,,,,,,,,,,,,,,,,,,,,,,,,,,,,,,,,,,,,,,,,,,,,,,,,,,,,,,,,,,,,,,,,,,,,,,,,,,,,,,,,,,,,,,,,,,,,,,,,,,,,,,,,,,,,,,,,,,,,,,,,,,,,,,,,,,,,,,,,,,,,,,,,,,
903,2025,ROLAND GARROS,GC,2025-05-25,2025-06-08,Clay,PARIS,FRANCE,128,26334000,USD,RS60646041,2025-05-20,,Mananchaya Sawangkaew,Lizette Cabrera,THA,AUS,5.0,,,6-4,6-2,O,ROLAND GARROS,"Roland Garros - Paris, France",2025.0,Mananchaya Sawangkaew,Lizette Cabrera,,,,,,,,,,,,,,,,,,,,,,,,,,,,,,,,,,,,,,,,,,,,,,,,,,,,,,,,,,,,,,,,,,,,,,,,,,,,,,,,,,,,,,,,,,,,,,,,,,,,,,,,,,,,,,,,,,,,,,,,,,,,,,,,,,,,,,,,,,,,,,,,,,,,,,,,,,,,,,,,,,,,,,,,,,,,,,,,,,,,,,,
903,2025,ROLAND GARROS,GC,2025-05-25,2025-06-08,Clay,PARIS,FRANCE,128,26334000,USD,RS60646023,2025-05-20,,Victoria Mboko,Sinja Kraus,CAN,AUT,,,,6-4,6-2,O,ROLAND GARROS,"Roland Garros - Paris, France",2025.0,Victoria Mboko,Sinja Kraus,,,,,,,,,,,,,,,,,,,,,,,,,,,,,,,,,,,,,,,,,,,,,,,,,,,,,,,,,,,,,,,,,,,,,,,,,,,,,,,,,,,,,,,,,,,,,,,,,,,,,,,,,,,,,,,,,,,,,,,,,,,,,,,,,,,,,,,,,,,,,,,,,,,,,,,,,,,,,,,,,,,,,,,,,,,,,,,,,,,,,,,
903,2025,ROLAND GARROS,GC,2025-05-25,2025-06-08,Clay,PARIS,FRANCE,128,26334000,USD,RS60646035,2025-05-20,,Leyre Romero Gormaz,Darya Astakhova,ESP,,27.0,,,1-6,1-6,O,ROLAND GARROS,"Roland Garros - Paris, France",2025.0,Leyre Romero Gormaz,Darya Astakhova,,,,,,,,,,,,,,,,,,,,,,,,,,,,,,,,,,,,,,,,,,,,,,,,,,,,,,,,,,,,,,,,,,,,,,,,,,,,,,,,,,,,,,,,,,,,,,,,,,,,,,,,,,,,,,,,,,,,,,,,,,,,,,,,,,,,,,,,,,,,,,,,,,,,,,,,,,,,,,,,,,,,,,,,,,,,,,,,,,,,,,,
903,2025,ROLAND GARROS,GC,2025-05-25,2025-06-08,Clay,PARIS,FRANCE,128,26334000,USD,RS60646021,2025-05-20,,Kaja Juvan,Lanlana Tararudee,SVN,THA,,,,5-7,3-6,O,ROLAND GARROS,"Roland Garros - Paris, France",2025.0,Kaja Juvan,Lanlana Tararudee,,,,,,,,,,,,,,,,,,,,,,,,,,,,,,,,,,,,,,,,,,,,,,,,,,,,,,,,,,,,,,,,,,,,,,,,,,,,,,,,,,,,,,,,,,,,,,,,,,,,,,,,,,,,,,,,,,,,,,,,,,,,,,,,,,,,,,,,,,,,,,,,,,,,,,,,,,,,,,,,,,,,,,,,,,,,,,,,,,,,,,,
903,2025,ROLAND GARROS,GC,2025-05-25,2025-06-08,Clay,PARIS,FRANCE,128,26334000,USD,RS60646005,2025-05-20,,Barbora Palicova,Guiomar Maristany Zuleta de Reales,CZE,ESP,,,,4-6,6-2,O,ROLAND GARROS,"Roland Garros - Paris, France",2025.0,Barbora Palicova,Guiomar Maristany Zuleta de Reales,,,,,,,,,,,,,,,,,,,,,,,,,,,,,,,,,,,,,,,,,,,,,,,,,,,,,,,,,,,,,,,,,,,,,,,,,,,,,,,,,,,,,,,,,,,,,,,,,,,,,,,,,,,,,,,,,,,,,,,,,,,,,,,,,,,,,,,,,,,,,,,,,,,,,,,,,,,,,,,,,,,,,,,,,,,,,,,,,,,,,,,
903,2025,ROLAND GARROS,GC,2025-05-25,2025-06-08,Clay,PARIS,FRANCE,128,26334000,USD,RS60646025,2025-05-20,,Kathinka Von Deichmann,Rebecca Marino,LIE,CAN,,7.0,,1-6,0-6,O,ROLAND GARROS,"Roland Garros - Paris, France",2025.0,Kathinka Von Deichmann,Rebecca Marino,,,,,,,,,,,,,,,,,,,,,,,,,,,,,,,,,,,,,,,,,,,,,,,,,,,,,,,,,,,,,,,,,,,,,,,,,,,,,,,,,,,,,,,,,,,,,,,,,,,,,,,,,,,,,,,,,,,,,,,,,,,,,,,,,,,,,,,,,,,,,,,,,,,,,,,,,,,,,,,,,,,,,,,,,,,,,,,,,,,,,,,
903,2025,ROLAND GARROS,GC,2025-05-25,2025-06-08,Clay,PARIS,FRANCE,128,26334000,USD,RS60646019,2025-05-20,,Maja Chwalinska,Cindy Langlais,POL,FRA,20.0,,,4-6,6-4,O,ROLAND GARROS,"Roland Garros - Paris, France",2025.0,Maja Chwalinska,Cindy Langlais,,,,,,,,,,,,,,,,,,,,,,,,,,,,,,,,,,,,,,,,,,,,,,,,,,,,,,,,,,,,,,,,,,,,,,,,,,,,,,,,,,,,,,,,,,,,,,,,,,,,,,,,,,,,,,,,,,,,,,,,,,,,,,,,,,,,,,,,,,,,,,,,,,,,,,,,,,,,,,,,,,,,,,,,,,,,,,,,,,,,,,,
903,2025,ROLAND GARROS,GC,2025-05-25,2025-06-08,Clay,PARIS,FRANCE,128,26334000,USD,RS60646043,2025-05-20,,Jule Niemeier,Sara Errani,DEU,ITA,19.0,,,0-6,7-6(4),O,ROLAND GARROS,"Roland Garros - Paris, France",2025.0,Jule Niemeier,Sara Errani,,,,,,,,,,,,,,,,,,,,,,,,,,,,,,,,,,,,,,,,,,,,,,,,,,,,,,,,,,,,,,,,,,,,,,,,,,,,,,,,,,,,,,,,,,,,,,,,,,,,,,,,,,,,,,,,,,,,,,,,,,,,,,,,,,,,,,,,,,,,,,,,,,,,,,,,,,,,,,,,,,,,,,,,,,,,,,,,,,,,,,,
903,2025,ROLAND GARROS,GC,2025-05-25,2025-06-08,Clay,PARIS,FRANCE,128,26334000,USD,RS60646009,2025-05-20,,Susan Bandecchi,Solana Sierra,CHE,ARG,,9.0,,7-6(5),6-3,O,ROLAND GARROS,"Roland Garros - Paris, France",2025.0,Susan Bandecchi,Solana Sierra,,,,,,,,,,,,,,,,,,,,,,,,,,,,,,,,,,,,,,,,,,,,,,,,,,,,,,,,,,,,,,,,,,,,,,,,,,,,,,,,,,,,,,,,,,,,,,,,,,,,,,,,,,,,,,,,,,,,,,,,,,,,,,,,,,,,,,,,,,,,,,,,,,,,,,,,,,,,,,,,,,,,,,,,,,,,,,,,,,,,,,,
903,2025,ROLAND GARROS,GC,2025-05-25,2025-06-08,Clay,PARIS,FRANCE,128,26334000,USD,RS60646059,2025-05-20,,Shuai Zhang,Storm Hunter,CHN,AUS,30.0,,,3-6,2-6,O,ROLAND GARROS,"Roland Garros - Paris, France",2025.0,Shuai Zhang,Storm Hunter,,,,,,,,,,,,,,,,,,,,,,,,,,,,,,,,,,,,,,,,,,,,,,,,,,,,,,,,,,,,,,,,,,,,,,,,,,,,,,,,,,,,,,,,,,,,,,,,,,,,,,,,,,,,,,,,,,,,,,,,,,,,,,,,,,,,,,,,,,,,,,,,,,,,,,,,,,,,,,,,,,,,,,,,,,,,,,,,,,,,,,,
903,2025,ROLAND GARROS,GC,2025-05-25,2025-06-08,Clay,PARIS,FRANCE,128,26334000,USD,RS60645955,2025-05-20,,Francesca Jones,Lea Boskovic,GBR,HRV,22.0,,,2-6,3-6,O,ROLAND GARROS,"Roland Garros - Paris, France",2025.0,Francesca Jones,Lea Boskovic,,,,,,,,,,,,,,,,,,,,,,,,,,,,,,,,,,,,,,,,,,,,,,,,,,,,,,,,,,,,,,,,,,,,,,,,,,,,,,,,,,,,,,,,,,,,,,,,,,,,,,,,,,,,,,,,,,,,,,,,,,,,,,,,,,,,,,,,,,,,,,,,,,,,,,,,,,,,,,,,,,,,,,,,,,,,,,,,,,,,,,,
903,2025,ROLAND GARROS,GC,2025-05-25,2025-06-08,Clay,PARIS,FRANCE,128,26334000,USD,RS60646045,2025-05-20,,Anna-Lena Friedsam,Ksenia Efremova,DEU,FRA,,,,1-6,5-7,O,ROLAND GARROS,"Roland Garros - Paris, France",2025.0,Anna-Lena Friedsam,Ksenia Efremova,,,,,,,,,,,,,,,,,,,,,,,,,,,,,,,,,,,,,,,,,,,,,,,,,,,,,,,,,,,,,,,,,,,,,,,,,,,,,,,,,,,,,,,,,,,,,,,,,,,,,,,,,,,,,,,,,,,,,,,,,,,,,,,,,,,,,,,,,,,,,,,,,,,,,,,,,,,,,,,,,,,,,,,,,,,,,,,,,,,,,,,
903,2025,ROLAND GARROS,GC,2025-05-25,2025-06-08,Clay,PARIS,FRANCE,128,26334000,USD,RS60645957,2025-05-20,,Mai Hontama,Elena Pridankina,JPN,,,,,2-6,5-7,O,ROLAND GARROS,"Roland Garros - Paris, France",2025.0,Mai Hontama,Elena Pridankina,,,,,,,,,,,,,,,,,,,,,,,,,,,,,,,,,,,,,,,,,,,,,,,,,,,,,,,,,,,,,,,,,,,,,,,,,,,,,,,,,,,,,,,,,,,,,,,,,,,,,,,,,,,,,,,,,,,,,,,,,,,,,,,,,,,,,,,,,,,,,,,,,,,,,,,,,,,,,,,,,,,,,,,,,,,,,,,,,,,,,,,
903,2025,ROLAND GARROS,GC,2025-05-25,2025-06-08,Clay,PARIS,FRANCE,128,26334000,USD,RS60646061,2025-05-20,,Simona Waltert,Raluca Georgiana Serban,CHE,CYP,,,,3-6,5-7,O,ROLAND GARROS,"Roland Garros - Paris, France",2025.0,Simona Waltert,Raluca Georgiana Serban,,,,,,,,,,,,,,,,,,,,,,,,,,,,,,,,,,,,,,,,,,,,,,,,,,,,,,,,,,,,,,,,,,,,,,,,,,,,,,,,,,,,,,,,,,,,,,,,,,,,,,,,,,,,,,,,,,,,,,,,,,,,,,,,,,,,,,,,,,,,,,,,,,,,,,,,,,,,,,,,,,,,,,,,,,,,,,,,,,,,,,,
903,2025,ROLAND GARROS,GC,2025-05-25,2025-06-08,Clay,PARIS,FRANCE,128,26334000,USD,RS60646007,2025-05-20,,Daria Snigur,Mariam Bolkvadze,UKR,GEO,,,,3-6,0-6,O,ROLAND GARROS,"Roland Garros - Paris, France",2025.0,Daria Snigur,Mariam Bolkvadze,,,,,,,,,,,,,,,,,,,,,,,,,,,,,,,,,,,,,,,,,,,,,,,,,,,,,,,,,,,,,,,,,,,,,,,,,,,,,,,,,,,,,,,,,,,,,,,,,,,,,,,,,,,,,,,,,,,,,,,,,,,,,,,,,,,,,,,,,,,,,,,,,,,,,,,,,,,,,,,,,,,,,,,,,,,,,,,,,,,,,,,
903,2025,ROLAND GARROS,GC,2025-05-25,2025-06-08,Clay,PARIS,FRANCE,128,26334000,USD,RS60646027,2025-05-20,,Daria Saville,Heather Watson,AUS,GBR,26.0,,,6-7(2),2-6,O,ROLAND GARROS,"Roland Garros - Paris, France",2025.0,Daria Saville,Heather Watson,,,,,,,,,,,,,,,,,,,,,,,,,,,,,,,,,,,,,,,,,,,,,,,,,,,,,,,,,,,,,,,,,,,,,,,,,,,,,,,,,,,,,,,,,,,,,,,,,,,,,,,,,,,,,,,,,,,,,,,,,,,,,,,,,,,,,,,,,,,,,,,,,,,,,,,,,,,,,,,,,,,,,,,,,,,,,,,,,,,,,,,
903,2025,ROLAND GARROS,GC,2025-05-25,2025-06-08,Clay,PARIS,FRANCE,128,26334000,USD,RS60646029,2025-05-20,,Daphnee Mpetshi Perricard,Gabriela Knutson,FRA,CZE,,,,6-4,6-3,O,ROLAND GARROS,"Roland Garros - Paris, France",2025.0,Daphnee Mpetshi Perricard,Gabriela Knutson,,,,,,,,,,,,,,,,,,,,,,,,,,,,,,,,,,,,,,,,,,,,,,,,,,,,,,,,,,,,,,,,,,,,,,,,,,,,,,,,,,,,,,,,,,,,,,,,,,,,,,,,,,,,,,,,,,,,,,,,,,,,,,,,,,,,,,,,,,,,,,,,,,,,,,,,,,,,,,,,,,,,,,,,,,,,,,,,,,,,,,,
903,2025,ROLAND GARROS,GC,2025-05-25,2025-06-08,Clay,PARIS,FRANCE,128,26334000,USD,RS60646031,2025-05-20,,Hanna Chang,Leonie Kung,USA,CHE,,,,4-6,0-6,O,ROLAND GARROS,"Roland Garros - Paris, France",2025.0,Hanna Chang,Leonie Kung,,,,,,,,,,,,,,,,,,,,,,,,,,,,,,,,,,,,,,,,,,,,,,,,,,,,,,,,,,,,,,,,,,,,,,,,,,,,,,,,,,,,,,,,,,,,,,,,,,,,,,,,,,,,,,,,,,,,,,,,,,,,,,,,,,,,,,,,,,,,,,,,,,,,,,,,,,,,,,,,,,,,,,,,,,,,,,,,,,,,,,,
903,2025,ROLAND GARROS,GC,2025-05-25,2025-06-08,Clay,PARIS,FRANCE,128,26334000,USD,RS60646033,2025-05-20,,Sara Saito,Taylor Townsend,JPN,USA,,6.0,,7-6(1),7-6(6),O,ROLAND GARROS,"Roland Garros - Paris, France",2025.0,Sara Saito,Taylor Townsend,,,,,,,,,,,,,,,,,,,,,,,,,,,,,,,,,,,,,,,,,,,,,,,,,,,,,,,,,,,,,,,,,,,,,,,,,,,,,,,,,,,,,,,,,,,,,,,,,,,,,,,,,,,,,,,,,,,,,,,,,,,,,,,,,,,,,,,,,,,,,,,,,,,,,,,,,,,,,,,,,,,,,,,,,,,,,,,,,,,,,,,
903,2025,ROLAND GARROS,GC,2025-05-25,2025-06-08,Clay,PARIS,FRANCE,128,26334000,USD,RS60646051,2025-05-20,,Veronika Erjavec,Darja Semenistaja,SVN,LVA,,21.0,,2-6,6-3,O,ROLAND GARROS,"Roland Garros - Paris, France",2025.0,Veronika Erjavec,Darja Semenistaja,,,,,,,,,,,,,,,,,,,,,,,,,,,,,,,,,,,,,,,,,,,,,,,,,,,,,,,,,,,,,,,,,,,,,,,,,,,,,,,,,,,,,,,,,,,,,,,,,,,,,,,,,,,,,,,,,,,,,,,,,,,,,,,,,,,,,,,,,,,,,,,,,,,,,,,,,,,,,,,,,,,,,,,,,,,,,,,,,,,,,,,
903,2025,ROLAND GARROS,GC,2025-05-25,2025-06-08,Clay,PARIS,FRANCE,128,26334000,USD,RS60646053,2025-05-20,,Nuria Brancaccio,Arianne Hartono,ITA,NLD,,,,4-6,3-6,O,ROLAND GARROS,"Roland Garros - Paris, France",2025.0,Nuria Brancaccio,Arianne Hartono,,,,,,,,,,,,,,,,,,,,,,,,,,,,,,,,,,,,,,,,,,,,,,,,,,,,,,,,,,,,,,,,,,,,,,,,,,,,,,,,,,,,,,,,,,,,,,,,,,,,,,,,,,,,,,,,,,,,,,,,,,,,,,,,,,,,,,,,,,,,,,,,,,,,,,,,,,,,,,,,,,,,,,,,,,,,,,,,,,,,,,,
903,2025,ROLAND GARROS,GC,2025-05-25,2025-06-08,Clay,PARIS,FRANCE,128,26334000,USD,RS60645959,2025-05-19,,Julie Belgraver,Han Shi,FRA,CHN,,,,3-6,2-6,O,ROLAND GARROS,"Roland Garros - Paris, France",2025.0,Julie Belgraver,Han Shi,,,,,,,,,,,,,,,,,,,,,,,,,,,,,,,,,,,,,,,,,,,,,,,,,,,,,,,,,,,,,,,,,,,,,,,,,,,,,,,,,,,,,,,,,,,,,,,,,,,,,,,,,,,,,,,,,,,,,,,,,,,,,,,,,,,,,,,,,,,,,,,,,,,,,,,,,,,,,,,,,,,,,,,,,,,,,,,,,,,,,,,
903,2025,ROLAND GARROS,GC,2025-05-25,2025-06-08,Clay,PARIS,FRANCE,128,26334000,USD,RS60646049,2025-05-19,,Petra Marcinko,Aoi Ito,HRV,JPN,,4.0,,5-7,2-6,O,ROLAND GARROS,"Roland Garros - Paris, France",2025.0,Petra Marcinko,Aoi Ito,,,,,,,,,,,,,,,,,,,,,,,,,,,,,,,,,,,,,,,,,,,,,,,,,,,,,,,,,,,,,,,,,,,,,,,,,,,,,,,,,,,,,,,,,,,,,,,,,,,,,,,,,,,,,,,,,,,,,,,,,,,,,,,,,,,,,,,,,,,,,,,,,,,,,,,,,,,,,,,,,,,,,,,,,,,,,,,,,,,,,,,
903,2025,ROLAND GARROS,GC,2025-05-25,2025-06-08,Clay,PARIS,FRANCE,128,26334000,USD,RS60646047,2025-05-19,,Joanna Garland,Celine Naef,TPE,CHE,,,,6-7(3),3-6,O,ROLAND GARROS,"Roland Garros - Paris, France",2025.0,Joanna Garland,Celine Naef,,,,,,,,,,,,,,,,,,,,,,,,,,,,,,,,,,,,,,,,,,,,,,,,,,,,,,,,,,,,,,,,,,,,,,,,,,,,,,,,,,,,,,,,,,,,,,,,,,,,,,,,,,,,,,,,,,,,,,,,,,,,,,,,,,,,,,,,,,,,,,,,,,,,,,,,,,,,,,,,,,,,,,,,,,,,,,,,,,,,,,,
903,2025,ROLAND GARROS,GC,2025-05-25,2025-06-08,Clay,PARIS,FRANCE,128,26334000,USD,RS60646073,2025-05-19,,Yuliia Starodubtseva,Hanne Vandewinkel,UKR,BEL,1.0,,,6-3,6-1,O,ROLAND GARROS,"Roland Garros - Paris, France",2025.0,Yuliia Starodubtseva,Hanne Vandewinkel,,,,,,,,,,,,,,,,,,,,,,,,,,,,,,,,,,,,,,,,,,,,,,,,,,,,,,,,,,,,,,,,,,,,,,,,,,,,,,,,,,,,,,,,,,,,,,,,,,,,,,,,,,,,,,,,,,,,,,,,,,,,,,,,,,,,,,,,,,,,,,,,,,,,,,,,,,,,,,,,,,,,,,,,,,,,,,,,,,,,,,,
903,2025,ROLAND GARROS,GC,2025-05-25,2025-06-08,Clay,PARIS,FRANCE,128,26334000,USD,RS60645961,2025-05-19,,Anastasiia Sobolieva,Harriet Dart,UKR,GBR,,15.0,,1-6,2-6,O,ROLAND GARROS,"Roland Garros - Paris, France",2025.0,Anastasiia Sobolieva,Harriet Dart,,,,,,,,,,,,,,,,,,,,,,,,,,,,,,,,,,,,,,,,,,,,,,,,,,,,,,,,,,,,,,,,,,,,,,,,,,,,,,,,,,,,,,,,,,,,,,,,,,,,,,,,,,,,,,,,,,,,,,,,,,,,,,,,,,,,,,,,,,,,,,,,,,,,,,,,,,,,,,,,,,,,,,,,,,,,,,,,,,,,,,,
903,2025,ROLAND GARROS,GC,2025-05-25,2025-06-08,Clay,PARIS,FRANCE,128,26334000,USD,RS60646067,2025-05-19,,Ena Shibahara,Jenny Lim,JPN,FRA,31.0,,,4-6,1-6,O,ROLAND GARROS,"Roland Garros - Paris, France",2025.0,Ena Shibahara,Jenny Lim,,,,,,,,,,,,,,,,,,,,,,,,,,,,,,,,,,,,,,,,,,,,,,,,,,,,,,,,,,,,,,,,,,,,,,,,,,,,,,,,,,,,,,,,,,,,,,,,,,,,,,,,,,,,,,,,,,,,,,,,,,,,,,,,,,,,,,,,,,,,,,,,,,,,,,,,,,,,,,,,,,,,,,,,,,,,,,,,,,,,,,,
903,2025,ROLAND GARROS,GC,2025-05-25,2025-06-08,Clay,PARIS,FRANCE,128,26334000,USD,RS60646063,2025-05-19,,Tereza Valentova,Arina Rodionova,CZE,AUS,,,,2-6,2-6,O,ROLAND GARROS,"Roland Garros - Paris, France",2025.0,Tereza Valentova,Arina Rodionova,,,,,,,,,,,,,,,,,,,,,,,,,,,,,,,,,,,,,,,,,,,,,,,,,,,,,,,,,,,,,,,,,,,,,,,,,,,,,,,,,,,,,,,,,,,,,,,,,,,,,,,,,,,,,,,,,,,,,,,,,,,,,,,,,,,,,,,,,,,,,,,,,,,,,,,,,,,,,,,,,,,,,,,,,,,,,,,,,,,,,,,
903,2025,ROLAND GARROS,GC,2025-05-25,2025-06-08,Clay,PARIS,FRANCE,128,26334000,USD,RS60646057,2025-05-19,,Aliaksandra Sasnovich,Tatiana Prozorova,,,3.0,,,6-4,6-3,O,ROLAND GARROS,"Roland Garros - Paris, France",2025.0,Aliaksandra Sasnovich,Tatiana Prozorova,,,,,,,,,,,,,,,,,,,,,,,,,,,,,,,,,,,,,,,,,,,,,,,,,,,,,,,,,,,,,,,,,,,,,,,,,,,,,,,,,,,,,,,,,,,,,,,,,,,,,,,,,,,,,,,,,,,,,,,,,,,,,,,,,,,,,,,,,,,,,,,,,,,,,,,,,,,,,,,,,,,,,,,,,,,,,,,,,,,,,,,
903,2025,ROLAND GARROS,GC,2025-05-25,2025-06-08,Clay,PARIS,FRANCE,128,26334000,USD,RS60646071,2025-05-19,,Tamara Zidansek,Dominika Salkova,SVN,CZE,,,,1-6,5-7,O,ROLAND GARROS,"Roland Garros - Paris, France",2025.0,Tamara Zidansek,Dominika Salkova,,,,,,,,,,,,,,,,,,,,,,,,,,,,,,,,,,,,,,,,,,,,,,,,,,,,,,,,,,,,,,,,,,,,,,,,,,,,,,,,,,,,,,,,,,,,,,,,,,,,,,,,,,,,,,,,,,,,,,,,,,,,,,,,,,,,,,,,,,,,,,,,,,,,,,,,,,,,,,,,,,,,,,,,,,,,,,,,,,,,,,,
903,2025,ROLAND GARROS,GC,2025-05-25,2025-06-08,Clay,PARIS,FRANCE,128,26334000,USD,RS60646055,2025-05-19,,Lucrezia Stefanini,Manon Leonard,ITA,FRA,,,,6-7(7),4-6,O,ROLAND GARROS,"Roland Garros - Paris, France",2025.0,Lucrezia Stefanini,Manon Leonard,,,,,,,,,,,,,,,,,,,,,,,,,,,,,,,,,,,,,,,,,,,,,,,,,,,,,,,,,,,,,,,,,,,,,,,,,,,,,,,,,,,,,,,,,,,,,,,,,,,,,,,,,,,,,,,,,,,,,,,,,,,,,,,,,,,,,,,,,,,,,,,,,,,,,,,,,,,,,,,,,,,,,,,,,,,,,,,,,,,,,,,
903,2025,ROLAND GARROS,GC,2025-05-25,2025-06-08,Clay,PARIS,FRANCE,128,26334000,USD,RS60646065,2025-05-19,,Dalma Galfi,Ana Bogdan,HUN,ROU,2.0,,,6-3,6-4,O,ROLAND GARROS,"Roland Garros - Paris, France",2025.0,Dalma Galfi,Ana Bogdan,,,,,,,,,,,,,,,,,,,,,,,,,,,,,,,,,,,,,,,,,,,,,,,,,,,,,,,,,,,,,,,,,,,,,,,,,,,,,,,,,,,,,,,,,,,,,,,,,,,,,,,,,,,,,,,,,,,,,,,,,,,,,,,,,,,,,,,,,,,,,,,,,,,,,,,,,,,,,,,,,,,,,,,,,,,,,,,,,,,,,,,
903,2025,ROLAND GARROS,GC,2025-05-25,2025-06-08,Clay,PARIS,FRANCE,128,26334000,USD,RS60645953,2025-05-19,,Varvara Lepchenko,Taylah Preston,USA,AUS,16.0,,,6-4,7-5,O,ROLAND GARROS,"Roland Garros - Paris, France",2025.0,Varvara Lepchenko,Taylah Preston,,,,,,,,,,,,,,,,,,,,,,,,,,,,,,,,,,,,,,,,,,,,,,,,,,,,,,,,,,,,,,,,,,,,,,,,,,,,,,,,,,,,,,,,,,,,,,,,,,,,,,,,,,,,,,,,,,,,,,,,,,,,,,,,,,,,,,,,,,,,,,,,,,,,,,,,,,,,,,,,,,,,,,,,,,,,,,,,,,,,,,,
903,2025,ROLAND GARROS,GC,2025-05-25,2025-06-08,Clay,PARIS,FRANCE,128,26334000,USD,RS60646069,2025-05-19,,Sara Bejlek,Mona Barthel,CZE,DEU,,,,0-6,4-6,O,ROLAND GARROS,"Roland Garros - Paris, France",2025.0,Sara Bejlek,Mona Barthel,,,,,,,,,,,,,,,,,,,,,,,,,,,,,,,,,,,,,,,,,,,,,,,,,,,,,,,,,,,,,,,,,,,,,,,,,,,,,,,,,,,,,,,,,,,,,,,,,,,,,,,,,,,,,,,,,,,,,,,,,,,,,,,,,,,,,,,,,,,,,,,,,,,,,,,,,,,,,,,,,,,,,,,,,,,,,,,,,,,,,,,
903,2025,ROLAND GARROS,GC,2025-05-25,2025-06-08,Clay,PARIS,FRANCE,128,26334000,USD,RS60645967,2025-05-19,,Oksana Selekhmeteva,Kyoka Okamura,,JPN,,,,6-3,6-2,O,ROLAND GARROS,"Roland Garros - Paris, France",2025.0,Oksana Selekhmeteva,Kyoka Okamura,,,,,,,,,,,,,,,,,,,,,,,,,,,,,,,,,,,,,,,,,,,,,,,,,,,,,,,,,,,,,,,,,,,,,,,,,,,,,,,,,,,,,,,,,,,,,,,,,,,,,,,,,,,,,,,,,,,,,,,,,,,,,,,,,,,,,,,,,,,,,,,,,,,,,,,,,,,,,,,,,,,,,,,,,,,,,,,,,,,,,,,
903,2025,ROLAND GARROS,GC,2025-05-25,2025-06-08,Clay,PARIS,FRANCE,128,26334000,USD,RS60645969,2025-05-19,,Antonia Ruzic,Hina Inoue,HRV,USA,14.0,,,6-1,6-1,O,ROLAND GARROS,"Roland Garros - Paris, France",2025.0,Antonia Ruzic,Hina Inoue,,,,,,,,,,,,,,,,,,,,,,,,,,,,,,,,,,,,,,,,,,,,,,,,,,,,,,,,,,,,,,,,,,,,,,,,,,,,,,,,,,,,,,,,,,,,,,,,,,,,,,,,,,,,,,,,,,,,,,,,,,,,,,,,,,,,,,,,,,,,,,,,,,,,,,,,,,,,,,,,,,,,,,,,,,,,,,,,,,,,,,,
903,2025,ROLAND GARROS,GC,2025-05-25,2025-06-08,Clay,PARIS,FRANCE,128,26334000,USD,RS60645949,2025-05-19,,Haruka Kaji,Margaux Rouvroy,JPN,FRA,,,,6-7(7),7-5,O,ROLAND GARROS,"Roland Garros - Paris, France",2025.0,Haruka Kaji,Margaux Rouvroy,,,,,,,,,,,,,,,,,,,,,,,,,,,,,,,,,,,,,,,,,,,,,,,,,,,,,,,,,,,,,,,,,,,,,,,,,,,,,,,,,,,,,,,,,,,,,,,,,,,,,,,,,,,,,,,,,,,,,,,,,,,,,,,,,,,,,,,,,,,,,,,,,,,,,,,,,,,,,,,,,,,,,,,,,,,,,,,,,,,,,,,
903,2025,ROLAND GARROS,GC,2025-05-25,2025-06-08,Clay,PARIS,FRANCE,128,26334000,USD,RS60645991,2025-05-19,,Fiona Ferro,Laura Pigossi,FRA,BRA,,,,2-6,5-7,O,ROLAND GARROS,"Roland Garros - Paris, France",2025.0,Fiona Ferro,Laura Pigossi,,,,,,,,,,,,,,,,,,,,,,,,,,,,,,,,,,,,,,,,,,,,,,,,,,,,,,,,,,,,,,,,,,,,,,,,,,,,,,,,,,,,,,,,,,,,,,,,,,,,,,,,,,,,,,,,,,,,,,,,,,,,,,,,,,,,,,,,,,,,,,,,,,,,,,,,,,,,,,,,,,,,,,,,,,,,,,,,,,,,,,,
903,2025,ROLAND GARROS,GC,2025-05-25,2025-06-08,Clay,PARIS,FRANCE,128,26334000,USD,RS60645947,2025-05-19,,Nina Stojanovic,Victoria Jimenez Kasintseva,SRB,AND,,28.0,,6-2,3-6,O,ROLAND GARROS,"Roland Garros - Paris, France",2025.0,Nina Stojanovic,Victoria Jimenez Kasintseva,,,,,,,,,,,,,,,,,,,,,,,,,,,,,,,,,,,,,,,,,,,,,,,,,,,,,,,,,,,,,,,,,,,,,,,,,,,,,,,,,,,,,,,,,,,,,,,,,,,,,,,,,,,,,,,,,,,,,,,,,,,,,,,,,,,,,,,,,,,,,,,,,,,,,,,,,,,,,,,,,,,,,,,,,,,,,,,,,,,,,,,
903,2025,ROLAND GARROS,GC,2025-05-25,2025-06-08,Clay,PARIS,FRANCE,128,26334000,USD,RS60645951,2025-05-19,,Priscilla Hon,Jana Fett,AUS,HRV,,,,6-2,4-6,O,ROLAND GARROS,"Roland Garros - Paris, France",2025.0,Priscilla Hon,Jana Fett,,,,,,,,,,,,,,,,,,,,,,,,,,,,,,,,,,,,,,,,,,,,,,,,,,,,,,,,,,,,,,,,,,,,,,,,,,,,,,,,,,,,,,,,,,,,,,,,,,,,,,,,,,,,,,,,,,,,,,,,,,,,,,,,,,,,,,,,,,,,,,,,,,,,,,,,,,,,,,,,,,,,,,,,,,,,,,,,,,,,,,,
903,2025,ROLAND GARROS,GC,2025-05-25,2025-06-08,Clay,PARIS,FRANCE,128,26334000,USD,RS60646001,2025-05-19,,Rebeka Masarova,Lina Glushko,CHE,ISR,10.0,,,6-0,6-2,O,ROLAND GARROS,"Roland Garros - Paris, France",2025.0,Rebeka Masarova,Lina Glushko,,,,,,,,,,,,,,,,,,,,,,,,,,,,,,,,,,,,,,,,,,,,,,,,,,,,,,,,,,,,,,,,,,,,,,,,,,,,,,,,,,,,,,,,,,,,,,,,,,,,,,,,,,,,,,,,,,,,,,,,,,,,,,,,,,,,,,,,,,,,,,,,,,,,,,,,,,,,,,,,,,,,,,,,,,,,,,,,,,,,,,,
903,2025,ROLAND GARROS,GC,2025-05-25,2025-06-08,Clay,PARIS,FRANCE,128,26334000,USD,RS60645983,2025-05-19,,Panna Udvardy,Sayaka Ishii,HUN,JPN,,,,2-6,1-6,O,ROLAND GARROS,"Roland Garros - Paris, France",2025.0,Panna Udvardy,Sayaka Ishii,,,,,,,,,,,,,,,,,,,,,,,,,,,,,,,,,,,,,,,,,,,,,,,,,,,,,,,,,,,,,,,,,,,,,,,,,,,,,,,,,,,,,,,,,,,,,,,,,,,,,,,,,,,,,,,,,,,,,,,,,,,,,,,,,,,,,,,,,,,,,,,,,,,,,,,,,,,,,,,,,,,,,,,,,,,,,,,,,,,,,,,
903,2025,ROLAND GARROS,GC,2025-05-25,2025-06-08,Clay,PARIS,FRANCE,128,26334000,USD,RS60645985,2025-05-19,,Ella Seidel,Stefanie Voegele,DEU,CHE,12.0,,,6-3,0-6,O,ROLAND GARROS,"Roland Garros - Paris, France",2025.0,Ella Seidel,Stefanie Voegele,,,,,,,,,,,,,,,,,,,,,,,,,,,,,,,,,,,,,,,,,,,,,,,,,,,,,,,,,,,,,,,,,,,,,,,,,,,,,,,,,,,,,,,,,,,,,,,,,,,,,,,,,,,,,,,,,,,,,,,,,,,,,,,,,,,,,,,,,,,,,,,,,,,,,,,,,,,,,,,,,,,,,,,,,,,,,,,,,,,,,,,
903,2025,ROLAND GARROS,GC,2025-05-25,2025-06-08,Clay,PARIS,FRANCE,128,26334000,USD,RS60645989,2025-05-19,,Maddison Inglis,Iryna Shymanovich,AUS,,,,,1-6,1-6,O,ROLAND GARROS,"Roland Garros - Paris, France",2025.0,Maddison Inglis,Iryna Shymanovich,,,,,,,,,,,,,,,,,,,,,,,,,,,,,,,,,,,,,,,,,,,,,,,,,,,,,,,,,,,,,,,,,,,,,,,,,,,,,,,,,,,,,,,,,,,,,,,,,,,,,,,,,,,,,,,,,,,,,,,,,,,,,,,,,,,,,,,,,,,,,,,,,,,,,,,,,,,,,,,,,,,,,,,,,,,,,,,,,,,,,,,
903,2025,ROLAND GARROS,GC,2025-05-25,2025-06-08,Clay,PARIS,FRANCE,128,26334000,USD,RS60645999,2025-05-19,,Carson Branstine,Whitney Osuigwe,CAN,USA,,,,6-4,6-2,O,ROLAND GARROS,"Roland Garros - Paris, France",2025.0,Carson Branstine,Whitney Osuigwe,,,,,,,,,,,,,,,,,,,,,,,,,,,,,,,,,,,,,,,,,,,,,,,,,,,,,,,,,,,,,,,,,,,,,,,,,,,,,,,,,,,,,,,,,,,,,,,,,,,,,,,,,,,,,,,,,,,,,,,,,,,,,,,,,,,,,,,,,,,,,,,,,,,,,,,,,,,,,,,,,,,,,,,,,,,,,,,,,,,,,,,
903,2025,ROLAND GARROS,GC,2025-05-25,2025-06-08,Clay,PARIS,FRANCE,128,26334000,USD,RS60645963,2025-05-19,,Lola Radivojevic,Jessika Ponchet,SRB,FRA,,32.0,,6-3,6-1,O,ROLAND GARROS,"Roland Garros - Paris, France",2025.0,Lola Radivojevic,Jessika Ponchet,,,,,,,,,,,,,,,,,,,,,,,,,,,,,,,,,,,,,,,,,,,,,,,,,,,,,,,,,,,,,,,,,,,,,,,,,,,,,,,,,,,,,,,,,,,,,,,,,,,,,,,,,,,,,,,,,,,,,,,,,,,,,,,,,,,,,,,,,,,,,,,,,,,,,,,,,,,,,,,,,,,,,,,,,,,,,,,,,,,,,,,
903,2025,ROLAND GARROS,GC,2025-05-25,2025-06-08,Clay,PARIS,FRANCE,128,26334000,USD,RS60645987,2025-05-19,,Kristina Dmitruk,Sijia Wei,,CHN,,25.0,,6-1,7-5,O,ROLAND GARROS,"Roland Garros - Paris, France",2025.0,Kristina Dmitruk,Sijia Wei,,,,,,,,,,,,,,,,,,,,,,,,,,,,,,,,,,,,,,,,,,,,,,,,,,,,,,,,,,,,,,,,,,,,,,,,,,,,,,,,,,,,,,,,,,,,,,,,,,,,,,,,,,,,,,,,,,,,,,,,,,,,,,,,,,,,,,,,,,,,,,,,,,,,,,,,,,,,,,,,,,,,,,,,,,,,,,,,,,,,,,,
903,2025,ROLAND GARROS,GC,2025-05-25,2025-06-08,Clay,PARIS,FRANCE,128,26334000,USD,RS60645965,2025-05-19,,Sofia Costoulas,Yara Bartashevich,BEL,FRA,,,,6-4,6-1,O,ROLAND GARROS,"Roland Garros - Paris, France",2025.0,Sofia Costoulas,Yara Bartashevich,,,,,,,,,,,,,,,,,,,,,,,,,,,,,,,,,,,,,,,,,,,,,,,,,,,,,,,,,,,,,,,,,,,,,,,,,,,,,,,,,,,,,,,,,,,,,,,,,,,,,,,,,,,,,,,,,,,,,,,,,,,,,,,,,,,,,,,,,,,,,,,,,,,,,,,,,,,,,,,,,,,,,,,,,,,,,,,,,,,,,,,
903,2025,ROLAND GARROS,GC,2025-05-25,2025-06-08,Clay,PARIS,FRANCE,128,26334000,USD,RS60645979,2025-05-19,,Bianca Andreescu,Xinxin Yao,CAN,CHN,17.0,,,0-6,0-6,O,ROLAND GARROS,"Roland Garros - Paris, France",2025.0,Bianca Andreescu,Xinxin Yao,,,,,,,,,,,,,,,,,,,,,,,,,,,,,,,,,,,,,,,,,,,,,,,,,,,,,,,,,,,,,,,,,,,,,,,,,,,,,,,,,,,,,,,,,,,,,,,,,,,,,,,,,,,,,,,,,,,,,,,,,,,,,,,,,,,,,,,,,,,,,,,,,,,,,,,,,,,,,,,,,,,,,,,,,,,,,,,,,,,,,,,
903,2025,ROLAND GARROS,GC,2025-05-25,2025-06-08,Clay,PARIS,FRANCE,128,26334000,USD,RS60645981,2025-05-19,,Andrea Lazaro Garcia,Nao Hibino,ESP,JPN,,,,7-6(4),6-4,O,ROLAND GARROS,"Roland Garros - Paris, France",2025.0,Andrea Lazaro Garcia,Nao Hibino,,,,,,,,,,,,,,,,,,,,,,,,,,,,,,,,,,,,,,,,,,,,,,,,,,,,,,,,,,,,,,,,,,,,,,,,,,,,,,,,,,,,,,,,,,,,,,,,,,,,,,,,,,,,,,,,,,,,,,,,,,,,,,,,,,,,,,,,,,,,,,,,,,,,,,,,,,,,,,,,,,,,,,,,,,,,,,,,,,,,,,,
903,2025,ROLAND GARROS,GC,2025-05-25,2025-06-08,Clay,PARIS,FRANCE,128,26334000,USD,RS60645993,2025-05-19,,Carole Monnet,Petra Martic,FRA,HRV,,11.0,,6-2,5-7,O,ROLAND GARROS,"Roland Garros - Paris, France",2025.0,Carole Monnet,Petra Martic,,,,,,,,,,,,,,,,,,,,,,,,,,,,,,,,,,,,,,,,,,,,,,,,,,,,,,,,,,,,,,,,,,,,,,,,,,,,,,,,,,,,,,,,,,,,,,,,,,,,,,,,,,,,,,,,,,,,,,,,,,,,,,,,,,,,,,,,,,,,,,,,,,,,,,,,,,,,,,,,,,,,,,,,,,,,,,,,,,,,,,,
903,2025,ROLAND GARROS,GC,2025-05-25,2025-06-08,Clay,PARIS,FRANCE,128,26334000,USD,RS60645995,2025-05-19,,Marina Stakusic,Lauren Davis,CAN,USA,24.0,,,4-6,4-6,O,ROLAND GARROS,"Roland Garros - Paris, France",2025.0,Marina Stakusic,Lauren Davis,,,,,,,,,,,,,,,,,,,,,,,,,,,,,,,,,,,,,,,,,,,,,,,,,,,,,,,,,,,,,,,,,,,,,,,,,,,,,,,,,,,,,,,,,,,,,,,,,,,,,,,,,,,,,,,,,,,,,,,,,,,,,,,,,,,,,,,,,,,,,,,,,,,,,,,,,,,,,,,,,,,,,,,,,,,,,,,,,,,,,,,
903,2025,ROLAND GARROS,GC,2025-05-25,2025-06-08,Clay,PARIS,FRANCE,128,26334000,USD,RS60645997,2025-05-19,,Tamara Korpatsch,Louisa Chirico,DEU,USA,,,,4-6,6-4,O,ROLAND GARROS,"Roland Garros - Paris, France",2025.0,Tamara Korpatsch,Louisa Chirico,,,,,,,,,,,,,,,,,,,,,,,,,,,,,,,,,,,,,,,,,,,,,,,,,,,,,,,,,,,,,,,,,,,,,,,,,,,,,,,,,,,,,,,,,,,,,,,,,,,,,,,,,,,,,,,,,,,,,,,,,,,,,,,,,,,,,,,,,,,,,,,,,,,,,,,,,,,,,,,,,,,,,,,,,,,,,,,,,,,,,,,
