tourney_id,tourney_year,tourney_name,level,start_date,end_date,surface,city,country,singles_draw_size,prize_money,prize_money_currency,match_id,date,round,winner,loser,winner_country,loser_country,winner_seed,loser_seed,set1_score,set2_score,set3_score,indoor_outdoor,player_id_winner,player_id_loser,tournament_name,tournament_title,year,indoor/outdoor,playerida_raw,playeridb_raw,PlayerIDA,PlayerIDB,winner_player_name,loser_player_name,winner_bracket_number,loser_bracket_number,home_player,away_player,home_country,away_country,home_seed,away_seed,winner_player_id,loser_player_id,winner_aces,loser_aces,winner_backhand_errors,loser_backhand_errors,winner_backhand_unforced_errors,loser_backhand_unforced_errors,winner_backhand_winners,loser_backhand_winners,winner_breakpoints_won,loser_breakpoints_won,winner_double_faults,loser_double_faults,winner_drop_shot_unforced_errors,loser_drop_shot_unforced_errors,winner_drop_shot_winners,loser_drop_shot_winners,winner_first_serve_points_won,loser_first_serve_points_won,winner_first_serve_successful,loser_first_serve_successful,winner_forehand_errors,loser_forehand_errors,winner_forehand_unforced_errors,loser_forehand_unforced_errors,winner_forehand_winners,loser_forehand_winners,winner_games_won,loser_games_won,winner_groundstroke_errors,loser_groundstroke_errors,winner_groundstroke_unforced_errors,loser_groundstroke_unforced_errors,winner_groundstroke_winners,loser_groundstroke_winners,winner_lob_unforced_errors,loser_lob_unforced_errors,winner_lob_winners,loser_lob_winners,winner_max_games_in_a_row,loser_max_games_in_a_row,winner_max_points_in_a_row,loser_max_points_in_a_row,winner_overhead_stroke_errors,loser_overhead_stroke_errors,winner_overhead_stroke_unforced_errors,loser_overhead_stroke_unforced_errors,winner_overhead_stroke_winners,loser_overhead_stroke_winners,winner_points_won,loser_points_won,winner_points_won_from_last_10,loser_points_won_from_last_10,winner_return_errors,loser_return_errors,winner_return_winners,loser_return_winners,winner_second_serve_points_won,loser_second_serve_points_won,winner_second_serve_successful,loser_second_serve_successful,winner_service_games_won,loser_service_games_won,winner_service_points_lost,loser_service_points_lost,winner_service_points_won,loser_service_points_won,winner_tiebreaks_won,loser_tiebreaks_won,winner_total_breakpoints,loser_total_breakpoints,winner_volley_unforced_errors,loser_volley_unforced_errors,winner_volley_winners,loser_volley_winners,Set 1 Score,Set 2 Score,Set 3 Score,ScoreString,event_id,event_year,match_time_total,match_message,match_status,set4_score,set5_score,num_sets,match_date,winner_flag_raw,winner_flag,doublefaults_tot_winner,doublefaults_tot_loser,aces_tot_winner,aces_tot_loser,firstserve_dividend_tot_winner,firstserve_dividend_tot_loser,firstserve_divisor_tot_winner,firstserve_divisor_tot_loser,firstserve_percent_tot_winner,firstserve_percent_tot_loser,firstservepointswon_dividend_tot_winner,firstservepointswon_dividend_tot_loser,firstservepointswon_divisor_tot_winner,firstservepointswon_divisor_tot_loser,firstservepointswon_percent_tot_winner,firstservepointswon_percent_tot_loser,secondservepointswon_percent_tot_winner,secondservepointswon_dividend_tot_winner,secondservepointswon_divisor_tot_winner,secondservepointswon_percent_tot_loser,secondservepointswon_dividend_tot_loser,secondservepointswon_divisor_tot_loser,breakpointssaved_dividend_tot_winner,breakpointssaved_divisor_tot_winner,breakpointssaved_percent_tot_winner,servicegamesplayed_tot_winner,servicegamesplayed_tot_loser,serverating_tot_winner,serverating_tot_loser,totalservicepointswon_dividend_tot_winner,totalservicepointswon_percent_tot_winner,totalreturnpointswon_percent_tot_winner,totalpointswon_percent_tot_winner,tiebreak_set1_winner,tiebreak_set1_loser,tiebreak_set2_winner,tiebreak_set2_loser,tiebreak_set3_winner,tiebreak_set3_loser,score_string,player_winner,player_loser,country_winner,country_loser,seed_winner,seed_loser,serveratinglink_tot_winner,serveratinglink_tot_loser,breakpointssaved_percent_tot_loser,breakpointssaved_dividend_tot_loser,breakpointssaved_divisor_tot_loser
901,2026,AUSTRALIAN OPEN,Grand Slam,2026-01-18,2026-02-01,Hard,MELBOURNE,AUSTRALIA,128.0,,USD,LS67664710,2026-01-31,F,Elena Rybakina,Aryna Sabalenka,KAZ,,5.0,1.0,6-4,4-6,6-4,,324166,320760,AUSTRALIAN OPEN,"Australian Open - Melbourne, AUS",2026.0,,320760,324166,320760,324166,Elena Rybakina,Aryna Sabalenka,,,Aryna Sabalenka,Elena Rybakina,,KAZ,1,5,324166,320760,,,,,,,,,,,,,,,,,,,,,,,,,,,,,,,,,,,,,,,,,,,,,,,,,,,,,,,,,,,,,,,,,,,,,,,,,,,4-6,6-4,4-6,"4-6,6-4,4-6",901,2026,,,,,,3,2026-01-31,,,,,,,,,,,,,,,,,,,,,,,,,,,,,,,,,,,,,,,,,,"4-6,6-4,4-6",,,,,,,,,,,
901,2026,AUSTRALIAN OPEN,Grand Slam,2026-01-18,2026-02-01,Hard,MELBOURNE,AUSTRALIA,128.0,,USD,LS67664712,2026-01-29,S,Elena Rybakina,Jessica Pegula,KAZ,USA,5.0,6.0,6-3,7-6(7),,,324166,316956,AUSTRALIAN OPEN,"Australian Open - Melbourne, AUS",2026.0,,316956,324166,316956,324166,Elena Rybakina,Jessica Pegula,,,Jessica Pegula,Elena Rybakina,USA,KAZ,6,5,324166,316956,,,,,,,,,,,,,,,,,,,,,,,,,,,,,,,,,,,,,,,,,,,,,,,,,,,,,,,,,,,,,,,,,,,,,,,,,,,3-6,6-7(7),,"3-6,6(9)-7",901,2026,,,,,,2,2026-01-29,,,,,,,,,,,,,,,,,,,,,,,,,,,,,,,,,,,,,,9.0,7.0,,,"3-6,6(9)-7",,,,,,,,,,,
901,2026,AUSTRALIAN OPEN,Grand Slam,2026-01-18,2026-02-01,Hard,MELBOURNE,AUSTRALIA,128.0,,USD,LS67664762,2026-01-29,S,Aryna Sabalenka,Elina Svitolina,,UKR,1.0,12.0,6-2,6-3,,,320760,316738,AUSTRALIAN OPEN,"Australian Open - Melbourne, AUS",2026.0,,320760,316738,320760,316738,Aryna Sabalenka,Elina Svitolina,,,Aryna Sabalenka,Elina Svitolina,,UKR,1,12,320760,316738,,,,,,,,,,,,,,,,,,,,,,,,,,,,,,,,,,,,,,,,,,,,,,,,,,,,,,,,,,,,,,,,,,,,,,,,,,,6-2,6-3,,"6-2,6-3",901,2026,,,,,,2,2026-01-29,,,,,,,,,,,,,,,,,,,,,,,,,,,,,,,,,,,,,,,,,,"6-2,6-3",,,,,,,,,,,
901,2026,AUSTRALIAN OPEN,Grand Slam,2026-01-18,2026-02-01,Hard,MELBOURNE,AUSTRALIA,128.0,,USD,LS67664766,2026-01-28,Q,Jessica Pegula,Amanda Anisimova,USA,USA,6.0,4.0,6-2,7-6(1),,,316956,326384,AUSTRALIAN OPEN,"Australian Open - Melbourne, AUS",2026.0,,316956,326384,316956,326384,Jessica Pegula,Amanda Anisimova,,,Jessica Pegula,Amanda Anisimova,USA,USA,6,4,316956,326384,,,,,,,,,,,,,,,,,,,,,,,,,,,,,,,,,,,,,,,,,,,,,,,,,,,,,,,,,,,,,,,,,,,,,,,,,,,6-2,7-6(1),,"6-2,7-6(7)",901,2026,,,,,,2,2026-01-28,,,,,,,,,,,,,,,,,,,,,,,,,,,,,,,,,,,,,,7.0,1.0,,,"6-2,7-6(7)",,,,,,,,,,,
901,2026,AUSTRALIAN OPEN,Grand Slam,2026-01-18,2026-02-01,Hard,MELBOURNE,AUSTRALIA,128.0,,USD,LS67664764,2026-01-28,Q,Elena Rybakina,Iga Swiatek,KAZ,POL,5.0,2.0,7-5,6-1,,,324166,326408,AUSTRALIAN OPEN,"Australian Open - Melbourne, AUS",2026.0,,324166,326408,324166,326408,Elena Rybakina,Iga Swiatek,,,Elena Rybakina,Iga Swiatek,KAZ,POL,5,2,324166,326408,,,,,,,,,,,,,,,,,,,,,,,,,,,,,,,,,,,,,,,,,,,,,,,,,,,,,,,,,,,,,,,,,,,,,,,,,,,7-5,6-1,,"7-5,6-1",901,2026,,,,,,2,2026-01-28,,,,,,,,,,,,,,,,,,,,,,,,,,,,,,,,,,,,,,,,,,"7-5,6-1",,,,,,,,,,,
901,2026,AUSTRALIAN OPEN,Grand Slam,2026-01-18,2026-02-01,Hard,MELBOURNE,AUSTRALIA,128.0,,USD,LS67664768,2026-01-27,Q,Elina Svitolina,Coco Gauff,UKR,USA,12.0,3.0,6-1,6-2,,,316738,328560,AUSTRALIAN OPEN,"Australian Open - Melbourne, AUS",2026.0,,328560,316738,328560,316738,Elina Svitolina,Coco Gauff,,,Coco Gauff,Elina Svitolina,USA,UKR,3,12,316738,328560,,,,,,,,,,,,,,,,,,,,,,,,,,,,,,,,,,,,,,,,,,,,,,,,,,,,,,,,,,,,,,,,,,,,,,,,,,,1-6,2-6,,"1-6,2-6",901,2026,,,,,,2,2026-01-27,,,,,,,,,,,,,,,,,,,,,,,,,,,,,,,,,,,,,,,,,,"1-6,2-6",,,,,,,,,,,
901,2026,AUSTRALIAN OPEN,Grand Slam,2026-01-18,2026-02-01,Hard,MELBOURNE,AUSTRALIA,128.0,,USD,LS67664754,2026-01-27,Q,Aryna Sabalenka,Iva Jovic,,USA,1.0,29.0,6-3,6-0,,,320760,332285,AUSTRALIAN OPEN,"Australian Open - Melbourne, AUS",2026.0,,320760,332285,320760,332285,Aryna Sabalenka,Iva Jovic,,,Aryna Sabalenka,Iva Jovic,,USA,1,29,320760,332285,,,,,,,,,,,,,,,,,,,,,,,,,,,,,,,,,,,,,,,,,,,,,,,,,,,,,,,,,,,,,,,,,,,,,,,,,,,6-3,6-0,,"6-3,6-0",901,2026,,,,,,2,2026-01-27,,,,,,,,,,,,,,,,,,,,,,,,,,,,,,,,,,,,,,,,,,"6-3,6-0",,,,,,,,,,,
901,2026,AUSTRALIAN OPEN,Grand Slam,2026-01-18,2026-02-01,Hard,MELBOURNE,AUSTRALIA,128.0,,USD,LS67664756,2026-01-26,4,Iga Swiatek,Maddison Inglis,POL,AUS,2.0,,6-0,6-3,,,326408,321179,AUSTRALIAN OPEN,"Australian Open - Melbourne, AUS",2026.0,,321179,326408,321179,326408,Iga Swiatek,Maddison Inglis,,,Maddison Inglis,Iga Swiatek,AUS,POL,,2,326408,321179,,,,,,,,,,,,,,,,,,,,,,,,,,,,,,,,,,,,,,,,,,,,,,,,,,,,,,,,,,,,,,,,,,,,,,,,,,,0-6,3-6,,"0-6,3-6",901,2026,,,,,,2,2026-01-26,,,,,,,,,,,,,,,,,,,,,,,,,,,,,,,,,,,,,,,,,,"0-6,3-6",,,,,,,,,,,
901,2026,AUSTRALIAN OPEN,Grand Slam,2026-01-18,2026-02-01,Hard,MELBOURNE,AUSTRALIA,128.0,,USD,LS67664758,2026-01-26,4,Elena Rybakina,Elise Mertens,KAZ,BEL,5.0,21.0,6-1,6-3,,,324166,317964,AUSTRALIAN OPEN,"Australian Open - Melbourne, AUS",2026.0,,324166,317964,324166,317964,Elena Rybakina,Elise Mertens,,,Elena Rybakina,Elise Mertens,KAZ,BEL,5,21,324166,317964,,,,,,,,,,,,,,,,,,,,,,,,,,,,,,,,,,,,,,,,,,,,,,,,,,,,,,,,,,,,,,,,,,,,,,,,,,,6-1,6-3,,"6-1,6-3",901,2026,,,,,,2,2026-01-26,,,,,,,,,,,,,,,,,,,,,,,,,,,,,,,,,,,,,,,,,,"6-1,6-3",,,,,,,,,,,
901,2026,AUSTRALIAN OPEN,Grand Slam,2026-01-18,2026-02-01,Hard,MELBOURNE,AUSTRALIA,128.0,,USD,LS67664760,2026-01-26,4,Amanda Anisimova,Xinyu Wang,USA,CHN,4.0,,7-6(4),6-4,,,326384,326376,AUSTRALIAN OPEN,"Australian Open - Melbourne, AUS",2026.0,,326376,326384,326376,326384,Amanda Anisimova,Xinyu Wang,,,Xinyu Wang,Amanda Anisimova,CHN,USA,,4,326384,326376,,,,,,,,,,,,,,,,,,,,,,,,,,,,,,,,,,,,,,,,,,,,,,,,,,,,,,,,,,,,,,,,,,,,,,,,,,,6-7(4),4-6,,"6(7)-7,4-6",901,2026,,,,,,2,2026-01-26,,,,,,,,,,,,,,,,,,,,,,,,,,,,,,,,,,,,7.0,4.0,,,,,"6(7)-7,4-6",,,,,,,,,,,
901,2026,AUSTRALIAN OPEN,Grand Slam,2026-01-18,2026-02-01,Hard,MELBOURNE,AUSTRALIA,128.0,,USD,LS67664746,2026-01-26,4,Jessica Pegula,Madison Keys,USA,USA,6.0,9.0,6-3,6-4,,,316956,316959,AUSTRALIAN OPEN,"Australian Open - Melbourne, AUS",2026.0,,316956,316959,316956,316959,Jessica Pegula,Madison Keys,,,Jessica Pegula,Madison Keys,USA,USA,6,9,316956,316959,,,,,,,,,,,,,,,,,,,,,,,,,,,,,,,,,,,,,,,,,,,,,,,,,,,,,,,,,,,,,,,,,,,,,,,,,,,6-3,6-4,,"6-3,6-4",901,2026,,,,,,2,2026-01-26,,,,,,,,,,,,,,,,,,,,,,,,,,,,,,,,,,,,,,,,,,"6-3,6-4",,,,,,,,,,,
901,2026,AUSTRALIAN OPEN,Grand Slam,2026-01-18,2026-02-01,Hard,MELBOURNE,AUSTRALIA,128.0,,USD,LS67664748,2026-01-25,4,Elina Svitolina,Mirra Andreeva,UKR,,12.0,8.0,6-2,6-4,,,316738,331809,AUSTRALIAN OPEN,"Australian Open - Melbourne, AUS",2026.0,,316738,331809,316738,331809,Elina Svitolina,Mirra Andreeva,,,Elina Svitolina,Mirra Andreeva,UKR,,12,8,316738,331809,,,,,,,,,,,,,,,,,,,,,,,,,,,,,,,,,,,,,,,,,,,,,,,,,,,,,,,,,,,,,,,,,,,,,,,,,,,6-2,6-4,,"6-2,6-4",901,2026,,,,,,2,2026-01-25,,,,,,,,,,,,,,,,,,,,,,,,,,,,,,,,,,,,,,,,,,"6-2,6-4",,,,,,,,,,,
901,2026,AUSTRALIAN OPEN,Grand Slam,2026-01-18,2026-02-01,Hard,MELBOURNE,AUSTRALIA,128.0,,USD,LS67664750,2026-01-25,4,Coco Gauff,Karolina Muchova,USA,CZE,3.0,19.0,6-1,3-6,6-3,,328560,322191,AUSTRALIAN OPEN,"Australian Open - Melbourne, AUS",2026.0,,328560,322191,328560,322191,Coco Gauff,Karolina Muchova,,,Coco Gauff,Karolina Muchova,USA,CZE,3,19,328560,322191,,,,,,,,,,,,,,,,,,,,,,,,,,,,,,,,,,,,,,,,,,,,,,,,,,,,,,,,,,,,,,,,,,,,,,,,,,,6-1,3-6,6-3,"6-1,3-6,6-3",901,2026,,,,,,3,2026-01-25,,,,,,,,,,,,,,,,,,,,,,,,,,,,,,,,,,,,,,,,,,"6-1,3-6,6-3",,,,,,,,,,,
901,2026,AUSTRALIAN OPEN,Grand Slam,2026-01-18,2026-02-01,Hard,MELBOURNE,AUSTRALIA,128.0,,USD,LS67664752,2026-01-25,4,Iva Jovic,Yulia Putintseva,USA,KAZ,29.0,,6-0,6-1,,,332285,317683,AUSTRALIAN OPEN,"Australian Open - Melbourne, AUS",2026.0,,317683,332285,317683,332285,Iva Jovic,Yulia Putintseva,,,Yulia Putintseva,Iva Jovic,KAZ,USA,,29,332285,317683,,,,,,,,,,,,,,,,,,,,,,,,,,,,,,,,,,,,,,,,,,,,,,,,,,,,,,,,,,,,,,,,,,,,,,,,,,,0-6,1-6,,"0-6,1-6",901,2026,,,,,,2,2026-01-25,,,,,,,,,,,,,,,,,,,,,,,,,,,,,,,,,,,,,,,,,,"0-6,1-6",,,,,,,,,,,
901,2026,AUSTRALIAN OPEN,Grand Slam,2026-01-18,2026-02-01,Hard,MELBOURNE,AUSTRALIA,128.0,,USD,LS67664738,2026-01-25,4,Aryna Sabalenka,Victoria Mboko,,CAN,1.0,17.0,6-1,7-6(1),,,320760,331006,AUSTRALIAN OPEN,"Australian Open - Melbourne, AUS",2026.0,,320760,331006,320760,331006,Aryna Sabalenka,Victoria Mboko,,,Aryna Sabalenka,Victoria Mboko,,CAN,1,17,320760,331006,,,,,,,,,,,,,,,,,,,,,,,,,,,,,,,,,,,,,,,,,,,,,,,,,,,,,,,,,,,,,,,,,,,,,,,,,,,6-1,7-6(1),,"6-1,7-6(7)",901,2026,,,,,,2,2026-01-25,,,,,,,,,,,,,,,,,,,,,,,,,,,,,,,,,,,,,,7.0,1.0,,,"6-1,7-6(7)",,,,,,,,,,,
901,2026,,,,,,,,,,,,,,Maddison Inglis,Naomi Osaka,,,,,I.MaddisondO.Naomi,,,,321179,319998,,,,,,,319998,321179,Maddison Inglis,Naomi Osaka,,,,,,,,,321179,319998,,,,,,,,,,,,,,,,,,,,,,,,,,,,,,,,,,,,,,,,,,,,,,,,,,,,,,,,,,,,,,,,,,,,,,,,,,,,,,I. Maddison d O. Naomi ,901,2026,,,,,,1,,,,,,,,,,,,,,,,,,,,,,,,,,,,,,,,,,,,,,,,,,,I. Maddison d O. Naomi ,,,,,,,,,,,
901,2026,AUSTRALIAN OPEN,Grand Slam,2026-01-18,2026-02-01,Hard,MELBOURNE,AUSTRALIA,128.0,,USD,LS67664794,2026-01-24,3,Elena Rybakina,Tereza Valentova,KAZ,CZE,5.0,,6-2,6-3,,,324166,330808,AUSTRALIAN OPEN,"Australian Open - Melbourne, AUS",2026.0,,324166,330808,324166,330808,Elena Rybakina,Tereza Valentova,,,Elena Rybakina,Tereza Valentova,KAZ,CZE,5,,324166,330808,,,,,,,,,,,,,,,,,,,,,,,,,,,,,,,,,,,,,,,,,,,,,,,,,,,,,,,,,,,,,,,,,,,,,,,,,,,6-2,6-3,,"6-2,6-3",901,2026,,,,,,2,2026-01-24,,,,,,,,,,,,,,,,,,,,,,,,,,,,,,,,,,,,,,,,,,"6-2,6-3",,,,,,,,,,,
901,2026,AUSTRALIAN OPEN,Grand Slam,2026-01-18,2026-02-01,Hard,MELBOURNE,AUSTRALIA,128.0,,USD,LS67664740,2026-01-24,3,Iga Swiatek,Anna Kalinskaya,POL,,2.0,31.0,6-1,1-6,6-1,,326408,323942,AUSTRALIAN OPEN,"Australian Open - Melbourne, AUS",2026.0,,323942,326408,323942,326408,Iga Swiatek,Anna Kalinskaya,,,Anna Kalinskaya,Iga Swiatek,,POL,31,2,326408,323942,,,,,,,,,,,,,,,,,,,,,,,,,,,,,,,,,,,,,,,,,,,,,,,,,,,,,,,,,,,,,,,,,,,,,,,,,,,1-6,6-1,1-6,"1-6,6-1,1-6",901,2026,,,,,,3,2026-01-24,,,,,,,,,,,,,,,,,,,,,,,,,,,,,,,,,,,,,,,,,,"1-6,6-1,1-6",,,,,,,,,,,
901,2026,AUSTRALIAN OPEN,Grand Slam,2026-01-18,2026-02-01,Hard,MELBOURNE,AUSTRALIA,128.0,,USD,LS67664744,2026-01-24,3,Elise Mertens,Nikola Bartunkova,BEL,CZE,21.0,,6-0,6-4,,,317964,721779,AUSTRALIAN OPEN,"Australian Open - Melbourne, AUS",2026.0,,317964,721779,317964,721779,Elise Mertens,Nikola Bartunkova,,,Elise Mertens,Nikola Bartunkova,BEL,CZE,21,,317964,721779,,,,,,,,,,,,,,,,,,,,,,,,,,,,,,,,,,,,,,,,,,,,,,,,,,,,,,,,,,,,,,,,,,,,,,,,,,,6-0,6-4,,"6-0,6-4",901,2026,,,,,,2,2026-01-24,,,,,,,,,,,,,,,,,,,,,,,,,,,,,,,,,,,,,,,,,,"6-0,6-4",,,,,,,,,,,
901,2026,AUSTRALIAN OPEN,Grand Slam,2026-01-18,2026-02-01,Hard,MELBOURNE,AUSTRALIA,128.0,,USD,LS67664798,2026-01-24,3,Xinyu Wang,Linda Noskova,CHN,CZE,,13.0,7-5,6-4,,,326376,329668,AUSTRALIAN OPEN,"Australian Open - Melbourne, AUS",2026.0,,329668,326376,329668,326376,Xinyu Wang,Linda Noskova,,,Linda Noskova,Xinyu Wang,CZE,CHN,13,,326376,329668,,,,,,,,,,,,,,,,,,,,,,,,,,,,,,,,,,,,,,,,,,,,,,,,,,,,,,,,,,,,,,,,,,,,,,,,,,,5-7,4-6,,"5-7,4-6",901,2026,,,,,,2,2026-01-24,,,,,,,,,,,,,,,,,,,,,,,,,,,,,,,,,,,,,,,,,,"5-7,4-6",,,,,,,,,,,
901,2026,AUSTRALIAN OPEN,Grand Slam,2026-01-18,2026-02-01,Hard,MELBOURNE,AUSTRALIA,128.0,,USD,LS67664796,2026-01-24,3,Amanda Anisimova,Peyton Stearns,USA,USA,4.0,,6-1,6-4,,,326384,327573,AUSTRALIAN OPEN,"Australian Open - Melbourne, AUS",2026.0,,327573,326384,327573,326384,Amanda Anisimova,Peyton Stearns,,,Peyton Stearns,Amanda Anisimova,USA,USA,,4,326384,327573,,,,,,,,,,,,,,,,,,,,,,,,,,,,,,,,,,,,,,,,,,,,,,,,,,,,,,,,,,,,,,,,,,,,,,,,,,,1-6,4-6,,"1-6,4-6",901,2026,,,,,,2,2026-01-24,,,,,,,,,,,,,,,,,,,,,,,,,,,,,,,,,,,,,,,,,,"1-6,4-6",,,,,,,,,,,
901,2026,AUSTRALIAN OPEN,Grand Slam,2026-01-18,2026-02-01,Hard,MELBOURNE,AUSTRALIA,128.0,,USD,LS67664786,2026-01-23,3,Jessica Pegula,Oksana Selekhmeteva,USA,,6.0,,6-3,6-2,,,316956,329199,AUSTRALIAN OPEN,"Australian Open - Melbourne, AUS",2026.0,,316956,329199,316956,329199,Jessica Pegula,Oksana Selekhmeteva,,,Jessica Pegula,Oksana Selekhmeteva,USA,,6,,316956,329199,,,,,,,,,,,,,,,,,,,,,,,,,,,,,,,,,,,,,,,,,,,,,,,,,,,,,,,,,,,,,,,,,,,,,,,,,,,6-3,6-2,,"6-3,6-2",901,2026,,,,,,2,2026-01-23,,,,,,,,,,,,,,,,,,,,,,,,,,,,,,,,,,,,,,,,,,"6-3,6-2",,,,,,,,,,,
901,2026,AUSTRALIAN OPEN,Grand Slam,2026-01-18,2026-02-01,Hard,MELBOURNE,AUSTRALIA,128.0,,USD,LS67664800,2026-01-23,3,Madison Keys,Karolina Pliskova,USA,CZE,9.0,,6-3,6-3,,,316959,313974,AUSTRALIAN OPEN,"Australian Open - Melbourne, AUS",2026.0,,313974,316959,313974,316959,Madison Keys,Karolina Pliskova,,,Karolina Pliskova,Madison Keys,CZE,USA,,9,316959,313974,,,,,,,,,,,,,,,,,,,,,,,,,,,,,,,,,,,,,,,,,,,,,,,,,,,,,,,,,,,,,,,,,,,,,,,,,,,3-6,3-6,,"3-6,3-6",901,2026,,,,,,2,2026-01-23,,,,,,,,,,,,,,,,,,,,,,,,,,,,,,,,,,,,,,,,,,"3-6,3-6",,,,,,,,,,,
901,2026,AUSTRALIAN OPEN,Grand Slam,2026-01-18,2026-02-01,Hard,MELBOURNE,AUSTRALIA,128.0,,USD,LS67664788,2026-01-23,3,Mirra Andreeva,Elena-Gabriela Ruse,,ROU,8.0,,6-3,6-4,,,331809,320408,AUSTRALIAN OPEN,"Australian Open - Melbourne, AUS",2026.0,,320408,331809,320408,331809,Mirra Andreeva,Elena-Gabriela Ruse,,,Elena-Gabriela Ruse,Mirra Andreeva,ROU,,,8,331809,320408,,,,,,,,,,,,,,,,,,,,,,,,,,,,,,,,,,,,,,,,,,,,,,,,,,,,,,,,,,,,,,,,,,,,,,,,,,,3-6,4-6,,"3-6,4-6",901,2026,,,,,,2,2026-01-23,,,,,,,,,,,,,,,,,,,,,,,,,,,,,,,,,,,,,,,,,,"3-6,4-6",,,,,,,,,,,
901,2026,AUSTRALIAN OPEN,Grand Slam,2026-01-18,2026-02-01,Hard,MELBOURNE,AUSTRALIA,128.0,,USD,LS67664790,2026-01-23,3,Elina Svitolina,Diana Shnaider,UKR,,12.0,23.0,7-6(4),6-3,,,316738,330482,AUSTRALIAN OPEN,"Australian Open - Melbourne, AUS",2026.0,,316738,330482,316738,330482,Elina Svitolina,Diana Shnaider,,,Elina Svitolina,Diana Shnaider,UKR,,12,23,316738,330482,,,,,,,,,,,,,,,,,,,,,,,,,,,,,,,,,,,,,,,,,,,,,,,,,,,,,,,,,,,,,,,,,,,,,,,,,,,7-6(4),6-3,,"7-6(7),6-3",901,2026,,,,,,2,2026-01-23,,,,,,,,,,,,,,,,,,,,,,,,,,,,,,,,,,,,7.0,4.0,,,,,"7-6(7),6-3",,,,,,,,,,,
901,2026,AUSTRALIAN OPEN,Grand Slam,2026-01-18,2026-02-01,Hard,MELBOURNE,AUSTRALIA,128.0,,USD,LS67664780,2026-01-23,3,Iva Jovic,Jasmine Paolini,USA,ITA,29.0,7.0,6-2,7-6(3),,,332285,319280,AUSTRALIAN OPEN,"Australian Open - Melbourne, AUS",2026.0,,332285,319280,332285,319280,Iva Jovic,Jasmine Paolini,,,Iva Jovic,Jasmine Paolini,USA,ITA,29,7,332285,319280,,,,,,,,,,,,,,,,,,,,,,,,,,,,,,,,,,,,,,,,,,,,,,,,,,,,,,,,,,,,,,,,,,,,,,,,,,,6-2,7-6(3),,"6-2,7-6(7)",901,2026,,,,,,2,2026-01-23,,,,,,,,,,,,,,,,,,,,,,,,,,,,,,,,,,,,,,7.0,3.0,,,"6-2,7-6(7)",,,,,,,,,,,
901,2026,AUSTRALIAN OPEN,Grand Slam,2026-01-18,2026-02-01,Hard,MELBOURNE,AUSTRALIA,128.0,,USD,LS67664792,2026-01-23,3,Karolina Muchova,Magda Linette,CZE,POL,19.0,,6-1,6-1,,,322191,315130,AUSTRALIAN OPEN,"Australian Open - Melbourne, AUS",2026.0,,322191,315130,322191,315130,Karolina Muchova,Magda Linette,,,Karolina Muchova,Magda Linette,CZE,POL,19,,322191,315130,,,,,,,,,,,,,,,,,,,,,,,,,,,,,,,,,,,,,,,,,,,,,,,,,,,,,,,,,,,,,,,,,,,,,,,,,,,6-1,6-1,,"6-1,6-1",901,2026,,,,,,2,2026-01-23,,,,,,,,,,,,,,,,,,,,,,,,,,,,,,,,,,,,,,,,,,"6-1,6-1",,,,,,,,,,,
901,2026,AUSTRALIAN OPEN,Grand Slam,2026-01-18,2026-02-01,Hard,MELBOURNE,AUSTRALIA,128.0,,USD,LS67664778,2026-01-23,3,Coco Gauff,Hailey Baptiste,USA,USA,3.0,,3-6,6-0,6-3,,328560,327101,AUSTRALIAN OPEN,"Australian Open - Melbourne, AUS",2026.0,,328560,327101,328560,327101,Coco Gauff,Hailey Baptiste,,,Coco Gauff,Hailey Baptiste,USA,USA,3,,328560,327101,,,,,,,,,,,,,,,,,,,,,,,,,,,,,,,,,,,,,,,,,,,,,,,,,,,,,,,,,,,,,,,,,,,,,,,,,,,3-6,6-0,6-3,"3-6,6-0,6-3",901,2026,,,,,,3,2026-01-23,,,,,,,,,,,,,,,,,,,,,,,,,,,,,,,,,,,,,,,,,,"3-6,6-0,6-3",,,,,,,,,,,
901,2026,AUSTRALIAN OPEN,Grand Slam,2026-01-18,2026-02-01,Hard,MELBOURNE,AUSTRALIA,128.0,,USD,LS67664782,2026-01-23,3,Yulia Putintseva,Zeynep Sonmez,KAZ,TUR,,,6-3,6-7(3),6-3,,317683,326907,AUSTRALIAN OPEN,"Australian Open - Melbourne, AUS",2026.0,,326907,317683,326907,317683,Yulia Putintseva,Zeynep Sonmez,,,Zeynep Sonmez,Yulia Putintseva,TUR,KAZ,,,317683,326907,,,,,,,,,,,,,,,,,,,,,,,,,,,,,,,,,,,,,,,,,,,,,,,,,,,,,,,,,,,,,,,,,,,,,,,,,,,3-6,7-6(3),3-6,"3-6,7-6(7),3-6",901,2026,,,,,,3,2026-01-23,,,,,,,,,,,,,,,,,,,,,,,,,,,,,,,,,,,,,,7.0,3.0,,,"3-6,7-6(7),3-6",,,,,,,,,,,
901,2026,AUSTRALIAN OPEN,Grand Slam,2026-01-18,2026-02-01,Hard,MELBOURNE,AUSTRALIA,128.0,,USD,LS67664770,2026-01-23,3,Aryna Sabalenka,Anastasia Potapova,,AUT,1.0,,7-6(4),7-6(7),,,320760,325601,AUSTRALIAN OPEN,"Australian Open - Melbourne, AUS",2026.0,,320760,325601,320760,325601,Aryna Sabalenka,Anastasia Potapova,,,Aryna Sabalenka,Anastasia Potapova,,AUT,1,,320760,325601,,,,,,,,,,,,,,,,,,,,,,,,,,,,,,,,,,,,,,,,,,,,,,,,,,,,,,,,,,,,,,,,,,,,,,,,,,,7-6(4),7-6(7),,"7-6(7),7-6(9)",901,2026,,,,,,2,2026-01-23,,,,,,,,,,,,,,,,,,,,,,,,,,,,,,,,,,,,7.0,4.0,9.0,7.0,,,"7-6(7),7-6(9)",,,,,,,,,,,
901,2026,AUSTRALIAN OPEN,Grand Slam,2026-01-18,2026-02-01,Hard,MELBOURNE,AUSTRALIA,128.0,,USD,LS67664784,2026-01-23,3,Victoria Mboko,Clara Tauson,CAN,DNK,17.0,14.0,7-6(5),5-7,6-3,,331006,327793,AUSTRALIAN OPEN,"Australian Open - Melbourne, AUS",2026.0,,331006,327793,331006,327793,Victoria Mboko,Clara Tauson,,,Victoria Mboko,Clara Tauson,CAN,DNK,17,14,331006,327793,,,,,,,,,,,,,,,,,,,,,,,,,,,,,,,,,,,,,,,,,,,,,,,,,,,,,,,,,,,,,,,,,,,,,,,,,,,7-6(5),5-7,6-3,"7-6(7),5-7,6-3",901,2026,,,,,,3,2026-01-23,,,,,,,,,,,,,,,,,,,,,,,,,,,,,,,,,,,,7.0,5.0,,,,,"7-6(7),5-7,6-3",,,,,,,,,,,
901,2026,AUSTRALIAN OPEN,Grand Slam,2026-01-18,2026-02-01,Hard,MELBOURNE,AUSTRALIA,128.0,,USD,LS67664818,2026-01-22,2,Elena Rybakina,Varvara Gracheva,KAZ,FRA,5.0,,7-5,6-2,,,324166,325836,AUSTRALIAN OPEN,"Australian Open - Melbourne, AUS",2026.0,,324166,325836,324166,325836,Elena Rybakina,Varvara Gracheva,,,Elena Rybakina,Varvara Gracheva,KAZ,FRA,5,,324166,325836,,,,,,,,,,,,,,,,,,,,,,,,,,,,,,,,,,,,,,,,,,,,,,,,,,,,,,,,,,,,,,,,,,,,,,,,,,,7-5,6-2,,"7-5,6-2",901,2026,,,,,,2,2026-01-22,,,,,,,,,,,,,,,,,,,,,,,,,,,,,,,,,,,,,,,,,,"7-5,6-2",,,,,,,,,,,
901,2026,AUSTRALIAN OPEN,Grand Slam,2026-01-18,2026-02-01,Hard,MELBOURNE,AUSTRALIA,128.0,,USD,LS67664828,2026-01-22,2,Nikola Bartunkova,Belinda Bencic,CZE,CHE,,10.0,6-3,0-6,6-4,,721779,319001,AUSTRALIAN OPEN,"Australian Open - Melbourne, AUS",2026.0,,721779,319001,721779,319001,Nikola Bartunkova,Belinda Bencic,,,Nikola Bartunkova,Belinda Bencic,CZE,CHE,,10,721779,319001,,,,,,,,,,,,,,,,,,,,,,,,,,,,,,,,,,,,,,,,,,,,,,,,,,,,,,,,,,,,,,,,,,,,,,,,,,,6-3,0-6,6-4,"6-3,0-6,6-4",901,2026,,,,,,3,2026-01-22,,,,,,,,,,,,,,,,,,,,,,,,,,,,,,,,,,,,,,,,,,"6-3,0-6,6-4",,,,,,,,,,,
901,2026,AUSTRALIAN OPEN,Grand Slam,2026-01-18,2026-02-01,Hard,MELBOURNE,AUSTRALIA,128.0,,USD,LS67664826,2026-01-22,2,Naomi Osaka,Sorana Cirstea,JPN,ROU,16.0,,6-3,4-6,6-2,,319998,312469,AUSTRALIAN OPEN,"Australian Open - Melbourne, AUS",2026.0,,319998,312469,319998,312469,Naomi Osaka,Sorana Cirstea,,,Naomi Osaka,Sorana Cirstea,JPN,ROU,16,,319998,312469,,,,,,,,,,,,,,,,,,,,,,,,,,,,,,,,,,,,,,,,,,,,,,,,,,,,,,,,,,,,,,,,,,,,,,,,,,,6-3,4-6,6-2,"6-3,4-6,6-2",901,2026,,,,,,3,2026-01-22,,,,,,,,,,,,,,,,,,,,,,,,,,,,,,,,,,,,,,,,,,"6-3,4-6,6-2",,,,,,,,,,,
901,2026,AUSTRALIAN OPEN,Grand Slam,2026-01-18,2026-02-01,Hard,MELBOURNE,AUSTRALIA,128.0,,USD,LS67664772,2026-01-22,2,Iga Swiatek,Marie Bouzkova,POL,CZE,2.0,,6-2,6-3,,,326408,320983,AUSTRALIAN OPEN,"Australian Open - Melbourne, AUS",2026.0,,320983,326408,320983,326408,Iga Swiatek,Marie Bouzkova,,,Marie Bouzkova,Iga Swiatek,CZE,POL,,2,326408,320983,,,,,,,,,,,,,,,,,,,,,,,,,,,,,,,,,,,,,,,,,,,,,,,,,,,,,,,,,,,,,,,,,,,,,,,,,,,2-6,3-6,,"2-6,3-6",901,2026,,,,,,2,2026-01-22,,,,,,,,,,,,,,,,,,,,,,,,,,,,,,,,,,,,,,,,,,"2-6,3-6",,,,,,,,,,,
901,2026,AUSTRALIAN OPEN,Grand Slam,2026-01-18,2026-02-01,Hard,MELBOURNE,AUSTRALIA,128.0,,USD,LS67664832,2026-01-22,2,Tereza Valentova,Linda Fruhvirtova,CZE,CZE,,,7-5,2-6,6-3,,330808,329627,AUSTRALIAN OPEN,"Australian Open - Melbourne, AUS",2026.0,,329627,330808,329627,330808,Tereza Valentova,Linda Fruhvirtova,,,Linda Fruhvirtova,Tereza Valentova,CZE,CZE,,,330808,329627,,,,,,,,,,,,,,,,,,,,,,,,,,,,,,,,,,,,,,,,,,,,,,,,,,,,,,,,,,,,,,,,,,,,,,,,,,,5-7,6-2,3-6,"5-7,6-2,3-6",901,2026,,,,,,3,2026-01-22,,,,,,,,,,,,,,,,,,,,,,,,,,,,,,,,,,,,,,,,,,"5-7,6-2,3-6",,,,,,,,,,,
901,2026,AUSTRALIAN OPEN,Grand Slam,2026-01-18,2026-02-01,Hard,MELBOURNE,AUSTRALIA,128.0,,USD,LS67664830,2026-01-22,2,Elise Mertens,Moyuka Uchijima,BEL,JPN,21.0,,6-3,6-1,,,317964,327241,AUSTRALIAN OPEN,"Australian Open - Melbourne, AUS",2026.0,,317964,327241,317964,327241,Elise Mertens,Moyuka Uchijima,,,Elise Mertens,Moyuka Uchijima,BEL,JPN,21,,317964,327241,,,,,,,,,,,,,,,,,,,,,,,,,,,,,,,,,,,,,,,,,,,,,,,,,,,,,,,,,,,,,,,,,,,,,,,,,,,6-3,6-1,,"6-3,6-1",901,2026,,,,,,2,2026-01-22,,,,,,,,,,,,,,,,,,,,,,,,,,,,,,,,,,,,,,,,,,"6-3,6-1",,,,,,,,,,,
901,2026,AUSTRALIAN OPEN,Grand Slam,2026-01-18,2026-02-01,Hard,MELBOURNE,AUSTRALIA,128.0,,USD,LS67664820,2026-01-22,2,Amanda Anisimova,Katerina Siniakova,USA,CZE,4.0,,6-1,6-4,,,326384,320301,AUSTRALIAN OPEN,"Australian Open - Melbourne, AUS",2026.0,,320301,326384,320301,326384,Amanda Anisimova,Katerina Siniakova,,,Katerina Siniakova,Amanda Anisimova,CZE,USA,,4,326384,320301,,,,,,,,,,,,,,,,,,,,,,,,,,,,,,,,,,,,,,,,,,,,,,,,,,,,,,,,,,,,,,,,,,,,,,,,,,,1-6,4-6,,"1-6,4-6",901,2026,,,,,,2,2026-01-22,,,,,,,,,,,,,,,,,,,,,,,,,,,,,,,,,,,,,,,,,,"1-6,4-6",,,,,,,,,,,
901,2026,AUSTRALIAN OPEN,Grand Slam,2026-01-18,2026-02-01,Hard,MELBOURNE,AUSTRALIA,128.0,,USD,LS67664810,2026-01-22,2,Linda Noskova,Taylah Preston,CZE,AUS,13.0,,6-2,4-6,6-2,,329668,330291,AUSTRALIAN OPEN,"Australian Open - Melbourne, AUS",2026.0,,329668,330291,329668,330291,Linda Noskova,Taylah Preston,,,Linda Noskova,Taylah Preston,CZE,AUS,13,,329668,330291,,,,,,,,,,,,,,,,,,,,,,,,,,,,,,,,,,,,,,,,,,,,,,,,,,,,,,,,,,,,,,,,,,,,,,,,,,,6-2,4-6,6-2,"6-2,4-6,6-2",901,2026,,,,,,3,2026-01-22,,,,,,,,,,,,,,,,,,,,,,,,,,,,,,,,,,,,,,,,,,"6-2,4-6,6-2",,,,,,,,,,,
901,2026,AUSTRALIAN OPEN,Grand Slam,2026-01-18,2026-02-01,Hard,MELBOURNE,AUSTRALIA,128.0,,USD,LS67664822,2026-01-22,2,Peyton Stearns,Petra Marcinko,USA,HRV,,,6-2,7-5,,,327573,330799,AUSTRALIAN OPEN,"Australian Open - Melbourne, AUS",2026.0,,327573,330799,327573,330799,Peyton Stearns,Petra Marcinko,,,Peyton Stearns,Petra Marcinko,USA,HRV,,,327573,330799,,,,,,,,,,,,,,,,,,,,,,,,,,,,,,,,,,,,,,,,,,,,,,,,,,,,,,,,,,,,,,,,,,,,,,,,,,,6-2,7-5,,"6-2,7-5",901,2026,,,,,,2,2026-01-22,,,,,,,,,,,,,,,,,,,,,,,,,,,,,,,,,,,,,,,,,,"6-2,7-5",,,,,,,,,,,
901,2026,AUSTRALIAN OPEN,Grand Slam,2026-01-18,2026-02-01,Hard,MELBOURNE,AUSTRALIA,128.0,,USD,LS67664824,2026-01-22,2,Xinyu Wang,Jelena Ostapenko,CHN,LVA,,24.0,4-6,6-4,6-4,,326376,319939,AUSTRALIAN OPEN,"Australian Open - Melbourne, AUS",2026.0,,326376,319939,326376,319939,Xinyu Wang,Jelena Ostapenko,,,Xinyu Wang,Jelena Ostapenko,CHN,LVA,,24,326376,319939,,,,,,,,,,,,,,,,,,,,,,,,,,,,,,,,,,,,,,,,,,,,,,,,,,,,,,,,,,,,,,,,,,,,,,,,,,,4-6,6-4,6-4,"4-6,6-4,6-4",901,2026,,,,,,3,2026-01-22,,,,,,,,,,,,,,,,,,,,,,,,,,,,,,,,,,,,,,,,,,"4-6,6-4,6-4",,,,,,,,,,,
901,2026,AUSTRALIAN OPEN,Grand Slam,2026-01-18,2026-02-01,Hard,MELBOURNE,AUSTRALIA,128.0,,USD,LS67664774,2026-01-22,2,Anna Kalinskaya,Julia Grabher,,AUT,31.0,,6-3,6-3,,,323942,113079,AUSTRALIAN OPEN,"Australian Open - Melbourne, AUS",2026.0,,323942,113079,323942,113079,Anna Kalinskaya,Julia Grabher,,,Anna Kalinskaya,Julia Grabher,,AUT,31,,323942,113079,,,,,,,,,,,,,,,,,,,,,,,,,,,,,,,,,,,,,,,,,,,,,,,,,,,,,,,,,,,,,,,,,,,,,,,,,,,6-3,6-3,,"6-3,6-3",901,2026,,,,,,2,2026-01-22,,,,,,,,,,,,,,,,,,,,,,,,,,,,,,,,,,,,,,,,,,"6-3,6-3",,,,,,,,,,,
901,2026,AUSTRALIAN OPEN,Grand Slam,2026-01-18,2026-02-01,Hard,MELBOURNE,AUSTRALIA,128.0,,USD,LS67664776,2026-01-22,2,Maddison Inglis,Laura Siegemund,AUS,DEU,,,6-4,6-7(3),7-6(7),,321179,310926,AUSTRALIAN OPEN,"Australian Open - Melbourne, AUS",2026.0,,321179,310926,321179,310926,Maddison Inglis,Laura Siegemund,,,Maddison Inglis,Laura Siegemund,AUS,DEU,,,321179,310926,,,,,,,,,,,,,,,,,,,,,,,,,,,,,,,,,,,,,,,,,,,,,,,,,,,,,,,,,,,,,,,,,,,,,,,,,,,6-4,6-7(3),7-6(7),"6-4,6(7)-7,7-6(10)",901,2026,,,,,,3,2026-01-22,,,,,,,,,,,,,,,,,,,,,,,,,,,,,,,,,,,,,,7.0,3.0,9.0,7.0,"6-4,6(7)-7,7-6(10)",,,,,,,,,,,
901,2026,AUSTRALIAN OPEN,Grand Slam,2026-01-18,2026-02-01,Hard,MELBOURNE,AUSTRALIA,128.0,,USD,LS67664814,2026-01-22,2,Karolina Pliskova,Janice Tjen,CZE,IDN,,,6-4,6-4,,,313974,460837,AUSTRALIAN OPEN,"Australian Open - Melbourne, AUS",2026.0,,460837,313974,460837,313974,Karolina Pliskova,Janice Tjen,,,Janice Tjen,Karolina Pliskova,IDN,CZE,,,313974,460837,,,,,,,,,,,,,,,,,,,,,,,,,,,,,,,,,,,,,,,,,,,,,,,,,,,,,,,,,,,,,,,,,,,,,,,,,,,4-6,4-6,,"4-6,4-6",901,2026,,,,,,2,2026-01-22,,,,,,,,,,,,,,,,,,,,,,,,,,,,,,,,,,,,,,,,,,"4-6,4-6",,,,,,,,,,,
901,2026,AUSTRALIAN OPEN,Grand Slam,2026-01-18,2026-02-01,Hard,MELBOURNE,AUSTRALIA,128.0,,USD,LS67664802,2026-01-22,2,Jessica Pegula,McCartney Kessler,USA,USA,6.0,,6-0,6-2,,,316956,326678,AUSTRALIAN OPEN,"Australian Open - Melbourne, AUS",2026.0,,316956,326678,316956,326678,Jessica Pegula,McCartney Kessler,,,Jessica Pegula,McCartney Kessler,USA,USA,6,,316956,326678,,,,,,,,,,,,,,,,,,,,,,,,,,,,,,,,,,,,,,,,,,,,,,,,,,,,,,,,,,,,,,,,,,,,,,,,,,,6-0,6-2,,"6-0,6-2",901,2026,,,,,,2,2026-01-22,,,,,,,,,,,,,,,,,,,,,,,,,,,,,,,,,,,,,,,,,,"6-0,6-2",,,,,,,,,,,
901,2026,AUSTRALIAN OPEN,Grand Slam,2026-01-18,2026-02-01,Hard,MELBOURNE,AUSTRALIA,128.0,,USD,LS67664812,2026-01-22,2,Madison Keys,Ashlyn Krueger,USA,USA,9.0,,6-1,7-5,,,316959,329409,AUSTRALIAN OPEN,"Australian Open - Melbourne, AUS",2026.0,,329409,316959,329409,316959,Madison Keys,Ashlyn Krueger,,,Ashlyn Krueger,Madison Keys,USA,USA,,9,316959,329409,,,,,,,,,,,,,,,,,,,,,,,,,,,,,,,,,,,,,,,,,,,,,,,,,,,,,,,,,,,,,,,,,,,,,,,,,,,1-6,5-7,,"1-6,5-7",901,2026,,,,,,2,2026-01-22,,,,,,,,,,,,,,,,,,,,,,,,,,,,,,,,,,,,,,,,,,"1-6,5-7",,,,,,,,,,,
901,2026,AUSTRALIAN OPEN,Grand Slam,2026-01-18,2026-02-01,Hard,MELBOURNE,AUSTRALIA,128.0,,USD,LS67664816,2026-01-22,2,Oksana Selekhmeteva,Paula Badosa,,ESP,,25.0,6-4,6-4,,,329199,320124,AUSTRALIAN OPEN,"Australian Open - Melbourne, AUS",2026.0,,329199,320124,329199,320124,Oksana Selekhmeteva,Paula Badosa,,,Oksana Selekhmeteva,Paula Badosa,,ESP,,25,329199,320124,,,,,,,,,,,,,,,,,,,,,,,,,,,,,,,,,,,,,,,,,,,,,,,,,,,,,,,,,,,,,,,,,,,,,,,,,,,6-4,6-4,,"6-4,6-4",901,2026,,,,,,2,2026-01-22,,,,,,,,,,,,,,,,,,,,,,,,,,,,,,,,,,,,,,,,,,"6-4,6-4",,,,,,,,,,,
901,2026,AUSTRALIAN OPEN,Grand Slam,2026-01-18,2026-02-01,Hard,MELBOURNE,AUSTRALIA,128.0,,USD,LS67664726,2026-01-21,2,Iva Jovic,Priscilla Hon,USA,AUS,29.0,,6-1,6-2,,,332285,320543,AUSTRALIAN OPEN,"Australian Open - Melbourne, AUS",2026.0,,332285,320543,332285,320543,Iva Jovic,Priscilla Hon,,,Iva Jovic,Priscilla Hon,USA,AUS,29,,332285,320543,,,,,,,,,,,,,,,,,,,,,,,,,,,,,,,,,,,,,,,,,,,,,,,,,,,,,,,,,,,,,,,,,,,,,,,,,,,6-1,6-2,,"6-1,6-2",901,2026,,,,,,2,2026-01-21,,,,,,,,,,,,,,,,,,,,,,,,,,,,,,,,,,,,,,,,,,"6-1,6-2",,,,,,,,,,,
901,2026,AUSTRALIAN OPEN,Grand Slam,2026-01-18,2026-02-01,Hard,MELBOURNE,AUSTRALIA,128.0,,USD,LS67664724,2026-01-21,2,Jasmine Paolini,Magdalena Frech,ITA,POL,7.0,,6-2,6-3,,,319280,320277,AUSTRALIAN OPEN,"Australian Open - Melbourne, AUS",2026.0,,320277,319280,320277,319280,Jasmine Paolini,Magdalena Frech,,,Magdalena Frech,Jasmine Paolini,POL,ITA,,7,319280,320277,,,,,,,,,,,,,,,,,,,,,,,,,,,,,,,,,,,,,,,,,,,,,,,,,,,,,,,,,,,,,,,,,,,,,,,,,,,2-6,3-6,,"2-6,3-6",901,2026,,,,,,2,2026-01-21,,,,,,,,,,,,,,,,,,,,,,,,,,,,,,,,,,,,,,,,,,"2-6,3-6",,,,,,,,,,,
901,2026,AUSTRALIAN OPEN,Grand Slam,2026-01-18,2026-02-01,Hard,MELBOURNE,AUSTRALIA,128.0,,USD,LS67664804,2026-01-21,2,Mirra Andreeva,Maria Sakkari,,GRC,8.0,,6-0,6-4,,,331809,318312,AUSTRALIAN OPEN,"Australian Open - Melbourne, AUS",2026.0,,318312,331809,318312,331809,Mirra Andreeva,Maria Sakkari,,,Maria Sakkari,Mirra Andreeva,GRC,,,8,331809,318312,,,,,,,,,,,,,,,,,,,,,,,,,,,,,,,,,,,,,,,,,,,,,,,,,,,,,,,,,,,,,,,,,,,,,,,,,,,0-6,4-6,,"0-6,4-6",901,2026,,,,,,2,2026-01-21,,,,,,,,,,,,,,,,,,,,,,,,,,,,,,,,,,,,,,,,,,"0-6,4-6",,,,,,,,,,,
901,2026,AUSTRALIAN OPEN,Grand Slam,2026-01-18,2026-02-01,Hard,MELBOURNE,AUSTRALIA,128.0,,USD,LS67664734,2026-01-21,2,Karolina Muchova,Alycia Parks,CZE,USA,19.0,,4-6,6-4,6-4,,322191,326007,AUSTRALIAN OPEN,"Australian Open - Melbourne, AUS",2026.0,,322191,326007,322191,326007,Karolina Muchova,Alycia Parks,,,Karolina Muchova,Alycia Parks,CZE,USA,19,,322191,326007,,,,,,,,,,,,,,,,,,,,,,,,,,,,,,,,,,,,,,,,,,,,,,,,,,,,,,,,,,,,,,,,,,,,,,,,,,,4-6,6-4,6-4,"4-6,6-4,6-4",901,2026,,,,,,3,2026-01-21,,,,,,,,,,,,,,,,,,,,,,,,,,,,,,,,,,,,,,,,,,"4-6,6-4,6-4",,,,,,,,,,,
901,2026,AUSTRALIAN OPEN,Grand Slam,2026-01-18,2026-02-01,Hard,MELBOURNE,AUSTRALIA,128.0,,USD,LS67664732,2026-01-21,2,Magda Linette,Ann Li,POL,USA,,,6-3,6-3,,,315130,326096,AUSTRALIAN OPEN,"Australian Open - Melbourne, AUS",2026.0,,326096,315130,326096,315130,Magda Linette,Ann Li,,,Ann Li,Magda Linette,USA,POL,,,315130,326096,,,,,,,,,,,,,,,,,,,,,,,,,,,,,,,,,,,,,,,,,,,,,,,,,,,,,,,,,,,,,,,,,,,,,,,,,,,3-6,3-6,,"3-6,3-6",901,2026,,,,,,2,2026-01-21,,,,,,,,,,,,,,,,,,,,,,,,,,,,,,,,,,,,,,,,,,"3-6,3-6",,,,,,,,,,,
901,2026,AUSTRALIAN OPEN,Grand Slam,2026-01-18,2026-02-01,Hard,MELBOURNE,AUSTRALIA,128.0,,USD,LS67664806,2026-01-21,2,Elena-Gabriela Ruse,Ajla Tomljanovic,ROU,AUS,,,6-4,6-4,,,320408,315232,AUSTRALIAN OPEN,"Australian Open - Melbourne, AUS",2026.0,,320408,315232,320408,315232,Elena-Gabriela Ruse,Ajla Tomljanovic,,,Elena-Gabriela Ruse,Ajla Tomljanovic,ROU,AUS,,,320408,315232,,,,,,,,,,,,,,,,,,,,,,,,,,,,,,,,,,,,,,,,,,,,,,,,,,,,,,,,,,,,,,,,,,,,,,,,,,,6-4,6-4,,"6-4,6-4",901,2026,,,,,,2,2026-01-21,,,,,,,,,,,,,,,,,,,,,,,,,,,,,,,,,,,,,,,,,,"6-4,6-4",,,,,,,,,,,
901,2026,AUSTRALIAN OPEN,Grand Slam,2026-01-18,2026-02-01,Hard,MELBOURNE,AUSTRALIA,128.0,,USD,LS67664722,2026-01-21,2,Coco Gauff,Olga Danilovic,USA,SRB,3.0,,6-2,6-2,,,328560,324934,AUSTRALIAN OPEN,"Australian Open - Melbourne, AUS",2026.0,,328560,324934,328560,324934,Coco Gauff,Olga Danilovic,,,Coco Gauff,Olga Danilovic,USA,SRB,3,,328560,324934,,,,,,,,,,,,,,,,,,,,,,,,,,,,,,,,,,,,,,,,,,,,,,,,,,,,,,,,,,,,,,,,,,,,,,,,,,,6-2,6-2,,"6-2,6-2",901,2026,,,,,,2,2026-01-21,,,,,,,,,,,,,,,,,,,,,,,,,,,,,,,,,,,,,,,,,,"6-2,6-2",,,,,,,,,,,
901,2026,AUSTRALIAN OPEN,Grand Slam,2026-01-18,2026-02-01,Hard,MELBOURNE,AUSTRALIA,128.0,,USD,LS67664720,2026-01-21,2,Anastasia Potapova,Emma Raducanu,AUT,GBR,,28.0,7-6(3),6-2,,,325601,328366,AUSTRALIAN OPEN,"Australian Open - Melbourne, AUS",2026.0,,325601,328366,325601,328366,Anastasia Potapova,Emma Raducanu,,,Anastasia Potapova,Emma Raducanu,AUT,GBR,,28,325601,328366,,,,,,,,,,,,,,,,,,,,,,,,,,,,,,,,,,,,,,,,,,,,,,,,,,,,,,,,,,,,,,,,,,,,,,,,,,,7-6(3),6-2,,"7-6(7),6-2",901,2026,,,,,,2,2026-01-21,,,,,,,,,,,,,,,,,,,,,,,,,,,,,,,,,,,,7.0,3.0,,,,,"7-6(7),6-2",,,,,,,,,,,
901,2026,AUSTRALIAN OPEN,Grand Slam,2026-01-18,2026-02-01,Hard,MELBOURNE,AUSTRALIA,128.0,,USD,LS67664716,2026-01-21,2,Clara Tauson,Polina Kudermetova,DNK,UZB,14.0,,6-3,3-6,7-5,,327793,328897,AUSTRALIAN OPEN,"Australian Open - Melbourne, AUS",2026.0,,328897,327793,328897,327793,Clara Tauson,Polina Kudermetova,,,Polina Kudermetova,Clara Tauson,UZB,DNK,,14,327793,328897,,,,,,,,,,,,,,,,,,,,,,,,,,,,,,,,,,,,,,,,,,,,,,,,,,,,,,,,,,,,,,,,,,,,,,,,,,,3-6,6-3,5-7,"3-6,6-3,5-7",901,2026,,,,,,3,2026-01-21,,,,,,,,,,,,,,,,,,,,,,,,,,,,,,,,,,,,,,,,,,"3-6,6-3,5-7",,,,,,,,,,,
901,2026,AUSTRALIAN OPEN,Grand Slam,2026-01-18,2026-02-01,Hard,MELBOURNE,AUSTRALIA,128.0,,USD,LS67664718,2026-01-21,2,Victoria Mboko,Caty McNally,CAN,USA,17.0,,6-4,6-3,,,331006,325725,AUSTRALIAN OPEN,"Australian Open - Melbourne, AUS",2026.0,,331006,325725,331006,325725,Victoria Mboko,Caty McNally,,,Victoria Mboko,Caty McNally,CAN,USA,17,,331006,325725,,,,,,,,,,,,,,,,,,,,,,,,,,,,,,,,,,,,,,,,,,,,,,,,,,,,,,,,,,,,,,,,,,,,,,,,,,,6-4,6-3,,"6-4,6-3",901,2026,,,,,,2,2026-01-21,,,,,,,,,,,,,,,,,,,,,,,,,,,,,,,,,,,,,,,,,,"6-4,6-3",,,,,,,,,,,
901,2026,AUSTRALIAN OPEN,Grand Slam,2026-01-18,2026-02-01,Hard,MELBOURNE,AUSTRALIA,128.0,,USD,LS67664736,2026-01-21,2,Hailey Baptiste,Storm Hunter,USA,AUS,,,6-2,6-1,,,327101,317810,AUSTRALIAN OPEN,"Australian Open - Melbourne, AUS",2026.0,,317810,327101,317810,327101,Hailey Baptiste,Storm Hunter,,,Storm Hunter,Hailey Baptiste,AUS,USA,,,327101,317810,,,,,,,,,,,,,,,,,,,,,,,,,,,,,,,,,,,,,,,,,,,,,,,,,,,,,,,,,,,,,,,,,,,,,,,,,,,2-6,1-6,,"2-6,1-6",901,2026,,,,,,2,2026-01-21,,,,,,,,,,,,,,,,,,,,,,,,,,,,,,,,,,,,,,,,,,"2-6,1-6",,,,,,,,,,,
901,2026,AUSTRALIAN OPEN,Grand Slam,2026-01-18,2026-02-01,Hard,MELBOURNE,AUSTRALIA,128.0,,USD,LS67664728,2026-01-21,2,Yulia Putintseva,Elsa Jacquemot,KAZ,FRA,,,6-1,6-2,,,317683,328142,AUSTRALIAN OPEN,"Australian Open - Melbourne, AUS",2026.0,,317683,328142,317683,328142,Yulia Putintseva,Elsa Jacquemot,,,Yulia Putintseva,Elsa Jacquemot,KAZ,FRA,,,317683,328142,,,,,,,,,,,,,,,,,,,,,,,,,,,,,,,,,,,,,,,,,,,,,,,,,,,,,,,,,,,,,,,,,,,,,,,,,,,6-1,6-2,,"6-1,6-2",901,2026,,,,,,2,2026-01-21,,,,,,,,,,,,,,,,,,,,,,,,,,,,,,,,,,,,,,,,,,"6-1,6-2",,,,,,,,,,,
901,2026,AUSTRALIAN OPEN,Grand Slam,2026-01-18,2026-02-01,Hard,MELBOURNE,AUSTRALIA,128.0,,USD,LS67664708,2026-01-21,2,Aryna Sabalenka,Zhuoxuan Bai,,CHN,1.0,,6-3,6-1,,,320760,327196,AUSTRALIAN OPEN,"Australian Open - Melbourne, AUS",2026.0,,320760,327196,320760,327196,Aryna Sabalenka,Zhuoxuan Bai,,,Aryna Sabalenka,Zhuoxuan Bai,,CHN,1,,320760,327196,,,,,,,,,,,,,,,,,,,,,,,,,,,,,,,,,,,,,,,,,,,,,,,,,,,,,,,,,,,,,,,,,,,,,,,,,,,6-3,6-1,,"6-3,6-1",901,2026,,,,,,2,2026-01-21,,,,,,,,,,,,,,,,,,,,,,,,,,,,,,,,,,,,,,,,,,"6-3,6-1",,,,,,,,,,,
901,2026,AUSTRALIAN OPEN,Grand Slam,2026-01-18,2026-02-01,Hard,MELBOURNE,AUSTRALIA,128.0,,USD,LS67664714,2026-01-21,2,Zeynep Sonmez,Anna Bondar,TUR,HUN,,,6-2,6-4,,,326907,322942,AUSTRALIAN OPEN,"Australian Open - Melbourne, AUS",2026.0,,326907,322942,326907,322942,Zeynep Sonmez,Anna Bondar,,,Zeynep Sonmez,Anna Bondar,TUR,HUN,,,326907,322942,,,,,,,,,,,,,,,,,,,,,,,,,,,,,,,,,,,,,,,,,,,,,,,,,,,,,,,,,,,,,,,,,,,,,,,,,,,6-2,6-4,,"6-2,6-4",901,2026,,,,,,2,2026-01-21,,,,,,,,,,,,,,,,,,,,,,,,,,,,,,,,,,,,,,,,,,"6-2,6-4",,,,,,,,,,,
901,2026,AUSTRALIAN OPEN,Grand Slam,2026-01-18,2026-02-01,Hard,MELBOURNE,AUSTRALIA,128.0,,USD,LS67664730,2026-01-21,2,Elina Svitolina,Linda Klimovicova,UKR,POL,12.0,,7-5,6-1,,,316738,329061,AUSTRALIAN OPEN,"Australian Open - Melbourne, AUS",2026.0,,316738,329061,316738,329061,Elina Svitolina,Linda Klimovicova,,,Elina Svitolina,Linda Klimovicova,UKR,POL,12,,316738,329061,,,,,,,,,,,,,,,,,,,,,,,,,,,,,,,,,,,,,,,,,,,,,,,,,,,,,,,,,,,,,,,,,,,,,,,,,,,7-5,6-1,,"7-5,6-1",901,2026,,,,,,2,2026-01-21,,,,,,,,,,,,,,,,,,,,,,,,,,,,,,,,,,,,,,,,,,"7-5,6-1",,,,,,,,,,,
901,2026,AUSTRALIAN OPEN,Grand Slam,2026-01-18,2026-02-01,Hard,MELBOURNE,AUSTRALIA,128.0,,USD,LS67664808,2026-01-21,2,Diana Shnaider,Talia Gibson,,AUS,23.0,,3-6,7-5,6-3,,330482,329393,AUSTRALIAN OPEN,"Australian Open - Melbourne, AUS",2026.0,,329393,330482,329393,330482,Diana Shnaider,Talia Gibson,,,Talia Gibson,Diana Shnaider,AUS,,,23,330482,329393,,,,,,,,,,,,,,,,,,,,,,,,,,,,,,,,,,,,,,,,,,,,,,,,,,,,,,,,,,,,,,,,,,,,,,,,,,,6-3,5-7,3-6,"6-3,5-7,3-6",901,2026,,,,,,3,2026-01-21,,,,,,,,,,,,,,,,,,,,,,,,,,,,,,,,,,,,,,,,,,"6-3,5-7,3-6",,,,,,,,,,,
901,2026,AUSTRALIAN OPEN,Grand Slam,2026-01-18,2026-02-01,Hard,MELBOURNE,AUSTRALIA,128.0,,USD,LS67832922,2026-01-20,1,Nikola Bartunkova,Daria Kasatkina,CZE,AUS,,,7-6(7),0-6,6-3,,721779,322082,AUSTRALIAN OPEN,"Australian Open - Melbourne, AUS",2026.0,,322082,721779,322082,721779,Nikola Bartunkova,Daria Kasatkina,,,Daria Kasatkina,Nikola Bartunkova,AUS,CZE,,,721779,322082,,,,,,,,,,,,,,,,,,,,,,,,,,,,,,,,,,,,,,,,,,,,,,,,,,,,,,,,,,,,,,,,,,,,,,,,,,,6-7(7),6-0,3-6,"6(9)-7,6-0,3-6",901,2026,,,,,,3,2026-01-20,,,,,,,,,,,,,,,,,,,,,,,,,,,,,,,,,,,,9.0,7.0,,,,,"6(9)-7,6-0,3-6",,,,,,,,,,,
901,2026,AUSTRALIAN OPEN,Grand Slam,2026-01-18,2026-02-01,Hard,MELBOURNE,AUSTRALIA,128.0,,USD,LS67832920,2026-01-20,1,Maddison Inglis,Kimberly Birrell,AUS,AUS,,,7-6(6),6-7(9),6-4,,321179,320728,AUSTRALIAN OPEN,"Australian Open - Melbourne, AUS",2026.0,,321179,320728,321179,320728,Maddison Inglis,Kimberly Birrell,,,Maddison Inglis,Kimberly Birrell,AUS,AUS,,,321179,320728,,,,,,,,,,,,,,,,,,,,,,,,,,,,,,,,,,,,,,,,,,,,,,,,,,,,,,,,,,,,,,,,,,,,,,,,,,,7-6(6),6-7(9),6-4,"7-6(8),6(11)-7,6-4",901,2026,,,,,,3,2026-01-20,,,,,,,,,,,,,,,,,,,,,,,,,,,,,,,,,,,,8.0,6.0,11.0,9.0,,,"7-6(8),6(11)-7,6-4",,,,,,,,,,,
901,2026,AUSTRALIAN OPEN,Grand Slam,2026-01-18,2026-02-01,Hard,MELBOURNE,AUSTRALIA,128.0,,USD,LS67816668,2026-01-20,1,Naomi Osaka,Antonia Ruzic,JPN,HRV,16.0,,6-3,3-6,6-4,,319998,329505,AUSTRALIAN OPEN,"Australian Open - Melbourne, AUS",2026.0,,319998,329505,319998,329505,Naomi Osaka,Antonia Ruzic,,,Naomi Osaka,Antonia Ruzic,JPN,HRV,16,,319998,329505,,,,,,,,,,,,,,,,,,,,,,,,,,,,,,,,,,,,,,,,,,,,,,,,,,,,,,,,,,,,,,,,,,,,,,,,,,,6-3,3-6,6-4,"6-3,3-6,6-4",901,2026,,,,,,3,2026-01-20,,,,,,,,,,,,,,,,,,,,,,,,,,,,,,,,,,,,,,,,,,"6-3,3-6,6-4",,,,,,,,,,,
901,2026,AUSTRALIAN OPEN,Grand Slam,2026-01-18,2026-02-01,Hard,MELBOURNE,AUSTRALIA,128.0,,USD,LS67816670,2026-01-20,1,Belinda Bencic,Katie Boulter,CHE,GBR,10.0,,6-0,7-5,,,319001,319125,AUSTRALIAN OPEN,"Australian Open - Melbourne, AUS",2026.0,,319125,319001,319125,319001,Belinda Bencic,Katie Boulter,,,Katie Boulter,Belinda Bencic,GBR,CHE,,10,319001,319125,,,,,,,,,,,,,,,,,,,,,,,,,,,,,,,,,,,,,,,,,,,,,,,,,,,,,,,,,,,,,,,,,,,,,,,,,,,0-6,5-7,,"0-6,5-7",901,2026,,,,,,2,2026-01-20,,,,,,,,,,,,,,,,,,,,,,,,,,,,,,,,,,,,,,,,,,"0-6,5-7",,,,,,,,,,,
901,2026,AUSTRALIAN OPEN,Grand Slam,2026-01-18,2026-02-01,Hard,MELBOURNE,AUSTRALIA,128.0,,USD,LS67816664,2026-01-20,1,Laura Siegemund,Liudmila Samsonova,DEU,,,18.0,0-6,7-5,6-4,,310926,322222,AUSTRALIAN OPEN,"Australian Open - Melbourne, AUS",2026.0,,310926,322222,310926,322222,Laura Siegemund,Liudmila Samsonova,,,Laura Siegemund,Liudmila Samsonova,DEU,,,18,310926,322222,,,,,,,,,,,,,,,,,,,,,,,,,,,,,,,,,,,,,,,,,,,,,,,,,,,,,,,,,,,,,,,,,,,,,,,,,,,0-6,7-5,6-4,"0-6,7-5,6-4",901,2026,,,,,,3,2026-01-20,,,,,,,,,,,,,,,,,,,,,,,,,,,,,,,,,,,,,,,,,,"0-6,7-5,6-4",,,,,,,,,,,
901,2026,AUSTRALIAN OPEN,Grand Slam,2026-01-18,2026-02-01,Hard,MELBOURNE,AUSTRALIA,128.0,,USD,LS67816688,2026-01-20,1,Jelena Ostapenko,Rebecca Sramkova,LVA,SVK,24.0,,6-4,6-4,,,319939,320228,AUSTRALIAN OPEN,"Australian Open - Melbourne, AUS",2026.0,,320228,319939,320228,319939,Jelena Ostapenko,Rebecca Sramkova,,,Rebecca Sramkova,Jelena Ostapenko,SVK,LVA,,24,319939,320228,,,,,,,,,,,,,,,,,,,,,,,,,,,,,,,,,,,,,,,,,,,,,,,,,,,,,,,,,,,,,,,,,,,,,,,,,,,4-6,4-6,,"4-6,4-6",901,2026,,,,,,2,2026-01-20,,,,,,,,,,,,,,,,,,,,,,,,,,,,,,,,,,,,,,,,,,"4-6,4-6",,,,,,,,,,,
901,2026,AUSTRALIAN OPEN,Grand Slam,2026-01-18,2026-02-01,Hard,MELBOURNE,AUSTRALIA,128.0,,USD,LS67816666,2026-01-20,1,Sorana Cirstea,Eva Lys,ROU,DEU,,,3-6,6-4,6-3,,312469,325826,AUSTRALIAN OPEN,"Australian Open - Melbourne, AUS",2026.0,,312469,325826,312469,325826,Sorana Cirstea,Eva Lys,,,Sorana Cirstea,Eva Lys,ROU,DEU,,,312469,325826,,,,,,,,,,,,,,,,,,,,,,,,,,,,,,,,,,,,,,,,,,,,,,,,,,,,,,,,,,,,,,,,,,,,,,,,,,,3-6,6-4,6-3,"3-6,6-4,6-3",901,2026,,,,,,3,2026-01-20,,,,,,,,,,,,,,,,,,,,,,,,,,,,,,,,,,,,,,,,,,"3-6,6-4,6-3",,,,,,,,,,,
901,2026,AUSTRALIAN OPEN,Grand Slam,2026-01-18,2026-02-01,Hard,MELBOURNE,AUSTRALIA,128.0,,USD,LS67816678,2026-01-20,1,Elena Rybakina,Kaja Juvan,KAZ,SVN,5.0,,6-4,6-3,,,324166,324702,AUSTRALIAN OPEN,"Australian Open - Melbourne, AUS",2026.0,,324166,324702,324166,324702,Elena Rybakina,Kaja Juvan,,,Elena Rybakina,Kaja Juvan,KAZ,SVN,5,,324166,324702,,,,,,,,,,,,,,,,,,,,,,,,,,,,,,,,,,,,,,,,,,,,,,,,,,,,,,,,,,,,,,,,,,,,,,,,,,,6-4,6-3,,"6-4,6-3",901,2026,,,,,,2,2026-01-20,,,,,,,,,,,,,,,,,,,,,,,,,,,,,,,,,,,,,,,,,,"6-4,6-3",,,,,,,,,,,
901,2026,AUSTRALIAN OPEN,Grand Slam,2026-01-18,2026-02-01,Hard,MELBOURNE,AUSTRALIA,128.0,,USD,LS67816662,2026-01-20,1,Anna Kalinskaya,Sonay Kartal,,GBR,31.0,,7-6(3),6-1,,,323942,329918,AUSTRALIAN OPEN,"Australian Open - Melbourne, AUS",2026.0,,323942,329918,323942,329918,Anna Kalinskaya,Sonay Kartal,,,Anna Kalinskaya,Sonay Kartal,,GBR,31,,323942,329918,,,,,,,,,,,,,,,,,,,,,,,,,,,,,,,,,,,,,,,,,,,,,,,,,,,,,,,,,,,,,,,,,,,,,,,,,,,7-6(3),6-1,,"7-6(7),6-1",901,2026,,,,,,2,2026-01-20,,,,,,,,,,,,,,,,,,,,,,,,,,,,,,,,,,,,7.0,3.0,,,,,"7-6(7),6-1",,,,,,,,,,,
901,2026,AUSTRALIAN OPEN,Grand Slam,2026-01-18,2026-02-01,Hard,MELBOURNE,AUSTRALIA,128.0,,USD,LS67832926,2026-01-20,1,Linda Fruhvirtova,Lulu Sun,CZE,NZL,,,6-3,7-5,,,329627,324576,AUSTRALIAN OPEN,"Australian Open - Melbourne, AUS",2026.0,,324576,329627,324576,329627,Linda Fruhvirtova,Lulu Sun,,,Lulu Sun,Linda Fruhvirtova,NZL,CZE,,,329627,324576,,,,,,,,,,,,,,,,,,,,,,,,,,,,,,,,,,,,,,,,,,,,,,,,,,,,,,,,,,,,,,,,,,,,,,,,,,,3-6,5-7,,"3-6,5-7",901,2026,,,,,,2,2026-01-20,,,,,,,,,,,,,,,,,,,,,,,,,,,,,,,,,,,,,,,,,,"3-6,5-7",,,,,,,,,,,
901,2026,AUSTRALIAN OPEN,Grand Slam,2026-01-18,2026-02-01,Hard,MELBOURNE,AUSTRALIA,128.0,,USD,LS67832930,2026-01-20,1,Karolina Pliskova,Sloane Stephens,CZE,USA,,,7-6(7),6-2,,,313974,315683,AUSTRALIAN OPEN,"Australian Open - Melbourne, AUS",2026.0,,313974,315683,313974,315683,Karolina Pliskova,Sloane Stephens,,,Karolina Pliskova,Sloane Stephens,CZE,USA,,,313974,315683,,,,,,,,,,,,,,,,,,,,,,,,,,,,,,,,,,,,,,,,,,,,,,,,,,,,,,,,,,,,,,,,,,,,,,,,,,,7-6(7),6-2,,"7-6(9),6-2",901,2026,,,,,,2,2026-01-20,,,,,,,,,,,,,,,,,,,,,,,,,,,,,,,,,,,,9.0,7.0,,,,,"7-6(9),6-2",,,,,,,,,,,
901,2026,AUSTRALIAN OPEN,Grand Slam,2026-01-18,2026-02-01,Hard,MELBOURNE,AUSTRALIA,128.0,,USD,LS67816660,2026-01-20,1,Julia Grabher,Elisabetta Cocciaretto,AUT,ITA,,,7-5,2-6,6-4,,113079,327909,AUSTRALIAN OPEN,"Australian Open - Melbourne, AUS",2026.0,,113079,327909,113079,327909,Julia Grabher,Elisabetta Cocciaretto,,,Julia Grabher,Elisabetta Cocciaretto,AUT,ITA,,,113079,327909,,,,,,,,,,,,,,,,,,,,,,,,,,,,,,,,,,,,,,,,,,,,,,,,,,,,,,,,,,,,,,,,,,,,,,,,,,,7-5,2-6,6-4,"7-5,2-6,6-4",901,2026,,,,,,3,2026-01-20,,,,,,,,,,,,,,,,,,,,,,,,,,,,,,,,,,,,,,,,,,"7-5,2-6,6-4",,,,,,,,,,,
901,2026,AUSTRALIAN OPEN,Grand Slam,2026-01-18,2026-02-01,Hard,MELBOURNE,AUSTRALIA,128.0,,USD,LS67832928,2026-01-20,1,Xinyu Wang,Anhelina Kalinina,CHN,UKR,,,6-3,6-3,,,326376,320567,AUSTRALIAN OPEN,"Australian Open - Melbourne, AUS",2026.0,,326376,320567,326376,320567,Xinyu Wang,Anhelina Kalinina,,,Xinyu Wang,Anhelina Kalinina,CHN,UKR,,,326376,320567,,,,,,,,,,,,,,,,,,,,,,,,,,,,,,,,,,,,,,,,,,,,,,,,,,,,,,,,,,,,,,,,,,,,,,,,,,,6-3,6-3,,"6-3,6-3",901,2026,,,,,,2,2026-01-20,,,,,,,,,,,,,,,,,,,,,,,,,,,,,,,,,,,,,,,,,,"6-3,6-3",,,,,,,,,,,
901,2026,AUSTRALIAN OPEN,Grand Slam,2026-01-18,2026-02-01,Hard,MELBOURNE,AUSTRALIA,128.0,,USD,LS67816694,2026-01-20,1,Madison Keys,Oleksandra Oliynykova,USA,UKR,9.0,,7-6(6),6-1,,,316959,325729,AUSTRALIAN OPEN,"Australian Open - Melbourne, AUS",2026.0,,325729,316959,325729,316959,Madison Keys,Oleksandra Oliynykova,,,Oleksandra Oliynykova,Madison Keys,UKR,USA,,9,316959,325729,,,,,,,,,,,,,,,,,,,,,,,,,,,,,,,,,,,,,,,,,,,,,,,,,,,,,,,,,,,,,,,,,,,,,,,,,,,6-7(6),1-6,,"6(8)-7,1-6",901,2026,,,,,,2,2026-01-20,,,,,,,,,,,,,,,,,,,,,,,,,,,,,,,,,,,,8.0,6.0,,,,,"6(8)-7,1-6",,,,,,,,,,,
901,2026,AUSTRALIAN OPEN,Grand Slam,2026-01-18,2026-02-01,Hard,MELBOURNE,AUSTRALIA,128.0,,USD,LS67816698,2026-01-20,1,Janice Tjen,Leylah Fernandez,IDN,CAN,,22.0,6-2,7-6(1),,,460837,326735,AUSTRALIAN OPEN,"Australian Open - Melbourne, AUS",2026.0,,326735,460837,326735,460837,Janice Tjen,Leylah Fernandez,,,Leylah Fernandez,Janice Tjen,CAN,IDN,22,,460837,326735,,,,,,,,,,,,,,,,,,,,,,,,,,,,,,,,,,,,,,,,,,,,,,,,,,,,,,,,,,,,,,,,,,,,,,,,,,,2-6,6-7(1),,"2-6,6(7)-7",901,2026,,,,,,2,2026-01-20,,,,,,,,,,,,,,,,,,,,,,,,,,,,,,,,,,,,,,7.0,1.0,,,"2-6,6(7)-7",,,,,,,,,,,
901,2026,AUSTRALIAN OPEN,Grand Slam,2026-01-18,2026-02-01,Hard,MELBOURNE,AUSTRALIA,128.0,,USD,LS67816674,2026-01-20,1,Tereza Valentova,Maya Joint,CZE,AUS,,30.0,6-4,6-4,,,330808,330544,AUSTRALIAN OPEN,"Australian Open - Melbourne, AUS",2026.0,,330808,330544,330808,330544,Tereza Valentova,Maya Joint,,,Tereza Valentova,Maya Joint,CZE,AUS,,30,330808,330544,,,,,,,,,,,,,,,,,,,,,,,,,,,,,,,,,,,,,,,,,,,,,,,,,,,,,,,,,,,,,,,,,,,,,,,,,,,6-4,6-4,,"6-4,6-4",901,2026,,,,,,2,2026-01-20,,,,,,,,,,,,,,,,,,,,,,,,,,,,,,,,,,,,,,,,,,"6-4,6-4",,,,,,,,,,,
901,2026,AUSTRALIAN OPEN,Grand Slam,2026-01-18,2026-02-01,Hard,MELBOURNE,AUSTRALIA,128.0,,USD,LS67816676,2026-01-20,1,Varvara Gracheva,Viktorija Golubic,FRA,CHE,,,6-1,2-6,6-1,,325836,316296,AUSTRALIAN OPEN,"Australian Open - Melbourne, AUS",2026.0,,325836,316296,325836,316296,Varvara Gracheva,Viktorija Golubic,,,Varvara Gracheva,Viktorija Golubic,FRA,CHE,,,325836,316296,,,,,,,,,,,,,,,,,,,,,,,,,,,,,,,,,,,,,,,,,,,,,,,,,,,,,,,,,,,,,,,,,,,,,,,,,,,6-1,2-6,6-1,"6-1,2-6,6-1",901,2026,,,,,,3,2026-01-20,,,,,,,,,,,,,,,,,,,,,,,,,,,,,,,,,,,,,,,,,,"6-1,2-6,6-1",,,,,,,,,,,
901,2026,AUSTRALIAN OPEN,Grand Slam,2026-01-18,2026-02-01,Hard,MELBOURNE,AUSTRALIA,128.0,,USD,LS67816682,2026-01-20,1,Katerina Siniakova,Panna Udvardy,CZE,HUN,,,6-1,6-2,,,320301,325956,AUSTRALIAN OPEN,"Australian Open - Melbourne, AUS",2026.0,,325956,320301,325956,320301,Katerina Siniakova,Panna Udvardy,,,Panna Udvardy,Katerina Siniakova,HUN,CZE,,,320301,325956,,,,,,,,,,,,,,,,,,,,,,,,,,,,,,,,,,,,,,,,,,,,,,,,,,,,,,,,,,,,,,,,,,,,,,,,,,,1-6,2-6,,"1-6,2-6",901,2026,,,,,,2,2026-01-20,,,,,,,,,,,,,,,,,,,,,,,,,,,,,,,,,,,,,,,,,,"1-6,2-6",,,,,,,,,,,
901,2026,AUSTRALIAN OPEN,Grand Slam,2026-01-18,2026-02-01,Hard,MELBOURNE,AUSTRALIA,128.0,,USD,LS67816690,2026-01-20,1,Taylah Preston,Shuai Zhang,AUS,CHN,,,6-3,2-6,6-3,,330291,311779,AUSTRALIAN OPEN,"Australian Open - Melbourne, AUS",2026.0,,311779,330291,311779,330291,Taylah Preston,Shuai Zhang,,,Shuai Zhang,Taylah Preston,CHN,AUS,,,330291,311779,,,,,,,,,,,,,,,,,,,,,,,,,,,,,,,,,,,,,,,,,,,,,,,,,,,,,,,,,,,,,,,,,,,,,,,,,,,3-6,6-2,3-6,"3-6,6-2,3-6",901,2026,,,,,,3,2026-01-20,,,,,,,,,,,,,,,,,,,,,,,,,,,,,,,,,,,,,,,,,,"3-6,6-2,3-6",,,,,,,,,,,
901,2026,AUSTRALIAN OPEN,Grand Slam,2026-01-18,2026-02-01,Hard,MELBOURNE,AUSTRALIA,128.0,,USD,LS67816696,2026-01-20,1,Ashlyn Krueger,Sara Bejlek,USA,CZE,,,6-3,6-3,,,329409,330375,AUSTRALIAN OPEN,"Australian Open - Melbourne, AUS",2026.0,,329409,330375,329409,330375,Ashlyn Krueger,Sara Bejlek,,,Ashlyn Krueger,Sara Bejlek,USA,CZE,,,329409,330375,,,,,,,,,,,,,,,,,,,,,,,,,,,,,,,,,,,,,,,,,,,,,,,,,,,,,,,,,,,,,,,,,,,,,,,,,,,6-3,6-3,,"6-3,6-3",901,2026,,,,,,2,2026-01-20,,,,,,,,,,,,,,,,,,,,,,,,,,,,,,,,,,,,,,,,,,"6-3,6-3",,,,,,,,,,,
901,2026,AUSTRALIAN OPEN,Grand Slam,2026-01-18,2026-02-01,Hard,MELBOURNE,AUSTRALIA,128.0,,USD,LS67832924,2026-01-19,1,Elise Mertens,Lanlana Tararudee,BEL,THA,21.0,,7-5,6-1,,,317964,329651,AUSTRALIAN OPEN,"Australian Open - Melbourne, AUS",2026.0,,317964,329651,317964,329651,Elise Mertens,Lanlana Tararudee,,,Elise Mertens,Lanlana Tararudee,BEL,THA,21,,317964,329651,,,,,,,,,,,,,,,,,,,,,,,,,,,,,,,,,,,,,,,,,,,,,,,,,,,,,,,,,,,,,,,,,,,,,,,,,,,7-5,6-1,,"7-5,6-1",901,2026,,,,,,2,2026-01-19,,,,,,,,,,,,,,,,,,,,,,,,,,,,,,,,,,,,,,,,,,"7-5,6-1",,,,,,,,,,,
901,2026,AUSTRALIAN OPEN,Grand Slam,2026-01-18,2026-02-01,Hard,MELBOURNE,AUSTRALIA,128.0,,USD,LS67816672,2026-01-19,1,Moyuka Uchijima,Solana Sierra,JPN,ARG,,,6-3,6-1,,,327241,329081,AUSTRALIAN OPEN,"Australian Open - Melbourne, AUS",2026.0,,329081,327241,329081,327241,Moyuka Uchijima,Solana Sierra,,,Solana Sierra,Moyuka Uchijima,ARG,JPN,,,327241,329081,,,,,,,,,,,,,,,,,,,,,,,,,,,,,,,,,,,,,,,,,,,,,,,,,,,,,,,,,,,,,,,,,,,,,,,,,,,3-6,1-6,,"3-6,1-6",901,2026,,,,,,2,2026-01-19,,,,,,,,,,,,,,,,,,,,,,,,,,,,,,,,,,,,,,,,,,"3-6,1-6",,,,,,,,,,,
901,2026,AUSTRALIAN OPEN,Grand Slam,2026-01-18,2026-02-01,Hard,MELBOURNE,AUSTRALIA,128.0,,USD,LS67832918,2026-01-19,1,Iga Swiatek,Yue Yuan,POL,CHN,2.0,,7-6(5),6-3,,,326408,324325,AUSTRALIAN OPEN,"Australian Open - Melbourne, AUS",2026.0,,324325,326408,324325,326408,Iga Swiatek,Yue Yuan,,,Yue Yuan,Iga Swiatek,CHN,POL,,2,326408,324325,,,,,,,,,,,,,,,,,,,,,,,,,,,,,,,,,,,,,,,,,,,,,,,,,,,,,,,,,,,,,,,,,,,,,,,,,,,6-7(5),3-6,,"6(7)-7,3-6",901,2026,,,,,,2,2026-01-19,,,,,,,,,,,,,,,,,,,,,,,,,,,,,,,,,,,,7.0,5.0,,,,,"6(7)-7,3-6",,,,,,,,,,,
901,2026,AUSTRALIAN OPEN,Grand Slam,2026-01-18,2026-02-01,Hard,MELBOURNE,AUSTRALIA,128.0,,USD,LS67816708,2026-01-19,1,Mirra Andreeva,Donna Vekic,,HRV,8.0,,4-6,6-3,6-0,,331809,318516,AUSTRALIAN OPEN,"Australian Open - Melbourne, AUS",2026.0,,318516,331809,318516,331809,Mirra Andreeva,Donna Vekic,,,Donna Vekic,Mirra Andreeva,HRV,,,8,331809,318516,,,,,,,,,,,,,,,,,,,,,,,,,,,,,,,,,,,,,,,,,,,,,,,,,,,,,,,,,,,,,,,,,,,,,,,,,,,6-4,3-6,0-6,"6-4,3-6,0-6",901,2026,,,,,,3,2026-01-19,,,,,,,,,,,,,,,,,,,,,,,,,,,,,,,,,,,,,,,,,,"6-4,3-6,0-6",,,,,,,,,,,
901,2026,AUSTRALIAN OPEN,Grand Slam,2026-01-18,2026-02-01,Hard,MELBOURNE,AUSTRALIA,128.0,,USD,LS67816714,2026-01-19,1,Diana Shnaider,Barbora Krejcikova,,CZE,23.0,,2-6,6-3,6-3,,330482,318314,AUSTRALIAN OPEN,"Australian Open - Melbourne, AUS",2026.0,,318314,330482,318314,330482,Diana Shnaider,Barbora Krejcikova,,,Barbora Krejcikova,Diana Shnaider,CZE,,,23,330482,318314,,,,,,,,,,,,,,,,,,,,,,,,,,,,,,,,,,,,,,,,,,,,,,,,,,,,,,,,,,,,,,,,,,,,,,,,,,,6-2,3-6,3-6,"6-2,3-6,3-6",901,2026,,,,,,3,2026-01-19,,,,,,,,,,,,,,,,,,,,,,,,,,,,,,,,,,,,,,,,,,"6-2,3-6,3-6",,,,,,,,,,,
901,2026,AUSTRALIAN OPEN,Grand Slam,2026-01-18,2026-02-01,Hard,MELBOURNE,AUSTRALIA,128.0,,USD,LS67816658,2026-01-19,1,Marie Bouzkova,Renata Zarazua,CZE,MEX,,,6-2,7-5,,,320983,320716,AUSTRALIAN OPEN,"Australian Open - Melbourne, AUS",2026.0,,320716,320983,320716,320983,Marie Bouzkova,Renata Zarazua,,,Renata Zarazua,Marie Bouzkova,MEX,CZE,,,320983,320716,,,,,,,,,,,,,,,,,,,,,,,,,,,,,,,,,,,,,,,,,,,,,,,,,,,,,,,,,,,,,,,,,,,,,,,,,,,2-6,5-7,,"2-6,5-7",901,2026,,,,,,2,2026-01-19,,,,,,,,,,,,,,,,,,,,,,,,,,,,,,,,,,,,,,,,,,"2-6,5-7",,,,,,,,,,,
901,2026,AUSTRALIAN OPEN,Grand Slam,2026-01-18,2026-02-01,Hard,MELBOURNE,AUSTRALIA,128.0,,USD,LS67816700,2026-01-19,1,Paula Badosa,Zarina Diyas,ESP,KAZ,25.0,,6-2,6-4,,,320124,36443,AUSTRALIAN OPEN,"Australian Open - Melbourne, AUS",2026.0,,36443,320124,36443,320124,Paula Badosa,Zarina Diyas,,,Zarina Diyas,Paula Badosa,KAZ,ESP,,25,320124,36443,,,,,,,,,,,,,,,,,,,,,,,,,,,,,,,,,,,,,,,,,,,,,,,,,,,,,,,,,,,,,,,,,,,,,,,,,,,2-6,4-6,,"2-6,4-6",901,2026,,,,,,2,2026-01-19,,,,,,,,,,,,,,,,,,,,,,,,,,,,,,,,,,,,,,,,,,"2-6,4-6",,,,,,,,,,,
901,2026,AUSTRALIAN OPEN,Grand Slam,2026-01-18,2026-02-01,Hard,MELBOURNE,AUSTRALIA,128.0,,USD,LS67832932,2026-01-19,1,Ajla Tomljanovic,Yuliia Starodubtseva,AUS,UKR,,,4-6,7-6(3),6-1,,315232,325338,AUSTRALIAN OPEN,"Australian Open - Melbourne, AUS",2026.0,,325338,315232,325338,315232,Ajla Tomljanovic,Yuliia Starodubtseva,,,Yuliia Starodubtseva,Ajla Tomljanovic,UKR,AUS,,,315232,325338,,,,,,,,,,,,,,,,,,,,,,,,,,,,,,,,,,,,,,,,,,,,,,,,,,,,,,,,,,,,,,,,,,,,,,,,,,,6-4,6-7(3),1-6,"6-4,6(7)-7,1-6",901,2026,,,,,,3,2026-01-19,,,,,,,,,,,,,,,,,,,,,,,,,,,,,,,,,,,,,,7.0,3.0,,,"6-4,6(7)-7,1-6",,,,,,,,,,,
901,2026,AUSTRALIAN OPEN,Grand Slam,2026-01-18,2026-02-01,Hard,MELBOURNE,AUSTRALIA,128.0,,USD,LS67816746,2026-01-19,1,Victoria Mboko,Emerson Jones,CAN,AUS,17.0,,6-4,6-1,,,331006,978117,AUSTRALIAN OPEN,"Australian Open - Melbourne, AUS",2026.0,,331006,978117,331006,978117,Victoria Mboko,Emerson Jones,,,Victoria Mboko,Emerson Jones,CAN,AUS,17,,331006,978117,,,,,,,,,,,,,,,,,,,,,,,,,,,,,,,,,,,,,,,,,,,,,,,,,,,,,,,,,,,,,,,,,,,,,,,,,,,6-4,6-1,,"6-4,6-1",901,2026,,,,,,2,2026-01-19,,,,,,,,,,,,,,,,,,,,,,,,,,,,,,,,,,,,,,,,,,"6-4,6-1",,,,,,,,,,,
901,2026,AUSTRALIAN OPEN,Grand Slam,2026-01-18,2026-02-01,Hard,MELBOURNE,AUSTRALIA,128.0,,USD,LS67816692,2026-01-19,1,Linda Noskova,Darja Semenistaja,CZE,LVA,13.0,,6-3,6-0,,,329668,329457,AUSTRALIAN OPEN,"Australian Open - Melbourne, AUS",2026.0,,329668,329457,329668,329457,Linda Noskova,Darja Semenistaja,,,Linda Noskova,Darja Semenistaja,CZE,LVA,13,,329668,329457,,,,,,,,,,,,,,,,,,,,,,,,,,,,,,,,,,,,,,,,,,,,,,,,,,,,,,,,,,,,,,,,,,,,,,,,,,,6-3,6-0,,"6-3,6-0",901,2026,,,,,,2,2026-01-19,,,,,,,,,,,,,,,,,,,,,,,,,,,,,,,,,,,,,,,,,,"6-3,6-0",,,,,,,,,,,
901,2026,AUSTRALIAN OPEN,Grand Slam,2026-01-18,2026-02-01,Hard,MELBOURNE,AUSTRALIA,128.0,,USD,LS67816736,2026-01-19,1,Iva Jovic,Katie Volynets,USA,USA,29.0,,6-2,6-3,,,332285,327391,AUSTRALIAN OPEN,"Australian Open - Melbourne, AUS",2026.0,,332285,327391,332285,327391,Iva Jovic,Katie Volynets,,,Iva Jovic,Katie Volynets,USA,USA,29,,332285,327391,,,,,,,,,,,,,,,,,,,,,,,,,,,,,,,,,,,,,,,,,,,,,,,,,,,,,,,,,,,,,,,,,,,,,,,,,,,6-2,6-3,,"6-2,6-3",901,2026,,,,,,2,2026-01-19,,,,,,,,,,,,,,,,,,,,,,,,,,,,,,,,,,,,,,,,,,"6-2,6-3",,,,,,,,,,,
901,2026,AUSTRALIAN OPEN,Grand Slam,2026-01-18,2026-02-01,Hard,MELBOURNE,AUSTRALIA,128.0,,USD,LS67816702,2026-01-19,1,Oksana Selekhmeteva,Ella Seidel,,DEU,,,6-3,3-6,6-0,,329199,330548,AUSTRALIAN OPEN,"Australian Open - Melbourne, AUS",2026.0,,329199,330548,329199,330548,Oksana Selekhmeteva,Ella Seidel,,,Oksana Selekhmeteva,Ella Seidel,,DEU,,,329199,330548,,,,,,,,,,,,,,,,,,,,,,,,,,,,,,,,,,,,,,,,,,,,,,,,,,,,,,,,,,,,,,,,,,,,,,,,,,,6-3,3-6,6-0,"6-3,3-6,6-0",901,2026,,,,,,3,2026-01-19,,,,,,,,,,,,,,,,,,,,,,,,,,,,,,,,,,,,,,,,,,"6-3,3-6,6-0",,,,,,,,,,,
901,2026,AUSTRALIAN OPEN,Grand Slam,2026-01-18,2026-02-01,Hard,MELBOURNE,AUSTRALIA,128.0,,USD,LS67816680,2026-01-19,1,Amanda Anisimova,Simona Waltert,USA,CHE,4.0,,6-3,6-2,,,326384,325771,AUSTRALIAN OPEN,"Australian Open - Melbourne, AUS",2026.0,,325771,326384,325771,326384,Amanda Anisimova,Simona Waltert,,,Simona Waltert,Amanda Anisimova,CHE,USA,,4,326384,325771,,,,,,,,,,,,,,,,,,,,,,,,,,,,,,,,,,,,,,,,,,,,,,,,,,,,,,,,,,,,,,,,,,,,,,,,,,,3-6,2-6,,"3-6,2-6",901,2026,,,,,,2,2026-01-19,,,,,,,,,,,,,,,,,,,,,,,,,,,,,,,,,,,,,,,,,,"3-6,2-6",,,,,,,,,,,
901,2026,AUSTRALIAN OPEN,Grand Slam,2026-01-18,2026-02-01,Hard,MELBOURNE,AUSTRALIA,128.0,,USD,LS67816724,2026-01-19,1,Alycia Parks,Alexandra Eala,USA,PHL,,,0-6,6-3,6-2,,326007,330332,AUSTRALIAN OPEN,"Australian Open - Melbourne, AUS",2026.0,,326007,330332,326007,330332,Alycia Parks,Alexandra Eala,,,Alycia Parks,Alexandra Eala,USA,PHL,,,326007,330332,,,,,,,,,,,,,,,,,,,,,,,,,,,,,,,,,,,,,,,,,,,,,,,,,,,,,,,,,,,,,,,,,,,,,,,,,,,0-6,6-3,6-2,"0-6,6-3,6-2",901,2026,,,,,,3,2026-01-19,,,,,,,,,,,,,,,,,,,,,,,,,,,,,,,,,,,,,,,,,,"0-6,6-3,6-2",,,,,,,,,,,
901,2026,AUSTRALIAN OPEN,Grand Slam,2026-01-18,2026-02-01,Hard,MELBOURNE,AUSTRALIA,128.0,,USD,LS67816726,2026-01-19,1,Karolina Muchova,Jaqueline Cristian,CZE,ROU,19.0,,6-3,7-6(6),,,322191,320319,AUSTRALIAN OPEN,"Australian Open - Melbourne, AUS",2026.0,,322191,320319,322191,320319,Karolina Muchova,Jaqueline Cristian,,,Karolina Muchova,Jaqueline Cristian,CZE,ROU,19,,322191,320319,,,,,,,,,,,,,,,,,,,,,,,,,,,,,,,,,,,,,,,,,,,,,,,,,,,,,,,,,,,,,,,,,,,,,,,,,,,6-3,7-6(6),,"6-3,7-6(8)",901,2026,,,,,,2,2026-01-19,,,,,,,,,,,,,,,,,,,,,,,,,,,,,,,,,,,,,,8.0,6.0,,,"6-3,7-6(8)",,,,,,,,,,,
901,2026,AUSTRALIAN OPEN,Grand Slam,2026-01-18,2026-02-01,Hard,MELBOURNE,AUSTRALIA,128.0,,USD,LS67816744,2026-01-19,1,Clara Tauson,Dalma Galfi,DNK,HUN,14.0,,6-3,6-3,,,327793,321106,AUSTRALIAN OPEN,"Australian Open - Melbourne, AUS",2026.0,,321106,327793,321106,327793,Clara Tauson,Dalma Galfi,,,Dalma Galfi,Clara Tauson,HUN,DNK,,14,327793,321106,,,,,,,,,,,,,,,,,,,,,,,,,,,,,,,,,,,,,,,,,,,,,,,,,,,,,,,,,,,,,,,,,,,,,,,,,,,3-6,3-6,,"3-6,3-6",901,2026,,,,,,2,2026-01-19,,,,,,,,,,,,,,,,,,,,,,,,,,,,,,,,,,,,,,,,,,"3-6,3-6",,,,,,,,,,,
901,2026,AUSTRALIAN OPEN,Grand Slam,2026-01-18,2026-02-01,Hard,MELBOURNE,AUSTRALIA,128.0,,USD,LS67816706,2026-01-19,1,Jessica Pegula,Anastasia Zakharova,USA,,6.0,,6-2,6-1,,,316956,327367,AUSTRALIAN OPEN,"Australian Open - Melbourne, AUS",2026.0,,316956,327367,316956,327367,Jessica Pegula,Anastasia Zakharova,,,Jessica Pegula,Anastasia Zakharova,USA,,6,,316956,327367,,,,,,,,,,,,,,,,,,,,,,,,,,,,,,,,,,,,,,,,,,,,,,,,,,,,,,,,,,,,,,,,,,,,,,,,,,,6-2,6-1,,"6-2,6-1",901,2026,,,,,,2,2026-01-19,,,,,,,,,,,,,,,,,,,,,,,,,,,,,,,,,,,,,,,,,,"6-2,6-1",,,,,,,,,,,
901,2026,AUSTRALIAN OPEN,Grand Slam,2026-01-18,2026-02-01,Hard,MELBOURNE,AUSTRALIA,128.0,,USD,LS67832934,2026-01-19,1,Linda Klimovicova,Francesca Jones,POL,GBR,,,6-2,3-2,,,329061,324479,AUSTRALIAN OPEN,"Australian Open - Melbourne, AUS",2026.0,,329061,324479,329061,324479,Linda Klimovicova,Francesca Jones,,,Linda Klimovicova,Francesca Jones,POL,GBR,,,329061,324479,,,,,,,,,,,,,,,,,,,,,,,,,,,,,,,,,,,,,,,,,,,,,,,,,,,,,,,,,,,,,,,,,,,,,,,,,,,6-2,3-2,,"6-2,3-2",901,2026,,,,,,2,2026-01-19,,,,,,,,,,,,,,,,,,,,,,,,,,,,,,,,,,,,,,,,,,"6-2,3-2",,,,,,,,,,,
901,2026,AUSTRALIAN OPEN,Grand Slam,2026-01-18,2026-02-01,Hard,MELBOURNE,AUSTRALIA,128.0,,USD,LS67832940,2026-01-19,1,Priscilla Hon,Marina Stakusic,AUS,CAN,,,1-6,6-4,5-3,,320543,329614,AUSTRALIAN OPEN,"Australian Open - Melbourne, AUS",2026.0,,320543,329614,320543,329614,Priscilla Hon,Marina Stakusic,,,Priscilla Hon,Marina Stakusic,AUS,CAN,,,320543,329614,,,,,,,,,,,,,,,,,,,,,,,,,,,,,,,,,,,,,,,,,,,,,,,,,,,,,,,,,,,,,,,,,,,,,,,,,,,1-6,6-4,5-3,"1-6,6-4,5-3",901,2026,,,,,,3,2026-01-19,,,,,,,,,,,,,,,,,,,,,,,,,,,,,,,,,,,,,,,,,,"1-6,6-4,5-3",,,,,,,,,,,
901,2026,AUSTRALIAN OPEN,Grand Slam,2026-01-18,2026-02-01,Hard,MELBOURNE,AUSTRALIA,128.0,,USD,LS67816732,2026-01-19,1,Coco Gauff,Kamilla Rakhimova,USA,UZB,3.0,,6-2,6-3,,,328560,325936,AUSTRALIAN OPEN,"Australian Open - Melbourne, AUS",2026.0,,328560,325936,328560,325936,Coco Gauff,Kamilla Rakhimova,,,Coco Gauff,Kamilla Rakhimova,USA,UZB,3,,328560,325936,,,,,,,,,,,,,,,,,,,,,,,,,,,,,,,,,,,,,,,,,,,,,,,,,,,,,,,,,,,,,,,,,,,,,,,,,,,6-2,6-3,,"6-2,6-3",901,2026,,,,,,2,2026-01-19,,,,,,,,,,,,,,,,,,,,,,,,,,,,,,,,,,,,,,,,,,"6-2,6-3",,,,,,,,,,,
901,2026,AUSTRALIAN OPEN,Grand Slam,2026-01-18,2026-02-01,Hard,MELBOURNE,AUSTRALIA,128.0,,USD,LS67816722,2026-01-19,1,Ann Li,Camila Osorio,USA,COL,,,6-4,6-7(5),7-5,,326096,325898,AUSTRALIAN OPEN,"Australian Open - Melbourne, AUS",2026.0,,326096,325898,326096,325898,Ann Li,Camila Osorio,,,Ann Li,Camila Osorio,USA,COL,,,326096,325898,,,,,,,,,,,,,,,,,,,,,,,,,,,,,,,,,,,,,,,,,,,,,,,,,,,,,,,,,,,,,,,,,,,,,,,,,,,6-4,6-7(5),7-5,"6-4,6(7)-7,7-5",901,2026,,,,,,3,2026-01-19,,,,,,,,,,,,,,,,,,,,,,,,,,,,,,,,,,,,,,7.0,5.0,,,"6-4,6(7)-7,7-5",,,,,,,,,,,
901,2026,AUSTRALIAN OPEN,Grand Slam,2026-01-18,2026-02-01,Hard,MELBOURNE,AUSTRALIA,128.0,,USD,LS67816686,2026-01-19,1,Peyton Stearns,Sofia Kenin,USA,USA,,27.0,6-3,6-2,,,327573,320942,AUSTRALIAN OPEN,"Australian Open - Melbourne, AUS",2026.0,,320942,327573,320942,327573,Peyton Stearns,Sofia Kenin,,,Sofia Kenin,Peyton Stearns,USA,USA,27,,327573,320942,,,,,,,,,,,,,,,,,,,,,,,,,,,,,,,,,,,,,,,,,,,,,,,,,,,,,,,,,,,,,,,,,,,,,,,,,,,3-6,2-6,,"3-6,2-6",901,2026,,,,,,2,2026-01-19,,,,,,,,,,,,,,,,,,,,,,,,,,,,,,,,,,,,,,,,,,"3-6,2-6",,,,,,,,,,,
901,2026,AUSTRALIAN OPEN,Grand Slam,2026-01-18,2026-02-01,Hard,MELBOURNE,AUSTRALIA,128.0,,USD,LS67816684,2026-01-19,1,Petra Marcinko,Tatjana Maria,HRV,DEU,,,6-3,7-5,,,330799,310440,AUSTRALIAN OPEN,"Australian Open - Melbourne, AUS",2026.0,,330799,310440,330799,310440,Petra Marcinko,Tatjana Maria,,,Petra Marcinko,Tatjana Maria,HRV,DEU,,,330799,310440,,,,,,,,,,,,,,,,,,,,,,,,,,,,,,,,,,,,,,,,,,,,,,,,,,,,,,,,,,,,,,,,,,,,,,,,,,,6-3,7-5,,"6-3,7-5",901,2026,,,,,,2,2026-01-19,,,,,,,,,,,,,,,,,,,,,,,,,,,,,,,,,,,,,,,,,,"6-3,7-5",,,,,,,,,,,
901,2026,AUSTRALIAN OPEN,Grand Slam,2026-01-18,2026-02-01,Hard,MELBOURNE,AUSTRALIA,128.0,,USD,LS67816704,2026-01-19,1,McCartney Kessler,Emiliana Arango,USA,COL,,,6-3,6-2,,,326678,324789,AUSTRALIAN OPEN,"Australian Open - Melbourne, AUS",2026.0,,324789,326678,324789,326678,McCartney Kessler,Emiliana Arango,,,Emiliana Arango,McCartney Kessler,COL,USA,,,326678,324789,,,,,,,,,,,,,,,,,,,,,,,,,,,,,,,,,,,,,,,,,,,,,,,,,,,,,,,,,,,,,,,,,,,,,,,,,,,3-6,2-6,,"3-6,2-6",901,2026,,,,,,2,2026-01-19,,,,,,,,,,,,,,,,,,,,,,,,,,,,,,,,,,,,,,,,,,"3-6,2-6",,,,,,,,,,,
901,2026,AUSTRALIAN OPEN,Grand Slam,2026-01-18,2026-02-01,Hard,MELBOURNE,AUSTRALIA,128.0,,USD,LS67816720,2026-01-19,1,Magda Linette,Emma Navarro,POL,USA,,15.0,3-6,6-3,6-3,,315130,325410,AUSTRALIAN OPEN,"Australian Open - Melbourne, AUS",2026.0,,315130,325410,315130,325410,Magda Linette,Emma Navarro,,,Magda Linette,Emma Navarro,POL,USA,,15,315130,325410,,,,,,,,,,,,,,,,,,,,,,,,,,,,,,,,,,,,,,,,,,,,,,,,,,,,,,,,,,,,,,,,,,,,,,,,,,,3-6,6-3,6-3,"3-6,6-3,6-3",901,2026,,,,,,3,2026-01-19,,,,,,,,,,,,,,,,,,,,,,,,,,,,,,,,,,,,,,,,,,"3-6,6-3,6-3",,,,,,,,,,,
901,2026,AUSTRALIAN OPEN,Grand Slam,2026-01-18,2026-02-01,Hard,MELBOURNE,AUSTRALIA,128.0,,USD,LS67816734,2026-01-19,1,Magdalena Frech,Veronika Erjavec,POL,SVN,,,6-1,6-1,,,320277,327655,AUSTRALIAN OPEN,"Australian Open - Melbourne, AUS",2026.0,,327655,320277,327655,320277,Magdalena Frech,Veronika Erjavec,,,Veronika Erjavec,Magdalena Frech,SVN,POL,,,320277,327655,,,,,,,,,,,,,,,,,,,,,,,,,,,,,,,,,,,,,,,,,,,,,,,,,,,,,,,,,,,,,,,,,,,,,,,,,,,1-6,1-6,,"1-6,1-6",901,2026,,,,,,2,2026-01-19,,,,,,,,,,,,,,,,,,,,,,,,,,,,,,,,,,,,,,,,,,"1-6,1-6",,,,,,,,,,,
901,2026,AUSTRALIAN OPEN,Grand Slam,2026-01-18,2026-02-01,Hard,MELBOURNE,AUSTRALIA,128.0,,USD,LS67816742,2026-01-19,1,Anna Bondar,Elizabeth Mandlik,HUN,USA,,,6-0,6-4,,,322942,273017,AUSTRALIAN OPEN,"Australian Open - Melbourne, AUS",2026.0,,322942,273017,322942,273017,Anna Bondar,Elizabeth Mandlik,,,Anna Bondar,Elizabeth Mandlik,HUN,USA,,,322942,273017,,,,,,,,,,,,,,,,,,,,,,,,,,,,,,,,,,,,,,,,,,,,,,,,,,,,,,,,,,,,,,,,,,,,,,,,,,,6-0,6-4,,"6-0,6-4",901,2026,,,,,,2,2026-01-19,,,,,,,,,,,,,,,,,,,,,,,,,,,,,,,,,,,,,,,,,,"6-0,6-4",,,,,,,,,,,
901,2026,AUSTRALIAN OPEN,Grand Slam,2026-01-18,2026-02-01,Hard,MELBOURNE,AUSTRALIA,128.0,,USD,LS67832936,2026-01-19,1,Storm Hunter,Jessica Bouzas Maneiro,AUS,ESP,,,6-4,6-4,,,317810,328139,AUSTRALIAN OPEN,"Australian Open - Melbourne, AUS",2026.0,,317810,328139,317810,328139,Storm Hunter,Jessica Bouzas Maneiro,,,Storm Hunter,Jessica Bouzas Maneiro,AUS,ESP,,,317810,328139,,,,,,,,,,,,,,,,,,,,,,,,,,,,,,,,,,,,,,,,,,,,,,,,,,,,,,,,,,,,,,,,,,,,,,,,,,,6-4,6-4,,"6-4,6-4",901,2026,,,,,,2,2026-01-19,,,,,,,,,,,,,,,,,,,,,,,,,,,,,,,,,,,,,,,,,,"6-4,6-4",,,,,,,,,,,
901,2026,AUSTRALIAN OPEN,Grand Slam,2026-01-18,2026-02-01,Hard,MELBOURNE,AUSTRALIA,128.0,,USD,LS67816748,2026-01-18,1,Emma Raducanu,Mananchaya Sawangkaew,GBR,THA,28.0,,6-4,6-1,,,328366,326929,AUSTRALIAN OPEN,"Australian Open - Melbourne, AUS",2026.0,,326929,328366,326929,328366,Emma Raducanu,Mananchaya Sawangkaew,,,Mananchaya Sawangkaew,Emma Raducanu,THA,GBR,,28,328366,326929,,,,,,,,,,,,,,,,,,,,,,,,,,,,,,,,,,,,,,,,,,,,,,,,,,,,,,,,,,,,,,,,,,,,,,,,,,,4-6,1-6,,"4-6,1-6",901,2026,,,,,,2,2026-01-18,,,,,,,,,,,,,,,,,,,,,,,,,,,,,,,,,,,,,,,,,,"4-6,1-6",,,,,,,,,,,
901,2026,AUSTRALIAN OPEN,Grand Slam,2026-01-18,2026-02-01,Hard,MELBOURNE,AUSTRALIA,128.0,,USD,LS67816730,2026-01-18,1,Olga Danilovic,Venus Williams,SRB,USA,,,6-7(5),6-3,6-4,,324934,18251,AUSTRALIAN OPEN,"Australian Open - Melbourne, AUS",2026.0,,324934,18251,324934,18251,Olga Danilovic,Venus Williams,,,Olga Danilovic,Venus Williams,SRB,USA,,,324934,18251,,,,,,,,,,,,,,,,,,,,,,,,,,,,,,,,,,,,,,,,,,,,,,,,,,,,,,,,,,,,,,,,,,,,,,,,,,,6-7(5),6-3,6-4,"6(7)-7,6-3,6-4",901,2026,,,,,,3,2026-01-18,,,,,,,,,,,,,,,,,,,,,,,,,,,,,,,,,,,,7.0,5.0,,,,,"6(7)-7,6-3,6-4",,,,,,,,,,,
901,2026,AUSTRALIAN OPEN,Grand Slam,2026-01-18,2026-02-01,Hard,MELBOURNE,AUSTRALIA,128.0,,USD,LS67832948,2026-01-18,1,Zhuoxuan Bai,Anastasia Pavlyuchenkova,CHN,,,,6-4,2-6,7-6(10),,327196,313796,AUSTRALIAN OPEN,"Australian Open - Melbourne, AUS",2026.0,,313796,327196,313796,327196,Zhuoxuan Bai,Anastasia Pavlyuchenkova,,,Anastasia Pavlyuchenkova,Zhuoxuan Bai,,CHN,,,327196,313796,,,,,,,,,,,,,,,,,,,,,,,,,,,,,,,,,,,,,,,,,,,,,,,,,,,,,,,,,,,,,,,,,,,,,,,,,,,4-6,6-2,6-7(10),"4-6,6-2,6(12)-7",901,2026,,,,,,3,2026-01-18,,,,,,,,,,,,,,,,,,,,,,,,,,,,,,,,,,,,,,,,12.0,10.0,"4-6,6-2,6(12)-7",,,,,,,,,,,
901,2026,AUSTRALIAN OPEN,Grand Slam,2026-01-18,2026-02-01,Hard,MELBOURNE,AUSTRALIA,128.0,,USD,LS67816750,2026-01-18,1,Anastasia Potapova,Suzan Lamens,AUT,NLD,,,3-6,7-5,6-2,,325601,324898,AUSTRALIAN OPEN,"Australian Open - Melbourne, AUS",2026.0,,324898,325601,324898,325601,Anastasia Potapova,Suzan Lamens,,,Suzan Lamens,Anastasia Potapova,NLD,AUT,,,325601,324898,,,,,,,,,,,,,,,,,,,,,,,,,,,,,,,,,,,,,,,,,,,,,,,,,,,,,,,,,,,,,,,,,,,,,,,,,,,6-3,5-7,2-6,"6-3,5-7,2-6",901,2026,,,,,,3,2026-01-18,,,,,,,,,,,,,,,,,,,,,,,,,,,,,,,,,,,,,,,,,,"6-3,5-7,2-6",,,,,,,,,,,
901,2026,AUSTRALIAN OPEN,Grand Slam,2026-01-18,2026-02-01,Hard,MELBOURNE,AUSTRALIA,128.0,,USD,LS67816752,2026-01-18,1,Aryna Sabalenka,Tiantsoa Sarah Rakotomanga Rajaonah,,FRA,1.0,,6-4,6-1,,,320760,330970,AUSTRALIAN OPEN,"Australian Open - Melbourne, AUS",2026.0,,320760,330970,320760,330970,Aryna Sabalenka,Tiantsoa Sarah Rakotomanga Rajaonah,,,Aryna Sabalenka,Tiantsoa Sarah Rakotomanga Rajaonah,,FRA,1,,320760,330970,,,,,,,,,,,,,,,,,,,,,,,,,,,,,,,,,,,,,,,,,,,,,,,,,,,,,,,,,,,,,,,,,,,,,,,,,,,6-4,6-1,,"6-4,6-1",901,2026,,,,,,2,2026-01-18,,,,,,,,,,,,,,,,,,,,,,,,,,,,,,,,,,,,,,,,,,"6-4,6-1",,,,,,,,,,,
901,2026,AUSTRALIAN OPEN,Grand Slam,2026-01-18,2026-02-01,Hard,MELBOURNE,AUSTRALIA,128.0,,USD,LS67832944,2026-01-18,1,Polina Kudermetova,Guiomar Maristany Zuleta de Reales,UZB,ESP,,,6-2,6-3,,,328897,324786,AUSTRALIAN OPEN,"Australian Open - Melbourne, AUS",2026.0,,328897,324786,328897,324786,Polina Kudermetova,Guiomar Maristany Zuleta de Reales,,,Polina Kudermetova,Guiomar Maristany Zuleta de Reales,UZB,ESP,,,328897,324786,,,,,,,,,,,,,,,,,,,,,,,,,,,,,,,,,,,,,,,,,,,,,,,,,,,,,,,,,,,,,,,,,,,,,,,,,,,6-2,6-3,,"6-2,6-3",901,2026,,,,,,2,2026-01-18,,,,,,,,,,,,,,,,,,,,,,,,,,,,,,,,,,,,,,,,,,"6-2,6-3",,,,,,,,,,,
901,2026,AUSTRALIAN OPEN,Grand Slam,2026-01-18,2026-02-01,Hard,MELBOURNE,AUSTRALIA,128.0,,USD,LS67832942,2026-01-18,1,Zeynep Sonmez,Ekaterina Alexandrova,TUR,,,11.0,7-5,4-6,6-4,,326907,319007,AUSTRALIAN OPEN,"Australian Open - Melbourne, AUS",2026.0,,319007,326907,319007,326907,Zeynep Sonmez,Ekaterina Alexandrova,,,Ekaterina Alexandrova,Zeynep Sonmez,,TUR,11,,326907,319007,,,,,,,,,,,,,,,,,,,,,,,,,,,,,,,,,,,,,,,,,,,,,,,,,,,,,,,,,,,,,,,,,,,,,,,,,,,5-7,6-4,4-6,"5-7,6-4,4-6",901,2026,,,,,,3,2026-01-18,,,,,,,,,,,,,,,,,,,,,,,,,,,,,,,,,,,,,,,,,,"5-7,6-4,4-6",,,,,,,,,,,
901,2026,AUSTRALIAN OPEN,Grand Slam,2026-01-18,2026-02-01,Hard,MELBOURNE,AUSTRALIA,128.0,,USD,LS67927546,2026-01-18,1,Hailey Baptiste,Taylor Townsend,USA,USA,,,6-3,6-7(3),6-3,,327101,318609,AUSTRALIAN OPEN,"Australian Open - Melbourne, AUS",2026.0,,327101,318609,327101,318609,Hailey Baptiste,Taylor Townsend,,,Hailey Baptiste,Taylor Townsend,USA,USA,,,327101,318609,,,,,,,,,,,,,,,,,,,,,,,,,,,,,,,,,,,,,,,,,,,,,,,,,,,,,,,,,,,,,,,,,,,,,,,,,,,6-3,6-7(3),6-3,"6-3,6(7)-7,6-3",901,2026,,,,,,3,2026-01-18,,,,,,,,,,,,,,,,,,,,,,,,,,,,,,,,,,,,,,7.0,3.0,,,"6-3,6(7)-7,6-3",,,,,,,,,,,
901,2026,AUSTRALIAN OPEN,Grand Slam,2026-01-18,2026-02-01,Hard,MELBOURNE,AUSTRALIA,128.0,,USD,LS67816718,2026-01-18,1,Elina Svitolina,Cristina Bucsa,UKR,ESP,12.0,,6-4,6-1,,,316738,321158,AUSTRALIAN OPEN,"Australian Open - Melbourne, AUS",2026.0,,316738,321158,316738,321158,Elina Svitolina,Cristina Bucsa,,,Elina Svitolina,Cristina Bucsa,UKR,ESP,12,,316738,321158,,,,,,,,,,,,,,,,,,,,,,,,,,,,,,,,,,,,,,,,,,,,,,,,,,,,,,,,,,,,,,,,,,,,,,,,,,,6-4,6-1,,"6-4,6-1",901,2026,,,,,,2,2026-01-18,,,,,,,,,,,,,,,,,,,,,,,,,,,,,,,,,,,,,,,,,,"6-4,6-1",,,,,,,,,,,
901,2026,AUSTRALIAN OPEN,Grand Slam,2026-01-18,2026-02-01,Hard,MELBOURNE,AUSTRALIA,128.0,,USD,LS67816738,2026-01-18,1,Elsa Jacquemot,Marta Kostyuk,FRA,UKR,,20.0,6-7(4),7-6(4),7-6(7),,328142,326482,AUSTRALIAN OPEN,"Australian Open - Melbourne, AUS",2026.0,,328142,326482,328142,326482,Elsa Jacquemot,Marta Kostyuk,,,Elsa Jacquemot,Marta Kostyuk,FRA,UKR,,20,328142,326482,,,,,,,,,,,,,,,,,,,,,,,,,,,,,,,,,,,,,,,,,,,,,,,,,,,,,,,,,,,,,,,,,,,,,,,,,,,6-7(4),7-6(4),7-6(7),"6(7)-7,7-6(7),7-6(10)",901,2026,,,,,,3,2026-01-18,,,,,,,,,,,,,,,,,,,,,,,,,,,,,,,,,,,,7.0,4.0,7.0,4.0,9.0,7.0,"6(7)-7,7-6(7),7-6(10)",,,,,,,,,,,
901,2026,AUSTRALIAN OPEN,Grand Slam,2026-01-18,2026-02-01,Hard,MELBOURNE,AUSTRALIA,128.0,,USD,LS67832946,2026-01-18,1,Caty McNally,Himeno Sakatsume,USA,JPN,,,6-3,6-1,,,325725,282219,AUSTRALIAN OPEN,"Australian Open - Melbourne, AUS",2026.0,,325725,282219,325725,282219,Caty McNally,Himeno Sakatsume,,,Caty McNally,Himeno Sakatsume,USA,JPN,,,325725,282219,,,,,,,,,,,,,,,,,,,,,,,,,,,,,,,,,,,,,,,,,,,,,,,,,,,,,,,,,,,,,,,,,,,,,,,,,,,6-3,6-1,,"6-3,6-1",901,2026,,,,,,2,2026-01-18,,,,,,,,,,,,,,,,,,,,,,,,,,,,,,,,,,,,,,,,,,"6-3,6-1",,,,,,,,,,,
901,2026,AUSTRALIAN OPEN,Grand Slam,2026-01-18,2026-02-01,Hard,MELBOURNE,AUSTRALIA,128.0,,USD,LS67816710,2026-01-18,1,Maria Sakkari,Leolia Jeanjean,GRC,FRA,,,6-4,6-2,,,318312,320313,AUSTRALIAN OPEN,"Australian Open - Melbourne, AUS",2026.0,,318312,320313,318312,320313,Maria Sakkari,Leolia Jeanjean,,,Maria Sakkari,Leolia Jeanjean,GRC,FRA,,,318312,320313,,,,,,,,,,,,,,,,,,,,,,,,,,,,,,,,,,,,,,,,,,,,,,,,,,,,,,,,,,,,,,,,,,,,,,,,,,,6-4,6-2,,"6-4,6-2",901,2026,,,,,,2,2026-01-18,,,,,,,,,,,,,,,,,,,,,,,,,,,,,,,,,,,,,,,,,,"6-4,6-2",,,,,,,,,,,
901,2026,AUSTRALIAN OPEN,Grand Slam,2026-01-18,2026-02-01,Hard,MELBOURNE,AUSTRALIA,128.0,,USD,LS67832938,2026-01-18,1,Jasmine Paolini,Aliaksandra Sasnovich,ITA,,7.0,,6-1,6-2,,,319280,317790,AUSTRALIAN OPEN,"Australian Open - Melbourne, AUS",2026.0,,317790,319280,317790,319280,Jasmine Paolini,Aliaksandra Sasnovich,,,Aliaksandra Sasnovich,Jasmine Paolini,,ITA,,7,319280,317790,,,,,,,,,,,,,,,,,,,,,,,,,,,,,,,,,,,,,,,,,,,,,,,,,,,,,,,,,,,,,,,,,,,,,,,,,,,1-6,2-6,,"1-6,2-6",901,2026,,,,,,2,2026-01-18,,,,,,,,,,,,,,,,,,,,,,,,,,,,,,,,,,,,,,,,,,"1-6,2-6",,,,,,,,,,,
901,2026,AUSTRALIAN OPEN,Grand Slam,2026-01-18,2026-02-01,Hard,MELBOURNE,AUSTRALIA,128.0,,USD,LS67816712,2026-01-18,1,Elena-Gabriela Ruse,Dayana Yastremska,ROU,UKR,,26.0,6-4,7-5,,,320408,324261,AUSTRALIAN OPEN,"Australian Open - Melbourne, AUS",2026.0,,324261,320408,324261,320408,Elena-Gabriela Ruse,Dayana Yastremska,,,Dayana Yastremska,Elena-Gabriela Ruse,UKR,ROU,26,,320408,324261,,,,,,,,,,,,,,,,,,,,,,,,,,,,,,,,,,,,,,,,,,,,,,,,,,,,,,,,,,,,,,,,,,,,,,,,,,,4-6,5-7,,"4-6,5-7",901,2026,,,,,,2,2026-01-18,,,,,,,,,,,,,,,,,,,,,,,,,,,,,,,,,,,,,,,,,,"4-6,5-7",,,,,,,,,,,
901,2026,AUSTRALIAN OPEN,Grand Slam,2026-01-18,2026-02-01,Hard,MELBOURNE,AUSTRALIA,128.0,,USD,LS67816716,2026-01-18,1,Talia Gibson,Anna Blinkova,AUS,,,,6-1,6-3,,,329393,324267,AUSTRALIAN OPEN,"Australian Open - Melbourne, AUS",2026.0,,329393,324267,329393,324267,Talia Gibson,Anna Blinkova,,,Talia Gibson,Anna Blinkova,AUS,,,,329393,324267,,,,,,,,,,,,,,,,,,,,,,,,,,,,,,,,,,,,,,,,,,,,,,,,,,,,,,,,,,,,,,,,,,,,,,,,,,,6-1,6-3,,"6-1,6-3",901,2026,,,,,,2,2026-01-18,,,,,,,,,,,,,,,,,,,,,,,,,,,,,,,,,,,,,,,,,,"6-1,6-3",,,,,,,,,,,
901,2026,AUSTRALIAN OPEN,Grand Slam,2026-01-18,2026-02-01,Hard,MELBOURNE,AUSTRALIA,128.0,,USD,LS67816740,2026-01-18,1,Yulia Putintseva,Beatriz Haddad Maia,KAZ,BRA,,,3-6,7-5,6-3,,317683,318176,AUSTRALIAN OPEN,"Australian Open - Melbourne, AUS",2026.0,,317683,318176,317683,318176,Yulia Putintseva,Beatriz Haddad Maia,,,Yulia Putintseva,Beatriz Haddad Maia,KAZ,BRA,,,317683,318176,,,,,,,,,,,,,,,,,,,,,,,,,,,,,,,,,,,,,,,,,,,,,,,,,,,,,,,,,,,,,,,,,,,,,,,,,,,3-6,7-5,6-3,"3-6,7-5,6-3",901,2026,,,,,,3,2026-01-18,,,,,,,,,,,,,,,,,,,,,,,,,,,,,,,,,,,,,,,,,,"3-6,7-5,6-3",,,,,,,,,,,
901,2026,AUSTRALIAN OPEN,Grand Slam,2026-01-18,2026-02-01,Hard,MELBOURNE,AUSTRALIA,128.0,,USD,RS67799736,2026-01-15,,Lanlana Tararudee,Lilli Tagger,THA,AUT,21.0,,6-3,6-0,,,329651,906723,AUSTRALIAN OPEN,"Australian Open - Melbourne, AUS",2026.0,,906723,329651,906723,329651,Lanlana Tararudee,Lilli Tagger,,,Lilli Tagger,Lanlana Tararudee,AUT,THA,,21,329651,906723,,,,,,,,,,,,,,,,,,,,,,,,,,,,,,,,,,,,,,,,,,,,,,,,,,,,,,,,,,,,,,,,,,,,,,,,,,,3-6,0-6,,"3-6,0-6",901,2026,,,,,,2,2026-01-15,,,,,,,,,,,,,,,,,,,,,,,,,,,,,,,,,,,,,,,,,,"3-6,0-6",,,,,,,,,,,
901,2026,AUSTRALIAN OPEN,Grand Slam,2026-01-18,2026-02-01,Hard,MELBOURNE,AUSTRALIA,128.0,,USD,RS67798008,2026-01-15,,Maddison Inglis,Tamara Korpatsch,AUS,DEU,,14.0,6-4,6-4,,,321179,319571,AUSTRALIAN OPEN,"Australian Open - Melbourne, AUS",2026.0,,319571,321179,319571,321179,Maddison Inglis,Tamara Korpatsch,,,Tamara Korpatsch,Maddison Inglis,DEU,AUS,14,,321179,319571,,,,,,,,,,,,,,,,,,,,,,,,,,,,,,,,,,,,,,,,,,,,,,,,,,,,,,,,,,,,,,,,,,,,,,,,,,,4-6,4-6,,"4-6,4-6",901,2026,,,,,,2,2026-01-15,,,,,,,,,,,,,,,,,,,,,,,,,,,,,,,,,,,,,,,,,,"4-6,4-6",,,,,,,,,,,
901,2026,AUSTRALIAN OPEN,Grand Slam,2026-01-18,2026-02-01,Hard,MELBOURNE,AUSTRALIA,128.0,,USD,RS67798518,2026-01-15,,Himeno Sakatsume,Marina Bassols Ribera,JPN,ESP,,,4-6,7-6(3),6-4,,282219,183861,AUSTRALIAN OPEN,"Australian Open - Melbourne, AUS",2026.0,,183861,282219,183861,282219,Himeno Sakatsume,Marina Bassols Ribera,,,Marina Bassols Ribera,Himeno Sakatsume,ESP,JPN,,,282219,183861,,,,,,,,,,,,,,,,,,,,,,,,,,,,,,,,,,,,,,,,,,,,,,,,,,,,,,,,,,,,,,,,,,,,,,,,,,,6-4,6-7(3),4-6,"6-4,6(7)-7,4-6",901,2026,,,,,,3,2026-01-15,,,,,,,,,,,,,,,,,,,,,,,,,,,,,,,,,,,,,,7.0,3.0,,,"6-4,6(7)-7,4-6",,,,,,,,,,,
901,2026,AUSTRALIAN OPEN,Grand Slam,2026-01-18,2026-02-01,Hard,MELBOURNE,AUSTRALIA,128.0,,USD,RS67787386,2026-01-15,,Yue Yuan,Tamara Zidansek,CHN,SVN,25.0,,6-3,6-1,,,324325,323079,AUSTRALIAN OPEN,"Australian Open - Melbourne, AUS",2026.0,,323079,324325,323079,324325,Yue Yuan,Tamara Zidansek,,,Tamara Zidansek,Yue Yuan,SVN,CHN,,25,324325,323079,,,,,,,,,,,,,,,,,,,,,,,,,,,,,,,,,,,,,,,,,,,,,,,,,,,,,,,,,,,,,,,,,,,,,,,,,,,3-6,1-6,,"3-6,1-6",901,2026,,,,,,2,2026-01-15,,,,,,,,,,,,,,,,,,,,,,,,,,,,,,,,,,,,,,,,,,"3-6,1-6",,,,,,,,,,,
901,2026,AUSTRALIAN OPEN,Grand Slam,2026-01-18,2026-02-01,Hard,MELBOURNE,AUSTRALIA,128.0,,USD,RS67788808,2026-01-15,,Storm Hunter,Taylor Townsend,AUS,USA,,11.0,7-6(6),6-2,,,317810,318609,AUSTRALIAN OPEN,"Australian Open - Melbourne, AUS",2026.0,,318609,317810,318609,317810,Storm Hunter,Taylor Townsend,,,Taylor Townsend,Storm Hunter,USA,AUS,11,,317810,318609,,,,,,,,,,,,,,,,,,,,,,,,,,,,,,,,,,,,,,,,,,,,,,,,,,,,,,,,,,,,,,,,,,,,,,,,,,,6-7(6),2-6,,"6(8)-7,2-6",901,2026,,,,,,2,2026-01-15,,,,,,,,,,,,,,,,,,,,,,,,,,,,,,,,,,,,8.0,6.0,,,,,"6(8)-7,2-6",,,,,,,,,,,
901,2026,AUSTRALIAN OPEN,Grand Slam,2026-01-18,2026-02-01,Hard,MELBOURNE,AUSTRALIA,128.0,,USD,RS67795330,2026-01-15,,Aliaksandra Sasnovich,Daria Snigur,,UKR,8.0,,6-2,0-6,6-2,,317790,327845,AUSTRALIAN OPEN,"Australian Open - Melbourne, AUS",2026.0,,317790,327845,317790,327845,Aliaksandra Sasnovich,Daria Snigur,,,Aliaksandra Sasnovich,Daria Snigur,,UKR,8,,317790,327845,,,,,,,,,,,,,,,,,,,,,,,,,,,,,,,,,,,,,,,,,,,,,,,,,,,,,,,,,,,,,,,,,,,,,,,,,,,6-2,0-6,6-2,"6-2,0-6,6-2",901,2026,,,,,,3,2026-01-15,,,,,,,,,,,,,,,,,,,,,,,,,,,,,,,,,,,,,,,,,,"6-2,0-6,6-2",,,,,,,,,,,
901,2026,AUSTRALIAN OPEN,Grand Slam,2026-01-18,2026-02-01,Hard,MELBOURNE,AUSTRALIA,128.0,,USD,RS67776888,2026-01-15,,Linda Fruhvirtova,Carol Young Suh Lee,CZE,USA,20.0,,5-7,6-2,6-4,,329627,356694,AUSTRALIAN OPEN,"Australian Open - Melbourne, AUS",2026.0,,356694,329627,356694,329627,Linda Fruhvirtova,Carol Young Suh Lee,,,Carol Young Suh Lee,Linda Fruhvirtova,USA,CZE,,20,329627,356694,,,,,,,,,,,,,,,,,,,,,,,,,,,,,,,,,,,,,,,,,,,,,,,,,,,,,,,,,,,,,,,,,,,,,,,,,,,7-5,2-6,4-6,"7-5,2-6,4-6",901,2026,,,,,,3,2026-01-15,,,,,,,,,,,,,,,,,,,,,,,,,,,,,,,,,,,,,,,,,,"7-5,2-6,4-6",,,,,,,,,,,
901,2026,AUSTRALIAN OPEN,Grand Slam,2026-01-18,2026-02-01,Hard,MELBOURNE,AUSTRALIA,128.0,,USD,RS67781880,2026-01-15,,Nikola Bartunkova,Whitney Osuigwe,CZE,USA,16.0,,6-1,6-0,,,721779,326101,AUSTRALIAN OPEN,"Australian Open - Melbourne, AUS",2026.0,,721779,326101,721779,326101,Nikola Bartunkova,Whitney Osuigwe,,,Nikola Bartunkova,Whitney Osuigwe,CZE,USA,16,,721779,326101,,,,,,,,,,,,,,,,,,,,,,,,,,,,,,,,,,,,,,,,,,,,,,,,,,,,,,,,,,,,,,,,,,,,,,,,,,,6-1,6-0,,"6-1,6-0",901,2026,,,,,,2,2026-01-15,,,,,,,,,,,,,,,,,,,,,,,,,,,,,,,,,,,,,,,,,,"6-1,6-0",,,,,,,,,,,
901,2026,AUSTRALIAN OPEN,Grand Slam,2026-01-18,2026-02-01,Hard,MELBOURNE,AUSTRALIA,128.0,,USD,RS67779654,2026-01-15,,Marina Stakusic,Lin Zhu,CAN,CHN,17.0,,7-5,6-4,,,329614,317306,AUSTRALIAN OPEN,"Australian Open - Melbourne, AUS",2026.0,,317306,329614,317306,329614,Marina Stakusic,Lin Zhu,,,Lin Zhu,Marina Stakusic,CHN,CAN,,17,329614,317306,,,,,,,,,,,,,,,,,,,,,,,,,,,,,,,,,,,,,,,,,,,,,,,,,,,,,,,,,,,,,,,,,,,,,,,,,,,5-7,4-6,,"5-7,4-6",901,2026,,,,,,2,2026-01-15,,,,,,,,,,,,,,,,,,,,,,,,,,,,,,,,,,,,,,,,,,"5-7,4-6",,,,,,,,,,,
901,2026,AUSTRALIAN OPEN,Grand Slam,2026-01-18,2026-02-01,Hard,MELBOURNE,AUSTRALIA,128.0,,USD,RS67784474,2026-01-15,,Zhuoxuan Bai,Darja Vidmanova,CHN,CZE,,,4-6,6-4,6-1,,327196,501894,AUSTRALIAN OPEN,"Australian Open - Melbourne, AUS",2026.0,,327196,501894,327196,501894,Zhuoxuan Bai,Darja Vidmanova,,,Zhuoxuan Bai,Darja Vidmanova,CHN,CZE,,,327196,501894,,,,,,,,,,,,,,,,,,,,,,,,,,,,,,,,,,,,,,,,,,,,,,,,,,,,,,,,,,,,,,,,,,,,,,,,,,,4-6,6-4,6-1,"4-6,6-4,6-1",901,2026,,,,,,3,2026-01-15,,,,,,,,,,,,,,,,,,,,,,,,,,,,,,,,,,,,,,,,,,"4-6,6-4,6-1",,,,,,,,,,,
901,2026,AUSTRALIAN OPEN,Grand Slam,2026-01-18,2026-02-01,Hard,MELBOURNE,AUSTRALIA,128.0,,USD,RS67776216,2026-01-15,,Zeynep Sonmez,Anastasia Gasanova,TUR,,5.0,,6-3,6-2,,,326907,130624,AUSTRALIAN OPEN,"Australian Open - Melbourne, AUS",2026.0,,326907,130624,326907,130624,Zeynep Sonmez,Anastasia Gasanova,,,Zeynep Sonmez,Anastasia Gasanova,TUR,,5,,326907,130624,,,,,,,,,,,,,,,,,,,,,,,,,,,,,,,,,,,,,,,,,,,,,,,,,,,,,,,,,,,,,,,,,,,,,,,,,,,6-3,6-2,,"6-3,6-2",901,2026,,,,,,2,2026-01-15,,,,,,,,,,,,,,,,,,,,,,,,,,,,,,,,,,,,,,,,,,"6-3,6-2",,,,,,,,,,,
901,2026,AUSTRALIAN OPEN,Grand Slam,2026-01-18,2026-02-01,Hard,MELBOURNE,AUSTRALIA,128.0,,USD,RS67776222,2026-01-15,,Sloane Stephens,Lucia Bronzetti,USA,ITA,,2.0,6-1,7-5,,,315683,322280,AUSTRALIAN OPEN,"Australian Open - Melbourne, AUS",2026.0,,322280,315683,322280,315683,Sloane Stephens,Lucia Bronzetti,,,Lucia Bronzetti,Sloane Stephens,ITA,USA,2,,315683,322280,,,,,,,,,,,,,,,,,,,,,,,,,,,,,,,,,,,,,,,,,,,,,,,,,,,,,,,,,,,,,,,,,,,,,,,,,,,1-6,5-7,,"1-6,5-7",901,2026,,,,,,2,2026-01-15,,,,,,,,,,,,,,,,,,,,,,,,,,,,,,,,,,,,,,,,,,"1-6,5-7",,,,,,,,,,,
901,2026,AUSTRALIAN OPEN,Grand Slam,2026-01-18,2026-02-01,Hard,MELBOURNE,AUSTRALIA,128.0,,USD,RS67776620,2026-01-15,,Anhelina Kalinina,Maja Chwalinska,UKR,POL,,,5-7,6-2,6-1,,320567,325639,AUSTRALIAN OPEN,"Australian Open - Melbourne, AUS",2026.0,,325639,320567,325639,320567,Anhelina Kalinina,Maja Chwalinska,,,Maja Chwalinska,Anhelina Kalinina,POL,UKR,,,320567,325639,,,,,,,,,,,,,,,,,,,,,,,,,,,,,,,,,,,,,,,,,,,,,,,,,,,,,,,,,,,,,,,,,,,,,,,,,,,7-5,2-6,1-6,"7-5,2-6,1-6",901,2026,,,,,,3,2026-01-15,,,,,,,,,,,,,,,,,,,,,,,,,,,,,,,,,,,,,,,,,,"7-5,2-6,1-6",,,,,,,,,,,
901,2026,AUSTRALIAN OPEN,Grand Slam,2026-01-18,2026-02-01,Hard,MELBOURNE,AUSTRALIA,128.0,,USD,RS67776768,2026-01-15,,Linda Klimovicova,Greet Minnen,POL,BEL,23.0,12.0,6-4,6-4,,,329061,321454,AUSTRALIAN OPEN,"Australian Open - Melbourne, AUS",2026.0,,321454,329061,321454,329061,Linda Klimovicova,Greet Minnen,,,Greet Minnen,Linda Klimovicova,BEL,POL,12,23,329061,321454,,,,,,,,,,,,,,,,,,,,,,,,,,,,,,,,,,,,,,,,,,,,,,,,,,,,,,,,,,,,,,,,,,,,,,,,,,,4-6,4-6,,"4-6,4-6",901,2026,,,,,,2,2026-01-15,,,,,,,,,,,,,,,,,,,,,,,,,,,,,,,,,,,,,,,,,,"4-6,4-6",,,,,,,,,,,
901,2026,AUSTRALIAN OPEN,Grand Slam,2026-01-18,2026-02-01,Hard,MELBOURNE,AUSTRALIA,128.0,,USD,RS67776104,2026-01-15,,Guiomar Maristany Zuleta de Reales,Elvina Kalieva,ESP,USA,,,7-5,4-6,6-4,,324786,380396,AUSTRALIAN OPEN,"Australian Open - Melbourne, AUS",2026.0,,324786,380396,324786,380396,Guiomar Maristany Zuleta de Reales,Elvina Kalieva,,,Guiomar Maristany Zuleta de Reales,Elvina Kalieva,ESP,USA,,,324786,380396,,,,,,,,,,,,,,,,,,,,,,,,,,,,,,,,,,,,,,,,,,,,,,,,,,,,,,,,,,,,,,,,,,,,,,,,,,,7-5,4-6,6-4,"7-5,4-6,6-4",901,2026,,,,,,3,2026-01-15,,,,,,,,,,,,,,,,,,,,,,,,,,,,,,,,,,,,,,,,,,"7-5,4-6,6-4",,,,,,,,,,,
901,2026,AUSTRALIAN OPEN,Grand Slam,2026-01-18,2026-02-01,Hard,MELBOURNE,AUSTRALIA,128.0,,USD,RS67776106,2026-01-15,,Yuliia Starodubtseva,Viktoriya Tomova,UKR,BGR,6.0,18.0,7-6(3),6-2,,,325338,317584,AUSTRALIAN OPEN,"Australian Open - Melbourne, AUS",2026.0,,325338,317584,325338,317584,Yuliia Starodubtseva,Viktoriya Tomova,,,Yuliia Starodubtseva,Viktoriya Tomova,UKR,BGR,6,18,325338,317584,,,,,,,,,,,,,,,,,,,,,,,,,,,,,,,,,,,,,,,,,,,,,,,,,,,,,,,,,,,,,,,,,,,,,,,,,,,7-6(3),6-2,,"7-6(7),6-2",901,2026,,,,,,2,2026-01-15,,,,,,,,,,,,,,,,,,,,,,,,,,,,,,,,,,,,7.0,3.0,,,,,"7-6(7),6-2",,,,,,,,,,,
901,2026,AUSTRALIAN OPEN,Grand Slam,2026-01-18,2026-02-01,Hard,MELBOURNE,AUSTRALIA,128.0,,USD,RS67763570,2026-01-14,,Lilli Tagger,Elena Pridankina,AUT,,,,6-7(5),7-6(5),6-1,,906723,330905,AUSTRALIAN OPEN,"Australian Open - Melbourne, AUS",2026.0,,330905,906723,330905,906723,Lilli Tagger,Elena Pridankina,,,Elena Pridankina,Lilli Tagger,,AUT,,,906723,330905,,,,,,,,,,,,,,,,,,,,,,,,,,,,,,,,,,,,,,,,,,,,,,,,,,,,,,,,,,,,,,,,,,,,,,,,,,,7-6(5),6-7(5),1-6,"7-6(7),6(7)-7,1-6",901,2026,,,,,,3,2026-01-14,,,,,,,,,,,,,,,,,,,,,,,,,,,,,,,,,,,,7.0,5.0,7.0,5.0,,,"7-6(7),6(7)-7,1-6",,,,,,,,,,,
901,2026,AUSTRALIAN OPEN,Grand Slam,2026-01-18,2026-02-01,Hard,MELBOURNE,AUSTRALIA,128.0,,USD,RS67755384,2026-01-14,,Himeno Sakatsume,Mai Hontama,JPN,JPN,,,6-4,6-2,,,282219,324750,AUSTRALIAN OPEN,"Australian Open - Melbourne, AUS",2026.0,,282219,324750,282219,324750,Himeno Sakatsume,Mai Hontama,,,Himeno Sakatsume,Mai Hontama,JPN,JPN,,,282219,324750,,,,,,,,,,,,,,,,,,,,,,,,,,,,,,,,,,,,,,,,,,,,,,,,,,,,,,,,,,,,,,,,,,,,,,,,,,,6-4,6-2,,"6-4,6-2",901,2026,,,,,,2,2026-01-14,,,,,,,,,,,,,,,,,,,,,,,,,,,,,,,,,,,,,,,,,,"6-4,6-2",,,,,,,,,,,
901,2026,AUSTRALIAN OPEN,Grand Slam,2026-01-18,2026-02-01,Hard,MELBOURNE,AUSTRALIA,128.0,,USD,RS67758910,2026-01-14,,Marina Bassols Ribera,Iryna Shymanovich,ESP,,,,7-5,6-1,,,183861,320759,AUSTRALIAN OPEN,"Australian Open - Melbourne, AUS",2026.0,,183861,320759,183861,320759,Marina Bassols Ribera,Iryna Shymanovich,,,Marina Bassols Ribera,Iryna Shymanovich,ESP,,,,183861,320759,,,,,,,,,,,,,,,,,,,,,,,,,,,,,,,,,,,,,,,,,,,,,,,,,,,,,,,,,,,,,,,,,,,,,,,,,,,7-5,6-1,,"7-5,6-1",901,2026,,,,,,2,2026-01-14,,,,,,,,,,,,,,,,,,,,,,,,,,,,,,,,,,,,,,,,,,"7-5,6-1",,,,,,,,,,,
901,2026,AUSTRALIAN OPEN,Grand Slam,2026-01-18,2026-02-01,Hard,MELBOURNE,AUSTRALIA,128.0,,USD,RS67758902,2026-01-14,,Lanlana Tararudee,Harriet Dart,THA,GBR,21.0,,6-0,3-6,6-3,,329651,319489,AUSTRALIAN OPEN,"Australian Open - Melbourne, AUS",2026.0,,319489,329651,319489,329651,Lanlana Tararudee,Harriet Dart,,,Harriet Dart,Lanlana Tararudee,GBR,THA,,21,329651,319489,,,,,,,,,,,,,,,,,,,,,,,,,,,,,,,,,,,,,,,,,,,,,,,,,,,,,,,,,,,,,,,,,,,,,,,,,,,0-6,6-3,3-6,"0-6,6-3,3-6",901,2026,,,,,,3,2026-01-14,,,,,,,,,,,,,,,,,,,,,,,,,,,,,,,,,,,,,,,,,,"0-6,6-3,3-6",,,,,,,,,,,
901,2026,AUSTRALIAN OPEN,Grand Slam,2026-01-18,2026-02-01,Hard,MELBOURNE,AUSTRALIA,128.0,,USD,RS67716264,2026-01-14,,Aliaksandra Sasnovich,Kathinka Von Deichmann,,LIE,8.0,,6-3,7-6(4),,,317790,317286,AUSTRALIAN OPEN,"Australian Open - Melbourne, AUS",2026.0,,317790,317286,317790,317286,Aliaksandra Sasnovich,Kathinka Von Deichmann,,,Aliaksandra Sasnovich,Kathinka Von Deichmann,,LIE,8,,317790,317286,,,,,,,,,,,,,,,,,,,,,,,,,,,,,,,,,,,,,,,,,,,,,,,,,,,,,,,,,,,,,,,,,,,,,,,,,,,6-3,7-6(4),,"6-3,7-6(7)",901,2026,,,,,,2,2026-01-14,,,,,,,,,,,,,,,,,,,,,,,,,,,,,,,,,,,,,,7.0,4.0,,,"6-3,7-6(7)",,,,,,,,,,,
901,2026,AUSTRALIAN OPEN,Grand Slam,2026-01-18,2026-02-01,Hard,MELBOURNE,AUSTRALIA,128.0,,USD,RS67742410,2026-01-14,,Daria Snigur,Carson Branstine,UKR,CAN,,,6-4,4-2,,,327845,324361,AUSTRALIAN OPEN,"Australian Open - Melbourne, AUS",2026.0,,324361,327845,324361,327845,Daria Snigur,Carson Branstine,,,Carson Branstine,Daria Snigur,CAN,UKR,,,327845,324361,,,,,,,,,,,,,,,,,,,,,,,,,,,,,,,,,,,,,,,,,,,,,,,,,,,,,,,,,,,,,,,,,,,,,,,,,,,4-6,2-4,,"4-6,2-4",901,2026,,,,,,2,2026-01-14,,,,,,,,,,,,,,,,,,,,,,,,,,,,,,,,,,,,,,,,,,"4-6,2-4",,,,,,,,,,,
901,2026,AUSTRALIAN OPEN,Grand Slam,2026-01-18,2026-02-01,Hard,MELBOURNE,AUSTRALIA,128.0,,USD,RS67741162,2026-01-14,,Storm Hunter,Lola Radivojevic,AUS,SRB,,27.0,6-4,7-6(1),,,317810,330751,AUSTRALIAN OPEN,"Australian Open - Melbourne, AUS",2026.0,,317810,330751,317810,330751,Storm Hunter,Lola Radivojevic,,,Storm Hunter,Lola Radivojevic,AUS,SRB,,27,317810,330751,,,,,,,,,,,,,,,,,,,,,,,,,,,,,,,,,,,,,,,,,,,,,,,,,,,,,,,,,,,,,,,,,,,,,,,,,,,6-4,7-6(1),,"6-4,7-6(7)",901,2026,,,,,,2,2026-01-14,,,,,,,,,,,,,,,,,,,,,,,,,,,,,,,,,,,,,,7.0,1.0,,,"6-4,7-6(7)",,,,,,,,,,,
901,2026,AUSTRALIAN OPEN,Grand Slam,2026-01-18,2026-02-01,Hard,MELBOURNE,AUSTRALIA,128.0,,USD,RS67748254,2026-01-14,,Maddison Inglis,Claire Liu,AUS,USA,,,7-6(6),2-6,6-4,,321179,179300,AUSTRALIAN OPEN,"Australian Open - Melbourne, AUS",2026.0,,179300,321179,179300,321179,Maddison Inglis,Claire Liu,,,Claire Liu,Maddison Inglis,USA,AUS,,,321179,179300,,,,,,,,,,,,,,,,,,,,,,,,,,,,,,,,,,,,,,,,,,,,,,,,,,,,,,,,,,,,,,,,,,,,,,,,,,,6-7(6),6-2,4-6,"6(8)-7,6-2,4-6",901,2026,,,,,,3,2026-01-14,,,,,,,,,,,,,,,,,,,,,,,,,,,,,,,,,,,,8.0,6.0,,,,,"6(8)-7,6-2,4-6",,,,,,,,,,,
901,2026,AUSTRALIAN OPEN,Grand Slam,2026-01-18,2026-02-01,Hard,MELBOURNE,AUSTRALIA,128.0,,USD,RS67744202,2026-01-14,,Darja Vidmanova,Dominika Salkova,CZE,CZE,,31.0,7-6(2),6-0,,,501894,330149,AUSTRALIAN OPEN,"Australian Open - Melbourne, AUS",2026.0,,501894,330149,501894,330149,Darja Vidmanova,Dominika Salkova,,,Darja Vidmanova,Dominika Salkova,CZE,CZE,,31,501894,330149,,,,,,,,,,,,,,,,,,,,,,,,,,,,,,,,,,,,,,,,,,,,,,,,,,,,,,,,,,,,,,,,,,,,,,,,,,,7-6(2),6-0,,"7-6(7),6-0",901,2026,,,,,,2,2026-01-14,,,,,,,,,,,,,,,,,,,,,,,,,,,,,,,,,,,,7.0,2.0,,,,,"7-6(7),6-0",,,,,,,,,,,
901,2026,AUSTRALIAN OPEN,Grand Slam,2026-01-18,2026-02-01,Hard,MELBOURNE,AUSTRALIA,128.0,,USD,RS67749062,2026-01-14,,Tamara Korpatsch,Silvia Ambrosio,DEU,ITA,14.0,,6-3,2-0,,,319571,586739,AUSTRALIAN OPEN,"Australian Open - Melbourne, AUS",2026.0,,319571,586739,319571,586739,Tamara Korpatsch,Silvia Ambrosio,,,Tamara Korpatsch,Silvia Ambrosio,DEU,ITA,14,,319571,586739,,,,,,,,,,,,,,,,,,,,,,,,,,,,,,,,,,,,,,,,,,,,,,,,,,,,,,,,,,,,,,,,,,,,,,,,,,,6-3,2-0,,"6-3,2-0",901,2026,,,,,,2,2026-01-14,,,,,,,,,,,,,,,,,,,,,,,,,,,,,,,,,,,,,,,,,,"6-3,2-0",,,,,,,,,,,
901,2026,AUSTRALIAN OPEN,Grand Slam,2026-01-18,2026-02-01,Hard,MELBOURNE,AUSTRALIA,128.0,,USD,RS67743272,2026-01-14,,Zhuoxuan Bai,Chloe Paquet,CHN,FRA,,,6-1,6-2,,,327196,318839,AUSTRALIAN OPEN,"Australian Open - Melbourne, AUS",2026.0,,318839,327196,318839,327196,Zhuoxuan Bai,Chloe Paquet,,,Chloe Paquet,Zhuoxuan Bai,FRA,CHN,,,327196,318839,,,,,,,,,,,,,,,,,,,,,,,,,,,,,,,,,,,,,,,,,,,,,,,,,,,,,,,,,,,,,,,,,,,,,,,,,,,1-6,2-6,,"1-6,2-6",901,2026,,,,,,2,2026-01-14,,,,,,,,,,,,,,,,,,,,,,,,,,,,,,,,,,,,,,,,,,"1-6,2-6",,,,,,,,,,,
901,2026,AUSTRALIAN OPEN,Grand Slam,2026-01-18,2026-02-01,Hard,MELBOURNE,AUSTRALIA,128.0,,USD,RS67722664,2026-01-14,,Tamara Zidansek,Lina Gjorcheska,SVN,MKD,,,4-6,6-2,7-5,,323079,67743,AUSTRALIAN OPEN,"Australian Open - Melbourne, AUS",2026.0,,67743,323079,67743,323079,Tamara Zidansek,Lina Gjorcheska,,,Lina Gjorcheska,Tamara Zidansek,MKD,SVN,,,323079,67743,,,,,,,,,,,,,,,,,,,,,,,,,,,,,,,,,,,,,,,,,,,,,,,,,,,,,,,,,,,,,,,,,,,,,,,,,,,6-4,2-6,5-7,"6-4,2-6,5-7",901,2026,,,,,,3,2026-01-14,,,,,,,,,,,,,,,,,,,,,,,,,,,,,,,,,,,,,,,,,,"6-4,2-6,5-7",,,,,,,,,,,
901,2026,AUSTRALIAN OPEN,Grand Slam,2026-01-18,2026-02-01,Hard,MELBOURNE,AUSTRALIA,128.0,,USD,RS67727412,2026-01-14,,Taylor Townsend,Jazmin Ortenzi,USA,ARG,11.0,,6-4,6-4,,,318609,337811,AUSTRALIAN OPEN,"Australian Open - Melbourne, AUS",2026.0,,318609,337811,318609,337811,Taylor Townsend,Jazmin Ortenzi,,,Taylor Townsend,Jazmin Ortenzi,USA,ARG,11,,318609,337811,,,,,,,,,,,,,,,,,,,,,,,,,,,,,,,,,,,,,,,,,,,,,,,,,,,,,,,,,,,,,,,,,,,,,,,,,,,6-4,6-4,,"6-4,6-4",901,2026,,,,,,2,2026-01-14,,,,,,,,,,,,,,,,,,,,,,,,,,,,,,,,,,,,,,,,,,"6-4,6-4",,,,,,,,,,,
901,2026,,,,,,,,,,,,,,Tina Nadine Smith,Nikola Bartunkova,,,,,1-6,5-2,,,299308,721779,,,,,,,721779,299308,Tina Nadine Smith,Nikola Bartunkova,,,,,,,,,299308,721779,,,,,,,,,,,,,,,,,,,,,,,,,,,,,,,,,,,,,,,,,,,,,,,,,,,,,,,,,,,,,,,,,,,,,,,,,,,1-6,5-2,,"1-6,5-2",901,2026,,,,,,2,,,,,,,,,,,,,,,,,,,,,,,,,,,,,,,,,,,,,,,,,,,"1-6,5-2",,,,,,,,,,,
901,2026,AUSTRALIAN OPEN,Grand Slam,2026-01-18,2026-02-01,Hard,MELBOURNE,AUSTRALIA,128.0,,USD,RS67742968,2026-01-14,,Yue Yuan,Maria Carle,CHN,ARG,25.0,,7-6(5),3-6,6-4,,324325,322638,AUSTRALIAN OPEN,"Australian Open - Melbourne, AUS",2026.0,,322638,324325,322638,324325,Yue Yuan,Maria Carle,,,Maria Carle,Yue Yuan,ARG,CHN,,25,324325,322638,,,,,,,,,,,,,,,,,,,,,,,,,,,,,,,,,,,,,,,,,,,,,,,,,,,,,,,,,,,,,,,,,,,,,,,,,,,6-7(5),6-3,4-6,"6(7)-7,6-3,4-6",901,2026,,,,,,3,2026-01-14,,,,,,,,,,,,,,,,,,,,,,,,,,,,,,,,,,,,7.0,5.0,,,,,"6(7)-7,6-3,4-6",,,,,,,,,,,
901,2026,AUSTRALIAN OPEN,Grand Slam,2026-01-18,2026-02-01,Hard,MELBOURNE,AUSTRALIA,128.0,,USD,RS67704888,2026-01-14,,Lin Zhu,Victoria Jimenez Kasintseva,CHN,AND,,9.0,6-1,6-2,,,317306,330352,AUSTRALIAN OPEN,"Australian Open - Melbourne, AUS",2026.0,,330352,317306,330352,317306,Lin Zhu,Victoria Jimenez Kasintseva,,,Victoria Jimenez Kasintseva,Lin Zhu,AND,CHN,9,,317306,330352,,,,,,,,,,,,,,,,,,,,,,,,,,,,,,,,,,,,,,,,,,,,,,,,,,,,,,,,,,,,,,,,,,,,,,,,,,,1-6,2-6,,"1-6,2-6",901,2026,,,,,,2,2026-01-14,,,,,,,,,,,,,,,,,,,,,,,,,,,,,,,,,,,,,,,,,,"1-6,2-6",,,,,,,,,,,
901,2026,AUSTRALIAN OPEN,Grand Slam,2026-01-18,2026-02-01,Hard,MELBOURNE,AUSTRALIA,128.0,,USD,RS67741164,2026-01-14,,Greet Minnen,Harmony Tan,BEL,FRA,12.0,,7-6(3),6-3,,,321454,320016,AUSTRALIAN OPEN,"Australian Open - Melbourne, AUS",2026.0,,321454,320016,321454,320016,Greet Minnen,Harmony Tan,,,Greet Minnen,Harmony Tan,BEL,FRA,12,,321454,320016,,,,,,,,,,,,,,,,,,,,,,,,,,,,,,,,,,,,,,,,,,,,,,,,,,,,,,,,,,,,,,,,,,,,,,,,,,,7-6(3),6-3,,"7-6(7),6-3",901,2026,,,,,,2,2026-01-14,,,,,,,,,,,,,,,,,,,,,,,,,,,,,,,,,,,,7.0,3.0,,,,,"7-6(7),6-3",,,,,,,,,,,
901,2026,AUSTRALIAN OPEN,Grand Slam,2026-01-18,2026-02-01,Hard,MELBOURNE,AUSTRALIA,128.0,,USD,RS67723664,2026-01-14,,Marina Stakusic,Teodora Kostovic,CAN,SRB,17.0,,6-0,6-2,,,329614,1020125,AUSTRALIAN OPEN,"Australian Open - Melbourne, AUS",2026.0,,1020125,329614,1020125,329614,Marina Stakusic,Teodora Kostovic,,,Teodora Kostovic,Marina Stakusic,SRB,CAN,,17,329614,1020125,,,,,,,,,,,,,,,,,,,,,,,,,,,,,,,,,,,,,,,,,,,,,,,,,,,,,,,,,,,,,,,,,,,,,,,,,,,0-6,2-6,,"0-6,2-6",901,2026,,,,,,2,2026-01-14,,,,,,,,,,,,,,,,,,,,,,,,,,,,,,,,,,,,,,,,,,"0-6,2-6",,,,,,,,,,,
901,2026,AUSTRALIAN OPEN,Grand Slam,2026-01-18,2026-02-01,Hard,MELBOURNE,AUSTRALIA,128.0,,USD,RS67742432,2026-01-14,,Carol Young Suh Lee,Elena Micic,USA,AUS,,,6-2,6-2,,,356694,731427,AUSTRALIAN OPEN,"Australian Open - Melbourne, AUS",2026.0,,356694,731427,356694,731427,Carol Young Suh Lee,Elena Micic,,,Carol Young Suh Lee,Elena Micic,USA,AUS,,,356694,731427,,,,,,,,,,,,,,,,,,,,,,,,,,,,,,,,,,,,,,,,,,,,,,,,,,,,,,,,,,,,,,,,,,,,,,,,,,,6-2,6-2,,"6-2,6-2",901,2026,,,,,,2,2026-01-14,,,,,,,,,,,,,,,,,,,,,,,,,,,,,,,,,,,,,,,,,,"6-2,6-2",,,,,,,,,,,
901,2026,AUSTRALIAN OPEN,Grand Slam,2026-01-18,2026-02-01,Hard,MELBOURNE,AUSTRALIA,128.0,,USD,RS67702004,2026-01-14,,Linda Klimovicova,Lizette Cabrera,POL,AUS,23.0,,6-4,7-5,,,329061,320013,AUSTRALIAN OPEN,"Australian Open - Melbourne, AUS",2026.0,,320013,329061,320013,329061,Linda Klimovicova,Lizette Cabrera,,,Lizette Cabrera,Linda Klimovicova,AUS,POL,,23,329061,320013,,,,,,,,,,,,,,,,,,,,,,,,,,,,,,,,,,,,,,,,,,,,,,,,,,,,,,,,,,,,,,,,,,,,,,,,,,,4-6,5-7,,"4-6,5-7",901,2026,,,,,,2,2026-01-14,,,,,,,,,,,,,,,,,,,,,,,,,,,,,,,,,,,,,,,,,,"4-6,5-7",,,,,,,,,,,
901,2026,AUSTRALIAN OPEN,Grand Slam,2026-01-18,2026-02-01,Hard,MELBOURNE,AUSTRALIA,128.0,,USD,RS67727486,2026-01-14,,Linda Fruhvirtova,Fiona Ferro,CZE,FRA,20.0,,6-4,3-6,6-4,,329627,319969,AUSTRALIAN OPEN,"Australian Open - Melbourne, AUS",2026.0,,319969,329627,319969,329627,Linda Fruhvirtova,Fiona Ferro,,,Fiona Ferro,Linda Fruhvirtova,FRA,CZE,,20,329627,319969,,,,,,,,,,,,,,,,,,,,,,,,,,,,,,,,,,,,,,,,,,,,,,,,,,,,,,,,,,,,,,,,,,,,,,,,,,,4-6,6-3,4-6,"4-6,6-3,4-6",901,2026,,,,,,3,2026-01-14,,,,,,,,,,,,,,,,,,,,,,,,,,,,,,,,,,,,,,,,,,"4-6,6-3,4-6",,,,,,,,,,,
901,2026,AUSTRALIAN OPEN,Grand Slam,2026-01-18,2026-02-01,Hard,MELBOURNE,AUSTRALIA,128.0,,USD,RS67742412,2026-01-14,,Whitney Osuigwe,Lucrezia Stefanini,USA,ITA,,26.0,7-5,6-2,,,326101,323149,AUSTRALIAN OPEN,"Australian Open - Melbourne, AUS",2026.0,,326101,323149,326101,323149,Whitney Osuigwe,Lucrezia Stefanini,,,Whitney Osuigwe,Lucrezia Stefanini,USA,ITA,,26,326101,323149,,,,,,,,,,,,,,,,,,,,,,,,,,,,,,,,,,,,,,,,,,,,,,,,,,,,,,,,,,,,,,,,,,,,,,,,,,,7-5,6-2,,"7-5,6-2",901,2026,,,,,,2,2026-01-14,,,,,,,,,,,,,,,,,,,,,,,,,,,,,,,,,,,,,,,,,,"7-5,6-2",,,,,,,,,,,
901,2026,AUSTRALIAN OPEN,Grand Slam,2026-01-18,2026-02-01,Hard,MELBOURNE,AUSTRALIA,128.0,,USD,RS67716342,2026-01-14,,Maja Chwalinska,Rebeka Masarova,POL,CHE,,10.0,7-6(8),5-7,6-1,,325639,322087,AUSTRALIAN OPEN,"Australian Open - Melbourne, AUS",2026.0,,322087,325639,322087,325639,Maja Chwalinska,Rebeka Masarova,,,Rebeka Masarova,Maja Chwalinska,CHE,POL,10,,325639,322087,,,,,,,,,,,,,,,,,,,,,,,,,,,,,,,,,,,,,,,,,,,,,,,,,,,,,,,,,,,,,,,,,,,,,,,,,,,6-7(8),7-5,1-6,"6(10)-7,7-5,1-6",901,2026,,,,,,3,2026-01-14,,,,,,,,,,,,,,,,,,,,,,,,,,,,,,,,,,,,10.0,8.0,,,,,"6(10)-7,7-5,1-6",,,,,,,,,,,
901,2026,AUSTRALIAN OPEN,Grand Slam,2026-01-18,2026-02-01,Hard,MELBOURNE,AUSTRALIA,128.0,,USD,RS67741160,2026-01-14,,Anhelina Kalinina,Anouk Koevermans,UKR,NLD,,,7-6(6),6-0,,,320567,328988,AUSTRALIAN OPEN,"Australian Open - Melbourne, AUS",2026.0,,328988,320567,328988,320567,Anhelina Kalinina,Anouk Koevermans,,,Anouk Koevermans,Anhelina Kalinina,NLD,UKR,,,320567,328988,,,,,,,,,,,,,,,,,,,,,,,,,,,,,,,,,,,,,,,,,,,,,,,,,,,,,,,,,,,,,,,,,,,,,,,,,,,6-7(6),0-6,,"6(8)-7,0-6",901,2026,,,,,,2,2026-01-14,,,,,,,,,,,,,,,,,,,,,,,,,,,,,,,,,,,,8.0,6.0,,,,,"6(8)-7,0-6",,,,,,,,,,,
901,2026,AUSTRALIAN OPEN,Grand Slam,2026-01-18,2026-02-01,Hard,MELBOURNE,AUSTRALIA,128.0,,USD,RS67699616,2026-01-14,,Sloane Stephens,Olivia Gadecki,USA,AUS,,,3-6,6-3,6-3,,315683,326653,AUSTRALIAN OPEN,"Australian Open - Melbourne, AUS",2026.0,,315683,326653,315683,326653,Sloane Stephens,Olivia Gadecki,,,Sloane Stephens,Olivia Gadecki,USA,AUS,,,315683,326653,,,,,,,,,,,,,,,,,,,,,,,,,,,,,,,,,,,,,,,,,,,,,,,,,,,,,,,,,,,,,,,,,,,,,,,,,,,3-6,6-3,6-3,"3-6,6-3,6-3",901,2026,,,,,,3,2026-01-14,,,,,,,,,,,,,,,,,,,,,,,,,,,,,,,,,,,,,,,,,,"3-6,6-3,6-3",,,,,,,,,,,
901,2026,AUSTRALIAN OPEN,Grand Slam,2026-01-18,2026-02-01,Hard,MELBOURNE,AUSTRALIA,128.0,,USD,RS67698238,2026-01-13,,Zeynep Sonmez,Julia Riera,TUR,ARG,5.0,,6-3,6-1,,,326907,327287,AUSTRALIAN OPEN,"Australian Open - Melbourne, AUS",2026.0,,326907,327287,326907,327287,Zeynep Sonmez,Julia Riera,,,Zeynep Sonmez,Julia Riera,TUR,ARG,5,,326907,327287,,,,,,,,,,,,,,,,,,,,,,,,,,,,,,,,,,,,,,,,,,,,,,,,,,,,,,,,,,,,,,,,,,,,,,,,,,,6-3,6-1,,"6-3,6-1",901,2026,,,,,,2,2026-01-13,,,,,,,,,,,,,,,,,,,,,,,,,,,,,,,,,,,,,,,,,,"6-3,6-1",,,,,,,,,,,
901,2026,AUSTRALIAN OPEN,Grand Slam,2026-01-18,2026-02-01,Hard,MELBOURNE,AUSTRALIA,128.0,,USD,RS67699606,2026-01-13,,Lucia Bronzetti,Mary Stoiana,ITA,USA,2.0,,7-6(7),1-6,6-4,,322280,679319,AUSTRALIAN OPEN,"Australian Open - Melbourne, AUS",2026.0,,322280,679319,322280,679319,Lucia Bronzetti,Mary Stoiana,,,Lucia Bronzetti,Mary Stoiana,ITA,USA,2,,322280,679319,,,,,,,,,,,,,,,,,,,,,,,,,,,,,,,,,,,,,,,,,,,,,,,,,,,,,,,,,,,,,,,,,,,,,,,,,,,7-6(7),1-6,6-4,"7-6(9),1-6,6-4",901,2026,,,,,,3,2026-01-13,,,,,,,,,,,,,,,,,,,,,,,,,,,,,,,,,,,,9.0,7.0,,,,,"7-6(9),1-6,6-4",,,,,,,,,,,
901,2026,AUSTRALIAN OPEN,Grand Slam,2026-01-18,2026-02-01,Hard,MELBOURNE,AUSTRALIA,128.0,,USD,RS67699920,2026-01-13,,Yuliia Starodubtseva,Despina Papamichail,UKR,GRC,6.0,,6-1,6-2,,,325338,45139,AUSTRALIAN OPEN,"Australian Open - Melbourne, AUS",2026.0,,325338,45139,325338,45139,Yuliia Starodubtseva,Despina Papamichail,,,Yuliia Starodubtseva,Despina Papamichail,UKR,GRC,6,,325338,45139,,,,,,,,,,,,,,,,,,,,,,,,,,,,,,,,,,,,,,,,,,,,,,,,,,,,,,,,,,,,,,,,,,,,,,,,,,,6-1,6-2,,"6-1,6-2",901,2026,,,,,,2,2026-01-13,,,,,,,,,,,,,,,,,,,,,,,,,,,,,,,,,,,,,,,,,,"6-1,6-2",,,,,,,,,,,
901,2026,AUSTRALIAN OPEN,Grand Slam,2026-01-18,2026-02-01,Hard,MELBOURNE,AUSTRALIA,128.0,,USD,RS67699970,2026-01-13,,Viktoriya Tomova,Viktoria Hruncakova,BGR,SVK,18.0,,6-4,6-4,,,317584,129534,AUSTRALIAN OPEN,"Australian Open - Melbourne, AUS",2026.0,,129534,317584,129534,317584,Viktoriya Tomova,Viktoria Hruncakova,,,Viktoria Hruncakova,Viktoriya Tomova,SVK,BGR,,18,317584,129534,,,,,,,,,,,,,,,,,,,,,,,,,,,,,,,,,,,,,,,,,,,,,,,,,,,,,,,,,,,,,,,,,,,,,,,,,,,4-6,4-6,,"4-6,4-6",901,2026,,,,,,2,2026-01-13,,,,,,,,,,,,,,,,,,,,,,,,,,,,,,,,,,,,,,,,,,"4-6,4-6",,,,,,,,,,,
901,2026,AUSTRALIAN OPEN,Grand Slam,2026-01-18,2026-02-01,Hard,MELBOURNE,AUSTRALIA,128.0,,USD,RS67702002,2026-01-13,,Guiomar Maristany Zuleta de Reales,Tatiana Prozorova,ESP,,,,6-2,2-6,7-6(7),,324786,330723,AUSTRALIAN OPEN,"Australian Open - Melbourne, AUS",2026.0,,324786,330723,324786,330723,Guiomar Maristany Zuleta de Reales,Tatiana Prozorova,,,Guiomar Maristany Zuleta de Reales,Tatiana Prozorova,ESP,,,,324786,330723,,,,,,,,,,,,,,,,,,,,,,,,,,,,,,,,,,,,,,,,,,,,,,,,,,,,,,,,,,,,,,,,,,,,,,,,,,,6-2,2-6,7-6(7),"6-2,2-6,7-6(10)",901,2026,,,,,,3,2026-01-13,,,,,,,,,,,,,,,,,,,,,,,,,,,,,,,,,,,,,,,,9.0,7.0,"6-2,2-6,7-6(10)",,,,,,,,,,,
901,2026,AUSTRALIAN OPEN,Grand Slam,2026-01-18,2026-02-01,Hard,MELBOURNE,AUSTRALIA,128.0,,USD,RS67722666,2026-01-13,,Anastasia Gasanova,Justina Mikulskyte,,LTU,,,6-7(4),6-2,6-0,,130624,323677,AUSTRALIAN OPEN,"Australian Open - Melbourne, AUS",2026.0,,323677,130624,323677,130624,Anastasia Gasanova,Justina Mikulskyte,,,Justina Mikulskyte,Anastasia Gasanova,LTU,,,,130624,323677,,,,,,,,,,,,,,,,,,,,,,,,,,,,,,,,,,,,,,,,,,,,,,,,,,,,,,,,,,,,,,,,,,,,,,,,,,,7-6(4),2-6,0-6,"7-6(7),2-6,0-6",901,2026,,,,,,3,2026-01-13,,,,,,,,,,,,,,,,,,,,,,,,,,,,,,,,,,,,7.0,4.0,,,,,"7-6(7),2-6,0-6",,,,,,,,,,,
901,2026,AUSTRALIAN OPEN,Grand Slam,2026-01-18,2026-02-01,Hard,MELBOURNE,AUSTRALIA,128.0,,USD,RS67741158,2026-01-13,,Elvina Kalieva,Yexin MA,USA,CHN,,,6-4,6-2,,,380396,132988,AUSTRALIAN OPEN,"Australian Open - Melbourne, AUS",2026.0,,380396,132988,380396,132988,Elvina Kalieva,Yexin MA,,,Elvina Kalieva,Yexin MA,USA,CHN,,,380396,132988,,,,,,,,,,,,,,,,,,,,,,,,,,,,,,,,,,,,,,,,,,,,,,,,,,,,,,,,,,,,,,,,,,,,,,,,,,,6-4,6-2,,"6-4,6-2",901,2026,,,,,,2,2026-01-13,,,,,,,,,,,,,,,,,,,,,,,,,,,,,,,,,,,,,,,,,,"6-4,6-2",,,,,,,,,,,
901,2026,AUSTRALIAN OPEN,Grand Slam,2026-01-18,2026-02-01,Hard,MELBOURNE,AUSTRALIA,128.0,,USD,RS67662446,2026-01-13,,Elena Pridankina,Diane Parry,,FRA,,13.0,6-3,6-2,,,330905,327077,AUSTRALIAN OPEN,"Australian Open - Melbourne, AUS",2026.0,,327077,330905,327077,330905,Elena Pridankina,Diane Parry,,,Diane Parry,Elena Pridankina,FRA,,13,,330905,327077,,,,,,,,,,,,,,,,,,,,,,,,,,,,,,,,,,,,,,,,,,,,,,,,,,,,,,,,,,,,,,,,,,,,,,,,,,,3-6,2-6,,"3-6,2-6",901,2026,,,,,,2,2026-01-13,,,,,,,,,,,,,,,,,,,,,,,,,,,,,,,,,,,,,,,,,,"3-6,2-6",,,,,,,,,,,
901,2026,AUSTRALIAN OPEN,Grand Slam,2026-01-18,2026-02-01,Hard,MELBOURNE,AUSTRALIA,128.0,,USD,RS67662440,2026-01-13,,Lanlana Tararudee,Sofia Costoulas,THA,BEL,21.0,,6-4,6-3,,,329651,330451,AUSTRALIAN OPEN,"Australian Open - Melbourne, AUS",2026.0,,330451,329651,330451,329651,Lanlana Tararudee,Sofia Costoulas,,,Sofia Costoulas,Lanlana Tararudee,BEL,THA,,21,329651,330451,,,,,,,,,,,,,,,,,,,,,,,,,,,,,,,,,,,,,,,,,,,,,,,,,,,,,,,,,,,,,,,,,,,,,,,,,,,4-6,3-6,,"4-6,3-6",901,2026,,,,,,2,2026-01-13,,,,,,,,,,,,,,,,,,,,,,,,,,,,,,,,,,,,,,,,,,"4-6,3-6",,,,,,,,,,,
901,2026,AUSTRALIAN OPEN,Grand Slam,2026-01-18,2026-02-01,Hard,MELBOURNE,AUSTRALIA,128.0,,USD,RS67662444,2026-01-13,,Lilli Tagger,Xinyu Gao,AUT,CHN,,,3-6,7-5,6-3,,906723,150130,AUSTRALIAN OPEN,"Australian Open - Melbourne, AUS",2026.0,,906723,150130,906723,150130,Lilli Tagger,Xinyu Gao,,,Lilli Tagger,Xinyu Gao,AUT,CHN,,,906723,150130,,,,,,,,,,,,,,,,,,,,,,,,,,,,,,,,,,,,,,,,,,,,,,,,,,,,,,,,,,,,,,,,,,,,,,,,,,,3-6,7-5,6-3,"3-6,7-5,6-3",901,2026,,,,,,3,2026-01-13,,,,,,,,,,,,,,,,,,,,,,,,,,,,,,,,,,,,,,,,,,"3-6,7-5,6-3",,,,,,,,,,,
901,2026,AUSTRALIAN OPEN,Grand Slam,2026-01-18,2026-02-01,Hard,MELBOURNE,AUSTRALIA,128.0,,USD,RS67696960,2026-01-13,,Marina Bassols Ribera,Luisina Giovannini,ESP,ARG,,,6-2,7-6(4),,,183861,784898,AUSTRALIAN OPEN,"Australian Open - Melbourne, AUS",2026.0,,183861,784898,183861,784898,Marina Bassols Ribera,Luisina Giovannini,,,Marina Bassols Ribera,Luisina Giovannini,ESP,ARG,,,183861,784898,,,,,,,,,,,,,,,,,,,,,,,,,,,,,,,,,,,,,,,,,,,,,,,,,,,,,,,,,,,,,,,,,,,,,,,,,,,6-2,7-6(4),,"6-2,7-6(7)",901,2026,,,,,,2,2026-01-13,,,,,,,,,,,,,,,,,,,,,,,,,,,,,,,,,,,,,,7.0,4.0,,,"6-2,7-6(7)",,,,,,,,,,,
901,2026,AUSTRALIAN OPEN,Grand Slam,2026-01-18,2026-02-01,Hard,MELBOURNE,AUSTRALIA,128.0,,USD,RS67662442,2026-01-13,,Harriet Dart,Destanee Aiava,GBR,AUS,,,6-3,2-6,6-3,,319489,324219,AUSTRALIAN OPEN,"Australian Open - Melbourne, AUS",2026.0,,324219,319489,324219,319489,Harriet Dart,Destanee Aiava,,,Destanee Aiava,Harriet Dart,AUS,GBR,,,319489,324219,,,,,,,,,,,,,,,,,,,,,,,,,,,,,,,,,,,,,,,,,,,,,,,,,,,,,,,,,,,,,,,,,,,,,,,,,,,3-6,6-2,3-6,"3-6,6-2,3-6",901,2026,,,,,,3,2026-01-13,,,,,,,,,,,,,,,,,,,,,,,,,,,,,,,,,,,,,,,,,,"3-6,6-2,3-6",,,,,,,,,,,
901,2026,AUSTRALIAN OPEN,Grand Slam,2026-01-18,2026-02-01,Hard,MELBOURNE,AUSTRALIA,128.0,,USD,RS67662490,2026-01-13,,Iryna Shymanovich,Arina Rodionova,,AUS,,,7-6(4),5-7,6-4,,320759,312413,AUSTRALIAN OPEN,"Australian Open - Melbourne, AUS",2026.0,,320759,312413,320759,312413,Iryna Shymanovich,Arina Rodionova,,,Iryna Shymanovich,Arina Rodionova,,AUS,,,320759,312413,,,,,,,,,,,,,,,,,,,,,,,,,,,,,,,,,,,,,,,,,,,,,,,,,,,,,,,,,,,,,,,,,,,,,,,,,,,7-6(4),5-7,6-4,"7-6(7),5-7,6-4",901,2026,,,,,,3,2026-01-13,,,,,,,,,,,,,,,,,,,,,,,,,,,,,,,,,,,,7.0,4.0,,,,,"7-6(7),5-7,6-4",,,,,,,,,,,
901,2026,AUSTRALIAN OPEN,Grand Slam,2026-01-18,2026-02-01,Hard,MELBOURNE,AUSTRALIA,128.0,,USD,RS67662486,2026-01-13,,Mai Hontama,Maria Timofeeva,JPN,,,28.0,1-6,6-4,7-5,,324750,328896,AUSTRALIAN OPEN,"Australian Open - Melbourne, AUS",2026.0,,324750,328896,324750,328896,Mai Hontama,Maria Timofeeva,,,Mai Hontama,Maria Timofeeva,JPN,,,28,324750,328896,,,,,,,,,,,,,,,,,,,,,,,,,,,,,,,,,,,,,,,,,,,,,,,,,,,,,,,,,,,,,,,,,,,,,,,,,,,1-6,6-4,7-5,"1-6,6-4,7-5",901,2026,,,,,,3,2026-01-13,,,,,,,,,,,,,,,,,,,,,,,,,,,,,,,,,,,,,,,,,,"1-6,6-4,7-5",,,,,,,,,,,
901,2026,AUSTRALIAN OPEN,Grand Slam,2026-01-18,2026-02-01,Hard,MELBOURNE,AUSTRALIA,128.0,,USD,RS67662488,2026-01-13,,Himeno Sakatsume,Manon Leonard,JPN,FRA,,,6-2,6-1,,,282219,325794,AUSTRALIAN OPEN,"Australian Open - Melbourne, AUS",2026.0,,325794,282219,325794,282219,Himeno Sakatsume,Manon Leonard,,,Manon Leonard,Himeno Sakatsume,FRA,JPN,,,282219,325794,,,,,,,,,,,,,,,,,,,,,,,,,,,,,,,,,,,,,,,,,,,,,,,,,,,,,,,,,,,,,,,,,,,,,,,,,,,2-6,1-6,,"2-6,1-6",901,2026,,,,,,2,2026-01-13,,,,,,,,,,,,,,,,,,,,,,,,,,,,,,,,,,,,,,,,,,"2-6,1-6",,,,,,,,,,,
901,2026,AUSTRALIAN OPEN,Grand Slam,2026-01-18,2026-02-01,Hard,MELBOURNE,AUSTRALIA,128.0,,USD,RS67662436,2026-01-13,,Silvia Ambrosio,Ana Sofia Sanchez,ITA,MEX,,,6-1,6-2,,,586739,59662,AUSTRALIAN OPEN,"Australian Open - Melbourne, AUS",2026.0,,586739,59662,586739,59662,Silvia Ambrosio,Ana Sofia Sanchez,,,Silvia Ambrosio,Ana Sofia Sanchez,ITA,MEX,,,586739,59662,,,,,,,,,,,,,,,,,,,,,,,,,,,,,,,,,,,,,,,,,,,,,,,,,,,,,,,,,,,,,,,,,,,,,,,,,,,6-1,6-2,,"6-1,6-2",901,2026,,,,,,2,2026-01-13,,,,,,,,,,,,,,,,,,,,,,,,,,,,,,,,,,,,,,,,,,"6-1,6-2",,,,,,,,,,,
901,2026,AUSTRALIAN OPEN,Grand Slam,2026-01-18,2026-02-01,Hard,MELBOURNE,AUSTRALIA,128.0,,USD,RS67662432,2026-01-13,,Maddison Inglis,Leyre Romero Gormaz,AUS,ESP,,29.0,4-6,7-6(4),6-2,,321179,326891,AUSTRALIAN OPEN,"Australian Open - Melbourne, AUS",2026.0,,321179,326891,321179,326891,Maddison Inglis,Leyre Romero Gormaz,,,Maddison Inglis,Leyre Romero Gormaz,AUS,ESP,,29,321179,326891,,,,,,,,,,,,,,,,,,,,,,,,,,,,,,,,,,,,,,,,,,,,,,,,,,,,,,,,,,,,,,,,,,,,,,,,,,,4-6,7-6(4),6-2,"4-6,7-6(7),6-2",901,2026,,,,,,3,2026-01-13,,,,,,,,,,,,,,,,,,,,,,,,,,,,,,,,,,,,,,7.0,4.0,,,"4-6,7-6(7),6-2",,,,,,,,,,,
901,2026,AUSTRALIAN OPEN,Grand Slam,2026-01-18,2026-02-01,Hard,MELBOURNE,AUSTRALIA,128.0,,USD,RS67662532,2026-01-13,,Dominika Salkova,Hanyu Guo,CZE,CHN,31.0,,7-5,6-1,,,330149,323087,AUSTRALIAN OPEN,"Australian Open - Melbourne, AUS",2026.0,,323087,330149,323087,330149,Dominika Salkova,Hanyu Guo,,,Hanyu Guo,Dominika Salkova,CHN,CZE,,31,330149,323087,,,,,,,,,,,,,,,,,,,,,,,,,,,,,,,,,,,,,,,,,,,,,,,,,,,,,,,,,,,,,,,,,,,,,,,,,,,5-7,1-6,,"5-7,1-6",901,2026,,,,,,2,2026-01-13,,,,,,,,,,,,,,,,,,,,,,,,,,,,,,,,,,,,,,,,,,"5-7,1-6",,,,,,,,,,,
901,2026,AUSTRALIAN OPEN,Grand Slam,2026-01-18,2026-02-01,Hard,MELBOURNE,AUSTRALIA,128.0,,USD,RS67662438,2026-01-13,,Tamara Korpatsch,Miriam Bianca Bulgaru,DEU,ROU,14.0,,6-4,6-7(7),6-2,,319571,323119,AUSTRALIAN OPEN,"Australian Open - Melbourne, AUS",2026.0,,319571,323119,319571,323119,Tamara Korpatsch,Miriam Bianca Bulgaru,,,Tamara Korpatsch,Miriam Bianca Bulgaru,DEU,ROU,14,,319571,323119,,,,,,,,,,,,,,,,,,,,,,,,,,,,,,,,,,,,,,,,,,,,,,,,,,,,,,,,,,,,,,,,,,,,,,,,,,,6-4,6-7(7),6-2,"6-4,6(9)-7,6-2",901,2026,,,,,,3,2026-01-13,,,,,,,,,,,,,,,,,,,,,,,,,,,,,,,,,,,,,,9.0,7.0,,,"6-4,6(9)-7,6-2",,,,,,,,,,,
901,2026,AUSTRALIAN OPEN,Grand Slam,2026-01-18,2026-02-01,Hard,MELBOURNE,AUSTRALIA,128.0,,USD,RS67662534,2026-01-13,,Darja Vidmanova,Mingge Xu,CZE,GBR,,,6-3,2-6,6-2,,501894,331725,AUSTRALIAN OPEN,"Australian Open - Melbourne, AUS",2026.0,,501894,331725,501894,331725,Darja Vidmanova,Mingge Xu,,,Darja Vidmanova,Mingge Xu,CZE,GBR,,,501894,331725,,,,,,,,,,,,,,,,,,,,,,,,,,,,,,,,,,,,,,,,,,,,,,,,,,,,,,,,,,,,,,,,,,,,,,,,,,,6-3,2-6,6-2,"6-3,2-6,6-2",901,2026,,,,,,3,2026-01-13,,,,,,,,,,,,,,,,,,,,,,,,,,,,,,,,,,,,,,,,,,"6-3,2-6,6-2",,,,,,,,,,,
901,2026,AUSTRALIAN OPEN,Grand Slam,2026-01-18,2026-02-01,Hard,MELBOURNE,AUSTRALIA,128.0,,USD,RS67662434,2026-01-13,,Claire Liu,Tara Wuerth,USA,HRV,,,6-3,6-4,,,179300,676251,AUSTRALIAN OPEN,"Australian Open - Melbourne, AUS",2026.0,,676251,179300,676251,179300,Claire Liu,Tara Wuerth,,,Tara Wuerth,Claire Liu,HRV,USA,,,179300,676251,,,,,,,,,,,,,,,,,,,,,,,,,,,,,,,,,,,,,,,,,,,,,,,,,,,,,,,,,,,,,,,,,,,,,,,,,,,3-6,4-6,,"3-6,4-6",901,2026,,,,,,2,2026-01-13,,,,,,,,,,,,,,,,,,,,,,,,,,,,,,,,,,,,,,,,,,"3-6,4-6",,,,,,,,,,,
901,2026,AUSTRALIAN OPEN,Grand Slam,2026-01-18,2026-02-01,Hard,MELBOURNE,AUSTRALIA,128.0,,USD,RS67662510,2026-01-13,,Yue Yuan,Louisa Chirico,CHN,USA,25.0,,3-6,6-1,6-2,,324325,320218,AUSTRALIAN OPEN,"Australian Open - Melbourne, AUS",2026.0,,320218,324325,320218,324325,Yue Yuan,Louisa Chirico,,,Louisa Chirico,Yue Yuan,USA,CHN,,25,324325,320218,,,,,,,,,,,,,,,,,,,,,,,,,,,,,,,,,,,,,,,,,,,,,,,,,,,,,,,,,,,,,,,,,,,,,,,,,,,6-3,1-6,2-6,"6-3,1-6,2-6",901,2026,,,,,,3,2026-01-13,,,,,,,,,,,,,,,,,,,,,,,,,,,,,,,,,,,,,,,,,,"6-3,1-6,2-6",,,,,,,,,,,
901,2026,AUSTRALIAN OPEN,Grand Slam,2026-01-18,2026-02-01,Hard,MELBOURNE,AUSTRALIA,128.0,,USD,RS67662512,2026-01-13,,Maria Carle,Polina Iatcenko,ARG,,,,6-3,6-3,,,322638,750327,AUSTRALIAN OPEN,"Australian Open - Melbourne, AUS",2026.0,,750327,322638,750327,322638,Maria Carle,Polina Iatcenko,,,Polina Iatcenko,Maria Carle,,ARG,,,322638,750327,,,,,,,,,,,,,,,,,,,,,,,,,,,,,,,,,,,,,,,,,,,,,,,,,,,,,,,,,,,,,,,,,,,,,,,,,,,3-6,3-6,,"3-6,3-6",901,2026,,,,,,2,2026-01-13,,,,,,,,,,,,,,,,,,,,,,,,,,,,,,,,,,,,,,,,,,"3-6,3-6",,,,,,,,,,,
901,2026,AUSTRALIAN OPEN,Grand Slam,2026-01-18,2026-02-01,Hard,MELBOURNE,AUSTRALIA,128.0,,USD,RS67696962,2026-01-13,,Chloe Paquet,Kristina Mladenovic,FRA,FRA,,,6-2,6-7(3),6-3,,318839,315616,AUSTRALIAN OPEN,"Australian Open - Melbourne, AUS",2026.0,,318839,315616,318839,315616,Chloe Paquet,Kristina Mladenovic,,,Chloe Paquet,Kristina Mladenovic,FRA,FRA,,,318839,315616,,,,,,,,,,,,,,,,,,,,,,,,,,,,,,,,,,,,,,,,,,,,,,,,,,,,,,,,,,,,,,,,,,,,,,,,,,,6-2,6-7(3),6-3,"6-2,6(7)-7,6-3",901,2026,,,,,,3,2026-01-13,,,,,,,,,,,,,,,,,,,,,,,,,,,,,,,,,,,,,,7.0,3.0,,,"6-2,6(7)-7,6-3",,,,,,,,,,,
901,2026,AUSTRALIAN OPEN,Grand Slam,2026-01-18,2026-02-01,Hard,MELBOURNE,AUSTRALIA,128.0,,USD,RS67662420,2026-01-13,,Lucrezia Stefanini,Eva Vedder,ITA,NLD,26.0,,6-4,6-2,,,323149,215598,AUSTRALIAN OPEN,"Australian Open - Melbourne, AUS",2026.0,,215598,323149,215598,323149,Lucrezia Stefanini,Eva Vedder,,,Eva Vedder,Lucrezia Stefanini,NLD,ITA,,26,323149,215598,,,,,,,,,,,,,,,,,,,,,,,,,,,,,,,,,,,,,,,,,,,,,,,,,,,,,,,,,,,,,,,,,,,,,,,,,,,4-6,2-6,,"4-6,2-6",901,2026,,,,,,2,2026-01-13,,,,,,,,,,,,,,,,,,,,,,,,,,,,,,,,,,,,,,,,,,"4-6,2-6",,,,,,,,,,,
901,2026,AUSTRALIAN OPEN,Grand Slam,2026-01-18,2026-02-01,Hard,MELBOURNE,AUSTRALIA,128.0,,USD,RS67662536,2026-01-13,,Zhuoxuan Bai,Alina Korneeva,CHN,,,,6-4,6-3,,,327196,845268,AUSTRALIAN OPEN,"Australian Open - Melbourne, AUS",2026.0,,327196,845268,327196,845268,Zhuoxuan Bai,Alina Korneeva,,,Zhuoxuan Bai,Alina Korneeva,CHN,,,,327196,845268,,,,,,,,,,,,,,,,,,,,,,,,,,,,,,,,,,,,,,,,,,,,,,,,,,,,,,,,,,,,,,,,,,,,,,,,,,,6-4,6-3,,"6-4,6-3",901,2026,,,,,,2,2026-01-13,,,,,,,,,,,,,,,,,,,,,,,,,,,,,,,,,,,,,,,,,,"6-4,6-3",,,,,,,,,,,
901,2026,AUSTRALIAN OPEN,Grand Slam,2026-01-18,2026-02-01,Hard,MELBOURNE,AUSTRALIA,128.0,,USD,RS67662430,2026-01-13,,Carol Young Suh Lee,Hanne Vandewinkel,USA,BEL,,15.0,3-6,6-3,6-4,,356694,331102,AUSTRALIAN OPEN,"Australian Open - Melbourne, AUS",2026.0,,331102,356694,331102,356694,Carol Young Suh Lee,Hanne Vandewinkel,,,Hanne Vandewinkel,Carol Young Suh Lee,BEL,USA,15,,356694,331102,,,,,,,,,,,,,,,,,,,,,,,,,,,,,,,,,,,,,,,,,,,,,,,,,,,,,,,,,,,,,,,,,,,,,,,,,,,6-3,3-6,4-6,"6-3,3-6,4-6",901,2026,,,,,,3,2026-01-13,,,,,,,,,,,,,,,,,,,,,,,,,,,,,,,,,,,,,,,,,,"6-3,3-6,4-6",,,,,,,,,,,
901,2026,AUSTRALIAN OPEN,Grand Slam,2026-01-18,2026-02-01,Hard,MELBOURNE,AUSTRALIA,128.0,,USD,RS67662428,2026-01-13,,Elena Micic,Carole Monnet,AUS,FRA,,,6-4,4-6,6-1,,731427,325991,AUSTRALIAN OPEN,"Australian Open - Melbourne, AUS",2026.0,,325991,731427,325991,731427,Elena Micic,Carole Monnet,,,Carole Monnet,Elena Micic,FRA,AUS,,,731427,325991,,,,,,,,,,,,,,,,,,,,,,,,,,,,,,,,,,,,,,,,,,,,,,,,,,,,,,,,,,,,,,,,,,,,,,,,,,,4-6,6-4,1-6,"4-6,6-4,1-6",901,2026,,,,,,3,2026-01-13,,,,,,,,,,,,,,,,,,,,,,,,,,,,,,,,,,,,,,,,,,"4-6,6-4,1-6",,,,,,,,,,,
901,2026,AUSTRALIAN OPEN,Grand Slam,2026-01-18,2026-02-01,Hard,MELBOURNE,AUSTRALIA,128.0,,USD,RS67662482,2026-01-13,,Carson Branstine,Astra Sharma,CAN,AUS,,,7-6(3),2-6,6-3,,324361,319696,AUSTRALIAN OPEN,"Australian Open - Melbourne, AUS",2026.0,,319696,324361,319696,324361,Carson Branstine,Astra Sharma,,,Astra Sharma,Carson Branstine,AUS,CAN,,,324361,319696,,,,,,,,,,,,,,,,,,,,,,,,,,,,,,,,,,,,,,,,,,,,,,,,,,,,,,,,,,,,,,,,,,,,,,,,,,,6-7(3),6-2,3-6,"6(7)-7,6-2,3-6",901,2026,,,,,,3,2026-01-13,,,,,,,,,,,,,,,,,,,,,,,,,,,,,,,,,,,,7.0,3.0,,,,,"6(7)-7,6-2,3-6",,,,,,,,,,,
901,2026,AUSTRALIAN OPEN,Grand Slam,2026-01-18,2026-02-01,Hard,MELBOURNE,AUSTRALIA,128.0,,USD,RS67662480,2026-01-13,,Daria Snigur,Katarzyna Kawa,UKR,POL,,24.0,6-1,2-6,6-2,,327845,315806,AUSTRALIAN OPEN,"Australian Open - Melbourne, AUS",2026.0,,327845,315806,327845,315806,Daria Snigur,Katarzyna Kawa,,,Daria Snigur,Katarzyna Kawa,UKR,POL,,24,327845,315806,,,,,,,,,,,,,,,,,,,,,,,,,,,,,,,,,,,,,,,,,,,,,,,,,,,,,,,,,,,,,,,,,,,,,,,,,,,6-1,2-6,6-2,"6-1,2-6,6-2",901,2026,,,,,,3,2026-01-13,,,,,,,,,,,,,,,,,,,,,,,,,,,,,,,,,,,,,,,,,,"6-1,2-6,6-2",,,,,,,,,,,
901,2026,AUSTRALIAN OPEN,Grand Slam,2026-01-18,2026-02-01,Hard,MELBOURNE,AUSTRALIA,128.0,,USD,RS67670336,2026-01-13,,Whitney Osuigwe,Anastasija Sevastova,USA,LVA,,,6-2,6-0,,,326101,313987,AUSTRALIAN OPEN,"Australian Open - Melbourne, AUS",2026.0,,313987,326101,313987,326101,Whitney Osuigwe,Anastasija Sevastova,,,Anastasija Sevastova,Whitney Osuigwe,LVA,USA,,,326101,313987,,,,,,,,,,,,,,,,,,,,,,,,,,,,,,,,,,,,,,,,,,,,,,,,,,,,,,,,,,,,,,,,,,,,,,,,,,,2-6,0-6,,"2-6,0-6",901,2026,,,,,,2,2026-01-13,,,,,,,,,,,,,,,,,,,,,,,,,,,,,,,,,,,,,,,,,,"2-6,0-6",,,,,,,,,,,
901,2026,AUSTRALIAN OPEN,Grand Slam,2026-01-18,2026-02-01,Hard,MELBOURNE,AUSTRALIA,128.0,,USD,RS67662466,2026-01-12,,Anouk Koevermans,Tahlia Kokkinis,NLD,AUS,,,6-3,6-3,,,328988,942017,AUSTRALIAN OPEN,"Australian Open - Melbourne, AUS",2026.0,,942017,328988,942017,328988,Anouk Koevermans,Tahlia Kokkinis,,,Tahlia Kokkinis,Anouk Koevermans,AUS,NLD,,,328988,942017,,,,,,,,,,,,,,,,,,,,,,,,,,,,,,,,,,,,,,,,,,,,,,,,,,,,,,,,,,,,,,,,,,,,,,,,,,,3-6,3-6,,"3-6,3-6",901,2026,,,,,,2,2026-01-12,,,,,,,,,,,,,,,,,,,,,,,,,,,,,,,,,,,,,,,,,,"3-6,3-6",,,,,,,,,,,
901,2026,AUSTRALIAN OPEN,Grand Slam,2026-01-18,2026-02-01,Hard,MELBOURNE,AUSTRALIA,128.0,,USD,RS67662452,2026-01-12,,Harmony Tan,Jessica Pieri,FRA,ITA,,,7-6(4),2-6,6-4,,320016,96237,AUSTRALIAN OPEN,"Australian Open - Melbourne, AUS",2026.0,,96237,320016,96237,320016,Harmony Tan,Jessica Pieri,,,Jessica Pieri,Harmony Tan,ITA,FRA,,,320016,96237,,,,,,,,,,,,,,,,,,,,,,,,,,,,,,,,,,,,,,,,,,,,,,,,,,,,,,,,,,,,,,,,,,,,,,,,,,,6-7(4),6-2,4-6,"6(7)-7,6-2,4-6",901,2026,,,,,,3,2026-01-12,,,,,,,,,,,,,,,,,,,,,,,,,,,,,,,,,,,,7.0,4.0,,,,,"6(7)-7,6-2,4-6",,,,,,,,,,,
901,2026,AUSTRALIAN OPEN,Grand Slam,2026-01-18,2026-02-01,Hard,MELBOURNE,AUSTRALIA,128.0,,USD,RS67662454,2026-01-12,,Greet Minnen,Francisca Jorge,BEL,PRT,12.0,,6-2,6-3,,,321454,210558,AUSTRALIAN OPEN,"Australian Open - Melbourne, AUS",2026.0,,321454,210558,321454,210558,Greet Minnen,Francisca Jorge,,,Greet Minnen,Francisca Jorge,BEL,PRT,12,,321454,210558,,,,,,,,,,,,,,,,,,,,,,,,,,,,,,,,,,,,,,,,,,,,,,,,,,,,,,,,,,,,,,,,,,,,,,,,,,,6-2,6-3,,"6-2,6-3",901,2026,,,,,,2,2026-01-12,,,,,,,,,,,,,,,,,,,,,,,,,,,,,,,,,,,,,,,,,,"6-2,6-3",,,,,,,,,,,
901,2026,AUSTRALIAN OPEN,Grand Slam,2026-01-18,2026-02-01,Hard,MELBOURNE,AUSTRALIA,128.0,,USD,RS67662456,2026-01-12,,Lola Radivojevic,Alana Subasic,SRB,AUS,27.0,,3-6,6-1,6-4,,330751,967809,AUSTRALIAN OPEN,"Australian Open - Melbourne, AUS",2026.0,,967809,330751,967809,330751,Lola Radivojevic,Alana Subasic,,,Alana Subasic,Lola Radivojevic,AUS,SRB,,27,330751,967809,,,,,,,,,,,,,,,,,,,,,,,,,,,,,,,,,,,,,,,,,,,,,,,,,,,,,,,,,,,,,,,,,,,,,,,,,,,6-3,1-6,4-6,"6-3,1-6,4-6",901,2026,,,,,,3,2026-01-12,,,,,,,,,,,,,,,,,,,,,,,,,,,,,,,,,,,,,,,,,,"6-3,1-6,4-6",,,,,,,,,,,
901,2026,AUSTRALIAN OPEN,Grand Slam,2026-01-18,2026-02-01,Hard,MELBOURNE,AUSTRALIA,128.0,,USD,RS67662458,2026-01-12,,Storm Hunter,Ekaterine Gorgodze,AUS,GEO,,,7-5,6-3,,,317810,48486,AUSTRALIAN OPEN,"Australian Open - Melbourne, AUS",2026.0,,317810,48486,317810,48486,Storm Hunter,Ekaterine Gorgodze,,,Storm Hunter,Ekaterine Gorgodze,AUS,GEO,,,317810,48486,,,,,,,,,,,,,,,,,,,,,,,,,,,,,,,,,,,,,,,,,,,,,,,,,,,,,,,,,,,,,,,,,,,,,,,,,,,7-5,6-3,,"7-5,6-3",901,2026,,,,,,2,2026-01-12,,,,,,,,,,,,,,,,,,,,,,,,,,,,,,,,,,,,,,,,,,"7-5,6-3",,,,,,,,,,,
901,2026,AUSTRALIAN OPEN,Grand Slam,2026-01-18,2026-02-01,Hard,MELBOURNE,AUSTRALIA,128.0,,USD,RS67662464,2026-01-12,,Anhelina Kalinina,Joanna Garland,UKR,TPE,,19.0,7-5,6-2,,,320567,326512,AUSTRALIAN OPEN,"Australian Open - Melbourne, AUS",2026.0,,320567,326512,320567,326512,Anhelina Kalinina,Joanna Garland,,,Anhelina Kalinina,Joanna Garland,UKR,TPE,,19,320567,326512,,,,,,,,,,,,,,,,,,,,,,,,,,,,,,,,,,,,,,,,,,,,,,,,,,,,,,,,,,,,,,,,,,,,,,,,,,,7-5,6-2,,"7-5,6-2",901,2026,,,,,,2,2026-01-12,,,,,,,,,,,,,,,,,,,,,,,,,,,,,,,,,,,,,,,,,,"7-5,6-2",,,,,,,,,,,
901,2026,AUSTRALIAN OPEN,Grand Slam,2026-01-18,2026-02-01,Hard,MELBOURNE,AUSTRALIA,128.0,,USD,RS67662518,2026-01-12,,Yexin MA,Varvara Lepchenko,CHN,USA,,32.0,6-1,6-3,,,132988,120420,AUSTRALIAN OPEN,"Australian Open - Melbourne, AUS",2026.0,,132988,120420,132988,120420,Yexin MA,Varvara Lepchenko,,,Yexin MA,Varvara Lepchenko,CHN,USA,,32,132988,120420,,,,,,,,,,,,,,,,,,,,,,,,,,,,,,,,,,,,,,,,,,,,,,,,,,,,,,,,,,,,,,,,,,,,,,,,,,,6-1,6-3,,"6-1,6-3",901,2026,,,,,,2,2026-01-12,,,,,,,,,,,,,,,,,,,,,,,,,,,,,,,,,,,,,,,,,,"6-1,6-3",,,,,,,,,,,
901,2026,AUSTRALIAN OPEN,Grand Slam,2026-01-18,2026-02-01,Hard,MELBOURNE,AUSTRALIA,128.0,,USD,RS67662520,2026-01-12,,Elvina Kalieva,Sijia Wei,USA,CHN,,,4-6,6-2,3-2,,380396,328426,AUSTRALIAN OPEN,"Australian Open - Melbourne, AUS",2026.0,,328426,380396,328426,380396,Elvina Kalieva,Sijia Wei,,,Sijia Wei,Elvina Kalieva,CHN,USA,,,380396,328426,,,,,,,,,,,,,,,,,,,,,,,,,,,,,,,,,,,,,,,,,,,,,,,,,,,,,,,,,,,,,,,,,,,,,,,,,,,6-4,2-6,2-3,"6-4,2-6,2-3",901,2026,,,,,,3,2026-01-12,,,,,,,,,,,,,,,,,,,,,,,,,,,,,,,,,,,,,,,,,,"6-4,2-6,2-3",,,,,,,,,,,
901,2026,AUSTRALIAN OPEN,Grand Slam,2026-01-18,2026-02-01,Hard,MELBOURNE,AUSTRALIA,128.0,,USD,RS67662426,2026-01-12,,Fiona Ferro,Yeon Woo Ku,FRA,KOR,,,6-3,6-2,,,319969,335165,AUSTRALIAN OPEN,"Australian Open - Melbourne, AUS",2026.0,,319969,335165,319969,335165,Fiona Ferro,Yeon Woo Ku,,,Fiona Ferro,Yeon Woo Ku,FRA,KOR,,,319969,335165,,,,,,,,,,,,,,,,,,,,,,,,,,,,,,,,,,,,,,,,,,,,,,,,,,,,,,,,,,,,,,,,,,,,,,,,,,,6-3,6-2,,"6-3,6-2",901,2026,,,,,,2,2026-01-12,,,,,,,,,,,,,,,,,,,,,,,,,,,,,,,,,,,,,,,,,,"6-3,6-2",,,,,,,,,,,
901,2026,AUSTRALIAN OPEN,Grand Slam,2026-01-18,2026-02-01,Hard,MELBOURNE,AUSTRALIA,128.0,,USD,RS67662424,2026-01-12,,Linda Fruhvirtova,Anna-Lena Friedsam,CZE,DEU,20.0,,2-6,6-2,6-3,,329627,319091,AUSTRALIAN OPEN,"Australian Open - Melbourne, AUS",2026.0,,319091,329627,319091,329627,Linda Fruhvirtova,Anna-Lena Friedsam,,,Anna-Lena Friedsam,Linda Fruhvirtova,DEU,CZE,,20,329627,319091,,,,,,,,,,,,,,,,,,,,,,,,,,,,,,,,,,,,,,,,,,,,,,,,,,,,,,,,,,,,,,,,,,,,,,,,,,,6-2,2-6,3-6,"6-2,2-6,3-6",901,2026,,,,,,3,2026-01-12,,,,,,,,,,,,,,,,,,,,,,,,,,,,,,,,,,,,,,,,,,"6-2,2-6,3-6",,,,,,,,,,,
901,2026,AUSTRALIAN OPEN,Grand Slam,2026-01-18,2026-02-01,Hard,MELBOURNE,AUSTRALIA,128.0,,USD,RS67662472,2026-01-12,,Marina Stakusic,Nuria Parrizas Diaz,CAN,ESP,17.0,,6-3,6-2,,,329614,314359,AUSTRALIAN OPEN,"Australian Open - Melbourne, AUS",2026.0,,314359,329614,314359,329614,Marina Stakusic,Nuria Parrizas Diaz,,,Nuria Parrizas Diaz,Marina Stakusic,ESP,CAN,,17,329614,314359,,,,,,,,,,,,,,,,,,,,,,,,,,,,,,,,,,,,,,,,,,,,,,,,,,,,,,,,,,,,,,,,,,,,,,,,,,,3-6,2-6,,"3-6,2-6",901,2026,,,,,,2,2026-01-12,,,,,,,,,,,,,,,,,,,,,,,,,,,,,,,,,,,,,,,,,,"3-6,2-6",,,,,,,,,,,
901,2026,AUSTRALIAN OPEN,Grand Slam,2026-01-18,2026-02-01,Hard,MELBOURNE,AUSTRALIA,128.0,,USD,RS67662516,2026-01-12,,Lina Gjorcheska,Sinja Kraus,MKD,AUT,,4.0,7-5,6-0,,,67743,327061,AUSTRALIAN OPEN,"Australian Open - Melbourne, AUS",2026.0,,327061,67743,327061,67743,Lina Gjorcheska,Sinja Kraus,,,Sinja Kraus,Lina Gjorcheska,AUT,MKD,4,,67743,327061,,,,,,,,,,,,,,,,,,,,,,,,,,,,,,,,,,,,,,,,,,,,,,,,,,,,,,,,,,,,,,,,,,,,,,,,,,,5-7,0-6,,"5-7,0-6",901,2026,,,,,,2,2026-01-12,,,,,,,,,,,,,,,,,,,,,,,,,,,,,,,,,,,,,,,,,,"5-7,0-6",,,,,,,,,,,
901,2026,AUSTRALIAN OPEN,Grand Slam,2026-01-18,2026-02-01,Hard,MELBOURNE,AUSTRALIA,128.0,,USD,RS67662514,2026-01-12,,Tamara Zidansek,Jessika Ponchet,SVN,FRA,,,7-6(3),6-3,,,323079,319421,AUSTRALIAN OPEN,"Australian Open - Melbourne, AUS",2026.0,,323079,319421,323079,319421,Tamara Zidansek,Jessika Ponchet,,,Tamara Zidansek,Jessika Ponchet,SVN,FRA,,,323079,319421,,,,,,,,,,,,,,,,,,,,,,,,,,,,,,,,,,,,,,,,,,,,,,,,,,,,,,,,,,,,,,,,,,,,,,,,,,,7-6(3),6-3,,"7-6(7),6-3",901,2026,,,,,,2,2026-01-12,,,,,,,,,,,,,,,,,,,,,,,,,,,,,,,,,,,,7.0,3.0,,,,,"7-6(7),6-3",,,,,,,,,,,
901,2026,AUSTRALIAN OPEN,Grand Slam,2026-01-18,2026-02-01,Hard,MELBOURNE,AUSTRALIA,128.0,,USD,RS67662460,2026-01-12,,Jazmin Ortenzi,Alice Rame,ARG,FRA,,,5-7,6-3,6-4,,337811,135192,AUSTRALIAN OPEN,"Australian Open - Melbourne, AUS",2026.0,,135192,337811,135192,337811,Jazmin Ortenzi,Alice Rame,,,Alice Rame,Jazmin Ortenzi,FRA,ARG,,,337811,135192,,,,,,,,,,,,,,,,,,,,,,,,,,,,,,,,,,,,,,,,,,,,,,,,,,,,,,,,,,,,,,,,,,,,,,,,,,,7-5,3-6,4-6,"7-5,3-6,4-6",901,2026,,,,,,3,2026-01-12,,,,,,,,,,,,,,,,,,,,,,,,,,,,,,,,,,,,,,,,,,"7-5,3-6,4-6",,,,,,,,,,,
901,2026,AUSTRALIAN OPEN,Grand Slam,2026-01-18,2026-02-01,Hard,MELBOURNE,AUSTRALIA,128.0,,USD,RS67662504,2026-01-12,,Justina Mikulskyte,Camilla Rosatello,LTU,ITA,,,6-3,6-2,,,323677,318201,AUSTRALIAN OPEN,"Australian Open - Melbourne, AUS",2026.0,,318201,323677,318201,323677,Justina Mikulskyte,Camilla Rosatello,,,Camilla Rosatello,Justina Mikulskyte,ITA,LTU,,,323677,318201,,,,,,,,,,,,,,,,,,,,,,,,,,,,,,,,,,,,,,,,,,,,,,,,,,,,,,,,,,,,,,,,,,,,,,,,,,,3-6,2-6,,"3-6,2-6",901,2026,,,,,,2,2026-01-12,,,,,,,,,,,,,,,,,,,,,,,,,,,,,,,,,,,,,,,,,,"3-6,2-6",,,,,,,,,,,
901,2026,AUSTRALIAN OPEN,Grand Slam,2026-01-18,2026-02-01,Hard,MELBOURNE,AUSTRALIA,128.0,,USD,RS67662502,2026-01-12,,Anastasia Gasanova,Kaitlin Quevedo,,ESP,,30.0,7-6(3),6-3,,,130624,874195,AUSTRALIAN OPEN,"Australian Open - Melbourne, AUS",2026.0,,130624,874195,130624,874195,Anastasia Gasanova,Kaitlin Quevedo,,,Anastasia Gasanova,Kaitlin Quevedo,,ESP,,30,130624,874195,,,,,,,,,,,,,,,,,,,,,,,,,,,,,,,,,,,,,,,,,,,,,,,,,,,,,,,,,,,,,,,,,,,,,,,,,,,7-6(3),6-3,,"7-6(7),6-3",901,2026,,,,,,2,2026-01-12,,,,,,,,,,,,,,,,,,,,,,,,,,,,,,,,,,,,7.0,3.0,,,,,"7-6(7),6-3",,,,,,,,,,,
901,2026,AUSTRALIAN OPEN,Grand Slam,2026-01-18,2026-02-01,Hard,MELBOURNE,AUSTRALIA,128.0,,USD,RS67662474,2026-01-12,,Teodora Kostovic,Tereza Mrdeza,SRB,HRV,,,6-0,6-3,,,1020125,41287,AUSTRALIAN OPEN,"Australian Open - Melbourne, AUS",2026.0,,41287,1020125,41287,1020125,Teodora Kostovic,Tereza Mrdeza,,,Tereza Mrdeza,Teodora Kostovic,HRV,SRB,,,1020125,41287,,,,,,,,,,,,,,,,,,,,,,,,,,,,,,,,,,,,,,,,,,,,,,,,,,,,,,,,,,,,,,,,,,,,,,,,,,,0-6,3-6,,"0-6,3-6",901,2026,,,,,,2,2026-01-12,,,,,,,,,,,,,,,,,,,,,,,,,,,,,,,,,,,,,,,,,,"0-6,3-6",,,,,,,,,,,
901,2026,AUSTRALIAN OPEN,Grand Slam,2026-01-18,2026-02-01,Hard,MELBOURNE,AUSTRALIA,128.0,,USD,RS67670340,2026-01-12,,Aliaksandra Sasnovich,Ksenia Efremova,,FRA,8.0,,6-3,6-1,,,317790,334255,AUSTRALIAN OPEN,"Australian Open - Melbourne, AUS",2026.0,,317790,334255,317790,334255,Aliaksandra Sasnovich,Ksenia Efremova,,,Aliaksandra Sasnovich,Ksenia Efremova,,FRA,8,,317790,334255,,,,,,,,,,,,,,,,,,,,,,,,,,,,,,,,,,,,,,,,,,,,,,,,,,,,,,,,,,,,,,,,,,,,,,,,,,,6-3,6-1,,"6-3,6-1",901,2026,,,,,,2,2026-01-12,,,,,,,,,,,,,,,,,,,,,,,,,,,,,,,,,,,,,,,,,,"6-3,6-1",,,,,,,,,,,
901,2026,AUSTRALIAN OPEN,Grand Slam,2026-01-18,2026-02-01,Hard,MELBOURNE,AUSTRALIA,128.0,,USD,RS67662484,2026-01-12,,Kathinka Von Deichmann,Renee Alame,LIE,AUS,,,3-6,7-5,6-1,,317286,1075816,AUSTRALIAN OPEN,"Australian Open - Melbourne, AUS",2026.0,,317286,1075816,317286,1075816,Kathinka Von Deichmann,Renee Alame,,,Kathinka Von Deichmann,Renee Alame,LIE,AUS,,,317286,1075816,,,,,,,,,,,,,,,,,,,,,,,,,,,,,,,,,,,,,,,,,,,,,,,,,,,,,,,,,,,,,,,,,,,,,,,,,,,3-6,7-5,6-1,"3-6,7-5,6-1",901,2026,,,,,,3,2026-01-12,,,,,,,,,,,,,,,,,,,,,,,,,,,,,,,,,,,,,,,,,,"3-6,7-5,6-1",,,,,,,,,,,
901,2026,AUSTRALIAN OPEN,Grand Slam,2026-01-18,2026-02-01,Hard,MELBOURNE,AUSTRALIA,128.0,,USD,RS67662462,2026-01-12,,Taylor Townsend,Nao Hibino,USA,JPN,11.0,,6-7(3),6-0,7-5,,318609,320238,AUSTRALIAN OPEN,"Australian Open - Melbourne, AUS",2026.0,,318609,320238,318609,320238,Taylor Townsend,Nao Hibino,,,Taylor Townsend,Nao Hibino,USA,JPN,11,,318609,320238,,,,,,,,,,,,,,,,,,,,,,,,,,,,,,,,,,,,,,,,,,,,,,,,,,,,,,,,,,,,,,,,,,,,,,,,,,,6-7(3),6-0,7-5,"6(7)-7,6-0,7-5",901,2026,,,,,,3,2026-01-12,,,,,,,,,,,,,,,,,,,,,,,,,,,,,,,,,,,,7.0,3.0,,,,,"6(7)-7,6-0,7-5",,,,,,,,,,,
901,2026,AUSTRALIAN OPEN,Grand Slam,2026-01-18,2026-02-01,Hard,MELBOURNE,AUSTRALIA,128.0,,USD,RS67662470,2026-01-12,,Rebeka Masarova,Alina Charaeva,CHE,,10.0,,6-3,6-7(2),7-6(5),,322087,341216,AUSTRALIAN OPEN,"Australian Open - Melbourne, AUS",2026.0,,322087,341216,322087,341216,Rebeka Masarova,Alina Charaeva,,,Rebeka Masarova,Alina Charaeva,CHE,,10,,322087,341216,,,,,,,,,,,,,,,,,,,,,,,,,,,,,,,,,,,,,,,,,,,,,,,,,,,,,,,,,,,,,,,,,,,,,,,,,,,6-3,6-7(2),7-6(5),"6-3,6(7)-7,7-6(10)",901,2026,,,,,,3,2026-01-12,,,,,,,,,,,,,,,,,,,,,,,,,,,,,,,,,,,,,,7.0,2.0,7.0,5.0,"6-3,6(7)-7,7-6(10)",,,,,,,,,,,
901,2026,AUSTRALIAN OPEN,Grand Slam,2026-01-18,2026-02-01,Hard,MELBOURNE,AUSTRALIA,128.0,,USD,RS67662448,2026-01-12,,Linda Klimovicova,Stefani Webb,POL,AUS,23.0,,6-2,6-1,,,329061,866031,AUSTRALIAN OPEN,"Australian Open - Melbourne, AUS",2026.0,,866031,329061,866031,329061,Linda Klimovicova,Stefani Webb,,,Stefani Webb,Linda Klimovicova,AUS,POL,,23,329061,866031,,,,,,,,,,,,,,,,,,,,,,,,,,,,,,,,,,,,,,,,,,,,,,,,,,,,,,,,,,,,,,,,,,,,,,,,,,,2-6,1-6,,"2-6,1-6",901,2026,,,,,,2,2026-01-12,,,,,,,,,,,,,,,,,,,,,,,,,,,,,,,,,,,,,,,,,,"2-6,1-6",,,,,,,,,,,
901,2026,AUSTRALIAN OPEN,Grand Slam,2026-01-18,2026-02-01,Hard,MELBOURNE,AUSTRALIA,128.0,,USD,RS67662468,2026-01-12,,Maja Chwalinska,Madison Brengle,POL,USA,,,7-6(3),6-3,,,325639,19610,AUSTRALIAN OPEN,"Australian Open - Melbourne, AUS",2026.0,,325639,19610,325639,19610,Maja Chwalinska,Madison Brengle,,,Maja Chwalinska,Madison Brengle,POL,USA,,,325639,19610,,,,,,,,,,,,,,,,,,,,,,,,,,,,,,,,,,,,,,,,,,,,,,,,,,,,,,,,,,,,,,,,,,,,,,,,,,,7-6(3),6-3,,"7-6(7),6-3",901,2026,,,,,,2,2026-01-12,,,,,,,,,,,,,,,,,,,,,,,,,,,,,,,,,,,,7.0,3.0,,,,,"7-6(7),6-3",,,,,,,,,,,
901,2026,AUSTRALIAN OPEN,Grand Slam,2026-01-18,2026-02-01,Hard,MELBOURNE,AUSTRALIA,128.0,,USD,RS67662524,2026-01-12,,Guiomar Maristany Zuleta de Reales,Maiar Sherif Ahmed Abdelaziz,ESP,EGY,,3.0,6-4,6-3,,,324786,318711,AUSTRALIAN OPEN,"Australian Open - Melbourne, AUS",2026.0,,318711,324786,318711,324786,Guiomar Maristany Zuleta de Reales,Maiar Sherif Ahmed Abdelaziz,,,Maiar Sherif Ahmed Abdelaziz,Guiomar Maristany Zuleta de Reales,EGY,ESP,3,,324786,318711,,,,,,,,,,,,,,,,,,,,,,,,,,,,,,,,,,,,,,,,,,,,,,,,,,,,,,,,,,,,,,,,,,,,,,,,,,,4-6,3-6,,"4-6,3-6",901,2026,,,,,,2,2026-01-12,,,,,,,,,,,,,,,,,,,,,,,,,,,,,,,,,,,,,,,,,,"4-6,3-6",,,,,,,,,,,
901,2026,AUSTRALIAN OPEN,Grand Slam,2026-01-18,2026-02-01,Hard,MELBOURNE,AUSTRALIA,128.0,,USD,RS67662450,2026-01-12,,Lizette Cabrera,Gabriela Knutson,AUS,CZE,,,7-5,6-0,,,320013,321367,AUSTRALIAN OPEN,"Australian Open - Melbourne, AUS",2026.0,,321367,320013,321367,320013,Lizette Cabrera,Gabriela Knutson,,,Gabriela Knutson,Lizette Cabrera,CZE,AUS,,,320013,321367,,,,,,,,,,,,,,,,,,,,,,,,,,,,,,,,,,,,,,,,,,,,,,,,,,,,,,,,,,,,,,,,,,,,,,,,,,,5-7,0-6,,"5-7,0-6",901,2026,,,,,,2,2026-01-12,,,,,,,,,,,,,,,,,,,,,,,,,,,,,,,,,,,,,,,,,,"5-7,0-6",,,,,,,,,,,
901,2026,AUSTRALIAN OPEN,Grand Slam,2026-01-18,2026-02-01,Hard,MELBOURNE,AUSTRALIA,128.0,,USD,RS67662522,2026-01-12,,Tatiana Prozorova,Andrea Lazaro Garcia,,ESP,,,6-2,6-4,,,330723,318080,AUSTRALIAN OPEN,"Australian Open - Melbourne, AUS",2026.0,,318080,330723,318080,330723,Tatiana Prozorova,Andrea Lazaro Garcia,,,Andrea Lazaro Garcia,Tatiana Prozorova,ESP,,,,330723,318080,,,,,,,,,,,,,,,,,,,,,,,,,,,,,,,,,,,,,,,,,,,,,,,,,,,,,,,,,,,,,,,,,,,,,,,,,,,2-6,4-6,,"2-6,4-6",901,2026,,,,,,2,2026-01-12,,,,,,,,,,,,,,,,,,,,,,,,,,,,,,,,,,,,,,,,,,"2-6,4-6",,,,,,,,,,,
901,2026,AUSTRALIAN OPEN,Grand Slam,2026-01-18,2026-02-01,Hard,MELBOURNE,AUSTRALIA,128.0,,USD,RS67662478,2026-01-12,,Victoria Jimenez Kasintseva,Kayla Cross,AND,CAN,9.0,,4-6,6-4,7-5,,330352,330960,AUSTRALIAN OPEN,"Australian Open - Melbourne, AUS",2026.0,,330352,330960,330352,330960,Victoria Jimenez Kasintseva,Kayla Cross,,,Victoria Jimenez Kasintseva,Kayla Cross,AND,CAN,9,,330352,330960,,,,,,,,,,,,,,,,,,,,,,,,,,,,,,,,,,,,,,,,,,,,,,,,,,,,,,,,,,,,,,,,,,,,,,,,,,,4-6,6-4,7-5,"4-6,6-4,7-5",901,2026,,,,,,3,2026-01-12,,,,,,,,,,,,,,,,,,,,,,,,,,,,,,,,,,,,,,,,,,"4-6,6-4,7-5",,,,,,,,,,,
901,2026,AUSTRALIAN OPEN,Grand Slam,2026-01-18,2026-02-01,Hard,MELBOURNE,AUSTRALIA,128.0,,USD,RS67662496,2026-01-12,,Viktoria Hruncakova,Sada Nahimana,SVK,BDI,,,6-3,6-1,,,129534,234398,AUSTRALIAN OPEN,"Australian Open - Melbourne, AUS",2026.0,,129534,234398,129534,234398,Viktoria Hruncakova,Sada Nahimana,,,Viktoria Hruncakova,Sada Nahimana,SVK,BDI,,,129534,234398,,,,,,,,,,,,,,,,,,,,,,,,,,,,,,,,,,,,,,,,,,,,,,,,,,,,,,,,,,,,,,,,,,,,,,,,,,,6-3,6-1,,"6-3,6-1",901,2026,,,,,,2,2026-01-12,,,,,,,,,,,,,,,,,,,,,,,,,,,,,,,,,,,,,,,,,,"6-3,6-1",,,,,,,,,,,
901,2026,AUSTRALIAN OPEN,Grand Slam,2026-01-18,2026-02-01,Hard,MELBOURNE,AUSTRALIA,128.0,,USD,RS67662494,2026-01-12,,Viktoriya Tomova,Bernarda Pera,BGR,USA,18.0,,1-6,6-4,6-0,,317584,317708,AUSTRALIAN OPEN,"Australian Open - Melbourne, AUS",2026.0,,317708,317584,317708,317584,Viktoriya Tomova,Bernarda Pera,,,Bernarda Pera,Viktoriya Tomova,USA,BGR,,18,317584,317708,,,,,,,,,,,,,,,,,,,,,,,,,,,,,,,,,,,,,,,,,,,,,,,,,,,,,,,,,,,,,,,,,,,,,,,,,,,6-1,4-6,0-6,"6-1,4-6,0-6",901,2026,,,,,,3,2026-01-12,,,,,,,,,,,,,,,,,,,,,,,,,,,,,,,,,,,,,,,,,,"6-1,4-6,0-6",,,,,,,,,,,
901,2026,AUSTRALIAN OPEN,Grand Slam,2026-01-18,2026-02-01,Hard,MELBOURNE,AUSTRALIA,128.0,,USD,RS67662476,2026-01-12,,Lin Zhu,Laura Pigossi,CHN,BRA,,,6-4,6-4,,,317306,317155,AUSTRALIAN OPEN,"Australian Open - Melbourne, AUS",2026.0,,317155,317306,317155,317306,Lin Zhu,Laura Pigossi,,,Laura Pigossi,Lin Zhu,BRA,CHN,,,317306,317155,,,,,,,,,,,,,,,,,,,,,,,,,,,,,,,,,,,,,,,,,,,,,,,,,,,,,,,,,,,,,,,,,,,,,,,,,,,4-6,4-6,,"4-6,4-6",901,2026,,,,,,2,2026-01-12,,,,,,,,,,,,,,,,,,,,,,,,,,,,,,,,,,,,,,,,,,"4-6,4-6",,,,,,,,,,,
901,2026,AUSTRALIAN OPEN,Grand Slam,2026-01-18,2026-02-01,Hard,MELBOURNE,AUSTRALIA,128.0,,USD,RS67662498,2026-01-12,,Despina Papamichail,Sachia Vickery,GRC,USA,,,6-3,7-5,,,45139,317443,AUSTRALIAN OPEN,"Australian Open - Melbourne, AUS",2026.0,,45139,317443,45139,317443,Despina Papamichail,Sachia Vickery,,,Despina Papamichail,Sachia Vickery,GRC,USA,,,45139,317443,,,,,,,,,,,,,,,,,,,,,,,,,,,,,,,,,,,,,,,,,,,,,,,,,,,,,,,,,,,,,,,,,,,,,,,,,,,6-3,7-5,,"6-3,7-5",901,2026,,,,,,2,2026-01-12,,,,,,,,,,,,,,,,,,,,,,,,,,,,,,,,,,,,,,,,,,"6-3,7-5",,,,,,,,,,,
901,2026,AUSTRALIAN OPEN,Grand Slam,2026-01-18,2026-02-01,Hard,MELBOURNE,AUSTRALIA,128.0,,USD,RS67662500,2026-01-12,,Yuliia Starodubtseva,Alice Tubello,UKR,FRA,6.0,,6-2,3-6,6-0,,325338,227490,AUSTRALIAN OPEN,"Australian Open - Melbourne, AUS",2026.0,,325338,227490,325338,227490,Yuliia Starodubtseva,Alice Tubello,,,Yuliia Starodubtseva,Alice Tubello,UKR,FRA,6,,325338,227490,,,,,,,,,,,,,,,,,,,,,,,,,,,,,,,,,,,,,,,,,,,,,,,,,,,,,,,,,,,,,,,,,,,,,,,,,,,6-2,3-6,6-0,"6-2,3-6,6-0",901,2026,,,,,,3,2026-01-12,,,,,,,,,,,,,,,,,,,,,,,,,,,,,,,,,,,,,,,,,,"6-2,3-6,6-0",,,,,,,,,,,
901,2026,AUSTRALIAN OPEN,Grand Slam,2026-01-18,2026-02-01,Hard,MELBOURNE,AUSTRALIA,128.0,,USD,RS67662526,2026-01-12,,Olivia Gadecki,Arantxa Rus,AUS,NLD,,22.0,6-2,6-4,,,326653,313349,AUSTRALIAN OPEN,"Australian Open - Melbourne, AUS",2026.0,,326653,313349,326653,313349,Olivia Gadecki,Arantxa Rus,,,Olivia Gadecki,Arantxa Rus,AUS,NLD,,22,326653,313349,,,,,,,,,,,,,,,,,,,,,,,,,,,,,,,,,,,,,,,,,,,,,,,,,,,,,,,,,,,,,,,,,,,,,,,,,,,6-2,6-4,,"6-2,6-4",901,2026,,,,,,2,2026-01-12,,,,,,,,,,,,,,,,,,,,,,,,,,,,,,,,,,,,,,,,,,"6-2,6-4",,,,,,,,,,,
901,2026,AUSTRALIAN OPEN,Grand Slam,2026-01-18,2026-02-01,Hard,MELBOURNE,AUSTRALIA,128.0,,USD,RS67670342,2026-01-12,,Sloane Stephens,Barbora Palicova,USA,CZE,,,6-1,7-5,,,315683,330363,AUSTRALIAN OPEN,"Australian Open - Melbourne, AUS",2026.0,,315683,330363,315683,330363,Sloane Stephens,Barbora Palicova,,,Sloane Stephens,Barbora Palicova,USA,CZE,,,315683,330363,,,,,,,,,,,,,,,,,,,,,,,,,,,,,,,,,,,,,,,,,,,,,,,,,,,,,,,,,,,,,,,,,,,,,,,,,,,6-1,7-5,,"6-1,7-5",901,2026,,,,,,2,2026-01-12,,,,,,,,,,,,,,,,,,,,,,,,,,,,,,,,,,,,,,,,,,"6-1,7-5",,,,,,,,,,,
901,2026,AUSTRALIAN OPEN,Grand Slam,2026-01-18,2026-02-01,Hard,MELBOURNE,AUSTRALIA,128.0,,USD,RS67662422,2026-01-11,,Nikola Bartunkova,Selena Janicijevic,CZE,FRA,16.0,,6-3,6-3,,,721779,329090,AUSTRALIAN OPEN,"Australian Open - Melbourne, AUS",2026.0,,721779,329090,721779,329090,Nikola Bartunkova,Selena Janicijevic,,,Nikola Bartunkova,Selena Janicijevic,CZE,FRA,16,,721779,329090,,,,,,,,,,,,,,,,,,,,,,,,,,,,,,,,,,,,,,,,,,,,,,,,,,,,,,,,,,,,,,,,,,,,,,,,,,,6-3,6-3,,"6-3,6-3",901,2026,,,,,,2,2026-01-11,,,,,,,,,,,,,,,,,,,,,,,,,,,,,,,,,,,,,,,,,,"6-3,6-3",,,,,,,,,,,
901,2026,AUSTRALIAN OPEN,Grand Slam,2026-01-18,2026-02-01,Hard,MELBOURNE,AUSTRALIA,128.0,,USD,RS67662506,2026-01-11,,Julia Riera,Ena Shibahara,ARG,JPN,,,6-4,1-6,6-3,,327287,322527,AUSTRALIAN OPEN,"Australian Open - Melbourne, AUS",2026.0,,327287,322527,327287,322527,Julia Riera,Ena Shibahara,,,Julia Riera,Ena Shibahara,ARG,JPN,,,327287,322527,,,,,,,,,,,,,,,,,,,,,,,,,,,,,,,,,,,,,,,,,,,,,,,,,,,,,,,,,,,,,,,,,,,,,,,,,,,6-4,1-6,6-3,"6-4,1-6,6-3",901,2026,,,,,,3,2026-01-11,,,,,,,,,,,,,,,,,,,,,,,,,,,,,,,,,,,,,,,,,,"6-4,1-6,6-3",,,,,,,,,,,
901,2026,AUSTRALIAN OPEN,Grand Slam,2026-01-18,2026-02-01,Hard,MELBOURNE,AUSTRALIA,128.0,,USD,RS67662508,2026-01-11,,Zeynep Sonmez,Laura Samson,TUR,CZE,5.0,,6-2,6-2,,,326907,1017327,AUSTRALIAN OPEN,"Australian Open - Melbourne, AUS",2026.0,,326907,1017327,326907,1017327,Zeynep Sonmez,Laura Samson,,,Zeynep Sonmez,Laura Samson,TUR,CZE,5,,326907,1017327,,,,,,,,,,,,,,,,,,,,,,,,,,,,,,,,,,,,,,,,,,,,,,,,,,,,,,,,,,,,,,,,,,,,,,,,,,,6-2,6-2,,"6-2,6-2",901,2026,,,,,,2,2026-01-11,,,,,,,,,,,,,,,,,,,,,,,,,,,,,,,,,,,,,,,,,,"6-2,6-2",,,,,,,,,,,
901,2026,AUSTRALIAN OPEN,Grand Slam,2026-01-18,2026-02-01,Hard,MELBOURNE,AUSTRALIA,128.0,,USD,RS67662528,2026-01-11,,Mary Stoiana,Nuria Brancaccio,USA,ITA,,,7-5,4-6,7-5,,679319,325433,AUSTRALIAN OPEN,"Australian Open - Melbourne, AUS",2026.0,,325433,679319,325433,679319,Mary Stoiana,Nuria Brancaccio,,,Nuria Brancaccio,Mary Stoiana,ITA,USA,,,679319,325433,,,,,,,,,,,,,,,,,,,,,,,,,,,,,,,,,,,,,,,,,,,,,,,,,,,,,,,,,,,,,,,,,,,,,,,,,,,5-7,6-4,5-7,"5-7,6-4,5-7",901,2026,,,,,,3,2026-01-11,,,,,,,,,,,,,,,,,,,,,,,,,,,,,,,,,,,,,,,,,,"5-7,6-4,5-7",,,,,,,,,,,
901,2026,AUSTRALIAN OPEN,Grand Slam,2026-01-18,2026-02-01,Hard,MELBOURNE,AUSTRALIA,128.0,,USD,RS67662530,2026-01-11,,Lucia Bronzetti,Aliona Bolsova,ITA,ESP,2.0,,6-0,6-7(3),6-1,,322280,115507,AUSTRALIAN OPEN,"Australian Open - Melbourne, AUS",2026.0,,322280,115507,322280,115507,Lucia Bronzetti,Aliona Bolsova,,,Lucia Bronzetti,Aliona Bolsova,ITA,ESP,2,,322280,115507,,,,,,,,,,,,,,,,,,,,,,,,,,,,,,,,,,,,,,,,,,,,,,,,,,,,,,,,,,,,,,,,,,,,,,,,,,,6-0,6-7(3),6-1,"6-0,6(7)-7,6-1",901,2026,,,,,,3,2026-01-11,,,,,,,,,,,,,,,,,,,,,,,,,,,,,,,,,,,,,,7.0,3.0,,,"6-0,6(7)-7,6-1",,,,,,,,,,,
901,2026,AUSTRALIAN OPEN,Grand Slam,2026-01-18,2026-02-01,Hard,MELBOURNE,AUSTRALIA,128.0,,USD,RS67670338,2026-01-11,,Tina Nadine Smith,Cadence Brace,AUS,CAN,,,7-6(5),7-6(6),,,299308,751899,AUSTRALIAN OPEN,"Australian Open - Melbourne, AUS",2026.0,,299308,751899,299308,751899,Tina Nadine Smith,Cadence Brace,,,Tina Nadine Smith,Cadence Brace,AUS,CAN,,,299308,751899,,,,,,,,,,,,,,,,,,,,,,,,,,,,,,,,,,,,,,,,,,,,,,,,,,,,,,,,,,,,,,,,,,,,,,,,,,,7-6(5),7-6(6),,"7-6(7),7-6(8)",901,2026,,,,,,2,2026-01-11,,,,,,,,,,,,,,,,,,,,,,,,,,,,,,,,,,,,7.0,5.0,8.0,6.0,,,"7-6(7),7-6(8)",,,,,,,,,,,
