tourney_id,tourney_year,tourney_name,level,start_date,end_date,surface,city,country,singles_draw_size,prize_money,prize_money_currency,match_id,date,round,winner,loser,winner_country,loser_country,winner_seed,loser_seed,set1_score,set2_score,set3_score,indoor_outdoor,player_id_winner,player_id_loser,tournament_name,tournament_title,year,indoor/outdoor,playerida_raw,playeridb_raw,PlayerIDA,PlayerIDB,winner_player_name,loser_player_name,winner_bracket_number,loser_bracket_number,home_player,away_player,home_country,away_country,home_seed,away_seed,winner_player_id,loser_player_id,winner_aces,loser_aces,winner_backhand_errors,loser_backhand_errors,winner_backhand_unforced_errors,loser_backhand_unforced_errors,winner_backhand_winners,loser_backhand_winners,winner_breakpoints_won,loser_breakpoints_won,winner_double_faults,loser_double_faults,winner_drop_shot_unforced_errors,loser_drop_shot_unforced_errors,winner_drop_shot_winners,loser_drop_shot_winners,winner_first_serve_points_won,loser_first_serve_points_won,winner_first_serve_successful,loser_first_serve_successful,winner_forehand_errors,loser_forehand_errors,winner_forehand_unforced_errors,loser_forehand_unforced_errors,winner_forehand_winners,loser_forehand_winners,winner_games_won,loser_games_won,winner_groundstroke_errors,loser_groundstroke_errors,winner_groundstroke_unforced_errors,loser_groundstroke_unforced_errors,winner_groundstroke_winners,loser_groundstroke_winners,winner_lob_unforced_errors,loser_lob_unforced_errors,winner_lob_winners,loser_lob_winners,winner_max_games_in_a_row,loser_max_games_in_a_row,winner_max_points_in_a_row,loser_max_points_in_a_row,winner_overhead_stroke_errors,loser_overhead_stroke_errors,winner_overhead_stroke_unforced_errors,loser_overhead_stroke_unforced_errors,winner_overhead_stroke_winners,loser_overhead_stroke_winners,winner_points_won,loser_points_won,winner_points_won_from_last_10,loser_points_won_from_last_10,winner_return_errors,loser_return_errors,winner_return_winners,loser_return_winners,winner_second_serve_points_won,loser_second_serve_points_won,winner_second_serve_successful,loser_second_serve_successful,winner_service_games_won,loser_service_games_won,winner_service_points_lost,loser_service_points_lost,winner_service_points_won,loser_service_points_won,winner_tiebreaks_won,loser_tiebreaks_won,winner_total_breakpoints,loser_total_breakpoints,winner_volley_unforced_errors,loser_volley_unforced_errors,winner_volley_winners,loser_volley_winners,Set 1 Score,Set 2 Score,Set 3 Score,ScoreString,event_id,event_year,match_time_total,match_message,match_status,set4_score,set5_score,num_sets,match_date,winner_flag_raw,winner_flag,doublefaults_tot_winner,doublefaults_tot_loser,aces_tot_winner,aces_tot_loser,firstserve_dividend_tot_winner,firstserve_dividend_tot_loser,firstserve_divisor_tot_winner,firstserve_divisor_tot_loser,firstserve_percent_tot_winner,firstserve_percent_tot_loser,firstservepointswon_dividend_tot_winner,firstservepointswon_dividend_tot_loser,firstservepointswon_divisor_tot_winner,firstservepointswon_divisor_tot_loser,firstservepointswon_percent_tot_winner,firstservepointswon_percent_tot_loser,secondservepointswon_percent_tot_winner,secondservepointswon_dividend_tot_winner,secondservepointswon_divisor_tot_winner,secondservepointswon_percent_tot_loser,secondservepointswon_dividend_tot_loser,secondservepointswon_divisor_tot_loser,breakpointssaved_dividend_tot_winner,breakpointssaved_divisor_tot_winner,breakpointssaved_percent_tot_winner,servicegamesplayed_tot_winner,servicegamesplayed_tot_loser,serverating_tot_winner,serverating_tot_loser,totalservicepointswon_dividend_tot_winner,totalservicepointswon_percent_tot_winner,totalreturnpointswon_percent_tot_winner,totalpointswon_percent_tot_winner,tiebreak_set1_winner,tiebreak_set1_loser,tiebreak_set2_winner,tiebreak_set2_loser,tiebreak_set3_winner,tiebreak_set3_loser,score_string,player_winner,player_loser,country_winner,country_loser,seed_winner,seed_loser,serveratinglink_tot_winner,serveratinglink_tot_loser,breakpointssaved_percent_tot_loser,breakpointssaved_dividend_tot_loser,breakpointssaved_divisor_tot_loser
905,2025,US OPEN,Grand Slam,2025-08-24,2025-09-07,Hard,NEW YORK,"NY, UNITED STATES",128.0,41592800.0,USD,LS63101347,2025-09-06,F,Aryna Sabalenka,Amanda Anisimova,,USA,1.0,8.0,6-3,7-6(3),,,320760,326384,US OPEN,"US Open - New York, NY, USA",2025.0,,320760,326384,320760,326384,Aryna Sabalenka,Amanda Anisimova,,,Aryna Sabalenka,Amanda Anisimova,,USA,1,8,320760,326384,,,,,,,,,,,,,,,,,,,,,,,,,,,,,,,,,,,,,,,,,,,,,,,,,,,,,,,,,,,,,,,,,,,,,,,,,,,6-3,7-6(3),,"6-3,7-6(7)",905,2025,,,,,,2,2025-09-06,,,,,,,,,,,,,,,,,,,,,,,,,,,,,,,,,,,,,,7.0,3.0,,,"6-3,7-6(7)",,,,,,,,,,,
905,2025,US OPEN,Grand Slam,2025-08-24,2025-09-07,Hard,NEW YORK,"NY, UNITED STATES",128.0,41592800.0,USD,LS63101351,2025-09-05,S,Amanda Anisimova,Naomi Osaka,USA,JPN,8.0,23.0,6-7(4),7-6(3),6-3,,326384,319998,US OPEN,"US Open - New York, NY, USA",2025.0,,319998,326384,319998,326384,Amanda Anisimova,Naomi Osaka,,,Naomi Osaka,Amanda Anisimova,JPN,USA,23,8,326384,319998,,,,,,,,,,,,,,,,,,,,,,,,,,,,,,,,,,,,,,,,,,,,,,,,,,,,,,,,,,,,,,,,,,,,,,,,,,,7-6(4),6-7(3),3-6,"7-6(7),6(7)-7,3-6",905,2025,,,,,,3,2025-09-05,,,,,,,,,,,,,,,,,,,,,,,,,,,,,,,,,,,,7.0,4.0,7.0,3.0,,,"7-6(7),6(7)-7,3-6",,,,,,,,,,,
905,2025,US OPEN,Grand Slam,2025-08-24,2025-09-07,Hard,NEW YORK,"NY, UNITED STATES",128.0,41592800.0,USD,LS63101349,2025-09-04,S,Aryna Sabalenka,Jessica Pegula,,USA,1.0,4.0,4-6,6-3,6-4,,320760,316956,US OPEN,"US Open - New York, NY, USA",2025.0,,320760,316956,320760,316956,Aryna Sabalenka,Jessica Pegula,,,Aryna Sabalenka,Jessica Pegula,,USA,1,4,320760,316956,,,,,,,,,,,,,,,,,,,,,,,,,,,,,,,,,,,,,,,,,,,,,,,,,,,,,,,,,,,,,,,,,,,,,,,,,,,4-6,6-3,6-4,"4-6,6-3,6-4",905,2025,,,,,,3,2025-09-04,,,,,,,,,,,,,,,,,,,,,,,,,,,,,,,,,,,,,,,,,,"4-6,6-3,6-4",,,,,,,,,,,
905,2025,US OPEN,Grand Slam,2025-08-24,2025-09-07,Hard,NEW YORK,"NY, UNITED STATES",128.0,41592800.0,USD,LS63101339,2025-09-03,Q,Naomi Osaka,Karolina Muchova,JPN,CZE,23.0,11.0,6-4,7-6(3),,,319998,322191,US OPEN,"US Open - New York, NY, USA",2025.0,,322191,319998,322191,319998,Naomi Osaka,Karolina Muchova,,,Karolina Muchova,Naomi Osaka,CZE,JPN,11,23,319998,322191,,,,,,,,,,,,,,,,,,,,,,,,,,,,,,,,,,,,,,,,,,,,,,,,,,,,,,,,,,,,,,,,,,,,,,,,,,,4-6,6-7(3),,"4-6,6(7)-7",905,2025,,,,,,2,2025-09-03,,,,,,,,,,,,,,,,,,,,,,,,,,,,,,,,,,,,,,7.0,3.0,,,"4-6,6(7)-7",,,,,,,,,,,
905,2025,US OPEN,Grand Slam,2025-08-24,2025-09-07,Hard,NEW YORK,"NY, UNITED STATES",128.0,41592800.0,USD,LS63101341,2025-09-03,Q,Amanda Anisimova,Iga Swiatek,USA,POL,8.0,2.0,6-4,6-3,,,326384,326408,US OPEN,"US Open - New York, NY, USA",2025.0,,326384,326408,326384,326408,Amanda Anisimova,Iga Swiatek,,,Amanda Anisimova,Iga Swiatek,USA,POL,8,2,326384,326408,,,,,,,,,,,,,,,,,,,,,,,,,,,,,,,,,,,,,,,,,,,,,,,,,,,,,,,,,,,,,,,,,,,,,,,,,,,6-4,6-3,,"6-4,6-3",905,2025,,,,,,2,2025-09-03,,,,,,,,,,,,,,,,,,,,,,,,,,,,,,,,,,,,,,,,,,"6-4,6-3",,,,,,,,,,,
905,2025,,,,,,,,,,,,,,Marketa Vondrousova,Aryna Sabalenka,,,,,S.ArynadV.Marketa,,,,323027,320760,,,,,,,320760,323027,Marketa Vondrousova,Aryna Sabalenka,,,,,,,,,323027,320760,,,,,,,,,,,,,,,,,,,,,,,,,,,,,,,,,,,,,,,,,,,,,,,,,,,,,,,,,,,,,,,,,,,,,,,,,,,,,,S. Aryna d V. Marketa ,905,2025,,,,,,1,,,,,,,,,,,,,,,,,,,,,,,,,,,,,,,,,,,,,,,,,,,S. Aryna d V. Marketa ,,,,,,,,,,,
905,2025,US OPEN,Grand Slam,2025-08-24,2025-09-07,Hard,NEW YORK,"NY, UNITED STATES",128.0,41592800.0,USD,LS63101345,2025-09-02,Q,Jessica Pegula,Barbora Krejcikova,USA,CZE,4.0,,6-3,6-3,,,316956,318314,US OPEN,"US Open - New York, NY, USA",2025.0,,316956,318314,316956,318314,Jessica Pegula,Barbora Krejcikova,,,Jessica Pegula,Barbora Krejcikova,USA,CZE,4,,316956,318314,,,,,,,,,,,,,,,,,,,,,,,,,,,,,,,,,,,,,,,,,,,,,,,,,,,,,,,,,,,,,,,,,,,,,,,,,,,6-3,6-3,,"6-3,6-3",905,2025,,,,,,2,2025-09-02,,,,,,,,,,,,,,,,,,,,,,,,,,,,,,,,,,,,,,,,,,"6-3,6-3",,,,,,,,,,,
905,2025,US OPEN,Grand Slam,2025-08-24,2025-09-07,Hard,NEW YORK,"NY, UNITED STATES",128.0,41592800.0,USD,LS63101331,2025-09-02,4,Amanda Anisimova,Beatriz Haddad Maia,USA,BRA,8.0,18.0,6-0,6-3,,,326384,318176,US OPEN,"US Open - New York, NY, USA",2025.0,,326384,318176,326384,318176,Amanda Anisimova,Beatriz Haddad Maia,,,Amanda Anisimova,Beatriz Haddad Maia,USA,BRA,8,18,326384,318176,,,,,,,,,,,,,,,,,,,,,,,,,,,,,,,,,,,,,,,,,,,,,,,,,,,,,,,,,,,,,,,,,,,,,,,,,,,6-0,6-3,,"6-0,6-3",905,2025,,,,,,2,2025-09-02,,,,,,,,,,,,,,,,,,,,,,,,,,,,,,,,,,,,,,,,,,"6-0,6-3",,,,,,,,,,,
905,2025,US OPEN,Grand Slam,2025-08-24,2025-09-07,Hard,NEW YORK,"NY, UNITED STATES",128.0,41592800.0,USD,LS63101337,2025-09-01,4,Naomi Osaka,Coco Gauff,JPN,USA,23.0,3.0,6-3,6-2,,,319998,328560,US OPEN,"US Open - New York, NY, USA",2025.0,,319998,328560,319998,328560,Naomi Osaka,Coco Gauff,,,Naomi Osaka,Coco Gauff,JPN,USA,23,3,319998,328560,,,,,,,,,,,,,,,,,,,,,,,,,,,,,,,,,,,,,,,,,,,,,,,,,,,,,,,,,,,,,,,,,,,,,,,,,,,6-3,6-2,,"6-3,6-2",905,2025,,,,,,2,2025-09-01,,,,,,,,,,,,,,,,,,,,,,,,,,,,,,,,,,,,,,,,,,"6-3,6-2",,,,,,,,,,,
905,2025,US OPEN,Grand Slam,2025-08-24,2025-09-07,Hard,NEW YORK,"NY, UNITED STATES",128.0,41592800.0,USD,LS63101335,2025-09-01,4,Karolina Muchova,Marta Kostyuk,CZE,UKR,11.0,27.0,6-3,6-7(0),6-3,,322191,326482,US OPEN,"US Open - New York, NY, USA",2025.0,,326482,322191,326482,322191,Karolina Muchova,Marta Kostyuk,,,Marta Kostyuk,Karolina Muchova,UKR,CZE,27,11,322191,326482,,,,,,,,,,,,,,,,,,,,,,,,,,,,,,,,,,,,,,,,,,,,,,,,,,,,,,,,,,,,,,,,,,,,,,,,,,,3-6,7-6(0),3-6,"3-6,7-6(7),3-6",905,2025,,,,,,3,2025-09-01,,,,,,,,,,,,,,,,,,,,,,,,,,,,,,,,,,,,,,7.0,0.0,,,"3-6,7-6(7),3-6",,,,,,,,,,,
905,2025,US OPEN,Grand Slam,2025-08-24,2025-09-07,Hard,NEW YORK,"NY, UNITED STATES",128.0,41592800.0,USD,LS63101333,2025-09-01,4,Iga Swiatek,Ekaterina Alexandrova,POL,,2.0,13.0,6-3,6-1,,,326408,319007,US OPEN,"US Open - New York, NY, USA",2025.0,,319007,326408,319007,326408,Iga Swiatek,Ekaterina Alexandrova,,,Ekaterina Alexandrova,Iga Swiatek,,POL,13,2,326408,319007,,,,,,,,,,,,,,,,,,,,,,,,,,,,,,,,,,,,,,,,,,,,,,,,,,,,,,,,,,,,,,,,,,,,,,,,,,,3-6,1-6,,"3-6,1-6",905,2025,,,,,,2,2025-09-01,,,,,,,,,,,,,,,,,,,,,,,,,,,,,,,,,,,,,,,,,,"3-6,1-6",,,,,,,,,,,
905,2025,US OPEN,Grand Slam,2025-08-24,2025-09-07,Hard,NEW YORK,"NY, UNITED STATES",128.0,41592800.0,USD,LS63101329,2025-09-01,4,Marketa Vondrousova,Elena Rybakina,CZE,KAZ,,9.0,6-4,5-7,6-2,,323027,324166,US OPEN,"US Open - New York, NY, USA",2025.0,,324166,323027,324166,323027,Marketa Vondrousova,Elena Rybakina,,,Elena Rybakina,Marketa Vondrousova,KAZ,CZE,9,,323027,324166,,,,,,,,,,,,,,,,,,,,,,,,,,,,,,,,,,,,,,,,,,,,,,,,,,,,,,,,,,,,,,,,,,,,,,,,,,,4-6,7-5,2-6,"4-6,7-5,2-6",905,2025,,,,,,3,2025-09-01,,,,,,,,,,,,,,,,,,,,,,,,,,,,,,,,,,,,,,,,,,"4-6,7-5,2-6",,,,,,,,,,,
905,2025,US OPEN,Grand Slam,2025-08-24,2025-09-07,Hard,NEW YORK,"NY, UNITED STATES",128.0,41592800.0,USD,LS63101327,2025-09-01,4,Aryna Sabalenka,Cristina Bucsa,,ESP,1.0,,6-1,6-4,,,320760,321158,US OPEN,"US Open - New York, NY, USA",2025.0,,320760,321158,320760,321158,Aryna Sabalenka,Cristina Bucsa,,,Aryna Sabalenka,Cristina Bucsa,,ESP,1,,320760,321158,,,,,,,,,,,,,,,,,,,,,,,,,,,,,,,,,,,,,,,,,,,,,,,,,,,,,,,,,,,,,,,,,,,,,,,,,,,6-1,6-4,,"6-1,6-4",905,2025,,,,,,2,2025-09-01,,,,,,,,,,,,,,,,,,,,,,,,,,,,,,,,,,,,,,,,,,"6-1,6-4",,,,,,,,,,,
905,2025,US OPEN,Grand Slam,2025-08-24,2025-09-07,Hard,NEW YORK,"NY, UNITED STATES",128.0,41592800.0,USD,LS63101325,2025-08-31,4,Barbora Krejcikova,Taylor Townsend,CZE,USA,,,1-6,7-6(13),6-3,,318314,318609,US OPEN,"US Open - New York, NY, USA",2025.0,,318314,318609,318314,318609,Barbora Krejcikova,Taylor Townsend,,,Barbora Krejcikova,Taylor Townsend,CZE,USA,,,318314,318609,,,,,,,,,,,,,,,,,,,,,,,,,,,,,,,,,,,,,,,,,,,,,,,,,,,,,,,,,,,,,,,,,,,,,,,,,,,1-6,7-6(13),6-3,"1-6,7-6(15),6-3",905,2025,,,,,,3,2025-08-31,,,,,,,,,,,,,,,,,,,,,,,,,,,,,,,,,,,,,,15.0,13.0,,,"1-6,7-6(15),6-3",,,,,,,,,,,
905,2025,US OPEN,Grand Slam,2025-08-24,2025-09-07,Hard,NEW YORK,"NY, UNITED STATES",128.0,41592800.0,USD,LS63101323,2025-08-31,4,Jessica Pegula,Ann Li,USA,USA,4.0,,6-1,6-2,,,316956,326096,US OPEN,"US Open - New York, NY, USA",2025.0,,316956,326096,316956,326096,Jessica Pegula,Ann Li,,,Jessica Pegula,Ann Li,USA,USA,4,,316956,326096,,,,,,,,,,,,,,,,,,,,,,,,,,,,,,,,,,,,,,,,,,,,,,,,,,,,,,,,,,,,,,,,,,,,,,,,,,,6-1,6-2,,"6-1,6-2",905,2025,,,,,,2,2025-08-31,,,,,,,,,,,,,,,,,,,,,,,,,,,,,,,,,,,,,,,,,,"6-1,6-2",,,,,,,,,,,
905,2025,US OPEN,Grand Slam,2025-08-24,2025-09-07,Hard,NEW YORK,"NY, UNITED STATES",128.0,41592800.0,USD,LS63101383,2025-08-31,3,Beatriz Haddad Maia,Maria Sakkari,BRA,GRC,18.0,,6-1,6-2,,,318176,318312,US OPEN,"US Open - New York, NY, USA",2025.0,,318176,318312,318176,318312,Beatriz Haddad Maia,Maria Sakkari,,,Beatriz Haddad Maia,Maria Sakkari,BRA,GRC,18,,318176,318312,,,,,,,,,,,,,,,,,,,,,,,,,,,,,,,,,,,,,,,,,,,,,,,,,,,,,,,,,,,,,,,,,,,,,,,,,,,6-1,6-2,,"6-1,6-2",905,2025,,,,,,2,2025-08-31,,,,,,,,,,,,,,,,,,,,,,,,,,,,,,,,,,,,,,,,,,"6-1,6-2",,,,,,,,,,,
905,2025,US OPEN,Grand Slam,2025-08-24,2025-09-07,Hard,NEW YORK,"NY, UNITED STATES",128.0,41592800.0,USD,LS63101379,2025-08-30,3,Iga Swiatek,Anna Kalinskaya,POL,,2.0,29.0,7-6(2),6-4,,,326408,323942,US OPEN,"US Open - New York, NY, USA",2025.0,,323942,326408,323942,326408,Iga Swiatek,Anna Kalinskaya,,,Anna Kalinskaya,Iga Swiatek,,POL,29,2,326408,323942,,,,,,,,,,,,,,,,,,,,,,,,,,,,,,,,,,,,,,,,,,,,,,,,,,,,,,,,,,,,,,,,,,,,,,,,,,,6-7(2),4-6,,"6(7)-7,4-6",905,2025,,,,,,2,2025-08-30,,,,,,,,,,,,,,,,,,,,,,,,,,,,,,,,,,,,7.0,2.0,,,,,"6(7)-7,4-6",,,,,,,,,,,
905,2025,US OPEN,Grand Slam,2025-08-24,2025-09-07,Hard,NEW YORK,"NY, UNITED STATES",128.0,41592800.0,USD,LS63101381,2025-08-30,3,Amanda Anisimova,Jaqueline Cristian,USA,ROU,8.0,,6-4,4-6,6-2,,326384,320319,US OPEN,"US Open - New York, NY, USA",2025.0,,326384,320319,326384,320319,Amanda Anisimova,Jaqueline Cristian,,,Amanda Anisimova,Jaqueline Cristian,USA,ROU,8,,326384,320319,,,,,,,,,,,,,,,,,,,,,,,,,,,,,,,,,,,,,,,,,,,,,,,,,,,,,,,,,,,,,,,,,,,,,,,,,,,6-4,4-6,6-2,"6-4,4-6,6-2",905,2025,,,,,,3,2025-08-30,,,,,,,,,,,,,,,,,,,,,,,,,,,,,,,,,,,,,,,,,,"6-4,4-6,6-2",,,,,,,,,,,
905,2025,US OPEN,Grand Slam,2025-08-24,2025-09-07,Hard,NEW YORK,"NY, UNITED STATES",128.0,41592800.0,USD,LS63101377,2025-08-30,3,Ekaterina Alexandrova,Laura Siegemund,,DEU,13.0,,6-0,6-1,,,319007,310926,US OPEN,"US Open - New York, NY, USA",2025.0,,319007,310926,319007,310926,Ekaterina Alexandrova,Laura Siegemund,,,Ekaterina Alexandrova,Laura Siegemund,,DEU,13,,319007,310926,,,,,,,,,,,,,,,,,,,,,,,,,,,,,,,,,,,,,,,,,,,,,,,,,,,,,,,,,,,,,,,,,,,,,,,,,,,6-0,6-1,,"6-0,6-1",905,2025,,,,,,2,2025-08-30,,,,,,,,,,,,,,,,,,,,,,,,,,,,,,,,,,,,,,,,,,"6-0,6-1",,,,,,,,,,,
905,2025,US OPEN,Grand Slam,2025-08-24,2025-09-07,Hard,NEW YORK,"NY, UNITED STATES",128.0,41592800.0,USD,LS63101369,2025-08-30,3,Naomi Osaka,Daria Kasatkina,JPN,AUS,23.0,15.0,6-0,4-6,6-3,,319998,322082,US OPEN,"US Open - New York, NY, USA",2025.0,,322082,319998,322082,319998,Naomi Osaka,Daria Kasatkina,,,Daria Kasatkina,Naomi Osaka,AUS,JPN,15,23,319998,322082,,,,,,,,,,,,,,,,,,,,,,,,,,,,,,,,,,,,,,,,,,,,,,,,,,,,,,,,,,,,,,,,,,,,,,,,,,,0-6,6-4,3-6,"0-6,6-4,3-6",905,2025,,,,,,3,2025-08-30,,,,,,,,,,,,,,,,,,,,,,,,,,,,,,,,,,,,,,,,,,"0-6,6-4,3-6",,,,,,,,,,,
905,2025,US OPEN,Grand Slam,2025-08-24,2025-09-07,Hard,NEW YORK,"NY, UNITED STATES",128.0,41592800.0,USD,LS63101373,2025-08-30,3,Marta Kostyuk,Diane Parry,UKR,FRA,27.0,,3-6,6-4,6-2,,326482,327077,US OPEN,"US Open - New York, NY, USA",2025.0,,327077,326482,327077,326482,Marta Kostyuk,Diane Parry,,,Diane Parry,Marta Kostyuk,FRA,UKR,,27,326482,327077,,,,,,,,,,,,,,,,,,,,,,,,,,,,,,,,,,,,,,,,,,,,,,,,,,,,,,,,,,,,,,,,,,,,,,,,,,,6-3,4-6,2-6,"6-3,4-6,2-6",905,2025,,,,,,3,2025-08-30,,,,,,,,,,,,,,,,,,,,,,,,,,,,,,,,,,,,,,,,,,"6-3,4-6,2-6",,,,,,,,,,,
905,2025,US OPEN,Grand Slam,2025-08-24,2025-09-07,Hard,NEW YORK,"NY, UNITED STATES",128.0,41592800.0,USD,LS63101371,2025-08-30,3,Coco Gauff,Magdalena Frech,USA,POL,3.0,28.0,6-3,6-1,,,328560,320277,US OPEN,"US Open - New York, NY, USA",2025.0,,320277,328560,320277,328560,Coco Gauff,Magdalena Frech,,,Magdalena Frech,Coco Gauff,POL,USA,28,3,328560,320277,,,,,,,,,,,,,,,,,,,,,,,,,,,,,,,,,,,,,,,,,,,,,,,,,,,,,,,,,,,,,,,,,,,,,,,,,,,3-6,1-6,,"3-6,1-6",905,2025,,,,,,2,2025-08-30,,,,,,,,,,,,,,,,,,,,,,,,,,,,,,,,,,,,,,,,,,"3-6,1-6",,,,,,,,,,,
905,2025,US OPEN,Grand Slam,2025-08-24,2025-09-07,Hard,NEW YORK,"NY, UNITED STATES",128.0,41592800.0,USD,LS63101375,2025-08-30,3,Karolina Muchova,Linda Noskova,CZE,CZE,11.0,21.0,6-7(5),6-4,6-2,,322191,329668,US OPEN,"US Open - New York, NY, USA",2025.0,,329668,322191,329668,322191,Karolina Muchova,Linda Noskova,,,Linda Noskova,Karolina Muchova,CZE,CZE,21,11,322191,329668,,,,,,,,,,,,,,,,,,,,,,,,,,,,,,,,,,,,,,,,,,,,,,,,,,,,,,,,,,,,,,,,,,,,,,,,,,,7-6(5),4-6,2-6,"7-6(7),4-6,2-6",905,2025,,,,,,3,2025-08-30,,,,,,,,,,,,,,,,,,,,,,,,,,,,,,,,,,,,7.0,5.0,,,,,"7-6(7),4-6,2-6",,,,,,,,,,,
905,2025,US OPEN,Grand Slam,2025-08-24,2025-09-07,Hard,NEW YORK,"NY, UNITED STATES",128.0,41592800.0,USD,LS63101363,2025-08-30,3,Taylor Townsend,Mirra Andreeva,USA,,,5.0,7-5,6-2,,,318609,331809,US OPEN,"US Open - New York, NY, USA",2025.0,,318609,331809,318609,331809,Taylor Townsend,Mirra Andreeva,,,Taylor Townsend,Mirra Andreeva,USA,,,5,318609,331809,,,,,,,,,,,,,,,,,,,,,,,,,,,,,,,,,,,,,,,,,,,,,,,,,,,,,,,,,,,,,,,,,,,,,,,,,,,7-5,6-2,,"7-5,6-2",905,2025,,,,,,2,2025-08-30,,,,,,,,,,,,,,,,,,,,,,,,,,,,,,,,,,,,,,,,,,"7-5,6-2",,,,,,,,,,,
905,2025,US OPEN,Grand Slam,2025-08-24,2025-09-07,Hard,NEW YORK,"NY, UNITED STATES",128.0,41592800.0,USD,LS63101357,2025-08-29,3,Aryna Sabalenka,Leylah Fernandez,,CAN,1.0,31.0,6-3,7-6(2),,,320760,326735,US OPEN,"US Open - New York, NY, USA",2025.0,,320760,326735,320760,326735,Aryna Sabalenka,Leylah Fernandez,,,Aryna Sabalenka,Leylah Fernandez,,CAN,1,31,320760,326735,,,,,,,,,,,,,,,,,,,,,,,,,,,,,,,,,,,,,,,,,,,,,,,,,,,,,,,,,,,,,,,,,,,,,,,,,,,6-3,7-6(2),,"6-3,7-6(7)",905,2025,,,,,,2,2025-08-29,,,,,,,,,,,,,,,,,,,,,,,,,,,,,,,,,,,,,,7.0,2.0,,,"6-3,7-6(7)",,,,,,,,,,,
905,2025,US OPEN,Grand Slam,2025-08-24,2025-09-07,Hard,NEW YORK,"NY, UNITED STATES",128.0,41592800.0,USD,LS63101361,2025-08-29,3,Barbora Krejcikova,Emma Navarro,CZE,USA,,10.0,4-6,6-4,6-4,,318314,325410,US OPEN,"US Open - New York, NY, USA",2025.0,,325410,318314,325410,318314,Barbora Krejcikova,Emma Navarro,,,Emma Navarro,Barbora Krejcikova,USA,CZE,10,,318314,325410,,,,,,,,,,,,,,,,,,,,,,,,,,,,,,,,,,,,,,,,,,,,,,,,,,,,,,,,,,,,,,,,,,,,,,,,,,,6-4,4-6,4-6,"6-4,4-6,4-6",905,2025,,,,,,3,2025-08-29,,,,,,,,,,,,,,,,,,,,,,,,,,,,,,,,,,,,,,,,,,"6-4,4-6,4-6",,,,,,,,,,,
905,2025,US OPEN,Grand Slam,2025-08-24,2025-09-07,Hard,NEW YORK,"NY, UNITED STATES",128.0,41592800.0,USD,LS63101367,2025-08-29,3,Ann Li,Priscilla Hon,USA,AUS,,,7-5,6-3,,,326096,320543,US OPEN,"US Open - New York, NY, USA",2025.0,,320543,326096,320543,326096,Ann Li,Priscilla Hon,,,Priscilla Hon,Ann Li,AUS,USA,,,326096,320543,,,,,,,,,,,,,,,,,,,,,,,,,,,,,,,,,,,,,,,,,,,,,,,,,,,,,,,,,,,,,,,,,,,,,,,,,,,5-7,3-6,,"5-7,3-6",905,2025,,,,,,2,2025-08-29,,,,,,,,,,,,,,,,,,,,,,,,,,,,,,,,,,,,,,,,,,"5-7,3-6",,,,,,,,,,,
905,2025,US OPEN,Grand Slam,2025-08-24,2025-09-07,Hard,NEW YORK,"NY, UNITED STATES",128.0,41592800.0,USD,LS63101359,2025-08-29,3,Cristina Bucsa,Elise Mertens,ESP,BEL,,19.0,3-6,7-5,6-3,,321158,317964,US OPEN,"US Open - New York, NY, USA",2025.0,,317964,321158,317964,321158,Cristina Bucsa,Elise Mertens,,,Elise Mertens,Cristina Bucsa,BEL,ESP,19,,321158,317964,,,,,,,,,,,,,,,,,,,,,,,,,,,,,,,,,,,,,,,,,,,,,,,,,,,,,,,,,,,,,,,,,,,,,,,,,,,6-3,5-7,3-6,"6-3,5-7,3-6",905,2025,,,,,,3,2025-08-29,,,,,,,,,,,,,,,,,,,,,,,,,,,,,,,,,,,,,,,,,,"6-3,5-7,3-6",,,,,,,,,,,
905,2025,US OPEN,Grand Slam,2025-08-24,2025-09-07,Hard,NEW YORK,"NY, UNITED STATES",128.0,41592800.0,USD,LS63101365,2025-08-29,3,Jessica Pegula,Victoria Azarenka,USA,,4.0,,6-1,7-5,,,316956,312001,US OPEN,"US Open - New York, NY, USA",2025.0,,316956,312001,316956,312001,Jessica Pegula,Victoria Azarenka,,,Jessica Pegula,Victoria Azarenka,USA,,4,,316956,312001,,,,,,,,,,,,,,,,,,,,,,,,,,,,,,,,,,,,,,,,,,,,,,,,,,,,,,,,,,,,,,,,,,,,,,,,,,,6-1,7-5,,"6-1,7-5",905,2025,,,,,,2,2025-08-29,,,,,,,,,,,,,,,,,,,,,,,,,,,,,,,,,,,,,,,,,,"6-1,7-5",,,,,,,,,,,
905,2025,US OPEN,Grand Slam,2025-08-24,2025-09-07,Hard,NEW YORK,"NY, UNITED STATES",128.0,41592800.0,USD,LS63101355,2025-08-29,3,Marketa Vondrousova,Jasmine Paolini,CZE,ITA,,7.0,7-6(4),6-1,,,323027,319280,US OPEN,"US Open - New York, NY, USA",2025.0,,323027,319280,323027,319280,Marketa Vondrousova,Jasmine Paolini,,,Marketa Vondrousova,Jasmine Paolini,CZE,ITA,,7,323027,319280,,,,,,,,,,,,,,,,,,,,,,,,,,,,,,,,,,,,,,,,,,,,,,,,,,,,,,,,,,,,,,,,,,,,,,,,,,,7-6(4),6-1,,"7-6(7),6-1",905,2025,,,,,,2,2025-08-29,,,,,,,,,,,,,,,,,,,,,,,,,,,,,,,,,,,,7.0,4.0,,,,,"7-6(7),6-1",,,,,,,,,,,
905,2025,US OPEN,Grand Slam,2025-08-24,2025-09-07,Hard,NEW YORK,"NY, UNITED STATES",128.0,41592800.0,USD,LS63101353,2025-08-29,3,Elena Rybakina,Emma Raducanu,KAZ,GBR,9.0,,6-1,6-2,,,324166,328366,US OPEN,"US Open - New York, NY, USA",2025.0,,324166,328366,324166,328366,Elena Rybakina,Emma Raducanu,,,Elena Rybakina,Emma Raducanu,KAZ,GBR,9,,324166,328366,,,,,,,,,,,,,,,,,,,,,,,,,,,,,,,,,,,,,,,,,,,,,,,,,,,,,,,,,,,,,,,,,,,,,,,,,,,6-1,6-2,,"6-1,6-2",905,2025,,,,,,2,2025-08-29,,,,,,,,,,,,,,,,,,,,,,,,,,,,,,,,,,,,,,,,,,"6-1,6-2",,,,,,,,,,,
905,2025,US OPEN,Grand Slam,2025-08-24,2025-09-07,Hard,NEW YORK,"NY, UNITED STATES",128.0,41592800.0,USD,LS63101405,2025-08-29,2,Amanda Anisimova,Maya Joint,USA,AUS,8.0,,7-6(2),6-2,,,326384,330544,US OPEN,"US Open - New York, NY, USA",2025.0,,326384,330544,326384,330544,Amanda Anisimova,Maya Joint,,,Amanda Anisimova,Maya Joint,USA,AUS,8,,326384,330544,,,,,,,,,,,,,,,,,,,,,,,,,,,,,,,,,,,,,,,,,,,,,,,,,,,,,,,,,,,,,,,,,,,,,,,,,,,7-6(2),6-2,,"7-6(7),6-2",905,2025,,,,,,2,2025-08-29,,,,,,,,,,,,,,,,,,,,,,,,,,,,,,,,,,,,7.0,2.0,,,,,"7-6(7),6-2",,,,,,,,,,,
905,2025,US OPEN,Grand Slam,2025-08-24,2025-09-07,Hard,NEW YORK,"NY, UNITED STATES",128.0,41592800.0,USD,LS63101395,2025-08-28,2,Coco Gauff,Donna Vekic,USA,HRV,3.0,,7-6(5),6-2,,,328560,318516,US OPEN,"US Open - New York, NY, USA",2025.0,,318516,328560,318516,328560,Coco Gauff,Donna Vekic,,,Donna Vekic,Coco Gauff,HRV,USA,,3,328560,318516,,,,,,,,,,,,,,,,,,,,,,,,,,,,,,,,,,,,,,,,,,,,,,,,,,,,,,,,,,,,,,,,,,,,,,,,,,,6-7(5),2-6,,"6(7)-7,2-6",905,2025,,,,,,2,2025-08-28,,,,,,,,,,,,,,,,,,,,,,,,,,,,,,,,,,,,7.0,5.0,,,,,"6(7)-7,2-6",,,,,,,,,,,
905,2025,US OPEN,Grand Slam,2025-08-24,2025-09-07,Hard,NEW YORK,"NY, UNITED STATES",128.0,41592800.0,USD,LS63101397,2025-08-28,2,Daria Kasatkina,Kamilla Rakhimova,AUS,UZB,15.0,,6-2,4-6,7-5,,322082,325936,US OPEN,"US Open - New York, NY, USA",2025.0,,322082,325936,322082,325936,Daria Kasatkina,Kamilla Rakhimova,,,Daria Kasatkina,Kamilla Rakhimova,AUS,UZB,15,,322082,325936,,,,,,,,,,,,,,,,,,,,,,,,,,,,,,,,,,,,,,,,,,,,,,,,,,,,,,,,,,,,,,,,,,,,,,,,,,,6-2,4-6,7-5,"6-2,4-6,7-5",905,2025,,,,,,3,2025-08-28,,,,,,,,,,,,,,,,,,,,,,,,,,,,,,,,,,,,,,,,,,"6-2,4-6,7-5",,,,,,,,,,,
905,2025,US OPEN,Grand Slam,2025-08-24,2025-09-07,Hard,NEW YORK,"NY, UNITED STATES",128.0,41592800.0,USD,LS63101407,2025-08-28,2,Jaqueline Cristian,Ashlyn Krueger,ROU,USA,,,4-6,6-2,6-2,,320319,329409,US OPEN,"US Open - New York, NY, USA",2025.0,,320319,329409,320319,329409,Jaqueline Cristian,Ashlyn Krueger,,,Jaqueline Cristian,Ashlyn Krueger,ROU,USA,,,320319,329409,,,,,,,,,,,,,,,,,,,,,,,,,,,,,,,,,,,,,,,,,,,,,,,,,,,,,,,,,,,,,,,,,,,,,,,,,,,4-6,6-2,6-2,"4-6,6-2,6-2",905,2025,,,,,,3,2025-08-28,,,,,,,,,,,,,,,,,,,,,,,,,,,,,,,,,,,,,,,,,,"4-6,6-2,6-2",,,,,,,,,,,
905,2025,US OPEN,Grand Slam,2025-08-24,2025-09-07,Hard,NEW YORK,"NY, UNITED STATES",128.0,41592800.0,USD,LS63101389,2025-08-28,2,Diane Parry,Renata Zarazua,FRA,MEX,,,6-2,2-6,7-6(7),,327077,320716,US OPEN,"US Open - New York, NY, USA",2025.0,,320716,327077,320716,327077,Diane Parry,Renata Zarazua,,,Renata Zarazua,Diane Parry,MEX,FRA,,,327077,320716,,,,,,,,,,,,,,,,,,,,,,,,,,,,,,,,,,,,,,,,,,,,,,,,,,,,,,,,,,,,,,,,,,,,,,,,,,,2-6,6-2,6-7(7),"2-6,6-2,6(10)-7",905,2025,,,,,,3,2025-08-28,,,,,,,,,,,,,,,,,,,,,,,,,,,,,,,,,,,,,,,,9.0,7.0,"2-6,6-2,6(10)-7",,,,,,,,,,,
905,2025,US OPEN,Grand Slam,2025-08-24,2025-09-07,Hard,NEW YORK,"NY, UNITED STATES",128.0,41592800.0,USD,LS63101387,2025-08-28,2,Karolina Muchova,Sorana Cirstea,CZE,ROU,11.0,,7-6(0),6-7(3),6-4,,322191,312469,US OPEN,"US Open - New York, NY, USA",2025.0,,312469,322191,312469,322191,Karolina Muchova,Sorana Cirstea,,,Sorana Cirstea,Karolina Muchova,ROU,CZE,,11,322191,312469,,,,,,,,,,,,,,,,,,,,,,,,,,,,,,,,,,,,,,,,,,,,,,,,,,,,,,,,,,,,,,,,,,,,,,,,,,,6-7(0),7-6(3),4-6,"6(7)-7,7-6(7),4-6",905,2025,,,,,,3,2025-08-28,,,,,,,,,,,,,,,,,,,,,,,,,,,,,,,,,,,,7.0,0.0,7.0,3.0,,,"6(7)-7,7-6(7),4-6",,,,,,,,,,,
905,2025,US OPEN,Grand Slam,2025-08-24,2025-09-07,Hard,NEW YORK,"NY, UNITED STATES",128.0,41592800.0,USD,LS63101415,2025-08-28,2,Laura Siegemund,Anastasia Zakharova,DEU,,,,6-4,6-2,,,310926,327367,US OPEN,"US Open - New York, NY, USA",2025.0,,327367,310926,327367,310926,Laura Siegemund,Anastasia Zakharova,,,Anastasia Zakharova,Laura Siegemund,,DEU,,,310926,327367,,,,,,,,,,,,,,,,,,,,,,,,,,,,,,,,,,,,,,,,,,,,,,,,,,,,,,,,,,,,,,,,,,,,,,,,,,,4-6,2-6,,"4-6,2-6",905,2025,,,,,,2,2025-08-28,,,,,,,,,,,,,,,,,,,,,,,,,,,,,,,,,,,,,,,,,,"4-6,2-6",,,,,,,,,,,
905,2025,US OPEN,Grand Slam,2025-08-24,2025-09-07,Hard,NEW YORK,"NY, UNITED STATES",128.0,41592800.0,USD,LS63101399,2025-08-28,2,Naomi Osaka,Hailey Baptiste,JPN,USA,23.0,,6-3,6-1,,,319998,327101,US OPEN,"US Open - New York, NY, USA",2025.0,,327101,319998,327101,319998,Naomi Osaka,Hailey Baptiste,,,Hailey Baptiste,Naomi Osaka,USA,JPN,,23,319998,327101,,,,,,,,,,,,,,,,,,,,,,,,,,,,,,,,,,,,,,,,,,,,,,,,,,,,,,,,,,,,,,,,,,,,,,,,,,,3-6,1-6,,"3-6,1-6",905,2025,,,,,,2,2025-08-28,,,,,,,,,,,,,,,,,,,,,,,,,,,,,,,,,,,,,,,,,,"3-6,1-6",,,,,,,,,,,
905,2025,US OPEN,Grand Slam,2025-08-24,2025-09-07,Hard,NEW YORK,"NY, UNITED STATES",128.0,41592800.0,USD,LS63101393,2025-08-28,2,Magdalena Frech,Peyton Stearns,POL,USA,28.0,,6-7(6),6-3,6-2,,320277,327573,US OPEN,"US Open - New York, NY, USA",2025.0,,320277,327573,320277,327573,Magdalena Frech,Peyton Stearns,,,Magdalena Frech,Peyton Stearns,POL,USA,28,,320277,327573,,,,,,,,,,,,,,,,,,,,,,,,,,,,,,,,,,,,,,,,,,,,,,,,,,,,,,,,,,,,,,,,,,,,,,,,,,,6-7(6),6-3,6-2,"6(8)-7,6-3,6-2",905,2025,,,,,,3,2025-08-28,,,,,,,,,,,,,,,,,,,,,,,,,,,,,,,,,,,,8.0,6.0,,,,,"6(8)-7,6-3,6-2",,,,,,,,,,,
905,2025,US OPEN,Grand Slam,2025-08-24,2025-09-07,Hard,NEW YORK,"NY, UNITED STATES",128.0,41592800.0,USD,LS63101391,2025-08-28,2,Marta Kostyuk,Zeynep Sonmez,UKR,TUR,27.0,,7-5,6-7(5),6-3,,326482,326907,US OPEN,"US Open - New York, NY, USA",2025.0,,326907,326482,326907,326482,Marta Kostyuk,Zeynep Sonmez,,,Zeynep Sonmez,Marta Kostyuk,TUR,UKR,,27,326482,326907,,,,,,,,,,,,,,,,,,,,,,,,,,,,,,,,,,,,,,,,,,,,,,,,,,,,,,,,,,,,,,,,,,,,,,,,,,,5-7,7-6(5),3-6,"5-7,7-6(7),3-6",905,2025,,,,,,3,2025-08-28,,,,,,,,,,,,,,,,,,,,,,,,,,,,,,,,,,,,,,7.0,5.0,,,"5-7,7-6(7),3-6",,,,,,,,,,,
905,2025,US OPEN,Grand Slam,2025-08-24,2025-09-07,Hard,NEW YORK,"NY, UNITED STATES",128.0,41592800.0,USD,LS63101411,2025-08-28,2,Iga Swiatek,Suzan Lamens,POL,NLD,2.0,,6-1,4-6,6-4,,326408,324898,US OPEN,"US Open - New York, NY, USA",2025.0,,324898,326408,324898,326408,Iga Swiatek,Suzan Lamens,,,Suzan Lamens,Iga Swiatek,NLD,POL,,2,326408,324898,,,,,,,,,,,,,,,,,,,,,,,,,,,,,,,,,,,,,,,,,,,,,,,,,,,,,,,,,,,,,,,,,,,,,,,,,,,1-6,6-4,4-6,"1-6,6-4,4-6",905,2025,,,,,,3,2025-08-28,,,,,,,,,,,,,,,,,,,,,,,,,,,,,,,,,,,,,,,,,,"1-6,6-4,4-6",,,,,,,,,,,
905,2025,US OPEN,Grand Slam,2025-08-24,2025-09-07,Hard,NEW YORK,"NY, UNITED STATES",128.0,41592800.0,USD,LS63101385,2025-08-28,2,Linda Noskova,Eva Lys,CZE,DEU,21.0,,6-4,3-0,,,329668,325826,US OPEN,"US Open - New York, NY, USA",2025.0,,329668,325826,329668,325826,Linda Noskova,Eva Lys,,,Linda Noskova,Eva Lys,CZE,DEU,21,,329668,325826,,,,,,,,,,,,,,,,,,,,,,,,,,,,,,,,,,,,,,,,,,,,,,,,,,,,,,,,,,,,,,,,,,,,,,,,,,,6-4,3-0,,"6-4,3-0",905,2025,,,,,,2,2025-08-28,,,,,,,,,,,,,,,,,,,,,,,,,,,,,,,,,,,,,,,,,,"6-4,3-0",,,,,,,,,,,
905,2025,US OPEN,Grand Slam,2025-08-24,2025-09-07,Hard,NEW YORK,"NY, UNITED STATES",128.0,41592800.0,USD,LS63101401,2025-08-28,2,Beatriz Haddad Maia,Viktorija Golubic,BRA,CHE,18.0,,6-1,6-4,,,318176,316296,US OPEN,"US Open - New York, NY, USA",2025.0,,318176,316296,318176,316296,Beatriz Haddad Maia,Viktorija Golubic,,,Beatriz Haddad Maia,Viktorija Golubic,BRA,CHE,18,,318176,316296,,,,,,,,,,,,,,,,,,,,,,,,,,,,,,,,,,,,,,,,,,,,,,,,,,,,,,,,,,,,,,,,,,,,,,,,,,,6-1,6-4,,"6-1,6-4",905,2025,,,,,,2,2025-08-28,,,,,,,,,,,,,,,,,,,,,,,,,,,,,,,,,,,,,,,,,,"6-1,6-4",,,,,,,,,,,
905,2025,US OPEN,Grand Slam,2025-08-24,2025-09-07,Hard,NEW YORK,"NY, UNITED STATES",128.0,41592800.0,USD,LS63101403,2025-08-28,2,Maria Sakkari,Anna Bondar,GRC,HUN,,,6-3,6-1,,,318312,322942,US OPEN,"US Open - New York, NY, USA",2025.0,,318312,322942,318312,322942,Maria Sakkari,Anna Bondar,,,Maria Sakkari,Anna Bondar,GRC,HUN,,,318312,322942,,,,,,,,,,,,,,,,,,,,,,,,,,,,,,,,,,,,,,,,,,,,,,,,,,,,,,,,,,,,,,,,,,,,,,,,,,,6-3,6-1,,"6-3,6-1",905,2025,,,,,,2,2025-08-28,,,,,,,,,,,,,,,,,,,,,,,,,,,,,,,,,,,,,,,,,,"6-3,6-1",,,,,,,,,,,
905,2025,US OPEN,Grand Slam,2025-08-24,2025-09-07,Hard,NEW YORK,"NY, UNITED STATES",128.0,41592800.0,USD,LS63101409,2025-08-28,2,Anna Kalinskaya,Yulia Putintseva,,KAZ,29.0,,6-1,7-5,,,323942,317683,US OPEN,"US Open - New York, NY, USA",2025.0,,323942,317683,323942,317683,Anna Kalinskaya,Yulia Putintseva,,,Anna Kalinskaya,Yulia Putintseva,,KAZ,29,,323942,317683,,,,,,,,,,,,,,,,,,,,,,,,,,,,,,,,,,,,,,,,,,,,,,,,,,,,,,,,,,,,,,,,,,,,,,,,,,,6-1,7-5,,"6-1,7-5",905,2025,,,,,,2,2025-08-28,,,,,,,,,,,,,,,,,,,,,,,,,,,,,,,,,,,,,,,,,,"6-1,7-5",,,,,,,,,,,
905,2025,US OPEN,Grand Slam,2025-08-24,2025-09-07,Hard,NEW YORK,"NY, UNITED STATES",128.0,41592800.0,USD,LS63101413,2025-08-28,2,Ekaterina Alexandrova,Xinyu Wang,,CHN,13.0,,6-2,6-2,,,319007,326376,US OPEN,"US Open - New York, NY, USA",2025.0,,319007,326376,319007,326376,Ekaterina Alexandrova,Xinyu Wang,,,Ekaterina Alexandrova,Xinyu Wang,,CHN,13,,319007,326376,,,,,,,,,,,,,,,,,,,,,,,,,,,,,,,,,,,,,,,,,,,,,,,,,,,,,,,,,,,,,,,,,,,,,,,,,,,6-2,6-2,,"6-2,6-2",905,2025,,,,,,2,2025-08-28,,,,,,,,,,,,,,,,,,,,,,,,,,,,,,,,,,,,,,,,,,"6-2,6-2",,,,,,,,,,,
905,2025,US OPEN,Grand Slam,2025-08-24,2025-09-07,Hard,NEW YORK,"NY, UNITED STATES",128.0,41592800.0,USD,LS63101295,2025-08-28,2,Aryna Sabalenka,Polina Kudermetova,,UZB,1.0,,7-6(4),6-2,,,320760,328897,US OPEN,"US Open - New York, NY, USA",2025.0,,320760,328897,320760,328897,Aryna Sabalenka,Polina Kudermetova,,,Aryna Sabalenka,Polina Kudermetova,,UZB,1,,320760,328897,,,,,,,,,,,,,,,,,,,,,,,,,,,,,,,,,,,,,,,,,,,,,,,,,,,,,,,,,,,,,,,,,,,,,,,,,,,7-6(4),6-2,,"7-6(7),6-2",905,2025,,,,,,2,2025-08-28,,,,,,,,,,,,,,,,,,,,,,,,,,,,,,,,,,,,7.0,4.0,,,,,"7-6(7),6-2",,,,,,,,,,,
905,2025,US OPEN,Grand Slam,2025-08-24,2025-09-07,Hard,NEW YORK,"NY, UNITED STATES",128.0,41592800.0,USD,LS63101309,2025-08-27,2,Ann Li,Belinda Bencic,USA,CHE,,16.0,6-3,6-3,,,326096,319001,US OPEN,"US Open - New York, NY, USA",2025.0,,326096,319001,326096,319001,Ann Li,Belinda Bencic,,,Ann Li,Belinda Bencic,USA,CHE,,16,326096,319001,,,,,,,,,,,,,,,,,,,,,,,,,,,,,,,,,,,,,,,,,,,,,,,,,,,,,,,,,,,,,,,,,,,,,,,,,,,6-3,6-3,,"6-3,6-3",905,2025,,,,,,2,2025-08-27,,,,,,,,,,,,,,,,,,,,,,,,,,,,,,,,,,,,,,,,,,"6-3,6-3",,,,,,,,,,,
905,2025,US OPEN,Grand Slam,2025-08-24,2025-09-07,Hard,NEW YORK,"NY, UNITED STATES",128.0,41592800.0,USD,LS63101297,2025-08-27,2,Leylah Fernandez,Elsa Jacquemot,CAN,FRA,31.0,,2-6,6-3,6-2,,326735,328142,US OPEN,"US Open - New York, NY, USA",2025.0,,328142,326735,328142,326735,Leylah Fernandez,Elsa Jacquemot,,,Elsa Jacquemot,Leylah Fernandez,FRA,CAN,,31,326735,328142,,,,,,,,,,,,,,,,,,,,,,,,,,,,,,,,,,,,,,,,,,,,,,,,,,,,,,,,,,,,,,,,,,,,,,,,,,,6-2,3-6,2-6,"6-2,3-6,2-6",905,2025,,,,,,3,2025-08-27,,,,,,,,,,,,,,,,,,,,,,,,,,,,,,,,,,,,,,,,,,"6-2,3-6,2-6",,,,,,,,,,,
905,2025,US OPEN,Grand Slam,2025-08-24,2025-09-07,Hard,NEW YORK,"NY, UNITED STATES",128.0,41592800.0,USD,LS63101299,2025-08-27,2,Marketa Vondrousova,McCartney Kessler,CZE,USA,,32.0,7-6(7),6-2,,,323027,326678,US OPEN,"US Open - New York, NY, USA",2025.0,,326678,323027,326678,323027,Marketa Vondrousova,McCartney Kessler,,,McCartney Kessler,Marketa Vondrousova,USA,CZE,32,,323027,326678,,,,,,,,,,,,,,,,,,,,,,,,,,,,,,,,,,,,,,,,,,,,,,,,,,,,,,,,,,,,,,,,,,,,,,,,,,,6-7(7),2-6,,"6(9)-7,2-6",905,2025,,,,,,2,2025-08-27,,,,,,,,,,,,,,,,,,,,,,,,,,,,,,,,,,,,9.0,7.0,,,,,"6(9)-7,2-6",,,,,,,,,,,
905,2025,US OPEN,Grand Slam,2025-08-24,2025-09-07,Hard,NEW YORK,"NY, UNITED STATES",128.0,41592800.0,USD,LS63101301,2025-08-27,2,Jasmine Paolini,Iva Jovic,ITA,USA,7.0,,6-3,6-3,,,319280,332285,US OPEN,"US Open - New York, NY, USA",2025.0,,332285,319280,332285,319280,Jasmine Paolini,Iva Jovic,,,Iva Jovic,Jasmine Paolini,USA,ITA,,7,319280,332285,,,,,,,,,,,,,,,,,,,,,,,,,,,,,,,,,,,,,,,,,,,,,,,,,,,,,,,,,,,,,,,,,,,,,,,,,,,3-6,3-6,,"3-6,3-6",905,2025,,,,,,2,2025-08-27,,,,,,,,,,,,,,,,,,,,,,,,,,,,,,,,,,,,,,,,,,"3-6,3-6",,,,,,,,,,,
905,2025,US OPEN,Grand Slam,2025-08-24,2025-09-07,Hard,NEW YORK,"NY, UNITED STATES",128.0,41592800.0,USD,LS63101317,2025-08-27,2,Mirra Andreeva,Anastasia Potapova,,AUT,5.0,,6-1,6-3,,,331809,325601,US OPEN,"US Open - New York, NY, USA",2025.0,,325601,331809,325601,331809,Mirra Andreeva,Anastasia Potapova,,,Anastasia Potapova,Mirra Andreeva,AUT,,,5,331809,325601,,,,,,,,,,,,,,,,,,,,,,,,,,,,,,,,,,,,,,,,,,,,,,,,,,,,,,,,,,,,,,,,,,,,,,,,,,,1-6,3-6,,"1-6,3-6",905,2025,,,,,,2,2025-08-27,,,,,,,,,,,,,,,,,,,,,,,,,,,,,,,,,,,,,,,,,,"1-6,3-6",,,,,,,,,,,
905,2025,US OPEN,Grand Slam,2025-08-24,2025-09-07,Hard,NEW YORK,"NY, UNITED STATES",128.0,41592800.0,USD,LS63101291,2025-08-27,2,Elise Mertens,Lulu Sun,BEL,NZL,19.0,,6-2,6-3,,,317964,324576,US OPEN,"US Open - New York, NY, USA",2025.0,,317964,324576,317964,324576,Elise Mertens,Lulu Sun,,,Elise Mertens,Lulu Sun,BEL,NZL,19,,317964,324576,,,,,,,,,,,,,,,,,,,,,,,,,,,,,,,,,,,,,,,,,,,,,,,,,,,,,,,,,,,,,,,,,,,,,,,,,,,6-2,6-3,,"6-2,6-3",905,2025,,,,,,2,2025-08-27,,,,,,,,,,,,,,,,,,,,,,,,,,,,,,,,,,,,,,,,,,"6-2,6-3",,,,,,,,,,,
905,2025,US OPEN,Grand Slam,2025-08-24,2025-09-07,Hard,NEW YORK,"NY, UNITED STATES",128.0,41592800.0,USD,LS63101307,2025-08-27,2,Priscilla Hon,Liudmila Samsonova,AUS,,,17.0,4-6,6-3,6-2,,320543,322222,US OPEN,"US Open - New York, NY, USA",2025.0,,322222,320543,322222,320543,Priscilla Hon,Liudmila Samsonova,,,Liudmila Samsonova,Priscilla Hon,,AUS,17,,320543,322222,,,,,,,,,,,,,,,,,,,,,,,,,,,,,,,,,,,,,,,,,,,,,,,,,,,,,,,,,,,,,,,,,,,,,,,,,,,6-4,3-6,2-6,"6-4,3-6,2-6",905,2025,,,,,,3,2025-08-27,,,,,,,,,,,,,,,,,,,,,,,,,,,,,,,,,,,,,,,,,,"6-4,3-6,2-6",,,,,,,,,,,
905,2025,US OPEN,Grand Slam,2025-08-24,2025-09-07,Hard,NEW YORK,"NY, UNITED STATES",128.0,41592800.0,USD,LS63101315,2025-08-27,2,Taylor Townsend,Jelena Ostapenko,USA,LVA,,25.0,7-5,6-1,,,318609,319939,US OPEN,"US Open - New York, NY, USA",2025.0,,319939,318609,319939,318609,Taylor Townsend,Jelena Ostapenko,,,Jelena Ostapenko,Taylor Townsend,LVA,USA,25,,318609,319939,,,,,,,,,,,,,,,,,,,,,,,,,,,,,,,,,,,,,,,,,,,,,,,,,,,,,,,,,,,,,,,,,,,,,,,,,,,5-7,1-6,,"5-7,1-6",905,2025,,,,,,2,2025-08-27,,,,,,,,,,,,,,,,,,,,,,,,,,,,,,,,,,,,,,,,,,"5-7,1-6",,,,,,,,,,,
905,2025,US OPEN,Grand Slam,2025-08-24,2025-09-07,Hard,NEW YORK,"NY, UNITED STATES",128.0,41592800.0,USD,LS63101303,2025-08-27,2,Elena Rybakina,Tereza Valentova,KAZ,CZE,9.0,,6-3,7-6(7),,,324166,330808,US OPEN,"US Open - New York, NY, USA",2025.0,,324166,330808,324166,330808,Elena Rybakina,Tereza Valentova,,,Elena Rybakina,Tereza Valentova,KAZ,CZE,9,,324166,330808,,,,,,,,,,,,,,,,,,,,,,,,,,,,,,,,,,,,,,,,,,,,,,,,,,,,,,,,,,,,,,,,,,,,,,,,,,,6-3,7-6(7),,"6-3,7-6(9)",905,2025,,,,,,2,2025-08-27,,,,,,,,,,,,,,,,,,,,,,,,,,,,,,,,,,,,,,9.0,7.0,,,"6-3,7-6(9)",,,,,,,,,,,
905,2025,US OPEN,Grand Slam,2025-08-24,2025-09-07,Hard,NEW YORK,"NY, UNITED STATES",128.0,41592800.0,USD,LS63101321,2025-08-27,2,Barbora Krejcikova,Moyuka Uchijima,CZE,JPN,,,6-4,6-2,,,318314,327241,US OPEN,"US Open - New York, NY, USA",2025.0,,327241,318314,327241,318314,Barbora Krejcikova,Moyuka Uchijima,,,Moyuka Uchijima,Barbora Krejcikova,JPN,CZE,,,318314,327241,,,,,,,,,,,,,,,,,,,,,,,,,,,,,,,,,,,,,,,,,,,,,,,,,,,,,,,,,,,,,,,,,,,,,,,,,,,4-6,2-6,,"4-6,2-6",905,2025,,,,,,2,2025-08-27,,,,,,,,,,,,,,,,,,,,,,,,,,,,,,,,,,,,,,,,,,"4-6,2-6",,,,,,,,,,,
905,2025,US OPEN,Grand Slam,2025-08-24,2025-09-07,Hard,NEW YORK,"NY, UNITED STATES",128.0,41592800.0,USD,LS63101311,2025-08-27,2,Jessica Pegula,Anna Blinkova,USA,,4.0,,6-1,6-3,,,316956,324267,US OPEN,"US Open - New York, NY, USA",2025.0,,316956,324267,316956,324267,Jessica Pegula,Anna Blinkova,,,Jessica Pegula,Anna Blinkova,USA,,4,,316956,324267,,,,,,,,,,,,,,,,,,,,,,,,,,,,,,,,,,,,,,,,,,,,,,,,,,,,,,,,,,,,,,,,,,,,,,,,,,,6-1,6-3,,"6-1,6-3",905,2025,,,,,,2,2025-08-27,,,,,,,,,,,,,,,,,,,,,,,,,,,,,,,,,,,,,,,,,,"6-1,6-3",,,,,,,,,,,
905,2025,US OPEN,Grand Slam,2025-08-24,2025-09-07,Hard,NEW YORK,"NY, UNITED STATES",128.0,41592800.0,USD,LS63101293,2025-08-27,2,Cristina Bucsa,Alexandra Eala,ESP,PHL,,,6-4,6-3,,,321158,330332,US OPEN,"US Open - New York, NY, USA",2025.0,,321158,330332,321158,330332,Cristina Bucsa,Alexandra Eala,,,Cristina Bucsa,Alexandra Eala,ESP,PHL,,,321158,330332,,,,,,,,,,,,,,,,,,,,,,,,,,,,,,,,,,,,,,,,,,,,,,,,,,,,,,,,,,,,,,,,,,,,,,,,,,,6-4,6-3,,"6-4,6-3",905,2025,,,,,,2,2025-08-27,,,,,,,,,,,,,,,,,,,,,,,,,,,,,,,,,,,,,,,,,,"6-4,6-3",,,,,,,,,,,
905,2025,US OPEN,Grand Slam,2025-08-24,2025-09-07,Hard,NEW YORK,"NY, UNITED STATES",128.0,41592800.0,USD,LS63101305,2025-08-27,2,Emma Raducanu,Janice Tjen,GBR,IDN,,,6-2,6-1,,,328366,460837,US OPEN,"US Open - New York, NY, USA",2025.0,,328366,460837,328366,460837,Emma Raducanu,Janice Tjen,,,Emma Raducanu,Janice Tjen,GBR,IDN,,,328366,460837,,,,,,,,,,,,,,,,,,,,,,,,,,,,,,,,,,,,,,,,,,,,,,,,,,,,,,,,,,,,,,,,,,,,,,,,,,,6-2,6-1,,"6-2,6-1",905,2025,,,,,,2,2025-08-27,,,,,,,,,,,,,,,,,,,,,,,,,,,,,,,,,,,,,,,,,,"6-2,6-1",,,,,,,,,,,
905,2025,US OPEN,Grand Slam,2025-08-24,2025-09-07,Hard,NEW YORK,"NY, UNITED STATES",128.0,41592800.0,USD,LS63101313,2025-08-27,2,Victoria Azarenka,Anastasia Pavlyuchenkova,,,,,6-3,6-3,,,312001,313796,US OPEN,"US Open - New York, NY, USA",2025.0,,312001,313796,312001,313796,Victoria Azarenka,Anastasia Pavlyuchenkova,,,Victoria Azarenka,Anastasia Pavlyuchenkova,,,,,312001,313796,,,,,,,,,,,,,,,,,,,,,,,,,,,,,,,,,,,,,,,,,,,,,,,,,,,,,,,,,,,,,,,,,,,,,,,,,,,6-3,6-3,,"6-3,6-3",905,2025,,,,,,2,2025-08-27,,,,,,,,,,,,,,,,,,,,,,,,,,,,,,,,,,,,,,,,,,"6-3,6-3",,,,,,,,,,,
905,2025,US OPEN,Grand Slam,2025-08-24,2025-09-07,Hard,NEW YORK,"NY, UNITED STATES",128.0,41592800.0,USD,LS63101319,2025-08-27,2,Emma Navarro,Caty McNally,USA,USA,10.0,,6-2,6-1,,,325410,325725,US OPEN,"US Open - New York, NY, USA",2025.0,,325410,325725,325410,325725,Emma Navarro,Caty McNally,,,Emma Navarro,Caty McNally,USA,USA,10,,325410,325725,,,,,,,,,,,,,,,,,,,,,,,,,,,,,,,,,,,,,,,,,,,,,,,,,,,,,,,,,,,,,,,,,,,,,,,,,,,6-2,6-1,,"6-2,6-1",905,2025,,,,,,2,2025-08-27,,,,,,,,,,,,,,,,,,,,,,,,,,,,,,,,,,,,,,,,,,"6-2,6-1",,,,,,,,,,,
905,2025,US OPEN,Grand Slam,2025-08-24,2025-09-07,Hard,NEW YORK,"NY, UNITED STATES",128.0,41592800.0,USD,LS63131417,2025-08-26,1,Coco Gauff,Ajla Tomljanovic,USA,AUS,3.0,,6-4,6-7(2),7-5,,328560,315232,US OPEN,"US Open - New York, NY, USA",2025.0,,315232,328560,315232,328560,Coco Gauff,Ajla Tomljanovic,,,Ajla Tomljanovic,Coco Gauff,AUS,USA,,3,328560,315232,,,,,,,,,,,,,,,,,,,,,,,,,,,,,,,,,,,,,,,,,,,,,,,,,,,,,,,,,,,,,,,,,,,,,,,,,,,4-6,7-6(2),5-7,"4-6,7-6(7),5-7",905,2025,,,,,,3,2025-08-26,,,,,,,,,,,,,,,,,,,,,,,,,,,,,,,,,,,,,,7.0,2.0,,,"4-6,7-6(7),5-7",,,,,,,,,,,
905,2025,US OPEN,Grand Slam,2025-08-24,2025-09-07,Hard,NEW YORK,"NY, UNITED STATES",128.0,41592800.0,USD,LS63131397,2025-08-26,1,Anastasia Zakharova,Elina Avanesyan,,ARM,,,6-3,6-4,,,327367,327620,US OPEN,"US Open - New York, NY, USA",2025.0,,327367,327620,327367,327620,Anastasia Zakharova,Elina Avanesyan,,,Anastasia Zakharova,Elina Avanesyan,,ARM,,,327367,327620,,,,,,,,,,,,,,,,,,,,,,,,,,,,,,,,,,,,,,,,,,,,,,,,,,,,,,,,,,,,,,,,,,,,,,,,,,,6-3,6-4,,"6-3,6-4",905,2025,,,,,,2,2025-08-26,,,,,,,,,,,,,,,,,,,,,,,,,,,,,,,,,,,,,,,,,,"6-3,6-4",,,,,,,,,,,
905,2025,US OPEN,Grand Slam,2025-08-24,2025-09-07,Hard,NEW YORK,"NY, UNITED STATES",128.0,41592800.0,USD,LS63131423,2025-08-26,1,Naomi Osaka,Greet Minnen,JPN,BEL,23.0,,6-3,6-4,,,319998,321454,US OPEN,"US Open - New York, NY, USA",2025.0,,321454,319998,321454,319998,Naomi Osaka,Greet Minnen,,,Greet Minnen,Naomi Osaka,BEL,JPN,,23,319998,321454,,,,,,,,,,,,,,,,,,,,,,,,,,,,,,,,,,,,,,,,,,,,,,,,,,,,,,,,,,,,,,,,,,,,,,,,,,,3-6,4-6,,"3-6,4-6",905,2025,,,,,,2,2025-08-26,,,,,,,,,,,,,,,,,,,,,,,,,,,,,,,,,,,,,,,,,,"3-6,4-6",,,,,,,,,,,
905,2025,US OPEN,Grand Slam,2025-08-24,2025-09-07,Hard,NEW YORK,"NY, UNITED STATES",128.0,41592800.0,USD,LS63131419,2025-08-26,1,Donna Vekic,Jessica Bouzas Maneiro,HRV,ESP,,,3-6,7-5,6-3,,318516,328139,US OPEN,"US Open - New York, NY, USA",2025.0,,318516,328139,318516,328139,Donna Vekic,Jessica Bouzas Maneiro,,,Donna Vekic,Jessica Bouzas Maneiro,HRV,ESP,,,318516,328139,,,,,,,,,,,,,,,,,,,,,,,,,,,,,,,,,,,,,,,,,,,,,,,,,,,,,,,,,,,,,,,,,,,,,,,,,,,3-6,7-5,6-3,"3-6,7-5,6-3",905,2025,,,,,,3,2025-08-26,,,,,,,,,,,,,,,,,,,,,,,,,,,,,,,,,,,,,,,,,,"3-6,7-5,6-3",,,,,,,,,,,
905,2025,US OPEN,Grand Slam,2025-08-24,2025-09-07,Hard,NEW YORK,"NY, UNITED STATES",128.0,41592800.0,USD,LS63131425,2025-08-26,1,Hailey Baptiste,Katerina Siniakova,USA,CZE,,,7-5,6-3,,,327101,320301,US OPEN,"US Open - New York, NY, USA",2025.0,,327101,320301,327101,320301,Hailey Baptiste,Katerina Siniakova,,,Hailey Baptiste,Katerina Siniakova,USA,CZE,,,327101,320301,,,,,,,,,,,,,,,,,,,,,,,,,,,,,,,,,,,,,,,,,,,,,,,,,,,,,,,,,,,,,,,,,,,,,,,,,,,7-5,6-3,,"7-5,6-3",905,2025,,,,,,2,2025-08-26,,,,,,,,,,,,,,,,,,,,,,,,,,,,,,,,,,,,,,,,,,"7-5,6-3",,,,,,,,,,,
905,2025,US OPEN,Grand Slam,2025-08-24,2025-09-07,Hard,NEW YORK,"NY, UNITED STATES",128.0,41592800.0,USD,LS63131433,2025-08-26,1,Sorana Cirstea,Solana Sierra,ROU,ARG,,,7-5,6-0,,,312469,329081,US OPEN,"US Open - New York, NY, USA",2025.0,,312469,329081,312469,329081,Sorana Cirstea,Solana Sierra,,,Sorana Cirstea,Solana Sierra,ROU,ARG,,,312469,329081,,,,,,,,,,,,,,,,,,,,,,,,,,,,,,,,,,,,,,,,,,,,,,,,,,,,,,,,,,,,,,,,,,,,,,,,,,,7-5,6-0,,"7-5,6-0",905,2025,,,,,,2,2025-08-26,,,,,,,,,,,,,,,,,,,,,,,,,,,,,,,,,,,,,,,,,,"7-5,6-0",,,,,,,,,,,
905,2025,US OPEN,Grand Slam,2025-08-24,2025-09-07,Hard,NEW YORK,"NY, UNITED STATES",128.0,41592800.0,USD,LS63131401,2025-08-26,1,Ekaterina Alexandrova,Anastasija Sevastova,,LVA,13.0,,6-4,6-1,,,319007,313987,US OPEN,"US Open - New York, NY, USA",2025.0,,319007,313987,319007,313987,Ekaterina Alexandrova,Anastasija Sevastova,,,Ekaterina Alexandrova,Anastasija Sevastova,,LVA,13,,319007,313987,,,,,,,,,,,,,,,,,,,,,,,,,,,,,,,,,,,,,,,,,,,,,,,,,,,,,,,,,,,,,,,,,,,,,,,,,,,6-4,6-1,,"6-4,6-1",905,2025,,,,,,2,2025-08-26,,,,,,,,,,,,,,,,,,,,,,,,,,,,,,,,,,,,,,,,,,"6-4,6-1",,,,,,,,,,,
905,2025,US OPEN,Grand Slam,2025-08-24,2025-09-07,Hard,NEW YORK,"NY, UNITED STATES",128.0,41592800.0,USD,LS63173329,2025-08-26,1,Eva Lys,Francesca Jones,DEU,GBR,,,6-0,7-5,,,325826,324479,US OPEN,"US Open - New York, NY, USA",2025.0,,324479,325826,324479,325826,Eva Lys,Francesca Jones,,,Francesca Jones,Eva Lys,GBR,DEU,,,325826,324479,,,,,,,,,,,,,,,,,,,,,,,,,,,,,,,,,,,,,,,,,,,,,,,,,,,,,,,,,,,,,,,,,,,,,,,,,,,0-6,5-7,,"0-6,5-7",905,2025,,,,,,2,2025-08-26,,,,,,,,,,,,,,,,,,,,,,,,,,,,,,,,,,,,,,,,,,"0-6,5-7",,,,,,,,,,,
905,2025,US OPEN,Grand Slam,2025-08-24,2025-09-07,Hard,NEW YORK,"NY, UNITED STATES",128.0,41592800.0,USD,LS63131395,2025-08-26,1,Laura Siegemund,Diana Shnaider,DEU,,,20.0,7-6(3),2-6,6-3,,310926,330482,US OPEN,"US Open - New York, NY, USA",2025.0,,310926,330482,310926,330482,Laura Siegemund,Diana Shnaider,,,Laura Siegemund,Diana Shnaider,DEU,,,20,310926,330482,,,,,,,,,,,,,,,,,,,,,,,,,,,,,,,,,,,,,,,,,,,,,,,,,,,,,,,,,,,,,,,,,,,,,,,,,,,7-6(3),2-6,6-3,"7-6(7),2-6,6-3",905,2025,,,,,,3,2025-08-26,,,,,,,,,,,,,,,,,,,,,,,,,,,,,,,,,,,,7.0,3.0,,,,,"7-6(7),2-6,6-3",,,,,,,,,,,
905,2025,US OPEN,Grand Slam,2025-08-24,2025-09-07,Hard,NEW YORK,"NY, UNITED STATES",128.0,41592800.0,USD,LS63131411,2025-08-26,1,Ashlyn Krueger,Sofia Kenin,USA,USA,,26.0,5-7,6-4,6-2,,329409,320942,US OPEN,"US Open - New York, NY, USA",2025.0,,329409,320942,329409,320942,Ashlyn Krueger,Sofia Kenin,,,Ashlyn Krueger,Sofia Kenin,USA,USA,,26,329409,320942,,,,,,,,,,,,,,,,,,,,,,,,,,,,,,,,,,,,,,,,,,,,,,,,,,,,,,,,,,,,,,,,,,,,,,,,,,,5-7,6-4,6-2,"5-7,6-4,6-2",905,2025,,,,,,3,2025-08-26,,,,,,,,,,,,,,,,,,,,,,,,,,,,,,,,,,,,,,,,,,"5-7,6-4,6-2",,,,,,,,,,,
905,2025,US OPEN,Grand Slam,2025-08-24,2025-09-07,Hard,NEW YORK,"NY, UNITED STATES",128.0,41592800.0,USD,LS63173331,2025-08-26,1,Linda Noskova,Dalma Galfi,CZE,HUN,21.0,,6-4,7-5,,,329668,321106,US OPEN,"US Open - New York, NY, USA",2025.0,,329668,321106,329668,321106,Linda Noskova,Dalma Galfi,,,Linda Noskova,Dalma Galfi,CZE,HUN,21,,329668,321106,,,,,,,,,,,,,,,,,,,,,,,,,,,,,,,,,,,,,,,,,,,,,,,,,,,,,,,,,,,,,,,,,,,,,,,,,,,6-4,7-5,,"6-4,7-5",905,2025,,,,,,2,2025-08-26,,,,,,,,,,,,,,,,,,,,,,,,,,,,,,,,,,,,,,,,,,"6-4,7-5",,,,,,,,,,,
905,2025,US OPEN,Grand Slam,2025-08-24,2025-09-07,Hard,NEW YORK,"NY, UNITED STATES",128.0,41592800.0,USD,LS63131415,2025-08-26,1,Amanda Anisimova,Kimberly Birrell,USA,AUS,8.0,,6-3,6-2,,,326384,320728,US OPEN,"US Open - New York, NY, USA",2025.0,,326384,320728,326384,320728,Amanda Anisimova,Kimberly Birrell,,,Amanda Anisimova,Kimberly Birrell,USA,AUS,8,,326384,320728,,,,,,,,,,,,,,,,,,,,,,,,,,,,,,,,,,,,,,,,,,,,,,,,,,,,,,,,,,,,,,,,,,,,,,,,,,,6-3,6-2,,"6-3,6-2",905,2025,,,,,,2,2025-08-26,,,,,,,,,,,,,,,,,,,,,,,,,,,,,,,,,,,,,,,,,,"6-3,6-2",,,,,,,,,,,
905,2025,US OPEN,Grand Slam,2025-08-24,2025-09-07,Hard,NEW YORK,"NY, UNITED STATES",128.0,41592800.0,USD,LS63131399,2025-08-26,1,Xinyu Wang,Caroline Dolehide,CHN,USA,,,2-6,6-4,6-2,,326376,322052,US OPEN,"US Open - New York, NY, USA",2025.0,,322052,326376,322052,326376,Xinyu Wang,Caroline Dolehide,,,Caroline Dolehide,Xinyu Wang,USA,CHN,,,326376,322052,,,,,,,,,,,,,,,,,,,,,,,,,,,,,,,,,,,,,,,,,,,,,,,,,,,,,,,,,,,,,,,,,,,,,,,,,,,6-2,4-6,2-6,"6-2,4-6,2-6",905,2025,,,,,,3,2025-08-26,,,,,,,,,,,,,,,,,,,,,,,,,,,,,,,,,,,,,,,,,,"6-2,4-6,2-6",,,,,,,,,,,
905,2025,US OPEN,Grand Slam,2025-08-24,2025-09-07,Hard,NEW YORK,"NY, UNITED STATES",128.0,41592800.0,USD,LS63131413,2025-08-26,1,Jaqueline Cristian,Danielle Collins,ROU,USA,,,6-2,6-0,,,320319,316925,US OPEN,"US Open - New York, NY, USA",2025.0,,316925,320319,316925,320319,Jaqueline Cristian,Danielle Collins,,,Danielle Collins,Jaqueline Cristian,USA,ROU,,,320319,316925,,,,,,,,,,,,,,,,,,,,,,,,,,,,,,,,,,,,,,,,,,,,,,,,,,,,,,,,,,,,,,,,,,,,,,,,,,,2-6,0-6,,"2-6,0-6",905,2025,,,,,,2,2025-08-26,,,,,,,,,,,,,,,,,,,,,,,,,,,,,,,,,,,,,,,,,,"2-6,0-6",,,,,,,,,,,
905,2025,US OPEN,Grand Slam,2025-08-24,2025-09-07,Hard,NEW YORK,"NY, UNITED STATES",128.0,41592800.0,USD,LS63131407,2025-08-26,1,Viktorija Golubic,Lois Boisson,CHE,FRA,,,3-6,7-6(3),6-2,,316296,328884,US OPEN,"US Open - New York, NY, USA",2025.0,,328884,316296,328884,316296,Viktorija Golubic,Lois Boisson,,,Lois Boisson,Viktorija Golubic,FRA,CHE,,,316296,328884,,,,,,,,,,,,,,,,,,,,,,,,,,,,,,,,,,,,,,,,,,,,,,,,,,,,,,,,,,,,,,,,,,,,,,,,,,,6-3,6-7(3),2-6,"6-3,6(7)-7,2-6",905,2025,,,,,,3,2025-08-26,,,,,,,,,,,,,,,,,,,,,,,,,,,,,,,,,,,,,,7.0,3.0,,,"6-3,6(7)-7,2-6",,,,,,,,,,,
905,2025,US OPEN,Grand Slam,2025-08-24,2025-09-07,Hard,NEW YORK,"NY, UNITED STATES",128.0,41592800.0,USD,LS63131387,2025-08-26,1,Iga Swiatek,Emiliana Arango,POL,COL,2.0,,6-1,6-2,,,326408,324789,US OPEN,"US Open - New York, NY, USA",2025.0,,324789,326408,324789,326408,Iga Swiatek,Emiliana Arango,,,Emiliana Arango,Iga Swiatek,COL,POL,,2,326408,324789,,,,,,,,,,,,,,,,,,,,,,,,,,,,,,,,,,,,,,,,,,,,,,,,,,,,,,,,,,,,,,,,,,,,,,,,,,,1-6,2-6,,"1-6,2-6",905,2025,,,,,,2,2025-08-26,,,,,,,,,,,,,,,,,,,,,,,,,,,,,,,,,,,,,,,,,,"1-6,2-6",,,,,,,,,,,
905,2025,US OPEN,Grand Slam,2025-08-24,2025-09-07,Hard,NEW YORK,"NY, UNITED STATES",128.0,41592800.0,USD,LS63131389,2025-08-26,1,Suzan Lamens,Valerie Glozman,NLD,USA,,,6-4,6-2,,,324898,934205,US OPEN,"US Open - New York, NY, USA",2025.0,,324898,934205,324898,934205,Suzan Lamens,Valerie Glozman,,,Suzan Lamens,Valerie Glozman,NLD,USA,,,324898,934205,,,,,,,,,,,,,,,,,,,,,,,,,,,,,,,,,,,,,,,,,,,,,,,,,,,,,,,,,,,,,,,,,,,,,,,,,,,6-4,6-2,,"6-4,6-2",905,2025,,,,,,2,2025-08-26,,,,,,,,,,,,,,,,,,,,,,,,,,,,,,,,,,,,,,,,,,"6-4,6-2",,,,,,,,,,,
905,2025,US OPEN,Grand Slam,2025-08-24,2025-09-07,Hard,NEW YORK,"NY, UNITED STATES",128.0,41592800.0,USD,LS63131409,2025-08-26,1,Beatriz Haddad Maia,Sonay Kartal,BRA,GBR,18.0,,6-3,1-6,6-1,,318176,329918,US OPEN,"US Open - New York, NY, USA",2025.0,,318176,329918,318176,329918,Beatriz Haddad Maia,Sonay Kartal,,,Beatriz Haddad Maia,Sonay Kartal,BRA,GBR,18,,318176,329918,,,,,,,,,,,,,,,,,,,,,,,,,,,,,,,,,,,,,,,,,,,,,,,,,,,,,,,,,,,,,,,,,,,,,,,,,,,6-3,1-6,6-1,"6-3,1-6,6-1",905,2025,,,,,,3,2025-08-26,,,,,,,,,,,,,,,,,,,,,,,,,,,,,,,,,,,,,,,,,,"6-3,1-6,6-1",,,,,,,,,,,
905,2025,US OPEN,Grand Slam,2025-08-24,2025-09-07,Hard,NEW YORK,"NY, UNITED STATES",128.0,41592800.0,USD,LS63131435,2025-08-26,1,Marta Kostyuk,Katie Boulter,UKR,GBR,27.0,,6-4,6-4,,,326482,319125,US OPEN,"US Open - New York, NY, USA",2025.0,,319125,326482,319125,326482,Marta Kostyuk,Katie Boulter,,,Katie Boulter,Marta Kostyuk,GBR,UKR,,27,326482,319125,,,,,,,,,,,,,,,,,,,,,,,,,,,,,,,,,,,,,,,,,,,,,,,,,,,,,,,,,,,,,,,,,,,,,,,,,,,4-6,4-6,,"4-6,4-6",905,2025,,,,,,2,2025-08-26,,,,,,,,,,,,,,,,,,,,,,,,,,,,,,,,,,,,,,,,,,"4-6,4-6",,,,,,,,,,,
905,2025,US OPEN,Grand Slam,2025-08-24,2025-09-07,Hard,NEW YORK,"NY, UNITED STATES",128.0,41592800.0,USD,LS63173323,2025-08-26,1,Maya Joint,Victoria Jimenez Kasintseva,AUS,AND,,,6-4,7-6(6),,,330544,330352,US OPEN,"US Open - New York, NY, USA",2025.0,,330352,330544,330352,330544,Maya Joint,Victoria Jimenez Kasintseva,,,Victoria Jimenez Kasintseva,Maya Joint,AND,AUS,,,330544,330352,,,,,,,,,,,,,,,,,,,,,,,,,,,,,,,,,,,,,,,,,,,,,,,,,,,,,,,,,,,,,,,,,,,,,,,,,,,4-6,6-7(6),,"4-6,6(8)-7",905,2025,,,,,,2,2025-08-26,,,,,,,,,,,,,,,,,,,,,,,,,,,,,,,,,,,,,,8.0,6.0,,,"4-6,6(8)-7",,,,,,,,,,,
905,2025,US OPEN,Grand Slam,2025-08-24,2025-09-07,Hard,NEW YORK,"NY, UNITED STATES",128.0,41592800.0,USD,LS63131441,2025-08-26,1,Mirra Andreeva,Alycia Parks,,USA,5.0,,6-0,6-1,,,331809,326007,US OPEN,"US Open - New York, NY, USA",2025.0,,326007,331809,326007,331809,Mirra Andreeva,Alycia Parks,,,Alycia Parks,Mirra Andreeva,USA,,,5,331809,326007,,,,,,,,,,,,,,,,,,,,,,,,,,,,,,,,,,,,,,,,,,,,,,,,,,,,,,,,,,,,,,,,,,,,,,,,,,,0-6,1-6,,"0-6,1-6",905,2025,,,,,,2,2025-08-26,,,,,,,,,,,,,,,,,,,,,,,,,,,,,,,,,,,,,,,,,,"0-6,1-6",,,,,,,,,,,
905,2025,US OPEN,Grand Slam,2025-08-24,2025-09-07,Hard,NEW YORK,"NY, UNITED STATES",128.0,41592800.0,USD,LS63131431,2025-08-25,1,Karolina Muchova,Venus Williams,CZE,USA,11.0,,6-3,2-6,6-1,,322191,18251,US OPEN,"US Open - New York, NY, USA",2025.0,,18251,322191,18251,322191,Karolina Muchova,Venus Williams,,,Venus Williams,Karolina Muchova,USA,CZE,,11,322191,18251,,,,,,,,,,,,,,,,,,,,,,,,,,,,,,,,,,,,,,,,,,,,,,,,,,,,,,,,,,,,,,,,,,,,,,,,,,,3-6,6-2,1-6,"3-6,6-2,1-6",905,2025,,,,,,3,2025-08-25,,,,,,,,,,,,,,,,,,,,,,,,,,,,,,,,,,,,,,,,,,"3-6,6-2,1-6",,,,,,,,,,,
905,2025,US OPEN,Grand Slam,2025-08-24,2025-09-07,Hard,NEW YORK,"NY, UNITED STATES",128.0,41592800.0,USD,LS63173325,2025-08-25,1,Peyton Stearns,Darja Semenistaja,USA,LVA,,,7-5,6-0,,,327573,329457,US OPEN,"US Open - New York, NY, USA",2025.0,,329457,327573,329457,327573,Peyton Stearns,Darja Semenistaja,,,Darja Semenistaja,Peyton Stearns,LVA,USA,,,327573,329457,,,,,,,,,,,,,,,,,,,,,,,,,,,,,,,,,,,,,,,,,,,,,,,,,,,,,,,,,,,,,,,,,,,,,,,,,,,5-7,0-6,,"5-7,0-6",905,2025,,,,,,2,2025-08-25,,,,,,,,,,,,,,,,,,,,,,,,,,,,,,,,,,,,,,,,,,"5-7,0-6",,,,,,,,,,,
905,2025,US OPEN,Grand Slam,2025-08-24,2025-09-07,Hard,NEW YORK,"NY, UNITED STATES",128.0,41592800.0,USD,LS63173335,2025-08-25,1,Zeynep Sonmez,Katie Volynets,TUR,USA,,,6-3,6-4,,,326907,327391,US OPEN,"US Open - New York, NY, USA",2025.0,,327391,326907,327391,326907,Zeynep Sonmez,Katie Volynets,,,Katie Volynets,Zeynep Sonmez,USA,TUR,,,326907,327391,,,,,,,,,,,,,,,,,,,,,,,,,,,,,,,,,,,,,,,,,,,,,,,,,,,,,,,,,,,,,,,,,,,,,,,,,,,3-6,4-6,,"3-6,4-6",905,2025,,,,,,2,2025-08-25,,,,,,,,,,,,,,,,,,,,,,,,,,,,,,,,,,,,,,,,,,"3-6,4-6",,,,,,,,,,,
905,2025,US OPEN,Grand Slam,2025-08-24,2025-09-07,Hard,NEW YORK,"NY, UNITED STATES",128.0,41592800.0,USD,LS63131403,2025-08-25,1,Anna Bondar,Elina Svitolina,HUN,UKR,,12.0,6-2,6-4,,,322942,316738,US OPEN,"US Open - New York, NY, USA",2025.0,,322942,316738,322942,316738,Anna Bondar,Elina Svitolina,,,Anna Bondar,Elina Svitolina,HUN,UKR,,12,322942,316738,,,,,,,,,,,,,,,,,,,,,,,,,,,,,,,,,,,,,,,,,,,,,,,,,,,,,,,,,,,,,,,,,,,,,,,,,,,6-2,6-4,,"6-2,6-4",905,2025,,,,,,2,2025-08-25,,,,,,,,,,,,,,,,,,,,,,,,,,,,,,,,,,,,,,,,,,"6-2,6-4",,,,,,,,,,,
905,2025,US OPEN,Grand Slam,2025-08-24,2025-09-07,Hard,NEW YORK,"NY, UNITED STATES",128.0,41592800.0,USD,LS63131421,2025-08-25,1,Magdalena Frech,Talia Gibson,POL,AUS,28.0,,6-2,6-2,,,320277,329393,US OPEN,"US Open - New York, NY, USA",2025.0,,320277,329393,320277,329393,Magdalena Frech,Talia Gibson,,,Magdalena Frech,Talia Gibson,POL,AUS,28,,320277,329393,,,,,,,,,,,,,,,,,,,,,,,,,,,,,,,,,,,,,,,,,,,,,,,,,,,,,,,,,,,,,,,,,,,,,,,,,,,6-2,6-2,,"6-2,6-2",905,2025,,,,,,2,2025-08-25,,,,,,,,,,,,,,,,,,,,,,,,,,,,,,,,,,,,,,,,,,"6-2,6-2",,,,,,,,,,,
905,2025,US OPEN,Grand Slam,2025-08-24,2025-09-07,Hard,NEW YORK,"NY, UNITED STATES",128.0,41592800.0,USD,LS63131475,2025-08-25,1,Elsa Jacquemot,Marie Bouzkova,FRA,CZE,,,6-4,6-3,,,328142,320983,US OPEN,"US Open - New York, NY, USA",2025.0,,328142,320983,328142,320983,Elsa Jacquemot,Marie Bouzkova,,,Elsa Jacquemot,Marie Bouzkova,FRA,CZE,,,328142,320983,,,,,,,,,,,,,,,,,,,,,,,,,,,,,,,,,,,,,,,,,,,,,,,,,,,,,,,,,,,,,,,,,,,,,,,,,,,6-4,6-3,,"6-4,6-3",905,2025,,,,,,2,2025-08-25,,,,,,,,,,,,,,,,,,,,,,,,,,,,,,,,,,,,,,,,,,"6-4,6-3",,,,,,,,,,,
905,2025,US OPEN,Grand Slam,2025-08-24,2025-09-07,Hard,NEW YORK,"NY, UNITED STATES",128.0,41592800.0,USD,LS63131405,2025-08-25,1,Maria Sakkari,Tatjana Maria,GRC,DEU,,,6-3,6-2,,,318312,310440,US OPEN,"US Open - New York, NY, USA",2025.0,,318312,310440,318312,310440,Maria Sakkari,Tatjana Maria,,,Maria Sakkari,Tatjana Maria,GRC,DEU,,,318312,310440,,,,,,,,,,,,,,,,,,,,,,,,,,,,,,,,,,,,,,,,,,,,,,,,,,,,,,,,,,,,,,,,,,,,,,,,,,,6-3,6-2,,"6-3,6-2",905,2025,,,,,,2,2025-08-25,,,,,,,,,,,,,,,,,,,,,,,,,,,,,,,,,,,,,,,,,,"6-3,6-2",,,,,,,,,,,
905,2025,US OPEN,Grand Slam,2025-08-24,2025-09-07,Hard,NEW YORK,"NY, UNITED STATES",128.0,41592800.0,USD,LS63131453,2025-08-25,1,Ann Li,Rebecca Sramkova,USA,SVK,,,4-6,6-2,6-4,,326096,320228,US OPEN,"US Open - New York, NY, USA",2025.0,,326096,320228,326096,320228,Ann Li,Rebecca Sramkova,,,Ann Li,Rebecca Sramkova,USA,SVK,,,326096,320228,,,,,,,,,,,,,,,,,,,,,,,,,,,,,,,,,,,,,,,,,,,,,,,,,,,,,,,,,,,,,,,,,,,,,,,,,,,4-6,6-2,6-4,"4-6,6-2,6-4",905,2025,,,,,,3,2025-08-25,,,,,,,,,,,,,,,,,,,,,,,,,,,,,,,,,,,,,,,,,,"4-6,6-2,6-4",,,,,,,,,,,
905,2025,US OPEN,Grand Slam,2025-08-24,2025-09-07,Hard,NEW YORK,"NY, UNITED STATES",128.0,41592800.0,USD,LS63131429,2025-08-25,1,Daria Kasatkina,Elena-Gabriela Ruse,AUS,ROU,15.0,,7-5,6-1,,,322082,320408,US OPEN,"US Open - New York, NY, USA",2025.0,,322082,320408,322082,320408,Daria Kasatkina,Elena-Gabriela Ruse,,,Daria Kasatkina,Elena-Gabriela Ruse,AUS,ROU,15,,322082,320408,,,,,,,,,,,,,,,,,,,,,,,,,,,,,,,,,,,,,,,,,,,,,,,,,,,,,,,,,,,,,,,,,,,,,,,,,,,7-5,6-1,,"7-5,6-1",905,2025,,,,,,2,2025-08-25,,,,,,,,,,,,,,,,,,,,,,,,,,,,,,,,,,,,,,,,,,"7-5,6-1",,,,,,,,,,,
905,2025,US OPEN,Grand Slam,2025-08-24,2025-09-07,Hard,NEW YORK,"NY, UNITED STATES",128.0,41592800.0,USD,LS63131427,2025-08-25,1,Kamilla Rakhimova,Caroline Garcia,UZB,FRA,,,6-4,4-6,6-3,,325936,315391,US OPEN,"US Open - New York, NY, USA",2025.0,,325936,315391,325936,315391,Kamilla Rakhimova,Caroline Garcia,,,Kamilla Rakhimova,Caroline Garcia,UZB,FRA,,,325936,315391,,,,,,,,,,,,,,,,,,,,,,,,,,,,,,,,,,,,,,,,,,,,,,,,,,,,,,,,,,,,,,,,,,,,,,,,,,,6-4,4-6,6-3,"6-4,4-6,6-3",905,2025,,,,,,3,2025-08-25,,,,,,,,,,,,,,,,,,,,,,,,,,,,,,,,,,,,,,,,,,"6-4,4-6,6-3",,,,,,,,,,,
905,2025,US OPEN,Grand Slam,2025-08-24,2025-09-07,Hard,NEW YORK,"NY, UNITED STATES",128.0,41592800.0,USD,LS63131467,2025-08-25,1,Elena Rybakina,Julieta Pareja,KAZ,USA,9.0,,6-3,6-0,,,324166,938101,US OPEN,"US Open - New York, NY, USA",2025.0,,324166,938101,324166,938101,Elena Rybakina,Julieta Pareja,,,Elena Rybakina,Julieta Pareja,KAZ,USA,9,,324166,938101,,,,,,,,,,,,,,,,,,,,,,,,,,,,,,,,,,,,,,,,,,,,,,,,,,,,,,,,,,,,,,,,,,,,,,,,,,,6-3,6-0,,"6-3,6-0",905,2025,,,,,,2,2025-08-25,,,,,,,,,,,,,,,,,,,,,,,,,,,,,,,,,,,,,,,,,,"6-3,6-0",,,,,,,,,,,
905,2025,US OPEN,Grand Slam,2025-08-24,2025-09-07,Hard,NEW YORK,"NY, UNITED STATES",128.0,41592800.0,USD,LS63173365,2025-08-25,1,Cristina Bucsa,Claire Liu,ESP,USA,,,6-2,6-1,,,321158,179300,US OPEN,"US Open - New York, NY, USA",2025.0,,321158,179300,321158,179300,Cristina Bucsa,Claire Liu,,,Cristina Bucsa,Claire Liu,ESP,USA,,,321158,179300,,,,,,,,,,,,,,,,,,,,,,,,,,,,,,,,,,,,,,,,,,,,,,,,,,,,,,,,,,,,,,,,,,,,,,,,,,,6-2,6-1,,"6-2,6-1",905,2025,,,,,,2,2025-08-25,,,,,,,,,,,,,,,,,,,,,,,,,,,,,,,,,,,,,,,,,,"6-2,6-1",,,,,,,,,,,
905,2025,US OPEN,Grand Slam,2025-08-24,2025-09-07,Hard,NEW YORK,"NY, UNITED STATES",128.0,41592800.0,USD,LS63131393,2025-08-25,1,Anna Kalinskaya,Clervie Ngounoue,,USA,29.0,,6-0,5-7,6-4,,323942,789688,US OPEN,"US Open - New York, NY, USA",2025.0,,323942,789688,323942,789688,Anna Kalinskaya,Clervie Ngounoue,,,Anna Kalinskaya,Clervie Ngounoue,,USA,29,,323942,789688,,,,,,,,,,,,,,,,,,,,,,,,,,,,,,,,,,,,,,,,,,,,,,,,,,,,,,,,,,,,,,,,,,,,,,,,,,,6-0,5-7,6-4,"6-0,5-7,6-4",905,2025,,,,,,3,2025-08-25,,,,,,,,,,,,,,,,,,,,,,,,,,,,,,,,,,,,,,,,,,"6-0,5-7,6-4",,,,,,,,,,,
905,2025,US OPEN,Grand Slam,2025-08-24,2025-09-07,Hard,NEW YORK,"NY, UNITED STATES",128.0,41592800.0,USD,LS63131463,2025-08-25,1,Iva Jovic,Aliaksandra Sasnovich,USA,,,,7-6(6),6-3,,,332285,317790,US OPEN,"US Open - New York, NY, USA",2025.0,,317790,332285,317790,332285,Iva Jovic,Aliaksandra Sasnovich,,,Aliaksandra Sasnovich,Iva Jovic,,USA,,,332285,317790,,,,,,,,,,,,,,,,,,,,,,,,,,,,,,,,,,,,,,,,,,,,,,,,,,,,,,,,,,,,,,,,,,,,,,,,,,,6-7(6),3-6,,"6(8)-7,3-6",905,2025,,,,,,2,2025-08-25,,,,,,,,,,,,,,,,,,,,,,,,,,,,,,,,,,,,8.0,6.0,,,,,"6(8)-7,3-6",,,,,,,,,,,
905,2025,US OPEN,Grand Slam,2025-08-24,2025-09-07,Hard,NEW YORK,"NY, UNITED STATES",128.0,41592800.0,USD,LS63131445,2025-08-25,1,Taylor Townsend,Antonia Ruzic,USA,HRV,,,6-4,6-4,,,318609,329505,US OPEN,"US Open - New York, NY, USA",2025.0,,318609,329505,318609,329505,Taylor Townsend,Antonia Ruzic,,,Taylor Townsend,Antonia Ruzic,USA,HRV,,,318609,329505,,,,,,,,,,,,,,,,,,,,,,,,,,,,,,,,,,,,,,,,,,,,,,,,,,,,,,,,,,,,,,,,,,,,,,,,,,,6-4,6-4,,"6-4,6-4",905,2025,,,,,,2,2025-08-25,,,,,,,,,,,,,,,,,,,,,,,,,,,,,,,,,,,,,,,,,,"6-4,6-4",,,,,,,,,,,
905,2025,US OPEN,Grand Slam,2025-08-24,2025-09-07,Hard,NEW YORK,"NY, UNITED STATES",128.0,41592800.0,USD,LS63131473,2025-08-25,1,Elise Mertens,Alyssa Ahn,BEL,USA,19.0,,6-1,6-0,,,317964,904523,US OPEN,"US Open - New York, NY, USA",2025.0,,317964,904523,317964,904523,Elise Mertens,Alyssa Ahn,,,Elise Mertens,Alyssa Ahn,BEL,USA,19,,317964,904523,,,,,,,,,,,,,,,,,,,,,,,,,,,,,,,,,,,,,,,,,,,,,,,,,,,,,,,,,,,,,,,,,,,,,,,,,,,6-1,6-0,,"6-1,6-0",905,2025,,,,,,2,2025-08-25,,,,,,,,,,,,,,,,,,,,,,,,,,,,,,,,,,,,,,,,,,"6-1,6-0",,,,,,,,,,,
905,2025,US OPEN,Grand Slam,2025-08-24,2025-09-07,Hard,NEW YORK,"NY, UNITED STATES",128.0,41592800.0,USD,LS63131439,2025-08-25,1,Renata Zarazua,Madison Keys,MEX,USA,,6.0,6-7(10),7-6(3),7-5,,320716,316959,US OPEN,"US Open - New York, NY, USA",2025.0,,316959,320716,316959,320716,Renata Zarazua,Madison Keys,,,Madison Keys,Renata Zarazua,USA,MEX,6,,320716,316959,,,,,,,,,,,,,,,,,,,,,,,,,,,,,,,,,,,,,,,,,,,,,,,,,,,,,,,,,,,,,,,,,,,,,,,,,,,7-6(10),6-7(3),5-7,"7-6(12),6(7)-7,5-7",905,2025,,,,,,3,2025-08-25,,,,,,,,,,,,,,,,,,,,,,,,,,,,,,,,,,,,12.0,10.0,7.0,3.0,,,"7-6(12),6(7)-7,5-7",,,,,,,,,,,
905,2025,US OPEN,Grand Slam,2025-08-24,2025-09-07,Hard,NEW YORK,"NY, UNITED STATES",128.0,41592800.0,USD,LS63131391,2025-08-25,1,Yulia Putintseva,Elisabetta Cocciaretto,KAZ,ITA,,,6-4,7-6(4),,,317683,327909,US OPEN,"US Open - New York, NY, USA",2025.0,,317683,327909,317683,327909,Yulia Putintseva,Elisabetta Cocciaretto,,,Yulia Putintseva,Elisabetta Cocciaretto,KAZ,ITA,,,317683,327909,,,,,,,,,,,,,,,,,,,,,,,,,,,,,,,,,,,,,,,,,,,,,,,,,,,,,,,,,,,,,,,,,,,,,,,,,,,6-4,7-6(4),,"6-4,7-6(7)",905,2025,,,,,,2,2025-08-25,,,,,,,,,,,,,,,,,,,,,,,,,,,,,,,,,,,,,,7.0,4.0,,,"6-4,7-6(7)",,,,,,,,,,,
905,2025,US OPEN,Grand Slam,2025-08-24,2025-09-07,Hard,NEW YORK,"NY, UNITED STATES",128.0,41592800.0,USD,LS63131437,2025-08-25,1,Diane Parry,Petra Kvitova,FRA,CZE,,,6-1,6-0,,,327077,314206,US OPEN,"US Open - New York, NY, USA",2025.0,,314206,327077,314206,327077,Diane Parry,Petra Kvitova,,,Petra Kvitova,Diane Parry,CZE,FRA,,,327077,314206,,,,,,,,,,,,,,,,,,,,,,,,,,,,,,,,,,,,,,,,,,,,,,,,,,,,,,,,,,,,,,,,,,,,,,,,,,,1-6,0-6,,"1-6,0-6",905,2025,,,,,,2,2025-08-25,,,,,,,,,,,,,,,,,,,,,,,,,,,,,,,,,,,,,,,,,,"1-6,0-6",,,,,,,,,,,
905,2025,US OPEN,Grand Slam,2025-08-24,2025-09-07,Hard,NEW YORK,"NY, UNITED STATES",128.0,41592800.0,USD,LS63131447,2025-08-25,1,Barbora Krejcikova,Victoria Mboko,CZE,CAN,,22.0,6-3,6-2,,,318314,331006,US OPEN,"US Open - New York, NY, USA",2025.0,,318314,331006,318314,331006,Barbora Krejcikova,Victoria Mboko,,,Barbora Krejcikova,Victoria Mboko,CZE,CAN,,22,318314,331006,,,,,,,,,,,,,,,,,,,,,,,,,,,,,,,,,,,,,,,,,,,,,,,,,,,,,,,,,,,,,,,,,,,,,,,,,,,6-3,6-2,,"6-3,6-2",905,2025,,,,,,2,2025-08-25,,,,,,,,,,,,,,,,,,,,,,,,,,,,,,,,,,,,,,,,,,"6-3,6-2",,,,,,,,,,,
905,2025,US OPEN,Grand Slam,2025-08-24,2025-09-07,Hard,NEW YORK,"NY, UNITED STATES",128.0,41592800.0,USD,LS63131455,2025-08-25,1,Liudmila Samsonova,Yue Yuan,,CHN,17.0,,2-6,6-4,6-4,,322222,324325,US OPEN,"US Open - New York, NY, USA",2025.0,,322222,324325,322222,324325,Liudmila Samsonova,Yue Yuan,,,Liudmila Samsonova,Yue Yuan,,CHN,17,,322222,324325,,,,,,,,,,,,,,,,,,,,,,,,,,,,,,,,,,,,,,,,,,,,,,,,,,,,,,,,,,,,,,,,,,,,,,,,,,,2-6,6-4,6-4,"2-6,6-4,6-4",905,2025,,,,,,3,2025-08-25,,,,,,,,,,,,,,,,,,,,,,,,,,,,,,,,,,,,,,,,,,"2-6,6-4,6-4",,,,,,,,,,,
905,2025,US OPEN,Grand Slam,2025-08-24,2025-09-07,Hard,NEW YORK,"NY, UNITED STATES",128.0,41592800.0,USD,LS63131457,2025-08-25,1,Anastasia Pavlyuchenkova,Dayana Yastremska,,UKR,,30.0,6-7(5),7-6(5),6-4,,313796,324261,US OPEN,"US Open - New York, NY, USA",2025.0,,313796,324261,313796,324261,Anastasia Pavlyuchenkova,Dayana Yastremska,,,Anastasia Pavlyuchenkova,Dayana Yastremska,,UKR,,30,313796,324261,,,,,,,,,,,,,,,,,,,,,,,,,,,,,,,,,,,,,,,,,,,,,,,,,,,,,,,,,,,,,,,,,,,,,,,,,,,6-7(5),7-6(5),6-4,"6(7)-7,7-6(7),6-4",905,2025,,,,,,3,2025-08-25,,,,,,,,,,,,,,,,,,,,,,,,,,,,,,,,,,,,7.0,5.0,7.0,5.0,,,"6(7)-7,7-6(7),6-4",,,,,,,,,,,
905,2025,US OPEN,Grand Slam,2025-08-24,2025-09-07,Hard,NEW YORK,"NY, UNITED STATES",128.0,41592800.0,USD,LS63173343,2025-08-25,1,Priscilla Hon,Leolia Jeanjean,AUS,FRA,,,6-3,7-5,,,320543,320313,US OPEN,"US Open - New York, NY, USA",2025.0,,320313,320543,320313,320543,Priscilla Hon,Leolia Jeanjean,,,Leolia Jeanjean,Priscilla Hon,FRA,AUS,,,320543,320313,,,,,,,,,,,,,,,,,,,,,,,,,,,,,,,,,,,,,,,,,,,,,,,,,,,,,,,,,,,,,,,,,,,,,,,,,,,3-6,5-7,,"3-6,5-7",905,2025,,,,,,2,2025-08-25,,,,,,,,,,,,,,,,,,,,,,,,,,,,,,,,,,,,,,,,,,"3-6,5-7",,,,,,,,,,,
905,2025,US OPEN,Grand Slam,2025-08-24,2025-09-07,Hard,NEW YORK,"NY, UNITED STATES",128.0,41592800.0,USD,LS63131461,2025-08-25,1,Jessica Pegula,Maiar Sherif Ahmed Abdelaziz,USA,EGY,4.0,,6-0,6-4,,,316956,318711,US OPEN,"US Open - New York, NY, USA",2025.0,,316956,318711,316956,318711,Jessica Pegula,Maiar Sherif Ahmed Abdelaziz,,,Jessica Pegula,Maiar Sherif Ahmed Abdelaziz,USA,EGY,4,,316956,318711,,,,,,,,,,,,,,,,,,,,,,,,,,,,,,,,,,,,,,,,,,,,,,,,,,,,,,,,,,,,,,,,,,,,,,,,,,,6-0,6-4,,"6-0,6-4",905,2025,,,,,,2,2025-08-25,,,,,,,,,,,,,,,,,,,,,,,,,,,,,,,,,,,,,,,,,,"6-0,6-4",,,,,,,,,,,
905,2025,US OPEN,Grand Slam,2025-08-24,2025-09-07,Hard,NEW YORK,"NY, UNITED STATES",128.0,41592800.0,USD,LS63173347,2025-08-24,1,Victoria Azarenka,Hina Inoue,,USA,,,7-6(0),6-4,,,312001,328320,US OPEN,"US Open - New York, NY, USA",2025.0,,312001,328320,312001,328320,Victoria Azarenka,Hina Inoue,,,Victoria Azarenka,Hina Inoue,,USA,,,312001,328320,,,,,,,,,,,,,,,,,,,,,,,,,,,,,,,,,,,,,,,,,,,,,,,,,,,,,,,,,,,,,,,,,,,,,,,,,,,7-6(0),6-4,,"7-6(7),6-4",905,2025,,,,,,2,2025-08-24,,,,,,,,,,,,,,,,,,,,,,,,,,,,,,,,,,,,7.0,0.0,,,,,"7-6(7),6-4",,,,,,,,,,,
905,2025,US OPEN,Grand Slam,2025-08-24,2025-09-07,Hard,NEW YORK,"NY, UNITED STATES",128.0,41592800.0,USD,LS63173349,2025-08-24,1,Jasmine Paolini,Destanee Aiava,ITA,AUS,7.0,,6-2,7-6(4),,,319280,324219,US OPEN,"US Open - New York, NY, USA",2025.0,,324219,319280,324219,319280,Jasmine Paolini,Destanee Aiava,,,Destanee Aiava,Jasmine Paolini,AUS,ITA,,7,319280,324219,,,,,,,,,,,,,,,,,,,,,,,,,,,,,,,,,,,,,,,,,,,,,,,,,,,,,,,,,,,,,,,,,,,,,,,,,,,2-6,6-7(4),,"2-6,6(7)-7",905,2025,,,,,,2,2025-08-24,,,,,,,,,,,,,,,,,,,,,,,,,,,,,,,,,,,,,,7.0,4.0,,,"2-6,6(7)-7",,,,,,,,,,,
905,2025,US OPEN,Grand Slam,2025-08-24,2025-09-07,Hard,NEW YORK,"NY, UNITED STATES",128.0,41592800.0,USD,LS63131459,2025-08-24,1,Anna Blinkova,Yuliia Starodubtseva,,UKR,,,6-3,6-1,,,324267,325338,US OPEN,"US Open - New York, NY, USA",2025.0,,325338,324267,325338,324267,Anna Blinkova,Yuliia Starodubtseva,,,Yuliia Starodubtseva,Anna Blinkova,UKR,,,,324267,325338,,,,,,,,,,,,,,,,,,,,,,,,,,,,,,,,,,,,,,,,,,,,,,,,,,,,,,,,,,,,,,,,,,,,,,,,,,,3-6,1-6,,"3-6,1-6",905,2025,,,,,,2,2025-08-24,,,,,,,,,,,,,,,,,,,,,,,,,,,,,,,,,,,,,,,,,,"3-6,1-6",,,,,,,,,,,
905,2025,US OPEN,Grand Slam,2025-08-24,2025-09-07,Hard,NEW YORK,"NY, UNITED STATES",128.0,41592800.0,USD,LS63173339,2025-08-24,1,Belinda Bencic,Shuai Zhang,CHE,CHN,16.0,,6-3,6-3,,,319001,311779,US OPEN,"US Open - New York, NY, USA",2025.0,,311779,319001,311779,319001,Belinda Bencic,Shuai Zhang,,,Shuai Zhang,Belinda Bencic,CHN,CHE,,16,319001,311779,,,,,,,,,,,,,,,,,,,,,,,,,,,,,,,,,,,,,,,,,,,,,,,,,,,,,,,,,,,,,,,,,,,,,,,,,,,3-6,3-6,,"3-6,3-6",905,2025,,,,,,2,2025-08-24,,,,,,,,,,,,,,,,,,,,,,,,,,,,,,,,,,,,,,,,,,"3-6,3-6",,,,,,,,,,,
905,2025,US OPEN,Grand Slam,2025-08-24,2025-09-07,Hard,NEW YORK,"NY, UNITED STATES",128.0,41592800.0,USD,LS63131443,2025-08-24,1,Anastasia Potapova,Lin Zhu,AUT,CHN,,,6-4,4-6,6-2,,325601,317306,US OPEN,"US Open - New York, NY, USA",2025.0,,325601,317306,325601,317306,Anastasia Potapova,Lin Zhu,,,Anastasia Potapova,Lin Zhu,AUT,CHN,,,325601,317306,,,,,,,,,,,,,,,,,,,,,,,,,,,,,,,,,,,,,,,,,,,,,,,,,,,,,,,,,,,,,,,,,,,,,,,,,,,6-4,4-6,6-2,"6-4,4-6,6-2",905,2025,,,,,,3,2025-08-24,,,,,,,,,,,,,,,,,,,,,,,,,,,,,,,,,,,,,,,,,,"6-4,4-6,6-2",,,,,,,,,,,
905,2025,US OPEN,Grand Slam,2025-08-24,2025-09-07,Hard,NEW YORK,"NY, UNITED STATES",128.0,41592800.0,USD,LS63131451,2025-08-24,1,Emma Navarro,Yafan Wang,USA,CHN,10.0,,7-6(9),6-3,,,325410,317510,US OPEN,"US Open - New York, NY, USA",2025.0,,325410,317510,325410,317510,Emma Navarro,Yafan Wang,,,Emma Navarro,Yafan Wang,USA,CHN,10,,325410,317510,,,,,,,,,,,,,,,,,,,,,,,,,,,,,,,,,,,,,,,,,,,,,,,,,,,,,,,,,,,,,,,,,,,,,,,,,,,7-6(9),6-3,,"7-6(11),6-3",905,2025,,,,,,2,2025-08-24,,,,,,,,,,,,,,,,,,,,,,,,,,,,,,,,,,,,11.0,9.0,,,,,"7-6(11),6-3",,,,,,,,,,,
905,2025,US OPEN,Grand Slam,2025-08-24,2025-09-07,Hard,NEW YORK,"NY, UNITED STATES",128.0,41592800.0,USD,LS63131471,2025-08-24,1,Lulu Sun,Camila Osorio,NZL,COL,,,6-4,2-6,6-0,,324576,325898,US OPEN,"US Open - New York, NY, USA",2025.0,,324576,325898,324576,325898,Lulu Sun,Camila Osorio,,,Lulu Sun,Camila Osorio,NZL,COL,,,324576,325898,,,,,,,,,,,,,,,,,,,,,,,,,,,,,,,,,,,,,,,,,,,,,,,,,,,,,,,,,,,,,,,,,,,,,,,,,,,6-4,2-6,6-0,"6-4,2-6,6-0",905,2025,,,,,,3,2025-08-24,,,,,,,,,,,,,,,,,,,,,,,,,,,,,,,,,,,,,,,,,,"6-4,2-6,6-0",,,,,,,,,,,
905,2025,US OPEN,Grand Slam,2025-08-24,2025-09-07,Hard,NEW YORK,"NY, UNITED STATES",128.0,41592800.0,USD,LS63173337,2025-08-24,1,Jelena Ostapenko,Xiyu Wang,LVA,CHN,25.0,,6-4,6-3,,,319939,326160,US OPEN,"US Open - New York, NY, USA",2025.0,,319939,326160,319939,326160,Jelena Ostapenko,Xiyu Wang,,,Jelena Ostapenko,Xiyu Wang,LVA,CHN,25,,319939,326160,,,,,,,,,,,,,,,,,,,,,,,,,,,,,,,,,,,,,,,,,,,,,,,,,,,,,,,,,,,,,,,,,,,,,,,,,,,6-4,6-3,,"6-4,6-3",905,2025,,,,,,2,2025-08-24,,,,,,,,,,,,,,,,,,,,,,,,,,,,,,,,,,,,,,,,,,"6-4,6-3",,,,,,,,,,,
905,2025,US OPEN,Grand Slam,2025-08-24,2025-09-07,Hard,NEW YORK,"NY, UNITED STATES",128.0,41592800.0,USD,LS63131449,2025-08-24,1,Caty McNally,Jil Teichmann,USA,CHE,,,6-2,6-2,,,325725,320926,US OPEN,"US Open - New York, NY, USA",2025.0,,320926,325725,320926,325725,Caty McNally,Jil Teichmann,,,Jil Teichmann,Caty McNally,CHE,USA,,,325725,320926,,,,,,,,,,,,,,,,,,,,,,,,,,,,,,,,,,,,,,,,,,,,,,,,,,,,,,,,,,,,,,,,,,,,,,,,,,,2-6,2-6,,"2-6,2-6",905,2025,,,,,,2,2025-08-24,,,,,,,,,,,,,,,,,,,,,,,,,,,,,,,,,,,,,,,,,,"2-6,2-6",,,,,,,,,,,
905,2025,US OPEN,Grand Slam,2025-08-24,2025-09-07,Hard,NEW YORK,"NY, UNITED STATES",128.0,41592800.0,USD,LS63131479,2025-08-24,1,Aryna Sabalenka,Rebeka Masarova,,CHE,1.0,,7-5,6-1,,,320760,322087,US OPEN,"US Open - New York, NY, USA",2025.0,,320760,322087,320760,322087,Aryna Sabalenka,Rebeka Masarova,,,Aryna Sabalenka,Rebeka Masarova,,CHE,1,,320760,322087,,,,,,,,,,,,,,,,,,,,,,,,,,,,,,,,,,,,,,,,,,,,,,,,,,,,,,,,,,,,,,,,,,,,,,,,,,,7-5,6-1,,"7-5,6-1",905,2025,,,,,,2,2025-08-24,,,,,,,,,,,,,,,,,,,,,,,,,,,,,,,,,,,,,,,,,,"7-5,6-1",,,,,,,,,,,
905,2025,US OPEN,Grand Slam,2025-08-24,2025-09-07,Hard,NEW YORK,"NY, UNITED STATES",128.0,41592800.0,USD,LS63131469,2025-08-24,1,Alexandra Eala,Clara Tauson,PHL,DNK,,14.0,6-3,2-6,7-6(11),,330332,327793,US OPEN,"US Open - New York, NY, USA",2025.0,,330332,327793,330332,327793,Alexandra Eala,Clara Tauson,,,Alexandra Eala,Clara Tauson,PHL,DNK,,14,330332,327793,,,,,,,,,,,,,,,,,,,,,,,,,,,,,,,,,,,,,,,,,,,,,,,,,,,,,,,,,,,,,,,,,,,,,,,,,,,6-3,2-6,7-6(11),"6-3,2-6,7-6(13)",905,2025,,,,,,3,2025-08-24,,,,,,,,,,,,,,,,,,,,,,,,,,,,,,,,,,,,,,,,13.0,11.0,"6-3,2-6,7-6(13)",,,,,,,,,,,
905,2025,US OPEN,Grand Slam,2025-08-24,2025-09-07,Hard,NEW YORK,"NY, UNITED STATES",128.0,41592800.0,USD,LS63169625,2025-08-24,1,Moyuka Uchijima,Olga Danilovic,JPN,SRB,,,7-6(2),4-6,7-6(9),,327241,324934,US OPEN,"US Open - New York, NY, USA",2025.0,,327241,324934,327241,324934,Moyuka Uchijima,Olga Danilovic,,,Moyuka Uchijima,Olga Danilovic,JPN,SRB,,,327241,324934,,,,,,,,,,,,,,,,,,,,,,,,,,,,,,,,,,,,,,,,,,,,,,,,,,,,,,,,,,,,,,,,,,,,,,,,,,,7-6(2),4-6,7-6(9),"7-6(7),4-6,7-6(11)",905,2025,,,,,,3,2025-08-24,,,,,,,,,,,,,,,,,,,,,,,,,,,,,,,,,,,,7.0,2.0,,,11.0,9.0,"7-6(7),4-6,7-6(11)",,,,,,,,,,,
905,2025,US OPEN,Grand Slam,2025-08-24,2025-09-07,Hard,NEW YORK,"NY, UNITED STATES",128.0,41592800.0,USD,LS63173355,2025-08-24,1,Janice Tjen,Veronika Kudermetova,IDN,,,24.0,6-4,4-6,6-4,,460837,319526,US OPEN,"US Open - New York, NY, USA",2025.0,,460837,319526,460837,319526,Janice Tjen,Veronika Kudermetova,,,Janice Tjen,Veronika Kudermetova,IDN,,,24,460837,319526,,,,,,,,,,,,,,,,,,,,,,,,,,,,,,,,,,,,,,,,,,,,,,,,,,,,,,,,,,,,,,,,,,,,,,,,,,,6-4,4-6,6-4,"6-4,4-6,6-4",905,2025,,,,,,3,2025-08-24,,,,,,,,,,,,,,,,,,,,,,,,,,,,,,,,,,,,,,,,,,"6-4,4-6,6-4",,,,,,,,,,,
905,2025,US OPEN,Grand Slam,2025-08-24,2025-09-07,Hard,NEW YORK,"NY, UNITED STATES",128.0,41592800.0,USD,LS63173367,2025-08-24,1,Leylah Fernandez,Rebecca Marino,CAN,CAN,31.0,,6-2,6-1,,,326735,313485,US OPEN,"US Open - New York, NY, USA",2025.0,,313485,326735,313485,326735,Leylah Fernandez,Rebecca Marino,,,Rebecca Marino,Leylah Fernandez,CAN,CAN,,31,326735,313485,,,,,,,,,,,,,,,,,,,,,,,,,,,,,,,,,,,,,,,,,,,,,,,,,,,,,,,,,,,,,,,,,,,,,,,,,,,2-6,1-6,,"2-6,1-6",905,2025,,,,,,2,2025-08-24,,,,,,,,,,,,,,,,,,,,,,,,,,,,,,,,,,,,,,,,,,"2-6,1-6",,,,,,,,,,,
905,2025,US OPEN,Grand Slam,2025-08-24,2025-09-07,Hard,NEW YORK,"NY, UNITED STATES",128.0,41592800.0,USD,LS63173353,2025-08-24,1,Marketa Vondrousova,Oksana Selekhmeteva,CZE,,,,6-3,7-6(3),,,323027,329199,US OPEN,"US Open - New York, NY, USA",2025.0,,329199,323027,329199,323027,Marketa Vondrousova,Oksana Selekhmeteva,,,Oksana Selekhmeteva,Marketa Vondrousova,,CZE,,,323027,329199,,,,,,,,,,,,,,,,,,,,,,,,,,,,,,,,,,,,,,,,,,,,,,,,,,,,,,,,,,,,,,,,,,,,,,,,,,,3-6,6-7(3),,"3-6,6(7)-7",905,2025,,,,,,2,2025-08-24,,,,,,,,,,,,,,,,,,,,,,,,,,,,,,,,,,,,,,7.0,3.0,,,"3-6,6(7)-7",,,,,,,,,,,
905,2025,US OPEN,Grand Slam,2025-08-24,2025-09-07,Hard,NEW YORK,"NY, UNITED STATES",128.0,41592800.0,USD,LS63131465,2025-08-24,1,McCartney Kessler,Magda Linette,USA,POL,32.0,,7-5,7-5,,,326678,315130,US OPEN,"US Open - New York, NY, USA",2025.0,,326678,315130,326678,315130,McCartney Kessler,Magda Linette,,,McCartney Kessler,Magda Linette,USA,POL,32,,326678,315130,,,,,,,,,,,,,,,,,,,,,,,,,,,,,,,,,,,,,,,,,,,,,,,,,,,,,,,,,,,,,,,,,,,,,,,,,,,7-5,7-5,,"7-5,7-5",905,2025,,,,,,2,2025-08-24,,,,,,,,,,,,,,,,,,,,,,,,,,,,,,,,,,,,,,,,,,"7-5,7-5",,,,,,,,,,,
905,2025,,,,,,,,,,,,,,Polina Kudermetova,Nuria Parrizas Diaz,,,,,2-2,,,,328897,314359,,,,,,,314359,328897,Polina Kudermetova,Nuria Parrizas Diaz,,,,,,,,,328897,314359,,,,,,,,,,,,,,,,,,,,,,,,,,,,,,,,,,,,,,,,,,,,,,,,,,,,,,,,,,,,,,,,,,,,,,,,,,,2-2,,,2-2,905,2025,,,,,,1,,,,,,,,,,,,,,,,,,,,,,,,,,,,,,,,,,,,,,,,,,,2-2,,,,,,,,,,,
905,2025,US OPEN,Grand Slam,2025-08-24,2025-09-07,Hard,NEW YORK,"NY, UNITED STATES",128.0,41592800.0,USD,LS63173359,2025-08-24,1,Emma Raducanu,Ena Shibahara,GBR,JPN,,,6-1,6-2,,,328366,322527,US OPEN,"US Open - New York, NY, USA",2025.0,,328366,322527,328366,322527,Emma Raducanu,Ena Shibahara,,,Emma Raducanu,Ena Shibahara,GBR,JPN,,,328366,322527,,,,,,,,,,,,,,,,,,,,,,,,,,,,,,,,,,,,,,,,,,,,,,,,,,,,,,,,,,,,,,,,,,,,,,,,,,,6-1,6-2,,"6-1,6-2",905,2025,,,,,,2,2025-08-24,,,,,,,,,,,,,,,,,,,,,,,,,,,,,,,,,,,,,,,,,,"6-1,6-2",,,,,,,,,,,
905,2025,US OPEN,Grand Slam,2025-08-24,2025-09-07,Hard,NEW YORK,"NY, UNITED STATES",128.0,41592800.0,USD,LS63173361,2025-08-24,1,Tereza Valentova,Lucia Bronzetti,CZE,ITA,,,6-3,3-6,6-4,,330808,322280,US OPEN,"US Open - New York, NY, USA",2025.0,,322280,330808,322280,330808,Tereza Valentova,Lucia Bronzetti,,,Lucia Bronzetti,Tereza Valentova,ITA,CZE,,,330808,322280,,,,,,,,,,,,,,,,,,,,,,,,,,,,,,,,,,,,,,,,,,,,,,,,,,,,,,,,,,,,,,,,,,,,,,,,,,,3-6,6-3,4-6,"3-6,6-3,4-6",905,2025,,,,,,3,2025-08-24,,,,,,,,,,,,,,,,,,,,,,,,,,,,,,,,,,,,,,,,,,"3-6,6-3,4-6",,,,,,,,,,,
905,2025,US OPEN,Grand Slam,2025-08-24,2025-09-07,Hard,NEW YORK,"NY, UNITED STATES",128.0,41592800.0,USD,RS63135763,2025-08-22,,Oksana Selekhmeteva,Ayana Akli,,USA,,,7-5,2-6,6-2,,329199,1022815,US OPEN,"US Open - New York, NY, USA",2025.0,,1022815,329199,1022815,329199,Oksana Selekhmeteva,Ayana Akli,,,Ayana Akli,Oksana Selekhmeteva,USA,,,,329199,1022815,,,,,,,,,,,,,,,,,,,,,,,,,,,,,,,,,,,,,,,,,,,,,,,,,,,,,,,,,,,,,,,,,,,,,,,,,,,5-7,6-2,2-6,"5-7,6-2,2-6",905,2025,,,,,,3,2025-08-22,,,,,,,,,,,,,,,,,,,,,,,,,,,,,,,,,,,,,,,,,,"5-7,6-2,2-6",,,,,,,,,,,
905,2025,US OPEN,Grand Slam,2025-08-24,2025-09-07,Hard,NEW YORK,"NY, UNITED STATES",128.0,41592800.0,USD,RS63134651,2025-08-22,,Hina Inoue,Lucrezia Stefanini,USA,ITA,,,7-6(4),6-1,,,328320,323149,US OPEN,"US Open - New York, NY, USA",2025.0,,323149,328320,323149,328320,Hina Inoue,Lucrezia Stefanini,,,Lucrezia Stefanini,Hina Inoue,ITA,USA,,,328320,323149,,,,,,,,,,,,,,,,,,,,,,,,,,,,,,,,,,,,,,,,,,,,,,,,,,,,,,,,,,,,,,,,,,,,,,,,,,,6-7(4),1-6,,"6(7)-7,1-6",905,2025,,,,,,2,2025-08-22,,,,,,,,,,,,,,,,,,,,,,,,,,,,,,,,,,,,7.0,4.0,,,,,"6(7)-7,1-6",,,,,,,,,,,
905,2025,US OPEN,Grand Slam,2025-08-24,2025-09-07,Hard,NEW YORK,"NY, UNITED STATES",128.0,41592800.0,USD,RS63135417,2025-08-22,,Darja Semenistaja,Linda Klimovicova,LVA,POL,12.0,,6-3,7-6(0),,,329457,329061,US OPEN,"US Open - New York, NY, USA",2025.0,,329457,329061,329457,329061,Darja Semenistaja,Linda Klimovicova,,,Darja Semenistaja,Linda Klimovicova,LVA,POL,12,,329457,329061,,,,,,,,,,,,,,,,,,,,,,,,,,,,,,,,,,,,,,,,,,,,,,,,,,,,,,,,,,,,,,,,,,,,,,,,,,,6-3,7-6(0),,"6-3,7-6(7)",905,2025,,,,,,2,2025-08-22,,,,,,,,,,,,,,,,,,,,,,,,,,,,,,,,,,,,,,7.0,0.0,,,"6-3,7-6(7)",,,,,,,,,,,
905,2025,US OPEN,Grand Slam,2025-08-24,2025-09-07,Hard,NEW YORK,"NY, UNITED STATES",128.0,41592800.0,USD,RS63134647,2025-08-22,,Rebecca Marino,Dominika Salkova,CAN,CZE,17.0,,6-3,2-6,6-1,,313485,330149,US OPEN,"US Open - New York, NY, USA",2025.0,,330149,313485,330149,313485,Rebecca Marino,Dominika Salkova,,,Dominika Salkova,Rebecca Marino,CZE,CAN,,17,313485,330149,,,,,,,,,,,,,,,,,,,,,,,,,,,,,,,,,,,,,,,,,,,,,,,,,,,,,,,,,,,,,,,,,,,,,,,,,,,3-6,6-2,1-6,"3-6,6-2,1-6",905,2025,,,,,,3,2025-08-22,,,,,,,,,,,,,,,,,,,,,,,,,,,,,,,,,,,,,,,,,,"3-6,6-2,1-6",,,,,,,,,,,
905,2025,US OPEN,Grand Slam,2025-08-24,2025-09-07,Hard,NEW YORK,"NY, UNITED STATES",128.0,41592800.0,USD,RS63135761,2025-08-22,,Priscilla Hon,Hanne Vandewinkel,AUS,BEL,27.0,,6-3,6-3,,,320543,331102,US OPEN,"US Open - New York, NY, USA",2025.0,,331102,320543,331102,320543,Priscilla Hon,Hanne Vandewinkel,,,Hanne Vandewinkel,Priscilla Hon,BEL,AUS,,27,320543,331102,,,,,,,,,,,,,,,,,,,,,,,,,,,,,,,,,,,,,,,,,,,,,,,,,,,,,,,,,,,,,,,,,,,,,,,,,,,3-6,3-6,,"3-6,3-6",905,2025,,,,,,2,2025-08-22,,,,,,,,,,,,,,,,,,,,,,,,,,,,,,,,,,,,,,,,,,"3-6,3-6",,,,,,,,,,,
905,2025,US OPEN,Grand Slam,2025-08-24,2025-09-07,Hard,NEW YORK,"NY, UNITED STATES",128.0,41592800.0,USD,RS63132739,2025-08-22,,Ena Shibahara,Varvara Gracheva,JPN,FRA,20.0,6.0,6-0,6-4,,,322527,325836,US OPEN,"US Open - New York, NY, USA",2025.0,,325836,322527,325836,322527,Ena Shibahara,Varvara Gracheva,,,Varvara Gracheva,Ena Shibahara,FRA,JPN,6,20,322527,325836,,,,,,,,,,,,,,,,,,,,,,,,,,,,,,,,,,,,,,,,,,,,,,,,,,,,,,,,,,,,,,,,,,,,,,,,,,,0-6,4-6,,"0-6,4-6",905,2025,,,,,,2,2025-08-22,,,,,,,,,,,,,,,,,,,,,,,,,,,,,,,,,,,,,,,,,,"0-6,4-6",,,,,,,,,,,
905,2025,US OPEN,Grand Slam,2025-08-24,2025-09-07,Hard,NEW YORK,"NY, UNITED STATES",128.0,41592800.0,USD,RS63132541,2025-08-22,,Katie Volynets,Jana Fett,USA,HRV,7.0,,5-7,6-2,6-3,,327391,320945,US OPEN,"US Open - New York, NY, USA",2025.0,,327391,320945,327391,320945,Katie Volynets,Jana Fett,,,Katie Volynets,Jana Fett,USA,HRV,7,,327391,320945,,,,,,,,,,,,,,,,,,,,,,,,,,,,,,,,,,,,,,,,,,,,,,,,,,,,,,,,,,,,,,,,,,,,,,,,,,,5-7,6-2,6-3,"5-7,6-2,6-3",905,2025,,,,,,3,2025-08-22,,,,,,,,,,,,,,,,,,,,,,,,,,,,,,,,,,,,,,,,,,"5-7,6-2,6-3",,,,,,,,,,,
905,2025,US OPEN,Grand Slam,2025-08-24,2025-09-07,Hard,NEW YORK,"NY, UNITED STATES",128.0,41592800.0,USD,RS63134493,2025-08-22,,Claire Liu,Veronika Erjavec,USA,SVN,,32.0,7-5,6-4,,,179300,327655,US OPEN,"US Open - New York, NY, USA",2025.0,,179300,327655,179300,327655,Claire Liu,Veronika Erjavec,,,Claire Liu,Veronika Erjavec,USA,SVN,,32,179300,327655,,,,,,,,,,,,,,,,,,,,,,,,,,,,,,,,,,,,,,,,,,,,,,,,,,,,,,,,,,,,,,,,,,,,,,,,,,,7-5,6-4,,"7-5,6-4",905,2025,,,,,,2,2025-08-22,,,,,,,,,,,,,,,,,,,,,,,,,,,,,,,,,,,,,,,,,,"7-5,6-4",,,,,,,,,,,
905,2025,US OPEN,Grand Slam,2025-08-24,2025-09-07,Hard,NEW YORK,"NY, UNITED STATES",128.0,41592800.0,USD,RS63132521,2025-08-22,,Tereza Valentova,Arantxa Rus,CZE,NLD,2.0,18.0,6-2,6-2,,,330808,313349,US OPEN,"US Open - New York, NY, USA",2025.0,,330808,313349,330808,313349,Tereza Valentova,Arantxa Rus,,,Tereza Valentova,Arantxa Rus,CZE,NLD,2,18,330808,313349,,,,,,,,,,,,,,,,,,,,,,,,,,,,,,,,,,,,,,,,,,,,,,,,,,,,,,,,,,,,,,,,,,,,,,,,,,,6-2,6-2,,"6-2,6-2",905,2025,,,,,,2,2025-08-22,,,,,,,,,,,,,,,,,,,,,,,,,,,,,,,,,,,,,,,,,,"6-2,6-2",,,,,,,,,,,
905,2025,US OPEN,Grand Slam,2025-08-24,2025-09-07,Hard,NEW YORK,"NY, UNITED STATES",128.0,41592800.0,USD,RS63133343,2025-08-22,,Xiyu Wang,Alina Charaeva,CHN,,31.0,,6-4,4-6,6-2,,326160,341216,US OPEN,"US Open - New York, NY, USA",2025.0,,341216,326160,341216,326160,Xiyu Wang,Alina Charaeva,,,Alina Charaeva,Xiyu Wang,,CHN,,31,326160,341216,,,,,,,,,,,,,,,,,,,,,,,,,,,,,,,,,,,,,,,,,,,,,,,,,,,,,,,,,,,,,,,,,,,,,,,,,,,4-6,6-4,2-6,"4-6,6-4,2-6",905,2025,,,,,,3,2025-08-22,,,,,,,,,,,,,,,,,,,,,,,,,,,,,,,,,,,,,,,,,,"4-6,6-4,2-6",,,,,,,,,,,
905,2025,US OPEN,Grand Slam,2025-08-24,2025-09-07,Hard,NEW YORK,"NY, UNITED STATES",128.0,41592800.0,USD,RS63131985,2025-08-22,,Dalma Galfi,Panna Udvardy,HUN,HUN,4.0,29.0,6-3,6-4,,,321106,325956,US OPEN,"US Open - New York, NY, USA",2025.0,,321106,325956,321106,325956,Dalma Galfi,Panna Udvardy,,,Dalma Galfi,Panna Udvardy,HUN,HUN,4,29,321106,325956,,,,,,,,,,,,,,,,,,,,,,,,,,,,,,,,,,,,,,,,,,,,,,,,,,,,,,,,,,,,,,,,,,,,,,,,,,,6-3,6-4,,"6-3,6-4",905,2025,,,,,,2,2025-08-22,,,,,,,,,,,,,,,,,,,,,,,,,,,,,,,,,,,,,,,,,,"6-3,6-4",,,,,,,,,,,
905,2025,US OPEN,Grand Slam,2025-08-24,2025-09-07,Hard,NEW YORK,"NY, UNITED STATES",128.0,41592800.0,USD,RS63132261,2025-08-22,,Victoria Jimenez Kasintseva,Emerson Jones,AND,AUS,28.0,,7-5,7-6(7),,,330352,978117,US OPEN,"US Open - New York, NY, USA",2025.0,,978117,330352,978117,330352,Victoria Jimenez Kasintseva,Emerson Jones,,,Emerson Jones,Victoria Jimenez Kasintseva,AUS,AND,,28,330352,978117,,,,,,,,,,,,,,,,,,,,,,,,,,,,,,,,,,,,,,,,,,,,,,,,,,,,,,,,,,,,,,,,,,,,,,,,,,,5-7,6-7(7),,"5-7,6(9)-7",905,2025,,,,,,2,2025-08-22,,,,,,,,,,,,,,,,,,,,,,,,,,,,,,,,,,,,,,9.0,7.0,,,"5-7,6(9)-7",,,,,,,,,,,
905,2025,US OPEN,Grand Slam,2025-08-24,2025-09-07,Hard,NEW YORK,"NY, UNITED STATES",128.0,41592800.0,USD,RS63131541,2025-08-22,,Janice Tjen,Aoi Ito,IDN,JPN,,3.0,6-1,6-2,,,460837,329009,US OPEN,"US Open - New York, NY, USA",2025.0,,329009,460837,329009,460837,Janice Tjen,Aoi Ito,,,Aoi Ito,Janice Tjen,JPN,IDN,3,,460837,329009,,,,,,,,,,,,,,,,,,,,,,,,,,,,,,,,,,,,,,,,,,,,,,,,,,,,,,,,,,,,,,,,,,,,,,,,,,,1-6,2-6,,"1-6,2-6",905,2025,,,,,,2,2025-08-22,,,,,,,,,,,,,,,,,,,,,,,,,,,,,,,,,,,,,,,,,,"1-6,2-6",,,,,,,,,,,
905,2025,US OPEN,Grand Slam,2025-08-24,2025-09-07,Hard,NEW YORK,"NY, UNITED STATES",128.0,41592800.0,USD,RS63131543,2025-08-22,,Destanee Aiava,Ella Seidel,AUS,DEU,,21.0,5-7,6-1,7-6(6),,324219,330548,US OPEN,"US Open - New York, NY, USA",2025.0,,324219,330548,324219,330548,Destanee Aiava,Ella Seidel,,,Destanee Aiava,Ella Seidel,AUS,DEU,,21,324219,330548,,,,,,,,,,,,,,,,,,,,,,,,,,,,,,,,,,,,,,,,,,,,,,,,,,,,,,,,,,,,,,,,,,,,,,,,,,,5-7,6-1,7-6(6),"5-7,6-1,7-6(10)",905,2025,,,,,,3,2025-08-22,,,,,,,,,,,,,,,,,,,,,,,,,,,,,,,,,,,,,,,,8.0,6.0,"5-7,6-1,7-6(10)",,,,,,,,,,,
905,2025,US OPEN,Grand Slam,2025-08-24,2025-09-07,Hard,NEW YORK,"NY, UNITED STATES",128.0,41592800.0,USD,RS63131545,2025-08-22,,Shuai Zhang,Sijia Wei,CHN,CHN,9.0,,6-1,6-3,,,311779,328426,US OPEN,"US Open - New York, NY, USA",2025.0,,311779,328426,311779,328426,Shuai Zhang,Sijia Wei,,,Shuai Zhang,Sijia Wei,CHN,CHN,9,,311779,328426,,,,,,,,,,,,,,,,,,,,,,,,,,,,,,,,,,,,,,,,,,,,,,,,,,,,,,,,,,,,,,,,,,,,,,,,,,,6-1,6-3,,"6-1,6-3",905,2025,,,,,,2,2025-08-22,,,,,,,,,,,,,,,,,,,,,,,,,,,,,,,,,,,,,,,,,,"6-1,6-3",,,,,,,,,,,
905,2025,US OPEN,Grand Slam,2025-08-24,2025-09-07,Hard,NEW YORK,"NY, UNITED STATES",128.0,41592800.0,USD,RS63131983,2025-08-22,,Francesca Jones,Arianne Hartono,GBR,NLD,1.0,,6-2,6-4,,,324479,323451,US OPEN,"US Open - New York, NY, USA",2025.0,,324479,323451,324479,323451,Francesca Jones,Arianne Hartono,,,Francesca Jones,Arianne Hartono,GBR,NLD,1,,324479,323451,,,,,,,,,,,,,,,,,,,,,,,,,,,,,,,,,,,,,,,,,,,,,,,,,,,,,,,,,,,,,,,,,,,,,,,,,,,6-2,6-4,,"6-2,6-4",905,2025,,,,,,2,2025-08-22,,,,,,,,,,,,,,,,,,,,,,,,,,,,,,,,,,,,,,,,,,"6-2,6-4",,,,,,,,,,,
905,2025,US OPEN,Grand Slam,2025-08-24,2025-09-07,Hard,NEW YORK,"NY, UNITED STATES",128.0,41592800.0,USD,RS63079407,2025-08-21,,Linda Klimovicova,Jessika Ponchet,POL,FRA,,25.0,6-3,6-3,,,329061,319421,US OPEN,"US Open - New York, NY, USA",2025.0,,329061,319421,329061,319421,Linda Klimovicova,Jessika Ponchet,,,Linda Klimovicova,Jessika Ponchet,POL,FRA,,25,329061,319421,,,,,,,,,,,,,,,,,,,,,,,,,,,,,,,,,,,,,,,,,,,,,,,,,,,,,,,,,,,,,,,,,,,,,,,,,,,6-3,6-3,,"6-3,6-3",905,2025,,,,,,2,2025-08-21,,,,,,,,,,,,,,,,,,,,,,,,,,,,,,,,,,,,,,,,,,"6-3,6-3",,,,,,,,,,,
905,2025,US OPEN,Grand Slam,2025-08-24,2025-09-07,Hard,NEW YORK,"NY, UNITED STATES",128.0,41592800.0,USD,RS63079255,2025-08-21,,Ayana Akli,Harriet Dart,USA,GBR,,,7-6(4),6-1,,,1022815,319489,US OPEN,"US Open - New York, NY, USA",2025.0,,319489,1022815,319489,1022815,Ayana Akli,Harriet Dart,,,Harriet Dart,Ayana Akli,GBR,USA,,,1022815,319489,,,,,,,,,,,,,,,,,,,,,,,,,,,,,,,,,,,,,,,,,,,,,,,,,,,,,,,,,,,,,,,,,,,,,,,,,,,6-7(4),1-6,,"6(7)-7,1-6",905,2025,,,,,,2,2025-08-21,,,,,,,,,,,,,,,,,,,,,,,,,,,,,,,,,,,,7.0,4.0,,,,,"6(7)-7,1-6",,,,,,,,,,,
905,2025,US OPEN,Grand Slam,2025-08-24,2025-09-07,Hard,NEW YORK,"NY, UNITED STATES",128.0,41592800.0,USD,RS63078093,2025-08-21,,Oksana Selekhmeteva,Iryna Shymanovich,,,,,6-2,6-3,,,329199,320759,US OPEN,"US Open - New York, NY, USA",2025.0,,329199,320759,329199,320759,Oksana Selekhmeteva,Iryna Shymanovich,,,Oksana Selekhmeteva,Iryna Shymanovich,,,,,329199,320759,,,,,,,,,,,,,,,,,,,,,,,,,,,,,,,,,,,,,,,,,,,,,,,,,,,,,,,,,,,,,,,,,,,,,,,,,,,6-2,6-3,,"6-2,6-3",905,2025,,,,,,2,2025-08-21,,,,,,,,,,,,,,,,,,,,,,,,,,,,,,,,,,,,,,,,,,"6-2,6-3",,,,,,,,,,,
905,2025,US OPEN,Grand Slam,2025-08-24,2025-09-07,Hard,NEW YORK,"NY, UNITED STATES",128.0,41592800.0,USD,RS63079287,2025-08-21,,Lucrezia Stefanini,Carol Zhao,ITA,CAN,,,6-1,6-4,,,323149,52691,US OPEN,"US Open - New York, NY, USA",2025.0,,52691,323149,52691,323149,Lucrezia Stefanini,Carol Zhao,,,Carol Zhao,Lucrezia Stefanini,CAN,ITA,,,323149,52691,,,,,,,,,,,,,,,,,,,,,,,,,,,,,,,,,,,,,,,,,,,,,,,,,,,,,,,,,,,,,,,,,,,,,,,,,,,1-6,4-6,,"1-6,4-6",905,2025,,,,,,2,2025-08-21,,,,,,,,,,,,,,,,,,,,,,,,,,,,,,,,,,,,,,,,,,"1-6,4-6",,,,,,,,,,,
905,2025,US OPEN,Grand Slam,2025-08-24,2025-09-07,Hard,NEW YORK,"NY, UNITED STATES",128.0,41592800.0,USD,RS63079285,2025-08-21,,Darja Semenistaja,Lizette Cabrera,LVA,AUS,12.0,,6-1,6-2,,,329457,320013,US OPEN,"US Open - New York, NY, USA",2025.0,,329457,320013,329457,320013,Darja Semenistaja,Lizette Cabrera,,,Darja Semenistaja,Lizette Cabrera,LVA,AUS,12,,329457,320013,,,,,,,,,,,,,,,,,,,,,,,,,,,,,,,,,,,,,,,,,,,,,,,,,,,,,,,,,,,,,,,,,,,,,,,,,,,6-1,6-2,,"6-1,6-2",905,2025,,,,,,2,2025-08-21,,,,,,,,,,,,,,,,,,,,,,,,,,,,,,,,,,,,,,,,,,"6-1,6-2",,,,,,,,,,,
905,2025,US OPEN,Grand Slam,2025-08-24,2025-09-07,Hard,NEW YORK,"NY, UNITED STATES",128.0,41592800.0,USD,RS63077655,2025-08-21,,Hanne Vandewinkel,Viktoriya Tomova,BEL,BGR,,5.0,3-6,7-5,6-4,,331102,317584,US OPEN,"US Open - New York, NY, USA",2025.0,,317584,331102,317584,331102,Hanne Vandewinkel,Viktoriya Tomova,,,Viktoriya Tomova,Hanne Vandewinkel,BGR,BEL,5,,331102,317584,,,,,,,,,,,,,,,,,,,,,,,,,,,,,,,,,,,,,,,,,,,,,,,,,,,,,,,,,,,,,,,,,,,,,,,,,,,6-3,5-7,4-6,"6-3,5-7,4-6",905,2025,,,,,,3,2025-08-21,,,,,,,,,,,,,,,,,,,,,,,,,,,,,,,,,,,,,,,,,,"6-3,5-7,4-6",,,,,,,,,,,
905,2025,US OPEN,Grand Slam,2025-08-24,2025-09-07,Hard,NEW YORK,"NY, UNITED STATES",128.0,41592800.0,USD,RS63077265,2025-08-21,,Priscilla Hon,Jule Niemeier,AUS,DEU,27.0,,6-4,6-3,,,320543,325940,US OPEN,"US Open - New York, NY, USA",2025.0,,325940,320543,325940,320543,Priscilla Hon,Jule Niemeier,,,Jule Niemeier,Priscilla Hon,DEU,AUS,,27,320543,325940,,,,,,,,,,,,,,,,,,,,,,,,,,,,,,,,,,,,,,,,,,,,,,,,,,,,,,,,,,,,,,,,,,,,,,,,,,,4-6,3-6,,"4-6,3-6",905,2025,,,,,,2,2025-08-21,,,,,,,,,,,,,,,,,,,,,,,,,,,,,,,,,,,,,,,,,,"4-6,3-6",,,,,,,,,,,
905,2025,US OPEN,Grand Slam,2025-08-24,2025-09-07,Hard,NEW YORK,"NY, UNITED STATES",128.0,41592800.0,USD,RS63048691,2025-08-21,,Rebecca Marino,Mai Hontama,CAN,JPN,17.0,,6-1,2-6,6-1,,313485,324750,US OPEN,"US Open - New York, NY, USA",2025.0,,324750,313485,324750,313485,Rebecca Marino,Mai Hontama,,,Mai Hontama,Rebecca Marino,JPN,CAN,,17,313485,324750,,,,,,,,,,,,,,,,,,,,,,,,,,,,,,,,,,,,,,,,,,,,,,,,,,,,,,,,,,,,,,,,,,,,,,,,,,,1-6,6-2,1-6,"1-6,6-2,1-6",905,2025,,,,,,3,2025-08-21,,,,,,,,,,,,,,,,,,,,,,,,,,,,,,,,,,,,,,,,,,"1-6,6-2,1-6",,,,,,,,,,,
905,2025,US OPEN,Grand Slam,2025-08-24,2025-09-07,Hard,NEW YORK,"NY, UNITED STATES",128.0,41592800.0,USD,RS63048689,2025-08-21,,Hina Inoue,Simona Waltert,USA,CHE,,24.0,6-3,6-2,,,328320,325771,US OPEN,"US Open - New York, NY, USA",2025.0,,328320,325771,328320,325771,Hina Inoue,Simona Waltert,,,Hina Inoue,Simona Waltert,USA,CHE,,24,328320,325771,,,,,,,,,,,,,,,,,,,,,,,,,,,,,,,,,,,,,,,,,,,,,,,,,,,,,,,,,,,,,,,,,,,,,,,,,,,6-3,6-2,,"6-3,6-2",905,2025,,,,,,2,2025-08-21,,,,,,,,,,,,,,,,,,,,,,,,,,,,,,,,,,,,,,,,,,"6-3,6-2",,,,,,,,,,,
905,2025,US OPEN,Grand Slam,2025-08-24,2025-09-07,Hard,NEW YORK,"NY, UNITED STATES",128.0,41592800.0,USD,RS63047989,2025-08-21,,Dominika Salkova,Kristina Dmitruk,CZE,,,,6-3,5-7,7-6(8),,330149,328034,US OPEN,"US Open - New York, NY, USA",2025.0,,330149,328034,330149,328034,Dominika Salkova,Kristina Dmitruk,,,Dominika Salkova,Kristina Dmitruk,CZE,,,,330149,328034,,,,,,,,,,,,,,,,,,,,,,,,,,,,,,,,,,,,,,,,,,,,,,,,,,,,,,,,,,,,,,,,,,,,,,,,,,,6-3,5-7,7-6(8),"6-3,5-7,7-6(10)",905,2025,,,,,,3,2025-08-21,,,,,,,,,,,,,,,,,,,,,,,,,,,,,,,,,,,,,,,,10.0,8.0,"6-3,5-7,7-6(10)",,,,,,,,,,,
905,2025,US OPEN,Grand Slam,2025-08-24,2025-09-07,Hard,NEW YORK,"NY, UNITED STATES",128.0,41592800.0,USD,RS63077267,2025-08-21,,Veronika Erjavec,Cadence Brace,SVN,CAN,32.0,,6-4,6-4,,,327655,751899,US OPEN,"US Open - New York, NY, USA",2025.0,,751899,327655,751899,327655,Veronika Erjavec,Cadence Brace,,,Cadence Brace,Veronika Erjavec,CAN,SVN,,32,327655,751899,,,,,,,,,,,,,,,,,,,,,,,,,,,,,,,,,,,,,,,,,,,,,,,,,,,,,,,,,,,,,,,,,,,,,,,,,,,4-6,4-6,,"4-6,4-6",905,2025,,,,,,2,2025-08-21,,,,,,,,,,,,,,,,,,,,,,,,,,,,,,,,,,,,,,,,,,"4-6,4-6",,,,,,,,,,,
905,2025,US OPEN,Grand Slam,2025-08-24,2025-09-07,Hard,NEW YORK,"NY, UNITED STATES",128.0,41592800.0,USD,RS63048687,2025-08-21,,Claire Liu,Maddison Inglis,USA,AUS,,,6-3,7-5,,,179300,321179,US OPEN,"US Open - New York, NY, USA",2025.0,,179300,321179,179300,321179,Claire Liu,Maddison Inglis,,,Claire Liu,Maddison Inglis,USA,AUS,,,179300,321179,,,,,,,,,,,,,,,,,,,,,,,,,,,,,,,,,,,,,,,,,,,,,,,,,,,,,,,,,,,,,,,,,,,,,,,,,,,6-3,7-5,,"6-3,7-5",905,2025,,,,,,2,2025-08-21,,,,,,,,,,,,,,,,,,,,,,,,,,,,,,,,,,,,,,,,,,"6-3,7-5",,,,,,,,,,,
905,2025,US OPEN,Grand Slam,2025-08-24,2025-09-07,Hard,NEW YORK,"NY, UNITED STATES",128.0,41592800.0,USD,RS63046999,2025-08-21,,Alina Charaeva,Petra Marcinko,,HRV,,11.0,1-6,6-1,7-5,,341216,330799,US OPEN,"US Open - New York, NY, USA",2025.0,,330799,341216,330799,341216,Alina Charaeva,Petra Marcinko,,,Petra Marcinko,Alina Charaeva,HRV,,11,,341216,330799,,,,,,,,,,,,,,,,,,,,,,,,,,,,,,,,,,,,,,,,,,,,,,,,,,,,,,,,,,,,,,,,,,,,,,,,,,,6-1,1-6,5-7,"6-1,1-6,5-7",905,2025,,,,,,3,2025-08-21,,,,,,,,,,,,,,,,,,,,,,,,,,,,,,,,,,,,,,,,,,"6-1,1-6,5-7",,,,,,,,,,,
905,2025,US OPEN,Grand Slam,2025-08-24,2025-09-07,Hard,NEW YORK,"NY, UNITED STATES",128.0,41592800.0,USD,RS63048693,2025-08-21,,Xiyu Wang,Petra Martic,CHN,HRV,31.0,,7-5,6-4,,,326160,313711,US OPEN,"US Open - New York, NY, USA",2025.0,,313711,326160,313711,326160,Xiyu Wang,Petra Martic,,,Petra Martic,Xiyu Wang,HRV,CHN,,31,326160,313711,,,,,,,,,,,,,,,,,,,,,,,,,,,,,,,,,,,,,,,,,,,,,,,,,,,,,,,,,,,,,,,,,,,,,,,,,,,5-7,4-6,,"5-7,4-6",905,2025,,,,,,2,2025-08-21,,,,,,,,,,,,,,,,,,,,,,,,,,,,,,,,,,,,,,,,,,"5-7,4-6",,,,,,,,,,,
905,2025,US OPEN,Grand Slam,2025-08-24,2025-09-07,Hard,NEW YORK,"NY, UNITED STATES",128.0,41592800.0,USD,RS63047359,2025-08-21,,Ena Shibahara,Elena Pridankina,JPN,,20.0,,7-6(5),7-6(7),,,322527,330905,US OPEN,"US Open - New York, NY, USA",2025.0,,330905,322527,330905,322527,Ena Shibahara,Elena Pridankina,,,Elena Pridankina,Ena Shibahara,,JPN,,20,322527,330905,,,,,,,,,,,,,,,,,,,,,,,,,,,,,,,,,,,,,,,,,,,,,,,,,,,,,,,,,,,,,,,,,,,,,,,,,,,6-7(5),6-7(7),,"6(7)-7,6(9)-7",905,2025,,,,,,2,2025-08-21,,,,,,,,,,,,,,,,,,,,,,,,,,,,,,,,,,,,7.0,5.0,9.0,7.0,,,"6(7)-7,6(9)-7",,,,,,,,,,,
905,2025,US OPEN,Grand Slam,2025-08-24,2025-09-07,Hard,NEW YORK,"NY, UNITED STATES",128.0,41592800.0,USD,RS63047985,2025-08-21,,Varvara Gracheva,Tara Wuerth,FRA,HRV,6.0,,7-5,6-2,,,325836,676251,US OPEN,"US Open - New York, NY, USA",2025.0,,325836,676251,325836,676251,Varvara Gracheva,Tara Wuerth,,,Varvara Gracheva,Tara Wuerth,FRA,HRV,6,,325836,676251,,,,,,,,,,,,,,,,,,,,,,,,,,,,,,,,,,,,,,,,,,,,,,,,,,,,,,,,,,,,,,,,,,,,,,,,,,,7-5,6-2,,"7-5,6-2",905,2025,,,,,,2,2025-08-21,,,,,,,,,,,,,,,,,,,,,,,,,,,,,,,,,,,,,,,,,,"7-5,6-2",,,,,,,,,,,
905,2025,US OPEN,Grand Slam,2025-08-24,2025-09-07,Hard,NEW YORK,"NY, UNITED STATES",128.0,41592800.0,USD,RS63079463,2025-08-21,,Francesca Jones,Ekaterine Gorgodze,GBR,GEO,1.0,,6-1,7-6(11),,,324479,48486,US OPEN,"US Open - New York, NY, USA",2025.0,,324479,48486,324479,48486,Francesca Jones,Ekaterine Gorgodze,,,Francesca Jones,Ekaterine Gorgodze,GBR,GEO,1,,324479,48486,,,,,,,,,,,,,,,,,,,,,,,,,,,,,,,,,,,,,,,,,,,,,,,,,,,,,,,,,,,,,,,,,,,,,,,,,,,6-1,7-6(11),,"6-1,7-6(13)",905,2025,,,,,,2,2025-08-21,,,,,,,,,,,,,,,,,,,,,,,,,,,,,,,,,,,,,,13.0,11.0,,,"6-1,7-6(13)",,,,,,,,,,,
905,2025,US OPEN,Grand Slam,2025-08-24,2025-09-07,Hard,NEW YORK,"NY, UNITED STATES",128.0,41592800.0,USD,RS63079467,2025-08-21,,Janice Tjen,Maja Chwalinska,IDN,POL,,,7-5,7-5,,,460837,325639,US OPEN,"US Open - New York, NY, USA",2025.0,,325639,460837,325639,460837,Janice Tjen,Maja Chwalinska,,,Maja Chwalinska,Janice Tjen,POL,IDN,,,460837,325639,,,,,,,,,,,,,,,,,,,,,,,,,,,,,,,,,,,,,,,,,,,,,,,,,,,,,,,,,,,,,,,,,,,,,,,,,,,5-7,5-7,,"5-7,5-7",905,2025,,,,,,2,2025-08-21,,,,,,,,,,,,,,,,,,,,,,,,,,,,,,,,,,,,,,,,,,"5-7,5-7",,,,,,,,,,,
905,2025,US OPEN,Grand Slam,2025-08-24,2025-09-07,Hard,NEW YORK,"NY, UNITED STATES",128.0,41592800.0,USD,RS63079527,2025-08-21,,Destanee Aiava,Justina Mikulskyte,AUS,LTU,,,2-6,6-1,6-4,,324219,323677,US OPEN,"US Open - New York, NY, USA",2025.0,,324219,323677,324219,323677,Destanee Aiava,Justina Mikulskyte,,,Destanee Aiava,Justina Mikulskyte,AUS,LTU,,,324219,323677,,,,,,,,,,,,,,,,,,,,,,,,,,,,,,,,,,,,,,,,,,,,,,,,,,,,,,,,,,,,,,,,,,,,,,,,,,,2-6,6-1,6-4,"2-6,6-1,6-4",905,2025,,,,,,3,2025-08-21,,,,,,,,,,,,,,,,,,,,,,,,,,,,,,,,,,,,,,,,,,"2-6,6-1,6-4",,,,,,,,,,,
905,2025,US OPEN,Grand Slam,2025-08-24,2025-09-07,Hard,NEW YORK,"NY, UNITED STATES",128.0,41592800.0,USD,RS63079699,2025-08-21,,Arianne Hartono,Olivia Gadecki,NLD,AUS,,19.0,6-4,4-6,6-4,,323451,326653,US OPEN,"US Open - New York, NY, USA",2025.0,,323451,326653,323451,326653,Arianne Hartono,Olivia Gadecki,,,Arianne Hartono,Olivia Gadecki,NLD,AUS,,19,323451,326653,,,,,,,,,,,,,,,,,,,,,,,,,,,,,,,,,,,,,,,,,,,,,,,,,,,,,,,,,,,,,,,,,,,,,,,,,,,6-4,4-6,6-4,"6-4,4-6,6-4",905,2025,,,,,,3,2025-08-21,,,,,,,,,,,,,,,,,,,,,,,,,,,,,,,,,,,,,,,,,,"6-4,4-6,6-4",,,,,,,,,,,
905,2025,US OPEN,Grand Slam,2025-08-24,2025-09-07,Hard,NEW YORK,"NY, UNITED STATES",128.0,41592800.0,USD,RS63079715,2025-08-21,,Ella Seidel,Sachia Vickery,DEU,USA,21.0,,6-1,6-2,,,330548,317443,US OPEN,"US Open - New York, NY, USA",2025.0,,317443,330548,317443,330548,Ella Seidel,Sachia Vickery,,,Sachia Vickery,Ella Seidel,USA,DEU,,21,330548,317443,,,,,,,,,,,,,,,,,,,,,,,,,,,,,,,,,,,,,,,,,,,,,,,,,,,,,,,,,,,,,,,,,,,,,,,,,,,1-6,2-6,,"1-6,2-6",905,2025,,,,,,2,2025-08-21,,,,,,,,,,,,,,,,,,,,,,,,,,,,,,,,,,,,,,,,,,"1-6,2-6",,,,,,,,,,,
905,2025,US OPEN,Grand Slam,2025-08-24,2025-09-07,Hard,NEW YORK,"NY, UNITED STATES",128.0,41592800.0,USD,RS63080109,2025-08-21,,Aoi Ito,Guiomar Maristany Zuleta de Reales,JPN,ESP,3.0,,6-0,1-6,6-1,,329009,324786,US OPEN,"US Open - New York, NY, USA",2025.0,,329009,324786,329009,324786,Aoi Ito,Guiomar Maristany Zuleta de Reales,,,Aoi Ito,Guiomar Maristany Zuleta de Reales,JPN,ESP,3,,329009,324786,,,,,,,,,,,,,,,,,,,,,,,,,,,,,,,,,,,,,,,,,,,,,,,,,,,,,,,,,,,,,,,,,,,,,,,,,,,6-0,1-6,6-1,"6-0,1-6,6-1",905,2025,,,,,,3,2025-08-21,,,,,,,,,,,,,,,,,,,,,,,,,,,,,,,,,,,,,,,,,,"6-0,1-6,6-1",,,,,,,,,,,
905,2025,US OPEN,Grand Slam,2025-08-24,2025-09-07,Hard,NEW YORK,"NY, UNITED STATES",128.0,41592800.0,USD,RS63080499,2025-08-21,,Shuai Zhang,Darja Vidmanova,CHN,CZE,9.0,,6-4,6-0,,,311779,501894,US OPEN,"US Open - New York, NY, USA",2025.0,,311779,501894,311779,501894,Shuai Zhang,Darja Vidmanova,,,Shuai Zhang,Darja Vidmanova,CHN,CZE,9,,311779,501894,,,,,,,,,,,,,,,,,,,,,,,,,,,,,,,,,,,,,,,,,,,,,,,,,,,,,,,,,,,,,,,,,,,,,,,,,,,6-4,6-0,,"6-4,6-0",905,2025,,,,,,2,2025-08-21,,,,,,,,,,,,,,,,,,,,,,,,,,,,,,,,,,,,,,,,,,"6-4,6-0",,,,,,,,,,,
905,2025,US OPEN,Grand Slam,2025-08-24,2025-09-07,Hard,NEW YORK,"NY, UNITED STATES",128.0,41592800.0,USD,RS63080659,2025-08-21,,Sijia Wei,Leyre Romero Gormaz,CHN,ESP,,23.0,4-6,6-1,6-1,,328426,326891,US OPEN,"US Open - New York, NY, USA",2025.0,,328426,326891,328426,326891,Sijia Wei,Leyre Romero Gormaz,,,Sijia Wei,Leyre Romero Gormaz,CHN,ESP,,23,328426,326891,,,,,,,,,,,,,,,,,,,,,,,,,,,,,,,,,,,,,,,,,,,,,,,,,,,,,,,,,,,,,,,,,,,,,,,,,,,4-6,6-1,6-1,"4-6,6-1,6-1",905,2025,,,,,,3,2025-08-21,,,,,,,,,,,,,,,,,,,,,,,,,,,,,,,,,,,,,,,,,,"4-6,6-1,6-1",,,,,,,,,,,
905,2025,US OPEN,Grand Slam,2025-08-24,2025-09-07,Hard,NEW YORK,"NY, UNITED STATES",128.0,41592800.0,USD,RS63045377,2025-08-20,,Dalma Galfi,Fiona Crawley,HUN,USA,4.0,,6-2,6-2,,,321106,378226,US OPEN,"US Open - New York, NY, USA",2025.0,,321106,378226,321106,378226,Dalma Galfi,Fiona Crawley,,,Dalma Galfi,Fiona Crawley,HUN,USA,4,,321106,378226,,,,,,,,,,,,,,,,,,,,,,,,,,,,,,,,,,,,,,,,,,,,,,,,,,,,,,,,,,,,,,,,,,,,,,,,,,,6-2,6-2,,"6-2,6-2",905,2025,,,,,,2,2025-08-20,,,,,,,,,,,,,,,,,,,,,,,,,,,,,,,,,,,,,,,,,,"6-2,6-2",,,,,,,,,,,
905,2025,US OPEN,Grand Slam,2025-08-24,2025-09-07,Hard,NEW YORK,"NY, UNITED STATES",128.0,41592800.0,USD,RS63045379,2025-08-20,,Panna Udvardy,Manon Leonard,HUN,FRA,29.0,,6-2,6-1,,,325956,325794,US OPEN,"US Open - New York, NY, USA",2025.0,,325794,325956,325794,325956,Panna Udvardy,Manon Leonard,,,Manon Leonard,Panna Udvardy,FRA,HUN,,29,325956,325794,,,,,,,,,,,,,,,,,,,,,,,,,,,,,,,,,,,,,,,,,,,,,,,,,,,,,,,,,,,,,,,,,,,,,,,,,,,2-6,1-6,,"2-6,1-6",905,2025,,,,,,2,2025-08-20,,,,,,,,,,,,,,,,,,,,,,,,,,,,,,,,,,,,,,,,,,"2-6,1-6",,,,,,,,,,,
905,2025,US OPEN,Grand Slam,2025-08-24,2025-09-07,Hard,NEW YORK,"NY, UNITED STATES",128.0,41592800.0,USD,RS63045485,2025-08-20,,Tereza Valentova,Tatiana Prozorova,CZE,,2.0,,7-5,6-1,,,330808,330723,US OPEN,"US Open - New York, NY, USA",2025.0,,330808,330723,330808,330723,Tereza Valentova,Tatiana Prozorova,,,Tereza Valentova,Tatiana Prozorova,CZE,,2,,330808,330723,,,,,,,,,,,,,,,,,,,,,,,,,,,,,,,,,,,,,,,,,,,,,,,,,,,,,,,,,,,,,,,,,,,,,,,,,,,7-5,6-1,,"7-5,6-1",905,2025,,,,,,2,2025-08-20,,,,,,,,,,,,,,,,,,,,,,,,,,,,,,,,,,,,,,,,,,"7-5,6-1",,,,,,,,,,,
905,2025,US OPEN,Grand Slam,2025-08-24,2025-09-07,Hard,NEW YORK,"NY, UNITED STATES",128.0,41592800.0,USD,RS63045487,2025-08-20,,Arantxa Rus,Jodie Burrage,NLD,GBR,18.0,,6-7(4),6-4,6-4,,313349,323802,US OPEN,"US Open - New York, NY, USA",2025.0,,323802,313349,323802,313349,Arantxa Rus,Jodie Burrage,,,Jodie Burrage,Arantxa Rus,GBR,NLD,,18,313349,323802,,,,,,,,,,,,,,,,,,,,,,,,,,,,,,,,,,,,,,,,,,,,,,,,,,,,,,,,,,,,,,,,,,,,,,,,,,,7-6(4),4-6,4-6,"7-6(7),4-6,4-6",905,2025,,,,,,3,2025-08-20,,,,,,,,,,,,,,,,,,,,,,,,,,,,,,,,,,,,7.0,4.0,,,,,"7-6(7),4-6,4-6",,,,,,,,,,,
905,2025,US OPEN,Grand Slam,2025-08-24,2025-09-07,Hard,NEW YORK,"NY, UNITED STATES",128.0,41592800.0,USD,RS63046877,2025-08-20,,Katie Volynets,Amelia Honer,USA,USA,7.0,,6-2,6-7(4),1-0,,327391,833546,US OPEN,"US Open - New York, NY, USA",2025.0,,327391,833546,327391,833546,Katie Volynets,Amelia Honer,,,Katie Volynets,Amelia Honer,USA,USA,7,,327391,833546,,,,,,,,,,,,,,,,,,,,,,,,,,,,,,,,,,,,,,,,,,,,,,,,,,,,,,,,,,,,,,,,,,,,,,,,,,,6-2,6-7(4),1-0,"6-2,6(7)-7,1-0",905,2025,,,,,,3,2025-08-20,,,,,,,,,,,,,,,,,,,,,,,,,,,,,,,,,,,,,,7.0,4.0,,,"6-2,6(7)-7,1-0",,,,,,,,,,,
905,2025,US OPEN,Grand Slam,2025-08-24,2025-09-07,Hard,NEW YORK,"NY, UNITED STATES",128.0,41592800.0,USD,RS63046879,2025-08-20,,Jana Fett,Tessah Andrianjafitrimo,HRV,FRA,,,6-7(5),7-5,6-4,,320945,321984,US OPEN,"US Open - New York, NY, USA",2025.0,,321984,320945,321984,320945,Jana Fett,Tessah Andrianjafitrimo,,,Tessah Andrianjafitrimo,Jana Fett,FRA,HRV,,,320945,321984,,,,,,,,,,,,,,,,,,,,,,,,,,,,,,,,,,,,,,,,,,,,,,,,,,,,,,,,,,,,,,,,,,,,,,,,,,,7-6(5),5-7,4-6,"7-6(7),5-7,4-6",905,2025,,,,,,3,2025-08-20,,,,,,,,,,,,,,,,,,,,,,,,,,,,,,,,,,,,7.0,5.0,,,,,"7-6(7),5-7,4-6",,,,,,,,,,,
905,2025,US OPEN,Grand Slam,2025-08-24,2025-09-07,Hard,NEW YORK,"NY, UNITED STATES",128.0,41592800.0,USD,RS63047091,2025-08-20,,Victoria Jimenez Kasintseva,Astra Sharma,AND,AUS,28.0,,2-6,6-3,6-3,,330352,319696,US OPEN,"US Open - New York, NY, USA",2025.0,,319696,330352,319696,330352,Victoria Jimenez Kasintseva,Astra Sharma,,,Astra Sharma,Victoria Jimenez Kasintseva,AUS,AND,,28,330352,319696,,,,,,,,,,,,,,,,,,,,,,,,,,,,,,,,,,,,,,,,,,,,,,,,,,,,,,,,,,,,,,,,,,,,,,,,,,,6-2,3-6,3-6,"6-2,3-6,3-6",905,2025,,,,,,3,2025-08-20,,,,,,,,,,,,,,,,,,,,,,,,,,,,,,,,,,,,,,,,,,"6-2,3-6,3-6",,,,,,,,,,,
905,2025,US OPEN,Grand Slam,2025-08-24,2025-09-07,Hard,NEW YORK,"NY, UNITED STATES",128.0,41592800.0,USD,RS63047987,2025-08-20,,Emerson Jones,Laura Pigossi,AUS,BRA,,,6-4,6-4,,,978117,317155,US OPEN,"US Open - New York, NY, USA",2025.0,,978117,317155,978117,317155,Emerson Jones,Laura Pigossi,,,Emerson Jones,Laura Pigossi,AUS,BRA,,,978117,317155,,,,,,,,,,,,,,,,,,,,,,,,,,,,,,,,,,,,,,,,,,,,,,,,,,,,,,,,,,,,,,,,,,,,,,,,,,,6-4,6-4,,"6-4,6-4",905,2025,,,,,,2,2025-08-20,,,,,,,,,,,,,,,,,,,,,,,,,,,,,,,,,,,,,,,,,,"6-4,6-4",,,,,,,,,,,
905,2025,US OPEN,Grand Slam,2025-08-24,2025-09-07,Hard,NEW YORK,"NY, UNITED STATES",128.0,41592800.0,USD,RS63017947,2025-08-19,,Leyre Romero Gormaz,Celine Naef,ESP,CHE,23.0,,6-4,6-4,,,326891,330581,US OPEN,"US Open - New York, NY, USA",2025.0,,330581,326891,330581,326891,Leyre Romero Gormaz,Celine Naef,,,Celine Naef,Leyre Romero Gormaz,CHE,ESP,,23,326891,330581,,,,,,,,,,,,,,,,,,,,,,,,,,,,,,,,,,,,,,,,,,,,,,,,,,,,,,,,,,,,,,,,,,,,,,,,,,,4-6,4-6,,"4-6,4-6",905,2025,,,,,,2,2025-08-19,,,,,,,,,,,,,,,,,,,,,,,,,,,,,,,,,,,,,,,,,,"4-6,4-6",,,,,,,,,,,
905,2025,US OPEN,Grand Slam,2025-08-24,2025-09-07,Hard,NEW YORK,"NY, UNITED STATES",128.0,41592800.0,USD,RS63017953,2025-08-19,,Shuai Zhang,Mary Stoiana,CHN,USA,9.0,,7-5,6-3,,,311779,679319,US OPEN,"US Open - New York, NY, USA",2025.0,,311779,679319,311779,679319,Shuai Zhang,Mary Stoiana,,,Shuai Zhang,Mary Stoiana,CHN,USA,9,,311779,679319,,,,,,,,,,,,,,,,,,,,,,,,,,,,,,,,,,,,,,,,,,,,,,,,,,,,,,,,,,,,,,,,,,,,,,,,,,,7-5,6-3,,"7-5,6-3",905,2025,,,,,,2,2025-08-19,,,,,,,,,,,,,,,,,,,,,,,,,,,,,,,,,,,,,,,,,,"7-5,6-3",,,,,,,,,,,
905,2025,US OPEN,Grand Slam,2025-08-24,2025-09-07,Hard,NEW YORK,"NY, UNITED STATES",128.0,41592800.0,USD,RS63017949,2025-08-19,,Sijia Wei,Berfu Cengiz,CHN,TUR,,,6-2,6-2,,,328426,134342,US OPEN,"US Open - New York, NY, USA",2025.0,,134342,328426,134342,328426,Sijia Wei,Berfu Cengiz,,,Berfu Cengiz,Sijia Wei,TUR,CHN,,,328426,134342,,,,,,,,,,,,,,,,,,,,,,,,,,,,,,,,,,,,,,,,,,,,,,,,,,,,,,,,,,,,,,,,,,,,,,,,,,,2-6,2-6,,"2-6,2-6",905,2025,,,,,,2,2025-08-19,,,,,,,,,,,,,,,,,,,,,,,,,,,,,,,,,,,,,,,,,,"2-6,2-6",,,,,,,,,,,
905,2025,US OPEN,Grand Slam,2025-08-24,2025-09-07,Hard,NEW YORK,"NY, UNITED STATES",128.0,41592800.0,USD,RS63017999,2025-08-19,,Guiomar Maristany Zuleta de Reales,Tiantsoa Sarah Rakotomanga Rajaonah,ESP,FRA,,,6-2,7-6(4),,,324786,330970,US OPEN,"US Open - New York, NY, USA",2025.0,,324786,330970,324786,330970,Guiomar Maristany Zuleta de Reales,Tiantsoa Sarah Rakotomanga Rajaonah,,,Guiomar Maristany Zuleta de Reales,Tiantsoa Sarah Rakotomanga Rajaonah,ESP,FRA,,,324786,330970,,,,,,,,,,,,,,,,,,,,,,,,,,,,,,,,,,,,,,,,,,,,,,,,,,,,,,,,,,,,,,,,,,,,,,,,,,,6-2,7-6(4),,"6-2,7-6(7)",905,2025,,,,,,2,2025-08-19,,,,,,,,,,,,,,,,,,,,,,,,,,,,,,,,,,,,,,7.0,4.0,,,"6-2,7-6(7)",,,,,,,,,,,
905,2025,US OPEN,Grand Slam,2025-08-24,2025-09-07,Hard,NEW YORK,"NY, UNITED STATES",128.0,41592800.0,USD,RS63017955,2025-08-19,,Ella Seidel,Kathinka Von Deichmann,DEU,LIE,21.0,,6-3,6-2,,,330548,317286,US OPEN,"US Open - New York, NY, USA",2025.0,,317286,330548,317286,330548,Ella Seidel,Kathinka Von Deichmann,,,Kathinka Von Deichmann,Ella Seidel,LIE,DEU,,21,330548,317286,,,,,,,,,,,,,,,,,,,,,,,,,,,,,,,,,,,,,,,,,,,,,,,,,,,,,,,,,,,,,,,,,,,,,,,,,,,3-6,2-6,,"3-6,2-6",905,2025,,,,,,2,2025-08-19,,,,,,,,,,,,,,,,,,,,,,,,,,,,,,,,,,,,,,,,,,"3-6,2-6",,,,,,,,,,,
905,2025,US OPEN,Grand Slam,2025-08-24,2025-09-07,Hard,NEW YORK,"NY, UNITED STATES",128.0,41592800.0,USD,RS63017951,2025-08-19,,Darja Vidmanova,Maya Iyengar,CZE,USA,,,6-1,6-2,,,501894,1139157,US OPEN,"US Open - New York, NY, USA",2025.0,,501894,1139157,501894,1139157,Darja Vidmanova,Maya Iyengar,,,Darja Vidmanova,Maya Iyengar,CZE,USA,,,501894,1139157,,,,,,,,,,,,,,,,,,,,,,,,,,,,,,,,,,,,,,,,,,,,,,,,,,,,,,,,,,,,,,,,,,,,,,,,,,,6-1,6-2,,"6-1,6-2",905,2025,,,,,,2,2025-08-19,,,,,,,,,,,,,,,,,,,,,,,,,,,,,,,,,,,,,,,,,,"6-1,6-2",,,,,,,,,,,
905,2025,US OPEN,Grand Slam,2025-08-24,2025-09-07,Hard,NEW YORK,"NY, UNITED STATES",128.0,41592800.0,USD,RS63017957,2025-08-19,,Sachia Vickery,Anastasiia Sobolieva,USA,UKR,,,7-5,7-5,,,317443,329858,US OPEN,"US Open - New York, NY, USA",2025.0,,317443,329858,317443,329858,Sachia Vickery,Anastasiia Sobolieva,,,Sachia Vickery,Anastasiia Sobolieva,USA,UKR,,,317443,329858,,,,,,,,,,,,,,,,,,,,,,,,,,,,,,,,,,,,,,,,,,,,,,,,,,,,,,,,,,,,,,,,,,,,,,,,,,,7-5,7-5,,"7-5,7-5",905,2025,,,,,,2,2025-08-19,,,,,,,,,,,,,,,,,,,,,,,,,,,,,,,,,,,,,,,,,,"7-5,7-5",,,,,,,,,,,
905,2025,US OPEN,Grand Slam,2025-08-24,2025-09-07,Hard,NEW YORK,"NY, UNITED STATES",128.0,41592800.0,USD,RS63018013,2025-08-19,,Arianne Hartono,Ana Sofia Sanchez,NLD,MEX,,,2-6,6-4,6-3,,323451,59662,US OPEN,"US Open - New York, NY, USA",2025.0,,59662,323451,59662,323451,Arianne Hartono,Ana Sofia Sanchez,,,Ana Sofia Sanchez,Arianne Hartono,MEX,NLD,,,323451,59662,,,,,,,,,,,,,,,,,,,,,,,,,,,,,,,,,,,,,,,,,,,,,,,,,,,,,,,,,,,,,,,,,,,,,,,,,,,6-2,4-6,3-6,"6-2,4-6,3-6",905,2025,,,,,,3,2025-08-19,,,,,,,,,,,,,,,,,,,,,,,,,,,,,,,,,,,,,,,,,,"6-2,4-6,3-6",,,,,,,,,,,
905,2025,US OPEN,Grand Slam,2025-08-24,2025-09-07,Hard,NEW YORK,"NY, UNITED STATES",128.0,41592800.0,USD,RS63017995,2025-08-19,,Janice Tjen,Varvara Lepchenko,IDN,USA,,22.0,6-3,6-1,,,460837,120420,US OPEN,"US Open - New York, NY, USA",2025.0,,460837,120420,460837,120420,Janice Tjen,Varvara Lepchenko,,,Janice Tjen,Varvara Lepchenko,IDN,USA,,22,460837,120420,,,,,,,,,,,,,,,,,,,,,,,,,,,,,,,,,,,,,,,,,,,,,,,,,,,,,,,,,,,,,,,,,,,,,,,,,,,6-3,6-1,,"6-3,6-1",905,2025,,,,,,2,2025-08-19,,,,,,,,,,,,,,,,,,,,,,,,,,,,,,,,,,,,,,,,,,"6-3,6-1",,,,,,,,,,,
905,2025,US OPEN,Grand Slam,2025-08-24,2025-09-07,Hard,NEW YORK,"NY, UNITED STATES",128.0,41592800.0,USD,RS63018017,2025-08-19,,Francesca Jones,Viktoria Hruncakova,GBR,SVK,1.0,,6-3,6-4,,,324479,129534,US OPEN,"US Open - New York, NY, USA",2025.0,,324479,129534,324479,129534,Francesca Jones,Viktoria Hruncakova,,,Francesca Jones,Viktoria Hruncakova,GBR,SVK,1,,324479,129534,,,,,,,,,,,,,,,,,,,,,,,,,,,,,,,,,,,,,,,,,,,,,,,,,,,,,,,,,,,,,,,,,,,,,,,,,,,6-3,6-4,,"6-3,6-4",905,2025,,,,,,2,2025-08-19,,,,,,,,,,,,,,,,,,,,,,,,,,,,,,,,,,,,,,,,,,"6-3,6-4",,,,,,,,,,,
905,2025,US OPEN,Grand Slam,2025-08-24,2025-09-07,Hard,NEW YORK,"NY, UNITED STATES",128.0,41592800.0,USD,RS63017961,2025-08-19,,Destanee Aiava,Sara Bejlek,AUS,CZE,,8.0,6-4,4-6,6-4,,324219,330375,US OPEN,"US Open - New York, NY, USA",2025.0,,330375,324219,330375,324219,Destanee Aiava,Sara Bejlek,,,Sara Bejlek,Destanee Aiava,CZE,AUS,8,,324219,330375,,,,,,,,,,,,,,,,,,,,,,,,,,,,,,,,,,,,,,,,,,,,,,,,,,,,,,,,,,,,,,,,,,,,,,,,,,,4-6,6-4,4-6,"4-6,6-4,4-6",905,2025,,,,,,3,2025-08-19,,,,,,,,,,,,,,,,,,,,,,,,,,,,,,,,,,,,,,,,,,"4-6,6-4,4-6",,,,,,,,,,,
905,2025,US OPEN,Grand Slam,2025-08-24,2025-09-07,Hard,NEW YORK,"NY, UNITED STATES",128.0,41592800.0,USD,RS63017997,2025-08-19,,Maja Chwalinska,Giorgia Pedone,POL,ITA,,,6-2,6-0,,,325639,739667,US OPEN,"US Open - New York, NY, USA",2025.0,,739667,325639,739667,325639,Maja Chwalinska,Giorgia Pedone,,,Giorgia Pedone,Maja Chwalinska,ITA,POL,,,325639,739667,,,,,,,,,,,,,,,,,,,,,,,,,,,,,,,,,,,,,,,,,,,,,,,,,,,,,,,,,,,,,,,,,,,,,,,,,,,2-6,0-6,,"2-6,0-6",905,2025,,,,,,2,2025-08-19,,,,,,,,,,,,,,,,,,,,,,,,,,,,,,,,,,,,,,,,,,"2-6,0-6",,,,,,,,,,,
905,2025,US OPEN,Grand Slam,2025-08-24,2025-09-07,Hard,NEW YORK,"NY, UNITED STATES",128.0,41592800.0,USD,RS63017959,2025-08-19,,Justina Mikulskyte,Kyoka Okamura,LTU,JPN,,,6-3,7-5,,,323677,319183,US OPEN,"US Open - New York, NY, USA",2025.0,,323677,319183,323677,319183,Justina Mikulskyte,Kyoka Okamura,,,Justina Mikulskyte,Kyoka Okamura,LTU,JPN,,,323677,319183,,,,,,,,,,,,,,,,,,,,,,,,,,,,,,,,,,,,,,,,,,,,,,,,,,,,,,,,,,,,,,,,,,,,,,,,,,,6-3,7-5,,"6-3,7-5",905,2025,,,,,,2,2025-08-19,,,,,,,,,,,,,,,,,,,,,,,,,,,,,,,,,,,,,,,,,,"6-3,7-5",,,,,,,,,,,
905,2025,US OPEN,Grand Slam,2025-08-24,2025-09-07,Hard,NEW YORK,"NY, UNITED STATES",128.0,41592800.0,USD,RS63018001,2025-08-19,,Aoi Ito,Anna-Lena Friedsam,JPN,DEU,3.0,,6-4,5-7,6-3,,329009,319091,US OPEN,"US Open - New York, NY, USA",2025.0,,329009,319091,329009,319091,Aoi Ito,Anna-Lena Friedsam,,,Aoi Ito,Anna-Lena Friedsam,JPN,DEU,3,,329009,319091,,,,,,,,,,,,,,,,,,,,,,,,,,,,,,,,,,,,,,,,,,,,,,,,,,,,,,,,,,,,,,,,,,,,,,,,,,,6-4,5-7,6-3,"6-4,5-7,6-3",905,2025,,,,,,3,2025-08-19,,,,,,,,,,,,,,,,,,,,,,,,,,,,,,,,,,,,,,,,,,"6-4,5-7,6-3",,,,,,,,,,,
905,2025,US OPEN,Grand Slam,2025-08-24,2025-09-07,Hard,NEW YORK,"NY, UNITED STATES",128.0,41592800.0,USD,RS63018015,2025-08-19,,Ekaterine Gorgodze,Heather Watson,GEO,GBR,,,3-6,6-3,6-4,,48486,316981,US OPEN,"US Open - New York, NY, USA",2025.0,,316981,48486,316981,48486,Ekaterine Gorgodze,Heather Watson,,,Heather Watson,Ekaterine Gorgodze,GBR,GEO,,,48486,316981,,,,,,,,,,,,,,,,,,,,,,,,,,,,,,,,,,,,,,,,,,,,,,,,,,,,,,,,,,,,,,,,,,,,,,,,,,,6-3,3-6,4-6,"6-3,3-6,4-6",905,2025,,,,,,3,2025-08-19,,,,,,,,,,,,,,,,,,,,,,,,,,,,,,,,,,,,,,,,,,"6-3,3-6,4-6",,,,,,,,,,,
905,2025,US OPEN,Grand Slam,2025-08-24,2025-09-07,Hard,NEW YORK,"NY, UNITED STATES",128.0,41592800.0,USD,RS63017925,2025-08-19,,Linda Klimovicova,Alina Korneeva,POL,,,,7-6(4),6-7(2),6-4,,329061,845268,US OPEN,"US Open - New York, NY, USA",2025.0,,845268,329061,845268,329061,Linda Klimovicova,Alina Korneeva,,,Alina Korneeva,Linda Klimovicova,,POL,,,329061,845268,,,,,,,,,,,,,,,,,,,,,,,,,,,,,,,,,,,,,,,,,,,,,,,,,,,,,,,,,,,,,,,,,,,,,,,,,,,6-7(4),7-6(2),4-6,"6(7)-7,7-6(7),4-6",905,2025,,,,,,3,2025-08-19,,,,,,,,,,,,,,,,,,,,,,,,,,,,,,,,,,,,7.0,4.0,7.0,2.0,,,"6(7)-7,7-6(7),4-6",,,,,,,,,,,
905,2025,US OPEN,Grand Slam,2025-08-24,2025-09-07,Hard,NEW YORK,"NY, UNITED STATES",128.0,41592800.0,USD,RS63017903,2025-08-19,,Lucrezia Stefanini,Vitalia Diatchenko,ITA,,,,7-6(6),6-2,,,323149,32862,US OPEN,"US Open - New York, NY, USA",2025.0,,32862,323149,32862,323149,Lucrezia Stefanini,Vitalia Diatchenko,,,Vitalia Diatchenko,Lucrezia Stefanini,,ITA,,,323149,32862,,,,,,,,,,,,,,,,,,,,,,,,,,,,,,,,,,,,,,,,,,,,,,,,,,,,,,,,,,,,,,,,,,,,,,,,,,,6-7(6),2-6,,"6(8)-7,2-6",905,2025,,,,,,2,2025-08-19,,,,,,,,,,,,,,,,,,,,,,,,,,,,,,,,,,,,8.0,6.0,,,,,"6(8)-7,2-6",,,,,,,,,,,
905,2025,US OPEN,Grand Slam,2025-08-24,2025-09-07,Hard,NEW YORK,"NY, UNITED STATES",128.0,41592800.0,USD,RS63017923,2025-08-19,,Jessika Ponchet,Elizabeth Mandlik,FRA,USA,25.0,,6-4,6-2,,,319421,273017,US OPEN,"US Open - New York, NY, USA",2025.0,,273017,319421,273017,319421,Jessika Ponchet,Elizabeth Mandlik,,,Elizabeth Mandlik,Jessika Ponchet,USA,FRA,,25,319421,273017,,,,,,,,,,,,,,,,,,,,,,,,,,,,,,,,,,,,,,,,,,,,,,,,,,,,,,,,,,,,,,,,,,,,,,,,,,,4-6,2-6,,"4-6,2-6",905,2025,,,,,,2,2025-08-19,,,,,,,,,,,,,,,,,,,,,,,,,,,,,,,,,,,,,,,,,,"4-6,2-6",,,,,,,,,,,
905,2025,US OPEN,Grand Slam,2025-08-24,2025-09-07,Hard,NEW YORK,"NY, UNITED STATES",128.0,41592800.0,USD,RS63017929,2025-08-19,,Darja Semenistaja,Andrea Lazaro Garcia,LVA,ESP,12.0,,2-6,6-2,7-5,,329457,318080,US OPEN,"US Open - New York, NY, USA",2025.0,,329457,318080,329457,318080,Darja Semenistaja,Andrea Lazaro Garcia,,,Darja Semenistaja,Andrea Lazaro Garcia,LVA,ESP,12,,329457,318080,,,,,,,,,,,,,,,,,,,,,,,,,,,,,,,,,,,,,,,,,,,,,,,,,,,,,,,,,,,,,,,,,,,,,,,,,,,2-6,6-2,7-5,"2-6,6-2,7-5",905,2025,,,,,,3,2025-08-19,,,,,,,,,,,,,,,,,,,,,,,,,,,,,,,,,,,,,,,,,,"2-6,6-2,7-5",,,,,,,,,,,
905,2025,US OPEN,Grand Slam,2025-08-24,2025-09-07,Hard,NEW YORK,"NY, UNITED STATES",128.0,41592800.0,USD,RS63018011,2025-08-19,,Olivia Gadecki,Anouk Koevermans,AUS,NLD,19.0,,3-6,6-3,6-1,,326653,328988,US OPEN,"US Open - New York, NY, USA",2025.0,,328988,326653,328988,326653,Olivia Gadecki,Anouk Koevermans,,,Anouk Koevermans,Olivia Gadecki,NLD,AUS,,19,326653,328988,,,,,,,,,,,,,,,,,,,,,,,,,,,,,,,,,,,,,,,,,,,,,,,,,,,,,,,,,,,,,,,,,,,,,,,,,,,6-3,3-6,1-6,"6-3,3-6,1-6",905,2025,,,,,,3,2025-08-19,,,,,,,,,,,,,,,,,,,,,,,,,,,,,,,,,,,,,,,,,,"6-3,3-6,1-6",,,,,,,,,,,
905,2025,US OPEN,Grand Slam,2025-08-24,2025-09-07,Hard,NEW YORK,"NY, UNITED STATES",128.0,41592800.0,USD,RS63017919,2025-08-19,,Ayana Akli,Eva Vedder,USA,NLD,,,7-5,6-2,,,1022815,215598,US OPEN,"US Open - New York, NY, USA",2025.0,,215598,1022815,215598,1022815,Ayana Akli,Eva Vedder,,,Eva Vedder,Ayana Akli,NLD,USA,,,1022815,215598,,,,,,,,,,,,,,,,,,,,,,,,,,,,,,,,,,,,,,,,,,,,,,,,,,,,,,,,,,,,,,,,,,,,,,,,,,,5-7,2-6,,"5-7,2-6",905,2025,,,,,,2,2025-08-19,,,,,,,,,,,,,,,,,,,,,,,,,,,,,,,,,,,,,,,,,,"5-7,2-6",,,,,,,,,,,
905,2025,US OPEN,Grand Slam,2025-08-24,2025-09-07,Hard,NEW YORK,"NY, UNITED STATES",128.0,41592800.0,USD,RS63017927,2025-08-19,,Lizette Cabrera,Oleksandra Oliynykova,AUS,UKR,,,6-2,6-4,,,320013,325729,US OPEN,"US Open - New York, NY, USA",2025.0,,325729,320013,325729,320013,Lizette Cabrera,Oleksandra Oliynykova,,,Oleksandra Oliynykova,Lizette Cabrera,UKR,AUS,,,320013,325729,,,,,,,,,,,,,,,,,,,,,,,,,,,,,,,,,,,,,,,,,,,,,,,,,,,,,,,,,,,,,,,,,,,,,,,,,,,2-6,4-6,,"2-6,4-6",905,2025,,,,,,2,2025-08-19,,,,,,,,,,,,,,,,,,,,,,,,,,,,,,,,,,,,,,,,,,"2-6,4-6",,,,,,,,,,,
905,2025,US OPEN,Grand Slam,2025-08-24,2025-09-07,Hard,NEW YORK,"NY, UNITED STATES",128.0,41592800.0,USD,RS63017905,2025-08-19,,Carol Zhao,Maria Carle,CAN,ARG,,15.0,7-6(8),6-2,,,52691,322638,US OPEN,"US Open - New York, NY, USA",2025.0,,322638,52691,322638,52691,Carol Zhao,Maria Carle,,,Maria Carle,Carol Zhao,ARG,CAN,15,,52691,322638,,,,,,,,,,,,,,,,,,,,,,,,,,,,,,,,,,,,,,,,,,,,,,,,,,,,,,,,,,,,,,,,,,,,,,,,,,,6-7(8),2-6,,"6(10)-7,2-6",905,2025,,,,,,2,2025-08-19,,,,,,,,,,,,,,,,,,,,,,,,,,,,,,,,,,,,10.0,8.0,,,,,"6(10)-7,2-6",,,,,,,,,,,
905,2025,US OPEN,Grand Slam,2025-08-24,2025-09-07,Hard,NEW YORK,"NY, UNITED STATES",128.0,41592800.0,USD,RS63017917,2025-08-19,,Oksana Selekhmeteva,Julia Riera,,ARG,,,2-6,6-0,6-3,,329199,327287,US OPEN,"US Open - New York, NY, USA",2025.0,,329199,327287,329199,327287,Oksana Selekhmeteva,Julia Riera,,,Oksana Selekhmeteva,Julia Riera,,ARG,,,329199,327287,,,,,,,,,,,,,,,,,,,,,,,,,,,,,,,,,,,,,,,,,,,,,,,,,,,,,,,,,,,,,,,,,,,,,,,,,,,2-6,6-0,6-3,"2-6,6-0,6-3",905,2025,,,,,,3,2025-08-19,,,,,,,,,,,,,,,,,,,,,,,,,,,,,,,,,,,,,,,,,,"2-6,6-0,6-3",,,,,,,,,,,
905,2025,US OPEN,Grand Slam,2025-08-24,2025-09-07,Hard,NEW YORK,"NY, UNITED STATES",128.0,41592800.0,USD,RS63017985,2025-08-19,,Viktoriya Tomova,Irene Burillo Escorihuela,BGR,ESP,5.0,,6-3,6-0,,,317584,321157,US OPEN,"US Open - New York, NY, USA",2025.0,,317584,321157,317584,321157,Viktoriya Tomova,Irene Burillo Escorihuela,,,Viktoriya Tomova,Irene Burillo Escorihuela,BGR,ESP,5,,317584,321157,,,,,,,,,,,,,,,,,,,,,,,,,,,,,,,,,,,,,,,,,,,,,,,,,,,,,,,,,,,,,,,,,,,,,,,,,,,6-3,6-0,,"6-3,6-0",905,2025,,,,,,2,2025-08-19,,,,,,,,,,,,,,,,,,,,,,,,,,,,,,,,,,,,,,,,,,"6-3,6-0",,,,,,,,,,,
905,2025,US OPEN,Grand Slam,2025-08-24,2025-09-07,Hard,NEW YORK,"NY, UNITED STATES",128.0,41592800.0,USD,RS63017921,2025-08-19,,Harriet Dart,Anca Alexia Todoni,GBR,ROU,,13.0,7-5,6-7(3),7-6(6),,319489,330442,US OPEN,"US Open - New York, NY, USA",2025.0,,330442,319489,330442,319489,Harriet Dart,Anca Alexia Todoni,,,Anca Alexia Todoni,Harriet Dart,ROU,GBR,13,,319489,330442,,,,,,,,,,,,,,,,,,,,,,,,,,,,,,,,,,,,,,,,,,,,,,,,,,,,,,,,,,,,,,,,,,,,,,,,,,,5-7,7-6(3),6-7(6),"5-7,7-6(7),6(10)-7",905,2025,,,,,,3,2025-08-19,,,,,,,,,,,,,,,,,,,,,,,,,,,,,,,,,,,,,,7.0,3.0,8.0,6.0,"5-7,7-6(7),6(10)-7",,,,,,,,,,,
905,2025,US OPEN,Grand Slam,2025-08-24,2025-09-07,Hard,NEW YORK,"NY, UNITED STATES",128.0,41592800.0,USD,RS63017915,2025-08-19,,Iryna Shymanovich,Sinja Kraus,,AUT,,26.0,6-3,2-6,7-5,,320759,327061,US OPEN,"US Open - New York, NY, USA",2025.0,,320759,327061,320759,327061,Iryna Shymanovich,Sinja Kraus,,,Iryna Shymanovich,Sinja Kraus,,AUT,,26,320759,327061,,,,,,,,,,,,,,,,,,,,,,,,,,,,,,,,,,,,,,,,,,,,,,,,,,,,,,,,,,,,,,,,,,,,,,,,,,,6-3,2-6,7-5,"6-3,2-6,7-5",905,2025,,,,,,3,2025-08-19,,,,,,,,,,,,,,,,,,,,,,,,,,,,,,,,,,,,,,,,,,"6-3,2-6,7-5",,,,,,,,,,,
905,2025,US OPEN,Grand Slam,2025-08-24,2025-09-07,Hard,NEW YORK,"NY, UNITED STATES",128.0,41592800.0,USD,RS63017983,2025-08-19,,Hanne Vandewinkel,Marina Stakusic,BEL,CAN,,,6-3,6-2,,,331102,329614,US OPEN,"US Open - New York, NY, USA",2025.0,,329614,331102,329614,331102,Hanne Vandewinkel,Marina Stakusic,,,Marina Stakusic,Hanne Vandewinkel,CAN,BEL,,,331102,329614,,,,,,,,,,,,,,,,,,,,,,,,,,,,,,,,,,,,,,,,,,,,,,,,,,,,,,,,,,,,,,,,,,,,,,,,,,,3-6,2-6,,"3-6,2-6",905,2025,,,,,,2,2025-08-19,,,,,,,,,,,,,,,,,,,,,,,,,,,,,,,,,,,,,,,,,,"3-6,2-6",,,,,,,,,,,
905,2025,US OPEN,Grand Slam,2025-08-24,2025-09-07,Hard,NEW YORK,"NY, UNITED STATES",128.0,41592800.0,USD,RS63017891,2025-08-19,,Veronika Erjavec,Maria Timofeeva,SVN,,32.0,,6-3,6-1,,,327655,328896,US OPEN,"US Open - New York, NY, USA",2025.0,,328896,327655,328896,327655,Veronika Erjavec,Maria Timofeeva,,,Maria Timofeeva,Veronika Erjavec,,SVN,,32,327655,328896,,,,,,,,,,,,,,,,,,,,,,,,,,,,,,,,,,,,,,,,,,,,,,,,,,,,,,,,,,,,,,,,,,,,,,,,,,,3-6,1-6,,"3-6,1-6",905,2025,,,,,,2,2025-08-19,,,,,,,,,,,,,,,,,,,,,,,,,,,,,,,,,,,,,,,,,,"3-6,1-6",,,,,,,,,,,
905,2025,US OPEN,Grand Slam,2025-08-24,2025-09-07,Hard,NEW YORK,"NY, UNITED STATES",128.0,41592800.0,USD,RS63017893,2025-08-19,,Cadence Brace,Nao Hibino,CAN,JPN,,,2-6,6-3,6-3,,751899,320238,US OPEN,"US Open - New York, NY, USA",2025.0,,751899,320238,751899,320238,Cadence Brace,Nao Hibino,,,Cadence Brace,Nao Hibino,CAN,JPN,,,751899,320238,,,,,,,,,,,,,,,,,,,,,,,,,,,,,,,,,,,,,,,,,,,,,,,,,,,,,,,,,,,,,,,,,,,,,,,,,,,2-6,6-3,6-3,"2-6,6-3,6-3",905,2025,,,,,,3,2025-08-19,,,,,,,,,,,,,,,,,,,,,,,,,,,,,,,,,,,,,,,,,,"2-6,6-3,6-3",,,,,,,,,,,
905,2025,US OPEN,Grand Slam,2025-08-24,2025-09-07,Hard,NEW YORK,"NY, UNITED STATES",128.0,41592800.0,USD,RS63017979,2025-08-19,,Priscilla Hon,Nuria Brancaccio,AUS,ITA,27.0,,7-5,6-4,,,320543,325433,US OPEN,"US Open - New York, NY, USA",2025.0,,325433,320543,325433,320543,Priscilla Hon,Nuria Brancaccio,,,Nuria Brancaccio,Priscilla Hon,ITA,AUS,,27,320543,325433,,,,,,,,,,,,,,,,,,,,,,,,,,,,,,,,,,,,,,,,,,,,,,,,,,,,,,,,,,,,,,,,,,,,,,,,,,,5-7,4-6,,"5-7,4-6",905,2025,,,,,,2,2025-08-19,,,,,,,,,,,,,,,,,,,,,,,,,,,,,,,,,,,,,,,,,,"5-7,4-6",,,,,,,,,,,
905,2025,US OPEN,Grand Slam,2025-08-24,2025-09-07,Hard,NEW YORK,"NY, UNITED STATES",128.0,41592800.0,USD,RS63017981,2025-08-19,,Jule Niemeier,Daria Saville,DEU,AUS,,,6-0,6-2,,,325940,315997,US OPEN,"US Open - New York, NY, USA",2025.0,,325940,315997,325940,315997,Jule Niemeier,Daria Saville,,,Jule Niemeier,Daria Saville,DEU,AUS,,,325940,315997,,,,,,,,,,,,,,,,,,,,,,,,,,,,,,,,,,,,,,,,,,,,,,,,,,,,,,,,,,,,,,,,,,,,,,,,,,,6-0,6-2,,"6-0,6-2",905,2025,,,,,,2,2025-08-19,,,,,,,,,,,,,,,,,,,,,,,,,,,,,,,,,,,,,,,,,,"6-0,6-2",,,,,,,,,,,
905,2025,US OPEN,Grand Slam,2025-08-24,2025-09-07,Hard,NEW YORK,"NY, UNITED STATES",128.0,41592800.0,USD,RS63017933,2025-08-18,,Petra Martic,Linda Fruhvirtova,HRV,CZE,,,6-3,6-0,,,313711,329627,US OPEN,"US Open - New York, NY, USA",2025.0,,329627,313711,329627,313711,Petra Martic,Linda Fruhvirtova,,,Linda Fruhvirtova,Petra Martic,CZE,HRV,,,313711,329627,,,,,,,,,,,,,,,,,,,,,,,,,,,,,,,,,,,,,,,,,,,,,,,,,,,,,,,,,,,,,,,,,,,,,,,,,,,3-6,0-6,,"3-6,0-6",905,2025,,,,,,2,2025-08-18,,,,,,,,,,,,,,,,,,,,,,,,,,,,,,,,,,,,,,,,,,"3-6,0-6",,,,,,,,,,,
905,2025,US OPEN,Grand Slam,2025-08-24,2025-09-07,Hard,NEW YORK,"NY, UNITED STATES",128.0,41592800.0,USD,RS63017899,2025-08-18,,Simona Waltert,Daria Snigur,CHE,UKR,24.0,,4-6,6-1,6-2,,325771,327845,US OPEN,"US Open - New York, NY, USA",2025.0,,327845,325771,327845,325771,Simona Waltert,Daria Snigur,,,Daria Snigur,Simona Waltert,UKR,CHE,,24,325771,327845,,,,,,,,,,,,,,,,,,,,,,,,,,,,,,,,,,,,,,,,,,,,,,,,,,,,,,,,,,,,,,,,,,,,,,,,,,,6-4,1-6,2-6,"6-4,1-6,2-6",905,2025,,,,,,3,2025-08-18,,,,,,,,,,,,,,,,,,,,,,,,,,,,,,,,,,,,,,,,,,"6-4,1-6,2-6",,,,,,,,,,,
905,2025,US OPEN,Grand Slam,2025-08-24,2025-09-07,Hard,NEW YORK,"NY, UNITED STATES",128.0,41592800.0,USD,RS63017895,2025-08-18,,Maddison Inglis,Storm Hunter,AUS,AUS,,,6-3,6-4,,,321179,317810,US OPEN,"US Open - New York, NY, USA",2025.0,,317810,321179,317810,321179,Maddison Inglis,Storm Hunter,,,Storm Hunter,Maddison Inglis,AUS,AUS,,,321179,317810,,,,,,,,,,,,,,,,,,,,,,,,,,,,,,,,,,,,,,,,,,,,,,,,,,,,,,,,,,,,,,,,,,,,,,,,,,,3-6,4-6,,"3-6,4-6",905,2025,,,,,,2,2025-08-18,,,,,,,,,,,,,,,,,,,,,,,,,,,,,,,,,,,,,,,,,,"3-6,4-6",,,,,,,,,,,
905,2025,US OPEN,Grand Slam,2025-08-24,2025-09-07,Hard,NEW YORK,"NY, UNITED STATES",128.0,41592800.0,USD,RS63017897,2025-08-18,,Claire Liu,Katarzyna Kawa,USA,POL,,16.0,6-1,6-3,,,179300,315806,US OPEN,"US Open - New York, NY, USA",2025.0,,315806,179300,315806,179300,Claire Liu,Katarzyna Kawa,,,Katarzyna Kawa,Claire Liu,POL,USA,16,,179300,315806,,,,,,,,,,,,,,,,,,,,,,,,,,,,,,,,,,,,,,,,,,,,,,,,,,,,,,,,,,,,,,,,,,,,,,,,,,,1-6,3-6,,"1-6,3-6",905,2025,,,,,,2,2025-08-18,,,,,,,,,,,,,,,,,,,,,,,,,,,,,,,,,,,,,,,,,,"1-6,3-6",,,,,,,,,,,
905,2025,US OPEN,Grand Slam,2025-08-24,2025-09-07,Hard,NEW YORK,"NY, UNITED STATES",128.0,41592800.0,USD,RS63017901,2025-08-18,,Hina Inoue,Lauren Davis,USA,USA,,,6-1,6-2,,,328320,317414,US OPEN,"US Open - New York, NY, USA",2025.0,,317414,328320,317414,328320,Hina Inoue,Lauren Davis,,,Lauren Davis,Hina Inoue,USA,USA,,,328320,317414,,,,,,,,,,,,,,,,,,,,,,,,,,,,,,,,,,,,,,,,,,,,,,,,,,,,,,,,,,,,,,,,,,,,,,,,,,,1-6,2-6,,"1-6,2-6",905,2025,,,,,,2,2025-08-18,,,,,,,,,,,,,,,,,,,,,,,,,,,,,,,,,,,,,,,,,,"1-6,2-6",,,,,,,,,,,
905,2025,US OPEN,Grand Slam,2025-08-24,2025-09-07,Hard,NEW YORK,"NY, UNITED STATES",128.0,41592800.0,USD,RS63017931,2025-08-18,,Xiyu Wang,Carson Branstine,CHN,CAN,31.0,,3-6,6-3,6-3,,326160,324361,US OPEN,"US Open - New York, NY, USA",2025.0,,324361,326160,324361,326160,Xiyu Wang,Carson Branstine,,,Carson Branstine,Xiyu Wang,CAN,CHN,,31,326160,324361,,,,,,,,,,,,,,,,,,,,,,,,,,,,,,,,,,,,,,,,,,,,,,,,,,,,,,,,,,,,,,,,,,,,,,,,,,,6-3,3-6,3-6,"6-3,3-6,3-6",905,2025,,,,,,3,2025-08-18,,,,,,,,,,,,,,,,,,,,,,,,,,,,,,,,,,,,,,,,,,"6-3,3-6,3-6",,,,,,,,,,,
905,2025,US OPEN,Grand Slam,2025-08-24,2025-09-07,Hard,NEW YORK,"NY, UNITED STATES",128.0,41592800.0,USD,RS63017907,2025-08-18,,Rebecca Marino,Lanlana Tararudee,CAN,THA,17.0,,6-3,2-6,7-5,,313485,329651,US OPEN,"US Open - New York, NY, USA",2025.0,,329651,313485,329651,313485,Rebecca Marino,Lanlana Tararudee,,,Lanlana Tararudee,Rebecca Marino,THA,CAN,,17,313485,329651,,,,,,,,,,,,,,,,,,,,,,,,,,,,,,,,,,,,,,,,,,,,,,,,,,,,,,,,,,,,,,,,,,,,,,,,,,,3-6,6-2,5-7,"3-6,6-2,5-7",905,2025,,,,,,3,2025-08-18,,,,,,,,,,,,,,,,,,,,,,,,,,,,,,,,,,,,,,,,,,"3-6,6-2,5-7",,,,,,,,,,,
905,2025,US OPEN,Grand Slam,2025-08-24,2025-09-07,Hard,NEW YORK,"NY, UNITED STATES",128.0,41592800.0,USD,RS63017975,2025-08-18,,Tara Wuerth,Arina Rodionova,HRV,AUS,,,6-1,7-5,,,676251,312413,US OPEN,"US Open - New York, NY, USA",2025.0,,676251,312413,676251,312413,Tara Wuerth,Arina Rodionova,,,Tara Wuerth,Arina Rodionova,HRV,AUS,,,676251,312413,,,,,,,,,,,,,,,,,,,,,,,,,,,,,,,,,,,,,,,,,,,,,,,,,,,,,,,,,,,,,,,,,,,,,,,,,,,6-1,7-5,,"6-1,7-5",905,2025,,,,,,2,2025-08-18,,,,,,,,,,,,,,,,,,,,,,,,,,,,,,,,,,,,,,,,,,"6-1,7-5",,,,,,,,,,,
905,2025,US OPEN,Grand Slam,2025-08-24,2025-09-07,Hard,NEW YORK,"NY, UNITED STATES",128.0,41592800.0,USD,RS63017909,2025-08-18,,Mai Hontama,Kristina Penickova,JPN,USA,,,6-0,4-6,7-6(4),,324750,998037,US OPEN,"US Open - New York, NY, USA",2025.0,,998037,324750,998037,324750,Mai Hontama,Kristina Penickova,,,Kristina Penickova,Mai Hontama,USA,JPN,,,324750,998037,,,,,,,,,,,,,,,,,,,,,,,,,,,,,,,,,,,,,,,,,,,,,,,,,,,,,,,,,,,,,,,,,,,,,,,,,,,0-6,6-4,6-7(4),"0-6,6-4,6(10)-7",905,2025,,,,,,3,2025-08-18,,,,,,,,,,,,,,,,,,,,,,,,,,,,,,,,,,,,,,,,7.0,4.0,"0-6,6-4,6(10)-7",,,,,,,,,,,
905,2025,US OPEN,Grand Slam,2025-08-24,2025-09-07,Hard,NEW YORK,"NY, UNITED STATES",128.0,41592800.0,USD,RS63017911,2025-08-18,,Kristina Dmitruk,Kaja Juvan,,SVN,,,7-5,6-4,,,328034,324702,US OPEN,"US Open - New York, NY, USA",2025.0,,328034,324702,328034,324702,Kristina Dmitruk,Kaja Juvan,,,Kristina Dmitruk,Kaja Juvan,,SVN,,,328034,324702,,,,,,,,,,,,,,,,,,,,,,,,,,,,,,,,,,,,,,,,,,,,,,,,,,,,,,,,,,,,,,,,,,,,,,,,,,,7-5,6-4,,"7-5,6-4",905,2025,,,,,,2,2025-08-18,,,,,,,,,,,,,,,,,,,,,,,,,,,,,,,,,,,,,,,,,,"7-5,6-4",,,,,,,,,,,
905,2025,US OPEN,Grand Slam,2025-08-24,2025-09-07,Hard,NEW YORK,"NY, UNITED STATES",128.0,41592800.0,USD,RS63017913,2025-08-18,,Dominika Salkova,Julia Grabher,CZE,AUT,,14.0,7-5,3-6,6-2,,330149,113079,US OPEN,"US Open - New York, NY, USA",2025.0,,113079,330149,113079,330149,Dominika Salkova,Julia Grabher,,,Julia Grabher,Dominika Salkova,AUT,CZE,14,,330149,113079,,,,,,,,,,,,,,,,,,,,,,,,,,,,,,,,,,,,,,,,,,,,,,,,,,,,,,,,,,,,,,,,,,,,,,,,,,,5-7,6-3,2-6,"5-7,6-3,2-6",905,2025,,,,,,3,2025-08-18,,,,,,,,,,,,,,,,,,,,,,,,,,,,,,,,,,,,,,,,,,"5-7,6-3,2-6",,,,,,,,,,,
905,2025,US OPEN,Grand Slam,2025-08-24,2025-09-07,Hard,NEW YORK,"NY, UNITED STATES",128.0,41592800.0,USD,RS63017945,2025-08-18,,Emerson Jones,Bernarda Pera,AUS,USA,,10.0,6-1,4-6,6-2,,978117,317708,US OPEN,"US Open - New York, NY, USA",2025.0,,317708,978117,317708,978117,Emerson Jones,Bernarda Pera,,,Bernarda Pera,Emerson Jones,USA,AUS,10,,978117,317708,,,,,,,,,,,,,,,,,,,,,,,,,,,,,,,,,,,,,,,,,,,,,,,,,,,,,,,,,,,,,,,,,,,,,,,,,,,1-6,6-4,2-6,"1-6,6-4,2-6",905,2025,,,,,,3,2025-08-18,,,,,,,,,,,,,,,,,,,,,,,,,,,,,,,,,,,,,,,,,,"1-6,6-4,2-6",,,,,,,,,,,
905,2025,US OPEN,Grand Slam,2025-08-24,2025-09-07,Hard,NEW YORK,"NY, UNITED STATES",128.0,41592800.0,USD,RS63017943,2025-08-18,,Laura Pigossi,Tamara Zidansek,BRA,SVN,,,5-7,7-6(2),6-3,,317155,323079,US OPEN,"US Open - New York, NY, USA",2025.0,,317155,323079,317155,323079,Laura Pigossi,Tamara Zidansek,,,Laura Pigossi,Tamara Zidansek,BRA,SVN,,,317155,323079,,,,,,,,,,,,,,,,,,,,,,,,,,,,,,,,,,,,,,,,,,,,,,,,,,,,,,,,,,,,,,,,,,,,,,,,,,,5-7,7-6(2),6-3,"5-7,7-6(7),6-3",905,2025,,,,,,3,2025-08-18,,,,,,,,,,,,,,,,,,,,,,,,,,,,,,,,,,,,,,7.0,2.0,,,"5-7,7-6(7),6-3",,,,,,,,,,,
905,2025,US OPEN,Grand Slam,2025-08-24,2025-09-07,Hard,NEW YORK,"NY, UNITED STATES",128.0,41592800.0,USD,RS63017977,2025-08-18,,Varvara Gracheva,Madison Brengle,FRA,USA,6.0,,7-5,6-3,,,325836,19610,US OPEN,"US Open - New York, NY, USA",2025.0,,325836,19610,325836,19610,Varvara Gracheva,Madison Brengle,,,Varvara Gracheva,Madison Brengle,FRA,USA,6,,325836,19610,,,,,,,,,,,,,,,,,,,,,,,,,,,,,,,,,,,,,,,,,,,,,,,,,,,,,,,,,,,,,,,,,,,,,,,,,,,7-5,6-3,,"7-5,6-3",905,2025,,,,,,2,2025-08-18,,,,,,,,,,,,,,,,,,,,,,,,,,,,,,,,,,,,,,,,,,"7-5,6-3",,,,,,,,,,,
905,2025,US OPEN,Grand Slam,2025-08-24,2025-09-07,Hard,NEW YORK,"NY, UNITED STATES",128.0,41592800.0,USD,RS63017935,2025-08-18,,Alina Charaeva,Monika Ekstrand,,USA,,,6-3,6-4,,,341216,981745,US OPEN,"US Open - New York, NY, USA",2025.0,,981745,341216,981745,341216,Alina Charaeva,Monika Ekstrand,,,Monika Ekstrand,Alina Charaeva,USA,,,,341216,981745,,,,,,,,,,,,,,,,,,,,,,,,,,,,,,,,,,,,,,,,,,,,,,,,,,,,,,,,,,,,,,,,,,,,,,,,,,,3-6,4-6,,"3-6,4-6",905,2025,,,,,,2,2025-08-18,,,,,,,,,,,,,,,,,,,,,,,,,,,,,,,,,,,,,,,,,,"3-6,4-6",,,,,,,,,,,
905,2025,US OPEN,Grand Slam,2025-08-24,2025-09-07,Hard,NEW YORK,"NY, UNITED STATES",128.0,41592800.0,USD,RS63017937,2025-08-18,,Petra Marcinko,Xinyu Gao,HRV,CHN,11.0,,6-2,6-1,,,330799,150130,US OPEN,"US Open - New York, NY, USA",2025.0,,330799,150130,330799,150130,Petra Marcinko,Xinyu Gao,,,Petra Marcinko,Xinyu Gao,HRV,CHN,11,,330799,150130,,,,,,,,,,,,,,,,,,,,,,,,,,,,,,,,,,,,,,,,,,,,,,,,,,,,,,,,,,,,,,,,,,,,,,,,,,,6-2,6-1,,"6-2,6-1",905,2025,,,,,,2,2025-08-18,,,,,,,,,,,,,,,,,,,,,,,,,,,,,,,,,,,,,,,,,,"6-2,6-1",,,,,,,,,,,
905,2025,US OPEN,Grand Slam,2025-08-24,2025-09-07,Hard,NEW YORK,"NY, UNITED STATES",128.0,41592800.0,USD,RS63017941,2025-08-18,,Astra Sharma,Lola Radivojevic,AUS,SRB,,,7-5,6-4,,,319696,330751,US OPEN,"US Open - New York, NY, USA",2025.0,,319696,330751,319696,330751,Astra Sharma,Lola Radivojevic,,,Astra Sharma,Lola Radivojevic,AUS,SRB,,,319696,330751,,,,,,,,,,,,,,,,,,,,,,,,,,,,,,,,,,,,,,,,,,,,,,,,,,,,,,,,,,,,,,,,,,,,,,,,,,,7-5,6-4,,"7-5,6-4",905,2025,,,,,,2,2025-08-18,,,,,,,,,,,,,,,,,,,,,,,,,,,,,,,,,,,,,,,,,,"7-5,6-4",,,,,,,,,,,
905,2025,US OPEN,Grand Slam,2025-08-24,2025-09-07,Hard,NEW YORK,"NY, UNITED STATES",128.0,41592800.0,USD,RS63017971,2025-08-18,,Ena Shibahara,Kayla Day,JPN,USA,20.0,,7-5,6-1,,,322527,322534,US OPEN,"US Open - New York, NY, USA",2025.0,,322534,322527,322534,322527,Ena Shibahara,Kayla Day,,,Kayla Day,Ena Shibahara,USA,JPN,,20,322527,322534,,,,,,,,,,,,,,,,,,,,,,,,,,,,,,,,,,,,,,,,,,,,,,,,,,,,,,,,,,,,,,,,,,,,,,,,,,,5-7,1-6,,"5-7,1-6",905,2025,,,,,,2,2025-08-18,,,,,,,,,,,,,,,,,,,,,,,,,,,,,,,,,,,,,,,,,,"5-7,1-6",,,,,,,,,,,
905,2025,US OPEN,Grand Slam,2025-08-24,2025-09-07,Hard,NEW YORK,"NY, UNITED STATES",128.0,41592800.0,USD,RS63017973,2025-08-18,,Elena Pridankina,Barbora Palicova,,CZE,,,5-7,6-3,6-4,,330905,330363,US OPEN,"US Open - New York, NY, USA",2025.0,,330363,330905,330363,330905,Elena Pridankina,Barbora Palicova,,,Barbora Palicova,Elena Pridankina,CZE,,,,330905,330363,,,,,,,,,,,,,,,,,,,,,,,,,,,,,,,,,,,,,,,,,,,,,,,,,,,,,,,,,,,,,,,,,,,,,,,,,,,7-5,3-6,4-6,"7-5,3-6,4-6",905,2025,,,,,,3,2025-08-18,,,,,,,,,,,,,,,,,,,,,,,,,,,,,,,,,,,,,,,,,,"7-5,3-6,4-6",,,,,,,,,,,
905,2025,US OPEN,Grand Slam,2025-08-24,2025-09-07,Hard,NEW YORK,"NY, UNITED STATES",128.0,41592800.0,USD,RS63017969,2025-08-18,,Katie Volynets,Sofia Costoulas,USA,BEL,7.0,,6-3,6-4,,,327391,330451,US OPEN,"US Open - New York, NY, USA",2025.0,,327391,330451,327391,330451,Katie Volynets,Sofia Costoulas,,,Katie Volynets,Sofia Costoulas,USA,BEL,7,,327391,330451,,,,,,,,,,,,,,,,,,,,,,,,,,,,,,,,,,,,,,,,,,,,,,,,,,,,,,,,,,,,,,,,,,,,,,,,,,,6-3,6-4,,"6-3,6-4",905,2025,,,,,,2,2025-08-18,,,,,,,,,,,,,,,,,,,,,,,,,,,,,,,,,,,,,,,,,,"6-3,6-4",,,,,,,,,,,
905,2025,US OPEN,Grand Slam,2025-08-24,2025-09-07,Hard,NEW YORK,"NY, UNITED STATES",128.0,41592800.0,USD,RS63017967,2025-08-18,,Amelia Honer,Whitney Osuigwe,USA,USA,,,6-2,6-3,,,833546,326101,US OPEN,"US Open - New York, NY, USA",2025.0,,833546,326101,833546,326101,Amelia Honer,Whitney Osuigwe,,,Amelia Honer,Whitney Osuigwe,USA,USA,,,833546,326101,,,,,,,,,,,,,,,,,,,,,,,,,,,,,,,,,,,,,,,,,,,,,,,,,,,,,,,,,,,,,,,,,,,,,,,,,,,6-2,6-3,,"6-2,6-3",905,2025,,,,,,2,2025-08-18,,,,,,,,,,,,,,,,,,,,,,,,,,,,,,,,,,,,,,,,,,"6-2,6-3",,,,,,,,,,,
905,2025,US OPEN,Grand Slam,2025-08-24,2025-09-07,Hard,NEW YORK,"NY, UNITED STATES",128.0,41592800.0,USD,RS63017939,2025-08-18,,Victoria Jimenez Kasintseva,Alexis Nguyen,AND,USA,28.0,,6-2,7-5,,,330352,950687,US OPEN,"US Open - New York, NY, USA",2025.0,,950687,330352,950687,330352,Victoria Jimenez Kasintseva,Alexis Nguyen,,,Alexis Nguyen,Victoria Jimenez Kasintseva,USA,AND,,28,330352,950687,,,,,,,,,,,,,,,,,,,,,,,,,,,,,,,,,,,,,,,,,,,,,,,,,,,,,,,,,,,,,,,,,,,,,,,,,,,2-6,5-7,,"2-6,5-7",905,2025,,,,,,2,2025-08-18,,,,,,,,,,,,,,,,,,,,,,,,,,,,,,,,,,,,,,,,,,"2-6,5-7",,,,,,,,,,,
905,2025,US OPEN,Grand Slam,2025-08-24,2025-09-07,Hard,NEW YORK,"NY, UNITED STATES",128.0,41592800.0,USD,RS63017963,2025-08-18,,Jana Fett,Joanna Garland,HRV,TPE,,30.0,6-2,6-4,,,320945,326512,US OPEN,"US Open - New York, NY, USA",2025.0,,320945,326512,320945,326512,Jana Fett,Joanna Garland,,,Jana Fett,Joanna Garland,HRV,TPE,,30,320945,326512,,,,,,,,,,,,,,,,,,,,,,,,,,,,,,,,,,,,,,,,,,,,,,,,,,,,,,,,,,,,,,,,,,,,,,,,,,,6-2,6-4,,"6-2,6-4",905,2025,,,,,,2,2025-08-18,,,,,,,,,,,,,,,,,,,,,,,,,,,,,,,,,,,,,,,,,,"6-2,6-4",,,,,,,,,,,
905,2025,US OPEN,Grand Slam,2025-08-24,2025-09-07,Hard,NEW YORK,"NY, UNITED STATES",128.0,41592800.0,USD,RS63017965,2025-08-18,,Tessah Andrianjafitrimo,Polona Hercog,FRA,SVN,,,5-7,6-2,6-4,,321984,19957,US OPEN,"US Open - New York, NY, USA",2025.0,,19957,321984,19957,321984,Tessah Andrianjafitrimo,Polona Hercog,,,Polona Hercog,Tessah Andrianjafitrimo,SVN,FRA,,,321984,19957,,,,,,,,,,,,,,,,,,,,,,,,,,,,,,,,,,,,,,,,,,,,,,,,,,,,,,,,,,,,,,,,,,,,,,,,,,,7-5,2-6,4-6,"7-5,2-6,4-6",905,2025,,,,,,3,2025-08-18,,,,,,,,,,,,,,,,,,,,,,,,,,,,,,,,,,,,,,,,,,"7-5,2-6,4-6",,,,,,,,,,,
905,2025,US OPEN,Grand Slam,2025-08-24,2025-09-07,Hard,NEW YORK,"NY, UNITED STATES",128.0,41592800.0,USD,RS63017987,2025-08-18,,Panna Udvardy,Paula Ormaechea,HUN,ARG,29.0,,6-4,6-1,,,325956,40142,US OPEN,"US Open - New York, NY, USA",2025.0,,40142,325956,40142,325956,Panna Udvardy,Paula Ormaechea,,,Paula Ormaechea,Panna Udvardy,ARG,HUN,,29,325956,40142,,,,,,,,,,,,,,,,,,,,,,,,,,,,,,,,,,,,,,,,,,,,,,,,,,,,,,,,,,,,,,,,,,,,,,,,,,,4-6,1-6,,"4-6,1-6",905,2025,,,,,,2,2025-08-18,,,,,,,,,,,,,,,,,,,,,,,,,,,,,,,,,,,,,,,,,,"4-6,1-6",,,,,,,,,,,
905,2025,US OPEN,Grand Slam,2025-08-24,2025-09-07,Hard,NEW YORK,"NY, UNITED STATES",128.0,41592800.0,USD,RS63017989,2025-08-18,,Manon Leonard,Sada Nahimana,FRA,BDI,,,6-3,6-4,,,325794,234398,US OPEN,"US Open - New York, NY, USA",2025.0,,234398,325794,234398,325794,Manon Leonard,Sada Nahimana,,,Sada Nahimana,Manon Leonard,BDI,FRA,,,325794,234398,,,,,,,,,,,,,,,,,,,,,,,,,,,,,,,,,,,,,,,,,,,,,,,,,,,,,,,,,,,,,,,,,,,,,,,,,,,3-6,4-6,,"3-6,4-6",905,2025,,,,,,2,2025-08-18,,,,,,,,,,,,,,,,,,,,,,,,,,,,,,,,,,,,,,,,,,"3-6,4-6",,,,,,,,,,,
905,2025,US OPEN,Grand Slam,2025-08-24,2025-09-07,Hard,NEW YORK,"NY, UNITED STATES",128.0,41592800.0,USD,RS63017991,2025-08-18,,Fiona Crawley,Louisa Chirico,USA,USA,,,6-2,6-3,,,378226,320218,US OPEN,"US Open - New York, NY, USA",2025.0,,378226,320218,378226,320218,Fiona Crawley,Louisa Chirico,,,Fiona Crawley,Louisa Chirico,USA,USA,,,378226,320218,,,,,,,,,,,,,,,,,,,,,,,,,,,,,,,,,,,,,,,,,,,,,,,,,,,,,,,,,,,,,,,,,,,,,,,,,,,6-2,6-3,,"6-2,6-3",905,2025,,,,,,2,2025-08-18,,,,,,,,,,,,,,,,,,,,,,,,,,,,,,,,,,,,,,,,,,"6-2,6-3",,,,,,,,,,,
905,2025,US OPEN,Grand Slam,2025-08-24,2025-09-07,Hard,NEW YORK,"NY, UNITED STATES",128.0,41592800.0,USD,RS63017993,2025-08-18,,Dalma Galfi,Akasha Urhobo,HUN,USA,4.0,,6-2,6-4,,,321106,881847,US OPEN,"US Open - New York, NY, USA",2025.0,,321106,881847,321106,881847,Dalma Galfi,Akasha Urhobo,,,Dalma Galfi,Akasha Urhobo,HUN,USA,4,,321106,881847,,,,,,,,,,,,,,,,,,,,,,,,,,,,,,,,,,,,,,,,,,,,,,,,,,,,,,,,,,,,,,,,,,,,,,,,,,,6-2,6-4,,"6-2,6-4",905,2025,,,,,,2,2025-08-18,,,,,,,,,,,,,,,,,,,,,,,,,,,,,,,,,,,,,,,,,,"6-2,6-4",,,,,,,,,,,
905,2025,US OPEN,Grand Slam,2025-08-24,2025-09-07,Hard,NEW YORK,"NY, UNITED STATES",128.0,41592800.0,USD,RS63018003,2025-08-18,,Arantxa Rus,Carlota Martinez Cirez,NLD,ESP,18.0,,6-4,6-2,,,313349,299270,US OPEN,"US Open - New York, NY, USA",2025.0,,299270,313349,299270,313349,Arantxa Rus,Carlota Martinez Cirez,,,Carlota Martinez Cirez,Arantxa Rus,ESP,NLD,,18,313349,299270,,,,,,,,,,,,,,,,,,,,,,,,,,,,,,,,,,,,,,,,,,,,,,,,,,,,,,,,,,,,,,,,,,,,,,,,,,,4-6,2-6,,"4-6,2-6",905,2025,,,,,,2,2025-08-18,,,,,,,,,,,,,,,,,,,,,,,,,,,,,,,,,,,,,,,,,,"4-6,2-6",,,,,,,,,,,
905,2025,US OPEN,Grand Slam,2025-08-24,2025-09-07,Hard,NEW YORK,"NY, UNITED STATES",128.0,41592800.0,USD,RS63018005,2025-08-18,,Jodie Burrage,Patricia Maria Tig,GBR,ROU,,,6-4,6-0,,,323802,317171,US OPEN,"US Open - New York, NY, USA",2025.0,,323802,317171,323802,317171,Jodie Burrage,Patricia Maria Tig,,,Jodie Burrage,Patricia Maria Tig,GBR,ROU,,,323802,317171,,,,,,,,,,,,,,,,,,,,,,,,,,,,,,,,,,,,,,,,,,,,,,,,,,,,,,,,,,,,,,,,,,,,,,,,,,,6-4,6-0,,"6-4,6-0",905,2025,,,,,,2,2025-08-18,,,,,,,,,,,,,,,,,,,,,,,,,,,,,,,,,,,,,,,,,,"6-4,6-0",,,,,,,,,,,
905,2025,US OPEN,Grand Slam,2025-08-24,2025-09-07,Hard,NEW YORK,"NY, UNITED STATES",128.0,41592800.0,USD,RS63018007,2025-08-18,,Tatiana Prozorova,Martina Trevisan,,ITA,,,6-3,6-3,,,330723,316266,US OPEN,"US Open - New York, NY, USA",2025.0,,330723,316266,330723,316266,Tatiana Prozorova,Martina Trevisan,,,Tatiana Prozorova,Martina Trevisan,,ITA,,,330723,316266,,,,,,,,,,,,,,,,,,,,,,,,,,,,,,,,,,,,,,,,,,,,,,,,,,,,,,,,,,,,,,,,,,,,,,,,,,,6-3,6-3,,"6-3,6-3",905,2025,,,,,,2,2025-08-18,,,,,,,,,,,,,,,,,,,,,,,,,,,,,,,,,,,,,,,,,,"6-3,6-3",,,,,,,,,,,
905,2025,US OPEN,Grand Slam,2025-08-24,2025-09-07,Hard,NEW YORK,"NY, UNITED STATES",128.0,41592800.0,USD,RS63018009,2025-08-18,,Tereza Valentova,Mona Barthel,CZE,DEU,2.0,,6-2,6-4,,,330808,315365,US OPEN,"US Open - New York, NY, USA",2025.0,,330808,315365,330808,315365,Tereza Valentova,Mona Barthel,,,Tereza Valentova,Mona Barthel,CZE,DEU,2,,330808,315365,,,,,,,,,,,,,,,,,,,,,,,,,,,,,,,,,,,,,,,,,,,,,,,,,,,,,,,,,,,,,,,,,,,,,,,,,,,6-2,6-4,,"6-2,6-4",905,2025,,,,,,2,2025-08-18,,,,,,,,,,,,,,,,,,,,,,,,,,,,,,,,,,,,,,,,,,"6-2,6-4",,,,,,,,,,,
