Name,Description,Latitude,Longitude,heading,pitch,zoom,panoId,tags,panoDate
Point 1,,45.53269741464992,-73.62702774842631,9.764945576236473,-8.90922919992822,0.16992500144231237,CAoSF0NJSE0wb2dLRUlDQWdJREd5LXVWcmdF,Stadium,2021-12
Point 2,,-3.9912667171704377,39.733475713953275,107.41843237999132,-6.316364878164208,3.078607919252115,jOR7JcIvmZk6r3F-RiTgXQ,Africa,2024-07
Point 3,,4.791154209260884,6.981338679970307,192.62665025372092,-0.26814358787946446,2.551849289890045,C53k8e_9BkBX-pbb2rF7TQ,Africa,2020-01
Point 4,,-33.890826315919156,18.583614111579436,132.3382749116698,-2.6678341482738546,1.1381869015187245,UgMiQHjwaOnqytJ1feYI4Q,Africa,2023-09
Point 5,,-29.31760205334983,27.481483580433423,8.448685079178391,-7.214890490013971,1.1184962712936368,LqyI8TZT9TCJtJe94KX5nQ,Africa,2012-11
Point 6,,-29.550491304575495,30.288613335618617,331.7845367588589,-0.03503141906539042,1.1681339917235836,gzi1EICP3qKW0B_1Ce7EKQ,Africa,2024-11
Point 7,,-27.963297495580793,16.760897605710483,191.86215617528788,12.379824618912409,0.16992500144231237,kehM4xWz7Ca0j6z1rWzX9w,Africa,2024-01
Point 8,,-22.455064898572456,18.98097879423846,267.34573488284457,-10.10528747819221,0.16992500144231237,QalWH0Dee3OAn1_EwGwX4Q,Africa,2024-01
Point 9,,-21.173359654486617,27.52174300531423,51.79713992238401,-4.9045002478012805,1.1023542552518482,g7PMR9xGsDfxzarY0QWjKw,Africa,2012-04
Point 10,,-21.04508256454794,55.71580408926554,97.27673015853048,-1.9073471585326305,1.4248019268307952,eTD_Zv-MyNiStGgFPQSXzw,Africa,2015-08
Point 11,,-20.89067277241852,55.468079685911825,204.66508324913673,-0.45703641858570165,1.341250604521255,OcERQjE1EYTG958Ca5Jbdw,Africa,2015-08
Point 12,,-1.2991676201438684,36.8103960173908,9.02338132310276,-3.018769482247933,1.3941452942033186,QSYi1oB5ecHbsGhqdE3ipQ,Africa,2017-12
Point 13,,-1.944293489350683,30.101184892344627,194.2213101855708,-1.3428588261236314,2.761796542411591,pdAA0sfE2EgrOKOKdAoUUQ,Africa,2022-08
Point 14,,-1.5028784841343454,29.63433932743006,238.4361697537152,4.429734919114708,0.6089952112475798,EKVuQ2AB2eFFo6MlZpoC7g,Africa,2023-10
Point 15,,5.028854546085116,118.32374982158976,1.3549237507149314,1.350324438039749,1.227676984139773,axIFDFwMnLVF4phzY5aPDA,Asia;Malaysia;South-East Asia,2024-12
Point 16,,4.261131928771505,117.90182911334838,164.16325776072134,-7.878422336623927,0.7495127122785163,Sng94xRmlhGAJR11zuyFAg,Asia;Malaysia;South-East Asia,2018-09
Point 17,,6.5336978992337755,116.85669293037505,255.19254032497432,-0.0711989817080223,2.556002360798317,CrLtGOaQyotvfe2eiA8u9w,Asia;Malaysia;South-East Asia,2014-12
Point 18,,6.883771176251593,116.8551330947064,188.8754318623861,3.24965263184599,2.239682982051143,PxI3lT5624KEbsHkSyBdCA,Asia;Malaysia;South-East Asia,2024-09
Point 19,,5.984092057465413,116.0939330056198,352.0082366974019,-0.6548868137461596,1.4297970665783977,1zZNdqOxtiHLAHDXlRZOAA,Asia;Malaysia;South-East Asia,2018-06
Point 20,,5.98456611610039,116.09270062097056,8.594208240336497,-0.9230854580050902,2.0160683305656626,FkcHTiINTKfRDSrHmFzpdw,Asia;Malaysia;South-East Asia,2024-10
Point 21,,5.965983445598117,116.05866308699184,349.819650507707,-1.6986430037014628,1.5506231764736498,MnASSvjrjs7NB9739JdgEQ,Asia;Malaysia;South-East Asia,2024-10
Point 22,,5.342880295489462,116.159622095148,360.7585619541414,-4.901053142606571,1.284685310304174,cb2odpM3-Rvu8mThGpjAKQ,Asia;Malaysia;South-East Asia,2025-01
Point 23,,5.27923487078993,115.25194779900644,46.81930036274704,-5.042136543111027,1.0782419648793202,SMJ3JMI1Bt9C33O_uZyZEQ,Asia;Malaysia;South-East Asia,2025-05
Point 24,,1.545383540266049,110.3443243510122,213.35842559307952,-9.652224708118736,0.689839532096534,LUeKkmrMA4D1MVUSTv9Arg,Asia;Malaysia;South-East Asia,2019-10
Point 25,,1.5484408724689935,110.34228302061824,357.77277685384274,-3.902573479001944,1.196201825937605,-qSF2Pznu_N1zGYTWZ584g,Asia;Malaysia;South-East Asia,2024-10
Point 26,,1.5738472600140634,110.3640006397638,338.6706991840629,3.020868685415479,1.6335538570187078,5duli3dCG16rNaHSrS7M7A,Asia;Malaysia;South-East Asia,2015-11
Point 27,,2.119277648089579,111.52247387019884,178.33207097242808,-5.079572058041691,1.1156782156425271,_-H9MqV6jwhOODOShNYpJg,Asia;Malaysia;South-East Asia,2018-12
Point 28,,2.2737549232926684,111.8511158610243,240.2915788767236,-5.8594426694075565,1.1938159276316835,WSUjA9e2Epr-hivK8xud8w,Asia;Malaysia;South-East Asia,2019-04
Point 29,,3.132143914788066,113.05658252742096,30.771453554886023,0.6479061824415453,2.2482902996469383,XN0THHcxsGXlWTdUPV2sww,Asia;Malaysia;South-East Asia,2025-04
Point 30,,2.900967927109479,112.0910002531205,51.23109939374581,-0.3254610991689475,2.793861570650054,GfOeIL7JuVKN5oH8m2vWBQ,Asia;Malaysia;South-East Asia,2025-03
Point 31,,1.3646401151397862,109.29777830575873,339.09230265907405,-5.467688954729169,1.1093804752159395,6FNzraclS6Kl8nU3JOhhTA,Asia;South-East Asia;Indonesia,2023-07
Point 32,,8.774860524185774,117.83878821358988,188.29397643172967,-6.5022011578445245,1.5228187976220735,YRRW7UxKYN7g2QD9oxJAmw,Asia;South-East Asia;Philippines,2025-03
Point 33,,11.99800703129886,120.20571969912568,307.6529289004062,-1.8886595235023549,1.2534021504202035,uAK2b8NGRGp7VqbGKEyLYA,Asia;South-East Asia;Philippines,2025-01
Point 34,,12.814381980229724,120.881159536607,204.5441431182685,-3.717921095899129,2.7996275047900028,LQCGZPWpxEryhdA7QbMTjw,Asia;South-East Asia;Philippines,2016-05
Point 35,,12.847637756991194,120.77979211734042,256.69147910007405,-2.7887223185591097,1.232873290449158,qjI2fgBY7Nu7vFCAxznasQ,Asia;South-East Asia;Philippines,2025-11
Point 36,,13.2227008184918,120.6064995983366,177.57013089358276,-1.6776782541848547,0.16992500144231237,nAMm_HuK9jKuSlBk5K32iA,Asia;South-East Asia;Philippines,2023-07
Point 37,,12.862920951842112,121.45652522935156,57.40695283403303,-2.5949452962459674,3.095118205232283,eL1WTkkgmhR2R25w9KpEgg,Asia;South-East Asia;Philippines,2025-10
Point 38,,12.567625360906,122.13280457672622,355.49057390691155,-3.986277621460772,1.3005932621225758,vWKWIsDddvPIbT-0WMnryg,Philippines;South-East Asia;Asia,2025-12
Point 39,,12.303785933029731,122.59775156806998,57.21764495159226,0.4105577638205205,1.0758756951677186,jZucLLygNcJgPjh35hJB8g,Asia;South-East Asia;Philippines,2025-12
Point 40,,9.214472139970376,123.51502106829732,236.0860777057719,-6.794087560270242,1.106049830481646,waefKi_t02s3AFhjd-FVAw,Asia;South-East Asia;Philippines,2024-08
Point 41,,9.206003710305673,123.51433532042952,68.00646544362286,-0.8651776059389107,2.229424761105781,xF2QoSHr-X_msHoEQiJIwQ,Asia;South-East Asia;Philippines,2024-08
Point 42,,9.245130294815777,124.6680300603033,116.5827662933759,-0.8346825862856093,2.1220800072716317,DR8CFF6ZT2wYNsKHRDXndQ,Philippines;South-East Asia;Asia,2017-05
Point 43,,9.24870306679659,124.71643936265588,20.07883391205939,-8.007112710477827,2.514430487187582,cawCAI51qOZmzpGa9PeqkQ,Asia;South-East Asia;Philippines,2017-05
Point 44,,9.368363521488876,125.95054672022243,122.0923343422992,-5.750844433951869,1.7773837581524177,EzJugvt7NUvKHdvB2eY0OA,Asia;South-East Asia;Philippines,2024-07
Point 45,,9.334614943477112,125.97836226772526,30.08743304336259,0,0.16992500144231237,PTJZjkr6aWi_rb_xAIQlNQ,Asia;South-East Asia;Philippines,2024-07
Point 46,,9.265240402893246,125.96479495637126,185.9477307924918,-2.0337570883093576,1.0482719354851666,60FG3AUYvkKm45QrQZulnw,South-East Asia;Philippines;Asia,2024-07
Point 47,,6.930325862250336,122.02725174624992,195.6628644306348,-2.414152379765085,2.329773104484494,D8kxIxW41_SYCBgKRBC-cA,Asia;South-East Asia;Philippines,2016-02
Point 48,,6.931079102371727,122.07694896069182,309.38661217493456,1.2988367027645324,1.278778021606273,J2nQrR-mRj-8J-NMdFbtoA,Asia;South-East Asia;Philippines,2016-02
Point 49,,7.789191417072485,122.58389046126156,192.9863878429331,-0.19071364677925828,2.3851937608061977,mJlH4RTSxmsh_3aLSkbgVw,Asia;South-East Asia;Philippines,2016-02
Point 50,,8.065564082050942,122.52313680370467,100.5207728732226,2.7248028318393978,1.8292999767586096,f9jgzg73RUNQKBamGwB8-w,Philippines;South-East Asia;Asia,2022-11
Point 51,,7.976534005585417,122.66384074010776,242.2607279082025,-4.9221894330574685,2.35791090615394,9xqFa4iC3F6YOhvC-8PfWw,Asia;South-East Asia;Philippines,2025-08
Point 52,,8.004071906551568,123.48544694450318,24.681499115653736,-1.823455035753412,2.6281700881850263,i7S1-WijPnAQMpjij9lzAA,Philippines;South-East Asia;Asia,2016-03
Point 53,,17.96788582740369,102.60716642442928,115.90686907877284,-1.3482916917870824,1.721087116119647,d3iC8cjBWAEzcooreYauGQ,Laos;South-East Asia;Asia,2014-09
Point 54,,17.983565009159353,102.60270965247116,37.92742705225122,-0.8505749035979164,1.0574868253481997,bS-nqJ2Xee0uMNR5RJcyKQ,Laos;Asia;South-East Asia,2014-09
Point 55,,16.56302378853674,104.74569110773837,259.35080790972177,-2.7299801226330658,1.1954066967659722,jQLO1iVKcU2hFNpT3Hsqng,Laos;Asia;South-East Asia,2016-01
Point 56,,1.3740169449379895,103.95145016727518,264.63623737759366,3.991367909227904,0.16992500144231237,CAoSFkNJSE0wb2dLRUlDQWdJQzR3b0xmU3c.,Asia;South-East Asia;Singapore,2017-07
Point 57,,1.32414860187171,103.96293641036316,316.4411026149238,1.0816948599556326,0.16992500144231237,9vB5Edg5RKVfKpBB-rby4A,Singapore;South-East Asia;Asia,2022-09
Point 58,,1.3009083738491642,103.88508114957496,176.4901471086513,0.9072440105982764,2.6875018209166415,5oDPyztHhW6A4luil1csoQ,Singapore;South-East Asia;Asia,2013-03
Point 59,,1.305469679617628,103.87852916294294,355.2481277327685,0.33963871653187994,2.7189657427090506,G7fSHxK824PZ-b41rKVL6w,Singapore;South-East Asia;Asia,2021-08
Point 60,,1.3024533649973036,103.877962702119,156.96281920945935,4.7929237130541225,1.85546116073259,KwbhO2rfy4agz4kvc_WyZw,Singapore;South-East Asia;Asia,2024-06
Point 61,,1.2983915061778106,103.77678940141216,49.21735699719569,-3.352130129614764,2.8324769769424787,1KmQz0j0b-pXiUIVi2hSGA,Singapore;South-East Asia;Asia,2025-03
Point 62,,1.286079117706414,103.79537140335638,25.761355686866235,-1.1080055187980236,0.16992500144231237,ghpzSQqDREWoaQSMxeInkQ,Asia;South-East Asia;Singapore,2009-01
Point 63,,1.3075496140656246,103.77887461161592,214.192890560101,-2.9553353809625236,0.16992500144231237,DDg4um2JWlz49yXjA9f-Mg,Singapore;South-East Asia;Asia,2019-07
Point 64,,1.3818805897825597,103.84572653876911,184.69260190255264,-1.1411468666786249,0.16992500144231237,CAoSF0NJSE0wb2dLRUlDQWdJQzR3b0t4blFF,Singapore;South-East Asia;Asia,2017-03
Point 65,,1.1081259131396812,104.04264188067737,98.03025345559328,-86.84456636423103,0.270032350263421,CAoSF0NJSE0wb2dLRUlDQWdJRFI1dTYzb2dF,Singapore;South-East Asia;Asia,2023-04
Point 66,,1.1230500800324734,104.02786231437013,182.9274252001052,-57.693793111711926,1.4211697767778122,CAoSFkNJSE0wb2dLRUlDQWdJQ0J4TmozV1E.,Indonesia;Asia;South-East Asia,2022-12
Point 67,,1.106616922236887,103.94572617191388,281.6703777616878,-6.232968002433751,1.1053102836474604,JVhU6zNLz_MEtJtiH20Bfg,Indonesia;South-East Asia;Asia,2023-08
Point 68,,1.065904485370441,104.22031584529223,192.47935257243503,-1.1204257911794997,2.2789782850017573,6VmzaO0xHdN20ID4vCamLQ,Indonesia;South-East Asia;Asia,2019-09
Point 69,,0.8496308167733801,104.60380777139522,70.73236623698946,-3.1675698321606234,2.992030874964553,m0lVTQUeWqZvNTj6Q_p3Uw,Asia;South-East Asia;Indonesia,2023-08
Point 70,,0.9114057596261266,104.4595005017036,269.58211032571614,-1.058484912996235,1.934410205432028,hPIEJE1q3i7d2oymV0f54g,Indonesia;South-East Asia;Asia,2023-09
Point 71,,0.9130946512466876,104.47410279315422,8.039171743333,-3.0160544480576164,0.5248298257094601,Rnrk5O3lC1Y2V-4v1LUXVw,Asia;South-East Asia;Indonesia,2023-09
Point 72,,0.9175993612636194,104.4484240651535,202.488840830707,1.38982794244518,3.0946817120710617,_eA9KmyILPOqVcOtl9pxwA,Asia;South-East Asia;Indonesia,2016-03
Point 73,,6.453649248473933,100.20142768096528,186.95538331677673,0.14702932441299765,1.8573232266800344,TmjtnmPUIbR-XKXpVJQv6Q,Asia;Malaysia;South-East Asia,2025-04
Point 74,,6.449229662284651,100.28239502140543,347.12222499940054,-1.8626276437742464,1.9312891830617125,CAoSHENJQUJJaENFVXFZbXZoVlh5MDJzUEJMV2xEbnM.,Asia;Malaysia;South-East Asia,2025-06
Point 75,,27.472616234643723,89.6413367330202,269.2220067291055,7.534098449890706,0.17027117901827216,CAoSF0NJSE0wb2dLRUlDQWdJQ0VwOG1FbFFF,Asia;Bhutan,2017-03
Point 76,,49.92449775774938,82.63562336219259,157.71478293510782,-2.454612263403831,1.5707331796781852,_7pQdqp2Q36YFzwb9mBirg,Kazakhstan;Central Asia;Asia,2022-10
Point 77,,-1.2761567404383445,36.81319251873706,246.63834886996457,-3.865345622920571,2.339309686749535,_eZqbFlkz5bt-us5tq57vQ,Africa,2023-10
Point 78,,27.661348427122533,85.32929337375252,113.01856569810523,-3.8319245274426943,2.142626849276687,ZbceMozJU_fR_emvK6dJ3w,Nepal;Asia,2024-06
Point 79,,27.736416790927173,85.34619500849433,180.91666315964008,-0.297601229866558,1.1053102832067203,QsLRGSJTjKDUbUbjPGdjJQ,Nepal;Asia,2024-06
Point 80,,5.603339415713347,-0.1944197883846378,344.5017894719381,-7.594461554533865,0.17027117901827216,8EM58k-SVIBagwCEzJcjUg,Africa,2016-02
Point 81,,6.470010869538122,3.2018755289968492,188.617213638839,-1.7749553882247395,3.095118205232283,ekDdjWq4RcUF4ZdIv8WNJg,Africa,2017-04
Point 82,,6.5187595156566225,3.3730272741445804,140.24415322821105,-0.5208522224757957,2.420996026681168,VuYKaeFejk2-ZE4lnMlbHg,Africa,2019-10
Point 83,,6.51769501307673,3.3551563679648515,10.610672129591094,-5.736629604181317,1.1093804754366652,8F-9b2oaut-P1IBD2Onwbg,Africa,2019-10
Point 84,,6.67537966275623,-1.573841561850892,302.3081156106734,-13.343877734738667,1.2877976700263123,rF0JffvJ3nQFXBcgZmVlkA,Africa,2016-04
Point 85,,7.38084348177257,3.874128119895435,122.9169023403012,-3.715548065565244,2.5536019735970004,68pmpfpfu5XhJZB9V9zWmw,Africa,2018-07
Point 86,,7.443263260354734,3.881475604727202,312.0393972093787,1.3153959683259728,2.5604616811444987,BAl7BetnVcfuEIDsmfPAvA,Africa,2018-10
Point 87,,7.36770993541044,3.873014987012398,223.9648158366784,-8.106760958418718,1.462158322144253,CZM_P2jOPOKSB5xjbp23YA,Africa,2018-07
Point 88,,7.444854447465096,3.8974539190912703,334.5491940635231,-17.449017103831252,0.7956562925856615,Nl3BeBO4HyWiwgxtqYVHaA,Africa,2018-08
Point 89,,7.448719069268767,3.902053520640552,309.58919695959867,-0.7119629750080492,1.4621386809913377,dvviPinEbpsqsqF8Pux4ag,Africa,2018-08
Point 90,,7.50073972621717,3.913222007677544,256.9267779224607,1.5330291604611688,3.095118205232283,w4aGjta97Eb99dg0sjnxOQ,Africa,2024-03
Point 91,,8.476627458245064,4.669125835906815,305.1688002389785,-5.2327304079817765,1.4417063913530337,8UShsfc8tMCm2UH1DUTOuQ,Africa,2020-04
Point 92,,9.407920962296975,-0.8368282261021643,61.11151010094571,-3.806790559721207,3.095118205232283,Xn9-eTmPddbOcyIoBu15tw,Africa,2016-04
Point 93,,9.028991701939262,7.446249417889785,247.76160182377075,-3.5309369866699,0.16992500144231237,JCGxwV8S-qSArAskaYw8KA,Africa,2018-11
Point 94,,4.900052371716277,6.918345415232175,146.75771016149673,6.998616544452233,1.1116398748567229,IuC7FXGxFLVJ_p8GfgvqMg,Africa,2020-02
Point 95,,4.760293916993823,7.030443718291496,5.371987122871323,1.136956851759777,0.4363157984842334,NqkxYlj8M23WALX2Pg664A,Africa,2024-06
Point 96,,4.789456225718221,7.0129739841532395,309.2385974850549,-5.568036125852728,1.2254535737486654,hRg40_jD7lOMSmMyiOyKzQ,Africa,2024-06
Point 97,,5.020615108227274,7.943484245573419,225.86925893421483,-2.378086315877411,2.5726626002867485,CnCAgjkd4Zt27yXRjLoKHA,Africa,2020-02
Point 98,,28.108874078109245,-15.42825028131693,170.32700743588262,-19.526010309555343,0.16992500144231237,CAoSFkNJSE0wb2dLRUlDQWdJQ0V6X1RrWFE.,Africa,2018-04
Point 99,,28.49643109492179,-16.25575752506997,66.33603788697296,1.8609152775499496,2.5685716551006954,M0pRQCtE6fRD5NYVCvzBjg,Africa,2009-04
Point 100,,28.64596332977244,-17.88398251056605,345.93546971255347,-3.3761880174439227,0.3137559396917954,IcIRWoNBrw3o7YerOddIYA,Africa,2025-04
Point 101,,28.484980917335495,-16.26148981409018,80.09805311927131,-8.073159334985519,1.1413933107115075,1viYgG68IkdFOXd4b8WSUg,Africa,2024-07
Point 102,,28.409043297763116,-16.539756815118878,357.9542334224062,-8.400305567857814,1.3566667853452414,SNPyQEGFwr2lMgSP4-9haQ,Africa,2014-07
Point 103,,32.645171532425294,-16.92757524465453,93.42640070170296,-6.8071301293428945,1.2302736723030767,pjDZOfsZtlzfNfjwuyzXXg,Africa,2021-07
Point 104,,32.69181681816538,-17.048169707393217,161.2985958116793,-11.259201907747794,2.7177682520136166,Cc7jftWzZ2fPr-EfwxWHFg,Africa,2021-07
Point 105,,28.11904627657,-15.43371239781782,45.79583105121268,9.427999937328678,1.1658859967673894,hb8KDZQTXBMzMQLIx_rPdw,Africa,2011-02
Point 106,,27.74917373376084,-15.574851263560614,304.81048851175467,-0.2085708119616072,1.1053102835923676,o7adQ6eKp4q6j2XGFdEJxg,Africa,2016-10
Point 107,,28.02249859467047,-15.407911455419006,207.74902865681275,2.9480281139908016,0.9824829060937706,fS07NKYQbj5QlaeVba-1PQ,Africa,2012-08
Point 108,,28.036694762628724,-15.473663737754476,323.08569211613803,-5.816894115205201,3.095118205232283,leFpy6yi5B8G0ffvMtne5g,Africa,2009-05
Point 109,,28.073849247421037,-16.6918675719835,194.2524134841712,-7.731363147102442,1.7136164632612751,mkWGPsg4yBCDBkTANKNMFw,Africa,2009-02
Point 110,,27.77578302750065,-15.541691457589089,147.73588396834072,-5.660516190886895,1.2658090430394229,-vpAGx6la0JZ4fnlGscUuw,Africa,2012-09
Point 111,,28.089888079762048,-17.337773485057294,176.46452490374563,-0.7535121272819367,2.061461858400362,2Sdi-MuZmBSso9qlMpMlBQ,Africa,2025-05
Point 112,,28.092638680878625,-15.443145361112236,110.2135709113268,0.13779504910424123,2.7900463597693337,jL7NjHuZL1Stf0pdrKI3Xw,Africa,2022-11
Point 113,,28.0974072021818,-15.45030762612148,183.3310585136668,-6.725975591938024,0.16992500144231237,CAoSF0NJSE0wb2dLRUlDQWdJQ0VqZm5Ea3dF,Africa,2019-01
Point 114,,4.877140558493232,-1.7603084834731857,176.79644173731825,-6.683035793379503,2.586162536119949,lAyJNq7DRfARY95-zCiadQ,Africa,2016-03
Point 115,,4.880818614900163,-1.7568116478417586,161.80919549015934,-2.7826729142379776,2.7755680454626543,1EcXMk8BY6YY1jf_cll2Dg,Africa,2016-03
Point 116,,10.059493347174085,-2.4956834010872546,147.58216820152512,-0.3818701797340794,3.095118205232283,vNk-iAj1bnKOX0J8riDldA,Africa,2016-05
Point 117,,14.662450188599578,-17.44182896326863,310.567241162272,-4.073124684769397,1.108615949566913,h7vmNoTzO8_lqUqr0DFRpw,Africa,2015-07
Point 118,,16.034422259686576,-16.504743870871867,1.4202536560708587,-6.224167112879741,0.9806826450011258,xn3X-aTKo0jINgEKHizWcw,Africa,2015-11
Point 119,,14.686803523730193,-17.467857925325635,301.05883484714934,-4.405282021765046,2.588950109763738,mdSyVyc4wyZo2Gkg86CI0Q,Africa,2022-05
Point 120,,25.018669257924564,121.53447949977912,86.31033564007811,13.241381767660997,0.16992500144231237,LAx4VNZHiwwEu8cB2RYMxA,Asia,2016-10
Point 121,,25.050999840650373,121.55096324544132,102.63538094845627,10.510730173816938,0.16992500144231237,ovXqSJyVKXkbXDHj0HJrKQ,Asia,2024-10
Point 122,,25.113866725122573,121.53594949102563,179.6198156117443,-1.5149625041861867,2.03528194784428,OxOF4LROud_d_7-lI3H2rg,Asia,2025-04
Point 123,,25.076471355104868,121.5530873380429,32.329266845157385,3.446611741300032,1.6655905920945306,3Rek-1Q7flEaqYOYeEnWYQ,Asia,2018-05
Point 124,,25.06237971511998,121.57232980299445,0.001,0,0,Iy7OGLEwpBs15XTblVaEoQ,Asia,2015-04
Point 125,,25.063153813279236,121.57102191597497,163.03267674511957,0.09565475575692516,1.063107759166104,xlwSys_u5B8oxyus_6pvaA,Asia,2019-10
Point 126,,25.06596099232146,121.59568775017526,0.001,0,0,Bh95gaCYVqDnh-lPPIeQ7A,Asia,2025-04
Point 127,,25.06588324730031,121.59597220622965,99.60686309517016,1.3243606081631183,0.16992500144231237,CAoSF0NJSE0wb2dLRUlDQWdJRGl6TF9jelFF,Asia,2020-11
Point 128,,9.243679062338856,124.66329813965724,232.8349620542305,-7.166423184039431,2.567261436292238,LU1vkie1jN2FFghMc_BAxQ,Asia,2025-06
Point 129,,25.02377709096519,121.51450974201045,186.45619587130497,10.295254855788556,0.16992500144231237,9ZvAnqrEKWsLMNCH0C-8FA,Asia,2018-05
Point 130,,25.07451569639546,121.53218631407984,7.194952807830357,-2.705337830425222,2.868124238072775,oevf0ctk7QlEt2IzsRJ34A,Asia,2019-09
Point 131,,25.089104980412166,121.51245220043911,337.58903351080556,0.7513881328496126,0.16992500144231237,goGTXzP4B4siWLiaDi3szw,Asia,2025-03
Point 132,,26.85988375460987,89.38709912867732,184.76673598191888,-2.1093999650648385,2.910979097144517,8DkoKg5HayKVmBX4VtMh3g,Asia,2013-06
Point 133,,47.9016589205754,106.94493595251294,27.10581289363051,-0.5465750499670321,0.16992500144231237,zi6vrcFuSU6JTpX0A5kkNg,Asia,2015-07
Point 134,,31.039903959630305,121.3590250426416,102.49008988933058,-17.45625708508085,1.3495008982084682,CAoSFkNJSE0wb2dLRUlDQWdJRGMzYzdWU1E.,Stadium;Asia,2017-10
Point 135,,22.185184264495003,113.53506288561653,234.0587529853059,-1.4125775966025458,3.095118205232283,ysVXg489vKmvzvVK8K9xzw,Asia,2008-12
Point 136,,22.185184264495003,113.53506288561653,234.325082655816,-2.5236106852591433,2.7997224920102326,ysVXg489vKmvzvVK8K9xzw,Asia,2008-12
Point 137,,23.57064547355952,119.57899495457076,207.03021343502888,-0.15801383342902398,1.6614954491405882,-jpe0VlQJ5jt0AtY5F-cNg,Asia,2019-06
Point 138,,24.439459667370937,118.3550549731466,145.3335600817133,-1.0472365916714637,0.4928945324877724,YsoR4u6lJuSLNgL6DPPXvw,Asia,2013-07
Point 139,,24.768779022546997,90.39907161038028,299.59699576722227,-2.6139640535799913,3.095118205232283,OQHa9NjE8zkqHDf6V6FotA,Asia,2022-03
Point 140,,25.01692935421509,121.49210665897198,329.06512486934287,-0.14096570065947844,0.16992500144231237,UzzSbITdHWsfHMZ_gz9aJg,Asia,2025-02
Point 141,,25.020525543067563,121.52075933961864,200.0432445449709,4.122526129947019,0.16992500144231237,MVldKcvAaGgRn2-TajsTVA,Asia,2025-02
Point 142,,25.021693603151267,121.503207707848,22.26492866426407,2.1625486810580554,0.16992500144231237,X3m3sZ9anviT-wRnE9wNKQ,Asia,2019-08
Point 143,,11.559555699718864,104.91390341236912,304.9189164893296,-1.6418050202946546,0.16992500144231237,36jl556eVYQD_0ow_XNpuA,Asia,2022-11
Point 144,,43.282443265555614,68.33929526626368,203.8764841258024,1.1459501451102625,3.095118205232283,FgOtglW4tDAb5rYy_nubBQ,Kazakhstan;Central Asia;Asia,2023-06
Point 145,,24.366248584719113,88.57159478622194,130.4360274987211,-6.455202617157539,0.16992500144231237,zXXH8ynBUoow87AT8LZt9w,Asia,2023-05
Point 146,,40.5241135384365,72.80360577173167,255.3274666308375,-11.117584739325013,0.16992500144231237,EYE80csEbO901bNVulJg6w,Central Asia;Kyrgyzstan;Asia,2015-11
Point 147,,28.21461259018072,83.95944176157654,114.9715915375822,4.18330735749862,0.8986457949317357,x6SwUTh_DAqEo9c2pibhew,Asia,2024-06
Point 148,,42.878775618206845,74.5992239409372,297.44339128571437,2.5204722702637525,0.16992500144231237,CAoSFkNJSE0wb2dLRUlDQWdJREV5cWFES2c.,Central Asia;Kyrgyzstan;Asia,2017-05
Point 149,,42.899273314180846,71.35400832225405,162.7888191366734,0.036879399526711154,3.095118205232283,ubBUScTEF4YMrzYJcliOLQ,Central Asia;Kazakhstan;Asia,2023-03
Point 150,,-6.219386583966213,106.79960972035988,353.07009863870707,-10.705456397498864,0.17027117901827216,vX_E7s7L2GKtdfqoJOQs3A,Asia,2018-03
Point 151,,-4.11064215979713,104.64135640169292,227.75652330438228,1.5460384721755958,0.16992500144231237,Y4dezN-E71fjT0maHagCOQ,Asia,2023-05
Point 152,,3.6149927175202703,98.67101812697172,351.5315428486856,-3.4135964079610233,1.0397772978316926,tQLFDhaaq70uUDtXaz8BYA,Asia,2024-04
Point 153,,5.896737049375496,118.0601241256563,140.93801182249155,0.7680250553512735,2.687835237698706,yaF5uydUApi8c4drafcACQ,Asia,2025-04
Point 154,,5.862446491488049,118.09865001149312,179.42341144795083,-4.483828038191007,0.4857779232039119,n5Em40KCOIA9YUrsYjRykg,Asia,2024-12
Point 155,,1.4532109696038535,124.82413561416551,233.51190023924053,-7.403751554971564,0.16992500144231237,SYYZ0bATkGbBlJ04TV_H3A,Asia,2025-05
Point 156,,-9.64706473386044,120.25995547611014,301.52116112985607,0.8287157349548693,1.1696176295731615,vk-rfCtf8D3SvF6Pn21EGg,Asia,2016-08
Point 157,,-7.0557374500593495,110.41854852996812,339.65133722441976,0.8917241288328341,1.0078048629667926,5Pzp1N3mb-HBu3hLvuGXrA,Asia,2025-03
Point 158,,-0.046845011043413515,109.33518047221858,185.99734788152196,-3.3124586455893876,1.398768368843614,-mz9Hn5i4xY41oqTHA7eLw,Asia,2024-03
Point 159,,-2.6746151726545984,118.88507087472723,355.90102299193813,4.577834635526088,0.9908587996758904,XvxBx3p4Qh3cToG48a2IFg,Asia,2023-10
Point 160,,6.911639774964891,79.85839898871009,148.09540411133597,-2.216099852430162,1.363793174375728,ssROQPES1-ucjPzRQ1ZOnQ,Asia;Sri Lanka,2022-02
Point 161,,6.029928932095369,80.21610119847014,234.053635894922,-6.2695030064572705,1.4338861095492128,3vSpzk_ejDJiV_egVrhR8w,Asia;Sri Lanka,2021-10
Point 162,,7.257733672995172,80.59943634624628,291.9381762578228,-8.984084682461813,1.291971114730606,c6MvR-yXGa-8uB-wY3gWTA,Asia;Sri Lanka,2015-11
Point 163,,7.287229188157853,80.64680541584563,43.760039952913296,-0.19762709167063977,2.3388432495582356,fe1o4bEqp6-239LpwkDVBg,Asia;Sri Lanka,2021-10
Point 164,,7.709486070915721,81.69797000560088,93.09553994334188,-1.570663775090793,2.589645753287406,Z-ylC48hokEC4a6c7R-8FA,Asia;Sri Lanka,2021-08
Point 165,,23.616880301621507,58.467343249369,14.33713734145191,-5.014424162492929,1.4295052851857055,Jvug649tUFhBQtGJM09tQw,Asia;Middle East,2024-02
Point 166,,24.41348928729449,54.45928730079656,8.69477197186028,8.397470962992443,0.16992500144231237,qSVcIxEuD1pAsd7t3Pdh2A,Stadium;Asia;Middle East,2015-03
Point 167,,25.123103128994707,55.3770095718504,141.4578018234111,-0.8767833509873952,2.297773502875204,Z3mNqiJ4Tk2dSAMGAsp6SQ,Asia;Middle East,2022-04
Point 168,,25.372986725406705,51.55919432169301,140.16898424532857,-1.634457800020385,0.39247501047143674,N3_W6T7b_UASMy0qy-CD0w,Asia;Middle East,2023-02
Point 169,,31.752235411780752,35.1909905941334,29.78886156327675,-4.902032150912291,3.095118205232283,H3pKONV3xoIQfwDEMA905g,Asia;Middle East,2011-10
Point 170,,32.7942244431304,34.9652447773714,235.62305249032968,-8.071488917611788,1.3565222492218778,ORREX4wCfSMoz-DSnPNkhw,Asia;Middle East,2018-12
Point 171,,32.281579277738075,34.84652423517949,230.55513392712197,7.869643690534488,0.16992500144231237,F7JEVL3kJiwx3UnjtjkecQ,Asia;Middle East,2012-01
Point 172,,29.553539741916538,34.950106594509414,60.77983382472166,-0.519581212321313,1.1694800336308022,_PceT6Fi-LUYjyxMBTuvaQ,Asia;Middle East,2012-01
Point 173,,25.710630338255378,51.52583745714131,153.19181519509664,8.60789841517692,0.5003396535081315,e4-TN8ufS8XTCIdGxuLfOw,Asia;Middle East,2023-03
Point 174,,33.898843021791,35.472937689771435,315.3018541415479,-12.645880190830027,1.26186296651714,Oluw7TVoI09AcQ6H00j9ag,Asia;Middle East,2023-04
Point 175,,34.091536979305225,35.703254068653365,343.6650213568714,-1.2906829941652092,1.1692466343376908,m3KcW3xqrumjxEOavBkp9g,Asia;Middle East,2023-07
Point 176,,33.9007790449346,35.48164916378968,245.42675621297127,-0.9240668190008136,1.5709309151494235,4U86bVvUl3QACFqH4XDLBQ,Asia;Middle East,2017-10
Point 177,,33.906844075839174,35.50817860647465,165.57389465067916,0.1552632492333288,1.1651694510145152,BRXUocAR-x1m6QNWfhU2gg,Asia;Middle East,2023-04
Point 178,,49.9251466816631,82.63573298312413,355.6732216640957,-2.813109837637242,0.5645009627816152,1isr-G7hXlNCT_VO-omEsg,Asia;Central Asia;Kazakhstan,2022-10
Point 179,,51.110854945804235,71.45538742654325,126.1490581179929,0.4494439534643675,2.5522053224703356,MXyfVhRtKmy385EOs00epw,Asia;Central Asia;Kazakhstan,2022-08
Point 180,,51.139947406577704,71.49947697035104,52.81611551760467,-2.095954601780363,2.6630227397104136,8TaeWH_x0P62uoFTxMwKFA,Asia;Central Asia;Kazakhstan,2022-08
Point 181,,49.7916457558321,73.13473611272917,333.5846248413965,-0.4529001897881244,3.095118205232283,8ZX1qOyGyvbuqltmsWpo_A,Asia;Central Asia;Kazakhstan,2022-08
Point 182,,52.29404753259481,76.93469582668111,215.39127294147497,1.3335261959637703,2.453747984434498,cb_cyQA00RqsRul8YKPy4g,Asia;Central Asia;Kazakhstan,2022-09
Point 183,,51.15183642562496,71.42091305563589,345.87372,0,0,jE7PNJH1Qh2fPzh5zYZebg,Asia;Central Asia;Kazakhstan,2022-08
Point 184,,51.17565669057978,71.35127640607509,22.53744873904732,-0.775053976215105,2.7929818952927556,nqdXbni-tohGvDKYnHt6IQ,Asia;Central Asia;Kazakhstan,2022-08
Point 185,,53.30292360940784,69.38256238744633,81.43045157657828,-1.9869201026935173,2.8146973883386854,zg8up8CxAobO2ubyuJFyww,Asia;Central Asia;Kazakhstan,2022-09
Point 186,,53.199937348466314,63.6437358399035,27.15190477106282,-3.4764399626316873,2.8068427807400873,UM6cH53wxJREKkAOIe3FDg,Asia;Central Asia;Kazakhstan,2023-07
Point 187,,53.245421915715006,63.598700476644645,136.5329824059358,-6.847126874884154,1.285792234087611,yRofAEiL-Q5k7KUwV0g_gA,Asia;Central Asia;Kazakhstan,2023-07
Point 188,,42.3297754744134,69.5838389931219,53.7013089947242,-16.202978580742965,0.4752130625394213,CAoSF0NJSE0wb2dLRUlDQWdJQzNfYnFqeVFF,Asia;Central Asia;Kazakhstan,2024-10
Point 189,,43.20026133130332,76.91174059039328,333.7470772851584,-5.259267559249224,0.16992500144231237,CAoSF0NJSE0wb2dLRUlDQWdJREVoS3ZXc2dF,Asia;Central Asia;Kazakhstan,2017-05
Point 190,,43.236328098560435,76.95544070140225,345.66808074787565,-5.753257499110944,1.269241765616525,ld7UF4DRcL0atl255bg5JQ,Asia;Central Asia;Kazakhstan,2022-11
Point 191,,43.11390666342686,131.89981058024148,193.0332004545292,0.5246132070700327,0.16992500144231237,CAoSF0NJSE0wb2dLRUlDQWdJQzZqdi1ReVFF,Asia;Russia,2013-09
Point 192,,55.14686496859712,61.408911966769054,253.7151797617052,-1.5534461058946505,1.2221224619376183,_KAZQ0rui5sZ6gs1rvDYCQ,Asia;Russia,2016-09
Point 193,,57.095927401911304,65.60162237709037,125.14038965874772,-0.22122392603554888,3.095118205232283,XLjF5PAvccaI0DRbVDF0fA,Asia;Russia,2021-06
Point 194,,55.00400032474451,73.3515975773652,286.7066878627391,-2.141024018861458,2.581331753326875,jjpL6oP4TK57V5Pp4acPOw,Asia;Russia,2021-07
Point 195,,56.452822487838,84.95612322180399,281.252612003417,-4.8356322917466485,3.001694939377569,ukcWFVB7D80p0VdgpEcQGg,Asia;Russia,2021-08
Point 196,,56.01936289084774,92.98297977610795,159.6135436041239,1.4236706026543402,2.809616203904426,_BVOIGZfhsJIPBMAQTbs4g,Asia;Russia,2021-06
Point 197,,52.27671193094929,104.27869401769438,142.9867220735665,-3.377196285096531,1.4945395848641374,jsExvAKo-BdhIz4FWnL-vw,Asia;Russia,2017-07
Point 198,,62.07750830425808,129.72881489464214,8.747922438768015,-3.2968298152974853,3.095118205232283,Ed2Kxod9s0YGx0cs4F7raA,Asia;Russia,2021-07
Point 199,,35.87911594560576,14.435414794506537,163.61449002565337,-0.8398757796208969,2.4605639545930584,cmLH-McL9nEz8zGsLjp_gA,Europe,2016-10
Point 200,,35.8769331585868,14.487237284764452,222.430368376575,-1.6732049867368204,1.3506080002715004,wYefhXgablkeKYp_lnxmzQ,Europe,2016-10
Point 201,,35.87961915115216,14.510062257196372,28.28206081529328,1.4838641705079,0.16992500144231237,sWJvZcudH774hiFB-H6cAQ,Europe,2016-11
Point 202,,35.9051324033364,14.484868981390502,130.4383082299014,-7.0290750664909325,2.664273084275612,dovb-aFsCH2Np0rolxHWAA,Europe,2016-09
Point 203,,54.677249241905216,25.165053598335312,352.49966373163767,-3.0193025350029075,1.4375241142604438,fpKmiOlIvd_ImVWtaceZdw,Europe,2023-03
Point 204,,51.435314234608775,-0.21487390366714415,67.8154817262037,12.929188666845008,0.16992500144231237,CAoSFkNJSE0wb2dLRUlDQWdJRHFpOW5EZkE.,Stadium;Europe,2015-07
Point 205,,54.70858525374205,20.55994667423615,17.271733640555016,2.1460188741103536,0.16992500144231237,CAoSF0NJSE0wb2dLRUlDQWdJQ0doTmlPX1FF,Europe,2021-10
Point 206,,54.724587326298746,20.487297134807577,172.46621000008227,4.6705987210813475,0.16992500144231237,CAoSF0NJSE0wb2dLRUlDQWdJRHEtLWFIMEFF,Europe,2021-07
Point 207,,55.051593079317335,24.372777951386627,332.0651555640941,0.05621356745906781,1.265055166058876,MDKobAIFVWgoh4GZZyqGiA,Europe,2024-05
Point 208,,55.916356186572976,21.054100366413895,14.861279369677952,-2.9396280394721543,1.100139494195821,j2p9ToIgX61HBXiWLTC2hw,Europe,2012-06
Point 209,,56.896553536667646,24.031493504306184,113.95379804412116,-0.1206829153765625,2.6731606629822684,CRMiVmpOVvIgj0pB3xRArA,Europe,2021-06
Point 210,,56.49047616751408,20.999892053297145,174.18879744178278,-2.35247154193533,1.3487631474390145,rd85O8qXCPseC10bOct79g,Europe,2024-05
Point 211,,56.95682549776672,24.101314950756116,209.55379676775885,-3.2877089442506247,1.183758182243127,VTblzXv431HpTAjMqOMYGw,Europe,2025-05
Point 212,,58.36137794848933,25.60404171787792,168.84317128121364,-1.9514018958913084,1.540265635767137,cFMlLkN49Aa71UVqsyD9EA,Europe,2023-08
Point 213,,58.37311550691296,24.52624564431238,287.08265681014075,-3.2893652215523588,1.3578886113586548,XV4h7LO-8ds-_wFmxagYhg,Europe,2012-05
Point 214,,59.38326056497181,24.677731972011532,214.37303423658568,-3.4293884731845594,2.000923322008145,x1Z1xcaP6IFBrZWxszS1vg,Europe,2014-07
Point 215,,64.07477491510338,-21.96091830820391,253.3366253804961,-8.757131125808272,2.308582259004993,89lP_YC6ITcWJaAVGj8X1Q,Europe,2024-07
Point 216,,43.751617213751615,7.440789179959815,19.292696821211297,-0.8161072705679118,0.16992500144231237,CAoSF0NJSE0wb2dLRUlDQWdJRGM3YjJsc1FF,Stadium;Europe,2015-04
Point 217,,42.55464128007329,8.771768398439683,278.90088604592165,4.002849371550482,0.43439855838767416,XI4-2vhtvhWIDRCCip46dA,Europe,2012-09
Point 218,,46.4170238366973,30.762401517801404,317.6391256264345,-3.9238905706538674,1.2180575949141308,qabUr6b7D_7lSjQeVjfunA,Europe,2011-11
Point 219,,47.060268606514455,28.858431475873928,124.70933498751174,2.4794182964950693,0.16992500144231237,CAoSFkNJSE0wb2dLRUlDQWdJQzQ1dHk5SVE.,Europe,2016-04
Point 220,,47.20720596387377,-1.6584693435799598,195.3550263269971,-7.65481946085346,0.16992500144231237,ZjBrDuTFgEXEpxNb0ArXhQ,Europe,2020-10
Point 221,,47.21319461128139,-1.599973074091237,185.71480614384544,1.9962002454540768,2.5648981805273285,VdjImqyfDarqyFP8EAfZeg,Europe,2014-06
Point 222,,35.920456380753194,14.374597767168956,325.4270170240533,-2.9980712489985706,2.6407788076498084,mnlNaWT1zBIYtGY2byeDUg,Europe,2016-11
Point 223,,35.92167439183944,14.479972012516878,30.346675059520305,-5.177325024543833,1.3598562308477944,SOpHEf6Dr_X-gplMle5BuA,Europe,2022-07
Point 224,,35.924974781179515,14.4819300698706,173.05003993351997,-1.5959349424930878,2.4055507052876655,1Kip3SKEmgevlZXWQe1ohg,Europe,2016-11
Point 225,,37.76332883022738,-25.659284317837265,266.76034198087905,4.623589459986135,0.16992500144231237,XhcZ8_H5rXvd2KB79V6xEA,Europe,2021-07
Point 226,,36.05251391672193,14.2087976313446,347.36487983307615,-2.9633729817648913,0.16992500144231237,uYQQbVHX6lHxxp4DaCU55g,Europe,2022-08
Point 227,,38.65718278974981,-27.230627752249504,238.5174737661836,-20.298730468928568,1.4680567662776711,AWVrjGiyJKSZP0hjhLp6GA,Europe,2010-08
Point 228,,40.369056709539215,-3.6846700319581847,294.74523357504455,8.857300464919916,0.16992500144231237,CAoSF0NJSE0wb2dLRUlDQWdJREV1Y2JhNUFF,Stadium;Europe,2016-05
Point 229,,41.928469004460666,12.4561461610087,159.9619476810744,-18.120256017468364,1.2403170187016472,CAoSFkNJSE0wb2dLRUlDQWdJQ2E1cnVLU3c.,Stadium;Europe,2021-07
Point 230,,50.58905425352727,36.606904105976774,171.02360265332302,-5.003139507621256,2.8512960932237013,0ya1j279ufe14I3vqDE5fg,Europe;Russia,2019-08
Point 231,,51.677097035709544,39.16970451089729,341.67647727950475,2.1362376677293895,0.16992500144231237,CAoSFkNJSE0wb2dLRUlDQWdJRG15OHZ2UHc.,Europe;Russia,2022-02
Point 232,,53.26410963774183,34.36574361310667,159.2714480043401,-9.179483764116569,1.0886718323172646,Ph-dQEggmKf6ipjErGD30g,Europe;Russia,2021-04
Point 233,,51.72765432981123,39.16728804313497,116.21169798371982,-5.003878726621778,2.8838400962292803,wL31hzmrXLP5LiXYFfGCwA,Europe;Russia,2017-08
Point 234,,51.73890210491634,36.250834038055366,69.09954445962589,-2.617663882614906,1.359225199834627,NzWKknw_ZxzmshtLXJlL6w,Europe;Russia,2021-04
Point 235,,54.02771574659343,38.3125377650995,319.52161237649494,-2.8552814742230197,1.934151243701745,1ANZcueGkR4T6OwWWSJapQ,Europe;Russia,2021-04
Point 236,,54.17066333369013,37.60635630320675,319.3884539138441,-2.641369468313499,1.5214964673095352,msQDvJ-pLB7yNQcH3OKUtA,Europe;Russia,2015-06
Point 237,,54.5076139293776,36.2458318777138,325.7834783152239,-4.778711531020221,1.3244319349909677,KFwjnfSlMvlS1bSSFUe06A,Europe;Russia,2019-06
Point 238,,54.79101691629099,31.896536831297887,276.8213111580424,-2.7446304643665655,0.16992500144231237,CAoSFkNJSE0wb2dLRUlDQWdJQzRsNzZUYXc.,Europe;Russia,2019-05
Point 239,,55.539581204832515,37.185628440793685,282.6231248627076,7.4476108441986355,0.16992500144231237,CAoSF0NJSE0wb2dLRUlDQWdJRHlrNW42cHdF,Europe;Russia,2020-09
Point 240,,55.87413637521785,37.65454154585048,106.59148942516347,-1.3420304607583518,2.6627297085407298,CAoSF0NJSE0wb2dLRUlDQWdJQ0UzZVBLMGdF,Europe;Russia,2017-06
Point 241,,55.66957881139036,37.91923247846817,42.698801400518825,-2.185246815386094,2.9399638837935163,-iI-V-5FRPEiu0sVI0SXiA,Europe;Russia,2021-05
Point 242,,55.653505540101214,37.92982197914428,9.709890343289072,2.6610610055744957,1.3758578921175155,w8ZrCT6ts5I_lxIQIDSXwQ,Europe;Russia,2019-05
Point 243,,55.84535843902924,37.47337486617845,293.364999929874,-46.50984070631087,1.3036117773006928,CAoSF0NJSE0wb2dLRUlDQWdJRDZzTmFFZ2dF,Europe;Russia,2021-09
Point 244,,55.69982596465771,37.53951278543767,320.4147152131668,-2.8193985896716356,1.3155721024585925,CAoSFkNJSE0wb2dLRUlDQWdJQ2s0TTI5S2c.,Europe;Russia,2017-09
Point 245,,56.8462886602587,35.88348256165941,40.28071198328449,-3.0313288961485796,2.6470881458467415,xIqSqIfriFkB5perYOP_oA,Europe;Russia,2019-05
Point 246,,58.52347016591224,31.27831248342687,158.65480072991917,-6.705401500642722,1.0497189947581376,8IUeKF1Qr1FJhXnUHPo3rw,Europe;Russia,2012-05
Point 247,,59.93455322915749,30.50031041485604,34.753685996998676,-49.36879898887381,2.7112539733454857,CAoSFkNJSE0wb2dLRUlDQWdJREV6SzZ5U0E.,Europe;Russia,2017-10
Point 248,,51.673746977092165,39.23860956317973,238.57688987968837,-2.5557487761596036,0.16992500144231237,41Ri0WF4l9UKu502fhFMJw,Europe;Russia,2021-04
Point 249,,52.58964810118699,39.62206329026283,83.31791255375572,-1.2363232282836094,2.81887781892297,dufw5-IP4YMZCiNchecnhw,Europe;Russia,2016-09
Point 250,,51.53035937765251,46.007965758883,285.91178013580037,4.818993674545368,1.494362614733662,0ArORsE4H7YgBbvrtdQijQ,Europe;Russia,2012-07
Point 251,,53.14653711344401,45.03570312650707,100.83204918149096,-2.6236825672592943,3.0735732936600773,lyv2Dse3iSbOF7D98X6lpg,Europe;Russia,2019-08
Point 252,,53.17484723343857,45.095720360482154,2.34797661007462,-1.070683592055616,2.3952994467392887,IdbJ2nhaqSbE60CNHa723A,Europe;Russia,2021-04
Point 253,,53.49892433037813,49.418850479906816,122.2657095217898,0.6488464353448791,2.6182972249456977,CAoSF0NJSE0wb2dLRUlDQWdJRHE4NUhjX2dF,Europe;Russia,2012-10
Point 254,,53.511590710501245,49.3073246024065,56.63213440030311,-5.464157903555204,1.0107177747106115,XCx0EzA8JO7m3NcFBYFr-g,Europe;Russia,2016-10
Point 255,,54.158845651289674,45.15718722780636,94.01208789509644,-0.5237698961322508,0.8939465700777898,X2jngZ-naaJZGKllvPkJag,Europe;Russia,2019-07
Point 256,,54.17445701334928,45.1745358165736,273.2800455170754,-6.1443933544505,1.062649750845135,MGQ49dmkYjI48v9BxnGkkA,Europe;Russia,2017-07
Point 257,,54.30408628822096,48.365544694000526,294.0754931247186,2.5725037999232683,2.0416552254701275,CAoSFkNJSE0wb2dLRUlDQWdJQzY5dG5XWVE.,Europe;Russia,2013-05
Point 258,,54.6036341192629,39.79245816099825,263.93535781138513,2.0106786360732087,3.095118205232283,9yvsdCEGmYgmcRDm6kgyVg,Europe;Russia,2021-04
Point 259,,54.773805662492315,56.01717825612008,43.9511634322147,-4.581062629536291,1.6661242377128092,28J7elTPa75pp82fRH4z3g,Europe;Russia,2019-06
Point 260,,55.73815518308822,49.18617767415922,317.7691821051951,0.6100642911198548,3.095118205232283,H_DhL3F6N_l6s-GOO27m6A,Europe;Russia,2015-08
Point 261,,56.32705806637012,44.01101769402479,295.9295919351992,-0.12448643679330472,2.2684792245403487,6fXkMBsFBYuNygXahAHx-g,Europe;Russia,2019-06
Point 262,,55.423539076540095,43.82763888996673,95.48766740468572,1.0817126646199284,2.7731086107253615,CAoSFkNJSE0wb2dLRUlDQWdJRHFyY2VEVlE.,Europe;Russia,2016-06
Point 263,,56.999496753457606,40.96214889810626,63.09611492047318,0.5912997662905894,1.068238903305709,j-J1X0dkFVWOna1QKddDaA,Europe;Russia,2019-06
Point 264,,57.624709129965055,39.899955073034405,127.53981911228271,-4.5244450392296045,1.3017488502797985,BiHl8_bPYvDYpahCbVYVZQ,Europe;Russia,2019-05
Point 265,,57.99767471871651,56.17151964492588,217.56038800005857,-3.7009063571624807,2.3225949191637993,giWEWN9t7JpaGbj7fvyinA,Europe;Russia,2021-08
Point 266,,58.58519043321732,49.66597602355315,233.72768432061804,-4.058538258608962,2.7436643428941263,B0U6EM54LgMEbjkwajS5TA,Europe;Russia,2019-07
Point 267,,58.61032849274964,49.611068147359,339.00435902079147,-0.08797212052897407,1.4365688317963945,CAoSFkNJSE0wb2dLRUlDQWdJRGE2OVc4VkE.,Europe;Russia,2019-12
Point 268,,57.86149223542622,28.19817113381864,112.44687599272515,-3.068485411797411,2.5175740251771987,zZ7xMKZbCpDeuON76aNDtw,Europe;Russia,2019-05
Point 269,,60.040858472750145,30.309218134320083,192.81689781601233,-2.7717517826373665,1.185625032016746,v-R8Xvu2GEnZP9pnhtpLtA,Europe;Russia,2021-06
Point 270,,60.70261772177727,28.753970076943514,80.92505388591196,-3.4788231787157144,2.41393325590136,Y_DqC7BwBTIKuaYIO-VaTA,Europe;Russia,2017-09
Point 271,,45.1370989899176,38.999832237089294,134.6109293079989,-2.826797527113456,2.7354087426539353,jwiBZuaPecw2k6WiK35Raw,Europe;Russia,2019-09
Point 272,,46.30693218453521,47.9872380303459,253.67133754858511,-1.013684089697989,2.6204518098571774,VMP_T1KgjoK8HX6KF1R00w,Europe;Russia,2021-02
Point 273,,47.27159406210461,39.729743808086646,167.89539337565895,-3.5249347335280987,0.16992500144231237,CAoSFkNJSE0wb2dLRUlDQWdJQ0dsS0dTS2c.,Europe;Russia,2021-10
Point 274,,47.20801765539276,39.621336103981896,88.67031343280874,-1.5060878482519655,2.271446098579087,wuC3v0glUdaqZbM-PRtzxA,Europe;Russia,2021-02
Point 275,,48.7674319351412,44.57215504402016,211.9405003733037,-1.550059866523199,2.622055536800863,L72w7a_SqyJPpKOrOb8I_w,Europe;Russia,2021-04
Point 276,,48.78652568659281,44.57870693494312,112.99613096141056,-1.6119220745006828,2.3589094555170513,jq_NoMjM75s1tVUGRc4D_w,Europe;Russia,2017-08
Point 277,,44.04825330952403,43.04040267110944,0.001,0,0,rewBMVZTdzlBaKGYfC3SNQ,Europe;Russia,2019-09
Point 278,,43.48807577675436,43.6055570802102,331.1617490293429,-2.613820314231546,2.3655231201149185,gVnK7c7jzaXHTbhPi31CzQ,Europe;Russia,2021-04
Point 279,,44.72735280802844,37.76544555508266,294.29252546952404,-1.1896807005033168,3.095118205232283,WeR49fi0FXYFIQ2sRg-vcQ,Europe;Russia,2016-11
Point 280,,51.25563333151895,51.43395820058393,228.54124762698703,-1.074254140640818,3.095118205232283,oUWguWpo7G7ns9J6TaxIRw,Central Asia;Kazakhstan;Europe,2023-07
Point 281,,49.575903691217384,34.56381782529128,216.62415986523555,-6.249708515620625,0.16992500144231237,UmrVVjAPU0DPaAz2o5mV3Q,Europe;Ukraine,2015-07
Point 282,,49.5783809782142,34.589026938671694,285.9999635744604,-5.769483860276495,0.16992500144231237,q_FYdQaACzvSdK_bqOovww,Europe;Ukraine,2015-07
Point 283,,49.43692035919549,32.056914603261696,47.57756125768296,-0.5538918936273092,1.3348107124022577,CAoSFkNJSE0wb2dLRUlDQWdJRHlqY3o2SUE.,Europe;Ukraine,2020-09
Point 284,,49.104829326384426,33.40676952935817,27.334361233586645,-4.700546381896245,1.4162947495008122,futHGeQFpu4URqYIj2TdXg,Europe;Ukraine,2015-06
Point 285,,50.00231214290438,36.22847912525163,81.41452968226523,-32.14722535628078,0.16992500144231237,CAoSFkNJSE0wb2dLRUlDQWdJREUtZlc3WXc.,Europe;Ukraine,2018-12
Point 286,,50.027118985523465,36.256484061694536,224.405081128591,-0.5293723729365354,1.1658497807802024,CAoSF0NJSE0wb2dLRUlDQWdJREM1cldjN3dF,Europe;Ukraine,2020-09
Point 287,,50.0802949926523,36.23749498883664,104.50237233266884,-5.586246765638606,1.2181356588723342,6kQH225gBLUs70K0uqs03w,Europe;Ukraine,2015-06
Point 288,,50.4219217440969,30.663364013499567,329.42794044672627,-6.851757309539295,0.16992500144231237,fogZ0NoMN-4BILLnkWheyA,Europe;Ukraine,2015-05
Point 289,,50.89804140787451,34.79593705701519,278.2236161327839,-4.792310123614826,1.044296580723199,ptNbUiBvr248q9caZbrxsA,Europe;Ukraine,2015-06
Point 290,,50.61388314425619,26.259110664242293,109.64023991396972,1.5408137811232905,0.16992500144231237,cWFaJVmsfF9qAy4-FYD1Vg,Europe;Ukraine,2015-05
Point 291,,49.24369663689661,28.483482850675635,167.28020528327824,-3.5268462478582734,3.095118205232283,1z6e4JHR8MiKRVBZf1n6NQ,Europe;Ukraine,2015-05
Point 292,,48.94125373637108,24.748340376530457,34.66387636292568,-2.817502179544221,1.2236023642316178,90os0uQA4fkufkI5T98cvw,Europe;Ukraine,2015-05
Point 293,,49.2489039721984,28.458066002933027,3.320170720020655,-0.7554213499002316,0.16992500144231237,CAoSFkNJSE0wb2dLRUlDQWdJRHMzSmVPQ2c.,Europe;Ukraine,2020-02
Point 294,,49.81278702725053,24.01124025935956,73.64183711636191,-0.010658771972714476,0.16992500144231237,CAoSFkNJSE0wb2dLRUlDQWdJRE02LWZxV3c.,Europe;Ukraine,2020-01
Point 295,,49.79686493419254,24.078298837218178,179.1060953272955,-3.5844783689003066,1.3539327499560412,BUl_n4FLk_pkcNGNfdKEGg,Europe;Ukraine,2015-06
Point 296,,49.83158744737262,24.03570400420815,118.26381221937925,8.546161277307334,0.16992500144231237,EN5QEz6A9Zv7M_Nqe_IZIw,Europe;Ukraine,2015-05
Point 297,,50.44961220193883,30.453784165844212,145.1271127850199,-0.21149903790129088,1.1182202271362405,CAoSF0NJSE0wb2dLRUlDQWdJRDRnWUh3LWdF,Europe;Ukraine,2018-04
Point 298,,50.585096022489225,26.145792765137795,221.32904875109736,-29.04310526529136,0.8614118299674456,CAoSFkNJSE0wb2dLRUlDQWdJRDRfZHVYUGc.,Europe;Ukraine,2018-05
Point 299,,46.97945019239645,31.964988650476343,324.37730734876646,-5.316541523489903,0.16992500144231237,CAoSFkNJSE0wb2dLRUlDQWdJRHEzZnI0Y0E.,Europe;Ukraine,2019-06
Point 300,,47.77886099024334,35.16872939510568,342.0653412879276,0.05897052580212403,3.095118205232283,UsmE2yh_y3jxMqJxgC-HHA,Europe;Ukraine,2015-07
Point 301,,47.83103186349995,35.11583819207256,129.37421605040538,-10.90286725816648,0.16992500144231237,CAoSF0NJSE0wb2dLRUlDQWdJQ0NxSXpCaXdF,Europe;Ukraine,2020-08
Point 302,,47.905578306653474,33.33657139543019,17.590935729630168,0.2926069170956396,1.4521630318010403,Gl8-zxrk2uKAd_sE3EOCQw,Europe;Ukraine,2015-07
Point 303,,42.00626099870798,21.42256435718304,221.68771656454436,-5.467397614701682,1.319865149946589,M8MSjUQGDCkqHvj9urAExg,Europe;Balkans,2014-10
Point 304,,41.35121777435636,21.56860658806295,197.92721962656216,-3.183814609772313,2.683237495936914,ryYpJPeQHAl8lmrxqB8lnw,Europe;Balkans,2015-06
Point 305,,42.007524915409746,21.41356848888917,160.97942659640373,6.938833216408284,1.2535643146722155,erb1Teu8DZnwuIyDk-V2WA,Europe;Balkans,2014-10
Point 306,,42.01130558709799,21.40596251849304,8.612987401506636,-0.2611994694357378,1.3276820081175549,vUpegJ3HxMZ9eG7y4Rj7Yg,Europe;Balkans,2014-10
Point 307,,42.015548293495435,21.397543991475683,114.06622603409548,-6.06138625143393,2.5698815400352073,t_WCf1Q0kzwySYRz9LLR2w,Europe;Balkans,2015-06
Point 308,,42.10222138073889,19.09054447011155,20.5816038983712,6.384033861317391,1.2809906520197083,CAoSFkNJSE0wb2dLRUlDQWdJRHF4WlA4Y2c.,Europe;Balkans,2019-04
Point 309,,42.28762833135255,18.849705271215157,216.67916174835727,-2.2111178893268573,2.2480213593760663,Zr9GFWPX-ooUiMVWK_rX6w,Europe;Balkans,2016-07
Point 310,,42.44340411428951,19.25337169397869,81.48694745364239,-2.7075788363316775,1.420594417462407,gDcXdAmMGx_OtyGG8U7Srg,Europe;Balkans,2016-07
Point 311,,42.451429364046575,19.281768453148725,332.811056223464,-3.590020942862594,1.0569661791867857,gdKizVXdhBzo2Oq8hczzrg,Europe;Balkans,2016-06
Point 312,,42.41027679874938,19.19922808875956,323.2476104009626,-0.13840948765782457,1.3680173831558995,OEPDTMFmuzyD_mY2tS8MwQ,Europe;Balkans,2016-06
Point 313,,42.486726704767825,19.23176704145013,20.078594486097124,-5.561895547808817,1.3576329964943596,Cg4mXPhf8pOJM7YnYGHPmA,Europe;Balkans,2016-07
Point 314,,43.30016979808004,21.876925964732617,24.90262966289595,-10.125004713058845,0.16992500144231237,glcz7V4nsAwV0KwBLvYoXg,Europe;Balkans;Serbia,2014-07
Point 315,,43.30033754132616,21.876835717278475,0.001,0,0,kq2TnNmrpV44bSA37Bhiog,Europe;Balkans;Serbia,2014-07
Point 316,,43.32592302945801,21.899639768830472,322.46031491733316,-5.7570800148399,1.2247129121370028,hMtgQ3qbstIU4t4SfK2Qkw,Europe;Balkans;Serbia,2013-11
Point 317,,43.342916167953724,21.8739335237094,204.19213185327445,-2.962289486911189,2.4416029274544533,DwdFEFsQtVPm3JJsObbRag,Europe;Balkans;Serbia,2014-07
Point 318,,43.91821039974623,21.378616953704597,62.41504651001921,-1.572947121008866,2.087641002455623,TB6ZWEyP9ueItFawzEyp8g,Europe;Balkans;Serbia,2014-09
Point 319,,43.31322144162292,21.90721720042802,188.56860655890773,-3.279984524300275,1.1830237760951454,KFXh0MdYGA-GTLR0KsMVJA,Europe;Balkans;Serbia,2014-07
Point 320,,43.15238288368881,22.59658715735149,164.2077380903836,-2.879974616413591,0.16992500144231237,OxQRLM20NFwsNcWVZVkMNg,Europe;Balkans;Serbia,2014-08
Point 321,,43.32657011590084,21.901325884676467,315.44974595385736,-4.296883257601394,1.1711021849955263,BraCXpptDOOljn8kBBblNA,Europe;Balkans;Serbia,2014-07
Point 322,,45.2548631586726,19.76761297664767,199.72479998759687,1.773553969697062,0.16992500144231237,Iu-49breIPWlfvLGgPGWQw,Europe;Balkans;Serbia,2014-09
Point 323,,45.229249688429846,19.777192705295548,1.771442642298041,-0.6776437128003323,1.170359792841151,YlkolcInXDfMjfag4Bic_Q,Europe;Balkans;Serbia,2014-07
Point 324,,45.23030772890591,19.781814814565287,224.29548189341153,-3.774368947145731,1.1737023664648456,W2IU3qwYMjVjdu6DTCE0yw,Europe;Balkans;Serbia,2014-07
Point 325,,45.24926849520739,19.795298371758772,338.8952023114349,-28.38185327038049,0.16992500144231237,CAoSFkNJSE0wb2dLRUlDQWdJRC1vYTZxWmc.,Europe;Balkans;Serbia,2022-12
Point 326,,45.229461499686415,19.800899073405517,335.0431665150652,-8.691414968537472,2.501393493266166,zUrITpfUy38L_DSW1oLqow,Europe;Balkans;Serbia,2014-07
Point 327,,45.6155493347823,19.52846335376226,136.75788109167294,-2.7946706833886736,2.209292788971438,ZD8mS8vWk4nCViYKw67lRA,Europe;Balkans;Serbia,2014-10
Point 328,,45.255191550261145,19.806130127919875,22.747985232883863,-5.383805692599921,1.0982032970623434,ColG9In2HTo7BSL5CHoI7Q,Europe;Balkans;Serbia,2014-07
Point 329,,45.22984675852995,19.806271388346016,359.6270746463396,-1.9237945025463008,1.1711021849955263,y0w-3uC7MUTVU6pQw3C4XA,Europe;Balkans;Serbia,2014-07
Point 330,,45.23507511493613,19.821537362993947,249.21847299458244,-3.793755355398318,1.1707309602770244,ZaPj7LLBkA9x-w1mkkfmWw,Europe;Balkans;Serbia,2014-07
Point 331,,45.24007980419815,19.82808757310824,144.9815254457273,-7.464039808527531,1.2377078160756836,8d32WUB_3TvlMmDfDr9tng,Europe;Balkans;Serbia,2014-07
Point 332,,45.38069470302479,20.384620211139268,29.98835741353533,-6.8673829647549525,1.1644288851162925,V869LqXtbLMDVgNm7dPPOg,Europe;Balkans;Serbia,2014-09
Point 333,,44.79088864101817,20.40863436473735,247.7325629147248,-7.1784993138859505,1.1984499163771305,QcX6FVWrQWe2Cp3dyKk38Q,Europe;Balkans;Serbia,2015-06
Point 334,,44.76691852860699,20.427105041853984,260.1678046248293,-10.599276750351365,1.2902336864902295,4bhifqfpY_oiEAQfnFJMjg,Europe;Balkans;Serbia,2015-06
Point 335,,44.787743559633945,20.462552118424487,19.78825290092998,-1.4159726401659185,2.5278764960238655,P9HS11zHNF5zAGSgYN2kqQ,Europe;Balkans;Serbia,2013-11
Point 336,,44.82242393624886,20.523314393260755,93.64116660089152,-2.551011126825429,1.089959220110035,6E8D86yNIMhxkWuUQP6YOg,Europe;Balkans;Serbia,2014-10
Point 337,,44.31150575898378,20.546269254558005,289.54206881590164,-4.748647330566172,1.1439449335723508,NjTpZ0ZeWLjIJLBY5QcVQw,Europe;Balkans;Serbia,2014-10
Point 338,,44.5215194088441,20.568599192232774,180.60698154841484,-7.218578206365606,1.1093804754366652,PEqLNJEmngJuBEigDq5bhA,Europe;Balkans;Serbia,2015-06
Point 339,,43.72262241259705,20.685248716193,222.05951030129904,-3.897465340957808,1.3331078792831097,Af6BkDXbUH0EfJziKV3bzg,Europe;Balkans;Serbia,2014-11
Point 340,,46.1103397741066,19.650809995821625,91.614185784271,-3.4687372633638063,2.4529980052454183,5jttccPNFTF8gJyPFgVhXw,Europe;Balkans;Serbia,2014-10
Point 341,,46.1017008997532,19.75356049062819,90.3261027672277,-1.4343884434091052,2.7482554276126216,_N1AwFr8EUuOfp4KWE_Thg,Europe;Balkans;Serbia,2014-10
Point 342,,46.13305059988521,19.672891198171776,34.66160684975918,-1.1210781942237844,1.1071595572966786,yWd7fFljyQwx_xjdY4MhOA,Europe;Balkans;Serbia,2014-10
Point 343,,43.59050793540644,39.71708474372517,332.37395555065325,-0.770075223123925,3.095118205232283,lOcQnX8PiUQMS3KG6FENrw,Europe;Russia,2016-11
Point 344,,43.59241935357976,39.71835860016344,180.30457632149987,-7.406212857377355,1.153347500518085,odfnWPSgDGcw2sBAfJTqYQ,Russia;Europe,2016-11
Point 345,,43.58673922189597,39.71662834300787,40.367388171451566,-6.39738834103639,1.412110545295046,-0qNTzqrYfVz50zUdGuftA,Europe;Russia,2016-11
Point 346,,-33.7088510817904,150.31445925611143,177.3667544161979,1.1667153179256928,0.16992500144231237,7S0IlUd4GkkFoJkvqtNYTA,Australia;Oceania,2010-01
Point 347,,-32.249862377398514,148.6073326955747,15.035070599446328,-2.984145561515163,1.2515282358775877,SnIqC2Z0TNVKPjnV80hF8Q,Australia;Oceania,2022-06
Point 348,,-12.379629617596516,130.8481989729647,329.50775675201726,-1.3970585053840523,0.16992500144231237,E60wtHkAkqfSe9dkR3WScg,Australia;Oceania,2021-12
Point 349,,-23.64974553376489,146.64008495372417,0.10539678619679547,-0.3161903585903616,0.16992500144231237,w1m74IwhmC1t7YXnthRDEw,Australia;Oceania,2025-04
Point 350,,-29.64745741829163,138.06363641704434,40.30488770611025,-7.853782313002341,0.1896484954345673,2wetFJKZyoCjh-bOzI_apw,Australia;Oceania,2024-09
Point 351,,-23.70934161518486,133.8772912237034,301.9454168651149,9.866923141743795,0.16992500144231237,TSYnPkMXKbr0o7fqGWCroQ,Australia;Oceania,2015-06
Point 352,,-41.198692279299955,146.8172626338635,327.89860467840987,-6.256718995562778,0.16992500144231237,9GNPSth5euLwBimaXdOguQ,Australia;Oceania,2023-06
Point 353,,-37.82134071303444,144.98049791166932,102.37680394165352,-14.489206875745223,0.16992500144231237,H9wGDmUgKr3V8uQLaJR6Og,Australia;Oceania,2014-09
Point 354,,-40.21298605812691,148.24161997389555,69.11942291924929,1.936962904549844,0.16992500144231237,4svSUJ1Qj-2wd2UxhIg1Mw,Australia;Oceania,2024-04
Point 355,,-37.82379432715746,144.98469650941934,89.51541477104485,-3.886290561062694,0.16992500144231237,V77U69CYMZI7wBE2GrL_zQ,Australia;Oceania,2014-09
Point 356,,-27.916867001667477,120.69761746884214,308.89497476404694,0.3410702696692596,1.0825229784017012,R9Hi4UoiUmvt5qCPLRoa8w,Australia;Oceania,2024-07
Point 357,,-24.878734056505056,113.65856831815258,5.816268113907035,-0.3887749582418536,1.4945395848641374,0M7umuhf8W0LS-3PJCgW7g,Australia;Oceania,2023-11
Point 358,,-45.19141070533131,169.32240665645986,243.056611943284,-3.456810849105395,0.22260409433951123,MICfoaX9tY_CS2x8YLaUag,Oceania;New Zealand,2013-01
Point 359,,-45.03749109953626,168.65937787113424,122.3314632364942,1.2295355013399956,0.16992500144231237,dcZ6S8d_NoCR0ArLkbfxPQ,Oceania;New Zealand,2016-04
Point 360,,-43.70961458165748,173.04238913532234,350.53059365068236,-0.5202722771191333,0.16992500144231237,yEiHquIGDW816WcVVUfqhA,Oceania;New Zealand,2025-04
Point 361,,-37.15322320181864,175.8790443389565,65.2916066826596,-6.603540475456086,1.5395320354940067,0TajXcj2xbl01SWLMrhVCA,Oceania;New Zealand,2024-07
Point 362,,-35.356079532079555,173.59237475760546,174.07375352279064,-6.00376530477314,0.16992500144231237,sGjuRz7Jma5ev9t5FgUnNg,Oceania;New Zealand,2010-02
Point 363,,60.7312167340215,-135.1015281897372,291.2706964556296,-0.6756121733772886,0.16992500144231237,vJ54pfc-iyGl_phw6AYuuA,Americas,2009-07
Point 364,,39.34904801109113,-84.27679601530859,348.90340227629423,-3.388237003769902,0.16992500144231237,CAoSF0NJSE0wb2dLRUlDQWdJREVpLTJ5OEFF,Stadium;Americas,2015-05
Point 365,,33.723865466001705,-116.3057556169836,350.5286137090509,-11.053558677643975,0.7144643537410087,CAoSFkNJSE0wb2dLRUlDQWdJQzR1dnFwVEE.,Stadium;Americas,2018-03
Point 366,,25.708448488608333,-80.15937126514225,118.81716853022002,-3.926722805734173,0.16992500144231237,CAoSF0NJSE0wb2dLRUlDQWdJRGEwZnlOa2dF,Stadium;Americas,2020-10
Point 367,,-17.40035827166552,-66.02132040250461,341.7603026416155,-13.322543690766707,1.0074831927081396,1Bqtbvj-5oJOOnmZoaxKuQ,Americas,2015-06
Point 368,,12.102020036399344,-68.85762505246417,69.73046120021829,-8.094950856120093,0.981914671701792,jouf6DP_RTt5iuV1Uu7OMA,Americas,2017-11
Point 369,,17.755358370691187,-64.60943996370207,54.9218512034903,7.101405980452796,0.16992500144231237,dPXxOcMWUj2olf6R1D1-9Q,Americas,2016-09
Point 370,,41.33073576686378,19.802407235493973,266.6422678360319,4.470335487249372,0.16992500144231237,CAoSF0NJSE0wb2dLRUlDQWdJRDQ2Y0NrNWdF,Europe;Albania;Balkans,2018-07
Point 371,,41.324165230895055,19.81454177464284,172.81536979305065,-0.2466861713956661,0.1702711790182719,CAoSFkNJSE0wb2dLRUlDQWdJRDRwNHFBSEE.,Europe;Balkans;Albania,2017-06
Point 372,,53.86602000571552,27.590988441068465,283.1654668876576,-15.580599741635597,0.16992500144231237,CAoSFkNJSE0wb2dLRUlDQWdJRFNfYl92V0E.,Belarus;Europe,2021-01
Point 373,,53.86674404622883,27.588827862506125,109.9107530013996,0.852658145658296,2.4426744399274707,CAoSF0NJSE0wb2dLRUlDQWdJRDd6OHpNOVFF,Belarus;Europe,2024-08
Point 374,,53.87329300494586,27.49817905115927,229.64129479653948,-5.848787489275665,0.16992500144231237,CAoSF0NJSE0wb2dLRUlDQWdJQ3FtWW1PdndF,Belarus;Europe,2021-06
Point 375,,60.457206985167325,26.950026403197672,66.66382803103606,2.3853519521488806,0.29834610561634556,P_8xRvrCFbbacfQ7sofNew,Europe;Finland,2012-09
Point 376,,60.475685313096704,26.871264877416277,24.3276536313223,-6.788065691458513,1.103092938671208,drj2BRB6FUrVS3MWbi13rg,Europe;Finland,2023-05
Point 377,,60.571882938819385,27.194469112786415,1.882273612488767,1.3881695065433348,0.5915581468525599,ehyLPoLbcPgH8fHk-OjmSQ,Europe;Finland,2023-05
Point 378,,61.062085546980704,28.197474220959556,281.9126252787513,-5.093663256202419,2.393648762322238,JehVzHbfccj5VpvWnGjmsw,Europe;Finland,2024-04
Point 379,,60.392818662199446,25.667213379803208,336.3960069294742,-0.3974312329796561,2.212840716437245,heK3N2cvPZdsLSHjAp7zBw,Europe;Finland,2019-08
Point 380,,60.33969971177303,25.58560871359569,309.6498191349118,-2.5179886622543393,1.1149413567839717,dlilHxDlbwwGsOAPA6O4vQ,Europe;Finland,2023-05
Point 381,,60.162414507261296,24.865936084673947,317.0733192920831,-5.531090908088515,2.2066281593921016,ej3oNEBUMuM4qfDwUVxcBg,Finland;Europe,2024-08
Point 382,,60.17485347208538,24.915661679156923,334.45316492365447,-3.529377602483393,1.2325017361175057,AECF0fJNqXzsLL6GT-rfQQ,Europe;Finland,2024-08
Point 383,,60.1908340122498,24.87405526979104,137.13799337425152,-3.415533927181727,1.2070496260785075,j2TqN5PRl4thwlnZZ38vcQ,Finland;Europe,2024-08
Point 384,,60.21176783555339,24.877761208191085,285.9141534484264,-1.438436826325301,3.004561239798958,j1_mhcJ6FGC5SzbEOacKHg,Finland;Europe,2023-03
Point 385,,60.23619631393043,24.863461680488335,305.8886694444052,2.2453882773837677,1.2147214902609482,eMF6pgLnnh1559IVLVzyzQ,Finland;Europe,2023-05
Point 386,,60.18160630296181,25.013043253280586,8.045346071278718,7.621127091847725,0.43257098876376743,QLF9hLQkBVXVTDO3s8Zo6Q,Europe;Finland,2017-05
Point 387,,60.249233318352125,24.99369398943751,167.12058854301011,-0.819889476904109,1.2310161210254185,CAoSF0NJSE0wb2dLRUlDQWdJRDYzUDdfOVFF,Finland;Europe,2021-09
Point 388,,60.1718202254626,24.79980847599036,61.63649946727832,-3.652788680504912,0.9614797809550858,mPKEIdGQlmDTvVSYbeMXXA,Finland;Europe,2022-11
Point 389,,60.63966202303232,24.863640393107673,123.98064779089188,0.045681233859014014,1.1751894506702636,Xzwo2NqNsKIGhtPB6SC4ww,Europe;Finland,2025-06
Point 390,,60.99244136802628,25.510612204927973,1.424152263829891,-1.2630854311665871,0.8621266047281417,PQO6ktMeLWIdEXglBKm20A,Finland;Europe,2019-09
Point 391,,61.01003566832752,25.6575560044796,202.1199155059248,4.111287993335637,1.2462482084043174,9Y-ApYDVFY82YrxkqSMeaA,Finland;Europe,2024-08
Point 392,,60.988056149356225,25.653569677649845,273.8287863925032,-5.162423956649221,1.2191654891335264,3HpyaVlhLd6WKAUuo4XSsw,Europe;Finland,2017-06
Point 393,,60.95454251222131,24.583772075919978,104.1934983053392,2.025021241327835,1.3238329661534916,rxAG08E1b5SVhcBX7qNkmw,Finland;Europe,2023-07
Point 394,,61.02057717812082,24.44899849289,243.47379797758256,-4.314702167101345,1.0616875528584326,XMX-Hc0Y3rRIqAyd3Ob3qw,Europe;Finland,2025-06
Point 395,,61.083006389775875,24.142029045019157,210.7064547737438,1.525477621969003,1.0861572119594642,DEXYWjUkw2twWSPopdxovw,Finland;Europe,2025-06
Point 396,,60.81181805899085,23.760093155988805,294.5214365183096,1.3582857815976723,3.095118205232283,JZkm2pdbur9J0y4smPEuKQ,Finland;Europe,2025-08
Point 397,,59.82526096279038,22.98028037617165,141.88256699287604,0.7413251752282548,2.329100893729877,pdjskNydM8NTN8iwI5YyYw,Finland;Europe,2025-08
Point 398,,59.82482417519728,22.974190845510822,56.77677178018137,1.2450509296615024,2.382175622912013,ydSQEJA1RurJR2P_0xKsJA,Finland;Europe,2025-08
Point 399,,60.43072406684384,22.280123755380263,260.6619965771135,6.27850353567618,1.229010299302325,CAoSFkNJSE0wb2dLRUlDQWdJRHF4WW1wZGc.,Finland;Europe,2021-05
Point 400,,60.44117001745074,22.30309324864356,243.344854837467,0.9705269722607,2.681696587080049,BP_GAXqsjeCADyG4E4YPAg,Europe;Finland,2023-06
Point 401,,60.46399939181601,22.301024433593582,155.967944128903,2.48086846015282,1.0407164755787497,iuTCuTScn9R4_VNVZzdyyA,Finland;Europe,2009-06
Point 402,,60.467217411373866,22.19835825018033,312.1492065084279,5.94820315325353,1.5714139397481923,zRZEPB3lSSodDWX0DD1OEg,Finland;Europe,2009-06
Point 403,,60.4798130713339,22.254046768321928,199.35900173545255,-0.3672016833695011,1.0311688090819922,ATe1hHF_OxKItEHJbd4FgA,Finland;Europe,2021-09
Point 404,,60.47975999055575,22.26255335922958,64.60601758663759,2.1310994323255414,2.4138480171461687,aopzdPwzQW1rUOHU6MrJaQ,Finland;Europe,2017-06
Point 405,,60.29757742703592,22.299490999773862,154.4977545505887,3.133803518441681,1.1644288853369646,ZVEeyykgIxvbiY5MW3gVrA,Finland;Europe,2009-05
Point 406,,60.885305945467564,21.720617014577712,156.3815543482681,0.676172380172332,2.4739842535182452,cQXrX-qIKwqJ3aev_LwFHg,Europe;Finland,2009-04
Point 407,,61.47240517823065,21.76755896942943,160.01195152980773,7.103702226265199,0.8621266055803145,VJhqC0ryoYhI_ixu3doMFw,Finland;Europe,2011-08
Point 408,,61.50826540576297,21.872200503480695,0.001,0,0.16992500144231237,YLmDFbadLVb6P_bHO0Gdzw,Finland;Europe,2019-08
Point 409,,65.02574921449472,25.42294313946516,12.779247573625062,-2.5525017671060652,1.1086399521117674,CAoSFkNJSE0wb2dLRUlDQWdJRHE1ZUNhUHc.,Finland;Europe,2017-09
Point 410,,65.02031184280388,25.452439164268483,254.6356189227028,-38.23485076313148,0.16992500144231237,CAoSF0NJSE0wb2dLRUlDQWdJRENzb0gwNEFF,Finland;Europe,2020-09
Point 411,,64.67736753422801,24.4873491105133,170.5899138901767,0.8041754026175738,0.8617691976900533,rJfZ-ZlPG4REVNElS9kX9g,Finland;Europe,2025-06
Point 412,,66.50007279695068,25.74814430709171,276.8480196295984,-1.8648957361643423,2.1923806258681857,tgISEdGcmkzGTHvJErTkkw,Finland;Europe,2023-07
Point 413,,62.310003599168176,25.726592407096625,326.71385056058915,-2.740658436885667,2.351719174709109,by0_gelmlejQf5SvX6S7ZQ,Finland;Europe,2009-07
Point 414,,62.23875635960424,25.723245429428676,181.5114682327191,0.3194875890176405,1.208600394263142,bK3LlenuvYkZvY8gp67K0w,Finland;Europe,2025-08
Point 415,,62.88543629847975,27.69790115687236,300.7752935744362,-0.5055866610054807,2.7916219906732533,7vsnxQY9H7FMFGtaDnxbWg,Europe;Finland,2019-06
Point 416,,63.65922240246503,26.619563624005274,5.73136267848281,-0.04341766187309304,1.06496117799355,D_LheTZtcqC5j5R_Fv0Idw,Finland;Europe,2025-08
Point 417,,63.546088323005,27.191866136341933,270.02759826783125,3.6001868325207056,2.1584799163549997,RQ7-vAe_8-pGTux0JBx0nQ,Finland;Europe,2011-09
Point 418,,63.083643718426,21.63391142644049,240.7625892575298,-0.649099410774852,2.044218779012329,GblennTS8wyKbP9qVgY3Mw,Finland;Europe,2023-05
Point 419,,61.630037230153626,23.837552483507373,327.58029026558563,-4.261611279453916,3.095118205232283,z_L2r8b7xs8E0bac9vHjRw,Finland;Europe,2020-09
Point 420,,61.808118534684255,22.39984729922299,251.78238454805157,4.863175423332905,0.4292875382016045,poQDTHaMVw847QkGO28LWw,Finland;Europe,2011-08
Point 421,,61.45865772326517,23.511557411582764,144.17840162521142,-0.6923888316852924,1.2312318706873553,1YlZW-v5oLohVdsJBlFxxg,Finland;Europe,2009-07
Point 422,,61.47692855739234,23.534299341337395,218.97984249128316,-4.717817090611575,1.2313874347091769,pXxJvLW6PYCEl0aLrtaZXQ,Finland;Europe,2025-06
Point 423,,61.33934966341928,23.747659532117392,26.42393584855574,-1.8954209763134744,2.62403486877761,DSwKRe36V-hY2evxQGhQWw,Finland;Europe,2025-05
Point 424,,61.67740842311671,27.256987083519213,108.0266313202802,-1.710925391985498,2.3125880469785187,Md16i4WHXlhO-gQ7wKNIwA,Finland;Europe,2024-08
Point 425,,61.69592235818784,27.30172092889409,221.83935416143163,-2.7478056594577396,2.0768519566082517,CYzqpFWEwX_mmQ0SJ3v3Sg,Finland;Europe,2009-08
Point 426,,61.870977802975226,28.94713766235987,99.23008956000544,-5.121804790683129,1.1313344949341009,xhT443Egjtx6UfzNr4OAiA,Europe;Finland,2024-06
Point 427,,61.86461517168116,28.88018512551791,133.32312191017158,-6.81000597995606,0.9269163489103128,Kp9XAUw3LMdA_-iRsb0v7Q,Finland;Europe,2022-06
Point 428,,18.000802412310282,-76.74758446823739,53.93346906336239,1.481380349191653,1.278778021606273,CAoSF0NJSE0wb2dLRUlDQWdJQ2J4TV9LeFFF,Jamaica;North America;Americas;Caribbean,2018-01
Point 429,,-34.88484621765382,-56.05929791465718,64.3167035852075,1.7051228189008896,1.2667615351186394,BILgSpncm45zXax86JTsNA,South America;Uruguay;Americas,2015-10
Point 430,,-34.86221167775377,-56.06281084547562,124.02415283279984,-0.22190879852978185,2.324235209931052,VfQmhQwWxPyRklBtpIC-Vw,Uruguay;South America;Americas,2015-08
Point 431,,-34.92145349042797,-56.154230245818795,179.14517014767125,-0.5609242750156795,0.860697212470227,j6oiR3wLAILDO5YWTErOEw,Uruguay;South America;Americas,2015-07
Point 432,,-34.91349874682732,-56.16578731822284,74.02604250705836,-3.8109269838892175,1.178646020702261,RVkUxiw2wBYApMI_kaSLIg,Uruguay;South America;Americas,2015-07
Point 433,,-34.88809021235673,-56.19683985811837,231.02958405991592,24.221194666424765,0.16992500144231237,mpHx7wCzK6y1WTHYDwEnkQ,Uruguay;South America;Americas,2015-10
Point 434,,-34.92298797981815,-54.94616031414584,295.7508744735773,-0.7711970136822401,2.378652771637197,r54B9JEe31IGCtmk0pPjDQ,Uruguay;South America;Americas,2015-08
Point 435,,-34.939538397570075,-54.931788070156074,50.49618131608011,-5.888240094009433,2.4195135690868637,PJSaO9P0YwXnSV-IY7-ZHg,Uruguay;South America;Americas,2015-09
Point 436,,-34.93833633271962,-54.93148005443953,122.95154933520766,-0.9734603414323716,1.111232736745402,hZNoSuFrK9ab447LfYiKTw,Uruguay;South America;Americas,2015-09
Point 437,,-34.91174914424252,-54.85797986177718,344.71214544893144,0.6002762828949102,2.4752897300324106,qHg1RGxVKwYrWqGsXKpF0w,Uruguay;South America;Americas,2015-08
Point 438,,-34.4812038898628,-54.323798212897856,38.9720505411227,-1.313370031549951,0.9211693663517636,HNqOvvEJBgyntY1W-Cebvw,Uruguay;South America;Americas,2015-09
Point 439,,-33.38011992572468,-56.52901168484035,169.36928829145043,-3.550707690283801,2.6400166532956835,K7Q96F9-0oHwb0EX08nP9w,Uruguay;South America;Americas,2015-07
Point 440,,-32.49206766834327,-58.22507067837504,68.23313385371046,4.843674710398929,1.3610560460306684,Uv7r9yQwQbt5hIm64bD2Lw,Argentina;South America;Americas,2013-11
Point 441,,-31.381164955469373,-57.974586050527,225.9134884852175,-7.053647880401456,2.592287648790602,OnCEPnVVl1Sb1lsg8tDJEw,Uruguay;South America;Americas,2015-06
Point 442,,-31.37609474784576,-57.971446055277305,22.63191632799434,1.0424601224676593,1.2162122776196842,ulg-wkbbAtNOzIhRow1LOQ,Uruguay;South America;Americas,2015-06
Point 443,,-31.71269042430943,-55.99078368482095,327.78092247498626,5.438554594693073,0.8621266052074887,CAoSF0NJSE0wb2dLRUlDQWdJRDR1ZXZRbWdF,Uruguay;South America;Americas,2019-01
Point 444,,-30.413946627242034,-56.48210231469464,34.158423262726146,-3.781827037126149,2.256600279173967,FzoGGa2LGSrtyu8SUw1DWQ,Uruguay;South America;Americas,2015-09
Point 445,,-32.377891127194,-54.1757059420693,283.48071892810646,-0.17915995538662344,2.4909784187323565,ADLuo60L4DmyTRbDZtjO6A,Uruguay;South America;Americas,2015-07
Point 446,,-17.832922591367808,-63.18632075676079,344.8043813956475,-2.0916469256461454,2.0561947715215614,v9BlthDuyXGpLP2WwY9eoA,Bolivia;South America;Americas,2015-01
Point 447,,-17.38126207698213,-66.15688123132573,229.46082350769436,-1.913576357323791,2.732035774050656,7aVh_RyiNAoza3Z6QRD2Gg,Bolivia;South America;Americas,2015-06
Point 448,,-18.490796416113163,-70.29269059673868,183.06496226971612,2.5990380358186513,1.0037516253625465,gGUfATKeTsyRS_CH2whjoA,Chile;South America;Americas,2012-06
Point 449,,-18.488074475787375,-70.29789724693354,327.55076220577297,0.7233147788601286,3.0693024864618694,pWfoRn6rT9od-oDz_26FZA,Chile;South America;Americas,2012-08
Point 450,,-20.289130320988072,-70.11927626681293,200.96364519480863,-4.044188184819163,1.2307509183419456,TbaJTAHhNcpz8GNe7v0rMw,Chile;South America;Americas,2014-06
Point 451,,-20.253156362989575,-70.12810257406541,196.45643707007156,-1.7887921617804636,1.1859985779205338,jiogDMjLPrdljDj1AFPvoQ,Chile;South America;Americas,2024-12
Point 452,,-20.25146593962543,-70.13659798148365,40.46443169020364,6.715019507929128,2.1792670410387047,L07gKnTZpaykn4FES3UXqQ,Chile;South America;Americas,2025-02
Point 453,,-20.230483367878332,-70.14017400927871,241.81352310805303,0.6831816816447258,1.2628583194755425,unfspyYySGkEPp-LZ2PCpg,Chile;South America;Americas,2015-11
Point 454,,-22.464346129647502,-68.92155407559765,181.35312121406977,1.7940521821148965,2.7151486406858423,cXZBJeOKpaPm4QG5BseHJQ,Chile;South America;Americas,2025-04
Point 455,,-23.1039737418658,-70.44601389883725,3.1255606008337704,4.878641637655491,0.8725087096377161,cOKHWhXEyuj2RponM6FFoQ,Chile;South America;Americas,2013-01
Point 456,,-23.6746220733412,-70.41176788130126,294.77626680705333,6.305134940164606,1.3938647572904976,INdsIJWVyscAUWFm37HBUQ,Chile;Americas;South America,2014-06
Point 457,,61.200065442105625,-149.80145516952578,348.9824130321231,-0.8408900915430877,2.8795663986093807,4hwVHhQuxJ_UBeBLOOZXUw,USA;North America;Americas,2025-06
Point 458,,61.203188119684754,-149.84099079277226,325.45839938069645,3.247186348813827,1.7337908998567988,Mim-r2uQfPMGwSuHQqfP3w,USA;North America;Americas,2025-06
Point 459,,61.21359431380746,-149.88802791612068,186.05419263574507,0.13563750952751263,1.2661860761990664,Pm0Jc4o00TjaeK8jJiJEbg,USA;Americas;North America,2021-07
Point 460,,61.229377986466694,-149.8750699060358,312.8122772434486,0.05087404109136173,1.3431050693732036,15b3r55KcZliB88rX-FavQ,USA;North America;Americas,2021-08
Point 461,,61.20074760726235,-149.94686469935164,3.327328553032487,8.215969821671251,0.5612861769324713,k_-42RwYM85RRxZiXmP6mw,USA;North America;Americas,2025-05
Point 462,,61.19957493149304,-149.91832911881167,200.85977916638433,0.8280507673752879,2.546952394581708,46Og28fB3wdvtccX-Bz4PA,USA;North America;Americas,2025-06
Point 463,,61.1904564561992,-149.91390943863627,15.803343789217491,0.8158654447202309,0.8646295643900592,b0VlJdZvUsNQ31OFaYEV7w,USA;North America;Americas,2021-07
Point 464,,61.18694344958846,-149.93533767773985,23.40854338959688,4.140268122090731,0.16992500144231237,RNEzdxkeVzEBTbszuhoTQA,USA;North America;Americas,2021-07
Point 465,,61.14190167931704,-149.9368823326292,130.41196475023327,2.302186270451358,1.2451684470631674,HyHDnX97rrW-Y0NRFK6p1w,USA;North America;Americas,2007-09
Point 466,,61.12774479524664,-149.9322078505774,171.14857487786892,6.039711077664606,1.199303449461733,qGFd1FUCGWU7f2SoQzY8Fw,USA;North America;Americas,2025-07
Point 467,,61.12402426652017,-149.94456087874497,125.99327054125072,5.986356931500296,1.1229916602184653,zCn_f0DMPBBsg8rhnW9tRw,USA;North America;Americas,2025-07
Point 468,,61.09863484383367,-149.85630991236675,289.21151117176555,6.378474482451182,1.1880396143227,-ucHOipDUP9kGfkKLSYHlg,USA;North America;Americas,2011-07
Point 469,,60.56002882058511,-151.21109035954126,9.38995330242775,-3.6937696726994744,1.0471871583733168,zn5MjQGLOWFTMqwYVEFcIw,USA;North America;Americas,2011-09
Point 470,,61.13615234389454,-146.35388892145664,331.3639300930969,9.971368303147456,1.2390737705341637,RjYkygdu99MX0i_lJH485g,USA;North America;Americas,2009-07
Point 471,,64.81665085132099,-147.69392125483995,58.44621675654025,5.544909844896651,0.9903529608680374,iXq0dIsY0-tNqyE4a2EULw,USA;North America;Americas,2019-09
Point 472,,64.83455366090838,-147.72936611640316,345.9697215009932,1.486202713366282,2.439852229350964,CtwDSh2VkrTD_sQV9_GG6Q,USA;North America;Americas,2011-07
Point 473,,58.388016129643376,-134.569477881154,320.4783074220265,3.4067311818127024,1.1636885463910545,hF_4gGS9A9X1R6agg9GfJg,USA;North America;Americas,2009-07
Point 474,,57.05075393756594,-135.32432766215982,201.18787388839905,-6.102723790180008,1.3356393828985158,SbieHG_rv_ppnCqpQo2zbw,USA;North America;Americas,2011-08
Point 475,,62.44713483266363,-114.38893633845572,282.7239293381087,-4.931297698024963,1.0936992439642523,1A2h7dhPCVrmrVCifbn3cA,Canada;North America;Americas,2009-07
Point 476,,47.584262639683146,-52.69189120285901,114.54222494186844,-2.17677372654893,1.3080892547936729,CAoSFkNJSE0wb2dLRUlDQWdJRGFxLXZvTFE.,Canada;North America;Americas,2020-09
Point 477,,47.585064420143155,-52.701859260057795,316.33518718139254,-0.7493061817355198,2.3728748079944357,Ra_1D6gEs_WKKUMgS05DSg,Canada;North America;Americas,2009-08
Point 478,,47.57431222848953,-52.70973136900776,75.22857454986386,-3.227019345187202,0.9082784416675376,mAoCopeLTXqXC-SxR6XH9g,Canada;North America;Americas,2019-07
Point 479,,47.501171868597694,-52.79244833183754,132.1694382141394,-1.7966087519269252,2.9054931678940967,GfZ-9P430EHrSn-_tX_Tdg,Canada;North America;Americas,2013-06
Point 480,,47.50831471495168,-52.76185176512494,314.9677161714318,4.82641791284091,0.16992500144231237,CAoSF0NJSE0wb2dLRUlDQWdJQ3U2dmo5a2dF,Canada;North America;Americas,2022-06
Point 481,,47.52023838560135,-52.81041791753035,180.700300738156,3.4335297678287304,1.1989372169354875,YuIPWRI85kRb5mqlDZ0BZA,Canada;North America;Americas,2018-10
Point 482,,48.94853604248196,-57.95094411918868,346.93621446834953,5.821307944449558,1.1559286335510146,lw5oCd2oC6ZdbinNrjYUog,Canada;North America;Americas,2013-05
Point 483,,8.94243150636633,-79.55488896146241,334.6388772192698,1.3331434198429974,3.029313883912732,w3IeEAehCUnR9yFpugd2rw,Panama;North America;Americas,2022-10
Point 484,,8.974660611529728,-79.56128285123408,350.95527924493933,6.735992009803638,1.211421286882616,y9EjWaUS5F2KScK6UbFpYA,Panama;North America;Americas,2022-11
Point 485,,8.982678083274868,-79.55115888477145,121.01830332022446,1.5459239111918492,1.31547284046846,CM5Ucy7aXR0rxzqckvGAPQ,Panama;North America;Americas,2022-11
Point 486,,8.99733050752896,-79.57837931845943,292.8946312719068,2.851250135891007,2.705453544715418,61J3mlWoZ68VJqbZwPnlMg,Panama;North America;Americas,2022-11
Point 487,,9.11744071920407,-79.70078830527888,84.73325643635513,2.1279913048716708,1.1871195680966025,dnKvSP9yKjWuvDG-jEhS1Q,Panama;North America;Americas,2023-05
Point 488,,9.123439299992368,-79.69177233168631,243.34539944038917,0.14654911466307396,3.095118205232283,5F-p8wAex9_ojEl82pHsbQ,Panama;North America;Americas,2023-05
Point 489,,8.095869407793835,-80.97388157947952,6.616598098762795,1.813498064921504,1.0004280690350846,iuHTzpcXP6APvp-h12_rVA,Panama;North America;Americas,2022-12
Point 490,,4.923547441788859,-52.29032897869504,83.03172655940236,-1.6638597576523892,2.389085993886458,CAoSHENJQUJJaEFHYnphcV93RnR4R2dLVDdRQUM5REE.,France;South America;Americas,2025-04
Point 491,,4.931950960200929,-52.31186849707124,346.7335619046901,0.6723223822501154,2.237150091725695,CAoSHENJQUJJaEFEeWRWZ016amQwbWdLWGdvQUNWckc.,France;South America;Americas,2025-04
Point 492,,2.810053089170947,-60.67178166481881,342.22911899336304,3.5484493392660283,2.38927244989141,jmEBWvHY6yF4BsL_wnEOUw,Brazil;South America;Americas,2025-02
Point 493,,2.8544855261088933,-60.654266115234975,328.58165829501735,5.787556140915029,1.2697709427208932,rUNNc_ETtilKox57IGzXBw,Brazil;South America;Americas,2025-02
Point 494,,-3.061860945943783,-60.09388491663024,290.02424926346674,-8.011279779613176,1.1761587557020297,-aZH_pnAAqDoYM78Oi_3Pg,Brazil;South America;Americas,2024-05
Point 495,,-9.963550311632044,-67.84255940255598,214.3057072644889,-1.2018757329896772,1.2339883119680344,x1n8A6SLaoflktof8PDtQQ,Brazil;South America;Americas,2012-09
Point 496,,-16.515754527384555,-68.0629588396775,297.73220758212,-7.713121674779501,0.16992500144231237,CAoSFkNJSE0wb2dLRUlDQWdJRHF3Nm4xSkE.,Bolivia;South America;Americas,2021-03
Point 497,,60.15390012368798,-1.1490545252425366,37.8164547201204,3.563307736668122,1.1581432174728632,_U-Cja9MzvHzRZPGJ1Q24g,UK;Europe,2009-06
Point 498,,48.513657422825915,-4.76074223871113,298.2081373884351,-3.103161110244116,1.2699493303910567,-OeG8ylMLGb1AQyTRzw6hg,France;Europe,2022-10
Point 499,,47.244206897585634,-1.704237461470844,144.28139326645885,4.719713536244171,0.16992500144231237,CMrOIfpcx-e_eg68W1luuA,France;Europe,2009-02
Point 500,,47.235697775169555,-1.5997304946959046,284.6466363899332,0.9413089113869972,2.4212950002097875,vkfME0ZlJ2BwEk6Uv4dBQg,France;Europe,2016-04
Point 501,,47.25237713782978,-1.6116827420960542,7.779017148921099,-0.05395077436918427,1.2912223164064094,I_etxGDi0D-em5zuN4ApYg,France;Europe,2022-12
Point 502,,47.182262126146824,-1.5674179384703866,257.67522662217647,2.4764673583608214,2.5034300673959793,zihn9DrXrx9ujz4wJtVbqw,France;Europe,2010-08
Point 503,,47.1763049572342,-1.5920586917313695,6.49979097900426,7.058575970840067,0.16992500144231237,2KeV41aOV4_naHDl38ymIA,France;Europe,2019-07
Point 504,,48.03284134740587,-1.7455298513973,104.09301836756916,1.0351376124013143,2.073993789576352,1wSHFlP6ZUCLEyLdyFPB3g,France;Europe,2020-12
Point 505,,48.048353652734264,-1.7373162650326102,203.9630840569295,6.643092437448885,1.407461453263858,cY2AJ55ep34kYmNaFfKkQQ,France;Europe,2025-02
Point 506,,47.23034169567421,-1.5808581540658102,199.4633796695213,1.9197846826503024,0.5191233664866721,nBPvhBePssfYrxtMRLvvXA,France;Europe,2022-09
Point 507,,47.23130071302256,-1.5254000425306369,222.66048009618717,1.0470163102191066,1.008535639347106,DhXY0Dl_osh79FXCkax2lw,France;Europe,2023-05
Point 508,,47.24704426414854,-1.5482314758245788,336.75501167453444,-4.656088924671806,0.16992500144231237,Cc5b1eJE7TaC-dVerk_M2w,France;Europe,2020-08
Point 509,,47.269011817727346,-1.5890956033606716,63.99071025690022,1.3325884542232558,1.0817575590227129,2Ib9_HImgGjUbsF6AKPgpQ,France;Europe,2019-08
Point 510,,47.28447956522252,-1.8824751868637783,343.4728003361656,7.378508865360914,0.16992500144231237,C1vEdajgZVqSx46J-4FIzA,France;Europe,2013-05
Point 511,,47.28098233282927,-1.7890397414284411,187.3321126860299,-3.1065588552663286,1.2459157365378848,uTQhzZdAr5KtAsd8z_Hx2w,France;Europe,2020-10
Point 512,,47.31788864769839,-1.7365812591263643,255.54714124081627,3.605224786863459,2.0612728212005953,WKtgtwURQ2Jna0cVIbVlhQ,France;Europe,2023-06
Point 513,,47.35643943960844,-1.9203218435750635,219.9613098976351,3.0856802749483734,1.2410627216047396,pb45Qh0pLF-rv_BXOtnT4Q,France;Europe,2013-05
Point 514,,47.36384417775657,-2.0136439031102396,21.02973192645029,6.5860842879731365,0.16992500144231237,js4Sqlfr8PeIsdlr5QBQYA,France;Europe,2019-06
Point 515,,47.40027193921392,-2.090190421365209,93.96991375200936,-2.493599322502888,2.4806493253230326,Lz8CcyiIDDgkJeIOF-YYig,France;Europe,2022-12
Point 516,,47.319700171337026,-2.080248380937358,232.1403883749019,0.5742910895095292,3.095118205232283,BLwXA9RItW2zBoQoxUmt0A,Europe;France,2021-06
Point 517,,47.33208775792726,-2.1482609612391323,210.21305496224957,0.6542010863686585,3.095118205232283,RZeBktl8qiawnym8AFOUqA,France;Europe,2019-06
Point 518,,47.31386541050355,-2.1858534206917684,200.55640419105265,1.683707020519904,2.2151226707980385,B0Z5pUTLjQvUjX9hRQFWoA,France;Europe,2022-11
Point 519,,47.27494059683508,-2.2295402374165927,164.08622195240946,5.17700933706746,1.1725876580286816,61dJ320uR55DeZCRPo9PaQ,France;Europe,2016-04
Point 520,,47.25813745802025,-2.258356955015893,7.256405830813218,0.04440884177853377,1.175189451113587,eMrKr8X77-il463EcN7pSA,France;Europe,2022-06
Point 521,,47.26002364782739,-2.331745276295949,210.35887030134987,-2.8038969592695793,1.2787941452927574,NzRjoFzcrV7z4WJ2Ar-T7Q,France;Europe,2018-06
Point 522,,47.280193665587646,-2.363427427172081,223.2363775393772,-0.9057494129052516,1.1681339906185266,p_e8zbVOIxaMsKv7CfQWdQ,France;Europe,2012-08
Point 523,,47.284247624543745,-2.3821819859707034,215.79986624973563,2.9390318940745885,1.1822657559559104,3kO-slJZchT_JH2hQUNdIQ,France;Europe,2022-06
Point 524,,47.28305629533114,-2.411952711545472,258.6319929891256,1.064580452900131,1.2018686742813869,1Z8QRHormdPN3p13nL2Kjw,France;Europe,2017-08
Point 525,,47.26757762257638,-2.4381820718706058,94.1803504571151,-1.530212089786957,2.712120859193372,-uOqV0D8LZXK0DNnuQgWTA,France;Europe,2010-05
Point 526,,47.275202436323994,-2.4820249220176915,15.916237584217386,1.3248015710607746,0.9279951338742785,67rL1qjTOU-npr_Jd14JtA,France;Europe,2022-06
Point 527,,47.28948587840683,-2.5139300750497897,234.37122546645688,2.8315957064931183,3.095118205232283,CKOQyZ3kQvDUrtReYhQsqQ,France;Europe,2019-06
Point 528,,47.34138226675999,-2.41748708791786,340.6022762551274,0.5065931190452346,2.258413641151511,Mm2SRzOpHkn1LiXHTuM8mw,France;Europe,2022-07
Point 529,,47.47690341675691,-3.104922932035138,290.6745669923783,-6.595647993409699,1.114010743067412,GQRgnX5kJMEkPEuZmWDnTw,France;Europe,2025-05
Point 530,,47.51352594718473,-3.1290727184633527,142.8182687746998,-1.4665575373925748,1.1034623612755456,IHpAuo6-LAuyik1hEVsmjw,France;Europe,2025-06
Point 531,,47.55807638618713,-3.135287977542947,269.09098567072044,-1.7006821946948492,1.3631954425471502,owWjxVle0EkJrv1rcKYgAg,France;Europe,2025-05
Point 532,,47.00995937700436,-2.2305266297276316,272.03649512209233,-0.9466165549217608,1.5651440414067266,yGQBmmeA33vEBSMaOm_5Zw,France;Europe,2025-05
Point 533,,46.88813828686842,-2.137725319155449,39.71320814539052,1.2514181615990196,1.2057716437593509,Ebn3NRudq6pjAUza_ej5yg,France;Europe,2016-09
Point 534,,46.98151722054264,-2.2739872751122903,330.52958201607635,-1.701616545002949,2.562230616028907,hm1dSLBYXtwgWHpl_TIgMg,France;Europe,2025-05
Point 535,,47.15092852976084,-1.6925792739438292,203.98404305234823,2.1281951726706865,0.16992500144231237,WgMLEYc0wk8nuJpcwaHx3A,France;Europe,2023-05
Point 536,,47.51814405228459,-2.4963154179593663,9.32746905585697,-2.3181791958437827,1.9076783585069577,D7myQKBTBDFfWnL8dx_QMg,France;Europe,2023-05
Point 537,,47.367989782896174,-2.532581246782663,192.37050350619907,2.143165113132767,1.4806936491304072,YKQiv7Mab8FELopewWU4PQ,France;Europe,2016-06
Point 538,,47.44263390874561,-2.3294661029147603,339.914099554656,-1.1994877301438578,2.667633699804694,Cme7vJZH58qinCyS7dKreA,France;Europe,2023-05
Point 539,,47.24115889605254,-2.1646978376480006,107.70943894581306,0.46765179041963734,3.095118205232283,W5B_CLJ3btxRdbA219jQkA,France;Europe,2015-06
Point 540,,42.566959344304834,1.5979128843574286,306.2438529247555,6.859182785393301,0.3977511147613191,XTp7BnTV21EUBIhbqSNNog,Andorre;Europe,2014-10
Point 541,,42.511123092602986,1.536516034205087,101.37089847104583,10.446189602134652,0.16992500144231237,CAoSFkNJSE0wb2dLRUlDQWdJQ0V2WktfWFE.,Europe;Andorre,2016-07
Point 542,,42.54449588482223,1.5169640501060146,200.23802016864,6.3522467353142105,1.1696176299048828,GI4Ukui09Om3f4slw63gHw,Andorre;Europe,2014-10
Point 543,,42.55564931891875,1.535249595742312,187.21476567506545,1.6560655425869726,0.5199053961022657,-e5R7TdyGqLgqp8RZefPaA,Andorre;Europe,2014-10
Point 544,,47.07545779948149,9.496682161897535,167.6253487799316,1.8331699166851936,1.2257042903573276,2F49bEjZjFhs07J_A4QTwA,Liechtenstein;Europe,2024-08
Point 545,,47.08064580018135,9.485033516080398,167.6750762953817,6.75695950215632,1.1423163272779648,q5v9me48pKwBblCykPXqgg,Switzerland;Europe,2024-05
Point 546,,47.11512913028165,9.541314013421356,282.1096625960217,1.4108138379157251,1.2041427529720583,aA_3iaqwUkpdCaR7xKQylQ,Liechtenstein;Europe,2024-08
Point 547,,47.133002869054344,9.488899701586964,96.51439136819066,-3.365998019589483,1.0468256643462208,aGtm0HujoTxVAwxKj4AyFw,Switzerland;Europe,2014-10
Point 548,,47.18057567977907,9.455949129008529,-0.6926940924457035,0.5424720750446568,1.1056800301287415,iwF3E3czc2nvgz2C5Evi7g,Switzerland;Europe,2013-06
Point 549,,47.2047514500453,9.49191941032688,164.45614328008634,0.9832014062267403,0.9261973745719884,kUN_5XTwz9j7i085xPTkOA,Switzerland;Europe,2024-05
Point 550,,47.259652297250376,-2.01543986302521,210.07592261807247,5.257299107739485,0.5257587313627329,D-nkTmlCnhKk6217g_zbQw,France;Europe,2013-06
Point 551,,47.18442723645653,-1.8589371952165492,33.77633570288652,-1.3076651388796847,2.931735905011217,SddNlylTu8JsgGm2fc6oMg,France;Europe,2023-06
Point 552,,49.28249354693202,1.77270397226434,271.0559683954543,1.8523249642260424,2.481738643502586,HrFYJBT1DCsfcWOYZkyiCA,France;Europe,2009-08
Point 553,,49.31155793784628,1.6155846446227573,344.9780106712705,13.154028411748044,0.8452778037427697,d8hEuSa-woWQPpmmIx0x1A,France;Europe,2019-09
Point 554,,49.151330055061194,1.7837180755083983,197.0331569317764,6.53779394906195,1.049357155868384,RGe6oXJ-mbiFzPbiDjdOAQ,France;Europe,2023-04
Point 555,,49.15807338835566,1.6029541907396887,5.228326315406549,3.9513779445956487,1.1265908096097603,wE9rrnR0g5EkeocHow702A,France;Europe,2023-05
Point 556,,49.07879450507493,1.6212217493139696,155.72376611490432,2.3573655404160547,1.1276847018157792,05yHhfzQJc7RsnpVc9gaMg,France;Europe,2023-07
Point 557,,49.70496151132895,0.20839312009229843,230.68920836428583,1.7657812300288072,1.425291279065256,IrYKQch8d5cMl79pnv1MQA,France;Europe,2016-07
Point 558,,49.68343397276341,0.20120121116114656,265.6448067290974,-0.8093153595700926,1.220273912283553,_AHhaRBft5o-5Lh6wdsF_g,France;Europe,2024-11
Point 559,,49.69897397832091,0.276521631861415,151.96961917513767,7.826936720936814,0.8667765053588762,61EW71esQIbYpymMfpsv2A,France;Europe,2023-08
Point 560,,49.74948961425846,0.3857037724635416,178.19122601907327,-1.3467424264097616,1.0475487014627811,CMfwlfWqD_RUYipAaOnB3Q,France;Europe,2023-07
Point 561,,49.81617706066898,0.5293912314394706,255.82760104619064,12.451866786662748,1.243674602004331,oaM_QMjqjEfqCMjAg-Kf_Q,France;Europe,2023-08
Point 562,,49.85763575105192,0.7098139508270079,335.7596590393271,3.229631561724716,2.3945783769811047,Y1PqYGpJrh5jh3xbRJvIHw,France;Europe,2013-06
Point 563,,49.793411410074334,0.6377114707305598,318.44824841217525,-0.03873435571013317,2.475740991877629,-nIoaPPckBvTn_zcZvVkWQ,France;Europe,2023-08
Point 564,,49.71858541025676,0.7833159187056654,252.7761599131399,-0.9528577468767168,2.8366262724481777,4OUsnZMrWYAgteGU7qrSWA,France;Europe,2025-07
Point 565,,49.61442313037581,0.7595433129362251,26.62745246420245,-0.33443922197440656,3.095118205232283,1El-QrzY1F-RL6DIv4Gelg,France;Europe,2025-07
Point 566,,49.650908159310625,0.5968381180992767,333.48947724254134,1.3017615359349293,1.1655398191914297,rRd86V1sZUbvM5K2bJyYTA,France;Europe,2010-03
Point 567,,49.36963256656534,0.0807210964869052,313.40708879797467,-1.6017134463580476,1.2444214022750144,CAoSFkNJSE0wb2dLRUlDQWdJRHFnOS1BRHc.,France;Europe,2021-03
Point 568,,49.511277373565626,0.07487920319091242,201.092749456665,2.5442282652913377,0.16992500144231237,1KN6SJn4VZe_a3QxLuAdyA,Europe;France,2025-02
Point 569,,49.50556927415312,0.0985290136939813,5.737018112973646,1.439051170293908,0.8671344682444859,OBpIIlzk57iUap-k45YliQ,France;Europe,2025-02
Point 570,,49.55184263138865,0.17498070624444104,107.61676597427277,3.279593920936577,2.2523893978642535,3pVvvMU6OSa6wbK1P2Hfjw,France;Europe,2012-07
Point 571,,49.48673640756413,0.5817073811867887,357.31420496886255,0.33148839442191047,2.21887438625522,oVFmhZtd8zjaZ0RqI0gMsg,France;Europe,2019-07
Point 572,,49.50852142571071,0.5716815002022558,16.478791035290172,18.72501646612085,0.16992500144231237,kjrTop0Rn6LkKJWvkNgjcg,France;Europe,2012-06
Point 573,,49.53188030821304,0.5497172430610204,254.65714501273504,0.7659123828598098,2.5551970171638603,NC7jxM89jdyJ4TtFxzjW2Q,France;Europe,2010-11
Point 574,,49.52246455378714,0.7067234676131625,343.449436442529,1.9620995463934037,1.2007486665607463,vTYEF_pLfAOFTHEZJKs7gw,France;Europe,2021-07
Point 575,,49.35125649144019,0.512788448630948,220.55067240892924,1.8762006311280857,1.218796132371761,usEM9bifDnrdBP0i5-9Nag,France;Europe,2024-09
Point 576,,49.3393610291597,0.33949967530373465,188.1035813208078,-0.4187271930572649,1.0667816286431964,FTkZ4Ck6XeMgXhFNiGaQkw,France;Europe,2025-03
Point 577,,49.42359174866711,0.23096271448373687,49.336205225770534,0.10349583879002466,2.3726706722524007,XRj_M8UD0vKYTy9ixu8v1g,France;Europe,2025-04
Point 578,,49.525739418448666,0.35991747784510913,44.7410385256601,3.8457320624995504,0.16992500144231237,vCvLFO89_qyrU6bTAaNBIA,France;Europe,2025-04
Point 579,,49.606057315134834,0.2322852616512341,180.2376438641898,-2.5536453031342745,3.0855858388246915,3O6vfxuFuxtl8ObqkqF4ZQ,France;Europe,2025-04
Point 580,,49.55938741800554,0.22304493192580024,244.5372407370175,-4.785176224495586,3.095118205232283,l5tBkxZPhYv0EyUgPAodfg,France;Europe,2008-08
Point 581,,49.74212034511687,0.5102724104721325,246.4081466176524,-0.5284357785972134,3.095118205232283,FOUIVdtbCn2iJocVHhSVww,France;Europe,2023-08
Point 582,,49.459126301330535,1.087240906163199,156.97136393866998,-8.144237362634755,1.1222200441540988,oBasEit_qc2yd3EOj2pIkg,France;Europe,2022-10
Point 583,,49.45580645379941,1.0533632704539149,275.32511023796724,-9.161378196836694,0.16992500144231237,VMW65nAUkhnOAJJ2W2odDw,France;Europe,2022-11
Point 584,,49.486545118419976,0.8888292912161977,332.03008150674043,-2.6379399073946956,1.1214923280799245,u6Rxk64ev2AW4kvauuPAKQ,France;Europe,2025-07
Point 585,,49.90542286716461,1.0954124161866494,276.420619414518,12.627271742488915,0.933564856968776,sLEv9svn-OoTc2LSDx5irQ,France;Europe,2023-05
Point 586,,49.91486898123794,1.0304528178900862,357.8861890198593,-6.965192974910252,2.133461545882488,RJj0hWHDw8aXEtviuCdKnQ,France;Europe,2019-06
Point 587,,49.871570797260425,0.79867533923566,102.4351369080008,-2.3120802057659233,2.3817311277166864,XJni-nSH2vr4pnzFz6_8-A,France;Europe,2022-11
Point 588,,49.90414904432051,0.926068510021126,313.96293585176795,3.20996676720614,0.16992500144231237,2vEW2v1xcs6rVZdRvDybvg,France;Europe,2019-06
Point 589,,48.846743250657454,2.250420333204996,173.8565498692338,3.335022050724234,0.2729733143668015,7TFg2FLVCreLyDGkrhGaVw,Stadium;Europe;France,2011-10
Point 590,,48.847063705048576,2.2491642428247993,21.397537671364756,-6.75660544239183,0.16992500144231237,GJC7DDVRxz6bdoDhls0YJw,Stadium;Europe;France,2011-10
Point 591,,49.02361257126161,1.131844429418093,217.80882624644624,-3.34813264350376,2.8507017958622765,zelk8bnD9tlHlNQRRcvd5w,France;Europe,2025-04
Point 592,,49.03250283835274,1.1423323631003617,0.6479213437239757,4.915801722563415,1.1912344023680048,2hyI7EA25NiGG09FwThopw,France;Europe,2024-07
Point 593,,48.95980082127894,0.9309428206568982,3.580064688262607,2.054559902624817,2.529259538175319,BRTIKfsCjoBiEkKUS8Qxlw,France;Europe,2022-11
Point 594,,49.08284848063539,0.5885969876588075,299.3821778246461,-3.0690330498786125,2.871760941228244,uyYBdixukl-8qBFipBWXbg,France;Europe,2025-03
Point 595,,48.76000299553832,0.6352657904905227,264.18485425519884,-0.6756668875625138,2.8053652841134573,joggBsBk_y09sr9elCzxAA,France;Europe,2021-06
Point 596,,49.140272169983994,0.9045295243304232,330.05990231821045,-0.27060823612842455,2.78932522122242,lWuHfOn2XYx4L0kf1ZGzlg,France;Europe,2019-10
Point 597,,48.99317752798391,1.7224591178981308,93.36783715108191,-3.781806562579021,2.410125147798847,GWzUTX1XnDYXIPDEqUz06w,France;Europe,2016-07
Point 598,,49.2477128162523,1.4388145060657147,9.661399800974074,-0.5286526170364851,0.16992500144231237,tyvOS9qhu5inL8JNtT2Jpg,France;Europe,2012-09
Point 599,,49.40228473050013,1.4782380847686178,72.98370230537621,-2.162619075075554,1.4067140459612837,C-IA8NJLHRmNNyCnaIHoAg,France;Europe,2009-09
Point 600,,49.365120729530965,1.359568773258111,5.815417315313524,0.4184666217674362,1.1737023664094646,Y5bDKOD8wUR9Ai2olTMfvQ,France;Europe,2013-05
Point 601,,49.44502289356832,1.3742541725541284,47.58328019805525,-0.7632302770427373,2.8165226857378025,wRZqM_H-Zsp6L-NwmlV77g,France;Europe,2021-11
Point 602,,49.48383319708841,1.7111543466893488,205.12125052774203,-2.829968969738772,1.1086399521117674,OboTb469HogRsOshm6WApg,France;Europe,2023-06
Point 603,,49.07840314767582,1.2298983743650742,-2.0894632142697507,-8.32381378724753,1.5587043393283226,bn9KtpVD0Q0X-Vji5-YK1g,France;Europe,2023-06
Point 604,,49.22427055372161,1.1677164153599802,79.69182500938447,-1.216491438290177,1.2762977486416898,d5GgT-LqOkAEY9b2c5FDAQ,France;Europe,2012-09
Point 605,,49.212376246332205,0.9324192516285816,43.60183465963017,-3.740590220886403,1.177794073268723,7Sw89NC71YTf4gAUG6hR0Q,France;Europe,2025-09
Point 606,,49.23406004611984,0.9308709506242802,188.8076847219967,-5.459271135560272,1.1845047463181535,z6U04PKneJKJeRvG45Nurw,France;Europe,2025-09
Point 607,,49.279915950463995,1.021076510790342,113.5573721520388,1.5448805124928668,1.389724514756192,_a4LDWfFARBqgMvOVweGBA,France;Europe,2019-05
Point 608,,49.004349329905246,0.6374189591862717,242.7462573430202,-1.4532569034199128,3.095118205232283,gsvRnfG3-1wB93iIXQidFA,France;Europe,2025-03
Point 609,,49.08071094431261,0.7751675284277106,0.001,0,0.16992500144231237,uCUaiAq6TSgRADWUm61aAw,France;Europe,2025-02
Point 610,,49.90633292153918,1.0227598101331958,317.0556088232553,-1.6055014840903823,2.9674838108258443,w51ZiKxZwFkPNrlSdKFpzA,France;Europe,2009-12
Point 611,,52.24080978694788,104.27000640194112,205.2878797622918,0.2277049510140472,1.1929348808043416,WF3BhJfu60lYYqwB-t1mXA,Russia;Asia,2013-05
Point 612,,49.230927610060064,0.4995710989802456,35.82271256238764,-2.8579229305349543,2.565334018405256,XqgH7i8sGsZGIkPzN-M6SA,France;Europe,2025-10
Point 613,,47.63845849487082,6.894230689298957,21.44924371564683,-0.971394287253844,2.2147820356052597,fZcISoWh5J1OG0z0nvM11w,France;Europe,2022-04
Point 614,,47.6251554507063,6.855010362495539,260.8008546230133,5.213617272645195,0.16992500144231237,WipTQhd1moqckrfFdv5nKQ,France;Europe,2015-06
Point 615,,47.633402181500614,6.8332373163502425,277.9350044979861,-1.3370181435363122,2.959639307774685,9iS_XFim-BDaqj5pCUvhIw,France;Europe,2015-06
Point 616,,47.65658901655857,6.83892957762744,224.36665914490845,5.607021237257499,0.9817626641432592,KFJAPXlhpPEyCCha3keIvw,Europe;France,2013-08
Point 617,,47.67580401245584,6.838406669406857,142.72836816427358,0.21446056549294212,0.9889733703387088,eO7DKMYFuWqMDFewAWgUzg,France;Europe,2022-04
Point 618,,47.69006712631313,6.83161724504509,316.558106709968,0.31017519758866285,2.3542179298575445,Om_Q_2M1rhhHxVXkZayZXg,France;Europe,2011-03
Point 619,,47.539407979900886,6.963657911292466,299.246839927887,-0.018501968852120857,2.345231322845371,GANBeP5NRjxUq8Xe7Gop8w,France;Europe,2019-09
Point 620,,47.51381678397355,6.997067614247554,0.001,0,0.16992500144231237,OBbsKsT6YNseZVghkkUUww,France;Europe,2019-09
Point 621,,47.6109862719091,7.2360713561390595,226.1869865299008,1.2052230758289255,1.1171616917850271,cA2_rhAtOg-l35crHRG9gQ,France;Europe,2019-07
Point 622,,47.591476365528976,7.248363764055533,211.01216853179295,0.8304799163708054,1.1086399521117674,QPAapbiQ-pP2jzUkejmPlQ,France;Europe,2019-07
Point 623,,47.56498428915887,7.296274054916477,294.94424949434665,1.155842729059387,2.605722355091501,unE6Jmw4fBH_AlEehCqnhg,France;Europe,2025-06
Point 624,,47.55296662729427,7.312782687917699,336.5648543500261,2.158059881961748,1.20186867439066,qOodAEY0LF-5RHLpcyrUiw,France;Europe,2025-06
Point 625,,47.501264418292784,7.306391307170592,172.68010740273928,4.14997694278469,2.5164258672744637,vty814EsQVdQ1lyRnhG1Ew,France;Europe,2025-06
Point 626,,47.54777832166136,7.39914430632401,0.001,0,0.16992500144231237,5bRpRtYjbjDdKb_TPO0pBg,France;Europe,2025-07
Point 627,,47.56657660858767,7.532232328966685,324.85680375660644,24.657834307338177,0.16992500144231237,AZ35HLLYeIYfrrNZe-Puew,France;Europe,2025-05
Point 628,,47.59319181541087,7.569805788694468,190.4493137272012,3.796104569713521,2.3894832383119997,5gGgD-zWbS7weOuCx4K99A,France;Europe,2025-05
Point 629,,47.6688970398125,7.496691788527986,312.64558623802253,0.35458216508357054,1.0964281113393763,1ZFwOYYQOoX16D2kOs5nuw,France;Europe,2020-10
Point 630,,49.19413621276848,-2.2028726037430673,319.7370596792671,-1.0087345764085145,2.345264752150327,0k2g46XgxbxlLoeD5v3rkw,UK;Europe,2010-04
Point 631,,49.194490134156176,-2.0981936466446567,345.55740532514756,-2.3620874207743583,1.3174468237628671,-k6Sk9BC2IvlkPMNHNBt4Q,UK;Europe,2010-08
Point 632,,49.17644578751385,-2.0864528643998397,225.00304762221887,3.799014542792648,1.1108621755473136,yTupdImkrJaqtq_yrOd3Kg,UK;Europe,2010-09
Point 633,,47.33155410488246,-1.5212385711938117,174.84101605858535,-0.9710222203793392,2.4766608888709776,PjGh902owP540odsY9_G4Q,France;Europe,2019-07
Point 634,,47.30114784573644,-1.550550461673291,336.82808858609565,-2.4271467158436053,1.3882209996034995,7lNi26JwbDgyK3rojv8TmA,France;Europe,2021-09
Point 635,,47.378222721441446,-1.7086221503667012,214.4351245345864,-0.9044031811702666,3.095118205232283,QpiXz5peBxAEvreTZeo-FA,France;Europe,2020-11
Point 636,,47.410349658053,-1.7917843418265178,222.46573827020305,7.0810096192771255,0.5268827728594034,0bLv9fLakzdCdegH05iKAA,France;Europe,2013-05
Point 637,,47.35682987474997,-1.4129623017663655,310.50589006958427,2.594661603745422,1.1614540259833643,1yGdzYrPkHZMvSx0zfKZZQ,France;Europe,2014-09
Point 638,,47.34706670846206,-1.2819390931756027,198.06820488549943,3.574459247463736,1.3684400819516989,IBTyHFgp0YemjpGEuLew2A,France;Europe,2023-05
Point 639,,47.24522324340724,-1.480554359012496,343.2949739870705,4.329972708065782,0.53136212933573,4e3GVj0_HXJOO_d7cEkPUA,France;Europe,2022-10
Point 640,,47.43710521489935,-1.2414681875511528,12.268812223461923,3.8722619305564905,1.2891224899505205,y60XnI8C4zNgm0Ght6_m3A,France;Europe,2016-05
Point 641,,47.36264750075369,-1.1847118471775726,163.85598884702355,4.016297566027035,1.3093996939761423,Nm1QaULBqVuWR65yIJwA6w,France;Europe,2025-04
Point 642,,47.378062781591126,-1.1029425376425892,349.0963497888848,6.456539446642381,1.1266857577068214,fhNkv5FALWCtctuMUtjxVQ,France;Europe,2016-04
Point 643,,47.332112338976906,-1.1749988435173402,24.566370019712387,3.1278136796955067,0.8954612551937773,NIo8mcCIpihOyJ5x6Y0BRg,France;Europe,2023-04
Point 644,,47.574979912262194,-1.2034823631044906,245.93587364425383,8.956367759190428,1.1850327929315532,hMWraysvl_8T5yaL81ypuw,France;Europe,2016-05
Point 645,,47.11978800144895,-2.0540316211502723,53.25541973685568,2.6404517897288997,1.1496649069448206,Yqh-vFkoH1UzCl_CYIeoYQ,France;Europe,2023-06
Point 646,,47.13063904617228,-2.218469782797462,3.5037140607151924,10.467738117041437,1.229902537638733,bxBV8ySUnRpyhslFwCWULA,France;Europe,2009-11
Point 647,,47.13923769170703,-2.190566747701524,342.74943727264025,0.45231987642902993,2.279164267580019,pefapeO69Ia3L13Ja5iTew,France;Europe,2008-12
Point 648,,47.08276538236938,-2.040067715799281,237.3397943809051,10.569014170137097,0.478077141178575,9d7IWS3Uhss4VAQXe4BT8w,France;Europe,2023-06
Point 649,,47.06204229641814,-2.0036111268918737,213.58588887434533,1.760368436745992,2.3227983622681228,vk6rBmVGm6krZaP6wPC9uA,France;Europe,2021-09
Point 650,,47.00505919637709,-1.3370659294058185,348.4124207457693,10.891287730434527,0.16992500144231237,0syygB0UUjszPMjnlUJceg,France;Europe,2013-08
Point 651,,47.17365723105319,-1.2608586995133255,39.521602032859434,-0.6916661182604571,2.162285194912136,SFhY51nTIgUUQ2RO2GfaUA,France;Europe,2010-11
Point 652,,47.07168408188638,-1.2485460438703564,205.61297627460203,-1.1462249746425073,2.229334131292768,jksdfhys43rbDTaSaaF3fg,France;Europe,2016-05
Point 653,,46.95863708567625,-1.5743931239626705,199.0517194008309,-1.7131092766325793,1.3720463568945225,mgMWkCDQxuu16SVbmu5uNg,France;Europe,2024-09
Point 654,,46.83102425939218,-1.5905841767766935,250.85548213291145,5.536776187919003,1.0177706419163903,foX1fYASKRdno-3-XiDaRA,France;Europe,2022-06
Point 655,,46.899493045092576,-1.687408170430637,288.03181768325277,-2.8970345822225028,1.2218393754173544,m1jtLdbPW79zy7-Q9zxefA,France;Europe,2013-08
Point 656,,46.94004959138863,-1.5091417796783222,359.2441389382969,0.5645843385532032,2.4806494567459993,7c97H_EZ8awR-RJL-K3_uw,France;Europe,2011-04
Point 657,,47.06208715774805,-1.481223312568233,173.32942031379343,2.3207969341087704,3.095118205232283,HPwAo8p-f5g0VtRvAOhNtA,France;Europe,2022-07
Point 658,,44.88932842876517,6.631522721288747,274.2223430437985,-7.511148724262668,1.1644288853369646,Qb3ijqOQ-dbmLxmo7iSvXA,France;Europe,2022-11
Point 659,,47.62550134183889,-1.8175362003606983,15.349366001583634,-3.380032520254332,3.095118205232283,cYXSCo5N6O5gBeFePrV8QA,France;Europe,2023-05
Point 660,,47.48081864566532,-1.7682141816508274,207.8740161418702,8.528387004187493,0.2537818610748507,ROwcj4Z4Jd6hK5Pkd9DS7A,France;Europe,2013-06
Point 661,,47.43505148970245,-1.497150066087011,260.61933650834226,1.0708893574280296,2.289652010975236,fiC9qkrwSX6aJP5I29tRFg,France;Europe,2025-02
Point 662,,47.50369487330727,-1.5772161156977893,39.965608239177016,-2.979892593971641,0.3340107984731192,VZHymXwu0PBADXYhW21CNw,France;Europe,2025-02
Point 663,,47.56168157874482,-1.6226135103947483,148.8324001929748,1.5123494903803163,3.095118205232283,GnnQiF1H7iY_QZaMCYR5kw,France;Europe,2025-03
Point 664,,47.67161198403065,-1.6713376496051104,283.93504000068117,-4.336664385649556,1.3531934695517889,AkbvQ_1xGEf6W7Zh1ywoMQ,France;Europe,2025-03
Point 665,,47.7094014802014,-1.3596379278336894,225.78040222950017,-3.9065790920263055,3.095118205232283,UD5U7bZlWmhCXvBOEFZlmw,France;Europe,2025-05
Point 666,,47.62041576773302,-1.3703323921695514,69.53863433438394,-0.7144601640379591,0.5952609235020898,0Rp4Y2Ia44t75Y3DL2OjFw,France;Europe,2025-04
Point 667,,-12.188915388961078,96.8306467879927,250.52226735736815,-0.39320078463222785,2.1018229143890577,c-dbDFXBF-9D4RhVrFq0mg,Australia;Oceania,2018-02
Point 668,,-12.117790933496988,96.8984717675922,356.50840838289395,1.3636848533454469,0.1706703876851341,9vsVF5UcDGVZ4lGNrJ1rdA,Australia;Oceania,2018-02
Point 669,,18.478697634355928,-69.91565358489709,316.3908613196091,-0.590300737481428,2.3195159847010203,obfEuw2b_2ynCsteFSPdCA,Americas;Caribbean;Dominican Republic;North America,2018-12
Point 670,,18.49728716537485,-69.93799250607769,355.365111553804,-1.6910242223174805,1.1774218107847625,Aex1Si9zWX1BZ-6-3DwLnQ,Caribbean;Dominican Republic;Americas;North America,2019-02
Point 671,,18.442689761359297,-69.93325836756621,230.0448080645614,-3.0394555234533556,1.293020006107624,X2qRQr1p7AluJ_OHCKACJA,Americas;North America;Caribbean;Dominican Republic,2019-01
Point 672,,19.42313788819378,-70.66917887929351,176.92907220464593,-0.012972072339223928,1.0464642195137257,CAoSF0NJSE0wb2dLRUlDQWdJQzRvXzJBdlFF,Americas;Dominican Republic;North America;Caribbean,2018-06
Point 673,,17.998497168212438,-76.74193110965365,70.81119095539306,1.835352714845726,1.0432134222992375,CAoSF0NJSE0wb2dLRUlDQWdJREx5OFRDaVFF,Jamaica;Caribbean;Americas;North America,2024-06
Point 674,,8.961515126965187,-79.53544462923739,122.3013922521013,4.98777375874991,1.1796562565168245,CAoSF0NJSE0wb2dLRUlDQWdJREVqS1dobGdF,Panama;North America;Americas,2016-09
Point 675,,-25.298871694019297,-57.60284740964766,221.14745725500237,3.8900043939769944,1.5650087621651163,LYoQt4EV6BszoHAtZlyScg,Paraguay;South America;Americas,2024-07
Point 676,,-25.287930729358923,-57.60713720293886,16.163970424263894,-0.46931647320336367,0.36094236455911266,8BXyYZuEpPFZOYsBPsvSEQ,Paraguay;South America;Americas,2024-07
Point 677,,-25.265066859296105,-57.57338187373037,282.5418679988761,2.8490669532685047,1.159438764598731,vvGQBjKfxNalBL_JMBTtog,Paraguay;Americas;South America,2024-07
Point 678,,-25.2863368630964,-57.5444994180724,183.0180954198057,-0.6586328519540103,2.2151226707980385,IJNBHab8szHUZWhAR0QxNA,Paraguay;South America;Americas,2024-07
Point 679,,-25.305134816699823,-57.55448486962854,256.4755409330193,5.044528583279529,1.4972370012622231,f8ZP7wJaRQlz5Ydl7nwQ6Q,Paraguay;South America;Americas,2024-07
Point 680,,-25.357291430347654,-57.50467284147345,23.92008377217603,-3.4782254613430865,2.5428536150522625,aAA-y0-mN2yiIfTs_T4CgA,Paraguay;South America;Americas,2024-08
Point 681,,-25.33970312979099,-57.273460883578586,287.8427666065961,2.0251400909849053,2.3435613017401717,pVhc9j0D_HaoYHB4EaAxVQ,Paraguay;Americas;South America,2024-10
Point 682,,-25.463765996057017,-56.00953251247595,265.77880000559213,4.684609729991095,2.227979460360613,AdVBHAaMrBYTvDxD5SbqYw,Paraguay;South America;Americas,2024-10
Point 683,,-25.358824201251103,-55.71079667717332,187.7123922526401,2.8412477859635317,1.1689329283055534,qCVhz2wklrz7N6gY0DE4gA,Paraguay;South America;Americas,2024-11
Point 684,,-25.51867082470061,-54.63240673710103,339.3669006553564,2.388232724025471,1.118800796364836,qhvkR1e8ziskgWY4iPTSgQ,Paraguay;South America;Americas,2024-12
Point 685,,-25.53782742634907,-54.62999755390667,127.82258831732346,1.455950636360669,1.5355175977663396,2nMuTJd7b0cgVN4ii3cBdQ,Paraguay;South America;Americas,2024-12
Point 686,,-25.52268102120267,-54.635051011385066,208.2324746777767,-0.4101166280901367,1.1801670562948463,PLr3OzWtARS7Z2kpT8n3qA,Paraguay;South America;Americas,2024-12
Point 687,,-27.29353568563222,-55.93586093270172,44.57825780944448,1.6184176807973785,2.273041715673053,86g7VRk8UKZon13shdsW3Q,Paraguay;South America;Americas,2024-12
Point 688,,-27.336454764684785,-55.86062083417502,358.768153775073,1.0822470128483417,2.2488696038795863,dLEh0GHF3FWbo6U8PXA4LA,Paraguay;South America;Americas,2024-11
Point 689,,-27.345263503272005,-55.838913525807335,252.3491420631913,2.0840130181640717,1.9639394219972524,f3M93IppMG-0ybuwhUB4NQ,Paraguay;South America;Americas,2024-11
Point 690,,-27.387056906080183,-56.82643255057055,215.2250861148381,0.6308329358253957,1.3395538784739305,QXonI_2o_yj78hc5asGJ_A,Paraguay;South America;Americas,2024-09
Point 691,,-26.659182769263772,-57.134760182243134,305.79062413651803,-24.30344410677202,0.9835636131004132,CAoSF0NJSE0wb2dLRUlDQWdJQ0d0cFdfaWdF,Paraguay;South America;Americas,2021-10
Point 692,,-25.814353212530087,-54.90133602529829,237.65658504162343,7.1423773755221305,1.0833651308023675,h6goJFTPaEcBFKCoH29tPQ,Paraguay;South America;Americas,2025-01
Point 693,,-25.79852597032037,-55.08167323997524,270.3656304645838,4.672905128355353,1.079877801315673,mmYPdAnyHPbKcKyubDWA5g,Paraguay;South America;Americas,2025-01
Point 694,,24.54788832367158,-81.78855937346175,162.62802162856786,1.7600141950978383,2.3231941651086805,2b72TDjon1rPmtF0oryEBA,USA;North America;Americas,2015-06
Point 695,,24.54914123879388,-81.78288667880943,132.88329363766076,1.5106168653532848,1.298042102094007,Qna5XLR4XvHxitlnTNc1Mg,USA;North America;Americas,2011-04
Point 696,,24.551898688882055,-81.77846459176565,146.45451617275168,6.373624483524054,1.1089974787884036,xeqc_Pk6eZ7TcHF7XG2T2g,USA;North America;Americas,2025-11
Point 697,,24.557184858504787,-81.7896071608697,147.35246061374477,-1.7823695488356464,0.9806826449474912,w4kLhhdbhalCGkQyLTg2uQ,USA;North America;Americas,2015-07
Point 698,,24.55544371969319,-81.77569487376248,124.412190835605,-3.0466735269092737,2.5096669146102704,TCutyDs6vtPYAl1TK7cLow,USA;North America;Americas,2015-07
Point 699,,24.557429193655608,-81.7509345061638,201.34454719206192,3.428671908798563,0.8589113577331533,C-wHj8sfqLpKD6gITyLsQg,USA;North America;Americas,2015-06
Point 700,,24.56904209485528,-81.76351073126793,149.08533256719744,-1.8585478799991504,1.3117961731038703,CdJ9eTs9BsglyeSVrLrx8g,USA;North America;Americas,2015-05
Point 701,,24.66679377891876,-81.53276682618788,333.2317531307354,5.009079310761734,1.3529787275418654,qbL45fmVL7nGQ0I8WxPtJw,USA;North America;Americas,2011-03
Point 702,,24.645463624480545,-81.56767568660094,215.9012643751495,-5.260316033783141,1.0657811188343835,GnU2LVYNHjk4_gNMczFeNg,USA;Americas;North America,2011-04
Point 703,,24.60028696273381,-81.6516697033965,132.88725772565846,-1.082588167725106,1.218426834126384,qHpdBg8m3K-Yboyuk0AASw,USA;North America;Americas,2011-04
Point 704,,24.775566164243337,-80.91060431567354,310.71440090458424,2.5066931908004904,1.1104819997622708,onpOgCxtjO7qrceH9vRwyA,USA;North America;Americas,2025-12
Point 705,,25.092618046333477,-80.4369771019291,269.5751875220267,4.6042286440741265,1.219644712358148,Ifmbvxb4L0FLoYP_LeqxNQ,USA;North America;Americas,2025-12
Point 706,,24.994888673580473,-80.53637387019538,181.8356785950652,5.105622371596311,1.1474580153373457,r_Bgm6XEXsbqR18oAZgxNA,USA;North America;Americas,2011-04
Point 707,,24.875791435339895,-80.69965532042143,316.40020175927214,-2.016834224254751,3.095118205232283,IKtbNLLD0nkBeUwJUGzbqw,USA;North America;Americas,2025-12
Point 708,,43.92874453669939,12.44245733168174,160.30614742082238,2.4504235381961195,1.0399522427317605,Z0-hohmr4ZdcoIQjTkH0DA,San Marino;Europe,2024-05
Point 709,,43.945066297151286,12.452044001032114,134.8464495060719,2.46939721666773,2.2496471219685277,82cLaGXQQ6a71U8TnNee6Q,San Marino;Europe,2015-08
Point 710,,43.725222725824864,7.410853206239475,138.3195730217674,2.172005603833199,0.7056222862175381,-W6xYR4a36ZxZnkKqOVWLQ,Monaco;Europe,2010-10
Point 711,,-31.939942414520253,115.85623722110738,147.3575147842075,3.955149783552855,1.024942151769425,dNaxFM_GqJE1_f3QdZU9Eg,Australia;Oceania,2024-01
Point 712,,-31.944962501177933,115.8721311154379,202.41808742183895,-0.9068422340938156,0.9846447339843764,faLZAbNYqe_i5y8-DUN46g,Australia;Oceania,2025-03
Point 713,,-31.95244390280963,115.89468117026836,200.81245302430767,-2.2651608364427744,1.3142411580648343,-BbbD-o7C526Up9OIIX3ag,Australia;Oceania,2023-07
Point 714,,-31.947689060448536,115.91410042942896,184.59109648654768,-0.4527013790557533,1.4511537765127065,gnofdVWqqwYNhfIrBpaoow,Australia;Oceania,2017-04
Point 715,,-32.03487754261117,115.88203135550216,36.898051058549456,-5.253336869064228,1.148561211875023,uThESSDgWXVVGz4R_O-bgQ,Australia;Oceania,2014-04
Point 716,,-32.00017277432737,115.8743329153527,336.6178771717363,2.568780157545362,2.3385245174428295,L1LC-ucEua3_N1Xl3aiDmw,Australia;Oceania,2024-06
Point 717,,-31.984307559464774,115.86314656873164,313.3865605042291,-3.804895010529407,1.2321302426636862,G_dgoUHLn5QEuLah9_bFQg,Australia;Oceania,2024-06
Point 718,,-32.0003028508383,115.7933626035095,161.44860118553817,-0.18102816542486264,2.216485927142034,hRfx36pRWJEygiUckoLfJg,Australia;Oceania,2024-03
Point 719,,-32.001584108898626,115.77017278324858,173.63488184376678,-0.28676987919263297,1.228789492465015,H1s6tNu_JsL_3e2SzMRUJA,Australia;Oceania,2023-11
Point 720,,-31.992928618329493,115.75576354472344,-1.702721488371185,-0.3970078520185183,1.167392513790419,pqXG6_n3AGiPVv9x2lVQnw,Australia;Oceania,2024-11
Point 721,,-31.939775919553725,115.80245907487448,16.271506375223318,-2.3364534275018656,1.3724986874625025,OGNKJqRUesb1ypIO61oI7g,Australia;Oceania,2014-06
Point 722,,-31.931935615405013,115.83738508943256,183.4975384469754,-0.14360536158437753,1.103092938671208,a1uMFkBV6e3Bt2-ZD5N0ag,Australia;Oceania,2024-01
Point 723,,-31.939772162260493,115.85793544530472,210.8026498032202,-1.20850815721478,1.5254487035818802,15rwvsM0v5DJ0uywGzpS3Q,Australia;Oceania,2021-03
Point 724,,-33.954854119250186,116.13409821929278,2.8493828832320065,-2.0716983985627024,0.8646295644966631,4IIG34jkjniOuijHtM4iww,Oceania;Australia,2024-09
Point 725,,-33.64436584693964,115.35249301535194,30.558568951271305,-0.05846468797426496,1.2332449043643048,Cc3CfixX6f2Nb25oX4kjug,Australia;Oceania,2023-03
Point 726,,48.84698480615759,2.3343909761747987,355.1995311627669,0.987398750467193,1.1616137500197845,HhxO3Xf8CDGrBia84P8w_A,France;Europe,2014-05
Point 727,,48.845958140789094,2.3365570752931073,271.17635267983474,3.2870222098806323,1.4123649180510234,Iv7f4k60plyDBXDVfhZl5Q,France;Europe,2014-05
Point 728,,49.66334490990464,6.1291166018093035,203.5582982524838,-0.9420297835871736,3.095118205232283,t6smuFMJ-eU1DHim1_dp-A,Luxembourg;Europe,2009-03
Point 729,,49.64953967116751,6.228057752364921,149.45852902457904,-1.0592429397019032,1.2605371912024026,u1yhaN_q8dKCtAu8BSKT3A,Europe;Luxembourg,2024-08
Point 730,,49.59228561771182,6.248571024192458,34.33018593411774,1.6628917547005813,1.25115363726277,B7LVpqTZ-l5_1Q9GEiPnGg,Europe;Luxembourg,2024-06
Point 731,,49.63198058848428,6.113726507124741,196.70180079448195,-0.1983790835783452,1.2906042088195957,08ffAmu8tSXQtxfWCdv5tg,Luxembourg;Europe,2009-09
Point 732,,49.615057503520205,6.153273404650418,273.4319211968,3.29317954844997,1.1882410878436866,nEnNedGHLu9hiAIN4bk6JA,Luxembourg;Europe,2024-06
Point 733,,49.60289479852495,6.161701016101669,298.9539091483736,-1.500891172695944,2.3295482025183096,lcEdJGPRct7j0-tQhKi94w,Luxembourg;Europe,2024-05
Point 734,,49.5910530459551,6.130493333991631,236.97420724330092,5.565413837418987,1.1680778712200777,cQjUJPoRbRvw6sRmhK27kA,Luxembourg;Europe,2022-10
Point 735,,49.58263314817654,6.136384151126481,62.71569963641713,-0.08107734781131626,1.4256990906171554,mt7hLf8E6427xh5vIvXaiA,Luxembourg;Europe,2023-05
Point 736,,49.491350348434594,5.988732575262075,268.00637510006544,9.403080346788784,0.5843746651388564,eHYzzE6hdfSvTwV0I3gzYA,Luxembourg;Europe,2023-05
Point 737,,49.642335529314366,5.993763989653839,222.33001120437808,7.269791584329695,0.9846447339843764,Fg-tIkSGJlCSbuyzU63FFQ,Luxembourg;Europe,2024-09
Point 738,,49.75067997535217,6.101691192499032,207.55494048857264,3.9804456358983344,2.4819361131764732,WcommpPjKs8vdnQqvugP8Q,Luxembourg;Europe,2024-07
Point 739,,49.561379649235235,5.87481608320154,172.02683330520784,1.589386372610008,1.554689455450748,AqMHcrfY_pe4lD_QrqERLg,Luxembourg;Europe,2019-01
Point 740,,49.6760963562589,5.84635321022118,218.53577529721852,-1.0248740785463042,2.2633300360858115,P-MtU8HL9vsP50L4Fmv2rA,Belgique;Europe,2009-04
Point 741,,49.69173551892846,5.813848977850091,201.03318792377172,-0.07920473481387091,1.1859985779205338,hVQ0wuvKlBioe38KuSGKlA,Luxembourg;Europe,2023-08
Point 742,,49.70011302172969,5.817177252661444,17.55957924472284,1.5396299606802728,0.17027117901827216,nyBZsVQ9ETaLhhXGohYs3Q,Belgique;Europe,2023-08
Point 743,,49.78635699375253,6.080875621900111,314.3723803373521,-2.375567267149137,2.537726749275741,ompIslKg66DsTONV_dEKDw,Luxembourg;Europe,2024-08
Point 744,,49.97007567623617,5.93406354505348,166.38970825204345,1.4867508982397624,0.9866208637740488,2CFBgDxvizDgmdTyP_7JFg,Luxembourg;Europe,2023-04
Point 745,,49.88759486808975,5.981604542435916,0.001,2.9347072548998483,0.16992500144231237,oLVxHuhBJ56gRkC9cQxegg,Luxembourg;Europe,2009-09
Point 746,,49.86149567574424,6.117527994685059,333.6775719542361,0.5672315774859555,0.8793291009281949,RUwrrrkKozXA0UvMjm7PXQ,Luxembourg;Europe,2024-08
Point 747,,49.780632622511995,6.333245319746466,43.583724813311065,-2.066848699997877,1.20994911361889,B2xhW2igVFEnMJMSz_9nQw,Luxembourg;Europe,2024-04
Point 748,,49.83105430713599,5.7295254405103435,358.7304743435345,-2.652365777590603,0.16992500144231237,szWDoX8EWuOzYBWm_8f5lQ,Belgium;Europe,2023-08
Point 749,,49.75337024657769,5.782708152809028,190.2075649570549,13.082898371520884,1.3678932011491416,Hwx06M1I3lzzjfZDiM_fPg,Luxembourg;Europe,2019-03
Point 750,,53.478329377798445,6.162933362528823,308.51460814724743,1.8557565335926969,1.1810274542072274,_fl6G7bb80nl99Q3GPlrNg,Europe;Netherlands,2014-07
Point 751,,53.44732419757872,5.765566138359652,349.53597954426266,8.553338458304879,1.2221736307869495,Qhs-vman666njrz5TnbN0Q,Netherlands;Europe,2014-08
Point 752,,53.44589687861987,5.638488955582109,175.28171734390145,1.5357409224274503,2.221788626202491,hSkXID177wPjJ-vVSZS9Yw,Netherlands;Europe,2025-06
Point 753,,53.4473982815592,5.641906474271739,293.2244323947315,1.5315925788147098,3.095118205232283,AmU8zJNjx63gemvJcllmXg,Netherlands;Europe,2025-06
Point 754,,53.05049043148578,4.7966161062771935,135.10529288430308,0.18820362089591924,1.1027235702641764,RieN50v8n6JqcEdlWx822A,Netherlands;Europe,2009-11
Point 755,,52.963012449861566,4.74065276872608,130.38240490414375,1.19708849385934,1.5670710701392392,AOS1SrVyFOOmNm-m-2Y6AA,Netherlands;Europe,2009-04
Point 756,,52.936972657066526,4.750685812397217,29.5159508812987,-5.058563004960845,2.417950069495531,QVGXUX3wzbMDNKvl02Ci3g,Netherlands;Europe,2025-04
Point 757,,52.90297203243331,4.720328124152946,322.8201180645785,-0.9140512049373511,1.5522941445123548,yq-R7Pwq0ugSArBEAgwsMQ,Netherlands;Europe,2009-04
Point 758,,61.44344482867387,23.839763474770503,0.001,0,0.16992500144231237,iLQDqve6A4f2OcKNZS4RcA,Finland;Europe,2024-08
Point 759,,-18.00510978760177,-70.21485805217287,103.53210854700478,-0.8969510852478066,2.680317678080448,3BC2gWc7gUm7edyiX1NuMA,Peru;South America;Americas,2024-10
Point 760,,-17.984484908914958,-70.20884694162505,31.977171239467875,6.186557060716979,0.16992500144231237,CAoSFkNJSE0wb2dLRUlDQWdJRHEtZWZOVlE.,Peru;South America;Americas,2015-06
Point 761,,-16.381616980676995,-71.53558056527501,13.998324905469952,-4.980818712599628,2.753896814638419,OITJ89JrR-r5Jinwp67uUw,Peru;South America;Europe,2024-09
Point 762,,-16.387374676058013,-71.53741330606665,2.199402024624485,4.291246830190985,1.105026090831584,CnV_fCQvsIw8cFErQFHNpw,Peru;South America;Europe,2014-02
Point 763,,-13.522629281418109,-71.97601008456397,173.33790162970277,1.2097579638397065,2.6686355078499573,-3vOOcUSXkjuoKVQcNoZTg,Peru;South America;Europe,2013-11
Point 764,,-0.6003195269221318,-80.42656664268723,311.820690801182,1.045465738995773,1.1807742639265058,cHHiUJ4cKK1Q8XEDFWeWjg,Ecuador;South America;Americas,2015-02
Point 765,,-2.1876866975404377,-79.897044580196,291.5675783720914,-1.7500522177311666,3.095118205232283,QFihpZteP3kHrg3g660M1w,Ecuador;South America;Americas,2015-03
Point 766,,-2.1640048552204667,-79.90561367006947,219.7658523302957,-1.190124944851064,2.6003790184639515,ldnDAjcYvEMmDKUstV5X2Q,Ecuador;South America;Americas,2024-10
Point 767,,-2.1918398783546276,-79.99874043948184,219.81562686794027,0.3207441166144491,2.399945487653487,t9pkle5xyuMd3TrGDtojBw,Ecuador;Americas;South America,2022-06
Point 768,,-2.1669732754001925,-79.939467557426,39.35627240102195,6.373924215276645,0.6235719828216539,ynNuPZHH-aMBmbfAxj1fcg,Ecuador;Americas;South America,2024-10
Point 769,,-2.148797205275911,-79.89124541912115,185.9720754905391,10.572079707668491,1.0130632871285583,pYXELw-wcGlf9tRaMGZUlA,Ecuador;South America;Americas,2024-08
Point 770,,-2.1461416133774525,-79.89213652523124,174.8710192857043,2.146378461823332,2.8385233353510473,CAoSFkNJSE0wb2dLRUlDQWdJREU5YzNLYkE.,Ecuador;Americas;South America,2018-12
Point 771,,-2.104882309171077,-79.90927209327685,66.94972290737304,-0.8661206986811436,2.8542266976970483,Ih4Qwj-ru5IPpFCmdQBGBA,Ecuador;South America;Americas,2024-12
Point 772,,-2.214003936091715,-80.95993909512073,341.6404515008084,16.483748533419856,0.16992500144231237,CAoSFkNJSE0wb2dLRUlDQWdJQ2toYS1qT3c.,Ecuador;Americas;South America,2018-12
Point 773,,-2.214092706901904,-80.95890000455171,9.97347838327972,14.30662110361412,0.16992500144231237,CAoSFkNJSE0wb2dLRUlDQWdJRHF4Y3JkYWc.,Ecuador;South America;Americas,2020-08
Point 774,,48.717791292876505,-86.3828898392008,43.48851371425447,1.786830860046237,3.095118205232283,CNnOAiS_9RNtHmTdlsS95A,Canada;North America;Americas,2024-08
Point 775,,-33.82131118849387,151.23638208491317,43.55187566815169,-1.158204720998043,1.7299172818453323,Mpl2E6tiqo7grAYNKskVYg,Australia;Oceania,2013-06
Point 776,,48.0968461120052,16.794971431521468,35.37142771979138,-7.098057515720953,1.567553128393845,k3AVSUy7IsinB53HHW83-Q,Austria;Europe,2022-03
Point 777,,1.5545141646125653,103.64364377497274,142.29991629875954,1.861700128525456,1.32350068082368,H7Ex1imOnc-lcYXaQ8m7Jg,Malaysia;South-East Asia;Asia,2016-07
Point 778,,1.4792900281083394,103.67323463388352,0.7284414124400155,-2.1402633121937527,1.000911722655095,_Dv1jSNaAIiOv1P0DhuH9w,Malaysia;South-East Asia;Asia,2019-05
Point 779,,1.4199521230387069,103.63665797112098,23.2851706265297,-1.395594527660549,1.233616577897091,K3rOdUTgK97ZZXu1Tq3DQw,Malaysia;South-East Asia;Asia,2023-12
Point 780,,1.4129547153457926,104.16538945677824,19.000839701411707,-3.840348755097935,2.5936350198268876,b27G6eOQDie9yo0B3ZH8_g,Malaysia;South-East Asia;Asia,2024-01
Point 781,,1.736769713025221,103.90172262763876,333.4812060960769,-0.9615809053066044,1.5685176066039483,HtsEFToT2CWwHeV72sCpAA,Malaysia;South-East Asia;Asia,2024-01
Point 782,,2.0156313712987504,103.31921840811508,7.875941187356295,4.967396850413593,1.4443886855765435,9BbZJ7kPH_iy929DlLnwhw,Malaysia;South-East Asia;Asia,2013-11
Point 783,,1.844671736744543,102.93503505693936,348.31271405358876,1.4515338637490205,0.8631990646617242,zWaY58zqjQNOAqbTDgVsfg,Malaysia;South-East Asia;Asia,2015-12
Point 784,,2.484663055810132,102.84817538800108,79.4674497367157,2.2133383354305636,1.0671458707353911,ztn8sasK97np8GEYEQFf5w,Asia;South-East Asia;Malaysia,2024-01
Point 785,,-22.959949126661694,14.484234614463851,160.0521525338562,0.12634989092394733,3.095464382808243,tMY5ZeKalOl3r1X7AnYBwA,Namibia;Africa,2024-03
Point 786,,-22.668800606474,14.530355381916335,1.2403943632563323,-3.2928775215309685,2.80674507129544,7Ql7npXYa2cds7tfhkOxrg,Namibia;Africa,2024-02
Point 787,,-22.604336885231007,17.092948040539902,357.90964258737677,-1.3981601825493757,1.291345440125964,ID7Qv2_jzP11Yqt_kKGi9w,Namibia;Africa,2023-11
Point 788,,63.4460054729791,10.454545494214942,240.23281952013184,-0.8411316587126123,2.40558610004068,_247DUjrKtvtWKv1KocqBA,Norway;Europe,2022-09
Point 789,,63.42650572128704,10.375854909453436,188.13517086943065,4.43894255849105,1.241435664719658,UxjbEZk5519HKEI8hHdKRA,Norway;Europe,2014-07
Point 790,,59.39318371252535,5.291860280845323,195.99463352831427,-8.553886025214325,2.6919008009013043,3RfTrCuKFocHQZ9Euhkopg,Norway;Europe,2020-12
Point 791,,59.39942452756966,5.311684444773525,41.11895255788955,2.529839609016932,2.4937532642287517,ymMK95X4wmVewYBmslLO1Q,Norway;Europe,2024-07
Point 792,,59.41747983558779,5.3932363054375285,124.2673221613744,2.999372470943868,1.0887271571490644,XFaMlmJ1ybnB6kOgdj0UwQ,Norway;Europe,2024-07
Point 793,,59.59759659430944,5.319173305560561,0.19611118537267205,3.890282216698168,1.3039845519089182,ANZRcok6axWKrB-v3ohZ7w,Norway;Europe,2023-08
Point 794,,59.637453743363345,5.384452211174999,65.57528095557475,7.761798158052088,1.173202897131128,udxludQUKbMNVYgX5bq3uA,Norway;Europe,2024-07
Point 795,,59.79132231883691,5.3085303329351206,112.99167253054488,-9.462064545217316,2.5340839940749005,DxsUgkMrS88gXm9aBRF6Hw,Norway;Europe,2024-08
Point 796,,59.77573580980759,5.492279067406755,145.79625097588934,7.4460721015023665,2.0146170462034156,NO4jTQ4_SfYwwU6odA93mw,Norway;Europe,2024-09
Point 797,,60.334137424257165,5.2944497481235615,42.94897696218756,-0.44562602857214983,1.1738081724182814,N3qmNbrzqdIZ8ht3cLktqQ,Norway;Europe,2022-06
Point 798,,60.42647799926478,5.304540371334912,264.64991913436023,6.875868890873392,1.113457252355018,CAoSFkNJSE0wb2dLRUlDQWdJRHE4NURoUmc.,Europe;Norway,2021-04
Point 799,,60.30718375683365,5.361647290535891,98.79426160152876,4.874868726049385,0.4601977639486068,FHEZ_7mZdP1xNkzJGu2MEQ,Norway;Europe,2022-05
Point 800,,60.29041872845623,5.392223631654696,220.23782980633757,14.98345667112686,0.16992500144231237,S-8l-5YsGfw8cDampmfYxg,Norway;Europe,2019-05
Point 801,,61.10677560692931,10.46672699198808,80.49782125624789,9.163399765481586,0.40026567118482015,RyP0e8FCCVpJ9umgXtma6g,Norway;Europe,2024-04
Point 802,,59.94287781642832,10.675268517865389,144.13027865948763,-6.922530263273373,1.1933403277122094,huglPBozovkdy6iG2wtxKA,Norway;Europe,2023-08
Point 803,,59.95271970524119,10.676871803397733,31.69666026495128,0.5369878041525453,0.9666795879156468,199GdGFex7XEva_bXNsh0w,Europe;Norway,2024-08
Point 804,,59.92379523372509,10.649861539294408,24.636253890420345,0.7322540189521476,3.095118205232283,DiF-w73O8VtCFyqXHKerbQ,Norway;Europe,2022-08
Point 805,,59.9246168555708,10.691789109579092,154.25866804791144,5.779559802986867,1.1585529030735586,Fv3oTSeHsDhX1nHu0B_sFg,Norway;Europe,2022-05
Point 806,,59.92636862256568,10.709201503541824,211.72806939355127,3.3906610981252214,1.1836795496923938,ihOl7NwP6aXv6hyg1jLghA,Norway;Europe,2023-07
Point 807,,59.901386240596466,10.682090376157,358.5482276269893,4.680806662070339,0.961270304103384,h5pJA_ZQK13gvyT4LWurnQ,Europe;Norway,2024-08
Point 808,,59.944597761789225,10.733718242533069,95.93579525268908,3.494727256911318,1.13901663584012,WTOfecj765nrjuMCsAGHEw,Norway;Europe,2019-09
Point 809,,59.960413380161626,10.745311530839922,43.32310846221813,3.334780525964277,1.0467439206622131,bohg04M7yXqtgp0XzGLuGg,Norway;Europe,2014-05
Point 810,,59.953916440432565,10.677476707003503,176.65070653297798,2.3870499638216813,1.1408492507700587,zRy9P_NG_NJVFyeO0ZSKWQ,Norway;Europe,2024-08
Point 811,,59.803953596298385,10.789134253601718,155.1521636514248,8.301012472844008,1.622326577327104,QkcNkoqNtOl9uR9J3xsUtA,Norway;Europe,2022-11
Point 812,,59.71963706710043,10.852600016310404,162.41977861377396,6.095443272915546,1.1548220987527325,hyAqPH3ExE_KgBJMEi8C6A,Norway;Europe,2023-07
Point 813,,59.92215884615596,10.862506207498528,359.05525265526944,1.0470926295225382,0.16992500144231237,M1vFZFwShNsxMn4v8X_xIA,Norway;Europe,2020-11
Point 814,,-14.803732885906024,34.623178129492395,0.001,0,0,CAoSF0NJSE0wb2dLRUlDQWdJRHVwX2pGeFFF,,2022-08
Point 815,,47.22244649892079,-1.5782056497004897,110.07669284593338,7.020680390211254,3.095118205232283,rZfJ-mdI0zM8AZAzfbIDcQ,France;Europe,2023-05
Point 816,,47.270600073182365,-2.4626202036712757,250.52064765821385,-5.374252790761304,1.648167490384589,YHtjjzvfk-W5-wcov8IOaA,Europe;France,2018-06
Point 817,,45.50851593184141,-73.61220389337632,0.001,0,0,CAoSHENJQUJJaEFHYnphcVh4SEZtbWdJLXp3QUNsWWQ,,2025-04
Point 818,,45.518068174496456,-73.58823888425889,130.71552664123186,-1.105920465985676,3.0936749067365508,rrVmnk3uFtXvYPhfVTQJhA,Canada;North America;Americas,2024-10
Point 819,,-7.7050426390761695,112.26992027256284,0.001,0,0,Y_zVYvn3WwmoqkVLSqsR4Q,,2015-09
Point 820,,43.74002825099451,7.414027929976915,0.001,0,0,zcXKVRMarREROgk0_DHHPg,,2025-08
Point 821,,48.00923899486851,0.1953261427913424,0.001,0,0,ieK7UQ2VPw7d1Z_w1VTHFQ,,2024-10
Point 822,,48.01523473204677,0.1945711211706722,331.4900760920099,-0.11171862476932404,0.25252992168805766,MWBNct7CFzHgZtZHfKSIyg,France;Europe,2020-11
Point 823,,50.699870882278375,-119.246229873269,192.3798942503885,6.782726728713584,0.18893319881336768,MNt09UGeePOIJWJcCFYAEA,Canada;Americas;North America,2024-07
Point 824,,41.7126327189302,44.76494523961718,2.2122518672658913,-6.339371872050009,1.328698332218604,CAoSF0NJSE0wb2dLRUlDQWdJREw1LW5ibndF,Georgia;Asia;Hard,2024-06
Point 825,,41.70937828770968,44.74926997987706,62.35472486176216,8.477490159302647,1.3912510870674395,CAoSF0NJSE0wb2dLRUlDQWdJRHFxNC1pamdF,Georgia;Asia;Hard,2021-01
Point 826,,41.72136552954282,44.72303147045419,40.58333156561877,10.634921620767258,0.870748101054747,CAoSFkNJSE0wb2dLRUlDQWdJQ1gyOF9JQXc.,Georgia;Asia;Hard,2024-10
Point 827,,40.36394220351575,49.83586503416756,122.75582605706958,-0.8902486082486689,2.275018136459338,CAoSF0NJSE0wb2dLRUlDQWdJRGE4ZGo4NkFF,Azerbaijan;Asia;Hard,2019-02
Point 828,,36.166946310448,36.13829190063414,184.33008928746872,4.784052239933175,1.3475002376818357,fIJKP1ZdxYoTd9V3eub0AA,Turkey;Clay;Asia,2020-05
Point 829,,15.128932008003453,145.69424967071092,354.55469104124205,6.312699859532017,0.16992500144231237,9dYNLu-Pwd0AAAQXR3F6cA,USA;Oceania,2014-07
Point 830,,-42.882249936515144,147.40491024150114,17.42595028823035,0.13288725882148356,1.1722162038452126,PmgOFwBceRaMPXvpwxZBxg,Australia;Oceania,2024-06
Point 831,,-20.99977338503377,55.279320886788845,305.0252295824781,6.583374124269582,0.17027117901827216,tJdUFo4eOwxdcM-SEep0ZQ,Hard;France;Africa,2015-08
Point 832,,-21.07306330400421,55.22521737952976,168.71474741616709,6.7173934320106525,2.051443646080016,CAoSF0NJSE0wb2dLRUlDQWdJRHF2ZlN0aEFF,France;Africa;Hard,2019-01
Point 833,,-21.272200018436163,55.3341798644136,258.5740089040337,3.0930437172106195,0.7021287596740462,tVpCxtCWjCzowQqwfeTgiA,France;Hard;Africa,2015-08
Point 834,,-21.234940301368024,55.3416230992322,259.57803371333245,3.6970111465799538,1.4785433834823938,XDyHi2qeMdcy9uwh-V8O5w,France;Hard;Africa,2015-08
Point 835,,-21.168510936335338,55.29008513916677,308.098094652268,-1.6709780231469151,3.095118205232283,j5_z5u33tbyGmE-Gud0sSQ,France;Hard;Africa,2015-08
Point 836,,-21.28859003889871,55.4050479064021,350.14947848203707,4.47918141947936,1.156169563525408,wiJ04OIzvSqWmhErx50zbg,France;Africa;Hard,2015-08
Point 837,,-21.27137888144592,55.52105243508973,4.329013563294941,4.441652272122738,1.247411050112981,CAoSFkNJSE0wb2dLRUlDQWdJREU0OXpjUUE.,France;Africa;Hard,2018-08
Point 838,,-20.91143235416338,55.61416732693557,58.00235443013934,7.525668083661074,1.3774857352078136,p33m9XrV8ZkUg4y2wUIUAA,France;Africa;Hard,2015-08
Point 839,,-20.89068625103475,55.469025181014246,129.9369735517414,3.3402368383069927,2.6981602259037354,dy7HvTB9V_2b-DOkXSkk1w,France;Africa;Hard,2015-08
Point 840,,-20.02219825181462,57.57769215418314,333.8886257077061,2.1995922342186702,1.1127155284641586,CAoSFkNJSE0wb2dLRUlDQWdJRHBuNTdVRWc.,Mauritius;Africa;Hard,2023-08
Point 841,,-17.81472088450068,31.04982052970902,26.656255020738858,5.96457380667286,0.16992500144231237,CAoSF0NJSE0wb2dLRUlDQWdJQ2t6TEdSendF,Zimbabwe;Hard;Africa,2018-01
Point 842,,-17.796819218015905,31.045413895249613,305.0119881597118,8.928047620786117,1.105680030238943,CAoSFkNJSE0wb2dLRUlDQWdJRGF4ZEh6SEE.,Africa;Zimbabwe;Hard,2018-04
Point 843,,-17.784410252960377,31.05376173021228,275.3510909237541,4.708895505884129,0.9294341180814552,CAoSF0NJSE0wb2dLRUlDQWdJREVtNENlN0FF,Zimbabwe;Africa;Hard,2018-02
Point 844,,-6.17336231360802,39.197053127250186,166.64744786926582,6.509563468848768,1.1496181813823347,CAoSFkNJSE0wb2dLRUlDQWdJRGE2NUNrWkE.,Tanzania;Africa;Hard,2021-01
Point 845,,0.27768856419223453,73.35691172812736,103.905258198675,3.629592244384469,0.16992500144231237,CAoSFkNJSE0wb2dLRUlDQWdJQzR3N0xhTlE.,Maldives;Asia;Hard,2016-03
Point 846,,3.4839410989087836,72.80256976342343,152.5653152961822,10.236012996690391,1.2376163500524875,CAoSFkNJSE0wb2dLRUlDQWdJQ0UxNGE1ZXc.,Maldives;Asia;Hard,2017-09
Point 847,,4.2872724180143065,73.5546095713784,95.07794848124382,0.764760148993517,0.16992500144231237,CAoSFkNJSE0wb2dLRUlDQWdJQ0V4ZGpXVlE.,Maldives;Asia;Hard,2015-09
Point 848,,4.45175960686367,73.71651991960654,31.17663894966728,6.133137887035986,0.16992500144231237,CAoSF0NJSE0wb2dLRUlDQWdJQ2tpTm1xeUFF,Hard;Maldives;Asia,2017-04
Point 849,,4.5080335361589405,73.37057953142435,100.43299058709678,4.97488148861747,0.16992500144231237,CAoSFkNJSE0wb2dLRUlDQWdJQzg0SkhiU2c.,Maldives;Asia;Hard,2019-04
Point 850,,5.207365004924476,73.08482931520976,166.10492265124682,0.5452702477263784,0.16992500144231237,CAoSFkNJSE0wb2dLRUlDQWdJQ2MtUGVMRWc.,Maldives;Synthetic Grass;Asia,2019-12
Point 851,,30.417784362765,-9.601905273713848,1.7655554083625438,1.691171115721971,0.16992500144231237,CAoSFkNJSE0wb2dLRUlDQWdJREU3cXpCYVE.,Morocco;Clay;Africa,2017-12
Point 852,,17.336684208746608,96.49126454711543,28.148488246046995,-1.603047923686006,2.791734627873972,CAoSF0NJSE0wb2dLRUlDQWdJRGFwOFM4eEFF,Myanmar;Hard;Asia;South-East Asia,2018-11
Point 853,,11.669284546562109,92.74468085705702,138.37637669881215,2.403487438949483,0.9269163489103128,P3wvkMoQw0YxTmj5x5AWTQ,India;Asia;Hard,2024-06
Point 854,,36.300897992189135,59.495758319516646,263.6634086641124,-1.4928830796273047,0.16992500144231237,CAoSF0NJSE0wb2dLRUlDQWdJQ3NodXZpNWdF,Iran;Asia;Hard,2020-01
Point 855,,12.066636993149531,-68.84974125980882,146.50704378747616,-10.907121964505947,0.16992500144231237,CAoSF0NJSE0wb2dLRUlDQWdJQ0U3b09qbXdF,Netherlands;Americas;Clay;North America,2019-01
Point 856,,12.11403165616468,-68.94968306142715,189.5762794021624,7.903071088053835,0.8642718799682321,vAT8rCf4FYagLCk8JQcJig,Netherlands;North America;Americas;Hard,2018-01
Point 857,,12.14051894743396,-68.98374331038251,183.58363416721372,1.116976380998295,1.128606261354325,hKx44V2N2BcZrDNTFdjnGQ,Netherlands;Americas;North America;Hard,2018-01
Point 858,,12.444722190925452,-69.90860753401338,42.388372729060855,6.828563217790119,0.16992500144231237,CAoSFkNJSE0wb2dLRUlDQWdJRHFvOGpIR0E.,Netherlands;Americas;North America;Hard,2020-02
Point 859,,12.539865866780632,-70.06158134679741,335.2274274405157,0.5562639918053662,1.1101212168633732,CAoSF0NJSE0wb2dLRUlDQWdJRHFvNGlXX0FF,Netherlands;Americas;North America;Hard,2020-06
Point 860,,12.415504685356456,-69.88197909056012,342.17563072931176,-5.092824238279249,2.1468334914701868,CAoSF0NJSE0wb2dLRUlDQWdJQ0d4WkNrdGdF,Netherlands;Hard;Americas;North America,2021-11
Point 861,,12.572661710877355,-70.04318882220524,333.8310355027513,-29.350581480875107,3.095118205232283,CAoSF0NJSE0wb2dLRUlDQWdJRHF3NWFYbkFF,Netherlands;Americas;North America;Hard,2020-12
Point 862,,12.598763405402932,-70.04373671291408,0.001,0,0,CAoSFkNJSE0wb2dLRUlDQWdJRDB4OGZaVGc,,2019-09
Point 863,,12.585431009034163,-70.04043518752603,350.6101309735398,5.074654779990425,0.16992500144231237,CAoSF0NJSE0wb2dLRUlDQWdJQ092SUQtaGdF,Netherlands;Americas;North America;Hard,2022-06
Point 864,,12.04823567819587,-61.745141864328254,265.9969867857579,-5.663799755287542,1.2310161210254185,CAoSFkNJSE0wb2dLRUlDQWdJQzk3cC04VHc.,Granada;North America;Americas;Hard,2024-03
Point 865,,13.156155288437567,-61.2221592312057,200.9386488143101,-0.1940277781456672,2.7603414209350357,CAoSFkNJSE0wb2dLRUlDQWdJREJxdldTYkE.,Saint Vincent and the Grenadines;North America;Americas;Hard,2023-01
Point 866,,16.205022037624133,-61.60467296344399,306.98504750674465,8.111315528016462,1.6129229073379752,CAoSFkNJSE0wb2dLRUlDQWdJRGFfWUxORHc.,France;Americas;North America;Clay,2020-11
Point 867,,16.326422703652597,-61.69862960715083,38.30929720117984,-0.19771705022279207,1.1722162034024386,CAoSHENJQUJJaENqb05VWmswRWE0UXczcFh2ZERXRUM.,France;North America;Americas;Hard,2026-01
Point 868,,16.26765924646259,-61.507875775273696,314.0096033288494,-0.2125796998423084,1.167392513790419,CAoSHENJQUJJaEQ1X3RYbGdIZUxBcDU3dlBLZC0zcWU.,France;North America;Americas;Hard,2026-01
Point 869,,17.064787649236433,-61.885581320291095,28.443269157878728,2.471395059264168,0.16992500144231237,CAoSFkNJSE0wb2dLRUlDQWdJRGRsdmFyVmc.,North America;Americas;Antigua and Barbuda,2024-02
Point 870,,17.12566306533238,-61.83605798929707,256.21564880150015,0.6141384312463458,2.3894003076424273,CAoSFkNJSE0wb2dLRUlDQWdJRGR4dWpiVnc.,Antigua and Barbuda;Americas;North America;Hard,2024-02
Point 871,,17.158855578855242,-61.846955609059634,80.24597025721944,-7.4892557347668,0.16992500144231237,CAoSHENJQUJJaEFld2V6WXhWUEItQjdoRnA5LUFXNzc.,Antigua and Barbuda;North America;Americas;Hard,2025-12
Point 872,,17.132881667172438,-61.85069683256816,212.0502205393298,-0.5108682133182327,1.0453801796747229,CAoSFkNJSE0wb2dLRUlDQWdJRDl6S0QtY3c.,Antigua and Barbuda;North America;Hard;Americas,2024-02
Point 873,,17.169188282633655,-61.80380792055346,99.77683333645516,9.623158853447409,2.2151226707980385,CAoSFkNJSE0wb2dLRUlDQWdJQ2RfWmEtUnc.,Antigua and Barbuda;Americas;North America;Hard,2024-02
Point 874,,17.01545050253374,-61.73555673753821,0.001,0,0,CAoSF0NJSE0wb2dLRUlDQWdJQ2M2TXpLdXdF,,2019-12
Point 875,,17.015859069178024,-61.73332496618687,109.54336494696228,-73.38004234446274,1.1640586870529814,CAoSF0NJSE0wb2dLRUlDQWdJQ2NxTHZqa2dF,Antigua and Barbuda;North America;Americas;Hard,2019-12
Point 876,,17.158804312540486,-62.628136694024846,346.7793983066847,3.735859485902594,1.160729456224937,CAoSF0NJSE0wb2dLRUlDQWdJQzRvN0hQdlFF,Saint Kitts and Nevis;North America;Americas;Hard,2016-12
Point 877,,18.09738202130197,-63.036408393133165,136.99749543635517,0.8844205907833782,1.038000236078667,CAoSHENJQUJJaEEyTENTVTgxMTljRmV5d3RJQmJ0OS0.,France;North America;Americas;Hard,2026-01
Point 878,,17.758532134476308,-64.6569085511421,273.0866339300563,2.3877460302979614,1.2306448671964365,NDoPvOcS7BpVr-Jv3xPMXw,USA;Americas;North America;Hard,2016-06
Point 879,,17.75906450453922,-64.67086365192822,50.15363780620565,-2.3711221338158595,1.107529574781142,F0fTVdfCwqbB7v9iWwPtXg,USA;North America;Americas;Hard,2016-06
Point 880,,17.755833284218745,-64.68138829136424,347.0567726280457,1.9170714146434165,0.16992500144231237,CAoSF0NJSE0wb2dLRUlDQWdJQ2sxTUcweFFF,USA;North America;Americas;Hard,2017-12
Point 881,,17.7443748332679,-64.69559762196891,180.1510992486694,1.4137592119326712,1.1112327369110684,etqLymQDEg8-BBKiOgZFkw,USA;North America;Americas;Hard,2016-09
Point 882,,17.735040694252934,-64.72248416864811,65.62614553345021,2.8113708879100727,1.2276769836978083,m6i8hdQOTwjYbPOAyOfU2Q,USA;North America;Americas;Hard,2016-09
Point 883,,17.776281780276605,-64.76531951042273,26.38115447461913,-2.0247160172875596,1.113086361713288,T8OA4B9K-mdU_jBemthGUw,USA;North America;Americas;Hard,2016-09
Point 884,,17.71586078684838,-64.88308350178163,270.7777218277854,4.645849929940226,0.16992500144231237,dpNwjBfO4iWwwtIHFPBlRQ,USA;North America;Americas;Hard,2016-05
Point 885,,18.32934164197192,-64.79329902154917,107.72992145364658,4.278154814952856,1.0410484236625457,AHYy8DjU8XSHOMgTioShkg,USA;North America;Americas;Hard,2016-10
Point 886,,19.27350181410181,-81.31313052084613,8.135989386295211,0.2076139393763725,2.3951098675612683,CAoSFkNJSE0wb2dLRUlDQWdJRGF3NmFJR3c.,UK;Americas;North America;Hard,2019-12
Point 887,,19.281398478576648,-81.35099979721726,159.61508030949443,2.431804203101791,1.1023542548116227,CAoSHENJQUJJaEQxSS1JYi11azZTeWhQbDhubFM0RUw.,UK;Americas;North America;Hard,2025-11
Point 888,,19.281562180923096,-81.34966623696093,184.35221661142504,8.805030998505899,1.2039767980935705,CAoSHENJQUJJaEN6UXp3TnhacXBOczI5TmNzeTZLdHA.,UK;Americas;North America;Hard,2025-11
Point 889,,19.273153375034525,-81.36750863935198,315.0310630262386,5.718168562612675,1.1662807263597652,CAoSF0NJSE0wb2dLRUlDQWdJRHJtcXlZbHdF,UK;Americas;North America;Hard,2024-07
Point 890,,19.335539013799647,-81.37633100584773,-3.931902205660242,-2.4879289482521756,1.2931996042872922,CAoSFkNJSE0wb2dLRUlDQWdJREV3NDZCY3c.,UK;Americas;North America;Hard,2019-04
Point 891,,19.361471714049916,-81.38946438098313,54.40509885902834,7.905469052298159,1.177794074045384,CAoSF0NJSE0wb2dLRUlDQWdJRDdvNURNMHdF,UK;Hard;Americas;North America,2024-08
Point 892,,9.9140763918954,-84.07005647341119,257.3953119625446,0.2672992277081505,1.216212277784603,xO9brONYo1P6NuI1Y_SKsg,Costa Rica;Americas;North America;Hard,2016-09
Point 893,,22.898641666529333,-109.88857169385848,126.44025383720404,-39.44638330681642,2.643359868711349,CAoSF0NJSE0wb2dLRUlDQWdJQ2FsWU96dlFF,Mexico;Hard;North America;Americas,2017-11
Point 894,,23.067029511494543,-109.69616611953457,358.918645456625,2.8960194940891455,0.16992500144231237,CAoSF0NJSE0wb2dLRUlDQWdJQ0VpN25MNEFF,Mexico;North America;Americas;Hard,2016-08
Point 895,,24.12313553354091,-110.306740560384,214.00493520169923,0.7710644985869664,2.268097508024739,QVCRlH9rE4GJGNpoGRCbtw,Mexico;North America;Americas;Hard,2019-07
Point 896,,24.11957350646699,-110.31590234105778,300.74166554873955,-0.92189708692635,3.03782071407624,Yv5ibF3XbHAWo6hNUBpCqg,Hard;Mexico;North America;Americas,2019-07
Point 897,,26.01386096907831,-111.35286416375864,68.92602906288984,2.936673241148938,1.3766051085009798,n7QjOuhg_4vTjvfvBCgrHA,Mexico;North America;Americas;Hard,2025-08
Point 898,,31.867903303619325,-116.642636160829,224.445205610872,0.23682468971937,2.6021729166621785,zUf-xV-wElNB62Q7exrQkQ,Hard;Mexico;North America;Americas,2022-10
Point 899,,31.82760733378842,-116.59509756061092,171.204480486654,1.0911736040375786,2.0550825735613687,JfKlzghuBxMiZN4ya8CqJw,Mexico;Hard;North America;Americas,2009-06
Point 900,,31.85894016403141,-116.58764605939554,173.09171513938404,0.8639060682199755,1.893264345370063,b2ReGej5-nPu87iPAKEJrA,Mexico;North America;Americas;Hard,2022-10
Point 901,,32.527058696821406,-117.01315656659564,59.149573391685045,-1.0485783240834223,2.4080549090761867,z956fVvWnT-JTMYBLyYzRg,Mexico;Hard;Americas;North America,2022-11
Point 902,,32.56966253934836,-116.6205811677412,357.9292060728414,-6.548911228164428,2.20712896383251,BmhpvDHGnQuRY7uW3ZRAbQ,Mexico;North America;Americas;Hard,2025-08
Point 903,,32.63258373286306,-115.44052017687012,218.6967620577821,1.2573897981106086,0.16992500144231237,CAoSFkNJSE0wb2dLRUlDQWdJREVqdTJMR1E.,Mexico;Hard;Americas;North America,2018-01
Point 904,,14.606708106153002,-90.49890753213803,61.425560221669805,4.120264773081345,0.17027117901827216,CAoSFkNJSE0wb2dLRUlDQWdJQ2t2T09YVFE.,Americas;Guatemala;North America;Hard,2016-06
Point 905,,14.60245381918796,-90.49726468532438,256.32216330185537,1.7752701082971214,2.438895689750943,Yboh-V3o9F_UTuc3sUGKBQ,Guatemala;Americas;North America;Hard,2016-06
Point 906,,14.588401650909525,-90.54836786619246,120.13429944349116,0.22713585832468652,2.7791498008408766,G6zpDONsPQlpy_K576gM6w,Guatemala;Americas;North America;Hard,2016-06
Point 907,,12.113947522719442,-86.28589868282691,200.0082048712052,0.2977233002277586,0.16994885669206217,CAoSFkNJSE0wb2dLRUlDQWdJQy04LUNtSEE.,Nicaragua;North America;Americas;Hard;Undefined,2022-11
Point 908,,14.048809995804213,-87.17521391639399,53.11545782524979,8.612904881986623,1.1053102832067203,CAoSF0NJSE0wb2dLRUlDQWdJQzZqdWZjMlFF,Honduras;North America;Americas;Hard,2013-05
Point 909,,29.0835275803047,-110.96887097175068,345.10055285866144,8.90484622058861,0.18409044870288935,CAoSF0NJSE0wb2dLRUlDQWdJQ085dkc0bFFF,Mexico;North America;Americas;Hard,2022-06
Point 910,,29.094921304486956,-110.99055512759698,24.05503337958713,0.10807165766519232,2.573933692724725,VZLaIsZLiWgR22KXqs2N5Q,Mexico;Hard;North America;Americas,2025-03
Point 911,,27.969555855988855,-110.91890601572986,132.38875287904338,4.959352282785062,0.16992500144231237,CAoSF0NJSE0wb2dLRUlDQWdJQ2s0Sy1XamdF,Mexico;North America;Americas;Hard,2019-05
Point 912,,27.53473175217173,-109.93283506985529,251.4153513272697,1.254334538965722,2.2657049877161546,3qyDTQNZg2f4bcyQWLOarQ,Hard;Mexico;North America;Americas,2022-10
Point 913,,27.492285381664143,-109.9725044856415,244.05677365987623,8.604070881761857,1.012901643017017,CAoSF0NJSE0wb2dLRUlDQWdJQ0U5b3FPZ0FF,Hard;Americas;North America;Mexico,2016-08
Point 914,,25.79838160685615,-109.03602915846898,313.6236551774226,-0.5998026270452499,3.095118205232283,AzdKiLbnipRxNElioKzhfA,Mexico;North America;Americas;Clay,2023-11
Point 915,,25.80630725400468,-109.0192820732324,207.85166865448343,2.833170389187231,2.605490859235485,DzVy0rDY2LzWIhknlJLAQA,Mexico;North America;Americas;Hard,2015-06
