height_inches,height_cm,plays,birth_date,birthplace,player_id,full_name,best_rank,first_appearance,last_appearance,represented_country
5' 11',-,Right-Handed,Mar 30 1999,"Mumbai, India",322996.0,Aastha Dargude,1212.0,2016-02-22 00:00:00,2016-02-22,IND
,-,Right-Handed,May 24 1993,"Brighton, England",318814.0,Abbi Melrose,1088.0,2011-12-19 00:00:00,2011-12-19,GBR
"5' 9""",1.75m,Right-Handed,Jul 18 1994,"Sydney, Australia",317914.0,Abbie Myers,257.0,2012-08-06 00:00:00,2022-10-24,AUS
"5' 7""",,Right-Handed,,,313112.0,Abbie Probert,1117.0,2005-12-05 00:00:00,2006-12-18,ESP
,-,Right-Handed,Nov 12 1996,"Leicestershire, England",322258.0,Abigail Amos,1055.0,2023-08-21 00:00:00,2025-04-21,GBR
,-,Right-Handed,Apr 5 2002,"Sarasota, FL, USA",328318.0,Abigail Rencheli,1030.0,2023-08-21 00:00:00,2025-08-18,USA
"5' 9""",1.70m,Right-Handed,Jul 12 1981,"San Diego, CA, USA",190771.0,Abigail Spears,66.0,2000-12-04 00:00:00,2019-11-25,USA
"5' 6""",1.68m,Right-Handed,Jul 13 1992,"Port Moresby, Papua New Guinea",319741.0,Abigail Tere-Apisah,276.0,2016-02-22 00:00:00,2022-02-14,PNG
,,Right-Handed,Jul 18 1979,,200218.0,Abigail Tordoff,360.0,2000-12-04 00:00:00,2001-09-03,GBR
,-,Right-Handed,Apr 2 2004,"Warsaw, Poland",332487.0,Ada Piestrzynska,1274.0,2023-08-21 00:00:00,2023-08-21,POL
,,Right-Handed,Feb 15 1991,,314241.0,Adeline Chiang,1418.0,2006-12-04 00:00:00,2006-12-04,FRA
,-,-,Jan 11 1991,,314400.0,Adeline Goncalves,799.0,2008-11-03 00:00:00,2008-11-03,FRA
,-,-,Jul 19 1988,"Moscow, Russia",320941.0,Adeliya Zabirova,748.0,2016-02-22 00:00:00,2016-02-22,RUS
,-,Right-Handed,Dec 4 2001,"Colombo, Sri Lanka",327378.0,Adithya Karunaratne,278.0,2019-09-16 00:00:00,2025-08-18,HKG
"5' 6""",1.68m,,Dec 21 1979,"Chicago, IL, USA",50112.0,Adria Engel,498.0,2000-12-04 00:00:00,2003-08-25,USA
5' 8'',1.73m,Right-Handed,May 21 1978,"Cluj, Romania",20334.0,Adriana Barna,180.0,2000-12-04 00:00:00,2007-06-11,GER
,-,Right-Handed,Feb 17 1982,"Mostar, Bosnia",20488.0,Adriana Basaric,323.0,2000-12-04 00:00:00,2003-07-21,BIH
,-,-,Nov 8 1981,"Bucharest, Romania",20551.0,Adriana Burz,488.0,2000-12-04 00:00:00,2002-06-03,ROM
,-,-,Mar 30 1986,"Olot, Spain",310488.0,Adriana Gonzalez Penas,328.0,2001-12-10 00:00:00,2006-03-13,ESP
,-,-,Aug 28 1983,,100132.0,Adriana Jerabek,319.0,2000-12-04 00:00:00,2003-03-24,GER
"5' 4""",1.63m,Right-Handed,Nov 20 1992,Anzoategui,316802.0,Adriana Pérez,186.0,2011-01-17 00:00:00,2014-12-01,VEN
"5' 10""",1.78m,Right-Handed,Feb 25 1996,"Velika Gorica, Croatia",322847.0,Adriana Rajkovic,954.0,2021-03-08 00:00:00,2023-08-21,CRO
,-,Right-Handed,Nov 13 1997,"Miami, FL, USA",328646.0,Adriana Reami,359.0,2019-09-16 00:00:00,2025-08-18,USA
"5' 5 1/2""",1.66m,Right-Handed,Jun 16 1976,"Sternberk, Czech Republic",70267.0,Adriana Rikl Gersi,57.0,2000-12-04 00:00:00,2003-03-24,CZE
,-,Right-Handed,Aug 1 1978,"Mayagüez, Portugal",180256.0,Adriana Rodriguez,1215.0,2000-12-04 00:00:00,2000-12-25,MEX
5' 3'',1.60m,Right-Handed,Mar 5 1976,"Modena, Italy",190276.0,Adriana Serra Zanetti,38.0,2000-12-04 00:00:00,2006-12-18,ITA
"5' 6""",1.68m,-,Dec 5 1985,,310822.0,Adriana Solarova,622.0,2002-09-30 00:00:00,2003-08-25,SVK
,-,-,Jan 10 1998,"Chisinau, Moldova",322000.0,Adriana Sosnovschi,933.0,2016-02-22 00:00:00,2018-03-19,MDA
,-,-,Jan 6 1985,"Adelaide, Australia",190951.0,Adriana Szili,411.0,2001-12-10 00:00:00,2006-12-18,AUS
,-,-,Dec 26 1977,"Budapest, Hungary",80313.0,Adrienn Hegedus,178.0,2000-12-04 00:00:00,2002-08-05,HUN
"5' 9""",1.75m,Right-Handed,Mar 24 2001,Budapest Hungary,325957.0,Adrienn Nagy,506.0,2019-09-16 00:00:00,2025-08-18,HUN
"5' 7""",1.7m,,Jun 29 1995,"Karlovac, Croatia",320636.0,Adrijana Lekaj,325.0,2013-06-17 00:00:00,2016-10-10,CRO
"5' 8""",1.73m,-,Mar 12 2006,"Osaka, Japan",333455.0,Aely Arai,1390.0,2023-08-21 00:00:00,2023-08-21,JPN
5.11,1.80m,Right-Handed,Dec 23 1993,"Warsaw, Poland",317096.0,Agata Baranska,907.0,2011-12-19 00:00:00,2012-08-06,POL
"5' 6""",1.68m,,Sep 26 1996,"Wejherowo, Poland",323031.0,Agata Bienkowska,1022.0,2016-02-22 00:00:00,2016-02-22,POL
,-,-,,,30461.0,Agata Cioroch,742.0,2000-12-04 00:00:00,2001-12-10,POL
,-,-,Apr 25 1980,,110395.0,Agata Kurowska,672.0,2000-12-04 00:00:00,2002-06-03,POL
,-,Right-Handed,Aug 25 1992,,318677.0,Agathe Timsit,1092.0,2019-09-16 00:00:00,2021-03-08,FRA
,-,Right-Handed,Feb 5 2004,"Sebastopol, Russia",331116.0,Aglaya Fedorova,950.0,2023-08-21 00:00:00,2025-08-18,RUS
,-,Right-Handed,Dec 1 1995,"Panevėžys, Lithuania",319525.0,Agne Cepelyte,1292.0,2016-02-22 00:00:00,2016-02-22,LTU
,-,Right-Handed,Oct 29 1993,"Szolnok, Hungary",316605.0,Agnes Bukta,294.0,2012-10-29 00:00:00,2021-03-29,HUN
"5' 3 1/2""",1.61m,Right-Handed,Jun 28 1987,"Gheorgheni, Romania",312668.0,Agnes Szatmari,187.0,2005-08-22 00:00:00,2014-11-03,ROU
"5' 7""",1.71m,Right-Handed,Dec 29 1988,"Kiskunhalas, Hungary",311872.0,Agnes Szavay,13.0,2004-08-23 00:00:00,2012-04-02,HUN
,-,Right-Handed,Nov 22 1982,"Bologna, Italia",260159.0,Agnese Zucchini,372.0,2005-08-22 00:00:00,2013-10-07,ITA
,-,Right-Handed,May 23 1989,,311368.0,Agni Stefanou,677.0,2005-12-05 00:00:00,2014-11-03,GRE
"5' 8""",1.73m,Right-Handed,Mar 6 1989,"Krakow, Poland",312251.0,Agnieszka Radwanska,2.0,2005-08-22 00:00:00,2018-12-03,POL
,-,Right-Handed,Oct 2 2004,,332731.0,Agostina Andreazzini,1289.0,2023-08-21 00:00:00,2023-08-21,ARG
,-,Right-Handed,Feb 10 1997,,322601.0,Agustina Chlpac,872.0,2019-09-16 00:00:00,2025-08-18,ARG
,-,Right-Handed,Sep 8 1988,"El Trébol, Argentina",312866.0,Agustina Lepore,227.0,2005-11-28 00:00:00,2012-08-06,ARG
,-,-,Aug 2 1995,"Tandil, Argentina",318481.0,Agustina Serio,1088.0,2011-12-19 00:00:00,2011-12-19,ARG
,-,Left-Handed,Jul 1 1993,"Buenos Aires, Argentina",316141.0,Agustina Sol Eskenazi,749.0,2010-01-25 00:00:00,2010-01-25,ARG
,-,Right-Handed,May 21 1996,"Cairo, Egypt",321126.0,Ahlam Shawkat,1246.0,2016-02-22 00:00:00,2016-02-22,EGY
"5' 8""",1.72m,Right-Handed,Mar 21 1985,"Miami Shores, FL, USA",310210.0,Ahsha Rolle,82.0,2001-09-03 00:00:00,2012-08-13,USA
,-,Right-Handed,Mar 10 1991,,316129.0,Ai Koga,845.0,2011-12-19 00:00:00,2012-08-06,JPN
"5' 4 1/4""",1.63m,Right-Handed,Jul 5 1975,"Tokyo, Japan",190353.0,Ai Sugiyama,8.0,2000-12-04 00:00:00,2009-10-12,JPN
"5' 7""",1.70m,Right-Handed,Sep 22 1994,"Wuxi, China",317962.0,Ai Wen Zhu,758.0,2011-12-19 00:00:00,2016-02-22,CHN
,,,May 2 2022,,326716.0,Ai Yamaguchi,1315.0,2023-08-21 00:00:00,2023-08-21,JPN
,-,-,,,313609.0,Ai Yamamoto,342.0,2005-12-05 00:00:00,2011-12-19,JPN
"5' 4""",1.63m,Right-Handed,Dec 28 1983,"Osaka, Japan",140219.0,Aiko Nakamura,47.0,2001-12-10 00:00:00,2013-06-17,JPN
"5' 2""",1.58m,Right-Handed,Sep 24 1993,"Nagoya, Japan",318005.0,Aiko Yoshitomi,600.0,2016-01-25 00:00:00,2021-03-08,JPN
"5' 2""",1.57m,Right-Handed,Jan 9 1996,"Buenos Aires, Argentina",320062.0,Ailen Crespo Azconzabal,1060.0,2016-02-22 00:00:00,2016-02-22,ARG
"5' 3""",1.60m,Right-Handed,Aug 21 1991,"London, England",315379.0,Aimee Gibson,1246.0,2016-02-22 00:00:00,2016-02-22,GBR
,-,-,Sep 27 1981,"Fort-Dauphin, Madagascar",180444.0,Aina Rafolumanansiatosika,1020.0,2000-12-04 00:00:00,2001-12-10,MAD
,-,Left-Handed,May 24 1993,,316474.0,Ainhoa Atucha Gomez,652.0,2011-12-19 00:00:00,2021-10-11,ESP
5'7'',1.70m,Right-Handed,Aug 7 1979,"Madrid, Spain",70370.0,Ainhoa Goni,140.0,2000-12-04 00:00:00,2003-07-21,ESP
,-,-,Dec 26 1986,,314404.0,Airi Hagimoto,1440.0,2006-12-04 00:00:00,2006-12-04,JPN
"5' 6""",1.68m,-,Jul 22 1985,"Kranj, Slovenia",310578.0,Ajda Brumen,848.0,2003-03-24 00:00:00,2003-03-24,SLO
"5' 11""",1.80m,Right-Handed,May 7 1993,"Zagreb, Croatia",315232.0,Ajla Tomljanovic,32.0,2008-11-03 00:00:00,2025-08-18,AUS
,,Right-Handed,Mar 8 2003,"Panvel, India",328099.0,Akanksha Nitture,1338.0,2023-08-21 00:00:00,2025-08-18,IND
,-,-,Aug 4 1988,,312509.0,Akari Inoue,441.0,2005-12-05 00:00:00,2016-10-10,JPN
,,Right-Handed,Jan 19 2007,"Fort Lauderdale, FL, USA",331856.0,Akasha Urhobo,289.0,2022-10-24 00:00:00,2025-08-18,USA
"6' 3""",1.9,Right-Handed,Jun 23 1984,"Tashkent, Uzbekistan",10362.0,Akgul Amanmuradova,50.0,2002-09-30 00:00:00,2022-10-24,UZB
,-,-,Sep 24 1991,,314233.0,Aki Yamasoto,325.0,2008-11-03 00:00:00,2017-04-10,JPN
,,,,,320337.0,Akiho Kakuya,1133.0,2019-09-16 00:00:00,2019-09-16,JPN
,-,Right-Handed,Mar 10 1978,,70397.0,Akiko Gunji,529.0,2000-12-04 00:00:00,2001-12-10,JPN
,-,-,,,311930.0,Akiko Kato,1149.0,2005-12-05 00:00:00,2006-12-18,JPN
,-,-,Oct 23 1977,,110430.0,Akiko Kinebuchi,428.0,2000-12-04 00:00:00,2004-10-18,JPN
"5' 5""",1.65,Right-Handed,Jan 12 1980,"Osaka, Japan",130541.0,Akiko Morigami,41.0,2000-12-04 00:00:00,2010-02-08,JPN
"5' 4""",1.62m,Right-Handed,Jan 29 1993,"Kyoto, Japan",316478.0,Akiko Omae,191.0,2008-11-03 00:00:00,2025-08-18,JPN
,-,Right-Handed,Jan 25 1984,"Kumamoto, Japan",310162.0,Akiko Yonemura,208.0,2001-12-10 00:00:00,2016-02-22,JPN
"5' 6""",1.68,-,Aug 29 1992,"Brooklyn, NY, USA",326302.0,Akilah James,767.0,2017-04-10 00:00:00,2021-03-29,USA
,-,Right-Handed,May 29 1989,,313212.0,Akshitha Basavaraju,1431.0,2006-12-04 00:00:00,2006-12-04,IND
"5' 9""",1.75m,Right-Handed,Nov 29 1996,"Vilnius, Lithuania",319122.0,Akvile Parazinskaite,491.0,2014-09-22 00:00:00,2022-10-31,LTU
,-,Right-Handed,Sep 15 1994,"Melbourne, Australia",320915.0,Alana Parnaby,434.0,2016-02-22 00:00:00,2025-08-18,AUS
,-,Right-Handed,Nov 9 1999,"Fort Washington, MD, USA",322631.0,Alana Smith,388.0,2018-03-19 00:00:00,2025-08-18,USA
,-,-,,,311533.0,Alana Van Dervort,597.0,2004-10-18 00:00:00,2006-12-18,USA
"5' 10""",1.78m,Right-Handed,May 11 2007,"Dallas, TX, USA",332838.0,Alanis Hamilton,1246.0,2023-08-21 00:00:00,2025-06-30,USA
,-,Right-Handed,Aug 18 1980,"Kingston, Jamaica",20427.0,Alanna Broderick,869.0,2004-10-18 00:00:00,2005-08-22,JAM
"5' 7""",1.71m,,Mar 06 1996,"Murcia, Spain",321391.0,Alba Carrillo Marin,519.0,2016-02-22 00:00:00,2022-05-02,ESP
,,,Jun 29 2002,,329275.0,Alba Rey Garcia,617.0,2019-11-25 00:00:00,2025-08-18,ESP
"5' 5""",1.65m,Right-Handed,Apr 5 1980,"San Secondo Parmense, Italy",20458.0,Alberta Brianti,55.0,2000-12-04 00:00:00,2018-03-19,ITA
,-,-,Oct 14 1982,,70505.0,Albertina Gandara,1201.0,2005-12-05 00:00:00,2005-12-05,ARG
,-,-,,,314720.0,Albina Khabibulina,498.0,2008-10-27 00:00:00,2019-09-16,UZB
5' 7'',1.71m,Right-Handed,May 2 1995,"Jakarta, Indonesia",318390.0,Aldila Sutjiadi,344.0,2018-03-19 00:00:00,2023-08-21,INA
,-,Right-Handed,Apr 18 1995,"Tampico, Mexico",319581.0,Alejandra Cisneros,890.0,2014-11-03 00:00:00,2014-11-03,MEX
,-,Right-Handed,Jun 1 1991,"Pachuca, Mexico",314207.0,Alejandra Granillo,561.0,2006-12-04 00:00:00,2011-02-21,MEX
,-,-,,,180405.0,Alejandra Rivero,473.0,2000-12-04 00:00:00,2003-08-04,MEX
,-,Right-Handed,,,316910.0,Alejandra Sala-Juste,880.0,2011-02-21 00:00:00,2011-12-19,ESP
"5' 6""",1.68m,Right-Handed,Apr 27 1982,"Saint-Louis, MO, USA",311248.0,Aleke Tsoubanos,431.0,2004-10-18 00:00:00,2006-12-18,USA
,-,-,Dec 10 1991,"Szeged, Hungary",316298.0,Aleksandra Filipovski,490.0,2008-11-03 00:00:00,2010-07-05,HUN
"5' 8""",1.73m,Right-Handed,Oct 11 1991,"Brussels, Belgium",314107.0,Aleksandra Grela,497.0,2006-12-04 00:00:00,2010-01-25,POL
,-,-,Nov 14 1996,,319693.0,Aleksandra Karamanoleva,831.0,2013-10-07 00:00:00,2014-01-20,BUL
,-,-,,,110546.0,Aleksandra Kostikova,769.0,2001-12-10 00:00:00,2003-08-04,RUS
"5' 4""",1.63m,Right-Handed,Mar 15 1993,Moscow Russia,316344.0,Aleksandra Krunic,39.0,2010-01-11 00:00:00,2025-08-18,SRB
,-,-,Jun 17 1999,"Ryazan, Russia",326294.0,Aleksandra Kulik,866.0,2018-03-19 00:00:00,2018-03-19,RUS
"5' 10""",1.77m,Left-Handed,Feb 15 2000,"Ryazan, Moscow",311709.0,Aleksandra Kulikova,526.0,2005-08-22 00:00:00,2006-12-11,RUS
,-,-,May 22 1987,,311059.0,Aleksandra Lukic,920.0,2005-08-22 00:00:00,2006-12-18,SLO
"5' 9""",1.75m,-,Feb 1 1989,"Minsk, Belarus",312241.0,Aleksandra Malyarchikova,616.0,2005-08-22 00:00:00,2008-02-18,BLR
,,,Apr 27 2001,"Krakow, Poland",325015.0,Aleksandra Pitak,791.0,2019-09-16 00:00:00,2021-03-29,GBR
,,Right-handed,Apr 22 1998,"Moscow, Russia",323791.0,Aleksandra Pospelova,538.0,2016-02-22 00:00:00,2023-08-21,RUS
,,,Jan 1 1991,"Skopje, North Macedonia",316342.0,Aleksandra Shul,483.0,2009-05-18 00:00:00,2010-07-12,MKD
,-,-,Nov 18 1982,,190748.0,Aleksandra Srndovic,323.0,2000-12-04 00:00:00,2008-11-03,SWE
,-,-,Jul 25 1997,"Saint-Petersburg, Russia",321710.0,Aleksandra Vostrikova,1030.0,2016-02-22 00:00:00,2018-03-19,RUS
,-,-,,,220217.0,Aleksandra Vucenovic,533.0,2000-12-04 00:00:00,2002-06-03,YUG
"5' 9""",1.75m,Right-Handed,Sep 7 1987,"Montréal, Canada",310494.0,Aleksandra Wozniak,21.0,2002-09-30 00:00:00,2018-09-24,CAN
,-,-,Nov 5 2001,"Warsaw, Poland",329579.0,Aleksandra Zuchanska,1197.0,2023-08-21 00:00:00,2025-08-18,POL
"5' 7""",1.70m,Right-Handed,Feb 29 2992,"Plovdiv, Bulgaria",314672.0,Aleksandrina Naydenova,218.0,2008-11-03 00:00:00,2020-09-07,BUL
,-,-,,,312816.0,Alena Bayarchyk,1118.0,2005-12-05 00:00:00,2006-12-04,BLR
,-,Right-Handed,Jul 5 1989,"Sebastopol, Russia",314183.0,Alena Fomina-Klotz,526.0,2013-06-17 00:00:00,2021-03-08,GER
,-,-,Jan 5 1979,"Zvolen, Slovakia",160334.0,Alena Paulenkova,413.0,2000-12-04 00:00:00,2002-07-08,SVK
,-,-,Dec 7 1994,"Moscow, Russia",318422.0,Alena Tarasova,309.0,2011-12-19 00:00:00,2018-03-19,RUS
5' 9'',1.75m,Right-Handed,Nov 8 1975,"Roznov Pod Radhostem, Czech Republic",220135.0,Alena Vaskova,115.0,2000-12-04 00:00:00,2006-05-08,CZE
,-,-,Dec 7 1981,"Minsk, Belarus",100112.0,Alena Yaryshka,419.0,2000-12-04 00:00:00,2003-12-22,BLR
"5' 7""",1.7m,Right-Handed,Nov 24 1990,"Geelong, Australia",314329.0,Alenka Hubacek,464.0,2006-12-04 00:00:00,2012-08-06,AUS
"5' 6""",1.68m,Right-Handed,Sep 05 2004,"Calama, Chile",329991.0,Alessandra Caceres,1338.0,2023-08-21 00:00:00,2023-08-21,CHI
,-,Right-Handed,Sep 22 1989,"Livorno, Italy",312674.0,Alessandra Di Batte,784.0,2005-11-28 00:00:00,2006-12-18,ITA
,-,-,Nov 19 1988,"Brescia, Italy",312096.0,Alessandra Ferrazzi,964.0,2005-12-05 00:00:00,2006-12-18,ITA
,-,-,Dec 13 1999,"Riccione, Italy",327048.0,Alessandra Mazzola,717.0,2022-10-24 00:00:00,2025-08-18,ITA
,-,Right-Handed,Sep 29 2003,"Foggia, Italy",329309.0,Alessandra Simone,1249.0,2019-11-25 00:00:00,2021-03-08,ITA
,-,Right-Handed,May 06 1989,"San Vito al Tagliamento, Italy",314223.0,Alessia Bertoia,929.0,2006-12-04 00:00:00,2011-02-21,ITA
,-,-,Sep 22 1992,"Pescara, Italy",317219.0,Alessia Camplone,931.0,2013-10-07 00:00:00,2013-10-07,ITA
,-,Right-Handed,Jan 19 2005,"Moscow, Russia",332575.0,Alevtina Ibragimova,276.0,2023-08-21 00:00:00,2025-08-18,RUS
,-,-,Dec 28 1984,"Fountain Valley, CA, USA",130709.0,Alex Mcgoodwin,812.0,2001-12-10 00:00:00,2003-07-21,USA
"6' 0""",1.83m,Right-Handed,Sep 10 1989,"Newport Beach, CA, USA",312214.0,Alexa Glatch,102.0,2004-07-05 00:00:00,2023-08-21,USA
"5' 9""",1.75m,Right-Handed,Jul 7 1998,"Garden City, NY, USA",321145.0,Alexa Graham,408.0,2015-09-14 00:00:00,2022-11-14,USA
"5' 9""",1.74m,Right-Handed,Nov 17 1990,"Fort Walton Beach, FL, USA",313841.0,Alexa Guarachi,347.0,2006-12-04 00:00:00,2021-03-29,CHI
"5' 6""",1.68m,Right-Handed,Sep 6 2002,"Scottsdale, AZ, USA",327245.0,Alexa Noel,738.0,2019-09-16 00:00:00,2025-08-18,USA
,-,-,Oct 1 1996,,320442.0,Alexa Pirok,988.0,2018-03-19 00:00:00,2019-09-16,HUN
,,Right-Handed,Aug 11 1993,"Atlanta, GA, USA",328223.0,Alexa Pitt,1073.0,2019-09-16 00:00:00,2021-03-08,USA
,,Right-Handed,Sep 8 2001,"Calabasas, CA, USA",326035.0,Alexa Ryngler,759.0,2018-03-19 00:00:00,2018-03-19,USA
,-,-,Feb 23 1992,"Johns Creek, GA, USA",314120.0,Alexandra Anghelescu,983.0,2008-11-03 00:00:00,2008-11-03,USA
,,,Jul 31 2001,"Lappeenranta, Finland",326032.0,Alexandra Anttila,1273.0,2019-11-25 00:00:00,2021-03-08,FIN
,-,-,Nov 20 1992,"Saint-Petersburg, Russia",316000.0,Alexandra Artamonova,319.0,2011-01-17 00:00:00,2014-11-03,RUS
,-,Right-Handed,Feb 15 1999,"Sydney, Australia",322704.0,Alexandra Bozovic,283.0,2018-02-19 00:00:00,2025-08-18,AUS
"5' 7""",1.70m,Right-Handed,May 3 1990,"Bucharest, Romania",313215.0,Alexandra Cadantu-Ignatik,59.0,2005-12-05 00:00:00,2024-07-15,ROU
"5' 5""",1.65m,Right-Handed,Nov 30 1991,"Seminole, FL, USA",314950.0,Alexandra Cercone,929.0,2011-02-21 00:00:00,2014-11-03,USA
"5' 7""",1.71m,Right-Handed,Feb 14 1991,"Bucharest, Romania",313553.0,Alexandra Damaschin,543.0,2006-12-04 00:00:00,2021-03-08,ROU
,-,-,,,312138.0,Alexandra Del Rey Guardiola,919.0,2005-08-22 00:00:00,2006-12-18,ESP
,-,-,Sep 28 1999,"Stupino, Russia",324550.0,Alexandra Dubrovina,1118.0,2016-02-22 00:00:00,2016-02-22,RUS
"5' 8""",1.72m,Right-Handed,May 30 1989,"Bucharest, Romania",312712.0,Alexandra Dulgheru,26.0,2005-08-22 00:00:00,2022-05-09,ROU
5' 9'',1.75m,Left-Handed,May 23 2005,"Quezon City, Philippines",330332.0,Alexandra Eala,143.0,2021-03-08 00:00:00,2025-08-18,PHI
5'9 1/4'',1.76m,Right-Handed,Nov 22 1973,"St. Cloud, France",60127.0,Alexandra Fusai,133.0,2000-12-04 00:00:00,2003-08-04,FRA
,-,Right-Handed,Oct 22 1995,"Almaty, Kazakhstan",317989.0,Alexandra Grinchishina,603.0,2013-09-09 00:00:00,2017-04-10,KAZ
,-,-,Jul 2 1985,"Atlanta, Georgia",80434.0,Alexandra Hirsch,1197.0,2000-12-04 00:00:00,2000-12-25,USA
,-,-,Jan 30 1987,"Bucharest, Romania",311729.0,Alexandra Iacob,936.0,2005-08-22 00:00:00,2005-12-05,ROU
,-,-,Jun 19 2003,"Slobozia, Romania",328722.0,Alexandra Iordache,816.0,2023-08-21 00:00:00,2025-08-18,ROU
,-,-,Oct 5 1987,"Saint-Petersburg, Russia",311360.0,Alexandra Karavaeva,727.0,2005-12-05 00:00:00,2006-12-18,RUS
,-,-,,,312540.0,Alexandra Kiesl,1177.0,2005-12-05 00:00:00,2006-12-18,GER
,-,-,Dec 14 1992,"Tashkent, Uzbekistan",315628.0,Alexandra Kolesnichenko,590.0,2008-10-27 00:00:00,2010-04-05,UZB
,-,-,Apr 7 1986,"Moscow, Russia",310415.0,Alexandra Korotkevich,744.0,2001-12-10 00:00:00,2003-07-21,RUS
,-,-,Nov 29 1982,,310250.0,Alexandra Mayrat,950.0,2005-12-05 00:00:00,2005-12-05,FRA
"5' 8""",1.72m,-,Apr 3 2001,"Burlington, Canada",327557.0,Alexandra Mikhailuk,1057.0,2019-09-16 00:00:00,2021-03-08,CAN
,-,-,Nov 17 1992,",Ann Arbor, MI, USA",314906.0,Alexandra Moreno-Kaste,781.0,2008-11-03 00:00:00,2011-02-21,COL
,,,Feb 24 1995,"Kyiv, Ukraine",321178.0,Alexandra Morozova,559.0,2014-11-03 00:00:00,2018-03-19,USA
"6' 2""",1.88m,Right-Handed,Feb 14 1988,"Abington, PA, USA",310808.0,Alexandra Mueller,289.0,2003-07-21 00:00:00,2018-03-19,USA
"5' 5""",1.65m,Right-Handed,Sep 1 1993,"Canberra, Australia",317047.0,Alexandra Nancarrow,385.0,2012-08-06 00:00:00,2016-07-18,AUS
"5' 8""",1.72m,-,Sep 5 1989,"Toronto, Canada",313486.0,Alexandra Odell-Michels,1224.0,2006-12-04 00:00:00,2006-12-18,CAN
,-,-,Feb 16 1986,,150189.0,Alexandra Orasanu,577.0,2000-12-04 00:00:00,2006-06-05,ROU
"5' 9""",1.75m,-,Apr 8 1995,"Sydney, Australia",320585.0,Alexandra Osborne,636.0,2019-09-16 00:00:00,2025-08-18,AUS
"5' 10""",1.79m,Right-Handed,Mar 2 1989,"Krasnodar, Russia",311956.0,Alexandra Panova,71.0,2005-08-22 00:00:00,2021-03-29,RUS
,-,-,Jul 29 1991,"Chisinau, Moldova",318641.0,Alexandra Perper,407.0,2016-01-25 00:00:00,2021-03-29,MDA
,-,-,Sep 2 1985,"Moscow, Russia",160513.0,Alexandra Podkolzina,386.0,2003-03-24 00:00:00,2009-05-18,USA
,-,-,Sep 2 1988,"Amsterdam, Netherlands",313352.0,Alexandra Poorta,1414.0,2006-12-04 00:00:00,2006-12-04,NED
,-,-,Sep 29 1983,"Glenview, IL, USA",160461.0,Alexandra Popa,774.0,2000-12-04 00:00:00,2006-12-18,ROU
,-,-,May 07 1989,"Tver, Russia",314543.0,Alexandra Razumova,910.0,2006-12-04 00:00:00,2008-11-03,RUS
,-,-,,,310489.0,Alexandra Recio,821.0,2004-10-18 00:00:00,2005-12-05,ESP
,-,-,Apr 13 1991,"Philadelphia, PA, USA",315051.0,Alexandra Riley,764.0,2008-11-03 00:00:00,2023-08-21,USA
,-,-,Apr 30 1993,"Moscow, Russia",315719.0,Alexandra Romanova,369.0,2011-02-21 00:00:00,2013-10-07,RUS
,-,Right-Handed,Jan 5 1999,"Columbus, OH, USA",322467.0,Alexandra Sanford,527.0,2016-02-22 00:00:00,2017-04-10,USA
,-,Roght-Handed,Sep 6 2005,"Rostov-on-Don, Russia",332168.0,Alexandra Shubladze,315.0,2023-08-21 00:00:00,2025-08-18,RUS
,-,-,Mar 16 1994,"Madrid, Spain",317628.0,Alexandra Starkova,1066.0,2011-12-19 00:00:00,2011-12-19,ESP
6' 1'',1.85,Right-Handed,Dec 15 1980,"La Jolla, CA, USA",190125.0,Alexandra Stevenson,18.0,2000-12-04 00:00:00,2018-10-15,USA
,,,Jun 1 2001,,325321.0,Alexandra Vagramov,913.0,2019-09-16 00:00:00,2025-08-18,CAN
,-,Right-Handed,May 26 1996,"New Westminster, Canada",321863.0,Alexandra Valenstein,1246.0,2016-02-22 00:00:00,2016-02-22,USA
"5' 9""",1.75m,Right-Handed,Jan 7 2002,"Singen, Germany",325700.0,Alexandra Vecic,386.0,2019-11-25 00:00:00,2025-08-18,GER
"5'9""",1.75m,Right-Handed,Oct 13 2000,"Jonkoping, Sweden",324619.0,Alexandra Viktorovitch,1000.0,2019-09-16 00:00:00,2021-03-08,SWE
,-,Left-Handed,Sep 21 1992,,315941.0,Alexandra Walker,970.0,2011-02-21 00:00:00,2012-08-06,GBR
"5' 6""",1.68m,-,Jul 14 1992,"Adelaide, Australia",315943.0,Alexandra Walters,894.0,2016-02-22 00:00:00,2018-03-19,AUS
"6' 0""",1.83m,Right-Handed,Jan 1 2003,"Hollywood, FL, USA",327832.0,Alexandra Yepifanova,1087.0,2021-03-08 00:00:00,2021-03-08,USA
,-,-,Apr 4 1984,"Moscow, Russia",260137.0,Alexandra Zerkalova,945.0,2000-12-04 00:00:00,2001-09-03,RUS
,-,-,Jan 01 1983,"Bucharest, Romania",260138.0,Alexandra Zotta,1130.0,2000-12-04 00:00:00,2001-12-10,ROM
"5' 5""",1.65m,-,Mar 10 1986,"Largo, FL, USA",120429.0,Alexandria Liles,685.0,2001-09-03 00:00:00,2002-09-30,USA
"5' 4""",1.63m,Left-Handed,May 11 1996,"Bradenton, FL, USA",322734.0,Alexandria Stiteler,798.0,2014-11-03 00:00:00,2014-11-03,USA
,,Left-Handed,May 16 2006,"Aiud, Romania",332239.0,Alexia Iulia Marginean,1012.0,2024-02-26 00:00:00,2025-08-18,ROU
,-,-,Jan 1 2005,"Calgary, Canada",332918.0,Alexia Jacobs,908.0,2023-08-21 00:00:00,2025-06-30,CAN
,-,-,Nov 3 1986,"Florence, Italy",310244.0,Alexia Virgili,328.0,2003-03-24 00:00:00,2011-02-21,ITA
"5' 6""",1.68m,Left-Handed,Aug 17 2004,"Redwood City, CA, USA",329369.0,Alexis Blokhina,595.0,2022-10-24 00:00:00,2025-08-18,USA
"5' 2""",1.57m,Left-Handed,Mar 31 1983,"Windsor, CT, USA",310665.0,Alexis King,343.0,2008-05-12 00:00:00,2013-06-17,USA
,-,Right-Handed,Sep 27 1984,"Lake Forest, IL, USA",311301.0,Alexis Prousis,285.0,2008-06-23 00:00:00,2009-08-24,USA
,,,May 27 2000,"Glasgow, Scotland",324233.0,Ali Collins,1050.0,2019-09-16 00:00:00,2021-03-08,GBR
"5' 9""",1.75m,Right-Handed,Mar 22 1994,"Minsk, Belarus",317790.0,Aliaksandra Sasnovich,29.0,2011-02-21 00:00:00,2025-08-18,BLR
,-,Right-Handed,Feb 5 1998,,324250.0,Alica Rusova,836.0,2019-11-25 00:00:00,2022-10-31,SVK
"5' 7""",1.71m,-,Apr 17 2001,"Rome, Italy",326265.0,Alice Amendola,1180.0,2019-11-25 00:00:00,2021-03-08,ITA
,-,-,Jul 23 1995,"Niort, France",317742.0,Alice Bacquie,532.0,2014-11-03 00:00:00,2017-04-10,FRA
,-,Right-Handed,Sep 11 1986,"Chiaravalle, Italy",311065.0,Alice Balducci,363.0,2005-08-22 00:00:00,2018-03-19,ITA
"5' 9""",1.75,-,Jan 23 1984,"Cambridge, England",20624.0,Alice Barnes,561.0,2000-12-04 00:00:00,2002-06-03,GBR
,-,Right-Handed,Jan 22 2005,"Ajaccio, France",329441.0,Alice Battesti,1377.0,2023-08-21 00:00:00,2025-08-18,FRA
,-,-,Jan 17 1989,"Chatou, France",313018.0,Alice Bellicha,869.0,2005-12-05 00:00:00,2006-12-18,FRA
"5' 8""",1.73m,Right-Handed,Apr 30 1978,"Finale Ligure, Italy",30338.0,Alice Canepa,159.0,2000-12-04 00:00:00,2008-01-14,ITA
,-,-,Aug 15 1998,"Maidstone, kent",325728.0,Alice Gillan,699.0,2018-03-19 00:00:00,2025-08-18,GBR
,-,-,Nov 24 1986,",Nigeria",311089.0,Alice Izomor,1297.0,2005-12-05 00:00:00,2005-12-05,NGR
,-,-,Jan 1 1986,"York, England",310572.0,Alice Mackenzie,733.0,2005-08-22 00:00:00,2005-12-05,GBR
,-,Right-Handed,Sep 29 1995,"Pescara, Italy",319373.0,Alice Matteucci,319.0,2013-10-07 00:00:00,2018-10-15,ITA
,-,Right-Handed,Feb 21 1991,"Bergame, Italy",313830.0,Alice Moroni,377.0,2006-12-04 00:00:00,2012-08-13,ITA
,-,-,Nov 9 1997,"Paris, France",322478.0,Alice Rame,308.0,2018-03-05 00:00:00,2025-08-18,FRA
,-,Right-Handed,May 10 2000,"Fermanville, France",324056.0,Alice Robbe,190.0,2019-09-16 00:00:00,2025-08-18,FRA
,-,Right-Handed,Jun 17 1992,"Loreto, Italy",314539.0,Alice Savoretti,411.0,2011-02-21 00:00:00,2016-10-10,ITA
,-,-Right-handed,Feb 23 1990,"Saint-Pierre d'Irube, France",313342.0,Alice Tisset,584.0,2006-12-04 00:00:00,2012-08-06,FRA
,-,Right-Handed,Jan 30 2001,"Saint-Genès-Champanelle, France",325406.0,Alice Tubello,219.0,2018-03-19 00:00:00,2025-08-18,FRA
,-,-,Jun 12 1991,,314051.0,Alice-Andrada Radu,744.0,2006-12-04 00:00:00,2010-01-25,ROU
,-,Right-Handed,Oct 18 1993,"Gloucester, England",318925.0,Alicia Barnett,463.0,2018-03-05 00:00:00,2022-10-31,GBR
,-,Right-Handed,Dec 29 1998,"Manuel, Spain",321880.0,Alicia Herrero Linana,1030.0,2016-02-22 00:00:00,2025-08-18,ESP
"6' 0""",1.82m,Right-Handed,Jan 27 1981,"Adelaide, Australia",130548.0,Alicia Molik,8.0,2000-12-04 00:00:00,2012-01-23,AUS
"5' 7""",1.70m,-,May 2 1976,"Barcelona, Spain",150072.0,Alicia Ortuno,256.0,2000-12-04 00:00:00,2001-12-17,ESP
,-,Right-Handed,Mar 24 1980,"Pietermaritzburg, South Africa",160360.0,Alicia Pillay,543.0,2000-12-04 00:00:00,2006-12-18,RSA
,-,Right-Handed,Sep 27 1996,"Tamworth, Australia",321903.0,Alicia Smith,662.0,2018-03-19 00:00:00,2025-08-18,AUS
"5' 5""",1.65m,Right-Handed,Dec 1 1985,"Warsaw, Poland",310779.0,Alicja Rosolska,647.0,2002-09-30 00:00:00,2008-11-03,POL
"5'8""",1.73m,Right-Handed,Mar 20 1980,"Geneva, Switzerland",200256.0,Alienor Tricerri,339.0,2000-12-04 00:00:00,2004-10-18,SUI
,-,-,Mar 16 1997,"Moscow, Russia",321434.0,Alija Merdeeva,1215.0,2019-11-25 00:00:00,2021-03-08,RUS
"5' 8""",1.73m,Right-Handed,Mar 23 1995,"Tashkent, Uzbekistan",317253.0,Alina Abdurakhimova,885.0,2012-08-06 00:00:00,2012-08-06,UZB
,-,Right-Handed,May 27 2002,"Samara, Russia",329198.0,Alina Charaeva,232.0,2019-09-16 00:00:00,2025-08-18,RUS
,-,-,Jul 13 2002,"Wilen, Switzerland",328688.0,Alina Granwehr,635.0,2022-10-24 00:00:00,2025-08-18,SUI
5' 6 1/4'',1.68m,Right-Handed,Jan 18 1977,"Moscow, Russia",260065.0,Alina Jidkova,51.0,2000-12-04 00:00:00,2011-05-02,RUS
"5' 11""",1.80m,Right-Handed,Jun 23 2007,"Moscow, Russia",331330.0,Alina Korneeva,128.0,2022-10-24 00:00:00,2025-08-18,RUS
"5' 10""",1.79,-,Jan 22 2000,"Neustadt, Austria",326478.0,Alina Michalitsch,1211.0,2023-08-21 00:00:00,2023-08-21,AUT
,-,Right-Handed,Aug 5 1993,"Moscow, Russia",316016.0,Alina Mikheeva,548.0,2013-09-09 00:00:00,2016-02-22,RUS
,-,-,,,314155.0,Alina Petras,1296.0,2006-12-04 00:00:00,2006-12-18,BUL
"5' 8""",-,-,Aug 24 2003,"Moscow, Russia",328934.0,Alina Shcherbinina,912.0,2019-09-16 00:00:00,2023-08-21,RUS
,-,Right-Handed,Jul 10 1996,"Khimki, Russia",319863.0,Alina Silich,426.0,2013-09-09 00:00:00,2021-03-08,RUS
,-,-,,,313057.0,Alina Stanila,1242.0,2005-12-05 00:00:00,2005-12-05,ROM
"5' 5 3/4""","5' 5 3/4""",Right-Handed,Nov 25 1990,"Cologne, Germany",314814.0,Alina Wessel,636.0,2011-02-21 00:00:00,2016-02-22,GER
,-,-,,,310131.0,Aline Pinheiro,1188.0,2001-12-10 00:00:00,2001-12-10,BRA
,-,Right-Handed,Nov 2 1997,"Schaffhausen, Switzerland",322913.0,Aline Thommen,1307.0,2021-03-08 00:00:00,2021-03-08,SUI
"5' 8""",1.72m,Right-Handed,Nov 6 1997,"Chisinau, Moldova",320735.0,Aliona Bolsova,88.0,2013-10-07 00:00:00,2025-08-18,ESP
,-,Right-Handed,Mar 29 2004,"Minsk, Belarus",329250.0,Aliona Falei,173.0,2022-10-24 00:00:00,2025-08-18,BLR
,-,-,May 11 2000,"Korolev, Moscow",326295.0,Alisa Axyanova,1273.0,2019-11-25 00:00:00,2021-03-08,RUS
,-,-,Apr 26 2005,"Kyiv, Ukraine",330896.0,Alisa Baranovska,884.0,2024-02-26 00:00:00,2025-08-18,UKR
"5' 11""",1.81m,Right-Handed,Jul 15 1989,"Moscow, Russia",311777.0,Alisa Kleybanova,20.0,2004-03-22 00:00:00,2018-10-15,RUS
,-,-,Oct 4 2002,"Tosno, Russia",329166.0,Alisa Kummel,879.0,2024-02-26 00:00:00,2025-08-18,RUS
,,,Mar 18 1994,"Tashkent, Uzbekistan",316073.0,Alisa Ogorodova,1048.0,2008-11-03 00:00:00,2008-11-03,UZB
,-,Right-Handed,Dec 25 2000,"Riga, Latvia",324376.0,Alise Cernecka,1026.0,2018-03-19 00:00:00,2019-09-16,LAT
,,,Apr 20 1988,"Adazi, Latvia",312365.0,Alise Vaidere,658.0,2005-08-22 00:00:00,2008-02-18,LAT
"5' 8""",1.72m,-,Jun 29 1999,"Reading, England",325185.0,Alisha Reayer,1338.0,2023-08-21 00:00:00,2023-08-21,GBR
"5' 7""",1.69m,Right-Handed,Jan 18 1990,"Canberra, Australia",312989.0,Alison Bai,305.0,2005-12-05 00:00:00,2021-10-11,AUS
,-,-,Nov 26 1987,"Ancaster, Canada",140096.0,Alison Nash,426.0,2000-12-04 00:00:00,2002-09-30,CAN
,-,Right-Handed,Nov 29 1979,"San antonio, TX, USA",150159.0,Alison Ojeda,930.0,2001-09-03 00:00:00,2002-06-03,USA
"5' 9""",1.73m,Right-Handed,Jul 3 1990,"Pittsburgh, PA, USA",312850.0,Alison Riske-Amritraj,18.0,2008-01-07 00:00:00,2024-02-26,USA
,-,-,Apr 27 1989,"Plumpton, Australia",313884.0,Alison Shemon,671.0,2010-01-25 00:00:00,2010-04-26,AUS
"5' 8""",1.73m,Right-Handed,Mar 26 1994,"Vilvoorde, Belgium",317819.0,Alison Van Uytvanck,37.0,2011-02-21 00:00:00,2024-09-02,BEL
,-,-,,,220276.0,Alissa Velts,1037.0,2000-12-04 00:00:00,2000-12-25,KAZ
"5' 9""",1.74m,-,Mar 17 1993,"Lyon, France",316630.0,Alix Collombon,463.0,2011-02-21 00:00:00,2014-11-03,FRA
"5' 10""",1.78,-,Jun 19 1987,"Quebec, Canada",310495.0,Alizee Paradis,1166.0,2005-12-05 00:00:00,2005-12-05,CAN
"5' 8""",1.73m,Right-Handed,Jan 22 1990,"Nice, France",312121.0,Alizé Cornet,11.0,2004-10-18 00:00:00,2025-08-18,FRA
"5' 8""",1.73m,Right-Handed,Jul 13 1990,"Paris, France",315301.0,Alizé Lim,135.0,2008-11-03 00:00:00,2025-08-18,FRA
"5'10""",1.78m,Right-Handed,Nov 3 1987,"Moscow, Russia",311362.0,Alla Kudryavtseva,56.0,2004-10-18 00:00:00,2018-10-15,RUS
"4' 11""",105m,,Nov 12 1983,"Bellmore, NY, USA",311006.0,Allessandra Esposito,1113.0,2005-08-22 00:00:00,2005-12-05,ITA
5' 7'',1.69m,Right-Handed,Jun 30 1995,"Fort Lauderdale, FL, USA",319042.0,Allie Kiick,126.0,2011-11-28 00:00:00,2025-08-18,USA
,-,Right-Handed,Apr 20 1991,"Boca Raton, FL, USA",313952.0,Allie Will,280.0,2008-02-18 00:00:00,2014-11-03,USA
5' 11'',1.81,Right-Handed,Nov 14 1980,"San Diego, California, USA",20549.0,Allison Bradshaw,102.0,2000-12-04 00:00:00,2004-10-18,USA
,-,Left-Handed,Aug 15 2002,"Hawaii, USA",329123.0,Allura Zamarripa,646.0,2019-09-16 00:00:00,2025-08-18,USA
5' 11'',1.81,Left-Handed,Apr 10 1986,"Raleigh, North Carolina, USA",20670.0,Ally Baker,264.0,2001-09-03 00:00:00,2004-10-18,USA
,-,-,Mar 3 1991,"Gijon, Spain",316339.0,Almudena Sanz-Llaneza Fernandez,746.0,2019-09-16 00:00:00,2021-10-11,ESP
"5' 6""",1.68m,Right-Handed,Aug 13 1984,"Kryvyi Rig, Ukraine",20608.0,Alona Bondarenko,19.0,2000-12-04 00:00:00,2012-08-13,UKR
"5' 9""",1.74m,Left-Handed,Jan 28 1997,"Haifa, Israel",320676.0,Alona Pushkarevsky,984.0,2016-02-22 00:00:00,2016-02-22,ISR
6' 1'',6' 1'',Right-Handed,Dec 31 2000,"Atlanta, Georgia",326007.0,Alycia Parks,40.0,2019-08-26 00:00:00,2025-08-18,USA
"5' 7""",1.70m,Right-Handed,May 5 1992,"Kharkiv, Ukraine",314903.0,Alyona Sotnikova,315.0,2008-11-03 00:00:00,2017-07-31,UKR
,-,-,Dec 27 2006,"San Diego, CA, USA",332107.0,Alyssa Ahn,1200.0,2023-08-21 00:00:00,2025-08-18,USA
,-,Right-Handed,Nov 19 1982,,30514.0,Alyssa Cohen,286.0,2000-12-04 00:00:00,2004-10-18,USA
,-,-,May 4 2006,"Villers, France",330705.0,Alyssa Reguer,1206.0,2023-08-21 00:00:00,2025-08-18,FRA
"5' 2""",1.57m,Righth-Handed,May 21 1996,"Mililani, HI, USA",328764.0,Alyssa Tobita,1058.0,2019-09-16 00:00:00,2021-03-08,USA
"5' 11""",1.80m,Right-Handed,Aug 31 2001,"Freehold, NJ, USA",326384.0,Amanda Anisimova,21.0,2016-10-10 00:00:00,2025-08-18,USA
,-,Left-Handed,Jan 19 1978,"Manhattan Beach, CA, USA",10223.0,Amanda Augustus,304.0,2000-12-04 00:00:00,2003-08-25,USA
,-,Right-Handed,May 16 1990,"Gibraltar, England",314095.0,Amanda Carreras,236.0,2008-10-27 00:00:00,2023-08-21,GBR
5' 2 1/4'',1.58,Right-Handed,Oct 22 1971,"Hoopstad, South Africa",30037.0,Amanda Coetzer,7.0,2000-12-04 00:00:00,2005-01-10,RSA
,-,-,Jun 27 1976,"Melbourne, Australia",40248.0,Amanda Dundas,911.0,2000-12-04 00:00:00,2000-12-25,AUS
"5' 9""",1.75m,Right-Handed,Nov 1 1989,"Abbots Langley, England",314458.0,Amanda Elliott,311.0,2008-01-07 00:00:00,2011-02-21,GBR
,-,-,Dec 4 1986,"Tarzana, CA, USA",312786.0,Amanda Fink,260.0,2005-08-22 00:00:00,2012-10-29,USA
5'8'',1.73m,Left-Handed,Mar 25 1979,"Canberra, Australia",70340.0,Amanda Grahame,159.0,2000-12-04 00:00:00,2003-12-22,AUS
5' 5 3/4'',1.67m,Right-Handed,Feb 11 1979,"Goirle, Netherlands",80260.0,Amanda Hopmans,103.0,2000-12-04 00:00:00,2003-12-22,NED
"5' 7""",1.70m,-,Nov 26 1981,"Bettendorf, IA, USA",100144.0,Amanda Johnson,470.0,2000-12-04 00:00:00,2005-12-05,USA
,-,Left-Handed,Jan 15 1978,"Walthamstow, England",100106.0,Amanda Keen,207.0,2001-09-03 00:00:00,2008-02-18,GBR
,-,-,Jan 6 1986,"Richland, WA, USA",316305.0,Amanda Marie Taylor,976.0,2008-11-03 00:00:00,2008-11-03,USA
"5' 5""",1.65m,-,Sep 2 1987,"Atlanta, GA, USA",316279.0,Amanda Mcdowell,438.0,2008-11-03 00:00:00,2012-08-06,USA
,-,-,Jun 22 1998,"Veracruz, Mexico",327206.0,Amanda Nava Elkin,1357.0,2023-08-21 00:00:00,2025-08-18,MEX
"5' 11""",1.80m,-,Mar 22 1993,"Bradenton, FL, USA",318994.0,Amanda Rodgers,524.0,2018-03-05 00:00:00,2018-12-31,USA
,-,-,,,190868.0,Amanda Sanches,1138.0,2001-09-03 00:00:00,2001-12-10,BRA
,,Left-Handed,Feb 25 1989,"Serignan, France",312042.0,Amandine Cazeaux,553.0,2005-08-22 00:00:00,2021-03-08,FRA
,,Right-Handed,Mar 22 1982,"Avignon, France",40333.0,Amandine Dulon,220.0,2000-12-04 00:00:00,2004-10-18,FRA
"5' 4""",1.64m,Right-Handed,Jan 16 1993,"Montauban, France",315148.0,Amandine Hesse,154.0,2011-02-21 00:00:00,2025-08-18,FRA
,-,Left-Handed,Feb 6 2002,"Grenoble, France",329331.0,Amandine Monnot,464.0,2022-10-24 00:00:00,2025-08-18,FRA
,,,Jun 18 1982,,190710.0,Amandine Singla,345.0,2000-12-04 00:00:00,2004-10-18,FRA
,-,-,,,110592.0,Amani Khalifa,710.0,2001-12-10 00:00:00,2003-08-04,EGY
,-,Right-Handed,Feb 10 1003,,328131.0,Amarissa Toth,369.0,2022-10-24 00:00:00,2025-08-18,HUN
,-,-,Oct 8 2002,"Bolton, ENgland",329919.0,Amarni Banks,235.0,2022-10-24 00:00:00,2025-08-18,GBR
"5' 7""",1.7m,Right-Handed,Jul 6 1984,"Santa Monica, CA, USA",120378.0,Amber Liu,241.0,2000-12-04 00:00:00,2008-12-08,USA
"5' 7""",1.71m,Right-Handed,Jul 19 2001,"Payneham South, Australia",325786.0,Amber Marshall,625.0,2019-09-16 00:00:00,2021-10-11,AUS
,,,Oct 16 1987,"St. Paul, MN, USA",328703.0,Amber Washington,1148.0,2019-09-16 00:00:00,2021-03-08,USA
,-,Right-Handed,Jun 13 2000,"Lomme, France",325478.0,Ambre Feder,1249.0,2019-11-25 00:00:00,2021-03-08,FRA
"5' 8""",1.73m,Right-Handed,Jun 3 2002,"Nottingham, England",329251.0,Amelia Rajecki,658.0,2023-08-21 00:00:00,2025-08-18,GBR
,-,Right-Handed,Apr 26 2005,"Lommel, Belgium",332417.0,Amelia Waligora,848.0,2023-08-21 00:00:00,2025-04-21,BEL
5'7'',1.70m,Left-Handed,Mar 27 1978,"Amiens, France",30347.0,Amelie Cocheteux,178.0,2000-12-04 00:00:00,2001-12-10,FRA
,-,-,Jun 30 1996,"Bad Segeberg, Germany",319677.0,Amelie Intert,813.0,2016-02-22 00:00:00,2018-03-19,GER
,-,Right-Handed,Feb 16 2005,"Zlin, Czech Republic",330421.0,Amelie Smejkalova,851.0,2023-08-21 00:00:00,2025-06-16,CZE
,-,Right-Handed,Jul 19 2004,"Wichelen, Belgium",330527.0,Amelie Van Impe,467.0,2021-03-08 00:00:00,2025-08-18,BEL
,-,-,Sep 13 1990,,314060.0,Ami Nakano,1352.0,2006-12-04 00:00:00,2006-12-04,JPN
"5' 10""",1.77,-,Jan 1 1982,"Cape Town, South Africa",130624.0,Amiella Mojzis,497.0,2000-12-04 00:00:00,2001-09-03,RSA
,-,Left-Handed,Sep 9 1999,"Moscow, Russia",321965.0,Amina Anshba,278.0,2016-01-25 00:00:00,2025-08-18,RUS
,,Right-Handed,Feb 22 1989,"Almaty, Kazakhstan",312756.0,Amina Rakhim,259.0,2006-10-30 00:00:00,2008-11-03,KAZ
,-,-,Jul 29 1993,"Sochi, Russia",315998.0,Aminat Kushkhova,389.0,2010-07-05 00:00:00,2016-02-22,RUS
,,Right-Handed,Dec 19 1989,"Oran, Algeria",321967.0,Amira Benaissa,983.0,2016-02-22 00:00:00,2023-08-21,ALG
"6' 1""","6' 1""",Right-Handed,May 6 1989,"Prilep, Macedonia",313355.0,Amra Sadikovic,126.0,2008-01-07 00:00:00,2019-09-16,SUI
,-,Right-Handed,Aug 5 1994,"Kolkata, India",320181.0,Amrita Mukherjee,1246.0,2016-02-22 00:00:00,2016-02-22,IND
"6' 0""",1.83m,Right-Handed,Sep 16 1993,"Dublin, Ireland",317721.0,Amy Bowtell,385.0,2011-02-21 00:00:00,2016-02-22,IRL
,-,-,,,40354.0,Amy Dillingham,855.0,2000-12-04 00:00:00,2006-12-18,USA
5' 9'',1.75m,Right-Handed,Sep 19 1992,"St. Louis, Missouri, USA",60034.0,Amy Frazier,18.0,2000-12-04 00:00:00,2007-07-16,USA
,-,-,Jul 31 1978,"Brisbane, Australia",100107.0,Amy Jensen,423.0,2000-12-04 00:00:00,2001-10-22,AUS
,-,-,Oct 28 1994,,319717.0,Amy Zhu,500.0,2016-02-22 00:00:00,2025-08-18,USA
"5' 9""",1.75m,Right-Handed,Jul 5 1979,"Saint-Germain-en-Laye, France",130450.0,Amélie Mauresmo,1.0,2000-12-04 00:00:00,2009-12-07,FRA
,-,-,,,120414.0,An-Na Lee,790.0,2000-12-04 00:00:00,2002-06-03,KOR
"5' 7""",1.70m,Right-Handed,Mar 7 1994,"Ghent, Belgium",316512.0,An-Sophie Mestach,98.0,2010-04-26 00:00:00,2018-10-15,BEL
,-,-,Oct 14 1998,"Villavicencio, Colombia",322120.0,Ana Becerra,1273.0,2019-11-25 00:00:00,2025-04-21,COL
,-,-,Mar 11 1988,"Castellon, Spain",311347.0,Ana Beltran Trigueros,1271.0,2005-12-05 00:00:00,2005-12-05,ESP
,-,-,May 24 1993,,313660.0,Ana Belzunce-Crompin,692.0,2009-08-24 00:00:00,2014-01-20,ESP
,-,-,Oct 5 1996,"Roman, Romania",319892.0,Ana Bianca Mihaila,523.0,2016-02-22 00:00:00,2021-03-08,ROU
,-,Right-Handed,Jul 9 1999,"Zagreb, Croatia",325328.0,Ana Biskic,746.0,2018-03-19 00:00:00,2018-03-19,CRO
5' 7'',5' 7'',Right-Handed,Nov 25 1992,"Sinaia, Romania",315427.0,Ana Bogdan,39.0,2008-11-03 00:00:00,2025-08-18,ROU
,-,Right-Handed,Apr 19 2004,"Jundiai, Brazil",331305.0,Ana Candiotto,571.0,2022-10-24 00:00:00,2025-08-18,BRA
,-,Right-Handed,Sep 20 1978,"Porto, Portugal",140159.0,Ana Catarina Nogueira,409.0,2000-12-04 00:00:00,2008-11-03,POR
,-,-,Nov 25 1983,,200361.0,Ana Cecilia Trevino,795.0,2001-09-03 00:00:00,2003-08-04,MEX
5' 11,1.80m,Right-Handed,Jan 13 1983,"Belgrade, Serbia",310127.0,Ana Cetnik,1049.0,2001-12-10 00:00:00,2001-12-10,SCG
"5' 4""",1.63m,Right-Handed,Jun 11 1989,"Rio de Janeiro, Brazil",311983.0,Ana Clara Duarte,221.0,2006-12-04 00:00:00,2014-11-03,BRA
,-,Right-Handed,Feb 12 1996,Santiago do Cacem,318790.0,Ana Filipa Santos,878.0,2019-09-16 00:00:00,2025-08-11,POR
,-,-,Dec 11 1977,"Zagreb, Croatia",60155.0,Ana Friganovic,1082.0,2000-12-04 00:00:00,2001-09-03,CRO
,-,-,,,324747.0,Ana Giraldi Requena,1091.0,2023-08-21 00:00:00,2025-08-18,ESP
,,,Apr 12 1987,"San Salvador, El Salvador",310629.0,Ana Gloria Osorio,1097.0,2005-08-22 00:00:00,2005-08-22,ESA
,-,-,Jan 2 2004,,331582.0,Ana Grubor,819.0,2023-08-21 00:00:00,2025-08-18,CAN
6',1.84m,Right-Handed,Nov 6 1987,"Belgrade, Serbia",311710.0,Ana Ivanovic,1.0,2004-03-08 00:00:00,2016-12-26,SRB
,,Right-Handed,Dec 28 1984,"Belgrade, Serbia",310122.0,Ana Jovanovic,216.0,2001-12-10 00:00:00,2011-12-19,SRB
,-,Right-Handed,Jan 22 2002,"Monterrey, Mexico",329421.0,Ana Karen Guadiana Campos,910.0,2019-09-16 00:00:00,2025-08-18,MEX
"5' 9""","5' 9""",Right-Handed,Dec 27 1997,"Dubrovnik, Croatia",320682.0,Ana Konjuh,20.0,2013-06-17 00:00:00,2025-08-18,CRO
,-,Right-Handed,Sep 2 2000,"Las Palmas de Gran Canaria, Spain",325202.0,Ana Lantigua De La Nuez,575.0,2019-09-16 00:00:00,2022-10-24,ESP
,-,Left-Handed,Dec 16 1983,"Montevideo, Uruguay",130671.0,Ana Lucia Migliarini De Leon,338.0,2000-12-04 00:00:00,2005-09-12,URU
"5' 6""",1.70m,Right-Handed,Jul 19 1996,"San Juan, Argentina",319582.0,Ana Madcur,709.0,2014-01-20 00:00:00,2014-11-03,ARG
,-,-,Jul 25 2000,"Tbilisi, Georgia",326585.0,Ana Makatsaria,1227.0,2019-09-16 00:00:00,2021-03-08,GEO
,,,,,317169.0,Ana Maria Crisan,1002.0,2011-12-19 00:00:00,2011-12-19,ROU
,,,Jun 29 1978,"Nova Friburgo, Brazil",311012.0,Ana Maria Moura,1079.0,2005-12-05 00:00:00,2006-12-18,BRA
,-,-,,,190740.0,Ana Maria Simanca,1130.0,2000-12-04 00:00:00,2000-12-04,COL
,-,-,,,190734.0,Ana Maria Sismondini,765.0,2000-12-04 00:00:00,2002-06-03,ESP
,-,-,,,130619.0,Ana Martin Ramirez,662.0,2000-12-04 00:00:00,2002-06-03,ESP
,-,-,,,130633.0,Ana Maslesa,927.0,2000-12-04 00:00:00,2002-06-03,CRO
,-,-,May 1 1988,,315085.0,Ana Miguel-Ivern,836.0,2008-11-03 00:00:00,2008-11-03,ESP
,,Right-Handed,Jul 25 1988,"Durango, Mexico",311049.0,Ana Paula De La Pena,945.0,2005-12-05 00:00:00,2011-12-19,MEX
"5' 7""",1.70m,Right-Handed,Jan 17 1997,"Key Biscayne, FL, USA",320579.0,Ana Paula Neffa De Los Rios,487.0,2014-09-22 00:00:00,2025-04-21,PAR
,-,-,,,140177.0,Ana Paula Novaes,629.0,2000-12-04 00:00:00,2001-12-17,BRA
"5' 4""",1.62m,Right-Handed,Jan 10 1997,"Burgos, Spain",321445.0,Ana Roman Dominguez,1212.0,2016-02-22 00:00:00,2016-02-22,ESP
,-,-,,,313174.0,Ana Ruiz-Fernandez,1396.0,2005-12-05 00:00:00,2005-12-05,ESP
,,Right-Handed,Jul 12 1972,"Madrid, Spain",190375.0,Ana Salas Lozano,300.0,2000-12-04 00:00:00,2008-11-03,ESP
,-,-,Oct 9 1989,"Pozega, Croatia",314035.0,Ana Savic,222.0,2006-11-13 00:00:00,2017-04-10,CRO
,-,-,Jun 2 2001,"Tbilisi, Georgia",324858.0,Ana Shanidze,1212.0,2016-02-22 00:00:00,2016-02-22,GEO
,-,-,Feb 26 1979,"Ljubljana, Slovenia",190704.0,Ana Skafar,915.0,2000-12-04 00:00:00,2000-12-25,SLO
"5' 4""",1.62m,Left-Handed,Apr 13 1994,"San Luis Potosi, Mexico",316694.0,Ana Sofia Sánchez,248.0,2011-11-28 00:00:00,2025-08-18,MEX
,-,Right-Handed,Dec 30 1982,"Belgrade, Serbia",200323.0,Ana Timotic,199.0,2000-12-04 00:00:00,2010-01-25,SRB
"5' 8""",1.73m,Left-Handed,Feb 22 1988,"Herceg Novi, Montenegro",312378.0,Ana Veselinovic,329.0,2005-08-22 00:00:00,2019-09-16,MNE
,-,-,Dec 26 1996,"San Fernando del Valle de Catamarca, Argentina",320063.0,Ana Victoria Gobbi Monllau,754.0,2016-02-22 00:00:00,2016-02-22,ARG
,,Right-Handed,Aug 1 1984,"Zagreb, Croatia",220278.0,Ana Vrljic,180.0,2002-06-03 00:00:00,2019-11-25,CRO
,-,-,Sep 8 1989,"Bucharest, Romania",313721.0,Ana-Maria Constantinescu,1123.0,2006-12-04 00:00:00,2006-12-18,ROU
,-,-,Feb 1 1992,"Timisoara, Romania",315521.0,Ana-Maria Nedelcu,1011.0,2008-11-03 00:00:00,2008-11-03,ROU
"5'6""",1.68m,,Sep 01 1986,"Novi Sad, Serbia",312043.0,Ana-Maria Zubori,783.0,2005-08-22 00:00:00,2005-12-05,FRA
"5' 6 1/2""",1.69m,Right-Handed,Jul 31 1982,"Valencia, Spain",130611.0,Anabel Medina Garrigues,16.0,2000-12-04 00:00:00,2015-02-16,ESP
,-,Right-Handed,Dec 12 1993,"Noumea, New Caledonia, France",318744.0,Anaeve Pain,776.0,2011-11-28 00:00:00,2013-10-07,FRA
"5' 7""","5' 7""",Right-Handed,Apr 15 1985,"St. Etienne, France",310091.0,Anais Laurendon,180.0,2001-09-03 00:00:00,2013-06-17,FRA
,-,Right-Handed,Jan 15 1989,"Nice, France",315761.0,Anais Van Cauter,979.0,2016-02-22 00:00:00,2016-02-22,FRA
,-,-,Dec 14 1988,,312299.0,Anamaria Sere,472.0,2004-10-18 00:00:00,2008-02-25,ROU
"5' 7""",1.70m,Right-Handed,Apr 13 1989,"New York, NY, USA",312672.0,Anamika Bhargava,649.0,2011-12-19 00:00:00,2014-11-03,USA
,-,Right-Handed,Nov 19 2003,"Palermo, Italy",328213.0,Anastasia Abbagnato,414.0,2023-08-21 00:00:00,2025-08-18,ITA
,,Right-Handed,Jan 18 1997,,323191.0,Anastasia Chikalkina,1168.0,2016-02-22 00:00:00,2016-02-22,RUS
5' 10'',5' 10'',Right-Handed,Dec 14 1998,Moldova,323849.0,Anastasia Detiuc,352.0,2016-02-22 00:00:00,2022-05-02,CZE
,-,Right-Handed,May 31 1982,"Kazan, Russia",40401.0,Anastasia Dvornikova,502.0,2002-09-30 00:00:00,2003-08-25,RUS
,-,Right-Handed,Jun 21 1994,"Moscow, Russia",318418.0,Anastasia Frolova,298.0,2011-12-19 00:00:00,2021-03-08,RUS
5' 8'',5' 8'',Right-Handed,May 15 1999,"Saratov, Russia",322333.0,Anastasia Gasanova,121.0,2014-11-03 00:00:00,2025-08-18,RUS
"5' 9""",1.75m,Right-Handed,Sep 17 2006,"Moscow, Russia",331163.0,Anastasia Grechkina,942.0,2023-08-21 00:00:00,2025-08-18,RUS
"5' 6""",1.68m,Right-Handed,Jul 12 1990,"Kyiv, Ukraine",313949.0,Anastasia Grymalska,213.0,2008-11-03 00:00:00,2022-10-31,ITA
"5' 6""",1.68m,Right-Handed,Sep 12 2000,"Lima, Peru",323953.0,Anastasia Iamachkine,720.0,2023-08-21 00:00:00,2025-08-18,PER
,-,Right-Handed,Dec 12 1989,,314708.0,Anastasia Kharchenko,428.0,2008-10-27 00:00:00,2016-02-22,UKR
,,,Sep 25 1993,"Moscow, Russia",318416.0,Anastasia Klyueva,973.0,2011-12-19 00:00:00,2012-08-06,RUS
,-,-,,,312980.0,Anastasia Kontratevidi,553.0,2005-12-05 00:00:00,2008-02-18,GRE
,-,Right-Handed,Jul 9 2002,"Moscow, Russia",329181.0,Anastasia Kovaleva,421.0,2022-10-24 00:00:00,2025-08-11,RUS
5'10'',5'10'',Left-Handed,Feb 15 2000,"Ryazan, Russia",323608.0,Anastasia Kulikova,182.0,2018-03-19 00:00:00,2025-08-18,FIN
,-,Left-Handed,Dec 12 1989,"Gifu, Japan",313292.0,Anastasia Malhotra,467.0,2005-12-05 00:00:00,2010-04-26,JPN
,-,-,May 25 1992,"Moscow, Russia",316017.0,Anastasia Mukhametova,394.0,2010-01-25 00:00:00,2012-08-06,RUS
5' 8 1/2'',5' 8 1/2'',Right-Handed,Jul 8 1981,"Moscow, Russia",130533.0,Anastasia Myskina,2.0,2000-12-04 00:00:00,2007-08-06,RUS
"5' 10""",1.79m,Right-Handed,Oct 17 1997,"Moscow, Russia",320866.0,Anastasia Nefedova,428.0,2016-02-22 00:00:00,2022-10-31,USA
"5' 9""",1.76m,Right-Handed,Jul 3 1991,"Samara, Russia",313796.0,Anastasia Pavlyuchenkova,11.0,2006-06-05 00:00:00,2025-08-18,RUS
,,Right-Handed,Aug 22 2000,"Lumezzane, Italy",328154.0,Anastasia Piangerelli,917.0,2019-09-16 00:00:00,2025-04-21,ITA
"6' 0""",1.82m,Right-Handed,Jun 16 1990,"Chita, Russia",313390.0,Anastasia Pivovarova,93.0,2005-11-28 00:00:00,2018-10-15,RUS
"5' 5""",1.66m,Right-Handed,Apr 4 1988,"Ekaterinburg, Russia",313538.0,Anastasia Poltoratskaya,283.0,2005-12-05 00:00:00,2010-04-26,RUS
"5' 7""",1.70,Right-Handed,Mar 30 2001,"Saratov, Russia",325601.0,Anastasia Potapova,21.0,2017-03-20 00:00:00,2025-08-18,RUS
,,Left-Handed,Feb 12 1996,"Pavlovsky Posad, Russia",320857.0,Anastasia Pribylova,360.0,2014-09-22 00:00:00,2021-10-11,RUS
"5' 8""",1.73m,Right-Handed,Jun 20 1989,"Moscow, Russia",312398.0,Anastasia Revzina,962.0,2005-08-22 00:00:00,2005-12-05,RUS
"5' 5 3/4""",1.67m,Right-Handed,May 12 1982,"Tambov, Russia",180356.0,Anastasia Rodionova,62.0,2000-12-04 00:00:00,2018-04-02,AUS
,-,-,Nov 9 1994,"Moscow, Russia",317920.0,Anastasia Rudakova,440.0,2011-12-19 00:00:00,2016-02-22,RUS
,-,Right-Handed,Oct 28 2004,"Bucharest, Romania",331453.0,Anastasia Safta,810.0,2023-08-21 00:00:00,2025-08-18,ROU
,,,Apr 25 1997,"Rostov-on-Don, Russia",323246.0,Anastasia Shaulskaya,897.0,2014-11-03 00:00:00,2021-03-08,RUS
,,Right-Handed,Sep 30 1998,"Nivelles, Belgium",322033.0,Anastasia Smirnova,1246.0,2016-02-22 00:00:00,2016-02-22,BEL
,,Left-Handed,Mar 13 2000,"Irkutsk, Russia",324555.0,Anastasia Sukhotina,643.0,2018-10-15 00:00:00,2025-08-18,RUS
,,,Jan 11 1999,"Vidnoye, Russia",328279.0,Anastasia Sysoeva,887.0,2019-11-25 00:00:00,2022-10-24,USA
,-,Left-Handed,Jan 21 2001,"Moscow, Russia",326961.0,Anastasia Tikhonova,151.0,2019-09-16 00:00:00,2025-08-18,RUS
,-,Right-Handed,Apr 20 1994,"Chisinau, Moldova",318522.0,Anastasia Vdovenco,415.0,2012-08-06 00:00:00,2021-03-08,MDA
5' 7'',5' 7'',Right-Handed,Jan 18 2002,"Volgograd, Russia",327367.0,Anastasia Zakharova,108.0,2019-08-05 00:00:00,2025-08-18,RUS
,-,-,,,321679.0,Anastasia Zarycka,206.0,2016-10-10 00:00:00,2022-10-24,CZE
,-,Right-Handed,Mar 24 2005,"Samara, Russia",332162.0,Anastasiia Gureva,342.0,2022-10-24 00:00:00,2025-08-18,RUS
,-,Right-Handed,Jan 8 1998,"Prague, Czech Republic",329858.0,Anastasiia Sobolieva,200.0,2021-10-11 00:00:00,2025-08-18,UKR
"5' 7""",1.69m,Right-Handed,Apr 13 1990,"Liepaja, Latvia",313987.0,Anastasija Sevastova,11.0,2006-09-25 00:00:00,2025-08-18,LAT
,-,Right-Handed,Nov 26 2001,"Voronej, Russia",330339.0,Anastasiya Apalikhina,1357.0,2023-08-21 00:00:00,2023-08-21,RUS
,-,Right-Handed,Apr 29 1997,"Lviv, Ukraine",320416.0,Anastasiya Fedoryshyn,725.0,2016-02-22 00:00:00,2018-03-19,UKR
,,Left-Handed,Jul 8 1997,"Moscow, Russia",320621.0,Anastasiya Komardina,172.0,2013-09-09 00:00:00,2022-05-02,RUS
"5' 7""",1.70m,Right-Handed,Dec 20 2004,"Kyiv,n Ukraine",331135.0,Anastasiya Lopata,1357.0,2023-08-21 00:00:00,2025-08-18,UKR
,,,Sep 29 1991,"Kyiv, Ukraine",315354.0,Anastasiya Lytovchenko,539.0,2009-08-24 00:00:00,2011-03-14,UKR
,,,Nov 7 2001,,326774.0,Anastasiya Poplavska,884.0,2019-09-16 00:00:00,2025-06-02,UKR
"5' 10""",1.79m,Left-Handed,Mar 12 1993,"Ashgabat, Turkmenistan",316628.0,Anastasiya Prenko,556.0,2009-08-24 00:00:00,2011-02-21,TKM
,,,Jan 14 1997,"Moscow, Russia",319017.0,Anastasiya Rychagova,903.0,2019-09-16 00:00:00,2022-10-24,RUS
,,,Feb 16 1995,"Moscow, Russia",318420.0,Anastasiya Saitova,512.0,2013-06-17 00:00:00,2016-02-22,RUS
"5' 2""",1.57m,Right-Handed,Oct 21 1995,"Odessa, Ukraine",320590.0,Anastasiya Shestakova,874.0,2013-10-07 00:00:00,2013-10-07,UKR
,-,Right-Handed,Jun 29 1996,"Minsk, Belarus",318820.0,Anastasiya Shleptsova,1078.0,2016-02-22 00:00:00,2016-02-22,BLR
,-,Right-Handed,Nov 30 1997,"Kharkiv, Ukraine",320768.0,Anastasiya Shoshyna,381.0,2016-02-22 00:00:00,2022-02-14,POL
"6' 0""",1.82m,Right-Handed,Jan 18 1992,"Kharkiv, Ukraine",314888.0,Anastasiya Vasylyeva,129.0,2008-06-23 00:00:00,2019-03-25,UKR
"5' 5""","5' 5""",Right-Handed,Nov 1 1986,"Minsk, Belarus",310626.0,Anastasiya Yakimova,49.0,2003-03-24 00:00:00,2016-02-22,BLR
,,,Apr 22 1996,"Karaganda, Kazakhstan",319070.0,Anastasiya Yepisheva,877.0,2011-12-19 00:00:00,2011-12-19,KAZ
"5' 6""",1.67m,Right-Handed,Oct 8 1982,"Tiberias, Israel",50126.0,Anat Elazari,863.0,2000-12-04 00:00:00,2001-12-10,ISR
"5' 8""",1.73m,Right-Handed,Jun 14 1984,"Pretoria, South Africa",10324.0,Anca Anastasiu,558.0,2000-12-04 00:00:00,2004-10-18,RSA
"5' 7""",1.75m,Left-Handed,May 14 1977,"Cluj-Napoca, Romania",20113.0,Anca Barna,46.0,2000-12-04 00:00:00,2006-01-09,GER
"6' 0""",1.84m,Right-Handed,Oct 10 2004,"Timisoara, Romania",330442.0,Anca Todoni,112.0,2023-07-24 00:00:00,2025-08-18,ROU
"5' 5 3/4""","5' 5 3/4""",Right-Handed,Jul 4 1980,"Braila, Romania",312364.0,Anda Perianu,120.0,2004-09-27 00:00:00,2009-05-18,ROU
"5' 10""",1.78m,Right-Handed,Jan 7 1997,"Douglasville, GA, USA",320652.0,Andie K Daniell,998.0,2016-02-22 00:00:00,2021-03-08,USA
,,,Jan 11 2001,"Backa Palanka, Serbia",328063.0,Andjela Jocovic,1033.0,2019-11-25 00:00:00,2021-03-08,SRB
,-,"5' 10""",Jun 20 2005,"Novi Sad, Serbia",331617.0,Andjela Lazarevic,1017.0,2023-08-21 00:00:00,2025-08-18,SRB
"5' 6""",1.67m,Right-Handed,Aug 16 1991,"Belgrade, Serbia",314368.0,Andjela Nemcevic,983.0,2008-11-03 00:00:00,2008-11-03,SRB
,-,-,Jul 11 1987,"TImisoara, Romania",311711.0,Andra Savu,764.0,2005-08-22 00:00:00,2006-06-05,ROU
,-,-,Sep 11 1987,"Bucharest, Romania",312313.0,Andrada Dinu,726.0,2005-08-22 00:00:00,2006-06-05,ROU
,,Right-Handed,Jun 23 2001,"Kaunas, Lithuania",329344.0,Andre Lukosiute,772.0,2019-11-25 00:00:00,2025-08-18,LTU
"5' 8 1/2""",1.74m,Right-Handed,Aug 10 1986,"Plzen, Czech Republic",80459.0,Andrea  Sestini Hlavackova,58.0,2003-07-21 00:00:00,2018-10-15,CZE
,,Right-Handed,May 10 1986,"Formosa, Argentina",20707.0,Andrea Benitez,251.0,2004-05-24 00:00:00,2014-04-14,ARG
,-,Right-Handed,Apr 24 1990,,313544.0,Andrea Berkova,1011.0,2006-12-04 00:00:00,2008-11-03,CZE
,-,Right-Handed,Oct 4 2000,"Buenos Aires, Argentina",326153.0,Andrea Farulla Di Palma,1084.0,2019-09-16 00:00:00,2021-03-08,ARG
5' 4'',5' 4'',Right-Handed,Oct 31 1992,"Caracas, Venezuela",314852.0,Andrea Gamiz,244.0,2010-12-20 00:00:00,2024-02-26,VEN
"5' 6""",1.68,Right-Handed,Jul 17 1976,"Darmstadt, Germany",70198.0,Andrea Glass,65.0,2000-12-04 00:00:00,2003-08-25,GER
,-,-,Apr 20 1982,"Klosterneuburg, Austria",311430.0,Andrea Hofinger,830.0,2005-08-22 00:00:00,2006-12-18,AUT
"5' 8""",1.74m,Right-Handed,Apr 26 1985,"Santiago, Chile",310092.0,Andrea Koch-Benvenuto,224.0,2004-09-13 00:00:00,2016-07-18,CHI
"5' 6""",1.70m,Right-Handed,Nov 4 1994,"Barcelona, Spain",318080.0,Andrea Lazaro Garcia,180.0,2012-08-06 00:00:00,2025-08-18,ESP
,-,-,Jan 6 1980,,312171.0,Andrea Lipovska,1005.0,2005-08-22 00:00:00,2005-12-05,AUS
,-,-,,,130629.0,Andrea Masarykova,487.0,2000-12-04 00:00:00,2003-08-04,SVK
,-,-,Sep 9 1981,"Hellerup, Denmark",80352.0,Andrea Munch-Hermansen,782.0,2001-09-03 00:00:00,2003-03-24,DEN
,-,-,Jan 1 1978,"Saddle River, NJ, USA",140135.0,Andrea Nathan,374.0,2000-12-04 00:00:00,2002-09-30,USA
"5' 10""",1.77m,Right-Handed,May 18 2004,"Belgrade, Serbia",330994.0,Andrea Obradovic,807.0,2023-08-21 00:00:00,2025-08-18,SRB
"5' 11""",1.8m,Right-Handed,Sep 9 1987,"Tuzla, Bosnia",310770.0,Andrea Petkovic,9.0,2004-07-26 00:00:00,2022-12-05,GER
,,Right-Handed,Mar 7 1982,,160415.0,Andrea Plackova,924.0,2000-12-04 00:00:00,2001-09-03,CZE
,,Right-Handed,Dec 28 1987,"Novi Sad, Serbia",312154.0,Andrea Popovic,388.0,2004-09-27 00:00:00,2007-08-13,SRB
,-,Right-Handed,Jun 2 1995,"Cundinamarca, Colombia",318295.0,Andrea Prisco,1012.0,2011-12-19 00:00:00,2011-12-19,COL
,-,Right-Handed,Apr 17 1996,"Alesund, Norway",321090.0,Andrea Raaholt,1212.0,2016-02-22 00:00:00,2016-02-22,NOR
"5' 8""",1.74,-,Oct 6 1988,"Battle Creek, MI, USA",311306.0,Andrea Remynse,576.0,2004-09-06 00:00:00,2006-12-18,USA
,-,-,Mar 24 1994,"Monterrey, Mexico",317862.0,Andrea Renee Villarreal,602.0,2018-03-19 00:00:00,2021-10-11,MEX
,-,-,,,180435.0,Andrea Riedlmajerova,1197.0,2000-12-04 00:00:00,2000-12-25,SVK
,,Right-Handed,Sep 4 1980,"Partizánske, Slovakia",190617.0,Andrea Sebova,509.0,2000-12-04 00:00:00,2001-09-03,SVK
,-,-,Jun 22 1987,"Wolfsburg, Germany",312177.0,Andrea Sieveke,331.0,2004-09-27 00:00:00,2008-02-18,GER
,,Right-Handed,Feb 2 1979,"Haarlem, Netherlands",220206.0,Andrea Van Den Hurk,360.0,2000-12-04 00:00:00,2004-05-24,NED
,-,Right-Handed,Feb 18 1989,"Guatemala City, Guatemala",311885.0,Andrea Weedon,635.0,2016-02-22 00:00:00,2021-03-29,GUA
,-,-,Nov 19 1986,,311422.0,Andreea Braica,1176.0,2006-12-04 00:00:00,2006-12-18,ROU
5' 6'',1.7m,Left-Handed,Oct 6 1973,"Timisoara, Romania",220122.0,Andreea Ehritt-Vanc,135.0,2000-12-04 00:00:00,2006-12-18,ROU
,-,-,Mar 10 1997,,320729.0,Andreea Ghitescu,577.0,2014-11-03 00:00:00,2021-10-11,ROU
,-,-,,,130734.0,Andreea Matei,1046.0,2000-12-04 00:00:00,2001-12-10,ROM
"5' 9""","5' 9""",Right-Handed,Sep 22 1991,"Bucharest, Romania",314050.0,Andreea Mitu,68.0,2006-12-04 00:00:00,2025-06-30,ROU
"5' 7""",-,-,Feb 9 2000,"Cluj Napoca, Romania",323373.0,Andreea Prisacariu,304.0,2018-03-19 00:00:00,2025-08-18,ROU
,-,-,Mar 20 1999,"Bucharest, Romania",321282.0,Andreea Rosca,210.0,2016-02-22 00:00:00,2025-06-16,ROU
,-,-,,,312805.0,Andreea Vaideanu,424.0,2005-12-05 00:00:00,2012-10-29,ROU
,-,-,Jan 1 2001,"Timisoara, Romania",327559.0,Andreea Velcea,1121.0,2019-09-16 00:00:00,2021-03-08,ROU
"5' 9""",1.75m,Right-Handed,Mar 13 1986,"Koper, Slovenia",312041.0,Andreja Klepac,99.0,2004-08-23 00:00:00,2014-11-03,SLO
,-,Right-Handed,Oct 24 2003,"Idiazabal, Spain",328767.0,Ane Mintegi Del Olmo,377.0,2019-11-25 00:00:00,2025-08-18,ESP
,-,Right-Handed,Aug 8 2005,"Tallinn, Estonia",310880.0,Anet Kaasik,736.0,2004-10-18 00:00:00,2006-12-04,EST
,-,Right-Handed,Jun 13 2003,"Tallinn, Estonia",328830.0,Anet Koskel,968.0,2022-10-24 00:00:00,2023-08-21,EST
,-,Right-Handed,May 22 2000,,324656.0,Aneta Kucmova,304.0,2018-03-19 00:00:00,2025-08-18,CZE
,-,Kladivová,May 10 2000,"Prague, Czech Republic",325291.0,Aneta Laboutkova,453.0,2019-09-16 00:00:00,2025-08-18,CZE
,,Kladivová,Dec 30 1978,"Prague, Czech Republic",190383.0,Aneta Soukup,583.0,2000-12-04 00:00:00,2005-12-05,CAN
"5' 9""",1.74m,Right-Handed,Dec 24 1995,"Tallinn, Estonia",318425.0,Anett Kontaveit,2.0,2011-02-21 00:00:00,2023-07-03,EST
"5' 6""",1.70m,Right-Handed,Aug 24 1991,"Tallinn, Estonia",316318.0,Anett Schutting,681.0,2010-01-25 00:00:00,2010-07-05,EST
,-,-,Aug 1 1991,"Sollentuna, Sweden",315753.0,Anette Munozova,788.0,2014-11-03 00:00:00,2018-03-19,SWE
,-,Right-Handed,Aug 30 2001,"Moscow, Russia",326156.0,Anfisa Danilchenko,1185.0,2019-11-25 00:00:00,2021-03-08,RUS
,-,Right-Handed,Jan 26 2002,"Tokyo, Japan",326772.0,Ange Kajuru,679.0,2019-09-16 00:00:00,2021-03-29,JPN
,,Right-Handed,May 13 1980,"Guimaraes, Portugal",30421.0,Angela Cardoso,580.0,2000-12-04 00:00:00,2002-06-03,POR
,,,,,332384.0,Angela Cui,1322.0,2023-08-21 00:00:00,2023-08-21,AUS
5' 9'',5' 9'',Right-Handed,Jul 12 1999,"Valencia, Spain",322355.0,Angela Fita Boluda,235.0,2018-03-19 00:00:00,2025-08-18,ESP
"5' 8""",1.73m,Left-Handed,Sep 27 1984,"Bellflower, CA, USA",310617.0,Angela Haynes,95.0,2002-06-03 00:00:00,2011-02-21,USA
"5' 11""",1.80m,-,Jul 29 1996,"St. Denis, France",320775.0,Angela Leweurs,801.0,2014-11-03 00:00:00,2016-02-22,FRA
,-,-,Mar 29 1984,"Minnetonka, MN, USA",160514.0,Angela Maria Piedrahita,1131.0,2000-12-11 00:00:00,2001-09-03,USA
5' 2'',1.57m,Right-Handed,Aug 6 1975,"Barcelona, Spain",130324.0,Angeles Montolio,22.0,2000-12-04 00:00:00,2003-08-25,ESP
,-,-,Aug 3 1999,"Cadiz, Spain",324745.0,Angeles Moreno Barranquero,903.0,2019-09-16 00:00:00,2021-03-29,ESP
,,,,,311905.0,Angelica Chavez,930.0,2005-12-05 00:00:00,2006-12-18,MEX
"5' 3""",1.60m,Right-Handed,Oct 3 1973,"El Centro, CA, USA",70103.0,Angelica Gavaldon,261.0,2000-12-04 00:00:00,2001-02-05,MEX
"5' 8""",1.73m,Right-Handed,Aug 17 1994,"Trento, Italy",318112.0,Angelica Moratelli,318.0,2011-02-21 00:00:00,2024-02-26,ITA
,-,-,Nov 14 1998,"Terni, Italy",326013.0,Angelica Raggi,515.0,2019-09-16 00:00:00,2025-08-18,ITA
5' 8 1/2'',1.74m,Right-Handed,May 16 1979,"Munich, Germany",20473.0,Angelika Bachmann,141.0,2000-12-04 00:00:00,2010-04-26,GER
"5'7 3/4""",1.72m,Right-Handed,Jun 8 1977,"Berlin, Germany",180306.0,Angelika Roesch,69.0,2000-12-04 00:00:00,2010-07-12,GER
"5'8""",1.73m,Right-Handed,Jun 12 1998,"Moscow, Russia",329893.0,Angelika Shapovalova,1307.0,2021-03-08 00:00:00,2021-03-08,RUS
,-,-,,,318623.0,Angeliki Kairi,1127.0,2016-02-22 00:00:00,2016-02-22,GRE
5' 9'',1.74m,Right-Handed,Dec 7 1988,"Vladikavkaz, Russia",312964.0,Angelina Gabueva,423.0,2005-11-28 00:00:00,2024-02-26,RUS
"6' 1""",1.86m,Right-Handed,Nov 5 1999,"Kyiv, Ukraine",323167.0,Angelina Shakhraichuk,974.0,2016-02-22 00:00:00,2016-02-22,UKR
,-,-,Mar 13 1998,"Vladivostok, Russia",320802.0,Angelina Skidanova,1246.0,2016-02-22 00:00:00,2016-02-22,RUS
,-,-,Apr 29 2007,"Santiago do Cacém, Portugal",331776.0,Angelina Voloshchuk,785.0,2023-08-21 00:00:00,2025-08-18,POR
,-,-,Jun 17 2002,"Hannover, Germany",326252.0,Angelina Wirges,548.0,2022-10-24 00:00:00,2025-08-18,GER
,-,-,Nov 20 1996,"Moscow, Russia",320514.0,Angelina Zhuravleva,644.0,2013-10-07 00:00:00,2021-03-29,RUS
,-,-,,Morsang sur Orge,40395.0,Angeline Dumontier,1161.0,2000-12-04 00:00:00,2001-09-03,FRA
"5' 8""",1.73m,Left-Handed,Jan 18 1988,"Bremen, Germany",311470.0,Angelique Kerber,1.0,2003-07-21 00:00:00,2024-09-30,GER
,-,-,Jan 25 1996,"Sydney, Australia",319972.0,Angelique Svinos,730.0,2013-06-17 00:00:00,2018-03-19,AUS
,,Right-Handed,Feb 20 1991,"'s-Heer Abtskerke, Netherlands",316302.0,Angelique Van Der Meet,228.0,2010-01-25 00:00:00,2014-11-24,NED
5' 8'',1.73m,Right-Handed,Dec 12 1984,"Bandung, Indonesia",230272.0,Angelique Widjaja,55.0,2000-12-04 00:00:00,2007-08-27,INA
,-,Right-Handed,Jan 29 2004,"Nairobi, Kenya",329769.0,Angella Okutoyi,493.0,2023-08-21 00:00:00,2025-08-18,KEN
,-,-,Sep 28 1990,"Jakarta, Indonesia",313767.0,Anggre Oky-Suconong,1436.0,2006-12-04 00:00:00,2006-12-04,INA
,-,-,,,130328.0,Angie Marik,1044.0,2000-12-04 00:00:00,2000-12-25,AUS
,,,Feb 4 2001,"Cartagena, Colombia",326813.0,Angie Yepes Medina,1273.0,2019-11-25 00:00:00,2021-03-08,COL
5' 11',1.80m,Right-Handed,Feb 7 1997,"Nova Kakhovka, Ukraine",320567.0,Anhelina Kalinina,25.0,2013-09-09 00:00:00,2025-08-18,UKR
,-,Right-Handed,Nov 20 2001,"Ekaterinburg, Russia",324161.0,Anhzelika Isaeva,374.0,2016-02-22 00:00:00,2023-08-21,RUS
"5' 6""","5' 6""",Right-Handed,Oct 9 1993,"Yerevan, Armenia",317495.0,Ani Amiraghyan,422.0,2011-02-21 00:00:00,2025-08-18,ARM
"5' 3""",1.60m,Right-Handed,Dec 9 1995,"Tbilisi, Georgia",318588.0,Ani Gogvadze,963.0,2011-12-19 00:00:00,2012-08-06,GEO
,-,Right-Handed,Jun 15 1987,"Tucepi, Croatia",310580.0,Ani Mijacika,193.0,2005-11-28 00:00:00,2018-10-15,CRO
,-,-,Jul 14 1993,"Plovdiv, Bulgaria",315561.0,Ani Vangelova,692.0,2013-10-07 00:00:00,2025-02-24,BUL
"5' 10""",1.70m,Right-Handed,Oct 27 2000,"Warsaw, Poland",326052.0,Ania Hertel,707.0,2019-09-16 00:00:00,2025-08-18,POL
,-,-,Apr 17 2003,"Bratislava, Slovakia",329910.0,Anika Jaskova,580.0,2023-08-21 00:00:00,2025-08-11,SVK
5' 8'',5' 8'',Right-Handed,Nov 11 1983,"Budapest, Hungary",110505.0,Aniko Kapros,44.0,2000-12-04 00:00:00,2011-05-30,HUN
,-,-,Oct 2 1981,"Dunaujvaros, Hungary",30488.0,Anita Csendes,695.0,2001-09-03 00:00:00,2002-06-03,HUN
"5' 9""",1.68m,Left-Handed,Jan 21 2004,"Khmelnytskyi, Ukraine",329110.0,Anita Sahdiieva,1165.0,2023-08-21 00:00:00,2025-08-18,UKR
,,Right-Handed,Jun 27 1994,"Tuzla, Bosnia Herzegovina",317093.0,Anita Wagner,659.0,2013-09-09 00:00:00,2021-10-11,BIH
,-,-,Apr 21 1983,"Sarajevo, Bosnia Herzegovina",130667.0,Anja Margetic,948.0,2000-12-04 00:00:00,2001-12-10,CRO
,-,-,Jan 19 2005,"Ipoh, Malaysia",331874.0,Anja Nayar,1222.0,2023-08-21 00:00:00,2023-08-21,AUS
,-,-,Jul 30 1988,,314160.0,Anja Poglajen,634.0,2006-12-04 00:00:00,2008-11-03,SLO
,-,Right-Handed,Dec 11 1985,"Ljubljana, Slovenia",310735.0,Anja Prislan,468.0,2006-11-13 00:00:00,2014-11-03,SLO
,,,Jun 13 2005,"Nis, Serbia",331113.0,Anja Stankovic,437.0,2023-08-21 00:00:00,2025-08-18,SRB
,-,Right-Handed,Mar 4 2002,"Munich, Germany",329923.0,Anja Wildgruber,691.0,2019-11-25 00:00:00,2025-08-18,GER
"5' 7""",170m,-,,Mörfelden-Walldorf,311992.0,Anja-Vanessa Peter,1193.0,2006-12-04 00:00:00,2006-12-18,PHI
"5'8 1/4""",1.73m,Right-Handed,Dec 4 1974,"Bruchsal, Germany",80150.0,Anke Huber,13.0,2000-12-04 00:00:00,2002-01-28,GER
,-,Right-Handed,Oct 28 1986,"New Delhi, India",20720.0,Ankita Bhambri,332.0,2001-09-03 00:00:00,2009-10-05,IND
"5' 4""",1.63m,Right-Handed,Jan 11 1993,"Ahmedabad, India",317164.0,Ankita Raina,160.0,2011-02-21 00:00:00,2025-08-18,IND
"5' 7""","5' 7""",Right-Handed,Jun 26 2000,"King of Prussia, Pennsylvania, USA",326096.0,Ann Li,44.0,2018-03-05 00:00:00,2025-08-18,USA
,-,-,Apr 16 1980,"Saumur, France",20716.0,Ann-Laure Brochard,1114.0,2001-09-03 00:00:00,2001-12-10,FRA
,-,-,Jan 12 1983,"Krasnoyarsk, Russia",10368.0,Anna Alexeeva,765.0,2001-09-03 00:00:00,2002-06-03,RUS
,-,-,Dec 1 1983,"Odessa, Ukraine",10352.0,Anna Anikanova,843.0,2000-12-04 00:00:00,2000-12-25,UKR
"5' 7""",1.70m,Right-Handed,Jan 2 1992,"Moscow, Russia",315213.0,Anna Arina Marenko,411.0,2008-11-03 00:00:00,2012-02-13,RUS
,-,Right-Handed,Jun 6 2001,"Athens, Greece",328234.0,Anna Arkadianou,1273.0,2019-11-25 00:00:00,2021-03-08,GRE
,-,-,Feb 5 1987,"Graz, Austria",312291.0,Anna Bartenstein,356.0,2005-08-22 00:00:00,2008-06-23,AUT
,-,Right-Handed,Nov 15 1985,"Moscow, Russia",20704.0,Anna Bastrikova,301.0,2000-12-04 00:00:00,2006-12-18,RUS
"5' 5""",1.65,Right-Handed,Oct 4 1991,"Tashkent, Uzbekistan",314147.0,Anna Berta,421.0,2008-11-03 00:00:00,2011-12-19,SWE
"5' 9""",1.74m,Right-Handed,Jul 22 1979,"Kedzierzyn-Kozle, Poland",260073.0,Anna Bielen-Zarska,207.0,2000-12-04 00:00:00,2004-12-13,POL
"5' 10""","5' 10""",Right-Handed,Sep 10 1998,"Moscow, Russia",324267.0,Anna Blinkova,37.0,2016-02-01 00:00:00,2025-08-18,RUS
,,,Feb 28 2007,"Tbilisi, Georgia",332075.0,Anna Bochoradze,1390.0,2023-08-21 00:00:00,2023-08-21,GEO
"5' 8""",1.72m,Right-Handed,Nov 26 1997,"Kyiv, Ukraine",321059.0,Anna Bogoslavets,1168.0,2016-02-22 00:00:00,2016-02-22,UKR
5' 9'',1.75m,Right-Handed,May 27 1997,"Szeghalom, Hungary",322942.0,Anna Bondar,50.0,2014-11-03 00:00:00,2025-08-18,HUN
,-,Right-Handed,Aug 4 1997,"Glasgow, Scotland",319753.0,Anna Brogan,303.0,2016-02-22 00:00:00,2024-07-15,GBR
"5' 7""",1.70m,Right-Handed,Dec 29 2000,"Hillsborough, CA, USA",328283.0,Anna Campana,1183.0,2023-08-21 00:00:00,2025-06-09,USA
"5' 7""",1.70m,Right-Handed,Mar 5 1987,"Moscow, Russia",310623.0,Anna Chakvetadze,5.0,2002-06-03 00:00:00,2013-09-09,RUS
5' 10'',1.78m,Right-Handed,Aug 20 1995,"Moscow, Russia",319731.0,Anna Danilina,269.0,2011-12-19 00:00:00,2025-08-18,KAZ
,-,-,Oct 26 1982,,40379.0,Anna Dolinska,1062.0,2000-12-04 00:00:00,2001-09-03,POL
,-,-,Jan 1 1982,"Strangnas, Sweden",50147.0,Anna Erikson,808.0,2001-09-03 00:00:00,2002-09-30,SWE
,-,-,Oct 26 1982,,140161.0,Anna Eugenia Nefedova,471.0,2000-12-04 00:00:00,2003-03-24,RUS
"5' 8""",1.73,Right-Handed,Apr 6 1989,"Sheffield, England",313008.0,Anna Fitzpatrick,318.0,2005-12-05 00:00:00,2014-03-24,GBR
,-,Left-Handed,May 15 1982,"Cagliari, Italy",60271.0,Anna Floris,129.0,2000-12-04 00:00:00,2014-04-14,ITA
5' 5'',1.65m,Right-Handed,Aug 22 1974,"Dusseldorf, Germany",60106.0,Anna Foldenyi,192.0,2000-12-04 00:00:00,2004-10-18,HUN
,-,-,May 20 1998,,60274.0,Anna Font,505.0,2000-12-04 00:00:00,2006-06-05,ESP
,-,-,May 20 1998,"Waldau, Germany",322909.0,Anna Gabric,382.0,2016-02-22 00:00:00,2025-08-18,GER
,-,Right-Handed,Apr 11 1989,"Großhesselohe, Germany",313415.0,Anna Geissler,639.0,2005-12-05 00:00:00,2007-03-12,GER
"5' 7""",1.70m,Right-Handed,Oct 15 1987,"Kavala, Greece",310901.0,Anna Gerasimou,200.0,2004-09-06 00:00:00,2011-02-21,GRE
,-,-,,,310650.0,Anna Gil Mares,928.0,2005-08-22 00:00:00,2005-12-05,ESP
,-,Right-Handed,Jul 7 1984,"Devizes, England",80416.0,Anna Hawkins,604.0,2000-12-04 00:00:00,2006-12-18,GBR
"5' 7""",1.70m,Right-Handed,Dec 2 1998,"Moscow, Russia",323942.0,Anna Kalinskaya,12.0,2015-12-07 00:00:00,2025-08-18,RUS
"5' 9""",1.76m,Right-Handed,Sep 13 1994,"Kosice, Slovakia",318203.0,Anna Karolina Schmiedlova,26.0,2011-02-21 00:00:00,2025-08-18,SVK
,-,Right-Handed,Jul 13 1995,"The Hague, Netherlands",318226.0,Anna Katalina Alzate Esmurzaeva,605.0,2013-10-07 00:00:00,2014-11-03,NED
,-,Right-Handed,Nov 15 1993,"Gifhorn, Germany",318466.0,Anna Klasen,428.0,2011-12-19 00:00:00,2024-02-26,GER
"5' 7""",1.70m,Right-Handed,Jun 16 1988,"Krakow, Poland",311450.0,Anna Korzeniak,182.0,2005-08-22 00:00:00,2016-02-22,POL
,-,Right-Handed,Dec 3 1982,"Patras, Greece",110528.0,Anna Koumantou,573.0,2005-08-22 00:00:00,2008-02-18,GRE
5' 8 1/4'',1.73m,Right-Handed,Jun 7 1981,"Moscow, Russia",110375.0,Anna Kournikova,8.0,2000-12-04 00:00:00,2004-01-26,RUS
,-,-,Oct 10 1996,"Bryansk, Russia",320010.0,Anna Koval,744.0,2013-09-09 00:00:00,2014-01-20,RUS
"5' 7""",1.70m,Right-Handed,Feb 6 2001,"Minsk, Belarus",325615.0,Anna Kubareva,269.0,2018-03-19 00:00:00,2025-08-18,BLR
"5' 8""",1.72m,Right-Handed,Oct 24 1986,"Moscow, Russia",311239.0,Anna Lapushchenkova,93.0,2005-08-22 00:00:00,2011-08-01,RUS
"5' 10""",1.80m,Right-Handed,Nov 30 1992,"Berlin, Germany",315246.0,Anna Livadaru,498.0,2009-08-24 00:00:00,2011-02-21,GER
,-,Right-Handed,Aug 21 1984,"Richardson, TX, USA",313330.0,Anna Lubinsky,817.0,2008-11-03 00:00:00,2008-11-03,USA
,-,Right-Handed,Jun 30 1997,"Moscow, Russia",322332.0,Anna Makhorkina,1046.0,2016-02-22 00:00:00,2021-03-08,RUS
"5' 5""",1.65m,Right-Handed,Mar 8 1994,"Philadelphia, PA, USA",317176.0,Anna Mamalat,934.0,2011-02-21 00:00:00,2011-02-21,USA
,-,-,Jun 21 1995,"Graz, Austria",319049.0,Anna Maria Heil,836.0,2011-12-19 00:00:00,2016-02-22,AUT
"5' 7""",1.70m,Right-Handed,Aug 21 1991,"Moscow, Russia",314873.0,Anna Morgina,316.0,2011-02-21 00:00:00,2022-10-24,RUS
,-,-,Jul 15 1988,,312618.0,Anna Movsisyan,801.0,2005-12-05 00:00:00,2008-11-03,ARM
"5' 8""",1.72m,Right-Handed,Aug 21 1989,"Warsaw, Poland",311806.0,Anna Mydlowska,1223.0,2005-12-05 00:00:00,2006-12-18,POL
"5' 7""",1.69m,Right-Handed,Mar 5 1993,"Minsk, Belarus",314933.0,Anna Orlik,589.0,2008-10-27 00:00:00,2010-07-12,BLR
,,,Oct 17 1997,"Riga, Latvia",323263.0,Anna Ozerova,973.0,2022-10-24 00:00:00,2023-08-21,LAT
,,,Jul 9 1997,"Watford, England",325774.0,Anna Popescu,1113.0,2019-09-16 00:00:00,2021-03-08,GBR
,-,-,Dec 18 1997,"Pavlovsky Posad, Russia",320858.0,Anna Pribylova,642.0,2016-02-22 00:00:00,2021-03-08,RUS
,-,-,Feb 26 1997,,323442.0,Anna Procacci,1050.0,2016-02-22 00:00:00,2016-02-22,ITA
,-,Right-Handed,Sep 7 1992,"Moscow, Russia",314999.0,Anna Rapoport,612.0,2008-11-03 00:00:00,2011-09-05,RUS
,-,Right-Handed,Jun 1 1989,"Massa, Italy",312097.0,Anna Remondina,219.0,2006-11-13 00:00:00,2018-10-15,ITA
,-,Right-Handed,Mar 21 1998,"Stamford, CT, USA",328647.0,Anna Rogers,303.0,2022-10-24 00:00:00,2025-08-18,USA
"5' 7""",1.70m,Right-Handed,Mar 10 1983,"Inowroclaw, Poland",180361.0,Anna Rynarzewska,1070.0,2000-12-04 00:00:00,2000-12-25,POL
,-,Right-Handed,Jan 23 1980,"Saint-Petersburg, Russia",311174.0,Anna Savitskaya,1221.0,2005-12-05 00:00:00,2006-12-18,RUS
,-,-,Feb 1 2004,"Moscow, Russia",331418.0,Anna Semenova,1357.0,2023-08-21 00:00:00,2025-04-21,RUS
"5' 9""",1.75m,Right-Handed,Jan 27 1995,"Enerhodar, Ukraine",318056.0,Anna Shkudun,359.0,2011-01-17 00:00:00,2016-02-22,UKR
"5' 6""",1.72m,Right-Handed,Jul 1 2001,"Olomouc, Czech Republic",324995.0,Anna Siskova,236.0,2018-10-15 00:00:00,2025-08-18,CZE
,-,-,Apr 4 1999,"Prostejov, Czech Republic",322394.0,Anna Slovakova,1011.0,2016-02-22 00:00:00,2016-02-22,CZE
5' 2'',1.59m,Right-Handed,Jul 16 1976,"Minsk, Belarus",190361.0,Anna Smashnova,15.0,2000-12-04 00:00:00,2007-08-20,ISR
"5' 9""",1.74m,Right-Handed,Aug 14 1988,"Redhill, England",312799.0,Anna Smith,262.0,2005-08-22 00:00:00,2014-11-10,GBR
,,Right-Handed,Sep 1 1994,"Kazan, Russia",317127.0,Anna Smolina,735.0,2011-12-19 00:00:00,2014-03-24,RUS
"5' 9""",1.75m,Right-Handed,Feb 28 1997,"Zhukovsky, Russia",319726.0,Anna Sokiran,1292.0,2016-02-22 00:00:00,2016-02-22,RUS
"5' 7""",1.70,Right-Handed,Jun 19 1985,"Beer-Sheva, Israel",190863.0,Anna Spivakovsky,954.0,2000-12-11 00:00:00,2001-12-10,ISR
"5' 8""",1.72m,Right-Handed,Jun 2 1987,"Lviv, Ukraine",311505.0,Anna Sydorska,793.0,2004-09-27 00:00:00,2004-10-18,UKR
"5' 7""",1.70m,Right-Handed,Feb 3 1990,"Tbilisi, Georgia",312962.0,Anna Tatishvili,50.0,2005-12-05 00:00:00,2021-03-08,USA
"5' 8""",1.72m,Right-Handed,Jun 17 1997,"Barzano, Italy",321399.0,Anna Turati,356.0,2016-02-22 00:00:00,2025-03-03,ITA
,-,Right-Handed,Dec 27 1994,"Khabarovsk, Russia",318684.0,Anna Tyulpa,697.0,2011-09-05 00:00:00,2013-06-17,RUS
,-,Right-Handed,Mar 25 1999,"Moscow, Russia",324402.0,Anna Ukolova,616.0,2018-03-19 00:00:00,2023-08-21,RUS
"5' 8m""",1.73m,Left-Handed,Mar 19 1997,"Brooklyn, NY, USA",321564.0,Anna Ulyashchenko,781.0,2021-03-08 00:00:00,2025-02-24,USA
,-,-,Nov 2 1999,"Moscow, Russia",327227.0,Anna Ureke,638.0,2018-03-19 00:00:00,2025-08-18,RUS
,,Right-Handed,Nov 29 1996,"Podebrady, Czech Republic",321460.0,Anna Vrbenska,1127.0,2016-02-22 00:00:00,2016-02-22,CZE
"5' 8""",1.72m,Right-Handed,Mar 28 1989,"Hobart, Australia",314621.0,Anna Wishink,497.0,2008-06-23 00:00:00,2009-08-24,AUS
"6' 0""",1.83m,Right-Handed,Jun 25 1991,"Sigmaringen, Germany",313837.0,Anna Zaja,184.0,2008-11-03 00:00:00,2022-07-04,GER
"5' 9""",1.74m,Right-Handed,Aug 9 1979,"Kyiv, Ukraine",260081.0,Anna Zaporozhanova,209.0,2000-12-04 00:00:00,2003-12-22,UKR
,,,Mar 11 2004,"Moscow, Russia",331042.0,Anna Zyryanova,823.0,2023-08-21 00:00:00,2024-02-26,RUS
"5' 9""","5' 9""",Right-Handed,Feb 1 1994,"Neuwied, Germany",319091.0,Anna-Lena Friedsam,45.0,2011-11-28 00:00:00,2025-08-18,GER
"5' 11""",1.80m,Right-Handed,Jun 4 1985,"Nordhorn, Germany",310318.0,Anna-Lena Groenefeld,14.0,2002-06-03 00:00:00,2012-05-14,GER
,-,-,,,311045.0,Anna-Maria Miller,846.0,2004-10-18 00:00:00,2005-08-22,AUT
,-,-,,,313133.0,Anna-Marie Atelj,1368.0,2005-12-05 00:00:00,2005-12-05,AUS
,-,-,Apr 21 1986,"Stockholm, Sweden",311007.0,Anna-Viktoria Lind,1084.0,2005-12-05 00:00:00,2005-12-05,SWE
"5' 5""",1.66m,Right-Handed,Jul 1 1983,"Somerset, England",20682.0,Annabel Blow,417.0,2000-12-04 00:00:00,2002-09-30,GBR
5'5'',1.66m,Right-Handed,Feb 2 1978,"Canberra, Australia",50092.0,Annabel Ellwood,149.0,2000-12-04 00:00:00,2002-09-30,AUS
,-,-,,,250098.0,Annabel Youthed,719.0,2001-09-03 00:00:00,2003-07-21,GBR
,-,-,May 9 1985,,311305.0,Annabella Weigert,1173.0,2005-12-05 00:00:00,2006-12-04,GER
,-,Right-Handed,,,329701.0,Annabelle Xu,1009.0,2023-08-21 00:00:00,2025-08-18,CAN
,-,-,Jan 1 1981,"Stellenbosch, South Africa",312907.0,Annali De Bruyn,1227.0,2005-12-05 00:00:00,2005-12-05,RSA
,-,Right-Handed,Nov 15 1982,"Genova, Italy",311122.0,Annalisa Bona,235.0,2005-08-08 00:00:00,2014-03-24,ITA
,-,-,,,20642.0,Anne Banffy,1113.0,2000-12-04 00:00:00,2001-09-03,AUS
"5' 5""",1.66m,Right-Handed,May 24 2004,"Irvine, CA, USA",332008.0,Anne Christine Lutkemeyer Obregon,1289.0,2023-08-21 00:00:00,2025-08-18,USA
,,,Aug 7 1990,"Repentigny, Canada",314164.0,Anne Christine Voicu,1195.0,2006-12-04 00:00:00,2006-12-18,CAN
,,,Jul 2 1986,"Munich, Germany",310927.0,Anne Dickhardt,1310.0,2005-12-05 00:00:00,2005-12-05,GER
"5' 9""",1.75m,Right-Handed,Sep 16 1983,"London, England",110524.0,Anne Keothavong,48.0,2000-12-04 00:00:00,2013-07-29,GBR
5' 5'',1.65m,Right-Handed,Oct 17 1975,"Luxembourg, Luxembourg",110242.0,Anne Kremer,18.0,2000-12-04 00:00:00,2013-10-07,LUX
,-,Right-Handed,Dec 10 1974,"Libertyville, IL, USA",130332.0,Anne Mall,329.0,2004-09-06 00:00:00,2005-12-05,IRL
,-,-,,,160495.0,Anne Plessinger,659.0,2000-12-04 00:00:00,2001-09-03,USA
,-,-,,,313462.0,Anne Priska Schaefer,837.0,2006-12-04 00:00:00,2008-11-03,GER
"5' 6""",1.67m,Right-Handed,Mar 1 1987,"Apolda, Germany",312838.0,Anne Schaefer,161.0,2005-08-22 00:00:00,2025-08-04,GER
"5'5""",1.65m,Right-Handed,Jul 1 1959,"Dallas, Texas, USA",190074.0,Anne Smith,921.0,2005-08-22 00:00:00,2005-12-05,USA
"5' 7""",1.70m,Right-Handed,Aug 28 1985,"Newport Beach, CA, USA",310668.0,Anne Yelsey,370.0,2002-09-30 00:00:00,2009-05-25,USA
5' 7 3/4'',1.72m,Left-Handed,Jul 24 1979,"Enghien-les-Bains, France",190564.0,Anne-Gaelle Sidot,28.0,2000-12-04 00:00:00,2003-03-10,FRA
,-,Right-Handed,Mar 15 1982,"Mulhouse, France",80370.0,Anne-Laure Heitz,213.0,2000-12-04 00:00:00,2008-11-03,FRA
,,,May 26 1996,"Yaunde, Cameroon",318400.0,Anne-Liz Jeukeng,533.0,2011-08-22 00:00:00,2016-02-22,USA
,,,Jun 9 1981,,80411.0,Anne-Marie Hogan,1215.0,2000-12-04 00:00:00,2000-12-25,IRL
,-,-,Jul 29 1999,"Basse-Terre, France",323466.0,Anne-Sophie Morandais,1099.0,2019-11-25 00:00:00,2021-03-08,FRA
,-,Right-Handed,May 6 1983,,312005.0,Anne-Valerie Evain,582.0,2005-12-05 00:00:00,2010-07-05,FRA
,-,-,Aug 17 1990,,315700.0,Anneliese Tepper,932.0,2011-12-19 00:00:00,2011-12-19,AUS
,-,-,Jan 25 2005,"Zeist, Netherlands",330382.0,Annelin Bakker,967.0,2023-08-21 00:00:00,2025-08-18,NED
,-,Right-Handed,Jan 8 2003,"Canberra, Australia",327808.0,Annerly Poulos,1228.0,2019-11-25 00:00:00,2021-03-08,AUS
,-,Right-Handed,Sep 14 1983,"Ulm, Germany",110506.0,Annette Kolb,344.0,2001-05-28 00:00:00,2007-03-12,GER
"5' 10""",1.78m,Right-Handed,Sep 2 1978,"Chicago, IL, USA",30323.0,Annica Cooper,464.0,2000-12-04 00:00:00,2002-09-30,USA
,,Right-Handed,May 1 1999,,323264.0,Annick Melgers,1007.0,2019-09-16 00:00:00,2021-03-08,NED
,-,-,,,130292.0,Annie Miller,428.0,2000-12-04 00:00:00,2001-07-30,USA
"5' 7""",1.7m,Right-Handed,Feb 16 1994,"Giessen, Germany",316979.0,Annika Beck,37.0,2010-04-05 00:00:00,2018-07-16,GER
"5' 9""",1.75m,Right-Handed,Jan 1 1982,"Helsingborg, Sweden",20563.0,Annika Bengtsson,1024.0,2000-12-04 00:00:00,2001-12-10,SWE
,-,,,,313782.0,Annika Brooks,1128.0,2006-12-04 00:00:00,2006-12-18,GBR
,-,Right-Handed,Feb 13 2003,"The Hague, Netherlands",331759.0,Anouck Vrancken Peeters,693.0,2022-10-24 00:00:00,2025-08-18,NED
,-,Right-Handed,Nov 29 1990,,314533.0,Anouk Delefortrie,744.0,2011-02-21 00:00:00,2011-12-19,BEL
,-,-,Jan 2 2004,"Berkel en Rodenrijs, Netherlands",328988.0,Anouk Koevermans,188.0,2021-03-08 00:00:00,2025-08-18,NED
,-,-,,,190928.0,Anouk Sinnige,1011.0,2000-12-11 00:00:00,2001-09-03,NED
,-,-,,,190831.0,Anouk Sterk,350.0,2000-12-04 00:00:00,2003-07-21,NED
,-,-,Oct 10 1989,"Moordrecht, Netherlands",314582.0,Anouk Tigu,970.0,2008-11-03 00:00:00,2008-11-03,NED
,-,-,Oct 5 1974,"Heerhugowaard, Netherlands",220282.0,Anousjka Van Exel,203.0,2000-12-04 00:00:00,2005-08-22,NED
,-,-,May 3 2000,,324753.0,Anri Nagata,1077.0,2019-09-16 00:00:00,2025-08-18,JPN
5' 7'',1.70m,Left-Handed,Jan 5 1982,"Atlanta, Georgia, USA",30468.0,Ansley Cargill,90.0,2000-12-04 00:00:00,2007-08-06,USA
,-,-,,,312716.0,Antia Ghiorghiu,1145.0,2006-12-04 00:00:00,2006-12-18,ROU
5'9 3/4'',1.77m,Right-Handed,Jun 22 1977,"Plovdiv, Bulgaria",160217.0,Antoaneta Pandjerova,176.0,2000-12-04 00:00:00,2003-09-15,BUL
,-,-,,,220145.0,Antonela Voina,344.0,2000-12-04 00:00:00,2005-08-22,GER
"5' 6""",1.68m,Right-Handed,Jul 25 1980,"Modena, Italy",190613.0,Antonella Serra Zanetti,60.0,2000-12-04 00:00:00,2008-11-03,ITA
"6' 1""",1.85m,Right-Handed,Aug 13 1996,"Dusseldorf, Germany",318494.0,Antonia Lottner,128.0,2011-12-19 00:00:00,2022-05-02,GER
,-,Right-Handed,Dec 31 1984,"Hanau, Germany",130710.0,Antonia Matic,225.0,2000-12-04 00:00:00,2008-11-03,GER
,-,Right-Handed,Jan 20 2003,"Orehovica, Croatia",329505.0,Antonia Ruzic,132.0,2021-03-08 00:00:00,2025-08-18,CRO
,,Right-Handed,Mar 27 2001,"Bogota, Colombia",328373.0,Antonia Samudio,943.0,2019-09-16 00:00:00,2023-08-21,COL
,-,Right-Handed,Jun 23 2001,"Mockmuhl, Germany",326503.0,Antonia Schmidt,449.0,2022-10-24 00:00:00,2025-08-18,GER
,-,,Jul 2 1986,"Satu Mare, Romania",312579.0,Antonia Xenia Tout,512.0,2005-08-22 00:00:00,2008-11-03,ROU
,-,-,,,190808.0,Antonie Steinmetz,768.0,2000-12-04 00:00:00,2002-06-03,GER
,-,-,May 16 1997,"Moscow, Russia",321205.0,Antonina Lysakova,1168.0,2016-02-22 00:00:00,2016-02-22,RUS
"5' 5""",1.65m,Right-Handed,Feb 11 1981,"Toronto, Canada",120397.0,Anya Loncaric,738.0,2000-12-04 00:00:00,2001-12-10,CAN
,-,Right-Handed,Oct 16 1973,"Riga, Latvia",260085.0,Anzela Zguna,400.0,2001-09-03 00:00:00,2005-09-12,LAT
,-,-,Jan 11 1995,,320960.0,Ao Gai,357.0,2013-09-09 00:00:00,2019-09-16,CHN
,-,Right-Handed,May 21 2004,"Nagoya, Japan",329009.0,Aoi Ito,126.0,2022-10-24 00:00:00,2025-08-18,JPN
,-,-,,,190923.0,Aparna Singh,1118.0,2000-12-04 00:00:00,2001-09-03,IND
,-,Right-Handed,Jul 08 1989,,313412.0,Apollonia Melzani,500.0,2005-12-05 00:00:00,2010-04-26,ITA
"5' 11""",1.82m,Right-Handed,May 5 1998,"Minsk, Belarus",320760.0,Aryna Sabalenka,1.0,2015-12-07 00:00:00,2025-08-18,BLR
5' 10'',1.78m,Right-Handed,Oct 8 2002,"Shiyan, China",328120.0,Qinwen Zheng,5.0,2019-09-16 00:00:00,2025-08-18,CHN
5' 7'',1.75m,Right-Handed,May 15 2000,"Odessa, Ukraine",324261.0,Dayana Yastremska,21.0,2016-02-22 00:00:00,2025-08-18,UKR
5' 9'',1.75m,Right-Handed,Mar 13 2004,"Delray Beach, Fl. USA",328560.0,Coco Gauff,2.0,2019-03-25 00:00:00,2025-08-18,USA
"5' 9""",1.74m,Right-Handed,Sep 12 1994,"Odesa, Ukraine",316738.0,Elina Svitolina,3.0,2010-07-05 00:00:00,2025-08-18,UKR
"5' 10""",1.78m,Right-Handed,Dec 18 1995,"Brno, Czech Republic",318314.0,Barbora Krejcikova,2.0,2011-12-19 00:00:00,2025-08-18,CZE
"5' 9""",1.75m,Right-Handed,Jun 28 2002,"Kyiv, Ukraine",326482.0,Marta Kostyuk,16.0,2017-05-22 00:00:00,2025-08-18,UKR
5' 10'',1.79m,Right-Handed,Nov 17 2004,"Vsetin, Czech Republic",329668.0,Linda Noskova,25.0,2021-03-08 00:00:00,2025-08-18,CZE
"6' 0""",1.83m,Right-Handed,Jul 31 1989,"Minsk, Belarus",312001.0,Victoria Azarenka,1.0,2004-08-23 00:00:00,2025-08-18,BLR
"5' 4""",1.63m,Right-Handed,Jan 4 1996,"Castelnuovo di Garfagnana, Italy",319280.0,Jasmine Paolini,4.0,2013-09-09 00:00:00,2025-08-18,ITA
"6' 0""",1.83m,Right-Handed,Oct 24 1996,"Lille, France",319436.0,Oceane Dodin,46.0,2012-08-06 00:00:00,2025-08-18,FRA
5' 6'',1.67m,Right-Handed,Nov 18 2003,"Moscow, Russia",328896.0,Maria Timofeeva,93.0,2019-11-25 00:00:00,2025-08-18,RUS
5' 7'',1.71m,Right-Handed,Dec 15 1997,"Lodz, Poland",320277.0,Magdalena Frech,24.0,2014-01-20 00:00:00,2025-08-18,POL
"5' 9""",1.75m,Right-Handed,Apr 29 2007,"Krasnoyarsk, Russia",331809.0,Mirra Andreeva,16.0,2022-07-18 00:00:00,2025-08-18,RUS
"5' 10""",1.77m,Right-Handed,Jun 8 1997,"Riga, Latvia",319939.0,Jelena Ostapenko,5.0,2012-08-06 00:00:00,2025-08-18,LAT
"5' 7""",1.69m,Right-Handed,Oct 16 1992,"Zürich, Switzerland",316296.0,Viktorija Golubic,35.0,2011-02-21 00:00:00,2025-08-18,SUI
5' 9'',1.76m,Right-Handed,Mar 24 2001,"Rennes, France",325320.0,Clara Burel,42.0,2018-10-15 00:00:00,2025-08-18,FRA
"5' 7""",1.70m,Right-Handed,Mar 20 1993,"Plantation, FL, USA",315683.0,Sloane Stephens,3.0,2008-10-27 00:00:00,2025-08-18,USA
5' 9'',1.76m,Right-Handed,May 31 2001,"Warsaw, Poland",326408.0,Iga Swiatek,1.0,2017-04-10 00:00:00,2025-08-18,POL
5' 8'',1.72m,Right-Handed,Sep 17 2002,"Pyatigorsk, Russia",327620.0,Elina Avanesyan,43.0,2019-09-16 00:00:00,2025-08-18,ARM
"6' 0""",1.85m,Left-Handed,May 30 1996,"Sao Paulo, Brazil",318176.0,Beatriz Haddad Maia,10.0,2011-11-28 00:00:00,2025-08-18,BRA
"5' 5""",1.66m,Left-Handed,Aug 11 1994,"Rockhampton, Australia",317810.0,Storm Hunter,114.0,2011-11-28 00:00:00,2025-08-18,AUS
"5' 7""",1.70m,Right-Handed,Feb 24 1994,"Buffalo, NY, USA",316956.0,Jessica Pegula,3.0,2011-02-14 00:00:00,2025-08-18,USA
5' 7'',1.75m,Right-Handed,Nov 13 2002,"Toronto, Canada",328366.0,Emma Raducanu,10.0,2018-10-15 00:00:00,2025-08-18,GBR
6' 0'',1.84m,Right-Handed,Jun 17 1999,"Moscow, Russia",324166.0,Elena Rybakina,3.0,2016-07-18 00:00:00,2025-08-18,KAZ
"5' 11""",1.82m,Right-Handed,Aug 1 1996,"Leicester, England",319125.0,Katie Boulter,24.0,2013-10-07 00:00:00,2025-08-18,GBR
"5' 10""",1.78m,Right-Handed,Dec 13 1993,"St. Petersburg, FL, USA",316925.0,Danielle Collins,7.0,2011-11-28 00:00:00,2025-08-18,USA
5' 3'',1.60m,Left-Handed,Nov 3 1993,"Florence, Italy",316266.0,Martina Trevisan,18.0,2008-11-03 00:00:00,2025-08-18,ITA
5' 5'',1.66m,Right-Handed,Jan 25 2001,"Ancona, Italy",327909.0,Elisabetta Cocciaretto,29.0,2018-03-19 00:00:00,2025-08-18,ITA
"5' 11""",1.80m,Left-Handed,Dec 13 1990,"Delft, The Netherlands",313349.0,Arantxa Rus,41.0,2008-01-07 00:00:00,2025-08-18,NED
"5' 6""",1.67m,Right-Handed,Aug 28 1994,"Ksar Hellal, Tunisia",316847.0,Ons Jabeur,2.0,2010-07-05 00:00:00,2025-08-18,TUN
"5' 9""",1.74m,Right-Handed,May 10 1996,"Hradec Kralove, Czech Republic",320301.0,Katerina Siniakova,27.0,2013-04-08 00:00:00,2025-08-18,CZE
"5' 10""",1.79m,Right-Handed,Nov 17 1995,"Leuven, Belgium",317964.0,Elise Mertens,12.0,2013-06-17 00:00:00,2025-08-18,BEL
6' 1'',1.86m,Right-Handed,Aug 6 1999,"Basel, Switzerland",322087.0,Rebeka Masarova,62.0,2016-07-18 00:00:00,2025-08-18,SUI
"5' 8""",1.72m,Right-Handed,Aug 8 1987,"Bad Saulgau, Germany",310440.0,Tatjana Maria,42.0,2004-09-06 00:00:00,2025-08-18,GER
5' 6'',1.70m,Right-Handed,Nov 25 2000,"Ljubljana, Slovenia",324702.0,Kaja Juvan,58.0,2017-04-10 00:00:00,2025-08-18,SLO
"5' 6""",1.70m,Right-Handed,Feb 10 1997,"Rosario, Argentina",319112.0,Nadia Podoroska,36.0,2012-08-06 00:00:00,2025-08-18,ARG
5' 10'',1.78m,Right-Handed,Aug 2 2000,"Moscow, Russia",325836.0,Varvara Gracheva,39.0,2018-03-05 00:00:00,2025-08-18,FRA
"5' 6""",1.70m,Right-Handed,Feb 25 1995,"Sofia, Bulgaria",317584.0,Viktoriya Tomova,46.0,2011-02-21 00:00:00,2025-08-18,BUL
"5' 10""",1.77m,Right-Handed,Jul 11 1990,"Odense, Denmark",313402.0,Caroline Wozniacki,1.0,2006-03-13 00:00:00,2025-08-18,DEN
5' 10'',1.78m,Right-Handed,Sep 5 1998,"Hinsdale, IL, USA",322052.0,Caroline Dolehide,41.0,2016-07-18 00:00:00,2025-08-18,USA
"5' 8""",1.72m,Right-Handed,Jul 25 1995,"Athens, Greece",318312.0,Maria Sakkari,3.0,2011-11-28 00:00:00,2025-08-18,GRE
"5' 6""",1.70m,Right-Handed,May 12 1995,"Hamburg, Germany",319571.0,Tamara Korpatsch,71.0,2013-09-09 00:00:00,2025-08-18,GER
5' 6'',1.70m,Right-Handed,Aug 28 2001,"Yekaterinburg, Russia",325936.0,Kamilla Rakhimova,61.0,2019-05-06 00:00:00,2025-08-18,RUS
5'' 8',1.73m,Right-Handed,Mar 27 2002,"Kyiv, Ukraine",327845.0,Daria Snigur,105.0,2019-04-15 00:00:00,2025-08-18,UKR
5' 8'',1.76m,Right-Handed,Feb 14 2005,"Hamburg, Germany",330548.0,Ella Seidel,117.0,2022-10-24 00:00:00,2025-08-18,GER
5' 3'',1.60m,Right-Handed,Sep 30 1997,"Mexico City, Mexico",320716.0,Renata Zarazua,51.0,2014-10-13 00:00:00,2025-08-18,MEX
6',1.83m,Right-Handed,Dec 16 1990,"Toronto, Canada",313485.0,Rebecca Marino,38.0,2006-12-04 00:00:00,2025-08-18,CAN
"5' 7""",1.70m,Right-Handed,Mar 12 1997,"Libramont, Belgium",319969.0,Fiona Ferro,39.0,2013-09-09 00:00:00,2025-08-18,FRA
5' 7'',1.70m,Right-Handed,Dec 31 2001,"Walnut Creek, CA, USA",327391.0,Katie Volynets,56.0,2018-12-31 00:00:00,2025-08-18,USA
170cm,1.70m,-,Apr 30 2002,"Istanbul, Türkiye",326907.0,Zeynep Sonmez,88.0,2019-09-16 00:00:00,2025-08-18,TUR
5' 6'',1.73m,Right-Handed,Sep 19 2000,"Bradford, Great Britain",324479.0,Francesca Jones,149.0,2018-03-05 00:00:00,2025-08-18,GBR
"5' 9""",1.75m,Right-Handed,May 10 2000,"Melbourne, Australia",324219.0,Destanee Aiava,147.0,2016-01-25 00:00:00,2025-08-18,AUS
"5' 5""",1.65m,Right-Handed,Jan 12 2002,"Kyiv, Ukraine",325826.0,Eva Lys,105.0,2020-08-31 00:00:00,2025-08-18,GER
5' 8'',1.78m,Left-Handed,Aug 29 1994,"Rocourt, Belgium",317317.0,Ysaline Bonaventure,81.0,2012-07-23 00:00:00,2025-08-18,BEL
5' 8'',1.72m,Right-Handed,Nov 4 1991,"Spijkenisse, Netherlands",316537.0,Lesley Pattinama Kerkhove,135.0,2010-04-26 00:00:00,2025-06-16,NED
"5' 11""",1.81m,Right-Handed,Jan 19 1991,"Split, Croatia",313711.0,Petra Martic,14.0,2007-06-11 00:00:00,2025-08-18,CRO
"5' 9""",1.75m,Right-Handed,Oct 13 1992,"Mount Pleasant, SC, USA",317421.0,Shelby Rogers,30.0,2010-05-10 00:00:00,2025-06-02,USA
"6' 1""",1.86m,Right-Handed,Mar 21 1992,"Louny, Czech Republic",313974.0,Karolina Pliskova,1.0,2006-12-04 00:00:00,2025-08-18,CZE
6'1'',1.85m,Right-Handed,May 7 2004,"Dallas, TX, USA",329409.0,Ashlyn Krueger,59.0,2021-03-08 00:00:00,2025-08-18,USA
"5' 7""",1.70m,Right-Handed,Apr 29 1998,"Düsseldorf, Germany",320728.0,Kimberly Birrell,100.0,2014-01-20 00:00:00,2025-08-18,AUS
5' 10'',1.78m,Right-Handed,Sep 25 1998,"Yangzhou, China",324325.0,Yue Yuan,36.0,2017-08-28 00:00:00,2025-08-18,CHN
"5' 9""",1.76m,Right-Handed,Apr 7 1990,"Bucharest, Romania",312469.0,Sorana Cirstea,21.0,2004-10-18 00:00:00,2025-08-18,ROU
"5' 9""",1.76m,Right-Handed,Jan 1 1998,"Chisináu, Moldova",321158.0,Cristina Bucsa,56.0,2016-02-22 00:00:00,2025-08-18,ESP
5' 8'',1.73m,Right-Handed,Jan 28 1994,"Wuxi, China",317306.0,Lin Zhu,31.0,2011-01-17 00:00:00,2025-08-18,CHN
"5' 9""",1.75m,Right-Handed,Aug 14 1997,"Turnhout, Belgium",321454.0,Greet Minnen,59.0,2013-10-07 00:00:00,2025-08-18,BEL
"5' 6""",1.68m,Right-Handed,Dec 30 1991,"Macerata, Italy",314610.0,Camila Giorgi,26.0,2006-12-04 00:00:00,2024-05-13,ITA
"5' 11""",1.82m,Left-Handed,Mar 28 2001,"Taixing, Jiang Su Province, China",326160.0,Xiyu Wang,49.0,2017-10-16 00:00:00,2025-08-18,CHN
"5' 7""",1.70m,Right-Handed,Nov 14 1998,"Moscow, Russia",320942.0,Sofia Kenin,4.0,2016-01-25 00:00:00,2025-08-18,USA
"5' 8""",1.73m,Right-Handed,Oct 8 2001,"Cincinnati, Ohio",327573.0,Peyton Stearns,43.0,2019-09-16 00:00:00,2025-08-18,USA
"5' 11""",1.80m,Right-Handed,Oct 16 1997,"Osaka, Japan",319998.0,Naomi Osaka,1.0,2013-06-17 00:00:00,2025-08-18,JPN
"5' 9""",1.76m,Left-Handed,Dec 3 1994,"Zadar, Croatia",317708.0,Bernarda Pera,27.0,2011-12-19 00:00:00,2025-08-18,USA
5' 8'',1.72m,Right-Handed,May 1 2005,"Prague, Czech Republic",329627.0,Linda Fruhvirtova,49.0,2021-03-08 00:00:00,2025-08-18,CZE
"5' 7""",1.70m,Left-Handed,Apr 16 1996,"Chicago, IL, USA",318609.0,Taylor Townsend,46.0,2011-08-22 00:00:00,2025-08-18,USA
"5' 8""",1.75m,Right-Handed,Apr 24 1997,"Kazan, Russia",319526.0,Veronika Kudermetova,9.0,2012-08-06 00:00:00,2025-08-18,RUS
"5' 4""",1.63m,Right-Handed,Jan 7 1995,"Moscow, Russia",317683.0,Yulia Putintseva,27.0,2011-02-21 00:00:00,2025-08-18,KAZ
"5' 5""",1.66m,Right-Handed,Mar 5 1994,"Moscow, Russia",315997.0,Daria Saville,20.0,2011-01-17 00:00:00,2025-08-18,AUS
"5' 10""",1.79m,Right-Handed,Jun 28 1996,"Osijek, Croatia",318516.0,Donna Vekic,18.0,2011-09-05 00:00:00,2025-08-18,CRO
"5' 6""",1.70m,Left-Handed,Apr 2 2004,"Zhigulevsk, Russia",330482.0,Diana Shnaider,13.0,2022-04-25 00:00:00,2025-08-18,RUS
5' 5'',1.68m,Right-Handed,Dec 26 1997,"Postojna, Slovenia",323079.0,Tamara Zidansek,22.0,2014-11-03 00:00:00,2025-08-18,SLO
"6' 0""",1.82m,Right-Handed,Oct 20 1989,"Lier, Belgium",312536.0,Yanina Wickmayer,12.0,2006-11-13 00:00:00,2025-08-18,BEL
"5' 8""",1.73m,Left-Handed,Sep 28 1999,"Santa Barbara, USA",322534.0,Kayla Day,84.0,2016-02-22 00:00:00,2025-08-18,USA
"5' 11""",1.80m,Right-Handed,Jul 21 1998,"Prague, Czech Republic",320983.0,Marie Bouzkova,24.0,2014-10-13 00:00:00,2025-08-18,CZE
"5' 5""",1.64m,Right-Handed,Apr 29 1987,"Bologna, Italy",310761.0,Sara Errani,5.0,2002-09-30 00:00:00,2025-08-18,ITA
"5' 6""",1.72m,Left-Handed,Jun 28 1999,"Sokolov, Czech Republic",323027.0,Marketa Vondrousova,6.0,2015-06-29 00:00:00,2025-08-18,CZE
"5' 7""",1.71m,Right-Handed,Feb 12 1992,"Poznan, Poland",315130.0,Magda Linette,19.0,2010-07-05 00:00:00,2025-08-18,POL
"5' 9""",1.76m,Right-Handed,Oct 8 1996,"Castellón, Spain",318872.0,Sara Sorribes Tormo,32.0,2011-12-19 00:00:00,2025-08-18,ESP
"5' 11""",1.82m,Right-Handed,Nov 11 1998,"Olenegorsk, Russia",322222.0,Liudmila Samsonova,12.0,2014-11-03 00:00:00,2025-08-18,RUS
"5' 11""",1.82m,Right-Handed,Sep 26 2001,"Shenzhen, Guangdong Province, China",326376.0,Xinyu Wang,32.0,2018-03-05 00:00:00,2025-08-18,CHN
"5' 4""",1.63m,Right-Handed,Nov 28 1994,"Aichi, Japan",320238.0,Nao Hibino,56.0,2012-08-06 00:00:00,2025-08-18,JPN
5' 9'',1.75m,Right-Handed,May 28 1999,"London, Great Britain",323802.0,Jodie Burrage,85.0,2018-03-05 00:00:00,2025-08-18,GBR
175.5,,Right-Handed,Nov 16 2002,"Henan, China",327196.0,Zhuoxuan Bai,83.0,2019-09-16 00:00:00,2025-06-30,CHN
5' 4'',1.64m,Right-Handed,Aug 30 1999,"Tokyo, Japan",324750.0,Mai Hontama,105.0,2016-10-10 00:00:00,2025-08-18,JPN
5' 7'',1.70m,Right-Handed,Dec 10 1998,"Rimini, Italy",322280.0,Lucia Bronzetti,46.0,2016-02-22 00:00:00,2025-08-18,ITA
"5' 11 1/2""",1.82m,Left-Handed,Jan 23 2001,"Belgrade, Serbia",324934.0,Olga Danilovic,51.0,2017-04-10 00:00:00,2025-08-18,SRB
"5' 8""",1.73m,Right-Handed,Feb 5 2000,"Lutsk, Ukraine",324584.0,Katarina Zavatska,103.0,2016-01-25 00:00:00,2025-08-18,UKR
167cm,1.67m,Right-Handed,Jun 25 2005,"Bulach, Switzerland",330581.0,Celine Naef,121.0,2022-10-24 00:00:00,2025-08-18,SUI
5' 9'',1.75m,Right-Handed,Jul 28 1996,"Hampstead, London",319489.0,Harriet Dart,71.0,2012-08-06 00:00:00,2025-08-18,GBR
"5' 10""",1.82m,Right-Handed,Jul 7 1994,"Tashkent, Uzbekistan",316664.0,Nigina Abduraimova,144.0,2010-01-25 00:00:00,2025-08-18,UZB
5' 4'',1.64m,Right-Handed,Feb 9 1997,"Kilkis, Greece",319250.0,Valentini Grammatikopoulou,143.0,2013-06-17 00:00:00,2025-08-18,GRE
"5' 6""",1.70m,Left-Handed,Jul 15 1997,"Barcelona, Spain",320926.0,Jil Teichmann,21.0,2013-09-09 00:00:00,2025-08-18,SUI
5' 10'',1.78m,Right-Handed,Aug 12 1999,"Dortmund, Germany",325940.0,Jule Niemeier,61.0,2018-03-19 00:00:00,2025-08-18,GER
5' 9'',1.74m,Right-Handed,Aug 11 2001,"Kuala Lumpur, Malaysia",327241.0,Moyuka Uchijima,55.0,2018-03-19 00:00:00,2025-08-18,JPN
"5' 10""",1.78m,Right-Handed,Aug 13 1998,"Balatonfured, Hungary",321106.0,Dalma Galfi,79.0,2015-05-18 00:00:00,2025-08-18,HUN
"5'5""",1.65m,Right-Handed,Dec 13 1999,"Blanes, Spain",324128.0,Marina Bassols Ribera,105.0,2018-03-05 00:00:00,2025-08-18,ESP
"5' 10""",1.78m,Right-Handed,Sep 11 1995,"Singapore, Singapore",319696.0,Astra Sharma,84.0,2016-02-22 00:00:00,2025-08-18,AUS
"5' 9""",1.76m,Right-Handed,Nov 17 1992,"Krynica-Zdroj, Poland",315806.0,Katarzyna Kawa,112.0,2010-01-25 00:00:00,2025-08-18,POL
6',1.82m,Right-Handed,Dec 21 2002,"Copenhagen, Denmark",327793.0,Clara Tauson,33.0,2018-03-19 00:00:00,2025-08-18,DEN
"5' 8""",1.73m,Right-Handed,May 10 1998,"Brisbane, Australia",320543.0,Priscilla Hon,118.0,2013-10-07 00:00:00,2025-08-18,AUS
"5' 7""",1.70m,Right-Handed,Sep 1 2002,"Nice, France",327077.0,Diane Parry,49.0,2018-10-15 00:00:00,2025-08-18,FRA
5' 7'',1.70m,Right-Handed,May 18 2001,"New York, NY, USA",325410.0,Emma Navarro,8.0,2018-10-15 00:00:00,2025-08-18,USA
"5' 7""",1.70m,Right-Handed,May 7 1997,"Tolyatti, Russia",322082.0,Daria Kasatkina,8.0,2014-03-24 00:00:00,2025-08-18,AUS
5' 11'',1.80m,Right-Handed,Nov 15 1997,"New York City, USA",320124.0,Paula Badosa,2.0,2013-10-07 00:00:00,2025-08-18,ESP
"5' 9""",1.74m,Right-Handed,May 30 1989,"Volodymyrets,  Ukraine",315295.0,Lesia Tsurenko,24.0,2008-01-07 00:00:00,2025-08-18,UKR
"5' 7""",1.71m,Right-Handed,Jan 14 1998,"Perth, Australia",321179.0,Maddison Inglis,112.0,2016-02-22 00:00:00,2025-08-18,AUS
5' 9'',1.75m,Right-Handed,Nov 15 1994,"Chelyabinsk, Russia",319007.0,Ekaterina Alexandrova,15.0,2013-03-11 00:00:00,2025-08-18,RUS
"5' 7""",1.70m,Right-Handed,Dec 22 2001,"Cúcuta, Colombia",325898.0,Camila Osorio,33.0,2018-03-19 00:00:00,2025-08-18,COL
"5' 10""",1.77m,Right-Handed,Oct 16 1993,"Saint-Germain-en-Laye, France",315391.0,Caroline Garcia,4.0,2010-01-25 00:00:00,2025-08-18,FRA
"5' 7""",1.70m,Right-Handed,May 25 2000,"Thousand Oaks, CA, USA",323966.0,Claire Liu,52.0,2015-09-14 00:00:00,2025-08-18,USA
5' 6'',1.68m,Right-Handed,Aug 14 1995,"Montpellier, France",320313.0,Leolia Jeanjean,102.0,2013-10-07 00:00:00,2025-08-18,FRA
"5' 6""",1.68m,Right-Handed,Mar 4 1988,"Filderstadt, Germany",310926.0,Laura Siegemund,27.0,2004-09-06 00:00:00,2025-08-18,GER
5' 6'',1.68m,Right-Handed,Jun 20 1995,"Chongqing, China",317805.0,Carol Zhao,131.0,2011-02-21 00:00:00,2025-08-18,CAN
"5' 6""",1.70m,Right-Handed,Apr 30 1994,"Nanjing, China",317510.0,Yafan Wang,47.0,2012-07-23 00:00:00,2025-08-18,CHN
"5' 8""",1.72m,Right-Handed,Jun 4 2003,"Moscow, Russia",328897.0,Polina Kudermetova,106.0,2019-11-25 00:00:00,2025-08-18,RUS
,,Right-Handed,Jul 5 1999,"Berkel en Rodenrijs, Netherlands",324898.0,Suzan Lamens,86.0,2018-03-19 00:00:00,2025-08-18,NED
,,Right-Handed,Apr 16 2006,"Grosse Pointe, MI, USA,",330544.0,Maya Joint,110.0,2023-08-21 00:00:00,2025-08-18,AUS
"5' 8""",1.73m,Right-Handed,Jun 18 2004,"Perth, Australia",329393.0,Talia Gibson,125.0,2021-03-08 00:00:00,2025-08-18,AUS
"5' 7""",1.70m,Right-Handed,Feb 5 1994,"Xi'an, China",316286.0,Saisai Zheng,34.0,2010-01-25 00:00:00,2025-08-18,CHN
"5' 10""",1.79m,Right-Handed,Oct 19 1996,"Bratislava, Slovakia",320228.0,Rebecca Sramkova,43.0,2013-10-07 00:00:00,2025-08-18,SVK
"5' 2""",1.57m,Left-Handed,Jan 31 2006,"Hrusovany nad Jevisovkou, Czech Republic",330375.0,Sara Bejlek,114.0,2021-08-16 00:00:00,2025-08-18,CZE
"5' 9""",1.75m,Right-Handed,Jul 8 1999,"Calhoun, GA, USA",326678.0,McCartney Kessler,30.0,2017-10-23 00:00:00,2025-08-18,USA
5' 10'',1.78m,Left-Handed,Sep 5 2004,"Washington DC, USA",329408.0,Robin Montgomery,105.0,2020-08-31 00:00:00,2025-08-18,USA
"5' 10""",1.78m,Right-Handed,Feb 17 1995,"Rock Island, IL, USA",316959.0,Madison Keys,7.0,2010-01-25 00:00:00,2025-08-18,USA
"5' 7""",1.70m,Right-Handed,Jul 2 1996,"Dornbirn, Austria",320316.0,Julia Grabher,54.0,2015-09-14 00:00:00,2025-08-18,AUT
"5' 11""",1.8m,Right-Handed,Nov 3 2001,"Washington DC, USA",327101.0,Hailey Baptiste,80.0,2018-07-16 00:00:00,2025-08-18,USA
,,Right-Handed,Dec 5 2003,,328426.0,Sijia Wei,131.0,2019-09-16 00:00:00,2025-08-18,CHN
5' 7'',1.70m,Right-Handed,Jul 15 1991,"Granada, Spain",314359.0,Nuria Parrizas Diaz,45.0,2008-11-03 00:00:00,2025-08-18,ESP
5' 8'',1.72m,Left-Handed,Jan 13 2003,"Kamenka, Russia",329199.0,Oksana Selekhmeteva,138.0,2019-09-16 00:00:00,2025-08-18,RUS
"5'9""",1.76m,Right-Handed,Jul 30 1996,"Belgrade, Serbia",319709.0,Nina Stojanovic,81.0,2014-07-28 00:00:00,2025-08-18,SRB
"5' 9""",1.74m,Right-Handed,Dec 13 2000,"Coire, Switzerland",325771.0,Simona Waltert,107.0,2018-03-05 00:00:00,2025-08-18,SUI
"5' 7""",1.7m,Right-Handed,Oct 27 2005,"Perth, Australia",330291.0,Taylah Preston,134.0,2022-10-24 00:00:00,2025-08-18,AUS
"5' 6""",1.68m,Right-Handed,Oct 3 2006,"Maebashi City, Japan",332175.0,Sara Saito,150.0,2022-10-24 00:00:00,2025-08-18,JPN
,,Right-Handed,Mar 5 1999,"Adelaide, Australia",322579.0,Petra Hule,287.0,2022-10-24 00:00:00,2025-08-18,AUS
"5' 9""",1.76m,Right-Handed,May 3 2003,"Lyon, France",328142.0,Elsa Jacquemot,137.0,2019-09-16 00:00:00,2025-08-18,FRA
"5' 9""",1.74m,Right-Handed,Nov 27 2004,"Mississauga, Canada",329614.0,Marina Stakusic,125.0,2022-10-17 00:00:00,2025-08-18,CAN
"5' 6""",1.68m,Right-Handed,Apr 21 1996,"Groningue, Netherlands",323451.0,Arianne Hartono,135.0,2018-10-15 00:00:00,2025-08-18,NED
5' 5'',1.66m,Right-Handed,Feb 10 2000,"Daireaux, Argentina",322638.0,Maria Lourdes Carle,71.0,2018-03-19 00:00:00,2025-08-18,ARG
,,Right-Handed,Jul 7 2008,"Gold Coast, Australia",333111.0,Emerson Jones,376.0,2023-08-21 00:00:00,2025-08-18,AUS
"5' 9""",1.75m,Right-Handed,Mar 10 1997,"Flawil, Switzerland",319001.0,Belinda Bencic,4.0,2011-12-19 00:00:00,2025-08-18,SUI
"5' 8""",1.72m,Right-Handed,Apr 24 2002,"Gold Coast, Australia",326653.0,Olivia Gadecki,83.0,2019-09-16 00:00:00,2025-08-18,AUS
"5' 5""",1.65m,Right-Handed,Jun 28 2004,,330149.0,Dominika Salkova,129.0,2021-10-11 00:00:00,2025-08-18,CZE
"5' 8""",1.73m,Right-Handed,Feb 17 2000,"Kakhovka, Ukraine",325338.0,Yuliia Starodubtseva,79.0,2023-05-22 00:00:00,2025-08-18,UKR
"5' 5""",1.64m,Right-Handed,May 15 1998,"Firenze, Italy",323149.0,Lucrezia Stefanini,100.0,2016-02-22 00:00:00,2025-08-18,ITA
"5' 8""",1.73m,Left-Handed,Apr 14 2001,"Te Anau, New-Zealand",324576.0,Lulu Sun,39.0,2016-02-22 00:00:00,2025-08-18,NZL
5' 11'',1.80m,Left-Handed,Aug 9 2005,"Andorra-la-Vella, Andorra",330352.0,Victoria Jimenez Kasintseva,121.0,2021-03-08 00:00:00,2025-08-18,AND
5' 5'',1.64m,Right-Handed,Jun 24 2004,"Krasnoyarsk, Russia",330151.0,Erika Andreeva,65.0,2021-03-08 00:00:00,2025-08-18,RUS
,,Right-Handed,Jan 12 2000,"Modiin, Israel",323091.0,Lina Glushko,201.0,2018-03-19 00:00:00,2025-08-18,ISR
"5' 11""",1.8m,Left-Handed,Apr 6 2002,"Valencia, Spain",326891.0,Leyre Romero Gormaz,156.0,2021-03-08 00:00:00,2025-08-18,ESP
"5' 11""",1.8m,Left-Handed,Jun 20 2007,"Trnava, Slovakia",332467.0,Renata Jamrichova,366.0,2022-10-24 00:00:00,2025-08-18,SVK
"5' 7""",1.69m,Left-Handed,Jan 11 2005,"Auckland, New Zealand",330275.0,Vivian Yang,759.0,2023-08-21 00:00:00,2025-08-18,NZL
"5' 6""",1.68m,Right-Handed,Nov 2 1996,"Zagreb, Croatia",320945.0,Jana Fett,97.0,2014-09-22 00:00:00,2025-08-18,CRO
"5' 7""",1.69m,Right-Handed,Nov 18 1994,"Cetinje, Montenegro",317684.0,Danka Kovinic,46.0,2011-02-21 00:00:00,2025-08-18,MNE
,,Right-Handed,Jun 17 2004,"Mar del Plata, Argentine",329081.0,Solana Sierra,145.0,2019-11-25 00:00:00,2025-08-18,ARG
"5' 6""",1.68m,Right-Handed,Dec 19 1997,"Townsville, Australia",320013.0,Lizette Cabrera,119.0,2013-06-17 00:00:00,2025-08-18,AUS
,,Left-Handed,Sep 16 2002,"Riga, Latvia",329457.0,Darja Semenistaja,106.0,2019-11-25 00:00:00,2025-08-18,LAT
"5' 8""",1.78m,Left-Handed,Jul 8 1999,"Antalya, Turkey",321834.0,Ipek Oz,163.0,2018-03-05 00:00:00,2025-08-18,TUR
,,Right-Handed,Apr 29 2002,"Vienna, Austria",327061.0,Sinja Kraus,151.0,2018-10-15 00:00:00,2025-08-18,AUT
1.70m,1.70m,Right-Handed,Sep 24 2002,"Galicia, Spain",328139.0,Jessica Bouzas Maneiro,54.0,2021-03-08 00:00:00,2025-08-18,ESP
5' 11'',1.80m,Right-Handed,May 5 1996,"Cairo, Egypt",318711.0,Mayar Sherif,31.0,2013-06-17 00:00:00,2025-08-18,EGY
"5' 6""",1.68m,Left-Handed,Sep 6 2002,"Montreal, Quebec",326735.0,Leylah Fernandez,13.0,2018-03-19 00:00:00,2025-08-18,CAN
"5' 4""",1.63m,Right-Handed,Jul 10 2002,"Singburi, Thailand",326929.0,Mananchaya Sawangkaew,129.0,2018-10-15 00:00:00,2025-08-18,THA
5' 11'',1.82m,Right-Handed,Jun 5 1998,"Bucharest, Romania",320319.0,Jaqueline Cristian,49.0,2013-06-10 00:00:00,2025-08-18,ROU
"5' 7""",1.7m,Right-Handed,May 29 2002,"Pergamino, Argentina",327287.0,Julia Riera,93.0,2019-09-16 00:00:00,2025-08-18,ARG
"5' 6""",1.68m,Right-Handed,Dec 15 1989,"Tambov, Russia",312413.0,Arina Rodionova,97.0,2005-08-22 00:00:00,2025-08-18,AUS
,,Right-Handed,Apr 2 2007,"Prague, Czech Republic",331545.0,Brenda Fruhvirtova,87.0,2022-02-14 00:00:00,2025-08-18,CZE
"5' 6""",1.67m,Right-Handed,Feb 4 1998,"Brisbane, Australia",321906.0,Kaylah McPhee,199.0,2016-03-21 00:00:00,2025-08-18,AUS
"5' 7""",1.70m,Right-Handed,May 19 1992,"St. Peter Port,Guernsey",316981.0,Heather Watson,38.0,2010-01-25 00:00:00,2025-08-18,GBR
"5' 9""",1.75m,Right-Handed,Mar 27 1996,"Shrirampur, India",318907.0,Rutuja Bhosale,313.0,2011-12-19 00:00:00,2025-08-18,IND
,,-,Jul 2 2002,"Seoul, South-Korea",326561.0,Sohyun Park,287.0,2019-09-16 00:00:00,2025-08-18,KOR
"5' 8""",1.73m,Right-Handed,May 28 1995,"Lagnasco, Italy",318201.0,Camilla Rosatello,225.0,2011-12-19 00:00:00,2025-08-18,ITA
5' 4'',1.64m,Right-Handed,Aug 2 1994,"Sao Paulo, Brazil",317155.0,Laura Pigossi,100.0,2012-08-06 00:00:00,2025-08-18,BRA
,,Left-Handed,Dec 12 2001,"Hyderabad, India",328071.0,Shrivalli Bhamidipaty,301.0,2021-03-08 00:00:00,2025-08-18,IND
"5' 11""",1.81m,Right-Handed,Nov 20 2001,"Cincinnati, OH, USA",325725.0,Caty McNally,54.0,2017-09-11 00:00:00,2025-08-18,USA
5' 7'',1.71m,Right-Handed,Jun 30 1997,Belarus,320759.0,Iryna Shymanovich,154.0,2014-01-20 00:00:00,2025-08-18,BLR
"5' 4""",1.63m,Right-Handed,May 11 1995,"Miramar, FL, USA",317443.0,Sachia Vickery,73.0,2011-08-01 00:00:00,2025-08-18,USA
,,Right-Handed,Mar 30 1993,Germany,316464.0,Emina Bektas,82.0,2013-09-09 00:00:00,2025-08-18,USA
,,Right-Handed,May 12 1996,China,322451.0,Xiaodi You,166.0,2014-11-03 00:00:00,2025-08-18,CHN
"5' 11""",1.81m,Right-Handed,Aug 26 1990,"Bucharest, Romania",313169.0,Irina-Camelia Begu,22.0,2006-12-04 00:00:00,2025-08-18,ROU
"6' 0""",1.85m,Right-Handed,Jan 20 1991,"Maribor, Slovenia",313968.0,Polona Hercog,35.0,2006-11-13 00:00:00,2025-08-18,SLO
5' 7'',1.70m,Left-Handed,Dec 2 2003,"Reinbek, Germany",328631.0,Noma Noha Akugue,142.0,2021-03-08 00:00:00,2025-08-18,GER
"5' 10""",1.79m,Right-Handed,May 10 1993,"Sopron, Hungary",317070.0,Timea Babos,25.0,2009-08-24 00:00:00,2025-08-04,HUN
,,Right-Handed,Sep 30 2002,"Zagreb, Croatia",330236.0,Tara Wurth,145.0,2020-09-28 00:00:00,2025-08-18,CRO
5' 4'',1.64m,Right-Handed,Mar 18 1995,"Stei, Romania",318352.0,Irina Bara,104.0,2013-09-09 00:00:00,2025-08-18,ROU
"6' 0""",1.84m,Right-Handed,May 14 1993,"Saint Pol sur Mer, France",315616.0,Kristina Mladenovic,10.0,2008-11-03 00:00:00,2025-08-18,FRA
5' 8'',1.73m,Right-Handed,Nov 6 1997,"Bucharest, Romania",320408.0,Elena-Gabriela Ruse,51.0,2016-01-25 00:00:00,2025-08-18,ROU
5' 4'',1.64m,Right-Handed,Jul 25 1994,"Nis, Serbia",317349.0,Natalija Stevanovic,145.0,2011-02-21 00:00:00,2025-08-18,SRB
,,Right-Handed,Apr 21 2000,"Guimarães, Portugal",324948.0,Francisca Jorge,176.0,2018-03-19 00:00:00,2025-08-18,POR
,,Right-Handed,Apr 7 2004,"Guimarães, Portugal",328730.0,Matilde Jorge,295.0,2021-03-08 00:00:00,2025-08-18,POR
"5' 11""",1.80m,Left-Handed,May 21 1986,"Tashkent, Uzbekistan",120420.0,Varvara Lepchenko,19.0,2002-09-30 00:00:00,2025-08-18,USA
,,Right-Handed,May 10 1995,,318559.0,Tena Lukas,200.0,2011-12-19 00:00:00,2025-08-18,CRO
,,-,Jul 6 2002,"Saint-Petersburg, Russia",330102.0,Julia Avdeeva,188.0,2021-03-08 00:00:00,2025-08-18,RUS
"5' 9""",1.75m,Right-Handed,May 16 2003,"Dijon, France",328884.0,Lois Boisson,152.0,2021-03-08 00:00:00,2025-08-18,FRA
"5' 10 1/2""",1.79m,Right-Handed,Jul 1 1994,"Versailles, France",318839.0,Chloe Paquet,96.0,2011-12-19 00:00:00,2025-08-18,FRA
"5' 9""",1.75m,Right-Handed,Sep 26 1996,"Bayonne, France",319421.0,Jessika Ponchet,104.0,2014-11-03 00:00:00,2025-08-18,FRA
,,Right-Handed,Dec 1 2001,"Boiarka, Ukraine",325991.0,Carole Monnet,162.0,2019-09-16 00:00:00,2025-08-18,FRA
,,-,Feb 19 1999,"Barcelona, Spain",324786.0,Guiomar Maristany Zuleta De Reales,179.0,2017-08-28 00:00:00,2025-08-18,ESP
,,Right-Handed,Jan 9 2004,"Dubrovnik, Croatia",330894.0,Lucija Ciric Bagaric,157.0,2022-10-24 00:00:00,2025-08-18,CRO
"5 '10""",1.79m,Right-Handed,Sep 22 1999,"Zagreb, Croatia",323171.0,Lea Boskovic,161.0,2018-03-19 00:00:00,2025-08-18,CRO
"5 ' 8""",1.72m,Right-Handed,May 14 1996,"Zrenjanin, Serbia",319706.0,Dejana Radanovic,187.0,2013-06-17 00:00:00,2025-08-18,SRB
5' 7'',1.70m,Right-Handed,May 19 2001,"Boca Raton, Florida",326379.0,Elizabeth Mandlik,97.0,2019-08-26 00:00:00,2025-08-18,USA
"5' 11""",1.80m,Right-Handed,Aug 3 1994,"Tetovo, North Macedonia",319311.0,Lina Gjorcheska,170.0,2011-12-19 00:00:00,2025-08-18,MKD
,,Right-Handed,Apr 23 2004,"Dnipro, Ukraine",329858.0,Anastasiya Soboleva,197.0,2021-04-26 00:00:00,2025-08-18,UKR
5' 7'',1.69m,Right-Handed,Aug 16 1994,"Beroun, Czech Republic",318488.0,Jesika Maleckova,191.0,2011-12-19 00:00:00,2025-08-18,CZE
,,Right-Handed,Aug 31 2004,"Palermo, Italy",330372.0,Giorgia Pedone,183.0,2022-10-24 00:00:00,2025-08-18,ITA
,,Right-Handed,Jul 1 1998,"Lugano, Switzerland",321032.0,Susan Bandecchi,164.0,2016-02-22 00:00:00,2025-08-18,SUI
"5' 6""",1.70m,Right-Handed,Sep 28 1998,"Balatonboglar, Hungary",325956.0,Panna Udvardy,76.0,2017-04-10 00:00:00,2025-08-18,HUN
,,-,Jul 7 2003,"Pisa, Italy",329308.0,Beatrice Ricci,367.0,2022-10-24 00:00:00,2025-08-18,ITA
,,Right-Handed,Jul 27 2003,"Brooklyn, NY, USA",327834.0,Elvina Kalieva,168.0,2019-09-16 00:00:00,2025-08-18,USA
"5' 9""",1.75m,Right-Handed,May 16 1996,"Morristown, NJ, USA",320218.0,Louisa Chirico,58.0,2012-08-06 00:00:00,2025-08-18,USA
,,Right-Handed,Oct 8 1998,"Alba Iulia, Romania",323119.0,Miriam Bulgaru,176.0,2016-07-18 00:00:00,2025-08-18,ROU
,,-,Feb 15 1996,"Sochi, Russia",328308.0,Ekaterina Makarova,158.0,2018-10-15 00:00:00,2025-08-18,RUS
5' 7'',1.70m,Right-Handed,Jun 16 2000,"Mississauga, Ontario, Canada",325088.0,Bianca Andreescu,4.0,2016-01-25 00:00:00,2025-08-18,CAN
"6' 1""",1.85m,Right-Handed,Jul 11 1990,"Bad Segeberg, Germany",315365.0,Mona Barthel,23.0,2008-10-27 00:00:00,2025-08-18,GER
,,Right-Handed,May 15 1999,"Sydney, Australia",322351.0,Seone Mendez,198.0,2016-02-22 00:00:00,2025-08-04,AUS
5' 11'',1.80m,Right-Handed,Aug 21 1996,"Olomouc, Czech Republic",322191.0,Karolina Muchova,8.0,2014-11-03 00:00:00,2025-08-18,CZE
6',1.83m,Right-Handed,Jul 23 2002,"Nogent-sur-Marne, France",329090.0,Selena Janicijevic,153.0,2019-09-16 00:00:00,2025-08-18,FRA
"5' 11""",1.80m,-,Nov 21 1997,"Beijing, China",322925.0,Xinyu Gao,164.0,2014-11-03 00:00:00,2025-08-18,CHN
"5' 7""",1.69m,Right-Handed,Mar 22 2001,"Croissy Beaubourg, France",327127.0,Margaux Rouvroy,211.0,2019-09-16 00:00:00,2025-08-18,FRA
5' 7'',1.70m,Right-Handed,Mar 24 1991,"Jesenice, Slovenia",315294.0,Dalila Jakupovic,69.0,2008-11-03 00:00:00,2025-08-18,SLO
,,-,Apr 25 2001,"Tour, France",328625.0,Diana Martynov,354.0,2019-09-16 00:00:00,2025-08-18,FRA
,,Right-Handed,Apr 8 1996,"Karlsruhe, Germany",319444.0,Caroline Werner,361.0,2014-11-03 00:00:00,2025-08-18,GER
"5' 11""",1.8m,Right-Handed,Jul 21 1999,"Oradea, Romania",324360.0,Maria Mateas,190.0,2017-10-02 00:00:00,2025-08-18,USA
"5' 7""",1.75m,Right-Handed,Feb 20 1994,"Nikolayev, Ukraine",316739.0,Kateryna Baindl,62.0,2010-07-05 00:00:00,2025-08-18,UKR
,,Right-Handed,Mar 10 2008,"Prague, Czech Republic",333944.0,Laura Samson,324.0,2024-02-26 00:00:00,2025-08-18,CZE
5' 9'',1.76m,Right-Handed,May 16 1994,"Vaduz, Liechtenstein",317286.0,Kathinka Von Deichmann,153.0,2013-06-17 00:00:00,2025-08-18,LIE
"5' 5""",1.64m,Left-Handed,Oct 11 2001,"Dabrowa Gornicza, Poland",325639.0,Maja Chwalinska,128.0,2017-04-10 00:00:00,2025-08-18,POL
5' 9'',1.76m,Right-Handed,Oct 21 2000,"Beringen, Switzerland",324028.0,Leonie Kung,144.0,2017-04-10 00:00:00,2025-08-18,SUI
"5' 5""",1.64m,Left-Handed,Jan 1 1998,"Batumi, Georgia",320592.0,Mariam Bolkvadze,151.0,2014-09-22 00:00:00,2025-08-18,GEO
6',1.84m,Right-Handed,Oct 25 1991,"Sofia, Bulgaria",316588.0,Isabella Shinikova,133.0,2011-02-21 00:00:00,2025-08-18,BUL
"5' 9""",1.76m,-,Jan 25 2003,"Mörfelden-Walldorf, Germany",331290.0,Gina Feistel,298.0,2023-08-21 00:00:00,2025-08-18,POL
"5' 10""",1.77m,Right-Handed,Dec 7 1990,"Ahaus, Germany",313131.0,Urszula Radwanska,29.0,2005-08-22 00:00:00,2025-08-18,POL
"5' 8""",1.72m,Right-Handed,Oct 18 1993,"Almaty, Kazakhstan",315696.0,Zarina Diyas,31.0,2008-12-08 00:00:00,2025-08-18,KAZ
,,Right-Handed,Jun 18 2004,"Olomouc, Czech Republic",329061.0,Linda Klimovicova,184.0,2022-10-24 00:00:00,2025-08-18,POL
5' 11'',1.80m,Right-Handed,May 11 1998,"Kosice, Slovakia",322277.0,Viktoria Hruncakova,43.0,2014-11-03 00:00:00,2025-08-18,SVK
,,Right-Handed,Oct 2 2000,"Kaohsiung, Taiwan",324830.0,En-Shuo Liang,150.0,2018-05-28 00:00:00,2025-08-18,TPE
"5' 7""",1.7m,Right-Handed,Mar 13 1995,"Pusan, South Korea",317065.0,Su Jeong Jang,114.0,2011-08-22 00:00:00,2025-08-18,KOR
,,Right-Handed,Dec 4 2005,"Zagreb, Croatia",330799.0,Petra Marcinko,132.0,2022-04-04 00:00:00,2025-08-18,CRO
,,Right-Handed,Dec 30 1999,"Postojna, Slovenia",327655.0,Veronika Erjavec,165.0,2018-03-19 00:00:00,2025-08-18,SLO
,,Right-Handed,Apr 21 2004,"Athens, Greece",329567.0,Dimitra Pavlou,410.0,2022-10-24 00:00:00,2025-08-18,GRE
,,Right-Handed,Sep 25 2003,,328034.0,Kristina Dmitruk,216.0,2021-03-08 00:00:00,2025-08-18,BLR
,,Right-Handed,Jun 24 2000,"Torre del Greco, Italy",325433.0,Nuria Brancaccio,167.0,2018-03-19 00:00:00,2025-08-18,ITA
,,Right-Handed,Mar 4 2003,"Perugia, Italy",329721.0,Matilde Paoletti,262.0,2021-03-08 00:00:00,2025-08-18,ITA
"5' 4""",,Right-Handed,Oct 28 2001,"Sidcup, England",329918.0,Sonay Kartal,84.0,2022-02-28 00:00:00,2025-08-18,GBR
"5' 5""",1.65m,Right-Handed,Nov 11 1995,"Tokyo, Japan",321495.0,Yuriko Miyazaki,132.0,2013-11-11 00:00:00,2025-08-18,GBR
"5'11""",1.80m,Right-Handed,Jul 27 1994,"Bucharest, Romania",317171.0,Patricia Maria Tig,56.0,2011-11-28 00:00:00,2025-08-18,ROU
,,Left-Handed,Dec 3 1991,"Tbilissi, Georgia",314660.0,Ekaterine Gorgodze,108.0,2006-11-13 00:00:00,2025-08-18,GEO
5' 10'',1.78m,Right-Handed,Feb 9 1993,"Preveza, Greece",316009.0,Despina Papamichail,143.0,2008-11-03 00:00:00,2025-08-18,GRE
,,Right-Handed,Mar 22 2001,"Bern, Switzerland",327219.0,Valentina Ryser,231.0,2019-09-16 00:00:00,2025-08-18,SUI
,,Left-Handed,Mar 16 1995,"Eupen, Belgium",319433.0,Marie Benoit,188.0,2013-06-17 00:00:00,2025-08-18,BEL
,,Right-Handed,Jul 7 2004,"Thung Song, Thailand",329651.0,Lanlana Tararudee,171.0,2022-10-24 00:00:00,2025-08-18,THA
"5' 10""",1.77m,Right-Handed,Jan 21 1989,"Tianjin, China",311779.0,Shuai Zhang,22.0,2005-08-22 00:00:00,2025-08-18,CHN
"5' 6""",1.68m,Right-Handed,Sep 27 1991,"Constanta, Romania",314320.0,Simona Halep,1.0,2008-06-23 00:00:00,2025-02-03,ROU
"5' 4""",1.63,Right-Handed,Jun 10 1999,"Foshan, China",322417.0,Ye-Xin Ma,177.0,2018-03-05 00:00:00,2025-08-18,CHN
,,-,May 30 2005,,329824.0,Han Shi,215.0,2023-08-21 00:00:00,2025-08-18,CHN
"5' 8""",1.73m,Right-Handed,Aug 31 2005,"Tokyo, Japan",331963.0,Sayaka Ishii,197.0,2022-10-24 00:00:00,2025-08-18,JPN
"5' 5""",1.65m,Right-Handed,Oct 6 1995,"Okayama, Japan",319183.0,Kyoka Okamura,223.0,2014-09-22 00:00:00,2025-08-18,JPN
"5' 4""",1.63m,Right-Handed,Feb 25 1998,"Fontana, CA, USA",321743.0,Hanna Chang,169.0,2016-07-18 00:00:00,2025-08-18,USA
,,Left-Handed,Oct 20 2003,,331361.0,Xinxin Yao,263.0,2022-10-24 00:00:00,2025-08-18,CHN
,,Right-Handed,Aug 30 2005,"Vidnoye, Russia",330905.0,Elena Pridankina,176.0,2022-10-24 00:00:00,2025-08-18,RUS
,,-,Jun 9 1995,"Donetsk, Ukraine",319133.0,Valeriya Strakhova,231.0,2011-12-19 00:00:00,2025-08-18,UKR
5'11,1.80m,Right-Handed,Sep 9 2000,"Irvine, CA, USA",324361.0,Carson Branstine,252.0,2018-03-19 00:00:00,2025-08-18,CAN
,,-,Nov 24 2006,"Santiago, Chile",331405.0,Antonia Vergara Rivera,689.0,2024-11-04 00:00:00,2025-08-18,CHI
,,Left-Handed,Jun 12 2002,,326908.0,Tina Smith,266.0,2019-09-16 00:00:00,2025-08-18,AUS
,,Right-Handed,Nov 20 2001,"Chilecito, Argentina",327283.0,Jazmin Ortenzi,254.0,2018-03-19 00:00:00,2025-08-18,ARG
,,Right-Handed,Mar 2 2007,"Bogota, Colombia",332846.0,Valentina Mediorreal Arias,727.0,2024-05-20 00:00:00,2025-08-18,COL
"5' 2""",1.57m,Right-Handed,Oct 9 1993,"Gates Mills, OH, USA",317414.0,Lauren Davis,26.0,2010-11-08 00:00:00,2025-08-18,USA
,,-,Mar 15 2002,"Ann Arbor, MI, USA",328144.0,Karina Miller,397.0,2021-03-08 00:00:00,2025-08-18,USA
"5' 7""",1.7m,Right-Handed,Apr 21 1997,"Fair Oaks, CA, USA",321367.0,Gabriela Knutson,155.0,2022-07-25 00:00:00,2025-08-18,CZE
"5' 6""",1.68m,Right-Handed,Apr 17 2002,"Bradenton, FL, USA",326101.0,Whitney Osuigwe,105.0,2018-03-05 00:00:00,2025-08-18,USA
"5' 5""",1.65m,Right-Handed,Sep 25 1994,"Tsuyama, Japan",318857.0,Haruka Kaji,213.0,2013-10-07 00:00:00,2025-08-18,JPN
"5' 8""",1.72m,Left-Handed,Aug 23 1995,"Galati, Romania",319454.0,Gabriela Lee,136.0,2014-09-22 00:00:00,2025-08-18,ROU
,,Right-Handed,Jul 23 1997,"Saragossa, Spain",321157.0,Irene Burillo Escorihuela,207.0,2016-01-25 00:00:00,2025-08-18,ESP
"6' 1""",1.85m,Right-Handed,Jun 17 1997,"Constanta, Romania",321280.0,Raluka Serban,152.0,2015-09-14 00:00:00,2025-08-18,CYP
"5' 7""",1.70m,Right-Handed,Oct 25 2005,"Daniel Island, SC, USA",330642.0,Liv Hovde,245.0,2022-10-24 00:00:00,2025-08-18,USA
"5' 7""",1.70m,Right-Handed,Dec 6 2007,"Torrance, CA, USA",332285.0,Iva Jovic,189.0,2023-11-27 00:00:00,2025-08-18,USA
,,-,Jan 3 2001,"Kyiv, Ukraine",327182.0,Oleksandra Oliynykova,283.0,2018-03-19 00:00:00,2025-08-18,UKR
"5' 11""",1.8m,Right-Handed,Jul 14 1999,"Braila, Romania",323368.0,Georgia Craciun,347.0,2016-02-22 00:00:00,2025-08-18,ROU
,,Right-Handed,May 26 1995,"Isernia, Italy",318001.0,Nicole Fossa Huergo,256.0,2019-11-25 00:00:00,2025-08-18,ITA
"5' 6""",168cm,Right-Handed,Mar 11 2004,"Neratovice, Czech Republic",330363.0,Barbora Palicova,180.0,2021-03-08 00:00:00,2025-08-18,CZE
,,Right-Handed,Jul 19 2006,"Washington DC, USA",330788.0,Clervie Ngounoue,280.0,2022-10-24 00:00:00,2025-08-18,USA
5' 3'',1.60m,Right-Handed,Mar 6 1999,"Visp, Switzerland",321397.0,Ylena In-Albon,110.0,2016-02-22 00:00:00,2025-08-18,SUI
"5' 7""",1.70m,Right-Handed,Apr 23 1996,"Campinas, Brazil",319305.0,Carolina Alves,165.0,2014-01-20 00:00:00,2025-08-18,BRA
,,Right-Handed,Jan 20 2001,"Melun, France",325794.0,Manon Leonard,190.0,2019-09-16 00:00:00,2025-08-18,FRA
,,Right-Handed,Feb 17 2008,"Lienz, Austria",332150.0,Lilli Tagger,506.0,2023-12-18 00:00:00,2025-08-18,AUT
"5' 9 1/2""",1.77m,Right-Handed,Oct 24 1994,"Prague , Czech Republic",318060.0,Tereza Martincova,40.0,2011-12-19 00:00:00,2025-08-18,CZE
,,Left-Handed,Jun 21 2002,"New Plymouth, New Zealand",327063.0,Monique Barry,555.0,2023-08-21 00:00:00,2025-08-18,NZL
"5' 8""",1.73m,Right-Handed,Aug 6 1995,"Stockholm, Sweden",317771.0,Rebecca Peterson,43.0,2013-06-17 00:00:00,2025-03-31,SWE
,-,Sep 1 2005,Sep 1 2005,"Adana, Turkey",330075.0,Melisa Ercan,317.0,2023-08-21 00:00:00,2025-08-18,AUS
"5' 8""",1.73m,Right-Handed,Jan 5 1999,"Toronto, Canada",322214.0,Katherine Sebov,136.0,2016-02-22 00:00:00,2025-08-18,CAN
,,-,Aug 20 2001,"Bangkok, Thailand",327633.0,Thasaporn Naklo,332.0,2023-08-21 00:00:00,2025-08-18,THA
"5' 8""",1.72m,Right-Handed,Jan 14 1992,"Tianjin, China",314429.0,Qiang Wang,12.0,2006-12-04 00:00:00,2025-08-18,CHN
5' 7'',1.69m,Right-Handed,Nov 15 1992,"Nonthaburi, Thailand",316554.0,Peangtarn Plipuech,175.0,2011-01-17 00:00:00,2025-08-18,THA
,,Right-Handed,Dec 14 2004,"Pune, India",333018.0,Vaishnavi Adkar,831.0,2023-08-21 00:00:00,2025-08-18,IND
5' 8'',1.72m,Right-Handed,Nov 12 1998,"Budapest, Hungary",323231.0,Fanny Stollar,114.0,2015-12-07 00:00:00,2025-08-04,HUN
"5' 7""",1.70m,Right-Handed,Oct 8 1997,"San Luis Potosi, Mexico",323582.0,Fernanda Contreras,139.0,2019-09-16 00:00:00,2025-02-03,MEX
"5' 2""",1.57m,Left-Handed,Dec 4 1997,"Avellaneda, Argentina",320545.0,Martina Capurro Taborda,149.0,2016-02-22 00:00:00,2025-08-18,ARG
,,Left-Handed,Jun 22 1996,"Guadalajara, Mexico",320673.0,Maria Fernanda Navarro Oliva,643.0,2022-10-24 00:00:00,2025-08-18,MEX
"5' 6""",1.68m,Right-Handed,Jan 29 2005,"San Diego, CA, USA",330053.0,Katherine Hui,872.0,2022-10-24 00:00:00,2024-02-26,USA
"5' 8""",1.73m,Right-Handed,Feb 5 1989,"Perm, Russia",314527.0,Marina Melnikova,170.0,2008-01-07 00:00:00,2025-08-18,RUS
"6' 1""",1.85m,Right-Handed,Jun 17 1980,"Lynwood, CA, USA",230220.0,Venus Williams,1.0,2000-12-04 00:00:00,2025-08-18,USA
"5' 10""",1.77m,Right-Handed,Jun 17 2003,"Greenwich, CT, USA",328281.0,Madison Sieg,294.0,2022-10-24 00:00:00,2025-08-18,USA
,,Right-Handed,Dec 16 2000,"Cleveland, OH, USA",325048.0,Dalayna Hewitt,383.0,2019-09-16 00:00:00,2025-08-18,USA
"5' 2""",1.57m,Right-Handed,Sep 18 1997,"Guadalajara, Mexico",321216.0,Jessica Hinojosa Gomez,699.0,2022-10-24 00:00:00,2025-08-18,MEX
,,-,Jul 29 2008,,333126.0,Ada Kumru,,,,TUR
"5' 8""",1.72m,Right-Handed,Sep 28 1989,"Adana, Turkey",312292.0,Cagla Buyukakcay,60.0,2006-06-05 00:00:00,2025-08-18,TUR
"5' 7""",1.70m,Right-Handed,Sep 20 1998,"Medellin, Colombia",322124.0,Yuliana Monroy,633.0,2016-02-22 00:00:00,2025-08-18,COL
,,Right-Handed,Jun 14 2007,"Sabanalarga, Colombia",331181.0,Mariana Isabel Higuita Barraza,1077.0,2024-05-20 00:00:00,2025-08-18,COL
"5' 9""",1.75m,Right-Handed,Oct 3 2006,"Lisbon, Portugal",330785.0,Maria Garcia,1351.0,2023-08-21 00:00:00,2025-08-18,POR
"5' 9""",1.75m,Right-Handed,Mar 14 1996,"London, England",319465.0,Eden Silva,298.0,2014-11-03 00:00:00,2025-08-18,GBR
,,-,Aug 15 2005,"Quimper, France",330713.0,Astrid Lew Yan Foon,599.0,2023-08-21 00:00:00,2025-08-18,FRA
"5' 7""",1.70m,Right-Handed,Jul 29 1998,"Stockholm, Sweden",323007.0,Mirjam Bjorklund,123.0,2018-03-05 00:00:00,2025-08-18,SWE
"5' 7""",1.70m,Right-Handed,Apr 26 1997,Thessaloniki,321132.0,Martha Matoula,305.0,2021-03-08 00:00:00,2025-08-18,GRE
,,Right-Handed,Feb 13 2001,"Saragossa, Spain",326911.0,Carlota Martinez Cirez,203.0,2019-11-25 00:00:00,2025-08-18,ESP
,,Right-Handed,Jun 17 2006,"Bari, Italy",332494.0,Vittoria Paganetti,503.0,2024-05-20 00:00:00,2025-08-18,ITA
,,Right-Handed,May 16 1990,"Fondi, Italy",312582.0,Federica Di Sarra,192.0,2005-08-22 00:00:00,2025-08-18,ITA
,,Right-Handed,Jun 21 2003,"Bergamo, Italy",328193.0,Lisa Pigato,318.0,2019-09-16 00:00:00,2025-08-18,ITA
,,Right-Handed,Dec 10 1996,"Desio, Italy",320369.0,Martina Colmegna,347.0,2014-11-03 00:00:00,2025-08-18,ITA
,,Right-Handed,Jul 23 2003,"Porto Potenza, Italy",329217.0,Jennifer Ruggeri,431.0,2022-10-24 00:00:00,2025-08-18,ITA
"5' 10""",1.77m,Right-Handed,Jan 15 2004,"Fes, Morocco",330733.0,Yasmine Kabbaj,546.0,2022-10-24 00:00:00,2025-08-18,MAR
,,Right-Handed,Oct 18 1999,"Adana, Turkey",322450.0,Berfu Cengiz,190.0,2015-12-07 00:00:00,2025-08-18,TUR
,,Right-Handed,Jul 6 2005,"Casablanca, Morocco",330483.0,Aya El Aouni,609.0,2023-08-21 00:00:00,2025-08-18,MAR
,,Right-Handed,Jul 28 2006,"Casablanca, Morocco",331737.0,Malak El Allami,1141.0,2023-08-21 00:00:00,2025-08-04,MAR
,,Right-Handed,Jan 18 1993,"Bucharest, Romania",315288.0,Cristina Dinu,179.0,2011-01-17 00:00:00,2025-08-18,ROU
,,Right-Handed,Feb 6 1996,"Šiauliai, Lithuania",323677.0,Justina Mikulskyte,214.0,2019-09-16 00:00:00,2025-08-18,LTU
"5' 8""",1.72m,Right-Handed,Mar 26 2000,"Almaty, Kazakhstan",324203.0,Zhibek Kulambayeva,311.0,2018-03-19 00:00:00,2025-08-18,KAZ
,,Right-Handed,Jun 27 2007,"Bari, Italy",333946.0,Daria Raimondo,999999.0,2024-12-23 00:00:00,2024-12-23,ITA
,,Right-Handed,Oct 28 2004,"Split, Croatia",330848.0,Sara Svetac,889.0,2024-06-10 00:00:00,2025-08-18,CRO
,,Right-Handed,Sep 1 1999,"Chertsey, England",323694.0,Emily Appleton,348.0,2016-02-22 00:00:00,2025-08-18,GBR
,,Right-Handed,Nov 23 1999,"Utrecht, Netherlands",325011.0,Eva Vedder,221.0,2019-09-16 00:00:00,2025-08-18,NED
,,Right-Handed,Mar 12 2008,"Bigastro, Spain",333616.0,Charo Esquiva Banuls,965.0,2024-02-26 00:00:00,2025-08-04,ESP
,,Right-Handed,Jun 5 2000,"La Vila Joiosa, Spain",325073.0,Lucia Cortez Llorca,309.0,2018-03-19 00:00:00,2025-08-18,ESP
"5' 11""",1.8m,Right-Handed,Sep 4 1999,"Almeria, Spain",322382.0,Eva Guerrero Alvarez,221.0,2016-02-22 00:00:00,2025-08-18,ESP
,,Right-Handed,Feb 22 2000,"Plovdiv, Bulgaria",325374.0,Gergana Topalova,210.0,2018-03-19 00:00:00,2025-08-18,BUL
,,Right-Handed,Jun 30 2008,"Rheinfelden, Germany",332803.0,Julia Stusek,887.0,2023-08-21 00:00:00,2025-08-18,GER
5' 6'',1.67m,Right-Handed,Mar 22 2001,"Gothenburg, Sweden",326044.0,Caijsa Hennemann,283.0,2019-09-16 00:00:00,2025-08-18,SWE
,,Right-Handed,Nov 11 1997,"Vaxjo, Sweden",320190.0,Kajsa Rinaldo Persson,310.0,2014-11-03 00:00:00,2025-08-18,SWE
,,Right-Handed,Mar 30 2007,"Saro, Sweden",331426.0,Nellie Taraba Wallberg,982.0,2023-08-21 00:00:00,2025-08-18,SWE
"6' 0""",1.82m,Right-Handed,Jan 2 2005,"Prokuplje, Serbia",330751.0,Lola Radivojevic,177.0,2022-10-03 00:00:00,2025-08-18,SRB
"5' 7""",1.74m,Right-Handed,Dec 25 1990,"St-Imier, Switzerland",315265.0,Conny Perrin,134.0,2008-10-27 00:00:00,2025-08-18,SUI
,,Right-Handed,Jan 17 2005,"Paris, France",331215.0,Jenny Lim,479.0,2022-10-24 00:00:00,2025-08-18,FRA
,,Right-Handed,Oct 24 1994,"Sarlat-la-Canédat, France",317108.0,Audrey Albie,221.0,2013-10-07 00:00:00,2025-08-18,FRA
,,Left-Handed,Oct 11 2003,,329624.0,Natalia Szabanin,245.0,2022-04-25 00:00:00,2025-08-18,HUN
,,Right-Handed,May 17 2006,"Nis, Serbia",330926.0,Mia Ristic,266.0,2022-10-24 00:00:00,2025-08-18,SRB
,,-,Apr 19 2001,"Zielona Góra, Poland",328907.0,Martyna Kubka,305.0,2019-11-25 00:00:00,2025-08-18,POL
"5' 6""",1.67m,Right-Handed,Feb 20 1991,"Sverdlovsk, Russia",315428.0,Valeria Savinykh,99.0,2008-10-27 00:00:00,2025-08-18,RUS
5' 8'',1.76m,Right-Handed,Jun 17 2000,"Warsaw, Poland",325750.0,Weronika Falkowska,240.0,2019-09-16 00:00:00,2025-08-18,POL
"5' 11""",1.81m,Right-Handed,Feb 20 2006,"Zielona Gora, Poland",332314.0,Weronika Ewald,639.0,2023-08-21 00:00:00,2025-08-18,POL
,,Right-Handed,Jun 2 2005,"Hamburg, Germany",331346.0,Anna Petkovic,1061.0,2024-06-24 00:00:00,2025-08-18,GER
,,Left-Handed,Apr 4 2005,"Furth, Germany",330547.0,Carolina Kuhl,391.0,2023-08-21 00:00:00,2025-08-18,GER
"5' 7""",1.70m,Right-Handed,Jan 31 2003,"Vechta, Germany",328401.0,Julia Middendorf,349.0,2021-10-11 00:00:00,2025-08-18,GER
,,Right-Handed,Nov 15 1997,"Hamburg, Germany",323621.0,Johanna Silva,943.0,2023-08-21 00:00:00,2025-08-18,GER
,,Right-Handed,Nov 21 2005,"Oldendorf, Germany",332562.0,Tessa Johanna Brockmann,994.0,2024-02-26 00:00:00,2025-08-18,GER
"5' 7""",1.70m,Right-Handed,Jan 10 1996,"Barranquilla, Colombia",319796.0,Maria Paulina Perez Garcia,648.0,2014-01-20 00:00:00,2025-08-18,COL
"5' 7""",1.70m,Right-Handed,Jun 5 1997,"Banska Bystrica, Slovakia",323615.0,Martina Okalova,427.0,2016-02-22 00:00:00,2025-08-18,SVK
1.67m,1.67m,-,Mar 22 1997,"Barranquilla, Colombia",320581.0,Maria Herazo Gonzalez,317.0,2014-01-20 00:00:00,2025-08-18,COL
,,Right-Handed,Jun 5 1997,"Ramona, CA, USA",320901.0,Jessica Failla,411.0,2016-02-22 00:00:00,2025-08-18,USA
6' 0'',1.83m,Right-Handed,Jun 11 2004,"Los Angeles, CA, USA",329115.0,Katrina Scott,151.0,2019-09-16 00:00:00,2025-08-18,USA
"5'5""",1.65m,Right-Handed,Mar 25 1999,"Wettswil am Albis, Switzerland",322627.0,Jenny Duerst,326.0,2019-09-16 00:00:00,2025-08-18,SUI
"5'2""",1.58m,Left-Handed,Aug 5 2003,"Morelia, Mexico",329429.0,Julia Garcia Ruiz,909.0,2024-06-24 00:00:00,2025-08-18,MEX
,,Right-Handed,Apr 25 2002,"Northborough, MA, USA",327100.0,Victoria Hu,262.0,2022-10-24 00:00:00,2025-08-18,USA
"5' 10""",1.78m,Right-Handed,Oct 9 1987,"Stockport, England",312660.0,Samantha Murray Sharan,165.0,2005-12-05 00:00:00,2025-08-18,GBR
5' 5'',1.65m,Right-Handed,Oct 28 1998,"Buenos Aires, Argentina",321195.0,Usue Maitane Arconada,130.0,2015-07-20 00:00:00,2025-08-18,USA
,,Right-Handed,Apr 22 1996,"New York, NY, USA",319438.0,Eudice Chong,213.0,2017-04-10 00:00:00,2025-08-18,HKG
"5' 4""",1.62m,Left-Handed,Apr 13 1994,"San Luis Potosi, Mexico",316694.0,Ana Sofia Sanchez,226.0,2011-07-04 00:00:00,2025-08-18,MEX
,,Right-Handed,Jul 7 2002,"Otocec, Slovenia",328659.0,Ziva Falkner,408.0,2021-03-08 00:00:00,2025-08-18,SLO
,,Right-Handed,Feb 28 2006,"Ljubljana, Slovenia",330342.0,Ela Milic,777.0,2023-08-21 00:00:00,2025-08-18,SLO
,,Right-Handed,Jul 23 1998,"Tunis, Tunisia",321000.0,Chiraz Bechri,582.0,2015-12-07 00:00:00,2025-08-18,TUN
,,Right-Handed,May 29 2003,"Jakarta, Indonesia",328797.0,Priska Nugroho,265.0,2022-10-24 00:00:00,2025-08-18,INA
,,Right-Handed,Jul 30 2002,"Iasi, Romania",327490.0,Ilinca Amariei,317.0,2022-10-24 00:00:00,2025-08-18,ROU
,,Right-Handed,Jan 24 2002,"Daejeon, South Korea",327351.0,Dayeon Back,302.0,2019-09-16 00:00:00,2025-08-18,KOR
"5' 8""",1.73m,Right-Handed,Nov 18 1989,"Anshan, Liaoning Province, China",313225.0,Jia-Jing Lu,162.0,2005-12-05 00:00:00,2025-08-18,CHN
,,Right-Handed,Oct 10 2003,"Moscow, Russia",330723.0,Tatiana Prozorova,199.0,2022-10-17 00:00:00,2025-08-18,RUS
,,Left-Handed,Feb 22 2000,"Tieling, China",326162.0,Meiling Wang,353.0,2017-10-16 00:00:00,2025-08-18,CHN
,,Right-Handed,Apr 11 2006,"Beijing, China",332913.0,Yufei Ren,441.0,2023-08-21 00:00:00,2025-08-18,CHN
,,-,Dec 21 1999,,324323.0,Yidi Yang,458.0,2018-03-19 00:00:00,2025-08-18,CHN
,,-,Mar 14 2002,"Hong Kong, China",326723.0,Hong Yi Cody Wong,319.0,2019-11-25 00:00:00,2025-08-18,HKG
5' 7'',1.70m,Right-Handed,Apr 19 1998,"Minnesota, USA",322716.0,Jessie Aney,343.0,2019-09-16 00:00:00,2025-08-18,USA
"6'1""",1.85m,Right-Handed,Dec 15 2008,"London, England",333132.0,Mika Stojsavljevic,638.0,2024-02-26 00:00:00,2025-08-18,GBR
"5'0""",1.52m,Right-Handed,Jun 14 1999,"Saitama, Japan",325473.0,Mei Yamaguchi,276.0,2018-03-19 00:00:00,2025-08-18,JPN
,,-,Jun 1 2003,,328320.0,Hina Inoue,230.0,2022-02-14 00:00:00,2025-08-18,USA
"5'11""",,Right-Handed,Dec 12 1995,"Tianjin, China",319606.0,Fangzhou Liu,127.0,2012-07-23 00:00:00,2025-08-18,CHN
,,Right-Handed,Nov 29 1998,"Jiujiang, China",321329.0,Wushuang Zheng,342.0,2016-02-22 00:00:00,2025-08-18,CHN
"5'7""",1.69m,Right-Handed,Jul 15 1997,"Buenos Aires, Argentina",320090.0,Julieta Estable,297.0,2014-01-20 00:00:00,2025-08-18,ARG
"5' 6""",1.68m,Right-Handed,May 2 1994,"Santa Cruz de la Sierra, Bolivia",316707.0,Noelia Zeballos,447.0,2016-02-22 00:00:00,2025-08-18,BOL
"5' 8""",1.73m,Right-Handed,Mar 13 1999,"Santiago, Chile",324156.0,Fernanda Labrana,589.0,2019-09-16 00:00:00,2025-08-18,CHI
,,Right-Handed,Aug 09 2006,"La Paz, Bolivia",335398.0,Natalia Trigosso,999999.0,2024-12-23 00:00:00,2024-12-23,BOL
,,Right-Handed,Feb 21 2008,"Tandil, Argentina",332730.0,Sol Ailin Larraya Guidi,824.0,2023-08-21 00:00:00,2025-08-18,ARG
5' 9'',1.75m,Right-Handed,May 23 1993,"Cúcuta, Colombia",315695.0,Yuliana Lizarazo,335.0,2008-11-03 00:00:00,2025-08-18,COL
"5' 2""",1.57m,Right-Handed,May 8 2005,"Lima, Peru",331268.0,Lucciana Perez Alarcon,434.0,2023-08-21 00:00:00,2025-08-18,PER
"5' 6""",1.68m,Right-Handed,Mar 8 1995,"Ossining, NY, USA",319411.0,Jamie Loeb,132.0,2012-08-06 00:00:00,2025-08-18,USA
"5' 3""",1.60m,Right-Handed,Apr 12 1993,"Long Branch, NJ, USA",317175.0,Robin Anderson,137.0,2011-09-05 00:00:00,2025-08-18,USA
,,Left-Handed,Mar 21 2005,,330960.0,Kayla Cross,264.0,2022-10-24 00:00:00,2025-08-18,CAN
"5' 9""",1.76,Left-Handed,Feb 6 1997,"London, Canada",320465.0,Stacey Fung,222.0,2019-11-25 00:00:00,2025-08-18,CAN
,,,,,330415.0,Fernanda Rain Contreras,,,,CHI
,,Right-Handed,Jan 17 2002,"Iquique, Chile",327711.0,Jimar Gerald Gonzalez,1172.0,2023-08-21 00:00:00,2025-08-18,CHI
,,Right-Handed,Oct 3 1994,"Santa Fe, Argentina",318480.0,Victoria Bosio,308.0,2011-12-19 00:00:00,2025-08-18,ARG
,,Right-Handed,Nov 8 2006,"Coronel Moldes, Argentina",330746.0,Luisina Giovannini,432.0,2022-10-24 00:00:00,2025-08-18,ARG
"5' 8""",1.73m,Right-Handed,Feb 4 2006,"Buenos Aires, Argentina",330730.0,Julia Caffarena,1273.0,2024-02-05 00:00:00,2025-06-16,ARG
,,Right-Handed,May 15 2001,"Tunis, Tunisia",325188.0,Yasmine Mansouri,320.0,2018-03-19 00:00:00,2025-08-18,FRA
,,Right-Handed,Jul 4 2002,"La Haye, Netherlands",326766.0,Julie Belgraver,360.0,2021-03-08 00:00:00,2025-08-18,FRA
,,Right-Handed,Mar 12 1997,"Bondy, France",322752.0,Sara Cakarevic,289.0,2016-02-22 00:00:00,2025-08-18,FRA
,,Right-Handed,Dec 17 2001,"Ekaterinburg, Russia",328472.0,Mariia Tkacheva,317.0,2019-09-16 00:00:00,2025-08-18,RUS
,,Right-Handed,Apr 9 2001,"Brasilia, Brazil",327175.0,Luiza Fullana,577.0,2023-08-21 00:00:00,2025-08-18,BRA
5' 7'',1.70m,Right-Handed,Feb 12 1998,"Mountain View, CA, USA",322527.0,Ena Shibahara,132.0,2016-02-22 00:00:00,2025-08-18,JPN
,,Right-Handed,Oct 29 2000,"Hyderabad, India",331152.0,Sahaja Yamalapalli,284.0,2021-09-27 00:00:00,2025-08-18,IND
,,-,May 25 1996,"Severodvinsk, Russia",320481.0,Daria Lodikova,296.0,2013-10-07 00:00:00,2025-08-18,RUS
"5' 8""",1.72m,Right-Handed,Nov 28 2000,"Medellín, Colombia",324789.0,Emiliana Arango,109.0,2017-04-10 00:00:00,2025-08-18,COL
5' 11'',1.83m,Right-Handed,Apr 1 2003,"Athens, Greece",327193.0,Sapfo Sakellaridi,253.0,2019-09-16 00:00:00,2025-08-18,GRE
"5'8""",1.73m,Left-Handed,Jul 29 2005,"Bucharest, Romania",330059.0,Maria Sara Popa,395.0,2023-08-21 00:00:00,2025-08-18,ROU
,,Right-Handed,Mar 28 2003,"Ust-Labinsk, Russia",328468.0,Daria Kudashova,365.0,2019-09-16 00:00:00,2025-08-18,RUS
"5' 7""",1.70m,Right-Handed,Apr 22 1995,"Durango, Mexico",320512.0,Victoria Rodriguez,216.0,2013-06-17 00:00:00,2025-08-18,MEX
"6' 0""",1.83m,Right-Handed,Sep 1 1994,"Moscow, Russia",317938.0,Margarita Gasparyan,41.0,2011-09-05 00:00:00,2025-08-18,RUS
"6' 1""",1.85m,Right-Handed,May 28 1997,"Havre de Grace, MD, USA",321146.0,Sophie Chang,217.0,2016-01-25 00:00:00,2025-08-18,USA
5' 11,1.83m,Right-Handed,Aug 29 1996,"Moscow, Russia",320922.0,Ksenia Laskutova,330.0,2018-03-19 00:00:00,2025-08-18,RUS
,,Right-Handed,Apr 23 2002,"Ljubljana, Slovenia",329774.0,Pia Lovric,462.0,2019-11-25 00:00:00,2025-08-18,SLO
"5' 9""",1.75m,Right-Handed,Aug 8 1986,"Kryvyi Rih, Ukraine",20702.0,Kateryna Volodko,29.0,2001-09-03 00:00:00,2025-08-18,UKR
"5' 11""",1.81m,Right-Handed,Jun 10 1985,"Haapsalu, Estonia",110536.0,Kaia Kanepi,15.0,2001-07-23 00:00:00,2025-01-20,EST
5' 11'',1.80m,Right-Handed,May 11 1998,"Kosice, Slovakia",322277.0,Viktoria Kuzmova,351.0,2019-08-05 00:00:00,2025-08-18,SVK
"6' 0""",1.82m,Left-Handed,Mar 8 1990,"Bilovec, Czech Republic",314206.0,Petra Kvitova,2.0,2006-11-13 00:00:00,2025-08-18,CZE
"5' 9""",1.75m,Right-Handed,Aug 24 1993,"Odessa, Ukraine",317094.0,Maryna Zanevska,62.0,2010-01-25 00:00:00,2024-03-04,BEL
"5' 7""",1.70m,Right-Handed,Sep 28 1992,"Sunchales, Argentina",315083.0,Paula Ormaechea,59.0,2008-11-03 00:00:00,2025-08-18,ARG
"5' 7""",1.70m,Right-Handed,Oct 8 1997,"San Luis Potosi, Mexico",323582.0,Fernanda Contreras Gomez,139.0,2019-08-05 00:00:00,2025-02-03,MEX
"5' 6""",1.68m,Right-Handed,Apr 3 1990,"Dover, Delaware, USA",312328.0,Madison Brengle,35.0,2005-08-22 00:00:00,2025-08-18,USA
5' 5'',1.65m,Left-Handed,Jul 6 1992,"Incheon, South Korea",315159.0,Na-Lae Han,149.0,2009-07-06 00:00:00,2024-11-11,KOR
"6' 1""",1.85m,Right-Handed,Dec 6 1991,"New York City, NY, USA",314464.0,Coco Vandeweghe,9.0,2008-01-07 00:00:00,2024-02-26,USA
"5' 7""",1.70m,Right-Handed,Feb 4 1989,"Moscow, Russia",312584.0,Evgeniya Rodina,67.0,2005-08-22 00:00:00,2024-03-04,RUS
"5' 10""",1.78m,Right-Handed,Feb 25 1994,"Montréal, Canada",316161.0,Eugenie Bouchard,5.0,2011-01-17 00:00:00,2025-08-18,CAN
"5' 11""",1.80m,Right-Handed,Nov 8 1997,"Hucknall, England",320863.0,Freya Christie,288.0,2014-11-03 00:00:00,2025-08-18,GBR
"5' 5""",1.64m,Right-Handed,Mar 28 1986,"Plzen, Czech Republic",190879.0,Barbora Strycova,16.0,2002-08-26 00:00:00,2023-08-28,CZE
,,Right-Handed,Nov 30 1997,"lis, Belgium",320501.0,Magali Kempen,191.0,2016-01-25 00:00:00,2025-08-11,BEL
"6' 2""",1.82m,Right-Handed,Apr 11 1995,"Auckland, New Zealand",317299.0,Erin Routliffe,602.0,2011-12-19 00:00:00,2024-02-26,NZL
5' 5'',1.66m,Right-Handed,Feb 10 2000,"Daireaux, Argentina",322638.0,Maria Carle,71.0,2017-05-29 00:00:00,2025-08-18,ARG
"5' 4""",1.63m,Right-Handed,Jan 26 2002,"Krasnodar, Russia",328578.0,Darya Astakhova,181.0,2019-09-16 00:00:00,2025-08-18,RUS
5' 7'',1.74m,Right-Handed,Mar 24 1999,"Bristol, Great Britain",323145.0,Katie Swan,120.0,2015-12-07 00:00:00,2025-08-18,GBR
"5' 7""",170cm,Left-Handed,May 12 1995,"Moscow, Russia",317915.0,Irina Khromacheva,89.0,2011-02-21 00:00:00,2025-02-03,RUS
,,Right-Handed,Jun 25 2000,"Mallorca, Spain",324236.0,Rosa Vicens Mas,175.0,2018-03-19 00:00:00,2024-05-06,ESP
5'4”,1.69m,Right-Handed,Oct 11 1998,"Montpellier, France",321984.0,Tessah Andrianjafitrimo,141.0,2015-09-14 00:00:00,2025-08-18,FRA
,,Right-Handed,Sep 29 2000,"Moscow, Russia",326481.0,Sofya Lansere,200.0,2018-03-05 00:00:00,2025-08-18,RUS
"5' 3""",1.61m,Right-Handed,Jul 31 1991,"Siofok, Hungary",316606.0,Reka-Luca Jani,104.0,2008-11-03 00:00:00,2025-06-02,HUN
5' 10'',1.78m,Right-Handed,Apr 12 1995,"Harrisburg, PA, USA",318358.0,Jennifer Brady,13.0,2013-06-17 00:00:00,2024-09-23,USA
,,Right-Handed,Apr 17 1996,"Bucharest, Romania",320497.0,Irina Fetecau,207.0,2014-10-13 00:00:00,2025-08-18,ROU
"5' 10""",1.78m,Right-Handed,Sep 22 1989,"Troisdorf, Germany",312520.0,Sabine Lisicki,12.0,2005-07-04 00:00:00,2024-09-23,GER
5' 9'',1.76m,Right-Handed,Nov 10 1994,"Rochester, New York, USA",319413.0,Quinn Gleason,323.0,2017-08-28 00:00:00,2024-02-26,USA
"5' 3""",1.59m,Left-Handed,Apr 29 1991,"Yokohama, Japan",314237.0,Misaki Doi,30.0,2008-10-27 00:00:00,2023-10-02,JPN
"5' 7 3/4""",1.72m,Right-Handed,Sep 7 1984,"Moscow, Russia",260142.0,Vera Zvonareva,2.0,2000-12-04 00:00:00,2025-03-03,RUS
,,Right-Handed,May 17 2000,"Nice, France",324972.0,Tiphanie Lemaitre,474.0,2019-09-16 00:00:00,2025-08-18,FRA
"6' 2""",1.82m,Right-Handed,Feb 25 2006,"Prague, Czech Republic",330364.0,Nikola Bartunkova,226.0,2021-10-11 00:00:00,2025-08-18,CZE
"5' 2""",1.58m,Right-Handed,Aug 3 2001,"niigata, Japan",326568.0,Himeno Sakatsume,164.0,2018-10-15 00:00:00,2025-08-18,JPN
,,Right-Handed,May 1 1998,"Novi Sad, Serbia",323426.0,Katarina Kozarov,302.0,2021-03-08 00:00:00,2025-06-02,SRB
,,Right-Handed,Apr 7 2001,"Moscow, Russia",328237.0,Ekaterina Reyngold,226.0,2019-09-16 00:00:00,2025-08-18,RUS
"5' 8""",1.73m,Right-Handed,Feb 17 2000,"Kakhovka, Ukraine",325338.0,Yulia Starodubtsewa,67.0,2016-12-19 00:00:00,2025-08-18,UKR
"5' 7""",1.70m,Right-Handed,Sep 27 1996,"Buenos Aires, Argentina",320178.0,Guillermina Naya,380.0,2016-02-22 00:00:00,2024-09-23,ARG
5' 6'',1.71m,Right-Handed,Nov 15 1992,"Santiago, Chile",315836.0,Daniela Seguel,162.0,2011-01-17 00:00:00,2025-05-26,CHI
5' 7'',1.70m,Right-Handed,Sep 11 1997,"Paris, France",320016.0,Harmony Tan,90.0,2014-03-24 00:00:00,2025-08-18,FRA
5' 5'',1.68m,Right-Handed,Sep 17 1999,"Melbourne, Australia",322822.0,Jaimee Fourlis,147.0,2016-02-22 00:00:00,2025-08-18,AUS
"6' 0""",1.82m,Right-Handed,Oct 8 1993,"Caracas, Venezuela",316239.0,Garbiñe Muguruza,1.0,2010-01-25 00:00:00,2023-09-18,ESP
,,Right-Handed,Nov 9 1994,"Poitiers, France",319456.0,Marine Partaud,371.0,2013-06-17 00:00:00,2024-02-26,FRA
"5' 5""",1.64m,Left-Handed,Mar 3 1993,"Porto Alegre, Brazil",316674.0,Gabriela Ce,222.0,2011-11-28 00:00:00,2025-08-18,BRA
"5' 6""",1.68m,Right-Handed,Mar 23 1985,"Rochester, MN, USA",130713.0,Bethanie Mattek-Sands,30.0,2001-04-09 00:00:00,2025-08-18,USA
5' 7'',1.70m,Right-Handed,Nov 17 2000,"Liestal, Switzerland",324411.0,Joanne Zuger,163.0,2019-08-26 00:00:00,2024-02-26,SUI
5' 3'',1.60m,Right-Handed,Mar 26 1994,"San Luis Potosí, Mexico",316607.0,Marcela Zacarias,159.0,2012-08-06 00:00:00,2024-02-26,MEX
"5' 5""",1.68m,Right-Handed,Feb 7 2002,"San Antonio, TX, USA",327781.0,Fiona Crawley,348.0,2023-08-21 00:00:00,2025-08-18,USA
,,Right-Handed,May 9 2002,"Florence, Italy",328173.0,Diletta Cherubini,410.0,2022-04-25 00:00:00,2025-08-18,ITA
5' 6'',1.70m,Right-Handed,Jun 13 1996,"Trento, Italy",319393.0,Deborah Chiesa,143.0,2013-10-07 00:00:00,2025-08-18,ITA
,,Right-Handed,Oct 3 2006,"Ostwald, France",330506.0,Sarah Iliev,574.0,2023-08-21 00:00:00,2025-08-18,FRA
,,Right-Handed,May 27 2000,"Saint Petersburg, Russia",325114.0,Elena Malygina,322.0,2019-09-16 00:00:00,2025-08-18,EST
"5' 7""",1.69m,Right-Handed,Jan 4 1986,"Kaohsiung, Taiwan",310053.0,Su-Wei Hsieh,23.0,2001-09-03 00:00:00,2025-03-03,TPE
"5' 3""",1.60m,Right-Handed,Apr 21 2001,"Bujumbura, Burundi",325614.0,Sada Nahimana,244.0,2019-09-16 00:00:00,2025-08-18,BDI
"5' 7 1/2""",1.71m,Right-Handed,Aug 8 1989,"Sofia, Bulgaria",311810.0,Sesil Karatantcheva,35.0,2003-12-15 00:00:00,2024-02-26,BUL
"5' 7""",1.69m,Right-Handed,May 22 1992,"Palma de Mallorca, Spain",316942.0,Yvonne Cavalle-Reimers,266.0,2011-02-21 00:00:00,2025-01-27,ESP
"5' 7""",1.71m,Right-Handed,Jun 18 1997,"Neunkirchen, Germany",321658.0,Katharina Hobgarski,189.0,2014-11-03 00:00:00,2025-08-18,GER
,,Right-Handed,Aug 23 1998,"Berlin, Germany",321846.0,Lena Papadakis,250.0,2016-02-22 00:00:00,2025-08-04,GER
,,-,Oct 29 2006,,330517.0,Alessandra Teodosescu,,,,ITA
"5' 6""",1.68m,Right-Handed,May 29 1993,"Kosice, Slovakia",316774.0,Jana Cepelova,50.0,2011-01-17 00:00:00,2023-08-21,SVK
,,Right-Handed,Aug 26 1999,"Fjellhamar, Norway",323055.0,Malene Helgo,317.0,2016-10-31 00:00:00,2025-08-18,NOR
"5' 6""",1.70m,Right-Handed,Apr 19 1998,"Craiova, Romania",321313.0,Oana Gavrila,456.0,2016-02-22 00:00:00,2025-08-18,ROU
,,Right-Handed,Mar 9 2006,"Bastad, Sweden",331422.0,Bella Bergkvist Larsson,1083.0,2023-09-11 00:00:00,2024-07-01,SWE
"5'6""",1.70m,Right-Handed,Apr 30 2000,"Enskede-Arsta-Vantor, Sweden",323018.0,Lisa Zaar,498.0,2019-09-16 00:00:00,2025-08-18,SWE
,,Right-Handed,Jan 28 1996,"Eskilstuna, Sweden",319937.0,Jacqueline Cabaj Awad,387.0,2013-10-07 00:00:00,2025-08-18,SWE
"5' 4""",1.63m,Right-Handed,May 23 1990,"Bratislava, Slovakia",312673.0,Kristina Kucova,71.0,2006-12-04 00:00:00,2024-02-26,SVK
5' 8'',1.73m,Right-Handed,Aug 6 1993,"Saratov, Russia",315472.0,Ekaterina Yashina,335.0,2011-02-21 00:00:00,2025-08-18,RUS
178cm,1.78m,Right-Handed,Mar 13 2005,"Prague, Czech Republic",330147.0,Lucie Havlickova,196.0,2021-03-08 00:00:00,2025-08-18,CZE
5' 9'',1.75m,Right-Handed,Dec 17 2004,"Klodzko, Poland",330914.0,Olivia Lincer,517.0,2022-10-24 00:00:00,2025-08-18,POL
"5' 8""",1.74m,Right-Handed,Dec 17 1997,"Leeds, England",319962.0,Naiktha Bains,199.0,2014-01-20 00:00:00,2025-08-18,GBR
"5' 6""",1.67m,Right-Handed,Jul 21 1993,"Chanthaburi, Thailand",317033.0,Luksika Kumkhum,66.0,2011-01-17 00:00:00,2024-02-26,THA
,,Right-Handed,Oct 4 1996,"Augsburg, Germany",318930.0,Jasmin Jebawy,557.0,2016-01-25 00:00:00,2025-01-20,GER
"5' 10""",1.79m,Right-Handed,Oct 23 2000,"Abington, PA, USA",329681.0,Angelica Blake,867.0,2025-05-05 00:00:00,2025-08-18,GBR
5' 8'',1.72m,Right-Handed,Dec 16 1992,"Oslo, Norway",315314.0,Ulrikke Eikeri,206.0,2011-02-21 00:00:00,2025-08-18,NOR
,,Right-Handed,Oct 24 1994,"Chicago, IL, USA",328277.0,Adesuwa Osabuohien,1227.0,2019-08-05 00:00:00,2024-10-28,NGR
"6' 0""",1.83m,Right-Handed,Sep 1 1994,"Moscow, Russia",317938.0,Margarita Betova,41.0,2011-04-04 00:00:00,2025-08-18,RUS
5' 11,1.80m,Right-Handed,Mar 17 2000,"Lombard, IL, USA",327569.0,Kolie Allen,992.0,2023-08-21 00:00:00,2025-08-18,USA
,,Right-Handed,Dec 14 1998,"Krumbach, Germany",325592.0,Michaela Bayerlova,317.0,2016-10-10 00:00:00,2025-08-18,CZE
"5' 11""",1.80m,Right-Handed,Oct 26 1999,"Hawthorne, CA, USA",325781.0,Ashley Lahey,317.0,2017-07-10 00:00:00,2025-08-18,USA
,,Right-Handed,Jan 12 1997,"Ptuj, Slovenia",320824.0,Nina Potocnik,257.0,2016-02-22 00:00:00,2025-05-19,SLO
"5' 4""",1.63m,Right-Handed,May 6 1994,"Atlanta, GA, USA",316157.0,Grace Min,97.0,2009-08-24 00:00:00,2025-01-20,USA
,,Right-Handed,Jul 24 2007,"Monterrey, Mexico",331231.0,Lya Isabel Fernandez Olivares,744.0,2022-10-24 00:00:00,2024-02-26,MEX
,,Right-Handed,May 30 2004,"Keelung, Taiwan",329248.0,Ya Yi Yang,203.0,2019-11-25 00:00:00,2025-08-18,TPE
,,Right-Handed,Mar 13 2003,"Barletta, Italy",328440.0,Eleonora Alvisi,667.0,2022-10-24 00:00:00,2025-08-18,ITA
"5' 8""",1.72m,Right-Handed,Jan 24 1997,"Giessen, Germany",329578.0,Silvia Ambrosio,242.0,2019-09-16 00:00:00,2025-08-18,ITA
"5' 3""",1.59m,Left-Handed,Mar 25 2000,"Matsue, Japan",327398.0,Sakura Hosogi,204.0,2019-09-16 00:00:00,2025-08-18,JPN
"5' 3""",1.60m,Right-Handed,Oct 17 2000,"Chiba, Japan",326049.0,Rina Saigo,317.0,2019-09-16 00:00:00,2025-08-18,JPN
1.70m,1.70m,Right-Handed,May 18 1998,"Zhengzhou, Henan, China",323087.0,Hanyu Guo,278.0,2016-02-22 00:00:00,2025-08-18,CHN
,,Right-Handed,Mar 15 2003,"Seoul, South Korea",327252.0,Yeonwoo Ku,411.0,2019-09-16 00:00:00,2025-08-18,KOR
1.6m,,Right-Handed,Mar 3 1999,"Ziyang, Sichuan, China",322931.0,Xinyu Jiang,511.0,2016-10-10 00:00:00,2024-07-15,CHN
"5' 7""",1.71m,Right-Handed,Jun 21 2007,"Nanchang, China",333741.0,Yuhan Wang,1059.0,2025-03-31 00:00:00,2025-08-18,CHN
,,Right-Handed,Mar 28 1998,"Pitesti, Romania",323440.0,Ilona-Georgiana Ghioroaie,341.0,2016-10-10 00:00:00,2025-02-03,ROU
,,Right-Handed,Apr 23 2004,"Dnipro, Ukraine",329858.0,Anastasiya Soboleva,197.0,2021-04-26 00:00:00,2025-08-18,UKR
,,Right-Handed,Aug 30 1991,"Hong Kong, China",319256.0,Ho Ching Wu,540.0,2013-06-17 00:00:00,2025-08-18,HKG
"5' 9""",1.75m,Right-Handed,Mar 25 1996,"Barnaul, Russia",320453.0,Alina Zolotareva,1211.0,2015-06-08 00:00:00,2015-11-30,RUS
,,Right-Handed,,,326805.0,Daniela Schekaiban,,,,MEX
"6' 0""",1.82m,Right-Handed,Aug 10 2003,"Barawlyany, Belarus",328614.0,Jana Kolodynska,212.0,2019-11-25 00:00:00,2025-08-18,BLR
,,Right-Handed,Mar 27 2009,"Aguascalientes, Mexico",334112.0,Daniela Martinez Guerrero,1316.0,2025-03-17 00:00:00,2025-08-18,MEX
,,Right-Handed,Apr 15 2004,"Montevideo, Uruguay",331407.0,Juliana Rodriguez,1284.0,2023-08-21 00:00:00,2023-08-21,URU
,,Right-Handed,Sep 15 2007,"Santa Catarina, Brazil",331966.0,Carolina Bohrer Martins,862.0,2023-05-22 00:00:00,2025-08-18,BRA
"5' 5""",1.66m,Right-Handed,Oct 26 2005,"Hollywood, FL, USA",333137.0,Taly Licht,1355.0,2024-04-15 00:00:00,2024-12-02,URU
,,Right-Handed,Jul 23 1998,"Baltimore, USA",322043.0,Raveena Kingsley,284.0,2016-01-25 00:00:00,2025-03-03,USA
,,Right-Handed,Dec 15 2000,"Montevideo, Uruguay",327218.0,Lucia De Santa Ana,1259.0,2025-07-21 00:00:00,2025-07-21,URU
"5' 6""",1.67m,Right-Handed,Oct 16 2000,"San Diego, CA, USA",325758.0,Haley Giavara,428.0,2019-09-16 00:00:00,2025-08-18,USA
"5' 6""",1.70m,Right-Handed,Aug 30 2001,"Athens, GA, USA",325423.0,Chloe Beck,385.0,2023-08-21 00:00:00,2024-09-23,USA
,,Right-Handed,Apr 23 2004,"Bizanos, France",329575.0,Nahia Berecoechea,388.0,2022-10-24 00:00:00,2025-08-18,FRA
"5' 5""",1.65m,Right-Handed,Mar 14 1987,"St. Etienne, France",311791.0,Aravane Rezai,15.0,2004-09-27 00:00:00,2025-08-18,FRA
,,Right-Handed,Jan 11 2007,"Nova Kakhovka, Ukraine",331197.0,Veronika Podrez,384.0,2023-08-21 00:00:00,2025-08-18,UKR
,,Right-Handed,Apr 12 2000,"Eaubonne, France",324308.0,Emeline Dartron,330.0,2018-03-19 00:00:00,2025-08-18,FRA
,,Right-Handed,Apr 24 1997,"Licata, Italy",322510.0,Dalila Spiteri,305.0,2017-04-10 00:00:00,2025-08-18,ITA
"5' 5""",1.69m,Left-Handed,Oct 10 1995,"Shellharbour, NSW",319960.0,Ellen Perez,162.0,2014-01-20 00:00:00,2024-05-06,AUS
5' 10'',1.78m,Right-Handed,Apr 4 1991,"Long Beach, California, USA",313919.0,Asia Muhammad,124.0,2006-12-04 00:00:00,2024-07-15,USA
,,Right-Handed,Jul 7 2002,"Valetta, Malta",328160.0,Francesca Curmi,299.0,2022-10-24 00:00:00,2025-08-18,MLT
"5' 5""",1.65m,Right-Handed,Aug 10 2003,"Beijing, China",329397.0,Fangran Tian,361.0,2023-08-21 00:00:00,2025-08-18,CHN
,,Right-Handed,Nov 2 2000,"Verona, Italy",325404.0,Aurora Zantedeschi,364.0,2019-09-16 00:00:00,2025-08-18,ITA
"5' 7""",1.70m,Right-Handed,Aug 1 1993,"Sittard, Netherlands",317462.0,Demi Schuurs,561.0,2011-12-19 00:00:00,2024-02-26,NED
"5' 8""",1.74m,Left-Handed,Jan 17 2008,"Saitama, Japan",331857.0,Wakana Sonobe,1113.0,2023-08-21 00:00:00,2025-08-18,JPN
"5' 9""",1.75m,Right-Handed,Jun 12 2009,"Coimbatore, India",334512.0,Maaya Rajeshwaran Revathi,642.0,2025-02-10 00:00:00,2025-08-18,IND
,,Right-Handed,Feb 18 2009,"Carlsbad, CA, USA",333685.0,Julieta Pareja,317.0,2024-07-01 00:00:00,2025-08-18,USA
,,,Aug 13 2008,,333324.0,Maria Jose Sanchez Uribe,,,,COL
"5' 7""",1.70m,Right-Handed,May 11 1992,"Teaneck, NJ, USA",314917.0,Christina McHale,24.0,2007-05-14 00:00:00,2025-08-18,USA
,,Right-Handed,Dec 14 1997,"Pontevedra, Spain",322266.0,Celia Cervino Ruiz,509.0,2019-09-16 00:00:00,2025-08-18,ESP
,,Right-Handed,Jan 29 2005,"Fano, Italy",330420.0,Federica Urgesi,822.0,2022-10-24 00:00:00,2025-08-18,ITA
,,Right-Handed,Jun 28 2007,"Novi Sad, Serbia",334791.0,Teodora Kostovic,368.0,2024-08-19 00:00:00,2025-08-18,SRB
,,Right-Handed,Feb 13 2006,"Las Palmas de Gran Canaria, Spain",331742.0,Kaitlin Quevedo,304.0,2022-10-24 00:00:00,2025-08-18,ESP
,,Right-Handed,Jul 10 2003,"Sant'Agostino, Italy",328701.0,Arianna Zucchini,564.0,2021-03-08 00:00:00,2025-08-18,ITA
,,Right-Handed,Dec 28 2005,"Driebergse, Netherlands",333783.0,Isis Louise Van Den Broek,743.0,2023-08-21 00:00:00,2025-08-18,NED
,,Right-Handed,Feb 18 2009,"Surrey, England",333440.0,Hannah Klugman,516.0,2023-08-21 00:00:00,2025-08-18,GBR
,,Right-Handed,Jul 19 2002,"Rotterdam, Netherlands",327527.0,Lian Tran,431.0,2019-09-16 00:00:00,2025-08-18,NED
,,Right-Handed,Mar 12 2008,"Rome, Italy",333121.0,Tyra Caterina Grant,657.0,2024-02-26 00:00:00,2025-08-18,ITA
,,Right-Handed,Mar 29 2005,"Moscow, Russia",330633.0,Yara Bartashevich,498.0,2022-10-24 00:00:00,2025-08-18,FRA
,,Right-Handed,May 25 2005,"London, England",330953.0,Ranah Stoiber,558.0,2022-10-24 00:00:00,2025-08-18,GBR
,,,Feb 10 2008,"Riga, Latvia",333812.0,Adelina Lachinova,586.0,2024-10-21 00:00:00,2025-08-18,LAT
"5' 10""",1.78m,Right-Handed,May 21 2004,"Bree, Belgium",331102.0,Hanne Vandewinkel,214.0,2022-10-24 00:00:00,2025-08-18,BEL
,,Right-Handed,Sep 8 2003,"Sofia, Bulgaria",327773.0,Lia Karatancheva,349.0,2021-03-08 00:00:00,2025-08-18,BUL
,,Left-Handed,Dec 15 2005,"Antsirabe, Madagascar",330970.0,Tiantsoa Rakotomanga Rajaonah,336.0,2023-08-21 00:00:00,2025-08-18,FRA
,,Right-Handed,Apr 28 2009,"Moscow, Russia",334255.0,Ksenia Efremova,617.0,2024-01-08 00:00:00,2025-08-18,FRA
"5' 7""",1.7m,Right-Handed,Jul 15 1996,"San Francisco, CA, USA",319641.0,Ayla Aksu,214.0,2015-08-24 00:00:00,2025-08-18,TUR
,,Right-Handed,Mar 29 1999,"Bucharest, Romania",322735.0,Tatiana Pieri,322.0,2014-11-03 00:00:00,2025-08-18,ITA
"5' 11""",1.80m,Right-Handed,Aug 2 1990,"Sochi, Russia",315030.0,Vitalia Diatchenko,71.0,2008-01-07 00:00:00,2025-08-18,RUS
"5' 9""",1.75m,Right-Handed,Apr 18 2003,"Cedar Park, TX, USA",330035.0,Malaika Rapolu,1158.0,2023-08-21 00:00:00,2025-08-18,USA
"6' 0""",1.84m,Left-Handed,Sep 5 1990,"Tbilisi, Georgia",312621.0,Oksana Kalashnikova,156.0,2008-01-07 00:00:00,2021-03-08,GEO
,,Right-Handed,Jul 16 2001,"Stevenage, England",326512.0,Joanna Garland,221.0,2019-09-16 00:00:00,2025-08-18,TPE
,,Right-Handed,Feb 20 2007,"Prague, Czech Republic",330808.0,Tereza Valentova,240.0,2023-08-21 00:00:00,2025-08-18,CZE
"5' 10""",1.78m,Right-Handed,Aug 26 2006,"Charlotte, NC, USA",331006.0,Victoria Mboko,284.0,2022-10-24 00:00:00,2025-08-18,CAN
,,,Apr 2 2007,"Ankara, Turkey",334175.0,Deniz Dilek,1103.0,2024-10-21 00:00:00,2025-08-18,TUR
,,Right-Handed,Sep 30 2002,"Zagreb, Croatia",330236.0,Tara Wuerth,145.0,2021-03-08 00:00:00,2025-08-18,CRO
,,Right-Handed,Jan 13 1999,"Moscow, Russia",323244.0,Ekaterina Kazionova,280.0,2016-02-22 00:00:00,2025-08-18,RUS
,,Right-Handed,Feb 8 2006,"Calella, Spain",332761.0,Ruth Roura Llaverias,856.0,2023-08-21 00:00:00,2025-08-18,ESP
,,Right-Handed,May 31 1997,"Faro, Portugal",319663.0,Ines Murta,550.0,2016-02-22 00:00:00,2025-08-18,POR
,,Left-Handed,Aug 4 2005,"Preston, England",331660.0,Ella McDonald,389.0,2022-10-17 00:00:00,2025-08-18,GBR
,,Left-Handed,Nov 10 2002,"Neiva, Colombia",329464.0,Maria Torres Murcia,811.0,2019-11-25 00:00:00,2025-08-18,COL
,,Right-Handed,Oct 2 2007,"Swansea, Wales",331725.0,Mingge Xu,442.0,2023-08-21 00:00:00,2025-08-18,GBR
,,Right-Handed,Sep 1 2005,"Granada, Spain",330569.0,Ariana Geerlings,389.0,2023-08-21 00:00:00,2025-08-18,ESP
,,Right-Handed,Jan 1 2004,"Irapuato, Mexico",331859.0,Claudia Sofia Martinez Solis,1064.0,2022-11-14 00:00:00,2025-08-18,MEX
"5' 7""",,Right-Handed,,,313112.0,Abbie Probert,1117.0,2005-12-05 00:00:00,2006-12-18,ESP
,,Right-Handed,Jan 18 2002,"Sochi, Russia",328466.0,Anastasia Zolotareva,243.0,2019-09-16 00:00:00,2025-08-18,RUS
"6' 0""",1.82m,Right-Handed,Jun 2 2000,"Chernivtsi, Ukraine",323815.0,Anna Jovanovic,1159.0,2016-02-22 00:00:00,2016-02-22,FRA
,,Right-Handed,Oct 20 1990,"Puerto de la Cruz, Spain",314169.0,Arabela Fernandez Rabener,404.0,2010-07-05 00:00:00,2017-04-10,ESP
,,Right-Handed,Aug 31 2000,"Salzburg, Austria",326212.0,Arabella Koller,980.0,2019-09-16 00:00:00,2025-08-18,AUT
"5' 9""",1.76m,Right-Handed,Nov 09 1982,"Valencia, Spain",160451.0,Arantxa  Parra Santonja,46.0,2000-12-04 00:00:00,2016-02-22,ESP
"5' 7""",1.69m,,Dec 18 1971,"Barcelona, Spain",190008.0,Arantxa Sanchez-Vicario,8.0,2000-12-04 00:00:00,2003-01-20,ESP
"5' 7""",1.70m,,Jul 12 1991,"Rosario, Argentina",314305.0,Aranza Salut,306.0,2008-10-27 00:00:00,2013-10-07,ARG
,,Right-Handed,Aug 30 1988,"Bengaluru, India",220233.0,Archana Venkataraman,549.0,2000-12-04 00:00:00,2006-12-18,IND
,,Right-Handed,Nov 20 1997,"Shizuoka, Japan",320671.0,Ari Matsumoto,874.0,2018-10-15 00:00:00,2021-03-29,JPN
,,Right-Handed,Jun 28 1996,"Girona, Spain",320125.0,Ariadna Marti Riembau,709.0,2014-01-20 00:00:00,2016-02-22,ESP
"5' 10""",1.78m,Right-Handed,Jun 15 2002,"Richmond Hill, Canada",327454.0,Ariana Arseneault,739.0,2019-09-16 00:00:00,2025-08-18,CAN
,,,Dec 18 1981,,180336.0,Ariana Rojas,1118.0,2000-12-04 00:00:00,2000-12-25,PER
,,,,,310353.0,Ariela Primo,835.0,2001-12-10 00:00:00,2002-09-30,BRA
,,,Jan 22 2006,"Moscow, Russia",330897.0,Arina Arifullina,941.0,2023-08-21 00:00:00,2025-08-18,RUS
,,Right-Handed,Apr 18 2006,"Moscow, Russia",331487.0,Arina Bulatova,1357.0,2023-08-21 00:00:00,2025-08-18,RUS
"5' 6""",1.68m,Right-Handed,Jan 01 1997,"Tashkent, Uzbekistan",319107.0,Arina Folts,639.0,2013-10-07 00:00:00,2018-03-19,UZB
,,Right-Handed,Jul 8 2001,"Moscow, Russia",327616.0,Arina Solomatina,1322.0,2023-08-21 00:00:00,2023-08-21,KGZ
"5' 7""",1.70m,Right-Handed,Jan 10 1999,"Almaty, Kazakhstan",323347.0,Arina Taluenko,1009.0,2016-02-22 00:00:00,2016-02-22,KAZ
,,Right-Handed,Mar 6 1997,"Bucharest, Romania",323378.0,Arina Vasilescu,558.0,2018-03-19 00:00:00,2025-08-18,ROU
"5' 6""",1.68m,Left-Handed,Sep 27 0996,"West Vancouver, Canada",320464.0,Arisha Ladhani,1113.0,2021-03-08 00:00:00,2021-03-08,CAN
,,Right-Handed,Mar 27 1999,,323379.0,Arlinda Rushiti,352.0,2018-03-05 00:00:00,2025-08-18,XKX
,,Right-Handed,Jun 12 1983,,310582.0,Arpi Kojian,589.0,2003-01-27 00:00:00,2006-12-18,USA
,,Rhight-Handed,Jan 9 1995,"Lucknow, India",321652.0,Arthi Muniyan,1292.0,2016-02-22 00:00:00,2016-02-22,IND
,,,Jul 23 1974,"Bengaluru, India",220067.0,Arthi Venkataraman,720.0,2000-12-04 00:00:00,2005-12-05,IND
,,Right-Handed,Dec 21 2004,"Astana, Kazakhstan",330593.0,Aruzhan Sagandikova,801.0,2023-08-21 00:00:00,2025-08-18,KAZ
"5' 3""",1.60m,Right-Handed,Sep 21 2005,"Bristol, England",331869.0,Aryana Bartlett,1338.0,2023-08-21 00:00:00,2023-08-21,GBR
"5' 10""",1.78m,Right-Handed,Jun 16 1975,"Surahammar, Sweden",30227.0,Asa Svensson,50.0,2000-12-04 00:00:00,2005-09-12,SWE
,,Right-Handed,Jan 1 1983,,20570.0,Asha Burns,1202.0,2001-09-03 00:00:00,2001-12-10,AUS
,,Right-Handed,Oct 9 1987,"Bangaluru, India",311787.0,Asha Nanda Kumar,794.0,2005-12-05 00:00:00,2016-02-22,IND
"5' 11""",1.80m,Right-Handed,Feb 22 1989,"Darwin, Australia",313620.0,Ashlee Brown,1318.0,2006-12-04 00:00:00,2006-12-18,AUS
"5' 5""",1.65m,Right-Handed,Jun 1 2006,"St Ives, Australia",333297.0,Ashlee Narker,1152.0,2023-08-21 00:00:00,2023-08-21,AUS
"5' 7""",1.70m,,Apr 24 1996,"Ipswich, Australia",318033.0,Ashleigh Barty,1.0,2011-02-21 00:00:00,2022-03-28,AUS
"5' 5""",1.65m,,May 02 1985,"Rossville, GA, USA",80418.0,Ashley Harkleroad,39.0,2000-12-04 00:00:00,2009-05-25,USA
,,Right-Handed,Jul 31 1994,"Canberra, Australia",318871.0,Ashley Keir,762.0,2011-12-19 00:00:00,2012-08-06,AUS
"5' 11""",1.8m,Left-Handed,Feb 08 1999,"Newport Beach, CA, USA",322532.0,Ashley Kratzer,200.0,2016-02-22 00:00:00,2025-08-18,USA
"5' 10""",1.78m,Right-Handed,Nov 6 1987,"Memphis, TN, USA",313068.0,Ashley Murdock,785.0,2013-10-07 00:00:00,2014-01-20,USA
"5' 5""",1.65m,Right-Handed,Jun 20 1989,"Tyler, TX, USA",312213.0,Ashley Weinhold,181.0,2006-09-11 00:00:00,2018-03-19,USA
,,Right-Handed,Dec 25 1992,"Brisbane, Australia",315646.0,Ashling Sumner,563.0,2010-01-25 00:00:00,2016-02-22,AUS
,,Right-Handed,Jul 17 1989,,313983.0,Ashmitha Easwaramurthi,942.0,2006-12-04 00:00:00,2025-08-18,IND
"5' 8""",1.74m,Right-Handed,Sep 1 2005,"Bloomington, IL, USA",331228.0,Ashton Bowers,696.0,2024-02-26 00:00:00,2025-05-19,USA
"5' 3""",1.60m,,Feb 19 1992,"Pune, India",315578.0,Ashvarya Shrivastava,665.0,2011-02-21 00:00:00,2012-08-06,IND
,,,Oct 27 1983,,110484.0,Asimina Kaplani,894.0,2000-12-04 00:00:00,2002-06-03,GRE
,,Right-Handed,Jan 25 1996,"Almaty, Kazakhstan",318379.0,Asiya Dair,682.0,2013-09-09 00:00:00,2014-11-03,KAZ
,,Right-Handed,Jul 6 2007,"Menlo Park, CA, USA",332739.0,Aspen Schuman,989.0,2023-08-21 00:00:00,2025-08-18,USA
"6' 0""",1.82m,,Sep 01 1989,"Prato, Italy",311932.0,Astrid Besser,356.0,2005-08-22 00:00:00,2010-07-05,ITA
,,Right-Handed,Jun 23 1999,"Nittedal, Norway",323052.0,Astrid Brune Olsen,931.0,2019-09-16 00:00:00,2025-08-18,NOR
,,Right-Handed,Dec 16 2003,"Chateauroux, France",330407.0,Astrid Cirotte,1057.0,2023-08-21 00:00:00,2025-08-18,FRA
,,,Jan 6 1985,"Valencia, Spain",230305.0,Astrid Waernes,329.0,2001-12-10 00:00:00,2006-12-18,ESP
,,Right-Handed,Dec 27 2002,"St Germain les Corbeil, France",327848.0,Aubane Droguet,723.0,2019-09-16 00:00:00,2022-10-31,FRA
"5' 9""",1.75m,,Apr 21 1986,"Plantation, FL, United States",311353.0,Audra Cohen,226.0,2006-11-13 00:00:00,2010-04-26,USA
"5' 4""",1.63m,Right-Handed,Jan 1 1985,"Miami, FL, USA",20711.0,Audrey Banada,705.0,2000-12-04 00:00:00,2002-06-03,USA
"5' 9""",1.75m,Right-Handed,Feb 01 1985,"Lille, France",310153.0,Audrey Bergot,224.0,2006-12-04 00:00:00,2012-10-29,FRA
,,Right-Handed,Aug 4 1982,"Montpellier, France",80442.0,Audrey Hernandez,577.0,2000-12-04 00:00:00,2004-10-18,FRA
,,Right-Handed,Jan 1 1976,"Montauban, France",160319.0,Audrey Pierrich,1118.0,2000-12-04 00:00:00,2000-12-25,FRA
"5' 5""",1.65m,Left-Handed,Sep 12 2002,"Bangkok, Thailand",327517.0,Aunchisa Chanta,456.0,2019-09-16 00:00:00,2025-08-18,THA
,,Right-Handed,Nov 21 1979,,140162.0,Aurandrea Narvaez,473.0,2000-12-04 00:00:00,2001-04-23,USA
,,Right-Handed,Sep 19 1988,"Tarbes, France",312215.0,Aurelia Janeczek,924.0,2005-12-05 00:00:00,2005-12-05,FRA
,,Left-Handed,Feb 08 1981,"Maule, France",220224.0,Aurelie Vedy,260.0,2000-12-04 00:00:00,2010-07-05,FRA
"5' 5""",1.65m,Right-Handed,Apr 24 1986,"Klaipėda, Lithuania",310605.0,Aurelija Miseviciute,285.0,2002-12-30 00:00:00,2004-02-09,LTU
,,,Mar 24 1982,"Nancy, France",40408.0,Aurore Desert,464.0,2001-09-03 00:00:00,2003-03-24,FRA
"5' 8""",1.72m,Right-Handed,Dec 29 1999,"Demarest, NJ, USA",332345.0,Ava Markham,602.0,2022-10-24 00:00:00,2025-08-18,USA
,,Right-Handed,Aug 14 1988,"Kazan, Russia",312905.0,Avgusta Tsybysheva,423.0,2006-12-04 00:00:00,2011-02-21,RUS
,,Right-Handed,Feb 11 2000,"Schoten, Belgium",324996.0,Axana Mareen,1055.0,2018-03-19 00:00:00,2023-08-21,BEL
"5' 9""",1.75m,Right-Handed,May 09 1989,"Alexandria, Egypt",328439.0,Aya El Sayed,1053.0,2019-11-25 00:00:00,2021-03-08,EGY
,,,Aug 23 1983,,312847.0,Ayaka Maekawa,315.0,2005-08-08 00:00:00,2011-09-05,JPN
"5' 7""",1.70m,Right-Handed,Jun 21 1995,"Osaka, Japan",319578.0,Ayaka Okuno,263.0,2014-09-22 00:00:00,2021-03-29,JPN
"5' 3""",1.60m,Right-Handed,Aug 26 1981,"Tokyo, Japan",190829.0,Ayako Suzuki,627.0,2000-12-04 00:00:00,2002-06-03,JPN
,,,Dec 13 1978,,200245.0,Ayami Takase,250.0,2000-12-04 00:00:00,2008-01-14,JPN
"5' 7""",1.70m,,Aug 13 1997,"Toronto, Ontario, Canada",321346.0,Ayan Broomfield,758.0,2014-11-03 00:00:00,2016-02-22,CAN
"5' 4""",1.63m,Right-Handed,Jul 06 2001,"Silver Spring, MD, US",333700.0,Ayana Akli,494.0,2023-08-21 00:00:00,2025-08-18,USA
"5' 4""",1.62m,Right-Handed,Apr 11 1998,"Maebashi, Japan",324394.0,Ayano Shimizu,175.0,2016-09-19 00:00:00,2025-08-18,JPN
,,,Mar 29 1983,,200358.0,Ayano Takeuchi,964.0,2000-12-04 00:00:00,2005-12-05,JPN
,,Right-Handed,Nov 10 2002,"Locarno, Switzerland",327042.0,Ayline Samardzic,1388.0,2023-08-21 00:00:00,2025-08-18,SUI
,,Right-Handed,Dec 01 1995,"Merida, Venezuela",320087.0,Aymet Uzcategui,648.0,2016-02-22 00:00:00,2018-07-16,VEN
,,,,,140148.0,Ayoko Noda,861.0,2000-12-04 00:00:00,2002-06-03,JPN
,,,Nov 26 1990,,314372.0,Ayram Edery,1375.0,2006-12-04 00:00:00,2006-12-04,VEN
"5' 10""",1.78m,Left-Handed,Apr 17 2004,"Istanbul, Turkey",329969.0,Aysegul Mert,780.0,2023-08-21 00:00:00,2025-08-18,TUR
"5' 4""",1.62m,Right-Handed,Nov 29 1988,"Denpasar, Indonesia",311462.0,Ayu Fani Damayanti,216.0,2005-07-04 00:00:00,2014-04-07,INA
,,,Aug 12 1999,,328253.0,Ayumi Hirata,861.0,2021-03-08 00:00:00,2021-03-29,JPN
,,Right-Handed,Jul 28 2000,"Saitama, Japan",325867.0,Ayumi Koshiishi,480.0,2018-03-19 00:00:00,2025-08-18,JPN
,,,Dec 18 2000,"Chiba, Japan",324395.0,Ayumi Miyamoto,554.0,2018-03-19 00:00:00,2025-08-18,JPN
"5' 5""",1.64m,Right-Handed,Mar 11 1990,"Ōta, Japan",312848.0,Ayumi Morita,40.0,2005-05-23 00:00:00,2023-08-21,JPN
,,,Mar 13 1986,"Kobe, Japan",311412.0,Ayumi Oka,297.0,2005-08-22 00:00:00,2012-08-13,JPN
"5' 8""",1.72m,,Nov 26 1994,"Box Hill, Australia",317583.0,Azra Hadzic,312.0,2011-02-21 00:00:00,2014-11-03,AUS
,,Right-Handed,Aug 23 1979,"Mohammedia, Morocco",130485.0,Bahia Mouhtassine,139.0,2000-12-04 00:00:00,2006-12-18,MAR
"5' 6""",1.68m,Right-Handed,May 01 2003,"Lekki, Nigeria",327899.0,Barakat Quadre,945.0,2019-11-25 00:00:00,2021-03-29,NGR
"5' 11""",1.80m,Right-Handed,Jun 4 1992,,316201.0,Barbara Bonic,342.0,2011-02-21 00:00:00,2021-03-08,SRB
,,Right-Handed,Sep 21 2001,"Cagliari, Italy",326014.0,Barbara Dessolis,1075.0,2023-08-21 00:00:00,2025-08-18,ITA
,,Right-Handed,Aug 16 1996,"Santiago, Chile",320679.0,Barbara Gatica,201.0,2016-02-22 00:00:00,2023-03-20,CHI
"5' 5""",1.65m,,Mar 19 1996,"Steyr, Austria",318424.0,Barbara Haas,133.0,2012-08-06 00:00:00,2023-08-21,AUT
,,Right-Handed,Mar 2 1982,"Tulln, Austria",80365.0,Barbara Hellwig,710.0,2000-12-04 00:00:00,2000-12-25,AUT
,,,Nov 9 1982,,310170.0,Barbara Hoeflinger,1209.0,2001-09-03 00:00:00,2001-12-10,AUT
,,Right-Handed,May 12 1996,,319839.0,Barbara Kotelesova,634.0,2016-02-22 00:00:00,2017-04-10,SVK
,,Right-Handed,May 14 1988,"Tallinn, Estonia",310882.0,Barbara Kvelstein,1322.0,2006-12-04 00:00:00,2006-12-04,EST
"5' 7""",1.70m,Right-Handed,May 28 1993,"Coimbra, Portugal",315267.0,Barbara Luz,372.0,2011-09-05 00:00:00,2014-12-01,POR
,,Right-Handed,Mar 6 1991,,316095.0,Barbara Montiel,949.0,2011-12-19 00:00:00,2011-12-19,ARG
,,,Apr 09 1973,,140036.0,Barbara Navarro,535.0,2000-12-04 00:00:00,2001-12-10,ESP
"5' 6""",1.68m,Right-Handed,Jun 24 1988,"Belo Horizonte, Brazil",314774.0,Barbara Oliveira,1212.0,2016-02-22 00:00:00,2016-02-22,BRA
,,Right-Handed,Aug 4 1982,"Budapest, Hungary",310098.0,Barbara Orlay,662.0,2001-05-28 00:00:00,2001-12-17,HUN
"5' 8""",1.73m,,Apr 06 1986,"Győr, Hungary",311157.0,Barbara Pocza,422.0,2003-12-22 00:00:00,2005-12-05,HUN
,,,Dec 14 1983,,160480.0,Barbara Polidoro,961.0,2000-12-04 00:00:00,2001-12-10,ITA
"5' 8""",1.73m,,Apr 25 1973,"Krefeld, Germany",180088.0,Barbara Rittner,46.0,2000-12-04 00:00:00,2005-06-13,GER
,,Right-Handed,Mar 3 1982,,180385.0,Barbara Rosenberger,445.0,2000-12-04 00:00:00,2002-06-03,GER
,,,Jan 04 1927,"Denver, CO, U.S.",314373.0,Barbara Rush,602.0,2006-12-04 00:00:00,2011-02-21,ARG
"5' 9""",1.76m,,Mar 10 1976,"Innsbruck, Austria",190349.0,Barbara Schett,18.0,2000-12-04 00:00:00,2005-01-24,AUT
"5' 11""",1.81m,Left-Handed,Jan 27 1979,"Vienna, Austria",190539.0,Barbara Schwartz,62.0,2000-12-04 00:00:00,2006-06-05,AUT
,,Right-Handed,Oct 23 1990,"Poznan, Poland",314208.0,Barbara Sobaszkiewicz,480.0,2006-12-04 00:00:00,2013-10-07,POL
,,,Mar 28 1982,"Bratislava, Slovakia",20615.0,Barbora Blahutiakova,796.0,2000-12-04 00:00:00,2001-09-03,SVK
,,Right-Handed,Mar 14 1988,"Ceske Budejovice, Czech Republic",313002.0,Barbora Bozkova,770.0,2005-12-05 00:00:00,2006-12-18,CZE
,,Right-Handed,Nov 1 1990,"Nove Mesto nad Metuji, Czech Republic",315693.0,Barbora Krtickova,655.0,2008-11-03 00:00:00,2010-04-26,CZE
,,Right-Handed,Dec 8 1999,"Bratislava, Slovakia",325609.0,Barbora Matusova,671.0,2019-09-16 00:00:00,2023-08-21,SVK
,,Right-Handed,Mar 29 1998,"Zlin, Czech Republic",320280.0,Barbora Miklova,553.0,2016-02-22 00:00:00,2021-10-11,CZE
"5' 9""",1.74m,,Apr 04 1995,"Olomouc, Czech Republic",319262.0,Barbora Stefkova,154.0,2013-09-09 00:00:00,2021-03-29,CZE
,,Right-Handed,Nov 5 1982,,190803.0,Barbora Sukova,1120.0,2000-12-25 00:00:00,2001-09-03,CZE
"5' 5""",1.65m,Right-Handed,Feb 14 2000,"Istanbul, TUrkey",323956.0,Basak Akbas,1246.0,2016-02-22 00:00:00,2016-02-22,TUR
,,,Jun 21 1994,"Ankara, Turkey",316808.0,Basak Eraydin,156.0,2011-02-21 00:00:00,2025-04-21,TUR
,,Right-Handed,Jan 1 2005,"Parrish, FL, USA",331887.0,Basant Kaur,1164.0,2023-08-21 00:00:00,2023-08-21,USA
"6' 0""",1.83m,,Nov 28 1980,"Budapest, Hungary",20533.0,Bea Bielik,130.0,2002-09-09 00:00:00,2004-10-18,USA
"5' 9""",1.75m,,Apr 06 1992,"Ellicott City, MD, United States",314338.0,Beatrice Capra,201.0,2008-11-03 00:00:00,2013-10-07,USA
,,Right-Handed,Feb 12 1993,"Norrtalje, Sweden",318826.0,Beatrice Cedermark,612.0,2011-11-28 00:00:00,2014-11-03,SWE
"5' 3""",1.61m,Right-Handed,Jan 01 1991,"Jakarta, Indonesia",313105.0,Beatrice Gumulya,571.0,2006-12-04 00:00:00,2022-10-24,INA
,,Right-Handed,Feb 15 1996,"Rome, Italy",318548.0,Beatrice Lombardo,959.0,2016-02-22 00:00:00,2021-03-08,ITA
,,Right-Handed,Mar 13 2003,"Milan, Italy",327747.0,Beatrice Stagno,973.0,2023-08-21 00:00:00,2025-08-18,ITA
,,Right-Handed,Sep 4 1997,"Casalgrande, Italy",320449.0,Beatrice Torelli,655.0,2016-02-22 00:00:00,2018-03-19,ITA
,,Right-Handed,Sep 22 1986,"Timisoara, Romania",311441.0,Beatris Simion,1029.0,2006-12-04 00:00:00,2006-12-18,ROU
,,Right-Handed,Apr 2 2002,"Varna, Bulgaria",329039.0,Beatris Spasova,960.0,2022-10-24 00:00:00,2025-08-18,BUL
,,Right-Handed,Dec 24 1983,,20697.0,Beatriz Becker,1088.0,2000-12-04 00:00:00,2001-12-10,MEX
,,Right-Handed,Sep 5 1982,,30490.0,Beatriz Cabrera Rosendo,476.0,2000-12-04 00:00:00,2002-06-03,ESP
"5' 4""",1.63m,Left-Handed,Nov 17 1988,"Valencia, Spain",311754.0,Beatriz García Vidagany,146.0,2005-08-22 00:00:00,2016-02-22,ESP
,,Right-Handed,Mar 16 1992,"Balneario de camboriu, Brazil",315566.0,Beatriz Maria Martins Cecato,814.0,2011-02-21 00:00:00,2012-08-06,BRA
,,Left-Handed,Jun 26 1980,"Las Vegas, NV, USA",310376.0,Beau Jones,546.0,2004-09-27 00:00:00,2007-03-12,USA
,,Right-Handed,Mar 8 1983,,311748.0,Beauty Oghenekevwe,1387.0,2005-12-05 00:00:00,2005-12-05,NGR
,,Right-Handed,Aug 1 1964,,20639.0,Becky Brown,1188.0,2000-12-04 00:00:00,2001-09-03,USA
,,Right-Handed,May 7 1982,"Barcelona, Spain",40392.0,Begona De Toro,1063.0,2000-12-04 00:00:00,2001-09-03,ESP
,,,Jul 17 1986,"Singapore, Singapore",310256.0,Beier Ko,299.0,2001-09-03 00:00:00,2006-12-18,SGP
,,,May 23 1985,"Buenos Aires, Argentina",312358.0,Belen Corbalan,358.0,2004-10-18 00:00:00,2009-08-24,ARG
"5' 6""",1.68m,Right-Handed,Nov 9 1992,"Curico, Chile",315832.0,Belen Luduena,874.0,2011-12-19 00:00:00,2012-08-06,CHI
,,Right-Handed,May 26 1982,"Brisbane, Australia",110487.0,Belinda Kelly,1250.0,2000-12-04 00:00:00,2000-12-04,AUS
"5' 8""",1.73m,,Jan 24 1995,"Melbourne, Australia",317924.0,Belinda Woolcock,290.0,2011-12-19 00:00:00,2022-05-02,AUS
,,Right-Handed,Nov 19 1999,"Melbourne, Australia",325430.0,Belle Thompson,1120.0,2023-08-21 00:00:00,2025-08-18,AUS
,,Right-Handed,Oct 10 1988,"Rome, Italy",313067.0,Benedetta Davato,504.0,2006-12-04 00:00:00,2012-08-13,ITA
,,Right-Handed,Aug 7 2000,"Acqui Terme, Italy",324293.0,Benedetta Ivaldi,1227.0,2019-09-16 00:00:00,2019-09-16,ITA
,,,Dec 9 1990,,313019.0,Benita Milenkiewicz,1359.0,2006-12-04 00:00:00,2006-12-04,AUS
"5' 5""",1.64m,,Jan 11 1975,"Chiang Mai, Thailand",190306.0,Benjamas Sangaram,459.0,2000-12-04 00:00:00,2001-09-03,THA
,,Right-Handed,Oct 19 1975,"Bourgoin-Jallieu, France",110312.0,Berengere Karpenschif,716.0,2000-12-04 00:00:00,2000-12-25,FRA
,,Right-Handed,Sep 25 1987,"Serignan, France",312325.0,Berengere Teix,772.0,2005-08-22 00:00:00,2006-12-18,FRA
,,Right-Handed,Jan 28 1988,"Frunze, Kyrgyzstan",315819.0,Bermet Duvanaeva,452.0,2008-11-03 00:00:00,2013-06-17,KGZ
,,,Apr 29 1988,,312379.0,Bernadetta Birkas,806.0,2005-08-22 00:00:00,2006-12-18,SRB
,,Right-Handed,Oct 24 1991,"Kappelle, Netherlands",316539.0,Bernice Van De Velde,646.0,2011-02-21 00:00:00,2014-11-03,NED
"5' 9""",1.75m,Right-Handed,Jun 21 1995,"Pergamino, Argentina",319314.0,Berta Bonardi,537.0,2012-08-06 00:00:00,2025-08-18,ARG
,,,Jul 21 1988,,312010.0,Berta Morata-Flaquer,690.0,2005-08-22 00:00:00,2008-02-18,ESP
,,,,,312696.0,Berveine Mohammed,1335.0,2005-12-05 00:00:00,2005-12-05,AUS
,,,May 17 1983,"Melbourne, Australia",190737.0,Beti Sekulovski,273.0,2000-12-04 00:00:00,2006-12-18,AUS
"5' 11""",1.80m,,Sep 08 1988,"Paraná, Argentina",311588.0,Betina Jozami,132.0,2003-08-04 00:00:00,2010-07-12,ARG
,,Right-Handed,May 1 1983,"Grodig, Austria",160447.0,Betina Pirker,457.0,2003-12-22 00:00:00,2004-10-18,AUT
,,Right-Handed,Nov 27 1975,,130529.0,Betsy Miringoff,620.0,2000-12-04 00:00:00,2001-04-23,USA
,,Right-Handed,Jan 13 1980,,10254.0,Bettina Auer,788.0,2000-12-04 00:00:00,2000-12-25,AUT
,,Right-Handed,Apr 23 1981,"Ulm, Germany",80070.0,Bettina Hafner,949.0,2000-12-04 00:00:00,2000-12-25,GER
,,Right-Handed,Jul 31 1990,"Saint-Louis, Réunion, France",313341.0,Betty Dautriat,1346.0,2006-12-04 00:00:00,2006-12-04,FRA
,,Right-Handed,Jan 30 1995,"Hyderabad, India",319820.0,Bhuvana Kalva,770.0,2013-09-09 00:00:00,2021-03-08,IND
"5' 6""",1.68m,Right-Handed,May 14 1989,"Orange, CA, USA",313875.0,Bianca Aboubakare,950.0,2006-12-04 00:00:00,2006-12-18,USA
,,Right-Handed,May 11 1984,"Melbourne, Australia",10354.0,Bianca Acquistapace,719.0,2004-10-18 00:00:00,2005-12-05,AUS
,,Right-Handed,Nov 11 2003,"Targu jiu, Romania",330922.0,Bianca Barbulescu,1278.0,2023-08-21 00:00:00,2025-08-18,ROU
,,Right-Handed,Apr 8 2003,"Nitra, Slovakia",328762.0,Bianca Behulova,526.0,2022-10-24 00:00:00,2023-08-21,SVK
,,Left-Handed,Oct 25 1988,,312098.0,Bianca Bonifate,593.0,2004-10-18 00:00:00,2006-12-18,ROU
"5' 10""",1.78m,Left-Handed,Jun 06 1991,"Lima, Peru",315784.0,Bianca Botto,200.0,2008-10-27 00:00:00,2016-02-22,PER
,,,Jan 1 1980,"Sao Paulo, Brazil",30441.0,Bianca Catay,1188.0,2001-12-10 00:00:00,2001-12-10,BRA
,,,,,30399.0,Bianca Cremer,476.0,2000-12-04 00:00:00,2003-03-24,GER
"5' 5""",1.65m,Right-Handed,Feb 24 2004,"Montréal, Canada",329453.0,Bianca Fernandez,632.0,2019-09-16 00:00:00,2025-08-18,CAN
"5' 11""",1.80m,Right-Handed,Jul 22 1992,"Bucharest, Romania",315093.0,Bianca Hincu,544.0,2011-02-21 00:00:00,2014-11-03,ROU
,,Right-Handed,Jul 5 1981,,110308.0,Bianca Kamper,482.0,2000-12-04 00:00:00,2004-10-18,AUT
,,Right-Handed,Apr 7 1988,"Karlsruhe, Germany",316390.0,Bianca Koch,634.0,2011-01-17 00:00:00,2014-03-24,GER
,,Right-Handed,Nov 4 1987,"Sydney, Australia",312767.0,Bianca Smith,1178.0,2005-12-05 00:00:00,2005-12-05,AUS
"5' 8""",1.73m,,Jun 17 1997,"Como, Italy",321605.0,Bianca Turati,259.0,2014-11-03 00:00:00,2022-10-31,ITA
,,Right-Handed,Jul 5 1985,"Bucharest, Romania",40426.0,Bianca-Mihaela Dulgheru,862.0,2001-09-03 00:00:00,2002-06-03,ROM
,,Right-Handed,Mar 18 1997,,322078.0,Bianka Bekefi,613.0,2016-07-18 00:00:00,2018-03-19,HUN
"6' 0""",1.84m,,Aug 30 1982,"Leonberg, Germany",120357.0,Bianka Lamade,59.0,2000-12-04 00:00:00,2004-10-18,GER
,,,Jul 16 1983,,20568.0,Bibi Berecz,1152.0,2001-09-03 00:00:00,2001-12-10,HUN
"5' 7""",1.70m,,May 13 1988,"Rhenen, Netherlands",311597.0,Bibiane Schoofs,142.0,2005-08-22 00:00:00,2025-06-02,NED
"5' 6""",1.68m,Right-Handed,Jun 14 1982,"Skopje, North Macedonia",40369.0,Biljana Dimovska,831.0,2000-12-04 00:00:00,2001-09-03,AUS
"5' 8""",1.72m,Right-Handed,Jan 20 1978,"Sofia, Bulgaria",160268.0,Biljana Pawlowa-Dimitrova,492.0,2000-12-04 00:00:00,2008-11-03,BUL
,,Right-Handed,Nov 11 1985,,311836.0,Birgit Ritschka,1077.0,2005-08-22 00:00:00,2006-12-18,AUT
,,Right-Handed,Oct 3 1998,"Girona, Spain",321698.0,Blanca Puig Caballero,923.0,2016-02-22 00:00:00,2016-02-22,ESP
,,,Jun 22 1976,,110296.0,Blanka Kumbarova,479.0,2000-12-04 00:00:00,2003-07-21,CZE
,,,Oct 8 1982,"Abuja, Nigeria",311093.0,Blessing Anuna,1233.0,2005-12-05 00:00:00,2006-12-18,NGR
,,,,,313054.0,Blessing Samuel,935.0,2005-12-05 00:00:00,2021-03-08,NGR
,,Right-Handed,Apr 3 1984,"Zaandam, Netherlands",311078.0,Bo Verhulsdonk,589.0,2005-12-05 00:00:00,2009-03-23,NED
,,Right-Handed,Feb 3 1981,,30545.0,Bo-Ra Choi,918.0,2000-12-04 00:00:00,2001-12-10,KOR
"5' 7""",1.70m,,Oct 02 1987,"Belgrade, Serbia",312049.0,Bojana Bobusic,227.0,2005-08-22 00:00:00,2014-01-20,AUS
,,,Apr 8 1978,,311496.0,Bojana Borovnica,970.0,2005-12-05 00:00:00,2011-02-21,SCG
"5' 9""",1.75m,Right-Handed,Dec 31 1991,"Belgrade, Serbia",314369.0,Bojana Jovanovski Petrovic,32.0,2008-10-27 00:00:00,2018-10-22,SRB
,,Right-Handed,Jun 22 2001,"Allschwil, Switzerland",326214.0,Bojana Klincov,578.0,2019-09-16 00:00:00,2023-08-21,SUI
,,Right-Handed,Mar 7 2001,"Collaroy Plateau, Australia",328246.0,Bojana Marinkov,1105.0,2019-09-16 00:00:00,2019-11-25,AUS
,,Right-Handed,Oct 30 1996,,319707.0,Bojana Marinkovic,509.0,2016-02-22 00:00:00,2025-08-18,SRB
,,,Nov 28 1994,"Pazardzhik, Bulgaria",317597.0,Borislava Botusharova,407.0,2012-08-06 00:00:00,2014-09-22,BUL
,,,Jun 05 1983,"Ljubljana, Slovenia",130644.0,Borka Majstorovic,445.0,2001-09-03 00:00:00,2004-10-18,SRB
,,Right-Handed,Jan 22 1992,,315067.0,Boyan Wang,797.0,2011-12-19 00:00:00,2014-03-24,CHN
"5' 7""",1.70m,Right-Handed,May 21 2003,"Andong, South Korea",327697.0,Boyoung Jeong,656.0,2022-10-24 00:00:00,2025-08-18,KOR
,,Right-Handed,Jun 12 1977,"Orange, CA, USA",60260.0,Brandi Freudenberg,432.0,2000-12-04 00:00:00,2002-09-30,USA
"5' 5""",1.65m,Right-Handed,Feb 13 1980,"Los Angeles, CA, USA",20509.0,Brandis Braverman,479.0,2000-12-04 00:00:00,2001-12-17,USA
,,Left-Handed,Jul 24 1994,"Les Abymes, France",317873.0,Brandy Mina,853.0,2016-02-22 00:00:00,2016-02-22,FRA
"5' 7""",1.70m,Right-Handed,May 21 1997,"Brea, CA, USA",331255.0,Brandy Walker,915.0,2023-08-21 00:00:00,2025-08-18,USA
,,Right-Handed,Nov 27 1981,"Subotica, Serbia",20561.0,Branka Bojovic,587.0,2000-12-04 00:00:00,2004-10-18,SRB
,,Right-Handed,Mar 5 1983,"Geelong, Australia",311632.0,Branka Savic,1339.0,2005-12-05 00:00:00,2005-12-05,AUS
"5' 5""",1.65m,Right-Handed,Dec 22 1994,"Boca Raton, FL, USA",317295.0,Breaunna Addison,872.0,2012-08-06 00:00:00,2012-08-06,USA
,,Right-Handed,May 2 1980,"Sydney, Australia",30480.0,Bree Calderwood,842.0,2000-12-04 00:00:00,2002-06-03,AUS
,,Right-Handed,Oct 31 1983,"Rosario, Argentina",30544.0,Brenda Coassolo,676.0,2000-12-04 00:00:00,2005-08-22,ARG
,,Right-Handed,Feb 17 1994,"Oxelosund, Sweden",317769.0,Brenda Njuki,560.0,2014-09-22 00:00:00,2018-03-19,SWE
"6' 2""",1.88m,Right-Handed,Dec 28 1970,"Haarlem, Netherlands",190038.0,Brenda Schultz-Mccarthy,185.0,2006-06-05 00:00:00,2009-05-25,NED
,,,Jan 1 1979,"Canton, OH, USA",80294.0,Briana Harris,589.0,2000-12-04 00:00:00,2002-06-03,USA
,,,Nov 26 2005,,330215.0,Briana Szabo,754.0,2021-03-08 00:00:00,2025-08-18,ROU
"5' 8""",1.73m,Right-Handed,Feb 19 1994,"Lynwood, CA, USA",318565.0,Brianna Morgan,539.0,2013-09-09 00:00:00,2018-03-19,USA
,,Right-Handed,Jan 30 1990,"Beaumaris, Australia",312729.0,Bridget Healy,1396.0,2005-12-05 00:00:00,2005-12-05,AUS
,,Right-Handed,Mar 28 2007,"Maribyrnong, Australia",331649.0,Bridget Mihulka,1017.0,2023-08-21 00:00:00,2023-08-21,AUS
"5' 9""",1.75m,,Jan 21 1980,"Los Angeles, CA, USA",180310.0,Brie Rippner,64.0,2000-12-04 00:00:00,2003-10-20,USA
,,Right-Handed,May 7 1989,"Key Biscayne, FL, USA",313234.0,Brie Whitehead,764.0,2006-11-13 00:00:00,2006-12-18,USA
"5' 8""",1.73m,,Nov 25 1997,"Mundelein, IL, USA",322525.0,Brienne Minor,915.0,2018-03-19 00:00:00,2018-03-19,USA
,,Right-Handed,Feb 27 2004,"Elk Grove, CA, USA",331194.0,Britney  Chiu,1322.0,2023-08-21 00:00:00,2023-08-21,USA
,,Right-Handed,Feb 23 1996,"Hasselt, Belgium",321453.0,Britt Geukens,538.0,2014-11-03 00:00:00,2018-03-19,BEL
,,Right-Handed,Nov 30 1980,"Bremen, Germany",130699.0,Britta Mohlmann,887.0,2001-09-03 00:00:00,2002-06-03,GER
,,Right-Handed,Sep 19 1991,"Orlando, FL, U.S.",313838.0,Brittany Augustine,522.0,2008-01-07 00:00:00,2011-12-19,USA
"5' 5""",1.65m,Right-Handed,Apr 5 1995,"Manchester, MA, USA",327679.0,Brittany Collens,1169.0,2019-09-16 00:00:00,2023-08-21,USA
,,Right-Handed,Jul 14 1991,,313863.0,Brittany Sheed,555.0,2006-12-04 00:00:00,2009-03-23,AUS
"5' 4""",1.63m,Right-Handed,Dec 16 1991,"Toronto, Canada",315360.0,Brittany Wowchuk,1052.0,2008-11-03 00:00:00,2008-11-03,CAN
"5' 5""",1.66m,,Feb 12 1996,"Indianapolis, IN, USA",318960.0,Brooke Austin,424.0,2011-12-19 00:00:00,2016-07-18,USA
,,Right-Handed,Apr 8 1992,"Delray Beach, FL, USA",315306.0,Brooke Bolender,823.0,2008-11-03 00:00:00,2008-11-03,USA
,,Right-Handed,Jan 1 1979,"Elon College, NC, USA",190908.0,Brooke Skeen,844.0,2003-03-24 00:00:00,2003-07-21,USA
"5' 7""",1.70m,Right-Handed,Oct 13 1980,"Cascavel, Brazil",30397.0,Bruna Colosio,291.0,2002-09-30 00:00:00,2005-12-05,BRA
,,Right-Handed,Feb 9 1987,,310955.0,Bruna Cunha,1074.0,2005-08-22 00:00:00,2006-12-18,BRA
"5' 8""",1.74m,,Dec 09 1979,"Sydney, Australia",190007.0,Bryanne Stewart,135.0,2000-12-04 00:00:00,2006-03-13,AUS
"5' 9""",1.75m,Right-Handed,Aug 1 1991,"Laguna Niguel, CA, USA",316745.0,Brynn Boren,731.0,2016-02-22 00:00:00,2021-03-08,USA
,,,Jun 29 1981,,250060.0,Bucke Yavuz,787.0,2000-12-04 00:00:00,2001-12-10,TUR
"5' 9""",1.75m,Right-Handed,Jul 29 1998,"Nakhon Ratchasima, Thailand",321341.0,Bunyawi Thamchaiwat,410.0,2016-01-25 00:00:00,2025-08-18,THA
"5' 9""",1.75m,Right-Handed,Feb 25 2005,"Toronto, Canada",330432.0,Cadence Brace,320.0,2022-10-17 00:00:00,2025-08-18,CAN
,,Right-Handed,May 17 1985,"Lawrence, KS, USA",310209.0,Caitlin Collins,1016.0,2001-09-03 00:00:00,2001-12-10,USA
"5' 11""",1.80m,Right-Handed,Nov 15 1996,"Johannesburg, South Africa",320818.0,Caitlin Herb,1292.0,2016-02-22 00:00:00,2016-02-22,RSA
"5' 8""",1.74m,Right-Handed,Feb 19 1988,"Boston, MA, USA",312052.0,Caitlin Whoriskey,268.0,2011-02-21 00:00:00,2018-10-15,USA
"5' 7""",1.70m,Right-Handed,Feb 03 1991,"Caracal, Romania",313213.0,Camelia Hristea,616.0,2008-10-27 00:00:00,2016-07-18,ROU
,,Right-Handed,Sep 29 1995,"El Paso, TX, United States",318612.0,Camila Fuentes,727.0,2014-11-03 00:00:00,2016-02-22,MEX
,,,Aug 24 1996,"Asunción, Paraguay",318838.0,Camila Giangreco Campiz,520.0,2013-06-17 00:00:00,2019-09-16,PAR
"5' 9""",1.75m,Right-Handed,Oct 05 1998,"Guayaquil, Ecuador",323775.0,Camila Romero,873.0,2018-03-19 00:00:00,2025-08-18,ECU
"5' 6""",1.68m,Right-Handed,Oct 30 1992,"Valparaiso, Chile",315692.0,Camila Silva,410.0,2010-12-20 00:00:00,2014-03-24,CHI
,,Right-Handed,Sep 30 2003,"Casale Monferrato, Italy",330972.0,Camilla Gennaro,1174.0,2023-08-21 00:00:00,2025-08-18,ITA
,,Right-Handed,Apr 13 1984,,80448.0,Camilla Hsu,1165.0,2001-09-03 00:00:00,2001-12-10,GBR
,,,,,110387.0,Camilla Kremer,289.0,2000-12-04 00:00:00,2003-08-04,GER
,,Right-Handed,May 23 1987,,311957.0,Camilla Lundberg,1308.0,2005-12-05 00:00:00,2005-12-05,SWE
,,Right-Handed,Jul 9 1994,"Imola, Italy",319441.0,Camilla Scala,393.0,2016-01-25 00:00:00,2022-04-25,ITA
,,Right-Handed,Mar 26 2003,"Verona, Italy",329135.0,Camilla Zanolini,899.0,2023-08-21 00:00:00,2025-08-18,ITA
,,Right-Handed,Jul 23 1993,"Gueugnon, France",317273.0,Camille Cheli,855.0,2014-11-03 00:00:00,2016-02-22,FRA
"5' 4""",1.62m,Right-Handed,Aug 25 1981,"Nice, France",160363.0,Camille Pin,61.0,2000-12-04 00:00:00,2010-08-16,FRA
,,,Jan 1 1991,"Rennes, France",313050.0,Camille Sapene,881.0,2006-12-04 00:00:00,2008-11-03,FRA
,,Right-Handed,Jul 7 1979,,140207.0,Candela Novoa,583.0,2000-12-04 00:00:00,2001-12-10,ARG
,,Left-Handed,Aug 15 2008,"San Pedro, Argentina",333123.0,Candela Vazquez,887.0,2023-08-21 00:00:00,2025-08-18,ARG
,,Right-Handed,Feb 7 1980,,100103.0,Candice De La Torre,406.0,2000-12-04 00:00:00,2003-08-25,USA
,,Right-Handed,Mar 31 1982,"Sarasota, FL, USA",60283.0,Candice Fuchs,775.0,2000-12-04 00:00:00,2001-09-03,USA
,,,Apr 21 1980,"Croix, France",180427.0,Capucine Rousseau,118.0,2000-12-04 00:00:00,2007-05-07,FRA
"5' 6""",1.68m,,Feb 17 1979,"Harare, Zimbabwe",20351.0,Cara Black,34.0,2000-12-04 00:00:00,2008-11-03,ZIM
,,Left-Handed,Jan 17 2005,"Bucharest, Romania",332238.0,Cara Maria Mester,1227.0,2023-08-21 00:00:00,2023-08-21,ROU
,,Right-Handed,Sep 15 1991,"Siegen-Netphen, Germany",110501.0,Carina Kaempfer,1234.0,2000-12-04 00:00:00,2000-12-25,GER
"5' 10""",1.77m,,Feb 16 1995,"Wentorf bei Hamburg, Germany",317536.0,Carina Witthoeft,48.0,2011-02-21 00:00:00,2019-09-16,GER
,,Right-Handed,Apr 28 1975,"Grenoble, France",20993.0,Carine Bornu,267.0,2000-12-04 00:00:00,2002-06-03,FRA
"5' 5""",1.65m,Right-Handed,Jun 7 1984,"Stellenbosch, South Africa",310196.0,Carine Vermeulen,901.0,2001-09-03 00:00:00,2002-06-03,RSA
,,Right-Handed,Nov 17 1982,,10345.0,Carla Andrade,805.0,2000-12-04 00:00:00,2001-12-10,BRA
"5' 4""",1.62m,Right-Handed,Oct 5 1980,"Edinburgh, Scotland",10289.0,Carla Arguelles,579.0,2000-12-04 00:00:00,2001-09-03,GBR
"5' 7""",1.70m,Right-Handed,Oct 2 1981,"Fortaleza, Brazil",20665.0,Carla Bastos,1163.0,2000-12-04 00:00:00,2001-12-10,BRA
"5' 2""",1.58m,Right-Handed,May 29 1990,"Las Varillas, Argentina",314314.0,Carla Beltrami,436.0,2008-06-23 00:00:00,2010-07-12,ARG
,,Right-Handed,Jan 26 1995,,317513.0,Carla Bruzzesi Avella,849.0,2014-01-20 00:00:00,2014-01-20,ARG
,,,Nov 23 1988,"Resende, Portugal",312023.0,Carla Caetano,1336.0,2006-12-04 00:00:00,2006-12-04,POR
,,Right-Handed,Jan 11 1994,"São Paulo, Brazil",316576.0,Carla Forte,421.0,2011-02-21 00:00:00,2014-04-14,BRA
,,Right-Handed,Mar 18 1985,"Latina, Italy",70511.0,Carla Genovese,1384.0,2005-12-05 00:00:00,2005-12-05,ITA
,,,Jun 29 1964,"Manhattan Beach, CA, USA",315189.0,Carla Lucero,371.0,2009-08-24 00:00:00,2021-03-08,ARG
,,Left-Handed,Apr 28 2006,"Buenos Aires, Argentina",330727.0,Carla Markus,841.0,2023-08-21 00:00:00,2025-08-18,ARG
"5' 4""",1.62m,Right-Handed,Sep 03 1988,"Las Palmas de Gran Canaria, Spain",311338.0,Carla Suárez Navarro,6.0,2004-10-18 00:00:00,2021-11-08,ESP
,,Left-Handed,May 15 1981,"Rio Claro, Brazil",200239.0,Carla Tiene,256.0,2000-12-04 00:00:00,2010-04-26,BRA
,,Right-Handed,Aug 30 1996,"Montbrison, France",319907.0,Carla Touly,558.0,2014-01-20 00:00:00,2021-03-08,FRA
,,,Jan 5 1982,,190858.0,Carlota Santos,1147.0,2000-12-04 00:00:00,2001-12-10,POR
"5' 10""",,,Nov 26 1986,"Cincinnati, OH, USA",310089.0,Carly Gullickson,123.0,2001-12-10 00:00:00,2011-05-30,USA
,,Right-Handed,Nov 5 1981,"Chichester, England",80398.0,Carly Homewood,664.0,2000-12-04 00:00:00,2003-08-04,GBR
,,Right-Handed,Jun 23 1986,"Taverny, France",313073.0,Carly Petit,1339.0,2005-12-05 00:00:00,2005-12-05,FRA
"5' 7""",1.70m,Right-Handed,Nov 28 2005,"Bucharest, Romania",332097.0,Carmen Andreea  Herea,915.0,2023-08-21 00:00:00,2025-08-18,ROU
"5' 6""",1.68m,Right-Handed,Jul 25 1995,"Caracas, Venezuela",318573.0,Carmen Blanco,924.0,2012-08-06 00:00:00,2012-08-06,VEN
"5' 5""",1.65m,Right-Handed,Sep 17 2001,"Albuquerque, United States",327764.0,Carmen Corley,942.0,2023-08-21 00:00:00,2025-02-03,USA
,,,Jun 20 1979,,70385.0,Carmen Gajo,616.0,2000-12-04 00:00:00,2001-09-03,ESP
"5' 7""",1.72m,,Jan 08 1987,"Munich, Germany",311649.0,Carmen Klaschka,167.0,2004-09-13 00:00:00,2011-05-30,GER
,,Right-Handed,Apr 23 2005,"Alcira, Spain",330508.0,Carmen Lopez Martinez,1037.0,2023-08-21 00:00:00,2025-08-18,ESP
,,Right-Handed,Mar 30 1991,"Madrid, Spain",314226.0,Carmen Lopez-Blanco,911.0,2008-11-03 00:00:00,2008-11-03,ESP
,,Right-Handed,Jan 3 1990,"Almeria, Spain",313703.0,Carmen Lopez-Rueda,581.0,2006-12-04 00:00:00,2013-10-07,ESP
,,,Jun 18 1983,,130689.0,Carmen Marquez Salas,1024.0,2000-12-04 00:00:00,2000-12-25,ESP
,,Right-Handed,Sep 3 1986,"Caserta, Italy",310155.0,Carmen Pinto,723.0,2005-12-05 00:00:00,2009-08-24,ITA
,,,Jan 1 1984,,200355.0,Carmen Raluca Tibuleac,705.0,2004-09-27 00:00:00,2005-12-05,ROU
,,Right-Handed,May 24 1991,"Toronto, Canada",315764.0,Carmen Sandor,978.0,2011-02-21 00:00:00,2011-02-21,CAN
,,Right-Handed,Jun 4 1999,"Biberach, Germany",322471.0,Carmen Schultheiss,754.0,2019-09-16 00:00:00,2021-03-29,GER
,,Right-Handed,Dec 21 2001,"Saipan, Northern Mariana Islands",329383.0,Carol Young Suh Lee,854.0,2022-10-24 00:00:00,2025-08-18,USA
,,Right-Handed,Apr 20 2001,"Busto Arsizio, Italy",326882.0,Carola Cavelli,1263.0,2023-08-21 00:00:00,2025-08-18,ITA
,,,Apr 10 1987,"Valencia, Spain",310691.0,Carola Gonzalez King,1118.0,2005-12-05 00:00:00,2006-12-04,ESP
"5' 11""",1.81m,Right-Handed,Jun 10 1992,"Paderborn, Germany",316330.0,Carolin Daniels,363.0,2011-11-28 00:00:00,2016-10-10,GER
,,Right-Handed,Sep 15 2007,"Florianopolis, Brazil",331966.0,Carolina  Bohrer Martins,863.0,2023-08-21 00:00:00,2025-08-18,BRA
,,Right-Handed,Mar 31 1993,"San Luis Potosi, Mexico",315679.0,Carolina Betancourt,600.0,2011-02-21 00:00:00,2016-02-22,MEX
"5' 7""",1.70m,Right-Handed,Jun 12 1995,"Cordoba, Argentina",317777.0,Carolina Costamagna,814.0,2012-08-06 00:00:00,2013-10-07,ARG
,,Right-Handed,Sep 11 1978,"Malaga, Spain",70350.0,Carolina Gago Fuentes,632.0,2006-12-04 00:00:00,2008-02-18,ESP
"5' 9""",1.76m,,Feb 26 1975,"Cali, Colombia",329670.0,Carolina Gomez,902.0,2022-10-24 00:00:00,2025-06-30,ESP
,,Right-Handed,Jan 1 1988,"Maceio, Brazil",311642.0,Carolina Malheiros,921.0,2005-08-22 00:00:00,2006-12-18,BRA
"5' 10""",1.78m,Right-Handed,Jul 4 1991,"Rome, Italy",316225.0,Carolina Orsi,849.0,2011-12-19 00:00:00,2011-12-19,ITA
,,Right-Handed,Mar 28 1992,"Rome, Italy",314993.0,Carolina Pillot,364.0,2010-07-05 00:00:00,2016-02-22,ITA
,,Right-Handed,Jul 23 1992,"Mallorca, Spain",314930.0,Carolina Prats-Millan,677.0,2011-12-19 00:00:00,2012-08-06,ESP
,,,May 7 1982,,180365.0,Carolina Rodriguez,467.0,2000-12-04 00:00:00,2002-06-03,ESP
,,Right-Handed,May 10 1986,"San Roque, Brazil",310351.0,Carolina Salge,1188.0,2001-12-10 00:00:00,2001-12-10,BRA
,,Right-Handed,Feb 5 2005,"Florianopolis, Brazil",331306.0,Carolina Xavier Laydner,1301.0,2023-08-21 00:00:00,2025-06-16,BRA
,,Right-Handed,Nov 27 1990,"Mar del Plata, Argentina",315084.0,Carolina Zeballos,372.0,2011-02-21 00:00:00,2014-11-03,ARG
"5' 6""",1.68m,Right-Handed,Jul 11 1983,"Wolfsburg, Germany",20583.0,Caroline Ann Basu,396.0,2000-12-04 00:00:00,2004-03-08,GER
"5' 5""",1.65m,Right-Handed,Nov 20 1986,"Liege, Belgium",310406.0,Caroline Bailly,864.0,2005-08-22 00:00:00,2005-12-05,BEL
"6' 0""",1.83m,Right-Handed,Jun 13 1973,"Six fours les Plages, France",40146.0,Caroline Dhenin,307.0,2000-12-04 00:00:00,2005-08-22,FRA
,,Right-Handed,Mar 16 1976,,70331.0,Caroline Germar,831.0,2000-12-04 00:00:00,2001-04-23,GER
,,Right-Handed,Aug 1 1998,"Vienna, Austria",325133.0,Caroline Ilowska,1212.0,2016-02-22 00:00:00,2016-02-22,AUT
"5' 11""",1.80m,Right-Handed,Jun 6 1984,"Nuernberg, Germany",110574.0,Caroline Korsawe,637.0,2001-09-03 00:00:00,2003-08-04,GER
"5' 6""",1.68m,Right-Handed,Jul 26 1997,"Leesburg, VA, USA",321255.0,Caroline Lampl,634.0,2022-10-24 00:00:00,2022-10-31,USA
"5' 9""",1.75m,Right-Handed,Mar 23 1987,"Sodertalje, Sweden",312386.0,Caroline Larsson,1030.0,2006-12-04 00:00:00,2006-12-18,SWE
"5' 6""",1.67m,Right-Handed,Nov 09 1982,"Dendermonde, Belgium",130654.0,Caroline Maes,151.0,2000-12-04 00:00:00,2009-05-25,BEL
"5' 7""",1.70m,Right-Handed,Jan 1 1990,"Bjarred, Sweden",313165.0,Caroline Magnusson,1032.0,2008-11-03 00:00:00,2008-11-03,SWE
,,Right-Handed,Feb 4 1984,,140230.0,Caroline Neves,1116.0,2001-09-03 00:00:00,2001-12-10,BRA
"5' 8""",1.72m,Right-Handed,Jan 22 1988,"Augsburg, Germany",312698.0,Caroline Nothnagel,1265.0,2005-12-05 00:00:00,2006-12-18,GER
"5' 11""",1.80m,Left-Handed,Mar 13 1993,"Duluth, GA, USA",317239.0,Caroline Price,805.0,2016-02-22 00:00:00,2016-02-22,USA
,,,Mar 17 1984,"Worms, Germany",180389.0,Caroline Raba,401.0,2000-12-04 00:00:00,2002-06-03,GER
"5' 10""",1.78m,Right-Handed,Apr 10 1992,"Blommenholm, Norway",315320.0,Caroline Rohde-Moe,853.0,2011-12-19 00:00:00,2016-02-22,NOR
,,Right-Handed,Jul 16 1994,"Marseille, France",318180.0,Caroline Romeo,401.0,2011-12-19 00:00:00,2025-06-30,FRA
,,Right-Handed,Mar 11 1976,"Albi, France",180298.0,Caroline Rossel,1197.0,2000-12-04 00:00:00,2000-12-25,FRA
"5' 10""",1.78m,Left-Handed,Jun 01 1973,"Munich, Germany",190134.0,Caroline Schneider,490.0,2000-12-04 00:00:00,2006-12-18,GER
,,Left-Handed,Apr 29 1982,"Oslo, Norway",200313.0,Caroline Tidemand,1039.0,2000-12-04 00:00:00,2001-12-10,NOR
"5' 8""",1.72m,Right-Handed,Apr 8 1993,"Lyon, France",330418.0,Caroline Vernet,1238.0,2023-08-21 00:00:00,2023-08-21,FRA
"5' 4""",1.62m,Right-Handed,Dec 29 2000,"Greensboro, NC, USA",331593.0,Carolyn Ansari,796.0,2022-10-24 00:00:00,2025-08-18,USA
"5' 5""",1.65m,Left-Handed,Feb 11 1985,"Perth, Australia",310730.0,Casey Dellacqua,26.0,2002-06-03 00:00:00,2016-08-01,AUS
"5' 8""",1.72m,Right-handed,Jun 13 1991,"Radnor, PA, USA",319208.0,Casey Robinson,859.0,2013-10-07 00:00:00,2013-10-07,USA
"5' 9""",1.75m,Right-Handed,Oct 19 1982,"Eau Claire, Wisconsin",20643.0,Cassandra Barr,471.0,2000-12-04 00:00:00,2008-11-03,AUS
,,Right-Handed,Nov 30 1985,,313945.0,Cassandra Chan,976.0,2006-12-04 00:00:00,2008-11-03,AUS
,,,Jan 16 1985,,310411.0,Catalina Angeleri,1045.0,2001-12-10 00:00:00,2001-12-10,ARG
,,,Nov 12 1987,"Santiago, Chile",312616.0,Catalina Arancibia,718.0,2006-11-13 00:00:00,2006-12-18,CHI
"5' 7""",1.71m,Right-Handed,Jul 07 1979,"Pereira, Colombia",30360.0,Catalina Castaño,35.0,2000-12-04 00:00:00,2014-10-13,COL
"5' 8""",1.73m,Right-Handed,Jun 02 1975,"Bucharest, Romania",30226.0,Catalina Cristea,117.0,2000-12-04 00:00:00,2002-06-03,ROM
,,Right-Handed,Jan 31 1993,"Bahia Blanca, Argentina",316543.0,Catalina Pella,173.0,2011-02-21 00:00:00,2021-03-29,ARG
"5' 4""",1.62m,Right-Handed,Feb 09 1984,"Lisbon, Portugal",310889.0,Catarina Ferreira,456.0,2005-08-22 00:00:00,2009-08-24,POR
,,,,,331560.0,Catarina Mellei Ibiaraba Melleiro,1097.0,2023-08-21 00:00:00,2025-08-18,BRA
,,Right-Handed,May 7 2004,"Rosebery, Australia",330269.0,Catherine Aulia,837.0,2022-10-24 00:00:00,2025-08-18,AUS
"5' 7""",1.71m,,Jun 12 1973,"Sydney, Australia",20260.0,Catherine Barclay-Reitz,474.0,2000-12-04 00:00:00,2001-05-28,AUS
"5' 6""",1.68m,Right-Handed,Apr 08 1999,"San Francisco, California",322526.0,Catherine Bellis,35.0,2014-09-22 00:00:00,2022-04-18,USA
,,Right-Handed,Mar 19 1993,"Hannut, Belgium",318459.0,Catherine Chantraine,644.0,2012-08-06 00:00:00,2019-09-16,BEL
,,Right-Handed,Nov 13 1988,,313027.0,Catherine Fall,1240.0,2005-12-05 00:00:00,2005-12-05,GBR
"5' 5""",1.65m,Right-Handed,Apr 9 1994,"Memphis, TN, USA",317900.0,Catherine Harrison,214.0,2011-02-21 00:00:00,2025-06-30,USA
,,Right-Handed,Aug 4 1980,"Verdier, Belgique",80412.0,Catherine Henuzet,1008.0,2000-12-04 00:00:00,2000-12-25,BEL
,,Right-Handed,Jun 9 1993,"Quebec, Canada",319384.0,Catherine Leduc,864.0,2018-03-19 00:00:00,2021-03-08,CAN
,,,Dec 6 1972,,200260.0,Catherine Turinsky,753.0,2000-12-04 00:00:00,2001-12-10,GER
"5' 11""",,Right-Handed,Nov 20 2001,"Cincinnati, OH, US",325725.0,Caty Mcnally,54.0,2018-03-05 00:00:00,2025-08-18,USA
,,Right-Handed,Oct 30 1985,,310333.0,Cecile Baijot,815.0,2005-08-22 00:00:00,2005-12-05,BEL
,,,Jan 1 1980,"Mantes La Jolie, France",120431.0,Cecile Leclere,784.0,2000-12-04 00:00:00,2001-09-03,FRA
,,,Apr 25 1983,"Zarate, Argentina",312450.0,Cecilia Cardenas,975.0,2005-08-22 00:00:00,2005-12-05,ARG
"5' 3""",1.60m,,Dec 26 1992,"Viña del Mar, Chile",331552.0,Cecilia Costa,1246.0,2023-08-21 00:00:00,2023-08-21,BRA
"5' 3""",1.60m,,Dec 26 1992,"Viña del Mar, Chile",316529.0,Cecilia Costa Melgar,367.0,2008-11-03 00:00:00,2014-11-03,CHI
"5' 10""",1.78m,,Feb 26 1992,"Helsinki, Finland",316665.0,Cecilia Estlander,985.0,2011-02-21 00:00:00,2011-02-21,FIN
,,,Jan 24 1981,"Montevideo, Uruguay",70424.0,Cecilia Guillenea,465.0,2000-12-04 00:00:00,2001-09-03,URU
,,,Apr 30 1981,,160503.0,Cecilia Perez Audero,865.0,2001-09-03 00:00:00,2002-06-03,ARG
,,,,,170023.0,Cecilia Quarracino,747.0,2001-09-03 00:00:00,2003-08-04,ARG
,,Right-Handed,,,318404.0,Cecilie Melsted,1159.0,2016-02-22 00:00:00,2016-02-22,DEN
,,,Feb 17 1978,"Buenos Aires, Argentina",30351.0,Celeste Contin,349.0,2000-12-04 00:00:00,2003-09-15,ARG
,,Right-Handed,Jul 26 2000,"Libreville, Gabon",326365.0,Celestine Avomo Ella,1113.0,2019-09-16 00:00:00,2021-03-08,GAB
,,,,,311793.0,Celia Gil,804.0,2004-10-18 00:00:00,2005-12-05,ESP
,,Right-Handed,Apr 27 2002,"Montargis, France",329179.0,Celia Mohr,1171.0,2021-03-08 00:00:00,2021-03-08,FRA
,,,Feb 7 1986,"Westerkappeln, Germany",311420.0,Celine Beermann,707.0,2004-09-27 00:00:00,2005-12-05,GER
"5' 7""",1.70m,,Feb 25 1975,"Bayonne, France",20479.0,Celine Beigbeder,84.0,2000-12-04 00:00:00,2004-10-18,FRA
,,Right-Handed,Feb 20 1982,"Metz, France",311298.0,Celine Cattaneo,340.0,2005-08-22 00:00:00,2013-06-17,FRA
,,Right-Handed,Aug 12 1982,"Strassen, Luxembourg",310396.0,Celine Francois,816.0,2001-12-10 00:00:00,2003-07-21,LUX
,,Right-Handed,Jan 25 1991,"Denain, France",314840.0,Celine Ghesquiere,615.0,2011-02-21 00:00:00,2013-10-07,FRA
"5' 7""",1.70m,,Oct 17 1974,"Le Mans, France",180280.0,Celine Regnier,812.0,2000-12-04 00:00:00,2002-06-03,FRA
,,Right-Handed,Jul 23 2004,,330392.0,Celine Simunyu,892.0,2023-08-21 00:00:00,2025-08-18,IRL
,,Right-Handed,Oct 27 1993,"Istanbul, Turkey",317374.0,Cemre Anil,846.0,2016-02-22 00:00:00,2021-03-08,TUR
,,Right-Handed,Jun 6 1983,"Dublin, Ireland",110480.0,Ceyda Keyman,1170.0,2000-12-04 00:00:00,2000-12-25,TUR
"5' 7""",1.70m,Right-Handed,Oct 18 1995,"Pompano Beach, FL, USA",319689.0,Chalena Scholl,436.0,2011-12-19 00:00:00,2014-04-14,USA
"5' 6""",1.68m,,Feb 18 1976,"Lafayette, LO, USA",180175.0,Chanda Rubin,7.0,2000-12-04 00:00:00,2007-08-13,USA
"5' 5""",1.65m,Left-Handed,Aug 10 1992,"Kempton Park, South Africa",315735.0,Chanel Simmonds,158.0,2010-01-25 00:00:00,2022-05-02,RSA
"5' 8""",1.74m,,Mar 13 1984,"Harrismith, South Africa",190873.0,Chanelle Scheepers,37.0,2001-08-20 00:00:00,2016-01-25,RSA
,,Right-Handed,Jan 19 1994,"Miami, FL, USA",316278.0,Chanelle Van Nguyen,350.0,2011-02-21 00:00:00,2022-11-14,USA
,,Left-Handed,Aug 1 1990,"Shanghai, China",313230.0,Chang Liu,171.0,2011-01-17 00:00:00,2021-10-11,CHN
"5' 10""",1.78m,Right-Handed,Aug 2 1988,"Beijing, China",312808.0,Chang Xu,1277.0,2006-12-04 00:00:00,2006-12-18,CHN
,,Right-Handed,Aug 5 1995,"Nakhon Ratchasima, Thailand",320814.0,Chanikarn Silakul,1292.0,2016-02-22 00:00:00,2016-02-22,THA
,,Right-Handed,Nov 21 1988,"Brossard, Canada",311530.0,Chantal Beetham,956.0,2006-12-04 00:00:00,2006-12-18,CAN
,,Right-Handed,Jul 2 1981,,30446.0,Chantal Coombs,465.0,2000-12-04 00:00:00,2005-12-05,GBR
"5' 8""",1.74m,Right-Handed,May 8 2002,"Sindelfingen, Germany",326247.0,Chantal Sauvant,524.0,2019-09-16 00:00:00,2025-08-18,GER
"5' 7""",1.69m,,Sep 04 1993,"Banská Bystrica, Slovakia",316772.0,Chantal Skamlova,218.0,2011-02-21 00:00:00,2021-10-11,SVK
"5' 6""",1.67m,Right-Handed,Aug 1 1993,"Perpignan, France",316677.0,Charlene Seateun,397.0,2011-12-19 00:00:00,2013-10-07,FRA
"5' 9""",1.76m,Right-Handed,Jul 27 1986,"Cabries, France",311258.0,Charlene Vanneste,559.0,2004-09-27 00:00:00,2008-11-03,FRA
,,,Sep 25 1979,,120404.0,Charlotta Larsson,818.0,2000-12-04 00:00:00,2002-06-03,SWE
,,,Dec 01 1977,,10240.0,Charlotte Aagaard,731.0,2000-12-04 00:00:00,2001-12-10,DEN
"5' 4""",1.62m,Right-Handed,Mar 26 1990,"Koekelare, Belgium",313904.0,Charlotte Bossy,803.0,2006-11-13 00:00:00,2006-12-18,BEL
"5' 11""",1.80m,Right-Handed,Apr 13 2002,"Fullerton, CA, USA",328291.0,Charlotte Chavatipon,612.0,2019-11-25 00:00:00,2025-01-06,USA
"5' 10""",1.78m,Right-Handed,Sep 11 2004,"Glengowrie, Australia",329351.0,Charlotte Kempenaers-Pocz,776.0,2021-03-08 00:00:00,2022-10-31,AUS
"5' 9""",1.76m,Right-Handed,Oct 9 1995,"Hankensbuettel, Germany",319572.0,Charlotte Klasen,676.0,2014-10-13 00:00:00,2016-02-22,GER
"5' 11""",1.80m,Left-Handed,Jan 12 1999,"Montreal, Canada",322213.0,Charlotte Robillard-Millette,556.0,2014-11-03 00:00:00,2018-10-15,CAN
,,Right-Handed,Nov 30 1991,,313277.0,Charlotte Rodier,496.0,2008-06-23 00:00:00,2011-12-19,FRA
"5' 7""",1.71m,Right-Handed,Jan 08 1994,"Baños de Agua Santa, Ecuador",318789.0,Charlotte Roemer,541.0,2014-11-03 00:00:00,2021-03-29,ECU
,,Right-Handed,Aug 26 1982,"Exeter, England",230281.0,Charlotte Wallace,1173.0,2001-09-03 00:00:00,2001-12-10,GBR
,,Right-Handed,Feb 25 2000,"Singapore, Singapore",328506.0,Charmaine Seah,1050.0,2019-09-16 00:00:00,2021-03-08,SIN
,,Right-Handed,Oct 5 1982,,200311.0,Chattida Thimjapo,581.0,2001-12-10 00:00:00,2003-08-25,THA
,,Right-Handed,Aug 17 1988,"Barendrecht, Netherlands",311337.0,Chayenne Ewijk,229.0,2005-08-22 00:00:00,2018-07-16,NED
,,Right-Handed,Sep 12 1983,,20558.0,Cheli Bargil,573.0,2000-12-04 00:00:00,2005-12-05,ISR
,,Right-Handed,Jun 25 2004,"Kaiseraugst, Switzerland",330983.0,Chelsea Fontenel,760.0,2023-08-21 00:00:00,2025-08-18,SUI
,,Right-Handed,Sep 23 1999,"Genk, Belgium",323491.0,Chelsea Vanhoutte,868.0,2018-03-19 00:00:00,2023-08-21,BEL
"5' 11""",1.80m,,Aug 29 1990,"Houston, TX, U.S.",314125.0,Chelsey Gullickson,399.0,2006-12-04 00:00:00,2013-09-16,USA
"5' 1""",1.56m,,Feb 25 1990,"Holon, Israel",312890.0,Chen Astrogo,491.0,2005-12-05 00:00:00,2011-02-21,ISR
"5' 5""",1.65m,Right-Handed,Mar 13 1971,"Xiangtan, China",30573.0,Chen Li,1246.0,2000-12-04 00:00:00,2000-12-25,CHN
"5' 8""",1.72m,Right-Handed,Feb 25 1989,"Xuzhou, China",311975.0,Chen Liang,342.0,2005-08-22 00:00:00,2016-07-18,CHN
,,,Feb 13 1985,,310795.0,Chen-Chen Gao,1193.0,2005-12-05 00:00:00,2005-12-05,CHN
,,,Feb 16 1984,,310342.0,Cheng-Jie Lu,1117.0,2005-08-22 00:00:00,2005-12-05,CHN
,,Right-Handed,Aug 24 2000,,324575.0,Chengyiyi Yuan,561.0,2018-03-19 00:00:00,2025-08-18,CHN
,,Right-Handed,,,325163.0,Cherry Kim,1213.0,2019-09-16 00:00:00,2025-08-18,KOR
,,,Jul 17 1986,,318780.0,Chia Hsien Yang,945.0,2013-10-07 00:00:00,2013-10-07,TPE
,,Right-Handed,Dec 2 2003,"New Taipei City, Taiwan",331669.0,Chia Yi Tsao,476.0,2023-08-21 00:00:00,2025-08-18,TPE
"5' 6""",1.68m,,Jan 10 1985,"Kaohsiung, Taiwan",310084.0,Chia-Jung Chuang,177.0,2001-09-03 00:00:00,2018-03-19,TPE
,,,,,140206.0,Chiaki Nakajima,786.0,2000-12-04 00:00:00,2003-03-24,JPN
"5' 6""",1.67m,Right-Handed,Oct 29 1986,"Saitama, Japan",313271.0,Chiaki Okadaue,248.0,2005-12-05 00:00:00,2016-02-22,JPN
,,Right-Handed,Jul 17 1999,"Rome, Italy",323764.0,Chiara Catini,768.0,2021-03-08 00:00:00,2021-10-11,ITA
,,Right-Handed,Feb 21 2004,"Buenos Aires, Argentina",329231.0,Chiara Di Genova,733.0,2023-08-21 00:00:00,2025-06-30,ARG
,,Right-Handed,Aug 24 0996,"Bergdietikon, Switzerland",319362.0,Chiara Frapolli,1109.0,2016-02-22 00:00:00,2016-02-22,SUI
,,Right-Handed,Dec 14 2002,"Perugia, Italy",328482.0,Chiara Girelli,777.0,2022-10-24 00:00:00,2025-08-18,ITA
,,Right-Handed,Jan 28 1997,"Tagerwilen, Switzerland",320541.0,Chiara Grimm,539.0,2013-10-07 00:00:00,2021-03-08,SUI
,,Right-Handed,,"Rimini, Italy",317364.0,Chiara Mendo,754.0,2011-02-21 00:00:00,2013-10-07,ITA
,,Jul 05 1992,May 17 1993,,316050.0,Chiara Scholl,164.0,2009-08-24 00:00:00,2024-05-06,USA
,,,,,140168.0,Chie Nagano,1102.0,2001-12-10 00:00:00,2001-12-10,JPN
,,,Jan 14 1992,"Taipei, Taiwan",314181.0,Chieh-Yu Hsu,224.0,2008-11-03 00:00:00,2025-08-18,TPE
"5' 3""",1.61m,Left-Handed,May 22 1998,"Kōfu, Japan",323095.0,Chihiro Muramatsu,205.0,2016-02-22 00:00:00,2025-08-18,JPN
"5' 3""",1.61m,Right-Handed,Jun 26 1992,"Toyama, Japan",317825.0,Chihiro Nunome,646.0,2011-12-19 00:00:00,2017-04-10,JPN
,,,Feb 10 1991,,314460.0,Chihiro Takayama,409.0,2008-11-03 00:00:00,2023-08-21,JPN
,,Right-Handed,May 04 1977,"Perak, Malaysia",110279.0,Chin Bee Khoo,329.0,2000-12-04 00:00:00,2004-09-06,MAS
"5' 7""",1.69m,Right-Handed,Jan 08 1985,"Kaohsiung, Taiwan",310083.0,Chin-Wei Chan,152.0,2001-09-03 00:00:00,2018-03-19,TPE
,,,,,316660.0,Chinami Ogi,376.0,2008-11-03 00:00:00,2014-01-20,JPN
,,Right-Handed,Aug 19 1996,"Kaohsiung, Taiwan",318779.0,Ching-Wen Hsu,317.0,2013-10-07 00:00:00,2021-03-08,TPE
,,,,,310141.0,Chirashanthi Rajur,1221.0,2005-12-05 00:00:00,2005-12-05,IND
,,Right-Handed,Mar 26 1996,"Tokyo, Japan",319181.0,Chisa Hosonuma,854.0,2013-10-07 00:00:00,2023-08-21,JPN
,,,,,90097.0,Chisayo Ito,378.0,2000-12-04 00:00:00,2004-09-27,JPN
,,Right-Handed,Mar 6 1992,"Saint-Denis, Réunion, France",314926.0,Chloe Babet,606.0,2008-11-03 00:00:00,2009-08-24,FRA
,,,Mar 3 1982,"Bastia, France",30457.0,Chloe Carlotti,434.0,2000-12-04 00:00:00,2002-06-03,FRA
,,,Mar 25 1985,"Lyon, France",311890.0,Chloe Gambey,1272.0,2006-12-04 00:00:00,2006-12-18,FRA
"5' 6""",1.68m,,Jun 17 1975,"Silsbee, TX, U.S.",313924.0,Chloe Jones,680.0,2009-08-24 00:00:00,2011-02-21,USA
,,,,,313876.0,Chloe Mielgo Herrera,887.0,2006-12-04 00:00:00,2006-12-18,MEX
,,Right-Hande,Mar 22 2004,"Neuville sur Sarthe, France",330408.0,Chloe Noel,808.0,2022-10-24 00:00:00,2025-08-18,FRA
,,,Oct 4 1988,,313956.0,Chloe West,1382.0,2006-12-04 00:00:00,2006-12-04,AUS
,,,,,314128.0,Cho-Won Lee,730.0,2006-12-04 00:00:00,2008-11-03,KOR
,,Right-Handed,Nov 03 1995,,321339.0,Chompoothip Jundakate,662.0,2016-02-22 00:00:00,2021-03-29,THA
"5' 10""",1.78m,,Jan 21 1983,"San Luis Potosi, Mexico",130684.0,Chris Martinez,1188.0,2000-12-04 00:00:00,2001-09-03,MEX
"5' 10""",1.78m,Left-Hande,Sep 2 1987,"Glen Allen, VA, USA",310529.0,Chrissie Seredni,606.0,2004-09-27 00:00:00,2007-03-12,USA
,,,,,130751.0,Christa Magister,1213.0,2001-09-03 00:00:00,2001-12-10,AUT
"5' 6""",1.68m,Right-Handed,Oct 15 1992,"Bloemfontein, South Africa",314798.0,Christi Potgieter,644.0,2010-01-25 00:00:00,2010-04-26,RSA
"5' 6""",1.68m,Right-Handed,Sep 13 1984,"Las Vegas, NV, USA",200347.0,Christian Thompson,1152.0,2001-12-10 00:00:00,2001-12-10,USA
,,,,,80374.0,Christiane Hoppmann,476.0,2000-12-04 00:00:00,2004-10-18,GER
,,,Oct 1 1982,,60278.0,Christina Fitz,335.0,2000-12-04 00:00:00,2004-09-06,GER
"5' 4""",1.63m,Right-Handed,Nov 27 1980,"Sacramento, CA, USA",310969.0,Christina Fusano,417.0,2004-05-03 00:00:00,2007-06-18,USA
,,,Nov 19 1983,"Sydney, Australia",80403.0,Christina Horiatopoulos,326.0,2002-06-03 00:00:00,2007-05-28,AUS
,,Right-Handed,May 29 1996,"Montreal, Canada",319501.0,Christina Makarova,589.0,2012-08-06 00:00:00,2014-11-03,USA
"5' 7""",1.70m,Right-Handed,May 11 1992,"Teaneck, NJ, USA",314917.0,Christina Mchale,24.0,2008-01-07 00:00:00,2025-08-18,USA
,,Right-Handed,Jul 25 1997,"Princeton, NJ, U.S.",324769.0,Christina Rosca,525.0,2022-10-24 00:00:00,2025-08-18,USA
,,Right-Handed,Apr 29 1994,"Lörrach, Germany",318714.0,Christina Shakovets,453.0,2011-08-22 00:00:00,2016-02-22,GER
"5' 3""",1.61m,,Apr 15 1982,"Korosten, Ukraine",230269.0,Christina Wheeler,147.0,2000-12-04 00:00:00,2009-05-25,AUS
,,Right-Handed,Aug 28 1974,"Athens, Greece",260040.0,Christina Zachariadou,358.0,2001-12-10 00:00:00,2004-10-18,GRE
,,,,,10378.0,Christine Alford,1216.0,2001-09-03 00:00:00,2001-09-03,AUS
,,,Sep 22 1994,,317486.0,Christine Kandler,638.0,2010-07-05 00:00:00,2011-02-21,AUT
,,Right-Handed,Feb 8 1988,"Halle, Germany",311104.0,Christine Sperling,482.0,2005-08-22 00:00:00,2006-12-18,GER
,,Right-Handed,Dec 12 1987,"Birmingham, AL, USA",312708.0,Christy Striplin,962.0,2005-12-05 00:00:00,2005-12-05,USA
,,,,,313916.0,Chu Chu,1402.0,2006-12-04 00:00:00,2006-12-04,CHN
"5' 8""",1.72m,,Feb 14 1986,"Jiangsu, China",310805.0,Chun-Mei Ji,352.0,2004-09-27 00:00:00,2011-02-21,CHN
,,,,,80383.0,Chun-Yan He,696.0,2000-12-04 00:00:00,2016-02-22,CHN
"5' 6""",1.67m,Right-Handed,Nov 25 1992,"Purmerend, Netherlands",317316.0,Cindy Burger,134.0,2011-02-21 00:00:00,2022-07-25,NED
,,Left-Handed,May 17 1991,"Saint-Cloud, France",313672.0,Cindy Chala,439.0,2006-12-04 00:00:00,2011-02-21,FRA
,,,Jan 1 1978,"Chestnut Hill, MA, USA",200331.0,Cindy Tow,851.0,2003-03-24 00:00:00,2003-03-24,USA
,,Right-Handed,Mar 24 1978,,230208.0,Cindy Watson,131.0,2000-12-04 00:00:00,2006-12-18,AUS
"5' 8""",1.73m,,Mar 10 1978,"Belfast, Northern Ireland",30312.0,Claire Curran,919.0,2001-09-03 00:00:00,2002-06-03,GBR
,,Left-Handed,Jul 18 1986,"Nice, France",312053.0,Claire De Gubernatis,196.0,2005-07-04 00:00:00,2012-03-19,FRA
"5' 10""",1.78m,,Feb 28 1986,"Grenoble, France",310981.0,Claire Feuerstein,110.0,2005-07-04 00:00:00,2017-07-10,FRA
,,,Dec 3 1979,"Toulouse, France",100146.0,Claire Jalade,770.0,2000-12-04 00:00:00,2004-10-18,FRA
,,Right-Handed,May 8 1987,,312410.0,Claire Lablans,1010.0,2005-12-05 00:00:00,2008-11-03,NED
,,,,,311159.0,Claire Peterzan,401.0,2004-10-18 00:00:00,2006-12-18,GBR
,,,Mar 21 1985,"Watford, England",180469.0,Claire Ricketts,752.0,2001-09-03 00:00:00,2006-12-18,GBR
,,Left-Handed,Feb 17 1975,"Banbury, England",200181.0,Claire Taylor,1060.0,2000-12-04 00:00:00,2000-12-25,GBR
"5' 5""",1.65m,Right-Handed,Aug 13 1996,"Ensuès-la-Redonne, France",320295.0,Clara Tanielian,1246.0,2016-02-22 00:00:00,2016-02-22,FRA
,,Right-Handed,Mar 3 2001,"Bruxelles, Belgique",328130.0,Clara Vlasselaer,398.0,2019-11-25 00:00:00,2025-08-18,BEL
"5' 10""",1.79m,Left-Handed,Aug 28 1981,"Córdoba, Argentina",60285.0,Clarisa Fernández,26.0,2000-12-04 00:00:00,2008-11-10,ARG
,,,Apr 2 1983,"San Salvador, El Salvador",10316.0,Claudia Argumedo,1173.0,2001-12-10 00:00:00,2001-12-10,ESA
"5' 5""",1.66m,Right-Handed,Dec 04 1994,"Naples, Italy",316926.0,Claudia Coppola,848.0,2013-10-07 00:00:00,2021-03-08,ITA
,,,Nov 15 1991,"Bucharest, Romania",314052.0,Claudia Dumitrescu,994.0,2011-02-21 00:00:00,2011-02-21,ROU
,,,Jan 22 1994,"Pitesti, Romania",317238.0,Claudia Enache,785.0,2011-02-21 00:00:00,2011-02-21,ROU
,,Right-Handed,Jul 18 1990,"Brindisi, Italy",313094.0,Claudia Giovine,257.0,2005-12-05 00:00:00,2022-05-02,ITA
,,Right-Handed,Nov 12 1998,"Barcelona, Spain",322428.0,Claudia Hoste Ferrer,510.0,2018-03-19 00:00:00,2025-08-18,ESP
,,Right-Handed,Jun 14 1982,"Parioli, Italy",90098.0,Claudia Ivone,416.0,2000-12-04 00:00:00,2006-06-05,ITA
,,,,,310189.0,Claudia Jorda-Fernandez,908.0,2005-08-22 00:00:00,2005-12-05,ESP
,,,Mar 28 1985,,310240.0,Claudia Kardys,406.0,2001-12-10 00:00:00,2004-10-18,GER
,,,,,110567.0,Claudia Kuleszka,438.0,2001-12-10 00:00:00,2005-12-05,GER
,,Right-Handed,Apr 18 1991,"Lima, Peru",314056.0,Claudia Razzeto,560.0,2006-12-04 00:00:00,2011-02-21,PER
,,,,,190785.0,Claudia Salgues,697.0,2000-12-04 00:00:00,2002-06-03,URU
,,,Feb 29 1996,"Wellington, New Zealand",319975.0,Claudia Williams,1183.0,2016-02-22 00:00:00,2016-02-22,NZL
"5' 7""",1.69m,,Aug 20 1983,"Luxembourg City,Luxembourg",190777.0,Claudine Schaul,41.0,2000-12-04 00:00:00,2013-06-17,LUX
,,Right-Handed,Apr 5 1986,"Lugano, Switzerland",311580.0,Clelia Melena,703.0,2011-02-21 00:00:00,2012-08-06,ITA
,,Right-Handed,Nov 1 1994,"Sainte-Geneviève-les-Bois, France",319463.0,Clemence Fayol,568.0,2016-02-22 00:00:00,2018-10-15,FRA
,,Right-Handed,Sep 28 1994,"Caracas, Venezuela",320083.0,Clementina Riobueno De Paola,963.0,2012-08-06 00:00:00,2012-08-06,VEN
"5' 8""",1.73m,,Nov 16 1994,"Bastia, France",317883.0,Clothilde De Bernardi,276.0,2011-02-21 00:00:00,2021-03-08,FRA
,,,Dec 11 1987,"Montpellier, France",314302.0,Clothilde Falconetti,1127.0,2006-12-04 00:00:00,2006-12-18,FRA
"5' 8""",1.73m,,Apr 16 1972,"Monzón, Spain",130113.0,Conchita Martínez,5.0,2000-12-04 00:00:00,2006-10-09,ESP
"5' 7""",1.71m,,Jan 20 1976,"Barcelona, Spain",130396.0,Conchita Martínez Granados,66.0,2000-12-04 00:00:00,2008-04-28,ESP
"5' 6""",1.67m,Right-Handed,Jun 8 2003,"Pleasanton, CA, USA",328649.0,Connie Ma,758.0,2018-10-15 00:00:00,2021-03-29,USA
,,Right-Handed,Nov 09 1990,"Sarreguemines, France",314399.0,Constance Sibille,265.0,2006-12-04 00:00:00,2021-03-29,FRA
"5' 8""",1.73m,Right-Handed,Feb 5 1998,"Mexico City, Mexico",321217.0,Constanza Gorches,730.0,2014-01-20 00:00:00,2016-02-22,MEX
,,,,,318204.0,Constanza Vega,514.0,2013-10-07 00:00:00,2016-02-22,ARG
,,,,,190886.0,Constanze Steiner,1100.0,2000-12-04 00:00:00,2000-12-25,AUT
,,,,,310611.0,Cora Vasilescu,1014.0,2005-08-22 00:00:00,2005-12-05,SWE
,,Right-Handed,Feb 08 1988,"Timișoara, Romania",311079.0,Corina Corduneanu,305.0,2004-09-27 00:00:00,2008-01-14,ROU
,,,,,319360.0,Corina Jaeger,778.0,2013-06-17 00:00:00,2013-10-07,SUI
,,Right-Handed,May 13 1995,"Luzern, Switzerland",324476.0,Corina Mader,1273.0,2019-11-25 00:00:00,2021-03-08,SUI
,,Right-Handed,Jan 26 1978,"Detroit, MI, U.S.",130483.0,Corina Morariu,41.0,2000-12-04 00:00:00,2004-05-31,USA
"5' 9""",1.74m,Right-Handed,Jul 30 1989,"Pietrasanta, Italy",312123.0,Corinna Dentoni,132.0,2005-08-22 00:00:00,2021-10-11,ITA
"6' 0""",1.83m,Right-Handed,May 26 1994,"Oslo, Norway",318825.0,Cornelia Lister,383.0,2013-09-09 00:00:00,2021-03-29,SWE
,,Right-Handed,Jan 22 1985,"Gastonia, NC, U.S.",10355.0,Cory Ann Avants,226.0,2000-12-04 00:00:00,2006-12-18,USA
"5' 10""",1.76m,Right-Handed,Feb 17 2002,"Verrières le Buisson, France",327670.0,Cosima Calinescu,1358.0,2021-03-08 00:00:00,2021-03-08,FRA
,,Right-Handed,Mar 20 1992,"Frascati, Italy",314992.0,Costanza Mecchi,861.0,2011-12-19 00:00:00,2012-08-06,ITA
,,Right-Handed,Jul 19 2000,"La Spezia, Italy",324292.0,Costanza Traversi,1143.0,2019-09-16 00:00:00,2025-01-20,ITA
,,Right-Handed,Feb 27 1977,"Jackson, MS, USA",30542.0,Courtenay Chapman,377.0,2000-12-04 00:00:00,2003-03-24,USA
"6' 0""",1.83m,Right-Handed,Mar 25 1992,"Hinsdale, IL, U.S.",316461.0,Courtney Dolehide,457.0,2009-10-05 00:00:00,2010-07-12,USA
,,Right-Handed,Sep 29 1982,"Denver, Colorado",313360.0,Courtney Nagle,541.0,2006-11-13 00:00:00,2008-11-03,USA
"5' 8""",1.72m,Right-Handed,Oct 11 1985,"Solon, OH, USA",311133.0,Courtney Vernon,644.0,2005-08-22 00:00:00,2008-02-18,USA
"5' 6""",1.67m,Right-Handed,Jan 30 1983,"Epsom, England",70464.0,Cristelle Grier,379.0,2000-12-04 00:00:00,2003-07-21,GBR
"5' 9""",1.75m,Right-Handed,Aug 10 1995,"Santa Margherita Ligure, Italy",319157.0,Cristiana Ferrando,247.0,2014-11-03 00:00:00,2023-08-21,ITA
,,Right-Handed,Oct 25 1995,"Bucharest, Romania",318167.0,Cristina Adamescu,607.0,2011-12-19 00:00:00,2018-10-15,ROU
,,,,,10292.0,Cristina Arribas,756.0,2000-12-04 00:00:00,2002-06-03,ESP
,,,,,312666.0,Cristina Bala Abella,879.0,2005-08-22 00:00:00,2006-12-18,ESP
,,,,,310046.0,Cristina Cabello,1166.0,2001-09-03 00:00:00,2001-12-10,ESP
,,Right-Handed,Feb 13 1985,"Ascoli Piceno, Italy",310454.0,Cristina Celani,425.0,2004-10-18 00:00:00,2008-11-03,ITA
"5' 7""",1.70m,Left-Handed,Oct 29 1991,"Braila, Romania",314319.0,Cristina Danaila,921.0,2008-11-03 00:00:00,2008-11-03,ROU
,,Right-Handed,Dec 3 2005,"Palma de Mallorca, Spain",330603.0,Cristina Diaz Adrover,559.0,2024-07-15 00:00:00,2025-08-18,ESP
,,Right-Handed,Dec 18 1995,"Bucharest, Romania",319239.0,Cristina Ene,392.0,2014-09-22 00:00:00,2021-03-29,ROU
,,Right-Handed,Jun 27 1988,,313799.0,Cristina Greco Naccarato,1312.0,2006-12-04 00:00:00,2006-12-18,ITA
,,,,,130620.0,Cristina Madrid Guzman,790.0,2000-12-04 00:00:00,2001-04-23,ESP
"5' 7""",1.68m,Right-Handed,Mar 24 1989,"Campo de Criptana, Spain",313709.0,Cristina Sanchez-Quintanar,366.0,2006-12-04 00:00:00,2016-10-10,ESP
"5' 8""",1.72m,Right-Handed,Mar 10 1990,"Constanta, Romania",315170.0,Cristina Stancu,470.0,2008-11-03 00:00:00,2014-11-03,ROU
,,,,,200378.0,Cristina Tonelli,712.0,2001-09-03 00:00:00,2002-06-03,ITA
"5' 7""",1.71m,,Sep 12 1974,"Pamplona, Spain",200122.0,Cristina Torrens Valero,27.0,2000-12-04 00:00:00,2005-04-18,ESP
,,,Nov 11 1990,"Novi Sad, Serbia",316149.0,Csilla Argyelan,495.0,2008-11-03 00:00:00,2016-07-18,HUN
"5' 6""",1.68m,Right-Handed,Aug 02 1987,"Siófok, Hungary",311421.0,Csilla Borsanyi,719.0,2006-12-04 00:00:00,2012-08-06,HUN
,,Right-Handed,Mar 15 1976,"Budapest, Hungary",40167.0,Csilla Dobo,1073.0,2000-12-04 00:00:00,2001-12-10,HUN
,,Right-Handed,Jan 15 1984,"Longueuil, Canada",70499.0,Cynthia Goulet,1033.0,2000-12-04 00:00:00,2001-12-10,CAN
,,Right-Handed,Jul 10 1993,"Semarang, Indonesia",316489.0,Cynthia Melita,890.0,2011-02-21 00:00:00,2011-02-21,INA
,,Right-Handed,Aug 18 1988,"Bilbao, Spain",313315.0,Cynthia Prieto-Garcia,756.0,2005-12-05 00:00:00,2008-11-03,ESP
,,Right-Handed,May 14 1985,"Laoag, Philippines",10351.0,Czarina Mae Arevalo,645.0,2000-12-04 00:00:00,2006-12-18,PHI
"5' 6""",1.68m,Right-Handed,Apr 25 1996,"Seoul, South-Korea",318739.0,Da Hye Kim,516.0,2014-01-20 00:00:00,2021-03-29,KOR
,,Right-Handed,Feb 3 1986,"Seoul, South Korea",80437.0,Da Jung Hong,401.0,2000-12-04 00:00:00,2008-11-03,KOR
,,Right-Handed,Jan 02 1997,"Busan, South Korea",320244.0,Dabin Kim,318.0,2014-11-03 00:00:00,2025-08-18,KOR
"5' 7""",1.70m,Right-Handed,Jun 21 1988,"Alexandria, Romania",312267.0,Daiana Negreanu,454.0,2006-12-04 00:00:00,2018-03-19,ROU
"5' 7""",1.71m,Right-Handed,Mar 09 1983,"Ostrava, Czech Republic",20522.0,Daja Bedanova,16.0,2000-12-04 00:00:00,2006-06-05,CZE
,,,,,50111.0,Dalia El Sheikh,1118.0,2000-12-04 00:00:00,2001-09-03,EGY
"5' 7""",1.70m,,Apr 02 1991,"Sofia, Bulgaria",313658.0,Dalia Zafirova,524.0,2006-12-04 00:00:00,2014-01-20,BUL
,,,,,310863.0,Dalia-Diana Vranceanu,474.0,2004-09-06 00:00:00,2006-12-18,GER
"5' 5""",1.65m,Right-Handed,Feb 23 1977,"Antananarivo, Madagascar",180234.0,Dally Randriantefy,45.0,2000-12-04 00:00:00,2006-03-13,MAD
,,,,,100140.0,Dan Dan Jiang,1037.0,2000-12-04 00:00:00,2000-12-25,CHN
,,Right-Handed,Jun 12 1993,,316488.0,Dan Ni Wang,824.0,2016-02-22 00:00:00,2021-03-29,CHN
,,,,,250097.0,Dan Yu,592.0,2003-03-24 00:00:00,2006-06-05,CHN
,,,Sep 1 1997,,321705.0,Dana Kremer,495.0,2016-02-22 00:00:00,2018-03-19,GER
,,Right-Handed,Jun 7 1992,"Zlin, Czech Republic",315219.0,Dana Machalkova,819.0,2011-12-19 00:00:00,2012-08-06,CZE
,,Right-Handed,Apr 25 2002,"Kazan, Russia",328912.0,Dana Shakirova,849.0,2022-10-24 00:00:00,2023-08-21,RUS
,,Right-Handed,May 14 1993,"Cumbria, England",316980.0,Daneika Borthwick,851.0,2011-02-21 00:00:00,2012-08-06,GBR
,,Right-Handed,Mar 01 1987,"Bar, Montenegro",311699.0,Danica Krstajic,223.0,2004-05-24 00:00:00,2008-11-03,MNE
,,Right-Handed,Apr 09 1997,,320753.0,Daniela  Lopez,984.0,2018-03-19 00:00:00,2018-03-19,CHI
,,,,,10309.0,Daniela Alvarez,766.0,2000-12-04 00:00:00,2003-08-04,BOL
,,Right-Handed,Jul 07 1984,"Novi Sad, Serbia",310538.0,Daniela Bercek,543.0,2002-09-30 00:00:00,2003-08-25,SCG
,,,,,310744.0,Daniela Bracaglia,834.0,2005-08-22 00:00:00,2005-12-05,ITA
,,Right-Handed,Dec 7 1984,"Split, Croatia",30590.0,Daniela Caljkusic,969.0,2001-09-03 00:00:00,2001-12-10,CRO
,,Right-Handed,May 14 1984,"Altstätten, Switzerland",30524.0,Daniela Casanova,456.0,2000-12-04 00:00:00,2003-03-24,SUI
,,Right-Handed,Mar 09 1995,"Chisinau, Moldova",318470.0,Daniela Ciobanu,808.0,2014-11-03 00:00:00,2016-02-22,MDA
,,,,,30265.0,Daniela Cocos,767.0,2000-12-04 00:00:00,2000-12-25,ROM
,,Right-Handed,Mar 11 1994,"Rosario, Argentina",317257.0,Daniela Degano,820.0,2011-12-19 00:00:00,2012-08-06,ARG
"5' 3""",1.61m,Right-Handed,Mar 3 1997,"Buenos Aires, Argentina",319094.0,Daniela Farfan,778.0,2014-11-03 00:00:00,2016-02-22,ARG
,,,Dec 17 1979,,70362.0,Daniela Groseanu,932.0,2000-12-04 00:00:00,2001-09-03,ROM
"5' 11""",1.81m,,Apr 23 1983,"Poprad, Slovakia",80394.0,Daniela Hantuchova,5.0,2000-12-04 00:00:00,2017-07-10,SVK
,,Right-Handed,Nov 11 1984,"Stockerau, Austria",110571.0,Daniela Kix,190.0,2000-12-04 00:00:00,2007-06-18,AUT
,,Right-Handed,Nov 13 1982,"Vienna, Austria",110438.0,Daniela Klemenschits,356.0,2000-12-04 00:00:00,2005-12-05,AUT
,,Right-Handed,Jan 30 1984,"Durango, Mexico",130640.0,Daniela Munoz Gallegos,328.0,2000-12-04 00:00:00,2010-04-26,MEX
"5' 5""",1.65m,Right-Handed,Feb 14 1980,"Buenos Aires, Argentina",130029.0,Daniela Muscolino,906.0,2000-12-04 00:00:00,2000-12-25,ARG
,,Right-Handed,Dec 10 1980,"Montevideo, Uruguay",150152.0,Daniela Olivera,222.0,2000-12-04 00:00:00,2003-03-24,URU
,,,,,190837.0,Daniela Salomon,515.0,2000-12-04 00:00:00,2003-08-25,GER
,,Right-Handed,May 16 1988,"Sydney, Australia",313957.0,Daniela Scivetti,497.0,2008-11-03 00:00:00,2012-08-06,AUS
,,Right-Handed,Aug 10 2000,"Babite, Latvia",324595.0,Daniela Vismane,228.0,2018-03-19 00:00:00,2025-08-04,LAT
,,Right-Handed,Dec 3 1998,"Zurich, Switzerland",322904.0,Daniela Vukovic,1032.0,2018-03-19 00:00:00,2018-03-19,SUI
,,Right-Handed,Jan 12 1987,"Sydney, Australia",311249.0,Daniella Jeflea,324.0,2004-10-18 00:00:00,2012-08-06,AUS
"5' 3""",1.61m,Left-Handed,May 29 1985,"Hilo, HI, USA",311861.0,Danielle Brown,489.0,2005-08-22 00:00:00,2010-07-12,GBR
,,Right-Handed,,,328145.0,Danielle Daley,900.0,2023-08-21 00:00:00,2025-08-18,GBR
,,Left-Handed,Jan 25 1986,"Velsen, Netherlands",312092.0,Danielle Harmsen,406.0,2005-08-22 00:00:00,2013-10-07,NED
,,Right-Handed,Feb 18 1982,"Wigan, England",80450.0,Danielle Hock,1233.0,2000-12-04 00:00:00,2001-09-03,GBR
,,,,,319916.0,Danielle Konotoptseva,692.0,2013-09-09 00:00:00,2016-02-22,GBR
,,,,,310903.0,Danielle Kypreos,991.0,2005-12-05 00:00:00,2005-12-05,AUS
"5' 3""",1.61m,Right-Handed,May 28 1991,"Pasadena, CA, U.S.",316771.0,Danielle Lao,152.0,2014-01-20 00:00:00,2023-08-21,USA
"5' 10""",1.76m,Left-Handed,Mar 28 1991,"Rochester, NY, USA",313644.0,Danielle Mills,584.0,2005-12-05 00:00:00,2013-10-07,USA
,,,,,311537.0,Danielle Spacek,977.0,2005-08-22 00:00:00,2006-12-18,USA
,,,Aug 05 1984,"Tel Aviv, Israel",190821.0,Danielle Steinberg,755.0,2000-12-04 00:00:00,2005-08-22,ISR
"5' 11""",1.80m,Right-Handed,Aug 1 1999,"Newport Beach, CA, USA",328852.0,Danielle Willson,946.0,2023-08-21 00:00:00,2024-02-26,USA
,,Right-Handed,Jul 21 1974,"Vilvoorde, Belgium",220068.0,Daphne Van De Zande,190.0,2000-12-04 00:00:00,2003-03-24,BEL
,,Right-Handed,Apr 25 1992,"Nogent-sur-Marne, France",316931.0,Daravy Ka Andrea,851.0,2011-02-21 00:00:00,2011-02-21,CAM
,,Right-Handed,Jan 14 1986,"Moscow, Russia",310579.0,Daria Chemarda,620.0,2002-06-03 00:00:00,2004-10-18,RUS
,,Right-Handed,Mar 22 2002,"Moscow, Russia",329159.0,Daria Frayman,595.0,2023-08-21 00:00:00,2025-08-18,CYP
,,Right-Handed,Feb 15 2004,"Gomel, Belarus",330116.0,Daria Khomutsianskaya,631.0,2022-10-24 00:00:00,2025-08-18,BLR
,,Right-Handed,Jun 12 2002,"Moscow, Russia",327860.0,Daria Krasnova,843.0,2019-09-16 00:00:00,2021-03-29,RUS
,,Left-Handed,May 7 1998,"Dimitrov, Russia",324710.0,Daria Kruzhkova,486.0,2016-02-22 00:00:00,2021-10-11,RUS
,,,Jan 12 1992,"Tyumen, Russia",316169.0,Daria Kuchmina,283.0,2009-08-24 00:00:00,2011-12-19,RUS
,,Right-Handed,Feb 26 1999,"Szczecin, Poland",323038.0,Daria Kuczer,440.0,2018-03-19 00:00:00,2025-08-18,POL
,,Right-Handed,May 5 2003,"Rostov on Don, Russia",328147.0,Daria Lavrichenko,1236.0,2021-03-08 00:00:00,2021-03-08,RUS
,,Right-Handed,Apr 23 2003,"Kharkov, Ukraine",328592.0,Daria Lopatetska,216.0,2018-10-15 00:00:00,2024-02-26,UKR
,,Right-Handed,Apr 09 1993,"Vsevolozhsk, Russie",316480.0,Daria Mishina,319.0,2011-02-21 00:00:00,2022-10-31,RUS
,,,Jul 28 1999,"Moscow, Russia",324403.0,Daria Nazarkina,616.0,2018-03-19 00:00:00,2019-11-25,RUS
,,,,,312355.0,Daria Neretina,1039.0,2005-08-22 00:00:00,2005-12-05,RUS
,,,Jul 17 1982,"Moscow, Russia",160406.0,Daria Panova,683.0,2000-12-04 00:00:00,2002-06-03,RUS
,,,,,312967.0,Daria Petrovic,894.0,2006-12-04 00:00:00,2006-12-18,SRB
,,,,,160452.0,Daria Potapova,953.0,2000-12-04 00:00:00,2000-12-25,RUS
,,,,,313388.0,Daria Razarenova,1368.0,2005-12-05 00:00:00,2005-12-05,RUS
,,,Mar 30 1994,"Moscow, Russia",318211.0,Daria Salnikova,499.0,2011-02-21 00:00:00,2014-01-20,RUS
,,Right-Handed,Aug 10 2006,"Moscow, Russia",333210.0,Daria Shadchneva,1161.0,2023-08-21 00:00:00,2025-08-18,RUS
,,,Dec 3 2002,"Sofia, Bulgaria",327728.0,Daria Shalamanova,812.0,2022-10-24 00:00:00,2023-08-21,BUL
"5' 11""",1.80m,Right-Handed,Apr 05 1984,"Zagreb, Croatia",100157.0,Darija Jurak Schreiber,188.0,2001-09-03 00:00:00,2021-03-08,CRO
,,,,,310588.0,Darina Sedenkova,368.0,2003-03-24 00:00:00,2011-02-21,CZE
,,Right-Handed,Feb 26 2000,"Almaty, Kazakhstan",323931.0,Dariya Detkovskaya,873.0,2019-09-16 00:00:00,2021-03-08,KAZ
,,Right-Handed,Jan 09 2003,"Moscow, Russia",329057.0,Darja Vidmanova,326.0,2019-09-16 00:00:00,2025-08-18,CZE
,,Right-Handed,Nov 13 1994,"Minsk, Belarus",318638.0,Darya Chernetsova,1088.0,2016-02-22 00:00:00,2016-02-22,BLR
"5' 6""",1.68m,Right-Handed,May 7 1985,"Adelaide, Australia",90114.0,Darya Ivanova,755.0,2002-06-03 00:00:00,2003-07-21,AUS
,,Right-Handed,May 29 1986,"Moscow, Russia",110583.0,Darya Kustova,117.0,2000-12-04 00:00:00,2012-08-06,BLR
,,Right-Handed,Apr 06 1995,"Moscow, Russia",317925.0,Darya Lebesheva,506.0,2012-08-06 00:00:00,2014-04-14,BLR
,,,Sep 30 2003,"Babruysk, Belarus",329078.0,Darya Shauha,676.0,2022-10-24 00:00:00,2024-02-26,BLR
,,Right-Handed,Oct 11 1996,"Moscow, Russia",320703.0,Dasha Ivanova,464.0,2016-02-22 00:00:00,2025-08-18,USA
,,Right-Handed,Jun 15 2001,"Brooklyn, NY, USA",328559.0,Dasha Kourkina,1173.0,2019-09-16 00:00:00,2021-03-08,USA
,,Right-Handed,Feb 19 2004,"Toronto, Canada",330298.0,Dasha Plekhanova,822.0,2023-08-21 00:00:00,2025-08-18,CAN
"5' 3""",1.61m,Right-Handed,Feb 26 1983,"Jongny, Switzerland",40387.0,Davina Duronio,1152.0,2001-09-03 00:00:00,2001-09-03,ITA
,,Right-Handed,May 3 1984,"Limbourg, Belgium",311703.0,Davinia Lobbinger,437.0,2005-08-22 00:00:00,2010-07-05,BEL
"5' 3""",1.61m,Right-Handed,May 29 1976,"Wichita, KS, USA",20344.0,Dawn Buth,96.0,2000-12-04 00:00:00,2002-06-03,USA
,,Right-Handed,Nov 07 1996,"Sarajevo, Bosnia and Herzegovina",319432.0,Dea Herdzelas,183.0,2013-10-07 00:00:00,2025-03-31,BIH
,,Right-Handed,Jan 20 1983,"Bandung, Indonesia",190811.0,Dea Sumantri,562.0,2000-12-04 00:00:00,2001-12-17,INA
,,,,,180355.0,Deanna Roberts,412.0,2000-12-04 00:00:00,2003-08-25,AUS
,,,Aug 23 1977,,30476.0,Debbie Carr,1204.0,2001-09-03 00:00:00,2001-09-03,AUS
"5' 2""",1.59m,Right-Handed,Mar 23 1983,"Laval, Quebec",120373.0,Debbie Larocque,809.0,2000-12-04 00:00:00,2001-09-03,CAN
,,Right-Handed,Dec 20 1984,"Ghent, Belgium",60327.0,Debbrich Feys,341.0,2003-01-27 00:00:00,2009-03-23,BEL
,,Right-Handed,Feb 25 1977,,80293.0,Debby Haak,639.0,2000-12-04 00:00:00,2002-06-03,NED
"5' 5""",1.65m,Right-Handed,Jan 16 1989,"Newcastle, England",313714.0,Deborah Armstrong,1024.0,2005-12-05 00:00:00,2006-12-18,GBR
,,Right-Handed,Nov 4 1995,"Rome, Italy",320352.0,Deborah Cruciani,1246.0,2016-02-22 00:00:00,2016-02-22,ITA
,,Right-Handed,Mar 10 1995,"Arlon, Belgium",319519.0,Deborah Kerfs,442.0,2013-10-07 00:00:00,2018-03-19,BEL
,,,,,190872.0,Deborah Saxer,1187.0,2000-12-04 00:00:00,2000-12-25,AUS
"5' 9""",1.75m,,May 14 1994,"Southwest Ranches, FL, USA",319074.0,Deborah Suarez,1036.0,2011-12-19 00:00:00,2011-12-19,USA
,,,Jan 1 1984,"Massa, Italy",30576.0,Deborak Carmassi,1147.0,2001-12-10 00:00:00,2001-12-10,ITA
,,Right-Handed,Oct 8 2004,"Bursa, Turkey",330058.0,Defne Cirpanli,989.0,2023-08-21 00:00:00,2025-08-18,TUR
,,,,,317533.0,Dejana Raickovic,676.0,2011-12-19 00:00:00,2014-01-20,GER
,,Right-Handed,Apr 11 1989,"Onesti, Romania",312316.0,Delia Damaschin,957.0,2005-12-05 00:00:00,2006-12-18,ROU
"5' 7""",1.70m,,Mar 16 1986,"Jimbolia, Romania",190915.0,Delia Sescioreanu,145.0,2002-06-03 00:00:00,2006-06-05,ROM
,,,,,40279.0,Delphine De Winne,479.0,2001-04-23 00:00:00,2004-09-27,FRA
,,Right-Handed,Nov 26 2000,,329458.0,Demi Tran,929.0,2021-03-08 00:00:00,2025-08-18,NED
,,,,,315285.0,Demi-Manuella Barao-Rodrigues,1048.0,2008-11-03 00:00:00,2008-11-03,POR
"5' 9""",1.74m,,Feb 08 1979,"Prague, Czech Republic",30382.0,Denisa Chladkova,31.0,2000-12-04 00:00:00,2006-12-18,CZE
,,Right-Handed,Jul 17 2002,"Prague, Czech Republic",326644.0,Denisa Hindova,519.0,2019-09-16 00:00:00,2025-08-18,CZE
,,,,,311914.0,Denisa Pavlikova,999.0,2005-08-22 00:00:00,2005-12-05,CZE
"5' 11""",1.8m,Right-Handed,Mar 7 1993,"Prague, Czech Republic",316550.0,Denisa Satralova,55.0,2011-02-21 00:00:00,2022-05-02,CZE
,,Right-Handed,May 16 1989,"San Jose, CA, U.S.",312858.0,Denise Dy,1141.0,2005-12-05 00:00:00,2005-12-05,PHI
,,,Jan 16 1988,"Jakarta, Indonesia",311461.0,Denise Harijanto,1271.0,2005-12-05 00:00:00,2005-12-05,INA
"5' 5""",1.66m,Left-Handed,May 30 1981,"Rastatt, Germany",80382.0,Denise Hofer,453.0,2000-12-04 00:00:00,2002-06-03,GER
,,Right-Handed,Sep 19 2003,,330611.0,Denise Hrdinkova,691.0,2022-10-24 00:00:00,2025-08-18,CZE
,,,Aug 2 1989,"Mar del Plata, Argentina",312872.0,Denise Kirbijikian,1214.0,2005-12-05 00:00:00,2006-12-18,ARG
,,Right-Handed,Jul 31 1989,"Lincolnshire, IL, USA",316460.0,Denise Muresan,416.0,2013-10-07 00:00:00,2014-11-03,USA
"6' 0""",1.83m,Right-Handed,Apr 17 1995,"Brooklyn, NY, USA",318234.0,Denise Starr,952.0,2012-08-06 00:00:00,2013-10-07,USA
,,Right-Handed,May 14 2004,"Lavagna, Italy",330471.0,Denise Valente,823.0,2023-08-21 00:00:00,2025-08-18,ITA
"5' 5""",1.65m,Right-Handed,Mar 10 2000,"Ploiesti, Romania",325146.0,Denise-Antonela Stoica,1070.0,2018-03-19 00:00:00,2018-03-19,ROU
,,Right-Handed,Jan 8 2004,"Sofia, Bulgaria",329151.0,Denislava Glushkova,459.0,2022-10-24 00:00:00,2025-08-18,BUL
,,,,,10275.0,Denitsa Alexandrova,1163.0,2000-12-04 00:00:00,2001-09-03,BUL
"5' 9""",1.75m,Right-Handed,Oct 24 1994,"Ashkelon, Israel",316813.0,Deniz Khazaniuk,200.0,2011-02-21 00:00:00,2022-05-02,ISR
,,Right-Handed,Jun 08 1997,"Purwodadi, Indonesia",319383.0,Deria Nur Haliza,1212.0,2016-02-22 00:00:00,2016-02-22,INA
"5' 6""",1.68m,Right-Hande,Jun 3 1983,"Pancevo, Serbia",100147.0,Desanka Jovanovic,813.0,2000-12-04 00:00:00,2001-12-10,SRB
"5' 7""",1.70m,Left-Handed,Jan 11 1994,"Palm Desert, CA, USA",317888.0,Desirae Krawczyk,785.0,2018-03-19 00:00:00,2018-03-19,USA
,,,,,312702.0,Desiree Bastianon,1025.0,2011-12-19 00:00:00,2011-12-19,BEL
,,,,,180424.0,Desiree Roset Torres,1173.0,2001-12-10 00:00:00,2001-12-10,ESP
"5' 6""",,,Jul 09 1995,"Athens, Greece",317651.0,Despoina Vogasari,521.0,2011-12-19 00:00:00,2014-11-03,GRE
"5' 10""",1.79m,,Jun 21 1988,"Sofia, Bulgaria",311121.0,Dessislava Mladenova,697.0,2006-11-13 00:00:00,2011-02-21,BUL
,,Right-Handed,Jun 08 1978,"Plovdiv, Bulgaria",200191.0,Dessislava Topalova,181.0,2000-12-04 00:00:00,2005-12-05,BUL
,,Right-Handed,Sep 4 1998,"Utrecht, Netherlands",321264.0,Dewi Dijkman,1148.0,2019-09-16 00:00:00,2021-03-08,NED
,,,,,190862.0,Dewi Monica Siregar,1118.0,2000-12-04 00:00:00,2000-12-25,INA
,,,,,40305.0,Dewonder Davis,1040.0,2000-12-04 00:00:00,2001-12-10,USA
,,,,,313009.0,Deyanirr Solorio,1357.0,2006-12-04 00:00:00,2006-12-04,MEX
,,Right-Handed,Jan 9 1997,,320828.0,Dhruthi Tatachar Venugopal,534.0,2015-09-14 00:00:00,2018-03-19,IND
,,,,,316092.0,Di Zhao,426.0,2011-02-21 00:00:00,2017-04-10,CHN
"5' 6""",1.68m,Right-Handed,Apr 30 1987,"Sofia, Bulgaria",311117.0,Dia Evtimova,146.0,2004-09-13 00:00:00,2025-08-18,BUL
,,Left-Handed,Sep 2 1985,"Moscow, Russia",310458.0,Diana Arutyunova,511.0,2005-12-05 00:00:00,2011-12-19,RUS
,,Right-Handed,Apr 21 1995,"Kyiv, Ukraine",318685.0,Diana Bogoliy,959.0,2013-10-07 00:00:00,2013-10-07,UKR
,,Right-Handed,Dec 07 1981,"Nice, France",20649.0,Diana Brunel,392.0,2000-12-04 00:00:00,2008-11-03,FRA
,,,,,325530.0,Diana Chehoudi,1035.0,2019-09-16 00:00:00,2021-03-08,TUN
,,,,,30484.0,Diana Costa,699.0,2000-12-04 00:00:00,2003-08-04,POR
,,Right-Handed,Sep 26 1997,"Moscow, Russia",321832.0,Diana Demidova,665.0,2019-11-25 00:00:00,2025-08-18,RUS
,,Right-Handed,Dec 12 1987,"Pitești, Romania",312372.0,Diana Enache,343.0,2005-08-22 00:00:00,2016-07-18,ROU
,,,Mar 21 1988,"Goteborg, Sweden",311592.0,Diana Eriksson,798.0,2005-12-05 00:00:00,2008-11-03,SWE
,,Left-Handed,Mar 7 1988,"Bucharest, Romania",312266.0,Diana Gae,628.0,2004-10-18 00:00:00,2008-11-03,ROU
,,,,,70359.0,Diana Gherghi,373.0,2000-12-04 00:00:00,2001-12-17,ROM
,,Right-Handed,Oct 20 1992,"Moscow, Russia",316061.0,Diana Isaeva,736.0,2008-11-03 00:00:00,2012-08-06,RUS
"5' 3""",1.60m,,Feb 14 1984,"Bandung, Indonesia",100163.0,Diana Julianto,554.0,2003-01-27 00:00:00,2004-10-18,INA
,,,,,130523.0,Diana Majkic,630.0,2000-12-04 00:00:00,2002-06-03,SWE
"5' 7""",1.70m,Right-Handed,Aug 03 1992,"Riga, Latvia",316481.0,Diana Marcinkevica,196.0,2008-11-03 00:00:00,2025-08-18,LAT
,,Right-Handed,Nov 5 1991,"Bucharest, Romania",315290.0,Diana Marcu,774.0,2011-12-19 00:00:00,2012-08-06,ROU
,,Right-Handed,Aug 15 2000,"Bucharest, Romania",323949.0,Diana Mihail,1358.0,2021-03-08 00:00:00,2021-03-08,ROU
"5' 5""",1.65m,Right-Handed,May 7 1988,"Velenje, Slovenia",313000.0,Diana Nakic,486.0,2005-11-28 00:00:00,2011-02-21,SLO
,,Right-Handed,Jul 4 1979,"Bloomfield Hills, MI, USA",150131.0,Diana Ospina,231.0,2000-12-04 00:00:00,2013-06-17,USA
,,,,,170022.0,Diana Quevedo,1197.0,2000-12-04 00:00:00,2000-12-25,MEX
,,Right-Handed,Jul 22 1984,"Oakville, Canada",190896.0,Diana Srebrovic,270.0,2000-12-04 00:00:00,2004-10-18,CAN
,,,,,315664.0,Diana Stomlega,599.0,2011-02-21 00:00:00,2012-08-06,ROU
,,Right-Handed,Sep 25 1994,"Prostejov, Czech Republic",318168.0,Diana Sumova,521.0,2011-09-05 00:00:00,2018-10-15,CZE
,,Right-Handed,May 11 1983,"Dunedin, New Zealand",310054.0,Dianne Hollands,650.0,2008-01-07 00:00:00,2014-07-28,NZL
,,Right-Handed,Feb 02 1985,"Balagtas, Philippines",130707.0,Dianne Matias,683.0,2000-12-04 00:00:00,2003-03-24,PHI
,,Right-Handed,Aug 4 1992,"Zagreb, Croatia",315228.0,Dijana Banovec,431.0,2010-07-05 00:00:00,2012-08-06,CRO
,,,,,313616.0,Dijana Srbinoska,1392.0,2005-12-05 00:00:00,2005-12-05,AUS
"5' 5""",1.65m,,Jul 16 1988,"Tuzla, Bosnia and Herzegovina",311183.0,Dijana Stojic,590.0,2004-09-13 00:00:00,2006-12-18,CRO
"5' 10""",1.78m,Right-Handed,Jan 21 1991,"Istanbul, Turkey",314619.0,Dilara Yurtkuran,1292.0,2016-02-22 00:00:00,2016-02-22,TUR
,,Right-Handed,Jan 29 1990,"Tashkent, Uzbekistan",312752.0,Dilyara Saidkhodjaeva,932.0,2006-12-04 00:00:00,2006-12-18,UZB
,,Left-Handed,Mar 26 1982,"Sofia, Bulgaria",110446.0,Dimana Krastevitch,222.0,2000-12-04 00:00:00,2007-04-09,BUL
,,,Oct 17 1987,"Sarajevo, Bosnia",313894.0,Dina Bajramovic,1126.0,2006-12-04 00:00:00,2006-12-18,USA
,,,,,20607.0,Dina Basil,1246.0,2000-12-04 00:00:00,2000-12-25,USA
,,Right-Handed,Dec 4 1996,"Giza, Egypt",323348.0,Dina Hegab,971.0,2016-02-22 00:00:00,2016-02-22,EGY
,,,,,110548.0,Dina Khalil,1008.0,2000-12-04 00:00:00,2001-12-10,EGY
,,Right-Handed,Jan 13 1983,,130705.0,Dina Milosevic,700.0,2000-12-04 00:00:00,2003-03-24,SCG
"5' 7""",1.71m,,Jan 13 1992,"Bielefeld, Germany",316518.0,Dinah Pfizenmaier,79.0,2011-08-22 00:00:00,2018-03-19,GER
"6' 1""",1.85m,,Apr 27 1986,"Moscow, Russia",190950.0,Dinara Safina,1.0,2001-04-23 00:00:00,2012-04-09,RUS
,,,Aug 17 1977,,40237.0,Ding Ding,504.0,2000-12-04 00:00:00,2006-06-05,CHN
"5' 6""",1.68m,Right-Handed,Jun 2 1983,"Split, Croatia",80415.0,Dinka Hadzic,750.0,2000-12-04 00:00:00,2002-06-03,CRO
"5' 10""",1.78m,Right-Handed,Aug 28 2003,"Belleview, FL, USA",333563.0,Dj Bennett,742.0,2023-08-21 00:00:00,2025-08-18,USA
,,Right-Handed,Sep 26 1985,"Munster, Germany",312515.0,Doernemann Sabay,347.0,2005-08-22 00:00:00,2008-11-03,GER
,,Right-Handed,Mar 27 2000,"Istanbul, Turkey",322856.0,Doga Takunyaci,1246.0,2016-02-22 00:00:00,2016-02-22,TUR
,,Right-Handed,Oct 10 2002,"Istanbul, Turkey",326995.0,Doga Turkmen,1178.0,2023-08-21 00:00:00,2025-05-19,TUR
"5' 5""",1.66m,,Feb 12 1996,"Guayaquil, Ecuador",318479.0,Domenica Gonzalez,676.0,2011-12-19 00:00:00,2012-10-29,ECU
,,Right-Handed,Dec 12 1989,"Ludwigshafen, Germany",312503.0,Dominice Ripoll,357.0,2005-12-05 00:00:00,2009-08-24,GER
"5' 3""",1.60m,,May 06 1989,"Bratislava, Slovakia",312894.0,Dominika Cibulkova,4.0,2005-08-22 00:00:00,2019-12-02,SVK
,,Right-Handed,Jul 14 1984,"Bratislava, Slovakia",40439.0,Dominika Dieskova,583.0,2001-09-03 00:00:00,2010-07-05,SVK
"5' 9""",1.75m,,Feb 25 1991,"Frýdek-Místek, Czech Republic",315223.0,Dominika Kanakova,754.0,2010-01-25 00:00:00,2010-01-25,CZE
,,Right-Handed,Jul 18 1982,"Přerov, Czech Republic",120383.0,Dominika Luzarova,255.0,2000-12-04 00:00:00,2003-12-22,CZE
,,Right-Handed,Apr 13 1984,"Banská Bystrica, Slovakia",140212.0,Dominika Nociarova,202.0,2001-09-03 00:00:00,2010-04-26,SVK
"5' 8""",1.72m,Right-Handed,Sep 19 1995,"Unhošt, Czech Republic",320191.0,Dominika Paterova,786.0,2014-01-20 00:00:00,2014-03-24,CZE
,,Right-Handed,Sep 29 1995,"Edam, Netherlands",323355.0,Dominique Karregat,780.0,2018-03-19 00:00:00,2019-11-25,NED
,,Right-Handed,Jan 07 1999,"Lima, Peru",322538.0,Dominique Schaefer,632.0,2018-03-19 00:00:00,2021-03-29,PER
,,,,,220291.0,Dominique Van Boekel,576.0,2001-09-03 00:00:00,2006-12-18,NED
,,,,,260149.0,Dong-Ling Zou,1120.0,2000-12-04 00:00:00,2001-09-03,CHN
,,,,,30598.0,Donna Calvert,1209.0,2001-09-03 00:00:00,2001-12-10,AUS
,,,Jan 1 1982,"Sydney, Australia",130677.0,Donna Mc Intyre,770.0,2000-12-04 00:00:00,2002-06-03,AUS
,,Right-Handed,May 22 1986,"Budapest, Hungary",312242.0,Dora Kiss,1165.0,2006-12-04 00:00:00,2006-12-04,HUN
,,Right-Handed,Apr 1 1984,"Lelystad, Netherlands",311311.0,Dorian Driessen,1115.0,2005-08-22 00:00:00,2005-12-05,NED
,,Left-Handed,Jul 16 1997,"Turnhout, Belgium",324312.0,Dorien Cuypers,1183.0,2016-02-22 00:00:00,2016-02-22,BEL
,,Right-Handed,Jan 31 2002,"Szeged, Hungary",327671.0,Dorka Drahota Szabo,683.0,2019-09-16 00:00:00,2021-10-11,HUN
,,,,,313527.0,Dorota Hibental,983.0,2005-12-05 00:00:00,2005-12-05,POL
,,Left-Handed,Aug 1 1992,"Gornji Milanovac, Serbia",317216.0,Doroteja Eric,218.0,2010-01-25 00:00:00,2017-04-10,SRB
,,Right-Handed,Jun 24 2000,"Belgrade, Serbia",329260.0,Doroteja Joksovic,1162.0,2019-09-16 00:00:00,2021-03-08,SRB
,,,Jan 1 1984,"Greensboro, NC, USA",230291.0,Douglas Wink,1130.0,2000-12-04 00:00:00,2001-12-10,USA
,,Right-Handed,Jun 29 1979,"Belgrade, Serbia",90076.0,Dragana Ilic,564.0,2000-12-04 00:00:00,2001-12-10,SRB
,,,,,310845.0,Dragana Jakovljevic,1239.0,2005-12-05 00:00:00,2005-12-05,AUS
,,Right-Handed,Jan 24 1983,,310628.0,Dragana Ognenovska,853.0,2003-07-21 00:00:00,2003-07-21,MKD
"5' 7""",1.70m,Right-Handed,Aug 01 1977,"Vršac, Serbia",260091.0,Dragana Zaric,157.0,2000-12-04 00:00:00,2006-06-05,SRB
,,,,,100148.0,Dragica Joksimovic,542.0,2000-12-04 00:00:00,2003-03-24,YUG
,,Right-Handed,Apr 27 2000,"Belgrade, Serbia",326123.0,Draginja Vukovic,563.0,2018-03-19 00:00:00,2025-08-18,SRB
"5' 8""",1.73m,Right-Handed,Jan 28 1986,"Sydney, Australia",310598.0,Dubravka Cupac,407.0,2001-12-10 00:00:00,2005-12-05,AUS
,,,,,332016.0,Dunja Maric,1034.0,2023-08-21 00:00:00,2025-08-11,SRB
,,,,,318020.0,Dunja Stamenkovic,632.0,2013-09-09 00:00:00,2014-11-03,SRB
,,Right-Handed,Mar 6 1991,"Belgrade, Serbia",315122.0,Dunja Sunkic,696.0,2011-02-21 00:00:00,2012-08-06,SRB
,,Right-Handed,Oct 4 1971,"Ankara, Turkey",10193.0,Duygu Aksit,594.0,2000-12-04 00:00:00,2001-12-10,TUR
,,Left-Handed,Feb 8 1995,"Brisbane, Australia",318047.0,Ebony Panoho,985.0,2011-12-19 00:00:00,2012-08-06,AUS
,,,,,140157.0,Ecaterina Nossik,975.0,2000-12-04 00:00:00,2000-12-25,BLR
,,Right-Handed,Nov 27 1999,"Chisinau, Moldova",324144.0,Ecaterina Visnevscaia,523.0,2018-03-19 00:00:00,2023-08-21,MDA
,,Right-Handed,Oct 12 2006,"Moscow, Russia",330906.0,Edda Mamedova,890.0,2022-10-24 00:00:00,2025-08-18,RUS
,,Right-Handed,Feb 7 1991,,315602.0,Eden D'Oliveira,1088.0,2016-02-22 00:00:00,2016-02-22,RSA
,,Right-Handed,Feb 13 1986,"Wellington, New Zealand",310687.0,Eden Marama,321.0,2003-07-21 00:00:00,2005-01-31,NZL
"5' 5""",1.65m,Right-Handed,Dec 10 1984,"Timișoara, Romania",70471.0,Edina Gallovits-Hall,54.0,2000-12-04 00:00:00,2016-02-22,USA
,,Left-Handed,Apr 07 1976,"Palanga, Lithuania",120247.0,Edita Liachoviciute,547.0,2000-12-04 00:00:00,2003-08-25,LTU
,,,,,311491.0,Edita Milos,1221.0,2005-12-05 00:00:00,2006-12-04,CRO
,,,,,140127.0,Edith Nunes,347.0,2000-12-04 00:00:00,2002-06-03,FRA
,,Right-Handed,Dec 14 1991,"Marilia, Brazil",316008.0,Eduarda Piai,359.0,2011-02-21 00:00:00,2021-10-11,BRA
"5' 11""",1.80m,Right-Handed,Jun 10 1990,"Wisniowa Gora, Poland",314528.0,Edyta Cieplucha,811.0,2008-11-03 00:00:00,2008-11-03,POL
,,Right-Handed,Oct 12 1995,"Patan, India",319380.0,Eetee Maheta,650.0,2013-09-09 00:00:00,2016-10-10,IND
"5' 2""",1.58m,Right-Handed,Dec 20 1989,"Haika, Israel",312126.0,Efrat Mishor,990.0,2008-11-03 00:00:00,2008-11-03,ISR
,,,,,310828.0,Efrat Zlotikamin,1042.0,2005-08-22 00:00:00,2005-12-05,ISR
,,Right-Handed,Feb 01 1990,"Athens, Greece",313046.0,Eirini Georgatou,176.0,2008-06-23 00:00:00,2012-09-03,GRE
,,Right-Handed,Jan 15 1987,"Moscow, Russia",310183.0,Ekaterina Afinogenova,219.0,2001-09-03 00:00:00,2008-11-10,RUS
"5' 7""",1.71m,,Jun 05 1985,"Moscow, Russia",20706.0,Ekaterina Bychkova,66.0,2003-03-24 00:00:00,2016-10-10,RUS
,,Right-Handed,Jul 05 1987,"Moscow, Russia",311425.0,Ekaterina Dranets,489.0,2005-08-22 00:00:00,2011-02-21,RUS
"5' 6""",1.68m,Right-Handed,May 03 1986,"Minsk, Belarus",40438.0,Ekaterina Dzehalevich,135.0,2001-12-10 00:00:00,2013-10-07,BLR
"5' 11""",1.80m,Right-Handed,Mar 17 1993,"Vladivostok, Russia",317592.0,Ekaterina Iakovleva,939.0,2011-02-21 00:00:00,2011-02-21,RUS
,,Right-Handed,Nov 30 1987,"Krasnodar, Russia",311241.0,Ekaterina Kirianova,567.0,2003-07-21 00:00:00,2004-10-18,RUS
,,Right-Handed,Jun 2 1996,"Vladivostok, Russia",318650.0,Ekaterina Klyueva,580.0,2011-12-19 00:00:00,2016-02-22,KAZ
,Right-Handed,,Jun 24 1988,"Moscow, Russia",311603.0,Ekaterina Kosminskaya,546.0,2005-08-22 00:00:00,2006-12-11,RUS
,,Right-Handed,Apr 27 1983,"Moscow, Russia",110545.0,Ekaterina Kozhokina,246.0,2000-12-04 00:00:00,2006-06-05,RUS
"5' 4""",1.63m,Right-Handed,Jan 1 2004,"Krasnogorsk, Russia",331219.0,Ekaterina Kuznetsova,1377.0,2023-08-21 00:00:00,2025-08-18,RUS
"5' 7""",1.70m,Right-Handed,Dec 18 1987,"Moscow, Russia",310672.0,Ekaterina Lopes,136.0,2002-09-30 00:00:00,2014-11-03,RUS
,,Right-Handed,Mar 18 2004,"Ekaterinburg, Russia",329438.0,Ekaterina Maklakova,366.0,2021-03-08 00:00:00,2025-08-18,RUS
,,Right-Handed,Jan 24 2002,"Ekaterinburg, Russia",329581.0,Ekaterina Nikiforova,990.0,2019-09-16 00:00:00,2021-03-08,RUS
,,Right-Handed,Nov 26 1983,,150191.0,Ekaterina Ostapenko,800.0,2001-09-03 00:00:00,2003-03-24,RUS
,,Right-Handed,Dec 31 2000,"Moscow, Russia",325584.0,Ekaterina Ovcharenko,570.0,2021-03-08 00:00:00,2025-08-18,RUS
,,Right-Handed,Apr 9 1990,"Vladivostok, Russia",312577.0,Ekaterina Pushkareva,783.0,2005-12-05 00:00:00,2013-06-17,RUS
,,Right-Handed,Jun 01 2000,"Saint-Petersburg, Russia",324410.0,Ekaterina Shalimova,380.0,2019-09-16 00:00:00,2025-08-18,RUS
,,Right-Handed,May 30 1987,"Chișinău, Moldova",310289.0,Ekaterina Shulaeva,253.0,2003-07-21 00:00:00,2011-05-02,CAN
"6' 0""",1.83m,,Jun 03 1981,"Moscow, Russia",190594.0,Ekaterina Sysoeva,178.0,2000-12-04 00:00:00,2003-07-21,RUS
"5' 11""",1.80m,Right-Handed,Dec 10 1993,"Tel Aviv, Israel",316818.0,Ekaterina Tour,564.0,2013-06-17 00:00:00,2014-03-24,ISR
,,Right-Handed,Feb 16 1990,"Yaroslavl, Russia",313249.0,Ekaterina Zapadalova,1262.0,2006-12-04 00:00:00,2006-12-18,RUS
,,Right-Handed,Jun 24 2004,"Bratislava, Slovakia",330248.0,Ela Platenikova,1210.0,2023-08-21 00:00:00,2023-08-21,SVK
,,Right-Handed,Jan 11 1991,"Pietà, Malta",314581.0,Elaine Genovese,1052.0,2019-09-16 00:00:00,2019-11-25,MLT
,,Right-Handed,Nov 08 2004,"Mason, OH, USA",329515.0,Eleana Yu,655.0,2019-09-16 00:00:00,2023-08-21,USA
,,Left-Handed,Feb 24 2002,"Chelmsford, England",329648.0,Eleanor Baglow,1263.0,2023-08-21 00:00:00,2023-08-21,GBR
,,Right-Handed,Jan 6 1996,"York, England",318036.0,Eleanor Dean,534.0,2011-11-28 00:00:00,2014-11-10,GBR
"6' 0""",1.78m,Left-Handed,Jun 26 1988,"Washington, DC, USA",312761.0,Eleanor Peters,797.0,2005-08-22 00:00:00,2012-08-06,USA
,,,,,130686.0,Eleftheria Makromaridou,1208.0,2001-09-03 00:00:00,2001-09-03,GRE
"5' 9""",1.75m,,Aug 14 1983,"Kyiv, Ukraine",20556.0,Elena Baltacha,49.0,2000-12-04 00:00:00,2013-12-02,GBR
,,Right-Handed,Feb 14 1998,"Odessa, Ukraine",324058.0,Elena Belenova,1127.0,2016-02-22 00:00:00,2016-02-22,RUS
,,Right-Handed,Sep 7 1993,"San Vito al Tagliamento, Italy",316410.0,Elena Bertoia,1066.0,2011-12-19 00:00:00,2011-12-19,ITA
"6' 0""",1.83m,,Mar 28 1992,"Craiova, Romania",314318.0,Elena Bogdan,151.0,2008-11-03 00:00:00,2018-07-16,ROU
"6' 2""",1.89m,Right-Handed,Mar 10 1983,"Moscow, Russia",20992.0,Elena Bovina,14.0,2000-12-04 00:00:00,2018-10-15,RUS
"5' 7""",1.71m,Right-Handed,May 16 1987,"Ufa, Russia",311602.0,Elena Chalova,151.0,2004-10-18 00:00:00,2011-09-05,RUS
,,,,,312878.0,Elena Chernyakova,578.0,2008-10-27 00:00:00,2009-03-23,RUS
,,,,,40390.0,Elena De Mendoza,1234.0,2000-12-04 00:00:00,2000-12-25,ESP
"5' 11""",1.80m,,Oct 15 1981,"Moscow, Russia",40289.0,Elena Dementieva,3.0,2000-12-04 00:00:00,2011-01-24,RUS
,,,,,70507.0,Elena Gantcheva,788.0,2001-09-03 00:00:00,2006-12-18,BUL
,,,,,327499.0,Elena Gemovic,1227.0,2019-09-16 00:00:00,2021-03-08,GER
,,,,,326880.0,Elena Jamshidi,1094.0,2019-11-25 00:00:00,2025-08-18,DEN
,,,,,331106.0,Elena Karner,1357.0,2023-08-21 00:00:00,2023-08-21,AUT
,,,,,329797.0,Elena Korokozidi,812.0,2023-08-21 00:00:00,2025-08-18,GRE
,,,,,110470.0,Elena Kovalchuk,962.0,2000-12-04 00:00:00,2001-09-03,UKR
,,,,,313539.0,Elena Kulikova,294.0,2005-12-05 00:00:00,2012-08-06,RUS
"5' 8""",1.74m,,Sep 08 1975,"Almaty, Kazakhstan",120151.0,Elena Likhovtseva,15.0,2000-12-04 00:00:00,2008-11-03,RUS
,,Right-handed,Sep 2 1994,"Nizhny-Novgorod, Russia",319697.0,Elena Maltseva,792.0,2013-06-17 00:00:00,2013-06-17,RUS
,,Right-Handed,Jul 13 2004,"Caroline Springs, Australia",330920.0,Elena Micic,405.0,2023-08-21 00:00:00,2025-08-18,AUS
,,Right-Handed,Jan 31 2001,"Kraljevo, Serbia",327296.0,Elena Milovanovic,510.0,2019-09-16 00:00:00,2025-08-18,SRB
,,Right-Handed,May 18 1986,"Naples, Italy",310301.0,Elena Petrucciano,1173.0,2001-12-10 00:00:00,2001-12-10,ITA
,,Right-Handed,May 21 1979,"Andora, Italy",160312.0,Elena Pioppo,317.0,2001-12-10 00:00:00,2010-01-25,ITA
,,,,,190860.0,Elena Stoianova,841.0,2004-10-18 00:00:00,2006-12-18,BUL
"5' 7""",1.70m,Left-Handed,Aug 22 1976,"Dushanbe, Tajikistan",200192.0,Elena Tatarkova,126.0,2000-12-04 00:00:00,2005-11-07,UKR
"5' 9""",1.76m,Right-Handed,Aug 01 1986,"Lviv, Ukraine",311220.0,Elena Vesnina,13.0,2003-03-24 00:00:00,2022-05-30,RUS
,,,,,220239.0,Elena Vianello,474.0,2000-12-04 00:00:00,2006-12-18,ITA
,,Right-Handed,Jul 26 1980,"Moscow,Russia",220199.0,Elena Voropaeva,593.0,2000-12-04 00:00:00,2001-09-03,RUS
,,Right-Handed,May 17 1972,"Sofia, Bulgaria",160106.0,Elena Wagner,237.0,2000-12-04 00:00:00,2002-02-18,GER
"5' 6""",1.68m,Left-Handed,Feb 24 1994,"Bucharest, Romania",316109.0,Elena-Teodora Cadar,346.0,2011-12-19 00:00:00,2025-08-18,ROU
"5'10""",1.78m,Right-Handed,Aug 09 1998,"Athens, Greece",321094.0,Eleni Christofi,691.0,2022-10-24 00:00:00,2025-08-18,GRE
"6' 0""",1.82m,Right-Handed,Sep 19 1982,"Chania, Greece",40313.0,Eleni Daniilidou,14.0,2000-12-04 00:00:00,2018-03-19,GRE
,,Right-Handed,Mar 07 1993,"Lamia, Greece",316026.0,Eleni Kordolaimi,435.0,2013-10-07 00:00:00,2023-08-21,GRE
,,,Sep 7 2000,"Thessaloniki, Greece",327194.0,Eleni Mtsentlitze,1118.0,2019-09-16 00:00:00,2021-03-08,GRE
,,,,,311474.0,Eleonora Iannozzi,766.0,2005-08-22 00:00:00,2006-12-18,ITA
,,,Sep 04 2000,"Luxembourg City, Luxembourg",324508.0,Eleonora Molinaro,234.0,2018-03-05 00:00:00,2022-07-18,LUX
,,Right-Handed,May 29 1985,"Bergamo, Italy",160479.0,Eleonora Punzo,622.0,2005-08-22 00:00:00,2008-11-03,ITA
"5' 8""",1.72m,Left-Handed,Jun 17 1996,"Saint‑Maur‑des‑Fossés, France",322712.0,Eleonore Barrere,1041.0,2016-02-22 00:00:00,2016-02-22,FRA
,,Right-Handed,Jan 11 1991,"Le Mans, France",313147.0,Eleonore Picot,1305.0,2006-12-04 00:00:00,2006-12-18,FRA
,,Right-Handed,Jul 29 1994,"Sofia, Bulgaria",320562.0,Eleonore Tchakarova,1307.0,2021-03-08 00:00:00,2021-03-08,BUL
,,Right-Handed,Apr 7 1997,"Boechout, Belgium",321356.0,Eliessa Vanlangendonck,469.0,2016-02-22 00:00:00,2025-08-18,BEL
,,Right-Handed,Jul 21 1989,"Baku, Azerbaijan",313556.0,Elina Gasanova,611.0,2005-12-05 00:00:00,2011-02-21,RUS
,,Right-Handed,Oct 23 1997,"Moscow, Russia",320215.0,Elina Nepliy,1064.0,2016-02-22 00:00:00,2025-08-18,RUS
,,Right-Handed,Dec 10 1996,"Moscow, Russia",320216.0,Elina Vikhrianova,1070.0,2018-03-19 00:00:00,2019-09-16,RUS
,,Right-Handed,May 31 1999,"Heusden, Belgium",325205.0,Eline Audenaert,1073.0,2019-09-16 00:00:00,2021-03-08,BEL
,,Right-Handed,Aug 12 1983,"Pontedera, Italy",20626.0,Elisa Balsamo,329.0,2001-09-03 00:00:00,2011-12-19,ITA
,,Right-Handed,Feb 11 2002,"Turin, Italy",327530.0,Elisa Camerano,1307.0,2021-03-08 00:00:00,2023-08-21,ITA
,,,,,90122.0,Elisa Innocenti,887.0,2001-09-03 00:00:00,2002-06-03,ITA
,,,,,314441.0,Elisa Peth,840.0,2006-12-04 00:00:00,2006-12-18,GER
,,Right-Handed,Jun 9 1980,"Milan, Italy",220227.0,Elisa Villa,364.0,2000-12-04 00:00:00,2006-06-05,ITA
,,Right-Handed,Mar 31 1994,"Montreal, Canada",316492.0,Elisabeth Abanda,855.0,2011-02-21 00:00:00,2012-08-06,CAN
,,Right-Handed,Jul 1 1984,"Ried, Austria",310350.0,Elisabeth Bahn,527.0,2001-12-10 00:00:00,2004-10-18,AUT
,,Right-Handed,Mar 8 1991,"Ottawa, Canada",317298.0,Elisabeth Fournier,534.0,2012-08-06 00:00:00,2014-09-22,CAN
,,,Aug 15 1997,"Moscow, Russia",320790.0,Elisabeth Lyukshinova,1246.0,2016-02-22 00:00:00,2016-02-22,RUS
"5' 8""",1.72m,Left-Handed,Jan 22 1984,"Tiel, Netherlands",200354.0,Elise Tamaela,129.0,2003-03-24 00:00:00,2012-08-06,NED
"5' 8""",1.72m,Right-Handed,Apr 10 1990,"Haskovo, Bulgaria",312182.0,Elitsa Kostova,130.0,2006-12-04 00:00:00,2022-07-25,BUL
,,,,,313374.0,Elitsa Mileva,1153.0,2005-12-05 00:00:00,2006-12-18,BUL
"5' 9""",1.76m,Left-Handed,Sep 03 1991,"Villeurbanne, France",315589.0,Elixane Lechemia,343.0,2008-11-03 00:00:00,2021-03-29,FRA
,,Right-Handed,Aug 10 2000,"Famagusta, Cyprus",326823.0,Eliz Maloney,371.0,2019-11-25 00:00:00,2025-08-11,GBR
,,Left-Handed,Sep 16 2000,,326204.0,Elizabet Hamaliy,1203.0,2019-11-25 00:00:00,2021-03-08,POR
,,Right-handed,Mar 21 2003,"Warsaw, IN, USA",327833.0,Elizabeth Coleman,1358.0,2021-03-08 00:00:00,2021-03-08,USA
"5' 7""",1.70m,Right-Handed,Jul 31 1986,"Anaheim, CA, USA",317662.0,Elizabeth Ferris,393.0,2011-02-21 00:00:00,2013-06-17,USA
,,,,,311526.0,Elizabeth Freeman-Young,970.0,2005-08-22 00:00:00,2006-12-18,USA
,,Right-Handed,Jul 10 1997,"Cincinnati, OH, USA",321193.0,Elizabeth Halbauer,260.0,2014-01-20 00:00:00,2023-08-21,USA
,,,,,318027.0,Elizabeth James,1050.0,2016-02-22 00:00:00,2016-02-22,AUS
"5' 8""",1.72m,Right-Handed,Mar 15 1981,"Potomac, MD, USA",311894.0,Elizabeth Kaufman,624.0,2004-10-18 00:00:00,2006-12-18,USA
"5' 6""",,,Jun 03 1988,"New York City, NY, U.S.",311010.0,Elizabeth Kobak,581.0,2004-10-18 00:00:00,2006-12-18,USA
"5' 9""",1.75m,Right-Handed,May 24 1986,"Santa Fe, NM, U.S.",311300.0,Elizabeth Lumpkin,443.0,2008-11-03 00:00:00,2014-04-14,USA
"5' 7""",1.70m,Right-Handed,Aug 6 1996,"Bellflower, CA, USA",319216.0,Elizabeth Profit,995.0,2012-08-06 00:00:00,2016-02-22,USA
"5' 8""",,,Aug 23 1977,"Kansas City, MO, U.S.",190624.0,Elizabeth Schmidt,380.0,2000-12-04 00:00:00,2003-08-04,USA
,,Right-Handed,Oct 20 1984,"Blackburn, England",311899.0,Elizabeth Thomas,534.0,2005-08-22 00:00:00,2010-01-25,GBR
,,Right-Handed,Mar 21 2007,"Plovdiv, Bulgaria",332650.0,Elizara Yaneva,1246.0,2023-08-21 00:00:00,2025-08-18,BUL
,,,Mar 08 1993,"Kyiv, Ukraine",317149.0,Elizaveta Ianchuk,258.0,2011-02-21 00:00:00,2018-03-19,UKR
,,Right-Handed,Mar 1 1996,"Ekaterinburg, Russia",320870.0,Elizaveta Khabarova,1212.0,2016-02-22 00:00:00,2016-02-22,RUS
,,Right-Handed,Jul 8 2001,"Kazan, Russia",327220.0,Elizaveta Koklina,1227.0,2019-09-16 00:00:00,2023-08-21,RUS
"5' 9""",1.76m,Right-Handed,Apr 12 1996,"Novosibirsk, Russia",319600.0,Elizaveta Kulichkova,87.0,2012-08-06 00:00:00,2018-07-16,RUS
,,Right-Handed,Apr 5 2004,"Kazan, Russia",330338.0,Elizaveta Morozova,1338.0,2023-08-21 00:00:00,2023-08-21,RUS
"5' 6""",1.68m,Right-Handed,Aug 31 1993,"Moscow, Russia",318823.0,Elizaveta Nemchinov,970.0,2011-12-19 00:00:00,2011-12-19,USA
,,Right-Handed,Oct 19 2003,"Mytishchi, Russia",330025.0,Elizaveta Shebekina,1138.0,2023-08-21 00:00:00,2025-04-21,RUS
,,Right-Handed,May 6 1989,"Ryazan, Russia",314357.0,Elizaveta Titova,1312.0,2006-12-04 00:00:00,2006-12-18,RUS
,,Right-Handed,Feb 1 1989,"Saint-Petersburg, Russia",313365.0,Elizaveta Tochilovskaya,405.0,2005-12-05 00:00:00,2010-04-26,RUS
"5' 7""",1.70m,Right-Handed,Jul 7 1989,"Ryazan, Russia",313389.0,Elizaveta Zaytseva,1034.0,2005-12-05 00:00:00,2006-12-18,RUS
5.8m,1.73m,Right-Handed,Jan 18 1985,"Bilzen, Belgium",30565.0,Elke Clijsters,389.0,2000-12-04 00:00:00,2004-10-18,BEL
,,Right-Handed,Dec 27 1994,,317537.0,Elke Lemmens,805.0,2013-10-07 00:00:00,2014-11-03,BEL
"5' 10""",1.78m,Right-Handed,Mar 28 2002,"Kotka, Finland",326405.0,Ella Haavisto,994.0,2023-08-21 00:00:00,2025-08-18,FIN
,,,,,90088.0,Ella Ionescu,517.0,2000-12-04 00:00:00,2001-09-03,USA
"5' 10""",1.79m,Right-Handed,Jul 26 1994,"Tampere, Finland",316667.0,Ella Leivo,1150.0,2016-02-22 00:00:00,2016-02-22,FIN
,,Left-Handed,May 04 2005,"Preston, England",331660.0,Ella Mcdonald,395.0,2023-08-21 00:00:00,2025-08-18,GBR
"5' 2""",1.58m,Right-Handed,Jun 22 1995,"Winchester, England",320134.0,Ella Taylor,793.0,2018-10-15 00:00:00,2019-09-16,GBR
"5' 8""",1.72m,Right-Handed,Nov 22 1988,"Baltimore, MD, USA",312661.0,Ellah Nze,478.0,2006-09-25 00:00:00,2008-02-18,USA
,,Right-Handed,Aug 9 2000,"Los Angeles, CA, USA",329239.0,Elle Christensen,803.0,2019-09-16 00:00:00,2021-03-29,USA
,,Right-Handed,May 10 1994,"Värnamo, Sweden",316188.0,Ellen Allgurin,362.0,2009-08-24 00:00:00,2018-03-19,SWE
"5' 8""",1.73m,Right-Handed,Feb 12 1989,"Christchurch, New Zealand",312969.0,Ellen Barry,253.0,2006-11-13 00:00:00,2011-05-02,NZL
"5' 10""",1.77m,Right-Handed,Oct 8 1993,"Pleasanton, CA, USA",316969.0,Ellen Tsay,588.0,2010-04-26 00:00:00,2011-12-19,USA
"5' 10""",1.78m,Right-Handed,May 23 2000,"McKinney, TX, USA",326801.0,Ellie Douglas,319.0,2018-03-19 00:00:00,2024-07-15,USA
,,Right-Handed,Mar 8 1988,"Lyon, France",312487.0,Elodie Caillat,990.0,2006-12-04 00:00:00,2006-12-18,FRA
,,Right-Handed,Feb 12 1980,"Île-Tudy, France",120289.0,Elodie Le Bescond,264.0,2000-12-04 00:00:00,2003-09-15,FRA
,,Right-Handed,Sep 3 1983,"Noumea, New Caledonia, France",315281.0,Elodie Rogge-Dietrich,495.0,2010-01-25 00:00:00,2011-09-05,FRA
,,,,,312390.0,Elodie Rouzier,1387.0,2005-12-05 00:00:00,2005-12-05,FRA
,,Left-Handed,Aug 8 1988,"Santander, Spain",311423.0,Eloisa Compostizo De Andres,199.0,2004-10-18 00:00:00,2011-05-30,ESP
,,Right-Handed,Jun 9 1991,"Bacau, Romania",313735.0,Elora Dabija,273.0,2006-12-04 00:00:00,2012-02-13,ROU
"5' 10""",1.78m,,Aug 20 1970,"Antwerp, Netherlands",30003.0,Els Callens,61.0,2000-12-04 00:00:00,2006-08-14,BEL
,,,Feb 22 1980,"Sucy-en-Brie, France",130503.0,Elsa Morel,261.0,2000-12-04 00:00:00,2003-08-25,FRA
,,,Sep 20 1982,"Cork, Ireland",150179.0,Elsa O'Riain,382.0,2000-12-04 00:00:00,2003-08-25,IRL
,,Right-Handed,Apr 03 1991,,316013.0,Elyne Boeykens,297.0,2011-02-21 00:00:00,2018-07-16,BEL
,,Right-Handed,Apr 10 2004,"Auckland, New Zealand",330274.0,Elyse Tse,1006.0,2023-08-21 00:00:00,2025-08-18,NZL
,,,Mar 24 2000,"Sydney, Australia",326183.0,Elysia Bolton,521.0,2018-03-19 00:00:00,2025-06-02,AUS
,,Right-Handed,Jan 2 2002,"Liepaja, Latvia",330218.0,Elza Tomase,1106.0,2021-03-08 00:00:00,2021-03-08,LAT
,,Right-Handed,Mar 15 1988,"Bloemfontein, South Africa",312914.0,Elze Potgieter,1122.0,2005-12-05 00:00:00,2005-12-05,RSA
"5' 10""",1.78m,Right-Handed,Aug 22 1992,"Lukavac, Bosnia and Herzegovina",315134.0,Ema Burgic,466.0,2008-11-03 00:00:00,2025-08-18,BIH
,,,,,100142.0,Ema Janaskova,371.0,2002-06-03 00:00:00,2003-12-22,CZE
,,Right-Handed,Apr 27 1992,"Cakovec, Croatia",316036.0,Ema Mikulcic,250.0,2011-12-19 00:00:00,2016-02-29,CRO
,,,Sep 12 1990,,314700.0,Ema Polic,686.0,2008-10-27 00:00:00,2008-11-03,SRB
,,Right-Handed,May 11 1999,"Worgl, Austria",323715.0,Ema Vasic,1196.0,2019-11-25 00:00:00,2021-03-08,AUT
,,Right-Handed,Nov 11 1989,"Grafton, Australia",312766.0,Emelyn Starr,370.0,2008-02-18 00:00:00,2012-10-29,AUS
,,Left-Handed,Sep 5 1997,"Memphis, TN, USA",320435.0,Emerald Able,1203.0,2019-11-25 00:00:00,2021-03-08,USA
,,Right-Handed,Sep 30 1993,"Tokyo, Japan",316475.0,Emi Mutaguchi,548.0,2011-09-05 00:00:00,2014-04-14,JPN
,,Right-Handed,Sep 26 1977,"Kobe, Japan",312677.0,Emi Sakurai,1227.0,2005-12-05 00:00:00,2005-12-05,JPN
,,,,,40407.0,Emilia Desiderio,670.0,2000-12-04 00:00:00,2006-12-18,ITA
"5' 6""",1.69m,Left-Handed,Feb 14 1986,"Cordoba, Argentina",312870.0,Emilia Yorio,407.0,2006-12-04 00:00:00,2011-02-21,ARG
,,Right-Handed,Apr 20 1984,,20629.0,Emilie Bacquet,413.0,2004-09-13 00:00:00,2011-12-19,FRA
,,Right-Handed,Jun 24 1997,"Gentofte, Denmark",323620.0,Emilie Francati,589.0,2016-02-22 00:00:00,2018-10-15,DEN
,,Right-Handed,Jan 12 2000,,327144.0,Emilie Lindh Gallagher,446.0,2019-09-16 00:00:00,2024-09-23,NOR
"5' 6""",1.67m,Left-Handed,Jun 09 1979,"Cherbourg, France",120277.0,Emilie Loit,27.0,2000-12-04 00:00:00,2009-06-08,FRA
,,Right-Handed,Aug 17 1985,,200377.0,Emilie Trouche,643.0,2000-12-04 00:00:00,2006-12-04,FRA
,,Right-Handed,Dec 10 2004,"Siauliai, Lithuania",330882.0,Emilija Tverijonaite,1151.0,2023-08-21 00:00:00,2025-08-18,LTU
,,Right-Handed,Oct 03 1997,"Kingston upon Thames, England",321033.0,Emily Arbuthnott,555.0,2016-02-22 00:00:00,2021-03-29,GBR
,,,Jun 13 1995,"Timaru, New Zealand",317675.0,Emily Fanning,595.0,2019-09-16 00:00:00,2021-10-11,NZL
,,Right-Handed,Jul 24 1989,"Rye, NY, USA",314522.0,Emily Fraser,976.0,2008-11-03 00:00:00,2008-11-03,USA
,,Right-Handed,Jul 31 1982,"Sydney, Australia",80417.0,Emily Hewson,314.0,2000-12-04 00:00:00,2008-11-03,AUS
"5' 6""",1.68m,Right-Handed,Mar 28 1982,"Ann arbor, MI, USA",130714.0,Emily Marker,726.0,2000-12-04 00:00:00,2003-07-21,USA
,,Right-Handed,Jan 1 2000,"Oberhaching, Germany",322472.0,Emily Seibold,443.0,2018-03-19 00:00:00,2025-08-18,GER
,,Right-Handed,May 31 1982,"Latina, Italy",190763.0,Emily Stellato,364.0,2000-12-04 00:00:00,2006-12-18,ITA
"5' 6""",1.68m,Right-Handed,Jul 14 1984,"Bristol, England",230283.0,Emily Webley-Smith,240.0,2001-09-03 00:00:00,2022-05-02,GBR
,,Right-Handed,Jul 31 2000,"Limbach-Oberfrohna, Germany",323705.0,Emily Welker,612.0,2021-03-08 00:00:00,2025-08-18,GER
"5' 6""",1.68m,Right-Handed,Oct 10 2003,"Mokena, IL, USA",328942.0,Emma Davis,691.0,2021-03-08 00:00:00,2021-10-11,USA
,,,Aug 20 1996,,321143.0,Emma Ek,1246.0,2016-02-22 00:00:00,2016-02-22,SWE
,,Right-Handed,Oct 13 1990,"Bærum, Norway",315007.0,Emma Flood,560.0,2011-02-21 00:00:00,2016-02-22,NOR
,,,,,70426.0,Emma Gott,746.0,2000-12-04 00:00:00,2000-12-25,AUS
,,Right-Handed,Feb 24 1988,"Durban, South Africa",313860.0,Emma Hayman,740.0,2013-09-09 00:00:00,2014-10-13,NZL
"5' 2""",1.58m,Right-Handed,Feb 1 1998,"Los Angeles, CA, USA",320285.0,Emma Higuchi,915.0,2014-11-03 00:00:00,2014-11-03,USA
,,,Mar 25 1981,"Sydney, Australia",324025.0,Emma Hurst,1183.0,2016-02-22 00:00:00,2016-02-22,GBR
,,,,,312970.0,Emma Kidd,1188.0,2005-12-05 00:00:00,2005-12-05,AUS
"5' 5""",1.64m,,Mar 26 1986,"Karlstad, Sweden",310237.0,Emma Laine,50.0,2004-03-08 00:00:00,2017-04-10,FIN
,,Right-Handed,Jul 15 1999,"Soisson, France",324970.0,Emma Lene,351.0,2018-03-19 00:00:00,2025-08-18,FRA
,,Right-Handed,Jan 1 2003,,332898.0,Emma Martellenghi,1357.0,2023-08-21 00:00:00,2023-08-21,ITA
,,Right-Handed,Oct 15 1998,"Cachan, France",324310.0,Emma Mazzoni,1278.0,2023-08-21 00:00:00,2025-04-21,FRA
"5' 8""",1.72m,Right-Handed,Jul 20 1983,"Cork, Ireland",311665.0,Emma Murphy,860.0,2006-12-04 00:00:00,2006-12-18,IRL
"5' 7""",1.70m,Left-Handed,Sep 10 2005,"Bratislava, Slovakia",331688.0,Emma Tothova,786.0,2022-10-24 00:00:00,2024-02-26,SVK
"5' 11""",1.80m,Right-Handed,Feb 1 2001,"Wassenaar, Netherlands",329944.0,Emma Van Poppel,1301.0,2023-08-21 00:00:00,2025-08-18,NED
"5' 10""",1.78m,Right-Handed,Feb 18 1997,"Ashington, England",328623.0,Emma Wilson,830.0,2022-10-24 00:00:00,2025-08-18,GBR
,,Right-Handed,Oct 4 1996,"Port-Louis, Mauritius",320359.0,Emmanuelle De Beer,1183.0,2016-02-22 00:00:00,2016-02-22,MRI
"5' 10""",1.78m,Right-Handed,Jan 5 1984,"Puyricard, France",50151.0,Emmanuelle Edon,294.0,2000-12-04 00:00:00,2005-12-05,FRA
"5' 7""",1.71m,Left-Handed,Jul 09 1976,"Geneva, Switzerland",70245.0,Emmanuelle Gagliardi,42.0,2000-12-04 00:00:00,2009-05-25,SUI
,,Right-Handed,Jul 7 1999,"Saint-Denis, Réunion, France",324971.0,Emmanuelle Girard,903.0,2019-09-16 00:00:00,2025-08-18,FRA
,,Right-Handed,Apr 20 1998,"Thonon-les-Bains, France",320788.0,Emmanuelle Salas,799.0,2016-02-22 00:00:00,2017-04-10,FRA
,,,,,130723.0,En Yue Ma,1026.0,2000-12-04 00:00:00,2001-09-03,CHN
,,Right-Handed,Jun 12 1996,,319680.0,Ena Kajevic,844.0,2016-02-22 00:00:00,2021-03-08,CRO
,,Right-Handed,Nov 21 2006,"Tokyo, Japan",332501.0,Ena Koike,545.0,2023-08-21 00:00:00,2025-08-18,JPN
,,Right-Handed,Jul 16 2000,"Voghera, Italy",325228.0,Enola Chiesa,815.0,2019-11-25 00:00:00,2025-08-18,ITA
,,,Jan 14 1980,"Sukoharjo, Indonesia",190536.0,Eny Sulistyowati,1052.0,2000-12-04 00:00:00,2000-12-25,INA
"5' 6""",1.68m,Right-Handed,Feb 17 1994,"Hiratsuka, Japan",317138.0,Eri Hozumi,144.0,2012-07-23 00:00:00,2025-08-18,JPN
,,,,,311403.0,Eri Nozawa,1060.0,2005-08-22 00:00:00,2005-08-22,JPN
,,Right-Handed,May 28 1998,"Adachi, Japan",325295.0,Eri Shimizu,296.0,2019-09-16 00:00:00,2025-08-18,JPN
,,Right-Handed,Jul 16 1969,,10127.0,Erica Adams,1033.0,2000-12-04 00:00:00,2000-12-25,USA
"5' 6""",1.68m,Right-Handed,Feb 20 1980,"Boca Raton, FL USA",20444.0,Erica Biro,363.0,2003-07-21 00:00:00,2005-12-05,CAN
,,Right-Handed,May 20 1981,"Luján, Argentina",110377.0,Erica Krauth,229.0,2000-12-04 00:00:00,2007-03-12,ARG
,,Right-Handed,Mar 16 1998,"Tampa, FL, USA",322715.0,Erica Oosterhout,529.0,2016-02-22 00:00:00,2022-10-31,USA
,,Right-Handed,Aug 19 1981,"Ciudad Juarez, MExico",30479.0,Erika Clarke,483.0,2000-12-04 00:00:00,2009-08-24,MEX
"5' 7""",1.70m,,Oct 14 1972,"Boston, MA, USA",40131.0,Erika De Lone,114.0,2000-12-04 00:00:00,2003-08-18,USA
,,Right-Handed,Apr 26 1997,"Jundiai, Brazil",321235.0,Erika Drozd Pereira,1287.0,2016-02-22 00:00:00,2016-02-22,BRA
,,Right-Handed,May 23 1979,"Milan, Italy",160358.0,Erika Pineider,730.0,2000-12-04 00:00:00,2005-12-05,ITA
"5' 4""",1.63m,Right-Handed,Nov 24 1988,"Tokyo, Japan",311832.0,Erika Sema,114.0,2005-08-22 00:00:00,2025-08-18,JPN
,,Right-Handed,Oct 12 1987,"Narashino, JApan",311499.0,Erika Takao,128.0,2004-09-27 00:00:00,2014-07-28,JPN
"5' 10""",,,Jul 20 1983,"Mexico City, Mexico",220244.0,Erika Valdes,407.0,2000-12-04 00:00:00,2002-09-30,MEX
"4' 11""",1.5m,Right-Handed,Mar 01 1995,,320450.0,Erika Vogelsang,744.0,2016-10-10 00:00:00,2017-04-10,NED
,,Right-Handed,Feb 6 1989,"Latina, Italy",311840.0,Erika Zanchetta,456.0,2005-08-22 00:00:00,2012-08-13,ITA
,,Left-Handed,Aug 1 1981,"Tokyo, Japan",310647.0,Eriko Mizuno,558.0,2005-08-22 00:00:00,2006-12-18,JPN
"5' 11""",1.80m,Right-Handed,Apr 19 1983,"Macon, GA, U.S.",20664.0,Erin Burdette,575.0,2000-12-04 00:00:00,2001-12-10,USA
,,Right-Handed,Jun 9 1988,"Vienna, VA, USA",316227.0,Erin Clark,1292.0,2016-02-22 00:00:00,2016-02-22,USA
,,,,,312724.0,Erin Liefeld,668.0,2010-04-26 00:00:00,2011-02-21,AUS
"5' 6""",1.68m,Right-Handed,Jul 21 1994,"Sabae, Japan",322811.0,Erina Hayashi,322.0,2017-05-22 00:00:00,2025-03-03,JPN
"5' 2""",1.57m,Right-Handed,Apr 13 2001,"Corona, CA, USA",331826.0,Eryn Cayetano,636.0,2022-10-24 00:00:00,2025-08-18,USA
,,,Jul 27 1984,"Lahti, Finland",310883.0,Essi Laine,1339.0,2005-12-05 00:00:00,2005-12-05,FIN
,,,,,10336.0,Estefania Aldana Estremera,951.0,2000-12-04 00:00:00,2000-12-25,ESP
,,Right-Handed,Jun 30 1987,"Guayaquil, Ecuador",311199.0,Estefania Balda Alvarez,519.0,2005-07-04 00:00:00,2006-12-04,ECU
,,Right-Handed,Jan 01 1987,"Montevideo, Uruguay",310463.0,Estefania Craciun,246.0,2004-09-06 00:00:00,2009-10-05,URU
,,,,,40382.0,Estefania Daubioul,1147.0,2000-12-04 00:00:00,2000-12-25,ESP
,,Right-Handed,Jul 4 1989,"Esperanza, Argentina",314308.0,Estefania Donnet,620.0,2008-11-03 00:00:00,2011-02-21,ARG
"5' 5""",1.65m,Right-Handed,Jul 25 1998,"Madrid, Spain",322442.0,Estela Perez-Somarriba,539.0,2016-02-22 00:00:00,2022-05-02,ESP
"5' 5""",1.66m,Right-Handed,Mar 13 1996,"Marseille, France",318181.0,Estelle Cascino,406.0,2011-12-19 00:00:00,2024-02-26,FRA
"5' 7""",1.71m,Right-Handed,Apr 5 1989,"Belfort, France",312956.0,Estelle Guisard Diemer,228.0,2005-08-22 00:00:00,2014-03-24,FRA
,,,Jul 04 1993,"New York City, NY, United States",315355.0,Ester Goldfeld,439.0,2010-01-25 00:00:00,2011-12-19,USA
,,,,,312886.0,Ester Masuri,721.0,2008-11-03 00:00:00,2016-02-22,ISR
,,,Feb 21 2001,"La Grande-Motte, France",328185.0,Esther Bataille,1133.0,2023-08-21 00:00:00,2023-08-21,FRA
"6' 0""",1.83m,Right-Handed,Jan 1 2006,"Roseville, CA, USA",331229.0,Esther Vyrlan,1086.0,2023-08-21 00:00:00,2023-08-21,USA
"5' 8""",1.73m,Right-Handed,Feb 20 1987,"Los Palacios y Villafranca, Spain",311235.0,Estrella Cabeza Candela,95.0,2004-09-06 00:00:00,2021-03-29,ESP
"5' 5""",1.65m,Right-Handed,Dec 11 2002,"Trstena na Ostrove, Slovakia",328739.0,Eszter Meri,555.0,2021-03-08 00:00:00,2025-08-18,SVK
,,Right-Handed,Nov 27 1978,,130494.0,Eszter Molnar,252.0,2000-12-04 00:00:00,2004-10-18,HUN
"5' 5""",1.65m,Right-Handed,Oct 14 1982,"Tokyo, Japan",310635.0,Etsuko Kitazaki,522.0,2004-10-18 00:00:00,2011-12-19,JPN
,,,,,250067.0,Etsuko Yamada,698.0,2000-12-04 00:00:00,2002-06-03,JPN
,,Left-Handed,Feb 21 1983,"San Francisco, Argentina",30499.0,Eugenia Chialvo,279.0,2000-12-04 00:00:00,2002-09-30,ARG
,,Right-Handed,Nov 8 1998,"Necochea, Argentina",324563.0,Eugenia Ganga,695.0,2018-03-19 00:00:00,2021-03-29,ARG
"5' 4""",1.63m,Right-Handed,Apr 10 2006,"Buenos Aires, Argentina",332428.0,Eugenia Jazmin Ceinos,1197.0,2023-08-21 00:00:00,2023-08-21,ARG
,,,,,313867.0,Eugenia Yordanova,1014.0,2006-12-04 00:00:00,2006-12-18,BUL
,,Right-Handed,Jun 16 1995,"Huy, Belgium",319517.0,Eugenie Chapelle,1127.0,2016-02-22 00:00:00,2016-02-22,BEL
,,Right-Handed,Feb 19 1989,"Moscow, Russia",313552.0,Eugeniya Pashkova,373.0,2006-12-04 00:00:00,2014-11-24,RUS
"5' 8""",1.73m,Right-Handed,Mar 08 1975,"Goseong , South Korea",110357.0,Eun-Ha Kim,159.0,2000-12-04 00:00:00,2003-08-25,KOR
,,Right-handed,Jun 10 1983,"Busan, South Korea",310473.0,Eun-Hye Cho,431.0,2005-12-05 00:00:00,2010-01-25,KOR
,,Right-handed,Apr 3 1985,"Changwon, South Korea",312311.0,Eun-Jeong Hwang,930.0,2008-11-03 00:00:00,2008-11-03,KOR
,,,Oct 27 1976,"Changwon, South Korea",120283.0,Eun-Jeong Lee,316.0,2000-12-04 00:00:00,2006-06-05,KOR
,,,Mar 29 2006,"Wonju, South Korea",110464.0,Eun-Kyung Kim,789.0,2000-12-04 00:00:00,2001-12-10,KOR
,,Right-Handed,Jul 1 1982,"Naju, South Korea",150168.0,Eun-Mi Oh,762.0,2000-12-04 00:00:00,2002-06-03,KOR
,,Right-Handed,Jul 20 1980,"Seongnam, South Korea",110509.0,Eun-Sook Kim,654.0,2000-12-04 00:00:00,2003-03-24,KOR
,,Right-Handed,Apr 3 1979,"Incheon, South Korea",20572.0,Eun-Young Ban,897.0,2000-12-04 00:00:00,2001-12-10,KOR
,,Right-Handed,Oct 22 1979,"Seoul, South Korea",80359.0,Eun-Young Ha,690.0,2000-12-04 00:00:00,2001-04-23,KOR
,,Right-Handed,Oct 12 1993,"Seoul, South Korea",324807.0,Eunhye Lee,432.0,2018-10-15 00:00:00,2025-08-18,KOR
,,,Jan 1 1983,"Freiburg, Germany",20412.0,Eva Belbl,883.0,2000-12-04 00:00:00,2000-12-25,GER
"5' 7""",1.70m,Right-Handed,Jan 14 1973,"Zaragoza, Spain",20204.0,Eva Bes,90.0,2000-12-04 00:00:00,2003-08-25,ESP
"5' 7""",1.70m,Right-Handed,Aug 14 1984,"Duchcov, Czech Republic",20596.0,Eva Birnerova,59.0,2000-12-04 00:00:00,2015-04-13,CZE
,,Right-Handed,Apr 14 1985,"Beveren, Belgium",314391.0,Eva De Block,1176.0,2006-12-04 00:00:00,2006-12-18,BEL
"5' 9""",1.75m,Right-Handed,Feb 17 1980,"Copenhague, Denmark",40293.0,Eva Dyrberg,77.0,2000-12-04 00:00:00,2003-05-12,DEN
,,,,,50082.0,Eva Erbova,524.0,2000-12-04 00:00:00,2003-03-24,CZE
"5' 4""",1.63m,Right-Handed,May 05 1986,"Figueres, Spain",310408.0,Eva Fernandez-Brugues,185.0,2003-01-27 00:00:00,2014-03-24,ESP
"5' 11""",1.80m,Right-Handed,Mar 17 1981,"Považská Bystrica, Slovakia",60295.0,Eva Fislova,98.0,2000-12-04 00:00:00,2006-12-18,SVK
,,Left-Handed,Jan 12 2002,"Saint-Petersburg, Russia",329077.0,Eva Garkusha,971.0,2019-09-16 00:00:00,2025-08-18,RUS
,,Right-Handed,Aug 06 1984,"Innsbruck, Austria",310674.0,Eva Hoch,501.0,2003-03-24 00:00:00,2008-06-23,AUT
"6' 3""",1.91m,Right-Handed,Jun 15 1984,"Plzeň, Czech Republic",80458.0,Eva Hrdinova,169.0,2003-03-24 00:00:00,2012-08-06,CZE
,,Right-Handed,Jul 22 1989,"Ostrava, Czech Republic",312303.0,Eva Kadlecova,975.0,2005-08-22 00:00:00,2006-12-18,CZE
,,Right-Handed,Nov 12 1976,"Rokycany, Czech Republic",110280.0,Eva Krejcova,184.0,2000-12-04 00:00:00,2003-07-21,CZE
,,Left-Handed,Jun 9 2007,"Alexandria, Romania",332481.0,Eva Maria Ionescu,1213.0,2023-08-21 00:00:00,2025-08-18,ROU
"5' 7""",1.70m,Right-Handed,Mar 04 1975,"Brno, Czech Republic",130313.0,Eva Martincova,168.0,2000-12-04 00:00:00,2003-08-04,CZE
,,Right-Handed,Dec 21 1994,"Tallinn, Estonia",318933.0,Eva Paalma,934.0,2014-11-03 00:00:00,2014-11-03,EST
,,,,,310874.0,Eva Pera,614.0,2005-08-22 00:00:00,2006-12-18,NED
,,Right-Handed,May 28 1989,,314205.0,Eva Pigova,713.0,2006-12-04 00:00:00,2009-08-24,CZE
"5' 4""",1.63m,Right-Handed,Dec 22 1992,"Brooklyn, NY, USA",318671.0,Eva Raszkiewicz,998.0,2016-02-22 00:00:00,2021-03-08,USA
,,Šumperk,Sep 14 1989,"Sumperk, Czech Republic",320272.0,Eva Rutarova,890.0,2013-10-07 00:00:00,2016-02-22,CZE
,,,Apr 22 1978,,190582.0,Eva Sestakova,1055.0,2000-12-04 00:00:00,2000-12-25,SVK
,,Right-Handed,Nov 2 1996,"Shreveport, LA, USA",322299.0,Eva Siska,1039.0,2016-02-22 00:00:00,2018-03-19,USA
,,Right-Handed,Mar 26 1985,"Mlada Boleslav, Czech Republic",310216.0,Eva Valkova,1016.0,2005-08-22 00:00:00,2005-12-05,CZE
"5' 8""",1.73m,Right-Handed,Mar 26 1999,"Memmingen, Germany",326400.0,Eva Voracek,1085.0,2018-03-19 00:00:00,2025-08-18,GER
,,Right-Handed,Feb 06 1991,"Weert, Netherlands",317882.0,Eva Wacanno,407.0,2011-08-22 00:00:00,2016-10-10,NED
,,Right-Handed,Jul 6 1984,"Haverford, PA, USA",230294.0,Eva Wang,911.0,2000-12-04 00:00:00,2001-12-10,USA
,,,,,318151.0,Eva Zagorac,812.0,2016-02-22 00:00:00,2016-02-22,SLO
,,,May 16 1979,,180301.0,Evagelia Roussi,465.0,2000-12-04 00:00:00,2002-06-03,GRE
,,,,,190783.0,Evelina Scalise,691.0,2000-12-04 00:00:00,2001-09-03,ARG
,,Right-Handed,Oct 23 1983,"Surabaya, Indonesia",180470.0,Eveline Rusdianto,1188.0,2001-09-03 00:00:00,2001-09-03,INA
"5' 11""",1.80m,Right-Handed,Mar 19 1984,,220286.0,Eveline Vanhyfte,362.0,2001-12-10 00:00:00,2005-12-05,BEL
"5' 6""",1.68m,Right-Handed,Nov 27 1976,"Sankt Peter, Austria",60160.0,Evelyn Fauth,127.0,2000-12-04 00:00:00,2006-06-05,AUT
,,Right-Handed,May 12 1989,"Lajatico, Italy",313671.0,Evelyn Mayr,301.0,2006-11-13 00:00:00,2012-08-13,ITA
,,Right-Handed,Feb 10 1988,,312902.0,Evgenia Grebenyuk,238.0,2005-11-28 00:00:00,2008-11-10,RUS
"5' 4""",1.63m,Left-Handed,Dec 21 1978,"Moscow, Russia",110303.0,Evgenia Kulikovskaya,91.0,2000-12-04 00:00:00,2004-10-18,RUS
"5' 9""",1.77m,Right-Handed,Nov 30 1986,"Moscow, Russia",310332.0,Evgenia Linetskaya,35.0,2001-09-03 00:00:00,2008-02-18,ISR
"5' 10""",1.77m,Right-Handed,Jun 4 1983,"Minsk, Belarus",190772.0,Evgenia Subbotina,382.0,2000-12-04 00:00:00,2003-07-21,BLR
,,Right-Handed,Jan 17 2001,"Moscow, Russia",326238.0,Evgeniya Burdina,714.0,2019-09-16 00:00:00,2025-08-18,RUS
"5' 7""",1.70m,Right-Handed,May 28 1999,"Moscow, Russia",323692.0,Evgeniya Levashova,696.0,2016-02-22 00:00:00,2021-03-29,RUS
,,Right-Handed,May 6 1995,"Moscow, Russia",318895.0,Evgeniya Svintsova,742.0,2011-12-19 00:00:00,2014-11-03,RUS
,,Right-Handed,Oct 28 1981,"Chisinau, Moldova",10338.0,Evghenia Ablovatchi,564.0,2000-12-04 00:00:00,2003-03-24,MDA
,,Right-Handed,Nov 10 2004,"Minsk, Belarus",329583.0,Evialina Laskevich,319.0,2022-10-24 00:00:00,2025-08-18,BLR
"5' 8""",1.73m,Right-Handed,May 29 1980,"Sydney, Australia",40269.0,Evie Dominikovic,64.0,2000-12-04 00:00:00,2006-12-04,AUS
,,Right-Handed,Feb 14 2003,"Reichstett, France",329003.0,Evita Ramirez,668.0,2022-04-25 00:00:00,2023-08-21,FRA
,,,,,120352.0,Evy Last,623.0,2000-12-04 00:00:00,2001-05-28,BEL
,,,,,312223.0,Eylul Benli,1278.0,2006-12-04 00:00:00,2006-12-18,TUR
,,Right-Handed,Mar 20 1987,"Campinas, Brazil",311987.0,Fabiana Mak,796.0,2005-12-05 00:00:00,2006-12-18,BRA
,,Right-Handed,Jan 1 1986,"Cugnaux, France",30578.0,Fabienne Clavel,948.0,2002-06-03 00:00:00,2002-06-03,FRA
"5' 10""",1.77m,Right-Handed,Jan 3 1996,"Dreieich, Germany",329160.0,Fabienne Gettwart,503.0,2021-03-08 00:00:00,2025-08-18,GER
,,,Jan 1 1983,"Plaisir, France",220226.0,Fabienne Vieille-Grosjean,1215.0,2000-12-04 00:00:00,2000-12-25,FRA
"5' 8""",1.72m,Right-Handed,Jan 07 1979,"Cúcuta, Colombia",260078.0,Fabiola Zuluaga,16.0,2000-12-04 00:00:00,2005-12-05,COL
,,Right-Handed,May 16 2005,"Taipei, Taiwan",331358.0,Fang An Lin,1001.0,2023-08-21 00:00:00,2025-08-18,TPE
"5' 5""",1.66m,Right-Handed,Jan 1 1973,"Hunan, China",120117.0,Fang Li,408.0,2000-12-04 00:00:00,2001-12-17,CHN
"6' 1""",1.86m,Right-Handed,Jan 14 1995,"Beijing, China",320396.0,Fang Ying Xun,167.0,2014-07-28 00:00:00,2025-08-18,CHN
"5' 8""",1.72m,Right-Handed,Aug 27 1987,"Plovdiv, Bulgaria",312639.0,Fani Chifchieva,1020.0,2005-08-22 00:00:00,2005-12-05,BUL
,,Right-Handed,May 05 1997,"Upsala, Sweden",321139.0,Fanny Ostlund,360.0,2016-01-25 00:00:00,2025-03-31,SWE
,,Right-Handed,Sep 25 2002,"Jaipur, India",328290.0,Farhat Aleen Qamar,1390.0,2023-08-21 00:00:00,2023-08-21,IND
,,,Mar 27 1989,"Kyiv, Ukraine",312477.0,Farida Karaieva,584.0,2006-12-04 00:00:00,2008-02-18,UKR
,,Right-Handed,Sep 10 1980,"Algorta, Spain",150147.0,Fatima Olaso,1095.0,2005-12-05 00:00:00,2005-12-05,ESP
,,Left-Handed,Mar 26 1989,"Meknes, Morocco",312150.0,Fatima Zahrae El Allami,438.0,2008-10-27 00:00:00,2011-12-19,MAR
,,Right-Handed,Jan 26 1986,"Ibadan, Nigeria",311085.0,Fatimah Abinu,935.0,2005-08-22 00:00:00,2008-11-03,NGR
"5' 7""",1.70m,Right-Handed,May 20 1991,"Muscat, Oman",313828.0,Fatma Al Nabhani,362.0,2008-11-03 00:00:00,2021-03-29,OMN
,,Right-Handed,Apr 14 1993,"Milan, Italy",318196.0,Federica Arcidiacono,592.0,2016-02-22 00:00:00,2023-08-21,ITA
,,Left-Handed,Jul 06 1999,"Palermo, Italy",323557.0,Federica Bilardo,428.0,2016-02-22 00:00:00,2024-09-23,ITA
,,Right-Handed,Mar 21 1989,"Cattolica, Italy",311466.0,Federica D Ambrosio,1035.0,2005-12-05 00:00:00,2006-12-18,ITA
,,,Jan 22 1989,"Siena, Italy",313026.0,Federica Grazioso,599.0,2005-12-05 00:00:00,2013-10-07,ITA
,,Right-Handed,Feb 21 1997,"Turin, Italy",321396.0,Federica Joe Gardella,1212.0,2016-02-22 00:00:00,2016-02-22,ITA
,,Right-Handed,Jan 3 1996,"Milan, Italy",321766.0,Federica Prati,777.0,2016-02-22 00:00:00,2021-03-29,ITA
"5' 7""",1.7m,Right-Handed,Mar 16 1985,"Faenza, Italy",310445.0,Federica Quercia,385.0,2004-10-18 00:00:00,2012-10-29,ITA
,,Right-Handed,Jun 07 2001,"Sondrio, Italy",327910.0,Federica Rossi,607.0,2019-09-16 00:00:00,2022-10-31,ITA
,,Right-Handed,Oct 27 1987,"Ludwigshafen, Germany",312977.0,Federica Suess,1381.0,2006-12-04 00:00:00,2006-12-04,GER
"5' 3""",1.60m,Right-Handed,Jul 26 2002,"Venice, Italy",326530.0,Federica Trevisan,1227.0,2019-09-16 00:00:00,2021-03-08,ITA
,,Right-Handed,Jun 13 2001,,325239.0,Ferdaous Bahri,1358.0,2021-03-08 00:00:00,2021-03-08,TUN
"6' 0""",1.82m,Right-Handed,Oct 29 1983,"Algiers, Algeria",50137.0,Feriel Esseghir,382.0,2000-12-04 00:00:00,2003-03-24,ALG
"5' 3""",1.60m,Right-Handed,Jan 12 1997,"Santiago, Chile",320018.0,Fernanda Astete,707.0,2022-10-24 00:00:00,2023-08-21,CHI
,,Right-Handed,Jan 2 1983,"Piracicaba, Brazil",20666.0,Fernanda Bini,885.0,2001-09-03 00:00:00,2001-12-10,BRA
"5' 8""",1.72m,Right-Handed,Feb 14 1992,"Santiago, Chile",316854.0,Fernanda Brito,274.0,2011-02-21 00:00:00,2021-10-11,CHI
,,,,,310524.0,Fernanda Caputi,741.0,2001-12-10 00:00:00,2005-12-05,BRA
,,,,,314424.0,Fernanda Faria,647.0,2008-11-03 00:00:00,2011-12-19,BRA
"5' 5""",1.66m,Right-Handed,Oct 13 1988,"Florianopolis, Brazil",311646.0,Fernanda Hermenegildo,370.0,2004-09-27 00:00:00,2011-12-19,BRA
,,Right-Handed,Oct 6 2004,"Tunis, Tunisia",329361.0,Feryel Ben Hassen,1288.0,2023-08-21 00:00:00,2023-08-21,TUN
,,Right-Handed,Mar 26 1982,"Varna, Bulgaria",70405.0,Filipa Gabrovska,877.0,2000-12-04 00:00:00,2001-09-03,BUL
,,,,,20532.0,Fiona Barrett,1231.0,2000-12-04 00:00:00,2000-12-25,GBR
,,Right-Handed,Aug 31 1995,,317678.0,Fiona Codino,718.0,2014-11-03 00:00:00,2021-03-08,FRA
,,Right-Handed,Sep 16 2000,"Embrach, Switzerland",325225.0,Fiona Ganz,548.0,2018-03-19 00:00:00,2025-08-18,SUI
,,Right-Handed,Jan 6 1994,"Paris, France",318322.0,Fiona Gervais,1088.0,2011-12-19 00:00:00,2011-12-19,FRA
,,Left-Handed,Apr 18 1991,"Campinas, Brazil",313758.0,Flavia Borges,987.0,2006-12-04 00:00:00,2008-11-03,BRA
,,Right-Handed,May 13 1992,"Sao Paulo, Brazil",315530.0,Flavia Guimaraes Bueno,653.0,2011-11-28 00:00:00,2016-02-22,BRA
,,Right-Handed,Oct 20 1985,"Esperanza, Argentina",310414.0,Flavia Mignola,372.0,2001-12-10 00:00:00,2007-08-13,ARG
"5' 8""",1.72m,Right-Handed,Feb 25 1982,"Brindisi, Italy",160391.0,Flavia Pennetta,6.0,2000-12-04 00:00:00,2016-07-04,ITA
,,Right-Handed,Dec 30 1980,"Rio de Janeiro, Brazil",180351.0,Flavia Rezende,1028.0,2000-12-04 00:00:00,2000-12-25,BRA
,,Right-Handed,Mar 4 2003,"Istres, France",328235.0,Flavie Brugnone,698.0,2021-03-08 00:00:00,2024-02-26,FRA
"5' 6""",1.69m,Right-Handed,Jan 29 1969,"Faenza, Italy",160093.0,Flora Perfetti,231.0,2000-12-04 00:00:00,2001-09-10,ITA
,,Right-Handed,Oct 02 1985,"Geneva, Switzerland",310982.0,Florence Haring,213.0,2003-12-22 00:00:00,2011-02-21,FRA
,,Right-Handed,Feb 3 1993,,315770.0,Florencia Di Biasi,830.0,2011-02-21 00:00:00,2011-12-19,ARG
"5' 5""",1.64m,Right-Handed,Nov 28 1988,"Rafaela, Argentina",312549.0,Florencia Molinero,170.0,2005-08-22 00:00:00,2017-04-10,ARG
,,Right-Handed,Nov 15 1981,"Buenos Aires, Argentina",180398.0,Florencia Rivolta,655.0,2000-12-04 00:00:00,2003-08-04,ARG
,,Right-Handed,Apr 23 1983,"Buenos Aires, Argentina",190846.0,Florencia Salvadores,524.0,2000-12-04 00:00:00,2004-10-18,ARG
"5' 7""",1.70m,Right-Handed,Sep 9 1987,"Florianopolis, Brazil",311266.0,Florentina Hanisch,1030.0,2005-08-22 00:00:00,2005-12-05,BRA
"5' 2""",1.57m,Right-Handed,Feb 22 1994,"Shreveport, LA, U.S.",321529.0,Frances Altick,970.0,2016-02-22 00:00:00,2018-03-19,USA
,,Right-Handed,Nov 5 1985,"Edinburgh, Scotland",80435.0,Frances Hendry,935.0,2001-12-10 00:00:00,2002-06-03,GBR
,,Right-Handed,Dec 3 1996,"Biella, Italy",320367.0,Francesca Bullani,874.0,2018-03-19 00:00:00,2019-11-25,ITA
"5' 7""",1.70m,Left-Handed,Jul 22 1997,"Pittsburgh, PA, U.S.",324188.0,Francesca Di Lorenzo,118.0,2016-02-22 00:00:00,2024-02-26,USA
,,Right-Handed,Oct 16 1979,"Arezzo, Italy",60253.0,Francesca Frappi,504.0,2002-06-03 00:00:00,2005-08-22,ITA
"5' 8""",1.72m,Right-Handed,Jun 17 1994,"Feltre, Italy",318476.0,Francesca Fusinato,906.0,2011-12-19 00:00:00,2016-02-22,ITA
,,,Apr 10 1973,"San Marino, San Marino",70217.0,Francesca Guardigli,962.0,2000-12-04 00:00:00,2000-12-25,SMR
"5' 6""",1.68m,,Jul 12 1977,"Bologna, Italy",120227.0,Francesca Lubiani,153.0,2000-12-04 00:00:00,2006-12-18,ITA
,,Right-Handed,Apr 29 1991,"Rovigo, Italy",316048.0,Francesca Mazzali,737.0,2011-02-21 00:00:00,2011-12-19,ITA
,,Right-Handed,Oct 27 1994,"Milan, Italy",317308.0,Francesca Palmigiano,637.0,2011-12-19 00:00:00,2016-02-22,ITA
,,Right-Handed,Aug 22 1994,"Leon, Argentina",317193.0,Francesca Rescaldani,625.0,2011-12-19 00:00:00,2016-02-22,ARG
"5' 5""",1.66m,Right-Handed,Jun 23 1980,"Milan, Italy",190666.0,Francesca Schiavone,4.0,2000-12-04 00:00:00,2018-08-13,ITA
"5' 7""",1.70m,Right-Handed,Sep 05 1990,"Rome, Italy",312676.0,Francesca Segarelli,429.0,2013-10-07 00:00:00,2016-02-22,DOM
"5' 6""",1.72m,Right-Handed,Mar 23 1994,"Castiglione, Italy",317394.0,Francesca Sella,934.0,2018-03-19 00:00:00,2018-03-19,ITA
,,Right-Handed,Aug 23 1993,,317619.0,Francesca Stephenson,531.0,2011-02-21 00:00:00,2016-07-18,GBR
,,,,,220284.0,Francesca Volonte,1233.0,2001-09-03 00:00:00,2001-09-03,ITA
,,Right-Handed,Apr 6 1980,"Ciutadella, Spain",190739.0,Francisca  Sintes Martin,970.0,2006-12-04 00:00:00,2008-11-03,ESP
"5' 10""",1.78m,Right-Handed,Feb 05 1997,"Montreal, Canada",320421.0,Francoise Abanda,111.0,2012-10-29 00:00:00,2022-10-31,CAN
,,,,,70443.0,Francoise Gillis,1190.0,2000-12-04 00:00:00,2000-12-25,BEL
,,,,,310359.0,Franziska Etzel,376.0,2001-12-10 00:00:00,2012-08-06,GER
,,Right-Handed,Nov 25 1988,"Reutlingen, Germany",312507.0,Franziska Goetz,1064.0,2005-12-05 00:00:00,2005-12-05,GER
,,Right-Handed,Apr 18 1988,"Oetz, Austria",313034.0,Franziska Klotz,670.0,2005-08-22 00:00:00,2008-11-03,AUT
,,Right-Handed,Aug 11 1990,"Trier, Germany",314389.0,Franziska Koenig,764.0,2013-09-09 00:00:00,2014-01-20,GER
,,Right-Handed,Jul 12 1999,"Herford, Germany",324965.0,Franziska Kommer,1080.0,2019-09-16 00:00:00,2019-09-16,GER
,,Right-Handed,Aug 6 2000,"Potsdam, Germany",325231.0,Franziska Sziedat,915.0,2019-09-16 00:00:00,2025-08-18,GER
,,Left-Handed,Jun 05 1982,"Faro, Portugal",160416.0,Frederica Piedade,142.0,2000-12-04 00:00:00,2010-08-30,POR
,,Right-Handed,Jan 1 1981,"Jakarta, Indonesia",70313.0,Frederika Girsang,1066.0,2000-12-04 00:00:00,2000-12-25,INA
,,Right-Handed,Jun 27 2001,,326601.0,Funa Kozaki,594.0,2019-09-16 00:00:00,2025-08-18,JPN
"5' 9""",1.75m,Right-Handed,Jun 02 1976,Czechoslovakia,140118.0,Gabriela Chmelinova,258.0,2000-12-04 00:00:00,2005-08-22,CZE
,,Right-Handed,May 12 1991,"Valencia, Venezuela",314371.0,Gabriela Coglitore,707.0,2006-12-04 00:00:00,2012-08-06,VEN
"5' 10""",1.78m,Right-Handed,Apr 01 1992,"Ottawa, Canada",314445.0,Gabriela Dabrowski,164.0,2006-12-04 00:00:00,2021-10-11,CAN
,,,,,318354.0,Gabriela Duca,731.0,2016-02-22 00:00:00,2021-03-08,ROU
"5' 4""",1.62m,Right-Handed,Apr 20 1997,"Asuncion, Paraguay",320710.0,Gabriela Ferreira Sanabria,876.0,2014-01-20 00:00:00,2014-11-03,PAR
,,Right-Handed,Jun 4 1991,"Otnice, Czech Republic",316548.0,Gabriela Horackova,640.0,2016-02-22 00:00:00,2021-03-29,CZE
,,Right-Handed,Jun 07 1980,"Santiago, Chile",120351.0,Gabriela Lastra,193.0,2000-12-04 00:00:00,2004-07-26,USA
,,,,,312658.0,Gabriela Mejia Tenorio,623.0,2006-12-04 00:00:00,2008-02-18,COL
,,Right-Handed,Jun 07 1986,"Bucharest, Romania",310418.0,Gabriela Niculescu,376.0,2002-06-03 00:00:00,2006-12-18,ROU
,,Right-Handed,Feb 10 1995,"Brno, Czech republic",318460.0,Gabriela Pantuckova,268.0,2014-01-20 00:00:00,2021-03-08,CZE
"5' 5""",1.65m,Right-Handed,Sep 30 1991,"Valencia, Venezuela",314041.0,Gabriela Paz,230.0,2008-01-07 00:00:00,2013-06-17,VEN
,,Left-Handed,Mar 28 1989,"Punta Arenas, Chile",314613.0,Gabriela Roux,821.0,2006-12-04 00:00:00,2008-11-03,CHI
,,,,,323122.0,Gabriela Tatarus,937.0,2018-03-19 00:00:00,2021-03-08,ROU
,,Right-Handed,Jul 7 1994,"Papendrecht, Netherlands",317314.0,Gabriela Van De Graaf,699.0,2013-10-07 00:00:00,2016-02-22,NED
,,Right-Handed,Apr 01 1985,"Barcelona, Spain",220272.0,Gabriela Velasco Andreu,369.0,2000-12-04 00:00:00,2007-03-12,ESP
,,,,,312454.0,Gabriela Vieira,1032.0,2008-11-03 00:00:00,2008-11-03,BRA
,,,Mar 10 1981,"Bratislava, Slovakia",220205.0,Gabriela Volekova,191.0,2000-12-04 00:00:00,2004-09-27,SVK
,,,,,310036.0,Gabriela Ziliotto,856.0,2001-09-03 00:00:00,2003-07-21,BRA
"6' 1""",1.85m,Right-Handed,Jan 1 1992,"Campo Grande, Brazil",314306.0,Gabriella Barbosa-Costa Silva,568.0,2009-08-24 00:00:00,2011-02-21,BRA
,,Right-Handed,Aug 23 2000,"Collaroy, Australia",325827.0,Gabriella Da Silva Fick,382.0,2018-03-19 00:00:00,2025-08-18,AUS
,,Right-Handed,Nov 1 1995,"Caracas, Venezuela",320078.0,Gabriella De Santis,992.0,2012-08-06 00:00:00,2012-08-06,VEN
,,,,,326511.0,Gabriella Mujan,1092.0,2019-09-16 00:00:00,2021-03-08,NED
,,,,,311488.0,Gabriella Polito,530.0,2006-12-04 00:00:00,2011-02-21,ITA
,,Right-Handed,Jun 11 2003,"Montebello, NY, USA",328128.0,Gabriella Price,654.0,2019-11-25 00:00:00,2025-08-18,USA
,,Right-Handed,Mar 07 1998,"Southampton, England",321034.0,Gabriella Taylor,162.0,2014-11-03 00:00:00,2021-10-11,GBR
"5' 9""",1.75m,Right-Handed,Dec 23 1996,"West Covina, CA, U.S.",319219.0,Gabrielle Andrews,962.0,2011-12-19 00:00:00,2012-08-06,USA
,,,,,20717.0,Gabrielle Baker,443.0,2001-12-10 00:00:00,2004-10-18,AUS
"5' 7""",1.69m,Right-Handed,Nov 28 1977,"Prague, Czech Republic",110381.0,Gabrielle Kucerova,307.0,2000-12-04 00:00:00,2002-09-30,GER
,,Right-Handed,Jan 14 1996,"Long Beach, CA, USA",318626.0,Gabrielle Smith,803.0,2018-03-19 00:00:00,2018-03-19,USA
,,Right-Handed,Nov 15 1977,"Coral Springs, FL, USA",310145.0,Gaelle Adda,1041.0,2001-09-03 00:00:00,2001-12-10,FRA
,,Right-Handed,Feb 25 1988,"Lyon, France",311893.0,Gaelle Desperrier,660.0,2005-08-22 00:00:00,2023-08-21,FRA
,,Right-Handed,Jul 19 1979,"Liege, Belgique",200217.0,Gaelle Taton,340.0,2002-09-30 00:00:00,2003-09-15,BEL
,,Left-Handed,Dec 24 1977,"Sumiswald, Switzerland",230265.0,Gaelle Widmer,238.0,2004-04-12 00:00:00,2008-03-17,SUI
"6' 0""",1.83m,Right-Handed,Apr 17 2005,"Bollate, Italy",331808.0,Gaia Parravicini,1390.0,2023-08-21 00:00:00,2023-08-21,ITA
"5' 7""",1.70m,Left-Handed,Apr 01 1992,"Florence, Italy",318141.0,Gaia Sanesi,294.0,2011-12-19 00:00:00,2021-10-11,ITA
,,Right-Handed,Oct 23 1997,"Arezzo, Italy",322608.0,Gaia Squarcialupi,858.0,2022-10-24 00:00:00,2025-08-18,ITA
"5' 5""",1.65m,Right-Handed,Jun 05 1991,"Zaporizhzhia, Ukraine",313791.0,Gail Brodsky,182.0,2006-12-04 00:00:00,2021-03-29,USA
,,Right-Handed,Jun 3 2005,"Buenos Aires, Argentina",329692.0,Gala Arangio,1377.0,2023-08-21 00:00:00,2023-08-21,ARG
"5' 4""",1.63m,Left-Handed,Dec 23 1973,"Madrid, Spain",120176.0,Gala Leon Garcia,29.0,2000-12-04 00:00:00,2005-04-25,ESP
,,Right-Handed,Jun 23 2001,"Thessaloniki, Greece",328966.0,Galateia Mesochoritou,1028.0,2019-09-16 00:00:00,2021-03-08,GRE
"5' 5""",1.65m,Left-Handed,Jan 17 1984,"Moscow, Russia",60311.0,Galina Fokina,168.0,2000-12-04 00:00:00,2011-02-21,RUS
,,,Jun 21 1973,,130348.0,Galina Misiuriova,1160.0,2000-12-04 00:00:00,2000-12-25,LTU
,,Right-Handed,Sep 23 1989,,313065.0,Galina Semenova,1249.0,2006-12-04 00:00:00,2006-12-18,BLR
"6' 0""",1.83m,Right-Handed,Dec 18 1984,"Moscow, Russia",310419.0,Galina Voskoboeva,42.0,2001-11-12 00:00:00,2021-03-08,KAZ
,,Right-Handed,Oct 16 1991,"Oostkamp, Belgium",314418.0,Gally De Wael,484.0,2010-01-25 00:00:00,2011-12-19,BEL
,,Right-Handed,Sep 9 1988,"Kyiv, Ukraine",311695.0,Galyna Kosyk,265.0,2005-08-22 00:00:00,2009-05-25,UKR
,,Right-Handed,May 29 1988,"Amaravati, India",311788.0,Gangothri Sandri,1261.0,2005-12-05 00:00:00,2006-12-18,IND
,,Right-Handed,Jan 14 1992,"Kharkov, Ukraine",315970.0,Ganna Piven,282.0,2008-10-27 00:00:00,2011-12-19,UKR
,,Right-Handed,Apr 08 1994,"Kyiv, Ukraine",317711.0,Ganna Poznikhirenko,255.0,2011-12-19 00:00:00,2024-05-06,UKR
,,Right-Handed,Sep 23 1996,"Sliven, Bulgaria",319692.0,Gebriela Mihaylova,869.0,2018-03-19 00:00:00,2021-03-29,BUL
,,Right-Handed,Dec 28 1983,"Amaravati, India",130688.0,Geeta Manohar,720.0,2000-12-04 00:00:00,2006-12-18,IND
,,Right-Handed,Mar 4 1982,"Sant Just Desvern, Spain",70469.0,Gemma Gallo Gomez,532.0,2000-12-04 00:00:00,2003-07-21,ESP
,,Right-Handed,Feb 5 2001,,326936.0,Gemma Lairon Navarro,872.0,2019-09-16 00:00:00,2021-03-08,ESP
,,,,,150183.0,Gemma Olle,591.0,2001-12-10 00:00:00,2003-08-04,ESP
,,Right-Handed,Apr 5 1990,"Adelaide, Australia",325740.0,Genevieve Lorbergs,772.0,2018-03-19 00:00:00,2018-10-15,AUS
,,,,,310689.0,Georgette Wright,575.0,2003-07-21 00:00:00,2007-03-12,USA
,,Right-Handed,Feb 08 1996,"Castelnuovo di Garfagnana, Italy",319593.0,Georgia Brescia,184.0,2013-10-07 00:00:00,2021-03-08,ITA
"5' 10""",1.78m,Left-Handed,Apr 18 2000,"Dublin, Ireland",327584.0,Georgia Drummy,808.0,2019-09-16 00:00:00,2021-03-29,IRL
"5' 6""",1.68m,Right-Handed,Sep 13 1999,"Curitiba, Brazil",325817.0,Georgia Gulin,860.0,2023-08-21 00:00:00,2025-06-02,BRA
,,,,,331395.0,Georgia Kalamaris,1255.0,2023-08-21 00:00:00,2023-08-21,FRA
"5' 7""",1.70m,Right-Handed,Sep 21 1986,"Mettawa, IL, USA",312496.0,Georgia Rose,879.0,2005-08-22 00:00:00,2005-12-05,GBR
"5' 5""",1.65m,Right-Handed,Jan 13 1988,"Cambridge, England",311296.0,Georgie Gent,178.0,2005-08-22 00:00:00,2011-02-21,GBR
,,,,,40384.0,Georgina Dinham,1209.0,2000-12-04 00:00:00,2000-12-25,GBR
"6' 2""",1.87m,Right-Handed,May 13 1992,"Barcelona, Spain",315815.0,Georgina Garcia Perez,124.0,2011-02-21 00:00:00,2024-07-15,ESP
,,Right-Handed,Jan 31 1978,"Buenos Aires, Argentina",10147.0,Geraldine Aizenberg,508.0,2000-12-04 00:00:00,2001-09-03,ARG
,,Right-Handed,Mar 29 1986,"Florence, Italy",312556.0,Geraldine Roma,731.0,2005-08-22 00:00:00,2005-12-05,SWE
"5' 7""",1.70m,Right-Handed,Apr 02 1974,"Rome, Italy",40189.0,Germana Di Natale,189.0,2000-12-04 00:00:00,2002-06-03,ITA
,,,,,313101.0,Giada Calabretta,1396.0,2005-12-05 00:00:00,2005-12-05,ITA
,,Right-Handed,May 7 1994,"Faloppio, Italy",318654.0,Giada Clerici,724.0,2016-02-22 00:00:00,2018-03-19,ITA
,,Right-Handed,May 30 1976,"Bogota, Colombia",70212.0,Giana Gutierrez,1145.0,2000-12-04 00:00:00,2000-12-25,COL
,,Right-Handed,Nov 30 1983,"Umag, Croatia",40414.0,Gianna Doz,393.0,2002-09-30 00:00:00,2008-11-03,CRO
"5' 7""",1.70m,Right-Handed,Jun 11 2002,"El Paso, TX, USA",326289.0,Gianna Pielet,1185.0,2019-09-16 00:00:00,2021-03-08,USA
,,Right-Handed,Feb 28 1989,"Independencia, Chile",311792.0,Giannina Minieri,985.0,2011-02-21 00:00:00,2011-02-21,CHI
,,Right-Handed,Sep 10 2002,"Essen, Germany",328628.0,Gina Dittmann,977.0,2023-08-21 00:00:00,2025-08-18,GER
,,,,,312797.0,Ginebra Mostajo-Estrada,1131.0,2006-12-04 00:00:00,2006-12-18,ESP
,,Right-Handed,Apr 4 2003,,330772.0,Ginevra Parentini Vallega Montebruno,1390.0,2023-08-21 00:00:00,2023-08-21,ITA
,,Right-Handed,Oct 10 2005,"Uijeongbu, South Korea",330931.0,Gio Jang,1126.0,2023-08-21 00:00:00,2023-08-21,KOR
"5' 7""",1.70m,Right-Handed,Jul 09 1991,"Forlimpopoli, Italy",313497.0,Gioia Barbieri,172.0,2006-12-04 00:00:00,2016-10-10,ITA
,,Right-Handed,Jan 6 1984,"Genoa, Italy",20683.0,Giorgia Buchanan,1065.0,2000-12-04 00:00:00,2001-12-10,ITA
"5' 10""",1.78m,Right-Handed,Jan 21 1995,"Roma, Italy",317387.0,Giorgia Marchetti,541.0,2017-04-10 00:00:00,2021-03-08,ITA
,,Right-Handed,Apr 30 1984,"Genoa, Italy",130769.0,Giorgia Mondani,466.0,2001-09-03 00:00:00,2003-08-04,ITA
,,,Apr 23 1984,"Genoa, Italy",130639.0,Giorgia Mortello,380.0,2000-12-04 00:00:00,2008-11-03,ITA
,,Right-Handed,Feb 24 1992,"Bari, Italy",317994.0,Giorgia Pinto,712.0,2014-11-03 00:00:00,2025-08-04,ITA
"5' 6""",1.68m,Right-Handed,Jul 13 1998,"Frosinone, Italy",322423.0,Giorgia Testa,1014.0,2018-03-19 00:00:00,2018-03-19,ITA
,,Right-Handed,Feb 21 1997,"Sutton Coldfield, England",322825.0,Giorgie Jones,1197.0,2019-09-16 00:00:00,2019-09-16,GBR
"5' 11""",1.80m,Right-Handed,Mar 6 1985,"Campobasso, Italy",40433.0,Giovanna Di Lauro,1152.0,2001-09-03 00:00:00,2001-12-10,ITA
,,Right-Handed,Apr 3 1993,"Sao Paulo, Brazil",318076.0,Giovanna Tomita,1032.0,2016-02-22 00:00:00,2018-03-19,BRA
"5' 6""",1.68m,Right-Handed,Aug 29 1986,"Boca Raton, FL, USA",313353.0,Gira Schofield,703.0,2010-07-05 00:00:00,2011-02-21,USA
"5' 7""",1.70m,Right-Handed,Jan 30 1985,"Tigre, Argentina",40388.0,Gisela Dulko,26.0,2000-12-04 00:00:00,2012-11-19,ARG
"5' 9""",1.76m,Right-Handed,May 07 1976,"Barcelona, Spain",180207.0,Gisela Riera,172.0,2000-12-04 00:00:00,2003-03-24,ESP
,,Right-Handed,Aug 17 1977,,190509.0,Giselle Swart,542.0,2000-12-04 00:00:00,2001-12-10,RSA
,,Right-Handed,May 19 1983,"Oppeano, Italy",20560.0,Giulia Baldoni,715.0,2001-09-03 00:00:00,2005-12-05,ITA
,,Left-Handed,Mar 12 1991,,314525.0,Giulia Bruzzone,439.0,2013-09-09 00:00:00,2014-11-03,ITA
,,,,,324915.0,Giulia Carbonaro,926.0,2022-10-24 00:00:00,2024-02-26,ITA
"5' 6""",1.69m,,Apr 19 1978,"Ferrara, Italy",30339.0,Giulia Casoni,83.0,2000-12-04 00:00:00,2006-12-18,ITA
,,,,,319352.0,Giulia Crescenzi,770.0,2019-09-16 00:00:00,2024-02-26,ITA
,,,Feb 20 1987,"Casale Monferrato, Italy",311043.0,Giulia Gabba,183.0,2004-09-06 00:00:00,2013-06-17,ITA
,,Right-Handed,Oct 31 1991,"Genoa, Italy",316409.0,Giulia Gasparri,618.0,2010-01-25 00:00:00,2011-02-21,ITA
"5' 10""",1.77m,Right-Handed,Nov 18 1987,"Turin, Italy",310915.0,Giulia Gatto-Monticone,148.0,2004-09-06 00:00:00,2023-08-21,ITA
,,Right-Handed,Jul 31 1982,,130651.0,Giulia Meruzzi,435.0,2000-12-04 00:00:00,2006-12-18,ITA
,,Left-Handed,Jan 14 2002,"Paris, France",326661.0,Giulia Morlet,1181.0,2021-03-08 00:00:00,2025-06-30,FRA
,,Right-Handed,Jan 21 1996,"Turin, Italy",318542.0,Giulia Pairone,672.0,2012-08-06 00:00:00,2016-02-22,ITA
,,Right-Handed,Feb 22 1992,"Cesenatico, Italy",316465.0,Giulia Pasini,907.0,2011-12-19 00:00:00,2011-12-19,ITA
,,Right-Handed,May 29 1992,"Como, Italy",316263.0,Giulia Sussarello,488.0,2011-12-19 00:00:00,2014-11-03,ITA
,,Right-Handed,Jun 24 2002,"Palermo, Italy",326871.0,Giulia Tedesco,1338.0,2023-08-21 00:00:00,2023-08-21,ITA
,,Right-Handed,Oct 1 1997,"Trento, Italy",322506.0,Giuliana Bestetti,1099.0,2023-08-21 00:00:00,2025-03-03,ITA
"5' 7""",1.70m,Right-Handed,Mar 04 1993,"Schwarzach im Pongau, Austria",316060.0,Giuliana Olmos,343.0,2015-09-14 00:00:00,2022-10-31,MEX
,,Right-Handed,May 24 1998,"Padua, Italy",323643.0,Gloria Ceschi,829.0,2019-11-25 00:00:00,2025-08-18,ITA
,,Right-Handed,Oct 16 1996,"Mississauga, Canada",318800.0,Gloria Liang,610.0,2013-10-07 00:00:00,2016-02-22,CAN
"5' 0""",1.53m,Right-Handed,Jul 24 1975,"Osimo,Italy",160159.0,Gloria Pizzichini,133.0,2000-12-04 00:00:00,2005-12-05,ITA
,,,,,312482.0,Goele Lemmens,1032.0,2006-12-04 00:00:00,2008-11-03,BEL
,,Right-Handed,Dec 22 1992,"New Delhi, India",317496.0,Gopika Kapoor,921.0,2011-12-19 00:00:00,2012-08-06,IND
,,Right-Handed,Aug 22 1998,"Turkistan, Kazakhstan",321271.0,Gozal Ainitdinova,396.0,2016-02-22 00:00:00,2025-06-02,KAZ
"6' 0""",1.83m,Right-Handed,Jan 1 2005,"Vero Beach, FL, USA",331654.0,Grace Levelston,1390.0,2023-08-21 00:00:00,2023-08-21,USA
,,Right-Handed,May 11 1993,"Jakarta, Indonesia",316093.0,Grace Sari Ysidora,615.0,2008-11-03 00:00:00,2012-08-06,INA
,,Right-Handed,Mar 31 1991,"Belgrade, Serbia",313183.0,Gracia Radovanovic,540.0,2006-12-04 00:00:00,2012-08-13,SRB
,,Right-Handed,Jun 29 1977,"Morelia, Mexico",220150.0,Graciela Velez,591.0,2003-03-24 00:00:00,2003-08-25,MEX
"5' 11""",1.80m,Right-Handed,Apr 13 1979,"Budapest, Hungary",10230.0,Greta Arn,40.0,2000-12-04 00:00:00,2021-03-29,HUN
,,Left-Handed,Sep 15 1989,,314310.0,Guadalupe Moreno,581.0,2008-10-27 00:00:00,2014-07-28,ARG
,,Right-Handed,Aug 19 1994,"San Pedro de Jujuy, Argentina",317014.0,Guadalupe Perez Rojas,410.0,2011-02-21 00:00:00,2018-03-19,ARG
,,,Jan 1 1989,"Bahia Blanca, Argentina",314304.0,Guillermina Zukerman,972.0,2006-12-04 00:00:00,2006-12-18,ARG
,,Right-Handed,Apr 4 1974,"Trabzon, Turkey",70291.0,Gulberk Gultekin,935.0,2000-12-04 00:00:00,2001-09-03,TUR
,,,Oct 13 1982,"Moscow, Russia",60292.0,Gulnara Fattakhetdinova,246.0,2000-12-04 00:00:00,2005-12-05,RUS
,,Right-Handed,Dec 19 1997,"Qarshi, Uzbekistan",320113.0,Guzal Yusupova,753.0,2013-10-07 00:00:00,2018-10-15,UZB
,,Right-Handed,Mar 21 2005,"Gwangju, South Korea",332132.0,Gyeong Seo Lee,834.0,2023-08-21 00:00:00,2025-08-18,KOR
,,,Jan 1 1982,"Budapest, Hungary",260134.0,Gyorgyi Zsiros,724.0,2000-12-04 00:00:00,2001-09-03,HUN
,,,Feb 27 1998,"Khimki, Russia",323598.0,Gyulnara Nazarova,848.0,2016-02-22 00:00:00,2019-11-25,RUS
,,Right-Handed,Mar 03 1978,"Rabat, Morocco",90070.0,Habiba Ifrakh,996.0,2008-11-03 00:00:00,2011-12-19,MAR
,,,,,310608.0,Hadas Zabusky,1213.0,2001-12-10 00:00:00,2001-12-10,AUS
"5' 7""",1.71m,Right-Handed,Sep 22 1987,"Seoul, South Korea",311257.0,Hae-Sung Kim,495.0,2005-08-22 00:00:00,2011-12-19,KOR
,,Right-Handed,Apr 14 1987,"Andong, South Korea",311256.0,Hae-Youm Bae,946.0,2005-08-22 00:00:00,2006-12-18,KOR
,,Right-Handed,Aug 29 1993,,317107.0,Haine Ogata,1032.0,2016-02-22 00:00:00,2025-06-30,JPN
,,Right-Handed,Jun 27 1989,"Duchcov, Czech Republic",311915.0,Hana Birnerova,997.0,2006-12-04 00:00:00,2006-12-18,CZE
,,Right-Handed,Feb 6 1983,"Pilsen, Czech Republic",310119.0,Hana Kraftova,1152.0,2001-09-03 00:00:00,2001-12-10,CZE
,,Right-Handed,Feb 8 1998,"Kranj, Slovenia",325017.0,Hana Mraz,1246.0,2016-02-22 00:00:00,2016-02-22,SLO
"5' 6""",1.68m,,Apr 10 1978,"Kopřivnice, Czech Republic",190476.0,Hana Sromova,87.0,2000-12-04 00:00:00,2009-06-29,CZE
,,Right-Handed,Jan 18 2004,,330539.0,Hanna Bougouffa,1024.0,2023-08-21 00:00:00,2025-08-18,FRA
,,Right-Handed,Jun 8 1990,"Torun, Poland",313396.0,Hanna Kapustka,1254.0,2006-12-04 00:00:00,2006-12-18,POL
,,Right-Handed,Oct 15 1981,"Witten, Germany",110502.0,Hanna Krampe,461.0,2000-12-04 00:00:00,2003-08-04,GER
,,Right-Handed,Apr 3 1994,"Herne, Germany",318493.0,Hanna Landener,877.0,2014-11-03 00:00:00,2014-11-03,GER
,,Right-Handed,Mar 09 1984,,140216.0,Hanna Nooni,152.0,2001-09-03 00:00:00,2010-04-26,SWE
,,,,,160388.0,Hanna Puustinen,1093.0,2000-12-04 00:00:00,2000-12-25,FIN
,,,Dec 22 1998,,323255.0,Hanna Sokal,1197.0,2019-09-16 00:00:00,2019-09-16,BLR
,,Right-Handed,Feb 18 1982,"Thames Ditton, England",30472.0,Hannah Collin,217.0,2000-12-04 00:00:00,2005-12-05,GBR
,,,,,311088.0,Hannah Eke,1176.0,2005-12-05 00:00:00,2006-12-18,NGR
"5' 6""",1.68m,Left-Handed,Nov 27 1987,"Coventry, England",311295.0,Hannah Grady,576.0,2004-10-18 00:00:00,2005-12-05,GBR
,,Left-Handed,Mar 13 1985,"Sonsbeck, Germany",110578.0,Hannah Kuervers,814.0,2005-08-22 00:00:00,2005-12-05,GER
,,,Sep 7 1989,,160457.0,Hannah Parker,1190.0,2000-12-04 00:00:00,2001-12-10,GBR
"5' 3""",1.61m,Right-Handed,Apr 29 1986,"Skanderborg, Denmark",312800.0,Hanne Skak Jensen,338.0,2005-12-05 00:00:00,2010-04-26,DEN
,,Right-Handed,Feb 21 1994,"Zhengzhou, China",317359.0,Hao Chen Tang,373.0,2011-12-19 00:00:00,2017-07-10,CHN
,,Right-Handed,Sep 15 2005,"Gwacheon, South Korea",332134.0,Haram Kim,1390.0,2023-08-21 00:00:00,2023-08-21,KOR
,,Right-Handed,Apr 9 1984,,60306.0,Haruka Fujishiro,687.0,2001-09-03 00:00:00,2008-02-18,JPN
"5' 6""",1.68m,"Shizuoka, Japan",Jun 07 1977,"Tokyo, Japan",90066.0,Haruka Inoue,218.0,2000-12-04 00:00:00,2006-12-18,JPN
,,Right-Handed,Oct 27 1999,"Tokyo, Japan",323182.0,Haruna Arakawa,352.0,2017-02-20 00:00:00,2025-08-18,JPN
"5' 11""",1.80m,Right-Handed,May 17 1995,"Chattanooga, TN, U.S.",319131.0,Hayley Carter,438.0,2011-12-19 00:00:00,2021-03-29,USA
"5' 6""",1.68m,Right-Handed,Apr 10 1990,"Melbourne, Australia",313944.0,Hayley Ericksen,573.0,2010-01-25 00:00:00,2011-02-21,AUS
,,Right-Handed,Oct 27 2006,"Osaka, Japan",332174.0,Hayu Kinoshita,660.0,2022-10-24 00:00:00,2025-08-18,JPN
,,Right-Handed,Feb 9 1984,"Suwon, South Korea",311782.0,Hea-Mi Kim,397.0,2004-09-27 00:00:00,2007-05-07,KOR
,,Right-Handed,Jun 18 1986,,120434.0,Hee Sun Lyoo-Suh,739.0,2001-09-03 00:00:00,2006-12-18,KOR
,,,,,332147.0,Heerae  Im,1144.0,2023-08-21 00:00:00,2023-08-21,KOR
"5' 11""",1.80m,Right-Handed,Sep 25 1986,"Alexandria, Egypt",310917.0,Heidi El Tabakh,146.0,2004-09-27 00:00:00,2016-10-10,CAN
,,,,,60269.0,Heidi Farr,525.0,2000-12-04 00:00:00,2001-05-28,GBR
,,,,,20681.0,Helen Broome,1129.0,2001-09-03 00:00:00,2001-12-10,GBR
"5' 9""",1.75m,Right-Handed,Nov 20 1971,"Essex, England",30205.0,Helen Crook,257.0,2000-12-04 00:00:00,2004-05-24,GBR
,,Right-Handed,Sep 22 1994,"Phuket, Thailand",318591.0,Helen De Cesare,1159.0,2016-02-22 00:00:00,2016-02-22,THA
,,,,,60326.0,Helen Fritche,778.0,2001-09-03 00:00:00,2005-12-05,GBR
,,Right-Handed,Apr 20 1997,,319871.0,Helen Ploskina,705.0,2014-09-22 00:00:00,2016-02-22,UKR
,,Right-Handed,Aug 28 1984,"Bihac, Bosnia Herzegovina",20641.0,Helena Besovic,759.0,2000-12-04 00:00:00,2008-01-14,BIH
"5' 7""",1.70m,Right-Handed,Jan 1 2005,"Berlin, Germany",331870.0,Helena Buchwald,1130.0,2023-08-21 00:00:00,2025-08-18,GER
,,Right-Handed,Jan 03 1981,"Förlösa, Kalmar, Sweden",50152.0,Helena Ejeson,447.0,2000-12-04 00:00:00,2003-08-25,SWE
,,Right-Handed,Feb 20 2002,"Montpellier, France",330568.0,Helena Mohamed,1233.0,2023-08-21 00:00:00,2023-08-21,FRA
,,Right-Handed,Jan 21 2001,"Tallinn, Estonia",326396.0,Helena Narmont,1181.0,2021-03-08 00:00:00,2021-03-08,EST
,,Right-Handed,Apr 8 1983,"Goteborg, Sweden",310238.0,Helena Norfeldt,642.0,2001-12-10 00:00:00,2004-10-18,SWE
,,Right-Handed,Mar 5 2002,"Montfermeil, France",325860.0,Helena Stevic,1039.0,2023-08-21 00:00:00,2025-08-18,FRA
,,Right-Handed,Mar 19 1972,,220102.0,Helena Vildova,659.0,2000-12-04 00:00:00,2000-12-25,CZE
,,Right-Handed,Apr 14 1989,"Oslo, Norway",313364.0,Helene Auensen,885.0,2008-11-03 00:00:00,2008-11-03,NOR
,,Right-Handed,Apr 17 2002,"Valetta, Malta",326198.0,Helene Pellicano,870.0,2018-03-19 00:00:00,2021-03-08,MLT
"5' 9""",1.75m,Right-Handed,Jan 9 1996,"Wolkrange, Belgium",320030.0,Helene Scholsen,350.0,2016-01-25 00:00:00,2021-03-29,BEL
,,,Jul 08 1980,"Luanda, Angola",220245.0,Helga Vieira,374.0,2000-12-04 00:00:00,2002-09-30,POR
"5' 9""",1.77m,,Dec 15 1978,"Nové Zámky, Slovakia",140145.0,Henrieta Nagyova,21.0,2000-12-04 00:00:00,2007-05-28,SVK
"5' 6""",1.68m,Right-Handed,Aug 24 1990,"Dreieich, Germany",316257.0,Hermon Brhane,874.0,2008-11-03 00:00:00,2008-11-03,GER
,,,,,318414.0,Hervita  Mediana,1212.0,2016-02-22 00:00:00,2016-02-22,INA
"5' 7""",1.70m,Right-Handed,Sep 25 2002,"Teaneck, NJ, USA",328322.0,Hibah Shaikh,695.0,2022-10-24 00:00:00,2025-08-18,USA
,,Right-Handed,Oct 5 1995,"Kyoto, Japan",319646.0,Hikari Yamamoto,835.0,2014-11-03 00:00:00,2014-11-03,JPN
"5' 8""",1.72m,Right-Handed,Jul 08 1980,"Okayama, Japan",328634.0,Hikaru Sato,337.0,2023-11-27 00:00:00,2025-08-18,JPN
"5' 7""",1.70m,Right-Handed,Jan 2 1989,"Tel Aviv, Israel",312879.0,Hila Elster,1371.0,2005-12-05 00:00:00,2005-12-05,ISR
,,Right-Handed,Sep 05 1977,"Haifa, Israel",180235.0,Hila Rosen,216.0,2000-12-04 00:00:00,2001-09-03,ISR
"5' 5""",1.65m,Left-Handed,Nov 17 1988,"Los Angeles, CA, USA",313859.0,Hilary Barte,493.0,2006-12-04 00:00:00,2011-02-21,USA
"5' 5""",1.65m,Right-Handed,Dec 01 1991,"Stockholm, Sweden",314813.0,Hilda Melander,313.0,2011-08-22 00:00:00,2016-02-22,SWE
"5' 8""",1.72m,,Sep 13 1984,"Guayaquil, Ecuador",260153.0,Hilda Zuleta Cabrera,586.0,2004-09-27 00:00:00,2006-12-18,ECU
"5' 6""",1.68m,Right-Handed,Apr 10 2002,"Saitama, Japan",326488.0,Himari Sato,769.0,2018-03-19 00:00:00,2025-08-18,JPN
,,Right-Handed,Sep 11 1977,"Kyoto, Japan",110431.0,Hiroko Komori,747.0,2000-12-04 00:00:00,2005-12-05,JPN
,,Right-Handed,Dec 18 1990,"Yokohama, Japan",317821.0,Hiroko Kuwata,150.0,2011-02-21 00:00:00,2025-08-18,JPN
,,,,,140218.0,Hiroko Nishikawa,1106.0,2000-12-04 00:00:00,2000-12-25,JPN
,,,,,329154.0,Hiromi Abe,485.0,2019-09-16 00:00:00,2025-08-18,JPN
,,Right-Handed,Feb 13 1978,"Hiroshima, Japan",150194.0,Hiromi Okazaki,1084.0,2001-09-03 00:00:00,2006-12-18,JPN
,,Right-Handed,Jul 22 1987,"Asahikawa, Japan",314196.0,Hirono Watanabe,550.0,2011-02-21 00:00:00,2016-02-22,JPN
,,,,,310762.0,Hitomi Fujii,1138.0,2005-12-05 00:00:00,2006-12-18,JPN
,,Right-Handed,Jan 22 1986,"Potters Bar, England",310794.0,Holly Bagshaw,635.0,2003-07-21 00:00:00,2005-12-05,GBR
,,Right-Handed,Jul 20 1989,"Sydney, Australia",312720.0,Holly Cao,719.0,2005-12-05 00:00:00,2006-12-18,AUS
"6' 0""",1.83m,Right-Handed,Sep 11 1997,"Middlesex, England",324486.0,Holly Hutchinson,1272.0,2023-08-21 00:00:00,2025-08-18,GBR
"5' 5""",1.65m,Right-Handed,Feb 10 1979,"Bethesda, MD, USA",160365.0,Holly Parkinson,94.0,2000-12-04 00:00:00,2003-03-24,USA
,,,,,312429.0,Holly Richards,1107.0,2005-12-05 00:00:00,2005-12-05,GBR
,,,,,320391.0,Hongrui Sun,887.0,2012-08-06 00:00:00,2012-08-06,CHN
"5' 6""",1.69m,Right-Handed,Apr 23 2000,"Yokohama, Japan",329153.0,Honoka Kobayashi,809.0,2019-09-16 00:00:00,2025-08-18,JPN
,,,,,30585.0,Hsiao-Han Chao,671.0,2000-12-04 00:00:00,2002-09-30,TPE
"5' 8""",1.73m,Right-Handed,Jan 20 2000,"Kaohsiung, Taiwan",325377.0,Hsin-Yuan Shih,1107.0,2016-02-22 00:00:00,2016-02-22,TPE
,,Right-Handed,Sep 14 1993,"Kaohsiung, Taiwan",315739.0,Hua-Chen Lee,325.0,2011-02-21 00:00:00,2021-10-11,TPE
,,,Jan 6 1988,,313498.0,Huan Xia,832.0,2005-12-05 00:00:00,2006-12-18,CHN
,,,,,313268.0,Hui Chen,1091.0,2005-12-05 00:00:00,2006-12-18,CHN
,,,,,322742.0,Huijie Li,1070.0,2016-02-22 00:00:00,2016-02-22,CHN
,,Right-Handed,Aug 07 1989,"Istanbul, Turkey",312294.0,Hulya Esen,511.0,2006-12-04 00:00:00,2016-02-22,TUR
,,,Aug 12 2001,,328003.0,Humera Baharmus,854.0,2021-03-08 00:00:00,2025-08-18,IND
,,Right-Handed,Mar 2 2001,"Boca Raton, FL, USA",325754.0,Hurricane Black,331.0,2019-11-25 00:00:00,2023-08-21,USA
,,Right-Handed,May 20 2002,"Uijeongbu, South Korea",328548.0,Hwui Wi,909.0,2019-11-25 00:00:00,2025-08-18,KOR
,,,,,328365.0,Hx Tan,1273.0,2019-11-25 00:00:00,2019-11-25,SIN
,,,Mar 7 1990,"Seoul, South Korea",312310.0,Hye-Mi Byun,1069.0,2005-12-05 00:00:00,2006-12-18,KOR
,,,Jul 17 1986,,312169.0,Hye-Min Lee,896.0,2011-12-19 00:00:00,2014-11-03,KOR
,,,,,317066.0,Hyojung Yea,1058.0,2011-12-19 00:00:00,2011-12-19,KOR
,,Right-Handed,Dec 27 1991,,316120.0,Hyun Hui Hong,432.0,2010-07-05 00:00:00,2016-02-22,KOR
"5' 10""",1.78m,Right-Handed,Feb 21 2000,"Keelung, Taiwan",323183.0,I-Hsuan Cho,589.0,2016-02-22 00:00:00,2025-06-30,TPE
,,Right-Handed,Sep 21 1988,"Tainan, Taiwan",311456.0,I-Hsuan Hwang,266.0,2005-08-22 00:00:00,2010-07-12,TPE
,,,Nov 21 1981,,230237.0,I-Ting Wang,442.0,2000-12-04 00:00:00,2004-10-18,TPE
,,Right-Handed,Aug 12 1989,"Tbilissi, Georgia",311811.0,Ia Jikia,680.0,2004-09-27 00:00:00,2006-06-05,GEO
,,Right-Handed,Apr 24 1996,"Chisinau, Moldova",319668.0,Iana Tishchenko,1027.0,2016-02-22 00:00:00,2016-02-22,MDA
,,,Oct 24 1985,"Bangalore, India",180462.0,Iciri Rai,774.0,2004-09-27 00:00:00,2005-08-22,IND
"5' 6""",1.68m,Right-Handed,Jun 20 1998,"Lund, Sweden",323009.0,Ida Jarlskog,870.0,2018-03-19 00:00:00,2021-03-08,SWE
"5' 7""",1.70m,Right-Handed,Feb 15 1988,"Oslo, Norway",313367.0,Idunn Hertzberg,972.0,2006-12-04 00:00:00,2006-12-18,NOR
,,Right-Handed,Aug 24 2001,"Chiba, Japan",328976.0,Ikumi Yamazaki,421.0,2022-10-24 00:00:00,2025-08-18,JPN
,,,,,312122.0,Ilana Agranovich,1271.0,2005-12-05 00:00:00,2005-12-05,ISR
,,Right-Handed,Dec 2 1984,"Cagliari, Italy",160463.0,Ilara Pibiri,1234.0,2000-12-04 00:00:00,2000-12-25,ITA
"5' 7""",1.70m,Right-Handed,Sep 23 2000,"Tolentino, Italy",326821.0,Ilaria Sposetti,1357.0,2023-08-21 00:00:00,2023-08-21,ITA
,,,,,325737.0,Ilay Yoruk,469.0,2018-03-19 00:00:00,2025-08-18,TUR
,,,,,312145.0,Ilge Alpay,778.0,2005-08-22 00:00:00,2006-06-05,GBR
"5' 7""",1.70m,Right-Handed,Sep 16 1993,"Piatra Neamt, Romania",316186.0,Ilinca Stoica,904.0,2011-02-21 00:00:00,2011-02-21,ROU
,,,,,320816.0,Ilka Csoregi,717.0,2013-10-07 00:00:00,2014-11-03,HUN
,,Right-Handed,Oct 26 1981,"Aotearoa, New Zealand",70428.0,Ilke Gers,383.0,2000-12-04 00:00:00,2004-10-18,NZL
"5' 8""",1.73m,Right-Handed,Jun 17 1980,"Los Angeles, CA, USA",110535.0,Ilona Kordonskaya,924.0,2000-12-04 00:00:00,2000-12-25,USA
,,Right-Handed,Jan 18 1994,"Minsk, Belarus",317791.0,Ilona Kremen,201.0,2011-08-22 00:00:00,2021-03-29,BLR
"5' 8""",1.73m,Right-Handed,Apr 01 1973,"Pärnu, Estonia",160225.0,Ilona Poljakova,464.0,2000-12-04 00:00:00,2002-09-30,EST
"5' 10""",1.77m,Right-Handed,Jan 18 1994,"Moscow, Russia",310081.0,Ilona Vichnevskaya,341.0,2001-05-28 00:00:00,2003-03-24,RUS
,,Right-Handed,Apr 22 1996,"Durban, South Africa",318101.0,Ilze Hattingh,603.0,2014-09-22 00:00:00,2016-02-22,RSA
,,Right-Handed,Aug 02 1990,"Minsk, Belarus",313061.0,Ima Bohush,563.0,2008-01-07 00:00:00,2010-04-26,RUS
,,Right-Handed,Oct 17 1994,"Neuchatel, Switzerland",318715.0,Imane Kocher,678.0,2013-06-17 00:00:00,2014-11-03,SUI
,,,,,310651.0,Imke Kusgen,550.0,2004-09-06 00:00:00,2006-06-05,GER
,,Right-Handed,Jan 29 1988,"Sarajevo, Bosnia Herzegovina",311689.0,Ina Hadziselimovic,1070.0,2005-12-05 00:00:00,2005-12-05,BIH
,,Right-Handed,Oct 30 1993,"Vilshofen, Germany",320454.0,Ina Kaufinger,1088.0,2016-02-22 00:00:00,2016-02-22,GER
"5' 6""",1.68m,Right-Handed,Sep 6 1999,"Istanbul, Turkey",321992.0,Inci Ogut,951.0,2016-02-22 00:00:00,2016-02-22,TUR
,,,,,317461.0,India Maggen,811.0,2013-10-07 00:00:00,2016-02-22,BEL
"5' 4""",1.62m,Right-Handed,Jun 25 1991,"Karlovac, Croatia",314771.0,Indire Akiki,406.0,2007-08-13 00:00:00,2013-06-17,CRO
,,Right-Handed,May 21 1996,"Cromvoirt, Netherlands",319266.0,Indy De Vroome,177.0,2012-08-06 00:00:00,2022-11-14,NED
,,,,,313460.0,Ineke Mergaert,824.0,2008-11-03 00:00:00,2008-11-03,BEL
,,Right-Handed,Jun 12 2003,"Felixdorf, Austria",330777.0,Ines Faltinger,1390.0,2023-08-21 00:00:00,2023-08-21,AUT
,,Right-Handed,Jun 01 1990,,314649.0,Ines Ferrer Suarez,202.0,2006-12-04 00:00:00,2015-03-09,ESP
,,,Nov 09 1975,,80271.0,Ines Heise,483.0,2000-12-04 00:00:00,2002-09-30,GER
,,Right-Handed,Jan 05 1999,"Algiers, Algeria",321913.0,Ines Ibbou,466.0,2013-10-07 00:00:00,2025-08-18,ALG
,,,,,313607.0,Ines James,1045.0,2005-12-05 00:00:00,2008-11-03,GBR
,,Right-Handed,Jun 14 1981,"POrto, Portugal",312078.0,Ines Moura,1103.0,2005-12-05 00:00:00,2005-12-05,POR
,,Right-Handed,Apr 14 1995,"Courbevoie, France",324374.0,Ines Nicault,1001.0,2019-09-16 00:00:00,2021-03-08,FRA
"5' 6""",1.68m,Right-Handed,Jan 1 2003,"Lisbon, Portugal",329432.0,Ines Oliveira,1273.0,2019-11-25 00:00:00,2021-03-08,POR
"5' 5""",1.65m,Right-Handed,Aug 9 1996,"Alcochete, Portugal",322727.0,Ines Teixeira,1227.0,2019-09-16 00:00:00,2019-09-16,POR
,,,,,10248.0,Inga Albers,300.0,2000-12-04 00:00:00,2002-06-17,GER
"5' 4""",1.62m,Right-Handed,Jun 23 1988,"Salzkotten, Germany",313079.0,Inga Beermann,1248.0,2005-12-05 00:00:00,2005-12-05,GER
,,,,,160494.0,Inga Prodinger,1147.0,2001-09-03 00:00:00,2001-12-10,GER
,,,,,40417.0,Inge De Geest,851.0,2000-12-11 00:00:00,2002-06-03,NED
,,,,,321263.0,Inger Van Dijkman,1127.0,2016-02-22 00:00:00,2016-02-22,NED
,,Right-Handed,Apr 13 1971,"San Salvador, El Salvador",70244.0,Ingrid Gonzalez,1173.0,2001-12-10 00:00:00,2001-12-10,ESA
,,Right-Handed,Aug 22 1996,"Rio de Janeiro, Brazil",320146.0,Ingrid Martins,457.0,2014-11-03 00:00:00,2023-08-21,BRA
"5' 6""",1.68m,Right-Handed,Jun 16 1998,"Bradenton, FL, USA",322489.0,Ingrid Neel,508.0,2014-11-03 00:00:00,2021-03-29,EST
,,,,,160384.0,Ingrid Peltier,788.0,2000-12-04 00:00:00,2002-06-03,FRA
,,Right-Handed,Jun 1 1993,"Craiova, Romania",315264.0,Ingrid Radu,568.0,2008-11-03 00:00:00,2011-12-19,ROU
,,Right-Handed,Dec 27 1989,"Lima, Peru",313529.0,Ingrid Vargas Calvo,502.0,2006-12-04 00:00:00,2012-10-29,PER
"5' 8""",1.73m,Right-Handed,Nov 5 1993,"Zilina, Slovakia",319522.0,Ingrid Vojcinakova,892.0,2019-09-16 00:00:00,2025-06-02,SVK
,,Right-Handed,May 31 1987,"Moscow, Russia",313855.0,Inna Kuzmenko,887.0,2011-02-21 00:00:00,2011-02-21,RUS
,,Right-Handed,Apr 18 1996,"Bucharest, Romania",318368.0,Ioana Ducu,834.0,2013-10-07 00:00:00,2014-01-20,ROU
"5' 5""",1.65m,Right-Handed,Apr 17 1983,"Timișoara, Romania",70422.0,Ioana Gaspar,258.0,2000-12-04 00:00:00,2021-10-11,ROU
"5' 5""",1.65m,Right-Handed,Apr 17 1983,"Timișoara, Romania",313168.0,Ioana Ivan,665.0,2008-10-27 00:00:00,2008-11-03,ROU
"5' 10""",1.78m,Right-Handed,Sep 20 1996,"Craiova, Romania",319452.0,Ioana Loredana Rosca,360.0,2013-06-17 00:00:00,2023-08-21,ROU
,,Right-Handed,Feb 17 1998,"Buzau, Romania",323753.0,Ioana Pietroiu,423.0,2016-10-10 00:00:00,2017-08-14,ROU
"5' 4""",1.63m,Right-Handed,Dec 17 1980,"Sainte-Foy, Canada",160383.0,Ioana Plesu,724.0,2003-03-24 00:00:00,2003-08-04,CAN
,,Right-Handed,Jan 6 2004,"Bucharest, Romania",329348.0,Ioana Zvonaru,631.0,2021-03-08 00:00:00,2025-08-18,ROU
"5' 8""",1.73m,Right-Handed,Jul 23 1990,"Bucharest, Romania",313170.0,Ionela-Andreea Iova,595.0,2006-12-04 00:00:00,2012-08-06,ROU
"5' 11""",1.80m,Right-Handed,Jun 08 1979,"Eskişehir, Turkey",190578.0,Ipek Senoglu,293.0,2000-12-04 00:00:00,2008-11-03,TUR
"5' 9""",1.74m,Right-Handed,Apr 15 1996,"Adana, Turkey",318822.0,Ipek Soylu,151.0,2013-06-17 00:00:00,2022-05-09,TUR
"5' 4""",1.63m,Right-Handed,Oct 31 1969,"Manado, Indonesia",90089.0,Irawati Iskandar,783.0,2000-12-04 00:00:00,2000-12-25,INA
,,,,,140122.0,Irena Nossenko,609.0,2000-12-04 00:00:00,2006-12-18,UKR
"5' 10""",1.78m,Right-Handed,Sep 28 1988,"Belgrade, Serbia",312738.0,Irena Pavlovic,138.0,2005-08-22 00:00:00,2015-07-20,FRA
,,Right-Handed,Oct 11 1998,"Reggio de Calabre, Italy",323889.0,Irene Lavino,932.0,2019-11-25 00:00:00,2025-08-18,ITA
,,Right-Handed,Apr 21 1988,"Oviedo, Spain",312440.0,Irene Rehberger Bescos,420.0,2005-08-22 00:00:00,2010-01-25,ESP
,,Right-Handed,Aug 16 1989,"Madrid, Spain",314998.0,Irene Santos-Bravo,444.0,2008-11-03 00:00:00,2010-07-12,ESP
"5' 5""",1.65m,Right-Handed,Sep 12 2005,"Banska Bystrica, Slovakia",330720.0,Irina Balus,981.0,2023-08-21 00:00:00,2025-08-18,SVK
,,Right-Handed,Mar 5 1983,"Moscow, Russia",20640.0,Irina Bobrysheva,1037.0,2000-12-04 00:00:00,2001-09-03,RUS
,,Right-Handed,May 20 1984,"Moscow, Russia",20648.0,Irina Bulykina,226.0,2001-12-10 00:00:00,2006-06-05,RUS
,,Right-Handed,Jul 05 1986,"Kherson, Ukraine",310817.0,Irina Buryachok,183.0,2005-07-04 00:00:00,2014-03-24,UKR
"5' 7""",1.70m,Left-Handed,Jan 2 2000,"Brussels, Belgium",324296.0,Irina Cantos Siemers,1148.0,2019-09-16 00:00:00,2019-11-25,GER
,,,,,312470.0,Irina Cybina,1364.0,2006-12-04 00:00:00,2006-12-04,LTU
,,,,,40421.0,Irina Delitz,540.0,2001-09-03 00:00:00,2004-10-18,GER
"5' 4""",1.63m,Right-Handed,May 04 1990,"Portoviejo, Ecuador",314545.0,Irina Falconi Hartman,63.0,2006-12-04 00:00:00,2022-01-03,USA
,,Right-Handed,Jan 16 1978,,110370.0,Irina Kornienko,472.0,2000-12-04 00:00:00,2002-06-03,RUS
,,,Sep 19 1986,"Moscow, Russia",310699.0,Irina Kotkina,396.0,2002-09-30 00:00:00,2008-11-03,RUS
"5' 7""",1.69m,Right-Handed,Jan 16 1986,"Riga, Latvia",311336.0,Irina Kuzmina-Rimsa,307.0,2003-07-21 00:00:00,2010-07-05,LAT
"5' 10""",1.78m,Right-Handed,May 20 1999,Riga Latvia,324817.0,Irina Lapustina,1064.0,2018-03-19 00:00:00,2018-03-19,LAT
,,Right-Handed,Jan 21 1996,"Moscow, Russia",318713.0,Irina Lidkovskaya,1292.0,2016-02-22 00:00:00,2016-02-22,RUS
"5' 2""",1.58m,Right-Handed,Jun 09 1991,"Rennes, France",315261.0,Irina Ramialison,243.0,2010-01-25 00:00:00,2025-03-31,FRA
"5' 10""",1.78m,Right-Handed,Nov 07 1979,"Almaty, Kazakhstan",190572.0,Irina Selyutina,85.0,2000-12-04 00:00:00,2003-12-22,KAZ
,,Right-Handed,Jul 20 1984,"Kemerovo, Russia",310467.0,Irina Smirnova,1023.0,2005-08-22 00:00:00,2005-12-05,RUS
"5' 9""",1.75m,Right-Handed,Mar 26 1974,"Bucharest, Romania",190185.0,Irina Spirlea,165.0,2000-12-04 00:00:00,2001-01-08,ROU
,,,,,10295.0,Irini Alevizopoulou,865.0,2001-09-03 00:00:00,2002-06-03,GRE
,,Right-Handed,Jun 13 1985,"Beverly Hills, CA, USA",90115.0,Iris Ichim,558.0,2004-09-06 00:00:00,2004-10-18,USA
,,,,,314366.0,Iris Khanna,761.0,2006-12-04 00:00:00,2012-08-06,AUT
"5' 7""",1.70m,Right-Handed,Jan 07 1982,"Tashkent, Uzbekistan",200265.0,Iroda Tulyaganova,16.0,2000-12-04 00:00:00,2008-12-08,UZB
"5' 9""",1.74m,Right-Handed,Oct 05 1984,"Minsk, Belarus",110544.0,Iryna Bremond,93.0,2000-12-04 00:00:00,2013-06-17,FRA
"5' 11""",1.80m,Right-Handed,May 27 1990,"Lviv, Ukraine",313668.0,Iryna Khatsko,923.0,2006-12-04 00:00:00,2006-12-18,UKR
,,,,,313248.0,Iryna Malashok,1141.0,2005-12-05 00:00:00,2005-12-05,UKR
,,Left-Handed,Oct 4 1997,"Nantes, France",323976.0,Irys Ekani,739.0,2019-09-16 00:00:00,2021-03-29,FRA
,,Right-Handed,Jun 23 2001,"Palma de Mallorca, Spain",325764.0,Isabel Adrover Gallego,1042.0,2019-09-16 00:00:00,2025-08-18,ESP
,,,Oct 16 1982,,30599.0,Isabel Collischonn,414.0,2001-09-03 00:00:00,2004-10-18,GER
,,,,,314974.0,Isabel Rapisarda-Calvo,564.0,2010-07-05 00:00:00,2012-10-29,ESP
,,,,,330259.0,Isabella Barrera Aguirre,1154.0,2023-08-21 00:00:00,2025-08-18,USA
,,Right-Handed,Nov 12 2001,"Gold Coast, Australia",326656.0,Isabella Bozicevic,1231.0,2019-11-25 00:00:00,2021-03-08,AUS
"5' 7""",1.72m,Right-Handed,Jan 02 1992,"Brisbane, Australia",314622.0,Isabella Holland,179.0,2006-12-04 00:00:00,2014-11-24,AUS
,,Right-Handed,Mar 30 2005,"Pretoria, South Africa",329459.0,Isabella Kruger,330.0,2019-11-25 00:00:00,2025-08-11,RSA
,,,,,130550.0,Isabella Mitterlehner,422.0,2000-12-04 00:00:00,2003-03-24,AUT
"5' 2""",1.57m,Right-Handed,Mar 30 1992,"Asunción, Paraguay",314795.0,Isabella Robbiani,486.0,2008-11-03 00:00:00,2013-06-17,PAR
"5' 9""",1.75m,Right-Handed,Apr 12 2000,"Mississauga, Ontario",323531.0,Isabelle Boulais,580.0,2016-02-22 00:00:00,2025-08-18,CAN
"5' 8""",1.72m,Right-Handed,Jul 1 2006,"London, England",331757.0,Isabelle Lacy,599.0,2023-08-21 00:00:00,2024-02-26,GBR
,,Left-Handed,Sep 07 1996,"Inverness, Scotland",318978.0,Isabelle Wallace,243.0,2014-09-22 00:00:00,2021-03-08,AUS
,,Left-Handed,Apr 29 1985,"Mumbai, India",120410.0,Isha Lakhani,291.0,2000-12-04 00:00:00,2010-01-25,IND
,,Right-Handed,Jan 1 2005,"Bucharest, Romania",331495.0,Iulia Andreea Ionescu,1390.0,2023-08-21 00:00:00,2023-08-21,ROU
,,,,,332867.0,Iulia Bucea,1109.0,2023-08-21 00:00:00,2025-03-03,CAN
,,,,,314054.0,Iuliia Kiriienko,1032.0,2008-11-03 00:00:00,2008-11-03,UKR
,,Right-Handed,Feb 12 2002,"Simferopol, Russia",328612.0,Iuliia Nikitina,1307.0,2021-03-08 00:00:00,2021-03-08,RUS
,,,Nov 24 1987,"Kyiv, Ukraine",313236.0,Iuliia Sandrakova,844.0,2008-11-03 00:00:00,2008-11-03,UKR
"5' 9""",1.75m,Right-Handed,Aug 12 1977,"Zagreb, Croatia",130316.0,Iva Majoli,22.0,2000-12-04 00:00:00,2005-02-21,CRO
,,Right-Handed,Feb 22 1995,"Cakovec, Croatia",318464.0,Iva Mekovec,328.0,2011-12-19 00:00:00,2016-02-22,CRO
,,Right-Handed,Apr 10 1996,,319515.0,Iva Primorac,392.0,2013-09-09 00:00:00,2025-08-18,CRO
,,Right-Handed,Sep 19 1983,Santa Cruz de Tenerife,70493.0,Iva Saric,881.0,2000-12-04 00:00:00,2001-12-10,CRO
"5' 9""",1.75m,Right-Handed,Sep 17 2004,"Belgrade, Serbia",330836.0,Iva Sepa,1390.0,2023-08-21 00:00:00,2023-08-21,SRB
"5' 8""",1.74m,Right-Handed,Apr 17 1988,"Skopje, Macedonia",312340.0,Iva Velkovska,1055.0,2005-08-22 00:00:00,2005-08-22,MKD
"5' 8""",1.74m,Right-Handed,Sep 03 1983,"Zagreb, Croatia",10327.0,Ivana Abramovic,143.0,2000-12-04 00:00:00,2008-07-07,CRO
,,,,,20491.0,Ivana Bracun,585.0,2001-12-10 00:00:00,2003-08-04,CRO
"5' 7""",1.70m,Right-Handed,Sep 11 1999,"Albuquerque, NM, United States",325366.0,Ivana Corley,1261.0,2023-08-21 00:00:00,2023-08-21,USA
,,,,,310747.0,Ivana Gelo,968.0,2006-12-04 00:00:00,2006-12-18,CRO
,,,,,320500.0,Ivana Horvat,1246.0,2016-02-22 00:00:00,2016-02-22,AUT
"5' 9""",1.74m,Right-Handed,May 03 1997,"Čačak, Serbia",320360.0,Ivana Jorovic,86.0,2013-06-17 00:00:00,2023-08-21,SRB
,,,,,100167.0,Ivana Jovanovic,1188.0,2001-12-10 00:00:00,2001-12-10,AUS
,,,,,110461.0,Ivana Kekez,963.0,2001-09-03 00:00:00,2001-12-10,CRO
,,Right-Handed,Nov 8 1986,"Long Beach, CA, USA",316754.0,Ivana King,840.0,2011-02-21 00:00:00,2011-02-21,USA
"5' 11""",1.80m,Right-Handed,Mar 17 1987,"Čakovec, Croatia",310113.0,Ivana Lisjak,95.0,2002-06-03 00:00:00,2014-07-07,CRO
,,Right-Handed,Sep 19 2000,"Sydney, Australia",325856.0,Ivana Popovic,354.0,2018-03-19 00:00:00,2025-01-27,AUS
,,Right-Handed,Mar 03 2001,"Plzeň, Czech Republic",327849.0,Ivana Sebestova,500.0,2019-09-16 00:00:00,2025-08-18,CZE
,,,,,190727.0,Ivana Sokac,857.0,2000-12-04 00:00:00,2005-12-05,CRO
,,,,,316295.0,Ivana Topcic,816.0,2011-12-19 00:00:00,2019-09-16,CRO
,,Right-Handed,Oct 07 1980,,220210.0,Ivana Visic,413.0,2000-12-04 00:00:00,2004-10-18,CRO
,,,,,260130.0,Ivana Zupa,550.0,2000-12-04 00:00:00,2003-07-21,CRO
,,Right-Handed,Jul 25 1995,"Punta Arenas, Chile",318877.0,Ivania Martinich,715.0,2013-09-09 00:00:00,2021-03-08,CHI
,,Right-Handed,Feb 04 1986,"Tashkent, Uzbekistan",310229.0,Ivanna Israilova,417.0,2003-03-24 00:00:00,2007-06-11,RUS
,,Right-Handed,Jan 29 1993,,316775.0,Iveta Dapkute,842.0,2019-09-16 00:00:00,2025-08-18,LTU
,,Right-Handed,Jun 14 1984,"Jihlava, Czech Republic",310214.0,Iveta Gerlova,345.0,2001-12-10 00:00:00,2012-08-06,CZE
"5' 7""",1.70m,Left-Handed,Feb 01 1983,"Most, Czech Republic",20576.0,Iveta Melzer,25.0,2000-12-04 00:00:00,2014-07-28,CZE
"5' 4""",1.63m,Left-Handed,Nov 4 1996,"Albufeira, Portugal",318956.0,Ivone Alvaro,728.0,2014-01-20 00:00:00,2014-11-03,POR
,,,,,321569.0,Izabela Novac,1227.0,2019-09-16 00:00:00,2021-03-08,ROU
"5' 9""",1.75m,Right-Handed,Jan 11 1984,"Jenkintown, PA, USA",30555.0,Jackie Carleton,1130.0,2000-12-04 00:00:00,2001-09-03,USA
,,Right-Handed,Jun 8 1983,"Sarasota, FL, USA",313646.0,Jacqueline Bohannon,1189.0,2006-12-04 00:00:00,2006-12-18,USA
"5' 10""",1.78m,Right-Handed,Aug 30 1991,"Brier, WA, USA",316222.0,Jacqueline Cako,172.0,2008-11-03 00:00:00,2021-03-29,USA
,,Right-Handed,Dec 3 1994,"Bloomfield Hills, MI, USA",316945.0,Jacqueline Crawford,938.0,2013-10-07 00:00:00,2013-10-07,USA
,,,,,310241.0,Jacqueline Froehlich,536.0,2001-09-03 00:00:00,2003-08-25,GER
"5' 3""",1.60m,Right-Handed,Nov 26 1980,"Paducah, KY, U.S.",200036.0,Jacqueline Trail,226.0,2000-12-04 00:00:00,2004-05-24,USA
,,,,,180261.0,Jacquelyn Rosen,482.0,2000-12-04 00:00:00,2003-08-25,USA
"5' 9""",1.75m,Right-Handed,Feb 8 2002,"Pickering, Canada",328727.0,Jada Bui,969.0,2019-09-16 00:00:00,2025-08-18,CAN
,,Right-Handed,Mar 19 1998,"Colton, CA, United States",320287.0,Jada Hart,860.0,2019-11-25 00:00:00,2021-03-29,USA
,,,,,322008.0,Jada Robinson,641.0,2018-03-19 00:00:00,2025-08-18,USA
,,Right-Handed,Feb 9 2002,,329346.0,Jade Bornay,880.0,2021-03-08 00:00:00,2023-08-21,FRA
,,Right-Handed,May 02 1990,"Oxford, England",312201.0,Jade Curtis,325.0,2005-12-05 00:00:00,2010-07-12,GBR
"5' 4""",1.64m,Right-Handed,Jul 13 1991,"Melbourne, Australia",315065.0,Jade Hopper,451.0,2008-11-03 00:00:00,2011-09-05,AUS
"5' 7""",1.70m,Right-Handed,Dec 18 1998,"Auckland, New Zealand",321196.0,Jade Lewis,1013.0,2018-03-19 00:00:00,2018-03-19,NZL
"5' 6""",1.68m,Right-Handed,Feb 17 2004,"Esbly, France",330545.0,Jade Marie,1358.0,2021-03-08 00:00:00,2021-03-08,FRA
,,Right-Handed,Jun 11 2003,"Blenheim, New Zealand",330270.0,Jade Otway,939.0,2023-08-21 00:00:00,2024-02-26,NZL
,,,,,314637.0,Jade Schoelink,837.0,2013-10-07 00:00:00,2014-01-20,NED
"5' 5""",1.64m,Right-Handed,Apr 27 1995,"Kerkrade, Netherlands",317274.0,Jade Suvrijn,345.0,2011-12-19 00:00:00,2021-10-11,FRA
,,Right-Handed,Apr 22 1990,"Lincolnshire, England",314880.0,Jade Windley,279.0,2008-11-03 00:00:00,2014-11-03,GBR
,,Right-Handed,Sep 25 1985,"Suwon, South Korea",313185.0,Jae-Hee Lyoo,1143.0,2006-12-04 00:00:00,2006-12-18,KOR
,,Left-Handed,Jul 28 1999,"Newton Square, PA, USA",322016.0,Jaeda Daniel,681.0,2016-01-25 00:00:00,2025-08-18,USA
,,,,,318514.0,Jainy Scheepens,693.0,2014-01-20 00:00:00,2014-11-03,NED
"5' 8""",1.72m,Right-Handed,Dec 28 1990,"Sofia, Bulgaria",313601.0,Jaklin Alawi,904.0,2006-12-04 00:00:00,2008-11-03,BUL
"5' 7""",1.70m,Right-Handed,May 11 2002,"Apopka, FL, USA",328280.0,Jaleesa Leslie,1358.0,2021-03-08 00:00:00,2021-03-08,USA
"5' 4""",1.63m,Right-Handed,Sep 07 1986,"Atlanta, GA, U.S.",100164.0,Jamea Jackson,43.0,2001-09-03 00:00:00,2009-08-10,USA
"5' 8""",1.73m,Right-Handed,Jan 08 1990,"Frankfurt, Germany",312711.0,Jamie Hampton,24.0,2006-11-13 00:00:00,2014-12-29,USA
,,,,,130754.0,Jamie Macias,1188.0,2000-12-04 00:00:00,2001-09-03,USA
,,Right-Handed,Mar 01 1995,"New Jersey, United States",316929.0,Jan Abaza,386.0,2011-02-21 00:00:00,2016-02-22,USA
,,Right-Handed,Jan 13 1988,"Papenburg, Germany",313550.0,Jana Albers,1382.0,2006-12-04 00:00:00,2006-12-04,GER
,,Right-Handed,Apr 23 1999,"Cacak, Serbia",324834.0,Jana Bojovic,619.0,2019-09-16 00:00:00,2025-08-18,SRB
,,,,,40412.0,Jana Deylova,1147.0,2001-12-10 00:00:00,2001-12-10,CZE
,,Right-Handed,May 22 1981,"Plzeň, Czech Republic",80348.0,Jana Hlavackova,202.0,2000-12-04 00:00:00,2005-08-22,CZE
,,Right-Handed,Feb 3 1996,,320458.0,Jana Jablonovska,846.0,2014-11-03 00:00:00,2021-03-29,SVK
"6' 0""",1.83m,Right-Handed,Dec 08 1987,"Piešťany, Slovakia",311801.0,Jana Juricova,253.0,2005-08-22 00:00:00,2012-08-06,SVK
"5' 11""",1.81m,Right-Handed,Sep 21 1976,"Halle, Germany",110329.0,Jana Kandarr,43.0,2000-12-04 00:00:00,2006-06-05,GER
,,,Nov 22 1979,,120252.0,Jana Lubasova,1049.0,2000-12-04 00:00:00,2000-12-25,CZE
,,Right-Handed,Oct 14 1978,"Kladno, Czech Republic",130480.0,Jana Macurova,413.0,2000-12-04 00:00:00,2003-08-25,CZE
"5' 9""",1.75m,Right-Handed,Jun 09 1974,"Prague, Czech Republic",140081.0,Jana Nejedly,68.0,2000-12-04 00:00:00,2004-03-29,CAN
,,Right-Handed,Jul 23 1990,"Usti nad Orlici, Czech Republic",314220.0,Jana Orlova,616.0,2008-10-27 00:00:00,2011-12-19,CZE
"5' 4""",1.62m,Right-Handed,Feb 27 2005,"Skopje, North Macedonia",331510.0,Jana Stojanova,1357.0,2023-08-21 00:00:00,2023-08-21,BUL
"5' 9""",1.75m,Right-Handed,Dec 5 1991,"Banjara Hills, India",314085.0,Janaki Gunuganti,1233.0,2006-12-04 00:00:00,2006-12-18,IND
"5' 5""",1.65m,Right-Handed,Jun 21 1974,"El Paso, TX, U.S.",30304.0,Jane Chi,148.0,2000-12-04 00:00:00,2003-07-21,USA
"5' 8""",1.72m,Right-Handed,Mar 29 1983,"Manchester, England",150182.0,Jane O'Donoghue,189.0,2000-12-04 00:00:00,2008-01-14,GBR
,,,,,323146.0,Jane Wasserson,1255.0,2019-09-16 00:00:00,2021-03-08,USA
,,Right-Handed,Jun 28 1980,"Bethlehem, PA, USA",20514.0,Janet Bergman,689.0,2004-09-06 00:00:00,2004-10-18,USA
"5' 9""",1.75m,Right-Handed,Oct 22 1976,"Lafayette, IN, U.S.",120235.0,Janet Lee,84.0,2000-12-04 00:00:00,2005-12-05,TPE
,,Right-Handed,Nov 12 1996,"Canterbury, CT, USA",230293.0,Janet Walker,653.0,2000-12-04 00:00:00,2001-09-03,USA
"5' 7""",1.70m,Right-Handed,Jun 11 1986,"Svatava, Czech Republic",310429.0,Janette Bejlkova,397.0,2004-09-06 00:00:00,2006-12-18,CZE
"5' 7""",1.69m,Right-Handed,Jun 04 1974,"Bratislava, Slovakia",80219.0,Janette Husarova,31.0,2000-12-04 00:00:00,2008-01-14,SVK
"5' 6""",1.68m,Right-Handed,May 06 2002,"Jakarta, Indonesia",328818.0,Janice Tjen,590.0,2022-10-24 00:00:00,2025-08-18,INA
,,Right-Handed,Mar 27 1990,"Linz, Austria",314334.0,Janina Toljan,439.0,2008-11-03 00:00:00,2016-02-22,AUT
,,,,,320689.0,Janneke Wikkerink,720.0,2014-11-03 00:00:00,2016-02-22,NED
"5' 7""",1.70m,Right-Handed,Jun 15 2001,"Ganderkesee, Germany",327058.0,Jantje Tilbuerger,747.0,2019-09-16 00:00:00,2023-08-21,GER
"6' 0""",1.82m,Right-Handed,Jun 05 1998,"Bucharest, Romania",320319.0,Jaqueline  Cristian,57.0,2016-02-22 00:00:00,2025-08-18,ROU
"5' 9""",1.74m,Right-Handed,Apr 26 1987,"Bratislava, Slovakia",310169.0,Jarmila Wolfe,25.0,2003-03-24 00:00:00,2016-10-10,AUS
,,Right-Handed,Jul 15 1979,"Jalandhar, India",180425.0,Jasleen Randhawa,1093.0,2000-12-04 00:00:00,2001-09-03,IND
,,Right-Handed,Feb 23 1983,"Adelaide, Australia",80400.0,Jaslyn Hewitt,304.0,2000-12-04 00:00:00,2005-12-05,AUS
,,Right-Handed,Mar 06 2001,,328986.0,Jasmijn Gimbrere,450.0,2022-04-25 00:00:00,2025-08-18,NED
,,Right-Handed,Mar 2 1993,"Heilbronn, Germany",317432.0,Jasmin Kling,1088.0,2011-12-19 00:00:00,2011-12-19,GER
,,,,,317738.0,Jasmin Ladurner,994.0,2011-12-19 00:00:00,2016-02-22,ITA
,,,,,313414.0,Jasmin Steinherr,517.0,2011-02-21 00:00:00,2014-09-22,GER
"5' 9""",1.76m,Right-Handed,Aug 21 1980,"Tübingen, Germany",230219.0,Jasmin Woehr,289.0,2000-12-04 00:00:00,2005-12-05,GER
,,Right-Handed,Feb 26 1991,"Novo Mesto, Slovenia",314490.0,Jasmina Kajtazovic,543.0,2006-12-04 00:00:00,2012-08-06,BIH
,,Right-Handed,Feb 27 1991,"Novo Mesto, Slovenia",314244.0,Jasmina Tinjic,236.0,2007-06-11 00:00:00,2016-02-22,BIH
,,Right-Handed,Nov 8 1988,"New Malden, England",321513.0,Jasmine Amber Asghar,1156.0,2016-02-22 00:00:00,2016-02-22,GBR
,,Right-Handed,Dec 21 2004,"London, England",330283.0,Jasmine Conway,628.0,2022-10-24 00:00:00,2025-08-18,GBR
,,Right-Handed,Oct 08 1990,"Penang, Malaysia",315028.0,Jawairiah Noordin,1287.0,2016-02-22 00:00:00,2016-02-22,MAS
"5' 7""",1.70m,Right-Handed,Feb 19 1993,"Villarica, Paraguay",315751.0,Jazmin Britos,981.0,2011-12-19 00:00:00,2012-08-06,PAR
,,Right-Handed,Jul 19 1994,"Worcester, England",317658.0,Jazzamay Drew,863.0,2016-02-22 00:00:00,2016-02-22,GBR
,,Right-Handed,Jun 07 1974,"Lahaina HI, USA",150155.0,Jean Okada,300.0,2000-12-04 00:00:00,2001-12-17,USA
,,Right-Handed,Jul 5 1990,,314335.0,Jeannine Prentner,710.0,2011-11-28 00:00:00,2013-10-07,AUT
,,,,,331647.0,Jelena Cvijanovic,1190.0,2023-08-21 00:00:00,2023-08-21,AUS
"5' 9""",1.76m,Right-Handed,Apr 12 1983,"Osijek, Croatia",40344.0,Jelena Dokic,4.0,2000-12-04 00:00:00,2013-01-21,AUS
"6' 2""",1.87m,Left-Handed,Apr 12 1986,"Torrance, CA, USA",313369.0,Jelena Durisic,964.0,2006-12-04 00:00:00,2006-12-18,SLO
"5' 10""",1.77m,Right-Handed,Feb 28 1985,"Belgrade, Serbia",100153.0,Jelena Jankovic,1.0,2001-04-02 00:00:00,2018-07-16,SRB
"5' 6""",1.68m,Left-Handed,Jul 06 1981,"Split, Croatia",110380.0,Jelena Kostanic Tosic,32.0,2000-12-04 00:00:00,2011-02-21,CRO
,,Right-Handed,Feb 24 1997,"Belgrade, Serbia",323425.0,Jelena Lukic,1183.0,2016-02-22 00:00:00,2016-02-22,SRB
"5' 7""",1.70m,Right-Handed,Mar 17 1983,"Split, Croatia",160445.0,Jelena Pandzic,137.0,2000-12-04 00:00:00,2014-07-28,CRO
"5' 9""",1.75m,Right-Handed,Sep 14 1987,"Subotica, Serbia",312142.0,Jelena Rajic,1227.0,2005-12-05 00:00:00,2005-12-05,SRB
,,Right-Handed,Feb 19 1992,"Bijeljina, Bosnia and Herzegovina",317092.0,Jelena Simic,433.0,2011-02-21 00:00:00,2019-11-25,BIH
,,Right-Handed,Feb 17 1988,"Tuzla, Bosnia and Herzegovina",310831.0,Jelena Stanivuk,744.0,2005-08-22 00:00:00,2008-01-14,BIH
,,Right-Handed,Apr 13 1997,"Perth, Australia",321020.0,Jelena Stojanovic,791.0,2016-02-22 00:00:00,2021-03-08,AUS
"5' 7""",1.70m,Right-Handed,Dec 07 1986,"São Roque, Brazil",310038.0,Jenifer Widjaja,186.0,2001-09-03 00:00:00,2008-08-04,BRA
"5' 5""",1.65m,Right-Handed,Nov 13 2002,"Tustin, CA, USA",329415.0,Jenna Defalco,460.0,2021-10-11 00:00:00,2025-08-18,USA
,,Right-Handed,Feb 22 1983,,120435.0,Jennie Loow,818.0,2001-12-10 00:00:00,2003-03-24,SWE
,,,,,315414.0,Jennifer Allan,673.0,2011-02-21 00:00:00,2011-12-19,GBR
"5' 7""",1.70m,Right-Handed,Mar 29 1976,"New York City, NY, U.S.",30200.0,Jennifer Capriati,1.0,2000-12-04 00:00:00,2005-08-22,USA
,,Right-Handed,Jul 25 1990,"Blackrock, Ireland",324459.0,Jennifer Claffey,647.0,2016-01-25 00:00:00,2016-07-18,IRL
,,Right-Handed,Sep 22 1986,"New York City, NY, USA",311988.0,Jennifer Elie,219.0,2004-09-27 00:00:00,2022-10-24,USA
"5' 6""",1.68m,,Aug 23 1975,"Sarasota, FL, USA",60151.0,Jennifer Fiers,633.0,2001-09-03 00:00:00,2002-09-30,USA
,,Right-Handed,Jan 19 1977,"Metairie, LA, USA",80304.0,Jennifer Hall,1003.0,2000-12-04 00:00:00,2000-12-25,USA
"5' 7""",1.70m,Right-Handed,Feb 10 1981,"Kansas City, MO, USA",80389.0,Jennifer Hopkins,52.0,2000-12-04 00:00:00,2006-08-14,USA
,,Right-Handed,Jul 2 1983,,120375.0,Jennifer Langer,875.0,2000-12-04 00:00:00,2000-12-25,USA
,,Right-Handed,Oct 3 1999,"Ukhrul, India",322569.0,Jennifer Luikham,684.0,2018-03-19 00:00:00,2023-08-21,IND
"6' 0""",1.83m,Right-Handed,Feb 17 1984,"Bradenton, FL, USA",130696.0,Jennifer Magley,440.0,2000-12-04 00:00:00,2007-06-11,USA
"5' 6""",1.68m,Right-Handed,Aug 6 1983,"Francavilla, Italy",130730.0,Jennifer Miccoli,730.0,2000-12-04 00:00:00,2002-06-03,ITA
,,Right-Handed,Apr 18 1986,"Bordeaux, France",130779.0,Jennifer Migan,846.0,2011-02-21 00:00:00,2011-02-21,FRA
"5' 7""",1.70m,Right-Handed,Oct 12 1969,"Roanoke, VA, U.S.",130737.0,Jennifer Mitchell,1070.0,2000-12-04 00:00:00,2000-12-25,USA
"5' 8""",1.73m,Right-Handed,Aug 7 1978,"Houston, TX, USA",50129.0,Jennifer Russell,319.0,2000-12-04 00:00:00,2003-08-25,USA
,,Right-Handed,Dec 23 1982,,190861.0,Jennifer Schmidt,391.0,2000-12-04 00:00:00,2005-12-05,AUT
"5' 4""",1.62m,Right-Handed,Nov 23 1988,"Chicago, IL, USA",312050.0,Jennifer Stevens,1097.0,2005-08-22 00:00:00,2005-08-22,USA
,,,,,310381.0,Jennifer Tuchband,474.0,2004-09-06 00:00:00,2008-01-14,USA
,,Left-Handed,Jun 14 1995,"Saint-Tropez, France",319009.0,Jennifer Zerbone,608.0,2016-02-22 00:00:00,2017-04-10,FRA
,,Right-Handed,Feb 27 1987,"Miami, FL, USA",310547.0,Jennifer-Lee Heinser,1086.0,2005-12-05 00:00:00,2005-12-05,USA
,,Right-Handed,May 16 1982,,10267.0,Jenny Andrade,958.0,2000-12-04 00:00:00,2000-12-25,COL
,,Right-Handed,Jun 3 1982,"Sydney, Australia",20595.0,Jenny Belobrajdic,300.0,2000-12-04 00:00:00,2003-08-25,AUS
"5' 9""",1.75m,Right-Handed,Jan 14 1983,"Leipzig, Germany",110579.0,Jenny Kuhn,775.0,2001-09-03 00:00:00,2003-08-04,GER
,,,,,120341.0,Jenny Lindstrom,543.0,2001-09-03 00:00:00,2003-08-04,SWE
,,,,,311721.0,Jenny Saarnilinna,1149.0,2005-12-05 00:00:00,2005-12-05,FIN
,,,,,313618.0,Jenny Swift,1161.0,2005-12-05 00:00:00,2006-12-18,AUS
"5' 10""",1.78m,Right-Handed,Nov 22 1984,"Wels, Austria",260151.0,Jenny Zika,657.0,2001-09-03 00:00:00,2002-06-03,AUT
"5' 6""",1.67m,Right-Handed,Apr 2 1979,"Andong, South Korea",30568.0,Jeong A Cho,732.0,2000-12-04 00:00:00,2008-11-03,KOR
,,,,,321745.0,Jeong Kwon,1072.0,2016-02-22 00:00:00,2016-02-22,KOR
,,Right-Handed,Jan 25 1985,"Bell Ville, Argentina",313563.0,Jesica Orselli,546.0,2005-12-05 00:00:00,2007-08-13,ARG
"5' 7""",1.70m,Right-Handed,Jun 16 2004,"Fresno, CA, USA",329676.0,Jessica Alsola,853.0,2023-08-21 00:00:00,2025-06-16,CAN
,,Right-Handed,Oct 1 1992,"Turin, Italy",325792.0,Jessica Bertoldo,953.0,2023-08-21 00:00:00,2025-08-18,ITA
,,Right-Handed,Nov 25 1998,"Sursee, Switzerland",322935.0,Jessica Crivelletto,1032.0,2016-02-22 00:00:00,2018-03-19,SUI
,,,,,312115.0,Jessica Engels,1065.0,2005-08-22 00:00:00,2005-12-05,AUS
,,Left-Handed,Dec 23 1981,"Houston, TX, USA",313602.0,Jessica Ferguson,1079.0,2006-12-04 00:00:00,2006-12-18,USA
"5' 3""",1.60m,Right-Handed,Jul 19 1979,"Mexico City, Mexico",60192.0,Jessica Fernandez,230.0,2000-12-04 00:00:00,2005-08-22,MEX
"5' 7""",1.70m,Right-Handed,Oct 21 1992,"Lyon, France",316962.0,Jessica Ginier,449.0,2011-02-21 00:00:00,2012-08-06,FRA
"5' 5""",1.65m,Right-Handed,Jan 5 1997,"Pittsburgh, PA, USA",319234.0,Jessica Ho,515.0,2016-02-22 00:00:00,2021-03-29,USA
"5' 7""",1.70m,Right-Handed,Jun 26 1989,"Solihull, England",313247.0,Jessica Jackson,1092.0,2005-12-05 00:00:00,2005-12-05,GBR
"5' 9""",1.75m,Right-Handed,Nov 10 1987,"Dayton, OH, United States",310711.0,Jessica Kirkland,151.0,2003-03-24 00:00:00,2008-04-28,USA
,,,,,319096.0,Jessica Lawrence,699.0,2013-06-17 00:00:00,2014-03-24,USA
"5' 7""",1.70m,Right-Handed,Mar 15 1980,"Guatemala City, Guatemala",120344.0,Jessica Lehnhoff,166.0,2002-07-08 00:00:00,2005-08-22,USA
,,Right-Handed,Feb 22 1998,"Brooklyn, NY, USA",325524.0,Jessica Livianu,700.0,2019-11-25 00:00:00,2022-10-24,USA
,,Right-Handed,Jun 26 1983,,130772.0,Jessica Mckeown,1169.0,2001-09-03 00:00:00,2001-09-03,CAN
,,Right-Handed,Aug 28 1986,"Monthey, Switzerland",312601.0,Jessica Mezo,1097.0,2005-12-05 00:00:00,2006-12-04,SUI
"5' 6""",1.67m,Right-Handed,Aug 16 1990,"Perth, Australia",313831.0,Jessica Moore,132.0,2006-12-04 00:00:00,2018-04-09,AUS
"5' 4""",1.63m,Right-Handed,Nov 24 1987,"Chatsworth, CA, USA",311216.0,Jessica Nguyen,395.0,2004-05-10 00:00:00,2006-06-05,USA
,,Right-Handed,Apr 24 1997,"Lucca, Italy",321029.0,Jessica Pieri,205.0,2015-12-07 00:00:00,2025-08-18,ITA
"5' 3""",1.61m,Right-Handed,Mar 26 2002,"Bogota, Colombia",326474.0,Jessica Plazas,861.0,2019-09-16 00:00:00,2021-03-29,COL
"5' 6""",1.68m,Right-Handed,Jun 01 1982,"Hollywood, CA, U.S.",312363.0,Jessica Roland-Rosario,635.0,2005-12-05 00:00:00,2012-08-06,PUR
,,,,,317787.0,Jessica Sabeshinskaja,871.0,2011-12-19 00:00:00,2011-12-19,GER
,,,,,312719.0,Jessica Schaer,1242.0,2006-12-04 00:00:00,2006-12-18,AUS
,,Right-Handed,Jun 19 1994,"Cape Town, South Africa",319084.0,Jessica Simpson,929.0,2013-10-07 00:00:00,2013-10-07,GBR
"5' 8""",1.73m,Right-Handed,Aug 06 1978,"Bloemfontein, South Africa",190510.0,Jessica Steck,200.0,2000-12-04 00:00:00,2003-08-25,RSA
,,,,,190871.0,Jessica Stein,1024.0,2000-12-04 00:00:00,2000-12-25,GER
,,Right-Handed,Apr 28 1993,"Orland Park, IL, USA",318656.0,Jessica Wacnik,521.0,2016-02-22 00:00:00,2018-03-19,USA
,,Right-Handed,Sep 22 1983,,310373.0,Jessica Weyreuter,1184.0,2005-12-05 00:00:00,2006-12-18,ARG
"5' 6""",1.68m,Right-Handed,Mar 4 1987,"Chicago, IL, USA",313260.0,Jessica Williams,1265.0,2005-12-05 00:00:00,2006-12-18,USA
,,Right-Handed,Jan 26 1984,,40393.0,Jessie De Vries,866.0,2005-08-22 00:00:00,2006-12-18,BEL
"5' 9""",1.75m,Right-Handed,Jul 2 1985,"Quebec, Canada",180441.0,Jessie Rochefort,1070.0,2000-12-04 00:00:00,2001-09-03,CAN
"5' 7""",1.69m,Right-Handed,Apr 14 1990,"Jakarta, Indonesia",312690.0,Jessy Rompies,416.0,2006-12-04 00:00:00,2021-03-29,INA
"5' 7""",1.70m,Right-Handed,Sep 10 1981,"College Park, GA, U.S.",160444.0,Jewel Peterson,214.0,2001-09-03 00:00:00,2006-06-05,USA
,,Right-Handed,Jan 7 1979,"Chichester, England",150116.0,Jheni Osman,822.0,2000-12-04 00:00:00,2001-09-03,GBR
,,Right-Handed,Sep 2 1981,"Anyang, South Korea",80438.0,Ji Sun Ha,654.0,2001-12-10 00:00:00,2005-12-05,KOR
,,Right-Handed,Feb 10 1995,"Seoul, South Korea",317064.0,Ji-Hee Choi,339.0,2013-09-09 00:00:00,2023-08-21,KOR
,,,,,314188.0,Ji-Hee Lee,986.0,2016-02-22 00:00:00,2016-02-22,KOR
,,Right-Handed,Jun 29 1986,"Gumi, South Korea",313194.0,Ji-Sun Kim,934.0,2005-12-05 00:00:00,2011-02-21,KOR
"5' 6""",1.68m,Right-Handed,Jan 10 1984,"Yeoju, South Korea",311653.0,Ji-Youn Lee,1031.0,2005-08-22 00:00:00,2006-12-04,KOR
"5' 7""",1.69m,Right-Handed,Sep 17 1985,"Busan, South Korea",310499.0,Ji-Young Kim,543.0,2003-08-04 00:00:00,2012-08-06,KOR
,,,,,324322.0,Jia Ren,1056.0,2018-03-19 00:00:00,2019-09-16,CHN
,,,,,313227.0,Jia Xiang Lu,538.0,2005-12-05 00:00:00,2014-01-20,CHN
,,,,,310988.0,Jia Zhao,868.0,2005-08-22 00:00:00,2005-12-05,CHN
,,,May 26 1995,,319991.0,Jiahui Chen,641.0,2016-02-22 00:00:00,2021-03-08,CHN
,,Right-Handed,Nov 28 2001,"Wuhan, China",327451.0,Jiangxue Han,697.0,2019-11-25 00:00:00,2025-08-18,CHN
,,Right-Handed,Jul 19 1997,"Tianjin, China",323084.0,Jiaqi Kang,341.0,2015-09-14 00:00:00,2021-10-11,CHN
,,,,,327056.0,Jiaqi Wang,490.0,2023-08-21 00:00:00,2025-08-18,CHN
,,,,,325929.0,Jiatian Qi,1071.0,2019-09-16 00:00:00,2021-03-08,CHN
,,Right-Handed,Mar 3 1997,"Shanghai, China",320849.0,Jiaxi Lu,430.0,2016-01-25 00:00:00,2021-10-11,CHN
,,,,,324324.0,Jiaxue Zang,1078.0,2018-03-19 00:00:00,2018-03-19,CHN
,,,,,325808.0,Jiaying He,1197.0,2019-09-16 00:00:00,2025-06-16,CHN
,,,,,333672.0,Jiayou Li,821.0,2023-08-21 00:00:00,2025-06-16,CHN
,,Right-Handed,Oct 16 1984,,80430.0,Jie Hao,329.0,2001-09-03 00:00:00,2010-07-05,CHN
,,,,,240003.0,Jie Xu,1104.0,2000-12-04 00:00:00,2001-12-10,CHN
,,,,,311020.0,Jie Zeng,918.0,2005-08-22 00:00:00,2006-12-04,USA
"5' 5""",1.64m,Right-Handed,Jul 05 1983,"Chengdu, China",260144.0,Jie Zheng,15.0,2000-12-04 00:00:00,2015-09-07,CHN
,,Right-Handed,Apr 17 2002,"Seoul, South Korea",327401.0,Jiho Shin,998.0,2023-08-21 00:00:00,2025-04-21,KOR
"5' 6""",1.68m,Right-Handed,Nov 5 1993,"Langenselbold, Germany",317522.0,Jil Nora Engelmann,1022.0,2016-02-22 00:00:00,2016-02-22,GER
"5' 3""",1.60m,Right-Handed,Jul 04 1974,"Providence, RI, USA",30294.0,Jill Craybas,39.0,2000-12-04 00:00:00,2013-09-30,USA
"5' 11""",1.80m,Right-Handed,Mar 8 1989,"Montreal, Canada",312374.0,Jillian O'Neill,440.0,2005-12-05 00:00:00,2014-11-03,CAN
,,,,,321740.0,Jin Lee,1205.0,2016-02-22 00:00:00,2016-02-22,KOR
"5' 7""",1.70m,Left-Handed,Mar 10 1985,"Cheolwon, South Korea",312275.0,Jin-A Lee,158.0,2004-09-06 00:00:00,2014-11-03,KOR
,,Right-Handed,Nov 17 1970,"Seoul, South Korea",30448.0,Jin-Young Choi,378.0,2000-12-04 00:00:00,2005-12-05,KOR
"5' 9""",1.75m,Right-Handed,Apr 15 1987,"Daqing, China",311943.0,Jing Ren,256.0,2005-08-22 00:00:00,2008-02-18,CHN
,,,,,312283.0,Jing Zhou,1118.0,2005-12-05 00:00:00,2005-12-05,CHN
,,,,,120374.0,Jing-Jing Liu,491.0,2000-12-04 00:00:00,2003-07-21,CHN
"5' 7""",1.70m,Right-Handed,May 05 1989,"Hohhot, China",313765.0,Jing-Jing Lu,159.0,2006-09-25 00:00:00,2025-08-18,CHN
"5' 6""",1.68m,Right-Handed,Feb 28 1974,"Nanjing, China",250040.0,Jing-Qian Yi,94.0,2000-12-04 00:00:00,2002-07-01,CHN
,,Right-Handed,Aug 09 1980,"Prague, Czech Republic",190127.0,Jitka Schonfeldova,726.0,2000-12-04 00:00:00,2001-04-23,CZE
,,,Jun 22 1975,,230194.0,Jo Ward,262.0,2000-12-04 00:00:00,2002-06-03,GBR
"5' 7""",1.70m,Left-Handed,Jan 11 1979,"Rio de Janeiro, Brazil",30396.0,Joana Cortez,204.0,2000-12-04 00:00:00,2008-02-18,BRA
"5' 8""",1.72m,Right-Handed,Oct 02 1994,"Vilnius, Lithuania",318435.0,Joana Eidukonyte,610.0,2011-12-19 00:00:00,2018-03-19,LTU
,,Right-Handed,Dec 27 1987,"Albergaria-a-Velha, Portugal",312730.0,Joana Pangaio Pereira,958.0,2005-12-05 00:00:00,2008-11-03,POR
"5' 5""",1.65m,Right-Handed,Oct 31 1995,"Lisbon, Portugal",318075.0,Joana Vale Costa,905.0,2013-10-07 00:00:00,2016-02-22,POR
"5' 9""",1.75m,Right-Handed,Dec 23 1988,"Leeds, England",313494.0,Joanna Craven,1271.0,2005-12-05 00:00:00,2006-12-04,GBR
"5' 4""",1.63m,Right-Handed,Mar 27 1989,"Krakow, Poland",312533.0,Joanna Matuszczyk,1227.0,2005-12-05 00:00:00,2005-12-05,POL
"5' 8""",1.72m,Right-Handed,May 01 1984,"Kraków, Poland",190815.0,Joanna Sakowicz-Kostecka,138.0,2000-12-04 00:00:00,2009-05-18,POL
,,Right-Handed,Feb 20 1997,"Czarna Sędziszowska, Poland",323481.0,Joanna Zawadzka,956.0,2019-09-16 00:00:00,2023-08-21,POL
,,,,,10376.0,Joanne Akl,742.0,2000-12-04 00:00:00,2004-10-18,FRA
,,Right-Handed,Mar 09 1976,"Birmingham, England",130360.0,Joanne Moore,252.0,2000-12-04 00:00:00,2003-09-15,GBR
"5' 10""",1.79m,Right-Handed,Sep 03 1973,"Johannesburg, South Africa",110167.0,Joannette Kruger,40.0,2000-12-04 00:00:00,2002-12-30,RSA
"6' 2""",1.88m,Right-Handed,Feb 20 1991,"Nottingham, England",314919.0,Jocelyn Rae,450.0,2008-11-03 00:00:00,2011-05-30,GBR
"5' 9""",1.75m,Right-Handed,Aug 22 1981,"Lighthouse Point, FL, USA",311515.0,Jodi Kenoyer,520.0,2003-07-21 00:00:00,2006-12-18,USA
"5' 9""",1.75m,Right-Handed,Aug 12 1977,"Canberra, Australia",180262.0,Jodie Richardson,1110.0,2001-12-10 00:00:00,2001-12-10,AUS
,,,,,10281.0,Jody Anglin,800.0,2001-12-10 00:00:00,2002-09-30,USA
,,Right-Handed,Jun 6 1991,"Hostetter, PA, USA",314253.0,Joelle Kissell,847.0,2019-09-16 00:00:00,2022-10-24,USA
,,Right-Handed,Mar 30 2004,"Bielefeld, Germany",328971.0,Joelle Steur,571.0,2022-10-24 00:00:00,2025-08-18,GER
,,Right-Handed,May 15 1999,"Prague, Czech Republic",324363.0,Johana Markova,385.0,2018-03-19 00:00:00,2022-10-31,CZE
"5' 5""",1.65m,Right-Handed,Feb 15 1992,"Tampere, Finland",315444.0,Johanna Hyoty,906.0,2012-08-06 00:00:00,2012-08-06,FIN
"5' 11""",1.80m,Right-Handed,May 17 1991,"Sydney, Australia",313907.0,Johanna Konta,4.0,2008-10-27 00:00:00,2021-11-29,GBR
"5' 9""",1.74m,Right-Handed,Aug 17 1988,"Boden, Sweden",311593.0,Johanna Larsson,45.0,2005-08-22 00:00:00,2020-02-24,SWE
"5' 8""",1.72m,Right-Handed,May 15 2004,"Roskilde, Denmark",331074.0,Johanne Svendsen,361.0,2022-10-24 00:00:00,2025-08-18,DEN
"5' 11""",1.81m,Right-Handed,Feb 04 1978,"Leiden, Netherlands",130528.0,Jolanda Mens,286.0,2000-12-04 00:00:00,2004-10-18,NED
,,Right-Handed,Aug 31 1968,"Los Angeles, CA, USA",230117.0,Jolene Watanabe-Giltz,226.0,2000-12-04 00:00:00,2002-06-10,USA
,,,,,120430.0,Joo-Hee Lee,851.0,2001-09-03 00:00:00,2006-12-04,KOR
,,,,,313319.0,Joohyoung Kim,807.0,2005-12-05 00:00:00,2008-11-03,KOR
,,Right-Handed,Nov 17 1990,,315094.0,Jordana Lujan,1006.0,2011-02-21 00:00:00,2011-12-19,ARG
,,,,,190791.0,Jordanna Seymour,1147.0,2000-12-04 00:00:00,2001-09-03,AUS
,,,,,20699.0,Jorgelina Barrera,628.0,2000-12-04 00:00:00,2003-07-21,ARG
"5' 4""",1.63m,Right-Handed,Jan 27 1982,"San Francisco, Argentina",30500.0,Jorgelina Cravero,106.0,2000-12-04 00:00:00,2011-12-19,ARG
,,Right-Handed,Oct 12 1977,,200209.0,Jorgelina Torti,460.0,2000-12-04 00:00:00,2001-09-03,ARG
,,,,,312934.0,Josanne Van Bennekom,517.0,2005-11-28 00:00:00,2011-02-21,NED
,,,,,332725.0,Josefina Estevez,895.0,2023-08-21 00:00:00,2023-08-21,ARG
,,Right-Handed,Nov 1 1993,"Angers, France",318272.0,Josepha Adam,641.0,2011-12-19 00:00:00,2014-11-03,FRA
,,Right-Handed,Aug 5 1993,"Sevres, France",319853.0,Josephine Boualem,408.0,2013-06-17 00:00:00,2021-03-08,FRA
"5' 7""",1.70m,Right-Handed,Jan 1 1996,"Ponte Vedra, FL, USA",318993.0,Josie Kuhlman,628.0,2014-07-28 00:00:00,2016-02-22,USA
,,Right-Handed,Jan 27 1988,"Osijek, Croatia",311469.0,Josipa Bek,560.0,2005-08-22 00:00:00,2006-12-18,CRO
"5' 6""",1.68m,Right-Handed,Feb 26 1991,"Caracas, Venezuela",314406.0,Josymar Escalona,822.0,2008-11-03 00:00:00,2008-11-03,VEN
"5' 11""",1.80m,Right-Handed,Sep 30 1993,"Belgrade, Serbia",317351.0,Jovana Jovic,102.0,2011-11-28 00:00:00,2022-05-23,SRB
,,Right-Handed,Jul 18 1998,"Limassol, Cyprus",321829.0,Jovana Knezevic,1212.0,2016-02-22 00:00:00,2016-02-22,GBR
,,,,,312192.0,Jovana Miletic,1195.0,2006-12-04 00:00:00,2006-12-18,SRB
,,,,,190786.0,Jovana Stanisljevic,711.0,2000-12-04 00:00:00,2001-12-10,YUG
,,,,,310534.0,Jovana Stankovic,1359.0,2005-12-05 00:00:00,2005-12-05,SCG
,,,,,313745.0,Ju-Eun Kim,693.0,2011-11-28 00:00:00,2016-02-22,KOR
,,,,,312388.0,Ju-Hee You,1436.0,2006-12-04 00:00:00,2006-12-04,KOR
,,,,,30558.0,Juan-Juan Cheng,1111.0,2000-12-04 00:00:00,2001-09-03,CHN
"5' 5""",1.64m,Right-Handed,Jan 23 2002,"Alicante, Spain",327345.0,Judith Perello Saavedra,894.0,2023-08-21 00:00:00,2025-08-18,ESP
"5' 8""",1.72m,Right-Handed,May 21 1976,"Bielefeld, Germany",10143.0,Julia Abe,226.0,2000-12-04 00:00:00,2001-04-30,GER
,,,,,310442.0,Julia Acs,767.0,2004-09-27 00:00:00,2004-10-18,HUN
,,Right-Handed,Aug 5 1985,"Corrientes, Argentina",10350.0,Julia Arguello,1049.0,2001-12-10 00:00:00,2001-12-10,BRA
,,Right-Handed,Jul 14 1984,"Düsseldorf, Germany",20644.0,Julia Babilon,357.0,2000-12-04 00:00:00,2011-11-28,GER
,,Right-Handed,Sep 4 1983,"Mainz, Germany",20567.0,Julia Biffar,607.0,2000-12-04 00:00:00,2001-05-28,GER
,,,,,312543.0,Julia Bone,649.0,2005-12-05 00:00:00,2008-02-18,GBR
"5' 11""",1.81m,Right-Handed,Sep 09 1991,"Santa Monica, CA, USA",313832.0,Julia Boserup,80.0,2006-12-04 00:00:00,2019-01-14,USA
"5' 5""",1.65m,Right-Handed,Jan 1 2006,"Gijon, Spain",332045.0,Julia Camblor,1357.0,2023-08-21 00:00:00,2023-08-21,ESP
"5' 7""",1.70m,Right-Handed,Mar 23 1989,"Philadelphia, PA, U.S.",311380.0,Julia Cohen,97.0,2004-09-13 00:00:00,2014-11-03,USA
,,,,,310716.0,Julia Dziedzic,858.0,2005-08-22 00:00:00,2006-12-18,AUS
"6' 0""",1.83m,Right-Handed,Feb 14 1985,"Kursk, Russia",310266.0,Julia Efremova,283.0,2001-12-10 00:00:00,2008-11-03,RUS
"5' 5""",1.65m,Right-Handed,Jun 13 1994,"Mineola, NY,United States",319205.0,Julia Elbaba,372.0,2012-08-06 00:00:00,2019-11-25,USA
"5' 7""",1.70m,Right-Handed,Jul 1 1985,"Almansa, Spain",70491.0,Julia Gandia,660.0,2000-12-04 00:00:00,2003-08-04,ESP
"5' 7""",1.71m,Right-Handed,Jan 01 1990,"Bakhmut, Ukraine",312889.0,Julia Glushko,79.0,2005-12-05 00:00:00,2021-10-11,ISR
"5' 11""",1.80m,Right-Handed,Nov 02 1988,"Bad Oldesloe, Germany",313381.0,Julia Goerges,9.0,2005-12-05 00:00:00,2020-10-19,GER
,,Right-Handed,May 31 1988,"Chișinău, Moldavia",314010.0,Julia Helbet,1246.0,2016-02-22 00:00:00,2016-02-22,MDA
"5' 10""",1.77m,Right-Handed,May 3 1986,"Hagen, Germany",312152.0,Julia Hodes,1030.0,2005-08-22 00:00:00,2005-12-05,GER
"5' 6""",1.68m,Right-Handed,Apr 3 1994,"Saint Petersburg, FL, USA",320460.0,Julia Jones,425.0,2015-09-14 00:00:00,2016-10-10,USA
"5' 10""",1.79m,Left-Handed,Oct 12 1993,"Bonn, Germany",317081.0,Julia Kimmelmann,352.0,2011-02-21 00:00:00,2021-03-08,GER
,,Right-Handed,,"Sao Paulo, Brazil",324300.0,Julia Konishi Camargo Silva,774.0,2022-10-24 00:00:00,2025-08-18,BRA
,,,,,314243.0,Julia Landauer,1309.0,2006-12-04 00:00:00,2006-12-18,GER
"5' 5""",1.66m,Left-Handed,Apr 13 1994,"Bielefeld, Germany",317713.0,Julia Lohoff,338.0,2011-02-21 00:00:00,2021-03-29,GER
,,,,,327942.0,Julia Lovqvist,1001.0,2019-11-25 00:00:00,2023-08-21,SWE
,,,Jan 09 1975,"Ufa, Russia",120245.0,Julia Lutrova,682.0,2000-12-04 00:00:00,2001-04-23,RUS
,,Right-Handed,Aug 12 1991,"Lajatico, Italy",314413.0,Julia Mayr,215.0,2008-10-27 00:00:00,2013-06-17,ITA
"5' 4""",1.64m,Right-Handed,Dec 03 1988,"Adelaide, Australia",313783.0,Julia Moriarty,680.0,2008-11-03 00:00:00,2014-03-24,AUS
,,Right-Handed,Sep 2 2000,"Inowroclaw, Poland",324963.0,Julia Oczachowska,903.0,2018-03-19 00:00:00,2021-03-08,POL
,,,,,311184.0,Julia Paetow,1023.0,2005-12-05 00:00:00,2006-12-18,GER
,,Right-Handed,Mar 1 1988,"Ufa, Russia",313503.0,Julia Parasyuk,453.0,2005-11-28 00:00:00,2012-08-06,RUS
,,Right-Handed,Jan 7 1998,"Olot, Spain",322263.0,Julia Payola,427.0,2014-11-03 00:00:00,2021-10-11,ESP
"6' 1""",1.85m,Right-Handed,Mar 24 1998,"Onsala, Sweden",322733.0,Julia Rosenqvist,833.0,2016-02-22 00:00:00,2021-03-08,SWE
,,Right-Handed,Sep 3 1992,"Moscow, Russia",316498.0,Julia Samuseva,597.0,2011-11-28 00:00:00,2014-03-24,RUS
"5' 5""",1.66m,Right-Handed,Aug 16 1982,"Augsburg, Germany",190711.0,Julia Schruff,52.0,2000-12-04 00:00:00,2011-10-03,GER
,,Right-Handed,Aug 10 1985,"Tallinn, Estonia",130736.0,Julia Skripnik,944.0,2006-12-11 00:00:00,2008-11-03,EST
"5' 11""",1.80m,Right-Handed,Jul 28 1983,"Windlesham, England",190788.0,Julia Smith,596.0,2000-12-04 00:00:00,2003-03-24,GBR
,,Right-Handed,Jun 4 1993,"Innsbruck, Austria",316655.0,Julia Stamatova,451.0,2011-02-21 00:00:00,2025-08-18,BUL
"5' 11""",1.80m,Right-Handed,Mar 05 1996,"Sofia, Bulgaria",319626.0,Julia Terziyska,306.0,2014-09-22 00:00:00,2024-02-26,BUL
,,Right-Handed,Jul 4 1990,"Taufkirchen, Germany",314821.0,Julia Thiem,1050.0,2016-02-22 00:00:00,2016-02-22,GER
"6' 0""",1.83m,Right-Handed,Jul 10 1983,"Yalta, Russia",220248.0,Julia Vakulenko,31.0,2000-12-04 00:00:00,2010-08-16,UKR
,,Right-Handed,Jul 18 1994,"Podolsk, Russia",316761.0,Julia Valetova,592.0,2011-11-28 00:00:00,2014-07-28,RUS
,,Left-Handed,Oct 1 2000,,325353.0,Julia Vulpio,905.0,2018-03-19 00:00:00,2018-03-19,FRA
,,Right-Handed,May 6 1987,"Sao Paulo, Brazil",312457.0,Juliana Botelho,985.0,2006-12-04 00:00:00,2006-12-18,BRA
"5' 4""",1.63m,Right-Handed,Aug 26 1992,"Goiania, Brazil",316573.0,Julianna Bacelar,910.0,2011-12-19 00:00:00,2012-08-06,BRA
,,Right-Handed,Jan 7 1985,"San Diego, CA, USA",311781.0,Julianna Gates,799.0,2004-10-18 00:00:00,2006-12-18,USA
"5' 7""",1.72m,Right-Handed,Dec 02 1982,"Amiens, France",30548.0,Julie Coin,60.0,2000-12-04 00:00:00,2016-10-10,FRA
,,,,,40235.0,Julie Dawson,660.0,2000-12-04 00:00:00,2002-06-03,GBR
,,,,,40361.0,Julie De Roo,862.0,2000-12-04 00:00:00,2001-12-10,FRA
"5' 6""",1.68m,,Jan 04 1979,"Atlanta, Georgia",40319.0,Julie Ditty,89.0,2000-12-04 00:00:00,2012-02-13,USA
,,,,,313379.0,Julie Fratoni,1271.0,2005-12-05 00:00:00,2005-12-05,FRA
,,,Jul 22 1991,Left-Handed,315935.0,Julie Gervais,374.0,2016-02-22 00:00:00,2022-10-31,FRA
"5' 8""",1.73m,Right-Handed,Sep 10 1970,"Versailles, France",80005.0,Julie Halard-Decugis,15.0,2000-12-04 00:00:00,2001-01-08,FRA
,,,,,319287.0,Julie Noe,1088.0,2016-02-22 00:00:00,2016-02-22,DEN
"5' 8""",1.73m,Left-Handed,Nov 05 1975,"Cuckfield, Sussex",160183.0,Julie Pullin,133.0,2000-12-04 00:00:00,2004-05-24,GBR
"5' 5""",1.65m,Right-Handed,Mar 14 1997,"Rosnoen, France",321972.0,Julie Razafindranaly,886.0,2016-02-22 00:00:00,2016-02-22,FRA
,,Right-Handed,Oct 07 1972,"Virginia Beach, VA, USA",190116.0,Julie Shiflet,423.0,2000-12-04 00:00:00,2001-12-10,USA
,,Right-Handed,Nov 16 2004,"Jablonec nad Nisou, Czech Republic",330951.0,Julie Struplova,250.0,2022-10-24 00:00:00,2025-08-18,CZE
,,Left-Handed,Oct 16 1975,"Austin, TX, USA",190535.0,Julie Thu,310.0,2000-12-04 00:00:00,2001-04-23,USA
,,Right-Handed,Mar 7 1992,"Marseille, France",319173.0,Julie Tringa,1246.0,2016-02-22 00:00:00,2016-02-22,FRA
,,,,,180401.0,Julieta Robin,860.0,2000-12-04 00:00:00,2001-12-10,ARG
,,Right-Handed,Oct 15 1998,"Cachan, France",325843.0,Juliette Mazzoni,1270.0,2023-08-21 00:00:00,2025-08-11,FRA
,,Right-Handed,Jan 20 1988,,312287.0,Julija Gotovskyte,942.0,2005-08-22 00:00:00,2006-12-18,LTU
"5' 8""",1.72m,Right-Handed,May 24 1992,"Belgrade, Serbia",316391.0,Julija Lukac,1060.0,2011-12-19 00:00:00,2011-12-19,SRB
,,Right-Handed,May 10 2003,"Lyon, France",328236.0,Juline Fayard,1303.0,2021-03-08 00:00:00,2021-03-08,FRA
,,Right-Handed,Apr 29 1999,"Vasteras, Sweden",323010.0,Julita Saner,815.0,2019-09-16 00:00:00,2025-08-18,SWE
"5' 7""",1.75m,Right-Handed,Jul 28 1995,"Rothenburg, Germany",323749.0,Julyette Steur,353.0,2016-02-22 00:00:00,2022-10-24,GER
,,Right-Handed,Jan 26 2005,"Stockholm, Sweden",331954.0,June Bjork,1390.0,2023-08-21 00:00:00,2023-08-21,SWE
,,,,,313193.0,Jung-Eun Kim,1070.0,2005-12-05 00:00:00,2006-12-18,KOR
,,,,,311396.0,Jung-Yoon Shin,1002.0,2005-08-22 00:00:00,2006-12-04,KOR
,,,,,332675.0,Junhan Zhang,1390.0,2023-08-21 00:00:00,2025-08-18,CHN
"5' 7""",1.70m,Right-Handed,Jul 05 1982,"Koshigaya, Japan",140195.0,Junri Namigata,105.0,2000-12-04 00:00:00,2025-08-18,JPN
,,Right-Handed,Dec 8 2005,,332726.0,Justina Gonzalez Daniele,1200.0,2023-08-21 00:00:00,2025-08-18,ARG
,,,,,319470.0,Justine De Sutter,909.0,2013-10-07 00:00:00,2016-02-22,BEL
"5' 5""",1.67m,Right-Handed,Jun 01 1982,"Liège, Belgium",80350.0,Justine Henin,1.0,2000-12-04 00:00:00,2011-01-24,BEL
,,Right-Handed,Jan 31 1988,"Gliwice, Poland",311752.0,Justine Ozga,259.0,2005-08-22 00:00:00,2016-02-22,GER
,,,,,323566.0,Justine Pysson,792.0,2018-10-15 00:00:00,2021-03-08,BEL
"6' 1""",1.85m,Right-Handed,Sep 17 1991,"Opole, Poland",313805.0,Justyna Jegiolka,298.0,2006-12-04 00:00:00,2017-04-10,POL
,,,,,326191.0,Justyna Malatinska,1273.0,2019-11-25 00:00:00,2021-03-08,CZE
,,,,,329719.0,Jwany Sherif,1244.0,2021-03-08 00:00:00,2021-03-08,USA
,,,,,220264.0,Jyotsna Vasisht,539.0,2000-12-04 00:00:00,2002-06-03,IND
,,Right-Handed,Mar 17 1981,"Hong Kong, Hong Kong",200297.0,Ka-Po Tong,236.0,2000-12-04 00:00:00,2003-04-14,HKG
"5' 6""",1.67m,Right-Handed,Jan 13 1991,"Taoyuan City, Taiwan",313923.0,Kai-Chen Chang,82.0,2006-12-04 00:00:00,2021-03-29,TPE
"5' 8""",1.73m,Right-Handed,Jan 28 1990,"Wuhan, China",315072.0,Kai-Lin Zhang,103.0,2011-02-21 00:00:00,2021-04-05,CHN
,,Right-Handed,Nov 08 1989,,312971.0,Kairangi Vano,692.0,2008-10-27 00:00:00,2008-11-03,NZL
"5' 11""",1.80m,Right-Handed,Jan 13 1992,"Orange, CA, USA",315942.0,Kaitlyn Christian,595.0,2009-08-24 00:00:00,2018-03-19,USA
"5' 9""",1.75m,Right-Handed,Dec 4 1997,"Cary, NC, USA",320662.0,Kaitlyn Mccarthy,737.0,2016-02-22 00:00:00,2016-02-22,USA
,,Right-Handed,Jun 18 1995,"Almaty, Kazakhstan",317988.0,Kamila Kerimbayeva,291.0,2011-11-28 00:00:00,2018-07-16,KAZ
,,Right-Handed,Jun 07 2002,"Riga, Latvia",326909.0,Kamilla Bartone,348.0,2019-09-16 00:00:00,2025-08-18,LAT
,,Right-Handed,Feb 1 1985,"Chennai, India",130770.0,Kamini Murugaboopathy,1188.0,2001-09-03 00:00:00,2001-09-03,IND
,,Right-Handed,Feb 15 1996,"Chonburi, Thailand",318694.0,Kamonwan Buayam,343.0,2011-12-19 00:00:00,2021-03-08,THA
,,Right-Handed,Jul 30 1995,"Valencia, Spain",318262.0,Kana Daniel,811.0,2011-02-21 00:00:00,2018-10-15,USA
"5' 6""",1.68m,,Aug 21 1988,"Tokyo, Japan",311465.0,Kana Watanabe,1310.0,2005-12-05 00:00:00,2006-12-04,JPN
,,Right-Handed,Jan 28 1987,"Kyoto, Japan",311410.0,Kanae Hisami,393.0,2005-08-22 00:00:00,2017-04-10,JPN
,,Right-Handed,Sep 05 1996,"Ibaraki, Japan",319587.0,Kanako Morisaki,665.0,2018-03-19 00:00:00,2025-08-18,JPN
"5' 5""",1.66m,Left-Handed,Jan 24 1996,"Kawachinagano, Japan",318869.0,Kanami Tsuji,543.0,2011-11-28 00:00:00,2016-07-18,JPN
,,Right-Handed,Mar 27 1995,"Singapore, Singapore",318683.0,Kanika Vaidya,687.0,2013-10-07 00:00:00,2018-10-15,IND
"5' 9""",1.75m,Right-Handed,Sep 14 1992,"Bangkok, Thailand",315376.0,Kanyapat Narattana,958.0,2008-11-03 00:00:00,2008-11-03,THA
"5' 5""",1.64m,Right-Handed,Aug 26 1981,"Nakano, Japan",10273.0,Kaori Aoyama,309.0,2000-12-04 00:00:00,2006-12-18,JPN
"5' 3""",1.60m,Right-Handed,Jan 31 1986,"Kakogawa, Japan",311838.0,Kaori Onishi,486.0,2004-09-27 00:00:00,2014-04-14,JPN
,,,Dec 9 1987,"Maebashi, Japan",311780.0,Kaoru Maezawa,1246.0,2006-12-04 00:00:00,2006-12-18,JPN
,,,,,310375.0,Kara Molony-Hussey,603.0,2002-09-30 00:00:00,2003-08-25,USA
,,Right-Handed,Jul 03 1992,"Aalborg, Denmark",314386.0,Karen Barritza,397.0,2008-11-03 00:00:00,2018-10-15,DEN
"5' 3""",1.60m,Left-Handed,Jan 09 1988,"La Mesa, Colombia",311651.0,Karen Castiblanco,414.0,2005-08-22 00:00:00,2012-10-29,COL
,,Left-Handed,Feb 19 1974,"Exeter, England",30238.0,Karen Cross,246.0,2000-12-04 00:00:00,2001-10-22,GBR
,,Right-Handed,Jul 19 1990,"Geelong, Australia",314945.0,Karen Filippou,637.0,2011-01-17 00:00:00,2011-02-21,AUS
,,,,,60324.0,Karen Fodera,820.0,2000-12-04 00:00:00,2001-12-10,USA
,,,,,318287.0,Karen Hernandez,978.0,2011-02-21 00:00:00,2011-02-21,MEX
,,Right-Handed,Apr 1 2004,"Bordeaux, France",329046.0,Karen Marthiens,1113.0,2021-03-08 00:00:00,2021-03-08,FRA
,,Right-Handed,Jun 29 1976,"Dublin, Ireland",140031.0,Karen Nugent,593.0,2001-09-03 00:00:00,2005-12-05,IRL
,,Right-Handed,May 18 1982,"Edinburgh, Scotland",160386.0,Karen Paterson,369.0,2000-12-04 00:00:00,2008-02-18,GBR
"5' 5""",1.65m,Right-Handed,Dec 12 1990,"Cali, Colombia",314588.0,Karen Ramirez Rivera,812.0,2008-11-03 00:00:00,2011-02-21,COL
,,,,,322729.0,Kariann Pierre-Louis,866.0,2018-03-19 00:00:00,2023-08-21,USA
,,Right-Handed,Jul 05 1995,"Oberentfelden, Switzerland",318229.0,Karin Kennel,409.0,2013-06-17 00:00:00,2021-10-11,SUI
"5' 11""",1.80m,Right-Handed,Jun 28 1987,"Bruneck, Italy",311299.0,Karin Knapp,33.0,2004-09-06 00:00:00,2017-07-17,ITA
"5' 9""",1.75m,Right-Handed,Sep 14 1968,"Sorengo, Switzerland",110053.0,Karin Kschwendt,410.0,2000-12-04 00:00:00,2001-04-23,AUT
"5' 1""",1.55m,Right-Handed,Dec 10 1977,"Trenton, NJ, USA",130342.0,Karin Miller,225.0,2000-12-04 00:00:00,2002-09-30,USA
,,,Apr 11 1991,,316007.0,Karin Morgosova,351.0,2008-10-27 00:00:00,2014-11-10,SVK
,,Right-Handed,Dec 27 1977,"Guadalajara, Mexico",160249.0,Karin Palme,522.0,2000-12-04 00:00:00,2003-08-04,MEX
,,Right-Handed,Jul 31 1980,"Steffisburg, Switzerland",312742.0,Karin Schlapbach,729.0,2005-08-22 00:00:00,2005-12-05,SUI
"5' 7""",1.70m,Right-Handed,Aug 02 1973,"Bojnice, Slovakia",80186.0,Karina Habsudova,74.0,2000-12-04 00:00:00,2002-09-30,SVK
,,Right-Handed,Mar 6 1992,"Kartmazovo, Russia",316198.0,Karina Isayan,637.0,2008-11-03 00:00:00,2013-10-07,RUS
,,Right-Handed,Jan 01 1980,"Frederiksberg, Denmark",100119.0,Karina Jacobsgaard,432.0,2000-12-04 00:00:00,2006-12-18,DEN
,,Right-Handed,Feb 9 1978,"Viersen, Germany",110369.0,Karina Karner,593.0,2000-12-04 00:00:00,2003-03-24,GER
,,Right-Handed,Mar 14 1991,"Moscow, Russia",317128.0,Karina Pimkina,473.0,2009-08-24 00:00:00,2011-02-21,RUS
,,,,,313431.0,Karina Venditti,725.0,2011-02-21 00:00:00,2012-08-06,BRA
"5' 11""",1.80m,Right-Handed,Oct 21 1998,"Sacramento, CA, USA",320947.0,Karina Vyrlan,777.0,2014-01-20 00:00:00,2016-02-22,USA
"5' 11""",1.80m,Right-Handed,Aug 08 1983,"Montreal, Canada",90101.0,Karine Ionesco,718.0,2001-09-03 00:00:00,2003-03-24,CAN
"5' 6""",1.68m,Right-Handed,May 6 2001,"Lyon, France",328157.0,Karine Job,1308.0,2023-08-21 00:00:00,2025-08-18,CMR
,,Right-Handed,Jun 7 1998,"Moscow, Russia",324263.0,Karine Sarkisova,430.0,2015-06-29 00:00:00,2025-08-18,RUS
,,,,,316004.0,Karis Ryan,894.0,2013-10-07 00:00:00,2014-11-03,AUS
,,,,,160429.0,Karishma Patel,778.0,2000-12-04 00:00:00,2005-12-05,IND
,,,,,314650.0,Karla Gallardo,1393.0,2006-12-04 00:00:00,2006-12-04,MEX
,,Right-Handed,Jun 9 1982,,130683.0,Karla Mancinas,832.0,2000-12-04 00:00:00,2001-12-10,MEX
,,Right-Handed,Jul 28 1982,"Cluj-Napoca, Romania",130635.0,Karla Mraz,275.0,2000-12-04 00:00:00,2011-02-21,FRA
"5' 10""",1.78m,Right-Handed,Sep 5 1995,"Zabok, Croatia",317734.0,Karla Popovic,615.0,2011-11-28 00:00:00,2013-06-17,CRO
"5' 7""",1.70,Right-Handed,Aug 19 1997,"Santo Domingo, Dominican Republic",330037.0,Karla Portalatin,1358.0,2021-03-08 00:00:00,2021-03-08,DOM
,,,,,160493.0,Karla Porter,1130.0,2000-12-04 00:00:00,2001-09-03,USA
"6' 0""",1.83m,Right-Handed,Jun 16 1998,"New Delhi, India",323593.0,Karman Thandi,196.0,2016-02-22 00:00:00,2024-07-15,IND
"5' 10""",1.78m,Right-Handed,Jun 29 1997,"Braila, Romania",320566.0,Karola  Bejenaru,503.0,2016-02-22 00:00:00,2025-08-18,ROU
,,Right-Handed,Nov 1 1997,"Porto Alegre, Brazil",322740.0,Karolayne Alexandre Da Rosa,1073.0,2016-02-22 00:00:00,2021-03-08,BRA
"5' 7""",1.70m,Right-Handed,Oct 4 2000,"Prague, Czech Republic",325928.0,Karolina Berankova,608.0,2018-03-19 00:00:00,2021-03-29,CZE
,,,,,313245.0,Karolina Domanski,1408.0,2006-12-04 00:00:00,2006-12-04,SWE
"5' 7""",1.70m,Right-Handed,Jul 8 1987,"Poznan, Poland",312534.0,Karolina Filipiak,615.0,2005-08-22 00:00:00,2006-12-18,POL
,,Right-Handed,Jun 04 1979,"Warsaw, Poland",100087.0,Karolina Jagieniak,200.0,2000-12-04 00:00:00,2002-09-30,FRA
"6' 0""",1.83m,Right-Handed,Feb 13 1988,"Niš, Serbia",311924.0,Karolina Jovanovic,407.0,2004-10-18 00:00:00,2011-02-21,SRB
,,Right-Handed,Jun 17 1986,"Warsaw, Poland",311382.0,Karolina Kosinska,253.0,2003-07-21 00:00:00,2011-09-05,POL
"6' 0""",1.82m,Right-Handed,Apr 12 2005,"Uzwil, Switzerland",329463.0,Karolina Kozakova,880.0,2023-08-21 00:00:00,2025-08-18,SUI
,,Right-Handed,May 28 2001,"Prostredni Becva, Czech Republic",327411.0,Karolina Kubanova,789.0,2019-09-16 00:00:00,2021-03-29,CZE
,,Right-Handed,Dec 22 1997,"Znojmo, Czech Republic",320436.0,Karolina Novotna,1032.0,2018-03-19 00:00:00,2018-03-19,CZE
,,Right-Handed,Nov 01 1999,"Chorzow, Poland",310725.0,Karolina Nowak,369.0,2005-12-05 00:00:00,2013-09-09,GER
,,,,,190722.0,Karolina Sadaj,1170.0,2000-12-04 00:00:00,2000-12-25,POL
"5' 6""",1.68m,Right-Handed,Feb 23 1996,"Glogow, Poland",320769.0,Karolina Snita,1292.0,2016-02-22 00:00:00,2016-02-22,POL
"5' 8""",1.74m,Right-Handed,Oct 25 1984,"Varaždin, Croatia",190881.0,Karolina Sprem,17.0,2000-12-04 00:00:00,2011-12-19,CRO
"6' 0""",1.84m,Right-Handed,Feb 24 1994,"Děčín, Czech Republic",320300.0,Karolina Stuchla,783.0,2014-11-03 00:00:00,2016-02-22,CZE
,,Right-Handed,Oct 17 2000,"Prague, Czech Republic",327726.0,Karolina Vlckova,979.0,2022-10-24 00:00:00,2025-08-18,CZE
"5' 10""",1.78m,Right-Handed,Jun 27 1987,"Melbourne, Australia",311553.0,Karolina Wlodarczak,380.0,2005-12-05 00:00:00,2016-02-22,AUS
"5' 8""",1.73m,Right-Handed,Jul 01 1976,"Oslo, Norway",20454.0,Karoline Borgersen,389.0,2005-07-18 00:00:00,2006-12-18,NOR
,,Right-Handed,May 21 1996,"Salzburg, Austria",319493.0,Karoline Kurz,894.0,2016-02-22 00:00:00,2018-03-19,AUT
,,Right-Handed,Mar 11 1989,"Bergen, Norway",313164.0,Karoline Steiro,519.0,2006-12-04 00:00:00,2008-06-23,NOR
"5' 7""",1.70m,Right-Handed,Sep 12 1994,"Kenosha, WI, USA",321225.0,Karyn Guttormsen,913.0,2016-02-22 00:00:00,2016-02-22,USA
,,Right-Handed,Jan 31 1999,"Fontenay, France",324305.0,Kassandra Davesne,888.0,2016-02-22 00:00:00,2016-02-22,FRA
"5' 5""",1.65m,Right-Handed,Apr 23 1995,"Darwin, Australia",317603.0,Kassandra Dunser,959.0,2011-02-21 00:00:00,2011-02-21,AUS
"5' 7""",1.70m,Right-Handed,Aug 15 1982,"Tokyo, Japan",10294.0,Kasumi Aiko,620.0,2005-08-22 00:00:00,2007-03-12,JPN
"5' 10""",1.78m,Right-Handed,Nov 12 1979,"Gheorgheni, Romania",130497.0,Katalin Marosi,110.0,2000-12-04 00:00:00,2013-10-07,HUN
,,,Aug 06 1976,,130408.0,Katalin Miskolczi,359.0,2000-12-04 00:00:00,2001-12-10,HUN
"5' 5""",1.65m,Right-Handed,Jan 30 1992,"Miami, FL, USA",314844.0,Katarena Paliivets,985.0,2008-11-03 00:00:00,2011-02-21,CAN
"5' 8""",1.72m,Right-Handed,Sep 24 1993,"Cacak, Serbia",317372.0,Katarina Adamovic,931.0,2013-10-07 00:00:00,2013-10-07,SRB
"5' 9""",1.74m,Right-Handed,Apr 19 1998,"Zrenjanin, Serbia",321292.0,Katarina Jokic,417.0,2013-10-07 00:00:00,2025-08-18,SRB
,,Right-Handed,Jun 02 1985,"Žilina, Slovakia",110605.0,Katarina Kachlikova,217.0,2001-09-03 00:00:00,2011-02-21,SVK
,,Right-Handed,Aug 7 2001,"Kosice, Slovakia",326459.0,Katarina Kuzmova,360.0,2019-09-16 00:00:00,2025-08-18,SVK
,,,,,315550.0,Katarina Marackova,830.0,2011-02-21 00:00:00,2011-02-21,SVK
,,Right-Handed,Jan 7 1988,"Belgrade, Serbia",313121.0,Katarina Milinkovic,1109.0,2006-12-04 00:00:00,2006-12-18,SRB
,,Right-Handed,Feb 05 1976,"Belgrade, Serbia",130419.0,Katarina Misic,220.0,2000-12-04 00:00:00,2005-08-22,SCG
"5' 7""",1.70m,Right-Handed,Mar 26 1989,"Bratislava, Slovakia",314157.0,Katarina Mlcochova,1112.0,2006-12-04 00:00:00,2006-12-18,SVK
"5' 6""",1.67m,Right-Handed,May 24 1990,"Vysoke Tatry, Slovakia",313950.0,Katarina Poljakova,879.0,2008-11-03 00:00:00,2008-11-03,SVK
"5' 11""",1.80m,Right-Handed,Mar 12 1981,"Slovenj Gradec, Slovenia",190636.0,Katarina Srebotnik,20.0,2000-12-04 00:00:00,2011-05-30,SLO
"5' 4""",1.63m,Right-Handed,Jun 29 1997,"Nova Dedinka, Slovakia",321681.0,Katarina Stresnakova,528.0,2016-02-22 00:00:00,2025-08-18,SVK
"5' 11""",1.80m,Right-Handed,Apr 28 1988,"Helsinki, Finland",313524.0,Katarina Tuohimaa,768.0,2006-12-04 00:00:00,2006-12-18,FIN
,,Right-Handed,Jan 9 1987,"Etobicoke, Ontario",310255.0,Katarina Zoricic,676.0,2001-09-03 00:00:00,2005-12-05,CAN
"5' 10""",1.77m,Right-Handed,Sep 25 1998,"Krakow, Poland",322882.0,Katarzyna Pitak,1061.0,2019-09-16 00:00:00,2019-11-25,GBR
"5' 8""",1.73m,Right-Handed,Feb 16 1991,"Poznań, Poland",313806.0,Katarzyna Piter,95.0,2008-01-07 00:00:00,2022-10-24,POL
"5' 10""",1.77m,Right-Handed,Feb 21 1986,"Pabianice, Poland",310791.0,Katarzyna Siwosz,771.0,2003-03-24 00:00:00,2006-06-05,POL
,,Right-Handed,Nov 28 1979,"Kraków, Poland",190623.0,Katarzyna Straczy,295.0,2000-12-04 00:00:00,2003-08-04,POL
,,,,,230292.0,Katarzyna Walukiewicz,1215.0,2000-12-04 00:00:00,2000-12-25,POL
,,,,,50128.0,Kate Elliott,685.0,2000-12-04 00:00:00,2001-04-23,GBR
"5' 6""",1.68m,Right-Handed,Oct 30 2006,"Astana, Kazakhstan",333117.0,Kate Fakih,1117.0,2023-08-21 00:00:00,2025-08-18,USA
"5' 7""",1.70m,Right-Handed,Nov 11 1983,"Nashville, TN, USA",311664.0,Kate Jolson,1208.0,2006-12-04 00:00:00,2006-12-18,USA
,,Right-Handed,Apr 15 1982,"Evergreen, CO, USA",120359.0,Kate Lutgert,633.0,2000-12-04 00:00:00,2001-12-10,USA
"5' 3""",1.61m,Right-Handed,Feb 28 1981,"Edmondson Park, Australia",160440.0,Kate Pinchbeck,642.0,2004-10-18 00:00:00,2005-09-12,AUS
,,Right-Handed,Oct 12 1982,"Hurbanovo, Slovakia",20486.0,Katerina Basternakova,292.0,2000-12-04 00:00:00,2002-04-29,SVK
"5' 10""",1.78m,Left-Handed,Nov 18 1986,"Ostrava, Czech Republic",310979.0,Katerina Bohmova,107.0,2003-03-24 00:00:00,2011-02-21,CZE
"5' 5""",1.65m,Right-Handed,Sep 1 1999,"Prague, Czech Republic",324601.0,Katerina Filip,1014.0,2018-03-19 00:00:00,2018-03-19,SWE
,,,Feb 5 1994,"Prerov, Czech Republic",317985.0,Katerina Kaminkova,1212.0,2016-02-22 00:00:00,2016-02-22,CZE
"5' 3""",1.61m,Right-Handed,Dec 28 1988,"Prague, Czech Republic",311910.0,Katerina Kramperova,314.0,2005-12-05 00:00:00,2016-07-18,CZE
,,,Feb 20 1974,Czechoslovakia,110189.0,Katerina Siskova,903.0,2000-12-04 00:00:00,2001-09-03,CZE
"5' 6""",1.68m,Right-Handed,Jul 17 1997,"Miami, FL, USA",320619.0,Katerina Stewart,158.0,2013-06-17 00:00:00,2024-02-26,USA
,,Right-Handed,May 11 2000,"Lugano, Switzerland",323798.0,Katerina Tsygourova,828.0,2019-09-16 00:00:00,2025-08-18,SUI
"5' 8""",1.73m,Left-Handed,Dec 30 1989,"Prague, Czech Republic",312347.0,Katerina Vankova,221.0,2005-08-22 00:00:00,2018-10-15,CZE
,,Right-Handed,Jun 16 2001,,326630.0,Kateryna Diatlova,1377.0,2023-08-21 00:00:00,2023-08-21,UKR
,,,,,310821.0,Kateryna Herth,391.0,2004-09-06 00:00:00,2011-05-02,UKR
,,,,,332763.0,Kateryna Lazarenko,889.0,2023-08-21 00:00:00,2025-08-18,UKR
"5' 5""",1.65m,Right-Handed,Jan 26 1988,"Nova Kakhovka, Ukraine",312746.0,Kateryna Malakhova,1211.0,2006-12-04 00:00:00,2006-12-18,UKR
,,,,,311503.0,Kateryna Polunina,527.0,2004-10-18 00:00:00,2008-11-03,UKR
,,Right-Handed,Nov 29 1997,"Kyiv, Ukraine",320993.0,Kateryna Sliusar,523.0,2016-02-22 00:00:00,2018-03-19,UKR
"5' 6""",1.68m,Right-Handed,Oct 4 2005,"Kyiv, Ukraine",314065.0,Kateryna Yergina,666.0,2006-12-04 00:00:00,2014-10-13,UKR
,,,,,314486.0,Katharina Brown,551.0,2006-12-04 00:00:00,2011-02-21,GBR
,,Right-Handed,Feb 19 1998,"Essen, Germany",320869.0,Katharina Gerlach,217.0,2014-11-03 00:00:00,2023-08-21,GER
,,Right-Handed,Feb 28 1995,"Werl, Germany",319530.0,Katharina Hering,672.0,2016-02-22 00:00:00,2023-08-21,GER
,,Right-Handed,Mar 11 1993,"Hamburg, Germany",316532.0,Katharina Holert,680.0,2011-02-21 00:00:00,2011-12-19,GER
,,Right-Handed,Jun 8 1989,"Dachau, Germany",313418.0,Katharina Killi,720.0,2005-12-05 00:00:00,2006-12-18,GER
,,Right-Handed,Feb 18 1994,"Braunschweig, Germany",317832.0,Katharina Lehnert,389.0,2011-02-21 00:00:00,2017-04-10,PHI
,,Right-Handed,May 23 1990,"Bad Erlach, Austria",316544.0,Katharina Negrin,773.0,2011-02-21 00:00:00,2011-12-19,AUT
,,Right-Handed,May 19 1982,"Magdeburg, Germany",313154.0,Katharina Scholtisek,1009.0,2005-12-05 00:00:00,2005-12-05,GER
,,,,,310678.0,Katharine Baker,677.0,2004-09-27 00:00:00,2005-12-05,GBR
,,Right-Handed,Oct 19 1996,"Fair Haven, NJ, USA",322720.0,Katharine Fahey,506.0,2019-09-16 00:00:00,2022-10-24,USA
,,Right-Handed,Feb 11 1994,"Lima, Peru",316740.0,Katherine  Miranda-Chang,745.0,2011-12-19 00:00:00,2012-08-06,PER
,,Right-Handed,Sep 17 1995,"San Francisco, CA, U.S.",319560.0,Katherine Ip,701.0,2013-06-17 00:00:00,2016-02-22,HKG
"5' 10""",1.77m,Right-Handed,Mar 14 1993,"Hamilton, New Zealand",316523.0,Katherine Westbury,587.0,2011-02-21 00:00:00,2021-03-08,NZL
"5' 7""",1.70m,Left-Handed,Sep 17 1982,"Fairfax, VA, USA",20676.0,Kathleen Blaszak,862.0,2001-09-03 00:00:00,2003-03-24,USA
,,Right-Handed,Jul 28 2000,"Giessen, Germany",324681.0,Kathleen Kanev,368.0,2019-09-16 00:00:00,2025-08-18,GER
"5' 9""",1.75m,Right-Handed,Feb 18 1984,"Lindau, Germany",230279.0,Kathrin Woerle-Scheller,119.0,2000-12-04 00:00:00,2014-01-20,GER
,,Right-Handed,Feb 26 1983,"Guildford, England",220257.0,Kathy Vymetal,717.0,2000-12-04 00:00:00,2001-05-28,GBR
,,,,,230239.0,Kati Wolner,700.0,2000-12-04 00:00:00,2003-03-24,AUT
,,,,,10194.0,Katia Altilia,485.0,2000-12-04 00:00:00,2003-08-04,ITA
,,Right-Handed,Nov 30 1981,,180210.0,Katia Rodrigues,1371.0,2005-12-05 00:00:00,2005-12-05,POR
"5' 6""",1.68m,Left-Handed,Jul 30 1987,"Barcelona, Spain",310792.0,Katia Sabate,774.0,2003-07-21 00:00:00,2005-12-05,ESP
,,Right-Handed,Jan 1 2004,"Boise, Idaho",330303.0,Katie Codd,1213.0,2023-08-21 00:00:00,2023-08-21,USA
"5' 5""",1.65m,Right-Handed,Sep 11 1980,"Bethlehem, PA, USA",70404.0,Katie Granson,694.0,2004-09-06 00:00:00,2004-10-18,USA
,,,,,130719.0,Katie Mcglennen,838.0,2000-12-04 00:00:00,2001-12-10,USA
,,,,,130768.0,Katie Miles,960.0,2005-08-22 00:00:00,2005-12-05,GBR
"5' 6""",1.67m,Right-Handed,May 02 1986,"Beverley, England",150193.0,Katie O'Brien,84.0,2003-01-27 00:00:00,2012-02-27,GBR
"5' 9""",1.75m,Right-Handed,Dec 16 1988,"Titusville, FL, USA",314063.0,Katie Orletsky,1432.0,2006-12-04 00:00:00,2006-12-04,USA
,,,,,180434.0,Katie Ruckert,364.0,2005-11-28 00:00:00,2013-10-07,USA
"5' 9""",1.75m,Right-Handed,Apr 29 1975,"Kalamazoo, MI, USA",190369.0,Katie Schlukebir,533.0,2000-12-04 00:00:00,2003-01-27,USA
,,Right-Handed,Aug 20 1984,"Hamburg, Germany",20715.0,Katja Blocker,787.0,2000-12-04 00:00:00,2002-06-03,GER
,,Right-Handed,Feb 6 1979,"Ljubljana, Slovenia",110400.0,Katja Kovac,1215.0,2000-12-04 00:00:00,2000-12-25,SLO
,,,,,315688.0,Katja Milas,791.0,2011-12-19 00:00:00,2011-12-19,CRO
"5' 4""",1.63m,Right-Handed,Jul 8 2004,"Kirkland, WA, USA",328864.0,Katja Wiersholm,1109.0,2023-08-21 00:00:00,2025-06-16,USA
,,,,,260075.0,Katja Zenklusen,1197.0,2000-12-04 00:00:00,2000-12-25,SUI
,,Right-Handed,Mar 11 2002,,326398.0,Katriin Saar,986.0,2019-09-16 00:00:00,2023-08-21,EST
,,,,,313142.0,Katrin Klein,1338.0,2006-12-04 00:00:00,2006-12-04,GER
,,Right-Handed,Oct 10 1984,"Tukums, Latvia",20604.0,Katrina Bandere,808.0,2002-06-03 00:00:00,2002-06-03,LAT
,,Right-Handed,May 30 1980,"Los Angeles, CA, USA",140043.0,Katrina Nimmers,377.0,2000-12-04 00:00:00,2001-12-17,USA
,,Right-Handed,Mar 15 1996,"Scarsdale, NY, USA",319332.0,Katrine Steffensen,1110.0,2011-12-19 00:00:00,2011-12-19,USA
,,,,,323250.0,Katsiaryna Skachkova,981.0,2019-09-16 00:00:00,2021-03-08,BLR
"5' 10""",1.78m,Right-Handed,Feb 16 1995,"Hemel Hempstead, England",319016.0,Katy Dunne,212.0,2013-10-07 00:00:00,2025-08-18,GBR
,,,,,321464.0,Katya Malikova,907.0,2014-11-03 00:00:00,2016-02-22,UKR
"5' 9""",1.75m,Right-Handed,May 28 2000,"Coconut Creek, FL, USA",329585.0,Katya Townsend,1227.0,2019-09-16 00:00:00,2021-03-08,USA
,,Right-Handed,Jan 25 2000,"Minsk, Belarus",325616.0,Katyarina Paulenka,740.0,2018-03-19 00:00:00,2021-03-29,BLR
,,,,,20610.0,Kaur Harsimran Bedi,888.0,2000-12-04 00:00:00,2001-09-03,IND
,,Right-Handed,Oct 18 1981,,110499.0,Kavitha Krishnamurthy,643.0,2000-12-04 00:00:00,2006-12-18,CAN
"5' 6""",1.67m,Right-Handed,Feb 04 1998,"Brisbane, Australia",321906.0,Kaylah Mcphee,199.0,2018-03-05 00:00:00,2025-08-18,AUS
"5' 1""",1.56m,Right-Handed,Jun 11 2006,"Kobe, Japan",332627.0,Kayo Nishimura,693.0,2023-08-21 00:00:00,2025-08-18,JPN
,,Right-Handed,Apr 11 1980,"El Paso, TX, United States",190657.0,Kaysie Smashey,462.0,2003-07-21 00:00:00,2006-06-05,USA
,,,Sep 23 1984,,310636.0,Kazusa Ito,433.0,2005-08-22 00:00:00,2014-01-20,JPN
,,,,,313301.0,Kei Sekine,1011.0,2006-12-04 00:00:00,2011-02-21,JPN
,,,Apr 03 1973,,90057.0,Keiko Ishida,703.0,2000-12-04 00:00:00,2002-06-03,JPN
,,,Nov 22 1974,"Minoh, Japan",140089.0,Keiko Nagatomi,806.0,2000-12-04 00:00:00,2000-12-25,JPN
"5' 2""",1.60m,Right-Handed,Feb 26 1979,"Saitama, Japan",200261.0,Keiko Taguchi,448.0,2000-12-04 00:00:00,2007-03-12,JPN
,,,,,200285.0,Keiko Tameishi,562.0,2000-12-04 00:00:00,2003-08-04,JPN
"5' 2""",1.58m,Right-Handed,Apr 29 1980,"Clifton, NJ, USA",200282.0,Keiko Tokuda,867.0,2000-12-04 00:00:00,2003-03-24,USA
,,Right-Handed,Sep 2 1995,"Wheaton, IL, USA",322178.0,Keisha Clousing,1240.0,2021-03-08 00:00:00,2021-03-08,USA
,,Right-Handed,Jan 7 1999,,324303.0,Kelia Le Bihan,751.0,2016-02-22 00:00:00,2021-10-11,FRA
"5' 9""",1.75m,Right-Handed,Sep 22 1985,"Plymouth, MA, USA",80424.0,Kelley Hyndman,601.0,2000-12-04 00:00:00,2005-12-05,USA
,,,,,20594.0,Kellie Browne,882.0,2001-09-03 00:00:00,2002-06-03,AUS
,,Right-Handed,Apr 20 1985,"Port Shepstone, South Africa",310202.0,Kelly Anderson,631.0,2008-01-07 00:00:00,2008-11-03,RSA
"5' 6""",1.68m,Right-Handed,May 9 1999,"Cerritos, CA, USA",322536.0,Kelly Chen,811.0,2014-11-03 00:00:00,2021-03-08,USA
,,,,,313099.0,Kelly Couturier,896.0,2005-12-05 00:00:00,2006-12-18,FRA
,,,,,312407.0,Kelly De Beer,524.0,2005-08-22 00:00:00,2006-12-18,NED
"5' 5""",1.65m,Right-Handed,Jun 12 2000,"Laguna Beach, CA, USA",332103.0,Kelly Keller,1308.0,2023-08-21 00:00:00,2023-08-21,USA
,,Right-Handed,Feb 05 1979,"Dublin, Ireland",120339.0,Kelly Liggan,181.0,2000-12-04 00:00:00,2010-01-25,IRL
,,Right-Handed,Mar 18 1983,"Springfield, IL, USA",130681.0,Kelly Mc Cain,117.0,2000-12-04 00:00:00,2005-12-19,USA
,,Right-Handed,Feb 23 1982,"Santa Barbara, CA, USA",312418.0,Kelly Schmandt,863.0,2005-08-22 00:00:00,2005-12-05,USA
,,,,,190842.0,Kelly Simkin,677.0,2000-12-04 00:00:00,2002-06-03,GBR
"5' 7""",1.70m,Right-Handed,Jan 1 1984,"Dorset, England",200368.0,Kelly Taylor,1245.0,2000-12-04 00:00:00,2000-12-25,GBR
,,Right-Handed,Nov 27 2004,"Bogota, Colombia",330077.0,Kelly Vargas Gonzalez,1390.0,2023-08-21 00:00:00,2023-08-21,COL
,,Right-Handed0,Nov 18 1994,"Putte, Belgium",318227.0,Kelly Versteeg,501.0,2011-12-19 00:00:00,2017-04-10,NED
,,Left-Handed,Oct 21 1994,"Bernards Township, New Jersey, United States",321254.0,Kelly Williford,1097.0,2019-09-16 00:00:00,2023-08-21,DOM
"5' 3""",1.60m,Right-Handed,Aug 21 1994,"Miramar, FL, USA",319316.0,Kelsey Laurente,1012.0,2011-12-19 00:00:00,2011-12-19,USA
"5' 7""",1.70m,Right-Handed,Jan 29 1996,"Deerfield Beach, FL",329431.0,Kendra Bunch,953.0,2022-10-24 00:00:00,2022-10-24,USA
"5' 9""",1.75m,Right-Handed,May 21 1997,"Rossford, OH, USA",323920.0,Kennedy Shaffer,506.0,2017-04-10 00:00:00,2023-08-21,USA
"5' 7""",1.69m,Right-Handed,Jan 14 1988,"Tel Aviv, Israel",311224.0,Keren Shlomo,359.0,2005-08-22 00:00:00,2016-07-18,ISR
"5' 4""",1.63m,Right-Handed,Dec 25 1989,"Jackson, MS, U.S.",312172.0,Keri Wong,935.0,2016-02-22 00:00:00,2016-02-22,USA
,Right-Handed,,Apr 11 1992,"Nassau, Bahamas",318286.0,Kerrie Cartwright,948.0,2018-03-19 00:00:00,2018-03-19,BAH
"5' 2""",1.59m,Right-Handed,Dec 04 1972,"Brisbane, Australia",70084.0,Kerry-Anne Guse,286.0,2000-12-04 00:00:00,2001-12-24,AUS
,,,,,317965.0,Kerstin Peckl,872.0,2016-02-22 00:00:00,2016-02-22,AUT
,,Right-Handed,May 8 1992,"Drogobych, Ukraine",315367.0,Khristina Blajkevitch,824.0,2008-11-03 00:00:00,2014-11-03,CAN
,,,May 16 1990,"Donetsk, Ukraine",315370.0,Khristina Kazimova,727.0,2008-11-03 00:00:00,2014-03-24,UKR
"6' 0""",1.82m,Right-Handed,Dec 10 1991,"Wateringen, Netherlands",314584.0,Kiki Bertens,4.0,2008-11-03 00:00:00,2021-08-09,NED
,,Right-Handed,Jun 30 1980,"Lyon, France",30386.0,Kildine Chevalier,218.0,2000-12-04 00:00:00,2007-06-11,FRA
,,,,,310377.0,Kim Anh Nguyen,555.0,2004-09-27 00:00:00,2007-06-11,USA
"5' 8""",1.74m,Right-Handed,Jun 08 1983,"Bilzen, Belgium",30458.0,Kim Clijsters,1.0,2000-12-04 00:00:00,2021-03-08,BEL
,,,,,310079.0,Kim Coventry,924.0,2001-12-10 00:00:00,2002-06-03,AUS
,,Right-Handed,Apr 4 1976,,40227.0,Kim De Weille,333.0,2000-12-04 00:00:00,2001-04-23,NED
"5' 9""",1.75m,Right-Handed,Mar 30 1991,"Langenhagen, Germany",314730.0,Kim Grajdek,405.0,2008-11-03 00:00:00,2016-02-22,GER
"5' 7""",1.69m,Right-Handed,May 1 1971,"Klerksdorp, South Africa",70122.0,Kim Grant,471.0,2000-12-04 00:00:00,2006-12-18,RSA
,,,,,110554.0,Kim Kambic,512.0,2001-09-03 00:00:00,2003-08-04,SLO
,,Left-Handed,Mar 31 1979,"Haarlem, Netherlands",110440.0,Kim Kilsdonk,492.0,2003-01-27 00:00:00,2003-08-25,NED
,,,,,312898.0,Kimberley Ruxton,1396.0,2005-12-05 00:00:00,2005-12-05,AUS
"5' 8""",1.72m,Right-Handed,Nov 09 1995,"Wemmel, Belgium",318273.0,Kimberley Zimmermann,215.0,2013-10-07 00:00:00,2022-10-24,BEL
,,Right-Handed,Jul 25 1994,"Blainville, Canada",318143.0,Kimberley-Ann Surin,779.0,2011-02-21 00:00:00,2011-02-21,CAN
"5' 7""",1.70m,Right-Handed,May 09 1989,"Princeton, New Jersey",312389.0,Kimberly Couts,259.0,2005-08-22 00:00:00,2011-12-19,USA
"5' 2""",1.57m,Right-Handed,Oct 20 1971,"Los Angeles, CA, U.S.",160101.0,Kimberly Po-Messerli,525.0,2000-12-04 00:00:00,2001-01-01,USA
"5' 4""",1.63m,Right-Handed,Sep 28 1970,"Kyoto, Japan",40130.0,Kimiko Date,46.0,2008-05-19 00:00:00,2016-10-10,JPN
"5' 7""",1.70m,Right-Handed,Apr 27 2003,"Torrance, CA, USA",328136.0,Kimmi Hance,825.0,2019-09-16 00:00:00,2025-06-16,USA
,,,,,20506.0,Kinga Berecz,740.0,2000-12-04 00:00:00,2000-12-25,HUN
"5' 6""",1.69m,Right-Handed,Jul 11 1989,"Cherbourg, France",312880.0,Kinnie Laisne,295.0,2006-12-04 00:00:00,2016-02-29,FRA
,,Right-Handed,Apr 29 2004,"Moscow, Russia",330337.0,Kira Pavlova,359.0,2022-10-24 00:00:00,2025-08-18,RUS
"5' 5""",1.65m,Right-Handed,Jan 10 1986,"Geel, Belgium",310331.0,Kirsten Flipkens,13.0,2001-09-03 00:00:00,2023-06-05,BEL
,,Right-Handed,Aug 14 1988,"Columbus, OH, USA",312094.0,Kirsten Flower,1066.0,2011-12-19 00:00:00,2011-12-19,USA
,,Right-Handed,May 29 1975,"Herford, Germany",60126.0,Kirstin Freye,302.0,2000-12-04 00:00:00,2003-08-25,GER
,,Right-Handed,Sep 16 1986,"Worthing, England",311219.0,Kirsty Woolley,814.0,2005-08-22 00:00:00,2006-12-18,GBR
"5' 7""",1.71m,Right-Handed,Sep 2 2000,"Susono, Japan",323970.0,Kisa Yoshioka,700.0,2018-03-19 00:00:00,2025-08-18,JPN
,,Right-Handed,Jul 26 1981,"Hillsboro Beach, FL, USA",310337.0,Kit Carson,787.0,2005-08-22 00:00:00,2006-12-18,USA
,,Right-Handed,Jan 11 1995,"Brussels, Belgium",319400.0,Klaartje Liebens,295.0,2013-10-07 00:00:00,2017-04-10,BEL
,,,,,311713.0,Klaartje Van Baarle,1310.0,2005-12-05 00:00:00,2005-12-05,BEL
"5' 10""",1.77m,Right-Handed,Oct 23 1993,"Brno, Czech Republic",317221.0,Klara Fabikova,685.0,2011-12-19 00:00:00,2013-06-17,CZE
,,,,,80452.0,Klara Hladka,1116.0,2000-12-25 00:00:00,2001-12-10,CZE
"6' 1""",1.85m,Right-Handed,Mar 15 1985,"Kyjov, Czech Republic",310587.0,Klara Jagosova,1310.0,2005-12-05 00:00:00,2005-12-05,CZE
"5' 5""",1.66m,Right-Handed,Feb 24 1982,"Prague, Czech Republic",110492.0,Klara Koukalova,20.0,2000-12-04 00:00:00,2017-04-10,CZE
,,Right-Handed,Dec 22 1990,"Bratislava, Slovakia",314780.0,Klaudia Boczova,261.0,2008-01-07 00:00:00,2012-08-06,SVK
"5' 5""",1.65m,Right-Handed,Apr 1 1992,"Nowy Sacz, Poland",315126.0,Klaudia Gawlik,633.0,2008-11-03 00:00:00,2010-04-26,POL
"5' 8""",1.73m,Right-Handed,Sep 24 1984,"Gdynia, Poland",100159.0,Klaudia Jans-Ignacik,410.0,2001-09-03 00:00:00,2008-11-03,POL
"5' 6""",1.68m,Right-Handed,Apr 23 1989,"Bratislava, Slovakia",313043.0,Klaudia Malenovska,586.0,2005-08-22 00:00:00,2008-11-03,SVK
,,Right-Handed,Mar 29 2003,"Siauliai, Lithuania",330476.0,Klaudija Bubelyte,562.0,2022-10-24 00:00:00,2025-08-18,LTU
,,Right-Handed,Sep 13 2002,"Okayama, Japan",331505.0,Koharu Niimi,1377.0,2023-08-21 00:00:00,2023-08-21,JPN
,,Left-Handed,Oct 23 1984,"Yokohama, Japan",310663.0,Kokoro Takehara,698.0,2003-03-24 00:00:00,2006-12-04,JPN
,,Right-Handed,Mar 26 1989,"Denpasar, Indonesia",312686.0,Komang-Sri Maryati,1436.0,2006-12-04 00:00:00,2006-12-04,INA
,,Right-Handed,Oct 23 1999,"Tashkent, Uzbekistan",322915.0,Komola Umarova,775.0,2017-04-10 00:00:00,2018-03-19,UZB
"5' 7""",1.70m,Right-Handed,Apr 14 1987,"Frankfurt, Germany",311200.0,Korina Perkovic,339.0,2004-10-18 00:00:00,2012-08-06,GER
,,Left-Handed,Nov 17 1989,"Hamamatsu, Japan",315543.0,Kotomi Takahata,606.0,2010-07-05 00:00:00,2021-03-08,JPN
,,Right-Handed,Jun 16 1983,"Zagreb, Croatia",190914.0,Krisel Sverko,1097.0,2001-09-03 00:00:00,2001-12-10,CRO
"5' 7""",1.70m,Right-Handed,Sep 14 1994,"Santa Ana, CA, USA",317183.0,Krista Hardebeck,280.0,2010-10-11 00:00:00,2013-07-08,USA
,,,,,220261.0,Kristel Van Der Perre,1070.0,2000-12-04 00:00:00,2000-12-25,BEL
,,Right-Handed,Jun 28 1984,"Kalamazoo, MI, USA",190885.0,Kristen Schlukebir,208.0,2000-12-04 00:00:00,2006-12-18,USA
,,Right-Handed,Sep 18 1981,,220250.0,Kristen Van Elden,262.0,2000-12-04 00:00:00,2004-10-18,AUS
,,Right-Handed,Dec 22 1985,"Marysville, MI, USA",312087.0,Kristi Miller,724.0,2005-08-22 00:00:00,2009-08-24,USA
,,Right-Handed,May 30 2006,"Moscow, Russia",331986.0,Kristiana Sidorova,958.0,2023-08-21 00:00:00,2025-08-18,RUS
"5' 5""",1.65m,Right-Handed,Jun 15 1992,"New York City, NY, USA",316159.0,Kristie Ahn,87.0,2008-10-20 00:00:00,2022-07-04,USA
"5' 10""",1.78m,Right-Handed,Dec 16 1973,"Oud-Beijerland, Netherlands",20303.0,Kristie Boogert,65.0,2000-12-04 00:00:00,2004-03-15,NED
"5' 10""",1.77m,Right-Handed,Nov 30 1984,"Atlanta, GA, USA",30517.0,Kristin Cargill,930.0,2001-09-03 00:00:00,2002-06-03,USA
"5' 7""",1.70m,Right-Handed,Jan 1 1981,"Hilton Head, SC, USA",120391.0,Kristin Lam,900.0,2000-12-04 00:00:00,2000-12-25,USA
,,,,,310382.0,Kristin Martinez,1251.0,2005-12-05 00:00:00,2006-12-18,USA
"5' 10""",1.77m,Right-Handed,Apr 5 2001,"Haifa, Israel",324608.0,Kristin Younes,1121.0,2019-09-16 00:00:00,2021-03-08,ISR
,,Right-Handed,Apr 17 1987,"Lilla Edet, Sweden",310281.0,Kristina Andlovic,471.0,2005-07-04 00:00:00,2009-05-25,SWE
"5' 7""",1.70m,Right-Handed,Sep 04 1990,"Kolomyia, Ukraine",313238.0,Kristina Antoniychuk,163.0,2005-11-28 00:00:00,2011-02-21,UKR
"6' 0""",1.83m,Right-Handed,Sep 30 1981,"Ottweiler, Germany",312578.0,Kristina Barrois,57.0,2005-03-21 00:00:00,2014-12-29,GER
"5' 6""",1.68m,Right-Handed,Mar 29 1977,"San Juan, Puerto Rico",20323.0,Kristina Brandi,27.0,2000-12-04 00:00:00,2008-07-07,PUR
,,,,,20659.0,Kristina Jarkenstedt,875.0,2000-12-04 00:00:00,2000-12-25,SWE
,,Right-Handed,Aug 11 1979,"Seattle, WA, U.S.",110496.0,Kristina Kraszewski,229.0,2000-12-04 00:00:00,2003-03-24,USA
,,Right-Handed,May 30 1985,"Bratislava, Slovakia",310159.0,Kristina Michalakova,243.0,2004-09-06 00:00:00,2006-12-18,SVK
,,Right-Handed,Jun 11 2001,"Sursee, Switzerland",324938.0,Kristina Milenkovic,879.0,2018-03-19 00:00:00,2023-08-21,SUI
"6' 0""",1.82m,Right-Handed,Apr 21 2000,"Arandjelovac, Serbia",324192.0,Kristina Miletic,1168.0,2016-02-22 00:00:00,2016-02-22,SRB
,,,,,310278.0,Kristina Movsesyan,657.0,2004-10-18 00:00:00,2006-12-18,RUS
,,,Jan 25 1991,"Laguna Niguel, CA, USA",320557.0,Kristina N Smith,979.0,2016-02-22 00:00:00,2016-02-22,USA
"5' 8""",1.73m,Right-Handed,Aug 3 2000,"Radovljica, Slovenia",326209.0,Kristina Novak,1143.0,2019-09-16 00:00:00,2025-08-18,SLO
,,Right-Handed,Jan 26 1995,,318518.0,Kristina Ostojic,875.0,2018-03-19 00:00:00,2018-03-19,SRB
,,Right-Handed,Jun 12 2004,"London, England",331581.0,Kristina Paskauskas,903.0,2022-10-24 00:00:00,2025-08-18,GBR
,,Right-Handed,Aug 06 1997,"Košice, Slovakia",321104.0,Kristina Schmiedlova,414.0,2015-06-29 00:00:00,2018-07-16,SVK
,,,,,313844.0,Kristina Steiert,575.0,2006-12-04 00:00:00,2009-08-24,GER
,,Right-Handed,Mar 06 1980,"Älmhult, Sweden",200236.0,Kristina Triska,681.0,2000-12-04 00:00:00,2001-12-17,SWE
,,Right-Handed,Dec 30 1974,,20480.0,Kristy Bayer,1211.0,2000-12-04 00:00:00,2000-12-25,USA
,,Right-Handed,May 17 1978,"Fort Walton Beach, FL, USA",20686.0,Kristy Blumberg,407.0,2000-12-04 00:00:00,2002-06-03,USA
,,Right-Handed,May 17 1979,"Boston, MA, USA",310710.0,Kristy Dascoli,655.0,2002-09-30 00:00:00,2003-08-04,USA
"5' 9""",1.75m,Left-Handed,Jan 08 1990,"Sidney, OH, USA",312093.0,Kristy Frilling,828.0,2008-11-03 00:00:00,2008-11-03,USA
,,,,,320991.0,Kristyna Hrabalova,1084.0,2016-02-22 00:00:00,2021-03-08,CZE
"5' 7""",1.70m,Right-Handed,Jan 24 2002,"Prague, Czech Republic",327360.0,Kristyna Lavickova,993.0,2021-03-08 00:00:00,2021-03-29,CZE
"6' 0""",1.84m,Left-Handed,Mar 21 1992,"Louny, Czech Republic",313975.0,Kristyna Pliskova,35.0,2008-11-03 00:00:00,2022-08-08,CZE
,,Right-Handed,Mar 27 2005,"Prostejov, Czech Republic",330148.0,Kristyna Tomajkova,1390.0,2023-08-21 00:00:00,2023-08-21,CZE
,,,,,311375.0,Krizia Borgarello,629.0,2004-09-06 00:00:00,2005-12-05,ITA
,,,,,310767.0,Krushmi Chheda,860.0,2005-08-22 00:00:00,2006-12-18,IND
,,Right-Handed,Nov 10 2004,"Boca Raton, FL, USA",329886.0,Krystal Blanch,1266.0,2021-03-08 00:00:00,2021-03-08,USA
,,,Jan 1 1988,"Sunrise, FL, USA",311821.0,Krysty Marcio,348.0,2004-09-06 00:00:00,2008-01-14,USA
,,Right-Handed,Apr 2 2004,"Moscow, Russia",330251.0,Ksenia Agureeva,1289.0,2023-08-21 00:00:00,2023-08-21,RUS
,,Right-Handed,Dec 31 1996,"Pskov, Russia",320302.0,Ksenia Dmitrieva,1060.0,2016-02-22 00:00:00,2016-02-22,RUS
,,Right-Handed,Feb 08 1995,"Moscow, Russia",320701.0,Ksenia Gaydarzhi,483.0,2014-11-03 00:00:00,2016-07-18,RUS
,,Right-Handed,Jun 20 1993,"Moscow, Russia",316760.0,Ksenia Kirillova,346.0,2011-02-21 00:00:00,2014-04-14,RUS
,,Right-Handed,Apr 10 1992,"Moscow, Russia",317143.0,Ksenia Kolesnikova,1259.0,2019-09-16 00:00:00,2021-03-08,RUS
"5' 5""",1.65m,Right-Handed,Jun 19 1990,"Moscow, Russia",313303.0,Ksenia Lykina,171.0,2006-12-04 00:00:00,2019-05-06,RUS
"5' 8""",1.72m,Right-Handed,Aug 09 1990,"Minsk, Belarus",312814.0,Ksenia Milevskaya,227.0,2006-12-04 00:00:00,2013-06-17,BLR
"5' 9""",1.74m,Right-Handed,Dec 13 1989,"Komsomolsk-on-Amur, Russia",312755.0,Ksenia Palkina,163.0,2005-08-22 00:00:00,2021-03-29,KGZ
"5' 7""",1.70m,Left-Handed,May 27 1991,"Chelyabinsk, Russia",313537.0,Ksenia Pervak,37.0,2007-06-11 00:00:00,2016-07-18,RUS
,,Right-Handed,Sep 13 2004,"Khimki, Russia",331039.0,Ksenia Zaytseva,359.0,2022-10-24 00:00:00,2025-08-18,RUS
,,,,,320489.0,Kseniia Becker,913.0,2016-02-22 00:00:00,2016-02-22,GER
,,Right-Handed,May 1 1996,"Yuzhno Sakhalinsk, Russia",319194.0,Ksenija Sharifova,859.0,2016-02-22 00:00:00,2016-02-22,RUS
,,Right-Handed,Jan 20 2001,"Minsk, Belarus",326879.0,Kseniya Yersh,1197.0,2019-09-16 00:00:00,2025-08-18,BLR
,,Right-Handed,Sep 13 1998,,323184.0,Kumi So,784.0,2018-03-19 00:00:00,2018-10-15,JPN
"5' 4""",1.62m,Right-Handed,Oct 22 1982,"Gunma, Japan",90100.0,Kumiko Iijima,182.0,2000-12-04 00:00:00,2013-10-07,JPN
,,,,,40301.0,Kun Deng,815.0,2000-12-04 00:00:00,2002-06-03,CHN
,,,,,315129.0,Kun-Hee Kim,349.0,2008-11-03 00:00:00,2011-12-19,KOR
"5' 1""",1.55m,Right-Handed,Dec 30 1991,"Osaka, Japan",314344.0,Kurumi Nara,32.0,2008-10-27 00:00:00,2022-10-03,JPN
"5' 5""",1.65m,Right-Handed,Jul 09 1975,"Bílovec, Czech Republic",80218.0,Kveta Peschke,26.0,2000-12-04 00:00:00,2007-10-01,CZE
,,Right-Handed,Feb 19 1997,"Hong-Kong, China",320842.0,Kwan Yau Ng,867.0,2016-02-22 00:00:00,2021-03-08,HKG
,,,,,110560.0,Kwon-Hee Kim,997.0,2000-12-04 00:00:00,2001-12-10,KOR
"5' 5""",1.65m,Right-Handed,Apr 5 1994,"Willoughby, OH, USA",316990.0,Kyle Mcphillips,734.0,2011-02-21 00:00:00,2013-10-07,USA
"5' 9""",1.75m,Right-Handed,Dec 4 2002,"Savannah, GA, USA",327864.0,Kylie Collins,651.0,2019-09-16 00:00:00,2025-08-18,USA
,,,,,70457.0,Kylie Gottsche,1144.0,2000-12-04 00:00:00,2001-09-03,AUS
,,,,,80256.0,Kylie Hunt,904.0,2000-12-04 00:00:00,2000-12-25,AUS
,,Right-Handed,Mar 21 1999,"Phoenix, AZ, USA",322540.0,Kylie Mckenzie,644.0,2016-02-22 00:00:00,2025-08-18,USA
,,Right-Handed,Jul 2 2004,"Yokohama, Japan",331494.0,Kyoka Kubo,1190.0,2023-08-21 00:00:00,2023-08-21,JPN
"5' 9""",1.76m,Right-Handed,Dec 29 1977,"Budapest, Hungary",140155.0,Kyra Nagy,122.0,2000-12-04 00:00:00,2014-11-03,HUN
,,Right-Handed,Oct 17 1992,"Mumbai, India",315558.0,Kyra Shroff,470.0,2011-02-21 00:00:00,2018-03-19,IND
,,Right-Handed,Oct 2 1980,"Goyang, South Korea",30445.0,Kyung Yee Chae,269.0,2000-12-04 00:00:00,2011-12-19,KOR
,,Right-Handed,Feb 25 1982,"Changwon, South Korea",30451.0,Kyung-Mi Chang,254.0,2000-12-04 00:00:00,2011-02-21,KOR
,,,,,100113.0,La Shawnn Jones,867.0,2000-12-04 00:00:00,2001-12-10,USA
"6' 2""",1.83m,Right-Handed,Jan 18 2001,"Brezova, Czech Republic",325721.0,Laetitia Pulchartova,714.0,2019-09-16 00:00:00,2022-10-31,CZE
,,,,,190687.0,Laetitia Sanchez,883.0,2000-12-04 00:00:00,2001-09-03,FRA
"5' 3""",1.60m,Right-Handed,Mar 8 1993,"Paris, France",316831.0,Laetitia Sarrazin,450.0,2012-08-06 00:00:00,2016-07-18,FRA
,,Right-Handed,Apr 7 2004,"Eaubonne, France",329203.0,Laia Petretic,704.0,2022-10-24 00:00:00,2025-08-18,FRA
,,,,,313886.0,Laila Ben Abderrahman,1158.0,2006-12-04 00:00:00,2006-12-18,BEL
,,Right-Handed,Aug 5 1981,"Preoria, IL, USA",310295.0,Laila Shetty,1026.0,2001-09-03 00:00:00,2001-12-10,USA
,,,Mar 18 1992,"Sukoharjo, Indonesia",314683.0,Laili Rahmawati Ulfa,1002.0,2011-12-19 00:00:00,2011-12-19,INA
"5' 5""",1.65m,Right-Handed,Jun 2 1989,"Sao Paulo, Brazil",311643.0,Lais Ogata,1317.0,2006-12-04 00:00:00,2006-12-18,BRA
,,Right-Handed,Oct 03 1979,"Casablanca, Morocco",50116.0,Lamia Essaadi,477.0,2000-12-04 00:00:00,2008-11-03,MAR
,,Right-Handed,Apr 24 1998,,321927.0,Lamis Alhussein Abdel Aziz,545.0,2016-02-22 00:00:00,2025-08-18,EGY
,,,,,200340.0,Lan Lan Tai,1138.0,2001-12-10 00:00:00,2001-12-10,TPE
,,,Dec 28 2000,,250088.0,Lan Yao,791.0,2000-12-04 00:00:00,2002-06-03,CHN
,,,,,130380.0,Lana Miholcek,653.0,2000-12-04 00:00:00,2000-12-25,CRO
,,,Apr 24 1983,,160465.0,Lana Popadic,182.0,2000-12-04 00:00:00,2005-12-05,CRO
,,Right-Handed,Sep 16 2000,,326765.0,Lana Sipek,1227.0,2019-09-16 00:00:00,2021-03-08,CRO
,,Right-Handed,Nov 11 2002,"Lismore, Australia",332736.0,Laquisa Khan,1146.0,2023-08-21 00:00:00,2025-08-18,AUS
,,,,,311005.0,Lara Alexander,1354.0,2005-12-05 00:00:00,2005-12-05,GBR
"5' 5""",1.66m,Right-Handed,Mar 20 1992,"Tolosa, Spain",315296.0,Lara Arruabarrena,52.0,2008-11-03 00:00:00,2022-07-25,ESP
,,,,,40420.0,Lara Del Saz,1184.0,2000-12-04 00:00:00,2001-12-10,ESP
"5' 9""",1.75m,Right-Handed,Nov 7 2001,"Mar de Ajo, Argentina",331375.0,Lara Diaz Zayas,1390.0,2023-08-21 00:00:00,2023-08-21,ARG
,,Right-Handed,Oct 14 1998,"Asunción, Paraguay",326473.0,Lara Escauriza,792.0,2018-03-19 00:00:00,2022-10-24,PAR
"5' 7""",1.70m,Right-Handed,Feb 14 1988,"Tampa Bay, FL, USA",312517.0,Lara Fakhoury,821.0,2005-08-22 00:00:00,2006-12-04,GBR
"5' 7""",1.70m,Right-Handed,Feb 3 1984,"Sydney, Australia",310606.0,Lara Giltinan,718.0,2001-12-10 00:00:00,2006-12-18,AUS
"5' 8""",1.73m,Left-Handed,Dec 24 1991,"Morges, Switzerland",316250.0,Lara Michel,285.0,2008-11-03 00:00:00,2023-08-21,SUI
,,Right-Handed,Aug 10 2000,,326938.0,Lara Panfilov,1197.0,2019-09-16 00:00:00,2021-03-08,NED
,,,,,314268.0,Lara Pedranzini,679.0,2006-12-04 00:00:00,2012-08-06,ITA
,,Right-Handed,Jul 30 2004,"Nova Ponente, Italy",330088.0,Lara Pfeifer,558.0,2023-08-21 00:00:00,2025-08-18,ITA
,,,,,311341.0,Lara Picone,723.0,2004-10-18 00:00:00,2005-12-05,AUS
,,Right-Handed,Jan 29 1999,"Bree, Belgium",323485.0,Lara Salden,246.0,2018-03-19 00:00:00,2025-08-18,BEL
"5' 6""",1.68m,Right-Handed,Oct 13 1999,"Lauf an der Pegnitz, Germany",325155.0,Lara Schmidt,484.0,2019-09-16 00:00:00,2025-08-18,GER
,,Right-Handed,Nov 13 2005,"Belgrade, Serbia",332211.0,Lara Stojanovski,1338.0,2023-08-21 00:00:00,2023-08-21,SRB
,,Right-Handed,Dec 4 1979,"Pretoria, South Africa",220089.0,Lara Van Rooyen,380.0,2000-12-04 00:00:00,2002-06-03,RSA
,,Right-Handed,Sep 19 2003,"Brisbane, Australia",332365.0,Lara Walker,1071.0,2023-08-21 00:00:00,2023-08-21,AUS
,,Right-Handed,Feb 27 1985,"Grand Bahama, Bahamas",313232.0,Larikah Russell,1063.0,2005-08-22 00:00:00,2005-12-05,BAH
,,Right-Handed,Mar 11 1993,"Timisoara, Romania",316496.0,Larisa Sporea,1066.0,2011-12-19 00:00:00,2011-12-19,ROU
,,Right-Handed,Mar 09 1985,"Brasília, Brazil",310033.0,Larissa Carvalho,240.0,2001-09-03 00:00:00,2007-10-08,BRA
,,,Nov 26 1988,"Brasilia, Brazil",312781.0,Larissa Ferreira Melo,1174.0,2006-12-04 00:00:00,2006-12-18,BRA
"5' 7""",1.70m,Right-Handed,Apr 15 1975,"Asunción, Paraguay",190313.0,Larissa Schaerer,480.0,2000-12-04 00:00:00,2001-09-03,PAR
"5' 7""",1.70m,Right-Handed,Aug 17 1989,"Dongshi, Taiwan",312015.0,Latisha Chan,50.0,2004-09-27 00:00:00,2016-07-18,TPE
,,,,,315635.0,Laura Apaolaza-Miradevilla,913.0,2008-11-03 00:00:00,2011-02-21,ESP
,,,,,326831.0,Laura Ashley,1019.0,2019-11-25 00:00:00,2021-03-08,AUS
,,Right-Handed,Mar 06 1982,"Geneva, Switzerland",20507.0,Laura Bao,355.0,2000-12-04 00:00:00,2003-08-04,SUI
,,Right-Handed,Oct 3 1988,"Waiblingen, Germany",311658.0,Laura Bsoul,603.0,2005-12-05 00:00:00,2008-11-03,GER
,,Right-Handed,Oct 11 2005,"Bratislava, Slovakia",332961.0,Laura Cilekova,1322.0,2023-08-21 00:00:00,2025-08-18,SVK
,,Right-Handed,Sep 28 1997,"Bogota, Colombia",322122.0,Laura Daniela Arciniegas Patiño,726.0,2014-09-22 00:00:00,2014-11-03,COL
,,,,,318155.0,Laura Deigman,734.0,2013-10-07 00:00:00,2016-02-22,GBR
,,Right-Handed,May 17 1981,"Munich, Germany",40304.0,Laura Dell'Angelo,224.0,2000-12-04 00:00:00,2004-10-18,ITA
,,,,,60315.0,Laura Figuerola,544.0,2000-12-04 00:00:00,2003-08-04,ESP
,,,,,60216.0,Laura Fodorean,590.0,2000-12-04 00:00:00,2001-09-03,ITA
"5' 9""",1.75m,Right-Handed,May 12 1981,"Chicago, IL, USA",70423.0,Laura Granville,28.0,2001-07-23 00:00:00,2011-01-17,USA
,,,,,310912.0,Laura Haberkorn,417.0,2005-12-05 00:00:00,2008-11-03,GER
,,,,,80453.0,Laura Heckler,973.0,2000-12-25 00:00:00,2001-12-10,GER
,,Right-Handed,Dec 2 1990,"Heinsberg, Germany",322492.0,Laura Heinrichs,871.0,2018-03-19 00:00:00,2018-03-19,GER
,,Right-Handed,Feb 02 2004,"Lappeenranta, Finland",329759.0,Laura Hietaranta,362.0,2022-10-24 00:00:00,2025-08-18,FIN
"5' 8""",1.73m,Right-Handed,May 31 1988,"Bucharest, Romania",312269.0,Laura Ioana Paar,190.0,2006-11-13 00:00:00,2022-05-02,ROU
,,Right-Handed,Jan 3 2003,"Selva di Val Gardena, Italy",327999.0,Laura Mair,761.0,2022-10-24 00:00:00,2025-08-18,ITA
,,Right-Handed,Mar 3 1998,"Trnava, Slovakia",325468.0,Laura Maluniakova,981.0,2019-09-16 00:00:00,2021-03-08,SVK
"5' 3""",1.60m,Right-Handed,Nov 01 1979,"Madrid, Spain",160306.0,Laura Pena,315.0,2000-12-04 00:00:00,2001-04-09,ESP
,,Right-Handed,Jul 21 1988,"London, England",312544.0,Laura Peterzan,643.0,2005-08-22 00:00:00,2006-12-18,GBR
,,Right-Handed,Apr 23 1990,"Ottawa, Canada",312376.0,Laura Pola,1275.0,2006-12-04 00:00:00,2006-12-18,CAN
"5' 8""",1.73m,Right-Handed,Oct 01 1984,"Granollers, Spain",160481.0,Laura Pous-Tio,72.0,2003-07-21 00:00:00,2017-07-10,ESP
,,,,,326281.0,Laura Radakovic,1305.0,2023-08-21 00:00:00,2023-08-21,BIH
,,,,,180032.0,Laura Ritchey,630.0,2004-09-27 00:00:00,2006-12-18,USA
"5' 11""",1.80m,Left-Handed,Jan 21 1994,"Melbourne, Australia",316629.0,Laura Robson,27.0,2008-10-27 00:00:00,2018-12-31,GBR
,,,Nov 10 1985,"Ville di Pietrabugno, France",180472.0,Laura Rocchi,454.0,2001-12-10 00:00:00,2005-12-05,FRA
,,Right-Handed,Oct 7 1996,"Bristol, England",322883.0,Laura Sainsbury,1056.0,2018-03-19 00:00:00,2018-03-19,GBR
,,Right-Handed,Apr 25 1993,"Stuttgart, Germany",317433.0,Laura Schaeder,277.0,2011-12-19 00:00:00,2021-10-11,GER
,,,,,318461.0,Laura Svatikova,876.0,2019-11-25 00:00:00,2025-08-18,SVK
,,Right-Handed,May 24 1987,"Bougival, France",311629.0,Laura Thorpe,161.0,2005-08-22 00:00:00,2014-11-03,FRA
,,Right-Handed,Jun 13 1995,"Bogotá, Colombia",318294.0,Laura Ucros,985.0,2011-02-21 00:00:00,2011-02-21,COL
,,Right-Handed,Apr 22 1987,"Valencia, Venezuela",310974.0,Laura Vallverdu-Zaira,568.0,2005-08-08 00:00:00,2006-12-04,ESP
,,Right-Handed,Nov 17 1986,"Dusseldorf, Germany",311053.0,Laura Zelder,394.0,2005-07-04 00:00:00,2006-12-18,GER
,,Right-Handed,Aug 18 1990,"Coatzacoalcos, Mexico",313053.0,Laura-Alicia Aguilar,1188.0,2005-12-05 00:00:00,2005-12-05,MEX
,,Right-Handed,Nov 2 1984,,80447.0,Laura-Ramona Husaru,650.0,2002-06-03 00:00:00,2005-12-05,ROM
"5' 7""",1.70m,Right-Handed,Oct 01 1989,"Jacksonville, PA, Florida",312952.0,Lauren Albanese,158.0,2005-08-22 00:00:00,2018-07-16,USA
"5' 6""",1.68m,Right-Handed,May 21 1982,"Woodbridge, NJ, USA",20580.0,Lauren Barnikow,418.0,2000-12-04 00:00:00,2006-12-18,USA
,,Right-Handed,Jun 01 1983,"Melbourne, Australia",20603.0,Lauren Breadmore,221.0,2001-09-03 00:00:00,2011-12-19,AUS
,,Right-Handed,Apr 11 1984,"Sydney, Australia",310086.0,Lauren Cheung,495.0,2001-12-10 00:00:00,2005-12-05,AUS
,,Right-Handed,Nov 24 1982,"Toronto, Canada",30532.0,Lauren Colalillo,864.0,2000-12-04 00:00:00,2001-12-10,CAN
,,,,,311945.0,Lauren Dossor,977.0,2006-12-04 00:00:00,2006-12-18,GBR
"5' 6""",1.68m,Right-Handed,Jan 10 1991,"Naples, Florida",315253.0,Lauren Embree,232.0,2008-11-03 00:00:00,2018-04-09,USA
,,Right-Handed,Sep 14 1982,"Pittsburgh, United States",310273.0,Lauren Fisher,809.0,2005-08-22 00:00:00,2006-12-18,USA
"5' 7""",1.70m,Right-Handed,Jul 23 1993,"Greenville, NC, United States",316088.0,Lauren Herring,593.0,2011-02-21 00:00:00,2016-07-18,USA
,,Right-Handed,Sep 28 1987,"Litchfield Park, AZ, USA",312074.0,Lauren Imre,1041.0,2005-12-05 00:00:00,2006-12-18,USA
"5' 4""",1.62m,Right-Handed,Aug 29 1980,"Indialantic, FL, USA",110452.0,Lauren Kalvaria,323.0,2000-12-04 00:00:00,2004-10-18,USA
"5' 7""",1.70m,Right-Handed,Feb 4 1988,"Houston, TX, USA",312272.0,Lauren Lui,1011.0,2006-12-04 00:00:00,2006-12-18,USA
,,Right-Handed,May 17 1995,"Rancho Mirage, CA, USA",318964.0,Lauren Marker,831.0,2018-03-19 00:00:00,2018-03-19,USA
"5' 8""",1.72m,Right-Handed,Jan 8 1997,"Bradenton, FL, USA",322004.0,Lauren Proctor,703.0,2019-09-16 00:00:00,2024-02-26,USA
"5' 9""",1.75m,Right-Handed,May 22 1989,"Fort Lauderdale, FL, USA",312354.0,Lauren Shumate,883.0,2005-08-22 00:00:00,2006-12-04,USA
"5' 6""",1.68m,Right-Handed,May 14 1973,"Revin, France",10110.0,Laurence Andretto,151.0,2000-12-04 00:00:00,2003-08-11,FRA
,,Right-Handed,Aug 6 1978,"Lyon, France",30454.0,Laurence Combes,486.0,2004-09-06 00:00:00,2005-08-22,FRA
"5' 8""",1.72m,Right-Handed,Jan 18 1976,"Kortrijk, Belgium",30261.0,Laurence Courtois,127.0,2000-12-04 00:00:00,2002-09-30,BEL
,,,,,70314.0,Laurence Garcia-Clement,606.0,2000-12-04 00:00:00,2001-04-23,FRA
,,,Jul 8 1988,"Marseille, France",311350.0,Laurene Fayol,332.0,2005-08-22 00:00:00,2008-02-25,FRA
,,Right-Handed,Jul 26 1999,"London, England",325773.0,Lauryn John-Baptiste,839.0,2022-10-24 00:00:00,2025-08-18,GBR
,,Right-Handed,Nov 03 1987,"Semarang, Indonesia",311458.0,Lavinia Tananta,301.0,2005-12-05 00:00:00,2016-02-22,INA
,,Right-Handed,Dec 12 2003,"Craiova, Romania",331129.0,Lavinia Tanasie,634.0,2022-10-24 00:00:00,2025-08-18,ROU
,,Right-Handed,Aug 18 2001,"Markham, Canada",325687.0,Layne Sleeth,578.0,2019-09-16 00:00:00,2025-01-20,CAN
,,,,,328763.0,Le Yi Liu,992.0,2023-08-21 00:00:00,2025-06-16,CHN
"5' 8""",1.73m,Left-Handed,Feb 10 1974,"Colombes, France",70191.0,Lea Ghirardi,195.0,2000-12-04 00:00:00,2003-03-24,FRA
"5' 9""",1.75m,Right-Handed,Feb 01 2001,"New York City, NY, U.S.",328878.0,Lea Ma,359.0,2019-09-16 00:00:00,2025-08-18,USA
,,Right-Handed,Nov 28 1999,"Marseille, France",325663.0,Lea Romain,1212.0,2016-02-22 00:00:00,2016-02-22,FRA
,,Left-handed,Sep 3 1995,"Marseille, France",319028.0,Lea Tholey,636.0,2013-06-17 00:00:00,2025-08-18,FRA
"5' 8""",1.73m,Left-Handed,Jan 08 1981,"Hamilton, New Zealand",20492.0,Leanne Baker,260.0,2000-12-04 00:00:00,2008-11-03,NZL
"5' 6""",1.68m,Right-Handed,Jan 1 1995,"Kfar Saba, ISrael",317759.0,Lee Or,840.0,2013-10-07 00:00:00,2013-10-07,ISR
,,,Mar 10 1986,,310804.0,Lei Huang,382.0,2004-09-06 00:00:00,2008-11-03,CHN
,,Right-Handed,May 20 1981,"Toronto, Canada",20623.0,Leigh Bradwell,1106.0,2000-12-04 00:00:00,2000-12-25,CAN
"5' 10""",1.77m,Right-Handed,Jan 1 1986,"Cupertino, CA, USA",311292.0,Lejla Hodzic,799.0,2004-09-27 00:00:00,2004-09-27,USA
,,,,,80432.0,Lella Husic,1118.0,2000-12-04 00:00:00,2001-09-03,BIH
,,Right-Handed,Nov 15 1988,,315426.0,Lena Litvak,332.0,2008-06-23 00:00:00,2014-11-03,USA
"5' 11""",1.80m,Right-Handed,Jan 6 1995,"Blaustein, Germany",319338.0,Lena Lutzeier,866.0,2019-09-16 00:00:00,2021-03-29,GER
,,Right-Handed,May 17 1997,"Vienna, Austria",321467.0,Lena Reichel,804.0,2014-11-03 00:00:00,2014-11-03,AUT
"5' 9""",1.75m,Left-Handed,Oct 25 1998,"Weiden, Germany",321841.0,Lena Ruppert,996.0,2018-03-19 00:00:00,2021-03-08,GER
,,Right-Handed,Feb 3 1991,"Marktbreit, Germany",314845.0,Lena-Marie Hofmann,305.0,2008-11-03 00:00:00,2014-11-03,GER
"5' 7""",1.70m,Right-Handed,Jul 23 1987,"Banska Bystrica, Slovakia",312613.0,Lenka Broosova,550.0,2005-08-22 00:00:00,2012-10-29,SVK
"5' 9""",1.75m,Right-Handed,Jan 24 1977,"Třinec, Czech Republic",30299.0,Lenka Cenkova,360.0,2000-12-04 00:00:00,2001-12-17,CZE
,,Right-Handed,Apr 25 1988,"Ceske Budejovice, Czech Republic",313302.0,Lenka Danielova,1364.0,2006-12-04 00:00:00,2006-12-04,CZE
"5' 7""",1.69m,,Jul 14 1984,"Zvolen, Slovakia",40380.0,Lenka Dlhopolcova,156.0,2000-12-04 00:00:00,2006-06-05,SVK
,,,,,312612.0,Lenka Hojckova,1039.0,2005-12-05 00:00:00,2006-12-18,SVK
"5' 9""",1.75m,Right-Handed,Jul 29 1995,"Nový Jičín, Czech Republic",319264.0,Lenka Jara,664.0,2014-10-13 00:00:00,2016-02-22,CZE
"5' 9""",1.74m,Right-Handed,Aug 11 1990,"Bratislava, Slovakia",315596.0,Lenka Jurikova,196.0,2008-06-23 00:00:00,2018-04-09,SVK
"5' 7""",1.70m,Right-Handed,Apr 20 1976,"Brno, Czech Republic",140117.0,Lenka Nemeckova,120.0,2000-12-04 00:00:00,2006-06-05,CZE
,,,,,140176.0,Lenka Novotna,399.0,2000-12-04 00:00:00,2003-08-25,CZE
,,,,,160478.0,Lenka Potocarova,952.0,2000-12-04 00:00:00,2001-12-10,SVK
,,Right-Handed,Dec 15 1983," Litomysl, Czech Republic",190869.0,Lenka Snajdrova,334.0,2000-12-04 00:00:00,2004-10-18,CZE
"5' 8""",1.72m,Right-Handed,Mar 27 2000,"Komarno, Slovakia",327035.0,Lenka Stara,1227.0,2019-09-16 00:00:00,2019-11-25,SVK
,,Right-Handed,Feb 14 1982,"Bratislava, Slovakia",200352.0,Lenka Tvaroskova,215.0,2000-12-04 00:00:00,2011-05-02,SVK
"5' 5""",1.64m,Right-Handed,Apr 23 1988,"Košice, Slovakia",311805.0,Lenka Wienerova,128.0,2005-08-22 00:00:00,2016-02-22,SVK
"5' 5""",1.765m,Right-Handed,Jun 26 1987,"Brasov, Romania",311437.0,Lenore Lazaroiu,1154.0,2005-12-05 00:00:00,2006-12-18,ROU
"5' 7""",1.70m,Right-Handed,Nov 11 1983,"Delft, Netherlands",311312.0,Leonie Mekel,355.0,2004-09-06 00:00:00,2011-02-21,NED
,,Right-Handed,Oct 1 1997,"Windhoek, Namibia",322171.0,Lesedi Jacobs,902.0,2016-02-22 00:00:00,2016-02-22,NAM
,,,,,110002.0,Lesley Kramer,1234.0,2000-12-04 00:00:00,2000-12-11,USA
"5' 7""",1.71m,Right-Handed,May 26 1982,"Antwerp, Belgium",20539.0,Leslie Butkiewicz,341.0,2000-12-04 00:00:00,2006-12-18,BEL
,,,,,30296.0,Leslie Cavanaugh-Rose,687.0,2000-12-04 00:00:00,2001-12-10,USA
"5' 5""",1.65m,Left-Handed,Mar 22 1990,"Pontevedra, Spain",312539.0,Leticia Costas,179.0,2006-12-04 00:00:00,2013-10-07,ESP
,,Right-Handed,Dec 06 1980,"Rio de Janeiro, Brazil",190774.0,Leticia Sobral,284.0,2000-12-04 00:00:00,2008-06-23,BRA
,,Right-Handed,Sep 6 1988,"Quarrata, Italy",311867.0,Letizia Lo Re,1015.0,2005-12-05 00:00:00,2006-12-18,ITA
,,Right-Handed,Jun 08 1999,"Rotterdam, Netherlands",327675.0,Lexie Stevens,413.0,2019-09-16 00:00:00,2024-02-26,NED
"5' 9""",1.75m,Right-Handed,Apr 13 2006,"Orlando, FL, USA",330875.0,Lexington Reed,1124.0,2023-08-21 00:00:00,2025-08-18,USA
,,Right-Handed,Nov 4 2004,"Asuncion, Paraguay",329811.0,Leyla Britez Risso,1305.0,2023-08-21 00:00:00,2023-08-21,PAR
,,,,,330635.0,Leyla Elmas,1322.0,2023-08-21 00:00:00,2023-08-21,TUR
"5' 5""",1.65m,Right-Handed,Mar 13 1971,"Xiangtan, China",30403.0,Li Chen,1008.0,2000-12-04 00:00:00,2000-12-25,CHN
,,,,,80431.0,Li Huang,966.0,2000-12-04 00:00:00,2001-09-03,CHN
"5' 5""",1.65m,Right-Handed,Mar 13 1971,"Xiangtan, China",30147.0,Li Ling Chen,616.0,2000-12-04 00:00:00,2002-06-03,CHN
,,,,,200199.0,Li Tong,1026.0,2000-12-04 00:00:00,2001-09-03,CHN
"5' 9""",1.75m,Right-Handed,Sep 7 1988,"Kunming, China",315269.0,Li Xi,985.0,2011-12-19 00:00:00,2011-12-19,CHN
,,,,,312279.0,Li-Li Ding,1271.0,2005-12-05 00:00:00,2005-12-05,CHN
,,Right-Handed,Jan 02 1985,"Scornicesti, Romania",20689.0,Liana Ungur,157.0,2000-12-04 00:00:00,2012-08-06,ROU
,,Right-Handed,Jan 24 1994,"Boca Raton, FL, USA",316364.0,Libby Muma,792.0,2011-12-19 00:00:00,2012-08-06,USA
"5' 5""",1.65m,Right-Handed,Nov 26 1995,"Haifa, Israel",318747.0,Libi Mesh,992.0,2012-08-06 00:00:00,2012-08-06,ISR
"5' 9""",1.76m,Right-Handed,Jul 13 1979,"Valašské Meziříčí, Czech Republic",160292.0,Libuse Prusova,103.0,2000-12-04 00:00:00,2007-06-11,CZE
,,Right-Handed,Feb 3 1997,"Madrid, Spain",320958.0,Lidia Moreno Arias,889.0,2022-10-24 00:00:00,2023-08-21,ESP
"6' 0""",1.83m,Right-Handed,Oct 08 1992,"Minsk, Belarus",316850.0,Lidziya Marozava,469.0,2011-12-19 00:00:00,2021-03-08,BLR
,,,,,313015.0,Liene Linina,1240.0,2005-12-05 00:00:00,2005-12-05,LAT
"5' 11""",1.80m,Right-Handed,Aug 21 1976,"Durban, South Africa",80258.0,Liezel Huber,139.0,2000-12-04 00:00:00,2003-09-15,USA
"5' 7""",1.71m,Right-Handed,May 21 1983,"Riga, Latvia",40341.0,Liga Dekmeijere,287.0,2000-12-04 00:00:00,2012-08-06,USA
,,Right-Handed,Oct 16 1980,"Tallinn, Estonia",190648.0,Liina Suurvarik,891.0,2005-08-22 00:00:00,2005-12-05,EST
"5' 8""",1.72m,Right-Handed,Jul 23 2003,"Hyderabad, India",329031.0,Likhitha Kalava,1273.0,2019-11-25 00:00:00,2021-03-08,IND
"5' 7""",1.70m,Right-Handed,Apr 07 1978,"Columbus, OH, U.S.",150134.0,Lilia Osterloh,41.0,2000-12-04 00:00:00,2011-05-30,USA
"5' 10""",1.78m,Right-Handed,Sep 02 1996,"Szeged, Hungary",320787.0,Lilla Barzo,460.0,2015-09-14 00:00:00,2016-07-18,HUN
,,Right-Handed,Oct 3 2001,"Oslo, Norway",325578.0,Lilly Håseth,754.0,2019-09-16 00:00:00,2023-08-21,NOR
"6' 0""",1.82m,Right-Handed,Sep 29 2005,"Perth, Australia",330301.0,Lily Fairclough,999.0,2023-08-21 00:00:00,2025-06-02,AUS
,,Right-Handed,Sep 2 2006,"Brisbane, Australia",331640.0,Lily Taylor,1211.0,2023-08-21 00:00:00,2025-08-18,AUS
,,Right-Handed,Jul 04 1991,"Casablanca, Morocco",314098.0,Lina Bennani,748.0,2008-11-03 00:00:00,2011-12-19,MAR
"5' 8""",1.74m,Right-Handed,Apr 29 1984,"Obninsk, Russia",110489.0,Lina Krasnoroutskaya,25.0,2000-12-04 00:00:00,2005-07-25,RUS
"5' 9""",1.75m,Right-Handed,Apr 17 1992,"Liepaja, Latvia",317516.0,Lina Lileikite,972.0,2011-12-19 00:00:00,2011-12-19,LAT
"5' 7""",1.69m,Right-Handed,Feb 07 1986,"Vilnius, Lithuania",310698.0,Lina Stanciute,197.0,2003-07-21 00:00:00,2014-11-03,LTU
,,,,,312068.0,Linda Agazzi,1098.0,2006-12-04 00:00:00,2006-12-18,ITA
,,,,,10344.0,Linda Akkerman,645.0,2000-12-04 00:00:00,2002-06-03,NED
,,,,,315562.0,Linda Mair,690.0,2011-02-21 00:00:00,2012-10-29,ITA
,,Right-Handed,Dec 23 1992,,318162.0,Linda Prenkovic,513.0,2013-09-09 00:00:00,2016-02-22,GER
,,Right-Handed,Feb 19 2002,"Poggibonsi, Italy",329547.0,Linda Salvi,1238.0,2023-08-21 00:00:00,2023-08-21,ITA
,,,,,326665.0,Linda Sevcikova,1022.0,2023-08-21 00:00:00,2025-08-18,CZE
,,,,,310168.0,Linda Smolenakova,500.0,2002-06-03 00:00:00,2006-12-18,SVK
,,,,,313386.0,Lindsay Cox,641.0,2005-11-28 00:00:00,2006-12-18,GBR
"6' 2""",1.89m,Right-Handed,Jun 08 1976,"Palos Verdes, CA, US",40106.0,Lindsay Davenport,1.0,2000-12-04 00:00:00,2008-12-29,USA
"5' 6""",1.68m,Right-Handed,Jan 1 1983,"Olney, MD, USA",40334.0,Lindsay Dawaf,811.0,2000-12-04 00:00:00,2000-12-25,USA
"5' 8""",1.73m,Right-Handed,Jun 28 1977,"Oklahoma City, OK, United States",120281.0,Lindsay Lee-Waters,75.0,2000-12-04 00:00:00,2012-08-06,USA
,,Right-Handed,Jan 4 1990,"Fairfax Station, VA, USA",316744.0,Lindsey Hardenbergh,990.0,2012-08-06 00:00:00,2012-08-06,USA
,,,May 24 1988,"Saint Louis, MO, USA",311913.0,Lindsey Jones,1327.0,2006-12-04 00:00:00,2006-12-04,USA
,,Right-Handed,Nov 18 1985,"Riverside, CA, USA",310067.0,Lindsey Nelson,435.0,2006-11-13 00:00:00,2010-04-26,USA
"5' 10""",1.78m,Right-Handed,Oct 28 1989,"Hunan, China",313228.0,Ling Zhang,184.0,2005-12-05 00:00:00,2019-11-25,HKG
,,Right-Handed,May 30 1998,"Stockholm, Sweden",324111.0,Linnea Malmqvist,682.0,2018-03-19 00:00:00,2021-03-29,SWE
,,Right-Handed,Mar 23 1980,"Moscow, Russia",190653.0,Lioudmila Skavronskaia,124.0,2000-12-04 00:00:00,2008-05-12,RUS
"5' 5""",1.65m,Right-Handed,Nov 14 1981,,40373.0,Lisa D'Amelio,363.0,2004-09-06 00:00:00,2007-06-18,AUS
,,Right-Handed,Apr 28 1980,"Weinheim, Germany",60154.0,Lisa Fritz,383.0,2000-12-04 00:00:00,2003-03-24,GER
,,,,,311659.0,Lisa Haegele,903.0,2005-08-22 00:00:00,2005-12-05,GER
,,,,,130670.0,Lisa Mackey,1250.0,2000-12-04 00:00:00,2000-12-25,AUS
,,Right-Handed,Jul 11 1990,"Vienna, Austria",315636.0,Lisa Maria Reichmann,923.0,2011-02-21 00:00:00,2011-12-19,AUT
,,Right-Handed,Sep 12 1987,"Cape Town, South Africa",313722.0,Lisa Marshall,1339.0,2005-12-05 00:00:00,2006-12-04,RSA
,,Right-Handed,Oct 06 1997,"Kyiv, Ukraine",321120.0,Lisa Matviyenko,421.0,2016-02-22 00:00:00,2021-03-29,GER
,,Right-Handed,Oct 10 2000,"Sydney, Australia",325815.0,Lisa Mays,637.0,2019-09-16 00:00:00,2024-02-26,AUS
"5' 9""",1.74m,Right-Handed,Oct 29 1974,"Redcliffe, Australia",130333.0,Lisa Mcshea,148.0,2000-12-04 00:00:00,2004-05-24,AUS
,,Right-Handed,Nov 22 2000,"Abbadia San Salvatore, Italy",325931.0,Lisa Piccinetti,1077.0,2019-09-16 00:00:00,2019-09-16,ITA
"5' 11""",1.80m,Right-Handed,May 21 1997,"Hamburg, Germany",321657.0,Lisa Ponomar,642.0,2014-11-03 00:00:00,2021-03-29,GER
,,Left-Handed,Jan 18 1982,,170021.0,Lisa Quiller,1246.0,2000-12-04 00:00:00,2000-12-25,GBR
"5' 5""",1.65m,Right-Handed,Aug 10 1973,"Norristown, Pennsylvania",180144.0,Lisa Raymond,19.0,2000-12-04 00:00:00,2007-07-02,USA
,,Right-Handed,Jul 26 1986,"Mendrisio, Switzerland",312998.0,Lisa Sabino,315.0,2005-11-28 00:00:00,2021-03-29,SUI
,,,,,315326.0,Lisa Summerer,958.0,2008-11-03 00:00:00,2008-11-03,AUT
,,Right-Handed,Oct 25 1984,"Livourne, Italy",200374.0,Lisa Tognetti,450.0,2000-12-04 00:00:00,2008-11-03,ITA
,,Right-Handed,May 11 1991,"Huntingdon, England",315801.0,Lisa Whybourn,250.0,2009-11-30 00:00:00,2017-04-10,GBR
,,Right-Handed,Mar 28 1991,"Graz, Austria",314961.0,Lisa-Maria Moser,280.0,2011-12-19 00:00:00,2019-11-25,AUT
,,,,,318315.0,Lisa-Marie Maetschke,738.0,2016-02-22 00:00:00,2018-03-19,GER
"5' 2""",1.59m,Right-Handed,May 1 1997,"Naha, Japan",322971.0,Lisa-Marie Rioux,667.0,2016-02-22 00:00:00,2025-08-18,JPN
,,,,,312392.0,Lisanne Balk,554.0,2005-07-04 00:00:00,2005-12-05,NED
,,Right-Handed,Jun 18 1991,"Vessem, Netherlands",315971.0,Lisanne Van Riet,404.0,2011-02-21 00:00:00,2014-11-03,NED
"5' 6""",1.68m,Right-Handed,May 31 1988,"Miami, FL, USA",311101.0,Liset Brito Herrera,768.0,2005-08-22 00:00:00,2006-06-05,CUB
,,Right-Handed,Feb 11 1994,"Saint Petersburg, Russia",317492.0,Liubov Vasilyeva,705.0,2011-12-19 00:00:00,2016-02-22,RUS
"5' 8""",1.72m,Right-Handed,Aug 01 1979,"Smolensk, Russia",140191.0,Liudmila Nikoyan,504.0,2000-12-04 00:00:00,2008-11-03,ARM
"5' 11""",1.80m,Right-Handed,Nov 14 1991,"Yekaterinburg, Russia",317126.0,Liudmila Vasilyeva,622.0,2013-10-07 00:00:00,2014-11-03,RUS
,,,,,10349.0,Livia Azzi,568.0,2000-12-04 00:00:00,2003-07-21,BRA
,,,,,316695.0,Liz Tatiane Koehler Bogarin,734.0,2011-02-21 00:00:00,2012-08-06,BRA
"5' 7""",1.70m,Right-Handed,Feb 12 1979,"Tegal, Indonesia",10184.0,Liza Andriyani,480.0,2000-12-04 00:00:00,2004-10-18,INA
,,,,,160476.0,Liza Pereira Viplav,671.0,2000-12-04 00:00:00,2006-12-18,IND
,,Left-Handed,Feb 23 1986,"Somerset East, South Africa",311077.0,Lizaan Du Plessis,530.0,2004-09-06 00:00:00,2009-08-24,RSA
,,,,,323252.0,Lizaveta Hancharova,1127.0,2016-02-22 00:00:00,2016-02-22,BLR
,,,Aug 02 1981,,140190.0,Ljiljana Nanusevic,540.0,2000-12-04 00:00:00,2005-08-22,SCG
,,,,,310121.0,Ljubica Avramovic,630.0,2008-01-07 00:00:00,2008-11-03,SRB
,,Right-Handed,Jul 12 2002,"Nancy, France",326634.0,Lola Marandel,1059.0,2023-08-21 00:00:00,2023-08-21,FRA
"5' 10""",1.77m,Right-Handed,Apr 4 1986,"Bradenton, FL, USA",60346.0,Lolita Frangulyan,721.0,2000-12-04 00:00:00,2003-03-24,USA
"5' 7""",1.70m,Right-Handed,Jan 25 1983,"Mexico City, Mexico",312602.0,Lorena Ivette Arias Rodriguez,685.0,2005-08-22 00:00:00,2008-11-03,MEX
,,Right-Handed,Aug 5 1986,"Aguas Calientes, Mexico",220290.0,Lorena Villalobos Cruz,556.0,2005-08-22 00:00:00,2007-05-07,MEX
,,,,,220275.0,Lorenza Vaschetto,1190.0,2000-12-04 00:00:00,2000-12-25,ITA
"5' 6""",1.68m,Right-Handed,Aug 18 1976,"Epsom, UK",230129.0,Lorna Woodroffe,222.0,2000-12-04 00:00:00,2002-12-30,GBR
"5' 5""",1.65m,Right-Handed,Jun 15 1993,"Walnut, CA, USA",325232.0,Lorraine Guillermo,535.0,2018-03-05 00:00:00,2022-10-24,USA
,,,,,190705.0,Lotty Seelen,378.0,2000-12-04 00:00:00,2004-09-06,NED
,,Right-Handed,Apr 12 1996,"Rueil Malmaison, France",319846.0,Lou Adler,546.0,2018-03-19 00:00:00,2021-03-29,FRA
,,Right-Handed,May 19 1995,"Poitiers, France",317680.0,Lou Brouleau,329.0,2011-11-28 00:00:00,2022-05-02,FRA
,,Right-Handed,May 29 2001,"Paris, France",325283.0,Loudmilla Bencheikh,520.0,2018-12-31 00:00:00,2021-03-29,FRA
,,Right-Handed,Jan 2 1993,"Stockholm, Sweden",318296.0,Louise Brunskog,742.0,2011-12-19 00:00:00,2023-08-21,SWE
,,Right-Handed,Mar 19 1988,"Villeneuve d'Ascq, France",311297.0,Louise Doutrelant,561.0,2005-08-22 00:00:00,2006-12-18,FRA
"5' 4""",1.63m,Left-Handed,Jan 5 1995,"Toronto, Canada",320720.0,Louise Kwong,970.0,2019-09-16 00:00:00,2024-02-26,CAN
,,Right-Handed,Nov 29 1994,"Barlin, France",318532.0,Louise Lampla,1064.0,2016-02-22 00:00:00,2018-03-19,FRA
"5' 5""",1.64m,Right-Handed,Jan 19 1978,"Norwich, England",120303.0,Louise Latimer,107.0,2000-12-04 00:00:00,2002-06-03,GBR
,,Right-Handed,Jun 18 2006,"San Lorenzo, Argentina",330743.0,Lourdes Ayala,752.0,2023-08-21 00:00:00,2025-08-18,ARG
"5' 4""",1.63m,Right-Handed,Mar 31 1981,"Pontevedra, Spain",40300.0,Lourdes Domínguez Lino,40.0,2000-12-04 00:00:00,2017-05-22,ESP
,,,,,120220.0,Lourdes Lopez,630.0,2001-04-23 00:00:00,2001-12-17,MEX
"5' 1""",1.54m,Right-Handed,Sep 29 1985,"Merida, Spain",310712.0,Lourdes Pascual Rodriguez,490.0,2003-07-21 00:00:00,2005-12-05,ESP
,,,,,315069.0,Lu Guo,752.0,2011-02-21 00:00:00,2013-10-07,CHN
,,,,,312827.0,Lu-Ling Chen,1061.0,2005-12-05 00:00:00,2005-12-05,TPE
,,Right-Handed,Aug 14 2005,"Sao Paulo, Brazil",330346.0,Luana Plaza Araujo,810.0,2023-08-21 00:00:00,2025-08-18,BRA
"6' 1""",1.83m,Right-Handed,Mar 07 1975,"Sofia, Bulgaria",20243.0,Lubomira Bacheva,82.0,2000-12-04 00:00:00,2005-07-04,BUL
"5' 11""",1.80m,Right-Handed,Oct 11 1983,"Bratislava, Slovakia",110527.0,Lubomira Kurhajcova,59.0,2000-12-04 00:00:00,2008-11-03,SVK
,,,,,320172.0,Luca Nagymihaly,702.0,2016-02-22 00:00:00,2018-03-19,HUN
,,Right-Handed,Nov 04 2005,"Kaposvar, Hungary",331004.0,Luca Udvardy,722.0,2023-08-21 00:00:00,2025-08-18,HUN
"5' 11""",1.80m,Right-Handed,May 5 1993,"Bratislava, Slovakia",317807.0,Lucia Butkovska,714.0,2011-11-28 00:00:00,2012-08-06,SVK
,,,,,314296.0,Lucia Cervera-Vazquez,318.0,2006-12-04 00:00:00,2016-02-22,ESP
,,Right-Handed,Feb 5 2000,,324746.0,Lucia De La Puerta Uribe,1046.0,2018-03-19 00:00:00,2018-03-19,ESP
,,,,,312099.0,Lucia Gonzalez,982.0,2005-08-22 00:00:00,2006-12-18,AUS
,,Right-Handed,Apr 11 1988,"Neuquen, Argentina",312865.0,Lucia Jara Lozano,520.0,2006-12-04 00:00:00,2011-09-05,ARG
,,,,,310491.0,Lucia Jimenez,313.0,2004-05-24 00:00:00,2006-12-18,ESP
,,Right-Handed,May 2 2003,"Nucia, Spain",328813.0,Lucia Llinares Domingo,781.0,2023-08-21 00:00:00,2025-08-18,ESP
"5' 5""",1.65m,Right-Handed,Feb 3 2000,"Valencia, Spain",324048.0,Lucia Marzal Martinez,984.0,2018-03-19 00:00:00,2018-03-19,ESP
,,Right-Handed,Jul 26 2005,"Las Flores, Argentina",330499.0,Lucia Peyre,585.0,2022-10-24 00:00:00,2024-05-06,ARG
"5' 8""",1.73m,Right-Handed,Oct 5 1984,"Barcelona, Spain",190884.0,Lucia Sainz-Pelegri,879.0,2008-11-03 00:00:00,2008-11-03,ESP
,,,,,200345.0,Lucia Tallo,679.0,2000-12-04 00:00:00,2001-12-10,SUI
,,,,,316150.0,Lucia Vrskova,629.0,2008-11-03 00:00:00,2010-01-25,SVK
,,Right-Handed,May 27 2003,"Buenos Aires, Argentina",327762.0,Luciana Blatter,1015.0,2023-08-21 00:00:00,2024-02-26,ARG
,,,Dec 04 1978,,130536.0,Luciana Masante,275.0,2000-12-04 00:00:00,2002-06-03,ARG
,,Right-Handed,Sep 27 2005,"Cordoba, Argentina",330756.0,Luciana Moyano,777.0,2022-10-24 00:00:00,2025-08-18,ARG
,,Right-Handed,Jan 31 1986,,311772.0,Luciana Sarmenti,566.0,2005-08-22 00:00:00,2013-06-17,ARG
"5' 3""",1.59m,Right-Handed,Jul 23 1974,"Exeter, England",10136.0,Lucie Ahl,161.0,2000-12-04 00:00:00,2004-05-03,GBR
"5' 10""",1.77m,Right-Handed,May 21 1985,"Prague, Czech Republic",310849.0,Lucie Hradecka,41.0,2003-07-21 00:00:00,2021-10-11,CZE
,,,,,310215.0,Lucie Kriegsmannova,430.0,2003-01-27 00:00:00,2011-12-19,CZE
,,,,,313205.0,Lucie Makrlikova,1109.0,2006-12-04 00:00:00,2006-12-18,CZE
,,Right-Handed,May 30 2003,"Paris, France",329092.0,Lucie Nguyen Tan,366.0,2021-03-08 00:00:00,2025-08-18,FRA
"5' 7""",1.70m,Right-Handed,Aug 30 2002,"Zasova, Czech Republic",328529.0,Lucie Petruzelova,1218.0,2019-11-25 00:00:00,2025-08-18,CZE
"5' 10""",1.77m,Left-Handed,Feb 04 1987,"Brno, Czech Republic",310553.0,Lucie Safarova,5.0,2003-12-22 00:00:00,2019-05-27,CZE
,,,,,190442.0,Lucie Steflova,441.0,2000-12-04 00:00:00,2001-12-10,CZE
,,Right-Handed,Feb 14 2006,,331493.0,Lucie Urbanova,1357.0,2023-08-21 00:00:00,2025-08-18,CZE
"5' 7""",1.71m,Right-Handed,Feb 14 1999,"Noyon, France",322709.0,Lucie Wargnier,580.0,2018-10-15 00:00:00,2023-08-21,FRA
,,Right-Handed,Dec 26 1984,"Split, Croatia",310727.0,Lucija Krzelj,232.0,2002-06-03 00:00:00,2006-12-18,CRO
,,Right-Handed,Jan 01 1976,"Cape Town, South Africa",70281.0,Lucinda Gibbs,993.0,2000-12-04 00:00:00,2000-12-25,RSA
,,Right-Handed,Feb 13 1979,"Crawley, England",316837.0,Lucy Brown,544.0,2011-02-21 00:00:00,2016-02-22,GBR
,,,,,312190.0,Lucy Fletcher,876.0,2004-10-18 00:00:00,2006-12-18,GBR
,,,,,311862.0,Lucy Warburton,816.0,2006-12-04 00:00:00,2008-11-03,GBR
"5' 11""",1.80m,,Jan 28 1981,"Birmingham, England",230253.0,Lucy Wood,1092.0,2000-12-04 00:00:00,2000-12-25,GBR
"5' 7""",1.71m,Right-Handed,Oct 15 1979,"Piešťany, Slovakia",30390.0,Ludmila Cervanova,58.0,2000-12-04 00:00:00,2007-02-19,SVK
"5' 11""",1.80m,Right-Handed,Mar 07 1977,"Košice, Slovakia",180252.0,Ludmila Richterova,458.0,2000-12-04 00:00:00,2004-05-24,CZE
,,Left-Handed,Feb 25 1979,"Zlin, Czech Republic",220159.0,Ludmilla Varmuza,525.0,2000-12-04 00:00:00,2002-06-03,SMR
,,,,,190486.0,Lui Li Shen,590.0,2000-12-04 00:00:00,2002-06-03,CHN
,,,Dec 26 1987,,310161.0,Luisa Barcaui,1173.0,2001-12-10 00:00:00,2001-12-10,BRA
,,,,,310330.0,Luisa Cowper,801.0,2001-12-10 00:00:00,2003-07-21,GBR
,,Left-Handed,Jun 22 1995,"Munich, Germany",319803.0,Luisa Marie Huber,618.0,2014-01-20 00:00:00,2016-10-10,GER
,,Right-Handed,Jan 31 2002,"Halle, Germany",326402.0,Luisa Meyer Auf Der Heide,376.0,2022-02-14 00:00:00,2025-08-18,GER
"5' 9""",1.75m,Right-Handed,Apr 23 1995,"Porto Alegre, Brazil",318346.0,Luisa Rosa,1110.0,2011-12-19 00:00:00,2011-12-19,BRA
"5' 6""",1.68m,Right-Handed,Aug 09 1997,"São Paulo, Brazil",321047.0,Luisa Stefani,432.0,2016-02-22 00:00:00,2021-10-11,BRA
,,Right-Handed,Jun 4 1999,"Peer, Belgium",325995.0,Luna Meers,891.0,2018-03-19 00:00:00,2021-03-08,BEL
,,,Aug 31 1990,,312931.0,Lutfiana Aris Budiharto,753.0,2005-12-05 00:00:00,2008-11-03,INA
,,Right-Handed,Jul 30 1980,"Chemnitz, Germany",190583.0,Lydia Steinbach,262.0,2000-12-04 00:00:00,2006-12-18,GER
,,,,,180305.0,Lyndsay Reilly,633.0,2000-12-04 00:00:00,2003-08-04,GBR
"5' 3""",1.61m,Right-Handed,Jul 29 2001,"Singapore, Singapore",328585.0,Lynelle Lim,1227.0,2019-09-16 00:00:00,2019-11-25,SIN
"5' 5""",1.65m,Right-Handed,Aug 16 1989,"Koerich, Luxemburg",314397.0,Lynn Blau,1308.0,2006-12-04 00:00:00,2006-12-18,LUX
,,Right-Handed,Aug 06 1995,"Cape Town, South Africa",319085.0,Lynn Kiro,858.0,2013-10-07 00:00:00,2013-10-07,RSA
,,,Dec 2 1988,"Schifflange, Luxemburg",312514.0,Lynn Philippe,806.0,2005-12-05 00:00:00,2006-12-18,LUX
"5' 6""",1.68m,Right-Handed,Mar 28 2003,"Kryvyi Rih, Ukraine",329139.0,Lyubov Kostenko,1096.0,2019-11-25 00:00:00,2021-03-08,UKR
"5' 9""",1.75m,Right-Handed,Jul 20 1992,"Dnipropetrovsk, Ukraine",314701.0,Lyudmyla Kichenok,156.0,2008-10-27 00:00:00,2018-03-19,UKR
,,Right-Handed,Jun 20 1975,"Rotterdam, Netherlands",110261.0,Maaike Koutstaal,1100.0,2000-12-04 00:00:00,2000-12-25,NED
,,Left-Handed,Feb 05 1986,"Palos Verdes, CA, USA",315278.0,Macall Harkins,381.0,2009-11-30 00:00:00,2014-09-22,USA
"5' 3""",1.61m,Right-Handed,Dec 28 1995,"Santiago, Chile",319013.0,Macarena Olivares Lopez,582.0,2013-06-17 00:00:00,2014-11-03,CHI
,,,Jun 5 1989,"Melilla, Spain",312112.0,Macarena Rodriguez Capilla,1216.0,2005-12-05 00:00:00,2006-12-18,ESP
"5' 4""",1.63m,Right-Handed,Aug 23 1987,"Ploiești, Romania",311040.0,Madalina Gojnea,149.0,2004-10-18 00:00:00,2014-03-24,ROU
,,Right-Handed,Jul 14 2005,"Palos Verdes, CA, USA",330198.0,Madeleine Jessup,1227.0,2023-08-21 00:00:00,2023-08-21,TPE
"5' 8""",1.72m,Right-Handed,Mar 19 1992,"New Albany, OH, USA",318357.0,Madeleine Kobelt,991.0,2016-02-22 00:00:00,2021-03-08,USA
,,Right-Handed,Jan 28 2003,"Twisk, Netherlands",328718.0,Madelief Hageman,1338.0,2023-08-21 00:00:00,2025-08-18,NED
,,Right-Handed,May 31 1997,"Locust Valley, NY, USA",326099.0,Madison Appel,1307.0,2021-03-08 00:00:00,2021-03-08,USA
,,Right-Handed,Sep 19 1997,,320263.0,Madison Bourguignon,1056.0,2018-03-19 00:00:00,2023-08-21,USA
,,Right-Handed,,,320599.0,Madison Frahn,1377.0,2023-08-21 00:00:00,2023-08-21,AUS
"6' 1""",1.82m,Right-Handed,Apr 2 1996,"Tulsa, OK, USA",321458.0,Madison Westby,691.0,2019-09-16 00:00:00,2021-03-29,USA
,,,,,310072.0,Madita Suer,519.0,2001-09-03 00:00:00,2005-08-22,GER
,,,,,313380.0,Madlen Kadur,504.0,2005-12-05 00:00:00,2008-11-03,GER
,,,,,110302.0,Madoka Kuki,1008.0,2000-12-04 00:00:00,2001-09-03,JPN
,,Right-Handed,Apr 19 1995,"Uitenhage, South Africa",317746.0,Madrie Le Roux,570.0,2013-09-09 00:00:00,2016-02-22,RSA
"5' 5""",1.65m,Right-Handed,Sep 14 1988,"Coimbatore, India",311557.0,Madura Ranganathan,862.0,2005-08-22 00:00:00,2006-12-18,IND
"5' 6""",1.68m,Right-Handed,Apr 16 1995,"Redondo Beach, CA, USA",319909.0,Maegan Manasse,327.0,2016-02-22 00:00:00,2025-03-24,USA
,,Right-Handed,Jan 19 2004,"La Grande Motte, France",331122.0,Maelle Leclercq,1170.0,2023-08-21 00:00:00,2025-08-18,FRA
,,Right-Handed,Mar 21 2002,,327128.0,Maelys Bougrat,879.0,2019-09-16 00:00:00,2025-08-18,FRA
"5' 6""",1.67m,Right-Handed,Feb 1 1997,"Lisboa, Portugal",319269.0,Mafalda Fernandes,1183.0,2016-02-22 00:00:00,2016-02-22,POR
"5' 5""",1.65m,Right-Handed,Jun 14 1987,"Lausanne, Switzerland",311307.0,Magali De Lattre,334.0,2005-08-22 00:00:00,2012-05-14,POR
,,Right-Handed,Mar 13 1983,"Orleans, France",312763.0,Magalie Girard,1109.0,2006-12-04 00:00:00,2006-12-18,FRA
"5' 9""",1.76m,Right-Handed,Feb 24 1978,"Aigne, France",120278.0,Magalie Lamarre,406.0,2000-12-04 00:00:00,2002-09-30,FRA
,,Right-Handed,Jul 06 1981,"Brăila, Romania",130537.0,Magda Mihalache,176.0,2000-12-04 00:00:00,2009-03-30,ROU
"6' 0""",1.84m,Right-Handed,Nov 22 1978,"Poznań, Poland",70322.0,Magdalena Grzybowska,81.0,2000-12-04 00:00:00,2003-07-21,POL
"5' 3""",1.6m,Right-Handed,Apr 14 1988,"Szczecin, Poland",311452.0,Magdalena Kiszczynska,293.0,2003-07-21 00:00:00,2012-08-06,POL
,,Right-Handed,Oct 06 1976,"Prague, Czech Republic",110348.0,Magdalena Kucerova,240.0,2000-12-04 00:00:00,2003-01-27,GER
"5' 6""",1.68m,Right-Handed,Apr 01 1975,"Sofia, Bulgaria",130245.0,Magdalena Maleeva,11.0,2000-12-04 00:00:00,2006-10-16,BUL
,,Right-Handed,Jul 26 1980,,130566.0,Magdalena Marszalek,687.0,2000-12-04 00:00:00,2003-03-24,POL
,,Right-Handed,Jan 28 1999,"Brno, Czech Republic",321402.0,Magdalena Pantuckova,424.0,2016-02-22 00:00:00,2021-10-11,CZE
"5' 11""",1.80m,Right-Handed,Oct 04 1988,"Piešťany, Slovakia",312580.0,Magdalena Rybarikova,17.0,2005-08-08 00:00:00,2020-11-02,SVK
,,Right-Handed,Apr 12 1996,"Skopje, North Macedonia",321337.0,Magdalena Stoilkovska,1046.0,2016-02-22 00:00:00,2025-08-18,MKD
,,Right-Handed,Dec 12 1988,"Ksawerow, Poland",313128.0,Magdalena Tokarczyk,939.0,2005-12-05 00:00:00,2005-12-05,POL
,,Right-Handed,Jan 24 1985,,200373.0,Magdalena Tokarska,781.0,2001-09-03 00:00:00,2003-08-04,POL
,,,May 17 1978,Czechoslovakia,260098.0,Magdalena Zdenovcova,195.0,2000-12-04 00:00:00,2004-07-05,CZE
"5' 7""",1.70m,Right-Handed,Sep 5 1999,"Veria, Greece",324468.0,Magdalini Adaloglou,1087.0,2023-08-21 00:00:00,2023-08-21,GRE
"5' 5""",1.67m,Left-Handed,Mar 01 1979,"Las Palmas, Spain",190482.0,Magui Serna,19.0,2000-12-04 00:00:00,2007-03-12,ESP
,,Right-Handed,Dec 25 1987,"Cairo, Egypt",311197.0,Magy Aziz,1258.0,2006-12-04 00:00:00,2006-12-04,EGY
,,Right-Handed,Jun 24 2001,"Bhopal, India",325668.0,Mahak Jain,515.0,2018-03-19 00:00:00,2021-03-29,IND
"5' 11""",1.80m,Right-Handed,Mar 5 1996,"Hyderabad, India",320965.0,Mahitha Dadi Reddy,959.0,2013-10-07 00:00:00,2013-10-07,IND
,,Right-Handed,Apr 18 1992,"Kongens Lyngby, Denmark",316863.0,Mai Grage,899.0,2011-02-21 00:00:00,2014-11-03,DEN
"5' 4""",1.62m,Right-Handed,Apr 16 1992,"Funabashi, Japan",316271.0,Mai Minokoshi,255.0,2011-02-21 00:00:00,2021-03-29,JPN
"5' 5""",1.65m,Right-Handed,Aug 12 2002,"Bangkok, Thailand",327225.0,Mai Nirundorn,1204.0,2021-03-08 00:00:00,2021-03-08,THA
,,Right-Handed,Jan 10 1998,"Glasgow, Scotland",320654.0,Maia Lumsden,250.0,2016-02-22 00:00:00,2023-08-21,GBR
"5' 6""",1.67m,Right-Handed,Oct 25 1984,"Sapporo, Japan",310644.0,Maika Ozaki,320.0,2002-09-30 00:00:00,2007-08-13,JPN
,,,Feb 05 1979,"Okinawa, Japan",90069.0,Maiko Inoue,376.0,2000-12-04 00:00:00,2003-08-25,JPN
,,Right-Handed,May 24 2000,,325835.0,Maileen Nuudi,469.0,2022-10-24 00:00:00,2025-06-30,EST
"5' 7""",1.70m,Right-Handed,Jul 25 1988,"Buenos Aires, Argentina",312867.0,Mailen Auroux,241.0,2006-12-04 00:00:00,2014-04-14,ARG
"5' 4""",1.62m,Right-Handed,Dec 01 1987,"Chatillons sur Seine, France",311891.0,Mailyne Andrieux,271.0,2004-09-06 00:00:00,2008-11-03,FRA
,,Right-Handed,Feb 02 1989,"Pamplona, Spain",312230.0,Maite Gabarrus-Alonso,333.0,2005-08-22 00:00:00,2009-05-25,ESP
,,Right-Handed,Feb 7 1988,,313768.0,Maja Kambic,998.0,2008-11-03 00:00:00,2008-11-03,SLO
"5' 9""",1.75m,Left-Handed,Jun 13 1980,"Ljubljana, Slovenia",130556.0,Maja Matevzic,38.0,2000-12-04 00:00:00,2006-03-13,SLO
"5' 7""",1.70m,Right-Handed,Oct 7 1982,"Maribor, Slovenia",130656.0,Maja Mlakar,579.0,2000-12-04 00:00:00,2001-09-03,SLO
"5' 4""",1.62m,Right-Handed,Jun 28 1996,"Kil, Sweden",319367.0,Maja Ornberg,1212.0,2016-02-22 00:00:00,2016-02-22,SWE
"5' 9""",1.75m,Right-Handed,Mar 24 1973,"Split, Croatia",160113.0,Maja Palaversic Coopersmith,117.0,2000-12-04 00:00:00,2003-08-04,CRO
,,Right-Handed,Apr 13 1987,,311187.0,Maja Petrovic,989.0,2005-08-22 00:00:00,2005-12-05,AUT
,,Right-Handed,Apr 7 2002,,326285.0,Maja Radenkovic,1255.0,2023-08-21 00:00:00,2023-08-21,SWE
"5' 7""",1.70m,Right-Handed,Aug 7 1989,"Zagreb, Croatia",312744.0,Maja Sujica,1279.0,2006-12-04 00:00:00,2006-12-18,CRO
,,,,,316303.0,Majoly De Wilde,978.0,2011-02-21 00:00:00,2011-02-21,BEL
"5' 7""",1.70m,Right-Handed,Feb 26 1998,"Greenville, SC, USA",323071.0,Makenna Jones,236.0,2022-10-24 00:00:00,2025-08-18,USA
"5' 11""",1.79m,Right-Handed,Dec 23 1982,"Tachikawa, Japan",10284.0,Maki Arai,435.0,2000-12-04 00:00:00,2008-11-03,JPN
"5' 2""",1.58m,Right-Handed,May 23 1988,"Mito, Japan",317041.0,Makiho Kozawa,512.0,2011-02-21 00:00:00,2012-08-13,JPN
"5' 2""",1.57m,Right-Handed,May 28 1994,"Hiroshima, Japan",317820.0,Makoto Ninomiya,280.0,2011-12-19 00:00:00,2025-08-18,JPN
,,Right-Handed,Aug 26 1999,"Oslo, Norway",323055.0,Malene Helgø,317.0,2018-03-19 00:00:00,2025-08-18,NOR
"5' 5""",1.65m,Right-Handed,Jul 9 1991,"Miramar, FL, USA",317079.0,Malika Rose,941.0,2016-02-22 00:00:00,2016-02-22,USA
,,Right-Handed,Feb 27 1994,"Stockholm, Sweden",316825.0,Malin Ulvefeldt,579.0,2013-06-17 00:00:00,2016-02-22,SWE
,,Right-Handed,Oct 27 1994,"Nantes, France",322270.0,Mallaurie Noel,367.0,2016-02-22 00:00:00,2025-08-18,FRA
"5' 10""",1.78m,Right-Handed,Jan 28 1991,"Macon, GA, USA",314596.0,Mallory Burdette,68.0,2012-07-23 00:00:00,2014-05-26,USA
"5' 5""",1.65m,Right-Handed,Jul 18 1990,"Spartanburg, SC, U.S.",314074.0,Mallory Cecil,366.0,2006-12-04 00:00:00,2011-01-17,USA
,,Right-Handed,Mar 13 1991,"Copenhague, Denmark",314395.0,Malou Ejdesgaard,790.0,2008-11-03 00:00:00,2011-12-19,DEN
,,,,,311192.0,Mami Inoue,658.0,2005-08-22 00:00:00,2008-11-03,USA
,,Right-Handed,Mar 28 1996,"Hong Kong, China",320852.0,Man Ying Ng,736.0,2016-02-22 00:00:00,2025-03-03,HKG
"5' 7""",1.70m,Right-Handed,Sep 14 1994,"Noda, Japan",318085.0,Mana Ayukawa,382.0,2011-12-19 00:00:00,2025-08-18,JPN
"5' 7""",1.70m,Right-Handed,Aug 6 2001,,326489.0,Mana Kawamura,540.0,2019-09-16 00:00:00,2025-08-18,JPN
,,Right-Handed,Sep 14 1989,"Ushiku, Japan",312619.0,Manana Shapakidze,382.0,2005-12-05 00:00:00,2011-03-14,GEO
,,Left-Handed,Sep 09 1997,"Ljubljana, Slovenia",322219.0,Manca Pislak,500.0,2016-02-22 00:00:00,2025-08-18,SLO
"5' 11""",1.80m,Right-Handed,Nov 22 1985,"Esch-sur-Alzette, Luxembourg",310431.0,Mandy Minella,66.0,2002-06-03 00:00:00,2022-10-03,LUX
,,,,,190939.0,Mandy Stegman,1202.0,2001-09-03 00:00:00,2001-12-10,USA
,,Right-Handed,Apr 24 1994,"Zoetermeer, Netherlands",319302.0,Mandy Wagemaker,609.0,2013-10-07 00:00:00,2016-10-10,NED
,,,Sep 13 2001,,327009.0,Maneva Rakotomalala,1071.0,2019-09-16 00:00:00,2023-08-21,FRA
,,,,,318058.0,Manisha Foster,653.0,2011-12-19 00:00:00,2016-10-10,GBR
,,Right-Handed,Sep 19 1976,"Mumbai, India",130554.0,Manisha Malhotra,314.0,2000-12-04 00:00:00,2003-10-20,IND
"5' 4""",1.62m,Right-Handed,Aug 28 1994,"Rouen, France",318840.0,Manon Arcangioli,268.0,2011-12-19 00:00:00,2022-10-31,FRA
,,,,France,313012.0,Manon Garcia,1227.0,2005-12-05 00:00:00,2005-12-05,FRA
,,,,,316236.0,Manon Peral,885.0,2013-10-07 00:00:00,2019-09-16,FRA
,,,,,332009.0,Mansi Vadyala,1301.0,2023-08-21 00:00:00,2023-08-21,USA
,,,,,312864.0,Manuela Esposito,1086.0,2005-12-05 00:00:00,2005-12-05,ARG
"5' 4""",1.63m,Right-Handed,Jul 21 2005,"Aichi, Japan",330956.0,Mao Mushika,748.0,2023-08-21 00:00:00,2025-08-18,JPN
"5' 6""",1.68m,Right-Handed,Jun 24 2003,"Usingen, Germany",328432.0,Mara Guth,451.0,2022-10-24 00:00:00,2025-08-18,GER
,,,,,314574.0,Mara Nowak,677.0,2011-02-21 00:00:00,2011-02-21,GER
"6' 0""",1.83m,Right-Handed,Jun 28 1981,"Latina, Italy",190669.0,Mara Santangelo,27.0,2000-12-04 00:00:00,2010-03-01,ITA
"5' 6""",1.68m,Right-Handed,Feb 22 1992,"Bradenton, FL, USA",317231.0,Mara Schmidt,931.0,2016-02-22 00:00:00,2021-03-08,USA
,,Right-Handed,Dec 13 1984,"Mexico City, Mexico",10326.0,Marcela Arroyo Vergara,603.0,2000-12-04 00:00:00,2006-12-18,MEX
,,Right-Handed,Oct 9 1988,,312801.0,Marcela Bueno,1212.0,2016-02-22 00:00:00,2016-02-22,BRA
,,,,,50122.0,Marcela Evangelista,494.0,2000-12-04 00:00:00,2005-08-22,BRA
"5' 5""",1.65m,Right-Handed,May 27 1999,"Olsztyn, Poland",324198.0,Marcelina Podlinska,868.0,2023-08-21 00:00:00,2025-08-18,POL
"5' 11""",1.80m,Right-Handed,May 27 1988,"Leidschendam, Netherlands",313559.0,Marcella Koek,400.0,2006-11-13 00:00:00,2011-12-19,NED
"5' 6""",1.68m,Right-Handed,Jan 29 1980,"Sao Paulo, Brazil",80337.0,Marcelle Hirt,852.0,2000-12-04 00:00:00,2001-09-03,BRA
,,Right-Handed,Jul 27 1987,"Berlin, Germany",312576.0,Mareike Biglmaier,748.0,2005-08-22 00:00:00,2006-12-18,GER
,,,,,311018.0,Maren Kassens,679.0,2005-08-22 00:00:00,2006-12-18,GER
,,Right-Handed,Apr 1 2004,"Oegstgeest, Netherlands",330383.0,Marente Sijbesma,1099.0,2023-08-21 00:00:00,2023-08-21,NED
"5' 9""",1.75m,Right-Handed,Jan 31 1982,"Tallinn, Estonia",10278.0,Maret Ani,63.0,2000-12-04 00:00:00,2011-03-14,EST
,,,Aug 18 1973,,100083.0,Mareze Joubert,281.0,2000-12-04 00:00:00,2001-12-10,RSA
"5' 8""",1.72m,Right-Handed,Dec 09 1982,"Tbilisi, Georgia",30470.0,Margalita Chakhnashvili-Ranzinger,134.0,2000-12-04 00:00:00,2014-11-03,GEO
,,Right-Handed,Jul 30 1993,"Porto, Portugal",315809.0,Margarida Moura,755.0,2011-12-19 00:00:00,2012-08-06,POR
,,,,,315542.0,Margarita Edinarova,557.0,2008-10-27 00:00:00,2009-08-24,RUS
,,Right-Handed,Jun 25 2001,,328826.0,Margarita Ignatjeva,988.0,2019-11-25 00:00:00,2025-08-18,LAT
,,Left-Handed,Oct 10 1990,"Zhukovsky, Russia",313976.0,Margarita Lazareva,336.0,2008-11-03 00:00:00,2021-03-29,RUS
,,Right-Handed,Jan 13 2000,"Bataysk, Russia",323651.0,Margarita Skryabina,672.0,2018-03-05 00:00:00,2018-03-19,RUS
,,,,,313915.0,Margarita-Greta Skripnik,806.0,2011-02-21 00:00:00,2011-02-21,ISR
"5' 8""",1.73m,Right-Handed,Sep 28 1997,"Liege, Belgique",324482.0,Margaux Bovy,635.0,2018-03-05 00:00:00,2018-10-15,BEL
,,,,,329162.0,Margaux Komano,1390.0,2023-08-21 00:00:00,2025-06-16,FRA
,,Left-Handed,Nov 8 1999,,327126.0,Margaux Orange,804.0,2019-09-16 00:00:00,2021-03-29,FRA
,,Right-Handed,Oct 2 2005,"Udine, Italy",330376.0,Margherita Marcon,1197.0,2023-08-21 00:00:00,2023-08-21,ITA
"5' 9""",1.76m,Right-Handed,Sep 04 1983,"Tallinn, Estonia",180400.0,Margit Ruutel,158.0,2000-12-04 00:00:00,2011-12-19,EST
,,Right-Handed,Sep 10 1997,"Blodelsheim, France",320415.0,Margot Decker,840.0,2016-02-22 00:00:00,2016-02-22,FRA
,,Right-Handed,Sep 27 1996,"Montevideo, Uruguay",322071.0,Margot Mercier,1246.0,2016-02-22 00:00:00,2016-02-22,URU
,,Right-Handed,May 28 1986,"Terracina, Italy",200385.0,Margot Torre,522.0,2001-09-03 00:00:00,2004-10-18,ITA
"5' 10""",1.78m,Right-Handed,Apr 19 1997,"Martigues, France",320862.0,Margot Yerolymos,306.0,2014-11-03 00:00:00,2022-10-31,FRA
"5' 5""",1.65m,Right-Handed,Jul 05 1986,"Seoul, South Korea",310180.0,Mari Andersson,335.0,2001-12-10 00:00:00,2007-08-13,SWE
"5' 5""",1.65m,Right-Handed,Dec 27 1984,"Shizuoka, Japan",310360.0,Mari Inoue,540.0,2003-03-24 00:00:00,2011-12-19,JPN
,,Right-Handed,Apr 03 1996,"Osaka, Japan",318915.0,Mari Osaka,280.0,2013-09-09 00:00:00,2022-05-02,JPN
,,Right-Handed,Jan 11 1987,"Tokyo, Japan",311500.0,Mari Tanaka,287.0,2005-08-08 00:00:00,2015-06-29,JPN
,,,,,312531.0,Mari Yamauchi,1082.0,2005-12-05 00:00:00,2006-12-18,JPN
,,Right-Handed,Feb 24 1999,"Pavia, Italy",321150.0,Maria  Viviani,849.0,2019-09-16 00:00:00,2025-03-31,ITA
,,Right-Handed,Aug 19 1987,"Zagreb, Croatia",311275.0,Maria Abramovic,266.0,2003-12-22 00:00:00,2013-06-17,CRO
,,Right-Handed,Jun 29 1996,"Buenos Aires, Argentina",319850.0,Maria Agustina De Carli,1292.0,2016-02-22 00:00:00,2016-02-22,ARG
,,Right-Handed,May 5 2005,"Buenos Aires, Argentina",331745.0,Maria Agustina Farina,1322.0,2023-08-21 00:00:00,2023-08-21,ARG
,,,,,322604.0,Maria Amicuzi,1273.0,2019-11-25 00:00:00,2021-03-08,ARG
"5' 7""",1.70m,Right-Handed,Sep 27 1989,"Waldbroel, Germany",313574.0,Maria Antounia Fohse,1169.0,2005-10-07 00:00:00,2006-09-18,GER
,,Right-Handed,Jun 02 1985,"Sochi, Russia",311418.0,Maria Arkhipova,483.0,2004-09-06 00:00:00,2005-12-05,RUS
,,Right-Handed,Feb 7 1987,"Yaroslav, Russia",312162.0,Maria Babich,903.0,2005-08-22 00:00:00,2005-12-05,RUS
,,,May 25 1979,"Rostov on Don, Russia",20421.0,Maria Boboedova,501.0,2000-12-04 00:00:00,2002-06-03,RUS
,,Right-Handed,Apr 09 2003,"Tolyatti, Russia",330280.0,Maria Bondarenko,304.0,2021-03-08 00:00:00,2024-09-23,RUS
,,,,,319755.0,Maria Canero Perez,1060.0,2016-02-22 00:00:00,2016-02-22,ESP
,,,,,331549.0,Maria Carolina Ferreira Turchetto,1016.0,2023-08-21 00:00:00,2024-02-26,BRA
,,,,,315455.0,Maria Claudia Santos Sant'Anna,944.0,2008-11-03 00:00:00,2008-11-03,BRA
,,Right-Handed,Oct 28 1996,"Moscow, Russia",328137.0,Maria Daniels Sierra,1015.0,2019-09-16 00:00:00,2021-03-08,RUS
"5' 5""",1.64m,Right-Handed,Mar 21 1982,"Motta di Livenza, Italy",30462.0,Maria Elena Camerin,41.0,2000-12-04 00:00:00,2015-04-06,ITA
"5' 5""",1.70m,,May 7 1997,"Cumana, Venezuela",321082.0,Maria Elena Medina Betancourt,862.0,2014-11-03 00:00:00,2014-11-03,VEN
,,,,,20590.0,Maria Eugenia Brito,527.0,2000-12-04 00:00:00,2003-03-24,MEX
,,,,,312863.0,Maria Eugenia Roca Recarey,936.0,2005-12-05 00:00:00,2006-12-18,URU
"5' 9""",1.74m,Right-Handed,Feb 28 1988,"Santa Cruz, Bolivia",313564.0,Maria Fernanda Alvarez Teran,187.0,2005-12-05 00:00:00,2016-10-10,BOL
"5' 9""",1.74m,Left-Handed,Apr 17 1983,"Florianópolis, Brazil",10258.0,Maria Fernanda Alves,132.0,2000-12-04 00:00:00,2016-02-22,BRA
,,,,,311254.0,Maria Fernanda Riveroll,1310.0,2005-12-05 00:00:00,2005-12-05,MEX
,,Right-Handed,Feb 1 2002,"Maia, Portugal",327160.0,Maria Fonte,884.0,2019-09-16 00:00:00,2021-03-29,POR
,,Right-Handed,Apr 5 2005,"Madrid, Spain",330512.0,Maria Garcia Cid,960.0,2024-02-26 00:00:00,2025-04-21,ESP
,,,,,312900.0,Maria Gatalskaya,1293.0,2005-12-05 00:00:00,2005-12-05,RUS
,,Right-Handed,Mar 13 1977,"Sofia, Bulgaria",70286.0,Maria Geznenge,190.0,2000-12-04 00:00:00,2006-12-18,GER
"5' 9""",1.76m,Right-Handed,Jun 05 1979,"Moscow, Russia",70325.0,Maria Goloviznina,135.0,2000-12-04 00:00:00,2005-10-03,RUS
,,Right-Handed,Jul 4 1988,"Moscow, Russia",311205.0,Maria Gugel,833.0,2004-10-18 00:00:00,2004-10-18,ISR
,,Right-Handed,Sep 15 1997,"Madrid, Spain",320956.0,Maria Gutierrez Carrasco,291.0,2016-02-22 00:00:00,2022-10-31,ESP
,,,,,110549.0,Maria Jedlickova,577.0,2001-09-03 00:00:00,2003-08-25,SVK
"5' 9""",1.74m,Left-Handed,Oct 08 1992,"Porto, Portugal",314757.0,Maria Joao Koehler,102.0,2008-11-03 00:00:00,2018-10-15,POR
"5' 9""",1.76m,Left-Handed,Aug 12 1982,"Yecla, Spain",130591.0,Maria Jose  Martinez Sanchez,19.0,2000-12-04 00:00:00,2017-04-10,ESP
,,Right-Handed,Jul 16 1984,"Tandil, Argentina",10342.0,Maria Jose Argeri,149.0,2000-12-04 00:00:00,2008-09-15,ARG
,,Right-Handed,Jun 6 1996,"Cordoba, Spain",319756.0,Maria Jose Luque Moreno,597.0,2016-02-22 00:00:00,2019-09-16,ESP
"5' 8""",1.72m,Right-Handed,Mar 2 1996,"Rafaela, Argentina",320739.0,Maria Jose Zehnder,1357.0,2023-08-21 00:00:00,2023-08-21,ARG
,,Right-Handed,Apr 30 2000,"Tallinn, Estonia",325054.0,Maria Kaul,757.0,2021-03-08 00:00:00,2022-10-31,EST
"5' 8""",1.74m,Right-Handed,Jan 25 1987,"Moscow, Russia",310577.0,Maria Kirilenko,10.0,2002-06-03 00:00:00,2015-09-14,RUS
,,,,,312129.0,Maria Komissarova,1391.0,2005-12-05 00:00:00,2005-12-05,RUS
,,Right-Handed,Jan 17 1982,"Moscow, Russia",110497.0,Maria Kondratieva,210.0,2000-12-04 00:00:00,2011-02-21,RUS
,,Right-Handed,Mar 04 1997,"Ufa, Russia",323794.0,Maria Kononova,641.0,2023-08-21 00:00:00,2025-08-18,RUS
,,Right-Handed,May 22 1999,"Saint Petersburg, Russia",325632.0,Maria Kozyreva,342.0,2022-10-31 00:00:00,2025-08-18,RUS
,,,,,110582.0,Maria Kravchenko,1055.0,2000-12-04 00:00:00,2001-12-10,LAT
,,Right-Handed,Mar 13 2001,"Balashikha, Russia",328895.0,Maria Krupenina,1106.0,2019-11-25 00:00:00,2021-03-08,RUS
,,Right-Handed,Dec 6 1982,"Bibbiena, Italy",260115.0,Maria Letizia Zavagli,1047.0,2000-12-04 00:00:00,2001-12-10,ITA
,,,,,10311.0,Maria Lorena Alcetegaray,1118.0,2000-12-04 00:00:00,2000-12-25,ARG
,,Right-Handed,Jul 3 1990,"Pitesti, Romania",312782.0,Maria Luiza Craciun,796.0,2005-12-05 00:00:00,2006-12-18,ROU
,,Right-Handed,Jun 9 2000,"Moscow, Russia",326943.0,Maria Manilova,1227.0,2019-09-16 00:00:00,2021-03-08,RUS
"5' 9""",1.75m,Right-Handed,Jun 05 1997,"Voronezh, Russia",320930.0,Maria Marfutina,354.0,2014-01-20 00:00:00,2021-10-11,ITA
,,Right-Handed,Dec 20 2004,"Mexico City, Mexico",329427.0,Maria Martinez Hernandez,1181.0,2023-08-21 00:00:00,2023-08-21,MEX
,,,,,318955.0,Maria Martinez Martinez,731.0,2016-02-22 00:00:00,2016-02-22,ESP
,,Right-Handed,Jan 28 1994,"Siena, Italy",317413.0,Maria Masini,1039.0,2016-02-22 00:00:00,2019-11-25,ITA
,,Right-Handed,Nov 04 1990,"Moscow, Russia",313383.0,Maria Mokh,359.0,2006-12-04 00:00:00,2014-11-03,RUS
"5' 8""",1.72m,Right-Handed,Oct 19 1989,"Moscow, Russia",313062.0,Maria Mosolova,758.0,2006-12-04 00:00:00,2008-01-14,RUS
,,Right-Handed,May 14 2000,,325604.0,Maria Oliver Sanchez,1390.0,2023-08-21 00:00:00,2025-08-18,ESP
,,Right-Handed,Jun 04 1977,"Bibbiena, Italy",260074.0,Maria Paola Zavagli,242.0,2000-12-04 00:00:00,2004-09-06,ITA
,,Right-Handed,Oct 7 2002,"Bucaramanga, Colombia",329256.0,Maria Parra Romero,1020.0,2019-11-25 00:00:00,2019-11-25,COL
"5' 7""",1.7m,Left-Handed,Jan 19 1997,"Bucharest, Romania",319800.0,Maria Patrascu,976.0,2016-02-22 00:00:00,2019-11-25,CAN
,,Right-Handed,Mar 30 1990,,313090.0,Maria Paula Hernandez,1125.0,2006-12-04 00:00:00,2006-12-18,MEX
,,Right-Handed,Jan 20 1978,"Thessaloniki, Greece",160299.0,Maria Pavlidou,541.0,2000-12-04 00:00:00,2003-03-24,GRE
,,Right-Handed,Jun 25 1984,"Sofia, Bulgaria",160434.0,Maria Penkova,413.0,2002-06-03 00:00:00,2007-06-11,BUL
,,Right-Handed,May 08 1999,"Oaxaca, Mexico",324255.0,Maria Portillo Ramirez,377.0,2018-03-19 00:00:00,2025-08-18,MEX
,,Right-Handed,Dec 22 2001,"Guatemala City, Guatemala",328916.0,Maria Rivera Corado,728.0,2022-10-24 00:00:00,2023-08-21,GUA
,,Right-Handed,Nov 26 1989,"Modesto, CA, USA",313958.0,Maria Sanchez,107.0,2011-02-21 00:00:00,2021-10-11,USA
"6' 2""",1.88m,Right-Handed,Apr 19 1987,"Nyagan, Russia",310137.0,Maria Sharapova,1.0,2002-04-29 00:00:00,2020-02-24,RUS
,,Right-Handed,Jul 22 1998,"Almaty, Kazakhstan",320618.0,Maria Shishkina,1103.0,2016-02-22 00:00:00,2016-02-22,KAZ
,,Right-Handed,Jan 12 2004,"Sochi, Russia",330632.0,Maria Sholokhova,971.0,2022-10-24 00:00:00,2025-08-18,RUS
,,Right-Handed,Aug 19 2002,"Moscow, Russia",328933.0,Maria Shusharina,702.0,2019-09-16 00:00:00,2021-03-29,RUS
"5' 6""",1.68m,Right-Handed,Dec 25 1987,"Mackay, Australia",312764.0,Maria Sorbello,1046.0,2005-12-05 00:00:00,2005-12-05,AUS
"5' 3""",1.61m,Right-Handed,Aug 29 1988,"Warsaw, Poland",312258.0,Maria Spenceley,1414.0,2006-12-04 00:00:00,2006-12-04,GBR
,,,,,327931.0,Maria Tanasescu,924.0,2019-09-16 00:00:00,2021-03-08,CAN
,,Right-Handed,Sep 21 2000,"Volzhsky, Russia",327215.0,Maria Titova,1197.0,2019-09-16 00:00:00,2019-11-25,RUS
,,Right-Handed,Jan 25 1999,"Ploiesti, Romania",324673.0,Maria Toma,814.0,2022-10-24 00:00:00,2025-08-18,ROU
"5' 4""",1.63m,Right-Handed,Mar 9 2001,"Santa Fe, Argentina",325373.0,Maria Urrutia,976.0,2023-08-21 00:00:00,2025-08-18,ARG
,,Right-Handed,Dec 27 1983,"Posadas, Argentina",70473.0,Maria Vanina Garcia Sokol,191.0,2000-12-04 00:00:00,2008-06-23,ARG
"5' 6""",1.68m,Right-Handed,May 24 1974,"Caracas, Venezuela",220070.0,Maria Vento-Kabchi,26.0,2000-12-04 00:00:00,2007-06-11,VEN
,,Right-Handed,Aug 14 1981,"Olavarria, Argentina",40428.0,Maria Victoria Domina,1055.0,2006-12-04 00:00:00,2006-12-18,ARG
,,Right-Handed,Mar 18 1979,,230210.0,Maria Wolfbrandt,220.0,2000-12-04 00:00:00,2005-12-05,SWE
"5' 8""",1.72m,Right-Handed,May 07 1988,"Moscow, Russia",313965.0,Maria Zharkova,490.0,2006-11-13 00:00:00,2012-02-13,RUS
,,Left-Handed,Jun 2 1996,"Moscow, Russia",322851.0,Maria Zotova,1183.0,2016-02-22 00:00:00,2016-02-22,RUS
"5' 5""",1.65m,Right-Handed,Jan 20 1988,"San Luis Potosi, Mexico",311068.0,Maria-Isabel Camberos,1371.0,2005-12-05 00:00:00,2005-12-05,MEX
,,Right-Handed,Jul 9 1990,"Montevideo, Uruguay",315750.0,Maria-Jose Arechavaleta,1052.0,2008-11-03 00:00:00,2008-11-03,URU
,,,,,311734.0,Maria-Sol Rotondo,1168.0,2006-12-04 00:00:00,2006-12-18,ARG
"5' 10""",1.77m,Right-Handed,Mar 18 1971,"Johannesburg, South Africa",40020.0,Mariaan De Swardt,823.0,2000-12-04 00:00:00,2001-09-03,RSA
,,Right-Handed,Nov 07 2001,"Tbilisi, Georgia",326533.0,Mariam Dalakishvili,779.0,2019-09-16 00:00:00,2021-10-11,GEO
"5' 5""",1.65m,Right-Handed,Jan 17 1990,"Tbilisi, Georgia",313627.0,Mariam Kurdadze,1364.0,2006-12-04 00:00:00,2006-12-04,GEO
,,Right-Handed,Aug 26 1976,"La llosa de Ranes, Spain",180239.0,Mariam Ramon Climent,172.0,2000-12-04 00:00:00,2003-08-25,ESP
,,,,,329227.0,Marian Gomez Pezuela Cano,1133.0,2023-08-21 00:00:00,2025-08-18,MEX
,,Right-Handed,Jun 16 2003,"Pinhal Novo, Portugal",328429.0,Mariana Campino,1227.0,2019-09-16 00:00:00,2019-09-16,POR
,,Right-Handed,Sep 9 1984,"Buenos Aires, Argentina",30583.0,Mariana Conde,792.0,2000-12-04 00:00:00,2002-06-03,ARG
,,Right-Handed,Nov 04 1984,"Miami, FL, United States",30538.0,Mariana Correa,563.0,2000-12-04 00:00:00,2011-02-21,ECU
"5' 7""",1.70m,Right-Handed,Feb 28 1990,"Lima, Peru",315754.0,Mariana Demichelli Vergara,917.0,2008-11-03 00:00:00,2011-02-21,PER
"5' 7""",1.72m,Right-Handed,Mar 11 1976,"Buenos Aires, Argentina",40198.0,Mariana Diaz-Oliva,42.0,2000-12-04 00:00:00,2007-08-13,ARG
,,Right-Handed,Jan 08 1995,"Makarska, Croatia",318164.0,Mariana Drazic,739.0,2016-02-22 00:00:00,2023-08-21,CRO
"5' 7""",1.69m,Right-Handed,Aug 12 1989,"Bogotá, Colombia",312572.0,Mariana Duque-Mariño,66.0,2005-08-22 00:00:00,2019-06-10,COL
"5' 7""",1.70m,Right-Handed,Sep 30 1980,"Kosice, Slovakia",80301.0,Martina Hingis,1.0,2000-12-04 00:00:00,2007-11-12,SUI
,,,,,10076.0,Miyako Ataka,753.0,2000-12-04 00:00:00,2002-06-03,JPN
,,,,,60340.0,Noelia Furno,770.0,2000-12-04 00:00:00,2001-12-10,ARG
,,,,,70485.0,Silvia Gutierrez Quiroga,831.0,2000-12-04 00:00:00,2001-09-03,ESP
,,,,,230280.0,Susanne Wild,608.0,2000-12-04 00:00:00,2003-07-21,GER
,,Right-Handed,Oct 29 1982,"Leon, Spain",70434.0,Rocio Gonzalez,827.0,2000-12-04 00:00:00,2000-12-25,ESP
,,Left-Handed,Aug 28 1984,"Mumbai, India",220777.0,Meghha Vakaria,381.0,2000-12-04 00:00:00,2007-08-13,IND
,,Right-Handed,Jan 6 1981,"Toronto, Canada",80404.0,Nicole Havlicek,840.0,2000-12-04 00:00:00,2000-12-25,CAN
,,Right-Handed,Jan 1 1978,"Saint George, UT, USA",160402.0,Megan Dorny,858.0,2000-12-04 00:00:00,2000-12-25,USA
,,Right-Handed,Sep 10 1983,,20647.0,Olga Borisova,717.0,2000-12-04 00:00:00,2002-06-03,BLR
,,,,,110408.0,Shizu Katsumi,521.0,2000-12-04 00:00:00,2005-12-05,JPN
,,,,,30453.0,Nives Culum,854.0,2000-12-04 00:00:00,2001-09-03,SLO
,,,,,30486.0,Sabrina Corazza,808.0,2000-12-04 00:00:00,2001-12-10,SUI
"5' 9""",1.74m,Right-Handed,Jun 27 1985,"Saint-Petersburg, Russia",110552.0,Svetlana Kuznetsova,2.0,2000-12-04 00:00:00,2022-02-21,RUS
,,,,,120413.0,Salome Llaguno,627.0,2000-12-04 00:00:00,2008-11-03,ARG
"5' 8""",1.73m,Right-Handed,Apr 05 1983,"Bombay, India",210043.0,Shikha Uberoi,122.0,2000-12-04 00:00:00,2011-02-21,IND
,,Right-Handed,Jun 5 1981,"Cape Town, South Africa",220232.0,Natasha Van Der Merwe,661.0,2000-12-04 00:00:00,2002-06-03,RSA
"5' 7""",1.70m,Right-Handed,Feb 03 1984,"Mexico City, Mexico",200333.0,Melissa Torres Sandoval,227.0,2000-12-04 00:00:00,2009-04-13,MEX
"5' 5""",1.65m,Right-Handed,Jan 1 1982,"Timisoara, Romania",20547.0,Ramona But,778.0,2000-12-04 00:00:00,2001-12-10,ROM
,,,,,200272.0,Yan Tang,800.0,2000-12-04 00:00:00,2001-12-10,CHN
,,,,,160291.0,Petra Plackova,743.0,2000-12-04 00:00:00,2001-12-10,CZE
,,Right-Handed,Apr 18 1984,"Songkhla, Thailand",30579.0,Wilawan Choptang,518.0,2000-12-04 00:00:00,2006-12-18,THA
,,Right-Handed,Jul 08 1984,"Heerlen, Netherlands",70470.0,Michelle Gerards,207.0,2000-12-04 00:00:00,2010-04-26,NED
,,,,,130706.0,Marta Mir Portell,625.0,2000-12-04 00:00:00,2003-08-04,ESP
,,Right-Handed,Jan 15 1982,"Beverley, England",70401.0,Sarah Gregg,779.0,2000-12-04 00:00:00,2001-12-10,GBR
,,Right-Handed,Feb 20 1984,,190887.0,Yevgenia Savranska,172.0,2000-12-04 00:00:00,2010-04-05,UKR
,,Right-Handed,Sep 04 1984,"Kyiv, Ukraine",120381.0,Tetiana Luzhanska,131.0,2000-12-04 00:00:00,2013-09-09,USA
,,,,,30508.0,Veronika Ctvrtnickova,595.0,2000-12-04 00:00:00,2003-08-04,CZE
,,,,,200364.0,Yamini Thukkaiandi,758.0,2000-12-04 00:00:00,2001-12-10,IND
,,,,,40405.0,Yan-Hua Dong,673.0,2000-12-04 00:00:00,2005-12-05,CHN
"5' 7""",1.70m,Right-Handed,Jul 06 1984,"Washington, D.C., USA",160472.0,Shenay Perry,40.0,2000-12-04 00:00:00,2011-06-27,USA
,,,,,130568.0,Monica Mastan,508.0,2000-12-04 00:00:00,2003-08-04,ROM
,,Right-Handed,Dec 26 1976,"Canton, USA",80295.0,Tumeka Harris,692.0,2000-12-04 00:00:00,2002-06-03,USA
,,,Dec 12 1979,"Long Grove, IL, USA",40357.0,Michelle Dasso,483.0,2000-12-04 00:00:00,2003-08-04,USA
,,Right-Handed,Jun 30 1978,"Hakodate, Japan",140123.0,Yasuko Nishimata,807.0,2000-12-04 00:00:00,2000-12-25,JPN
,,,,,20671.0,Marina Bernshtein,796.0,2000-12-04 00:00:00,2003-03-24,ISR
,,,Jun 7 1983,"Guayaquil, Ecuador",70446.0,Paula Guerrero,610.0,2000-12-04 00:00:00,2002-06-03,ECU
,,,,,200238.0,Qi Tuo,917.0,2000-12-04 00:00:00,2000-12-25,CHN
,,,,,80410.0,Stefanie Hershfield,902.0,2000-12-04 00:00:00,2001-12-10,USA
,,Right-Handed,Feb 3 1985,,220273.0,Nadejda Vassileva,553.0,2000-12-04 00:00:00,2011-02-21,BUL
,,Right-Handed,Nov 3 1984,"Istanbul, Turkey",10302.0,Merve Asimgil,921.0,2000-12-04 00:00:00,2001-12-10,TUR
,,,,,20600.0,Suzi Becvinovska,937.0,2000-12-04 00:00:00,2001-09-03,AUS
,,,,,160448.0,Nandini Perumal,935.0,2000-12-04 00:00:00,2001-12-10,IND
,,,,,100154.0,Thamara Jonkman,911.0,2000-12-04 00:00:00,2001-09-03,NED
,,Right-Handed,Jun 14 1982,"Perpignan, France",30543.0,Olivia Crouchent,365.0,2000-12-04 00:00:00,2003-03-24,FRA
,,,Jan 11 1979,"Fontanafredda, Italy",40267.0,Sabina Da Ponte,900.0,2000-12-04 00:00:00,2001-09-03,ITA
"5' 7""",1.70m,Right-Handed,Jan 07 1982,"Kumamoto, Japan",250081.0,Tomoko Yonemura,148.0,2000-12-04 00:00:00,2011-10-03,JPN
"5' 10""",1.78m,Right-Handed,Jun 28 1985,"Zhukovsky, Russia",20693.0,Nina Bratchikova,80.0,2000-12-04 00:00:00,2014-10-13,RUS
"5' 11""",1.80m,Right-Handed,Nov 3 1983,"Sofia, Bulgaria",130647.0,Neda Mihneva,784.0,2000-12-04 00:00:00,2003-03-24,BUL
,,Right-Handed,Feb 4 1980,"Dharwad, India",110511.0,Tara Kanbargimath,921.0,2000-12-04 00:00:00,2002-06-03,IND
,,,,,150177.0,Priscila Ortega,753.0,2000-12-04 00:00:00,2001-12-17,BRA
"5' 9""",1.76m,Right-Handed,Feb 16 1984,"Halmstad, Sweden",10334.0,Sofia Arvidsson,29.0,2000-12-04 00:00:00,2016-01-11,SWE
"5' 8""",1.73m,Right-Handed,Mar 08 1983,"Cuneo, Italy",30541.0,Nicole Clerico,381.0,2000-12-04 00:00:00,2012-10-29,ITA
"5' 9""",1.75m,Right-Handed,Aug 30 1982,"Bratislava, Slovakia",190856.0,Veronika Subertova,899.0,2000-12-04 00:00:00,2001-09-03,SVK
,,,,,180276.0,Petra Russegger,257.0,2000-12-04 00:00:00,2006-06-05,AUT
,,,,,110555.0,Milica Koprivica,469.0,2000-12-04 00:00:00,2003-08-25,SCG
,,Right-Handed,Jun 13 1971,"Budapest, Hungary",110362.0,Nora Koves,870.0,2000-12-04 00:00:00,2000-12-25,HUN
,,Right-Handed,Aug 7 1983,,20599.0,Nikita Bhardwaj,869.0,2000-12-04 00:00:00,2001-09-03,IND
,,Right-Handed,Sep 19 1980,"Ljubljana, Slovenia",20545.0,Svetla Bozicnik,868.0,2000-12-04 00:00:00,2002-06-03,SLO
"5' 7""",1.71m,Right-Handed,Feb 04 1985,"Zaragoza, Spain",60333.0,Marta Fraga,270.0,2000-12-04 00:00:00,2006-12-04,ESP
,,,,,20537.0,Raffaella Bindi,411.0,2000-12-04 00:00:00,2011-02-21,ITA
"5' 6""",1.68m,Right-Handed,,,160467.0,Rebecca Pike,782.0,2000-12-04 00:00:00,2001-12-10,AUS
,,Right-Handed,Jun 27 1981,"McMurray, PA, USA",180409.0,Sarah Riske,372.0,2000-12-04 00:00:00,2006-12-04,USA
"5' 9""",1.76m,Right-Handed,Oct 06 1984,"West Covina, CA, USA",220269.0,Monique Viele,826.0,2000-12-04 00:00:00,2001-12-10,USA
,,,,,30553.0,Vishika Chhetri,899.0,2000-12-04 00:00:00,2006-12-04,IND
,,,,,90109.0,Reiko Ino,887.0,2000-12-04 00:00:00,2001-12-10,JPN
,,,,,30520.0,Nancy Loeffler-Caro,746.0,2000-12-04 00:00:00,2002-06-03,CAN
,,,,,70449.0,Sheila Guerberg,578.0,2000-12-04 00:00:00,2006-12-18,ARG
,,,,,210039.0,Motoe Uchida,770.0,2000-12-04 00:00:00,2001-12-10,JPN
,,,,,190832.0,Petra Spaar,681.0,2000-12-04 00:00:00,2001-09-03,SUI
"5' 10""",1.78m,Right-Handed,Mar 26 1971,"Sydney, Australia",190117.0,Rennae Stubbs,676.0,2000-12-04 00:00:00,2000-12-25,AUS
,,Right-Handed,Sep 5 1985,"Saint Petersburg, Russia",250096.0,Marianna Yuferova,473.0,2000-12-04 00:00:00,2003-09-15,RUS
"5' 9""",1.75m,Right-Handed,Mar 30 1984,"Brisbane, Australia",190787.0,Samantha Stosur,4.0,2000-12-04 00:00:00,2022-10-31,AUS
,,Right-Handed,Dec 14 1983,,50148.0,Sabrina Eisenberg,416.0,2000-12-04 00:00:00,2004-10-18,ARG
,,Right-Handed,Dec 13 1983,"Tarragona, Spain",190820.0,Rosa Maria Sitja,409.0,2000-12-04 00:00:00,2003-08-25,ESP
,,Right-Handed,Feb 8 1983,"Asuncion, Paraguay",10315.0,Monica Acosta,678.0,2000-12-04 00:00:00,2002-06-03,PAR
,,Right-Handed,Apr 8 1980,"Kedzierzyn Kozle, Poland",20529.0,Patrycja Bandurowska,700.0,2000-12-04 00:00:00,2001-09-03,POL
,,,,,210042.0,Remi Uda,529.0,2000-12-04 00:00:00,2002-06-03,JPN
,,Right-Handed,Apr 14 1975,"Bad Kreuznach, Germany",20309.0,Petra Begerow,665.0,2000-12-04 00:00:00,2000-12-25,GER
,,Right-Handed,May 26 1980,"Trnava, Slovakia",210014.0,Silvia Urickova,644.0,2000-12-04 00:00:00,2000-12-25,SVK
"5' 7""",1.71m,Right-Handed,Nov 12 1984,"Chengdu, China",250089.0,Zi Yan,40.0,2000-12-04 00:00:00,2011-09-05,HKG
,,,Sep 15 1980,,80364.0,Rewa Hudson,640.0,2000-12-04 00:00:00,2000-12-25,NZL
"5' 10""",1.77m,Right-Handed,Feb 03 1980,"Bucharest, Romania",190504.0,Raluca Sandu,261.0,2000-12-04 00:00:00,2004-10-18,ROM
,,,Jan 29 1982,,130690.0,Svetlana Mossiakova,637.0,2000-12-04 00:00:00,2004-10-18,RUS
,,Right-Handed,May 10 1982,"Bratislava, Slovakia",190816.0,Martina Strussova,623.0,2000-12-04 00:00:00,2002-06-03,SVK
"5' 10""",1.78m,Right-Handed,Mar 26 1983,"Columbia, MO, USA",20611.0,Megan Bradley,313.0,2000-12-04 00:00:00,2006-12-18,USA
,,Right-Handed,May 28 1984,"Kyiv, Ukraine",20632.0,Natalia Bogdanova,536.0,2000-12-04 00:00:00,2006-06-05,UKR
"5' 8""",1.73m,,Jul 01 1978,,230190.0,Tzu-Ting Weng,424.0,2000-12-04 00:00:00,2003-03-24,TPE
,,Right-Handed,Feb 09 1982,"Pune, India",200351.0,Radhika Tulpule,492.0,2000-12-04 00:00:00,2003-08-04,IND
,,Right-Handed,Jan 7 1982,"Belgrade, Serbia",220235.0,Visnja Vuletic,662.0,2000-12-04 00:00:00,2006-12-04,SRB
,,Right-Handed,May 2 1980,,30424.0,Marina Caiazzo,369.0,2000-12-04 00:00:00,2005-12-05,FRA
"5' 10""",1.78m,Left-Handed,Oct 22 1982,"Budapest, Hungary",30557.0,Melinda Czink,37.0,2000-12-04 00:00:00,2015-07-06,HUN
,,,,,80338.0,Nikola Hubnerova,658.0,2000-12-04 00:00:00,2006-12-18,CZE
,,Right-Handed,Dec 15 1969,,70377.0,Martha Garzon-Elkins,620.0,2000-12-04 00:00:00,2002-06-03,USA
,,Right-Handed,Apr 18 1983,"Žilina, Slovakia",20651.0,Martina Babakova,409.0,2000-12-04 00:00:00,2008-11-03,SVK
,,Right-Handed,Feb 01 1984,"Buenos Aires, Argentina",70455.0,Natalia Garbellotto,303.0,2000-12-04 00:00:00,2006-06-05,ARG
"5' 9""",1.74m,Right-Handed,Oct 04 1979,"Brčko, Bosnia Herzegovina",130555.0,Sandra Martinovic,187.0,2000-12-04 00:00:00,2012-08-06,BIH
,,Right-Handed,Jan 3 1980,,190714.0,Nicole Seitenbecher,392.0,2000-12-04 00:00:00,2006-12-18,GER
,,Right-Handed,Jan 28 1982,,70477.0,Mariona Gallifa Puigdesens,399.0,2000-12-04 00:00:00,2005-12-05,ESP
,,Right-Handed,Dec 9 1981,"Caracas, Venezuela",130643.0,Milangela Morales,377.0,2000-12-04 00:00:00,2005-12-05,USA
,,,,,200349.0,Nicola Trinder,637.0,2000-12-04 00:00:00,2001-12-17,GBR
"5' 9""",1.76m,Right-Handed,Oct 06 1983,"Zlín, Czech Republic",220277.0,Renata Voracova,74.0,2000-12-04 00:00:00,2021-03-29,CZE
"5' 9""",1.77m,Right-Handed,Jul 22 1967,"Burlingame, CA, U.S.",100008.0,Monique Javer,749.0,2000-12-04 00:00:00,2001-09-03,GBR
,,Right-Handed,Jun 20 1982,"Kryvyi Rih, Ukraine",20505.0,Valeria Bondarenko,636.0,2000-12-04 00:00:00,2006-12-18,UKR
,,,Jul 30 1928,"Berlin, Germany",230260.0,Marion Walter,746.0,2000-12-04 00:00:00,2001-12-10,AUT
,,,,,50149.0,Nina Egger,479.0,2000-12-04 00:00:00,2003-08-25,AUT
"5' 9""",1.75m,Right-Handed,Oct 03 1983,"Dornbirn, Austria",130698.0,Yvonne Meusburger,37.0,2000-12-04 00:00:00,2015-01-26,AUT
,,,,,70454.0,Yael Glitzenshtein,595.0,2000-12-04 00:00:00,2004-10-18,ISR
,,,,,20597.0,Nathalia Bellizia,780.0,2000-12-04 00:00:00,2001-04-23,BRA
,,Right-Handed,Jun 06 1981,"Bangalore, India",70431.0,Sheethal Goutham,592.0,2000-12-04 00:00:00,2011-12-19,IND
,,Right-Handed,Feb 18 1978,,200317.0,Shalini Thakur,777.0,2000-12-04 00:00:00,2001-09-03,IND
,,Right-Handed,Oct 27 1980,"Buenos Aires, Argentina",40311.0,Sabrina Damario,711.0,2000-12-04 00:00:00,2002-06-03,ARG
"4' 10""",1.47m,Left-Handed,Aug 17 1982,"Mexico City, Mexico",180430.0,Zerene Reyes,740.0,2000-12-04 00:00:00,2001-09-03,MEX
,,,,,130701.0,Leonne Muller V. Moppes,741.0,2000-12-04 00:00:00,2002-09-30,NED
,,Right-Handed,Jun 14 1983,,200244.0,Regina Temez,531.0,2000-12-04 00:00:00,2003-08-04,ESP
,,,,,20550.0,Marisol Berengeno,695.0,2000-12-04 00:00:00,2001-12-10,ARG
,,Right-Handed,Mar 01 1984,"Moscow, Russia",70466.0,Raissa Gourevitch,396.0,2000-12-04 00:00:00,2003-08-25,RUS
,,Right-Handed,Sep 01 1980,"Plovdiv, Bulgaria",200298.0,Radoslava Topalova,603.0,2000-12-04 00:00:00,2002-06-03,BUL
"5' 7""",1.70m,Right-Handed,Jan 15 1984,"Kitzbühel, Austria",190890.0,Tina Schiechtl,230.0,2000-12-04 00:00:00,2013-06-17,AUT
,,,,,190765.0,Xia Sheng,711.0,2000-12-04 00:00:00,2002-06-03,CHN
,,Right-Handed,Feb 19 1975,,10157.0,Patricia Aznar,708.0,2000-12-04 00:00:00,2000-12-25,ESP
,,Right-Handed,Aug 29 1978,"Saitama, Japan",210024.0,Nami Urabe,707.0,2000-12-04 00:00:00,2003-08-04,JPN
,,,,,30402.0,Yan Chen,563.0,2000-12-04 00:00:00,2002-06-03,CHN
,,Right-Handed,Feb 02 1977,"Malaga, Spain",50102.0,Marina Escobar,920.0,2000-12-04 00:00:00,2001-12-10,ESP
,,,,,160425.0,Sara Pasquinoni,722.0,2000-12-04 00:00:00,2001-12-10,ITA
"5' 8""",1.72m,Right-Handed,Jun 7 1977,"Bastia, France",30407.0,Victoria Courmes,716.0,2000-12-04 00:00:00,2001-12-10,FRA
,,Right-Handed,Apr 1 1981,"Perth, Australia",190738.0,Nicole Sewell,380.0,2000-12-04 00:00:00,2004-10-18,AUS
"6' 0""",1.83m,Right-Handed,Jul 10 1983,"Biella, Italy",40378.0,Silvia Disderi,329.0,2000-12-04 00:00:00,2009-08-24,ITA
,,Right-Handed,Mar 10 1984,"Quebec, Canada",130650.0,Melanie Marois,235.0,2000-12-04 00:00:00,2005-12-05,CAN
"5' 8""",1.72m,Right-Handed,Nov 21 1984,"Munich, Germany",230278.0,Scarlett Werner,272.0,2000-12-04 00:00:00,2012-08-13,GER
,,Right-Handed,Oct 12 1976,"Taverny, France",200262.0,Stephanie Testard,734.0,2000-12-04 00:00:00,2000-12-04,FRA
,,,Jul 22 1981,"Yokohama,Japan",200357.0,Tomoko Taira,623.0,2000-12-04 00:00:00,2008-11-03,JPN
,,,,,110314.0,Oleksandra Kravets,183.0,2000-12-04 00:00:00,2005-12-05,UKR
"5' 9""",1.75m,Right-Handed,Jul 10 1966,"Cheb, Czech Republic",220047.0,Olga Votavova,1104.0,2000-12-04 00:00:00,2001-09-03,CZE
,,,,,230286.0,Ming Hui Wu,1147.0,2000-12-04 00:00:00,2001-09-03,CHN
,,,,,190864.0,Ma. Teresa Scott,1147.0,2000-12-04 00:00:00,2000-12-25,MEX
,,Right-Handed,Jan 24 1981,"Cape Town, South Africa",190520.0,Samantha Schoeffel,430.0,2000-12-04 00:00:00,2009-10-05,FRA
,,,,,30564.0,Stephanie Chu,1156.0,2000-12-04 00:00:00,2000-12-25,GBR
,,,,,120396.0,Sae-Mi Lim,947.0,2000-12-04 00:00:00,2006-12-18,KOR
"5' 7""",1.70m,Right-Handed,Feb 06 1986,"Morristown, NJ, U.S.",210045.0,Neha Uberoi,196.0,2000-12-04 00:00:00,2008-12-08,USA
"5' 5""",1.65m,Right-Handed,Dec 29 1983,"Kolkata, India",160509.0,Ridhina Parekh,1169.0,2000-12-04 00:00:00,2001-09-03,IND
,,Right-Handed,Apr 19 1984,"Reus, Spain",180436.0,Nuria Roig,292.0,2000-12-04 00:00:00,2006-12-18,ESP
,,,Jan 1 1982,"Chandigarh, India",180404.0,Simmi Rani,1163.0,2000-12-04 00:00:00,2000-12-25,IND
"5' 1""",1.55m,Right-Handed,Nov 8 1983,"Samutprakarn, Thailand",80449.0,Rattiya Hiranrat,1130.0,2000-12-04 00:00:00,2000-12-25,THA
,,Right-Handed,Feb 5 1980,"Tokyo, Japan",80401.0,Naoko Horikawa,687.0,2000-12-04 00:00:00,2005-12-05,JPN
,,Right-Handed,Sep 10 1980,"Porto Alegre, Brazil",40342.0,Renata Dias,1109.0,2000-12-04 00:00:00,2006-12-18,BRA
,,,,,70478.0,Michelle Grobby,1160.0,2000-12-04 00:00:00,2001-09-03,AUS
"5' 4""",1.63,Left-Handed,Dec 4 1980,"Nara, Japan",190866.0,Tomoko Sugano,401.0,2000-12-04 00:00:00,2011-12-19,JPN
,,Right-Handed,Oct 8 1981,,120356.0,Orawan Lamangthong,887.0,2000-12-04 00:00:00,2005-08-22,THA
,,Right-Handed,Jun 15 1984,"Asuncion, Paraguay",200338.0,Sarah Tami-Masi,1020.0,2000-12-04 00:00:00,2005-08-22,PAR
,,,,,190708.0,Veronica Sartini,1115.0,2000-12-04 00:00:00,2000-12-25,ITA
,,Right-Handed,Oct 2 1985,"Jerusalem, Israel",10347.0,Michal Amir,1055.0,2000-12-04 00:00:00,2001-09-03,ISR
,,,,,40410.0,Marutha Devi,996.0,2000-12-04 00:00:00,2001-12-10,IND
,,,,,40238.0,Natalie Dittmann,1115.0,2000-12-04 00:00:00,2000-12-25,AUS
,,,,,220270.0,Visnja Visnjic,1037.0,2000-12-04 00:00:00,2001-12-10,YUG
"5' 6""",1.68m,Right-Handed,Feb 28 1982,"Kirkcaldy, Scotland",20557.0,Mhairi Brown,1118.0,2000-12-04 00:00:00,2000-12-25,GBR
,,Right-Handed,Oct 16 1983,"Buenos Aires, Argentina",190917.0,Veronica Spiegel,280.0,2000-12-04 00:00:00,2010-07-12,ARG
,,Right-Handed,Aug 12 1983,"Siedlce, Poland",190882.0,Monika Schneider,490.0,2000-12-04 00:00:00,2005-12-05,POL
"5' 10""",1.79m,Left-Handed,Mar 22 1985,"Zagreb, Croatia",130760.0,Sanda Mamic,83.0,2000-12-04 00:00:00,2010-01-25,CRO
,,,,,120328.0,Zhi-Rong Liu,1118.0,2000-12-04 00:00:00,2000-12-25,CHN
,,,,,180456.0,Prariyawan Ratanakrong,556.0,2000-12-04 00:00:00,2003-08-25,THA
,,Right-Handed,Sep 2 1978,,190650.0,Virginia Sadi,1118.0,2000-12-04 00:00:00,2000-12-25,URU
,,,,,150163.0,Serra Olgac,1170.0,2000-12-04 00:00:00,2000-12-25,TUR
,,,,,10369.0,Sunthree Arphanukul,1170.0,2000-12-04 00:00:00,2000-12-25,THA
"5' 11""",1.81m,Right-Handed,Mar 23 1982,"Melbourne, Australia",190680.0,Sarah Stone,618.0,2000-12-04 00:00:00,2003-08-04,AUS
,,,,,120298.0,Rebeca Llorente,1231.0,2000-12-04 00:00:00,2000-12-25,ESP
,,Right-Handed,Feb 14 1984,"Buenos Aires, Argentina",30547.0,Natalia Coronel,1215.0,2000-12-04 00:00:00,2000-12-25,ARG
,,,,,30561.0,Marina Cardoso,677.0,2000-12-04 00:00:00,2003-08-04,BRA
,,,Jan 1 1981,"Offenbach, Germany",20546.0,Petra Bercik,1215.0,2000-12-04 00:00:00,2000-12-25,GER
,,,,,130609.0,Monica Massarella,1215.0,2000-12-04 00:00:00,2000-12-25,GBR
,,Right-Handed,Nov 23 1982,,130604.0,Melinda Malouli,1234.0,2000-12-04 00:00:00,2000-12-25,FRA
,,,,,150120.0,Seden Ozlu,1215.0,2000-12-04 00:00:00,2000-12-25,TUR
,,,,,190903.0,Neus Sole,1246.0,2000-12-04 00:00:00,2000-12-25,ESP
,,,,,30582.0,Sophie Anne Cerbon,1190.0,2000-12-04 00:00:00,2001-09-03,MEX
,,,,,220241.0,Valerie Verrier-Diaconescu,1188.0,2000-12-04 00:00:00,2000-12-25,CAN
,,,,,230288.0,Zeng Wang,1170.0,2000-12-04 00:00:00,2000-12-25,CHN
,,,,,70425.0,Ma. Alejandra Garcia,904.0,2000-12-04 00:00:00,2001-12-10,PAR
,,Right-Handed,May 22 1982,"Rishon LeZion, Israel",60290.0,Ofra Fridman,1079.0,2000-12-04 00:00:00,2001-12-10,ISR
"5' 5""",1.65m,Right-Handed,Dec 02 1978,"Kiryat Bialik, Israel",30115.0,Nataly Cahana,1170.0,2000-12-04 00:00:00,2000-12-25,ISR
,,,,,220283.0,Pamela Van Boekel,1170.0,2000-12-04 00:00:00,2000-12-25,NED
,,,,,130716.0,Vanja Mikovic,995.0,2000-12-04 00:00:00,2005-12-05,SCG
,,Right-Handed,Jul 9 1986,,180450.0,Paloma Ruiz-Blanco,1147.0,2000-12-04 00:00:00,2001-12-10,ESP
,,,Apr 11 1980,"Salerno, Italy",20496.0,Roberta Borrelli,1076.0,2000-12-04 00:00:00,2001-12-10,ITA
,,,,,20606.0,Ma. Cristina Bentivoglio,1211.0,2000-12-04 00:00:00,2000-12-25,ITA
,,,,,220254.0,Romana Valenta,1209.0,2000-12-04 00:00:00,2000-12-25,AUS
,,Right-Handed,Apr 24 1984,,130748.0,Mojca Mileta,981.0,2000-12-04 00:00:00,2001-12-10,SLO
,,Right-Handed,Nov 4 1982,,200315.0,Rita Tarjan,1102.0,2000-12-04 00:00:00,2001-12-10,GER
,,,,,190423.0,Sylvie Sallaberry,1197.0,2000-12-04 00:00:00,2000-12-25,FRA
,,Right-Handed,Oct 16 1984,"Chennai, India",180461.0,Preeti Rao,853.0,2000-12-04 00:00:00,2003-07-21,IND
,,,Jan 14 1974,,20501.0,Marilyn Baker,602.0,2000-12-04 00:00:00,2006-12-18,USA
,,,,,200330.0,Michou Tulfer,993.0,2000-12-04 00:00:00,2000-12-25,NED
,,Right-Handed,Sep 24 1982,"Tokoroa, New Zealand",150160.0,Tracey O'Connor,417.0,2000-12-04 00:00:00,2006-06-05,NZL
"5' 7""",1.72m,Right-Handed,Jun 20 1985,"Altstätten, Switzerland",30551.0,Myriam Casanova,45.0,2000-12-04 00:00:00,2011-12-19,SUI
,,Right-Handed,Feb 16 1982,"Changsha, China",250076.0,Ying Yu,463.0,2000-12-04 00:00:00,2005-12-05,CHN
,,,,,120426.0,Pichaya Laosirichon,987.0,2000-12-04 00:00:00,2001-12-10,THA
,,,,,190834.0,Tassia Sono,880.0,2000-12-04 00:00:00,2001-12-10,BRA
,,,,,200288.0,Marina Tasheva,987.0,2000-12-04 00:00:00,2001-09-03,BUL
,,,,,190691.0,Misae Sakai,986.0,2000-12-04 00:00:00,2005-12-05,JPN
,,,,,230287.0,Nona Wagh,984.0,2000-12-04 00:00:00,2001-09-03,IND
,,Right-Handed,Apr 05 1983,"Turin, Italy",30456.0,Stefania Chieppa,359.0,2000-12-04 00:00:00,2012-08-06,ITA
,,,,,30444.0,Susan Cowan,997.0,2000-12-04 00:00:00,2000-12-25,AUS
"5' 5""",1.64m,Right-Handed,Dec 13 1983,"Bankstown, Australia",110520.0,Nicole Kriz,332.0,2000-12-04 00:00:00,2009-03-23,AUS
,,,Dec 3 1975,"Sovizzo, Italy",190823.0,Martina Schiavo,1014.0,2000-12-04 00:00:00,2001-12-10,ITA
"5' 5""",1.66m,Right-Handed,Oct 22 1981,"Sofia, Bulgaria",200274.0,Virginia Trifonova,702.0,2000-12-04 00:00:00,2003-03-24,BUL
,,,,,110534.0,Natalie Ko,903.0,2000-12-04 00:00:00,2001-12-10,AUS
,,,,,160376.0,Tzveta Panajotova,1006.0,2000-12-04 00:00:00,2000-12-25,BUL
,,Right-Handed,Mar 7 1982,,110491.0,Sandra Kvelstein,1006.0,2000-12-04 00:00:00,2001-09-03,EST
,,Right-Handed,May 29 1977,"Tarbes, France",30366.0,Nathalie Callen,1005.0,2000-12-04 00:00:00,2000-12-25,FRA
,,,,,200363.0,Sricharanya Thiagarajan,1008.0,2000-12-04 00:00:00,2001-09-03,IND
,,Right-Handed,Jul 23 1979,,60187.0,Maricris Gentz,956.0,2000-12-04 00:00:00,2000-12-25,PHI
,,,,,160302.0,Melinda Petkes,953.0,2000-12-04 00:00:00,2001-12-10,HUN
,,,,,40386.0,Sarah Dinkelmann,950.0,2000-12-04 00:00:00,2001-12-10,SUI
,,Right-Handed,Jan 9 1984,"Madras, India",30554.0,Nandita Chandrashekar,880.0,2000-12-04 00:00:00,2001-12-10,IND
,,Right-Handed,Oct 21 1979,"Bangkok, Thailand",200230.0,Napaporn Tongsalee,226.0,2000-12-04 00:00:00,2008-02-18,THA
,,,Jun 14 1976,,180250.0,Sylvia Rynarzewska,974.0,2000-12-04 00:00:00,2000-12-25,POL
,,Right-Handed,Nov 25 1982,,180378.0,Vivian Rojas,915.0,2000-12-04 00:00:00,2000-12-25,COL
"5' 8""",1.73m,Left-Handed,Jul 12 1985,"New York City, NY, USA",180421.0,Shadisha Robinson,418.0,2000-12-04 00:00:00,2005-12-05,USA
,,Right-Handed,Sep 4 1979,"Yokohama, Japan",230301.0,Nana Wada,610.0,2000-12-04 00:00:00,2003-08-04,JPN
,,Right-Handed,Oct 01 1978,"Wonju, South Korea",110448.0,Mi-Ok Kim,451.0,2000-12-04 00:00:00,2006-12-18,KOR
,,Right-Handed,May 11 1983,"Saarlouis, Germany",80441.0,Tanja Hirschauer,581.0,2000-12-04 00:00:00,2003-08-04,GER
,,,,,10348.0,Marina Aniutin,915.0,2000-12-04 00:00:00,2001-12-10,ISR
,,,,,20645.0,Suci Bungaran,1070.0,2000-12-04 00:00:00,2000-12-25,INA
,,,Nov 11 1974,,30221.0,Mimma Chernovita,1070.0,2000-12-04 00:00:00,2000-12-25,INA
,,Right-Handed,Jun 28 1983,"Alexandria, Egypt",60291.0,Yomna Farid,631.0,2000-12-04 00:00:00,2004-10-18,EGY
"5' 9""",1.75m,Right-Handed,Jun 30 1984,"Split, Croatia",40377.0,Petra Dizdar,454.0,2000-12-04 00:00:00,2003-12-22,CRO
,,,,,170014.0,Wei Qie,1066.0,2000-12-04 00:00:00,2001-09-03,CHN
,,Right-Handed,Mar 4 1983,"Zagreb, Croatie",190851.0,Marija Serdarusic,1008.0,2000-12-04 00:00:00,2001-09-03,CRO
,,,,,190927.0,Samrita Sekar,866.0,2000-12-04 00:00:00,2002-06-03,IND
,,,,,120331.0,Wei-Na Liu,1070.0,2000-12-04 00:00:00,2000-12-25,CHN
"5' 8""",1.72m,Right-Handed,Jun 20 1984,"Zaragoza, Spain",190828.0,Ma. Jose Sanchez Alayeto,276.0,2000-12-04 00:00:00,2004-02-02,ESP
,,Right-Handed,Nov 19 1972,"Ludington, MI, USA",100058.0,Rebecca Jensen,1082.0,2000-12-04 00:00:00,2000-12-25,USA
,,Right-Handed,Jun 21 1972,"Caracas, Venezuela",130040.0,Melissa Mazzotta,1082.0,2000-12-04 00:00:00,2000-12-25,USA
,,Right-Handed,Apr 11 1984,,110565.0,Monika Krauze,737.0,2000-12-04 00:00:00,2008-01-14,POL
,,Right-Handed,May 26 1975,"Prague, Czech Republic",140095.0,Martina Nejedly,1082.0,2000-12-04 00:00:00,2000-12-25,CAN
,,,,,130675.0,Sharon Marin,998.0,2000-12-04 00:00:00,2001-12-10,ISR
"5' 8""",1.72m,Right-Handed,Jun 20 1984,"Zaragoza, Spain",190827.0,Ma. Pilar Sanchez Alayeto,707.0,2000-12-04 00:00:00,2003-08-04,ESP
,,Right-Handed,Dec 20 1983,"Split, Croatia",130685.0,Mia Marovic,837.0,2000-12-04 00:00:00,2001-12-10,CRO
"5' 5""",1.65m,Right-Handed,Jul 31 1981,"Lansdale, PA, USA",130682.0,Marlene Mejia,1037.0,2000-12-04 00:00:00,2000-12-25,USA
,,Right-Handed,Feb 22 1982,,180429.0,Sai Swapna Ramakrishnan,1033.0,2000-12-04 00:00:00,2001-09-03,IND
,,Right-Handed,Nov 30 1984,"Bandung, Indonesia",230271.0,Novianti Warsono,1033.0,2000-12-04 00:00:00,2000-12-25,INA
,,Right-Handed,Jan 3 1977,"Tokyo, Japan",250063.0,Yumi Yokoi,803.0,2000-12-04 00:00:00,2002-06-03,JPN
"5' 9""",1.76m,Left-Handed,Jun 19 1983,"Tianjin, China",120392.0,Nannan Liu,141.0,2000-12-04 00:00:00,2006-06-05,CHN
,,Right-Handed,Mar 19 1979,"Zaporizhia, Ukraine",10359.0,Olena Antypina,180.0,2000-12-04 00:00:00,2006-12-18,UKR
,,Right-Handed,Oct 13 1982,"Zagreb, Croatia",100143.0,Vlatka Jovanovic,1023.0,2000-12-04 00:00:00,2000-12-25,CRO
,,,,,150184.0,Virginie Oulevay,1022.0,2000-12-04 00:00:00,2000-12-25,SUI
,,Right-Handed,Sep 22 1980,"Marburg, Germany",230195.0,Svenja Weidemann,507.0,2000-12-04 00:00:00,2011-02-21,GER
,,,,,140222.0,Wei Na,866.0,2000-12-04 00:00:00,2001-12-10,CHN
,,,,,200343.0,Pavlina Ticha,1043.0,2000-12-04 00:00:00,2001-09-03,CZE
,,Right-Handed,Sep 17 1985,"Naples, FL, USA",130727.0,Marnie Mahler,659.0,2000-12-04 00:00:00,2003-08-04,GER
,,,,,120367.0,Ya-Ming Lin,626.0,2000-12-04 00:00:00,2001-12-10,CHN
,,Right-Handed,Oct 06 1979,"New York City, NY, U.S.",190517.0,Tracy Almeda-Singian,184.0,2000-12-04 00:00:00,2002-09-30,USA
,,Right-Handed,Jan 15 1981,,80371.0,Vanessa Paffrath,137.0,2000-12-04 00:00:00,2012-08-06,GER
"5' 9""",1.74m,Right-Handed,May 03 1980,"Opava, Czech Republic",150017.0,Zuzana Ondraskova,74.0,2000-12-04 00:00:00,2012-02-13,CZE
"5' 9""",1.75m,Right-Handed,Mar 18 1974,"Maribor, Slovenia",110193.0,Tina Krizan,204.0,2000-12-04 00:00:00,2001-12-17,SLO
"5' 8""",1.73m,Right-Handed,May 18 1982,"Quebec City, Canada",160411.0,Marie-Ève Pelletier,106.0,2000-12-04 00:00:00,2013-10-07,CAN
"5' 11""",1.81m,Right-Handed,Mar 09 1982,"Dortmund, Germany",120323.0,Mirjana Lucic-Baroni,20.0,2000-12-04 00:00:00,2019-01-14,CRO
"5' 9""",1.74m,Right-Handed,May 14 1983,"Rafaela, Argentina",190855.0,María Emilia Salerni,65.0,2000-12-04 00:00:00,2010-02-01,ARG
,,Right-Handed,Jul 24 1979,"Donetsk, Ukraine",110373.0,Tatiana Kovalchuk,184.0,2000-12-04 00:00:00,2002-07-15,UKR
"5' 4""",1.64m,Right-Handed,Aug 15 1978,"Passo Fundo, Brazil",40200.0,Miriam D'Agostini,213.0,2000-12-04 00:00:00,2001-09-03,BRA
"5' 8""",1.73m,Right-Handed,May 12 1983,"Dijon, France",180384.0,Virginie Razzano,16.0,2000-12-04 00:00:00,2018-04-09,FRA
"5' 4""",1.62m,Right-Handed,Feb 08 1977,"Saint-Dizier, France",70233.0,Sophie Georges,182.0,2000-12-04 00:00:00,2003-03-24,FRA
"5' 4""",1.63m,Right-Handed,Apr 10 1971,"Seattle, WA, U.S.",130137.0,Nana Smith Rogers,216.0,2000-12-04 00:00:00,2003-09-15,JPN
,,Right-Handed,May 23 1982,"Split, Croatia",20535.0,Mia Buric,210.0,2000-12-04 00:00:00,2003-03-24,GER
"5' 9""",1.75m,Right-Handed,Nov 6 1981,"New York, NY, USA",200276.0,Sarah Taylor,68.0,2000-12-04 00:00:00,2006-06-05,USA
"5' 8""",1.73m,Right-Handed,Jan 17 1979,"Redwood City, CA, USA",180319.0,Samantha Reeves,62.0,2000-12-04 00:00:00,2005-12-05,USA
"5' 6""",1.67m,Right-Handed,Apr 02 1979,"Andong, South-Korea",30419.0,Yoon Jeong Cho,45.0,2000-12-04 00:00:00,2007-01-08,KOR
,,Right-Handed,Feb 22 1977,"Radstadt, Austria",190339.0,Melanie Schnell,170.0,2000-12-04 00:00:00,2001-09-03,AUT
"5' 7""",1.70m,Right-Handed,Jan 20 1980,"Ljubljana, Slovenia",180294.0,Petra Rampre,151.0,2000-12-04 00:00:00,2016-02-22,SLO
"5' 5""",1.65m,Left-Handed,Apr 23 1978,"Tokyo, Japan",150103.0,Saori Obata,39.0,2000-12-04 00:00:00,2007-01-29,JPN
"5' 7""",1.72m,Right-Handed,Dec 15 1972,"Mödling, Austria",130032.0,Marion Maruska,161.0,2000-12-04 00:00:00,2002-06-03,AUT
,,Right-Handed,May 22 1974,"The Hague, Netherlands",40152.0,Seda Noorlander,94.0,2000-12-04 00:00:00,2006-06-26,NED
"5' 9""",1.76m,Right-Handed,Mar 27 1980,"Šumperk, Czech Republic",160361.0,Michaela Pastikova,89.0,2000-12-04 00:00:00,2010-07-12,CZE
"5' 6""",1.68m,Right-Handed,Jul 30 1976,"Brno, Czech Republic",110286.0,Renata Kolbovic,159.0,2000-12-04 00:00:00,2003-08-25,CAN
"5' 7""",1.70m,Right-Handed,Dec 08 1976,"Coimbatore, India",220170.0,Nirupama Sanjeev,155.0,2000-12-04 00:00:00,2003-12-22,IND
"5' 8""",1.73m,Right-Handed,Dec 15 1982,"Kharkiv, Ukraine",160405.0,Tatiana Perebiynis,55.0,2000-12-04 00:00:00,2009-09-07,UKR
"5' 7""",1.72m,Right-Handed,Apr 19 1973,"Givatayim, Israel",150048.0,Tzipora Obziler,75.0,2000-12-04 00:00:00,2009-09-07,ISR
"5' 5""",1.66m,Right-Handed,Jul 08 1977,"Sidi Bou Said, Tunisia",190473.0,Selima Sfar,75.0,2000-12-04 00:00:00,2011-09-05,TUN
"5' 8""",1.73m,Right-Handed,Apr 06 1981,"Budapest, Hungary",70393.0,Zsofia Gubacsi,76.0,2000-12-04 00:00:00,2008-02-25,HUN
"5' 7""",1.71m,Right-Handed,Oct 10 1976,"São Paulo, Brasilia",130310.0,Vanessa Menga,264.0,2000-12-04 00:00:00,2003-08-04,BRA
"5' 7""",1.70m,Left-Handed,Sep 10 1977,"Newcastle, Australia",130459.0,Trudi Musgrave,252.0,2000-12-04 00:00:00,2008-11-03,AUS
,,,Apr 29 1977,,80312.0,Zuzana Hejdova,222.0,2000-12-04 00:00:00,2006-06-05,CZE
,,Right-Handed,Jul 03 1977,"Prague, Czech Republic",160252.0,Radka Pelikanova,272.0,2000-12-04 00:00:00,2002-06-03,CZE
,,,Sep 5 1981,,30440.0,Melanie Clayton,277.0,2000-12-04 00:00:00,2001-10-22,AUS
"5' 9""",1.75m,Right-Handed,Nov 27 1971,"Epping, England",190140.0,Samantha Smith,289.0,2000-12-04 00:00:00,2001-09-03,GBR
"5' 7""",1.70m,Right-Handed,Oct 15 1982,"Aosta, Italy",220240.0,Nathalie Vierin,103.0,2000-12-04 00:00:00,2011-02-21,ITA
"5' 9""",1.74m,Left-Handed,Apr 27 1980,"Linz, Austria",20463.0,Sybille Bammer,19.0,2000-12-04 00:00:00,2011-08-15,AUT
,,Right-Handed,Aug 08 1980,"Munich, Germany",110462.0,Sabine Klaschka,133.0,2000-12-04 00:00:00,2010-01-25,GER
,,Right-Handed,Jun 17 1982,"Nitra, Slovakia",80292.0,Stanislava Hrozenska,146.0,2000-12-04 00:00:00,2008-11-03,SVK
,,,Feb 26 1973,"Olomouc, Czech Republic",110173.0,Petra Raclavska,305.0,2000-12-04 00:00:00,2002-06-03,CZE
"5' 2""",1.57m,Right-Handed,Jul 04 1979,"Kagoshima, Japan",80323.0,Shiho Hisamatsu,143.0,2000-12-04 00:00:00,2011-12-19,JPN
,,Right-Handed,Jan 10 1974,,40201.0,Mireille Dittmann,197.0,2000-12-04 00:00:00,2006-12-18,AUS
"5' 9""",1.75m,Left-Handed,Feb 27 1981,"East London, South Africa",70394.0,Natalie Grandin,144.0,2000-12-04 00:00:00,2014-03-24,RSA
"5' 7""",1.70m,Right-Handed,Jan 31 1975,"Kenilworth, IL, USA",60279.0,Wendy Fix,274.0,2000-12-04 00:00:00,2001-06-04,USA
"5' 7""",1.70m,Left-Handed,Nov 20 1978,"Freiburg, West Germany",190471.0,Syna Schreiber,223.0,2000-12-04 00:00:00,2003-12-22,GER
"5' 8""",1.74m,Right-Handed,Feb 06 1978,"Gunsan, South Korea",100089.0,Mi-Ra Jeon,129.0,2000-12-04 00:00:00,2006-06-05,KOR
"5' 5""",1.65m,Right-Handed,Oct 21 1976,"Bruges, Belgium",220146.0,Patty Van Acker,253.0,2000-12-04 00:00:00,2003-04-14,BEL
,,,Aug 23 1979,,220185.0,Zuzana Valekova,245.0,2000-12-04 00:00:00,2002-06-03,SVK
,,,Jul 15 1979,,110384.0,Renata Kucerova,238.0,2000-12-04 00:00:00,2003-03-24,CZE
"5' 11""",1.80m,Right-Handed,Dec 30 1973,"Plovdiv, Bulgaria",110178.0,Svetlana Krivencheva,169.0,2000-12-04 00:00:00,2011-02-21,BUL
,,Left-Handed,Oct 18 1981,"Maribor, Slovenia,",80366.0,Tina Hergold,157.0,2000-12-04 00:00:00,2003-08-04,SLO
,,Right-Handed,Oct 24 1977,"Ferrol, Spain",80264.0,Paula Hermida,270.0,2000-12-04 00:00:00,2002-06-03,ESP
"5' 9""",1.75m,Right-Handed,Jul 12 1980,"Seravezza, Italy",190712.0,Valentina Sassi,144.0,2000-12-04 00:00:00,2008-11-03,ITA
"5' 7""",1.71m,Right-Handed,Apr 06 1979,"Calais, France",50113.0,Sophie Erre,254.0,2000-12-04 00:00:00,2003-12-22,FRA
"5' 1""",1.55m,Right-Handed,Sep 19 1981,"Tokyo, Japan",60284.0,Rika Fujiwara,84.0,2000-12-04 00:00:00,2018-12-31,JPN
,,,Jan 24 1976,,20408.0,Olga Vymetalkova,143.0,2000-12-04 00:00:00,2008-01-14,CZE
"5' 5""",1.64m,Right-Handed,Nov 30 1970,"Yogyakarta, Indonesia",20016.0,Yayuk Basuki,250.0,2000-12-04 00:00:00,2001-09-03,INA
,,Right-Handed,May 29 1977,"Cala Millor, Spain",10185.0,Rosa Maria Andres Rodriguez,225.0,2000-12-04 00:00:00,2005-12-05,ESP
"6' 0""",1.82m,Right-Handed,Jun 24 1980,"Heidelberg, Germany",40312.0,Nina Duebbers,166.0,2000-12-04 00:00:00,2005-04-04,GER
,,Right-Handed,Sep 12 1982,"Maribor, Slovenia",220252.0,Urska Vesenjak,295.0,2000-12-04 00:00:00,2003-03-24,SLO
"5' 10""",1.78m,Right-Handed,Jan 17 1978,"Budapest, Hungary",130443.0,Petra Mandula,30.0,2000-12-04 00:00:00,2006-02-13,HUN
"5' 5""",1.66m,Right-Handed,May 03 1981,"Issy-les-Moulineaux, France",60288.0,"Stéphanie Foretz ",62.0,2000-12-04 00:00:00,2017-05-22,FRA
"5' 4""",1.63m,Right-Handed,Mar 05 1973,"Mackay, Australia",160078.0,Nicole Pratt,35.0,2000-12-04 00:00:00,2008-11-03,AUS
"5' 10""",1.77m,Right-Handed,Jul 20 1977,"Plzeň, Czech Republic",160235.0,Sylvia Plischke,52.0,2000-12-04 00:00:00,2003-03-24,AUT
"5' 6""",1.68m,Left-Handed,Apr 22 1972,"Aalst, Belgium",10021.0,Sabine Appelmans,49.0,2000-12-04 00:00:00,2001-04-30,BEL
"5' 2""",1.57m,Right-Handed,Apr 24 1976,"New Westminster, Canada",100049.0,Sonya Jeyaseelan,48.0,2000-12-04 00:00:00,2004-09-27,CAN
"5' 6""",1.68m,Right-Handed,Oct 24 1972,"Piteşti, Romania",40163.0,Ruxandra Dragomir Ilie,38.0,2000-12-04 00:00:00,2005-12-05,ROM
"5' 9""",1.76m,Left-Handed,Feb 13 1978,"Lengyeltóti, Hungary",110266.0,Rita Kuti-Kis,49.0,2000-12-04 00:00:00,2006-09-04,HUN
"5' 8""",1.72m,Right-Handed,Nov 02 1979,"Minsk, Belarus",20442.0,Olga Barabanschikova,73.0,2000-12-04 00:00:00,2005-01-10,BLR
"5' 7""",1.70m,Right-Handed,Jun 28 1976,"Osaka, Japan",10209.0,Shinobu Asagoe,21.0,2000-12-04 00:00:00,2007-01-01,JPN
"5' 8""",1.73m,Right-Handed,Jan 16 1983,"Las Palmas de Gran Canaria, Spain",130616.0,Marta Marrero,47.0,2000-12-04 00:00:00,2010-07-12,ESP
"5' 8""",1.72m,Right-Handed,Jun 30 1977,"Mestre, Italy",30348.0,Tathiana Garbin,22.0,2000-12-04 00:00:00,2011-01-24,ITA
"5' 2""",1.59m,Right-Handed,Nov 13 1975,"Seclin, France",160200.0,Sarah Pitkowski-Malcor,62.0,2000-12-04 00:00:00,2002-06-03,FRA
"5' 6""",1.69m,Right-Handed,Sep 09 1974,"Berlicum, The Netherlands",150066.0,Miriam Oremans,60.0,2000-12-04 00:00:00,2003-06-16,NED
"5' 7""",1.72m,Right-Handed,Apr 27 1972,"Milan, Italy",60061.0,Silvia Farina Elia,11.0,2000-12-04 00:00:00,2005-10-31,ITA
"5' 10""",1.78m,Right-Handed,Jun 08 1982,"Moscow, Russia",160379.0,Nadia Petrova,3.0,2000-12-04 00:00:00,2015-01-26,RUS
"5' 4""",1.63m,Right-Handed,Jan 17 1978,"Tarzana, CA, USA",200204.0,Meilen Tu,35.0,2000-12-04 00:00:00,2008-11-03,USA
"5' 7""",1.72m,Right-Handed,Feb 19 1981,"Maribor, Slovenia",160339.0,Tina Pisnik,29.0,2000-12-04 00:00:00,2006-06-05,SLO
"5' 11""",1.80m,Right-Handed,Apr 13 1979,"Richmond, VA, USA",190565.0,Meghann Shaughnessy,11.0,2000-12-04 00:00:00,2010-07-12,USA
"5' 7""",1.70m,Right-Handed,Jun 23 1976,"Pergamino, Argentina",190360.0,Paola Suárez,9.0,2000-12-04 00:00:00,2008-02-25,ARG
"5' 5""",1.65m,Right-Handed,Oct 17 1967,"Bangui, Central African Republic",200011.0,Nathalie Tauziat,9.0,2000-12-04 00:00:00,2002-10-14,FRA
"5' 10""",1.78m,Right-Handed,Jan 15 1975,"Montreal, Canada",160142.0,Mary Pierce,5.0,2000-12-04 00:00:00,2007-09-03,FRA
"5' 9""",1.75m,Right-Handed,Sep 26 1981,"Saginaw, MI, US",230234.0,Serena Williams,1.0,2000-12-04 00:00:00,2022-09-26,USA
"5' 10""",1.78m,Left-Handed,Dec 02 1973,"Novi Sad, Serbia",190141.0,Monica Seles,4.0,2000-12-04 00:00:00,2004-04-12,USA
,,Right-Handed,Jul 24 1976,"Surabaya, Indonesia",180174.0,Romana Tedjakusuma,242.0,2000-12-04 00:00:00,2013-10-07,INA
"5' 9""",1.76m,Right-Handed,Apr 03 1972,"Lyon, France",200109.0,Sandrine Testud,10.0,2000-12-04 00:00:00,2005-02-28,FRA
"5' 1""",1.54m,Right-Handed,Aug 13 1976,"Moscow, Russia",160254.0,Tatiana Panova,20.0,2000-12-04 00:00:00,2007-06-11,RUS
"5' 8""",1.73m,Right-Handed,Jan 14 1978,"Imotski, Croatia",200160.0,Silvija Talaja,29.0,2000-12-04 00:00:00,2006-12-18,CRO
"5' 5""",1.65m,Right-Handed,May 24 1977,"Los Angeles, CA, United States",200137.0,Tamarine Tanasugarn,19.0,2000-12-04 00:00:00,2016-02-22,THA
"5' 10""",1.78m,Right-Handed,Feb 21 1979,"Les Abymes, France",40254.0,Nathalie Dechy,11.0,2000-12-04 00:00:00,2009-07-20,FRA
"5' 6""",1.68m,Left-Handed,Dec 14 1978,"Basel, Switzerland",190519.0,Patty Schnyder,7.0,2000-12-04 00:00:00,2018-12-31,SUI
"5' 7""",1.70m,Right-Handed,Sep 16 1975,"Asunción, Paraguay",40148.0,Rossana De Los Ríos,51.0,2000-12-04 00:00:00,2011-05-30,PAR
"5' 10""",1.77m,Right-Handed,Mar 23 1975,"Naples, Italy",70192.0,Rita Grande,24.0,2000-12-04 00:00:00,2005-12-05,ITA
"5' 9""",1.74m,Right-Handed,Apr 16 1971,"Minsk, Belarus",260013.0,Natasha Zvereva,78.0,2000-12-04 00:00:00,2001-06-18,BLR
"5' 1""",1.55m,Right-Handed,May 16 1980,"Palma de Mallorca, Spain",120317.0,Nuria Llagostera Vives,35.0,2000-12-04 00:00:00,2012-08-06,ESP
"5' 9""",1.75m,Right-Handed,May 26 1977,"Wichita, KS, United States",190571.0,Tara Snyder,99.0,2000-12-04 00:00:00,2007-06-11,USA
"5' 3""",1.61m,Right-Handed,Apr 01 1976,"Tottori, Japan",250047.0,Yuka Yoshida,116.0,2000-12-04 00:00:00,2006-02-13,JPN
"5' 9""",1.77m,Right-Handed,May 08 1978,"Prague, Czech Republic",110310.0,Sandra Kleinova,83.0,2000-12-04 00:00:00,2008-01-14,CZE
"5' 7""",1.72m,Right-Handed,Feb 26 1982,"Wuhan, China",120330.0,Na Li,2.0,2000-12-04 00:00:00,2014-11-03,CHN
"5' 3""",1.60m,Right-Handed,Apr 26 1981,"Surakarta City, Indonesia",160318.0,Wynne Prakusya,74.0,2000-12-04 00:00:00,2006-11-13,INA
"5' 8""",1.74m,Right-Handed,Mar 21 1971,"Toronto, Canada",40058.0,Maureen Drake,92.0,2000-12-04 00:00:00,2016-02-22,CAN
"5' 6""",1.68m,Right-Handed,May 31 1976,"Flint, MI, USA",230186.0,Mashona Washington,50.0,2000-12-04 00:00:00,2011-12-19,USA
"5' 7""",1.69m,Right-Handed,Sep 10 1974,"Joliet, IL, US",30166.0,Sandra Cacic,83.0,2000-12-04 00:00:00,2004-02-02,USA
"5' 5""",1.65m,Right-Handed,Sep 30 1980,"San Felipe, Venezuela",190562.0,Milagros Sequera,48.0,2000-12-04 00:00:00,2009-06-01,VEN
"5' 7""",1.70m,Right-Handed,Jun 23 1980,"Santa Monica, CA, USA",90080.0,Marissa Gould,51.0,2000-12-04 00:00:00,2006-07-03,USA
"5' 9""",1.75m,Right-Handed,Aug 05 1978,"Innsbruck, Austria",230204.0,Patricia Wartusch,68.0,2000-12-04 00:00:00,2005-08-22,AUT
"5' 8""",1.74m,Right-Handed,Jan 30 1980,"Heidelberg, Germany",230202.0,Marlene Weingartner,36.0,2000-12-04 00:00:00,2006-01-09,GER
"5' 7""",1.69m,Right-Handed,Sep 21 1973,"Madrid, Spain",180160.0,Virginia Ruano Pascual,38.0,2000-12-04 00:00:00,2010-05-31,ESP
"5' 9""",1.74m,Right-Handed,Apr 01 1978,"Bojnice, Slovakia",220121.0,Miroslava Vavrinec,76.0,2000-12-04 00:00:00,2002-09-02,SUI
"5' 9""",1.75m,Right-Handed,Jul 14 1974,"Varna, Bulgaria",190500.0,Pavlina Nola,68.0,2000-12-04 00:00:00,2002-11-18,NZL
"5' 9""",1.76m,Right-Handed,Jan 09 1979,"Minsk, Belarus",160303.0,Tatiana Poutchek,55.0,2000-12-04 00:00:00,2011-12-19,BLR
"5' 7""",1.71m,Right-Handed,Nov 07 1977,"Salamanca, Spain",190435.0,María Sánchez Lorenzo,33.0,2000-12-04 00:00:00,2007-05-07,ESP
"5' 11""",1.80m,Left-Handed,Jan 24 1976,"Toronto, Canada",230131.0,Vanessa Webb,111.0,2000-12-04 00:00:00,2004-04-12,CAN
"5' 7""",1.70m,Right-Handed,Nov 20 1980,"Nové Zámky, Slovakia",190295.0,Martina Sucha,37.0,2000-12-04 00:00:00,2008-11-24,SVK
"5' 9""",1.75m,Right-Handed,Jun 08 1977,"Breda, Netherlands",20357.0,Yvette Basting,92.0,2000-12-04 00:00:00,2002-06-03,NED
"5' 7""",1.70m,Right-Handed,Dec 2 1971,"Newcastle, Australia",130050.0,Rachel Mcquillan,57.0,2000-12-04 00:00:00,2004-03-15,AUS
"5' 10""",1.77m,Right-Handed,Oct 29 1980,"Minsk, Belarus",150137.0,Nadejda Ostrovskaya,96.0,2000-12-04 00:00:00,2006-06-05,BLR
"5' 7""",1.70m,Right-Handed,Aug 17 1980,"Novi Sad, Serbia",140179.0,Sandra Nacuk,94.0,2000-12-04 00:00:00,2003-03-24,SCG
,,Right-Handed,Jul 24 1976,"Antwerp, Belgium",40203.0,Stephanie De Ville,308.0,2000-12-04 00:00:00,2001-12-10,BEL
"5' 9""",1.74m,Right-Handed,Jan 14 1977,"Freiburg, Germany",190446.0,Miriam Schnitzer,111.0,2000-12-04 00:00:00,2003-01-27,GER
,,,Apr 16 1975,,80253.0,Tomoe Hotta,310.0,2000-12-04 00:00:00,2001-09-03,JPN
,,,,,110374.0,Yumiko Kitamura,384.0,2000-12-04 00:00:00,2003-08-25,JPN
,,Right-Handed,Oct 2 1977,"Tayport, Scotland",160332.0,Nicola Payne,522.0,2000-12-04 00:00:00,2001-12-17,GBR
"5' 6""",1.68m,Right-Handed,Aug 07 1972,"Bridgend, Wales",40151.0,Victoria Davies,513.0,2000-12-04 00:00:00,2002-06-03,GBR
,,Right-Handed,May 09 1977,,140146.0,Milena Nekvapilova,332.0,2000-12-04 00:00:00,2003-08-04,CZE
"5' 3""",1.60m,Right-Handed,Apr 03 1972,"Ústí nad Labem, Czech Republic",130030.0,Veronika Martinek,517.0,2000-12-04 00:00:00,2001-04-23,GER
,,,,,180364.0,Veronika Raimrova,366.0,2000-12-04 00:00:00,2006-12-18,CZE
"5' 6""",1.68m,Right-Handed,Jan 01 1983,"Bangkok, Thailand",220229.0,Suchanun Viratprasert,172.0,2000-12-04 00:00:00,2010-08-30,THA
,,Right-Handed,Feb 16 1983,"Bucharest, Romania",30464.0,Raluca Ciochina,401.0,2000-12-04 00:00:00,2002-06-03,ROM
,,Right-Handed,Aug 23 1972,"Oxford, MS, USA",30041.0,Paloma Collantes,390.0,2000-12-04 00:00:00,2002-06-03,USA
,,,Jul 21 1977,"Buenos Aires, Argentina",180224.0,Paula Racedo,541.0,2000-12-04 00:00:00,2001-09-03,ARG
,,Right-Handed,May 23 1982,"Novi Sad, Serbia",80388.0,Silvia Hegedis,451.0,2000-12-04 00:00:00,2003-03-24,SRB
"5' 6""",1.67m,Right-Handed,Feb 17 1975,"Busan, Korea",160164.0,Sung-Hee Park,539.0,2000-12-04 00:00:00,2001-01-01,KOR
,,,Nov 10 1979,"Porlamar, Venezuela",190610.0,Stephanie Schaer,484.0,2000-12-04 00:00:00,2003-08-25,VEN
,,,,,150087.0,Riei Kawamata,531.0,2000-12-04 00:00:00,2001-12-10,JPN
,,Right-Handed,Jul 20 1978,"Zagreb, Croatia",110332.0,Marijana Kovacevic,411.0,2000-12-04 00:00:00,2003-03-24,CRO
"5' 8""",1.72m,Right-Handed,Aug 14 1979,"Montpellier, France",20553.0,Severine Beltrame,34.0,2000-12-04 00:00:00,2013-07-29,FRA
,,Right-Handed,Mar 28 1982,"New Delhi, India",40348.0,Shruti Dhawan,454.0,2000-12-04 00:00:00,2006-06-05,IND
"5' 7""",1.70m,Right-Handed,Jan 21 1983,"Kensington, Australia",10293.0,Monique Adamczak,138.0,2000-12-04 00:00:00,2018-03-19,AUS
"5' 8""",1.72m,Right-Handed,Nov 17 1982,"Paris, France",190713.0,Olivia Sanchez,90.0,2000-12-04 00:00:00,2012-02-13,FRA
,,Right-Handed,Jul 18 1975,"Mexico City, Mexico",60184.0,Melody Falco,475.0,2000-12-04 00:00:00,2001-04-23,MEX
"5' 9""",1.75m,Right-Handed,Mar 18 1983,"Paris, France",30501.0,Stéphanie Cohen-Aloro,61.0,2000-12-04 00:00:00,2011-02-14,FRA
"5' 9""",1.74m,Right-Handed,Oct 20 1983,"Donetsk, Ukraine",20652.0,Yuliya Beygelzimer,83.0,2000-12-04 00:00:00,2017-04-10,UKR
,,Right-Handed,Feb 14 1982,"Leutkirch, Germany",230251.0,Stefanie Weis,338.0,2000-12-04 00:00:00,2005-12-05,GER
,,Right-Handed,Apr 20 1978,"Arezzo, Italy",190534.0,Monica Scartoni,428.0,2000-12-04 00:00:00,2003-08-04,ITA
,,,,,140200.0,Petra Novotnikova,453.0,2000-12-04 00:00:00,2006-12-18,CZE
"5' 10""",1.79m,Right-Handed,May 14 1980,"Zenica, Bosnia and Herzegovina",100123.0,Mervana Jugic-Salkic,99.0,2000-12-04 00:00:00,2014-01-20,BIH
"5' 7""",1.70m,Right-Handed,Oct 27 1985,"Jersey City, NJ, USA",180432.0,Sunitha Rao,144.0,2000-12-04 00:00:00,2009-08-24,IND
,,Right-Handed,Jun 16 1980,"Sant Cugat, Spain",40272.0,Sonia Delgado,440.0,2000-12-04 00:00:00,2002-07-08,ESP
,,Right-Handed,Jan 28 1983,"Paris, France",160458.0,Virginie Pichet,120.0,2000-12-04 00:00:00,2009-08-24,FRA
"5' 9""",1.74m,Right-Handed,Mar 14 1978,"Tokyo, Japan",150145.0,Seiko Okamoto,178.0,2000-12-04 00:00:00,2011-02-21,JPN
,,,Aug 25 1981,,230232.0,Orawan Wongkamalasai,587.0,2000-12-04 00:00:00,2001-12-10,THA
"5' 8""",1.72m,Right-Handed,Feb 12 1973,"Prague, Czech Republic",20114.0,Radka Bobkova,622.0,2000-12-04 00:00:00,2001-09-03,CZE
,,,,,80408.0,Marielle Hoogland,232.0,2000-12-04 00:00:00,2005-08-22,NED
,,Right-Handed,Jun 14 1981,"Busan, South Korea",110449.0,Jin-Hee (sr) Kim,235.0,2000-12-04 00:00:00,2008-11-03,KOR
,,Right-Handed,Apr 23 1978,"Vigo, Spain",10218.0,Tamara Aranda,614.0,2000-12-04 00:00:00,2002-06-03,ESP
,,,,,30400.0,Yu-An Chen,612.0,2000-12-04 00:00:00,2001-12-10,TPE
,,Right-Handed,Sep 8 1986,"Tokyo, Japan",110432.0,Satoko Kurioka,612.0,2000-12-04 00:00:00,2001-12-10,JPN
,,,,,160284.0,Severine Arpajou,491.0,2000-12-04 00:00:00,2002-09-30,FRA
,,Left-Handed,May 15 1976,"Timaru, New Zealand",200292.0,Niki Tippins,588.0,2000-12-04 00:00:00,2001-12-10,NZL
,,Right-Handed,Apr 28 1979,"Barcelona, Spain",130538.0,Meritxell Mimo,524.0,2000-12-04 00:00:00,2003-08-04,ESP
,,,Jun 16 1976,,140130.0,Nina Nittinger,550.0,2000-12-04 00:00:00,2003-07-21,GER
,,,,,230244.0,Nicola Woodhouse,548.0,2000-12-04 00:00:00,2002-06-03,GBR
,,Right-Handed,Feb 25 1980,"Estavayer le lac, Switzerland",120321.0,Marylene Losey,547.0,2000-12-04 00:00:00,2001-12-10,SUI
"5' 8""",1.72m,Right-Handed,Nov 10 1972,"Siófok, Hungary",30061.0,Virag Csurgo,549.0,2000-12-04 00:00:00,2001-01-01,HUN
,,,,,220164.0,Sabrina Valenti,563.0,2000-12-04 00:00:00,2001-12-10,ARG
,,,,,180332.0,Veronica Rizhik,459.0,2000-12-04 00:00:00,2005-12-05,ESP
,,,,,160380.0,Marina Petrovic,500.0,2000-12-04 00:00:00,2002-06-03,SCG
,,Right-Handed,Sep 10 1977,,20346.0,Sandrine Bouilleau,581.0,2000-12-04 00:00:00,2002-09-30,FRA
,,,,,60261.0,Susanne Filipp,575.0,2000-12-04 00:00:00,2003-08-04,AUT
,,Right-Handed,Jan 28 1980,"Stockerau, Austria",180322.0,Nicole Remis,283.0,2000-12-04 00:00:00,2005-12-05,AUT
,,Right-Handed,Jun 17 1982,"Arnsberg, Germany",100152.0,Sabrina Jolk,314.0,2000-12-04 00:00:00,2007-06-11,GER
"5' 2""",1.57m,Right-Handed,Dec 06 1971,"Beirut, Lebanon",80037.0,Rika Hiraki,332.0,2000-12-04 00:00:00,2003-03-24,JPN
,,,,,190721.0,Pavlina Slitrova,358.0,2000-12-04 00:00:00,2004-05-24,CZE
"5' 9""",1.75m,Right-Handed,Oct 12 1981,"Zhengzhou, China",190817.0,Tiantian Sun,77.0,2000-12-04 00:00:00,2009-04-13,CHN
"5' 7""",1.70m,Right-Handed,May 30 1975,"Seoul, South Korea",30332.0,Young-Ja Choi,231.0,2000-12-04 00:00:00,2004-05-24,KOR
,,Right-Handed,Apr 10 1982,"Karlsruhe, Germany",70417.0,Stephanie Gehrlein,121.0,2000-12-04 00:00:00,2010-07-12,GER
,,Right-Handed,Sep 6 1978,,200267.0,Susanne Trik,359.0,2000-12-04 00:00:00,2003-03-24,NED
,,Right-Handed,Jun 12 1981,"Durban, South Africa",180417.0,Nicole Rencken,287.0,2000-12-04 00:00:00,2005-08-22,RSA
,,Right-Handed,Oct 23 1977,"Maryborough, Australia",100116.0,Nadia Johnston,314.0,2000-12-04 00:00:00,2002-06-03,USA
,,Right-Handed,Mar 25 1978,"Nancy, France",20462.0,Segolene Berger,284.0,2000-12-04 00:00:00,2005-12-05,FRA
,,,Jun 02 1976,,200216.0,Ryoko Takemura,325.0,2000-12-04 00:00:00,2005-08-22,JPN
,,Right-Handed,Jul 29 1978,"Skopje, Macedonia",120279.0,Marina Lazarovska,381.0,2000-12-04 00:00:00,2002-06-03,MKD
,,Right-Handed,Mar 19 1979,"Alicante, Spain",70338.0,Paula Garcia,139.0,2000-12-04 00:00:00,2007-05-07,ESP
,,Right-Handed,Aug 01 1977,"Nový Jičín, Czech Republic",120260.0,Zuzana Lesenarova,290.0,2000-12-04 00:00:00,2002-09-30,CZE
,,Right-Handed,Nov 06 1978,"Jochiwon, South Korea",30447.0,Yang-Jin Chung,384.0,2000-12-04 00:00:00,2003-03-24,KOR
,,Right-Handed,Apr 29 1978,"Vienna, Austria",130439.0,Nicole Melch,293.0,2000-12-04 00:00:00,2004-10-18,AUT
"5' 7""",1.70m,Right-Handed,Jun 06 1982,"Houston, TX, USA",130580.0,Melissa Middleton,270.0,2000-12-04 00:00:00,2003-03-24,USA
,,Right-Handed,Aug 23 1981,"Grenoble, France",180338.0,Stephanie Rizzi,254.0,2000-12-04 00:00:00,2005-12-05,FRA
"5' 11""",1.80m,Right-Handed,Jan 5 1980,"Wuhan, China",120327.0,Ting (sr) Li,136.0,2000-12-04 00:00:00,2007-05-07,CHN
"5' 4""",1.63m,Right-Handed,Feb 18 1983,"Taranto, Italy",220214.0,Roberta Vinci,7.0,2000-12-04 00:00:00,2018-06-11,ITA
"5' 9""",1.76m,Right-Handed,Nov 18 1977,"Vienna, Austria",80076.0,Stefanie Haidner,232.0,2000-12-04 00:00:00,2008-01-14,AUT
,,,,,210028.0,Sachie Umehara,315.0,2000-12-04 00:00:00,2003-03-24,JPN
,,Right-Handed,Jul 29 1978,"Ōtāhuhu, New Zealand",190530.0,Shelley Stephens,249.0,2000-12-04 00:00:00,2005-09-12,NZL
,,Right-Handed,Mar 27 1973,"Sankt Georgen, Germany",120140.0,Susi Lohrmann,301.0,2000-12-04 00:00:00,2002-06-03,GER
,,Right-Handed,Jan 09 1980,,10241.0,Melisa Arevalo,269.0,2000-12-04 00:00:00,2004-10-18,ARG
"5' 8""",1.72m,Right-Handed,May 21 1980,,70361.0,Oana-Elena Golimbioschi,296.0,2000-12-04 00:00:00,2006-12-18,ROU
,,Right-Handed,Aug 24 1981,,70375.0,Natalia Gussoni,134.0,2000-12-04 00:00:00,2007-04-16,ARG
"5' 5""",1.66m,Right-Handed,Apr 01 1980,"Pereira, Colombia",130449.0,Mariana Mesa Pineda,339.0,2000-12-04 00:00:00,2001-09-03,COL
,,Right-Handed,Feb 16 1977,"Chennai, India",100118.0,Sai Jayalakshmy Jayaram,331.0,2000-12-04 00:00:00,2006-03-13,IND
"5' 7""",1.72m,Right-Handed,Mar 03 1984,"Lausanne, Switzerland",130632.0,Marie-Gayanay Mikaelian,33.0,2000-12-04 00:00:00,2006-12-18,SUI
,,Right-Handed,Jun 28 1978,"Pretoria, South Africa",40242.0,Surina De Beer,293.0,2000-12-04 00:00:00,2011-12-19,RSA
,,Right-Handed,May 15 1980,"Munich, Germany",20536.0,Susi Bensch,355.0,2000-12-04 00:00:00,2002-09-30,GER
,,Right-Handed,May 20 1981,"Luján, Argentina",110420.0,Vanesa Krauth,223.0,2000-12-04 00:00:00,2002-09-30,ARG
,,Right-Handed,Sep 12 1982,"Maribor, Slovenia",220253.0,Masa Vesenjak,375.0,2000-12-04 00:00:00,2002-09-30,SLO
,,Right-Handed,Aug 7 1975,"Bolzano, Italy",10141.0,Yasmin Angeli,447.0,2000-12-04 00:00:00,2002-09-30,ITA
,,,Dec 03 1981,,120332.0,Olga Lazarchuk,146.0,2000-12-04 00:00:00,2006-05-01,UKR
"5' 7""",1.70m,Right-Handed,Jun 26 1982,"Bratislava, Slovakia",110523.0,Zuzana Kucova,101.0,2000-12-04 00:00:00,2013-06-10,SVK
,,,,,190802.0,Michelle Summerside,339.0,2000-12-04 00:00:00,2003-03-24,AUS
,,,Oct 4 1980,"Helsinki, Finland",160397.0,Petra Puheloinen,413.0,2000-12-04 00:00:00,2001-12-17,FIN
,,Right-Handed,Sep 13 1966,"Moscow, Russia",20094.0,Natalia Egorova,393.0,2000-12-04 00:00:00,2002-09-30,RUS
,,,Jul 29 1975,,120217.0,Ma. Fernanda Landa,437.0,2000-12-04 00:00:00,2002-06-03,ARG
,,Right-Handed,Mar 14 1978,"Antananarivo, Madagascar",180246.0,Natacha Randriantefy,325.0,2000-12-04 00:00:00,2005-08-22,MAD
,,,,,70440.0,Natasha Galouza,435.0,2000-12-04 00:00:00,2002-06-03,NED
,,Right-Handed,Jun 09 1982,"Mumbai, India",160418.0,Sonal Phadke,425.0,2000-12-04 00:00:00,2008-01-14,IND
"5' 5""",1.65m,Right-Handed,Oct 11 1982,"Hanover, Germany",130631.0,Martina Müller,33.0,2000-12-04 00:00:00,2010-01-25,GER
,,Right-Handed,Apr 27 1982,"Gosford, Australia",40322.0,Melissa Dowse,247.0,2000-12-04 00:00:00,2003-08-25,AUS
"5' 6""",1.67m,Right-Handed,Oct 13 1980,"Osaka, Japan",110468.0,Satomi Kinjo,359.0,2000-12-04 00:00:00,2005-08-22,JPN
"5' 7""",1.70m,Right-Handed,Oct 09 1977,"Hyderabad, India",30404.0,Rushmi Chakravarthi,310.0,2000-12-04 00:00:00,2011-12-19,IND
,,Right-Handed,Sep 2 1982,"Salzburg, Austria",190702.0,Nadine Schlotterer,418.0,2000-12-04 00:00:00,2004-10-18,AUT
,,Right-Handed,Feb 11 1972,"Manchester, England",220057.0,Rachel Viollet,199.0,2000-12-04 00:00:00,2003-05-05,GBR
"5' 10""",1.78m,Right-Handed,Jan 05 1976,"Windhoek, Namibia",40243.0,Nannie De Villiers,405.0,2000-12-04 00:00:00,2001-12-17,RSA
,,Right-Handed,Mar 28 1978,,160272.0,Tina Plivelitsch,430.0,2000-12-04 00:00:00,2001-09-03,GER
"5' 7""",1.70m,Right-Handed,Oct 19 1973,"Tainan, Taiwan",230055.0,Shi-Ting Wang,435.0,2000-12-04 00:00:00,2001-09-03,TPE
,,Right-Handed,Mar 23 1981,"Bucharest, Romania",130571.0,Mihaela Moldovan,398.0,2000-12-04 00:00:00,2001-09-03,ROM
,,Right-Handed,Mar 14 1980,"Los Angeles, CA, USA",40364.0,Tiffany Davis,170.0,2000-12-04 00:00:00,2008-01-14,USA
,,,Dec 19 1982,,110512.0,Olga Kalyuzhnaya,202.0,2000-12-04 00:00:00,2008-01-14,RUS
,,Right-Handed,May 16 1982,"Sochi, Russia",190677.0,Marina Samoilenko,398.0,2000-12-04 00:00:00,2001-06-04,RUS
"5' 8""",1.73m,Left-Handed,Nov 13 1982,"Salzburg, Austria",110437.0,Sandra Klemenschits,318.0,2000-12-04 00:00:00,2005-12-05,AUT
"5' 2""",1.57m,Right-Handed,Oct 23 1979,"Houston, TX, U.S.",80319.0,Stephanie Mabry,400.0,2000-12-04 00:00:00,2002-06-03,USA
"5' 7""",1.70m,Right-Handed,Feb 23 1981,"Toulouse, France",120350.0,Sophie Lefèvre,216.0,2000-12-04 00:00:00,2011-12-19,FRA
"5' 7""",1.69m,Right-Handed,Jul 14 1975,"Prague, Czech Republic",110181.0,Marketa Kochta,404.0,2000-12-04 00:00:00,2002-06-03,GER
"5' 8""",1.73m,Right-Handed,Nov 20 1980,"Purwokerto, Indonesia",190529.0,Wukirasih Sawondari,405.0,2000-12-04 00:00:00,2005-12-05,INA
"5' 8""",1.73m,Right-Handed,Nov 22 1974,"Langen, Germany",20279.0,Meike Babel,421.0,2000-12-04 00:00:00,2001-06-04,GER
"5' 8""",1.73m,Right-Handed,Jun 09 1980,"Tokyo, Japan",200299.0,Remi Tezuka,292.0,2000-12-04 00:00:00,2012-08-06,JPN
,,,,,40302.0,Vanessa Devesa,418.0,2000-12-04 00:00:00,2002-06-03,ESP
,,Right-Handed,Jun 19 1978,"San Nicolas de los Arroyos, Argentina",150138.0,Romina Ottoboni,383.0,2000-12-04 00:00:00,2001-09-03,ARG
,,Right-Handed,Dec 7 1974,"Dublin, Ireland",40220.0,Yvonne Doyle,328.0,2000-12-04 00:00:00,2004-09-27,IRL
,,Right-Handed,Sep 28 1973,"Newton, CT, USA",130280.0,Patty Murren,408.0,2000-12-04 00:00:00,2002-06-03,USA
,,,,,190784.0,Tanja Schugt,693.0,2000-12-11 00:00:00,2003-03-24,GER
,,,,,260095.0,Shiri Zlotikman,1172.0,2000-12-11 00:00:00,2000-12-25,ISR
,,Right-Handed,Feb 9 1983,"Galati, Romania",10308.0,Simona Arghire,827.0,2000-12-11 00:00:00,2001-12-10,ROM
"5' 6""",1.68m,Right-Handed,Mar 18 1976,"New York, NY,  United States",190491.0,Miho Saeki,158.0,2001-02-26 00:00:00,2007-08-13,JPN
,,Right-Handed,Apr 6 1979,"Strangnas, Sweden",230217.0,Nina Wennerstrom,650.0,2001-04-23 00:00:00,2001-12-17,SWE
"5' 8""",1.72m,Right-Handed,Oct 02 1984,"Le Puy-en-Velay, France",20631.0,Marion Bartoli,7.0,2001-04-23 00:00:00,2013-12-30,FRA
,,Right-Handed,Oct 09 1984,"San Luis Potosí, Mexico",120411.0,Marie Jose Lopez Herrera,449.0,2001-04-23 00:00:00,2005-09-12,MEX
,,Left-Handed,Jan 19 1978,"Great Falls, VA, USA",60171.0,Michelle Faucher,351.0,2001-04-23 00:00:00,2003-08-04,USA
,,Right-Handed,Feb 19 1981,"Sydney, Australia",180289.0,Rochelle Rosenfield,327.0,2001-04-23 00:00:00,2003-03-24,AUS
"5' 8""",1.72m,Right-Handed,Feb 08 1985,"Prostějov, Czech Republic",30562.0,Petra Cetkovska,25.0,2001-05-28 00:00:00,2016-10-10,CZE
"5' 10""",1.77m,Right-Handed,Jun 18 1985,"Union, NJ, USA",310040.0,Tory Zawacki,513.0,2001-05-28 00:00:00,2003-08-04,USA
"5' 8""",1.73m,Right-Handed,Jun 22 1979,"Oberkirch, Germany",110325.0,Sandra Kloesel,87.0,2001-05-28 00:00:00,2010-01-25,GER
,,Left-Handed,Jul 11 1983,"Saint-Petersburg, Russia",110590.0,Oksana Karyshkova,208.0,2001-05-28 00:00:00,2007-06-11,RUS
"5' 9""",1.75m,Right-Handed,Dec 12 1978,"Boston, MA, United States",10306.0,Teryn Ashley,95.0,2001-07-23 00:00:00,2006-06-26,USA
"5' 7""",1.72m,Right-Handed,May 25 1985,"Kyiv, Ukraine",110584.0,Mariya Koryttseva,50.0,2001-09-03 00:00:00,2012-08-13,UKR
,,Right-Handed,Oct 22 1980,"El Paso, TX, USA",230240.0,Sara Walker,771.0,2001-09-03 00:00:00,2002-06-03,USA
,,,,,310175.0,Ruxandra Marin,586.0,2001-09-03 00:00:00,2003-08-04,ROM
,,,Jan 1 1983,"Chisinau, Moldova",220249.0,Natalia Volcova,919.0,2001-09-03 00:00:00,2002-06-03,MDA
,,Right-Handed,Jan 11 1984,,310220.0,Yanze Xie,184.0,2001-09-03 00:00:00,2010-01-25,CHN
,,Right-Handed,Nov 09 1983,"Minsk, Belarus",40436.0,Natallia Dziamidzenka,340.0,2001-09-03 00:00:00,2005-12-05,BLR
,,,,,70495.0,Michelle Giang,799.0,2001-09-03 00:00:00,2002-06-03,SUI
,,Right-Handed,Apr 4 1984,"Altos de Chipion, Argentina",200384.0,Virginia Tomatis,809.0,2001-09-03 00:00:00,2001-12-17,ARG
"5' 6""",1.68m,Right-Handed,Jan 05 1985,"Beirut, Lebanon",60318.0,Romy Farah,493.0,2001-09-03 00:00:00,2003-08-04,COL
"5' 5""",1.65m,Right-Handed,Jul 26 1983,"Tampa, FL, USA",310254.0,Saras Arasu,770.0,2001-09-03 00:00:00,2002-06-03,USA
,,Right-Handed,Feb 19 1984,"Kyiv, Ukraine",210048.0,Yuliya Ustyuzhanina,577.0,2001-09-03 00:00:00,2005-12-05,UKR
,,Right-Handed,Jun 26 1983,,20625.0,Melissa Berry,554.0,2001-09-03 00:00:00,2006-12-18,GBR
"5' 8""",1.73m,Right-Handed,Apr 28 1985,"Gothenburg, Sweden",100162.0,Mathilde Johansson,59.0,2001-09-03 00:00:00,2016-07-04,FRA
,,Right-Handed,Aug 03 1984,"Dublin, GA, U.S.",30516.0,Tanner Cochran,236.0,2001-09-03 00:00:00,2005-12-05,USA
,,Right-Handed,Sep 05 1984,"Gelnica, Slovakia",260162.0,Zuzana Zemenova,413.0,2001-09-03 00:00:00,2009-08-24,SVK
"5' 5""",1.66m,Right-Handed,Jun 08 1983,"Nova Kakhovka, Ukraine",60301.0,Yuliana Fedak,63.0,2001-09-03 00:00:00,2011-09-05,UKR
,,Left-Handed,Jan 12 1984,"Montreal, Canada",120432.0,Marie-France Lord-Andrade,982.0,2001-09-03 00:00:00,2001-12-10,CAN
,,,,,90121.0,Sonia Iacovacci,1161.0,2001-09-03 00:00:00,2006-12-04,ITA
,,,,,120406.0,Yang Liu,1138.0,2001-09-03 00:00:00,2001-12-10,CHN
,,,,,80456.0,Nikolina Hrankova,1062.0,2001-09-03 00:00:00,2001-12-10,BUL
,,,,,160462.0,Tihana Pochobradsky,464.0,2001-09-03 00:00:00,2003-03-24,CRO
,,Right-Handed,Feb 8 1984,"Croydon, England",180474.0,Rebecca Rankin,1026.0,2001-09-03 00:00:00,2001-12-10,GBR
,,Right-Handed,Jan 8 1985,"Pontevedra, Spain",30560.0,Marina Chaves-Moledo,1188.0,2001-09-03 00:00:00,2001-12-10,ESP
,,,,,190920.0,Sunderarajan Jahnvi,1204.0,2001-09-03 00:00:00,2001-09-03,IND
,,,Apr 14 1984,"Mexico City, Mexico",180458.0,Sue Rossano,1216.0,2001-09-03 00:00:00,2001-09-03,MEX
"5' 5""",1.65m,Right-Handed,Apr 1 1983,"Boca Raton, FL, USA",130618.0,Natalie Mikolich,1216.0,2001-09-03 00:00:00,2001-09-03,USA
,,Right-Handed,Aug 3 1982,"London, England",140227.0,Natalie Neri,773.0,2001-09-03 00:00:00,2003-08-04,GBR
"5' 9""",1.75m,,Aug 30 1985,"Odessa, Ukraine",200383.0,Olena Tsutskova,1110.0,2001-09-03 00:00:00,2001-12-10,UKR
,,,,,310191.0,Megan Emmett,1095.0,2001-09-03 00:00:00,2001-12-10,GBR
"5' 4""",1.63m,Right-Handed,Jan 26 1985,"Medellín, Colombia",310041.0,Paula Zabala,368.0,2001-09-03 00:00:00,2010-07-12,COL
"5' 5""",1.67m,Right-Handed,Oct 10 1985,"Plzeň, Czech Republic",260158.0,Sandra Zahlavova,80.0,2001-09-03 00:00:00,2014-05-12,CZE
,,,,,190902.0,Rossella Sartore,1166.0,2001-09-03 00:00:00,2001-12-10,ITA
,,Right-Handed,Aug 3 1978,"Marseille, France",150136.0,Sabine Oristil,974.0,2001-09-03 00:00:00,2001-12-10,FRA
,,Right-Handed,Jun 30 1985,"Plaisir, France",130771.0,Sylvia Montero,500.0,2001-09-03 00:00:00,2006-12-18,FRA
,,,May 11 1977,"La Habana, Cuba",60267.0,Yamile Fors-Guerra,812.0,2001-09-03 00:00:00,2006-12-18,CUB
"6' 0""",1.82m,Right-Handed,Jan 31 1984,"Saint Georges de Beauce, Canada",160512.0,Marie-Pier Pouliot,999.0,2001-09-03 00:00:00,2001-12-10,CAN
,,Right-Handed,Mar 3 1985,"Incheon, South Korea",110600.0,Su-Jin Kim,941.0,2001-09-03 00:00:00,2001-12-10,KOR
,,Right-Handed,Oct 12 1984,"Ibiza, Spain",50167.0,Pilar Escandell,494.0,2001-09-03 00:00:00,2004-10-18,ESP
,,Right-Handed,Sep 30 1982,"Plzen, Czech Republic",190770.0,Tereza Szafnerova,959.0,2001-09-03 00:00:00,2001-12-10,CZE
,,,,,40371.0,Rachel Dive,952.0,2001-09-03 00:00:00,2001-12-10,NZL
"5' 3""",1.61m,Right-Handed,Aug 11 1985,"Delray Beach, FL, USA",20709.0,Whitney Benik,517.0,2001-09-03 00:00:00,2002-09-30,USA
,,Right-Handed,Jan 4 1979,"Sucre, Bolivia",160280.0,Monica Poveda,806.0,2001-09-03 00:00:00,2002-06-03,BOL
,,Right-Handed,Oct 17 1984,"Mumbai, India",310077.0,Medini Sharma,1016.0,2001-09-03 00:00:00,2001-12-10,IND
,,Right-Handed,Jul 08 1983,"Woerden, Netherlands",220294.0,Tessy Van De Ven,304.0,2001-09-03 00:00:00,2006-06-05,NED
"5' 5""",1.66m,Right-Handed,Jul 07 1985,"Brașov, Romania",130744.0,Simona Matei,145.0,2001-09-03 00:00:00,2010-07-12,ROU
,,,,,310270.0,Sana Ben Salah,1068.0,2001-09-03 00:00:00,2001-12-10,ALG
,,Right-Handed,Feb 12 1980,,190609.0,Mariela Salinas,679.0,2001-09-03 00:00:00,2003-08-04,VEN
,,Right-Handed,Jul 2 1981,"Habana, Cuba",140201.0,Yanet Nunez Mojarena,761.0,2001-09-03 00:00:00,2006-12-18,CUB
,,,,,190894.0,Mi-Ran Shin,835.0,2001-09-03 00:00:00,2005-12-05,KOR
"5' 10""",1.77m,Right-Handed,Jan 08 1986,"Xiangtan, China",160471.0,Shuai Peng,14.0,2001-09-03 00:00:00,2022-10-31,CHN
,,Right-Handed,May 5 1975,,40129.0,Rita Degliesposti,343.0,2001-09-03 00:00:00,2004-10-18,ITA
"5' 6""",1.68m,Right-Handed,Feb 10 1983,"Prague, Czech Republic",30567.0,Zuzana Cerna,495.0,2001-12-10 00:00:00,2004-10-18,CZE
,,Left-Handed,Jun 23 1981,,40429.0,Tomoko Dokei,360.0,2001-12-10 00:00:00,2011-02-21,JPN
,,Right-Handed,Feb 20 1981,"Pune, India",130732.0,Radhika Mandke,833.0,2001-12-10 00:00:00,2002-06-03,IND
"5' 7""",1.70m,Right-Handed,Dec 08 1982,"Fresno, CA, USA",110551.0,Raquel Atawo,162.0,2001-12-10 00:00:00,2016-02-22,USA
,,Right-Handed,May 28 1982,"Zevenbergen, Netherlands",220274.0,Suzanne Van Hartingsveldt,499.0,2001-12-10 00:00:00,2005-12-05,NED
,,,,,70509.0,Pamela Gonzalez Medina,862.0,2001-12-10 00:00:00,2002-06-03,ARG
,,Right-Handed,Sep 11 1982,,100129.0,Sanja Jukic,742.0,2001-12-10 00:00:00,2002-09-30,YUG
"5' 6""",1.68m,Right-Handed,Apr 12 1985,"Jakarta, Indonesia",230284.0,Tiffany Welford,276.0,2001-12-10 00:00:00,2011-02-21,AUS
,,Right-Handed,May 9 1986,"Seoul, South Korea",100158.0,Yoo-Mi Jung,565.0,2001-12-10 00:00:00,2006-12-04,KOR
,,Right-Handed,Feb 08 1985,"Buenos Aires, Argentina",50164.0,Soledad Esperon,166.0,2001-12-10 00:00:00,2010-01-25,ARG
,,,,,310222.0,Melanie Gerbasi,1120.0,2001-12-10 00:00:00,2001-12-10,ITA
"5' 5""",1.64m,Right-Handed,Aug 12 1982,,310277.0,Utako Suzuki,689.0,2001-12-10 00:00:00,2003-08-04,JPN
,,,,,310293.0,Patricia Almudever,1110.0,2001-12-10 00:00:00,2001-12-10,ESP
,,Right-Handed,Jul 14 1981,"Natal, Brazil",40318.0,Sabrina Diniz,832.0,2001-12-10 00:00:00,2003-07-21,BRA
"5' 2""",1.57m,Right-Handed,Jun 20 1987,"Cairo, Egypt",312925.0,Ola Abou Zekry,441.0,2001-12-10 00:00:00,2019-09-16,EGY
,,,,,90086.0,Naoko Ishikawa,1120.0,2001-12-10 00:00:00,2001-12-10,JPN
"5' 5""",1.65m,Right-Handed,Aug 25 1985,"Bogota, Colombia",30605.0,Milena Chisaca,1120.0,2001-12-10 00:00:00,2001-12-10,COL
,,,,,210049.0,Nana Urotadze,766.0,2001-12-10 00:00:00,2005-12-05,GEO
,,,,,20654.0,Sandra Beltran,1120.0,2001-12-10 00:00:00,2001-12-10,COL
,,,,,310269.0,Marike Molchin,1102.0,2001-12-10 00:00:00,2001-12-10,GER
,,,,,310291.0,Natalia Tsitouras,1082.0,2001-12-10 00:00:00,2001-12-10,GRE
"5' 9""",1.75m,Right-Handed,May 20 1983,"Deutsch Wagram, Austria",190909.0,Patricia Starzyk,1068.0,2001-12-10 00:00:00,2001-12-10,AUT
,,,,,120358.0,Mariana Lopez Terribile,996.0,2001-12-10 00:00:00,2006-12-18,ARG
,,,,,100156.0,Mariana Junqueira,812.0,2001-12-10 00:00:00,2003-08-04,BRA
"5' 7""",1.70m,Right-Handed,Jul 25 1984,"Mojstrana, Slovenia",190848.0,Nina Suvak,1097.0,2001-12-10 00:00:00,2001-12-10,SLO
,,Right-Handed,Feb 7 1984,"Moscow, Russia",310404.0,Nadezda Samoylo,1071.0,2001-12-10 00:00:00,2006-12-18,RUS
,,,,,310322.0,Yan (sr) Zhang,1016.0,2001-12-10 00:00:00,2005-12-05,CHN
,,,,,120408.0,Vanessa Lima,1188.0,2001-12-10 00:00:00,2001-12-10,BRA
,,,,,130781.0,Patricia Miro,1188.0,2001-12-10 00:00:00,2001-12-10,ESP
,,,,,310128.0,Mariana Macia,1188.0,2001-12-10 00:00:00,2001-12-10,BRA
"5' 5""",1.65m,Right-Handed,Oct 05 1985,"Cardiff, Wales",310042.0,Rebecca Llewellyn,280.0,2001-12-10 00:00:00,2008-02-18,GBR
,,Right-Handed,Jan 02 1986,"Tbilisi, Georgia",310218.0,Salome Devidze,254.0,2001-12-10 00:00:00,2021-03-08,GEO
"5' 8""",1.73m,Right-Handed,Nov 15 1986,"Mumbai, India",310112.0,Sania Mirza,27.0,2001-12-10 00:00:00,2013-03-11,IND
"5' 2""",1.58m,Right-Handed,May 2 1984,"Barcelona, Spain",70490.0,Mireia Gol Alamo,980.0,2001-12-10 00:00:00,2001-12-10,ESP
,,,Jan 16 1980,,10229.0,Montika Anuchan,957.0,2001-12-10 00:00:00,2002-06-03,THA
"5' 7""",1.71m,Right-Handed,Mar 18 1986,"Seoul, South Korea",310475.0,So-Jung Kim,204.0,2001-12-10 00:00:00,2014-07-28,KOR
,,Right-Handed,Sep 21 1983,"Hyderabad, India",310138.0,Nischela Boda Reddy,945.0,2001-12-10 00:00:00,2002-06-03,IND
,,Right-Handed,Mar 9 1986,"Minsk, Belarus",310536.0,Natalia Yakimovich,939.0,2001-12-10 00:00:00,2002-06-03,BLR
,,Right-Handed,Jul 3 1985,"Forli, Italy",180459.0,Nancy Rustignoli,799.0,2001-12-10 00:00:00,2008-11-03,ITA
,,,,,120433.0,Nadzeja Lysak,1045.0,2001-12-10 00:00:00,2001-12-10,BLR
,,,,,60339.0,Pamela Fogel,1045.0,2001-12-10 00:00:00,2001-12-10,MEX
,,,,,260118.0,Nina Zlender,1023.0,2001-12-10 00:00:00,2001-12-10,SLO
"5' 10""",1.77m,Right-Handed,Nov 03 1986,"Pompton Lakes, NJ, USA",310427.0,Nicole Pitts,603.0,2001-12-10 00:00:00,2004-10-18,USA
"5' 8""",1.72m,Right-Handed,Jun 19 1985,"Zalaegerszeg, Hungary",310107.0,Virag Nemeth,130.0,2002-05-27 00:00:00,2010-01-25,HUN
"5' 5""",1.65m,Right-Handed,Oct 25 1986,"Kobe, Hyogo",310649.0,Ryoko Fuda,143.0,2002-06-03 00:00:00,2012-08-13,JPN
,,,,,310456.0,Sabina Mediano Alvarez,534.0,2002-06-03 00:00:00,2006-12-18,ESP
,,,Mar 11 1977,,220132.0,Mirela Vladulescu,714.0,2002-06-03 00:00:00,2003-03-24,GER
"5' 11""",1.80m,Right-Handed,Sep 27 1987,"Moscow, Russia",310717.0,Olga Puchkova,32.0,2002-06-03 00:00:00,2018-07-16,RUS
"5' 9""",1.76m,Right-Handed,Jan 16 1986,"Warsaw, Poland",310338.0,Marta Domachowska,37.0,2002-06-03 00:00:00,2014-11-03,POL
,,,Jul 25 1985,,210050.0,Tatsiana Uvarova,222.0,2002-06-03 00:00:00,2006-08-07,BLR
"5' 9""",1.75m,Right-Handed,Jan 25 1988,"Moscow, Russia",310774.0,Tatiana Golovin,12.0,2002-06-17 00:00:00,2009-01-26,FRA
,,Right-Handed,Feb 28 1983,,120368.0,Wei-Juan Liu,503.0,2002-09-30 00:00:00,2005-12-05,CHN
,,Right-Handed,Oct 31 1983,"Port-au-Prince, Haiti",50158.0,Neyssa Etienne,397.0,2002-09-30 00:00:00,2003-12-22,HAI
"5' 4""",1.62m,Right-Handed,Oct 31 1986,"Laval, Canada",310290.0,Stéphanie Dubois,87.0,2002-09-30 00:00:00,2014-12-29,CAN
"5' 11""",1.80m,Right-Handed,Oct 06 1986,"Moscow, Russia",310625.0,Vera Dushevina,31.0,2002-09-30 00:00:00,2016-10-10,RUS
,,Right-Handed,Mar 26 1985,"Zarate, Argentina",310428.0,Micaela Moran,471.0,2002-09-30 00:00:00,2005-12-05,ARG
,,,,,310846.0,Vittoria Maglio,651.0,2002-09-30 00:00:00,2003-08-25,ITA
,,Right-Handed,May 16 1984,,60313.0,Paula Fondevila Castro,303.0,2002-09-30 00:00:00,2010-07-12,ESP
,,,,,310279.0,Susanne Aigner,619.0,2002-09-30 00:00:00,2004-10-18,AUT
,,Right-Handed,Apr 14 1986,"Kruiningen, Netherlands",310867.0,Silvana Bauer,744.0,2002-09-30 00:00:00,2003-03-24,NED
,,Right-Handed,Dec 9 1983,"Budapest, Hungary",310589.0,Zsuzsanna Fodor,573.0,2002-09-30 00:00:00,2003-08-25,HUN
"5' 6""",1.68m,Right-Handed,Jan 29 1979,"Evansville, IN, USA",80296.0,Stephanie Hazlett,283.0,2002-09-30 00:00:00,2004-10-18,USA
,,Right-Handed,Dec 2 1974,,20571.0,Valentina Bonacorsi,748.0,2002-09-30 00:00:00,2003-03-24,ITA
"5' 8""",1.72m,Right-Handed,Mar 29 1986,"Jegenstorf, Switzerland",150185.0,Romina Oprandi,32.0,2002-09-30 00:00:00,2021-03-29,SUI
"5' 7""",1.70m,Right-Handed,May 04 1983,"Setúbal, Portugal",190857.0,Neuza Silva,134.0,2002-09-30 00:00:00,2011-02-21,POR
,,,,,260143.0,Yao Zhang,803.0,2002-09-30 00:00:00,2005-08-22,CHN
,,,,,310245.0,Sandra Volk,505.0,2002-09-30 00:00:00,2007-06-11,SLO
,,Right-Handed,Sep 13 1985,"Split, Croatia",310550.0,Nadja Pavic,293.0,2002-09-30 00:00:00,2007-08-13,CRO
"5' 7""",1.70m,Right-Handed,May 21 1985,"Zagreb, Croatia",310776.0,Nika Ozegovic,131.0,2002-12-30 00:00:00,2011-02-21,CRO
"5' 5""",1.65m,Right-Handed,May 04 1978,"České Budějovice, Czech Republic",210036.0,Vladimira Uhlirova,425.0,2002-12-30 00:00:00,2012-08-06,CZE
"5' 11""",1.80m,Right-Handed,Sep 13 1987,"Plovdiv, Bulgaria",311041.0,Tsvetana Pironkova,31.0,2002-12-30 00:00:00,2022-05-23,BUL
,,,,,310789.0,Michaela Bartlova,680.0,2003-01-27 00:00:00,2003-08-04,CZE
"5' 7""",1.70m,Left-Handed,Feb 23 1985,"Sopron, Hungary",311158.0,Zsuzsanna Babos,421.0,2003-01-27 00:00:00,2004-10-18,HUN
,,,,,20680.0,Verena Beller,281.0,2003-01-27 00:00:00,2004-10-18,GER
,,Right-Handed,Aug 20 1979,"Middlesbrough, England",311025.0,Sarah Borwell,199.0,2003-01-27 00:00:00,2009-07-13,GBR
"6' 0""",1.83m,Right-Handed,Mar 05 1985,"Zagreb, Croatia",310148.0,Matea Mezak,208.0,2003-03-24 00:00:00,2011-02-21,CRO
,,Right-Handed,Jun 9 1986,"Locarno, Switzerland",190892.0,Tina Schmassmann,707.0,2003-03-24 00:00:00,2004-10-18,SUI
,,Right-Handed,Sep 15 1988,"Adelaide, Australia",311260.0,Olivia Lukaszewicz,545.0,2003-03-24 00:00:00,2006-06-05,AUS
,,Right-Handed,Apr 20 1982,"Hong Kong, China",310609.0,Po-Kuen Lam,683.0,2003-03-24 00:00:00,2006-12-18,HKG
,,Right-Handed,Mar 30 1987,,310325.0,Nuria Sanchez Garcia,452.0,2003-03-24 00:00:00,2008-02-18,ESP
,,Right-Handed,Apr 30 1985,"Samut Sakhon, Thailand",200380.0,Montinee Tangphong,272.0,2003-03-24 00:00:00,2010-04-26,THA
,,,Oct 05 1984,,310225.0,Shu-Jing Yang,463.0,2003-03-24 00:00:00,2006-06-05,CHN
"5' 6""",1.68m,Right-Handed,Sep 25 1987,"Slatina, Romania",310775.0,Monica Niculescu,28.0,2003-03-24 00:00:00,2024-02-26,ROU
,,Right-Handed,Aug 4 1985,,200387.0,Shiho Tanaka,605.0,2003-03-24 00:00:00,2005-12-05,JPN
,,Right-Handed,Feb 09 1987,,310508.0,Tinatin Kavlashvili,482.0,2003-03-24 00:00:00,2016-02-22,GEO
,,Right-Handed,Jan 26 1986,"Poznań, Poland",310179.0,Olga Brozda,281.0,2003-03-24 00:00:00,2016-02-22,POL
,,,,,310321.0,Rui Du,560.0,2003-03-24 00:00:00,2004-10-18,CHN
,,Right-Handed,Aug 18 1984,"L'Aquila, Italy",190835.0,Valentina Sulpizio,345.0,2003-03-24 00:00:00,2011-12-19,ITA
"5' 6""",1.68m,Right-Handed,Jan 26 1987,"Roznov, Czech Republic",311073.0,Renata Kucerkova,405.0,2003-03-24 00:00:00,2006-12-04,CZE
"5' 10""",1.77m,Right-Handed,Mar 19 1986,"Sydney, Australia",310731.0,Sophie Ferguson,109.0,2003-03-24 00:00:00,2012-06-04,AUS
,,,,,310197.0,Michelle Snyman,538.0,2003-03-24 00:00:00,2005-12-05,RSA
"5' 3""",1.62m,Right-Handed,Oct 10 1982,"Nagoya, Japan",250082.0,Mayumi Yamamoto,289.0,2003-07-21 00:00:00,2008-02-18,JPN
"5' 9""",1.75m,Right-Handed,Jan 31 1986,"Cucq, France",160515.0,Pauline Parmentier,46.0,2003-07-21 00:00:00,2021-09-06,FRA
,,,,,310837.0,Michaela Michalkova,388.0,2003-07-21 00:00:00,2005-12-05,SVK
"5' 5""",1.67m,Right-Handed,Jul 16 1984,"Toyama City, Japan",311082.0,Tomoyo Takagishi,402.0,2003-07-21 00:00:00,2010-04-26,JPN
,,,,,310123.0,Natasa Sijakovic,787.0,2003-07-21 00:00:00,2003-08-04,SCG
"5' 6""",1.68m,Right-Handed,May 09 1986,"Changsha, China",310803.0,Meng Yuan,86.0,2003-07-21 00:00:00,2010-08-23,CHN
,,Right-Handed,May 28 1984,"London, England",310177.0,Rebecca Dandeniya,750.0,2003-07-21 00:00:00,2005-12-05,GBR
"5' 11""",1.81m,Right-Handed,Jul 01 1988,"Novosibirsk, Russia",311237.0,Yulia Fedossova,107.0,2003-07-21 00:00:00,2011-02-21,FRA
,,,,,70517.0,Stephanie Greau,523.0,2003-07-21 00:00:00,2005-08-22,FRA
"5' 9""",1.75m,Right-Handed,Nov 17 1986,"Niagara Falls, Canada",310870.0,Monika Dancevic,846.0,2003-07-21 00:00:00,2003-07-21,CAN
"5' 4""",1.63m,Right-Handed,Nov 24 1985,"Colorado Springs, CO, USA",310887.0,Nicole Leimbach,478.0,2003-07-21 00:00:00,2008-11-03,USA
,,Right-Handed,Jun 15 1984,,310158.0,Tereza Veverkova,354.0,2003-07-21 00:00:00,2005-12-05,CZE
,,Right-Handed,Dec 16 1987,"Biassono, Italy",310738.0,Verdiana Verardi,358.0,2003-07-21 00:00:00,2011-02-21,ITA
,,,Jun 10 1986,"Ubon Ratchathani, Thailand",220285.0,Thassha Vitayaviroj,449.0,2003-07-21 00:00:00,2006-12-18,THA
"5' 11""",1.80m,Right-Handed,Sep 12 1987,"Moscow, Russia",311137.0,Yaroslava Shvedova,25.0,2003-07-21 00:00:00,2022-05-02,KAZ
,,Right-Handed,Aug 1 1984,"Reims, France",310898.0,Servane Delobelle,456.0,2003-07-21 00:00:00,2005-12-05,FRA
"5' 10""",1.77m,Right-Handed,Sep 20 1987,"Makiivka, Ukraine",310816.0,Olga Savchuk,79.0,2003-07-21 00:00:00,2018-03-19,UKR
"5' 10""",1.77m,Right-Handed,Mar 15 1988,"Wroclaw, Poland",311449.0,Marta Lesniak,419.0,2003-07-21 00:00:00,2019-11-25,POL
,,Right-Handed,Feb 8 1987,"Rome, Italy",310765.0,Stefania Pesce,705.0,2003-07-21 00:00:00,2005-12-05,ITA
,,,,,90087.0,Mette Iversen,696.0,2003-07-21 00:00:00,2003-08-04,DEN
"5' 6""",1.68m,Right-Handed,Mar 21 1981,"Guaynabo, Puerto Rico",30536.0,Vilmarie Castellvi,125.0,2003-07-21 00:00:00,2008-06-23,PUR
"5' 7""",1.69m,Right-Handed,Aug 19 1988,"Odesa, Ukraine",311393.0,Viktoriya Kutuzova,76.0,2003-08-04 00:00:00,2012-08-13,UKR
"6' 0""",1.82m,Right-Handed,Jun 5 1987,"Stuttgart, Germany",310913.0,Martina Pavelec,354.0,2003-08-04 00:00:00,2008-02-18,GER
"5' 7""",1.70m,Right-Handed,Jun 08 1989,"Lausanne, Switzerland",311579.0,Timea Bacsinszky,9.0,2003-08-25 00:00:00,2021-10-11,SUI
,,,,,310073.0,Quan Gao,493.0,2003-12-22 00:00:00,2006-12-18,CHN
"5' 7""",1.70m,Right-Handed,May 01 1987,"Jerusalem, Israel",311168.0,Shahar Peer,11.0,2003-12-22 00:00:00,2016-10-10,ISR
"6' 0""",1.83m,Right-Handed,Apr 23 1989,"Nuremberg, Germany",311911.0,Nicole Vaidisova,7.0,2004-03-01 00:00:00,2016-10-10,CZE
"5' 3""",1.61m,Right-Handed,Apr 02 1986,"Jakarta, Indonesia",70501.0,Sandy Gumulya,228.0,2004-03-08 00:00:00,2011-12-19,INA
,,Right-Handed,Feb 13 1984,"Wellington, New Zealand",130626.0,Paula Marama,443.0,2004-04-12 00:00:00,2005-12-05,NZL
,,Right-Handed,Jul 19 1985,"Alameda, CA, USA",310619.0,Megan Falcon,331.0,2004-04-12 00:00:00,2011-12-19,USA
"5' 9""",1.75m,Right-Handed,May 03 1986,"Kingston, England",310620.0,Melanie South,99.0,2004-05-03 00:00:00,2014-04-14,GBR
,,,,,310284.0,Pascale Leroy,337.0,2004-05-03 00:00:00,2006-06-05,FRA
,,,,,310510.0,Sofia Melikishvili,259.0,2004-05-03 00:00:00,2008-11-03,GEO
,,,,,310335.0,Nadine Hassinger,579.0,2004-05-24 00:00:00,2004-09-27,GER
,,Right-Handed,Mar 31 1987,"Benešov, Czech Republic",310660.0,Veronika Chvojkova,250.0,2004-05-24 00:00:00,2010-04-26,CZE
"5' 8""",1.73m,Left-Handed,Oct 18 1956,"Prague, Czech Republic",140007.0,Martina Navratilova,364.0,2004-07-05 00:00:00,2005-05-23,USA
,,Right-Handed,Apr 10 1987,"Hengyang, China",310802.0,Yanchong Chen,187.0,2004-08-23 00:00:00,2010-07-05,CHN
"5' 5""",1.64m,Right-Handed,Oct 26 1985,"Tsu, Japan",310465.0,Moe Kawatoko,641.0,2004-09-06 00:00:00,2010-07-05,JPN
"6' 0""",1.82m,Right-Handed,Aug 23 1988,"Pinsk, Belarus",311243.0,Olga Govortsova,35.0,2004-09-06 00:00:00,2022-10-31,BLR
,,,,,311446.0,Zuzana Zalabska,418.0,2004-09-06 00:00:00,2016-02-22,CZE
"5' 4""",1.63m,Right-Handed,Feb 9 1988,"Laguna Beach, CA, USA",311346.0,Sarah Fansler,452.0,2004-09-06 00:00:00,2006-12-18,USA
,,Right-Handed,Jul 11 1985,"Odessa, Ukraine",310818.0,Oksana Uzhylovska,428.0,2004-09-06 00:00:00,2009-05-18,UKR
"5' 9""",1.75m,Left-Handed,May 04 1988,"Bucharest, Romania",312268.0,Mihaela Buzarnescu,20.0,2004-09-06 00:00:00,2025-08-18,ROU
"5' 5""",1.65m,Right-Handed,Sep 21 1987,"Jakarta, Indonesia",130774.0,Septi Mende,631.0,2004-09-06 00:00:00,2005-12-05,INA
,,Right-Handed,Feb 23 1983,,30537.0,Melanie Cohen,548.0,2004-09-06 00:00:00,2005-12-05,FRA
"5' 8""",1.73m,Right-Handed,May 9 1986,"Seoul, South Korea",311652.0,Soo Mi Yoo,565.0,2004-09-06 00:00:00,2005-12-05,KOR
"5' 10""",1.78m,Right-Handed,Jul 18 1988,"Split, Croatia",312164.0,Sanja Ancic,159.0,2004-09-06 00:00:00,2008-01-14,CRO
"5' 9""",1.75m,Right-Handed,Dec 02 1986,"Lviv, Ukraine",310810.0,Veronika Kapshay,227.0,2004-09-06 00:00:00,2018-03-19,UKR
,,Right-Handed,Aug 03 1987,"Volgograd, Russia",311600.0,Marina Shamayko,317.0,2004-09-06 00:00:00,2016-02-22,RUS
,,,,,311255.0,Soon-Mi Seo,649.0,2004-09-06 00:00:00,2010-01-25,KOR
"5' 7""",1.70m,Left-Handed,Jan 21 1987,"Beijing, China",310798.0,Sheng-Nan Sun,216.0,2004-09-06 00:00:00,2014-04-14,CHN
,,,,,311514.0,Tania Rice,662.0,2004-09-06 00:00:00,2005-12-05,CAN
,,Right-Handed,Apr 30 1985,"Yalta, Russia",120428.0,Veronika Litvinskaya,614.0,2004-09-06 00:00:00,2005-12-05,UKR
,,Right-Handed,Jun 29 1984,"Kagoshima, Japan",80457.0,Natsumi Hamamura,203.0,2004-09-06 00:00:00,2012-08-06,JPN
"5' 10""",1.78m,Right-Handed,Sep 21 1985,"Springfield, MA, USA",310783.0,Stacia Fonseca,505.0,2004-09-06 00:00:00,2008-11-03,USA
"5' 4""",1.63m,Right-Handed,Dec 18 1988,"Winchester, MA, USA",311965.0,Mary Gambale,226.0,2004-09-06 00:00:00,2009-08-24,USA
,,Right-Handed,Jul 17 1981,,30434.0,Valentina Castro,437.0,2004-09-06 00:00:00,2005-12-05,CHI
"5' 9""",1.77m,Right-Handed,Jan 09 1989,"Delft, Netherlands",311578.0,Michaella Krajicek,30.0,2004-09-06 00:00:00,2025-03-03,NED
"5' 11""",1.80m,Left-Handed,Jun 07 1988,"Moscow, Russia",311604.0,Ekaterina Makarova,8.0,2004-09-06 00:00:00,2019-11-25,RUS
"5' 2""",1.57m,Right-Handed,Sep 13 1985,"Melitopol, Ukraine",311221.0,Oxana Lyubtsova,150.0,2004-09-06 00:00:00,2012-08-06,UKR
"5' 7""",1.70m,Left-Handed,Mar 18 1988,"Pessac, France",310884.0,Violette Huck,213.0,2004-09-06 00:00:00,2010-07-12,FRA
,,Left-Handed,Sep 3 1985,"Valencia, Spain",311685.0,Matilde Munoz Gonzalves,272.0,2004-09-06 00:00:00,2008-11-03,ESP
,,Right-Handed,Jan 07 1987,"Krasnodar, Russia",311182.0,Olga Panova,274.0,2004-09-06 00:00:00,2008-02-25,RUS
,,Right-Handed,Jul 30 1987,"Mannheim, Germany",311038.0,Tatjana Priachin,311.0,2004-09-13 00:00:00,2008-11-10,GER
,,Right-Handed,Jan 21 1987,"Jesenice, Slovenia",312124.0,Masa Zec-Peskiric,93.0,2004-09-13 00:00:00,2014-11-03,SLO
,,Right-Handed,May 09 1986,"Seoul, South Korea",311990.0,Mi Yoo,308.0,2004-09-27 00:00:00,2015-07-20,KOR
,,Left-Handed,Feb 07 1989,"Shenyang, China",311941.0,Yi-Jing Zhao,244.0,2004-09-27 00:00:00,2014-04-07,CHN
,,,,,311704.0,Suhaila Jad Gomez,730.0,2004-09-27 00:00:00,2005-12-05,ESP
,,Right-Handed,Apr 23 1986,"Curepipe, Mauritius",311392.0,Marinne Giraud,233.0,2004-09-27 00:00:00,2010-07-05,MRI
,,Right-Handed,Mar 4 1986,"Sucy en Brie, France",311212.0,Virginie Ayassamy,578.0,2004-09-27 00:00:00,2012-08-06,FRA
,,,,,311141.0,Sofia Avakova,737.0,2004-09-27 00:00:00,2005-12-05,RUS
"5' 7""",1.70m,Right-Handed,Mar 10 1990,"Leuggern, Switzerland",312336.0,Stefanie Voegele,42.0,2004-09-27 00:00:00,2025-08-18,SUI
"5' 7""",1.70m,Right-Handed,May 02 1983,,310066.0,Story Tweedie-Yates,316.0,2004-09-27 00:00:00,2011-02-21,USA
,,,,,110543.0,Nikoleta Kipritidou,700.0,2004-09-27 00:00:00,2004-10-18,GRE
,,Left-Handed,Feb 06 1986,"Moscow, Russia",311242.0,Vasilisa Davydova,519.0,2004-09-27 00:00:00,2008-11-03,RUS
,,Right-Handed,Nov 12 1986,"Taipei, Taiwan",310624.0,Yi Chen,377.0,2004-09-27 00:00:00,2012-08-06,TPE
,,Left-Handed,Mar 07 1988,"New Delhi, India",311277.0,Sanaa Bhambri,435.0,2004-09-27 00:00:00,2010-07-12,IND
,,Right-Handed,Apr 20 1982,"Weinfelden, Switzerland",310248.0,Vanessa Wellauer,571.0,2004-09-27 00:00:00,2006-12-18,SUI
"5' 7""",1.69m,Right-Handed,Nov 19 1987,"Elche, Spain",311493.0,Sílvia Soler-Espinosa,54.0,2004-09-27 00:00:00,2019-11-25,ESP
"5' 8""",1.73m,Right-Handed,Mar 03 1989,"Bucharest, Romania",311766.0,Raluca Olaru,53.0,2004-09-27 00:00:00,2014-11-03,ROU
,,,,,312229.0,Sabrina Mendez-Dominguez,640.0,2004-09-27 00:00:00,2006-12-18,ESP
,,,,,311929.0,Mitsuko Ise,785.0,2004-09-27 00:00:00,2008-11-03,JPN
"5' 4""",1.63m,Right-Handed,Feb 03 1989,"Monterey Park, CA, USA",311550.0,Vania King,50.0,2004-09-27 00:00:00,2019-09-16,USA
,,Right-Handed,Sep 26 1987,"Stuttgart, Germany",312405.0,Tanja Ostertag,287.0,2004-09-27 00:00:00,2011-12-19,GER
,,Right-Handed,Aug 11 1986,,310993.0,Whitney Jones,584.0,2004-09-27 00:00:00,2012-08-06,USA
,,Right-Handed,Mar 27 1986,"Ingolstadt, Germany",311623.0,Stefanie De Laet,779.0,2004-09-27 00:00:00,2004-10-18,BEL
,,,,,80444.0,Melanie Hafner,756.0,2004-09-27 00:00:00,2005-12-05,GER
"5' 6""",1.68m,Right-Handed,Feb 16 1989,"Beijing, China",311942.0,Wan-Ting Liu,310.0,2004-09-27 00:00:00,2013-10-07,CHN
,,,,,311202.0,Rita Vukov,695.0,2004-09-27 00:00:00,2005-12-05,GER
,,,,,311431.0,Patricia Holzman,629.0,2004-09-27 00:00:00,2006-12-18,ARG
,,Right-Handed,Feb 15 1988,"Beirut, Lebanon",311660.0,Mariana Muci Torres,520.0,2004-09-27 00:00:00,2008-11-03,VEN
,,Right-Handed,Jun 13 1988,"Taipei, Taiwan",312013.0,Wen-Hsin Hsu,221.0,2004-09-27 00:00:00,2014-11-03,TPE
,,Right-Handed,Nov 19 1987,,311696.0,Natalia Kolat,370.0,2004-09-27 00:00:00,2013-10-07,POL
,,Right-Handed,Apr 14 1987,"Segovia, Spain",310964.0,Sara Del Barrio Aragon,309.0,2004-09-27 00:00:00,2010-04-26,ESP
,,Right-Handed,Mar 27 1988,"Tbilisi, Georgia",311138.0,Tatia Mikadze,281.0,2004-09-27 00:00:00,2012-08-13,GEO
,,Right-Handed,Oct 15 1987,"Subotica, Serbia",312176.0,Miljana Adanko,485.0,2004-09-27 00:00:00,2008-02-18,SRB
"5' 6""",1.68m,Right-Handed,Sep 24 1979,"Miami Beach, FL, USA",311656.0,Tamara Encina,668.0,2004-10-18 00:00:00,2006-06-05,USA
,,,,,311215.0,Natalie Tanevska,837.0,2004-10-18 00:00:00,2004-10-18,AUS
"5' 6""",1.67m,Right-Handed,Feb 27 1987,"Sukhothai, Thailand",311282.0,Nudnida Luangnam,195.0,2004-10-18 00:00:00,2022-05-02,THA
,,,,,310514.0,Tara Wigan,818.0,2004-10-18 00:00:00,2008-11-03,GBR
,,Right-Handed,Mar 06 1988,"Stockholm, Sweden",311482.0,Michaela Johansson,305.0,2004-10-18 00:00:00,2010-07-05,SWE
,,,,,310729.0,Meta Sevsek,880.0,2004-10-18 00:00:00,2005-12-05,SLO
,,Right-Handed,Jun 11 1986,"Miami, FL, USA",311528.0,Tiya Rolle,640.0,2004-10-18 00:00:00,2008-11-03,USA
,,Right-Handed,Oct 14 1988,"Bogotá, Colombia",311315.0,Viky Nunez Fuentes,503.0,2004-10-18 00:00:00,2010-01-25,COL
,,Right-Handed,Mar 13 1986,"Weinheim, Germany",311445.0,Sabrina Wist,894.0,2004-10-18 00:00:00,2005-12-05,GER
,,Right-Handed,Sep 14 1987,"Gangwon-do, South Korea",312276.0,Ye-Ra Lee,185.0,2004-10-18 00:00:00,2016-02-29,KOR
"5' 9""",1.75m,Right-Handed,Jul 10 1986,"Belgrade, Serbia",312143.0,Vanja Corovic,536.0,2004-10-18 00:00:00,2006-06-05,SRB
,,Right-Handed,Apr 28 1986,"Rijeka, Croatia",310823.0,Timna Ticic,690.0,2004-10-18 00:00:00,2006-12-18,CRO
,,Right-Handed,Jun 14 1988,"Opava, Czech Republic",310914.0,Michaela Vogel,863.0,2004-10-18 00:00:00,2005-12-05,GER
,,Right-Handed,Jun 7 1985,"Gold Coast, Australia",110593.0,Natasha Kersten,539.0,2004-10-18 00:00:00,2006-11-13,AUS
"5' 5""",1.65m,Right-Handed,Jan 19 1986,"Wilmington, DE, USA",310469.0,Sarah Raab,410.0,2004-10-18 00:00:00,2006-12-18,GER
,,,Mar 25 1987,,310984.0,Shanshan Song,278.0,2004-10-18 00:00:00,2008-11-03,CHN
,,,,,310799.0,Wen-Hao Wu,552.0,2004-10-18 00:00:00,2006-12-18,CHN
"5' 7""",1.69m,Right-Handed,Nov 30 1987,"Moscow, Russia",311601.0,Vasilisa Bardina,48.0,2004-10-18 00:00:00,2012-08-13,RUS
"5' 9""",1.75m,Right-Handed,Aug 09 1988,"Wetzikon, Switzerland",311560.0,Stefania Boffa,307.0,2004-10-18 00:00:00,2010-04-26,SUI
"5' 9""",1.75m,Right-Handed,Mar 31 1987,"Subotica, Serbia",311217.0,Vojislava Lukic,203.0,2004-10-18 00:00:00,2016-02-29,SRB
"5' 5""",1.66m,Right-Handed,Dec 25 1986,"Tokyo, Japan",311404.0,Yurika Sema,142.0,2004-10-18 00:00:00,2016-02-22,JPN
,,,,,311120.0,Marielle Weihs,770.0,2004-10-18 00:00:00,2005-12-05,AUT
"5' 7""",1.70m,Right-Handed,Mar 03 1988,"Belgrade, Serbia",311194.0,Teodora Mircic,249.0,2004-10-18 00:00:00,2014-11-03,SRB
,,Right-Handed,Apr 14 1987,"Petchaburi, Thailand",310627.0,Pichittra Thongdach,676.0,2004-10-18 00:00:00,2006-12-18,THA
,,,,,311586.0,Yukiko Yabe,569.0,2004-10-18 00:00:00,2006-12-18,JPN
,,Right-Handed,Jun 19 1987,"Montreal, Canada",310892.0,Melanie Gloria,287.0,2004-11-08 00:00:00,2011-02-21,CAN
,,Right-Handed,Feb 07 1988,"Brno, Czech Republic",311565.0,Nikola Frankova,249.0,2005-01-31 00:00:00,2013-10-07,CZE
,,Right-Handed,Apr 15 1989,"Tanawha, Australia",312727.0,Shayna Mcdowell,461.0,2005-03-21 00:00:00,2011-05-02,AUS
"5' 9""",1.74m,Right-Handed,Mar 06 1988,"Split, Croatia",312086.0,Marina Erakovic,39.0,2005-03-21 00:00:00,2018-07-30,NZL
,,Right-Handed,Jan 06 1985,,310967.0,Samia Medjahdi,370.0,2005-07-04 00:00:00,2008-11-03,ALG
,,Left-Handed,Jun 25 1987,"Hyderabad, India",311147.0,Punam Reddy,475.0,2005-07-04 00:00:00,2006-12-18,IND
,,Right-Handed,Sep 9 1982,"Manhattan Beach, CA, USA",312502.0,Tiffany Eklov,329.0,2005-07-04 00:00:00,2006-12-18,USA
,,Right-Handed,Apr 21 1986,"Ljubljana, Slovenia",311764.0,Tina Bohoric,494.0,2005-08-22 00:00:00,2008-11-03,SLO
,,Right-Handed,May 25 1984,"La Seyne sur Mer, France",310604.0,Nadege Vergos,456.0,2005-08-22 00:00:00,2008-11-03,FRA
,,,,,312391.0,Marina Cossou,751.0,2005-08-22 00:00:00,2006-12-18,FRA
,,,,,312343.0,Radana Holusova,436.0,2005-08-22 00:00:00,2008-11-03,CZE
,,Right-Handed,Jul 8 1988,"Hyderabad, India",311618.0,Tara Iyer,350.0,2005-08-22 00:00:00,2008-06-23,IND
5' 11,1.81m,Right-Handed,Aug 23 1987,"Massa, Italy",311774.0,Susanna Mussi,676.0,2005-08-22 00:00:00,2006-12-18,ITA
,,Right-Handed,Feb 25 1986,"Toronto, Canada",312191.0,Sarah Coles,345.0,2005-08-22 00:00:00,2007-06-18,GBR
,,,,,311702.0,Shana Claes,828.0,2005-08-22 00:00:00,2006-12-18,BEL
,,Right-Handed,Feb 20 1985,"Algarve, Portugal",310900.0,Sanne Van Den Biggelaar,805.0,2005-08-22 00:00:00,2005-12-05,NED
,,Right-Handed,Aug 19 1988,"Singapore, Singapore",312085.0,Shona Lee,598.0,2005-08-22 00:00:00,2008-11-03,NZL
,,Right-Handed,Jul 31 1989,"Norrkoping, Sweden",312218.0,Sousan Massi,773.0,2005-08-22 00:00:00,2006-12-18,SWE
,,Right-Handed,Nov 12 1983,"Trstenik, Serbia",190880.0,Sladana Stankovic,727.0,2005-08-22 00:00:00,2006-12-18,SRB
,,Right-Handed,Apr 12 1984,"New York City, NY, USA",310807.0,Shilpa Joshi,602.0,2005-08-22 00:00:00,2007-03-12,USA
,,Right-Handed,Jun 7 1984,"York, England",310176.0,Rebecca Fong,561.0,2005-08-22 00:00:00,2006-12-18,GBR
,,Right-Handed,Dec 11 1987,"Dublin, Ireland",311958.0,Rachael Dillon,683.0,2005-08-22 00:00:00,2006-12-18,IRL
"5' 7""",1.70m,Right-Handed,May 08 1986,"Istanbul, Turkey",310047.0,Pemra Ozgen,182.0,2005-08-22 00:00:00,2025-08-18,TUR
,,,,,311761.0,Tamara Bunic,668.0,2005-08-22 00:00:00,2005-12-05,CRO
"5' 8""",1.72m,Left-Handed,May 30 1990,"Jinzhou, China",312636.0,Xinyun Han,105.0,2005-08-22 00:00:00,2023-08-21,CHN
"5' 3""",1.60m,Right-Handed,Jun 3 1989,"Saitama City, Japan",312179.0,Maya Kato,484.0,2005-08-22 00:00:00,2011-12-19,JPN
"5' 7""",1.70m,Left-Handed,Jul 25 1989,"São Paulo, Brazil",312456.0,Roxane Vaisemberg,241.0,2005-08-22 00:00:00,2013-10-07,BRA
,,Right-Handed,Oct 11 1987,,312417.0,Tatiana Kotelnikova,479.0,2005-08-22 00:00:00,2014-01-20,RUS
,,,,,110604.0,Yuko Kurata,1013.0,2005-08-22 00:00:00,2006-12-18,JPN
,,,,,311076.0,Pavlina Glosova,1019.0,2005-08-22 00:00:00,2006-12-04,CZE
,,,,,90045.0,Sabath Ibrahim,1034.0,2005-08-22 00:00:00,2005-12-05,NGR
,,,,,311755.0,Nelly Maillard,1047.0,2005-08-22 00:00:00,2005-08-22,FRA
,,,Jul 18 1988,,312335.0,Martina Lautenschlager,1043.0,2005-08-22 00:00:00,2005-08-22,SUI
"5' 7""",1.69m,Right-Handed,Nov 08 1986,"Rum, Austria",311044.0,Patricia Mayr-Achleitner,70.0,2005-08-22 00:00:00,2015-12-07,AUT
"5' 7""",1.70m,Right-Handed,Aug 12 1987,"Brasilia, Brazil",310755.0,Stephanie Dalmacio,1040.0,2005-08-22 00:00:00,2005-12-05,BRA
,,,,,312745.0,Mateja Horvat,840.0,2005-08-22 00:00:00,2006-12-18,CRO
"5' 8""",1.72m,Right-Handed,Feb 18 1988,"Rapotin, Czech Republic",312938.0,Martina Ondrackova,1035.0,2005-08-22 00:00:00,2006-12-18,CZE
,,,,,311984.0,Suzana Dos Anjos,986.0,2005-08-22 00:00:00,2005-12-05,BRA
,,,,,312293.0,Vera Leontieva,928.0,2005-08-22 00:00:00,2006-12-04,RUS
"5' 9""",1.75m,Right-Handed,Jul 7 1989,"Lake Worth, FL, USA",312667.0,Nina Pantic,531.0,2005-08-22 00:00:00,2008-01-14,USA
,,,,,311189.0,Verena Amesbauer,992.0,2005-08-22 00:00:00,2005-08-22,AUT
,,Right-Handed,Apr 28 1988,"Santiago, Chile",312574.0,Melisa Miranda Otarola,432.0,2005-08-22 00:00:00,2009-08-24,CHI
"5' 6""",1.68m,Right-Handed,Jul 20 1988,"Águas Belas, Brazil",311647.0,Teliana Pereira,43.0,2005-08-22 00:00:00,2022-05-02,BRA
"5' 3""",1.62m,Right-Handed,Feb 10 1986,"Los Angeles, CA, U.S.",310667.0,Riza Zalameda,639.0,2005-08-22 00:00:00,2011-02-21,USA
,,,,,311169.0,Talitha De Groot,1009.0,2005-08-22 00:00:00,2006-12-18,NED
,,Right-Handed,Jan 12 1989,"Tbilisi, Georgia",312623.0,Sofia Shapatava,190.0,2005-08-22 00:00:00,2025-08-18,GEO
,,Right-Handed,Jun 22 1974,"Mission Viejo, CA, USA",20407.0,Page Bartelt,963.0,2005-08-22 00:00:00,2005-12-05,USA
,,Right-Handed,Nov 23 1987,,312519.0,Yana Levchenko,760.0,2005-08-22 00:00:00,2006-12-18,UKR
,,Right-Handed,Apr 13 1987,"Manheim, Germany",312111.0,Vanessa Pinto,880.0,2005-08-22 00:00:00,2005-12-05,GER
,,,,,311783.0,Minori Takemoto,1011.0,2005-08-22 00:00:00,2008-11-03,JPN
,,,,,311799.0,Yuko Uchida,1092.0,2005-08-22 00:00:00,2005-12-05,JPN
,,Right-Handed,Feb 13 1980,,30406.0,Raluca Ciulei,849.0,2005-08-22 00:00:00,2006-12-18,ROU
,,Right-Handed,Jan 5 1989,"Sienna, Italy",312101.0,Martina Caciotti,634.0,2005-08-22 00:00:00,2012-08-06,ITA
,,Right-Handed,Mar 25 1989,"Tolyatti, Russia",312414.0,Natalia Orlova,224.0,2005-08-22 00:00:00,2021-03-29,RUS
,,Right-Handed,Jun 12 1988,"Bradenton, FL, USA",311391.0,Yvette Hyndman,1088.0,2005-08-22 00:00:00,2005-12-05,USA
,,,,,311931.0,Sayaka Umeda,966.0,2005-08-22 00:00:00,2006-12-18,JPN
,,Right-Handed,Sep 9 1985,"Gifu, Japan",312793.0,Yuka Kuroda,438.0,2005-08-22 00:00:00,2009-03-30,JPN
,,Right-Handed,Apr 24 1989,"Ljubljana, Slovenia",312332.0,Taja Mohorcic,1108.0,2005-08-22 00:00:00,2005-12-05,SLO
,,,,,311790.0,Shweta Kakhandki Gadigeppa,1107.0,2005-08-22 00:00:00,2005-08-22,IND
,,,,,311106.0,Natalia Pervitskaya,1088.0,2005-08-22 00:00:00,2005-08-22,RUS
"5' 7""",1.70m,Right-Handed,Jan 21 1988,"Saint-Jean-sur-Richelieu, Canada",311513.0,Valerie Tetreault,112.0,2005-08-22 00:00:00,2011-09-05,CAN
,,Right-Handed,Feb 18 1988,"Rome, Italy",311176.0,Stella Menna,336.0,2005-08-22 00:00:00,2008-02-25,ITA
,,,,,311615.0,Varanya Vijuksanaboon,817.0,2005-08-22 00:00:00,2006-12-18,THA
,,,,,311968.0,Prim Buaklee,1060.0,2005-08-22 00:00:00,2005-08-22,THA
,,Right-Handed,Aug 11 1986,"Great Falls, VA, USA",310923.0,Tarakaa Bertrand,662.0,2005-08-22 00:00:00,2009-08-24,USA
,,Right-Handed,Jul 10 1987,"Santa Fe, Argentina",312022.0,Teresa Oberti,1065.0,2005-08-22 00:00:00,2005-08-22,ARG
,,Right-Handed,Nov 21 1985,"Belgrade, Serbia",311727.0,Neda Kozic,399.0,2005-08-22 00:00:00,2009-05-25,SRB
,,,,,312557.0,Natalia Rakhmanina,1081.0,2005-08-22 00:00:00,2005-08-22,RUS
,,Right-Handed,Sep 9 1983,"Tokyo, Japan",312595.0,Mitsumi Kawasaki,883.0,2005-08-22 00:00:00,2018-03-19,JPN
,,,,,311666.0,Nadja Kusterer,884.0,2005-08-22 00:00:00,2005-12-05,GER
,,,,,311728.0,Vittoria Perugini,892.0,2005-08-22 00:00:00,2005-12-05,ITA
,,,,,311759.0,Zita Horanyi,893.0,2005-08-22 00:00:00,2005-12-05,HUN
"5' 5""",1.65m,Right-Handed,Jan 03 1989,"São Carlos, Brazil",312455.0,Vivian Segnini,275.0,2005-08-22 00:00:00,2013-03-11,BRA
"5' 8""",1.72m,Right-Handed,Jul 09 1984,"Helsinki, Finland",310239.0,Piia Suomalainen,356.0,2005-08-22 00:00:00,2018-03-19,FIN
,,Right-Handed,Oct 20 1986,"Florianopolis, Brazil",311637.0,Nicole Buitoni,895.0,2005-08-22 00:00:00,2006-12-18,BRA
"5' 7""",1.70m,Left-Handed,Nov 26 1987,"Amarillo, TX, USA",311549.0,Nina Munch-Soegaard,539.0,2005-08-22 00:00:00,2006-12-18,NOR
,,Right-Handed,Apr 18 1986,"Granada, Spain",311494.0,Teresa Ferrer,783.0,2005-08-22 00:00:00,2006-12-18,ESP
,,Right-Handed,Oct 3 1986,"New Delhi, India",311023.0,Parul Goswami,652.0,2005-08-22 00:00:00,2008-11-03,IND
,,,,,70503.0,Varvara Timofeeva,260.0,2005-08-22 00:00:00,2010-07-12,RUS
,,,,,311211.0,Marie-Perine Baudouin,535.0,2005-08-22 00:00:00,2008-11-03,FRA
,,,,,313125.0,Saskia Monien,960.0,2005-08-22 00:00:00,2005-12-05,GER
,,Right-Handed,Mar 19 1986,"Tychy, Poland",311480.0,Sylwia Niedbalo,916.0,2005-08-22 00:00:00,2006-12-04,POL
,,Right-Handed,Mar 07 1987,"Barcelona, Spain",311778.0,Rebeca Bou Nogueiro,327.0,2005-08-22 00:00:00,2010-07-12,ESP
"5' 5""",1.65m,,Oct 31 1986,,311831.0,Yumi Miyazaki,518.0,2005-08-22 00:00:00,2014-11-03,JPN
,,,,,311977.0,Shanshan Li,933.0,2005-08-22 00:00:00,2006-12-18,CHN
,,,,,311856.0,Martina Bartosova,933.0,2005-08-22 00:00:00,2005-12-05,SVK
,,Right-Handed,May 12 1987,"Brighton, England",312278.0,Natasha Khan,393.0,2005-08-22 00:00:00,2009-08-24,GBR
"5' 5""",1.65m,Right-Handed,Dec 06 1990,"Dornbirn, Austria",313035.0,Tamira Paszek,26.0,2005-10-31 00:00:00,2025-08-18,AUT
"5' 7""",1.71m,Left-Handed,Jun 24 1987,"Tandil, Argentina",313138.0,María Irigoyen,147.0,2005-11-28 00:00:00,2016-10-10,ARG
"5' 9""",1.75m,Right-Handed,Jan 01 1990,"Jojutla, Mexico",312987.0,Valeria Pulido Velasco,422.0,2005-11-28 00:00:00,2008-11-10,MEX
"5' 5""",1.65m,Right-Handed,Oct 03 1986,"Gold Coast, Australia",311214.0,Shannon Golds,203.0,2005-11-28 00:00:00,2011-12-19,AUS
"5' 9""",1.74m,Right-Handed,Nov 08 1990,"Auckland, New Zealand",313617.0,Sacha Jones,150.0,2005-11-28 00:00:00,2014-06-30,AUS
,,Right-Handed,Jun 24 1987,"Olomouc, Czech Republic",312148.0,Simona Dobra,515.0,2005-11-28 00:00:00,2012-08-06,CZE
"6' 0""",1.83m,Right-Handed,Jan 30 1989,"Almaty, Kazakhstan",311436.0,Regina Kulikova,65.0,2005-11-28 00:00:00,2013-09-09,RUS
"5' 9""",1.76m,Right-Handed,Jun 05 1988,"Delft, Netherlands",313351.0,Nicole Thyssen,219.0,2005-11-28 00:00:00,2010-07-05,NED
,,,,,313489.0,Sarah Aulombard,933.0,2005-12-05 00:00:00,2006-12-04,FRA
,,Right-Handed,Sep 18 1988,"Basse Terre, Guadeloupe, France",313014.0,Natalie Piquion,177.0,2005-12-05 00:00:00,2012-10-29,FRA
"5' 7""",1.71m,Right-Handed,Apr 21 1989,"Sassenheim, Netherlands",313348.0,Marlot Meddens,293.0,2005-12-05 00:00:00,2010-07-12,NED
,,Right-Handed,Jan 14 1989,"Ettelbruck, Luxembourg",312958.0,Noemie Scharle,546.0,2005-12-05 00:00:00,2008-02-18,FRA
,,Right-Handed,Aug 30 1988,"Chennai, India",311554.0,Sandhya Nagaraj,511.0,2005-12-05 00:00:00,2008-11-03,IND
"5' 10""",1.78m,Right-Handed,May 04 1988,"Reno, NV, USA",311191.0,Yasmin Schnack,371.0,2005-12-05 00:00:00,2013-10-07,USA
,,,,,312408.0,Miriam Steinhilber,1019.0,2005-12-05 00:00:00,2006-12-18,GER
,,,,,312008.0,Victoria Valls-Comamala,1036.0,2005-12-05 00:00:00,2006-12-18,ESP
"5' 9""",1.75m,Right-Handed,Nov 09 1988,"Minsk, Belarus",312002.0,Tatsiana Kapshai,762.0,2005-12-05 00:00:00,2006-12-18,BLR
,,Right-Handed,Jul 27 1988,"Stockholm, Sweden",311481.0,Nadja Roma,399.0,2005-12-05 00:00:00,2008-11-03,SWE
,,,,,313244.0,Natasha Karolyi,994.0,2005-12-05 00:00:00,2005-12-05,AUT
,,Right-Handed,Feb 09 1987,"Celje, Slovenia",311758.0,Polona Rebersak,511.0,2005-12-05 00:00:00,2016-02-22,SLO
,,,,,311373.0,Stamatia Fafaliou,570.0,2005-12-05 00:00:00,2016-02-22,GRE
"5' 4""",1.63m,Right-Handed,Dec 03 1990,"Toronto, Canada",313283.0,Sharon Fichman,77.0,2005-12-05 00:00:00,2016-10-10,CAN
"5' 7""",1.70m,Left-Handed,Apr 24 1989,"Sidcup, England",313111.0,Naomi Cavaday,174.0,2005-12-05 00:00:00,2016-02-22,GBR
,,Right-Handed,Sep 25 1988,"Groningen, Netherlands",311750.0,Marrit Boonstra,569.0,2005-12-05 00:00:00,2006-12-18,NED
"5' 6""",1.67m,Right-Handed,Nov 04 1985,"Kodaira, Japan",311963.0,Miki Miyamura,310.0,2005-12-05 00:00:00,2017-04-10,JPN
"5' 5""",1.65m,Right-Handed,Aug 08 1988,"Tianjin, China",312280.0,Yifan Xu,148.0,2005-12-05 00:00:00,2017-10-16,CHN
"5' 6""",1.68m,Right-Handed,Nov 23 1985,"Vlaardingen, Netherlands",310434.0,Pauline Wong,323.0,2005-12-05 00:00:00,2009-08-24,NED
,,Right-Handed,Apr 8 1988,"Miami, FL, USA",313697.0,Melissa Saiontz,835.0,2005-12-05 00:00:00,2006-12-18,USA
"5' 3""",1.60m,Right-Handed,Jun 12 1989,"Xalapa, Mexico",313039.0,Nazari Urbina,673.0,2005-12-05 00:00:00,2016-02-22,MEX
,,,,,311210.0,Mika Kawamura,1291.0,2005-12-05 00:00:00,2005-12-05,JPN
,,,,,313098.0,Patricia Lopez-Illan,1289.0,2005-12-05 00:00:00,2005-12-05,ESP
,,,,,312803.0,Martina Fratini,1289.0,2005-12-05 00:00:00,2006-12-18,ITA
,,Right-Handed,Apr 07 1948,"Coronado, CA, U.S.",312174.0,Shannon Robinson,1287.0,2005-12-05 00:00:00,2005-12-05,USA
,,,,,312832.0,Ting Ting Lu,880.0,2005-12-05 00:00:00,2006-12-18,CHN
,,Right-Handed,Oct 10 1989,"Haifa, ISrael",312888.0,Nadine Fahoum,1107.0,2005-12-05 00:00:00,2006-12-18,ISR
,,,,,313188.0,Mi-Hee Jung,1310.0,2005-12-05 00:00:00,2005-12-05,KOR
,,,,,313592.0,Miyoko Takahashi,1310.0,2005-12-05 00:00:00,2005-12-05,JPN
,,,,,313499.0,Shitong Shao,897.0,2005-12-05 00:00:00,2008-11-03,CHN
,,,,,313614.0,Nicole Bouffler,1308.0,2005-12-05 00:00:00,2005-12-05,AUS
"5' 8""",1.72m,Right-Handed,Jul 5 1990,"Hanoi, Vietnam",313145.0,Viet-Ha Ngo,976.0,2005-12-05 00:00:00,2008-11-03,VIE
,,,,,311273.0,Sheila Solsona Carcasona,672.0,2005-12-05 00:00:00,2011-12-19,ESP
,,,,,312765.0,Renee Lampret,1271.0,2005-12-05 00:00:00,2006-12-04,AUS
,,,,,311979.0,Nan Dong,868.0,2005-12-05 00:00:00,2006-12-18,CHN
,,,,,311127.0,Zuzana Valicekova,1242.0,2005-12-05 00:00:00,2005-12-05,SVK
,,Right-Handed,Feb 28 1987,"Erlauftal, Austria",311186.0,Marlena Metzinger,1008.0,2005-12-05 00:00:00,2006-12-18,AUT
,,Right-Handed,Aug 28 1987,"Orsk, Russia",311857.0,Olesya Nazarova,1227.0,2005-12-05 00:00:00,2005-12-05,RUS
"5' 9""",1.75m,Right-Handed,Mar 29 1988,"Delray Beach, FL, USA",313410.0,Marlene Ryan,1271.0,2005-12-05 00:00:00,2006-12-18,USA
"5' 6""",1.68m,Right-Handed,May 9 1989,"Sydney, Australia",313619.0,Stephanie Jeanes,1271.0,2005-12-05 00:00:00,2005-12-05,AUS
,,,,,312180.0,Naoko Eto,1070.0,2005-12-05 00:00:00,2025-08-18,JPN
,,,,,160455.0,Nathalia Papadopoulou,1264.0,2005-12-05 00:00:00,2005-12-05,SWE
,,Right-Handed,Jul 18 1988,"Chivilcoy, Argentina",313175.0,Martina Andornino,1310.0,2005-12-05 00:00:00,2005-12-05,ARG
,,,,,311154.0,Roberta Martellini,1371.0,2005-12-05 00:00:00,2005-12-05,ITA
"5' 9""",1.75m,Right-Handed,Dec 11 1986,"New Orleans, LA, USA",310759.0,Melissa Mang,1371.0,2005-12-05 00:00:00,2005-12-05,USA
,,,,,312133.0,Olga Khrapkova,1371.0,2005-12-05 00:00:00,2005-12-05,RUS
,,,,,311940.0,Si-Si Qiu,735.0,2005-12-05 00:00:00,2010-01-25,CHN
"5' 6""",1.68m,Right-Handed,Jan 14 1990,"Vancouver, Canada",313482.0,Stefi Gjine,996.0,2005-12-05 00:00:00,2006-12-18,CAN
,,,,,311502.0,Moe Tsubuku,1359.0,2005-12-05 00:00:00,2005-12-05,JPN
,,,,,312202.0,Nicola Mooney,990.0,2005-12-05 00:00:00,2008-11-03,GBR
,,,,,310778.0,Sabrina Piccolo,1396.0,2005-12-05 00:00:00,2005-12-05,ITA
"6' 0""",1.82m,Left-Handed,Apr 28 1986,"Prague, Czech Republic",311566.0,Monika Musilova,1396.0,2005-12-05 00:00:00,2005-12-05,CZE
,,Right-Handed,Jan 10 1988,"Newport, England",311900.0,Olivia Scarfi,577.0,2005-12-05 00:00:00,2008-11-03,GBR
,,,,,313108.0,Marta Smiechowska,1396.0,2005-12-05 00:00:00,2005-12-05,POL
,,,,,313134.0,Natalie Barbir,1392.0,2005-12-05 00:00:00,2005-12-05,AUS
,,Right-Handed,Nov 26 1988,"Ceske Budejovice, Czech Republic",312999.0,Veronika Kolarova,703.0,2005-12-05 00:00:00,2016-02-22,CZE
,,Right-Handed,Apr 17 1989,"Brisbane, Australia",312791.0,Prue Teitzel,1392.0,2005-12-05 00:00:00,2005-12-05,AUS
,,,,,313526.0,Micaela Moroni,1359.0,2005-12-05 00:00:00,2005-12-05,ITA
"5' 6""",1.68m,Right-Handed,Dec 12 1985,"Los Angeles, CA, USA",311222.0,Monica Wiesener,1335.0,2005-12-05 00:00:00,2005-12-05,USA
,,,,,313102.0,Sara Di Paolo,1332.0,2005-12-05 00:00:00,2005-12-05,ITA
"5' 6""",1.68m,Right-Handed,Sep 5 1988,"Almeria, Spain",312794.0,Nadia Lee,944.0,2005-12-05 00:00:00,2006-12-18,GBR
,,Right-Handed,Sep 21 1987,"Yaroslav, Russia",312396.0,Svetlana Smirnova,936.0,2005-12-05 00:00:00,2006-12-18,RUS
,,,,,311844.0,Veronica Saucedo,1088.0,2005-12-05 00:00:00,2011-12-19,ARG
,,,,,312189.0,Martina Sebastiani,1330.0,2005-12-05 00:00:00,2005-12-05,ITA
,,Right-Handed,May 20 1987,"Alnwick, England",312566.0,Melissa Percy,924.0,2005-12-05 00:00:00,2006-12-18,GBR
,,,,,90113.0,Reina Ishihara,1310.0,2005-12-05 00:00:00,2005-12-05,JPN
,,,,,312922.0,Sasirin Borwornchokchai,1296.0,2005-12-05 00:00:00,2006-12-18,THA
,,,,,311206.0,Samantha Cowan,1339.0,2005-12-05 00:00:00,2005-12-05,GBR
,,,,,313223.0,Xuan-Yu Guo,1354.0,2005-12-05 00:00:00,2006-12-04,CHN
,,,,,110522.0,Yuri Kasuya,1354.0,2005-12-05 00:00:00,2006-12-04,JPN
,,Right-Handed,Dec 1 1989,"Temora, Australia",313615.0,Monique Lynch,1339.0,2005-12-05 00:00:00,2006-12-04,AUS
,,Right-Handed,Jun 28 1989,"Wagna, Austria",313545.0,Nicole Rottmann,307.0,2005-12-05 00:00:00,2017-04-10,AUT
,,Right-Handed,May 28 1982,,313359.0,Maureen Diaz,592.0,2005-12-05 00:00:00,2009-08-24,USA
,,Right-Handed,Apr 30 1987,"Namur, Belgium",312986.0,Tatiana Cutrona,1168.0,2005-12-05 00:00:00,2006-12-18,BEL
,,Right-Handed,Feb 16 1989,"Bratislava, Slovakia",313258.0,Monika Kochanova,485.0,2005-12-05 00:00:00,2009-08-24,SVK
,,Right-Handed,May 24 1990,"Palma de Mallorca, Spain",312985.0,Sandra Soler-Sola,334.0,2005-12-05 00:00:00,2012-08-06,ESP
,,Right-Handed,Jul 18 1988,"Tbilisi, Georgia",312625.0,Sofia Kvatsabaia,362.0,2005-12-05 00:00:00,2017-04-10,GEO
"5' 7""",1.71m,Right-Handed,May 22 1990,"Waidhofen an der Ybbs, Austria",312809.0,Melanie Klaffner,175.0,2005-12-05 00:00:00,2023-08-21,AUT
,,,,,70483.0,Sevvy Gallios,1107.0,2005-12-05 00:00:00,2005-12-05,AUS
"5' 5""",1.66m,Right-Handed,Mar 02 1988,"Duisburg, Germany",313443.0,Nicola Geuer,276.0,2005-12-05 00:00:00,2014-11-03,GER
"5' 7""",1.70m,Right-Handed,Sep 15 1988,"Meudon-la-Forêt, France",313013.0,Stephanie Vongsouthi,233.0,2005-12-05 00:00:00,2011-12-19,FRA
,,Right-Handed,Jun 2 1988,"Bad Sackingen, Germany",313171.0,Paola Sprovieri,631.0,2005-12-05 00:00:00,2008-02-18,GER
,,Right-Handed,Feb 19 1987,"Buenos Aires, Argentina",312592.0,Vanesa Furlanetto,306.0,2005-12-05 00:00:00,2014-11-10,ARG
,,,,,313502.0,Maya Gaverova,380.0,2005-12-05 00:00:00,2014-01-20,RUS
,,,,,311731.0,Sarina Mueller,1095.0,2005-12-05 00:00:00,2005-12-05,GER
,,,,,312991.0,Sabrina Allaut,1094.0,2005-12-05 00:00:00,2005-12-05,GER
,,,,,311026.0,Melissa Gibb,915.0,2005-12-05 00:00:00,2006-12-18,GBR
,,Right-Handed,Jun 4 1986,"Moscow, Russia",312807.0,Yana Zavialova,964.0,2005-12-05 00:00:00,2008-11-03,RUS
,,,,,312836.0,Marie Jose Andres Gomez,1199.0,2005-12-05 00:00:00,2005-12-05,MEX
,,Right-Handed,Sep 9 1984,,310163.0,Sakiko Shimizu,411.0,2005-12-05 00:00:00,2011-12-19,JPN
,,Right-Handed,Jan 14 1989,"Bratislava, Slovakia",312611.0,Nikola Vajdova,495.0,2005-12-05 00:00:00,2016-02-22,SVK
,,,,,313375.0,Oana Stanica,1101.0,2005-12-05 00:00:00,2006-12-18,ROU
"5' 5""",1.65m,Right-Handed,May 24 1990,"Mazatlan, Mexico",313176.0,Rebeca Delgado Gerardo,1192.0,2005-12-05 00:00:00,2005-12-05,MEX
"5' 7""",1.70m,Right-Handed,Jan 26 1991,"Hyderabad, India",313036.0,Prerana Appineni,660.0,2005-12-05 00:00:00,2008-11-03,IND
,,,,,313217.0,Mutsuko Hirose,1119.0,2005-12-05 00:00:00,2006-12-18,JPN
,,,,,313329.0,Samantha Powers,735.0,2005-12-05 00:00:00,2011-12-19,USA
,,,,,312188.0,Norie Kojima,1221.0,2005-12-05 00:00:00,2006-12-18,JPN
,,Right-Handed,Nov 8 1988,"Ljubljana, Slovenia",313007.0,Patricia Vollmeier,1208.0,2005-12-05 00:00:00,2006-12-04,SLO
,,Right-Handed,Jun 11 1988,"Taipei, Taiwan",311993.0,Shao-Yuan Kao,630.0,2005-12-05 00:00:00,2006-12-18,TPE
,,Right-Handed,Jan 12 1986,"Rostov on Don, Russia",312397.0,Nina Maglatyuk,1182.0,2005-12-05 00:00:00,2005-12-05,RUS
,,,,,312868.0,Yasmin Enrich,888.0,2005-12-05 00:00:00,2006-12-18,ARG
,,,,,120417.0,Se-Na Lee,619.0,2005-12-05 00:00:00,2006-12-18,KOR
,,,,,310371.0,Paola Iovino,853.0,2005-12-05 00:00:00,2006-12-18,VEN
,,,,,311848.0,Paulina Luquin,1154.0,2005-12-05 00:00:00,2006-12-18,MEX
,,,,,312119.0,Sarah Benad,1146.0,2005-12-05 00:00:00,2006-12-04,AUS
"5' 7""",1.70m,Right-Handed,Dec 16 1987,"Kyiv, Ukraine",310814.0,Yevgeniya Stupak,1144.0,2005-12-05 00:00:00,2005-12-05,UKR
,,Right-Handed,Apr 15 1984,"Kolkata, India",311556.0,Ragini Vimal,1152.0,2005-12-05 00:00:00,2005-12-05,IND
,,Right-Handed,Jun 21 1983,"Kitchener, Canada",310361.0,Robin Stephenson,435.0,2005-12-05 00:00:00,2009-08-24,USA
,,Right-Handed,Mar 23 1987,"Bristol, England",313471.0,Thaddea Lock,1154.0,2005-12-05 00:00:00,2006-12-04,GBR
,,Right-Handed,Sep 9 1983,,190934.0,Marta Simic,1182.0,2005-12-05 00:00:00,2005-12-05,SCG
,,Right-Handed,May 27 1987,"Baia Mare, Romania",311768.0,Stanca Muresan,1178.0,2005-12-05 00:00:00,2005-12-05,ROM
,,,,,312048.0,Oormila Ram,1178.0,2005-12-05 00:00:00,2006-12-04,IND
,,,,,312243.0,Sheryl Gershon,1176.0,2005-12-05 00:00:00,2005-12-05,USA
,,,,,313242.0,Mireia Gonzalez-Bosch,816.0,2005-12-05 00:00:00,2006-12-18,ESP
"5' 9""",1.75m,Right-Handed,Feb 8 1997,"Kaliningrad, Russia",311697.0,Nika Kukharchuk,371.0,2005-12-05 00:00:00,2021-10-11,RUS
,,Left-Handed,Apr 28 1989,"Penapolis, Brazil",311644.0,Nathalia Rossi,349.0,2006-06-05 00:00:00,2016-10-10,BRA
,,Right-Handed,Nov 27 1989,"Osijek, Croatia",312317.0,Natasa Zoric,388.0,2006-06-05 00:00:00,2011-12-19,SRB
"5' 3""",1.61,Right-Handed,May 30 1989,"Hong Kong, China",313784.0,Venise Chan,340.0,2006-06-05 00:00:00,2013-10-14,HKG
"5' 5""",1.65m,Right-Handed,Nov 11 1989,"Nakhon Ratchasima, Thailand",312859.0,Nungnadda Wannasuk,342.0,2006-06-05 00:00:00,2016-07-18,THA
"5' 7""",1.70m,Right-Handed,Jul 21 1989,"Moscow, Russia",313653.0,Vesna Dolonc,84.0,2006-08-07 00:00:00,2017-05-22,SRB
,,Right-Handed,Feb 22 1990,"Namangan, Uzbekistan",313392.0,Yulia Kolesnikova,513.0,2006-11-13 00:00:00,2007-06-11,RUS
,,,,,310987.0,Qing Yue,575.0,2006-11-13 00:00:00,2007-06-11,CHN
"5' 6""",1.68m,Left-Handed,Jun 21 1988,"Katy, TX, USA",312271.0,Sanaz Marand,242.0,2006-11-13 00:00:00,2021-10-11,USA
,,,,,312090.0,Melissa Cabrera-Handt,655.0,2006-11-13 00:00:00,2008-02-18,ESP
"5' 11""",1.79m,Right-Handed,Jul 2 1989,"Sofia, Bulgaria",311809.0,Tanya  Germanlieva,542.0,2006-11-13 00:00:00,2010-07-05,BUL
,,Right-Handed,Sep 13 1990,"Houston, TX, USA",314303.0,Nataly Yoo,561.0,2006-11-13 00:00:00,2011-02-21,USA
,,,,,312812.0,Volha Duko,635.0,2006-11-13 00:00:00,2009-08-24,BLR
,,,,,313898.0,Yuan Jia,782.0,2006-11-13 00:00:00,2006-12-18,CHN
,,Right-Handed,Aug 22 1989,"Palembang, Indonesia",312932.0,Vivien Silfany,754.0,2006-11-13 00:00:00,2006-12-18,INA
,,Right-Handed,Mar 27 1990,"Perm, Russia",313689.0,Yuliya Kalabina,265.0,2006-11-13 00:00:00,2014-11-17,RUS
,,,,,313834.0,Natalie Fehse,738.0,2006-11-13 00:00:00,2006-12-18,GER
,,Right-Handed,Nov 13 1990,"Seoul, South Korea",313631.0,Sung-Hee Han,256.0,2006-11-13 00:00:00,2018-03-19,KOR
,,,,,313143.0,Yera Campos-Molina,311.0,2006-11-13 00:00:00,2011-09-05,ESP
"5' 10""",1.78m,Right-Handed,Aug 31 1990,"Maribor, Slovenia",313051.0,Tadeja Majeric,111.0,2006-11-13 00:00:00,2018-03-19,SLO
,,,,,313850.0,Susanna Lingman,617.0,2006-11-13 00:00:00,2008-01-14,USA
,,Right-Handed,Sep 04 1990,"Maracaibo, Venezuela",313491.0,Marina Giral Lores,283.0,2006-11-13 00:00:00,2012-08-06,VEN
,,,,,313500.0,Xia Ling Li,956.0,2006-12-04 00:00:00,2006-12-18,CHN
,,,,,313040.0,Selma Andrade,949.0,2006-12-04 00:00:00,2006-12-18,NED
"5' 6""",1.68m,Right-Handed,Nov 23 1989,"new Delhi, India",314083.0,Shalini Sahoo,736.0,2006-12-04 00:00:00,2009-08-24,IND
"5' 5""",1.66m,Right-Handed,Dec 28 1990,"Niteroi, Brazil",313433.0,Rebeca Neves,598.0,2006-12-04 00:00:00,2009-08-24,BRA
"5' 4""",1.63m,Right-Handed,Oct 9 1989,"Valencia, Spain",313476.0,Sara Celma-Boix,979.0,2006-12-04 00:00:00,2006-12-18,ESP
,,Right-Handed,Jan 9 1988,"Fukuoka, Japan",311962.0,Yumi Nakano,577.0,2006-12-04 00:00:00,2016-02-22,JPN
,,Right-Handed,Aug 8 1986,"Heiligenhaus, Germany",310044.0,Melanie Oosterhof,974.0,2006-12-04 00:00:00,2006-12-18,GER
,,,,,313318.0,Sun-Jung Kim,528.0,2006-12-04 00:00:00,2014-03-24,KOR
,,,,,313122.0,Zorica Petrov,683.0,2006-12-04 00:00:00,2008-11-03,SRB
,,Right-Handed,Mar 25 1988,,314127.0,Min-Hwa Yu,516.0,2006-12-04 00:00:00,2018-03-19,KOR
,,,,,310813.0,Yuliya Hnateyko,916.0,2006-12-04 00:00:00,2006-12-18,UKR
"5' 10""",1.78m,Left-Handed,Jun 13 1990,"Stans, Switzerland",313584.0,Nicole Riner,265.0,2006-12-04 00:00:00,2011-02-21,SUI
"5' 10""",1.78m,Right-Handed,Feb 23 1990,"Belgrade, Serbia",312988.0,Marija Mirkovic,279.0,2006-12-04 00:00:00,2011-12-19,AUS
,,,,,312163.0,Mirna Marinovic,940.0,2006-12-04 00:00:00,2006-12-18,CRO
,,,,,314235.0,Natsumi Yokota,937.0,2006-12-04 00:00:00,2006-12-18,JPN
,,Right-Handed,Nov 22 1989,"Singapore, Singapore",312732.0,Wei Ping Lee,935.0,2006-12-04 00:00:00,2006-12-18,SIN
"5' 7""",1.69m,Right-Handed,Sep 07 1989,"Chiang Rai, Thailand",314448.0,Varatchaya Wongteanchai,200.0,2006-12-04 00:00:00,2018-10-15,THA
,,Right-Handed,Feb 11 1989,"Zagreb, Croatia",313059.0,Petra Sunic,571.0,2006-12-04 00:00:00,2012-08-06,CRO
,,,,,313417.0,Tina Pieger,925.0,2006-12-04 00:00:00,2006-12-18,GER
,,Left-Handed,Apr 03 1989,,313778.0,Sherazad Reix,204.0,2006-12-04 00:00:00,2021-03-08,FRA
,,Right-Handed,Jun 11 1990,"Neuilly-Plaisance, France",313673.0,Nelly Ciolkowski,1045.0,2006-12-04 00:00:00,2006-12-18,FRA
"5' 9""",1.75m,Right-Handed,May 5 1990,"Freiburg, Germany",312992.0,Syna Kayser,434.0,2006-12-04 00:00:00,2013-10-07,GER
"5' 7""",1.70m,Right-Handed,Oct 23 1990,"Moscow, Russia",313868.0,Olga Kirpicheva,1075.0,2006-12-04 00:00:00,2006-12-18,RUS
,,,,,311648.0,Stefanie Alfery,1073.0,2006-12-04 00:00:00,2006-12-18,GER
,,Right-Handed,Sep 19 1990,"Sydney, Australia",312722.0,Tyra Calderwood,630.0,2006-12-04 00:00:00,2012-08-06,AUS
,,Right-Handed,May 2 1989,"Poznan, Poland",314103.0,Sylwia Zagorska,460.0,2006-12-04 00:00:00,2014-03-24,POL
"5' 9""",1.75m,Right-Handed,Jun 07 1991,"Melbourne, Australia",313803.0,Olivia Rogowska,102.0,2006-12-04 00:00:00,2022-05-02,AUS
"5' 7""",1.70m,Right-Handed,Jul 26 1990,"Donetsk, Ukraine",313239.0,Viktoriya Semyrodenko,1030.0,2006-12-04 00:00:00,2006-12-18,UKR
"6' 2""",1.88m,Right-Handed,Aug 14 1988,"Mexico City, Mexico",312734.0,Nadia Abdala,517.0,2006-12-04 00:00:00,2012-10-29,MEX
"5' 6""",1.67m,Right-Handed,Feb 15 1990,"Vaduz, Liechtenstein",312385.0,Stephanie Vogt,137.0,2006-12-04 00:00:00,2017-05-08,LIE
,,Right-Handed,Nov 4 1989,"Amravati, India",312823.0,Parija Maloo,631.0,2006-12-04 00:00:00,2009-08-24,IND
,,Right-Handed,Oct 19 1990,"Madrid, Spain",313569.0,Rocio De La Torre-Sanchez,347.0,2006-12-04 00:00:00,2018-03-19,ESP
,,,,,314267.0,Sina Ladage,1021.0,2006-12-04 00:00:00,2006-12-18,GER
"5' 6""",1.68m,Right-Handed,Sep 23 1991,"Marietta, Georgia",313963.0,Melanie Oudin,31.0,2006-12-04 00:00:00,2017-08-14,USA
,,,,,312644.0,Paula Catalina Robles Garcia,686.0,2006-12-04 00:00:00,2010-07-05,COL
,,Left-Handed,Dec 10 1988,"Naples, Italy",312161.0,Valeria Casillo,1012.0,2006-12-04 00:00:00,2006-12-18,ITA
"6' 4""",1.93m,Right-Handed,Feb 28 1990,"Manchester, England",313941.0,Naomi Broady,76.0,2006-12-04 00:00:00,2021-10-11,GBR
,,Right-Handed,Mar 14 1989,"Tashkent, Uzbekistan",311859.0,Vlada Ekshibarova,352.0,2006-12-04 00:00:00,2025-08-18,UZB
,,Right-Handed,Jul 18 1991,"Lakewood, CA, USA",314520.0,Stacey Tan,549.0,2006-12-04 00:00:00,2010-04-26,USA
,,Right-Handed,Aug 06 1988,"Antwerp, Belgium",314570.0,Soetkin Van Deun,536.0,2006-12-04 00:00:00,2008-11-03,BEL
,,,,,310986.0,Shuang Wu,872.0,2006-12-04 00:00:00,2006-12-18,CHN
,,Left-Handed,Jun 5 1988,"Antofagasta, Chile",312573.0,Paulina Jorquera,869.0,2006-12-04 00:00:00,2006-12-18,CHI
"5' 8""",1.72m,Right-Handed,Nov 10 1989,"Delray Beach, FL, USA",313603.0,Veronica Li,855.0,2006-12-04 00:00:00,2006-12-18,USA
"5' 6""",1.67m,Right-Handed,Nov 18 1991,"Chiang Mai, Thailand",314684.0,Noppawan Lertcheewakarn,149.0,2006-12-04 00:00:00,2018-03-19,THA
"6' 0""",1.83m,Right-Handed,Jul 27 1990,"Mandya, India",313210.0,Poojashree Venkatesha,306.0,2006-12-04 00:00:00,2012-08-06,IND
"5' 11""",1.82m,Right-Handed,Apr 14 1988,"Valašské Meziříčí, Czech Republic",312039.0,Tereza Hladikova,197.0,2006-12-04 00:00:00,2012-08-06,CZE
,,Right-Handed,Mar 16 1990,"Naarden, Netherlands",314283.0,Renee Reinhard,494.0,2006-12-04 00:00:00,2008-11-03,NED
,,Right-Handed,Sep 3 1990,"Derby, England",313846.0,Yasmin Clarke,542.0,2006-12-04 00:00:00,2011-12-19,GBR
,,Right-Handed,Dec 26 1985,,311427.0,Marion Gaud,444.0,2006-12-04 00:00:00,2012-02-13,FRA
,,,,,311868.0,Monia Pederzoli,844.0,2006-12-04 00:00:00,2006-12-18,ITA
,,Right-Handed,Sep 27 1990,"Donetsk, Ukraine",313652.0,Mariya Malkhasyan,470.0,2006-12-04 00:00:00,2011-02-21,UKR
"5' 10""",1.78m,Right-Handed,Feb 03 1991,"Chomutov, Czech Republic",314393.0,Nikola Hofmanova,161.0,2006-12-04 00:00:00,2013-03-11,AUT
"5' 11""",1.80m,Right-Handed,Feb 9 1987,"Bangalore, India",311322.0,Varsha Shiv Shankar,1322.0,2006-12-04 00:00:00,2006-12-04,IND
"5' 4""",1.63m,Right-Handed,Feb 21 1990,"Madrid, Spain",313908.0,Paula Jaime-Agramon,1320.0,2006-12-04 00:00:00,2006-12-04,ESP
,,Right-Handed,Apr 14 1989,"Saint Petersburg, Russia",314387.0,Maya Pitenina,1312.0,2006-12-04 00:00:00,2006-12-18,RUS
,,Right-Handed,Mar 4 1989,"New Delhi, India",314084.0,Sanjana Kapur,1312.0,2006-12-04 00:00:00,2006-12-18,IND
,,Right-Handed,Apr 2 1990,"Pardubice, Czech Republic",314204.0,Pavla Smidova,562.0,2006-12-04 00:00:00,2011-02-21,CZE
"5' 7""",1.70m,Right-Handed,Jan 26 1990,"Nuremberg, Germany",313839.0,Nina Zander,279.0,2006-12-04 00:00:00,2016-04-11,GER
,,,,,313189.0,Yoo-Ri Bae,1329.0,2006-12-04 00:00:00,2006-12-04,KOR
,,Right-Handed,Feb 3 1987,"Mumbai, India",311973.0,Sagarika Phadke,1350.0,2006-12-04 00:00:00,2006-12-04,IND
,,Right-Handed,Sep 11 1989,"Sydney, Australia",312725.0,Michelle Brycki,1346.0,2006-12-04 00:00:00,2006-12-04,AUS
,,Left-Handed,Oct 31 1990,"Tianjin, China",314163.0,Shaozhuo Liu,434.0,2006-12-04 00:00:00,2011-05-30,CHN
,,,,,314669.0,Marina Skvortsova,1329.0,2006-12-04 00:00:00,2006-12-04,RUS
,,,,,314426.0,Wen-Bo Wang,1329.0,2006-12-04 00:00:00,2006-12-04,CHN
"5' 10""",1.78m,Right-Handed,Jan 17 1988,"Tacoma, Wa, USA",313826.0,Suzanne Matzenauer,1329.0,2006-12-04 00:00:00,2006-12-04,USA
"5' 7""",1.70m,Right-Handed,May 5 1988,"Mandeville, LA, USA",313435.0,Phoebe Di Leo,1306.0,2006-12-04 00:00:00,2006-12-18,USA
"5' 9""",1.75m,Right-Handed,Jan 20 1986,"Dalian, China",310806.0,Yue Yu,1270.0,2006-12-04 00:00:00,2006-12-18,CHN
,,,,,314234.0,Saori Karikomi,1267.0,2006-12-04 00:00:00,2006-12-18,JPN
"5' 5""",1.65m,Left-Handed,Apr 20 1989,"Bratislava, Slovakia",313986.0,Zora Vlckova,1242.0,2006-12-04 00:00:00,2006-12-18,CZE
"5' 8""",1.72m,Right-Handed,Jun 7 1986,"Lisbon, Portugal",310693.0,Rita Esteves De Freitas,975.0,2006-12-04 00:00:00,2011-02-21,POR
,,Right-Handed,Aug 3 1984,"Santa Fe, Argentina",310368.0,Rocio Amadio,1296.0,2006-12-04 00:00:00,2006-12-18,ARG
"5' 6""",1.67m,Right-Handed,Jan 03 1990,"Sydney, Australia",313772.0,Tammi Patterson,289.0,2006-12-04 00:00:00,2019-09-16,AUS
,,,,,313710.0,Petra Mokra,1279.0,2006-12-04 00:00:00,2006-12-18,CZE
,,Right-Handed,Nov 24 1987,,314058.0,Tori Kinard,341.0,2006-12-04 00:00:00,2025-08-18,USA
,,Right-Handed,Apr 25 1989,"New Delhi, India",314087.0,Vishakha Sheoran,1279.0,2006-12-04 00:00:00,2006-12-18,IND
,,,,,313596.0,Ofelya Poghosyan,1352.0,2006-12-04 00:00:00,2006-12-04,ARM
,,Right-Handed,Feb 23 1988,,311105.0,Rebecca Alessi,1354.0,2006-12-04 00:00:00,2006-12-04,ITA
,,Left-Handed,Sep 23 1989,"Moscow, Russia",314555.0,Xenia Samoilova,1414.0,2006-12-04 00:00:00,2006-12-04,RUS
,,,,,311871.0,Sarah Stallard,1409.0,2006-12-04 00:00:00,2006-12-04,GBR
"5' 7""",1.70m,Right-Handed,May 14 1987,"Valrico, FL, USA",312175.0,Veronica Queen,1406.0,2006-12-04 00:00:00,2006-12-04,USA
,,,,,190865.0,Romina Sceats,1402.0,2006-12-04 00:00:00,2006-12-04,GBR
,,,,,313467.0,Tanja Kovacevic,1401.0,2006-12-04 00:00:00,2006-12-04,AUS
"5' 8""",1.72m,Right-Handed,Jul 8 1989,"Nove Zamky, Slovakia",313925.0,Reka Zsilinszka,1399.0,2006-12-04 00:00:00,2006-12-04,SVK
,,,,,311087.0,Olusola Gbadamosi,1436.0,2006-12-04 00:00:00,2006-12-04,NGR
,,Right-Handed,Sep 12 1989,"Madrid, Spain",312605.0,Meli Garcia Truchado,1432.0,2006-12-04 00:00:00,2006-12-04,ESP
,,Right-Handed,Jun 28 1986,"Moscow, Russia",313118.0,Svetlana Tsykhanskaya,1432.0,2006-12-04 00:00:00,2006-12-04,BLR
,,,,,313296.0,Shiho Otake,1427.0,2006-12-04 00:00:00,2006-12-04,JPN
,,,,,313163.0,Sabina Gunnarsson,1398.0,2006-12-04 00:00:00,2006-12-04,SWE
,,,,,314723.0,Perrine Fouche,1364.0,2006-12-04 00:00:00,2006-12-04,FRA
,,,,,313221.0,Sasarin Borwornchokchai,1364.0,2006-12-04 00:00:00,2006-12-04,THA
,,,,,314345.0,Shiori Kikukawa,1364.0,2006-12-04 00:00:00,2006-12-04,JPN
,,,,,310498.0,Marine Nizri,1364.0,2006-12-04 00:00:00,2006-12-04,USA
,,,,,314651.0,Michelle Russ,1355.0,2006-12-04 00:00:00,2006-12-04,AUS
,,Right-Handed,Mar 31 1990,"Madrid, Spain",313571.0,Paloma Diaz Sada,1374.0,2006-12-04 00:00:00,2006-12-04,ESP
,,,,,313888.0,Mika Urbancic,566.0,2006-12-04 00:00:00,2009-03-23,SLO
,,Right-Handed,Apr 18 1988,,311126.0,Valentina Ponomartseva,1382.0,2006-12-04 00:00:00,2006-12-04,"RUS "
,,Right-Handed,Jan 28 1988,"Lagos, Nigeria",311109.0,Ronke Akingbade,1382.0,2006-12-04 00:00:00,2006-12-04,NGR
,,Right-Handed,Mar 18 1990,"Moscow, Russia",313024.0,Yulia Chernyaeva,1382.0,2006-12-04 00:00:00,2006-12-04,RUS
"5' 11""",1.80m,Right-Handed,Jun 11 1987,"Espenau, Germany",312430.0,Nina Henkel,1375.0,2006-12-04 00:00:00,2006-12-04,GER
"5' 6""",1.68m,Right-Handed,Jul 1 1987,"Dallas, TX, USA",312362.0,Megan Alexander,1375.0,2006-12-04 00:00:00,2006-12-04,USA
,,Right-Handed,Dec 04 1990,"Escuintla, Guatemala",313285.0,Melissa Morales,850.0,2006-12-04 00:00:00,2021-03-08,GUA
,,,,,312301.0,Nicoleta Bara,1255.0,2006-12-04 00:00:00,2006-12-18,ROU
,,Right-Handed,Mar 27 1991,"New Delhi, India",313756.0,Sweta Solanki,944.0,2006-12-04 00:00:00,2008-11-03,IND
,,Right-Handed,Feb 02 1991,,314172.0,Palma Kiraly,399.0,2006-12-04 00:00:00,2009-08-24,HUN
,,,,,313104.0,Tinusha Sivaganam,1139.0,2006-12-04 00:00:00,2006-12-18,MAS
,,,,,312950.0,Maxi Ehmer,752.0,2006-12-04 00:00:00,2008-01-14,GER
"5' 7""",1.70m,Right-Handed,Dec 24 1989,"Nottingham, England",314078.0,Natasha Marks,1148.0,2006-12-04 00:00:00,2006-12-18,GBR
,,Right-Handed,Jan 10 1986,"Cordoba, Argentina",313666.0,Virginia Bigliardi,1168.0,2006-12-04 00:00:00,2006-12-18,ARG
,,Right-Handed,Sep 19 1988,"Coventry, England",313557.0,Natasha Hillyer,1162.0,2006-12-04 00:00:00,2006-12-18,GBR
,,Right-Handed,Apr 20 1988,"Frauenfeld, Switzerland",312333.0,Milica Tomic,863.0,2006-12-04 00:00:00,2008-11-03,SUI
"5' 10""",1.79m,Right-Handed,Jan 10 1992,"Kraskovo, Russia",314358.0,Nadejda Guskova,301.0,2006-12-04 00:00:00,2012-02-13,RUS
,,Left-Handed,May 17 1990,"Kosice, Slovakia",313582.0,Martina Balogova,433.0,2006-12-04 00:00:00,2011-02-21,SVK
"5' 4""",1.63m,Right-Handed,Mar 29 1991,"Pietermaritzburg, South Africa",314177.0,Monica Gorny,1099.0,2006-12-04 00:00:00,2006-12-18,RSA
"5' 9""",1.75m,Right-Handed,Oct 29 1990,"Schiedam, Netherlands",314605.0,Nicolette Van Uitert,524.0,2006-12-04 00:00:00,2013-10-07,NED
,,Right-Handed,May 31 1989,"Piestany, Slovakia",314166.0,Patricia Veresova,529.0,2006-12-04 00:00:00,2009-08-24,SVK
"5' 11""",1.80m,Right-Handed,Jan 5 1980,"Wuhan, China",313276.0,Ting (jr) Li,535.0,2006-12-04 00:00:00,2014-04-14,CHN
,,,,,313813.0,Yenisleydis Calana-Rodriguez,1102.0,2006-12-04 00:00:00,2006-12-18,CUB
,,Right-Handed,Feb 07 1991,"Hubei, China",313280.0,Yi-Miao Zhou,127.0,2006-12-04 00:00:00,2014-07-28,CHN
,,Right-Handed,Jan 15 1990,"Tbilisi, Georgia",312630.0,Teona Tzertzvadze,1112.0,2006-12-04 00:00:00,2006-12-18,GEO
,,Right-Handed,Feb 8 1990,"Hong Kong, China",314440.0,Zi-Jun Yang,418.0,2006-12-04 00:00:00,2010-07-05,HKG
,,Right-Handed,Jun 04 1987,"Rio de Janeiro, Brazil",314736.0,Natalia Guitler,455.0,2006-12-04 00:00:00,2010-04-26,BRA
,,,Jul 19 1987,"Altenstadt, Germany",313413.0,Ute Schnoy,1172.0,2006-12-04 00:00:00,2006-12-18,GER
,,Right-Handed,Jan 3 1989,"Johannesburg, South Africa",312908.0,Tegan Edwards,983.0,2006-12-04 00:00:00,2008-11-03,RSA
,,,,,314354.0,Nadezda Gorbachkova,648.0,2006-12-04 00:00:00,2012-08-06,RUS
,,Right-Handed,Nov 21 1991,"Reims, France",314398.0,Nathalie Mohn,555.0,2006-12-04 00:00:00,2008-11-03,FRA
,,Right-Handed,Apr 30 1989,"Quebec, Canada",311770.0,Marie-Pier Huet,1222.0,2006-12-04 00:00:00,2006-12-18,CAN
,,Left-Handed,Mar 31 1990,"Stockholm, Sweden",312387.0,Sandra Roma,432.0,2006-12-04 00:00:00,2014-04-07,SWE
,,,,,312028.0,Maryna Khomenko,1216.0,2006-12-04 00:00:00,2006-12-18,UKR
,,Right-Handed,Jul 8 1989,,313854.0,Subi Sundaram,1220.0,2006-12-04 00:00:00,2006-12-04,USA
,,,,,311193.0,Melody Paschal,1238.0,2006-12-04 00:00:00,2006-12-18,USA
,,Right-Handed,Jan 9 1991,"Port of Spain, Trinidad and Tobago",314245.0,Yolande Leacock,934.0,2006-12-04 00:00:00,2025-06-16,TTO
,,Right-Handed,Apr 28 1991,"Puebla, Mexico",313177.0,Ximena Hermoso,331.0,2006-12-04 00:00:00,2016-02-22,MEX
,,,,,312834.0,Yue Wan,1238.0,2006-12-04 00:00:00,2006-12-18,CHN
,,,,,313204.0,Rachel Crismond,1211.0,2006-12-04 00:00:00,2006-12-18,USA
"5' 5""",1.65m,Right-Handed,Oct 2 1989,"Bucharest, Romania",313324.0,Mihaela Bunea,1211.0,2006-12-04 00:00:00,2006-12-18,ROU
,,,,,313633.0,Veronica Adami,1188.0,2006-12-04 00:00:00,2006-12-18,ITA
,,,,,312109.0,Martina Gregoric,1096.0,2006-12-04 00:00:00,2006-12-18,CRO
,,,,,313699.0,Yurina Koshino,533.0,2006-12-04 00:00:00,2016-07-18,JPN
"5' 7""",1.70m,Right-Handed,Feb 20 1992,"Saint Petersburg, FL, USA",314055.0,Morgan Basil,1203.0,2006-12-04 00:00:00,2006-12-18,USA
"5' 7""",1.70m,Right-Handed,Feb 18 1989,"Ivancice, Czech Republic",312305.0,Sona Novakova,1195.0,2006-12-04 00:00:00,2006-12-18,CZE
,,,,,311850.0,Mia Sacca,1195.0,2006-12-04 00:00:00,2006-12-18,INA
,,,,,313779.0,Perrine Gauthier,1192.0,2006-12-04 00:00:00,2006-12-18,FRA
,,Right-Handed,Jun 5 1990,"Granada, Spain",314375.0,Yolanda Nieto,1279.0,2006-12-11 00:00:00,2006-12-18,VEN
"5' 5""",1.65m,Right-Handed,Jan 29 1993,"Lisbon, Portugal",314929.0,Michelle Larcher De Brito,76.0,2007-09-24 00:00:00,2018-04-09,POR
,,,,,314932.0,Romana Janshen,398.0,2007-12-17 00:00:00,2008-11-10,NED
,,Left-Handed,Jan 19 1990,"Bragado, Argentina",314760.0,Tatiana Bua,375.0,2008-01-07 00:00:00,2016-02-22,ARG
"5' 6""",1.68m,Right-Handed,Mar 03 1993,"Cincinnati, OH, USA",315279.0,Nicole Gibbs,68.0,2008-01-07 00:00:00,2021-02-22,USA
"5' 8""",1.74m,Left-Handed,Aug 12 1992,"Cape Town, South Africa",314764.0,Tamaryn Hendler,178.0,2008-01-07 00:00:00,2018-12-31,BEL
,,Right-Handed,Oct 17 1989,"Piestany, Slovakia",314779.0,Michaela Pochabova,236.0,2008-01-07 00:00:00,2013-10-07,SVK
,,Right-Handed,Apr 4 1991,"Moscow, Russia",315694.0,Natalia Ryzhonkova,285.0,2008-06-23 00:00:00,2013-06-17,RUS
,,Right-Handed,Jun 1 1988,"Ljubljana, Slovenia",312265.0,Petra Pajalic,535.0,2008-06-23 00:00:00,2009-03-23,SLO
"5' 9""",1.75m,Left-Handed,Mar 10 1985,"Rochester Hills, MI, USA",120405.0,Theresa Logar,540.0,2008-06-23 00:00:00,2009-05-18,USA
,,Right-Handed,Mar 09 1991,"Kyiv, Ukraine",313237.0,Tetyana Arefyeva,241.0,2008-06-23 00:00:00,2014-11-03,UKR
"5' 0""",1.52m,Right-Handed,Mar 11 1985,"Grosse Pointe, MI, USA",310549.0,Megan Moulton-Levy,238.0,2008-10-20 00:00:00,2010-04-26,USA
"5' 1""",1.55m,Right-Handed,Jan 18 1990,"Nagoya, Japan",314343.0,Shiho Akita,221.0,2008-10-27 00:00:00,2025-08-18,JPN
,,Right-Handed,Apr 27 1989,"Trieste, Italy",315237.0,Paola Cigui,406.0,2008-10-27 00:00:00,2011-12-19,ITA
"5' 4""",1.62m,Right-Handed,Jun 01 1991,"Melbourne, Victoria",314726.0,Sally Peers,145.0,2008-10-27 00:00:00,2016-02-29,AUS
,,Right-Handed,Aug 6 1987,"Hanoi, Vietnam",311409.0,Thuy-Dung Nguyen,612.0,2008-10-27 00:00:00,2009-05-25,VIE
"5' 10""",1.78m,Right-Handed,Feb 20 1992,"Rome, Italy",314192.0,Nastassja Burnett,121.0,2008-10-27 00:00:00,2021-03-08,ITA
"5' 8""",1.72m,Right-Handed,Apr 27 1992,"SanRemo, Italy",314994.0,Valentine Confalonieri,407.0,2008-10-27 00:00:00,2011-12-19,ITA
"5' 4""",1.63m,Right-Handed,Aug 06 1992,"Hong Kong, Hong Kong",314563.0,Tara Moore,145.0,2008-10-27 00:00:00,2025-08-18,GBR
"5' 10""",1.78m,Right-Handed,Aug 11 1990,"São Paulo, Brazil",314419.0,Paula Cristina Goncalves,158.0,2008-10-27 00:00:00,2022-04-25,BRA
,,Right-Handed,Apr 12 1991,"Aosta, Italy",314412.0,Vivienne Vierin,467.0,2008-10-27 00:00:00,2011-12-19,ITA
"5' 8""",1.73m,Right-Handed,Nov 14 1990,"Pula, Croatia",314333.0,Tereza Mrdeza,150.0,2008-10-27 00:00:00,2022-11-14,CRO
"5' 10""",1.79m,Right-Handed,May 07 1991,"Bratislava, Slovakia",315498.0,Romana Tabak,240.0,2008-11-03 00:00:00,2012-12-10,SVK
"5' 3""",1.60m,Right-Handed,Feb 04 1992,"Leopoldsburg, Belgium",316503.0,Sofie Oyen,403.0,2008-11-03 00:00:00,2016-10-10,BEL
"5' 8""",1.72m,Right-Handed,Jul 20 1992,"Dnipropetrovsk, Ukraine",314704.0,Nadiia Kichenok,100.0,2008-11-03 00:00:00,2023-08-21,UKR
,,Right-Handed,Oct 8 1991,"Bucharest, Romania",315169.0,Patricia Chirea,672.0,2008-11-03 00:00:00,2011-02-21,ROU
"5' 8""",1.72m,Right-Handed,Jul 10 1989,"Florianopolis, Brazil",314875.0,Natalia Cheng,553.0,2008-11-03 00:00:00,2011-02-21,BRA
,,Right-Handed,Apr 28 1990,"Casablanca, Morocco",313123.0,Nadia Lalami,322.0,2008-11-03 00:00:00,2012-08-06,MAR
,,Right-Handed,Jul 06 1986,"Linnich, Germany",315492.0,Sarah Gronert,164.0,2008-11-03 00:00:00,2013-06-17,GER
,,Right-Handed,Feb 10 1991,"Rome, Italy",313082.0,Martina Di Giuseppe,149.0,2008-11-03 00:00:00,2023-08-21,ITA
,,,,,314953.0,Sasha Khabibulina,736.0,2008-11-03 00:00:00,2012-08-06,BLR
,,,,,315231.0,Yi Zhong,910.0,2008-11-03 00:00:00,2011-12-19,CHN
"5' 8""",1.73m,Right-Handed,Apr 18 1992,"Ogōri, Japan",315113.0,Misa Eguchi,109.0,2008-11-03 00:00:00,2019-05-06,JPN
"5' 6""",1.68m,Right-Handed,Nov 6 1992,"Sosnowiec, Poland",315128.0,Paula Kania-Chodun,128.0,2008-11-03 00:00:00,2021-10-11,POL
"5' 1""",1.54m,Right-Handed,Dec 19 1987,"Osaka, Japan",315086.0,Shuko Aoyama,182.0,2008-11-03 00:00:00,2021-03-29,JPN
,,Right-Handed,Apr 4 1990,"Gangneung, South Korea",314129.0,Na-Ri Kim,286.0,2008-11-03 00:00:00,2025-08-18,KOR
,,Right-Handed,Jan 29 1989,"Daejeon, South Korea",315076.0,Seo-Kyung Kang,560.0,2008-11-03 00:00:00,2016-02-22,KOR
,,,,,316034.0,Petra Padalikova,944.0,2008-11-03 00:00:00,2008-11-03,CZE
,,Right-Handed,Mar 3 1989,"Belgrade, Serbia",312933.0,Nevena Selakovic,952.0,2008-11-03 00:00:00,2008-11-03,SRB
,,Right-Handed,Jan 12 1986,"Las Vegas, NV, USA",311545.0,Sabrina Capannolo,742.0,2008-11-03 00:00:00,2009-08-24,USA
"5' 5""",1.65m,Right-Handed,Mar 12 1991,"Plovdiv, Bulgaria",315023.0,Martina Gledacheva,399.0,2008-11-03 00:00:00,2012-08-06,BUL
,,,,,314968.0,Marisa Gianotti,958.0,2008-11-03 00:00:00,2011-12-19,AUS
"5' 6""",1.68m,Right-Handed,Feb 07 1992,"Samara, Russia",315002.0,Yana Buchina,334.0,2008-11-03 00:00:00,2014-11-03,RUS
,,Right-Handed,Nov 26 1991,"Moscow, Russia",314526.0,Victoria Kamenskaya,182.0,2008-11-03 00:00:00,2019-09-16,RUS
,,Right-Handed,Jan 6 1992,"Donetsk, Ukraine",314874.0,Oksana Pavlova,739.0,2008-11-03 00:00:00,2011-02-21,UKR
"5' 6""",1.68m,Right-Handed,Sep 1 1992,"Toronto, Canada",315364.0,Yuliana Motyl,1032.0,2008-11-03 00:00:00,2008-11-03,CAN
,,Right-Handed,Nov 3 1990,"Sejong City, South Korea",314190.0,Mi-Rae Ham,681.0,2008-11-03 00:00:00,2010-07-05,KOR
"5' 4""",1.63m,Right-Handed,Apr 18 1990,"Tashkent, Uzbekistan",314889.0,Olga Blank,1052.0,2008-11-03 00:00:00,2008-11-03,ISR
"5' 9""",1.74m,Right-Handed,Dec 21 1990,"Granville, France",315789.0,Myrtille Georges,168.0,2008-11-03 00:00:00,2022-05-02,FRA
,,Right-Handed,Apr 14 1991,"Madrid, Spain",313905.0,Rocio Lopez-Alberca,1011.0,2008-11-03 00:00:00,2008-11-03,ESP
,,Right-Handed,Jun 2 1989,"Sao Paulo, Brazil",313432.0,Natasha Lotuffo,722.0,2008-11-03 00:00:00,2012-08-06,BRA
,,Right-Handed,May 19 1991,"Brandys nad Labem, Czech Republic",315102.0,Martina Borecka,310.0,2008-11-03 00:00:00,2016-07-18,CZE
"5' 10""",1.78m,Right-Handed,May 02 1992,"Villena, Spain",314776.0,María-Teresa Torró-Flor,47.0,2008-11-03 00:00:00,2018-10-15,ESP
"5' 8""",1.72m,Right-Handed,Mar 15 1990,"Coto de Caza, CA, USA",314275.0,Mccall Jones,1011.0,2008-11-03 00:00:00,2008-11-03,USA
,,,,,314104.0,Veronika Domagala,917.0,2008-11-03 00:00:00,2011-12-19,POL
,,Right-Handed,Jun 06 1990,"Bangkok, Thailand",314447.0,Sophia Mulsap,837.0,2008-11-03 00:00:00,2008-11-03,THA
"5' 8""",1.72m,Right-Handed,Jul 5 1988,"Arlon, Belgium",313424.0,Sophie Cornerotte,838.0,2008-11-03 00:00:00,2008-11-03,BEL
,,Right-Handed,Feb 7 1988,"Dnipro, Ukraine",312472.0,Oksana Khomyk,841.0,2008-11-03 00:00:00,2008-11-03,UKR
"5' 5""",1.65m,Right-Handed,Jun 18 1992,"Saint Petersburg, Russia",316197.0,Renata Bakieva,641.0,2008-11-03 00:00:00,2010-01-25,RUS
,,,,,313748.0,Yoon-Young Jeong,585.0,2008-11-03 00:00:00,2011-02-21,KOR
,,Right-Handed,May 19 1992,"Aoste, Italy",314981.0,Martina Caregaro,254.0,2008-11-03 00:00:00,2024-02-26,ITA
,,Right-Handed,Jul 23 1991,"Moguilev, Belarus",313751.0,Viktoria Yemialyanava,536.0,2008-11-03 00:00:00,2011-03-14,BLR
,,,,,316401.0,Valentina Stephan,709.0,2008-11-03 00:00:00,2009-08-24,GER
"5' 7""",1.70m,Right-Handed,Mar 22 1991,"Moscow, Russia",314788.0,Marta Sirotkina,115.0,2008-11-03 00:00:00,2016-02-22,RUS
"6' 1""",1.86m,Right-Handed,Jul 03 1989,"Tianjin, China",314492.0,Yingying Duan,60.0,2008-11-03 00:00:00,2021-03-29,CHN
"5' 8""",1.72m,Right-Handed,Sep 21 1990,"Piatra Neamt, Romania",315340.0,Veronica Popovici,824.0,2008-11-03 00:00:00,2008-11-03,ROU
"5' 3""",1.61m,Right-Handed,Jul 31 1991,"Siófok, Hungary",316606.0,Reka Luca Jani,104.0,2008-11-03 00:00:00,2025-06-02,HUN
"5' 4""",1.63m,Right-Handed,Jul 09 1993,"Zagreb, Croatia",316143.0,Silvia Njiric,370.0,2008-11-03 00:00:00,2021-10-11,CRO
,,Right-Handed,Jun 16 1992,"Moscow, Russia",315003.0,Marina Lushchina,915.0,2008-11-03 00:00:00,2008-11-03,RUS
,,,,,314075.0,Nicole Monteiro,921.0,2008-11-03 00:00:00,2008-11-03,NED
"5' 9""",1.74m,Right-Handed,Aug 14 1991,"Bangkok, Thailand",314450.0,Nicha Lertpitaksinchai,280.0,2008-11-03 00:00:00,2018-10-15,THA
"5' 9""",1.76m,Right-Handed,Jul 15 1994,"Celje, Slovenia",316405.0,Nastja Kolar,178.0,2008-11-03 00:00:00,2022-10-24,SLO
"5' 4""",1.63m,Right-Handed,Jan 21 1992,"Asunción, Paraguay",314793.0,Veronica Cepede Royg,73.0,2008-11-03 00:00:00,2022-10-31,PAR
,,Right-Handed,Aug 5 1990,"Albury, Australia",314947.0,Stephanie Wiltshire,868.0,2008-11-03 00:00:00,2008-11-03,AUS
,,,,,314724.0,Renee Binnie,876.0,2008-11-03 00:00:00,2008-11-03,AUS
,,,,,315273.0,Tereza Malikova,356.0,2008-11-03 00:00:00,2016-07-18,CZE
"5' 10""",1.77m,Right-Handed,Nov 25 1986,"Pabianice, Poland",311476.0,Patrycja Sanduska,349.0,2008-11-03 00:00:00,2013-06-17,POL
"5' 6""",1.68m,Right-Handed,Jan 24 1990,"Bojnice, Slovakia",315038.0,Zuzana Zlochova,263.0,2008-11-03 00:00:00,2023-08-21,SVK
"5' 8""",1.72m,Right-Handed,Apr 06 1992,"Brisbane, Australia",315650.0,Monika Wejnert,324.0,2008-12-08 00:00:00,2011-09-05,AUS
,,Right-Handed,Jan 5 1992,"Sochi, Russia",316291.0,Nanuli Pipiya,317.0,2009-08-10 00:00:00,2012-08-06,RUS
"5' 9""",1.75m,Right-Handed,Sep 04 1994,"Tashkent, Uzbekistan",316627.0,Sabina Sharipova,122.0,2009-08-24 00:00:00,2022-05-02,UZB
"5' 6""",1.68m,Right-Handed,May 02 1991,"Martigues, France",314016.0,Victoria Larriere,172.0,2009-08-24 00:00:00,2017-04-10,FRA
"5' 10""",1.78m,Right-Handed,Jul 29 1985,"Moscow, Russia",316953.0,Olga Boulytcheva,671.0,2009-08-24 00:00:00,2010-01-25,RUS
"5' 6""",1.68m,Right-Handed,Apr 16 1992,"Doetinchem, Netherlands",317263.0,Richel Hogenkamp,94.0,2009-08-24 00:00:00,2022-11-14,NED
"5' 8""",1.72m,Right-Handed,Jan 03 1992,"Katowice, Poland",314643.0,Sandra Zaniewska,142.0,2009-08-24 00:00:00,2017-04-10,POL
,,Left-Handed,Jul 3 1992,"Munich, Germany",314820.0,Sarah-Rebecca Sekulic,283.0,2009-08-24 00:00:00,2025-08-18,GER
,,,,,316479.0,Zuzana Linhova,437.0,2009-08-24 00:00:00,2011-12-19,CZE
,,,,,314294.0,Yevgeniya Kryvoruchko,599.0,2009-08-24 00:00:00,2012-08-06,UKR
,,,,,313229.0,Yi Yang,582.0,2009-08-24 00:00:00,2014-04-14,CHN
"5' 5""",1.64m,Right-Handed,Sep 03 1992,"Tokyo, Japan",315211.0,Sachie Ishizu,162.0,2009-08-24 00:00:00,2016-07-18,JPN
"6' 0""",1.82m,Right-Handed,Dec 18 1992,"Moscow, Russia",316984.0,Yana Koroleva,393.0,2010-01-25 00:00:00,2014-01-20,RUS
,,Right-Handed,Sep 21 1992,"Manheim, Germany",315323.0,Sina Haas,415.0,2010-01-25 00:00:00,2016-02-22,GER
"5' 10""",1.79m,Right-Handed,Oct 31 1994,"Belgrade, Serbia",317090.0,Tamara Curovic,394.0,2010-01-25 00:00:00,2024-02-26,SRB
"5' 7""",1.70m,Right-Handed,Apr 07 1994,"Melbourne, Australia",317086.0,Viktorija Rajicic,279.0,2010-04-05 00:00:00,2018-03-19,AUS
"5' 4""",1.63m,Right-Handed,Jun 27 1993,"Yalta, Ukraine",315366.0,Valentyna Ivakhnenko,167.0,2010-04-05 00:00:00,2022-10-24,RUS
"5' 9""",1.75m,Left-Handed,Sep 02 1992,"Biel, Switzerland",316252.0,Xenia Knoll,254.0,2010-04-26 00:00:00,2021-03-29,SUI
,,Right-Handed,Dec 12 1991,"Zlin, Czech Republic",315200.0,Martina Kubicikova,386.0,2010-04-26 00:00:00,2014-11-03,CZE
,,Right-Handed,Jul 11 1993,"Granada, Spain",315603.0,Pilar Dominguez-Lopez,578.0,2010-04-26 00:00:00,2014-01-20,ESP
"5' 5""",1.65m,Right-Handed,Nov 29 1992,"Melbourne, Australia",315931.0,Sophie Letcher,257.0,2010-07-05 00:00:00,2012-01-23,AUS
,,Right-Handed,Apr 3 1989,"Courtrai, Belgium",312484.0,Valerie Verhamme,521.0,2010-07-05 00:00:00,2012-02-13,BEL
,,Right-Handed,Apr 5 1992,"Nice, France",315659.0,Morgane Pons,602.0,2010-07-05 00:00:00,2013-10-07,FRA
,,Right-Handed,Oct 21 1989,"Kolkata, India",312935.0,Shivika Burman,685.0,2010-07-05 00:00:00,2016-02-22,IND
"5' 7""",1.70m,Right-Handed,Sep 27 1993,"San Juan, Puerto Rico",317755.0,Monica Puig,27.0,2010-07-05 00:00:00,2021-10-11,PUR
,,Right-Handed,Nov 19 1991,"Kasugai, Japan",316082.0,Miyabi Inoue,275.0,2010-07-05 00:00:00,2021-10-11,JPN
"5' 10""",1.78m,Right-Handed,Jul 1 1991,"Piešťany, Slovakia",316152.0,Zuzana Luknarova,260.0,2010-07-05 00:00:00,2016-02-22,SVK
,,,,,314627.0,Milana Spremo,393.0,2010-07-05 00:00:00,2018-03-19,SRB
"5' 7""",1.70m,Right-Handed,Dec 22 1992,"Bratislava, Slovakia",315597.0,Michaela Honcova,218.0,2010-07-05 00:00:00,2021-03-29,SVK
"5' 6""",1.68m,Right-Handed,Nov 03 1992,"Saratov, Russia",317877.0,Valeriya Solovyeva,163.0,2010-07-05 00:00:00,2018-12-31,RUS
"5' 11""",1.81m,Right-Handed,Mar 21 1992,"Minsk, Belarus",314960.0,Polina Pekhova,287.0,2010-12-20 00:00:00,2014-11-03,BLR
"5' 7""",1.70m,Right-Handed,Feb 16 1992,"Szeged, Hungary",314705.0,Zsofia Susanyi,605.0,2011-01-17 00:00:00,2011-12-19,HUN
,,Right-Handed,Sep 12 1993,"Quito, Ecuador",316803.0,Marie Elise Casares,587.0,2011-01-17 00:00:00,2011-09-05,ECU
,,Right-Handed,Feb 10 1993,"Sao Paulo, Brazil",316470.0,Nathaly Kurata,399.0,2011-01-17 00:00:00,2022-10-24,BRA
,,,,,314198.0,Xiao Zhou,533.0,2011-01-17 00:00:00,2014-04-14,CHN
,,Right-Handed,Mar 13 1990,,313885.0,Yue-Yue Hu,249.0,2011-01-17 00:00:00,2014-11-10,CHN
,,Right-Handed,Jan 08 1994,"Henan, China",317055.0,Ran Tian,297.0,2011-01-17 00:00:00,2017-08-28,CHN
"5' 8""",1.72m,Right-Handed,Sep 11 1991,"Porto Alegre, Brazil",316440.0,Monique Albuquerque,509.0,2011-01-17 00:00:00,2012-02-13,BRA
,,Right-Handed,Feb 27 1993,"Moscow, Russia",315470.0,Natela Dzalamidze,245.0,2011-02-21 00:00:00,2018-07-16,GEO
"5' 7""",1.70m,Right-Handed,Jun 11 1993,"Bucharest, Romania",316228.0,Raluca Elena Joitoiu,487.0,2011-02-21 00:00:00,2014-11-03,ROU
"5' 6""",1.68m,Right-Handed,Jul 17 1993,"Trnava, Slovakia",317585.0,Vivien Juhaszova,374.0,2011-02-21 00:00:00,2021-03-29,SVK
"5' 7""",1.70m,Right-Handed,Jun 26 1993,"La Moule, Guadeloupe, France",317876.0,Oceane Adam,677.0,2011-02-21 00:00:00,2014-03-24,FRA
,,,,,315114.0,Yuka Higuchi,396.0,2011-02-21 00:00:00,2016-10-10,JPN
,,Right-Handed,Jan 19 1993,"Yevpatoria, Ukraine",317146.0,Nadiia Kolb,605.0,2011-02-21 00:00:00,2025-08-18,UKR
,,Right-Handed,Nov 11 1992,"Buenos Aires, Argentina",315811.0,Sofia Luini,492.0,2011-02-21 00:00:00,2021-03-08,ARG
,,,,,315220.0,Monika Tumova,762.0,2011-02-21 00:00:00,2011-12-19,CZE
,,Right-Handed,Nov 27 1993,"Saint Petersburg, Russia",316839.0,Polina Vinogradova,198.0,2011-02-21 00:00:00,2017-04-10,RUS
"5' 9""",1.75m,Right-Handed,Jul 10 1994,"Rivne, Ukraine",316506.0,Sofiya Kovalets,243.0,2011-02-21 00:00:00,2018-03-19,UKR
,,Right-Handed,Mar 29 1995,"Kyiv, Ukraine",317148.0,Olga Ianchuk,213.0,2011-02-21 00:00:00,2021-03-29,UKR
"5' 7""",1.70m,Right-Handed,Dec 17 1993,"Lima, Peru",316528.0,Patricia Ku Flores,332.0,2011-02-21 00:00:00,2014-11-03,PER
,,Right-Handed,Jan 23 1993,"Luzern, Switzerland",317659.0,Samira Giger,747.0,2011-02-21 00:00:00,2014-01-20,SUI
"5' 8""",1.72m,Right-Handed,Nov 30 1994,"Lisbon, Portugal",318045.0,Sofia Araujo,946.0,2011-02-21 00:00:00,2011-02-21,POR
,,Right-Handed,Dec 08 1992,Hungary,316299.0,Vanda Lukacs,369.0,2011-02-21 00:00:00,2022-10-31,HUN
"5' 5""",1.65m,Right-Handed,Aug 01 1993,"Bà Rịa–Vũng Tàu, Vietnam",316101.0,"Trang Huynh ",950.0,2011-02-21 00:00:00,2011-12-19,VIE
,,Right-Handed,Oct 2 1993,"Galati, Romania",316184.0,Sabina Lupu,729.0,2011-02-21 00:00:00,2012-08-06,ROU
"5' 8""",1.72m,Right-Handed,Sep 21 1993,"San Diego, CA, USA",316614.0,Zoe Gwen Scandalis,720.0,2011-02-21 00:00:00,2021-03-08,USA
,,Right-Handed,Aug 28 1992,,314862.0,Ting-Fei Juan,457.0,2011-02-21 00:00:00,2013-10-14,TPE
,,Right-Handed,Jun 17 1986,,315060.0,Yuka Mori,700.0,2011-02-21 00:00:00,2013-10-07,JPN
"5' 2""",1.58m,Right-Handed,Aug 14 1995,"Karlovy Vary, Czech Republic",317847.0,Petra Rohanova,681.0,2011-02-21 00:00:00,2016-02-22,CZE
,,Left-Handed,Jul 06 1991,"Kiryat-Bialik, ISrael",315993.0,Ofri Lankri,547.0,2011-02-21 00:00:00,2016-02-22,ISR
"5' 6""",1.68m,Right-Handed,Jun 02 1993,"İzmir, Turkey",315313.0,Melis Sezer,336.0,2011-02-21 00:00:00,2021-03-29,TUR
,,Right-Handed,Nov 9 1989,,313038.0,Veronika Sepp,807.0,2011-02-21 00:00:00,2012-08-06,AUT
"5' 11""",1.80m,Right-Handed,Feb 25 1993,"Budapest, Hungary",317357.0,Vaszilisza Bulgakova,543.0,2011-02-21 00:00:00,2012-08-06,HUN
"5' 1""",1.56m,Right-Handed,Aug 25 1993,"Sapporo, Japan",317562.0,Yuki Ito,985.0,2011-02-21 00:00:00,2011-02-21,JPN
"5' 9""",1.75m,Right-Handed,Aug 09 1993,"Bengaluru, India",317588.0,Sharmada Balu,585.0,2011-02-21 00:00:00,2023-08-21,IND
"5' 8""",1.72m,Right-Handed,Dec 30 1994,"West Palm Beach, FL, USA",317850.0,Nicole Robinson,865.0,2011-02-21 00:00:00,2013-10-07,USA
,,,,,314939.0,Stephanie Theiler,949.0,2011-02-21 00:00:00,2011-12-19,SUI
"5' 4""",1.62m,Right-Handed,May 20 1992,"Kyoto, Japan",315544.0,Miharu Imanishi,187.0,2011-02-21 00:00:00,2022-10-31,JPN
,,Right-Handed,May 14 1993,"Vijayawada, India",316267.0,Rishika Sunkara,459.0,2011-02-21 00:00:00,2018-03-19,IND
"5' 2""",1.57m,Right-Handed,Feb 24 1993,"Los Angeles, CA, USA",316957.0,Sabrina Santamaria,384.0,2011-02-21 00:00:00,2019-09-16,USA
"5' 9""",1.75m,Right-Handed,Jul 8 1991,"Lincoln, England",314698.0,Samantha Vickers,943.0,2011-02-21 00:00:00,2011-12-19,GBR
,,Right-Handed,Aug 04 1992,"Vienna, Austria",317949.0,Yvonne Neuwirth,305.0,2011-02-21 00:00:00,2021-03-29,AUT
,,Right-Handed,Sep 12 1994,"Palermo, Italy",317378.0,Silvia Albano,977.0,2011-02-21 00:00:00,2011-02-21,ITA
,,,,,315824.0,Volha Kalodzitsa,978.0,2011-02-21 00:00:00,2011-02-21,BLR
"5' 10""",1.78m,Right-Handed,Nov 30 1995,"Miami, Florida",317901.0,Victoria Duval,87.0,2011-02-21 00:00:00,2023-08-21,USA
"5' 6""",1.68m,Right-Handed,Sep 12 1993,"Shenzhen, China",316484.0,Zi Yang,303.0,2011-02-21 00:00:00,2016-02-22,CHN
"5' 3""",1.60m,Left-Handed,Mar 07 1990,"Chita, Japan",314346.0,Yuuki Tanaka,308.0,2011-02-21 00:00:00,2022-05-02,JPN
,,Left-Handed,Jul 22 1994,"Wonju, South Korea",317058.0,So-Ra Lee,247.0,2011-02-21 00:00:00,2022-10-24,KOR
,,,,,315138.0,Nannan Zhang,817.0,2011-02-21 00:00:00,2012-08-06,CHN
,,,,,315491.0,Nicky Van Dyck,644.0,2011-02-21 00:00:00,2012-08-06,BEL
,,,,,316297.0,Zsofia Miko,823.0,2011-02-21 00:00:00,2011-12-19,HUN
,,Right-Handed,Apr 27 1992,"Minsk, Belarus",315978.0,Vladislava Kuzmenkova,769.0,2011-02-21 00:00:00,2011-02-21,BLR
"5' 9""",1.75m,Right-Handed,May 14 1995,"Kyiv, Ukraine",318055.0,Yuliya Lysa,467.0,2011-02-21 00:00:00,2018-10-15,UKR
,,Right-Handed,Jun 30 1990,"Prague, Czech Republic",315224.0,Petra Krejsova,221.0,2011-02-21 00:00:00,2018-10-15,CZE
"5' 8""",1.73m,Right-Handed,Aug 14 1984,"Ayr, United Kingdom",310503.0,Nicola Slater,672.0,2011-02-21 00:00:00,2013-06-17,GBR
,,Right-Handed,Jul 30 1994,"Madrid, Spain",317626.0,Silvia Garcia Jimenez,697.0,2011-02-21 00:00:00,2012-10-29,ESP
"5' 11""",1.81m,Right-Handed,Jul 29 1993,"Brno, Czech Republic",316713.0,Nicole Melichar-Martinez,405.0,2011-02-21 00:00:00,2021-03-29,USA
,,,,,316636.0,Nicola George,690.0,2011-02-21 00:00:00,2011-12-19,GBR
"5' 5""",1.65m,Right-Handed,Apr 29 1990,"Brampton, Ontario",316323.0,Sonja Molnar,504.0,2011-02-21 00:00:00,2016-02-22,CAN
,,Right-Handed,Sep 18 1994,,317423.0,Olga Saez Larra,231.0,2011-02-21 00:00:00,2022-05-23,ESP
,,Left-Handed,Dec 25 1991,"Woerden, Netherlands",315317.0,Quirine Lemoine,137.0,2011-02-21 00:00:00,2022-10-31,NED
,,,,,314141.0,Paulina Milosavljevic,884.0,2011-02-21 00:00:00,2011-12-19,SWE
,,Right-Handed,Mar 22 1993,"Moscow, Russia",317939.0,Mukhabbat Saidova,887.0,2011-02-21 00:00:00,2011-02-21,RUS
,,,,,315937.0,Sabrina Baumgarten,849.0,2011-02-21 00:00:00,2012-08-06,GER
,,Right-Handed,Mar 14 1994,"Sumy, Ukraine",316018.0,Polina Rodionova,729.0,2011-02-21 00:00:00,2012-08-06,RUS
,,,,,317015.0,Marina Kachar,490.0,2011-02-21 00:00:00,2017-04-10,SRB
,,Right-Handed,Sep 12 1992,"Minsk, Belarus",315755.0,Sviatlana Pirazhenka,371.0,2011-02-21 00:00:00,2021-03-29,BLR
,,Right-Handed,Sep 22 1996,"Kyiv, Ukraine",318637.0,Marianna Zakarlyuk,406.0,2011-02-21 00:00:00,2023-08-21,UKR
,,Right-Handed,May 14 1995,"Jakarta, Indonesia",318391.0,Voni Darlina,840.0,2011-02-21 00:00:00,2011-02-21,INA
,,Right-Handed,Mar 15 1992,"Rotterdam, Netherlands",317558.0,Sabine Van Der Sar,842.0,2011-02-21 00:00:00,2011-02-21,NED
,,Right-Handed,Apr 17 1992,,315601.0,Seung-Yeon Hong,536.0,2011-02-21 00:00:00,2018-03-19,KOR
,,Right-Handed,Aug 3 1994,"Balashikha, Russia",317373.0,Tamara Bizhukova,713.0,2011-02-21 00:00:00,2021-03-08,RUS
"5' 5""",1.65m,Left-Handed,Jul 6 1992,"Incheon, South Korea",315159.0,Na Lae Han,149.0,2011-08-22 00:00:00,2024-07-15,KOR
,,Right-Handed,Sep 12 1992,"New Delhi, India",315520.0,Prerna Bhambri,358.0,2011-08-22 00:00:00,2018-10-15,IND
,,,,,313705.0,Stephanie Scimone,620.0,2011-08-22 00:00:00,2012-08-06,ITA
,,Right-Handed,May 11 1996,"Zaporizhia, Ukraine",318121.0,Valeria Patiuk,640.0,2011-09-05 00:00:00,2016-02-22,ISR
,,,,,316191.0,Min Liu,713.0,2011-09-05 00:00:00,2025-08-18,CHN
,,Right-Handed,Aug 03 1995,"Tashkent, Uzbekistan",319029.0,Victoria Kan,151.0,2011-11-28 00:00:00,2025-08-18,RUS
"5' 9""",1.76m,Right-Handed,Feb 11 1995,"Beijing, China",317547.0,Zhaoxuan Yang,151.0,2011-11-28 00:00:00,2021-03-29,CHN
,,Right-Handed,Sep 14 1993,"Banska Bystrica, Slovakia",317806.0,Viktoria Malova,764.0,2011-11-28 00:00:00,2012-08-06,SVK
"5' 11""",1.80m,Right-Handed,Jan 31 1987,"Wollongong, Australia",319345.0,Stephanie Bengson,557.0,2011-11-28 00:00:00,2013-09-09,AUS
,,Right-Handed,Jul 29 1994,"Maribor, Slovenia",317564.0,Tjasa Srimpf,636.0,2011-11-28 00:00:00,2014-03-24,SLO
,,,,,315653.0,Xin Wen,322.0,2011-11-28 00:00:00,2014-04-14,CHN
"5' 10""",1.77m,Left-Handed,Dec 30 1993,"Minsk, Belarus",316721.0,Viktoryia Kisialeva,750.0,2011-11-28 00:00:00,2011-12-19,BLR
,,Right-Handed,Jan 31 1994,"Limassol, Cyprus",316823.0,Natasha Fourouclas,474.0,2011-11-28 00:00:00,2016-02-22,RSA
"5' 4""",1.63m,Right-Handed,Oct 25 1994,"Hakodate, Japan",318004.0,Riko Sawayanagi,178.0,2011-11-28 00:00:00,2024-02-26,JPN
,,Right-Handed,Apr 06 1993,"Ufa, Russia",317482.0,Polina Monova,160.0,2011-11-28 00:00:00,2021-03-29,RUS
"5' 6""",1.68m,Right-Handed,Jan 5 1995,"Vrsac, Serbia",318279.0,Saska Gavrilovska,624.0,2011-11-28 00:00:00,2012-08-06,SRB
"5' 8""",1.72m,Right-Handed,Feb 3 1993,"Los Angeles, CA, USA",315356.0,Noel Scott,828.0,2011-12-19 00:00:00,2011-12-19,USA
,,Right-Handed,Aug 24 1994,"Antananarivo, Madagascar",316788.0,Zarah Razafimahatratra,563.0,2011-12-19 00:00:00,2014-11-03,MAD
,,Right-Handed,Oct 9 1994,"Hyderabad, India",316940.0,Nidhi Chilumula,582.0,2011-12-19 00:00:00,2018-03-19,IND
,,Right-Handed,Jan 27 1991,,315104.0,Martina Pradova,821.0,2011-12-19 00:00:00,2021-03-08,CZE
,,,,,318527.0,Rachael Tredoux,635.0,2011-12-19 00:00:00,2013-09-09,AUS
,,Right-Handed,Oct 23 1993,,317591.0,Yanina Darishina,805.0,2011-12-19 00:00:00,2012-08-06,RUS
,,Right-Handed,Dec 21 1986,"Clermont-Ferrand, France",316656.0,Mathilde Cor,804.0,2011-12-19 00:00:00,2012-08-06,FRA
,,Left-Handed,Jul 4 1991,"Alost, Belgium",314535.0,Michaela Boev,579.0,2011-12-19 00:00:00,2018-03-19,BEL
,,Right-Handed,Apr 7 1989,"Cordoba, Argentina",314309.0,Ornella Caron,792.0,2011-12-19 00:00:00,2012-08-06,ARG
,,Right-Handed,Jul 16 1993,"Brescia, Italy",315969.0,Stefania Fadabini,1017.0,2011-12-19 00:00:00,2011-12-19,ITA
"5' 9""",1.75m,Right-Handed,Sep 17 1992,"Bratislava, Slovakia",317857.0,Martina Frantova,956.0,2011-12-19 00:00:00,2013-10-07,SVK
"5' 8""",1.72m,Right-Handed,May 13 1994,"Shymkent, Kazakhstan",317987.0,Zalina Khairudinova,687.0,2011-12-19 00:00:00,2013-06-17,KAZ
,,Right-Handed,Jul 4 1994,"Trento, Italy",317575.0,Sara Eccel,1031.0,2011-12-19 00:00:00,2011-12-19,ITA
,,Left-Handed,May 11 1993,"Vall d'Uixo, Spain",315902.0,Paula Mocete-Talamantes,877.0,2011-12-19 00:00:00,2012-08-06,ESP
,,Right-Handed,Jul 16 1994,"Como, Italy",316448.0,Sara Sussarello,968.0,2011-12-19 00:00:00,2012-08-06,ITA
,,,,,316556.0,Sonia Daggou,1036.0,2011-12-19 00:00:00,2011-12-19,TUN
"5' 8""",1.73m,Right-Handed,Dec 27 1993,"Oldenburg, Germany",318410.0,Vivian Heisen,328.0,2011-12-19 00:00:00,2022-10-24,GER
,,Right-Handed,Jul 31 1994,"Paris, France",316725.0,Sybille Gauvain,985.0,2011-12-19 00:00:00,2011-12-19,FRA
,,Right-Handed,Oct 16 1994,,317834.0,Pei-Chi Lee,389.0,2011-12-19 00:00:00,2025-08-18,TPE
,,Right-Handed,Dec 2 1993,"Tashkent, Uzbekistan",318579.0,Viktoriya Karmenova,994.0,2011-12-19 00:00:00,2011-12-19,UZB
"5' 5""",1.65m,Right-Handed,May 4 1995,"Tashkent, Uzbekistan",318697.0,Natella Nabieva,987.0,2011-12-19 00:00:00,2012-08-06,UZB
"5' 1""",1.57m,Right-Handed,Jun 20 1993,"Tunis, Tunisia",316559.0,Nour Abbes,1009.0,2011-12-19 00:00:00,2011-12-19,TUN
"5' 7""",1.70m,Right-Handed,Jan 12 1993,"Varennes, Canada",315765.0,Marianne Jodoin,990.0,2011-12-19 00:00:00,2012-08-06,CAN
,,Right-Handed,Dec 5 1992,"Rome, Italy",317784.0,Stefania Rachel Rubini,293.0,2011-12-19 00:00:00,2023-08-21,ITA
"5' 6""",1.68m,Right-Handed,Dec 5 1988,"Hackensack, NJ, USA",315330.0,Noelle Hickey,826.0,2011-12-19 00:00:00,2014-01-20,USA
"5' 5""",1.65m,Right-Handed,Jun 14 1991,"Pelotas, Brazil",316438.0,Raquel Piltcher,1051.0,2011-12-19 00:00:00,2011-12-19,BRA
,,,,,316960.0,Rona Lavian,1088.0,2011-12-19 00:00:00,2011-12-19,ISR
"5' 8""",1.72m,Right-Handed,Aug 8 1994,"Istanbul, Turkey",317173.0,Seda Arantekin,786.0,2011-12-19 00:00:00,2012-08-06,TUR
,,Left-Handed,Sep 07 1993,"Braga, Portugal",316058.0,Rita Vilaca,1104.0,2011-12-19 00:00:00,2011-12-19,POR
"5' 7""",1.70m,Right-Handed,Jul 01 1994,"Asunción, Paraguay",319854.0,Montserrat Gonzalez,150.0,2011-12-19 00:00:00,2021-03-29,PAR
,,Left-Handed,Oct 19 1995,"Budapest, Hungary",319812.0,Naomi Totka,363.0,2011-12-19 00:00:00,2018-10-15,HUN
,,Right-Handed,Apr 13 1995,"Grosseto, Italy",318457.0,Valeria Prosperi,448.0,2011-12-19 00:00:00,2016-02-22,ITA
,,,,,316765.0,Valeria Osadchenko,1104.0,2011-12-19 00:00:00,2011-12-19,SWE
,,Right-Handed,Feb 8 1995,"Parkland, FL, USA",318662.0,Sherry Li,973.0,2011-12-19 00:00:00,2012-08-06,USA
"5' 11""",1.80m,Right-Handed,Sep 17 1994,,317519.0,Stephanie Wagner,263.0,2011-12-19 00:00:00,2025-08-18,GER
,,Right-Handed,Apr 2 1993,"Nanjing, China",316280.0,Yang Pang,1056.0,2011-12-19 00:00:00,2011-12-19,CHN
,,Right-Handed,Jan 23 1997,"Cirey-sur-Vezouze, France",319135.0,Victoria Muntean,438.0,2011-12-19 00:00:00,2025-08-18,FRA
,,Right-Handed,Jun 15 1991,"Winchester, VA, USA",316365.0,Emily J. Harman,1060.0,2011-12-19 00:00:00,2011-12-19,USA
,,Right-Handed,Sep 16 1992,"Singapore, Singapore",318388.0,Stefanie Tan,439.0,2011-12-19 00:00:00,2018-07-16,SIN
,,,,,315768.0,Melina Ferrero,847.0,2011-12-19 00:00:00,2019-09-16,ARG
,,Right-Handed,Feb 26 1993,"Jundiai, Brazil",316672.0,Marina Danzini,1083.0,2011-12-19 00:00:00,2011-12-19,BRA
,,Right-Handed,Sep 9 1993,"Weyer, Austria",317485.0,Patricia Haas,1066.0,2011-12-19 00:00:00,2011-12-19,AUT
"5' 7""",1.70m,Right-Handed,Aug 13 1994,"Lima, Peru",316742.0,Ximena Siles Luna,1066.0,2011-12-19 00:00:00,2011-12-19,PER
,,Right-Handed,Jun 2 1993,"Brasilia, Brazil",316905.0,Paula Feitosa,828.0,2011-12-19 00:00:00,2012-08-06,BRA
,,,,,317305.0,Meng Ning Deng,983.0,2011-12-19 00:00:00,2011-12-19,CHN
,,Right-Handed,Mar 03 1995,"Villars-Bramard, Switzerland",319002.0,Tess Sugnaux,413.0,2011-12-19 00:00:00,2025-08-18,SUI
"5' 10""",1.78m,Right-Handed,Nov 02 1989,"Newnan, GA, U.S.",317241.0,Natalie Pluskota,484.0,2011-12-19 00:00:00,2014-11-03,USA
,,,,,312185.0,Misa Kinoshita,882.0,2011-12-19 00:00:00,2011-12-19,JPN
"5' 10""",1.77m,Right-Handed,Dec 7 1991,"Beverly, MA, USA",318251.0,Veronica  Corning,904.0,2011-12-19 00:00:00,2013-10-07,USA
,,Right-Handed,Oct 6 1994,"Krasnodar, Russia",319464.0,Sabina Kurbanova,594.0,2011-12-19 00:00:00,2012-10-29,RUS
"5' 6""",1.67m,Right-Handed,Jul 23 1993,"Hsinchu, Taiwan",315740.0,Yu-Chieh Hsieh,846.0,2011-12-19 00:00:00,2011-12-19,TPE
,,,,,317267.0,Napatsakorn Sankaew,814.0,2011-12-19 00:00:00,2013-10-07,THA
"5' 10""",1.77m,Right-Handed,Apr 30 1990,"Spisska Nova Ves, Slovakia",316182.0,Monika Sirilova,867.0,2011-12-19 00:00:00,2011-12-19,SVK
"5' 9""",1.76m,Right-Handed,Oct 10 1994,"Hradec Králové, Czech Republic",318487.0,Tereza Smitkova,57.0,2011-12-19 00:00:00,2024-02-26,CZE
,,Right-Handed,Jul 20 1995,"Taipei, Taiwan",318776.0,Ya-Hsuan Lee,186.0,2011-12-19 00:00:00,2025-08-18,TPE
,,Right-Handed,Apr 12 1989,"Nagoya, Japan",315116.0,Yuriko Sakai,855.0,2011-12-19 00:00:00,2012-08-06,JPN
,,,,,317997.0,Matea Curic,949.0,2011-12-19 00:00:00,2011-12-19,CRO
"5' 5""",1.65m,Right-Handed,Dec 09 1995,"Łódź, Poland",318750.0,Natalia Siedliska,515.0,2011-12-19 00:00:00,2025-04-21,GER
"5' 4""",1.63m,Right-Handed,Jul 17 1994,"New Delhi, India",316842.0,Ratnika Batra,949.0,2011-12-19 00:00:00,2011-12-19,IND
,,Right-Handed,Nov 26 1988,"Tbilisi, Georgia",312622.0,Natia Gegia,615.0,2011-12-19 00:00:00,2012-10-29,GEO
,,Right-Handed,Jan 14 1996,"Puerto Ordaz, Venezuela",318474.0,Nadia Echeverria Alam,790.0,2011-12-19 00:00:00,2022-10-24,VEN
"5' 5""",1.65m,Right-Handed,Apr 03 1996,"Toyonaka, Japan",319473.0,Mayo Hibi,157.0,2011-12-19 00:00:00,2022-10-31,JPN
"6' 2""",1.88m,Right-Handed,Feb 18 1995,"Atlanta, Georgia",319220.0,Samantha Crawford,98.0,2011-12-19 00:00:00,2024-02-26,USA
"5' 6""",1.68m,Right-Handed,Jul 6 1995,"Astana, Kazakhstan",319071.0,Yelena Nemchen,727.0,2011-12-19 00:00:00,2014-01-20,KAZ
,,,,,317360.0,Xuanshuo Ou,946.0,2011-12-19 00:00:00,2011-12-19,CHN
,,,Jul 06 1996,"Nanjing, China",319509.0,Ziyue Sun,337.0,2011-12-19 00:00:00,2022-05-02,CHN
"5' 1""",1.56m,Right-Handed,Nov 21 1994,"Kyoto, Japan",317612.0,Miyu Kato,122.0,2011-12-19 00:00:00,2023-12-18,JPN
,,Right-Handed,Dec 18 1995,"Madrid, Spain",318887.0,Miriam Civera Lima,870.0,2011-12-19 00:00:00,2016-02-22,ESP
,,,,,311170.0,Sylvia Krywacz,743.0,2011-12-19 00:00:00,2012-08-06,USA
,,,,,317767.0,Matilda Hamlin,641.0,2011-12-19 00:00:00,2014-04-07,SWE
,,Right-Handed,May 14 1993,"Klosterneuburg, Austria",318423.0,Pia Konig,306.0,2011-12-19 00:00:00,2018-10-15,AUT
"5' 4""",1.63m,Right-Handed,Apr 10 1994,"Kobe, Japan",318704.0,Risa Ozaki,70.0,2011-12-19 00:00:00,2022-05-02,JPN
"5' 8""",1.73m,Right-Handed,Nov 12 1994,"Moscow, Russia",317889.0,Yana Sizikova,336.0,2012-07-23 00:00:00,2021-03-29,RUS
,,Right-Handed,Sep 20 1994,"Moscow, Russia",318210.0,Polina Leykina,184.0,2012-08-06 00:00:00,2025-08-18,RUS
"5' 10""",1.79m,Right-Handed,Aug 19 1994,"Tianjin, China",317960.0,Yuxuan Zhang,166.0,2012-08-06 00:00:00,2021-10-11,CHN
,,Left-Handed,Jun 24 1994,"Moscow, Russia",318417.0,Olga Doroshina,221.0,2012-08-06 00:00:00,2022-10-24,RUS
,,Right-Handed,May 12 1998,"Boca Raton, FL, USA",320260.0,Tornado Alicia Black,406.0,2012-08-06 00:00:00,2016-02-22,USA
"5' 10""",1.77m,Right-Handed,Oct 23 1992,"Ellwangen, Germany",316446.0,Verena Schmid,796.0,2012-08-06 00:00:00,2014-01-20,GER
"5' 11""",1.80m,Right-Handed,Dec 22 1994,"Split, Croatia",317707.0,Neda Koprcina,929.0,2012-08-06 00:00:00,2012-08-06,CRO
,,Right-Handed,Jan 8 1994,"Bucharest, Romania",316552.0,Simona Ionescu,657.0,2012-08-06 00:00:00,2016-02-22,ROU
,,Right-Handed,May 24 1993,"Newcastle, England",316287.0,Sabrina Bamburac,903.0,2012-08-06 00:00:00,2016-02-22,GBR
,,Right-Handed,Feb 1 1996,"Lyubertsy, Russia",319896.0,Ulyana Ayzatulina,665.0,2012-08-06 00:00:00,2019-09-16,RUS
,,,,,316843.0,Shweta Chandra Rana,541.0,2012-08-06 00:00:00,2016-02-22,IND
,,,,,317550.0,Nikola Horakova,871.0,2012-08-06 00:00:00,2014-11-03,CZE
,,Right-Handed,Jan 06 1996,"Freeport, Bahamas",319000.0,Simone Pratt,973.0,2012-08-06 00:00:00,2012-08-06,BAH
,,Right-Handed,Jun 24 1996,"New Delhi, India",320182.0,Simran Kaur Sethi,996.0,2012-08-06 00:00:00,2012-08-06,IND
,,Right-Handed,Jul 3 1994,"Kyiv, Ukraine",318054.0,Taisiya Zakarlyuk,812.0,2012-08-06 00:00:00,2013-06-17,UKR
,,,,,314483.0,Yue Yuan,951.0,2012-08-06 00:00:00,2012-08-06,CHN
,,Right-Handed,Nov 16 1994,"Zaporizhia, Ukraine",319416.0,Vladyslava Zanosiyenko,554.0,2012-08-06 00:00:00,2014-04-14,UKR
,,,,,317005.0,Steffi Distelmans,692.0,2012-08-06 00:00:00,2016-02-22,BEL
,,Right-Handed,Jul 3 1994,"Saint-Denis, Réunion, France",318338.0,Pauline Payet,590.0,2012-08-06 00:00:00,2025-08-18,FRA
"5' 9""",1.75m,Right-Handed,Dec 13 1996,"Moscow, Russia",318913.0,Varvara Flink,122.0,2012-08-06 00:00:00,2023-08-21,RUS
,,,,,314421.0,Yasmine Guimaraes,859.0,2012-08-06 00:00:00,2012-08-06,BRA
,,Right-Handed,Jan 17 1994,"Goa, India",318890.0,Natasha Palha,492.0,2012-08-06 00:00:00,2018-03-19,IND
,,Right-Handed,Nov 2 1995,"Ankara, Turkey",317936.0,Sultan Gonen,847.0,2012-08-06 00:00:00,2012-08-06,TUR
,,Right-Handed,Mar 21 1995,"Krymsk, Russia",319654.0,Mayya Katsitadze,317.0,2012-08-13 00:00:00,2016-02-22,RUS
,,Right-Handed,Jun 6 1994,"Opava, Czech Republic",316916.0,Pernilla Mendesova,287.0,2013-06-17 00:00:00,2018-03-19,CZE
,,Right-Handed,Jun 18 1994,"Barshi, India",318905.0,Prarthana Thombare,335.0,2013-06-17 00:00:00,2016-10-10,IND
,,Right-Handed,Jan 07 1993,"Chiang Rai, Thailand",317560.0,Varunya Wongteanchai,657.0,2013-06-17 00:00:00,2018-03-19,THA
,,Right-Handed,Apr 30 1992,"Leiderdorp, Netherlands",317578.0,Valeria Podda,623.0,2013-06-17 00:00:00,2014-03-24,NED
,,,,,316686.0,Nives Baric,646.0,2013-06-17 00:00:00,2016-02-22,AUS
,,Right-Handed,Oct 19 1994,"Vladivostok, Russia",318446.0,Tanya Samodelok,795.0,2013-06-17 00:00:00,2013-10-07,RUS
,,Right-Handed,Mar 27 1990,"Mount Kisco, NY, USA",315572.0,Stephanie Kent,775.0,2013-06-17 00:00:00,2021-03-08,USA
,,Right-Handed,May 15 1996,"Brno, Czech Republic",318491.0,Sandra Honigova,685.0,2013-06-17 00:00:00,2014-11-03,CZE
"6' 2""",1.88m,Left-Handed,Jan 19 1995,"Toruń, Poland",318135.0,Zuzanna Maciejewska,574.0,2013-06-17 00:00:00,2016-02-22,POL
"5' 8""",1.72m,Right-Handed,Mar 01 1996,"Odesa, Ukraine",319322.0,Oleksandra Korashvili,414.0,2013-06-17 00:00:00,2023-08-21,UKR
,,,,,317016.0,Michaela Frlicka,613.0,2013-06-17 00:00:00,2014-11-03,GER
,,Right-Handed,Apr 11 1995,"Bratislava, Slovakia",318202.0,Petra Uberalova,293.0,2013-08-19 00:00:00,2016-02-22,SVK
,,Left-Handed,Mar 07 1997,"Kyiv, Ukraine",319097.0,Tayisiya Morderger,400.0,2013-09-09 00:00:00,2025-08-18,GER
,,Right-Handed,Dec 06 1994,"Örebro, Sweden",319369.0,Susanne Celik,153.0,2013-09-09 00:00:00,2021-03-29,SWE
,,Right-Handed,Sep 24 1992,,319327.0,Xi-Yao Wang,628.0,2013-09-09 00:00:00,2014-11-03,CHN
,,,,,317614.0,Michika Ozeki,438.0,2013-09-09 00:00:00,2025-08-18,JPN
,,Left-Handed,Dec 11 1993,"Hyderabad, India",316920.0,Sowjanya Bavisetti,507.0,2013-09-09 00:00:00,2024-02-26,IND
"5' 6""",1.68m,Right-Handed,Nov 10 1995,"Dallas, TX, USA",321197.0,Peggy Porter,525.0,2013-09-09 00:00:00,2014-11-03,USA
,,Left-Handed,Apr 5 1995,"Moscow, Russia",317940.0,Shakhlo Saidova,655.0,2013-10-07 00:00:00,2016-02-22,RUS
"5' 11""",1.80m,Right-Handed,Nov 20 1995,"Cordoba, Argentina",318546.0,Sofia Blanco,427.0,2013-10-07 00:00:00,2014-11-24,ARG
,,,,,318119.0,Saray Sterenbach,580.0,2013-10-07 00:00:00,2016-02-22,ISR
,,Right-Handed,Oct 21 1997,"Casablanca, Morocco",321008.0,Rita Atik,760.0,2013-10-07 00:00:00,2021-03-08,MAR
"5' 5""",1.65m,Right-Handed,Nov 11 1995,"Tokyo, Japan",321495.0,Yuriko Lily Miyazaki,132.0,2013-10-07 00:00:00,2025-08-18,GBR
,,Right-Handed,Jan 15 1994,"Czaniec, Poland",320099.0,Paulina Czarnik,850.0,2013-10-07 00:00:00,2018-03-19,POL
"5' 10""",1.77m,Right-Handed,Oct 22 1993,"Targu Jiu, Romania",318130.0,Stefana Andrei,915.0,2013-10-07 00:00:00,2013-10-07,ROU
"5' 9""",1.75m,Right-Handed,Oct 27 1995,"Podgorica, Montenegro",320057.0,Vladica Babic,486.0,2013-10-07 00:00:00,2022-10-24,MNE
,,Right-Handed,Sep 27 1990,"Offenbach, Germany",315689.0,Natalie Proese,820.0,2013-10-07 00:00:00,2016-02-22,GER
"5' 5""",1.65m,Right-Handed,Aug 3 1993,"Stuttgart, Germany",318165.0,Stefanie Stemmer,823.0,2013-10-07 00:00:00,2014-01-20,GER
,,Right-Handed,Nov 11 1995,"Tashkent, Uzbekistan",317946.0,Polina Merenkova,873.0,2013-10-07 00:00:00,2016-02-22,UZB
"6' 2""",1.85m,Right-Handed,Mar 6 1996,,320317.0,Sara Ottomano,749.0,2013-10-07 00:00:00,2018-03-19,SUI
"5' 9""",1.75m,Right-Handed,Dec 19 1995,"Pitești, Romania",319240.0,Nicoleta Dascalu,266.0,2013-10-07 00:00:00,2022-10-31,ROU
,,Right-Handed,Sep 24 1997,"Saguenay, Canada",320685.0,Marie Leduc,673.0,2013-10-07 00:00:00,2016-02-22,CAN
,,Right-Handed,Oct 01 1996,"Nordstrand, Norway",320762.0,Melanie Stokke,261.0,2013-10-07 00:00:00,2022-05-02,NOR
"5' 9""",1.76m,Left-Handed,Oct 30 1994,"Tallinn, Estonia",318450.0,Mia Eklund,541.0,2013-10-07 00:00:00,2019-11-25,FIN
,,Right-Handed,Aug 25 1996,"Buenos Aires, Argentina",319848.0,Stephanie Petit,527.0,2013-10-07 00:00:00,2018-10-15,ARG
"5' 4""",1.63m,Right-Handed,Apr 11 1995,"Richmond, Canada",319378.0,Wendy Qi-Wen Zhang,965.0,2013-10-07 00:00:00,2013-10-07,CAN
"5' 4""",1.63m,Right-Handed,Jan 2 1998,"Kocaeli, Turkey",320969.0,Oyku Boz,810.0,2013-10-07 00:00:00,2014-03-24,TUR
,,Right-Handed,Sep 27 1994,"Hitchin, England",317491.0,Sophie Watts,972.0,2013-10-07 00:00:00,2013-10-07,GBR
,,,,,315609.0,Marina Lazic,976.0,2013-10-07 00:00:00,2013-10-07,SRB
"5' 6""",1.67m,Right-Handed,May 11 1997,"Jakarta, Indonesia",320039.0,Olivia Tjandramulia,350.0,2013-10-07 00:00:00,2024-02-26,AUS
,,Right-Handed,May 25 1989,"Trabuco Canyon, CA, USA",315389.0,Molly Scott,931.0,2013-10-07 00:00:00,2013-10-07,USA
"5' 6""",1.67m,Left-Handed,Mar 11 1993,"Chiba, Japan",319612.0,Nozomi Fujioka,852.0,2013-10-07 00:00:00,2016-02-22,JPN
,,Right-Handed,Oct 20 1991,"Gouda, Netherlands",320441.0,Monique Zuur,727.0,2013-10-07 00:00:00,2014-11-03,NED
"5' 8""",1.72m,Right-Handed,Apr 21 1994,"Putney, Australia",318257.0,Nicole Hoynaski,799.0,2013-10-07 00:00:00,2014-03-24,AUS
,,Right-Handed,Jan 10 1998,"Zhongshan, China",320329.0,Shilin Xu,190.0,2013-10-07 00:00:00,2025-08-18,CHN
,,Right-Handed,Aug 2 1991,"Prairie Village, KS, USA",321336.0,Mary Weatherholt,852.0,2013-10-07 00:00:00,2014-01-20,USA
"6' 0""",1.82m,Right-Handed,Jan 21 1996,"Istanbul, Turkey",317930.0,Naz Karagoz,980.0,2013-10-07 00:00:00,2013-10-07,TUR
"5' 8""",1.73m,Right-Handed,Sep 11 1987,"Kempton Park, South Africa",320627.0,Michelle Sammons,704.0,2013-10-07 00:00:00,2014-11-03,RSA
,,,,,318265.0,Xiaorong Dong,766.0,2013-10-07 00:00:00,2014-11-03,CHN
,,Right-Handed,Sep 05 1995,"Baja, Hungary",320339.0,Szabina Szlavikovics,529.0,2014-01-20 00:00:00,2021-03-29,HUN
,,Right-Handed,Jan 1 1996,,320392.0,Yan Wang,359.0,2014-01-20 00:00:00,2017-04-10,CHN
,,,,,320609.0,Vivian Zlatanova,670.0,2014-01-20 00:00:00,2016-02-22,BUL
,,Right-Handed,May 24 1993,"Apia, Samoa",318743.0,Steffi Carruthers,662.0,2014-01-20 00:00:00,2021-03-29,SAM
,,Right-Handed,Mar 3 1991,"Ottawa, Canada",316322.0,Petra Januskova,635.0,2014-01-20 00:00:00,2021-03-08,CAN
,,Right-Handed,Apr 26 1995,"Bratislava, Slovakia",318848.0,Natalia Vajdova,477.0,2014-01-20 00:00:00,2018-03-19,SVK
"5' 11""",1.80m,Right-Handed,Jul 23 1996,"Wayne, NJ, USA",319565.0,Ryann Foster,874.0,2014-01-20 00:00:00,2014-11-03,USA
,,Right-Handed,Jan 13 1996,"Campo Bom, Brazil",318734.0,Suellen Abel,852.0,2014-01-20 00:00:00,2014-01-20,BRA
,,,,,320507.0,Vendula Zovincova,588.0,2014-09-22 00:00:00,2018-10-15,CZE
"5' 10""",1.77m,Left-Handed,Sep 30 1998,"Kyiv, Ukraine",320934.0,Olga Fridman,232.0,2014-09-22 00:00:00,2017-05-08,UKR
,,Right-Handed,Mar 26 1993,"Ceuta, Spain",317333.0,Olga Parres Azcoitia,688.0,2014-09-22 00:00:00,2025-06-30,ESP
"5' 9""",1.76m,Right-Handed,Mar 08 1996,"Bucharest, Romania",319575.0,Oana Georgeta Simion,380.0,2014-09-22 00:00:00,2025-08-18,ROU
,,Right-Handed,Jun 7 1990,"Rochester, NY, USA",313842.0,Nadja Gilchrist,397.0,2014-09-22 00:00:00,2019-09-16,USA
,,Right-Handed,May 12 1992,"Desio, Italy",318019.0,Martina Spigarelli,540.0,2014-11-03 00:00:00,2025-04-21,ITA
,,Right-Handed,Jul 26 1999,"Chicago, IL, USA",322248.0,Michaela Gordon,480.0,2014-11-03 00:00:00,2018-07-16,USA
,,,Apr 19 1997,,322926.0,Yixuan Li,722.0,2014-11-03 00:00:00,2018-03-19,CHN
,,,,,321615.0,Nina Alibalic,494.0,2014-11-03 00:00:00,2023-08-21,AUS
,,,,,315820.0,Oleksandra Piskun,881.0,2014-11-03 00:00:00,2018-03-19,UKR
,,Right-Handed,Feb 13 1997,,322318.0,Snehadevi Reddy,449.0,2014-11-03 00:00:00,2018-10-15,IND
,,Right-Handed,Dec 8 1996,"Schwenningen, Germany",318932.0,Stefanie Vorih,826.0,2014-11-03 00:00:00,2014-11-03,GER
,,,,,318947.0,Nora Niedmers,664.0,2014-11-03 00:00:00,2019-09-16,GER
,,Right-Handed,May 05 1989,"Caracas, Venezuela",321083.0,Mariaryeni Gutierrez,917.0,2014-11-03 00:00:00,2016-02-22,VEN
"6' 3""",1.90m,Right-Handed,Apr 15 1996,"Changsha, China",321742.0,Ying Zhang,356.0,2014-11-03 00:00:00,2025-08-18,CHN
,,Right-Handed,Sep 2 1997,"Ortisei, Italy",320246.0,Verena Hofer,695.0,2014-11-03 00:00:00,2021-03-08,ITA
"5' 10""",1.77m,Right-Handed,May 8 1996,"Bradenton, FL, USA",321303.0,Natalie Suk,926.0,2014-11-03 00:00:00,2014-11-03,USA
,,,,,319221.0,Yeong Won Jeong,887.0,2014-11-03 00:00:00,2021-03-08,KOR
,,Left-Handed,Jul 11 1997,"Jablonec, Czech Republic",321134.0,Nina Holanova,934.0,2014-11-03 00:00:00,2016-02-22,CZE
"5' 10""",1.77m,Right-Handed,Dec 01 1999,"Moscow, Russia",323758.0,Sofya Zhuk,116.0,2014-11-03 00:00:00,2021-04-05,RUS
"5' 7""",1.70m,Right-Handed,Jan 27 1998,"Moscow, Russia",321721.0,Yulia Bryzgalova,865.0,2014-11-03 00:00:00,2016-02-22,RUS
,,Right-Handed,Jul 24 1996,,320229.0,Pia Cuk,459.0,2014-11-03 00:00:00,2021-03-29,SLO
,,Right-Handed,Oct 4 1995,,319052.0,Sri Peddi Reddy,626.0,2014-11-03 00:00:00,2021-03-08,IND
,,Right-Handed,Sep 04 1996,"Asuncion, Paraguay",319177.0,Sara Gimenez,752.0,2014-11-03 00:00:00,2016-02-22,PAR
"5' 2""",1.60m,Right-Handed,Nov 27 1973,"Melbourne, AUS.",319645.0,Samantha Harris,762.0,2014-11-03 00:00:00,2019-09-16,AUS
,,Right-Handed,Dec 19 1995,"Mueang Phon, Thailand",320342.0,Patcharin Cheapchandej,445.0,2014-11-03 00:00:00,2025-08-18,THA
,,Right-Handed,Nov 29 1997,"Huzhou, China",321023.0,Qiu Yu Ye,499.0,2014-11-03 00:00:00,2025-08-18,CHN
,,Right-Handed,Oct 11 1995,"St. Gallen, Switzerland",320031.0,Nina Stadler,532.0,2014-11-03 00:00:00,2021-10-11,SUI
,,,,,322162.0,Mizuno Kijima,509.0,2014-11-03 00:00:00,2018-03-19,JPN
"5' 7""",1.70m,Right-Handed,Sep 03 1996,"Orlando, United States",319888.0,Rianna Valdes,648.0,2014-11-03 00:00:00,2016-02-22,USA
,,Right-Handed,Dec 19 1996,"Maribor, Slovenia",320273.0,Natalija Sipek,588.0,2014-11-03 00:00:00,2016-02-22,SLO
,,Right-Handed,Jun 11 1997,"Burdett, KS, USA",321180.0,Marie Norris,779.0,2014-11-03 00:00:00,2016-02-22,USA
"6' 1""",1.85m,Right-Handed,Feb 16 1997,"Volgograd, Russia",320832.0,Natalia Vikhlyantseva,54.0,2015-01-12 00:00:00,2023-04-17,RUS
,,Right-Handed,Apr 29 1998,"Boston, MA, USA",320363.0,Nicole Frenkel,419.0,2015-08-24 00:00:00,2017-04-10,USA
"6' 0""",1.84m,Right-Handed,Sep 29 1998,"Minsk, Belarus",322730.0,Vera Lapko,60.0,2015-09-14 00:00:00,2023-10-30,BLR
"5' 10""",1.79m,Right-Handed,Jun 02 1998,"Topoľčany, Slovakia",322708.0,Tereza Mihalikova,349.0,2015-09-14 00:00:00,2023-08-21,SVK
"5' 7""",1.70m,Right-Handed,Nov 04 1997,"Giza, Egypt",319931.0,Sandra Samir,342.0,2015-09-14 00:00:00,2025-08-18,EGY
,,Right-Handed,Feb 05 1998,"Gold Coast, Australia",322452.0,Sara Tomic,379.0,2015-09-14 00:00:00,2021-10-11,AUS
,,Right-Handed,Mar 07 1994,,319993.0,Xuliu Sun,384.0,2015-09-14 00:00:00,2021-10-11,CHN
,,Right-Handed,Oct 24 1996,"Ballarat, Australia",319856.0,Zoe Hives,140.0,2015-09-14 00:00:00,2023-08-21,AUS
,,Right-Handed,Jun 16 1996,"Minsk, Belarus",319116.0,Sadafmoh Tolibova,548.0,2015-12-07 00:00:00,2021-03-29,BLR
,,Right-Handed,Mar 3 1999,"Penza, Russia",322567.0,Marta Paigina,288.0,2015-12-07 00:00:00,2018-10-29,RUS
"5' 9""",1.75m,Right-Handed,Sep 24 1997,"Rohtak, India",320221.0,Riya Bhatia,338.0,2016-01-25 00:00:00,2025-08-18,IND
,,Right-Handed,Apr 03 1995,"Harare, Zimbabwe",317743.0,Valeria Bhunu,503.0,2016-01-25 00:00:00,2025-08-18,ZIM
,,Left-Handed,Feb 5 1997,,320385.0,Mirabelle Njoze,611.0,2016-01-25 00:00:00,2018-03-19,GBR
,,Right-Handed,May 6 1997,"Moscow, Russia",321563.0,Valeriya Urzhumova,691.0,2016-01-25 00:00:00,2021-03-08,RUS
,,,,,321080.0,Yukun Zhang,694.0,2016-01-25 00:00:00,2018-03-19,CHN
"5' 5""",1.65m,Right-Handed,Feb 26 1997,"Budapest, Hungary",321388.0,Rebeka Stolmar,524.0,2016-01-25 00:00:00,2023-08-21,HUN
"5' 9""",1.75m,Right-Handed,Aug 19 1995,"Ojai, CA, USA",319908.0,Yuki Chiang,485.0,2016-01-25 00:00:00,2018-10-15,USA
,,Right-Handed,Apr 26 1998,"Plovdiv, Bulgaria",320561.0,Petia Arshinkova,482.0,2016-01-25 00:00:00,2022-04-25,BUL
,,,,,321296.0,Yuanyi Yu,669.0,2016-01-25 00:00:00,2016-07-18,CHN
"5' 6""",1.68m,Right-Handed,Jun 06 1996,"Chuncheon, South Korea",323403.0,Sunam Jeong,357.0,2016-02-22 00:00:00,2023-08-21,KOR
,,Right-Handed,Sep 6 1999,,321879.0,Noelia Bouzo Zanotti,608.0,2016-02-22 00:00:00,2025-08-18,ESP
"5' 6""",1.68m,Left-Handed,Aug 10 1995,"Liverpool, England",318924.0,Sarah Beth Grey,277.0,2016-02-22 00:00:00,2025-08-18,GBR
,,Right-Handed,Apr 12 1998,"Krakow, Poland",323039.0,Oliwia Szymczuch,875.0,2016-02-22 00:00:00,2025-08-04,POL
,,Right-Handed,Mar 07 1995,"Matsuyama, Japan",319999.0,Nagi Hanatani,356.0,2016-02-22 00:00:00,2025-08-18,JPN
"5' 6""",1.68m,Right-Handed,Jul 30 1998,"Orsay, France",320954.0,Theo Gravouil,498.0,2016-02-22 00:00:00,2021-03-08,FRA
,,Right-Handed,Jan 17 1995,"Chennai, India",319144.0,Sai Chamarthi,833.0,2016-02-22 00:00:00,2018-10-15,IND
"5' 9""",1.76m,Right-Handed,Jun 29 1984,"Kagoshima, Japan",319180.0,Natsumi Chimura,831.0,2016-02-22 00:00:00,2016-02-22,JPN
,,Left-Handed,Nov 19 1997,"Moscow, Russia",322334.0,Veronika Miroshnichenko,289.0,2016-02-22 00:00:00,2025-08-18,RUS
"5' 3""",1.61m,Right-Handed,Nov 19 1997,"Nonthaburi, Thailand",320821.0,Plobrung Plipuech,781.0,2016-02-22 00:00:00,2017-04-10,THA
,,Right-Handed,Jun 17 1989,"Hashimoto, Japan",315312.0,Yoshimi Kawasaki,958.0,2016-02-22 00:00:00,2016-02-22,JPN
,,,,,324593.0,Veronika Vlkovska,979.0,2016-02-22 00:00:00,2021-03-08,CZE
,,Right-Handed,Feb 16 1998,"Moscow, Russia",324202.0,Polina Novikova,975.0,2016-02-22 00:00:00,2016-02-22,RUS
,,,,,317673.0,Nicole Collie,952.0,2016-02-22 00:00:00,2016-02-22,AUS
,,,,,320797.0,Yuenu Li,925.0,2016-02-22 00:00:00,2016-02-22,CHN
"5' 5""",1.66m,Right-Handed,Jan 03 1996,"Wuhan, China",322744.0,Yuqi Sheng,901.0,2016-02-22 00:00:00,2021-03-08,CHN
,,Right-Handed,Jan 09 1995,"Taormina, Italy",317541.0,Miriana Tona,310.0,2016-02-22 00:00:00,2025-08-18,ITA
,,Right-Handed,Jun 2 1995,"Essling, Austria",319569.0,Marlies Szupper,669.0,2016-02-22 00:00:00,2018-03-19,AUT
,,,,,325608.0,Xiaoxi Zhao,670.0,2016-02-22 00:00:00,2018-03-19,CHN
"5' 7""",1.70m,Right-Handed,May 7 1999,"Pereira, Colombia",322126.0,Sofia Munera Sanchez,946.0,2016-02-22 00:00:00,2016-02-22,COL
,,Right-Handed,Mar 23 1992,"Ensenada, Mexico",323743.0,Sabastiani Leon,742.0,2016-02-22 00:00:00,2025-08-18,MEX
"5' 11""",1.79m,Right-Handed,May 8 1999,"Harrisburg, PA, USA",322015.0,Nicole Coopersmith,480.0,2016-02-22 00:00:00,2018-03-19,USA
"5' 9""",1.75m,Right-Handed,Oct 8 1998,"Frankfurt, Germany",321837.0,Vivian Wolff,351.0,2016-02-22 00:00:00,2025-08-18,USA
,,Left-Handed,Apr 14 1997,"Ubon Ratchathani, Thailand",321340.0,Tamachan Momkoonthod,707.0,2016-02-22 00:00:00,2021-03-08,THA
,,Right-Handed,Mar 30 1999,"Guntur, India",321724.0,Pranjala Yadlapalli,265.0,2016-02-22 00:00:00,2025-06-16,IND
,,Right-Handed,May 10 1996,"Kushira, Japan",320966.0,Risa Ushijima,359.0,2016-02-22 00:00:00,2023-08-21,JPN
,,Right-Handed,Mar 07 1997,"Kyiv, Ukraine",319098.0,Yana Morderger,361.0,2016-02-22 00:00:00,2025-08-18,GER
,,Right-Handed,Jan 5 1998,"Hefei, China",321239.0,Zhanlan Wei,483.0,2016-02-22 00:00:00,2018-10-15,CHN
,,Right-Handed,Jan 17 1999,"Xuzhou, China",324313.0,Siqi Cao,548.0,2016-02-22 00:00:00,2021-03-29,CHN
,,Right-Handed,Sep 16 1998,"Madrid, Spain",322381.0,Marta Gonzalez Encinas,614.0,2016-02-22 00:00:00,2023-08-21,ESP
,,Right-Handed,Jun 11 1990,"Moulins-lès-Metz, France",316396.0,Priscilla Heise,382.0,2016-02-22 00:00:00,2019-09-16,FRA
"5' 3""",1.60m,Right-Handed,Apr 27 1996,"Chiba, Japan",321172.0,Yukina Saigo,753.0,2016-02-22 00:00:00,2025-02-24,JPN
,,Right-Handed,Apr 29 2000,"Khabarovsk, Russia",324613.0,Olesya Pervushina,348.0,2016-02-22 00:00:00,2018-10-15,RUS
,,Right-Handed,Oct 22 1996,"Omsk, Russia",321560.0,Vasilisa Aponasenko,744.0,2016-02-22 00:00:00,2021-03-08,RUS
,,Right-Handed,Aug 31 1992,"New Canaan, CT, USA",321002.0,Tina Tehrani,991.0,2016-02-22 00:00:00,2016-02-22,USA
,,,,,319192.0,Sang Hee Park,650.0,2016-02-22 00:00:00,2018-03-19,KOR
,,Right-Handed,May 18 2000,"Taichung, Taiwan",324959.0,Yang Lee,1205.0,2016-02-22 00:00:00,2016-02-22,TPE
,,,,,317027.0,You-Na Sul,1046.0,2016-02-22 00:00:00,2018-03-19,KOR
"5' 9""",1.75m,Right-Handed,Dec 8 1995,"Belgrade, Serbia",321368.0,Teodora Radosavljevic,1212.0,2016-02-22 00:00:00,2016-02-22,SRB
,,,,,324960.0,Sing Fan Chiang,1159.0,2016-02-22 00:00:00,2016-02-22,TPE
"5' 6""",1.68m,Right-Handed,Feb 12 1997,"Nesher, Israel",319779.0,Valeria Nikolaev,1168.0,2016-02-22 00:00:00,2016-02-22,ISR
"5' 4""",1.63m,Right-Handed,Apr 17 1997,"Monterrey, Mexico",320706.0,Sarai Delfina Monarrez Yesaki,1183.0,2016-02-22 00:00:00,2016-02-22,MEX
,,,,,321619.0,Mila Popivoda,1183.0,2016-02-22 00:00:00,2016-02-22,SRB
,,Right-Handed,Oct 8 1999,"Ostrava, Czech Republic",324861.0,Monika Kilnarova,276.0,2016-02-22 00:00:00,2022-10-31,CZE
"5' 3""",1.61m,Right-Handed,Sep 24 1999,"Saitama, Japan",323474.0,Satsuki Takamura,626.0,2016-02-22 00:00:00,2021-03-08,JPN
,,Right-Handed,Jun 15 1999,"Cherbourg, France",322272.0,Valentine Bacher,1183.0,2016-02-22 00:00:00,2016-02-22,FRA
,,Right-Handed,Oct 6 1997,"Moscow, Russia",321920.0,Valentina Kulikova,1168.0,2016-02-22 00:00:00,2016-02-22,RUS
,,Right-Handed,Oct 28 1995,"Ufa, Russia",322349.0,Sofia Salimova,1168.0,2016-02-22 00:00:00,2016-02-22,RUS
,,Right-Handed,Sep 7 1997,"Saint Petersburg, Russia",322295.0,Natalia Belova,1212.0,2016-02-22 00:00:00,2016-02-22,RUS
,,Right-Handed,Mar 9 1997,"Valencia, Spain",320997.0,Marta Garcia Gausi,1292.0,2016-02-22 00:00:00,2016-02-22,ESP
,,Right-Handed,Jan 18 1999,"Paris, France",320971.0,Schena Benamar,1262.0,2016-02-22 00:00:00,2023-08-21,FRA
,,Right-Handed,Feb 2 1997,"Ghent, Belgium",321452.0,Morgane Michiels,1292.0,2016-02-22 00:00:00,2016-02-22,BEL
,,,,,321125.0,Yujin Ahn,749.0,2016-02-22 00:00:00,2025-08-18,KOR
"5' 5""",1.65m,Right-Handed,Jul 12 1993,"Hiroshima, Japan",320967.0,Megumi Nishimoto,689.0,2016-02-22 00:00:00,2018-10-15,JPN
"5' 6""",1.68m,Right-Handed,Jan 10 1996,"Barranquilla, Colombia",318946.0,Paula Perez Garcia,1287.0,2016-02-22 00:00:00,2016-02-22,COL
,,,,,318562.0,Sophia Bursulaya,1246.0,2016-02-22 00:00:00,2016-02-22,USA
,,,,,320732.0,Yasmin Gulman,1292.0,2016-02-22 00:00:00,2016-02-22,TUR
,,,,,318903.0,Se-Hyun Kim,1011.0,2016-02-22 00:00:00,2019-09-16,KOR
,,Right-Handed,Jan 23 1998,"Kiryat Ono, Israel",320751.0,Shiran Arol Wiegand,1292.0,2016-02-22 00:00:00,2016-02-22,ISR
"5' 5""",1.65m,Right-Handed,Mar 6 1996,"Trencin, Slovakia",318485.0,Monika Stanikova,1246.0,2016-02-22 00:00:00,2016-02-22,SVK
,,Right-Handed,Oct 19 1998,"Barcelona, Spain",322302.0,Meritxell Perera Ros,814.0,2016-02-22 00:00:00,2018-03-19,ESP
"5' 6""",1.68m,Right-Handed,Mar 19 1997,"Vysoke Tatry, Slovakia",322838.0,Nikola Dolakova,1246.0,2016-02-22 00:00:00,2016-02-22,SVK
"5' 3""",1.61m,Right-Handed,Mar 7 1999,"San Antonio, TX, USA",324225.0,Miranda Ramirez,1246.0,2016-02-22 00:00:00,2016-02-22,USA
,,Right-Handed,Jul 08 1999,"Azur, Israel",324607.0,Shelly Krolitzky,1212.0,2016-02-22 00:00:00,2016-02-22,ISR
,,Right-Handed,Jan 8 1992,"Chennai, India",314859.0,Rashmi Teltumbde,1246.0,2016-02-22 00:00:00,2016-02-22,IND
,,,,,320426.0,Muge Topsel,1246.0,2016-02-22 00:00:00,2016-02-22,TUR
,,Right-Handed,Oct 29 1997,"Fergana, Uzbekistan",320214.0,Sarvinoz Saidhujaeva,1246.0,2016-02-22 00:00:00,2016-02-22,UZB
,,Right-Handed,Jun 15 1997,,320800.0,Sneha Padamata,1246.0,2016-02-22 00:00:00,2016-02-22,IND
,,Right-Handed,Jan 3 1994,"Seeheim, Germany",317397.0,Theresa Kleinsteuber,1246.0,2016-02-22 00:00:00,2016-02-22,GER
,,Right-Handed,Mar 21 1997,"London, England",322966.0,Savannah Sills,1156.0,2016-02-22 00:00:00,2016-02-22,GBR
,,Right-Handed,Sep 28 1995,"Oldenzaal, Netherlands",318499.0,Nikki Luttikhuis,1050.0,2016-02-22 00:00:00,2016-02-22,NED
,,Right-Handed,Jul 24 1992,"Nice, France",318737.0,Marie Temin,569.0,2016-02-22 00:00:00,2022-10-24,FRA
"6' 1""",1.85m,Right-Handed,Mar 28 1995,"Prague, Czech Republic",319265.0,Marina Hruba,1046.0,2016-02-22 00:00:00,2016-02-22,CZE
"5' 4""",1.63m,Right-Handed,May 18 1998,"Shoam, Israel",321092.0,May Kimhi,1043.0,2016-02-22 00:00:00,2016-02-22,ISR
"6' 0""",1.82m,Right-Handed,Jul 18 1997,"Zakopane, Poland",323036.0,Patrycja Polanska,1038.0,2016-02-22 00:00:00,2016-02-22,POL
,,Right-Handed,Apr 27 1994,,319222.0,Sung Hee Kim,1038.0,2016-02-22 00:00:00,2016-02-22,KOR
,,Right-Handed,Feb 23 1999,,322751.0,Nermeen Shawky,1034.0,2016-02-22 00:00:00,2016-02-22,EGY
,,Left-Handed,Oct 21 1995,"Kamianske, Ukraine",320859.0,Veronika Stotyka,1050.0,2016-02-22 00:00:00,2016-02-22,UKR
,,Right-Handed,Jan 9 1997,"Beijing, China",323104.0,Yijia Shao,1071.0,2016-02-22 00:00:00,2016-02-22,CHN
,,,,,321507.0,Pei-Ju Chien,1068.0,2016-02-22 00:00:00,2016-02-22,TPE
,,Right-Handed,Sep 2 1995,"Cronenbourg, France",319574.0,Sarah Finck,1068.0,2016-02-22 00:00:00,2016-02-22,FRA
,,Right-Handed,Jun 27 1989,,315082.0,Tea Faber,1065.0,2016-02-22 00:00:00,2016-02-22,CRO
,,Left-Handed,Jun 20 1991,"Civitavecchia, Italy",313999.0,Marianna Natali,1050.0,2016-02-22 00:00:00,2016-02-22,ITA
,,Right-Handed,Nov 5 2002,"Minsk, Belarus",317569.0,Viktoryia Mun,1034.0,2016-02-22 00:00:00,2016-02-22,BLR
,,Right-Handed,Nov 23 1994,"Vrbas, Serbia",320692.0,Masa Jovanovic,519.0,2016-02-22 00:00:00,2021-03-08,AUS
,,Right-Handed,Jun 26 1993,"Lahore, Pakistan",316893.0,Ushna Suhail,1004.0,2016-02-22 00:00:00,2016-02-22,PAK
,,Right-Handed,Dec 5 1992,"Moscow, Russia",317948.0,Varvara Kuznetsova,998.0,2016-02-22 00:00:00,2018-03-19,RUS
,,,,,317369.0,Se Jin Lee,1011.0,2016-02-22 00:00:00,2016-02-22,KOR
,,Right-Handed,Mar 31 1998,"Tallinn, Estonia",322296.0,Valeria Gorlats,1011.0,2016-02-22 00:00:00,2016-02-22,EST
,,Right-Handed,Jul 28 1991,"Vienna, Austria",316398.0,Natasha Bredl,1022.0,2016-02-22 00:00:00,2016-02-22,AUT
,,Right-Handed,Aug 9 1996,"Wuhan, China",320390.0,Shanshan Guo,479.0,2016-02-22 00:00:00,2021-03-29,CHN
,,Right-Handed,Apr 13 1992,"Antananarivo, Madagascar",321857.0,Sandra Andriamarosoa,1016.0,2016-02-22 00:00:00,2016-02-22,MAD
,,Right-Handed,May 26 1999,"Lodz, Poland",324147.0,Wiktoria Kulik,1011.0,2016-02-22 00:00:00,2016-02-22,POL
,,Right-Handed,Mar 27 1994,"Qinhuangdao, China",317548.0,Qianqian Zhao,1072.0,2016-02-22 00:00:00,2021-03-08,CHN
"5' 8""",1.72m,Right-Handed,Jan 09 1999,"Tel Mond, Israel",323089.0,Maya Tahan,578.0,2016-02-22 00:00:00,2021-03-29,ISR
"5' 5""",1.65m,Right-Handed,Sep 30 1998,"Nivelles, Belgium",322032.0,Victoria Smirnova,1127.0,2016-02-22 00:00:00,2016-02-22,BEL
,,Right-Handed,Apr 14 1997,"Tamines, Belgium",321717.0,Mathilde Devits,1127.0,2016-02-22 00:00:00,2016-02-22,BEL
"5' 4""",1.63m,Right-Handed,Jun 11 1997,"Prague, Czech Republic",324542.0,Natalie Kallmunzerova,1127.0,2016-02-22 00:00:00,2016-02-22,CZE
,,Right-Handed,Feb 7 1996,"Kazan, Russia",318445.0,Sabina Shaydullina,1118.0,2016-02-22 00:00:00,2016-02-22,RUS
,,Right-Handed,May 22 1996,"Turin, Italy",318198.0,Michele Zmau,493.0,2016-02-22 00:00:00,2019-11-25,ITA
"5' 1""",1.54m,Right-Handed,Jan 25 1999,"Saitama, Japan",324663.0,Seira Shimizu,1118.0,2016-02-22 00:00:00,2016-02-22,JPN
,,,,,319021.0,Sofia Dmitrieva,1045.0,2016-02-22 00:00:00,2021-03-08,RUS
,,,,,320206.0,Nelise Verster,1150.0,2016-02-22 00:00:00,2016-02-22,RSA
,,,,,320410.0,Si Qi Liu,1127.0,2016-02-22 00:00:00,2021-03-08,CHN
,,Right-Handed,Sep 14 1997,"Trnava, Slovakia",321019.0,Sandra Jamrichova,712.0,2016-02-22 00:00:00,2018-03-19,SVK
"5' 5""",1.65m,Right-Handed,Mar 17 1997,"Barcelona, Spain",321067.0,Natalia Serrano Garcia,1127.0,2016-02-22 00:00:00,2016-02-22,ESP
,,Right-Handed,Jan 11 1997,"Zagreb, Croatia",319757.0,Martina Basic,1088.0,2016-02-22 00:00:00,2016-02-22,CRO
,,Right-Handed,Jun 11 1996,"Pamplona, Spain",321154.0,Marta Sexmilo Pascual,1088.0,2016-02-22 00:00:00,2016-02-22,ESP
"5' 11""",1.80m,Right-Handed,Dec 6 1998,"Moscow, Russia",324419.0,Polina Malykh,1078.0,2016-02-22 00:00:00,2016-02-22,RUS
,,Right-Handed,Dec 12 1996,"Vysoka nad Labem, Czech Republic",323316.0,Natalie Novotna,1109.0,2016-02-22 00:00:00,2016-02-22,CZE
"5' 4""",1.63m,Right-Handed,Oct 6 1998,"Vancouver, Canada",321468.0,Rosie Johanson,1109.0,2016-02-22 00:00:00,2016-02-22,CAN
"5' 9""",1.75m,Left-Handed,Aug 25 1998,"Moscow, Russia",320830.0,Valeriya Pogrebnyak,994.0,2016-02-22 00:00:00,2018-03-19,RUS
"5' 7""",1.69m,Right-Handed,Dec 16 1998,"Vienna, Austria",323769.0,Mira Antonitsch,514.0,2016-02-22 00:00:00,2021-10-11,AUT
,,Right-Handed,Jun 4 1997,"Lyon, France",319968.0,Mathilde Armitano,680.0,2016-02-22 00:00:00,2021-03-29,FRA
,,Right-Handed,Apr 4 1994,"Kyiv, Ukraine",318644.0,Olena Kyrpot,1099.0,2016-02-22 00:00:00,2016-02-22,UKR
,,Right-Handed,Oct 14 1995,,318582.0,Tamari Chalaganidze,1099.0,2016-02-22 00:00:00,2016-02-22,GEO
"5' 5""",1.65m,Right-Handed,Jan 14 1993,"Long Island, NY, USA",319244.0,Shelby Talcott,625.0,2016-02-22 00:00:00,2019-09-16,USA
"5' 7""",1.70m,Right-Handed,Oct 20 1998,"Moscow, Russia",324143.0,Valeriya Zeleva,561.0,2016-07-18 00:00:00,2018-10-15,RUS
"5' 10""",1.78m,Right-Handed,Apr 11 1997,"Most, Czech Republic",324052.0,Miriam Skoch,247.0,2016-10-10 00:00:00,2023-08-21,CZE
"5' 2""",1.58m,Right-Handed,Aug 22 1998,"Saitama, Japan",324125.0,Momoko Kobori,226.0,2016-10-10 00:00:00,2025-08-18,JPN
,,Right-Handed,Dec 3 1993,"New Kensington, PA, USA",321436.0,Ronit Yurovsky,357.0,2016-10-10 00:00:00,2018-10-15,USA
,,Right-Handed,May 15 1999,"São Paulo, Brazil",321236.0,Thaisa Grana Pedretti,379.0,2017-04-10 00:00:00,2025-08-18,BRA
,,Right-Handed,Feb 18 1999,"Ahmedabad, India",324632.0,Zeel Desai,528.0,2017-04-10 00:00:00,2025-08-18,IND
,,Right-Handed,Jun 25 1999,"Chuhuiv, Ukraine",325335.0,Maryna Chernyshova,280.0,2017-04-10 00:00:00,2022-07-25,UKR
"5' 8""",1.72m,Right-Handed,Aug 22 1991,"Betzdorf, Germany",316027.0,Romy Koelzer,395.0,2017-04-10 00:00:00,2022-10-31,GER
,,Right-Handed,Jan 11 1998,"Eindhoven, Netherlands",323601.0,Phillis Vanenburg,761.0,2017-04-10 00:00:00,2017-04-10,NED
,,Right-Handed,Feb 23 1998,"Schagerbrug, Netherlands",323236.0,Nina Kruijer,600.0,2017-04-10 00:00:00,2018-03-19,NED
,,Right-Handed,Jun 16 1992,,326012.0,Suzy Larkin,646.0,2017-04-10 00:00:00,2018-03-19,GBR
,,Right-Handed,Feb 12 1999,"Greenwich, CT, United States",325785.0,Michaela Haet,526.0,2017-08-28 00:00:00,2018-03-19,AUS
"5' 6""",1.68m,Right-Handed,May 16 2002,"Las Vegas, NV, USA",326102.0,Naomi Cheong,488.0,2018-03-05 00:00:00,2021-03-29,USA
,,Right-Handed,Mar 24 1999,"Moscow, Russia",322261.0,Polina Golubovskaya,584.0,2018-03-05 00:00:00,2019-11-25,RUS
"5' 7""",1.75m,Right-Handed,Apr 24 2000,"Minsk, Belarus",324782.0,Yuliya Hatouka,180.0,2018-03-05 00:00:00,2025-08-18,BLR
"5' 4""",1.63m,Right-Handed,Mar 18 1998,"Kobe, Japan",325238.0,Ramu Ueda,531.0,2018-03-05 00:00:00,2023-08-21,JPN
,,,,,325804.0,Ran Meng,755.0,2018-03-19 00:00:00,2018-03-19,CHN
"5' 9""",1.75m,Right-Handed,Aug 28 2000,"Lakewood, CA, USA",324771.0,Salma Ewing,654.0,2018-03-19 00:00:00,2025-08-18,USA
,,Right-Handed,Feb 2 1999,"Minsk, Belarus",323254.0,Nika Shytkouskaya,749.0,2018-03-19 00:00:00,2021-03-08,RUS
,,Right-Handed,Jul 11 2001,"Bryansk, Russia",326117.0,Vlada Koval,339.0,2018-03-19 00:00:00,2022-10-31,RUS
,,Right-Handed,Sep 10 2000,"Chengdu, China",324327.0,Qianhui Tang,691.0,2018-03-19 00:00:00,2025-08-18,CHN
,,,Jan 15 1998,,325807.0,Shuo Feng,558.0,2018-03-19 00:00:00,2025-08-18,CHN
"5' 4""",1.63m,Right-Handed,Jul 11 1995,"San Diego, CA, USA",323526.0,Megan Mccray,818.0,2018-03-19 00:00:00,2025-01-06,USA
"5' 3""",1.61m,Right-Handed,Apr 1 1999,"Fort Dodge, IA, USA",322017.0,Victoria Flores,625.0,2018-03-19 00:00:00,2025-06-16,USA
,,Right-Handed,Dec 6 2000,"Minsk, Belarus",324784.0,Shalimar Talbi,342.0,2018-03-19 00:00:00,2022-10-31,BLR
"5' 6""",1.68m,Right-Handed,Feb 27 1998,"Lobos, Argentina",321946.0,Melany Krywoj,529.0,2018-03-19 00:00:00,2025-08-18,ARG
,,Right-Handed,Feb 10 1995,"Waterford, Ireland",320873.0,"Sinead Lohan ",770.0,2018-03-19 00:00:00,2021-03-08,IRL
,,Right-Handed,Apr 25 1999,"Saint Petersbourg, Russia",324622.0,Polina Bakhmutkina,772.0,2018-03-19 00:00:00,2025-08-18,RUS
,,,,,324330.0,Zhuoma Ni Ma,775.0,2018-03-19 00:00:00,2025-08-18,CHN
,,,,,323851.0,Tereza Prochazkova,788.0,2018-03-19 00:00:00,2018-03-19,CZE
"6' 1""",1.83m,Right-Handed,Jun 11 1999,,324559.0,Yanni Liu,691.0,2018-03-19 00:00:00,2025-08-18,CHN
,,,,,324331.0,Shou Mu,1006.0,2018-03-19 00:00:00,2021-03-08,CHN
,,Right-Handed,Sep 11 1989,"Belgorod, Russia",317145.0,Yulia Kulikova,866.0,2018-03-19 00:00:00,2018-10-15,RUS
"5' 10""",1.78m,Right-Handed,Oct 26 1994,"Norwich, England",322256.0,Olivia Nicholls,1014.0,2018-03-19 00:00:00,2018-03-19,GBR
,,,,,325868.0,Sakura Hondo,553.0,2018-03-19 00:00:00,2021-10-11,JPN
,,Right-Handed,Feb 17 2000,,322867.0,Warona Mdlulwa,1023.0,2018-03-19 00:00:00,2021-03-08,RSA
"5' 9""",1.75m,Right-Handed,Jul 19 1994,"London, England",318387.0,Tiffany William,858.0,2018-03-19 00:00:00,2025-04-21,GBR
,,,,,321713.0,Suzuho Oshino,913.0,2018-03-19 00:00:00,2024-02-26,JPN
"5' 3""",1.61m,Right-Handed,Jan 8 1999,"Chandigarh, India",324470.0,Nandini Sharma,969.0,2018-03-19 00:00:00,2018-03-19,IND
"5' 6""",1.68m,Right-Handed,Dec 17 1997,"Williamston, MI, U.S.",320896.0,Sara Daavettila,595.0,2018-03-19 00:00:00,2025-08-18,USA
,,Right-Handed,Feb 28 2000,,323383.0,Pei Hsuan Chen,974.0,2018-03-19 00:00:00,2018-03-19,TPE
,,,,,322063.0,Weronika Forys,981.0,2018-03-19 00:00:00,2018-03-19,POL
,,Left-Handed,Jan 17 2000,"Tha Thong, Thailand",322566.0,Watsachol Sawasdee,718.0,2018-03-19 00:00:00,2025-02-24,THA
,,Right-Handed,Mar 21 1992,"Colombo, Sri Lanka",323925.0,Rushri Wijesundera,787.0,2018-03-19 00:00:00,2022-10-31,USA
"5' 6""",1.68m,Right-Handed,Mar 23 1993,"Petropolis, Brazil",318052.0,Rebeca Pereira,869.0,2018-03-19 00:00:00,2025-08-18,BRA
"5' 11""",1.80m,Right-Handed,Mar 19 2000,"Falkenberg, Sweden",326002.0,Molly Helgesson,1044.0,2018-03-19 00:00:00,2018-03-19,SWE
"5' 10""",1.78m,Right-Handed,Dec 28 1999,"Kunming, China",322948.0,Tingting Pei,1046.0,2018-03-19 00:00:00,2018-03-19,CHN
"5' 6""",1.68m,Right-Handed,May 11 2000,"Moscow, Russia",323197.0,Sofya Golubovskaya,692.0,2018-03-19 00:00:00,2018-10-15,RUS
,,Right-Handed,Jun 23 1998,"Bad Segeberg, Germany",326245.0,Sophia Intert,1061.0,2018-03-19 00:00:00,2018-03-19,GER
,,Right-Handed,Feb 6 1999,,323595.0,Ramya Natarajan,1056.0,2018-03-19 00:00:00,2021-03-08,IND
"5' 11""",1.80m,Right-Handed,Jun 30 1995,"Miami, FL, U.S.",321253.0,Rasheeda Mcadoo,530.0,2018-03-19 00:00:00,2025-08-18,USA
,,Right-Handed,Feb 26 2000,"Avila, Spain",323176.0,Paula Arias Manjon,698.0,2018-03-19 00:00:00,2025-08-18,ESP
,,Right-Handed,Oct 18 1989,"Moscow, Russia",313161.0,Marina Yudanov,517.0,2018-03-19 00:00:00,2021-10-11,SWE
,,Right-Handed,Jan 06 2001,"Chisinau, Moldova",326463.0,Vitalia Stamat,827.0,2018-03-19 00:00:00,2021-03-08,MDA
"6' 3""",1.91m,Right-Handed,Jan 14 1999,"Belgrade, Serbia",325021.0,Tijana Spasojevic,875.0,2018-03-19 00:00:00,2018-03-19,SRB
,,Right-Handed,Jul 31 2002,"Pretoria, South Africa",326840.0,Zoe Kruger,424.0,2018-03-19 00:00:00,2025-06-30,RSA
"5' 6""",1.68m,Right-Handed,Dec 20 2002,"Caudebec Les Elbeuf, France",327032.0,Salma Djoubri,412.0,2018-03-19 00:00:00,2022-10-31,FRA
,,Right-Handed,Aug 20 1999,"Best, Netherlands",324860.0,Merel Hoedt,474.0,2018-03-19 00:00:00,2025-08-18,NED
"5' 3""",1.62m,Right-Handed,Jun 10 1994,"Kagoshima, Japan",317106.0,Sari Baba,857.0,2018-03-19 00:00:00,2018-03-19,JPN
,,Right-Handed,Jun 26 1999,"Moscow, Russia",323887.0,Valeriya Yushchenko,374.0,2018-03-19 00:00:00,2025-08-18,RUS
,,Right-Handed,Jul 03 1999,"Tuzla, Bosnia & Herzegovina",324543.0,Nefisa Berberovic,221.0,2018-03-19 00:00:00,2025-02-03,BIH
,,Right-Handed,Dec 15 1997,"Gdansk, Poland",324659.0,Paulina Jastrzebska,1097.0,2018-03-19 00:00:00,2019-09-16,POL
,,Right-Handed,Jul 21 1997,Right-Handed,321519.0,Verena Meliss,495.0,2018-03-19 00:00:00,2025-08-18,ITA
"5' 9""",1.75m,Right-Handed,Jul 08 1999,"Calhoun, GA, U.S.",326678.0,Mccartney Kessler,63.0,2018-03-19 00:00:00,2025-08-18,USA
"5' 10""",1.77m,Right-Handed,Aug 11 2001,"South Durras, Australia",325840.0,Mylene Halemai,851.0,2018-03-19 00:00:00,2021-03-29,FRA
,,,,,324319.0,Mi You,942.0,2018-03-19 00:00:00,2018-03-19,CHN
"5' 11""",1.80m,Right-Handed,Dec 25 1999,"Wollongong, Australia",325784.0,Renee Mcbryde,946.0,2018-03-19 00:00:00,2018-03-19,AUS
,,Right-Handed,Jun 23 2001,"Port Saint Lucie, FL, USA",325049.0,Safiya Carrington,946.0,2018-03-19 00:00:00,2021-03-08,USA
,,Right-Handed,Nov 16 1997,"Moscow, Russia",321430.0,Nonna Kurginyan,949.0,2018-03-19 00:00:00,2018-03-19,RUS
,,Right-Handed,Mar 10 2001,"Bratislava, Slovakia",324465.0,Viktoria Morvayova,343.0,2018-03-19 00:00:00,2025-08-18,SVK
,,,Sep 24 1997,,322480.0,Vinciane Remy,956.0,2018-03-19 00:00:00,2019-11-25,FRA
,,Right-Handed,Apr 15 1998,,320864.0,Stephanie Nemtsova,960.0,2018-03-19 00:00:00,2018-03-19,USA
"5' 7""",1.70m,Right-Handed,Jul 22 1999,"Miami, FL, USA",323393.0,Sofia Sewing,457.0,2018-03-19 00:00:00,2024-02-26,USA
"5' 5""",1.65m,Right-Handed,Sep 11 1999,"Mar del Plata, Argentina",323212.0,Paula Baranano,808.0,2018-03-19 00:00:00,2018-10-15,ARG
,,Right-Handed,Jun 29 1999,,324318.0,Shuyue Ma,204.0,2018-07-16 00:00:00,2023-08-21,CHN
,,Right-Handed,Feb 03 1997,"Turakina, New Zealand",320834.0,Paige Mary Hourigan,393.0,2018-07-16 00:00:00,2023-08-21,NZL
"5' 4""",1.63m,Right-Handed,Apr 19 1995,"Valley Center, CA, USA",327533.0,Monica Robinson,700.0,2018-07-16 00:00:00,2019-11-25,USA
,,Right-Handed,Jan 9 2000,"Guangzhou, China",326546.0,Meiqi Guo,458.0,2018-10-15 00:00:00,2025-08-18,CHN
"5' 6""",1.68m,Right-Handed,Dec 30 1997,"Tokyo, Japan",320305.0,Shiori Fukuda,797.0,2018-10-15 00:00:00,2021-03-29,JPN
,,Right-Handed,Jan 23 2001,"Tokyo, Japan",327191.0,Naho Sato,319.0,2018-10-15 00:00:00,2025-08-18,JPN
,,,Feb 05 2003,,327226.0,Punnin Kovapitukted,486.0,2018-10-15 00:00:00,2025-08-18,THA
,,Right-Handed,Jun 06 2002,"Moers, Germany",326113.0,Mina Hodzic,482.0,2018-10-15 00:00:00,2025-08-18,GER
,,Right-Handed,Jun 23 1992,"Sierre, Switzerland",314471.0,Sandy Marti,845.0,2018-10-15 00:00:00,2025-03-03,SUI
,,,,,325861.0,Meixu Wu,770.0,2018-10-15 00:00:00,2024-02-26,CHN
,,,,,326159.0,Ziyi Yang,852.0,2018-10-15 00:00:00,2021-03-08,CHN
,,Right-Handed,Jan 21 2001,"Hamina, Finland",325108.0,Oona Orpana,479.0,2018-10-15 00:00:00,2022-05-02,FIN
"5' 4""",1.63m,Right-Handed,Feb 16 2001,"Niigata, Japan",326235.0,Yuki Naito,169.0,2018-10-15 00:00:00,2025-08-18,JPN
,,Right-Handed,Jun 12 2000,"Haifa, Israel",324666.0,Nicole Nadel,717.0,2018-10-15 00:00:00,2023-08-21,ISR
"5' 5""",1.64m,Right-Handed,Jan 1 1991,"La Quinta, CA, USA",313930.0,Pamela Montez,493.0,2018-10-15 00:00:00,2022-10-31,USA
"5' 7""",1.70m,Right-Handed,Sep 02 2001,"Fairfax, VA, USA",326271.0,Natasha Subhash,382.0,2019-08-05 00:00:00,2022-05-02,USA
,,Right-Handed,Mar 19 2000,"Koper, Slovenia",327918.0,Nika Radisic,330.0,2019-08-19 00:00:00,2025-08-18,SLO
"5' 8""",1.72m,Right-Handed,Nov 6 2000,"Kyiv, Ukraine",325334.0,Viktoriia Dema,550.0,2019-08-26 00:00:00,2023-08-21,UKR
,,Right-Handed,Sep 10 1997,"Nipomo, CA, USA",327814.0,Sophia Whittle,399.0,2019-08-26 00:00:00,2022-05-02,USA
,,Right-Handed,Aug 14 1993,"Los Angeles, CA, USA",316194.0,Sarah Lee,761.0,2019-09-16 00:00:00,2021-03-29,USA
,,Right-Handed,Apr 28 1996,,324506.0,Pauline Wuarin,831.0,2019-09-16 00:00:00,2021-03-29,SUI
,,Right-Handed,Nov 29 2000,"Hertzeliya, Israel",324151.0,Tamara Barad Itzhaki,856.0,2019-09-16 00:00:00,2023-08-21,ISR
"5' 9""",1.75m,Right-Handed,Sep 13 1998,"Hod HaSharon, Israel",323093.0,Shahar Biran,828.0,2019-09-16 00:00:00,2021-03-08,ISR
,,Right-Handed,Nov 26 2001,"Nova Pazova, Serbia",327294.0,Mihaela Djakovic,756.0,2019-09-16 00:00:00,2025-03-03,SRB
,,Right-Handed,Sep 26 2000,"Indija, Serbia",327500.0,Tamara Malesevic,865.0,2019-09-16 00:00:00,2021-03-29,SRB
"5' 4""",1.63m,Right-Handed,Apr 6 2001,"Moscow, Russia",329301.0,Taisya Pachkaleva,539.0,2019-09-16 00:00:00,2021-10-11,RUS
,,Right-Handed,Jan 25 2000,"Elst, Netherlands",327547.0,Stephanie Visscher,540.0,2019-09-16 00:00:00,2025-08-18,NED
"5' 9""",1.75m,Right-Handed,Jul 7 2001,"Warsaw, Poland",326053.0,Stefania Rogozinska Dzik,791.0,2019-09-16 00:00:00,2025-08-18,POL
,,Right-Handed,Feb 16 1999,"Piombino, Italy",324703.0,Sara Gambogi,751.0,2019-09-16 00:00:00,2021-03-29,ITA
,,Left-Handed,Nov 5 2002,"Minsk, Belarus",327364.0,Viktoriya Kanapatskaya,702.0,2019-09-16 00:00:00,2021-03-29,BLR
"5' 11""",1.80m,Right-Handed,Feb 26 2001,"Ashbourne, England",326659.0,Victoria Allen,944.0,2019-09-16 00:00:00,2025-08-18,GBR
,,Right-Handed,Jul 10 2000,"Bat Yam, Israel",324813.0,Shelly Bereznyak,790.0,2019-09-16 00:00:00,2021-03-29,ISR
"5' 8""",1.72m,Right-Handed,Mar 27 2001,"Christchurch, New Zealand",328716.0,Valentina Ivanov,939.0,2019-09-16 00:00:00,2025-08-18,NZL
"5' 7""",1.70m,Right-Handed,Feb 10 2000,"Einsiedeln, Switzerland",323376.0,Svenja Ochsner,701.0,2019-09-16 00:00:00,2021-10-11,SUI
"5' 4""",1.63m,Left-Handed,Jun 28 2002,"Nagasaki, Japan",328919.0,Natsumi Kawaguchi,346.0,2019-09-16 00:00:00,2025-08-18,JPN
"5' 7""",1.70m,Right-Handed,Aug 7 1999,"Naples, FL, USA",324987.0,Victoria Emma,876.0,2019-09-16 00:00:00,2021-03-29,USA
,,Right-Handed,Aug 16 2000,"Montreal, Canada",327934.0,Raphaelle Lacasse,745.0,2019-09-16 00:00:00,2025-08-18,CAN
,,Right-Handed,May 14 2000,"Stein, Netherlands",328783.0,Victoria Kalaitzis,870.0,2019-09-16 00:00:00,2021-03-29,BEL
,,,,,321309.0,Nikola Tomanova,658.0,2019-09-16 00:00:00,2021-10-11,CZE
,,Right-Handed,May 15 1996,,319838.0,Timea Jaruskova,765.0,2019-09-16 00:00:00,2025-05-19,SVK
,,Right-Handed,Aug 21 1998,"Saitama, Japan",326780.0,Misaki Matsuda,254.0,2019-09-16 00:00:00,2025-08-18,JPN
"5' 9""",1.75m,Right-Handed,Oct 16 2001,"Kokshetau, Kazakhstan",325942.0,Yekaterina Dmitrichenko,723.0,2019-09-16 00:00:00,2021-03-29,KAZ
"5' 8""",1.72m,Right-Handed,Jun 22 1994,"Houston, TX, USA",318985.0,Rhiann Newborn,773.0,2019-09-16 00:00:00,2025-08-18,USA
,,Right-Handed,Jan 7 1999,"Argentario, Italy",321526.0,Monica Cappelletti,948.0,2019-09-16 00:00:00,2021-03-08,ITA
,,Right-Handed,Sep 10 2002,"Kosice, Slovakia",326878.0,Romana Cisovska,793.0,2019-09-16 00:00:00,2021-10-11,SVK
,,Right-Handed,Jul 6 1992,"Seal Beach, CA, USA",327456.0,Tricia Mar,1148.0,2019-09-16 00:00:00,2021-03-08,USA
,,Right-Handed,Feb 17 1999,,323088.0,Yuval Keren,1148.0,2019-09-16 00:00:00,2021-03-08,ISR
,,,,,325762.0,Tanysha Dissanayake,1113.0,2019-09-16 00:00:00,2021-03-08,GBR
"5' 3""",1.61m,Right-Handed,Jan 30 2004,"Aichi, Japan",328300.0,Mio Kozaki,1162.0,2019-09-16 00:00:00,2021-03-08,JPN
,,Right-Handed,Aug 7 1998,,322576.0,Nicole Gadient,1162.0,2019-09-16 00:00:00,2025-08-18,SUI
,,,,,327095.0,Meiting Liu,1173.0,2019-09-16 00:00:00,2021-03-08,CHN
,,Right-Handed,Apr 7 2000,"Neyruz, Switzerland",325798.0,Marie Mettraux,754.0,2019-09-16 00:00:00,2025-08-18,SUI
,,Right-Handed,May 6 1997,,321611.0,Sabrina Rittberger,1162.0,2019-09-16 00:00:00,2021-03-08,GER
,,Right-Handed,Feb 5 1996,"Moscow, Russia",320386.0,Yana Mogilnitskaya,732.0,2019-09-16 00:00:00,2022-10-31,RUS
"5' 7""",1.70m,Right-Handed,May 31 2001,"Belgorod, Russia",327164.0,Polina Kozyreva,1113.0,2019-09-16 00:00:00,2019-09-16,RUS
"5' 9""",1.75m,Right-Handed,Sep 4 2002,"Novossibirsk, Russia",329261.0,Mariya Krasakova,1112.0,2019-09-16 00:00:00,2021-03-08,RUS
,,Right-Handed,Sep 7 2000,"Hayama, Japan",329173.0,Nana Kawagishi,771.0,2019-09-16 00:00:00,2025-08-18,JPN
,,Right-Handed,Mar 2 1997,"Setubal, Portugal",325612.0,Sara Lanca,1013.0,2019-09-16 00:00:00,2025-08-18,POR
,,Right-Handed,Mar 24 2001,"San Diego, CA, USA",328205.0,Shatoo Mohamad,971.0,2019-09-16 00:00:00,2023-08-21,USA
,,,,,323099.0,Yarden Akler,1141.0,2019-09-16 00:00:00,2021-03-08,ISR
"5' 6""",1.68m,Left-Handed,Jul 23 2002,"Quito, Ecuador",328910.0,Mell Reasco Gonzalez,461.0,2019-09-16 00:00:00,2025-06-02,ECU
"5' 7""",1.70m,,Oct 05 2004,"Cold Spring, WI, USA",329512.0,Reese Brantmeier,415.0,2019-09-16 00:00:00,2024-02-26,USA
,,,,,327247.0,Xinyu Cai,1184.0,2019-09-16 00:00:00,2023-08-21,CHN
,,Right-Handed,Aug 21 2001,"Tashkent, Uzbekistan",325907.0,Yasmina Karimjanova,1255.0,2019-09-16 00:00:00,2019-09-16,UZB
,,Right-Handed,Jan 29 2001,,327950.0,Susan Doldan,1185.0,2019-09-16 00:00:00,2021-03-08,PAR
"5' 7""",1.70m,Right-Handed,Sep 18 2002,"Carrollton, TX, USA",328648.0,Savannah Broadus,1061.0,2019-09-16 00:00:00,2025-08-18,USA
"5' 9""",1.75m,Right-Handed,Dec 21 2001,"Tarnamera, Hungary",328462.0,Zita Kovacs,1197.0,2019-09-16 00:00:00,2019-09-16,HUN
,,Right-Handed,Aug 03 2001,"Volgograd, Russia",328457.0,Veronika Pepelyaeva,1068.0,2019-09-16 00:00:00,2021-03-08,RUS
,,Right-Handed,Nov 8 2000,,326460.0,Sofia Milatova,632.0,2019-09-16 00:00:00,2025-08-18,SVK
,,Right-Handed,Jan 09 2002,,325908.0,Sevil Yuldasheva,917.0,2019-09-16 00:00:00,2023-08-21,UZB
,,Right-Handed,May 16 2002,"Johannesburg, South Africa",326901.0,Megan Basson,1197.0,2019-09-16 00:00:00,2019-11-25,RSA
,,Right-Handed,Jan 22 2001,"Rome, Italy",326197.0,Martina Biagianti,1197.0,2019-09-16 00:00:00,2021-03-08,ITA
,,Right-Handed,Oct 24 2000,"Kazan, Russia",326080.0,Victoria Mikhaylova,1197.0,2019-09-16 00:00:00,2025-03-03,RUS
,,Right-Handed,Jun 5 2000,"Aranjuez, Spain",324743.0,Marina Benito,1197.0,2019-09-16 00:00:00,2023-08-21,ESP
,,Right-Handed,Jul 15 2001,"Tula, Russia",326532.0,Zoziya Kardava,923.0,2019-09-16 00:00:00,2025-08-18,GEO
,,,,,322951.0,Michiru Furuya,1000.0,2019-09-16 00:00:00,2021-03-08,JPN
"5' 8""",1.72m,Right-Handed,May 14 2001,"Sainte-Foy-lès-Lyon, France",327076.0,Olympe Lancelot,981.0,2019-09-16 00:00:00,2021-03-08,FRA
,,Left-Handed,Apr 10 2001,,325600.0,Ya Hsin Lee,994.0,2019-09-16 00:00:00,2023-08-21,TPE
"5' 6""",1.68m,Right-Handed,Apr 21 2000,"Orange, CA, USA",328207.0,Solymar Colling,869.0,2019-09-16 00:00:00,2025-08-18,USA
,,,,,326332.0,Nikola Breckova,858.0,2019-09-16 00:00:00,2025-08-18,CZE
,,Right-Handed,Nov 10 1999,"Pune, India",324177.0,Mihika Yadav,844.0,2019-09-16 00:00:00,2021-03-29,IND
,,Right-Handed,Oct 24 2001,"Karlsruhe, Germany",327192.0,Sina Herrmann,431.0,2019-09-16 00:00:00,2025-08-18,GER
,,Right-Handed,Jan 5 1999,"Ryazan, Russia",324385.0,Viktoriia Kalinina,953.0,2019-09-16 00:00:00,2021-03-08,RUS
,,Right-Handed,Oct 15 2002,"Trento, Italy",328109.0,Melania Delai,512.0,2019-09-16 00:00:00,2025-05-19,ITA
,,Right-Handed,Mar 27 2000,,324617.0,Olga Helmi,381.0,2019-09-16 00:00:00,2025-08-18,DEN
"5' 11""",1.80m,Right-Handed,Feb 6 2002,"Saint Petersburg, Russia",328399.0,Noel Saidenova,940.0,2019-09-16 00:00:00,2023-08-21,RUS
,,Right-Handed,Feb 14 2000,,326861.0,Sofia Samavati,272.0,2019-09-16 00:00:00,2023-08-21,DEN
"5' 4""",1.62m,Left-Handed,Apr 2 1998,"Yokohama, Japan",326775.0,Mayuka Aikawa,496.0,2019-09-16 00:00:00,2025-08-18,JPN
,,Right-Handed,Jan 12 2002,"Sdei Hemed, Israel",326944.0,Shavit Kimchi,415.0,2019-09-16 00:00:00,2023-08-21,ISR
,,Right-Handed,Jan 27 1996,"Swan Hill, Australia",325814.0,Ramona Mataruga,929.0,2019-09-16 00:00:00,2021-03-29,AUS
,,Right-Handed,Jan 5 2001,"Ankara, Turkey",325389.0,Selin Ovunc,1075.0,2019-09-16 00:00:00,2019-09-16,TUR
"5' 11""",1.80m,Left-Handed,Dec 16 1994,"Singapore, Singapore",317315.0,Rosalie Van Der Hoek,1069.0,2019-09-16 00:00:00,2019-09-16,NED
,,Right-Handed,Oct 21 1993,"Boca Raton, FL, USA",317296.0,Nikita Uberoi,1068.0,2019-09-16 00:00:00,2021-03-08,USA
,,,,,323381.0,Ya Pai,1103.0,2019-09-16 00:00:00,2019-09-16,TPE
"5' 9""",1.75m,Right-Handed,Apr 29 2003,"Almaty, Kazakhstan",328400.0,Yelizaveta Karlova,1100.0,2019-09-16 00:00:00,2021-03-08,KAZ
"5' 3""",1.61m,Right-Handed,Mar 28 2002,"Bangkok, Thailand",326651.0,Supapitch Kuearum,961.0,2019-09-16 00:00:00,2021-03-29,THA
"5' 5""",1.64m,Right-Handed,May 20 1999,"Tokyo, Japan",324754.0,Yuka Hosoki,775.0,2019-09-16 00:00:00,2025-08-18,JPN
,,Right-Handed,Apr 23 2000,,325595.0,Melis Yasar,1075.0,2019-09-16 00:00:00,2021-03-08,SWE
,,Right-Handed,Sep 01 2002,"Arequipa, Peru",329656.0,Romina Ccuno,657.0,2019-09-16 00:00:00,2025-08-18,PER
,,,Jan 16 2001,,325487.0,Nicole Khirin,425.0,2019-09-16 00:00:00,2024-02-26,ISR
,,Right-Handed,May 4 2001,,324961.0,Yi-Tsen Cho,623.0,2019-09-16 00:00:00,2025-08-18,TPE
"5' 5""",1.65m,Right-Handed,Jul 3 2001,"Reims, France",328811.0,Sophia Biolay,990.0,2019-09-16 00:00:00,2025-06-16,FRA
,,Right-Handed,May 18 2000,"Schiedam, Netherlands",326468.0,Noa Liauw A Fong,591.0,2019-09-16 00:00:00,2025-06-16,NED
,,Right-Handed,Feb 9 2000,"Hyderabad, India",328069.0,Sathwika Sama,872.0,2019-11-25 00:00:00,2021-03-29,IND
,,Right-Handed,Jan 26 1999,"Chiba, Japan",324752.0,Yui Chikaraishi,856.0,2019-11-25 00:00:00,2025-08-18,JPN
"5' 6""",1.68m,Right-Handed,Jan 13 2002,"Oklahoma City, OK, USA",326100.0,Vanessa Ong,864.0,2019-11-25 00:00:00,2021-03-29,USA
,,Right-Handed,Apr 10 1988,"Kranj, Slovenia",325583.0,Sem Wensveen,1215.0,2019-11-25 00:00:00,2021-03-08,NED
,,Right-Handed,Sep 7 1986,"Ciudad del Este, Paraguay",327949.0,Paola Doldan,1228.0,2019-11-25 00:00:00,2021-03-08,PAR
,,Right-Handed,Jul 16 1997,"Hiroshima, Japan",327148.0,Satsuki Koike,1228.0,2019-11-25 00:00:00,2021-03-08,JPN
,,Right-Handed,Jan 11 2001,"Antwerp, Belgium",327535.0,Vicky Van De Peer,684.0,2019-11-25 00:00:00,2025-08-18,BEL
,,Left-Handed,Dec 04 2000,,327394.0,Tina Cvetkovic,552.0,2019-11-25 00:00:00,2022-10-31,SLO
"5' 4""",1.63m,Left-Handed,Feb 22 1997,"Kentfield, CA, USA",324207.0,Paige Cline,981.0,2019-11-25 00:00:00,2021-03-29,USA
,,Right-Handed,Jun 14 2000,"Saint-Petersburg, Russia",323453.0,Svetlana Iansitova,1228.0,2019-11-25 00:00:00,2019-11-25,RUS
,,Right-Handed,May 13 2000,"Dussnang, Switzerland",328686.0,Nadine Keller,416.0,2019-11-25 00:00:00,2025-08-18,SUI
,,Right-Handed,May 9 2001,"Dnipro, Ukraine",326486.0,Viktoriya Petrenko,1120.0,2019-11-25 00:00:00,2021-03-08,UKR
,,Right-Handed,Apr 30 1995,"Tokyo, Japan",321268.0,Minami Akiyama,1273.0,2019-11-25 00:00:00,2021-03-08,JPN
,,Left-Handed,Feb 13 1995,"Baroda, India",321350.0,Saumya Vig,1273.0,2019-11-25 00:00:00,2025-08-18,IND
,,Right-Handed,Mar 20 1996,"Catania, Italy",321422.0,Veronica Napolitano,1273.0,2019-11-25 00:00:00,2019-11-25,ITA
,,,,,321421.0,Valentina Losciale,1273.0,2019-11-25 00:00:00,2025-08-18,ITA
"5' 10""",1.77m,Right-Handed,Oct 23 1997,"Kempen, Germany",320326.0,Patricia Boentgen,1273.0,2019-11-25 00:00:00,2019-11-25,GER
,,Right-Handed,Mar 6 1985,"Singapore, Singapore",319823.0,Sarah Pang,1273.0,2019-11-25 00:00:00,2019-11-25,SIN
,,Right-Handed,Aug 15 2002,"Honolulu, HI, USA",329124.0,Maribella Zamarripa,820.0,2019-11-25 00:00:00,2025-08-18,USA
,,Right-Handed,Nov 23 2000,"Kolding, Denmark",329158.0,Olivia Gram,995.0,2019-11-25 00:00:00,2025-04-21,DEN
"5' 1""",1.55m,Right-Handed,Apr 14 2000,"Ambohidahy, Madagascar",329339.0,Sariaka Radilofe,1273.0,2019-11-25 00:00:00,2019-11-25,FRA
,,Right-Handed,Aug 18 2001,"Singapore, Singapore",328584.0,Tammy Tan,1273.0,2019-11-25 00:00:00,2019-11-25,SIN
,,Right-Handed,Dec 27 2001,"Minsk, Belarus",327369.0,Tatsiana Sasnouskaya,1273.0,2019-11-25 00:00:00,2021-03-08,BLR
,,Right-Handed,Apr 21 1996,"Kobe, Japan",323983.0,Utaka Kishigami,1273.0,2019-11-25 00:00:00,2019-11-25,JPN
,,Right-Handed,Apr 6 1999,"Pune, India",324286.0,Snehal Mane,1273.0,2019-11-25 00:00:00,2019-11-25,IND
,,,Jan 6 2000,,324894.0,Perla Nieuwboer,1249.0,2019-11-25 00:00:00,2021-03-08,NED
,,Right-Handed,Nov 8 2000,,324950.0,Rita Bentes De Oliveira Pinto,1273.0,2019-11-25 00:00:00,2021-03-08,POR
,,Right-Handed,Aug 13 2001,"Tashkent, Uzbekistan",325906.0,Milana Maslenkova,1271.0,2019-11-25 00:00:00,2025-08-18,UZB
,,Right-Handed,Feb 9 2002,"Las Palmas de Gran Canaria, Spain",328507.0,Marta Custic,666.0,2019-11-25 00:00:00,2021-10-11,ESP
"6' 0""",1.82m,Right-Handed,Mar 12 2001,"Moscow, Russia",325655.0,Valeriia Olianovskaia,562.0,2019-11-25 00:00:00,2025-08-18,POL
"5' 7""",1.70m,Right-Handed,Aug 17 1995,"Menlo Park, CA, USA",318566.0,Mary Closs,1153.0,2019-11-25 00:00:00,2021-03-08,USA
,,Right-Handed,Nov 17 1996,"La chapelle d'Armentieres, France",324421.0,Marie Villet,741.0,2019-11-25 00:00:00,2025-08-18,FRA
,,Right-Handed,Aug 28 2003,"Wilberforce, Australia",329392.0,Taylah Lawless,1115.0,2019-11-25 00:00:00,2019-11-25,AUS
,,Right-Handed,Sep 01 2002,,328575.0,Zhenghua Xiao,1106.0,2019-11-25 00:00:00,2025-05-26,CHN
"5' 6""",1.68m,Right-Handed,Aug 30 2004,"Delray Beach, FL, USA",329509.0,Rachel Gailis,668.0,2019-11-25 00:00:00,2025-08-18,USA
"5' 7""",1.71m,Left-Handed,Aug 17 2003,"Mainz, Germany",329366.0,Nastasja Schunk,143.0,2021-03-08 00:00:00,2025-08-18,GER
,,Right-Handed,Jun 17 2004,"Oxford, England",330182.0,Matilda Mutavdzic,375.0,2021-03-08 00:00:00,2024-02-26,GBR
"5' 8""",1.72m,Right-Handed,Oct 11 2002,"Marupe, latvia",328829.0,Sabine Rutlauka,935.0,2021-03-08 00:00:00,2025-08-18,LAT
,,Right-Handed,Mar 31 2003,"Geneva, Switzerland",329096.0,Sebastianna Scilipoti,510.0,2021-03-08 00:00:00,2025-08-18,SUI
,,Right-Handed,Jul 31 1995,"Haddonfield, NJ, USA",323548.0,Taylor Ng,290.0,2021-03-08 00:00:00,2024-02-26,USA
,,Right-Handed,Nov 26 2001,"Silandro, Italy",326950.0,Marion Viertler,810.0,2021-03-08 00:00:00,2021-03-29,ITA
,,Left-Handed,Feb 26 2001,"Balzhausen, Germany",329609.0,Sylvie Zund,796.0,2021-03-08 00:00:00,2025-08-18,LIE
,,Right-Handed,Mar 24 2005,"Larissa, Greece",330443.0,Michaela Laki,479.0,2021-03-08 00:00:00,2025-08-18,GRE
,,Right-Handed,Feb 28 2000,"Belgrade, Serbia",326351.0,Nevena Sokovic,1307.0,2021-03-08 00:00:00,2021-03-08,SRB
,,Right-Handed,Sep 21 2002,"Wrocław, Poland",330444.0,Weronika Baszak,728.0,2021-03-08 00:00:00,2024-02-26,POL
"5' 9""",1.75m,Right-Handed,Aug 20 2003,"Prague, Czech Republic",328845.0,Zdena Safarova,1240.0,2021-03-08 00:00:00,2025-08-18,CZE
,,Right-Handed,Oct 13 2001,,328123.0,Zara Brankovic,1069.0,2021-03-08 00:00:00,2023-08-21,AUS
,,Right-Handed,Aug 27 2003,"Cairo, Egypt",328438.0,Yasmin Ezzat,704.0,2021-03-08 00:00:00,2025-08-18,EGY
"5' 4""",1.63m,Right-Handed,Sep 29 2003,"Bree, Belgium",330526.0,Tilwith Di Girolami,716.0,2021-03-08 00:00:00,2025-08-18,BEL
,,Right-Handed,Aug 16 2004,"Giza, Egypt",329337.0,Merna Refaat,806.0,2021-03-08 00:00:00,2025-08-18,EGY
,,Right-Handed,Aug 23 2002,"Chiaravalle, Italy",329307.0,Sofia Rocchetti,380.0,2021-03-08 00:00:00,2025-08-18,ITA
,,Right-Handed,Jun 3 2003,"Mahdia, Tunisia",329362.0,Wiem Boubaker,1358.0,2021-03-08 00:00:00,2021-03-08,TUN
,,Right-Handed,Nov 15 2003,"Belgrade, Serbia",330437.0,Nikol Palecek,1358.0,2021-03-08 00:00:00,2025-04-21,SRB
,,Right-Handed,Jun 12 2001,"Brovary, Ukraine",326629.0,Mariia Bergen,1331.0,2021-03-08 00:00:00,2025-08-18,UKR
"5' 4""",1.63m,Right-Handed,Oct 8 1996,"Zagreb, Croatia",322060.0,Tea Jandric,1358.0,2021-03-08 00:00:00,2021-03-08,CRO
,,Right-Handed,Dec 26 1995,"Montreal, Canada",321427.0,Noelly Nsimba,1236.0,2021-03-08 00:00:00,2021-03-08,CAN
,,Left-Handed,Feb 26 2004,"Paris, France",328304.0,Oceane Babel,444.0,2021-03-08 00:00:00,2023-08-21,FRA
,,Right-Handed,Apr 02 2005,"Genk, Belgium",330451.0,Sofia Costoulas,248.0,2021-03-08 00:00:00,2025-08-18,BEL
,,Right-Handed,Oct 5 2002,"Bucharest, Romania",328725.0,Simona Ogescu,921.0,2021-03-08 00:00:00,2025-08-18,ROU
,,Right-Handed,Feb 14 2000,"Khandosan, India",322990.0,Vaidehi Chaudhari,364.0,2021-03-08 00:00:00,2025-08-18,IND
"5' 7""",1.70m,Right-Handed,May 5 1995,"Barcelona, Spain",321064.0,Valeria Koussenkova,1102.0,2021-03-08 00:00:00,2025-06-16,ESP
,,Left-Handed,Jun 25 2001,,327503.0,Oana Corneanu,1211.0,2021-03-08 00:00:00,2021-03-08,ROU
,,Right-Handed,Jun 19 2001,"Chevy Chase, MD, USA",327330.0,Zoe Howard,1215.0,2021-03-08 00:00:00,2021-03-08,FRA
"5' 6""",1.68m,Right-Handed,Apr 11 2001,"Banska Bystrica, Slovakia",329994.0,Michaela Kadleckova,1232.0,2021-03-08 00:00:00,2021-03-08,SVK
,,Right-Handed,Mar 11 2004,"Gebze, Turkey",329367.0,Ozlem Uslu,1188.0,2021-03-08 00:00:00,2021-03-08,TUR
,,Right-Handed,Jun 19 2002,"Montreal, Canada",327932.0,Sarah-Maude Fortin,1175.0,2021-03-08 00:00:00,2021-03-08,CAN
,,Left-Handed,Oct 22 2003,"Beaucourt, France",329898.0,Nina Radovanovic,486.0,2021-03-08 00:00:00,2025-08-18,FRA
,,Right-Handed,Oct 29 2000,"Hyderabad, India",331152.0,Sahaja  Yamalapalli,284.0,2022-07-18 00:00:00,2025-08-18,IND
,,Right-Handed,Jan 2 2002,"Die, France",327011.0,Marine Szostak,643.0,2022-10-24 00:00:00,2025-08-18,FRA
,,Right-Handed,Apr 06 2002,"Kyoto, Japan",326604.0,Saki Imamura,351.0,2022-10-24 00:00:00,2025-08-18,JPN
,,Right-Handed,Dec 10 2003,"Voronezh, Russia",330466.0,Polina Iatcenko,295.0,2022-10-24 00:00:00,2025-08-18,RUS
,,Right-Handed,Jun 13 2003,,328153.0,Radka Zelnickova,415.0,2022-10-24 00:00:00,2025-08-18,SVK
"5' 7""",1.70m,Right-Handed,Sep 28 2005,"Loughborough, England",331720.0,Talia Neilson Gatenby,567.0,2022-10-24 00:00:00,2025-05-19,GBR
,,,,,331259.0,Zongyu Li,324.0,2022-10-24 00:00:00,2025-08-18,CHN
"5' 9""",1.75m,Right-Handed,Aug 18 2005,"McLean, VA, USA",331253.0,Tatum Evans,865.0,2022-10-24 00:00:00,2024-02-26,USA
"5' 6""",1.68m,Right-Handed,Sep 7 2005,"Bratislava, Slovakia",330637.0,Nikola Daubnerova,879.0,2022-10-24 00:00:00,2023-08-21,SVK
,,Right-Handed,Mar 12 2007,"Tel Aviv, Israel",330831.0,Mika Buchnik,937.0,2022-10-24 00:00:00,2025-08-18,ISR
,,Right-Handed,Mar 9 2002,"Porto Alegre, Brazil",330932.0,Sofia Da Cruz Mendonca,938.0,2022-10-24 00:00:00,2025-08-18,BRA
,,Right-Handed,Feb 10 2003,"Makhachkala, Russia",327723.0,Milana Zhabrailova,569.0,2022-10-24 00:00:00,2025-08-18,RUS
"5' 4""",1.63m,Right-Handed,Nov 22 2006,"Bellevue, WA, USA",332505.0,Valerie Glozman,817.0,2022-10-24 00:00:00,2025-08-18,USA
"6' 0""",1.82m,Right-Handed,Oct 25 2004,"Gabrovo, Bulgaria",330213.0,Mihaela Tsoneva,906.0,2022-10-24 00:00:00,2022-10-24,BUL
,,Right-Handed,Mar 8 2001,,324433.0,Zoe Hitt,876.0,2022-10-24 00:00:00,2025-08-18,USA
"5' 7""",1.70m,Right-Handed,May 5 2002,,328513.0,Vanessa Ersoz,997.0,2022-10-24 00:00:00,2023-08-21,SWE
,,Right-Handed,Jan 3 1998,"Grants, NM, USA",324266.0,Paris Corley,762.0,2022-10-24 00:00:00,2025-06-23,USA
"5' 3""",1.61m,Right-Handed,Oct 16 2004,"Lochgau, Germany",329728.0,Mia Mack,950.0,2022-10-24 00:00:00,2025-08-18,GER
,,Right-Handed,Oct 6 2002,"Sviatopetrivske, Ukraine",329104.0,Vladlena Bokova,950.0,2022-10-24 00:00:00,2022-10-24,UKR
"6' 0""",1.82m,Right-Handed,Jul 14 2003,"Tianshui, China",331257.0,"Na Dong ",800.0,2022-10-24 00:00:00,2025-04-21,CHN
,,Right-Handed,Dec 5 2003,"Ra'anana, Israel",328470.0,Mika Dagan Fruchtman,799.0,2022-10-24 00:00:00,2023-08-21,ISR
"5' 9""",1.75m,Right-Handed,Apr 16 2003,"Bremen, Germany",327672.0,Nicole Rivkin,754.0,2022-10-24 00:00:00,2025-08-18,GER
,,Left-Handed,Mar 25 2004,"Cincinnati, OH, USA",329125.0,Sonya Macavei,855.0,2022-10-24 00:00:00,2022-10-31,USA
,,Left-Handed,Sep 3 1997,"Tokyo, Japan",322967.0,Natsuho Arakawa,715.0,2022-10-24 00:00:00,2025-08-18,JPN
,,Right-Handed,Jun 09 1998,"Kanagawa, Japan",331153.0,Miho Kuramochi,361.0,2023-06-19 00:00:00,2025-08-18,JPN
,,Right-Handed,Nov 1 2005,"Solrod, Denmark",331077.0,Rebecca Munk Mortensen,567.0,2023-08-21 00:00:00,2025-08-18,DEN
,,Right-Handed,Sep 13 2004,"Kaunas, Lithuania",330949.0,Patricija Paukstyte,934.0,2023-08-21 00:00:00,2025-08-18,LTU
,,Right-Handed,Jun 23 2000,"Algorta, Spain",324988.0,Mercedes Aristegui,950.0,2023-08-21 00:00:00,2025-08-18,ESP
,,Right-Handed,Apr 10 2005,"Nagoya, Japan",331696.0,Rinko Matsuda,929.0,2023-08-21 00:00:00,2025-08-18,JPN
,,Right-Handed,Nov 13 2003,"Estepona, Spain",330393.0,Victoria Gomez,970.0,2023-08-21 00:00:00,2025-08-18,ESP
,,Right-Handed,May 14 2004,"Pécs, Hungary",331248.0,Panna Bartha,895.0,2023-08-21 00:00:00,2025-05-26,HUN
,,Right-Handed,Sep 6 2001,"Cordoba, Argentina",328455.0,María Marchesini,957.0,2023-08-21 00:00:00,2025-08-18,ARG
,,Right-Handed,May 6 2004,"Cantu, Italy",331491.0,Samira De Stefano,614.0,2023-08-21 00:00:00,2025-08-18,ITA
,,Right-Handed,Sep 9 2005,,330636.0,Nina Vargova,319.0,2023-08-21 00:00:00,2025-08-18,SVK
,,Left-Handed,Apr 05 2002,"Vienna, Austria",328150.0,Mavie Osterreicher,902.0,2023-08-21 00:00:00,2025-08-18,AUT
,,Right-Handed,Feb 2 2004,"Palermo, Italy",330959.0,Virginia Ferrara,869.0,2023-08-21 00:00:00,2025-05-19,ITA
,,Right-Handed,Feb 17 2003,,328642.0,Nanari Katsumi,837.0,2023-08-21 00:00:00,2025-08-18,JPN
,,Right-Handed,Mar 15 2003,,331258.0,Yujiao Che,1036.0,2023-08-21 00:00:00,2023-08-21,CHN
,,Right-Handed,Oct 25 2004,"Sarajevo, Bosnia Herzegovina",332210.0,Suana Tucakovic,840.0,2023-08-21 00:00:00,2025-08-18,BIH
,,Right-Handed,Apr 25 2004,"Illawarra, Australia",330187.0,Mia Repac,1026.0,2023-08-21 00:00:00,2023-08-21,AUS
"5' 5""",1.64m,Right-Handed,Dec 30 2004,"Ageo, Japan",330990.0,Rinon Okuwaki,1001.0,2023-08-21 00:00:00,2025-08-18,JPN
,,Right-Handed,Mar 3 2005,,330305.0,Zijun Jiang,1028.0,2023-08-21 00:00:00,2025-08-18,CHN
,,Right-Handed,Jan 28 2000,"Hyderabad, India",328990.0,Sravya Chilakalapudi,1054.0,2023-08-21 00:00:00,2023-08-21,IND
,,Right-Handed,Mar 19 2007,"Atlanta, GA, USA",331432.0,Mia Yamakita,922.0,2023-08-21 00:00:00,2025-08-18,USA
,,Right-Handed,Jun 24 2003,,333728.0,Natsuki Yoshimoto,956.0,2023-08-21 00:00:00,2025-08-18,JPN
,,Left-Handed,Dec 7 2002,"Hyderabad, India",330494.0,Smriti Bhasin,977.0,2023-08-21 00:00:00,2025-08-18,IND
,,Right-Handed,Apr 6 2001,"West Palm Beach, FL, USA",326386.0,Sabina Dadaciu,997.0,2023-08-21 00:00:00,2023-08-21,USA
,,Right-Handed,Feb 19 2006,"Curitiba, Brazil",330349.0,Paola Ueno Dalmonico,1015.0,2023-08-21 00:00:00,2023-08-21,BRA
,,Right-Handed,Sep 30 1997,"Geneva, Switzerland",320986.0,Naima Karamoko,858.0,2023-08-21 00:00:00,2025-06-30,SUI
,,Right-Handed,Feb 23 2003,,328175.0,Milan Krish,1001.0,2023-08-21 00:00:00,2023-08-21,AUS
,,Right-Handed,Feb 21 2005,"Belgrade, Serbia",331900.0,Tijana Sretenovic,792.0,2023-08-21 00:00:00,2023-08-21,SRB
"5' 7""",1.70m,Right-Handed,Sep 3 2001,"Ipoh, Malaysia",328122.0,Sara Nayar,778.0,2023-08-21 00:00:00,2023-08-21,MAS
,,Right-Handed,Nov 28 2001,"Mainz, Germany",327059.0,Selina Dal,611.0,2023-08-21 00:00:00,2025-08-18,GER
,,Right-Handed,Mar 10 2005,"Dubai, United Arab Emirates",331736.0,Stefania Bojica,669.0,2023-08-21 00:00:00,2025-08-18,ROU
,,Right-Handed,Jul 21 2005,"Aichi, Japan",330162.0,Mio Mushika,563.0,2023-08-21 00:00:00,2025-08-18,JPN
"5' 7""",1.70m,Right-Handed,Jan 12 2004,"Edmonton, Alberta, Canada",329700.0,Mia Kupres,846.0,2023-08-21 00:00:00,2025-08-18,CAN
,,Right-Handed,Jan 29 2006,"Vienna, Austria",331018.0,Tamara Kostic,465.0,2023-08-21 00:00:00,2025-08-18,AUT
"5' 4""",1.63m,Right-Handed,Nov 18 2002,"Guangzhou, China",333664.0,Yujia Huang,798.0,2023-08-21 00:00:00,2025-08-18,CHN
,,Right-Handed,Sep 14 2005,"Edmonton, Canada",330163.0,Martyna Ostrzygalo,838.0,2023-08-21 00:00:00,2024-02-26,CAN
"5' 7""",1.70m,Right-Handed,Dec 9 2004,"Zvolen, Slovakia",330719.0,Salma Drugdova,603.0,2023-08-21 00:00:00,2025-08-18,SVK
,,Right-Handed,Aug 25 2000,"Brampton, Canada",327962.0,Savanna Ly-Nguyen,830.0,2023-08-21 00:00:00,2025-02-24,VIE
,,,,,326710.0,Roopa Bains,821.0,2023-08-21 00:00:00,2023-08-21,AUS
,,Right-Handed,Nov 26 2003,,330324.0,Samantha Imbo Nloga,1165.0,2023-08-21 00:00:00,2023-08-21,USA
"5' 9""",1.75m,Right-Handed,Feb 27 2002,"Toronto, Canada",329729.0,Natasha Sengphrachanh,1301.0,2023-08-21 00:00:00,2023-08-21,THA
,,Right-Handed,May 4 2003,"Voorburg, Netherlands",331345.0,Rikke De Koning,1300.0,2023-08-21 00:00:00,2025-08-18,NED
,,Right-Handed,Apr 28 2003,,329867.0,Martina Marusinova,1297.0,2023-08-21 00:00:00,2025-03-03,SVK
,,Right-Handed,Dec 10 2005,"Gliwice, Poland",333637.0,Olivia Bergler,1289.0,2023-08-21 00:00:00,2025-08-18,POL
,,Right-Handed,Sep 28 2008,"Sochi, Russia",332888.0,Rada Zolotareva,1289.0,2023-08-21 00:00:00,2025-08-18,RUS
,,Right-Handed,Nov 06 2004,"Zwolle, Netherlands",332599.0,Sarah Van Emst,1018.0,2023-08-21 00:00:00,2025-08-18,NED
,,,,,329401.0,Meng-Yi Chen,947.0,2023-08-21 00:00:00,2025-08-18,CHN
,,,,,328782.0,Zixuan Zeng,1305.0,2023-08-21 00:00:00,2025-08-18,CHN
,,Right-Handed,Nov 29 1997,"Subotica, Serbia",323170.0,Mila Masic,1322.0,2023-08-21 00:00:00,2025-08-18,SRB
,,Right-Handed,Aug 4 2002,,329428.0,Sara Seivane Torres,1322.0,2023-08-21 00:00:00,2023-08-21,MEX
,,Right-Handed,Mar 14 2000,"Weigelsdorf, Austria",328658.0,Veronika Bokor,1320.0,2023-08-21 00:00:00,2023-08-21,AUT
,,Right-Handed,Apr 10 2003,"Modiin, Israel",328516.0,Shachf Lieberman,1315.0,2023-08-21 00:00:00,2023-08-21,ISR
"5' 10""",1.78m,Right-Handed,Aug 11 2005,"Tbilisi, Georgia",330857.0,Natali Jaiani,1308.0,2023-08-21 00:00:00,2023-08-21,GEO
,,Right-Handed,Apr 5 2004,"Castellon, Spain",330389.0,Raquel Gonzalez Vilar,1308.0,2023-08-21 00:00:00,2025-08-18,ESP
,,Right-Handed,Feb 1 2003,,327819.0,Melis Uyar,1263.0,2023-08-21 00:00:00,2023-08-21,TUR
,,Right-Handed,Jun 29 2005,"Trzciana, Poland",331093.0,Zuzanna  Kolonus,1278.0,2023-08-21 00:00:00,2025-06-30,POL
,,Right-Handed,Jul 2 2006,"Almaty, Kazakhstan",332297.0,Sonja Zhiyenbayeva,1263.0,2023-08-21 00:00:00,2025-08-18,KAZ
,,Right-Handed,Jan 26 2000,"Tolyatti, Russia",326298.0,Nina Rudiukova,1263.0,2023-08-21 00:00:00,2025-08-18,RUS
,,Right-Handed,Oct 6 2002,,329513.0,Shria Atturu,1390.0,2023-08-21 00:00:00,2025-08-18,USA
"5' 8""",1.72m,Right-Handed,Jul 14 2004,"Santiago, Chile",329988.0,Paloma Goldsmith Weinreich,1390.0,2023-08-21 00:00:00,2023-08-21,CHI
,,Right-Handed,May 6 2003,"Szczecin, Poland",330844.0,Olga Golas,1377.0,2023-08-21 00:00:00,2023-08-21,POL
,,Right-Handed,Apr 4 1997,"Clamart, France",326269.0,Pauline Courcoux,1377.0,2023-08-21 00:00:00,2023-08-21,FRA
,,Right-Handed,Jun 26 1998,"Bengaluru, India",323672.0,Soha Sadiq,1357.0,2023-08-21 00:00:00,2025-08-18,IND
,,Left-Handed,Jul 15 2008,"Trnava, Slovakia",332768.0,Natalia Krockova,1390.0,2023-08-21 00:00:00,2025-08-18,SVK
"5' 6""",1.68m,Right-Handed,Oct 24 2006,"Nagoya, Japan",332713.0,Rio Tsuda,1390.0,2023-08-21 00:00:00,2023-08-21,JPN
"5' 1""",1.55m,Right-Handed,May 22 2004,"Potchefstroom, South Africa",330621.0,Suzanie Pretorius,1390.0,2023-08-21 00:00:00,2023-08-21,RSA
"5' 7""",1.70m,Right-Handed,May 17 1997,"Barranquilla, Colombia",330838.0,Valentina Vargas,1390.0,2023-08-21 00:00:00,2023-08-21,ECU
"5' 10""",1.77m,Right-Handed,Dec 17 2004,"Maribor, Slovenia",330374.0,Petja Drame,1333.0,2023-08-21 00:00:00,2023-08-21,SLO
,,Right-Handed,Jun 24 1999,"Osaka, Japan",324751.0,Nagomi Higashitani,1333.0,2023-08-21 00:00:00,2025-08-18,JPN
,,Right-Handed,Sep 21 2005,,331376.0,Marina Bulbarella,1351.0,2023-08-21 00:00:00,2025-08-18,ARG
"5' 7""",1.70m,Right-Handed,Nov 20 2001,"Izmir, Turkey",327015.0,Selina Atay,1357.0,2023-08-21 00:00:00,2025-08-18,TUR
"5' 6""",1.68m,Right-Handed,Nov 10 2005,"Machala, Ecuador",330810.0,Valeska San Martin Ramirez,1357.0,2023-08-21 00:00:00,2023-08-21,ECU
,,,,,333019.0,Yanan Hou,1357.0,2023-08-21 00:00:00,2025-08-18,CHN
,,Right-Handed,Apr 7 2006,"Surat Thani, Thailand",332127.0,Pimmada Thongkum,1357.0,2023-08-21 00:00:00,2025-01-06,THA
"5' 7""",1.70m,Right-Handed,Apr 25 2005,"Buddina, Australia",331637.0,Zara Larke,1356.0,2023-08-21 00:00:00,2023-08-21,AUS
"5' 8""",1.72m,Right-Handed,Jun 2 2000,"Jinzhong, China",324336.0,Yu Chen,1351.0,2023-08-21 00:00:00,2023-08-21,CHN
,,Right-Handed,Jul 28 2002,"Bologna, Italy",331525.0,Vittoria Modesti,985.0,2023-08-21 00:00:00,2025-06-16,ITA
,,Right-Handed,Feb 23 1999,"Brisbane, Australia",325489.0,Tenika Mcgiffin,913.0,2023-08-21 00:00:00,2025-08-18,AUS
"5' 8""",1.73m,Right-Handed,Dec 12 1999,"New Delhi, India",325679.0,Rhea Verma,1109.0,2023-08-21 00:00:00,2023-08-21,IND
,,Right-Handed,Jun 7 2008,"East Brunswick, NJ, USA",332782.0,Shannon Lam,1148.0,2023-08-21 00:00:00,2025-08-04,USA
,,Right-Handed,Oct 22 2001,"Maribor, Slovenia",328452.0,Noka Juric,1142.0,2023-08-21 00:00:00,2025-06-16,SLO
,,Left-Handed,Jan 23 2002,"Arezzo, Italy",327049.0,Matilde Mariani,969.0,2023-08-21 00:00:00,2025-08-18,ITA
,,Right-Handed,May 04 2003,"Luxembourg, Luxembourg",327975.0,Marie Weckerle,535.0,2023-08-21 00:00:00,2025-08-18,LUX
"5' 7""",1.70m,Right-Handed,Jul 23 1997,"Palm City, FL, USA",320943.0,Mia Horvit,799.0,2023-08-21 00:00:00,2025-08-18,USA
,,Right-Handed,May 8 2003,"Gurugram, India",331783.0,Sandeepti Singh Rao,1080.0,2023-08-21 00:00:00,2023-08-21,IND
,,Right-Handed,Sep 17 2004,"Kedzierzyn-Kozle, Poland",330429.0,Xenia Bandurowska,1072.0,2023-08-21 00:00:00,2025-08-04,POL
,,Right-Handed,Oct 25 1998,"Saginaw, MI, USA",321407.0,Mary Lewis,1069.0,2023-08-21 00:00:00,2025-08-18,USA
,,,Oct 2 1998,,321381.0,Naia Mercadier,1068.0,2023-08-21 00:00:00,2023-08-21,FRA
"5' 5""",1.65m,Right-Handed,Mar 20 2005,"Melbourne, Australia",331645.0,Stefani Webb,845.0,2023-08-21 00:00:00,2025-08-18,AUS
,,Right-Handed,May 31 2004,,332125.0,Yu-Yun Li,1073.0,2023-08-21 00:00:00,2025-08-18,TPE
"5' 8""",1.73m,Right-Handed,Apr 1 2005,"Moscow, Russia",331486.0,Valery Gynina,901.0,2023-08-21 00:00:00,2024-02-26,RUS
"5' 6""",1.68m,Right-Handed,Apr 25 2002,"Guwahati, India",332353.0,Tanisha Kashyap,1003.0,2023-08-21 00:00:00,2025-08-18,IND
,,Right-Handed,Jul 30 2003,"Zilina, Czech Republic",330718.0,Mia Chudejova,1102.0,2023-08-21 00:00:00,2023-08-21,SVK
"5' 2""",1.58m,Right-Handed,Nov 16 2004,"Buenos Aires, Argentina",329924.0,Tiziana Rossini,1097.0,2023-08-21 00:00:00,2025-08-18,ARG
"6' 0""",1.82m,Right-Handed,Feb 2 2002,"Necochea, Argentina",330017.0,Valentina Mutilba,1094.0,2023-08-21 00:00:00,2023-08-21,ARG
,,Right-Handed,Nov 13 2004,"Cordoba, Argentina",331743.0,Serena Pereyra Giubbani,1093.0,2023-08-21 00:00:00,2023-08-21,ARG
,,Right-Handed,May 23 2008,"Prague, Czech Republic",333138.0,Victoria Bervid,924.0,2023-08-21 00:00:00,2025-04-21,CZE
,,Right-Handed,Jan 10 2004,"Arosa, Switzerland",332208.0,Paula Cembranos,1150.0,2023-08-21 00:00:00,2025-08-18,SUI
"5' 5""",1.65m,Right-Handed,May 25 2002,"Kaohsiung, Taiwan",332543.0,Yuyun Chen,1213.0,2023-08-21 00:00:00,2023-08-21,TPE
,,Left-Handed,Jan 6 2003,"Tbilisi, Georgia",329482.0,Nino Natsvlishvili,1208.0,2023-08-21 00:00:00,2023-08-21,GEO
,,Right-Handed,Oct 22 2004,"Keller, TX, USA",331251.0,Teja Tirunelveli,1205.0,2023-08-21 00:00:00,2023-08-21,USA
,,Right-Handed,Oct 2 2002,"Secaucus, NJ, USA",328571.0,Tara Malik,1203.0,2023-08-21 00:00:00,2025-08-18,USA
,,Right-Handed,Mar 10 2007,,332748.0,Rositsa Dencheva,630.0,2023-08-21 00:00:00,2025-08-18,BUL
"5' 4""",1.63m,Right-Handed,Oct 24 2005,"Santo Domingo, Ecuador",330813.0,Tania Andrade Sabando,1220.0,2023-08-21 00:00:00,2023-08-21,ECU
,,Right-Handed,Nov 7 2004,,330700.0,Sarah Tatu,1237.0,2023-08-21 00:00:00,2025-08-18,GBR
,,Right-Handed,Dec 26 2003,"Moscow, Russia",329152.0,Polina Pavlova,1236.0,2023-08-21 00:00:00,2023-08-21,RUS
,,Right-Handed,Apr 12 1995,"Buenos Aires, Argentina",321930.0,Rocio Merlo,1234.0,2023-08-21 00:00:00,2023-08-21,ARG
,,Right-Handed,Feb 01 2007,"Dnipro, Ukraine",331136.0,Yelyzaveta Kotliar,1227.0,2023-08-21 00:00:00,2025-08-18,UKR
"5' 9""",1.75m,Right-Handed,Jun 11 2005,"Plovdiv, Bulgaria",331218.0,Yoana Radulova,1219.0,2023-08-21 00:00:00,2023-08-21,BUL
,,Right-Handed,May 17 2004,"Sundsvall, Sweden",331420.0,Tilde Stromquist,1227.0,2023-08-21 00:00:00,2025-08-18,SWE
"5' 10""",1.78m,Left-Handed,Aug 7 2000,"Phoenix, AZ, USA",325783.0,Taylor Johnson,1227.0,2023-08-21 00:00:00,2023-08-21,USA
,,Right-Handed,Sep 12 2002,"Saitama City, Japan",329559.0,Mua Shigeta,1222.0,2023-08-21 00:00:00,2023-08-21,JPN
,,Right-Handed,Nov 16 2004,"Hyderabad, India",331813.0,Sanjana Sirimalla,1222.0,2023-08-21 00:00:00,2023-08-21,IND
,,Right-Handed,Dec 3 2001,"Wyckoff, NJ, USA",331447.0,Versace Gatti,1222.0,2023-08-21 00:00:00,2023-08-21,USA
,,Right-Handed,,,330729.0,Martina Roldan Santander,1220.0,2023-08-21 00:00:00,2023-08-21,ARG
"5' 8""",1.72m,Right-Handed,Mar 3 1998,"Boca Raton, FL, USA",331608.0,Meisha Kendall-Woseley,1169.0,2023-08-21 00:00:00,2025-06-30,USA
"5' 3""",1.61m,Right-Handed,May 18 2003,"Ichinomiya, Japan",327927.0,Mei Hasegawa,1165.0,2023-08-21 00:00:00,2025-08-18,JPN
"5' 7""",1.70m,Right-Handed,Apr 10 2005,"Delray Beach, FL, USA",330197.0,Qavia Lopez,1158.0,2023-08-21 00:00:00,2023-08-21,USA
"5' 5""",1.65m,Right-Handed,Feb 6 2004,"hangzhou, China",331261.0,Xin Tong  Wang,1154.0,2023-08-21 00:00:00,2023-08-21,CHN
,,Right-Handed,Aug 16 2007,,331984.0,Wozuko Mdluwa,1154.0,2023-08-21 00:00:00,2025-08-18,RSA
,,Right-Handed,Oct 10 2004,"Rocca San Felice, Italy",330974.0,Sara Milanese,1173.0,2023-08-21 00:00:00,2025-08-18,ITA
"5' 6""",1.68m,Right-Handed,Sep 3 2005,"Bangkok, Thailand",331891.0,Salakthip Ounmuang,852.0,2023-08-21 00:00:00,2025-06-30,THA
"5' 9""",1.75m,Right-Handed,Dec 17 2005,"Regina, Canada",332346.0,Teah Chavez,1187.0,2023-08-21 00:00:00,2025-08-18,CAN
,,,Jun 15 2006,,332693.0,Mayu Crossley,1183.0,2023-08-21 00:00:00,2025-08-18,JPN
"5' 6""",1.68m,Right-Handed,,,333587.0,Yingqun Sun,936.0,2023-08-21 00:00:00,2025-08-18,CHN
,,Right-Handed,Oct 11 2004,,331474.0,Mia  Popovic,1174.0,2023-08-21 00:00:00,2023-08-21,USA
"5' 7""",1.70m,Right-Handed,Dec 12 2006,"Bradenton, FL, USA",331820.0,Victoria Osuigwe,707.0,2023-08-21 00:00:00,2025-08-18,USA
"5' 6""",1.68m,Right-Handed,May 06 2003,"Southbury, CT, U.S.",330265.0,Mary Stoiana,298.0,2023-08-21 00:00:00,2025-08-18,USA
,,Right-Handed,Jan 2 2003,"Kragujevac, Serbia",330995.0,Natalija Senic,388.0,2023-08-21 00:00:00,2025-08-18,SRB
,,Right-Handed,Jun 26 2004,"Laiwu, China",332512.0,Tianmi Mi,654.0,2023-08-21 00:00:00,2025-08-18,CHN
,,Right-Handed,Apr 20 2006,"Madrid, Spain",331619.0,Marta Soriano Santiago,622.0,2023-08-21 00:00:00,2025-08-18,ESP
,,,,,331260.0,Xichen Zhao,954.0,2024-02-26 00:00:00,2025-08-18,CHN
"5' 8""",1.73m,Right-Handed,Oct 21 2008,"Levice, Slovakia",334183.0,Mia Pohankova,955.0,2024-02-26 00:00:00,2025-08-18,SVK
,,,,,329671.0,Yiming Dang,975.0,2024-02-26 00:00:00,2025-08-18,CHN
,,Right-Handed,Jun 7 2005,,331078.0,Sarafina Hansen,1033.0,2024-02-26 00:00:00,2025-06-16,DEN
,,Right-Handed,Jan 1 2005,"Stuttgart, Germany",330233.0,Marie Vogt,642.0,2024-02-26 00:00:00,2025-08-18,GER
"5' 11""",1.80m,Right-Handed,Jan 6 2006,"Toronto, Canada",331299.0,Scarlett Nicholson,1008.0,2024-02-26 00:00:00,2025-08-18,CAN
,,Right-Handed,May 17 1983,"Melbourne, Australia",190737.0,Beti Sekulovski,273.0,2000-12-04 00:00:00,2006-12-18,AUS
,,,,,314208.0,Barbara Sobaszkiewicz,480.0,2006-12-04 00:00:00,2013-10-07,POL
"6' 0""",1.84m,,Jul 23 1987,"Weifang, China",314483.0,Yue Yuan,951.0,2012-08-06 00:00:00,2012-08-06,CHN
"5' 9""",1.75m,Right-Handed,Sep 19 1993,"Dongshi, Taiwan",315741.0,Hao-Ching Chan,1089.0,2024-12-30 00:00:00,2025-06-16,TPE
,,Right-Handed,May 17 1983,"Melbourne, Australia",190737.0,Beti Sekulovski,273.0,2000-12-04 00:00:00,2006-12-18,AUS
,,Right-Handed,Mar 13 1997,"Sao Paulo, Brazil",320144.0,Leticia Garcia Vidal,983.0,2024-12-30 00:00:00,2025-08-18,BRA
"5' 7""",1.70m,Right-Handed,Dec 9 1996,"Kyiv, Ukraine",322345.0,Khrystyna Vozniak,1299.0,2024-12-30 00:00:00,2025-08-04,UKR
"5' 4""",1.63m,Right-Handed,Oct 13 1999,"Monastir, Tunisia",322983.0,Mouna Bouzgarrou,1151.0,2025-05-26 00:00:00,2025-08-18,TUN
"5' 7""",1.70m,Right-Handed,Apr 21 1999,"Bucharest, Romania",323439.0,Evelyne Tiron,1393.0,2025-02-17 00:00:00,2025-05-19,ROU
"5' 6""",1.68m,Left-Handed,Dec 8 1999,"Aschaffenburg, Germany",323509.0,Luisa Hrda,1192.0,2024-12-30 00:00:00,2025-08-18,GER
,,Right-Handed,Nov 10 1999,"Mumbai, India",324177.0,Mihika Yadav,844.0,2019-09-16 00:00:00,2021-03-29,IND
,,,,,324276.0,Jennifer Dourado,1116.0,2024-12-30 00:00:00,2025-08-18,BRA
,,Right-Handed,Aug 8 2000,"Washington, DC, USA",324793.0,Malkia Menguene,992.0,2024-12-30 00:00:00,2025-08-18,USA
,,Right-Handed,Jun 15 1999,"Austin, TX, USA",324849.0,Taylor Gruber,1309.0,2024-12-30 00:00:00,2025-08-18,USA
"5' 7""",1.70m,Right-Handed,Sep 9 2004,"Seoul, South Korea",325221.0,Eunji Lee,1012.0,2025-01-27 00:00:00,2025-08-18,KOR
,,,,,325309.0,Prathyusha Rachapudi,1356.0,2025-06-16 00:00:00,2025-08-18,IND
,,Right-Handed,Dec 11 2000,"Stockholm, Sweden",325596.0,Jacquline Nylander Altelius,1192.0,2024-12-30 00:00:00,2025-06-16,SWE
"5' 4""",1.63m,Right-Handed,Oct 21 2001,"Budapest, Hungary",325722.0,Csilla Fodor,1253.0,2024-12-30 00:00:00,2025-05-19,VIE
"5' 5""",1.65m,Right-Handed,Dec 1 1992,"San Diego, CA, USA",325780.0,Maika Adair,1393.0,2025-02-17 00:00:00,2025-06-16,USA
"5' 5""",1.66m,Right-Handed,Dec 30 1997,"West Point, NY, USA",325831.0,Lilian Poling,802.0,2024-12-30 00:00:00,2025-08-18,USA
,,Right-Handed,Oct 12 2000,"Marlboro, NJ, USA",325832.0,Marcella Cruz,1276.0,2025-06-16 00:00:00,2025-08-18,USA
,,Right-Handed,Oct 16 2001,"Jeju, South Korea",326030.0,Eunji Oh,1063.0,2024-12-30 00:00:00,2025-08-18,KOR
,,Right-Handed,Apr 20 2002,"Naples, Italy",326039.0,Federica Sacco,815.0,2024-12-30 00:00:00,2025-08-18,ITA
,,Right-Handed,Jan 17 2001,"Lleida, Spain",326074.0,Maria Teixido Garcia,1137.0,2025-05-19 00:00:00,2025-08-18,ESP
,,Right-Handed,Sep 15 2001,"Minsk, Belarus",326119.0,Vlada Zvereva,1048.0,2024-12-30 00:00:00,2025-08-18,BLR
,,Right-Handed,May 24 2000,"Glinde, Germany",326248.0,Yasmine Wagner,1192.0,2024-12-30 00:00:00,2025-08-18,GER
"5' 5""",1.65m,Right-Handed,Jan 28 2000,"Solihull, England",326660.0,Summer Yardley,1414.0,2025-06-16 00:00:00,2025-08-18,GBR
"5' 2""",1.58m,Right-Handed,Apr 14 1999,"Holmfirth, England",326663.0,Bronte Murgett,896.0,2024-12-30 00:00:00,2025-06-02,GBR
,,Right-Handed,Jan 8 2001,"Neuss, Germany",326798.0,Julia Rennert,1368.0,2024-12-30 00:00:00,2025-05-26,GER
,,,,,326937.0,Jizel Matos Sequeira Fernandes,1015.0,2024-12-30 00:00:00,2025-08-18,GBR
"5' 9""",1.75m,Right-Handed,Sep 22 1999,"Hillsborough, CA, USA",326997.0,Carolyn Campana,780.0,2024-12-30 00:00:00,2025-08-18,USA
"5' 4""",1.63m,Right-Handed,Dec 6 2002,"Lawrenceville, GA, USA",327137.0,Sofia Rojas,699.0,2024-12-30 00:00:00,2025-08-18,USA
"5' 7""",1.71m,Right-Handed,Sep 29 1999,"Lisbon, Portugal",327273.0,Teresa Franco Dias,1364.0,2024-12-30 00:00:00,2025-08-18,POR
,,,,,327340.0,Laura Boehner,1028.0,2024-12-30 00:00:00,2025-08-18,GER
,,Right-Handed,Jun 15 2002,"Bengaluru, India",327357.0,Vanshita Pathania,1393.0,2025-03-03 00:00:00,2025-06-16,IND
,,,,,327423.0,Pia Praefke,1136.0,2024-12-30 00:00:00,2025-08-18,GER
,,Right-Handed,Dec 15 2000,"Kotka, Finland",327611.0,Venla Ahti,1402.0,2025-05-26 00:00:00,2025-06-16,FIN
,,Right-Handed,May 21 2003,"Cuneo, Italy",327643.0,Maddalena Giordano,828.0,2024-12-30 00:00:00,2025-08-18,ITA
"5' 9""",1.74m,Right-Handed,Jan 2 2001,"Kyoto, Japan",327719.0,Sera Nishimoto,1261.0,2024-12-30 00:00:00,2025-08-18,JPN
,,,,,327759.0,Melina Maruca,1393.0,2024-12-30 00:00:00,2025-08-18,ARG
"5' 4""",1.63m,Right-Handed,Feb 11 2000,"Miami, FL, USA",327779.0,Kianah Motosono,1335.0,2025-06-16 00:00:00,2025-08-18,USA
,,Right-Handed,Apr 4 2001,"Lviv, Ukraine",327787.0,Mariya Poduraeva,1123.0,2024-12-30 00:00:00,2025-08-18,UKR
"5' 6""",1.68m,Right-Handed,Apr 10 2001,"Melbourne, Australia",327807.0,Bianca Compuesto,1088.0,2024-12-30 00:00:00,2025-08-18,AUS
"5' 11""",1.80m,Right-Handed,Feb 27 2002,"Duluth, GA, USA",327835.0,Ava Hrastar,1029.0,2025-06-09 00:00:00,2025-08-18,USA
,,Right-Handed,Aug 29 2001,"Hemsby, England",327946.0,Katherine Barnes,757.0,2024-12-30 00:00:00,2025-08-18,GBR
,,Left-Handed,Oct 23 2001,"Voskresensk, Russia",328015.0,Anastasia Mozgaleva,1214.0,2024-12-30 00:00:00,2025-04-21,RUS
"5' 9""",1.75m,Right-Handed,Jun 9 2001,"Milan, Italy",328108.0,Cristina Tiglea,1165.0,2024-12-30 00:00:00,2025-06-30,ITA
"5' 6""",1.68m,Right-Handed,Jan 21 2002,"Redlands, CA, USA",328203.0,Camille Kiss,1293.0,2024-12-30 00:00:00,2025-06-16,USA
,,,,,328212.0,Giulia Paterno,1258.0,2025-05-26 00:00:00,2025-08-18,ITA
"5' 11""",1.80m,Mihika Yadav,May 20 2000,"Paris, France",328261.0,Mathilde Lollia,437.0,2024-12-30 00:00:00,2025-08-18,FRA
"5' 3""",1.60m,Right-Handed,May 16 2003,"Sao Paulo, Brazil",328316.0,Camilla Bossi,826.0,2024-12-30 00:00:00,2025-08-18,BRA
"6' 0""",,,Aug 19 1995,"Wenzhou, Zhejiang, China",328369.0,Jiayu Xu,1235.0,2024-12-30 00:00:00,2025-08-18,CHN
,,,,,328371.0,Shuoran Wang,1393.0,2024-12-30 00:00:00,2025-03-03,CHN
"5' 8""",1.73m,Right-Handed,Jun 18 2000,"Bradenton, FL, USA",328590.0,Jenna Dean,1004.0,2024-12-30 00:00:00,2025-08-18,USA
"5' 8""",1.73m,Right-Handed,Jun 24 2003,"Zandvoort, Netherlands",328632.0,Melissa Boyden,1202.0,2024-12-30 00:00:00,2025-08-18,NED
,,,,,328698.0,Phillippa Preugschat,1005.0,2024-12-30 00:00:00,2025-08-18,GER
,,,,,328724.0,Stefana Lazar,1393.0,2024-12-30 00:00:00,2025-06-16,ROU
,,,,,328805.0,Krystyna Pochtovyk,1192.0,2024-12-30 00:00:00,2025-08-18,UKR
,,Right-Handed,Dec 18 2001,"Moscow, Russia",328840.0,Alexandra Vasilyeva,905.0,2024-12-30 00:00:00,2025-08-18,RUS
,,Right-Handed,May 23 2004,"Barnaul, Russia",329020.0,Maria Andrienko,750.0,2024-12-30 00:00:00,2025-08-18,RUS
"5' 9""",1.75m,Left-Handed,Jun 13 2003,"Ropice, Czech Republic",329058.0,Katerina Mandelikova,1047.0,2024-12-30 00:00:00,2025-06-16,CZE
,,Right-Handed,Dec 27 2001,"Lviv, Ukraine",329108.0,Anastasiya Zaparyniuk,1040.0,2024-12-30 00:00:00,2025-08-18,UKR
"5' 6""",1.68m,Right-Handed,Oct 8 2001,"Carmichael, CA, USA",329129.0,Klara Kosan,1316.0,2025-05-19 00:00:00,2025-08-18,USA
"5' 7""",1.70m,Right-Handed,Mar 16 2003,"Mount Pleasant, SC, USA",329131.0,Emma Charney,1022.0,2024-12-30 00:00:00,2025-08-18,USA
"5' 7""",1.70m,Right-Handed,Nov 1 2002,"Las Palmas, Spain",329138.0,Maria Penalver Aguilo,1414.0,2025-06-16 00:00:00,2025-06-16,ESP
,,,,,329191.0,Fanny Norin,1316.0,2025-05-26 00:00:00,2025-08-18,SWE
,,Left-Handed,Mar 17 2003,"Verona, Italy",329220.0,Carlotta Moccia,986.0,2024-12-30 00:00:00,2025-08-18,ITA
,,Right-Handed,Feb 9 2002,"Aviles, Spain",329264.0,Maria Martinez Vaquero,661.0,2024-12-30 00:00:00,2025-08-18,ESP
,,Right-Handed,Jun 9 2004,"Astana, Kazakhstan",329391.0,Zhanel Rustemova,1393.0,2024-12-30 00:00:00,2025-03-03,KAZ
,,Right-Handed,Oct 4 2001,"Bracknell, England",329444.0,Esther Adeshina,646.0,2024-12-30 00:00:00,2025-08-18,GBR
,,,,,329503.0,Jin Zhang,1393.0,2024-12-30 00:00:00,2025-04-21,CHN
,,,,,329519.0,Matylda Burylo,1318.0,2025-01-27 00:00:00,2025-08-18,NOR
,,,,,329580.0,Na Kang,1397.0,2025-04-21 00:00:00,2025-08-18,KOR
,,Right-Handed,Mar 24 2003,"Banja Luka, Bosnia Herzegovina",329590.0,Sara Mikaca,1221.0,2024-12-30 00:00:00,2025-08-18,BIH
,,Right-Handed,Nov 1 2004,"Johannesburg, South Africa",329595.0,Gabriella Broadfoot,923.0,2024-12-30 00:00:00,2025-08-18,RSA
,,Right-Handed,Aug 29 2002,"Miramar, FL, USA",329635.0,Jamilah Snells,935.0,2025-06-09 00:00:00,2025-08-18,USA
,,,,,329646.0,Darja Suvirdjonkova,743.0,2024-12-30 00:00:00,2025-08-18,SRB
,,,,,329649.0,Elena Giessler,1332.0,2025-05-19 00:00:00,2025-08-18,GER
,,Right-Handed,Mar 22 2003,"Piura, Peru",329683.0,Dana Guzman,772.0,2024-12-30 00:00:00,2025-08-18,PER
,,,,,329698.0,Jana Vanik,1353.0,2024-12-30 00:00:00,2025-03-03,GER
,,Right-Handed,Apr 26 2002,"Enns, Austria",329807.0,Stefanie Auer,1393.0,2024-12-30 00:00:00,2025-04-21,AUT
,,,,,329872.0,Yuxuan Luo,1135.0,2024-12-30 00:00:00,2025-06-16,CHN
,,Right-Handed,Apr 1 2002,"Tuenno, Italy",329895.0,Caterina Odorizzi,1348.0,2024-12-30 00:00:00,2025-08-18,ITA
,,,,,329927.0,Judith Hernandez Miranda,1365.0,2024-12-30 00:00:00,2025-06-16,ESP
"5' 7""",1.70m,Right-Handed,Jan 2 2004,"Oskemen, Kazakhstan",329930.0,Tatyana Nikolenko,1399.0,2024-12-30 00:00:00,2025-02-17,KAZ
,,,,,330018.0,Sol Rabin,1229.0,2024-12-30 00:00:00,2025-08-18,ARG
,,Right-Handed,Jan 5 2004,"Bucharest, Romania",330065.0,Vanessa Popa Teiusanu,1219.0,2024-12-30 00:00:00,2025-08-18,ROU
,,Right-Handed,Feb 6 2002,"Valencia, Venezuela",330086.0,Sofia Cabezas Dominguez,694.0,2024-12-30 00:00:00,2025-08-18,VEN
,,Right-Handed,Sep 16 2002,"Riga, Latvia",330101.0,Marija Semenistaja,1297.0,2024-12-30 00:00:00,2025-08-18,LAT
,,Right-Handed,Jul 21 2004,"Tartu, Estonia",330103.0,Liisa Varul,1365.0,2024-12-30 00:00:00,2025-04-21,EST
,,Right-Handed,Mar 2 2005,"Scicli, Italy",330125.0,Noemi La Cagnina,1373.0,2024-12-30 00:00:00,2025-06-16,ITA
,,,,,330152.0,Viera Deeperm,1354.0,2024-12-30 00:00:00,2025-06-16,THA
,,,,,330154.0,Pooja Ingale,1156.0,2024-12-30 00:00:00,2025-08-18,IND
,,Right-Handed,May 28 2002,"Orsk, Russia",330249.0,Maria Mikhailova,1203.0,2024-12-30 00:00:00,2025-08-18,RUS
,,Right-Handed,May 9 2005,"Palma de Mallorca, Spain",330258.0,Sara Dols,640.0,2024-12-30 00:00:00,2025-08-18,ESP
"6' 1""",1.84m,Right-Handed,Mar 12 2003,"Baarn, Netherlands",330379.0,Coco Bosman,1243.0,2024-12-30 00:00:00,2025-08-18,NED
,,,,,330385.0,Klara Veldman,1348.0,2024-12-30 00:00:00,2025-08-18,NED
"5' 9""",1.75m,Right-Handed,Jul 29 2004,"Tampa, FL, USA",330391.0,Didi Bredberg Canizares,1414.0,2025-06-16 00:00:00,2025-08-18,USA
"5' 8""",1.72m,Right-Handed,Mar 1 2003,"Sarasota, FL, USA",330458.0,Emily De Oliveira,1082.0,2025-01-27 00:00:00,2025-08-18,USA
,,Right-Handed,May 1 2004,"Coruna, Spain",330470.0,Eva Alvarez Sande,1393.0,2024-12-30 00:00:00,2025-05-26,ESP
"5' 5""",1.65m,Right-Handed,Jan 30 2006,"Bayrakli, Turkey",330498.0,Duru Soke,1038.0,2024-12-30 00:00:00,2025-05-19,TUR
,,Right-Handed,May 10 2006,"Alphen aan den Rijn, Netherlands",330524.0,Dilara Okur,1353.0,2024-12-30 00:00:00,2025-03-03,NED
,,,,,330531.0,Elena Grekul,1285.0,2024-12-30 00:00:00,2025-08-18,UKR
,,Right-Handed,Dec 13 2005,"Prato, Italy",330550.0,Viola Turini,817.0,2024-12-30 00:00:00,2025-08-18,ITA
,,Right-Handed,Mar 11 2006,"San Vicenzo, Italy",330574.0,Noemi Basiletti,663.0,2024-12-30 00:00:00,2025-08-18,ITA
,,,,,330613.0,Karolina Mrazikova,1268.0,2025-05-19 00:00:00,2025-08-18,SVK
,,Right-Handed,Apr 25 2006,"Potchefstroom, South Africa",330626.0,Marilouise Van Zyl,1109.0,2024-12-30 00:00:00,2025-06-30,RSA
,,,,,330638.0,Michelle Dzjachangirova,1170.0,2024-12-30 00:00:00,2025-08-18,NED
,,,,,330654.0,Priyanshi Bhandari,1305.0,2025-03-03 00:00:00,2025-08-18,IND
,,,,,330659.0,Laalitya Kalluri,1175.0,2024-12-30 00:00:00,2025-08-18,IND
,,,,,330667.0,Paavanii Paathak,1365.0,2024-12-30 00:00:00,2025-08-18,IND
,,,,,330677.0,Isabelle Cherny,1188.0,2024-12-30 00:00:00,2025-08-18,GBR
,,Right-Handed,Apr 18 2006,"Ronchin, France",330694.0,Thessy Ntondele Zinga,1159.0,2025-03-31 00:00:00,2025-08-18,FRA
,,Right-Handed,Sep 3 2006,"Essen, Germany",330706.0,Carolin Raschdorf,1306.0,2025-05-19 00:00:00,2025-08-18,GER
,,,,,330736.0,Vanja Gudelj,1297.0,2024-12-30 00:00:00,2025-08-18,NED
,,Right-Handed,Jun 4 2006,"Copenhagen, Denmark",330753.0,Sara Borkop,1414.0,2025-06-16 00:00:00,2025-06-16,DEN
"5' 6""",1.68m,Right-Handed,Jul 27 2005,"Almaty, Kazakhstan",330763.0,Dana Baidaulet,1393.0,2024-12-30 00:00:00,2025-03-03,KAZ
,,Right-Handed,Mar 1 2006,"Almaty, Kazakhstan",330764.0,Asylzhan Arystanbekova,1393.0,2025-02-03 00:00:00,2025-08-18,KAZ
,,Right-Handed,Sep 26 2003,"Turin, Italy",330786.0,Chiara Fornasieri,1213.0,2024-12-30 00:00:00,2025-08-18,ITA
,,Right-Handed,Sep 4 2006,"Tel Aviv, Israel",330825.0,Alian Zack,1365.0,2024-12-30 00:00:00,2025-03-03,ISR
,,Right-Handed,Oct 7 2006,"Strasbourg, France",330840.0,Camilia Samel Druz,1183.0,2024-12-30 00:00:00,2025-06-02,FRA
,,,,,330862.0,Emma Slavikova,1154.0,2024-12-30 00:00:00,2025-08-18,CZE
"5' 9""",1.75m,Right-Handed,May 11 2004,"Normal, IL, USA",330865.0,Mckenna Schaefbauer,1212.0,2025-06-30 00:00:00,2025-08-18,USA
,,Right-Handed,Aug 26 2004,"Yekaterinburg, Russia",330874.0,Daria Zelinskaya,816.0,2024-12-30 00:00:00,2025-08-18,RUS
,,Right-Handed,Mar 18 2005,"Astana, Kazakhstan",330895.0,Sandugash Kenzhibayeva,889.0,2024-12-30 00:00:00,2025-08-18,KAZ
"5' 8""",1.68m,Right-Handed,Mar 16 2003,"Santo Domingo, Dominican Republic",330912.0,Ana Zamburek,1049.0,2024-12-30 00:00:00,2025-08-18,DOM
,,Right-Handed,Apr 28 2005,"Tczew, Poland",330986.0,Daria Gorska,1155.0,2024-12-30 00:00:00,2025-08-18,POL
,,Right-Handed,Apr 12 2006,"Montpellier, France",330991.0,Lucie Pawlak,959.0,2024-12-30 00:00:00,2025-08-18,FRA
,,Right-Handed,Jun 9 2007,"Trnava, Slovakia",331033.0,Victoria Chramcova,1337.0,2024-12-30 00:00:00,2025-08-18,SVK
,,Right-Handed,Oct 28 2004,"Moscow, Russia",331041.0,Anastasia Golubkova,1393.0,2024-12-30 00:00:00,2025-03-03,RUS
"5' 6""",1.68m,Right-Handed,Mar 13 2004,"Krasnodar, Russia",331043.0,Ekaterina Khayrutdinova,856.0,2024-12-30 00:00:00,2025-08-18,RUS
,,,,,331063.0,Clarissa Blomqvist,773.0,2024-12-30 00:00:00,2025-08-18,FIN
,,,,,331092.0,Sofia Avataneo,1095.0,2024-12-30 00:00:00,2025-08-04,ITA
,,Right-Handed,Jun 20 2003,"Saint Petersburg, Russia",331097.0,Elina Zakharova,1393.0,2024-12-30 00:00:00,2025-03-03,RUS
,,Right-Handed,Jan 6 2004,"Schlitters, Austria",331104.0,Anna Lena Ebster,1414.0,2025-06-16 00:00:00,2025-08-18,AUT
,,Right-Handed,May 26 2004,"Noumea, France",331123.0,Carolann Delaunay,969.0,2024-12-30 00:00:00,2025-08-18,
,,,,,331147.0,Liel Marlies Rothensteiner,1114.0,2025-02-03 00:00:00,2025-08-18,AUT
"5' 6""",1.68m,Right-Handed,Apr 18 2005,"Liege, Belgium",331158.0,Romane  Longueville,1069.0,2024-12-30 00:00:00,2025-08-18,BEL
,,Right-Handed,Aug 21 2006,"Hammamet, Tunisia",331174.0,Ranim Rassil,1389.0,2024-12-30 00:00:00,2025-03-03,TUN
,,,,,331263.0,"Iva Ivanova ",714.0,2024-12-30 00:00:00,2025-08-18,BUL
"5' 4""",1.63m,Right-Handed,Oct 11 2004,"Export, PA, USA",331280.0,Luciana Perry,1142.0,2025-06-09 00:00:00,2025-06-30,USA
,,Right-Handed,May 2 2006,"Saransk, Russia",331329.0,Maria Kalyakina,710.0,2024-12-30 00:00:00,2025-08-18,RUS
,,Right-Handed,Jul 7 2004,"Joinville, Brazil",331339.0,Maria Eduarda Lages,1318.0,2025-04-21 00:00:00,2025-08-18,BRA
,,Right-Handed,Jun 7 2007,"Silivri, Turkey",331388.0,Irem Kurt,1394.0,2025-04-21 00:00:00,2025-08-18,TUR
,,,,,331413.0,Eliska Tichackova,659.0,2024-12-30 00:00:00,2025-08-18,CZE
,,Right-Handed,Jul 20 2005,"Vicenza, Italy",331414.0,Greta Greco Lucchina,1089.0,2024-12-30 00:00:00,2025-06-30,ITA
,,Right-Handed,May 6 2004,"Umea, Sweden",331419.0,Ida Johansson,1272.0,2024-12-30 00:00:00,2025-08-18,SWE
,,Right-Handed,Mar 18 2007,"Moscow, Russia",331458.0,Arina Varaksina,1246.0,2025-06-09 00:00:00,2025-08-18,RUS
,,Right-Handed,Feb 4 2004,"Komorow, Poland",331504.0,"Natalia Kowalczyk ",1393.0,2024-12-30 00:00:00,2025-03-03,POL
,,,,,331512.0,Lena Couto,1357.0,2024-12-30 00:00:00,2025-08-18,POR
,,Right-Handed,Sep 12 2007,"Braga, Portugal",331513.0,Analu Freitas,1189.0,2024-12-30 00:00:00,2025-08-18,POR
,,Right-Handed,Aug 5 2005,"Rome, Italy",331531.0,Francesca Pace,547.0,2024-12-30 00:00:00,2025-08-18,ITA
,,Right-Handed,Jan 17 2006,,331543.0,Magdalena Smekalova,1144.0,2025-06-16 00:00:00,2025-08-18,CZE
,,Right-Handed,Jul 17 2006,"Sao Paulo, Brazil",331554.0,Sofia Cohen Perovani,956.0,2024-12-30 00:00:00,2025-08-18,BRA
,,,,,331583.0,Kate Mansfield,1066.0,2024-12-30 00:00:00,2025-08-18,USA
,,,,,331597.0,On Yu Choi,799.0,2024-12-30 00:00:00,2025-08-18,KOR
,,Right-Handed,Apr 11 2006,"Campsie, Australia",331634.0,Sarah Rokusek,1006.0,2024-12-30 00:00:00,2025-08-18,AUS
,,Right-Handed,,,331652.0,Mariam Atia,1161.0,2024-12-30 00:00:00,2025-03-31,EGY
,,Right-Handed,,,331656.0,Alessia Popescu,1179.0,2024-12-30 00:00:00,2025-08-18,ROU
,,,,,331664.0,Brooke Black,943.0,2024-12-30 00:00:00,2025-08-18,GBR
,,,,,331680.0,Gabriela Kawano Cho,1393.0,2024-12-30 00:00:00,2025-05-26,BRA
,,Right-Handed,Jun 22 2006,"Mexico City, Mexico",331712.0,Ximena Senties,1207.0,2024-12-30 00:00:00,2025-08-18,MEX
,,,,,331723.0,Ava Williamson,1293.0,2025-02-03 00:00:00,2025-08-18,GBR
,,Left-Handed,Apr 21 2007,"Hull, England",331726.0,Daniela Piani,970.0,2025-04-21 00:00:00,2025-08-18,GBR
,,Right-Handed,Nov 29 2004,"Buenos Aires, Argentina",331746.0,Katja Markus,1156.0,2024-12-30 00:00:00,2025-08-18,ARG
,,Right-Handed,Oct 31 2007,"Hemel Hempstead, England",331758.0,Hephzibah Oluwadare,810.0,2024-12-30 00:00:00,2025-08-18,GBR
,,Right-Handed,Jun 5 2006,"Canning, Argentina",331770.0,Pilar Beveraggi Lespiau,1318.0,2024-12-30 00:00:00,2025-08-18,ARG
,,,,,331790.0,Anjali Rathi,1030.0,2025-01-06 00:00:00,2025-08-18,IND
,,Right-Handed,Feb 5 2006,"Westbury, NY, USA",331828.0,Ariana  Anazagasty-Pursoo,1110.0,2024-12-30 00:00:00,2025-04-21,USA
,,Right-Handed,Dec 10 2007,"Havířov, Czech Republic",331847.0,Vendula Valdmannova,569.0,2024-12-30 00:00:00,2025-08-18,CZE
,,Right-Handed,Nov 16 2007,"Bruges, Belgium",331852.0,Jeline Vandromme,731.0,2024-12-30 00:00:00,2025-08-18,BEL
"5' 7""",1.70m,Right-Handed,Apr 7 2007,"Paris, France",331886.0,Margot Phanthala,1304.0,2024-12-30 00:00:00,2025-08-18,FRA
,,Right-Handed,Sep 10 2007,"Phra Nakhon, Thailand",331895.0,Kamonwan Yodpetch,1114.0,2024-12-30 00:00:00,2025-08-18,THA
"5' 7""",1.70m,Right-Handed,Aug 7 2004,"Otocec, Slovenia",331897.0,Lara Smejkal,981.0,2024-12-30 00:00:00,2025-08-18,SLO
,,Right-Handed,Oct 8 2005,"Kashka Suu, Kyrgyzstan",331923.0,Vladislava Andreevskaya,1370.0,2024-12-30 00:00:00,2025-02-17,KGZ
,,Right-Handed,Jun 3 2007,"Surat Thani, Thailand",331931.0,Lidia Podgorichani,1396.0,2024-12-30 00:00:00,2025-01-27,THA
,,Right-Handed,Apr 3 2006,"As, Czech Republic",331945.0,Barbora Michalkova,1221.0,2024-12-30 00:00:00,2025-08-18,CZE
,,Right-Handed,Jan 11 2007,"Helsingborg, Sweden",331958.0,Linea Bajraliu,1300.0,2024-12-30 00:00:00,2025-08-18,SWE
"5' 9""",1.75m,Right-Handed,Feb 4 2005,"Herts, England",331967.0,Jaquelyn Ogunwale,1393.0,2024-12-30 00:00:00,2025-04-21,GBR
,,Right-Handed,Oct 4 2005,,331997.0,Daria Yesypchuk,727.0,2024-12-30 00:00:00,2025-08-18,UKR
,,,,,332039.0,Claudia Ferrer Perez,1153.0,2024-12-30 00:00:00,2025-08-18,ESP
,,Right-Handed,May 31 2005,"Lisbon, Portugal",332046.0,Carla Tomai,1393.0,2024-12-30 00:00:00,2025-05-26,POR
,,,,,332086.0,Claudia Gasparovic,1017.0,2024-12-30 00:00:00,2025-08-18,AUT
,,Right-Handed,May 6 2006,"Braila, Romania",332098.0,Elena Ruxandra Bertea,551.0,2024-12-30 00:00:00,2025-08-18,ROU
"5' 4""",1.63m,Right-Handed,Feb 9 2002,"Thousand Oaks, CA, USA",332112.0,Jordyn Mcbride,974.0,2024-12-30 00:00:00,2025-08-18,USA
"5' 7""",1.70m,Right-Handed,Nov 15 2004,"Berkeley Heights, NJ, USA",332117.0,Lan Mi,815.0,2024-12-30 00:00:00,2025-08-18,CHN
"5' 10""",1.77m,Right-Handed,May 28 2003,"Hove, England",332152.0,Alicia Dudeney,1118.0,2025-06-09 00:00:00,2025-08-18,GBR
,,Right-Handed,Oct 13 2006,"Madrid, Spain",332156.0,Cayetana Gay,1318.0,2024-12-30 00:00:00,2025-08-18,ESP
,,Right-Handed,Feb 3 2007,,332194.0,Vlada Mincheva,1258.0,2024-12-30 00:00:00,2025-08-18,RUS
"5' 6""",1.69m,Right-Handed,Feb 3 2006,"Apeldoorn, Netherlands",332202.0,Rose Marie Nijkamp,764.0,2024-12-30 00:00:00,2025-08-18,NED
,,Right-Handed,May 15 2006,"Vlaardingen, Netherlands",332204.0,Joy De Zeeuw,580.0,2024-12-30 00:00:00,2025-08-18,NED
,,Right-Handed,Jun 7 2007,Zrenjanin,332213.0,Petra Konjikusic,961.0,2025-05-19 00:00:00,2025-08-18,SRB
,,,,,332229.0,Maayan Laron,1324.0,2025-05-26 00:00:00,2025-08-18,ISR
,,Right-Handed,Mar 25 2005,"Oradea, Romania",332243.0,Patricia Goina,1189.0,2024-12-30 00:00:00,2025-08-18,ROU
,,,,,332253.0,"Anamaria Oana ",1050.0,2024-12-30 00:00:00,2025-08-18,ROU
,,Right-Handed,Jun 3 2003,"Kathmandu, Nepal",332258.0,Abhilasha Bista,1393.0,2024-12-30 00:00:00,2025-03-03,NEP
,,Right-Handed,Jul 19 2006,"Remseck, Germany",332270.0,Valentina  Steiner,599.0,2024-12-30 00:00:00,2025-08-18,GER
,,,Nov 8 2006,,332271.0,Ann Akasha Ceuca,1348.0,2025-04-21 00:00:00,2025-08-18,GER
,,Right-Handed,Jun 29 2007,"Stuttgart, Germany",332274.0,Victoria Pohle,1023.0,2025-03-31 00:00:00,2025-08-18,GER
"5' 4""",1.63m,Right-Handed,Oct 2 2006,"Cotonou, Benin",332306.0,Gloriana Goreti Nahum,974.0,2024-12-30 00:00:00,2025-08-18,BEN
,,Right-Handed,Nov 13 2007,"Kempten, Germany",332309.0,Amelie Justine Hejtmanek,1055.0,2024-12-30 00:00:00,2025-08-18,CZE
,,Right-Handed,Mar 18 2007,,332313.0,Beatrise Zeltina,982.0,2025-02-17 00:00:00,2025-08-18,LAT
,,Right-Handed,Jul 29 2004,,332316.0,Maya Drozd,1170.0,2024-12-30 00:00:00,2025-08-18,GER
"5' 6""",1.68m,Right-Handed,Sep 30 2006,"Montreal, Canada",332347.0,Naomi Xu,1306.0,2024-12-30 00:00:00,2025-08-18,CAN
,,Right-Handed,Sep 29 2005,"Stanhope Gardens, Australia",332380.0,Cara Korhonen,1397.0,2025-04-21 00:00:00,2025-05-26,AUS
,,Right-Handed,Feb 2 2005,,332402.0,Alexa Volkov,1393.0,2024-12-30 00:00:00,2025-05-26,GER
,,Right-Handed,Feb 1 2005,"Antwerp, Belgium",332420.0,Jana Otzipka,712.0,2024-12-30 00:00:00,2025-08-18,BEL
,,,,,332423.0,Tamila Gadamauri,1270.0,2025-06-09 00:00:00,2025-08-18,BEL
,,,,,332444.0,Ekaterina Ivanova,1267.0,2024-12-30 00:00:00,2025-05-19,RUS
,,Right-Handed,May 28 2006,"Brunner, Austria",332446.0,Zimmer Alexandra,1318.0,2025-03-31 00:00:00,2025-08-18,AUT
,,Right-Handed,Jul 5 2008,"Salk, Sweden",332473.0,Tiana Tian Deng,940.0,2025-02-03 00:00:00,2025-08-18,SWE
,,Right-Handed,Apr 8 2005,"Sibiu, Romania",332480.0,Ioana Teodora Sava,1109.0,2024-12-30 00:00:00,2025-08-18,ROU
,,Right-Handed,Aug 12 2008,"New York, NY, USA",332504.0,Kayla Brianne Moore,1365.0,2024-12-30 00:00:00,2025-08-11,USA
,,,,,332518.0,Lidia Encheva,570.0,2024-12-30 00:00:00,2025-08-18,BUL
,,Left-Handed,Mar 13 2006,"Hestrup, Germany",332540.0,Josy Daems,559.0,2024-12-30 00:00:00,2025-08-18,GER
,,Right-Handed,Jun 22 2004,"Suva, Fiji",332568.0,Saoirse Breen,1222.0,2025-04-21 00:00:00,2025-08-18,FIJ
"5' 9""",1.75m,Right-Handed,Dec 29 2006,"Odessa, Ukraine",332577.0,Anastasiia Firman,1086.0,2024-12-30 00:00:00,2025-08-18,UKR
,,Right-Handed,Dec 14 2007,"Tolyatti, Russia",332588.0,Kira Bataikina,1202.0,2025-05-26 00:00:00,2025-08-18,RUS
,,,,,332603.0,Alexia Lavinia Puiac,1353.0,2024-12-30 00:00:00,2025-08-18,ROU
"6' 2""",1.89m,Right-Handed,Sep 14 2005,"Bucharest, Romania",332605.0,Mara Gae,859.0,2024-12-30 00:00:00,2025-08-18,ROU
,,,,,332609.0,Ke Ren,1337.0,2024-12-30 00:00:00,2025-08-18,CHN
"5' 6""",1.68m,Right-Handed,Sep 30 2007,,332634.0,Gaeul Jang,933.0,2024-12-30 00:00:00,2025-08-18,KOR
,,Right-Handed,Aug 11 2008,"Brisbane, Australia",332661.0,Tahlia Kokkinis,727.0,2024-12-30 00:00:00,2025-08-18,AUS
"5' 5""",1.65m,Right-Handed,Mar 11 2001,"Montreal, Canada",332665.0,Love-Star Alexis,1278.0,2024-12-30 00:00:00,2025-08-18,CAN
,,Right-Handed,Mar 14 2006,"Boca Raton, FL, USA",332667.0,Mia Slama,1127.0,2024-12-30 00:00:00,2025-08-18,USA
,,,,,332669.0,Gabriella Lindgren,1143.0,2024-12-30 00:00:00,2025-08-18,SWE
,,Right-Handed,Apr 7 2006,"Tokyo, Japan",332709.0,Alice Pesci,1396.0,2024-12-30 00:00:00,2025-02-24,ITA
,,,,,332710.0,Honori Koyama,1329.0,2025-06-16 00:00:00,2025-08-18,JPN
,,Right-Handed,Jul 26 2008,,332718.0,Alisa Oktiabreva,347.0,2024-12-30 00:00:00,2025-08-18,RUS
,,,,,332741.0,Alexis Nguyen,672.0,2025-01-27 00:00:00,2025-08-18,USA
,,Right-Handed,Aug 10 2006,"Plovdiv, Bulgaria",332749.0,Melis Rasim,1236.0,2025-04-21 00:00:00,2025-08-18,BUL
,,Right-Handed,Jan 8 2001,"Neckarsulm, Germany",332753.0,Lorena Schaedel,1027.0,2024-12-30 00:00:00,2025-08-18,GER
,,Right-Handed,Mar 25 2006,"Angers, France",332762.0,Alice Soulie,1151.0,2024-12-30 00:00:00,2025-08-18,FRA
,,,,,332769.0,Adela Polakovicova,1353.0,2024-12-30 00:00:00,2025-04-21,SVK
,,Left-Handed,Apr 25 2005,"Bad Durkheim, Germany",332792.0,Charlotte Keitel,1036.0,2025-07-21 00:00:00,2025-08-18,GER
,,,,,332816.0,Aoi Ide,1136.0,2025-05-19 00:00:00,2025-08-18,JPN
"5' 4""",1.63m,Right-Handed,Aug 3 2007,"Faro, Portugal",332842.0,Amalia Suciu,1290.0,2024-12-30 00:00:00,2025-08-18,POR
,,Left-Handed,Jun 7 2007,"Benalmadena, Spain",332843.0,Lorena Solar Donoso,1211.0,2024-12-30 00:00:00,2025-08-18,ESP
,,,,,332857.0,Karolina Krajmer,1261.0,2025-01-27 00:00:00,2025-08-18,SVK
"5' 9""",1.75m,Right-Handed,Jun 12 2006,"Tarragona, Spain",332861.0,Martina Genis Salas,1288.0,2024-12-30 00:00:00,2025-03-03,ESP
,,Right-Handed,Apr 4 2008,"Adelaide, Australia",332865.0,Sarah Mildren,1062.0,2025-03-31 00:00:00,2025-08-18,AUS
,,Right-Handed,Feb 1 2006,"Riga, Latvia",332906.0,Valerija Kargina,1402.0,2024-12-30 00:00:00,2025-01-13,LAT
"5' 7""",1.70m,Right-Handed,Dec 6 2004,"Barcelona, Spain",332921.0,Berta Passola,1022.0,2024-12-30 00:00:00,2025-08-18,ESP
,,,,,332948.0,Remika Ohashi,1043.0,2024-12-30 00:00:00,2025-08-18,JPN
,,,,,332949.0,Rea Nakashima,1153.0,2024-12-30 00:00:00,2025-08-18,JPN
,,Right-Handed,Jul 6 2008,"Tresboeuf, France",332950.0,Eleejah Inisan,772.0,2024-12-30 00:00:00,2025-08-18,FRA
,,Right-Handed,Aug 11 2006,"Lima, Peru",332956.0,Michela Castro Zunino,963.0,2024-12-30 00:00:00,2025-08-18,PER
,,,,,332969.0,Natalie Gaft,1396.0,2025-01-06 00:00:00,2025-02-24,AUS
,,Right-Handed,Aug 5 2007,"Saint Petersburg, Russia",332974.0,Maria Golovina,572.0,2024-12-30 00:00:00,2025-08-18,RUS
,,Right-Handed,Jan 30 2004,"Novi Sad, Serbia",332978.0,Mirjana Jovanovic,1019.0,2024-12-30 00:00:00,2025-08-18,SRB
,,Right-Handed,Mar 11 2007,"Sydney, Australia",333011.0,Alana Subasic,723.0,2024-12-30 00:00:00,2025-08-18,AUS
,,Right-Handed,Dec 11 2005,,333022.0,Anastasiia Sergienko,1397.0,2025-04-21 00:00:00,2025-05-26,RUS
,,Right-Handed,Nov 15 2006,"Bratislava, Slovakia",333055.0,Tamara Sramkova,1270.0,2025-06-09 00:00:00,2025-08-18,SVK
,,Right-Handed,Aug 11 2006,"Rostov on Don, Russia",333071.0,Ekaterina Perelygina,764.0,2025-01-27 00:00:00,2025-08-18,AUT
,,Right-Handed,Sep 13 2006,"Khanty Mansiysk, Russia",333074.0,Ustiniya Lekomtseva,1096.0,2024-12-30 00:00:00,2025-08-18,RUS
,,,,,333080.0,Cristiana  Todoni,1324.0,2025-05-26 00:00:00,2025-08-18,ROU
,,Right-Handed,Sep 9 2005,"Pune, India",333108.0,Madhurima Sawant,1245.0,2024-12-30 00:00:00,2025-08-18,IND
,,Right-Handed,Feb 18 2005,"Kolhapur, India",333109.0,Sonal Patil,1179.0,2024-12-30 00:00:00,2025-08-18,IND
,,,,,333135.0,Monika  Ekstrand,353.0,2024-12-30 00:00:00,2025-08-18,USA
,,,,,333144.0,Yifan Sun,1028.0,2024-12-30 00:00:00,2025-06-30,CHN
,,Right-Handed,Mar 9 2000,"Rennes, France",333151.0,Marine Le Bozec,1318.0,2024-12-30 00:00:00,2025-08-18,FRA
"5' 6""",1.68m,Right-Handed,Jan 3 2006,"Saint Petersburg, Russia",333154.0,Kira Matushkina,709.0,2024-12-30 00:00:00,2025-08-18,RUS
,,Right-Handed,Oct 16 2006,"Tokyo, Japan",333157.0,Riko Kikawada,1207.0,2024-12-30 00:00:00,2025-08-04,JPN
,,,,,333164.0,Laima Vladson,933.0,2024-12-30 00:00:00,2025-08-18,LTU
,,Right-Handed,Jul 26 2008,"Stenungsund, Sweden",333184.0,Isabel Skoog,1266.0,2024-12-30 00:00:00,2025-04-21,SWE
,,Right-Handed,Jun 9 2008,"Minsk, Belarus",333185.0,Polina Kuharenko,1318.0,2024-12-30 00:00:00,2025-08-18,BLR
,,Right-Handed,Jun 6 2007,"Ipoh, Malaysia",333192.0,Shihomi Li Xuan Leong,1393.0,2025-01-06 00:00:00,2025-03-03,MAS
,,,,,333200.0,I Wen Wan,1393.0,2025-01-06 00:00:00,2025-08-18,TPE
,,,,,333213.0,Sophia Ksandinov,1183.0,2024-12-30 00:00:00,2025-08-18,GER
,,Right-Handed,Nov 28 2006,"Melbourne, Australia",333231.0,Amelia Zylberman,1261.0,2024-12-30 00:00:00,2025-05-26,AUS
,,Right-Handed,Mar 19 2007,"San Marino, CA, USA",333243.0,Tianmei Wang,893.0,2025-01-06 00:00:00,2025-08-18,USA
,,Left-Handed,Jan 18 2008,,333262.0,Nadia Lagaev,850.0,2024-12-30 00:00:00,2025-08-18,CAN
,,,,,333335.0,Ela Plosnik,1194.0,2025-05-26 00:00:00,2025-08-18,SLO
,,,,,333337.0,Alja Senica,1178.0,2024-12-30 00:00:00,2025-08-18,SLO
,,,,,333354.0,Shiho Tsujioka,1078.0,2024-12-30 00:00:00,2025-08-18,JPN
,,,,,333357.0,Moeka Miyata,1228.0,2025-03-31 00:00:00,2025-08-18,JPN
,,Right-Handed,Oct 1 2007,"Zagreb, Croatia",333383.0,Dora Miskovic,1151.0,2024-12-30 00:00:00,2025-08-18,CRO
,,,,,333415.0,Ruien Zhang,638.0,2024-12-30 00:00:00,2025-08-18,CHN
,,Right-Handed,Jan 3 2006,"London, England",333439.0,Gabia Paskauskas,1324.0,2024-12-30 00:00:00,2025-08-18,GBR
,,,,,333457.0,Yuno Kitahara,841.0,2024-12-30 00:00:00,2025-08-18,JPN
,,Right-Handed,Nov 3 2006,"Saratov, Russia",333462.0,Polina Kaibekova,1163.0,2024-12-30 00:00:00,2025-08-18,RUS
"5' 10""",1.77m,Right-Handed,Sep 23 1999,"Knoxville, TN, USA",333464.0,Julia Adams,536.0,2024-12-30 00:00:00,2025-08-18,USA
,,,Nov 7 2007,,333465.0,Miroslava Medvedeva,1396.0,2025-01-06 00:00:00,2025-04-21,RUS
,,,,,333485.0,Kanon Sawashiro,1145.0,2025-04-21 00:00:00,2025-08-18,JPN
,,,,,333490.0,Anna Linn Puls,1116.0,2024-12-30 00:00:00,2025-08-18,GER
"5' 3""",1.61m,Right-Handed,Apr 5 2005,"Hong Kong, CHina",333497.0,Cheuk Ying Shek,1307.0,2025-06-30 00:00:00,2025-08-18,HKG
,,Right-Handed,Nov 21 2008,"Lyon, France",333499.0,Daphnee Mpetshi Perricard,873.0,2024-12-30 00:00:00,2025-08-18,FRA
,,Right-Handed,Jun 24 2005,"Oslo, Norway",333523.0,Carina Syrtveit,1396.0,2025-01-06 00:00:00,2025-04-21,NOR
,,Left-Handed,Jun 24 2008,"Vantor, Sweden",333526.0,Lea Nilsson,993.0,2025-05-26 00:00:00,2025-08-18,SWE
,,Right-Handed,Dec 22 2007,"Vladikavkaz, Russia",333555.0,Anna Snigireva,942.0,2024-12-30 00:00:00,2025-08-18,RUS
,,Right-Handed,Dec 18 2006,"Forte dei Marmi, Italy",333645.0,Anastasia Bertacchi,733.0,2024-12-30 00:00:00,2025-08-18,ITA
,,,,,333669.0,Duanrui Gao,1308.0,2024-12-30 00:00:00,2025-08-18,CHN
,,,,,333676.0,Shiyu Ye,1139.0,2024-12-30 00:00:00,2025-06-02,CHN
,,,,,333678.0,Chenting Zhu,615.0,2024-12-30 00:00:00,2025-08-18,CHN
"5' 7""",1.70m,Right-Handed,Jun 18 2007,"Leiria, Portugal",333682.0,Matilde Parreira,1396.0,2025-01-06 00:00:00,2025-08-18,POR
,,Right-Handed,Jun 1 2004,"Woodstock, MD, USA",333699.0,Kallista Liu,960.0,2024-12-30 00:00:00,2025-08-18,USA
,,Right-Handed,Nov 5 2007,"Farmington UT, USA",333703.0,Anna Frey,813.0,2024-12-30 00:00:00,2025-08-18,USA
,,Right-Handed,Apr 28 2008,"York, PA, USA",333704.0,Elizabeth Ionescu,991.0,2024-12-30 00:00:00,2025-08-18,USA
,,,,,333712.0,Zi Ye Zhang,1082.0,2024-12-30 00:00:00,2025-08-18,CHN
,,Right-Handed,Jun 25 2008,"Novi Sad, Serbia",333724.0,Anastasija Cvetkovic,1071.0,2025-03-31 00:00:00,2025-08-18,SRB
,,Right-Handed,Feb 27 2005,"Wroclaw, Poland",333753.0,Zuzanna Pawlikowska,415.0,2024-12-30 00:00:00,2025-08-18,POL
"5' 6""",1.68m,Right-Handed,Mar 2 2003,"Newtown, PA, USA",333758.0,Amelia Honer,640.0,2024-12-30 00:00:00,2025-08-18,USA
,,Right-Handed,May 12 2008,"Santiago, Chile",333767.0,Camila Rodero Contreras,1292.0,2025-06-16 00:00:00,2025-08-18,CHI
,,,,,333774.0,Diana-Ioana Simionescu,1316.0,2025-03-31 00:00:00,2025-08-18,ROU
"6' 0""",1.82m,Right-Handed,,"Paris, France",333781.0,Mathilde Ngijol Carre,1253.0,2024-12-30 00:00:00,2025-08-18,FRA
,,Right-Handed,Jan 8 2007,"Houten, Netherlands",333784.0,Britt Du Pree,785.0,2025-03-03 00:00:00,2025-08-18,NED
,,Right-Handed,Aug 5 2004,Oct 27 2007,333794.0,Meshkatolzahra Safi,1364.0,2025-01-06 00:00:00,2025-08-18,IRI
,,,,,333795.0,Feier Hu,1098.0,2025-03-31 00:00:00,2025-08-18,CHN
,,,,,333796.0,Ruirui Zou,845.0,2024-12-30 00:00:00,2025-08-18,CHN
,,,,,333797.0,Anna Yang,1318.0,2025-03-31 00:00:00,2025-08-18,CHN
,,,,,333845.0,Emma Si Yu Dong,1211.0,2024-12-30 00:00:00,2025-03-03,CAN
,,,,,333851.0,Julie Pastikova,661.0,2024-12-30 00:00:00,2025-08-18,CZE
,,,,,333855.0,Emma Ottavia Ghirardato,1294.0,2024-12-30 00:00:00,2025-08-18,ITA
"5' 4""",1.63m,Right-Handed,Jun 6 2004,"Lifou, New Caledonia, France",333879.0,Leilany Ipunesso,1122.0,2025-03-31 00:00:00,2025-08-18,NCD
,,Right-Handed,May 13 2006,"Copenhagen, Denmark",333893.0,Laura Brunkel,1015.0,2024-12-30 00:00:00,2025-08-18,DEN
,,,,,333898.0,Yujin Kim,859.0,2024-12-30 00:00:00,2025-08-18,KOR
,,Right-Handed,Mar 22 2006,,333913.0,Daria Shubina,1204.0,2025-05-19 00:00:00,2025-08-18,UZB
"5' 9""",1.75m,Right-Handed,Feb 16 2002,"Tiburon, CA, USA",333917.0,India Houghton,766.0,2024-12-30 00:00:00,2025-08-18,USA
,,,,,333926.0,Friederike Nolte,1266.0,2024-12-30 00:00:00,2025-08-18,GER
,,Right-Handed,Oct 5 2007,"Dorsten, Germany",333927.0,Eva Bennemann,935.0,2024-12-30 00:00:00,2025-08-18,GER
,,,,,333945.0,Tereza Krejcova,1144.0,2025-05-19 00:00:00,2025-08-18,CZE
,,Right-Handed,May 21 2008,"Berlin, Germany",333949.0,Sonja Zhenikhova,835.0,2024-12-30 00:00:00,2025-08-18,GER
,,,,,334045.0,Zhirui Liu,1271.0,2024-12-30 00:00:00,2025-08-18,CHN
,,,,,334052.0,Isabella Maria Serban,839.0,2024-12-30 00:00:00,2025-08-18,ITA
,,,,,334057.0,Milena Ciocan,1397.0,2025-04-21 00:00:00,2025-08-18,FRA
,,Right-Handed,Jun 23 2009,"Issy les Moulineaux, France",334059.0,Cindy Langlais,1088.0,2025-05-19 00:00:00,2025-08-18,FRA
"5' 4""",1.63m,Right-Handed,Aug 17 2005,"Tokyo, Japan",334090.0,Nao Nishino,1183.0,2025-06-09 00:00:00,2025-08-18,JPN
,,,,,334137.0,Jiayi Wang,866.0,2025-03-31 00:00:00,2025-08-18,CHN
,,,,,334141.0,Mariella Thamm,567.0,2024-12-30 00:00:00,2025-08-18,GER
,,Right-Handed,Jan 24 2006,"Tarpon Springs, FL, USA",334158.0,Sophie Llewellyn,1321.0,2024-12-30 00:00:00,2025-06-02,USA
,,,,,334159.0,Kaede Usui,1276.0,2025-02-03 00:00:00,2025-08-18,USA
,,Right-Handed,Nov 2 2006,,334169.0,Paola Lopez,1105.0,2024-12-30 00:00:00,2025-08-18,USA
,,,,,334180.0,Kali Supova,1204.0,2024-12-30 00:00:00,2025-02-24,SVK
,,Left-Handed,Sep 11 2009,"Campbell, California, U.S.",334193.0,Annika Penickova,993.0,2024-12-30 00:00:00,2025-08-18,USA
,,Right-Handed,Sep 11 2009,"Campbell, California, US",334194.0,Kristina Penickova,874.0,2024-12-30 00:00:00,2025-08-18,USA
,,,,,334204.0,Gaia  Maduzzi,972.0,2025-03-31 00:00:00,2025-08-18,ITA
,,Right-Handed,May 2 2008,"Klodzko, Poland",334206.0,Karolina Lincer,1218.0,2024-12-30 00:00:00,2025-08-18,POL
,,Right-Handed,Jan 31 2008,"Englewood, OH, USA",334210.0,Rachael Smith,1039.0,2024-12-30 00:00:00,2025-08-18,USA
"6' 2""",1.85m,Right-Handed,May 30 2009,"Bologna, Italy",334216.0,Micol Salvadori,1397.0,2025-04-21 00:00:00,2025-05-26,ITA
,,Right-Handed,Jun 27 2008,"Kazan, Russia",334219.0,Vlada Guryleva,1284.0,2025-04-21 00:00:00,2025-08-18,RUS
,,Right-Handed,Mar 17 2005,"Bree, Belgium",334232.0,Kaat Coppez,1033.0,2024-12-30 00:00:00,2025-08-18,BEL
"5' 8""",1.72m,Right-Handed,Sep 9 2006,"Odessa, Ukraine",334233.0,Yelyzaveta Chainykova,1299.0,2024-12-30 00:00:00,2025-06-30,UKR
,,,,,334234.0,Scarlet Kavanagh,1353.0,2024-12-30 00:00:00,2025-04-21,GBR
,,Right-Handed,Jan 17 2007,"Lampaul-Ploudalmézeau, France",334238.0,Juliette Trunet,1365.0,2024-12-30 00:00:00,2025-08-18,FRA
,,,,,334239.0,Tian Jialin,875.0,2024-12-30 00:00:00,2025-08-18,CHN
,,Left-Handed,Feb 28 2008,"Corrientes, Argentina",334243.0,Sofia Meabe,1318.0,2024-12-30 00:00:00,2025-08-18,ARG
,,,,,334245.0,Natalia Sousa Salazar,844.0,2024-12-30 00:00:00,2025-08-18,MEX
,,Right-Handed,Mar 9 2007,"Stvanice, Czech Republic",334294.0,Sarah Melany Fajmonova,714.0,2025-05-19 00:00:00,2025-08-18,CZE
,,Right-Handed,Jul 8 2008,"Minsk, Russia",334322.0,Yuliya Perapekhina,1402.0,2025-05-26 00:00:00,2025-05-26,BLR
,,,Nov 2 2008,"Earls Barton, England",334395.0,Tegan Bush,1034.0,2025-06-09 00:00:00,2025-08-18,GBR
,,Right-Handed,Oct 3 2006,"Lindenhurst, NY, USA",334420.0,Christasha Mcneil,718.0,2024-12-30 00:00:00,2025-08-18,USA
,,Right-Handed,Sep 28 2007,"Uitenhage, South Africa",334446.0,Abigayel Vosloo,1397.0,2025-04-21 00:00:00,2025-08-18,ZAF
,,Right-Handed,Apr 24 2006,"Durban, South Africa",334448.0,Kaitlyn Leigh Ramduth,1397.0,2025-01-13 00:00:00,2025-05-26,ZAF
,,,,,334454.0,Eva Zabolotnaia,1318.0,2025-04-21 00:00:00,2025-08-11,MDA
,,,,,334466.0,Yuzuha Negishi,1246.0,2025-05-19 00:00:00,2025-08-18,JPN
,,,,,334485.0,Anna Maria Fedotova,1313.0,2025-06-09 00:00:00,2025-08-18,DOM
"5' 9""",1.75m,Right-Handed,Nov 11 2006,"Montgomery, MD, USA",334494.0,Nathalie Gerald Marinovitch Zegarra,1245.0,2024-12-30 00:00:00,2025-08-18,BOL
,,,,,334504.0,Lavinia Luciano,1016.0,2024-12-30 00:00:00,2025-08-18,ITA
,,Right-Handed,Sep 28 2007,"Massa, Italy",334537.0,Lucrezia Musetti,1131.0,2024-12-30 00:00:00,2025-08-18,ITA
,,,,,334546.0,Sabrina Olimjanova,1365.0,2024-12-30 00:00:00,2025-08-18,UZB
"5' 8""",1.72m,Right-Handed,Jan 30 2007,"Alexandria, Egypt",334549.0,Jana Hossam Salah,1204.0,2024-12-30 00:00:00,2025-03-03,EGY
,,Right-Handed,May 21 2005,"Tokyo, Japan",334551.0,Yui Ohwaki,1080.0,2024-12-30 00:00:00,2025-08-18,JPN
,,Right-Handed,Jun 13 2008,"Trutnov, Czech Republic",334557.0,Alena Kovackova,677.0,2024-12-30 00:00:00,2025-08-18,CZE
,,,,,334588.0,Monika Stankiewicz,496.0,2024-12-30 00:00:00,2025-08-18,POL
,,Right-Handed,Mar 13 2010,"Sao Paulo, Brazil",334602.0,Nauhany Vitoria Leme Da Silva,1090.0,2024-12-30 00:00:00,2025-08-18,BRA
,,Right-Handed,Feb 11 2006,"Volgograd, Russia",334622.0,Varvara Panshina,626.0,2024-12-30 00:00:00,2025-08-18,RUS
,,Right-Handed,Jul 24 2009,"Herceg Novi, Montenegro",334629.0,Luna Vujovic,838.0,2024-12-30 00:00:00,2025-08-18,SRB
,,Right-Handed,May 19 2009,,334630.0,Ekaterina Agureeva,1318.0,2025-05-19 00:00:00,2025-08-18,RUS
,,Right-Handed,Nov 19 2009,"Sanremo, Italy",334636.0,Angelica Sara,1251.0,2024-12-30 00:00:00,2025-08-18,ITA
"6' 3""",1.90m,Right-Handed,Jun 22 2016,"Rostov on Don, Russia",334641.0,Daria Egorova,513.0,2024-12-30 00:00:00,2025-08-18,RUS
,,Right-Handed,Feb 20 2006,"Naarden, Netherlands",334654.0,Loes Ebeling Koning,614.0,2024-12-30 00:00:00,2025-08-18,NED
,,,,,334658.0,Zi Ying Ruan,1160.0,2024-12-30 00:00:00,2025-08-18,CHN
,,Right-Handed,Jan 23 2007,"New York, NY, USA",334734.0,Claire An,1331.0,2025-06-16 00:00:00,2025-08-18,USA
,,Right-Handed,Jul 17 2006,"Trento, Italy",334735.0,Noemi Maines,905.0,2024-12-30 00:00:00,2025-08-18,ITA
,,Right-Handed,Jun 9 2007,"Khimki, Russia",334762.0,Valeriia Artemeva,1271.0,2025-03-31 00:00:00,2025-08-18,RUS
,,,,,334825.0,Yichen Zhao,1414.0,2025-06-16 00:00:00,2025-08-18,CHN
,,,,,334828.0,Dominika Podhajecka,1393.0,2025-02-03 00:00:00,2025-08-18,POL
,,Right-Handed,Mar 18 2009,"Pancevo, Serbia",334863.0,Dusica Popovski,1397.0,2025-05-19 00:00:00,2025-08-18,SRB
,,,,,334870.0,Maya Iyengar,994.0,2024-12-30 00:00:00,2025-08-18,USA
,,Left-Handed,Nov 9 2009,"Oradea, Romania",334883.0,Giulia Safina Popa,879.0,2024-12-30 00:00:00,2025-08-18,ROU
,,,,,334894.0,Kaili Demi Teso,1243.0,2025-01-13 00:00:00,2025-08-18,JPN
"5' 9""",1.75m,Right-Handed,Oct 10 2001,"Ath, Belgium",334897.0,Margaux Maquet,918.0,2024-12-30 00:00:00,2025-08-18,BEL
,,,,,334931.0,Jahnie Van Zyl,936.0,2024-12-30 00:00:00,2025-08-18,ZAF
,,,,,334943.0,Maia Ilinca Burcescu,1172.0,2025-05-26 00:00:00,2025-08-18,ROU
,,,,,334971.0,Antonia Stoyanov,1293.0,2025-02-17 00:00:00,2025-08-18,NLD
"5' 3""",1.61m,Right-Handed,Apr 15 2001,"Brisbane, Australia",334992.0,Naomi Mckenzie,1154.0,2025-02-24 00:00:00,2025-08-18,AUS
,,,,,335013.0,Lexue Xiao,1001.0,2025-01-13 00:00:00,2025-08-18,CHN
,,Right-Handed,Mar 6 2007,"Moscow, Russia",335016.0,Maria Shmakova,1402.0,2025-05-26 00:00:00,2025-06-16,RUS
"5' 7""",1.70m,Right-Handed,Nov 21 2007,"Porto, Portugal",335062.0,Francisca Laundes,1371.0,2025-02-03 00:00:00,2025-08-18,POR
"5' 10""",1.77m,Right-Handed,Nov 18 2001,"Stuart, FL, USA",335078.0,Ellie Schoppe,674.0,2025-01-27 00:00:00,2025-08-18,USA
,,Right-Handed,Jul 23 2006,"Szczecin, Poland",335188.0,Barbara Straszewska,1217.0,2025-05-19 00:00:00,2025-08-18,POL
,,Right-Handed,Jul 30 2007,"LLeida, Spain",335221.0,Meritxell Teixido Garcia,1112.0,2024-12-30 00:00:00,2025-08-18,ESP
,,Right-Handed,Dec 21 2009,"Natal, Brazil",335246.0,Victoria Luiza Barros,1105.0,2024-12-30 00:00:00,2025-08-18,BRA
,,Right-Handed,Feb 2 2010,"Moscow, Russia",335303.0,Kristina Liutova,788.0,2025-04-21 00:00:00,2025-08-18,RUS
,,,,,335315.0,Neus Torner Sensano,1283.0,2025-01-13 00:00:00,2025-08-18,ESP
,,,,,335320.0,Dominika Pirohova,1397.0,2025-05-19 00:00:00,2025-05-26,SVK
,,,,,335348.0,Sae Noguchi,949.0,2025-05-19 00:00:00,2025-08-18,JPN
,,Right-Handed,Dec 20 2006,,335375.0,Kristina Kroitor,624.0,2024-12-30 00:00:00,2025-08-18,RUS
,,,,,335456.0,Zaire Clarke,1109.0,2025-05-19 00:00:00,2025-08-18,USA
,,Right-Handed,Dec 3 2008,"Albatera, Spain",335461.0,Juliana Giaccio,1222.0,2025-06-09 00:00:00,2025-08-18,ESP
,,,,,335478.0,Victoria Milovanova,883.0,2024-12-30 00:00:00,2025-08-18,RUS
,,,,,335755.0,Jana Kovackova,630.0,2025-03-03 00:00:00,2025-08-18,CZE
,,Right-Handed,Sep 8 2010,"Glandorf, Germany",335909.0,Ida Wobker,855.0,2025-07-21 00:00:00,2025-08-18,GER
,,,,,335920.0,Bella Payne,911.0,2025-06-09 00:00:00,2025-08-18,USA
,,,,,336018.0,Nadia Kulbiej,1075.0,2025-05-26 00:00:00,2025-08-18,POL
,,Right-Handed,Dec 9 2010,"Mission Viejo, CA, USA",336025.0,Lani Chang,1181.0,2025-06-30 00:00:00,2025-08-18,USA
,,Right-Handed,Feb 2 2004,"Sugar Hill, GA, USA",336113.0,Jo-Yee Chan,1181.0,2025-06-30 00:00:00,2025-08-18,USA
,,,,,336142.0,Xinle Geng,1175.0,2025-06-30 00:00:00,2025-08-18,CHN
"5' 9""",1.75m,Right-Handed,Aug 7 2001,"Prague, Czech Republic",336267.0,Petra Sedlackova,994.0,2025-07-21 00:00:00,2025-08-18,CZE
,,,,,324040.0,Alana Tuayeva,1297.0,2025-08-04,2025-08-18,RUS
,,,,,325076.0,Lucia Natal Gomez,1366.0,2025-08-04,2025-08-18,ESP
,,Right-Handed,Oct 13 2000,"Meknes, Morocco",325586.0,Diae El Jardi,1414.0,2025-08-04,2025-08-18,MAR
,,,,,326753.0,Ingrid Millan,1149.0,2025-08-04,2025-08-18,MEX
,,,,,326782.0,Ayaka Ozeki,1416.0,2025-08-04,2025-08-18,JPN
,,,,,328479.0,Jeong Moon,1366.0,2025-08-04,2025-08-18,KOR
,,,,,329744.0,Indianna Spink,1096.0,2025-08-04,2025-08-18,GBR
,,,,,330427.0,Ria Dernikovic,1416.0,2025-08-04,2025-08-18,CRO
,,,,,330624.0,Heike Janse Van Vuuren,1366.0,2025-08-04,2025-08-18,RSA
,,,Jan 12 2006,,331402.0,Emily Sartz-Lunde,1208.0,2025-08-04,2025-08-18,NOR
,,,,,331957.0,Isabella Svahn,1307.0,2025-08-04,2025-08-18,SWE
,,,,,331969.0,Lois Newberry,1392.0,2025-08-04,2025-08-18,GBR
,,,,,332464.0,Lola Giza,1328.0,2025-08-04,2025-08-18,GER
,,,,,332559.0,Charlotte Van Zonneveld,1333.0,2025-08-04,2025-08-18,NED
,,,,,332767.0,Kiara Zabkova,1122.0,2025-08-04,2025-08-18,SVK
,,,,,332823.0,Mutsumi Uemura,1427.0,2025-08-04,2025-08-18,JPN
,,,,,332990.0,Alice  Ferlito,1416.0,2025-08-04,2025-08-18,ESP
,,,,,333131.0,Mia Wainwright,1416.0,2025-08-04,2025-08-18,GBR
,,,,,333413.0,Celia Anson Sanchez,1207.0,2025-08-04,2025-08-18,ESP
,,,,,333646.0,Louna Zoppas,1262.0,2025-08-04,2025-08-18,FRA
,,,,,333680.0,Xi Luo,1328.0,2025-08-04,2025-08-18,CHN
,,Right-Handed,,,333972.0,Diana Yakovleva,1427.0,2025-08-04,2025-08-11,UZB
,,,,,334215.0,Amy Sucha,1148.0,2025-08-04,2025-08-18,CZE
,,,,,334267.0,Anna Kartseva,1208.0,2025-08-04,2025-08-18,RUS
,,,,,334453.0,Paulina Montiel,1366.0,2025-08-04,2025-08-18,MEX
,,,,,335046.0,Ophelie Boullay,1071.0,2025-08-04,2025-08-18,FRA
,,,,,335238.0,Barbara Kostecka,1071.0,2025-08-04,2025-08-18,POL
,,,,,335405.0,Sydney Jara,1236.0,2025-08-04,2025-08-18,USA
,,,,,335673.0,Gabriella Mikaul,1287.0,2025-08-04,2025-08-18,USA
,,,,,335688.0,Ava Rodriguez,1101.0,2025-08-04,2025-08-18,USA
,,Right-Handed,Jun 25 2004,"Vejle, Denmark",331082.0,Emma Malmkjaer,1360.0,2025-08-11,2025-08-18,DEN
,,Right-Handed,Jul 4 2006,"Santa Fe, Argentina",332126.0,Francesca Mattioli,1092.0,2025-08-11,2025-08-18,ITA
,,Right-Handed,Nov 22 2004,"Detroit, MI, USA",333434.0,Maddy  Zampardo,1419.0,2025-08-11,2025-08-18,USA
,,,,,334018.0,Yuyao Li,1419.0,2025-08-11,2025-08-18,CHN
,,,,,334350.0,Laura Badia,1419.0,2025-08-11,2025-08-18,BRA
,,,,,334451.0,Elda Lara Cruz,1409.0,2025-08-11,2025-08-18,MEX
,,,,,334786.0,Sara Victoria Balan,1419.0,2025-08-11,2025-08-18,ROU
"5' 9""",1.75m,Right-Handed,Jul 9 2004,"Zoetermeer, Netherlands",334968.0,Jade Groen,1409.0,2025-08-11,2025-08-18,NLD
,,,,,336158.0,Alesia Breaz,1360.0,2025-08-11,2025-08-18,ROU
,,,,,322605.0,Francesca Dell'Edera,1358,2025-08-18,2025-08-18,ITA
,,,,,332574.0,Giulia Alessia Monteleone,1257,2025-08-18,2025-08-18,ITA
,,,,,332711.0,Reina Goto,1251,2025-08-18,2025-08-18,JPN
,,,,,333107.0,Aishi Das,1287,2025-08-18,2025-08-18,NZL
,,,,,333836.0,Alexandra Irina Anghel,1425,2025-08-18,2025-08-18,ROU
,,,,,334526.0,Anna Tabunshchyk,1358,2025-08-18,2025-08-18,CAN
,,,,,335175.0,Katarina Kujovic,1358,2025-08-18,2025-08-18,BEL
,,,,,335219.0,Yushan Shao,1409,2025-08-18,2025-08-18,CHN
,,,,,335550.0,Giselle Isabell Guillen,995,2025-08-18,2025-08-18,AUS
,,,,,326250.0,Georgina Groth,1254,2025-08-18,2025-08-18,GER
,,,,,329185.0,Amy Stevens,1060,2025-08-18,2025-08-18,AUS
,,,,,332188.0,Claire Hill,1194,2025-08-18,2025-08-18,USA
,,,,,335764.0,Tina Manescu,1060,2025-08-18,2025-08-18,DEU
,,,,,,,,,,
,,,,,,,,,,