full_name,player_id,represented_country,height_inches,height_cm,plays,backhand,birth_date,birthplace,first_appearance,last_appearance,highest_ranking,prize_money
Jannik Sinner,S0AG,ITA,"6' 3""",1.91m,Right-Handed,Two-Handed,2001-08-16,"Innichen, South Tyrol, Italy",2018-01-01,,124,"$45,682,097"
Carlos Alcaraz,A0E2,ESP,"6' 0""",1.83m,Right-Handed,Two-Handed,2003-05-05,"El Palmar, Murcia, Spain",2018-01-01,,519,"$47,362,248"
Alexander Zverev,Z355,GER,"6' 6""",1.98m,Right-Handed,Two-Handed,1997-04-20,"Hamburg, Germany",2013-01-01,,68,"$53,764,389"
Taylor Fritz,FB98,USA,"6' 5""",1.96m,Right-Handed,,1997-10-28,"Rancho Santa Fe, CA, US",2015-01-01,,104,"$25,650,856"
Jack Draper,D0CO,GBR,"6' 4""",1.93m,Left-Handed,Two-Handed,2001-12-22,"London, England",2018-01-01,,202,"$8,193,771"
Novak Djokovic,D643,SRB,"6' 2""",1.88m,Right-Handed,Two-Handed,1987-05-22,"Belgrade, Serbia",2003-01-01,,114,"$188,934,053"
Lorenzo Musetti,M0EJ,ITA,"6' 1""",1.85m,Right-Handed,One-Handed,2002-03-03,"Carrara, Tuscany, Italy",2019-01-01,,142,"$10,260,068"
Ben Shelton,S0S1,USA,"6' 4""",1.93m,Left-Handed,Two-Handed,2002-10-09,"Atlanta, GA, US",2022-01-01,,68,"$7,925,655"
Holger Rune,R0DG,DEN,"6' 2""",1.88m,Right-Handed,Two-Handed,2003-04-29,"Gentofte, Denmark",2020-01-01,,174,"$13,760,337"
Andrey Rublev,RE44,RUS,"6' 2""",1.88m,Right-Handed,Two-Handed,1997-10-20,"Moscow, Russia",2014-01-01,,44,"$29,484,263"
Frances Tiafoe,TD51,USA,"6' 2""",1.88m,Right-Handed,Two-Handed,1998-01-20,"Hyattsville, MD, US",2015-01-01,,160,"$14,672,375"
Casper Ruud,RH16,NOR,"6' 0""",1.83m,Right-Handed,Two-Handed,1998-12-22,"Oslo, Norway",2015-01-01,,133,"$24,931,409"
Alex de Minaur,DH58,AUS,"6' 0""",,Right-Handed,Two-Handed,1999-02-17,"Sydney, New South Wales, Australia",2015-01-01,,58,"$18,129,527"
Daniil Medvedev,MM58,RUS,"6' 6""",1.98m,Right-Handed,Two-Handed,1996-02-11,"Moscow, Russia",2014-01-01,,170,"$46,779,909"
Tommy Paul,PL56,USA,"6' 1""",1.85m,Right-Handed,Two-Handed,1997-05-17,"Voorhees Township, NJ, US",2015-01-01,,97,"$12,041,105"
Karen Khachanov,KE29,RUS,"6' 6""",1.98m,Right-Handed,Two-Handed,1996-05-21,"Moscow, Russia",2013-01-01,,53,"$19,983,161"
Jakub Mensik,M0NI,CZE,"6' 5""",1.96m,Right-Handed,Two-Handed,2005-09-01,"Prostějov, Czech Republic",,,386,"$3,790,374"
Flavio Cobolli,C0E9,ITA,"6' 0""",,Right-Handed,Two-Handed,2002-05-06,"Florence, Italy",2020-01-01,,187,"$4,422,661"
Francisco Cerundolo,C0AU,ARG,"6' 1""",1.85m,Right-Handed,Two-Handed,1998-08-16,"Buenos Aires, Argentina",2018-01-01,,203,"$7,658,858"
Grigor Dimitrov,D875,BUL,"6' 3""",1.91m,Right-Handed,One-Handed,1991-05-16,"Haskovo, Bulgaria",,,66,"$30,385,342"
Arthur Fils,F0F1,FRA,"6' 1""",1.85m,Right-Handed,Two-Handed,2004-06-12,"Courcouronnes, France",2021-01-01,,186,"$5,769,752"
Tomas Machac,M0FH,CZE,"6' 0""",1.83m,Right-Handed,Two-Handed,2000-10-13,"Beroun, Czech Republic",2017-01-01,,46,"$4,950,489"
Ugo Humbert,HH26,FRA,"6' 2""",1.88m,Left-Handed,Two-Handed,1998-06-26,"Metz, France",2016-01-01,,348,"$9,521,638"
Alexei Popyrin,P09Z,AUS,"6' 5""",1.96m,Right-Handed,Two-Handed,1999-08-05,"Sydney, New South Wales, Australia",2017-01-01,,126,"$7,905,659"
Jiri Lehecka,L0BV,CZE,"6' 1""",1.85m,Right-Handed,Two-Handed,2001-11-08,"Mladá Boleslav, Czech Republic",2020-01-01,,144,"$5,788,293"
Alejandro Davidovich Fokina,DH50,ESP,"5' 11""",1.80m,Right-Handed,Two-Handed,1999-06-05,"Rincón de la Victoria, Spain",2017-01-01,,196,"$8,487,716"
Felix Auger-Aliassime,AG37,CAN,"6' 4""",1.93m,Right-Handed,Two-Handed,2000-08-08,"Montreal, Quebec, Canada",2017-01-01,,60,"$15,725,454"
Denis Shapovalov,SU55,CAN,"6' 1""",1.85m,Left-Handed,One-Handed,1999-04-15,"Tel Aviv, Israel",,,44,"$13,734,498"
Stefanos Tsitsipas,TE51,GRE,"6' 4""",1.93m,Right-Handed,One-Handed,1998-08-12,"Athens, Greece",2016-01-01,,64,"$34,877,841"
Alexander Bublik,BK92,KAZ,"6' 5""",1.96m,Right-Handed,Two-Handed,1997-06-17,"Gatchina, Russia",2016-01-01,,47,"$9,415,486"
Tallon Griekspoor,GJ37,NED,"6' 2""",1.88m,Right-Handed,Two-Handed,1996-07-02,"Haarlem, Netherlands",2015-01-01,,61,"$6,377,553"
Brandon Nakashima,N0AE,USA,"6' 2""",,Right-Handed,Two-Handed,2001-08-03,"San Diego, CA, United States",2019-01-01,,193,"$5,841,052"
Sebastian Korda,K0AH,USA,"6' 5""",1.96m,Right-Handed,Two-Handed,2000-07-05,"Bradenton, FL, US",2018-01-01,,46,"$7,806,763"
Alex Michelsen,M0QI,USA,"6' 4""",1.93m,Right-Handed,Two-Handed,2004-08-25,"Aliso Viejo, CA, US",2023-01-01,,67,"$3,033,784"
Gabriel Diallo,D0F6,CAN,"6' 8""",2.03m,Right-Handed,Two-Handed,2001-09-24,"Montreal, Canada",2023-01-01,,321,"$1,678,261"
Jordan Thompson,TC61,AUS,"6' 0""",1.83m,Right-Handed,Two-Handed,1994-04-20,"Sydney, New South Wales, Australia",2013-01-01,,3,"$8,677,021"
Lorenzo Sonego,SU87,ITA,"6' 3""",1.91m,Right-Handed,Two-Handed,1995-05-11,"Turin, Italy",2013-01-01,,60,"$7,778,599"
Hubert Hurkacz,HB71,POL,"6' 5""",1.96m,Right-Handed,Two-Handed,1997-02-11,"Wrocław, Poland",2015-01-01,,30,"$18,018,430"
Alexandre Muller,MP20,FRA,"6' 0""",1.83m,Right-Handed,Two-Handed,1997-02-01,"Poissy, France",2014-01-01,,263,"$3,218,357"
Nuno Borges,BT72,POR,"6' 1""",1.85m,Right-Handed,Two-Handed,1997-02-19,"Maia, Portugal",2019-01-01,,69,"$3,571,037"
Cameron Norrie,N771,GBR,"6' 2""",1.88m,Left-Handed,Two-Handed,1995-08-23,"Johannesburg, South Africa",2017-01-01,,117,"$12,800,907"
Matteo Berrettini,BK40,ITA,"6' 5""",1.96m,Right-Handed,Two-Handed,1996-04-12,"Rome, Italy",2015-01-01,,105,"$13,405,602"
Sebastian Baez,B0BI,ARG,"5' 7""",1.70m,Right-Handed,Two-Handed,2000-12-28,"Buenos Aires, Argentina",2018-01-01,,189,"$5,425,989"
Matteo Arnaldi,A0FC,ITA,"6' 1""",1.85m,Right-Handed,Two-Handed,2001-02-22,"Sanremo, Italy",2019-01-01,,286,"$3,917,422"
Giovanni Mpetshi Perricard,M0GZ,FRA,"6' 8""",2.03m,Right-Handed,One-Handed,2003-07-08,"Lyon, France",2021-01-01,,207,"$2,392,940"
Luciano Darderi,D0FJ,ITA,"6' 0""",1.83m,Right-Handed,Two-Handed,2002-02-14,"Villa Gesell, Argentina",2023-01-01,,104,"$2,480,622"
Joao Fonseca,F0FV,BRA,"6' 2""",,Right-Handed,Two-Handed,2006-08-21,"Rio de Janeiro, Brazil",2024-01-01,,431,"$1,734,045"
Gael Monfils,MC65,FRA,"6' 4""",1.93m,Right-Handed,Two-Handed,1986-09-01,"Paris, France",2004-01-01,,155,"$24,119,920"
Miomir Kecmanovic,KI95,SRB,"6' 0""",1.83m,Right-Handed,Two-Handed,1999-08-31,"Belgrade, Serbia",2017-01-01,,127,"$7,335,520"
Jaume Munar,MU94,ESP,"6' 0""",1.83m,Right-Handed,Two-Handed,1997-05-05,"Santanyí, Spain",2014-01-01,,98,"$5,604,802"
Camilo Ugo Carabelli,U182,ARG,"6' 1""",1.85m,Right-Handed,Two-Handed,1999-06-17,"Buenos Aires, Argentina",2016-01-01,,232,"$1,487,825"
Zizou Bergs,BU13,BEL,"6' 1""",1.85m,Right-Handed,Two-Handed,1999-06-03,"Lommel, Belgium",2018-01-01,,265,"$2,147,140"
Roberto Bautista Agut,BD06,ESP,"6' 0""",1.83m,Right-Handed,Two-Handed,1988-04-14,"Castellón de la Plana, Spain",2005-01-01,,169,"$19,538,112"
Fabian Marozsan,M0CI,HUN,"6' 4""",1.93m,Right-Handed,Two-Handed,1999-10-08,"Budapest, Hungary",2017-01-01,,444,"$3,077,099"
Jacob Fearnley,F0BY,GBR,"6' 0""",1.83m,,,2001-07-15,Worcester,,,212,"$1,055,251"
Daniel Altmaier,AE14,GER,"6' 2""",1.88m,Right-Handed,One-Handed,1998-09-12,"Kempen, Germany",2014-01-01,,300,"$4,168,883"
Marcos Giron,GC88,USA,"5' 11""",1.80m,Right-Handed,Two-Handed,1993-07-24,"Thousand Oaks, CA, US",2014-01-01,,194,"$5,685,237"
Tomas Martin Etcheverry,EA24,ARG,"6' 5""",1.96m,Right-Handed,Two-Handed,1999-07-18,"La Plata, Argentina",2017-01-01,,203,"$4,726,849"
Corentin Moutet,MW02,FRA,"5' 11""",,Left-Handed,Two-Handed,1999-04-19,"Neuilly-sur-Seine, Hauts-de-Seine, France",2016-01-01,,425,"$4,845,610"
David Goffin,GB88,BEL,"5' 11""",1.80m,Right-Handed,Two-Handed,1990-12-07,"Rocourt, Liège, Belgium",2009-01-01,,158,"$18,413,458"
Damir Dzumhur,D923,BIH,"5' 9""",1.75m,Right-Handed,Two-Handed,1992-05-20,"Sarajevo, Bosnia and Herzegovina",2011-01-01,,117,"$5,830,524"
Pedro Martinez,MO44,ESP,"6' 1""",1.85m,Right-Handed,Two-Handed,1997-04-26,"Alzira, Spain",2014-01-01,,36,"$5,332,748"
Mattia Bellucci,B0GG,ITA,"5' 9""",1.75m,Left-Handed,Two-Handed,2001-06-01,"Busto Arsizio, Italy",,,285,"$1,294,804"
Marin Cilic,C977,CRO,"6' 6""",1.98m,Right-Handed,Two-Handed,1988-09-28,"Medjugorje, Bosnia and Herzegovina",2005-01-01,,49,"$32,194,103"
Arthur Rinderknech,RC91,FRA,"6' 5""",1.96m,Right-Handed,Two-Handed,1995-07-23,"Gassin, France",2018-01-01,,124,"$4,224,455"
Aleksandar Kovacevic,K0AZ,USA,"5' 8""",1.73m,Right-Handed,One-Handed,1998-08-29,"New York, NY, USA",2021-01-01,,62,"$1,988,724"
Learner Tien,T0HA,USA,"5' 11""",1.80m,Left-Handed,Two-Handed,2005-12-02,"Irvine, CA, US",2023-01-01,,345,"$1,533,931"
Laslo Djere,DB63,SRB,"6' 2""",1.88m,Right-Handed,,1995-06-02,"Senta, Serbia",2013-01-01,,346,"$6,384,551"
Benjamin Bonzi,BM95,FRA,"6' 1""",1.85m,Right-Handed,Two-Handed,1996-06-09,"Nîmes, France",2015-01-01,,121,"$3,468,947"
Kei Nishikori,N552,JPN,"5' 10""",1.78m,,,1989-12-29,"Matsue, Shimane, Japan",2007-01-01,,167,"$25,973,785"
Quentin Halys,HB64,FRA,"6' 3""",1.91m,Right-Handed,,1996-10-26,"Bondy, France",2012-01-01,,129,"$4,096,134"
Hamad Medjedovic,M0JF,SRB,"6' 2""",1.88m,Right-Handed,Two-Handed,2003-07-18,"Novi Pazar, Serbia",2021-01-01,,1267,"$1,877,082"
Francisco Comesana,C0DF,ARG,"5' 10""",1.78m,Right-Handed,Two-Handed,2000-10-06,"Mar del Plata, Argentina",,,257,"$1,334,660"
Reilly Opelka,O522,USA,"6' 11""",2.11m,Right-Handed,Two-Handed,1997-08-28,"St. Joseph, MI, US",2015-01-01,,89,"$5,153,322"
Yunchaokete Bu,Y09V,CHN,"6' 1""",1.85m,Right-Handed,Two-Handed,2002-01-19,"Bortala Mongol Autonomous Prefecture, Xinjiang, China",,,274,"$1,244,882"
Mariano Navone,N0BS,ARG,"5' 10""",1.78m,Right-Handed,Two-Handed,2001-02-27,"Nueve de Julio, Buenos Aires, Argentina",,,140,"$1,900,828"
Christopher O'Connell,O483,AUS,"6' 0""",1.83m,Right-Handed,One-Handed,1994-06-03,"Sydney, Australia",2011-01-01,,460,"$3,549,590"
Kamil Majchrzak,MQ75,POL,"6' 0""",1.83m,Right-Handed,Two-Handed,1996-01-13,"Piotrków Trybunalski, Poland",2014-01-01,,241,"$2,730,115"
Vit Kopriva,KI82,CZE,"5' 10""",1.78m,Right-Handed,Two-Handed,1997-06-15,"Bílovec, Czech Republic",2015-01-01,,261,"$1,212,462"
Roman Safiullin,SX50,RUS,"6' 1""",1.85m,Right-Handed,Two-Handed,1997-08-07,"Podolsk, Russia",2015-01-01,,151,"$3,669,399"
Juan Manuel Cerundolo,C0C8,ARG,"6' 0""",1.83m,Left-Handed,Two-Handed,2001-11-15,"Buenos Aires, Argentina",2018-01-01,,376,"$1,474,120"
Rinky Hijikata,H0BH,AUS,"5' 10""",1.78m,Right-Handed,Two-Handed,2001-02-23,"Sydney, New South Wales, Australia",2021-01-01,,23,"$2,861,238"
Jesper de Jong,D0C1,NED,"5' 11""",1.80m,Right-Handed,Two-Handed,2000-05-31,"Haarlem, Netherlands",,,135,"$1,461,703"
Adam Walton,W09E,AUS,"6' 0""",1.83m,Right-Handed,Two-Handed,1999-04-17,"Home Hill, Queensland, Australia",,,134,"$1,333,517"
Roberto Carballes Baena,CF59,ESP,"6' 0""",1.83m,Right-Handed,Two-Handed,1993-03-23,"Tenerife, Spain",2011-01-01,,127,"$5,748,127"
Ethan Quinn,Q02L,USA,"6' 3""",1.91m,Right-Handed,Two-Handed,2004-03-12,"Fresno, CA, US",2023-01-01,,325,"$816,823"
Juncheng Shang,S0RE,CHN,"5' 11""",1.80m,Left-Handed,Two-Handed,2005-02-02,"Beijing, China",2021-01-01,,47,"$1,881,985"
Raphael Collignon,C0JP,BEL,"6' 3""",1.91m,Right-Handed,Two-Handed,2002-01-13,"Rochester, MN, U.S.",2022-01-01,,435,"$344,906"
Yoshihito Nishioka,N732,JPN,"5' 7""",1.70m,Left-Handed,Two-Handed,1995-09-27,"Tsu, Japan",2014-01-01,,210,"$6,926,298"
Borna Coric,CG80,CRO,"6' 2""",1.88m,Right-Handed,Two-Handed,1996-11-14,"Zagreb, Croatia",2013-01-01,,413,"$12,955,470"
Marton Fucsovics,F724,HUN,"6' 2""",1.88m,Right-Handed,Two-Handed,1992-02-08,"Nyíregyháza, Hungary",2010-01-01,,189,"$7,536,053"
Pablo Carreno Busta,CD85,ESP,"6' 2""",1.88m,Right-Handed,Two-Handed,1991-07-12,"Gijón, Spain",2009-01-01,,16,"$16,295,568"
Adrian Mannarino,ME82,FRA,"5' 11""",1.80m,Left-Handed,Two-Handed,1988-06-29,"Soisy-sous-Montmorency, France",2004-01-01,,73,"$13,514,922"
Hugo Dellien,DA31,BOL,"5' 11""",1.80m,Right-Handed,Two-Handed,1993-06-16,"Trinidad, Bolivia",2009-01-01,,185,"$2,626,743"
Mackenzie McDonald,MK66,USA,"5' 10""",1.78m,Right-Handed,Two-Handed,1995-04-16,"Piedmont, CA, US",2016-01-01,,49,"$6,443,345"
Luca Nardi,N0BG,ITA,"6' 1""",1.85m,Right-Handed,Two-Handed,2003-08-06,"Pesaro, Italy",,,299,"$1,716,109"
Filip Misolic,M0JZ,AUT,"5' 11""",1.80m,Right-Handed,Two-Handed,2001-08-08,"Graz, Austria",2019-01-01,,1051,"$973,893"
Nicolas Jarry,J551,CHI,"6' 7""",2.01m,Right-Handed,Two-Handed,1995-10-11,"Santiago, Chile",2014-01-01,,40,"$7,032,071"
Hugo Gaston,G09O,FRA,"5' 8""",1.73m,Left-Handed,Two-Handed,2000-09-26,"Toulouse, France",2018-01-01,,220,"$3,242,881"
Arthur Cazaux,C0H0,FRA,"6' 0""",1.83m,Right-Handed,Two-Handed,2002-08-23,"Montpellier, France",2020-01-01,,430,"$1,838,795"
Chun-Hsin Tseng,T0AP,TPE,"5' 9""",1.75m,Right-Handed,Two-Handed,2001-08-08,"Taipei, Taiwan",2019-01-01,,305,"$1,396,427"
Jenson Brooksby,B0CD,USA,"6' 4""",1.93m,Right-Handed,Two-Handed,2000-10-26,"Sacramento, CA, United States",2021-01-01,,1403,"$2,728,811"
Botic van de Zandschulp,V812,NED,"6' 3""",1.91m,Right-Handed,Two-Handed,1995-10-04,"Wageningen, Gelderland, Netherlands",2016-01-01,,60,"$5,386,552"
Tristan Schoolkate,S0N0,AUS,"6' 0""",1.83m,Right-Handed,,2001-02-26,"Perth, Australia",,,120,"$971,507"
Aleksandar Vukic,V832,AUS,"6' 2""",1.88m,Right-Handed,Two-Handed,1996-04-06,"Sydney, New South Wales, Australia",2018-01-01,,237,"$3,053,696"
Alejandro Tabilo,TE30,CHI,"6' 2""",1.88m,Left-Handed,Two-Handed,1997-06-02,"Toronto, Ontario, Canada",2015-01-01,,106,"$3,932,568"
Elmer Moller,M0K4,DEN,"6' 0""",1.83m,Right-Handed,Two-Handed,2003-07-09,"Aarhus, Denmark",,,899,"$417,056"
James Duckworth,D994,AUS,"6' 0""",1.83m,Right-Handed,Two-Handed,1992-01-21,"Sydney, Australia",2010-01-01,,185,"$4,459,413"
Brandon Holt,H09P,USA,"6' 1""",1.85m,Right-Handed,Two-Handed,1998-04-06,"Torrance, CA, U.S.",2020-01-01,,473,"$827,508"
Alexander Shevchenko,S0H2,KAZ,"6' 1""",1.85m,Right-Handed,,2000-11-29,"Rostov-on-Don, Russia",2018-01-01,,406,"$2,571,170"
Carlos Taberner,TE16,ESP,"6' 0""",1.83m,Right-Handed,Two-Handed,1997-08-08,"Valencia, Spain",2015-01-01,,337,"$1,357,903"
Nishesh Basavareddy,B0NN,USA,"5' 11""",1.80m,Right-Handed,Two-Handed,2005-05-02,"Newport Beach, CA, United States",,,676,"$571,484"
Valentin Royer,R0EB,FRA,"6' 2""",,Right-Handed,,2001-05-29,Neuilly-sur-Seine,,,778,"$492,194"
Nikoloz Basilashvili,BG23,GEO,"6' 1""",1.85m,Right-Handed,Two-Handed,1992-02-23,"Tbilisi, Georgia",2008-01-01,,148,"$9,091,148"
Liam Draxl,D0DP,CAN,"6' 1""",1.85m,Right-Handed,Two-Handed,2001-12-05,"Newmarket, Canada",2023-01-01,,111,"$299,232"
Emilio Nava,N0AM,USA,"6' 0""",1.83m,Right-Handed,Two-Handed,2001-12-02,"West Hills, CA, U.S.",2018-01-01,,187,"$1,207,551"
Otto Virtanen,V0AM,FIN,"6' 3""",1.91m,Right-Handed,Two-Handed,2001-06-21,"Hyvinkää, Finland",2018-01-01,,243,"$1,159,563"
Cristian Garin,GD64,CHI,"6' 1""",1.85m,Right-Handed,Two-Handed,1996-05-30,"Santiago, Chile",2011-01-01,,206,"$6,310,218"
Jaime Faria,F0F2,POR,"6' 2""",,Right-Handed,Two-Handed,2003-08-06,Lisbon,,,192,"$580,536"
Dalibor Svrcina,S0GD,CZE,"5' 10""",1.78m,Right-Handed,Two-Handed,2002-10-02,"Ostrava, Czech Republic",,,276,"$778,742"
Francesco Passaro,P0CT,ITA,"5' 11""",1.80m,Right-Handed,Two-Handed,2001-01-07,"Perugia, Italy",2019-01-01,,256,"$1,134,523"
Alexander Blockx,B0PG,BEL,"6' 3""",,Right-Handed,,2005-04-08,"Antwerp, Belgium",,,634,"$338,746"
Shintaro Mochizuki,M0HU,JPN,"5' 9""",1.75m,Right-Handed,Two-Handed,2003-06-02,"Kawasaki, Japan",,,371,"$948,765"
Roman Andres Burruchaga,B0FV,ARG,"6' 0""",1.83m,Right-Handed,,2002-01-23,"Buenos Aires, Argentina",,,191,"$590,043"
Daniel Elahi Galan,GE33,COL,"6' 3""",1.91m,Right-Handed,Two-Handed,1996-06-18,"Bucaramanga, Colombia",2015-01-01,,305,"$3,149,714"
Tristan Boyer,B0EJ,USA,"6' 2""",1.88m,Right-Handed,Two-Handed,2001-04-21,"Altadena, CA, U.S.",2023-01-01,,198,"$542,035"
Matteo Gigante,G0GD,ITA,"5' 11""",1.80m,Left-Handed,Two-Handed,2002-01-04,"Rome, Italy",,,334,"$835,574"
Andrea Pellegrino,PH64,ITA,"6' 1""",1.85m,Right-Handed,Two-Handed,1997-03-23,"Bisceglie, Italy",2016-01-01,,81,"$848,071"
Dusan Lajovic,L987,SRB,"6' 0""",1.83m,Right-Handed,One-Handed,1990-06-30,"Belgrade, Serbia",,,82,"$10,142,159"
Thiago Agustin Tirante,T0A1,ARG,"6' 1""",1.85m,Right-Handed,Two-Handed,2001-04-10,"La Plata, Argentina",2016-01-01,,257,"$1,091,812"
Eliot Spizzirri,S0JA,USA,"6' 1""",1.85m,Right-Handed,Two-Handed,2001-12-23,"Stamford, CT, United States",,,159,"$526,779"
Thiago Seyboth Wild,SX91,BRA,"6' 1""",1.85m,Right-Handed,Two-Handed,2000-03-10,"Marechal Cândido Rondon, Paraná, Brazil",2018-01-01,,197,"$2,163,708"
Ignacio Buse,B0ID,PER,"6' 0""",1.83m,Right-Handed,Two-Handed,2004-03-25,"Lima, Peru",,,439,"$238,761"
Martin Landaluce,L0IL,ESP,"6' 4""",1.93m,Right-Handed,Two-Handed,2006-01-08,"Madrid, Spain",,,543,"$413,508"
Vilius Gaubas,G0FW,LTU,"5' 10""",1.78m,Right-Handed,Two-Handed,2004-12-29,"Šiauliai, Lithuania",,,1036,"$342,875"
Terence Atmane,A0GC,FRA,"6' 4""",1.93m,Left-Handed,Two-Handed,2002-01-09,"Boulogne-sur-Mer, France",,,1946,"$895,285"
Juan Pablo Ficovich,FA43,ARG,"6' 3""",1.91m,Right-Handed,Two-Handed,1997-01-24,"Buenos Aires, Argentina",2015-01-01,,360,"$704,051"
Sebastian Ofner,O513,AUT,"6' 3""",1.91m,Right-Handed,Two-Handed,1996-05-12,"Bruck an der Mur, Austria",2015-01-01,,240,"$3,032,630"
Colton Smith,S0ZE,USA,,,Right-Handed,Two-Handed,2003-03-05,"Olympia, WA, U.S.",,,2167,"$196,795"
Pierre-Hugues Herbert,H996,FRA,"6' 2""",1.88m,Right-Handed,Two-Handed,1991-03-18,"Schiltigheim, Alsace, France",2010-01-01,,2,"$9,846,187"
Yannick Hanfmann,H997,GER,"6' 4""",1.93m,Right-Handed,Two-Handed,1991-11-13,Karlsruhe,2015-01-01,,81,"$3,541,436"
Tomas Barrios Vera,BS86,CHI,"6' 3""",1.91m,Right-Handed,Two-Handed,1997-12-10,"Chillán, Chile",2019-01-01,,217,"$1,195,160"
Dino Prizmic,P0HW,CRO,"6' 2""",1.88m,Right-Handed,Two-Handed,2005-08-05,"Split, Croatia",,,1444,"$398,371"
Daniel Evans,E687,GBR,"5' 9""",1.75m,Right-Handed,One-Handed,1990-05-23,"Birmingham, England",2006-01-01,,52,"$8,854,820"
Jerome Kym,K0EP,SUI,"6' 6""",1.98m,Right-Handed,Two-Handed,2003-02-12,"Rheinfelden, Switzerland",2019-01-01,,192,"$329,377"
August Holmgren,H09N,DEN,"6' 2""",1.88m,Right-Handed,One-Handed,1998-04-22,Helsingør,2022-01-01,,284,"$439,854"
Lukas Klein,KI63,SVK,"6' 4""",1.93m,Right-Handed,,1998-03-22,"Spišská Nová Ves, Slovakia",,,240,"$1,039,371"
Billy Harris,HD68,GBR,"6' 4""",1.93m,Right-Handed,Two-Handed,1995-01-25,"Nottingham, England",,,265,"$919,640"
Jan Choinski,CH12,GBR,"6' 5""",1.96m,Right-Handed,Two-Handed,1996-06-10,"Koblenz, Germany",2014-01-01,,622,"$880,513"
Chris Rodesch,R0E0,LUX,,,Right-Handed,Two-Handed,2001-07-18,,,,508,"$209,415"
Federico Coria,CE77,ARG,"5' 11""",1.80m,Right-Handed,Two-Handed,1992-03-09,"Rosario, Argentina",2010-01-01,,238,"$3,282,767"
Jan-Lennard Struff,SL28,GER,"6' 4""",1.93m,Right-Handed,Two-Handed,1990-04-25,"Warstein, Germany",2009-01-01,,21,"$11,483,244"
Zachary Svajda,S0K7,USA,"5' 9""",1.75m,Right-Handed,Two-Handed,2002-11-29,"La Jolla, CA, U.S.",2019-01-01,,664,"$1,005,236"
Taro Daniel,DA81,JPN,"6' 3""",1.91m,Right-Handed,Two-Handed,1993-01-27,"New York City, NY, U.S.",,,351,"$4,730,257"
Christopher Eubanks,E865,USA,"6' 7""",2.01m,Right-Handed,One-Handed,1996-05-05,"Atlanta, Georgia",2017-01-01,,142,"$3,659,441"
Stan Wawrinka,W367,SUI,"6' 0""",1.83m,Right-Handed,One-Handed,1985-03-28,"Lausanne, Switzerland",2002-01-01,,88,"$37,613,190"
Felipe Meligeni Alves,MW75,BRA,"6' 1""",1.85m,Right-Handed,Two-Handed,1998-02-19,"Campinas, Brazil",2016-01-01,,75,"$1,324,264"
Thanasi Kokkinakis,KD46,AUS,"6' 4""",1.93m,Right-Handed,Two-Handed,1996-04-10,"Adelaide, South Australia, Australia",2013-01-01,,15,"$4,611,332"
Yosuke Watanuki,WB08,JPN,"5' 11""",1.80m,Right-Handed,,1998-04-12,"Saitama, Japan",,,374,"$1,289,536"
Kyrian Jacquet,J0AZ,FRA,"5' 9""",1.75m,Right-Handed,,2001-05-11,"Saint-Brieuc, France",,,239,"$535,912"
Mitchell Krueger,KC12,USA,"6' 2""",1.88m,Right-Handed,,1994-01-12,"Fort Worth, TX, United States",2012-01-01,,173,"$1,725,727"
Lukas Neumayer,N0CS,AUT,"6' 0""",1.83m,Right-Handed,Two-Handed,2002-09-06,"Salzburg, Austria",2021-01-01,,492,"$339,022"
Li Tu,TC01,AUS,,1.83m,Right-Handed,One-Handed,1996-05-27,"Adelaide, Australia",2021-01-01,,189,"$812,552"
James McCabe,M0OQ,AUS,"6' 2""",1.88m,Right-Handed,Two-Handed,2003-07-05,"Iba, Philippines",,,302,"$490,460"
Thiago Monteiro,MJ08,BRA,"6' 0""",1.83m,Left-Handed,Two-Handed,1994-05-31,"Fortaleza, Ceará, Brazil",2011-01-01,,144,"$4,211,123"
Calvin Hemery,HB48,FRA,"6' 3""",1.91m,Right-Handed,Two-Handed,1995-01-28,"Les Lilas, France",2013-01-01,,252,"$784,215"
Zhizhen Zhang,Z371,CHN,"6' 4""",1.93m,Right-Handed,Two-Handed,1996-10-16,"Shanghai, China",2012-01-01,,47,"$3,799,682"
Zsombor Piros,P09O,HUN,"5' 11""",1.80m,Right-Handed,Two-Handed,1999-10-13,"Budapest, Hungary",2016-01-01,,991,"$678,207"
Marco Trungelliti,TA29,ARG,"5' 10""",,Right-Handed,Two-Handed,1990-01-31,"Santiago del Estero, Argentina",2008-01-01,,174,"$1,990,862"
Marc-Andrea Huesler,HH06,SUI,"6' 5""",1.96m,Left-Handed,Two-Handed,1996-06-24,"Zürich, Switzerland",2016-01-01,,132,"$1,922,670"
Harold Mayot,M0G4,FRA,"5' 11""",1.80m,Right-Handed,Two-Handed,2002-02-04,"Metz, France",2020-01-01,,255,"$1,039,245"
Nicolas Moreno De Alboran,MW18,USA,"6' 1""",1.85m,Right-Handed,Two-Handed,1997-07-14,"New York City, United States",2019-01-01,,301,"$816,184"
Coleman Wong,W0BH,HKG,"6' 3""",1.91m,Right-Handed,Two-Handed,2004-06-06,Hong Kong,,,468,"$493,705"
Hady Habib,HF80,LBN,"6' 2""",1.88m,Right-Handed,Two-Handed,1998-08-21,"Houston, TX, U.S.",,,274,"$400,896"
Daniel Merida,M0N7,ESP,"6' 2""",1.88m,Right-Handed,Two-Handed,2004-09-26,"Madrid, Spain",,,1589,"$134,039"
Titouan Droguet,D0DW,FRA,"6' 3""",1.91m,Right-Handed,Two-Handed,2001-06-15,"Villeneuve-Saint-Georges, France",2018-01-01,,211,"$677,771"
Henrique Rocha,R0GO,POR,"5' 11""",,Right-Handed,,2004-04-06,"Porto, Portugal",,,166,"$556,392"
Guy Den Ouden,D0H9,NED,"6' 0""",1.83m,Right-Handed,Two-Handed,2002-04-08,"Maarssen, Netherlands",,,540,"$163,415"
Francesco Maestrelli,M0IF,ITA,"6' 4""",1.93m,Right-Handed,Two-Handed,2002-12-21,"Pisa, Italy",2020-01-01,,318,"$441,023"
Lucas Pouille,PF39,FRA,"6' 1""",1.85m,Right-Handed,Two-Handed,1994-02-23,"Grande-Synthe, France",2012-01-01,,79,"$8,820,518"
Mark Lajal,L0GH,EST,"6' 3""",1.91m,Right-Handed,Two-Handed,2003-05-12,"Tallinn, Estonia",,,703,"$402,743"
Richard Gasquet,G628,FRA,"6' 0""",1.83m,Right-Handed,One-Handed,1986-06-18,"Béziers, France",2002-01-01,2025-01-01,45,"$21,471,116"
Alibek Kachmazov,K0E6,RUS,"6' 1""",1.85m,Right-Handed,,2002-08-17,"Vladikavkaz, Russia",,,250,"$359,891"
Luka Pavlovic,P0AY,FRA,"6' 5""",1.96m,Right-Handed,,2000-03-30,"Stains, France",2016-01-01,,423,"$203,617"
Murphy Cassone,C0HT,USA,"6' 2""",1.88m,Right-Handed,Two-Handed,2002-08-16,"Overland Park, KS, U.S.",,,1645,"$134,675"
Facundo Diaz Acosta,D0CG,ARG,"6' 0""",1.83m,Left-Handed,Two-Handed,2000-12-15,"Buenos Aires, Argentina",2018-01-01,,173,"$1,371,546"
Santiago Rodriguez Taverna,RH59,ARG,"6' 3""",1.91m,Right-Handed,Two-Handed,1999-07-16,"Buenos Aires, Argentina",2016-01-01,,144,"$533,544"
Fabio Fognini,F510,ITA,"5' 10""",1.78m,Right-Handed,Two-Handed,1987-05-24,"Sanremo, Italy",2004-01-01,,7,"$18,996,017"
Benjamin Hassan,HG94,LBN,"6' 0""",1.84m,Right-Handed,,1995-02-04,"Merzig, Germany",,,168,"$607,760"
Hugo Grenier,GF95,FRA,"6' 5""",1.96m,Right-Handed,Two-Handed,1996-03-23,"Montbrison, France",2013-01-01,,362,"$1,399,404"
James Trotter,T0BW,JPN,"6' 0""",1.83m,Right-Handed,One-Handed,1999-07-29,"Nishinomiya, Japan",,,142,"$243,465"
Luca Van Assche,V0DZ,FRA,"5' 10""",1.78m,Right-Handed,Two-Handed,2004-05-11,"Woluwe-Saint-Lambert, Belgium",2021-01-01,,335,"$1,991,282"
Jurij Rodionov,R09X,AUT,"6' 3""",1.91m,Left-Handed,Two-Handed,1999-05-16,"Nuremberg, Germany",2017-01-01,,202,"$1,385,853"
Kimmer Coppejans,CG33,BEL,"5' 11""",1.80m,Right-Handed,Two-Handed,1994-02-07,"Ostend, Belgium",2012-01-01,,235,"$1,312,328"
Jack Pinnington Jones,P0HT,GBR,"5' 11""",1.80m,Right-Handed,,2003-03-30,Kingston upon Thames,,,966,"$289,562"
Gauthier Onclin,O0A2,BEL,"5' 11""",1.80m,Right-Handed,Two-Handed,2001-02-26,"Liege, Belgium",2022-01-01,,827,"$405,874"
Mikhail Kukushkin,K926,KAZ,"6' 0""",1.83m,Right-Handed,Two-Handed,1987-12-26,"Volgograd, Russia",2006-01-01,,67,"$7,388,212"
Alexis Galarneau,GK06,CAN,"5' 11""",1.80m,Right-Handed,Two-Handed,1999-03-02,"Laval, Quebec, Canada",,,311,"$508,562"
Jason Kubler,KB95,AUS,"5' 10""",1.78m,Right-Handed,Two-Handed,1993-05-19,"Brisbane, Queensland, Australia",2011-01-01,,27,"$2,596,535"
Jay Clarke,CI14,GBR,"6' 0""",1.83m,Right-Handed,Two-Handed,1998-07-27,"Derby, United Kingdom",2016-01-01,,221,"$955,206"
Fajing Sun,SX90,CHN,"5' 10""",1.78m,Right-Handed,Two-Handed,1996-10-03,"Shanxi, China",,,181,"$331,285"
Omar Jasika,J553,AUS,"6' 0""",1.83m,Left-Handed,Two-Handed,1997-05-18,"Clarinda, Victoria",2014-01-01,,220,"$662,853"
Constant Lestienne,LB66,FRA,"5' 11""",,Right-Handed,Two-Handed,1992-05-23,"Amiens, France",2012-01-01,,250,"$2,204,848"
Federico Agustin Gomez,GJ16,ARG,"6' 3""",1.91m,Right-Handed,Two-Handed,1996-11-26,"Merlo, Argentina",2014-01-01,,117,"$436,522"
Dominic Stricker,S0LA,SUI,"6' 0""",1.83m,Left-Handed,Two-Handed,2002-08-16,"Grosshöchstetten, Switzerland",2020-01-01,,161,"$1,820,051"
Rei Sakamoto,S0UV,JPN,"6' 4""",1.93m,Right-Handed,Two-Handed,2006-06-24,"Nagoya, Japan",,,772,"$137,807"
Sho Shimabukuro,SY67,JPN,"6' 0""",1.83m,Right-Handed,Two-Handed,1997-07-30,"Gifu, Japan",,,376,"$599,890"
Justin Engel,E0DD,GER,"6' 2""",1.88m,Right-Handed,Two-Handed,2007-10-01,"Nuremberg, Germany",2024-01-01,,280,"$204,643"
Bernard Tomic,TA46,AUS,"6' 5""",1.96m,Right-Handed,Two-Handed,1992-10-21,"Stuttgart, Germany",2008-01-01,,114,"$6,521,539"
Pol Martin Tiffon,M0EA,ESP,,,,,,,,,,
Yuta Shimizu,S0AQ,JPN,"5' 4""",1.63m,Left-Handed,Two-Handed,1999-06-09,"Konan, Shiga, Japan",,,143,"$383,435"
Vitaliy Sachko,SS25,UKR,"6' 0""",1.83m,Right-Handed,Two-Handed,1997-07-14,"Kremenchuk, Ukraine",2013-01-01,,130,"$496,307"
Rio Noguchi,N09U,JPN,"5' 6""",1.68m,Right-Handed,Two-Handed,1998-12-28,"Fukuoka, Japan",,,177,"$367,703"
Patrick Kypson,K0A3,USA,"6' 2""",1.88m,Right-Handed,Two-Handed,1999-10-28,"Durham, NC, U.S.",2017-01-01,,577,"$625,154"
Dmitry Popko,PG20,KAZ,"6' 3""",1.91m,Right-Handed,Two-Handed,1996-10-24,"Saint Petersburg, Russia",2011-01-01,,304,"$850,579"
Johannus Monday,M0ON,GBR,"6' 6""",1.98m,Left-Handed,Two-Handed,2002-01-22,"Hull, England",,,192,"$141,750"
Arthur Bouquier,B0ER,FRA,"6' 2""",1.88m,Right-Handed,Two-Handed,2000-12-25,"Lons-le-Saunier, France",,,249,"$157,200"
Beibit Zhukayev,Z09Z,KAZ,"6' 5""",1.96m,Right-Handed,Two-Handed,2000-10-12,"Aktau, Kazakhstan",,,327,"$586,770"
Borna Gojo,GH92,CRO,"6' 5""",1.96m,Right-Handed,Two-Handed,1998-02-27,"Split, Croatia",2020-01-01,,394,"$1,350,498"
Rodrigo Pacheco Mendez,P0J1,MEX,"6' 3""",1.91m,Left-Handed,Two-Handed,2005-04-25,"Mérida, Yucatán",2022-01-01,,267,"$271,923"
Federico Arnaboldi,A0BA,ITA,"6' 1""",1.85m,Right-Handed,Two-Handed,2000-06-18,"Como, Italy",,,399,"$257,147"
Ugo Blanchet,BV16,FRA,"5' 9""",1.75m,Right-Handed,Two-Handed,1999-01-05,"Saint-Julien-en-Genevois, France",,,354,"$498,279"
Daniel Rincon,R0FP,ESP,,,,,,,,,,
Clement Tabur,T09X,FRA,"5' 8""",,Right-Handed,Two-Handed,2000-01-24,"Reims, France",,,385,"$370,714"
Aziz Dougaz,DF88,TUN,"6' 2""",1.88m,Left-Handed,,1997-03-26,"La Marsa, Tunisia",2020-01-01,,261,"$642,813"
Yasutaka Uchiyama,U134,JPN,"6' 0""",1.83m,Right-Handed,Two-Handed,1992-08-05,"Sapporo, Japan",,,102,"$1,777,866"
Alex Bolt,BI81,AUS,"6' 0""",1.83m,Left-Handed,Two-Handed,1993-01-05,"Murray Bridge, Australia",2011-01-01,,81,"$1,870,812"
Viktor Durasovic,DC76,NOR,"6' 1""",1.85m,Right-Handed,,1997-03-19,"Orkland, Norway",2016-01-01,,157,"$342,607"
Aslan Karatsev,KC56,RUS,"6' 1""",1.85m,Right-Handed,Two-Handed,1993-09-04,"Vladikavkaz, Russia",2011-01-01,,76,"$5,327,640"
Stefano Travaglia,TA12,ITA,"6' 1""",1.85m,Right-Handed,,1991-12-18,"Ascoli Piceno, Italy",2008-01-01,,224,"$2,322,838"
Clement Chidekh,C0BH,FRA,"5' 11""",1.80m,Right-Handed,Two-Handed,2001-06-13,"Arles, France",,,387,"$219,553"
Oliver Crawford,C0AK,GBR,,,,,1917-08-12,"Chicago, IL, United States",,,,
Alex Barrena,B0GY,ARG,"5' 9""",1.75m,Right-Handed,Two-Handed,2002-10-10,"Buenos Aires, Argentina",,,617,"$86,083"
Joao Lucas Reis Da Silva,R0A7,BRA,"5' 10""",1.78m,Right-Handed,Two-Handed,2000-03-26,"Recife, Brazil",,,204,"$228,196"
Andrea Collarini,CC66,ARG,"6' 1""",1.85m,Left-Handed,Two-Handed,1992-01-31,"New York City, United States",2010-01-01,,193,"$909,474"
Yu Hsiou Hsu,H09F,TPE,"5' 10""",1.78m,Right-Handed,Two-Handed,1999-04-02,"Changhua, Taiwan",,,149,"$677,495"
Elias Ymer,Y218,SWE,"6' 1""",1.85m,Right-Handed,,1996-04-10,"Skara, Sweden",2014-01-01,,188,"$2,110,881"
Federico Cina,C0NB,ITA,"6' 1""",1.85m,Right-Handed,Two-Handed,2007-03-30,"Palermo, Italy",,,627,"$154,061"
Ilia Simakin,S0O6,RUS,"6' 4""",1.93m,Right-Handed,Two-Handed,2003-10-27,"Kazan, Russia",,,230,"$93,571"
Nicolas Mejia,M0AW,COL,"6' 0""",1.83m,Right-Handed,Two-Handed,2000-02-11,"Bogotá, Colombia",2019-01-01,,153,"$302,245"
Ryan Peniston,PH78,GBR,"6' 0""",1.83m,Left-Handed,Two-Handed,1995-11-10,"Southend, Essex, England",2018-01-01,,384,"$747,650"
Matej Dodig,D0L3,CRO,"6' 2""",1.88m,Right-Handed,Two-Handed,2005-07-19,"Osijek, Croatia",,,359,"$123,718"
Yibing Wu,WB32,CHN,"6' 0""",1.83m,Right-Handed,Two-Handed,1999-10-14,"Hangzhou, China",2017-01-01,,295,"$1,267,658"
Alvaro Guillen Meza,G0DH,ECU,"5' 9""",1.75m,Right-Handed,Two-Handed,2003-01-02,"Guayaquil, Ecuador",,,400,"$225,298"
Edas Butvilas,B0MM,LTU,"6' 3""",1.91m,Right-Handed,Two-Handed,2004-07-23,"Klaipėda, Lithuania",,,586,"$119,166"
Adolfo Daniel Vallejo,V0DP,PAR,,,Right-Handed,Two-Handed,2004-04-28,"Asunción, Paraguay",,,435,"$166,209"
Marek Gengel,G09C,CZE,"6' 1""",1.85m,Right-Handed,Two-Handed,1995-09-17,"Rakovník, Czech Republic",,,148,"$237,714"
Nerman Fatic,F840,BIH,"6' 3""",1.91m,Right-Handed,Two-Handed,1994-10-24,"Sarajevo, Bosnia and Herzegovina",2013-01-01,,449,"$374,372"
Sascha Gueymard Wayenburg,G0GW,FRA,"6' 2""",1.88m,Right-Handed,Two-Handed,2003-08-01,"Aix-en-Provence, France",,,349,"$252,310"
Pavel Kotov,K09F,RUS,"6' 3""",1.91m,Right-Handed,Two-Handed,1998-11-18,"Moscow, Russia",2016-01-01,,226,"$2,063,768"
Frederico Ferreira Silva,SN54,POR,"5' 10""",1.78m,Left-Handed,Two-Handed,1995-03-18,"Caldas da Rainha, Portugal",2013-01-01,,242,"$757,849"
Facundo Mena,MJ98,ARG,"6' 0""",1.83m,Right-Handed,Two-Handed,1992-09-22,"Buenos Aires, Argentina",,,185,"$641,507"
Nicolai Budkov Kjaer,B0U4,NOR,,,,,2006-09-01,"Oslo, Norway",,,1082,"$109,035"
Matias Soto,S0EK,CHI,"5' 7""",1.70m,Right-Handed,Two-Handed,1999-04-27,"Copiapó, Chile",,,103,"$170,201"
Marko Topo,T0FI,GER,"6' 1""",1.85m,Right-Handed,Two-Handed,2003-09-13,"Grafelfing, Germany",2021-01-01,,573,"$166,421"
Ivan Gakhov,GE28,RUS,"6' 3""",1.91m,Left-Handed,Two-Handed,1996-11-04,"Moscow, Russia",,,170,"$488,455"
Geoffrey Blancaneaux,BU54,FRA,"5' 11""",1.80m,Right-Handed,,1998-08-08,"Paris, France",2016-01-01,,115,"$968,905"
Valentin Vacherot,VA25,MON,"6' 4""",1.93m,Right-Handed,Two-Handed,1998-11-16,"Monaco, Monaco",,,476,"$555,978"
Andres Andrade,AG08,ECU,"5' 11""",1.80m,Right-Handed,Two-Handed,1998-12-14,"Guayaquil, Ecuador",,,202,"$121,908"
Carlos Sanchez Jover,S0CG,ESP,"5' 8""",1.73m,Left-Handed,Two-Handed,2000-07-21,,,,333,"$165,568"
Antoine Escoffier,E768,FRA,"6' 1""",1.85m,Right-Handed,Two-Handed,1992-02-29,"Le Pont-de-Beauvoisin, France",,,214,"$692,061"
Mathys Erhard,E0AC,FRA,,,,,,,,,,
Alejandro Moro Canas,M0HT,ESP,"6' 0""",1.83m,Right-Handed,Two-Handed,2000-12-07,"Madrid, Spain",,,419,"$451,021"
Dimitar Kuzmanov,KC33,BUL,"6' 0""",1.83m,Right-Handed,Two-Handed,1993-07-28,"Plovdiv, Bulgaria",2009-01-01,,438,"$860,658"
Juan Carlos Prado Angelo,P0IY,BOL,"6' 1""",1.85m,Right-Handed,Two-Handed,2005-03-06,"Santa Cruz de la Sierra, Bolivia",,,431,"$86,398"
Filip Cristian Jianu,J09X,ROU,"5' 11""",1.80m,Right-Handed,,2001-09-18,"Bucharest, Romania",,,451,"$324,008"
Duje Ajdukovic,A0CJ,CRO,"6' 2""",1.88m,Right-Handed,Two-Handed,2001-02-05,"Split, Croatia",2018-01-01,,491,"$603,580"
Khumoyun Sultanov,SR81,UZB,"5' 11""",1.80m,Right-Handed,Two-Handed,1998-10-27,"Namangan, Uzbekistan",,,363,"$252,831"
Christoph Negritu,N731,GER,"6' 4""",1.93m,Right-Handed,Two-Handed,1994-03-21,"Dinkelsbühl, Germany",,,115,"$176,429"
Yan Bai,BE69,CHN,,,,,,,,,,
Patrick Zahraj,Z09F,GER,"6' 2""",1.88m,Right-Handed,,1999-07-17,"Giessen, Germany",,,327,"$99,080"
Eliakim Coulibaly,C0HB,CIV,"6' 0""",1.83m,Left-Handed,Two-Handed,2002-05-05,"Abidjan, Ivory Coast",,,604,"$88,153"
Saba Purtseladze,P0EA,GEO,"6' 3""",1.91m,Right-Handed,Two-Handed,2001-08-20,"Tbilisi, Georgia",2019-01-01,,477,"$110,692"
Lautaro Midon,M0OH,ARG,"5' 11""",1.80m,Right-Handed,Two-Handed,2004-03-29,"Corrientes, Argentina",,,502,"$80,162"
Max Hans Rehberg,R0ED,GER,"6' 0""",1.83m,Right-Handed,Two-Handed,2003-09-13,"Munich, Germany",,,283,"$196,739"
Matteo Martineau,MW76,FRA,"6' 0""",1.83m,Right-Handed,One-Handed,1999-01-16,"Angers, France",,,220,"$457,824"
Mili Poljicak,P0GQ,CRO,"6' 1""",1.85m,Right-Handed,Two-Handed,2004-07-13,"Split, Croatia",,,269,"$141,767"
Arthur Gea,G0IX,FRA,,,,,2005-01-02,"Carpentras, France",2023-01-01,,456,"$183,474"
Matheus Pucinelli De Almeida,P0DF,BRA,"6' 0""",1.83m,Right-Handed,Two-Handed,2001-04-01,"Campinas, Brazil",,,251,"$301,181"
Marat Sharipov,S0MN,RUS,,,,,,,,,,
Jie Cui,C0AJ,CHN,,,,,,,,,,
Gonzalo Bueno,B0GR,PER,"5' 8""",1.73m,Right-Handed,Two-Handed,2004-04-03,"Trujillo, Peru",,,406,"$119,955"
Karue Sell,SM88,BRA,"6' 0""",1.83m,Right-Handed,Two-Handed,1993-11-13,"Jaraguá do Sul, Brazil",,,581,"$102,844"
Gonzalo Oliveira,O482,VEN,"6' 1""",1.85m,Left-Handed,Two-Handed,1995-02-17,"Porto, Portugal",2012-01-01,,77,"$543,945"
Albert Ramos-Vinolas,R772,ESP,"6' 2""",1.88m,Left-Handed,Two-Handed,1988-01-17,"Barcelona, Spain",2007-01-01,,117,"$11,132,244"
Tung-Lin Wu,W857,TPE,"6' 2""",1.88m,Right-Handed,Two-Handed,1998-05-12,"Taichung, Taiwan",2016-01-01,,246,"$573,501"
Murkel Dellien,DC48,BOL,,,Right-Handed,,1997-09-16,"Trinidad, Bolivia",,,174,"$335,147"
Max Houkes,H0CX,NED,"6' 1""",1.85m,Left-Handed,Two-Handed,2000-07-03,"Emmen, Netherlands",,,344,"$150,020"
Aidan Mayo,M0NB,USA,"6' 0""",1.83m,Right-Handed,,2003-05-14,"Sacramento, CA, U.S.",,,1045,"$151,468"
Giulio Zeppieri,Z0A1,ITA,"6' 0""",1.83m,Left-Handed,Two-Handed,2001-12-07,"Rome, Italy",2019-01-01,,242,"$1,119,637"
Marco Cecchinato,CF01,ITA,"6' 1""",1.85m,Right-Handed,One-Handed,1992-09-30,"Palermo, Italy",2010-01-01,,169,"$5,040,402"
George Loffhagen,L0CF,GBR,"6' 2""",1.88m,Right-Handed,Two-Handed,2001-04-19,"London, United Kingdom",,,1,"$198,763"
Michael Geerts,GG65,BEL,"5' 10""",1.78m,Right-Handed,Two-Handed,1995-01-17,"Antwerp, Belgium",,,162,"$373,851"
Lorenzo Giustino,GA79,ITA,"6' 0""",,Right-Handed,,1991-09-10,"Naples, Italy",2007-01-01,,311,"$963,633"
Gustavo Heide,H0DU,BRA,"6' 3""",1.91m,Right-Handed,Two-Handed,2002-02-28,"São Paulo, Brazil",,,197,"$390,817"
Tiago Pereira,P0K4,POR,"5' 8""",1.73m,,,,,,,,
Daniel Michalski,M0E1,POL,,,,,2000-01-11,"Warsaw, Poland",,,499,"$183,285"
Nicolas Alvarez Varona,A09U,ESP,"6' 2""",1.88m,Right-Handed,Two-Handed,2001-05-18,"Burgos, Spain",,,284,"$143,019"
Juan Bautista Torres,T0DM,ARG,"5' 10""",1.78m,Right-Handed,Two-Handed,2002-04-02,"Buenos Aires, Argentina",,,262,"$133,218"
Mika Brunold,B0LW,SUI,"6' 3""",1.91m,Right-Handed,Two-Handed,2004-10-02,"Winterthur, Switzerland",,,1021,"$56,978"
Tyler Zink,Z0AK,USA,,,Right-Handed,,2001-01-30,"Lancaster, PA, U.S.",,,232,"$74,203"
Nikolas Sanchez Izquierdo,S0GZ,ESP,"6' 1""",1.85m,Right-Handed,,1999-03-15,"Barcelona, Spain",,,433,"$181,157"
Genaro Alberto Olivieri,O660,ARG,"5' 9""",1.75m,Right-Handed,Two-Handed,1998-08-04,"Bragado, Argentina",,,304,"$543,279"
Juan Pablo Varillas,V836,PER,"6' 1""",,Right-Handed,Two-Handed,1995-10-06,"Lima, Peru",2013-01-01,,289,"$1,710,307"
Corentin Denolly,DF92,FRA,"6' 1""",1.85m,Left-Handed,,1997-06-06,"Vienne, Isère, France",,,248,"$273,634"
Sumit Nagal,N897,IND,"5' 10""",1.78m,Right-Handed,Two-Handed,1997-08-16,"Jaitpur Shekhpur, Haryana, India",2015-01-01,,416,"$1,572,633"
Norbert Gombos,GB93,SVK,"6' 4""",1.93m,Right-Handed,Two-Handed,1990-08-13,"Galanta, Slovakia",2009-01-01,,238,"$2,251,728"
Adria Soriano Barrera,S0BT,COL,,,,,,,,,,
Timofey Skatov,S0GR,KAZ,"5' 9""",1.75m,Right-Handed,Two-Handed,2001-01-21,"Petropavl, Kazakhstan",2019-01-01,,627,"$878,230"
Yi Zhou,Z0CQ,CHN,,,,,1987-11-08,"Shanghai, China",,,,
Renzo Olivo,O376,ARG,"5' 11""",1.80m,Right-Handed,Two-Handed,1992-03-15,"Rosario, Argentina",2009-01-01,,148,"$1,444,481"
Jacopo Berrettini,BU10,ITA,"6' 3""",1.91m,,,1998-11-27,"Rome, Italy",2016-01-01,,282,"$169,350"
Jelle Sels,SO20,NED,"6' 2""",1.88m,Right-Handed,One-Handed,1995-08-10,"Woerden, Netherlands",,,201,"$323,492"
Alexander Ritschard,RC04,SUI,"6' 4""",1.93m,Right-Handed,Two-Handed,1994-03-24,"Zürich, Switzerland",2018-01-01,,388,"$757,466"
Moez Echargui,EA13,TUN,"5' 10""",1.78m,Right-Handed,Two-Handed,1993-01-10,"La Marsa, Tunisia",,,362,"$197,796"
Oleg Prihodko,PL64,UKR,"5' 11""",1.80m,Right-Handed,,1997-10-03,"Pavlohrad, Ukraine",,,121,"$132,496"
Alex Rybakov,RG42,USA,"6' 1""",1.85m,Left-Handed,One-Handed,1997-01-27,"Plainview, NY, United States",,,369,"$190,441"
Gastao Elias,E698,POR,"6' 0""",1.83m,Right-Handed,Two-Handed,1990-11-24,"Lourinhã, Portugal",2008-01-01,,151,"$1,504,924"
Gijs Brouwer,BO10,NED,"6' 3""",1.91m,Left-Handed,Two-Handed,1996-03-14,"Houston, United States",2016-01-01,,148,"$849,572"
Michael Mmoh,MP01,USA,"6' 2""",1.88m,Right-Handed,Two-Handed,1998-01-10,"Riyadh, Saudi Arabia",2016-01-01,,265,"$2,188,586"
Andrej Martin,MF35,SVK,"6' 0""",1.83m,Right-Handed,Two-Handed,1989-09-20,"Bratislava, Slovakia",2007-01-01,,69,"$1,628,239"
Denis Yevseyev,Y171,KAZ,"6' 1""",1.85m,Right-Handed,Two-Handed,1993-05-22,"Almaty, Kazakhstan",,,247,"$584,375"
Andrea Vavassori,VA08,ITA,"6' 4""",1.93m,Right-Handed,One-Handed,1995-05-05,"Turin, Italy",2014-01-01,,6,"$2,819,455"
Patrick Maloney,M0RE,USA,,,,,,,,,,
Radu Albot,A829,MDA,"5' 9""",1.75m,Right-Handed,Two-Handed,1989-11-11,"Chișinău, Moldova",2008-01-01,,56,"$5,455,824"
Roberto Cid Subervi,CF88,DOM,"6' 4""",1.93m,Right-Handed,Two-Handed,1993-08-30,"Santo Domingo, Dominican Republic",,,262,"$236,852"
Dan Added,A09T,FRA,"6' 0""",1.84m,Right-Handed,Two-Handed,1999-04-13,"Strasbourg, France",,,77,"$339,075"
Hynek Barton,B0OU,CZE,"6' 0""",1.83m,Right-Handed,Two-Handed,2004-04-05,"Nový Jičín, Czech Republic",2022-01-01,,252,"$82,214"
Robert Strombachs,S0GV,LAT,"6' 3""",1.91m,Right-Handed,,1999-09-15,"Berlin, Germany",,,383,"$113,529"
Robin Bertrand,B0JJ,FRA,"5' 10""",1.78m,Right-Handed,,2003-03-15,"Nîmes, France",,,460,"$160,090"
Max Purcell,PH71,AUS,"6' 1""",1.85m,Right-Handed,Two-Handed,1998-04-03,"Sydney, New South Wales, Australia",2016-01-01,,8,"$4,646,962"
Raul Brancaccio,BV24,ITA,"6' 0""",1.83m,Right-Handed,Two-Handed,1997-05-04,"Torre del Greco, Italy",,,252,"$458,453"
Blake Ellis,EA27,AUS,"6' 3""",,Right-Handed,,1999-01-06,"Brisbane, Australia",2014-01-01,,138,"$206,663"
Alexey Vatutin,V717,RUS,"5' 10""",1.78m,Right-Handed,,1992-10-27,"Volgograd, Russia",,,510,"$629,148"
Andres Martin,M0NP,USA,"6' 0""",1.83m,Right-Handed,Two-Handed,2001-07-07,"Flowery Branch, Georgia",,,455,"$104,132"
Daniel Dutra da Silva,SG56,BRA,"5' 9""",1.75m,Left-Handed,Two-Handed,1988-07-05,"São Paulo, Brazil",2007-01-01,,191,"$320,538"
Moerani Bouzige,B0EK,AUS,"6' 0""",1.83m,,,1999-07-13,"Gold Coast, Australia",,,979,"$56,403"
Alex Marti Pujolras,M0EY,ESP,,,,,,,,,,
Tom Paris,P0GN,FRA,,,,,,,,,,
Govind Nanda,N0AL,USA,"5' 10""",1.78m,Right-Handed,Two-Handed,2001-02-17,"Loma Linda, California",,,497,"$184,927"
Oriol Roca Batalla,RB60,ESP,,,Right-Handed,,1993-04-30,"Barcelona, Spain",,,128,"$502,756"
Luciano Emanuel Ambrogi,A0IK,ARG,,,,,,,,,,
Naoki Nakagawa,N707,JPN,"5' 11""",,Right-Handed,,1996-11-19,"Fukutsu, Fukuoka, Japan",,,726,"$123,517"
Garrett Johns,J0B5,USA,,,,,,,,,,
Maximilian Marterer,MN13,GER,"6' 3""",1.91m,Left-Handed,Two-Handed,1995-06-15,"Nuremberg, Germany",2015-01-01,,249,"$3,158,984"
Petr Bar Biryukov,B0LQ,RUS,,,,,,,,,,
Christian Langmo,LI10,USA,,,,,,,,,,
Diego Dedura,D0LJ,GER,"5' 11""",1.80m,Left-Handed,Two-Handed,2008-03-12,"Berlin, Germany",,,1817,"$62,421"
Arthur Fery,F0DM,GBR,"5' 9""",1.75m,Right-Handed,Two-Handed,2002-07-12,"Sèvres, France",,,201,"$347,857"
Jakub Paul,P0D0,SUI,"5' 11""",1.80m,Right-Handed,Two-Handed,1999-03-22,"Chur, Switzerland",,,80,"$226,063"
Gabi Adrian Boitan,B0C0,ROU,"6' 2""",1.88m,Right-Handed,Two-Handed,1999-07-11,"Constanța, Romania",,,521,"$64,215"
Remy Bertola,BU70,SUI,"5' 9""",1.75m,Right-Handed,One-Handed,1998-08-31,"Lugano, Switzerland",,,200,"$143,195"
Luka Mikrut,M0N1,CRO,,,Right-Handed,Two-Handed,2004-04-16,"Split, Croatia",,,391,"$82,964"
Joel Schwaerzler,S0WT,AUT,,,Left-Handed,Two-Handed,2006-01-27,"Sandton, South Africa",,,378,"$109,056"
Mateus Alves,D0AR,BRA,"6' 3""",1.91m,Right-Handed,Two-Handed,2001-01-23,"São José do Rio Preto, Brazil",2018-01-01,,205,"$165,653"
Philip Henning,H0BF,RSA,,,Right-Handed,Two-Handed,2000-11-10,"Bloemfontein, South Africa",,,868,"$20,589"
Pedro Boscardin Dias,B0FI,BRA,"5' 11""",1.80m,Right-Handed,Two-Handed,2003-01-28,"Joinville, Brazil",,,174,"$93,129"
Gabriel Debru,D0HD,FRA,"6' 5""",1.95m,Right-Handed,,2005-12-21,"Grenoble, France",,,273,"$168,289"
Toby Kodat,K0EU,USA,"5' 10""",1.78m,Right-Handed,One-Handed,2003-01-13,"Bradenton, FL, United States",2020-01-01,,366,"$69,355"
Andre Ilagan,I0B0,USA,,,,,,,,,,
Nicolas Kicker,KC29,ARG,"5' 10""",1.79m,Right-Handed,One-Handed,1992-08-16,"Merlo, Argentina",2009-01-01,,215,"$1,160,915"
Alastair Gray,G0AO,GBR,"6' 4""",,Right-Handed,One-Handed,1998-06-22,"Twickenham, United Kingdom",2016-01-01,,304,"$244,395"
Franco Roncadelli,R0BT,URU,"6' 1""",1.85m,Left-Handed,Two-Handed,2000-02-06,"Montevideo, Uruguay",2018-01-01,,253,"$75,196"
Abdullah Shelbayh,S0NV,JOR,"5' 11""",1.80m,Left-Handed,Two-Handed,2003-11-16,"Amman, Jordan",,,290,"$610,306"
Mats Rosenkranz,RH62,GER,"6' 4""",1.93m,Left-Handed,Two-Handed,1998-08-23,"Essen, Germany",,,463,"$152,955"
Nicholas David Ionel,I0A7,ROU,"6' 0""",1.83m,Right-Handed,Two-Handed,2002-10-12,"Bucharest, Romania",,,356,"$237,110"
Fabrizio Andaloro,A0F3,ITA,,,,,,,,,,
Gregoire Barrere,BK24,FRA,"6' 0""",1.83m,Right-Handed,Two-Handed,1994-02-16,"Saint-Maur-des-Fossés, France",2012-01-01,,161,"$3,010,476"
Hyeon Chung,CH27,KOR,"6' 2""",1.88m,Right-Handed,Two-Handed,1996-05-19,"Suwon, South Korea",2014-01-01,,187,"$3,735,389"
Hiroki Moriya,MI01,JPN,"5' 6""",1.68m,Right-Handed,Two-Handed,1990-10-16,"Tokyo, Japan",,,224,"$1,010,052"
Milos Karol,K0HG,SVK,"6' 6""",1.98m,Right-Handed,Two-Handed,2002-12-13,"Trnava, Slovakia",,,151,"$67,529"
Masamichi Imamura,I426,JPN,"5' 10""",1.78m,Right-Handed,Two-Handed,1998-11-23,"Osaka, Japan",,,328,"$59,386"
Guido Ivan Justo,J0AW,ARG,,,,,,,,,,
Daniil Glinka,G0BY,EST,,,Left-Handed,One-Handed,2000-05-12,,,,639,"$26,343"
Alfredo Perez,PL39,USA,"6' 4""",1.93m,Right-Handed,Two-Handed,1997-05-22,"Havana, Cuba",,,182,"$61,734"
Inaki Montes-De La Torre,M0NL,ESP,"5' 10""",1.78m,Right-Handed,Two-Handed,2002-10-03,"Pamplona, Spain",,,303,"$55,746"
Gonzalo Villanueva,V821,ARG,"5' 9""",1.75m,Right-Handed,Two-Handed,1995-01-13,"Paraná, Argentina",,,178,"$177,093"
Lloyd Harris,HG86,RSA,"6' 4""",1.93m,Right-Handed,,1997-02-24,"Cape Town, South Africa",2015-01-01,,108,"$4,219,208"
Seongchan Hong,HC21,KOR,"5' 9""",1.75m,Right-Handed,,1997-06-30,"Gangwondo, South Korea",,,359,"$405,209"
Rudolf Molleker,M0AC,GER,"6' 1""",1.85m,Right-Handed,Two-Handed,2000-10-26,"Sievierodonetsk, Ukraine",2017-01-01,,376,"$718,444"
Oleksandr Ovcharenko,O0BE,UKR,"6' 1""",1.85m,Right-Handed,Two-Handed,2001-10-17,"Kyiv, Ukraine",,,334,"$79,212"
Adrian Andreev,A0AB,BUL,"5' 11""",1.80m,Right-Handed,Two-Handed,2001-05-12,"Sofia, Bulgaria",2016-01-01,,584,"$430,548"
Giovanni Fonio,FC49,ITA,"6' 0""",1.83m,Right-Handed,One-Handed,1998-05-07,"Novara, Italy",,,406,"$67,445"
Alex Molcan,MV14,SVK,"5' 10""",1.78m,Left-Handed,,1997-12-01,"Prešov, Slovakia",2015-01-01,,268,"$2,177,568"
Ricardas Berankis,BE90,LTU,"5' 9""",1.75m,Right-Handed,Two-Handed,1990-06-21,"Vilnius, Lithuania",2007-01-01,,139,"$4,863,335"
Kilian Feldbausch,F0F4,SUI,"6' 3""",1.91m,Right-Handed,Two-Handed,2005-09-07,"Geneva, Switzerland",,,1665,"$36,864"
Lucas Poullain,PJ74,FRA,,,,,,,,,,
Darwin Blanch,B0NO,USA,"6' 3""",,Left-Handed,,2007-09-28,"Boca Raton, Florida",,,1642,"$77,975"
Henri Squire,S0AK,GER,"6' 5""",1.96m,Right-Handed,Two-Handed,2000-09-27,"Duisburg, Germany",,,345,"$464,809"
Zdenek Kolar,KH56,CZE,"6' 1""",1.85m,Right-Handed,Two-Handed,1996-10-09,"Bystřice nad Pernštejnem, Czech Republic",2014-01-01,,110,"$1,038,472"
Marvin Moeller,M0BN,GER,"5' 10""",1.78m,Right-Handed,,1999-01-18,"Hamburg, Germany",,,618,"$132,123"
Svyatoslav Gulin,G0J9,RUS,,,,,,,,,,
Stefanos Sakellaridis,S0KT,GRE,"6' 5""",1.96m,Right-Handed,Two-Handed,2004-09-13,"Athens, Greece",,,285,"$69,404"
Laurent Lokoli,LC12,FRA,"6' 2""",1.88m,Right-Handed,Two-Handed,1994-10-18,"Bastia, France",2011-01-01,,371,"$544,609"
Maximus Jones,J0D2,THA,"6' 1""",1.85m,Right-Handed,Two-Handed,2004-09-05,"Sydney, Australia",,,383,"$65,586"
Sandro Kopp,K0CJ,AUT,,,,,,"Heidelberg, Baden-Württemberg, Germany",,,,
Florent Bax,B0BU,FRA,"6' 1""",1.85m,Right-Handed,,1999-06-16,Réunion,,,419,"$67,291"
Paul Jubb,J0A4,GBR,"5' 11""",1.80m,Right-Handed,Two-Handed,1999-10-31,"York, United Kingdom",2020-01-01,,1,"$570,437"
Tom Gentzsch,G0IB,GER,,,,,,,,,,
Bernabe Zapata Miralles,Z419,ESP,"6' 0""",1.83m,Right-Handed,Two-Handed,1997-01-12,"Valencia, Spain",2015-01-01,,404,"$2,482,781"
Oliver Tarvet,T0GR,GBR,,,Right-Handed,,2003-10-29,"St Albans, Hertfordshire, England",,,2366,"$15,431"
Andrej Nedic,N0DB,BIH,,,Right-Handed,Two-Handed,2004-10-16,"Doboj, Bosnia and Herzegovina",,,764,"$13,275"
Karan Singh,S0RI,IND,,,,,1931-03-09,"Cannes, France",,,,
Mariano Kestelboim,KE69,ARG,"6' 1""",1.85m,Right-Handed,Two-Handed,1996-02-06,"Buenos Aires, Argentina",,,186,"$154,917"
Javier Barranco Cosano,BV25,ESP,"5' 10""",1.78m,Left-Handed,,1998-11-17,"Jávea, Spain",,,258,"$335,705"
Maximilian Neuchrist,N663,AUT,,,Right-Handed,,1991-07-22,"Vienna, Austria",,,135,"$363,591"
Lukas Pokorny,P0HP,SVK,"6' 3""",1.90m,,,,,,,,
Lilian Marmousez,M0GY,FRA,,,,,,,,,,
Federico Bondioli,B0PE,ITA,"6' 1""",1.85m,Left-Handed,,2005-05-16,"Ravenna, Italy",2022-01-01,,207,"$41,078"
Pedro Sakamoto,SL94,BRA,"5' 11""",1.81m,Right-Handed,Two-Handed,1993-06-29,"Guarulhos, Brazil",,,272,"$190,407"
Juan Carlos Aguilar,A09W,CAN,"5' 6""",1.68m,Right-Handed,Two-Handed,1998-11-20,"London, England",,,219,"$58,387"
Kyle Edmund,E831,GBR,"6' 2""",1.88m,Right-Handed,Two-Handed,1995-01-08,"Johannesburg, South Africa",2011-01-01,,143,"$6,067,953"
Miguel Damas,D0CN,ESP,,,,,,,,,,
Franco Agamenone,AA27,ITA,"6' 3""",1.91m,Right-Handed,Two-Handed,1993-04-15,"Río Cuarto, Argentina",2010-01-01,,167,"$538,520"
Henry Searle,S0TX,GBR,"6' 4""",1.93m,Left-Handed,Two-Handed,2006-03-29,"Wolverhampton, England",,,926,"$157,065"
Yusuke Takahashi,TF58,JPN,"5' 7""",1.70m,Right-Handed,Two-Handed,1997-10-17,"Yokohama, Japan",,,414,"$128,947"
Vadym Ursu,U176,UKR,,,,,,,,,,
Matthew Dellavedova,D0A2,AUS,,,,,1990-09-08,"Maryborough, Victoria, Australia",,,,
Alexandr Binda,B0GI,ITA,,,,,,,,,,
Max Wiskandt,W0BB,GER,,,,,,,,,,
Kasidit Samrej,S0HR,THA,,,,,2001-01-26,"Bangkok, Thailand",,,822,"$60,274"
Neil Oberleitner,O0AD,AUT,"6' 3""",1.91m,Right-Handed,Two-Handed,1999-08-05,"Vienna, Austria",,,134,"$151,163"
Stefan Dostanic,D0D4,USA,,,,,,,,,,
Dennis Novak,DB59,AUT,"6' 0""",1.83m,Right-Handed,Two-Handed,1993-08-28,"Wiener Neustadt, Austria",2011-01-01,,283,"$1,961,772"
Enrico Dalla Valle,DG80,ITA,"6' 5""",1.95m,Right-Handed,Two-Handed,1998-03-21,"Ravenna, Italy",,,299,"$184,000"
Max Alcala Gurri,A0EA,ESP,,,,,,,,,,
Kris Van Wyk,VA23,RSA,,,,,,,,,,
Ryan Nijboer,N0B4,NED,,,,,,,,,,
Alex Martinez,M0GB,ESP,,,,,,,,,,
Gabriele Pennaforti,P0JG,ITA,,,,,,,,,,
Alex Hernandez,H0CD,MEX,,,,,,,,,,
Alvin Nicholas Tudorica,T0IZ,CAN,,,,,,,,,,
Stefan Kozlov,KE64,USA,"6' 0""",1.83m,Right-Handed,Two-Handed,1998-02-01,"Skopje, Republic of Macedonia",2013-01-01,,180,"$1,005,853"
Marc Polmans,PG94,AUS,"6' 2""",1.88m,Right-Handed,Two-Handed,1997-05-02,"Amanzimtoti, South Africa",2015-01-01,,68,"$1,695,992"
Sanhui Shin,S09P,KOR,,,,,,,,,,
Gerard Campana Lee,C0MH,KOR,,,,,,,,,,
Cezar Cretu,C0B2,ROU,"6' 2""",1.88m,Right-Handed,Two-Handed,2001-04-24,"Iași, Romania",2020-01-01,,308,"$98,912"
Manuel Guinard,GH33,FRA,"6' 6""",1.98m,Right-Handed,Two-Handed,1995-11-15,"Saint-Malo, France",2016-01-01,,36,"$996,165"
Tibo Colson,C0I4,BEL,"6' 5""",1.96m,Right-Handed,Two-Handed,2000-07-12,"Genk, Belgium",,,465,"$50,945"
Martin Damm,D0DT,USA,"6' 2""",1.89m,Right-Handed,Two-Handed,1972-08-01,"Liberec, Czech Republic",1990-01-01,2011-01-01,5,"$5,730,972"
Jakub Nicod,N0D9,CZE,,,,,,,,,,
Aryan Shah,S0W8,IND,,,,,,,,,,
Stuart Parker,P0BK,GBR,"6' 1""",1.85m,Right-Handed,Two-Handed,1997-07-30,"Port Elizabeth, South Africa",,,471,"$151,493"
Oleksii Krutykh,K0DP,UKR,"6' 1""",1.85m,Right-Handed,Two-Handed,2000-03-10,"Kyiv, Ukraine",,,275,"$309,060"
Iliyan Radulov,R0IL,BUL,,,,,,,,,,
J.J. Wolf,W09G,USA,"6' 0""",,Right-Handed,,1998-12-21,"Cincinnati, OH, U.S.",2019-01-01,,543,"$2,455,690"
Giles Hussey,H0DC,GBR,"6' 1""",,Left-Handed,,1997-05-26,Swindon,,,213,"$94,987"
Gabriele Piraino,P0I6,ITA,,,,,,,,,,
Petr Nesterov,N0CJ,BUL,,,Right-Handed,Two-Handed,2003-03-07,"Moscow, Russia",2019-01-01,,260,"$61,663"
Maxim Mrva,M0SE,CZE,"5' 10""",1.78m,Right-Handed,Two-Handed,2007-08-02,"Prostějov, Czech Republic",,,932,"$33,374"
Hamish Stewart,S0EX,GBR,"6' 0""",,,,,,,,,
Woobin Shin,S0IN,KOR,,,,,,,,,,
Michael Zheng,Z0BZ,USA,,,,,,,,,,
Enzo Couacaud,CG94,FRA,"6' 0""",1.83m,Right-Handed,,1995-03-01,"Curepipe, Mauritius",2013-01-01,,188,"$1,325,541"
Anton Matusevich,M0FA,GBR,"6' 1""",1.85m,Right-Handed,Two-Handed,2001-05-30,"New York City, US",,,493,"$166,558"
Dominik Koepfer,KE73,GER,"5' 11""",1.80m,Left-Handed,Two-Handed,1994-04-29,"Furtwangen, Germany",2016-01-01,,69,"$3,631,403"
Andrea Picchione,P0DR,ITA,,,,,,,,,,
Tommaso Compagnucci,C0BB,ITA,,,,,,,,,,
Gilles Arnaud Bailly,B0QC,BEL,"5' 11""",1.80m,Right-Handed,Two-Handed,2005-09-19,"Hasselt, Belgium",,,1723,"$57,982"
Pedro Araujo,A0ES,POR,"5' 6""",1.68m,,,,,,,,
Dan Alexandru Tomescu,T0AA,ROU,,,,,,,,,,
Valerio Aboian,A0G7,ARG,"6' 0""",1.83m,Left-Handed,Two-Handed,2002-06-14,"Buenos Aires, Argentina",,,242,"$94,049"
Mukund Sasikumar,MP13,IND,"6' 1""",1.85m,Right-Handed,Two-Handed,1997-01-14,"Chennai, India",,,431,"$240,319"
Kokoro Isomura,I0AX,JPN,"5' 9""",1.75m,Right-Handed,Two-Handed,2003-01-22,"Hiroshima, Japan",,,478,"$45,065"
Eric Vanshelboim,V0D4,UKR,,,,,,,,,,
Branko Djuric,D0HJ,SRB,,,,,1962-05-28,"Sarajevo, Bosnia and Herzegovina",,,,
Juan Manuel La Serna,L0GR,ARG,,,,,,,,,,
Olle Wallin,W0BU,SWE,,,,,,,,,,
Dane Sweeny,S0IA,AUS,"5' 7""",1.70m,Right-Handed,Two-Handed,2001-02-12,"Penrith, New South Wales, Australia",,,160,"$450,525"
Antoine Ghibaudo,G0IW,FRA,,,,,,,,,,
Aristotelis Thanos,T0EI,GRE,,,Right-Handed,Two-Handed,2001-04-07,"Athens, Greece",2019-01-01,,665,"$8,328"
Benjamin Lock,LC54,ZIM,"6' 6""",1.98m,Right-Handed,Two-Handed,1993-03-04,"Harare, Zimbabwe",2016-01-01,,154,"$285,596"
Charles Broom,BV21,GBR,"5' 10""",1.78m,Right-Handed,,1998-04-24,,,,129,"$300,063"
Renta Tokuda,TD55,JPN,,,,,,,,,,
Alessandro Pecci,P0FY,ITA,,,,,,,,,,
Bor Artnak,A0I1,SLO,"6' 4""",1.93m,Right-Handed,Two-Handed,2004-06-04,"Trbovlje, Slovenia",,,954,"$40,176"
Lorenzo Joaquin Rodriguez,R0BC,ARG,,,,,,,,,,
Petr Brunclik,B0OV,CZE,,,,,,,,,,
Sergey Fomin,F0A3,UZB,,,,,1958-02-16,"Saint Petersburg, Russia",,,,
Dali Blanch,B0JP,USA,,,,,,,,,,
David Jorda Sanchis,J476,ESP,"6' 6""",1.98m,Right-Handed,Two-Handed,1994-06-14,,,,420,"$133,849"
Olaf Pieczkowski,P0IT,POL,,,,,,,,,,
Yurii Dzhavakian,DB32,UKR,,,,,,,,,,
Florian Broska,B0C5,GER,,,,,,,,,,
Hernan Casanova,CG07,ARG,"5' 10""",1.78m,Right-Handed,Two-Handed,1994-02-06,"Buenos Aires, Argentina",,,160,"$262,510"
Ergi Kirkin,KI48,TUR,"6' 0""",1.82m,Right-Handed,Two-Handed,1999-01-27,"Ankara, Turkey",,,300,"$151,900"
Tristan Lamasine,LC11,FRA,"6' 0""",1.83m,Right-Handed,,1993-03-05,"Thiais, France",2010-01-01,,85,"$598,311"
Keegan Smith,S0DQ,USA,"6' 6""",1.98m,Right-Handed,Two-Handed,1998-06-23,"Wilmington, United States",2021-01-01,,261,"$80,059"
Erik Arutiunian,A0IA,BLR,,,,,,,,,,
Leandro Riedi,R0FS,SUI,"6' 3""",1.91m,Right-Handed,Two-Handed,2002-01-27,"Frauenfeld, Switzerland",2021-01-01,,211,"$500,215"
Joris De Loore,DA86,BEL,"6' 3""",1.91m,Right-Handed,Two-Handed,1993-04-21,"Bruges, Belgium",2011-01-01,,263,"$563,894"
Micah Braswell,B0J8,USA,,,,,,,,,,
Gianluca Cadenasso,C0NN,ITA,,,,,,,,,,
Peter Bertran,BP79,DOM,,,Right-Handed,Two-Handed,1996-03-05,"Santo Domingo, Dominican Republic",,,455,"$32,269"
Leo Borg,B0JG,SWE,"6' 0""",1.83m,Right-Handed,Two-Handed,2003-05-15,"Stockholm, Sweden",,,1033,"$128,014"
Luca Castelnuovo,CH80,SUI,"6' 1""",1.85m,Left-Handed,One-Handed,1997-01-29,"Locarno, Switzerland",,,267,"$84,913"
Michael Vrbensky,V0B2,CZE,"6' 0""",1.83m,Right-Handed,Two-Handed,1999-12-26,"Nymburk, Czech Republic",,,177,"$89,165"
Aidan McHugh,M0CW,GBR,"5' 11""",1.80m,Right-Handed,One-Handed,2000-07-09,"Glasgow, United Kingdom",,,285,"$211,578"
Martin Krumich,K0FY,CZE,,,,,,,,,,
Ajeet Rai,R0DC,NZL,"6' 2""",1.88m,Right-Handed,,1999-01-18,New Plymouth,,,222,"$190,456"
Evgeny Karlovskiy,KD87,RUS,"6' 3""",1.91m,Right-Handed,Two-Handed,1994-08-07,"Moscow, Russia",,,222,"$399,173"
Eero Vasa,V993,FIN,,,Right-Handed,,1997-02-01,"Turku, Finland",,,237,"$25,207"
Jake Delaney,DC38,AUS,"6' 2""",,Right-Handed,Two-Handed,1997-05-14,"Sydney, Australia",,,274,"$73,909"
Christian Sigsgaard,SY00,DEN,,,Right-Handed,One-Handed,1997-03-14,"Gentofte, Denmark",,,386,"$30,945"
Jonas Forejtek,F0BT,CZE,,,Right-Handed,Two-Handed,2001-03-10,"Plzeň, Czech Republic",,,302,"$181,720"
Viacheslav Bielinskyi,B0LL,UKR,,,,,,,,,,
Ryuki Matsuda,M0G0,JPN,"5' 5""",,,,2005-12-19,"Kyoto, Japan",,,,
Harry Wendelken,W0AH,GBR,,,,,,,,,,
Samir Banerjee,B0I6,USA,,,Right-Handed,Two-Handed,2003-10-02,"Morristown, NJ, United States",,,1105,"$30,839"
Cem Ilkel,I306,TUR,"6' 1""",1.85m,Right-Handed,Two-Handed,1995-08-21,"Istanbul, Turkey",2013-01-01,,299,"$707,097"
Arthur Reymond,RH50,FRA,"5' 11""",1.80m,Left-Handed,One-Handed,1999-04-02,"Toulouse, France",,,238,"$102,180"
Maxime Chazal,CD00,FRA,,,Right-Handed,,1993-04-24,"Nouméa, New Caledonia, France",2010-01-01,,347,"$217,658"
Peter Fajta,F0DP,HUN,,,,,,,,,,
Nikolay Vylegzhanin,V0BD,RUS,,,,,,,,,,
Kirill Kivattsev,KI71,RUS,,,,,,,,,,
Takuya Kumasaka,K0DE,JPN,,,,,,,,,,
Luca Potenza,P0B2,ITA,,,,,,,,,,
Elmar Ejupovic,E811,GER,,,,,,,,,,
Loann Massard,M0QK,FRA,,,,,,,,,,
Filip Peliwo,PF65,POL,"5' 11""",1.80m,Right-Handed,Two-Handed,1994-01-30,"Vancouver, British Columbia, Canada",2013-01-01,,321,"$396,556"
Stefan Popovic,P0G5,SRB,,,,,,,,,,
Eduardo Ribeiro,R09V,BRA,"5' 10""",1.78m,Right-Handed,Two-Handed,1998-03-17,"Santa Cruz do Sul, Brazil",,,299,"$82,233"
Facundo Juarez,J737,ITA,"5' 5""",1.66m,,,,,,,,
Cannon Kingsley,K0DB,USA,"6' 2""",1.88m,Right-Handed,Two-Handed,2001-05-06,"Mineola, NY, United States",,,293,"$67,295"
Evgenii Tiurnev,TD47,RUS,,,Right-Handed,Two-Handed,1997-04-08,,,,291,"$215,298"
Egor Agafonov,A0FM,RUS,"6' 2""",1.88m,Right-Handed,Two-Handed,2002-09-05,"Tula, Russia",,,267,"$46,974"
Alejo Sanchez Quilez,S0XE,ESP,,,,,,,,,,
Tadeas Paroulek,P0BM,CZE,,,,,,,,,,
Felix Corwin,CN15,USA,,,,,,,,,,
Maxwell Mckennon,M0I0,USA,,,,,,,,,,
Maks Kasnikowski,K0HC,POL,"6' 0""",1.82m,Right-Handed,Two-Handed,2003-07-06,"Warsaw, Poland",,,688,"$224,685"
Rafael Jodar,J0DZ,ESP,,,,,2006-09-17,,,,532,"$5,518"
Manuel Mazza,M0EN,ITA,,,,,,,,,,
Hikaru Shiraishi,S0C2,JPN,,,,,,,,,,
Martin Klizan,K966,SVK,"6' 3""",1.91m,Left-Handed,Two-Handed,1989-07-11,"Bratislava, Slovakia",2007-01-01,,73,"$5,554,264"
Liam Broady,BI23,GBR,"6' 0""",1.83m,Left-Handed,Two-Handed,1994-01-04,"Stockport, England",2014-01-01,,217,"$2,059,584"
Pablo Llamas Ruiz,L0CX,ESP,"6' 2""",1.88m,Right-Handed,Two-Handed,2002-10-13,"Jerez de la Frontera, Spain",,,696,"$414,873"
Mae Malige,M0TO,FRA,,,,,,,,,,
Federico Iannaccone,I09N,ITA,,,,,,,,,,
Kenta Miyoshi,M0RX,JPN,,,,,,,,,,
Andrea Guerrieri,G0A0,ITA,,,,,,,,,,
Alec Beckley,B0IY,RSA,,,,,,,,,,
Daniel Masur,MN20,GER,"6' 0""",1.83m,Right-Handed,,1994-11-06,"Bückeburg, Germany",2013-01-01,,149,"$744,898"
Tsung-Hao Huang,H0B5,TPE,,,,,,,,,,
Damien Wenger,W09B,SUI,"5' 8""",1.73m,Right-Handed,Two-Handed,2000-03-17,"Biel/Bienne, Switzerland",,,235,"$102,264"
Antoine Cornut-Chauvinc,C0AZ,FRA,,,,,,,,,,
Gianluca Mager,ML57,ITA,"6' 2""",1.88m,Right-Handed,Two-Handed,1994-12-01,"Sanremo, Liguria, Italy",2013-01-01,,310,"$1,596,525"
Conner Huertas del Pino,HG90,PER,"6' 2""",1.88m,Right-Handed,Two-Handed,1995-12-20,"Lima, Peru",,,174,"$112,682"
Michiel De Krom,DH55,NED,,,,,,,,,,
Stefan Adrian Andreescu,A0J5,ROU,,,,,,,,,,
Rigele Te,TG30,CHN,"6' 2""",1.88m,Right-Handed,,1997-10-09,"Hohhot, China",,,291,"$188,675"
Alafia Ayeni,A09P,USA,,,,,,,,,,
James Story,S0H9,GBR,,,,,,"Moncks Corner, SC, U.S.",,,,
Dan  Martin,M0C2,CAN,,,,,,,,,,
Diego Schwartzman,SM37,ARG,"5' 7""",1.70m,Right-Handed,Two-Handed,1992-08-16,"Buenos Aires, Argentina",2010-01-01,,39,"$14,079,005"
Keisuke Saitoh,S0LD,JPN,,,,,,,,,,
Yuki Mochizuki,M0B2,JPN,,,,,,,,,,
Edward Winter,W0C4,AUS,"5' 9""",1.75m,,,2004-09-15,"Adelaide, Australia",,,275,"$72,357"
Alexander Weis,WB19,ITA,,,,,,,,,,
Pierluigi Basile,B0VX,ITA,,,,,,,,,,
Etienne Donnet,D0DC,FRA,,,,,,,,,,
Adhithya Ganesan,G0MI,USA,,,Right-Handed,,2005-10-24,,,,837,"$23,365"
Dominik Kellovsky,KE36,CZE,,,,,,,,,,
Louis Wessels,WB25,GER,"6' 6""",1.98m,Right-Handed,,1998-08-27,"Bielefeld, Germany",,,335,"$225,330"
Maxime Janvier,J620,FRA,"6' 5""",1.96m,Right-Handed,Two-Handed,1996-10-18,"Creil, France",2014-01-01,,297,"$932,570"
Trevor Svajda,S0VM,USA,"5' 9""",1.75m,Right-Handed,Two-Handed,2006-04-20,"La Jolla, CA, U.S.",,,1448,"$76,238"
Andrew Paulson,P0EV,CZE,,,,,1958-11-13,"Champaign, IL, United States",,,,
Daniel Milavsky,M0RG,USA,,,,,,,,,,
Lorenzo Carboni,C0OW,ITA,,,,,,,,,,
Egor Gerasimov,GC89,BLR,"6' 5""",1.96m,Right-Handed,Two-Handed,1992-11-11,"Minsk, Belarus",2010-01-01,,263,"$2,091,386"
Arda Azkara,A0DV,TUR,,,,,,,,,,
Philip Sekulic,S0TI,AUS,"6' 3""",1.91m,Right-Handed,Two-Handed,2003-09-05,"Subiaco, Australia",,,989,"$106,112"
Felix Gill,G0EU,GBR,"5' 11""",1.80m,Left-Handed,Two-Handed,2002-06-01,"Redditch, United Kingdom",,,459,"$145,862"
Denis Klok,KG49,RUS,,,,,,,,,,
Evan Zhu,Z09K,USA,"6' 1""",1.85m,Right-Handed,Two-Handed,1998-08-15,"Ann Arbor, USA",2016-01-01,,371,"$134,275"
Emil Ruusuvuori,RH24,FIN,"6' 2""",1.88m,Right-Handed,Two-Handed,1999-04-02,"Helsinki, Finland",2018-01-01,,179,"$4,113,903"
Jozef Kovalik,KC04,SVK,"6' 0""",1.83m,Right-Handed,Two-Handed,1992-11-04,"Bratislava, Slovakia",2010-01-01,,245,"$2,170,554"
Arthur Weber,W0A4,FRA,"6' 1""",1.85m,Left-Handed,Two-Handed,1992-05-09,"Montpellier, France",,,735,"$60,107"
Shintaro Imai,I330,JPN,,,,,,,,,,
Blake Mott,MM79,AUS,"5' 11""",,Right-Handed,,1996-04-21,"Caringbah, Australia",,,,"$196,346"
James Watt,W0ED,NZL,,,,,1736-01-19,"Greenock, Renfrewshire, Scotland",,,,
Paulo Andre Saraiva Dos Santos,S0IV,BRA,"5' 11""",1.80m,Right-Handed,Two-Handed,2000-06-23,"Brasília, Brazil",,,204,"$42,526"
Aidan Kim,K0HZ,USA,,,,,,,,,,
Kyle Kang,K0HL,USA,,,,,,,,,,
Filip Jeff Planinsek,P0FV,SLO,,,,,,,,,,
Gianmarco Ferrari,F0CJ,ITA,"6' 3""",1.91m,Left-Handed,Two-Handed,2000-10-04,"Prato, Italy",,,296,"$104,554"
John Echeverria,E0AU,ESP,,,,,,,,,,
Filippo Moroni,M0GP,ITA,,,,,,,,,,
Mirza Basic,BE67,BIH,"6' 2""",1.88m,Right-Handed,Two-Handed,1991-07-12,"Sarajevo, Bosnia and Herzegovina",2012-01-01,,203,"$1,252,728"
Filippo Romano,R0HK,ITA,"6' 2""",1.88m,Right-Handed,Two-Handed,2005-07-07,"Sarzana, Italy",,,209,"$35,528"
Sebastian Sorger,S0QZ,AUT,,,,,,,,,,
Tristan McCormick,M0EG,USA,,,,,,,,,,
Soonwoo Kwon,KF17,KOR,"5' 11""",1.80m,Right-Handed,Two-Handed,1997-12-02,"Sangju, South Korea",2015-01-01,,224,"$3,064,876"
Lucas Gerch,GF23,GER,,,,,,,,,,
Ewen Lumsden,L0AF,GBR,,,,,,,,,,
Luca Castagnola,C0HV,ITA,,,,,,,,,,
Ryan Seggerman,S0DL,USA,"6' 4""",1.93m,Right-Handed,,1999-08-06,"San Diego, United States",,,71,"$205,069"
Julio Cesar Porras,C0KH,ARG,,,,,,,,,,
Yanki Erel,E0AA,TUR,,,Left-Handed,Two-Handed,2000-09-25,"Tekirdağ, Turkey",,,425,"$100,594"
Imanol Lopez Morillo,L0AT,ESP,,,,,,,,,,
Joao Eduardo Schiessl,S0T1,BRA,,,,,,,,,,
Max Basing,B0JE,GBR,,,,,,,,,,
Hazem Naw,N0BK,SYR,"6' 0""",1.83m,Right-Handed,Two-Handed,2000-01-01,"Aleppo, Syria",,,722,"$70,263"
Altug Celikbilek,CH05,TUR,"6' 0""",1.83m,Right-Handed,Two-Handed,1996-09-07,"Antalya, Turkey",2015-01-01,,224,"$505,026"
Joao Domingues,D985,POR,"5' 10""",1.78m,Right-Handed,Two-Handed,1993-10-05,"Oliveira de Azeméis, Portugal",2013-01-01,,283,"$476,780"
Jose Pereira,PC09,BRA,"5' 11""",,Right-Handed,,1991-01-26,"Santana do Ipanema, Brazil",,,260,"$198,937"
Samuel Vincent Ruggeri,V0DI,ITA,,,,,,,,,,
Kaichi Uchida,U120,JPN,"5' 11""",1.80m,Right-Handed,,1994-08-23,"Katano, Osaka, Japan",,,159,"$564,619"
Fares Zakaria,Z0BL,EGY,,,,,,,,,,
Dev Javia,J0CL,IND,,,,,,,,,,
Luis Carlos Alvarez,A0IY,MEX,"5' 9""",1.75m,Right-Handed,Two-Handed,2004-09-03,"Mexico City, Mexico",,,1061,"$21,754"
Alexey Zakharov,Z0AB,RUS,"6' 2""",1.88m,Right-Handed,Two-Handed,2000-04-21,"Moscow, Russia",,,455,"$91,920"
Theo Papamalamis,P0K5,FRA,"6' 0""",1.83m,Right-Handed,,2006-01-09,Metz,,,1229,"$50,187"
Justin Boulais,B0F8,CAN,"6' 0""",1.83m,Left-Handed,One-Handed,2001-10-20,"Hilton Head Island, SC, United States",,,382,"$57,776"
Aleksandre Bakshi,BP74,GEO,"5' 11""",1.80m,Left-Handed,Two-Handed,1997-07-23,"Tbilisi, Georgia",2019-01-01,,307,"$108,313"
Leonardo Rossi,R0H6,ITA,,,,,,,,,,
Mikael Ymer,Y268,SWE,"6' 1""",1.85m,Right-Handed,Two-Handed,1998-09-09,"Skara, Sweden",2015-01-01,,187,"$2,755,011"
Omni Kumar,K0EE,USA,"5' 9""",1.75m,Left-Handed,,2001-10-10,"Mountain View, CA, United States",2020-01-01,,1134,"$104,873"
Jiri Vesely,V708,CZE,"6' 6""",1.98m,Left-Handed,Two-Handed,1993-07-10,"Příbram, Czech Republic",,,94,"$6,105,681"
Sean Cuenin,C0JX,FRA,,,,,,,,,,
Louis Dussin,D09L,FRA,,,,,,,,,,
Stefan Palosi,P0CY,ROU,,,,,,,,,,
Jacob Brumm,B0D8,USA,,,,,,,,,,
Kenny De Schepper,D750,FRA,"6' 8""",2.03m,Left-Handed,One-Handed,1987-05-29,"Bordeaux, France",2010-01-01,,152,"$1,698,398"
Maxime Cressy,C0BC,USA,"6' 7""",2.01m,Right-Handed,Two-Handed,1997-05-08,"Paris, France",2019-01-01,,64,"$2,898,405"
Robin Catry,C0JT,FRA,,,,,,,,,,
Carlo Alberto Caniato,C0LK,ITA,"6' 2""",1.88m,Right-Handed,Two-Handed,2005-10-31,"Verona, Italy",2021-01-01,,279,"$47,193"
Benoit Paire,PD31,FRA,"6' 5""",1.96m,Right-Handed,Two-Handed,1989-05-08,"Avignon, France",2007-01-01,,65,"$10,398,796"
Alex Knaff,KJ00,LUX,"6' 4""",,Right-Handed,Two-Handed,1997-11-26,"Luxembourg City, Luxembourg",,,364,"$24,067"
Tim Handel,H0EH,GER,"6' 2""",1.88m,,,1996-10-18,Reutlingen,2019-01-01,,493,"$72,092"
Niels Visker,V0D0,NED,,,,,,,,,,
Karl Poling,P0C1,USA,,,,,,,,,,
Ramkumar Ramanathan,RB56,IND,"6' 2""",1.88m,Right-Handed,Two-Handed,1994-11-08,"Karaikudi, Sivaganga District, Tamil Nadu",2009-01-01,,58,"$1,284,801"
Akira Santillan,SQ80,AUS,"5' 11""",1.80m,Right-Handed,One-Handed,1997-05-22,"Tokyo, Japan",2013-01-01,,197,"$453,404"
Michael Agwi,A0JA,IRL,"6' 4""",1.93m,Right-Handed,,2003-09-04,,,,1139,"$32,920"
Nicolas Arseneault,A0K3,CAN,,,,,,,,,,
Linang Xiao,X01A,CHN,,,,,,,,,,
Colin Sinclair,SQ79,NMI,"6' 2""",1.88m,Right-Handed,Two-Handed,1994-12-19,"Saipan, Northern Mariana Islands",,,200,"$127,379"
Aziz Ouakaa,O09A,TUN,,,,,1999-08-07,,,,227,"$102,596"
Nick Kyrgios,KE17,AUS,"6' 4""",1.93m,Right-Handed,Two-Handed,1995-04-27,"Canberra, Australian Capital Territory, Australia",2013-01-01,,11,"$12,648,790"
Orlando Luz,LF26,BRA,"5' 11""",1.80m,Right-Handed,Two-Handed,1998-02-08,"Carazinho, Brazil",,,54,"$465,281"
Pedro Rodrigues,R0JH,BRA,,,,,,,,,,
Pawit Sornlaksup,S0VO,THA,,,,,,,,,,
Mees Rottgering,R0KD,NED,"5' 11""",1.80m,Left-Handed,,2007-07-07,"Wanssum, Netherlands",,,959,"$9,849"
Stijn Slump,S0E6,NED,,,,,,,,,,
Buvaysar Gadamauri,G0CV,BEL,,,,,,,,,,
Tomasz Berkieta,B0P4,POL,"6' 3""",1.91m,Right-Handed,Two-Handed,2006-07-21,"Warsaw, Poland",,,745,"$11,431"
Ben Jones,J732,GBR,"6' 4""",,Right-Handed,,1998-05-19,London,,,184,"$76,299"
Sergi Perez Contri,PI96,ESP,,,,,,,,,,
Millen Hurrion,H0EI,GBR,,,,,,,,,,
Maxim Zhukov,Z0C3,RUS,,,,,,,,,,
Dominik Palan,P0E9,CZE,,,,,,,,,,
Lucas Bouquet,BU32,FRA,,,,,,,,,,
Giovanni Oradini,O639,ITA,"6' 2""",1.88m,Left-Handed,,1997-09-14,"Rovereto, Italy",,,567,"$57,385"
Maxence Beauge,B0A0,FRA,,,,,,,,,,
Strong Kirchheimer,KG27,USA,"6' 1""",1.85m,Right-Handed,Two-Handed,1995-04-26,"Highland Park, IL, United States",,,491,"$109,878"
Jack Loge,L0ID,BEL,,,,,,,,,,
Nino Ehrenschneider,E0BO,GER,,,,,,,,,,
Aleksandr Braynin,B0BK,UKR,,,,,,,,,,
Andrey Chepelev,CO01,RUS,,,,,,,,,,
Pedro Cachin,CG04,ARG,"6' 1""",1.85m,Right-Handed,,1995-04-12,"Bell Ville, Argentina",2013-01-01,,219,"$2,084,778"
Johan Alexander Rodriguez,R0F1,COL,,,,,,,,,,
Hayato Matsuoka,M0SC,JPN,,,,,,,,,,
Dusan Obradovic,O0AI,SRB,,,,,,,,,,
Massimo Giunta,G0I3,ITA,,,,,,,,,,
Mitsuki Wei Kang Leong,L0I5,MAS,,,,,,,,,,
Sebastian Gima,G0EQ,ROU,,,,,,,,,,
Tianhui Zhang,Z0D1,CHN,,,,,,,,,,
Tuncay Duran,D0IO,TUR,,,,,,,,,,
Tomas Farjat,F0BV,ARG,,,,,,,,,,
Juan Pablo Paz,PG69,ARG,"5' 8""",1.73m,Right-Handed,Two-Handed,1995-01-04,"Berazategui, Argentina",,,238,"$183,758"
Bruno Kuzuhara,K0HN,USA,"5' 9""",1.75m,Right-Handed,,2004-04-01,"São Paulo, Brazil",2022-01-01,,643,"$163,750"
Taisei Ichikawa,I0A6,JPN,"5' 11""",1.80m,Left-Handed,Two-Handed,2000-12-21,"Osaka, Japan",,,308,"$40,469"
Bogdan Bobrov,BM05,RUS,"6' 1""",1.85m,Right-Handed,One-Handed,1997-09-16,"Penza, Russia",,,329,"$146,945"
Alberto Barroso Campos,BU36,ESP,"5' 10""",1.78m,Right-Handed,Two-Handed,1996-06-04,"Montijo, Spain",,,225,"$111,907"
Michal Krajci,K0L1,SVK,,,,,,,,,,
Mohamed Safwat,SK47,EGY,"5' 11""",1.80m,Right-Handed,,1990-09-19,"Mansoura, Egypt",2008-01-01,,225,"$849,360"
Mathias Bourgue,BK19,FRA,"6' 2""",1.88m,Right-Handed,Two-Handed,1994-01-18,"Avignon, France",,,727,"$854,451"
Ye Cong Mo,M0BW,CHN,"6' 0""",1.83m,Right-Handed,Two-Handed,2000-06-26,"Shaodong, China",,,914,"$52,186"
Mikalai Haliak,HH15,BLR,,,,,,,,,,
Francisco Rocha,R0F6,POR,,,,,,,,,,
Carlos Lopez Montagud,L0C1,ESP,,,,,,,,,,
Mario Gonzalez Fernandez,G0G2,ESP,,,,,,,,,,
Jacopo Vasami,V0J1,ITA,,,,,,,,,,
Alexander Donski,DH46,BUL,"6' 2""",1.88m,Right-Handed,Two-Handed,1998-08-01,"Philadelphia, PA, United States",2017-01-01,,152,"$137,791"
Trey Hilderbrand,H0B7,USA,"6' 5""",1.96m,Right-Handed,Two-Handed,2000-05-15,Texas,,,117,"$46,212"
Joshua Sheehy,S0NN,USA,,,,,,,,,,
Emilien Demanet,D0LY,BEL,,,,,,,,,,
Cooper Williams,W0DD,USA,"6' 3""",,,,2005-06-17,New York City,,,516,"$19,141"
Radu Mihai Papoe,P0FJ,ROU,,,,,,,,,,
Pavle Marinkov,M0TE,AUS,,,,,,,,,,
Matthew William Donald,D0HM,CZE,,,,,,,,,,
Juan Estevez,E0DI,ARG,,,,,,,,,,
Kosuke Ogura,O09T,JPN,,,,,,,,,,
Guillaume Dalmasso,D0K3,FRA,,,,,,,,,,
Ignacio Monzon,MV75,ARG,,,,,,,,,,
Mert Alkaya,A09Q,TUR,,,,,,,,,,
JiSung Nam,N652,KOR,,,Right-Handed,,1993-08-15,"Busan, South Korea",,,102,"$293,832"
Andres Santamarta Roig,S0Y0,ESP,"5' 11""",,Right-Handed,Two-Handed,2007-01-23,"Valencia, Spain",,,1200,"$6,624"
Santiago De La Fuente,D0DK,ARG,,,,,,,,,,
Emile Hudd,H0EK,GBR,,,,,,,,,,
Lorenzo Rottoli,R0B6,ITA,,,Right-Handed,Two-Handed,2002-02-19,"Como, Italy",,,245,"$35,639"
William Grant,G0DD,USA,,,,,,,,,,
Adrian Oetzbach,O656,GER,,,,,,,,,,
Thanapet Chanta,C0DS,THA,,,,,,,,,,
Manas Dhamne,D0JI,IND,"6' 0""",,Right-Handed,Two-Handed,2007-12-29,"Satara, India",2023-01-01,,1429,"$25,242"
Alejandro Manzanera Pertusa,M0L2,ESP,,,Left-Handed,,2003-04-08,,,,510,"$27,016"
John Sperle,S0LR,GER,,,,,,,,,,
Diego Augusto Barreto Sanchez,B0HF,ESP,,,,,,,,,,
Vladyslav Orlov,O659,UKR,"6' 2""",1.88m,Right-Handed,Two-Handed,1995-05-17,"Kharkiv, Ukraine",,,209,"$155,585"
Ernesto Escobedo,E873,MEX,"6' 1""",1.85m,Right-Handed,Two-Handed,1996-07-04,"Los Angeles, CA, USA",2014-01-01,,296,"$1,586,166"
Uisung Park,P0AV,KOR,,,Right-Handed,Two-Handed,2000-09-27,"Seoul, South Korea",,,,"$21,555"
Ryotaro Taguchi,T0IA,JPN,,,,,,,,,,
Isaiah Strode,SX77,USA,,,,,,,,,,
Axel Garcian,G0FF,FRA,,,,,,,,,,
Samir Hamza Reguig,H0EZ,ALG,,,,,,,,,,
Wishaya Trongcharoenchaikul,TB70,THA,"6' 4""",1.93m,Right-Handed,Two-Handed,1995-04-08,"Bangkok, Thailand",,,450,"$55,498"
Raphael Perot,P0MG,FRA,,,,,,,,,,
Nick Hardt,H0A4,DOM,"6' 0""",1.83m,Right-Handed,,2000-09-20,"Santiago de los Caballeros, Dominican Republic",,,282,"$301,881"
Elliot Benchetrit,BT68,MAR,"6' 4""",1.93m,Right-Handed,Two-Handed,1998-10-02,"Nice, France",2016-01-01,,198,"$519,952"
Ilya Snitari,S0R5,MDA,,,,,2002-03-20,Moldova,,,332,"$57,496"
Bautista Vilicich,V0DX,ARG,,,,,,,,,,
Yaroslav Demin,D0I6,RUS,"6' 1""",1.85m,Right-Handed,Two-Handed,2005-08-30,"Moscow, Russia",,,1038,"$28,121"
Andrew Fenty,F0CK,USA,,,,,1970-12-06,"Washington, D.C., U.S.",,,,
Blaise Bicknell,B0I5,JAM,"6' 3""",1.91m,Right-Handed,Two-Handed,2001-11-26,"Kingston, Jamaica",,,1,"$24,159"
Gabriel Ghetu,G0ME,ROU,,,,,,,,,,
Wilson Leite,LA54,BRA,,,,,,,,,,
Ivan Marrero Curbelo,M09M,ESP,,,,,,,,,,
Igor Gimenez,G0D9,BRA,,,,,,,,,,
Taha Baadi,B0D6,MAR,,,,,,,,,,
Henry Bernet,B0TP,SUI,"6' 3""",1.91m,Right-Handed,One-Handed,2007-01-25,"Basel, Switzerland",,,464,"$33,684"
Jacob Bradshaw,B0OT,AUS,,,,,,,,,,
Amaury Raynel,R0GN,FRA,,,,,,,,,,
Leo Vithoontien,V0G6,JPN,,,,,,,,,,
Noah Schachter,S0JB,USA,,,,,,,,,,
Denis Kudla,KB09,USA,"5' 11""",1.80m,Right-Handed,Two-Handed,1992-08-17,"Kyiv, Ukraine",2010-01-01,,133,"$4,647,695"
Miguel Tobon,T0I3,COL,"6' 1""",1.85m,Right-Handed,,1968-06-22,"Medellín, Colombia",1989-01-01,2001-01-01,295,"$125,127"
Semen Pankin,P0KA,RUS,,,,,,,,,,
Kuan-Yi Lee,LH70,TPE,,,Right-Handed,,1996-09-09,"Taipei, Taiwan",,,523,"$66,032"
Lautaro Agustin Falabella,F0AF,ARG,,,,,,,,,,
Lorenzo Bocchi,B0AM,ITA,,,,,,,,,,
Samuel Alejandro Linde Palacios,L0LD,COL,,,,,,,,,,
Steven Diez,D916,CAN,"5' 9""",1.75m,Right-Handed,Two-Handed,1991-03-17,"Toronto, Ontario, Canada",2009-01-01,,267,"$1,056,475"
Gergely Madarasz,MO76,HUN,,,Left-Handed,Two-Handed,1994-10-01,"Baja, Hungary",,,630,"$50,677"
Cyril Vandermeersch,V0BC,FRA,,,,,,,,,,
Jakub Filip,F0GD,CZE,,,,,2005-09-25,,,,938,"$10,505"
Pietro Fellin,F0BP,ITA,,,,,,,,,,
Abel Forger,F0GS,NED,,,,,,,,,,
Niccolo Catini,C0C1,ITA,,,,,,,,,,
Michele Ribecai,R0JW,ITA,,,,,,,,,,
Pierre Yves Bailly,B0M3,BEL,,,,,,,,,,
Ali Yazdani,Y0BB,IRI,,,,,1967-12-25,"Tehran, Iran",,,,
Alan Magadan,M0HD,MEX,"6' 0""",1.83m,Right-Handed,Two-Handed,2001-05-26,"Zacatecas, Mexico",,,876,"$17,478"
Stefano Napolitano,N679,ITA,"6' 5""",1.96m,Right-Handed,Two-Handed,1995-04-11,"Biella, Italy",2012-01-01,,182,"$802,129"
Yusuke Kusuhara,K0ES,JPN,,,,,,,,,,
Albert Pedrico Kravtsov,P0MN,ESP,,,,,,,,,,
Alexis Gautier,GJ05,FRA,,,,,,,,,,
Aleksandr Lobanov,L0G3,RUS,"6' 3""",1.90m,,,,,,,,
Johan Nikles,N830,SUI,"5' 8""",1.73m,Right-Handed,Two-Handed,1997-03-23,"Geneva, Switzerland",,,357,"$133,750"
Gavin Young,Y0BF,USA,,,,,,,,,,
Nick Chappell,CF10,USA,"5' 10""",1.78m,Left-Handed,Two-Handed,1992-09-19,"Toronto, Ontario, Canada",,,416,"$169,647"
Fausto Tabacco,T0CU,ITA,,,,,,,,,,
Amr Elsayed,A0G8,EGY,,,,,,,,,,
Igor Marcondes,RD48,BRA,"6' 0""",1.83m,Left-Handed,Two-Handed,1997-06-16,"Caraguatatuba, Brazil",,,351,"$59,532"
Pablo Masjuan Ginel,M0J2,ESP,,,,,,,,,,
Yuta Kawahashi,K0AK,JPN,,,,,,,,,,
Alexander Klintcharov,KG53,NZL,,,,,,,,,,
Ignacio Parisca Romera,P0I5,VEN,,,,,,,,,,
Josip Simundza,S0UM,CRO,,,,,,,,,,
Dragos Nicolae Cazacu,C0MX,ROU,,,,,,,,,,
Timo Legout,L0ER,FRA,"5' 10""",1.78m,Right-Handed,Two-Handed,2002-03-13,"Nogent-sur-Marne, France",,,647,"$63,977"
Facundo Bagnis,BF23,ARG,"6' 0""",,Left-Handed,Two-Handed,1990-02-27,"Rosario, Santa Fe, Argentina",2007-01-01,,78,"$2,936,340"
Savva Polukhin,P0B6,RUS,,,,,,,,,,
Koki Matsuda,M0SB,JPN,,,,,,,,,,
Pierre Delage,D0DB,FRA,,,,,,"La Coquille, France",,,,
Luca Preda,P0ME,ROU,"6' 7""",2.01m,Right-Handed,Two-Handed,2006-03-19,"Constanța, Romania",,,861,"$18,735"
Kiranpal Pannu,P0ED,NZL,"6' 1""",1.85m,Right-Handed,Two-Handed,1997-01-07,"Wellington, New Zealand",,,1016,"$56,527"
S D Prajwal Dev,DH23,IND,"5' 9""",1.75m,Right-Handed,Two-Handed,1996-05-27,"Mysore, India",,,302,"$43,455"
Kai Wehnelt,W712,GER,,,,,,,,,,
Ozan Baris,C0HX,USA,"6' 1""",1.85m,Right-Handed,Two-Handed,2004-03-31,"Kalamazoo, MI, United States",,,623,"$18,629"
Duarte Vale,VA15,POR,"6' 0""",1.83m,Right-Handed,Two-Handed,1999-01-11,"Cascais, Portugal",,,366,"$53,844"
Nicolas Tepmahc,T0BD,FRA,,,,,,,,,,
Daniel Antonio Nunez,N0BU,CHI,,,,,,,,,,
Quinn Vandecasteele,V0DG,USA,,,,,,,,,,
Thomas Faurel,F0HO,FRA,,,,,,,,,,
Gustavo Ribeiro De Almeida,D0IP,BRA,,,,,,,,,,
Rodrigo Alujas,A0KH,MEX,,,,,,,,,,
Matthew Summers,S0Y7,GBR,,,,,,,,,,
Mate Valkusz,VA70,HUN,"6' 0""",1.83m,Right-Handed,,1998-08-13,"Budapest, Hungary",,,893,"$187,240"
Dhakshineswar Suresh,S0DE,IND,"6' 5""",,Right-Handed,Two-Handed,2000-03-29,"Madurai, India",,,438,"$18,714"
Reda Bennani,B0PU,MAR,,,,,,,,,,
Orel Kimhi,K0HO,ISR,,,,,,,,,,
Kalin Ivanovski,I0AP,MKD,"6' 5""",,Right-Handed,Two-Handed,2004-05-11,"Skopje, Macedonia",2022-01-01,,514,"$42,937"
Dinko Dinev,D0HS,BUL,,,,,,,,,,
Martin Van Der Meerschen,V0BS,BEL,,,,,,,,,,
Maik Steiner,S0GF,GER,,,,,,,,,,
Yuta Kikuchi,K0EZ,JPN,,,,,,,,,,
Mert Naci Turker,TD49,TUR,,,Right-Handed,Two-Handed,1998-08-16,,,,430,"$19,262"
Yanaki Milev,M0KA,BUL,"5' 11""",1.80m,Right-Handed,Two-Handed,2004-04-15,"Plovdiv, Bulgaria",,,343,"$52,693"
Francesco Forti,F0A4,ITA,"6' 2""",1.88m,Right-Handed,Two-Handed,1999-07-26,"Cesena, Italy",,,203,"$150,415"
Daniel Cukierman,CL82,ISR,,,Right-Handed,Two-Handed,1995-07-09,"Tel Aviv, Israel",,,120,"$153,210"
Rudy Quan,Q02O,USA,,,,,,,,,,
Jules Marie,MK26,FRA,,,,,,,,,,
Leonardo Aboian,AG57,ARG,,,,,,,,,,
Sebastian Prechtel,PL38,GER,,,,,,,,,,
Ezekiel Clark,CO07,USA,,,,,,,,,,
Maxence Bertimon,B0BZ,FRA,,,,,,,,,,
Ilya Ivashka,I305,BLR,"6' 4""",1.93m,Right-Handed,,1994-02-24,"Minsk, Belarus",2013-01-01,,317,"$3,337,293"
Ivan Ivanov,I0BF,BUL,,,Right-Handed,Two-Handed,2008-10-30,"Varna, Bulgaria",2023-01-01,,2012,"$6,434"
Alejo Lorenzo Lingua Lavallen,L0DM,ARG,"5' 9""",1.75m,Left-Handed,Two-Handed,2001-03-09,"Marcos Juárez, Argentina",,,468,"$64,133"
Oliver Anderson,AD23,AUS,"5' 9""",1.75m,Right-Handed,Two-Handed,1998-04-30,"Brisbane, Australia",,,1253,"$20,735"
Gilbert Klier Junior,K0CZ,BRA,,,,,,,,,,
Felix Balshaw,B0WL,FRA,,,,,,,,,,
Naoya Honda,H0J1,JPN,,,,,,,,,,
Sidharth Rawat,RB86,IND,,,,,,,,,,
Georgii Kravchenko,K0BJ,UKR,,,,,,,,,,
Taiyo Yamanaka,Y0A8,JPN,,,,,,,,,,
Franco Ribero,R0BF,ARG,,,,,,,,,,
Iannis Miletich,M0RO,ITA,,,,,,,,,,
Jack Anthrop,A0IH,USA,,,,,,,,,,
Kaylan Bigun,B0PW,USA,"6' 0""",,Left-Handed,Two-Handed,2006-05-23,"Los Angeles, CA, U.S.",,,1740,"$37,664"
Roger Pascual Ferra,P0K3,ESP,,,,,,,,,,
Oliver Bonding,B0VF,GBR,,,,,,,,,,
Moise Kouame,K0O4,FRA,"6' 0""",,Right-Handed,,2009-03-06,Sarcelles,2025-01-01,,946,"$48,471"
Mateo Barreiros Reyes,B0E4,BRA,"5' 10""",1.78m,Left-Handed,Two-Handed,2000-12-14,"Quito, Ecuador",,,590,"$31,029"
Mwendwa Mbithi,MW69,USA,,,,,,,,,,
Filip Pieczonka,P0FU,POL,"6' 5""",1.96m,Left-Handed,Two-Handed,2004-04-09,"Gdańsk, Poland",,,221,"$22,299"
Shinji Hazawa,H0BA,JPN,"5' 9""",1.75m,Right-Handed,Two-Handed,1999-04-12,"Sanda, Japan",,,249,"$39,370"
Adrien Gobat,G0I2,FRA,,,,,,,,,,
Miles Jones,J0AI,USA,,,,,,,,,,
Kane Bonsach Ganley,B0RN,DEN,,,,,,,,,,
Ryan Fishback,F0HI,USA,,,,,,,,,,
Thiago Cigarran,C0GK,ARG,,,,,,,,,,
Constantin Bittoun Kouzmine,BU53,FRA,"5' 10""",1.78m,Left-Handed,Two-Handed,1999-01-04,"Paris, France",,,204,"$100,117"
Tomohiro Masabayashi,MV39,JPN,,,,,,,,,,
Mihai Razvan Marinescu,M0HO,ROU,,,,,,,,,,
Blu Baker,B0IF,GBR,,,,,,,,,,
Oscar Weightman,W0AX,GBR,,,,,,,,,,
Jay Dylan Hara Friend,H0JL,JPN,,,,,,,,,,
Ognjen Milic,M0UR,SRB,,,,,,,,,,
Cruz Hewitt,H0K0,AUS,"6' 2""",1.88m,Right-Handed,Two-Handed,2008-12-11,"St Leonards, New South Wales, Australia",,,1231,"$26,517"
Savriyan Danilov,D0CF,RUS,"6' 2""",1.88m,Right-Handed,Two-Handed,2000-06-03,"Moscow, Russia",,,658,"$14,276"
Victor Lilov,L0G8,USA,"6' 0""",1.83m,Right-Handed,Two-Handed,2004-02-11,"London, Ontario, Canada",,,734,"$35,714"
Matt Hulme,H0HS,AUS,"6' 3""",1.91m,Right-Handed,Two-Handed,1999-02-17,"Brisbane, Australia",,,310,"$31,529"
Alan Fernando Rubio Fierros,RH88,MEX,,,Right-Handed,,1999-02-03,,,,510,"$41,714"
Tyler Stice,S0IK,USA,,,,,,,,,,
Tai Sach,S0U5,AUS,,,,,,,,,,
Leo Raquillet,R0HQ,FRA,,,,,,,,,,
Zura Tkemaladze,T0AG,GEO,,,Right-Handed,One-Handed,2000-06-04,"Tbilisi, Georgia",,,540,"$81,635"
Samuele Pieri,P0HY,ITA,,,,,,,,,,
Giuseppe La Vela,L0DB,ITA,,,,,,,,,,
Joaquin Aguilar Cardozo,A0JW,URU,,,,,,,,,,
Stefano D'Agostino,D0D9,ITA,,,,,,,,,,
Marlon Vankan,V0BP,GER,,,,,,,,,,
Juan Ignacio Londero,LB84,ARG,"5' 11""",1.80m,Right-Handed,Two-Handed,1993-08-15,"Jesús María, Argentina",2010-01-01,,186,"$2,114,019"
Shunsuke Mitsui,M0NA,JPN,,,,,,,,,,
Patrick Brady,B0NV,GBR,,,,,,,,,,
Tomas Serrano Luis,L0CU,POR,,,,,,,,,,
Chirag Duhan,D0HI,IND,,,,,,,,,,
Jasza Szajrych,S0SD,POL,,,,,,,,,,
Tomas Curras Abasolo,CN44,ESP,,,,,,,,,,
Maximilian Homberg,H0GK,GER,,,,,,,,,,
Elgin Khoeblal,K0HT,NED,,,,,,,,,,
Samuel Heredia,H0HU,COL,,,,,,,,,,
Evgeny Philippov,P0G0,RUS,,,,,,,,,,
Juan Sebastian Osorio,O560,COL,,,,,,,,,,
Nikita Mashtakov,MW62,UKR,,,Right-Handed,Two-Handed,1999-03-18,"Donetsk, Ukraine",,,610,"$37,478"
Michael Bassem Sobhy,B0LV,EGY,,,,,,,,,,
Louis Tessa,TG42,FRA,,,,,,,,,,
Dimitris Sakellaridis,S0S9,GRE,,,,,,,,,,
Kristijan Juhas,J0BQ,SRB,,,,,,,,,,
Yassine Dlimi,D0FA,MAR,,,,,,,,,,
Georgi Georgiev,G0OF,BUL,,,,,,,,,,
Ioannis Xilas,X01C,GRE,,,,,,,,,,
Sora Fukuda,F965,JPN,,,,,,,,,,
Pawel Juszczak,CF60,POL,,,,,,,,,,
Ivan Nedelko,N561,RUS,"6' 1""",1.85m,Right-Handed,Two-Handed,1986-05-12,"Saint Petersburg, Russia",2006-01-01,,449,"$329,446"
Sebastian Fanselow,F664,GER,,,Right-Handed,,1991-12-30,"Saarlouis, Germany",,,358,"$218,313"
Yaojie Zeng,Z0C7,CHN,,,,,,,,,,
Thomas Braithwaite,B0JN,AUS,,,,,,,,,,
Alexandre Reco,R09T,FRA,,,,,,,,,,
Menelaos Efstathiou,EA31,CYP,,,Right-Handed,,1999-03-02,"Limassol, Cyprus",,,1,"$6,559"
Benjamin Thomas George,G0MH,CAN,,,,,,,,,,
Yanis Ghazouani Durand,G0LG,FRA,,,,,,,,,,
Nicolas Jadoun,J0DL,FRA,,,,,,,,,,
Niklas Schell,SZ36,GER,,,,,,,,,,
Alexander Bernard,B0I0,USA,,,,,,,,,,
Cedrik-Marcel Stebe,SK94,GER,"5' 11""",1.80m,Left-Handed,Two-Handed,1990-10-09,"Mühlacker, Germany",2010-01-01,,376,"$1,581,805"
Toby Samuel,S0TM,GBR,"6' 3""",1.91m,Right-Handed,Two-Handed,2002-09-06,"Winchester, Hampshire, United Kingdom",,,303,"$71,839"
Enzo Wallart,W749,FRA,,,,,,,,,,
Daisuke Sumizawa,S0BG,JPN,,,,,,,,,,
Arthur Nagel,N0EG,FRA,,,,,,,,,,
Matt Kuhar,K0EM,USA,,,,,,,,,,
Amit Vales,V0G2,ISR,,,,,,,,,,
Marcello Serafini,S0RF,ITA,,,,,,,,,,
Pietro Marino,M0K2,ITA,"6' 7""",2.00m,,,,,,,,
Toufik Sahtali,SY94,ALG,,,,,,,,,,
Radu David Turcanu,T0JZ,ROU,,,,,,,,,,
Aliaksandr Liaonenka,L09D,BLR,,,,,,,,,,
Juan Cruz Martin Manzano,M0R4,ITA,,,,,,,,,,
Sergio Callejon Hernando,C0P0,ESP,,,,,,,,,,
Kristjan Tamm,TG67,EST,,,Right-Handed,,1998-06-16,"Tartu, Estonia",,,694,"$33,734"
Diego Fernandez Flores,F0C4,CHI,,,,,2000-10-07,,,,589,"$48,942"
Paul Inchauspe,I0B6,FRA,,,,,,,,,,
Zoran Ludoski,L0JO,SRB,,,,,,,,,,
Alessandro Bellifemine,B0M9,ITA,,,,,,,,,,
Benjamin Torrealba,T0H5,CHI,,,,,,,,,,
Matteo Covato,C0PX,ITA,,,,,,,,,,
Lucas Marionneau,M0WZ,FRA,,,,,,,,,,
Axel Nefve,N0BA,USA,,,,,,,,,,
Lasse Poertner,P0KS,GER,,,,,,,,,,
Matyas Cerny,C0GU,CZE,,,,,,,,,,
Jan Kupcic,K0FW,SLO,,,,,,,,,,
Artur Kukasian,K0HU,RUS,,,,,,,,,,
Thomas Fancutt,FA50,AUS,"6' 2""",1.88m,Right-Handed,One-Handed,1995-02-25,"Brisbane, Australia",,,107,"$167,751"
Juan Sebastian Gomez,GB41,COL,"5' 10""",1.78m,Right-Handed,Two-Handed,1992-03-05,"Bogotá, Colombia",2009-01-01,,306,"$112,390"
Jea Moon Lee,LB78,KOR,,,Right-Handed,Two-Handed,1993-07-02,,,,431,"$42,452"
Filippo Speziali,S0JH,ITA,,,,,,,,,,
Simeon Stankovic,S1AR,SRB,,,,,,,,,,
Marcus Walters,W719,GBR,,,,,,,,,,
Brian Bozemoj,B0QL,NED,,,,,,,,,,
Duckhee Lee,LE01,KOR,"5' 9""",1.75m,Right-Handed,Two-Handed,1998-05-29,"Jecheon, South Korea",2013-01-01,,561,"$442,347"
Gregor Ramskogler,R0AY,AUT,,,,,,,,,,
Daniel De Jonge,D0CU,NED,,,,,,,,,,
Mariano Tammaro,T0G2,ITA,,,,,,,,,,
Andrea Fiorentini,F0C2,ITA,,,,,,,,,,
Maxence Rivet,R0IB,FRA,,,,,,,,,,
Niccolò Ciavarella,C0KO,ITA,,,,,,,,,,
Alexandre Aubriot,A0EU,FRA,,,,,,,,,,
Diogo Marques,M0B9,POR,,,,,,,,,,
Seydina Andre,A0IE,SEN,,,,,,,,,,
Saveliy Ivanov,I0BE,RUS,,,,,,,,,,
Alec Deckers,D0D2,NED,,,,,,,,,,
Luca Pow,P0JL,GBR,,,Left-Handed,,2005-02-01,"Solihull, England",,,458,"$33,909"
David Pichler,PI95,AUT,"6' 0""",,,,1968-09-03,"Butler, PA, United States",,,,
Thomas Deschamps,D0FY,FRA,,,,,,,,,,
Stefan Latinovic,L0C6,SRB,"6' 6""",1.98m,Right-Handed,Two-Handed,1999-11-22,"Belgrade, Serbia",2023-01-01,,221,"$17,454"
Daniil Ostapenkov,O0BR,BLR,,,Right-Handed,Two-Handed,2003-05-08,Minsk,,,409,"$8,758"
Elijah Strode,S0TB,USA,,,,,,,,,,
Alberto Bronzetti,B0G9,ITA,,,,,,,,,,
Chanyeong Oh,O527,KOR,,,,,,,,,,
Joshua Charlton,C09Y,AUS,,,Left-Handed,Two-Handed,1999-07-29,,,,209,"$24,544"
Grigoriy Lomakin,LG37,KAZ,"6' 6""",1.98m,Right-Handed,Two-Handed,1998-03-18,"Temirtau, Kazakhstan",,,189,"$96,631"
Guido Andreozzi,A887,ARG,"6' 0""",1.83m,Right-Handed,Two-Handed,1991-08-05,"Buenos Aires, Argentina",2008-01-01,,47,"$1,751,730"
Kaito Uesugi,U174,JPN,"5' 11""",1.80m,Right-Handed,Two-Handed,1995-06-02,"Sakai, Japan",,,128,"$97,582"
Blaz Rola,RA51,SLO,"6' 4""",1.93m,Left-Handed,Two-Handed,1990-10-05,"Ptuj, Slovenia",2013-01-01,,186,"$1,138,429"
Timofei Derepasko,D0L8,RUS,,,,,,,,,,
Eric Hadigian,H0E9,USA,,,,,,,,,,
Sebastian Eriksson,E0CI,SWE,"6' 0""",1.84m,,,,,,,,
Jaden Weekes,W0DP,CAN,,,,,,,,,,
Lorenzo Gagliardo,G0D4,ITA,,,,,,,,,,
Pepijn Bastiaansen,B0TK,NED,,,,,,,,,,
Enzo Kohlmann De Freitas,K0MX,BRA,,,,,,,,,,
Nino Serdarusic,SP80,CRO,"6' 3""",1.91m,Right-Handed,Two-Handed,1996-12-13,"Zagreb, Croatia",2014-01-01,,159,"$533,029"
Jumpei Yamasaki,Y235,JPN,,,,,,,,,,
Daniel Paty,P0CD,CZE,,,,,,,,,,
Bogdan Pavel,PL80,ROU,"6' 4""",1.94m,Right-Handed,Two-Handed,1999-06-11,"Pitești, Romania",,,216,"$51,739"
Mika Petkovic,P0O9,GER,,,,,,,,,,
Toby Martin,ML51,GBR,,,,,1975-08-05,"Melbourne, Victoria, Australia",,,,
Pengyu Lu,L0CS,CHN,,,,,,,,,,
Benito Sanchez Martinez,S0R2,GER,,,,,,,,,,
Kuang Qing Xu,X01D,CHN,,,,,,,,,,
Pedro Vives Marcos,V09T,ESP,,,,,,,,,,
Spencer Johnson,J0F2,USA,,,,,,,,,,
Oskari Paldanius,P0N6,FIN,,,,,2007-06-11,Germany,,,929,"$7,463"
Amir Omarkhanov,O0E7,KAZ,,,,,,,,,,
Petros Tsitsipas,TG77,GRE,"6' 1""",1.85m,Right-Handed,One-Handed,2000-07-27,,2019-01-01,,72,"$421,053"
Jan Kumstat,K0JH,CZE,,,Right-Handed,,2007-01-02,"Prostějov, Czech Republic",,,1122,"$3,797"
Ruslan Tiukaev,T0GK,RUS,,,,,,,,,,
Aristarkh Safonov,S0RL,RUS,,,,,,,,,,
Siddharth Vishwakarma,VA48,IND,,,,,,,,,,
Adil Kalyanpur,K0AB,IND,,,,,,,,,,
Adan Freire Da Silva,F0BJ,FRA,,,,,,,,,,
Attila Boros,B0MP,HUN,,,,,,,,,,
M Rifki Fitriadi,M0D4,INA,,,Right-Handed,One-Handed,1999-01-23,"Banjarmasin, Indonesia",,,1367,"$10,748"
Salvador Price,P0LG,COL,,,,,,,,,,
David Poljak,PH77,CZE,,,,,,,,,,
Marko Maksimovic,M0NO,SRB,"6' 0""",1.84m,,,,,,,,
Sheng Tang,T0A0,CHN,"6' 0""",1.83m,Right-Handed,,2000-01-28,"Nantong, China",,,543,"$20,709"
Nikola Basic,B0HD,CRO,,,,,,,,,,
Finn Bass,BU78,GBR,,,,,,,,,,
Jesse Delaney,D0BE,AUS,,,,,,,,,,
Philip Hjorth,H0CE,DEN,,,,,,,,,,
Brandon Perez,P0D4,VEN,"6' 3""",1.91m,Left-Handed,Two-Handed,2000-01-14,"Durham, NC, U.S.",,,439,"$3,444"
Gabriele Maria Noce,N724,ITA,,,,,,,,,,
Michael Zhu,Z350,USA,,,,,,,,,,
Giannicola Misasi,M0IC,ITA,,,,,,,,,,
Preston Brown,B0G6,USA,,,,,,,,,,
Kriish Tyagi,T0IL,IND,,,,,,,,,,
Alexander Kotzen,K0EL,USA,,,,,,,,,,
Cooper Woestendick,W0DW,USA,,,,,2006-11-16,,,,913,"$10,942"
Yun seong Chung,CH90,KOR,"5' 10""",1.78m,Right-Handed,,1998-03-27,"Seoul, South Korea",2017-01-01,,129,"$222,096"
Sidane Pontjodikromo,P0BE,NED,,,,,,,,,,
Daniel Siniakov,S0LT,CZE,,,,,,,,,,
Sebastian Dominko,D0I0,SLO,,,,,,,,,,
Pablo Martinez Gomez,M0O6,ESP,,,,,,,,,,
Maxim Shin,S0UU,UZB,,,,,,,,,,
Ioan Alexandru Chirita,C0JR,ROU,,,,,,,,,,
Carles Hernandez,H0DQ,ESP,,,,,,,,,,
Michel Hopp,H0GW,GER,,,,,,,,,,
Lucio Ratti,R0HP,ARG,,,,,,,,,,
Chase Ferguson,F0C0,AUS,,,,,,,,,,
Alejandro Turriziani Alvarez,T0FH,ESP,,,,,,,,,,
Aldin Setkic,SF41,BIH,"6' 3""",1.91m,Right-Handed,Two-Handed,1987-12-21,"Sarajevo, Bosnia-Herzegovina",2004-01-01,,296,"$487,489"
Andrin Casanova,C0KN,SUI,,,,,,,,,,
Jeremy Gschwendtner,G0B7,GBR,,,,,,,,,,
Justin Schlageter,S0E4,GER,,,,,,,,,,
Lorenzo Sciahbasi,S0W4,ITA,,,,,,,,,,
Charlie Camus,C0LM,FRA,,,,,,,,,,
Peter Buldorini,B0PD,IRL,,,,,,,,,,
Hayden Jones,J0D5,AUS,"5' 9""",1.75m,Right-Handed,Two-Handed,2006-08-30,"Gold Coast, Australia",,,991,
Ezequiel Monferrer,M0IG,ARG,,,,,,,,,,
Oscar Jose Gutierrez,GC17,ESP,,,,,,,,,,
Nikola Milojevic,MM66,SRB,"6' 2""",1.88m,Right-Handed,Two-Handed,1995-06-19,"Belgrade, Serbia",2013-01-01,,252,"$1,052,865"
Dylan Dietrich,D0HX,SUI,,,,,,,,,,
Franco Emanuel Egea,E858,ARG,,,,,,,,,,
Paul Barbier Gazeu,B0PY,FRA,,,,,,,,,,
Vishnu Vardhan,V505,IND,"6' 2""",1.88m,Right-Handed,Two-Handed,1987-07-27,"Secunderabad, India",2008-01-01,,92,"$268,431"
Marcel Zielinski,Z0C9,POL,,,,,,,,,,
Aoran Wang,W741,CHN,,,Right-Handed,,1997-02-05,,,,236,"$111,496"
Shunsuke Nakagawa,N0CT,JPN,,,,,,,,,,
Oscar Moraing,M0ES,GER,,,,,,,,,,
Pablo Trochu,T0HS,FRA,,,,,,,,,,
Illya Beloborodko,B0DJ,UKR,,,Right-Handed,,2001-05-07,,,,483,"$38,889"
Lorenzo Lorusso,L0G4,ITA,,,,,,,,,,
Younes Lalami Laaroussi,L0CK,MAR,"6' 2""",1.88m,Right-Handed,Two-Handed,2001-04-18,"Montreal, Quebec, Canada",,,849,"$6,119"
Gian Marco Ortenzi,O0AX,ITA,,,,,,,,,,
Fernando Cavallo,C0O4,ARG,,,,,,,,,,
Daniil Sarksian,S0YB,ARM,,,,,,,,,,
Juan Bautista Otegui,O09S,ARG,,,,,,,,,,
Arthur Bonnaud,B0LS,FRA,,,,,,,,,,
Sungbeen Sim,S0JW,KOR,,,,,,,,,,
Evan Bynoe,B0MR,USA,,,,,,,,,,
Nathan Ponwith,PH67,USA,,,,,,,,,,
Riccardo Bonadio,BI47,ITA,"5' 11""",1.80m,Right-Handed,One-Handed,1993-07-13,"San Vito al Tagliamento, Italy",,2024-01-01,278,"$455,013"
Devin Badenhorst,B0IZ,RSA,,,,,,,,,,
Harrison Adams,AB54,USA,,,,,,,,,,
Nam Hoang Ly,LD22,VIE,"5' 9""",1.75m,Right-Handed,Two-Handed,1997-02-25,"Gò Dầu, Tây Ninh, Vietnam",,,415,"$125,822"
Adam Neff,N0BE,USA,,,Right-Handed,,2001-05-30,"Bradenton, FL, United States",,,,"$12,285"
Pietro Romeo Scomparin,S0I7,ITA,,,,,,,,,,
Peter Heller,HA33,GER,,,,,,,,,,
Adrian Bodmer,BK12,SUI,"5' 11""",1.80m,Right-Handed,One-Handed,1995-03-06,"Wil, Switzerland",,,292,"$58,147"
Mario Martinez Serrano,M0XA,ESP,,,,,,,,,,
Milan Welte,W0AN,GER,,,,,2001-06-30,,,,875,"$30,255"
Derek Pham,P0KJ,AUS,,,,,,,,,,
Martin Borisiouk,B0A1,BLR,,,,,,,,,,
Ryotero Matsumura,MM67,JPN,,,,,,,,,,
Collin Altamirano,AC84,USA,"6' 2""",,Right-Handed,Two-Handed,1995-12-07,"Sacramento, California",2017-01-01,,458,"$192,227"
Jesse Flores,F902,CRC,"6' 2""",1.88m,Right-Handed,Two-Handed,1995-03-31,"Oakville, Ontario, Canada",,,484,"$24,878"
Leo Deflandre,D0J9,FRA,,,,,,,,,,
Simon Beaupain,B0C3,BEL,,,,,,,,,,
Jeffrey Von Der Schulenburg,V0E3,SUI,,,,,,,,,,
Matteo De Vincentis,DH35,ITA,,,,,,,,,,
Patrick Kaukovalta,KH41,FIN,,,,,,,,,,
Alen Mujakic,M0I5,GER,,,,,,,,,,
Ishaque Eqbal,E0AB,IND,,,,,,,,,,
Carlos Maria Zarate,Z0DA,ARG,,,,,,,,,,
Aleksa Pisaric,P0IM,SRB,,,,,,,,,,
Karol Filar,F0HN,POL,,,,,,,,,,
Phillip Jordan,J0DK,USA,"5' 11""",1.80m,,,,"Spartanburg, SC, USA",,,,
Manuel Plunger,P0LN,ITA,,,,,,,,,,
Mika Lipp,L0GJ,GER,,,,,,,,,,
Martyn Pawelski,P0IG,POL,,,,,,,,,,
Rares Teodor Pieleanu,P0MS,ROU,,,,,,,,,,
Jacopo Bilardo,B0PH,ITA,,,,,,,,,,
Sam Ryan Ziegann,R0DP,AUS,,,,,,,,,,
Nitin Kumar Sinha,SY50,IND,,,,,,,,,,
Valentin Basel,B0NF,ARG,,,,,,,,,,
Pavlos Tsitsipas,T0GE,GRE,,,,,,,,,,
Zhe Li,L733,CHN,,,,,,,,,,
Stian Klaassen,K0LP,NED,,,,,,,,,,
Carl Emil Overbeck,O0BI,DEN,,,,,,,,,,
Aleksa Ciric,C0FJ,SRB,,,,,,,,,,
Joshua Lapadat,L0DK,CAN,,,,,,,,,,
Cezar Gabriel Papoe,P0MT,ROU,,,,,,,,,,
Tymur Bieldiugin,B0SW,UKR,,,,,,,,,,
Rishab Agarwal,AF41,IND,,,,,,,,,,
Mikhail Gorokhov,G0I4,RUS,,,,,,,,,,
Isaac Becroft,B0HY,NZL,"5' 11""",1.80m,Right-Handed,,2000-10-29,Wanganui,,,938,"$17,010"
Kacper Szymkowiak,S0ZF,POL,,,,,,,,,,
Tomas Martinez,M0QQ,ARG,,,,,,,,,,
Rafael De Alba,D0JM,MEX,,,,,,,,,,
Ronald Hohmann,H0CU,USA,,,,,,,,,,
Joao Vitor Goncalves Ceolin,GJ90,BRA,,,,,,,,,,
Deney Wassermann,W0BD,NED,,,,,,,,,,
Nicolas Bruna,BU64,CHI,,,,,,,,,,
Mikael Arseneault,A0K4,CAN,,,,,,,,,,
Kuzey Cekirge,C0B9,TUR,,,,,,,,,,
Corban Crowther,C0I5,NZL,,,,,,,,,,
Charles Chen,C0Q4,CHN,,,,,,,,,,
Yuvan Nandal,N0FH,IND,,,,,,,,,,
Izan Almazan Valiente,A0KQ,ESP,,,,,,,,,,
Hugo Pierre,PM20,FRA,,,,,,,,,,
Noah Perfetti,P0JK,ITA,,,,,,,,,,
Mohamed Nazim Makhlouf,MN49,ALG,,,,,,,,,,
Justin Barki,B0C7,INA,,,Left-Handed,Two-Handed,2000-05-26,,,,403,
Rohan Murali,M0OR,USA,,,,,,,,,,
Lucas Renard,RB49,SWE,,,,,,,,,,
Lui Maxted,M0NJ,GBR,"5' 11""",1.80m,Right-Handed,One-Handed,2003-12-02,"Worthing, England",,,764,"$12,276"
Enzo Aguiard,A0KU,AUS,,,,,,,,,,
Niccolo Baroni,B0JL,ITA,,,,,,,,,,
Christopher Li,L0DO,PER,,,,,,,,,,
Guy Orly Iradukunda,I327,BDI,,,Right-Handed,,1996-03-21,"Gitega, Burundi",,,552,"$29,668"
Alexander Rozin,R0KK,CAN,,,,,,,,,,
Christopher Bulus,B0CI,NGR,,,,,,,,,,
Keegan Rice,R0JI,CAN,,,,,,,,,,
Antoine Hoang,HA71,FRA,"6' 0""",1.83m,Right-Handed,Two-Handed,1995-11-04,"Hyères, France",,,132,"$1,086,156"
Cengiz Aksu,A0AN,TUR,,,,,,,,,,
Jack Loutit,L0IP,NZL,,,,,,,,,,
Finn Murgett,M0HY,GBR,,,,,,,,,,
Chen Dong,D0FN,AUS,,,,,,,,,,
Adam Jilly,J0EI,HUN,,,,,,,,,,
Manish Sureshkumar,SY74,IND,,,,,,,,,,
Alexander Stater,S0Z6,USA,,,,,,,,,,
Matisse Bobichon,B0PN,FRA,,,,,,,,,,
Benjamin Winter Lopez,W09X,ESP,,,,,,,,,,
Vuk Radjenovic,R0IO,SRB,,,,,,,,,,
Antoine Berger,B0H9,FRA,,,,,,,,,,
Aaron Funk,F0HU,GER,,,,,1975-01-11,"Winnipeg, Manitoba",,,,
Ryan Dickerson,D0IN,USA,,,,,,,,,,
Sasa Markovic,M0R8,SRB,,,,,,,,,,
Leonardo Malgaroli,M0N4,ITA,,,,,,,,,,
Nico Hipfl,H0I7,AUT,,,Right-Handed,Two-Handed,2006-04-03,,,,747,"$6,514"
Matthias Ujvary,U0A3,AUT,,,,,,,,,,
Stefan Vujic,VA31,AUS,,,,,,,,,,
Noah Thurner,T0DN,GER,,,,,,,,,,
Ali Habib,H0GC,GBR,,,,,1939-01-01,"Tartus, Syria",,,,
Keshav Chopra,C0GG,USA,"6' 1""",1.85m,Right-Handed,Two-Handed,2001-10-24,,,,1975,"$2,600"
Gokberk Saritas,S0NY,TUR,,,,,,,,,,
Boris Butulija,BV08,SRB,,,,,,,,,,
Lucas Andrade Da Silva,A0L6,BRA,,,,,,,,,,
Ilgiz Valiev,V0CD,RUS,,,,,,,,,,
Jirat Navasirisomboon,N831,THA,"5' 9""",1.75m,Right-Handed,Two-Handed,1996-11-17,"Bangkok, Thailand",,,1250,"$11,416"
Nicolas Zanellato,Z0BY,BRA,,,,,,,,,,
Dominique Rolland,R0KI,USA,,,,,,,,,,
Arklon Huertas Del Pino Cordova,H0C9,PER,"6' 0""",1.83m,Right-Handed,Two-Handed,1994-07-16,"Lima, Peru",,,174,"$109,201"
Liam Branger,B0M0,FRA,,,,,,,,,,
Marcel Kamrowski,K0I7,POL,,,,,,,,,,
Cesar Bouchelaghem,B0ME,FRA,,,,,,,,,,
Tim Ruehl,RH45,GER,"6' 0""",1.83m,Right-Handed,Two-Handed,1998-03-31,"Waldshut-Tiengen, Germany",,,195,"$32,506"
Vito Tonejc,T0HM,CRO,,,,,,,,,,
Vesa Ahti,A0G9,FIN,,,,,,,,,,
Thantub Suksumrarn,S0MJ,THA,,,Right-Handed,Two-Handed,2001-05-18,"Lopburi, Thailand",,,879,"$18,797"
Yuto Oki,O0E1,JPN,,,,,,,,,,
Pavel Verbin,V0E0,RUS,,,,,,,,,,
Daniel Salazar,S0GM,COL,,,,,,,,,,
Yannik Kelm,K0J9,GER,,,,,,,,,,
Adam Heinonen,H0D1,SWE,"6' 2""",1.88m,Right-Handed,One-Handed,2002-08-22,"Växjö, Sweden",,,270,"$28,383"
Mark Whitehouse,W716,GBR,"6' 2""",,Right-Handed,,1993-05-01,"Reigate, England",,,222,
Alan Bojarski,B0JF,POL,,,,,,,,,,
Giorgio Tabacco,T0FK,ITA,,,,,,,,,,
Luc Fomba,FC50,FRA,,,,,,,,,,
Max Schoenhaus,S0VU,GER,,,Right-Handed,One-Handed,2007-08-01,"Soest, Germany",,,1172,"$9,227"
Charles Bertimon,B0C4,FRA,,,,,,,,,,
Hanyi Liu,L0BU,CHN,,,,,,,,,,
Maximo Zeitune,Z0CO,ARG,,,,,,,,,,
Rafael Izquierdo Luque,I09U,ESP,,,,,,,,,,
Denis Petak,P0M4,CZE,,,,,,,,,,
Francesco Ferrari,FB59,ITA,,,,,,,,,,
Tristan Stringer,S1AP,USA,,,,,,,,,,
Nicolas Villalon,V0F6,CHI,,,,,,,,,,
Leyton Rivera,R0EW,NOR,"6' 0""",1.83m,Right-Handed,Two-Handed,2001-10-28,"Kristianstad, Sweden",,,1330,"$30,364"
Bastian Malla,MM24,CHI,,,,,,,,,,
Thijs Boogaard,B0T6,NED,,,,,,,,,,
Lorenzo Claverie,C0JV,ITA,,,,,,,,,,
Artem Dubrivnyy,DG97,RUS,"6' 0""",1.83m,Right-Handed,Two-Handed,1999-01-31,"Taganrog, Russia",,,456,"$40,724"
Evgeny Donskoy,D864,RUS,"6' 1""",1.85m,Right-Handed,Two-Handed,1990-05-09,"Moscow, Russia",2007-01-01,,161,"$3,426,092"
Liam Gavrielides,G0GZ,GER,,,,,,,,,,
Ryo Tabata,T0K1,JPN,,,,,,,,,,
Jack Kennedy,K0NP,USA,,,,,1917-05-29,"Brooklyne, MA, USA",,,,
Novak Novakovic,N0DH,SRB,,,,,,,,,,
Benjamin Willwerth,W0FH,USA,,,,,,,,,,
Cleeve Harper,H0D9,CAN,"6' 0""",1.83m,Right-Handed,Two-Handed,2000-12-24,"Calgary, Canada",,,91,"$58,579"
Antoine Vincent,V0CG,FRA,,,,,,,,,,
Igor Kudriashov,K0GA,RUS,,,,,,,,,,
Charlie Robertson,R0K9,GBR,,,,,,,,,,
Karlis Ozolins,O0BQ,LAT,,,,,,,,,,
Thando Longwe-Smit,L0CO,RSA,,,,,,,,,,
Luke Simkiss,S0AO,GBR,,,,,,,,,,
Andres Fernandez Canovas,FC00,ESP,,,,,,,,,,
Dimitris Azoidis,A0C5,GRE,,,,,,,,,,
Mariano Dedura-Palomero,D0KU,GER,,,,,,,,,,
Romain Faucon,F0F0,BEL,,,,,,,,,,
Alejandro Juan Mano,J0DG,ESP,,,,,,,,,,
Bekkhan Atlangeriev,A0E6,RUS,,,,,,,,,,
Niels Lootsma,LE38,NED,"6' 4""",1.93m,Right-Handed,Two-Handed,1994-08-15,"Groningen, Netherlands",,,252,"$42,350"
Nikola Slavic,S0KG,SWE,,,,,,,,,,
Kasra Rahmani,R0K4,IRI,,,,,,,,,,
Loic Namigandet Tenguere,N0F3,FRA,,,,,,,,,,
Ioannis Kountourakis,K0HE,GRE,,,,,,,,,,
Andrea Paolini,P0L6,ITA,,,,,,,,,,
Mateo Castañeda,C0LG,COL,,,,,,,,,,
Andreas Timini,T0I0,CYP,,,,,,,,,,
Yuichiro Inui,I416,JPN,,,,,,,,,,
Xing Dao Chen,C0PK,CHN,,,,,,,,,,
Zhenxiong Dong,D0C3,CHN,,,,,,,,,,
Ricardo Rodriguez - Pace,RB00,VEN,"6' 2""",,Right-Handed,Two-Handed,1993-04-28,"Caracas, Venezuela",2012-01-01,,521,"$134,929"
Issei Okamura,O498,JPN,,,,,,,,,,
Koray Kirci,KI91,TUR,,,Right-Handed,Two-Handed,1998-08-17,,,,855,"$15,261"
Manel Lazaro Juncadella,L0KR,ESP,,,,,,,,,,
Luca Fantini,F0E4,ITA,,,,,,,,,,
Nicolas Ifi,I0BR,BEL,,,,,,,,,,
Jeremy Schifris,S0KH,GER,,,,,,,,,,
Filip Krajinovic,KB05,SRB,"6' 1""",1.85m,Right-Handed,Two-Handed,1992-02-27,"Sombor, Serbia",2008-01-01,2024-01-01,201,"$6,181,367"
Cosme Rolland De Ravel,R0KE,FRA,,,,,,,,,,
Seita Watanabe,W0AJ,JPN,"5' 11""",1.80m,Right-Handed,Two-Handed,2000-12-25,"Fukushima, Japan",,,173,"$29,083"
Mehdi Benchakroun,B0M1,MAR,,,,,,,,,,
Hugo Coquelin,C0RC,GBR,,,,,,,,,,
Alejandro Arcila,A0LQ,COL,,,,,,,,,,
Tom Hands,H0D8,GBR,,,,,,,,,,
Nicola Kuhn,KI74,GER,"6' 1""",1.85m,Right-Handed,Two-Handed,2000-03-20,"Innsbruck, Austria",2017-01-01,,287,"$466,636"
Nicolas Parizzia,PM12,SUI,,,,,,,,,,
Fermin Tenti,T0AF,ARG,,,,,,,,,,
Calin Teodor Stirbu,S0WK,ROU,,,,,,,,,,
Alessio Vasquez,V0EV,GER,,,,,,,,,,
Ray Ho,H0AG,TPE,"6' 2""",1.88m,Left-Handed,Two-Handed,2000-02-13,,,,92,"$124,410"
Adit Sinha,S0RD,USA,,,,,,,,,,
Viktor Jovic,J0CM,SRB,,,,,,,,,,
Filippo Alberti,A0LW,ITA,,,,,,,,,,
Gage Brymer,BP44,USA,,,,,,,,,,
Joshua Peck,PM28,CAN,,,,,1986-11-10,"New York City, NY, USA",,,,
Alessandro Spadola,S0JY,ITA,,,,,,,,,,
Yshai Oliel,O674,ISR,"6' 2""",1.88m,Left-Handed,Two-Handed,2000-01-05,"Ramla, Israel",,,809,"$86,572"
Luca Wiedenmann,W09T,GER,,,,,,,,,,
Julian Cundom,C0H5,ARG,,,,,,,,,,
Benjamin Hannestad,HH01,DEN,,,Right-Handed,Two-Handed,1997-02-14,"Copenhagen, Denmark",,,644,"$13,534"
Iker Urribarrens Ramirez,U09T,ESP,,,,,,,,,,
Valentin Lapalu,L0EV,FRA,,,,,,,,,,
Makoto Ochi,O664,JPN,,,,,,,,,,
Ignasi Forcano Aparicio,F0HR,ESP,,,,,,,,,,
Pranav Kumar,K0JS,USA,,,,,,,,,,
Ethan Cook,C0MS,AUS,,,,,,,,,,
Mathieu Scaglia,S09B,FRA,,,,,,,,,,
Qian Sun,S0JV,CHN,,,,,,,,,,
Ignacio Antonio Becerra Otarola,B0EZ,CHI,,,,,,,,,,
David Fix,F0FH,GER,,,,,,,,,,
Federico Aguilar Cardozo,A0K2,URU,,,,,,,,,,
Manvydas Balciunas,B0W4,NED,,,,,,,,,,
Fadi Bidan,B0U0,LBN,,,,,,,,,,
Samuele Seghetti,S0VZ,ITA,,,,,,,,,,
Juan Jose Bianchi,B0VT,VEN,,,,,,,,,,
Alexander Petrov,P0J3,BUL,,,,,,,,,,
Daniele Rapagnetta,R0KM,ITA,,,,,,,,,,
Reese Stalder,SY72,USA,"6' 0""",1.83m,Right-Handed,Two-Handed,1996-11-12,"Newport Beach, United States",2019-01-01,,60,"$219,767"
Vasek Pospisil,PD07,CAN,"6' 4""",1.93m,Right-Handed,Two-Handed,1990-06-23,"Vernon, British Columbia, Canada",2007-01-01,,4,"$7,141,194"
Henri Laaksonen,L949,SUI,"6' 1""",1.85m,Right-Handed,Two-Handed,1992-03-31,"Lohja, Finland",2009-01-01,,191,"$2,379,345"
Leo Raquin,R0M6,FRA,,,,,,,,,,
Noah Zamora,Z0CE,USA,,,,,,,,,,
Nicolas Ian Kotzen,K0LX,USA,,,,,,,,,,
Cing-Yang Meng,MR77,TPE,,,,,,,,,,
Jagger Leach,L0MB,USA,,,,,2007-06-10,,,,,
Damien Salvestre,S0F4,FRA,,,,,,,,,,
Karim Bennani,B0QQ,MAR,,,,,1936-01-02,"Fez, Morocco",,,,
Tiago Torres,T0CN,POR,,,,,,,,,,
Luca Giacomini,GK24,ITA,,,,,,,,,,
Geun Jun Kim,K0DV,KOR,,,,,,,,,,
Gian Gruenig,G0IM,SUI,,,,,,,,,,
Vladan Tadic,T0E2,BIH,,,,,,,,,,
Samuel Brosset,B0DQ,FRA,,,,,,,,,,
Jarno Jans,J0C2,NED,,,,,,,,,,
Pieter De Lange,D0LK,NED,,,,,,,,,,
Vit Kalina,K0LG,CZE,,,,,,,,,,
Leonardo Cattaneo,C0R1,ITA,,,,,,,,,,
Nicaise Muamba,MW37,CAN,,,,,,,,,,
Alessio Basile,B0QB,BEL,,,,,,,,,,
Vlad Cristian Breazu,B0P7,ROU,,,,,,,,,,
Admir Kalender,K0C5,CRO,"6' 4""",,,,2001-01-12,"Umag, Croatia",,,460,"$25,554"
Alberto Odiseo Alvarado Berrospi,A0FR,PER,,,,,,,,,,
Bharath Nishok Kumaran,K0BI,IND,,,,,,,,,,
Sekou Bangoura,BH02,USA,"6' 0""",1.83m,Right-Handed,,1991-11-18,"Bradenton, FL, United States",2011-01-01,,147,"$311,184"
Jackson Ross,R0LH,USA,,,,,,,,,,
Yua Taka,T0IX,JPN,,,,,,,,,,
Mikail Alimli,A0HK,FRA,,,,,,,,,,
Szymon Kielan,K0HB,POL,"6' 6""",1.98m,Right-Handed,Two-Handed,2002-11-21,"Łódź, Poland",,,290,"$39,983"
Markus Molder,M0W0,EST,,,,,,,,,,
François Musitelli,M0HB,FRA,,,,,,,,,,
Alp Horoz,HB18,TUR,,,,,,,,,,
Alexis Canter,CN64,GBR,,,,,,,,,,
Billy Suarez,S1BV,USA,,,,,,,,,,
Rocco Valente,V0HB,ARG,,,,,,,,,,
Credit Chaiyarin,C0H9,THA,,,,,,,,,,
Drew Van Orderlain,V948,USA,,,,,,,,,,
Bruno Fernandez,F0FL,BRA,,,,,,,,,,
Gabriele Bosio,B0G4,ITA,,,,,,,,,,
Aleksander Chayka,C0NI,RUS,,,,,,,,,,
Fabien Salle,SZ32,FRA,,,,,,,,,,
Reece Falck,F0E0,NZL,,,,,,,,,,
Matteo Fondriest,F0GU,ITA,,,,,,,,,,
Ivan Denisov,D09V,RUS,,,,,,,,,,
Lawrence Bataljin,BM09,AUS,,,,,,,,,,
Daniel Khazime,K0M7,RUS,,,,,,,,,,
Lorenzo Angelini,A0HZ,ITA,,,,,,,,,,
Sean Hess,H0GJ,ARG,,,,,,,,,,
Yuquan Jin,J0AK,CHN,,,,,,,,,,
Jonathan Eysseric,E678,FRA,"5' 11""",1.80m,Left-Handed,Two-Handed,1990-05-27,"Saint-Germain-en-Laye, France",2008-01-01,,72,"$803,947"
Teymuraz Gabashvili,G681,RUS,"6' 1""",1.85m,Right-Handed,Two-Handed,1985-05-23,"Tbilisi, Georgia",2001-01-01,,101,"$4,231,460"
Andres Gabriel Ciurletti,CN39,ITA,,,,,,,,,,
Gabriel Donev,DC83,BUL,"5' 11""",1.80m,Right-Handed,Two-Handed,1996-06-29,"Sliven, Bulgaria",,,533,"$47,861"
Niels Peter Van Noord,V0C2,CAN,,,,,,,,,,
Hugo Car,C0RI,FRA,,,,,,,,,,
Vasco Leote Prata,L0FZ,POR,,,,,,,,,,
Stepan Baum,B0MF,CZE,,,,,,,,,,
Suk Hyun Choo,C0GW,KOR,,,,,,,,,,
Matyas Fuele,F09U,HUN,,,,,,,,,,
Joaquin Guilleme,G0OS,NCA,,,,,,,,,,
Christian Djonov,D0KA,GER,,,,,,,,,,
Dylan Salton,S0N4,RSA,,,,,,,,,,
Romain Gales,G0GF,FRA,,,,,,,,,,
Alejandro Garcia Carbajal,G0BJ,ESP,,,,,,,,,,
Khololwam Montsi,M0FN,RSA,,,,,,,,,,
Alexander Vasilev,V0GR,BUL,,,,,,,,,,
Antoine Bellier,BP41,SUI,"6' 5""",1.96m,Left-Handed,One-Handed,1996-10-18,"Geneva, Switzerland",2014-01-01,2024-01-01,331,"$349,991"
Maikel De Boes,D0HB,BEL,,,,,,,,,,
Shu Matsuoka,M0RC,JPN,,,,,,,,,,
Ignacio Carou,C09G,URU,"5' 11""",1.81m,Right-Handed,Two-Handed,1999-07-12,"Buenos Aires, Argentina",,,244,$48540
Jean-Christian Morandais,M0QV,GUD,,,,,,,,,,
William Jansen,J0CT,GBR,,,,,,,,,,
Rodrigo Fernandes,F0HB,POR,"6' 0""",1.84m,,,,,,,,
Madhwin Kamath,K0HM,IND,,,,,,,,,,
Lorenzo Beraldo,B0QK,ITA,,,,,,,,,,
Jonas Kucera,K0K5,CZE,,,,,,,,,,
Yvo Panak,PI06,CZE,,,,,,,,,,
Dax Donders,D0C2,NED,,,,,,,,,,
Scott Jones,J0A6,AUS,,,,,,,,,,
Amir Milushev,M0U1,UZB,,,,,,,,,,
Edoardo Zanada,Z0BH,ITA,,,,,,,,,,
Oskar Grzegorzewski,G0MB,POL,,,,,,,,,,
Martin Sabas,S0RH,FRA,,,,,,,,,,
Luciano Carraro,C0C5,ITA,,,,,,,,,,
Liam Krall,K0IR,USA,"6' 2""",1.89m,Right-Handed,Two-Handed,2002-05-20,"Bronxville, NY, United States",,,,"$2,384"
Jorge Plans,P0E2,ESP,,,,,,,,,,
Richard Zusman,Z0B7,USA,,,,,,,,,,
Vincent Marysko,M0V7,GER,,,,,,,,,,
Markus Malaszszak,M0VH,THA,,,,,,,,,,
Stijn Pel,P0GF,NED,,,,,,,,,,
Ryota Tanuma,TG46,JPN,,,,,,,,,,
Matthew Thomson,T0BH,USA,,,,,2000-05-28,,,,,$90
Noel Larwig,L0CH,GER,,,,,,,,,,
Karim-Mohamed Maamoun,MJ70,EGY,"5' 9""",1.75m,Right-Handed,Two-Handed,1991-04-09,"Cairo, Egypt",,,224,"$98,772"
Anas Mazdrashki,M0WL,BUL,,,,,,,,,,
Miljan Zekic,Z246,SRB,"6' 1""",1.85m,Right-Handed,,1988-07-12,"Belgrade, Serbia",2006-01-01,,269,"$416,635"
Rafael Kis Balazs,K0H9,HUN,,,,,,,,,,
Edison Ambarzumjan,A0I9,GER,,,,,,,,,,
Alan Raul Sau Franco,S0BB,MEX,,,,,,,,,,
Kody Pearson,PL69,AUS,,,,,,,,,,
Yeong-Seok Jeong,J09J,KOR,,,,,,,,,,
Gabor Hornung,H0I8,HUN,,,,,,,,,,
Filip Krolo,K0FO,GER,,,,,,,,,,
Joao Victor Couto Loureiro,L0G5,BRA,,,,,,,,,,
Marc Majdandzic,M0V5,GER,,,,,,,,,,
Louis Van Herck,V0AS,LUX,,,,,,,,,,
Gabriele Vulpitta,V0HM,ITA,,,Right-Handed,,2005-06-05,,,,,
Tanguy Genier,G0EN,SUI,,,,,,,,,,
Nicolas Buitrago,B0MG,COL,,,,,,,,,,
Giacomo Crisostomo,C0MO,ITA,,,,,,,,,,
Piet Luis Pinter,P0NT,AUT,,,,,,,,,,
Amador Salazar,S0KY,CHI,,,,,,"Cuernavaca, Morelos, Mexico",,,,
Michael Gloeckler,G0EI,AUT,,,,,,,,,,
Tadeo Meneo,M0VX,ARG,,,,,,,,,,
Hernando Jose Escurra Isnardi,E09U,PAR,,,,,,,,,,
Lucca Pinto,P0IU,BRA,,,,,,,,,,
Pietro Pampanin,P0HL,ITA,,,,,,,,,,
Maximilian Figl,F0FB,ITA,,,,,,,,,,
Sergi Fita Juan,F0GO,ESP,,,,,,,,,,
Niklas Waldner,W0BR,AUT,,,,,,,,,,
Karim Ibrahim,I0B3,EGY,,,,,,,,,,
Blake Bayldon,B0NU,AUS,"6' 0""",1.83m,Left-Handed,Two-Handed,1998-12-07,"Sydney, Australia",,,137,"$33,752"
Gianluca Brunkow,B0N0,USA,,,,,,,,,,
Francisco Cabral,CL84,POR,"6' 3""",1.91m,Right-Handed,Two-Handed,1997-01-08,"Porto, Portugal",,,45,"$579,162"
Connor Thomson,T0B0,GBR,"6' 1""",1.85m,Right-Handed,One-Handed,2001-01-16,"Paisley, Scotland",,,290,"$21,899"
Markos Kalovelonis,KD48,GRE,"6' 4""",1.93m,Right-Handed,,1994-05-18,"Marousi, Greece",2012-01-01,,178,"$161,018"
Alex Kuperstein,K0KK,USA,,,,,,,,,,
Thai-Son Kwiatkowski,KD35,USA,"6' 2""",1.88m,Right-Handed,Two-Handed,1995-02-13,"Charlotte, North Carolina",2017-01-01,,232,"$538,880"
Aleksi Lofman,L0DG,FIN,,,,,,,,,,
Amirkhamza Nasridinov,N0FB,RUS,,,,,,,,,,
Rodrigo Crespo Piedra,C0I8,CRC,,,,,,,,,,
Filip Duda,D0A3,CZE,,,,,,,,,,
Illya Marchenko,ME89,UKR,"6' 1""",1.85m,Right-Handed,Two-Handed,1987-09-08,"Dniprodzerzhynsk, Ukraine",2006-01-01,,268,"$2,486,101"
Joris Moret,M0JS,FRA,,,,,,,,,,
Evan Burnett,B0TL,USA,,,,,,,,,,
Corey Craig,C0R0,USA,,,,,,,,,,
Bryce Nakashima,N0DR,USA,,,Right-Handed,Two-Handed,2004-02-20,,,,632,"$14,482"
Jelani Sarr,S0U0,USA,,,,,,,,,,
Noa Vukadin,V0ES,CRO,,,,,,,,,,
Thomas Laurent,LI11,FRA,,,,,1998-04-05,"La Roche-sur-Yon, France",,,,
Julian Ocleppo,O507,ITA,,,Right-Handed,Two-Handed,1997-08-01,"Monte Carlo, Monaco",,,167,"$123,125"
Pierre Antoine Faut,F0J3,FRA,,,,,,,,,,
Moritz Kudernatsch,K0IV,GER,,,,,,,,,,
Taym Al Azmeh,A0HM,GER,,,,,,,,,,
Matias Franco Descotte,DB93,ARG,"6' 3""",1.91m,Right-Handed,Two-Handed,1994-08-29,"Buenos Aires, Argentina",,,252,"$151,605"
David Naharro,N0EK,ESP,,,,,,,,,,
Ofek Shimanov,S0V8,ISR,,,,,,,,,,
Pedro Rodenas,R0H2,ESP,,,,,,,,,,
Ryan Augusto Dos Santos,A0IQ,BRA,,,,,,,,,,
Rethin Pranav Senthil Kumar,S19T,IND,,,,,,,,,,
Conor Gannon,G0G4,IRL,"6' 2""",,Right-Handed,Two-Handed,2002-06-06,"Dublin, Ireland",,,1,"$3,414"
Edoardo Lavagno,LI03,ITA,,,,,,,,,,
Christian Lerby,L0B4,NED,,,,,,,,,,
Lucca Liu,L0M6,USA,,,,,,,,,,
Kase Schinnerer,S1CY,USA,,,,,,,,,,
Fernando Yamacita,Y223,BRA,,,,,,,,,,
Aleksei Mokrov,M0UM,RUS,,,,,,,,,,
Giulio Perego,P0GE,ITA,,,,,,,,,,
Nathan Trouve,T0FW,FRA,,,,,,,,,,
Aayush P. Bhat,B0SR,USA,,,,,,,,,,
Sarp Agabigun,AD04,TUR,"5' 10""",1.78m,Right-Handed,Two-Handed,1997-06-12,"Istanbul, Turkey",,,322,"$75,503"
Anas Bennour Dit Sahli,B0UY,TUN,,,,,,,,,,
Louis Herman,H0B3,BEL,,,,,,,,,,
Ondrej Horak,H0DS,CZE,,,,,,,,,,
Jan Klimas,K0O5,CZE,,,,,,,,,,
Noah Schlagenhauf,S0SN,GER,,,,,,,,,,
Lingxi Zhao,Z0A2,CHN,,,Left-Handed,,2000-01-07,"Tianjin, China",,,1087,"$1,698"
David Eichenseher,E0DX,GER,,,,,,,,,,
Valentin Garay,G0LF,ARG,,,,,,,,,,
Junhyeon Lee,L0E5,KOR,,,,,,,,,,
Enzo Camargo Lima,C0JU,BRA,,,,,,,,,,
Julien De Cuyper,D0CQ,FRA,,,,,,,,,,
Artem Bogomolov,B0X3,RUS,,,,,,,,,,
Ivan Gretskiy,G0O5,RUS,,,,,,,,,,
Sebastian Grundtvig Jorgensen,J0F8,DEN,,,,,,,,,,
Natan Rodrigues,R0EK,BRA,,,,,,,,,,
Gabriel Evans,E0CK,USA,,,,,,,,,,
Jan Kobierski,K0HA,AUT,,,,,,,,,,
Oliver Okonkwo,O0BC,GBR,,,,,,,,,,
Rayane Oumaouche,O09N,FRA,,,,,,,,,,
Daniel Verbeek,V0GK,NED,,,,,,,,,,
Siddhant Banthia,B0A2,IND,"5' 11""",1.80m,,,2000-08-04,"Pune, India",,,198,"$6,173"
Nathan Anthony Barki,B0QD,INA,,,,,,,,,,
Andrea De Marchi,D0JZ,ITA,,,,,,,,,,
Nikola Djosic,D0JH,SUI,,,,,,,,,,
Jonas Pelle Hartenstein,H0I0,GER,,,,,,,,,,
Patrik Oplustil,O0CY,CZE,,,,,,,,,,
Raphael Vaksmann,V0I5,FRA,,,,,,,,,,
Sydney Zick,Z0CR,GER,,,,,,,,,,
Ezequiel Simonit,S0NO,ARG,,,,,,,,,,
Rafael Tosetto,T0CH,BRA,,,,,,,,,,
Mousa Alkotop,A0D2,JOR,,,,,,,,,,
Lewie Lane,L0BY,GER,,,,,,,,,,
Hoyoung Roh,R0J1,KOR,,,,,,,,,,
Fred Simonsson,SP25,SWE,"6' 1""",,Right-Handed,,1994-11-27,"Lidingö, Sweden",2012-01-01,,195,"$63,441"
Jake Van Emburgh,V0CS,USA,,,,,,,,,,
Valentin Kopeikin,K0MI,RUS,,,,,,,,,,
Gorazd Srbljak,S09K,MKD,,,,,,,,,,
Joe Leather,L0KL,GBR,,,,,,,,,,
Daniel Batista,B0BJ,POR,"6' 1""",1.85m,,,,,,,,
Alessandro Battiston,B0TF,ITA,,,,,,,,,,
Parth Aggarwal,AG64,IND,,,,,,,,,,
Ian Luca Cervantes Tomas,C0HN,MEX,,,,,,,,,,
Nikos Lehmann,L0HQ,ARG,,,,,,,,,,
Filippo Mazzola,M0UQ,ITA,,,,,,,,,,
Joao Graca,GK07,POR,"5' 9""",1.77m,,,,,,,,
Naoki Tajima,T0B4,JPN,,,Right-Handed,Two-Handed,2000-09-21,"Kumamoto, Japan",,,427,"$33,406"
Nicolo Toffanin,T0HW,ITA,,,,,,,,,,
Nikola Jovic,J0ED,SRB,,,,,2003-06-09,"Leicester, England",,,,
Yuta Tomida,T0J8,JPN,,,,,,,,,,
Jayden Court,C0DP,AUS,,,,,,,,,,
John Hallquist Lithen,H0E7,SWE,,,,,,,,,,
Federico Gaio,GB53,ITA,"5' 11""",1.80m,Right-Handed,One-Handed,1992-03-05,"Faenza, Italy",2009-01-01,,163,"$1,054,832"
Alessandro Giannessi,G983,ITA,"6' 1""",1.85m,Left-Handed,Two-Handed,1990-05-30,"La Spezia, Italy",2008-01-01,2024-01-01,171,"$1,419,042"
Niklas Guttau,G0CI,GER,,,,,,,,,,
Evan King,KB37,USA,"6' 2""",1.88m,Left-Handed,Two-Handed,1992-03-25,"Chicago, IL, U.S.",2013-01-01,,18,"$1,142,221"
Benito Massacri,M0QT,ITA,,,,,,,,,,
Lucas Miedler,MO55,AUT,"5' 11""",1.80m,Right-Handed,,1996-06-21,"Tulln, Austria",2014-01-01,,33,"$1,129,408"
Matias Ponce De Leon Gomila,P0I4,ESP,,,,,,,,,,
Johan Tatlot,TC95,FRA,"5' 11""",1.80m,Right-Handed,Two-Handed,1996-03-26,"Schœlcher, Martinique, France",,,525,"$129,874"
Matej Vocel,VA22,CZE,"6' 2""",1.88m,Right-Handed,Two-Handed,1997-05-20,"Prague, Czech Republic",,,121,"$62,436"
Gilberto Ravasio,R0LX,ITA,,,,,,,,,,
Chun Ming Gary Yam,Y186,HKG,,,,,,,,,,
Keaton Hance,H0M1,USA,,,,,,,,,,
Casey Hoole,H0EQ,AUS,,,,,,,,,,
Petar Jovanovic,J0CS,MNE,,,,,,,,,,
Aleksander Orlikowski,O0C8,POL,,,,,,,,,,
Daniel Phillips,P0PV,BER,,,,,,,,,,
Niels Ratiu,R0LR,BEL,,,,,,,,,,
Antoine Walch,W816,FRA,,,,,,,,,,
Dillon Beckles,B0X2,USA,,,,,,,,,,
Duncan Chan,C0OF,CAN,,,,,,,,,,
Alexis Gurmendi,G0C4,ARG,,,,,,,,,,
Renlong Pang,P0C9,CHN,,,,,,,,,,
Yong Joon Park,P0O3,KOR,,,,,,,,,,
Cade Birrell,B0JD,AUS,,,,,,,,,,
Ryan Colby,C0KV,USA,,,,,,,,,,
Volodymyr Iakubenko,I0BN,UKR,,,,,,,,,,
Emanuel Ivanisevic,I0BV,CRO,,,,,,,,,,
Luc Koenig,K0GE,GBR,,,,,,,,,,
Oscar Otte,O449,GER,"6' 4""",1.93m,Right-Handed,Two-Handed,1993-07-16,"Cologne, Germany",2011-01-01,,161,"$2,480,023"
Dante Pagani,P0MJ,ARG,,,,,,,,,,
Matthew Rankin,R0HX,GBR,,,,,,,,,,
Hudson Rivera,R0FQ,USA,,,,,,,,,,
Lambert Ruland,R0GV,GER,,,,,,,,,,
Saki Tange,T0JA,JPN,,,,,,,,,,
Iiro Vasa,V0DQ,FIN,,,,,,,,,,
Xiaofei Wang,W0B3,CHN,,,,,,,,,,
Siem Woldeab,W0BA,USA,,,,,,,,,,
Lautaro Correa Beguerie,C0O5,ARG,,,,,,,,,,
Felipe Dreer,D0NG,ARG,,,,,,,,,,
Zsombor Velcz,V0E1,HUN,,,,,,,,,,
Walid Ahouda,A0EY,MAR,,,,,,,,,,
Daniel Bagnolini,B0HA,ITA,,,,,,,,,,
Anton Chekhov,CC79,RUS,,,,,1860-01-29,"Taganrog, Russia",,,,
Charlelie Cosnet,C0LL,FRA,,,,,,,,,,
Herman Hoeyeraal,H0DW,NOR,,,,,,,,,,
Pavel Lagutin,L0N0,RUS,,,,,,,,,,
Will Mayew,M0UO,USA,,,,,,,,,,
Samuel Puskar,P0CK,SVK,,,,,,,,,,
Maciej Rajski,RA43,POL,,,,,,,,,,
William Rejchtman Vinciguerra,R0IU,SWE,,,,,2007-02-10,"Malmö, Sweden",,,,
Frazier Rengifo,RH73,COL,,,,,,,,,,
Max Sheldon,S0TJ,USA,,,,,,,,,,
Marc Van Der Merwe,V0IN,RSA,,,,,,,,,,
Ilyas Milad Fahim,F0II,USA,,,,,,,,,,
Mirko Martinez,MW39,SUI,,,,,,,,,,
Dmytro Shirokyi,S1AK,UKR,,,,,,,,,,
Joao Silva,S0Y4,POR,,,,,,,,,,
Phoenix Weir,W0DI,GBR,,,,,,,,,,
Nikolay Nedelchev,N0CA,BUL,,,,,,,,,,
Fnu Nidunjianzan,N0DY,CHN,,,,,,,,,,
Braden Shick,S0S5,USA,,,,,,,,,,
Jonas Trinker,TC87,AUT,,,,,,,,,,
Konstantin Zhzhenov,Z0BU,RUS,,,,,,,,,,
Jiri Barnat,B0F0,CZE,,,,,,,,,,
Dmitry Bessonov,B0X7,RUS,,,,,,,,,,
Vlado Jankanj,J0F0,SRB,,,,,,,,,,
Noah Johnston,J0FK,USA,,,,,,,,,,
Rohan Mehra,M0N5,IND,,,,,,,,,,
Tiago Silva,S0TO,POR,,,,,,,,,,
Yu Tanaka,T0IS,JPN,,,,,,,,,,
Stefano Reitano,R0AI,ITA,,,,,,,,,,
Vladimir Bazilevskiy,B0P5,ISR,,,,,,,,,,
Rodolfo Jauregui Sainz de Rozas,J417,MEX,,,,,,,,,,
Adam Jones,J0AT,GBR,,,,,,,,,,
Dian Nedev,N0C9,BUL,,,,,,,,,,
Arvid Nordquist,N0AF,SWE,,,,,,,,,,
Alex Santino Nuñez Vera,N0FT,PAR,,,,,,,,,,
Nikita Bilozertsev,B0V0,UKR,,,,,,,,,,
Gian Matias Di Natale,D0EN,ITA,,,,,,,,,,
Stefan Horia Haita,H0L4,ROU,,,,,,,,,,
Peetu Pohjola,P0ID,FIN,,,,,,,,,,
Victor Hugo Remondy Pagotto,R0L5,BRA,,,,,,,,,,
Luca Staeheli,S0H1,SUI,,,,,,,,,,
Roland Stuurman,S0JF,NED,,,,,,,,,,
Riku Takahata,T0GS,JPN,,,,,,,,,,
Thomas Gerbaud,G0NU,FRA,,,,,,,,,,
James Beaven,B0RD,GBR,,,,,,,,,,
Robert Guna,G0KQ,ROU,,,,,,,,,,
Bryan Hernandez Cortes,H0LA,ESP,,,,,,,,,,
William Hsieh,H0KL,USA,,,,,,,,,,
Fumin Jiang,J0FN,CHN,,,,,,,,,,
Yusuf Khamis,K0CV,EGY,,,,,,,,,,
Nemanja Malesevic,M0DE,BIH,,,,,,,,,,
Oliver Ojakaar,O0CI,EST,,,Right-Handed,Two-Handed,2005-02-10,"Tartu, Estonia",,,1448,"$6,089"
Photos Photiades,P0MH,CYP,,,,,,,,,,
Ammar Alhogbani,AG30,KSA,,,,,1998-12-15,"Riyadh, Saudi Arabia",,,2134,$778
Patricio Alvarado,A714,ECU,,,Right-Handed,Two-Handed,1989-10-06,"Manta, Ecuador",,,665,"$10,627"
Jesse De Jager,D0II,NED,,,,,,,,,,
Kevin Edengren,E0D4,SWE,,,,,,,,,,
Adam Farag Cao,F0H7,CAN,,,,,,,,,,
Lucca Helguera Casado,H0HC,ESP,,,,,,,,,,
Moritz Hoffmann,H0BB,GER,,,,,,,,,,
Hiromasa Koyama,K0NG,JPN,,,,,,,,,,
George Lazarov,L0GL,BUL,,,,,,,,,,
Sergio Planella Hernandez,P0OU,ESP,,,,,,,,,,
Antonio Voljavec,V0H8,CRO,,,,,,,,,,
Matic Kriznik,K0JY,SLO,,,,,,,,,,
Danil Panarin,P0LZ,RUS,,,,,,,,,,
Alex Finkelstein,F0HT,USA,,,,,,,,,,
Aaron Gil Garcia,G0M3,LUX,,,,,,,,,,
Seungmin Park,P0MF,KOR,,,,,,,,,,
Bora Sengul,S0FS,TUR,,,,,,,,,,
Leonid Sheyngezikht,S0LF,BUL,,,,,,,,,,
Anthony Susanto,SY76,INA,,,,,,,,,,
Tomas Lanik,L0GA,SVK,,,,,,,,,,
Kaya Arinc,A0F7,TUR,,,,,,,,,,
Jurriaan Bol,B0T2,NED,,,,,,,,,,
Kylian Collignon,C0PL,BEL,,,,,,,,,,
Jan Hrazdil,H0HX,CZE,,,,,,,,,,
Yunseok Jang,J0CW,KOR,,,,,,,,,,
Vadym Konovchuk,K0JM,UKR,,,,,,,,,,
Matei Cristian Onofrei,O0CA,ROU,,,,,,,,,,
Iker Sevilla,S0W6,ESP,,,,,,,,,,
Alexander Zgirovsky,Z09B,BLR,"6' 3""",,,,2001-07-10,"Minsk, Belarus",,,311,"$41,932"
Simone Agostini,A0I0,ITA,,,,,,,,,,
Luke Hooper,H0L8,GBR,,,,,,,,,,
Rishi Reddy,RH87,IND,,,,,,,,,,
Matas Vasiliauskas,V0ET,LTU,,,,,,,,,,
Oren Vasser,V0GG,USA,,,,,,,,,,
Kazuma Kawachi,KE85,JPN,,,,,,,,,,
Raghav Jaisinghani,J0AF,IND,,,,,,,,,,
Matteo Lavizzari,L0JC,SUI,,,,,,,,,,
Mateo Del Pino,D0HZ,ARG,,,,,,,,,,
Jan Jermar,J0B6,CZE,"6' 3""",1.91m,Right-Handed,Two-Handed,2000-04-12,"Nový Jičín, Czech Republic",,,309,"$20,401"
Radovan Michalik,M0N2,SVK,,,,,,,,,,
Carles Cordoba,C0OI,ESP,,,,,,,,,,
Alexey Aleshchev,A0AV,RUS,,,,,,,,,,
Luis Garcia Paez,G0O2,ESP,,,,,,,,,,
Nikita Ianin,I0B1,RUS,,,,,,,,,,
Alfred Almasi,A0JK,SVK,,,,,,,,,,
Theo Arribage,A0E5,FRA,"6' 3""",1.91m,Left-Handed,Two-Handed,2000-10-09,"Rennes, France",,,54,"$314,666"
Luis Britto,BK09,BRA,"5' 10""",1.78m,Right-Handed,Two-Handed,1993-06-23,"Araçatuba, Brazil",,,142,$54.499
Loren Thomas Byers,B0Q1,USA,,,,,,,,,,
Inigo Cervantes,CA33,ESP,"6' 0""",1.83m,Right-Handed,Two-Handed,1989-11-30,"Hondarribia, Gipuzkoa",2009-01-01,,95,"$1,167,369"
Seongwoo Cho,C0NX,KOR,,,,,,,,,,
Casper Christensen,C0T9,NOR,,,,,1968-08-22,"Munkebo, Denmark",,,,
Theodore Dean,D0N2,USA,,,,,,,,,,
Roberto Ferrer Guimaraes,F0GR,USA,,,,,,,,,,
Tomas Gerini,GE98,ITA,,,,,,,,,,
Saahith Jayaraman,J0EQ,USA,,,,,,,,,,
Kevin King,KB14,USA,"6' 3""",1.90m,Left-Handed,Two-Handed,1991-02-28,"Peachtree City, GA, United States",2013-01-01,2021-01-01,114,"$315,363"
Kacper Knitter,K0NU,POL,,,,,,,,,,
Andrej Loncarevic,L0KC,FRA,,,,,,,,,,
Zaid Mashni,M0YA,JOR,,,,,,,,,,
Anders Matta,M0VI,USA,,,,,,,,,,
Siphosothando Montsi,M0CY,RSA,,,,,,,,,,
Guillermo Olaso,O327,ESP,"5' 9""",1.75m,Right-Handed,Two-Handed,1988-03-25,"Bilbao, Spain",2006-01-01,,160,"$247,047"
Hunter Reese,RC21,USA,"5' 11""",1.80m,Right-Handed,,1993-01-11,"Atlanta, United States",2015-01-01,,73,"$283,148"
Fernando Romboli,R960,BRA,"5' 11""",1.80m,Right-Handed,One-Handed,1989-01-04,"Rio de Janeiro, Brazil",2006-01-01,,51,"$665,205"
Yaraslav Shyla,SK97,BLR,"6' 4""",1.93m,Right-Handed,,1993-03-05,"Minsk, Belarus",2011-01-01,,164,"$131,172"
Marcelo Zormann,Z363,BRA,"5' 11""",1.80m,Right-Handed,Two-Handed,1996-06-10,"Lins, São Paulo, Brazil",,,92,"$166,573"
Yannick Theodor Alexandrescou,A0M2,ROU,,,,,,,,,,
Ulises Blanch,BV27,USA,"6' 2""",,Right-Handed,,1998-03-25,"San Juan, Puerto Rico",2016-01-01,,423,"$346,383"
Tyler Bowers,B0QA,USA,,,,,,,,,,
Raul Garcia,G0DB,BOL,,,,,,,,,,
Amine Jamji,J0DM,MAR,,,,,,,,,,
Alan Kam,K0ND,MEX,,,,,,,,,,
Simon Reveniau,R0BN,FRA,,,,,,,,,,
Elio Jose Ribeiro Lago,J540,ITA,,,,,,,,,,
Thomas Setodji,SY42,TOG,,,Right-Handed,Two-Handed,1995-10-13,"Gonesse, France",,,786,"$25,078"
Timofey Stepanov,S0SO,SUI,,,,,,,,,,
Pijus Vaitiekunas,V0FD,LTU,,,,,,,,,,
Kiruthik Kalyaan Annur Senthil Kumar,K0ME,IND,,,,,,,,,,
Miles Clark,C0Q5,USA,,,,,,,,,,
Sebastiano Cocola,C0S4,ITA,,,,,,,,,,
Federico Guarducci,G0NV,ITA,,,,,,,,,,
Toru Horie,H0AD,JPN,,,,,,,,,,
Dayne Kelly,KA22,AUS,"6' 1""",1.86m,Left-Handed,One-Handed,1990-07-23,,,,338,"$225,848"
Jangjun Kim,K0KC,KOR,,,,,,,,,,
Oscar Lacides,L0JE,GUD,,,,,,,,,,
Ferdinand Livet Novkirichka,L0LJ,FRA,,,,,,,,,,
Peter Makk,M0DY,HUN,,,,,,,,,,
Leonardo Primucci,P0OX,ITA,,,,,,,,,,
Harry Pugh,P0NE,NZL,,,,,,,,,,
Sebastian Rodriguez,R0DA,PER,,,,,,,,,,
Jerko Brkic,B0LX,CRO,,,,,,,,,,
Karl Friberg,F09J,SWE,"6' 3""",1.91m,Right-Handed,Two-Handed,1999-03-25,"Örebro, Sweden",,,690,"$83,661"
Emiliano Jorquera,J0CX,CAN,,,,,,,,,,
Tilen Kovac,K0KL,SLO,,,,,,,,,,
Melvin Kumar,K0N5,SWE,,,,,,,,,,
Vardan Manukyan,M0TN,RUS,,,,,,,,,,
William Mirarchi,M0R9,ITA,,,,,,,,,,
Alberto Morolli,M0OK,ITA,,,,,,,,,,
JJ Tracy,T0GF,USA,"6' 0""",1.83m,Right-Handed,Two-Handed,2002-07-10,"Ann Arbor, MI, United States",,,59,"$146,632"
Andres Urrea,U131,COL,"5' 8""",1.73m,Right-Handed,Two-Handed,1994-08-31,"Mexico City, Mexico",,,239,"$30,586"
Zack Viiala,V0FL,AUS,,,,,,,,,,
Kacper Zuk,Z09D,POL,"6' 0""",1.83m,Right-Handed,Two-Handed,1999-01-21,"Nowy Dwór Mazowiecki, Poland",2016-01-01,,278,"$359,298"
Daniil Bogatov,B0X4,RUS,,,,,,,,,,
Connor Bruce,B0I7,USA,,,,,,,,,,
Edoardo De Filippo,D0MW,ITA,,,,,,,,,,
Andrew Delgado,D0MB,USA,,,,,,,,,,
Dmitry Dolzhenkov,D0IF,RUS,,,,,,,,,,
Jose Dominguez Alonso,D0FL,ESP,,,,,,,,,,
Botond Kisantal,K0I9,HUN,,,,,,,,,,
Alex Kobelt,K0BG,USA,,,,,,,,,,
Dheeraj Kodancha Srinivasan,K0IS,IND,,,,,,,,,,
Noritaka Koizumi,K0MB,JPN,,,,,,,,,,
Clement Lemire,L0L4,FRA,,,,,,,,,,
Duje Markovina,M0U9,AUS,,,,,,,,,,
Marko Mesarovic,M0T3,USA,,,,,,,,,,
Luka Miklavcic,M0EV,SLO,,,,,,,,,,
Shu Muto,M0WD,JPN,,,,,,,,,,
Carl Roothman,R0ES,RSA,,,,,,,,,,
Edoardo cherie Ligniere,C0MT,ITA,,,,,,,,,,
Jim Hendrikx,H0IW,NED,,,,,,,,,,
Shion Itsusaki,I0C2,JPN,,,,,,,,,,
Luke Saville,SM09,AUS,"6' 2""",1.88m,Right-Handed,Two-Handed,1994-02-01,"Berri, South Australia",2012-01-01,,23,"$1,401,107"
Kosuke Shibano,S0I1,JPN,,,,,,,,,,
Rafael Ymer,Y0BE,SWE,,,,,,,,,,
Elijah Cham,C0RN,AUS,,,,,,,,,,
Yan Cheng Chen,C0PW,TPE,,,,,,,,,,
Corey Gaal,G0BX,AUS,,,,,,,,,,
Spencer Gray,G0O0,USA,,,,,,,,,,
Daniel Jade,J0EM,FRA,,,,,,,,,,
Viktor Markov,M0RF,BUL,,,,,,,,,,
Valerio Perruzza,P0KE,ITA,,,,,,,,,,
Mehluli Don Ayanda Sibanda,SZ29,ZIM,,,Right-Handed,Two-Handed,1999-11-06,,,,1,"$8,780"
Denis Spiridon,S0UB,ITA,,,,,,,,,,
Valentin Vanta,VA67,ROU,,,,,,,,,,
Jimmy Yang,Y0AT,GER,,,,,1981-05-13,"Los Angeles, CA, U.S.",,,,
Milledge  Cossu,C0GN,USA,,,,,,,,,,
Anthony Genov,G0GK,BUL,,,,,,,,,,
Pranav Karthik,K0OA,IND,,,,,,,,,,
Sina Moghimi,M09X,IRI,,,,,,,,,,
Ko Suzuki,SJ67,JPN,,,,,,,,,,
Martin Antonio Vergara Del Puerto,V0DO,PAR,,,,,,,,,,
Raphael Calzi,CN80,LUX,,,,,,,,,,
Lucio Carnevalle,C0I0,ARG,,,,,,,,,,
Andrea Colombo,C0PG,ITA,"6' 3""",1.90m,,,1974-02-14,"Bollate, Italy",,,,
Stefan Cooper,C0NP,GBR,,,,,,,,,,
Nicholas Godsick,G0JC,USA,"6' 1""",,Right-Handed,Two-Handed,2004-09-15,"Hunting Valley, Ohio",,,459,"$35,055"
Jarrod Joyce,J0ER,AUS,,,,,,,,,,
Alejandro Lopez Escribano,L0GB,ESP,,,,,,,,,,
William Mroz,M0VU,USA,,,,,,,,,,
Grigory Shebekin,S0YN,RUS,,,,,,,,,,
Anton Shepp,S0NT,NZL,,,,,,,,,,
Taketo Takamisawa,T0BA,JPN,,,,,,,,,,
Jefferson Wendler Filho,W660,BRA,,,,,,,,,,
Leopold Zima,Z09W,GER,,,,,,,,,,
Digvijaypratap Singh,SY71,IND,,,,,,,,,,
Dorian Tremblay,T0EL,FRA,,,,,,,,,,
Ludovico Vaccari,V0HU,ITA,,,,,,,,,,
Alan Wazny,W0F8,POL,,,,,,,,,,
Matei Florin Breazu,B0TT,ROU,,,,,,,,,,
Alex De Gabriele,D0L9,MLT,,,,,,,,,,
Arthur Laborde,L0KJ,SUI,,,,,1875-05-17,"Kingstown, Saint Vincent",,,,
Fryderyk Lechno-Wasiutynski,L0K7,POL,,,,,,,,,,
Andrea Motta,M0YS,ITA,,,,,,,,,,
Patrik Munkhammar,M0X3,SWE,,,,,,,,,,
Darius Florin Pop,P0LY,ROU,,,,,,,,,,
Bogdan Seleznev,S0TE,RUS,,,,,,,,,,
Cedric Stanke,S0SQ,GER,,,,,,,,,,
Zhengyu Sun,S1AA,CHN,,,,,,,,,,
Federico Valle,V0FM,ITA,,,,,,,,,,
S Mert Ozdemir,O09V,TUR,,,,,,,,,,
Nikolai Barsukov,B0W9,GER,,,,,,,,,,
Stylianos Christodoulou,C0L4,CYP,,,,,,,,,,
Sai Karteek Reddy Ganta,G0H0,IND,,,,,,,,,,
Ye Hongyu,H0JB,CHN,,,,,,,,,,
Zekai Li,L0C4,CHN,,,,,,,,,,
Benjamin O'Connell,O0A6,AUS,,,,,,,,,,
Tomislav Edward Papac,PL60,AUS,,,,,,,,,,
Tobias Sonne,S0E2,ARG,,,,,,,,,,
Paul Valsecchi,V0A6,FRA,,,,,,,,,,
Daiki Yoshimura,Y0AL,JPN,,,,,,,,,,
Linghao Zhang,Z0C5,CHN,,,,,,,,,,
Marco Furlanetto,F0DD,ITA,,,,,,,,,,
Andres Delgadillo,D0MF,MEX,,,,,,,,,,
Carlos Giraldi,G0KW,ESP,,,,,,,,,,
Xirui Han,H0K1,CHN,,,,,,,,,,
Lukas Hellum-Lilleengen,H0BC,NOR,"5' 11""",1.80m,Right-Handed,Two-Handed,2000-11-15,"Meyrin, Switzerland",,,476,"$36,398"
Jakub Kroslak,K0I2,SVK,,,,,,,,,,
Louis Larue,L0IO,FRA,,,,,,,,,,
Luca Parenti,P0IK,ITA,,,,,,,,,,
Nicolas Philibert,P0LQ,GBR,,,,,1951-01-10,"Nancy, France",,,,
Benjamin Pietri,P09S,FRA,,,,,,,,,,
Bang Shuo Yin,Y09L,TPE,,,,,,,,,,
Henrik Bladelius,B0QE,SWE,,,,,,,,,,
Alvaro Bueno Gil,B0U5,ESP,,,,,,,,,,
Jiri Cizek,C0MV,CZE,,,,,,,,,,
Daniel Domingos,D0NC,ANG,,,,,,,,,,
Aljaz Jeran,J0DN,SLO,,,,,,,,,,
Samuil Konov,K0F3,BUL,,,,,,,,,,
Nik Mikovic,M0S4,SLO,,,,,,,,,,
Abhinav Sanjeev Shanmugam,SY73,IND,,,,,,,,,,
Alaa Trifi,T0JO,TUN,,,,,,,,,,
Gabriele Volpi,V0CX,ITA,,,,,1943-06-29,"Recco, Italy",,,,
Weitao Xu,X01E,CHN,,,,,,,,,,
Giovanni Calvano,CN05,ITA,,,,,,,,,,
Viktor Frydrych,F0I5,GBR,,,,,,,,,,
Thijmen Loof,L0FV,NED,"6' 5""",1.96m,Right-Handed,,2002-07-15,"Den Haag, Netherlands",,,228,"$26,269"
Gabriel Matuszewski,M0NU,POL,,,,,,,,,,
Isaac Nortey,N0E5,GHA,"6' 0""",,Right-Handed,,1999-07-08,"Accra, Ghana",,,,
Matic Dimic,D0DY,SLO,,,,,,,,,,
Ammar Elamin,E0AY,IRL,,,,,,,,,,
Jordi Garcia Mestre,G0FH,ESP,,,,,,,,,,
Petr Iamachkine,I371,PER,,,,,,,,,,
Pierre Antoine Tailleu,T0FO,FRA,,,,,,,,,,
Andrea Bacaloni,B0Q9,ITA,,,,,,,,,,
Felipe De Dios,D0K4,ARG,,,,,,,,,,
Maan Kesharwani,K0MW,IND,,,,,,,,,,
Dmitry Kopilevich,S1AC,SLO,,,,,,,,,,
Mihai Alexandru Coman,C0KE,ROU,,,,,,,,,,
Mateya Stanisavljevic,S1A6,SRB,,,,,,,,,,
Wissam Abderrahman,A0GQ,TUN,,,,,,,,,,
Artur Aiukhanov,A0N4,RUS,,,,,,,,,,
Shaheed Alam,A0CG,SGP,"5' 7""",1.7m,Right-Handed,Two-Handed,1998-07-09,Singapore,,,2116,"$5,501"
Karim Al-Amin,A0L0,GER,,,,,,,,,,
Leonardo Angeloni,A0L8,ITA,,,,,,,,,,
Filip Apltauer,A0I6,CZE,,,,,,,,,,
Cosimo Banti,B0S9,ITA,,,,,,,,,,
Jerry Barton,B0UX,USA,,,,,,,,,,
Tudor Batin,B0U1,ROU,,,,,,,,,,
Mika Berghaus,B0X9,GER,,,,,,,,,,
Shivank Bhatnagar,B0P1,IND,,,,,,,,,,
Mathis Bondaz,B0M7,FRA,,,,,,,,,,
Victor Braga,B0NA,BRA,"6' 4""",1.93m,,,,,,,,
Santiago Bramajo,B0EI,ARG,,,,,,,,,,
Omar Brigida,B0MI,ITA,,,,,,,,,,
Noah Brownrigg,B0WT,AUS,,,,,,,,,,
Tighe Brunetti,B0YC,USA,,,,,,,,,,
Siu Chi Nicholas Cheng,C0RT,HKG,,,,,,,,,,
Alberto Colas Sanchez,C0DB,ESP,,,,,,,,,,
Francesco Cordova,C0S7,USA,,,,,,,,,,
Nathan Cox,C0T8,USA,,,,,,,,,,
Cesar Cruz,C0NU,ESA,,,,,,,,,,
Gianluca Di Nicola,DA85,ITA,,,,,,,,,,
Nikola Djukic Valera,D0M5,ESP,,,,,,,,,,
Ivan Dreycopp,D0IG,ARG,,,,,,,,,,
Karol Drzewiecki,DE12,POL,"6' 3""",1.91m,Right-Handed,Two-Handed,1995-11-01,"Gorzów Wielkopolski, Poland",,,83,"$212,967"
Birtan Duran,D0KJ,TUR,,,,,,,,,,
Paul Ender,E0DC,AUT,,,,,,,,,,
Tarek Erlewein,E0EM,GER,,,,,,,,,,
Xavier Ferrer Mateo,F0IJ,ESP,,,,,,,,,,
Giammarco Gandolfi,G0K8,ITA,,,,,,,,,,
Perry Gregg,G0B1,USA,,,,,1960-01-08,,,,,
Maxim Groysman,G0PQ,USA,,,,,,,,,,
Patorn Hanchaikul,H0HP,THA,,,,,,,,,,
Asahi Harazaki,H0I9,JPN,,,,,,,,,,
Hugo Hashimoto,H0L5,USA,,,,,,,,,,
Mark Havlicek,H0GI,CZE,,,,,,,,,,
Yuya Hirose,H0M7,JPN,"5' 8""",,,,1996-04-09,"Chiba Prefecture, Japan",,,,
Dario Huber,H0A8,SUI,,,,,,,,,,
Alejandro Jacome Jaramillo,J0E9,ECU,,,,,,,,,,
Oskar Jansson,J0E3,SWE,,,,,,,,,,
Michael Dylan Jimenez,J0FG,SGP,,,,,,,,,,
Andrew Johnson,J0FU,USA,,,,,1808-12-29,"Raleigh, NC, U.S.",,,,
Mathieu Josserand,J0EA,FRA,,,,,,,,,,
Hamza Karmoussi,KE25,MAR,,,,,,,,,,
Mischa Lanz,L0C8,SUI,,,,,,,,,,
Loan Lestir,L0IM,FRA,,,,,,,,,,
Isaac Lhomond,L0LA,FRA,,,,,,,,,,
Aleksandar Ljubojevic,L0LB,SRB,,,,,,,,,,
Noah Lopez Cherubino,L0JU,ESP,,,,,,,,,,
Gerardo Lopez Villasenor,LG87,MEX,"6' 3""",1.91m,Right-Handed,,1995-05-12,"Puerto Vallarta, Jalisco, Mexico",2018-01-01,,641,"$66,013"
Mikolaj Lorens,L0DU,POL,,,,,,,,,,
Mihnea Maftei,M0YF,ROU,,,,,,,,,,
Maurus Malgiaritta,M0JX,SUI,,,,,,,,,,
Richard Mallory,M0X5,BER,,,,,1956-02-29,"Rochester, Michigan, U.S.",,,,
Maciej Matuszczyk,M0RY,POL,,,,,,,,,,
Ashton Mcleod,M0Z0,AUS,,,,,,,,,,
Joel Meda,MW25,BUR,,,,,,,,,,
Przemyslaw Michocki,MW90,POL,,,,,,,,,,
Javier Molino,M0GX,ESP,,,,,,,,,,
Peter Nad,N0D7,SVK,,,,,,,,,,
Mason Naumovski,N0AG,AUS,,,,,,,,,,
Bruno Nhavene,N0CM,MOZ,,,,,2002-02-21,,,,1,"$1,140"
Michal Novansky,M0MU,SVK,,,,,,,,,,
Ricard Novell,N0GM,ESP,,,,,,,,,,
Ignacio Novo,N0BM,ARG,"5' 7""",1.70m,,,,,,,,
Alexander Orlov,O0CJ,SUI,,,,,,,,,,
Lukas Palovic,P0FF,SVK,,,,,,,,,,
Matija Pecotic,PH42,CRO,"6' 2""",1.88m,Left-Handed,Two-Handed,1989-07-03,"Belgrade, Serbia",2014-01-01,,485,"$143,536"
Felipe Pinzon Moreno,P0JF,USA,,,,,,,,,,
Emil Rast,R0LB,GER,,,,,,,,,,
Tomas Rengel Sierra,RH76,ARG,,,,,,,,,,
Vincent Rettke,R0KB,USA,,,,,,,,,,
Rodrigo Reyna,R0IF,MEX,,,,,,,,,,
Pablo Robledo,R0MO,COL,,,,,,,,,,
Agassi Rusher,R0MR,USA,,,,,,,,,,
Leevi Saatela,S0CV,FIN,,,,,,,,,,
Daniel Sancho,S1B9,ESP,,,,,,,,,,
Tiran Sanghera,S0E0,GBR,,,,,,,,,,
Edoardo Santoni,S1BK,ITA,,,,,,,,,,
Batyr Sapaev,SP02,UZB,,,,,,,,,,
Jack Secord,S1CU,USA,,,,,,,,,,
Hayden Shoemake,S1CR,USA,,,,,,,,,,
Mustafa Ege Sik,S1D0,TUR,,,,,,,,,,
Kazuki Sugimoto,S1BX,JPN,,,,,,,,,,
Luciano Tacchi,T0BZ,ARG,,,,,,,,,,
Sasha Trkulja,T0J1,CAN,,,,,,,,,,
Jip Van Assendelft,V0EP,NED,,,,,,,,,,
Felipe Vazquez,V0J9,URU,,,,,,,,,,
Nicola Vidal,V0AH,ITA,,,,,,,,,,
Max Villar,V0J5,ESP,,,,,,,,,,
Gray Voelzke,V0GL,USA,,,,,,,,,,
Christian Wedel,W0FP,GER,,,,,,,,,,
Sam Wensley,W0FK,AUS,,,,,,,,,,
Dominic West,W09U,GBR,,,,,1969-10-15,"Sheffield, England",,,,
Dawid Wisniewski,W0FR,POL,,,,,,,,,,
Bartosz Wojnar,W642,POL,,,,,,,,,,
Anthony Wright,W0EC,GBR,,,,,,,,,,
Carlos Zerega,Z0DR,MEX,,,,,,,,,,
Alan Abdullin,A0LZ,RUS,,,,,,,,,,
Mert Aytekin,A0M0,TUR,,,,,,,,,,
Michael Alejandro Beltran Rubio,B0JB,COL,,,,,,,,,,
Martin Benes,B0MD,CZE,,,,,,,,,,
Tristan Berard,B0V9,FRA,,,,,,,,,,
Freddy Blaydes,B0RC,GBR,,,,,,,,,,
Thanaphat Boosarawongse,B0W7,THA,,,,,,,,,,
Filippo Callerio,C0S2,ITA,,,,,,,,,,
Timothy Carlsson Seger,C0MR,SWE,,,,,,,,,,
Salvatore Caruso,CE25,ITA,"6' 1""",1.85m,Right-Handed,Two-Handed,1992-12-15,"Avola, Italy",2011-01-01,2025-01-01,166,"$1,922,256"
Luke Casper,C0S1,USA,,,,,,,,,,
Jordan Correia,CN08,BRA,,,,,,,,,,
Joaquim de Almeida,A0LX,BRA,,,,,1957-03-15,"Lisbon, Portugal",,,,
Vito Dell'Elba,D0B1,ITA,,,,,,,,,,
Connor Doig,D0NH,RSA,,,,,,,,,,
Sid Donarski,DG76,CAN,,,,,,,,,,
Maximus Dussault,D0NF,USA,,,,,,,,,,
Oskari Eerola,E0D6,FIN,,,,,,,,,,
Lorenzo Esquici,E0CE,BRA,,,,,,,,,,
Janos Fekete,F0DJ,SVK,,,,,,,,,,
Thomas Nicholas Gadecki,G0KI,AUS,,,,,,,,,,
Andrei Corneliu Gadoiu,G0OC,ROU,,,,,,,,,,
Filippo Francesco Garbero,G0O3,ITA,,,,,,,,,,
Iker Gaztambide Arrastia,G0ML,ESP,,,,,,,,,,
Alexander Glomb,G0PD,GER,,,,,,,,,,
Aditya Govila,G0O1,IND,,,,,,,,,,
Filip Gustafsson,G0M2,SWE,"6' 0""",1.82m,,,,,,,,
Matthew Harris,H0GO,RSA,,,,,,,,,,
Alejandro Hayen,H0KQ,MEX,,,,,,,,,,
Nicholas Heng,H0IS,USA,,,,,,,,,,
Patrik Homola,H0IE,CZE,,,,,,,,,,
Lucas Horve,H0C3,USA,,,,,,,,,,
Chun-Chien Hou,H0L7,TPE,,,,,,,,,,
Tatsuma Ito,I230,JPN,"5' 11""",1.80m,Right-Handed,Two-Handed,1988-05-18,"Inabe, Japan",,2024-01-01,312,"$1,792,085"
Mihail Ivanov,I0BC,BUL,"6' 1""",1.85m,,,,,,,,
Alex Jones,J0B1,USA,,,,,1974-02-11,"Dallas, TX, U.S.",,,,
Toshiki Karigyo,K0OQ,JPN,,,,,,,,,,
Noah Karma,K0N9,SUI,,,,,,,,,,
Dong Ju Kim,K0CI,KOR,,,,,,,,,,
Jae Hwan Kim,KC89,KOR,,,,,,,,,,
Darian King,KC86,BAR,"6' 2""",1.88m,Right-Handed,,1992-04-26,"Bridgetown, Barbados",2010-01-01,,156,"$634,885"
Chad Kissell,KI10,USA,,,,,,,,,,
Kenzo Koistila Larsson,K0KA,SWE,,,,,,,,,,
Holden Koons,K0MG,USA,,,,,,,,,,
Ivan Kremenchutskyi,K0JE,UKR,,,,,,,,,,
Veljko Krstic,K0I0,SRB,,,,,,,,,,
Espen Lagarde,L0FU,FRA,,,,,,,,,,
Yazid Lahjomri,L0I8,MAR,,,,,,,,,,
Adam Majchrzak,M0RN,POL,,,,,,,,,,
Ajay Malik,M0OX,IND,,,,,,,,,,
Karol Malirz,M0RQ,POL,,,,,,,,,,
Norbert Marosik,M0WK,SVK,,,,,,,,,,
Stefan Menichella,MW03,USA,,,,,,,,,,
Andreas Messis,M0ZO,GRE,,,,,,,,,,
Petr Michnev,MI33,CZE,,,,,,,,,,
Mak Mikovic,M0U5,SLO,,,,,,,,,,
Milos Mikovic,M0NK,SRB,,,,,,,,,,
Zhou Mingzhou,M0HL,CHN,,,,,,,,,,
Moein Moazam,M0QJ,IRI,,,,,,,,,,
Diogo Morais,M0O7,POR,,,,,,,,,,
Freddy Murray,M0X8,IRL,,,Right-Handed,Two-Handed,2003-07-21,"Belfast, Northern Ireland",,,1,$716
Mattia Nannelli,N0G6,ITA,,,,,,,,,,
Andy Nguyen,N0GF,USA,,,,,,,,,,
Osgar O'Hoisin,O684,IRL,"6' 4""",1.93m,Right-Handed,Two-Handed,1996-09-03,"Dublin, Ireland",,,587,"$37,402"
Ilija Palavestra,P0O5,USA,,,,,,,,,,
Daniil Piatrouski,P0KZ,BLR,,,,,,,,,,
Tomas Pinho,P0IH,POR,,,,,,,,,,
Afonso Portugal,P0C2,POR,,,,,,,,,,
Yannik Rahman,R0J0,USA,,,,,,,,,,
Cesar Ramirez,R835,MEX,"6' 2""",1.89m,Right-Handed,Two-Handed,1990-01-25,"Veracruz, Mexico",,,105,"$141,642"
Arjun Rathi,R0MV,IND,,,,,,,,,,
Hillel Rousseau,RD66,USA,"5' 11""",1.80m,Right-Handed,One-Handed,1995-06-16,"Miami, United States",,,1097,"$4,070"
Yan Sabanin,SK53,RUS,,,,,,,,,,
Kaua Lorenzo Santos Gava,S0Y2,BRA,,,,,,,,,,
Jack Satterfield,S1CN,USA,,,,,,,,,,
Yoshka Sborowsky,S1C0,FRA,,,,,,,,,,
Gabriel Schenekenberg,S0VD,BRA,,,,,,,,,,
Mitchell Sheldon,S1B3,USA,,,,,,,,,,
Igor Shrolik,S0KS,RUS,,,,,,,,,,
Andre Steinbach,S0SI,GER,,,,,,,,,,
Max Stenzer,S0UX,GER,,,,,,,,,,
Leonardo Taddia,T0BJ,ITA,,,,,,,,,,
Etienne Teboh,T0DH,CMR,,,,,,,,,,
Flynn Thomas,T0J4,SUI,,,,,,,,,,
Aadarsh Tripathi,T0K4,USA,,,,,,,,,,
Venedikt Tsirikidze,T0IE,RUS,,,,,,,,,,
Yubel Ubri,U0AM,USA,,,,,,,,,,
Alexander Ushakov,U0AN,RUS,,,,,,,,,,
Abdulaziz Usmonjonov,U0AO,UZB,,,,,,,,,,
Sean Van Rensburg,V09O,AUS,,,,,,,,,,
Lachlan Vickery,V0HV,AUS,,,,,,,,,,
Alexander Vikhlyantsev,V0F2,RUS,,,,,,,,,,
Max Westphal,W0BS,FRA,,,Right-Handed,,2003-06-04,,,,984,"$1,092"
Aaron James Williams,W0DZ,GER,,,,,,,,,,
Xiaoyin Yang,Y0BG,CHN,,,,,,,,,,
Arturs Zagars,Z0DX,LAT,,,,,2000-04-21,"Riga, Latvia",,,,
Damir Abdusamadov,A0MK,UZB,,,,,,,,,,
Zachary Adam-Gedge,A0J4,AUS,,,,,,,,,,
Emiliano Aguilera,A0F9,MEX,,,,,,,,,,
Mohammad Alkotop,A0KF,JOR,,,,,,,,,,
Julian Alonso Jr,A0K1,ESP,,,,,,,,,,
Pol Amoros Ramos,AG50,ESP,,,,,,,,,,
Christos Antonopoulos,AE56,GRE,,,,,,,,,,
Romeo Arcuschin,A0K7,ARG,,,,,,,,,,
Sergio Badini,B0SL,ITA,,,,,,,,,,
Carson Baker,B0UD,USA,,,,,,,,,,
Patricio Betancourt Gonzalez,BV01,MEX,,,,,,,,,,
Adrien Burdet,B0LN,SUI,,,,,,,,,,
Cristian Campese,C0K1,ITA,,,,,,,,,,
Yash Chaurasia,C0G2,IND,,,,,,,,,,
Pavlos Christoforakis,C0SB,RSA,,,,,,,,,,
Lorenzo Comino,C0RX,ITA,,,,,,,,,,
Nav Dayal,D0O8,USA,,,,,,,,,,
Julian Desousa,D0IC,NED,,,,,,,,,,
Marin Dumitru,DG94,AUS,,,,,,,,,,
Gabriel Elicha Navas,E0CF,ESP,,,,,,,,,,
Samyar Elyasi,E0D3,IRI,,,,,,,,,,
Maxwell Exsted,E0DP,USA,,,,,2007-03-12,"Savage, Minnesota",,,,
Syl Gaxherri,G0MQ,AUT,,,,,,,,,,
Umberto Maria Giovannini,GE88,ITA,,,,,,,,,,
Andrea Gola,G0D2,ITA,,,,,,,,,,
Nicolas Rafael Goldberg Alviani,G0J6,ESP,,,,,,,,,,
Kornel Halmos,H0K2,HUN,,,,,,,,,,
Gregor Hausberger,H0J9,AUT,,,,,,,,,,
Ryan Haviland,H624,USA,,,,,,,,,,
Kaeri Hernandez Mariona,H0GU,GUA,,,,,,,,,,
Theo Herrmann,H0IF,FRA,,,,,,,,,,
Haoyuan Huang,H0E3,CHN,,,,,,,,,,
Harold Huens,H0HR,BEL,,,,,,,,,,
Tarun Karra,K0O9,IND,,,,,,,,,,
Yuhei Kono,KI64,JPN,,,,,,,,,,
Alexander Krylov,K0MQ,RUS,,,,,,,,,,
Andrei Kunitsyn,K0OK,RUS,,,,,,,,,,
Lance Lage,L0E0,MEX,,,,,,,,,,
Daniel Little,L0EE,GBR,,,,,,,,,,
Mikhail Malakhovich,M0QZ,BLR,,,,,,,,,,
Mario Mansilla Diez,M0EE,ESP,"5' 11""",1.80m,Right-Handed,Two-Handed,2002-05-12,"Burgos, Spain",,,311,"$29,308"
Daniel Marincas,M0QF,POR,,,,,,,,,,
Louroi Martinez,M09J,SUI,,,,,,,,,,
Vladislav Melnic,M0DQ,ROU,,,,,,,,,,
Felix Mischker,M0QS,GBR,,,,,,,,,,
Jonathan Mridha,MM78,SWE,"6' 0""",1.83m,Right-Handed,,1995-04-08,"Stockholm, Sweden",,,508,"$83,956"
Abdulhamid Mubarak,MK56,KUW,,,,,,,,,,
Hien Pham,Q02A,AUS,,,,,,,,,,
Boris Pokotilov,PJ17,RUS,,,,,,,,,,
Loris Pourroy,P0C4,FRA,,,,,,,,,,
Bruno Pujol Navarro,P0CU,ESP,"5' 10""",1.78m,Left-Handed,Two-Handed,2001-08-27,"Barcelona, Spain",,,222,"$52,894"
Nico Rating,R0L2,ESP,,,,,,,,,,
Savva Rybkin,R0MI,RUS,,,,,,,,,,
David Saye,S0Y3,USA,,,,,,,,,,
Jonas Schaer,S0I2,SUI,,,,,,,,,,
Fredrik Krogh Solheim,S1BD,NOR,,,,,,,,,,
Yusaku Sugaya,S0XQ,JPN,,,,,,,,,,
Bjorn Swenson,S0TU,USA,,,,,,,,,,
Dean Thurner,T0E1,GER,,,,,,,,,,
Emon Van Loben Sels,V0HG,USA,,,,,,,,,,
Jakub Wojcik,WA96,USA,,,,,,,,,,
Yamato Yukawa,Y0BM,JPN,,,,,,,,,,
Gonzalo Zeitune,Z0CM,ARG,,,,,,,,,,
Muni Ananth Mani,A0MH,IND,,,,,,,,,,
Dusan Baranec,B0PR,SVK,,,,,,,,,,
Marcell Bartakovics,B0CC,HUN,,,,,,,,,,
Sami Ben Abdennibi,B0FD,MAR,,,,,,,,,,
Dakotah Bobo,B0UZ,USA,,,,,,,,,,
Leonardo Borrelli,B0M8,ITA,,,,,,,,,,
Miguel Angel Cabrera,C0NG,CHI,,,,,,,,,,
Mateo Carballo,C0SU,ARG,,,,,,,,,,
Antonio Caruso,C0HH,ITA,,,,,,,,,,
Reuben De Klerk,D0MN,RSA,,,,,,,,,,
Mathys Domenc,D0LZ,FRA,,,,,,,,,,
Hong-Lin Fu,F0BN,TPE,,,,,,,,,,
Timothy Gray,G0K1,AUS,,,,,,,,,,
Benjamin Gusic - Wan,G0NL,GBR,,,,,,,,,,
Yeonsu Jeong,J0E8,KOR,,,,,,,,,,
William Jucha,J0DJ,FRA,,,,,,,,,,
Atakan Karahan,K0KX,TUR,,,,,,,,,,
Ivan Kazakov,K0HP,RUS,,,,,,,,,,
Matt Kleiman,K0O6,USA,,,,,,,,,,
Krittin Koaykul,KE42,THA,,,,,,,,,,
Nicolas Kobelt,K0JB,SUI,,,,,,,,,,
Weiyi Kong,K0NH,CHN,,,,,,,,,,
Daniel Lara Salmeron,L0EI,ESP,,,,,,,,,,
Jules Leroux,L0J2,FRA,,,,,,,,,,
Shaoyun Liu,L0K1,CHN,,,,,,,,,,
Dylan Long,L0MN,USA,,,,,,,,,,
William Manning,M0YD,USA,,,,,,,,,,
Matteo Mesaglio,M0WS,ITA,,,,,,,,,,
Ahmed Mouhan,M0GD,LBA,,,,,,,,,,
Bernardo Munk Mesa,M0PF,ESP,,,,,,,,,,
Ren Nakamura,N786,JPN,,,,,,,,,,
Jannik Opitz,O663,GER,,,,,,,,,,
Fabrizio Karol Pio Osti,O0D5,ITA,,,,,,,,,,
Charlie Pade,P0NF,AUS,,,,,,,,,,
Piotr Pawlak,P0GJ,POL,,,,,1998-02-20,"Gdańsk, Poland",,,,
Peter Benjamin Privara,P0GP,SVK,,,,,,,,,,
Hiroki Sakagawa,S0ZD,JPN,,,,,,,,,,
Michalis Sakellaridis,S0G3,GRE,,,,,,,,,,
Manuel Sanchez,SI82,MEX,,,Right-Handed,,1991-01-05,San Luis Potosí,,,511,"$37,834"
Piotr Siekanowicz,S0ZT,POL,,,,,,,,,,
Gabriel Tumasonis,TE14,BRA,,,,,,,,,,
Guillermo Tunas,D0M9,MEX,,,,,,,,,,
Fons Van Sambeek,V0EM,NED,,,,,,,,,,
Ronetto Van Tilburg,V0HT,NED,,,,,,,,,,
Aditya Vishal Balsekar,V0GI,IND,,,,,,,,,,
Elias Julian Werner,W0D9,GER,,,,,,,,,,
Yash Yadav,Y09D,IND,,,,,,,,,,
Max Benaim,B0AL,GBR,,,,,,,,,,
Alessandro Coccioli,C0L9,ITA,,,,,,,,,,
Sven Corbinais,C0K4,FRA,,,,,,,,,,
Guy Den Heijer,DH18,NED,,,,,,,,,,
Rahul Dhokia,D0EF,GBR,,,,,,,,,,
Hamza El Amine,E0C5,MAR,,,,,,,,,,
Patrick Foley,F0AB,GBR,,,,,,"Old Leighlin, County Carlow, Ireland",,,,
Seonyong Han,H0DP,KOR,,,,,,,,,,
Bruno Kokot,K0M0,POL,,,,,,,,,,
Karl Kazuma Lee,L0KA,USA,,,,,,,,,,
Noah Lopez,L0G1,SUI,,,,,,,,,,
Joel Angel Lucero,LH86,ARG,,,,,,,,,,
Alexander Maggs,M0SF,GBR,,,,,,,,,,
Cian Maguire,M0RU,IRL,,,,,,,,,,
Weiwen Pan,P0OS,CHN,,,,,,,,,,
Drazen Petrovic,P0IA,BIH,,,,,1964-10-22,"Šibenik, Croatia",,,,
Dominik Recek,RD58,CZE,,,,,,,,,,
Atharva Sharma,S0LV,IND,,,,,,,,,,
Mikal Statham,SG78,NZL,,,Right-Handed,,1987-04-25,"London, United Kingdom",,,381,"$34,082"
Vullnet Tashi,TD06,KOS,,,,,,,,,,
Breno Rossetto Urvaneja,U0A9,BRA,,,,,,,,,,
Lars Goran Verwerft,V0GJ,BEL,,,,,,,,,,
Miha Vetrih,V0GB,SLO,,,,,,,,,,
Edouard Villoslada,V0EQ,FRA,,,,,,,,,,
Alexander Wagner,W0F2,AUT,,,,,,,,,,
Vitaliy Zatsepin,Z0CT,KAZ,,,,,,,,,,
Mateo Luis Alvarez Sarmiento,A0JL,ESP,,,,,,,,,,
Melih Anavatan,A0LV,TUR,,,,,,,,,,
Alexander Bravo,B0SU,PUR,,,,,,,,,,
Vlad Andrei Dancu,DH53,ROU,,,,,,,,,,
Tobias Franco,F0DZ,ARG,,,,,,,,,,
Oscar Galimardanov,G0H1,RUS,,,,,,,,,,
Federico Garbero,G0OL,ITA,,,,,,,,,,
Erik Grevelius,G0EY,SWE,"6' 0""",1.83m,Right-Handed,Two-Handed,2000-06-24,"Lidingö, Sweden",,,266,"$16,458"
Henri Haupt,H0HN,GER,,,,,,,,,,
Jack Karlsson Wistrand,K0JC,SWE,,,,,,,,,,
Rein Koenders,K0M3,NED,,,,,,,,,,
Goncalo Marques,M0VL,POR,,,,,,,,,,
Andrea Meduri,M0NX,ITA,,,,,,,,,,
Arjun Mehrotra,M0CE,AUS,,,,,,,,,,
Silvio Mencaglia,M0Y6,ITA,,,,,,,,,,
Saba George Nanobashvili,N0ET,SWE,,,,,,,,,,
Joao Portugal,P0O4,POR,,,,,,,,,,
Martins Rocens,R0CT,LAT,"6' 1""",1.85m,Right-Handed,Two-Handed,2000-04-09,"Riga, Latvia",,,1,"$5,398"
Gheorghe Claudiu Schinteie,S0SE,ROU,,,,,,,,,,
Rafael Segado Esteve,S0TZ,ESP,,,,,,,,,,
Glib Sekachov,S1C1,UKR,,,,,,,,,,
Kian Vakili,V0G9,USA,,,,,,,,,,
Lazar Vojinovic,V0B5,SRB,,,,,,,,,,
Kerem Yilmaz,Y0B7,TUR,,,,,,,,,,
Benjamin Zuniga Garcia,Z0DM,CHI,,,,,,,,,,
Marco Alvarez,A0J7,USA,,,,,,,,,,
Alejandro Bancalari,B0LT,CHI,,,,,,,,,,
Liam Delicata,D0IA,MLT,,,,,,,,,,
Jonas Gundacker,G0LR,AUT,,,,,,,,,,
Kabir Hans,H0CP,IND,,,,,,,,,,
Ryusuke Horiuchi,H0BP,JPN,,,,,,,,,,
Jakub Jedrzejczak,J0EE,POL,,,,,,,,,,
Matt Ponchet,P0IV,FRA,,,,,,,,,,
Essa Qabazard,Q027,KUW,,,,,,,,,,
Michael Shaw,S0A6,GBR,,,,,,,,,,
Mattias Southcombe,S0SM,GBR,,,,,,,,,,
Minghui Zhang,Z0D7,CHN,,,,,,,,,,
Louis Allen,A0GR,GBR,,,,,1919-04-25,"Amite County, Mississippi U.S.",,,,
Federico Campana,C0FR,ITA,,,,,,,,,,
Marcos Lee Chan Baratau,C0KL,ECU,,,,,,,,,,
Nicolas Hollender,H0GM,ARG,,,,,,,,,,
Makar Krivoshchekov,K0J6,RUS,,,,,,,,,,
Enmanuel Munoz,M0P3,DOM,,,,,,,,,,
Kyle Overmyer,O0BG,USA,,,,,,,,,,
Rocco Piatti,P0GD,ITA,,,,,,,,,,
Nicola Rispoli,R0B3,ITA,,,,,,,,,,
Daniel Uta,U0AC,ROU,,,,,,,,,,
Yuttana Charoenphon,C0E6,THA,,,Right-Handed,Two-Handed,2000-08-14,"Angthong, Thailand",,,1106,"$16,980"
Nicolas Garcia Longo,G0KV,ARG,,,,,,,,,,
Aryan Lakshmanan,L0JS,IND,,,,,,,,,,
Kazuki Nishiwaki,N934,JPN,,,,,,,,,,
Justin Roberts,RH17,BAH,,,,,1979-12-29,"Chicago, IL, U.S.",,,,
Zhan Zheng,Z0CV,CHN,,,,,,,,,,
Abraham Asaba,AE17,GHA,,,,,,,,,,
Stefan Kostic,K0KM,AUS,,,,,,,,,,
Leo Lagarrigue,L0L7,FRA,,,,,,,,,,
Guilherme Valdoleiros,V0C4,POR,,,,,,,,,,
Stijn Paardekooper,P0MI,NED,,,,,,,,,,
Benjamin Torres,T0FN,CHI,,,,,,,,,,
Slimane Saoudi,S773,ALG,,,Left-Handed,,1975-07-23,,1993-01-01,2008-01-01,422,"$161,196"
Rayane Roumane,RH54,ALG,"6' 4""",1.93m,Right-Handed,Two-Handed,2000-09-11,"Montreuil, France",,,805,"$32,282"
Sid-Ali Akkal,A507,ALG,,,,,,,,,,
Yassine Amier,A187,ALG,,,,,,,,,,
Rachid Baba-Aisa,B971,ALG,,,,,,,,,,
Mehdi Bouabbane,BE29,ALG,,,,,,,,,,
Sebti Bounaib,B0HK,ALG,,,Right-Handed,,1949-12-13,"Constantine, Algeria",,,,
Eddy Chala,C870,ALG,,,,,,,,,,
Noudim Hakimi,H562,ALG,,,,,,,,,,
Abdelhak Hameurlaine,H298,ALG,,,,,1972-03-19,,,,,
Ouassel Hared,H454,ALG,,,,,,,,,,
Kamel Harrad,H0CY,ALG,,,,,,,,,,
Abdeslam Mahmoudi,M0J7,ALG,,,,,1935-12-30,"Constantine, Algeria",,,,
Mohamed-Redha Ouahab,O250,ALG,,,,,,,,,,
Valentin Rahmine,RB36,ALG,,,,,,,,,,
Sofiane Rais-Ali,R0AM,ALG,,,,,,,,,,
Hocine Younes,Y0AC,ALG,,,,,,,,,,
Sargis Sargsian,S545,ARM,"5' 11""",1.80m,Right-Handed,Two-Handed,1973-06-03,"Yerevan, Armenia",1995-01-01,2006-01-01,33,"$2,603,732"
David Babayan,B972,ARM,,,,,1973-04-05,"Stepanakert, Azerbaijan",,,,
Tsolak Gevorgyan,G729,ARM,,,,,,,,,,
Tsolak Gevorkian,G384,ARM,,,,,,,,,,
Tigran Martirosyan,MA96,ARM,,,Right-Handed,,1983-07-12,"Meghri, Armenia",,,425,"$30,558"
Harutyun Sofyan,SD28,ARM,,,,,,,,,,
Leonce Aslangul,AD96,ARM,,,,,1898-10-27,"Paris, France",,,,
Agustin Calleri,C478,ARG,"6' 0""",1.83m,Right-Handed,One-Handed,1976-09-14,"Río Cuarto, Córdoba, Argentina",1995-01-01,2010-01-01,52,"$3,753,387"
Jose Acasuso,A389,ARG,"6' 3""",1.90m,Right-Handed,One-Handed,1982-10-20,"Posadas, Misiones, Argentina",1999-01-01,2012-01-01,27,"$3,642,422"
Leonardo Mayer,MD56,ARG,"6' 3""",1.91m,Right-Handed,One-Handed,1987-05-15,"Corrientes, Argentina",2003-01-01,2021-01-01,48,"$7,035,089"
Mariano Zabaleta,Z073,ARG,"5' 11""",1.82m,Right-Handed,,1978-02-28,"Tandil, Argentina",1996-01-01,2010-01-01,174,"$3,204,127"
Guillermo Canas,C433,ARG,"6' 1""",1.85m,Right-Handed,Two-Handed,1977-11-25,"Buenos Aires, Argentina",1991-01-01,2010-01-01,47,"$5,285,575"
Juan Ignacio Chela,C514,ARG,"6' 3""",1.90m,Right-Handed,Two-Handed,1979-08-30,"Ciudad Evita, Argentina",1998-01-01,,32,"$5,601,394"
Federico Delbonis,D874,ARG,"6' 4""",1.93m,Left-Handed,Two-Handed,1990-10-05,"Azul, Argentina",2007-01-01,2024-01-01,110,"$6,138,770"
Gaston Gaudio,G374,ARG,,,Right-Handed,One-Handed,1978-12-09,"Temperley, Argentina",1996-01-01,2011-01-01,78,"$6,066,156"
Franco Squillari,S568,ARG,"5' 11""",1.82m,Left-Handed,One-Handed,1975-08-22,"Buenos Aires, Argentina",1989-01-01,2005-01-01,387,"$2,504,591"
Juan Monaco,MA21,ARG,"6' 1""",1.85m,Right-Handed,Two-Handed,1984-03-29,"Tandil, Argentina",2002-01-01,,41,"$8,084,437"
Horacio Zeballos,Z184,ARG,"6' 2""",1.88m,Left-Handed,One-Handed,1985-04-27,"Mar del Plata, Argentina",2003-01-01,,1,"$9,367,947"
Juan Martin del Potro,D683,ARG,"6' 6""",1.98m,Right-Handed,Two-Handed,1988-09-23,"Tandil, Argentina",2005-01-01,2022-01-01,105,"$25,896,046"
Mariano Puerta,P372,ARG,"5' 11""",1.80m,Left-Handed,One-Handed,1978-09-19,"San Francisco, Córdoba, Argentina",1998-01-01,2009-01-01,68,"$1,781,372"
Carlos Berlocq,B884,ARG,"6' 0""",1.83m,Right-Handed,One-Handed,1983-02-03,"Chascomús, Argentina",2001-01-01,,50,"$4,253,764"
David Nalbandian,N301,ARG,"5' 11""",1.80m,Right-Handed,Two-Handed,1982-01-01,"Unquillo, Argentina",2000-01-01,2013-01-01,105,"$11,114,755"
Guido Pella,PC11,ARG,"6' 0""",1.83m,Left-Handed,Two-Handed,1990-05-17,"Bahía Blanca, Argentina",2007-01-01,2023-01-01,55,"$6,368,373"
Javier Frana,F041,ARG,"6' 1""",,Left-Handed,One-Handed,1966-12-25,"Rafaela, Argentina",1986-01-01,1997-01-01,14,"$1,691,848"
Hernan Gumy,G247,ARG,"6' 2""",1.88m,Right-Handed,One-Handed,1972-03-05,"Buenos Aires, Argentina",1991-01-01,2001-01-01,232,"$1,226,776"
Guillermo Coria,C524,ARG,"5' 9""",1.75m,Right-Handed,Two-Handed,1982-01-13,"Rufino, Argentina",2000-01-01,,183,"$5,915,620"
Martin Rodriguez,R251,ARG,"5' 10""",1.78m,Right-Handed,,1969-12-18,"Córdoba, Argentina",1991-01-01,2008-01-01,15,"$1,221,361"
Martin Vassallo Arguello,V258,ARG,"6' 1""",1.85m,Right-Handed,One-Handed,1980-02-10,"Temperley, Argentina",1999-01-01,2011-01-01,71,"$1,420,101"
Gaston Etlis,E138,ARG,"6' 1""",1.85m,Right-Handed,One-Handed,1974-11-04,"Buenos Aires, Argentina",1993-01-01,,17,"$1,559,459"
Eduardo Schwank,SE66,ARG,"6' 0""",1.83m,Right-Handed,Two-Handed,1986-04-23,"Rosario, Argentina",2005-01-01,2015-01-01,14,"$1,453,012"
Alberto Mancini,M372,ARG,"5' 11""",1.80m,Right-Handed,One-Handed,1969-05-20,"Misiones, Argentina",1987-01-01,1994-01-01,79,"$1,535,520"
Martin Jaite,J004,ARG,"5' 10""",1.77m,Right-Handed,One-Handed,1964-10-09,"Buenos Aires, Argentina",1983-01-01,1993-01-01,59,"$1,873,881"
Franco Davin,D006,ARG,"5' 8""",1.73m,Left-Handed,One-Handed,1970-01-11,"Pehuajó, Argentina",1986-01-01,1997-01-01,255,"$1,101,560"
Sergio Roitman,R388,ARG,"6' 1""",1.85m,Right-Handed,One-Handed,1979-05-16,"Buenos Aires, Argentina",1996-01-01,2009-01-01,45,"$1,296,022"
Guillermo Perez-Roldan,P190,ARG,"5' 10""",1.78m,Right-Handed,One-Handed,1969-10-20,"Tandil, Argentina",1986-01-01,1996-01-01,74,"$1,686,459"
Gabriel Markus,M412,ARG,"5' 11""",1.80m,Right-Handed,,1970-03-31,"Buenos Aires, Argentina",1989-01-01,,178,"$589,053"
Horacio de la Pena,D008,ARG,"5' 11""",1.80m,Left-Handed,One-Handed,1966-08-01,"Buenos Aires, Argentina",1984-01-01,1994-01-01,53,"$1,234,768"
Maximo Gonzalez,G585,ARG,"5' 8""",1.73m,Right-Handed,Two-Handed,1983-07-20,"Tandil, Argentina",2002-01-01,,10,"$4,367,298"
Christian Miniussi,M069,ARG,"6' 1""",1.85m,Right-Handed,,1967-07-05,"Buenos Aires, Argentina",1984-01-01,1995-01-01,37,"$651,069"
Lucas Arnold Ker,A228,ARG,"5' 11""",1.80m,Right-Handed,,1974-10-12,"Buenos Aires, Argentina",1994-01-01,2016-01-01,21,"$1,745,936"
Roberto Azar,A040,ARG,"6' 1""",1.85m,Left-Handed,,1966-03-21,"Lincoln, Argentina",1984-01-01,,81,"$441,303"
Diego Hartfield,H502,ARG,"6' 1""",1.85m,Right-Handed,Two-Handed,1981-01-31,"Oberá, Argentina",2006-01-01,2010-01-01,149,"$571,141"
Federico Browne,B516,ARG,"5' 11""",,Right-Handed,,1976-04-07,"Buenos Aires, Argentina",1994-01-01,,77,"$370,589"
Juan-Pablo Guzman,G483,ARG,"5' 10""",1.77m,Left-Handed,Two-Handed,1981-01-29,"Buenos Aires, Argentina",1999-01-01,,86,"$408,122"
Edgardo Massa,M714,ARG,"5' 11""",1.80m,Right-Handed,One-Handed,1981-03-22,"Formosa, Argentina",1998-01-01,2008-01-01,102,"$300,279"
Martin Alund,A539,ARG,"6' 0""",1.83m,Right-Handed,One-Handed,1985-12-26,"Mendoza, Argentina",2004-01-01,,103,"$456,298"
Daniel Orsanic,O086,ARG,"6' 0""",1.83m,Left-Handed,,1968-06-11,"Buenos Aires, Argentina",1989-01-01,2003-01-01,24,"$991,800"
Sebastian Prieto,P324,ARG,"5' 11""",1.80m,Right-Handed,,1975-05-19,"Buenos Aires, Argentina",1996-01-01,,22,"$1,271,907"
Brian Dabul,D556,ARG,"5' 7""",1.70m,Left-Handed,Two-Handed,1984-02-24,"Buenos Aires, Argentina",2001-01-01,2012-01-01,79,"$728,653"
Marcelo Charpentier,C375,ARG,"5' 11""",1.80m,Left-Handed,,1973-07-11,"Buenos Aires, Argentina",1992-01-01,,187,"$328,886"
Diego Junqueira,J214,ARG,"5' 10""",1.78m,Left-Handed,Two-Handed,1980-12-28,"Tandil, Argentina",2001-01-01,2014-01-01,156,"$727,371"
Juan Pablo Brzezicki,B764,ARG,"5' 9""",1.77m,Right-Handed,Two-Handed,1982-04-12,"Buenos Aires, Argentina",2001-01-01,2012-01-01,87,"$629,845"
Facundo Arguello,A941,ARG,"5' 10""",1.78m,Right-Handed,Two-Handed,1992-08-04,"Córdoba, Argentina",,,124,"$585,880"
Martin Stringari,S427,ARG,"6' 2""",1.88m,Right-Handed,,1971-10-09,"Buenos Aires, Argentina",1990-01-01,,228,"$175,652"
Sebastian Decoud,D479,ARG,"5' 10""",1.77m,Left-Handed,,1981-09-18,"Curuzú Cuatiá, Argentina",2000-01-01,,177,"$328,980"
Patricio Arnold,A224,ARG,,,Right-Handed,,1971-10-20,"Buenos Aires, Argentina",,,93,"$112,935"
Ignacio Hirigoyen,H365,ARG,"6' 0""",1.83m,Right-Handed,,1976-01-23,"Bahía Blanca, Argentina",1999-01-01,,144,"$108,737"
Agustin Velotti,V620,ARG,,,Right-Handed,,1992-05-24,"Larroque, Argentina",,,290,"$335,776"
Diego Veronelli,V239,ARG,"6' 4""",1.93m,Right-Handed,,1979-12-05,"Buenos Aires, Argentina",1996-01-01,,171,"$179,686"
Juan Garat,G236,ARG,"5' 11""",1.80m,Right-Handed,One-Handed,1973-05-16,"Corrientes, Argentina",1991-01-01,1999-01-01,85,"$122,941"
Francisco Cabello,C457,ARG,"6' 3""",1.90m,Right-Handed,,1972-12-06,"Santa Fe, Argentina",1994-01-01,,122,"$177,975"
Mariano Hood,H322,ARG,"5' 10""",1.78m,Left-Handed,,1973-08-14,"Buenos Aires, Argentina",1993-01-01,2009-01-01,20,"$847,665"
Gustavo Marcaccio,M812,ARG,"5' 7""",1.70m,Right-Handed,,1977-05-03,"Buenos Aires, Argentina",,,240,"$131,434"
Diego Moyano,M538,ARG,"5' 11""",1.80m,Right-Handed,One-Handed,1975-03-14,"Buenos Aires, Argentina",1997-01-01,,158,"$213,394"
Eduardo Medica,M588,ARG,"5' 11""",1.80m,Right-Handed,,1976-02-10,"Buenos Aires, Argentina",1995-01-01,,204,"$107,359"
Francisco Yunis,Y003,ARG,"6' 3""",1.90m,Right-Handed,One-Handed,1964-08-12,"Buenos Aires, Argentina",1982-01-01,1994-01-01,232,"$198,607"
Nicolas Becerra,B351,ARG,"6' 1""",,Right-Handed,,1969-11-06,"Mendoza, Argentina",,,318,"$30,514"
Pablo Albano,A149,ARG,"5' 10""",1.78m,Right-Handed,,1967-04-11,"Buenos Aires, Argentina",1986-01-01,,25,"$933,810"
Eduardo Bengoechea,B035,ARG,"6' 1""",1.85m,Right-Handed,,1959-07-02,"Córdoba, Argentina",,,153,"$476,094"
Diego Del Rio,D226,ARG,"5' 9""",,Right-Handed,,1972-09-04,"Buenos Aires, Argentina",1990-01-01,,66,"$181,755"
Juan-Martin Aranguren,A502,ARG,,,Right-Handed,One-Handed,1983-10-07,"Buenos Aires, Argentina h",2003-01-01,,160,"$165,656"
Martin Garcia,G353,ARG,"6' 3""",1.91m,Right-Handed,,1977-05-02,"Buenos Aires, Argentina",1996-01-01,2008-01-01,21,"$868,540"
Miguel Pastura,P289,ARG,,,Right-Handed,,1973-05-27,,,,182,"$73,220"
Agustin Garizzio,G216,ARG,"6' 1""",1.85m,Right-Handed,,1970-03-19,,1989-01-01,,171,"$56,611"
Luis Lobo,L075,ARG,"5' 11""",1.80m,Right-Handed,,1970-11-09,"Buenos Aires, Argentina",1994-01-01,2002-01-01,12,"$913,682"
Mariano Delfino,D347,ARG,,,Right-Handed,,1977-09-30,"Buenos Aires, Argentina",1997-01-01,,123,"$166,157"
Leonardo Olguin,O117,ARG,,,,,1975-10-08,"Mendoza, Argentina",,,154,"$94,988"
Andres Schneiter,H379,ARG,,,Right-Handed,One-Handed,1976-04-08,"Buenos Aires, Argentina",1994-01-01,2004-01-01,62,"$218,536"
Nicolas Todero,T269,ARG,"6' 0""",,Right-Handed,,1979-04-15,"La Plata, Argentina",1998-01-01,2009-01-01,241,"$188,600"
Andy Zingman,Z059,ARG,,,,,1974-06-16,"Buenos Aires, Argentina",,,232,"$99,269"
Marcelo Ingaramo,I003,ARG,"5' 10""",1.78m,Left-Handed,,1962-10-13,"Córdoba, Argentina",1982-01-01,,134,"$276,559"
Pablo Galdon,G817,ARG,,,,,1985-11-28,"Gálvez, Santa Fe, Argentina",2003-01-01,,231,"$131,555"
Andres Molteni,ME56,ARG,"5' 11""",1.80m,Right-Handed,Two-Handed,1988-03-15,"Buenos Aires, Argentina",2005-01-01,,7,"$2,803,445"
Hector Moretti,M468,ARG,"5' 7""",1.70m,Right-Handed,,1973-01-27,"Buenos Aires, Argentina",1991-01-01,,342,"$81,458"
Elio Lito Alvarez,A057,ARG,,,Right-Handed,,1947-12-05,"Buenos Aires, Argentina",,,104,
Roberto Arguello,A030,ARG,"5' 8""",1.73m,,,1963-05-12,"Rosario, Argentina",,,109,"$241,299"
Guillermo Aubone,A064,ARG,,,Left-Handed,,1954-06-08,"Buenos Aires, Argentina",1974-01-01,,175,
Ricardo Aubone,A672,ARG,,,,,,,,,,
Roberto Aubone,A635,ARG,,,,,1939-04-01,,,,,
Gabriel Auroux,A093,ARG,,,,,,,,,,
Ricardo Cano,C010,ARG,"5' 7""",1.70m,Right-Handed,,1951-12-27,"Buenos Aires, Argentina",,,285,$461
Roberto Carruthers,C133,ARG,,,,,,,,,272,
Carlos Castellan,C025,ARG,"6' 3""",1.90m,Right-Handed,,1962-02-08,"Rosario, Argentina",,,274,
Enrique Caviglia,C145,ARG,,,Right-Handed,,1956-10-21,,,,190,
Jose-Luis Clerc,C039,ARG,"6' 1""",1.85m,Right-Handed,One-Handed,1958-08-16,"Buenos Aires, Argentina",1977-01-01,,30,
Fernando Dalla-Fontana,D068,ARG,"5' 9""",,Right-Handed,,1958-04-10,"Santa Fe, Argentina",,,134,
Fernando Demattei,DC86,ARG,,,,,,,,,,
Oscar Escribano,E640,ARG,,,,,,,,,,
Andres Funes,F944,ARG,,,,,,,,,,
Alejandro Ganzabal,G001,ARG,"5' 11""",1.80m,Right-Handed,,1960-02-16,"Buenos Aires, Argentina",,,89,"$151,882"
Julian Ganzabal,G068,ARG,,,Right-Handed,,1946-08-25,"Buenos Aires, Argentina",,,68,
Gustavo Garetto,G002,ARG,"6' 3""",,Right-Handed,,1965-07-23,"Rafaela, Argentina",,,170,"$42,421"
Antonio Garoni,GF86,ARG,,,,,,,,,,
Alejandro Gattiker,G006,ARG,"5' 11""",1.80m,Right-Handed,,1958-05-05,"Buenos Aires, Argentina",,,119,
Carlos Gattiker,G005,ARG,"5' 9""",1.75m,Right-Handed,,1956-06-06,"Buenos Aires, Argentina",,,110,"$121,831"
Gustavo Giussani,G197,ARG,,,Right-Handed,,1968-03-06,"Salta, Argentina",,,158,"$87,872"
Roberto Graetz,G824,ARG,,,,,,,,,,
Gustavo Guerrero,G047,ARG,"5' 11""",1.80m,Left-Handed,,1959-10-22,"Buenos Aires, Argentina",,,92,
Alejandro Harms,HC20,ARG,,,,,,,,,,
Gustavo Herrero,HC19,ARG,,,,,,,,,,
Norberto Herrero,H735,ARG,,,,,,,,,,
Carlos Junquet,J304,ARG,,,,,,,,,,
Jorge Kon,KF18,ARG,,,,,,,,,,
Carlos Lando,L079,ARG,,,Right-Handed,,,,,,672,
Gustavo Luza,L046,ARG,"6' 1""",1.85m,Right-Handed,,1962-10-11,"Buenos Aires, Argentina",,,37,"$208,619"
Tomas Lynch,L752,ARG,,,Right-Handed,,1947-12-24,,,,,
Jorge Martinez,M0LS,ARG,,,,,,,,,,
Juan Martinez,MP43,ARG,,,,,,,,,,
Francisco Mastelli,M121,ARG,,,,,,,,,,
Gerardo Miceli,MP70,ARG,,,,,,,,,,
Guillermo Minutella,M068,ARG,,,,,,,,,,
Gerardo Mirad,M070,ARG,"5' 11""",,,,1967-08-25,"Rosario, Argentina",,,142,"$31,088"
Enrique Morea,MP49,ARG,,,Right-Handed,,1924-04-11,"Buenos Aires, Argentina",,1968-01-01,10,
Edouardo Prada,PH84,ARG,,,,,,,,,,
Jose Prats,PH82,ARG,,,,,,,,,,
Thierry Quintin,Q009,ARG,,,,,,,,,,
Ernesto Rios,RD79,ARG,,,,,,,,,,
Guillermo Rivas,R028,ARG,,,Right-Handed,,1964-02-09,"Buenos Aires, Argentina",,,289,"$93,919"
Juan Rivera,R129,ARG,,,,,,,,,,
Ricardo Rivera,R030,ARG,"5' 10""",1.78m,,,,,,,,
Hector Romani,R717,ARG,,,,,,,,,,
Carlos Romero,RD80,ARG,,,,,,,,,,
Ernesto Ruiz-Bry,R123,ARG,,,,,,,,,272,
Roberto Saad,S002,ARG,"6' 1""",1.85m,Right-Handed,,1961-06-03,"Tucuman, Argentina",,,36,"$188,147"
Juan-Carlos Santiago,SR41,ARG,,,,,,,,,,
Eduardo Soriano,SC14,ARG,,,,,1936-10-13,"Buenos Aires, Argentina",,,,
Lorenzo Soriano,S201,ARG,,,,,,,,,,
Thomas Stalhandske,S076,ARG,"6' 3""",,Right-Handed,,1961-10-02,"Buenos Aires, Argentina",,,227,"$18,528"
Gustavo Tiberti,T020,ARG,"5' 9""",1.75m,Right-Handed,,1959-12-11,"Rosario, Argentina",,,67,
Oscar Valdivieso,V871,ARG,,,,,,,,,,
Jason Van Kerckhoven,V870,ARG,,,,,,,,,,
Julio Van Kerckhoven,V877,ARG,,,,,,,,,,
Hugo Varela,V080,ARG,,,Right-Handed,,1992-06-30,"Vigo, Spain",2010-01-01,,128,
Tito Vazquez,V051,ARG,,,Right-Handed,,1949-01-01,"Galicia, Spain",,,,
Oscar Wegner,W0E8,ARG,,,,,1939-07-26,"Buenos Aires, Argentina",,,,
Gerardo Wortelboer,W436,ARG,,,,,,,,,,
Juan Carlos Yunis,Y004,ARG,,,,,1960-01-17,,,,219,
Roberto Alvarez,A207,ARG,,,,,1971-02-23,,,,241,"$38,841"
Patricio Arquez,A318,ARG,,,,,1980-04-12,,,,300,"$55,233"
Ernesto Della Paolera,DD39,ARG,,,,,,,,,,
Otto Hauser,HD85,ARG,,,,,,,,,,
Alejandro Kon,K783,ARG,,,,,,,,,,
Carlos Morea,MS72,ARG,,,,,,,,,,
L. Morea,MR49,ARG,,,,,,,,,,
Damian Patriarca,P634,ARG,,,Right-Handed,,1983-06-28,"Paraná, Entre Ríos, Argentina",,,173,"$99,782"
Juan Carlos Rodriguez,R034,ARG,,,,,,,,,,
Salvador Soriano,ST43,ARG,,,,,,,,,,
Americo Cattaruzza,CK37,ARG,,,,,1904-08-25,,,1951-01-01,,
Guillermo Vilas,V028,ARG,"5' 11""",1.80m,Left-Handed,One-Handed,1952-08-17,"Buenos Aires, Argentina",,1992-01-01,13,"$4,923,882"
Lucilo Del Castillo,DE49,ARG,,,,,,,,,,
Guillermo Robson,RF53,ARG,,,,,1903-06-25,"Buenos Aires, Argentina",,,,
Heraldo Weiss,W813,ARG,,,,,1917-08-31,"Lomas de Zamora, Buenos Aires, Argentina",1939-01-01,1951-01-01,,
Adriano Zappa,Z427,ARG,,,,,,"Buenos Aires, Argentina",,1949-01-01,,
Ronald Boyd,BQ14,ARG,,,,,,,,,,
Alejo Russell,R132,ARG,,,Right-Handed,One-Handed,,"Córdoba, Argentina",,1955-01-01,,
Davn Santiago,S188,ARG,,,,,,,,,,
Carlos Caminos,CK64,ARG,,,,,,,,,,
Oscar Furlong,F990,ARG,,,,,1927-10-22,"Buenos Aires, Argentina",,,,
Daniel Harms,HC34,ARG,,,,,,,,,,
Jose-Luis Morea,MR52,ARG,,,,,,,,,,
George Williams,W883,ARG,,,,,,,,,,
Francesco Bryans,BQ07,ARG,,,,,,,,,,
Henry Knight,KH29,ARG,,,,,,,,,,
Stanley Knight,KH46,ARG,,,,,,,,,,
Carlos Magrane,MS40,ARG,,,,,,,,,,
Andres Sissener,SU95,ARG,,,,,,,,,,
Hector Etchart,E935,ARG,,,,,,,,,,
Enrique Obarrio,O588,ARG,,,,,,,,,,
Alejandro Martinez,MJ30,ARG,,,,,,,,,,
Jorge Todero,T059,ARG,,,,,,,,,,
Mark Philippoussis,P338,AUS,"6' 5""",,Right-Handed,One-Handed,1976-11-07,"Melbourne, Victoria, Australia",1994-01-01,,18,"$6,987,402"
Lleyton Hewitt,H432,AUS,"5' 10""",1.78m,Right-Handed,Two-Handed,1981-02-24,"Adelaide, South Australia",1998-01-01,,18,"$20,889,965"
Wayne Arthurs,A202,AUS,"6' 3""",1.90m,Left-Handed,One-Handed,1971-03-18,"Adelaide, Australia",1990-01-01,2007-01-01,11,"$3,687,809"
Patrick Rafter,R255,AUS,"6' 1""",,Right-Handed,One-Handed,1972-12-28,"Mount Isa, Queensland, Australia",1991-01-01,,6,"$11,133,128"
Richard Fromberg,F164,AUS,"6' 5""",1.96m,Right-Handed,Two-Handed,1970-04-28,"Ulverstone, Tasmania, Australia",1988-01-01,2005-01-01,159,"$2,605,740"
Jason Stoltenberg,S331,AUS,"6' 1""",1.85m,Right-Handed,One-Handed,1970-04-04,"Narrabri, Australia",1987-01-01,2001-01-01,23,"$3,259,607"
Mark Woodforde,W035,AUS,"6' 2""",,Left-Handed,Two-Handed,1965-09-23,"Adelaide, South Australia, Australia",1984-01-01,2000-01-01,1,"$8,551,305"
Michael Tebbutt,T195,AUS,"6' 3""",1.90m,Left-Handed,,1970-12-22,"Sydney, Australia",1993-01-01,,28,"$1,114,448"
Chris Guccione,G621,AUS,"6' 7""",,Left-Handed,One-Handed,1985-07-30,"Melbourne, Victoria, Australia",2003-01-01,,38,"$1,761,876"
Sam Groth,G940,AUS,"6' 4""",1.94m,Right-Handed,One-Handed,1987-10-19,"Narrandera, New South Wales, Australia",2006-01-01,2018-01-01,24,"$1,950,436"
Scott Draper,D270,AUS,"5' 9""",1.75m,Left-Handed,,1974-06-05,"Brisbane, Australia",1993-01-01,2005-01-01,132,"$1,594,598"
Sandon Stolle,S443,AUS,"6' 4""",1.93m,Right-Handed,Two-Handed,1970-07-13,"Sydney, Australia",1991-01-01,2003-01-01,2,"$3,762,442"
Matthew Ebden,E690,AUS,"6' 2""",,Right-Handed,Two-Handed,1987-11-26,"Durban, South Africa",2006-01-01,,1,"$6,675,286"
John Millman,MH30,AUS,"6' 0""",1.83m,Right-Handed,Two-Handed,1989-06-14,"Brisbane, Australia",2006-01-01,,165,"$5,472,109"
Jamie Morgan,M408,AUS,"6' 1""",,Right-Handed,,1971-06-08,"Sydney, Australia",1990-01-01,,122,"$640,354"
Todd Woodbridge,W136,AUS,"5' 10""",,Right-Handed,One-Handed,1971-04-02,"Sydney, New South Wales, Australia",1988-01-01,2005-01-01,1,"$10,078,820"
Andrew Ilie,I052,AUS,"5' 11""",1.80m,Right-Handed,One-Handed,1976-04-18,"Bucharest, Romania",1994-01-01,2003-01-01,296,"$1,327,838"
Wally Masur,M030,AUS,"5' 11""",,Right-Handed,One-Handed,1963-05-13,"Southampton, England, United Kingdom",1982-01-01,1995-01-01,8,"$3,134,718"
Marinko Matosevic,ME05,AUS,"6' 4""",1.93m,Right-Handed,Two-Handed,1985-08-08,"Jajce, Bosnia and Herzegovina",2003-01-01,2018-01-01,114,"$2,041,040"
Peter Luczak,L515,AUS,"6' 0""",1.83m,Right-Handed,Two-Handed,1979-08-31,"Warsaw, Poland",2000-01-01,,98,"$1,348,936"
Neil Borwick,B298,AUS,"6' 4""",,,,1967-09-15,"Redcliffe, Queensland, Australia",,,60,
Carsten Ball,BD59,AUS,"6' 6""",1.98m,Left-Handed,Two-Handed,1987-06-20,"Newport Beach, CA, U.S.",2005-01-01,2016-01-01,54,"$671,061"
Simon Youl,Y002,AUS,"6' 1""",,Right-Handed,One-Handed,1965-07-01,"Symmons Plains, Tasmania, Australia",1982-01-01,1994-01-01,63,"$930,856"
Nathan Healey,H431,AUS,"5' 11""",,Right-Handed,,1980-02-27,"Gosford, Australia",1998-01-01,,58,"$552,190"
Pat Cash,C023,AUS,"6' 0""",1.83m,Right-Handed,One-Handed,1965-05-27,"Melbourne, Australia",1982-01-01,,6,"$1,950,345"
Todd Reid,R583,AUS,"5' 11""",1.80m,Right-Handed,Two-Handed,1984-06-03,"Sydney, Australia",2002-01-01,2014-01-01,305,"$302,000"
John-Patrick Smith,SJ55,AUS,"6' 2""",,Left-Handed,Two-Handed,1989-01-24,"Townsville, Queensland",,,52,"$1,999,448"
Darren Cahill,C001,AUS,"6' 1""",1.85m,Right-Handed,One-Handed,1965-10-02,"Adelaide, Australia",1984-01-01,1995-01-01,10,"$1,349,247"
Joseph Sirianni,S673,AUS,"5' 9""",1.75m,Right-Handed,One-Handed,1975-01-17,"Melbourne, Australia",1996-01-01,2011-01-01,107,"$447,569"
Ben Ellwood,E143,AUS,"5' 10""",,Right-Handed,,1976-03-12,"Canberra, Australia",1994-01-01,,66,"$388,461"
Robert Smeets,SD56,AUS,"6' 2""",1.87m,Left-Handed,Two-Handed,1985-11-10,"Sliedrecht, Netherlands",,2011-01-01,109,"$355,595"
Peter Tramacchi,T156,AUS,"6' 1""",,Right-Handed,,1970-11-08,"Gympie, Queensland, Australia",1992-01-01,,45,"$526,544"
Paul Baccanello,B681,AUS,"6' 0""",1.83m,Right-Handed,,1979-06-12,"Adelaide, Australia",,,169,"$261,855"
John Fitzgerald,F028,AUS,"6' 0""",1.83m,Right-Handed,One-Handed,1960-12-28,"Cummins, South Australia",1980-01-01,1997-01-01,1,"$3,207,272"
Matthew Barton,BH98,AUS,"6' 3""",1.91m,Right-Handed,Two-Handed,1991-12-16,"Sydney, Australia",2012-01-01,,306,"$269,379"
Michael Hill,H349,AUS,"6' 1""",1.87m,Right-Handed,,1974-06-30,"Sydney, Australia",1997-01-01,2005-01-01,18,"$601,306"
Grant Doyle,D227,AUS,"5' 11""",,Right-Handed,,1974-01-09,"Sydney, Australia",1990-01-01,,165,"$318,037"
Alun Jones,J233,AUS,,,Right-Handed,,1980-04-26,"Boksburg, South Africa",2000-01-01,,149,"$298,154"
James Sekulov,S626,AUS,"6' 0""",,,,1976-10-13,"Perth, Western Australia",,,123,"$244,696"
Paul Kilderry,K244,AUS,"5' 9""",,Right-Handed,,1973-04-11,"Perth, Western Australia, Australia",,,67,"$551,195"
Benjamin Mitchell,MK40,AUS,"6' 0""",,Right-Handed,Two-Handed,1992-11-30,"Gold Coast, Queensland, Australia",2008-01-01,,303,"$302,377"
Nick Lindahl,L836,AUS,"6' 0""",1.83m,Right-Handed,Two-Handed,1988-07-31,"Malmö, Sweden",2006-01-01,,585,"$217,220"
Greg Jones,J361,AUS,"6' 4""",1.93m,Right-Handed,Two-Handed,1989-01-31,"Sydney, New South Wales, Australia",2007-01-01,,216,"$337,512"
Luke Smith,S765,AUS,"6' 2""",,,,1976-10-25,"Adelaide, Australia",,,155,"$84,208"
Mark Kratzmann,K021,AUS,"5' 10""",,Left-Handed,One-Handed,1966-05-17,"Murgon, Australia",1984-01-01,1992-01-01,5,"$1,378,936"
Heath Denman,D210,AUS,,,,,1971-01-17,"Ipswich, Queensland, Australia",,,204,"$60,213"
Jaymon Crabb,G386,AUS,"6' 4""",,Right-Handed,,1978-03-06,"Bunbury, Australia",1997-01-01,,146,"$184,842"
Andrew Whittington,W630,AUS,"6' 2""",,Right-Handed,Two-Handed,1993-08-11,"Williamstown, Victoria, Australia",2010-01-01,2019-01-01,74,"$482,706"
Luke Bourgeois,B600,AUS,"6' 2""",,Right-Handed,,1977-03-03,"Sydney, Australia",,,169,"$120,817"
Brent Larkham,L229,AUS,"5' 10""",1.78m,Right-Handed,,1972-01-08,"Canberra, Australia",,,128,"$144,612"
Todd Larkham,L257,AUS,"5' 10""",1.78m,Right-Handed,One-Handed,1974-10-13,"Canberra, Australia",1993-01-01,,168,"$306,108"
Roger Rasheed,R170,AUS,,,Right-Handed,,1969-03-10,"Adelaide, Australia",1989-01-01,2005-01-01,134,
Adam Kennedy,K612,AUS,,,,,,,,,,
Carl Limberger,L030,AUS,"5' 7""",,Right-Handed,,1964-01-24,"Wagga Wagga, New South Wales, Australia",1983-01-01,,53,"$431,503"
Marc Kimmich,K676,AUS,"6' 0""",,Right-Handed,,1983-01-21,"Stuttgart, Germany",1999-01-01,,331,"$70,565"
Andrew Kratzmann,K201,AUS,"6' 4""",1.93m,Right-Handed,,1971-11-03,"Murgon, Queensland, Australia",1990-01-01,,13,"$976,085"
Mark Draper,D206,AUS,"5' 10""",1.78m,,,,,,,,
Broderick Dyke,D049,AUS,"6' 0""",,Left-Handed,,1960-12-31,"Gumeracha, Australia",,,23,"$827,093"
Andrew Harris,HB29,AUS,"6' 0""",,Right-Handed,One-Handed,1994-03-07,"Box Hill, New South Wales, Australia",2011-01-01,,84,"$415,212"
Joshua Eagle,E122,AUS,"6' 0""",1.83m,Right-Handed,,1973-05-10,"Toowoomba, Queensland",,,11,"$1,421,375"
Johan Anderson,A163,AUS,"5' 7""",,Right-Handed,,1971-09-29,"Västerås, Sweden",,,178,"$247,738"
Ryan Henry,H596,AUS,,,Right-Handed,,1984-10-14,"Forster, New South Wales, Australia",2002-01-01,,271,"$27,824"
Harry Bourchier,BJ05,AUS,"6' 1""",1.85m,Right-Handed,Two-Handed,1996-01-24,"Hobart, Australia",,,275,"$153,136"
Ashley Naumann,N204,AUS,,,Right-Handed,,1970-07-02,"Toowoomba, Queensland, Australia",,,299,"$22,360"
Allen Belobrajdic,B510,AUS,,,,,1976-09-18,"Sydney, Australia",,,335,"$83,068"
Peter Doohan,D036,AUS,"6' 3""",,Right-Handed,One-Handed,1961-05-02,"Newcastle, New South Wales, Australia",,,15,"$445,192"
John Arbanas,A188,AUS,,,,,1970-02-07,,,,640,
Paul Hanley,H421,AUS,"6' 0""",1.82m,Right-Handed,One-Handed,1977-11-12,"Melbourne, Australia",1997-01-01,,5,"$2,834,776"
Jurek Stasiak,S637,AUS,,,Right-Handed,,1978-04-23,"Gdańsk, Poland",,,536,"$37,058"
Matthew Breen,B585,AUS,,,Right-Handed,,1976-06-12,,,,182,"$59,047"
Toby Mitchell,M632,AUS,,,Right-Handed,,1976-03-01,"Leongatha, Victoria, Australia",,,208,"$53,242"
Colin Ebelthite,E629,AUS,"5' 10""",,,,1984-11-27,"Adelaide, Australia",2000-01-01,2013-01-01,98,"$201,506"
Jason Cask,C278,AUS,"5' 10""",,Right-Handed,,1971-02-07,"Sydney, Australia",1989-01-01,,314,"$12,704"
Jay Gooding,G404,AUS,"6' 2""",,,,1976-05-13,"Melbourne, Victoria, Australia",,,400,"$26,453"
Rameez Junaid,J230,AUS,,,Right-Handed,One-Handed,1981-05-25,"Faisalabad, Punjab, Pakistan",,,62,"$496,029"
Andrew McLean,M407,AUS,,,,,1969-07-20,,,,406,
Todd Perry,P485,AUS,"5' 9""",,Right-Handed,,1976-03-17,"Adelaide, Australia",1998-01-01,,16,"$777,545"
Steven Baldas,B473,AUS,"5' 11""",1.80m,Right-Handed,,1974-06-18,"Adelaide, Australia",,,265,"$7,440"
Raphael Durek,D526,AUS,"6' 2""",1.88m,Right-Handed,,1984-02-02,"Belo Horizonte, Brazil",,,150,"$94,218"
David Macpherson,M004,AUS,"5' 9""",,Left-Handed,,1967-07-03,"Launceston, Tasmania, Australia",1985-01-01,2003-01-01,11,"$1,729,899"
Bret Richardson,R173,AUS,"5' 10""",,,,1971-01-23,"Launceston, Australia",,,288,"$13,676"
Archie Adams,A003,AUS,,,,,,,,,,
Terry Addison,A056,AUS,"5' 11""",,,,1946-01-11,"Wondai, Queensland",,,100,
John Alexander,A014,AUS,"6' 3""",1.90m,Right-Handed,One-Handed,1951-07-04,"Sydney, Australia",,1985-01-01,15,"$1,214,079"
Adam Anderson,A162,AUS,"5' 11""",,,,1969-12-21,"Sydney, Australia",,,311,
Mal Anderson,A060,AUS,,,Right-Handed,One-Handed,1935-03-03,"Theodore, Queensland",,1977-01-01,2,
Syd Ball,B106,AUS,"6' 2""",1.88m,Right-Handed,,1950-01-24,"Sydney, Australia",,,22,
Russell Barlow,B010,AUS,,,Left-Handed,,1962-12-18,"Toowoomba, Queensland",,,118,"$61,805"
Shane Barr,B294,AUS,"6' 4""",,Right-Handed,,1969-10-21,"Redcliffe, Queensland, Australia",,,192,"$72,239"
John Bartlett,B123,AUS,"6' 2""",1.88m,Right-Handed,,1948-03-17,"Woonona, NSW, Australia",,,38,
Ken Barton,B108,AUS,,,,,,,,,,
Ian Bersin,B217,AUS,,,,,,,,,,
Bill Bowrey,B224,AUS,,,Right-Handed,,1943-12-25,"Sydney, Australia",,1975-01-01,8,
Greg Braun,B184,AUS,,,,,,,,,269,
John Brown,B227,AUS,,,,,1940-07-12,"Melbourne, Victoria",,,,
Michael Brown,B395,AUS,,,,,,"Wollongong, Australia",,,203,"$22,903"
Peter Campbell,C079,AUS,,,,,1950-11-10,"Melbourne, Victoria",,,179,
Bob Carmichael,C080,AUS,"6' 0""",,Right-Handed,One-Handed,,"Melbourne, Australia",,1979-01-01,10,
David Carter,C072,AUS,"6' 0""",,Right-Handed,,1956-04-21,"Bundaberg, Queensland, Australia",,,126,
Peter Carter,C017,AUS,"5' 11""",,Right-Handed,One-Handed,1964-08-09,"Adelaide, Australia",,,117,"$70,705"
Ross Case,C020,AUS,,,Right-Handed,,1951-11-01,"Toowoomba, Queensland, Australia",,1983-01-01,14,
Simon Clarke,CH70,AUS,,,,,,,,,,
Tim Clements,C163,AUS,,,,,,,,,,
Dale Collings,C085,AUS,,,Right-Handed,,1955-12-16,"Southport, Queensland, Australia",,,101,
Karl Coombes,C087,AUS,"5' 11""",,,,1947-12-17,"Sydney, Australia",,,162,
Ashley Cooper,C229,AUS,"6' 1""",,Right-Handed,One-Handed,1936-09-15,"Melbourne, Victoria, Australia",,1962-01-01,1,
John Cooper,C171,AUS,,,Right-Handed,One-Handed,1946-11-04,"Alexandra, Victoria, Australia",,1975-01-01,30,
Dick Crealy,C093,AUS,,,Right-Handed,One-Handed,1944-09-18,"Sydney, Australia",,1981-01-01,21,
Gary Cruth,CI24,AUS,,,,,,,,,,
Brett Custer,C059,AUS,"6' 0""",,Right-Handed,,1968-04-01,"Sydney, Australia",,,198,"$34,385"
Owen Davidson,D054,AUS,"6' 1""",1.85m,Left-Handed,One-Handed,1943-10-04,"Melbourne, Victoria, Australia",,1974-01-01,8,
Phil Davies,D142,AUS,,,,,,,,,,
Phil Dent,D074,AUS,"5' 11""",,Right-Handed,One-Handed,1950-02-14,"Sydney, New South Wales, Australia",,1983-01-01,17,
Colin Dibley,D076,AUS,"6' 2""",1.88m,Right-Handed,One-Handed,1944-09-19,"Sydney, Australia",1970-01-01,1981-01-01,26,
Steve Docherty,D078,AUS,,,Right-Handed,,1950-05-06,"Newcastle, Australia",,,86,
Peter Doerner,D079,AUS,,,,,1950-11-17,"Sydney, Australia",,,,
Paul Dogherty,D146,AUS,,,,,,,,,,
Brad Drewett,D040,AUS,"6' 1""",,Left-Handed,,1958-07-19,"Maclean, New South Wales, Australia",1977-01-01,1990-01-01,18,"$755,546"
Charlton Eagle,E001,AUS,"5' 11""",,Right-Handed,,1963-11-30,"Johannesburg, South Africa",1986-01-01,,286,"$29,981"
Mark Edmondson,E005,AUS,"6' 1""",1.85m,Right-Handed,One-Handed,1954-06-28,"Gosford, New South Wales, Australia",,,15,
Brett Edwards,E028,AUS,,,,,,,,,,
Victor Eke,E071,AUS,,,,,1954-11-11,"Sydney, Australia",,,,
Antony Emerson,E016,AUS,,,Right-Handed,,1963-03-29,"Brisbane, Queensland",,,112,
Roy Emerson,E030,AUS,"6' 0""",,Right-Handed,One-Handed,1936-11-03,"Blackbutt, Queensland, Australia",,1983-01-01,1,
David Epstein,E130,AUS,,,,,,,,,,
Ernie Ewert,E066,AUS,,,,,1954-06-05,"Melbourne, Australia",,,,
Charlie Fancutt,F002,AUS,"5' 10""",,Right-Handed,,1959-06-17,"Brisbane, Australia",,,94,"$67,880"
Michael Fancutt,F003,AUS,"6' 3""",,Right-Handed,,1961-02-20,"Brisbane, Australia",,,36,"$73,820"
Ian Fletcher,F071,AUS,,,,,1948-12-01,"Adelaide, Australia",,,56,
Ken Fletcher,F108,AUS,,,Right-Handed,,1940-06-15,"Brisbane, Queensland, Australia",,1973-01-01,1,
Neale Fraser,F113,AUS,"6' 1""",1.85m,Left-Handed,One-Handed,1933-10-03,"Melbourne, Victoria, Australia",,1977-01-01,1,
John Frawley,F040,AUS,"5' 8""",1.73m,Right-Handed,One-Handed,1965-07-04,"Redcliffe, Australia",,,130,"$289,416"
Rod Frawley,F039,AUS,"6' 1""",,Right-Handed,One-Handed,1952-09-08,"Brisbane, Australia",,,23,"$256,333"
Stephen Furlong,F050,AUS,"6' 1""",,Right-Handed,,1967-01-10,"London, England",,,229,"$11,794"
Alvin Gardiner,G070,AUS,,,,,1951-02-11,"Tara, Queensland, Australia",,,90,
Bill Gilmour,G087,AUS,,,Right-Handed,,1960-05-29,,,,600,
Bob Giltinan,G074,AUS,"6' 1""",1.85m,Right-Handed,,1949-07-04,"Sydney, New South Wales",,,16,
David Graham,G037,AUS,"5' 11""",,Right-Handed,,1962-08-04,"Newcastle, New South Wales",,,46,"$78,580"
Brad Guan,G084,AUS,,,Right-Handed,,1958-07-10,,,,107,
Lawrence Hall,H048,AUS,,,,,,,,,,
Anthony Hammond,H133,AUS,,,,,1950-03-16,,,,,
Wayne Hampson,H001,AUS,"6' 0""",,Right-Handed,,1957-08-23,"Monto, Queensland, Australia",,,109,
Jay Harvey,H134,AUS,,,,,,,,,,
Paul Hearnden,HC53,AUS,,,,,,,,,,
Lew Hoad,H132,AUS,"5' 10""",1.79m,Right-Handed,One-Handed,1934-11-23,"Glebe, Australia",,1973-01-01,1,
Bob Howe,H130,AUS,"5' 10""",1.77m,Right-Handed,Two-Handed,1925-08-03,"Sydney, NSW, Australia",,1971-01-01,12,
John James,J029,AUS,"6' 0""",,Right-Handed,,1951-03-07,"Adelaide, Australia",,,349,
Mark Jeffrey,J007,AUS,,,Right-Handed,,,,,,363,
Noel Jensen,J062,AUS,,,,,,,,,,
Peter Johnston,J016,AUS,"5' 10""",,Left-Handed,,1960-06-01,"Melbourne, Australia",1979-01-01,,139,
Chris Johnstone,J014,AUS,"5' 9""",,Right-Handed,,1960-10-12,"Perth, Western Australia",,,114,
Bill Joiner,J559,AUS,"6' 7""",,,,,,,,,
Chris Kachel,K044,AUS,,,Right-Handed,,1955-06-19,"Tamworth, Australia",,,39,
Ray Keldie,K047,AUS,,,,,1946-01-17,,,,113,
Ray Kelly,K086,AUS,,,,,,,,,288,
Paul Kronk,K073,AUS,,,Right-Handed,,1954-09-22,"Toowoomba, Queensland, Australia",,,35,
Anthony Lane,L004,AUS,,,,,,,,,,
Peter Langsford,L124,AUS,,,,,,,,,,
Rod Laver,L058,AUS,"5' 8""",,Left-Handed,One-Handed,1938-08-09,"Rockhampton, Queensland, Australia",,1979-01-01,11,"$1,565,413"
Cliff Letcher,L062,AUS,,,Right-Handed,,1952-02-09,"Pyramid Hill, Australia",,,,
William Lloyd,L064,AUS,,,,,1949-05-07,"Sydney, Australia",,,106,
Warren Maher,M133,AUS,,,Right-Handed,,1957-01-15,"Kew, Victoria, Australia",,,165,
John Marinov,M405,AUS,,,,,,,,,523,
John Marks,M136,AUS,,,Right-Handed,One-Handed,1952-12-09,"Sydney, Australia",1975-01-01,1980-01-01,44,
William Mason,M0KH,AUS,,,,,,,,,,
Geoff Masters,M139,AUS,,,Right-Handed,One-Handed,1950-09-19,"Brisbane, Australia",,1981-01-01,42,
Elwyn McCabe,MO82,AUS,,,,,,,,,,
John McCurdy,M045,AUS,"6' 2""",,Right-Handed,,1960-05-13,"Yarrawonga, Australia",,,169,
Allan McDonald,M281,AUS,,,,,1951-03-01,"Sydney, Australia",,,,
Peter McNamara,M051,AUS,"6' 1""",1.85m,Right-Handed,One-Handed,1955-07-05,"Melbourne, Australia",1974-01-01,1987-01-01,3,"$1,046,935"
Paul McNamee,M050,AUS,"5' 10""",1.78m,Right-Handed,Two-Handed,1954-11-12,"Melbourne, Australia",1973-01-01,1988-01-01,1,"$1,233,615"
Craig A Miller,M066,AUS,"6' 2""",,Right-Handed,,1962-10-18,"Young, New South Wales, Australia",,,64,"$139,258"
Stephen Myers,M180,AUS,,,,,,,,,,
John Newcombe,N044,AUS,"6' 0""",1.83m,Right-Handed,One-Handed,1944-05-23,"Sydney, Australia",,1981-01-01,1,"$1,062,408"
Matt Reid,R977,AUS,"6' 0""",1.83m,Right-Handed,,1990-07-17,"Sydney, Australia",2009-01-01,,60,"$692,569"
Andrew Painter,P357,AUS,"6' 2""",,Right-Handed,,1975-07-18,"Sydney, Australia",1994-01-01,,119,"$80,468"
Trevor Allan,A017,AUS,"5' 10""",1.78m,Left-Handed,,1955-08-17,"Maitland, Australia",,,302,"$79,423"
P. Arndt,A0GD,AUS,,,,,,,,,,
Roger Ashcroft,A0HE,AUS,,,,,,,,,,
Peter Avery,A441,AUS,,,,,,,,,,
Trevor Baker,BM76,AUS,,,,,,,,,,
Mike Baroch,B008,AUS,,,Right-Handed,,1966-06-01,,,,293,"$4,126"
W. Bell,B0LG,AUS,,,,,,,,,,
Vic Bercham,BM77,AUS,,,,,,,,,,
Rick Berry,B0LC,AUS,"6' 2""",,,,1978-11-04,"Birtle, Manitoba, Canada",,,,
Ian Bidmeade,B254,AUS,,,,,,,,,,
M. Billows,B0L1,AUS,,,,,,,,,,
John Blizzard,B206,AUS,,,,,,,,,,
M. Bonner,BM78,AUS,,,,,,,,,,
A. Boss,B0L2,AUS,,,,,,,,,,
C. Bothwell,BN62,AUS,,,,,,,,,,
J. Bougher,BM79,AUS,,,,,,,,,,
Brian Bowman,B221,AUS,,,,,1946-07-22,"Fort Dodge, IA, U.S.",,,,
Ian Brady,BC45,AUS,,,,,1938-01-02,,,,,
Rod Brent,B269,AUS,,,,,,,,,,
Bob Brett,B0KW,AUS,,,,,,,,,,
Robert Brien,BM75,AUS,,,,,1944-10-26,"Sydney, Australia",,,,
Barry Brown,B0L0,AUS,,,,,,,,,,
Robert Buckley,BB57,AUS,,,,,1981-05-02,"Claremont, California, U.S.",,,,
T. Bullock,BN60,AUS,,,,,,,,,,
K. Burden,B0OG,AUS,,,,,,,,,,
Bryan Burrell,B850,AUS,,,,,,,,,,
Glenn Busby,B187,AUS,,,Right-Handed,,,,,,326,
John Byrne,B0KI,AUS,,,,,,,,,,
Max Byrne,B0LH,AUS,,,,,,,,,,
Michael Callaghan,CI29,AUS,,,,,,,,,,
G. Calmin,C0J5,AUS,,,,,,,,,,
R. Campbell,C233,AUS,,,,,,,,,,
G. Cantoni,C0IX,AUS,,,,,,,,,,
Paul Carey,C0J6,AUS,,,,,,,,,,
D. Carswell,C0JM,AUS,,,,,,,,,,
R Carter,C897,AUS,,,,,,,,,,
Robert Casey,C100,AUS,,,,,,,,,,
Robert Casey,C694,AUS,,,,,,,,,,
Tim Clayton,CI00,AUS,,,,,,,,,,
Max Cocks,C695,AUS,,,,,,,,,,
William Coghlan,C228,AUS,,,,,,,,1979-01-01,,
J. Collins,C0JH,AUS,,,,,,,,,,
P. Colquhoun,C0JN,AUS,,,,,,,,,,
Brian Connor,C232,AUS,,,,,,,,,,
Richard Coulthard,C231,AUS,,,,,,,,,,
Wayne Cowley,C194,AUS,"6' 0""",,,,1964-12-04,"Scarborough, Ontario, Canada",,,,
A. Davis,D0H3,AUS,,,,,,,,,,
Tony Dawson,D141,AUS,,,,,1967-08-25,"Kinston, North Carolina",,,,
Paul Deuble,D0FR,AUS,,,,,,,,,,
W. Dominicus,D0H5,AUS,,,,,,,,,,
G. Donald,D0GW,AUS,,,,,,,,,,
Allan D'Orsogna,DC84,AUS,,,,,,,,,,
Phil Double,D0H4,AUS,,,,,,,,,,
Gaylard Dunn,D164,AUS,,,,,,,,,,
William Durham,D140,AUS,,,,,,,,,202,
Peter Dyson,D097,AUS,,,,,,,,,,
John Eastburn,E214,AUS,,,,,,,,,,
P. Eckert,E0BY,AUS,,,,,,,,,,
John Evans,E0C4,AUS,,,,,,,,,,
Andy Fanowries,F948,AUS,,,,,,,,,,
Michael Faulkner,F0EU,AUS,,,,,,,,,,
W. Field,F0EH,AUS,,,,,,,,,,
Paul Fitzgerald,F412,AUS,,,,,,,,,,
William Foley,FA99,AUS,,,,,,,,,,
Garry Forbes,F0E7,AUS,,,,,,,,,,
Brian Ford,F949,AUS,,,,,,,,,,
Donald Forsythe,F0EP,AUS,,,,,,,,,,
Bob Fowler,F0ES,AUS,,,,,,,,,,
K. Franzi,F0EY,AUS,,,,,,,,,,
Lynton Franzi,F0EM,AUS,,,,,,,,,,
John Fraser,F134,AUS,,,Right-Handed,One-Handed,1935-08-01,"Melbourne, Australia",,1968-01-01,,
Alan Frost,F127,AUS,,,,,1943-03-29,"Cairns, Queensland, Australia",,,,
Kevin Furst,F0EX,AUS,,,,,,,,,,
John Gardner,G181,AUS,,,,,,,,,,
Richard Garey,G0HQ,AUS,,,,,,,,,,
Barry Geraghty,G150,AUS,,,,,1979-09-16,"Pelletstown, County Meath, Ireland",,,,
Jay Gibson,G0HT,AUS,,,,,,,,,,
James Gilchrist Jr.,G0HE,AUS,,,,,,,,,,
J. Glassen,G0HV,AUS,,,,,,,,,,
Alan Gooch,GF82,AUS,,,,,,,,,,
D. Graham,G0HL,AUS,,,,,,,,,,
John Peers,PC96,AUS,"6' 2""",,Right-Handed,Two-Handed,1988-07-25,"Melbourne, Victoria, Australia",2011-01-01,,2,"$6,091,157"
Jurgen Melzer,M762,AUT,"6' 0""",1.83m,Left-Handed,Two-Handed,1981-05-22,"Vienna, Austria",1999-01-01,2021-01-01,6,"$10,739,212"
Dominic Thiem,TB69,AUT,"6' 1""",1.85m,Right-Handed,One-Handed,1993-09-03,"Wiener Neustadt, Austria",2011-01-01,2024-01-01,67,"$30,333,255"
Stefan Koubek,K310,AUT,"5' 9""",1.75m,Left-Handed,Two-Handed,1977-01-02,"Klagenfurt, Austria",1994-01-01,2011-01-01,94,"$3,365,024"
Thomas Muster,M099,AUT,"5' 11""",1.80m,Left-Handed,One-Handed,1967-10-02,"Leibnitz, Austria",,,94,"$12,266,977"
Andreas Haider-Maurer,H804,AUT,"6' 3""",1.90m,Right-Handed,Two-Handed,1987-03-22,"Zwettl, Austria",2005-01-01,2019-01-01,290,"$1,948,627"
Alex Antonitsch,A028,AUT,"6' 2""",1.88m,Right-Handed,,1966-02-08,"Villach, Austria",1988-01-01,,54,"$1,024,171"
Werner Eschauer,E141,AUT,"6' 2""",1.87m,Right-Handed,Two-Handed,1974-04-26,"Hollenstein an der Ybbs, Austria",1998-01-01,2012-01-01,120,"$703,735"
Alexander Peya,P467,AUT,"6' 0""",1.83m,Right-Handed,One-Handed,1980-06-27,"Vienna, Austria",1998-01-01,,3,"$4,428,635"
Horst Skoff,S055,AUT,"5' 9""",1.75m,Right-Handed,One-Handed,1968-08-22,"Klagenfurt, Austria",1985-01-01,1999-01-01,70,"$1,651,858"
Oliver Marach,M760,AUT,"6' 1""",1.85m,Right-Handed,One-Handed,1980-07-16,"Graz, Austria",1998-01-01,2022-01-01,2,"$4,706,185"
Markus Hipfl,H364,AUT,"5' 10""",1.78m,Right-Handed,,1978-04-26,"Wels, Austria",1995-01-01,2008-01-01,381,"$787,415"
Gilbert Schaller,S315,AUT,"5' 11""",1.80m,Right-Handed,Two-Handed,1969-03-17,"Bruck an der Mur, Styria, Austria",1987-01-01,1999-01-01,245,"$1,317,163"
Julian Knowle,K263,AUT,"6' 2""",1.88m,Left-Handed,,1974-04-29,"Lauterach, Austria",1992-01-01,2021-01-01,6,"$3,048,871"
Gerald Melzer,MI43,AUT,"6' 2""",1.88m,Left-Handed,Two-Handed,1990-07-13,"Vienna, Austria",2007-01-01,,197,"$990,350"
Daniel Koellerer,K551,AUT,"5' 11""",1.80m,Right-Handed,Two-Handed,1983-08-17,"Wels, Austria",2002-01-01,,87,"$430,086"
Wolfgang Schranz,S649,AUT,"5' 10""",1.78m,Right-Handed,,,"Zell am See, Austria",1994-01-01,,376,"$168,313"
Martin Slanar,S893,AUT,,,Right-Handed,Two-Handed,1981-05-01,,,2011-01-01,94,"$171,093"
Martin Fischer,F580,AUT,"5' 11""",1.80m,Right-Handed,Two-Handed,1986-07-21,"Dornbirn, Austria",2005-01-01,2015-01-01,119,"$640,889"
Rainer Eitzinger,E196,AUT,"5' 10""",,Right-Handed,,1983-06-26,"Schwaz, Austria",,,275,"$192,197"
Martin Spottl,S648,AUT,"5' 11""",,Right-Handed,,1975-11-23,"Dornbirn, Austria",,,181,"$55,466"
Roland Burtscher,B438,AUT,"6' 0""",,Right-Handed,,1969-06-15,"Bludenz, Austria",,,557,"$35,498"
Konstantin Don Gruber,G426,AUT,"6' 0""",,Right-Handed,,1979-10-27,"Vienna, Austria",,,582,"$41,782"
Zbynek Mlynarik,M711,AUT,,,,,1977-04-24,"Děčín, Czech Republic",,,409,"$112,394"
Philipp Oswald,O305,AUT,"6' 7""",2.01m,Right-Handed,One-Handed,1986-01-23,"Feldkirch, Austria",2005-01-01,2024-01-01,31,"$1,560,296"
Herbert Wiltschnig,W200,AUT,,,Right-Handed,,1975-11-21,"Klagenfurt, Austria",,,220,"$206,275"
Peter Feigl,F011,AUT,"6' 0""",1.83m,Right-Handed,,1951-11-30,"Vienna, Austria",,,160,"$260,885"
Oliver Fuchs,F181,AUT,"5' 11""",,Right-Handed,,1971-03-16,"Bruck an der Mur, Austria",,,541,"$27,536"
Hans-Peter Kandler,K003,AUT,,,Right-Handed,,1956-04-02,"Mödling, Austria",,,256,"$48,938"
Hans Kary,K041,AUT,"5' 7""",1.72m,Left-Handed,,1949-02-23,"Spittal, Austria",,,124,
Filip Krajcik,K051,AUT,,,,,1955-07-23,"Prague, Czech Republic",,,760,
Gerald Mandl,M435,AUT,,,Left-Handed,,1970-11-12,"Sankt Johann, Austria",,,211,"$113,624"
Michael Oberleitner,O063,AUT,"6' 3""",,,,1966-07-17,"Vienna, Austria",,,197,"$15,372"
Bernhard Pils,P031,AUT,"5' 10""",,Right-Handed,,1961-10-20,"Vienna, Austria",1980-01-01,,237,"$58,589"
Peter Pokorny,P143,AUT,,,Left-Handed,,1940-07-25,"Graz, Austria",,,221,
Robert Reininger,R014,AUT,,,Right-Handed,,1958-01-20,"Linz, Austria",,,224,"$57,642"
Roland Steigler,S255,AUT,,,,,,,,,,
Helmar Stiegler,S087,AUT,"5' 11""",,Left-Handed,,1960-03-18,"Vienna, Austria",,,433,"$17,781"
Roland Stiegler,SD80,AUT,,,,,,,,,,
Gerard Wimmer,W079,AUT,,,,,1953-03-01,"Bischofshofen, Austria",,,206,
Ingo Wimmer,W063,AUT,,,,,,,,,,
Klaus Oberparleiter,O002,AUT,,,,,,,,,,
Thomas Buchmayer,B317,AUT,,,Left-Handed,,1971-02-14,"St. Polten, Austria",,,133,"$124,133"
Gerald Mild,M067,AUT,,,Right-Handed,,1962-04-08,"Salzburg, Austria",,,223,
Marco Mirnegg,M997,AUT,,,Right-Handed,,1982-06-24,"Linz, Austria",,,498,"$83,350"
Thomas Prerovsky,P275,AUT,,,,,1969-02-15,,,,532,"$12,551"
Paul Brick,BQ57,AUT,,,,,,,,,,
Franz Glanz,GH66,AUT,,,,,,,,,,
Gustav Specht,ST46,AUT,,,,,,,,,,
Kurt Von Wessely,VA00,AUT,,,,,,,,,,
Rolf Kinzl,KH52,AUT,,,Right-Handed,,1878-10-19,"Prague, Czech Republic",,1927-01-01,,
Herbert Kinzl,KG69,AUT,,,,,,,,,,
Ludwig Salm-Hoogstraeten,ST84,AUT,,,Right-Handed,One-Handed,1885-02-24,"Bad Homburg, Germany",,1932-01-01,,
Georg Von Metaxa,V943,AUT,,,Left-Handed,,1914-10-07,"Vienna, Austria",,,,
Franz Hainka,HC41,AUT,,,,,,,,,,
Herman Von Artens,V926,AUT,,,Right-Handed,,1904-06-25,"Graz, Austria",,,,
Franz Saiko,SS71,AUT,,,Right-Handed,,1931-02-16,,,,,
Franz-Wilhelm Matejka,MR44,AUT,,,Left-Handed,,1896-12-26,,,,,
Alfred Huber,HC82,AUT,,,,,1930-05-15,"Vienna, Austria",,,,
Hans Redl,RE35,AUT,,,Right-Handed,,1914-01-19,"Vienna, Austria",,,,
Clemens Trimmel,T231,AUT,"6' 1""",1.85m,Right-Handed,,1978-06-08,"Vienna, Austria",1997-01-01,,419,"$97,932"
Thomas Schiessling,S600,AUT,"5' 11""",1.80m,Left-Handed,,1974-11-01,"Innsbruck, Austria",1994-01-01,,894,"$83,192"
Bastian Trinker,T984,AUT,"6' 3""",1.91m,Right-Handed,One-Handed,1990-05-11,Austria,,,587,"$98,857"
Rainer Falenti,F263,AUT,,,,,1973-02-15,,,,754,"$47,149"
Reinhard Wawra,W165,AUT,,,,,1973-02-07,,,,456,"$13,829"
Johannes Ager,A404,AUT,"6' 5""",1.96m,Right-Handed,,1984-03-10,"Brixlegg, Austria",,,471,"$65,861"
Alexander Erler,E928,AUT,"6' 4""",1.93m,Right-Handed,Two-Handed,1997-10-27,"Innsbruck, Austria",2015-01-01,,32,"$1,019,904"
Martin Schaffl,S452,AUT,,,,,1969-12-13,,,,941,"$10,815"
Michael Linzer,L941,AUT,"6' 0""",1.83m,Right-Handed,Two-Handed,1989-11-02,"Oberpullendorf, Austria",2006-01-01,,380,"$107,269"
Peter Bahr,BC49,AUT,,,,,,,,,,
Ernst Blanke,B827,AUT,,,,,,,,,,
I. Burkman,B0K1,AUT,,,,,,,,,,
Rolf Durr,D0JC,AUT,,,,,,,,,,
Johann Futternecht,F548,AUT,,,,,,,,,,
Norbert Gruber,G0H5,AUT,,,,,,,,,,
Heinz Hamza,H738,AUT,,,,,,,,,,
Detlev Herdy,H184,AUT,,,,,,,,,,
Rudolf Hoskowetz,H183,AUT,,,,,,,,,,
Fritz Kolbinger,K795,AUT,,,,,,,,,,
F. Kolik,K797,AUT,,,,,,,,,,
Klaus Kreuzhuber,K796,AUT,,,,,,,,,,
L. Lebowitz,L0F3,AUT,,,,,,,,,,
Stefan Lochbihler,L091,AUT,"5' 11""",,Right-Handed,,1965-10-01,"Innsbruck, Austria",,,141,"$31,299"
Harald Mair,M432,AUT,,,,,,,,,,
Otto Oberparleiter,O003,AUT,,,,,,,,,,
Joel Ostroff,O283,AUT,,,,,,,,,,
Paul Pavich,P0K6,AUT,,,,,,,,,,
Peter Pilsl,PA82,AUT,,,,,,,,,,
Patrick Platzer,P406,AUT,,,,,,,,,,
Oliver Ploner,P105,AUT,,,,,,,,,,
Hans Priller,P232,AUT,,,,,1971-03-06,,,,346,"$10,468"
R. Roesner,R0G1,AUT,,,,,,,,,,
Dieter Schultheiss,SA29,AUT,,,,,,,,,,
Johannes Siegwart,S0OI,AUT,,,,,,,,,,
F. Strizik,SE91,AUT,,,,,,,,,,
Heimo Tschernatsch,T0H7,AUT,,,,,,,,,,
Hans Zollner,Z201,AUT,,,,,1966-11-19,"Regensburg, Germany",,,,
Andreas Fasching,F345,AUT,,,Right-Handed,,1981-01-01,,,,885,"$25,862"
Ingo Neumuller,N277,AUT,"6' 0""",,Right-Handed,,1979-03-30,"Wels, Austria",,,587,"$22,445"
Armin Sandbichler,SE31,AUT,"5' 11""",,Left-Handed,,1985-01-22,"Schwaz, Austria",,,345,"$45,780"
Michael Bauer,B292,AUT,,,,,,,,,,
Udo Plamberger,P304,AUT,,,,,1971-01-01,"Bad Ischl, Austria",,,124,"$41,298"
Emin Agaev,A310,AZE,,,Right-Handed,,1979-05-14,"Tashkent, Uzbekistan",,,290,"$97,733"
Ramiz Akhmerov,A0EG,AZE,,,,,,,,,,
Mark Knowles,K171,BAH,"6' 3""",1.90m,Right-Handed,One-Handed,1971-09-04,"Nassau, Bahamas",1992-01-01,2016-01-01,1,"$7,049,710"
Mark Merklein,M471,BAH,"6' 2""",1.88m,Right-Handed,,1972-06-28,"Freeport, Bahamas",1994-01-01,2004-01-01,37,"$502,870"
Roger Smith,S340,BAH,"6' 1""",1.85m,Right-Handed,One-Handed,1964-01-20,"Freeport, Bahamas",1987-01-01,2002-01-01,73,"$528,200"
John Antonas,A147,BAH,,,,,1951-09-12,"Nassau, Bahamas",,,258,
Sean Cartwright,C332,BAH,,,,,,,,,,
Christopher Eldon,E646,BAH,,,,,,,,,,
John Farrington,F209,BAH,,,,,,,,,,
Justin Lunn,L0BN,BAH,,,,,,,,,,
Philip Wilbert Major,MV33,BAH,,,,,,,,,,
Dentry Mortimer,M818,BAH,,,,,,,,,,
Anthony Munnings,M0SY,BAH,,,,,,,,,,
Bjorn Munroe,M761,BAH,,,,,,,,,,
Lavaughan Munroe,M908,BAH,,,,,,,,,,
Timothy Neilly,N428,BAH,,,Right-Handed,Two-Handed,1987-08-24,"Freeport, Bahamas",,,924,"$10,833"
Leo Rolle,R725,BAH,,,,,,,,,,
Marvin Rolle,R592,BAH,"5' 11""",1.80m,Right-Handed,,1983-11-15,"Nassau, Bahamas",,,681,"$6,403"
H'Cone Thompson,T367,BAH,,,,,,,,,,
William Freisenbruch,FA56,BAH,,,,,,,,,,
Devin Mullings,MC19,BAH,,,Left-Handed,,1985-10-04,"Freeport, Bahamas",2006-01-01,2011-01-01,886,
Adrian Clarke,C0EN,BAR,,,,,,,,,,
Matthew Foster-Estwick,F0BL,BAR,,,,,,,,,,
Bernard Frost,F229,BAR,,,,,,,,,,
Adam Hornby,H0AB,BAR,,,,,,,,,,
Xavier Lawrence,L0CR,BAR,,,,,,,,,,
Haydn Lewis,L653,BAR,,,Left-Handed,Two-Handed,1986-01-02,"Bridgetown, Barbados",,,405,"$31,061"
Kaipo Marshall,M0GR,BAR,,,,,,,,,,
Russell Moseley,MB81,BAR,,,,,,,,,,
Jimmy Tasker,T172,BAR,,,,,,,,,,
Seanon Williams,W692,BAR,,,Right-Handed,,1991-02-10,"Bridgetown, Barbados",,,,
Max Mirnyi,M595,BLR,"6' 5""",1.96m,Right-Handed,One-Handed,1977-07-06,"Minsk, Belarus",1996-01-01,,1,"$11,763,620"
Vladimir Voltchkov,V211,BLR,"5' 11""",1.80m,Right-Handed,Two-Handed,1978-04-07,"Minsk, Belarus",1995-01-01,2008-01-01,71,"$1,315,133"
Alexander Shvec,S674,BLR,,,Right-Handed,,1972-06-29,"Minsk, Belarus",,,405,"$83,446"
Andrei Vasilevski,V613,BLR,"6' 1""",1.85m,Right-Handed,,1991-05-28,"Minsk, Belarus",2009-01-01,,52,"$411,099"
Uladzimir Ignatik,I236,BLR,"6' 0""",1.83m,Right-Handed,Two-Handed,1990-07-14,"Minsk, Belarus",2007-01-01,,117,"$699,949"
Sergey Betov,BD82,BLR,"6' 1""",1.85m,Right-Handed,,1987-10-15,"Gomel, Belarus",,2019-01-01,61,"$225,859"
Nikolai Fidirko,F620,BLR,"6' 1""",1.85m,Right-Handed,,1987-06-15,"Olomouc, Czech Republic",,,357,"$31,190"
Aliaksandr Bury,BD83,BLR,"6' 8""",2.03m,Right-Handed,One-Handed,1987-09-14,"Minsk, Belarus",,,59,
Maxim Dubarenco,DA02,BLR,,,Right-Handed,,1993-06-24,"Chișinău, Moldova",,,401,"$72,927"
Vassili Kajera,K569,BLR,,,,,,,,,,
Andrei Karatchenia,K872,BLR,,,Right-Handed,,1989-01-02,"Minsk, Belarus",,,560,"$18,569"
Pavel Katliarov,K947,BLR,,,,,,,,,,
Evgeni Mikheev,M639,BLR,,,,,,,,,,
Sergei Samoseiko,S775,BLR,,,,,,,,,,
Aliaksandr Skrypko,SC51,BLR,,,,,,,,,,
Serguei Tarasevitch,T939,BLR,,,,,,,,,,
Dzmitry Zhyrmont,Z248,BLR,"6' 3""",1.90m,Right-Handed,,1989-03-01,"Minsk, Belarus",,,281,"$201,327"
Alexandr Zotov,Z236,BLR,"5' 8""",1.72m,,,,,,,,
Xavier Malisse,M680,BEL,"6' 1""",1.85m,Right-Handed,Two-Handed,1980-07-19,"Kortrijk, Belgium",1998-01-01,,25,"$5,702,871"
Kristof Vliegen,V309,BEL,"6' 4""",1.93m,Right-Handed,Two-Handed,1982-06-22,"Maaseik, Belgium",2001-01-01,2011-01-01,49,"$1,964,020"
Christophe Rochus,R336,BEL,"5' 7""",1.70m,Right-Handed,Two-Handed,1978-12-15,"Namur, Belgium",1996-01-01,2009-01-01,62,"$2,753,294"
Filip Dewulf,D228,BEL,"6' 4""",1.93m,Right-Handed,Two-Handed,1972-03-15,"Mol, Belgium",1990-01-01,2001-01-01,125,"$1,503,987"
Olivier Rochus,R397,BEL,"5' 6""",1.68m,Right-Handed,One-Handed,1981-01-18,"Namur, Belgium",1999-01-01,2014-01-01,29,"$4,809,475"
Steve Darcis,D632,BEL,"5' 10""",1.77m,Right-Handed,One-Handed,1984-03-13,"Liège, Belgium",2003-01-01,2020-01-01,126,"$3,445,786"
Johan Van Herck,V167,BEL,"6' 1""",1.85m,Right-Handed,,1974-05-24,"Herentals, Belgium",1993-01-01,,291,"$717,393"
Dick Norman,N233,BEL,"6' 8""",2.03m,Left-Handed,Two-Handed,1971-03-01,"Waregem, Belgium",1991-01-01,2013-01-01,10,"$2,019,581"
Kris Goossens,G285,BEL,"5' 9""",1.75m,Right-Handed,,1974-02-20,"Uccle, Belgium",1993-01-01,,183,"$316,648"
Christophe Van Garsse,V170,BEL,"6' 1""",1.85m,Left-Handed,,1974-06-21,"Tongeren, Belgium",1992-01-01,,131,"$249,730"
Ruben Bemelmans,BE54,BEL,"6' 0""",1.83m,Left-Handed,Two-Handed,1988-01-14,"Genk, Belgium",2006-01-01,,128,"$2,192,636"
Xavier Daufresne,D190,BEL,"6' 4""",,Right-Handed,,1968-12-24,"Lasne, Belgium",,,150,"$252,896"
Arthur De Greef,D981,BEL,"6' 0""",1.83m,Right-Handed,Two-Handed,1992-03-27,"Brussels, Belgium",2010-01-01,2021-01-01,597,"$450,036"
Gilles Elseneer,E169,BEL,"6' 2""",1.88m,Right-Handed,Two-Handed,1978-03-06,"Brussels, Belgium",1998-01-01,2007-01-01,177,"$477,809"
Eduardo Masso,M031,BEL,"5' 10""",1.78m,Left-Handed,One-Handed,1964-01-11,"Bell Ville, Argentina",1984-01-01,1992-01-01,134,"$397,593"
Bart Wuyts,W133,BEL,"5' 10""",1.78m,Right-Handed,Two-Handed,1969-09-15,"Leuven, Belgium",1988-01-01,,69,"$465,196"
Reginald Willems,W247,BEL,,,Right-Handed,,1977-09-06,"Brussels, Belgium",,,408,"$85,760"
Niels Desein,D752,BEL,"6' 2""",1.88m,Right-Handed,Two-Handed,1987-06-09,"Ghent, Belgium",2007-01-01,,182,"$412,624"
Germain Gigounon,GB13,BEL,"5' 10""",1.78m,Right-Handed,One-Handed,1989-04-20,"Binche, Belgium",,2019-01-01,253,"$238,600"
Libor Pimek,P032,BEL,"6' 5""",1.96m,Right-Handed,,1963-08-03,"Most, Czech Republic",1982-01-01,1999-01-01,15,"$1,509,018"
Bernard Boileau,B054,BEL,"6' 1""",1.85m,Right-Handed,,1959-05-25,"Liège, Belgium",,,155,
Alain Brichant,B072,BEL,,,,,1959-05-07,,,,184,
Claude De Gronckel,D124,BEL,,,Right-Handed,,1943-05-21,"Brussels, Belgium",,,,
Michel De Marneffe,D0GX,BEL,,,,,,,,,,
Johan De Preter,D020,BEL,,,Right-Handed,,1962-04-19,,,,526,
Karel Demuynck,D011,BEL,,,,,1965-03-21,,,,405,"$21,413"
Eric Drossart,D134,BEL,,,Right-Handed,,1942-02-21,"Liège, Belgium",,,,
Robert Goethals,G0HN,BEL,"5' 8""",1.73m,,,,,,,,
Patrick Hombergen,H127,BEL,,,,,1946-09-08,"Brussels, Belgium",,,115,
Christian Janssens,J070,BEL,,,,,,,,,,
Bernard Mignot,M151,BEL,,,Right-Handed,,1948-12-03,"Verviers, Belgium",,,73,
Gabriel Neascu,N234,BEL,,,,,,,,,,
Jean-Pierre Richer,R080,BEL,,,,,,,,,,
M. Scivic,S0QD,BEL,,,,,,,,,,
Eric Sheridan,S0QC,BEL,,,,,,,,,,
Thierry Stevaux,S167,BEL,,,Right-Handed,,1956-06-14,,,,185,
Andre Thielemans,TD40,BEL,,,,,,,,,,
Andres Tielemans,T117,BEL,,,,,,,,,,
Jan Van Langendonck,V012,BEL,,,Right-Handed,,1960-01-10,"Heist-op-den-Berg, Belgium",,,166,
Luc Despiegelaere,DD10,BEL,,,,,,,,,,
Jean-Pierre Froment,F972,BEL,,,,,,,,,,
Robert Mouvet,MR88,BEL,,,,,,,,,,
Paul Toussaint,TD81,BEL,,,,,1921-11-27,"Ixelles, Belgium",,,,
Guy Van Zuylen,V925,BEL,,,,,,,,,,
Jean Moreau,MQ84,BEL,,,,,,,,,,
Andrew Ewbank,E943,BEL,,,,,,,,,,
Leopold De Borman,DD83,BEL,,,,,1909-03-21,"Ixelles, Belgium",,,,
Charles Naeyaert,N845,BEL,,,,,,,,,,
Jacques Van Den Eynde,V917,BEL,,,,,,,,,,
Andre La Croix,LF09,BEL,,,,,,,,,,
Ivan Devroe,DD34,BEL,,,,,,,,,,
Gino Mezzi,MQ42,BEL,,,,,,,,,,
Pierre Geelhand De Merxem,DD72,BEL,,,,,1910-05-10,,,,,
Jacques Peten,PI51,BEL,,,,,1912-12-08,"Antwerp, Belgium",,1960-01-01,,
Philippe Washer,W780,BEL,,,,,1924-08-06,"Brussels, Belgium",,1961-01-01,,
Jacques Brichant,BN76,BEL,,,Right-Handed,One-Handed,,"Mont-sur-Marchienne, Belgium",,1968-01-01,,
Loic Didavi,D731,BEN,,,,,1987-04-30,,,,1413,"$1,080"
Alexis Klegou,KA33,BEN,"6' 2""",1.88m,Right-Handed,Two-Handed,1989-01-25,"Dunkirk, France",,,441,"$30,751"
Tunde Segodo,SN33,BEN,,,,,,,,,,
Steven Alger,A105,BER,,,,,1957-07-28,"Hamilton, Bermuda",1975-01-01,1982-01-01,,
Alan Simmons,SD93,BER,,,,,,,,,,
Carlos Alvarado,A126,BOL,,,,,,,,,,
Carlos Alvarez,A610,BOL,,,,,,,,,,
Boris Arias,AA49,BOL,"6' 1""",1.85m,Right-Handed,Two-Handed,1993-11-09,"La Paz, Bolivia",,,88,"$109,378"
Rodrigo Banzer,BM18,BOL,,,,,,,,,,
Ramiro Benavides,B034,BOL,,,Right-Handed,,1947-01-30,"La Paz, Bolivia",,1986-01-01,243,
Diego Camacho,C608,BOL,,,,,1983-05-21,Santa Cruz de la Sierra,,,1340,
Luis Diego Chavez Villalpando,CG35,BOL,,,,,,,,,,
Mauricio Doria-Medina,D755,BOL,,,Left-Handed,,1988-09-22,"Cochabamba, Bolivia",,,359,"$31,218"
Mauricio Estivariz,E227,BOL,,,,,1986-09-09,,,,596,"$19,444"
Hrvoje Eterovic,E093,BOL,,,,,,,,,,
Alvaro Garron,G146,BOL,,,,,,,,,,
Eduardo Gorostiaga,G186,BOL,,,,,1945-05-22,"La Paz, Bolivia",,,288,
Mario Martinez,M026,BOL,"5' 7""",1.70m,Right-Handed,,1961-09-12,"La Paz, Bolivia",1980-01-01,1985-01-01,274,"$2,102"
Alejandro Mendoza,ME70,BOL,,,,,1977-04-25,"Riverside, CA, United States",,,,
Marco-Antonio Rojas,R806,BOL,,,,,,,,,,
Jose-Roberto Velasco,V513,BOL,,,,,,,,,,
Jorge Villanueva,V424,BOL,,,,,,,,,,
Alexander Zalesky,Z025,BOL,,,,,,,,,,
Federico Zeballos,Z239,BOL,,,Right-Handed,Two-Handed,1988-05-30,"Santa Cruz de la Sierra, Bolivia",,,79,"$206,071"
Amer Delic,D438,BIH,"6' 5""",1.96m,Right-Handed,One-Handed,1982-06-30,"Tuzla, Bosnia and Herzegovina",2003-01-01,2012-01-01,74,"$935,409"
Darko Bojanovic,BT77,BIH,"5' 11""",1.80m,Right-Handed,Two-Handed,1997-02-08,"Forchheim, Germany",,,831,"$18,843"
Tomislav Brkic,BE68,BIH,"6' 1""",1.85m,Right-Handed,Two-Handed,1990-03-09,"Mostar, Bosnia and Herzegovina",2008-01-01,,40,"$690,014"
Ismar Gorcic,G654,BIH,,,Right-Handed,,1983-05-22,"Sarajevo, Bosnia and Herzegovina",2000-01-01,2015-01-01,296,"$67,256"
Bojan Vujic,V184,BIH,,,,,1974-06-06,"Ljubljana, Slovenia",,,1092,"$12,240"
Oscar Chiarella,C0IW,BOL,,,,,,,,,,
Carlos Taborga,TB41,BOL,,,,,,,,,,
Robert Alger,AD76,BER,,,,,,,,,,
Patrick Agbo-Panzo,A0N6,BEN,,,,,,,,,,
Sylvestre Monnou,M0I3,BEN,,,,,,,,,,
Delmas N'Tcha,N09O,BEN,,,,,,,,,,
Christophe Pognon,P469,BEN,,,,,,,,,,
Jean Segodo,SG17,BEN,,,,,,,,,,
Theophile Segodo,SM08,BEN,,,,,,,,,,
Magloire Yakpa,Y222,BEN,,,,,,,,,,
Maxime Authom,A789,BEL,,,Right-Handed,Two-Handed,1987-03-29,"La Louvière, Belgium",2005-01-01,,232,"$275,919"
Yannick Mertens,MG08,BEL,"6' 2""",1.89m,Right-Handed,Two-Handed,1987-06-25,"Anderlecht, Belgium",2006-01-01,,316,"$510,635"
Fabien Cousin,C377,BEL,,,,,1969-01-21,,,,658,"$26,682"
Marc Bolle,B198,BEL,,,,,1949-06-24,"Ghent, Belgium",,,,
Julien Cagnina,CG32,BEL,"6' 0""",1.83m,Right-Handed,Two-Handed,1994-06-04,"Liège, Belgium",,,353,"$92,969"
P. De Becker,DF19,BEL,,,,,,,,,,
Christoph Geukens,G203,BEL,,,,,,,,,,
Jacques Grandjean,G038,BEL,,,,,1954-02-01,,,,480,
Jean Scuvie,S0Q1,BEL,,,,,,,,,,
Reginald Storms,SW57,BEL,,,,,,Oorbeek B,,,,
Gunther Vanderveeren,V124,BEL,,,,,1970-04-05,,,,261,"$14,635"
Pieter Verstraeten,V324,BEL,,,,,,,,,,
Stefan Wauters,W306,BEL,,,Right-Handed,,1982-03-12,"Sint-Niklaas, Belgium",,,205,"$127,269"
Romain Bogaerts,BK85,BEL,"6' 2""",1.88m,Left-Handed,Two-Handed,1993-12-23,"Namur, Belgium",,,879,"$7,559"
Michael De Ville,DD00,BEL,,,,,,,,,,
Fernand Houget,HG13,BEL,,,,,,,,,,
Jean-Claude Van der Borght,V887,BEL,,,,,,,,,,
Louis Trasenster,TF64,BEL,,,,,,,,,,
Willard Botsford,BR12,BEL,,,,,,,,,,
Jacques Delire,DD73,BEL,,,,,,,,,,
Georges Watson,W904,BEL,,,,,,,,,,
William Le Maire De Warzee,LG98,BEL,,,,,,,,,,
Paul De Borman,DF22,BEL,,,Right-Handed,One-Handed,1879-12-01,"Saint-Josse-ten-Noode, Belgium",,,,
Jean Washer,W907,BEL,,,Left-Handed,One-Handed,1894-08-22,"Berchem, Antwerp, Belgium",,,9,
Gustavo Kuerten,K293,BRA,"6' 3""",1.91m,Right-Handed,One-Handed,1976-09-10,"Florianópolis, Brazil",1995-01-01,2008-01-01,38,"$14,807,000"
Thomaz Bellucci,BD20,BRA,"6' 2""",1.88m,Left-Handed,Two-Handed,1987-12-30,"Tietê, Brazil",2005-01-01,,70,"$5,384,637"
Fernando Meligeni,M443,BRA,"5' 11""",1.80m,Left-Handed,One-Handed,1971-04-12,"Buenos Aires, Argentina",1990-01-01,2003-01-01,34,"$2,555,367"
Luiz Mattar,M035,BRA,"6' 0""",1.83m,Right-Handed,One-Handed,1963-08-18,"São Paulo, Brazil",1985-01-01,1995-01-01,55,"$1,484,394"
Flavio Saretta,S876,BRA,"6' 0""",1.82m,Right-Handed,Two-Handed,1980-06-28,"Americana, Brazil",1998-01-01,2014-01-01,78,"$1,239,319"
Jaime Oncins,O076,BRA,"6' 5""",1.95m,Right-Handed,One-Handed,1970-06-16,"São Paulo, Brazil",1988-01-01,2001-01-01,22,"$1,211,476"
Andre Sa,S604,BRA,"6' 1""",1.85m,Right-Handed,Two-Handed,1977-05-06,"Belo Horizonte, Brazil",1996-01-01,2018-01-01,17,"$2,632,597"
Joao Souza,SG64,BRA,"6' 4""",1.93m,Right-Handed,Two-Handed,1988-05-27,"Mogi das Cruzes, Brazil",2006-01-01,,70,"$1,324,103"
Marcos Daniel,D339,BRA,"5' 11""",1.80m,Right-Handed,One-Handed,1978-07-04,"Passo Fundo, Brazil",1997-01-01,2011-01-01,102,"$1,177,189"
Ricardo Mello,M708,BRA,"5' 9""",1.75m,Left-Handed,Two-Handed,1980-12-21,"Campinas, Brazil",1999-01-01,2013-01-01,118,"$1,484,044"
Rogerio Dutra Silva,SC73,BRA,"5' 10""",1.78m,Right-Handed,One-Handed,1984-02-03,"São Paulo, Brazil",2003-01-01,2022-01-01,84,"$1,850,659"
Alexandre Simoni,S721,BRA,"6' 1""",1.87m,Right-Handed,,1979-07-02,"São Paulo, Brazil",1997-01-01,,119,"$394,788"
Danilo Marcelino,M028,BRA,"6' 4""",1.93m,Right-Handed,,1966-03-08,"Salvador, Bahia, Brazil",1986-01-01,,73,"$419,467"
Fernando Roese,R036,BRA,"6' 3""",1.91m,Right-Handed,,1965-08-24,"Novo Hamburgo, Brazil",1982-01-01,,81,"$341,334"
Roberto Jabali,J085,BRA,"6' 3""",1.90m,Right-Handed,,1970-05-16,"Ribeirão Preto, Brazil",1988-01-01,,130,"$282,807"
Thiago Alves,A410,BRA,"5' 10""",1.78m,Right-Handed,Two-Handed,1982-05-22,"São José do Rio Preto, Brazil",2000-01-01,2014-01-01,151,"$739,459"
Cassio Motta,M092,BRA,"5' 11""",1.80m,Right-Handed,One-Handed,1960-02-22,"São Paulo, Brazil",1979-01-01,1994-01-01,4,"$986,595"
Guilherme Clezar,CC32,BRA,"6' 0""",1.83m,Right-Handed,Two-Handed,1992-12-31,"Porto Alegre, Brazil",2009-01-01,,171,"$609,983"
Julio Silva,S877,BRA,"5' 7""",1.72m,Right-Handed,Two-Handed,1979-07-01,"Jundiaí, Brazil",1999-01-01,,135,"$397,704"
Ricardo Hocevar,H693,BRA,"5' 11""",1.80m,Right-Handed,Two-Handed,1985-05-05,"São Paulo, Brazil",2003-01-01,,148,"$363,656"
Marcio Carlsson,C369,BRA,"5' 9""",,Right-Handed,,1975-01-24,"Florianópolis, Brazil",1994-01-01,2007-01-01,166,"$205,297"
Marcelo Saliola,S410,BRA,"5' 10""",,Left-Handed,,1973-12-31,"São Paulo, Brazil",,,121,"$47,779"
Franco Ferreiro,F433,BRA,"6' 2""",1.88m,Right-Handed,One-Handed,1984-07-01,"Uruguaiana, Brazil",2002-01-01,2012-01-01,53,"$388,200"
Jose Daher,D002,BRA,,,Right-Handed,,1966-04-20,"São Paulo, Brazil",,,188,"$124,483"
Andre Ghem,G602,BRA,"6' 4""",1.93m,Right-Handed,,1982-05-29,"Porto Alegre, Brazil",2003-01-01,,88,"$526,358"
Francisco Costa,C397,BRA,"5' 11""",1.80m,Right-Handed,,1973-06-28,"Porto Alegre, Brazil",1994-01-01,2005-01-01,170,"$305,428"
Cesar Kist,K010,BRA,"5' 11""",,Right-Handed,,1964-10-22,"Santa Cruz, Brazil",,,79,"$127,040"
Marcelo Demoliner,D833,BRA,"6' 4""",1.93m,Right-Handed,,1989-01-18,"Caxias do Sul, Brazil",2006-01-01,,34,"$1,402,891"
Caio Zampieri,Z198,BRA,,,Right-Handed,Two-Handed,1986-05-27,"Mogi Guaçu, Brazil",2005-01-01,,114,"$292,766"
Ricardo Acioly,A042,BRA,"5' 10""",1.78m,Right-Handed,One-Handed,1964-02-04,"Botafogo, Rio de Janeiro, Brazil",1986-01-01,,46,"$151,966"
Pedro Braga,B478,BRA,,,,,1975-02-27,,,,330,"$59,313"
Ricardo Camargo,C008,BRA,"5' 11""",,,,1968-05-14,"São Paulo, Brazil",,,206,"$40,506"
Joao Menezes,MN70,BRA,"6' 1""",1.85m,Right-Handed,Two-Handed,1996-12-17,"Uberaba, Brazil",,,242,"$350,992"
Nelson Aerts,A005,BRA,"6' 2""",1.88m,Right-Handed,,1963-04-25,"Cachoeira Do Sul, Brazil",,,80,"$233,278"
Joao Zwetsch,Z032,BRA,"5' 11""",,,,1968-11-12,"São Leopoldo, Brazil",,,205,"$37,779"
Fabiano De Paula,D815,BRA,"5' 10""",1.78m,Right-Handed,One-Handed,1988-11-28,"Rio de Janeiro, Brazil",2006-01-01,,128,"$144,755"
Rodrigo Faria,F232,BRA,"6' 1""",1.85m,,,,,,,,
Fabio Silberberg,S352,BRA,"6' 3""",1.91m,Left-Handed,One-Handed,1969-03-25,"São Paulo, Brazil",1991-01-01,,217,"$73,823"
Daniel Melo,M611,BRA,"6' 1""",1.85m,Left-Handed,,1977-07-04,"Belo Horizonte, Brazil",1997-01-01,2006-01-01,79,"$223,693"
Mauro Menezes,M059,BRA,"6' 4""",1.93m,Right-Handed,,1963-07-27,"São Paulo, Brazil",,,62,"$162,044"
Alexandre Hocevar,H027,BRA,,,Right-Handed,,1963-02-19,"Ijuí, Brazil",,,118,"$90,542"
Juan Pablo Etchecoin,E117,BRA,,,,,,,,,,
M. Arenzon,A052,BRA,,,,,,,,,,
Givaldo Barbosa,B015,BRA,"6' 0""",,Right-Handed,,1954-01-25,"São Paulo, Brazil",,,32,"$197,253"
Ron Barnes,BC56,BRA,,,,,1941-01-01,"Rio de Janeiro, Brazil",,1970-01-01,,
Helson Barros,B496,BRA,,,,,,,,,,
Ricardo Bernd,B0S0,BRA,,,,,,,,,,
Marcos Braga,B0FQ,BRA,,,,,,,,,,
Alessandro Camarco,C770,BRA,,,Right-Handed,,1982-04-25,,,,889,"$33,211"
Dacio Campos,C005,BRA,"6' 1""",1.85m,Right-Handed,,1963-12-18,"Piracicaba, Brazil",,,82,"$101,721"
Ronaldo Carvalho,C616,BRA,,,Right-Handed,,1979-02-28,,,,319,"$41,771"
Carlos Chabalgoity,C030,BRA,,,,,1965-02-02,,,,353,
Otavio Della,D173,BRA,"5' 7""",1.70m,Right-Handed,,1969-06-22,"São Paulo, Brazil",,,125,"$66,279"
Luis-Carlos Enck,E074,BRA,,,,,,,,,,
Carlos-Alberto Fernandes,F111,BRA,,,,,1936-02-06,"São Paulo, Brazil",,1970-01-01,,
Manoel Fernandes,FA18,BRA,,,,,,,,,,
Noel Freitas,F104,BRA,,,,,,,,,,
Fernando Gentil,G184,BRA,,,,,1950-03-11,Brazil,,,222,
Julio Goes,G020,BRA,"5' 11""",1.80m,Right-Handed,,1955-10-25,"Bauru, Brazil",,,128,"$151,995"
Gerry Gomes,G834,BRA,,,,,,,,,,
Roger Guedes,G046,BRA,"5' 11""",,Right-Handed,,1953-11-03,"Bauru, Brazil",,,379,
Marcelo Hennemann,H012,BRA,"5' 7""",1.70m,Right-Handed,,1962-03-11,"Novo Hamburgo, Brazil",1983-01-01,,200,"$62,670"
Marcos Hocevar,H026,BRA,"6' 1""",1.85m,Right-Handed,,1955-09-06,"Ijuí, Brazil",1979-01-01,1992-01-01,86,"$330,047"
Renato Joaquim,J028,BRA,,,,,,,,,,
Ney Keller,K006,BRA,,,Right-Handed,,1958-12-02,"Porto Alegre, Brazil",,,110,
Leonardo Kirche,K650,BRA,"6' 2""",1.88m,Right-Handed,,1985-01-04,"Santa Bárbara d'Oeste, Brazil",2003-01-01,,298,"$148,572"
Carlos Kirmayr,K009,BRA,"5' 7""",1.72m,Right-Handed,,1950-09-23,"São Paulo, Brazil",,,6,"$570,207"
Ivan Kley,K013,BRA,"6' 0""",,Right-Handed,,1958-06-29,"Novo Hamburgo, Rio Grande do Sul, Brazil",,,56,"$196,614"
Thomaz Koch,K036,BRA,,,Left-Handed,One-Handed,1945-05-11,"Porto Alegre, Brazil",,1985-01-01,12,
Edson Krause,K020,BRA,,,,,,,,,,
Jorge Lemann,L109,BRA,,,,,1939-08-26,"Rio de Janeiro, Brazil",,,,
Tadeu Luiz,L042,BRA,,,,,,,,,,
Jose Edison Mandarino,M135,BRA,"5' 8""",,,,1941-03-26,"Jaguarão, Brazil",,,120,
Roberto Marcher,M295,BRA,,,,,,,,,,
Eleuterio Martins,M025,BRA,,,,,,,,,178,"$23,085"
Gabriel Mattos,M033,BRA,,,,,1957-11-13,,,,215,"$10,067"
Marcelo Melo,M919,BRA,"6' 7""",2.01m,Right-Handed,Two-Handed,1983-09-23,"Belo Horizonte, Brazil",1998-01-01,,1,"$8,578,248"
Luis Moreira,M969,BRA,"5' 8""",1.73m,,,,,,,,
Edvaldo Oliveira,O011,BRA,"5' 10""",,Right-Handed,,1963-11-18,"Bauru, São Paulo, Brazil",,,192,"$22,065"
Eduardo Oncins,O014,BRA,,,,,1964-12-10,,,,230,"$10,631"
Paschoal Penetta,P016,BRA,,,,,,,,,,
Francisco Pinto,P225,BRA,,,,,,,,,,
Gabriel Pitta,P432,BRA,,,Right-Handed,,1980-05-12,,,,419,"$37,596"
Octavio Piva,P573,BRA,,,,,,,,,,
Alcides Procopio Jr.,P0G9,BRA,,,,,,,,,,
Joaquim Rasgado Jr,R066,BRA,,,,,1953-03-24,,,,183,
Sergio Ribeiro,R020,BRA,,,,,,,,,,
Celso Sacomandi,S151,BRA,,,,,,,,,,
Jose Schmidt,S023,BRA,,,,,,,,,82,
Eulicio Silva,SR56,BRA,,,,,,,,,,
Bruno Soares,S938,BRA,"5' 11""",1.80m,Right-Handed,Two-Handed,1982-02-27,"Belo Horizonte, Brazil",2001-01-01,,2,"$6,948,824"
Joao Soares,S062,BRA,"6' 1""",,Right-Handed,,1951-04-25,"Limeira, Brazil",,,49,"$73,074"
Joao Pedro Sorgi,SK69,BRA,"6' 2""",1.88m,Right-Handed,,1993-10-18,"Sertãozinho, Brazil",2011-01-01,,263,"$125,641"
Luis Felipe Tavares,T049,BRA,,,,,1949-09-26,,,,210,
Roberto Vaz-Carvalhaes,V0CL,BRA,,,,,,,,,,
Armando Vieira,V879,BRA,,,,,1923-04-11,"São Paulo, Brazil",,,,
Roberto Cardozo,CI92,BRA,,,,,,,,,,
Nelson Cruz,CK49,BRA,,,,,,,,,,
Adolpho De Menezes,DE58,BRA,,,,,,,,,,
William Kyriakos,K185,BRA,,,,,1972-09-03,"São Paulo, Brazil",,,244,"$27,531"
Ricardo Schlachter,S699,BRA,,,Right-Handed,,1977-07-07,"Joinville, Brazil",1998-01-01,,161,"$86,503"
Pedro Bueno-Nete,BN97,BRA,,,,,,,,,,
Arnaldo Moreira,MQ63,BRA,,,,,,,,,,
Eugenio Saller,ST44,BRA,,,,,1928-06-05,,,,,
Fabio Guimaraes,GG47,BRA,,,,,,,,,,
Jose Aguero,AD79,BRA,,,,,,,,,,
Alcides Procopio,PI59,BRA,,,,,,,,,,
Ivo Ribeiro,RE21,BRA,,,,,,,,,,
Orlin Stanoytchev,S519,BUL,"6' 1""",1.85m,Right-Handed,,1971-09-24,"Sofia, Bulgaria",1993-01-01,2002-01-01,154,"$484,515"
Alexandar Lazarov,LI39,BUL,"6' 3""",1.91m,Right-Handed,One-Handed,1997-11-06,"Miami, FL, United States",2016-01-01,,359,"$191,201"
Radoslav Lukaev,L504,BUL,"6' 2""",1.89m,Right-Handed,,1982-04-24,"Burgas, Bulgaria",2000-01-01,2005-01-01,301,"$55,014"
Dimitar Kutrovsky,K918,BUL,"5' 9""",1.75m,Right-Handed,,1987-08-27,"Sofia, Bulgaria",2005-01-01,2016-01-01,234,"$78,795"
Ivaylo Traykov,T240,BUL,"6' 2""",1.88m,Right-Handed,Two-Handed,1978-12-17,"Sofia, Bulgaria",1995-01-01,2010-01-01,612,"$105,448"
Milen Velev,V136,BUL,,,Right-Handed,,1971-09-04,"Sofia, Bulgaria",1991-01-01,2002-01-01,253,"$94,296"
Alexandar Lazov,L950,BUL,"6' 0""",1.83m,Left-Handed,Two-Handed,1990-07-09,"Pazardzhik, PR Bulgaria",2006-01-01,,314,"$112,161"
Teodor Batchev,B172,BUL,,,,,,,,,,
Ivo Bratanov,B541,BUL,,,,,,,,,,
Valentin Dimov,D852,BUL,,,Right-Handed,,1989-03-12,"Sofia, Bulgaria",2006-01-01,2014-01-01,,"$24,575"
Assen Dishkov,D100,BUL,,,,,,,,,,
Todor Enev,E168,BUL,"5' 8""",1.74m,Right-Handed,Two-Handed,1982-02-08,"Plovdiv, Bulgaria",1998-01-01,2012-01-01,360,"$93,577"
Ljuben Genov,G0E0,BUL,,,,,,,,,,
Tihomir Grozdanov,G925,BUL,,,Right-Handed,,1987-04-29,"Varna, Bulgaria",2005-01-01,,545,"$53,942"
Dinko Halachev,H950,BUL,,,Left-Handed,,1984-10-22,"Haskovo, PR Bulgaria",2001-01-01,2015-01-01,,"$13,382"
Yordan Kanev,K606,BUL,,,Right-Handed,Two-Handed,1984-05-31,"Pazardzhik, Bulgaria",,2008-01-01,366,"$27,282"
Ivan Keskinov,K187,BUL,,,,,,,,,,
Ilia Kushev,K581,BUL,,,Right-Handed,,1980-12-13,"Plovdiv, Bulgaria",2000-01-01,2008-01-01,234,"$31,495"
Krassimir Lazarov,L069,BUL,,,,,,,,,,
Tzvetan Mihov,MH41,BUL,,,,,,,,,,
Vasko Mladenov,MF99,BUL,"6' 2""",1.88m,Right-Handed,Two-Handed,1989-07-30,"Sofia, Bulgaria",2005-01-01,,359,"$47,373"
Bojidar Pampoulov,P006,BUL,,,Left-Handed,,1949-04-29,"Plovdiv, Bulgaria",,,520,
Matei Pampoulov,P0DV,BUL,,,Right-Handed,,1949-04-29,"Plovdiv, Bulgaria",,,,
Lubomir Petrov,P0M0,BUL,"6' 1""",,,,1954-10-04,,,,,
Ruslon Rainov,R162,BUL,,,,,,,,,,
Julian Stamatov,S075,BUL,,,,,,,,,,
Stojan Velev,V0H2,BUL,,,,,,,,,,
Kiril Yashmakov,Y0B5,BUL,,,,,,,,,,
Evgeni Zhelyazkov,J046,BUL,,,,,,,,,,
Amani Jumatano,J039,BUR,,,,,,,,,,
Milos Raonic,R975,CAN,"6' 5""",1.96m,Right-Handed,Two-Handed,1990-12-27,"Titograd, Montenegro",2008-01-01,,103,"$20,753,024"
Daniel Nestor,N210,CAN,"6' 3""",1.91m,Left-Handed,Two-Handed,1972-09-04,"Belgrade, Serbia",1991-01-01,2018-01-01,1,"$12,835,671"
Sebastien Lareau,L226,CAN,"6' 0""",1.82m,Right-Handed,,1973-04-27,"Montreal, Quebec",1991-01-01,2001-01-01,4,"$2,879,682"
Frank Dancevic,D499,CAN,"6' 1""",1.85m,Right-Handed,One-Handed,1984-09-26,Niagara Falls,2003-01-01,2020-01-01,175,"$1,888,019"
Jesse Levine,L799,CAN,"5' 9""",1.75m,Left-Handed,Two-Handed,1987-10-15,"Ottawa, Ontario, Canada",2007-01-01,2014-01-01,119,"$1,131,456"
Grant Connell,C046,CAN,"6' 1""",1.85m,Left-Handed,One-Handed,1965-11-17,"Regina, Saskatchewan",1986-01-01,1997-01-01,1,"$2,911,097"
Frederic Niemeyer,N291,CAN,"6' 3""",1.90m,Right-Handed,Two-Handed,1976-04-24,"Campbellton, New Brunswick Canada",1998-01-01,2009-01-01,142,"$530,673"
Peter Polansky,PB22,CAN,"6' 0""",1.83m,Right-Handed,Two-Handed,1988-06-15,"North York, Ontario, Canada",2007-01-01,,123,"$1,729,767"
Chris Pridham,P048,CAN,"6' 0""",1.83m,Right-Handed,Two-Handed,1965-04-11,"Toronto, Ontario, Canada",1985-01-01,,234,"$431,272"
Brayden Schnur,SP24,CAN,"6' 4""",1.94m,Right-Handed,Two-Handed,1995-07-04,"Pickering, Ontario, Canada",2016-01-01,,251,"$887,903"
Andrew Sznajder,S102,CAN,"5' 9""",1.75m,Right-Handed,,1967-05-25,"Preston, England",1988-01-01,,182,"$419,995"
Albert Chang,C308,CAN,"6' 0""",,Right-Handed,,1971-02-27,"Vancouver, British Columbia",,,212,"$212,100"
Simon Larose,L334,CAN,"6' 3""",1.91m,Right-Handed,One-Handed,1978-06-28,"Cap-de-la-Madeleine, Quebec, Canada",1998-01-01,,149,"$205,394"
Martin Laurendeau,L008,CAN,"6' 27""",,Right-Handed,Two-Handed,1964-07-10,"Montreal, Quebec, Canada",1986-01-01,,139,"$349,692"
Glenn Michibata,M064,CAN,"5' 9""",1.75m,Right-Handed,,1962-06-13,"Toronto, Ontario, Canada",1983-01-01,1993-01-01,5,"$1,081,207"
Martin Wostenholme,W038,CAN,"6' 0""",,Right-Handed,,1962-10-11,"Toronto, Canada",,,312,"$298,147"
Bobby Kokavec,K290,CAN,"6' 3""",,Right-Handed,Two-Handed,1976-05-17,"Windsor, Ontario, Canada",,,152,"$115,924"
Pierre-Ludovic Duclos,D686,CAN,"6' 1""",1.85m,Right-Handed,Two-Handed,1986-01-08,"Quebec City, Quebec, Canada",,2012-01-01,121,"$206,342"
Philip Bester,BC68,CAN,"6' 2""",1.88m,Right-Handed,One-Handed,1988-10-06,"Sonthofen, Germany",2006-01-01,,140,"$272,057"
Sebastien Leblanc,L227,CAN,"6' 4""",1.93m,Left-Handed,,1973-12-27,"Montreal, Canada",1994-01-01,1997-01-01,,"$97,899"
Jocelyn Robichaud,R338,CAN,,,Right-Handed,,1978-04-08,"Joliette, Quebec, Canada",1997-01-01,,119,"$107,888"
Erik Chvojka,C918,CAN,"6' 1""",1.85m,Left-Handed,,1986-10-26,"Montreal, Canada",2004-01-01,2014-01-01,266,"$163,316"
Bruno Agostinelli,A707,CAN,,,Right-Handed,,1987-04-01,"Niagara Falls, Ontario, Canada",,,870,"$11,795"
Philip Gubenco,G464,CAN,"6' 2""",,Left-Handed,,1982-03-14,"Quebec, Canada",,,279,"$57,182"
Rob Steckley,S847,CAN,,,Right-Handed,,1980-02-16,"Toronto, Canada",,,610,"$29,301"
George Andrews,A557,CAN,,,,,,,,,,
Bob Bardsley,BA55,CAN,,,,,,,,,,
Tony Bardsley,B120,CAN,,,Right-Handed,,,,,,,
Frank Barrett,B0K7,CAN,,,,,,,,,,
Robert Bedard,B903,CAN,,,Right-Handed,,1931-09-13,"Saint-Hyacinthe, Quebec, Canada",,,,
Mike Belkin,B125,CAN,,,Right-Handed,Two-Handed,1945-06-29,"Montreal, Canada",,1975-01-01,,
Jim Bentley,BA54,CAN,,,,,,,,,,
Robert Bettauer,B189,CAN,"5' 10""",,Right-Handed,,1956-05-02,"Berlin, Germany",,,386,
Ken Binns,B902,CAN,,,,,,,,,,
Stephane Bonneau,B056,CAN,"6' 2""",,Right-Handed,,1961-12-08,"Chicoutimi, Quebec",,,257,"$50,979"
Les Bourne,B0K5,CAN,,,,,,,,,,
Jim Boyce,BA12,CAN,,,Right-Handed,,1951-06-22,,,,,
Josef Brabenec,B102,CAN,,,Left-Handed,,1957-04-24,"Ostrava, Czech Republic",,,155,
Harry Brittain,B259,CAN,,,,,,,,,,
David Brown,B844,CAN,,,,,,,,,,
Chris Burr,B845,CAN,,,,,,,,,,
Peter Burwash,B136,CAN,,,Right-Handed,,,"Brockville, Ontario",,,,
Keith A Carpenter,C176,CAN,"6' 2""",,Left-Handed,,1941-08-03,,,,,
Michael Carpenter,CI35,CAN,,,,,,,,,,
Grant Copley,C0IH,CAN,,,,,,,,,,
Andre Cote,C846,CAN,,,,,,,,,,
Bill Cowan,C051,CAN,,,Right-Handed,,1959-04-28,"Toronto, Ontario, Canada",,,225,
George Czuczka,C0IG,CAN,,,,,,,,,,
Laird Dunlop,D046,CAN,"5' 11""",,Right-Handed,,1962-06-28,"Ottawa, Ontario, Canada",,,464,
Geoff Dyer,D0G8,CAN,,,,,,"Cheltenham, Gloucestershire, England",,,,
Jim Ebbitt,E0BT,CAN,,,,,,,,,,
Robin Elliott,E0BU,CAN,,,,,,,,,,
Terry Fahlenbock,F0EA,CAN,,,,,,,,,,
Harry Fauquier,F133,CAN,"5' 5""",,,,1942-08-28,"Toronto, Ontario, Canada",,,,
Brian Flood,F472,CAN,,,,,,,,,,
Don Fontana,F471,CAN,,,Right-Handed,,1931-01-01,"Toronto, Ontario, Canada",,,,
Bob French,F493,CAN,,,,,,,,,,
Harry Fritz,F242,CAN,,,Left-Handed,,1951-02-19,"Yuma, AZ, U.S.",1971-01-01,1984-01-01,,
Welry Fritz,F057,CAN,,,Left-Handed,,1951-02-19,"Yuma, AZ, U.S.",1971-01-01,1984-01-01,,
Denis Galesi,G0H7,CAN,,,,,,,,,,
Rejean Genois,G072,CAN,"5' 9""",,Right-Handed,,1952-12-30,"Quebec City, Quebec",,,130,
Francois Godbout,GG04,CAN,,,Left-Handed,,1938-04-10,"Waterloo, Quebec, Canada",,,,
Mark Greenan,G042,CAN,,,Left-Handed,,1966-06-30,"Cambridge, Ontario, Canada",,,250,
Lew Grinnan,G557,CAN,,,,,,,,,,
Myron Grunberg,G0HS,CAN,,,,,,,,,,
Brian Gyetko,G201,CAN,"6' 0""",,Right-Handed,,1968-01-26,,,,152,"$39,188"
Greg Halder,H055,CAN,"6' 2""",,Right-Handed,,1955-12-05,"Toronto, Ontario, Canada",,,,
Karl Hale,H258,CAN,,,,,,,,,,
Robert Hale,H089,CAN,,,,,,,,,,
Geoff Harris,H0F8,CAN,,,,,,,,,,
Greg Harris,H0F9,CAN,,,,,,,,,,
Bob Howes,H0F7,CAN,"6' 4""",,,,,,,,,
Robert Janecek,J094,CAN,"6' 0""",,,,1972-06-09,"Toronto, Ontario",,,479,"$11,956"
Dawood Khan,K0GO,CAN,,,,,,,,,,
Kosti Killas,K794,CAN,,,,,,,,,,
Dennis Kirsten,K0KU,CAN,,,,,,,,,,
Matt Klinger,K537,CAN,,,,,1979-07-17,"Toronto, Ontario, Canada",,,529,"$17,487"
Frank Korpas,K0GN,CAN,,,,,,,,,,
Pierre Lamarche,L496,CAN,,,,,1947-01-02,,,,,
Richard Legendre,L125,CAN,,,,,1953-01-19,,,,,
Vernon Lewis,L294,CAN,,,,,,,,,,
John Maginley,M361,CAN,,,,,,,,,,
Don McCormick,M947,CAN,"5' 11""",,Right-Handed,,1945-04-12,"Vancouver, British Columbia, Canada",,,,
Hatem McDadi,M046,CAN,,,,,,,,,188,
Bill McDonnell,MB41,CAN,,,,,,,,,,
John McManus,MB40,CAN,,,,,,,,,,
Brian Millar,M115,CAN,,,,,1966-04-22,"Belfast, Northern Ireland",,,,
Nick Mohtadi,M215,CAN,,,,,,,,,610,
Nigel O'Rourke,O039,CAN,,,,,,,,,,
Joe Osadca,O246,CAN,,,,,,,,,,
John Picken,P079,CAN,,,Right-Handed,,1957-08-09,"Vancouver, British Columbia, Canada",,,223,
Tony Pospisil,P687,CAN,,,,,,,,,,
Dale Power,P044,CAN,,,,,,,,,,
Robert Puddicombe,P635,CAN,,,,,,,,,,
Vic Rollins,R617,CAN,,,,,,,,,,
Geoff Roper,R040,CAN,"6' 0""",,,,1964-06-03,Belgium,,,305,
G. Rorn,R0GK,CAN,,,,,,,,,,
Noel Rutherford,R229,CAN,,,,,,,,,,
Andy Scheiman,S0OT,CAN,,,,,,,,,,
John Sharpe,S0OS,CAN,,,Left-Handed,,1939-05-18,"Melbourne, Australia",,,,
Greg Shave,S0OQ,CAN,,,,,,,,,,
Tom Simpkins,S0OO,CAN,,,,,,,,,,
Allan Skelton,SA23,CAN,,,,,,,,,,
James Skelton,S0OP,CAN,,,,,,,,,,
Laurie Strong,SC15,CAN,,,,,,,,,,
John Swann,SC81,CAN,,,,,,,,,,
Francois Synnaeghal,SR54,CAN,,,,,,,,,,
Doug Tough,T800,CAN,,,,,,,,,,
Terry Whelpton,W0CB,CAN,,,,,,,,,,
Peter Yates,Y0AN,CAN,,,,,,,,,,
Jesse Baldwin,BP95,CAN,,,,,,,,,,
Roger Du Rivage,DE46,CAN,,,,,,,,,,
Lewis Duff,DE27,CAN,,,,,,,,,,
W.A.H. Duff,DE61,CAN,,,,,,,,,,
Henri-Paul Emard,E942,CAN,,,,,,,,,,
Jack Mingjie Lin,LI16,CAN,"5' 10""",1.78m,Right-Handed,Two-Handed,1999-04-15,"Newfoundland, Canada",,,,"$8,913"
C. Maas,MR03,CAN,,,,,,,,,,
Jean Marois,MR65,CAN,"5' 8""",,,,1924-11-05,"Quebec City, Quebec, Canada",,,,
J. Thomson,TD57,CAN,,,,,,,,,,
Lawrence Barclay,BO43,CAN,,,,,,,,,,
John Bassett,BO01,CAN,,,,,1939-02-05,"Ontario, Canada",,,,
James Foulkes,FB36,CAN,,,,,,,,,,
Georges Leclerc,LF52,CAN,,,,,,,,,,
James Macken,MR46,CAN,,,,,,,,,,
Donald McDiarmid,MR64,CAN,,,,,,,,,,
Gilbert Nunns,N864,CAN,,,,,,,,,,
Donald Platt,PI44,CAN,,,,,,"Toronto, Ontario, Canada",,1962-01-01,,
Charles Leslie,LG00,CAN,,,,,,,,,,
David Morrice,MS51,CAN,,,,,,,,,,
Bernard Schwengers,SW10,CAN,,,,,,,,,,
Willard Crocker,CK25,CAN,,,,,,"Newton, MA, United States",,1931-01-01,,
Val Harit,HC68,CAN,,,,,,,,,,
Paul Willey,W785,CAN,,,,,,,,,,
Marcel Rainville,RF27,CAN,,,,,,,,,,
Robert Murray,MR39,CAN,,,Right-Handed,,1914-05-16,,,,,
Laird Watt,W833,CAN,,,Right-Handed,,1913-05-21,"Montreal, Quebec",,,,
Jack Wright,W886,CAN,,,,,1901-11-11,"Nelson, British Columbia, Canada",,,3,
Brendan Macken,MQ79,CAN,,,,,1923-01-21,"Montreal, Quebec, Canada",,,,
Robert Powell,PK30,CAN,,,,,1881-04-11,"Victoria, Canada",,,,
Lorne Main,MQ39,CAN,,,,,1930-07-09,,,,,
Henri Rochon,RE31,CAN,,,,,,"Montreal, Quebec, Canada",,,,
Fernando Gonzalez,G415,CHI,"6' 0""",1.83m,Right-Handed,One-Handed,1980-07-29,"Santiago, Chile",1999-01-01,2012-01-01,25,"$8,862,276"
Marcelo Rios,R286,CHI,"5' 9""",1.75m,Left-Handed,Two-Handed,1975-12-26,"Santiago, Chile",1994-01-01,2004-01-01,141,"$9,713,771"
Nicolas Massu,M655,CHI,"6' 0""",1.83m,Right-Handed,Two-Handed,1979-10-10,Viña del Mar,1997-01-01,,31,"$4,344,833"
Paul Capdeville,C634,CHI,"6' 3""",1.90m,Right-Handed,Two-Handed,1983-04-02,"Santiago, Chile",2002-01-01,2014-01-01,147,"$1,097,506"
Adrian Garcia,G414,CHI,,,,,,,,,,
Felipe Rivera,R216,CHI,"6' 0""",1.83m,Right-Handed,,1971-05-10,"Arica, Chile",1989-01-01,,240,"$112,854"
Gabriel Silberstein,S548,CHI,"5' 10""",1.78m,Right-Handed,,1974-10-17,"Neumünster, Germany",1993-01-01,,261,"$116,651"
Hermes Gamonal,G375,CHI,"5' 11""",1.80m,Right-Handed,,1977-05-31,"Bulnes, Chile",1997-01-01,2006-01-01,181,"$180,996"
Sergio Cortes,C250,CHI,"5' 4""",1.64m,Right-Handed,,1968-01-11,"Antofagasta, Chile",1987-01-01,,114,"$247,706"
Jorge Aguilar,A457,CHI,"5' 10""",1.78m,Right-Handed,Two-Handed,1985-01-08,"Santiago, Chile",2003-01-01,,170,"$287,798"
Gonzalo Lama,LB07,CHI,,,Right-Handed,Two-Handed,1993-04-27,"Santiago, Chile",2013-01-01,2024-01-01,367,"$293,810"
Guillermo Hormazabal,H563,CHI,"5' 9""",1.76m,Right-Handed,Two-Handed,1985-02-19,"Talca, Chile",2003-01-01,2013-01-01,287,"$104,844"
Felipe Parada,P518,CHI,"5' 9""",1.75m,Right-Handed,,1981-05-16,"Santiago, Chile",2000-01-01,,149,"$76,974"
Phillip Harboe,H465,CHI,,,Right-Handed,,1982-07-20,,,,382,"$45,737"
Julio Peralta,P519,CHI,"6' 2""",1.88m,Right-Handed,One-Handed,1981-09-09,"Brasília, Brazil",2000-01-01,,29,"$700,691"
Pedro Rebolledo,R012,CHI,,,Right-Handed,,1960-12-17,"Santiago, Chile",1979-01-01,1992-01-01,162,"$435,551"
Cristobal Saavedra-Corvalan,SJ25,CHI,,,Right-Handed,Two-Handed,1990-08-01,"La Ligua, Chile",2007-01-01,2020-01-01,230,"$136,667"
Hans Podlipnik-Castillo,PB37,CHI,"6' 0""",1.83m,Right-Handed,One-Handed,1988-01-09,"Lo Barnechea, Chile",2005-01-01,,43,"$565,699"
Ricardo Acuna,A002,CHI,"5' 9""",1.75m,Right-Handed,,1958-01-13,"Santiago, Chile",1978-01-01,1989-01-01,45,"$291,650"
Ernesto Aguirre,A448,CHI,,,,,,,,,,
Patricio Apey,A432,CHI,,,,,,,,,,
Carlos Ayala,A0HA,CHI,,,,,,,,,,
Juan Carlos Ayala,A051,CHI,,,,,,,,,,
Luis Ayala,A073,CHI,"5' 7""",1.70m,Right-Handed,One-Handed,1932-09-18,"Santiago, Chile",,1970-01-01,5,
Luis Alberto Ayala,A0CY,CHI,,,,,,,,,,
Oscar Bustos,B424,CHI,,,,,1971-08-26,,,,371,
Ivan Camus,C007,CHI,,,Right-Handed,,1963-02-01,,,,144,
Armando Cornejo,C108,CHI,,,,,,,,,,
Patricio Cornejo,C088,CHI,"5' 11""",1.80m,Right-Handed,One-Handed,1944-06-06,"Llolleo, Chile",,1983-01-01,65,
Carlos Feldstedt,F131,CHI,"5' 4""",,,,,,,,471,
Alvaro Fillol,F025,CHI,,,Right-Handed,One-Handed,1952-12-04,"Santiago, Chile",,,,
Esteban Fillol,F0EB,CHI,,,,,,,,,,
Jaime Fillol Sr.,F024,CHI,"5' 11""",1.80m,Right-Handed,One-Handed,1946-06-03,"Santiago, Chile",,1985-01-01,14,"$187,169"
Ruben Gajardo,G165,CHI,,,,,1968-01-05,,,,375,"$11,871"
Fritz Gildemeister,G762,CHI,,,,,,,,,,
Hans Gildemeister,G015,CHI,"6' 0""",1.83m,Right-Handed,,1956-02-09,"Lima, Peru",1973-01-01,1987-01-01,5,"$740,858"
Heinz Gildemeister,G066,CHI,,,,,,,,,,
Andres Hammersley,HC76,CHI,,,,,,,,,,
Antonio Hartmann,H230,CHI,"5' 10""",,,,,,,,272,
Marco Morales,M087,CHI,,,,,,,,,,
Francisco Musalem,M222,CHI,,,,,,,,,,
Juan Nunez,N049,CHI,"6' 3""",1.91m,Right-Handed,,1956-09-23,"Valparaiso, Chile",,,185,
Omar Pabst,PI13,CHI,,,,,,,,,,
Alejandro Pierola,P030,CHI,,,Right-Handed,,1949-11-20,"Santiago, Chile",,,174,
Jaime Pinto-Bravo,P067,CHI,"5' 10""",1.78m,Right-Handed,,1939-10-09,Chile,,,581,
Belus Prajoux,P046,CHI,"5' 7""",1.70m,Right-Handed,One-Handed,1955-02-27,"Santiago, Chile",1972-01-01,1986-01-01,17,
Juan Pablo Queirolo,Q002,CHI,,,,,,,,,,
Guillermo Rivera-Aranguiz,R814,CHI,,,Right-Handed,Two-Handed,1989-02-02,"San Felipe, Chile",2007-01-01,2017-01-01,257,"$70,170"
Manuel Rodriguez,R059,CHI,,,,,,,,,,
Patricio Rodriguez,R074,CHI,,,,,,"Santiago, Chile",,1979-01-01,,
Juan Carlos Saez,SL85,CHI,,,Right-Handed,,1991-08-05,,,,285,"$108,816"
Arasmus Sanhueza,S0XM,CHI,,,,,,,,,,
Robinson Ureta,U012,CHI,,,,,,,,,,
Gerardo Vacarezza,V001,CHI,,,Right-Handed,,1965-08-16,"Santiago, Chile",,,282,"$31,361"
Jose Antonio Fernandez,F014,CHI,,,,,,,,,,
Jaime Fillol,F428,CHI,"5' 11""",1.80m,Right-Handed,One-Handed,1946-06-03,"Santiago, Chile",,1985-01-01,14,"$187,169"
Eduardo Garcia,GG45,CHI,,,,,,,,,,
Roberto Leon,LE47,CHI,,,,,1954-06-12,"Cárdenas, Cuba",,,,
Jaime Musalem,MQ28,CHI,,,,,,,,,,
Felipe Rios,RB58,CHI,,,Right-Handed,Two-Handed,1992-03-04,"Viña del Mar, Chile",,,733,"$14,571"
Eliseo San Hueza,SS76,CHI,,,,,,,,,,
Daniel Achondo,AD68,CHI,,,,,,,,,,
Guillermo Garcia,GG39,CHI,,,,,,,,,,
Carlos San Hueza,ST41,CHI,,,,,,,,,,
Marcelo Taverne,TD83,CHI,,,,,,,,,,
Domingo Torralva-Ponsa,TE55,CHI,,,,,1900-01-20,"Santiago, Chile",,,,
Luis Torralva-Ponsa,TE56,CHI,,,,,1902-03-13,,,,,
Ricardo Balbiers,BO55,CHI,"6' 3""",,,,,,,,,
Ze Zhang,Z272,CHN,"6' 2""",1.88m,,,1990-07-04,"Nanjing, China",2005-01-01,,78,"$1,102,532"
Di Wu,W571,CHN,,,,,,,,,,
Bing Pan,P263,CHN,"6' 1""",1.85m,Right-Handed,,1970-02-13,"Hubei, China",,,261,"$59,368"
Ben-Qiang Zhu,Z096,CHN,,,Right-Handed,,1979-03-13,"Hubei, China",,,131,"$79,836"
Shao-Xuan Zeng,Z151,CHN,"6' 1""",1.85m,Right-Handed,Two-Handed,1981-08-29,"Nanjing, Jiangsu, China",2002-01-01,,129,"$118,412"
Xin-Yuan Yu,Y105,CHN,"5' 11""",1.81m,Left-Handed,Two-Handed,1985-02-13,"Beijing, China",,2010-01-01,136,"$78,457"
Peng Sun,SC92,CHN,"6' 0""",1.84m,Right-Handed,Two-Handed,1983-10-19,"Liaoning, China",,,670,"$69,629"
Yu Jr. Wang,W291,CHN,,,,,,,,,,
Bowen Ouyang,O427,CHN,,,Left-Handed,,1992-05-19,"Xinjing, China",,,461,"$66,319"
Chuhan Wang,W614,CHN,"6' 2""",1.88m,Right-Handed,,1992-02-24,"Dalian, China",,,558,"$121,319"
Xin Gao,G820,CHN,,,,,,,,,,
Cheng-Fong Chang,C392,CHN,,,,,,,,,,
Yu Zhang,Y039,CHN,,,,,1976-09-26,"Sichuan, China",,,462,"$19,274"
Mao-Xin Gong,G876,CHN,"5' 10""",1.78m,Right-Handed,,1987-08-24,"Nanjing, China",2006-01-01,,82,"$407,547"
Jia-Ping Xia,X002,CHN,,,,,1969-03-01,"Shanghai, China",,,313,"$39,911"
Jun-Chao Xu,X011,CHN,,,,,1988-09-22,,,,644,"$36,167"
Hao Lu,L660,CHN,,,,,,,,,,
Tao Mu,M09E,CHN,,,,,,,,,,
Yu Zheng,Z090,CHN,,,,,1978-02-28,"Haining, Zhejiang, China",,,,
Wan Gao,G880,CHN,,,,,1987-08-24,,,,319,"$33,623"
Jing-Yi Li,L681,CHN,,,,,,,,,,
Di Lin,L255,CHN,,,,,,,,,,
Shu-Wah Liu,L033,CHN,,,,,,,,,,
Xiao-Cheng Liu,L246,CHN,,,,,,,,,,
Kenneth Lo,LF23,CHN,,,,,,,,,,
Ling Lu,L369,CHN,,,,,,,,,,
Ya-Nan Ma,MH61,CHN,,,,,,,,,,
Zu Mei-Lin,MP18,CHN,,,,,,,,,,
Chang-Hong Ni,N084,CHN,,,,,,,,,,
Liu Shuhua,S362,CHN,"6' 2""",,,,1962-10-23,,,,,
Yu Wang,W426,CHN,,,,,,,,,,
Yue-Wei Wang,W173,CHN,,,,,,,,,,
Gilbert Wong,W536,CHN,,,,,,,,,,
Zhao Xie,X001,CHN,,,,,,,,,,
Jing Zhu Yang,Y046,CHN,,,Right-Handed,,1976-01-19,,,,507,"$8,688"
Wei You,W065,CHN,,,,,,,,,,
Jiu-Hua Zhang,Z044,CHN,,,,,,,,,,
Chen Hau Chu,CI41,CHN,,,,,,,,,,
Shan Jiang,J203,CHN,,,,,,,,,,
Hooi-Hye Khoo,KG88,CHN,,,,,,,,,,
Wai-Pui Tsui,TE39,CHN,,,,,,,,,,
Guy Cheng,CK01,CHN,,,,,,,,,,
Paul Kong,KG91,CHN,,,,,,,,,,
Jin Ho,HD92,CHN,,,,,,,,,,
Fu Chi Mei,MQ34,CHN,,,,,,,,,,
Pao-Hua Lum,LF71,CHN,,,,,1906-03-11,"Melbourne, Victoria, Australia",,1939-01-01,,
Sin-Khie Kho,KG13,CHN,"5' 11""",1.80m,,,1912-09-02,"Jarkarta, Indonesia",,,,
Wai-Chuen Choy,CJ10,CHN,,,Right-Handed,,1914-03-05,"Hong Kong, Hong Kong",,,,
Yen-Hsun Lu,L575,TPE,"5' 11""",1.80m,Right-Handed,Two-Handed,1983-08-14,"Taoyuan, Taiwan",2001-01-01,2021-01-01,86,"$5,114,400"
Jimmy Wang,W373,TPE,"5' 11""",1.80m,Right-Handed,Two-Handed,1985-02-08,Saudi Arabia,2001-01-01,2019-01-01,190,"$1,150,226"
Jason Jung,J380,TPE,"5' 11""",1.80m,Right-Handed,Two-Handed,1989-06-15,"Torrance, CA, United States",2011-01-01,,185,"$1,152,926"
Tsung-Hua Yang,T982,TPE,"5' 10""",1.78m,Right-Handed,Two-Handed,1991-03-29,"Hsinchu, Taiwan",2006-01-01,,127,"$525,595"
Bing Chao Lin,W134,TPE,"5' 11""",,Right-Handed,,1973-10-28,"Jakarta, Indonesia",,,240,"$48,098"
Ti Chen,C813,TPE,"6' 0""",1.83m,Right-Handed,Two-Handed,1983-10-03,"Keelung, Taiwan",2002-01-01,,119,"$488,025"
Chih-Jung Chen,C364,TPE,"5' 6""",,,,1972-09-24,,,,340,"$12,909"
Wen-Lung Chang,C777,TPE,,,,,,,,,,
Wei-Ju Chen,C453,TPE,,,,,,,,,,
Wei-Jen Cheng,C503,TPE,,,,,,,,,,
Jinn-Yen Chiang,C363,TPE,,,,,,,,,,
Huang-Jung Hsu,HC03,TPE,,,,,,,,,,
Liang-Chi Huang,HA03,TPE,,,Right-Handed,,1992-03-08,"Tainan, Taiwan",,,172,"$104,217"
Jui-Chen Hung,HA89,TPE,,,Right-Handed,,1990-03-01,"Nantou City, Taiwan",,,521,"$37,584"
Hsin-Han Lee,L828,TPE,"5' 11""",1.81m,Right-Handed,Two-Handed,1988-05-19,Taiwan,,,93,"$142,344"
Chi-Yuan Lin,L0JH,TPE,,,,,,,,,,
Tai-Wei Liu,L729,TPE,,,,,,,,,,
Hsien-Yin Peng,PC73,TPE,,,,,1989-12-22,Taiwan,2006-01-01,,99,"$114,060"
Simon Shen,SB14,TPE,,,,,,,,,,
Fu-Shun Tang,T0IH,TPE,,,,,,,,,,
T. Tang,T122,TPE,,,,,,,,,,
Chia-Yen Tsai,T211,TPE,,,,,,,,,,
Chieh-Fu Wang,W679,TPE,,,Right-Handed,,1993-09-11,Taiwan,,,381,"$33,582"
Chu-Huan Yi,Y123,TPE,"5' 10""",1.78m,Left-Handed,One-Handed,1987-08-21,"Taipei, Taiwan",2005-01-01,,109,"$125,254"
Ching-Mou Yu,Y211,TPE,,,,,,,,,,
Yu-Hui Lien,L280,TPE,"6' 1""",,,,1970-06-19,,,,345,"$10,780"
Santiago Giraldo,G725,COL,"6' 2""",1.88m,Right-Handed,Two-Handed,1987-11-27,"Pereira, Colombia",2006-01-01,2020-01-01,77,"$4,541,251"
Alejandro Falla,F444,COL,"6' 1""",1.85m,Left-Handed,Two-Handed,1983-11-14,"Popayán, Colombia",2000-01-01,2018-01-01,130,"$3,101,331"
Alejandro Gonzalez,G892,COL,"6' 3""",1.91m,Right-Handed,Two-Handed,1989-02-07,"Medellín, Colombia",2006-01-01,2022-01-01,177,"$1,156,362"
Mauricio Hadad,H256,COL,"5' 7""",,Right-Handed,,1971-12-07,"Cali, Colombia",1988-01-01,,223,"$523,801"
Miguel Tobon,T133,COL,"6' 1""",1.85m,Right-Handed,,1968-06-22,"Medellín, Colombia",1989-01-01,2001-01-01,295,"$125,127"
Robert Farah,F525,COL,"6' 4""",1.93m,Right-Handed,Two-Handed,1987-01-20,"Montreal, Quebec, Canada",2010-01-01,2023-01-01,1,"$4,924,608"
Mario Rincon,R159,COL,,,Right-Handed,,1967-12-13,,,,257,"$132,921"
Alejandro Gomez,GB42,COL,"6' 2""",1.88m,Right-Handed,,1991-08-14,"Cali, Colombia",2015-01-01,,161,"$114,149"
Juan Sebastian Cabal,C834,COL,"6' 1""",1.85m,Right-Handed,Two-Handed,1986-04-25,"Cali, Colombia",2005-01-01,2023-01-01,1,"$5,264,879"
Carlos Salamanca,SB28,COL,"6' 5""",1.96m,Left-Handed,Two-Handed,1983-01-15,"Bogotá, Colombia",2001-01-01,,185,"$338,323"
Nicolas Barrientos,BC76,COL,"5' 9""",1.75m,Right-Handed,Two-Handed,1987-04-24,Colombia,2009-01-01,,47,"$767,365"
Eduardo Struvay,SI36,COL,,,Right-Handed,,1990-12-17,"Pereira, Colombia",2007-01-01,,147,"$232,735"
Philippe Moggio,M545,COL,,,,,1973-03-23,,,,,
Carlos Drada,D276,COL,,,Left-Handed,,1975-02-09,,,,423,"$10,010"
Pablo Gonzalez,G478,COL,"5' 10""",1.78m,Right-Handed,,1982-07-02,"Bogotá, Colombia",2001-01-01,,240,"$81,817"
Jaime Cortes,C261,COL,,,Right-Handed,,1964-07-26,"Bogotá, Colombia",,,504,"$47,483"
Michael Quintero,Q017,COL,"5' 9""",1.76m,Right-Handed,Two-Handed,1980-07-11,"Medellín, Colombia",1998-01-01,,231,"$205,782"
Orlando Agudelo,A080,COL,,,,,,,,,,
William Alvarez,A121,COL,,,,,,,,,,
Carlos Angel,A0H2,COL,,,,,,,,,,
Benjamin Anzola,A519,COL,,,,,,,,,,
Carlos Behar,B174,COL,,,Right-Handed,,1956-01-29,"Bogotá, Colombia",,,160,
Alvaro Betancur,B131,COL,,,Right-Handed,,1950-01-03,"Medellin, Colombia",,,68,
Francisco Castillo,CI13,COL,,,,,,,,,,
Gustavo Castillo,CI40,COL,,,,,,,,,,
Armando Castro,C0ID,COL,,,,,1952-12-10,"Mexico City, Mexico",,,,
Alejandro Cortes,C089,COL,,,Right-Handed,,1955-07-14,"Los Angeles, CA, U.S.",,,188,
Jose-Alejandro Cortes,CI87,COL,,,,,,,,,,
Fernando de Vivo,D0G4,COL,,,,,,,,,,
Juan Diaz,D159,COL,,,,,,,,,,
Carlos Espinosa,E0BQ,COL,"5' 8""",1.72m,,,,,,,,
Alvaro Espinoza,E0BR,COL,,,,,,,,,,
Carlos Gomez,G090,COL,,,,,,,,,,
Antonio Gonzalez,G0H3,COL,,,,,,,,,,
Blas Gonzalez,G0H2,COL,,,,,,,,,,
Luis Gonzalez,G114,COL,,,,,,,,,,
Daniel Isaza,I166,COL,,,,,,,,,,
Alvaro Jordan,J020,COL,"6' 1""",1.85m,Right-Handed,,1962-01-08,"Cali, Colombia",,,181,"$43,306"
Anibal Leal,L0EZ,COL,,,,,,,,,,
Hernando Leguizamon,L0F0,COL,,,,,,,,,,
Luis Lopez,L0EY,COL,,,,,,,,,,
Ivan Molina,M152,COL,,,Left-Handed,,1946-06-16,"Maceo, Colombia",,,,
Roberto Nieto,N0CX,COL,,,,,,,,,,
Uriel Oquendo Sr.,O198,COL,,,,,,,,,,
Javier Oyaga,O0BU,COL,,,,,,,,,,
Manuel Pabon,P0GR,COL,,,,,,,,,,
Alvaro Pena,P577,COL,,,,,,,,,,
Enrique Quimbaya,Q02G,COL,,,,,,,,,,
Sergio Ramirez,R721,COL,,,,,,,,,,
Javier Restrepo,R062,COL,,,Left-Handed,,1953-02-14,"Medellín, Colombia",,,449,
Luis Roa,R0FT,COL,,,,,,,,,,
Cristian Rodriguez,R913,COL,"5' 10""",1.78m,,,,,,,,
Oscar Rodriguez-Sanchez,R638,COL,,,Right-Handed,,1984-10-07,"Bogotá, Colombia",,,554,"$19,020"
Gustavo Rueda,RE34,COL,,,,,,,,,,
Hernando Salas,SS83,COL,,,,,,,,,,
Jaime Salas,S0O8,COL,,,,,,,,,,
Lubin Taborda,T0EW,COL,,,,,,,,,,
Guillermo Torres,T0ES,COL,,,,,,,,,,
Ruben Torres,T312,COL,,,,,,,,,,
Esteban Vallely,V0E4,COL,,,,,,,,,,
Rodolfo Varela,V194,COL,,,,,,,,,,
Nunil Velasco,V092,COL,,,,,,,,,,
Jairo Velasco Sr,V294,COL,"5' 8""",1.73m,Right-Handed,,1947-05-09,"Bogotá, Colombia",,,46,
Kurt Wodak,W0C7,COL,,,,,,,,,,
F. Davidson,DE01,COL,,,,,,,,,,
Eduardo Rincon,R294,COL,,,Right-Handed,,1976-03-22,,,,618,"$12,572"
M. Zeppenfeldt,Z415,COL,,,,,,,,,,
O. Rodriguez,RE53,COL,,,,,,,,,,
F. Restrepo,RF62,COL,,,,,,,,,,
Juan Antonio Marin,M578,CRC,"5' 9""",1.75m,Right-Handed,Two-Handed,1975-03-02,"San Jose, Costa Rica",1996-01-01,2007-01-01,188,"$1,210,290"
Rafael Avalos-Brenes,B448,CRC,,,,,,,,,,
Rafael Brenes,B950,CRC,,,,,,,,,,
Federico Camacho,C649,CRC,,,,,,,,,,
Mario Delgado,D176,CRC,,,,,,,,,,
Mario Fallas,F169,CRC,,,,,,,,,,
Juan Carlos Gonzalez,G634,CRC,,,,,,,,,,
C. Mora,M358,CRC,,,,,,,,,,
Alex Moscoso,M356,CRC,,,,,,,,,,
C. Munoz,M357,CRC,,,,,,,,,,
Pablo Nunez,N586,CRC,,,,,,,,,,
Mario Obando,O067,CRC,,,,,,,,,,
Ignaci Roca,R759,CRC,,,,,,,,,,
Luis Rojas,R596,CRC,,,,,,,,,,
Julian Saborio,SY66,CRC,,,,,,,,,,
Ivo Karlovic,K336,CRO,"6' 11""",2.11m,Right-Handed,One-Handed,1979-02-28,"Zagreb, Croatia, ",2000-01-01,,44,"$10,160,232"
Goran Ivanisevic,I034,CRO,"6' 4""",1.93m,Left-Handed,Two-Handed,1971-09-13,"Split, Croatia,",1988-01-01,2004-01-01,20,"$19,878,007"
Ivan Ljubicic,L360,CRO,"6' 4""",1.93m,Right-Handed,One-Handed,1979-03-19,"Banja Luka, Bosnia and Herzegovina",1998-01-01,,70,"$10,181,121"
Mario Ancic,A385,CRO,"6' 5""",1.95m,Right-Handed,Two-Handed,1984-03-30,"Split, Croatia",2001-01-01,2011-01-01,47,"$4,024,686"
Ivan Dodig,D646,CRO,"6' 0""",1.83m,Right-Handed,Two-Handed,1985-01-02,"Međugorje, Bosnia and Herzegovina",2004-01-01,,2,"$10,518,828"
Goran Prpic,P050,CRO,"5' 11""",1.80m,Right-Handed,One-Handed,1964-05-04,"Zagreb, Croatia",1984-01-01,1996-01-01,75,"$1,303,639"
Roko Karanusic,K371,CRO,"6' 0""",1.83m,Right-Handed,Two-Handed,1982-09-05,"Šibenik, Croatia",2000-01-01,,308,"$789,254"
Ante Pavic,PC78,CRO,"6' 5""",1.96m,Right-Handed,,1989-03-07,"Ogulin, Croatia",,2021-01-01,106,"$472,795"
Franko Skugor,SF76,CRO,"6' 5""",1.96m,Right-Handed,Two-Handed,1987-09-20,"Šibenik, Croatia",,,17,"$1,698,783"
Lovro Zovko,Z104,CRO,"6' 3""",1.90m,Right-Handed,Two-Handed,1981-03-18,"Zagreb, Croatia",1999-01-01,2015-01-01,45,"$623,479"
Zeljko Krajan,K313,CRO,"5' 10""",,Right-Handed,,1979-02-03,"Varaždin, Croatia",1997-01-01,,371,"$284,128"
Antonio Veic,V564,CRO,"5' 11""",1.80m,Right-Handed,Two-Handed,1988-02-18,"Mali Lošinj, Croatia",2006-01-01,,120,"$556,771"
Mate Pavic,PF00,CRO,"6' 3""",1.91m,Left-Handed,Two-Handed,1993-07-04,"Split, Croatia",2011-01-01,,1,"$7,757,390"
Sasa Hirszon,H274,CRO,"6' 1""",1.85m,Right-Handed,,1972-07-14,"Varaždin, Croatia",,,85,"$312,767"
Mate Delic,DA89,CRO,"6' 5""",1.96m,Right-Handed,,1993-04-29,"Split, Croatia",2010-01-01,2020-01-01,348,"$193,036"
Viktor Galovic,GB61,CRO,"6' 4""",1.92m,Right-Handed,,1990-09-19,"Nova Gradiška, Croatia",2011-01-01,2021-01-01,490,"$384,965"
Nikola Mektic,MF09,CRO,"6' 0""",1.83m,Right-Handed,Two-Handed,1988-12-24,"Zagreb, Croatia",2006-01-01,,1,"$5,883,225"
Mario Radic,R421,CRO,,,,,,,,,,
Sasa Tuksar,T760,CRO,"5' 11""",1.80m,Right-Handed,,1983-05-12,"Čakovec, Croatia",2002-01-01,2014-01-01,397,"$158,262"
Luka Belic,BD05,CRO,"6' 0""",1.83m,Right-Handed,Two-Handed,1988-10-14,"Umag, Croatia",2004-01-01,,808,"$29,579"
Tomislav Peric,P597,CRO,,,Right-Handed,,1983-04-10,,,,632,"$31,282"
Petar Jelenic,J365,CRO,"6' 3""",1.90m,Right-Handed,Two-Handed,1987-06-13,"Split, Croatia",,,579,"$30,105"
Emanuel Rasberger,R247,CRO,,,,,1972-06-03,,,,389,"$29,540"
Damir Buljevic,B080,CRO,"6' 5""",,Right-Handed,,1965-09-22,"Split, Croatia",,,551,
Kristijan Mesaros,MF90,CRO,,,Right-Handed,Two-Handed,1988-07-02,"Slavonski Brod,  Croatia",,,553,"$160,507"
Tomislav Prpic,P342,CRO,,,,,1972-02-10,,,,384,"$8,815"
Igor Saric,S277,CRO,,,,,1967-07-04,"Zagreb, Croatia",,,311,"$49,842"
Bruno Oresar,O018,CRO,"5' 9""",1.75m,Right-Handed,,1967-04-21,"Zagreb, Croatia",1985-01-01,1991-01-01,107,"$361,152"
Ivan Beros,B692,CRO,,,Right-Handed,,1979-12-30,"Makarska, Croatia",,,572,"$18,869"
Toni Androic,A837,CRO,"5' 9""",1.77m,Right-Handed,,1991-12-28,"Pula, Croatia",2010-01-01,,193,"$150,212"
Goran Oresic,O128,CRO,,,,,1975-04-28,,,,284,"$18,532"
Ivan Vajda,V226,CRO,,,,,1978-09-04,,,,482,"$51,136"
Josko Topic,T762,CRO,,,,,1983-12-08,,,,405,"$44,529"
Filip Veger,V763,CRO,,,Right-Handed,,1994-12-21,"Slatina, Croatia",,,557,"$47,011"
Ivan Cerovic,C759,CRO,,,Left-Handed,,1982-03-01,"Trbovlje, Slovenia",2001-01-01,2011-01-01,228,"$110,558"
Marin Draganja,D934,CRO,"6' 1""",1.85m,Right-Handed,One-Handed,1991-05-13,"Split, Croatia",2009-01-01,,20,"$598,441"
Igor Flego,F032,CRO,,,Right-Handed,,1961-12-13,"Rijeka, Croatia",,,176,
Zeljko Franulovic,F074,CRO,,,Right-Handed,One-Handed,1947-06-13,"Korčula, Croatia",,1980-01-01,312,
Vjeran Friscic,F549,CRO,,,,,,,,,,
Branko Horvat,H034,CRO,,,,,1928-07-24,"Petrinja, Croatia",,,,
Zlatko Ivancic,I020,CRO,,,,,,,,,,
Marko Ostoja,O025,CRO,"5' 9""",1.75m,Right-Handed,,1960-10-20,"Bonn, Germany",,,157,"$292,826"
Nikola Pilic,P080,CRO,"6' 3""",1.91m,Left-Handed,One-Handed,1939-08-27,"Split, Croatia",,1978-01-01,6,
Dino Marcan,MH98,CRO,"5' 9""",1.77m,Right-Handed,,1991-02-12,"Rijeka, Croatia",2008-01-01,,87,"$174,123"
Jorge Catala,C636,CUB,,,,,,,,,,
Ricardo Chile-Fonte,C713,CUB,,,,,1982-01-07,,,,465,"$23,491"
Luis Javier Cuellar,CA39,CUB,,,,,,,,,,
Favel Freyre,F512,CUB,,,,,,,,,,
Rey Garrido,GG29,CUB,,,,,1934-08-04,Cuba,,,,
Eddy Gonzalez,G630,CUB,,,,,,,,,,
Edgar Hernandez-Perez,H685,CUB,,,,,,,,,,
Kerlin Leon Zamora,L507,CUB,,,,,,,,,,
Sandor Martinez,M886,CUB,,,Right-Handed,,1981-03-21,,,,494,"$14,022"
Yanquiel Medina,MA83,CUB,,,,,,,,,,
Lazaro Navarro-Batles,N264,CUB,,,Right-Handed,,1974-01-28,,,,372,"$46,644"
Armando Perez,P300,CUB,,,,,,,,,,
Juan Pino,P217,CUB,"6' 1""",,Right-Handed,,1965-07-03,"Pinar del Río, Cuba",,,170,"$31,225"
Alexander Tabares,T217,CUB,,,,,,,,,,
Mario Tabares,T129,CUB,"5' 11""",,Right-Handed,,1965-07-22,"Havana, Cuba",,,106,"$106,057"
German Upmann,U170,CUB,,,,,1910-11-14,"Havana, Cuba",,,,
Juan Weiss,W824,CUB,,,,,,,,,,
Orlando Garrido,GG15,CUB,"5' 11""",,,,1931-03-01,,,,,
Hank Emnes,E0BV,CUW,,,,,,,,,,
Donnie Haseth,H0FA,CUW,,,,,,,,,,
Kenneth Hennep,H0F2,CUW,,,,,,,,,,
Siegfried Krips,K0GP,CUW,,,,,,,,,,
Roy MacDonald,M0LA,CUW,,,,,,,,,,
Oscar Salas,S0O9,CUW,,,,,,,,,,
Marcos Baghdatis,B837,CYP,"5' 10""",1.78m,Right-Handed,Two-Handed,1985-06-17,"Paramytha, Limassol District, Cyprus",2003-01-01,2019-01-01,93,"$8,918,917"
Petros Chrysochos,CH73,CYP,"6' 1""",1.85m,Right-Handed,Two-Handed,1996-04-08,"Larnaca, Cyprus",2019-01-01,,464,"$66,763"
Petros Baghdatis,BC54,CYP,,,,,,,,,,
Nicholas Campbell,CN70,CYP,,,,,1952-03-24,"Toronto, Ontario, Canada",,,,
Eleftherios Christou,C839,CYP,,,,,,,,,,
Christos Hadjigeorgiou,HB45,CYP,,,,,,,,,,
Soteris Hadjistyllis,HC05,CYP,,,,,,,,,,
Constantinos Ioannides,I403,CYP,,,,,,,,,,
Photos Kallias,K528,CYP,,,,,,,,,,
Georgios Kallis,KH43,CYP,,,,,,,,,,
Christofer Koutrouzas,K800,CYP,,,,,,,,,,
Sergis Kyratzis,KD02,CYP,,,,,,,,,,
Demetris Leontis,L449,CYP,,,,,,,,,,
Eleftherios Neos,N911,CYP,,,,,1999-09-06,"Paralimni, Cyprus",,,933,"$3,224"
Philippos Tsangaridis,TB00,CYP,,,,,,,,,,
Tomas Berdych,BA47,CZE,"6' 5""",1.96m,Right-Handed,Two-Handed,1985-09-17,"Valašské Meziříčí, Czech Republic",2002-01-01,2019-01-01,54,"$29,491,328"
Radek Stepanek,S694,CZE,"6' 1""",1.85m,Right-Handed,Two-Handed,1978-11-27,"Karviná, Czech Republic",1996-01-01,2017-01-01,4,"$11,343,464"
Martin Damm,D214,CZE,"6' 2""",1.89m,Right-Handed,Two-Handed,1972-08-01,"Liberec, Czech Republic",1990-01-01,2011-01-01,5,"$5,730,972"
Daniel Vacek,V141,CZE,"6' 3""",1.90m,Right-Handed,One-Handed,1971-04-01,"Prague, Czech Republic",1990-01-01,2003-01-01,3,"$4,803,388"
Jiri Novak,N254,CZE,"6' 3""",1.90m,Right-Handed,Two-Handed,1975-03-22,"Zlín, Czech Republic",1993-01-01,2007-01-01,6,"$7,618,613"
Petr Korda,K148,CZE,"6' 3""",1.90m,Left-Handed,One-Handed,1968-01-23,"Prague, Czech Republic",1987-01-01,,10,"$10,448,900"
Karel Novacek,N025,CZE,"6' 3""",1.90m,Right-Handed,One-Handed,1965-03-30,"Prostějov, Czech Republic",1984-01-01,1996-01-01,25,"$3,729,540"
Lukas Rosol,R685,CZE,"6' 4""",1.93m,Right-Handed,Two-Handed,1985-07-24,"Brno, Czech Republic",2004-01-01,2024-01-01,37,"$4,717,412"
Bohdan Ulihrach,U032,CZE,"6' 2""",1.88m,Right-Handed,Two-Handed,1975-02-23,"Kolín, Czech Republic",1993-01-01,2009-01-01,286,"$3,553,302"
Jiri Vanek,V207,CZE,"6' 1""",,Right-Handed,Two-Handed,1978-04-24,"Domažlice, Czech Republic",1995-01-01,2011-01-01,94,"$1,600,539"
Slava Dosedel,D198,CZE,"6' 0""",1.82m,Right-Handed,Two-Handed,1970-08-14,"Přerov, Czech Republic",1989-01-01,2001-01-01,120,"$2,452,512"
Jan Hernych,H442,CZE,"6' 3""",1.90m,Right-Handed,Two-Handed,1979-07-07,"Prague, Czech Republic",1998-01-01,2018-01-01,70,"$2,179,237"
Ivo Minar,MA41,CZE,"5' 11""",1.82m,Right-Handed,Two-Handed,1984-05-21,"Prague, Czech Republic",2002-01-01,2015-01-01,120,"$1,015,448"
Tomas Zib,Z074,CZE,"5' 9""",1.77m,Right-Handed,Two-Handed,1976-01-31,"Písek, Czech Republic",1995-01-01,2012-01-01,65,"$1,395,816"
Jan Vacek,V220,CZE,"6' 6""",,Right-Handed,Two-Handed,1976-05-10,"Prague, Czech Republic",1999-01-01,2008-01-01,115,"$794,420"
David Rikl,R203,CZE,"5' 10""",1.78m,Left-Handed,Two-Handed,1971-02-27,"Brandýs, Czech Republic",1989-01-01,2005-01-01,4,"$3,063,257"
Lukas Dlouhy,D487,CZE,"6' 1""",1.85m,Right-Handed,Two-Handed,1983-04-09,"Písek, Czech Republic",2001-01-01,,5,"$3,120,507"
Jan Hajek,H571,CZE,"5' 11""",1.80m,Right-Handed,Two-Handed,1983-08-07,"Olomouc, Czech Republic",2000-01-01,2015-01-01,189,"$1,427,267"
Michal Tabara,T243,CZE,"5' 9""",1.75m,Right-Handed,Two-Handed,1979-10-16,"Uherské Hradiště, Czech Republic",1997-01-01,2009-01-01,142,"$842,256"
Robin Vik,V247,CZE,"6' 0""",,Right-Handed,Two-Handed,1980-02-05,"Hradec Králové, Czech Republic",1998-01-01,2010-01-01,74,"$700,030"
Radomir Vasek,V151,CZE,"6' 2""",1.88m,Right-Handed,,1972-09-23,"Valašské Meziříčí, Czech Republic",1990-01-01,,168,"$418,622"
Martin Strelba,S328,CZE,"6' 3""",1.91m,Right-Handed,,1967-03-22,"Stará Boleslav, Czech Republic",,,53,"$400,835"
Adam Pavlasek,PG32,CZE,"6' 1""",1.85m,Right-Handed,Two-Handed,1994-10-08,"Bílovec, Czech Republic",2012-01-01,,29,"$1,447,674"
Frantisek Cermak,C445,CZE,"6' 4""",1.93m,Right-Handed,Two-Handed,1976-11-14,"Valtice, Czech Republic",1998-01-01,2016-01-01,14,"$2,418,073"
Tomas Cakl,C585,CZE,"5' 10""",1.78m,Right-Handed,Two-Handed,1981-04-25,"Ledeč nad Sázavou, Czech Republic",2000-01-01,,346,"$293,005"
Ota Fukarek,F292,CZE,"6' 3""",1.90m,Right-Handed,,1977-01-18,"Jablonec nad Nisou, Czech Republic",1995-01-01,2005-01-01,58,"$387,322"
Petr Luxa,L353,CZE,"6' 3""",1.90m,Right-Handed,Two-Handed,1972-03-03,"Prague, Czech Republic",1993-01-01,2005-01-01,46,"$635,062"
Milan Srejber,S072,CZE,"6' 8""",2.03m,Right-Handed,,1963-12-30,"Prague, Czech Republic",,,37,"$898,323"
Richard Vogel,V055,CZE,"6' 4""",1.93m,Right-Handed,,1964-08-13,"Ostrava, Czech Republic",,,92,"$143,874"
Leos Friedl,F299,CZE,"6' 0""",1.83m,Right-Handed,,1977-01-01,"Jindřichův Hradec, Czech Republic",1997-01-01,2011-01-01,14,"$1,221,403"
Jan Satral,SK67,CZE,"6' 1""",1.85m,Right-Handed,Two-Handed,1990-07-24,"Mělník, Czech Republic",2010-01-01,,160,"$367,636"
David Skoch,S552,CZE,"6' 0""",1.82m,Right-Handed,Two-Handed,1976-11-06,"Brandýs nad Labem-Stará Boleslav, Czech Republic",1994-01-01,,30,"$949,707"
Pavel Snobel,S799,CZE,"6' 3""",1.90m,Left-Handed,Two-Handed,1980-02-28,"Havířov, Czech Republic",1997-01-01,,110,"$377,192"
Vaclav Roubicek,R200,CZE,,,Right-Handed,,1967-12-13,"Ostrava, Czech Republic",,,401,"$121,317"
Petr Kralert,K349,CZE,"6' 2""",1.88m,Right-Handed,Two-Handed,1979-10-20,"Prague, Czech Republic",1997-01-01,2007-01-01,321,"$231,463"
Jan Mertl,MA38,CZE,"6' 3""",1.90m,Right-Handed,,1982-01-03,"Ústí nad Labem, Czech Republic",2002-01-01,,131,"$610,165"
Jaroslav Pospisil,P605,CZE,"5' 9""",1.76m,Right-Handed,,1981-02-09,"Prostějov, Czech Republic",,,115,"$569,738"
Tomas Anzari,Z037,CZE,"5' 11""",1.80m,Right-Handed,,1970-06-24,"Třinec, Czech Republic",1989-01-01,,80,"$335,020"
David Miketa,M555,CZE,,,Right-Handed,,1975-06-04,"Prague, Czech Republic",,,262,"$101,371"
Jaroslav Bulant,B323,CZE,,,Right-Handed,,1964-04-21,"Třebíč, Czech Republic",,,200,"$85,900"
Libor Nemecek,N110,CZE,"5' 6""",1.68m,Right-Handed,,1968-10-26,"Tanvald, Czech Republic",1988-01-01,,585,"$180,351"
Vaclav Safranek,SN77,CZE,"6' 1""",1.85m,Right-Handed,Two-Handed,1994-05-20,"Brno, Czech Republic",,,286,"$283,571"
Roman Vogeli,K718,CZE,,,Right-Handed,,1985-03-13,,,,412,"$60,181"
Adolf Musil,M584,CZE,,,,,1974-02-10,,,,279,"$15,012"
Pavel Vizner,V137,CZE,"5' 11""",1.80m,Right-Handed,Two-Handed,1970-07-15,"Prague, Czech Republic",1990-01-01,2009-01-01,5,"$2,337,009"
Lukas Thomas,T178,CZE,,,,,,,,,,
Jan Minar,M800,CZE,"6' 2""",1.89m,Right-Handed,,1981-04-09,"Prague, Czech Republic",1999-01-01,,335,"$265,469"
Radim Zitko,Z084,CZE,,,Right-Handed,,1978-12-08,,,,515,"$83,012"
Cyril Suk,S329,CZE,"5' 11""",1.80m,Right-Handed,Two-Handed,1967-01-29,"Prague, Czech Republic",1988-01-01,2006-01-01,7,"$3,651,530"
Radovan Chrz,C455,CZE,,,,,,,,,,
Jaroslav Levinsky,L391,CZE,"6' 5""",1.96m,Right-Handed,,1981-02-11,"Valašské Meziříčí, Czech Republic",1999-01-01,2014-01-01,24,"$784,970"
Dusan Lojda,L801,CZE,"6' 2""",,Left-Handed,Two-Handed,1988-03-08,"Ivančice, Czech Republic",2005-01-01,,285,"$302,444"
Petr Pala,P327,CZE,"6' 4""",1.93m,Right-Handed,Two-Handed,1975-10-02,"Prague, Czech Republic",1993-01-01,,,"$1,106,011"
Milan Trneny,T161,CZE,,,,,1971-03-06,,,,264,"$12,035"
Otakar Jurecka,J125,CZE,,,,,,,,,,
Jan Kodes Jr.,K234,CZE,,,,,1972-03-11,"Prague, Czech Republic",,,140,"$59,054"
M. Benda,BO94,CZE,,,,,,,,,,
Stanislav Birner,B046,CZE,"5' 7""",1.70m,Right-Handed,,1956-10-11,"Karlovy Vary, Czech Republic",,,43,"$298,727"
Pavel Brechja,B0JT,CZE,,,,,,,,,,
Josef Cihak,C036,CZE,"6' 1""",1.85m,Right-Handed,,1963-03-19,"Plzeň, Czech Republic",1985-01-01,,57,"$241,359"
Jaroslav Drobny,D531,CZE,,,Left-Handed,One-Handed,1921-10-12,"Prague, Czech Republic",,1969-01-01,1,
Vojtech Flegl,F184,CZE,"5' 11""",1.80m,Right-Handed,,1967-06-24,"Prague, Czech Republic",,,58,"$328,104"
Ernst Gottlieb,GH61,CZE,,,,,1893-03-18,"Brno, Czech Republic",,,,
Jiri Granat,G040,CZE,"6' 1""",1.85m,Right-Handed,,1955-01-28,"Prague, Czech Republic",,,191,
Rene Hanak,H288,CZE,,,,,1973-05-04,,,,243,"$14,644"
Milan Holecek,H059,CZE,"6' 3""",,Right-Handed,,,"Pardubice, Czech Republic",,,94,
Jiri Hrebec,H066,CZE,"6' 0""",1.83m,Right-Handed,One-Handed,1950-09-19,"Teplice, Czech Republic",,,25,
Pavel Hutka,H097,CZE,,,Right-Handed,,1949-02-28,"Šumperk, Czech Republic",,,103,
Jan Kodes,K049,CZE,"5' 9""",1.75m,Right-Handed,One-Handed,1946-03-01,"Prague, Czech Republic",,1983-01-01,12,"$693,197"
Jan Kukal,K099,CZE,,,Right-Handed,,1942-09-13,"Prague, Czech Republic",,,115,
Dusan Kulhaj,K040,CZE,,,,,,,,,,
Miloslav Lacek,L001,CZE,"5' 9""",,Left-Handed,,1959-04-16,"Kadaň, Czech Republic",,,374,
Jiri Medonos,MP68,CZE,,,,,,,,,,
Jaroslav Navratil,N010,CZE,"6' 5""",,Right-Handed,,1957-07-24,"Přerov, Czech Republic",,,31,"$216,482"
Frantisek Pala,P100,CZE,,,Left-Handed,,1944-03-28,"Velké Popovice, Czech Republic",,,,
Jan Pisecky,P167,CZE,,,,,1951-05-15,"Prague, Czech Republic",,,112,
Jiri Prucha,P097,CZE,,,,,1955-08-10,"Prague, Czech Republic",,,387,
H. Rohrer,RF63,CZE,,,,,,,,,,
Pavel Sevcik,SR62,CZE,,,,,,,,,,
Jan Simbera,S198,CZE,,,,,1951-11-03,,,,250,
Pavel Slozil,S056,CZE,"5' 8""",1.73m,Right-Handed,,1955-12-29,"Opava, Czech Republic",,,4,"$925,242"
Tomas Smid,S058,CZE,"6' 3""",1.91m,Right-Handed,One-Handed,1956-05-20,"Plzeň, Czech Republic",1976-01-01,1992-01-01,1,"$3,699,063"
Joseph Solc,SR64,CZE,,,,,,,,,,
Frantisek Stejskal,S0PR,CZE,,,,,1895-12-07,"Prague, Czech Republic",,,,
Petr Strobl,S192,CZE,,,,,,,,,,
Milan Tajenar,T740,CZE,,,,,,,,,,
Milan Vopicka,V875,CZE,,,,,,,,,,
Vladimir Zednik,Z023,CZE,,,,,1947-02-01,"Prague, Czech Republic",,,109,
Jiri Zigmund,Z131,CZE,,,,,,,,,,
M. Krasny,KG09,CZE,,,,,,,,,,
Ferenc Marsalek,MS44,CZE,,,,,,,,,,
O. Merunka,MQ40,CZE,,,,,,,,,,
DR. Novotny,N817,CZE,,,,,,,,,,
Jiri Parma,PI41,CZE,"5' 9""",,,,1963-01-09,"Frenštát pod Radhoštěm, Czech Republic",,,,
Dusan Prchlik,P277,CZE,,,,,,,,,,
Richard Schonborn,SS85,CZE,,,,,,,,,,
Radovan Svetlik,S605,CZE,,,,,1974-04-12,,,,331,"$55,840"
Jiri Novotny,N853,CZE,,,,,,,,,,
Tomas Smid Jr.,S866,CZE,,,,,,,,,,
Jano Krajcik,KF73,CZE,,,,,,,,,,
Pavel Macenauer,MS85,CZE,,,,,,"Úlice, Czech Republic",,,,
Ladislav Zemla,Z434,CZE,,,Right-Handed,One-Handed,1887-11-06,"Kladruby, Czech Republic",,,,
Friedrich Rohrer,RE82,CZE,,,,,1895-05-14,"Brno, Czech Republic",,,,
Bohuslav Hyks,HD16,CZE,,,,,1889-05-07,"Prague, Czech Republic",,,,
Vojtech Vodicka,V918,CZE,,,,,1908-01-13,"Holešov, Czech Republic",,,,
Ferdinand Vrba,V919,CZE,,,,,1922-06-27,"Bratislava, Slovakia",,1959-01-01,,
Josef Malecek,MR30,CZE,"5' 9""",,,,1903-06-18,"Prague, Czech Republic",,,,
Milan Matous,MQ83,CZE,,,,,1923-03-04,,,,,
Josef Caska,CJ39,CZE,,,,,1913-09-02,"Náchod, Czech Republic",,,,
Josef Siba,ST82,CZE,,,,,,,,,,
Frantisek Cejnar,CJ78,CZE,,,,,,"Prague, Czech Republic",,,,
Jan Kozeluh,KF96,CZE,,,Right-Handed,One-Handed,,"Prague, Czech Republic",,1945-01-01,10,
Vladimir Cernik,CI91,CZE,,,,,1917-07-09,"Roudnice nad Labem, Czech Republic",,,,
Jiri Javorsky,J588,CZE,,,,,1932-02-09,"Prague, Czech Republic",,,,
Roderich Menzel,MR26,CZE,"6' 3""",1.91m,Right-Handed,,1907-04-13,"Liberec, Czech Republic",,,7,
Kenneth Carlsen,C328,DEN,"6' 3""",1.91m,Left-Handed,One-Handed,1973-04-17,"Copenhagen, Denmark",1992-01-01,2007-01-01,134,"$2,990,980"
Kristian Pless,P491,DEN,"6' 2""",1.88m,Right-Handed,Two-Handed,1981-02-09,"Odense, Denmark",1999-01-01,2009-01-01,172,"$1,127,884"
Frederik Fetterlein,F206,DEN,"6' 3""",1.90m,Right-Handed,Two-Handed,1970-07-11,"Rungsted, Denmark",1989-01-01,2004-01-01,273,"$441,561"
Thomas Larsen,L327,DEN,"5' 11""",1.80m,Right-Handed,,1975-07-15,"Aarhus, Denmark",,,547,"$52,164"
Peter Bastiansen,B019,DEN,,,Right-Handed,,1962-05-03,"Copenhagen, Denmark",,,158,"$62,785"
Bob Borella,B697,DEN,,,,,,,,,,
Christian Camradt,C299,DEN,,,Left-Handed,,1969-07-26,,,,889,
Finn Christensen,C0OQ,DEN,,,,,,,,,,
Morten Christensen,C034,DEN,"6' 3""",1.91m,Right-Handed,,1965-06-15,"Copenhagen, Denmark",,,104,"$46,884"
Tom Christensen,C226,DEN,,,Right-Handed,,1949-09-13,,,,146,
Lars Elvstrom,E039,DEN,,,Right-Handed,,1949-08-18,"Copenhagen, Denmark",,,480,
Carl-Edvard Hedelund,HC29,DEN,,,Right-Handed,,1941-03-14,,,,,
Soren Hojberg,HC64,DEN,,,,,,,,,,
Thomas Kromann,K846,DEN,,,,,1987-06-01,"Hellerup, Denmark",,,501,"$12,586"
Jan Leschly,L118,DEN,,,Left-Handed,,1940-09-11,"Jutland, Denmark",,1973-01-01,10,
Peter Lund,L0FJ,DEN,,,,,,,,,,
Michael Mortensen,M090,DEN,"6' 2""",1.88m,Right-Handed,,1961-03-12,"Glostrup, Denmark",,1994-01-01,34,"$267,435"
Knud-Erik Nielsen,N0BB,DEN,,,,,,,,,,
Rasmus Norby,N415,DEN,"6' 0""",1.83m,Right-Handed,,1982-09-10,"Hjørring, Denmark",2001-01-01,,267,"$41,854"
Bent Panker,PJ19,DEN,,,,,,,,,,
Martin Pedersen,PB29,DEN,,,Right-Handed,Two-Handed,1987-06-15,Denmark,2005-01-01,,267,"$40,313"
Kasper Rud,R0K5,DEN,,,,,,,,,,
Michael Tauson,T010,DEN,"6' 4""",1.93m,Right-Handed,,1966-06-25,"Copenhagen, Denmark",,,118,"$135,455"
Jorgen Ulrich,U016,DEN,,,Right-Handed,,,"Hellerup, Denmark",,1973-01-01,,
Torben Ulrich,U011,DEN,"5' 11""",1.80m,Left-Handed,,1928-10-04,"Frederiksberg, Denmark",,,96,
Soren Wedege,W569,DEN,,,,,1989-09-07,,,,813,"$6,044"
Lennart Hoejberg,HC90,DEN,,,,,,,,,,
Patrik Langvardt,L273,DEN,,,Right-Handed,,1971-12-06,,,,436,"$25,454"
Frederik Nielsen,N390,DEN,"6' 3""",1.90m,Right-Handed,Two-Handed,1983-08-27,"Lyngby, Denmark",2001-01-01,,17,"$1,225,696"
Helge Plougmann,PI81,DEN,,,,,,,,,,
Bjorn Thalbitzer,TE67,DEN,,,,,1895-12-13,"Frederiksberg, Denmark",,,,
Erik Bjerre,BO82,DEN,,,,,,,,,,
Fru Svend Sperling,ST85,DEN,,,,,,,,,,
Arne Rasmussen,RF34,DEN,,,,,,,,,,
Kurt Nielsen,N088,DEN,,,Right-Handed,One-Handed,1930-11-19,"Copenhagen, Denmark",,1966-01-01,7,
Victor Estrella Burgos,E224,DOM,"5' 7""",1.70m,Right-Handed,One-Handed,1980-08-02,"Santiago de los Caballeros, Dominican Republic",2002-01-01,,135,"$2,164,736"
Jose Hernandez-Fernandez,H896,DOM,"6' 0""",1.83m,Right-Handed,Two-Handed,1990-03-13,"Santo Domingo, Dominican Republic",2008-01-01,2020-01-01,209,"$235,328"
Jose Bernal,BA41,DOM,,,,,,,,,,
Manuel Castellanos,CN73,DOM,,,,,,,,,,
Genaro De Leon,D230,DOM,,,,,,,,,,
Luis Delgado,D872,DOM,,,Right-Handed,,1991-02-18,Dominican Republic,,,,$236
Henry Estrella,E251,DOM,,,,,,,,,,
Jesus Francisco Felix,F640,DOM,,,,,,,,,,
Jhonson Garcia,G166,DOM,,,Right-Handed,,1980-10-01,Santo Domingo,,,871,"$12,601"
Amaury Gomez,GC22,DOM,,,,,,,,,,
Jose Olivares,O634,DOM,,,,,,,,,,
Federico Rodriguez,R765,DOM,"6' 1""",1.85m,,,,,,,,
Rodrigo Vallejo,V182,DOM,,,,,,,,,,
Jose Velazquez,V427,DOM,"5' 4""",1.62m,,,,,,,,
Manuel Morales,MQ49,DOM,,,,,1919-07-23,"San Pedro, Sula, Honduras",,,,
Nicolas Lapentti,L290,ECU,"6' 2""",1.88m,Right-Handed,Two-Handed,1976-08-13,"Guayaquil, Ecuador",1995-01-01,,32,"$6,313,898"
Andres Gomez,G023,ECU,"6' 4""",1.93m,Left-Handed,One-Handed,1960-02-27,"Guayaquil, Ecuador",1979-01-01,1995-01-01,1,"$4,385,130"
Luis Adrian Morejon,M506,ECU,"5' 10""",1.78m,Right-Handed,,1973-03-28,"Guayaquil, Ecuador",1991-01-01,2003-01-01,220,"$247,814"
Giovanni Lapentti,L430,ECU,"6' 4""",1.93m,Right-Handed,Two-Handed,1983-01-25,"Guayaquil, Ecuador",2002-01-01,2017-01-01,176,"$588,402"
Pablo Campana,C329,ECU,,,,,,,,,,
Emilio Gomez,GA36,ECU,,,,,,,,,,
Gonzalo Escobar,E661,ECU,"5' 10""",1.78m,Left-Handed,,1989-01-20,"Manta, Ecuador",,,38,"$1,024,635"
Roberto Quiroz,Q941,ECU,"6' 4""",,Left-Handed,Two-Handed,1992-02-23,"Guayaquil, Ecuador",2014-01-01,,159,"$391,382"
Raul Antonio Viver,V034,ECU,"6' 3""",1.91m,Left-Handed,,1961-03-17,"Guayaquil, Ecuador",1980-01-01,,184,"$189,118"
Martin Aguirre,A157,ECU,"5' 6""",1.68m,,,,,,,,
Enrique Andrade,A0EJ,ECU,,,,,,,,,,
Carlos Avellan,A365,ECU,,,Right-Handed,,1982-05-31,,,,401,"$66,060"
Juan Barragan,B759,ECU,,,,,,,,,,
Julio Cesar Campozano,C775,ECU,,,Right-Handed,,1986-01-31,Ecuador,2003-01-01,2014-01-01,192,"$145,315"
Giorgio Carneade,C301,ECU,,,,,,,,,,
Johny De Leon,D546,ECU,,,,,,,,,,
Jean-Michel Durango,D753,ECU,,,,,,,,,,
Ivan Endara,E701,ECU,"5' 10""",1.79m,Right-Handed,Two-Handed,1988-03-04,"Quito, Ecuador",2006-01-01,,387,"$125,274"
Juan-Andres Gomez,G793,ECU,,,,,,,,,,
Marco Gudino,G164,ECU,,,,,,,,,,
Pancho J.F. Guzman,G153,ECU,,,,,1946-05-24,"Guayaquil, Ecuador",,,,
Diego Hidalgo,H928,ECU,"5' 11""",1.80m,Left-Handed,Two-Handed,1993-04-18,"Guayaquil, Ecuador",,,61,"$410,679"
Ernesto Lingen,L199,ECU,,,,,,,,,,
Gonzalo Nunez,N768,ECU,,,,,1954-07-21,"Guayaquil, Ecuador",,,214,
Hugo Nunez,N028,ECU,"5' 7""",,Right-Handed,,1961-04-14,"Guayaquil, Ecuador",,,226,"$25,970"
Miguel Olvera,O068,ECU,,,,,1939-11-14,"Salitre Canton, Ecuador",,,,
Pancho Segura,S246,ECU,"5' 6""",1.68m,Right-Handed,One-Handed,1921-06-20,"Guayaquil, Ecuador",,1970-01-01,1,
Martin Stiegwardt,SD27,ECU,,,,,,,,,,
Juan-Sebastian Vivanco,V628,ECU,,,Right-Handed,,1990-04-14,,,,706,"$14,624"
Ricardo Ycaza,Y007,ECU,"6' 0""",1.83m,Right-Handed,,1958-02-16,"Guayaquil, Ecuador",1977-01-01,1986-01-01,47,"$133,237"
Eduardo Zuleta,Z027,ECU,,,,,1935-11-19,"Guayaquil, Ecuador",,1979-01-01,,
Jose Zunino,Z195,ECU,,,,,,,,,,
Wladimir Lerque,LE59,ECU,,,,,,,,,,
Tamer El Sawy,E146,EGY,"6' 2""",1.89m,Right-Handed,One-Handed,1972-02-11,"Cairo, Egypt",1993-01-01,1998-01-01,125,"$193,953"
Khaled Baligh,B115,EGY,,,,,,,,,,
Aly El Dawoudi,E051,EGY,,,,,1949-09-25,,,,222,
Gehad El Deeb,E158,EGY,,,,,,,,,,
Ahmed El Mehelmy,E012,EGY,"6' 0""",,Right-Handed,,1962-01-25,"Cairo, Egypt",1984-01-01,,377,"$26,515"
Tarek El Sakka,E011,EGY,,,,,,,,,,
Halid El Sallawy,E109,EGY,,,,,,,,,,
Ismail El Shafei,E038,EGY,,,Left-Handed,Two-Handed,1947-11-15,"Cairo, Kingdom of Egypt",,,26,
Moataz El Sonbol,E0AS,EGY,,,,,,,,,,
Amro Ghoneim,G284,EGY,,,,,,,,,,
Gomaa Hallaby,H201,EGY,,,,,,,,,,
Ahmed Hassan,H0G5,EGY,,,,,,,,,,
Omar Hedayet,H680,EGY,,,,,,,,,,
Youssef Hossam,HD67,EGY,"5' 10""",1.78m,Right-Handed,One-Handed,1998-06-03,"Giza, Egypt",2013-01-01,,562,"$56,915"
Mohamed Maamoon,MP53,EGY,,,,,,,,,,
Karim Maamoun,M744,EGY,,,Right-Handed,,1979-11-18,Egypt,,,325,"$95,738"
Ibrahim Mahmoud,M355,EGY,,,,,,"Bilbeis, Egypt",,,,
Mohamed Mamoun,M917,EGY,,,Right-Handed,,1981-10-15,"Cairo, Egypt",,,457,"$47,866"
Abdel-Ghani Mohammed,MP05,EGY,,,,,,,,,,
Hany Nasser,N009,EGY,,,,,,,,,,
Hisham Nasser,N065,EGY,,,,,,,,,,
Stephen Nimr,N814,EGY,,,,,,,,,,
Sherif Sabry,SG01,EGY,,,Right-Handed,,1986-08-29,"Giza, Egypt",,,410,"$110,387"
Mahmoud Talaat,TD88,EGY,,,,,,,,,,
Issam Haitham Taweel,TC00,EGY,"5' 2""",1.58m,Right-Handed,,1989-07-10,"Aleppo, Syria",,,393,"$55,698"
Mohamed Wafa,W273,EGY,,,,,,,,,,
Karim Zaher,Z076,EGY,,,,,,,,,,
Nael Zaki,Z009,EGY,,,,,,,,,,
Adolphe Bogdagli,BP86,EGY,,,,,,,,,,
Rene Danon,DE68,EGY,,,,,,,,,,
Adel Ismail,I365,EGY,,,,,1951-03-28,,,,,
Eddie Mandelbaum,MQ90,EGY,,,,,,,,,,
A. Riches,RF40,EGY,,,,,,,,,,
Ahmed Shukry,SV01,EGY,,,,,,,,,,
Loutfalla Wahid,W836,EGY,,,,,,,,,,
A. Sursock,ST36,EGY,,,,,,,,,,
Nicolas Zahar,Z431,EGY,,,,,,,,,,
Jacques Grandguillot,GH52,EGY,,,,,,,,,,
Andre Najar,N802,EGY,,,,,,,,,,
Henri Zalzal,Z410,EGY,,,,,,,,,,
Marcel Coen,CI81,EGY,,,,,,,,,,
Adli El Shafei,E132,EGY,,,,,1919-04-18,,,,,
Miguel Merz,M481,ESA,,,Right-Handed,,1967-06-09,"Basel, Switzerland",,,254,"$11,880"
Marcelo Arevalo,A853,ESA,"6' 4""",1.93m,Right-Handed,Two-Handed,1990-10-17,"Sonsonate, El Salvador",2012-01-01,,1,"$4,616,834"
Alberto Emmanuel Alvarado Larin,AB55,ESA,,,,,,,,,,
Rafael Arevalo,A620,ESA,"5' 11""",1.80m,Right-Handed,One-Handed,1986-07-04,"Sonsonate, El Salvador",2003-01-01,2019-01-01,520,"$34,441"
Salvador Andres Bolanos,BT51,ESA,,,,,,,,,,
Diego Duran,D0FO,ESA,,,,,,,,,,
Atilio Jose Flores,FB99,ESA,,,,,,,,,,
Jose Flores,F0JG,ESA,,,,,,,,,,
Alejandro Gonzalez,GF54,ESA,"6' 3""",1.91m,Right-Handed,Two-Handed,1989-02-07,"Medellín, Colombia",2006-01-01,2022-01-01,177,"$1,156,362"
Sebastian Moreno,ML29,ESA,,,Right-Handed,,1992-02-06,El Salvador,,,,
Sebastian Quiros,Q975,ESA,,,,,,,,,,
Rodrigo Rappaccioli,RA18,ESA,,,,,,,,,,
Benito Jose Suriano,SJ31,ESA,,,,,,,,,,
Andres Weisskopf,W573,ESA,,,,,,,,,,
Jurgen Zopp,Z254,EST,"6' 3""",1.91m,Right-Handed,Two-Handed,1988-03-29,"Tallinn, Estonia",2008-01-01,,218,"$1,120,622"
Rene Busch,B575,EST,,,,,1971-07-19,"Tallinn, Estonia",,,1321,
Mikk Irdoja,I207,EST,,,,,,,,,,
Vladimir Ivanov,I067,EST,,,Right-Handed,Two-Handed,1987-04-10,"Tallinn, Estonia",,,408,"$123,364"
Markus Kerner,KE58,EST,,,,,,,,,,
Mait Kunnap,K447,EST,"6' 3""",1.90m,,,1982-09-23,"Pärnu, Estonia",,,,"$33,601"
Toomas Leius,LE06,EST,,,,,1941-08-28,"Tallinn, Estonia",,,,
Jaak Poldma,PB33,EST,,,,,1988-05-16,"Tallinn, Estonia",,,1,"$5,357"
Alti Vahkal,V213,EST,,,,,,,,,,
Jarkko Nieminen,N289,FIN,"6' 1""",1.85m,Left-Handed,Two-Handed,1981-07-23,"Masku, Finland",2000-01-01,,42,"$7,743,345"
Veli Paloheimo,P004,FIN,"6' 0""",1.83m,Right-Handed,,1967-12-13,"Tampere, Finland",,,219,"$353,661"
Tuomas Ketola,K297,FIN,"6' 1""",1.85m,,,1975-02-21,"Turku, Finland",1994-01-01,,76,"$656,258"
Ville Liukko,L292,FIN,"5' 8""",1.73m,Right-Handed,,1974-05-24,"Turku, Finland",1995-01-01,,216,"$114,816"
Aki Rahunen,R193,FIN,"5' 9""",,Right-Handed,,1971-12-24,Helsinki,,,981,"$257,054"
Tapio Nurminen,N256,FIN,,,Right-Handed,,1975-10-12,"Imatra, Finland",,,262,"$67,872"
Olli Rahnasto,R006,FIN,"6' 0""",1.83m,Right-Handed,,1965-12-28,"Seinäjoki, Finland",,,79,"$245,624"
Markku Autio,A0HD,FIN,,,,,,,,,,
George Berner,B276,FIN,,,Right-Handed,,1948-04-04,"Helsinki, Finland",,,455,
Pekka Petersen Dyggve,D478,FIN,,,,,,,,,,
Heikki Hedman,H0J2,FIN,,,,,1940-04-25,,,,,
Harri Heliovaara,H808,FIN,"6' 2""",1.88m,Right-Handed,Two-Handed,1989-06-04,"Helsinki, Finland",2009-01-01,,3,"$2,876,080"
Tarmo Jokinen,J0E0,FIN,,,,,,,,,,
Lauri Kiiski,K426,FIN,,,Right-Handed,,1980-10-10,"Tampere, Finland",,,300,"$40,189"
Henri Kontinen,KA80,FIN,"6' 3""",1.91m,Right-Handed,One-Handed,1990-06-19,"Helsinki, Finland",2008-01-01,,1,"$3,584,065"
Micke Kontinen,KB56,FIN,,,Right-Handed,,1992-12-18,"Tampere, Finland",,2015-01-01,489,"$41,658"
Pertii Manisto,M0LZ,FIN,,,,,,,,,,
Timo Nieminen,N313,FIN,"6' 1""",1.85m,Right-Handed,Two-Handed,1981-10-06,"Helsinki, Finland",2000-01-01,2013-01-01,318,"$167,767"
Patrik Niklas-Salminen,N754,FIN,"6' 2""",1.88m,Left-Handed,,1997-03-05,"Tampere, Finland",,,95,"$157,967"
Janne Ojala,O148,FIN,,,,,1977-09-07,,,,272,"$55,265"
Leo Palin,P003,FIN,"5' 10""",1.78m,Right-Handed,,1956-10-20,"Helsinki, Finland",,,111,"$140,695"
Juho Paukku,PA15,FIN,"6' 2""",1.87m,Left-Handed,,1986-07-19,"Helsinki, Finland",,,250,"$81,252"
Pekka Saila,S306,FIN,,,,,,"Helsinki, Finland",,,272,
Henrik Sillanpaa,SI74,FIN,,,Right-Handed,,1991-01-24,"Tampere, Finland",,,723,"$26,037"
Rauno Suominen,SA31,FIN,,,Right-Handed,,1939-04-20,,,1975-01-01,,
Matti Timonen,T022,FIN,,,,,1953-10-10,,,,257,
Kim Tiilikainen,T207,FIN,"5' 11""",,Right-Handed,,1975-07-08,"Helsinki, Finland",1994-01-01,,207,"$111,567"
Kimmo Hurme,H221,FIN,,,,,,,,,,
Tommi Lenho,L312,FIN,,,Right-Handed,,1975-09-17,"Heinola, Finland",,,320,"$57,575"
Jukka Narakka,N449,FIN,,,,,,,,,,
Raimo Ojala,O041,FIN,,,,,,,,,,
Herkko Pollanen,PF69,FIN,,,Right-Handed,,1994-07-21,"Helsinki, Finland",,,531,"$15,998"
Reijo Tuomola,T045,FIN,,,,,,,,,,
Pasi Virtanen,V030,FIN,"6' 2""",,,,1964-11-24,"Hyvinkää, Finland",,,259,"$12,433"
Pentti Forsman,FA14,FIN,,,,,,"Turku, Finland",,1955-01-01,,
Arne Grahn,GH70,FIN,,,,,1902-01-22,"Helsinki, Finland",,1939-01-01,,
Sakari Salo,ST45,FIN,,,,,,"Helsinki, Finland",,1967-01-01,,
Reino Nyyssonen,N787,FIN,,,Right-Handed,,1935-02-12,,,,,
Jaan Kononov,KD81,EST,,,,,,,,,,
Andrei Luzgin,L388,EST,,,,,1973-02-02,,,,844,
Marek Marksoo,MN25,EST,,,,,,,,,,
Kenneth Raisma,RH25,EST,,,Left-Handed,,1998-04-03,"Tartu, Estonia",,,720,"$29,148"
Oskar Saarne,SE17,EST,,,,,,,,,,
Johannes Seeman,S0B0,EST,,,,,,,,,,
Kristofer Siimar,SX95,EST,,,Right-Handed,Two-Handed,1998-02-03,"Tallinn, Estonia",,,1,"$2,512"
Mattias Siimar,SX94,EST,,,Left-Handed,,1998-02-03,"Tallinn, Estonia",,,826,"$8,305"
Sten Sumberg,S0B6,EST,,,,,,,,,,
Siim Troost,T0BY,EST,,,Right-Handed,Two-Handed,1999-12-07,,,,607,"$10,650"
Gert Wilms,W395,EST,,,,,,,,,,
Kristian Lasn,LE71,EST,,,,,,,,,,
Jose Baires,B642,ESA,,,,,,,,,,
Cesar Escobar Serrano,E752,ESA,,,,,,,,,,
Juan Carlos Fuentes Vasquez,F0IK,ESA,,,,,,,,,,
Rafael Eduardo Gonzalez Retana,G0C0,ESA,,,,,,,,,,
Lluis Miralles,M0FV,ESA,,,,,,,,,,
Rafa Orantes,O493,ESA,,,,,,,,,,
Manuel Tejada,T192,ESA,"5' 6""",1.67m,,,,,,,,
Karim Hossam,HA95,EGY,,,Right-Handed,Two-Handed,1994-04-08,"Giza, Egypt",,,592,"$46,668"
Mahmoud Ezz,E645,EGY,,,,,,,,,,
Amr Elsayed Abdou Ah Mohamed,M0L0,EGY,,,,,,,,,,
Abdel-Gawad Mohammed,M0UA,EGY,,,,,,,,,,
Shoukri Moubarek,M0J3,EGY,,,,,,,,,,
Mazen Osama,O466,EGY,,,,,,,,,,
Mohammed Shaaban,SC49,EGY,,,,,,,,,,
Ibrahim Badreldin-Sayed,BO28,EGY,,,,,,,,,,
Kamel Moubarek,MQ54,EGY,,,,,,,,,,
B. Sayed,SS81,EGY,,,,,,,,,,
Fathi Mohammed-Ali,MQ19,EGY,,,Right-Handed,One-Handed,1940-07-25,"Cairo, Kingdom of Egypt",,,,
Pierre Grandguillot,GH39,EGY,,,,,,,,,,
Cayetano March,M0AA,ECU,,,,,2000-07-03,,,,510,"$35,586"
Jose Bernard,BC28,DOM,,,,,,,,,,
Michael-Ray Pallares-Gonzalez,PB08,DOM,"6' 2""",1.88m,Right-Handed,Two-Handed,1980-12-15,"Englewood, New Jersey",2004-01-01,,1157,"$10,219"
Alexander Schad,S434,DOM,,,,,,,,,,
Jonathan Printzlau,P386,DEN,,,Right-Handed,,1976-10-07,,,,593,"$5,322"
Mikael Torpegaard,TC12,DEN,"6' 4""",,Right-Handed,,1994-05-08,"Gentofte, Denmark",2018-01-01,,339,"$339,360"
Thomas Andersen,A241,DEN,"5' 9""",1.79m,,,1961-04-10,Fredericia,,,,
Andreas Bjerrehus,BP19,DEN,,,,,,,,,,
Peter Flintsoe,F141,DEN,,,,,1968-03-29,,,,151,
Mads Gottlieb,G469,DEN,,,,,,,,,,
Soren Hess-Olesen,HA37,DEN,"6' 2""",,Right-Handed,,1991-01-09,"Aarhus, Denmark",,,1519,"$5,415"
TH. Hillerup,HG14,DEN,,,,,,,,,,
Johannes Ingildsen,I411,DEN,"6' 4""",1.93m,Right-Handed,Two-Handed,1997-07-01,,,,124,"$57,888"
Christoffer Konigsfeldt,KB34,DEN,,,,,,,,,,
Mik Ledvonova,L751,DEN,,,,,,,,,,
Ernst Asmussen,AE61,DEN,,,,,,,,,,
Bjorn Hansen,HD57,DEN,,,,,,,,,,
Helge Johansen,J628,DEN,,,,,,,,,,
Bent Kozeluh,KF95,DEN,,,,,,,,,,
Erik Worm,W909,DEN,,,Right-Handed,One-Handed,1900-04-26,"Copenhagen, Denmark",,,,
Jannik Ipsen,I369,DEN,,,,,,,,,,
Erik Tegner,TE90,DEN,,,,,1896-10-29,"Bangkok, Rattanakosin Kingdom",,,,
Axel Petersen,PJ54,DEN,,,,,,,,,,
Henning Larsen,LF86,DEN,,,,,1925-08-20,"Opsund, Denmark",,,,
Anker Jacobsen,J643,DEN,,,,,1911-07-17,,,,,
Einer Ulrich,U169,DEN,,,,,1896-05-06,"Copenhagen, Denmark",,,,
Erik Larsen,LG55,DEN,,,,,1962-12-08,"Minneapolis, MN, U.S.",,,,
Jo-Wilfried Tsonga,T786,FRA,"6' 2""",1.88m,Right-Handed,Two-Handed,1985-04-17,"Le Mans, France",2004-01-01,2022-01-01,33,"$22,458,018"
Jeremy Chardy,CA12,FRA,"6' 2""",1.88m,Right-Handed,Two-Handed,1987-02-12,"Pau, France",2005-01-01,2023-01-01,24,"$10,857,975"
Gilles Simon,SD32,FRA,"6' 0""",1.83m,Right-Handed,Two-Handed,1984-12-27,"Nice, France",2002-01-01,2022-01-01,117,"$16,045,734"
Cedric Pioline,P226,FRA,"6' 2""",1.88m,Right-Handed,One-Handed,1969-06-15,"Neuilly-sur-Seine, France",1989-01-01,2002-01-01,93,"$6,921,029"
Julien Benneteau,B747,FRA,"6' 1""",1.85m,Right-Handed,Two-Handed,1981-12-20,"Bourg-en-Bresse, France",2000-01-01,2018-01-01,5,"$9,556,742"
Arnaud Clement,C487,FRA,"5' 8""",1.72m,Right-Handed,Two-Handed,1977-12-17,"Aix-en-Provence, France",1996-01-01,,8,"$7,125,228"
Sebastien Grosjean,G379,FRA,"5' 9""",1.75m,Right-Handed,Two-Handed,1978-05-29,"Marseille, France",1996-01-01,2010-01-01,52,"$8,131,803"
Nicolas Mahut,M873,FRA,"6' 3""",1.91m,Right-Handed,One-Handed,1982-01-21,"Angers, France",2000-01-01,,1,"$12,835,526"
Michael Llodra,L428,FRA,"6' 3""",1.91m,Left-Handed,One-Handed,1980-05-18,"Paris, France",1999-01-01,2014-01-01,3,"$8,533,350"
Paul-Henri Mathieu,M850,FRA,"6' 1""",1.85m,Right-Handed,Two-Handed,1982-01-12,"Strasbourg, France",1999-01-01,,103,"$6,299,093"
Fabrice Santoro,S424,FRA,"5' 9""",1.77m,Right-Handed,,1972-12-09,"Tahiti, French Polynesia, France",,2010-01-01,6,"$10,021,132"
Guy Forget,F035,FRA,"6' 3""",1.90m,Left-Handed,One-Handed,1965-01-04,"Casablanca, Morocco",1982-01-01,1997-01-01,3,"$5,669,934"
Nicolas Escude,E140,FRA,"6' 1""",1.85m,Right-Handed,Two-Handed,1976-04-03,"Chartres, France",1995-01-01,,35,"$3,216,150"
Guillaume Raoux,R186,FRA,"5' 11""",1.80m,Right-Handed,One-Handed,1970-02-14,"Bagnols-sur-Cèze, France",1989-01-01,2000-01-01,35,"$2,446,506"
Arnaud Boetsch,B053,FRA,"6' 0""",1.83m,Right-Handed,One-Handed,1969-04-01,"Meulan, France",1987-01-01,1999-01-01,97,"$3,031,247"
Jerome Golmard,G319,FRA,"6' 2""",1.88m,Left-Handed,Two-Handed,1973-09-09,"Dijon, France",1993-01-01,2006-01-01,143,"$2,215,784"
Antony Dupuis,D272,FRA,"6' 1""",1.85m,Right-Handed,One-Handed,1973-02-24,"Bayonne, France",1992-01-01,2013-01-01,147,"$1,591,333"
Julien Boutter,B599,FRA,"6' 3""",1.90m,Right-Handed,One-Handed,1974-04-05,"Boulay-Moselle, France",1996-01-01,2005-01-01,26,"$1,430,283"
Cyril Saulnier,S681,FRA,"6' 0""",1.83m,Right-Handed,One-Handed,1975-08-16,"Toulon, France",1996-01-01,2007-01-01,382,"$1,391,494"
Marc Gicquel,G436,FRA,"5' 10""",1.78m,Right-Handed,Two-Handed,1977-03-30,"Tunis, Tunisia",1999-01-01,2014-01-01,38,"$2,513,519"
Florent Serra,S963,FRA,"5' 11""",1.80m,Right-Handed,Two-Handed,1981-02-28,"Bordeaux, France",2000-01-01,2015-01-01,109,"$2,969,796"
Gregory Carraz,C400,FRA,"6' 3""",1.90m,Right-Handed,One-Handed,1975-04-09,"Bourgoin-Jallieu, France",1993-01-01,2007-01-01,122,"$836,734"
Edouard Roger-Vasselin,R613,FRA,"6' 2""",1.88m,Right-Handed,Two-Handed,1983-11-28,"Gennevilliers, France",2002-01-01,,6,"$8,488,888"
Olivier Delaitre,D015,FRA,"5' 6""",1.68m,Right-Handed,One-Handed,1967-06-01,"Metz, France",1986-01-01,2000-01-01,3,"$2,788,904"
Henri Leconte,L014,FRA,"6' 1""",1.85m,Left-Handed,One-Handed,1963-07-04,"Lillers, France",1980-01-01,1996-01-01,6,"$3,440,660"
Rodolphe Gilbert,G108,FRA,"6' 0""",1.83m,Left-Handed,,1968-12-12,"Brou-sur-Chantereine, France",,,50,"$1,143,269"
Lionel Roux,R280,FRA,"6' 1""",1.85m,Right-Handed,Two-Handed,1973-04-12,"Lyon, France",1991-01-01,2003-01-01,246,"$1,255,648"
Stephane Simian,S454,FRA,"6' 4""",1.93m,Left-Handed,,1967-06-08,"Saint-Symphorien-d'Ozon, France",1991-01-01,1998-01-01,56,"$796,223"
Jean-Philippe Fleurian,F031,FRA,"6' 1""",1.85m,Right-Handed,One-Handed,1965-09-11,"Paris, France",1985-01-01,1998-01-01,55,"$1,352,977"
Stephane Robert,R612,FRA,"6' 1""",1.85m,Right-Handed,Two-Handed,1980-05-17,"Montargis, France",2001-01-01,,99,"$2,448,915"
Arnaud Di Pasquale,D357,FRA,"6' 1""",1.85m,Right-Handed,One-Handed,1979-02-11,"Casablanca, Morocco",1998-01-01,2007-01-01,320,"$1,162,796"
Olivier Patience,P488,FRA,"5' 11""",1.80m,Right-Handed,One-Handed,1980-03-25,"Évreux, France",1998-01-01,,206,"$874,075"
Stephane Huet,H284,FRA,"5' 11""",1.80m,Left-Handed,,1971-04-25,"Paris, France",1990-01-01,,292,"$529,583"
Guillaume Rufin,RA17,FRA,"6' 2""",1.88m,Right-Handed,Two-Handed,1990-05-26,"Viriat, France",2008-01-01,2015-01-01,316,"$732,052"
Nicolas Thomann,T228,FRA,"6' 0""",1.83m,Right-Handed,,1972-11-29,"Mulhouse, France",1996-01-01,2006-01-01,398,"$437,629"
Thierry Ascione,A356,FRA,"6' 1""",1.87m,Right-Handed,One-Handed,1981-01-17,"Villeurbanne, France",2000-01-01,2010-01-01,140,"$1,031,961"
Nicolas Devilder,D469,FRA,"5' 8""",1.72m,Left-Handed,Two-Handed,1980-03-25,"Dax, France",2000-01-01,2013-01-01,197,"$959,449"
Albano Olivetti,O411,FRA,"6' 8""",2.03m,Right-Handed,One-Handed,1991-11-24,"Haguenau, France",2010-01-01,,40,"$1,029,053"
Thierry Champion,C028,FRA,"6' 0""",1.83m,Right-Handed,One-Handed,1966-08-31,Bagnols-sur-Cèze France,1989-01-01,2004-01-01,135,"$1,255,229"
Olivier Mutis,M640,FRA,"5' 9""",,Right-Handed,Two-Handed,1978-02-02,"Mont-Saint-Martin, France",1996-01-01,2006-01-01,632,"$605,413"
Gerard Solves,S523,FRA,"6' 1""",1.85m,Right-Handed,,1968-04-07,"Lagny-sur-Marne, Paris, France",1993-01-01,,340,"$403,190"
Thierry Guardiola,G231,FRA,"6' 2""",1.88m,Right-Handed,,1971-08-07,"Toulouse, France",1989-01-01,,375,"$525,936"
Sebastien De Chaunac,D351,FRA,"6' 0""",1.82m,Right-Handed,Two-Handed,1977-10-07,"Nevers, France",1998-01-01,2010-01-01,265,"$547,906"
Josselin Ouanna,O264,FRA,"6' 4""",1.93m,Right-Handed,One-Handed,1986-04-14,"Tours, France",2004-01-01,2015-01-01,220,"$723,143"
Vincent Millot,ME31,FRA,"5' 8""",1.73m,Left-Handed,Two-Handed,1986-01-30,"Montpellier, France",2007-01-01,,490,"$948,035"
Nicolas Coutelot,C476,FRA,"6' 1""",1.85m,Right-Handed,Two-Handed,1977-02-09,"Strasbourg, France",1996-01-01,2009-01-01,306,"$390,290"
Jerome Haehnel,H435,FRA,"6' 1""",1.85m,Right-Handed,Two-Handed,1980-07-14,"Mulhouse, France",1998-01-01,2009-01-01,91,"$472,122"
Yannick Noah,N022,FRA,"6' 4""",1.93m,Right-Handed,One-Handed,1960-05-18,"Sedan, Ardennes, France",1977-01-01,1996-01-01,1,"$3,440,660"
Frederic Fontang,F200,FRA,"6' 0""",1.83m,Right-Handed,,1970-03-18,"Casablanca, Morocco",1989-01-01,1999-01-01,589,"$513,509"
Tarik Benhabiles,B037,FRA,"5' 9""",,Right-Handed,,1965-02-05,"Algiers, Algeria",,,76,"$505,471"
Eric Prodon,P487,FRA,"5' 10""",1.77m,Right-Handed,One-Handed,1981-06-27,"Paris, France",2000-01-01,2014-01-01,580,
Lionel Barthez,B403,FRA,"5' 11""",1.80m,Right-Handed,,1967-05-18,"Albi, France",1988-01-01,,133,"$196,324"
Alexandre Sidorenko,SD78,FRA,"6' 1""",1.85m,Right-Handed,Two-Handed,1988-02-18,"Saint Petersburg, Russia",2006-01-01,,168,"$492,431"
Jean-Baptiste Perlant,P389,FRA,"6' 3""",1.90m,Right-Handed,,1977-02-22,"Bordeaux, France",1996-01-01,,384,"$145,439"
Laurent Prades,P213,FRA,"6' 0""",1.83m,Left-Handed,,1968-07-19,"Bordeaux, France",,,341,"$77,467"
Jean-Francois Bachelot,B562,FRA,"6' 0""",1.83m,Right-Handed,One-Handed,1977-06-11,"Perpignan, France",1996-01-01,,74,"$395,248"
Julien Varlet,V206,FRA,"5' 11""",1.80m,Right-Handed,,1977-09-08,"Cambrai, France",1997-01-01,,259,"$188,412"
Romain Jouan,J338,FRA,"5' 11""",1.82m,Right-Handed,Two-Handed,1985-07-16,"Landerneau, France",2007-01-01,,206,"$220,804"
Daniel Courcol,C314,FRA,"6' 3""",,Right-Handed,,1969-04-26,"Boulogne-sur-Mer, France",1993-01-01,,314,"$62,945"
Jean-Christophe Faurel,F344,FRA,"5' 9""",1.75m,Right-Handed,,1981-03-06,"Rueil-Malmaison, France",2000-01-01,2009-01-01,140,"$289,530"
Maxime Teixeira,T999,FRA,"6' 1""",1.85m,Right-Handed,Two-Handed,1989-01-18,"La Rochelle, France",2010-01-01,,193,"$3000000040,404"
Clement Reix,R852,FRA,,,Right-Handed,,1983-10-09,,,,437,"$85,511"
Mathieu Montcourt,MB84,FRA,"6' 0""",1.83m,Right-Handed,Two-Handed,1985-03-04,"Paris, France",2002-01-01,,314,"$327,057"
David Guez,G753,FRA,"6' 1""",1.85m,Right-Handed,Two-Handed,1982-11-08,"Marseille, France",2002-01-01,,242,"$684,843"
Eric Winogradsky,W026,FRA,"6' 2""",1.87m,Right-Handed,,1966-04-22,"Neuilly-sur-Seine, France",,,17,"$370,072"
Jonathan Dasnieres de Veigy,D729,FRA,"5' 9""",1.74m,Left-Handed,Two-Handed,1987-01-05,"Nîmes, France",2004-01-01,2013-01-01,337,"$133,437"
Rodolphe Cadart,C463,FRA,"6' 0""",1.83m,Left-Handed,,1978-08-08,"Reims, France",1997-01-01,,221,"$141,251"
Philippe Pech,P176,FRA,"5' 11""",1.80m,Left-Handed,,1966-08-09,"Grenoble, France",,,337,"$101,424"
Pierre Bouteyre,B439,FRA,"6' 1""",1.85m,Right-Handed,,1971-09-07,"Nîmes, France",,,249,"$54,033"
Gleb Sakharov,SJ22,FRA,"6' 1""",1.85m,Right-Handed,Two-Handed,1988-06-10,"Tashkent, Uzbekistan",,,313,"$350,760"
Julien Jeanpierre,J164,FRA,"6' 2""",1.88m,Right-Handed,,1980-03-10,"Remiremont, France",1999-01-01,,171,"$225,543"
Fabrice Martin,ME04,FRA,"6' 6""",1.98m,Right-Handed,,1986-09-11,"Bayonne, France",2006-01-01,,19,"$2,469,325"
Regis Lavergne,L314,FRA,,,,,1974-01-28,,,,167,"$104,618"
Cedric Kauffmann,K306,FRA,,,Right-Handed,,1976-03-01,,,,210,"$119,891"
Olivier Soules,S387,FRA,"6' 2""",1.88m,Right-Handed,,1967-03-24,"Douai, France",1989-01-01,,323,"$106,777"
Gianni Mina,MJ89,FRA,"6' 1""",1.85m,Right-Handed,Two-Handed,1992-02-09,"Les Abymes, Guadeloupe, France",,,646,"$104,996"
Nicolas Renavand,R588,FRA,,,Right-Handed,,1982-06-25,France,,,118,"$213,884"
Pier Gauthier,G239,FRA,"6' 1""",,,,1972-04-20,"Rennes, France",,,327,"$101,628"
Stephane Sansoni,S360,FRA,"5' 11""",1.80m,Right-Handed,,1967-08-12,"Toulouse, France",,,304,"$72,358"
Ludovic Walter,W394,FRA,"6' 3""",,,,1983-01-04,,,,335,"$92,013"
Frederic Vitoux,V147,FRA,"5' 8""",1.73m,Right-Handed,,1970-10-30,"Versailles, France",1990-01-01,,144,"$133,362"
Jerome Hanquez,H335,FRA,,,Right-Handed,,1974-03-11,"Campagne-lès-Hesdin, France",,,181,"$106,849"
Maxime Hamou,HB35,FRA,"6' 1""",1.85m,Right-Handed,Two-Handed,1995-06-08,"Nîmes, France",,,744,"$117,881"
Olivier Malcor,M601,FRA,"5' 11""",,Right-Handed,,1975-01-28,"Falaise, France",,,476,"$82,160"
Stephane Matheu,M482,FRA,,,Left-Handed,,1973-04-27,,,,375,"$17,401"
Gregoire Burquier,BC36,FRA,,,Left-Handed,One-Handed,1984-07-07,France,2007-01-01,,251,"$235,078"
Julien Mathieu,M902,FRA,,,,,1982-04-22,,,,735,"$32,340"
Axel Michon,MI11,FRA,"5' 9""",1.76m,Left-Handed,Two-Handed,1990-12-16,"Paris, France",2009-01-01,,379,"$253,075"
Mathieu Rodrigues,R851,FRA,,,Right-Handed,Two-Handed,1985-11-07,"Romorantin-Lanthenay, France",2006-01-01,,549,"$89,057"
Maxime Huard,H351,FRA,,,Right-Handed,,1976-01-25,"Granville, France",,,310,"$43,844"
Thierry Tulasne,T032,FRA,"5' 9""",1.77m,Right-Handed,One-Handed,1963-07-12,"Aix-les-Bains, France",,,112,"$1,058,412"
Augustin Gensse,G695,FRA,"5' 11""",1.80m,Right-Handed,Two-Handed,1983-08-10,"Mont-de-Marsan, France",2001-01-01,,363,"$250,639"
Alois Beust,B342,FRA,,,Right-Handed,,1970-02-08,"Deauville, Normandy, France",,,257,"$25,969"
Thomas Dupre,D370,FRA,,,,,1974-06-09,,,,423,"$71,576"
Guillaume Marx,M467,FRA,,,,,1972-05-24,,,,230,"$76,331"
Stephane Andriolo,A213,FRA,,,,,1971-11-06,,,,341,
Evan Furness,FC26,FRA,"5' 8""",1.73m,Right-Handed,Two-Handed,1998-08-13,"Pontivy, France",,,513,"$220,802"
Herve Grenier,G301,FRA,"6' 3""",,,,1967-12-04,"Montbrison, France",,,901,
Martin Vaisse,V790,FRA,,,Right-Handed,,1987-08-11,,,,453,"$48,757"
Nicolas Kischkewitz,K240,FRA,,,Right-Handed,,1974-04-04,,,,277,"$31,294"
Gilles Bastie,B334,FRA,,,,,1971-02-09,,,,176,"$60,314"
Julien Chauvin,C488,FRA,,,,,,,,,,
Sebastien Hette,H261,FRA,,,,,1972-06-09,,,,379,
Charles Auffray,A270,FRA,,,Right-Handed,,1973-02-24,,1996-01-01,,191,"$74,867"
Jean-Claude Barclay,B119,FRA,,,Right-Handed,,1942-12-30,"Paris, France",,,,
Herve Bardot,B304,FRA,,,,,,,,,,
Pierre Barthes,B122,FRA,,,Right-Handed,One-Handed,1941-09-13,"Béziers, France",,1976-01-01,9,
Francois Battegay,B819,FRA,,,,,,,,,,
Dominique Bedel,B030,FRA,"6' 1""",1.85m,Right-Handed,,1957-02-20,"Casablanca, Morocco",,,41,
Patrick Beraud,BM12,FRA,,,,,,,,,,
Jean Bergmann,B816,FRA,,,,,,,,,,
Thierry Bernasconi,B261,FRA,"6' 2""",,,,1950-09-03,,,,,
Christophe Bernelle,B128,FRA,"6' 1""",,,,1962-12-31,"Paris, France",,,237,
David Betous,B095,FRA,,,,,,,,,,
Patrice Beust,B229,FRA,,,Right-Handed,,1944-09-03,"Bois-le-Roi, France",,,,
Christian Bimes,B0JU,FRA,,,,,,,,,,
Jacques Bonnemaison,B207,FRA,,,,,,,,,,
Christophe Bosio,B693,FRA,,,,,,,,,,
Bernard Boutboul,B822,FRA,,,,,,,,,,
Alain Bouteleux,B821,FRA,,,,,,,,,,
Regis Brunet,B213,FRA,"6' 0""",,,,1956-05-31,"Marseille, France",,,205,
Christophe Casa,C073,FRA,"5' 10""",1.78m,Right-Handed,,1957-05-30,"Nice, France",,,727,
Jean-Francois Caujolle,C082,FRA,,,Left-Handed,,1952-03-03,"Marseille, France",,,184,
A. Chancerel,CK56,FRA,,,,,,,,,,
Jean-Baptiste Chanfreau,C083,FRA,"6' 1""",1.86m,Right-Handed,,1947-01-17,"Chanzy, France",,,83,
Paul Chaput,C264,FRA,,,,,,,,,,
Yves Christiaen,C709,FRA,,,,,,,,,,
Maurice Claitte,C120,FRA,,,,,,,,,,
Unknown Clermont,C0IB,FRA,,,,,,,,,,
Francis Conquy,C0IC,FRA,,,,,,,,,,
Daniel Contet,C170,FRA,,,Right-Handed,,1943-11-03,"Le Raincy, France",,,245,
Jean Luc Cotard,C193,FRA,,,,,,,,,,
Jean-Pierre Courcol,C175,FRA,,,,,1944-03-18,"Montgeron, France",,,,
Loic Courteau,C049,FRA,"5' 9""",1.75m,Right-Handed,,1964-01-06,"Bordeaux, France",,,37,"$113,008"
Bruno Dadillon,D001,FRA,"5' 9""",,Left-Handed,,1964-02-09,"Manosque, France",,,185,"$12,678"
Pierre Darmon,D131,FRA,,,Right-Handed,One-Handed,1934-01-14,"Tunis, Tunisia",,1968-01-01,8,
Bernard De Troye,D147,FRA,,,,,,,,,,
Eric Deblicker,D063,FRA,,,Right-Handed,,1952-04-17,"Neuilly-sur-Seine, Hauts-de-Seine",,,123,
Georges Deniau,D163,FRA,"6' 1""",1.85m,Right-Handed,,1932-12-25,"Paris, France",,,,
Pascal Deniau,D088,FRA,,,,,,,,,,
Eric Derasse,D472,FRA,,,,,,,,,,
Patrice Dominguez,D080,FRA,"5' 8""",1.74m,Left-Handed,,1950-01-12,"Algiers, Algeria",,,36,
R. Douillet,DD92,FRA,,,,,,,,,,
Dominic Durand,D208,FRA,,,,,,,,,,
Christian Duxin,D129,FRA,,,,,,,,,,
Francois Errard,E023,FRA,"5' 11""",,Right-Handed,,1967-09-10,"Charleville, France",,,229,
M. Fournier,FB02,FRA,,,,,,,,,,
Didier Frantz,F114,FRA,,,,,,,,,,
Christophe Freyss,F042,FRA,"6' 0""",,Left-Handed,,1956-08-30,"Strasbourg, France",,,144,
Bernard Fritz,F045,FRA,"5' 8""",1.73m,Right-Handed,,1953-10-05,"Marseille, France",1976-01-01,1985-01-01,106,
Herve Gauvain,G064,FRA,"5' 11""",,,,1955-03-04,"Chalon-sur-Saône, France",,,175,
Sebastien Gerard,G009,FRA,,,,,,,,,,
Remi Gilberton,G220,FRA,,,,,,,,,,
Waharo Godrella,GD02,FRA,,,,,,,,,,
Georges Goven,G031,FRA,"5' 8""",1.73m,Right-Handed,One-Handed,1948-04-26,"Lyon, France",,1984-01-01,13,
Stephane Grenier,G199,FRA,"6' 3""",1.90m,Right-Handed,,1968-01-09,"Vannes, France",,,245,"$52,788"
Patrice Hagelauer,H101,FRA,"6' 2""",,,,1948-01-05,"Marrakesh, Morocco",,,,
Jean-Louis Haillet,H041,FRA,,,Right-Handed,,1954-05-07,"Nice, France",,,45,
Robert Haillet,H131,FRA,,,Right-Handed,,1931-09-26,"Pau, France",,,,
Jacques Hervet,H015,FRA,"5' 11""",,Right-Handed,,1961-02-25,"Oran, Algeria",,,159,
Eric Huet,H537,FRA,,,,,,,,,,
Francois Jauffret,J031,FRA,"5' 11""",1.80m,Right-Handed,One-Handed,1942-02-09,"Bordeaux, France",,1980-01-01,33,
Pierre Jauffret,J071,FRA,,,,,,,,,,
Pierre Joly,J066,FRA,,,,,1946-02-11,,,,244,
Patrice Kuchna,K029,FRA,"5' 10""",1.78m,Right-Handed,,1960-05-10,"Denain, France",,,650,"$32,999"
Michel Leclercq,L123,FRA,,,,,,,,,,
Christophe Lesage,L020,FRA,,,,,1962-11-17,,,,193,
Jean-Pierre Loizeau,L541,FRA,,,,,,,,,,
Jean Lovera,L139,FRA,,,Right-Handed,,1951-04-17,"Grenoble, France",,,,
M. Lusinchi,L0F1,FRA,,,,,,,,,,
Joseph Mateo,M242,FRA,,,,,,,,,,
Francois Matheu,M163,FRA,,,,,,,,,,
Louis Maurizot,M0L8,FRA,,,,,,,,,,
Jean-Paul Meyer,M280,FRA,,,,,1950-01-01,,,,,
Jean Claude Molinari,M257,FRA,,,,,1931-08-28,,,,,
Bernard Montrenaud,M279,FRA,,,,,1944-03-28,,,,,
Daniel Moreau,M0L6,FRA,,,,,,,,,,
Gilles Moretton,M119,FRA,"6' 3""",1.91m,Right-Handed,,1958-02-10,"Lyon, France",,,55,
Denis Naegelen,N042,FRA,,,Right-Handed,,1952-03-14,,,,131,
Wanaro N'Godrella,N045,FRA,,,,,1949-10-18,"Nouméa, New Caledonia",,,71,
Jean-Pierre Olivier,O070,FRA,,,,,,,,,,
Bernard Paul,P313,FRA,,,,,1944-04-13,,,,,
Thierry Pham,P027,FRA,"5' 10""",1.78m,Right-Handed,,1962-04-28,"Lyon, France",,,163,"$34,754"
Jean-Marc Piacentile,P029,FRA,"5' 10""",,Right-Handed,,1963-04-18,,,,147,"$19,478"
Francois Pierson,P151,FRA,,,,,,,,,,
Gerard Pilet,P185,FRA,,,,,1933-09-15,"Asnières-sur-Seine, France",,1971-01-01,,
Pascal Portes,P042,FRA,"5' 9""",1.75m,,,1959-05-28,"Villeneuve-sur-Lot, France",,,118,"$227,283"
Jerome Potier,P043,FRA,"5' 11""",1.80m,Left-Handed,One-Handed,1962-07-18,"Rennes, France",1978-01-01,,140,"$315,454"
Jean Couiteas,CJ22,FRA,,,,,1901-09-24,"La Marsa, French Tunisia",,,,
Frank Hamonet,H069,FRA,,,,,,,,,,
Patrick Proisy,P085,FRA,"5' 11""",1.80m,Right-Handed,One-Handed,1949-09-10,"Évreux, France",1968-01-01,1981-01-01,16,
Christophe Roger-Vasselin,R037,FRA,"6' 2""",1.88m,Right-Handed,One-Handed,1957-07-08,"London, England",1976-01-01,1985-01-01,266,"$8,937"
Jean-Loup Rouyer,R141,FRA,,,,,1945-08-04,"Remiremont, France",,,,
Jacques Thamin,T099,FRA,,,Right-Handed,,1952-05-23,"Cairo, Egypt",,,137,
Jerome Vanier,V007,FRA,"5' 9""",1.75m,Left-Handed,,1957-11-02,"Boulogne-Billancourt, France",,,152,
E. Vuillemin,V962,FRA,,,,,,,,,,
Jean Becker,BO25,FRA,,,,,,,,,,
Jean Pierre Bergerat,BN92,FRA,,,,,,,,,,
Robert Champin,CK45,FRA,,,,,,,,,,
Robert Colin,CJ04,FRA,,,,,,,,,,
Jean De Buzelet,DF01,FRA,,,,,,,,,,
Elie De Lastours,DG04,FRA,,,,,,,,,,
Pierre Goldschmidt,GG77,FRA,,,,,,,,,,
Georges Gouttenoire,GH71,FRA,,,,,,,,,,
Paul Jalabert,J590,FRA,,,,,,,,,,
Denis Laurent,LF08,FRA,,,,,,,,,,
Robert Laurent,LG11,FRA,,,,,1890-06-29,"Concarneau, France",,,,
Jean-Richard Le Besnerais,LG19,FRA,,,,,,,,,,
R. Le Blant,LG12,FRA,,,,,,,,,,
Michel Lemasson,LE90,FRA,,,,,,,,,,
Alain Lemyze,LE62,FRA,,,,,,,,,,
Nicolas Magaloff,MR32,FRA,,,,,,,,,,
Rene Meunier,MS88,FRA,,,,,,,,,,
Etienne Micard,MS80,FRA,,,,,,,,,,
P. Passemard,PJ69,FRA,,,,,,,,,,
Henri Pellizza,P578,FRA,"6' 0""",,,,1920-03-21,,,,,
R. Peyrelongue,PJ88,FRA,,,,,,,,,,
Jacques Quiry,Q969,FRA,,,,,,,,,,
Henry Reynaud,RF47,FRA,,,,,,,,,,
Yves Thieullent,TD71,FRA,,,,,,,,,,
Edouard Thurneyssen,TE02,FRA,,,,,,,,,,
Guillaume Troncin,TD99,FRA,,,,,,,,,,
P. Verde Delisle,V997,FRA,,,,,,,,,,
Georges Zarifi,Z426,FRA,,,,,,,,,,
Jacques Arago,AD95,FRA,,,,,,,,,,
Claude Barrelet De Ricou,BQ40,FRA,,,,,,,,,,
Paul Barrelet De Ricou,BO92,FRA,,,,,,,,,,
Alain Bernard,BO95,FRA,"6' 5""",1.96m,,,1983-05-01,"Aubagne, France",,,,
Benny Berthet,BO35,FRA,,,Right-Handed,,1910-09-18,"New York, United States",,,,
Eugene Broquedis,BQ53,FRA,,,,,,,,,,
Pierre Canivet,CK55,FRA,,,,,1890-05-22,Paris,,,,
Gil De Kermadec,DD17,FRA,,,,,,,,,,
Guy Delhomme,DD49,FRA,,,,,,,,,,
Roger Dubuc,DD32,FRA,,,,,,,,,,
Marcel Dupont,DF21,FRA,,,,,1917-10-10,Belgium,,,,
Louis Geraud,GH31,FRA,,,,,,,,,,
Georges Gremillet,GG88,FRA,,,,,,,,,,
Maxime Guillemot,GG74,FRA,,,,,,,,,,
Roland Journu,J619,FRA,,,,,1906-08-06,"Bordeaux, France",,,,
Francis Nys,N794,FRA,,,,,,,,,,
A. Persin,PJ63,FRA,,,,,,,,,,
Felix Poulin,PJ68,FRA,,,,,,,,,,
Jacques Siguier,ST74,FRA,,,,,,,,,,
Jean Augustin,AD97,FRA,,,,,,,,,,
Edouard Borotra,BQ24,FRA,,,,,,,,,,
Roger George,GG76,FRA,,,,,,,,,,
Georges Glasser,GG78,FRA,,,,,1907-08-24,"Paris, France",1928-01-01,1939-01-01,,
Jacques Jamain,J613,FRA,,,,,,,,,,
Jean-Pierre Samazeuilh,ST75,FRA,,,Right-Handed,,1891-01-17,"Bordeaux, France",,,,
Adrien Aron,AE01,FRA,,,,,1902-04-29,Paris,,,,
Henri Bolelli,BO74,FRA,,,,,,,,,,
Alain Bresson,B826,FRA,,,,,,,,,,
Pierre Hirsch,HE61,FRA,,,,,,"Paris, France",,,,
William Laurentz,LG32,FRA,,,Right-Handed,,1895-02-26,"Paris, France",,,8,
Jacques Thomas,TD69,FRA,,,Left-Handed,,1922-04-13,,,,,
Jean Ducos De La Haille,DD48,FRA,,,,,,,,,,
Maurice Germot,GI14,FRA,,,Right-Handed,,1882-11-15,"Vichy, Allier, France",,,,
Andre Piel,PI75,FRA,,,,,,,,,,
Roger Danet,DE63,FRA,,,,,,,,,,
Thibault Kuentz,K074,FRA,,,,,,,,,,
Gillian Osmont,O0CG,FRA,,,,,,,,,,
Gregoire Rafaitin,R002,FRA,,,,,,,,,,
Bruno Renoult,R061,FRA,,,,,,,,,,
Paul Torre,T048,FRA,"5' 11""",1.80m,,,1953-05-18,"Toulouse, France",1980-01-01,,401,
Gerard Toulon,T077,FRA,,,,,,,,,,
Serge Soulie,S330,FRA,,,,,1969-06-23,,,,399,"$36,307"
Thierry Van Den Daele,V114,FRA,,,Left-Handed,,1966-05-27,,,,798,
Nicholas Sido,S049,FRA,,,,,,,,,,
Irakli Labadze,L439,GEO,"6' 2""",1.88m,Left-Handed,Two-Handed,1981-06-09,"Tbilisi, Georgia",1998-01-01,2010-01-01,100,"$1,234,668"
Vladimir Gabrichidze,G200,GEO,"5' 9""",1.75m,Right-Handed,,1968-05-16,"Tbilisi, Georgia",1990-01-01,,184,"$108,548"
Aleksandre Metreveli,MN23,GEO,"6' 0""",1.83m,Right-Handed,,1993-08-10,"Tbilisi, Georgia",,,184,"$132,293"
Giorgi Chantouria,CC23,GEO,"5' 10""",,Left-Handed,,1989-01-23,"Tbilisi,Georgia",2004-01-01,,,$611
Lado Chikhladze,C879,GEO,"6' 3""",1.91m,Right-Handed,,1985-06-15,"Tbilisi, Georgia",,,549,"$34,363"
Nikoloz Davlianidze,D0B5,GEO,,,,,,,,,,
Nodar Itonishvili,I189,GEO,,,Right-Handed,,1987-11-14,,,,1,"$4,139"
Giorgi Javakhishvili,J549,GEO,,,,,1941-06-10,"Tbilisi, Georgia",,,,
George Khrikadze,K878,GEO,,,,,,,,,,
David Kvernadze,K742,GEO,,,,,,,,,,
Alex Metreveli,M271,GEO,,,Right-Handed,One-Handed,1944-11-02,"Tbilisi, Georgia",1962-01-01,1979-01-01,9,
Irakli Metreveli,MV76,GEO,,,,,,,,,,
Revaz Osadze,O373,GEO,,,,,,,,,,
Vazha Shubladze,S0CN,GEO,,,,,,,,,,
Alexander Tavkhelidze,TA65,GEO,,,,,,,,,,
George Tsivadze,TB28,GEO,"6' 3""",1.91m,Left-Handed,,1993-01-02,"Batumi, Georgia",,,471,"$41,083"
Irakli Ushangishvili,U055,GEO,,,,,,,,,,
Tommy Haas,H355,GER,"6' 2""",1.88m,Right-Handed,One-Handed,1978-04-03,"Hamburg, Germany",1996-01-01,2018-01-01,82,"$13,609,987"
Philipp Kohlschreiber,K435,GER,"5' 10""",1.78m,Right-Handed,One-Handed,1983-10-16,"Augsburg, Germany",2001-01-01,2022-01-01,51,"$13,749,731"
Boris Becker,B028,GER,"6' 3""",1.91m,Right-Handed,One-Handed,1967-11-22,"Leimen, Baden-Württemberg, Germany",,1999-01-01,6,"$25,080,956"
Nicolas Kiefer,K316,GER,"6' 0""",1.83m,Right-Handed,Two-Handed,1977-07-05,"Holzminden, Germany",1995-01-01,,56,"$7,480,465"
Marc-Kevin Goellner,G252,GER,"6' 5""",1.96m,Right-Handed,One-Handed,1970-09-22,"Rio de Janeiro, Brazil",1991-01-01,2004-01-01,25,"$2,700,899"
Michael Stich,S351,GER,"6' 4""",1.93m,Right-Handed,One-Handed,1968-10-18,"Pinneberg, Germany",1988-01-01,1997-01-01,9,"$12,592,483"
Benjamin Becker,B896,GER,"5' 10""",1.78m,Right-Handed,Two-Handed,1981-07-16,"Merzig, Saarland, Germany",2005-01-01,2017-01-01,58,"$4,399,584"
David Prinosil,P273,GER,"6' 1""",1.85m,Right-Handed,Two-Handed,1973-03-09,"Olomouc, Czech Republic",1991-01-01,,12,"$4,016,496"
Rainer Schuettler,S636,GER,"5' 11""",1.80m,Right-Handed,Two-Handed,1976-04-25,"Korbach, Germany",1995-01-01,2012-01-01,40,"$7,407,508"
Florian Mayer,MB02,GER,"6' 3""",1.91m,Right-Handed,Two-Handed,1983-10-05,"Bayreuth, Germany",2001-01-01,2018-01-01,47,"$7,278,992"
Mischa Zverev,Z168,GER,"6' 3""",1.91m,Left-Handed,Two-Handed,1987-08-22,"Moscow, Russia",2005-01-01,2023-01-01,44,"$5,739,081"
Bernd Karbacher,K190,GER,"6' 1""",1.85m,Right-Handed,Two-Handed,1968-04-03,"Munich, Germany",1989-01-01,2000-01-01,163,"$2,043,057"
Philipp Petzschner,P624,GER,"6' 1""",1.85m,Right-Handed,Two-Handed,1984-03-24,"Bayreuth, Germany",2001-01-01,2018-01-01,9,"$4,024,417"
Daniel Brands,BC72,GER,"6' 5""",1.96m,Right-Handed,One-Handed,1987-07-17,"Deggendorf, Germany",2005-01-01,2019-01-01,154,"$2,181,301"
Michael Berrer,B678,GER,"6' 4""",1.93m,Left-Handed,One-Handed,1980-07-01,"Stuttgart, Germany",1999-01-01,2016-01-01,134,"$2,766,701"
Peter Gojowczyk,G967,GER,"6' 2""",1.88m,Right-Handed,Two-Handed,1989-07-15,"Dachau, Germany",2006-01-01,2023-01-01,348,"$3,771,631"
Hendrik Dreekmann,D249,GER,"6' 2""",1.88m,Right-Handed,Two-Handed,1975-01-29,"Bielefeld, Germany",1991-01-01,2003-01-01,296,"$1,366,435"
Karsten Braasch,B305,GER,"5' 11""",1.80m,Left-Handed,One-Handed,1967-07-14,"Marl, North Rhine-Westphalia, Germany",1987-01-01,2005-01-01,36,"$1,497,244"
Markus Zoecke,Z045,GER,"6' 5""",1.95m,Right-Handed,One-Handed,1968-05-10,"Berlin, Germany",1989-01-01,,233,"$795,369"
Alex Radulescu,R284,GER,"6' 1""",1.87m,Right-Handed,One-Handed,1974-12-07,"Bucharest, Romania",1992-01-01,,184,"$698,887"
Patrik Kuhnen,K030,GER,"6' 3""",1.91m,Right-Handed,,1966-02-11,"Püttlingen, Germany",1985-01-01,1996-01-01,28,"$1,645,528"
Alexander Waske,W300,GER,"6' 2""",1.88m,Right-Handed,One-Handed,1975-03-31,"Frankfurt, Germany",2000-01-01,2012-01-01,16,"$1,339,987"
Lars Burgsmuller,B484,GER,"6' 0""",1.83m,Right-Handed,Two-Handed,1975-12-06,"Mülheim, Germany",1993-01-01,2008-01-01,61,"$1,887,164"
Jens Knippschild,K260,GER,"6' 3""",1.91m,Right-Handed,One-Handed,1975-02-15,"Bad Arolsen, Germany",1992-01-01,2004-01-01,53,"$1,017,972"
Bjorn Phau,P436,GER,"5' 9""",1.75m,Right-Handed,One-Handed,1979-10-04,"Darmstadt, Germany",1999-01-01,2014-01-01,55,"$1,983,070"
Alexander Mronz,M093,GER,"6' 2""",1.88m,Right-Handed,,1965-04-07,"Cologne, Germany",1987-01-01,1996-01-01,74,"$830,234"
Joern Renzenbrink,R273,GER,"6' 5""",1.96m,Right-Handed,,1972-07-17,"Hamburg, Germany",1991-01-01,2003-01-01,153,"$504,929"
Carl-Uwe Steeb,S080,GER,"5' 11""",1.80m,Left-Handed,Two-Handed,1967-09-01,"Aalen, Germany",1986-01-01,1996-01-01,41,"$2,320,082"
Matthias Bachinger,BC65,GER,"6' 2""",1.88m,Right-Handed,Two-Handed,1987-04-02,"Munich, Germany",2005-01-01,2023-01-01,151,"$1,703,120"
Martin Sinner,S367,GER,"5' 11""",1.80m,Right-Handed,,1968-02-07,"Koblenz, Germany",1988-01-01,,82,"$896,974"
Patrick Baur,B293,GER,"6' 1""",1.85m,Right-Handed,One-Handed,1965-05-03,"Radolfzell, Germany",1986-01-01,1997-01-01,64,"$709,282"
Alexander Popp,P395,GER,"6' 7""",2.01m,Right-Handed,Two-Handed,1976-11-04,"Heidelberg, Germany",1997-01-01,2005-01-01,266,"$976,038"
Andreas Beck,BA86,GER,"6' 3""",1.91m,Left-Handed,Two-Handed,1986-02-05,"Weingarten, Germany",2003-01-01,2016-01-01,116,"$1,564,600"
Tomas Behrend,B545,GER,"6' 4""",1.93m,Right-Handed,One-Handed,1974-12-12,"Porto Alegre, Brazil",1994-01-01,,43,"$977,352"
Simon Greul,G511,GER,"6' 1""",1.85m,Right-Handed,Two-Handed,1981-04-13,"Stuttgart, Germany",2000-01-01,,121,"$1,213,267"
Oliver Gross,G297,GER,"6' 1""",1.86m,Right-Handed,,1973-06-17,"Hanau, Germany",1993-01-01,,573,"$876,452"
Michael Kohlmann,K257,GER,"6' 1""",1.87m,Right-Handed,Two-Handed,1974-01-11,"Hagen, Germany",1995-01-01,2013-01-01,27,"$1,798,467"
Denis Gremelmayr,G512,GER,"6' 0""",1.83m,Left-Handed,Two-Handed,1981-08-16,"Heidelberg, Germany",2000-01-01,2013-01-01,188,"$1,023,334"
Christian Saceanu,S288,GER,"6' 3""",1.91m,Right-Handed,,1968-07-08,"Cluj-Napoca, Romania",1986-01-01,,111,"$738,632"
Tobias Kamke,K839,GER,"5' 10""",1.78m,Right-Handed,Two-Handed,1986-05-21,"Lübeck, Germany",2004-01-01,2022-01-01,144,"$2,572,138"
Arne Thoms,T135,GER,"6' 2""",1.88m,Right-Handed,,1971-01-01,"Osnabrück, Germany",1989-01-01,,169,"$392,142"
Markus Hantschk,H366,GER,"6' 2""",1.87m,Right-Handed,One-Handed,1977-11-19,"Dachau, Germany",1996-01-01,2006-01-01,348,"$514,852"
Carsten Arriens,A183,GER,"6' 4""",1.93m,Right-Handed,,1969-04-11,"Frankfurt, Germany",1991-01-01,,892,"$314,588"
Christian Vinck,V175,GER,"6' 0""",1.83m,Left-Handed,,1975-09-03,"Hamm, Germany",1993-01-01,,530,"$482,534"
Lars Rehmann,R285,GER,"6' 5""",1.96m,Right-Handed,,1975-05-21,"Leverkusen, Germany",1993-01-01,,142,"$271,500"
Julian Reister,R782,GER,"6' 2""",1.88m,Right-Handed,One-Handed,1986-04-02,"Hamburg, Germany",2005-01-01,2016-01-01,431,"$858,433"
Axel Pretzsch,P353,GER,"6' 1""",,Right-Handed,Two-Handed,1976-06-16,"Hamburg, Germany",1996-01-01,,318,"$336,815"
Udo Riglewski,R023,GER,"6' 0""",1.83m,Right-Handed,,1966-07-28,"Lauffen am Neckar, Germany",1985-01-01,1995-01-01,6,"$842,211"
Markus Naewie,N117,GER,"6' 3""",1.90m,Right-Handed,,1970-01-07,"Bremen, Germany",1990-01-01,,147,"$307,182"
Dirk Dier,D207,GER,"6' 1""",1.85m,Right-Handed,,1972-02-16,"Sankt Ingbert, Germany",1990-01-01,,158,"$388,546"
Daniel Elsner,E155,GER,"5' 11""",1.82m,Right-Handed,Two-Handed,1979-01-04,"Memmingerberg, Germany",1997-01-01,,505,"$369,334"
Dominik Meffert,M836,GER,"6' 6""",1.98m,Right-Handed,Two-Handed,1981-04-09,"Mayen, Rhineland-Palatinate, Germany",2005-01-01,,101,"$502,476"
Marcello Craca,C439,GER,"5' 11""",,Right-Handed,,1974-10-27,"Pforzheim, Germany",1995-01-01,,90,"$273,659"
Lars Koslowski,K202,GER,"6' 2""",1.88m,Right-Handed,,1971-05-22,"Kassel, Germany",1989-01-01,,63,"$265,437"
Peter Moraing,M085,GER,"6' 4""",1.93m,Right-Handed,,1961-09-13,"Essen, Germany",1983-01-01,,281,"$86,834"
Yannick Maden,MH16,GER,"6' 1""",1.85m,Right-Handed,,1989-10-28,"Stuttgart, Germany",2013-01-01,2022-01-01,375,"$760,330"
Eric Jelen,J008,GER,"5' 11""",1.80m,Right-Handed,One-Handed,1965-03-11,"Trier, Germany",1982-01-01,1992-01-01,18,"$1,100,059"
Tim Puetz,PC68,GER,"6' 1""",1.85m,Right-Handed,Two-Handed,1987-11-19,"Frankfurt, Germany",2011-01-01,,6,"$3,457,223"
Thomas Gollwitzer,G063,GER,,,Right-Handed,,1966-07-24,"Deggendorf, Germany",,,238,"$85,217"
Simon Stadler,S944,GER,"6' 0""",1.83m,Left-Handed,Two-Handed,1983-07-20,"Heidelberg, Germany",2002-01-01,2016-01-01,52,"$593,657"
Tobias Summerer,S990,GER,,,Right-Handed,,1983-02-01,"Freising, Bavaria, Germany",2002-01-01,,,"$160,426"
Maximilian Abel,A391,GER,,,Right-Handed,,1982-02-28,"Frankfurt, Germany",,2014-01-01,470,"$130,828"
Michael Geserer,G250,GER,"6' 3""",,Right-Handed,,1969-12-14,"Regensburg, Germany",,,242,"$99,790"
Tobias Clemens,C611,GER,"6' 1""",1.85m,Right-Handed,,1979-08-14,"Bonn, Germany",2005-01-01,,,"$95,871"
Mats Moraing,MJ71,GER,"6' 6""",1.98m,Left-Handed,Two-Handed,1992-06-20,"Mülheim, Germany",2013-01-01,,282,"$609,027"
Jens Woehrmann,W144,GER,"5' 11""",1.80m,Right-Handed,,1967-09-08,Siegen,,,311,"$165,790"
Axel Finnberg,F236,GER,,,Right-Handed,,1971-04-05,,,,489,"$21,769"
Kevin Krawietz,KB92,GER,"6' 2""",1.88m,Right-Handed,Two-Handed,1992-01-24,"Coburg, Germany",2010-01-01,,5,"$4,335,676"
Dieter Kindlmann,K436,GER,"5' 11""",1.80m,Right-Handed,Two-Handed,1982-06-03,"Sonthofen, Germany",2001-01-01,,317,"$376,578"
Lars Poerschke,P735,GER,,,Right-Handed,Two-Handed,1984-06-17,"Giessen, Germany",,,315,"$42,291"
Sebastian Rieschick,R758,GER,"6' 2""",1.88m,Right-Handed,Two-Handed,1986-02-15,"West Berlin, Germany",2004-01-01,,154,"$175,939"
Jan Boruszewski,B607,GER,,,,,1977-10-02,,,,413,"$32,796"
Bastian Knittel,K624,GER,,,Left-Handed,One-Handed,1983-08-08,"Stuttgart, Germany",2003-01-01,,201,"$234,068"
Alexis Hombrecher,H285,GER,,,,,1971-01-29,"Wertheim, Germany",,,194,"$44,404"
Franz Stauder,S713,GER,,,,,1977-05-28,,,,147,"$84,765"
Peter Torebko,T911,GER,"6' 1""",1.85m,Right-Handed,,1988-02-10,"Bytom, Poland",2008-01-01,,421,"$252,298"
Rudiger Haas,H232,GER,"6' 4""",1.93m,Right-Handed,,1969-12-15,"Eberbach, Germany",,,138,"$49,741"
Frank Moser,M747,GER,"6' 4""",1.93m,Right-Handed,Two-Handed,1976-09-23,"Baden-Baden, Germany",2001-01-01,2017-01-01,47,"$543,117"
Benedikt Dorsch,D385,GER,"5' 10""",1.78m,Right-Handed,,1981-01-10,"Garmisch, Germany",2005-01-01,,189,"$251,123"
Aljoscha Thron,T836,GER,,,Right-Handed,,1987-06-15,,,,676,"$14,213"
Robin Kern,KB43,GER,"6' 3""",1.90m,,,1993-10-03,"Nuremberg, Germany",,,339,"$105,494"
Boris Bachert,B663,GER,,,,,,,,,,
Stephan Rhode,R194,GER,"6' 2""",,,,1968-10-05,"Essen, Germany",,,274,"$18,181"
Andres Vysand,V098,GER,"5' 11""",1.80m,Right-Handed,,1966-03-10,"Rakvere, Estonia",,,292,"$188,934"
Martin Emmrich,E223,GER,"6' 0""",1.83m,Left-Handed,Two-Handed,1984-12-17,"Magdeburg, Germany",2001-01-01,2015-01-01,35,"$386,441"
Sebastian Fitz,F323,GER,,,Left-Handed,,1979-08-12,,,,241,"$59,256"
Julian Lenz,LB51,GER,"6' 2""",1.88m,Right-Handed,,1993-02-17,"Giessen, Germany",,,162,"$219,927"
Sascha Nensel,N113,GER,"5' 11""",,Right-Handed,,1970-05-09,"Hanover, Germany",,,300,"$31,912"
Florian Krumrey,K183,GER,"6' 3""",1.91m,Right-Handed,,1970-01-27,"Munich, Germany",,,344,"$50,668"
Jan Weinzierl,W201,GER,,,Right-Handed,,1973-05-01,"Biberach an der Riss, Germany",,,230,"$118,107"
Andy Fahlke,F312,GER,"6' 1""",,,,1979-05-30,"Hamburg, Germany",1996-01-01,,284,"$62,211"
Markus Menzler,M674,GER,,,Right-Handed,,1977-07-25,,,,314,"$25,141"
Torsten Popp,P620,GER,,,,,1983-11-25,,,,279,"$64,150"
Scott Gessner,G257,GER,"6' 0""",,Right-Handed,,1973-02-23,"Bensberg, Germany",,,607,"$13,366"
Nils Langer,L908,GER,"6' 4""",1.93m,Right-Handed,One-Handed,1990-01-25,"Ludwigsburg, Germany",,,277,"$208,894"
Lars Uebel,U045,GER,,,Right-Handed,Two-Handed,1980-10-14,"Berlin, Germany",,,168,"$122,231"
Paul Vojtischek,V036,GER,"6' 2""",1.88m,Right-Handed,,1963-06-13,"Olomouc, Czech Republic",1986-01-01,,194,"$149,428"
Markus Zillner,Z039,GER,"5' 10""",,Left-Handed,,1970-03-19,"Munich, Germany",1988-01-01,,143,"$99,911"
Sascha Kloer,K668,GER,,,Right-Handed,Two-Handed,1985-08-16,"Krefeld, Germany",,,578,"$37,662"
Christopher Koderisch,K696,GER,"5' 11""",,,,1984-11-25,"Lemgo, Germany",,,473,"$16,371"
Thomas Messmer,M701,GER,,,Right-Handed,,1979-11-25,,,,272,"$16,159"
Robert Kroll,K243,GER,,,,,1972-12-30,"Bucholz, Germany",,,479,"$9,680"
Torben Theine,T124,GER,,,Left-Handed,,1968-07-10,"Bad Oeynhausen, Germany",1986-01-01,,219,"$63,641"
Peter Ballauff,B330,GER,"6' 2""",1.88m,Right-Handed,,1963-09-29,"Hamburg, Germany",1987-01-01,,115,"$64,538"
Jaromir Becka,B029,GER,,,Right-Handed,,1963-07-06,"Prague, Czech Republic",,,147,"$48,013"
Helmut Beermann,B031,GER,,,,,,,,,,
Rudiger Benz,B038,GER,,,,,,,,,,
Hans-Dieter Beutel,B042,GER,"6' 1""",1.85m,Right-Handed,,1962-06-12,"Esslingen, Germany",,,110,"$113,016"
Mario Brenner,B287,GER,,,,,,,,,,
Ingo Buding,B225,GER,,,Right-Handed,One-Handed,1942-01-09,"Lovrin, Romania",,1970-01-01,,
Wilhelm Bungert,B237,GER,"6' 2""",1.88m,Right-Handed,One-Handed,1939-04-01,"Mannheim, Germany",,1972-01-01,4,
Wilhelm Burgemeister,B0K0,GER,,,,,,,,,,
N. Burlacher,B0KV,GER,,,,,,,,,,
Willi Busold,B0KM,GER,,,,,,,,,,
Gottfried Dallwitz,D0FU,GER,,,,,,,,,,
Wolf-Dieter Deckert,D0GP,GER,,,,,,,,,,
Frank Dennhardt,D178,GER,"6' 2""",1.88m,Left-Handed,,1967-12-06,"Darmstadt, Germany",,,426,"$37,907"
Klaus Doring,D0GS,GER,,,,,,,,,,
Klaus Eberhard,E003,GER,,,Right-Handed,,1957-09-15,"Datteln, Germany",,,320,
Dieter Ecklebe,E896,GER,,,Right-Handed,,1939-10-16,"Holzminden, Germany",,,,
Harald Elschenbroich,E037,GER,,,Right-Handed,,1941-06-19,"Mönchengladbach, Germany",,,69,
Peter Elter,E013,GER,"5' 10""",1.78m,Right-Handed,,1958-06-10,"Frankfurt, Germany",,,100,"$242,362"
Hansjorg Elzer,E215,GER,,,,,,,,,,
Thomas Emmrich,E053,GER,,,Right-Handed,,1953-07-21,"Berlin, Germany",,,,
Hans Engert,E063,GER,,,Right-Handed,,1951-04-22,"Mannheim, Germany",,,171,
Frank Falderbaum,F132,GER,,,,,,,,,,
Jurgen Fassbender,F068,GER,,,Right-Handed,,1948-05-28,"Wesseling, Germany",,1981-01-01,22,
Karl Fichtel,F451,GER,,,,,,,,,,
Helmut Fickentscher,F779,GER,,,,,,,,,,
Hans Finkentscher,F0EL,GER,,,,,,,,,,
Heinz Frank,F0EJ,GER,,,,,,,,,,
Oliver Freund,F044,GER,"6' 2""",1.89m,,,,,,,,
Thomas Furst,F115,GER,,,,,,,,,,
H. Gais,G0HJ,GER,,,,,,,,,,
Manfred Gastler,G0HI,GER,,,,,,,,,,
Frank Gebert,G071,GER,,,,,1952-11-06,,,,71,
Rolf Gehring,G007,GER,"6' 1""",1.85m,Right-Handed,,1955-11-25,"Düsseldorf, Germany",,,104,"$355,057"
Ralph Geiger,G0GL,GER,,,,,,,,,,
Axel Geuer,G637,GER,,,,,,,,,,
Christian Geyer,G010,GER,,,Left-Handed,,1964-04-12,"Hamburg, Germany",,,253,"$74,159"
Gunther Gnettner,G088,GER,,,,,,,,,,
Uwe Gottschalk,G532,GER,,,,,,,,,,
D. Gueddes,G271,GER,,,,,,,,,,
Peter Hajek,H242,GER,,,,,,,,,,
J. Haussels,H0G1,GER,,,,,,,,,,
Stefan Heckmanns,H167,GER,"6' 4""",,Right-Handed,,1963-04-06,"Cologne, Germany",,,311,
Stefan Hermann,H017,GER,,,Right-Handed,,1959-12-13,"Münster, Germany",,,96,
Uli Heyne,H082,GER,,,,,,,,,,
Martin Hipp,H022,GER,,,,,,,,,,
Kurt Hubalek,H0F4,GER,,,,,,,,,,
Hasan Ibrahim,I0AC,GER,,,,,,,,,,
Erwin Jager,J0BM,GER,,,,,,,,,,
Christian Jessel,J011,GER,,,,,,,,,,
Erhard Jung,J0C3,GER,,,,,,,,,,
R.F. Kalberer,KH53,GER,,,,,,,,,,
Dieter Kapfhammer,K0GZ,GER,,,,,,,,,,
Christopher Kas,K406,GER,"6' 2""",1.87m,Right-Handed,Two-Handed,1980-06-13,"Trostberg, Germany",2001-01-01,2014-01-01,17,"$1,350,322"
Damir Keretic,K008,GER,"5' 10""",1.78m,Right-Handed,,1960-03-26,"Zagreb, Croatia",,,155,"$338,421"
Siegfried Kipka,K0H0,GER,,,,,,,,,,
Hartmut Kirchhubel,K048,GER,,,Right-Handed,,1952-04-23,"Waldheim, Germany",,,253,
Klaus Klein,K0GK,GER,,,,,,,,,,
Attila Korpas,K090,GER,,,,,1945-09-01,"Budapest, Hungary",,,87,
Stepan Koudelka,K098,GER,,,,,1945-02-21,"Prague, Czech Republic",,,,
Bernd Kube,K495,GER,,,,,,,,,,
Fritz Kuhlmann,K622,GER,,,,,,,,,,
Rainer Kuhlmey,K139,GER,,,,,1942-07-16,"Wuppertal, Germany",,,,
Christian Kuhnke,K138,GER,,,Left-Handed,,1939-04-13,"Berlin, Germany",,1974-01-01,8,
Hans Kulenkampff,KH54,GER,,,,,,,,,,
Alex Kurucz,K146,GER,,,,,,,,,,
Lothar Lanz,L520,GER,,,,,,,,,,
Walter Lanz,L0EN,GER,,,,,1899-04-27,"New Rochelle, New York,USA",,,,
A. Lautenschlager,L0F8,GER,,,,,,,,,,
Dirk Leppen,L151,GER,"5' 11""",,Right-Handed,,1966-08-23,"Vreden, Germany",,,362,"$16,823"
Hans-Jurgen Lerke,L741,GER,,,,,,,,,,
Andreas Lesch,L189,GER,"6' 5""",,Left-Handed,,1966-01-04,"Cologne, Germany",,,284,
Unknown Lindorff,LD95,GER,,,,,,,,,,
Herbert Loerke,L0E1,GER,,,,,,,,,,
Bernd Loibl,L0FF,GER,,,,,,,,,,
Ulrich Marten,M137,GER,,,Right-Handed,,1956-01-07,"Werneck, Germany",,,161,
Gerald Marzenell,M022,GER,"5' 11""",,Right-Handed,,1964-02-06,"Mannheim, Germany",,,378,"$16,134"
Otto Froitzheim,FA80,GER,,,Right-Handed,One-Handed,1884-04-24,"Strasbourg, France",,,4,
Reinhard Mattern,M0JB,GER,,,,,,,,,,
Andreas Maurer,M036,GER,"5' 9""",1.75m,Right-Handed,One-Handed,1958-03-08,"Gelsenkirchen, Germany",1978-01-01,1990-01-01,53,"$391,562"
Karl Meiler,M055,GER,"5' 10""",1.78m,Right-Handed,One-Handed,1949-04-30,"Erlangen, Germany",1970-01-01,1986-01-01,12,
Tore Meinecke,M057,GER,"5' 11""",1.80m,Right-Handed,,1967-07-21,"Hamburg, Germany",1983-01-01,1989-01-01,46,"$242,301"
Heiner Moraing,M089,GER,"6' 3""",1.90m,Right-Handed,,1964-08-03,"Essen, Germany",,,193,"$36,539"
Hannes Muehlenburg,M0LT,GER,,,,,,,,,,
Harald Neuner,N074,GER,,,,,,,,,,
Jannick Niessner,N473,GER,,,,,,,,,,
Bodo Nitsche,N377,GER,,,Right-Handed,,1938-08-24,"Beuthen, Germany",,,,
Bernd Osterhorn,O0BS,GER,,,,,,,,,,
Ricki Osterthun,O026,GER,"6' 1""",1.85m,Right-Handed,,1964-05-02,"Hamburg, Germany",,,67,
Lothar Pawlik,P556,GER,,,,,,,,,,
Jens Peter,P228,GER,,,,,,,,,,
Ulrich Pinner,P034,GER,,,Right-Handed,One-Handed,1954-02-07,"Zittau, Germany",1973-01-01,1984-01-01,521,
Hans-Joachim Ploetz,P081,GER,,,,,1944-02-26,"Berlin, Germany",,,65,
Hans-Jurgen Pohmann,P082,GER,"5' 10""",1.78m,Right-Handed,,1947-05-23,"Cologne, Germany",,,30,
Wolfgang Popp,P041,GER,"6' 0""",1.83m,Right-Handed,,1959-05-19,"Neu-Isenburg, Hesse, Germany",,,76,"$213,504"
Gunther Prell,P0H5,GER,,,,,,,,,,
Reinhart Probst,P121,GER,,,Right-Handed,,1957-04-17,"Coburg, Germany",,,,
Helmut Quack,Q02H,GER,,,,,,,,,,
Markus Rackl,R110,GER,,,Left-Handed,,1969-03-03,"Traunstein, Germany",,,491,"$90,675"
Jock Eitel Reetz,R0FI,GER,,,,,,,,,,
Kurt Ring,R0GC,GER,,,,,,,,,,
Heinz Pietzner,PJ28,GER,,,,,,,,,,
Thies Roepcke,R180,GER,,,,,1954-07-20,,,,272,
Hans Schwaier,S028,GER,"5' 8""",1.73m,Right-Handed,,1964-03-24,"Mindelheim, Germany",1983-01-01,,158,"$295,886"
Harald Theissen,T017,GER,,,Right-Handed,,1959-03-23,"Troisdorf, Germany",,,178,"$36,019"
Michael Westphal,W014,GER,"6' 3""",1.90m,Right-Handed,,1965-02-19,"Pinneberg,  Germany",1983-01-01,1990-01-01,239,"$1,646,328"
C. Zenger,Z440,GER,,,,,,,,,,
Werner Zirngibl,Z012,GER,,,Right-Handed,,1956-09-04,"Bonn, Germany",,,97,
Walter Dessart,DE72,GER,,,,,,,,,,
Louis Haensch,HE25,GER,,,,,,,,,,
Feo Hartz,HE52,GER,,,,,,,,,,
Jakub Herm-Zahlava,H437,GER,,,,,1980-05-12,"Plzeň, Czech Republic",,,504,"$88,638"
Tobias Klein,K840,GER,"5' 7""",,Right-Handed,,1982-03-23,"Schwetzingen, Germany",,,521,"$19,838"
Werner Menzel,MS31,GER,,,,,,,,,,
Rene Nicklisch,N251,GER,,,,,1976-03-31,"Salzkotten, Germany",,,343,"$27,493"
Beppo Pottinger,PI45,GER,,,,,,,,,,
Heinrich Schomburgk,SW77,GER,,,,,1885-06-23,"Leipzig, Germany",,,,
Wolfgang Spannagel,SS24,GER,,,,,,,,,,
Ferdinand Uhl,U177,GER,,,,,,,,,,
Bernd Weinmann,W761,GER,,,,,,,,,,
Curt Bergmann,BR69,GER,,,,,,,,,,
Hans Denker,DE54,GER,,,,,,,,,,
Franz Feldbausch,F986,GER,,,,,,,,,,
Engelbert Koch,KG59,GER,,,,,,,,,,
Hans Moldenhauer,MS56,GER,,,,,1901-04-10,,,,,
Horst Hermann,HC95,GER,,,,,,,,,,
Rupert Huber,HC74,GER,,,,,,,,,,
Ernst Buchholz,BO59,GER,,,,,,,,,,
Friedrich Frenz,FA85,GER,,,,,,,,,,
Moritz Von Bissing,V990,GER,,,,,,,,,,
D.H. Kleinman,KG76,GER,,,,,,,,,,
Eberhard Nourney,N850,GER,,,,,1904-04-23,"Cologne, Germany",,,,
Karl Wetzel,W887,GER,,,,,,,,,,
Rolf Goepfert,GG58,GER,,,,,1916-02-16,,,,,
Kai Lund,LF72,GER,,,,,1912-01-21,,,,,
Wolfgang Stuck,SS49,GER,,,Right-Handed,,1939-03-22,,,,,
Peter Scholl,SS64,GER,,,,,1934-10-05,,,,,
Oskar Kreuzer,KG78,GER,,,Left-Handed,One-Handed,1887-06-14,"Frankfurt am Main, Germany",,,,
Friedrich-Wilhelm Rahe,RF54,GER,,,Right-Handed,One-Handed,1888-04-16,"Rostock, Germany",,1932-01-01,,
Daniel Prenn,PI72,GER,,,Right-Handed,One-Handed,1904-09-07,"Vilna, Lithuania",,1939-01-01,7,
Heinrich Kleinschroth,KG08,GER,,,,,1890-03-15,"Kitzingen, Germany",,1938-01-01,9,
Henner Henkel,HD86,GER,,,Right-Handed,One-Handed,1915-10-09,"Posen, Germany",,,3,
Gottfried Von Cramm,V911,GER,"6' 0""",1.83m,Right-Handed,One-Handed,1909-07-07,"Nettlingen, Germany",,1952-01-01,1,
Jorg Muller,M094,GER,,,,,,,,,,
Markus Nagel,N001,GER,,,,,,,,,,
Horst Ritter,R589,GER,,,,,,,,,,
Harald Rittersbacher,R027,GER,"6' 2""",,Right-Handed,,1963-04-27,"Ludwigshafen, Germany",,,183,"$37,551"
Randolf Scheller,S024,GER,,,,,,,,,,
Karsten Schulz,S131,GER,,,,,,,,,,
A Trenkel,T827,GER,,,,,,,,,,
Christian Weis,W126,GER,"5' 11""",1.80m,Right-Handed,,1968-06-20,"Augsburg, Germany",,,326,"$31,764"
Ivo Werner,W013,GER,"5' 11""",1.80m,Right-Handed,,1960-08-19,"Krnov, Czech Republic",,,139,"$33,382"
Christoph Zipf,Z005,GER,,,Right-Handed,,1962-12-05,"Frankfurt, Germany",,,95,
Terry Suyderhoud,S215,GER,,,,,,,,,,
Frank Schmitz,S518,GER,,,,,1945-09-04,,,,,
Henry Adjei-Darko,A585,GHA,,,Right-Handed,,1983-02-28,"Accra, Ghana",,,358,"$40,307"
Akwasi Ahenkora,A592,GHA,,,,,,,,,,
Gunther Darkey,D323,GHA,,,,,,,,,,
Isaac Donkor,D350,GHA,,,,,,,,,,
Fred Eggir,E261,GHA,,,,,,,,,,
Salifu Mohammed,MC69,GHA,,,,,,,,,,
Frank Ofori,O114,GHA,,,,,1971-02-23,"Accra, Ghana",,,274,
Daniel Omaboe,O125,GHA,,,,,,,,,,
Greg Rusedski,R237,GBR,"6' 4""",1.93m,Left-Handed,One-Handed,1973-09-06,"Montreal, Quebec, Canada",1991-01-01,,63,"$8,944,841"
Andy Murray,MC10,GBR,"6' 3""",1.91m,Right-Handed,Two-Handed,1987-05-15,"Glasgow, Scotland",,,51,"$64,687,542"
Tim Henman,H336,GBR,"6' 1""",1.85m,Right-Handed,One-Handed,1974-09-06,"Oxford, England",,2007-01-01,62,"$11,635,542"
James Ward,W503,GBR,"6' 3""",1.91m,Right-Handed,Two-Handed,1987-02-09,"London, England",2006-01-01,2021-01-01,233,"$1,544,846"
Jeremy Bates,B021,GBR,"5' 11""",1.80m,Right-Handed,,1962-06-19,"Solihull, England, United Kingdom",1982-01-01,1996-01-01,25,"$1,338,555"
Mark Petchey,P222,GBR,"6' 0""",1.83m,Right-Handed,One-Handed,1970-08-01,"Loughton, Essex, England",1988-01-01,1998-01-01,104,"$657,776"
Chris Wilkinson,W150,GBR,"5' 11""",1.80m,Right-Handed,One-Handed,1970-01-05,"Southampton, Hampshire, England",1989-01-01,1999-01-01,86,"$631,641"
Martin Lee,L333,GBR,,,,,1938-06-08,British Hong Kong,,,,
Arvind Parmar,P398,GBR,"6' 4""",1.93m,Right-Handed,,1978-03-22,"Hitchin, England",1997-01-01,,218,"$519,643"
Alex Bogdanovic,B929,GBR,"6' 0""",1.83m,Left-Handed,One-Handed,1984-05-22,"Belgrade, Serbia",2002-01-01,,336,"$695,395"
Jamie Delgado,D289,GBR,"5' 10""",1.78m,Right-Handed,Two-Handed,1977-03-21,"Birmingham, England",1995-01-01,2014-01-01,57,"$834,831"
Barry Cowan,C387,GBR,"6' 2""",,Left-Handed,One-Handed,1974-08-25,"Southport, England",1991-01-01,2002-01-01,136,"$315,856"
Richard Bloomfield,B977,GBR,"6' 1""",1.85m,Right-Handed,,1983-04-27,"Norwich, England",2002-01-01,,172,"$347,103"
Andrew Richardson,R266,GBR,"6' 7""",,Left-Handed,,1974-03-14,"Peterborough, England",1992-01-01,2000-01-01,96,"$246,675"
Josh Goodall,G744,GBR,"6' 2""",1.88m,Right-Handed,Two-Handed,1985-10-17,"Basingstoke, England",2004-01-01,,114,"$428,956"
Andrew Foster,F222,GBR,"6' 3""",1.91m,Right-Handed,,1972-03-16,"Stoke-on-Trent, England, United Kingdom",,,174,"$168,329"
Danny Sapsford,S404,GBR,"5' 8""",1.72m,Right-Handed,,1969-04-03,"Walton-on-Thames, Surrey, England",1989-01-01,2000-01-01,83,"$450,722"
Miles MacLagan,M480,GBR,"5' 11""",,Right-Handed,One-Handed,1974-09-23,"Kafue, Zambia",1993-01-01,2003-01-01,200,"$247,737"
Chris Bailey,B322,GBR,"6' 5""",,Right-Handed,One-Handed,1968-04-29,"Norwich, England",1987-01-01,1994-01-01,211,"$208,917"
Brydan Klein,K964,GBR,"6' 0""",1.83m,Right-Handed,Two-Handed,1989-12-31,"Rockingham, Australia",2005-01-01,,118,"$707,760"
Jamie Baker,BA53,GBR,"6' 0""",1.83m,Right-Handed,Two-Handed,1986-08-05,"Glasgow, Scotland",2004-01-01,2013-01-01,306,"$401,380"
Jonathan Marray,M983,GBR,"6' 2""",1.88m,Right-Handed,,1981-03-10,"Liverpool, England",2000-01-01,,15,"$1,173,631"
Lee Childs,C627,GBR,,,Right-Handed,One-Handed,1982-06-11,"Yeovil, Somerset, England, United Kingdom",,,344,"$201,900"
Ross Matheson,M549,GBR,"6' 4""",,Right-Handed,,1970-05-27,"Glasgow, Scotland",1992-01-01,,216,"$79,011"
Luke Milligan,M607,GBR,"5' 11""",,Right-Handed,,1976-08-06,"Barnet, London",,,420,"$150,362"
Andrew Castle,C246,GBR,"6' 3""",1.91m,Right-Handed,One-Handed,1963-11-15,"Epsom, Surrey, England",1986-01-01,1992-01-01,45,"$344,337"
Chris Eaton,E673,GBR,"6' 2""",,Right-Handed,One-Handed,1987-11-27,"Guildford, Surrey, England",2007-01-01,2012-01-01,147,"$169,080"
James Auckland,A373,GBR,,,Right-Handed,,1980-04-01,"Norwich, England",1999-01-01,2009-01-01,57,"$260,610"
Oliver Golding,GC38,GBR,"6' 2""",1.8987m,Right-Handed,Two-Handed,1993-09-29,"Richmond, London, England",2011-01-01,,409,"$99,692"
Nick Brown,B113,GBR,,,,,1950-06-13,"Hawkhurst, Kent, England",,,,
Alan Mackin,M820,GBR,"5' 11""",,Right-Handed,Two-Handed,1981-08-11,"Paisley, Scotland",1997-01-01,2007-01-01,536,
Marcus Willis,W521,GBR,"6' 3""",1.91m,Left-Handed,Two-Handed,1990-10-09,"Slough, Berkshire, England",2007-01-01,,81,"$338,228"
Daniel Cox,CB14,GBR,"5' 7""",1.70m,Right-Handed,Two-Handed,1990-09-28,"Lincoln, England",,,309,"$301,475"
Dominic Inglot,I200,GBR,"6' 6""",,Right-Handed,One-Handed,1986-03-06,"London, England",2004-01-01,2022-01-01,18,"$1,969,051"
Ian Flanagan,F436,GBR,,,,,1982-01-15,,,,366,"$46,354"
Nick Gould,G267,GBR,,,Right-Handed,,1972-07-09,"Avon, England",,,318,"$78,554"
Alexander Ward,W579,GBR,"6' 1""",1.85m,Right-Handed,,1990-04-30,"Northampton, England",2008-01-01,2018-01-01,379,"$279,019"
Mark Hilton,H448,GBR,"5' 7""",1.70m,Left-Handed,Two-Handed,1981-04-20,"Chester, England",2000-01-01,,160,"$173,449"
Oliver Freelove,F309,GBR,,,,,1977-03-05,,,,259,"$34,497"
Colin Beecher,B347,GBR,,,Right-Handed,One-Handed,1970-10-16,"Croydon, England",,,345,"$55,969"
Tom Spinks,S631,GBR,,,Right-Handed,,1975-07-11,"Norfolk, England",,,237,"$61,253"
David Sherwood,S818,GBR,"6' 4""",1.93m,Right-Handed,,1980-05-06,"Sheffield, England",1998-01-01,,174,"$126,338"
Alexander Slabinsky,SE83,GBR,"6' 1""",1.85m,Right-Handed,,1986-03-06,"Ivano-Frankivsk, Ukraine",2007-01-01,,,"$195,456"
Colin Fleming,F454,GBR,"6' 2""",1.88m,Right-Handed,,1984-08-13,"Broxburn, Scotland",2003-01-01,,17,"$1,076,823"
Gary Henderson,H253,GBR,,,,,1969-12-13,"Northampton, England",,,323,"$26,241"
Ross Hutchins,H635,GBR,"6' 3""",1.90m,Right-Handed,,1985-02-22,"Wimbledon, London",2002-01-01,,26,"$831,609"
Daniel Smethurst,SI57,GBR,"6' 2""",,Right-Handed,Two-Handed,1990-10-13,"Manchester, United Kingdom",2011-01-01,,159,"$186,522"
Nick Weal,W220,GBR,,,Right-Handed,,1973-09-04,"Surrey, England",,,321,"$41,659"
Neil Broad,B075,GBR,"6' 3""",1.90m,Right-Handed,,1966-11-20,"Cape Town, South Africa",1986-01-01,2000-01-01,9,"$1,205,610"
Edward Corrie,CA71,GBR,,,,,1988-02-21,"Hatfield, Hertfordshire, England",2005-01-01,2018-01-01,142,"$219,337"
Sean Cole,C251,GBR,,,,,1971-11-19,,,,,
Keith Ajegbo,A054,GBR,,,,,,,,,,
Leighton Alfred,A015,GBR,"5' 11""",,Left-Handed,,1962-08-27,Wales,,,190,
Charles Applewhaite,AD52,GBR,,,,,,,,,,
Robert Armytage,AD08,GBR,,,,,,,,,,
G. Atwell,AD45,GBR,,,,,,,,,,
R. Bagot,B0R5,GBR,,,,,,,,,,
Stuart Bale,B005,GBR,"6' 1""",1.85m,Left-Handed,,1964-01-21,"London, England",,,256,"$48,554"
K. Ball,B0R8,GBR,,,,,,,,,,
A. G. Barker,BM87,GBR,,,,,,,,,,
John Barrett,B226,GBR,"6' 1""",1.85m,Left-Handed,,1931-04-17,"Mill Hill, London",,,,
Gerald Battrick,B124,GBR,"5' 10""",1.78m,Right-Handed,One-Handed,1947-05-27,"Bridgend, Wales",,1976-01-01,28,
Edward Beards,BH11,GBR,,,,,,,,,,
Harvey Becker,B251,GBR,,,Right-Handed,One-Handed,1960-05-21,"London, England",,,696,
Roger Becker,B230,GBR,,,,,1934-02-06,"Croydon, England",,,,
C. J. Bendall,BM88,GBR,,,,,,,,,,
Peter Bendall,B0R9,GBR,,,,,,,,,,
J. Bentley,B0R4,GBR,,,,,,,,,,
A. Berwitz,B0L5,GBR,,,,,,,,,,
Rohun Beven,B204,GBR,,,Left-Handed,,1957-09-21,"Hartfield, Sussex, England",,,296,
Anthony Billington,B170,GBR,,,,,,,,,,
Geoff Bluett,B231,GBR,,,,,1941-05-20,,,,,
Jeremy Bond,BC10,GBR,,,,,,,,,,
Stephen Botfield,B270,GBR,"5' 11""",1.80m,Right-Handed,,1966-04-10,"London, England",1984-01-01,,227,"$46,689"
Chris Bovett,B244,GBR,"5' 11""",,Right-Handed,,1945-12-25,"West Hagley, England",,,,
Chris Bradnam,B099,GBR,,,,,,,,,,
G. Bredberg,B0L8,GBR,,,,,,,,,,
Peter Bretherton,B0LD,GBR,,,,,,,,,,
Austen Brice,B073,GBR,,,,,,,,,,
A. Brogden,B0LA,GBR,,,,,,,,,,
Basil Bucknell,BO51,GBR,,,,,,,,,,
R. Burn,B0R6,GBR,,,,,,,,,,
F. R. Burns,BM86,GBR,,,,,,,,,,
J. Burrett,B0R7,GBR,,,,,,,,,,
S.F. Card,CM10,GBR,,,,,,,,,,
S. Carr,C0JK,GBR,,,,,,,,,,
Bill Carroll,C0IV,GBR,,,,,,,,,,
Harry Chambers,C0JJ,GBR,"5' 10""",1.77m,,,,,,,,
R.H. Chambers,C0O2,GBR,,,,,,,,,,
M. Clapp,C0O7,GBR,,,,,,,,,,
Peter Clarke,C0JE,GBR,"6' 2""",1.88m,Right-Handed,,1979-07-08,"Dublin, Ireland",1998-01-01,,883,"$74,290"
John Clifton,C169,GBR,,,Right-Handed,,1946-02-19,"Leeds, England",,,243,
A.R.T. Colher,C0JF,GBR,,,,,,,,,,
David Collins,C326,GBR,,,,,,,,,,
Mike Collins,C107,GBR,,,,,1951-05-01,,,,,
Ashley Compton Dando,C680,GBR,,,,,,,,,,
K. C. Cook,CI05,GBR,,,,,,,,,,
P. Corne,CI06,GBR,,,,,,,,,,
M. Court,C0O1,GBR,,,,,,,,,,
Mark Cox,C090,GBR,"6' 1""",1.85m,Left-Handed,One-Handed,1943-07-05,"Leicester, England",,1981-01-01,12,
R. L. Cross,CI04,GBR,,,,,,,,,,
John Crump,C681,GBR,,,,,,,,,,
Peter Curtis,C172,GBR,,,,,1945-08-29,"Woking, England",,,,
P. Daley,D0H0,GBR,,,,,,,,,,
T. L. Darcy,DC90,GBR,,,,,,,,,,
A. H. Davies,DC88,GBR,,,,,,,,,,
Michael Davies,D133,GBR,"6' 0""",1.83m,Right-Handed,One-Handed,1936-01-09,"Swansea, Wales",,1969-01-01,,
R. W. Davies,DC89,GBR,,,,,1925-04-23,"London, England",,,,
Willie Davies,D103,GBR,,,,,,"Lancashire, England",,,610,
John De Mendoza,D136,GBR,,,,,1949-08-22,"Wimbledon, England",,,,
M. Dean,D0H1,GBR,,,,,,,,,,
Jeremy Dier,D057,GBR,,,Right-Handed,,1960-05-30,"Brighton, England",,,220,
Rupert Dorey,D070,GBR,,,,,,,,,,
Colin Dowdeswell,D037,GBR,"6' 1""",1.85m,Right-Handed,,1955-05-12,"London, England",,,24,"$327,277"
Gary Drake,D202,GBR,,,,,,,,,,
Robin Drysdale,D042,GBR,"6' 2""",1.89m,Right-Handed,,1952-09-18,"Dedham, Essex, UK",,,300,
Gary Dudic,D0GY,GBR,,,,,,,,,,
Keith Eckersall,E0C2,GBR,,,,,,,,,,
John Edmonds,E0C1,GBR,,,,,,,,,,
J. C. Edwards,E890,GBR,,,,,,,,,,
R. S. Edwards,E889,GBR,,,,,,,,,,
T. Ellis,E0DF,GBR,,,,,,,,,,
C.R. Evans,E0C3,GBR,,,,,,,,,,
Mark Farrell,F067,GBR,,,Left-Handed,,1953-05-06,"Liverpool, England",,,120,
John Feaver,F008,GBR,"6' 3""",1.91m,Right-Handed,One-Handed,1952-02-16,"Fleet, Hampshire",,,69,
David Felgate,F012,GBR,"5' 11""",,Right-Handed,,1964-03-19,"Essex, England",1983-01-01,1989-01-01,83,
Freddy Field,F936,GBR,,,,,,,,,,
A. Fine,F954,GBR,,,,,,,,,,
James Flanagan,F0D7,GBR,,,,,,,,,,
Eddie Fox,F0ET,GBR,,,,,,,,,,
C. Francis,F0GY,GBR,,,,,,,,,,
Max Franklin,F731,GBR,,,,,,,,,,
J. Freeman,F0EQ,GBR,,,,,,,,,,
R. Frost,F953,GBR,,,,,,,,,,
Nick Fulwood,F049,GBR,"6' 1""",,Right-Handed,,1963-10-02,"Risley, Derbyshire, UK",,,118,"$98,425"
Praful Ghatage,G804,GBR,,,,,,,,,,
Keith Gilbert,G122,GBR,,,,,1985-01-20,,,,,
R. Giles,G0HP,GBR,,,,,,,,,,
V. Gillespie,G0HO,GBR,,,,,,,,,,
Jason Goodall,G026,GBR,"6' 1""",,Right-Handed,,1967-01-23,"Yorkshire, England",1984-01-01,1990-01-01,248,"$28,921"
Anthony Goold,GF91,GBR,,,,,,,,,,
C. Graham,GF90,GBR,,,,,,,,,,
Martin Griffiths,GF89,GBR,,,,,1951-07-03,"Colombo, Sri Lanka",,,,
M. J. R. Hales,HC27,GBR,,,,,,,,,,
Conrad Hamilton,H0FZ,GBR,,,,,,,,,,
David Hardiman,HC13,GBR,,,,,,,,,,
D.J. Hardman,H0G2,GBR,,,,,,,,,,
John Harrison,H0FW,GBR,,,,,,,,,,
B. Harrop,H0IH,GBR,,,,,,,,,,
L.L.R. Hausberg,HG16,GBR,,,,,,,,,,
Ian Hewitt,H173,GBR,,,,,,,,,,
J. Hill,HC12,GBR,,,,,,,,,,
Richard Hillage,H718,GBR,,,,,,,,,,
Gilles Hinchcliffe,H0G0,GBR,,,,,,,,,,
John Howarth,H0G3,GBR,,,,,,,,,,
D. B. Huges,HC28,GBR,,,,,,,,,,
Paul Hutchins,H128,GBR,,,Right-Handed,One-Handed,1945-04-05,"Bristol, England",,1973-01-01,,
Clay Iles,I016,GBR,,,,,,England,,1975-01-01,,
Alan Jackson,J0CH,GBR,,,,,1958-10-17,"Newnan, GA, U.S.",,,,
Andrew Jarrett,J030,GBR,,,Right-Handed,,1958-01-09,"Belper, Derbyshire, England",,,140,
R. Jenkin,J585,GBR,,,,,,,,,,
B. L. Jones,J583,GBR,,,,,,,,,,
R.R. Jones,J0CI,GBR,,,,,,,,,,
Stephen Jones,J572,GBR,,,,,,,,,,
A. Jordan,J582,GBR,,,,,,,,,,
Stephen Joseph,J584,GBR,,,,,,,,,,
G. Kenworthy,K0KQ,GBR,,,,,,,,,,
P.F. Kingham,K0KR,GBR,,,,,,,,,,
Darren Kirk,K188,GBR,,,,,1968-07-23,"Lincolnshire, England",,,261,
S. G. Laing,LE22,GBR,,,,,,,,,,
D. Lane,L0FR,GBR,,,,,,,,,,
Dudley Larcombe,LH09,GBR,,,,,,,,,,
J. Lascelle,LE23,GBR,,,,,,,,,,
J.M. Learmont,L0FO,GBR,,,,,,,,,,
Nick Lee,LD99,GBR,,,,,,,,,,
R. D. J. Lee,LE24,GBR,,,,,,,,,,
Robert Lee,L0DX,GBR,,,,,,,,,,
Richard Levine,L0E4,GBR,,,,,,,,,,
P.R. Lewis,L0FP,GBR,,,,,,,,,,
H. Lewis Barclay,BO24,GBR,,,,,,,,,,
Leighton Crawford,CK10,GBR,,,,,1886-08-05,Ceylon,,,,
Jagat-Mohan Lal,LF16,GBR,,,,,,,,,,
Richard Lewis,L025,GBR,,,,,,,,,,
David Lloyd,L083,GBR,,,Right-Handed,,1948-01-03,"Leigh-on-Sea, Essex",,,128,
John Lloyd,L036,GBR,"5' 11""",1.80m,Right-Handed,One-Handed,1954-08-27,"Leigh-on-Sea, Essex, England",,,34,"$598,092"
Anthony Marshall,ME73,GBR,,,,,,,,,,
Stanley Matthews,M268,GBR,"5' 9""",1.75m,,,,,,,,
Colin McHugo,M325,GBR,,,,,1945-12-04,,,,,
Buster C. Mottram,M154,GBR,"6' 3""",1.91m,Right-Handed,One-Handed,1955-04-25,"Kingston upon Thames, England",,,164,
John Paish,P142,GBR,,,Left-Handed,,1948-03-25,"Croydon, England",,,80,
Simon Partridge,PA87,GBR,,,,,,,,,,
Tony Pickard,PD90,GBR,,,,,1934-09-13,,,,,
Martin Robinson,R031,GBR,,,Left-Handed,,1955-10-19,,,,105,
Michael Sangster,S239,GBR,,,Right-Handed,One-Handed,1940-09-11,"Kingskerswell, Devon, England",,1969-01-01,7,
Steve Shaw,S042,GBR,"6' 3""",1.91m,Right-Handed,,1963-01-01,"Enfield, MiddlesexEngland",,,139,"$127,632"
Rob Simpson,S0QH,GBR,,,,,,,,,,
James Smith,S796,GBR,,,,,,,,,,
Jonathan Smith,S059,GBR,"6' 2""",1.88m,Right-Handed,,1955-01-29,"Exeter, United Kingdom",,,98,"$7,784"
Graham Stilwell,S147,GBR,"5' 8""",,Right-Handed,One-Handed,1945-11-15,"Denham, Buckinghamshire, England",,1975-01-01,62,
Roger Taylor,T050,GBR,"6' 0""",1.83m,Left-Handed,One-Handed,1941-10-14,"Sheffield, Yorkshire, England",,1982-01-01,8,
Stephen Warboys,W090,GBR,,,Right-Handed,,1953-10-25,,,1976-01-01,73,
John Ward,W345,GBR,,,,,,,,,,
Michael Wayman,W010,GBR,,,,,1953-05-06,"Dulwich, England",,,171,
Ken Weatherley,W091,GBR,,,,,1947-11-24,,,,,
Richard Whichello,W015,GBR,,,Left-Handed,,1967-05-27,"Orpington, Kent, England",,,284,"$9,137"
John Whiteford,W017,GBR,,,Left-Handed,,1957-01-22,"Sussex, England",,,344,
John Williams,W438,GBR,,,,,1932-02-08,"(1932-02-08) February 8, 1932 (age 93)Floral Park, Long Island, New York, U.S.",,,,
Bobby Wilson,W622,GBR,,,Right-Handed,One-Handed,1935-11-22,"London, England",,1975-01-01,,
Robert Wilson,W087,GBR,,,Right-Handed,One-Handed,1935-11-22,"London, England",,1975-01-01,,
Keith Wooldridge,W086,GBR,,,Right-Handed,,1943-10-24,"Stoke-on-Trent, England",,,,
Headley Baxter,BO60,GBR,,,,,1919-03-29,,,1953-01-01,,
Julian L. P. Coni,CI31,GBR,,,,,,,,,,
Dennis Cook,CJ91,GBR,,,,,,,,,,
W. Davidson,DE38,GBR,,,,,,,,,,
Douglas Freshwater,FA59,GBR,,,,,,,,,,
Kenneth Gandar-Dower,GH34,GBR,,,,,,"London, England",,,,
George Godsell,GG59,GBR,,,,,1907-04-26,,,,,
Colin Hannam,HC66,GBR,,,,,,,,,,
Jack Hillyard,HE29,GBR,,,,,,,,,,
Gordon Lowe,LF73,GBR,,,Right-Handed,One-Handed,1884-06-21,"Birmingham, Great Britain",,,8,
Lord Maxborough,MQ66,GBR,,,,,,,,,,
D. Rivkind,RE50,GBR,,,,,,,,,,
Anthony Starte,ST17,GBR,,,,,,,,,,
John Wilkinson,W839,GBR,,,,,,,,,,
Peter Witt,W869,GBR,,,,,,,,,,
Derrick Barton,BP06,GBR,,,Right-Handed,,1923-09-26,,,,,
I.W. Bobb,BQ51,GBR,,,,,,,,,,
Herman David,DD91,GBR,,,,,1905-06-26,"Birmingham, Warwickshire, UK",,,,
Murray Deloford,DD64,GBR,,,Right-Handed,,1916-06-15,"Middlesex, England",,,,
Eric Filby,F993,GBR,,,,,1917-05-31,,,,,
Buzzer Hadingham,HE05,GBR,,,,,,,,,,
Jack Lysaght,LF57,GBR,,,,,1906-09-27,,,,,
Nigel Sharpe,SU50,GBR,,,,,1904-12-23,"London, England",,1939-01-01,,
Oswald Noel Turnbull,TE53,GBR,,,,,,,,,,
Thomas Anderson,AD81,GBR,,,,,,,,,,
Edward Avory,AD98,GBR,,,,,1909-06-21,"Paddington, London, England",,,,
Donald Butler,BO53,GBR,,,,,,,,,,
Howard Walton,W788,GBR,,,Right-Handed,,1916-07-23,"Birmingham, England",,,,
Michael Preston Hann,HC37,GBR,,,,,1937-08-24,"Sheffield, South Yorkshire, England",,1968-01-01,,
Tim Horn,HD15,GBR,,,,,,,,,,
Charles Kingsley,KG63,GBR,,,,,1819-06-12,"Holne, Devon, England",,,,
Robert Mulliken,MR94,GBR,,,,,1896-06-07,"(1896-06-07)June 7, 1896Newburyport, Massachusetts, U.S.",,,,
Gerard Oakley,O539,GBR,"6' 3""",,Right-Handed,,1933-07-25,"Purley, Surrey, England",,,,
Arthur Roberts,RE62,GBR,,,Right-Handed,,1929-11-21,,,,,
Henry Billington,BO52,GBR,,,Right-Handed,One-Handed,1908-11-12,"Roundway, Wiltshire, England",,1956-01-01,,
Ashley Hewitt,HA18,GBR,,,,,,,,,,
John Olliff,O556,GBR,,,Right-Handed,One-Handed,1908-12-01,"London, England",,1949-01-01,,
Ronald Shayes,SU37,GBR,"6' 4""",,,,1912-09-12,,,,,
Raymond Tuckey,TE41,GBR,,,Right-Handed,One-Handed,1910-06-15,"Godalming, England",,,,
Ian Collins,CJ32,GBR,,,,,1903-04-23,"Glasgow, Scotland",,,,
Geoff Paish,PA78,GBR,,,Right-Handed,One-Handed,1922-01-02,"Croydon, London",,1976-01-01,,
Alan Mills,M270,GBR,,,Right-Handed,,1935-11-06,"Stretford, England",,,,
John Colin Gregory,GH47,GBR,,,,,1903-07-28,"Beverley, England",,,,
Charles Hare,HD35,GBR,,,,,1915-07-16,"Birmingham, England",,1955-01-01,10,
Frank Wilde,W829,GBR,,,,,1911-03-01,"Wimbledon, England",,,,
Harry Lee,LF06,GBR,,,Right-Handed,One-Handed,1907-06-15,"Teddington, London",,1950-01-01,,
Tony Mottram,MQ59,GBR,,,,,1920-06-08,"Coventry, England",,,,
Bunny Austin,AE29,GBR,"5' 9""",1.76m,Right-Handed,,1906-08-26,"London, England",,1939-01-01,2,
Patrick Hughes,HD47,GBR,,,Right-Handed,One-Handed,1902-12-21,"Sutton Coldfield, England",,1941-01-01,,
Billy R. Knight,K106,GBR,,,Left-Handed,One-Handed,1935-11-12,"Northampton, England",,1971-01-01,,
Fred Perry,PI74,GBR,,,Right-Handed,One-Handed,1909-05-18,"Portwood, Stockport, England",,1959-01-01,1,
S. Lewis,L0IS,GBR,,,,,,,,,,
Robert Lidgey,L760,GBR,,,,,,,,,,
Tony Lloyd,L114,GBR,,,,,1950-02-25,"Stretford, England",,,,
B.P. Luck,L0FQ,GBR,,,,,,,,,,
Mark Lyndon,L759,GBR,,,,,,,,,,
G. Mandel,M0MO,GBR,,,,,,,,,,
Raymond Mapp,MD30,GBR,,,,,,,,,,
Robert Millington,MD41,GBR,,,,,,,,,,
Lindsay Murphy,M0J5,GBR,,,,,,,,,,
Jamie Murray,MC81,GBR,"6' 3""",1.91m,Left-Handed,,1986-02-13,"Glasgow, Scotland",2004-01-01,,1,"$7,075,820"
Graeme Notman,N448,GBR,,,,,,,,,,
Simon Patridge,P686,GBR,,,,,,,,,,
Timothy Phillips,PI10,GBR,,,,,,,,,,
Aushael Reynolds,R135,GBR,,,,,,,,,,
Nigel Sears,S032,GBR,,,,,,,,,,
Phil Siviter,S285,GBR,,,,,1953-03-16,,,,,
Geoffery Newton,N359,GBR,,,,,,,,,,
Konstantinos Economidis,E160,GRE,"6' 2""",1.88m,Right-Handed,One-Handed,1977-11-02,"Thessaloniki, Greece",1998-01-01,2016-01-01,152,"$404,970"
Michail Pervolarakis,PM13,GRE,"6' 4""",1.93m,Right-Handed,Two-Handed,1996-06-06,"Limassol, Cyprus",2018-01-01,,157,"$205,385"
George Kalovelonis,K001,GRE,"6' 3""",,Right-Handed,,1959-08-23,"Athens, Greece",,,145,"$27,582"
Solon Peppas,P350,GRE,,,Right-Handed,,1974-10-25,"Rhodes, Greece",,,786,"$98,878"
Tasos Bavelas,B025,GRE,,,,,1968-02-27,"Athens, Greece",,,438,
Vasilis Mazarakis,M854,GRE,"5' 10""",1.78m,Right-Handed,,1980-02-09,"Athens, Greece",1999-01-01,,101,"$256,787"
Konstantinos Effraimoglou,E007,GRE,"6' 2""",1.88m,Left-Handed,,1962-12-04,"Athens, Greece",,,854,"$3,257"
Andreas Fikas,F219,GRE,,,,,,,,,,
Nikos Rovas,R365,GRE,,,,,1977-09-20,,,,380,"$40,600"
Lefteris Alexiou,A351,GRE,,,,,,,,,,
Athanasios Anastopoulos,AD14,GRE,,,,,,,,,,
Theodoros Angelinos,A584,GRE,,,Right-Handed,,1984-05-29,"Athens, Greece",,,373,"$90,621"
Epaminondas Argyriou,A437,GRE,,,,,,,,,,
Anastasis Bavelas,B166,GRE,,,,,,,,,,
Periclis Gavrilidis,G558,GRE,,,,,,,,,,
Paris Gemouchidis,G918,GRE,"5' 9""",,Right-Handed,,1988-02-12,"Athens, Greece",,,384,"$31,927"
Alexandros Jakupovic,J206,GRE,,,Right-Handed,,1981-12-14,"Paris, France",,,267,"$116,707"
Nicholas Kalogeropoulos,K045,GRE,,,Right-Handed,,1945-02-18,Costa Rica,,,108,
Charalampos Kapogiannis,KB13,GRE,,,,,,,,,,
Niko Karagiannis,K350,GRE,,,,,,,,,,
Nicolas Kelaidis,K046,GRE,"5' 10""",,,,1949-10-29,"Alexandria, Egypt",,,244,
Konstantinos Mikos,MI83,GRE,,,,,,,,,,
Alexandros Skorilas,S0F7,GRE,"6' 1""",1.85m,Right-Handed,Two-Handed,2000-03-16,"Ioannina, Greece",,,609,"$39,881"
Taso Vasiliadis,V164,GRE,,,,,1974-02-16,,,,463,"$30,952"
Fotis Vazeos,V019,GRE,,,,,,,,,,
Costas Efstratiadis,E948,GRE,,,,,,,,,,
Pantelis Moschoutis,M609,GRE,,,,,1974-12-06,"Athens, Greece",,,663,
Georgios Zafiropoulos,Z433,GRE,,,,,,,,,,
Max Balli,BQ42,GRE,,,,,,,,,,
Lazaros Stalios,SU63,GRE,,,,,,,,,,
Georgios Nikolaides,N839,GRE,,,,,,,,,,
Augustos Zerlendis,Z432,GRE,,,,,1886-11-05,"Cairo, Egypt",,1947-01-01,,
Daniel Llarenas,LB85,GUM,,,,,,,,,,
Juan Jose Hermosilla,HC69,GUM,,,,,,,,,,
Adolfo Gomez,GG23,GUM,,,,,,,,,,
Walter Barahona,B872,GUA,,,,,,,,,,
Andres Bucaro,BE60,GUA,,,,,,,,,,
Daniel Chavez,C428,GUA,,,,,1966-01-27,,,,,
Jacobo Chavez,C429,GUA,,,Right-Handed,,1971-01-12,"Guatemala City, Guatemala",,,515,
Christopher Diaz-Figueroa,D868,GUA,,,Right-Handed,Two-Handed,1990-03-14,"Guatemala City, Guatemala",,,267,"$114,826"
Sebastian Dominguez,D0FH,GUA,"6' 0""",1.83m,,,,,,,,
Rodrigo Gabriel,G633,GUA,,,,,,,,,,
Wilfredo Gonzalez,GD01,GUA,,,Right-Handed,One-Handed,1993-01-06,"Guatemala City, Guatemala",,,270,"$21,349"
Alexander Lenoff,L339,GUA,,,,,,,,,,
Franz Luna Lavidalie,LI14,GUA,,,,,,,,,,
Israel Morales,MC63,GUA,,,,,,,,,,
Cristian Paiz,P673,GUA,,,,,,,,,,
Luis Perez,P672,GUA,,,,,,,,,,
Luis Perez-Chete,PB70,GUA,,,,,,,,,,
Luciano Ramazzini,RB15,GUA,,,,,,,,,,
Rudy Richter,RC95,GUA,,,,,,,,,,
Fernando Samayoa,S566,GUA,"5' 6""",1.68m,,,,,,,,
Christian Saravia,SI04,GUA,,,,,,,,,,
Julen Uriguen,U127,GUA,"6' 1""",1.85m,Right-Handed,Two-Handed,1991-07-22,"Guatemala City, Guatemala",,,959,"$1,811"
Alexander Vasquez,V369,GUA,,,,,,,,,,
Sebastien Vidal,V713,GUA,"5' 11""",,Right-Handed,,1989-12-09,"Guatemala City, Guatemala",,,931,
Ian McDonald,MQ33,GUY,,,,,1933-04-18,"St Augustine, Trinidad",,,,
Ronald Agenor,A006,HAI,"5' 11""",1.80m,Right-Handed,One-Handed,1964-11-13,"Rabat, Morocco",1983-01-01,,111,"$2,014,601"
Bertrand Madsen,M451,HAI,,,Right-Handed,,1972-05-18,,,,191,"$39,485"
Joel Allen,A621,HAI,,,,,1838-07-19,"Springfield, Massachusetts",,,,
Jean Marc Bazanne,BK25,HAI,,,,,,,,,,
Jerry Joseph,J240,HAI,,,,,1961-04-19,"Los Angeles, CA, U.S.",,,,
Bertrand Lacombe,L162,HAI,,,,,,,,,,
Iphton Louis,L542,HAI,,,,,,,,,,
Jean Edouard Baker,BN77,HAI,,,,,,,,,,
Michael Walker,W003,HKG,,,Left-Handed,,1966-04-21,Wales,,,392,
Wayne Wong,W270,HKG,,,Right-Handed,,1981-03-21,,,,1153,
John Hui,H387,HKG,,,Right-Handed,,1978-01-03,,,,157,"$23,562"
Goran Bosalevski,B739,HKG,,,,,,,,,,
Michael Brown,B965,HKG,,,,,,"Wollongong, Australia",,,203,"$22,903"
Skyler Butts,BU24,HKG,"5' 10""",1.78m,Right-Handed,One-Handed,1993-09-18,"Ocala, FL, United States",,,1375,"$4,678"
Kwok Shun Dasson Chan,C0Q0,HKG,,,,,,,,,,
Charles Chang,CA48,HKG,,,,,,,,,,
Jack Cheng,C0R5,HKG,,,,,,,,,,
Jeck Chu,CA47,HKG,,,,,,,,,,
Colin Grant,G241,HKG,,,,,,,,,,
Alan Ho,H714,HKG,,,,,,,,,,
Louis Hsu,H0EA,HKG,,,,,,,,,,
Cheuk-Wai Hui,H647,HKG,,,,,,,,,,
Brian Hung,H646,HKG,,,,,,,,,,
Ny Hy,H0J7,HKG,,,,,,,,,,
Wai Yu Kai,K0D9,HKG,,,,,,,,,,
Randall King,K058,HKG,,,Right-Handed,,1950-04-02,"Portland, OR, U.S.",,,727,
Sven Koehler,K365,HKG,,,,,,,,,,
William Koo,K597,HKG,,,,,,,,,,
Kevin Kung,KA18,HKG,,,,,,,,,,
Michael Lai,L650,HKG,,,,,,,,,,
Xiao-Peng Lai,L826,HKG,,,,,,,,,,
Ching Lam,LH78,HKG,,,,,,,,,,
K.S. Leung,L756,HKG,,,,,,,,,,
Wei Leung,L755,HKG,,,,,,,,,,
Hei Yin Andrew Li,LD90,HKG,,,,,,,,,,
Fong Ling,F0D8,HKG,,,,,,,,,,
Tau Luu,L589,HKG,,,,,,,,,,
Yat-Lung Ma,M0TZ,HKG,,,,,,,,,,
Ki Lung Ng,N0AJ,HKG,,,,,,,,,,
Tau Po,PH32,HKG,,,,,,,,,,
Thorsten Poelzl,P340,HKG,,,,,,,,,,
Hans Rusli,R0JY,HKG,,,,,,,,,,
Jason Sankey,S755,HKG,,,,,,,,,,
Martin Sayer,SG24,HKG,,,Right-Handed,,1987-06-20,,,,1336,
Nicholas Sayer,SP27,HKG,,,,,,,,,,
Hoh-Kong So,SG08,HKG,,,,,,,,,,
Anthony Jackie Tang,TG50,HKG,"6' 0""",1.83m,Right-Handed,,1998-11-26,Hong Kong,,,1265,"$3,164"
Po Tao,T905,HKG,,,,,,,,,,
Kenneth Tsui,T849,HKG,,,,,,,,,,
Chun Hun Wong,W730,HKG,,,Right-Handed,Two-Handed,1995-10-30,Hong Kong,,,393,"$8,353"
Hong Kit Wong,WB15,HKG,,,Right-Handed,,1998-08-30,"Hong Kong, China",,,648,"$33,572"
Tsz Fu Wong,W0F3,HKG,,,,,,,,,,
Pak Long Yeung,Y204,HKG,,,Right-Handed,Two-Handed,1995-02-14,Hong Kong,,,394,"$22,104"
Hiu-Tung Yu,Y099,HKG,,,Left-Handed,,1984-02-05,"Hong Kong, China",2002-01-01,,887,"$9,041"
Melvin Tong,T235,HKG,,,Right-Handed,,1975-02-19,,,,997,"$10,511"
Karan Rastogi,R704,HKG,"5' 10""",,Right-Handed,,1986-10-08,"Bombay, India",,,217,"$95,918"
Edwin Tsai,TD77,HKG,,,Left-Handed,,,,,,,
Koon-Hong Ip,I363,HKG,,,,,1919-09-25,,,,,
Attila Savolt,S608,HUN,"6' 0""",1.83m,Right-Handed,One-Handed,1976-02-05,"Budapest, Hungary",1995-01-01,2006-01-01,133,"$698,823"
Sandor Noszaly,N112,HUN,"6' 4""",1.93m,Right-Handed,Two-Handed,1972-03-16,"Budapest, Hungary",1988-01-01,2014-01-01,192,"$376,265"
Attila Balazs,BD80,HUN,"6' 0""",1.82m,Right-Handed,Two-Handed,1988-09-27,"Budapest, Hungary",2006-01-01,2024-01-01,173,"$1,051,664"
Jozsef Krocsko,K154,HUN,"5' 11""",1.80m,Right-Handed,,1968-04-20,"Uzhhorod, Ukraine",,,390,"$146,884"
Viktor Nagy,N219,HUN,"6' 6""",1.98m,,,1984-07-24,"Budapest, Hungary",,,,
Jozsef Asboth,AD74,HUN,,,Right-Handed,One-Handed,1917-09-18,"Szombathely, Hungary",,1957-01-01,8,
Gyorgy Balazs,BA01,HUN,,,,,,,,,,
Szabolcz Baranyi,B233,HUN,,,,,1944-01-31,"Oradea, Romania",,,94,
Kornel Bardoczky,B649,HUN,"6' 2""",1.88m,Right-Handed,,1978-07-05,"Kecskemét, Hungary",1994-01-01,2012-01-01,130,"$104,149"
Janos Benyik,B202,HUN,,,Right-Handed,,1951-06-04,,,,170,
Zoltan Boroczky,B640,HUN,,,,,1979-05-16,"Budapest, Hungary",,,455,"$11,208"
Gabor Borsos,BJ92,HUN,"6' 5""",1.96m,Right-Handed,Two-Handed,1991-06-30,"Székesfehérvár, Hungary",,,188,"$56,010"
Ferenc Csepai,C112,HUN,,,,,,,,,,
Bertalan Csoknyai,C227,HUN,,,,,,,,,,
Viktor Filipenko,F849,HUN,,,Right-Handed,Two-Handed,1991-09-25,"Budapest, Hungary",,,709,"$28,144"
Matyas Fule,F0HX,HUN,,,,,,,,,,
Istvan Gulyas,G151,HUN,,,Right-Handed,One-Handed,1931-10-13,"Pécs, Hungary",,1973-01-01,8,
Janos Guti,G118,HUN,,,,,,,,,,
Gabor Jaross,J171,HUN,"6' 2""",,Right-Handed,,1979-02-03,"Budapest, Hungary",,,706,
Adam Kellner,K803,HUN,"6' 1""",1.87m,Right-Handed,Two-Handed,1986-08-01,,,,451,"$67,262"
Gergely Kisgyorgy,K299,HUN,,,Right-Handed,,1976-03-08,,,,109,"$85,303"
Sandor Kiss,K072,HUN,,,,,,,,,,
Sebo Kiss,K642,HUN,,,Left-Handed,,1983-09-20,,,,444,"$26,254"
Ferenc Komaromi,K144,HUN,,,,,,,,,,
Zoltan Kuharszky,K031,HUN,,,,,1959-07-08,"Budapest, Hungary",1980-01-01,,,
Andras Lanyi,L170,HUN,,,,,,,,,,
Denes Lukacs,L831,HUN,"5' 11""",1.80m,Right-Handed,,1987-02-25,"Eger, Hungary",,2012-01-01,402,"$20,479"
Robert Machan,M194,HUN,,,,,1948-10-18,"Budapest, Hungary",,,175,
Laszlo Markovits,M370,HUN,"5' 11""",1.80m,Right-Handed,,1970-04-04,,1995-01-01,,604,"$67,898"
Peter Nagy,N729,HUN,"5' 11""",1.80m,Right-Handed,,1992-03-17,"Budapest, Hungary",,,283,"$87,312"
Andras Szikszai,S977,HUN,,,,,,,,,,
David Szintai,S09V,HUN,,,Right-Handed,,1997-06-09,,,,984,"$12,225"
Andras Szocsik,S978,HUN,,,,,,,,,,
Peter Szoke,S230,HUN,,,Left-Handed,,1947-08-08,"Mosonszentjános, Hungary",,,47,
Balazs Taroczy,T007,HUN,"5' 11""",1.82m,Right-Handed,One-Handed,1954-05-09,"Budapest, Hungary",1972-01-01,1990-01-01,3,"$1,437,443"
Zsolt Tatar,T731,HUN,,,,,1981-08-18,,,,776,
Geza Varga,V103,HUN,,,Right-Handed,,1944-11-15,,,,228,
Balazs Veress,V278,HUN,"6' 1""",,Right-Handed,,1980-10-12,"Budapest, Hungary",,,924,
M. Zentai,Z408,HUN,,,,,,,,,,
Francois Huszar,HD10,HUN,,,,,,,,,,
Pal Leiner,LG05,HUN,,,,,,,,,,
Bela Peto,PI67,HUN,,,,,,,,,,
L. Peto,PI68,HUN,,,,,,,,,,
Elek Straub,SU82,HUN,,,,,1944-10-19,"Balatonfüred, Hungary",,,,
Imre Takats,TE59,HUN,,,,,,,,,,
E. Zichy,Z418,HUN,,,,,,,,,,
Gyorgy Dallos,DE30,HUN,,,,,,,,,,
Geza Eros,E917,HUN,,,,,,,,,,
Tibor Frigyesy,FA29,HUN,,,,,,,,,,
Dezso Vad,V916,HUN,,,,,,,,,,
Kalman Feher,FA15,HUN,,,,,,,,,,
Mihaly Csikos,CJ79,HUN,,,,,,,,,,
Zoltan Katona,KF58,HUN,,,,,,,,,,
Istvan Sikorszki,SS97,HUN,,,,,,,,,,
Emil Gabori,GH18,HUN,,,,,,,,,,
Emil Gabrowitz,GG75,HUN,,,,,,,,,,
Otto Szigeti,SU38,HUN,,,Left-Handed,,1911-12-22,Csobánka,,1948-01-01,,
Antal Jancso,J604,HUN,,,,,1934-10-28,,,,,
Andras Adam-Stolpa,AD51,HUN,,,,,1921-09-15,,,,,
Bela Von Kehrling,V923,HUN,,,Right-Handed,,1891-01-25,"Poprad, Slovakia",,,10,
Somdev Devvarman,D616,IND,"5' 11""",1.80m,Right-Handed,Two-Handed,1985-02-13,"Agartala, Tripura, India",,,139,"$1,459,122"
Leander Paes,P269,IND,"5' 10""",1.78m,Right-Handed,One-Handed,1973-06-17,"Calcutta, West Bengal, India",1991-01-01,2020-01-01,1,"$8,587,586"
Rohan Bopanna,B757,IND,"6' 4""",1.93m,Right-Handed,One-Handed,1980-03-04,"Bangalore, Karnataka, India",2003-01-01,,1,"$7,319,356"
Prakash Amritraj,A487,IND,"6' 2""",1.88m,Right-Handed,Two-Handed,1983-10-02,Los Angeles. United States,2003-01-01,,119,"$460,805"
Prajnesh Gunneswaran,GA94,IND,"6' 2""",1.88m,Left-Handed,,1989-11-12,"Chennai, Tamil Nadu, India",2010-01-01,2024-01-01,248,"$888,338"
Mahesh Bhupathi,B471,IND,"6' 1""",1.85m,,,1974-06-07,"Chennai, Tamil Nadu, India",1995-01-01,2016-01-01,1,"$6,665,907"
Yuki Bhambri,BF55,IND,"6' 1""",1.85m,Right-Handed,Two-Handed,1992-07-04,"New Delhi, India",2008-01-01,,26,"$1,743,340"
Ramesh Krishnan,K024,IND,"5' 7""",1.70m,Right-Handed,One-Handed,1961-06-05,"Chennai, India",1978-01-01,1993-01-01,114,"$1,262,330"
Arjun Kadhe,KD43,IND,"6' 1""",,Right-Handed,Two-Handed,1994-01-07,"Pune, India",2017-01-01,,76,"$251,558"
Saketh Myneni,ME64,IND,"6' 4""",1.93m,Right-Handed,Two-Handed,1987-10-19,"Vuyyuru, India",,,74,"$515,299"
Fazaluddin Syed,F329,IND,"6' 1""",1.86m,Right-Handed,,1974-10-18,"Calcutta, India",1998-01-01,2002-01-01,243,
Akash Wagh,W541,IND,,,,,,,,,,
Harsh Mankad,M699,IND,"5' 8""",1.73m,Right-Handed,,1979-11-10,"Bombay, Maharashtra, India",2002-01-01,,102,"$163,939"
Navdeep Singh,SG79,IND,,,Right-Handed,,1986-02-21,"New Delhi, India",,2009-01-01,383,"$26,674"
Sunil Kumar,K397,IND,,,,,,,,,,
Srinath Prahlad,P359,IND,"6' 1""",1.85m,Right-Handed,,1973-01-08,,1997-01-01,,223,"$42,470"
Vishal Uppal,U044,IND,,,,,,,,,,
Susheel Narla,N260,IND,,,,,,,,,,
Purav Raja,R823,IND,"6' 0""",,Right-Handed,,1985-12-07,"Mumbai, India",2005-01-01,,52,"$598,677"
Akhtar Ali,AD64,IND,,,,,,"Allahabad, India",,1983-01-01,,
Zeeshan Ali,A165,IND,"5' 11""",1.80m,Right-Handed,,1970-01-01,"Calcutta, India",1988-01-01,1995-01-01,149,"$45,664"
Anand Amritraj,A021,IND,"6' 1""",1.85m,Right-Handed,One-Handed,1951-03-20,"Chennai, India",,,80,"$332,133"
Ashok Amritraj,A059,IND,,,,,1956-02-22,"Chennai, India",,,,
Nandan Bal,B107,IND,,,Right-Handed,,1959-09-01,,,,605,
N.Sriram Balaji,N558,IND,"6' 0""",,Right-Handed,,1990-03-18,"Coimbatore, India",,,60,"$581,691"
Ragesh Batra,B0LB,IND,,,,,,,,,,
Nimish Desai,D651,IND,,,,,,,,,,
R. Elangovan,E034,IND,,,,,,,,,,
Ilyas Ghouse,G065,IND,,,,,,,,,,
Bidynt Goswami,G143,IND,,,,,,,,,,
Asif Ismail,I042,IND,,,,,,,,,,
Niki Kaliyanda Poonacha,KH77,IND,"6' 3""",1.91m,Right-Handed,Two-Handed,1995-04-27,"Neyveli, India",,,98,"$129,352"
Ramanathan Krishnan,K103,IND,,,Right-Handed,One-Handed,1937-04-11,"Nagercoil, India",,1975-01-01,3,
Shanker Krishnan,K060,IND,,,,,,,,,,
Premjit Lall,L117,IND,,,Right-Handed,One-Handed,1940-10-20,"Calcutta India",,1979-01-01,,
Vijayant Malik,MH48,IND,,,,,,,,,,
Sashi Menon,M058,IND,"5' 11""",,Right-Handed,,1952-08-09,"Chennai, India",1970-01-01,1984-01-01,81,
Shyam Minotra,MP30,IND,,,,,,,,,,
Gaurav Misra,M773,IND,,,,,,India,,1973-01-01,,
Shiv-Prakash Misra,MQ00,IND,,,,,,,,,,
Chiradip Mukerjea,MC67,IND,,,,,1953-08-14,"Calcutta, India",,,,
Jaidip Mukerjea,M272,IND,,,Right-Handed,One-Handed,1942-04-21,"Calcutta India",,1975-01-01,,
Chiradip Mukherjea,M252,IND,,,,,1953-08-14,"Calcutta, India",,,,
Gaurav Natekar,N229,IND,,,,,,,,,,
Bhanu Nunna,N050,IND,,,Right-Handed,,1954-11-13,,,,199,
Rohit Rajpal,R230,IND,,,,,1971-01-22,"Kanpur, India",,,353,
Jay Royappa,R084,IND,,,,,,,,,207,
Kedar Shah,SA16,IND,,,,,1923-03-23,,,,,
Vivek Shokeen,SG28,IND,,,Right-Handed,,1987-07-31,"New Delhi, India",,,366,"$33,056"
Balaram Singh,SR63,IND,,,,,,,,,,
Jasjit Singh,S142,IND,,,Right-Handed,,1948-02-04,"New Delhi, India",,,89,
Narendra Singh,SR58,IND,,,,,1957-06-12,"Morar, Madhya Pradesh, India",,,,
Srinivasan Vasudevan,V018,IND,"6' 3""",,Right-Handed,,1962-01-04,"Madras, India",,,,"$66,359"
Ranjeet Virali-Murugesan,V502,IND,,,Right-Handed,Two-Handed,1985-09-30,"Coimbatore, India",,,268,"$78,967"
Khan-Iftikhar Ahmed,AE30,IND,,,,,,,,,,
Vijay Amritraj,A022,IND,"6' 4""",1.93m,Right-Handed,One-Handed,1953-12-14,"Chennai, India",1970-01-01,1993-01-01,23,"$1,331,913"
Eric Andrea,AE83,IND,,,,,,,,,,
Leonard Brooke Edwards,BP91,IND,,,,,,,,,,
Harish Danda,DE71,IND,,,,,,,,,,
R. Jagmohan,J662,IND,,,,,,,,,,
Sandeep Kirtane,K281,IND,,,,,1973-10-27,"Pune, Maharashtra, India",,,289,
Krishna Kumar,KF65,IND,,,,,,,,,,
Ronald MacInnes,MS94,IND,,,,,,,,,,
Khusru Madan,MR09,IND,,,,,,,,,,
Jeevan Nedunchezhiyan,N480,IND,"5' 8""",1.73m,Left-Handed,Two-Handed,1988-10-20,"Chennai, Tamil Nadu, India",2011-01-01,,64,"$501,559"
Vijay Sundar Prashanth,PA97,IND,"5' 11""",1.8m,Right-Handed,,1986-10-27,"Chennai, India",,,80,"$289,429"
Sanam Singh,SG33,IND,"5' 9""",1.75m,Right-Handed,Two-Handed,1988-01-11,"Chandigarh, India",2004-01-01,,138,"$100,613"
Yuelisthira Singh,SU69,IND,,,,,,,,,,
E.V. Bobb,BQ41,IND,,,Right-Handed,,,"Agra, India",,1940-01-01,,
Sanford Bobb,BQ55,IND,,,,,,,,,,
Manek Mehta,MR48,IND,,,,,,,,,,
Maharaja Of Kutch,MS08,IND,,,,,,,,,,
Yaswanath-Rao Savur,SU46,IND,,,,,,,,,,
A. J. Udaykumar,U163,IND,,,,,,,,,,
Ravi Venkatesan,V885,IND,,,,,,,,,,
Iftikar Ahmed,AE05,IND,,,,,,,,,,
A.E. Browne,BQ44,IND,,,,,,,,,,
Thomas Henderso-Brooks,HE06,IND,,,,,,,,,,
Jimmay Mehta,MR54,IND,,,,,,,,,,
Dudley Pitt,PJ51,IND,,,,,,,,,,
Lewis Deane,DF07,IND,,,,,1882-03-12,,,,,
Cotah Ramaswami,RF70,IND,,,,,,"Madras, Madras presidency, British India",,,,
Sirdar Singh,SW55,IND,,,,,,,,,,
Hira-Lal Soni,SU93,IND,,,,,,India,,1938-01-01,,
Man-Mohan Bhandari,BP03,IND,,,,,1913-02-26,"Lahore, India",,1942-01-01,,
Janmeja Charanjiva,CJ09,IND,,,,,,,,,,
Atri-Madan Mohan,MS38,IND,,,,,,,,,,
Sri-Krishna Prasada,PJ57,IND,,,,,,,,,,
Ranbir Singh,ST86,IND,,,,,,,,,,
David Rutnam,RF15,IND,,,,,1902-09-19,"Colombo, Sri Lanka",,,,
Subba Sawhney,ST61,IND,,,,,,,,,,
Sumant Misra,MQ96,IND,"6' 2""",,,,1923-01-11,"Faizabad, Uttar Pradesh, India",,,,
Dilip Bose,BO75,IND,,,Right-Handed,,,"Patna, India",,,,
Ghaus Mohammed Khan,KG12,IND,,,Right-Handed,One-Handed,1915-11-02,,,1948-01-01,,
Saeed-Mohammed Hadi,HE24,IND,,,,,1899-08-12,,,,,
Narendra Nath,N800,IND,,,,,,"Jabalpur, India",,,,
Mohammed Sleem,SU83,IND,,,,,1892-01-14,India,,,,
Athar-Ali Fyzee,FA66,IND,,,,,1883-08-28,"Bombay, India",,,,
Hassan-Ali Fyzee,FA76,IND,,,,,1879-10-09,"Bombay,India",,,,
Sydney Jacob,J659,IND,,,,,1879-10-28,"Dalhousie, India",,1928-01-01,,
Naresh Kumar,KF51,IND,,,Right-Handed,,1928-12-22,"Lahore, India",,,,
Suwandi Suwandi,S537,INA,"5' 10""",1.78m,Right-Handed,,1976-08-21,"Bandung, Indonesia",,,318,"$76,231"
Bonit Wiryawan,W153,INA,"5' 8""",,Right-Handed,,1968-02-10,"Surabaya, Indonesia",,,290,"$35,246"
Andrian Raturandang,R348,INA,,,Right-Handed,,1976-07-29,,,,391,"$16,787"
Donny Susetyo,S492,INA,"5' 7""",,,,1974-03-28,,,,528,
Faisal Aidil,A717,INA,,,,,,,,,,
Budiman Aznar,AD20,INA,,,,,,,,,,
M Althaf Dhaifullah,D0D7,INA,,,,,,,,,,
Dede-Suhendar Dinata,D342,INA,,,,,1969-12-14,,,,603,"$9,269"
Ari Fahresi,F0DH,INA,,,,,,,,,,
Josef Hadiman,H215,INA,,,,,1950-11-29,,,,,
Peter Handoyo,H436,INA,,,Right-Handed,,1979-08-12,"Surabaya, Indonesia",,,351,"$15,420"
Daniel Heryanto,H225,INA,,,Right-Handed,,1969-11-30,,,,267,
Lucky Candra Kurniawan,K0KN,INA,,,,,,,,,,
Abdul Kahar Mim,M388,INA,,,,,1968-11-06,"Samarinda, Indonesia",,,475,
Diko Murdono,MD29,INA,,,,,,,,,,
Wisnu Adi Nugroho,N712,INA,,,,,,,,,,
Christopher Rungkat,R862,INA,"5' 9""",1.75m,Right-Handed,Two-Handed,1990-01-14,Jakarta,2007-01-01,,68,"$253,302"
Kinantan Sangitan,S0OK,INA,,,,,,,,,,
Samudra Sangitan,SE43,INA,,,,,,,,,,
Aditya Hari Sasongko,SH33,INA,,,Left-Handed,,1988-07-04,"Jakarta, Indonesia",,,975,"$6,207"
Elbert Sie,SH34,INA,"5' 7""",,Right-Handed,,1987-09-06,"Bandung, Indonesia",,,698,"$21,809"
Albert Simangunsong,SE44,INA,,,,,,,,,,
Prima Simpatiaji,SB29,INA,,,Right-Handed,,1981-10-16,,,,635,"$10,840"
Mazizat Sofyan,SR59,INA,,,,,,,,,,
Sutarjo Sugiarto,S302,INA,,,,,1937-02-18,,,,,
Suharyadi Suharyadi,S287,INA,,,,,1965-02-14,,,,,
David Agung Susanto,SK03,INA,,,Right-Handed,One-Handed,1991-07-21,Jakarta,,,642,"$28,443"
Iman Sutarli,SE45,INA,,,,,,,,,,
Ardyanto Suta-Wibawa,A650,INA,,,,,,,,,,
Teguh Suwito,SE42,INA,,,,,,,,,,
Justedjo Tarik,T128,INA,,,,,1953-08-30,"Jakarta, Indonesia",,,360,
Widyo Tetuko,T852,INA,,,,,,,,,,
Sunu-Wahyu Trijati,T860,INA,,,Right-Handed,,1987-04-26,"Jakarta, Indonesia",,,902,
Gunawan Trismuwantara,T0EN,INA,,,,,,,,,,
Ayrton Wibowo,W475,INA,,,,,,,,,,
Tegar Abdi Satrio Wibowo,W0E5,INA,,,,,,,,,,
Tintus Wibowo,W137,INA,,,,,1960-08-19,"Surabaya, Indonesia",,,405,
Febi Widhiyanto,W269,INA,,,Right-Handed,,1980-02-09,,,,422,"$19,505"
Gondo Widjojo,W084,INA,,,,,1945-06-23,,,,,
Atet Wijono,W113,INA,,,,,1951-03-11,"Cirebon, Indonesia",,,,
Jacky Wullur,W443,INA,,,,,,,,,,
Jimmy Gan,GG38,INA,,,,,,,,,,
Sulistyo Wibowo,W178,INA,,,,,1969-02-17,"Tegal, Central Java, Indonesia",,,323,"$13,986"
C. Wijono,W729,INA,,,,,,,,,,
Liep-Tjauw Tan,TD70,INA,,,,,,,,,,
E.L. Sarkies,SV21,INA,,,,,,,,,,
Mansour Bahrami,B001,IRI,"5' 10""",1.78m,Right-Handed,One-Handed,1956-04-26,"Arak, Iran",1974-01-01,,31,"$368,780"
Saeid Ahmadvand,A668,IRI,,,,,,,,,,
Hussain Akbari,A0EE,IRI,,,,,,,,,,
Mohammad Hossein Akbari,A122,IRI,,,Right-Handed,,,"Tehran, Iran",,,318,
Shirzad Akbari,AD19,IRI,,,,,,,,,,
Taghi Akbari,A145,IRI,,,Right-Handed,,1945-12-14,"Tehran, Iran",,,146,
Amir Hossein Badi,B09P,IRI,,,,,,,,,,
Kanyab Derafshijavan,D649,IRI,,,,,,,,,,
Shahab Hassani-Nafez,H609,IRI,,,,,,,,,,
Mohsen Hossein Zade,H920,IRI,,,,,,,,,,
Rouzbeh Kamran,K773,IRI,,,,,,,,,,
Shahin Khaledan,KA77,IRI,,,Right-Handed,Two-Handed,1990-06-07,"Isfahan, Iran",,,1114,"$11,120"
Issa Khodaei,K505,IRI,,,,,,,,,,
Moharram-Ali Khodai,K747,IRI,,,,,,,,,,
Amirvala Madanchi,MM99,IRI,,,Right-Handed,Two-Handed,1994-07-17,,,,837,"$7,797"
Ali Madani,M007,IRI,,,Right-Handed,,,,,,727,
Hamidreza Nadaf,N693,IRI,"6' 0""",,Right-Handed,,1992-11-19,"Isfahan, Iran",,,,
Ezzat Nemati,N355,IRI,,,,,,,,,,
Nematollah Nemati,N773,IRI,,,,,,,,,,
Ramin Raziani,R392,IRI,,,Right-Handed,One-Handed,1974-04-12,"Tehran, Iran",,,1066,
Habib Saleh,SR61,IRI,,,,,,,,,,
Anoosha Shahgholi,SB57,IRI,,,Right-Handed,,1981-11-10,"Tehran, Iran",,,719,"$21,650"
Ashkan Shokoofi,SD75,IRI,,,Right-Handed,,1981-07-09,"Tehran, Iran",,,719,"$12,599"
Akbar Taheri,T292,IRI,,,,,,,,,,
Esmail Sohikish,ST64,IRI,,,,,,,,,,
Matthew Mohtadi,MQ60,IRI,,,,,1926-01-06,"Tehran, Iran",,,,
Louk Sorensen,SD69,IRL,"5' 9""",1.75m,Right-Handed,Two-Handed,1985-01-07,"Schwäbisch Hall, Germany",2003-01-01,2015-01-01,552,"$199,032"
Conor Niland,N349,IRL,"6' 1""",1.85m,Right-Handed,Two-Handed,1981-09-19,"Birmingham, England",2005-01-01,2012-01-01,770,"$247,686"
James McGee,MG47,IRL,"6' 0""",1.83m,Right-Handed,Two-Handed,1987-06-10,"Castleknock, Ireland",2008-01-01,2017-01-01,430,"$380,510"
Harry Barniville,BM60,IRL,,,,,,,,,,
Scott Barron,B457,IRL,"5' 10""",1.78m,,,,,,,,
Sam Barry,BH22,IRL,,,,,1892-12-17,"Aberdeen, SD, U.S.",,,,
Peter Bothwell,BP29,IRL,"5' 9""",1.75m,Right-Handed,One-Handed,1995-09-28,"Belfast, Northern Ireland",,,447,"$44,972"
Anthony Brennan,BM89,IRL,,,,,,,,,,
William Brown,B0RZ,IRL,,,,,1945-01-14,"Omaha, Nebraska",,,82,
James Buckley,BM61,IRL,,,,,,,,,,
Simon Carr,CO11,IRL,"6' 0""",1.83m,Right-Handed,Two-Handed,1999-11-07,"Dublin, Ireland",,,507,"$68,643"
Jimmy Casey,CH71,IRL,,,,,,,,,,
Owen Casey,C289,IRL,,,Right-Handed,,1969-10-22,"Dublin, Ireland",,,228,
Peter Clarke,C526,IRL,"6' 2""",1.88m,Right-Handed,,1979-07-08,"Dublin, Ireland",1998-01-01,,883,"$74,290"
Eoin Collins,C266,IRL,,,,,,Dublin,,,,
Sean Cooper,C637,IRL,,,,,,,,,,
P. Coyle,CH86,IRL,,,,,,,,,,
Gerry Doherty,DC91,IRL,,,,,,,,,,
John Doran,D395,IRL,,,Right-Handed,,1978-05-16,,,,253,
Matt Doyle,D039,IRL,"6' 4""",,Right-Handed,,,"California, U.S.",,,117,"$155,442"
Sean Doyle,D242,IRL,"6' 0""",1.84m,,,,,,,,
Stewart Doyle,D254,IRL,,,,,,,,,,
Julian Drury-Byrne,DC80,IRL,,,,,,,,,,
Desmond Early,E885,IRL,,,,,,,,,,
Anthony Ensor,E0BM,IRL,,,,,,,,,,
Don Ernst,E0BL,IRL,,,,,1934-01-25,"Los Angeles, California, U.S.",,,,
Ronan Fearon,F941,IRL,,,,,,,,,,
Paul Fitzsimmons,F940,IRL,,,,,,,,,,
Dennis Foley,F939,IRL,,,,,,,,,,
Daniel Glancy,GA84,IRL,"5' 11""",1.80m,Right-Handed,Two-Handed,1988-11-13,"Castlebar, County Mayo, Ireland",2009-01-01,2016-01-01,352,"$37,301"
Vivian Gotto,GF65,IRL,,,,,,,,,,
Terry Grant,GF92,IRL,,,,,,,,,,
Michael Hickey,H152,IRL,,,,,,,,,,
Des Hill,HB97,IRL,,,,,,,,,,
Peter Jackson,J575,IRL,,,,,,,,,
Ken Kelleher,K765,IRL,,,,,,,,,,
Barry King,K961,IRL,,,Right-Handed,,1985-01-22,,,,431,"$21,058"
Peter Ledbetter,L745,IRL,,,,,,,,,,
Noel Lennon,LE04,IRL,,,,,,,,,,
Frank McArdle,MP77,IRL,,,,,,,,,,
James McArdle,MD15,IRL,,,,,,,,,,
John Mcgrath,MP42,IRL,,,,,,,,,,
I. McKenzie,M0KP,IRL,,,,,,,,,,
Kevin Menton,MD14,IRL,,,,,,,,,,
Peter Mockler,M336,IRL,,,,,,,,,,
B. Moran,MP44,IRL,,,,,,,,,,
John Morrissey,MK69,IRL,,,,,1831-02-12,"Templemore, County Tipperary, Ireland",,,,
David Mullins,M793,IRL,,,,,,,,,,
John Mulvey,MD16,IRL,,,,,,,,,,
Michael Nugent,N055,IRL,,,,,1961-06-01,"Dublin, Ireland",,,,
Stephen Nugent,N340,IRL,,,,,,,,,,
Colin O'Brien,O210,IRL,,,Left-Handed,,1984-04-17,"Dublin, Ireland",,,599,"$32,553"
J. O'Brien,O519,IRL,,,,,,,,,,
Don O'Connell,O0BB,IRL,,,,,,,,,,
D. O'Keefe,O530,IRL,,,,,,,,,,
John O'Shea,O0BN,IRL,"6' 3""",1.91m,,,,,,,,
Cecil Pedlow,PH80,IRL,,,,,,,,,,
Derek Pollock,PH79,IRL,,,,,,,,,,
Maurice Pollock,PH81,IRL,,,,,,,,,,
Kenneth Reid,R727,IRL,,,,,,,,,,
Connors Ryan,RD92,IRL,,,,,,,,,,
Harry Sheridan,SA38,IRL,"6' 5""",1.95m,,,,,,,,
Kevin Sorensen,S948,IRL,"6' 0""",,Right-Handed,,1981-05-10,"Schwäbisch Hall, Germany",,,642,"$21,405"
Sean Sorensen,S067,IRL,,,Left-Handed,,1955-12-11,,,,324,
B. Sweeney,SS21,IRL,,,,,,,,,,
Stephen Taylor,T354,IRL,,,,,,,,,,
L. Turner,T0EH,IRL,,,,,,,,,,
Gerry Waldron,W746,IRL,,,,,,,,,,
Willie Walsh,W747,IRL,,,,,,,,,,
Chris Wells,W0D2,IRL,,,,,,,,,,
J. Williamson,W759,IRL,,,,,,,,,,
John Young,Y226,IRL,,,,,,,,,,
Bruce Haughton,HD18,IRL,,,,,,,,,,
William Manahan,MR04,IRL,,,,,,,,,,
R.J. McCabe,MR10,IRL,,,,,,,,,,
Joseph Mchale,MR07,IRL,,,,,,,,,,
Jack Miley,MS74,IRL,,,,,,,,,,
Edmond Mockler,MS81,IRL,,,,,,,,,,
R.M. Sweetman,SW79,IRL,,,,,,,,,,
Otway Toler,O623,IRL,,,,,,,,,,
Robin Condy,CI68,IRL,,,,,,,,,,
Harry Cronin,CK06,IRL,,,,,,,,,,
Shirley Dillon,DE74,IRL,,,,,,,,,,
Valentine Miley,MU11,IRL,,,,,,,,,,
Dick Sandys,ST93,IRL,,,,,,,,,,
Noel-Galway Holmes,HE28,IRL,,,,,,"Galway, Ireland",,,,
George Mcveagh,MR57,IRL,,,,,,,,,,
Denis O'Callaghan,O585,IRL,"5' 10""",,,,,,,,,
H.M. Sweetman,SW80,IRL,,,,,,,,,,
Arthur Mahony,MS71,IRL,,,,,,,,,,
Matthew Murphy,MQ67,IRL,,,,,1984-07-23,"Liverpool, England",,,,
Raymond Egan,E916,IRL,,,,,,,,,,
Ben Haughton,HE83,IRL,,,,,,,,,,
Louis Meldon,MS83,IRL,,,,,,,,,,
Harold Price,PJ36,IRL,,,,,,"New York City, U.S.",,,,
Edward McGuire,MS45,IRL,,,,,1901-08-28,"County Waterford, Ireland",,,,
Charles Scroope,SU97,IRL,,,,,,,,,,
Joseph Hackett,HC56,IRL,,,,,,,,,,
Guy Jackson,J601,IRL,,,,,1921-09-20,,,,,
Henry Purcell,PJ22,IRL,,,,,,"Westminster, London, England",,,,
Manliffe Goodbody,GI79,IRL,,,Right-Handed,One-Handed,,"Dublin, Ireland",,,,
Cyril Kemp,KF83,IRL,,,,,1915-06-12,,,,,
Cecil Campbell,CK23,IRL,,,,,1891-05-04,"Dublin, Ireland",,,,
George Lyttleton-Roger,LF10,IRL,,,,,,,,,,
Harold Mahony,MU14,IRL,"6' 3""",1.91m,,,1867-02-13,"Edinburgh, Scotland, UK",,,,
Amos Mansdorf,M012,ISR,"5' 9""",1.75m,Right-Handed,One-Handed,1965-10-20,"Tel Aviv, Israel",1983-01-01,1994-01-01,67,"$2,412,016"
Dudi Sela,SC56,ISR,"5' 9""",1.75m,Right-Handed,One-Handed,1985-04-04,"Kiryat Shmona, Israel",2002-01-01,2022-01-01,122,"$4,003,831"
Harel Levy,L336,ISR,"6' 1""",1.85m,Right-Handed,One-Handed,1978-08-05,"Nahshonim, Israel",1995-01-01,2011-01-01,71,"$1,579,908"
Noam Okun,O133,ISR,"6' 1""",1.85m,Right-Handed,One-Handed,1978-04-16,"Haifa, Israel",1996-01-01,2015-01-01,162,"$784,555"
Gilad Bloom,B051,ISR,"5' 8""",1.73m,Left-Handed,One-Handed,1967-03-01,"Tel Aviv, Israel",1986-01-01,1995-01-01,62,"$694,271"
Eyal Ran,R243,ISR,,,,,1972-11-21,"Kiryat Ono, Israel",,,71,
Noam Behr,B440,ISR,"6' 2""",1.88m,Left-Handed,,1975-10-13,"Tel Aviv, Israel",1994-01-01,,109,"$296,906"
Andy Ram,R399,ISR,"5' 11""",1.80m,Right-Handed,One-Handed,1980-04-10,"Montevideo, Uruguay",1998-01-01,2014-01-01,5,"$2,647,616"
Jonathan Erlich,E152,ISR,"5' 9""",1.75m,Right-Handed,One-Handed,1977-04-05,"Buenos Aires, Argentina",1996-01-01,,5,"$2,810,794"
Eyal Erlich,E135,ISR,"6' 0""",1.83m,Right-Handed,,1977-01-01,"Tel Aviv, Israel",1995-01-01,,144,"$172,773"
Amir Hadad,H385,ISR,"6' 0""",1.82m,Right-Handed,,1978-02-17,"Tel-aviv, Israel",,,87,"$251,884"
Amir Weintraub,W471,ISR,"6' 2""",1.88m,Right-Handed,One-Handed,1986-09-16,"Rehovot, Israel",2005-01-01,,246,"$447,978"
Ofer Sela,S496,ISR,"6' 2""",,Right-Handed,,1972-07-22,"Haifa, Israel",,,252,"$63,483"
Raviv Weidenfeld,W121,ISR,,,Right-Handed,,1970-10-12,"Herzliya, Israel",,,243,"$75,054"
Nir Welgreen,W208,ISR,,,,,1976-12-17,,,,163,"$99,926"
Edan Leshem,LD26,ISR,"6' 0""",1.83m,Right-Handed,Two-Handed,1997-03-19,"New York City, United States",,,349,"$151,075"
Shahar Perkiss,P018,ISR,"6' 4""",1.93m,Right-Handed,,1962-10-14,"Haifa, Israel",,,54,"$206,224"
Gil Kovalski,K238,ISR,,,,,,,,,,
Ohad Weinberg,W142,ISR,,,,,1971-03-19,,,,454,
Lior Mor,M573,ISR,,,,,1976-02-29,"Haifa, Israel",,,164,"$117,177"
Haim Arlozorov,A111,ISR,,,,,,,,,,
Bar Tzuf Botzer,BI21,ISR,"6' 0""",1.83m,Right-Handed,,1994-03-02,"Tel Aviv, Israel",,,1,"$12,150"
Mor Bulis,BL60,ISR,,,,,1996-04-18,"Petah Tikva, Israel",,,654,"$22,727"
Michael Daniel,D184,ISR,"6' 2""",,,,1965-11-21,"Tel Aviv, Israel",,,251,"$38,093"
Eleazar Davidman,D574,ISR,,,,,1936-12-09,,,,,
Shai Friedman,F226,ISR,,,,,,,,,,
Tom Frisher,F084,ISR,,,,,,,,,,
Ian Froman,F469,ISR,,,,,1937-05-06,"Johannesburg, South Africa",,,,
Shlomo Glickstein,G019,ISR,"6' 2""",1.88m,Right-Handed,One-Handed,1958-01-06,"Rehovot, Israel",,,28,"$588,880"
Yuval Hirsch,H239,ISR,,,,,,,,,,
Gadi Irshai,I353,ISR,,,,,,,,,,
Felix Kaplan,K520,ISR,,,,,,,,,,
Yuval Karutzi,K169,ISR,,,,,,,,,,
Ron Lehrner,L0JK,ISR,,,,,,,,,,
Boaz Merenstein,M373,ISR,"5' 11""",,Left-Handed,,1970-04-03,"Tel Aviv, Israel",,,342,"$14,727"
Amit Naor,N005,ISR,"5' 10""",,Right-Handed,,1967-07-25,"Rehovot, Israel",,,397,"$27,628"
Ben Patael,FB18,ISR,"6' 2""",,Right-Handed,Two-Handed,1997-06-02,"Tel Aviv, Israel",,,1050,"$60,635"
Ruben Porges,PA55,ISR,,,,,,,,,,
Shai Puni,P056,ISR,,,,,,,,,,
Yehoshua Shalem,S0IP,ISR,,,Right-Handed,,1944-08-01,,,,,
Ilan Sher,S158,ISR,,,,,,,,,,
Eylon Sinai,S054,ISR,,,,,,,,,,
Josef Stabholz,S333,ISR,,,,,,,,,,
Dekel Valtzer,V385,ISR,,,,,1984-10-03,,,,331,"$54,390"
Yair Werthimer,W043,ISR,,,,,,,,,,
Oded Yaacov,Y019,ISR,,,,,,,,,,
Tomer Zimmerman,Z004,ISR,,,,,1966-12-27,,,,442,
David Asz,AD65,ISR,,,,,,,,,,
Gabriel Dubitzky,DD29,ISR,,,,,,,,,,
Rafael Gornitsky,GG71,ISR,,,,,,,,,,
Mordechai Apel,AD92,ISR,,,,,,,,,,
Jacob Buntmann,BO71,ISR,,,,,,,,,,
Yehuda Finkelkraut,FA13,ISR,,,,,,,,,,
Arie Avidan-Weiss,AD72,ISR,,,,,,,,,,
Andreas Seppi,SA93,ITA,"6' 3""",1.91m,Right-Handed,Two-Handed,1984-02-21,"Bolzano, Italy",2002-01-01,2022-01-01,50,"$11,816,212"
Davide Sanguinetti,S480,ITA,"6' 1""",1.87m,Right-Handed,Two-Handed,1972-08-25,"Viareggio, Italy",1993-01-01,2008-01-01,78,"$2,935,584"
Andrea Gaudenzi,G254,ITA,"6' 1""",1.85m,Right-Handed,Two-Handed,1973-07-30,"Faenza, Italy",1990-01-01,2003-01-01,59,"$3,063,479"
Renzo Furlan,F192,ITA,"5' 9""",1.75m,Right-Handed,One-Handed,1970-05-17,"Conegliano, Veneto, Italy",1988-01-01,2004-01-01,193,"$2,449,043"
Paolo Lorenzi,L503,ITA,"6' 0""",1.83m,Right-Handed,Two-Handed,1981-12-15,"Rome, Italy",2003-01-01,2021-01-01,82,"$5,207,934"
Potito Starace,S843,ITA,"6' 2""",1.88m,Right-Handed,Two-Handed,1981-07-14,"Cervinara, Italy",2001-01-01,2015-01-01,40,"$3,784,550"
Simone Bolelli,BA98,ITA,"6' 0""",1.83m,Right-Handed,One-Handed,1985-10-08,"Bologna, Italy",2003-01-01,,6,"$7,662,049"
Diego Nargiso,N109,ITA,"6' 2""",1.88m,Left-Handed,,1970-03-15,"Naples, Italy",1987-01-01,2001-01-01,25,"$1,807,857"
Stefano Pescosolido,P235,ITA,"6' 1""",1.85m,Right-Handed,One-Handed,1971-06-13,"Sora, Italy",1989-01-01,2006-01-01,102,"$1,657,671"
Omar Camporese,C009,ITA,"6' 2""",1.88m,Right-Handed,,1968-05-08,"Bologna, Italy",1987-01-01,1998-01-01,27,"$1,610,475"
Marzio Martelli,M543,ITA,"5' 11""",1.80m,Right-Handed,,1971-12-14,"Valle Benedetta, Italy",1996-01-01,,318,"$320,131"
Paolo Cane,C012,ITA,"5' 11""",1.80m,Right-Handed,One-Handed,1965-04-09,"Bologna, Italy",1983-01-01,,43,"$903,958"
Filippo Volandri,V254,ITA,"6' 0""",1.83m,Right-Handed,One-Handed,1981-09-05,"Livorno, Tuscany, Italy",1997-01-01,2016-01-01,120,"$3,949,631"
Daniele Bracciali,B570,ITA,"5' 11""",1.80m,Right-Handed,One-Handed,1978-01-10,"Arezzo, Italy",1995-01-01,,21,"$1,831,148"
Alessio Di Mauro,D330,ITA,"6' 1""",1.85m,Left-Handed,,1977-08-09,"Syracuse, Italy",1998-01-01,2014-01-01,136,"$833,633"
Luca Vanni,V495,ITA,"6' 6""",1.98m,Right-Handed,Two-Handed,1985-06-04,"Castel del Piano, Italy",2006-01-01,2021-01-01,204,"$791,440"
Vincenzo Santopadre,S413,ITA,,,Left-Handed,One-Handed,1971-08-11,"Rome, Italy",1991-01-01,2005-01-01,103,"$619,300"
Claudio Pistolesi,P037,ITA,,,Right-Handed,One-Handed,1967-08-25,"Rome, Italy",1985-01-01,,213,"$587,945"
Gianluca Pozzi,P045,ITA,"5' 11""",1.80m,Left-Handed,One-Handed,1965-06-17,"Bari, Italy",1984-01-01,2004-01-01,107,"$2,272,035"
Federico Luzzi,L395,ITA,"6' 2""",1.87m,Right-Handed,One-Handed,1980-01-03,"Arezzo, Italy",1999-01-01,,258,"$544,562"
Stefano Galvani,G372,ITA,"5' 10""",1.78m,Right-Handed,,1977-06-03,"Padova, Italy",1999-01-01,,148,"$694,063"
Gianluca Naso,N437,ITA,"6' 4""",1.93m,Right-Handed,Two-Handed,1987-01-06,"Trapani, Italy",,2016-01-01,189,"$402,534"
Andrea Arnaboldi,A622,ITA,"5' 9""",1.75m,Left-Handed,One-Handed,1987-12-27,"Milan, Italy",2006-01-01,,130,"$1,014,753"
Thomas Fabbiano,F586,ITA,"5' 8""",1.73m,Right-Handed,,1989-05-26,"Grottaglie, Italy",2005-01-01,,208,"$2,258,656"
Davide Scala,S465,ITA,,,Right-Handed,,1972-01-02,"Bologna, Italy",,,336,"$168,066"
Laurence Tieleman,T168,ITA,"5' 11""",1.80m,Right-Handed,,1972-11-14,"Brussels, Belgium",1993-01-01,2003-01-01,117,"$968,450"
Mario Visconti,V139,ITA,"6' 1""",1.85m,Right-Handed,,1968-10-23,"Eboli, Italy",1991-01-01,,188,"$151,136"
Giorgio Galimberti,G334,ITA,"5' 10""",1.78m,Right-Handed,One-Handed,1976-09-05,"Milan, Italy",1995-01-01,2007-01-01,65,"$619,170"
Mose Navarra,N230,ITA,"5' 11""",1.80m,Left-Handed,,1974-07-18,"Loano, Italy",1993-01-01,,170,"$309,483"
Daniele Musa,M510,ITA,"6' 0""",1.83m,Right-Handed,,1972-09-10,"Rome, Italy",1992-01-01,,338,"$183,355"
Corrado Borroni,B455,ITA,"6' 1""",,Right-Handed,,1973-05-06,"Bollate, Italy",,,460,"$53,599"
Massimo Valeri,V154,ITA,"6' 1""",1.85m,Right-Handed,,1972-03-13,"Rome, Italy",1991-01-01,,116,"$164,828"
Flavio Cipolla,C723,ITA,"5' 8""",1.73m,Right-Handed,One-Handed,1983-10-20,"Rome, Italy",2003-01-01,2017-01-01,75,"$1,632,927"
Massimo Dell'Acqua,D361,ITA,,,Right-Handed,,1979-09-06,"Como, Italy",,,188,"$190,825"
Massimo Cierro,C035,ITA,"5' 8""",1.73m,Right-Handed,,1964-05-07,"Naples, Italy",1984-01-01,,122,"$313,726"
Cristiano Caratti,C270,ITA,"5' 10""",1.78m,Right-Handed,One-Handed,1970-05-24,"Acqui Terme, Italy",1989-01-01,,148,"$1,368,916"
Gianluigi Quinzi,Q948,ITA,"6' 3""",1.91m,Left-Handed,,1996-02-01,"Cittadella, Italy",2010-01-01,,441,"$280,371"
Matteo Donati,DA67,ITA,"6' 1""",1.85m,Right-Handed,Two-Handed,1995-02-28,"Alessandria, Italy",2013-01-01,,231,"$377,373"
Filippo Baldi,BM03,ITA,"6' 0""",1.83m,Right-Handed,,1996-01-10,"Milan, Italy",,,226,"$267,511"
Igor Gaudi,G317,ITA,"6' 2""",1.88m,,,1975-04-10,"Rimini, Italy",,,221,"$103,002"
Paolo Pambianco,P206,ITA,"6' 3""",,Right-Handed,,1967-07-11,"Forlì, Italy",,,451,"$62,279"
Filippo Messori,M511,ITA,"5' 8""",,Right-Handed,,1973-11-12,"Modena, Italy",,,63,"$291,151"
Marco Meneschincheri,M445,ITA,"5' 11""",1.80m,Left-Handed,,1972-04-25,"Rome, Italy",1990-01-01,,464,"$208,940"
Uros Vico,V256,ITA,"6' 2""",1.87m,Right-Handed,,1981-02-19,"Split, Croatia",1998-01-01,2013-01-01,80,"$309,892"
Leonardo Azzaro,A303,ITA,"6' 2""",1.88m,Left-Handed,,1978-05-30,"Florence, Italy",1997-01-01,,94,"$320,082"
Tomas Tenconi,T332,ITA,"5' 10""",1.78m,Right-Handed,,1980-09-03,"Buenos Aires, Argentina",2000-01-01,2011-01-01,141,"$217,290"
Gian Marco Moroni,MP83,ITA,"6' 1""",1.85m,Right-Handed,One-Handed,1998-02-13,"Rome, Italy",2018-01-01,,327,"$312,120"
Andrea Basso,BH80,ITA,"6' 1""",1.85m,Left-Handed,Two-Handed,1993-10-08,"Genoa, Italy",,,503,"$85,529"
Massimo Calvelli,C372,ITA,"6' 0""",,Right-Handed,,1974-11-16,"Montevarchi, Italy",,,255,"$14,375"
Stefano Tarallo,T261,ITA,"6' 1""",1.85m,Right-Handed,,1976-03-08,"Rome, Italy",,,266,"$71,544"
Florian Allgauer,A308,ITA,,,Right-Handed,,1979-01-07,"Bruneck, South Tyrol, Italy",,,261,"$45,256"
Matteo Viola,V490,ITA,"6' 2""",1.88m,Right-Handed,Two-Handed,1987-07-07,"Mestre, Italy",2004-01-01,2022-01-01,171,"$797,912"
Francesco Cancellotti,C013,ITA,"6' 0""",1.83m,Right-Handed,,1963-02-27,"Perugia, Italy",1981-01-01,1990-01-01,160,"$464,876"
Simone Vagnozzi,V339,ITA,"5' 8""",1.73m,Right-Handed,Two-Handed,1983-05-30,"Ascoli Piceno, Italy",1999-01-01,2015-01-01,74,"$490,569"
Walter Trusendi,T868,ITA,,,Right-Handed,One-Handed,1985-01-03,,2007-01-01,2019-01-01,161,"$182,939"
Daniele Balducci,B390,ITA,,,,,1970-09-10,,,,426,"$58,225"
Stefano Cobolli,C447,ITA,"5' 9""",,Right-Handed,,1977-03-02,"La Spezia, Italy",,,340,"$75,704"
Elia Grossi,G328,ITA,,,,,1974-06-03,,,,249,"$58,983"
Matteo Marrai,ME17,ITA,,,,,1986-11-17,"Pisa, Italy",,,344,"$103,160"
Stefano Ianni,I097,ITA,,,Right-Handed,,1981-01-31,,2000-01-01,2013-01-01,118,"$121,254"
Francesco Michelotti,M420,ITA,,,,,1969-10-23,"Parma, Italy",,,649,"$50,317"
Federico Mordegan,M401,ITA,"5' 7""",1.70m,Right-Handed,,1970-02-01,"Vicenza, Italy",,,70,"$236,608"
Pietro Pennisi,P173,ITA,"5' 8""",1.73m,Left-Handed,,1970-04-11,"Florence, Italy",1990-01-01,,238,"$63,092"
Fabio Maggi,M548,ITA,,,,,1975-01-30,"Madrid, Spain",,,169,"$91,039"
Roberto Marcora,MJ01,ITA,"6' 4""",1.94m,Right-Handed,One-Handed,1989-08-30,"Busto Arsizio, Italy",2009-01-01,2023-01-01,717,"$563,613"
Francesco Piccari,P471,ITA,,,Right-Handed,,1979-09-07,,,,207,"$130,638"
Andrea Stoppini,S842,ITA,,,Right-Handed,Two-Handed,1980-02-29,"Trento, Italy",1998-01-01,,188,"$289,443"
Massimo Ardinghi,A181,ITA,"5' 9""",1.75m,,,1971-03-06,"Genova, Italy",,,111,"$164,274"
Francesco Aldi,A340,ITA,"5' 9""",1.75m,Right-Handed,,1981-09-17,"Palermo, Italy",1999-01-01,2012-01-01,175,"$254,542"
Matteo Trevisan,T948,ITA,"6' 0""",1.83m,Right-Handed,Two-Handed,1989-08-13,"Florence, Italy",,,341,"$124,230"
Marco Alciati,A013,ITA,,,,,1960-09-19,"Rome, Italy",,,187,
Corrado Aprili,A029,ITA,"6' 3""",,Right-Handed,,1964-11-13,"Verona, Italy",,,204,"$41,323"
Maurizio Aracri,AD46,ITA,,,,,,,,,,
Giuseppe Arancio,A0HB,ITA,,,,,,,,,,
Marco Armellini,A032,ITA,"6' 2""",,Right-Handed,,1960-08-17,"Udine, Italy",,,355,
Giuseppe Augello,A0HC,ITA,,,,,,,,,,
Valerio Baiardo,B153,ITA,,,,,,,,,,
Alessandro Baldoni,B085,ITA,,,Right-Handed,,1968-02-20,"Rome, Italy",,,293,"$21,575"
Corrado Barazzutti,B007,ITA,"5' 10""",1.78m,Right-Handed,One-Handed,1953-02-19,"Udine, Italy",1971-01-01,1984-01-01,7,"$775,783"
Franco Bartoni,B235,ITA,,,,,1948-10-04,"Rome, Italy",,,,
Manlio Bartoni,B798,ITA,,,,,,,,,,
Marcello Bassanelli,B018,ITA,,,,,,,,,,
Franco Belli,B274,ITA,,,,,,,,,,
Giuseppe Belli,BM90,ITA,,,,,,,,,,
Marco Bellini,B033,ITA,,,,,,,,,,
Fabrizio Berliri,B0KQ,ITA,,,,,,,,,,
Paolo Bertolucci,B129,ITA,"5' 9""",1.75m,Right-Handed,One-Handed,1951-08-03,Forte dei Marmi,,1983-01-01,27,
Zacchi Biadene,B0KP,ITA,,,,,,,,,,
Ugo Biagianti,B263,ITA,,,,,,,,,,
Luigi Bianco,B0NP,ITA,,,,,1960-03-03,"Montemagno, Piedmont, Italy",,,,
Giovanni Biccai,B0KR,ITA,,,,,,,,,,
Unknown Bighini,B0KO,ITA,,,,,,,,,,
Paolo Bodo,B0KN,ITA,,,,,,,,,,
Giorgio Bologna,B840,ITA,,,,,,,,,,
Maurizio Bonaiti,B250,ITA,,,,,,,,,,
Gerardo Bonardi,B0KS,ITA,,,,,,,,,,
Carlo Borea,B286,ITA,,,,,1954-03-24,,,,,
Massimo Boscatto,B383,ITA,"5' 10""",,Right-Handed,,1971-06-21,"Naples, Italy",1988-01-01,,110,"$46,799"
Luca Bottazzi,B064,ITA,"5' 8""",1.74m,Right-Handed,,1963-04-01,"Milan, Italy",,,203,"$52,945"
Nicola Bruno,B407,ITA,"5' 10""",1.78m,Right-Handed,,1971-01-26,"Lodi, Italy",1991-01-01,,133,"$171,486"
Salvatore Buia,B0KU,ITA,,,,,,,,,,
G. Buzzoni,B0KT,ITA,,,,,,,,,,
Mario Caimo,C661,ITA,,,,,,,,,,
Mario Calautti,C003,ITA,,,,,,,,,,
Riccardo Capece,C0J3,ITA,,,,,,,,,,
Sergio Capece,C0J2,ITA,,,,,,,,,,
Bruno Capineri,C014,ITA,,,,,,,,,,
Gianni Capozza,C700,ITA,,,,,,,,,,
Ivano Cappelloni,C240,ITA,,,,,,,,,,
Mario Carnevale,C271,ITA,,,,,,,,,,
Federico Castelnuovo,C0J0,ITA,,,,,,,,,,
Eugenio Castigliano,C173,ITA,,,,,1946-02-06,"Rome, Italy",,,,
Luigi Chiaiese,C161,ITA,,,,,,,,,,
Bruno Chimenti,CI09,ITA,,,,,,,,,,
Giambattista Cicivelli,C0IZ,ITA,,,,,,,,,,
Giovanni Cierro,CH74,ITA,,,,,,,,,,
Unknown Cimurri,CI08,ITA,,,,,,,,,,
Gianni Clerici,CI66,ITA,,,,,1930-07-24,"Como, Lombardy, Italy",,,,
Enrico Cocchi,C263,ITA,,,,,,,,,,
Ugo Colombini,C040,ITA,,,,,1967-10-07,"Melzo, Italy",,,137,"$81,537"
Simone Colombo,C043,ITA,"5' 11""",1.80m,Right-Handed,,1963-08-23,"Milan, Italy",,,68,"$289,230"
Luigi Compagna,C0J4,ITA,,,,,,,,,,
Marco Consolini,C167,ITA,,,,,,,,,,
Unknown Corsi,C0J1,ITA,,,,,,,,,,
Vittorio Crotta,C123,ITA,,,,,1946-04-12,,,,,
Francesco D'Alessio,D0G6,ITA,"5' 11""",1.80m,,,,,,,,
Unknown Daniele,DC94,ITA,,,,,,,,,,
Mario De Cesaris,D0GQ,ITA,,,,,,,,,,
Alessandro De Minicis,D009,ITA,"5' 9""",1.75m,Right-Handed,,1963-08-04,"Cagliari, Italy",,,108,"$120,206"
Massimo Di Domenico,D137,ITA,,,,,1945-12-05,,,,199,
Gaetano Di Maso,D132,ITA,,,,,1945-03-09,"Naples, Italy",,,,
Ezio Di Matteo,D135,ITA,,,,,1948-11-02,,,,,
Fabio Di Mauro,D180,ITA,,,Right-Handed,,,,,,498,"$12,737"
Simone Ercoli,E020,ITA,,,Right-Handed,,,,,,536,
Guiliano Fanfani,F414,ITA,,,,,,,,,,
Fabrizio Fanucci,F004,ITA,,,,,1956-10-03,"Florence, Italy",,,400,
A. Farina,F0G1,ITA,,,,,,,,,,
Marco Filippeschi,F176,ITA,,,,,,,,,
Andrea Filippucci,F0EK,ITA,,,,,,,,,,
Michele Fioroni,F026,ITA,"5' 11""",1.80m,Right-Handed,,1965-02-16,"Perugia, Italy",,,190,"$41,971"
Vincenzo Franchitti,F103,ITA,,,,,1950-05-22,,,,138,
Fabrizio Gasparini,G133,ITA,,,,,,,,,,
Luca Gasparini,G085,ITA,,,,,,,,,,
Marco Gilardelli,G187,ITA,,,,,,,,,,
Francesco Giordano,G533,ITA,,,,,,,,,,
Ciccio Gorla,G534,ITA,,,,,,,,,,
Massimo Grassotti,G082,ITA,,,,,,,,,,
Vincenzo Labellarte,L0FI,ITA,,,,,,,,,,
Paolo Lagana,L0H5,ITA,,,,,,,,,,
Paolo Lazzari,L833,ITA,,,,,,,,,,
Alberto Lazzarino,LE53,ITA,,,,,,,,,,
Giovanni Lelli Mami,L134,ITA,,,,,,,,,,
Roberto Lombardi,L092,ITA,,,,,,,,,,
Gaetano Longo,L0FH,ITA,,,,,,,,,,
Martin Lorenzoni,L094,ITA,,,,,,,,,,
Unknown Lucci,L0FG,ITA,,,,,,,,,,
Gian Enrico Maggi,M0LX,ITA,,,,,,,,,,
Vittorio Magnelli,M101,ITA,,,Right-Handed,,1957-09-04,,,,409,
Giordano Maioli,M327,ITA,,,,,1943-09-27,"Piacenza, Italy",,,,
Gianni Marchetti,M106,ITA,,,,,1933-09-07,Rome,,,,
Unknown Marchiori,MP79,ITA,,,,,,,,,,
Emilio Marturano,M374,ITA,,,,,,,,,,
Pietro Marzano,M224,ITA,,,Right-Handed,,1949-08-29,,,,252,
Giulio Massara,M0PK,ITA,,,,,,,,,,
Fabrizio Matteoli,M926,ITA,,,,,,,,,,
Roberto Matteoli,M0LU,ITA,,,,,,,,,,
S. Matteoli,MP80,ITA,,,,,,,,,,
Edoardo Mazza,M042,ITA,"5' 9""",,Right-Handed,,1964-03-15,"Rome, Italy",,,416,"$30,821"
Gaetano Mele,M0LW,ITA,,,,,,,,,,
Famiano Meneschincheri,M147,ITA,,,Right-Handed,,1957-11-13,"Rome, Italy",,,455,
Roberto Meneschincheri,M209,ITA,,,,,,,,,,
Antonio Mennella,M927,ITA,,,,,,,,,,
Giuseppe Merlo,M276,ITA,,,Right-Handed,Two-Handed,1927-10-11,"Merano, Italy",,1969-01-01,,
Riccardo Ghedin,G822,ITA,"6' 2""",1.88m,Right-Handed,,1985-12-05,"Rome, Italy",,,109,"$317,926"
Ugo Chiesa,CK27,ITA,,,,,,,,,,
Martin Mulligan,M155,ITA,,,Right-Handed,One-Handed,1940-10-18,"Marrickville, New South Wales, Australia",,1975-01-01,4,
Massimiliano Narducci,N006,ITA,"6' 1""",1.85m,Right-Handed,,1964-02-25,"Ascoli Piceno, Italy",,,77,"$105,308"
Gianni Ocleppo,O004,ITA,"6' 0""",1.83m,Right-Handed,,1957-04-06,"Alba, Italy",,,53,"$325,570"
Adriano Panatta,P059,ITA,"6' 0""",1.83m,Right-Handed,One-Handed,1950-07-09,"Rome, Italy",,1983-01-01,15,"$776,187"
Claudio Panatta,P008,ITA,"5' 10""",1.78m,Right-Handed,,1960-02-02,"Rome, Italy",1979-01-01,1989-01-01,45,"$455,711"
Nicola Pietrangeli,P141,ITA,"5' 10""",1.78m,Right-Handed,One-Handed,1933-09-11,"Tunis, Tunisia",,1973-01-01,3,
Gianluca Rinaldini,R026,ITA,,,Right-Handed,,1959-08-10,"Faenza, Italy",,,259,
Clemente Serventi,SV07,ITA,,,,,1889-09-07,"Rome, Kingdom of Italy",,,,
Piero Toci,T086,ITA,,,,,1949-06-29,"Marliana, Italy",,,175,
Enzo Vattuone,V038,ITA,,,Right-Handed,,1956-04-18,"Genoa, Italy",,,82,
Antonio Zugarelli,Z013,ITA,,,Right-Handed,,1950-01-17,"Rome, Italy",1969-01-01,1983-01-01,24,
Renato Bossi,BO86,ITA,,,,,1917-12-07,,,,,
Umberto Cuccioli,CJ94,ITA,,,,,,,,,,
Goffredo De Banfield,DE97,ITA,,,,,,,,,,
Giorgio Fachini,F979,ITA,,,,,,,,,,
Placido Gaslini,GH54,ITA,,,,,,,,,,
Sergio Jacobini,J599,ITA,,,,,,,,,,
Gregorio Maggi,MQ37,ITA,,,,,,,,,,
Michele Pirro,P561,ITA,,,,,1986-07-05,"San Giovanni Rotondo, Italy",,,,
Valentino Taroni,TE37,ITA,,,Right-Handed,,,,,,,
Mino Balbi Di Robecco,BQ59,ITA,,,,,,"Genoa, Genova, Italy",,,,
Roberto Bocciardo,BQ23,ITA,,,,,,,,,,
Leonardo Bonzi,BQ22,ITA,,,,,1902-12-22,"Milan, Italy",,,,
Giulio Caccia,CJ03,ITA,,,,,,,,,,
Cesare Colombo,CK54,ITA,,,,,,"La Spezia, Italy",,,,
Carletto Sada,ST65,ITA,,,,,,,,,,
G.LA. Brian,BQ86,ITA,,,,,,,,,,
Renato Gori,GG40,ITA,,,,,,,,,,
Giovanni Palmieri,PI73,ITA,,,,,1906-10-11,"Rome, Italy",,,,
Ferruccio Quintavalle,Q965,ITA,,,Right-Handed,,,,,,,
Emanuele Sertorio,ST77,ITA,,,Right-Handed,,,"Genoa, Italy",,,,
Alberto Del Bono,DD88,ITA,,,,,,"Buenos Aires, Argentina",,,,
Vanni Canepele,CJ06,ITA,,,,,1916-06-18,,,,,
Marcello Del Bello,DD55,ITA,,,,,1921-01-25,"Rome, Italy",,1962-01-01,,
Rolando Del Bello,DD57,ITA,,,Right-Handed,,1925-10-26,"Rome, Italy",,,,
Fausto Gardini,GG46,ITA,,,,,1930-03-08,"Milan, Italy",,1965-01-01,,
Uberto De Morpurgo,DE52,ITA,,,Right-Handed,,1896-01-11,"Trieste, Italy",,1939-01-01,8,
Sergio Tacchini,T081,ITA,,,,,1938-09-02,,,,,
Giovanni Cucelli,CI80,ITA,,,,,1916-11-13,"Fiume, Italy",,1958-01-01,,
Giorgio De Stefani,DD81,ITA,,,,,1904-02-24,"Verona, Italy",,,6,
Orlando Sirola,SS58,ITA,,,Right-Handed,One-Handed,1928-04-30,"Fiume, Italy",,1963-01-01,,
Liam Caruana,CO06,ITA,"5' 11""",1.80m,Right-Handed,Two-Handed,1998-01-22,"Rome, Italy",,,564,"$102,916"
Alessandro Bega,BF98,ITA,"5' 8""",1.73m,Right-Handed,Two-Handed,1991-01-11,"Cernusco sul Naviglio, Italy",,,369,"$222,784"
Marco Crugnola,C968,ITA,"6' 2""",1.88m,Right-Handed,One-Handed,1983-05-24,"Varese, Italy",2004-01-01,,118,"$210,793"
Marcelo Grassi,G091,ITA,,,,,,,,,,
Marzio Miloro,M174,ITA,,,,,,,,,,
Patrizio Parrini,P010,ITA,,,Right-Handed,,1959-09-05,,,,266,
Ferrante Rocchi,R033,ITA,"5' 11""",,Left-Handed,,1956-04-11,"San Benedetto del Tronto, Italy",,,273,
Sergio Palmieri,P170,ITA,,,,,1945-11-28,"Rome, Italy",,,,
Clement N'Goran,N201,CIV,,,Right-Handed,,1969-08-07,Côte d'Ivoire,,,252,
Claude N'Goran,N228,CIV,,,Left-Handed,,1975-03-18,"Adzopé, Cote d'Ivoire",,,161,"$44,203"
Felix Ange Romaric Boblei,B0S4,CIV,,,,,,,,,,
Charles Irie,I218,CIV,,,,,,,,,,
Maxime Koffi,K644,CIV,,,,,,,,,,
Myko Yohann Himad Kouame,K0LA,CIV,,,,,,,,,,
Ilou Lonfo,L259,CIV,,,,,,,,,,
Jean Nabi,N215,CIV,,,,,1973-11-04,,,,677,
Terence Nugent,N522,CIV,,,,,1895-08-11,,,,,
Valentin Sanon,S802,CIV,,,Right-Handed,,1980-05-20,,2000-01-01,,339,"$72,961"
Dustin Brown,BA65,JAM,"6' 5""",1.96m,Right-Handed,Two-Handed,1984-12-08,"Celle, Germany",2002-01-01,,43,"$3,129,783"
Daniel Azar,A0KE,JAM,,,,,,,,,,
Audley Bell,BA35,JAM,,,,,,,,,,
Jacob Bicknell,B0PB,JAM,,,,,,,,,,
David Brandt,B0JS,JAM,,,,,,,,,,
Brandon Burke,BI15,JAM,,,,,,,,,,
Doug Burke,B083,JAM,"5' 11""",1.80m,Right-Handed,,1963-07-25,"Kingston, Jamaica",1986-01-01,,262,"$40,488"
Eldad Campbell,C963,JAM,,,,,,,,,,
Tyler Chin,CC36,JAM,,,,,,,,,,
Dennis Davis,D0F3,JAM,,,,,1951-08-28,"New York City, New York",,,,
Robin Gyles,G0H8,JAM,,,,,,,,,,
Elvis Henry,H593,JAM,,,,,,,,,,
Damar Johnson,J239,JAM,,,,,,,,,,
Damion Johnson,J374,JAM,,,,,,,,,,
Christopher Lawson,LB23,JAM,,,,,,,,,,
Lance Lumsden,L121,JAM,,,Right-Handed,,1939-10-30,"Buff Bay, Jamaica",,,,
Nicolas Malcolm,M490,JAM,,,,,,,,,,
Mervyn Morris,M0L5,JAM,,,,,1937-02-21,"Kingston, Jamaica",,,,
Michael Nanton,N0CV,JAM,,,,,,,,,,
Dominic Pagon,PD35,JAM,"5' 9""",1.75m,Left-Handed,,1988-03-08,"Kingston, Jamaica",2008-01-01,,,
Harold Phillips,P0GS,JAM,,,,,,,,,,
Rowland Phillips,P0AO,JAM,,,Right-Handed,Two-Handed,1994-01-23,,,,1139,"$6,040"
David Pratt,P0FN,JAM,,,,,,,,,,
Tony Richey,R233,JAM,,,,,,,,,,
Compton Russell,R134,JAM,,,,,,,,,,
D. Richard Russell,R077,JAM,,,,,1945-09-08,"Kingston, Jamaica",,,,
Richard Russell,R0DI,JAM,,,,,1945-09-08,"Kingston, Jamaica",,,,
Ryan Russell,R561,JAM,,,Left-Handed,,1983-07-06,"Montego Bay, Jamaica",,,463,"$23,493"
Stuart Sarnia,S191,JAM,,,,,,,,,,
Eddie Smatt,S0LZ,JAM,,,,,,,,,,
Jermaine Smith,S816,JAM,,,,,,,,,,
David Tate,M0J4,JAM,,,,,,,,,,
Richard Thompson,T0EQ,JAM,,,,,,,,,,
Brandon Walsh,W0C8,JAM,,,,,,,,,,
Scott Willinsky,W227,JAM,,,,,,,,,,
Clinton Nunes,N836,JAM,,,,,,,,,,
B.M. Clark,CK13,JAM,,,,,,,,,,
Donald Leahong,LF95,JAM,,,Right-Handed,,1912-12-07,"Kingston, Jamaica",,,,
Frank Mott-Trille,MQ85,JAM,,,,,,,,,,
Shuzo Matsuoka,M338,JPN,"6' 2""",1.88m,Right-Handed,Two-Handed,1967-11-06,"Tokyo, Japan",1986-01-01,1998-01-01,95,"$1,117,112"
Takao Suzuki,S550,JPN,"5' 9""",1.75m,Right-Handed,One-Handed,1976-09-20,"Sapporo, Japan",1995-01-01,2018-01-01,119,"$729,355"
Yuichi Sugita,SE73,JPN,"5' 9""",1.75m,Right-Handed,Two-Handed,1988-09-18,"Sendai, Japan",,2023-01-01,363,"$2,978,289"
Go Soeda,SC47,JPN,"5' 10""",1.78m,Right-Handed,Two-Handed,1984-09-05,"Kanagawa, Japan",,,232,"$2,374,772"
Gouichi Motomura,M531,JPN,"5' 8""",,Right-Handed,Two-Handed,1973-12-25,"Chiba, Japan",1992-01-01,2009-01-01,159,"$477,077"
Satoshi Iwabuchi,I054,JPN,"5' 9""",1.75m,Left-Handed,,1975-10-07,"Kanagawa, Japan",,,125,"$329,243"
Ryuso Tsujino,T112,JPN,"5' 9""",,Right-Handed,One-Handed,1969-02-24,"Osaka, Japan",,,380,"$76,990"
Takahiro Terachi,T277,JPN,,,Right-Handed,,1979-07-08,"Tokyo, Japan",,,364,"$182,784"
Yasufumi Yamamoto,Y011,JPN,"5' 9""",,Right-Handed,,1971-05-03,"Shizuoka, Japan",,,489,"$89,348"
Michihisa Onoda,O145,JPN,,,Right-Handed,,1978-01-31,,,,306,"$71,056"
Tasuku Iwami,I063,JPN,"5' 6""",1.68m,Left-Handed,,1978-07-09,"Fukuoka, Japan",,,306,"$117,324"
Kotaro Miyachi,M570,JPN,,,,,1974-02-18,"Fukuyama, Hiroshima, Japan",,,303,"$44,690"
Thomas Shimada,S579,JPN,"5' 10""",,Right-Handed,,1975-02-10,"Philadelphia, United States",,,40,"$433,946"
Toshihide Matsui,M815,JPN,"5' 10""",1.79m,Right-Handed,,1978-04-19,"Osaka, Japan",,,121,"$402,968"
Hideki Kaneko,K266,JPN,,,Left-Handed,,1974-03-06,"Tokyo, Japan",,,452,"$98,787"
Toshitsugu Mori,T170,JPN,"6' 1""",,,,1969-12-22,"Higashiōsaka, Japan",,,473,"$17,136"
Hiroki Kondo,K457,JPN,"5' 9""",1.77m,Right-Handed,,1982-11-05,"Kariya, Aichi, Japan",2001-01-01,,179,"$160,372"
Joji Miyao,M864,JPN,,,,,1981-06-15,,,,503,"$22,754"
Toshiaki Sakai,S670,JPN,"5' 9""",,Left-Handed,,1974-04-09,"Tokyo, Japan",2002-01-01,2006-01-01,517,"$21,582"
Hidehiko Tanizawa,T171,JPN,,,Left-Handed,,1971-12-05,"Nagoya, Japan",,,577,"$21,269"
Yaoki Ishii,I062,JPN,"5' 7""",,Right-Handed,Two-Handed,1977-04-29,"Kamagaya, Chiba, Japan",,,241,"$142,174"
Takuto Niki,N598,JPN,"6' 0""",1.82m,Right-Handed,,1987-10-12,"Tsukuba, Japan",,,269,"$170,654"
Tetsuya Chaen,C371,JPN,"5' 9""",,Right-Handed,One-Handed,1973-11-05,"Osaka Prefecture, Japan",,,371,"$59,037"
Kentaro Masuda,M461,JPN,,,,,1971-08-26,"Yokohama, Japan",,,260,"$62,434"
Yuichi Ito,I183,JPN,,,Right-Handed,Two-Handed,1986-08-06,"Osaka, Japan",,,328,"$98,150"
Takahiro Ittogi,I198,JPN,,,,,,,,,,
Hiroyuki Bamba,B154,JPN,,,,,,,,,,
Takanobu Fujii,F058,JPN,,,,,,,,,,
Tsuyoshi Fukui,F048,JPN,"5' 7""",,Right-Handed,,1957-06-22,"Moji, Fukuoka Prefecture",,,280,"$34,083"
Daijirou Furusho,F234,JPN,,,,,,,,,,
Yoshiya Hamano,H104,JPN,,,,,,,,,,
Kenichi Hirai,H023,JPN,,,,,1950-03-19,"Tokyo, Japan",,,180,
Shoichi Horiuchi,H035,JPN,,,,,,,,,,
Toizo Hosoi,HC09,JPN,,,,,,,,,,
Toiso Hozoi,H0FY,JPN,,,,,,,,,,
Osamu Ishiguro,I030,JPN,,,Right-Handed,,1936-08-12,"Nagasaki, Japan",,,,
Suehiro Ito,I022,JPN,,,,,,,,,,
Toshio Iwazawa,I029,JPN,,,,,,,,,,
Jun Kamiwazumi,K002,JPN,,,Right-Handed,One-Handed,1947-10-01,"Ishikawa, Japan",,,727,"$289,416"
Taisen Kanai,K083,JPN,,,,,,,,,,
Jun Kato,K443,JPN,,,,,1980-10-25,"Yokohama, Japan",1998-01-01,,121,"$70,312"
Sachio Kato,K084,JPN,,,,,1948-08-13,,,,237,
Akira Kawaguchi,K094,JPN,,,,,,,,,,
Junzo Kawamori,K0F6,JPN,,,Right-Handed,,1941-11-24,"Ashiya, Hyōgo, Japan",,,,
Junjo Kawamuri,K101,JPN,,,,,,,,,,
Yuichiro Kimoto,K0GX,JPN,,,,,,,,,,
Kenichi Kiyomiya,K175,JPN,,,,,1967-11-01,,,,551,"$6,318"
Isao Kobayashi,KF37,JPN,,,,,1977-03-19,"Yokohama, Kanagawa, Japan",,,,
Ichizo Konishi,KF38,JPN,,,Right-Handed,,1939-03-15,"Osaka, Japan",,,,
Sadao Kosugi,K110,JPN,,,,,,,,,,
Takeshi Koura,K137,JPN,"5' 9""",,,,1942-11-13,"Nishinomiya, Hyōgo, Japan",,,155,
Jun Kuki,K054,JPN,,,Right-Handed,,1945-12-28,"Yokkaichi, Japan",,,74,
Tetsu Kuramitsu,K032,JPN,,,,,1944-07-09,,,,281,
Akifumi Machidori,M306,JPN,,,,,,,,,,
Kaoru Maruyama,M029,JPN,,,,,,,,,,
Kishiya Matsumoto,M0MQ,JPN,,,,,,,,,,
Haruhiko Matsunaga,M243,JPN,,,,,,,,,,
Kiyoshi Miyanami,M231,JPN,,,,,,,,,,
Yoshimito Miyashita,MB39,JPN,,,,,,,,,,
Ryoichi Mori,M312,JPN,,,,,,,,,,
Kazuya Morita,M341,JPN,,,,,,,,,,
Mitsuru Motoi,M313,JPN,"5' 9""",,,,1941-08-29,"Yao City, Japan",,,245,
Akira Motomura,M305,JPN,,,,,,,,,,
Takeshi Murakami,M342,JPN,,,,,,,,,,
Yukihiko Murata,M253,JPN,,,,,,,,,,
Akinori Naguro,N069,JPN,,,,,,,,,,
Osuma Nakamura,N086,JPN,,,,,,,,,,
Yoshito Nakamura,N071,JPN,,,,,,,,,,
Ichiro Nakanishi,N004,JPN,,,,,,,,,,
F. Nakano,N0D4,JPN,,,,,,,,,,
Haruo Nakano,N003,JPN,,,Right-Handed,,1965-02-20,,,,494,"$13,515"
Toshiyuki Nakasawa,N0D3,JPN,,,,,,,,,,
Hajime Nihonmatsu,N037,JPN,,,,,,,,,,
Shinichi Nishino,N062,JPN,,,,,,,,,,
Shigeyuki Nishio,N020,JPN,,,,,1954-05-23,"Kobe, Japan",,,307,
Takehiko Nishiwaki,N075,JPN,,,,,,,,,,
Takeshi Omono,O083,JPN,,,,,,,,,,
Shigeru Ota,O007,JPN,,,,,1967-01-08,,,,384,"$13,083"
Toshiro Sakai,S103,JPN,,,Right-Handed,,1947-11-23,"Tokyo, Japan",,,75,
Kyoichi Sakamoto,SR60,JPN,,,,,,,,,,
Shinichi Sakamoto,S006,JPN,,,Right-Handed,,1954-04-16,,,,307,
Tetsuya Sato,S501,JPN,,,Right-Handed,,1969-03-26,"Kanagawa, Japan",,,510,"$10,890"
Tadayuki Sawamatsu,SR65,JPN,,,,,,,,,,
Kouichi Sayama,S194,JPN,,,,,,,,,,
Hachiro Shibata,S223,JPN,,,,,,,,,,
Takayoshi Shibuya,S044,JPN,,,,,,,,,,
K Shimamura,S308,JPN,,,,,,,,,,
Yoshihiko Shimazaki,S0OW,JPN,,,,,,,,,,
Shozo Shiraishi,S046,JPN,,,Right-Handed,,1958-01-27,"Osaka, Japan",,,416,"$15,703"
Hitoshi Shirato,S047,JPN,,,Right-Handed,,1958-10-19,,,,236,"$24,337"
Masaru Suishu,S095,JPN,,,,,,,,,,
Tij Syma,S0QX,JPN,,,,,,,,,,
Kiyotaka Tachibana,T001,JPN,,,,,,,,,,
Eiji Takeuchi,T003,JPN,,,,,1959-05-13,,,,241,"$11,298"
Masayoshi Takeyari,T113,JPN,,,,,,,,,,
Nobuya Tamura,T005,JPN,,,,,,,,,,
Kiyoshi Tanabe,T062,JPN,"5' 3""",,,,1940-10-10,"Aomori City, Japan",,,,
Shinya Tanaka,T147,JPN,,,,,,,,,,
Shoichi Tatsuno,T009,JPN,,,,,,,,,,
Yuji Tezuka,T090,JPN,,,,,1943-08-14,,,,177,
Toyokazu Tomogane,T075,JPN,,,,,,,,,,
Takesji Tsujimoto,T0BB,JPN,,,,,,,,,,
Kunio Tsukamoto,T079,JPN,,,,,,,,,,
Etsuo Uchiyama,U001,JPN,,,,,,,,,,
Minoru Ueda,U002,JPN,,,,,,,,,,
A. Uehara,U017,JPN,,,,,,,,,,
Natsuta Uehara,U159,JPN,,,,,,,,,,
Naomi Uemura,U003,JPN,,,,,,,,,,
Kenzo Ukon,U004,JPN,,,,,,,,,,
Noriyuki Washida,W042,JPN,,,,,,,,,,
Isao Watanabe,W089,JPN,,,,,1941-11-23,"Minato, Tokyo, Japan",,,274,
Koji Watanabe,W088,JPN,,,,,1942-01-19,"Ashiya, Hyogo, Japan",,1971-01-01,,
Takao Yamamoto,Y030,JPN,,,,,,,,,,
Keishiro Yanagi,Y015,JPN,,,,,1941-02-24,"Kurume, Fukuoka, Japan",,,,
Kazumi Yanagihara,Y221,JPN,,,,,,,,,,
Toru Yonezawa,Y001,JPN,"6' 2""",,,,1958-10-31,"Osaka, Japan",,,,
Sakae Yoshii,Y0B1,JPN,,,,,,,,,,
Goro Fujikura,FA11,JPN,,,,,,,,,,
Eduardo Furusho,F139,JPN,"5' 6""",,Left-Handed,,1968-07-06,"São Paulo, Brazil",,,183,"$43,441"
Reijin Kamo,KF87,JPN,,,,,,,,,,
Masanobu Kimura,KF89,JPN,"5' 11""",1.80m,,,1960-01-23,"Osaka Prefecture, Japan",,,,
Jiro Kumamaru,KF91,JPN,,,,,1921-09-26,"Kurume, Japan",,1954-01-01,,
Kouichi Sakamoto,SD04,JPN,,,,,,,,,,
Kento Takeuchi,T885,JPN,,,Left-Handed,,1987-12-19,"Kyoto, Japan",,,503,"$179,045"
Sho Tanabe,TC85,JPN,,,,,,,,,,
Takumi Tsunematsu,T107,JPN,,,,,,,,,,
S. Udone,U153,JPN,,,,,,,,,,
Seiichi Yamagishi,Y243,JPN,,,,,,,,,,
Jiro Fujikura,FA62,JPN,,,,,,,,,,
Ryoichi Miyake,MB38,JPN,,,,,,,,,,
Tsumio Tawara,TE80,JPN,,,,,,,,,,
Toshihisa Tsuchihashi,T111,JPN,,,,,,,,,,
Sunao Okamoto,O594,JPN,,,,,1894-09-01,"Higashi-ku, Okayama, Okayama, Japan",,1928-01-01,,
Michio Fujii,F957,JPN,,,,,1939-12-16,"Ashiya, Hyogo, Japan",,,,
Yasumine Kuramitsu,KG56,JPN,,,,,,,,,,
Teizo Toba,TE75,JPN,,,,,1901-09-15,"Kyoto, Japan",,,,
Masanosuke Fukuda,FB04,JPN,,,,,1897-05-04,"Tokyo, Japan",,,,
Minoru Kawachi,KG70,JPN,,,,,,,,,,
Atsushi Miyagi,MQ62,JPN,,,Right-Handed,,1931-10-19,"Tokyo, Japan",,,,
Seiichiro Kashio,KH03,JPN,,,,,1892-01-02,"Osaka, Japan",,,,
Hideo Nishimura,N847,JPN,,,,,,,,,,
Hyotare Sato,SU99,JPN,,,,,1904-06-01,"Yokkaichi, Mie Prefecture, Japan",,,,
Takeo Kuwabara,KG07,JPN,,,,,,,,,,
Eikichi Itoh,I368,JPN,,,,,,,,,,
Iwao Aoki,AE53,JPN,,,,,,,,,,
Ichiya Kumagai,KH04,JPN,"5' 5""",1.66m,Left-Handed,,1890-09-10,"Ōmuta, Fukuoka, Japan",,1921-01-01,,
Tamino Abe,AE45,JPN,,,,,1902-09-29,"Tokyo, Japan",,,,
Kosei Kamo,KF72,JPN,,,Right-Handed,,1932-05-10,"Tokyo, Japan",,,,
Ryosuki Nunoi,N816,JPN,,,,,1909-01-18,"Kobe, Japan",,,,
Yoshiro Ota,O578,JPN,,,,,1900-01-11,"Kariwa, Niigata, Japan",,,,
Jiro Yamagishi,Y246,JPN,,,,,1912-05-23,"Moji, Japan",,1953-01-01,8,
Takeichi Harada,HD42,JPN,,,,,1899-05-16,"Osaka, Japan",,,7,
Fumiteru Nakano,N811,JPN,,,,,1915-01-13,"Mizunami, Gifu, Japan",,,,
Tatsuyoshi Miki,MR33,JPN,,,,,1904-02-11,"Takamatsu, Kagawa, Japan",,,,
Zenzo Shimizu,SV43,JPN,,,Right-Handed,One-Handed,1891-03-25,"Misato, Gunma, Japan",,1924-01-01,4,
Jiro Satoh,ST72,JPN,,,Right-Handed,,1908-01-05,"Gunma Prefecture, Empire of Japan",,,3,
Karam Hatamleh,H0J8,JOR,,,,,,,,,,
Evgeny Korolev,K760,KAZ,"6' 1""",1.85m,Right-Handed,Two-Handed,1988-02-14,"Moscow, Russia",2005-01-01,2017-01-01,113,"$1,510,466"
Andrey Golubev,G806,KAZ,"6' 0""",1.83m,Right-Handed,One-Handed,1987-07-22,"Volzhsky, Russia",2005-01-01,2024-01-01,21,"$3,314,031"
Aleksandr Nedovyesov,N503,KAZ,"6' 2""",1.88m,Right-Handed,Two-Handed,1987-02-15,"Alushta, Russia",2005-01-01,,38,"$1,561,151"
Yuri Schukin,S809,KAZ,"6' 1""",,Right-Handed,Two-Handed,1979-06-26,"Kislovodsk, Russia",1999-01-01,2018-01-01,117,"$723,143"
Syrym Abdukhalikov,A706,KAZ,"6' 3""",,Right-Handed,,1987-08-07,"Almaty, Kazakhstan",,,453,"$29,495"
Stanislav Bykov,BD64,KAZ,,,,,,,,,,
Dias Doskarayev,D572,KAZ,,,,,,,,,,
Alexey Kedryuk,K407,KAZ,"6' 4""",1.93m,Right-Handed,,1980-08-08,"Almaty, Kazakhstan",1998-01-01,,123,"$153,687"
Roman Khassanov,HB24,KAZ,"6' 3""",1.91m,Right-Handed,Two-Handed,1996-09-07,"Shymkent, Kazakhstan",,,686,"$36,940"
Dmitriy Makeyev,MB67,KAZ,,,,,,,,,,
Vitaley Pavlov,PC32,KAZ,,,,,,,,,,
Yegor Shaldunov,SI24,KAZ,,,,,,,,,,
Anton Tsymbalov,T803,KAZ,,,,,,,,,,
Paul Wekesa,W122,KEN,"6' 1""",1.87m,Right-Handed,One-Handed,1967-07-02,"Nairobi, Kenya",1987-01-01,1996-01-01,66,"$448,114"
Kevin Cheruiyot,C0A4,KEN,,,,,,,,,,
Sheil Kotecha,K0CF,KEN,,,,,,,,,,
Ismael Changawa Ruwa Mzai,M0L1,KEN,,,,,,,,,,
Norbert Odour,O090,KEN,,,,,,,,,,
Eno Polo,P216,KEN,,,,,,,,,,
M. Rana,R0GG,KEN,,,,,,,,,,
Selim Rana,R102,KEN,,,,,,,,,,
Yashvin Shretta,S212,KEN,,,,,,,,,,
R.J.E. Mayers,MQ82,KEN,,,,,,,,,,
Mohammad Ghareeb,G531,KUW,,,Right-Handed,One-Handed,1980-07-22,"Kuwait City, Kuwait",2000-01-01,,264,"$161,075"
Musaad Al Jazzaf,A503,KUW,,,,,,,,,,
Hassan Al Mousa,A752,KUW,,,,,,,,,,
Hamed Al Solaiteen,A531,KUW,,,,,,,,,,
Husain Al-Ashwak,A492,KUW,,,,,,,,,,
Abdulrahman Alawadhi,A948,KUW,,,,,,,,,,
Abdulhameed Alshatti,AB23,KUW,,,,,,,,,,
Adel Al-Shatti,A496,KUW,,,,,,,,,,
Ali Ghareeb,A570,KUW,,,,,,,,,,
Ali Ghareeb,G537,KUW,,,,,,,,,,
Ali Ismaeel,I205,KUW,,,,,,,,,,
Abdullah Maqdes,MB94,KUW,,,Right-Handed,,1987-03-31,"Kuwait City, Kuwait",,,581,"$44,208"
Ahmad Rabeea Muhammad,R656,KUW,,,,,,,,,,
Naser Obaidly,O464,KUW,,,,,,,,,,
Dawood Sayed Hashim,SP93,KUW,,,,,,,,,,
Muhammad Khaliq Siddiq,SB64,KUW,,,,,,,,,,
Ernests Gulbis,G858,LAT,"6' 3""",1.91m,Right-Handed,Two-Handed,1988-08-30,"Riga, Latvia",2004-01-01,,130,"$7,668,948"
Karlis Lejnieks,L698,LAT,,,,,1988-03-16,Latvia,,,,
Girts Dzelde,D051,LAT,"5' 8""",1.73m,Right-Handed,,1963-07-16,"Riga, Latvia",,,108,"$240,274"
Rihards Emulins,E680,LAT,,,,,,,,,,
Andres Filimonov,F172,LAT,,,,,,,,,,
Andis Juska,J259,LAT,,,Right-Handed,Two-Handed,1985-05-22,"Jūrmala, Latvia",,,136,"$177,277"
Reinis Kupfers,K0J2,LAT,,,,,,,,,,
Ivor Lagzins,L464,LAT,,,,,,,,,,
Arturs Lazdins,LD60,LAT,,,Right-Handed,Two-Handed,1997-04-09,"Dobele, Latvia",,,923,"$11,760"
Mikelis Libietis,LB50,LAT,"6' 2""",1.88m,Right-Handed,,1992-07-09,"Sigulda, Latvia",,,141,"$74,844"
Edgars Manusis,MG70,LAT,,,,,,,,,,
Rudolfs Mednis,MU88,LAT,,,,,,,,,,
Deniss Pavlovs,P693,LAT,"6' 1""",1.85m,Right-Handed,Two-Handed,1983-04-15,"Riga, Latvia",,,155,"$96,567"
Janis Podzus,PG10,LAT,,,Left-Handed,,1994-06-29,"Bauska, Latvia",,,561,$21.229
Martins Podzus,PG04,LAT,"6' 2""",1.88m,Right-Handed,,1994-06-29,"Bauska, Latvia",,,390,"$77,811"
Davis Rolis,R0JJ,LAT,,,,,,,,,,
Janis Skroderis,SD39,LAT,,,Right-Handed,,1983-08-14,"Jūrmala, Latvia",2002-01-01,,,"$1,965"
Raimonds Sproga,S885,LAT,,,,,,,,,,
Armand Strombach,S592,LAT,,,,,1970-04-29,,,,639,
Daniels Tens,T0HY,LAT,,,,,,,,,,
Adrians Zguns,Z211,LAT,,,,,,,,,,
Ibrahim Abou Chahine,A813,LBN,,,,,,,,,,
Najdo Abou Hassoun,H0J6,LBN,,,,,,,,,,
Karim Alayli,A494,LBN,,,,,,,,,,
Jao Ayoub,A495,LBN,,,,,,,,,,
Jad Ballout,BP48,LBN,,,,,,,,,,
Georgio Bedran,BE17,LBN,,,,,,,,,,
Bassam Beidas,BE16,LBN,"6' 1""",,Right-Handed,,1988-12-26,"London, England",,,694,"$12,741"
Antoine Breikeh,BE18,LBN,,,,,,,,,,
Patrick Chucri,C849,LBN,"6' 2""",,Right-Handed,,1981-10-28,"Beirut, Lebanon",,,594,
Serge Dakessian,D547,LBN,,,,,,,,,,
John El Khoury,E632,LBN,,,,,,,,,,
Samir El Khoury,E904,LBN,,,,,,,,,,
Mustapha El Natour,E0E8,LBN,,,,,,,,,,
Will Farah,F431,LBN,,,,,,,,,,
Ali Hamadeh,H374,LBN,"6' 1""",1.86m,Right-Handed,,1974-09-05,"Memphis, TN, United States",1996-01-01,,153,"$29,345"
Khoder Issa,I0BG,LBN,,,,,,,,,,
Jihad Khouayess,K0L7,LBN,,,,,,,,,,
Wahib Maknieh,ME01,LBN,,,,,,,,,,
Michael Massih,MP24,LBN,,,,,,,,,,
Nour Nehme,N966,LBN,,,,,,,,,,
Rami Osman,O386,LBN,,,,,,,,,,
Ahmed Ramadan,R0JU,LBN,,,,,,,,,,
Michel Saade,SZ15,LBN,,,,,,,,,,
Giovani Samaha,SS33,LBN,"6' 3""",1.91m,Left-Handed,,1994-07-14,"Beirut, Lebanon",,,568,"$19,743"
Roey Tabet,T0D7,LBN,,,,,,,,,,
Fady Youssef,Y101,LBN,,,,,,,,,,
Jicham Zaatini,Z079,LBN,,,Right-Handed,,1976-07-17,"Maracay, Venezuela",,,278,"$16,138"
Karim Fawaz,F970,LBN,,,,,,,,,,
Nadin Hajjar,HC85,LBN,,,,,,,,,,
Tadas Babelis,BP36,LTU,"6' 1""",1.85m,,,1997-02-25,"Vilnius, Lithuania",,,803,"$7,688"
Mantas Bugailiskis,BM55,LTU,,,,,,,,,,
Jevgenij Cariov,C596,LTU,,,,,,,,,,
Arturas Gotovskis,G680,LTU,,,,,,,,,,
Lukas Mugevicius,ML78,LTU,"6' 0""",1.84m,Right-Handed,Two-Handed,1994-12-07,"Vilnius, Lithuania",,,284,"$41,038"
Rolandas Murashka,M579,LTU,,,Right-Handed,,1973-03-13,"Klaipėda, Lithuania",,2005-01-01,1100,"$8,254"
Ainius Sabaliauskas,S0HZ,LTU,"6' 3""",1.91m,Left-Handed,Two-Handed,2003-07-26,"Panevėžys, Lithuania",,,1100,"$2,414"
Gvidas Sabeckis,SC33,LTU,"5' 11""",1.81m,Right-Handed,Two-Handed,1984-03-27,"Prienai, Lithuania",,,,"$25,216"
Dovydas Sakinis,SK08,LTU,"6' 2""",1.89m,Left-Handed,Two-Handed,1992-07-02,"Šiauliai, Lithuania",,,1214,"$6,176"
Aleksas Tverijonas,TC22,LTU,,,,,,,,,,
Julius Tverijonas,TC88,LTU,"6' 2""",1.88m,Right-Handed,Two-Handed,1994-06-14,"Šiauliai, Lithuania",,,904,"$15,779"
Tomas Vaise,V0AE,LTU,,,,,,,,,,
Kasparas Zemaitelis,Z399,LTU,,,,,,,,,,
Laurynas Grigelis,GA71,LTU,"6' 0""",1.83m,Right-Handed,Two-Handed,1991-08-14,"Klaipėda, Lithuania",2008-01-01,2021-01-01,132,"$341,898"
Gilles Muller,MA30,LUX,"6' 4""",1.93m,Left-Handed,Two-Handed,1983-05-09,"Luxembourg City, Luxembourg",2001-01-01,2018-01-01,74,"$5,991,874"
Frank Baden,B0RW,LUX,,,,,,,,,,
Laurent Bram,BA22,LUX,"6' 4""",1.93m,Right-Handed,One-Handed,1984-03-31,"Mersch, Luxembourg",2005-01-01,,789,"$6,435"
Thierry Brasseur,B0RX,LUX,,,,,,,,,,
Jean Brucher,B0S1,LUX,,,,,,,,,,
Fernand Claude,C0OS,LUX,,,,,,,,,,
Tom Diederich,DE21,LUX,,,,,,,,,,
Johnny Goudenbour,G030,LUX,,,,,,,,,,
Adrian Graimprey,G036,LUX,,,,,,,,,,
Philippe Grandjean,GB37,LUX,,,,,,,,,,
Laurent Hild,H583,LUX,,,,,,,,,,
Gilles Kremer,K572,LUX,,,,,,,,,,
Georges Logelin,L0JG,LUX,,,,,,,,,,
Roman Margoulis,MH86,LUX,,,,,,,,,,
Ugo Nastasi,N718,LUX,"6' 1""",1.85m,Right-Handed,Two-Handed,1993-04-16,"Thionville, France",,,697,"$17,762"
Jean Neuman,N0EN,LUX,,,,,,,,,,
Joseph Offenheim,O0DK,LUX,,,,,,,,,,
Alberto Paris,P011,LUX,,,,,1965-04-05,"Brescia, Italy",,,159,"$15,329"
Pascal Schaul,S785,LUX,,,,,,,,,,
Mike Scheidweiler,S887,LUX,"6' 2""",1.88m,Right-Handed,,1981-11-14,"Luxembourg City, Luxembourg",,,272,"$49,645"
Theo Storck,S0YF,LUX,,,,,,,,,,
Roland Theisen,T330,LUX,,,,,,,,,,
Christophe Tholl,TG10,LUX,,,,,,,,,,
Sacha Thoma,T271,LUX,,,,,,,,,,
Mike Vermeer,V746,LUX,,,,,,,,,,
Gaston Wampach,W837,LUX,,,,,,,,,,
Aleksandar Kitinov,K245,MKD,"6' 3""",1.90m,Right-Handed,,1971-01-13,"Skopje, North Macedonia",1992-01-01,,38,"$618,346"
Predrag Rusevski,R511,MKD,,,Right-Handed,Two-Handed,1983-08-03,,2000-01-01,2011-01-01,248,"$60,927"
Shendrit Deari,D836,MKD,,,Right-Handed,,1989-02-11,"Gostivar, North Macedonia",,,1,"$11,147"
Dimitar Grabul,G580,MKD,,,,,,,,,,
Tomislav Jotovski,J378,MKD,,,Left-Handed,Two-Handed,1990-10-27,"Skopje, North Macedonia",,,541,"$61,925"
Lazar Magdincev,M723,MKD,,,Right-Handed,,1980-12-15,"Skopje, North Macedonia",,,267,"$59,743"
Ilija Martinoski,MH33,MKD,,,,,,,,,,
Lucas Andriamasilalao,AG31,MAD,,,,,,,,,,
Jean-Jacques Rakotohasy,RH96,MAD,,,,,,,,,,
Antso Rakotondramanga,RC36,MAD,,,Right-Handed,Two-Handed,1988-07-14,"Paris, France",,,734,"$6,412"
Lofo Ramiaramanana,R964,MAD,,,,,,,,,,
Ando Rasolomalala,RC94,MAD,,,,,,,,,,
Jacob Rasolondrazana,RB55,MAD,,,,,,,,,,
Adam Malik,M221,MAS,"6' 4""",1.93m,Right-Handed,,1967-05-10,"Muar, Malaysia",,,436,"$63,365"
Selvam Veerasingam,V192,MAS,,,,,1969-08-11,"Port Dickson, Malaysia",,,1170,
Ariez Elyaas Deen Heshaam,DA53,MAS,,,Right-Handed,,1993-12-24,"Sarawak, Malaysia",,,1378,"$12,415"
Yew-Ming Si,SA86,MAS,,,Right-Handed,,1979-08-24,"Johor, Malaysia",,2013-01-01,606,"$28,246"
Mohammed Akbar-Baba,A0KC,MAS,,,,,,,,,,
Sultan-Aman Azman,AD63,MAS,,,,,,,,,,
Abdul-Rahman Bakar,B0RY,MAS,,,,,,,,,,
Mohammed-Faizal Bin Othman,BE64,MAS,,,,,,,,,,
Muhammad-Ashaari Bin Zainal Abidin,Z307,MAS,,,,,,,,,,
Abdul-Hazli Bin Zainuddin,BI09,MAS,,,,,,,,,,
Weng-Wah Chow,C0OP,MAS,,,,,,,,,,
Jamal Darmadi,D548,MAS,,,,,,,,,,
Hazuan Hizan,H610,MAS,,,,,,,,,,
Adam Jaya,J265,MAS,,,,,,,,,,
Mohana Karuppiah,K620,MAS,,,,,,,,,,
Hao Sheng Koay,KI34,MAS,,,,,,,,,,
Wai-Ching Lee,L0JL,MAS,,,,,,,,,,
Zainuddin Meah,M0TW,MAS,,,,,,,,,,
Mohd Assri Merzuki,ML47,MAS,,,Right-Handed,Two-Handed,1994-12-28,"Kota Kinabalu, Sabah, Malaysia",,,794,"$12,373"
Sunder Mohana,MA93,MAS,,,,,,,,,,
Mohammed-Noor Noordin,N481,MAS,,,,,,,,,,
Razlan Rawi,R904,MAS,,,,,,,,,,
Syed Mohd Agil Syed Naguib,SN90,MAS,"5' 9""",,Right-Handed,Two-Handed,1994-02-10,"Negeri Sembilan, Malaysia",2011-01-01,,1527,"$12,002"
Song-Kean Tan,TD58,MAS,,,,,,,,,,
Dannio Yahya,Y102,MAS,,,,,,,,,,
Billy Yap,Y0B6,MAS,,,,,,,,,,
Chew-Bee Ong,O549,MAS,,,,,,,,,,
Ramayah Ramachandran,R271,MAS,"5' 3""",,,,1970-09-10,"Negeri Sembilan, Malaysia",,,936,"$11,170"
West Nott,N523,MSH,,,,,1982-06-08,,,,,
Leonardo Lavalle,L009,MEX,"6' 2""",1.88m,Left-Handed,,1967-07-14,"Mexico City, Mexico",1985-01-01,1998-01-01,23,"$903,200"
Alejandro Hernandez,H346,MEX,"5' 11""",,Right-Handed,,1977-10-01,"Tijuana, Mexico",1995-01-01,,115,"$456,412"
Luis Herrera,H228,MEX,"5' 7""",1.70m,Left-Handed,,1971-08-27,"Mexico City, Mexico",1989-01-01,,117,"$542,438"
Santiago Gonzalez,G551,MEX,"6' 3""",1.91m,Right-Handed,Two-Handed,1983-02-24,"Córdoba, Mexico",2001-01-01,,7,"$4,417,941"
Oscar Ortiz,O102,MEX,"6' 0""",1.83m,Left-Handed,,1973-05-09,"Mexico City, Mexico",1991-01-01,,122,"$185,806"
Oliver Fernandez,F204,MEX,,,,,,,,,,
Agustin Moreno,M130,MEX,"5' 11""",1.80m,Right-Handed,,1967-03-31,"Guadalajara, Mexico",,,40,"$144,576"
Tigre Hank,H917,MEX,"6' 2""",1.88m,Left-Handed,,1991-09-30,"Tijuana, Mexico",,,356,"$84,049"
Bruno Echagaray,E212,MEX,"6' 0""",1.83m,Right-Handed,One-Handed,1983-05-08,"Mexico City, Mexico",2000-01-01,2010-01-01,162,"$223,013"
Miguel Gallardo-Valles,G510,MEX,,,Right-Handed,Two-Handed,1981-04-08,"Chihuahua, Mexico",,,174,"$243,949"
Daniel Garza,G714,MEX,"5' 7""",1.71m,Right-Handed,One-Handed,1985-04-08,"Monterrey, Mexico",2002-01-01,,176,"$224,821"
Ignacio Martinez,M576,MEX,"6' 1""",,,,1972-05-23,"Mexico City, Mexico",1993-01-01,,523,"$25,681"
Lucas Gomez,GC87,MEX,,,,,,,,,,
Luis Patino,PE42,MEX,,,,,,,,,,
Miguel Reyes-Varela,R736,MEX,,,,,,,,,,
Jorge Lozano,L041,MEX,"5' 11""",1.80m,Right-Handed,,1963-05-17,"San Luis Potosí, Mexico",1986-01-01,1994-01-01,4,"$739,424"
Bruno Rodriguez,R709,MEX,,,Right-Handed,Two-Handed,1986-10-28,,,,359,"$63,073"
Hector Aguilar,A0JU,MEX,,,,,1984-04-16,"Maldonado, Uruguay",,,,
Luciano Alcocer,A0KG,MEX,,,,,,,,,,
Alfredo Alvarez,A0JV,MEX,,,,,1918-12-19,"Lima, Peru",,,,
Marcello Amador,A361,MEX,"5' 9""",1.75m,Right-Handed,,1980-09-27,"Lagos de Moreno, Mexico",,,415,"$37,214"
Roberto Arellano,A0JX,MEX,,,,,,,,,,
Juan Arredondo,A0H9,MEX,,,,,1934-11-10,"San Luis Potosí, San Luis Potosí",,,,
Pedro Ast,A0HF,MEX,,,,,,,,,,
Jose Ayala,A124,MEX,,,,,,,,,,
Lucio Baltazar,B0R3,MEX,,,,,,,,,,
Ruben Baltazar,B0R2,MEX,,,,,,,,,,
Luis Baraldi,B009,MEX,,,,,1951-10-21,"Mexico City, Mexico",,,323,
Jorge Berman,B0LE,MEX,,,,,,,,,,
Claude Butlin,BQ75,MEX,,,,,,,,,,
Hector Cabello,C0O9,MEX,,,,,,,,,,
Guillermo Carter,C506,MEX,"6' 3""",1.90m,,,1977-04-07,"Guadalajara, Mexico",,,,
Fernando Ceron,C0OA,MEX,,,,,,,,,,
Federico Cervantes,C0O0,MEX,,,,,,,,,,
Roberto Chavez,C146,MEX,,,Right-Handed,,,,,,172,
Luis Cisneros,C0O8,MEX,,,,,,,,,,
Rodolfo Cisneros,C907,MEX,,,,,,,,,,
Raul Contreras,C0JL,MEX,,,Right-Handed,,1943-09-16,"Mexico City, Mexico",,,,
Luis Diaz-Barriga,D689,MEX,"6' 1""",1.85m,Right-Handed,,1986-04-09,,2003-01-01,,233,"$44,269"
Andres Donadieu,D0KG,MEX,,,,,,,,,,
Andres Donnadieu,DD09,MEX,,,,,,,,,,
Juan-Manuel Elizondo,E232,MEX,"5' 11""",1.80m,,,1983-06-08,"León, Guanajuato, Mexico",,,,"$61,837"
Juan Figueroa,F0GX,MEX,,,,,,,,,,
Luis Manuel Flores,F464,MEX,"6' 2""",1.88m,Left-Handed,,1985-02-01,"Xalapa, Mexico",2003-01-01,,629,"$36,677"
Rod Flores,F0D1,MEX,,,,,,,,,,
Manuel Gallardo,G833,MEX,,,,,,,,,,
Luis Garcia,G180,MEX,,,,,,,,,,
Luis-Augusto Garcia,GF85,MEX,,,,,,,,,,
Adolfo Gonzalez,G141,MEX,,,,,1952-01-08,,,,255,
Alfonso Gonzalez,G025,MEX,"5' 9""",1.75m,,,,,,,,
Antonio Gonzalez,G0L2,MEX,,,,,,,,,,
Hector Gonzalez,G546,MEX,,,,,,,,,,
Eugenio Gonzalez Fitzmaurice,G0J7,MEX,,,,,,,,,,
Hans Hach Verdugo,H938,MEX,"6' 0""",1.83m,Left-Handed,Two-Handed,1989-11-11,"Culiacán, Mexico",,,60,"$323,171"
Enrique Haro,H008,MEX,,,,,,,,,,
A. Hernandez,H111,MEX,,,,,,,,,,
Juan Hernandez,H016,MEX,,,,,,,,,248,
Jesus Herrera,H0IK,MEX,,,,,,,,,,
Jorge Jaik,J0DV,MEX,,,,,,,,,,
Daniel Langre,L401,MEX,,,Right-Handed,,1981-03-07,"Mexico City, Mexico",,,352,"$16,888"
Pedro Langre,L533,MEX,,,,,,,,,,
Marcelo Lara,L057,MEX,,,Right-Handed,,1947-10-05,"Mexico City, Mexico",,,63,
Jose Llamas,L034,MEX,,,,,,,,,,
Carlos Lopez,L115,MEX,,,,,,,,,,
Joaquin Loyo-Mayo,L066,MEX,,,Left-Handed,,1945-08-16,"Veracruz, Mexico",,1982-01-01,91,
Francisco Maciel,M006,MEX,"6' 1""",1.85m,Right-Handed,One-Handed,1964-01-07,"Queretaro, Mexico",1982-01-01,1992-01-01,157,"$213,185"
Jose Macouzet,M0SS,MEX,,,,,,,,,,
A. Marquez,MP04,MEX,,,,,,,,,,
Francisco Marquez,M0SR,MEX,,,,,,,,,,
Gonzalo Marquez,M0SP,MEX,,,,,,,,,,
Octavio Martinez,M165,MEX,,,,,,,,,610,
Perez Martinez,M0SQ,MEX,,,,,,,,,,
Carlos Medranos,M244,MEX,,,,,,,,,,
Alfredo Millet,M0SH,MEX,,,,,,,,,,
Emilio Montano,M153,MEX,,,Right-Handed,,1953-12-18,"Mexico City, Mexico",,,120,
Ricardo Narcio,N0EH,MEX,,,,,,,,,,
Marco Aurelio Nunez,N632,MEX,,,,,,,,,,
Alphonso Ochoa,O194,MEX,,,,,,,,,,
Fredie Oporto,O0DB,MEX,,,,,,,,,,
Javier Ordaz,O052,MEX,,,Right-Handed,,1955-04-04,,,,317,"$2,281"
Lourdes Ortega,O0DA,MEX,,,,,1962-06-04,"Cádiz, Spain",,,,
Hector Ortiz,O020,MEX,,,,,,,,,,
Rafael Osuna,O248,MEX,,,Right-Handed,One-Handed,1938-09-15,"Mexico City, Mexico",,,1,
Antonio Palafox,P145,MEX,,,,,1936-04-28,"Guadalajara, Mexico",,,,
Gabino Palafox,PI17,MEX,,,,,,,,,,
Carlos Palencia,PB01,MEX,,,Right-Handed,Two-Handed,1981-08-22,,,,269,"$44,206"
Jorge Ramirez,R0FX,MEX,,,,,,,,,,
Raul Ramirez,R065,MEX,"6' 0""",1.82m,Right-Handed,One-Handed,1953-06-20,"Ensenada, Baja California, Mexico",,1983-01-01,1,"$2,217,971"
Juan Jose Ramirez Vazquez,R0J9,MEX,,,,,,,,,,
Orlando Ramos,R0J8,MEX,,,,,,,,,,
Esteban Reyes,R523,MEX,,,,,1913-07-22,"Contepec, Michoacán",,,,
Antonio Richeran,R0J4,MEX,,,,,,,,,,
Heron Rojas,R0JB,MEX,,,,,,,,,,
Angel Roldan,R0JA,MEX,,,,,1915-01-18,"Mexico City, Mexico",,,,
Victor Romero,R373,MEX,,,Right-Handed,,1979-01-26,"Mexico City, Mexico",,,309,"$67,460"
Antonio Sanchez,S0XK,MEX,,,,,,,,,,
J. Sanchez,S0XJ,MEX,,,,,,,,,,
Mariano Sanchez,S703,MEX,,,Right-Handed,,1978-07-03,"Cuernavaca, Morelos",1996-01-01,2001-01-01,208,"$69,245"
Carlos Schlettwein,S999,MEX,,,,,,,,,,
Benito Schon,SA04,MEX,,,,,,,,,,
Rogelio Siller,SR77,MEX,,,,,,,,,,
Jorge Solano,S0XL,MEX,,,,,,,,,,
Guillermo Stevens,S085,MEX,"5' 11""",,,,1960-04-22,"Veracruz, Mexico",,,345,
Jaime Subirats,S974,MEX,,,,,1945-06-17,,,,,
Nabor Valadez,V0GP,MEX,,,,,,,,,,
Daniel Vallejo,V414,MEX,,,Right-Handed,Two-Handed,2004-04-28,"Asunción, Paraguay",,,435,"$166,209"
Reyes Varela,V0GT,MEX,,,,,,,,,,
Eduardo Velez,V096,MEX,,,,,,,,,,
Jesus Villela,V864,MEX,,,,,,,,,,
Vicente Zarazua,Z150,MEX,,,,,,,,,,
Felix Del Canto,DF02,MEX,,,,,,,,,,
Francisco Gallardo,G776,MEX,"5' 8""",1.72m,,,,,,,,
Francisco Galvan,G643,MEX,,,,,,,,,,
Mariano Lozano-Alatorre,LG23,MEX,,,,,1894-04-18,"Tacubaya, Mexico",,,,
Angel Ochoa,O535,MEX,,,,,,,,,,
Marco Osorio,O109,MEX,,,Right-Handed,,1972-04-01,"Mexico City, Mexico",,,163,"$61,889"
Anselmo Puentes,PI58,MEX,,,,,,,,,,
Luis Riefkohl,RE57,MEX,,,,,,,,,,
Federico Sendel,SV03,MEX,,,,,,,,,,
Ricardo Tapia,TE74,MEX,,,,,1909-09-27,"Mexico City, Mexico",,,,
Alfonso Unda,U172,MEX,,,,,,,,,,
Armando Vega,V929,MEX,"5' 6""",,,,1935-10-24,"Hurley, NM, U.S.",,,,
Manuel Llano,LG25,MEX,,,,,,"Texcoco, Mexico",,,,
Rodolfo May,MQ89,MEX,,,,,,,,,,
Rafael Ortega,O546,MEX,,,,,,,,,,
Rolando Vega,V928,MEX,,,,,,,,,,
Ignacio De La Borbolla,DE96,MEX,,,,,,,,,,
Francisco Guerrero-Arcocha,GG60,MEX,,,,,1919-04-26,"Madrid, Spain",,,,
Gustavo Palafox,P147,MEX,,,,,1923-11-15,"Guadalajara, Mexico",,,,
Joaquin Reyes,RE17,MEX,,,,,,,,,,
Francisco Contreras,C687,MEX,,,Right-Handed,,,Mexico City,,,,
Mario Llamas,LE42,MEX,,,,,1928-03-30,Mexico City,,,,
Roman Borvanov,BD00,MDA,"6' 0""",,Right-Handed,,1982-03-31,"Chişinău, Moldova",2004-01-01,,182,"$142,053"
Alexandr Cozbinov,CJ60,MDA,"6' 2""",1.88m,Right-Handed,Two-Handed,1995-04-28,"Chișinău, Moldova",,,237,"$101,904"
Alexandru Andronachi,A591,MDA,,,,,,,,,,
Dmitrii Baskov,BQ50,MDA,"6' 1""",,Right-Handed,Two-Handed,1994-12-19,"Chișinău, Moldova",2013-01-01,,1,"$1,652"
Maxim Bulat,BU63,MDA,,,,,,,,,,
Ilie Cazac,C0RS,MDA,,,,,,Cimișeni Criuleni,,,,
Andrei Ciumac,CA60,MDA,,,Right-Handed,,1985-09-10,"Chișinău, Moldova",,,260,"$56,024"
Sergei Cuptov,C783,MDA,,,,,,,,,,
Andrei Gorban,G642,MDA,,,,,1983-07-19,,,,553,"$48,213"
Iurie Gorban,G349,MDA,,,,,,,,,,
Egor Matvievici,MV32,MDA,,,Right-Handed,Two-Handed,1997-02-14,"Chișinău, Moldova",,,1,"$1,762"
Evghenii Plugariov,P465,MDA,,,,,,,,,,
Victor Ribas,R505,MDA,,,,,,,,,,
Andrei Soltoianu,SN15,MDA,,,,,,,,,,
Jean-Rene Lisnard,L386,MON,"5' 8""",1.73m,Right-Handed,One-Handed,1979-09-25,"Cannes, France",1997-01-01,2013-01-01,171,"$1,142,109"
Benjamin Balleret,B946,MON,"6' 1""",1.85m,Right-Handed,Two-Handed,1983-01-15,"Monte Carlo, Monaco",2001-01-01,,135,"$275,090"
Lucas Catarina,CN78,MON,"6' 1""",,Right-Handed,Two-Handed,1996-08-26,"Monte Carlo, Monaco",,,526,"$204,314"
Romain Arneodo,AA81,MON,,,Right-Handed,,1992-08-04,"Cannes, France",,,43,"$942,775"
Bernard Balleret,B004,MON,"5' 10""",1.78m,Right-Handed,,1954-05-11,"Paris, France",,,614,
Christophe Boggetti,B580,MON,,,,,,,,,,
Luis Borfiga,B060,MON,,,,,,,,,,
Roland Borghini,BN91,MON,,,,,,,,,,
Guillaume Couillard,C510,MON,,,,,,,,,,
Thomas Drouet,D468,MON,,,,,,,,,,
Rene Gallepe,GG79,MON,,,,,,,,,,
Gilles Ganancia,G102,MON,,,,,,,,,,
Sebastien Graeff,G340,MON,,,,,,,,,,
Emmanuel Heussner,H338,MON,,,,,,,,,,
Patrick Landau,LE29,MON,,,,,1945-09-05,Monaco,,,,
Vladimir Landau,LE93,MON,,,Right-Handed,,1902-03-29,"Saint Petersburg, Russian Empire",,,,
Alain Manigley,M0TQ,MON,,,,,,,,,,
Gaston Medecin,MR01,MON,,,,,1901-01-08,,,,,
Clement Morel,MB29,MON,,,Right-Handed,,1984-07-16,"Oullins, Lyon, France",,2009-01-01,509,"$43,924"
Aleco Noghes,N812,MON,,,,,1916-06-15,Monaco,,,,
Hugo Nys,N670,MON,"6' 1""",,Right-Handed,One-Handed,1991-02-16,"Évian-les-Bains, France",2010-01-01,,12,"$2,181,525"
Thomas Oger,O195,MON,,,,,1980-03-22,,,2013-01-01,138,"$116,051"
Georges Pasquier,PI36,MON,,,,,1878-03-11,,,,,
Rene Ruzic,R0GM,MON,,,,,,,,,,
Francis Truchi,T0CP,MON,,,,,,,,,,
Emmanuel Van Der Pol,V0H6,MON,,,,,,,,,,
Andre Vatrican,V0EK,MON,,,,,,,,,,
Jacques Vincileoni,V063,MON,,,,,,,,,,
Adrien Viviani,V0EJ,MON,,,,,,,,,,
Nemanja Kontic,K628,MNE,,,,,,,,,,
Aleksa Krivokapic,K0JI,MNE,,,,,,,,,,
Younes El Aynaoui,E121,MAR,"6' 4""",1.93m,Right-Handed,Two-Handed,1971-09-12,"Rabat, Morocco",1990-01-01,2017-01-01,85,"$4,044,667"
Hicham Arazi,A226,MAR,"5' 9""",1.75m,Left-Handed,One-Handed,1973-10-19,"Casablanca, Morocco",1993-01-01,2007-01-01,144,"$3,602,644"
Karim Alami,A203,MAR,"6' 1""",1.85m,Right-Handed,One-Handed,1973-05-24,"Casablanca, Morocco",1990-01-01,2002-01-01,130,"$2,087,596"
Reda El Amrani,E655,MAR,"6' 1""",1.85m,Right-Handed,One-Handed,1988-05-19,"Casablanca, Morocco",2006-01-01,2017-01-01,437,"$166,299"
Mounir El Aarej,E159,MAR,,,,,1977-06-16,,,,278,"$127,514"
Lamine Ouahab,O207,MAR,"6' 1""",1.85m,Right-Handed,Two-Handed,1984-12-22,"Algiers, Algeria",2002-01-01,,122,"$483,336"
Mehdi Ziadi,Z163,MAR,,,Right-Handed,Two-Handed,1986-09-20,"Rabat, Morocco",,,408,"$88,867"
Mehdi Tahiri,T200,MAR,"6' 0""",1.83m,Right-Handed,,1977-07-28,"Rabat, Morocco",1996-01-01,,401,"$88,160"
Rabie Chaki,C663,MAR,,,,,1982-04-14,"Tangier, Morocco",,,327,"$83,679"
Amine Ahouda,AF32,MAR,"6' 1""",1.85m,Right-Handed,Two-Handed,1997-09-11,"Casablanca, Morocco",,,882,"$42,388"
Hicham Khaddari,KB07,MAR,,,Right-Handed,,1991-08-19,"Casablanca, Morocco",,,873,"$30,318"
Talal Ouahabi,W238,MAR,,,Right-Handed,,1978-08-01,,,,416,"$49,817"
Adam Moundir,MP94,MAR,"6' 3""",1.91m,Right-Handed,Two-Handed,1995-04-26,"Saint-Louis, France",,,529,"$37,048"
Younes Rachidi,R847,MAR,,,Right-Handed,,1986-09-13,,,,473,"$53,102"
Chemseddine Belal,B670,MAR,,,,,,,,,,
Ahmed Ben Omar,B0FM,MAR,,,,,,,,,,
Aissa Benchakroun,B0IG,MAR,,,,,,,,,,
Mohammed-Haibabi Bouchaib,BN51,MAR,,,,,,,,,,
Ayoub Chakrouni,CG73,MAR,,,,,,,,,,
Lahcen Chaldi,CI22,MAR,,,,,,,,,,
Mohammed-Chinois El Achraoui,E0DK,MAR,,,,,,,,,,
Soufiane El Mesbahi,E0AI,MAR,,,,,,,,,,
Anas Fattar,F569,MAR,,,,,1987-05-12,"Casablanca, Morocco",,,455,"$53,619"
Yassine Idmbarek,I201,MAR,,,,,1986-12-07,,,,641,"$64,427"
Mehdi Jdi,J399,MAR,,,,,1988-12-13,,,,1229,"$18,623"
Yassir Kilani,K0BR,MAR,,,,,,,,,,
Omar Laimina,L002,MAR,,,,,,"Casablanca, Morocco",,,166,
Khalid Outaleb,O088,MAR,"6' 0""",,,,1963-04-27,"Casablanca, Morocco",,,380,"$14,581"
Larbi Rharnit,R357,MAR,,,,,,,,,,
Abdullah Zamjaoui,Z0CP,MAR,,,,,,,,,,
Codie Schalk Van Schalkwyk,V0IL,NAM,,,,,,,,,,
Connor Henry Van Schalkwyk,V0F7,NAM,,,,,,,,,,
Richard Krajicek,K214,NED,"6' 5""",1.96m,Right-Handed,One-Handed,1971-12-06,"Rotterdam, Netherlands",1989-01-01,2003-01-01,45,"$10,077,425"
Jan Siemerink,S381,NED,"6' 0""",1.83m,Left-Handed,One-Handed,1970-04-14,"Rijnsburg, Netherlands",1989-01-01,2002-01-01,16,"$4,347,693"
Robin Haase,H756,NED,"6' 3""",1.91m,Right-Handed,Two-Handed,1987-04-06,"The Hague, Netherlands",2005-01-01,,29,"$8,538,125"
Sjeng Schalken,S572,NED,"6' 4""",1.93m,Right-Handed,One-Handed,1976-09-08,"Weert, Netherlands",1994-01-01,2007-01-01,21,"$5,192,798"
Jacco Eltingh,E106,NED,"6' 2""",1.88m,Right-Handed,One-Handed,1970-08-29,"Heerde, Netherlands",1988-01-01,,1,"$4,920,410"
Paul Haarhuis,H223,NED,"6' 1""",1.87m,Right-Handed,Two-Handed,1966-02-19,"Eindhoven, Netherlands",1989-01-01,2003-01-01,1,"$7,751,962"
Martin Verkerk,V232,NED,"6' 5""",1.95m,Right-Handed,One-Handed,1978-10-31,"Leiderdorp, Netherlands",1996-01-01,2008-01-01,63,"$1,564,520"
Raemon Sluiter,S693,NED,"6' 1""",1.85m,Right-Handed,,1978-04-13,"Rotterdam, Netherlands",1996-01-01,2010-01-01,97,"$1,726,539"
Thiemo de Bakker,D776,NED,"6' 4""",1.93m,Right-Handed,Two-Handed,1988-09-19,"The Hague, Netherlands",2006-01-01,,115,"$1,841,293"
Igor Sijsling,SF36,NED,"6' 3""",1.90m,Right-Handed,One-Handed,1987-08-18,"Amsterdam, Netherlands",2006-01-01,,37,"$2,215,589"
Peter Wessels,W254,NED,"6' 5""",1.95m,Right-Handed,One-Handed,1978-05-07,"Zwolle, Netherlands",1996-01-01,2009-01-01,111,"$928,863"
John van Lottum,V201,NED,"6' 1""",1.85m,Right-Handed,,1976-04-10,"Antananarivo, Madagascar",1994-01-01,2007-01-01,233,"$1,188,163"
Dennis van Scheppingen,S559,NED,"6' 1""",1.85m,Right-Handed,Two-Handed,1975-07-05,"Mijdrecht, Netherlands",1993-01-01,2008-01-01,154,"$871,886"
Tim van Rijthoven,V942,NED,"6' 2""",1.88m,Right-Handed,One-Handed,1997-04-24,"Roosendaal, Netherlands",2015-01-01,,225,"$838,736"
Michiel Schapers,S021,NED,"6' 6""",1.98m,Right-Handed,One-Handed,1959-10-11,"Rotterdam, Netherlands",1982-01-01,1993-01-01,37,"$1,119,593"
Mark Koevermans,K016,NED,"6' 1""",1.85m,Right-Handed,,1968-02-03,"Rotterdam, Netherlands",1987-01-01,1994-01-01,24,"$842,859"
Fernon Wibier,W171,NED,"6' 2""",1.88m,Right-Handed,,1971-02-25,"Dedemsvaart, Netherlands",,,42,"$563,876"
Jesse Huta Galung,H704,NED,"6' 2""",1.88m,Right-Handed,One-Handed,1985-10-06,"Haarlem, The Netherlands",2004-01-01,,63,"$946,839"
Tom Nijssen,N018,NED,"5' 9""",1.75m,Right-Handed,,1964-10-01,"Maastricht, Netherlands",1984-01-01,1995-01-01,10,"$1,474,432"
Edwin Kempes,K317,NED,"6' 2""",1.88m,Right-Handed,,1976-06-23,"Amsterdam, Netherlands",1995-01-01,2005-01-01,80,"$322,221"
Hendrik Jan Davids,D170,NED,"6' 0""",1.83m,Left-Handed,,1969-01-30,"De Bilt, Netherlands",1988-01-01,1997-01-01,26,"$923,459"
Joost Winnink,W161,NED,"5' 11""",1.80m,Right-Handed,,1971-06-30,"Peize, Netherlands",,,101,"$242,379"
Tom Kempers,K193,NED,"6' 1""",1.85m,Right-Handed,,1969-06-01,"Bussum, Netherlands",,,42,"$494,330"
Rogier Wassen,W224,NED,"6' 3""",1.90m,Right-Handed,Two-Handed,1976-08-09,"Roermond, Netherlands",1994-01-01,2014-01-01,24,"$1,040,061"
Melle Van Gemerden,V267,NED,"6' 0""",1.83m,Right-Handed,,1979-05-09,"Amsterdam, Netherlands",,2014-01-01,178,"$214,727"
Sander Groen,G235,NED,"6' 3""",1.90m,Left-Handed,,1968-06-16,"Amsterdam, Netherlands",1989-01-01,,61,"$503,164"
Menno Oosting,O015,NED,"5' 11""",1.80m,Left-Handed,,1964-05-17,"Son en Breugel, Netherlands",1983-01-01,,20,"$1,041,725"
Thomas Schoorel,SJ63,NED,"6' 8""",2.03m,Left-Handed,One-Handed,1989-04-08,"Amsterdam, Netherlands",2007-01-01,2015-01-01,299,"$267,992"
Ralph Kok,K162,NED,,,Right-Handed,,1967-10-18,,,,306,"$36,729"
Stephen Noteboom,N243,NED,"6' 1""",,Right-Handed,,1969-07-31,"Geldrop, Netherlands",,,52,"$301,344"
Fred Hemmes,H210,NED,,,,,,,,,,
Marcus Hilpert,H331,NED,,,Right-Handed,,1971-07-01,"Delhi, India",,,141,"$80,965"
Jasper Smit,SC03,NED,,,Right-Handed,,1980-11-17,,,,121,"$94,414"
Michel Koning,K667,NED,"6' 3""",1.91m,Right-Handed,,1984-05-01,"Purmerend, Netherlands",2004-01-01,,320,"$87,210"
Steven Korteling,K740,NED,,,,,1984-01-16,,,,456,"$28,831"
Paul Logtens,L546,NED,"5' 9""",1.75m,Right-Handed,,1979-11-07,"Boxmeer, Netherlands",,,254,"$58,333"
Antal Van Der Duim,V494,NED,"6' 2""",1.87m,Right-Handed,Two-Handed,1987-09-16,"Vinkega, Netherlands",2004-01-01,,149,"$203,528"
Matwe Middelkoop,MB88,NED,"6' 3""",1.91m,Right-Handed,Two-Handed,1983-09-03,"Leerdam, The Netherlands",2002-01-01,,18,"$2,205,434"
Nick Van Der Meer,V457,NED,,,Right-Handed,,1985-01-18,Netherlands,,,444,"$78,214"
Boy Westerhof,W483,NED,"6' 1""",1.85m,Right-Handed,,1985-10-24,"Assen, Netherlands",2005-01-01,,132,"$258,186"
Marc Albert,A012,NED,,,,,1960-06-14,,,,314,
Just Barth,BC41,NED,,,,,,,,,,
F.J. Beernink,BO84,NED,,,,,,,,,,
Otto Blom,BS18,NED,,,Right-Handed,,1887-03-19,"Amsterdam, Netherlands",,,,
M. Boerma,B0KE,NED,,,,,,,,,,
A.M. Borren,BO81,NED,,,,,,,,,,
A. Broese Van Groenon,BS58,NED,,,,,,,,,,
Cornelis Bryan,BQ47,NED,,,,,,,,,,
Pieter Burki,B0HH,NED,,,,,,,,,,
Jan Coebergh,C954,NED,,,,,,,,,,
Lex Constandse,C0JG,NED,,,,,,,,,,
R. De Brauw,DE44,NED,,,,,,,,,,
Frans de Kort,DC43,NED,,,,,,,,,,
Alfred Dehnert,DD27,NED,,,,,1928-05-12,"Rotterdam, Netherlands",,,,
Bob Dekkers,D0GO,NED,,,,,,,,,,
Arthur Diemer-Kool,DF25,NED,,,,,1896-01-30,"Paramaribo, Suriname",,,,
Tietje Dijkstra,D0GZ,NED,,,,,,,,,,
Hans Docher,D0GH,NED,,,,,,,,,,
Fred Dogger,D0H2,NED,,,,,,,,,,
Paul Dogger,D188,NED,,,,,1971-07-04,"Amsterdam, Netherlands",,,493,"$28,240"
Fritz Don,D035,NED,,,,,,,,,,
Peter Ehrlich,E0BX,NED,,,,,1933-03-25,"(1933-03-25)25 March 1933Leipzig, Germany",,,,
Christian Feenstra,F010,NED,,,,,,,,,,
Nick Fleury,F447,NED,,,Right-Handed,,1945-05-10,,,1978-01-01,,
Wouter Fok,F175,NED,,,Left-Handed,,1954-09-30,,,,314,
Stanley Franker,F0ER,NED,,,,,,"Paramaribo, Suriname",,,,
Jan Willem Frederikse,F0EI,NED,,,,,,,,,,
Peter Gerads,G202,NED,,,,,,,,,,
Theo Gorter,G059,NED,,,Left-Handed,,1956-07-12,,,,520,
Scott Griekspoor,GC54,NED,"6' 2""",1.88m,Right-Handed,Two-Handed,1991-01-10,"Haarlem, Netherlands",,,419,"$78,745"
Rob Gurowitsch,G0HH,NED,,,,,,,,,,
Jan Hajer,H746,NED,,,,,,The Hague,,,,
Hans Hartoch,H0FC,NED,,,,,,,,,,
Fred Hemmes Sr.,H601,NED,,,,,1950-06-14,"The Hague, Netherlands",,,264,
Jan Hordijk,H166,NED,,,Right-Handed,,1950-02-05,"Rotterdam, Netherlands",,,152,
Tod Hughan,TE28,NED,,,,,,,,,,
Siebe Huizinga,H0FD,NED,,,,,,,,,,
Willem Karsten,KG57,NED,,,,,,,,,,
Eddie Knol,K799,NED,,,,,,,,,,
Josef Knottenbelt,KG62,NED,,,,,,"Lhokseumawe, Sumatra",,,,
Martin Koek,K089,NED,,,Right-Handed,,1952-10-31,,,,555,
Ody Koopman,KG65,NED,,,,,,,,,,
Ludwig Krijt,KF82,NED,,,,,,,,,,
L. Kryt,KG00,NED,,,,,,,,,,
Rob Kuypers,K0GR,NED,,,,,,,,,,
Dirk Lameris,L0FE,NED,,,,,,,,,,
Albert Lansdorp,L0F7,NED,,,,,,,,,,
Marian Laudin,L086,NED,,,,,,,,,,
Gerard Leembruggen,LF79,NED,,,,,1897-02-26,"Amsterdam, Netherlands",,,,
John Linck,LE94,NED,,,,,,,,,,
Robbie Lissauer,L0FA,NED,,,,,,,,,,
Jan-Willem Lodder,L343,NED,"6' 4""",,Right-Handed,,1966-11-03,"Soest, Netherlands",,,249,"$17,111"
Frank Lucassen,L0FD,NED,,,,,,,,,,
Frits Luyk,L0F9,NED,,,,,,,,,,
Willem Maris,MQ12,NED,,,Right-Handed,,1939-09-14,"Utrecht, Netherlands",,,,
Jan Mulder,M0LE,NED,,,,,,,,,,
Henk Nijeboer,N0CZ,NED,,,,,,,,,,
Tom Okker,O032,NED,"5' 10""",1.77m,Right-Handed,One-Handed,1944-02-22,"Amsterdam, Netherlands",,1981-01-01,1,"$1,257,200"
J. Oosthuysen,O0C0,NED,,,,,,,,,,
Ivo Rinkel,RE55,NED,,,Left-Handed,,1920-10-27,"Semarang, Batavia",,,,
Jean-Julien Rojer,R513,NED,"6' 1""",1.85m,Right-Handed,Two-Handed,1981-08-25,"Willemstad, Netherlands Antilles (present-day Curaçao)",2003-01-01,,3,"$7,364,425"
Louk Sanders,S136,NED,,,Right-Handed,,1950-05-09,"Oegstgeest, Netherlands",1976-01-01,,98,
Peter Schlotz,SF02,NED,,,,,,,,,,
Fried Schmitz,S0PL,NED,,,,,,,,,,
Evert Schneider,SF03,NED,,,Right-Handed,,1942-02-04,,,,,
Peter Sigwart,S0QI,NED,,,,,,,,,,
Pieter Soeters,SF04,NED,,,Right-Handed,,1947-05-26,"Pontianak, Indonesia",,,,
Dick Stradmeijer,D0GG,NED,,,,,,,,,,
Diederik Teschmacher,TE42,NED,,,,,,,,,,
Rolf Thung,T051,NED,"6' 3""",1.90m,Left-Handed,,1951-07-27,"Naarden, Netherlands",,,529,
Hendrik Timmer,TE01,NED,,,,,1904-02-08,"Utrecht, Netherlands",,,6,
Peter Vaarties,V0EC,NED,,,,,,,,,,
Huub Van Boeckel,V011,NED,"6' 3""",1.91m,Right-Handed,,1960-01-25,"The Hague, Netherlands",,,96,"$121,719"
Johannes (Hans) Van Dalsum,V901,NED,,,,,,,,,,
Rick Van De Bovenkamp,V659,NED,,,,,,,,,,
Hans Van De Weg,V898,NED,,,,,,,,,,
Marinus van der Feen,V961,NED,,,,,1888-02-01,"Smallingerland, Netherlands",,,,
Jan Van der Heide,V954,NED,,,,,,,,,,
Piet van Eysden,V480,NED,,,,,,,,,,
Ron Van Gelder,V0E8,NED,,,,,,,,,,
Christiaan van Lennep,V960,NED,,,Right-Handed,,1887-01-03,"Hilversum, Netherlands",,,,
Robert Van Meegeren,V903,NED,,,,,,,,,,
Paul Van Min,V079,NED,,,Right-Handed,,1951-09-17,,,,263,
Hans Van Scheltema,V876,NED,,,,,,,,,,
Bert Van Slooten,V0E9,NED,,,,,,,,,,
AC Hans Van Swol,V912,NED,,,,,,,,,,
Piet Veentjer,V481,NED,,,,,,,,,,
Johan Vekemans,V020,NED,"6' 1""",,Right-Handed,,1964-12-06,"Goirle, Netherlands",,,75,"$35,500"
Klaas Visscher,V476,NED,,,,,,,,,,
Thomas Vreede,VA01,NED,,,,,,,,,,
Nico Welschen,W0CF,NED,,,,,,,,,,
M. Wetselaar,W910,NED,,,,,,,,,,
Huub Weyerman,W0CE,NED,,,,,,,,,,
Eric Wilborts,W024,NED,,,Left-Handed,,1964-06-20,"Tilburg, Netherlands",,,291,"$17,469"
Hubert Wilton,W819,NED,,,,,,,,,,
Brett Steven,S321,NZL,"6' 1""",1.85m,Right-Handed,One-Handed,1969-04-27,"Auckland, New Zealand",1988-01-01,1999-01-01,16,"$2,439,714"
Kelly Evernden,E025,NZL,"5' 9""",1.75m,Right-Handed,,1961-09-21,"Gisborne, New Zealand",1985-01-01,1995-01-01,19,"$896,750"
Wesley Whitehouse,W272,NZL,"6' 3""",,Left-Handed,Two-Handed,1979-03-13,"Empangeni, South Africa",1998-01-01,2015-01-01,137,"$195,247"
Michael Venus,V576,NZL,"6' 3""",1.91m,Right-Handed,Two-Handed,1987-10-16,"Auckland, New Zealand",2009-01-01,,6,"$4,961,350"
Rubin Statham,SF89,NZL,"5' 11""",1.80m,Right-Handed,,1987-04-25,"Westminster, United Kingdom",2002-01-01,,139,"$421,623"
Alistair Hunt,H297,NZL,,,,,1972-11-11,"Christchurch, New Zealand",,,213,"$76,749"
Daniel King-Turner,K688,NZL,,,Right-Handed,,1984-05-15,,2003-01-01,2013-01-01,217,"$175,333"
James Greenhalgh,G287,NZL,"6' 0""",,Right-Handed,,1975-02-19,"Hertfordshire, England, United Kingdom",,,89,"$104,001"
Steven Downs,D279,NZL,"6' 0""",1.83m,Right-Handed,,1975-09-08,"Auckland, New Zealand",1994-01-01,1997-01-01,201,"$50,607"
Mark Nielsen,N267,NZL,"6' 1""",1.85m,Right-Handed,,1977-10-08,"Auckland, New Zealand",1997-01-01,,171,"$166,271"
Artem Sitak,SD23,NZL,"6' 1""",1.85m,Right-Handed,Two-Handed,1986-02-08,"Orenburg, Russia",2001-01-01,,32,"$1,194,577"
Steve Guy,G055,NZL,"6' 2""",,Right-Handed,,1959-03-15,"Wellington, New Zealand",,,97,"$162,353"
Finn Tearney,TA04,NZL,"6' 0""",1.83m,Right-Handed,,1990-09-27,"Auckland, New Zealand",,,402,"$71,496"
Glenn Wilson,W186,NZL,,,,,1967-08-17,,,,160,"$27,226"
G.D. Jones,J284,NZL,"6' 0""",1.83m,Right-Handed,Two-Handed,1986-04-01,"Auckland, New Zealand",,,206,"$34,371"
Simon Rea,R615,NZL,,,Left-Handed,,1982-07-18,,,,657,"$25,566"
Daniel Willman,W365,NZL,,,,,1975-03-18,,,,569,"$29,109"
Bruce Derlin,D022,NZL,"5' 11""",,Left-Handed,,1961-11-28,"Sydney, Australia",,,83,"$208,630"
P.E. Allison,AE85,NZL,,,,,,,,,,
Eskell Andrews,AE07,NZL,,,,,,"Shannon, New Zealand",,1949-01-01,,
Charles Angus,AE50,NZL,,,,,,,,,,
John Barry,BO47,NZL,,,,,1928-12-10,New Zealand,,,,
Edgar Bartlett,BP56,NZL,,,,,,,,,,
Ian Baudinet,B0J7,NZL,,,,,,,,,,
Peter Becroft,B961,NZL,,,,,,,,,,
Ian Beverly,BC58,NZL,,,,,,,,,,
Owen Bold,BP10,NZL,,,,,,,,,,
Nick Boyne,B960,NZL,,,,,,,,,,
Howard Broun,B962,NZL,,,,,,,,,,
Allan Burns,BC59,NZL,,,,,,,,,,
C. Campbell,CK41,NZL,,,,,,,,,,
Rob Cheyne,C571,NZL,,,,,1976-10-20,,,,617,
Austen Childs,CB41,NZL,"5' 11""",,Right-Handed,,1989-02-23,"Mount Maunganui, New Zealand",,,1504,
Scott Clark,C124,NZL,,,,,1977-05-05,,,,,
Robert Clarke,C178,NZL,,,,,,,,,,
Dennis Coombe,CI90,NZL,,,,,,,,,,
John Cope,CJ41,NZL,,,,,,,,,,
C. Cox,CL43,NZL,,,,,,,,,,
Ian Crookenden,C184,NZL,,,Left-Handed,,1943-12-10,"Lower Hutt, Wellington",,,,
Marcus Daniell,D763,NZL,"6' 3""",1.90m,Right-Handed,Two-Handed,1989-11-09,"Masterton, New Zealand",2008-01-01,,34,"$1,141,554"
Ron Dutton,D061,NZL,,,,,,,,,,
Malcolm Elley,E062,NZL,,,,,,,,,,
Graeme Elliott,E0BZ,NZL,,,,,,,,,,
Claude England,E054,NZL,,,,,,,,,,
Brian Fairlie,F066,NZL,"5' 8""",1.73m,Right-Handed,One-Handed,1948-06-13,"Christchurch, New Zealand",,1979-01-01,27,
James Ferguson,F446,NZL,,,,,,,,,,
Frank Fisher,FA94,NZL,,,Left-Handed,,1877-12-22,"Wellington, New Zealand",,,,
Peter Fletcher,F553,NZL,,,,,,,,,,
W. Fotheringham,FB01,NZL,,,,,,,,,,
Lew Gerrard,G159,NZL,,,Right-Handed,,1938-04-05,"Auckland, New Zealand",,,,
James Giesen,GH49,NZL,,,,,,,,,,
William Goss,GI31,NZL,,,,,,,,,,
Chris Gunning,G094,NZL,,,,,1944-08-05,"Cheltenham, Gloucestershire, England",,,,
Phillip Gunning,G163,NZL,,,,,,,,,,
Gary Hale,H0FS,NZL,,,,,,,,,,
Peter Hampton,H139,NZL,"5' 7""",1.70m,,,,,,,,
Steven Harley,H147,NZL,,,,,,,,,,
R. Harman,HF50,NZL,,,,,,,,,,
G Harris,HC08,NZL,,,,,,,,,,
Rod Harris,HC10,NZL,,,,,,,,,,
Richard Hawkes,H174,NZL,,,,,1940-11-29,,,,,
Brad Hibbert,H112,NZL,,,,,,,,,,
Brett Hibbert,H143,NZL,,,,,,,,,,
Howard Ho,HE19,NZL,,,,,,,,,,
Alan Hunter,HD32,NZL,,,,,,,,,,
Chris Lewis,L024,NZL,"5' 11""",1.80m,Right-Handed,One-Handed,1957-03-09,"Auckland, New Zealand",1975-01-01,1986-01-01,46,"$647,550"
David Lewis,L026,NZL,"5' 11""",,Right-Handed,,1964-09-03,"Lower Hutt, New Zealand",1983-01-01,,133,"$86,158"
Mark Lewis,L027,NZL,,,,,1961-05-27,,,,92,
Andrew Lobb,L197,NZL,,,,,,,,,,
Kevin Long,LE17,NZL,,,,,,,,,,
Mark Long,L038,NZL,"6' 3""",1.91m,,,1971-06-02,"Philadelphia, Pennsylvania",,,,
James Lowry,LG13,NZL,,,,,,,,,,
Cam Malfroy,MR53,NZL,,,,,1909-01-21,"Hokitika, New Zealand",,,,
John McDonald,M269,NZL,,,,,,,,,,
Ross McGhie,MD90,NZL,,,,,,,,,,
W.J. Melody,MS82,NZL,,,,,,,,,,
S Menzies,MP29,NZL,,,,,,,,,,
John Mills,MI51,NZL,,,,,,,,,,
David Mitchell,MP06,NZL,,,,,,,,,,
Jim Mitchell,M0MP,NZL,,,,,,,,,,
Michael Mooney,MP28,NZL,,,,,,,,,,
T Mooney,MP27,NZL,,,,,,,,,,
David Mustard,M097,NZL,,,Left-Handed,,1959-12-29,"Lower Hutt, New Zealand",,,91,"$74,934"
D Neilson,N772,NZL,,,,,,,,,,
Peter Nicholls,N799,NZL,,,,,,,,,,
J. Nicholson,N863,NZL,,,,,,,,,,
Kevin O'Carroll,O0C3,NZL,,,,,,,,,,
Graham Oliver,O227,NZL,,,,,1952-07-06,"Mexborough, South Yorkshire, England",,,,
Mark Otway,O538,NZL,,,,,1931-10-09,"Takapuna, New Zealand",,,,
A.E. Park,PJ73,NZL,,,,,,,,,,
J.F. Park,PJ65,NZL,,,,,,,,,,
Corbett Parker,PI34,NZL,,,,,,,,,,
Harry Parker,PJ82,NZL,,,,,,"Christchurch, New Zealand",,1915-01-01,,
Onny Parun,P070,NZL,"6' 2""",,Right-Handed,One-Handed,1947-04-15,"Wellington, New Zealand",,1982-01-01,18,
Tony Parun,P071,NZL,,,Right-Handed,,1949-08-24,,,,235,
John Peacock,PJ52,NZL,,,,,,,,,,
Matt Prentice,P690,NZL,,,Right-Handed,,1980-09-23,,,,623,
Rhett Purcell,PL36,NZL,"6' 4""",1.93m,Right-Handed,Two-Handed,1996-02-06,"Gisborne, New Zealand",,,382,"$35,900"
T.R. Quill,Q971,NZL,,,,,,,,,,
Richard Rae,R591,NZL,,,,,,,,,,
Finn Reynolds,R0CG,NZL,,,Left-Handed,Two-Handed,2000-01-04,"Hastings, New Zealand",,,125,"$44,145"
Simon Robinson,R104,NZL,,,,,,,,,,
Jeff Robson,RE12,NZL,"5' 9""",,,,1982-08-05,"Leeton, New South Wales, Australia",,,,
John Ross,R524,NZL,"6' 1""",1.85m,Right-Handed,,1964-02-29,"San Diego, California",,,172,"$156,098"
Frank Schwanner,SF19,NZL,,,,,,,,,,
Desmond Shaw,S0QW,NZL,,,,,,,,,,
James Shortall,S764,NZL,,,,,1979-12-25,"Feilding, New Zealand",,,313,"$17,765"
Dave Simmonds,SB53,NZL,,,,,,,,,,
Jeff Simpson,S123,NZL,,,Right-Handed,,1950-10-29,"Hamilton, New Zealand",,,108,
Matt Simpson,SD83,NZL,,,Right-Handed,,1984-08-10,,,,754,"$19,880"
Russell Simpson,S052,NZL,"6' 2""",,Right-Handed,,1954-02-22,"Auckland, New Zealand",,,94,"$326,467"
Garry Slater,S509,NZL,,,,,,,,,,
Barry Smith,S0NJ,NZL,,,,,,,,,,
Paul Smith,S057,NZL,,,,,,,,,,
William Smith,ST59,NZL,,,,,,,,,,
Alan Stedman,SU71,NZL,,,Right-Handed,,1908-04-23,Palmerston North,,,,
Teo Susnjak,S672,NZL,,,Right-Handed,,1977-07-23,"Split, Croatia",,,676,"$15,429"
Stephen Temple,T179,NZL,,,,,,,,,,
W Thom,TD22,NZL,,,,,,,,,,
Adam Thompson,T389,NZL,,,Right-Handed,Two-Handed,1982-07-28,"Hastings, New Zealand",,,597,"$31,544"
Paul Thompson,T873,NZL,,,,,,,,,,
Athol Tills,TD82,NZL,,,,,,,,,,
Don Turner,T118,NZL,,,,,,,,,,
William Ward,W460,NZL,,,Left-Handed,,1986-03-04,"Auckland, New Zealand",,2009-01-01,997,"$3,326"
Arthur Whitaker,W450,NZL,,,,,,,,,,
Eric White,W0D4,NZL,,,,,,,,,,
Tony Wilding,W972,NZL,"6' 2""",1.87m,Right-Handed,One-Handed,1883-10-31,"Christchurch, New Zealand",,,1,
Keith Woolcott,W128,NZL,,,,,,,,,,
Brian Woolf,W783,NZL,,,,,,,,,,
Russell Young,Y250,NZL,,,,,1902-06-25,"Wellington, New Zealand",,,,
Nduka Odizor,O006,NGR,"6' 0""",1.82m,Right-Handed,One-Handed,1958-08-09,"Lagos, Nigeria",,,20,"$675,673"
Sule Ladipo,L249,NGR,,,Right-Handed,,,"Enugu, Nigeria",1993-01-01,,245,
Sadiq Abdullahi,A001,NGR,,,,,,Nigeria,,,,
Ganiyu Adelekan,A252,NGR,,,,,,,,,,
Kehinde Ajayi,A102,NGR,,,,,,,,,,
Yemisi Allan,A0KI,NGR,,,,,,,,,,
Lawrence Awopegba,A216,NGR,,,,,,,,,,
Abdul-Mumin Babalola,BA28,NGR,,,Left-Handed,,1984-12-15,"Okene, Nigeria",,,550,"$18,764"
Segun Balogun,B138,NGR,,,,,,,,,,
David Ekpenyong,E0EH,NGR,,,,,,,,,,
Bullus Hussaini,H040,NGR,,,,,,,,,,
Candy Idoko,I195,NGR,"5' 9""",,Right-Handed,,1985-09-27,"Kaduna, Nigeria",,,724,"$16,414"
Jonathan Igbinovia,I074,NGR,,,Right-Handed,,1980-12-27,"Lagos, Nigeria",,,506,"$22,970"
David Imonitie,I002,NGR,,,,,1954-04-10,"Lagos, Nigeria",,,450,
Tony Mmoh,M073,NGR,"5' 10""",1.78m,Right-Handed,,1958-06-14,"Enugu, Nigeria",,,105,"$112,557"
Dickson Ogu,O160,NGR,,,,,,,,,,
Stephen Olagbegi,O008,NGR,,,,,,,,,,
Thompson Onibokun,O0DM,NGR,,,,,,,,,,
Lawal Shehu,SE49,NGR,,,Right-Handed,,1985-01-15,"Kaduna, Nigeria",,,666,"$13,369"
Yenesi Allen,A217,NIG,,,,,,,,,,
Christian Ruud,R219,NOR,"6' 1""",1.85m,Right-Handed,Two-Handed,1972-08-24,"Oslo, Norway",1991-01-01,2001-01-01,264,"$1,399,813"
Jan Frode Andersen,A276,NOR,"6' 3""",,Left-Handed,Two-Handed,1972-08-29,"Asker, Norway",1997-01-01,2005-01-01,295,"$312,946"
Bent-Ove Pedersen,P208,NOR,"6' 1""",1.85m,Right-Handed,,1967-07-11,"Oslo, Norway",1992-01-01,,78,"$134,339"
Erling Tveit,T867,NOR,"6' 3""",1.91m,Left-Handed,,1984-12-28,"Oslo, Norway",2009-01-01,,713,"$26,235"
Helge Koll,K307,NOR,,,Right-Handed,,1975-05-31,,,,476,"$36,761"
Fredrik Aarum,A418,NOR,,,,,,,,,,
Olav Abrahamsen,A0EI,NOR,,,,,,,,,,
Peter August Anker,AG22,NOR,,,,,,,,,,
Fredrik Ask,A877,NOR,,,Left-Handed,Two-Handed,1990-09-05,"Oslo, Norway",,,800,"$6,468"
Jens-Johan Beer,BP87,NOR,,,,,,,,,,
Joachim Bjerke,BM15,NOR,"5' 10""",1.78m,Right-Handed,Two-Handed,1994-11-11,"Oslo, Norway",2010-01-01,,912,"$5,884"
Stian Boretti,B741,NOR,"6' 2""",,Right-Handed,,1981-12-20,"Nesodden, Norway",,,511,"$45,065"
Simen Sunde Bratholm,B0A4,NOR,,,Right-Handed,Two-Handed,1999-03-04,,,,1203,"$1,947"
Per-Erik Dahl,DC77,NOR,,,,,,,,,,
Nils Elvik,E0AT,NOR,,,,,,,,,,
Adrian Forberg Skogeng,F696,NOR,,,,,,,,,,
Johan Haanes,HD25,NOR,,,,,1912-04-30,"Drammen, Norway",,,,
Thorgny Haanes,HD34,NOR,,,,,,,,,,
Anders Haaseth,H171,NOR,,,,,,,,,,
P. Hagna,H304,NOR,,,,,,,,,,
Thomas Haug,H711,NOR,,,,,,,,,,
Per Hegna,H081,NOR,,,,,1945-07-22,,,,346,
Nils-Erik Hessen,HD26,NOR,,,,,,,,,,
Thomas Heyerdahl,H395,NOR,,,,,,,,,,
Finn-Dag Jagge,J600,NOR,,,,,,,,,,
Fritz Jenssen,J641,NOR,,,,,,,,,,
Tony Jonsson,J038,NOR,,,,,1921-10-19,"Reykjavík, Iceland",,,,
Sverre Lie,LE88,NOR,,,,,1926-02-14,,,,,
Erik Melander,M0GJ,NOR,,,,,,,,,,
Thorvald Moe,MQ14,NOR,,,,,,,,,,
Jack Nielsen,N856,NOR,,,Right-Handed,,1896-08-03,Egersund,,,,
Andreja Petrovic,P0EP,NOR,"6' 2""",1.88m,Right-Handed,Two-Handed,2000-02-01,"Stavanger, Norway",,,1499,"$12,511"
Frithjof Prydz,P0DT,NOR,,,,,1943-07-15,"Oslo, Norway",,,,
Philip Riise-Hansen,R979,NOR,,,,,,,,,,
Sigurd Rinde,RF17,NOR,,,,,,,,,,
Morten Ronneberg,R039,NOR,,,Right-Handed,,1964-09-09,,,,471,
Helge Rosjo,R355,NOR,,,,,,,,,,
Jon-Erik Ross,R0DH,NOR,,,,,,,,,,
Gunnar Sjowall,SS59,NOR,,,,,,,,,,
Frederik Sletting-Johnsen,SI19,NOR,,,,,,,,,,
Finn-Trygve Smith,SU81,NOR,,,,,,,,,,
Finn Soehol,SS80,NOR,,,,,,,,,,
Jan Staubo,ST60,NOR,,,,,,,,,,
Georges Sturdza,ST16,NOR,,,,,,,,,,
Carl Sundberg,SI23,NOR,,,,,,,,,,
Frederick Sundsten,SA18,NOR,,,,,,,,,,
Marius Tanger,T912,NOR,,,,,,,,,,
Erik Ulleberg,U09P,NOR,,,,,,,,,,
Khalid Al Nabhani,A609,OMA,,,,,,,,,,
Mohammed Al Nabhani,A653,OMA,"5' 10""",,Right-Handed,,1985-09-01,"Cairo, Egypt",,,1060,
Sulaiman Al Rawahi,A933,OMA,,,,,,,,,,
Brett Baudinet,BB53,POC,,,,,,,,,,
Matavao Fanguna,F0IL,POC,,,,,,,,,,
Heve Kelley,K0N7,POC,,,,,,,,,,
Aisam-Ul-Haq Qureshi,Q019,PAK,"6' 0""",1.83m,Right-Handed,One-Handed,1980-03-18,"Lahore, Punjab, Pakistan",1998-01-01,,8,"$3,721,648"
Muhammad Abid,AC35,PAK,,,,,,,,,,
Rafiq Ahmad,AD77,PAK,,,,,,,,,,
M. Abid Ali Khan Akbar,A912,PAK,,,,,,,,,,
Mahmoud Alam,AD93,PAK,,,,,,British India,,,,
Mohammed-Arif Elahi,E213,PAK,,,,,1935-07-01,,,,,
Inam Gul,G759,PAK,,,,,,,,,,
Khwaja-Saeed Hai,HC44,PAK,,,,,,,,,,
Samir Iftikhar,I308,PAK,,,,,,,,,,
M.A. Ilahi,I027,PAK,,,,,,,,,,
Munawar Iqbal,I024,PAK,,,Right-Handed,,1948-02-27,"Lahore, Pakistan",1964-01-01,,257,
Yousaf Khalil,K0D6,PAK,,,,,,,,,,
Mohammed Khaliq,K423,PAK,,,,,,,,,,
Aqeel Khan,K425,PAK,,,Right-Handed,One-Handed,1980-01-30,"Karachi, Pakistan",1998-01-01,,613,"$14,595"
Jalil Khan,K465,PAK,,,,,,,,,,
Shahzad Khan,K741,PAK,,,,,1981-02-20,"Khota, Pakistan",,,,
Yasir Khan,KA41,PAK,,,,,2002-04-13,"Bannu, Khyber Pakhtunkhwa, Pakistan",,,,
Ahmed-Hasan Khokhar,KF97,PAK,,,,,,,,,,
Fazal Mahmoud,M0TY,PAK,,,,,,,,,,
Ismail Majeed,M0TX,PAK,,,,,,,,,,
Saeed Meer,M275,PAK,,,Right-Handed,,1947-11-25,"Meerut, India",1968-01-01,1980-01-01,235,
Meer Mohammed Khan,M0TT,PAK,,,,,,,,,,
Muzammil Murtaza,M0FS,PAK,,,Right-Handed,Two-Handed,1999-11-12,"Quetta, Pakistan",,,1,"$4,732"
Munir Pirzada,PI42,PAK,,,,,1937-01-03,British India,,,,
Nomee Qamar,Q020,PAK,,,,,,,,,,
Ahmad Asjad Qureshi,Q02E,PAK,,,,,,,,,,
Haroon Rahim,R063,PAK,"5' 10""",1.78m,Right-Handed,,1949-11-12,"Lahore, Punjab, Pakistan",,1978-01-01,34,
S.A. Rauf,RE51,PAK,,,,,,,,,,
Huzaifa Abdul Rehman,R0FM,PAK,,,,,,,,,,
Asim Shafik,S712,PAK,,,,,,,,,,
Muhammad Shoaib,S0HP,PAK,,,,,,"Amilo, India",,,,
Hameed Ul Haq,U022,PAK,,,,,,,,,,
Islam Ul Haq,U021,PAK,,,,,,,,,,
Juan Fernandez,F0E5,PAN,,,,,,,,,,
Paul Novoa,N0CU,PAN,,,,,,,,,,
Esteban Pierre,P0GU,PAN,,,,,,,,,,
Guillermo Van Der Hans,V0E5,PAN,,,,,,,,,,
Matthew Stubbings,S0NS,PNG,,,,,,,,,,
Ramon Delgado,D316,PAR,"6' 1""",1.85m,Right-Handed,Two-Handed,1976-11-14,"Asunción, Paraguay",1995-01-01,2011-01-01,91,"$1,385,410"
Ruben Alvarenga,A197,PAR,,,,,1972-08-29,,,,289,
Emilio Daniel Baez-Britez,B653,PAR,,,,,,,,,,
Juan Barboza,B967,PAR,,,,,,,,,,
Jose Benitez,BH86,PAR,,,,,,,,,,
Juan Borba,BT50,PAR,,,,,,,,,,
Bruno Britez,B0AR,PAR,,,,,,,,,,
Victor Caballero,C094,PAR,,,,,,,,,,
Paulo Carvallo,C468,PAR,,,Right-Handed,,1976-07-11,"Asunción, Paraguay",,,223,"$19,655"
Hugo Chapacu,C147,PAR,"5' 10""",,Right-Handed,,1962-05-05,"Posadas, Misiones, Argentina",,,518,"$11,911"
Juan-Enrique Crosa,C757,PAR,,,,,,,,,,
Diego Galeano,GC34,PAR,"5' 11""",,Right-Handed,,1992-02-01,"Asunción, Paraguay",,,411,"$8,447"
Francisco Gonzalez,G024,PAR,"6' 4""",1.93m,Right-Handed,,1955-11-19,"Wiesbaden, Germany",1977-01-01,1990-01-01,22,"$483,023"
Lorenzo Gonzalez,G550,PAR,"5' 7""",1.70m,,,,,,,,
Daniel-Alejandro Lopez Cassaccia,L922,PAR,,,,,,,,,,
Ricardo Mena,M462,PAR,,,Right-Handed,,1971-12-22,,,,360,"$10,516"
Oscar Napout,N081,PAR,,,,,,,,,,
Victor Pecci,P015,PAR,"6' 4""",1.93m,Right-Handed,One-Handed,1955-10-15,"Asunción, Paraguay",1976-01-01,1990-01-01,8,"$994,408"
Enzo Pigola,PB76,PAR,,,,,,,,,,
Gustavo Ramirez,R695,PAR,,,,,,,,,,
Juan-Carlos Ramirez,R836,PAR,,,,,,,,,,
Francisco Rodriguez,R060,PAR,,,Right-Handed,,1976-03-18,,,,373,"$31,717"
Nicolas Salama,SL24,PAR,,,,,,,,,,
Francisco Yim Kim,Y196,PAR,,,,,,,,,,
Ayed Zatar,Z09L,PAR,"6' 7""",2.00m,Right-Handed,Two-Handed,1996-03-29,"Asunción, Paraguay",,,,
Luis Horna,H390,PER,"5' 11""",1.80m,Right-Handed,One-Handed,1980-09-14,"Lima, Peru",1998-01-01,2009-01-01,15,"$2,648,482"
Jaime Yzaga,Y017,PER,"5' 7""",1.70m,Right-Handed,One-Handed,1967-10-23,"Lima, Peru",1985-01-01,1997-01-01,54,"$2,234,150"
Pablo Arraya,A035,PER,"5' 11""",1.80m,Right-Handed,,1961-10-21,"Córdoba, Argentina",1980-01-01,,85,
Ivan Miranda,M783,PER,"5' 9""",,Right-Handed,,1980-03-08,"Lima, Peru",,,206,"$355,570"
Jose-Luis Noriega,N241,PER,"5' 10""",,,,1969-09-14,"Lima, Peru",,,500,"$44,341"
Rodolfo Rake,R367,PER,,,Right-Handed,,1979-07-13,"Lima, Peru",,,501,"$39,070"
Alfredo Acuna,A427,PER,,,,,,,,,,
Diego Acuna,A367,PER,,,,,,,,,,
Nicolas Alvarez,AC58,PER,,,,,,,,,,
Alejandro Aramburu,A172,PER,"5' 9""",1.75m,Right-Handed,,1969-02-14,"Lima, Peru",,,319,"$143,267"
Duilio Beretta,BG25,PER,,,Right-Handed,,1992-02-25,"Arequipa, Peru",2008-01-01,,206,"$51,966"
Patrick Boza,B949,PER,,,,,,,,,,
E. Buse,BP24,PER,,,,,,,,,,
Eduardo Buse,BO15,PER,,,,,,,,,,
Enrique Buse,BO69,PER,,,,,,,,,,
Piero Demichelli,D709,PER,,,,,,,,,,
Carlos Di Laura,D029,PER,"5' 9""",1.75m,Left-Handed,,1964-10-19,"Lima, Peru",1983-01-01,1994-01-01,,"$173,556"
Mauricio Echazu,E702,PER,"5' 8""",1.74m,Right-Handed,Two-Handed,1989-01-21,"Lima, Peru",2006-01-01,,393,"$95,211"
Alberto Franco,F063,PER,,,,,,,,,,
Sergio Galdos,GA46,PER,"6' 0""",1.83m,Right-Handed,One-Handed,1990-01-02,"Arequipa, Peru",2006-01-01,,80,"$147,250"
Tomas Gonzalez,G549,PER,,,,,,,,,,
William Lock,L583,PER,,,,,1858-05-01,"Nelson, New Zealand",,,,
Miguel Maurtua,M0Q4,PER,,,,,,,,,,
Fernando Maynetto,M040,PER,,,Right-Handed,,1955-12-02,"Lima, Peru",,,269,
Alexander Merino,MM31,PER,"6' 0""",1.84m,Left-Handed,Two-Handed,1992-08-31,"Melbourne, Australia",,,145,"$83,406"
Mario Monroy,M936,PER,,,,,,,,,,
Jorge Morales,MQ94,PER,,,,,,,,,,
Luis Felipe Noriega,N354,PER,,,,,,,,,,
Luis-Alberto Olmedo,O444,PER,,,,,,,,,,
Jorge Panta,PG56,PER,,,Right-Handed,,1995-07-22,"Piura, Peru",,,402,"$61,041"
Felix Ponte,P179,PER,"5' 5""",,,,,,,,174,
Leonardo Ramirez,R560,PER,,,,,,,,,,
Alvaro Raposo De Oliveira,RA03,PER,,,,,,,,,,
Juan Carlos Rebaza-Lozano,R701,PER,,,,,,,,,,
Sergio Rojas,R828,PER,,,,,,,,,,
Matias Silva,SA99,PER,,,Right-Handed,Two-Handed,1984-03-31,"Lima, Peru",,,529,"$16,540"
Duilio Vallebuona,V698,PER,,,Right-Handed,,1992-07-06,"Lima, Peru",,,469,"$12,871"
Salomon Velasco,V0H4,PER,,,,,,,,,,
Americo Tupi Venero,V157,PER,"5' 9""",,Left-Handed,,1972-02-22,"Paris, France",,,232,"$21,339"
Cecil Mamiit,M614,PHI,"5' 8""",1.73m,Right-Handed,Two-Handed,1976-06-27,"Los Angeles, CA, U.S.",1996-01-01,2012-01-01,102,"$1,084,438"
Eric Taino,T209,PHI,"5' 9""",1.75m,Left-Handed,,1975-03-18,"Jersey City, NJ, U.S.",1997-01-01,2008-01-01,52,"$542,367"
Felix Barrientos,B168,PHI,"5' 10""",,Right-Handed,,1967-11-20,"Manila, Philippines",,,529,"$33,202"
Adelo Abadia,A338,PHI,,,,,,,,,,
Francis Casey Alcantara,AA19,PHI,"5' 7""",1.71m,Right-Handed,Two-Handed,1992-02-04,"Cagayan de Oro, Philippines",2015-01-01,,162,"$56,628"
Felicisimo Ampon,AD58,PHI,"5' 3""",1.60m,,,1920-10-27,"Manila, Philippine Islands",,1968-01-01,,
Vicente Elberto Anasta,AA57,PHI,,,,,,,,,,
Robert Angelo,A233,PHI,,,,,1970-07-31,,,,566,
Guillermo Aragon,AE81,PHI,,,,,,,,,,
Johnny Arcilla,A339,PHI,,,Right-Handed,,1980-02-15,"Butuan, Philippines",,,1288,
Felix Bautista,BN54,PHI,,,,,,,,,,
Cesar Carmona,CI89,PHI,,,Right-Handed,,,,,,,
Eddie Cruz,C225,PHI,,,,,1984-02-23,"Bayamón, Puerto Rico",,,,
Raymundo Deyro,DD05,PHI,,,,,,,,,,
Bien Dimalanta,D665,PHI,,,,,,,,,,
Micky Dominguez,D650,PHI,,,,,,,,,,
Miguel Dungo,D047,PHI,,,,,,,,,,
Ramon Funtera,F926,PHI,,,,,,,,,,
Ruben Gonzales,G810,PHI,,,Right-Handed,,1985-09-11,"Terre Haute, IN, U.S.",,,116,"$160,745"
Guillermo Hernandez,HC42,PHI,"5' 6""",,,,,,,,,
Jesus Hernandez,HC07,PHI,,,,,,,,,,
Treat Huey,H788,PHI,"5' 10""",1.78m,Left-Handed,,1985-08-28,"Washington, D.C., US",2008-01-01,2023-01-01,18,"$1,566,869"
Juan-Maria Jose,J612,PHI,,,,,1938-08-08,,,1964-01-01,,
Alberto Lim,L0A0,PHI,,,,,,,,,,
Joseph Lizardo,L188,PHI,"5' 9""",,,,1969-01-17,,,,883,
Alexander Marcial,M258,PHI,,,Right-Handed,,1949-03-30,,,,262,
Michael Mora,M870,PHI,,,,,,,,,,
Eric Jr. Olivarez,O0BJ,PHI,,,,,,,,,,
John Bryan Decasa Otico,O09C,PHI,,,,,,,,,,
Sofronio Palahang,P287,PHI,,,,,1967-09-22,,,,558,
Jeson Patrombon,PG17,PHI,,,Right-Handed,,1993-03-27,"Iligan, Philippines",,,1063,"$13,252"
Romeo Rafon,R115,PHI,,,,,,,,,,
Rolando Ruel,R479,PHI,,,,,,,,,,
Amado Sanchez,SU01,PHI,,,,,,,,,,
Beejong Sisson,S143,PHI,,,,,1957-02-20,,,,163,
Roland So,S342,PHI,,,,,1966-06-22,,,,373,
Patrick Tierro,T879,PHI,,,Right-Handed,,1985-08-01,"Charleston, SC, United States",,,1321,
Manuel Valleramos,V077,PHI,,,,,,,,,,
Joseph Victorino,V365,PHI,,,,,,,,,,
Jose Villarete,V866,PHI,,,,,,,,,,
John Yang,Y230,PHI,,,,,,,,,,
Jerzy Janowicz,J397,POL,"6' 8""",2.04m,Right-Handed,Two-Handed,1990-11-13,"Łódź, Poland",2007-01-01,,47,"$3,769,423"
Lukasz Kubot,K540,POL,"6' 3""",1.91m,Right-Handed,Two-Handed,1982-05-16,"Bolesławiec, Poland",2002-01-01,,1,"$8,728,383"
Michal Przysiezny,P701,POL,"6' 1""",1.85m,Right-Handed,One-Handed,1984-02-16,"Głogów, Poland",2001-01-01,2019-01-01,119,"$1,341,718"
Wojtek Kowalski,K067,POL,"6' 0""",1.83m,Right-Handed,,1967-10-10,"Inowrocław, Poland",,,125,"$152,514"
Dawid Olejniczak,O253,POL,,,Right-Handed,,1983-03-01,"Łódź, Poland",,,206,"$186,155"
Mariusz Fyrstenberg,F364,POL,"6' 4""",1.93m,Left-Handed,Two-Handed,1980-07-08,"Warsaw, Poland",2001-01-01,2017-01-01,6,"$3,053,264"
Marcin Matkowski,M844,POL,"6' 2""",1.88m,Right-Handed,Two-Handed,1981-01-15,"Barlinek, Poland",2003-01-01,2019-01-01,7,"$4,044,710"
Filip Urban,U057,POL,"6' 4""",1.93m,Right-Handed,Two-Handed,1982-03-23,"Wałbrzych, Poland",,,172,"$63,309"
Grzegorz Panfil,PB13,POL,"6' 0""",1.83m,Left-Handed,Two-Handed,1988-01-01,"Zabrze, Poland",2004-01-01,,176,"$206,216"
Adam Chadaj,C660,POL,,,Left-Handed,,1984-05-01,"Warsaw, Poland",2001-01-01,,151,"$145,999"
Krystian Pfeiffer,P535,POL,,,Right-Handed,,1978-12-03,,,,1189,"$20,974"
Radoslaw Nijaki,N314,POL,"6' 4""",,Right-Handed,,1982-01-25,,,,583,"$21,668"
Jan Zielinski,Z423,POL,"5' 11""",1.80m,Right-Handed,Two-Handed,1996-11-16,"Warsaw, Poland",,,7,"$1,653,218"
Adam Baworowski,BP57,POL,,,Right-Handed,One-Handed,,"Vienna, Austria",,1941-01-01,,
Leeh Bienkowski,B167,POL,,,,,,,,,,
Michal Chmela,C473,POL,,,Right-Handed,,1977-05-21,,,,591,"$20,425"
Stanislaw Czetwertynski,CK43,POL,,,,,,,,,,
Bartlomiej Dabrowski,D239,POL,,,,,1972-08-20,,,,295,"$92,858"
Czeslaw Dobrowolski,D0DI,POL,,,,,,,,,,
Henrik Drzymalski,D0DG,POL,,,,,,,,,,
Wojtek Fibak,F020,POL,"6' 0""",1.82m,Right-Handed,One-Handed,1952-08-30,"Poznań, Poland",,,2,"$2,725,403"
Wieslaw Gasiorek,G152,POL,,,,,1936-01-13,"Poznań, Poland",,,,
Michal Gawlowski,G326,POL,,,,,1975-07-28,,,,425,"$20,314"
Marcin Gawron,G978,POL,,,Right-Handed,Two-Handed,1988-05-25,"Nowy Sącz, Poland",,,268,"$156,176"
Jozef Hebda,HD46,POL,,,,,,,,,,
Tomasz Iwanski,I036,POL,,,Right-Handed,,1968-12-05,"Łódź, Poland",,,317,
Michal Jordan,J142,POL,"6' 1""",,,,1990-07-17,"Zlín, Czech Republic",,,,
Edward Kleinadel,KG84,POL,,,,,,,,,,
Blazej Koniusz,K945,POL,,,Right-Handed,,1988-02-22,"Świętochłowice, Poland",2006-01-01,,150,"$63,829"
Maciej Kost,K200,POL,,,,,,,,,,
Bronislaw Lewandowski,L122,POL,,,,,1947-08-31,,,,,
Tomasz Lichon,L270,POL,,,,,,,,,,
Andrzej Licis,L133,POL,,,,,1932-09-10,"Olkusz, Poland",,,,
Wojciech Marek,M0E4,POL,,,Right-Handed,Two-Handed,2001-05-27,"Bytom, Poland",,,806,"$32,197"
D.S. Menda,MS96,POL,,,,,,,,,,
Jacek Niedzwiedzki,N083,POL,,,,,1951-06-07,,,,172,
Tadeusz Nowicki,N082,POL,,,,,1946-07-07,"Łódź, Poland",,,,
Wieslaw Nowicki,N0CY,POL,,,,,,,,,,
Jozef Orlikowski,O534,POL,,,,,,,,,,
Jozef Piatek,PI32,POL,,,,,,,,,,
Jan Radzio,RE30,POL,,,,,,,,,,
Waldemar Rogowski,R098,POL,,,,,,,,,,
Miecyslav Rybarczyk,R142,POL,,,,,1941-09-01,"Warsaw, Poland",,,273,
Wladyslaw Skonecki,SS73,POL,,,,,,"Tomsk,  Russia",,1966-01-01,,
Adam Skrzypczak,S498,POL,,,,,,,,,,
Czeslaw Spychala,ST23,POL,,,Right-Handed,,1917-01-01,"Poznań, Poland",,,,
Maximilian Stolarow,ST96,POL,,,,,,,,,,
Piotr Szczepanik,S683,POL,,,,,,,,,,
Kazimierz Tarlowski,TE40,POL,,,,,,,,,,
Ignacy Tloczynski,TD76,POL,,,Right-Handed,,1911-07-14,"Poznań, Poland",,,,
Ernest Wittmann,W823,POL,,,,,,,,,,
Mariusz Zielinski,Z105,POL,,,,,,,,,,
Joao Sousa,SH90,POR,"6' 1""",1.85m,Right-Handed,Two-Handed,1989-03-30,"Guimarães, Portugal",2008-01-01,2024-01-01,26,"$8,329,175"
Fred Gil,G717,POR,"5' 8""",1.73m,Right-Handed,One-Handed,1985-03-24,"Lisbon, Portugal",2003-01-01,,105,"$1,453,933"
Nuno Marques,M197,POR,"6' 3""",1.90m,Left-Handed,,1970-04-09,"Porto, Portugal",1986-01-01,2001-01-01,58,"$857,479"
Joao Cunha-Silva,C113,POR,"5' 7""",1.72m,Right-Handed,,1967-11-27,"Lisbon, Portugal",1987-01-01,2000-01-01,72,"$735,607"
Pedro Sousa,S483,POR,"5' 11""",1.80m,Right-Handed,Two-Handed,1988-05-27,"Lisbon, Portugal",2007-01-01,,241,"$1,102,082"
Rui Machado,MA49,POR,"5' 10""",1.78m,Right-Handed,Two-Handed,1984-04-10,"Faro, Portugal",2002-01-01,2016-01-01,185,"$900,563"
Emanuel Couto,C336,POR,"6' 0""",1.83m,Right-Handed,,1973-08-06,"Guarda, Portugal",1990-01-01,2003-01-01,91,"$269,001"
Bernardo Mota,M406,POR,"5' 10""",1.78m,Right-Handed,,1971-07-14,"Lisbon, Portugal",1991-01-01,2005-01-01,96,"$253,056"
Leonardo Tavares,T771,POR,"6' 1""",1.85m,Right-Handed,Two-Handed,1984-02-20,"Espinho, Portugal",2001-01-01,,95,"$183,352"
Helder Lopes,L341,POR,,,,,,,,,,
Diogo Rocha,R630,POR,,,Right-Handed,Two-Handed,1984-06-14,"Porto, Portugal",2001-01-01,2008-01-01,1372,"$21,109"
Tiago Sousa,T724,POR,"6' 2""",1.88m,,,1984-10-29,Lisbon,,,,
Pedro Leao,L499,POR,,,,,,,,,,
Antonio Casanovas,CK47,POR,,,,,,,,,,
David Cohen,CI28,POR,,,,,,,,,,
Pedro Cordeiro,C109,POR,,,Right-Handed,,1963-02-14,"Porto, Portugal",,,334,"$7,821"
Sergio Cruz,C936,POR,,,,,,,,,,
R. De Castro De Pereira,DE94,POR,,,,,,,,,,
R. De Sa Pessoa,D0GL,POR,,,,,,,,,,
Jose De Verda,DF23,POR,,,,,,,,,,
Carlos Figueira,F991,POR,,,,,,,,,,
Bruno Fragoso,F256,POR,,,Right-Handed,,1972-11-23,"Lisbon, Portugal",,,484,"$18,037"
Andre Gaspar Murta,GD84,POR,"6' 4""",1.93m,Right-Handed,Two-Handed,1994-08-08,"Faro, Portugal",,,646,"$40,075"
Tiago Godinho,G711,POR,,,Right-Handed,,1984-08-13,,2001-01-01,2008-01-01,461,"$11,288"
Joao Lagos,L0JD,POR,,,,,,,,,,
Andre Lopes,L367,POR,,,,,,,,,,
Nuno Matias,M663,POR,,,,,,,,,,
Goncalo Nicau,N510,POR,,,,,1982-07-03,"Portalegre, Portugal",2001-01-01,2007-01-01,495,"$13,399"
Raul Peralta,P146,POR,,,,,1940-06-17,,,,,
Antonio Pinto-Coelho,PJ44,POR,,,,,,,,,,
Luiz Ricciardi,RF69,POR,,,,,,,,,,
Jose Roquette,RE64,POR,,,,,,,,,,
Marco Seruca,S365,POR,,,,,,,,,,
Olivio Silva,S0YC,POR,,,,,,,,,,
Miguel Soares,S190,POR,,,,,,,,,,
Antonio Van Grichen,V270,POR,,,,,1978-10-03,"Lisbon, Portugal",,,391,
Frederico Vasconcelos,V969,POR,,,,,,,,,,
Alfredo Vaz-Pinto,V873,POR,,,,,,,,,,
Jose Vilela,V0CM,POR,,,,,,,,,,
Sebastian Arcila,A0AT,PUR,,,,,,,,,,
Miguel Braschi,BM81,PUR,,,,,1956-10-08,"San Juan, Puerto Rico",,,,
Tico Carrero,C156,PUR,,,,,1948-09-04,"Santurce, Puerto Rico",,,,
Freddie De Jesus,D117,PUR,,,,,1954-10-30,"San Juan, Puerto Rico",,,256,
Alex Diaz,DH57,PUR,,,,,,,,,,
Ricky Diaz,D123,PUR,,,,,,,,,,
Ernie Fernandez,F018,PUR,"6' 3""",1.91m,Right-Handed,,1960-06-08,"Santurce, Puerto Rico",,,66,
Gabriel Flores Ruiz,F850,PUR,,,,,,,,,,
Christian Garay,GF53,PUR,,,,,,,,,,
Ignacio Garcia,G0AH,PUR,,,,,,,,,,
Jorge Gonzalez,G320,PUR,,,,,,,,,,
Pedro Gonzalez,G162,PUR,,,,,,,,,,
Ricardo Gonzalez,G842,PUR,,,,,,,,,,
Ricardo Gonzalez-Diaz,GE70,PUR,,,,,,,,,,
Luis Haddock,H450,PUR,,,,,,,,,,
Rafael Jordan,J157,PUR,,,,,,,,,,
Alex Llompart,LB13,PUR,"5' 9""",,Right-Handed,,1990-05-05,"San Juan, Puerto Rico",,,232,"$16,877"
Juan Enrique Marrero,M0GC,PUR,,,,,,,,,,
Gabriel Montilla,M752,PUR,,,,,1979-08-11,,,,692,"$11,921"
Miguel Nido,N016,PUR,"5' 11""",,Right-Handed,,1963-03-08,,,,146,"$150,021"
Bobby Odasz,O0B7,PUR,,,,,,,,,,
Juan Ortiz,O0BV,PUR,,,,,,,,,,
Jorge Emanuel Ortiz Garcia,O0AS,PUR,,,,,,,,,,
Jose Perdomo,PF46,PUR,"6' 0""",1.82m,,,,,,,,
Juan Rios,R184,PUR,,,,,,,,,,
Juan Alberto Rios,R0FZ,PUR,,,,,,,,,,
Pedro Rosello,RE10,PUR,,,,,1944-04-05,"San Juan, Puerto Rico",,,,
Guillermo Torres Garcia,T0CM,PUR,,,,,,,,,,
Mubarak Shannan Zayid,AC39,QAT,,,,,1995-04-14,"Doha, Qatar",,,1,"$61,650"
Sultan Khalfan,K346,QAT,,,Right-Handed,,1977-03-16,Qatar,1996-01-01,2009-01-01,1224,"$85,177"
Nasser-Ghanim Al-Khulaifi,A244,QAT,,,Right-Handed,,1973-11-12,"Doha, Qatar",1992-01-01,2004-01-01,1040,
Jabor Al-Mutawa,AC23,QAT,,,,,1994-05-27,,,,1304,"$72,033"
Mohammed Abdulla,A618,QAT,,,,,,,,,,
Abdulla Hajji,H908,QAT,,,,,1990-12-05,,,,,"$35,376"
Mousa Shanan Zayed,Z367,QAT,,,Right-Handed,,1994-03-09,"Doha, Qatar",,,1,"$54,656"
Andrei Pavel,P280,ROU,"5' 11""",1.82m,Right-Handed,One-Handed,1974-01-27,"Constanța, Romania",1995-01-01,,18,"$5,225,028"
Victor Hanescu,H528,ROU,"6' 6""",1.98m,Right-Handed,One-Handed,1981-07-21,"Bucharest, Romania",2000-01-01,2016-01-01,92,"$4,330,340"
Adrian Voinea,V166,ROU,"6' 1""",1.85m,Right-Handed,One-Handed,1974-08-06,"Focșani, Romania",1993-01-01,2003-01-01,349,"$1,836,277"
Marius Copil,CA99,ROU,"6' 4""",1.93m,Right-Handed,One-Handed,1990-10-17,"Arad, Romania",2008-01-01,,182,"$2,738,400"
Dinu Pescariu,P254,ROU,"6' 1""",1.85m,Right-Handed,,1974-04-12,"Bucharest, Romania",,,114,"$676,539"
Victor Crivoi,C856,ROU,"6' 1""",1.85m,Right-Handed,Two-Handed,1982-05-25,"Bucharest, Romania",2003-01-01,2020-01-01,300,"$626,504"
Razvan Sabau,S535,ROU,"6' 1""",1.85m,Right-Handed,Two-Handed,1977-06-18,"Bucharest, Romania",1993-01-01,,174,"$714,904"
Adrian Ungur,U061,ROU,"5' 10""",1.78m,Right-Handed,One-Handed,1985-01-22,"Pitești, Romania",2003-01-01,2018-01-01,94,"$962,026"
Gabriel Trifu,T199,ROU,"6' 4""",1.93m,Right-Handed,,1975-04-14,"Bucharest, Romania",1994-01-01,2005-01-01,97,"$319,110"
Ion Moldovan,M600,ROU,"5' 10""",1.78m,,,,,,,,
Adrian Cruciat,C666,ROU,,,Right-Handed,,1983-03-31,"Timișoara, Romania",1999-01-01,2012-01-01,218,"$208,348"
Horia Tecau,T749,ROU,"6' 4""",1.93m,Right-Handed,Two-Handed,1985-01-19,"Constanța, Romania",2003-01-01,,2,"$5,882,695"
Florin Mergea,MB27,ROU,"5' 11""",1.80m,Right-Handed,One-Handed,1985-01-26,"Craiova, Romania",2003-01-01,,7,"$1,682,712"
Ciprian Petre Porumb,P279,ROU,"6' 5""",1.96m,Right-Handed,,1971-03-06,"Cluj-Napoca, Romania",,,275,"$24,735"
Victor Ionita,I094,ROU,"6' 1""",1.85m,Right-Handed,,1983-05-11,"Bucharest, Romania",2000-01-01,,159,"$141,950"
Catalin-Ionut Gard,G493,ROU,"5' 9""",1.75m,Right-Handed,,1981-07-10,"Galați, Romania",2000-01-01,,236,"$162,058"
Gabriel Moraru,MA36,ROU,"5' 11""",1.80m,Right-Handed,Two-Handed,1982-01-27,"Constanța, Romania",2001-01-01,2014-01-01,125,"$169,856"
George Cosac,C259,ROU,"6' 3""",1.90m,Right-Handed,,1968-01-26,"Constanța, Romania",,,170,"$86,518"
Remus Farcas,F235,ROU,,,,,1971-12-11,"Făgăraș, Romania",,,702,"$25,267"
Bogdan Borza,BL78,ROU,,,Left-Handed,Two-Handed,1997-04-05,"Cugir, Romania",,,1073,"$18,676"
Darius Florin Bragusi,BJ43,ROU,,,,,1993-06-18,"Râmnicu Vâlcea, Romania",,,936,"$3,722"
Cristea Caralulis,CJ35,ROU,,,,,,,,,,
Patrick Ciorcila,CG40,ROU,"5' 11""",1.80m,Right-Handed,,1996-09-20,"Cluj-Napoca, Romania",,,1035,
Rares Cuzdriorean,C995,ROU,"6' 1""",1.85m,Right-Handed,Two-Handed,1986-07-31,"Satu Mare, Romania",2004-01-01,,1502,
Andrei Daescu,D829,ROU,,,Right-Handed,,1988-08-28,,,,126,"$16,546"
Dragos Dima,DA13,ROU,"5' 11""",1.80m,Right-Handed,One-Handed,1992-06-16,"Ploiești, Romania",,,903,"$97,864"
Andrei Dirzu,D031,ROU,,,,,,,,,,$5.617
Sever Dron,D116,ROU,,,,,1944-06-25,"Găieşti, Romania",,,,
Edris Fetisleam,F0AG,ROU,,,,,1999-07-25,Romania,,,1029,"$15,412"
Nicolae Frunza,F952,ROU,,,,,,,,,,
Alexandru Hamburger,HD27,ROU,,,,,,,,,,
Dimitru Haradau,H006,ROU,,,,,1951-12-02,,,,322,
Petru-Alexandru Luncanu,L872,ROU,"6' 1""",1.85m,Left-Handed,Two-Handed,1989-05-07,"Bucharest, Socialist Republic of Romania",2005-01-01,,286,"$155,975"
Adrian Marcu,M020,ROU,"6' 3""",,Right-Handed,,1961-12-03,"Hunedoara, Romania",,,195,
Gavorielle Marcu,M240,ROU,,,Left-Handed,,,,,,204,
Viorel Marcu,M955,ROU,,,,,,,,,,
Peter Marmureanu,M278,ROU,,,,,1941-06-20,,,,,
Nicolae Misu,MR31,ROU,,,,,1858-08-06,"Bucharest, Romania",,,,
Sever Muresan,M335,ROU,,,,,1948-10-23,"Câmpia Turzii, Romania",,,297,
Constantin Nastase,N791,ROU,,,,,,,,,,
Ilie Nastase,N008,ROU,"6' 0""",1.82m,Right-Handed,One-Handed,1946-07-19,"Bucharest, Romania",,1985-01-01,9,"$2,076,761"
Mihnea-Ion Nastase,N034,ROU,,,Right-Handed,,1967-02-07,"Bucharest, Romania",,,159,"$54,828"
Toma Ovici,O069,ROU,,,,,,"Târgu Mureș, Romania",,,133,
Eduard Pana,P007,ROU,"5' 8""",,,,1944-05-28,"Brănești, Romania",,,,
Constantin Popovici,P0GY,ROU,"5' 7""",1.70m,,,1988-10-02,"Bucharest, Romania",,,,
Vinicius Rurac,RE75,ROU,,,,,,,,,,
Ionel Santeiu,S254,ROU,,,,,1948-03-06,,,,236,
Arnulf Schmidt,SU47,ROU,,,,,,,,,,
Florin Segarceanu,S033,ROU,"5' 11""",1.80m,Right-Handed,,1961-03-29,"Bucharest, Romania",,,49,"$192,212"
Nicolas Sotiriu,S511,ROU,,,,,,,,,,
Ion Tiriac,T040,ROU,"6' 0""",1.83m,Right-Handed,One-Handed,1939-05-09,"Brașov, Romania",,1979-01-01,8,
Mihai Vanta,V095,ROU,,,,,,,,,,
Gheorghe Viziru,V897,ROU,,,,,,,,,,
Marat Safin,S741,RUS,"6' 4""",1.94m,Right-Handed,Two-Handed,1980-01-27,"Moscow,  Russia",1997-01-01,,71,"$14,373,291"
Yevgeny Kafelnikov,K267,RUS,"6' 3""",1.90m,Right-Handed,Two-Handed,1974-02-18,"Sochi, Russia",1992-01-01,,4,"$23,883,797"
Mikhail Youzhny,Y061,RUS,"6' 0""",1.83m,Right-Handed,One-Handed,1982-06-25,"Moscow, Russia",1999-01-01,2018-01-01,38,"$14,264,450"
Dmitry Tursunov,T315,RUS,"6' 1""",1.85m,Right-Handed,Two-Handed,1982-12-12,"Moscow, Russia",2000-01-01,2017-01-01,36,"$5,920,125"
Nikolay Davydenko,D402,RUS,"5' 10""",1.78m,Right-Handed,Two-Handed,1981-06-02,"Sievierodonetsk, Ukraine",1999-01-01,2014-01-01,31,"$16,186,480"
Igor Andreev,A511,RUS,"6' 1""",1.85m,Right-Handed,Two-Handed,1983-07-14,"Moscow, Russia",2002-01-01,2013-01-01,59,"$4,510,376"
Alexander Volkov,V037,RUS,"6' 2""",1.88m,Left-Handed,Two-Handed,1967-03-03,"Kaliningrad, Russia",1988-01-01,1998-01-01,136,"$3,362,840"
Andrei Olhovskiy,O009,RUS,"6' 1""",1.85m,Right-Handed,Two-Handed,1966-04-15,"Moscow, Russia",1987-01-01,1998-01-01,6,"$3,208,620"
Andrei Chesnokov,C031,RUS,"6' 2""",1.87m,Right-Handed,Two-Handed,1966-02-02,"Moscow, Russia",1985-01-01,1999-01-01,342,"$3,084,188"
Andrey Kuznetsov,KB54,RUS,"6' 0""",1.83m,Right-Handed,Two-Handed,1991-02-22,"Tula, Russia",2009-01-01,,137,"$3,055,162"
Andrei Cherkasov,C260,RUS,"5' 11""",1.80m,Right-Handed,,1970-07-04,"Ufa, Russia",1988-01-01,2000-01-01,141,"$2,260,281"
Igor Kunitsyn,K403,RUS,"5' 11""",1.80m,Right-Handed,Two-Handed,1981-09-30,"Vladivostok, Russia",1999-01-01,2013-01-01,49,"$2,861,069"
Andrei Stoliarov,S688,RUS,"5' 9""",1.77m,Right-Handed,,1977-01-09,"Sochi, Russia",1995-01-01,2008-01-01,151,"$732,336"
Alex Bogomolov Jr.,B842,RUS,"5' 10""",1.78m,Right-Handed,Two-Handed,1983-04-23,"Moscow, Russia",2002-01-01,2014-01-01,100,"$1,946,779"
Konstantin Kravchuk,K776,RUS,"6' 3""",1.91m,Right-Handed,Two-Handed,1985-02-23,"Moscow, Russia",2004-01-01,,100,"$1,177,973"
Mikhail Ledovskikh,L702,RUS,"6' 2""",1.88m,Right-Handed,Two-Handed,1986-08-08,"Almaty, Kazakhstan",,,787,"$267,854"
Alexander Kudryavtsev,K596,RUS,"6' 0""",1.83m,Right-Handed,Two-Handed,1985-10-26,"Ekaterinburg, Russia",2003-01-01,2017-01-01,70,"$909,894"
Mikhail Elgin,E180,RUS,"6' 0""",1.83m,Right-Handed,One-Handed,1981-10-14,"Saint-Petersburg, Russia",1998-01-01,,53,"$872,056"
Vadim Kutsenko,K308,RUS,"5' 11""",1.80m,Right-Handed,,1977-03-16,"Komsomolsk-on-Amur, Russia",1994-01-01,,132,"$296,663"
Igor Kornienko,K284,RUS,,,,,1971-07-16,Ukraine,,,337,"$56,014"
Andrei Merinov,M440,RUS,"6' 0""",1.83m,Left-Handed,,1971-06-23,"Moscow, Russia",,,138,"$185,632"
Denis Golovanov,G446,RUS,"6' 2""",,Left-Handed,,1979-03-27,"Sochi, Russia",1998-01-01,,104,"$223,998"
Pavel Chekhov,CA93,RUS,,,,,,,,,,
Kirill Ivanov-Smolensky,I069,RUS,,,Right-Handed,,1981-02-19,"Moscow, Russia",1998-01-01,,224,"$98,959"
Alen Avidzba,A0AO,RUS,"6' 2""",1.88m,Right-Handed,Two-Handed,2000-02-24,"Sochi, Russia",,,960,"$66,760"
Vadim Davletshin,D519,RUS,,,,,1984-10-07,,,,326,"$59,503"
Denis Matsukevich,MC18,RUS,"6' 3""",1.90m,Right-Handed,,1986-03-28,"Minsk, Belarus",,,155,"$154,236"
Evgeny Kirillov,K777,RUS,"6' 0""",1.83m,Right-Handed,Two-Handed,1987-07-14,"Mytishchi, Russia",2003-01-01,,195,"$132,060"
Victor Baluda,BI53,RUS,,,Right-Handed,Two-Handed,1992-09-30,"Moscow, Russia",,,115,"$114,392"
Artem Derepasko,D359,RUS,,,Right-Handed,,1980-01-26,"Ufa, Russia",,,189,"$95,261"
Andrey Kumantsov,K861,RUS,,,Right-Handed,,1986-08-04,,,,237,"$103,856"
Igor Tchelychev,C469,RUS,,,,,1977-01-09,,,,484,
Philipp Davydenko,D908,RUS,"6' 0""",1.83m,Right-Handed,,1992-09-02,"Volgograd, Russia",,,1225,"$52,981"
Sergei Petrouchevsky,P500,RUS,,,,,,,,,,
Stanislav Vovk,V627,RUS,"6' 1""",1.85m,Right-Handed,,1991-02-19,"Moscow, Russia",2008-01-01,,387,"$67,248"
Artemi Tchernenko,T255,RUS,,,Right-Handed,,1978-04-04,,,,552,"$10,832"
Alexei Belov,B644,RUS,"5' 10""",,,,1986-12-09,,,,,
Ilya Belyaev,BF25,RUS,"5' 11""",1.80m,Right-Handed,,1990-08-09,"Moscow, Russia",2005-01-01,,248,"$73,005"
Dmitry Vlasov,V296,RUS,,,,,1982-07-11,"Tula, Russia",,,146,"$99,524"
Mikhail Biryukov,BH66,RUS,,,Right-Handed,Two-Handed,1992-04-28,Russia,,2014-01-01,536,"$51,200"
Vadim Borisov,B061,RUS,,,Right-Handed,,1955-04-30,,,,,
Vyacheslav Egorov,E894,RUS,,,,,,,,,,
Teimuraz Kakulia,K105,RUS,"5' 7""",1.70m,Right-Handed,,1947-04-26,"Tbilisi, Georgian",1966-01-01,1978-01-01,91,
Viktor Kazakevitch,K143,RUS,,,,,,,,,,
Vladimir Korotkov,K097,RUS,,,Right-Handed,,1948-04-23,"Moscow, Russia",,,,
Peter Lamp,L153,RUS,"6' 2""",,,,1944-02-09,"Tartu, Estonia",,,,
Sergei Leonjuk,L019,RUS,,,,,1960-04-03,"Minsk, Belarus",,,245,
Igor Levine,L517,RUS,,,,,,,,,,
Sergei Likhachev,L119,RUS,,,,,1940-03-20,"Baku, Azerbaijan",,,194,
Victor Palman,P569,RUS,,,,,,,,,,
Andrej Potanin,PH68,RUS,,,,,,,,,,
Konstantin Pugayev,P051,RUS,,,,,1955-06-27,,,,237,
A. Rodzianko,RF60,RUS,,,,,,,,,,
Sergei Rodzianko,RE84,RUS,,,,,,,,,,
V Rudj,RD42,RUS,,,,,,,,,,
Hendrick Sepp,S300,RUS,,,,,,,,,,
Sergej Skakun,S439,RUS,,,,,1970-03-26,,,,802,
Shamil Tarpischev,T035,RUS,,,,,1948-03-07,"Moscow, Russia",,,,
S. Teterion,T182,RUS,,,,,,,,,,
Igor Tihonenko,T183,RUS,,,,,,,,,,
Anatoli Volkov,V131,RUS,,,Right-Handed,,1948-03-08,,,,163,
Alexander Zverev Sr.,Z007,RUS,"6' 1""",1.85m,Right-Handed,,1960-01-22,"Sochi, Russia",,,307,
Saud Alhogbani,A0I3,KSA,,,,,2003-01-15,,,,,$156
Abdulmajeed Bukhari,B0U3,KSA,,,,,,,,,,
Abdulmalek Bursais,B0XL,KSA,,,,,,,,,,
Yahiya Doumbia,D098,SEN,"6' 1""",1.85m,Right-Handed,,1963-08-25,"Bamako, Mali",1986-01-01,1997-01-01,187,"$287,231"
Abou Berthe,B328,SEN,,,,,,,,,,
Fadel Berthe,B520,SEN,,,,,,,,,,
Diadji Ka,K475,SEN,,,,,,,,,,
Thierno Ly,L184,SEN,,,,,,,,,,
Daouda Ndiaye,N339,SEN,,,,,,,,,,
Alioune Toure,T134,SEN,"5' 8""",1.72m,,,,,,,,
Viktor Troicki,T840,SRB,"6' 4""",1.93m,Right-Handed,Two-Handed,1986-02-10,"Belgrade, Serbia",2006-01-01,2021-01-01,49,"$9,265,938"
Janko Tipsarevic,T742,SRB,"5' 11""",1.80m,Right-Handed,Two-Handed,1984-06-22,"Belgrade, Serbia",2002-01-01,2019-01-01,46,"$8,616,024"
Ilija Bozoljac,BA57,SRB,"6' 4""",1.93m,Right-Handed,,1985-08-02,"Aleksandrovac, Serbia",2002-01-01,2018-01-01,99,"$742,198"
Dusan Vemic,V205,SRB,"6' 3""",1.90m,Right-Handed,Two-Handed,1976-06-17,"Zadar, Croatia",1995-01-01,2011-01-01,31,"$821,902"
Boris Pashanski,P642,SRB,"5' 11""",1.80m,Right-Handed,Two-Handed,1982-11-03,"Belgrade, Serbia",2001-01-01,2014-01-01,190,"$837,645"
Nenad Zimonjic,Z072,SRB,"6' 3""",1.91m,Right-Handed,One-Handed,1976-06-04,"Belgrade, Serbia",1995-01-01,,1,"$8,437,703"
Slobodan Zivojinovic,Z006,SRB,"6' 6""",1.98m,Right-Handed,One-Handed,1963-07-23,"Belgrade, Serbia",1981-01-01,1992-01-01,1,"$1,450,654"
Dejan Petrovic,P387,SRB,,,,,,,,,,
Danilo Petrovic,PE02,SRB,"6' 8""",2.03m,Right-Handed,Two-Handed,1992-01-24,"Belgrade, Serbia",2008-01-01,2022-01-01,205,"$408,590"
Pedja Krstin,KD70,SRB,"6' 0""",1.83m,Right-Handed,Two-Handed,1994-09-03,"Mokrin, Serbia",2012-01-01,,554,"$476,330"
Arsenije Zlatanovic,Z245,SRB,"6' 4""",1.93m,Right-Handed,,1989-12-04,"Belgrade, Serbia",2006-01-01,,690,"$44,877"
Marko Tepavac,TC11,SRB,"6' 4""",1.93m,Right-Handed,Two-Handed,1994-04-05,"Belgrade, Serbia",2011-01-01,2022-01-01,584,"$155,408"
Nikola Cacic,CC54,SRB,"6' 0""",1.83m,Right-Handed,Two-Handed,1990-12-07,"Banja Luka, Bosnia and Herzegovina",2007-01-01,2024-01-01,35,"$1,046,150"
Marko Djokovic,D893,SRB,"6' 1""",1.87m,Right-Handed,Two-Handed,1991-08-20,"Belgrade, Serbia",2007-01-01,,323,"$89,765"
Djordje Djuranovic,D0GR,SRB,,,,,,,,,,
Relja Fiser-Dulic,D344,SRB,"5' 11""",1.80m,Left-Handed,,1975-12-31,"Subotica, Serbia",1994-01-01,2007-01-01,383,"$12,742"
Tomas Jaci,J0CD,SRB,,,,,,,,,,
Dusan Korac,K0H1,SRB,,,,,,,,,,
Srdan Muskatirovic,M459,SRB,,,,,1972-04-10,,,,274,"$4,755"
Vladimir Pavicevic,P371,SRB,,,,,1978-01-04,"Kotor, Montenegro",,,,
Petar Popovic,P648,SRB,,,,,,,,,,
Borat Skulj,S0OJ,SRB,,,,,,,,,,
Nicola Spear,S146,SRB,,,Right-Handed,,1944-02-22,"Subotica, Hungary",1965-01-01,1981-01-01,115,
Goran Tosic,T310,SRB,,,Right-Handed,Two-Handed,1982-10-07,"Pančevo, Serbia",1998-01-01,2014-01-01,116,"$143,659"
Dominik Hrbaty,H377,SVK,"5' 11""",1.80m,Right-Handed,Two-Handed,1978-01-04,"Bratislava, Slovakia",1996-01-01,2014-01-01,14,"$7,065,241"
Karol Kucera,K237,SVK,"6' 1""",1.87m,Right-Handed,Two-Handed,1974-03-04,"Bratislava, Slovakia",1992-01-01,2005-01-01,131,"$5,061,125"
Lukas Lacko,L797,SVK,"6' 1""",1.85m,Right-Handed,Two-Handed,1987-11-03,"Piešťany, Slovakia",2005-01-01,2022-01-01,170,"$3,602,283"
Karol Beck,B804,SVK,"5' 11""",1.80m,Right-Handed,Two-Handed,1982-04-03,"Zvolen, Slovakia",2001-01-01,,62,"$2,110,846"
Jan Kroslak,K296,SVK,"6' 2""",1.88m,Right-Handed,,1974-10-17,"Bratislava, Slovakia",1993-01-01,,215,"$1,169,329"
Marian Vajda,V002,SVK,"5' 8""",1.72m,Right-Handed,Two-Handed,1965-03-24,"Považská Bystrica, Slovakia",1984-01-01,1994-01-01,118,"$756,646"
Michal Mertinak,M776,SVK,"5' 11""",1.80m,Right-Handed,Two-Handed,1979-10-11,"Považská Bystrica, Slovakia",1999-01-01,,12,"$1,511,590"
Miloslav Mecir,MF36,SVK,"6' 3""",1.90m,Right-Handed,Two-Handed,1964-05-19,"Bojnice, Slovakia",1982-01-01,1990-01-01,4,"$2,632,538"
Pavol Cervenak,CA22,SVK,"6' 1""",1.85m,Right-Handed,Two-Handed,1987-07-01,"Bratislava, Slovakia, Slovakia",2004-01-01,,253,"$301,988"
Filip Horansky,HA28,SVK,"6' 3""",1.91m,Right-Handed,,1993-01-07,"Piešťany, Slovakia",2012-01-01,2023-01-01,475,"$380,674"
Branislav Stankovic,S079,SVK,,,,,,,,,,
Ivo Klec,K512,SVK,"6' 0""",1.82m,Right-Handed,,1980-11-28,"Bratislava, Slovakia",1999-01-01,2018-01-01,190,"$421,823"
Ladislav Svarc,S772,SVK,"6' 2""",1.88m,Right-Handed,,1978-11-13,"Bratislava, Slovakia",1997-01-01,,218,"$135,227"
Tomas Catar,C430,SVK,,,,,1977-01-19,,,,388,"$43,891"
Victor Bruthans,B664,SVK,,,,,1979-11-09,"Kyjov, Czech Republic",,,240,"$111,244"
Kamil Capkovic,C786,SVK,"6' 5""",1.96m,Right-Handed,Two-Handed,1986-06-02,"Michalovce, Slovakia",,,168,"$227,790"
Branislav Galik,G263,SVK,,,,,1973-10-20,,,,223,"$35,635"
Miloslav Mecir Sr.,M052,SVK,,,,,,,,,,
Filip Polasek,PA46,SVK,"6' 4""",1.93m,Right-Handed,Two-Handed,1985-07-21,"Zvolen, Slovakia",2005-01-01,,7,"$2,638,647"
Jaroslav Vrba,V0E6,SVK,,,,,,,,,,
Aljaz Bedene,BH09,SLO,"6' 0""",1.83m,Right-Handed,Two-Handed,1989-07-18,"Ljubljana, Slovenia",2008-01-01,2022-01-01,127,"$5,153,647"
Blaz Kavcic,K834,SLO,"6' 2""",1.88m,Right-Handed,Two-Handed,1987-03-05,"Ljubljana, Slovenia",2005-01-01,2022-01-01,178,"$2,017,578"
Grega Zemlja,Z189,SLO,"6' 0""",1.83m,Right-Handed,Two-Handed,1986-09-29,"Jesenice, Slovenia",2004-01-01,2017-01-01,252,"$1,242,858"
Luka Gregorc,G527,SLO,"6' 3""",1.90m,Right-Handed,,1984-02-14,"Ljubljana, Slovenia",1999-01-01,2013-01-01,557,"$176,066"
Marko Tkalec,T264,SLO,"5' 10""",1.78m,Right-Handed,,1977-03-17,"Maribor, Slovenia",1997-01-01,2009-01-01,357,"$119,059"
Iztok Bozic,B414,SLO,,,Right-Handed,,1971-09-27,"Maribor, Slovenia",,,345,"$81,097"
Borut Urh,U030,SLO,"6' 3""",1.90m,Right-Handed,,1974-07-28,"Ljubljana, Slovenia",1993-01-01,2000-01-01,160,"$49,943"
Jaka Bozic,B451,SLO,,,,,,,,,,
Boris Breskvar,B846,SLO,,,,,,,,,,
Rok Jarc,J272,SLO,,,,,,,,,,
Tom Kocevar-Desman,H986,SLO,"5' 11""",1.80m,Right-Handed,,1990-07-10,"Ljubljana, Slovenia",,,514,"$41,291"
Andrej Kracman,K408,SLO,"6' 5""",1.96m,Right-Handed,,1982-08-22,"Ljubljana, Slovenia",,,272,"$24,209"
Bostjan Osabnik,O189,SLO,,,Right-Handed,,1982-08-07,,,,501,"$23,061"
Nejc Podkrajsek,PA34,SLO,,,,,,,,,,
Aljaz Radinski,RD96,SLO,"6' 2""",1.88m,Right-Handed,Two-Handed,1995-06-08,"Maribor, Slovenia",,,974,"$11,837"
Nik Razborsek,RB89,SLO,"5' 8""",1.73m,Left-Handed,Two-Handed,1993-10-04,"Ljubljana, Slovenia",2012-01-01,,625,"$51,313"
Martin Rmus,R776,SLO,,,,,,,,,,
Janez Semrajc,SI56,SLO,,,Right-Handed,,1989-07-24,"Ljubljana, Slovenia",,,605,"$67,543"
Matic Spec,SQ44,SLO,,,Right-Handed,Two-Handed,1995-02-26,,,,701,"$24,620"
Tomislav Ternar,TA30,SLO,,,Right-Handed,Two-Handed,1990-09-16,"Murska Sobota, Slovenia",,,541,
Blaz Trupej,T148,SLO,,,Left-Handed,,1972-02-02,"Ljubljana, Slovenia",,,413,"$10,112"
Mike Urbanija,U133,SLO,,,Right-Handed,,1989-12-26,"Murska Sobota, Slovenia",,,541,"$42,413"
Tilen Zitnik,Z316,SLO,,,,,1991-07-02,,,,1033,"$6,990"
Michael Leong,L858,SOL,,,Right-Handed,,1986-03-18,,,,536,"$12,640"
Kevin Anderson,A678,RSA,"6' 8""",2.03m,Right-Handed,Two-Handed,1986-05-18,"Johannesburg, South Africa",2007-01-01,,58,"$17,791,917"
Wayne Ferreira,F196,RSA,"5' 11""",1.82m,Right-Handed,Two-Handed,1971-09-15,"Johannesburg, South Africa",1989-01-01,2005-01-01,9,"$9,969,617"
Wesley Moodie,M759,RSA,"6' 5""",1.96m,Right-Handed,One-Handed,1979-02-14,Durban,2000-01-01,,8,"$2,455,112"
Gary Muller,M096,RSA,"6' 3""",1.90m,Left-Handed,One-Handed,1964-12-27,"Durban, South Africa",1985-01-01,1997-01-01,7,"$1,447,455"
Grant Stafford,S406,RSA,"6' 2""",1.88m,Right-Handed,Two-Handed,1971-05-27,"Johannesburg, South Africa",1990-01-01,2000-01-01,42,"$1,307,208"
Marcos Ondruska,O098,RSA,"6' 0""",1.83m,Right-Handed,Two-Handed,1972-12-18,"Bloemfontein, South Africa",1989-01-01,2005-01-01,34,"$1,835,129"
Neville Godwin,G288,RSA,"5' 8""",1.73m,Right-Handed,,1975-01-31,"Johannesburg, South Africa",1994-01-01,2003-01-01,57,"$912,783"
Christo Van Rensburg,V014,RSA,"6' 1""",1.86m,Right-Handed,One-Handed,1962-10-23,"Uitenhage, South Africa",1983-01-01,1997-01-01,5,"$1,907,831"
Rik De Voest,D424,RSA,"5' 11""",1.80m,Right-Handed,Two-Handed,1980-06-05,"Milan, Italy",1999-01-01,2014-01-01,39,"$1,349,991"
David Nainkin,N101,RSA,"6' 0""",1.83m,Right-Handed,,1970-09-20,"Durban, South Africa",1992-01-01,,138,"$501,132"
David Adams,A177,RSA,"6' 2""",1.88m,Right-Handed,,1970-01-05,"Durban, South Africa",1989-01-01,,9,"$2,534,247"
Izak Van der Merwe,V379,RSA,"6' 5""",1.96m,Right-Handed,One-Handed,1984-01-26,"Johannesburg, South Africa",2005-01-01,2014-01-01,94,"$430,017"
Ellis Ferreira,F185,RSA,"6' 2""",1.88m,Left-Handed,,1970-02-19,"Pretoria, South Africa",1992-01-01,,2,"$2,378,295"
Fritz Wolmarans,W421,RSA,,,Left-Handed,Two-Handed,1986-03-07,"Bloemfontein, South Africa",,,412,"$172,382"
Raven Klaasen,K609,RSA,"5' 10""",1.78m,Right-Handed,Two-Handed,1982-10-16,"Cape Town, South Africa",2002-01-01,,7,"$3,843,777"
Justin Bower,B645,RSA,"6' 3""",1.91m,Left-Handed,,1978-05-23,"Johannesburg, South Africa",,,170,"$166,067"
Piet Norval,N100,RSA,"6' 1""",1.85m,Right-Handed,,1970-04-07,"Cape Town, South Africa",1988-01-01,2001-01-01,16,"$1,832,303"
Mark Kaplan,K150,RSA,"6' 1""",1.85m,Right-Handed,,1967-12-20,"Johannesburg, South Africa",,,219,"$189,570"
Robbie Koenig,K219,RSA,"5' 8""",,Right-Handed,One-Handed,1971-07-05,"Durban, South Africa",1992-01-01,2005-01-01,28,"$944,191"
Danie Visser,V032,RSA,"5' 11""",1.80m,Left-Handed,,1961-07-26,"Rustenburg, South Africa",1982-01-01,,1,"$1,526,314"
Lan Bale,B308,RSA,"5' 7""",1.70m,Right-Handed,,1969-09-07,"Pietermaritzburg, South Africa",1991-01-01,,27,"$514,265"
Howard Joffe,J093,RSA,,,,,1971-10-24,"Johannesburg, South Africa",,,345,
Chris Haggard,H340,RSA,"5' 10""",1.78m,Left-Handed,,1971-04-28,"Pretoria, South Africa",1993-01-01,,19,"$1,196,035"
Nicolaas Scholtz,SK41,RSA,,,Right-Handed,,1991-02-05,"Caledon, South Africa",,,251,"$92,596"
Brent Haygarth,H234,RSA,"6' 1""",1.85m,Right-Handed,,1967-12-27,"Durban, South Africa",,,40,"$624,649"
Dick Bosse,B394,RSA,,,Right-Handed,,1967-08-01,,,,482,"$16,567"
John-Laffnie de Jager,D211,RSA,"6' 4""",1.93m,Right-Handed,,1973-03-17,"Johannesburg, South Africa",1992-01-01,2003-01-01,11,"$1,357,700"
Jeff Coetzee,C493,RSA,"5' 8""",1.72m,Right-Handed,,1977-04-25,"Okiep, South Africa",1996-01-01,,12,"$970,175"
Andrew Anderson,A438,RSA,"6' 4""",1.93m,Right-Handed,,1983-04-08,"Johannesburg, South Africa",2002-01-01,,315,"$54,889"
Johan De Beer,D213,RSA,,,,,1972-06-01,"Pretoria, South Africa",,1994-01-01,92,"$53,581"
Clinton Marsh,M411,RSA,"6' 2""",,Right-Handed,,1972-01-19,"Durban, South Africa",1990-01-01,,339,"$63,729"
Harold Aitken,AE71,RSA,,,,,,,,,,
Pieter Aldrich,A066,RSA,"5' 11""",1.80m,Right-Handed,,1965-09-07,"Johannesburg, South Africa",1987-01-01,,1,"$790,019"
Jean Andersen,A741,RSA,"6' 3""",1.9m,Right-Handed,Two-Handed,1988-06-17,"Cape Town, South Africa",2011-01-01,,,"$29,063"
Paul Avis,A113,RSA,,,,,1958-04-14,"Springs, South Africa",,,,
L. Badenhorst,B0KK,RSA,,,,,,,,,,
Nick Badenhorst,B105,RSA,,,,,,,,,,
Mel Baleson,B809,RSA,"5' 7""",,,,,,,,,
Marius Barnard,B324,RSA,"6' 2""",1.88m,Right-Handed,,1969-01-20,"Cape Town, South Africa",1988-01-01,,44,"$793,416"
D Belesson,B901,RSA,,,,,,,,,,
Byron Bertram,B130,RSA,"6' 0""",1.83m,Right-Handed,One-Handed,1952-10-29,"Johannesburg, South Africa",1970-01-01,1980-01-01,51,
Maxwell Bertram,BQ00,RSA,,,Right-Handed,,1911-02-11,,,,,
Danny Beukes,B0L9,RSA,,,,,,,,,,
Gordon Birt,B232,RSA,,,,,,,,,,
M. Blakeway,B0KZ,RSA,,,,,,,,,,
H.M. Bond,B0LF,RSA,,,,,,,,,,
P. Bonfa,B0KY,RSA,,,,,,,,,,
Cyril Botha,BO38,RSA,,,,,,,,,,
Dean Botha,B063,RSA,"5' 9""",,Right-Handed,,1964-03-30,"East London, South Africa",,,230,"$21,995"
Jan Botha,B0J4,RSA,,,,,,,,,,
N. Botha,B0L4,RSA,,,,,,,,,,
Les Bowring,B0KJ,RSA,,,,,,,,,,
John Bozas,B0J3,RSA,,,,,,,,,,
Clive Brebnor,BB88,RSA,,,,,,,,,,
Keith Brebnor,BB96,RSA,,,,,,,,,,
Dennis Breetzke,BC04,RSA,,,,,,,,,,
Frank Briscoe,BB51,RSA,,,,,,,,,,
John Bryant,BM34,RSA,,,,,,,,,,
Andrew Burrow,B082,RSA,"5' 10""",,Right-Handed,,1963-06-17,"George, South Africa",,,227,
Barry Butcher,BM80,RSA,,,,,,,,,,
Ricky Buwalda,B278,RSA,,,,,,,,,,
M. Cairns,C0JC,RSA,,,,,,,,,,
Craig Campbell,C006,RSA,"6' 3""",1.91m,Right-Handed,,1963-07-18,"Cape Town, South Africa",1986-01-01,,169,"$65,931"
Derek Capell,CI83,RSA,,,,,,,,,,
Peter Carter,C0JD,RSA,"5' 11""",,Right-Handed,One-Handed,1964-08-09,"Adelaide, Australia",,,117,"$70,705"
A. Chappell,C0JI,RSA,,,,,,,,,,
Rory Chappell,C084,RSA,,,Left-Handed,,1959-01-13,"Johannesburg, South Africa",,,195,
Anthony Charnock,CI58,RSA,,,,,,,,,,
Nigel Cockburn,CI82,RSA,,,,,,,,,,
Jacobus Coetzer,C0J9,RSA,,,,,,,,,,
Jack Condon,CJ25,RSA,,,,,1903-09-09,"Johannesburg, South Africa",,,,
D.V. Connor,CJ08,RSA,,,,,,,,,,
Robert Connor,CI95,RSA,,,,,,,,,,
D. Conradie,C0JB,RSA,,,,,,,,,,
Brian Copley,C923,RSA,,,,,,,,,,
Larry Cousins,C0HQ,RSA,,,,,,,,,,
E. Coutts,CK75,RSA,,,,,,,,,,
Pat Cramer,C091,RSA,,,Right-Handed,,1947-03-21,"Brakpan, South Africa",,,95,
Ewie Cronje,C0JA,RSA,,,,,1939-07-23,"Bethulie, South Africa",,,,
Lleyton Cronje,C0CN,RSA,,,,,,,,,,
Ian Douglas Cunningham,C0IY,RSA,,,,,,,,,,
Jon Daly,D0GV,RSA,,,,,,,,,,
Stanley Davidson,DD63,RSA,,,,,1894-03-03,,,,,
Jacob Coenraad De Klerk,DE03,RSA,,,,,,,,,,
Kenneth de Koning,D0GC,RSA,,,,,,,,,,
John De St. Croix,D0GM,RSA,,,,,,,,,,
Jannie De Villiers,D0GN,RSA,,,,,,,,,,
Henri De Wet,D010,RSA,"6' 2""",,Right-Handed,,1962-03-01,"Klerksdorp, South Africa",,,167,"$18,254"
Michael De Wet,DD62,RSA,,,,,,,,,,
John De Zeeuw,D149,RSA,,,,,,,,,,
Royce Deppe,D094,RSA,"6' 2""",1.88m,Right-Handed,,1965-08-11,"Durban, South Africa",1988-01-01,,75,"$192,064"
Bryan Desatnik,D0G7,RSA,,,,,,,,,,
Colin Diederichs,DC85,RSA,,,,,,,,,,
Keith Diepraam,D139,RSA,,,Right-Handed,,1942-09-11,"Johannesburg, South Africa",,,,
George Dodd,DF36,RSA,,,,,1882-01-16,"Port Alfred, South Africa",,,,
Neil Dryden,D0GU,RSA,,,,,,,,,,
Cliff Drysdale,D082,RSA,"6' 2""",1.89m,Right-Handed,Two-Handed,1941-05-26,"Nelspruit, South Africa",,1980-01-01,4,
Theo Du Plessis,D0FS,RSA,,,,,,,,,,
Morees Dubruyn,D043,RSA,,,,,,,,,,
John Eagleton,E073,RSA,,,Right-Handed,,,,,,272,
Eddie Edwards,E006,RSA,"6' 3""",1.91m,Right-Handed,,1956-07-03,"Johannesburg, South Africa",,,40,"$441,869"
Colin Eedes,E937,RSA,,,,,,,,,,
David Egdes,E008,RSA,,,,,,,,,,
M. Ellis,E0C0,RSA,,,,,,,,,,
Trevor Fancutt,F135,RSA,,,,,1934-07-14,"Kokstad, South Africa",,,,
Eustace Fannin,FA12,RSA,,,Right-Handed,,1915-06-28,"Ixopo, South Africa",,,,
Norman Farquharson,FA24,RSA,,,,,1907-07-18,"Johannesburg, South Africa",,,,
Buster Farrer,F988,RSA,,,,,1936-12-08,"King William's Town, South Africa",,,,
Anthony Fawcett,F100,RSA,,,,,,Uxbridge,,,,
Gustav Fichardt,F021,RSA,"6' 1""",1.85m,Right-Handed,,1965-07-07,"Pretoria, South Africa",,,720,"$5,892"
Steve Fine,F925,RSA,,,,,,,,,,
N. Folker,F0EN,RSA,,,,,,,,,,
Gordon Forbes,F072,RSA,,,Right-Handed,,1934-02-21,"Burgersdorp, South Africa",,,,
James Forbes,F994,RSA,,,,,,,,,,
Bill Freer,F076,RSA,,,,,,,,,,
Albert Gaertner,GF83,RSA,,,,,,,,,,
Graydon Garner,G154,RSA,,,,,,,,,,
Victor Gauntlett,GI23,RSA,,,,,,,,,,
Craig Gold,G0GN,RSA,,,,,,,,,,
Roche Goosen,GG37,RSA,,,,,,,,,,
Louis Gordon,G0HG,RSA,,,,,,,,,,
Sidney Gordon,G800,RSA,,,,,,,,,,
Peter Gray,GF84,RSA,,,,,,,,,,
R. Gray,GF81,RSA,,,,,,,,,,
Warren Green,G044,RSA,,,,,,,,,
John Hammill,H175,RSA,,,,,,,,,
John Harrison,H0FO,RSA,,,,,,,,,,
Paul Hartopp,H0FN,RSA,,,,,,,,,,
Dennis Hayes,H0EV,RSA,,,,,,,,,,
Timothy Heckler,HC62,RSA,,,,,,,,,,
John Hendrie,HE15,RSA,,,,,,,,,,
Howard Herr,H013,RSA,"5' 7""",,Right-Handed,,1962-08-16,"Durban, South Africa",,,425,"$19,629"
Bob Hewitt,H058,RSA,"6' 3""",1.91m,Right-Handed,One-Handed,1940-01-12,"Dubbo, New South Wales, Australia",,1983-01-01,1,"$613,837"
A. Hill,H0EW,RSA,,,,,,,,,,
D. Hillen,H0FQ,RSA,,,,,,,,,,
J. Holthouse,HE50,RSA,,,,,,,,,,
Charles Honey,H032,RSA,,,Right-Handed,,,"Johannesburg, South Africa",,,92,
B.A. Hopkins,H0II,RSA,,,,,,,,,,
Byron Humphrey,H0FR,RSA,,,,,,,,,,
John Hurry,HC73,RSA,,,,,1920-01-02,,,,,
G.W.V. Hurst,HE49,RSA,,,,,,,,,,
C. Jakins,J0CC,RSA,,,,,,,,,,
Michael Jennett,J603,RSA,,,,,,,,,,
Conrad Johnson,J0CJ,RSA,,,,,,,,,,
B. Johnston,J579,RSA,,,,,,,,,,
Richard Jooste,J0CF,RSA,,,,,,,,,,
Deon Joubert,J021,RSA,,,Left-Handed,,,"Orange Free State, South Africa",,,56,
Peter Jubber,J0CE,RSA,,,,,,,,,,
Kerneels Kasch,K0H4,RSA,,,,,,,,,,
Errol Kilov,K0G0,RSA,,,,,,,,,,
Vernon Kirby,KG03,RSA,"5' 7""",1.71m,Left-Handed,,1911-06-22,"Durban, South Africa",,1947-01-01,9,
Harold Kitson,KH47,RSA,,,Right-Handed,One-Handed,1874-06-17,"Richmond, South Africa",,1914-01-01,,
John Kitson,KG64,RSA,,,,,,,,,,
Gaetan Koenig,KF61,RSA,,,,,,,,,,
Julian Krinsky,K100,RSA,,,,,,,,,,
Rauty Krog,K102,RSA,,,,,,,,,,
Ruan Kruger,K0G1,RSA,,,,,,,,,,
Johann Kupferburger,KF76,RSA,,,,,,"Pretoria, South Africa",,1958-01-01,,
Peter Lamb,L056,RSA,,,Right-Handed,,1959-03-12,,,,853,
Derek Lawer,LE54,RSA,,,,,,,,,,
Steve Le Roux,LE19,RSA,,,,,,,,,,
R.F. Le Sueur,LG61,RSA,,,,,,,,,,
Brian Levine,L022,RSA,"6' 0""",1.83m,Right-Handed,,1958-08-20,"Cape Town, South Africa",1982-01-01,,44,
Sydney Levy,LE86,RSA,,,,,1922-10-17,,,,,
Julian Lezard,LG18,RSA,,,,,1902-02-14,"Kimberley, South Africa",,,,
G. Loader,LE20,RSA,,,,,,,,,,
T. Long,L0FM,RSA,,,,,,,,,,
Chris Louw,L095,RSA,,,,,,,,,,
Jannie Louw,LE16,RSA,,,,,,,,,,
B.C. Lowe,LF96,RSA,,,,,,,,,,
A. Lowenberg,L0H3,RSA,,,,,,,,,,
David Lurie,LE89,RSA,,,,,,,,,,
Denys Maasdorp,M002,RSA,"6' 0""",,Right-Handed,,1963-06-17,"Grahamstown, South Africa",,,129,"$28,846"
Andre Makkink,M0KI,RSA,,,,,,,,,,
Jeremie Malan,M0KK,RSA,,,,,,,,,,
Roy Malcolm,MQ78,RSA,,,,,,,,,,
John Maloney,MQ26,RSA,,,,,,,,,,
Rodney Mandelstam,M939,RSA,,,,,1942-04-08,"Boksburg, South Africa",,1974-01-01,,
Pierre Manidis,M0M8,RSA,,,,,,,,,,
G. Marais,M0M7,RSA,,,,,,,,,,
Marius Masencamp,M001,RSA,,,,,1966-09-06,,,,365,"$15,475"
Dennis Matthews,MD25,RSA,,,,,,,,,,
Robert Maud,M140,RSA,"5' 11""",1.81m,Right-Handed,,1946-08-12,"Johannesburg, South Africa",,,,
Julian Mayers,MQ27,RSA,,,,,,,,,,
Frank McDonald,M968,RSA,,,,,,,,,,
N. McDonough,M0SJ,RSA,,,,,,,,,,
Frew McMillan,M111,RSA,"6' 0""",1.83m,Right-Handed,,1942-05-20,"Springs, South Africa",,1983-01-01,1,"$609,072"
Ryan Meara,M0M6,RSA,"6' 4""",1.93m,,,,,,,,
Dave Michau,MP66,RSA,,,,,,,,,,
R. Milligan,M0MF,RSA,,,,,,,,,,
Bernard Mitton,M072,RSA,"6' 1""",1.87m,Right-Handed,,1954-09-11,"Vryburg, South Africa",1973-01-01,1984-01-01,20,
Barry Moir,M076,RSA,"5' 11""",1.80m,Right-Handed,,1963-06-01,"Johannesburg, South Africa",,,163,"$193,347"
Kevin Moir,M075,RSA,"6' 2""",1.88m,Right-Handed,,1961-10-14,"Johannesburg, South Africa",1983-01-01,,307,"$44,047"
Sheppard Mojanaga,M0MM,RSA,,,,,,,,,,
Raymond Moore,M118,RSA,"6' 0""",1.83m,Right-Handed,One-Handed,1946-08-24,"Johannesburg, South Africa",,1983-01-01,34,
O.S. Morris,M0SK,RSA,,,,,,,,,,
William Muir,MS29,RSA,,,,,,,,,,
Mike Myburg,M124,RSA,,,Right-Handed,,1953-06-23,"Uitenhage, South Africa",,,143,
Lew Norgarb,N200,RSA,,,,,,,,,,
Brent Pirow,P036,RSA,,,,,1959-02-06,,,,254,
Quentin Pretorius,P576,RSA,,,,,,,,,,
Willem Prinsloo,P084,RSA,,,,,1954-02-25,,,,81,
Frank Puncec,P055,RSA,,,,,1951-07-09,,,,179,
Louis Raymond,RF36,RSA,,,Left-Handed,,1895-06-28,"Pretoria, South African Republic",,,,
Colin Rees,RD88,RSA,,,,,,,,,,
Colin Robbins,RE79,RSA,,,Left-Handed,,1905-02-05,"Natal, South Africa",,,,
Mikael Robertson,R312,RSA,,,,,,,,,,
Ruan Roelofse,RA24,RSA,"6' 2""",1.88m,Right-Handed,,1989-11-18,"Cape Town, South Africa",,,122,"$224,927"
Terry Ryan,R078,RSA,,,,,1942-04-27,"Johannesburg, South Africa",,,100,
David Samaai,ST24,RSA,,,Right-Handed,,1927-12-19,"Paarl, Western Cape, South Africa",,,,
Robin Sanders,SS42,RSA,,,,,,,,,,
Freddie Sauer,S110,RSA,,,Right-Handed,,1961-08-02,"Potgietersrus, South Africa",,,79,"$80,690"
Derek Schroder,SS02,RSA,,,,,1940-04-26,,,,214,
Derek Schroder,S243,RSA,,,,,1940-04-26,,,,214,
Rayno Seegers,S138,RSA,,,,,1952-02-29,,,,163,
Abe Segal,S242,RSA,,,Left-Handed,One-Handed,1930-10-23,"Johannesburg, South Africa",,,,
Russell Seymour,ST14,RSA,,,,,,,,,,
Christo Steyn,S084,RSA,"6' 1""",1.85m,Right-Handed,,1961-05-01,"Springs, South Africa",,,23,"$252,274"
Eric William Sturgess,S261,RSA,,,,,,,,,,
Reyno Summers,S247,RSA,,,,,,,,,,
Rohan Summers,SS00,RSA,,,,,,,,,,
Lewis Sylvester,SR44,RSA,,,,,1998-02-20,,,,,
Robert Trogolo,T052,RSA,"5' 11""",1.80m,Right-Handed,,1953-06-15,"Johannesburg, South Africa",,,126,
Andre Van der Merwe,V371,RSA,,,,,,,,,,
Schalk Van Der Merwe,V048,RSA,,,Right-Handed,,1961-04-16,"Robertson, Cape Province",,,81,
Peter Van Lingen,V317,RSA,,,Right-Handed,,1943-02-08,,,,,
Robbie Venter,V022,RSA,,,Left-Handed,,1960-05-07,"Boksburg, South Africa",,,82,
Ian Vermaak,V874,RSA,,,Right-Handed,,1933-03-28,"Empangeni, South Africa",,,10,
Tian C. Viljoen,V041,RSA,"6' 4""",1.93m,Right-Handed,,1961-04-10,"Pretoria, South Africa",,,49,
Tucker Vorster,V600,RSA,"6' 5""",1.96m,Right-Handed,Two-Handed,1988-09-03,"Pretoria, South Africa",,,258,"$60,140"
H.L. Walcott,W898,RSA,,,,,,,,,,
Mervyn Webster,W0BM,RSA,,,,,,,,,,
Raymond Weedon,W766,RSA,,,,,,,,,,
Owen Williams,W103,RSA,,,Right-Handed,,1931-06-23,"Idutywa, South Africa",,1959-01-01,,
Bryan Woodroffe,W809,RSA,,,,,1929-12-06,"Johannesburg, South Africa",,,,
David Wright,W797,RSA,,,,,,,,,,
John Yuill,Y008,RSA,,,Right-Handed,,1948-12-12,"Durban, South Africa",,1983-01-01,480,
Colin Zeeman,Z404,RSA,,,,,,,,,,
W. Muller,MR11,RSA,,,,,,,,,,
Walter Musgrove,MS11,RSA,,,,,,,,,,
John Nicholson,N807,RSA,,,,,,,,,,
Leon Norgarb,N803,RSA,,,,,,,,,,
Brian Norton,N866,RSA,,,,,1899-10-10,"Robben Island, South Africa",,,7,
Jack O'Shea,O576,RSA,"5' 9""",1.75m,,,1957-11-19,"Cahersiveen, County Kerry",,,,
Brian Page,PI40,RSA,,,,,1966-05-08,"Minneapolis–Saint Paul, MN, U.S.",1988-01-01,,113,
Dave Phillips,PH91,RSA,,,,,,,,,,
Louis Pretorius,PH65,RSA,,,,,,,,,,
R.F. Quennessen,Q973,RSA,,,,,,,,,,
Ivie Richardson,RF65,RSA,,,,,1895-01-16,"Vereeniging, South Africa",,,,
John Richardson,RG50,RSA,,,,,1873-06-24,"Antananarivo, Madagascar",,,,
Brian Rooke,RE68,RSA,,,,,,,,,,
Jackie Saul,S250,RSA,,,,,,,,,,
Gerald Sherwell,SV00,RSA,,,Right-Handed,,1889-05-12,"Transvaal, South Africa",,,,
Gordon Simmonds,S122,RSA,,,,,,,,,,
Matthew Smith,S0QB,RSA,,,,,,,,,,
Patrick Spence,SU75,RSA,,,Right-Handed,One-Handed,1898-02-11,"Queenstown, South Africa",,1936-01-01,,
Paul Spengler,SR42,RSA,,,,,,,,,,
Robin Spengler,SS78,RSA,,,,,,,,,,
Mike Styles,S168,RSA,,,,,,,,,,
Byron Talbot,T004,RSA,"6' 0""",1.83m,Right-Handed,,1964-09-15,"Johannesburg, South Africa",1988-01-01,,20,"$861,245"
Francois Van Der Merwe,V125,RSA,,,,,,,,,,
W.L. Van Ryn,V968,RSA,,,,,,,,,,
Charles Winslow,W932,RSA,,,Right-Handed,One-Handed,1888-08-01,"Leamington, England",,1925-01-01,,
Alexander Wood,W772,RSA,,,,,,,,,,
E. Youatt,Y0AQ,RSA,,,,,,,,,,
Robert Morrison,M0KJ,RSA,,,,,,,,,,
Peter Mors,MD19,RSA,,,,,,,,,,
Greg Muller,M446,RSA,,,,,,,,,,
Johnny Muller,M354,RSA,,,,,,,,,,
Stan Myerson,MP63,RSA,,,,,,,,,,
Leon Naude,N052,RSA,,,,,,,,,,
Gerrie Nel,N783,RSA,,,,,,,,,,
Anthony Newnham,N0D1,RSA,,,,,,,,,,
Bokkie Niemand,N784,RSA,,,,,,,,,,
Dean O'Brien,O420,RSA,,,,,1978-09-02,,,,,
H. Pienaar,P0H8,RSA,,,,,,,,,,
Jerome Pienaar,P0H9,RSA,,,,,,,,,,
Lennart Ploughmann,PH90,RSA,,,,,,,,,,
Nick Pretorius,P0H4,RSA,,,,,,,,,,
Stephanus Reinach,R0GA,RSA,,,,,,,,,,
Tertius Reynders,R400,RSA,,,,,,,,,424,
Michael Reynolds,R0FH,RSA,,,,,,,,,,
Dainis Riekstins,R0GH,RSA,,,,,,,,,,
G. Roberts,R0GE,RSA,,,,,,,,,,
Terry Rosenberg,R0GB,RSA,,,,,,,,,,
Cyril Rudman,R094,RSA,,,,,,,,,,
George Rudman,R085,RSA,,,,,,,,,,
Grant Saacks,S003,RSA,"6' 3""",,Right-Handed,,,,,,738,
Jeff Sacks,SS06,RSA,,,,,,,,,,
Errol Sapire,SS05,RSA,,,,,,,,,,
Johann Scholtemeyer,S0PT,RSA,,,,,,,,,,
Alfred Schwartz,S0ND,RSA,,,,,,,,,,
Roy Schwegmann,SS09,RSA,,,,,,,,,,
Derek Segal,S035,RSA,"5' 10""",,,,1960-05-07,"Johannesburg, South Africa",,,270,
Jacques Sellschop,S0XC,RSA,,,,,,,,,,
Ralph Sender,SE28,RSA,,,,,,,,,,
M. Senior,S0PK,RSA,,,,,,,,,,
D. Shaw,S0QA,RSA,,,,,,,,,,
Morris Shongwe,S0QR,RSA,,,,,,,,,,
Graham Silberman,SD95,RSA,,,,,,,,,,
Hyung-Taik Lee,L311,KOR,"5' 11""",1.80m,Right-Handed,One-Handed,1976-01-03,"Hoengseong, South Korea",1995-01-01,2009-01-01,95,"$2,355,686"
Yong-Il Yoon,Y033,KOR,"5' 9""",1.75m,Right-Handed,,1973-09-23,"Daegu, South Korea",1996-01-01,,188,"$190,990"
Bong-Soo Kim,K068,KOR,,,,,,,,,,
Han-Cheol Shin,S459,KOR,,,,,1970-03-23,,,,476,"$13,628"
Woong-Sun Jun,J263,KOR,"6' 3""",1.90m,Right-Handed,,1986-06-14,"Seoul, South Korea",2005-01-01,,253,"$172,182"
Eui-Jong Chang,C321,KOR,,,,,,,,,,
Hyun-Woo Nam,N430,KOR,,,,,,,,,,
Chi-Wan Kim,K223,KOR,"5' 11""",,,,1968-10-01,"Ulsan, South Korea",,,301,"$11,195"
Seung-Ho Ji,J096,KOR,,,,,,,,,,
Daniel Yoo,Y114,KOR,"5' 11""",1.80m,Left-Handed,Two-Handed,1985-09-25,"Daejeon, South Korea",,,425,"$81,496"
Kyu Tae Im,I145,KOR,"6' 1""",1.85m,Right-Handed,,1981-01-06,"Seoul, South Korea",2001-01-01,2013-01-01,160,"$170,734"
Jae-Sik Kim,K215,KOR,,,,,,,,,,
Jae-Sung An,A478,KOR,,,Right-Handed,,1985-05-28,"Suncheon, South Korea",,,454,"$77,609"
Nam-Ju Bae,B385,KOR,,,,,1965-12-05,,,,399,
Seung-Bok Baek,B543,KOR,,,,,1974-01-20,,,,669,"$11,243"
Min-Hyeok Cho,J344,KOR,,,Right-Handed,Two-Handed,1987-01-17,"Seoul, South Korea",,,820,"$28,949"
Soong-Jae Cho,CC09,KOR,,,Right-Handed,Two-Handed,1990-12-20,"Seoul, South Korea",,,536,"$28,949"
Hee-Seok Chung,C570,KOR,,,Right-Handed,,1977-01-29,,,,477,"$34,345"
Hee-Sung Chung,C485,KOR,,,,,,,,,,
Hong Chung,CF07,KOR,,,,,,,,,,
Yong-Ho Chung,C0EO,KOR,,,,,,,,,,
Min-Kyu Han,H329,KOR,,,,,1973-03-31,,,,679,
Chang-Dae Jeon,J043,KOR,,,,,,,,,,
Young-Dae Jeon,J045,KOR,,,,,,,,,,
Suk-Young Jeong,J452,KOR,,,Right-Handed,Two-Handed,1993-04-12,"Busan, South Korea",,,466,"$55,015"
Bong-Suk Kim,KF03,KOR,,,,,,,,,,
Choon-Ho Kim,K131,KOR,,,,,,,,,,
Dong-Hyun Kim,K314,KOR,,,,,,,,,,
Doo-Hwan Kim,K0DQ,KOR,,,,,,,,,,
Hyun-Joon Kim,K981,KOR,,,Left-Handed,,1987-10-27,"Seoul, South Korea",,,530,"$22,118"
Moon Il Kim,K517,KOR,,,,,,,,,,
Sung Bae Kim,K518,KOR,,,,,,,,,,
Young-Jun Kim,K417,KOR,,,,,,,,,,
Sun-Yong Kim Jr.,K675,KOR,,,,,,,,,,
B. Kin,KE57,KOR,,,,,,,,,,
Oh-Hee Kwon,K418,KOR,,,Right-Handed,,1978-06-18,,,,452,"$89,760"
Ek-Son Lee,L0JF,KOR,,,,,,,,,,
Jin-So Lee,L244,KOR,,,,,,,,,,
Sang-Hoon Lee,L298,KOR,,,,,,,,,,
Seung-Hoon Lee,L404,KOR,"5' 10""",1.77m,,,1988-03-06,"Seoul, South Korea",,,,
Woo-Ryong Lee,L149,KOR,"5' 8""",,,,1961-04-08,"Gimhae, South Korea",,,618,
Yong-Kyu Lim,L918,KOR,"6' 1""",,Right-Handed,,1991-06-18,"Andong, South Korea",,,212,"$123,309"
Young Min Kwon,M386,KOR,,,,,,,,,,
Jung-Woong Na,N653,KOR,,,,,1992-10-31,,,,966,"$47,400"
Minjong Park,M0FX,KOR,,,,,,,,,,
Gap-Taik Ro,R100,KOR,"5' 8""",,Right-Handed,,1964-05-03,"Gyeonggi-do, South Korea",,,451,
Jae-Min Seol,SJ47,KOR,,,Right-Handed,One-Handed,1990-01-15,"Gyeonggi Province, South Korea",,,584,"$16,399"
Dong-Wook Song,S213,KOR,,,,,1962-08-20,,,,,
Hyeong-Keun Song,S551,KOR,"5' 8""",,,,1974-09-16,,,,470,"$13,311"
MinKyu Song,SN70,KOR,,,,,,,,,,
Hyun-Joon Suk,SC57,KOR,,,Right-Handed,,1985-06-09,"Pohang, South Korea",,,1315,
Jin-Sun Yoo,Y010,KOR,,,,,1962-07-12,"Seocheon, Chungcheongnam-do",,,,
Jong-Woong Yoon,Y034,KOR,,,,,,,,,,
Feliciano Lopez,L397,ESP,"6' 2""",1.88m,Left-Handed,One-Handed,1981-09-20,"Toledo, Spain",1997-01-01,2023-01-01,9,"$18,706,677"
Nicolas Almagro,A479,ESP,"6' 0""",1.83m,Right-Handed,One-Handed,1985-08-21,Murcia,2003-01-01,,48,"$10,752,234"
Fernando Verdasco,V306,ESP,"6' 2""",1.88m,Left-Handed,Two-Handed,1983-11-15,"Madrid, Spain",2001-01-01,,8,"$18,361,106"
Carlos Moya,M605,ESP,"6' 3""",1.91m,Right-Handed,Two-Handed,1976-08-27,"Palma, Mallorca, Spain",1995-01-01,,108,"$13,443,970"
Rafael Nadal,N409,ESP,"6' 1""",1.85m,Left-Handed,Two-Handed,1986-06-03,"Manacor, Mallorca, Spain",2001-01-01,,26,"$134,946,100"
Tommy Robredo,R419,ESP,"5' 11""",1.80m,Right-Handed,One-Handed,1982-05-01,"Hostalric, Spain",1998-01-01,2022-01-01,16,"$13,456,460"
David Ferrer,F401,ESP,"5' 9""",1.75m,Right-Handed,Two-Handed,1982-04-02,"Xàbia, Alicante, Spain",2000-01-01,2019-01-01,42,"$31,483,911"
Juan Carlos Ferrero,F316,ESP,"6' 0""",1.83m,Right-Handed,Two-Handed,1980-02-12,"Ontinyent, Spain",1998-01-01,2012-01-01,198,"$13,992,895"
Alex Corretja,C344,ESP,"5' 11""",1.80m,Right-Handed,One-Handed,1974-04-11,"Barcelona, Spain",1991-01-01,2005-01-01,50,"$10,411,354"
Guillermo Garcia-Lopez,G476,ESP,"6' 2""",1.88m,Right-Handed,One-Handed,1983-06-04,"La Roda, Spain",2002-01-01,2021-01-01,27,"$8,451,851"
Albert Costa,C378,ESP,"5' 11""",1.80m,Right-Handed,One-Handed,1975-06-25,"Lleida, Spain",1993-01-01,2006-01-01,102,"$7,673,478"
Sergi Bruguera,B350,ESP,"6' 2""",1.88m,Right-Handed,Two-Handed,1971-01-16,"Barcelona, Spain",1988-01-01,2002-01-01,49,"$11,632,199"
Marcel Granollers,G710,ESP,"6' 3""",1.91m,Right-Handed,Two-Handed,1986-04-12,"Barcelona, Spain",2003-01-01,,1,"$15,025,867"
Albert Montanes,M824,ESP,"5' 9""",1.75m,Right-Handed,One-Handed,1980-11-26,"Sant Carles de la Ràpita, Spain",1999-01-01,2017-01-01,73,"$5,866,340"
Carlos Costa,C179,ESP,"5' 11""",1.82m,Right-Handed,One-Handed,1968-04-22,"Barcelona, Spain",1988-01-01,1999-01-01,40,"$3,134,189"
Felix Mantilla,M535,ESP,"5' 11""",1.80m,Right-Handed,One-Handed,1974-09-23,"Barcelona, Spain",1993-01-01,,208,"$5,311,964"
Albert Portas,P305,ESP,"6' 2""",1.88m,Right-Handed,Two-Handed,1973-11-15,"Barcelona, Spain",1994-01-01,2007-01-01,56,"$2,972,633"
Galo Blanco,B518,ESP,"5' 8""",1.73m,Right-Handed,One-Handed,1976-10-08,"Oviedo, Spain",1995-01-01,2006-01-01,338,"$1,832,691"
Jordi Burillo,B429,ESP,"6' 1""",1.87m,Right-Handed,Two-Handed,1972-12-07,"Barcelona, Spain",1991-01-01,,100,"$1,198,126"
Javier Sanchez,S015,ESP,"5' 9""",1.77m,Right-Handed,,1968-02-01,"Pamplona, Spain",1986-01-01,2000-01-01,9,"$4,427,811"
Francisco Clavet,C252,ESP,"6' 0""",1.83m,Left-Handed,Two-Handed,1968-10-24,"Madrid, Spain",1988-01-01,2003-01-01,89,"$4,278,632"
Daniel Gimeno-Traver,G676,ESP,"6' 0""",1.83m,Right-Handed,Two-Handed,1985-08-07,"Valencia, Spain",2004-01-01,,63,"$3,186,839"
Fernando Vicente,V195,ESP,"5' 11""",1.80m,Right-Handed,One-Handed,1977-03-08,"Benicarló, Spain",1996-01-01,2011-01-01,61,"$2,917,616"
Alex Calatrava,C361,ESP,,,,,,,,,,
Emilio Sanchez,S014,ESP,"5' 11""",1.80m,Right-Handed,One-Handed,1965-05-29,"Madrid, Spain",1984-01-01,1998-01-01,1,"$5,332,145"
Alberto Martin,M590,ESP,"5' 9""",1.75m,Right-Handed,One-Handed,1978-08-20,"Barcelona, Spain",1995-01-01,,64,"$3,840,885"
Tomas Carbonell,C216,ESP,"5' 10""",1.78m,Right-Handed,Two-Handed,1968-08-07,"Barcelona, Spain",1987-01-01,2001-01-01,22,"$3,157,584"
Alberto Berasategui,B428,ESP,"5' 7""",1.72m,Right-Handed,One-Handed,1973-06-28,"Bilbao, Spain",1991-01-01,2001-01-01,55,"$4,676,187"
Ivan Navarro,N309,ESP,"6' 0""",1.83m,Right-Handed,One-Handed,1981-10-19,"Alicante, Spain",2001-01-01,,127,"$1,222,289"
Pablo Andujar,A596,ESP,"5' 11""",1.80m,Right-Handed,Two-Handed,1986-01-23,"Cuenca, Spain",2004-01-01,2023-01-01,74,"$7,026,566"
Ruben Ramirez Hidalgo,R383,ESP,"6' 0""",1.83m,Right-Handed,Two-Handed,1978-01-06,"Alicante, Spain",1998-01-01,2017-01-01,54,"$2,346,155"
Julian Alonso,A272,ESP,"6' 1""",1.85m,Right-Handed,One-Handed,1977-08-02,"Canet de Mar, Spain",1995-01-01,2003-01-01,53,"$1,852,891"
David Sanchez,S677,ESP,"6' 0""",1.83m,Right-Handed,One-Handed,1978-04-20,"Zamora, Spain",1997-01-01,2005-01-01,180,"$1,451,767"
Oscar Hernandez,H472,ESP,"5' 11""",1.80m,Right-Handed,One-Handed,1978-04-10,"Barcelona, Spain",1998-01-01,2016-01-01,90,"$1,943,856"
Juan Balcells,B487,ESP,"6' 3""",1.90m,Right-Handed,One-Handed,1975-06-20,"Barcelona, Spain",1996-01-01,2004-01-01,65,"$815,801"
Emilio Benfele Alvarez,A190,ESP,"5' 11""",1.82m,Right-Handed,One-Handed,1972-11-15,"Figueres, Spain",1989-01-01,2005-01-01,91,"$898,962"
German Lopez,L202,ESP,,,,,,,,,,
Pere Riba,R750,ESP,"6' 0""",1.83m,Right-Handed,Two-Handed,1988-04-07,"Barcelona, Spain",2004-01-01,2020-01-01,81,"$1,363,323"
Juan Albert Viloca-Puig,V161,ESP,"6' 1""",1.85m,Right-Handed,One-Handed,1973-01-17,"Barcelona, Spain",1992-01-01,,204,"$851,371"
Santiago Ventura,V251,ESP,,,,,,,,,,
Jordi Arrese,A034,ESP,"5' 9""",1.75m,Right-Handed,One-Handed,1964-08-29,"Barcelona, Spain",1982-01-01,1998-01-01,62,"$1,847,136"
Francisco Roig,R177,ESP,"5' 9""",1.75m,Right-Handed,Two-Handed,1968-04-01,"Barcelona, Spain",1987-01-01,,23,"$1,466,830"
Marcos Aurelio Gorriz,G028,ESP,"6' 1""",1.85m,Left-Handed,,1964-03-03,"Barcelona, Spain",1989-01-01,,73,"$662,335"
Jacobo Diaz,D291,ESP,"5' 8""",1.73m,Right-Handed,One-Handed,1976-07-11,"Madrid, Spain",1995-01-01,2004-01-01,526,"$689,680"
Jose Francisco Altur,A141,ESP,"6' 3""",1.90m,Left-Handed,,1968-03-24,"Valencia, Spain",1985-01-01,,189,"$471,853"
Adrian Menendez-Maceiras,MB53,ESP,"6' 1""",1.85m,Right-Handed,Two-Handed,1985-10-28,"Marbella, Spain",2005-01-01,2023-01-01,104,"$1,254,332"
Daniel Munoz de la Nava,M915,ESP,"5' 9""",1.75m,Left-Handed,Two-Handed,1982-01-29,"Madrid, Spain",1999-01-01,2019-01-01,94,"$1,104,595"
Alex Lopez Moron,L231,ESP,"5' 9""",1.75m,Right-Handed,Two-Handed,1970-11-28,"Barcelona, Spain",1990-01-01,,63,"$833,225"
Oscar Martinez,M513,ESP,"6' 1""",1.85m,Right-Handed,One-Handed,1974-03-09,"Valencia, Spain",1992-01-01,,68,"$240,000"
Roberto Carretero,C383,ESP,"5' 10""",1.78m,Right-Handed,One-Handed,1975-08-30,"Madrid, Spain",1993-01-01,2001-01-01,697,"$680,211"
Mario Vilella Martinez,V824,ESP,"5' 10""",1.78m,Right-Handed,Two-Handed,1995-07-03,"Elche, Spain",,2022-01-01,286,"$554,837"
Juan Gisbert Jr,G304,ESP,,,,,1974-04-13,"Frankfurt, Germany",,,209,"$149,429"
Alejo Mancisidor,M515,ESP,"6' 0""",1.83m,Right-Handed,,1970-07-31,"San Sebastián, Spain",1991-01-01,,433,"$149,180"
German Puentes,P272,ESP,"5' 8""",1.73m,Right-Handed,,1972-12-18,"Barcelona, Spain",1995-01-01,,73,"$481,369"
Oscar Burrieza-Lopez,B517,ESP,"5' 7""",1.70m,Right-Handed,Two-Handed,1975-07-22,"Lugo, Spain",1994-01-01,,298,"$319,190"
David Marrero,M984,ESP,"6' 1""",1.85m,Right-Handed,One-Handed,1980-04-08,"Las Palmas de Gran Canaria, Spain",2001-01-01,,5,"$2,375,557"
Juan-Luis Rascon-Lope,R240,ESP,"6' 3""",1.91m,Right-Handed,,1971-03-02,"Madrid, Spain",1991-01-01,,,"$190,867"
Juan Aguilera,A007,ESP,"5' 11""",1.82m,Right-Handed,One-Handed,1962-03-22,"Barcelona, Spain",1980-01-01,,228,"$825,000"
Marc Lopez,L480,ESP,"5' 9""",1.75m,Right-Handed,Two-Handed,1982-07-31,"Barcelona, Spain",1999-01-01,,3,"$4,443,757"
Javier Marti,MI08,ESP,,,Right-Handed,One-Handed,1992-01-11,"Madrid, Spain",2009-01-01,,201,"$378,362"
Sergio Gutierrez-Ferrol,G935,ESP,,,Right-Handed,Two-Handed,1989-03-05,"Alicante, Spain",,,413,"$222,180"
Oscar Serrano,S676,ESP,,,,,,,,,,
Jordi Mas,M323,ESP,,,Right-Handed,,1971-10-31,,,,201,"$61,274"
Joaquin Munoz-Hernandez,M478,ESP,"5' 10""",,Right-Handed,,1975-01-04,"Madrid, Spain",,2018-01-01,325,"$141,249"
Salvador Navarro,N259,ESP,"5' 11""",1.80m,Right-Handed,,1977-01-08,"Barcelona, Spain",1995-01-01,,138,"$257,406"
Arnau Brugues-Davi,BA77,ESP,"6' 0""",,Left-Handed,Two-Handed,1985-03-05,"Vic, Barcelona, Spain",2009-01-01,,238,"$222,854"
Miguel Angel Lopez Jaen,L513,ESP,"6' 2""",1.87m,Right-Handed,Two-Handed,1982-11-29,"Elche, Alicante, Spain",2000-01-01,,175,"$186,036"
Ignacio Truyol,T206,ESP,,,,,,"Madrid, Spain",1993-01-01,,387,"$109,540"
Jose Antonio (Pepe) Conde,C276,ESP,,,,,,,,,,
Carlos Cuadrado,C556,ESP,"5' 11""",1.80m,Right-Handed,,1983-06-01,"Barcelona, Spain",,2006-01-01,506,"$83,404"
Didac Perez,P524,ESP,"5' 10""",,Right-Handed,,1981-09-07,"Barcelona, Spain",,,237,"$121,472"
Sergio Casal,C024,ESP,"6' 1""",1.85m,Right-Handed,One-Handed,1962-09-08,"Barcelona, Spain",1981-01-01,1995-01-01,3,"$2,100,495"
Guillermo Alcaide,A656,ESP,,,,,1986-05-27,"Madrid, Spain",2006-01-01,,341,"$78,873"
Sergi Duran,D295,ESP,,,Right-Handed,,1976-06-23,,,,281,"$33,135"
Eduardo Nicolas,N238,ESP,"5' 8""",1.73m,Right-Handed,,1972-09-22,"Barcelona, Spain",1992-01-01,,97,"$117,508"
Jose Imaz-Ruiz,I047,ESP,"5' 10""",1.78m,Right-Handed,,1974-05-30,"Arnedo, Spain",1995-01-01,,167,"$114,053"
Francisco Fogues,F303,ESP,"6' 3""",1.91m,Left-Handed,,1977-08-06,"Valencia, Spain",1998-01-01,,351,"$83,263"
Daniel Marco,M105,ESP,"5' 10""",,Right-Handed,,1966-01-31,"Tangier, Morocco",,,265,"$57,893"
Bartolome Salva-Vidal,SC95,ESP,"6' 0""",1.83m,Left-Handed,Two-Handed,1986-11-20,"Cala Millor, Mallorca, Spain",,2008-01-01,133,"$104,873"
Federico Sanchez,S507,ESP,,,,,1970-12-04,"Granada, Spain",,,405,"$134,015"
Gabriel Trujillo-Soler,T296,ESP,,,Right-Handed,,1979-09-30,"Barcelona, Spain",,,209,"$199,399"
Sergio Gomez-Barrio,G226,ESP,,,,,1970-10-16,"Marbella, Spain",,,222,"$17,077"
Enrique Lopez Perez,LA93,ESP,"5' 11""",1.8m,Right-Handed,Two-Handed,1991-06-03,"Madrid, Spain",2009-01-01,,135,"$501,753"
Ricardo Ojeda Lara,O408,ESP,"5' 11""",1.80m,Right-Handed,Two-Handed,1993-01-26,"El Puerto de Santa María, Spain",,,549,"$210,006"
Ruben Fernandez,F291,ESP,,,,,1978-01-12,,,,454,"$21,244"
Juan Carlos Baguena,B084,ESP,"6' 0""",1.83m,Right-Handed,,1967-01-07,"Barcelona, Spain",,,107,"$168,464"
Guillem Burniol,B975,ESP,,,Right-Handed,,1983-08-14,"Barcelona, Spain",,,371,"$49,555"
Juan Giner,G400,ESP,,,,,1978-07-28,"Cullera, Spain",,,186,"$71,812"
Carlos Gomez-Herrera,G985,ESP,"6' 3""",1.90m,Right-Handed,Two-Handed,1990-04-30,"Marbella, Spain",2007-01-01,,195,"$197,028"
Diego Lozano,L342,ESP,,,,,,,,,,
Marcos Perez-Hubert,P200,ESP,,,,,,,,,,
Jose-Luis Aparisi,A158,ESP,,,Right-Handed,,1969-03-11,"Valencia, Spain",,,129,"$84,641"
Gorka Fraile,F313,ESP,,,,,1978-04-07,"Irun, Spain",,,233,"$243,795"
Alvaro Lopez San Martin,LF29,ESP,"5' 10""",,Right-Handed,,1997-06-02,"Barcelona, Spain",,,550,"$83,372"
Israel Matos Gil,M934,ESP,,,,,1982-12-14,,,,635,"$33,860"
Jordi Samper-Montana,SH91,ESP,,,Right-Handed,,1990-04-23,"Barcelona, Spain",,,227,"$307,420"
Tino Anda,A136,ESP,,,,,,,,,,
Andres Artunedo Martinavarro,AB17,ESP,"6' 0""",,Right-Handed,Two-Handed,1993-09-14,"Castellón de la Plana, Spain",2010-01-01,,267,"$119,091"
Gerard Granollers,G922,ESP,"6' 0""",,Right-Handed,,1989-01-30,"Barcelona, Spain",,,92,$408
Roberto Ortega-Olmedo,O340,ESP,,,,,1991-04-30,,,,,"$286,592"
David Salvador-Estepa,S494,ESP,,,,,1973-10-20,,,,253,"$23,301"
Mariano Albert-Ferrando,A467,ESP,,,Right-Handed,,1982-04-26,,,,333,"$59,235"
David Caballero,C366,ESP,"5' 11""",,Right-Handed,,1974-11-14,"Molina de Segura, Spain",,,298,"$64,042"
Javier Garcia-Sintes,G401,ESP,,,Right-Handed,,1979-05-02,,,,298,"$47,954"
Xavier Avila,A209,ESP,"6' 0""",,,,1973-12-10,"Lleida, Spain",,,502,
Fernando Luna,L043,ESP,"5' 9""",1.75m,Right-Handed,Two-Handed,1958-04-24,"Ciudad Real, Spain",1977-01-01,1991-01-01,407,"$561,404"
Javier Molina,M463,ESP,"5' 10""",1.78m,Right-Handed,,1970-03-14,"Zaragoza, Spain",,,,
Jose Antonio Sanchez-de Luna,SC19,ESP,,,Right-Handed,,1984-10-18,"Granada, Spain",,,246,"$115,638"
David Vega Hernandez,V758,ESP,"6' 2""",1.88m,Right-Handed,Two-Handed,1994-06-23,"Telde, Spain",2012-01-01,,28,"$621,057"
Jose-Maria Alonso-Areyzaga,AE87,ESP,,,,,,,,,,
Manuel Alonso-Areyzaga,AD99,ESP,"5' 9""",1.75m,,One-Handed,1895-11-12,"San Sebastián, Spain",,1938-01-01,5,
Aniceto Alvarez,A043,ESP,,,Right-Handed,,1957-10-24,,,,,
Antonio Andrade,AD11,ESP,,,,,,,,,,
Juan Carlos Andrade,A024,ESP,,,,,,,,,,
J. Andreu,AE82,ESP,,,,,,,,,,
Alberto Arilla,AD50,ESP,,,,,1937-12-24,"Barcelona, Spain",,,,
Jose Luis Arilla,A120,ESP,,,,,1941-03-05,"Barcelona, Spain",,,,
Juan Carlos Arroyo,A0GF,ESP,,,,,,,,,,
Jose L. Asensio,A520,ESP,,,,,,,,,,
Juan Avendano,A039,ESP,"5' 9""",1.77m,Right-Handed,Two-Handed,1961-01-29,"Luanco, Spain",1980-01-01,,187,"$216,639"
Jorge Bardou,B012,ESP,"5' 11""",1.80m,Right-Handed,,1965-03-05,"Barcelona, Spain",,,104,"$66,260"
Antonio Barranco,BA09,ESP,,,,,,,,,,
Pedro Barrios,B0J5,ESP,,,,,,,,,,
Jaime Bartoli,BJ02,ESP,,,,,,,,,,
Jaime Bartroli,BA11,ESP,,,Right-Handed,,1918-01-23,,,,,
Jose-Maria Blasi,B387,ESP,,,,,,,,,,
Luis Bruguera,B195,ESP,,,,,,,,,,
Enrique Bruix,BA10,ESP,,,,,,,,,,
J. Cabeza,C905,ESP,,,,,,,,,,
Salvador Cabeza,C281,ESP,,,,,,,,,245,
Sixto Cambra,C802,ESP,,,,,,,,,,
Antonio Capella,C132,ESP,,,,,,,,,,
Alberto Capitan,C781,ESP,,,,,,,,,,
Luis Carles,CJ01,ESP,,,,,,,,,,
I.J. Casale,CJ07,ESP,,,,,,,,,,
Vicente Castano,C401,ESP,,,,,1957-07-02,"Amalfi, Antioquia Colombia",,,,
Jose Castanon,C189,ESP,,,,,,,,,147,
Joaquin Castellano,C819,ESP,,,,,,,,,,
Jose Clavet,C038,ESP,"5' 11""",1.80m,Right-Handed,,1965-09-11,"Madrid, Spain",,,119,"$103,507"
Jesus Colas,C041,ESP,,,Right-Handed,,1961-11-11,"Las Palmas, Gran Canaria",,,102,"$62,790"
Alberto Comas,C0HR,ESP,,,,,,,,,,
Frank Condor,C750,ESP,,,Right-Handed,,1984-01-10,"Málaga, Spain",,,574,"$30,659"
Jose Cordon,C801,ESP,,,,,,,,,,
Talito Corrales,C368,ESP,,,,,,,,,,
Juan Couder,C230,ESP,,,,,1934-10-23,"Valladolid, Spain",,,,
J.L. Cue,C0HS,ESP,,,,,,,,,,
Manuel De Gomar,DF08,ESP,,,,,,,,,,
David De Miguel,D012,ESP,"5' 9""",1.75m,Right-Handed,,1965-02-07,"Tortosa, Spain",,,68,"$162,135"
Luis de Olivares,DE57,ESP,,,,,,,,,,
Emilio Martinez Del Rey,DD24,ESP,,,,,,,,,,
Antonio Domenech,D091,ESP,,,,,,,,,,
Jose Manuel Dominguez,D0FT,ESP,"5' 5""",1.65m,,,,,,,,
Jose-Maria Draper,DD40,ESP,,,,,,,,,,
Andres Escobar,E240,ESP,"6' 1""",1.85m,,,,,,,,
Gaston Escofet,E057,ESP,,,,,,,,,,
Lorenzo Fargas,F005,ESP,"5' 8""",,Right-Handed,,1957-10-19,"Barcelona, Spain",,,132,
Carlos Ferrer,FA04,ESP,,,,,,,,,,
Francisco Ferrer,F090,ESP,,,,,1859-01-14,"Alella, Barcelona, Spain",,,,
Pedro Figar,F0DT,ESP,,,,,,,,,,
Joel Figueras,F022,ESP,,,,,,,,,,
Eduardo Flaquer,FA98,ESP,,,,,1894-09-04,"Barcelona, Spain",,,,
Luiz Flor,F467,ESP,,,,,,,,,,
Marc Fornell-Mestres,F375,ESP,,,Right-Handed,,1982-01-26,"Barcelona, Spain",,,167,"$231,848"
David Franco,F170,ESP,,,,,,,,,,
M. Fuster,F468,ESP,,,,,,,,,,
Ramon Gallardo,G0GQ,ESP,,,,,,,,,,
Ignacio Garcia-Atance,GF64,ESP,,,,,,,,,,
Jose Garcia-Requena,G003,ESP,,,Right-Handed,,1955-07-23,"Almería, Spain",,,480,
P. Garriga Nogues,GG70,ESP,,,,,,,,,,
Angel Gimenez,G017,ESP,"5' 4""",1.63m,Right-Handed,,1955-10-10,"Barcelona, Spain",,,145,
Andres Gimeno,G075,ESP,"6' 1""",1.85m,Right-Handed,One-Handed,1937-08-03,"Barcelona, Spain",1960-01-01,1974-01-01,,
Carlos Gimeno Valero,G0AV,ESP,"6' 4""",1.93m,Right-Handed,Two-Handed,2001-06-25,"Valencia, Spain",2019-01-01,,1508,"$97,314"
Jorge Gisbert,G669,ESP,,,,,,"Barcelona, Spain",,,,
Jose Maria Gisbert,G562,ESP,,,,,1945-02-07,"Barcelona, Spain",,,,
Juan Gisbert Sr,G076,ESP,,,Right-Handed,One-Handed,1942-04-05,"Barcelona, Spain",,1976-01-01,14,
Anton Gonzalez,G158,ESP,,,,,,,,,,
J. Griman,G0GP,ESP,,,,,,,,,,
Enrique Guerrero,G668,ESP,,,,,,,,,,
Jose Guerrero,G183,ESP,,,,,,,,,241,
Teodoro Gurrea,G0GO,ESP,,,,,,,,,,
Juan Herrera,H180,ESP,,,Right-Handed,One-Handed,,"Murcia, Spain",,,180,
Juan-Manuel Hidalgo,H145,ESP,,,,,,,,,,
Jose Higueras,H019,ESP,"5' 10""",1.78m,Right-Handed,One-Handed,1953-03-01,"Diezma, Spain",,1986-01-01,6,"$1,406,355"
Diego Hipperdinger,H391,ESP,,,,,1977-01-17,"Olavarría, Argentina",,,313,"$65,704"
Pedro Loewe,L626,ESP,,,,,,,,,,
Victor Lopez,L204,ESP,,,,,,,,,,
Jose Lopez-Maeso,L039,ESP,"5' 7""",1.72m,Right-Handed,Two-Handed,1956-12-24,"Puertollano, Ciudad Real, Spain",1979-01-01,,52,"$227,600"
A Luna,L725,ESP,,,,,,,,,,
David Luque-Velasco,L633,ESP,,,Right-Handed,,1984-03-02,"Barcelona, Spain",,,712,"$18,941"
Enrique Maier,MS18,ESP,"6' 3""",1.90m,Right-Handed,One-Handed,1910-12-31,"Barcelona, Spain",,,,
Eduardo Mandarino,M449,ESP,,,,,,,,,,
Miguel Mir,M123,ESP,,,Right-Handed,,1956-04-18,"Barcelona, Spain",,,237,
Raimundo Morales-Marques,MS87,ESP,,,,,1898-10-02,"Barcelona, Spain",,,,
Jose A. Moreno,M088,ESP,,,,,,,,,,
Antonio Munoz,M156,ESP,,,Right-Handed,,1951-03-01,"Barcelona, Spain",,,74,
Juan Ignacio Muntanola,M157,ESP,,,Right-Handed,,,,,,101,
P. Garriga Nogues,N862,ESP,,,,,,,,,,
Unknown Olivares,O590,ESP,,,,,,,,,,
Fernando Olozaga,O545,ESP,,,,,,,,,,
Manuel Orantes,O017,ESP,"5' 10""",1.78m,Left-Handed,One-Handed,1949-02-06,"Granada, Spain",,1983-01-01,1,"$1,398,303"
Manuel Santana,S245,ESP,,,Right-Handed,One-Handed,1938-05-10,"Madrid, Spain",,1977-01-01,1,
Francisco Sindreu,SV06,ESP,,,,,1904-03-09,"Barcelona, Spain",,,,
Mario Szawoszt,ST67,ESP,,,,,,,,,,
J.M. Tarruella,TE72,ESP,,,,,,,,,,
Jose-Maria Tejada,TE71,ESP,,,,,,,,,,
Alberto Tous,T025,ESP,"5' 9""",1.75m,Right-Handed,,1962-08-03,"Palma, Spain",,,36,"$200,221"
Enrique Vijande,V906,ESP,,,,,,,,,,
Rafael Moreno-Negrin,M434,ESP,,,,,,,,,,
Juan Antonio Rodriguez,R035,ESP,,,,,1962-05-05,"Madrid, Spain",,,150,"$46,337"
Javier Soler,S064,ESP,,,Left-Handed,,1955-03-25,"Barcelona, Spain",,,74,
Vicente Solves,S348,ESP,,,Right-Handed,,1969-02-08,"Valencia, Spain",,,147,"$66,473"
Gabriel Urpi,U007,ESP,"5' 8""",1.73m,Right-Handed,,1961-08-16,"El Vendrell, Spain",,,182,"$144,450"
Roberto Vizcaino,V035,ESP,"5' 10""",1.78m,Right-Handed,,1957-04-25,"Barcelona, Spain",,,265,
Vimuktha De Alwis,DB90,SRI,,,,,,,,,,
Yasitha De Silva,DH19,SRI,,,,,,,,,,
Sharmal Dissanayake,DG51,SRI,,,,,,,,,,
Alexander Fairbanks,F0BA,SRI,,,,,,,,,,
Rupert Ferdinands,F0H9,SRI,,,,,,Ceylon,,,,
Arjun Fernando,F089,SRI,,,,,,,,,,
Lassantha Fernando,F0HE,SRI,,,,,,,,,,
Harshana Godamanna,G706,SRI,,,Left-Handed,One-Handed,1985-10-31,"Colombo, Sri Lanka",,,846,"$9,587"
Senaka Kumara,KF57,SRI,,,,,,,,,,
Suresh Melvani,M0TS,SRI,,,,,,,,,,
Nishangan Nadaraja,N927,SRI,,,,,,,,,,
Bernard Pinto,P0LV,SRI,,,,,,,,,,
Rajeev Rajapakse,R651,SRI,,,,,,,,,,
Douglas Scharenguivel,ST26,SRI,,,,,1918-07-23,Ceylon,,,,
Neville Senaratne,S0YD,SRI,,,,,,,,,,
Sivagnanam Suresh,S263,SRI,,,,,,,,,,
Dineshkanthan Thangarajah,TB65,SRI,,,,,,,,,,
Ranjan Wattegedera,W0EF,SRI,,,,,,,,,,
Thehan Sanjaya Wijemanne,W0C5,SRI,,,,,,,,,,
A. Amer,A0HG,SUD,,,,,,,,,,
Adel Talaat Farid,F0E6,SUD,,,,,,,,,,
Samir Farid,F0EV,SUD,,,,,1943-12-01,"Cairo, Kingdom of Egypt",,,,
B.A. Razik,R0GL,SUD,,,,,,,,,,
F. de Koenig,D0GB,SUR,,,,,,,,,,
Thomas Enqvist,E113,SWE,"6' 3""",1.91m,Right-Handed,Two-Handed,1974-03-13,"Stockholm, Sweden",1991-01-01,2005-01-01,169,"$10,461,641"
Thomas Johansson,J129,SWE,"5' 11""",1.80m,Right-Handed,Two-Handed,1975-03-24,"Linköping, Sweden",1994-01-01,2009-01-01,51,"$7,168,029"
Robin Soderling,SA49,SWE,"6' 4""",1.93m,Right-Handed,Two-Handed,1984-08-14,"Tibro, Sweden",2001-01-01,,109,"$10,423,124"
Jonas Bjorkman,B446,SWE,"6' 0""",1.83m,Right-Handed,Two-Handed,1972-03-23,"Alvesta, Sweden",1991-01-01,,1,"$14,610,671"
Magnus Larsson,L206,SWE,"6' 4""",1.93m,Right-Handed,Two-Handed,1970-03-25,"Olofström, Sweden",1989-01-01,2004-01-01,26,"$5,839,451"
Magnus Norman,N250,SWE,"6' 2""",1.88m,Right-Handed,Two-Handed,1976-05-30,"Filipstad, Sweden",1995-01-01,,133,"$4,537,247"
Joachim Johansson,J194,SWE,"6' 6""",1.98m,Right-Handed,One-Handed,1982-07-01,"Lund, Sweden",2000-01-01,,108,"$1,549,039"
Henrik Holm,H191,SWE,"6' 0""",1.83m,Right-Handed,Two-Handed,1968-08-22,"Täby, Sweden",1988-01-01,1999-01-01,10,"$1,693,931"
Magnus Gustafsson,G182,SWE,"6' 1""",1.85m,Right-Handed,Two-Handed,1967-01-03,"Lund, Sweden",1986-01-01,2002-01-01,77,"$4,545,489"
Nicklas Kulti,K181,SWE,"6' 3""",1.91m,Right-Handed,Two-Handed,1971-04-22,"Stockholm, Sweden",1989-01-01,2000-01-01,11,"$3,186,946"
Stefan Edberg,E004,SWE,"6' 2""",1.88m,Right-Handed,One-Handed,1966-01-19,"Västervik, Sweden",1983-01-01,1996-01-01,1,"$20,630,941"
Mikael Tillstrom,T166,SWE,"6' 1""",1.85m,Right-Handed,Two-Handed,1972-03-05,"Jönköping, Sweden",1991-01-01,2000-01-01,15,"$2,030,525"
Andreas Vinciguerra,V250,SWE,"5' 11""",1.80m,Left-Handed,Two-Handed,1981-02-19,"Malmö, Sweden",1998-01-01,2013-01-01,261,"$1,381,556"
Anders Jarryd,J006,SWE,"5' 11""",1.80m,Right-Handed,Two-Handed,1961-07-13,"Lidköping, Sweden",1980-01-01,1996-01-01,1,"$5,378,067"
Jan Apell,A176,SWE,"6' 0""",1.83m,Left-Handed,,1969-11-04,"Gothenburg, Sweden",1988-01-01,,10,"$1,404,957"
Jonas Svensson,S101,SWE,"6' 2""",1.88m,Right-Handed,Two-Handed,1966-10-21,"Gothenburg, Sweden",1985-01-01,1995-01-01,49,"$2,439,702"
Christian Bergstrom,B040,SWE,"5' 11""",1.80m,Right-Handed,Two-Handed,1967-07-19,"Gothenburg, Sweden",1985-01-01,1996-01-01,333,"$1,262,792"
Lars Jonsson,J084,SWE,"6' 2""",1.88m,Right-Handed,,1970-06-27,"Gothenburg, Sweden",1988-01-01,,387,"$888,998"
Mats Wilander,W023,SWE,"6' 0""",1.83m,Right-Handed,Two-Handed,1964-08-22,"Växjö, Sweden",1979-01-01,1996-01-01,3,"$7,976,256"
Peter Lundgren,L044,SWE,"6' 1""",1.85m,Right-Handed,Two-Handed,1965-01-29,,1983-01-01,1995-01-01,36,"$1,130,516"
Tomas Nydahl,N099,SWE,"6' 1""",1.85m,Right-Handed,,1968-03-21,"Linköping, Sweden",1987-01-01,,103,"$671,903"
Thomas Hogstedt,H029,SWE,"6' 3""",1.90m,Right-Handed,,1963-09-21,"Mariestad, Sweden",1981-01-01,,38,"$609,935"
Jan Gunnarsson,G053,SWE,"6' 1""",1.85m,Right-Handed,Two-Handed,1962-05-30,"Olofström, Sweden",1979-01-01,1994-01-01,20,"$1,285,040"
Fredrik Jonsson,J148,SWE,"6' 4""",1.93m,Right-Handed,Two-Handed,1977-03-28,"Malmö, Sweden",1996-01-01,2004-01-01,458,"$291,169"
Mikael Pernfors,P024,SWE,"5' 8""",1.73m,Right-Handed,Two-Handed,1963-07-16,"Malmö, Sweden",1985-01-01,1996-01-01,32,"$1,363,793"
Patrik Fredriksson,F278,SWE,"6' 1""",1.85m,Right-Handed,,1973-05-16,"Huskvarna, Sweden",1994-01-01,,110,"$331,508"
Michael Ryderstedt,R632,SWE,"6' 2""",1.88m,Left-Handed,,1984-11-12,"Stockholm, Sweden",2002-01-01,2012-01-01,150,"$313,148"
David Engel,E061,SWE,"5' 11""",1.80m,Right-Handed,,1967-10-17,"Gothenburg, Sweden",1986-01-01,,107,"$363,721"
Lars-Anders Wahlgren,W001,SWE,"6' 4""",1.93m,Right-Handed,,1966-08-24,"Lund, Sweden",1985-01-01,,86,"$464,310"
Niclas Kroon,K133,SWE,"6' 0""",1.83m,Right-Handed,,1966-02-05,"Karlstad, Sweden",1986-01-01,1996-01-01,94,"$448,124"
Peter Nyborg,N107,SWE,"6' 3""",1.91m,Right-Handed,,1969-12-12,"Gothenburg, Sweden",1988-01-01,,38,"$898,987"
Ervin Eleskovic,E639,SWE,,,Right-Handed,,1987-05-08,"Bileća, Bosnia and Herzegovina",,2014-01-01,266,"$124,271"
Christian Lindell,LA94,SWE,"6' 4""",1.93m,Right-Handed,,1991-11-20,"Rio de Janeiro, Brazil",2008-01-01,,293,"$306,766"
Bjorn Borg,B058,SWE,"5' 11""",1.80m,Right-Handed,Two-Handed,1956-06-06,"Stockholm, Sweden",,,1,"$3,655,751"
Filip Prpic,P567,SWE,"5' 8""",1.73m,Right-Handed,Two-Handed,1982-05-26,"Helsingborg, Sweden",2002-01-01,2012-01-01,277,"$293,095"
Nicklas Utgren,U020,SWE,"6' 2""",1.88m,Right-Handed,,1969-01-12,"Vänersborg, Sweden",1989-01-01,,55,"$249,960"
Johan Carlsson,C018,SWE,"6' 0""",1.83m,Right-Handed,,1966-01-29,"Linköping, Sweden",1984-01-01,,155,"$335,509"
Bjorn Rehnquist,R364,SWE,"5' 9""",1.75m,Right-Handed,Two-Handed,1978-01-05,"Borås, Sweden",1997-01-01,2010-01-01,345,"$363,078"
Mikael Stadling,S442,SWE,"6' 2""",1.88m,Left-Handed,,1966-08-10,"Sundsvall, Sweden",,,404,"$77,893"
Christer Allgardh,A018,SWE,"6' 3""",1.91m,Right-Handed,,1967-02-20,"Borås, Sweden",1983-01-01,,91,"$231,280"
Rikard Bergh,B267,SWE,"6' 2""",1.88m,Left-Handed,,1966-06-14,"Örebro, Sweden",1987-01-01,,37,"$488,500"
Patrik Rosenholm,R931,SWE,"5' 10""",1.78m,Right-Handed,,1988-03-05,"Stockholm, Sweden",2007-01-01,2017-01-01,412,"$96,688"
Marcus Sarstrand,S751,SWE,,,,,1978-07-24,,,,509,"$145,732"
Johan Settergren,S709,SWE,"6' 1""",,Right-Handed,,1978-04-22,"Halmstad, Sweden",1997-01-01,2005-01-01,408,"$140,242"
Kalle Flygt,F290,SWE,,,,,1976-06-15,,,,235,"$85,350"
Jonas Froberg,F360,SWE,,,Right-Handed,,1981-04-11,,,,740,"$21,037"
Johan Ortegren,O151,SWE,,,Right-Handed,,1978-03-22,Sweden,,,479,"$57,399"
Fredrik Bergh,B479,SWE,"6' 4""",,Right-Handed,,1975-04-22,"Karlskoga, Sweden",1996-01-01,,71,"$126,618"
Markus Eriksson,E688,SWE,"6' 2""",1.88m,Right-Handed,,1989-11-29,"Gothenburg, Sweden",,2021-01-01,205,"$230,264"
Henrik Andersson,A280,SWE,"6' 4""",1.93m,Right-Handed,,1977-05-02,"Stockholm, Sweden",,,352,"$47,713"
Jacob Adaktusson,A305,SWE,"6' 4""",1.93m,Right-Handed,,1980-08-31,"Stockholm, Sweden",,,263,"$127,480"
Isak Arvidsson,AB12,SWE,,,,,1992-08-06,"Hjo, Sweden",2010-01-01,2017-01-01,,"$75,435"
Tim Goransson,G861,SWE,,,Right-Handed,,1988-03-26,,,,671,"$30,112"
Dragos Nicolae Madaras,MW54,SWE,"6' 3""",1.91m,Left-Handed,Two-Handed,1997-09-12,"Deva, Romania",,,420,"$184,696"
Nicklas Timfjord,T236,SWE,"5' 11""",1.80m,Right-Handed,,1977-03-18,"Gothenburg, Sweden",,,518,"$40,564"
Mathias Hellstrom,H382,SWE,,,,,,,,,,
Per Henricsson,H155,SWE,"6' 3""",1.91m,,,1969-08-09,"Stockholm, Sweden",1988-01-01,,65,
Ola Kristiansson,K205,SWE,"6' 2""",,Right-Handed,,1971-09-23,"Helsingborg, Sweden",,,123,"$87,830"
Carl Soderlund,SX81,SWE,"6' 2""",1.88m,Right-Handed,,1997-06-03,"Stockholm, Sweden",,,1303,"$35,801"
Robert Eriksson,E111,SWE,,,Right-Handed,,1971-09-07,,,,337,"$18,315"
Johan Landsberg,L408,SWE,"6' 0""",1.83m,Right-Handed,,1974-12-30,"Stockholm, Sweden",1997-01-01,,48,"$444,539"
Milos Sekulic,SJ15,SWE,"5' 10""",1.78m,Right-Handed,,1989-11-04,"Stockholm, Sweden",2008-01-01,,288,"$65,894"
Ulf Stenlund,S276,SWE,"5' 11""",1.80m,Right-Handed,,1967-01-21,"Falun, Sweden",1986-01-01,1998-01-01,229,"$274,501"
Daniel Berta,BG16,SWE,"5' 10""",1.78m,Right-Handed,Two-Handed,1992-11-26,"Helsingborg, Sweden",,,1234,"$27,060"
Johan Donar,D166,SWE,"5' 11""",1.80m,Right-Handed,,1966-03-24,"Stockholm, Sweden",1990-01-01,,72,"$95,363"
Stefan Eriksson,E022,SWE,"6' 4""",1.93m,Right-Handed,,1963-10-17,"Enköping, Sweden",,,110,"$105,682"
Johan Hede,H419,SWE,,,,,,,,,,
Bengt Aberg,A148,SWE,,,,,,,,,
Johan Alven,A182,SWE,,,Right-Handed,,1972-01-13,"Landskrona, Sweden",,,332,"$1,674"
Birger Andersson,A086,SWE,,,Right-Handed,,1951-03-26,"Bodafors, Sweden",,,73,
Kenneth Andersson,A450,SWE,,,Right-Handed,,1945-03-27,,,1974-01-01,,
Kim Andersson,A173,SWE,"6' 7""",2.00m,,,1982-08-21,"Kävlinge, Sweden",,,,
Simon Aspelin,A324,SWE,"6' 1""",1.85m,Right-Handed,Two-Handed,1974-05-11,"Saltsjöbaden, Sweden",1998-01-01,,7,"$2,121,037"
Bengt Axelsson,AD89,SWE,,,Right-Handed,,,,,1965-01-01,,
Ronnie Bathman,B022,SWE,"6' 0""",1.83m,Right-Handed,,1959-04-24,"Koping, Sweden",1983-01-01,,38,"$398,055"
Ove Nils Bengtson,B126,SWE,"6' 5""",1.96m,Right-Handed,,1945-04-05,"Danderyd,Sweden",,,43,
Lennart Bergelin,B256,SWE,,,,,,"Alingsås, Sweden",,,9,
Goran Berglund,BM36,SWE,,,,,,,,,,
Goran Bergstrand,B239,SWE,,,,,,,,,,
B. Blonquist,BO63,SWE,,,,,,,,,,
Wollmar Bostrom,BS55,SWE,,,,,1878-06-15,"Överselö, Sweden",,,,
Johan Brunstrom,B908,SWE,"6' 4""",1.93m,Left-Handed,Two-Handed,1980-04-03,"Fiskebackskil, Sweden",2005-01-01,2017-01-01,31,"$860,455"
Kent Carlsson,C019,SWE,"5' 11""",1.80m,Right-Handed,Two-Handed,1968-01-03,"Eskilstuna, Sweden",1983-01-01,1990-01-01,383,"$998,956"
Peter Carlsson,C016,SWE,"6' 0""",1.83m,Left-Handed,,1963-04-13,"Stockholm, Sweden",,,101,"$70,262"
Martin Carlstein,C674,SWE,,,Right-Handed,,,,,,,
Daniel Danilovic,D749,SWE,,,Right-Handed,Two-Handed,1988-07-25,"Stockholm, Sweden",,2011-01-01,343,"$33,216"
Sven Davidson,DD18,SWE,,,Right-Handed,One-Handed,1928-07-13,"Borås, Sweden",,,2,
Ake Eliaeson,E912,SWE,,,,,,,,,,
Magnus Eriksson,E876,SWE,,,,,,Norway,,,,
Ulf Eriksson,E072,SWE,,,Right-Handed,,,,,,189,
Conny Falk,F129,SWE,"6' 2""",,,,1966-11-30,"Stockholm, Sweden",,,176,"$27,508"
Birger Folke,F166,SWE,,,,,1936-03-03,"Tranås, Sweden",,1969-01-01,,
Borje Fornstedt,FA05,SWE,,,,,,"Edsbyn, Sweden",,1955-01-01,,
Hans Fredborg,F167,SWE,,,,,,,,,,
Sven Ginman,G147,SWE,,,Right-Handed,,1948-07-11,,,,,
Hans Goransson,G189,SWE,,,,,,,,,,
Carl-Axel Hageskog,H088,SWE,,,Right-Handed,,1954-05-24,"Nässjö, Sweden",,,507,
Thomas Haldin,H218,SWE,"6' 1""",1.85m,Right-Handed,,1965-07-11,"Jönköping, Sweden",1987-01-01,,699,"$57,174"
Thomas Hallberg,H599,SWE,,,Right-Handed,,1940-08-01,"Stockholm, Sweden",,,,
Borjer Hamre,H0F3,SWE,,,,,,,,,,
Ola Hellgren,H068,SWE,,,,,,,,,,
Anders Henricsson,H074,SWE,,,Right-Handed,,1965-04-29,,,,289,"$3,747"
Per Hjertquist,H024,SWE,"6' 0""",1.83m,,,1960-04-06,"Bodafors, Sweden",,,106,
Christer Holm,H600,SWE,,,Right-Handed,,1940-09-21,,,,,
Bo Holmstrom,H181,SWE,,,,,1938-10-18,"Stockholm, Sweden",,,,
Ingemar Ingvarsson,I361,SWE,,,,,,,,,,
Ville Jansson,J005,SWE,"6' 0""",,,,1965-04-10,"Timrå, Sweden",,,143,"$36,255"
Per Jemsby,J069,SWE,,,Right-Handed,,1948-03-26,,,,255,
Kjell Johansson,J032,SWE,,,Right-Handed,,1951-02-12,"Dalsjöfors, Sweden",,,516,"$49,711"
Leif Johansson,J064,SWE,,,Right-Handed,One-Handed,1952-06-03,"Södertälje, Sweden",1969-01-01,1976-01-01,51,
Torsten Johansson,J589,SWE,,,Right-Handed,,,"Karlsborg, Sweden",,,,
Ola Jonsson,J092,SWE,"5' 10""",1.78m,Right-Handed,,1966-11-03,"Stockholm, Sweden",1989-01-01,,90,"$125,947"
Jan Kallquist,K069,SWE,,,Right-Handed,,1958-03-31,,,,854,
J. Kirts,K250,SWE,,,,,,,,,,
Terje Larsen,L157,SWE,,,Left-Handed,,1951-03-09,,,,310,
Per Larsson,L006,SWE,"6' 0""",,,,1946-01-30,"Jönköping, Sweden",,,,
Peter Lindgren,L031,SWE,"5' 9""",,Right-Handed,,1964-06-01,"Stockholm, Sweden",,,302,"$45,230"
Robert Lindstedt,L335,SWE,"6' 4""",1.93m,Right-Handed,Two-Handed,1977-03-19,"Sundbyberg, Sweden",1998-01-01,,3,"$3,742,773"
Jan-Erik Lundqvist,L158,SWE,"6' 3""",1.91m,Right-Handed,One-Handed,1937-04-14,"Stockholm, Sweden",,1969-01-01,3,
Bengt Lundstedt,L156,SWE,,,,,,,,,,
Stig Martensson,MS14,SWE,,,,,,,,,,
Henning Muller,MS75,SWE,,,Right-Handed,,1896-11-04,"Stockholm, Sweden",,,,
Hans Nerell,N066,SWE,,,Left-Handed,,1944-09-27,Sweden,,,,
Magnus Nilsson,N205,SWE,,,Right-Handed,,1970-05-15,"Helsingborg, Sweden",,,377,"$8,815"
Jan Norback,N047,SWE,,,Left-Handed,,1956-03-06,"Hudiksvall, Sweden",,,84,
Rolf Norberg,N048,SWE,,,Right-Handed,,1952-01-31,"Borgholm, Sweden",,,88,
Hans Nordstrom,N0D2,SWE,,,,,,,,,,
Joakim Nystrom,N030,SWE,"6' 2""",1.88m,Right-Handed,Two-Handed,1963-02-20,"Skellefteå, Sweden",1980-01-01,1989-01-01,4,"$2,074,947"
Lars Olander,O056,SWE,,,Right-Handed,,,"Stockholm, Sweden",,,,
Curt Ostberg,O573,SWE,,,,,,,,,,
Fredrick Pahlett,P002,SWE,,,,,,,,,,
Douglas Palm,P150,SWE,,,Right-Handed,,1951-05-06,Flen,,,101,
Jan-Eric Palm,P127,SWE,,,,,,,,,,
Olle Palmer,P005,SWE,,,Right-Handed,,1955-10-04,,1973-01-01,,732,
Terje Persson,P103,SWE,,,,,,,,,,
Ulf Pettersson,P116,SWE,,,,,,,,,,
Harry Ramberg,RF45,SWE,,,Right-Handed,,1909-04-06,"Stockholm, Sweden",,1935-01-01,,
Dan Rastland,R153,SWE,,,,,,,,,,
Nils Rohlsson,RE56,SWE,,,,,,"Trelleborg, Sweden",,1958-01-01,,
Fredrik Rosenquist,R041,SWE,"5' 11""",1.80m,Right-Handed,,1965-04-30,"Malmö, Sweden",,,581,"$3,549"
Lars Samuelson,S307,SWE,,,,,,,,,,
Jan Sandberg,S011,SWE,,,,,,,,,,
Johan Sandberg,S411,SWE,"6' 4""",,Right-Handed,,1970-05-12,"Malmö, Sweden",,,738,
Ulf Schmidt,SS72,SWE,,,,,1934-07-12,"Nacka, Sweden",,1962-01-01,8,
Karl Schroeder,SU72,SWE,,,,,1962-09-04,"Brandon, Manitoba, Canada",,,,
Hans Simonsson,S053,SWE,"5' 10""",1.78m,Right-Handed,,1962-05-01,"Färgaryd, Sweden",,,10,"$325,035"
Stefan Simonsson,S051,SWE,"5' 9""",1.75m,Right-Handed,,1960-01-05,"Hyltebruk, Sweden",,,48,$278
Erik Stenninger,SE60,SWE,,,,,,,,,,
Mikael Stig,SB38,SWE,,,,,,,,,,
Staffan Stockenberg,SS75,SWE,,,Right-Handed,,,"Sundbyberg, Sweden",,1962-01-01,,
Henrik Sundstrom,S097,SWE,"6' 2""",1.88m,Right-Handed,One-Handed,1964-02-29,"Lund, Sweden",1981-01-01,1989-01-01,99,"$819,393"
Tobias Svantesson,S347,SWE,"6' 4""",1.93m,Right-Handed,,1963-04-01,"Malmö, Sweden",,,65,"$245,127"
A.S. Svensson,S0QN,SWE,,,,,,,,,,
Bo Svensson,SE09,SWE,"6' 3""",1.90m,,,,,,,,
Peter Svensson,S100,SWE,,,,,1974-10-18,,,,,
Stefan Svensson,S099,SWE,,,Right-Handed,,1962-02-17,"Gothenburg, Sweden",,,123,
Tenny Svensson,S149,SWE,,,Right-Handed,,1952-09-21,"Eslöv, Sweden",,,117,
Magnus Tideman,T021,SWE,"6' 4""",1.93m,Right-Handed,,1963-04-09,"Uppsala, Sweden",1980-01-01,1989-01-01,43,"$134,531"
Carl-Erik Von Braun,V963,SWE,,,,,,,,,,
Fredrik Waern,W130,SWE,"6' 1""",,Right-Handed,,1965-05-05,"Stockholm, Sweden",,,188,"$18,123"
Bjorn Wahlstrom,W118,SWE,,,,,,,,,,
Marcus Wallenberg,W908,SWE,,,Right-Handed,,1899-10-05,"Stockholm, Sweden",,,,
Krister Wedenby,W172,SWE,"6' 1""",,Left-Handed,,1971-12-13,"Jönköping, Sweden",,,336,"$6,175"
Patrik Wennberg,W138,SWE,,,,,,,,,,
Daniel Windahl,W739,SWE,"6' 2""",1.88m,Right-Handed,Two-Handed,1996-07-20,"Helsingborg, Sweden",,2016-01-01,618,"$12,243"
Jorgen Windahl,W028,SWE,"6' 0""",1.83m,Right-Handed,,1963-03-12,"Danderyd, Sweden",,,69,"$152,785"
Jan Zabrodsky,Z030,SWE,,,,,1952-04-01,"Prague, Czech Republic",,,217,
Hakan Zahr,Z029,SWE,,,Right-Handed,,,Sweden,,,,
Magnus Zeile,Z040,SWE,,,Right-Handed,,1968-08-10,,,,330,"$18,601"
Roger Federer,F324,SUI,"6' 1""",1.85m,Right-Handed,One-Handed,1981-08-08,"Basel, Switzerland",1998-01-01,,24,"$130,594,339"
Marc Rosset,R214,SUI,"6' 7""",2.01m,Right-Handed,Two-Handed,1970-11-07,"Geneva, Switzerland",1988-01-01,2005-01-01,8,"$6,812,693"
Jakob Hlasek,H025,SUI,"6' 1""",1.87m,Right-Handed,One-Handed,1964-11-12,"Prague, Czech Republic",1983-01-01,1996-01-01,4,"$5,895,293"
George Bastl,B503,SUI,"6' 0""",1.83m,Right-Handed,Two-Handed,1975-04-01,"Ollon, Switzerland",1998-01-01,,73,"$1,271,109"
Ivo Heuberger,H380,SUI,"6' 2""",1.88m,Right-Handed,Two-Handed,1976-02-19,"Altstätten, Switzerland",1997-01-01,2006-01-01,114,"$950,068"
Michel Kratochvil,K319,SUI,"6' 1""",1.85m,Right-Handed,Two-Handed,1979-04-07,"Bern, Switzerland",1997-01-01,2008-01-01,269,"$1,159,379"
Marco Chiudinelli,C582,SUI,"6' 2""",1.88m,Right-Handed,Two-Handed,1981-09-10,"Basel, Switzerland",2000-01-01,2017-01-01,118,"$2,023,620"
Lorenzo Manta,M551,SUI,"6' 3""",,Right-Handed,,1974-09-16,"Winterthur, Switzerland",1992-01-01,2001-01-01,82,"$429,102"
Claudio Mezzadri,M063,SUI,"5' 11""",1.82m,Right-Handed,,1965-06-10,"Locarno, Switzerland",1983-01-01,,23,"$797,458"
Stephane Bohli,B752,SUI,"6' 1""",1.85m,Right-Handed,Two-Handed,1983-07-25,"Geneva, Switzerland",2002-01-01,,255,"$588,725"
Yves Allegro,A293,SUI,"6' 0""",1.83m,Right-Handed,,1978-08-24,"Grône, Switzerland",1997-01-01,2011-01-01,32,"$768,327"
Michael Lammer,L523,SUI,"6' 1""",1.85m,Right-Handed,One-Handed,1982-03-25,"Kilchberg, Zürich, Switzerland",2002-01-01,2015-01-01,213,"$533,475"
Jean-Claude Scherrer,S813,SUI,"6' 1""",1.87m,Right-Handed,,1978-07-20,"Uznach, Switzerland",1998-01-01,,77,"$232,453"
Alexander Sadecky,SG88,SUI,"6' 4""",1.93m,Left-Handed,,1987-06-07,"Zürich, Switzerland",2006-01-01,,317,"$94,785"
Adrien Bossel,BF27,SUI,,,Left-Handed,,1986-12-28,"Fribourg, Switzerland",,2019-01-01,401,"$149,514"
Sandro Ehrat,E780,SUI,"5' 11""",1.80m,Right-Handed,Two-Handed,1991-04-18,"Schaffhausen, Switzerland",,,467,"$147,448"
Yann Marti,MG54,SUI,"5' 8""",1.73m,Right-Handed,Two-Handed,1988-06-07,"Sierre, Switzerland",,,948,"$160,259"
Patrick Mohr,M507,SUI,,,,,1971-04-06,,,,219,"$37,258"
Alexandre Strambini,S630,SUI,,,,,1975-05-16,,,,275,"$38,972"
Robin Roshardt,R883,SUI,,,Right-Handed,,1988-02-22,"Zürich, Switzerland",,,1006,"$28,008"
Filippo Veglio,V176,SUI,,,Right-Handed,,1974-03-21,,,,105,"$68,926"
Roman Valent,V311,SUI,"6' 0""",1.83m,Right-Handed,Two-Handed,1983-07-08,"Zürich, Switzerland",2001-01-01,,408,"$60,375"
Charles Aeschliman,AE02,SUI,,,,,1897-02-28,"Cannes, France",,,,
Max Albrecht,AD88,SUI,,,,,,,,,,
Erwin Balestra,BO12,SUI,,,,,,,,,,
Fred Berli,BM13,SUI,,,,,,,,,,
Stephan Bienz,B045,SUI,,,,,,,,,,
Hansueli Blass,B0KL,SUI,,,,,,,,,,
Fred Blatter,B836,SUI,,,,,1949-09-25,"Zürich, Switzerland",,,,
Jean-Pierre Blondel,BO50,SUI,,,,,,,,,,
Paul Blondel,BN98,SUI,,,,,,,,,,
Michele Borgener,BB76,SUI,,,,,,,,,,
Ren Bortulan,BB75,SUI,,,,,,,,,,
Edgar Buchi,BO85,SUI,,,,,,,,,,
Michel Burgener,B245,SUI,,,,,1949-06-01,,,,306,
Rene Buser,BO39,SUI,,,,,,,,,,
Hector Chiesa,CJ23,SUI,,,,,,,,,,
J.R. Christ,CI63,SUI,,,,,,,,,,
Urs Dietschi,D0GF,SUI,,,,,,"Olten (SO), Switzerland",,,,
Ivan Du Pasquier,D0DH,SUI,,,Right-Handed,,1961-11-23,"Neuchâtel, Switzerland",,,251,
Bernard Du Pont,DD74,SUI,,,,,,,,,,
Ivan Dupasquier,D083,SUI,,,Right-Handed,,1961-11-23,"Neuchâtel, Switzerland",,,251,
Max Ellmer,E915,SUI,,,,,,Switzerland,,1954-01-01,,
Maurice Ferrier,FA77,SUI,,,,,1901-11-08,"Geneva, Switzerland",,,,
Hector Fisher,FA23,SUI,,,,,,"Myaungmya, Burma",,,,
Martin Froesch,F976,SUI,,,,,,,,,,
Georges Grange,GG68,SUI,,,,,,,,,,
Heinz Grimm,G0HA,SUI,,,,,,,,,,
Thierry Grin,G195,SUI,,,,,,,,,,
Heinz Gunthardt,G050,SUI,"5' 11""",1.80m,Right-Handed,One-Handed,1959-02-08,"Zürich, Switzerland",1976-01-01,1990-01-01,3,"$1,550,007"
Markus Gunthardt,G060,SUI,"5' 10""",,Right-Handed,,1957-09-10,"Zurich, Switzerland",,,44,"$81,388"
Rolf Hertzog,H044,SUI,"5' 10""",,Right-Handed,,1968-04-25,"Zürich, Switzerland",,,181,"$21,863"
A. Herzog,HD06,SUI,,,,,,,,,,
Peter Holenstein,H737,SUI,,,,,,,,,,
Hans Huonder,HD33,SUI,,,,,,,,,,
Max Hurlimann,H067,SUI,"5' 5""",,,,1951-07-30,,,,163,
Petr Kanderal,K113,SUI,,,,,1948-01-16,"Zürich, Switzerland",,,,
Marc Krippendorf,K025,SUI,,,,,,,,,,
Boris Maneff,MR93,SUI,,,,,,"Geneva, Switzerland",,,,
Emmanuel Marmillod,M228,SUI,,,,,,,,,,
Stephan Medem,M053,SUI,"6' 1""",1.85m,Left-Handed,,1960-04-02,"Lucerne, Switzerland",,,144,"$19,754"
Gaby Mercier-Odier,MS07,SUI,,,,,,,,,,
Christoph Meyer,M062,SUI,,,,,1975-08-03,"Berlin, Germany",,,,
Stefano Mezzadri,M339,SUI,,,Right-Handed,,1967-05-26,,,,206,"$29,170"
Jacques Michod Jr.,MP69,SUI,,,,,,,,,,
Hans Pfaff,PI88,SUI,,,,,,,,,,
M. Pine,P0H2,SUI,,,,,,,,,,
Bruno Schoenenberger,SS22,SUI,,,,,,,,,,
Edgar Schurmann,S217,SUI,,,,,,,,,,
Jurg Siegrist,SQ88,SUI,,,,,,,,,,
Jost Spitzer,ST42,SUI,,,,,,,,,,
Rolf Spitzer,SE13,SUI,,,,,,,,,,
Roland Stadler,S077,SUI,"5' 10""",,,,1959-06-14,"Zurich, Switzerland",,,185,"$110,370"
Thedy Stalder,SA22,SUI,,,,,,,,,,
Hans-Peter Stebler,SS11,SUI,,,,,,,,,,
Werner Steiner,ST76,SUI,,,,,,,,,,
Dimitri Sturdza,S241,SUI,,,,,1938-11-10,"Iași, Romania",,,,
Dominik Guido Utzinger,U008,SUI,,,Right-Handed,,1963-04-12,"Basel, Switzerland",,,155,
Rolf Vogelsanger,V0EB,SUI,,,,,,,,,,
Jean Vuarin,V965,SUI,,,,,,,,,,
A. Warfield,W752,SUI,,,,,,,,,,
Mathias Werren,W117,SUI,,,,,,,,,,
Jean Wuarin,W900,SUI,,,,,,,,,,
Bruno Abdel Nour,AA55,SYR,,,,,,,,,,
Marc Abdelnour,A769,SYR,,,,,,,,,,
Yazan Al Kasim,A497,SYR,,,,,,,,,,
Rabi Bouhassoun,B966,SYR,,,,,,,,,,
Amer Naow,N980,SYR,,,Right-Handed,Two-Handed,1995-01-01,"Aleppo, Syria",,,,$326
Samir Saadeldin,SB58,SYR,,,,,,,,,,
Lais Salim,SB59,SYR,,,,,,,,,,
Aziz Avganov,A623,TJK,,,,,,,,,,
Sergei Makashin,MC64,TJK,,,,,,,,,,
Dilshod Sharifi,SD76,TJK,,,,,,,,,,
Paradorn Srichaphan,S675,THA,"6' 1""",1.85m,Right-Handed,One-Handed,1979-06-14,"Khon Kaen, Thailand",1997-01-01,2010-01-01,79,"$3,459,655"
Danai Udomchoke,U043,THA,"5' 7""",1.72m,Right-Handed,One-Handed,1981-08-11,"Bangkok, Thailand",1997-01-01,2015-01-01,130,"$1,095,170"
Kittipong Wachiramanowong,W481,THA,"6' 0""",1.83m,Right-Handed,Two-Handed,1990-01-25,"Bangkok, Thailand",2009-01-01,,249,"$96,519"
Sonchat Ratiwatana,R519,THA,"5' 9""",1.75m,Right-Handed,One-Handed,1982-01-23,"Bangkok, Thailand",2004-01-01,,39,"$427,877"
Tanakorn Srichaphan,S478,THA,,,Right-Handed,,1968-05-20,"Khon Kaen, Thailand",,,804,
Kasom Chartikavanij,CJ97,THA,,,,,,,,,,
Weerapat Doakmaiklee,D684,THA,,,Right-Handed,,1987-06-13,"Chon Buri, Thailand",,,319,"$36,652"
Nestor Grammatica,G0HU,THA,,,,,,,,,,
Pruchya Isaro,I326,THA,,,Right-Handed,,1995-10-16,"Songkhla, Thailand",,,313,"$57,183"
Olan Issara,I354,THA,,,,,,,,,,
Palaphoom Kovapitukted,K0BU,THA,,,,,1999-12-05,"Bangkok, Thailand",,,606,"$4,161"
Supot Meesawat,MP17,THA,,,,,,,,,,
Ekkarin Pisuth-Arnonth,P463,THA,,,,,,,,,,
Panomkorn Pladchunil,P095,THA,,,,,1962-06-16,,,,600,
Sanchai Ratiwatana,R518,THA,"5' 9""",1.75m,Right-Handed,One-Handed,1982-01-23,"Bangkok, Thailand",2004-01-01,,39,"$489,440"
Kirati Siributwong,SF21,THA,,,,,,,,,,
Peerakiat Siriluethaiwattana,SG66,THA,"5' 9""",1.75m,Left-Handed,Two-Handed,1989-08-16,"Kamphaeng Phet, Thailand",,,567,"$37,879"
Warit Sornbutnark,SO02,THA,,,Right-Handed,,1993-02-27,"Bangkok, Thailand",,,753,"$12,192"
Naratorn Srichaphan,S476,THA,,,,,1972-08-05,,,,461,
Worapol Thongkamcho,T120,THA,,,,,1968-01-01,,,,792,
Sombat Uamongkol,U018,THA,,,Right-Handed,,,,,,682,
Pol Wattanakul,W723,THA,,,,,,,,,,
Komlavi Loglo,L596,TOG,"6' 0""",1.83m,Right-Handed,Two-Handed,1984-12-30,"Badou, Togo",2003-01-01,,235,"$74,288"
Liova Ajavon,A0GB,TOG,,,,,,,,,,
Hod'abalo Padio,P0OR,TOG,,,,,,,,,,
Malek Jaziri,J267,TUN,"6' 1""",1.85m,Right-Handed,Two-Handed,1984-01-20,"Bizerte, Tunisia",2003-01-01,2023-01-01,73,"$4,050,966"
Skander Mansouri,ML73,TUN,"6' 4""",1.93m,Right-Handed,Two-Handed,1995-07-23,"Tunis, Tunisia",,,54,"$429,161"
Haythem Abid,A563,TUN,"6' 2""",1.88m,Left-Handed,Two-Handed,1985-07-17,"Tunis, Tunisia",,,668,"$45,060"
Mustapha Belkhodja,BN53,TUN,,,Right-Handed,,1938-04-16,,,,,
Tarek Ben Soltane,BB19,TUN,,,,,,,,,,
Anis Ghorbel,G909,TUN,,,Right-Handed,Two-Handed,1989-04-24,"Sfax, Tunisia",,,264,"$69,534"
Sami Ghorbel,GA52,TUN,,,,,,,,,,
Slim Hamza,HA14,TUN,,,,,,,,,,
Walid Jallali,J173,TUN,,,,,1978-06-30,,,,493,"$40,419"
Aref Jalleli,J199,TUN,,,,,,,,,,
Slah Mbarek,MG13,TUN,,,,,,,,,,
Gilbert Naccache,N808,TUN,,,,,,,,,,
Marsel Ilhan,K771,TUR,"6' 3""",1.91m,Right-Handed,Two-Handed,1987-06-11,"Samarkand, Uzbekistan",2006-01-01,,564,"$1,398,278"
Anil Yuksel,Y152,TUR,,,Left-Handed,Two-Handed,1990-05-19,"Venlo, Netherlands",,,465,"$84,639"
Haluk Akkoyun,A402,TUR,,,,,,,,,,
Bulent Altinkaya,A0KA,TUR,,,,,,,,,,
Tuna Altuna,A764,TUR,,,Right-Handed,,1989-01-30,"Istanbul, Turkey",,,169,"$85,352"
Beyazit Anbar,A640,TUR,,,,,,,,,,
Kemal Anbar,A0KJ,TUR,,,,,,,,,,
Cahit Atas,A642,TUR,,,,,,,,,,
Orhan Atas,A641,TUR,,,,,,,,,,
Remzi Aydin,A0H4,TUR,,,,,1936-09-15,"Erzincan, Turkey",,,,
Mustafa Azkara,A237,TUR,,,,,,,,,,
Nazmi Bari,BN84,TUR,,,,,1929-11-13,,,,,
Bedri Baykam,BB89,TUR,,,,,,,,,,
Atlihan Binoz,B311,TUR,,,,,,,,,,
Umit Center,C921,TUR,,,,,,,,,,
Yildirak Das,D662,TUR,,,,,,,,,,
Necvet Demir,D017,TUR,,,,,,,,,,
Baris Erguden,E248,TUR,,,Right-Handed,Two-Handed,1986-01-01,"Istanbul, Turkey",,,532,"$51,533"
Baris Ergun,E162,TUR,,,,,,,,,,
Oguz Eroglu,E638,TUR,,,,,,,,,,
Ahmet Gencsoy,G786,TUR,,,,,,,,,,
Mustafa Gencsoy,G692,TUR,,,,,,,,,,
Ali Gorec,G788,TUR,,,,,,,,,,
Nezih Gunal,G787,TUR,,,,,,,,,,
Nur Gurak,G0LK,TUR,,,,,,,,,,
Murat Gurler,G789,TUR,,,,,,,,,,
Tahsin Gursoy,G0LJ,TUR,,,,,,,,,,
Ziya Isikustun,I188,TUR,,,,,,,,,,
Alaaddin Karagoz,K136,TUR,,,,,,,,,,
Arif Kocak,K762,TUR,,,,,,,,,,
Cumhur Ongen,O271,TUR,,,,,,,,,,
Erhan Oral,O130,TUR,,,,,,,,,,
Hasan Ozdemir,O0DL,TUR,,,,,,,,,,
Kaya Saydas,S356,TUR,,,,,,,,,,
Esat Tanik,T321,TUR,,,,,,,,,,
Vartan Tetikbas,T843,TUR,,,,,,,,,,
Efe Ustundag,G330,TUR,,,,,1977-01-15,"Istanbul, Turkey",,,373,"$12,203"
Selim Var,V459,TUR,,,,,,,,,,
Ali Yenilmez,Y118,TUR,,,,,,,,,,
Ergun Zorlu,Z171,TUR,"6' 1""",,Right-Handed,,1985-02-03,,,,742,"$12,287"
P. Neck,N0EJ,UGA,,,,,,,,,,
Alexandr Dolgopolov,D801,UKR,"5' 11""",1.80m,Right-Handed,Two-Handed,1988-11-07,"Kyiv, Ukraine",2006-01-01,,42,"$7,125,771"
Andrei Medvedev,M475,UKR,"6' 4""",1.93m,Right-Handed,Two-Handed,1974-08-31,"Kyiv, Ukraine",1991-01-01,2001-01-01,185,"$6,721,598"
Sergiy Stakhovsky,SC77,UKR,"6' 4""",1.93m,Right-Handed,One-Handed,1986-01-06,"Kyiv, Ukraine",2003-01-01,2022-01-01,33,"$5,588,638"
Dimitri Poliakov,P198,UKR,"6' 0""",1.83m,Right-Handed,,1968-01-19,"Kyiv, Ukraine",1989-01-01,,119,"$438,529"
Sergei Bubka,BC11,UKR,"6' 0""",1.83m,,,1963-12-04,"Luhansk, Ukraine",1981-01-01,2001-01-01,,
Andrei Rybalko,R272,UKR,"5' 11""",,,,1972-06-05,"Kiev, Ukraine",,,239,"$50,368"
Ivan Sergeyev,SE69,UKR,"5' 9""",,Right-Handed,Two-Handed,1988-01-20,"Dnipropetrovsk, Ukraine",,,230,"$264,529"
Sergel Baranov,B470,UKR,,,,,,,,,,
Taras Beiko,B418,UKR,,,,,,,,,,
Oleksandr Bielinskyi,B09K,UKR,,,,,,,,,,
Illia Biloborodko,B0DC,UKR,,,Right-Handed,,2001-05-07,,,,483,"$38,889"
Taras Demyanekno,D458,UKR,,,,,,,,,,
Andrey Dernovskiy,D459,UKR,,,,,,,,,,
Marat Deviatiarov,DB64,UKR,"6' 3""",1.91m,Right-Handed,,1994-04-19,"Kharkiv, Ukraine",,,313,"$79,680"
Oleksandr Dolgopolov Sr.,D033,UKR,,,Right-Handed,,1964-07-10,,,,463,"$5,732"
Mykola Dyachok,D668,UKR,,,,,,,,,,
Victor Egorov,E097,UKR,,,,,,,,,,
Mikhail Filima,F383,UKR,,,Right-Handed,,1982-11-17,"Kiev, Ukraine",,,288,"$14,416"
Danylo Kalenichenko,KE05,UKR,"6' 2""",1.88m,Right-Handed,,1994-02-02,"Kyiv, Ukraine",,,378,"$74,362"
Vladyslav Manafov,MM54,UKR,,,Left-Handed,,1993-04-22,"Kyiv, Ukraine",,,93,"$214,063"
Denys Molchanov,MF71,UKR,"6' 2""",1.88m,Right-Handed,,1987-05-16,"Chișinău, Moldova",,,58,"$913,981"
Mikhail Mozer,MQ15,UKR,,,,,1935-06-22,"Mukačevo, Ukraine",,,,
Artem Smirnov,SH77,UKR,"6' 2""",1.88m,Left-Handed,Two-Handed,1988-02-02,"Kiev, Ukraine",,,159,"$209,647"
Andrey Stepanov,SB10,UKR,,,,,,,,,,
Orest Tereshchuk,T333,UKR,,,Right-Handed,,1981-08-18,"Lviv, Ukraine",1998-01-01,2007-01-01,101,"$118,077"
Victor Trotzko,T256,UKR,,,,,,,,,,
Denis Yakimenko,Y044,UKR,,,,,,,,,,
Sergei Yaroshenko,Y047,UKR,"5' 10""",,Left-Handed,,1977-04-06,"Nova Kakhovka, Ukraine",,,524,"$24,230"
Mahmoud-Nader Al Baloushi,N587,UAE,,,Right-Handed,,1980-06-30,"Abu Dhabi, United Arab Emirates",,,,"$20,365"
Omar Alawadhi,A499,UAE,,,Right-Handed,Two-Handed,1982-01-16,"Dubai, United Arab Emirates",2001-01-01,,1005,"$111,717"
John Isner,I186,USA,"6' 10""",2.08m,Right-Handed,Two-Handed,1985-04-26,"Greensboro, NC, U.S.",2007-01-01,2023-01-01,14,"$22,270,428"
Andy Roddick,R485,USA,"6' 2""",1.88m,Right-Handed,Two-Handed,1982-08-30,"Omaha, NE, US",2000-01-01,,50,"$20,640,030"
Sam Querrey,Q927,USA,"6' 6""",1.98m,Right-Handed,Two-Handed,1987-10-07,"San Francisco, CA, U.S.",2006-01-01,,23,"$13,588,615"
Pete Sampras,S402,USA,"6' 1""",1.85m,Right-Handed,One-Handed,1971-08-12,"Washington, D.C., US",1988-01-01,,27,"$43,280,489"
Mardy Fish,F339,USA,"6' 2""",1.88m,Right-Handed,Two-Handed,1981-12-09,"Edina, MN, United States",2000-01-01,2015-01-01,14,"$7,392,041"
Todd Martin,M442,USA,"6' 6""",1.98m,Right-Handed,Two-Handed,1970-07-08,"Hinsdale, IL, US",1990-01-01,2004-01-01,30,"$8,232,355"
Jan-Michael Gambill,G352,USA,"6' 3""",1.90m,Right-Handed,,1977-06-03,"Spokane, WA, U.S.",1996-01-01,,23,"$3,612,179"
Andre Agassi,A092,USA,"5' 11""",1.80m,Right-Handed,Two-Handed,1970-04-29,"Las Vegas, NV, US",1986-01-01,2006-01-01,123,"$31,152,975"
James Blake,B676,USA,"6' 1""",1.85m,Right-Handed,One-Handed,1979-12-28,"Yonkers, NY, US",1999-01-01,,31,"$7,981,882"
Steve Johnson,J386,USA,"6' 2""",1.88m,Right-Handed,Two-Handed,1989-12-24,"Orange, CA, U.S.",2012-01-01,,39,"$8,062,893"
Michael Chang,C274,USA,"5' 9""",,Right-Handed,Two-Handed,1972-02-22,"Hoboken, NJ, U.S.",1988-01-01,2003-01-01,199,"$19,145,632"
Jim Courier,C243,USA,"6' 1""",1.85m,Right-Handed,Two-Handed,1970-08-17,"Sanford, FL, U.S.",1988-01-01,2000-01-01,20,"$14,034,132"
Jack Sock,SM25,USA,"6' 3""",1.91m,Right-Handed,Two-Handed,1992-09-24,"Lincoln, NE, U.S.",2011-01-01,,2,"$11,952,110"
Robby Ginepri,G569,USA,"6' 0""",,Right-Handed,Two-Handed,1982-10-07,"Fort Lauderdale, FL, United States",2001-01-01,2015-01-01,134,"$3,897,123"
Jonathan Stark,S403,USA,"6' 2""",1.88m,Right-Handed,Two-Handed,1971-04-03,"Medford, OR, United States",1991-01-01,2001-01-01,1,"$3,220,867"
Vincent Spadea,S544,USA,"6' 0""",1.83m,Right-Handed,Two-Handed,1974-07-19,"Chicago, IL, US",1993-01-01,2011-01-01,90,"$5,004,860"
Taylor Dent,D362,USA,"6' 2""",1.88m,Right-Handed,One-Handed,1981-04-24,"Newport Beach, CA, United States",1998-01-01,2010-01-01,170,"$2,563,378"
Ryan Harrison,H940,USA,"6' 1""",1.85m,Right-Handed,Two-Handed,1992-05-07,"Shreveport, LA, U.S.",2007-01-01,,16,"$4,814,670"
David Wheaton,W123,USA,"6' 4""",1.93m,Right-Handed,Two-Handed,1969-06-02,"Minneapolis, MN, United States",1988-01-01,2001-01-01,24,"$5,238,401"
Justin Gimelstob,G354,USA,"6' 5""",1.96m,Right-Handed,One-Handed,1977-01-26,"Livingston, New Jersey",1996-01-01,2007-01-01,18,"$2,575,522"
MaliVai Washington,W124,USA,"5' 11""",1.80m,Right-Handed,Two-Handed,1969-06-20,"Glen Cove, NY, US",1989-01-01,1999-01-01,172,"$3,232,565"
Jeff Tarango,T136,USA,"5' 11""",1.80m,Left-Handed,Two-Handed,1968-11-20,"Manhattan Beach, CA, United States",1989-01-01,2010-01-01,10,"$3,730,289"
Richey Reneberg,R016,USA,"5' 11""",1.80m,Right-Handed,Two-Handed,1965-10-05,"Phoenix, AZ, U.S.",1987-01-01,2000-01-01,1,"$4,407,308"
Ivan Lendl,L018,USA,"6' 2""",1.88m,Right-Handed,One-Handed,1960-03-07,"Ostrava, Czech Republic",1978-01-01,1994-01-01,20,"$21,262,417"
Bryan Shelton,S380,USA,"6' 1""",1.85m,Right-Handed,Two-Handed,1965-12-22,"Huntsville, Alabama",1989-01-01,1997-01-01,52,"$1,220,283"
Jim Grabb,G039,USA,"6' 4""",1.93m,Right-Handed,,1964-04-14,"Tucson, Arizona",1986-01-01,2000-01-01,1,"$3,274,155"
Brad Gilbert,G016,USA,"6' 1""",1.85m,Right-Handed,One-Handed,1961-08-09,"Oakland, CA, United States",1982-01-01,1995-01-01,18,"$5,507,973"
Robert Kendrick,K448,USA,"6' 3""",1.91m,Right-Handed,Two-Handed,1979-11-15,"Fresno, CA, United States",2000-01-01,2014-01-01,77,"$1,363,211"
Donald Young,Y124,USA,"6' 0""",1.83m,Left-Handed,Two-Handed,1989-07-23,"Chicago, IL, US",2004-01-01,2024-01-01,43,"$4,694,661"
Chris Woodruff,W212,USA,"6' 2""",1.88m,Right-Handed,Two-Handed,1973-01-02,"Knoxville, Tennessee",1993-01-01,2001-01-01,73,"$1,900,659"
Rajeev Ram,R548,USA,"6' 4""",1.93m,Right-Handed,One-Handed,1984-03-18,"Denver, CO, US",2004-01-01,,1,"$9,913,707"
Tennys Sandgren,SL08,USA,"6' 2""",1.88m,Right-Handed,Two-Handed,1991-07-22,"Gallatin, TN, USA",2011-01-01,,115,"$3,581,949"
Bobby Reynolds,R483,USA,"6' 0""",1.83m,Right-Handed,Two-Handed,1982-07-17,"Cape Cod, Massachusetts",2003-01-01,2014-01-01,46,"$1,573,292"
Aaron Krickstein,K023,USA,"6' 0""",1.83m,Right-Handed,Two-Handed,1967-08-02,"Ann Arbor, MI, U.S.",1983-01-01,1996-01-01,196,"$3,709,772"
Alex O'Brien,O099,USA,"6' 1""",1.85m,Right-Handed,Two-Handed,1970-03-07,"Amarillo, TX, United States",1992-01-01,2003-01-01,1,"$3,526,390"
Chuck Adams,A199,USA,"6' 1""",1.85m,Right-Handed,,1971-04-23,"Pacific Palisades, CA, United States",1990-01-01,1997-01-01,313,"$818,519"
Jeff Morrison,M805,USA,"6' 1""",1.85m,Right-Handed,Two-Handed,1979-02-04,"Huntington, WV, USA",2000-01-01,2006-01-01,81,"$770,476"
Derrick Rostagno,R043,USA,"6' 1""",1.85m,Right-Handed,Two-Handed,1965-10-25,"Hollywood, CA, United States",1986-01-01,1997-01-01,142,"$1,621,535"
Jared Donaldson,DC58,USA,"6' 2""",1.88m,Right-Handed,Two-Handed,1996-10-09,"Providence, Rhode Island",2014-01-01,,327,"$2,090,322"
Kevin Kim,K358,USA,"5' 10""",,Right-Handed,One-Handed,1978-07-26,"Torrance, CA, U.S.",1997-01-01,2015-01-01,118,"$1,545,790"
Tim Smyczek,SF62,USA,"5' 9""",1.75m,Right-Handed,Two-Handed,1987-12-30,"Milwaukee, WI, U.S.",2006-01-01,2019-01-01,160,"$2,067,979"
Patrick McEnroe,M048,USA,"6' 0""",1.83m,Right-Handed,Two-Handed,1966-07-01,"Manhasset, New York",1988-01-01,1998-01-01,3,"$3,118,316"
Brian MacPhie,M448,USA,"5' 11""",1.80m,Left-Handed,,1972-05-11,"San Jose, CA, U.S.",1993-01-01,,22,"$1,331,539"
Jeff Salzenstein,S564,USA,"6' 1""",1.85m,Left-Handed,Two-Handed,1973-10-14,"Peoria, IL, United States",1996-01-01,2007-01-01,68,"$616,017"
Michael Russell,R368,USA,"5' 8""",1.73m,Right-Handed,Two-Handed,1978-05-01,"Detroit, Michigan",1998-01-01,2015-01-01,164,"$2,352,870"
Wayne Odesnik,O234,USA,"5' 11""",1.80m,Left-Handed,Two-Handed,1985-11-21,"Johannesburg, South Africa",2004-01-01,,393,"$1,155,255"
Paul Goldstein,G333,USA,"5' 10""",1.78m,Right-Handed,Two-Handed,1976-08-04,"Washington, D.C., United States",1998-01-01,2008-01-01,40,"$1,620,456"
Bradley Klahn,KA98,USA,"6' 0""",1.83m,Left-Handed,Two-Handed,1990-08-20,"Poway, California",2012-01-01,2023-01-01,131,"$1,764,256"
Kevin Curren,C057,USA,"6' 1""",1.85m,Right-Handed,One-Handed,1958-03-02,"Durban, Natal, South Africa",1979-01-01,1993-01-01,3,"$3,055,510"
Jared Palmer,P233,USA,"6' 3""",1.91m,Right-Handed,One-Handed,1971-07-02,"New York City, US",1991-01-01,2005-01-01,1,"$3,413,189"
Glenn Weiner,W217,USA,"6' 2""",,Right-Handed,,1976-04-27,"Johannesburg, South Africa",1994-01-01,,85,"$498,614"
Ryan Sweeting,SG87,USA,"6' 5""",1.96m,Right-Handed,Two-Handed,1987-07-14,"Nassau, Bahamas",2007-01-01,2015-01-01,139,"$1,024,486"
Michael Joyce,J100,USA,"5' 11""",1.80m,Right-Handed,Two-Handed,1973-02-01,"Santa Monica, CA, United States",1991-01-01,2003-01-01,181,"$756,999"
John McEnroe,M047,USA,"5' 11""",1.80m,Left-Handed,One-Handed,1959-02-16,"Wiesbaden, Germany",1978-01-01,,1,"$12,552,132"
Bob Bryan,B588,USA,"6' 4""",1.93m,Left-Handed,One-Handed,1978-04-29,"Camarillo, CA, US",1998-01-01,2020-01-01,1,"$15,931,631"
Austin Krajicek,KA00,USA,"6' 2""",1.88m,Left-Handed,Two-Handed,1990-06-16,"Tampa, FL, U.S.",2012-01-01,,1,"$3,947,034"
Tommy Ho,H251,USA,"6' 0""",1.83m,Left-Handed,Two-Handed,1973-06-17,"Winter Haven, FL, United States",1988-01-01,1998-01-01,13,"$793,819"
Alex Kuznetsov,K737,USA,"6' 0""",1.83m,Right-Handed,Two-Handed,1987-02-05,"Kiev, Ukraine",2004-01-01,2016-01-01,78,"$909,591"
Bjorn Fratangelo,F811,USA,"6' 0""",1.83m,Right-Handed,Two-Handed,1993-07-19,"Pittsburgh, PA, U.S.",2012-01-01,,304,"$1,614,944"
Brian Baker,BA23,USA,"6' 3""",1.91m,Right-Handed,Two-Handed,1985-04-30,"Nashville, TN, U.S.",2003-01-01,2017-01-01,29,"$1,184,653"
Robbie Weiss,W011,USA,"6' 0""",1.83m,Right-Handed,,1966-12-01,"Chicago, IL, United States",1988-01-01,,271,"$499,723"
Rhyne Williams,W522,USA,"6' 1""",1.85m,Right-Handed,Two-Handed,1991-03-22,"Knoxville, Tennessee",2011-01-01,2018-01-01,141,"$460,657"
Steve Campbell,C355,USA,"6' 0""",1.83m,Right-Handed,,1970-10-12,"Buffalo, NY, US",1993-01-01,,184,"$484,898"
Brian Vahaly,V303,USA,"6' 0""",1.83m,Right-Handed,Two-Handed,1979-07-19,"Camden, NJ, United States",2001-01-01,2007-01-01,94,"$1,975,775"
David Pate,P012,USA,"6' 0""",1.82m,Right-Handed,One-Handed,1962-04-16,"Los Angeles, CA, US",1983-01-01,1996-01-01,1,"$2,029,723"
Kenny Thorne,T125,USA,"6' 2""",1.88m,Right-Handed,One-Handed,1966-01-24,"Honolulu, Hawaii",1988-01-01,1997-01-01,67,"$1,587,294"
Zack Fleishman,F337,USA,"6' 2""",1.88m,Right-Handed,Two-Handed,1980-03-17,"Santa Monica, California",2000-01-01,2011-01-01,254,"$381,160"
Doug Flach,F191,USA,"6' 0""",1.83m,,,1970-08-10,"St. Louis, MO, U.S.",1987-01-01,2001-01-01,,"$678,432"
David Witt,W177,USA,"6' 3""",1.90m,Right-Handed,,1973-06-02,"High Point, NC, U.S.",1991-01-01,,157,"$295,543"
Todd Witsken,W029,USA,,,Right-Handed,One-Handed,1963-11-04,"Indianapolis, IN, US",1985-01-01,1993-01-01,4,"$1,420,910"
Steve Bryan,B401,USA,"5' 10""",1.78m,Right-Handed,,1970-08-10,"Dallas, TX, United States",1990-01-01,,307,"$560,562"
Jimmy Arias,A031,USA,"5' 9""",,Right-Handed,One-Handed,1964-08-16,"Buffalo, NY, U.S.",,1994-01-01,61,"$1,834,140"
Jimmy Connors,C044,USA,"5' 10""",1.78m,Left-Handed,Two-Handed,1952-09-02,"Belleville, IL, US",1972-01-01,1996-01-01,1,"$8,641,040"
Luke Jensen,J009,USA,"6' 3""",1.91m,,One-Handed,1966-06-18,"Grayling, Michigan",1987-01-01,,6,"$1,313,255"
Scott Davis,D004,USA,"6' 2""",1.87m,Right-Handed,One-Handed,1962-08-27,"Santa Monica, CA, United States",1983-01-01,1998-01-01,2,"$2,287,611"
Scoville Jenkins,J290,USA,"6' 2""",1.88m,Right-Handed,Two-Handed,1986-09-23,"Atlanta, Georgia",2004-01-01,2010-01-01,198,"$353,515"
Chris Garner,G196,USA,"5' 11""",,Right-Handed,,1969-04-07,"Bellefonte, Pennsylvania",,,336,"$242,281"
Dave Randall,R236,USA,"6' 0""",,Right-Handed,,1967-05-08,"Memphis, Tennessee",,,39,"$635,374"
Noah Rubin,RC96,USA,"5' 9""",1.75m,Right-Handed,Two-Handed,1996-02-21,"Merrick, New York",2015-01-01,,245,"$754,745"
Geoff Grant,G300,USA,"6' 0""",1.82m,Right-Handed,,1970-01-16,"Englewood, NJ, USA",1994-01-01,2003-01-01,90,"$351,932"
Brendan Evans,E254,USA,"6' 2""",1.88m,Right-Handed,Two-Handed,1986-04-08,"Pontiac, MI, United States",2004-01-01,,119,"$411,906"
Kent Kinnear,K156,USA,"6' 5""",1.96m,Right-Handed,,1966-11-30,"Naperville, Illinois USA",1988-01-01,,24,"$771,749"
Glenn Layendecker,L010,USA,"6' 1""",1.85m,Left-Handed,Two-Handed,1961-05-09,"Stanford, California",1983-01-01,1992-01-01,32,"$647,475"
Dennis Novikov,N674,USA,"6' 4""",1.93m,Right-Handed,Two-Handed,1993-11-06,"Moscow, Russia",2013-01-01,,138,"$662,411"
Sam Warburg,W361,USA,"6' 3""",1.91m,Right-Handed,Two-Handed,1983-04-29,"Sacramento, California",2005-01-01,2009-01-01,117,"$301,995"
David Dilucia,D191,USA,"5' 8""",,Right-Handed,,1970-01-15,"Norristown, PA, U.S.",,,92,"$281,857"
Keith Evans,E116,USA,"6' 2""",,,,1969-03-22,"Memphis, Tennessee",,,228,"$62,148"
Tim Mayotte,M041,USA,"6' 3""",1.90m,Right-Handed,One-Handed,1960-08-03,"Springfield, Massachusetts",1981-01-01,1992-01-01,66,"$2,663,672"
Scott Humphries,H344,USA,"6' 1""",1.85m,Right-Handed,,1976-05-26,"Greeley, CO, United States",1995-01-01,,29,"$652,092"
Brian Dunn,D265,USA,"6' 7""",,Right-Handed,,1974-04-05,"Tampa, FL, United States",1992-01-01,,246,"$107,978"
Alex Kim,K379,USA,"5' 9""",,Right-Handed,,1978-12-20,"Silver Spring, MD, United States",2000-01-01,,264,"$281,041"
Wade McGuire,M564,USA,"6' 2""",1.88m,Right-Handed,,1969-08-19,"Richmond, Virginia",1993-01-01,,221,"$204,614"
Dan Goldie,G022,USA,"6' 2""",1.88m,Right-Handed,One-Handed,1963-10-03,"Sioux City, IA, United States",1983-01-01,1991-01-01,40,"$682,952"
Bret Garnett,G174,USA,"6' 1""",,Right-Handed,,1967-07-02,"Honolulu, HI, U.S.",1988-01-01,,49,"$336,551"
Jesse Witten,W387,USA,"5' 10""",1.78m,Right-Handed,Two-Handed,1982-10-15,"Naples, Florida",2005-01-01,,274,"$402,100"
Kelly Jones,J018,USA,,,,,1974-06-03,"Cwmaman, Wales",,,,
Richard Matuszewski,M032,USA,"6' 2""",1.88m,Right-Handed,,1964-09-07,"Newark, NJ, United States",1986-01-01,,87,"$550,506"
Scott Oudsema,O252,USA,"6' 3""",,Right-Handed,,1986-07-01,"Kalamazoo, MI, United States",,,151,"$164,610"
Michael Yani,Y070,USA,"6' 1""",1.85m,Right-Handed,Two-Handed,1980-12-31,Singapore,2003-01-01,2013-01-01,158,"$403,300"
Christian Harrison,HB05,USA,"5' 11""",1.80m,Right-Handed,,1994-05-29,"Shreveport, LA, U.S.",2007-01-01,,17,"$1,232,393"
Ryler DeHeart,D617,USA,"6' 0""",1.83m,Left-Handed,One-Handed,1984-01-03,"Kauai, HI, U.S.",2006-01-01,,120,"$214,290"
Jim Pugh,P052,USA,"6' 4""",1.93m,Right-Handed,Two-Handed,1964-02-05,"Burbank, CA, USA",1985-01-01,1996-01-01,1,"$1,780,466"
Phillip King,K409,USA,"5' 9""",1.75m,Right-Handed,Two-Handed,1981-12-19,"Taipei, Taiwan",2004-05-09,,,
Alexander Sarkissian,SL07,USA,"6' 3""",1.91m,Right-Handed,Two-Handed,1990-04-03,"Glendale, CA, U.S.",2014-01-01,,683,"$263,698"
Todd Widom,W359,USA,,,Right-Handed,,1983-04-24,"Coral Springs, FL, U.S.",,,162,"$239,052"
Mike Bryan,B589,USA,"6' 3""",1.91m,Right-Handed,One-Handed,1978-04-29,"Camarillo, CA, US",1998-01-01,2020-01-01,1,"$16,767,452"
Ken Flach,F029,USA,"6' 1""",,Right-Handed,Two-Handed,1963-05-24,"St. Louis, MO, US",1983-01-01,,1,"$2,059,571"
Todd Nelson,N013,USA,"6' 1""",,Right-Handed,,1961-03-18,"The Dalles, OR, United States",1983-01-01,,48,"$541,277"
Alexander Reichel,R254,USA,"6' 4""",1.93m,Right-Handed,,1971-03-03,"Los Angeles, California",1992-01-01,,519,"$135,419"
Jack Brasington,B660,USA,"6' 2""",,Right-Handed,,1976-09-09,"Miami, Florida",2000-01-01,,315,"$173,770"
Michael Sell,S601,USA,"5' 11""",1.80m,Right-Handed,,1972-08-23,"Berkeley, California",1995-01-01,,83,"$294,371"
Paul Annacone,A027,USA,"6' 1""",1.85m,Right-Handed,One-Handed,1963-03-20,"Southampton, New York",1984-01-01,1998-01-01,3,"$1,645,515"
Louis Gloria,G292,USA,"5' 9""",1.75m,Left-Handed,,1969-04-15,"New Haven, Connecticut",1991-01-01,,349,"$158,068"
Michael McClune,MF57,USA,"6' 3""",1.90m,Right-Handed,One-Handed,1989-08-22,"Long Beach, CA, U.S.",2007-01-01,,317,"$143,401"
Devin Britton,BF17,USA,"6' 4""",1.93m,Right-Handed,Two-Handed,1991-03-17,"Jackson, Mississippi",2009-01-01,,119,"$81,276"
Francisco Montana,M399,USA,"6' 0""",1.83m,Right-Handed,,1969-11-05,"Miami, United States",1990-01-01,2003-01-01,13,"$1,248,094"
Hugo Armando,A311,USA,"6' 0""",1.83m,Right-Handed,One-Handed,1978-05-27,"Miami, US",1997-01-01,2008-01-01,85,"$588,523"
Pat Crow,C311,USA,"6' 2""",,Left-Handed,,1966-04-11,"Long Beach, California",1991-01-01,,422,"$20,570"
Donald Johnson,J098,USA,"6' 3""",1.91m,Left-Handed,,1968-09-09,"Bethlehem, Pennsylvania",1992-01-01,,1,"$2,294,044"
Rick Leach,L013,USA,"6' 2""",1.88m,Left-Handed,Two-Handed,1964-12-28,"Arcadia, CA, U.S.",1987-01-01,2011-01-01,1,"$4,293,554"
John Sullivan,S377,USA,"6' 2""",1.88m,Right-Handed,,1966-12-22,,,,101,"$59,854"
Brian Wilson,W360,USA,"6' 3""",1.90m,Right-Handed,,1982-05-23,"Oceanside, CA, USA",,,232,"$132,648"
Kristian Capalik,C522,USA,"6' 2""",,Right-Handed,,1978-10-03,"Sarajevo, Bosnia and Herzegovina",,,324,"$69,855"
Martin Blackman,B302,USA,"6' 2""",1.88m,Right-Handed,,1970-04-05,"The Bronx, NY, U.S.",,,142,"$141,468"
Matias Boeker,B699,USA,,,Right-Handed,,1980-12-11,"Buenos Aires, Argentina",1998-01-01,2005-01-01,200,"$131,854"
Carl Chang,C338,USA,,,,,1969-02-13,"Hoboken, NJ, U.S.",,,,
Brian Garrow,G212,USA,"5' 8""",1.73m,Right-Handed,,1968-04-08,"Santa Clara, CA, United States",1988-01-01,1993-01-01,42,"$242,556"
Buff Farrow,F174,USA,"5' 7""",,,,1967-05-28,"Wichita, KS, U.S.",,,294,"$39,624"
Mark Keil,K172,USA,"6' 0""",1.83m,Right-Handed,,1967-06-03,"Mountain View, CA, U.S.",1988-01-01,2001-01-01,32,"$749,587"
Brad Pearce,P014,USA,"5' 9""",1.75m,Right-Handed,One-Handed,1966-03-21,"Provo, UT, United States",1986-01-01,1999-01-01,24,"$818,413"
Ryan Shane,SQ48,USA,"6' 4""",1.93m,Right-Handed,One-Handed,1994-04-15,"Falls Church, Virginia",2015-01-01,,604,"$113,972"
Phillip Simmonds,SD01,USA,,,Right-Handed,,1986-05-18,"Selden, New York",,,200,"$191,421"
Jimmy Brown,B074,USA,"5' 11""",1.80m,Right-Handed,,1965-04-28,"Hialeah, FL, U.S.",1981-01-01,1992-01-01,176,"$560,131"
Jonathan Canter,C011,USA,"6' 1""",1.85m,Right-Handed,,1965-06-04,"Los Angeles, CA, United States",1983-01-01,,84,"$474,516"
Dennis Lajola,L784,USA,"5' 10""",1.79m,Right-Handed,Two-Handed,1989-12-02,Philippines,,,1078,"$17,466"
Mashiska Washington,W214,USA,"5' 11""",,Right-Handed,,1974-12-19,Michigan,1995-01-01,,510,"$143,963"
KJ Hippensteel,H469,USA,"6' 3""",1.91m,Left-Handed,Two-Handed,1980-05-08,"Roanoke, Virginia",2002-01-01,2008-01-01,210,"$134,558"
Bill Barber,B523,USA,"6' 0""",,,,1952-07-11,"Callander, Ontario, Canada",,,,
Rob Givone,G303,USA,"6' 4""",,Right-Handed,,1973-05-01,,,,224,"$23,519"
Daniel Kosakowski,KC11,USA,"6' 1""",1.85m,Right-Handed,One-Handed,1992-02-21,"Huntington Park, California",2011-01-01,2014-01-01,486,"$132,841"
Johan Kriek,K022,USA,"5' 9""",1.75m,Right-Handed,One-Handed,1958-04-05,"Pongola, South Africa",1978-01-01,1994-01-01,12,"$2,383,794"
Richard Schmidt,S291,USA,,,Right-Handed,,1965-01-31,"Harvey, Illinois",,,156,"$98,332"
Alex Clayton,C924,USA,"6' 0""",1.83m,Right-Handed,,1987-11-23,"Plantation, United States",,,759,"$24,673"
Chase Buchanan,BE93,USA,"6' 4""",1.93m,Right-Handed,Two-Handed,1991-06-04,"Columbus, OH, U.S.",,,151,"$216,155"
T.J. Middleton,M383,USA,"6' 0""",1.82m,Right-Handed,,1968-05-02,"Auburn, NY, U.S.",1990-01-01,2000-01-01,63,"$378,226"
Ian Aler,A169,USA,,,,,,,,,,
Diego Ayala,A316,USA,,,,,1979-04-29,"Córdoba, Argentina",,,100,"$72,482"
David Caldwell,C407,USA,"5' 11""",1.80m,Right-Handed,Two-Handed,1974-06-13,"Danville, VA, United States",1996-01-01,,346,"$114,102"
Steve DeVries,D024,USA,"5' 11""",1.80m,Right-Handed,,1964-12-08,"Cincinnati, OH, US",1987-01-01,,18,"$584,096"
Jonathan Leach,L275,USA,,,Right-Handed,,1973-04-18,,,,229,
Jay Berger,B281,USA,"5' 11""",1.80m,Right-Handed,,1966-11-26,"Fort Dix, Burlington County, New Jersey, U.S.",1986-01-01,1991-01-01,196,"$992,136"
Thomas Blake,B619,USA,,,Right-Handed,,1976-12-29,"Yonkers, NY, U.S.",1999-01-01,,141,"$141,621"
Andrew Carlson,C805,USA,,,Left-Handed,,1977-08-18,"San Diego, U.S.",,,475,
John Paul Fruttero,F378,USA,"6' 1""",1.85m,Right-Handed,,1981-04-30,"Montebello, United States",2000-01-01,,83,"$197,145"
Blake Strode,SI78,USA,"6' 2""",1.88m,Right-Handed,,1987-07-09,"St. Louis, MO, USA",2009-01-01,,571,"$60,116"
Ivan Baron,B434,USA,"6' 1""",,Right-Handed,,1972-11-12,"Jacksonville, Florida",1991-01-01,,156,"$128,779"
Justin O'Neal,O174,USA,,,,,1977-10-24,U.S.,,,1122,"$15,513"
John Ross,R042,USA,"6' 1""",1.85m,Right-Handed,,1964-02-29,"San Diego, California",,,172,"$156,098"
JC Aragone,AB71,USA,"5' 10""",1.78m,Right-Handed,Two-Handed,1995-06-28,"Buenos Aires, Argentina",2017-01-01,,153,"$284,679"
Alexios Halebian,HA47,USA,,,Left-Handed,Two-Handed,1994-06-08,"Hollywood, United States",,,515,"$45,678"
Brett Hansen-Dent,H320,USA,"6' 0""",1.83m,Right-Handed,,1972-07-02,"Newport Beach, California",1995-01-01,,92,"$58,580"
Paul Harsanyi,H354,USA,,,,,1974-12-30,,,,1191,"$11,142"
Travis Rettenmaier,R616,USA,"6' 2""",,Right-Handed,,1983-08-06,"Tarzana, CA, United States",2002-01-01,2012-01-01,57,"$243,091"
Brian Joelson,J036,USA,"6' 0""",1.83m,Right-Handed,,1961-09-30,"Columbus, Georgia",,,142,"$71,427"
Scott Lipsky,L580,USA,"6' 1""",1.85m,Right-Handed,,1981-08-14,"Merrick, NY, U.S.",2003-01-01,2018-01-01,21,"$1,695,242"
Alex Witt,W242,USA,,,,,,,,,,
William Blumberg,BT45,USA,"6' 2""",1.88m,Right-Handed,Two-Handed,1998-01-26,"New York City, United States",2021-01-01,2024-01-01,74,"$1,354,543"
Michael Shyjan,S560,USA,,,,,1969-10-29,,,,223,"$12,982"
Bruce Steel,S429,USA,,,,,1966-10-17,,,,282,"$14,742"
Joey Rive,R029,USA,"6' 1""",2m,Left-Handed,,1963-07-08,"Santurce, Puerto Rico, US",1985-01-01,,48,"$388,558"
Clay Thompson,TB84,USA,"6' 6""",1.98m,Right-Handed,,1992-05-04,"Venice, Los Angeles, U.S.",,,760,"$30,094"
Bill Behrens,B435,USA,,,Right-Handed,,1970-06-26,"Pasadena, CaliforniaUnited States",1993-01-01,,72,"$145,547"
Brian Devening,D177,USA,"6' 1""",1.85m,Right-Handed,,1967-07-16,"Milwaukee, WI, United States",1990-01-01,,77,"$177,318"
Murphy Jensen,J082,USA,"6' 4""",,Left-Handed,One-Handed,1968-10-30,"Ludington, MI, United States",1991-01-01,2006-01-01,17,"$681,817"
Trevor Kronemann,K178,USA,,,,,1968-09-02,"Edina, MN, United States",1987-01-01,,,
Jim Thomas,T213,USA,,,,,,,,,
Tom Mercer,M172,USA,"6' 1""",,,,1964-11-10,"Pittsburgh, Pennsylvania",,,112,"$93,715"
Oren Motevassel,M343,USA,"5' 7""",,Left-Handed,,1967-08-26,"Tel Aviv, Israel",,,285,"$128,963"
Joseph Abrams,AE48,USA,,,,,,,,,,
Jack Acheson,A490,USA,,,,,,,,,,
Ralph Adair,AE19,USA,,,,,,,,,,
Egan Adams,A004,USA,,,Right-Handed,,1959-06-15,"Miami Beach, Florida",,,91,"$65,640"
John Adams,A675,USA,,,,,,,,,,
Bernard Adelsberg,AD59,USA,,,,,,,,,,
Morris Adelsberg,AE27,USA,,,,,,,,,,
John Ager,AD78,USA,,,,,,,,,,
Juan Aguirre,AE25,USA,,,,,,,,,,
Fred Alexander,AF02,USA,,,Right-Handed,One-Handed,1880-08-14,"Sea Bright, NJ, U.S.",,1920-01-01,7,
Gerard Alleyne,AD70,USA,,,,,,,,,,
Wilmer Allison,AD94,USA,"5' 11""",1.80m,Right-Handed,,1904-12-08,"San Antonio, TX, U.S.",,1941-01-01,4,
Bob Alloo,A127,USA,,,,,1949-05-07,,,,,
Edward Alloo,AD87,USA,,,,,,,,,,
Modeste Alloo,AE51,USA,,,,,,,,,,
William Altneu,A0HH,USA,,,,,,,,,,
Edwin Amark,AE21,USA,,,,,,,,,,
George Amaya,A058,USA,"5' 8""",,Left-Handed,,1950-02-12,"Weymouth, Massachusetts",,,184,
Victor Amaya,A044,USA,"6' 7""",2.01m,Left-Handed,One-Handed,1954-07-02,"Denver, CO, U.S.",1973-01-01,1984-01-01,16,"$694,304"
Art Anderson,AD86,USA,,,,,,,,,,
Frederick Anderson,AE60,USA,,,,,,,,,,
John Anderson,AE49,USA,,,,,,,,,,
John Norman Anderson,AE24,USA,,,,,,,,,,
Owen Anderson,AE23,USA,,,Right-Handed,,,,,,,
Rich Anderson,A488,USA,,,,,,,,,,
Walter Anderson,AE10,USA,,,,,,,,,,
Andy Andrews,A023,USA,,,,,1959-05-22,"Birmingham, Alabama U.S.",,,,
Arthur Andrews,AD71,USA,,,,,,,,,,
John Andrews,A062,USA,,,Right-Handed,,1952-02-05,"Houston, TX, U.S.",,,64,
Rich Andrews,A085,USA,,,,,,,,,,
Matt Anger,A025,USA,"6' 2""",1.88m,Right-Handed,,1963-06-20,"Walnut Creek, CA, U.S.",1984-01-01,1991-01-01,53,"$484,631"
Garner Anthony,AD91,USA,,,,,,,,,,
Marvin Anthony,AE20,USA,,,,,,,,,,
Raymond Antignat,AE09,USA,,,,,,,,,,
Walter Arenberg,AE22,USA,,,,,,,,,,
Jeffrey Arnold,AD85,USA,,,,,,,,,,
Arthur Ashe,A063,USA,"6' 1""",1.85m,Right-Handed,One-Handed,1943-07-10,"Richmond, VA, US",,1980-01-01,15,"$1,584,909"
Levar Harper-Griffith,H507,USA,,,Right-Handed,,1981-09-04,New York,,,184,"$96,179"
Mohamed Ridaoui,R330,USA,,,,,1969-04-13,,,,597,
George Bezecny,B043,USA,"6' 0""",,Right-Handed,,1963-03-24,"Fort Lauderdale, Florida",,,452,"$27,214"
Jack Waite,W195,USA,"6' 1""",1.85m,Right-Handed,,1969-05-01,"Madison, Wisconsin",1993-01-01,2003-01-01,44,"$597,013"
Matt Lucena,L217,USA,"5' 10""",1.78m,Right-Handed,,1969-08-04,"Chico, California",1992-01-01,,62,"$170,523"
Mike Bauer,B023,USA,"6' 2""",1.88m,Right-Handed,,1959-06-29,"Oakland, CA, US",,,25,"$611,891"
Peter Adolph,A0FY,USA,,,,,,,,,,
Davie Allan,A0JY,USA,,,,,,,,,,
Malcolm Allen,A134,USA,"5' 10""",,,,1967-07-13,"Los Angeles, United States",,,583,"$14,760"
Mehl Ampon,A020,USA,,,,,,,,,,
Richard Ashby,A037,USA,,,,,,"London, England",,,,
Bill Atkins,A0H3,USA,,,,,,,,,,
Jeff Austin,A065,USA,,,Right-Handed,,1951-07-05,"Boston, MA, U.S.",,,52,
John Austin,A053,USA,"6' 4""",,Right-Handed,,1957-07-31,"Long Beach, California",,,52,
Eric Baer,B248,USA,,,,,1932-07-18,"Nieder-Weisel, Hesse, Germany",,,,
Brant Bailey,B285,USA,,,,,,,,,,
Joel Bailey,B002,USA,,,Right-Handed,,1951-04-25,"West Palm Beach, Florida",,,90,
Bobby Banck,B006,USA,"5' 5""",,,,1964-05-16,"Buffalo, New York",,,249,
Martin Barba,B271,USA,"5' 11""",,,,1966-08-22,"Laguna Beach, California",,,798,"$15,869"
Scott Barksdale,B0NJ,USA,,,,,,,,,,
Nick Barone,B338,USA,,,,,,,,,,
Roy Barth,B121,USA,,,,,1947-03-30,"San Diego, CA, U.S.",1969-01-01,1975-01-01,,
Peter Bartkowicz,B0K6,USA,,,,,,,,,,
Tut Bartzen,BN94,USA,,,Left-Handed,One-Handed,1927-11-25,"Austin, TX, U.S.",,1960-01-01,8,
Gautin Bauska,B0L7,USA,,,,,,,,,,
Rill Baxter,B026,USA,"6' 0""",,Right-Handed,,1962-10-26,"Sarasota, Florida",,,69,"$63,445"
William Beale Jr.,BO34,USA,,,,,,,,,,
Leif Beck,BN52,USA,,,,,,,,,,
Joe Becknell,B0JZ,USA,,,,,,,,,,
Steve Beeland,BM84,USA,,,,,,,,,,
Richard Bender,BO73,USA,,,,,1930-01-18,"Brooklyn, NY, U.S.",,,,
Terry Bennett,B177,USA,,,,,,,,,,
John Benson,B127,USA,,,,,1959-07-02,,,,52,
Gilchrist Berg,B0JR,USA,,,,,,,,,,
Richard Berner,B0JQ,USA,,,,,,,,,,
George Bezecny Sr.,B0RH,USA,,,,,,,,,,
Dan Birchmore,B223,USA,,,,,,,,,,
Ben Bishop,B137,USA,"6' 7""",,,,1986-11-21,"Denver, CO, U.S.",,,,
Don Bitler,BM82,USA,,,,,,,,,,
Bobby Blair,B047,USA,"5' 10""",1.78m,Right-Handed,,1964-10-24,"Fort Lauderdale, Florida",,,557,"$4,182"
Gordon Blaylock,B0NH,USA,,,,,,,,,,
Dan Bleckinger,B179,USA,,,,,1947-05-27,,,,,
Woody Blocher,B132,USA,"5' 8""",,Right-Handed,,1951-08-24,"Pasadena, CA, U.S.",,,156,
Jim Bochte,BM83,USA,,,,,,,,,,
Dick R. Bohrnstedt,B238,USA,,,Right-Handed,,1950-04-28,"Redlands, CA, US",,,98,
Ron Bohrnstedt,BC60,USA,,,,,,,,,,
Jeff Borowiak,B059,USA,"6' 4""",1.93m,Right-Handed,,1949-09-25,"Berkeley, CA, United States",,1986-01-01,20,
Joe Bouquin,B209,USA,,,,,,,,,,
Lloyd Bourne,B066,USA,"6' 3""",,Right-Handed,,1958-10-18,"Los Angeles, California",,,42,"$295,736"
Charles Bournival,B0RG,USA,,,,,,,,,,
Craig Boynton,B068,USA,"6' 0""",1.83m,Right-Handed,,1964-06-19,"Massillon, Ohio",,,274,"$12,536"
John Boytim,B069,USA,"5' 9""",,,,1967-12-21,"New Orleans, U.S.",,,267,"$13,383"
Marco Cacopardo,C304,USA,"6' 5""",,,,1969-12-15,,,,712,
Scott Melville,M353,USA,"6' 2""",,Right-Handed,,1966-08-04,"Fort Ord, California",,,17,"$851,666"
John Stimpson,S405,USA,"6' 0""",,Left-Handed,,1968-09-04,"Mobile, AL, U.S.",,,270,"$46,176"
Robert Seguso,S034,USA,"6' 3""",,Right-Handed,One-Handed,1963-05-01,"Minneapolis, Minnesota",1983-01-01,1999-01-01,1,"$1,888,353"
Phillip Williamson,W155,USA,,,Left-Handed,One-Handed,1965-05-29,"Mt Vernon, New York",1987-01-01,,138,"$41,716"
Lawson Duncan,D044,USA,"6' 1""",1.85m,Right-Handed,One-Handed,1964-10-26,"Asheville, NC, US",1984-01-01,1991-01-01,182,"$514,450"
Michael Robertson,R032,USA,"6' 1""",1.85m,Right-Handed,,1963-07-02,"Johannesburg, South Africa",,,51,"$218,152"
Paul Chamberlin,C029,USA,"5' 10""",1.78m,Right-Handed,,1962-03-26,"Toledo, OH, United States",1986-01-01,1991-01-01,61,"$409,421"
John Sobel,S358,USA,"5' 8""",1.73m,Right-Handed,,1964-02-15,"New York City, United States",1986-01-01,,107,"$91,012"
Jason Netter,N102,USA,,,,,,,,,,
Alex Nizet,N104,USA,"6' 2""",,,,1967-02-22,"Sacramento, California",,,460,
Harold Solomon,S065,USA,"5' 6""",1.68m,Right-Handed,Two-Handed,1952-09-17,Washington D.C.,,1986-01-01,4,"$1,802,769"
Peter Wright,W039,USA,"6' 1""",1.85m,Right-Handed,,1963-12-08,"Berkeley, CA, U.S.",1986-01-01,,190,
Sven Salumaa,S390,USA,"6' 5""",1.96m,Right-Handed,,1966-10-21,"Huntington, NY, US",1989-01-01,,25,"$236,003"
Shelby Cannon,C268,USA,"6' 1""",1.85m,Left-Handed,,1966-08-19,"Hattiesburg, Mississippi",,,,
Tony Bujan,B461,USA,"5' 11""",,,,,,,,325,
John Roddick,R317,USA,"6' 0""",1.83m,Right-Handed,,1976-07-04,"Omaha, NE, U.S.",,,517,"$5,229"
Tim Wilkison,W019,USA,"5' 11""",1.80m,Left-Handed,,1959-11-23,"Shelby, North Carolina",1979-01-01,1993-01-01,21,"$1,289,085"
Brandon Coupe,C408,USA,"6' 0""",1.83m,Right-Handed,,1972-04-11,"Roseville, CA, United States",1994-01-01,,62,"$326,938"
Ryan Blake,B400,USA,,,,,1966-02-04,,,,443,"$18,771"
Mark Farren,F221,USA,,,,,,,,,,
Christian Hill,H369,USA,,,,,,,,,,
Bob Surgent,S401,USA,,,,,,,,,,
Steve Herdoiza,H249,USA,,,Right-Handed,,1969-07-21,"Bloomfield Hills, Michigan",,,316,"$25,019"
Dennis Schmid,S466,USA,"6' 4""",,,,1969-06-24,"Eindhoven, Netherlands",,,380,
Adam Peterson,P319,USA,,,,,1974-07-16,"Fullerton, California",,,102,"$75,519"
Dan Cantwell,C500,USA,,,,,,,,,1270,
Ryan Wolters,W255,USA,"5' 11""",,Right-Handed,,1977-02-01,"San Jose, CA, U.S.",,,426,"$20,229"
Jason Gimelstob,G399,USA,,,,,,,,,,
Reed Cordish,C499,USA,,,,,1974-06-18,"Baltimore, MD, U.S.",,,,
Andrew Park,P505,USA,,,Right-Handed,,1980-01-02,"San Marino, California",,,,
Patrick Osuna,O165,USA,,,,,,,,,,
Zach Dailey,D677,USA,"5' 10""",,Right-Handed,,1981-11-14,,,,1068,"$12,477"
Eric Nunez,N334,USA,"6' 2""",,Right-Handed,One-Handed,1982-04-09,"St. Petersburg, FL, U.S.",2000-01-01,,178,"$159,055"
Doug Bohaboy,B841,USA,,,Right-Handed,,1976-09-25,"Mountain View, CA, United States",,,222,"$63,432"
Trevor Spracklin,S949,USA,"6' 3""",,,,1977-12-17,,,,319,"$14,671"
Chris Numbers,N246,USA,,,,,,,,,,
Robert Yim,Y100,USA,,,Left-Handed,,1985-02-25,"Glendale, California",2002-01-01,,444,"$46,307"
Matthew Behrmann,BB02,USA,"5' 11""",,Right-Handed,,1980-08-03,,,,676,"$15,459"
Andres Pedroso,P440,USA,,,Right-Handed,,1979-02-21,"New York City, NY, United States",,,255,"$69,938"
Adrian Bohane,B898,USA,"6' 4""",,Left-Handed,,1981-09-15,Ireland,,,1522,
Tripp Phillips,P452,USA,"6' 1""",1.85m,Right-Handed,,1977-08-27,"Newport News, VA, U.S.",2001-01-01,,,"$311,162"
Lester Cook,C768,USA,"5' 11""",1.80m,Right-Handed,,1984-04-24,"Calabasas, California",,,191,
Vishal Punna,P592,USA,,,Right-Handed,,1984-01-14,"Hyderabad, India",,,649,"$11,074"
Olivier Sajous,SF48,USA,,,Right-Handed,Two-Handed,1987-02-04,"Port-au-Prince, Haiti",,,996,"$20,519"
David Martin,M778,USA,"6' 1""",1.85m,Left-Handed,Two-Handed,1981-02-22,"Tulsa, Oklahoma",2003-01-01,2011-01-01,38,"$354,753"
Clint Bowles,BF76,USA,"5' 8""",,Left-Handed,,1988-11-16,"Tampa, FL, U.S.",,,1260,"$6,034"
Gonzales Austin,AB25,USA,,,,,,,,,,
Chris Brandi,BD45,USA,,,,,,,,,,
Jonathan Chu,C814,USA,,,Right-Handed,,1983-03-21,"New York City, U.S.",,,461,"$15,403"
Nicolas Meister,MG84,USA,"5' 10""",1.78m,Right-Handed,,1989-05-15,"Santa Ana, CA, United States",,,180,"$66,510"
Nathan Pasha,PE00,USA,"6' 3""",1.91m,Right-Handed,Two-Handed,1992-07-15,"Atlanta, United States",,,119,"$109,961"
Eric Quigley,Q945,USA,"6' 1""",1.85m,Right-Handed,Two-Handed,1989-01-30,"Cincinnati, OH, U.S.",2012-01-01,,190,"$116,455"
Austin Smith,SM74,USA,"6' 1""",1.85m,,,1993-11-25,,,,705,"$14,590"
Spencer Newman,N673,USA,,,,,,,,,,
Emil Reinberg,RH79,USA,"6' 2""",1.88m,Right-Handed,Two-Handed,1997-04-20,"Atlanta, United States",,,728,"$23,665"
Cole Gromley,G0FZ,USA,,,,,1999-12-26,"Norcross, United States",,,,
Raymond Sarmiento,SL09,USA,"5' 10""",1.78m,Right-Handed,Two-Handed,1992-07-24,"Glendale, CA, U.S.",2009-01-01,,386,"$106,036"
Kyle Johnson,J0B0,USA,,,,,1993-09-30,,,,,$144
Brian Shi,S0IZ,USA,,,,,2000-02-24,"Jericho, United States",,,1193,"$1,938"
Quinton Vega,VA16,USA,"6' 1""",1.85m,Right-Handed,Two-Handed,1992-11-22,"Brooklyn, NY, U.S.",,,736,"$12,192"
Eduardo Nava,N762,USA,,,Right-Handed,Two-Handed,1997-03-11,"Northridge, United States",,,670,"$18,279"
Trent Bryde,B09A,USA,"5' 11""",1.80m,Right-Handed,Two-Handed,1999-08-24,"Suwanee, Georgia",,,926,"$18,256"
Sam Riffice,R0A5,USA,"6' 2""",1.88m,Right-Handed,Two-Handed,1999-03-01,"Sacramento, California",,,487,"$42,189"
Caleb Chakravarthi,C0D4,USA,"6' 2""",1.88m,Right-Handed,Two-Handed,1999-01-02,"Irvine, CA, United States",,,,$590
Matthew Forbes,F0I8,USA,,,,,2006-04-06,"Oceanside, NY, US",,,1769,"$101,736"
Pablo Cuevas,C882,URU,"5' 11""",1.80m,Right-Handed,One-Handed,1986-01-01,"Concordia, Argentina",2004-01-01,2024-01-01,14,"$9,717,624"
Marcelo Filippini,F165,URU,"5' 10""",1.77m,Right-Handed,One-Handed,1967-08-04,"Montevideo, Uruguay",1987-01-01,2000-01-01,34,"$2,034,890"
Diego Perez,P021,URU,"5' 10""",1.78m,Right-Handed,Two-Handed,1962-02-09,"Montevideo, Uruguay",1981-01-01,1995-01-01,37,"$1,042,224"
Martin Cuevas,CC98,URU,"6' 3""",,Right-Handed,,1992-01-14,"Salto, Uruguay",2010-01-01,,153,"$216,706"
Federico Dondo,D253,URU,,,Right-Handed,,1971-10-18,Uruguay,,,340,"$56,725"
Dario Acosta,A785,URU,,,Right-Handed,Two-Handed,1987-09-09,,,,1320,"$3,644"
Eduardo Argon,AD69,URU,,,,,,Uruguay,1949-01-01,1969-01-01,,
Rodrigo Arus,AB15,URU,,,,,1995-02-20,,,,1453,"$4,908"
Marcelo Barboza,B643,URU,,,,,,,,,,
Fabian Barriola,B0FJ,URU,,,,,,,,,,
Ariel Behar,BD52,URU,"5' 11""",1.80m,Right-Handed,,1989-11-12,"Montevideo, Uruguay",2006-01-01,,34,"$1,414,800"
Pablo Bianchi,B635,URU,,,Left-Handed,,1975-02-27,,,,365,"$27,191"
Alberto Brause,B553,URU,,,,,,,,,,
Victor Caldarelli,C004,URU,,,,,,,,,,
Jose Luis Damiani,D069,URU,"6' 1""",1.85m,Right-Handed,,1956-11-21,"Montevideo, Uruguay",,,44,
Carlos Ponce De Leon,DE53,URU,,,,,,,,,,
Marcel Felder,F392,URU,"5' 8""",1.74m,Right-Handed,Two-Handed,1984-07-09,"Montevideo, Uruguay",2001-01-01,,82,"$235,292"
Sebastian Harreguy,HE03,URU,,,,,,,,,,
Alberto Laborde,L0D3,URU,,,,,,,,,,
Mario Laborde,L0D0,URU,,,,,,,,,,
Francisco Llanes,L0CI,URU,"5' 9""",1.75m,Right-Handed,Two-Handed,2002-04-16,"Paysandú, Uruguay",,,,"$2,582"
Santiago Maresca,ML08,URU,,,Right-Handed,,1994-09-14,"Montevideo, Uruguay",,,746,"$21,186"
Daniel Montes De Oca,M079,URU,"5' 7""",,,,1962-04-26,"Colonia, Uruguay",,,287,"$17,633"
Arsenio Motolko,MQ57,URU,,,,,,,,,,
Alejandro Olivera,O157,URU,,,,,,,,,,
Enrique Perez-Alvarez,PH85,URU,,,,,,,,,,
Augusto Ricciardi,R438,URU,,,,,,,,,,
Hugo Roverano,R045,URU,,,,,1958-01-03,,,,251,
Federico Sansonetti,SD65,URU,,,Right-Handed,One-Handed,1986-11-06,"Montevideo, Uruguay",,,525,"$22,423"
Rodrigo Senattore,SO28,URU,,,Right-Handed,,1994-01-28,Uruguay,,,710,"$10,506"
Eduardo Stanham,SU91,URU,,,,,,,,,,
Gustavo Stapf,S0IO,URU,,,,,,,,,,
Martin Vilarrubi,V403,URU,,,Right-Handed,,1984-09-02,"Montevideo, Uruguay",,,163,"$50,366"
Nicolas Xiviller,X017,URU,,,Right-Handed,Two-Handed,1998-11-11,,,,991,"$8,844"
Denis Istomin,I165,UZB,"6' 2""",1.88m,Right-Handed,Two-Handed,1986-09-07,"Orenburg, Russia",2004-01-01,,59,"$6,333,868"
Oleg Ogorodov,O127,UZB,"6' 4""",1.93m,Right-Handed,,1972-07-16,"Tashkent, Uzbekistan",,,102,"$602,095"
Farrukh Dustov,D551,UZB,"6' 4""",1.93m,Right-Handed,,1986-05-22,"Tashkent, Uzbekistan ",2003-01-01,2018-01-01,176,"$511,680"
Dmitri Tomashevich,T212,UZB,,,Right-Handed,,1974-03-06,"Tashkent, Uzbekistan",,,212,"$100,223"
Abdul Hamid Makhkamov,M745,UZB,,,,,1976-02-11,,,,345,"$24,733"
Timur Ganiev,G347,UZB,,,,,1975-10-24,"Tashkent, Uzbekistan",,,577,"$21,091"
Sanjar Fayziev,F786,UZB,"6' 2""",1.88m,Right-Handed,,1994-07-29,"Tashkent, Uzbekistan",,,154,"$158,410"
Sarvar Ikramov,I164,UZB,"5' 11""",,Right-Handed,,1985-01-10,"Tashkent, Uzbekistan",,,636,"$59,005"
Murad Inoyatov,I151,UZB,"5' 11""",1.80m,Right-Handed,,1984-11-13,"Tashkent, Uzbekistan",,,172,"$83,378"
Temur Ismailov,I286,UZB,,,Right-Handed,,1995-01-14,"Tashkent, Uzbekistan",,,943,"$38,044"
Jurabek Karimov,KG72,UZB,"6' 4""",1.93m,Right-Handed,,1998-06-04,"Tashkent, Uzbekistan",,,279,"$62,222"
Dimitri Mazur,M690,UZB,,,,,,,,,,
Vaja Uzakov,U081,UZB,,,Right-Handed,Two-Handed,1988-06-04,"Tashkent, Uzbekistan",,,316,"$56,241"
Mansour Yakyhaev,Y051,UZB,,,,,,,,,,
Cyril Jacobe,J341,VAN,,,,,,,,,,
Clement Mainguy,M0QE,VAN,,,,,,,,,,
Aymeric Mara,MK20,VAN,,,,,,,,,,
Nicolas Pereira,P218,VEN,"6' 2""",1.88m,Right-Handed,One-Handed,1970-09-29,"Salto, Uruguay",1987-01-01,1997-01-01,44,"$1,077,159"
Maurice Ruah,R224,VEN,"5' 10""",1.78m,Right-Handed,,1971-02-19,"Caracas, Venezuela",,,82,"$542,546"
Jimy Szymanski,S585,VEN,"5' 9""",1.75m,Right-Handed,,1975-09-15,"Caracas, Venezuela",1994-01-01,,187,"$194,839"
Rafael Abdul Salam,A0IM,VEN,,,,,,,,,,
Jorge Andrew,A061,VEN,"6' 2""",1.88m,Right-Handed,One-Handed,1951-11-02,"Caracas, Venezuela",1987-01-01,1997-01-01,854,"$1,077,159"
Dimitri Badra,B0H1,VEN,,,,,,,,,,
Jesus Bandres,BG61,VEN,"5' 11""",,Right-Handed,,1991-01-30,,,,642,"$13,239"
Juan Carlos Bianchi,B398,VEN,,,,,1970-01-22,"Caracas, Venezuela",,,171,"$24,075"
Ramon Blanco,BC15,VEN,,,,,,,,,,
Valerio Boccitto,B399,VEN,,,,,,,,,,
Inaki Calvo,C210,VEN,,,,,1960-03-23,"Caracas, Venezuela",,,275,
Gerardo Clarac,C0II,VEN,,,,,,,,,,
Carlos Claverie,C249,VEN,"6' 1""",1.85m,,,1963-01-13,"Vienna, Austria",,,233,"$21,559"
Jose De Armas,D353,VEN,,,Right-Handed,,1981-03-25,"Florida, United States",1999-01-01,,231,"$134,800"
Miguel Angel Este,EA18,VEN,,,,,,,,,,
Marcos Gambus,GG20,VEN,,,,,1934-02-12,"Tucupita, Venezuela",,,,
Andres Gomez,GF43,VEN,"6' 4""",1.93m,Left-Handed,One-Handed,1960-02-27,"Guayaquil, Ecuador",1979-01-01,1995-01-01,1,"$4,385,130"
Humphrey Hose,H064,VEN,,,Right-Handed,,1947-05-04,"Willemstad, Curaçao",,,125,
Francisco Lamas Villarroel,L0HK,VEN,,,,,,,,,,
Ricardo Lopez,LE83,VEN,,,,,,,,,,
Juan Lugo,L09V,VEN,,,,,,,,,,
Piero Luisi,L785,VEN,,,Right-Handed,,1987-03-13,"Valencia, Venezuela",,,393,"$39,891"
Arseny Markoff,MD79,VEN,,,,,,,,,,
Luis David Martinez,MF70,VEN,,,Right-Handed,,1989-05-12,"Lara, Venezuela",,,85,"$338,801"
Roberto Maytin,ME52,VEN,"6' 0""",1.83m,Right-Handed,,1989-01-02,"Valencia, Venezuela",,,86,"$124,671"
Jhonathan Medina-Alvarez,MA71,VEN,,,Left-Handed,,1982-01-12,,,,458,"$41,792"
Carlos Menendez,M0L7,VEN,,,,,,,,,,
Julio Moros,M0TR,VEN,,,,,,,,,,
Jordi Munoz-Abreu,MG99,VEN,,,Left-Handed,,1990-01-17,"Barcelona, Spain",,,291,"$34,773"
Juan Notz,N795,VEN,,,,,1939-10-21,"Caracas, Venezuela",,,,
Enrique Olivares,O254,VEN,,,,,,,,,,
Kepler Orellana,K338,VEN,,,Right-Handed,,1977-10-08,"Barquisimeto, Venezuela",,,256,"$65,350"
Isaias Pimentel,PI12,VEN,,,,,1933-02-16,Curaçao,,1974-01-01,,
Amable Plaza,P583,VEN,,,,,,,,,,
Oscar Posada,P684,VEN,,,,,,,,,,
Roman Recarte,R808,VEN,,,,,1987-06-07,,,,492,"$36,474"
Ricardo Rodriguez,RG88,VEN,"6' 2""",,Right-Handed,Two-Handed,1993-04-28,"Caracas, Venezuela",2012-01-01,,521,"$134,929"
Yohny Romero,R361,VEN,,,Right-Handed,,1978-11-30,"Caracas, Venezuela",,,389,"$69,353"
Ismael Sauce,S209,VEN,,,,,1951-11-06,"Caracas, Venezuela",,,,
Ivon Savy,S0OR,VEN,,,,,,,,,,
David Souto,SK06,VEN,,,Left-Handed,,1992-03-26,"Caracas, Venezuela",,2018-01-01,307,"$78,145"
Sergio Speciale,S166,VEN,,,,,,,,,,
Carlos Suero,S0QK,VEN,,,,,,,,,,
Daniel Vallverdu,V475,VEN,"5' 11""",1.80m,Right-Handed,Two-Handed,1986-03-17,"Valencia, Venezuela",2004-01-01,,746,
Freddy Winckelmann,W0CW,VEN,,,,,,,,,,
Quoc-Tuan Dinh,D0KZ,VIE,,,,,,,,,,
Minh-Quan Do,D532,VIE,,,,,,,,,,
Van-Minh Duong,D0KX,VIE,,,,,,,,,,
Quoc-Khanh Le,L600,VIE,,,,,,,,,,
Hoang-Duck Luu,LE37,VIE,,,,,,,,,,
Alline-An Ly,L0JJ,VIE,,,,,,,,,,
Dac Thien Nguyen,N0A0,VIE,,,,,,,,,,
Phuong Van Nguyen,N0AC,VIE,,,,,,,,,,
Van-Thanh Nguyen,N0EO,VIE,,,,,,,,,,
Thien Nguyen Hoang,N744,VIE,"5' 11""",1.80m,Right-Handed,,1995-03-12,"Ho Chi Minh City, Vietnam",,,773,"$5,442"
Minhtuan Pham,PH05,VIE,,,,,,,,,,
Duy-Bao Ta,T0IO,VIE,,,,,,,,,,
Linh Giang Trinh,T0AB,VIE,"6' 0""",1.83m,Right-Handed,Two-Handed,1997-08-03,"Hanoi, Vietnam",,,1175,"$2,352"
Nguyen Van Chim,V952,VIE,,,,,,,,,,
Huyud Van Giao,V953,VIE,,,,,,,,,,
Nguyen Van Gioi,N813,VIE,,,,,,,,,,
Van-Bay Vo,V905,VIE,,,,,1931-07-18,"Vĩnh Long, Vietnam",,,,
Van-Thanh Vo,V0H3,VIE,,,,,,,,,,
Juan Langton,L857,SAM,,,,,,,,,,
Byron Black,B397,ZIM,"5' 9""",1.75m,Right-Handed,,1969-10-06,"Harare, Zimbabwe",1991-01-01,2002-01-01,1,"$5,159,775"
Wayne Black,B499,ZIM,"5' 7""",1.70m,Right-Handed,Two-Handed,1973-11-14,"Harare, Zimbabwe",1994-01-01,2006-01-01,4,"$3,300,258"
Kevin Ullyett,U024,ZIM,"5' 10""",1.78m,Right-Handed,One-Handed,1972-05-23,"Harare, Zimbabwe",1990-01-01,2010-01-01,4,"$4,138,771"
Takanyi Garanganga,GA48,ZIM,"6' 1""",1.85m,Right-Handed,Two-Handed,1990-09-06,"Harare, Zimbabwe",2009-01-01,,771,"$130,269"
Benedict Badza,B0VR,ZIM,,,,,,,,,,
Nigel Badza,BC29,ZIM,,,,,,,,,,
Adrian Bey,BN66,ZIM,,,Right-Handed,,1938-05-16,"Salisbury, Zimbabwe",,,,
Malcolm Birch,B527,ZIM,,,,,,,,,,
Genius Chidzikwe,C518,ZIM,,,Right-Handed,,1979-08-03,,1996-01-01,,,"$15,748"
Mark Chigaazira,C0CO,ZIM,,,,,,,,,,
Stefan D'Almeida,D799,ZIM,,,,,,,,,,
Roger Dowdeswell,D081,ZIM,,,Right-Handed,,1944-02-16,"Nairobi, Kenya",,,64,
Mark Fynn,F723,ZIM,"6' 0""",1.83m,Right-Handed,,1985-04-16,"Harare, Zimbabwe",,,890,"$24,689"
Mark Gurr,G103,ZIM,,,,,1966-02-18,Zimbabwe,,,,
C.V. Irvine,I366,ZIM,,,,,,,,,,
Douglas Irvine,I359,ZIM,,,,,,,,,,
Henry (Hank) Irvine,I017,ZIM,,,,,,,,,,
Haroon Ismail,I005,ZIM,"5' 10""",,Right-Handed,,1955-02-27,"Harare, Zimbabwe",,,175,"$86,308"
Clive Kileff,KF56,ZIM,,,,,,,,,,
Courtney John Lock,LH62,ZIM,"6' 4""",1.93m,Right-Handed,Two-Handed,1996-10-18,"Harare, Zimbabwe",,,189,"$58,451"
Pfungwa Mahefu,MF11,ZIM,,,Right-Handed,,1982-08-04,,2003-01-01,,,
Desmond McKenzie,M0SL,ZIM,,,,,1952-12-01,Jamaica,,,,
Thabo Ncube,N0BF,ZIM,,,,,,,,,,
Zibusiso Ncube,N422,ZIM,,,,,,,,,,
Andrew Pattison,P074,ZIM,"6' 2""",1.88m,Right-Handed,One-Handed,1949-01-30,"Pretoria, South Africa",1970-01-01,1983-01-01,24,
Greig Rodger,R228,ZIM,,,,,,,,,,
Frank Saloman,SS38,ZIM,,,,,,,,,,
Ethan Denzel Sibanda,S0M2,ZIM,,,,,,,,,,
Roy Stilwell,SS41,ZIM,,,,,,,,,,
Ronan Tashinga Mtisi,T0KN,ZIM,,,,,,,,,,
Gwinyai Tongoona,T732,ZIM,,,,,,,,,,
Phillip Tuckniss,T031,ZIM,,,,,1962-05-05,Zimbabwe,,,,
