ranking,mean,std,n,ci_low,ci_high,min,max
1,1.2385134038195402,1.0948670699862972,2733,1.1974648700177264,1.279561937621354,0.0,2.9928498976490245
2,1.1932678659342377,1.0539729515197702,2733,1.1537525261156802,1.2327832057527952,0.0,2.733810457817291
3,1.1525602810943765,1.0178652157641053,2733,1.1143986851706755,1.1907218770180774,0.0,2.393467010403776
4,1.1233957692283822,0.9925494047692385,2733,1.0861833085484294,1.1606082299083351,0.0,2.3646452056822107
5,1.0991228005175815,0.9725458760345248,2733,1.0626603080738939,1.135585292961269,0.0,2.306317339579311
6,1.0785254540950828,0.9550418868328562,2733,1.0427192176591864,1.1143316905309792,-0.3184697690774738,2.29443896409654
7,1.0591868741566954,0.9383352769201175,2733,1.024006998546251,1.0943667497671399,-0.5877162146643217,2.2844534963301006
8,1.039994298127361,0.9224849343758027,2733,1.005408680340114,1.074579915914608,-0.7612653042888688,2.2810694755038456
9,1.0235730034838075,0.9085071327219998,2733,0.9895114385970357,1.0576345683705792,-0.7844679698885645,2.267243602252441
10,1.0109223843621438,0.8967016218872786,2732,0.9772972770423906,1.044547491681897,-0.8330715799833682,2.153095745952119
11,1.0012699385010182,0.8861093490252534,2730,0.9680298580295505,1.0345100189724858,0.0,2.1312521252570913
12,0.9864950965451547,0.8902305934314256,2730,0.9531004183416414,1.019889774748668,-7.325168696325456,2.114215321472909
13,0.9797292694717308,0.867298718561887,2730,0.9471948207273284,1.0122637182161331,0.0,2.1073694131814165
14,0.9693199471539593,0.8582596623713902,2730,0.937124575020687,1.0015153192872315,0.0,2.085228973322083
15,0.9603761802203352,0.8504244878552968,2730,0.9284747242179665,0.9922776362227039,0.0,2.084318726116601
16,0.9515652115576531,0.8428527799422161,2730,0.9199477884239299,0.9831826346913762,0.0,2.0713652239258336
17,0.9431742159998604,0.8354812742533292,2730,0.9118333156706466,0.9745151163290742,0.0,2.034072954633792
18,0.9351118462013811,0.8284042884570669,2730,0.9040364205312734,0.9661872718714888,0.0,2.0175838825261447
19,0.927976962256757,0.8222000059748957,2730,0.8971342740577096,0.9588196504558043,0.0,2.00685009189695
20,0.9205283259057472,0.8156103731944956,2730,0.8899328305888637,0.9511238212226306,0.0,1.997432261057685
21,0.9143098866555256,0.8101464225975225,2730,0.8839193571904699,0.9447004161205813,0.0,1.9861791324162754
22,0.9041530334155549,0.8172796921645378,2730,0.8734949179525712,0.9348111488785386,-6.822681977646156,1.9518096657017499
23,0.8999736194542928,0.7973585910162738,2730,0.8700627921290282,0.9298844467795574,0.0,1.8960458923495265
24,0.8934528474173161,0.7917342042700353,2730,0.8637530042874595,0.9231526905471727,0.0,1.892025767889011
25,0.8873816283644077,0.7864479370945101,2730,0.8578800857563789,0.9168831709724365,0.0,1.8900019270403037
26,0.8812295334806651,0.78101359244514,2730,0.8519318461345782,0.9105272208267521,0.0,1.8755702064240596
27,0.8758318298541046,0.7762879015308889,2730,0.8467114144738825,0.9049522452343266,0.0,1.8755702064240596
28,0.8703107817485813,0.7713759590685765,2730,0.8413746250751409,0.8992469384220217,0.0,1.8671078910892618
29,0.8643015895726869,0.7659763986019951,2730,0.835567983323319,0.8930351958220547,0.0,1.8315549970562328
30,0.8593174934752452,0.761493196524895,2730,0.8307520628556421,0.8878829240948484,0.0,1.8315549970562328
31,0.8542948806782573,0.7570294735241418,2730,0.8258968949816883,0.8826928663748264,0.0,1.8277038795499216
32,0.8494019284489756,0.7527089827316209,2730,0.8211660146928251,0.877637842205126,0.0,1.8089195960268811
33,0.8445663106517315,0.7484480264256141,2730,0.8164902355550568,0.8726423857484061,0.0,1.7792576246923792
34,0.8400578889886703,0.7444717832991377,2730,0.8121309722793251,0.8679848056980155,0.0,1.7792576246923792
35,0.8354954506752886,0.7404225921246107,2730,0.8077204288089825,0.8632704725415947,0.0,1.7718677807130847
36,0.8306075314489278,0.7361122567288793,2730,0.8029942005698241,0.8582208623280316,0.0,1.7700012787512551
37,0.8262142773582785,0.7322242115417993,2730,0.798746796350906,0.853681758365651,0.0,1.7555097856536197
38,0.8218149709457232,0.7284056294015464,2730,0.7944907340851014,0.849139207806345,0.0,1.7511691795026911
39,0.8176031844870512,0.7247044740986595,2730,0.7904177868117294,0.844788582162373,0.0,1.747945956139376
40,0.8133928368243416,0.7210457225473975,2730,0.7863446876682041,0.8404409859804791,0.0,1.7451555606497757
41,0.809215043500763,0.7173416072881847,2730,0.7823058445649648,0.8361242424365612,0.0,1.7192459553563557
42,0.8052587410733942,0.7138019095120949,2730,0.7784823246650023,0.8320351574817861,0.0,1.7192459553563557
43,0.801499193133246,0.7104654137577205,2730,0.7748479366585463,0.8281504496079457,0.0,1.7150808123781967
44,0.7947968712599804,0.7225420163213776,2730,0.7676925925465701,0.8219011499733908,-6.952746120859796,1.686868642354921
45,0.7942410330228908,0.7040174374366077,2730,0.7678316555578503,0.8206504104879314,0.0,1.6760740701879553
46,0.7906476849781435,0.7008159181663942,2730,0.7643584041561301,0.816936965800157,0.0,1.6603913915073933
47,0.7871373166702389,0.6976894694139293,2730,0.7609653164166296,0.8133093169238482,0.0,1.6544941903151944
48,0.7836635887649819,0.6945747299958347,2730,0.7576084298346459,0.8097187476953178,0.0,1.651669212708716
49,0.7805781683705413,0.691825870460087,2730,0.754626125734231,0.8065302110068515,0.0,1.6427797958776722
50,0.7740549465768277,0.703753166304483,2730,0.7476554825538559,0.8004544105997995,-6.816906342209993,1.6251916672244817
51,0.773901797639748,0.6858845419682494,2730,0.7481726284415675,0.7996309668379284,0.0,1.621592931739332
52,0.7707979643259021,0.6831349535411433,2730,0.745171938764205,0.7964239898875992,0.0,1.6205947478927634
53,0.767819907971564,0.6804764988441214,2730,0.7422936074022236,0.7933462085409043,0.0,1.6169183614554012
54,0.7648312932816405,0.6778107192706838,2730,0.7394049924782857,0.7902575940849952,0.0,1.6132130028538223
55,0.7617903094273913,0.675094610324718,2730,0.7364658963651293,0.7871147224896534,0.0,1.5917602568869182
56,0.7587365240551243,0.672386871619256,2730,0.7335136847462191,0.7839593633640294,0.0,1.58008452051625
57,0.7556867027820179,0.6697108643030043,2730,0.7305642469061872,0.7808091586578486,0.0,1.579285787580973
58,0.7525152927631574,0.6669247377990104,2730,0.7274973511544409,0.7775332343718739,0.0,1.5768966734739824
59,0.7494786484405768,0.6642132157996051,2730,0.7245624225056194,0.7743948743755341,0.0,1.5613647850092545
60,0.746490201789975,0.6615761009028117,2730,0.721672900340442,0.7713075032395081,0.0,1.5555180381097569
61,0.7436068508518832,0.6590349106745378,2730,0.7188848755240912,0.7683288261796751,0.0,1.5512974255871168
62,0.7405478792200111,0.656314868826938,2730,0.715927939165856,0.7651678192741662,0.0,1.547893836880255
63,0.7376351192915724,0.6537509234104325,2730,0.7131113589606793,0.7621588796224655,0.0,1.535387915071837
64,0.7347556829426534,0.6512217337578592,2730,0.710326798563212,0.7591845673220947,0.0,1.5292756719252125
65,0.7317542891688072,0.6485524036518405,2730,0.7074255377443185,0.756083040593296,0.0,1.5251593992714176
66,0.728667004387597,0.6458405461261633,2730,0.7044399812232601,0.7528940275519339,0.0,1.5233650727381842
67,0.7258792093103472,0.6433679303228765,2730,0.7017449398771008,0.7500134787435936,0.0,1.5150032574831085
68,0.7230129972506859,0.6408369481741619,2730,0.6989736710097078,0.7470523234916641,0.0,1.513188822837217
69,0.7202274751537648,0.6383627993194032,2730,0.6962809601523036,0.7441739901552261,0.0,1.5104541915089733
70,0.7174945137552361,0.6359686895260517,2730,0.6936378075367158,0.7413512199737564,0.0,1.5003518250391519
71,0.7148553896294414,0.6336635454841985,2730,0.6910851548757959,0.7386256243830869,0.0,1.4946611055573245
72,0.7121409100596292,0.6312734627425829,2730,0.6884603330245849,0.7358214870946735,0.0,1.487037220891033
73,0.7033234010261391,0.665533543816945,2730,0.678357646430195,0.7282891556220832,-7.340988149369766,1.4743937509624983
74,0.7069314852425269,0.6266872422041705,2730,0.6834229483060601,0.7304400221789937,0.0,1.4694411402762322
75,0.7044884219272803,0.6245185832584172,2730,0.681061236573382,0.7279156072811787,0.0,1.4644371754617014
76,0.7019647727100008,0.6222855204902779,2730,0.6786213548800457,0.7253081905399559,0.0,1.4464148047941188
77,0.6995112886239429,0.6201252626448116,2730,0.6762489072311966,0.7227736700166891,0.0,1.445667341375778
78,0.697143400822945,0.6180396266551599,2730,0.6739592566231665,0.7203275450227236,0.0,1.4411581898730295
79,0.6945726216514997,0.6157869767191005,2730,0.6714729797371682,0.7176722635658311,0.0,1.4396457728540837
80,0.6922681241410065,0.613785876518104,2730,0.6692435482800755,0.7152927000019375,0.0,1.4350800317246812
81,0.6898674106311363,0.6116892815842924,2730,0.6669214830593727,0.7128133382028999,0.0,1.4343148828538765
82,0.687573973395159,0.6096959661934964,2730,0.6647028198499508,0.7104451269403672,0.0,1.4296985096652464
83,0.6852454269544835,0.6076579424053395,2730,0.6624507245547188,0.7080401293542483,0.0,1.4289248333239204
84,0.6829435795641403,0.6056446457337672,2730,0.6602244007365505,0.7056627583917301,0.0,1.4242567522546794
85,0.6805814346589385,0.6035784066489759,2730,0.6579397654000348,0.7032231039178422,0.0,1.4211196366634928
86,0.678211119361115,0.601504817862721,2730,0.6556472353757735,0.7007750033464565,0.0,1.416375753369279
87,0.6759548772881179,0.5995491648025888,2730,0.6534643545252536,0.6984454000509821,0.0,1.4155805978393188
88,0.6736068995769585,0.5974886530870309,2730,0.6511936715354657,0.6960201276184513,0.0,1.4026786985381734
89,0.6713943295216848,0.5955507849527529,2730,0.6490537955475747,0.6937348634957948,0.0,1.3985759839432208
90,0.6691370899733065,0.593586655786263,2730,0.6468702351806905,0.6914039447659224,0.0,1.3969252174294813
91,0.6668472420086492,0.5915958162083158,2730,0.6446550683689288,0.6890394156483696,0.0,1.3960977420233855
92,0.6643445933410809,0.5894175849006369,2730,0.6422341303661135,0.6864550563160482,0.0,1.3852114341065827
93,0.6622011214202239,0.5875695861393337,2730,0.640159981297571,0.6842422615428768,0.0,1.3843639307304945
94,0.6598830420734321,0.5855766985952773,2730,0.6379166599277803,0.6818494242190838,0.0,1.382664521860024
95,0.657713379795357,0.5837271751863393,2730,0.6358163776951982,0.6796103818955159,0.0,1.381812606714276
96,0.6556950424371519,0.5817781008432212,2729,0.6338671566286168,0.677522928245687,0.0,1.3740781666537447
97,0.6554128372386777,0.5796687758914134,2721,0.6336321435191417,0.6771935309582138,0.0,1.372342755200561
98,0.6547333235077275,0.5774533908069722,2714,0.6330079082852826,0.6764587387301724,0.0,1.3626870971303262
99,0.6615110442585777,0.5743599991960249,2677,0.6397531895686831,0.6832688989484722,0.0,1.3617998563953535
100,0.6757198304786083,0.5699414523189426,2612,0.653862368591619,0.6975772923655976,0.0,1.3600205727443908
101,0.7309134226848087,0.5550247707267504,2406,0.708735512214228,0.7530913331553895,0.0,1.3537420767947095
102,0.729717401933721,0.5526016682761857,2401,0.7076133352026736,0.7518214686647685,0.0,1.3519334633164761
103,0.7275296581708712,0.550730478102878,2400,0.7054958501040703,0.7495634662376721,0.0,1.3400134662028227
104,0.7248234808641323,0.5487844319555494,2400,0.7028675308585869,0.7467794308696777,0.0,1.339084545847566
105,0.7227999092308943,0.5466688573315467,2398,0.7009194810930695,0.7446803373687192,0.0,1.3344136534601563
106,0.7201181570364967,0.5447281684215992,2398,0.6983154049975798,0.7419209090754136,0.0,1.332532910094032
107,0.7178007132867973,0.5427409378086704,2397,0.6960729693179983,0.7395284572555962,0.0,1.3093907360313433
108,0.7151892559723736,0.5408705536213492,2397,0.6935363897692164,0.7368421221755308,0.0,1.304876062205673
109,0.71264115519709,0.5390126385788192,2397,0.691062667577798,0.7342196428163821,0.0,1.3029229157948938
110,0.7102314267234735,0.5372675778548075,2397,0.6887227997503572,0.7317400536965898,0.0,1.3004651997685515
111,0.708355226576972,0.535332387551472,2395,0.6869151253533786,0.7297953278005654,0.0,1.2994769951099032
112,0.7071906875067518,0.5329786709566398,2390,0.685822536191497,0.7285588388220067,0.0,1.2969935424859733
113,0.7049215536130401,0.5310569689226394,2389,0.6836259914645076,0.7262171157615726,0.0,1.296494616669775
114,0.7026191474159752,0.5290921539106074,2388,0.6813979330990564,0.723840361732894,0.0,1.292476027065795
115,0.700071548156008,0.5272772757524443,2388,0.678923126297017,0.721219970014999,0.0,1.2878963431788848
116,0.6974690193830775,0.5253986278780798,2388,0.67639594770434,0.718542091061815,0.0,1.282732890718539
117,0.6946528725653794,0.5233743862323299,2388,0.6736609906481537,0.7156447544826052,0.0,1.2811681441071758
118,0.6918484160241655,0.5213559642919479,2388,0.6709374904474603,0.7127593416008706,0.0,1.2700049020716038
119,0.6891723196814326,0.5194535314321984,2388,0.6683376982705366,0.7100069410923285,0.0,1.2667458295389329
120,0.6863807678712988,0.51747362828709,2388,0.665625557860966,0.7071359778816315,0.0,1.2606873832466714
121,0.683494905668419,0.515419005399221,2388,0.6628221039726334,0.7041677073642045,0.0,1.2578970069662434
122,0.6813636545403216,0.5133867217529712,2386,0.6607637369223497,0.7019635721582934,0.0,1.2578970069662434
123,0.6791865306649135,0.5115653881680603,2385,0.6586553921652438,0.6997176691645832,0.0,1.257336142420957
124,0.6765903294801462,0.5097421259998487,2385,0.6561323656888569,0.6970482932714355,0.0,1.257336142420957
125,0.6742320035674633,0.5077724117542337,2384,0.653848818532131,0.6946151886027956,0.0,1.2550832881562866
126,0.6715571401613626,0.5058807209659811,2384,0.6512498920664272,0.6918643882562979,0.0,1.2528152560551633
127,0.6689189348982731,0.5039469418541918,2384,0.6486893132685427,0.6891485565280036,0.0,1.249958574540854
128,0.666180942523616,0.5019813800427727,2384,0.6460302231917914,0.6863316618554407,0.0,1.2488090893337087
129,0.6633178155816986,0.4999307738046659,2384,0.6432494124321207,0.6833862187312764,0.0,1.2424159669758057
130,0.6606561539477472,0.4980294553694361,2384,0.6406640742150769,0.6806482336804176,0.0,1.2364971852456106
131,0.6581340973534481,0.4962162808010286,2384,0.6382148027344894,0.6780533919724068,0.0,1.2310803422046976
132,0.6561224834179487,0.49422482032833515,2382,0.636274803614516,0.6759701632213813,0.0,1.2304730924579967
133,0.6533217488905676,0.4922320114835807,2382,0.6335540987218948,0.6730893990592404,0.0,1.2304730924579967
134,0.6506587193073073,0.4903460074985735,2382,0.6309668095742881,0.6703506290403266,0.0,1.2280331657325125
135,0.6479704997626132,0.48843922720048044,2382,0.6283551648256289,0.6675858346995975,0.0,1.212373526462904
136,0.6460130903386262,0.4865022852648514,2380,0.62646733413502,0.6655588465422324,0.0,1.2059024650259083
137,0.6441384418794903,0.48460430425302864,2378,0.6246607534958786,0.6636161302631021,0.0,1.1946125652918564
138,0.6429692197790413,0.48236609190128366,2373,0.6235610772200598,0.6623773623380228,0.0,1.1919011728633033
139,0.640634961233115,0.48041348803790546,2372,0.6213013081663624,0.6599686142998676,0.0,1.1877935038473473
140,0.6387026641214603,0.4785213032595434,2370,0.6194370359003682,0.6579682923425523,0.0,1.1850275232601626
141,0.6370150512952605,0.47653015832529705,2367,0.617817433831195,0.6562126687593259,0.0,1.1808364026303915
142,0.6348785914061404,0.47481616576499247,2366,0.6157459823323561,0.6540112004799248,0.0,1.1801328954073336
143,0.6324027412717436,0.47312563391854434,2366,0.6133382517930297,0.6514672307504574,0.0,1.173735870305808
144,0.6300047112162338,0.47144164447904435,2366,0.6110080777077952,0.6490013447246724,0.0,1.169404343900745
145,0.627581105924653,0.4697412604833735,2366,0.6086529890013902,0.6465092228479158,0.0,1.1679483504722532
146,0.6251013849865528,0.46797849290343274,2366,0.6062442983807615,0.643958471592344,0.0,1.1642813229200761
147,0.6226187439486814,0.46621777475720394,2366,0.603832605078898,0.6414048828184649,0.0,1.1620623119057423
148,0.6201067753495464,0.4644482013624266,2366,0.6013919410359908,0.638821609663102,0.0,1.1598289947391527
149,0.6175344260340856,0.4626036223423205,2366,0.5988939186113184,0.6361749334568528,0.0,1.1583320821422918
150,0.6150389029867249,0.46081098637617535,2366,0.5964706294212372,0.6336071765522127,0.0,1.1553187360556199
151,0.6125021956444502,0.4590030560102702,2366,0.594006772220591,0.6309976190683094,0.0,1.1499816203032367
152,0.6101220046543682,0.45703728769780194,2365,0.591701898336501,0.6285421109722353,0.0,1.1437800339555235
153,0.6077335813641331,0.45533943405133875,2365,0.589381904134049,0.6260852585942173,0.0,1.1422122235918355
154,0.6051609095816026,0.45332634088342927,2364,0.586886502709676,0.6234353164535292,0.0,1.1374660407838832
155,0.6028185379426897,0.4514163841891847,2363,0.5846172748065164,0.621019801078863,0.0,1.1318460107795794
156,0.6006089405117824,0.4496351521480844,2362,0.5824756599359293,0.6187422210876354,0.0,1.1318460107795794
157,0.5981084194810338,0.44789544753837957,2362,0.5800452992377441,0.6161715397243235,0.0,1.1302235475908233
158,0.5919890234983253,0.4763065560848231,2362,0.5727801151637745,0.6111979318328761,-7.527878682175456,1.1244849469007745
159,0.5929989013897285,0.44422808912486367,2362,0.5750836815914259,0.6109141211880312,0.0,1.1178093778019
160,0.5904702048450341,0.4424726874823683,2362,0.5726257784229934,0.6083146312670747,0.0,1.1152729389926945
161,0.5880569244763315,0.44077419834207077,2362,0.5702809962132737,0.6058328527393894,0.0,1.1118622907581612
162,0.5855527135759995,0.4390451169246419,2362,0.5678465172240943,0.6032589099279047,0.0,1.111004435318661
163,0.5831459728503012,0.43738845636130064,2362,0.5655065877578594,0.600785357942743,0.0,1.1101444833212744
164,0.5805426408564885,0.43558000197163554,2362,0.5629761886980039,0.5981090930149732,0.0,1.109282425048865
165,0.578195773968495,0.43392189991679553,2362,0.5606961912032065,0.5956953567337835,0.0,1.1049401947876036
166,0.5758474234311179,0.4323319450544933,2362,0.5584119617593056,0.5932828851029303,0.0,1.1023089447567929
167,0.5735231016971675,0.4307283959795323,2362,0.5561523093581565,0.5908938940361784,0.0,1.1023089447567929
168,0.5710483724842752,0.4290150702479528,2362,0.5537466766473063,0.5883500683212441,0.0,1.1014274815994987
169,0.5684933507709117,0.4273010758339446,2362,0.5512607784031959,0.5857259231386275,0.0,1.0870165875374558
170,0.5661420482844063,0.4257037357418244,2362,0.5489738948481888,0.5833102017206238,0.0,1.0805226232197085
171,0.5638138417564748,0.4241145845877658,2362,0.5467097770010829,0.5809179065118666,0.0,1.076757754341589
172,0.5615857962514847,0.4225988668209788,2362,0.5445428586909032,0.5786287338120663,0.0,1.0758102735797987
173,0.5596737584906569,0.4210874050147112,2361,0.5426881805138423,0.5766593364674716,0.0,1.0748602621005814
174,0.5574873292150556,0.41962250872735735,2361,0.540560841369697,0.5744138170604143,0.0,1.0729525956350483
175,0.5551921359218362,0.41811705964601925,2361,0.5383263740028689,0.5720578978408036,0.0,1.0710346512745772
176,0.5532303415240108,0.41657138766213064,2360,0.5364233683512113,0.5700373146968104,0.0,1.0671675063631665
177,0.5516246663995001,0.41483856374417094,2357,0.5348769575585918,0.5683723752404085,0.0,1.064239373916312
178,0.5499767238913226,0.4132868991525698,2355,0.5332845748286228,0.5666688729540224,0.0,1.0602974564515917
179,0.5478962852249052,0.4118849883081328,2355,0.5312607576153314,0.564531812834479,0.0,1.058310068153133
180,0.5458621660011046,0.41037153469939563,2354,0.5292842448173749,0.5624400871848343,0.0,1.0553081226853378
181,0.5438037540382834,0.40901768016776413,2354,0.5272805249855176,0.5603269830910492,0.0,1.0532927443251752
182,0.5416180027570593,0.4075553430168786,2354,0.5251538482452437,0.5580821572688749,0.0,1.0522807856255383
183,0.5394533026091168,0.40613198836871295,2354,0.5230466478485719,0.5558599573696618,0.0,1.0512659602570853
184,0.5375157925946538,0.4048392196841362,2354,0.5211613622589277,0.5538702229303798,0.0,1.0471776824225552
185,0.5353980727091368,0.40341345550384944,2354,0.519101239463386,0.5516949059548875,0.0,1.043042284321605
186,0.53318787501131,0.401921289502954,2354,0.5169513213129066,0.5494244287097135,0.0,1.0378051902953649
187,0.5311224890421604,0.4005502891085347,2354,0.5149413201220852,0.5473036579622357,0.0,1.0367485582690366
188,0.5291848631812256,0.3992485151611939,2354,0.5130562824746917,0.5453134438877595,0.0,1.0324907466399913
189,0.5270482120955567,0.39783989372380274,2354,0.5109765359576691,0.5431198882334444,0.0,1.0303428241780743
190,0.5248435733490271,0.39640702879117634,2354,0.5088297811526692,0.540857365545385,0.0,1.0292640461299682
191,0.5226551406317146,0.3949656847810542,2354,0.5066995749091201,0.5386107063543091,0.0,1.0270967652132836
192,0.5205831453263474,0.3935934536620369,2354,0.5046830141000895,0.5364832765526053,0.0,1.0205157802873164
193,0.518641045219091,0.3923056890706063,2354,0.5027929362655661,0.534489154172616,0.0,1.0176394344084143
194,0.5166631433963362,0.39076582174991426,2353,0.500873886932838,0.5324523998598345,0.0,1.014025686882847
195,0.5146391099382299,0.38946077265043005,2353,0.49890258519737035,0.5303756346790894,0.0,1.014025686882847
196,0.5125373409435956,0.3881370149246661,2353,0.49685430386481977,0.5282203780223714,0.0,1.0128130468237813
197,0.5104719098778183,0.3868113560960183,2353,0.49484243727695637,0.5261013824786803,0.0,1.0115963354295514
198,0.5083283395938263,0.38542561791751034,2353,0.4927548590328867,0.5239018201547658,0.0,1.0069836208833955
199,0.5068235604695877,0.38408687266802327,2351,0.4912975733732939,0.5223495475658815,0.0,1.0069836208833955
200,0.5051785700545457,0.3826296499778223,2349,0.48970490529805355,0.5206522348110378,0.0,1.0069836208833955
201,0.5031670255027445,0.38133924578656503,2349,0.4877455451022139,0.5185885059032751,0.0,1.0035202296346688
202,0.5010564805915804,0.3799955527910864,2349,0.48568933956320476,0.5164236216199559,0.0,1.002358394269442
203,0.49881828963688624,0.37851318838761766,2349,0.48351109589651503,0.5141254833772575,0.0,1.002358394269442
204,0.4970077230845537,0.3771274982151226,2348,0.4817533197504563,0.5122621264186511,0.0,1.0011928359226552
205,0.49502052074055986,0.3758355061916736,2348,0.47981837709986436,0.5102226643812554,0.0,1.0011928359226552
206,0.49299876227526296,0.3745206556177639,2348,0.47784980293185,0.5081477216186759,0.0,0.9964929176301974
207,0.49108982421433,0.37327737794499,2348,0.47599115412101556,0.5061884943076445,0.0,0.9917315865146957
208,0.4890428258062349,0.3719531607123655,2348,0.4739977188815147,0.5040879327309552,0.0,0.9905314794842307
209,0.48736625288143776,0.37052647291656,2346,0.4723724668202264,0.5023600389426491,0.0,0.9869073089086176
210,0.4852247761491556,0.3692176091438086,2346,0.47028395478770624,0.500165597510605,0.0,0.9869073089086176
211,0.4832644475635578,0.36800589767477093,2346,0.4683726595205422,0.4981562356065734,0.0,0.9844710704242655
212,0.48132044667195456,0.3667969603243617,2346,0.4664775796894256,0.4961633136544835,0.0,0.9820184942685907
213,0.4793473082495635,0.3655033876201208,2346,0.46455678719586746,0.49413782930325956,0.0,0.9720405902834822
214,0.47742406365910434,0.36432020471506055,2346,0.4626814214822133,0.49216670583599537,0.0,0.9707740484075713
215,0.47536361399986693,0.362936300616011,2346,0.4606769731170995,0.4900502548826344,0.0,0.9682277867706092
216,0.4734028961850605,0.36169422003208307,2346,0.4587665175423959,0.4880392748277251,0.0,0.9682277867706092
217,0.47149405129408384,0.36047026199026344,2346,0.4569072015417101,0.48608090104645757,0.0,0.9656637616969386
218,0.470748387545572,0.3589079075053137,2340,0.4562061521761047,0.4852906229150393,0.0,0.9630817377382274
219,0.4688231452375313,0.35769088214492795,2340,0.4543302213178015,0.48331606915726116,0.0,0.9604814748381827
220,0.46686963919810015,0.35652273917516336,2340,0.45242404611075454,0.48131523228544576,0.0,0.9591744274782313
221,0.464938666621595,0.35540736550657875,2340,0.45053826625938664,0.47933906698380335,0.0,0.9538994038566221
222,0.4630287652321126,0.354184588799635,2340,0.44867790935277807,0.47737962111144716,0.0,0.9525687802693963
223,0.4611037509380472,0.35304911218577734,2340,0.44679890231525377,0.4754085995608406,0.0,0.9525687802693963
224,0.45921605025434,0.3518666949816975,2340,0.44495911082754663,0.4734729896811333,0.0,0.9512333448399841
225,0.45768503945937206,0.35057951252287234,2338,0.4434741797934045,0.47189589912533964,0.0,0.949893064614402
226,0.4558696780224596,0.3494517615932497,2338,0.4417045321236306,0.4700348239212886,0.0,0.943117814650452
227,0.4539400527903468,0.3482660146774513,2338,0.4398229715456629,0.46805713403503074,0.0,0.9417477546969166
228,0.45196088152266783,0.34708874432476167,2338,0.4378915213317631,0.46603024171357255,0.0,0.9362163053436003
229,0.4500972929907689,0.34597771146678585,2338,0.4360729688942878,0.46412161708724997,0.0,0.9334193454318799
230,0.44813738893418226,0.34478617586786436,2338,0.4341613641380836,0.4621134137302809,0.0,0.9320129266220111
231,0.4464492390777037,0.3437708087214776,2338,0.4325143725339025,0.46038410562150484,0.0,0.9306011646603002
232,0.4446913131037116,0.3427071883968251,2338,0.4307995607711852,0.45858306543623806,0.0,0.9291840211094702
233,0.44277676104896124,0.34155900590985605,2338,0.42893155068369304,0.45662197141422944,0.0,0.9263334334505651
234,0.4451087765267589,0.3393112089620862,2316,0.4312895097640174,0.4589280432895004,0.0,0.9248999104099555
235,0.44334279213239336,0.3382483408553354,2316,0.4295668132349297,0.45711877102985704,0.0,0.9234608479034669
236,0.4414893823992178,0.3371597951848421,2316,0.4277577371477011,0.4552210276507345,0.0,0.9220162054007532
237,0.43957714611754317,0.3360282440034938,2316,0.4258915860150511,0.4532627062200352,0.0,0.9161810094112476
238,0.4377601008216576,0.33498775872482106,2316,0.4241169169898248,0.45140328465349044,0.0,0.9102531748989017
239,0.43594522506201105,0.3339120379370584,2316,0.42234585255186663,0.4495445975721555,0.0,0.9072536436016775
240,0.4341295553292518,0.3328674345987618,2316,0.42057272680766977,0.4476863838508338,0.0,0.9027088093788534
241,0.4322800235489781,0.33179487654420153,2316,0.41876687753915226,0.44579316955880394,0.0,0.9011815349797225
242,0.43042821024056965,0.33069548631133794,2316,0.41695983954762994,0.44389658093350937,0.0,0.9011815349797225
243,0.4285482056974938,0.3296757014252137,2316,0.41512136820183654,0.44197504319315106,0.0,0.8981082057786787
244,0.4264915269468434,0.3285111122514472,2316,0.4131121201520772,0.43987093374160957,0.0,0.8965620537728184
245,0.4245966156550847,0.3274556403945865,2316,0.4112601954954938,0.43793303581467563,0.0,0.8950095111014733
246,0.42278449283225694,0.32646795963777375,2316,0.4094882983519077,0.4360806873126062,0.0,0.893450527761129
247,0.4208601376825915,0.3253908558812977,2316,0.40760781084866465,0.43411246451651836,0.0,0.8871491672958165
248,0.4160445365305833,0.35666711543530727,2316,0.4015184086470545,0.4305706644141121,-6.718154123275963,0.882352982156012
249,0.4170882271637645,0.32315110689636156,2316,0.40392711950529336,0.4302493348222356,0.0,0.880740602338315
250,0.4152796789824586,0.32215667539824133,2316,0.402159071943439,0.4284002860214782,0.0,0.8774950334037759
251,0.413456165157296,0.321133756754443,2316,0.40037721894539274,0.42653511136919925,0.0,0.8758617312583052
252,0.41155196139312067,0.32000349891648705,2316,0.39851904765571533,0.424584875130526,0.0,0.869257054211734
253,0.4096061483809486,0.31886091843072806,2316,0.3966197689875719,0.4225925277743253,0.0,0.869257054211734
254,0.40777153727071,0.3177945180208026,2316,0.3948285896041711,0.42071448493724894,0.0,0.8659110019888667
255,0.4059574866836012,0.316716459471945,2316,0.39305844554970554,0.4188565278174969,0.0,0.8629136530366148
256,0.4040793849792319,0.3157221973574812,2316,0.3912208375662301,0.4169379323922337,0.0,0.8591290102157426
257,0.40204796905704887,0.31457513501733514,2316,0.38923613852239736,0.4148597995917004,0.0,0.8591290102157426
258,0.40002850768661896,0.31348876715748575,2316,0.38726092210132723,0.4127960932719107,0.0,0.8522237444630616
259,0.39798366569648036,0.31229605997375937,2316,0.38526465598580284,0.4107026754071579,0.0,0.8504776681953155
260,0.3961023262601775,0.3113221012625562,2316,0.38342298336536257,0.4087816691549924,0.0,0.845190912026019
261,0.3941526723530287,0.31024711517365255,2316,0.38151711085752044,0.40678823384853696,0.0,0.8434122475722933
262,0.3921403228427401,0.30910818108931315,2316,0.3795511471827744,0.4047294985027058,0.0,0.8380259973938626
263,0.3902568844304403,0.30812812513882576,2316,0.37770762391110213,0.4028061449497785,0.0,0.8354834981223627
264,0.38831729334237025,0.3071823225282039,2316,0.37580655291383913,0.40082803377090137,0.0,0.8319105047776201
265,0.38650010964232734,0.3061645788657722,2316,0.3740308192773242,0.3989694000073305,0.0,0.8283035560279715
266,0.3844932408963577,0.3050627535778298,2316,0.37206882502172756,0.3969176567709879,0.0,0.8283035560279715
267,0.38258393071474195,0.30405919588355473,2316,0.3702003871458968,0.3949674742835871,0.0,0.8228281206410838
268,0.38074492206678284,0.3029678235408489,2316,0.36840582726692317,0.3930840168666425,0.0,0.8209853230636442
269,0.3789428261649591,0.30196785458977093,2316,0.3666444575106685,0.39124119481924974,0.0,0.8209853230636442
270,0.37708956471975935,0.30091894687776377,2316,0.3648339153600245,0.3893452140794942,0.0,0.8172727627073735
271,0.3752296669022504,0.29998105705154804,2316,0.363012215366107,0.3874471184383938,0.0,0.8172727627073735
272,0.37340430066255664,0.29901075219208434,2316,0.36122636713035755,0.38558223419475574,0.0,0.8116352555400528
273,0.37154070826370783,0.29799938437963136,2316,0.35940396512317985,0.3836774514042358,0.0,0.8001044209530636
274,0.36939674503048414,0.2967614044205875,2316,0.35731042160745763,0.38148306845351065,0.0,0.7940048291301692
275,0.36749336463637594,0.2957926452605956,2316,0.35544649626495745,0.37954023300779444,-0.0068412264206425735,0.7922197531839746
276,0.36558616512031583,0.2947405985354118,2316,0.35358214388733006,0.3775901863533016,-0.0068412264206425735,0.7902230229242192
277,0.36368305999297956,0.29360096303594585,2316,0.35172545316235787,0.37564066682360125,-0.010299050229222857,0.7902230229242192
278,0.36174201605054,0.2925481300924007,2316,0.34982728837898874,0.3736567437220913,-0.01378213485796283,0.788215866431515
279,0.35982027294647706,0.2915448679820572,2316,0.3479464055423428,0.3716941403506113,-0.01378213485796283,0.7841698612614157
280,0.3579527504499455,0.2904905812696412,2316,0.34612182141312264,0.3697836794867684,-0.0279741676052395,0.7821308020667481
281,0.3559477140654231,0.28946954179478057,2316,0.34415836932203264,0.3677370588088135,-0.042547616205442666,0.7780200325343747
282,0.35393870542553313,0.2884512621921116,2316,0.34219083257312854,0.3656865782779377,-0.046436695580309564,0.7780200325343747
283,0.3490664058642844,0.3244292231589952,2316,0.3358532438406151,0.3622795678879537,-6.877776042047548,0.7738649922540932
284,0.35013933682919546,0.28648524119791385,2316,0.33847153492010884,0.3618071387382821,-0.05768401304466331,0.7675474342713374
285,0.3482868883158079,0.28553694989523504,2316,0.3366577078555104,0.3599160687761054,-0.06540691631503061,0.7654184469773474
286,0.34636852429692544,0.28458936648306377,2316,0.3347779364548701,0.3579591121389808,-0.07722752286418577,0.7654184469773474
287,0.344389569955518,0.2835881666006692,2316,0.3328397583916763,0.3559393815193597,-0.08527114336969334,0.7545945043651424
288,0.34254621043867395,0.28268944273706176,2316,0.3310330015702021,0.3540594193071458,-0.09345014649413945,0.7545945043651424
289,0.3405454690713079,0.2816731780845166,2316,0.32907365003012184,0.35201728811249394,-0.09345014649413945,0.7501790130381939
290,0.3387599316831259,0.2807921415647964,2316,0.32732399497760145,0.35019586838865036,-0.09345014649413945,0.7479523295279984
291,0.3337562097929736,0.3210085239982007,2316,0.3206823639868932,0.346830055599054,-7.223066885151141,0.7479523295279984
292,0.3350468930896297,0.2790517256173416,2316,0.3236818390181614,0.346411947161098,-0.11023186791788896,0.7457128386364217
293,0.33341367153253215,0.2782808740907118,2316,0.3220800122473238,0.3447473308177405,-0.12320735751899144,0.7457128386364217
294,0.33159804573077334,0.2774962401133363,2316,0.3202963425553488,0.3428997489061979,-0.12760996873545832,0.7457128386364217
295,0.32966827795416404,0.27672215675160555,2316,0.318398101189273,0.3409384547190551,-0.14105944872653514,0.7434604010291093
296,0.32794463392482054,0.2760385362293646,2316,0.31670229925329924,0.33918696859634184,-0.1739443264258023,0.7343183176168088
297,0.32292250504042336,0.31670990391376347,2316,0.3100237308974343,0.3358212791834124,-7.223066885151141,0.7319989765964985
298,0.32431834358396444,0.27434171949504355,2316,0.31314511586346544,0.33549157130446344,-0.17882540970348207,0.7296658042715836
299,0.32264241509059344,0.27370072243270505,2316,0.3114952935203324,0.3337895366608545,-0.19340673298732244,0.7296658042715836
300,0.3225509944513551,0.2725874503415846,2303,0.31141792393593287,0.3336840649667773,-0.20915993296914734,0.7153673922483635
301,0.3207206840711815,0.27183836071675277,2303,0.30961820802225126,0.3318231601201117,-0.20915993296914734,0.712932883571852
302,0.3188765027507709,0.27110158117506983,2303,0.30780411839748406,0.32994888710405773,-0.2250868400174865,0.7107242179257954
303,0.3171186882439029,0.2703172251214511,2303,0.3060783387155619,0.32815903777224387,-0.23592107138487656,0.7082096555786094
304,0.31529724300140066,0.2695315686077952,2303,0.3042889814116514,0.32630550459114993,-0.24144816671334823,0.705679088738356
305,0.3133778274505018,0.26881368536602973,2303,0.30239888578998037,0.32435676911102324,-0.24144816671334823,0.7030414973914987
306,0.31163052897139226,0.26797803621800614,2303,0.30068571705851493,0.3225753408842696,-0.24144816671334823,0.6980012183917431
307,0.3098224114722018,0.2672006133001122,2303,0.2989093512197709,0.3207354717246327,-0.2470363595223963,0.6980012183917431
308,0.308112304692335,0.2665159798631848,2303,0.297227206374032,0.31899740301063806,-0.2470363595223963,0.6954567658776214
309,0.3122569807340763,0.26491527356654737,2259,0.30133239558668157,0.32318156588147107,-0.2470363595223963,0.6903182442891208
310,0.3103696355817499,0.26420867778469254,2259,0.29947418905546874,0.32126508210803106,-0.24844977982245323,0.6798369597809284
311,0.3085528691539292,0.26359670508250627,2259,0.2976826591789533,0.3194230791289051,-0.2584011849619525,0.6798369597809284
312,0.3068913728939091,0.26298516743774475,2259,0.2960463815293255,0.3177363642584927,-0.2584011849619525,0.6744907594765952
313,0.3051072995895969,0.26231513240221577,2259,0.2942899391528146,0.31592466002637926,-0.27002624628637634,0.6744907594765952
314,0.30327408010276885,0.2615316146080637,2259,0.29248903039968444,0.31405912980585327,-0.28192292625800364,0.668721766861405
315,0.30151911794848096,0.2609150684556278,2259,0.29075949339680024,0.3122787425001617,-0.2879768817517803,0.668721766861405
316,0.299736763725226,0.26032242378111337,2259,0.2890015786749818,0.31047194877547024,-0.30658045273990164,0.6658068612556403
317,0.29780544131287634,0.2596411747506805,2259,0.2870983496335403,0.3085125329922124,-0.31936804679618475,0.6658068612556403
318,0.29608377689209675,0.25894577537838875,2259,0.2854053621159523,0.3067621916682412,-0.31936804679618475,0.6658068612556403
319,0.2943349302695171,0.25837609082769586,2259,0.28368000816443467,0.3049898523745996,-0.3258828554396791,0.6628713234119269
320,0.2925361583366415,0.25781826369775707,2259,0.28190423992589686,0.3031680767473861,-0.3258828554396791,0.6628713234119269
321,0.29076918857348727,0.25722530812915445,2259,0.2801617224848402,0.3013766546621343,-0.3324809073857764,0.6599148771996798
322,0.2889792697564697,0.2565332824741153,2259,0.2784003414455464,0.29955819806739303,-0.3459348597806257,0.6569372410429068
323,0.2870532076593986,0.2559306520909596,2259,0.27649913064090764,0.2976072846778896,-0.3597468802919583,0.6539381277779908
324,0.2852687365950639,0.25542032532003484,2259,0.27473570444947476,0.29580176874065306,-0.3667928133653468,0.6539381277779908
325,0.28338788586946256,0.254816086405579,2259,0.2728797713489747,0.29389600038995045,-0.3739352088993879,0.6539381277779908
326,0.28157318949904714,0.2541471611679889,2259,0.27109266014047506,0.2920537188576192,-0.3739352088993879,0.6478742924452531
327,0.27990205026733644,0.2535907020322915,2258,0.26944215277241523,0.29036194776225766,-0.3811765651046989,0.6448089667661998
328,0.2780904236413804,0.2530757017437267,2258,0.2676517684482671,0.28852907883449375,-0.3811765651046989,0.6417209564380055
329,0.2761400578925112,0.25235782481035335,2258,0.2657310130876214,0.286549102697401,-0.3820431458743947,0.6386099440570491
330,0.2743410422289899,0.2519393122095152,2258,0.2639492598823449,0.2847328245756349,-0.3876160705327792,0.6386099440570491
331,0.27247208357870834,0.2514279796076964,2258,0.2621013922521913,0.28284277490522536,-0.38819210766415785,0.635475605674861
332,0.27071424281108064,0.25082679201051933,2258,0.2603683487684991,0.28106013685366216,-0.39772344581251795,0.635475605674861
333,0.26873936549185196,0.2503098845935142,2258,0.2584147924147195,0.2790639385689844,-0.4111850137304648,0.635475605674861
334,0.2670218886332266,0.24977300924945145,2258,0.2567194601419226,0.27732431712453065,-0.4111850137304648,0.635475605674861
335,0.26516078224189743,0.2492479339421969,2258,0.2548800116183582,0.27544155286543665,-0.4189621720659021,0.6291356213100266
336,0.263246137204035,0.24889650975341407,2258,0.252979861831948,0.273512412576122,-0.4266047666757574,0.6291356213100266
337,0.26141909175484035,0.24826679394562007,2258,0.2511787903744954,0.2716593931351853,-0.4354172629479929,0.6259292930666611
338,0.2595470364201526,0.2477930111173715,2258,0.24932627723823458,0.2697677956020706,-0.44783182105141717,0.6259292930666611
339,0.2577579272104722,0.24743185763811337,2258,0.24755206458565465,0.26796378983528973,-0.45667244416409314,0.6226982739116356
340,0.25597122672137607,0.24685640253579083,2258,0.24578909998803636,0.26615335345471575,-0.45667244416409314,0.6194422043651958
341,0.2542054201591098,0.24643577949511813,2258,0.24404064293367467,0.2643701973845449,-0.4627816478477003,0.6174982333413843
342,0.25221209391349064,0.2461442857420318,2258,0.24205933997894616,0.26236484784803515,-0.48184913514809774,0.6150639477238334
343,0.2503887650803541,0.24601701973250503,2258,0.24024126050788627,0.26053626965282195,-0.491647267649236,0.6150639477238334
344,0.2485256593549589,0.2457289733524097,2258,0.23839003587901958,0.25866128283089823,-0.491647267649236,0.6150639477238334
345,0.24669655759536996,0.24538089431914306,2258,0.23657529139270178,0.25681782379803814,-0.5130819181463826,0.6116944816798274
346,0.24493445631034744,0.2449237822431301,2258,0.23483204468484029,0.2550368679358546,-0.5130819181463826,0.6082983474537015
347,0.2430089982517509,0.2445331298579817,2258,0.2329226999295788,0.253095296573923,-0.5223946795893597,0.6048751459978535
348,0.2412266173850114,0.24412937178603766,2258,0.2311569729385983,0.2512962618314245,-0.5373008784947444,0.6032098705080833
349,0.23928793507887944,0.24379551818001108,2258,0.22923206114719485,0.24934380901056402,-0.5475107719426868,0.599905343907869
350,0.23750062517559695,0.2434064279215779,2258,0.22746080011394926,0.24754045023724464,-0.5475107719426868,0.5979459009411519
351,0.23555971580001572,0.24316454274589278,2258,0.2255298678160879,0.24558956378394356,-0.5516823943387315,0.597739318557175
352,0.23365836451073527,0.2429802157639056,2258,0.2236361194922225,0.24368060952924803,-0.5618051631914865,0.597739318557175
353,0.23184582069010737,0.24270038806306132,2258,0.2218351177709051,0.24185652360930965,-0.5826293402250317,0.5943534625848023
354,0.2300502581244069,0.2423796804673649,2258,0.22005278348427773,0.2400477327645361,-0.5933447095577167,0.5943534625848023
355,0.22817549004965448,0.24219165799823467,2258,0.2181857708033078,0.23816520929600116,-0.6154197671203436,0.5943534625848023
356,0.22633588042350042,0.24186509799486125,2258,0.21635963085145116,0.23631212999554968,-0.6154197671203436,0.5924460457012412
357,0.2244967102199131,0.24157487528988392,2258,0.21453243151162357,0.23446098892820263,-0.6267958166175976,0.5909400431431402
358,0.2228669618065912,0.24139166417457342,2257,0.21290803453912072,0.2328258890740617,-0.6384092259195232,0.5909400431431402
359,0.2211973129725047,0.24098362149194802,2257,0.21125522003695774,0.23113940590805165,-0.6384092259195232,0.5874986360127914
360,0.21924799429938144,0.24085002734153182,2257,0.20931141296437755,0.22918457563438532,-0.6502693859766862,0.5874986360127914
361,0.2174727018182195,0.24070297988480766,2256,0.20753998644931462,0.2274054171871244,-0.662386239664505,0.5874986360127914
362,0.21580324023858405,0.24039851523929795,2255,0.20588088939216856,0.22572559108499954,-0.662386239664505,0.5840288073493693
363,0.2139667709248629,0.24033153486884348,2254,0.20404498446936697,0.22388855738035884,-0.674770325173259,0.581861117038756
364,0.21223988259649063,0.23994702270323628,2253,0.20233177210544243,0.22214799308753883,-0.674770325173259,0.581861117038756
365,0.21061962402893789,0.23982356729264317,2251,0.20071221296397765,0.22052703509389812,-0.6874328237008541,0.5770021001735791
366,0.20902014354311377,0.23971159558282926,2249,0.19911295595288853,0.218927331133339,-0.7003856119667201,0.5770021001735791
367,0.20722399261430782,0.23932604083954429,2249,0.1973327398525949,0.21711524537602075,-0.7003856119667201,0.5770021001735791
368,0.20585872787080126,0.23924043573786097,2245,0.19596220840048423,0.21575524734111828,-0.7003856119667201,0.5770021001735791
369,0.20414644576500968,0.23900332928397225,2245,0.19425973453898135,0.214033156991038,-0.7003856119667201,0.5710058115126783
370,0.2026527828715779,0.23898810837474832,2241,0.1927578822937933,0.2125476834493625,-0.7136413201391185,0.5698562470882864
371,0.20085013395894466,0.23881574405898334,2241,0.19096236983568599,0.21073789808220333,-0.7411161751069734,0.567325028491629
372,0.19916325713490182,0.2388856437809963,2239,0.18926818247279642,0.20905833179700722,-0.7411161751069734,0.567325028491629
373,0.19737966172059346,0.23888969859688738,2239,0.18748441910069308,0.20727490434049384,-0.7553649609084159,0.5636122243826334
374,0.19723782426318415,0.23896813324445268,2221,0.18729930272858542,0.20717634579778288,-0.7553649609084159,0.5636122243826334
375,0.1955410024069412,0.2391967764206147,2220,0.18559073146353858,0.2054912733503438,-0.7553649609084159,0.5636122243826334
376,0.19386189652576596,0.2391828901476228,2219,0.18390996155377015,0.20381383149776178,-0.7699761107500278,0.5598668725475335
377,0.19213713135713698,0.23907088964912912,2219,0.18218985650810043,0.20208440620617352,-0.7699761107500278,0.5598668725475335
378,0.1904705679716694,0.23887413912773037,2218,0.18052923922978698,0.2004118967135518,-0.7734588005192378,0.5560884335762254
379,0.18880451148949648,0.23897950084968056,2217,0.17885655505922674,0.19875246791976622,-0.7849671340708066,0.5551915256369044
380,0.1870277730782514,0.2391726679012548,2217,0.17707177571808605,0.19698377043841678,-0.8003568011239549,0.551444639725507
381,0.1854393984697554,0.23904398716223094,2214,0.17548201833507535,0.19539677860443547,-0.8161652648671476,0.5484300702445883
382,0.18360061829933033,0.2388571278453962,2214,0.1736510217917204,0.19355021480694026,-0.8161652648671476,0.5476643950045105
383,0.18197933677074016,0.2387498801112076,2212,0.17202971269494136,0.19192896084653896,-0.8161652648671476,0.5476643950045105
384,0.18020073907138062,0.23858201757280736,2212,0.1702581104719888,0.19014336767077245,-0.8324141977765093,0.543850229999805
385,0.17840218508138242,0.23871971546085563,2211,0.16845156859290963,0.1883528015698552,-0.849126945813656,0.5400015693005558
386,0.1734749747367567,0.2867535288357034,2210,0.16151944825894923,0.18543050121456414,-7.303364569766319,0.5400015693005558
387,0.17508147157578172,0.23876975330740843,2209,0.16512426484211107,0.18503867830945236,-0.8840467039000566,0.5361178231005379
388,0.17323405005951975,0.23887743877146753,2208,0.16327009704906814,0.18319800306997136,-0.8840467039000566,0.5321983867206207
389,0.17164201434764567,0.23894492049349064,2205,0.1616684687590801,0.18161555993621126,-0.8840467039000566,0.5321983867206207
390,0.16984498685329513,0.23916688924623544,2203,0.15985764586940499,0.17983232783718528,-0.9023104551018684,0.5321983867206207
391,0.16799952345352323,0.2392934663899615,2203,0.15800689675011254,0.17799215015693393,-0.9023104551018684,0.5321983867206207
392,0.16610377621405018,0.23939656546864865,2203,0.1561068442087759,0.17610070821932444,-0.9023104551018684,0.5321983867206207
393,0.1641060149283965,0.2396471624409169,2203,0.15409861827469426,0.17411341158209873,-0.9211519810755517,0.5321983867206207
394,0.16233148077789003,0.24010551493032029,2203,0.15230494383843624,0.17235801771734383,-0.9406061186720719,0.5282426401114559
395,0.1604699454424894,0.24053353674324157,2203,0.15042553479230725,0.17051435609267157,-0.9406061186720719,0.5202196560265849
396,0.15861181790297255,0.24061684609750694,2203,0.14856392834761745,0.16865970745832765,-0.9607108491747798,0.5161510968281534
397,0.15716902967677815,0.240852248872494,2197,0.14709758552934407,0.16724047382421223,-0.9607108491747798,0.5133821867200378
398,0.155529467776109,0.24116541997652527,2194,0.14543803583856932,0.16562089971364866,-0.9815076813387091,0.5133821867200378
399,0.15377823184777203,0.24132885498157491,2194,0.1436799610639756,0.16387650263156847,-0.9815076813387091,0.5048192306811015
400,0.1517785245209636,0.24183541655685553,2194,0.14165905695174238,0.16189799209018482,-0.9815076813387091,0.5048192306811015
401,0.14996185134657114,0.24241664906990054,2192,0.13981343584251674,0.16011026685062554,-1.0253640485884483,0.5048192306811015
402,0.14811413081646085,0.24292174623970178,2192,0.13794457016429582,0.1582836914686259,-1.048528588400289,0.5004747542920523
403,0.146273878230477,0.24344524609167772,2192,0.13608240202905186,0.15646535443190213,-1.048528588400289,0.49948016572745757
404,0.14431327637932637,0.24401639079691592,2192,0.13409789004712458,0.15452866271152815,-1.0725965368714265,0.49608723983447284
405,0.14244444991403885,0.2441403099243599,2192,0.13222387589031906,0.15266502393775863,-1.0725965368714265,0.49608723983447284
406,0.14053521750951725,0.24427336929329485,2192,0.13030907315154922,0.1507613618674853,-1.0725965368714265,0.4952095895014655
407,0.13870593399556952,0.24503459975624672,2192,0.12844792184691128,0.14896394614422775,-1.0725965368714265,0.4952095895014655
408,0.13706155756469723,0.24511750399068707,2192,0.126800074752529,0.14732304037686547,-1.0976353211279375,0.49165588126247284
409,0.13515765348962266,0.24568502611851364,2192,0.12487241220053863,0.1454428947787067,-1.0976353211279375,0.49165588126247284
410,0.13321236073848244,0.24609135889110725,2192,0.12291010892712192,0.14351461254984296,-1.0976353211279375,0.4908963377163375
411,0.13148852082939164,0.24635122952589902,2192,0.12117538991715547,0.14180165174162782,-1.1237199445754509,0.48653960412889813
412,0.1293622551297982,0.24661896178947104,2192,0.11903791600119161,0.13968659425840482,-1.1237199445754509,0.48653960412889813
413,0.12737171680612985,0.24664536790887695,2192,0.11704627222427733,0.13769716138798238,-1.1237199445754509,0.48653960412889813
414,0.12543889459318536,0.2468023982190757,2192,0.11510687616898024,0.13577091301739047,-1.1237199445754509,0.48218023762959333
415,0.12352691946595205,0.24714790753493004,2192,0.11318043680378612,0.133873402128118,-1.1237199445754509,0.48218023762959333
416,0.12175047827464343,0.2475182188538532,2192,0.1113884930752355,0.13211246347405137,-1.1509341431999203,0.4777904728031077
417,0.11989417203010866,0.24771506349027003,2192,0.10952394622029807,0.13026439783991925,-1.1509341431999203,0.4777904728031077
418,0.11817066342930838,0.24778310935496334,2192,0.10779758897972454,0.12854373787889223,-1.1509341431999203,0.47769235336653404
419,0.11643588193466471,0.2481572110710008,2192,0.10604714626845366,0.12682461760087577,-1.1793717682365092,0.47769235336653404
420,0.11443613295375889,0.24882166919262275,2192,0.10401958072821027,0.1248526851793075,-1.1793717682365092,0.47347508790582554
421,0.1124141242610119,0.24918908282703398,2192,0.10198219080550995,0.12284605771651384,-1.2091384500277453,0.47320010796501577
422,0.10754279410631047,0.290998278214122,2192,0.09536058034495372,0.11972500786766722,-6.889622821570443,0.47320010796501577
423,0.10878553456272398,0.2504829178252232,2192,0.09829943661313433,0.11927163251231364,-1.2403536139140126,0.46887614526201277
424,0.10681041805088941,0.25105647512952795,2192,0.09630030897062121,0.1173205271311576,-1.2403536139140126,0.46887614526201277
425,0.10489029118228804,0.25104301878552177,2192,0.09438074543201663,0.11539983693255945,-1.2403536139140126,0.46887614526201277
426,0.10336136462492826,0.25104774093879284,2192,0.09285162118867425,0.11387110806118227,-1.2403536139140126,0.4643498412179969
427,0.10137879663022599,0.25140884705968974,2192,0.09085393601876979,0.11190365724168219,-1.273152940572748,0.4643498412179969
428,0.09949955105714074,0.25170157305247187,2192,0.08896243590370077,0.11003666621058071,-1.273152940572748,0.4643498412179969
429,0.09782287316098742,0.25185757058860797,2192,0.0872792274007579,0.10836651892121694,-1.3076913925979408,0.45977624125535316
430,0.09602699784488589,0.2526212635491215,2192,0.08545138120513736,0.10660261448463441,-1.3076913925979408,0.45977624125535316
431,0.09402369382341302,0.25302949175736195,2192,0.08343098731177,0.10461640033505605,-1.3076913925979408,0.45977624125535316
432,0.09216348033334386,0.25363866325055767,2192,0.08154527175552718,0.10278168891116053,-1.3441469695964912,0.45515441101526466
433,0.09043949787281974,0.2537370727284693,2192,0.07981716952734182,0.10106182621829767,-1.3441469695964912,0.4547523164830847
434,0.08840881905771489,0.2547534010380254,2192,0.07774394362640981,0.09907369448901997,-1.3441469695964912,0.45001582195548123
435,0.08655748368611481,0.25543604427049094,2192,0.07586403040262561,0.097250936969604,-1.3441469695964912,0.45001582195548123
436,0.08456634460074822,0.2557493735004743,2192,0.0738597742511349,0.09527291495036154,-1.3441469695964912,0.4457621849960981
437,0.082685125438326,0.25668015700532876,2192,0.07193958920997529,0.09343066166667671,-1.3827254106082285,0.4457621849960981
438,0.08079915301623662,0.25705502374010886,2192,0.07003792354487726,0.09156038248759599,-1.3827254106082285,0.4409897800140584
439,0.07918278744217,0.2572743132036474,2192,0.06841237774082153,0.08995319714351847,-1.3827254106082285,0.4397626450932612
440,0.0774050373690577,0.2578832029239623,2192,0.06660913739754168,0.08820093734057372,-1.3827254106082285,0.4397626450932612
441,0.07536100503913341,0.25830280091819025,2192,0.06454753921640037,0.08617447086186646,-1.3827254106082285,0.4347332787108063
442,0.07346785506390746,0.25893883395574646,2192,0.06262776265606076,0.08430794747175416,-1.3827254106082285,0.42964722337661165
443,0.07167953105231743,0.25903205718315037,2192,0.06083553599153846,0.08252352611309641,-1.3827254106082285,0.42964722337661165
444,0.06980214183367092,0.2593523399346794,2192,0.05894473860784319,0.08065954505949866,-1.42366614271933,0.42964722337661165
445,0.06802619878497493,0.25967812928810163,2192,0.05715515686833114,0.07889724070161871,-1.42366614271933,0.4278007432685348
446,0.06608300779193718,0.26018458102588,2192,0.05519076402019209,0.07697525156368228,-1.42366614271933,0.42450327090109663
447,0.06416797426257927,0.2605886029939218,2192,0.05325881670698234,0.07507713181817618,-1.4672498898970945,0.4225916825088079
448,0.062234117257663035,0.2612779715883331,2192,0.0512961003025225,0.07317213421280358,-1.4672498898970945,0.4225916825088079
449,0.060318095358540096,0.2615653788276203,2192,0.04936804652318691,0.07126814419389328,-1.4672498898970945,0.4163218540415613
450,0.058350294446770715,0.26246937506847673,2192,0.04736240114198231,0.06933818775155912,-1.4672498898970945,0.4140366500733631
451,0.05621195835920836,0.2636662215272979,2192,0.045173960842496905,0.06724995587591981,-1.4672498898970945,0.4140366500733631
452,0.05411445975710647,0.26468431432602935,2192,0.04303384128683076,0.06519507822738219,-1.5138085245362765,0.4140366500733631
453,0.05242114933538396,0.26513053758468824,2192,0.041321850386462,0.0635204482843059,-1.5138085245362765,0.40871136879750436
454,0.05045067576504768,0.2657267297105879,2192,0.03932641811202232,0.06157493341807304,-1.5138085245362765,0.40871136879750436
455,0.04844539105281623,0.2666267831007591,2192,0.03728345399198478,0.059607328113647676,-1.5138085245362765,0.4033229611005209
456,0.046486690987085355,0.2672196265351676,2192,0.03529993541018122,0.05767344656398949,-1.5138085245362765,0.4033229611005209
457,0.04471958027447398,0.26758257948162695,2192,0.033517630207739124,0.055921530341208836,-1.5138085245362765,0.4033229611005209
458,0.042882411741950385,0.2680060910418029,2192,0.0316627319883317,0.05410209149556907,-1.5138085245362765,0.40116154917144137
459,0.040883049289786665,0.26861821641970407,2192,0.02963774380996744,0.05212835476960589,-1.5138085245362765,0.3982071384433367
460,0.03892455474741312,0.2693334300325598,2192,0.027649307904468613,0.050199801590357626,-1.5138085245362765,0.39787001193992755
461,0.036949043653260294,0.27034017466069427,2192,0.025631650931177606,0.04826643637534298,-1.563737995267415,0.39787001193992755
462,0.03514860068321417,0.27116484393800927,2192,0.023796684398035745,0.046500516968392594,-1.563737995267415,0.3928233554933358
463,0.03324313870335918,0.2723810853396397,2192,0.02184030626558012,0.044645971141138246,-1.563737995267415,0.3928233554933358
464,0.03115576569159052,0.27325762922826363,2192,0.01971623803661649,0.04259529334656455,-1.563737995267415,0.3928233554933358
465,0.029250028969261033,0.27426929706124087,2192,0.017768149332438685,0.04073190860608338,-1.563737995267415,0.3928233554933358
466,0.02746315331522206,0.27472855383974426,2192,0.015962047570666653,0.03896425905977747,-1.563737995267415,0.38737440638457304
467,0.025508842916932232,0.2754336241380522,2192,0.013978220444156007,0.037039465389708454,-1.617515546486525,0.3818587994741967
468,0.02377785241591946,0.276395560640156,2192,0.012206959890119563,0.03534874494171936,-1.617515546486525,0.3818587994741967
469,0.021702114200081758,0.2780884452998473,2192,0.010060351554622576,0.03334387684554094,-1.617515546486525,0.3818587994741967
470,0.019719100780409393,0.2786456240273585,2192,0.008054012669234473,0.031384188891584314,-1.617515546486525,0.3818587994741967
471,0.018001697560118452,0.27907018319017246,2192,0.0063188359057202385,0.029684559214516668,-1.617515546486525,0.37627499268062103
472,0.01605839418406072,0.2799437852821177,2192,0.0043389604664470175,0.027777827901674428,-1.617515546486525,0.37627499268062103
473,0.014194143242047126,0.28039841724339876,2192,0.002455677027852824,0.02593260945624143,-1.617515546486525,0.3695842194478124
474,0.012287892245343114,0.2807917150947325,2192,0.0005329611966273361,0.024042823294058893,-1.617515546486525,0.3695842194478124
475,0.01046479915006592,0.28152824478365046,2192,-0.001320965627863135,0.022250563927994974,-1.617515546486525,0.36489634519827857
476,0.008249735120928425,0.28338802091802406,2192,-0.003613886442120637,0.020113356683977485,-1.675723039394316,0.36489634519827857
477,0.006243772534386506,0.28430051075830776,2192,-0.005658049070111678,0.01814559413888469,-1.675723039394316,0.36489634519827857
478,0.0042491823617622545,0.28526103657246005,2192,-0.007692850239388954,0.016191214962913463,-1.675723039394316,0.35909814710933813
479,0.002293042023329163,0.2860654139291709,2192,-0.00968266464958764,0.014268748696245967,-1.675723039394316,0.357762960355153
480,0.00045422753347047225,0.2868573529042894,2192,-0.011554632496710337,0.012463087563651281,-1.7390791330377429,0.353225029131272
481,-0.0015948590919581884,0.2883361952783225,2192,-0.013665628677172748,0.010475910493256371,-1.7390791330377429,0.3517366527384479
482,-0.003420773893844725,0.289286554511853,2192,-0.015531328866807966,0.008689781079118514,-1.7390791330377429,0.3472751603093248
483,-0.005263003741365319,0.289945412042942,2192,-0.017401140813203042,0.006875133330472404,-1.7390791330377429,0.3472751603093248
484,-0.0071670515584228945,0.2904992132415762,2192,-0.019328372700711003,0.004994269583865213,-1.7390791330377429,0.34563068678882636
485,-0.009118831312185218,0.2911529808191681,2192,-0.02130752146995117,0.0030698588455807373,-1.7390791330377429,0.34563068678882636
486,-0.011031386621062511,0.29223123571005233,2192,-0.023265216329655343,0.0012024430875303208,-1.7390791330377429,0.34563068678882636
487,-0.012864092941407803,0.29253384087972506,2192,-0.025110590769155387,-0.000617595113660217,-1.7390791330377429,0.33944307084630065
488,-0.014958665602185308,0.293464891137696,2192,-0.02724414047589611,-0.0026731907284745053,-1.7390791330377429,0.3351375124721349
489,-0.01693200328254879,0.29484280365083987,2191,-0.02927797889684594,-0.004586027668251643,-1.8084846421186398,0.33317173964075986
490,-0.019107719887989726,0.29593231144101106,2191,-0.031499316546594165,-0.006716123229385288,-1.8084846421186398,0.33317173964075986
491,-0.020996785173151056,0.29682576852870124,2191,-0.03342579362977281,-0.008567776716529304,-1.8084846421186398,0.3268145506739611
492,-0.022950462803667436,0.29740922824229316,2191,-0.035403902514186986,-0.01049702309314789,-1.8084846421186398,0.3268145506739611
493,-0.025063775270355977,0.2981039681449406,2191,-0.03754630587877148,-0.012581244661940475,-1.8084846421186398,0.3268145506739611
494,-0.0270395837532235,0.2991453036214012,2191,-0.039565718282913304,-0.014513449223533698,-1.8084846421186398,0.3268145506739611
495,-0.028900988375309595,0.2999624359547703,2191,-0.04146133875065176,-0.016340637999967426,-1.8084846421186398,0.3203692803786298
496,-0.03093711983437048,0.3016564753670852,2191,-0.04356840485358093,-0.01830583481516003,-1.8473054345956785,0.31630565747267203
497,-0.032874250509449185,0.3030647044352786,2191,-0.04556450241379294,-0.02018399860510543,-1.885088032035761,0.3113617005511018
498,-0.03475484615799433,0.30379007825644844,2191,-0.04747547169668331,-0.02203422061930535,-1.885088032035761,0.31096012902566617
499,-0.036735107468092956,0.3043803895777575,2191,-0.049480451158581754,-0.02398976377760416,-1.885088032035761,0.3104345175271785
500,-0.038495066344593085,0.30455633574643914,2191,-0.05124777744266679,-0.025742355246519376,-1.885088032035761,0.3048171756013649
501,-0.040182320042506325,0.3047799302304307,2191,-0.05294439372977221,-0.027420246355240444,-1.885088032035761,0.30430231073303643
502,-0.041970974253482396,0.3057505089617477,2191,-0.05477368905933832,-0.029168259447626473,-1.885088032035761,0.30404196842203124
503,-0.04405547438342929,0.30642014530241435,2191,-0.056886228923780854,-0.031224719843077734,-1.885088032035761,0.2975608480598659
504,-0.045909578921416054,0.30766090027732773,2191,-0.05879228769118723,-0.03302687015164488,-1.885088032035761,0.2975608480598659
505,-0.047949346568503824,0.309218807057549,2191,-0.06089728968986778,-0.03500140344713987,-1.885088032035761,0.2975608480598659
506,-0.050350040785164,0.31124522579177544,2191,-0.06338283629555469,-0.037317245274773314,-1.9035979384208732,0.2975608480598659
507,-0.05220412195814303,0.3119370573328259,2191,-0.06526588658437867,-0.03914235733190739,-1.9317441903334707,0.2975608480598659
508,-0.05400859129213143,0.3125359849350305,2191,-0.06709543486036595,-0.04092174772389691,-1.9317441903334707,0.29098883488241567
509,-0.055924734510270815,0.31323526724833417,2191,-0.06904085918111547,-0.04280860983942617,-1.9703826658704067,0.29098883488241567
510,-0.05783355771112194,0.3138412102659583,2191,-0.07097505508100013,-0.04469206034124375,-1.9703826658704067,0.29098883488241567
511,-0.05959869735672988,0.31420043407397674,2191,-0.07275523653301799,-0.04644215818044178,-1.9703826658704067,0.2843235173464599
512,-0.0614899416541812,0.31429004359396023,2191,-0.0746502330568585,-0.048329650251503896,-1.9703826658704067,0.2843235173464599
513,-0.06329220804084257,0.31483248866992686,2191,-0.07647521328831125,-0.050109202793373886,-1.9703826658704067,0.28092862431700794
514,-0.06531223501873076,0.3160689063081084,2191,-0.07854701287798126,-0.05207745715948027,-1.9703826658704067,0.2775623892832427
515,-0.0669712401739644,0.31656361689029106,2191,-0.08022673308784108,-0.05371574726008773,-1.9703826658704067,0.2775623892832427
516,-0.06877215647927584,0.31740476333203715,2191,-0.08206287078342984,-0.05548144217512183,-1.9703826658704067,0.2775623892832427
517,-0.07064383221587912,0.3184123425233818,2191,-0.08397673696175931,-0.05731092746999894,-1.9703826658704067,0.2775623892832427
518,-0.07254173713260796,0.31936290657071437,2191,-0.0859144449206614,-0.05916902934455452,-1.9703826658704067,0.2775623892832427
519,-0.07459913571352879,0.32085460487706113,2191,-0.08803430550060681,-0.06116396592645076,-1.9703826658704067,0.2707028449577946
520,-0.0764050561453394,0.32186672481681794,2191,-0.0898826065092545,-0.06292750578142431,-1.9703826658704067,0.2707028449577946
521,-0.07841190898600395,0.32260040195108797,2191,-0.09192018066953854,-0.06490363730246936,-1.9703826658704067,0.26471974257750025
522,-0.0801920340358142,0.32321527146316453,2191,-0.09372605219817777,-0.06665801587345062,-2.038260638910437,0.2637421738047005
523,-0.08219015536990812,0.3243450782008038,2191,-0.09577148201753587,-0.06860882872228037,-2.038260638910437,0.2575736653473858
524,-0.08422609183426844,0.32611420266278707,2191,-0.09788149716788021,-0.07057068650065666,-2.066355969535712,0.2566775548147535
525,-0.08669134981004381,0.3284810894742767,2191,-0.10044586397892177,-0.07293683564116585,-2.066355969535712,0.2566775548147535
526,-0.08857143794607816,0.32995885010154513,2191,-0.1023878305004623,-0.07475504539169403,-2.066355969535712,0.2566775548147535
527,-0.09059814534027266,0.33126016728155466,2191,-0.10446902804999356,-0.07672726263055177,-2.066355969535712,0.2566775548147535
528,-0.09269825876571781,0.33222886422193687,2191,-0.1066097037976508,-0.07878681373378482,-2.0819804307975573,0.2566775548147535
529,-0.09466593583645694,0.3334024018451615,2191,-0.10862652050042229,-0.08070535117249159,-2.0976048920594033,0.2566775548147535
530,-0.09693850478477621,0.3346680464535272,2191,-0.11095208588371562,-0.0829249236858368,-2.1132293533212487,0.24950605054450856
531,-0.09885031899797,0.33543269307875134,2191,-0.11289591820442867,-0.08480471979151134,-2.1288538145830946,0.24950605054450856
532,-0.10097106001639919,0.3365847691872333,2191,-0.11506490019521673,-0.08687721983758165,-2.14447827584494,0.2422246007181622
533,-0.10298311535513675,0.3377051776127424,2191,-0.11712387048296477,-0.08884236022730874,-2.160102737106786,0.2422246007181622
534,-0.10505722735568271,0.33884640605960575,2191,-0.11924576923089224,-0.09086868548047318,-2.1757271983686315,0.2422246007181622
535,-0.10694596609985657,0.33960996885241007,2191,-0.12116648069918627,-0.09272545150052687,-2.1757271983686315,0.2422246007181622
536,-0.10885718082684719,0.3416204699611259,2191,-0.12316188129523448,-0.0945524803584599,-2.1757271983686315,0.23483001538821643
537,-0.11073468484609249,0.3420939401691699,2191,-0.12505921096927017,-0.09641015872291482,-2.1757271983686315,0.23483001538821643
538,-0.11263610008732731,0.343078854605604,2191,-0.1270018676091887,-0.09827033256546594,-2.1757271983686315,0.23483001538821643
539,-0.11477280095667865,0.3439934374415575,2191,-0.12917686487665495,-0.10036873703670234,-2.1757271983686315,0.22731896761817844
540,-0.11693694575446581,0.34510569640188793,2191,-0.1313875833802643,-0.10248630812866731,-2.1757271983686315,0.22731896761817844
541,-0.11889980588481192,0.3460247185631086,2191,-0.133388925796937,-0.10441068597268682,-2.1757271983686315,0.22731896761817844
542,-0.12064272016975458,0.34759575100001133,2191,-0.13519762404511398,-0.10608781629439516,-2.1757271983686315,0.22731896761817844
543,-0.1226588387484552,0.3489314709933401,2191,-0.13726967333082518,-0.10804800416608523,-2.3023443390074756,0.22731896761817844
544,-0.1244214321817438,0.3498565208107216,2191,-0.1390710014469549,-0.10977186291653271,-2.3023443390074756,0.21997569488143834
545,-0.12667105513945937,0.35199900065537715,2191,-0.1414103366295873,-0.11193177364933142,-2.3023443390074756,0.21968798564692812
546,-0.12900018397050675,0.35403156451749346,2191,-0.1438245751650788,-0.11417579277593472,-2.3023443390074756,0.21968798564692812
547,-0.13093761647243052,0.35473706043623043,2191,-0.14579154895239552,-0.11608368399246552,-2.3023443390074756,0.21684729066952507
548,-0.13289579657103232,0.3555107341225818,2191,-0.1477821251493482,-0.11800946799271644,-2.3023443390074756,0.21684729066952507
549,-0.13484306445614067,0.35583279496732834,2191,-0.14974287871321934,-0.11994325019906199,-2.3023443390074756,0.20916699349333973
550,-0.1366528559982331,0.35629928563145047,2191,-0.15157220365511748,-0.1217335083413487,-2.3023443390074756,0.20916699349333973
551,-0.1384850716437542,0.3566112511477203,2191,-0.1534174822569281,-0.1235526610305803,-2.3023443390074756,0.20916699349333973
552,-0.1403671090069598,0.3570518050280953,2191,-0.1553179669669794,-0.12541625104694024,-2.3023443390074756,0.20405155693149948
553,-0.14236602183612213,0.3581008246725751,2191,-0.1573608054771802,-0.12737123819506405,-2.3023443390074756,0.20405155693149948
554,-0.14446479963419656,0.35967686494908274,2191,-0.15952557693214564,-0.12940402233624748,-2.3023443390074756,0.19661107141484785
555,-0.14647119743573553,0.3605477380180458,2191,-0.16156844086933192,-0.13137395400213914,-2.3023443390074756,0.19603836384511542
556,-0.14834813113232687,0.36171408450038584,2191,-0.16349421308275489,-0.13320204918189885,-2.3023443390074756,0.19603836384511542
557,-0.1503944188334327,0.363938997755179,2191,-0.16563366474936195,-0.13515517291750348,-2.304649834440637,0.19603836384511542
558,-0.15252235912632386,0.3652873138150476,2191,-0.16781806318533607,-0.13722665506731166,-2.304649834440637,0.19342951439023373
559,-0.1545430126895325,0.36634651250671024,2191,-0.16988306865761638,-0.1392029567214486,-2.451885205622583,0.19342951439023373
560,-0.15683177230095302,0.3680798346873857,2191,-0.17224440780331537,-0.14141913679859067,-2.451885205622583,0.19342951439023373
561,-0.15916783343865257,0.3697187877076463,2191,-0.1746490969481108,-0.14368656992919435,-2.451885205622583,0.19342951439023373
562,-0.16107776663016135,0.37116099049265155,2191,-0.1766194196088353,-0.14553611365148741,-2.451885205622583,0.18961001601072963
563,-0.16298871805840096,0.3721004351679696,2191,-0.17856970847692027,-0.14740772763988164,-2.451885205622583,0.18788972379760477
564,-0.1651229044683347,0.37373401140981777,2191,-0.18077229775168988,-0.1494735111849795,-2.451885205622583,0.18536453606038716
565,-0.1671329852574578,0.3748001281171566,2191,-0.1828270201284923,-0.15143895038642327,-2.451885205622583,0.18536453606038716
566,-0.1689769018581434,0.3753624329009315,2191,-0.1846944821610566,-0.1532593215552302,-2.451885205622583,0.18536453606038716
567,-0.1708076885451259,0.37609166326735377,2191,-0.1865558039678032,-0.1550595731224486,-2.451885205622583,0.18170429037692945
568,-0.1760085376812661,0.40904168853547346,2191,-0.19313637207084217,-0.15888070329169002,-7.667790012280299,0.18170429037692945
569,-0.17668991357508138,0.39318083863946307,2191,-0.19315360536523332,-0.16022622178492943,-5.372045509519665,0.18170429037692945
570,-0.1776680318504373,0.3832255834462846,2191,-0.19371486646677594,-0.16162119723409868,-3.0763010067590306,0.17716323544371268
571,-0.1787119193844306,0.3798727743225665,2191,-0.19461836156395793,-0.16280547720490327,-2.451885205622583,0.17366493430379562
572,-0.18115948339226637,0.38162216155796913,2191,-0.19713917779935636,-0.16517978898517638,-2.451885205622583,0.16831337859192938
573,-0.1833774413425647,0.38355472846490024,2191,-0.19943805827382868,-0.16731682441130072,-2.451885205622583,0.16591510227293843
574,-0.1854035562496076,0.3857495629109986,2191,-0.20155607765408046,-0.16925103484513476,-2.4972106678525052,0.16591510227293843
575,-0.18744459098988075,0.38772627717859603,2191,-0.2036798835043892,-0.1712092984753723,-2.5425361300824276,0.16591510227293843
576,-0.1896214014758029,0.38961349703967396,2191,-0.20593571769411276,-0.17330708525749303,-2.5878615923123505,0.16591510227293843
577,-0.19167541184959125,0.39153474408146594,2191,-0.20807017659448307,-0.17528064710469943,-2.633187054542273,0.16591510227293843
578,-0.1938777860604158,0.3933522885715328,2191,-0.21034865698688784,-0.17740691513394377,-2.633187054542273,0.16591510227293843
579,-0.19588677441182367,0.3950858819345956,2191,-0.21243023622781534,-0.179343312595832,-2.633187054542273,0.16591510227293843
580,-0.19789932351210185,0.3964253504291953,2191,-0.2144988729963889,-0.1812997740278148,-2.633187054542273,0.16591510227293843
581,-0.19999075588416504,0.3975708466802585,2191,-0.21663827082193027,-0.1833432409463998,-2.633187054542273,0.15697715976584986
582,-0.20192883350109436,0.3986890294695113,2191,-0.2186231701936303,-0.1852344968085584,-2.633187054542273,0.15697715976584986
583,-0.20387734489363138,0.3996004176117819,2191,-0.22060984421262558,-0.18714484557463718,-2.633187054542273,0.15697715976584986
584,-0.20766913762912836,0.4098855508507747,2191,-0.22483230713096608,-0.19050596812729065,-4.067234882982901,0.1478787507142517
585,-0.21127630811770842,0.4308007505255714,2191,-0.2293152613997702,-0.19323735483564664,-7.156713451411527,0.1478787507142517
586,-0.21048948712843976,0.4054713989855371,2191,-0.22746782250642833,-0.1935111517504512,-2.717118495914828,0.1478787507142517
587,-0.21262801865388414,0.4061857944275985,2191,-0.22963626796769696,-0.19561976934007133,-2.717118495914828,0.1478787507142517
588,-0.21522131443721712,0.4103180664434221,2191,-0.23240259469805424,-0.19804003417638,-2.795312746480856,0.1478787507142517
589,-0.21732127831952738,0.41240890983799416,2191,-0.23459010862819699,-0.20005244801085778,-2.8134363755641876,0.1478787507142517
590,-0.21953533705713563,0.4161310045526365,2191,-0.23696002292684346,-0.2021106511874278,-2.8134363755641876,0.13861441833876778
591,-0.2217356459090839,0.41851937412024626,2191,-0.23926034016317324,-0.20421095165499456,-2.8134363755641876,0.13861441833876778
592,-0.22420597161642838,0.4217972837948935,2191,-0.2418679220368815,-0.20654402119597526,-2.8134363755641876,0.13861441833876778
593,-0.2264259325074633,0.4241068937640979,2191,-0.24418459340551757,-0.208667271609409,-2.861011754812129,0.13861441833876778
594,-0.22872926995917442,0.42504860125247745,2191,-0.24652736304802114,-0.2109311768703277,-2.861011754812129,0.13861441833876778
595,-0.2310942381816162,0.42687028156597384,2191,-0.24896861063169876,-0.21321986573153365,-3.111962385344689,0.1291784307462684
596,-0.23311983327088898,0.42816706775729946,2191,-0.2510485061498673,-0.2151911603919107,-3.111962385344689,0.1291784307462684
597,-0.2354254596098747,0.4301861927308504,2191,-0.25343867946567256,-0.21741223975407686,-3.111962385344689,0.1291784307462684
598,-0.23795384411675144,0.43218295891163944,2191,-0.25605067471790316,-0.21985701351559972,-3.111962385344689,0.1291784307462684
599,-0.23993723587849794,0.4332754218073975,2191,-0.2580798112633227,-0.2217946604936732,-3.111962385344689,0.11956476241845429
600,-0.24203719719352984,0.4347974608784727,2191,-0.26024350503857685,-0.22383088934848283,-3.111962385344689,0.11956476241845429
601,-0.24440425620094,0.4374510781951966,2191,-0.2627216791699659,-0.22608683323191409,-3.111962385344689,0.11956476241845429
602,-0.2474951053895291,0.4428147989708024,2191,-0.26603712385513,-0.22895308692392818,-3.113239237324197,0.11725764989796236
603,-0.25059782627111626,0.4528312897617944,2191,-0.26955926603347324,-0.2316363865087593,-5.1681530612376685,0.11326128132151861
604,-0.253578598131053,0.4660687913662539,2191,-0.2730943328260969,-0.23406286343600907,-7.223066885151141,0.11326128132151861
605,-0.2529531748224143,0.443272563658294,2191,-0.2715143613043238,-0.23439198834050476,-3.111962385344689,0.10976707413319473
606,-0.2550425180268285,0.4443057591189317,2191,-0.2736469675824976,-0.23643806847115934,-3.111962385344689,0.10976707413319473
607,-0.2570984784750663,0.44540631212286813,2191,-0.2757490115721365,-0.2384479453779961,-3.111962385344689,0.1076672366658039
608,-0.25942498359032257,0.44675775539562534,2191,-0.2781321057765039,-0.24071786140414128,-3.111962385344689,0.1076672366658039
609,-0.26181766025962144,0.4483877100317286,2191,-0.28059303366286,-0.2430422868563829,-3.111962385344689,0.1076672366658039
610,-0.2638577669267145,0.4497120873238342,2191,-0.2826885960831544,-0.24502693777027457,-3.111962385344689,0.1076672366658039
611,-0.2657043115802523,0.4507855514380605,2191,-0.28458008998291073,-0.24682853317759387,-3.111962385344689,0.09977869115784452
612,-0.2678412786007521,0.45183055493089225,2191,-0.2867608145158192,-0.24892174268568495,-3.111962385344689,0.0978869729394411
613,-0.2699619923670904,0.45305259021431976,2191,-0.28893269866048177,-0.250991286073699,-3.111962385344689,0.0978869729394411
614,-0.27184720883095137,0.45416711741056104,2191,-0.2908645838081834,-0.2528298338537193,-3.111962385344689,0.0978869729394411
615,-0.2738500310112758,0.45523642761902194,2191,-0.29291218129790764,-0.254787880724644,-3.1232307928115395,0.0978869729394411
616,-0.27588761376585436,0.4563500353480174,2191,-0.29499639423540347,-0.25677883329630524,-3.13634174471151,0.0978869729394411
617,-0.2779797523977625,0.45772431188456314,2191,-0.2971460780554505,-0.2588134267400745,-3.1494526966114806,0.0978869729394411
618,-0.2799398834184793,0.45889347337407616,2191,-0.29915516546601295,-0.26072460137094566,-3.162563648511451,0.0945183361764225
619,-0.2821855186153648,0.46013240416132184,2191,-0.30145267850796614,-0.2629183587227634,-3.162563648511451,0.0945183361764225
620,-0.28420890653682285,0.461449572701125,2191,-0.3035312203299806,-0.2648865927436651,-3.162563648511451,0.08790973530712427
621,-0.286287523275978,0.4626460438834722,2191,-0.30565993699987026,-0.26691510955208575,-3.162563648511451,0.08790973530712427
622,-0.2882242707727178,0.46412789993133985,2191,-0.307658734369981,-0.2687898071754546,-3.162563648511451,0.08790973530712427
623,-0.2906103800411912,0.46567393693537656,2191,-0.31010958096598723,-0.2711111791163952,-3.162563648511451,0.08790973530712427
624,-0.292832666120284,0.4668756908571721,2191,-0.31238218818037367,-0.2732831440601944,-3.162563648511451,0.08790973530712427
625,-0.29476759684808385,0.4678014659913568,2191,-0.31435588396226144,-0.27517930973390625,-3.162563648511451,0.08790973530712427
626,-0.29686660474321375,0.4686062219697611,2191,-0.31648858946697117,-0.2772446200194563,-3.162563648511451,0.07920132025324601
627,-0.2989185936075811,0.4696789736916587,2191,-0.3185854977474977,-0.2792516894676645,-3.162563648511451,0.07920132025324601
628,-0.30047821212025483,0.47037625091145624,2191,-0.3201743134033455,-0.28078211083716414,-3.162563648511451,0.07772800360559862
629,-0.3024158377144869,0.47131673784312283,2191,-0.32215132007990394,-0.2826803553490698,-3.162563648511451,0.07772800360559862
630,-0.3042690021770052,0.4719060838312686,2191,-0.3240291622727516,-0.2845088420812588,-3.162563648511451,0.07772800360559862
631,-0.3059833199204021,0.47247712239761297,2191,-0.325767391158383,-0.28619924868242125,-3.162563648511451,0.07772800360559862
632,-0.3081936122960344,0.47549803366084314,2191,-0.3281041783859397,-0.28828304620612916,-3.296155630679301,0.07772800360559862
633,-0.3108415547218242,0.4798117720808118,2191,-0.3309327503155869,-0.29075035912806146,-3.4284570664997434,0.06733383138608157
634,-0.3128526389252562,0.4809214447166689,2191,-0.33299029992747564,-0.2927149779230368,-3.4284570664997434,0.06733383138608157
635,-0.3153985112521544,0.48604298629599996,2191,-0.33575062696265595,-0.29504639554165285,-3.9761208218559627,0.06733383138608157
636,-0.31744093425504755,0.48895534531530865,2191,-0.3379149994009338,-0.2969668691091613,-4.06274799447272,0.06733383138608157
637,-0.3200430968673441,0.4923788985258376,2191,-0.34066051672268255,-0.2994256770120057,-4.06274799447272,0.06733383138608157
638,-0.32276020262965693,0.4958273251056298,2191,-0.34352201871897037,-0.3019983865403435,-4.06274799447272,0.06733383138608157
639,-0.32531215630266563,0.5011918814346449,2191,-0.3462986028757469,-0.3043257097295844,-4.06274799447272,0.06733383138608157
640,-0.32906562942012935,0.5130249823586617,2191,-0.35054756434714185,-0.30758369449311684,-4.06274799447272,0.056718813609626495
641,-0.3321170122754018,0.519729108809942,2191,-0.3538796696099406,-0.310354354940863,-4.06274799447272,0.056718813609626495
642,-0.3356876642218753,0.5305634961589397,2191,-0.35790399069926004,-0.31347133774449054,-4.076770907152241,0.056718813609626495
643,-0.338249009266124,0.5355206165274375,2191,-0.360672905629661,-0.315825112902587,-4.076770907152241,0.056718813609626495
644,-0.34052215461821095,0.5388087406842668,2191,-0.36308373485991735,-0.31796057437650455,-4.076770907152241,0.056718813609626495
645,-0.34590893995410044,0.5603554285610653,2191,-0.3693727463305537,-0.32244513357764715,-7.380088644673187,0.056718813609626495
646,-0.34734073279927563,0.554986937454672,2191,-0.3705797439307224,-0.32410172166782886,-6.150478907843123,0.045874051256421695
647,-0.34928113455297244,0.5536868423031099,2191,-0.3724657066991745,-0.3260965624067704,-4.920869171013059,0.045874051256421695
648,-0.3569005636277398,0.592853483670513,2191,-0.3817251635895385,-0.3320759636659411,-7.340988149369766,0.045874051256421695
649,-0.3527291504762702,0.5531342700441213,2191,-0.3758905847213597,-0.32956771623118064,-4.076770907152241,0.045874051256421695
650,-0.3551741163594051,0.5558716720119509,2190,-0.37845548761159653,-0.33189274510721367,-4.076770907152241,0.045874051256421695
651,-0.35838033650945883,0.5621427146332908,2190,-0.38192435556105564,-0.334836317457862,-4.076770907152241,0.045874051256421695
652,-0.3604651956061902,0.5636893054058905,2190,-0.38407398995713227,-0.3368564012552482,-4.076770907152241,0.045874051256421695
653,-0.3624753679907096,0.5650861729716404,2190,-0.3861426668383292,-0.33880806914309003,-4.076770907152241,0.034790112491095475
654,-0.3644615678875257,0.5666612959965605,2190,-0.3881948370404467,-0.3407282987346047,-4.076770907152241,0.034790112491095475
655,-0.36666952763302557,0.5682264580165177,2190,-0.3904683498980967,-0.34287070536795444,-4.076770907152241,0.034790112491095475
656,-0.3689280393574816,0.5696070779998488,2190,-0.3927846856276397,-0.3450713930873235,-4.076770907152241,0.0234569899769873
657,-0.37113375666845216,0.5710438655557906,2190,-0.3950505793897313,-0.347216933947173,-4.076770907152241,0.0234569899769873
658,-0.3733135950427911,0.572174139947928,2190,-0.3972777566357292,-0.34934943344985303,-4.076770907152241,0.0234569899769873
659,-0.3756037110826659,0.5735739028559685,2190,-0.39962649843685055,-0.3515809237284812,-4.076770907152241,0.0234569899769873
660,-0.3782275390953955,0.5751907379801807,2188,-0.4023290515381663,-0.35412602665262477,-4.076770907152241,0.0234569899769873
661,-0.38034574323229503,0.5766859686459133,2188,-0.40450990849284496,-0.3561815779717451,-4.076770907152241,0.011864053875438964
662,-0.3825781116182521,0.5781605228543005,2187,-0.40680960130970767,-0.35834662192679656,-4.076770907152241,0.011864053875438964
663,-0.3851190175126889,0.5797341035297315,2186,-0.40942201497524483,-0.36081602005013297,-4.076770907152241,0.011864053875438964
664,-0.38704707354173346,0.5810179088718483,2186,-0.4114038893285555,-0.3626902577549114,-4.085825040381708,0.011864053875438964
665,-0.3889256457215778,0.5822634376385711,2186,-0.41333467524271855,-0.364516616200437,-4.107125314714274,0.011864053875438964
666,-0.39114857991119245,0.583675111004257,2186,-0.415616788104099,-0.3666803717182859,-4.1284255890468415,0.011864053875438964
667,-0.3930550818150738,0.5849589162856352,2186,-0.41757710832970024,-0.3685330553004474,-4.149725863379408,0.011864053875438964
668,-0.3952507851788469,0.5861785021644322,2186,-0.4198239378775934,-0.3706776324801003,-4.171026137711975,0.011864053875438964
669,-0.3976782729357816,0.5875235144386923,2186,-0.4223078098108073,-0.37304873606075595,-4.192326412044542,0.011864053875438964
670,-0.39992002660737336,0.5888997256069791,2185,-0.42461290415083686,-0.37522714906390986,-4.213626686377109,0.0
671,-0.4017655642673165,0.5901768440940848,2185,-0.4265119920656695,-0.37701913646896357,-4.234926960709675,0.0
672,-0.40404698905922437,0.5917057956717213,2185,-0.4288575266073952,-0.37923645151105356,-4.256227235042242,0.0
673,-0.4062143792519552,0.5927119767205058,2185,-0.4310671065046612,-0.3813616519992492,-4.277527509374808,0.0
674,-0.40555828599142224,0.5839198940195202,2181,-0.43006479842359735,-0.38105177355924713,-4.298827783707376,0.0
675,-0.40751635511812573,0.5847724190019327,2181,-0.43205864713975173,-0.38297406309649973,-4.320128058039942,0.0
676,-0.4061843380483856,0.575125332340621,2179,-0.4303328265956079,-0.3820358495011633,-4.320128058039942,0.0
677,-0.4030494427443256,0.5608730641460241,2176,-0.4266157322959943,-0.37948315319265685,-4.320128058039942,0.0
678,-0.4052440662637926,0.5618738984636525,2175,-0.4288578346058022,-0.38163029792178305,-4.320128058039942,0.0
679,-0.4038773280206932,0.5526311839004548,2173,-0.4271133402222929,-0.3806413158190935,-4.320128058039942,0.0
680,-0.40584101048910237,0.5536780449329646,2173,-0.4291210391639548,-0.38256098181424997,-4.320128058039942,0.0
681,-0.4011514376853893,0.5332504997776393,2169,-0.42359323142565963,-0.37870964394511897,-4.320128058039942,0.0
682,-0.4000501610733845,0.5241907735516184,2167,-0.42212085500773366,-0.3779794671390353,-4.320128058039942,0.0
683,-0.39582317949884627,0.5018369841348648,2163,-0.41697221061689077,-0.37467414838080176,-4.320128058039942,0.0
684,-0.39763199207946737,0.5026764062258227,2163,-0.41881639915521146,-0.3764475850037233,-4.320128058039942,0.0
685,-0.39137893361212195,0.4735675313039284,2158,-0.41135970587641657,-0.3713981613478273,-4.2579113628199385,0.0
686,-0.38799219697131004,0.45361385563874257,2155,-0.4071444003866575,-0.3688399935559626,-4.076770907152241,0.0
687,-0.3851876994519089,0.4353497551081223,2152,-0.403581574941106,-0.36679382396271176,-4.014452163346424,0.0
688,-0.3841959533059867,0.4237754699509355,2150,-0.4021091318890234,-0.36628277472295,-1.5851736818450712,0.0
689,-0.3862399212834616,0.4251772241144342,2150,-0.4042123526417077,-0.36826748992521546,-1.6003278349511314,0.0
690,-0.38873145977334633,0.42720454700728394,2150,-0.40678958697668066,-0.370673332570012,-1.6154819880571913,0.0
691,-0.3908429086937398,0.4288177126650561,2150,-0.40896922513066764,-0.3727165922568119,-1.6154819880571913,0.0
692,-0.3928764848882223,0.4301315686944973,2150,-0.4110583386069341,-0.3746946311695105,-1.6154819880571913,0.0
693,-0.39493084144430923,0.4310949432905017,2150,-0.4131534174379148,-0.3767082654507037,-1.626486484663087,0.0
694,-0.3972543569015307,0.432934417975059,2150,-0.41555468831247383,-0.3789540254905876,-1.626486484663087,0.0
695,-0.3993255663458522,0.4340413477086616,2150,-0.4176726881715383,-0.3809784445201661,-1.626486484663087,0.0
696,-0.4011707549403682,0.4349805150359321,2150,-0.4195575757888757,-0.3827839340918607,-1.626486484663087,0.0
697,-0.40303365198231844,0.43623980965861564,2150,-0.42147370377755206,-0.3845936001870848,-1.626486484663087,0.0
698,-0.4052332086182183,0.4376452884115084,2150,-0.4237326706287203,-0.38673374660771637,-1.626486484663087,0.0
699,-0.4075014350440429,0.4393328768759261,2150,-0.42607223217344947,-0.38893063791463633,-1.626486484663087,0.0
700,-0.4097850446232391,0.44129271194228636,2150,-0.42843868485713466,-0.3911314043893436,-1.626486484663087,0.0
701,-0.4117892873670106,0.4424011577563079,2150,-0.4304897821010462,-0.39308879263297497,-1.626486484663087,0.0
702,-0.41372801342229676,0.44335684085486693,2150,-0.4324689053081903,-0.3949871215364032,-1.626486484663087,0.0
703,-0.41654684003537396,0.4444704850616066,2148,-0.43534355085010695,-0.39775012922064096,-1.626486484663087,0.0
704,-0.4183999462545759,0.4457585788157688,2148,-0.4372511307106709,-0.39954876179848087,-1.626486484663087,0.0
705,-0.4203269139955775,0.4470819096720068,2148,-0.43923406227436246,-0.4014197657167925,-1.6878323135765232,0.0
706,-0.42235849371045775,0.4479105082086563,2148,-0.4413006835220292,-0.4034163038988863,-1.6878323135765232,0.0
707,-0.42397652547650866,0.4488063008648734,2148,-0.442956598468347,-0.4049964524846703,-1.6908812341279382,0.0
708,-0.42571188364526535,0.4498739786314279,2148,-0.4447371088595701,-0.40668665843096063,-1.6908812341279382,0.0
709,-0.4275969621338262,0.4510542937597475,2148,-0.44667210301831134,-0.40852182124934106,-1.6908812341279382,0.0
710,-0.42977368038318137,0.45198987592834255,2148,-0.44888838715124607,-0.41065897361511666,-1.6908812341279382,0.0
711,-0.43182291350599855,0.45349845665120314,2148,-0.4510014183361199,-0.4126444086758772,-1.6908812341279382,0.0
712,-0.4337419174815903,0.4546297280397889,2148,-0.4529682639161801,-0.4145155710470005,-1.6908812341279382,0.0
713,-0.43579191370256876,0.4558992263753708,2148,-0.45507194737600953,-0.416511880029128,-1.6908812341279382,0.0
714,-0.4379655604170874,0.45712504317305364,2148,-0.4572974340318343,-0.4186336868023405,-1.6908812341279382,0.0
715,-0.44028794046480907,0.45838662926586393,2148,-0.45967316670869884,-0.4209027142209193,-1.6908812341279382,0.0
716,-0.4423100688453019,0.4597105975034413,2148,-0.4617512858668159,-0.42286885182378786,-1.6908812341279382,0.0
717,-0.44438228632471294,0.4611873037971002,2148,-0.4638859534348,-0.4248786192146259,-1.6908812341279382,0.0
718,-0.4462783113012445,0.46224080463739575,2148,-0.46582653108986405,-0.426730091512625,-1.6908812341279382,0.0
719,-0.4485224551264804,0.46350588367936224,2148,-0.46812417526148703,-0.4289207349914738,-1.6908812341279382,0.0
720,-0.45050554234871326,0.4648014100302388,2148,-0.47016205045049997,-0.43084903424692655,-1.6908812341279382,0.0
721,-0.45297873576181513,0.4657851250419372,2147,-0.4726814321135969,-0.43327603941003334,-1.6908812341279382,0.0
722,-0.45470526076037826,0.46680694834115727,2147,-0.4744511802060446,-0.4349593413147119,-1.6908812341279382,0.0
723,-0.456741749725028,0.4678880925194171,2147,-0.47653340153592355,-0.4369500979141325,-1.6908812341279382,0.0
724,-0.45859986387968565,0.4688150722601684,2147,-0.47843072690488225,-0.43876900085448906,-1.6908812341279382,0.0
725,-0.4606604278594251,0.469812624985295,2146,-0.48053811705086297,-0.4407827386679873,-1.6908812341279382,0.0
726,-0.4634934998199497,0.47142243096763975,2143,-0.4834532558646637,-0.4435337437752357,-1.6908812341279382,0.0
727,-0.4664210955102769,0.47275951470932015,2140,-0.4864514881661192,-0.44639070285443455,-1.7016788357870003,0.0
728,-0.46923332813371615,0.4737131401341164,2136,-0.48932290912656096,-0.44914374714087135,-1.7155253579974776,0.0
729,-0.47133667042944616,0.4750913283624069,2136,-0.4914846986590043,-0.451188642199888,-1.7293718802079547,0.0
730,-0.4733764659645427,0.47618366674002666,2136,-0.49357081889664667,-0.4531821130324387,-1.743218402418432,0.0
731,-0.475586007934307,0.4774034402129635,2135,-0.4958368308478654,-0.4553351850207486,-1.7570649246289092,0.0
732,-0.4780379730040213,0.47857301298870114,2134,-0.4983431635197105,-0.4577327824883321,-1.7614729050916342,0.0
733,-0.48053644114727595,0.4801785376891629,2133,-0.5009145270349828,-0.46015835525956905,-1.7658808855543595,0.0
734,-0.482818266414288,0.4814264585197583,2133,-0.5032493122655728,-0.4623872205630032,-1.7702888660170846,0.0
735,-0.4846077323444828,0.48225960098110776,2133,-0.5050741355624583,-0.4641413291265073,-1.7746968464798099,0.0
736,-0.48717077596716085,0.4841712534745855,2132,-0.507723125239421,-0.4666184266949007,-1.779104826942535,0.0
737,-0.48988408552389795,0.4855591648896339,2129,-0.5105098662508566,-0.4692583047969393,-1.78351280740526,0.0
738,-0.49190937292751763,0.48674662346848185,2129,-0.5125855950054808,-0.4712331508495544,-1.7879207878679853,0.0
739,-0.494145579025887,0.4880537585459109,2128,-0.514882196731132,-0.47340896132064203,-1.7923287683307103,0.0
740,-0.4964292265658084,0.4889136257757271,2126,-0.5172121473499391,-0.4756463057816777,-1.7967367487934356,0.0
741,-0.49861744162714927,0.4902892199719055,2126,-0.5194588366768824,-0.47777604657741607,-1.8011447292561606,0.0
742,-0.5007624173356726,0.49141167319546236,2125,-0.5216564405474424,-0.4798683941239028,-1.805552709718886,0.0
743,-0.5030643348878016,0.492709325537405,2124,-0.5240184631249265,-0.4821102066506766,-1.809960690181611,0.0
744,-0.5055092654018039,0.49426169432214623,2123,-0.5265343633584624,-0.48448416744514533,-1.814368670644336,0.0
745,-0.5077770699913222,0.4952716605084608,2121,-0.5288550610244139,-0.48669907895823056,-1.8187766511070613,0.0
746,-0.5101805045470196,0.4965293287029214,2119,-0.5313219900289798,-0.48903901906505926,-1.8231846315697864,0.0
747,-0.512119039272833,0.4979227719031735,2119,-0.5333198555082556,-0.4909182230374104,-1.8275926120325117,0.0
748,-0.5150252174154075,0.49923613426693725,2118,-0.5362869722038716,-0.49376346262694354,-1.8320005924952367,0.0
749,-0.5189752408741202,0.5008007220897043,2112,-0.5403339037456828,-0.4976165780025575,-1.8352958836296167,0.0
750,-0.5221258723376754,0.5024579548065848,2109,-0.5435704505066656,-0.5006812941686851,-1.835309940356238,0.0
751,-0.5255593018002809,0.5079441244176237,2109,-0.5472380261141313,-0.5038805774864304,-3.5557259505006056,0.0
752,-0.5290453440636438,0.516964493140998,2108,-0.5511142845447702,-0.5069764035825174,-5.527040272501961,0.0
753,-0.5321415348590126,0.5290810638593906,2108,-0.5547277253284213,-0.5095553443896039,-7.498354594503316,0.0
754,-0.5323588530547056,0.5086308796718532,2104,-0.5540926660966606,-0.5106250400127507,-1.835309940356238,0.0
755,-0.5346767708137599,0.5096596203910133,2102,-0.556464900014914,-0.5128886416126057,-1.835309940356238,0.0
756,-0.5368783540231388,0.5111368508788855,2102,-0.5587296353506178,-0.5150270726956597,-1.835309940356238,0.0
757,-0.5390311055062603,0.512167690998602,2102,-0.5609264556137947,-0.5171357553987259,-1.835309940356238,0.0
758,-0.5408106714085394,0.5129771323722333,2102,-0.5627406254213546,-0.5188807173957243,-1.846982976963098,0.0
759,-0.5437026060392396,0.5142505670055688,2100,-0.5656974661010248,-0.5217077459774544,-1.8586560135699584,0.0
760,-0.5462581734016794,0.5151084738120519,2099,-0.5682949742257909,-0.5242213725775678,-1.8703290501768184,0.0
761,-0.5483326225449042,0.5163297185440592,2099,-0.5704216693099873,-0.5262435757798212,-1.8820020867836784,0.0
762,-0.5505392078469763,0.5177239764755536,2099,-0.5726879022123141,-0.5283905134816385,-1.8936751233905385,0.0
763,-0.5532849537575968,0.519316686670214,2097,-0.5755123777423153,-0.5310575297728782,-1.9053481599973987,0.0
764,-0.5554219205156536,0.5209238743269975,2097,-0.5777181342049731,-0.5331257068263342,-1.9170211966042587,0.0
765,-0.5577500303543802,0.5224769844516994,2096,-0.5801180531349265,-0.5353820075738339,-1.9170211966042587,0.0
766,-0.5601879953617385,0.5240895494165163,2095,-0.5826304087331523,-0.5377455819903246,-1.9170211966042587,0.0
767,-0.5631990639541419,0.5261216999125958,2094,-0.5857338763739388,-0.5406642515343449,-1.9170211966042587,0.0
768,-0.5658676595708693,0.5275305411247675,2092,-0.5884736135546521,-0.5432617055870864,-1.9170211966042587,0.0
769,-0.5692922634935782,0.5293309930958823,2089,-0.5919916528718475,-0.5465928741153089,-1.9170211966042587,0.0
770,-0.5717723496991329,0.530818532692281,2089,-0.5945355294863424,-0.5490091699119235,-1.9170211966042587,0.0
771,-0.5739843994371961,0.5319416492117197,2089,-0.5967957420176756,-0.5511730568567167,-1.9170211966042587,0.0
772,-0.5761598742829561,0.5334225340328778,2089,-0.5990347218945377,-0.5532850266713746,-1.9170211966042587,0.0
773,-0.5783446172375291,0.5345406276476339,2089,-0.6012674122443203,-0.5554218222307378,-1.9170211966042587,0.0
774,-0.5804004775326147,0.5361723921611916,2089,-0.6033932477695549,-0.5574077072956745,-1.9170211966042587,0.0
775,-0.583205331957726,0.5373611332416878,2086,-0.6062656435115793,-0.5601450204038726,-1.9170211966042587,0.0
776,-0.5854218431470848,0.5390301486341242,2086,-0.6085537788146985,-0.562289907479471,-1.9170211966042587,0.0
777,-0.5878694960723294,0.5401451967282406,2086,-0.6110492829053089,-0.5646897092393499,-1.9170211966042587,0.0
778,-0.5898428918418316,0.5410176339097813,2086,-0.6130601184373338,-0.5666256652463294,-1.9170211966042587,0.0
779,-0.592150771562725,0.5419354953142848,2086,-0.615407387255506,-0.568894155869944,-1.9170211966042587,0.0
780,-0.5939504413287784,0.5429194237737227,2086,-0.6172492813199273,-0.5706516013376295,-1.9170211966042587,0.0
781,-0.5961587290665247,0.544059872256135,2086,-0.6195065102551081,-0.5728109478779413,-1.9170211966042587,0.0
782,-0.5984492088217159,0.5457433219764457,2086,-0.6218692335586955,-0.5750291840847364,-1.9170211966042587,0.0
783,-0.6004364906353933,0.5468164334111293,2086,-0.6239025668682571,-0.5769704144025295,-1.9170211966042587,0.0
784,-0.6025556289624614,0.5481222071940893,2086,-0.6260777411614403,-0.5790335167634825,-1.9170211966042587,0.0
785,-0.6055703070303411,0.5493721384684743,2085,-0.6291517117502077,-0.5819889023104745,-1.9359024775033626,0.0
786,-0.6075928428759616,0.5503835293994213,2085,-0.631217660825591,-0.5839680249263322,-1.9582404443043828,0.0
787,-0.6098957539566774,0.5522730964894249,2085,-0.6336016802173671,-0.5861898276959877,-1.980578411105403,0.0
788,-0.6122823268026533,0.5538353065419988,2085,-0.6360553098085392,-0.5885093437967673,-2.0029163779064234,0.0
789,-0.6147605307587232,0.5555448932259698,2085,-0.6386068965459252,-0.5909141649715212,-2.0063170102361747,0.0
790,-0.616721616777894,0.5571702425666322,2085,-0.640637749518914,-0.5928054840368742,-2.009717642565926,0.0
791,-0.618876553694409,0.5587338934954565,2085,-0.6428598050292039,-0.594893302359614,-2.0131182748956773,0.0
792,-0.6211562040067007,0.5607521185332214,2085,-0.6452260862026165,-0.5970863218107849,-2.0165189072254286,0.0
793,-0.6233799891954761,0.562416620196679,2085,-0.6475213189305632,-0.599238659460389,-2.01991953955518,0.0
794,-0.6264427963163635,0.5640038704862086,2084,-0.6506580653462493,-0.6022275272864777,-2.023320171884931,0.0
795,-0.6282937953128399,0.5647913233795742,2084,-0.6525428733015982,-0.6040447173240816,-2.0267208042146825,0.0
796,-0.6304498580516101,0.5660501684558162,2084,-0.6547529840244042,-0.6061467320788161,-2.030121436544434,0.0
797,-0.6325619059229697,0.5673724969894246,2084,-0.6569218055153483,-0.6082020063305911,-2.0335220688741855,0.0
798,-0.6343659602717538,0.5684639248137079,2084,-0.6587727198588501,-0.6099592006846576,-2.036922701203937,0.0
799,-0.6366215651473975,0.5698580399423618,2084,-0.6610881804813522,-0.6121549498134429,-2.040323333533688,0.0
800,-0.638997192385534,0.5713530634709635,2084,-0.6635279959260694,-0.6144663888449986,-2.0437239658634394,0.0
801,-0.6416971065861903,0.5731397285444116,2083,-0.6663105258799141,-0.6170836872924664,-2.0471245981931907,0.0
802,-0.6444072066974138,0.5748745594196146,2083,-0.6690951281022433,-0.6197192852925844,-2.050525230522942,0.0
803,-0.647274541998102,0.5764764878304205,2082,-0.6720372027362684,-0.6225118812599355,-2.0539258628526933,0.0
804,-0.6496144096121222,0.5775730280507907,2082,-0.6744241724507837,-0.6248046467734608,-2.0573264951824446,0.0
805,-0.6520376497293568,0.5793296982793209,2082,-0.6769228706826443,-0.6271524287760694,-2.060727127512196,0.0
806,-0.6544867385695646,0.5805061282514283,2082,-0.679422493303321,-0.6295509838358082,-2.064127759841947,0.0
807,-0.6563417538662027,0.5815078474635976,2082,-0.6813205376454268,-0.6313629700869787,-2.0675283921716985,0.0
808,-0.6588141347551038,0.5826277823611302,2081,-0.68384703802412,-0.6337812314860876,-2.0709290245014498,0.0
809,-0.6612186764995636,0.5841455097081756,2081,-0.686316789707099,-0.6361205632920282,-2.074329656831201,0.0
810,-0.6630423889986653,0.585323947005725,2081,-0.6881911343726905,-0.6378936436246401,-2.077730289160953,0.0
811,-0.6652152385262224,0.5863011876316868,2080,-0.6904120262849611,-0.6400184507674838,-2.081130921490704,0.0
812,-0.667480825827082,0.5872761596979483,2080,-0.6927195138322172,-0.6422421378219468,-2.0845315538204554,0.0
813,-0.6697843714219737,0.5880533545738361,2080,-0.6950564600320335,-0.6445122828119139,-2.0879321861502067,0.0
814,-0.6719034721158232,0.5893989663532179,2080,-0.69723338952638,-0.6465735547052665,-2.091332818479958,0.0
815,-0.6737714627645848,0.5904445181332947,2080,-0.6991463136442341,-0.6483966118849355,-2.0947334508097093,0.0
816,-0.6755405592747353,0.5917427413255413,2080,-0.7009712023904036,-0.6501099161590671,-2.0981340831394606,0.0
817,-0.6779286277428406,0.5933750128287001,2080,-0.7034294191022739,-0.6524278363834073,-2.101534715469212,0.0
818,-0.6802764032447861,0.5951548417737458,2080,-0.7058536842534325,-0.6546991222361397,-2.1053148281748775,0.0
819,-0.6830178156936059,0.5961472666603408,2079,-0.7086439078571998,-0.657391723530012,-2.1053148281748775,0.0
820,-0.684875842105366,0.5973740242064283,2079,-0.7105546678864678,-0.6591970163242642,-2.1053309530053506,0.0
821,-0.6877209160855149,0.5989359483726514,2078,-0.7134730771617862,-0.6619687550092436,-2.1053309530053506,0.0
822,-0.6899403591816982,0.6000621034985187,2077,-0.7157471512823247,-0.6641335670810716,-2.1053309530053506,0.0
823,-0.6926444230532598,0.6012247998314733,2076,-0.7185074458846874,-0.6667814002218322,-2.1053309530053506,0.0
824,-0.694867908193323,0.6023736323902676,2076,-0.7207803506140721,-0.6689554657725739,-2.1053309530053506,0.0
825,-0.6973791956771566,0.6040166382512294,2076,-0.7233623156516362,-0.6713960757026769,-2.108250756896574,0.0
826,-0.6995459118108898,0.6053672684921344,2076,-0.7255871321511014,-0.6735046914706782,-2.108250756896574,0.0
827,-0.7026319099476548,0.607054270117871,2075,-0.7287519921390181,-0.6765118277562915,-2.1115172015290207,0.0
828,-0.7046711399909618,0.6084838114214199,2075,-0.7308527318993021,-0.6784895480826214,-2.1165084445589253,0.0
829,-0.707205577958829,0.6097212413628559,2075,-0.7334404134952391,-0.6809707424224188,-2.12149968758883,0.0
830,-0.7093182318195534,0.610823761412208,2075,-0.7356005061365213,-0.6830359575025856,-2.1264909306187345,0.0
831,-0.7131279998734482,0.6124466610591978,2071,-0.739505540050431,-0.6867504596964654,-2.1314821736486387,0.0
832,-0.7160845420843341,0.6139647128548517,2069,-0.7425402408650531,-0.6896288433036152,-2.1364734166785433,0.0
833,-0.7185735924107262,0.6155654872816805,2068,-0.7451046808031324,-0.6920425040183199,-2.141464659708448,0.0
834,-0.7205407223746249,0.6168279879382595,2068,-0.7471262249881127,-0.693955219761137,-2.1464559027383525,0.0
835,-0.7230391387027243,0.6178019284013935,2068,-0.7496666184917528,-0.6964116589136958,-2.1514471457682567,0.0
836,-0.725195795356231,0.6187956503422752,2068,-0.7518661049094287,-0.6985254858030333,-2.1564383887981613,0.0
837,-0.7274165590745094,0.6200815066019438,2068,-0.7541422894834732,-0.7006908286655457,-2.161429631828066,0.0
838,-0.7301796184771775,0.6209879681948143,2066,-0.7569573694532624,-0.7034018675010926,-2.16642087485797,0.0
839,-0.7322442788440011,0.6220473711780187,2066,-0.7590677125558563,-0.705420845132146,-2.1714121178878747,0.0
840,-0.7343740957272775,0.6230853076115901,2066,-0.7612422865113638,-0.7075059049431912,-2.1764033609177793,0.0
841,-0.7368459647088752,0.6241552342653037,2066,-0.7637602920221106,-0.7099316373956398,-2.181394603947684,0.0
842,-0.7390256185174793,0.6253793301214251,2066,-0.7659927303220171,-0.7120585067129415,-2.186385846977588,0.0
843,-0.7417033363168545,0.6261476915376646,2064,-0.7687166591397482,-0.7146900134939608,-2.1913770900074927,0.0
844,-0.7439394916045018,0.6273513266241041,2063,-0.7710113006537423,-0.7168676825552612,-2.1963683330373973,0.0
845,-0.7462203519478599,0.6288759470338614,2063,-0.773357952254493,-0.7190827516412267,-2.201359576067302,0.0
846,-0.7480272642819422,0.6297696856828031,2063,-0.7752034316896833,-0.7208510968742011,-2.2097678899614888,0.0
847,-0.749908870018179,0.630770355156235,2063,-0.7771282188647032,-0.7226895211716547,-2.2113420621271107,0.0
848,-0.7521287349783898,0.6319070597355986,2062,-0.7794037468481265,-0.7248537231086531,-2.2136732875118232,0.0
849,-0.7549451294540886,0.6328031842288565,2061,-0.7822654462723769,-0.7276248126358004,-2.2160045128965358,0.0
850,-0.7573054946471025,0.6338492463142651,2060,-0.7846776149085563,-0.7299333743856488,-2.2183357382812487,0.0
851,-0.7592262532530769,0.6348623106442687,2060,-0.7866421216436555,-0.7318103848624983,-2.2206669636659613,0.0
852,-0.7617168039646565,0.635679650996685,2058,-0.7891813038670826,-0.7342523040622303,-2.222998189050674,0.0
853,-0.7644653164911114,0.6365750906647203,2056,-0.7919818775939123,-0.7369487553883105,-2.2253294144353863,0.0
854,-0.7679066295731007,0.6373862261894448,2053,-0.7954783756938373,-0.7403348834523642,-2.227660639820099,0.0
855,-0.7729427305290142,0.638016108916739,2045,-0.8005956544816328,-0.7452898065763955,-2.229991865204812,0.0
856,-0.7759726393754028,0.6390293708655105,2043,-0.803683033804449,-0.7482622449463566,-2.2323230905895244,0.0
857,-0.7797643506494235,0.6402205545524102,2039,-0.8075536163827407,-0.7519750849161063,-2.234654315974237,0.0
858,-0.7826597339468728,0.6413900108454478,2037,-0.8105134246480254,-0.7548060432457202,-2.2369855413589494,0.0
859,-0.7859729770102115,0.6426627620004761,2035,-0.8138956506783634,-0.7580503033420596,-2.239316766743662,0.0
860,-0.7902919938740176,0.6435641540622925,2030,-0.8182882461744522,-0.762295741573583,-2.241647992128375,0.0
861,-0.793136555626885,0.6444352042698869,2028,-0.821184520387445,-0.765088590866325,-2.244679391254369,0.0
862,-0.7976453353984082,0.6453626231321786,2022,-0.8257753077233934,-0.769515363073423,-2.251149626577993,0.0
863,-0.8011471267000396,0.646308410965059,2019,-0.8293392456858246,-0.7729550077142546,-2.2576198619016163,0.0
864,-0.8036722324525821,0.6475204228051537,2018,-0.8319242170644869,-0.7754202478406773,-2.2640900972252402,0.0
865,-0.8073762873685985,0.64891747499087,2015,-0.8357102956006146,-0.7790422791365823,-2.270560332548864,0.0
866,-0.8101194399673951,0.650081826013885,2014,-0.8385113338496788,-0.7817275460851114,-2.2770305678724876,0.0
867,-0.812352114336637,0.6518046706295346,2014,-0.8408192523182723,-0.7838849763550018,-2.2835008031961115,0.0
868,-0.814752574322808,0.6534085260645831,2013,-0.8432968469728048,-0.7862083016728112,-2.289971038519735,0.0
869,-0.8179519176042302,0.6545897801068912,2011,-0.8465620097518883,-0.7893418254565722,-2.296441273843359,0.0
870,-0.8221944524753028,0.6554146275978,2006,-0.850876274511813,-0.7935126304387925,-2.3029115091669827,0.0
871,-0.8262184871768631,0.656643818103609,2004,-0.8549684357888481,-0.7974685385648781,-2.309381744490606,0.0
872,-0.829531995735683,0.6580480951029182,2002,-0.8583578157801295,-0.8007061756912366,-2.31585197981423,0.0
873,-0.8319776885792998,0.6595818524184915,2002,-0.8608706949171184,-0.8030846822414811,-2.3183536974909877,0.0
874,-0.8346379174342689,0.6610614544951976,2001,-0.863602972726678,-0.8056728621418597,-2.320855415167746,0.0
875,-0.8413920908503756,0.6618511268950057,1991,-0.8704644820562752,-0.8123196996444759,-2.3233571328445035,0.0
876,-0.847263504986381,0.662210165670489,1982,-0.8764176352321902,-0.8181093747405719,-2.325858850521261,0.0
877,-0.8503163695984484,0.6630389488442882,1980,-0.8795217264488631,-0.8211110127480337,-2.328360568198019,0.0
878,-0.8534414936504232,0.6640333034576494,1977,-0.8827128332220904,-0.824170154078756,-2.330862285874777,0.0
879,-0.8556663512447135,0.6655812838508622,1977,-0.8850059275441231,-0.8263267749453038,-2.3333640035515346,0.0
880,-0.8578528336774703,0.6666416411092814,1977,-0.8872391517249473,-0.8284665156299934,-2.3358657212282923,0.0
881,-0.8599489854742957,0.6675093458911515,1976,-0.8893809974765938,-0.8305169734719975,-2.3383674389050504,0.0
882,-0.8623958008918982,0.6685492103581395,1976,-0.8918736628941425,-0.8329179388896538,-2.340869156581808,0.0
883,-0.8668168881135206,0.6693463745227893,1971,-0.8963673092517876,-0.8372664669752536,-2.3433708742585657,0.0
884,-0.8696641624667071,0.6705074160701785,1971,-0.8992658414708419,-0.8400624834625723,-2.3458725919353234,0.0
885,-0.8735756566346268,0.6713215590754813,1969,-0.903228326865424,-0.8439229864038296,-2.3483743096120815,0.0
886,-0.8767889845978382,0.673038937387651,1968,-0.9065250644646109,-0.8470529047310654,-2.350876027288839,0.0
887,-0.8792232506198233,0.6746137954660237,1968,-0.9090289105702968,-0.8494175906693499,-2.353377744965597,0.0
888,-0.8822922388725324,0.6757537653561279,1967,-0.9121558530229106,-0.8524286247221542,-2.355879462642355,0.0
889,-0.8854396242570256,0.6767076742281276,1966,-0.9153529993149472,-0.855526249199104,-2.3583811803191126,0.0
890,-0.8879717286631493,0.678015387993514,1966,-0.9179429102656428,-0.8580005470606559,-2.3608828979958703,0.0
891,-0.8906418111572032,0.6787734401515914,1964,-0.9206617753591273,-0.8606218469552791,-2.363384615672628,0.21787818014972807
892,-0.8932243338650104,0.6797663337354476,1963,-0.9232958672143302,-0.8631528005156907,-2.365886333349386,0.43575636029945614
893,-0.8960701322967204,0.681581918282799,1962,-0.926229666535283,-0.8659105980581577,-2.375834715539381,0.6536345404491842
894,-0.8981770587280998,0.682761698294713,1961,-0.9283964995904127,-0.867957617865787,-2.375834715539381,0.8715127205989123
895,-0.9006837495630468,0.6846121852393433,1961,-0.9309850940835898,-0.8703824050425037,-2.375834715539381,1.0893909007486404
896,-0.90342555062789,0.6861157573640754,1960,-0.9338011900731169,-0.8730499111826631,-2.375893204056417,1.3072690808983685
897,-0.9073243285249125,0.6872240166711903,1957,-0.9377723436770639,-0.8768763133727612,-2.378394921733175,1.5251472610480965
898,-0.9095580257967877,0.6890009298472565,1957,-0.9400847685224761,-0.8790312830710992,-2.3808966394099325,1.7430254411978245
899,-0.9126270134120396,0.6904092169979291,1955,-0.9432317940557274,-0.8820222327683517,-2.3833983570866906,1.9609036213475526
900,-0.9152652492019808,0.6919781123069632,1954,-0.9459474246735067,-0.884583073730455,-2.3859000747634482,2.178781801497281
901,-0.9182369237082042,0.6933567851631258,1952,-0.9489959748792133,-0.8874778725371951,-2.388401792440206,2.3966599816470087
902,-0.9223109105660457,0.6947840796212928,1948,-0.9531649090246509,-0.8914569121074406,-2.390903510116964,2.614538161796737
903,-0.9255423454148809,0.6965919106303974,1946,-0.9564925183626254,-0.8945921724671364,-2.3934052277937217,2.8324163419464647
904,-0.9285580590119766,0.6987567186145811,1945,-0.9596123962686658,-0.8975037217552875,-2.3959069454704793,3.050294522096193
905,-0.9317675786613662,0.7010665775764795,1944,-0.9629325839014784,-0.9006025734212539,-2.398408663147237,3.268172702245921
906,-0.9343288092172569,0.7031341969421004,1944,-0.9655857277940266,-0.9030718906404872,-2.4052986488565873,3.486050882395649
907,-0.9369538468017993,0.7048001969308747,1943,-0.9682928867363394,-0.9056148068672591,-2.4170322557465385,3.7039290625453773
908,-0.9396138700388803,0.7063818523400769,1940,-0.9710475147164235,-0.9081802253613371,-2.4287658626364896,3.921807242695105
909,-0.9418353649206578,0.708382303966578,1940,-0.9733580287107585,-0.9103127011305571,-2.440499469526441,4.139685422844833
910,-0.944658131410563,0.7100595230771033,1940,-0.9762554306253876,-0.9130608321957384,-2.452233076416392,4.357563602994562
911,-0.9471591346004435,0.7120201603131647,1940,-0.9788436812070517,-0.9154745879938354,-2.463966683306343,4.5754417831442895
912,-0.950658282798232,0.7137479756679371,1938,-0.9824361008800324,-0.9188804647164315,-2.4757002901962943,4.793319963294017
913,-0.9533886416789235,0.7155125361121348,1937,-0.9852532444009234,-0.9215240389569235,-2.4757002901962943,5.011198143443745
914,-0.9549898749505198,0.7177361304602735,1936,-0.9869617571255683,-0.9230179927754713,-2.4801724249179773,5.229076323593474
915,-0.9585390797074748,0.7192134513250784,1934,-0.9905933310382383,-0.9264848283767112,-2.4801724249179773,5.446954503743202
916,-0.9613634116918193,0.7213348660941281,1933,-0.9935205259605137,-0.9292062974231249,-2.4801724249179773,5.6648326838929295
917,-0.9633783823183479,0.7233104723779827,1931,-0.9956402635083357,-0.9311165011283602,-2.4801724249179773,5.882710864042658
918,-0.9665621202641697,0.7257231219523314,1930,-0.9989399978702284,-0.934184242658111,-2.4801724249179773,6.100589044192386
919,-0.9688110882882783,0.7275256592819983,1927,-1.001294641556097,-0.9363275350204596,-2.4801724249179773,6.318467224342114
920,-0.973217619379668,0.7295258523108757,1923,-1.005824339512743,-0.9406108992465928,-2.4801724249179773,6.536345404491842
921,-0.9755976058270677,0.7314883050632803,1922,-1.008300543507811,-0.9428946681463244,-2.4801724249179773,6.75422358464157
922,-0.9780564271248235,0.7335852500723689,1921,-1.0108616490046551,-0.9452512052449918,-2.4801724249179773,6.972101764791298
923,-0.9794975208421004,0.7357936619655285,1920,-1.0124100683922082,-0.9465849732919925,-2.4801724249179773,7.189979944941026
924,-0.9807191790941472,0.7379410809015541,1919,-1.0137363814935527,-0.9477019766947415,-2.4801724249179773,7.407858125090755
925,-0.9831118006116439,0.740479552070616,1919,-1.016242580122479,-0.9499810211008088,-2.4801724249179773,7.6257363052404825
926,-0.9857709010637982,0.7428161868671455,1918,-1.0190148899855966,-0.9525269121419997,-2.4801724249179773,7.84361448539021
927,-0.98829945566522,0.745442481404673,1917,-1.021669682108061,-0.954929229222379,-2.4829077597831843,8.061492665539939
928,-0.9913714022161615,0.7476180360025507,1915,-1.0248564908031061,-0.9578863136292168,-2.4871906815529363,8.279370845689666
929,-0.9935610598093494,0.7502007906846833,1915,-1.02716182747995,-0.9599602921387486,-2.4914736033226887,8.497249025839395
930,-0.9968734186937255,0.7525971493298238,1913,-1.0305991328894741,-0.9631477044979767,-2.4957565250924407,8.715127205989123
931,-0.998834034529359,0.7552574280371571,1913,-1.0326789623036396,-0.9649891067550783,-2.5000394468621927,8.93300538613885
932,-1.0014858416427115,0.758030161270685,1913,-1.0354550223571717,-0.9675166609282512,-2.504322368631945,9.150883566288579
933,-1.0054620470073283,0.7604168509430307,1911,-1.0395560080171884,-0.9713680859974684,-2.508605290401697,9.368761746438308
934,-1.0078513490970897,0.7632429575861194,1911,-1.0420720210939296,-0.9736306771002499,-2.512888212171449,9.586639926588035
935,-1.011302710039852,0.7661068463002373,1909,-1.045669775536395,-0.9769356445433087,-2.5171711339412015,9.804518106737763
936,-1.0137484930647498,0.7689012609555453,1909,-1.0482409142240798,-0.9792560719054197,-2.5214540557109535,10.02239628688749
937,-1.016838492987106,0.7713753512238091,1906,-1.0514691220358223,-0.9822078639383895,-2.5214540557109535,10.240274467037219
938,-1.0192955308234644,0.7743180642522479,1906,-1.0540582719537024,-0.9845327896932263,-2.5214540557109535,10.458152647186948
939,-1.0207645532607146,0.7767139198647124,1902,-1.0556715032249164,-0.9858576032965126,-2.5214540557109535,10.676030827336675
940,-1.0221406949498404,0.7797111320666458,1899,-1.0572100132401856,-0.9870713766594953,-2.5214540557109535,10.893909007486403
941,-1.022899838704839,0.7824222214073625,1896,-1.0581189247111535,-0.9876807526985242,-2.5214540557109535,11.111787187636132
942,-1.0241675669630557,0.7851371177893235,1893,-1.059536851410167,-0.9887982825159443,-2.5214540557109535,11.329665367785859
943,-1.0258981608109565,0.7879127048115192,1892,-1.061401860280507,-0.990394461341406,-2.5214540557109535,11.547543547935588
944,-1.0286955675486984,0.7906340230393227,1891,-1.064331309560865,-0.9930598255365316,-2.5214540557109535,11.765421728085316
945,-1.0308073004192573,0.7931279002307898,1889,-1.066574366734105,-0.9950402341044096,-2.5214540557109535,11.983299908235043
946,-1.032798470850505,0.795744833263793,1887,-1.0687025629043565,-0.9968943787966534,-2.5278603141672797,12.201178088384772
947,-1.0348720292237104,0.7984872182145418,1885,-1.0709189658195395,-0.9988250926278813,-2.5351498656383504,12.4190562685345
948,-1.0379168920602015,0.8013170970510622,1884,-1.0741011800388367,-1.0017326040815664,-2.542439417109421,12.636934448684228
949,-1.0382257107636539,0.8044400379052187,1879,-1.0745993168396328,-1.001852104687675,-2.7515409156715,12.854812628833956
950,-1.0398576917103601,0.8081974593152245,1875,-1.076440152532771,-1.0032752308879493,-3.131646959349704,13.072690808983683
951,-1.0423219747855992,0.8124294035026193,1874,-1.0791058017634336,-1.0055381478077647,-3.5117530030279083,13.290568989133412
952,-1.0451839972039094,0.8167970217313758,1872,-1.0821853237760732,-1.0081826706317456,-3.891859046706112,13.50844716928314
953,-1.048798834863521,0.8214758871753821,1869,-1.0860419706765927,-1.0115556990504495,-4.271965090384316,13.726325349432868
954,-1.0481974210982068,0.8256488568491192,1862,-1.0857000417538618,-1.0106948004425518,-4.6520711340625205,13.944203529582596
955,-1.0500419428001442,0.8306350820789177,1859,-1.0878014785604602,-1.0122824070398282,-5.088076231695874,14.162081709732325
956,-1.05212326661104,0.836283644344992,1858,-1.0901498073560836,-1.0140967258659965,-5.539881666310112,14.379959889882052
957,-1.0540504087552611,0.8419268242843165,1855,-1.092364493985565,-1.0157363235249572,-5.99168710092435,14.59783807003178
958,-1.0577754776827408,0.8479328538801094,1853,-1.0963837016919786,-1.019167253673503,-6.443492535538589,14.81571625018151
959,-1.0576525075540277,0.8540469377251789,1847,-1.0966022296589106,-1.0187027854491448,-6.895297970152827,15.033594430331236
960,-1.0608416427516907,0.8602854309887487,1843,-1.1001184314130916,-1.0215648540902897,-7.347103404767065,15.251472610480965
961,-1.0629879988409954,0.8644790813837151,1842,-1.1024669628102342,-1.0235090348717566,-7.312813439809948,15.469350790630692
962,-1.0630255681055272,0.8664440309265595,1836,-1.10265886923962,-1.0233922669714344,-7.142034820244678,15.68722897078042
963,-1.0639164620661787,0.8686956104859146,1834,-1.1036744165991983,-1.0241585075331592,-6.9712562006794085,15.90510715093015
964,-1.0655821252137385,0.8707877398898929,1829,-1.1054902686482473,-1.0256739817792297,-6.800477581114138,16.122985331079878
965,-1.0668935509783508,0.873144569294342,1823,-1.1069755058006496,-1.026811596156052,-6.629698961548868,16.340863511229607
966,-1.069857889606259,0.8754445542508836,1821,-1.110067488787267,-1.0296482904252509,-6.458920341983599,16.558741691379332
967,-1.0714306738621278,0.8778836624743759,1819,-1.1117744633149342,-1.0310868844093213,-6.288141722418329,16.77661987152906
968,-1.0734738469780594,0.8802662137499212,1816,-1.1139605285927714,-1.0329871653633473,-6.117363102853059,16.99449805167879
969,-1.0757822840032214,0.8823693359290795,1808,-1.1164553831518043,-1.0351091848546385,-5.946584483287789,17.212376231828518
970,-1.0776762092460586,0.8849075439090285,1805,-1.1185001914259176,-1.0368522270661995,-5.775805863722519,17.430254411978247
971,-1.079079441330218,0.8876045674837897,1804,-1.1200391947159565,-1.0381196879444796,-5.60502724415725,17.648132592127972
972,-1.080265904554765,0.8904693540080968,1802,-1.1213806547205594,-1.0391511543889704,-5.43424862459198,17.8660107722777
973,-1.0813795500835994,0.8929913055122624,1796,-1.1226795580712268,-1.040079542095972,-5.26347000502671,18.08388895242743
974,-1.0823637243703441,0.8955777131746281,1793,-1.1238179879075996,-1.0409094608330887,-5.09269138546144,18.301767132577158
975,-1.0839451635201225,0.8983498879209381,1792,-1.1255393454109497,-1.0423509816292953,-4.92191276589617,18.519645312726887
976,-1.0854263183400146,0.9012139508680832,1786,-1.1272231392263103,-1.0436294974537188,-4.7511341463309,18.737523492876615
977,-1.0863103181867033,0.9040159807820494,1783,-1.1282723498918816,-1.044348286481525,-4.580355526765631,18.95540167302634
978,-1.0890536111144025,0.9066155514391224,1777,-1.1312072937800204,-1.0468999284487845,-4.4095769072003606,19.17327985317607
979,-1.0922965809453797,0.9091869850713029,1771,-1.134641372657171,-1.0499517892335886,-4.238798287635091,19.391158033325798
980,-1.0916497342705882,0.912316747166897,1766,-1.1342004009452586,-1.0490990675959178,-4.068019668069821,19.609036213475527
981,-1.0949627053782711,0.9151940645616321,1763,-1.137683872615507,-1.0522415381410353,-3.897241048504551,19.826914393625255
982,-1.0960286274687527,0.918566916225067,1762,-1.138919404954739,-1.0531378499827664,-3.7264624289392816,20.04479257377498
983,-1.0961151814650671,0.9220738831240166,1758,-1.1392186636933657,-1.0530116992367686,-3.5556838093740115,20.26267075392471
984,-1.0983477795442353,0.925215143866497,1754,-1.141647392019618,-1.0550481670688527,-3.384905189808742,20.480548934074438
985,-1.1002502319243908,0.9287112862619478,1754,-1.1437134621398044,-1.056787001708977,-3.2141265702434723,20.698427114224167
986,-1.1020880847349017,0.9322110255174625,1754,-1.1457151010216233,-1.05846106844818,-3.0433479506782026,20.916305294373895
987,-1.0999914163664986,0.935828925523972,1747,-1.1438754039524555,-1.0561074287805416,-2.872569331112932,21.134183474523624
988,-1.1027950319633655,0.939198050078669,1743,-1.1468875153599134,-1.0587025485668176,-2.776362676286749,21.35206165467335
989,-1.1082262227342017,0.9423811693220016,1738,-1.1525317372914239,-1.0639207081769795,-2.782828249784306,21.569939834823078
990,-1.1090327179153596,0.9463540369231365,1734,-1.153576302549771,-1.0644891332809483,-2.789293823281863,21.787818014972807
991,-1.1112704395146846,0.9502701295921302,1732,-1.156024166229465,-1.0665167127999042,-2.79575939677942,22.005696195122535
992,-1.111966074081789,0.9543506407276772,1729,-1.1569509517849859,-1.066981196378592,-2.802224970276977,22.223574375272264
993,-1.1156880002829057,0.9581940420519283,1725,-1.160906379095162,-1.0704696214706495,-2.80949626027896,22.44145255542199
994,-1.1168984977198342,0.9624798889051626,1723,-1.1623454847417098,-1.0714515106979585,-2.829406471179528,22.659330735571718
995,-1.122257546921456,0.9662035266843458,1718,-1.1679467002280377,-1.0765683936148742,-2.849316682080096,22.877208915721447
996,-1.123541066193205,0.9704686306971214,1717,-1.1694452664643062,-1.0776368659221038,-2.869226892980664,23.095087095871175
997,-1.124824344072611,0.9748632557325301,1715,-1.170963294460818,-1.0786853936844039,-2.889137103881232,23.312965276020904
998,-1.1226960520723468,0.978433837175503,1708,-1.1690987895120453,-1.0762933146326483,-2.889137103881232,23.530843456170633
999,-1.1231103702171963,0.9826834391287745,1705,-1.1697556300669072,-1.0764651103674854,-2.889137103881232,23.748721636320358
1000,-1.1391102069837098,0.7774110518050873,1702,-1.1760442630251116,-1.102176150942308,-2.889137103881232,0.0
1001,-1.1405276677709215,0.7786181992919111,1700,-1.1775408274903874,-1.1035145080514557,-2.889137103881232,0.0
1002,-1.1404545612891466,0.7789032240256147,1694,-1.1775467849478782,-1.103362337630415,-2.889137103881232,0.0
1003,-1.1428234241250166,0.7799188701002798,1692,-1.1799859581813834,-1.1056608900686498,-2.889137103881232,0.0
1004,-1.1451654557931592,0.781208750430164,1692,-1.1823894516547542,-1.1079414599315642,-2.889137103881232,0.0
1005,-1.1459657595330899,0.7823088771535139,1689,-1.1832752660645016,-1.1086562530016781,-2.889137103881232,0.0
1006,-1.1479732547164783,0.7836470719865201,1688,-1.1853576504648624,-1.1105888589680941,-2.889137103881232,0.0
1007,-1.1502943980167983,0.7848923116156407,1688,-1.1877381987355584,-1.1128505972980383,-2.889137103881232,0.0
1008,-1.1528599865582292,0.7861793136619564,1688,-1.1903651845507728,-1.1153547885656856,-2.889137103881232,0.0
1009,-1.15496275716398,0.7870605113308897,1685,-1.1925434032422224,-1.1173821110857376,-2.889137103881232,0.0
1010,-1.1573559499344306,0.7879068192056502,1682,-1.195010540948732,-1.1197013589201292,-2.889137103881232,0.0
1011,-1.1607381086438544,0.7887496630236446,1681,-1.1984441900957163,-1.1230320271919925,-2.889137103881232,0.0
1012,-1.1655086863574633,0.7889217979984984,1677,-1.2032679482189583,-1.1277494244959683,-2.889137103881232,0.0
1013,-1.1686700291141572,0.7898097234996787,1676,-1.2064830644314508,-1.1308569937968636,-2.889137103881232,0.0
1014,-1.169546032026262,0.7901424885868331,1671,-1.2074315528750343,-1.1316605111774898,-2.889137103881232,0.0
1015,-1.1706894323807484,0.7912332684836805,1669,-1.2086499776887336,-1.1327288870727632,-2.889137103881232,0.0
1016,-1.1730981654537238,0.7921550939839387,1667,-1.2111257281247547,-1.135070602782693,-2.889137103881232,0.0
1017,-1.1739680513010033,0.7931086177955782,1665,-1.212064248078182,-1.1358718545238247,-2.889137103881232,0.0
1018,-1.1765413911315823,0.7942132838326078,1663,-1.214713582591473,-1.1383691996716916,-2.889137103881232,0.0
1019,-1.1778007072374457,0.7949243215809637,1659,-1.2160531050145331,-1.1395483094603582,-2.889137103881232,0.0
1020,-1.1809563656188573,0.7957615889884172,1658,-1.2192605994915406,-1.142652131746174,-2.889137103881232,0.0
1021,-1.182823867643097,0.79675515378594,1657,-1.2211874980633926,-1.1444602372228017,-2.892386808282096,0.0
1022,-1.1852665121540737,0.7980045886270941,1657,-1.223690302657743,-1.1468427216504045,-2.8986209227752404,0.0
1023,-1.1868951449507061,0.7990903116883475,1655,-1.2253944542022586,-1.1483958356991537,-2.904855037268385,0.0
1024,-1.1888756942716683,0.8003950082384813,1654,-1.227449517879709,-1.1503018706636277,-2.911089151761529,0.0
1025,-1.1932468085941532,0.801088240525223,1652,-1.231877404407683,-1.1546162127806234,-2.9173232662546735,0.0
1026,-1.1944231135121104,0.8007912144621996,1644,-1.2331332287842491,-1.1557129982399716,-2.923557380747818,0.0
1027,-1.1975419245307064,0.8018511709239187,1643,-1.236315072037021,-1.1587687770243917,-2.9297914952409627,0.0
1028,-1.1986013039353491,0.8018373331369489,1636,-1.2374566422388278,-1.1597459656318705,-2.936025609734107,0.0
1029,-1.2002089341116744,0.8028794678808039,1635,-1.239126668047948,-1.1612912001754008,-2.9422597242272515,0.0
1030,-1.2035270004446066,0.8036062825229472,1632,-1.2425157509664817,-1.1645382499227315,-2.948493838720396,0.0
1031,-1.2022575232429566,0.8040850565883328,1623,-1.241377519318378,-1.1631375271675353,-2.95472795321354,0.0
1032,-1.2010931784819876,0.804857299332033,1617,-1.2403233266550227,-1.1618630303089525,-2.9609620677066846,0.0
1033,-1.201849513906501,0.805958012339644,1614,-1.2411698049080877,-1.1625292229049144,-2.967196182199829,0.0
1034,-1.2040394029140211,0.8067137525029873,1609,-1.2434576683804228,-1.1646211374476194,-2.974857414843775,0.0
1035,-1.2069961392709116,0.8076797621313522,1608,-1.2464738763331613,-1.167518402208662,-2.983834566737075,0.0
1036,-1.20641047448255,0.8081795188243255,1601,-1.245998901453938,-1.1668220475111617,-2.992811718630375,0.0
1037,-1.2082654428806798,0.8094109478247405,1600,-1.2479265793240921,-1.1686043064372675,-3.001788870523675,0.0
1038,-1.2105321365910773,0.8108231036800833,1599,-1.2502748902230822,-1.1707893829590723,-3.0107660224169748,0.0
1039,-1.2132384162685708,0.8118807308083202,1596,-1.2530703932070428,-1.1734064393300987,-3.0197431743102747,0.0
1040,-1.2170704546298072,0.8133000252708655,1594,-1.2569970886222552,-1.1771438206373592,-3.0287203262035747,0.0
1041,-1.2245336291274251,0.8133345703319271,1589,-1.2645247295727189,-1.1845425286821314,-3.0376974780968746,0.0
1042,-1.2275851432542657,0.8140230602729811,1582,-1.2676985493183324,-1.187471737190199,-3.0466746299901746,0.0
1043,-1.2344841196715715,0.8142792541816176,1576,-1.274686459929754,-1.1942817794133889,-3.0556517818834745,0.0
1044,-1.2366518018038126,0.8154969377926765,1573,-1.276952636820756,-1.1963509667868693,-3.0646289337767745,0.0
1045,-1.2389123875367936,0.8168011618375092,1569,-1.2793290964389723,-1.1984956786346148,-3.070164916269522,0.0
1046,-1.24080585750493,0.8185870542846988,1565,-1.2813626660430932,-1.200249048966767,-3.070179155981855,0.0
1047,-1.2434044218470335,0.8192615863410022,1558,-1.284085732534835,-1.202723111159232,-3.090294939548591,0.0
1048,-1.246434466943725,0.8191511392160888,1553,-1.287175720079127,-1.2056932138083232,-3.1104107231153266,0.0
1049,-1.250409917300005,0.8196381403542838,1549,-1.2912279925297854,-1.2095918420702245,-3.1305265066820627,0.0
1050,-1.2524420464924961,0.820935303110425,1546,-1.2933643675975002,-1.211519725387492,-3.137687416388267,0.0
1051,-1.254738789678768,0.8224351346502746,1546,-1.2957358750041006,-1.2137417043534355,-3.1448483260944715,0.0
1052,-1.2577488334915763,0.8235327210030612,1545,-1.298813914976046,-1.2166837520071065,-3.152009235800676,0.0
1053,-1.2617897050088336,0.8242006983630862,1543,-1.3029147216316452,-1.220664688386022,-3.1591701455068804,0.0
1054,-1.2675061981598046,0.8242347364780859,1539,-1.3086863245179634,-1.2263260718016458,-3.1663310552130843,0.0
1055,-1.270991646560438,0.8250633789542073,1535,-1.3122668471485237,-1.2297164459723524,-3.1734919649192888,0.0
1056,-1.2780555144117736,0.8245073182402317,1530,-1.3193702398261682,-1.236740788997379,-3.180652874625493,0.0
1057,-1.2847770006738488,0.8240505383579732,1525,-1.326136473730493,-1.2434175276172046,-3.1878137843316976,0.0
1058,-1.2865073086035497,0.8254703268004875,1524,-1.3279516320219542,-1.2450629851851451,-3.194974694037902,0.0
1059,-1.2897968091168224,0.8262603013572803,1519,-1.3313490137906647,-1.24824460444298,-3.2021356037441064,0.0
1060,-1.292695502971667,0.8267496337925125,1515,-1.3343271666220244,-1.2510638393213094,-3.209296513450311,0.0
1061,-1.294949319237973,0.828280028321668,1514,-1.3366718192493834,-1.2532268192265628,-3.2164574231565153,0.0
1062,-1.2968439828489478,0.8296654414010631,1513,-1.3386500783059645,-1.255037887391931,-3.2236183328627197,0.0
1063,-1.2979636313241012,0.83075131144124,1507,-1.3399076927517894,-1.256019569896413,-3.230779242568924,0.0
1064,-1.3011168472299834,0.8313280482349292,1504,-1.343131868396441,-1.2591018260635258,-3.237940152275128,0.0
1065,-1.3021340250979838,0.832398145372923,1499,-1.3442732321269,-1.2599948180690677,-3.2451010619813325,0.0
1066,-1.3078224948358252,0.8311785071665028,1490,-1.3500268473397878,-1.2656181423318626,-3.252261971687537,0.0
1067,-1.3125256423551188,0.8307682485311386,1484,-1.3547943539905012,-1.2702569307197364,-3.2594228813937414,0.0
1068,-1.3174887124771144,0.8306737637125879,1481,-1.3597954012726963,-1.2751820236815326,-3.266583791099946,0.0
1069,-1.3219006639093007,0.8305856547233572,1477,-1.3642601077816536,-1.2795412200369478,-3.27374470080615,0.0
1070,-1.3250877784112827,0.8312694229672076,1476,-1.3674964529010174,-1.282679103921548,-3.2809056105123546,0.0
1071,-1.3295277539260981,0.8312223148083209,1472,-1.3719916032373367,-1.2870639046148595,-3.288066520218559,0.0
1072,-1.3325818531445823,0.8316757113060164,1468,-1.3751267095184314,-1.2900369967707332,-3.2952274299247635,0.0
1073,-1.3343945580011436,0.832951804047544,1467,-1.377019214051772,-1.291769901950515,-3.3023883396309675,0.0
1074,-1.336405495757215,0.8337832759634957,1464,-1.3791163947593192,-1.2936945967551106,-3.309549249337172,0.0
1075,-1.3395030038179714,0.834110234494123,1459,-1.3823038027161043,-1.2967022049198385,-3.3167101590433763,0.0
1076,-1.3426319781721887,0.8344338031707258,1454,-1.3855229372240037,-1.2997410191203738,-3.3238710687495807,0.0
1077,-1.3447343045163485,0.8359327937889813,1453,-1.387717097013002,-1.301751512019695,-3.331031978455785,0.0
1078,-1.3446549476837024,0.8368338316909476,1449,-1.3877434211522093,-1.3015664742151956,-3.3381928881619896,0.0
1079,-1.3457739640728577,0.8379968756827845,1448,-1.3889372192603382,-1.302610708885377,-3.345353797868194,0.0
1080,-1.3448342242714741,0.8385228790760355,1441,-1.3881293492623148,-1.3015390992806335,-3.3525147075743984,0.0
1081,-1.347180050080868,0.8391735696190734,1438,-1.3905539452333562,-1.3038061549283797,-3.359675617280603,0.0
1082,-1.3488006935722119,0.8401860399217619,1437,-1.3922420271133535,-1.3053593600310702,-3.3668365269868072,0.0
1083,-1.3514053292591477,0.8411214067139872,1436,-1.3949101654161327,-1.3079004931021627,-3.373997436693011,0.0
1084,-1.3568025458036657,0.8407671369505919,1433,-1.400334554198368,-1.3132705374089633,-3.3811583463992156,0.0
1085,-1.3597821176793903,0.8412345548063351,1431,-1.4033687543258608,-1.3161954810329197,-3.38831925610542,0.0
1086,-1.3628934842452123,0.8406498038273439,1426,-1.4065261175865569,-1.3192608509038677,-3.3954801658116245,0.0
1087,-1.3643187779528718,0.8416120563785772,1424,-1.408032020734777,-1.3206055351709667,-3.402641075517829,0.0
1088,-1.3687771751081583,0.8418011678357723,1422,-1.4125309771002514,-1.3250233731160652,-3.4098019852240333,0.0
1089,-1.3727116364447118,0.8423078906710544,1421,-1.4165071780547729,-1.3289160948346508,-3.4169628949302377,0.0
1090,-1.3762686834655755,0.8428128435482481,1419,-1.4201213512403772,-1.3324160156907738,-3.424123804636442,0.0
1091,-1.3798210364284689,0.8428425667587573,1414,-1.4237527180588545,-1.3358893547980832,-3.4312847143426466,0.0
1092,-1.383215822323145,0.8434857386314388,1412,-1.4272121539658789,-1.3392194906804111,-3.4384456240488506,0.0
1093,-1.3874622933832923,0.8440495293019594,1411,-1.4315036305611655,-1.3434209562054191,-3.445606533755055,0.0
1094,-1.3902160552818252,0.8434096576547634,1404,-1.4343335748664936,-1.3460985356971569,-3.4527674434612594,0.0
1095,-1.395415009580864,0.8418700468754203,1399,-1.4395306178840905,-1.3512994012776374,-3.459928353167464,0.0
1096,-1.3970554194903742,0.8429488645010627,1398,-1.4412433554197073,-1.352867483561041,-3.4670892628736683,0.0
1097,-1.399505861325607,0.8442119306735066,1398,-1.4437600080174822,-1.355251714633732,-3.4742501725798727,0.0
1098,-1.4029786820462242,0.8441243904258029,1392,-1.4473235027031772,-1.3586338613892712,-3.481411082286077,0.0
1099,-1.4058898657423644,0.8447870385577224,1391,-1.4502854471881255,-1.3614942842966034,-3.4885719919922815,0.0
1100,-1.4058963085831067,0.8459858733934135,1388,-1.4504029117554444,-1.3613897054107689,-3.495732901698486,0.0
1101,-1.4094696946093987,0.846171155440781,1385,-1.4540342318884496,-1.364905157330348,-3.5028938114046904,0.0
1102,-1.4131932004887449,0.8461425866867475,1382,-1.45780457492287,-1.3685818260546196,-3.5100547211108943,0.0
1103,-1.4191418468054289,0.8451765781964208,1378,-1.4637669173648369,-1.3745167762460209,-3.5172156308170988,0.0
1104,-1.4210320276157993,0.845111708682784,1376,-1.46568608983064,-1.3763779654009585,-3.524376540523303,0.0
1105,-1.4223491391176735,0.8445137415833509,1373,-1.4670203292748647,-1.3776779489604822,-3.5315374502295076,0.0
1106,-1.4265152530509237,0.8447447077997545,1371,-1.4712312402986198,-1.3817992658032276,-3.538698359935712,0.0
1107,-1.428788217046357,0.8448505187412357,1366,-1.4735915782730236,-1.3839848558196906,-3.5458592696419164,0.0
1108,-1.4322205072608623,0.8442819580768262,1363,-1.477042963525924,-1.3873980509958006,-3.553020179348121,0.0
1109,-1.4361702840086445,0.8448231073478006,1362,-1.4810379317572067,-1.3913026362600824,-3.5601810890543253,0.0
1110,-1.4403063837330852,0.8449611317141886,1359,-1.4852308653835677,-1.3953819020826026,-3.5673419987605297,0.0
1111,-1.4456791603191332,0.844046307815728,1355,-1.490621191653014,-1.4007371289852524,-3.5745029084667337,0.0
1112,-1.4495722772850512,0.8430310296979213,1352,-1.4945100233383648,-1.4046345312317376,-3.581663818172938,0.0
1113,-1.4509568221784328,0.8420984803621114,1349,-1.495894743564304,-1.4060189007925616,-3.5888247278791425,0.0
1114,-1.4552871569408468,0.8407323666673601,1345,-1.5002188410030082,-1.4103554728786853,-3.595985637585347,0.0
1115,-1.457762040891901,0.8418954794258754,1345,-1.5027558857760628,-1.4127681960077392,-3.6031465472915514,0.0
1116,-1.4603938175303315,0.8429179403523139,1345,-1.505442306309666,-1.415345328750997,-3.610307456997756,0.0
1117,-1.4644171545548836,0.8431768494144166,1344,-1.5094962414827697,-1.4193380676269975,-3.61746836670396,0.0
1118,-1.4673391391317927,0.8433805444337762,1342,-1.5124627028643534,-1.422215575399232,-3.6246292764101646,0.0
1119,-1.4674213143327037,0.8395650374848258,1336,-1.5124414901777294,-1.422401138487678,-3.631790186116369,0.0
1120,-1.4712267866806055,0.8399498916024338,1334,-1.516301350722681,-1.42615222263853,-3.6389510958225735,0.0
1121,-1.4739030410892917,0.8366058977069879,1327,-1.5189164114458338,-1.4288896707327496,-3.646112005528778,0.0
1122,-1.4759409021044185,0.8362964565657307,1324,-1.5209885723715126,-1.4308932318373244,-3.653272915234982,0.0
1123,-1.4775077235137208,0.8373686449724217,1322,-1.5226472541153,-1.4323681929121417,-3.6604338249411863,0.0
1124,-1.4823539793028746,0.8371068503078568,1320,-1.5275135704795468,-1.4371943881262024,-3.6675947346473907,0.0
1125,-1.4851661493052275,0.8373364647543802,1318,-1.5303723876765165,-1.4399599109339385,-3.674755644353595,0.0
1126,-1.4866803541204048,0.83833935918442,1317,-1.5319579167731012,-1.4414027914677083,-3.6819165540597996,0.0
1127,-1.488663770489812,0.8393424483890886,1317,-1.533995508619078,-1.443332032360546,-3.689077463766004,0.0
1128,-1.4912209096503921,0.8402599172857782,1317,-1.5366021990204493,-1.445839620280335,-3.6962383734722084,0.0
1129,-1.4958788629269577,0.8399107235157557,1315,-1.5412757758568614,-1.450481949997054,-3.7033992831784124,0.0
1130,-1.4981892211702974,0.840963259933375,1315,-1.5436430233656533,-1.4527354189749415,-3.710560192884617,0.0
1131,-1.5014131624325577,0.8413772826850044,1314,-1.5469066436200671,-1.4559196812450483,-3.7177211025908212,0.0
1132,-1.503678252126451,0.8425080509665147,1314,-1.5492328742392039,-1.458123630013698,-3.7248820122970256,0.0
1133,-1.5036775074706805,0.8401723213424431,1309,-1.5491925149161898,-1.4581625000251712,-3.73204292200323,0.0
1134,-1.5076661455298213,0.8405220056865179,1308,-1.5532174991909584,-1.462114791868684,-3.7392038317094345,0.0
1135,-1.5126884689172688,0.8408946920281042,1307,-1.5582774503009231,-1.4670994875336145,-3.746364741415639,0.0
1136,-1.5183915095215876,0.8406393050158298,1305,-1.5640015552413042,-1.472781463801871,-3.7535256511218433,0.0
1137,-1.5241358773645797,0.840563832054559,1303,-1.5697768155038136,-1.4784949392253457,-3.7606865608280478,0.0
1138,-1.5269341191739811,0.8406069880730709,1301,-1.5726124703554285,-1.4812557679925338,-3.767847470534252,0.0
1139,-1.5300621435508601,0.8403203457853882,1299,-1.5757600574014181,-1.4843642297003021,-3.7750083802404566,0.0
1140,-1.5353252366288253,0.839771561168423,1297,-1.5810285037036054,-1.4896219695540451,-3.782169289946661,0.0
1141,-1.5379941421817203,0.8409679236467826,1297,-1.583762519432166,-1.4922257649312745,-3.789330199652865,0.0
1142,-1.542153678674144,0.8413129086508191,1296,-1.5879584925895776,-1.4963488647587107,-3.7964911093590694,0.0
1143,-1.5461235830102638,0.8417234006114204,1295,-1.5919684364032494,-1.5002787296172782,-3.803652019065274,0.0
1144,-1.5487406144810125,0.8429250395487774,1295,-1.5946509156931683,-1.5028303132688567,-3.8108129287714783,0.0
1145,-1.5552409146072588,0.8403030913699785,1290,-1.601097021118704,-1.5093848080958137,-3.8179738384776827,0.0
1146,-1.5650191493880572,0.835100357562289,1282,-1.6107333077466248,-1.5193049910294896,-3.825134748183887,0.0
1147,-1.5700802592661796,0.8346067825797571,1280,-1.6158030780242822,-1.5243574405080769,-3.8322956578900915,0.0
1148,-1.5726068792650136,0.8357434593921612,1280,-1.6183919693453306,-1.5268217891846967,-3.8394565675962955,0.0
1149,-1.5773771751330614,0.835226535087542,1278,-1.623169735628808,-1.5315846146373149,-3.8466174773025,0.0
1150,-1.5792129697801245,0.8363917056977571,1278,-1.6250694125202856,-1.5333565270399634,-3.8537783870087043,0.0
1151,-1.5822721196849523,0.8367013521476335,1277,-1.6281634971475742,-1.5363807422223303,-3.8609392967149088,0.0
1152,-1.5843444687593171,0.8378452635881444,1277,-1.630298587451609,-1.5383903500670253,-3.868100206421113,0.0
1153,-1.587748957792077,0.8381557312964768,1276,-1.6337381152549042,-1.5417598003292496,-3.8752611161273176,0.0
1154,-1.590002301974873,0.8392101471195185,1276,-1.63604931467093,-1.543955289278816,-3.882422025833522,0.0
1155,-1.5966627608748118,0.8374440878234538,1273,-1.6426669828628737,-1.55065853888675,-3.8895829355397264,0.0
1156,-1.6019007747731504,0.8366684537290145,1271,-1.6478985355727287,-1.5559030139735721,-3.896743845245931,0.0
1157,-1.6056086603344304,0.8367398077798568,1270,-1.651628451321404,-1.5595888693474569,-3.9039047549521353,0.0
1158,-1.6092642601125489,0.8369792191963613,1269,-1.6553153523920283,-1.5632131678330694,-3.9110656646583397,0.0
1159,-1.611724293785534,0.8379999976672059,1269,-1.6578315499009602,-1.565617037670108,-3.918226574364544,0.0
1160,-1.61576420946982,0.838059402246862,1268,-1.6618929128604685,-1.5696355060791713,-3.925387484070748,0.0
1161,-1.6233531141497357,0.8354669683698815,1264,-1.6694118292588143,-1.5772943990406572,-3.9325483937769525,0.0
1162,-1.6263115305620837,0.8363694363092755,1264,-1.672419998103382,-1.5802030630207853,-3.939709303483157,0.0
1163,-1.6306290883625028,0.8362045012463745,1263,-1.6767467094874977,-1.5845114672375078,-3.9468702131893614,0.0
1164,-1.6326262729867742,0.8374869508275251,1263,-1.6788146226522245,-1.586437923321324,-3.954031122895566,0.0
1165,-1.6347453189606,0.8387102973276478,1263,-1.681001137564944,-1.588489500356256,-3.96119203260177,0.0
1166,-1.6368830036871416,0.8398500415554717,1263,-1.6832016804707943,-1.5905643269034888,-3.9683529423079746,0.0
1167,-1.6400236339821288,0.8409583255672167,1263,-1.6864034338787,-1.5936438340855577,-3.9755138520141786,0.0
1168,-1.6423232830451848,0.8421038481344615,1263,-1.6887662598029993,-1.5958803062873703,-3.982674761720383,0.0
1169,-1.644175056505176,0.8429034894001548,1262,-1.6906805487514904,-1.5976695642588616,-3.9898356714265875,0.0
1170,-1.6469300204755946,0.843977004589222,1262,-1.6934947417474489,-1.6003652992037403,-3.996996581132792,0.0
1171,-1.6509460863925476,0.8431727116443072,1259,-1.6975218248052197,-1.6043703479798754,-4.004157490838996,0.0
1172,-1.6561105779678933,0.8423992884145131,1257,-1.7026805979026662,-1.6095405580331203,-4.011318400545201,0.0
1173,-1.6581393931280033,0.8436886544351685,1257,-1.7047806925642084,-1.6114980936917982,-4.018479310251405,0.0
1174,-1.660237110434597,0.8449608867409327,1257,-1.706948742175988,-1.613525478693206,-4.02564021995761,0.0
1175,-1.6665134098369037,0.8432783026144571,1254,-1.7131877545397054,-1.619839065134102,-4.032801129663814,0.0
1176,-1.668664891247906,0.8446400105383199,1254,-1.7154146046929437,-1.6219151778028684,-4.039962039370018,0.0
1177,-1.6714108763599806,0.8458988956039379,1254,-1.7182302674373156,-1.6245914852826457,-4.047122949076223,0.0
1178,-1.6750945157827726,0.8461125550471813,1252,-1.7219631228282657,-1.6282259087372795,-4.054283858782427,0.0
1179,-1.6780606916862262,0.8473224412767772,1252,-1.7249963178084677,-1.6311250655639846,-4.061444768488632,0.0
1180,-1.6813104098276481,0.8485299806791919,1252,-1.7283129250291336,-1.6343078946261627,-4.068605678194836,0.0
1181,-1.6850662463593487,0.8486432115283483,1250,-1.7321126257422312,-1.638019866976466,-4.07576658790104,0.0
1182,-1.6906454766936776,0.8479120956931245,1248,-1.7376889749470878,-1.6436019784402673,-4.082927497607244,0.0
1183,-1.6955014405649609,0.8480314479037343,1247,-1.7425704222111504,-1.6484324589187713,-4.0900884073134485,0.0
1184,-1.6968498007189412,0.8491704371177208,1245,-1.7440198426103373,-1.6496797588275451,-4.097249317019653,0.0
1185,-1.7010766075789023,0.8494684874718836,1244,-1.7482821675491294,-1.6538710476086753,-4.104410226725857,0.0
1186,-1.7018573316396912,0.8507682941205996,1241,-1.7491922330755534,-1.654522430203829,-4.111571136432062,0.0
1187,-1.7107857236318371,0.8491023598374611,1239,-1.758066050032975,-1.6635053972306992,-4.118732046138266,0.0
1188,-1.716212662946586,0.8483353540405185,1237,-1.7634884521992977,-1.6689368736938741,-4.125892955844471,0.0
1189,-1.7175781097389768,0.8484170527062334,1236,-1.764877574356456,-1.6702786451214977,-4.133053865550675,0.0
1190,-1.720314541003706,0.8497661819299822,1236,-1.7676892199155934,-1.6729398620918186,-4.140214775256879,0.0
1191,-1.7276513485210778,0.8478629160806229,1233,-1.7749773892908507,-1.680325307751305,-4.147375684963084,0.0
1192,-1.7350009183988888,0.8458937656785943,1230,-1.7822745906401645,-1.6877272461576132,-4.154536594669288,0.0
1193,-1.7414848212247878,0.8417129323043482,1225,-1.7886207454338312,-1.6943488970157443,-4.161697504375493,0.0
1194,-1.7453380027251348,0.8420286295961622,1224,-1.7925108641427092,-1.6981651413075605,-4.168858414081697,0.0
1195,-1.750738597104589,0.8411200324596045,1222,-1.7978991018781987,-1.7035780923309793,-4.1760193237879015,0.0
1196,-1.7573892027811422,0.8390600101729286,1219,-1.804492058880826,-1.7102863466814584,-4.183180233494106,0.0
1197,-1.760161682310753,0.8380187198177288,1217,-1.8072447229894713,-1.713078641632035,-4.19034114320031,0.0
1198,-1.768802362132176,0.8345986246584837,1213,-1.8157704992911294,-1.7218342249732226,-4.197502052906515,0.0
1199,-1.7730847407591857,0.8346021524817535,1212,-1.8200724488320226,-1.7260970326863487,-4.204662962612719,0.0
1200,-1.7760500686979555,0.8357312391287488,1212,-1.8231013438171992,-1.7289987935787117,-4.211823872318924,0.0
1201,-1.7776871460959127,0.8354360849608736,1211,-1.8247412199268835,-1.730633072264942,-4.218984782025128,0.0
1202,-1.7820926413381881,0.8351841656477205,1210,-1.8291519603303894,-1.7350333223459868,-4.2261456917313325,0.0
1203,-1.7856666590163066,0.8358177913740152,1210,-1.832761680307955,-1.7385716377246583,-4.233306601437537,0.0
1204,-1.7900520389249293,0.8355721876826806,1209,-1.8371526885228828,-1.7429513893269757,-4.24046751114374,0.0
1205,-1.7912490364655966,0.8354247122244344,1208,-1.8383608607987507,-1.7441372121324425,-4.247628420849945,0.0
1206,-1.794643106712073,0.8363264828498543,1208,-1.8418057842922904,-1.7474804291318555,-4.254789330556149,0.0
1207,-1.801175344904106,0.8347178828069486,1206,-1.848286324554809,-1.754064365253403,-4.261950240262354,0.0
1208,-1.8037357047566427,0.8345161240894756,1205,-1.8508548366120348,-1.7566165729012506,-4.269111149968558,0.0
1209,-1.8076089960447048,0.8333727939046253,1203,-1.854702670373631,-1.7605153217157787,-4.2762720596747625,0.0
1210,-1.8113465277900285,0.8318522860642477,1201,-1.8583934028535976,-1.7642996527264594,-4.283432969380967,0.0
1211,-1.8144731668285177,0.8330530591602393,1201,-1.8615879537350584,-1.767358379921977,-4.290593879087171,0.0
1212,-1.8187330782780995,0.8331005272595732,1200,-1.8658701780182823,-1.7715959785379167,-4.297754788793376,0.0
1213,-1.8218201377997754,0.8319156976334453,1198,-1.8689294736439301,-1.7747108019556206,-4.30491569849958,0.0
1214,-1.8235327131770611,0.8321247385959857,1197,-1.8706735654163775,-1.7763918609377447,-4.312076608205785,0.0
1215,-1.8261076094151445,0.8335018623942155,1197,-1.8733264773490756,-1.7788887414812133,-4.319237517911989,0.0
1216,-1.8309261757173576,0.8333252873261848,1196,-1.878154772488245,-1.7836975789464702,-4.3263984276181935,0.0
1217,-1.8332686891799552,0.8347641719787213,1196,-1.8805788345418766,-1.7859585438180339,-4.333559337324398,0.0
1218,-1.8361637431406175,0.8360559563376877,1196,-1.8835471002045387,-1.7887803860766962,-4.340720247030601,0.0
1219,-1.841928497046084,0.8346978943829175,1194,-1.889274489648238,-1.79458250444393,-4.347881156736806,0.0
1220,-1.8477868427080004,0.8333125165389557,1192,-1.895093890727522,-1.8004797946884787,-4.35504206644301,0.0
1221,-1.850646930832111,0.8325398423158067,1190,-1.8979498145190443,-1.8033440471451776,-4.362202976149215,0.0
1222,-1.8544268537575135,0.8326492410051939,1189,-1.901755843520876,-1.807097863994151,-4.369363885855419,0.0
1223,-1.8570701312971982,0.834055167797421,1189,-1.9044790359772872,-1.8096612266171093,-4.3765247955616235,0.0
1224,-1.860135865047631,0.8353524829187405,1189,-1.9076185109996422,-1.8126532190956197,-4.383685705267828,0.0
1225,-1.8579872336688206,0.8321593608452162,1186,-1.9053481645314339,-1.8106263028062073,-4.390846614974032,0.0
1226,-1.8631603698781543,0.8300192921768464,1183,-1.9104593619193868,-1.8158613778369217,-4.398007524680237,0.0
1227,-1.8643185652613856,0.8303245052108521,1182,-1.9116549611529579,-1.8169821693698134,-4.405168434386441,0.0
1228,-1.8660141048213803,0.8305210677786725,1181,-1.9133817479631101,-1.8186464616796505,-4.412329344092646,0.0
1229,-1.8638707989941548,0.8243637723104854,1178,-1.9109470992393223,-1.8167944987489872,-4.385915535171333,0.0
1230,-1.8598933623799252,0.817668587022576,1171,-1.906726681452787,-1.8130600433070634,-4.393084255041235,0.0
1231,-1.853886233453758,0.8089629788513166,1166,-1.9003201635550653,-1.8074523033524508,-4.400252974911137,0.0
1232,-1.854267600872829,0.8032458821201334,1163,-1.9004328009162712,-1.8081024008293867,-4.31156152294317,0.0
1233,-1.8548816077354442,0.801757072221345,1162,-1.9009810644063068,-1.8087821510645816,-4.312623695961952,0.0
1234,-1.8554405847122124,0.8005109143015039,1161,-1.901488207966873,-1.809392961457552,-4.319214987919148,0.0
1235,-1.856528524712662,0.7991562534354703,1160,-1.9025180343484165,-1.8105390150769074,-4.3258062798763435,0.0
1236,-1.8562884872303793,0.7966144401570753,1158,-1.9021712928660084,-1.8104056815947502,-4.332397571833539,0.0
1237,-1.8559923463081678,0.7912553948299138,1154,-1.9016454019572557,-1.8103392906590798,-4.338988863790735,0.0
1238,-1.857051853527395,0.7893837673713349,1153,-1.902616668302777,-1.811487038752013,-4.34558015574793,0.0
1239,-1.85642557097475,0.7882609527729827,1150,-1.9019848838149995,-1.8108662581345003,-4.352171447705126,0.0
1240,-1.8570854220824073,0.786822177359425,1149,-1.9025813628108206,-1.8115894813539941,-4.358762739662321,0.0
1241,-1.8599544173365776,0.7879652617462883,1149,-1.9055164539390126,-1.8143923807341427,-4.365354031619517,0.0
1242,-1.863294123827475,0.788972666530662,1149,-1.908914410984709,-1.817673836670241,-4.371945323576712,0.0
1243,-1.8634234286396465,0.787004959637324,1148,-1.9089497538707407,-1.8178971034085523,-4.278835075177293,0.0
1244,-1.8623822758271824,0.7841794638162966,1146,-1.9077847193954742,-1.8169798322588906,-4.285369102908371,0.0
1245,-1.8625190103294798,0.7825942819943935,1145,-1.9078494569964308,-1.8171885636625287,-4.29190313063945,0.0
1246,-1.8651412048513862,0.7791062477738689,1143,-1.9103090782166614,-1.819973331486111,-4.294552936816991,0.0
1247,-1.8663801104656252,0.7768819921625637,1142,-1.911438749932133,-1.8213214709991175,-4.309536636558459,0.0
1248,-1.871588183552306,0.7704350094453124,1138,-1.916351365435019,-1.826825001669593,-4.324947385285235,0.0
1249,-1.874799465944313,0.7713208225840475,1138,-1.9196141146141752,-1.8299848172744508,-4.340358134012011,0.0
1250,-1.8810485144981972,0.76874488596482,1136,-1.9257527986923726,-1.8363442303040218,-4.355768882738787,0.0
1251,-1.8843266915306154,0.7695099234884497,1136,-1.9290754644173336,-1.8395779186438972,-4.371179631465563,0.0
1252,-1.8891036505155443,0.7685622102927818,1135,-1.9338169962016947,-1.844390304829394,-4.38659038019234,0.0
1253,-1.8949221993697547,0.7661984439030343,1133,-1.9395373518958907,-1.8503070468436187,-4.402001128919116,0.0
1254,-1.8979093830760845,0.7669539285792032,1133,-1.9425685269002015,-1.8532502392519674,-4.4174118776458915,0.0
1255,-1.9000539508942758,0.7681354985892204,1133,-1.9447818966412325,-1.855326005147319,-4.432822626372667,0.0
1256,-1.9026654727011894,0.7691692929562212,1133,-1.9474536155077087,-1.85787732989467,-4.448233375099444,0.0
1257,-1.9050386849697958,0.7703042741737135,1133,-1.949892916869207,-1.8601844530703846,-4.46364412382622,0.0
1258,-1.9074893502040224,0.7713925198313604,1133,-1.9524069498202283,-1.8625717505878165,-4.479054872552996,0.0
1259,-1.9097408829685638,0.7725494159152738,1133,-1.9547258477636622,-1.8647559181734654,-4.494465621279772,0.0
1260,-1.912383528460089,0.7735554183102317,1133,-1.9574270720093598,-1.867339984910818,-4.509876370006548,0.0
1261,-1.9157465134140752,0.7743636219195448,1133,-1.9608371180447,-1.8706559087834504,-4.525287118733324,0.0
1262,-1.9185054733158124,0.775311086072926,1133,-1.9636512480633337,-1.8733596985682912,-4.5406978674601,0.0
1263,-1.9206958823140328,0.7765694072442003,1133,-1.9659149281461274,-1.875476836481938,-4.556108616186876,0.0
1264,-1.9230936500151457,0.7778389468766352,1133,-1.9683866201742732,-1.877800679856018,-4.5715193649136525,0.0
1265,-1.9237130963101028,0.7772446289508619,1132,-1.9689914458188529,-1.8784347468013527,-4.586930113640428,0.0
1266,-1.9232955588255458,0.7757440592318984,1130,-1.9685264670124687,-1.878064650638623,-4.602340862367204,0.0
1267,-1.9254062084274859,0.7770915040691303,1130,-1.970715681384573,-1.8800967354703988,-4.617751611093981,0.0
1268,-1.9276934899712554,0.7784259722215536,1130,-1.9730807710736482,-1.8823062088688627,-4.633162359820757,0.0
1269,-1.931571586472714,0.7780284994574722,1129,-1.9769557782815248,-1.8861873946639034,-4.648573108547533,0.0
1270,-1.9361657174884999,0.7774381071009743,1128,-1.981535567740864,-1.8907958672361358,-4.663983857274308,0.0
1271,-1.9412260922927544,0.7767665999339096,1127,-1.9865768613771655,-1.8958753232083434,-4.679394606001085,0.0
1272,-1.942739486097459,0.7768016698679489,1126,-1.9881124371429375,-1.8973665350519804,-4.694805354727861,0.0
1273,-1.945323344873738,0.778178995236295,1126,-1.9907767454328256,-1.8998699443146503,-4.710216103454637,0.0
1274,-1.9477373381839682,0.7795629938846236,1126,-1.9932715780426524,-1.902203098325284,-4.7256268521814135,0.0
1275,-1.9500851261107375,0.7809732015751543,1126,-1.9957017361380098,-1.9044685160834651,-4.741037600908189,0.0
1276,-1.954939275456299,0.7803409532223567,1125,-2.0005392090214067,-1.9093393418911917,-4.756448349634965,0.0
1277,-1.9578187342688798,0.781737159566171,1125,-2.0035002564219733,-1.9121372121157862,-4.771859098361741,0.0
1278,-1.9607455719673113,0.7831054340767699,1125,-2.006507050486304,-1.9149840934483182,-4.787269847088518,0.0
1279,-1.9637921763545023,0.7844325954686368,1125,-2.0096312087568964,-1.9179531439521083,-4.802680595815294,0.0
1280,-1.967731793315811,0.784147247001866,1124,-2.013574530200353,-1.9218890564312685,-4.818091344542069,0.0
1281,-1.9725454185434526,0.7835481687058496,1123,-2.0183735228770834,-1.9267173142098217,-4.833502093268846,0.0
1282,-1.975036328052666,0.7850019083118754,1123,-2.0209494585952776,-1.9291231975100545,-4.848912841995622,0.0
1283,-1.9778812588583965,0.7863616091825595,1123,-2.023873915479752,-1.931888602237041,-4.864323590722398,0.0
1284,-1.9803113804804398,0.7878471309910672,1123,-2.026390922185762,-1.9342318387751172,-4.879734339449174,0.0
1285,-1.9834231649878973,0.7890457989741719,1123,-2.0295728142929628,-1.9372735156828316,-4.89514508817595,0.0
1286,-1.986305843277535,0.7903524765627192,1123,-2.0325319174397443,-1.9400797691153258,-4.910555836902726,0.0
1287,-1.9891777485153255,0.791691177700616,1123,-2.035482120525541,-1.9428733765051098,-4.925966585629502,0.0
1288,-1.9949877763537793,0.7894439534289296,1121,-2.0412018835906625,-1.9487736691168962,-4.941377334356279,0.0
1289,-1.9974824301575598,0.790936833226278,1121,-2.043783930687845,-1.9511809296272749,-4.956788083083055,0.0
1290,-1.99981226005449,0.792361029303055,1121,-2.046197133128111,-1.9534273869808692,-4.9721988318098305,0.0
1291,-2.0059703382111107,0.7899020825258026,1119,-2.052252569348264,-1.9596881070739574,-4.987609580536606,0.0
1292,-2.015607374170259,0.7835013440165866,1115,-2.0615968419282615,-1.969617906412256,-5.003020329263383,0.0
1293,-2.018491648174922,0.7848167391786963,1115,-2.0645583261685663,-1.972424970181278,-5.018431077990159,0.0
1294,-2.020467863134342,0.7816078034654881,1113,-2.066387386957206,-1.9745483393114778,-5.033841826716935,0.0
1295,-2.026853519409375,0.7788091247636226,1111,-2.0726497858160444,-1.9810572530027055,-5.049252575443711,0.0
1296,-2.029142320481286,0.7665357620293746,1105,-2.07433908576501,-1.9839455551975624,-5.064663324170487,0.0
1297,-2.031290757374908,0.763277997544814,1103,-2.0763362207311244,-1.9862452940186917,-5.080074072897263,0.0
1298,-2.033929257450786,0.7476539661288142,1098,-2.0781530050594648,-1.9897055098421077,-4.895686014331066,0.0
1299,-2.0386397071988385,0.7466109995678153,1097,-2.082821887286639,-1.994457527111038,-4.908065699814151,0.0
1300,-2.0411113317481804,0.747968517378543,1097,-2.0853738456328585,-1.9968488178635022,-4.920445385297237,0.0
1301,-2.042807281421033,0.742214697530306,1094,-2.086789482574398,-1.9988250802676681,-4.932825070780322,0.0
1302,-2.0417321754912585,0.7345588111578171,1090,-2.0853404994095124,-1.9981238515730047,-4.945204756263408,0.0
1303,-2.045393548346092,0.7216247648373652,1084,-2.0883524193525282,-2.0024346773396555,-4.957584441746493,0.0
1304,-2.0488647809384393,0.704721632159819,1076,-2.0909730644665165,-2.006756497410362,-4.969964127229579,0.0
1305,-2.0521047071612597,0.7058912090279315,1076,-2.0942828748423454,-2.009926539480174,-4.9823438127126645,0.0
1306,-2.053685325815519,0.7047675189570656,1075,-2.0958159331261803,-2.011554718504858,-4.99472349819575,0.0
1307,-2.0577076501454927,0.7085770542167926,1075,-2.100065989339004,-2.0153493109519816,-5.007103183678836,0.0
1308,-2.058296141107391,0.7045714945371859,1074,-2.1004346340472293,-2.0161576481675527,-5.019482869161921,0.0
1309,-2.0617030036199457,0.705420135242735,1074,-2.103892251437971,-2.0195137558019205,-5.031862554645007,0.0
1310,-2.0647203630901245,0.7064667994741817,1074,-2.1069722090315044,-2.0224685171487446,-5.044242240128092,0.0
1311,-2.070515946842711,0.6955764592489578,1069,-2.1122136462531573,-2.0288182474322642,-5.056621925611177,0.0
1312,-2.075972826831565,0.6937953362262748,1068,-2.1175832201697715,-2.0343624334933588,-5.069001611094263,0.0
1313,-2.0770690470776523,0.6863996668497925,1065,-2.1182938256398063,-2.0358442685154983,-5.081381296577348,0.0
1314,-2.0773320336678855,0.6844835229467034,1064,-2.118461043632378,-2.036203023703393,-5.093760982060434,0.0
1315,-2.0783442247383634,0.682941147600071,1063,-2.119399854579142,-2.0372885948975847,-5.106140667543519,0.0
1316,-2.0812156779205533,0.683997238707991,1063,-2.1223347956413012,-2.0400965601998053,-5.1185203530266055,0.0
1317,-2.0861919161711047,0.6823237619656788,1062,-2.127229738686132,-2.0451540936560773,-5.13090003850969,0.0
1318,-2.084811631342671,0.6777403920411343,1060,-2.1256122274472466,-2.044011035238095,-5.143279723992776,0.0
1319,-2.0883083746731534,0.6784927949362916,1060,-2.129154266125319,-2.047462483220988,-5.155659409475861,0.0
1320,-2.0914442291350097,0.6793467936850883,1060,-2.1323415320987698,-2.0505469261712497,-5.168039094958947,0.0
1321,-2.0934105760031505,0.6802749680363424,1059,-2.134383087134641,-2.05243806487166,-5.180418780442032,0.0
1322,-2.095347286854928,0.6737023039661327,1057,-2.1359623011365754,-2.054732272573281,-5.192798465925118,0.0
1323,-2.0987644093376736,0.6744150967966023,1057,-2.1394223952565246,-2.0581064234188227,-5.205178151408203,0.0
1324,-2.098436590647172,0.6703063698833839,1055,-2.1388851621052147,-2.0579880191891293,-5.217557836891289,0.0
1325,-2.1011537518990266,0.6712062832714597,1055,-2.141656627198744,-2.0606508765993095,-5.2299375223743745,0.0
1326,-2.099859020418301,0.6654717501969492,1053,-2.140053971996997,-2.0596640688396053,-5.24231720785746,0.0
1327,-2.104626108798328,0.6636557108655745,1052,-2.1447304177569095,-2.064521799839746,-5.254696893340546,0.0
1328,-2.1073392589433255,0.6647239289408603,1052,-2.1475081196672656,-2.0671703982193854,-5.267076578823631,0.0
1329,-2.105874512965015,0.6591014116013979,1050,-2.145741522828752,-2.066007503101278,-5.279456264306717,0.0
1330,-2.0994318294454257,0.6455269288085675,1045,-2.1385710605963295,-2.060292598294522,-5.291835949789802,0.0
1331,-2.1000504473819426,0.643326369870054,1044,-2.1390749319336124,-2.0610259628302727,-5.304215635272888,0.0
1332,-2.0985831302006863,0.638459529435886,1042,-2.1373495402670137,-2.059816720134359,-5.316595320755972,0.0
1333,-2.100914886843838,0.6395176243111734,1042,-2.1397455430180754,-2.0620842306696003,-5.328975006239059,0.0
1334,-2.103725151564553,0.6399802898110131,1042,-2.1425839001701252,-2.064866402958981,-5.3413546917221435,0.0
1335,-2.0976235332961224,0.6273539734639353,1038,-2.1357889534356316,-2.059458113156613,-5.35373437720523,0.0
1336,-2.097402257226512,0.6245540589584118,1037,-2.135415658343565,-2.0593888561094587,-5.366114062688315,0.0
1337,-2.093251871720076,0.6159267932905104,1034,-2.130794519470615,-2.0557092239695374,-5.378493748171401,0.0
1338,-2.0934122100350754,0.6133703890922539,1033,-2.130817128883758,-2.056007291186393,-5.390873433654486,0.0
1339,-2.0910393031595986,0.6079910298759034,1031,-2.1281521193411796,-2.0539264869780176,-5.403253119137572,0.0
1340,-2.086963723148493,0.5972188401468169,1028,-2.1234721411022774,-2.0504553051947085,-5.415632804620657,0.0
1341,-2.0886495162159915,0.5980006850348695,1028,-2.1252057289110486,-2.0520933035209343,-5.428012490103743,0.0
1342,-2.0882882319368843,0.5956587058954361,1027,-2.124719001316971,-2.051857462556798,-5.440392175586828,0.0
1343,-2.089738262409643,0.5964600964815556,1027,-2.126218045218623,-2.053258479600663,-5.452771861069913,0.0
1344,-2.0902789921227254,0.5967940544068712,1026,-2.1267969832505864,-2.0537610009948644,-5.465151546552999,0.0
1345,-2.0918791056538906,0.5975502589713816,1026,-2.1284433691455154,-2.055314842162266,-5.4775312320360845,0.0
1346,-2.0914188873764714,0.5947867057240442,1025,-2.1278317976993395,-2.0550059770536033,-5.48991091751917,0.0
1347,-2.093123071810896,0.5955071386096827,1025,-2.129580087117628,-2.0566660565041643,-5.502290603002256,0.0
1348,-2.0947763197391054,0.5962471609495802,1025,-2.131278639298337,-2.058274000179874,-5.514670288485341,0.0
1349,-2.0963435469881353,0.5969996883597403,1025,-2.132891936361702,-2.0597951576145688,-5.527049973968427,0.0
1350,-2.098436795331628,0.5973826323530114,1025,-2.1350086285803713,-2.061864962082885,-5.539429659451512,0.0
1351,-2.100270526546762,0.5979589343030208,1025,-2.1368776410669637,-2.06366341202656,-5.551809344934598,0.0
1352,-2.102175930975628,0.5985414280974913,1025,-2.1388187058327164,-2.0655331561185397,-5.564189030417683,0.0
1353,-2.10408697078048,0.5991686912149693,1025,-2.1407681467575426,-2.0674057948034177,-5.576568715900769,0.0
1354,-2.1059389530655515,0.599892266370086,1025,-2.1426644263965753,-2.0692134797345276,-5.588948401383854,0.0
1355,-2.1080107462863533,0.6005687428126278,1025,-2.1447776335827546,-2.071243858989952,-5.601328086866939,0.0
1356,-2.1109173008032593,0.6008342999813484,1025,-2.1477004455399786,-2.07413415606654,-5.6137077723500255,0.0
1357,-2.113336662343728,0.6014111711063868,1025,-2.1501551231968667,-2.0765182014905896,-5.62608745783311,0.0
1358,-2.115863993131115,0.6020111189444707,1025,-2.152719182859691,-2.079008803402539,-5.638467143316197,0.0
1359,-2.118253077903356,0.6026043221802375,1025,-2.1551445836020426,-2.081361572204669,-5.650846828799281,0.0
1360,-2.12066063573731,0.6031806327665556,1025,-2.157587423236171,-2.083733848238449,-5.663226514282368,0.0
1361,-2.123154718110654,0.6036770965897559,1025,-2.1601118991816963,-2.0861975370396117,-5.675606199765452,0.0
1362,-2.1257147024805474,0.6042391977143264,1025,-2.1627062954468865,-2.0887231095142083,-5.687985885248539,0.0
1363,-2.127793517265385,0.6049707432109639,1025,-2.1648298955309073,-2.0907571389998623,-5.700365570731623,0.0
1364,-2.130116275946268,0.6055301121180588,1025,-2.1671868988404204,-2.093045653052116,-5.71274525621471,0.0
1365,-2.132212445734882,0.6062160730717544,1025,-2.169325063237272,-2.0950998282324917,-5.7251249416977945,0.0
1366,-2.134325930008514,0.606915908033163,1025,-2.1714813914874846,-2.097170468529543,-5.73750462718088,0.0
1367,-2.1368735291008085,0.6073042719700904,1025,-2.174052766264528,-2.099694291937089,-5.749884312663966,0.0
1368,-2.13926045908532,0.6076937886552638,1025,-2.176463542505168,-2.1020573756654723,-5.762263998147051,0.0
1369,-2.1419117218119834,0.6080447879075707,1025,-2.179136293446303,-2.104687150177664,-5.774643683630137,0.0
1370,-2.1441608403606214,0.6086463866324977,1025,-2.1814222419378604,-2.1068994387833824,-5.787023369113222,0.0
1371,-2.149064695287545,0.6054975235013501,1024,-2.1861514186020026,-2.1119779719730873,-5.799403054596308,0.0
1372,-2.1518460083266433,0.605895581172468,1024,-2.188957112673457,-2.1147349039798296,-5.811782740079393,0.0
1373,-2.1541424512574676,0.6064310770945623,1024,-2.1912863547295096,-2.1169985477854256,-5.824162425562479,0.0
1374,-2.156490529100273,0.6068981062188588,1024,-2.193663038106178,-2.119318020094368,-5.836542111045564,0.0
1375,-2.1608159592001774,0.603971553467163,1023,-2.1978272932047234,-2.1238046251956315,-5.84892179652865,0.0
1376,-2.163260084283541,0.6044122210832602,1023,-2.20029842236838,-2.1262217461987025,-5.8613014820117355,0.0
1377,-2.1654596279318703,0.6049466992824428,1023,-2.202530718802887,-2.1283885370608537,-5.873681167494821,0.0
1378,-2.1700551414440437,0.6017901412707363,1022,-2.2069508361591867,-2.1331594467289006,-5.886060852977906,0.0
1379,-2.173048409456147,0.6018379279572698,1022,-2.2099470339683682,-2.1361497849439255,-5.898440538460992,0.0
1380,-2.175263744379456,0.6023790767268993,1022,-2.212195546669827,-2.138331942089085,-5.910820223944077,0.0
1381,-2.177899339227584,0.6027541320573261,1022,-2.2148541361235887,-2.140944542331579,-5.923199909427163,0.0
1382,-2.180144664899084,0.6032690647269243,1022,-2.217131032266709,-2.143158297531459,-5.935579594910248,0.0
1383,-2.1827466083656386,0.6036383715366884,1022,-2.2197556178976576,-2.1457375988336196,-5.947959280393334,0.0
1384,-2.1851851777941507,0.6041271762954227,1022,-2.2222241558981297,-2.1481461996901716,-5.960338965876419,0.0
1385,-2.1876497021776062,0.6046110692619622,1022,-2.2247183477120465,-2.150581056643166,-5.972718651359505,0.0
1386,-2.194164346269189,0.5978949453916966,1020,-2.2308571474246772,-2.157471545113701,-5.98509833684259,0.0
1387,-2.196324399663234,0.5984260823072601,1020,-2.233049796680887,-2.1595990026455807,-5.9974780223256765,0.0
1388,-2.19854140841148,0.5989363259327561,1020,-2.2352981190704937,-2.161784697752466,-6.009857707808761,0.0
1389,-2.200773924750168,0.5994521111571823,1020,-2.2375622891383604,-2.1639855603619753,-6.022237393291847,0.0
1390,-2.20296623639072,0.5999966790018071,1020,-2.239788020896932,-2.1661444518845077,-6.034617078774932,0.0
1391,-2.205157987113965,0.6005556917157397,1020,-2.2420140782195452,-2.168301896008385,-6.046996764258018,0.0
1392,-2.2073403563706493,0.6011012449043288,1020,-2.2442299280647893,-2.1704507846765093,-6.059376449741103,0.0
1393,-2.2095082056999646,0.6016673201330652,1020,-2.2464325174198687,-2.1725838939800606,-6.071756135224189,0.0
1394,-2.2116602839901747,0.6022578100652047,1020,-2.2486208340657154,-2.174699733914634,-6.084135820707274,0.0
1395,-2.2141153529281485,0.6027669455923438,1020,-2.2511071486410748,-2.1771235572152223,-6.09651550619036,0.0
1396,-2.2163315073447105,0.603307635301232,1020,-2.253356485174542,-2.179306529514879,-6.1088951916734455,0.0
1397,-2.218579356155827,0.6038124233257556,1020,-2.2556353128168936,-2.1815233994947607,-6.121274877156531,0.0
1398,-2.225105295065232,0.5968577419733544,1018,-2.261770406893178,-2.1884401832372857,-6.133654562639617,0.0
1399,-2.2272243127691667,0.5974088368011166,1018,-2.2639232784823298,-2.1905253470560035,-6.146034248122702,0.0
1400,-2.2337423668944107,0.590301526762485,1016,-2.2700404026298164,-2.197444331159005,-6.158413933605788,0.0
1401,-2.2359084100842797,0.5908303914535453,1016,-2.2722389660632984,-2.199577854105261,-6.170793619088872,0.0
1402,-2.2380594318364744,0.591366102975711,1016,-2.2744229290753304,-2.2016959345976184,-6.183173304571959,0.0
1403,-2.2402467811432714,0.5918666096916639,1016,-2.276641054874882,-2.2038525074116606,-6.1955529900550435,0.0
1404,-2.242421447775417,0.5923668087802567,1016,-2.27884647908357,-2.205996416467264,-6.20793267553813,0.0
1405,-2.244616138039193,0.5928349656269281,1016,-2.2810699566249997,-2.2081623194533866,-6.2203123610212145,0.0
1406,-2.246751359841013,0.5933153903130634,1016,-2.283234720062128,-2.2102679996198984,-6.232692046504301,0.0
1407,-2.248885214243493,0.5938062178745698,1016,-2.2853987557796813,-2.212371672707305,-6.245071731987386,0.0
1408,-2.2510778903572515,0.594264358455498,1016,-2.2876196032642127,-2.2145361774502903,-6.257451417470472,0.0
1409,-2.2533114682464763,0.594721865266118,1016,-2.2898813135532508,-2.216741622939702,-6.269831102953557,0.0
1410,-2.2555804191082003,0.5951680636093833,1016,-2.2921777014495657,-2.218983136766835,-6.282210788436643,0.0
1411,-2.257821115529052,0.5956436475923382,1016,-2.294447641847649,-2.2211945892104548,-6.294590473919728,0.0
1412,-2.260006474542377,0.5961662640493026,1016,-2.2966651368964928,-2.2233478121882615,-6.306970159402814,0.0
1413,-2.262264164413113,0.5966458777350461,1016,-2.2989523185335803,-2.2255760102926456,-6.319349844885899,0.0
1414,-2.2644970158294337,0.5971515138198019,1016,-2.3012162618509744,-2.227777769807893,-6.3317295303689844,0.0
1415,-2.2667435280092922,0.5976383071085224,1016,-2.3034927072757743,-2.22999434874281,-6.34410921585207,0.0
1416,-2.2689655206624475,0.5981429140849576,1016,-2.305745728549444,-2.232185312775451,-6.3564889013351555,0.0
1417,-2.271169256131584,0.5986630437655106,1016,-2.307981447140554,-2.2343570651226137,-6.368868586818241,0.0
1418,-2.2733601981080285,0.599192031400283,1016,-2.3102049169205023,-2.2365154792955546,-6.381248272301327,0.0
1419,-2.2754891550875898,0.5997413737749281,1016,-2.3123676533301376,-2.238610656845042,-6.393627957784412,0.0
1420,-2.2775963757900506,0.6003127677568352,1016,-2.3145100094307534,-2.240682742149348,-6.406007643267498,0.0
1421,-2.279717129243,0.6008920362151232,1016,-2.3166663824886777,-2.2427678759973224,-6.418387328750583,0.0
1422,-2.2818154814895433,0.6014797095101575,1016,-2.3188008711592296,-2.244830091819857,-6.430767014233669,0.0
1423,-2.283868241986782,0.6020426842086785,1016,-2.3208882493472562,-2.246848234626308,-6.443146699716754,0.0
1424,-2.2859318179735375,0.6025994582931885,1016,-2.322986061744896,-2.248877574202179,-6.455526385199839,0.0
1425,-2.288041277843771,0.6030761058180508,1016,-2.325124830990265,-2.250957724697277,-6.4679060706829254,0.0
1426,-2.2902296498784813,0.6034780608854796,1016,-2.3273379195109403,-2.2531213802460224,-6.48028575616601,0.0
1427,-2.2923131451446763,0.604124080757839,1015,-2.3294794339705116,-2.255146856318841,-6.4926654416490965,0.0
1428,-2.2945806384168077,0.6045048823127216,1015,-2.3317703545169812,-2.257390922316634,-6.505045127132181,0.0
1429,-2.2968893055198327,0.6048837504738827,1015,-2.334102329950121,-2.2596762810895443,-6.517424812615268,0.0
1430,-2.2989418274358755,0.6056389398616288,1014,-2.3362196798358936,-2.2616639750358574,-6.529804498098352,0.0
1431,-2.301123666659585,0.606140540586792,1014,-2.338432393226645,-2.2638149400925247,-6.542184183581439,0.0
1432,-2.303373836924966,0.6065929285742444,1014,-2.3407104085520345,-2.2660372652978973,-6.554563869064523,0.0
1433,-2.3054976807069387,0.6070784059014325,1014,-2.342864134085254,-2.2681312273286234,-6.56694355454761,0.0
1434,-2.3078389114052316,0.6074333849602929,1014,-2.345227214199247,-2.270450608611216,-6.5793232400306945,0.0
1435,-2.310152321967237,0.6078176837999536,1014,-2.3475642788470115,-2.2727403650874622,-6.591702925513781,0.0
1436,-2.312092861107958,0.6083839839699695,1014,-2.349539674488467,-2.2746460477274493,-6.6040826109968656,0.0
1437,-2.314035879190797,0.6089469471840593,1014,-2.3515173436781294,-2.276554414703465,-6.616462296479951,0.0
1438,-2.315973728336037,0.6094829746335992,1014,-2.353488185999387,-2.2784592706726867,-6.628841981963037,0.0
1439,-2.3178397714777614,0.6100657516140074,1014,-2.3553900998106276,-2.2802894431448952,-6.641221667446122,0.0
1440,-2.319813073000295,0.6106022992503105,1014,-2.357396426527341,-2.282229719473249,-6.653601352929208,0.0
1441,-2.321453002199341,0.6119895705962535,1011,-2.359177590996668,-2.2837284134020144,-6.665981038412293,0.0
1442,-2.323377256866784,0.6125435902608268,1011,-2.3611359968409213,-2.285618516892647,-6.678360723895379,0.0
1443,-2.3252715757762275,0.6130950359807806,1011,-2.363064308262703,-2.287478843289752,-6.690740409378464,0.0
1444,-2.327161394081361,0.6136562274652373,1011,-2.364988719833809,-2.2893340683289134,-6.70312009486155,0.0
1445,-2.3291592291241296,0.6141763374258791,1011,-2.367018615773261,-2.291299842474998,-6.7154997803446355,0.0
1446,-2.3311437769961905,0.6147198186305473,1011,-2.3690366652047445,-2.2932508887876364,-6.727879465827721,0.0
1447,-2.333102904701092,0.6152838557168866,1011,-2.3710305615857328,-2.2951752478164513,-6.7402591513108066,0.0
1448,-2.335015311597669,0.6158275683312165,1011,-2.37297648430641,-2.2970541388889276,-6.752638836793892,0.0
1449,-2.33745272097656,0.6160920933006037,1011,-2.375430199675103,-2.2994752422780174,-6.765018522276977,0.0
1450,-2.33933862602691,0.6166593227134746,1011,-2.377351070184641,-2.301326181869179,-6.777398207760063,0.0
1451,-2.3413361479529553,0.6175311734674225,1010,-2.379421175186633,-2.3032511207192776,-6.789777893243148,0.0
1452,-2.343207800017211,0.6181159794721054,1010,-2.3813288940173485,-2.305086706017074,-6.802157578726234,0.0
1453,-2.3450224622912903,0.6187361411194362,1010,-2.3831818035479913,-2.3068631210345893,-6.814537264209319,0.0
1454,-2.3468394840734086,0.6193504871916475,1010,-2.3850367139224535,-2.3086422542243636,-6.826916949692405,0.0
1455,-2.3486015508574822,0.6199854300361453,1010,-2.3868379395645145,-2.31036516215045,-6.83929663517549,0.0
1456,-2.3503128055210727,0.6206580950787071,1010,-2.3885906795288734,-2.312034931513272,-6.8516763206585765,0.0
1457,-2.3520425633904014,0.6213200941830325,1010,-2.390361264898092,-2.313723861882711,-6.864056006141661,0.0
1458,-2.3537814799769974,0.6219792320527983,1010,-2.392140832523533,-2.3154221274304616,-6.8764356916247475,0.0
1459,-2.3555238589328544,0.6226178554346304,1010,-2.3939225973273186,-2.3171251205383903,-6.888815377107832,0.0
1460,-2.3572264644148477,0.6232668633843202,1010,-2.3956652291051506,-2.318787699724545,-6.901195062590918,0.0
1461,-2.3589489187386032,0.6239099716929094,1010,-2.3974273458759194,-2.320470491601287,-6.913574748074003,0.0
1462,-2.360707657687368,0.6245329688012073,1010,-2.399224506952757,-2.3221908084219787,-6.925954433557089,0.0
1463,-2.362489725091639,0.6251481911917618,1010,-2.4010445169945918,-2.323934933188686,-6.938334119040174,0.0
1464,-2.3643096035729476,0.6257444518044711,1010,-2.4029011686829045,-2.3257180384629907,-6.95071380452326,0.0
1465,-2.366158176671283,0.6263295362549404,1010,-2.4047858257202983,-2.3275305276222675,-6.9630934900063455,0.0
1466,-2.3679934909052287,0.6269197252973081,1010,-2.406657538709023,-2.329329443101434,-6.975473175489431,0.0
1467,-2.369831124597148,0.6275079427542138,1010,-2.4085314495620453,-2.331130799632251,-6.987852860972517,0.0
1468,-2.3716803654079803,0.62809705726494,1010,-2.4104170228580193,-2.3329437079579414,-7.000232546455602,0.0
1469,-2.3742187242883985,0.6284851877958803,1010,-2.4129793189297506,-2.3354581296470465,-7.012612231938688,0.0
1470,-2.3761853577306233,0.6290007870384808,1010,-2.4149777509467514,-2.3373929645144953,-7.024991917421773,0.0
1471,-2.375736109694621,0.62475509065065,1009,-2.414285746595365,-2.3371864727938765,-7.037371602904859,0.0
1472,-2.3777883678003664,0.625229230558775,1009,-2.416367260839351,-2.3392094747613816,-7.049751288387943,0.0
1473,-2.379853181795047,0.6257151398274943,1009,-2.4184620571841653,-2.3412443064059283,-7.06213097387103,0.0
1474,-2.381826133755178,0.6262543115389049,1009,-2.4204682779787774,-2.3431839895315782,-7.0745106593541145,0.0
1475,-2.3837857244836123,0.6268040035964542,1009,-2.422461786684901,-2.3451096622823235,-7.086890344837201,0.0
1476,-2.3857622980109547,0.6273591415095463,1009,-2.424472614218813,-2.3470519818030966,-7.099270030320286,0.0
1477,-2.387705072224148,0.6279330573275186,1009,-2.426450801102868,-2.348959343345428,-7.111649715803372,0.0
1478,-2.3871862926713283,0.624017423963189,1008,-2.425709507414809,-2.3486630779278475,-7.124029401286457,0.0
1479,-2.3890653043657886,0.6246069857358584,1008,-2.4276249152320393,-2.350505693499538,-7.136409086769543,0.0
1480,-2.390932624724861,0.6252022866432149,1008,-2.4295289860147546,-2.3523362634349674,-7.148788772252628,0.0
1481,-2.392778520629153,0.6258117900474384,1008,-2.4314125091224326,-2.3541445321358734,-7.161168457735714,0.0
1482,-2.3946190250207606,0.6264279435460651,1008,-2.4332910512556656,-2.3559469987858557,-7.173548143218799,0.0
1483,-2.396452787065047,0.6270484724620486,1008,-2.4351631211544555,-2.3577424529756383,-7.185927828701884,0.0
1484,-2.3982913228409637,0.6276714308657373,1008,-2.4370401147673495,-2.359542530914578,-7.19830751418497,0.0
1485,-2.39218965606786,0.6120101894713864,1005,-2.4300279627903025,-2.354351349345418,-7.2106871996680555,0.0
1486,-2.394033217415461,0.6126072919815321,1005,-2.431908440758431,-2.356157994072491,-7.223066885151141,0.0
1487,-2.3913319229183374,0.5940835114403524,1004,-2.4280801772829337,-2.354583668553741,-5.88779060349023,0.0
1488,-2.3903324356626663,0.5880574994523853,1003,-2.4267260675272957,-2.353938803798037,-5.9014927461471505,0.0
1489,-2.3921827041138273,0.5885785657289416,1003,-2.4286085836655684,-2.355756824562086,-5.915194888804071,0.0
1490,-2.3911532270997857,0.5824409166328105,1002,-2.427217243118869,-2.3550892110807022,-5.928897031460991,0.0
1491,-2.3932404756619094,0.58290272268249,1002,-2.4293330861363236,-2.3571478651874953,-5.942599174117912,0.0
1492,-2.3950511571853292,0.583439152393153,1002,-2.4311769827192045,-2.358925331651454,-5.956301316774832,0.0
1493,-2.3968690223517943,0.5839736827413636,1002,-2.4330279453389734,-2.3607100993646153,-5.970003459431752,0.0
1494,-2.393346339764035,0.5728397056085981,1000,-2.4288513125605435,-2.357841366967526,-5.983705602088673,0.0
1495,-2.395131617146292,0.5733848310269022,1000,-2.4306703771662734,-2.3595928571263105,-5.997407744745593,0.0
1496,-2.3942519730557064,0.5679456267617576,999,-2.429471221731554,-2.359032724379859,-6.0111098874025135,0.0
1497,-2.3960367880819895,0.5684920829957311,999,-2.4312899234136855,-2.3607836527502934,-6.024812030059434,0.0
1498,-2.3923065618538715,0.5559123781781935,997,-2.4268141683156323,-2.3577989553921106,-6.038514172716354,0.0
1499,-2.3912723227737476,0.5492270711344196,996,-2.425382057147944,-2.357162588399551,-6.052216315373275,0.0
1500,-2.3930941880443135,0.5497255592398724,996,-2.4272348810106106,-2.3589534950780164,-6.065918458030195,0.0
1501,-2.3949193699370186,0.5502270346666075,996,-2.429091207022934,-2.360747532851103,-6.079620600687115,0.0
1502,-2.39730398160486,0.5505128523021121,996,-2.4314935693883264,-2.3631143938213937,-6.093322743344036,0.0
1503,-2.399176091150028,0.5509959701711259,996,-2.4333956829574213,-2.364956499342635,-6.107024886000956,0.0
1504,-2.4011274465377364,0.5514342676816155,996,-2.435374258801741,-2.366880634273732,-6.1207270286578765,0.0
1505,-2.4030927276075476,0.5518788125812627,996,-2.437367148322121,-2.3688183068929742,-6.134429171314797,0.0
1506,-2.4050530681212905,0.5523353155521049,996,-2.4393558399421633,-2.3707502963004177,-6.148131313971717,0.0
1507,-2.4013854010107263,0.5388676502375891,994,-2.4348854152472748,-2.367885386774178,-6.161833456628638,0.0
1508,-2.403351280599115,0.5393280372340291,994,-2.4368799159097403,-2.3698226452884894,-6.175535599285558,0.0
1509,-2.4053334990295125,0.5397877208454065,994,-2.4388907116865766,-2.3717762863724485,-6.189237741942478,0.0
1510,-2.404645557033678,0.5337775663796754,993,-2.43784583840884,-2.3714452756585165,-6.202939884599399,0.0
1511,-2.406673812417354,0.5342233945190731,993,-2.439901823732111,-2.373445801102597,-6.216642027256319,0.0
1512,-2.408632486272695,0.5346890505694843,993,-2.4418894607977317,-2.375375511747658,-6.23034416991324,0.0
1513,-2.410412509606964,0.5356665758615897,991,-2.4437638883667288,-2.3770611308471996,-6.244046312570159,0.0
1514,-2.4124082635507307,0.5361256531214493,991,-2.445788225127239,-2.3790283019742224,-6.25774845522708,0.0
1515,-2.414421538769566,0.5365747798008521,991,-2.4478294636252307,-2.381013613913901,-6.271450597884,0.0
1516,-2.416441552347574,0.5370247703485076,991,-2.449877494268088,-2.3830056104270603,-6.285152740540921,0.0
1517,-2.4184806043576903,0.5374601518432965,991,-2.45194365376221,-2.3850175549531705,-6.298854883197841,0.0
1518,-2.418868243119825,0.5364699397980065,989,-2.4523033963269256,-2.3854330899127243,-6.312557025854762,0.0
1519,-2.4209746090135362,0.5368989396568067,989,-2.4544364993683145,-2.387512718658758,-6.326259168511681,0.0
1520,-2.423072313532555,0.5373460485507663,989,-2.4565620696692916,-2.3895825573958183,-6.339961311168603,0.0
1521,-2.425079135073273,0.5377941403958172,989,-2.4585968182537803,-2.391561451892766,-6.353663453825522,0.0
1522,-2.4271742111473085,0.5384120048235408,988,-2.4607473799248094,-2.3936010423698075,-6.367365596482443,0.0
1523,-2.429200295731736,0.5388546313882895,988,-2.462801064890043,-2.3955995265734287,-6.381067739139363,0.0
1524,-2.4312277932463453,0.5392903037077295,988,-2.4648557291471866,-2.397599857345504,-6.394769881796284,0.0
1525,-2.431028800913968,0.5382325798257941,986,-2.464624802759455,-2.397432799068481,-6.408472024453204,0.0
1526,-2.4329455353590945,0.538660333870526,986,-2.4665682372339277,-2.3993228334842613,-6.422174167110125,0.0
1527,-2.4348590488461928,0.5390880560296816,986,-2.468508448760102,-2.4012096489322836,-6.435876309767044,0.0
1528,-2.435940824383029,0.539029234067385,985,-2.469603627399362,-2.402278021366696,-6.449578452423966,0.0
1529,-2.4381990114524785,0.5394384107924226,985,-2.4718873678796904,-2.4045106550252666,-6.463280595080885,0.0
1530,-2.440163738261809,0.539857505754833,985,-2.473878267501687,-2.406449209021931,-6.476982737737806,0.0
1531,-2.4421447610389766,0.5402745769867956,985,-2.4758853367079494,-2.408404185370004,-6.490684880394726,0.0
1532,-2.4422705066846766,0.5397018457134797,983,-2.4760095851079775,-2.4085314282613757,-6.504387023051647,0.0
1533,-2.4441691900672056,0.5401207744001448,983,-2.477934457520478,-2.4104039226139333,-6.518089165708567,0.0
1534,-2.4423077475887403,0.5329485407943263,981,-2.47565859283022,-2.4089569023472603,-6.531791308365488,0.0
1535,-2.4422939314217014,0.5322138554430077,979,-2.475632803453154,-2.408955059390249,-6.545493451022407,0.0
1536,-2.4447986051334136,0.5326767467511325,979,-2.478166473542785,-2.4114307367240424,-6.559195593679328,0.0
1537,-2.4446232480841323,0.5322726139052442,975,-2.478034125830509,-2.4112123703377555,-6.572897736336248,0.0
1538,-2.445511763869382,0.5319874277459563,974,-2.4789218782005498,-2.4121016495382146,-6.586599878993169,0.0
1539,-2.44547908635514,0.531624670746414,971,-2.478917955604657,-2.412040217105623,-6.600302021650089,0.0
1540,-2.4453348796303813,0.5309296374199916,968,-2.478781740358885,-2.4118880189018777,-6.614004164307009,0.0
1541,-2.4444229719778328,0.5296904986484673,965,-2.4778435992959618,-2.4110023446597038,-6.62770630696393,0.0
1542,-2.4433990475341694,0.5282132764654367,962,-2.476778395446316,-2.4100196996220227,-6.64140844962085,0.0
1543,-2.4454291057700823,0.5285855458828572,962,-2.4788319784797963,-2.4120262330603683,-6.6551105922777705,0.0
1544,-2.4474472671980227,0.5289625459795283,962,-2.480873963650816,-2.4140205707452296,-6.668812734934691,0.0
1545,-2.4494523694854218,0.5296184248823861,961,-2.4829379215102434,-2.4159668174606,-6.682514877591611,0.0
1546,-2.448847976812397,0.5239933588653066,960,-2.4819951301684045,-2.4157008234563895,-6.696217020248532,0.0
1547,-2.450866340995057,0.5244029834174077,960,-2.484039406679183,-2.4176932753109313,-6.709919162905452,0.0
1548,-2.4528995820059545,0.5248090693888706,960,-2.486098336172089,-2.41970082783982,-6.723621305562372,0.0
1549,-2.4549202343866168,0.5252239432650657,960,-2.488145232946435,-2.4216952358267987,-6.737323448219293,0.0
1550,-2.4571602686038605,0.525615751173729,960,-2.4904100524335964,-2.4239104847741246,-6.751025590876213,0.0
1551,-2.4590791839788926,0.5260074687780286,960,-2.492353747366007,-2.4258046205917783,-6.7647277335331335,0.0
1552,-2.461000285266395,0.5264008778940905,960,-2.49429973521377,-2.4277008353190195,-6.778429876190054,0.0
1553,-2.4630286030766864,0.5270583870787954,959,-2.4963870249236555,-2.4296701812297172,-6.792132018846974,0.0
1554,-2.46386503485243,0.5266116545026192,958,-2.497212573390329,-2.430517496314531,-6.805834161503895,0.0
1555,-2.465824505809111,0.5269903386345763,958,-2.499196024415769,-2.432452987202453,-6.819536304160815,0.0
1556,-2.465473659840768,0.5215881701496767,957,-2.4985203398589224,-2.4324269798226137,-6.833238446817735,0.0
1557,-2.467403157921333,0.5222507747277135,956,-2.5005091203710914,-2.4342971954715744,-6.846940589474656,0.0
1558,-2.4686227495703883,0.5220174962539038,955,-2.5017312449700135,-2.435514254170763,-6.860642732131576,0.0
1559,-2.4705492733663643,0.5224029700190735,955,-2.5036822170966917,-2.437416329636037,-6.8743448747884965,0.0
1560,-2.4724736634535733,0.5227888411154955,955,-2.505631080714984,-2.4393162461921625,-6.888047017445416,0.0
1561,-2.4750362660246212,0.5233433801043249,955,-2.5082288544281726,-2.44184367762107,-6.901749160102337,0.0
1562,-2.4769703494605047,0.5237231683632946,955,-2.5101870255965846,-2.4437536733244247,-6.915451302759257,0.0
1563,-2.478904451303195,0.5241026977265095,955,-2.51214519875157,-2.4456637038548195,-6.929153445416178,0.0
1564,-2.4808407426535264,0.5244802162627096,955,-2.514105433879282,-2.4475760514277707,-6.9428555880730976,0.0
1565,-2.4800961099333994,0.5185905933592017,954,-2.513004491096575,-2.4471877287702237,-6.956557730730019,0.0
1566,-2.4827390894483266,0.5193841274413109,953,-2.515715113739009,-2.449763065157644,-6.970259873386938,0.0
1567,-2.482009859622137,0.5134740142040897,952,-2.514627764881665,-2.4493919543626093,-6.98396201604386,0.0
1568,-2.4810468480611623,0.507796664178295,949,-2.51335505148725,-2.4487386446350747,-6.997664158700779,0.0
1569,-2.482979606535438,0.5081799612735557,949,-2.515312196967979,-2.4506470161028973,-7.0113663013577,0.0
1570,-2.4849133722033785,0.5085668760683982,949,-2.5172705798159485,-2.4525561645908085,-7.02506844401462,0.0
1571,-2.4867904698773513,0.5092265572634354,948,-2.519206732909914,-2.4543742068447885,-7.038770586671541,0.0
1572,-2.4887182636100946,0.5096216028087416,948,-2.5211596743890268,-2.4562768528311625,-7.052472729328461,0.0
1573,-2.487926832812316,0.5033477771967587,947,-2.5199857785883104,-2.4558678870363213,-7.066174871985382,0.0
1574,-2.4898648533462793,0.5037358760506133,947,-2.5219485176979286,-2.45778118899463,-7.079877014642301,0.0
1575,-2.48900601179068,0.4970607661720756,946,-2.5206812571801307,-2.457330766401229,-7.093579157299223,0.0
1576,-2.490909295846618,0.4974585036983766,946,-2.522609887098393,-2.459208704594843,-7.107281299956142,0.0
1577,-2.4928017702743115,0.49785929301808535,946,-2.5245279018642406,-2.4610756386843824,-7.120983442613063,0.0
1578,-2.49621169102392,0.512979702539119,945,-2.5289186637270173,-2.4635047183208227,-7.134685585269983,0.0
1579,-2.4978837421040074,0.5225825188874876,944,-2.5312206221294806,-2.4645468620785342,-7.148387727926904,0.0
1580,-2.492944961295689,0.49770386443690995,939,-2.52477918677849,-2.4611107358128876,-7.162089870583824,0.0
1581,-2.4925347242712865,0.4940380548020655,938,-2.5241513162993,-2.460918132243273,-7.175792013240745,0.0
1582,-2.489707149066854,0.47317805987846484,937,-2.5200049337696155,-2.4594093643640926,-7.189494155897664,0.0
1583,-2.486188093285584,0.45875029248397736,934,-2.5156091987890536,-2.4567669877821143,-7.203196298554585,0.0
1584,-2.488061936999768,0.4591014938659021,934,-2.5175055661573476,-2.4586183078421886,-7.216898441211505,0.0
1585,-2.4899393402270396,0.4594500252383104,934,-2.519405321802583,-2.460473358651496,-7.2306005838684255,0.0
1586,-2.4890119285040044,0.45205399052021006,933,-2.518019111637425,-2.460004745370584,-7.244302726525346,0.0
1587,-2.484929538809525,0.4343566742514539,931,-2.512831050261318,-2.4570280273577323,-7.258004869182266,0.0
1588,-2.486774134967035,0.43469005561294677,931,-2.5146970616391453,-2.4588512082949245,-7.271707011839187,0.0
1589,-2.488603606582797,0.4350312754696039,931,-2.5165484519919783,-2.4606587611736153,-7.285409154496107,0.0
1590,-2.4831212153627873,0.4165268334889457,928,-2.509920615183724,-2.4563218155418505,-7.299111297153027,0.0
1591,-2.4826929553116304,0.4113561999279066,927,-2.509173947404464,-2.456211963218797,-7.312813439809948,0.0
1592,-2.4769282078672954,0.37316757611626755,923,-2.5010028102187065,-2.4528536055158843,-5.216705028814781,0.0
1593,-2.478734011215716,0.37334645922047827,923,-2.5028201540649544,-2.454647868366478,-5.221064084753024,0.0
1594,-2.4805293022094115,0.3735273777375421,923,-2.5046271168694796,-2.4564314875493434,-5.225423140691268,0.0
1595,-2.482325994932405,0.3737083583246904,923,-2.506435485407704,-2.4582165044571056,-5.229782196629511,0.0
1596,-2.4841151391872276,0.37389364910541506,923,-2.508236583546387,-2.4599936948280683,-5.234141252567754,0.0
1597,-2.4858929303097823,0.3740708023713617,923,-2.5100258035676615,-2.461760057051903,-5.238500308505998,0.0
1598,-2.4847703135805443,0.36386513204869053,921,-2.5082702505205763,-2.4612703766405124,-5.242859364444241,0.0
1599,-2.486652237161125,0.364223738983574,920,-2.510188115261556,-2.4631163590606935,-5.2472184203824845,0.0
1600,-2.4858900560789796,0.35656723754308106,919,-2.5089437090858184,-2.462836403072141,-5.251577476320728,0.0
1601,-2.4876329638642103,0.3567353280551147,919,-2.510697484668003,-2.4645684430604176,-5.255936532258971,0.0
1602,-2.486364302973506,0.34516463467178254,918,-2.5086928787497627,-2.464035727197249,-5.248151667622369,0.0
1603,-2.4881066838073047,0.34532301648732494,918,-2.5104455052461083,-2.465767862368501,-5.252465220557686,0.0
1604,-2.483833566096178,0.32083032896108915,916,-2.5046106096950043,-2.463056522497352,-5.194486954964528,0.0
1605,-2.4856600752137274,0.32114006661398925,915,-2.5064685389253736,-2.4648516115020813,-5.198707222603949,0.0
1606,-2.4873554596379597,0.32146138556689013,914,-2.508196134864752,-2.4665147844111672,-5.20292749024337,0.0
1607,-2.486121637519305,0.3089309285449006,913,-2.5061609156198013,-2.466082359418809,-3.930218544504675,0.0
1608,-2.4862700255730457,0.3055373032801169,912,-2.5061000337528063,-2.466440017393285,-3.9334095855730986,0.0
1609,-2.4879962626672594,0.3056682221128488,912,-2.507834767752295,-2.4681577575822238,-3.936600626641523,0.0
1610,-2.486847685241791,0.29995970257696186,910,-2.5063370771799964,-2.4673582933035854,-3.9397916677099465,0.0
1611,-2.4885537989897015,0.30007674695552927,910,-2.508050795695309,-2.469056802284094,-3.942982708778371,0.0
1612,-2.4902604658401364,0.30019527843737637,910,-2.5097651639352536,-2.470755767745019,-3.9461737498467944,0.0
1613,-2.4919608122432257,0.300312520042645,910,-2.511473127920228,-2.4724484965662237,-3.9493647909152183,0.0
1614,-2.4936481923529645,0.3004311506358406,910,-2.513168215859074,-2.474128168846855,-3.9525558319836422,0.0
1615,-2.495328158750012,0.300549694665627,910,-2.5148558844609132,-2.475800433039111,-3.955746873052066,0.0
1616,-2.4969951766660556,0.3006706178997212,910,-2.5165307591666637,-2.4774595941654476,-3.95893791412049,0.0
1617,-2.498562816534649,0.3009198300786595,909,-2.5181253427850447,-2.479000290284253,-3.962128955188914,0.0
1618,-2.5002425391395255,0.3010284150618632,909,-2.519812124401565,-2.480672953877486,-3.965319996257338,0.0
1619,-2.501929536895488,0.3013051184737845,908,-2.5215278935369616,-2.4823311802540147,-3.9685110373257615,0.0
1620,-2.503612681530919,0.30141582577625237,908,-2.523218239116099,-2.4840071239457395,-3.971702078394186,0.0
1621,-2.505292920331786,0.30152907434128157,908,-2.524905844156802,-2.48567999650677,-3.9748931194626094,0.0
1622,-2.506951392081028,0.3016339279333583,908,-2.526571136095834,-2.487331648066222,-3.9780841605310338,0.0
1623,-2.508589124769264,0.30173757241401206,908,-2.5282156103273468,-2.488962639211181,-3.9812752015994572,0.0
1624,-2.510191834639546,0.30183833535122956,908,-2.529824874311246,-2.4905587949678463,-3.984466242667881,0.0
1625,-2.5117939258867987,0.3019389510701399,908,-2.5314335100963175,-2.49215434167728,-3.987657283736305,0.0
1626,-2.51338919078467,0.3020396946836209,908,-2.5330353278508957,-2.493743053718444,-3.990848324804729,0.0
1627,-2.515074509525644,0.3022950255275757,907,-2.534748091011542,-2.4954009280397464,-3.994039365873153,0.0
1628,-2.516662610358015,0.30239067278798737,907,-2.5363424166376167,-2.496982804078413,-3.997230406941577,0.0
1629,-2.5182539228083303,0.30248430146623334,907,-2.537939822510831,-2.4985680231058294,-4.000421448010001,0.0
1630,-2.5198406628493304,0.30258011838334464,907,-2.5395327983869174,-2.5001485273117434,-4.003612489078424,0.0
1631,-2.5214204443581885,0.30267586270565583,907,-2.5411188110063385,-2.5017220777100384,-4.006803530146849,0.0
1632,-2.523049283665407,0.30293622334727355,906,-2.542775472188503,-2.503323095142311,-4.009994571215272,0.0
1633,-2.524763685530522,0.3031640367496201,905,-2.5445156121278703,-2.505011758933174,-4.013185612283697,0.0
1634,-2.526334831812562,0.30325833497289334,905,-2.5460929021847596,-2.506576761440364,-4.01637665335212,0.0
1635,-2.5280211633766316,0.30350395121619383,904,-2.5478061702510892,-2.508236156502174,-4.0195676944205445,0.0
1636,-2.5295899325428497,0.30360343435629183,904,-2.54938142458695,-2.5097984404987495,-4.022758735488968,0.0
1637,-2.53115870170907,0.30370564610230955,904,-2.550956856796895,-2.511360546621245,-4.0259497765573915,0.0
1638,-2.5327265216249684,0.30380753089379137,904,-2.5525313184428,-2.512921724807137,-4.029140817625816,0.0
1639,-2.5342891125387026,0.30390913738195624,904,-2.5541005329443283,-2.514477692133077,-4.03233185869424,0.0
1640,-2.535859108243285,0.3040114722501826,904,-2.5556771997188035,-2.5160410167677663,-4.035522899762664,0.0
1641,-2.537422681743971,0.30411858476167386,904,-2.557247755737403,-2.5175976077505386,-4.038713940831087,0.0
1642,-2.5389873294834024,0.30422688876341064,904,-2.5588194636663655,-2.5191551953004394,-4.041904981899512,0.0
1643,-2.5405508273681563,0.3043395985858744,904,-2.5603903089500686,-2.520711345786244,-4.045096022967935,0.0
1644,-2.542099394585045,0.30461721783269713,903,-2.5619679660802976,-2.5222308230897923,-4.0482870640363595,0.0
1645,-2.5436926621859515,0.3048988470865088,902,-2.563590623618631,-2.523794700753272,-4.051478105104783,0.0
1646,-2.5452545524265036,0.3050143363750083,902,-2.565160050789645,-2.525349054063362,-4.054669146173207,0.0
1647,-2.5468118701360862,0.3051346095578506,902,-2.566725217630756,-2.5268985226414165,-4.057860187241631,0.0
1648,-2.548376644988424,0.30526002586244644,902,-2.5682981772591784,-2.52845511271767,-4.061051228310054,0.0
1649,-2.549937668609648,0.305390291037195,902,-2.5698677020979304,-2.5300076351213656,-4.064242269378479,0.0
1650,-2.551472047844209,0.30568882012979315,901,-2.5714326312916227,-2.5315114643967953,-4.067433310446903,0.0
1651,-2.5531892970102286,0.3059573017943836,900,-2.5731785073941285,-2.5332000866263287,-4.070624351515327,0.0
1652,-2.554758316668644,0.30608916152931176,900,-2.574756141888559,-2.5347604914487287,-4.07381539258375,0.0
1653,-2.5563244132153926,0.3062168873583464,900,-2.5763305831894714,-2.536318243241314,-4.0770064336521745,0.0
1654,-2.5578976929594917,0.30633849145707354,900,-2.577911807734687,-2.5378835781842963,-4.080197474720598,0.0
1655,-2.5594782706555677,0.30646068490950124,900,-2.579500368736322,-2.5394561725748135,-4.083388515789022,0.0
1656,-2.5613257368543114,0.30686556969974677,898,-2.5813966007711433,-2.5412548729374795,-4.086579556857446,0.0
1657,-2.5628534081236594,0.30715311260253925,897,-2.5829542742216853,-2.5427525420256334,-4.08977059792587,0.0
1658,-2.5644391311117625,0.30727070583039334,897,-2.584547692804038,-2.544330569419487,-4.092961638994294,0.0
1659,-2.566027758748369,0.30738894955803,897,-2.5861440586052233,-2.545911458891515,-4.096152680062717,0.0
1660,-2.5676111661808014,0.3075090369909516,897,-2.5877353248589086,-2.5474870075026943,-4.099343721131142,0.0
1661,-2.5691838348441887,0.30763451666808656,897,-2.589316205225465,-2.5490514644629125,-4.102534762199566,0.0
1662,-2.570762789802518,0.307759972395036,897,-2.590903370319603,-2.5506222092854327,-4.1057258032679895,0.0
1663,-2.572343685945071,0.3078871725353468,897,-2.592492590756728,-2.552194781133414,-4.108916844336413,0.0
1664,-2.5739215508617765,0.3080185696490064,897,-2.594079054628414,-2.553764047095139,-4.112107885404837,0.0
1665,-2.5755012262563346,0.30815223571075595,897,-2.595667477463577,-2.5553349750490923,-4.115298926473261,0.0
1666,-2.5770809459448945,0.3082882440287978,897,-2.597256097875838,-2.556905794013951,-4.118489967541684,0.0
1667,-2.578655465825461,0.30842629534388216,897,-2.5988396521789294,-2.558471279471992,-4.121681008610109,0.0
1668,-2.5801020800734387,0.308709232658012,896,-2.6003160532363916,-2.5598881069104857,-4.124872049678533,0.0
1669,-2.581675822466773,0.3088500194715839,896,-2.6018990142100926,-2.5614526307234535,-4.128063090746957,0.0
1670,-2.5815091708141584,0.3049646782012249,894,-2.6015002782482153,-2.5615180633801016,-4.046992165113258,0.0
1671,-2.5830795798701076,0.3051057869422711,894,-2.603079937293438,-2.563079222446777,-4.0498314702556115,0.0
1672,-2.5846547670844577,0.30524262237680255,894,-2.604664094372392,-2.5646454397965233,-4.052670775397965,0.0
1673,-2.5862216252064387,0.30538362453176743,894,-2.606240195496694,-2.5662030549161834,-4.055510080540319,0.0
1674,-2.5877909068996443,0.30552671552486016,894,-2.6078188571201677,-2.567762956679121,-4.058349385682674,0.0
1675,-2.5893607590178154,0.30567261940074614,894,-2.6093982735592793,-2.5693232444763514,-4.061188690825028,0.0
1676,-2.5909358273489596,0.3058194382448417,894,-2.6109829661895487,-2.5708886885083704,-4.064027995967383,0.0
1677,-2.5925072372620916,0.3059684818491747,894,-2.6125641462397478,-2.5724503282844355,-4.0668673011097365,0.0
1678,-2.5940736375009488,0.30612364280425103,894,-2.6141407176215083,-2.574006557380389,-4.06970660625209,0.0
1679,-2.595743016423727,0.30661677927345027,892,-2.615864943078005,-2.5756210897694487,-4.072545911394444,0.0
1680,-2.5973179035104006,0.306775994796717,892,-2.617450278787514,-2.5771855282332874,-4.075385216536799,0.0
1681,-2.59883926100925,0.3071046422979226,891,-2.6190045105543196,-2.5786740114641806,-4.078224521679153,0.0
1682,-2.6004154963194077,0.3072690862697198,891,-2.6205915436619405,-2.580239448976875,-4.081063826821508,0.0
1683,-2.6019931614688443,0.3074348709615115,891,-2.622180094643827,-2.5818062282938614,-4.0839031319638615,0.0
1684,-2.6035614565774585,0.3076069380768317,891,-2.6237596881043417,-2.5833632250505754,-4.086742437106215,0.0
1685,-2.6051293520322933,0.30778024547450394,891,-2.6253389633510804,-2.5849197407135063,-4.089581742248569,0.0
1686,-2.6065536326578616,0.3082872222453708,889,-2.626819290948533,-2.58628797436719,-4.092421047390923,0.0
1687,-2.608127499685573,0.3084643956414892,889,-2.6284048046980186,-2.5878501946731274,-4.095260352533278,0.0
1688,-2.609703325263933,0.30864272344404536,889,-2.629992352884549,-2.5894142976433168,-4.098099657675632,0.0
1689,-2.6112781304047665,0.30882107362777006,889,-2.631578882104808,-2.590977378704725,-4.100938962817986,0.0
1690,-2.6128431977228095,0.30900362764492145,889,-2.63315594984669,-2.592530445598929,-4.10377826796034,0.0
1691,-2.6146818110373955,0.30948311567660797,887,-2.635049006056176,-2.594314616018615,-4.106617573102694,0.0
1692,-2.6161928058314596,0.309844622610905,886,-2.6365952958346903,-2.595790315828229,-4.109456878245048,0.0
1693,-2.617768368231476,0.31020986484106167,885,-2.6382064456780725,-2.597330290784879,-4.112296183387403,0.0
1694,-2.6193985304816434,0.31074912220991857,883,-2.6398953100295683,-2.5989017509337184,-4.115135488529757,0.0
1695,-2.6212189433856783,0.311015529500285,882,-2.6417449211156496,-2.600692965655707,-4.117974793672111,0.0
1696,-2.62281197332937,0.31138886422537,881,-2.6433742498193755,-2.6022496968393645,-4.120814098814465,0.0
1697,-2.6243578542975308,0.31159027913513493,881,-2.6449334310353603,-2.6037822775597013,-4.123653403956819,0.0
1698,-2.6264805807433524,0.3119112756982246,879,-2.6471007729312426,-2.6058603885554623,-4.126492709099173,0.0
1699,-2.6280192657573767,0.31212153158367334,879,-2.648653357785075,-2.6073851737296785,-4.129332014241527,0.0
1700,-2.629555080187438,0.3123344250936052,879,-2.6502032464260816,-2.608906913948794,-4.132171319383882,0.0
1701,-2.631098020506607,0.3125449059572441,879,-2.6517601014581778,-2.610435939555036,-4.1350106245262355,0.0
1702,-2.632651613633233,0.3127501002514982,879,-2.653327259807074,-2.6119759674593923,-4.13784992966859,0.0
1703,-2.634536381537646,0.3129801077184703,878,-2.655239012903801,-2.613833750171491,-4.140689234810944,0.0
1704,-2.636857938291584,0.31313405769612734,876,-2.657594384240631,-2.616121492342537,-4.143528539953298,0.0
1705,-2.638421062109345,0.31333858963930206,876,-2.659171052626542,-2.617671071592148,-4.146367845095652,0.0
1706,-2.6399884007374608,0.31354263579140806,876,-2.6607519036526237,-2.619224897822298,-4.149207150238006,0.0
1707,-2.6415528605229692,0.3137495111536545,876,-2.662330063192796,-2.6207756578531423,-4.15204645538036,0.0
1708,-2.643110987464745,0.31395704557470183,876,-2.6639019335336016,-2.6223200413958887,-4.154885760522715,0.0
1709,-2.6446613564182515,0.31416982564078993,876,-2.665466393264623,-2.62385631957188,-4.157725065665069,0.0
1710,-2.646199101325648,0.31438430221848485,876,-2.667018341296373,-2.625379861354923,-4.160564370807423,0.0
1711,-2.6477399522799847,0.3145995050204099,876,-2.6685734434672748,-2.6269064610926947,-4.163403675949777,0.0
1712,-2.649267540171954,0.31481965182703436,876,-2.670115609978989,-2.6284194703649186,-4.166242981092131,0.0
1713,-2.650787100230249,0.31504038784324573,876,-2.6716497876758223,-2.629924412784676,-4.169082286234485,0.0
1714,-2.652363999134049,0.3154381522009761,875,-2.6732649606146595,-2.6314630376534387,-4.171921591376839,0.0
1715,-2.653885431692414,0.31565602057364583,875,-2.6748008291517835,-2.6329700342330447,-4.174760896519194,0.0
1716,-2.655405675202276,0.3158757415044833,875,-2.676335631391082,-2.6344757190134698,-4.177600201661548,0.0
1717,-2.6569181243175612,0.3160994049466666,875,-2.677862900466975,-2.6359733481681475,-4.180439506803902,0.0
1718,-2.658548374008888,0.31648688875886316,874,-2.679530818267767,-2.637565929750009,-4.183278811946256,0.0
1719,-2.660059512955898,0.31671436962137767,874,-2.68105703873849,-2.639061987173306,-4.1861181170886095,0.0
1720,-2.6615665435027775,0.31694304533878986,874,-2.6825792300255595,-2.6405538569799956,-4.188957422230964,0.0
1721,-2.6633641837819364,0.3172373489258991,873,-2.6844084245256488,-2.642319943038224,-4.191796727373319,0.0
1722,-2.6648643364497553,0.31747004754231917,873,-2.6859240134771247,-2.643804659422386,-4.194636032515673,0.0
1723,-2.6663584488419154,0.31770414902758587,873,-2.687433655213579,-2.645283242470252,-4.197475337658027,0.0
1724,-2.6678479394084644,0.31792967510220876,873,-2.688938106266415,-2.646757772550514,-4.200314642800381,0.0
1725,-2.6693430967902407,0.3181517187770403,873,-2.690447993126182,-2.6482382004542995,-4.2031539479427344,0.0
1726,-2.6708354969712453,0.3183775888999957,873,-2.6919553766162463,-2.6497156173262444,-4.205993253085089,0.0
1727,-2.6723342296804713,0.3185997511934041,873,-2.693468846672139,-2.6511996126888038,-4.208832558227443,0.0
1728,-2.6738363164839103,0.31882042858650367,873,-2.6949855723199723,-2.6526870606478483,-4.211671863369798,0.0
1729,-2.6753376793407213,0.3190418635962505,873,-2.6965016242783975,-2.654173734403045,-4.214511168512152,0.0
1730,-2.6768453880153396,0.3192596395994326,873,-2.6980237793309554,-2.6556669966997237,-4.2173504736545055,0.0
1731,-2.6785032208152,0.3196317565767392,872,-2.6997184511073167,-2.6572879905230833,-4.220189778796859,0.0
1732,-2.6800030293745767,0.31985608491315715,872,-2.701233149230137,-2.6587729095190165,-4.223029083939213,0.0
1733,-2.6815051591691637,0.32007780598695446,872,-2.702749995533783,-2.6602603228045445,-4.225868389081568,0.0
1734,-2.683008979130085,0.3202989639438669,872,-2.704268494627457,-2.661749463632713,-4.228707694223923,0.0
1735,-2.6845078520379753,0.32052705546878885,872,-2.7057825068765715,-2.663233197199379,-4.231546999366277,0.0
1736,-2.686003021395673,0.32075752368739296,872,-2.7072929733261013,-2.664713069465245,-4.2343863045086305,0.0
1737,-2.6874931473054797,0.3209914249406687,872,-2.708798624191898,-2.6661876704190615,-4.237225609650984,0.0
1738,-2.6889738022235674,0.32122418610060366,872,-2.7102947283934484,-2.6676528760536864,-4.240064914793338,0.0
1739,-2.690443130058938,0.3214634619017048,872,-2.7117799379149132,-2.6691063222029627,-4.242904219935693,0.0
1740,-2.688338217903762,0.31330898692500964,870,-2.709157670064007,-2.667518765743517,-3.847188897554579,0.0
1741,-2.6897918239937093,0.3135529533524144,870,-2.710627487777547,-2.6689561602098717,-3.849863889870697,0.0
1742,-2.691251079416267,0.3137968577166551,870,-2.7121029506995855,-2.670399208132949,-3.852538882186815,0.0
1743,-2.6927152755739354,0.31403845439783196,870,-2.71358320101068,-2.671847350137191,-3.855213874502933,0.0
1744,-2.693596132183267,0.3139899763509325,869,-2.7144728377993577,-2.672719426567176,-3.857888866819051,0.0
1745,-2.694523482335967,0.3140068953094025,868,-2.7154133358055605,-2.6736336288663733,-3.860563859135169,0.0
1746,-2.6955866571009253,0.3141835485406985,866,-2.716512384617318,-2.6746609295845327,-3.8632388514512868,0.0
1747,-2.697067462472809,0.31442010200394666,866,-2.7180089452804572,-2.676125979665161,-3.8659138437674043,0.0
1748,-2.6985500287245543,0.31465572620713755,866,-2.719507204931475,-2.6775928525176336,-3.8685888360835223,0.0
1749,-2.6994885144193574,0.3146818412255612,865,-2.7204595414588773,-2.6785174873798376,-3.8712638283996403,0.0
1750,-2.700964199858694,0.3149223619772228,865,-2.7219512556819754,-2.6799771440354125,-3.8739388207157583,0.0
1751,-2.701922057146074,0.3149669173771979,864,-2.72292422572282,-2.6809198885693277,-3.8766138130318764,0.0
1752,-2.7024328194068277,0.3149310017944932,862,-2.723456940684512,-2.681408698129143,-3.879288805347994,0.0
1753,-2.703379524238132,0.3149823551193902,861,-2.724419281331088,-2.682339767145176,-3.881963797664112,0.0
1754,-2.70380666374775,0.3148477842990506,859,-2.7248619005804384,-2.682751426915061,-3.8846387899802295,0.0
1755,-2.705360357615918,0.3152741235818447,858,-2.726456388593993,-2.6842643266378428,-3.8873137822963475,0.0
1756,-2.7068233387399943,0.31553329417794357,858,-2.7279367116770663,-2.685709965802922,-3.8899887746124655,0.0
1757,-2.7082872720593896,0.31578656407247385,858,-2.729417592120064,-2.6871569519987153,-3.8926637669285835,0.0
1758,-2.709755248245544,0.31602964326582467,858,-2.730901833536408,-2.68860866295468,-3.8953387592447015,0.0
1759,-2.710775739809879,0.3161844851898575,857,-2.7319450260948916,-2.6896064535248665,-3.898013751560819,0.0
1760,-2.711900829318441,0.31644542623379285,856,-2.7330999580428257,-2.6907017005940563,-3.900688743876937,0.0
1761,-2.7123868335218,0.31681548009332194,853,-2.733648042171427,-2.691125624872173,-3.9033637361930547,0.0
1762,-2.71344915608524,0.3170234838974307,852,-2.734736805453078,-2.6921615067174023,-3.9060387285091727,0.0
1763,-2.714098741359631,0.3171886132406177,850,-2.7354225215301105,-2.6927749611891514,-3.9087137208252907,0.0
1764,-2.7156880887020294,0.3176107264299603,849,-2.73705281765,-2.694323359754059,-3.9113887131414087,0.0
1765,-2.7165041837945734,0.31793312097751847,847,-2.737915833982209,-2.6950925336069376,-3.9140637054575267,0.0
1766,-2.717619038192194,0.3181899615674785,846,-2.7390606467903824,-2.6961774295940053,-3.9167386977736443,0.0
1767,-2.7196076882766693,0.31865333544099816,844,-2.74110594856553,-2.698109427987809,-3.9194136900897623,0.0
1768,-2.721111683786218,0.3188947836362507,844,-2.742626233614746,-2.69959713395769,-3.92208868240588,0.0
1769,-2.7235905583716176,0.3198309948085492,839,-2.745232471022824,-2.701948645720411,-3.924763674721998,0.0
1770,-2.725220129693471,0.3202355796144652,838,-2.746902344584817,-2.7035379148021246,-3.927438667038116,0.0
1771,-2.7261801040318447,0.3206452678703852,836,-2.747916011048348,-2.7044441970153414,-3.930113659354234,0.0
1772,-2.7266110475791363,0.3209150877944317,833,-2.7484043831716436,-2.704817711986629,-3.932788651670352,0.0
1773,-2.72694231292603,0.32112023419186103,830,-2.7487889551810123,-2.705095670671048,-3.93546364398647,0.0
1774,-2.7277962544112397,0.3213622866437403,827,-2.749698983199787,-2.7058935256226926,-3.938138636302587,0.0
1775,-2.7287334030648935,0.32176359540473687,825,-2.750690049229188,-2.706776756900599,-3.940813628618705,0.0
1776,-2.730267154326523,0.3219933829899531,825,-2.7522394808374244,-2.708294827815622,-3.943488620934823,0.0
1777,-2.7314795724925287,0.32227199472480367,824,-2.7534842512465545,-2.709474893738503,-3.946163613250941,0.0
1778,-2.7326783890616984,0.322533859125663,823,-2.7547143232524984,-2.7106424548708983,-3.948838605567059,0.0
1779,-2.7343867572031018,0.323089596199788,820,-2.756501002302023,-2.7122725121041804,-3.951513597883177,0.0
1780,-2.735942115585858,0.32330685980794505,820,-2.7580712315464178,-2.713812999625298,-3.954188590199294,0.0
1781,-2.736173448385581,0.32335656898810466,817,-2.75834656449344,-2.714000332277722,-3.956863582515412,0.0
1782,-2.736921973564258,0.3238660586319196,814,-2.7591709125463306,-2.714673034582185,-3.95953857483153,0.0
1783,-2.73809236344782,0.324052862332753,813,-2.760367822383116,-2.7158169045125238,-3.962213567147648,0.0
1784,-2.739680739074304,0.32425426485768766,813,-2.7619700424596734,-2.7173914356889344,-3.964888559463766,0.0
1785,-2.7418832683372125,0.32460781681736695,811,-2.7642243717084325,-2.7195421649659925,-3.967563551779884,0.0
1786,-2.7432018169855676,0.32489693607018794,810,-2.765576617793036,-2.720827016178099,-3.970238544096002,0.0
1787,-2.7448073851701245,0.3250892181373988,810,-2.767195427939812,-2.722419342400437,-3.9729135364121193,0.0
1788,-2.74641295335468,0.3252822333827875,810,-2.7688142885786475,-2.7240116181307124,-3.9755885287282373,0.0
1789,-2.748022970527839,0.3254700792109082,810,-2.7704372422018624,-2.725608698853816,-3.9782635210443553,0.0
1790,-2.7494161760440976,0.3258016730589799,809,-2.771867146621522,-2.7269652054666733,-3.9809385133604733,0.0
1791,-2.7500658143055707,0.3258285048423367,807,-2.772546439219262,-2.7275851893918794,-3.9836135056765913,0.0
1792,-2.7516709446215093,0.32601932871937717,807,-2.7741647354796792,-2.7291771537633394,-3.9862884979927093,0.0
1793,-2.752458069316262,0.32620261177109816,805,-2.7749924468000176,-2.7299236918325063,-3.9889634903088274,0.0
1794,-2.7532095842218594,0.3263422572793572,803,-2.775781665836873,-2.7306375026068457,-3.9916384826249445,0.0
1795,-2.754810601235287,0.326532617589152,803,-2.777395849482427,-2.732225352988147,-3.9943134749410625,0.0
1796,-2.7560958995742375,0.32680461215878215,802,-2.7787140487594217,-2.7334777503890533,-3.9969884672571805,0.0
1797,-2.756690530712947,0.3271894135826684,799,-2.779377784281825,-2.7340032771440685,-3.9996634595732985,0.0
1798,-2.75683371999049,0.3271360163405952,796,-2.779559976190075,-2.7341074637909055,-4.0023384518894165,0.0
1799,-2.7581156889105145,0.32741232561841993,795,-2.7808754412342847,-2.7353559365867444,-4.0050134442055345,0.0
1800,-2.7594397436833162,0.32771988340132113,794,-2.782235216876856,-2.7366442704897764,-4.0076884365216525,0.0
1801,-2.7607155284658838,0.328415775730413,791,-2.7836026850172257,-2.7378283719145418,-4.01036342883777,0.0
1802,-2.761512922313652,0.32862571958369835,789,-2.7844437177388266,-2.738582126888477,-4.013038421153888,0.0
1803,-2.7627525205084993,0.3288694580846082,788,-2.785714879653757,-2.7397901613632416,-4.015713413470006,0.0
1804,-2.764354861253253,0.3290552457831354,788,-2.7873301924874463,-2.74137953001906,-4.018388405786124,0.0
1805,-2.765353440746775,0.3290157602809689,787,-2.7883406054147173,-2.7423662760788323,-4.021063398102242,0.0
1806,-2.7665971211467015,0.3292642016758365,786,-2.789616272802569,-2.743577969490834,-4.02373839041836,0.0
1807,-2.7664845806890774,0.32940263215786125,782,-2.7895722322802676,-2.7433969290978872,-4.026413382734478,0.0
1808,-2.7680758919399606,0.3295877286966192,782,-2.7911765168470275,-2.7449752670328937,-4.029088375050595,0.0
1809,-2.769663006116629,0.3297722348141774,782,-2.7927765629572714,-2.7465494492759865,-4.031763367366713,0.0
1810,-2.770878630114135,0.3300052085214787,781,-2.794023319083849,-2.747733941144421,-4.034438359682831,0.0
1811,-2.7716446781585655,0.3302067250638286,779,-2.7948332102074414,-2.7484561461096897,-4.037113351998949,0.0
1812,-2.7732275028054465,0.3303896020141078,779,-2.7964288772578856,-2.7500261283530074,-4.039788344315067,0.0
1813,-2.7739069101720086,0.3305177837383762,777,-2.797147138680598,-2.7506666816634193,-4.042463336631185,0.0
1814,-2.7733466170928383,0.33069046313477385,772,-2.7966741650835436,-2.750019069102133,-4.045138328947302,0.0
1815,-2.7746524368560186,0.3313783748818633,769,-2.798074064119084,-2.751230809592953,-4.04781332126342,0.0
1816,-2.775829291670845,0.33159071793047523,768,-2.799281180477443,-2.7523774028642474,-4.050488313579538,0.0
1817,-2.777415573378917,0.33178220660131064,768,-2.8008810052998827,-2.7539501414579517,-4.053163305895656,0.0
1818,-2.778547292431372,0.33195159343952363,767,-2.802040004021683,-2.7550545808410614,-4.055838298211774,0.0
1819,-2.780131878956488,0.3321427655198263,767,-2.8036381200813314,-2.7566256378316445,-4.058513290527892,0.0
1820,-2.7818918386754774,0.33275157485185863,765,-2.805471929489825,-2.75831174786113,-4.06118828284401,0.0
1821,-2.7830105995834016,0.3329146339494741,764,-2.8066176799192957,-2.7594035192475075,-4.063863275160127,0.0
1822,-2.7845959100962068,0.33311083810076086,764,-2.8082169033295505,-2.760974916862863,-4.066538267476245,0.0
1823,-2.7861752932650146,0.3333117645501709,764,-2.8098105342554383,-2.762540052274591,-4.069213259792363,0.0
1824,-2.787777723022196,0.3335133988425911,764,-2.811427261963068,-2.7641281840813243,-4.071888252108481,0.0
1825,-2.7893801527793656,0.3337160884477884,764,-2.813044064503243,-2.7657162410554883,-4.074563244424599,0.0
1826,-2.790982582536545,0.3339198314440339,764,-2.814660941739715,-2.7673042233333747,-4.077238236740717,0.0
1827,-2.7925944294815706,0.33412103841759494,764,-2.8162870563338753,-2.7689018026292658,-4.079913229056835,0.0
1828,-2.7942003732977825,0.33432703221779025,764,-2.8179076072345888,-2.770493139360976,-4.082588221372952,0.0
1829,-2.795309234488397,0.3344710347925879,763,-2.819042216834931,-2.7715762521418634,-4.08526321368907,0.0
1830,-2.796904349852321,0.33468065619764664,763,-2.8206522062554638,-2.773156493449178,-4.087938206005188,0.0
1831,-2.7984994652162354,0.3348913147326428,763,-2.8222622692673722,-2.7747366611650985,-4.090613198321306,0.0
1832,-2.800088862654554,0.33510530522753934,763,-2.823866850778778,-2.7763108745303304,-4.093288190637424,0.0
1833,-2.801678260092873,0.3353203431337981,763,-2.8254715066111045,-2.7778850135746413,-4.095963182953542,0.0
1834,-2.8032676575311886,0.33553642643763026,763,-2.827076236621457,-2.77945907844092,-4.09863817526966,0.0
1835,-2.804857054969511,0.33575355312065425,763,-2.8286810406666274,-2.7810330692723944,-4.1013131675857775,0.0
1836,-2.806446452407829,0.3359717211599734,763,-2.8302859186030673,-2.782606986212591,-4.1039881599018955,0.0
1837,-2.808047301713218,0.3361898722148918,763,-2.8319022472014193,-2.784192356225017,-4.1066631522180135,0.0
1838,-2.8093869047146804,0.3365527522766483,762,-2.833283263607138,-2.7854905458222228,-4.1093381445341315,0.0
1839,-2.8106752342508114,0.33688448034233104,761,-2.8346108578794356,-2.7867396106221873,-4.1120131368502495,0.0
1840,-2.811964597900128,0.3372191433930683,760,-2.8359397569023113,-2.787989438897945,-4.1146881291663675,0.0
1841,-2.8132526907463298,0.3375554816040702,759,-2.837267566737221,-2.7892378147554386,-4.1173631214824855,0.0
1842,-2.814615223428799,0.33793389618689057,758,-2.8386728746334837,-2.790557572224114,-4.120038113798603,0.0
1843,-2.8162192964251855,0.33815627506166634,758,-2.840292778872208,-2.792145813978163,-4.122713106114721,0.0
1844,-2.8187218587491185,0.33873995191998435,755,-2.8428847565543363,-2.7945589609439008,-4.125388098430839,0.0
1845,-2.81866808598088,0.33606655556443743,754,-2.84265617728698,-2.79467999467478,-4.128063090746957,0.0
1846,-2.8179303340687154,0.3333236629399275,751,-2.841770114357336,-2.794090553780095,-4.034495478284965,0.0
1847,-2.819381803145297,0.3341488553569114,747,-2.843344503010604,-2.7954191032799898,-4.036969889571578,0.0
1848,-2.8207594443154784,0.3345245309956498,746,-2.844765158339143,-2.796753730291814,-4.03944430085819,0.0
1849,-2.8223812018004115,0.33474416139945884,746,-2.8464026766552744,-2.7983597269455487,-4.041918712144803,0.0
1850,-2.8237013667954005,0.33508893330254597,745,-2.8477637157108786,-2.7996390178799224,-4.044393123431416,0.0
1851,-2.8253228206059937,0.33531152462889524,745,-2.8494011535472867,-2.8012444876647007,-4.046867534718028,0.0
1852,-2.827288444468544,0.33592172933519165,743,-2.851443039568835,-2.803133849368253,-4.04934194600464,0.0
1853,-2.8289069784882956,0.3361390962606056,743,-2.853077203449989,-2.804736753526602,-4.051816357291253,0.0
1854,-2.8300247461464787,0.33630872948528695,742,-2.8542234586037623,-2.805826033689195,-4.054290768577865,0.0
1855,-2.8316405427977847,0.3365316195805824,742,-2.8558552930585885,-2.8074257925369808,-4.0567651798644775,0.0
1856,-2.833252057115142,0.3367530072661936,742,-2.8574827370752844,-2.809021377154999,-4.059239591151091,0.0
1857,-2.834863571432497,0.3369758787634927,742,-2.8591102878579617,-2.810616855007032,-4.061714002437703,0.0
1858,-2.8362495701913084,0.3373748146530416,741,-2.8605413662491017,-2.811957774133515,-4.064188413724315,0.0
1859,-2.837860439398867,0.337603330430538,741,-2.8621686891408773,-2.813552189656857,-4.066662825010928,0.0
1860,-2.8392432263914973,0.3380025312023319,740,-2.863596657909475,-2.8148897948735194,-4.06913723629754,0.0
1861,-2.840432709890088,0.3385936598276916,738,-2.8648617674117935,-2.8160036523683822,-4.071611647584152,0.0
1862,-2.8420479305764927,0.33882714826546817,738,-2.866493833961408,-2.8176020271915774,-4.0740860588707655,0.0
1863,-2.843060997039282,0.3393257178074255,736,-2.8675761123668058,-2.8185458817117586,-4.076560470157378,0.0
1864,-2.8446830902753617,0.3395641065875153,736,-2.869215428371836,-2.8201507521788876,-4.079034881443991,0.0
1865,-2.846343205789716,0.3397884791755927,736,-2.870891754033504,-2.821794657545928,-4.081509292730603,0.0
1866,-2.847997094145819,0.34000804866728357,736,-2.872561505529737,-2.823432682761901,-4.083983704017215,0.0
1867,-2.849118883553523,0.34015514150577636,735,-2.8737106339195253,-2.824527133187521,-4.086458115303828,0.0
1868,-2.850473780706164,0.340512809321848,734,-2.8751081526934974,-2.825839408718831,-4.08893252659044,0.0
1869,-2.8521166187527127,0.34072716600592706,734,-2.876766498357231,-2.8274667391481945,-4.091406937877053,0.0
1870,-2.853226837341586,0.34085149367117173,733,-2.8779025262025293,-2.828551148480643,-4.093881349163666,0.0
1871,-2.8534372889142583,0.34101560025741107,730,-2.878175534019847,-2.8286990438086694,-4.096355760450278,0.0
1872,-2.855096963061241,0.34123885748639143,730,-2.8798514038835297,-2.8303425222389524,-4.098830171736891,0.0
1873,-2.8563857490810562,0.34155356666196074,729,-2.881180007994295,-2.8315914901678174,-4.101304583023503,0.0
1874,-2.858043582925867,0.3417840132130643,729,-2.882854570551704,-2.83323259530003,-4.103778994310115,0.0
1875,-2.859701416770679,0.3420174759098356,729,-2.884529352058949,-2.8348734814824095,-4.106253405596728,0.0
1876,-2.861359250615487,0.34225394858003794,729,-2.8862043520679634,-2.83651414916301,-4.1087278168833405,0.0
1877,-2.8630092401855274,0.342483441669469,729,-2.887871001136348,-2.838147479234707,-4.111202228169953,0.0
1878,-2.863300714704491,0.34255749679804637,726,-2.888219176923457,-2.8383822524855247,-4.113676639456566,0.0
1879,-2.864890904059857,0.3430229603142804,725,-2.889860427790134,-2.83992138032958,-4.116151050743178,0.0
1880,-2.866604459551143,0.3432657659364788,725,-2.891591657727293,-2.841617261374993,-4.11862546202979,0.0
1881,-2.8680567564900326,0.3436804031920751,724,-2.893091408413541,-2.8430221045665243,-4.121099873316403,0.0
1882,-2.8688039534783747,0.34392111074966963,722,-2.8938908135428183,-2.843717093413931,-4.1235742846030154,0.0
1883,-2.870276244092571,0.3443481448394684,721,-2.8954116664145015,-2.8451408217706406,-4.126048695889628,0.0
1884,-2.872021006207563,0.34462234920240437,721,-2.8971764438615586,-2.8468655685535675,-4.128523107176241,0.0
1885,-2.873763657719613,0.3449035774587829,721,-2.8989396234092575,-2.848587692029968,-4.130997518462853,0.0
1886,-2.875381170363056,0.34540485787873104,720,-2.900611229267589,-2.850151111458523,-4.133471929749465,0.0
1887,-2.877163333526855,0.34570509846664566,720,-2.9024153234712844,-2.8519113435824255,-4.135946341036078,0.0
1888,-2.878473265208285,0.3460243012993687,719,-2.903766141888363,-2.8531803885282074,-4.13842075232269,0.0
1889,-2.879912578893499,0.3467632906562685,717,-2.9052947991907425,-2.8545303585962554,-4.1408951636093025,0.0
1890,-2.881743147837248,0.34711020294730904,717,-2.9071507612612506,-2.8563355344132453,-4.143369574895916,0.0
1891,-2.8835737167809854,0.3474722613718192,717,-2.909007831991478,-2.858139601570493,-4.145843986182528,0.0
1892,-2.8849416175224847,0.34787174461634357,716,-2.910422749393388,-2.8594604856515815,-4.14831839746914,0.0
1893,-2.8862740474850854,0.3482527274615244,715,-2.9118009180863926,-2.860747176883778,-4.150792808755753,0.0
1894,-2.888107609823718,0.3486655441385004,715,-2.913664739823055,-2.862550479824381,-4.153267220042365,0.0
1895,-2.889936098059454,0.34908981028671016,715,-2.9155243267012763,-2.8643478694176316,-4.1557416313289774,0.0
1896,-2.8913483784728635,0.349916661291631,713,-2.917033163096086,-2.865663593849641,-4.1582160426155905,0.0
1897,-2.8928081326434785,0.3504776568499579,712,-2.9185521554326965,-2.8670641098542604,-4.160690453902203,0.0
1898,-2.89464432518358,0.3509519862073001,712,-2.9204231894114643,-2.868865460955696,-4.163164865188815,0.0
1899,-2.896811334244066,0.3516506023832796,712,-2.9226415146982596,-2.870981153789872,-4.165639276475428,0.0
1900,-2.8987201845323516,0.35262391511268865,711,-2.9246400673630877,-2.8728003017016155,-4.16811368776204,0.0
1901,-2.8984047182221584,0.35289272162244645,707,-2.924417635844935,-2.872391800599382,-4.170588099048652,0.0
1902,-2.900549986687753,0.35392747620736614,707,-2.9266391795753,-2.874460793800206,-4.173062510335265,0.0
1903,-2.8992282908202776,0.34955080873266453,705,-2.925031387173855,-2.8734251944667,-4.175536921621878,0.0
1904,-2.9013731329576222,0.350844474331427,705,-2.927271724950918,-2.8754745409643263,-4.17801133290849,0.0
1905,-2.903183873871544,0.35137959199278357,705,-2.929121967111101,-2.877245780631987,-4.180485744195103,0.0
1906,-2.9040071814104658,0.35234227564729076,702,-2.9300718537795456,-2.877942509041386,-4.182960155481715,0.0
1907,-2.9060283125216366,0.3530798770350473,702,-2.9321475492726816,-2.8799090757705916,-4.185434566768327,0.0
1908,-2.90717707477168,0.3531817761662904,701,-2.9333224782738605,-2.881031671269499,-4.18790897805494,0.0
1909,-2.9081635320116015,0.35308353468218695,700,-2.9343203263060214,-2.8820067377171816,-4.1903833893415525,0.0
1910,-2.9102224085267108,0.35403990887288767,700,-2.9364500520126606,-2.883994765040761,-4.192857800628165,0.0
1911,-2.9101134801953803,0.3541679723017674,697,-2.9364070145382994,-2.883819945852461,-4.195332211914778,0.0
1912,-2.911446369246491,0.3547862590193075,696,-2.93780472059391,-2.8850880178990717,-4.19780662320139,0.0
1913,-2.912500344184466,0.3551202557116628,695,-2.9389024832229946,-2.886098205145937,-4.200281034488002,0.0
1914,-2.9133427663175975,0.3550357602125611,694,-2.9397576337085036,-2.8869278989266913,-4.202755445774615,0.0
1915,-2.9137401935465204,0.35605206956057606,691,-2.940288117328442,-2.887192269764599,-4.205229857061228,0.0
1916,-2.911896371837688,0.35314765628268396,688,-2.9382850830604035,-2.885507660614972,-4.20770426834784,0.0
1917,-2.9128356152483392,0.3531782099449041,687,-2.9392458100069927,-2.8864254204896858,-4.210178679634453,0.0
1918,-2.914392667766998,0.3533238981446556,687,-2.940813756894616,-2.88797157863938,-4.212653090921066,0.0
1919,-2.9159497202856532,0.3534697550777005,687,-2.9423817163998867,-2.88951772417142,-4.215127502207677,0.0
1920,-2.9156355503968268,0.3520973169548251,685,-2.9420033264383645,-2.889267774355289,-4.21760191349429,0.0
1921,-2.9168597586033287,0.352572954312581,684,-2.9432824477351294,-2.890437069471528,-4.220076324780903,0.0
1922,-2.9194698621137505,0.35469096681434864,684,-2.946051280340415,-2.892888443887086,-4.2225507360675145,0.0
1923,-2.9173056119891867,0.3511772637951927,681,-2.9436816102863363,-2.890929613692037,-4.225025147354128,0.0
1924,-2.9187427198222915,0.35158768268748986,680,-2.945168953249157,-2.892316486395426,-4.227499558640741,0.0
1925,-2.9200754082253977,0.3519665510781668,679,-2.9465495918472704,-2.893601224603525,-4.229973969927352,0.0
1926,-2.919317360136973,0.3504564976092867,676,-2.9457363884182883,-2.892898331855658,-4.232448381213965,0.0
1927,-2.9193656736928344,0.34870526304302096,675,-2.945672150484303,-2.893059196901366,-4.234922792500578,0.0
1928,-2.9206725850643633,0.3497847394244578,671,-2.9471390336526975,-2.894206136476029,-4.237397203787189,0.0
1929,-2.922233104698421,0.35021736408702886,670,-2.948752055951247,-2.895714153445595,-4.2398716150738025,0.0
1930,-2.923519985242892,0.35114257385805636,667,-2.95016872296868,-2.8968712475171037,-4.242346026360416,0.0
1931,-2.924708785215585,0.3514565798148551,666,-2.951401370264896,-2.898016200166274,-4.244820437647028,0.0
1932,-2.9258001438029773,0.35169746362656273,665,-2.952531099429985,-2.8990691881759694,-4.24729484893364,0.0
1933,-2.925039527764419,0.3526351871529725,659,-2.951963492284744,-2.8981155632440934,-4.249769260220253,0.0
1934,-2.9264425495407504,0.3533442295665133,657,-2.9534616813433674,-2.8994234177381335,-4.252243671506865,0.0
1935,-2.9279913755785434,0.3540512360936297,655,-2.955105871583714,-2.9008768795733726,-4.254718082793477,0.0
1936,-2.9278162097705,0.3559715871043831,647,-2.9552457966011407,-2.9003866229398594,-4.2571924940800905,0.0
1937,-2.9291208903655424,0.3563742890497395,646,-2.956602753745234,-2.9016390269858507,-4.259666905366703,0.0
1938,-2.9298632685883863,0.3571643351751739,643,-2.957470233965151,-2.9022563032116215,-4.262141316653315,0.0
1939,-2.930191894102292,0.3580799853623329,639,-2.9579561276768556,-2.9024276605277284,-4.264615727939928,0.0
1940,-2.9315744974257707,0.3588082848753397,637,-2.959438841069633,-2.9037101537819083,-4.26709013922654,0.0
1941,-2.9305089739320387,0.35586795479071615,634,-2.9582102850419574,-2.90280766282212,-4.269564550513152,0.0
1942,-2.9304814234188536,0.35698586154885464,629,-2.958379981962295,-2.9025828648754124,-4.272038961799765,0.0
1943,-2.9319317950948305,0.35744004947113245,628,-2.9598880802105345,-2.9039755099791265,-4.274513373086378,0.0
1944,-2.9305572308755465,0.3558559888372906,623,-2.9585010863946994,-2.9026133753563936,-4.27698778437299,0.0
1945,-2.930730573976116,0.35675337861050127,619,-2.9588352667138453,-2.9026258812383867,-4.279462195659603,0.0
1946,-2.9299452465137437,0.3539845152619324,617,-2.9578769712811344,-2.902013521746353,-4.281936606946215,0.0
1947,-2.930863130463052,0.3545654980034507,615,-2.9588861536754103,-2.9028401072506935,-4.284411018232827,0.0
1948,-2.932411876350553,0.3547461228249063,615,-2.96044917521464,-2.9043745774864664,-4.28688542951944,0.0
1949,-2.9333014550079146,0.35566635075338887,612,-2.961480296831474,-2.9051226131843553,-4.2893598408060525,0.0
1950,-2.931977667029506,0.3525758738930039,608,-2.9600033930959846,-2.9039519409630277,-4.143325812110524,0.0
1951,-2.930462434070561,0.35113269929522173,603,-2.958488922759136,-2.902435945381986,-4.1454751996322585,0.0
1952,-2.9314685865666323,0.35207959753076046,600,-2.9596408217512633,-2.9032963513820014,-4.147624587153994,0.0
1953,-2.9324121311505933,0.3526884157705475,598,-2.9606802347731858,-2.904144027528001,-4.149773974675729,0.0
1954,-2.9329861829357546,0.3537703551210513,594,-2.961436314980165,-2.9045360508913443,-4.151923362197465,0.0
1955,-2.931215062654409,0.35197834183865395,588,-2.9596651333117343,-2.902764991997084,-4.1540727497192,0.0
1956,-2.9309135197497107,0.3495528849590604,587,-2.959191599279839,-2.902635440219582,-4.156222137240935,0.0
1957,-2.9324731739080416,0.3497352199355584,587,-2.9607660039471444,-2.904180343868939,-4.1583715247626705,0.0
1958,-2.932209208466799,0.3474203753736599,586,-2.9603387431747383,-2.90407967375886,-4.160520912284405,0.0
1959,-2.9337614297758745,0.3475953429810851,586,-2.9619051310604876,-2.9056177284912614,-4.162670299806141,0.0
1960,-2.9353106900366437,0.3477698273112567,586,-2.963468518768492,-2.9071528613047954,-4.164819687327876,0.0
1961,-2.9368577135667877,0.34823851224758795,585,-2.9650775789078296,-2.908637848225746,-4.166969074849611,0.0
1962,-2.9353749171561803,0.3453852810981903,582,-2.963435610960354,-2.9073142233520066,-4.169118462371347,0.0
1963,-2.936563878268608,0.3457507946600123,581,-2.9646784318616324,-2.908449324675584,-4.1712678498930815,0.0
1964,-2.9380938619376824,0.3459155189094271,581,-2.9662218100009716,-2.909965913874393,-4.173417237414817,0.0
1965,-2.938748109673609,0.3467222570083857,578,-2.967014729195557,-2.9104814901516614,-4.175566624936552,0.0
1966,-2.940211196439509,0.3471861149685125,577,-2.9685401487214933,-2.9118822441575243,-4.177716012458287,0.0
1967,-2.940734915709408,0.34788517053430473,574,-2.969194990787397,-2.9122748406314187,-4.179865399980023,0.0
1968,-2.9394715107325315,0.34546263219779333,571,-2.9678075466912124,-2.9111354747738507,-4.182014787501758,0.0
1969,-2.9403406701670427,0.3460584721181925,569,-2.9687754208148394,-2.911905919519246,-4.1841641750234935,0.0
1970,-2.940489813192927,0.3466154813059606,566,-2.9690457105339383,-2.911933915851916,-4.186313562545228,0.0
1971,-2.9412700933851865,0.3471676167537944,564,-2.969922145172553,-2.91261804159782,-4.188462950066963,0.0
1972,-2.942498936027999,0.3482423740001023,561,-2.971316432954519,-2.913681439101479,-4.190612337588698,0.0
1973,-2.942908948578541,0.34901093740540123,558,-2.971867578383503,-2.9139503187735794,-4.192761725110434,0.0
1974,-2.9442038787437643,0.34978145906263663,556,-2.9732785933594195,-2.915129164128109,-4.194911112632169,0.0
1975,-2.944887818102856,0.35104303076627424,552,-2.9741729300095354,-2.915602706196177,-4.1970605001539045,0.0
1976,-2.9411795252255035,0.34483688328874174,547,-2.970078079685872,-2.912280970765135,-4.199209887675639,0.0
1977,-2.941175956180042,0.34617347777883983,542,-2.9703200273814967,-2.9120318849785876,-4.201359275197374,0.0
1978,-2.9372696465827244,0.35660725697363416,508,-2.968280548119221,-2.9062587450462276,-4.20350866271911,0.0
1979,-2.9268463995956107,0.3429753754145909,497,-2.957000113997332,-2.8966926851938894,-4.205658050240845,0.0
1980,-2.9245915310623083,0.3403243563997851,492,-2.9546638245964436,-2.894519237528173,-4.207807437762581,0.0
1981,-2.9261031234511705,0.34049302698364003,492,-2.956190321329391,-2.89601592557295,-4.209956825284316,0.0
1982,-2.925322206375674,0.342376999228886,485,-2.955793422202841,-2.8948509905485067,-4.2121062128060505,0.0
1983,-2.9263072892728803,0.3431576520704548,483,-2.9569111483614905,-2.89570343018427,-4.214255600327786,0.0
1984,-2.9255010734582023,0.34584212718356266,474,-2.956635781263346,-2.8943663656530587,-4.216404987849521,0.0
1985,-2.926342333007954,0.3465959195215146,472,-2.9576109388134606,-2.8950737272024476,-4.218554375371257,0.0
1986,-2.9270042772640763,0.347907179708898,468,-2.958525026803349,-2.8954835277248034,-4.220703762892992,0.0
1987,-2.924820906035996,0.3458766772587584,463,-2.9563264406873517,-2.8933153713846402,-4.222853150414727,0.0
1988,-2.9256549261090656,0.3461268855628776,462,-2.95721735508651,-2.8940924971316213,-4.2250025379364615,0.0
1989,-2.926886245272633,0.3473457537614656,459,-2.9586631595685398,-2.895109330976726,-4.227151925458197,0.0
1990,-2.927726680361415,0.3481019186637501,457,-2.959642381404661,-2.895810979318169,-4.229301312979932,0.0
1991,-2.929053393156005,0.349375781700233,454,-2.961191548220098,-2.8969152380919123,-4.231450700501668,0.0
1992,-2.9298891040457606,0.35017802763945577,452,-2.9621722423142454,-2.897605965777276,-4.233600088023403,0.0
1993,-2.930240225798391,0.3520683010548052,447,-2.9628786538841356,-2.8976017977126465,-4.235749475545138,0.0
1994,-2.9313575985427582,0.35372714566988034,443,-2.964297522927776,-2.8984176741577405,-4.2378988630668735,0.0
1995,-2.9323590278851226,0.35463096320827214,441,-2.9654579177845615,-2.8992601379856837,-4.240048250588608,0.0
1996,-2.9333889339594807,0.35636802807350754,437,-2.966801827488057,-2.8999760404309045,-4.242197638110344,0.0
1997,-2.934400001582009,0.35681173970450714,436,-2.9678928405721265,-2.900907162591891,-4.244347025632079,0.0
1998,-2.9350725267645483,0.3584582314207248,432,-2.9688753329772006,-2.901269720551896,-4.246496413153814,0.0
1999,-2.9357091678966234,0.3596527788009583,429,-2.9697429994803364,-2.9016753363129104,-4.24864580067555,0.0
2000,-2.9344989852797423,0.3567712339550381,427,-2.968339110725615,-2.9006588598338694,-4.2507951881972845,0.0
2001,-2.9353260202087563,0.3576572509109267,425,-2.969329913168952,-2.9013221272485605,-4.25294457571902,0.0
2002,-2.9361626310324307,0.35945856463188,421,-2.970499750477947,-2.9018255115869143,-4.255093963240755,0.0
2003,-2.937429364855097,0.3600355014503624,420,-2.971862514723785,-2.902996214986409,-4.25724335076249,0.0
2004,-2.938918922390901,0.3602129521808893,420,-2.9733690433293143,-2.904468801452488,-4.259392738284226,0.0
2005,-2.938865340815406,0.36163123227577454,416,-2.973616983428806,-2.9041136982020057,-4.261542125805961,0.0
2006,-2.940437372802358,0.3622390481016318,415,-2.975289339223101,-2.9055854063816153,-4.2636915133276965,0.0
2007,-2.9419284120575044,0.36241423512716936,415,-2.9767972336802564,-2.9070595904347525,-4.265840900849431,0.0
2008,-2.939909148111265,0.35825583159389895,413,-2.9744612374518105,-2.90535705877072,-4.267990288371166,0.0
2009,-2.9414018682475396,0.3584298800361372,413,-2.9759707437414296,-2.9068329927536496,-4.270139675892901,0.0
2010,-2.9428945883838127,0.358603994732461,413,-2.9774802564209426,-2.9083089203466828,-4.272289063414637,0.0
2011,-2.944387308520085,0.3587781755864107,413,-2.978989775481046,-2.909784841559124,-4.274438450936372,0.0
2012,-2.9458759401895964,0.35895237424471454,413,-2.980495207791535,-2.911256672587658,-4.2765878384581075,0.0
2013,-2.947364571859117,0.359126653668756,413,-2.982000647891508,-2.9127284958267254,-4.278737225979842,0.0
2014,-2.9488532035286292,0.3593010137410081,413,-2.9835060957696142,-2.9142003112876442,-4.280886613501577,0.0
2015,-2.9503418351981474,0.3594754543441178,413,-2.985011551414548,-2.915672118981747,-4.283036001023313,0.0
2016,-2.9518285539396723,0.3600852094622593,412,-2.9865991988923466,-2.917057908986998,-4.285185388545048,0.0
2017,-2.950857839719423,0.3572651747570669,411,-2.9853981190027183,-2.9163175604361276,-4.287334776066784,0.0
2018,-2.9518480492139045,0.35773967474504437,410,-2.9864763555487692,-2.91721974287904,-4.289484163588519,0.0
2019,-2.9500415950390484,0.3521536116107211,409,-2.9841708308539876,-2.915912359224109,-4.190998275964932,0.0
2020,-2.9507980188233245,0.35344916536225685,406,-2.985179138415887,-2.916416899230762,-4.193088987634818,0.0
2021,-2.95169417623222,0.3551319051056516,402,-2.9864104205396926,-2.9169779319247477,-4.195179699304703,0.0
2022,-2.9506751414360943,0.35218475924226633,401,-2.985146185933108,-2.916204096939081,-4.197270410974588,0.0
2023,-2.952155218787275,0.35235117444930925,401,-2.98664255162686,-2.9176678859476897,-4.199361122644474,0.0
2024,-2.9536312984848183,0.35251868394125063,401,-2.988135026773096,-2.9191275701965407,-4.201451834314359,0.0
2025,-2.955103380528732,0.35268731826190985,401,-2.989623614361382,-2.9205831466960817,-4.203542545984245,0.0
2026,-2.95657546257264,0.35285606563048477,401,-2.991112213014537,-2.9220387121307434,-4.20563325765413,0.0
2027,-2.9575046279739166,0.35329949344453276,400,-2.9921279783314807,-2.9228812776163524,-4.207723969324015,0.0
2028,-2.959205765533993,0.35387512912055336,399,-2.9939289593415244,-2.9244825717264615,-4.209814680993901,0.0
2029,-2.9552206539043775,0.3461234402921762,396,-2.98931163423602,-2.921129673572735,-4.211905392663787,0.0
2030,-2.9549028784132734,0.34624574012874576,394,-2.9890923508482357,-2.920713405978311,-4.213996104333672,0.0
2031,-2.9566090736918715,0.3468240741474238,393,-2.9908991958086153,-2.9223189515751278,-4.216086816003557,0.0
2032,-2.9580840089354257,0.34699160103336263,393,-2.992390694254683,-2.9237773236161684,-4.2181775276734434,0.0
2033,-2.959554637908722,0.34715388272985115,393,-2.9938773678442696,-2.9252319079731746,-4.220268239343328,0.0
2034,-2.961025266882017,0.34731626757449996,393,-2.995364051632002,-2.926686482132032,-4.222358951013214,0.0
2035,-2.9589969229737427,0.34394629211388206,390,-2.993133062091989,-2.9248607838554963,-4.224449662683099,0.0
2036,-2.957210337618259,0.3384858141537121,389,-2.9908476852033563,-2.9235729900331617,-3.388960999188592,0.0
2037,-2.9577444927266185,0.3392692603252882,387,-2.9915467031361245,-2.9239422823171126,-3.390753758509352,0.0
2038,-2.9592062495014892,0.33943107498346176,387,-2.993024581893628,-2.9253879171093504,-3.392546517830112,0.0
2039,-2.960663373823329,0.33958708964870765,387,-2.9944972503308898,-2.9268294973157682,-3.392546517830112,0.0
2040,-2.9623662678239393,0.34014450063298524,386,-2.996299550333522,-2.9284329853143567,-3.392546517830112,0.0
2041,-2.9638187843914303,0.34029710336161173,386,-2.997767290758793,-2.9298702780240675,-3.392546517830112,0.0
2042,-2.9652670393513474,0.34044619854204544,386,-2.999230419658665,-2.93130365904403,-3.392546517830112,0.0
2043,-2.9651069681996027,0.3407471723201778,384,-2.999188783591729,-2.9310251528074764,-3.392546517830112,0.0
2044,-2.966526545011106,0.34198059604271686,381,-3.0008661304935984,-2.9321869595286136,-3.392546517830112,0.0
2045,-2.9673176858846224,0.3423326030107174,380,-3.0017378181950143,-2.9328975535742305,-3.392546517830112,0.0
2046,-2.9663788105633238,0.3427890764932413,377,-3.0009817004113555,-2.931775920715292,-3.392546517830112,0.0
2047,-2.9666966696035564,0.3426905976766202,376,-3.0013355892105618,-2.932057749996551,-3.367316616698142,0.0
2048,-2.9664843495342472,0.3429978761655901,374,-3.0012469055083413,-2.931721793560153,-3.3690449907224274,0.0
2049,-2.9661652070183804,0.34322135857845,372,-3.0010437960240495,-2.9312866180127113,-3.370773364746713,0.0
2050,-2.9676146279579405,0.34337539867597167,372,-3.0025088707133474,-2.9327203852025336,-3.3725017387709983,0.0
2051,-2.9679581932008423,0.3433350753026983,371,-3.002895328359633,-2.9330210580420517,-3.3199759051794246,0.0
2052,-2.9682734887287805,0.34428305519194996,368,-3.0034495986951137,-2.9330973787624472,-3.3215901999067228,0.0
2053,-2.9673532160320377,0.3448537170896246,365,-3.0027321343545355,-2.93197429770954,-3.3232044946340205,0.0
2054,-2.967849514280523,0.3457087364084844,363,-3.0034137199870883,-2.9322853085739573,-3.3248187893613186,0.0
2055,-2.9669149117894613,0.34629790183053794,360,-3.00268785566771,-2.9311419679112127,-3.3264330840886167,0.0
2056,-2.968356232181028,0.3464491874726274,360,-3.0041448040280154,-2.932567660334041,-3.3280473788159144,0.0
2057,-2.968068982556069,0.3467916970820672,358,-3.0039928635521473,-2.932145101559991,-3.3280473788159144,0.0
2058,-2.9661526835039735,0.34742908542905887,354,-3.0023453527079735,-2.9299600142999735,-3.3280473788159144,0.0
2059,-2.9639652635479945,0.3479847111074812,349,-3.0004745648147577,-2.9274559622812313,-3.3280473788159144,0.0
2060,-2.9650149560719186,0.34856396202442774,348,-3.001637535774072,-2.9283923763697652,-3.3280473788159144,0.0
2061,-2.9664589565103285,0.3487203507101894,348,-3.003097967506972,-2.929819945513685,-3.3280473788159144,0.0
2062,-2.9656693703579258,0.3495645268013301,345,-3.002556416464873,-2.9287823242509785,-3.3280473788159144,0.0
2063,-2.9660482620921487,0.34967620432983965,344,-3.0030006858315645,-2.929095838352733,-3.283180448065286,0.0
2064,-2.9666743962267215,0.3500185709630389,343,-3.003716879947618,-2.9296319125058248,-3.2835649350096,0.0
2065,-2.96718963223021,0.3502704030471855,342,-3.004312922437618,-2.9300663420228017,-3.285260966042879,0.0
2066,-2.967767535562217,0.3511247307753253,340,-3.0050906633755035,-2.9304444077489307,-3.2869569970761576,0.0
2067,-2.9676092932297453,0.35171431271692327,338,-3.005105536929938,-2.9301130495295524,-3.2886530281094366,0.0
2068,-2.9690196577542247,0.35186073221758407,338,-3.0065315112293987,-2.9315078042790508,-3.290349059142715,0.0
2069,-2.9696772460205767,0.3527619151856062,336,-3.0073969368554083,-2.931957555185745,-3.292045090175994,0.0
2070,-2.969663858045903,0.3534857780079864,334,-3.007573945231788,-2.931753770860018,-3.2937411212092726,0.0
2071,-2.967929162091278,0.354615990369784,330,-3.006190258972568,-2.929668065209988,-3.2954371522425516,0.0
2072,-2.9690793391482773,0.35581198679968895,327,-3.007645176896562,-2.9305135013999926,-3.286844229055328,0.0
2073,-2.9704880802608065,0.3559602986974607,327,-3.0090699932757987,-2.931906167245814,-3.288562813692773,0.0
2074,-2.9709176905553414,0.35796881638958644,323,-3.0099568093401974,-2.9318785717704854,-3.2902813983302175,0.0
2075,-2.970241448263703,0.35910970007466303,320,-3.009588139600282,-2.9308947569271244,-3.2919999829676625,0.0
2076,-2.9709004934540326,0.3595666706537487,319,-3.010358955927352,-2.931442030980713,-3.293718567605107,0.0
2077,-2.9723399703491027,0.3597314144136,319,-3.011816511626706,-2.9328634290714994,-3.2954371522425516,0.0
2078,-2.9717297975436443,0.36010469546890733,317,-3.0113717671757017,-2.932087827911587,-3.2700131152027905,0.0
2079,-2.9724126528713217,0.36059553112213355,316,-3.0121714164522855,-2.932653889290358,-3.2714922796696406,0.0
2080,-2.9738357485651723,0.3607569958341483,316,-3.0136123150215397,-2.934059182108805,-3.2729714441364908,0.0
2081,-2.974998370198203,0.36173387846577315,314,-3.0150094647481613,-2.9349872756482447,-3.274450608603341,0.0
2082,-2.975944055821221,0.3623816949047529,313,-3.016090783718489,-2.9357973279239533,-3.2759297730701915,0.0
2083,-2.9767499793217964,0.36296700596531994,312,-3.0170259414124585,-2.9364740172311343,-3.2774089375370417,0.0
2084,-2.978486266823129,0.36449657772837146,309,-3.0191278190561084,-2.93784471459015,-3.278888102003892,0.0
2085,-2.9791978003163133,0.3650360784788867,308,-3.0199655278096924,-2.9384300728229342,-3.2803672664707424,0.0
2086,-2.9801833357228955,0.3657124900040122,307,-3.021093071681136,-2.939273599764655,-3.2818464309375925,0.0
2087,-2.980422427335547,0.36673918343415984,305,-3.0215812994657045,-2.939263555205389,-3.2833255954044427,0.0
2088,-2.9812033709912673,0.36733693334845857,304,-3.0224970783407974,-2.9399096636417372,-3.2848047598712933,0.0
2089,-2.9821847884373596,0.3680230658797767,303,-3.023623838965108,-2.9407457379096114,-3.2862839243381434,0.0
2090,-2.982188670198119,0.3689965823467003,301,-3.023875144667248,-2.9405021957289903,-3.2877630888049936,0.0
2091,-2.9824249568961454,0.3700630614406512,299,-3.024371503759398,-2.9404784100328927,-3.289242253271844,0.0
2092,-2.983159907856119,0.3706634499507394,298,-3.0252449438489304,-2.9410748718633073,-3.2907214177386943,0.0
2093,-2.9814859593005525,0.3731161850463922,293,-3.0242094126379926,-2.9387625059631124,-3.2922005822055445,0.0
2094,-2.981263395443146,0.3748593524430823,290,-3.024407893723984,-2.938118897162308,-3.293679746672395,0.0
2095,-2.9798668607717675,0.377654259124826,285,-3.02371266378018,-2.936021057763355,-3.295158911139245,0.0
2096,-2.980269462534104,0.37896564061805477,283,-3.024422713874993,-2.9361162111932155,-3.2966380756060953,0.0
2097,-2.981677749636502,0.37913120457764476,283,-3.0258502908188363,-2.937505208454168,-3.298117240072946,0.0
2098,-2.9823745609570924,0.37978200086257835,282,-3.0267013114734276,-2.9380478104407572,-3.299596404539796,0.0
2099,-2.9834423972877486,0.3805844029507744,281,-3.0279417708774425,-2.9389430236980547,-3.3010755690066462,0.0
2100,-2.9845019506165364,0.3813867867175664,280,-3.0291747016898176,-2.9398291995432553,-3.3025547334734964,0.0
2101,-2.981278259248439,0.3834303008884567,275,-3.026596824792951,-2.9359596937039267,-3.3040338979403465,0.0
2102,-2.9829307332078616,0.38428151576962866,274,-3.0284327121398906,-2.9374287542758326,-3.305513062407197,0.0
2103,-2.982926149036567,0.38549652287973646,272,-3.028739502698292,-2.937112795374842,-3.305513062407197,0.0
2104,-2.98286995009308,0.3866792994383325,270,-3.028993753498906,-2.936746146687254,-3.305513062407197,0.0
2105,-2.9816861167557622,0.3891553479115142,266,-3.028452981538962,-2.9349192519725626,-3.305513062407197,0.0
2106,-2.978936422796848,0.39077271285975357,262,-3.0262547796944284,-2.931618065899267,-3.2607723193661604,0.0
2107,-2.980346927780447,0.3909507854892914,262,-3.0276868473510623,-2.933007008209832,-3.262610113130651,0.0
2108,-2.9790125673613868,0.3934870071676701,258,-3.027027532184189,-2.9309976025385844,-3.264447906895141,0.0
2109,-2.980558928831031,0.3944358339408561,257,-3.0287832222170943,-2.9323346354449678,-3.2662857006596315,0.0
2110,-2.9819731769243942,0.3946223333099174,257,-3.030220271992039,-2.9337260818567494,-3.2681234944241213,0.0
2111,-2.983387425017758,0.39480893790922994,257,-3.0316573346325866,-2.935117515402929,-3.2699612881886115,0.0
2112,-2.984999186190381,0.39654135363773735,255,-3.033670656491658,-2.9363277158891044,-3.2717990819531018,0.0
2113,-2.986424526425654,0.3967281728888666,255,-3.035118926914538,-2.93773012593677,-3.273636875717592,0.0
2114,-2.987842966283288,0.3969116239536424,255,-3.0365598835487178,-2.9391260490178586,-3.275474669482082,0.0
2115,-2.989261406140919,0.3970951629393604,255,-3.0380008509743073,-2.940521961307531,-3.2773124632465724,0.0
2116,-2.9906798459985473,0.3972787897241654,255,-3.0394418291763508,-2.941917862820744,-3.2791502570110627,0.0
2117,-2.9911489392734683,0.3979629531194034,254,-3.0400909556457485,-2.942206922901188,-3.280988050775553,0.0
2118,-2.992191978523694,0.3988900083419799,253,-3.041344858446938,-2.94303909860045,-3.282825844540043,0.0
2119,-2.9922275914800935,0.4012608537627306,250,-3.041968402243249,-2.942486780716938,-3.2846636383045333,0.0
2120,-2.9917595273455833,0.4034643992935189,247,-3.042076304281617,-2.9414427504095495,-3.2865014320690236,0.0
2121,-2.9930600023978475,0.4044662542517874,246,-3.0436041423243028,-2.9425158624713923,-3.288339225833514,0.0
2122,-2.993682252443642,0.4052927139660001,245,-3.04443292775959,-2.9429315771276943,-3.290177019598004,0.0
2123,-2.995082715570294,0.4054758881199603,245,-3.0458563279184006,-2.9443091032221878,-3.2920148133624942,0.0
2124,-2.9960085953362627,0.40642483684710484,244,-3.0470052160126597,-2.9450119746598657,-3.2938526071269845,0.0
2125,-2.996508621985377,0.40720152663717163,243,-3.047707722607161,-2.9453095213635927,-3.2956904008914747,0.0
2126,-2.997903889883788,0.40738063560694554,243,-3.049125510603278,-2.946682269164298,-3.297528194655965,0.0
2127,-2.998693749434178,0.4082951836249586,242,-3.050136318017028,-2.947251180851328,-3.299365988420455,0.0
2128,-2.998940796599702,0.40893648082764056,241,-3.0505709488045256,-2.947310644394878,-3.3012037821849454,0.0
2129,-2.9993561827600805,0.409694745399639,240,-3.0511897196748223,-2.9475226458453387,-3.3030415759494356,0.0
2130,-2.9964801090262605,0.41419365949775333,234,-3.0495504146965615,-2.9434098033559595,-3.304879369713926,0.0
2131,-2.9973209962137837,0.41518884806413986,233,-3.050632850790348,-2.944009141637219,-3.306717163478416,0.0
2132,-2.998416956285132,0.41714427855983083,231,-3.0522112701688893,-2.944622642401375,-3.3085549572429063,0.0
2133,-3.0002168797017594,0.41819826059478843,230,-3.0542642260424397,-2.946169533361079,-3.3103927510073965,0.0
2134,-3.0017179569957646,0.4192976069791337,229,-3.056025569928116,-2.9474103440634134,-3.3122305447718867,0.0
2135,-3.0035321901583574,0.4203577696702022,228,-3.0580963819706013,-2.9489679983461135,-3.314068338536377,0.0
2136,-3.004912616578475,0.4205451247530468,228,-3.0595011278619286,-2.9503241052950213,-3.315906132300867,0.0
2137,-3.005246715180056,0.4213653999576667,227,-3.060062042756152,-2.9504313876039605,-3.3177439260653574,0.0
2138,-3.006582679826385,0.42248922796063915,226,-3.0616656680121386,-2.951499691640631,-3.3195817198298476,0.0
2139,-3.0083139561094505,0.423584094739661,225,-3.0636622778220994,-2.9529656343968016,-3.321419513594338,0.0
2140,-3.0110073981362038,0.42625587976194995,222,-3.0670799042316754,-2.954934892040732,-3.323257307358828,0.0
2141,-3.0128634799594014,0.4273548697415613,221,-3.0692075988337706,-2.956519361085032,-3.3250951011233183,0.0
2142,-3.0128234185541514,0.4299838770982047,218,-3.0699028969653988,-2.955743940142904,-3.3269328948878085,0.0
2143,-3.0129455594933514,0.4328924806785783,215,-3.070810682892087,-2.9550804360946157,-3.3287706886522987,0.0
2144,-3.014333780252311,0.43309031118728225,215,-3.0722253478313206,-2.956442212673301,-3.330608482416789,0.0
2145,-3.015893097090939,0.43429585635759854,214,-3.07408129006289,-2.957704904118988,-3.3324462761812788,0.0
2146,-3.0158970616031877,0.4363170876486671,212,-3.074631167598661,-2.9571629556077146,-3.3342840699457694,0.0
2147,-3.014993808627272,0.44129632808106306,207,-3.0751113502071745,-2.954876267047369,-3.336121863710259,0.0
2148,-3.0163733190642015,0.44149627301031896,207,-3.076518099025286,-2.956228539103117,-3.33795965747475,0.0
2149,-3.0177528295011373,0.4416962864341931,207,-3.077924857174385,-2.9575808018278895,-3.3397974512392397,0.0
2150,-3.0191323399380683,0.441896368259681,207,-3.079331624641791,-2.9589330552343456,-3.3416352450037303,0.0
2151,-3.021024164593612,0.4430953156287372,206,-3.0815331150294067,-2.960515214157817,-3.34347303876822,0.0
2152,-3.022354697533876,0.44328573768786916,206,-3.0828896519433795,-2.9618197431243725,-3.3453108325327108,0.0
2153,-3.0224500408816954,0.4477655905589532,202,-3.0841992078275653,-2.9607008739358256,-3.3471486262972006,0.0
2154,-3.0222384444184325,0.4499080526853031,200,-3.084592519271418,-2.959884369565447,-3.3489864200616912,0.0
2155,-3.0214835924161427,0.4544564125725582,196,-3.0851074901763007,-2.9578596946559848,-3.350824213826181,0.0
2156,-3.0217018337559836,0.45916539966340336,192,-3.0866511541950494,-2.9567525133169177,-3.3526620075906712,0.0
2157,-3.022325533458237,0.46370735004020314,188,-3.08861142875594,-2.9560396381605343,-3.3544998013551615,0.0
2158,-3.0237060539154457,0.46516295144803477,187,-3.0903775783828746,-2.9570345294480167,-3.3563375951196517,0.0
2159,-3.025041827811133,0.46537273614261965,187,-3.091743420591944,-2.9583402350303216,-3.358175388884142,0.0
2160,-3.0263504950506626,0.4655733763945265,187,-3.093080845477418,-2.959620144623907,-3.360013182648632,0.0
2161,-3.0268817480392167,0.4703690183257543,183,-3.0950322776139227,-2.9587312184645107,-3.3618509764131224,0.0
2162,-3.0276312668502428,0.47180333474013986,182,-3.096177151147256,-2.9590853825532295,-3.3636887701776126,0.0
2163,-3.024995708815139,0.4794672417031207,176,-3.09583246705132,-2.9541589505789583,-3.365526563942103,0.0
2164,-3.0251962760047655,0.4821408728094613,174,-3.096836246276396,-2.953556305733135,-3.367364357706593,0.0
2165,-3.023501262777975,0.4875681217217768,170,-3.0967950078695554,-2.9502075176863944,-3.3692021514710833,0.0
2166,-3.023017936166447,0.48867157691186325,169,-3.0966945739162357,-2.949341298416658,-3.3710399452355735,0.0
2167,-3.024315495298173,0.48888114767942115,169,-3.098023729871378,-2.9506072607249676,-3.3728777390000637,0.0
2168,-3.026113730494938,0.4904999541783851,168,-3.100285800859196,-2.95194166013068,-3.374715532764554,0.0
2169,-3.0277581496283292,0.49365627829665804,166,-3.1028558592922932,-2.9526604399643652,-3.376553326529044,0.0
2170,-3.0271794442549798,0.4982092741043659,163,-3.103664057818719,-2.9506948306912406,-3.3783911202935344,0.0
2171,-3.025247889449676,0.5040114395743389,159,-3.1035904754390806,-2.9469053034602712,-3.3802289140580246,0.0
2172,-3.0257941809573117,0.5057389858129163,158,-3.1046536704321137,-2.9469346914825096,-3.382066707822515,0.0
2173,-3.0252018249226174,0.5088930961967256,156,-3.1050601746611908,-2.945343475184044,-3.383904501587005,0.0
2174,-3.02577761992014,0.5106846347084486,155,-3.106175206756122,-2.9453800330841577,-3.3857422953514953,0.0
2175,-3.022895589846313,0.5142323162048789,152,-3.1046466970299096,-2.941144482662716,-3.3042209237663207,0.0
2176,-3.024195003663497,0.5144486109219611,152,-3.105980496730754,-2.9424095105962396,-3.306053728000905,0.0
2177,-3.025461389672243,0.5146533303481878,152,-3.1072794284182303,-2.9436433509262554,-3.307886532235489,0.0
2178,-3.022718896592414,0.5191630953500387,149,-3.1060806326069934,-2.9393571605778344,-3.309719336470073,0.0
2179,-3.022271621425584,0.5207259837778031,148,-3.1061663093343075,-2.93837693351686,-3.311552140704657,0.0
2180,-3.0223093230632614,0.5317534089804736,142,-3.1097718824765788,-2.934846763649944,-3.313384944939241,0.0
2181,-3.022491483194357,0.533720241419107,141,-3.110588294412502,-2.934394671976212,-3.3152177491738257,0.0
2182,-3.0229925114928804,0.5397133329536284,138,-3.1130416733780923,-2.9329433496076684,-3.31705055340841,0.0
2183,-3.0188267493321783,0.5510499416392433,132,-3.11283372184416,-2.9248197768201964,-3.318883357642994,0.0
2184,-3.0189096507366258,0.5532406771210457,131,-3.113649901023095,-2.9241694004501566,-3.320716161877578,0.0
2185,-3.021224161761734,0.566289757623379,125,-3.120499133373542,-2.9219491901499257,-3.322548966112162,0.0
2186,-3.0193604392398927,0.5755664568126326,121,-3.1219159169992343,-2.916804961480551,-3.324381770346746,0.0
2187,-3.020160653493488,0.5806612439562067,119,-3.1244897462584564,-2.9158315607285195,-3.3262145745813303,0.0
2188,-3.021470347068145,0.5809083679094811,119,-3.125843841311797,-2.9170968528244936,-3.3280473788159144,0.0
2189,-3.016204109655244,0.5870917881583947,116,-3.1230439136354264,-2.9093643056750618,-3.320709403552147,0.0
2190,-3.012257263668769,0.5942099963445384,113,-3.121818469446405,-2.902696057891133,-3.322554357979248,0.0
2191,-3.0135509277894146,0.5944627057341948,113,-3.123158728450362,-2.9039431271284672,-3.324399312406348,0.0
2192,-3.0138686087100033,0.5972974715414145,112,-3.1244896484998415,-2.903247568920165,-3.3262442668334486,0.0
2193,-3.015147263373572,0.6002635812098199,111,-3.1268172789957807,-2.9034772477513635,-3.3280892212605493,0.0
2194,-3.0164399624494513,0.6005177072572438,111,-3.128157254402549,-2.9047226704963536,-3.32993417568765,0.0
2195,-3.0171587966117257,0.6034908867098684,110,-3.1299383693637135,-2.904379223859738,-3.33177913011475,0.0
2196,-3.0184632474973863,0.6037475756128722,110,-3.1312907899295275,-2.905635705065245,-3.3336240845418508,0.0
2197,-3.0182512289002004,0.606586518439034,109,-3.132128113178052,-2.9043743446223487,-3.3354690389689514,0.0
2198,-3.0192640440716643,0.6096715096619177,108,-3.134248754077045,-2.9042793340662834,-3.3373139933960516,0.0
2199,-3.0205553611961307,0.6099396126637984,108,-3.135590635719345,-2.9055200866729165,-3.3391589478231523,0.0
2200,-3.0197332172846805,0.6126845457082302,107,-3.135824900580341,-2.90364153398902,-3.341003902250253,0.0
2201,-3.0194675535161606,0.6211788388250801,104,-3.1388542827541603,-2.900080824278161,-3.342848856677353,0.0
2202,-3.021796232416176,0.6243996392172034,103,-3.1423831245921785,-2.901209340240173,-3.3446938111044537,0.0
2203,-3.0230649317156235,0.6246489023083645,103,-3.143699962711077,-2.90242990072017,-3.3465387655315544,0.0
2204,-3.02277099791514,0.6277819429991154,102,-3.1446039605987366,-2.900938035231543,-3.3483837199586546,0.0
2205,-3.0251677374743657,0.6342930794775966,100,-3.1494891810519747,-2.9008462938967567,-3.3502286743857552,0.0
2206,-3.026421032720307,0.6345434738452278,100,-3.1507915535939715,-2.9020505118466424,-3.352073628812856,0.0
2207,-3.0214802136530357,0.6431466402302111,97,-3.1494714427091934,-2.893488984596878,-3.353918583239956,0.0
2208,-3.0210678516626026,0.6465726856548167,96,-3.150409326516414,-2.891726376808791,-3.3557635376670567,0.0
2209,-3.0160068319739257,0.6562527770933744,93,-3.149385308132116,-2.8826283558157355,-3.3576084920941573,0.0
2210,-3.017312142813682,0.6565334680318615,93,-3.150747667308967,-2.8838766183183973,-3.3594534465212575,0.0
2211,-3.0186174536534383,0.6568141737723604,93,-3.152110029494216,-2.8851248778126606,-3.361298400948358,0.0
2212,-3.019922764493196,0.6570948942959001,93,-3.1534723946840093,-2.886373134302383,-3.363143355375459,0.0
2213,-3.021199374838326,0.6573716052221212,93,-3.154805244458463,-2.887593505218189,-3.364988309802559,0.0
2214,-3.0205408967353633,0.6647235590110271,91,-3.157117543729888,-2.8839642497408384,-3.3668332642296597,0.0
2215,-3.021831247226975,0.6650033625271994,91,-3.15846538372302,-2.88519711073093,-3.3686782186567603,0.0
2216,-3.023121597718585,0.6652832124240887,91,-3.1598132332457096,-2.8864299621914604,-3.370523173083861,0.0
2217,-3.022344200133063,0.669010962884531,90,-3.160563297059112,-2.8841251032070137,-3.3723681275109616,0.0
2218,-3.0212429345682135,0.6767526417905076,88,-3.162641399632996,-2.879844469503431,-3.374213081938062,0.0
2219,-3.028811249202419,0.6924907349269512,84,-3.176902839042475,-2.8807196593623625,-3.3760580363651624,0.0
2220,-3.0203851767553056,0.7037621891688116,81,-3.1736489423965133,-2.867121411114098,-3.377902990792263,0.0
2221,-3.016401337053174,0.7122349305479013,79,-3.1734614100365346,-2.8593412640698133,-3.3797479452193633,0.0
2222,-3.0138746451581078,0.7261239605596589,76,-3.177127221225045,-2.8506220690911706,-3.381592899646464,0.0
2223,-3.015105035201349,0.7264421832436833,76,-3.1784291564530642,-2.851780913949634,-3.3834378540735646,0.0
2224,-3.015265340512807,0.7459285317008624,72,-3.1875660407079005,-2.842964640317714,-3.3852828085006648,0.0
2225,-3.0128452533180017,0.7565233303148331,70,-3.1900720456101612,-2.835618461025842,-3.3871277629277654,0.0
2226,-3.014048204082315,0.7568351183923108,70,-3.1913480373484036,-2.836748370816226,-3.3871277629277654,0.0
2227,-3.009502076038349,0.7793218636549358,66,-3.1975207407325024,-2.8214834113441953,-3.3871277629277654,0.0
2228,-3.0091148850090765,0.7913630883823214,64,-3.2029988416627453,-2.815230928355408,-3.3871277629277654,0.0
2229,-3.010236400201,0.791678639844322,64,-3.204197666962859,-2.8162751334391407,-3.3871277629277654,0.0
2230,-2.995600844419126,0.8081786034048408,61,-3.198415111363749,-2.7927865774745033,-3.368847730643569,0.0
2231,-2.9975038955106688,0.8504177823693628,55,-3.222257703859279,-2.7727500871620587,-3.3706747347072836,0.0
2232,-2.998686231308533,0.8507537020558764,55,-3.22352881864367,-2.773843643973396,-3.3725017387709983,0.0
2233,-2.991404389501238,0.8661377762628636,53,-3.22459180937451,-2.7582169696279664,-3.3725017387709983,0.0
2234,-2.9746251726858204,0.8892176823683344,50,-3.221103739122045,-2.7281466062495956,-3.367247680998002,0.0
2235,-2.9700563221426095,0.897848772130556,49,-3.221453978339165,-2.718658665946054,-3.3686344508192043,0.0
2236,-2.971264309825599,0.8982134267927915,49,-3.2227640693275807,-2.7197645503236174,-3.3700212206404068,0.0
2237,-2.960269231492526,0.9158650922872262,47,-3.2221108331359276,-2.698427629849124,-3.3714079904616097,0.0
2238,-2.96144415063967,0.9162353648844043,47,-3.2233916115091805,-2.699496689770159,-3.372794760282812,0.0
2239,-2.956852327440049,0.9258718372752046,46,-3.224416542919755,-2.6892881119603427,-3.374181530104015,0.0
2240,-2.9579930346569596,0.9262350337371117,46,-3.2256622089144176,-2.6903238603995017,-3.3755682999252175,0.0
2241,-2.95221662715547,0.9358643026057998,45,-3.2256570370721582,-2.678776217238782,-3.3755682999252175,0.0
2242,-2.9339788782872054,0.9660207007333992,42,-3.2261369295887516,-2.641820826985659,-3.3439084945123874,0.0
2243,-2.9149545466728624,0.9864404725487299,40,-3.2206556162766877,-2.609253477069037,-3.3403791156871643,0.0
2244,-2.8984995551336334,1.0098368649084197,38,-3.219581210951562,-2.577417899315705,-3.3417419150855334,0.0
2245,-2.890760790444877,1.0226653692208527,37,-3.2202860865071252,-2.5612354943826285,-3.3431047144839026,0.0
2246,-2.8919236242875836,1.0230770263584785,37,-3.2215815653422557,-2.5622656832329116,-3.3444675138822713,0.0
2247,-2.868653938830656,1.0477322742950994,35,-3.2157681314899165,-2.5215397461713955,-3.3371508153905793,0.0
2248,-2.8613815914466034,1.0627125010318805,34,-3.2185988245134434,-2.5041643583797635,-3.3385348859609985,0.0
2249,-2.8625290785012747,1.0631391260876994,34,-3.219889716131295,-2.5051684408712545,-3.3399189565314176,0.0
2250,-2.8635997540366414,1.0635408423023383,34,-3.2210954234410427,-2.50610408463224,-3.3413030271018362,0.0
2251,-2.8522242434200757,1.0779258878313829,33,-3.220004154641473,-2.4844443321986787,-3.342687097672255,0.0
2252,-2.8414141302966383,1.0933905448779788,32,-3.22025462599319,-2.4625736346000866,-3.344071168242674,0.0
2253,-2.7852542352379617,1.1598259652515706,28,-3.214859784781915,-2.355648685694008,-3.3280473788159144,0.0
2254,-2.6883485579352753,1.2630109181466969,23,-3.2045262817635667,-2.172170834106984,-3.3280473788159144,0.0
2255,-2.6618943334364733,1.286171485600231,22,-3.1993511903252863,-2.1244374765476604,-3.3280473788159144,0.0
2256,-2.522846000749954,1.3891954051357238,18,-3.1646215351082008,-1.8810704663917068,-3.3280473788159144,0.0
2257,-2.476344879978977,1.417378081067298,17,-3.1501236504357095,-1.8025661095222445,-3.3280473788159144,0.0
2258,-2.4769731667153354,1.4177371077663226,17,-3.150922607631179,-1.8030237257994917,-3.3280473788159144,0.0
2259,-2.43021977165163,1.4506349788341155,16,-3.1410309112803465,-1.7194086320229132,-3.3280473788159144,0.0
2260,-2.05679129131648,1.6321414323316454,11,-3.021325240611127,-1.0922573420218327,-3.325355796126586,0.0
2261,-2.057272879110744,1.6325197209526996,11,-3.0220303826945054,-1.0925153755269827,-3.32670158747125,0.0
2262,-1.611477901987262,1.724573039713918,8,-2.8065460471998063,-0.4164097567747178,-3.3280473788159144,0.0
2263,-1.039722390218975,1.6107310007988234,6,-2.328575618066578,0.2491308376286281,-3.1191671706569246,0.0
2264,-1.040156704060238,1.6114038369085195,6,-2.329548312923271,0.24923490480279487,-3.120470112180714,0.0
2265,-1.0405910179015014,1.6120766730182154,6,-2.330521007779964,0.24933897197696098,-3.121773053704504,0.0
2266,-1.0410253317427645,1.6127495091279116,6,-2.3314937026366565,0.24944303915112775,-3.1230759952282936,0.0
2267,-1.0414596455840277,1.6134223452376073,6,-2.3324663974933495,0.2495471063252941,-3.124378936752083,0.0
2268,-1.041893959425291,1.6140951813473035,6,-2.3334390923500425,0.24965117349946042,-3.125681878275873,0.0
2269,-1.0423282732665542,1.614768017456999,6,-2.3344117872067347,0.24975524067362653,-3.1269848197996626,0.0
2270,-1.0427625871078174,1.6154408535666953,6,-2.335384482063428,0.2498593078477933,-3.1282877613234525,0.0
2271,-1.0431969009490807,1.616113689676391,6,-2.336357176920121,0.24996337502195942,-3.129590702847242,0.0
