tourney_id,tourney_year,tourney_name,level,start_date,end_date,surface,city,country,singles_draw_size,prize_money,prize_money_currency,match_id,date,round,winner,loser,winner_country,loser_country,winner_seed,loser_seed,set1_score,set2_score,set3_score,indoor_outdoor,tournament_name,tournament_title,year,winner_player_name,loser_player_name,winner_bracket_number,loser_bracket_number,winner_aces,loser_aces,winner_backhand_errors,loser_backhand_errors,winner_backhand_unforced_errors,loser_backhand_unforced_errors,winner_backhand_winners,loser_backhand_winners,winner_breakpoints_won,loser_breakpoints_won,winner_double_faults,loser_double_faults,winner_drop_shot_unforced_errors,loser_drop_shot_unforced_errors,winner_drop_shot_winners,loser_drop_shot_winners,winner_first_serve_points_won,loser_first_serve_points_won,winner_first_serve_successful,loser_first_serve_successful,winner_forehand_errors,loser_forehand_errors,winner_forehand_unforced_errors,loser_forehand_unforced_errors,winner_forehand_winners,loser_forehand_winners,winner_games_won,loser_games_won,winner_groundstroke_errors,loser_groundstroke_errors,winner_groundstroke_unforced_errors,loser_groundstroke_unforced_errors,winner_groundstroke_winners,loser_groundstroke_winners,winner_lob_unforced_errors,loser_lob_unforced_errors,winner_lob_winners,loser_lob_winners,winner_max_games_in_a_row,loser_max_games_in_a_row,winner_max_points_in_a_row,loser_max_points_in_a_row,winner_overhead_stroke_errors,loser_overhead_stroke_errors,winner_overhead_stroke_unforced_errors,loser_overhead_stroke_unforced_errors,winner_overhead_stroke_winners,loser_overhead_stroke_winners,winner_points_won,loser_points_won,winner_points_won_from_last_10,loser_points_won_from_last_10,winner_return_errors,loser_return_errors,winner_return_winners,loser_return_winners,winner_second_serve_points_won,loser_second_serve_points_won,winner_second_serve_successful,loser_second_serve_successful,winner_service_games_won,loser_service_games_won,winner_service_points_lost,loser_service_points_lost,winner_service_points_won,loser_service_points_won,winner_tiebreaks_won,loser_tiebreaks_won,winner_total_breakpoints,loser_total_breakpoints,winner_volley_unforced_errors,loser_volley_unforced_errors,winner_volley_winners,loser_volley_winners,event_id,event_year,player_a,player_b,country_a,country_b,seed_a,seed_b,winner_flag_raw,num_sets,score_string,match_timestamp,match_date,match_time_total,liveScoringId,venue_id,venue_name,settime_set1,scorea_set1,scoreb_set1,scoretb_set1,acesa_set1,acesb_set1,dblflta_set1,dblfltb_set1,ptswon1stserva_set1,ptswon1stservb_set1,ptsplayed1stserva_set1,ptsplayed1stservb_set1,ptstotwonserva_set1,ptstotwonservb_set1,totservplayeda_set1,totservplayedb_set1,breakptsconva_set1,breakptsconvb_set1,breakptsplayeda_set1,breakptsplayedb_set1,servgamesplayeda_set1,servgamesplayedb_set1,pts1stservlosta_set1,pts1stservlostb_set1,totptswona_set1,totptswonb_set1,acesssa_set1,acesssb_set1,settime_set2,scorea_set2,scoreb_set2,scoretb_set2,acesa_set2,acesb_set2,dblflta_set2,dblfltb_set2,ptswon1stserva_set2,ptswon1stservb_set2,ptsplayed1stserva_set2,ptsplayed1stservb_set2,ptstotwonserva_set2,ptstotwonservb_set2,totservplayeda_set2,totservplayedb_set2,breakptsconva_set2,breakptsconvb_set2,breakptsplayeda_set2,breakptsplayedb_set2,servgamesplayeda_set2,servgamesplayedb_set2,pts1stservlosta_set2,pts1stservlostb_set2,totptswona_set2,totptswonb_set2,acesssa_set2,acesssb_set2,settime_set3,scorea_set3,scoreb_set3,scoretb_set3,acesa_set3,acesb_set3,dblflta_set3,dblfltb_set3,ptswon1stserva_set3,ptswon1stservb_set3,ptsplayed1stserva_set3,ptsplayed1stservb_set3,ptstotwonserva_set3,ptstotwonservb_set3,totservplayeda_set3,totservplayedb_set3,breakptsconva_set3,breakptsconvb_set3,breakptsplayeda_set3,breakptsplayedb_set3,servgamesplayeda_set3,servgamesplayedb_set3,pts1stservlosta_set3,pts1stservlostb_set3,totptswona_set3,totptswonb_set3,acesssa_set3,acesssb_set3
901,2026,AUSTRALIAN OPEN,GC,2026-01-18,2026-02-01,Hard,MELBOURNE,AUSTRALIA,128,,USD,LS67664710,2026-01-31,F,Elena Rybakina,Aryna Sabalenka,KAZ,,5.0,1.0,6-4,4-6,6-4,O,AUSTRALIAN OPEN,"Australian Open - Melbourne, AUS",2026.0,Elena Rybakina,Aryna Sabalenka,,,,,,,,,,,,,,,,,,,,,,,,,,,,,,,,,,,,,,,,,,,,,,,,,,,,,,,,,,,,,,,,,,,,,,,,,,,,,,,,,,,,,,,,,,,,,,,,,,,,,,,,,,,,,,,,,,,,,,,,,,,,,,,,,,,,,,,,,,,,,,,,,,,,,,,,,,,,,,,,,,,,,,,,,,,,,,,,,
901,2026,AUSTRALIAN OPEN,GC,2026-01-18,2026-02-01,Hard,MELBOURNE,AUSTRALIA,128,,USD,LS67664712,2026-01-29,SF,Elena Rybakina,Jessica Pegula,KAZ,USA,5.0,6.0,6-3,7-6(7),,O,AUSTRALIAN OPEN,"Australian Open - Melbourne, AUS",2026.0,Elena Rybakina,Jessica Pegula,,,,,,,,,,,,,,,,,,,,,,,,,,,,,,,,,,,,,,,,,,,,,,,,,,,,,,,,,,,,,,,,,,,,,,,,,,,,,,,,,,,,,,,,,,,,,,,,,,,,,,,,,,,,,,,,,,,,,,,,,,,,,,,,,,,,,,,,,,,,,,,,,,,,,,,,,,,,,,,,,,,,,,,,,,,,,,,,,
901,2026,AUSTRALIAN OPEN,GC,2026-01-18,2026-02-01,Hard,MELBOURNE,AUSTRALIA,128,,USD,LS67664762,2026-01-29,SF,Aryna Sabalenka,Elina Svitolina,,UKR,1.0,12.0,6-2,6-3,,O,AUSTRALIAN OPEN,"Australian Open - Melbourne, AUS",2026.0,Aryna Sabalenka,Elina Svitolina,,,,,,,,,,,,,,,,,,,,,,,,,,,,,,,,,,,,,,,,,,,,,,,,,,,,,,,,,,,,,,,,,,,,,,,,,,,,,,,,,,,,,,,,,,,,,,,,,,,,,,,,,,,,,,,,,,,,,,,,,,,,,,,,,,,,,,,,,,,,,,,,,,,,,,,,,,,,,,,,,,,,,,,,,,,,,,,,,
901,2026,AUSTRALIAN OPEN,GC,2026-01-18,2026-02-01,Hard,MELBOURNE,AUSTRALIA,128,,USD,LS67664766,2026-01-28,QF,Amanda Anisimova,Jessica Pegula,USA,USA,4.0,6.0,6-2,7-6(1),,O,AUSTRALIAN OPEN,"Australian Open - Melbourne, AUS",2026.0,Amanda Anisimova,Jessica Pegula,,,,,,,,,,,,,,,,,,,,,,,,,,,,,,,,,,,,,,,,,,,,,,,,,,,,,,,,,,,,,,,,,,,,,,,,,,,,,,,,,,,,,,,,,,,,,,,,,,,,,,,,,,,,,,,,,,,,,,,,,,,,,,,,,,,,,,,,,,,,,,,,,,,,,,,,,,,,,,,,,,,,,,,,,,,,,,,,,
901,2026,AUSTRALIAN OPEN,GC,2026-01-18,2026-02-01,Hard,MELBOURNE,AUSTRALIA,128,,USD,LS67664764,2026-01-28,QF,Elena Rybakina,Iga Swiatek,KAZ,POL,5.0,2.0,7-5,6-1,,O,AUSTRALIAN OPEN,"Australian Open - Melbourne, AUS",2026.0,Elena Rybakina,Iga Swiatek,,,,,,,,,,,,,,,,,,,,,,,,,,,,,,,,,,,,,,,,,,,,,,,,,,,,,,,,,,,,,,,,,,,,,,,,,,,,,,,,,,,,,,,,,,,,,,,,,,,,,,,,,,,,,,,,,,,,,,,,,,,,,,,,,,,,,,,,,,,,,,,,,,,,,,,,,,,,,,,,,,,,,,,,,,,,,,,,,
901,2026,AUSTRALIAN OPEN,GC,2026-01-18,2026-02-01,Hard,MELBOURNE,AUSTRALIA,128,,USD,LS67664768,2026-01-27,QF,Elina Svitolina,Coco Gauff,UKR,USA,12.0,3.0,6-1,6-2,,O,AUSTRALIAN OPEN,"Australian Open - Melbourne, AUS",2026.0,Elina Svitolina,Coco Gauff,,,,,,,,,,,,,,,,,,,,,,,,,,,,,,,,,,,,,,,,,,,,,,,,,,,,,,,,,,,,,,,,,,,,,,,,,,,,,,,,,,,,,,,,,,,,,,,,,,,,,,,,,,,,,,,,,,,,,,,,,,,,,,,,,,,,,,,,,,,,,,,,,,,,,,,,,,,,,,,,,,,,,,,,,,,,,,,,,
901,2026,AUSTRALIAN OPEN,GC,2026-01-18,2026-02-01,Hard,MELBOURNE,AUSTRALIA,128,,USD,LS67664754,2026-01-27,QF,Aryna Sabalenka,Iva Jovic,,USA,1.0,29.0,6-3,6-0,,O,AUSTRALIAN OPEN,"Australian Open - Melbourne, AUS",2026.0,Aryna Sabalenka,Iva Jovic,,,,,,,,,,,,,,,,,,,,,,,,,,,,,,,,,,,,,,,,,,,,,,,,,,,,,,,,,,,,,,,,,,,,,,,,,,,,,,,,,,,,,,,,,,,,,,,,,,,,,,,,,,,,,,,,,,,,,,,,,,,,,,,,,,,,,,,,,,,,,,,,,,,,,,,,,,,,,,,,,,,,,,,,,,,,,,,,,
901,2026,AUSTRALIAN OPEN,GC,2026-01-18,2026-02-01,Hard,MELBOURNE,AUSTRALIA,128,,USD,LS67664756,2026-01-26,4,Iga Swiatek,Maddison Inglis,POL,AUS,2.0,,6-0,6-3,,O,AUSTRALIAN OPEN,"Australian Open - Melbourne, AUS",2026.0,Iga Swiatek,Maddison Inglis,,,,,,,,,,,,,,,,,,,,,,,,,,,,,,,,,,,,,,,,,,,,,,,,,,,,,,,,,,,,,,,,,,,,,,,,,,,,,,,,,,,,,,,,,,,,,,,,,,,,,,,,,,,,,,,,,,,,,,,,,,,,,,,,,,,,,,,,,,,,,,,,,,,,,,,,,,,,,,,,,,,,,,,,,,,,,,,,,
901,2026,AUSTRALIAN OPEN,GC,2026-01-18,2026-02-01,Hard,MELBOURNE,AUSTRALIA,128,,USD,LS67664758,2026-01-26,4,Elena Rybakina,Elise Mertens,KAZ,BEL,5.0,21.0,6-1,6-3,,O,AUSTRALIAN OPEN,"Australian Open - Melbourne, AUS",2026.0,Elena Rybakina,Elise Mertens,,,,,,,,,,,,,,,,,,,,,,,,,,,,,,,,,,,,,,,,,,,,,,,,,,,,,,,,,,,,,,,,,,,,,,,,,,,,,,,,,,,,,,,,,,,,,,,,,,,,,,,,,,,,,,,,,,,,,,,,,,,,,,,,,,,,,,,,,,,,,,,,,,,,,,,,,,,,,,,,,,,,,,,,,,,,,,,,,
901,2026,AUSTRALIAN OPEN,GC,2026-01-18,2026-02-01,Hard,MELBOURNE,AUSTRALIA,128,,USD,LS67664760,2026-01-26,4,Amanda Anisimova,Xinyu Wang,USA,CHN,4.0,,7-6(4),6-4,,O,AUSTRALIAN OPEN,"Australian Open - Melbourne, AUS",2026.0,Amanda Anisimova,Xinyu Wang,,,,,,,,,,,,,,,,,,,,,,,,,,,,,,,,,,,,,,,,,,,,,,,,,,,,,,,,,,,,,,,,,,,,,,,,,,,,,,,,,,,,,,,,,,,,,,,,,,,,,,,,,,,,,,,,,,,,,,,,,,,,,,,,,,,,,,,,,,,,,,,,,,,,,,,,,,,,,,,,,,,,,,,,,,,,,,,,,
901,2026,AUSTRALIAN OPEN,GC,2026-01-18,2026-02-01,Hard,MELBOURNE,AUSTRALIA,128,,USD,LS67664746,2026-01-26,4,Jessica Pegula,Madison Keys,USA,USA,6.0,9.0,6-3,6-4,,O,AUSTRALIAN OPEN,"Australian Open - Melbourne, AUS",2026.0,Jessica Pegula,Madison Keys,,,,,,,,,,,,,,,,,,,,,,,,,,,,,,,,,,,,,,,,,,,,,,,,,,,,,,,,,,,,,,,,,,,,,,,,,,,,,,,,,,,,,,,,,,,,,,,,,,,,,,,,,,,,,,,,,,,,,,,,,,,,,,,,,,,,,,,,,,,,,,,,,,,,,,,,,,,,,,,,,,,,,,,,,,,,,,,,,
901,2026,AUSTRALIAN OPEN,GC,2026-01-18,2026-02-01,Hard,MELBOURNE,AUSTRALIA,128,,USD,LS67664748,2026-01-25,4,Elina Svitolina,Mirra Andreeva,UKR,,12.0,8.0,6-2,6-4,,O,AUSTRALIAN OPEN,"Australian Open - Melbourne, AUS",2026.0,Elina Svitolina,Mirra Andreeva,,,,,,,,,,,,,,,,,,,,,,,,,,,,,,,,,,,,,,,,,,,,,,,,,,,,,,,,,,,,,,,,,,,,,,,,,,,,,,,,,,,,,,,,,,,,,,,,,,,,,,,,,,,,,,,,,,,,,,,,,,,,,,,,,,,,,,,,,,,,,,,,,,,,,,,,,,,,,,,,,,,,,,,,,,,,,,,,,
901,2026,AUSTRALIAN OPEN,GC,2026-01-18,2026-02-01,Hard,MELBOURNE,AUSTRALIA,128,,USD,LS67664750,2026-01-25,4,Coco Gauff,Karolina Muchova,USA,CZE,3.0,19.0,6-1,3-6,6-3,O,AUSTRALIAN OPEN,"Australian Open - Melbourne, AUS",2026.0,Coco Gauff,Karolina Muchova,,,,,,,,,,,,,,,,,,,,,,,,,,,,,,,,,,,,,,,,,,,,,,,,,,,,,,,,,,,,,,,,,,,,,,,,,,,,,,,,,,,,,,,,,,,,,,,,,,,,,,,,,,,,,,,,,,,,,,,,,,,,,,,,,,,,,,,,,,,,,,,,,,,,,,,,,,,,,,,,,,,,,,,,,,,,,,,,,
901,2026,AUSTRALIAN OPEN,GC,2026-01-18,2026-02-01,Hard,MELBOURNE,AUSTRALIA,128,,USD,LS67664752,2026-01-25,4,Iva Jovic,Yulia Putintseva,USA,KAZ,29.0,,6-0,6-1,,O,AUSTRALIAN OPEN,"Australian Open - Melbourne, AUS",2026.0,Iva Jovic,Yulia Putintseva,,,,,,,,,,,,,,,,,,,,,,,,,,,,,,,,,,,,,,,,,,,,,,,,,,,,,,,,,,,,,,,,,,,,,,,,,,,,,,,,,,,,,,,,,,,,,,,,,,,,,,,,,,,,,,,,,,,,,,,,,,,,,,,,,,,,,,,,,,,,,,,,,,,,,,,,,,,,,,,,,,,,,,,,,,,,,,,,,
901,2026,AUSTRALIAN OPEN,GC,2026-01-18,2026-02-01,Hard,MELBOURNE,AUSTRALIA,128,,USD,LS67664738,2026-01-25,4,Victoria Mboko,Aryna Sabalenka,CAN,,17.0,1.0,6-1,7-6(1),,O,AUSTRALIAN OPEN,"Australian Open - Melbourne, AUS",2026.0,Victoria Mboko,Aryna Sabalenka,,,,,,,,,,,,,,,,,,,,,,,,,,,,,,,,,,,,,,,,,,,,,,,,,,,,,,,,,,,,,,,,,,,,,,,,,,,,,,,,,,,,,,,,,,,,,,,,,,,,,,,,,,,,,,,,,,,,,,,,,,,,,,,,,,,,,,,,,,,,,,,,,,,,,,,,,,,,,,,,,,,,,,,,,,,,,,,,,
901,2026,AUSTRALIAN OPEN,GC,2026-01-18,2026-02-01,Hard,MELBOURNE,AUSTRALIA,128,,USD,LS67664742,2026-01-24,3,Maddison Inglis,Naomi Osaka,AUS,JPN,,16.0,,,,O,AUSTRALIAN OPEN,"Australian Open - Melbourne, AUS",2026.0,Maddison Inglis,Naomi Osaka,,,,,,,,,,,,,,,,,,,,,,,,,,,,,,,,,,,,,,,,,,,,,,,,,,,,,,,,,,,,,,,,,,,,,,,,,,,,,,,,,,,,,,,,,,,,,,,,,,,,,,,,,,,,,,,,,,,,,,,,,,,,,,,,,,,,,,,,,,,,,,,,,,,,,,,,,,,,,,,,,,,,,,,,,,,,,,,,,
901,2026,AUSTRALIAN OPEN,GC,2026-01-18,2026-02-01,Hard,MELBOURNE,AUSTRALIA,128,,USD,LS67664794,2026-01-24,3,Elena Rybakina,Tereza Valentova,KAZ,CZE,5.0,,6-2,6-3,,O,AUSTRALIAN OPEN,"Australian Open - Melbourne, AUS",2026.0,Elena Rybakina,Tereza Valentova,,,,,,,,,,,,,,,,,,,,,,,,,,,,,,,,,,,,,,,,,,,,,,,,,,,,,,,,,,,,,,,,,,,,,,,,,,,,,,,,,,,,,,,,,,,,,,,,,,,,,,,,,,,,,,,,,,,,,,,,,,,,,,,,,,,,,,,,,,,,,,,,,,,,,,,,,,,,,,,,,,,,,,,,,,,,,,,,,
901,2026,AUSTRALIAN OPEN,GC,2026-01-18,2026-02-01,Hard,MELBOURNE,AUSTRALIA,128,,USD,LS67664740,2026-01-24,3,Iga Swiatek,Anna Kalinskaya,POL,,2.0,31.0,6-1,1-6,6-1,O,AUSTRALIAN OPEN,"Australian Open - Melbourne, AUS",2026.0,Iga Swiatek,Anna Kalinskaya,,,,,,,,,,,,,,,,,,,,,,,,,,,,,,,,,,,,,,,,,,,,,,,,,,,,,,,,,,,,,,,,,,,,,,,,,,,,,,,,,,,,,,,,,,,,,,,,,,,,,,,,,,,,,,,,,,,,,,,,,,,,,,,,,,,,,,,,,,,,,,,,,,,,,,,,,,,,,,,,,,,,,,,,,,,,,,,,,
901,2026,AUSTRALIAN OPEN,GC,2026-01-18,2026-02-01,Hard,MELBOURNE,AUSTRALIA,128,,USD,LS67664744,2026-01-24,3,Elise Mertens,Nikola Bartunkova,BEL,CZE,21.0,,6-0,6-4,,O,AUSTRALIAN OPEN,"Australian Open - Melbourne, AUS",2026.0,Elise Mertens,Nikola Bartunkova,,,,,,,,,,,,,,,,,,,,,,,,,,,,,,,,,,,,,,,,,,,,,,,,,,,,,,,,,,,,,,,,,,,,,,,,,,,,,,,,,,,,,,,,,,,,,,,,,,,,,,,,,,,,,,,,,,,,,,,,,,,,,,,,,,,,,,,,,,,,,,,,,,,,,,,,,,,,,,,,,,,,,,,,,,,,,,,,,
901,2026,AUSTRALIAN OPEN,GC,2026-01-18,2026-02-01,Hard,MELBOURNE,AUSTRALIA,128,,USD,LS67664798,2026-01-24,3,Xinyu Wang,Linda Noskova,CHN,CZE,,13.0,7-5,6-4,,O,AUSTRALIAN OPEN,"Australian Open - Melbourne, AUS",2026.0,Xinyu Wang,Linda Noskova,,,,,,,,,,,,,,,,,,,,,,,,,,,,,,,,,,,,,,,,,,,,,,,,,,,,,,,,,,,,,,,,,,,,,,,,,,,,,,,,,,,,,,,,,,,,,,,,,,,,,,,,,,,,,,,,,,,,,,,,,,,,,,,,,,,,,,,,,,,,,,,,,,,,,,,,,,,,,,,,,,,,,,,,,,,,,,,,,
901,2026,AUSTRALIAN OPEN,GC,2026-01-18,2026-02-01,Hard,MELBOURNE,AUSTRALIA,128,,USD,LS67664796,2026-01-24,3,Amanda Anisimova,Peyton Stearns,USA,USA,4.0,,6-1,6-4,,O,AUSTRALIAN OPEN,"Australian Open - Melbourne, AUS",2026.0,Amanda Anisimova,Peyton Stearns,,,,,,,,,,,,,,,,,,,,,,,,,,,,,,,,,,,,,,,,,,,,,,,,,,,,,,,,,,,,,,,,,,,,,,,,,,,,,,,,,,,,,,,,,,,,,,,,,,,,,,,,,,,,,,,,,,,,,,,,,,,,,,,,,,,,,,,,,,,,,,,,,,,,,,,,,,,,,,,,,,,,,,,,,,,,,,,,,
901,2026,AUSTRALIAN OPEN,GC,2026-01-18,2026-02-01,Hard,MELBOURNE,AUSTRALIA,128,,USD,LS67664786,2026-01-23,3,Jessica Pegula,Oksana Selekhmeteva,USA,,6.0,,6-3,6-2,,O,AUSTRALIAN OPEN,"Australian Open - Melbourne, AUS",2026.0,Jessica Pegula,Oksana Selekhmeteva,,,,,,,,,,,,,,,,,,,,,,,,,,,,,,,,,,,,,,,,,,,,,,,,,,,,,,,,,,,,,,,,,,,,,,,,,,,,,,,,,,,,,,,,,,,,,,,,,,,,,,,,,,,,,,,,,,,,,,,,,,,,,,,,,,,,,,,,,,,,,,,,,,,,,,,,,,,,,,,,,,,,,,,,,,,,,,,,,
901,2026,AUSTRALIAN OPEN,GC,2026-01-18,2026-02-01,Hard,MELBOURNE,AUSTRALIA,128,,USD,LS67664800,2026-01-23,3,Madison Keys,Karolina Pliskova,USA,CZE,9.0,,6-3,6-3,,O,AUSTRALIAN OPEN,"Australian Open - Melbourne, AUS",2026.0,Madison Keys,Karolina Pliskova,,,,,,,,,,,,,,,,,,,,,,,,,,,,,,,,,,,,,,,,,,,,,,,,,,,,,,,,,,,,,,,,,,,,,,,,,,,,,,,,,,,,,,,,,,,,,,,,,,,,,,,,,,,,,,,,,,,,,,,,,,,,,,,,,,,,,,,,,,,,,,,,,,,,,,,,,,,,,,,,,,,,,,,,,,,,,,,,,
901,2026,AUSTRALIAN OPEN,GC,2026-01-18,2026-02-01,Hard,MELBOURNE,AUSTRALIA,128,,USD,LS67664788,2026-01-23,3,Mirra Andreeva,Elena-Gabriela Ruse,,ROU,8.0,,6-3,6-4,,O,AUSTRALIAN OPEN,"Australian Open - Melbourne, AUS",2026.0,Mirra Andreeva,Elena-Gabriela Ruse,,,,,,,,,,,,,,,,,,,,,,,,,,,,,,,,,,,,,,,,,,,,,,,,,,,,,,,,,,,,,,,,,,,,,,,,,,,,,,,,,,,,,,,,,,,,,,,,,,,,,,,,,,,,,,,,,,,,,,,,,,,,,,,,,,,,,,,,,,,,,,,,,,,,,,,,,,,,,,,,,,,,,,,,,,,,,,,,,
901,2026,AUSTRALIAN OPEN,GC,2026-01-18,2026-02-01,Hard,MELBOURNE,AUSTRALIA,128,,USD,LS67664790,2026-01-23,3,Diana Shnaider,Elina Svitolina,,UKR,23.0,12.0,7-6(4),6-3,,O,AUSTRALIAN OPEN,"Australian Open - Melbourne, AUS",2026.0,Diana Shnaider,Elina Svitolina,,,,,,,,,,,,,,,,,,,,,,,,,,,,,,,,,,,,,,,,,,,,,,,,,,,,,,,,,,,,,,,,,,,,,,,,,,,,,,,,,,,,,,,,,,,,,,,,,,,,,,,,,,,,,,,,,,,,,,,,,,,,,,,,,,,,,,,,,,,,,,,,,,,,,,,,,,,,,,,,,,,,,,,,,,,,,,,,,
901,2026,AUSTRALIAN OPEN,GC,2026-01-18,2026-02-01,Hard,MELBOURNE,AUSTRALIA,128,,USD,LS67664780,2026-01-23,3,Jasmine Paolini,Iva Jovic,ITA,USA,7.0,29.0,6-2,7-6(3),,O,AUSTRALIAN OPEN,"Australian Open - Melbourne, AUS",2026.0,Jasmine Paolini,Iva Jovic,,,,,,,,,,,,,,,,,,,,,,,,,,,,,,,,,,,,,,,,,,,,,,,,,,,,,,,,,,,,,,,,,,,,,,,,,,,,,,,,,,,,,,,,,,,,,,,,,,,,,,,,,,,,,,,,,,,,,,,,,,,,,,,,,,,,,,,,,,,,,,,,,,,,,,,,,,,,,,,,,,,,,,,,,,,,,,,,,
901,2026,AUSTRALIAN OPEN,GC,2026-01-18,2026-02-01,Hard,MELBOURNE,AUSTRALIA,128,,USD,LS67664792,2026-01-23,3,Karolina Muchova,Magda Linette,CZE,POL,19.0,,6-1,6-1,,O,AUSTRALIAN OPEN,"Australian Open - Melbourne, AUS",2026.0,Karolina Muchova,Magda Linette,,,,,,,,,,,,,,,,,,,,,,,,,,,,,,,,,,,,,,,,,,,,,,,,,,,,,,,,,,,,,,,,,,,,,,,,,,,,,,,,,,,,,,,,,,,,,,,,,,,,,,,,,,,,,,,,,,,,,,,,,,,,,,,,,,,,,,,,,,,,,,,,,,,,,,,,,,,,,,,,,,,,,,,,,,,,,,,,,
901,2026,AUSTRALIAN OPEN,GC,2026-01-18,2026-02-01,Hard,MELBOURNE,AUSTRALIA,128,,USD,LS67664778,2026-01-23,3,Coco Gauff,Hailey Baptiste,USA,USA,3.0,,3-6,6-0,6-3,O,AUSTRALIAN OPEN,"Australian Open - Melbourne, AUS",2026.0,Coco Gauff,Hailey Baptiste,,,,,,,,,,,,,,,,,,,,,,,,,,,,,,,,,,,,,,,,,,,,,,,,,,,,,,,,,,,,,,,,,,,,,,,,,,,,,,,,,,,,,,,,,,,,,,,,,,,,,,,,,,,,,,,,,,,,,,,,,,,,,,,,,,,,,,,,,,,,,,,,,,,,,,,,,,,,,,,,,,,,,,,,,,,,,,,,,
901,2026,AUSTRALIAN OPEN,GC,2026-01-18,2026-02-01,Hard,MELBOURNE,AUSTRALIA,128,,USD,LS67664782,2026-01-23,3,Yulia Putintseva,Zeynep Sonmez,KAZ,TUR,,,6-3,6-7(3),6-3,O,AUSTRALIAN OPEN,"Australian Open - Melbourne, AUS",2026.0,Yulia Putintseva,Zeynep Sonmez,,,,,,,,,,,,,,,,,,,,,,,,,,,,,,,,,,,,,,,,,,,,,,,,,,,,,,,,,,,,,,,,,,,,,,,,,,,,,,,,,,,,,,,,,,,,,,,,,,,,,,,,,,,,,,,,,,,,,,,,,,,,,,,,,,,,,,,,,,,,,,,,,,,,,,,,,,,,,,,,,,,,,,,,,,,,,,,,,
901,2026,AUSTRALIAN OPEN,GC,2026-01-18,2026-02-01,Hard,MELBOURNE,AUSTRALIA,128,,USD,LS67664770,2026-01-23,3,Anastasia Potapova,Aryna Sabalenka,AUT,,,1.0,7-6(4),7-6(7),,O,AUSTRALIAN OPEN,"Australian Open - Melbourne, AUS",2026.0,Anastasia Potapova,Aryna Sabalenka,,,,,,,,,,,,,,,,,,,,,,,,,,,,,,,,,,,,,,,,,,,,,,,,,,,,,,,,,,,,,,,,,,,,,,,,,,,,,,,,,,,,,,,,,,,,,,,,,,,,,,,,,,,,,,,,,,,,,,,,,,,,,,,,,,,,,,,,,,,,,,,,,,,,,,,,,,,,,,,,,,,,,,,,,,,,,,,,,
901,2026,AUSTRALIAN OPEN,GC,2026-01-18,2026-02-01,Hard,MELBOURNE,AUSTRALIA,128,,USD,LS67664784,2026-01-23,3,Clara Tauson,Victoria Mboko,DNK,CAN,14.0,17.0,7-6(5),5-7,6-3,O,AUSTRALIAN OPEN,"Australian Open - Melbourne, AUS",2026.0,Clara Tauson,Victoria Mboko,,,,,,,,,,,,,,,,,,,,,,,,,,,,,,,,,,,,,,,,,,,,,,,,,,,,,,,,,,,,,,,,,,,,,,,,,,,,,,,,,,,,,,,,,,,,,,,,,,,,,,,,,,,,,,,,,,,,,,,,,,,,,,,,,,,,,,,,,,,,,,,,,,,,,,,,,,,,,,,,,,,,,,,,,,,,,,,,,
901,2026,AUSTRALIAN OPEN,GC,2026-01-18,2026-02-01,Hard,MELBOURNE,AUSTRALIA,128,,USD,LS67664818,2026-01-22,2,Elena Rybakina,Varvara Gracheva,KAZ,FRA,5.0,,7-5,6-2,,O,AUSTRALIAN OPEN,"Australian Open - Melbourne, AUS",2026.0,Elena Rybakina,Varvara Gracheva,,,,,,,,,,,,,,,,,,,,,,,,,,,,,,,,,,,,,,,,,,,,,,,,,,,,,,,,,,,,,,,,,,,,,,,,,,,,,,,,,,,,,,,,,,,,,,,,,,,,,,,,,,,,,,,,,,,,,,,,,,,,,,,,,,,,,,,,,,,,,,,,,,,,,,,,,,,,,,,,,,,,,,,,,,,,,,,,,
901,2026,AUSTRALIAN OPEN,GC,2026-01-18,2026-02-01,Hard,MELBOURNE,AUSTRALIA,128,,USD,LS67664828,2026-01-22,2,Nikola Bartunkova,Belinda Bencic,CZE,CHE,,10.0,6-3,0-6,6-4,O,AUSTRALIAN OPEN,"Australian Open - Melbourne, AUS",2026.0,Nikola Bartunkova,Belinda Bencic,,,,,,,,,,,,,,,,,,,,,,,,,,,,,,,,,,,,,,,,,,,,,,,,,,,,,,,,,,,,,,,,,,,,,,,,,,,,,,,,,,,,,,,,,,,,,,,,,,,,,,,,,,,,,,,,,,,,,,,,,,,,,,,,,,,,,,,,,,,,,,,,,,,,,,,,,,,,,,,,,,,,,,,,,,,,,,,,,
901,2026,AUSTRALIAN OPEN,GC,2026-01-18,2026-02-01,Hard,MELBOURNE,AUSTRALIA,128,,USD,LS67664826,2026-01-22,2,Naomi Osaka,Sorana Cirstea,JPN,ROU,16.0,,6-3,4-6,6-2,O,AUSTRALIAN OPEN,"Australian Open - Melbourne, AUS",2026.0,Naomi Osaka,Sorana Cirstea,,,,,,,,,,,,,,,,,,,,,,,,,,,,,,,,,,,,,,,,,,,,,,,,,,,,,,,,,,,,,,,,,,,,,,,,,,,,,,,,,,,,,,,,,,,,,,,,,,,,,,,,,,,,,,,,,,,,,,,,,,,,,,,,,,,,,,,,,,,,,,,,,,,,,,,,,,,,,,,,,,,,,,,,,,,,,,,,,
901,2026,AUSTRALIAN OPEN,GC,2026-01-18,2026-02-01,Hard,MELBOURNE,AUSTRALIA,128,,USD,LS67664772,2026-01-22,2,Iga Swiatek,Marie Bouzkova,POL,CZE,2.0,,6-2,6-3,,O,AUSTRALIAN OPEN,"Australian Open - Melbourne, AUS",2026.0,Iga Swiatek,Marie Bouzkova,,,,,,,,,,,,,,,,,,,,,,,,,,,,,,,,,,,,,,,,,,,,,,,,,,,,,,,,,,,,,,,,,,,,,,,,,,,,,,,,,,,,,,,,,,,,,,,,,,,,,,,,,,,,,,,,,,,,,,,,,,,,,,,,,,,,,,,,,,,,,,,,,,,,,,,,,,,,,,,,,,,,,,,,,,,,,,,,,
901,2026,AUSTRALIAN OPEN,GC,2026-01-18,2026-02-01,Hard,MELBOURNE,AUSTRALIA,128,,USD,LS67664832,2026-01-22,2,Tereza Valentova,Linda Fruhvirtova,CZE,CZE,,,7-5,2-6,6-3,O,AUSTRALIAN OPEN,"Australian Open - Melbourne, AUS",2026.0,Tereza Valentova,Linda Fruhvirtova,,,,,,,,,,,,,,,,,,,,,,,,,,,,,,,,,,,,,,,,,,,,,,,,,,,,,,,,,,,,,,,,,,,,,,,,,,,,,,,,,,,,,,,,,,,,,,,,,,,,,,,,,,,,,,,,,,,,,,,,,,,,,,,,,,,,,,,,,,,,,,,,,,,,,,,,,,,,,,,,,,,,,,,,,,,,,,,,,
901,2026,AUSTRALIAN OPEN,GC,2026-01-18,2026-02-01,Hard,MELBOURNE,AUSTRALIA,128,,USD,LS67664830,2026-01-22,2,Elise Mertens,Moyuka Uchijima,BEL,JPN,21.0,,6-3,6-1,,O,AUSTRALIAN OPEN,"Australian Open - Melbourne, AUS",2026.0,Elise Mertens,Moyuka Uchijima,,,,,,,,,,,,,,,,,,,,,,,,,,,,,,,,,,,,,,,,,,,,,,,,,,,,,,,,,,,,,,,,,,,,,,,,,,,,,,,,,,,,,,,,,,,,,,,,,,,,,,,,,,,,,,,,,,,,,,,,,,,,,,,,,,,,,,,,,,,,,,,,,,,,,,,,,,,,,,,,,,,,,,,,,,,,,,,,,
901,2026,AUSTRALIAN OPEN,GC,2026-01-18,2026-02-01,Hard,MELBOURNE,AUSTRALIA,128,,USD,LS67664820,2026-01-22,2,Amanda Anisimova,Katerina Siniakova,USA,CZE,4.0,,6-1,6-4,,O,AUSTRALIAN OPEN,"Australian Open - Melbourne, AUS",2026.0,Amanda Anisimova,Katerina Siniakova,,,,,,,,,,,,,,,,,,,,,,,,,,,,,,,,,,,,,,,,,,,,,,,,,,,,,,,,,,,,,,,,,,,,,,,,,,,,,,,,,,,,,,,,,,,,,,,,,,,,,,,,,,,,,,,,,,,,,,,,,,,,,,,,,,,,,,,,,,,,,,,,,,,,,,,,,,,,,,,,,,,,,,,,,,,,,,,,,
901,2026,AUSTRALIAN OPEN,GC,2026-01-18,2026-02-01,Hard,MELBOURNE,AUSTRALIA,128,,USD,LS67664810,2026-01-22,2,Linda Noskova,Taylah Preston,CZE,AUS,13.0,,6-2,4-6,6-2,O,AUSTRALIAN OPEN,"Australian Open - Melbourne, AUS",2026.0,Linda Noskova,Taylah Preston,,,,,,,,,,,,,,,,,,,,,,,,,,,,,,,,,,,,,,,,,,,,,,,,,,,,,,,,,,,,,,,,,,,,,,,,,,,,,,,,,,,,,,,,,,,,,,,,,,,,,,,,,,,,,,,,,,,,,,,,,,,,,,,,,,,,,,,,,,,,,,,,,,,,,,,,,,,,,,,,,,,,,,,,,,,,,,,,,
901,2026,AUSTRALIAN OPEN,GC,2026-01-18,2026-02-01,Hard,MELBOURNE,AUSTRALIA,128,,USD,LS67664822,2026-01-22,2,Peyton Stearns,Petra Marcinko,USA,HRV,,,6-2,7-5,,O,AUSTRALIAN OPEN,"Australian Open - Melbourne, AUS",2026.0,Peyton Stearns,Petra Marcinko,,,,,,,,,,,,,,,,,,,,,,,,,,,,,,,,,,,,,,,,,,,,,,,,,,,,,,,,,,,,,,,,,,,,,,,,,,,,,,,,,,,,,,,,,,,,,,,,,,,,,,,,,,,,,,,,,,,,,,,,,,,,,,,,,,,,,,,,,,,,,,,,,,,,,,,,,,,,,,,,,,,,,,,,,,,,,,,,,
901,2026,AUSTRALIAN OPEN,GC,2026-01-18,2026-02-01,Hard,MELBOURNE,AUSTRALIA,128,,USD,LS67664824,2026-01-22,2,Xinyu Wang,Jelena Ostapenko,CHN,LVA,,24.0,4-6,6-4,6-4,O,AUSTRALIAN OPEN,"Australian Open - Melbourne, AUS",2026.0,Xinyu Wang,Jelena Ostapenko,,,,,,,,,,,,,,,,,,,,,,,,,,,,,,,,,,,,,,,,,,,,,,,,,,,,,,,,,,,,,,,,,,,,,,,,,,,,,,,,,,,,,,,,,,,,,,,,,,,,,,,,,,,,,,,,,,,,,,,,,,,,,,,,,,,,,,,,,,,,,,,,,,,,,,,,,,,,,,,,,,,,,,,,,,,,,,,,,
901,2026,AUSTRALIAN OPEN,GC,2026-01-18,2026-02-01,Hard,MELBOURNE,AUSTRALIA,128,,USD,LS67664774,2026-01-22,2,Anna Kalinskaya,Julia Grabher,,AUT,31.0,,6-3,6-3,,O,AUSTRALIAN OPEN,"Australian Open - Melbourne, AUS",2026.0,Anna Kalinskaya,Julia Grabher,,,,,,,,,,,,,,,,,,,,,,,,,,,,,,,,,,,,,,,,,,,,,,,,,,,,,,,,,,,,,,,,,,,,,,,,,,,,,,,,,,,,,,,,,,,,,,,,,,,,,,,,,,,,,,,,,,,,,,,,,,,,,,,,,,,,,,,,,,,,,,,,,,,,,,,,,,,,,,,,,,,,,,,,,,,,,,,,,
901,2026,AUSTRALIAN OPEN,GC,2026-01-18,2026-02-01,Hard,MELBOURNE,AUSTRALIA,128,,USD,LS67664776,2026-01-22,2,Laura Siegemund,Maddison Inglis,DEU,AUS,,,6-4,6-7(3),7-6(7),O,AUSTRALIAN OPEN,"Australian Open - Melbourne, AUS",2026.0,Laura Siegemund,Maddison Inglis,,,,,,,,,,,,,,,,,,,,,,,,,,,,,,,,,,,,,,,,,,,,,,,,,,,,,,,,,,,,,,,,,,,,,,,,,,,,,,,,,,,,,,,,,,,,,,,,,,,,,,,,,,,,,,,,,,,,,,,,,,,,,,,,,,,,,,,,,,,,,,,,,,,,,,,,,,,,,,,,,,,,,,,,,,,,,,,,,
901,2026,AUSTRALIAN OPEN,GC,2026-01-18,2026-02-01,Hard,MELBOURNE,AUSTRALIA,128,,USD,LS67664814,2026-01-22,2,Karolina Pliskova,Janice Tjen,CZE,IDN,,,6-4,6-4,,O,AUSTRALIAN OPEN,"Australian Open - Melbourne, AUS",2026.0,Karolina Pliskova,Janice Tjen,,,,,,,,,,,,,,,,,,,,,,,,,,,,,,,,,,,,,,,,,,,,,,,,,,,,,,,,,,,,,,,,,,,,,,,,,,,,,,,,,,,,,,,,,,,,,,,,,,,,,,,,,,,,,,,,,,,,,,,,,,,,,,,,,,,,,,,,,,,,,,,,,,,,,,,,,,,,,,,,,,,,,,,,,,,,,,,,,
901,2026,AUSTRALIAN OPEN,GC,2026-01-18,2026-02-01,Hard,MELBOURNE,AUSTRALIA,128,,USD,LS67664802,2026-01-22,2,Jessica Pegula,McCartney Kessler,USA,USA,6.0,,6-0,6-2,,O,AUSTRALIAN OPEN,"Australian Open - Melbourne, AUS",2026.0,Jessica Pegula,McCartney Kessler,,,,,,,,,,,,,,,,,,,,,,,,,,,,,,,,,,,,,,,,,,,,,,,,,,,,,,,,,,,,,,,,,,,,,,,,,,,,,,,,,,,,,,,,,,,,,,,,,,,,,,,,,,,,,,,,,,,,,,,,,,,,,,,,,,,,,,,,,,,,,,,,,,,,,,,,,,,,,,,,,,,,,,,,,,,,,,,,,
901,2026,AUSTRALIAN OPEN,GC,2026-01-18,2026-02-01,Hard,MELBOURNE,AUSTRALIA,128,,USD,LS67664812,2026-01-22,2,Madison Keys,Ashlyn Krueger,USA,USA,9.0,,6-1,7-5,,O,AUSTRALIAN OPEN,"Australian Open - Melbourne, AUS",2026.0,Madison Keys,Ashlyn Krueger,,,,,,,,,,,,,,,,,,,,,,,,,,,,,,,,,,,,,,,,,,,,,,,,,,,,,,,,,,,,,,,,,,,,,,,,,,,,,,,,,,,,,,,,,,,,,,,,,,,,,,,,,,,,,,,,,,,,,,,,,,,,,,,,,,,,,,,,,,,,,,,,,,,,,,,,,,,,,,,,,,,,,,,,,,,,,,,,,
901,2026,AUSTRALIAN OPEN,GC,2026-01-18,2026-02-01,Hard,MELBOURNE,AUSTRALIA,128,,USD,LS67664816,2026-01-22,2,Oksana Selekhmeteva,Paula Badosa,,ESP,,25.0,6-4,6-4,,O,AUSTRALIAN OPEN,"Australian Open - Melbourne, AUS",2026.0,Oksana Selekhmeteva,Paula Badosa,,,,,,,,,,,,,,,,,,,,,,,,,,,,,,,,,,,,,,,,,,,,,,,,,,,,,,,,,,,,,,,,,,,,,,,,,,,,,,,,,,,,,,,,,,,,,,,,,,,,,,,,,,,,,,,,,,,,,,,,,,,,,,,,,,,,,,,,,,,,,,,,,,,,,,,,,,,,,,,,,,,,,,,,,,,,,,,,,
901,2026,AUSTRALIAN OPEN,GC,2026-01-18,2026-02-01,Hard,MELBOURNE,AUSTRALIA,128,,USD,LS67664726,2026-01-21,2,Iva Jovic,Priscilla Hon,USA,AUS,29.0,,6-1,6-2,,O,AUSTRALIAN OPEN,"Australian Open - Melbourne, AUS",2026.0,Iva Jovic,Priscilla Hon,,,,,,,,,,,,,,,,,,,,,,,,,,,,,,,,,,,,,,,,,,,,,,,,,,,,,,,,,,,,,,,,,,,,,,,,,,,,,,,,,,,,,,,,,,,,,,,,,,,,,,,,,,,,,,,,,,,,,,,,,,,,,,,,,,,,,,,,,,,,,,,,,,,,,,,,,,,,,,,,,,,,,,,,,,,,,,,,,
901,2026,AUSTRALIAN OPEN,GC,2026-01-18,2026-02-01,Hard,MELBOURNE,AUSTRALIA,128,,USD,LS67664724,2026-01-21,2,Jasmine Paolini,Magdalena Frech,ITA,POL,7.0,,6-2,6-3,,O,AUSTRALIAN OPEN,"Australian Open - Melbourne, AUS",2026.0,Jasmine Paolini,Magdalena Frech,,,,,,,,,,,,,,,,,,,,,,,,,,,,,,,,,,,,,,,,,,,,,,,,,,,,,,,,,,,,,,,,,,,,,,,,,,,,,,,,,,,,,,,,,,,,,,,,,,,,,,,,,,,,,,,,,,,,,,,,,,,,,,,,,,,,,,,,,,,,,,,,,,,,,,,,,,,,,,,,,,,,,,,,,,,,,,,,,
901,2026,AUSTRALIAN OPEN,GC,2026-01-18,2026-02-01,Hard,MELBOURNE,AUSTRALIA,128,,USD,LS67664804,2026-01-21,2,Mirra Andreeva,Maria Sakkari,,GRC,8.0,,6-0,6-4,,O,AUSTRALIAN OPEN,"Australian Open - Melbourne, AUS",2026.0,Mirra Andreeva,Maria Sakkari,,,,,,,,,,,,,,,,,,,,,,,,,,,,,,,,,,,,,,,,,,,,,,,,,,,,,,,,,,,,,,,,,,,,,,,,,,,,,,,,,,,,,,,,,,,,,,,,,,,,,,,,,,,,,,,,,,,,,,,,,,,,,,,,,,,,,,,,,,,,,,,,,,,,,,,,,,,,,,,,,,,,,,,,,,,,,,,,,
901,2026,AUSTRALIAN OPEN,GC,2026-01-18,2026-02-01,Hard,MELBOURNE,AUSTRALIA,128,,USD,LS67664734,2026-01-21,2,Karolina Muchova,Alycia Parks,CZE,USA,19.0,,4-6,6-4,6-4,O,AUSTRALIAN OPEN,"Australian Open - Melbourne, AUS",2026.0,Karolina Muchova,Alycia Parks,,,,,,,,,,,,,,,,,,,,,,,,,,,,,,,,,,,,,,,,,,,,,,,,,,,,,,,,,,,,,,,,,,,,,,,,,,,,,,,,,,,,,,,,,,,,,,,,,,,,,,,,,,,,,,,,,,,,,,,,,,,,,,,,,,,,,,,,,,,,,,,,,,,,,,,,,,,,,,,,,,,,,,,,,,,,,,,,,
901,2026,AUSTRALIAN OPEN,GC,2026-01-18,2026-02-01,Hard,MELBOURNE,AUSTRALIA,128,,USD,LS67664732,2026-01-21,2,Magda Linette,Ann Li,POL,USA,,,6-3,6-3,,O,AUSTRALIAN OPEN,"Australian Open - Melbourne, AUS",2026.0,Magda Linette,Ann Li,,,,,,,,,,,,,,,,,,,,,,,,,,,,,,,,,,,,,,,,,,,,,,,,,,,,,,,,,,,,,,,,,,,,,,,,,,,,,,,,,,,,,,,,,,,,,,,,,,,,,,,,,,,,,,,,,,,,,,,,,,,,,,,,,,,,,,,,,,,,,,,,,,,,,,,,,,,,,,,,,,,,,,,,,,,,,,,,,
901,2026,AUSTRALIAN OPEN,GC,2026-01-18,2026-02-01,Hard,MELBOURNE,AUSTRALIA,128,,USD,LS67664806,2026-01-21,2,Elena-Gabriela Ruse,Ajla Tomljanovic,ROU,AUS,,,6-4,6-4,,O,AUSTRALIAN OPEN,"Australian Open - Melbourne, AUS",2026.0,Elena-Gabriela Ruse,Ajla Tomljanovic,,,,,,,,,,,,,,,,,,,,,,,,,,,,,,,,,,,,,,,,,,,,,,,,,,,,,,,,,,,,,,,,,,,,,,,,,,,,,,,,,,,,,,,,,,,,,,,,,,,,,,,,,,,,,,,,,,,,,,,,,,,,,,,,,,,,,,,,,,,,,,,,,,,,,,,,,,,,,,,,,,,,,,,,,,,,,,,,,
901,2026,AUSTRALIAN OPEN,GC,2026-01-18,2026-02-01,Hard,MELBOURNE,AUSTRALIA,128,,USD,LS67664722,2026-01-21,2,Coco Gauff,Olga Danilovic,USA,SRB,3.0,,6-2,6-2,,O,AUSTRALIAN OPEN,"Australian Open - Melbourne, AUS",2026.0,Coco Gauff,Olga Danilovic,,,,,,,,,,,,,,,,,,,,,,,,,,,,,,,,,,,,,,,,,,,,,,,,,,,,,,,,,,,,,,,,,,,,,,,,,,,,,,,,,,,,,,,,,,,,,,,,,,,,,,,,,,,,,,,,,,,,,,,,,,,,,,,,,,,,,,,,,,,,,,,,,,,,,,,,,,,,,,,,,,,,,,,,,,,,,,,,,
901,2026,AUSTRALIAN OPEN,GC,2026-01-18,2026-02-01,Hard,MELBOURNE,AUSTRALIA,128,,USD,LS67664720,2026-01-21,2,Emma Raducanu,Anastasia Potapova,GBR,AUT,28.0,,7-6(3),6-2,,O,AUSTRALIAN OPEN,"Australian Open - Melbourne, AUS",2026.0,Emma Raducanu,Anastasia Potapova,,,,,,,,,,,,,,,,,,,,,,,,,,,,,,,,,,,,,,,,,,,,,,,,,,,,,,,,,,,,,,,,,,,,,,,,,,,,,,,,,,,,,,,,,,,,,,,,,,,,,,,,,,,,,,,,,,,,,,,,,,,,,,,,,,,,,,,,,,,,,,,,,,,,,,,,,,,,,,,,,,,,,,,,,,,,,,,,,
901,2026,AUSTRALIAN OPEN,GC,2026-01-18,2026-02-01,Hard,MELBOURNE,AUSTRALIA,128,,USD,LS67664716,2026-01-21,2,Clara Tauson,Polina Kudermetova,DNK,UZB,14.0,,6-3,3-6,7-5,O,AUSTRALIAN OPEN,"Australian Open - Melbourne, AUS",2026.0,Clara Tauson,Polina Kudermetova,,,,,,,,,,,,,,,,,,,,,,,,,,,,,,,,,,,,,,,,,,,,,,,,,,,,,,,,,,,,,,,,,,,,,,,,,,,,,,,,,,,,,,,,,,,,,,,,,,,,,,,,,,,,,,,,,,,,,,,,,,,,,,,,,,,,,,,,,,,,,,,,,,,,,,,,,,,,,,,,,,,,,,,,,,,,,,,,,
901,2026,AUSTRALIAN OPEN,GC,2026-01-18,2026-02-01,Hard,MELBOURNE,AUSTRALIA,128,,USD,LS67664718,2026-01-21,2,Victoria Mboko,Caty McNally,CAN,USA,17.0,,6-4,6-3,,O,AUSTRALIAN OPEN,"Australian Open - Melbourne, AUS",2026.0,Victoria Mboko,Caty McNally,,,,,,,,,,,,,,,,,,,,,,,,,,,,,,,,,,,,,,,,,,,,,,,,,,,,,,,,,,,,,,,,,,,,,,,,,,,,,,,,,,,,,,,,,,,,,,,,,,,,,,,,,,,,,,,,,,,,,,,,,,,,,,,,,,,,,,,,,,,,,,,,,,,,,,,,,,,,,,,,,,,,,,,,,,,,,,,,,
901,2026,AUSTRALIAN OPEN,GC,2026-01-18,2026-02-01,Hard,MELBOURNE,AUSTRALIA,128,,USD,LS67664736,2026-01-21,2,Hailey Baptiste,Storm Hunter,USA,AUS,,,6-2,6-1,,O,AUSTRALIAN OPEN,"Australian Open - Melbourne, AUS",2026.0,Hailey Baptiste,Storm Hunter,,,,,,,,,,,,,,,,,,,,,,,,,,,,,,,,,,,,,,,,,,,,,,,,,,,,,,,,,,,,,,,,,,,,,,,,,,,,,,,,,,,,,,,,,,,,,,,,,,,,,,,,,,,,,,,,,,,,,,,,,,,,,,,,,,,,,,,,,,,,,,,,,,,,,,,,,,,,,,,,,,,,,,,,,,,,,,,,,
901,2026,AUSTRALIAN OPEN,GC,2026-01-18,2026-02-01,Hard,MELBOURNE,AUSTRALIA,128,,USD,LS67664728,2026-01-21,2,Yulia Putintseva,Elsa Jacquemot,KAZ,FRA,,,6-1,6-2,,O,AUSTRALIAN OPEN,"Australian Open - Melbourne, AUS",2026.0,Yulia Putintseva,Elsa Jacquemot,,,,,,,,,,,,,,,,,,,,,,,,,,,,,,,,,,,,,,,,,,,,,,,,,,,,,,,,,,,,,,,,,,,,,,,,,,,,,,,,,,,,,,,,,,,,,,,,,,,,,,,,,,,,,,,,,,,,,,,,,,,,,,,,,,,,,,,,,,,,,,,,,,,,,,,,,,,,,,,,,,,,,,,,,,,,,,,,,
901,2026,AUSTRALIAN OPEN,GC,2026-01-18,2026-02-01,Hard,MELBOURNE,AUSTRALIA,128,,USD,LS67664708,2026-01-21,2,Aryna Sabalenka,Zhuoxuan Bai,,CHN,1.0,,6-3,6-1,,O,AUSTRALIAN OPEN,"Australian Open - Melbourne, AUS",2026.0,Aryna Sabalenka,Zhuoxuan Bai,,,,,,,,,,,,,,,,,,,,,,,,,,,,,,,,,,,,,,,,,,,,,,,,,,,,,,,,,,,,,,,,,,,,,,,,,,,,,,,,,,,,,,,,,,,,,,,,,,,,,,,,,,,,,,,,,,,,,,,,,,,,,,,,,,,,,,,,,,,,,,,,,,,,,,,,,,,,,,,,,,,,,,,,,,,,,,,,,
901,2026,AUSTRALIAN OPEN,GC,2026-01-18,2026-02-01,Hard,MELBOURNE,AUSTRALIA,128,,USD,LS67664714,2026-01-21,2,Zeynep Sonmez,Anna Bondar,TUR,HUN,,,6-2,6-4,,O,AUSTRALIAN OPEN,"Australian Open - Melbourne, AUS",2026.0,Zeynep Sonmez,Anna Bondar,,,,,,,,,,,,,,,,,,,,,,,,,,,,,,,,,,,,,,,,,,,,,,,,,,,,,,,,,,,,,,,,,,,,,,,,,,,,,,,,,,,,,,,,,,,,,,,,,,,,,,,,,,,,,,,,,,,,,,,,,,,,,,,,,,,,,,,,,,,,,,,,,,,,,,,,,,,,,,,,,,,,,,,,,,,,,,,,,
901,2026,AUSTRALIAN OPEN,GC,2026-01-18,2026-02-01,Hard,MELBOURNE,AUSTRALIA,128,,USD,LS67664730,2026-01-21,2,Elina Svitolina,Linda Klimovicova,UKR,POL,12.0,,7-5,6-1,,O,AUSTRALIAN OPEN,"Australian Open - Melbourne, AUS",2026.0,Elina Svitolina,Linda Klimovicova,,,,,,,,,,,,,,,,,,,,,,,,,,,,,,,,,,,,,,,,,,,,,,,,,,,,,,,,,,,,,,,,,,,,,,,,,,,,,,,,,,,,,,,,,,,,,,,,,,,,,,,,,,,,,,,,,,,,,,,,,,,,,,,,,,,,,,,,,,,,,,,,,,,,,,,,,,,,,,,,,,,,,,,,,,,,,,,,,
901,2026,AUSTRALIAN OPEN,GC,2026-01-18,2026-02-01,Hard,MELBOURNE,AUSTRALIA,128,,USD,LS67664808,2026-01-21,2,Diana Shnaider,Talia Gibson,,AUS,23.0,,3-6,7-5,6-3,O,AUSTRALIAN OPEN,"Australian Open - Melbourne, AUS",2026.0,Diana Shnaider,Talia Gibson,,,,,,,,,,,,,,,,,,,,,,,,,,,,,,,,,,,,,,,,,,,,,,,,,,,,,,,,,,,,,,,,,,,,,,,,,,,,,,,,,,,,,,,,,,,,,,,,,,,,,,,,,,,,,,,,,,,,,,,,,,,,,,,,,,,,,,,,,,,,,,,,,,,,,,,,,,,,,,,,,,,,,,,,,,,,,,,,,
901,2026,AUSTRALIAN OPEN,GC,2026-01-18,2026-02-01,Hard,MELBOURNE,AUSTRALIA,128,,USD,LS67832922,2026-01-20,1,Nikola Bartunkova,Daria Kasatkina,CZE,AUS,,,7-6(7),0-6,6-3,O,AUSTRALIAN OPEN,"Australian Open - Melbourne, AUS",2026.0,Nikola Bartunkova,Daria Kasatkina,,,,,,,,,,,,,,,,,,,,,,,,,,,,,,,,,,,,,,,,,,,,,,,,,,,,,,,,,,,,,,,,,,,,,,,,,,,,,,,,,,,,,,,,,,,,,,,,,,,,,,,,,,,,,,,,,,,,,,,,,,,,,,,,,,,,,,,,,,,,,,,,,,,,,,,,,,,,,,,,,,,,,,,,,,,,,,,,,
901,2026,AUSTRALIAN OPEN,GC,2026-01-18,2026-02-01,Hard,MELBOURNE,AUSTRALIA,128,,USD,LS67832920,2026-01-20,1,Kimberly Birrell,Maddison Inglis,AUS,AUS,,,7-6(6),6-7(9),6-4,O,AUSTRALIAN OPEN,"Australian Open - Melbourne, AUS",2026.0,Kimberly Birrell,Maddison Inglis,,,,,,,,,,,,,,,,,,,,,,,,,,,,,,,,,,,,,,,,,,,,,,,,,,,,,,,,,,,,,,,,,,,,,,,,,,,,,,,,,,,,,,,,,,,,,,,,,,,,,,,,,,,,,,,,,,,,,,,,,,,,,,,,,,,,,,,,,,,,,,,,,,,,,,,,,,,,,,,,,,,,,,,,,,,,,,,,,
901,2026,AUSTRALIAN OPEN,GC,2026-01-18,2026-02-01,Hard,MELBOURNE,AUSTRALIA,128,,USD,LS67816668,2026-01-20,1,Naomi Osaka,Antonia Ruzic,JPN,HRV,16.0,,6-3,3-6,6-4,O,AUSTRALIAN OPEN,"Australian Open - Melbourne, AUS",2026.0,Naomi Osaka,Antonia Ruzic,,,,,,,,,,,,,,,,,,,,,,,,,,,,,,,,,,,,,,,,,,,,,,,,,,,,,,,,,,,,,,,,,,,,,,,,,,,,,,,,,,,,,,,,,,,,,,,,,,,,,,,,,,,,,,,,,,,,,,,,,,,,,,,,,,,,,,,,,,,,,,,,,,,,,,,,,,,,,,,,,,,,,,,,,,,,,,,,,
901,2026,AUSTRALIAN OPEN,GC,2026-01-18,2026-02-01,Hard,MELBOURNE,AUSTRALIA,128,,USD,LS67816670,2026-01-20,1,Belinda Bencic,Katie Boulter,CHE,GBR,10.0,,6-0,7-5,,O,AUSTRALIAN OPEN,"Australian Open - Melbourne, AUS",2026.0,Belinda Bencic,Katie Boulter,,,,,,,,,,,,,,,,,,,,,,,,,,,,,,,,,,,,,,,,,,,,,,,,,,,,,,,,,,,,,,,,,,,,,,,,,,,,,,,,,,,,,,,,,,,,,,,,,,,,,,,,,,,,,,,,,,,,,,,,,,,,,,,,,,,,,,,,,,,,,,,,,,,,,,,,,,,,,,,,,,,,,,,,,,,,,,,,,
901,2026,AUSTRALIAN OPEN,GC,2026-01-18,2026-02-01,Hard,MELBOURNE,AUSTRALIA,128,,USD,LS67816664,2026-01-20,1,Laura Siegemund,Liudmila Samsonova,DEU,,,18.0,0-6,7-5,6-4,O,AUSTRALIAN OPEN,"Australian Open - Melbourne, AUS",2026.0,Laura Siegemund,Liudmila Samsonova,,,,,,,,,,,,,,,,,,,,,,,,,,,,,,,,,,,,,,,,,,,,,,,,,,,,,,,,,,,,,,,,,,,,,,,,,,,,,,,,,,,,,,,,,,,,,,,,,,,,,,,,,,,,,,,,,,,,,,,,,,,,,,,,,,,,,,,,,,,,,,,,,,,,,,,,,,,,,,,,,,,,,,,,,,,,,,,,,
901,2026,AUSTRALIAN OPEN,GC,2026-01-18,2026-02-01,Hard,MELBOURNE,AUSTRALIA,128,,USD,LS67816688,2026-01-20,1,Jelena Ostapenko,Rebecca Sramkova,LVA,SVK,24.0,,6-4,6-4,,O,AUSTRALIAN OPEN,"Australian Open - Melbourne, AUS",2026.0,Jelena Ostapenko,Rebecca Sramkova,,,,,,,,,,,,,,,,,,,,,,,,,,,,,,,,,,,,,,,,,,,,,,,,,,,,,,,,,,,,,,,,,,,,,,,,,,,,,,,,,,,,,,,,,,,,,,,,,,,,,,,,,,,,,,,,,,,,,,,,,,,,,,,,,,,,,,,,,,,,,,,,,,,,,,,,,,,,,,,,,,,,,,,,,,,,,,,,,
901,2026,AUSTRALIAN OPEN,GC,2026-01-18,2026-02-01,Hard,MELBOURNE,AUSTRALIA,128,,USD,LS67816666,2026-01-20,1,Sorana Cirstea,Eva Lys,ROU,DEU,,,3-6,6-4,6-3,O,AUSTRALIAN OPEN,"Australian Open - Melbourne, AUS",2026.0,Sorana Cirstea,Eva Lys,,,,,,,,,,,,,,,,,,,,,,,,,,,,,,,,,,,,,,,,,,,,,,,,,,,,,,,,,,,,,,,,,,,,,,,,,,,,,,,,,,,,,,,,,,,,,,,,,,,,,,,,,,,,,,,,,,,,,,,,,,,,,,,,,,,,,,,,,,,,,,,,,,,,,,,,,,,,,,,,,,,,,,,,,,,,,,,,,
901,2026,AUSTRALIAN OPEN,GC,2026-01-18,2026-02-01,Hard,MELBOURNE,AUSTRALIA,128,,USD,LS67816678,2026-01-20,1,Elena Rybakina,Kaja Juvan,KAZ,SVN,5.0,,6-4,6-3,,O,AUSTRALIAN OPEN,"Australian Open - Melbourne, AUS",2026.0,Elena Rybakina,Kaja Juvan,,,,,,,,,,,,,,,,,,,,,,,,,,,,,,,,,,,,,,,,,,,,,,,,,,,,,,,,,,,,,,,,,,,,,,,,,,,,,,,,,,,,,,,,,,,,,,,,,,,,,,,,,,,,,,,,,,,,,,,,,,,,,,,,,,,,,,,,,,,,,,,,,,,,,,,,,,,,,,,,,,,,,,,,,,,,,,,,,
901,2026,AUSTRALIAN OPEN,GC,2026-01-18,2026-02-01,Hard,MELBOURNE,AUSTRALIA,128,,USD,LS67816662,2026-01-20,1,Sonay Kartal,Anna Kalinskaya,GBR,,,31.0,7-6(3),6-1,,O,AUSTRALIAN OPEN,"Australian Open - Melbourne, AUS",2026.0,Sonay Kartal,Anna Kalinskaya,,,,,,,,,,,,,,,,,,,,,,,,,,,,,,,,,,,,,,,,,,,,,,,,,,,,,,,,,,,,,,,,,,,,,,,,,,,,,,,,,,,,,,,,,,,,,,,,,,,,,,,,,,,,,,,,,,,,,,,,,,,,,,,,,,,,,,,,,,,,,,,,,,,,,,,,,,,,,,,,,,,,,,,,,,,,,,,,,
901,2026,AUSTRALIAN OPEN,GC,2026-01-18,2026-02-01,Hard,MELBOURNE,AUSTRALIA,128,,USD,LS67832926,2026-01-20,1,Linda Fruhvirtova,Lulu Sun,CZE,NZL,,,6-3,7-5,,O,AUSTRALIAN OPEN,"Australian Open - Melbourne, AUS",2026.0,Linda Fruhvirtova,Lulu Sun,,,,,,,,,,,,,,,,,,,,,,,,,,,,,,,,,,,,,,,,,,,,,,,,,,,,,,,,,,,,,,,,,,,,,,,,,,,,,,,,,,,,,,,,,,,,,,,,,,,,,,,,,,,,,,,,,,,,,,,,,,,,,,,,,,,,,,,,,,,,,,,,,,,,,,,,,,,,,,,,,,,,,,,,,,,,,,,,,
901,2026,AUSTRALIAN OPEN,GC,2026-01-18,2026-02-01,Hard,MELBOURNE,AUSTRALIA,128,,USD,LS67832930,2026-01-20,1,Sloane Stephens,Karolina Pliskova,USA,CZE,,,7-6(7),6-2,,O,AUSTRALIAN OPEN,"Australian Open - Melbourne, AUS",2026.0,Sloane Stephens,Karolina Pliskova,,,,,,,,,,,,,,,,,,,,,,,,,,,,,,,,,,,,,,,,,,,,,,,,,,,,,,,,,,,,,,,,,,,,,,,,,,,,,,,,,,,,,,,,,,,,,,,,,,,,,,,,,,,,,,,,,,,,,,,,,,,,,,,,,,,,,,,,,,,,,,,,,,,,,,,,,,,,,,,,,,,,,,,,,,,,,,,,,
901,2026,AUSTRALIAN OPEN,GC,2026-01-18,2026-02-01,Hard,MELBOURNE,AUSTRALIA,128,,USD,LS67816660,2026-01-20,1,Julia Grabher,Elisabetta Cocciaretto,AUT,ITA,,,7-5,2-6,6-4,O,AUSTRALIAN OPEN,"Australian Open - Melbourne, AUS",2026.0,Julia Grabher,Elisabetta Cocciaretto,,,,,,,,,,,,,,,,,,,,,,,,,,,,,,,,,,,,,,,,,,,,,,,,,,,,,,,,,,,,,,,,,,,,,,,,,,,,,,,,,,,,,,,,,,,,,,,,,,,,,,,,,,,,,,,,,,,,,,,,,,,,,,,,,,,,,,,,,,,,,,,,,,,,,,,,,,,,,,,,,,,,,,,,,,,,,,,,,
901,2026,AUSTRALIAN OPEN,GC,2026-01-18,2026-02-01,Hard,MELBOURNE,AUSTRALIA,128,,USD,LS67832928,2026-01-20,1,Xinyu Wang,Anhelina Kalinina,CHN,UKR,,,6-3,6-3,,O,AUSTRALIAN OPEN,"Australian Open - Melbourne, AUS",2026.0,Xinyu Wang,Anhelina Kalinina,,,,,,,,,,,,,,,,,,,,,,,,,,,,,,,,,,,,,,,,,,,,,,,,,,,,,,,,,,,,,,,,,,,,,,,,,,,,,,,,,,,,,,,,,,,,,,,,,,,,,,,,,,,,,,,,,,,,,,,,,,,,,,,,,,,,,,,,,,,,,,,,,,,,,,,,,,,,,,,,,,,,,,,,,,,,,,,,,
901,2026,AUSTRALIAN OPEN,GC,2026-01-18,2026-02-01,Hard,MELBOURNE,AUSTRALIA,128,,USD,LS67816694,2026-01-20,1,Madison Keys,Oleksandra Oliynykova,USA,UKR,9.0,,7-6(6),6-1,,O,AUSTRALIAN OPEN,"Australian Open - Melbourne, AUS",2026.0,Madison Keys,Oleksandra Oliynykova,,,,,,,,,,,,,,,,,,,,,,,,,,,,,,,,,,,,,,,,,,,,,,,,,,,,,,,,,,,,,,,,,,,,,,,,,,,,,,,,,,,,,,,,,,,,,,,,,,,,,,,,,,,,,,,,,,,,,,,,,,,,,,,,,,,,,,,,,,,,,,,,,,,,,,,,,,,,,,,,,,,,,,,,,,,,,,,,,
901,2026,AUSTRALIAN OPEN,GC,2026-01-18,2026-02-01,Hard,MELBOURNE,AUSTRALIA,128,,USD,LS67816698,2026-01-20,1,Janice Tjen,Leylah Fernandez,IDN,CAN,,22.0,6-2,7-6(1),,O,AUSTRALIAN OPEN,"Australian Open - Melbourne, AUS",2026.0,Janice Tjen,Leylah Fernandez,,,,,,,,,,,,,,,,,,,,,,,,,,,,,,,,,,,,,,,,,,,,,,,,,,,,,,,,,,,,,,,,,,,,,,,,,,,,,,,,,,,,,,,,,,,,,,,,,,,,,,,,,,,,,,,,,,,,,,,,,,,,,,,,,,,,,,,,,,,,,,,,,,,,,,,,,,,,,,,,,,,,,,,,,,,,,,,,,
901,2026,AUSTRALIAN OPEN,GC,2026-01-18,2026-02-01,Hard,MELBOURNE,AUSTRALIA,128,,USD,LS67816674,2026-01-20,1,Tereza Valentova,Maya Joint,CZE,AUS,,30.0,6-4,6-4,,O,AUSTRALIAN OPEN,"Australian Open - Melbourne, AUS",2026.0,Tereza Valentova,Maya Joint,,,,,,,,,,,,,,,,,,,,,,,,,,,,,,,,,,,,,,,,,,,,,,,,,,,,,,,,,,,,,,,,,,,,,,,,,,,,,,,,,,,,,,,,,,,,,,,,,,,,,,,,,,,,,,,,,,,,,,,,,,,,,,,,,,,,,,,,,,,,,,,,,,,,,,,,,,,,,,,,,,,,,,,,,,,,,,,,,
901,2026,AUSTRALIAN OPEN,GC,2026-01-18,2026-02-01,Hard,MELBOURNE,AUSTRALIA,128,,USD,LS67816676,2026-01-20,1,Varvara Gracheva,Viktorija Golubic,FRA,CHE,,,6-1,2-6,6-1,O,AUSTRALIAN OPEN,"Australian Open - Melbourne, AUS",2026.0,Varvara Gracheva,Viktorija Golubic,,,,,,,,,,,,,,,,,,,,,,,,,,,,,,,,,,,,,,,,,,,,,,,,,,,,,,,,,,,,,,,,,,,,,,,,,,,,,,,,,,,,,,,,,,,,,,,,,,,,,,,,,,,,,,,,,,,,,,,,,,,,,,,,,,,,,,,,,,,,,,,,,,,,,,,,,,,,,,,,,,,,,,,,,,,,,,,,,
901,2026,AUSTRALIAN OPEN,GC,2026-01-18,2026-02-01,Hard,MELBOURNE,AUSTRALIA,128,,USD,LS67816682,2026-01-20,1,Katerina Siniakova,Panna Udvardy,CZE,HUN,,,6-1,6-2,,O,AUSTRALIAN OPEN,"Australian Open - Melbourne, AUS",2026.0,Katerina Siniakova,Panna Udvardy,,,,,,,,,,,,,,,,,,,,,,,,,,,,,,,,,,,,,,,,,,,,,,,,,,,,,,,,,,,,,,,,,,,,,,,,,,,,,,,,,,,,,,,,,,,,,,,,,,,,,,,,,,,,,,,,,,,,,,,,,,,,,,,,,,,,,,,,,,,,,,,,,,,,,,,,,,,,,,,,,,,,,,,,,,,,,,,,,
901,2026,AUSTRALIAN OPEN,GC,2026-01-18,2026-02-01,Hard,MELBOURNE,AUSTRALIA,128,,USD,LS67816690,2026-01-20,1,Taylah Preston,Shuai Zhang,AUS,CHN,,,6-3,2-6,6-3,O,AUSTRALIAN OPEN,"Australian Open - Melbourne, AUS",2026.0,Taylah Preston,Shuai Zhang,,,,,,,,,,,,,,,,,,,,,,,,,,,,,,,,,,,,,,,,,,,,,,,,,,,,,,,,,,,,,,,,,,,,,,,,,,,,,,,,,,,,,,,,,,,,,,,,,,,,,,,,,,,,,,,,,,,,,,,,,,,,,,,,,,,,,,,,,,,,,,,,,,,,,,,,,,,,,,,,,,,,,,,,,,,,,,,,,
901,2026,AUSTRALIAN OPEN,GC,2026-01-18,2026-02-01,Hard,MELBOURNE,AUSTRALIA,128,,USD,LS67816696,2026-01-20,1,Ashlyn Krueger,Sara Bejlek,USA,CZE,,,6-3,6-3,,O,AUSTRALIAN OPEN,"Australian Open - Melbourne, AUS",2026.0,Ashlyn Krueger,Sara Bejlek,,,,,,,,,,,,,,,,,,,,,,,,,,,,,,,,,,,,,,,,,,,,,,,,,,,,,,,,,,,,,,,,,,,,,,,,,,,,,,,,,,,,,,,,,,,,,,,,,,,,,,,,,,,,,,,,,,,,,,,,,,,,,,,,,,,,,,,,,,,,,,,,,,,,,,,,,,,,,,,,,,,,,,,,,,,,,,,,,
901,2026,AUSTRALIAN OPEN,GC,2026-01-18,2026-02-01,Hard,MELBOURNE,AUSTRALIA,128,,USD,LS67832924,2026-01-19,1,Elise Mertens,Lanlana Tararudee,BEL,THA,21.0,,7-5,6-1,,O,AUSTRALIAN OPEN,"Australian Open - Melbourne, AUS",2026.0,Elise Mertens,Lanlana Tararudee,,,,,,,,,,,,,,,,,,,,,,,,,,,,,,,,,,,,,,,,,,,,,,,,,,,,,,,,,,,,,,,,,,,,,,,,,,,,,,,,,,,,,,,,,,,,,,,,,,,,,,,,,,,,,,,,,,,,,,,,,,,,,,,,,,,,,,,,,,,,,,,,,,,,,,,,,,,,,,,,,,,,,,,,,,,,,,,,,
901,2026,AUSTRALIAN OPEN,GC,2026-01-18,2026-02-01,Hard,MELBOURNE,AUSTRALIA,128,,USD,LS67816672,2026-01-19,1,Moyuka Uchijima,Solana Sierra,JPN,ARG,,,6-3,6-1,,O,AUSTRALIAN OPEN,"Australian Open - Melbourne, AUS",2026.0,Moyuka Uchijima,Solana Sierra,,,,,,,,,,,,,,,,,,,,,,,,,,,,,,,,,,,,,,,,,,,,,,,,,,,,,,,,,,,,,,,,,,,,,,,,,,,,,,,,,,,,,,,,,,,,,,,,,,,,,,,,,,,,,,,,,,,,,,,,,,,,,,,,,,,,,,,,,,,,,,,,,,,,,,,,,,,,,,,,,,,,,,,,,,,,,,,,,
901,2026,AUSTRALIAN OPEN,GC,2026-01-18,2026-02-01,Hard,MELBOURNE,AUSTRALIA,128,,USD,LS67832918,2026-01-19,1,Iga Swiatek,Yue Yuan,POL,CHN,2.0,,7-6(5),6-3,,O,AUSTRALIAN OPEN,"Australian Open - Melbourne, AUS",2026.0,Iga Swiatek,Yue Yuan,,,,,,,,,,,,,,,,,,,,,,,,,,,,,,,,,,,,,,,,,,,,,,,,,,,,,,,,,,,,,,,,,,,,,,,,,,,,,,,,,,,,,,,,,,,,,,,,,,,,,,,,,,,,,,,,,,,,,,,,,,,,,,,,,,,,,,,,,,,,,,,,,,,,,,,,,,,,,,,,,,,,,,,,,,,,,,,,,
901,2026,AUSTRALIAN OPEN,GC,2026-01-18,2026-02-01,Hard,MELBOURNE,AUSTRALIA,128,,USD,LS67816708,2026-01-19,1,Mirra Andreeva,Donna Vekic,,HRV,8.0,,4-6,6-3,6-0,O,AUSTRALIAN OPEN,"Australian Open - Melbourne, AUS",2026.0,Mirra Andreeva,Donna Vekic,,,,,,,,,,,,,,,,,,,,,,,,,,,,,,,,,,,,,,,,,,,,,,,,,,,,,,,,,,,,,,,,,,,,,,,,,,,,,,,,,,,,,,,,,,,,,,,,,,,,,,,,,,,,,,,,,,,,,,,,,,,,,,,,,,,,,,,,,,,,,,,,,,,,,,,,,,,,,,,,,,,,,,,,,,,,,,,,,
901,2026,AUSTRALIAN OPEN,GC,2026-01-18,2026-02-01,Hard,MELBOURNE,AUSTRALIA,128,,USD,LS67816714,2026-01-19,1,Diana Shnaider,Barbora Krejcikova,,CZE,23.0,,2-6,6-3,6-3,O,AUSTRALIAN OPEN,"Australian Open - Melbourne, AUS",2026.0,Diana Shnaider,Barbora Krejcikova,,,,,,,,,,,,,,,,,,,,,,,,,,,,,,,,,,,,,,,,,,,,,,,,,,,,,,,,,,,,,,,,,,,,,,,,,,,,,,,,,,,,,,,,,,,,,,,,,,,,,,,,,,,,,,,,,,,,,,,,,,,,,,,,,,,,,,,,,,,,,,,,,,,,,,,,,,,,,,,,,,,,,,,,,,,,,,,,,
901,2026,AUSTRALIAN OPEN,GC,2026-01-18,2026-02-01,Hard,MELBOURNE,AUSTRALIA,128,,USD,LS67816658,2026-01-19,1,Marie Bouzkova,Renata Zarazua,CZE,MEX,,,6-2,7-5,,O,AUSTRALIAN OPEN,"Australian Open - Melbourne, AUS",2026.0,Marie Bouzkova,Renata Zarazua,,,,,,,,,,,,,,,,,,,,,,,,,,,,,,,,,,,,,,,,,,,,,,,,,,,,,,,,,,,,,,,,,,,,,,,,,,,,,,,,,,,,,,,,,,,,,,,,,,,,,,,,,,,,,,,,,,,,,,,,,,,,,,,,,,,,,,,,,,,,,,,,,,,,,,,,,,,,,,,,,,,,,,,,,,,,,,,,,
901,2026,AUSTRALIAN OPEN,GC,2026-01-18,2026-02-01,Hard,MELBOURNE,AUSTRALIA,128,,USD,LS67816700,2026-01-19,1,Paula Badosa,Zarina Diyas,ESP,KAZ,25.0,,6-2,6-4,,O,AUSTRALIAN OPEN,"Australian Open - Melbourne, AUS",2026.0,Paula Badosa,Zarina Diyas,,,,,,,,,,,,,,,,,,,,,,,,,,,,,,,,,,,,,,,,,,,,,,,,,,,,,,,,,,,,,,,,,,,,,,,,,,,,,,,,,,,,,,,,,,,,,,,,,,,,,,,,,,,,,,,,,,,,,,,,,,,,,,,,,,,,,,,,,,,,,,,,,,,,,,,,,,,,,,,,,,,,,,,,,,,,,,,,,
901,2026,AUSTRALIAN OPEN,GC,2026-01-18,2026-02-01,Hard,MELBOURNE,AUSTRALIA,128,,USD,LS67832932,2026-01-19,1,Ajla Tomljanovic,Yuliia Starodubtseva,AUS,UKR,,,4-6,7-6(3),6-1,O,AUSTRALIAN OPEN,"Australian Open - Melbourne, AUS",2026.0,Ajla Tomljanovic,Yuliia Starodubtseva,,,,,,,,,,,,,,,,,,,,,,,,,,,,,,,,,,,,,,,,,,,,,,,,,,,,,,,,,,,,,,,,,,,,,,,,,,,,,,,,,,,,,,,,,,,,,,,,,,,,,,,,,,,,,,,,,,,,,,,,,,,,,,,,,,,,,,,,,,,,,,,,,,,,,,,,,,,,,,,,,,,,,,,,,,,,,,,,,
901,2026,AUSTRALIAN OPEN,GC,2026-01-18,2026-02-01,Hard,MELBOURNE,AUSTRALIA,128,,USD,LS67816746,2026-01-19,1,Victoria Mboko,Emerson Jones,CAN,AUS,17.0,,6-4,6-1,,O,AUSTRALIAN OPEN,"Australian Open - Melbourne, AUS",2026.0,Victoria Mboko,Emerson Jones,,,,,,,,,,,,,,,,,,,,,,,,,,,,,,,,,,,,,,,,,,,,,,,,,,,,,,,,,,,,,,,,,,,,,,,,,,,,,,,,,,,,,,,,,,,,,,,,,,,,,,,,,,,,,,,,,,,,,,,,,,,,,,,,,,,,,,,,,,,,,,,,,,,,,,,,,,,,,,,,,,,,,,,,,,,,,,,,,
901,2026,AUSTRALIAN OPEN,GC,2026-01-18,2026-02-01,Hard,MELBOURNE,AUSTRALIA,128,,USD,LS67816692,2026-01-19,1,Linda Noskova,Darja Semenistaja,CZE,LVA,13.0,,6-3,6-0,,O,AUSTRALIAN OPEN,"Australian Open - Melbourne, AUS",2026.0,Linda Noskova,Darja Semenistaja,,,,,,,,,,,,,,,,,,,,,,,,,,,,,,,,,,,,,,,,,,,,,,,,,,,,,,,,,,,,,,,,,,,,,,,,,,,,,,,,,,,,,,,,,,,,,,,,,,,,,,,,,,,,,,,,,,,,,,,,,,,,,,,,,,,,,,,,,,,,,,,,,,,,,,,,,,,,,,,,,,,,,,,,,,,,,,,,,
901,2026,AUSTRALIAN OPEN,GC,2026-01-18,2026-02-01,Hard,MELBOURNE,AUSTRALIA,128,,USD,LS67816736,2026-01-19,1,Iva Jovic,Katie Volynets,USA,USA,29.0,,6-2,6-3,,O,AUSTRALIAN OPEN,"Australian Open - Melbourne, AUS",2026.0,Iva Jovic,Katie Volynets,,,,,,,,,,,,,,,,,,,,,,,,,,,,,,,,,,,,,,,,,,,,,,,,,,,,,,,,,,,,,,,,,,,,,,,,,,,,,,,,,,,,,,,,,,,,,,,,,,,,,,,,,,,,,,,,,,,,,,,,,,,,,,,,,,,,,,,,,,,,,,,,,,,,,,,,,,,,,,,,,,,,,,,,,,,,,,,,,
901,2026,AUSTRALIAN OPEN,GC,2026-01-18,2026-02-01,Hard,MELBOURNE,AUSTRALIA,128,,USD,LS67816702,2026-01-19,1,Oksana Selekhmeteva,Ella Seidel,,DEU,,,6-3,3-6,6-0,O,AUSTRALIAN OPEN,"Australian Open - Melbourne, AUS",2026.0,Oksana Selekhmeteva,Ella Seidel,,,,,,,,,,,,,,,,,,,,,,,,,,,,,,,,,,,,,,,,,,,,,,,,,,,,,,,,,,,,,,,,,,,,,,,,,,,,,,,,,,,,,,,,,,,,,,,,,,,,,,,,,,,,,,,,,,,,,,,,,,,,,,,,,,,,,,,,,,,,,,,,,,,,,,,,,,,,,,,,,,,,,,,,,,,,,,,,,
901,2026,AUSTRALIAN OPEN,GC,2026-01-18,2026-02-01,Hard,MELBOURNE,AUSTRALIA,128,,USD,LS67816680,2026-01-19,1,Amanda Anisimova,Simona Waltert,USA,CHE,4.0,,6-3,6-2,,O,AUSTRALIAN OPEN,"Australian Open - Melbourne, AUS",2026.0,Amanda Anisimova,Simona Waltert,,,,,,,,,,,,,,,,,,,,,,,,,,,,,,,,,,,,,,,,,,,,,,,,,,,,,,,,,,,,,,,,,,,,,,,,,,,,,,,,,,,,,,,,,,,,,,,,,,,,,,,,,,,,,,,,,,,,,,,,,,,,,,,,,,,,,,,,,,,,,,,,,,,,,,,,,,,,,,,,,,,,,,,,,,,,,,,,,
901,2026,AUSTRALIAN OPEN,GC,2026-01-18,2026-02-01,Hard,MELBOURNE,AUSTRALIA,128,,USD,LS67816724,2026-01-19,1,Alycia Parks,Alexandra Eala,USA,PHL,,,0-6,6-3,6-2,O,AUSTRALIAN OPEN,"Australian Open - Melbourne, AUS",2026.0,Alycia Parks,Alexandra Eala,,,,,,,,,,,,,,,,,,,,,,,,,,,,,,,,,,,,,,,,,,,,,,,,,,,,,,,,,,,,,,,,,,,,,,,,,,,,,,,,,,,,,,,,,,,,,,,,,,,,,,,,,,,,,,,,,,,,,,,,,,,,,,,,,,,,,,,,,,,,,,,,,,,,,,,,,,,,,,,,,,,,,,,,,,,,,,,,,
901,2026,AUSTRALIAN OPEN,GC,2026-01-18,2026-02-01,Hard,MELBOURNE,AUSTRALIA,128,,USD,LS67816726,2026-01-19,1,Jaqueline Cristian,Karolina Muchova,ROU,CZE,,19.0,6-3,7-6(6),,O,AUSTRALIAN OPEN,"Australian Open - Melbourne, AUS",2026.0,Jaqueline Cristian,Karolina Muchova,,,,,,,,,,,,,,,,,,,,,,,,,,,,,,,,,,,,,,,,,,,,,,,,,,,,,,,,,,,,,,,,,,,,,,,,,,,,,,,,,,,,,,,,,,,,,,,,,,,,,,,,,,,,,,,,,,,,,,,,,,,,,,,,,,,,,,,,,,,,,,,,,,,,,,,,,,,,,,,,,,,,,,,,,,,,,,,,,
901,2026,AUSTRALIAN OPEN,GC,2026-01-18,2026-02-01,Hard,MELBOURNE,AUSTRALIA,128,,USD,LS67816744,2026-01-19,1,Clara Tauson,Dalma Galfi,DNK,HUN,14.0,,6-3,6-3,,O,AUSTRALIAN OPEN,"Australian Open - Melbourne, AUS",2026.0,Clara Tauson,Dalma Galfi,,,,,,,,,,,,,,,,,,,,,,,,,,,,,,,,,,,,,,,,,,,,,,,,,,,,,,,,,,,,,,,,,,,,,,,,,,,,,,,,,,,,,,,,,,,,,,,,,,,,,,,,,,,,,,,,,,,,,,,,,,,,,,,,,,,,,,,,,,,,,,,,,,,,,,,,,,,,,,,,,,,,,,,,,,,,,,,,,
901,2026,AUSTRALIAN OPEN,GC,2026-01-18,2026-02-01,Hard,MELBOURNE,AUSTRALIA,128,,USD,LS67816706,2026-01-19,1,Jessica Pegula,Anastasia Zakharova,USA,,6.0,,6-2,6-1,,O,AUSTRALIAN OPEN,"Australian Open - Melbourne, AUS",2026.0,Jessica Pegula,Anastasia Zakharova,,,,,,,,,,,,,,,,,,,,,,,,,,,,,,,,,,,,,,,,,,,,,,,,,,,,,,,,,,,,,,,,,,,,,,,,,,,,,,,,,,,,,,,,,,,,,,,,,,,,,,,,,,,,,,,,,,,,,,,,,,,,,,,,,,,,,,,,,,,,,,,,,,,,,,,,,,,,,,,,,,,,,,,,,,,,,,,,,
901,2026,AUSTRALIAN OPEN,GC,2026-01-18,2026-02-01,Hard,MELBOURNE,AUSTRALIA,128,,USD,LS67832934,2026-01-19,1,Linda Klimovicova,Francesca Jones,POL,GBR,,,6-2,3-2,,O,AUSTRALIAN OPEN,"Australian Open - Melbourne, AUS",2026.0,Linda Klimovicova,Francesca Jones,,,,,,,,,,,,,,,,,,,,,,,,,,,,,,,,,,,,,,,,,,,,,,,,,,,,,,,,,,,,,,,,,,,,,,,,,,,,,,,,,,,,,,,,,,,,,,,,,,,,,,,,,,,,,,,,,,,,,,,,,,,,,,,,,,,,,,,,,,,,,,,,,,,,,,,,,,,,,,,,,,,,,,,,,,,,,,,,,
901,2026,AUSTRALIAN OPEN,GC,2026-01-18,2026-02-01,Hard,MELBOURNE,AUSTRALIA,128,,USD,LS67832940,2026-01-19,1,Priscilla Hon,Marina Stakusic,AUS,CAN,,,1-6,6-4,5-3,O,AUSTRALIAN OPEN,"Australian Open - Melbourne, AUS",2026.0,Priscilla Hon,Marina Stakusic,,,,,,,,,,,,,,,,,,,,,,,,,,,,,,,,,,,,,,,,,,,,,,,,,,,,,,,,,,,,,,,,,,,,,,,,,,,,,,,,,,,,,,,,,,,,,,,,,,,,,,,,,,,,,,,,,,,,,,,,,,,,,,,,,,,,,,,,,,,,,,,,,,,,,,,,,,,,,,,,,,,,,,,,,,,,,,,,,
901,2026,AUSTRALIAN OPEN,GC,2026-01-18,2026-02-01,Hard,MELBOURNE,AUSTRALIA,128,,USD,LS67816732,2026-01-19,1,Coco Gauff,Kamilla Rakhimova,USA,UZB,3.0,,6-2,6-3,,O,AUSTRALIAN OPEN,"Australian Open - Melbourne, AUS",2026.0,Coco Gauff,Kamilla Rakhimova,,,,,,,,,,,,,,,,,,,,,,,,,,,,,,,,,,,,,,,,,,,,,,,,,,,,,,,,,,,,,,,,,,,,,,,,,,,,,,,,,,,,,,,,,,,,,,,,,,,,,,,,,,,,,,,,,,,,,,,,,,,,,,,,,,,,,,,,,,,,,,,,,,,,,,,,,,,,,,,,,,,,,,,,,,,,,,,,,
901,2026,AUSTRALIAN OPEN,GC,2026-01-18,2026-02-01,Hard,MELBOURNE,AUSTRALIA,128,,USD,LS67816722,2026-01-19,1,Ann Li,Camila Osorio,USA,COL,,,6-4,6-7(5),7-5,O,AUSTRALIAN OPEN,"Australian Open - Melbourne, AUS",2026.0,Ann Li,Camila Osorio,,,,,,,,,,,,,,,,,,,,,,,,,,,,,,,,,,,,,,,,,,,,,,,,,,,,,,,,,,,,,,,,,,,,,,,,,,,,,,,,,,,,,,,,,,,,,,,,,,,,,,,,,,,,,,,,,,,,,,,,,,,,,,,,,,,,,,,,,,,,,,,,,,,,,,,,,,,,,,,,,,,,,,,,,,,,,,,,,
901,2026,AUSTRALIAN OPEN,GC,2026-01-18,2026-02-01,Hard,MELBOURNE,AUSTRALIA,128,,USD,LS67816686,2026-01-19,1,Peyton Stearns,Sofia Kenin,USA,USA,,27.0,6-3,6-2,,O,AUSTRALIAN OPEN,"Australian Open - Melbourne, AUS",2026.0,Peyton Stearns,Sofia Kenin,,,,,,,,,,,,,,,,,,,,,,,,,,,,,,,,,,,,,,,,,,,,,,,,,,,,,,,,,,,,,,,,,,,,,,,,,,,,,,,,,,,,,,,,,,,,,,,,,,,,,,,,,,,,,,,,,,,,,,,,,,,,,,,,,,,,,,,,,,,,,,,,,,,,,,,,,,,,,,,,,,,,,,,,,,,,,,,,,
901,2026,AUSTRALIAN OPEN,GC,2026-01-18,2026-02-01,Hard,MELBOURNE,AUSTRALIA,128,,USD,LS67816684,2026-01-19,1,Petra Marcinko,Tatjana Maria,HRV,DEU,,,6-3,7-5,,O,AUSTRALIAN OPEN,"Australian Open - Melbourne, AUS",2026.0,Petra Marcinko,Tatjana Maria,,,,,,,,,,,,,,,,,,,,,,,,,,,,,,,,,,,,,,,,,,,,,,,,,,,,,,,,,,,,,,,,,,,,,,,,,,,,,,,,,,,,,,,,,,,,,,,,,,,,,,,,,,,,,,,,,,,,,,,,,,,,,,,,,,,,,,,,,,,,,,,,,,,,,,,,,,,,,,,,,,,,,,,,,,,,,,,,,
901,2026,AUSTRALIAN OPEN,GC,2026-01-18,2026-02-01,Hard,MELBOURNE,AUSTRALIA,128,,USD,LS67816704,2026-01-19,1,McCartney Kessler,Emiliana Arango,USA,COL,,,6-3,6-2,,O,AUSTRALIAN OPEN,"Australian Open - Melbourne, AUS",2026.0,McCartney Kessler,Emiliana Arango,,,,,,,,,,,,,,,,,,,,,,,,,,,,,,,,,,,,,,,,,,,,,,,,,,,,,,,,,,,,,,,,,,,,,,,,,,,,,,,,,,,,,,,,,,,,,,,,,,,,,,,,,,,,,,,,,,,,,,,,,,,,,,,,,,,,,,,,,,,,,,,,,,,,,,,,,,,,,,,,,,,,,,,,,,,,,,,,,
901,2026,AUSTRALIAN OPEN,GC,2026-01-18,2026-02-01,Hard,MELBOURNE,AUSTRALIA,128,,USD,LS67816720,2026-01-19,1,Magda Linette,Emma Navarro,POL,USA,,15.0,3-6,6-3,6-3,O,AUSTRALIAN OPEN,"Australian Open - Melbourne, AUS",2026.0,Magda Linette,Emma Navarro,,,,,,,,,,,,,,,,,,,,,,,,,,,,,,,,,,,,,,,,,,,,,,,,,,,,,,,,,,,,,,,,,,,,,,,,,,,,,,,,,,,,,,,,,,,,,,,,,,,,,,,,,,,,,,,,,,,,,,,,,,,,,,,,,,,,,,,,,,,,,,,,,,,,,,,,,,,,,,,,,,,,,,,,,,,,,,,,,
901,2026,AUSTRALIAN OPEN,GC,2026-01-18,2026-02-01,Hard,MELBOURNE,AUSTRALIA,128,,USD,LS67816734,2026-01-19,1,Magdalena Frech,Veronika Erjavec,POL,SVN,,,6-1,6-1,,O,AUSTRALIAN OPEN,"Australian Open - Melbourne, AUS",2026.0,Magdalena Frech,Veronika Erjavec,,,,,,,,,,,,,,,,,,,,,,,,,,,,,,,,,,,,,,,,,,,,,,,,,,,,,,,,,,,,,,,,,,,,,,,,,,,,,,,,,,,,,,,,,,,,,,,,,,,,,,,,,,,,,,,,,,,,,,,,,,,,,,,,,,,,,,,,,,,,,,,,,,,,,,,,,,,,,,,,,,,,,,,,,,,,,,,,,
901,2026,AUSTRALIAN OPEN,GC,2026-01-18,2026-02-01,Hard,MELBOURNE,AUSTRALIA,128,,USD,LS67816742,2026-01-19,1,Anna Bondar,Elizabeth Mandlik,HUN,USA,,,6-0,6-4,,O,AUSTRALIAN OPEN,"Australian Open - Melbourne, AUS",2026.0,Anna Bondar,Elizabeth Mandlik,,,,,,,,,,,,,,,,,,,,,,,,,,,,,,,,,,,,,,,,,,,,,,,,,,,,,,,,,,,,,,,,,,,,,,,,,,,,,,,,,,,,,,,,,,,,,,,,,,,,,,,,,,,,,,,,,,,,,,,,,,,,,,,,,,,,,,,,,,,,,,,,,,,,,,,,,,,,,,,,,,,,,,,,,,,,,,,,,
901,2026,AUSTRALIAN OPEN,GC,2026-01-18,2026-02-01,Hard,MELBOURNE,AUSTRALIA,128,,USD,LS67832936,2026-01-19,1,Storm Hunter,Jessica Bouzas Maneiro,AUS,ESP,,,6-4,6-4,,O,AUSTRALIAN OPEN,"Australian Open - Melbourne, AUS",2026.0,Storm Hunter,Jessica Bouzas Maneiro,,,,,,,,,,,,,,,,,,,,,,,,,,,,,,,,,,,,,,,,,,,,,,,,,,,,,,,,,,,,,,,,,,,,,,,,,,,,,,,,,,,,,,,,,,,,,,,,,,,,,,,,,,,,,,,,,,,,,,,,,,,,,,,,,,,,,,,,,,,,,,,,,,,,,,,,,,,,,,,,,,,,,,,,,,,,,,,,,
901,2026,AUSTRALIAN OPEN,GC,2026-01-18,2026-02-01,Hard,MELBOURNE,AUSTRALIA,128,,USD,LS67816748,2026-01-18,1,Emma Raducanu,Mananchaya Sawangkaew,GBR,THA,28.0,,6-4,6-1,,O,AUSTRALIAN OPEN,"Australian Open - Melbourne, AUS",2026.0,Emma Raducanu,Mananchaya Sawangkaew,,,,,,,,,,,,,,,,,,,,,,,,,,,,,,,,,,,,,,,,,,,,,,,,,,,,,,,,,,,,,,,,,,,,,,,,,,,,,,,,,,,,,,,,,,,,,,,,,,,,,,,,,,,,,,,,,,,,,,,,,,,,,,,,,,,,,,,,,,,,,,,,,,,,,,,,,,,,,,,,,,,,,,,,,,,,,,,,,
901,2026,AUSTRALIAN OPEN,GC,2026-01-18,2026-02-01,Hard,MELBOURNE,AUSTRALIA,128,,USD,LS67816730,2026-01-18,1,Olga Danilovic,Venus Williams,SRB,USA,,,6-7(5),6-3,6-4,O,AUSTRALIAN OPEN,"Australian Open - Melbourne, AUS",2026.0,Olga Danilovic,Venus Williams,,,,,,,,,,,,,,,,,,,,,,,,,,,,,,,,,,,,,,,,,,,,,,,,,,,,,,,,,,,,,,,,,,,,,,,,,,,,,,,,,,,,,,,,,,,,,,,,,,,,,,,,,,,,,,,,,,,,,,,,,,,,,,,,,,,,,,,,,,,,,,,,,,,,,,,,,,,,,,,,,,,,,,,,,,,,,,,,,
901,2026,AUSTRALIAN OPEN,GC,2026-01-18,2026-02-01,Hard,MELBOURNE,AUSTRALIA,128,,USD,LS67832948,2026-01-18,1,Zhuoxuan Bai,Anastasia Pavlyuchenkova,CHN,,,,6-4,2-6,7-6(10),O,AUSTRALIAN OPEN,"Australian Open - Melbourne, AUS",2026.0,Zhuoxuan Bai,Anastasia Pavlyuchenkova,,,,,,,,,,,,,,,,,,,,,,,,,,,,,,,,,,,,,,,,,,,,,,,,,,,,,,,,,,,,,,,,,,,,,,,,,,,,,,,,,,,,,,,,,,,,,,,,,,,,,,,,,,,,,,,,,,,,,,,,,,,,,,,,,,,,,,,,,,,,,,,,,,,,,,,,,,,,,,,,,,,,,,,,,,,,,,,,,
901,2026,AUSTRALIAN OPEN,GC,2026-01-18,2026-02-01,Hard,MELBOURNE,AUSTRALIA,128,,USD,LS67816750,2026-01-18,1,Anastasia Potapova,Suzan Lamens,AUT,NLD,,,3-6,7-5,6-2,O,AUSTRALIAN OPEN,"Australian Open - Melbourne, AUS",2026.0,Anastasia Potapova,Suzan Lamens,,,,,,,,,,,,,,,,,,,,,,,,,,,,,,,,,,,,,,,,,,,,,,,,,,,,,,,,,,,,,,,,,,,,,,,,,,,,,,,,,,,,,,,,,,,,,,,,,,,,,,,,,,,,,,,,,,,,,,,,,,,,,,,,,,,,,,,,,,,,,,,,,,,,,,,,,,,,,,,,,,,,,,,,,,,,,,,,,
901,2026,AUSTRALIAN OPEN,GC,2026-01-18,2026-02-01,Hard,MELBOURNE,AUSTRALIA,128,,USD,LS67816752,2026-01-18,1,Aryna Sabalenka,Tiantsoa Sarah Rakotomanga Rajaonah,,FRA,1.0,,6-4,6-1,,O,AUSTRALIAN OPEN,"Australian Open - Melbourne, AUS",2026.0,Aryna Sabalenka,Tiantsoa Sarah Rakotomanga Rajaonah,,,,,,,,,,,,,,,,,,,,,,,,,,,,,,,,,,,,,,,,,,,,,,,,,,,,,,,,,,,,,,,,,,,,,,,,,,,,,,,,,,,,,,,,,,,,,,,,,,,,,,,,,,,,,,,,,,,,,,,,,,,,,,,,,,,,,,,,,,,,,,,,,,,,,,,,,,,,,,,,,,,,,,,,,,,,,,,,,
901,2026,AUSTRALIAN OPEN,GC,2026-01-18,2026-02-01,Hard,MELBOURNE,AUSTRALIA,128,,USD,LS67832944,2026-01-18,1,Polina Kudermetova,Guiomar Maristany Zuleta de Reales,UZB,ESP,,,6-2,6-3,,O,AUSTRALIAN OPEN,"Australian Open - Melbourne, AUS",2026.0,Polina Kudermetova,Guiomar Maristany Zuleta de Reales,,,,,,,,,,,,,,,,,,,,,,,,,,,,,,,,,,,,,,,,,,,,,,,,,,,,,,,,,,,,,,,,,,,,,,,,,,,,,,,,,,,,,,,,,,,,,,,,,,,,,,,,,,,,,,,,,,,,,,,,,,,,,,,,,,,,,,,,,,,,,,,,,,,,,,,,,,,,,,,,,,,,,,,,,,,,,,,,,
901,2026,AUSTRALIAN OPEN,GC,2026-01-18,2026-02-01,Hard,MELBOURNE,AUSTRALIA,128,,USD,LS67832942,2026-01-18,1,Zeynep Sonmez,Ekaterina Alexandrova,TUR,,,11.0,7-5,4-6,6-4,O,AUSTRALIAN OPEN,"Australian Open - Melbourne, AUS",2026.0,Zeynep Sonmez,Ekaterina Alexandrova,,,,,,,,,,,,,,,,,,,,,,,,,,,,,,,,,,,,,,,,,,,,,,,,,,,,,,,,,,,,,,,,,,,,,,,,,,,,,,,,,,,,,,,,,,,,,,,,,,,,,,,,,,,,,,,,,,,,,,,,,,,,,,,,,,,,,,,,,,,,,,,,,,,,,,,,,,,,,,,,,,,,,,,,,,,,,,,,,
901,2026,AUSTRALIAN OPEN,GC,2026-01-18,2026-02-01,Hard,MELBOURNE,AUSTRALIA,128,,USD,LS67927546,2026-01-18,1,Hailey Baptiste,Taylor Townsend,USA,USA,,,6-3,6-7(3),6-3,O,AUSTRALIAN OPEN,"Australian Open - Melbourne, AUS",2026.0,Hailey Baptiste,Taylor Townsend,,,,,,,,,,,,,,,,,,,,,,,,,,,,,,,,,,,,,,,,,,,,,,,,,,,,,,,,,,,,,,,,,,,,,,,,,,,,,,,,,,,,,,,,,,,,,,,,,,,,,,,,,,,,,,,,,,,,,,,,,,,,,,,,,,,,,,,,,,,,,,,,,,,,,,,,,,,,,,,,,,,,,,,,,,,,,,,,,
901,2026,AUSTRALIAN OPEN,GC,2026-01-18,2026-02-01,Hard,MELBOURNE,AUSTRALIA,128,,USD,LS67816718,2026-01-18,1,Elina Svitolina,Cristina Bucsa,UKR,ESP,12.0,,6-4,6-1,,O,AUSTRALIAN OPEN,"Australian Open - Melbourne, AUS",2026.0,Elina Svitolina,Cristina Bucsa,,,,,,,,,,,,,,,,,,,,,,,,,,,,,,,,,,,,,,,,,,,,,,,,,,,,,,,,,,,,,,,,,,,,,,,,,,,,,,,,,,,,,,,,,,,,,,,,,,,,,,,,,,,,,,,,,,,,,,,,,,,,,,,,,,,,,,,,,,,,,,,,,,,,,,,,,,,,,,,,,,,,,,,,,,,,,,,,,
901,2026,AUSTRALIAN OPEN,GC,2026-01-18,2026-02-01,Hard,MELBOURNE,AUSTRALIA,128,,USD,LS67816738,2026-01-18,1,Marta Kostyuk,Elsa Jacquemot,UKR,FRA,20.0,,6-7(4),7-6(4),7-6(7),O,AUSTRALIAN OPEN,"Australian Open - Melbourne, AUS",2026.0,Marta Kostyuk,Elsa Jacquemot,,,,,,,,,,,,,,,,,,,,,,,,,,,,,,,,,,,,,,,,,,,,,,,,,,,,,,,,,,,,,,,,,,,,,,,,,,,,,,,,,,,,,,,,,,,,,,,,,,,,,,,,,,,,,,,,,,,,,,,,,,,,,,,,,,,,,,,,,,,,,,,,,,,,,,,,,,,,,,,,,,,,,,,,,,,,,,,,,
901,2026,AUSTRALIAN OPEN,GC,2026-01-18,2026-02-01,Hard,MELBOURNE,AUSTRALIA,128,,USD,LS67832946,2026-01-18,1,Caty McNally,Himeno Sakatsume,USA,JPN,,,6-3,6-1,,O,AUSTRALIAN OPEN,"Australian Open - Melbourne, AUS",2026.0,Caty McNally,Himeno Sakatsume,,,,,,,,,,,,,,,,,,,,,,,,,,,,,,,,,,,,,,,,,,,,,,,,,,,,,,,,,,,,,,,,,,,,,,,,,,,,,,,,,,,,,,,,,,,,,,,,,,,,,,,,,,,,,,,,,,,,,,,,,,,,,,,,,,,,,,,,,,,,,,,,,,,,,,,,,,,,,,,,,,,,,,,,,,,,,,,,,
901,2026,AUSTRALIAN OPEN,GC,2026-01-18,2026-02-01,Hard,MELBOURNE,AUSTRALIA,128,,USD,LS67816710,2026-01-18,1,Maria Sakkari,Leolia Jeanjean,GRC,FRA,,,6-4,6-2,,O,AUSTRALIAN OPEN,"Australian Open - Melbourne, AUS",2026.0,Maria Sakkari,Leolia Jeanjean,,,,,,,,,,,,,,,,,,,,,,,,,,,,,,,,,,,,,,,,,,,,,,,,,,,,,,,,,,,,,,,,,,,,,,,,,,,,,,,,,,,,,,,,,,,,,,,,,,,,,,,,,,,,,,,,,,,,,,,,,,,,,,,,,,,,,,,,,,,,,,,,,,,,,,,,,,,,,,,,,,,,,,,,,,,,,,,,,
901,2026,AUSTRALIAN OPEN,GC,2026-01-18,2026-02-01,Hard,MELBOURNE,AUSTRALIA,128,,USD,LS67832938,2026-01-18,1,Jasmine Paolini,Aliaksandra Sasnovich,ITA,,7.0,,6-1,6-2,,O,AUSTRALIAN OPEN,"Australian Open - Melbourne, AUS",2026.0,Jasmine Paolini,Aliaksandra Sasnovich,,,,,,,,,,,,,,,,,,,,,,,,,,,,,,,,,,,,,,,,,,,,,,,,,,,,,,,,,,,,,,,,,,,,,,,,,,,,,,,,,,,,,,,,,,,,,,,,,,,,,,,,,,,,,,,,,,,,,,,,,,,,,,,,,,,,,,,,,,,,,,,,,,,,,,,,,,,,,,,,,,,,,,,,,,,,,,,,,
901,2026,AUSTRALIAN OPEN,GC,2026-01-18,2026-02-01,Hard,MELBOURNE,AUSTRALIA,128,,USD,LS67816712,2026-01-18,1,Elena-Gabriela Ruse,Dayana Yastremska,ROU,UKR,,26.0,6-4,7-5,,O,AUSTRALIAN OPEN,"Australian Open - Melbourne, AUS",2026.0,Elena-Gabriela Ruse,Dayana Yastremska,,,,,,,,,,,,,,,,,,,,,,,,,,,,,,,,,,,,,,,,,,,,,,,,,,,,,,,,,,,,,,,,,,,,,,,,,,,,,,,,,,,,,,,,,,,,,,,,,,,,,,,,,,,,,,,,,,,,,,,,,,,,,,,,,,,,,,,,,,,,,,,,,,,,,,,,,,,,,,,,,,,,,,,,,,,,,,,,,
901,2026,AUSTRALIAN OPEN,GC,2026-01-18,2026-02-01,Hard,MELBOURNE,AUSTRALIA,128,,USD,LS67816716,2026-01-18,1,Talia Gibson,Anna Blinkova,AUS,,,,6-1,6-3,,O,AUSTRALIAN OPEN,"Australian Open - Melbourne, AUS",2026.0,Talia Gibson,Anna Blinkova,,,,,,,,,,,,,,,,,,,,,,,,,,,,,,,,,,,,,,,,,,,,,,,,,,,,,,,,,,,,,,,,,,,,,,,,,,,,,,,,,,,,,,,,,,,,,,,,,,,,,,,,,,,,,,,,,,,,,,,,,,,,,,,,,,,,,,,,,,,,,,,,,,,,,,,,,,,,,,,,,,,,,,,,,,,,,,,,,
901,2026,AUSTRALIAN OPEN,GC,2026-01-18,2026-02-01,Hard,MELBOURNE,AUSTRALIA,128,,USD,LS67816740,2026-01-18,1,Yulia Putintseva,Beatriz Haddad Maia,KAZ,BRA,,,3-6,7-5,6-3,O,AUSTRALIAN OPEN,"Australian Open - Melbourne, AUS",2026.0,Yulia Putintseva,Beatriz Haddad Maia,,,,,,,,,,,,,,,,,,,,,,,,,,,,,,,,,,,,,,,,,,,,,,,,,,,,,,,,,,,,,,,,,,,,,,,,,,,,,,,,,,,,,,,,,,,,,,,,,,,,,,,,,,,,,,,,,,,,,,,,,,,,,,,,,,,,,,,,,,,,,,,,,,,,,,,,,,,,,,,,,,,,,,,,,,,,,,,,,
901,2026,AUSTRALIAN OPEN,GC,2026-01-18,2026-02-01,Hard,MELBOURNE,AUSTRALIA,128,,USD,RS67799736,2026-01-15,,Lanlana Tararudee,Lilli Tagger,THA,AUT,21.0,,6-3,6-0,,O,AUSTRALIAN OPEN,"Australian Open - Melbourne, AUS",2026.0,Lanlana Tararudee,Lilli Tagger,,,,,,,,,,,,,,,,,,,,,,,,,,,,,,,,,,,,,,,,,,,,,,,,,,,,,,,,,,,,,,,,,,,,,,,,,,,,,,,,,,,,,,,,,,,,,,,,,,,,,,,,,,,,,,,,,,,,,,,,,,,,,,,,,,,,,,,,,,,,,,,,,,,,,,,,,,,,,,,,,,,,,,,,,,,,,,,,,
901,2026,AUSTRALIAN OPEN,GC,2026-01-18,2026-02-01,Hard,MELBOURNE,AUSTRALIA,128,,USD,RS67798008,2026-01-15,,Maddison Inglis,Tamara Korpatsch,AUS,DEU,,14.0,6-4,6-4,,O,AUSTRALIAN OPEN,"Australian Open - Melbourne, AUS",2026.0,Maddison Inglis,Tamara Korpatsch,,,,,,,,,,,,,,,,,,,,,,,,,,,,,,,,,,,,,,,,,,,,,,,,,,,,,,,,,,,,,,,,,,,,,,,,,,,,,,,,,,,,,,,,,,,,,,,,,,,,,,,,,,,,,,,,,,,,,,,,,,,,,,,,,,,,,,,,,,,,,,,,,,,,,,,,,,,,,,,,,,,,,,,,,,,,,,,,,
901,2026,AUSTRALIAN OPEN,GC,2026-01-18,2026-02-01,Hard,MELBOURNE,AUSTRALIA,128,,USD,RS67798518,2026-01-15,,Himeno Sakatsume,Marina Bassols Ribera,JPN,ESP,,,4-6,7-6(3),6-4,O,AUSTRALIAN OPEN,"Australian Open - Melbourne, AUS",2026.0,Himeno Sakatsume,Marina Bassols Ribera,,,,,,,,,,,,,,,,,,,,,,,,,,,,,,,,,,,,,,,,,,,,,,,,,,,,,,,,,,,,,,,,,,,,,,,,,,,,,,,,,,,,,,,,,,,,,,,,,,,,,,,,,,,,,,,,,,,,,,,,,,,,,,,,,,,,,,,,,,,,,,,,,,,,,,,,,,,,,,,,,,,,,,,,,,,,,,,,,
901,2026,AUSTRALIAN OPEN,GC,2026-01-18,2026-02-01,Hard,MELBOURNE,AUSTRALIA,128,,USD,RS67787386,2026-01-15,,Yue Yuan,Tamara Zidansek,CHN,SVN,25.0,,6-3,6-1,,O,AUSTRALIAN OPEN,"Australian Open - Melbourne, AUS",2026.0,Yue Yuan,Tamara Zidansek,,,,,,,,,,,,,,,,,,,,,,,,,,,,,,,,,,,,,,,,,,,,,,,,,,,,,,,,,,,,,,,,,,,,,,,,,,,,,,,,,,,,,,,,,,,,,,,,,,,,,,,,,,,,,,,,,,,,,,,,,,,,,,,,,,,,,,,,,,,,,,,,,,,,,,,,,,,,,,,,,,,,,,,,,,,,,,,,,
901,2026,AUSTRALIAN OPEN,GC,2026-01-18,2026-02-01,Hard,MELBOURNE,AUSTRALIA,128,,USD,RS67788808,2026-01-15,,Storm Hunter,Taylor Townsend,AUS,USA,,11.0,7-6(6),6-2,,O,AUSTRALIAN OPEN,"Australian Open - Melbourne, AUS",2026.0,Storm Hunter,Taylor Townsend,,,,,,,,,,,,,,,,,,,,,,,,,,,,,,,,,,,,,,,,,,,,,,,,,,,,,,,,,,,,,,,,,,,,,,,,,,,,,,,,,,,,,,,,,,,,,,,,,,,,,,,,,,,,,,,,,,,,,,,,,,,,,,,,,,,,,,,,,,,,,,,,,,,,,,,,,,,,,,,,,,,,,,,,,,,,,,,,,
901,2026,AUSTRALIAN OPEN,GC,2026-01-18,2026-02-01,Hard,MELBOURNE,AUSTRALIA,128,,USD,RS67795330,2026-01-15,,Aliaksandra Sasnovich,Daria Snigur,,UKR,8.0,,6-2,0-6,6-2,O,AUSTRALIAN OPEN,"Australian Open - Melbourne, AUS",2026.0,Aliaksandra Sasnovich,Daria Snigur,,,,,,,,,,,,,,,,,,,,,,,,,,,,,,,,,,,,,,,,,,,,,,,,,,,,,,,,,,,,,,,,,,,,,,,,,,,,,,,,,,,,,,,,,,,,,,,,,,,,,,,,,,,,,,,,,,,,,,,,,,,,,,,,,,,,,,,,,,,,,,,,,,,,,,,,,,,,,,,,,,,,,,,,,,,,,,,,,
901,2026,AUSTRALIAN OPEN,GC,2026-01-18,2026-02-01,Hard,MELBOURNE,AUSTRALIA,128,,USD,RS67776888,2026-01-15,,Linda Fruhvirtova,Carol Young Suh Lee,CZE,USA,20.0,,5-7,6-2,6-4,O,AUSTRALIAN OPEN,"Australian Open - Melbourne, AUS",2026.0,Linda Fruhvirtova,Carol Young Suh Lee,,,,,,,,,,,,,,,,,,,,,,,,,,,,,,,,,,,,,,,,,,,,,,,,,,,,,,,,,,,,,,,,,,,,,,,,,,,,,,,,,,,,,,,,,,,,,,,,,,,,,,,,,,,,,,,,,,,,,,,,,,,,,,,,,,,,,,,,,,,,,,,,,,,,,,,,,,,,,,,,,,,,,,,,,,,,,,,,,
901,2026,AUSTRALIAN OPEN,GC,2026-01-18,2026-02-01,Hard,MELBOURNE,AUSTRALIA,128,,USD,RS67781880,2026-01-15,,Nikola Bartunkova,Whitney Osuigwe,CZE,USA,16.0,,6-1,6-0,,O,AUSTRALIAN OPEN,"Australian Open - Melbourne, AUS",2026.0,Nikola Bartunkova,Whitney Osuigwe,,,,,,,,,,,,,,,,,,,,,,,,,,,,,,,,,,,,,,,,,,,,,,,,,,,,,,,,,,,,,,,,,,,,,,,,,,,,,,,,,,,,,,,,,,,,,,,,,,,,,,,,,,,,,,,,,,,,,,,,,,,,,,,,,,,,,,,,,,,,,,,,,,,,,,,,,,,,,,,,,,,,,,,,,,,,,,,,,
901,2026,AUSTRALIAN OPEN,GC,2026-01-18,2026-02-01,Hard,MELBOURNE,AUSTRALIA,128,,USD,RS67779654,2026-01-15,,Marina Stakusic,Lin Zhu,CAN,CHN,17.0,,7-5,6-4,,O,AUSTRALIAN OPEN,"Australian Open - Melbourne, AUS",2026.0,Marina Stakusic,Lin Zhu,,,,,,,,,,,,,,,,,,,,,,,,,,,,,,,,,,,,,,,,,,,,,,,,,,,,,,,,,,,,,,,,,,,,,,,,,,,,,,,,,,,,,,,,,,,,,,,,,,,,,,,,,,,,,,,,,,,,,,,,,,,,,,,,,,,,,,,,,,,,,,,,,,,,,,,,,,,,,,,,,,,,,,,,,,,,,,,,,
901,2026,AUSTRALIAN OPEN,GC,2026-01-18,2026-02-01,Hard,MELBOURNE,AUSTRALIA,128,,USD,RS67784474,2026-01-15,,Zhuoxuan Bai,Darja Vidmanova,CHN,CZE,,,4-6,6-4,6-1,O,AUSTRALIAN OPEN,"Australian Open - Melbourne, AUS",2026.0,Zhuoxuan Bai,Darja Vidmanova,,,,,,,,,,,,,,,,,,,,,,,,,,,,,,,,,,,,,,,,,,,,,,,,,,,,,,,,,,,,,,,,,,,,,,,,,,,,,,,,,,,,,,,,,,,,,,,,,,,,,,,,,,,,,,,,,,,,,,,,,,,,,,,,,,,,,,,,,,,,,,,,,,,,,,,,,,,,,,,,,,,,,,,,,,,,,,,,,
901,2026,AUSTRALIAN OPEN,GC,2026-01-18,2026-02-01,Hard,MELBOURNE,AUSTRALIA,128,,USD,RS67776216,2026-01-15,,Zeynep Sonmez,Anastasia Gasanova,TUR,,5.0,,6-3,6-2,,O,AUSTRALIAN OPEN,"Australian Open - Melbourne, AUS",2026.0,Zeynep Sonmez,Anastasia Gasanova,,,,,,,,,,,,,,,,,,,,,,,,,,,,,,,,,,,,,,,,,,,,,,,,,,,,,,,,,,,,,,,,,,,,,,,,,,,,,,,,,,,,,,,,,,,,,,,,,,,,,,,,,,,,,,,,,,,,,,,,,,,,,,,,,,,,,,,,,,,,,,,,,,,,,,,,,,,,,,,,,,,,,,,,,,,,,,,,,
901,2026,AUSTRALIAN OPEN,GC,2026-01-18,2026-02-01,Hard,MELBOURNE,AUSTRALIA,128,,USD,RS67776222,2026-01-15,,Sloane Stephens,Lucia Bronzetti,USA,ITA,,2.0,6-1,7-5,,O,AUSTRALIAN OPEN,"Australian Open - Melbourne, AUS",2026.0,Sloane Stephens,Lucia Bronzetti,,,,,,,,,,,,,,,,,,,,,,,,,,,,,,,,,,,,,,,,,,,,,,,,,,,,,,,,,,,,,,,,,,,,,,,,,,,,,,,,,,,,,,,,,,,,,,,,,,,,,,,,,,,,,,,,,,,,,,,,,,,,,,,,,,,,,,,,,,,,,,,,,,,,,,,,,,,,,,,,,,,,,,,,,,,,,,,,,
901,2026,AUSTRALIAN OPEN,GC,2026-01-18,2026-02-01,Hard,MELBOURNE,AUSTRALIA,128,,USD,RS67776620,2026-01-15,,Anhelina Kalinina,Maja Chwalinska,UKR,POL,,,5-7,6-2,6-1,O,AUSTRALIAN OPEN,"Australian Open - Melbourne, AUS",2026.0,Anhelina Kalinina,Maja Chwalinska,,,,,,,,,,,,,,,,,,,,,,,,,,,,,,,,,,,,,,,,,,,,,,,,,,,,,,,,,,,,,,,,,,,,,,,,,,,,,,,,,,,,,,,,,,,,,,,,,,,,,,,,,,,,,,,,,,,,,,,,,,,,,,,,,,,,,,,,,,,,,,,,,,,,,,,,,,,,,,,,,,,,,,,,,,,,,,,,,
901,2026,AUSTRALIAN OPEN,GC,2026-01-18,2026-02-01,Hard,MELBOURNE,AUSTRALIA,128,,USD,RS67776768,2026-01-15,,Linda Klimovicova,Greet Minnen,POL,BEL,23.0,12.0,6-4,6-4,,O,AUSTRALIAN OPEN,"Australian Open - Melbourne, AUS",2026.0,Linda Klimovicova,Greet Minnen,,,,,,,,,,,,,,,,,,,,,,,,,,,,,,,,,,,,,,,,,,,,,,,,,,,,,,,,,,,,,,,,,,,,,,,,,,,,,,,,,,,,,,,,,,,,,,,,,,,,,,,,,,,,,,,,,,,,,,,,,,,,,,,,,,,,,,,,,,,,,,,,,,,,,,,,,,,,,,,,,,,,,,,,,,,,,,,,,
901,2026,AUSTRALIAN OPEN,GC,2026-01-18,2026-02-01,Hard,MELBOURNE,AUSTRALIA,128,,USD,RS67776104,2026-01-15,,Guiomar Maristany Zuleta de Reales,Elvina Kalieva,ESP,USA,,,7-5,4-6,6-4,O,AUSTRALIAN OPEN,"Australian Open - Melbourne, AUS",2026.0,Guiomar Maristany Zuleta de Reales,Elvina Kalieva,,,,,,,,,,,,,,,,,,,,,,,,,,,,,,,,,,,,,,,,,,,,,,,,,,,,,,,,,,,,,,,,,,,,,,,,,,,,,,,,,,,,,,,,,,,,,,,,,,,,,,,,,,,,,,,,,,,,,,,,,,,,,,,,,,,,,,,,,,,,,,,,,,,,,,,,,,,,,,,,,,,,,,,,,,,,,,,,,
901,2026,AUSTRALIAN OPEN,GC,2026-01-18,2026-02-01,Hard,MELBOURNE,AUSTRALIA,128,,USD,RS67776106,2026-01-15,,Viktoriya Tomova,Yuliia Starodubtseva,BGR,UKR,18.0,6.0,7-6(3),6-2,,O,AUSTRALIAN OPEN,"Australian Open - Melbourne, AUS",2026.0,Viktoriya Tomova,Yuliia Starodubtseva,,,,,,,,,,,,,,,,,,,,,,,,,,,,,,,,,,,,,,,,,,,,,,,,,,,,,,,,,,,,,,,,,,,,,,,,,,,,,,,,,,,,,,,,,,,,,,,,,,,,,,,,,,,,,,,,,,,,,,,,,,,,,,,,,,,,,,,,,,,,,,,,,,,,,,,,,,,,,,,,,,,,,,,,,,,,,,,,,
901,2026,AUSTRALIAN OPEN,GC,2026-01-18,2026-02-01,Hard,MELBOURNE,AUSTRALIA,128,,USD,RS67763570,2026-01-14,,Lilli Tagger,Elena Pridankina,AUT,,,,6-7(5),7-6(5),6-1,O,AUSTRALIAN OPEN,"Australian Open - Melbourne, AUS",2026.0,Lilli Tagger,Elena Pridankina,,,,,,,,,,,,,,,,,,,,,,,,,,,,,,,,,,,,,,,,,,,,,,,,,,,,,,,,,,,,,,,,,,,,,,,,,,,,,,,,,,,,,,,,,,,,,,,,,,,,,,,,,,,,,,,,,,,,,,,,,,,,,,,,,,,,,,,,,,,,,,,,,,,,,,,,,,,,,,,,,,,,,,,,,,,,,,,,,
901,2026,AUSTRALIAN OPEN,GC,2026-01-18,2026-02-01,Hard,MELBOURNE,AUSTRALIA,128,,USD,RS67755384,2026-01-14,,Himeno Sakatsume,Mai Hontama,JPN,JPN,,,6-4,6-2,,O,AUSTRALIAN OPEN,"Australian Open - Melbourne, AUS",2026.0,Himeno Sakatsume,Mai Hontama,,,,,,,,,,,,,,,,,,,,,,,,,,,,,,,,,,,,,,,,,,,,,,,,,,,,,,,,,,,,,,,,,,,,,,,,,,,,,,,,,,,,,,,,,,,,,,,,,,,,,,,,,,,,,,,,,,,,,,,,,,,,,,,,,,,,,,,,,,,,,,,,,,,,,,,,,,,,,,,,,,,,,,,,,,,,,,,,,
901,2026,AUSTRALIAN OPEN,GC,2026-01-18,2026-02-01,Hard,MELBOURNE,AUSTRALIA,128,,USD,RS67758910,2026-01-14,,Marina Bassols Ribera,Iryna Shymanovich,ESP,,,,7-5,6-1,,O,AUSTRALIAN OPEN,"Australian Open - Melbourne, AUS",2026.0,Marina Bassols Ribera,Iryna Shymanovich,,,,,,,,,,,,,,,,,,,,,,,,,,,,,,,,,,,,,,,,,,,,,,,,,,,,,,,,,,,,,,,,,,,,,,,,,,,,,,,,,,,,,,,,,,,,,,,,,,,,,,,,,,,,,,,,,,,,,,,,,,,,,,,,,,,,,,,,,,,,,,,,,,,,,,,,,,,,,,,,,,,,,,,,,,,,,,,,,
901,2026,AUSTRALIAN OPEN,GC,2026-01-18,2026-02-01,Hard,MELBOURNE,AUSTRALIA,128,,USD,RS67758902,2026-01-14,,Lanlana Tararudee,Harriet Dart,THA,GBR,21.0,,6-0,3-6,6-3,O,AUSTRALIAN OPEN,"Australian Open - Melbourne, AUS",2026.0,Lanlana Tararudee,Harriet Dart,,,,,,,,,,,,,,,,,,,,,,,,,,,,,,,,,,,,,,,,,,,,,,,,,,,,,,,,,,,,,,,,,,,,,,,,,,,,,,,,,,,,,,,,,,,,,,,,,,,,,,,,,,,,,,,,,,,,,,,,,,,,,,,,,,,,,,,,,,,,,,,,,,,,,,,,,,,,,,,,,,,,,,,,,,,,,,,,,
901,2026,AUSTRALIAN OPEN,GC,2026-01-18,2026-02-01,Hard,MELBOURNE,AUSTRALIA,128,,USD,RS67716264,2026-01-14,,Kathinka Von Deichmann,Aliaksandra Sasnovich,LIE,,,8.0,6-3,7-6(4),,O,AUSTRALIAN OPEN,"Australian Open - Melbourne, AUS",2026.0,Kathinka Von Deichmann,Aliaksandra Sasnovich,,,,,,,,,,,,,,,,,,,,,,,,,,,,,,,,,,,,,,,,,,,,,,,,,,,,,,,,,,,,,,,,,,,,,,,,,,,,,,,,,,,,,,,,,,,,,,,,,,,,,,,,,,,,,,,,,,,,,,,,,,,,,,,,,,,,,,,,,,,,,,,,,,,,,,,,,,,,,,,,,,,,,,,,,,,,,,,,,
901,2026,AUSTRALIAN OPEN,GC,2026-01-18,2026-02-01,Hard,MELBOURNE,AUSTRALIA,128,,USD,RS67742410,2026-01-14,,Daria Snigur,Carson Branstine,UKR,CAN,,,6-4,4-2,,O,AUSTRALIAN OPEN,"Australian Open - Melbourne, AUS",2026.0,Daria Snigur,Carson Branstine,,,,,,,,,,,,,,,,,,,,,,,,,,,,,,,,,,,,,,,,,,,,,,,,,,,,,,,,,,,,,,,,,,,,,,,,,,,,,,,,,,,,,,,,,,,,,,,,,,,,,,,,,,,,,,,,,,,,,,,,,,,,,,,,,,,,,,,,,,,,,,,,,,,,,,,,,,,,,,,,,,,,,,,,,,,,,,,,,
901,2026,AUSTRALIAN OPEN,GC,2026-01-18,2026-02-01,Hard,MELBOURNE,AUSTRALIA,128,,USD,RS67741162,2026-01-14,,Lola Radivojevic,Storm Hunter,SRB,AUS,27.0,,6-4,7-6(1),,O,AUSTRALIAN OPEN,"Australian Open - Melbourne, AUS",2026.0,Lola Radivojevic,Storm Hunter,,,,,,,,,,,,,,,,,,,,,,,,,,,,,,,,,,,,,,,,,,,,,,,,,,,,,,,,,,,,,,,,,,,,,,,,,,,,,,,,,,,,,,,,,,,,,,,,,,,,,,,,,,,,,,,,,,,,,,,,,,,,,,,,,,,,,,,,,,,,,,,,,,,,,,,,,,,,,,,,,,,,,,,,,,,,,,,,,
901,2026,AUSTRALIAN OPEN,GC,2026-01-18,2026-02-01,Hard,MELBOURNE,AUSTRALIA,128,,USD,RS67748254,2026-01-14,,Maddison Inglis,Claire Liu,AUS,USA,,,7-6(6),2-6,6-4,O,AUSTRALIAN OPEN,"Australian Open - Melbourne, AUS",2026.0,Maddison Inglis,Claire Liu,,,,,,,,,,,,,,,,,,,,,,,,,,,,,,,,,,,,,,,,,,,,,,,,,,,,,,,,,,,,,,,,,,,,,,,,,,,,,,,,,,,,,,,,,,,,,,,,,,,,,,,,,,,,,,,,,,,,,,,,,,,,,,,,,,,,,,,,,,,,,,,,,,,,,,,,,,,,,,,,,,,,,,,,,,,,,,,,,
901,2026,AUSTRALIAN OPEN,GC,2026-01-18,2026-02-01,Hard,MELBOURNE,AUSTRALIA,128,,USD,RS67744202,2026-01-14,,Dominika Salkova,Darja Vidmanova,CZE,CZE,31.0,,7-6(2),6-0,,O,AUSTRALIAN OPEN,"Australian Open - Melbourne, AUS",2026.0,Dominika Salkova,Darja Vidmanova,,,,,,,,,,,,,,,,,,,,,,,,,,,,,,,,,,,,,,,,,,,,,,,,,,,,,,,,,,,,,,,,,,,,,,,,,,,,,,,,,,,,,,,,,,,,,,,,,,,,,,,,,,,,,,,,,,,,,,,,,,,,,,,,,,,,,,,,,,,,,,,,,,,,,,,,,,,,,,,,,,,,,,,,,,,,,,,,,
901,2026,AUSTRALIAN OPEN,GC,2026-01-18,2026-02-01,Hard,MELBOURNE,AUSTRALIA,128,,USD,RS67749062,2026-01-14,,Tamara Korpatsch,Silvia Ambrosio,DEU,ITA,14.0,,6-3,2-0,,O,AUSTRALIAN OPEN,"Australian Open - Melbourne, AUS",2026.0,Tamara Korpatsch,Silvia Ambrosio,,,,,,,,,,,,,,,,,,,,,,,,,,,,,,,,,,,,,,,,,,,,,,,,,,,,,,,,,,,,,,,,,,,,,,,,,,,,,,,,,,,,,,,,,,,,,,,,,,,,,,,,,,,,,,,,,,,,,,,,,,,,,,,,,,,,,,,,,,,,,,,,,,,,,,,,,,,,,,,,,,,,,,,,,,,,,,,,,
901,2026,AUSTRALIAN OPEN,GC,2026-01-18,2026-02-01,Hard,MELBOURNE,AUSTRALIA,128,,USD,RS67743272,2026-01-14,,Zhuoxuan Bai,Chloe Paquet,CHN,FRA,,,6-1,6-2,,O,AUSTRALIAN OPEN,"Australian Open - Melbourne, AUS",2026.0,Zhuoxuan Bai,Chloe Paquet,,,,,,,,,,,,,,,,,,,,,,,,,,,,,,,,,,,,,,,,,,,,,,,,,,,,,,,,,,,,,,,,,,,,,,,,,,,,,,,,,,,,,,,,,,,,,,,,,,,,,,,,,,,,,,,,,,,,,,,,,,,,,,,,,,,,,,,,,,,,,,,,,,,,,,,,,,,,,,,,,,,,,,,,,,,,,,,,,
901,2026,AUSTRALIAN OPEN,GC,2026-01-18,2026-02-01,Hard,MELBOURNE,AUSTRALIA,128,,USD,RS67722664,2026-01-14,,Tamara Zidansek,Lina Gjorcheska,SVN,MKD,,,4-6,6-2,7-5,O,AUSTRALIAN OPEN,"Australian Open - Melbourne, AUS",2026.0,Tamara Zidansek,Lina Gjorcheska,,,,,,,,,,,,,,,,,,,,,,,,,,,,,,,,,,,,,,,,,,,,,,,,,,,,,,,,,,,,,,,,,,,,,,,,,,,,,,,,,,,,,,,,,,,,,,,,,,,,,,,,,,,,,,,,,,,,,,,,,,,,,,,,,,,,,,,,,,,,,,,,,,,,,,,,,,,,,,,,,,,,,,,,,,,,,,,,,
901,2026,AUSTRALIAN OPEN,GC,2026-01-18,2026-02-01,Hard,MELBOURNE,AUSTRALIA,128,,USD,RS67727412,2026-01-14,,Taylor Townsend,Jazmin Ortenzi,USA,ARG,11.0,,6-4,6-4,,O,AUSTRALIAN OPEN,"Australian Open - Melbourne, AUS",2026.0,Taylor Townsend,Jazmin Ortenzi,,,,,,,,,,,,,,,,,,,,,,,,,,,,,,,,,,,,,,,,,,,,,,,,,,,,,,,,,,,,,,,,,,,,,,,,,,,,,,,,,,,,,,,,,,,,,,,,,,,,,,,,,,,,,,,,,,,,,,,,,,,,,,,,,,,,,,,,,,,,,,,,,,,,,,,,,,,,,,,,,,,,,,,,,,,,,,,,,
901,2026,AUSTRALIAN OPEN,GC,2026-01-18,2026-02-01,Hard,MELBOURNE,AUSTRALIA,128,,USD,RS67699906,2026-01-14,,Tina Nadine Smith,Nikola Bartunkova,AUS,CZE,,16.0,1-6,5-2,,O,AUSTRALIAN OPEN,"Australian Open - Melbourne, AUS",2026.0,Tina Nadine Smith,Nikola Bartunkova,,,,,,,,,,,,,,,,,,,,,,,,,,,,,,,,,,,,,,,,,,,,,,,,,,,,,,,,,,,,,,,,,,,,,,,,,,,,,,,,,,,,,,,,,,,,,,,,,,,,,,,,,,,,,,,,,,,,,,,,,,,,,,,,,,,,,,,,,,,,,,,,,,,,,,,,,,,,,,,,,,,,,,,,,,,,,,,,,
901,2026,AUSTRALIAN OPEN,GC,2026-01-18,2026-02-01,Hard,MELBOURNE,AUSTRALIA,128,,USD,RS67742968,2026-01-14,,Yue Yuan,Maria Carle,CHN,ARG,25.0,,7-6(5),3-6,6-4,O,AUSTRALIAN OPEN,"Australian Open - Melbourne, AUS",2026.0,Yue Yuan,Maria Carle,,,,,,,,,,,,,,,,,,,,,,,,,,,,,,,,,,,,,,,,,,,,,,,,,,,,,,,,,,,,,,,,,,,,,,,,,,,,,,,,,,,,,,,,,,,,,,,,,,,,,,,,,,,,,,,,,,,,,,,,,,,,,,,,,,,,,,,,,,,,,,,,,,,,,,,,,,,,,,,,,,,,,,,,,,,,,,,,,
901,2026,AUSTRALIAN OPEN,GC,2026-01-18,2026-02-01,Hard,MELBOURNE,AUSTRALIA,128,,USD,RS67704888,2026-01-14,,Lin Zhu,Victoria Jimenez Kasintseva,CHN,AND,,9.0,6-1,6-2,,O,AUSTRALIAN OPEN,"Australian Open - Melbourne, AUS",2026.0,Lin Zhu,Victoria Jimenez Kasintseva,,,,,,,,,,,,,,,,,,,,,,,,,,,,,,,,,,,,,,,,,,,,,,,,,,,,,,,,,,,,,,,,,,,,,,,,,,,,,,,,,,,,,,,,,,,,,,,,,,,,,,,,,,,,,,,,,,,,,,,,,,,,,,,,,,,,,,,,,,,,,,,,,,,,,,,,,,,,,,,,,,,,,,,,,,,,,,,,,
901,2026,AUSTRALIAN OPEN,GC,2026-01-18,2026-02-01,Hard,MELBOURNE,AUSTRALIA,128,,USD,RS67741164,2026-01-14,,Harmony Tan,Greet Minnen,FRA,BEL,,12.0,7-6(3),6-3,,O,AUSTRALIAN OPEN,"Australian Open - Melbourne, AUS",2026.0,Harmony Tan,Greet Minnen,,,,,,,,,,,,,,,,,,,,,,,,,,,,,,,,,,,,,,,,,,,,,,,,,,,,,,,,,,,,,,,,,,,,,,,,,,,,,,,,,,,,,,,,,,,,,,,,,,,,,,,,,,,,,,,,,,,,,,,,,,,,,,,,,,,,,,,,,,,,,,,,,,,,,,,,,,,,,,,,,,,,,,,,,,,,,,,,,
901,2026,AUSTRALIAN OPEN,GC,2026-01-18,2026-02-01,Hard,MELBOURNE,AUSTRALIA,128,,USD,RS67723664,2026-01-14,,Marina Stakusic,Teodora Kostovic,CAN,SRB,17.0,,6-0,6-2,,O,AUSTRALIAN OPEN,"Australian Open - Melbourne, AUS",2026.0,Marina Stakusic,Teodora Kostovic,,,,,,,,,,,,,,,,,,,,,,,,,,,,,,,,,,,,,,,,,,,,,,,,,,,,,,,,,,,,,,,,,,,,,,,,,,,,,,,,,,,,,,,,,,,,,,,,,,,,,,,,,,,,,,,,,,,,,,,,,,,,,,,,,,,,,,,,,,,,,,,,,,,,,,,,,,,,,,,,,,,,,,,,,,,,,,,,,
901,2026,AUSTRALIAN OPEN,GC,2026-01-18,2026-02-01,Hard,MELBOURNE,AUSTRALIA,128,,USD,RS67742432,2026-01-14,,Carol Young Suh Lee,Elena Micic,USA,AUS,,,6-2,6-2,,O,AUSTRALIAN OPEN,"Australian Open - Melbourne, AUS",2026.0,Carol Young Suh Lee,Elena Micic,,,,,,,,,,,,,,,,,,,,,,,,,,,,,,,,,,,,,,,,,,,,,,,,,,,,,,,,,,,,,,,,,,,,,,,,,,,,,,,,,,,,,,,,,,,,,,,,,,,,,,,,,,,,,,,,,,,,,,,,,,,,,,,,,,,,,,,,,,,,,,,,,,,,,,,,,,,,,,,,,,,,,,,,,,,,,,,,,
901,2026,AUSTRALIAN OPEN,GC,2026-01-18,2026-02-01,Hard,MELBOURNE,AUSTRALIA,128,,USD,RS67702004,2026-01-14,,Linda Klimovicova,Lizette Cabrera,POL,AUS,23.0,,6-4,7-5,,O,AUSTRALIAN OPEN,"Australian Open - Melbourne, AUS",2026.0,Linda Klimovicova,Lizette Cabrera,,,,,,,,,,,,,,,,,,,,,,,,,,,,,,,,,,,,,,,,,,,,,,,,,,,,,,,,,,,,,,,,,,,,,,,,,,,,,,,,,,,,,,,,,,,,,,,,,,,,,,,,,,,,,,,,,,,,,,,,,,,,,,,,,,,,,,,,,,,,,,,,,,,,,,,,,,,,,,,,,,,,,,,,,,,,,,,,,
901,2026,AUSTRALIAN OPEN,GC,2026-01-18,2026-02-01,Hard,MELBOURNE,AUSTRALIA,128,,USD,RS67727486,2026-01-14,,Linda Fruhvirtova,Fiona Ferro,CZE,FRA,20.0,,6-4,3-6,6-4,O,AUSTRALIAN OPEN,"Australian Open - Melbourne, AUS",2026.0,Linda Fruhvirtova,Fiona Ferro,,,,,,,,,,,,,,,,,,,,,,,,,,,,,,,,,,,,,,,,,,,,,,,,,,,,,,,,,,,,,,,,,,,,,,,,,,,,,,,,,,,,,,,,,,,,,,,,,,,,,,,,,,,,,,,,,,,,,,,,,,,,,,,,,,,,,,,,,,,,,,,,,,,,,,,,,,,,,,,,,,,,,,,,,,,,,,,,,
901,2026,AUSTRALIAN OPEN,GC,2026-01-18,2026-02-01,Hard,MELBOURNE,AUSTRALIA,128,,USD,RS67742412,2026-01-14,,Whitney Osuigwe,Lucrezia Stefanini,USA,ITA,,26.0,7-5,6-2,,O,AUSTRALIAN OPEN,"Australian Open - Melbourne, AUS",2026.0,Whitney Osuigwe,Lucrezia Stefanini,,,,,,,,,,,,,,,,,,,,,,,,,,,,,,,,,,,,,,,,,,,,,,,,,,,,,,,,,,,,,,,,,,,,,,,,,,,,,,,,,,,,,,,,,,,,,,,,,,,,,,,,,,,,,,,,,,,,,,,,,,,,,,,,,,,,,,,,,,,,,,,,,,,,,,,,,,,,,,,,,,,,,,,,,,,,,,,,,
901,2026,AUSTRALIAN OPEN,GC,2026-01-18,2026-02-01,Hard,MELBOURNE,AUSTRALIA,128,,USD,RS67716342,2026-01-14,,Maja Chwalinska,Rebeka Masarova,POL,CHE,,10.0,7-6(8),5-7,6-1,O,AUSTRALIAN OPEN,"Australian Open - Melbourne, AUS",2026.0,Maja Chwalinska,Rebeka Masarova,,,,,,,,,,,,,,,,,,,,,,,,,,,,,,,,,,,,,,,,,,,,,,,,,,,,,,,,,,,,,,,,,,,,,,,,,,,,,,,,,,,,,,,,,,,,,,,,,,,,,,,,,,,,,,,,,,,,,,,,,,,,,,,,,,,,,,,,,,,,,,,,,,,,,,,,,,,,,,,,,,,,,,,,,,,,,,,,,
901,2026,AUSTRALIAN OPEN,GC,2026-01-18,2026-02-01,Hard,MELBOURNE,AUSTRALIA,128,,USD,RS67741160,2026-01-14,,Anhelina Kalinina,Anouk Koevermans,UKR,NLD,,,7-6(6),6-0,,O,AUSTRALIAN OPEN,"Australian Open - Melbourne, AUS",2026.0,Anhelina Kalinina,Anouk Koevermans,,,,,,,,,,,,,,,,,,,,,,,,,,,,,,,,,,,,,,,,,,,,,,,,,,,,,,,,,,,,,,,,,,,,,,,,,,,,,,,,,,,,,,,,,,,,,,,,,,,,,,,,,,,,,,,,,,,,,,,,,,,,,,,,,,,,,,,,,,,,,,,,,,,,,,,,,,,,,,,,,,,,,,,,,,,,,,,,,
901,2026,AUSTRALIAN OPEN,GC,2026-01-18,2026-02-01,Hard,MELBOURNE,AUSTRALIA,128,,USD,RS67699616,2026-01-14,,Sloane Stephens,Olivia Gadecki,USA,AUS,,,3-6,6-3,6-3,O,AUSTRALIAN OPEN,"Australian Open - Melbourne, AUS",2026.0,Sloane Stephens,Olivia Gadecki,,,,,,,,,,,,,,,,,,,,,,,,,,,,,,,,,,,,,,,,,,,,,,,,,,,,,,,,,,,,,,,,,,,,,,,,,,,,,,,,,,,,,,,,,,,,,,,,,,,,,,,,,,,,,,,,,,,,,,,,,,,,,,,,,,,,,,,,,,,,,,,,,,,,,,,,,,,,,,,,,,,,,,,,,,,,,,,,,
901,2026,AUSTRALIAN OPEN,GC,2026-01-18,2026-02-01,Hard,MELBOURNE,AUSTRALIA,128,,USD,RS67698238,2026-01-13,,Zeynep Sonmez,Julia Riera,TUR,ARG,5.0,,6-3,6-1,,O,AUSTRALIAN OPEN,"Australian Open - Melbourne, AUS",2026.0,Zeynep Sonmez,Julia Riera,,,,,,,,,,,,,,,,,,,,,,,,,,,,,,,,,,,,,,,,,,,,,,,,,,,,,,,,,,,,,,,,,,,,,,,,,,,,,,,,,,,,,,,,,,,,,,,,,,,,,,,,,,,,,,,,,,,,,,,,,,,,,,,,,,,,,,,,,,,,,,,,,,,,,,,,,,,,,,,,,,,,,,,,,,,,,,,,,
901,2026,AUSTRALIAN OPEN,GC,2026-01-18,2026-02-01,Hard,MELBOURNE,AUSTRALIA,128,,USD,RS67699606,2026-01-13,,Mary Stoiana,Lucia Bronzetti,USA,ITA,,2.0,7-6(7),1-6,6-4,O,AUSTRALIAN OPEN,"Australian Open - Melbourne, AUS",2026.0,Mary Stoiana,Lucia Bronzetti,,,,,,,,,,,,,,,,,,,,,,,,,,,,,,,,,,,,,,,,,,,,,,,,,,,,,,,,,,,,,,,,,,,,,,,,,,,,,,,,,,,,,,,,,,,,,,,,,,,,,,,,,,,,,,,,,,,,,,,,,,,,,,,,,,,,,,,,,,,,,,,,,,,,,,,,,,,,,,,,,,,,,,,,,,,,,,,,,
901,2026,AUSTRALIAN OPEN,GC,2026-01-18,2026-02-01,Hard,MELBOURNE,AUSTRALIA,128,,USD,RS67699920,2026-01-13,,Yuliia Starodubtseva,Despina Papamichail,UKR,GRC,6.0,,6-1,6-2,,O,AUSTRALIAN OPEN,"Australian Open - Melbourne, AUS",2026.0,Yuliia Starodubtseva,Despina Papamichail,,,,,,,,,,,,,,,,,,,,,,,,,,,,,,,,,,,,,,,,,,,,,,,,,,,,,,,,,,,,,,,,,,,,,,,,,,,,,,,,,,,,,,,,,,,,,,,,,,,,,,,,,,,,,,,,,,,,,,,,,,,,,,,,,,,,,,,,,,,,,,,,,,,,,,,,,,,,,,,,,,,,,,,,,,,,,,,,,
901,2026,AUSTRALIAN OPEN,GC,2026-01-18,2026-02-01,Hard,MELBOURNE,AUSTRALIA,128,,USD,RS67699970,2026-01-13,,Viktoriya Tomova,Viktoria Hruncakova,BGR,SVK,18.0,,6-4,6-4,,O,AUSTRALIAN OPEN,"Australian Open - Melbourne, AUS",2026.0,Viktoriya Tomova,Viktoria Hruncakova,,,,,,,,,,,,,,,,,,,,,,,,,,,,,,,,,,,,,,,,,,,,,,,,,,,,,,,,,,,,,,,,,,,,,,,,,,,,,,,,,,,,,,,,,,,,,,,,,,,,,,,,,,,,,,,,,,,,,,,,,,,,,,,,,,,,,,,,,,,,,,,,,,,,,,,,,,,,,,,,,,,,,,,,,,,,,,,,,
901,2026,AUSTRALIAN OPEN,GC,2026-01-18,2026-02-01,Hard,MELBOURNE,AUSTRALIA,128,,USD,RS67702002,2026-01-13,,Tatiana Prozorova,Guiomar Maristany Zuleta de Reales,,ESP,,,6-2,2-6,7-6(7),O,AUSTRALIAN OPEN,"Australian Open - Melbourne, AUS",2026.0,Tatiana Prozorova,Guiomar Maristany Zuleta de Reales,,,,,,,,,,,,,,,,,,,,,,,,,,,,,,,,,,,,,,,,,,,,,,,,,,,,,,,,,,,,,,,,,,,,,,,,,,,,,,,,,,,,,,,,,,,,,,,,,,,,,,,,,,,,,,,,,,,,,,,,,,,,,,,,,,,,,,,,,,,,,,,,,,,,,,,,,,,,,,,,,,,,,,,,,,,,,,,,,
901,2026,AUSTRALIAN OPEN,GC,2026-01-18,2026-02-01,Hard,MELBOURNE,AUSTRALIA,128,,USD,RS67722666,2026-01-13,,Anastasia Gasanova,Justina Mikulskyte,,LTU,,,6-7(4),6-2,6-0,O,AUSTRALIAN OPEN,"Australian Open - Melbourne, AUS",2026.0,Anastasia Gasanova,Justina Mikulskyte,,,,,,,,,,,,,,,,,,,,,,,,,,,,,,,,,,,,,,,,,,,,,,,,,,,,,,,,,,,,,,,,,,,,,,,,,,,,,,,,,,,,,,,,,,,,,,,,,,,,,,,,,,,,,,,,,,,,,,,,,,,,,,,,,,,,,,,,,,,,,,,,,,,,,,,,,,,,,,,,,,,,,,,,,,,,,,,,,
901,2026,AUSTRALIAN OPEN,GC,2026-01-18,2026-02-01,Hard,MELBOURNE,AUSTRALIA,128,,USD,RS67741158,2026-01-13,,Elvina Kalieva,Yexin MA,USA,CHN,,,6-4,6-2,,O,AUSTRALIAN OPEN,"Australian Open - Melbourne, AUS",2026.0,Elvina Kalieva,Yexin MA,,,,,,,,,,,,,,,,,,,,,,,,,,,,,,,,,,,,,,,,,,,,,,,,,,,,,,,,,,,,,,,,,,,,,,,,,,,,,,,,,,,,,,,,,,,,,,,,,,,,,,,,,,,,,,,,,,,,,,,,,,,,,,,,,,,,,,,,,,,,,,,,,,,,,,,,,,,,,,,,,,,,,,,,,,,,,,,,,
901,2026,AUSTRALIAN OPEN,GC,2026-01-18,2026-02-01,Hard,MELBOURNE,AUSTRALIA,128,,USD,RS67662446,2026-01-13,,Elena Pridankina,Diane Parry,,FRA,,13.0,6-3,6-2,,O,AUSTRALIAN OPEN,"Australian Open - Melbourne, AUS",2026.0,Elena Pridankina,Diane Parry,,,,,,,,,,,,,,,,,,,,,,,,,,,,,,,,,,,,,,,,,,,,,,,,,,,,,,,,,,,,,,,,,,,,,,,,,,,,,,,,,,,,,,,,,,,,,,,,,,,,,,,,,,,,,,,,,,,,,,,,,,,,,,,,,,,,,,,,,,,,,,,,,,,,,,,,,,,,,,,,,,,,,,,,,,,,,,,,,
901,2026,AUSTRALIAN OPEN,GC,2026-01-18,2026-02-01,Hard,MELBOURNE,AUSTRALIA,128,,USD,RS67662440,2026-01-13,,Lanlana Tararudee,Sofia Costoulas,THA,BEL,21.0,,6-4,6-3,,O,AUSTRALIAN OPEN,"Australian Open - Melbourne, AUS",2026.0,Lanlana Tararudee,Sofia Costoulas,,,,,,,,,,,,,,,,,,,,,,,,,,,,,,,,,,,,,,,,,,,,,,,,,,,,,,,,,,,,,,,,,,,,,,,,,,,,,,,,,,,,,,,,,,,,,,,,,,,,,,,,,,,,,,,,,,,,,,,,,,,,,,,,,,,,,,,,,,,,,,,,,,,,,,,,,,,,,,,,,,,,,,,,,,,,,,,,,
901,2026,AUSTRALIAN OPEN,GC,2026-01-18,2026-02-01,Hard,MELBOURNE,AUSTRALIA,128,,USD,RS67662444,2026-01-13,,Lilli Tagger,Xinyu Gao,AUT,CHN,,,3-6,7-5,6-3,O,AUSTRALIAN OPEN,"Australian Open - Melbourne, AUS",2026.0,Lilli Tagger,Xinyu Gao,,,,,,,,,,,,,,,,,,,,,,,,,,,,,,,,,,,,,,,,,,,,,,,,,,,,,,,,,,,,,,,,,,,,,,,,,,,,,,,,,,,,,,,,,,,,,,,,,,,,,,,,,,,,,,,,,,,,,,,,,,,,,,,,,,,,,,,,,,,,,,,,,,,,,,,,,,,,,,,,,,,,,,,,,,,,,,,,,
901,2026,AUSTRALIAN OPEN,GC,2026-01-18,2026-02-01,Hard,MELBOURNE,AUSTRALIA,128,,USD,RS67696960,2026-01-13,,Luisina Giovannini,Marina Bassols Ribera,ARG,ESP,,,6-2,7-6(4),,O,AUSTRALIAN OPEN,"Australian Open - Melbourne, AUS",2026.0,Luisina Giovannini,Marina Bassols Ribera,,,,,,,,,,,,,,,,,,,,,,,,,,,,,,,,,,,,,,,,,,,,,,,,,,,,,,,,,,,,,,,,,,,,,,,,,,,,,,,,,,,,,,,,,,,,,,,,,,,,,,,,,,,,,,,,,,,,,,,,,,,,,,,,,,,,,,,,,,,,,,,,,,,,,,,,,,,,,,,,,,,,,,,,,,,,,,,,,
901,2026,AUSTRALIAN OPEN,GC,2026-01-18,2026-02-01,Hard,MELBOURNE,AUSTRALIA,128,,USD,RS67662442,2026-01-13,,Harriet Dart,Destanee Aiava,GBR,AUS,,,6-3,2-6,6-3,O,AUSTRALIAN OPEN,"Australian Open - Melbourne, AUS",2026.0,Harriet Dart,Destanee Aiava,,,,,,,,,,,,,,,,,,,,,,,,,,,,,,,,,,,,,,,,,,,,,,,,,,,,,,,,,,,,,,,,,,,,,,,,,,,,,,,,,,,,,,,,,,,,,,,,,,,,,,,,,,,,,,,,,,,,,,,,,,,,,,,,,,,,,,,,,,,,,,,,,,,,,,,,,,,,,,,,,,,,,,,,,,,,,,,,,
901,2026,AUSTRALIAN OPEN,GC,2026-01-18,2026-02-01,Hard,MELBOURNE,AUSTRALIA,128,,USD,RS67662490,2026-01-13,,Arina Rodionova,Iryna Shymanovich,AUS,,,,7-6(4),5-7,6-4,O,AUSTRALIAN OPEN,"Australian Open - Melbourne, AUS",2026.0,Arina Rodionova,Iryna Shymanovich,,,,,,,,,,,,,,,,,,,,,,,,,,,,,,,,,,,,,,,,,,,,,,,,,,,,,,,,,,,,,,,,,,,,,,,,,,,,,,,,,,,,,,,,,,,,,,,,,,,,,,,,,,,,,,,,,,,,,,,,,,,,,,,,,,,,,,,,,,,,,,,,,,,,,,,,,,,,,,,,,,,,,,,,,,,,,,,,,
901,2026,AUSTRALIAN OPEN,GC,2026-01-18,2026-02-01,Hard,MELBOURNE,AUSTRALIA,128,,USD,RS67662486,2026-01-13,,Mai Hontama,Maria Timofeeva,JPN,,,28.0,1-6,6-4,7-5,O,AUSTRALIAN OPEN,"Australian Open - Melbourne, AUS",2026.0,Mai Hontama,Maria Timofeeva,,,,,,,,,,,,,,,,,,,,,,,,,,,,,,,,,,,,,,,,,,,,,,,,,,,,,,,,,,,,,,,,,,,,,,,,,,,,,,,,,,,,,,,,,,,,,,,,,,,,,,,,,,,,,,,,,,,,,,,,,,,,,,,,,,,,,,,,,,,,,,,,,,,,,,,,,,,,,,,,,,,,,,,,,,,,,,,,,
901,2026,AUSTRALIAN OPEN,GC,2026-01-18,2026-02-01,Hard,MELBOURNE,AUSTRALIA,128,,USD,RS67662488,2026-01-13,,Himeno Sakatsume,Manon Leonard,JPN,FRA,,,6-2,6-1,,O,AUSTRALIAN OPEN,"Australian Open - Melbourne, AUS",2026.0,Himeno Sakatsume,Manon Leonard,,,,,,,,,,,,,,,,,,,,,,,,,,,,,,,,,,,,,,,,,,,,,,,,,,,,,,,,,,,,,,,,,,,,,,,,,,,,,,,,,,,,,,,,,,,,,,,,,,,,,,,,,,,,,,,,,,,,,,,,,,,,,,,,,,,,,,,,,,,,,,,,,,,,,,,,,,,,,,,,,,,,,,,,,,,,,,,,,
901,2026,AUSTRALIAN OPEN,GC,2026-01-18,2026-02-01,Hard,MELBOURNE,AUSTRALIA,128,,USD,RS67662436,2026-01-13,,Silvia Ambrosio,Ana Sofia Sanchez,ITA,MEX,,,6-1,6-2,,O,AUSTRALIAN OPEN,"Australian Open - Melbourne, AUS",2026.0,Silvia Ambrosio,Ana Sofia Sanchez,,,,,,,,,,,,,,,,,,,,,,,,,,,,,,,,,,,,,,,,,,,,,,,,,,,,,,,,,,,,,,,,,,,,,,,,,,,,,,,,,,,,,,,,,,,,,,,,,,,,,,,,,,,,,,,,,,,,,,,,,,,,,,,,,,,,,,,,,,,,,,,,,,,,,,,,,,,,,,,,,,,,,,,,,,,,,,,,,
901,2026,AUSTRALIAN OPEN,GC,2026-01-18,2026-02-01,Hard,MELBOURNE,AUSTRALIA,128,,USD,RS67662432,2026-01-13,,Leyre Romero Gormaz,Maddison Inglis,ESP,AUS,29.0,,4-6,7-6(4),6-2,O,AUSTRALIAN OPEN,"Australian Open - Melbourne, AUS",2026.0,Leyre Romero Gormaz,Maddison Inglis,,,,,,,,,,,,,,,,,,,,,,,,,,,,,,,,,,,,,,,,,,,,,,,,,,,,,,,,,,,,,,,,,,,,,,,,,,,,,,,,,,,,,,,,,,,,,,,,,,,,,,,,,,,,,,,,,,,,,,,,,,,,,,,,,,,,,,,,,,,,,,,,,,,,,,,,,,,,,,,,,,,,,,,,,,,,,,,,,
901,2026,AUSTRALIAN OPEN,GC,2026-01-18,2026-02-01,Hard,MELBOURNE,AUSTRALIA,128,,USD,RS67662532,2026-01-13,,Dominika Salkova,Hanyu Guo,CZE,CHN,31.0,,7-5,6-1,,O,AUSTRALIAN OPEN,"Australian Open - Melbourne, AUS",2026.0,Dominika Salkova,Hanyu Guo,,,,,,,,,,,,,,,,,,,,,,,,,,,,,,,,,,,,,,,,,,,,,,,,,,,,,,,,,,,,,,,,,,,,,,,,,,,,,,,,,,,,,,,,,,,,,,,,,,,,,,,,,,,,,,,,,,,,,,,,,,,,,,,,,,,,,,,,,,,,,,,,,,,,,,,,,,,,,,,,,,,,,,,,,,,,,,,,,
901,2026,AUSTRALIAN OPEN,GC,2026-01-18,2026-02-01,Hard,MELBOURNE,AUSTRALIA,128,,USD,RS67662438,2026-01-13,,Tamara Korpatsch,Miriam Bianca Bulgaru,DEU,ROU,14.0,,6-4,6-7(7),6-2,O,AUSTRALIAN OPEN,"Australian Open - Melbourne, AUS",2026.0,Tamara Korpatsch,Miriam Bianca Bulgaru,,,,,,,,,,,,,,,,,,,,,,,,,,,,,,,,,,,,,,,,,,,,,,,,,,,,,,,,,,,,,,,,,,,,,,,,,,,,,,,,,,,,,,,,,,,,,,,,,,,,,,,,,,,,,,,,,,,,,,,,,,,,,,,,,,,,,,,,,,,,,,,,,,,,,,,,,,,,,,,,,,,,,,,,,,,,,,,,,
901,2026,AUSTRALIAN OPEN,GC,2026-01-18,2026-02-01,Hard,MELBOURNE,AUSTRALIA,128,,USD,RS67662534,2026-01-13,,Darja Vidmanova,Mingge Xu,CZE,GBR,,,6-3,2-6,6-2,O,AUSTRALIAN OPEN,"Australian Open - Melbourne, AUS",2026.0,Darja Vidmanova,Mingge Xu,,,,,,,,,,,,,,,,,,,,,,,,,,,,,,,,,,,,,,,,,,,,,,,,,,,,,,,,,,,,,,,,,,,,,,,,,,,,,,,,,,,,,,,,,,,,,,,,,,,,,,,,,,,,,,,,,,,,,,,,,,,,,,,,,,,,,,,,,,,,,,,,,,,,,,,,,,,,,,,,,,,,,,,,,,,,,,,,,
901,2026,AUSTRALIAN OPEN,GC,2026-01-18,2026-02-01,Hard,MELBOURNE,AUSTRALIA,128,,USD,RS67662434,2026-01-13,,Claire Liu,Tara Wuerth,USA,HRV,,,6-3,6-4,,O,AUSTRALIAN OPEN,"Australian Open - Melbourne, AUS",2026.0,Claire Liu,Tara Wuerth,,,,,,,,,,,,,,,,,,,,,,,,,,,,,,,,,,,,,,,,,,,,,,,,,,,,,,,,,,,,,,,,,,,,,,,,,,,,,,,,,,,,,,,,,,,,,,,,,,,,,,,,,,,,,,,,,,,,,,,,,,,,,,,,,,,,,,,,,,,,,,,,,,,,,,,,,,,,,,,,,,,,,,,,,,,,,,,,,
901,2026,AUSTRALIAN OPEN,GC,2026-01-18,2026-02-01,Hard,MELBOURNE,AUSTRALIA,128,,USD,RS67662510,2026-01-13,,Yue Yuan,Louisa Chirico,CHN,USA,25.0,,3-6,6-1,6-2,O,AUSTRALIAN OPEN,"Australian Open - Melbourne, AUS",2026.0,Yue Yuan,Louisa Chirico,,,,,,,,,,,,,,,,,,,,,,,,,,,,,,,,,,,,,,,,,,,,,,,,,,,,,,,,,,,,,,,,,,,,,,,,,,,,,,,,,,,,,,,,,,,,,,,,,,,,,,,,,,,,,,,,,,,,,,,,,,,,,,,,,,,,,,,,,,,,,,,,,,,,,,,,,,,,,,,,,,,,,,,,,,,,,,,,,
901,2026,AUSTRALIAN OPEN,GC,2026-01-18,2026-02-01,Hard,MELBOURNE,AUSTRALIA,128,,USD,RS67662512,2026-01-13,,Maria Carle,Polina Iatcenko,ARG,,,,6-3,6-3,,O,AUSTRALIAN OPEN,"Australian Open - Melbourne, AUS",2026.0,Maria Carle,Polina Iatcenko,,,,,,,,,,,,,,,,,,,,,,,,,,,,,,,,,,,,,,,,,,,,,,,,,,,,,,,,,,,,,,,,,,,,,,,,,,,,,,,,,,,,,,,,,,,,,,,,,,,,,,,,,,,,,,,,,,,,,,,,,,,,,,,,,,,,,,,,,,,,,,,,,,,,,,,,,,,,,,,,,,,,,,,,,,,,,,,,,
901,2026,AUSTRALIAN OPEN,GC,2026-01-18,2026-02-01,Hard,MELBOURNE,AUSTRALIA,128,,USD,RS67696962,2026-01-13,,Chloe Paquet,Kristina Mladenovic,FRA,FRA,,,6-2,6-7(3),6-3,O,AUSTRALIAN OPEN,"Australian Open - Melbourne, AUS",2026.0,Chloe Paquet,Kristina Mladenovic,,,,,,,,,,,,,,,,,,,,,,,,,,,,,,,,,,,,,,,,,,,,,,,,,,,,,,,,,,,,,,,,,,,,,,,,,,,,,,,,,,,,,,,,,,,,,,,,,,,,,,,,,,,,,,,,,,,,,,,,,,,,,,,,,,,,,,,,,,,,,,,,,,,,,,,,,,,,,,,,,,,,,,,,,,,,,,,,,
901,2026,AUSTRALIAN OPEN,GC,2026-01-18,2026-02-01,Hard,MELBOURNE,AUSTRALIA,128,,USD,RS67662420,2026-01-13,,Lucrezia Stefanini,Eva Vedder,ITA,NLD,26.0,,6-4,6-2,,O,AUSTRALIAN OPEN,"Australian Open - Melbourne, AUS",2026.0,Lucrezia Stefanini,Eva Vedder,,,,,,,,,,,,,,,,,,,,,,,,,,,,,,,,,,,,,,,,,,,,,,,,,,,,,,,,,,,,,,,,,,,,,,,,,,,,,,,,,,,,,,,,,,,,,,,,,,,,,,,,,,,,,,,,,,,,,,,,,,,,,,,,,,,,,,,,,,,,,,,,,,,,,,,,,,,,,,,,,,,,,,,,,,,,,,,,,
901,2026,AUSTRALIAN OPEN,GC,2026-01-18,2026-02-01,Hard,MELBOURNE,AUSTRALIA,128,,USD,RS67662536,2026-01-13,,Zhuoxuan Bai,Alina Korneeva,CHN,,,,6-4,6-3,,O,AUSTRALIAN OPEN,"Australian Open - Melbourne, AUS",2026.0,Zhuoxuan Bai,Alina Korneeva,,,,,,,,,,,,,,,,,,,,,,,,,,,,,,,,,,,,,,,,,,,,,,,,,,,,,,,,,,,,,,,,,,,,,,,,,,,,,,,,,,,,,,,,,,,,,,,,,,,,,,,,,,,,,,,,,,,,,,,,,,,,,,,,,,,,,,,,,,,,,,,,,,,,,,,,,,,,,,,,,,,,,,,,,,,,,,,,,
901,2026,AUSTRALIAN OPEN,GC,2026-01-18,2026-02-01,Hard,MELBOURNE,AUSTRALIA,128,,USD,RS67662430,2026-01-13,,Carol Young Suh Lee,Hanne Vandewinkel,USA,BEL,,15.0,3-6,6-3,6-4,O,AUSTRALIAN OPEN,"Australian Open - Melbourne, AUS",2026.0,Carol Young Suh Lee,Hanne Vandewinkel,,,,,,,,,,,,,,,,,,,,,,,,,,,,,,,,,,,,,,,,,,,,,,,,,,,,,,,,,,,,,,,,,,,,,,,,,,,,,,,,,,,,,,,,,,,,,,,,,,,,,,,,,,,,,,,,,,,,,,,,,,,,,,,,,,,,,,,,,,,,,,,,,,,,,,,,,,,,,,,,,,,,,,,,,,,,,,,,,
901,2026,AUSTRALIAN OPEN,GC,2026-01-18,2026-02-01,Hard,MELBOURNE,AUSTRALIA,128,,USD,RS67662428,2026-01-13,,Elena Micic,Carole Monnet,AUS,FRA,,,6-4,4-6,6-1,O,AUSTRALIAN OPEN,"Australian Open - Melbourne, AUS",2026.0,Elena Micic,Carole Monnet,,,,,,,,,,,,,,,,,,,,,,,,,,,,,,,,,,,,,,,,,,,,,,,,,,,,,,,,,,,,,,,,,,,,,,,,,,,,,,,,,,,,,,,,,,,,,,,,,,,,,,,,,,,,,,,,,,,,,,,,,,,,,,,,,,,,,,,,,,,,,,,,,,,,,,,,,,,,,,,,,,,,,,,,,,,,,,,,,
901,2026,AUSTRALIAN OPEN,GC,2026-01-18,2026-02-01,Hard,MELBOURNE,AUSTRALIA,128,,USD,RS67662482,2026-01-13,,Carson Branstine,Astra Sharma,CAN,AUS,,,7-6(3),2-6,6-3,O,AUSTRALIAN OPEN,"Australian Open - Melbourne, AUS",2026.0,Carson Branstine,Astra Sharma,,,,,,,,,,,,,,,,,,,,,,,,,,,,,,,,,,,,,,,,,,,,,,,,,,,,,,,,,,,,,,,,,,,,,,,,,,,,,,,,,,,,,,,,,,,,,,,,,,,,,,,,,,,,,,,,,,,,,,,,,,,,,,,,,,,,,,,,,,,,,,,,,,,,,,,,,,,,,,,,,,,,,,,,,,,,,,,,,
901,2026,AUSTRALIAN OPEN,GC,2026-01-18,2026-02-01,Hard,MELBOURNE,AUSTRALIA,128,,USD,RS67662480,2026-01-13,,Daria Snigur,Katarzyna Kawa,UKR,POL,,24.0,6-1,2-6,6-2,O,AUSTRALIAN OPEN,"Australian Open - Melbourne, AUS",2026.0,Daria Snigur,Katarzyna Kawa,,,,,,,,,,,,,,,,,,,,,,,,,,,,,,,,,,,,,,,,,,,,,,,,,,,,,,,,,,,,,,,,,,,,,,,,,,,,,,,,,,,,,,,,,,,,,,,,,,,,,,,,,,,,,,,,,,,,,,,,,,,,,,,,,,,,,,,,,,,,,,,,,,,,,,,,,,,,,,,,,,,,,,,,,,,,,,,,,
901,2026,AUSTRALIAN OPEN,GC,2026-01-18,2026-02-01,Hard,MELBOURNE,AUSTRALIA,128,,USD,RS67670336,2026-01-13,,Whitney Osuigwe,Anastasija Sevastova,USA,LVA,,,6-2,6-0,,O,AUSTRALIAN OPEN,"Australian Open - Melbourne, AUS",2026.0,Whitney Osuigwe,Anastasija Sevastova,,,,,,,,,,,,,,,,,,,,,,,,,,,,,,,,,,,,,,,,,,,,,,,,,,,,,,,,,,,,,,,,,,,,,,,,,,,,,,,,,,,,,,,,,,,,,,,,,,,,,,,,,,,,,,,,,,,,,,,,,,,,,,,,,,,,,,,,,,,,,,,,,,,,,,,,,,,,,,,,,,,,,,,,,,,,,,,,,
901,2026,AUSTRALIAN OPEN,GC,2026-01-18,2026-02-01,Hard,MELBOURNE,AUSTRALIA,128,,USD,RS67662466,2026-01-12,,Anouk Koevermans,Tahlia Kokkinis,NLD,AUS,,,6-3,6-3,,O,AUSTRALIAN OPEN,"Australian Open - Melbourne, AUS",2026.0,Anouk Koevermans,Tahlia Kokkinis,,,,,,,,,,,,,,,,,,,,,,,,,,,,,,,,,,,,,,,,,,,,,,,,,,,,,,,,,,,,,,,,,,,,,,,,,,,,,,,,,,,,,,,,,,,,,,,,,,,,,,,,,,,,,,,,,,,,,,,,,,,,,,,,,,,,,,,,,,,,,,,,,,,,,,,,,,,,,,,,,,,,,,,,,,,,,,,,,
901,2026,AUSTRALIAN OPEN,GC,2026-01-18,2026-02-01,Hard,MELBOURNE,AUSTRALIA,128,,USD,RS67662452,2026-01-12,,Harmony Tan,Jessica Pieri,FRA,ITA,,,7-6(4),2-6,6-4,O,AUSTRALIAN OPEN,"Australian Open - Melbourne, AUS",2026.0,Harmony Tan,Jessica Pieri,,,,,,,,,,,,,,,,,,,,,,,,,,,,,,,,,,,,,,,,,,,,,,,,,,,,,,,,,,,,,,,,,,,,,,,,,,,,,,,,,,,,,,,,,,,,,,,,,,,,,,,,,,,,,,,,,,,,,,,,,,,,,,,,,,,,,,,,,,,,,,,,,,,,,,,,,,,,,,,,,,,,,,,,,,,,,,,,,
901,2026,AUSTRALIAN OPEN,GC,2026-01-18,2026-02-01,Hard,MELBOURNE,AUSTRALIA,128,,USD,RS67662454,2026-01-12,,Greet Minnen,Francisca Jorge,BEL,PRT,12.0,,6-2,6-3,,O,AUSTRALIAN OPEN,"Australian Open - Melbourne, AUS",2026.0,Greet Minnen,Francisca Jorge,,,,,,,,,,,,,,,,,,,,,,,,,,,,,,,,,,,,,,,,,,,,,,,,,,,,,,,,,,,,,,,,,,,,,,,,,,,,,,,,,,,,,,,,,,,,,,,,,,,,,,,,,,,,,,,,,,,,,,,,,,,,,,,,,,,,,,,,,,,,,,,,,,,,,,,,,,,,,,,,,,,,,,,,,,,,,,,,,
901,2026,AUSTRALIAN OPEN,GC,2026-01-18,2026-02-01,Hard,MELBOURNE,AUSTRALIA,128,,USD,RS67662456,2026-01-12,,Lola Radivojevic,Alana Subasic,SRB,AUS,27.0,,3-6,6-1,6-4,O,AUSTRALIAN OPEN,"Australian Open - Melbourne, AUS",2026.0,Lola Radivojevic,Alana Subasic,,,,,,,,,,,,,,,,,,,,,,,,,,,,,,,,,,,,,,,,,,,,,,,,,,,,,,,,,,,,,,,,,,,,,,,,,,,,,,,,,,,,,,,,,,,,,,,,,,,,,,,,,,,,,,,,,,,,,,,,,,,,,,,,,,,,,,,,,,,,,,,,,,,,,,,,,,,,,,,,,,,,,,,,,,,,,,,,,
901,2026,AUSTRALIAN OPEN,GC,2026-01-18,2026-02-01,Hard,MELBOURNE,AUSTRALIA,128,,USD,RS67662458,2026-01-12,,Storm Hunter,Ekaterine Gorgodze,AUS,GEO,,,7-5,6-3,,O,AUSTRALIAN OPEN,"Australian Open - Melbourne, AUS",2026.0,Storm Hunter,Ekaterine Gorgodze,,,,,,,,,,,,,,,,,,,,,,,,,,,,,,,,,,,,,,,,,,,,,,,,,,,,,,,,,,,,,,,,,,,,,,,,,,,,,,,,,,,,,,,,,,,,,,,,,,,,,,,,,,,,,,,,,,,,,,,,,,,,,,,,,,,,,,,,,,,,,,,,,,,,,,,,,,,,,,,,,,,,,,,,,,,,,,,,,
901,2026,AUSTRALIAN OPEN,GC,2026-01-18,2026-02-01,Hard,MELBOURNE,AUSTRALIA,128,,USD,RS67662464,2026-01-12,,Anhelina Kalinina,Joanna Garland,UKR,TPE,,19.0,7-5,6-2,,O,AUSTRALIAN OPEN,"Australian Open - Melbourne, AUS",2026.0,Anhelina Kalinina,Joanna Garland,,,,,,,,,,,,,,,,,,,,,,,,,,,,,,,,,,,,,,,,,,,,,,,,,,,,,,,,,,,,,,,,,,,,,,,,,,,,,,,,,,,,,,,,,,,,,,,,,,,,,,,,,,,,,,,,,,,,,,,,,,,,,,,,,,,,,,,,,,,,,,,,,,,,,,,,,,,,,,,,,,,,,,,,,,,,,,,,,
901,2026,AUSTRALIAN OPEN,GC,2026-01-18,2026-02-01,Hard,MELBOURNE,AUSTRALIA,128,,USD,RS67662518,2026-01-12,,Yexin MA,Varvara Lepchenko,CHN,USA,,32.0,6-1,6-3,,O,AUSTRALIAN OPEN,"Australian Open - Melbourne, AUS",2026.0,Yexin MA,Varvara Lepchenko,,,,,,,,,,,,,,,,,,,,,,,,,,,,,,,,,,,,,,,,,,,,,,,,,,,,,,,,,,,,,,,,,,,,,,,,,,,,,,,,,,,,,,,,,,,,,,,,,,,,,,,,,,,,,,,,,,,,,,,,,,,,,,,,,,,,,,,,,,,,,,,,,,,,,,,,,,,,,,,,,,,,,,,,,,,,,,,,,
901,2026,AUSTRALIAN OPEN,GC,2026-01-18,2026-02-01,Hard,MELBOURNE,AUSTRALIA,128,,USD,RS67662520,2026-01-12,,Elvina Kalieva,Sijia Wei,USA,CHN,,,4-6,6-2,3-2,O,AUSTRALIAN OPEN,"Australian Open - Melbourne, AUS",2026.0,Elvina Kalieva,Sijia Wei,,,,,,,,,,,,,,,,,,,,,,,,,,,,,,,,,,,,,,,,,,,,,,,,,,,,,,,,,,,,,,,,,,,,,,,,,,,,,,,,,,,,,,,,,,,,,,,,,,,,,,,,,,,,,,,,,,,,,,,,,,,,,,,,,,,,,,,,,,,,,,,,,,,,,,,,,,,,,,,,,,,,,,,,,,,,,,,,,
901,2026,AUSTRALIAN OPEN,GC,2026-01-18,2026-02-01,Hard,MELBOURNE,AUSTRALIA,128,,USD,RS67662426,2026-01-12,,Fiona Ferro,Yeon Woo Ku,FRA,KOR,,,6-3,6-2,,O,AUSTRALIAN OPEN,"Australian Open - Melbourne, AUS",2026.0,Fiona Ferro,Yeon Woo Ku,,,,,,,,,,,,,,,,,,,,,,,,,,,,,,,,,,,,,,,,,,,,,,,,,,,,,,,,,,,,,,,,,,,,,,,,,,,,,,,,,,,,,,,,,,,,,,,,,,,,,,,,,,,,,,,,,,,,,,,,,,,,,,,,,,,,,,,,,,,,,,,,,,,,,,,,,,,,,,,,,,,,,,,,,,,,,,,,,
901,2026,AUSTRALIAN OPEN,GC,2026-01-18,2026-02-01,Hard,MELBOURNE,AUSTRALIA,128,,USD,RS67662424,2026-01-12,,Linda Fruhvirtova,Anna-Lena Friedsam,CZE,DEU,20.0,,2-6,6-2,6-3,O,AUSTRALIAN OPEN,"Australian Open - Melbourne, AUS",2026.0,Linda Fruhvirtova,Anna-Lena Friedsam,,,,,,,,,,,,,,,,,,,,,,,,,,,,,,,,,,,,,,,,,,,,,,,,,,,,,,,,,,,,,,,,,,,,,,,,,,,,,,,,,,,,,,,,,,,,,,,,,,,,,,,,,,,,,,,,,,,,,,,,,,,,,,,,,,,,,,,,,,,,,,,,,,,,,,,,,,,,,,,,,,,,,,,,,,,,,,,,,
901,2026,AUSTRALIAN OPEN,GC,2026-01-18,2026-02-01,Hard,MELBOURNE,AUSTRALIA,128,,USD,RS67662472,2026-01-12,,Marina Stakusic,Nuria Parrizas Diaz,CAN,ESP,17.0,,6-3,6-2,,O,AUSTRALIAN OPEN,"Australian Open - Melbourne, AUS",2026.0,Marina Stakusic,Nuria Parrizas Diaz,,,,,,,,,,,,,,,,,,,,,,,,,,,,,,,,,,,,,,,,,,,,,,,,,,,,,,,,,,,,,,,,,,,,,,,,,,,,,,,,,,,,,,,,,,,,,,,,,,,,,,,,,,,,,,,,,,,,,,,,,,,,,,,,,,,,,,,,,,,,,,,,,,,,,,,,,,,,,,,,,,,,,,,,,,,,,,,,,
901,2026,AUSTRALIAN OPEN,GC,2026-01-18,2026-02-01,Hard,MELBOURNE,AUSTRALIA,128,,USD,RS67662516,2026-01-12,,Lina Gjorcheska,Sinja Kraus,MKD,AUT,,4.0,7-5,6-0,,O,AUSTRALIAN OPEN,"Australian Open - Melbourne, AUS",2026.0,Lina Gjorcheska,Sinja Kraus,,,,,,,,,,,,,,,,,,,,,,,,,,,,,,,,,,,,,,,,,,,,,,,,,,,,,,,,,,,,,,,,,,,,,,,,,,,,,,,,,,,,,,,,,,,,,,,,,,,,,,,,,,,,,,,,,,,,,,,,,,,,,,,,,,,,,,,,,,,,,,,,,,,,,,,,,,,,,,,,,,,,,,,,,,,,,,,,,
901,2026,AUSTRALIAN OPEN,GC,2026-01-18,2026-02-01,Hard,MELBOURNE,AUSTRALIA,128,,USD,RS67662514,2026-01-12,,Jessika Ponchet,Tamara Zidansek,FRA,SVN,,,7-6(3),6-3,,O,AUSTRALIAN OPEN,"Australian Open - Melbourne, AUS",2026.0,Jessika Ponchet,Tamara Zidansek,,,,,,,,,,,,,,,,,,,,,,,,,,,,,,,,,,,,,,,,,,,,,,,,,,,,,,,,,,,,,,,,,,,,,,,,,,,,,,,,,,,,,,,,,,,,,,,,,,,,,,,,,,,,,,,,,,,,,,,,,,,,,,,,,,,,,,,,,,,,,,,,,,,,,,,,,,,,,,,,,,,,,,,,,,,,,,,,,
901,2026,AUSTRALIAN OPEN,GC,2026-01-18,2026-02-01,Hard,MELBOURNE,AUSTRALIA,128,,USD,RS67662460,2026-01-12,,Jazmin Ortenzi,Alice Rame,ARG,FRA,,,5-7,6-3,6-4,O,AUSTRALIAN OPEN,"Australian Open - Melbourne, AUS",2026.0,Jazmin Ortenzi,Alice Rame,,,,,,,,,,,,,,,,,,,,,,,,,,,,,,,,,,,,,,,,,,,,,,,,,,,,,,,,,,,,,,,,,,,,,,,,,,,,,,,,,,,,,,,,,,,,,,,,,,,,,,,,,,,,,,,,,,,,,,,,,,,,,,,,,,,,,,,,,,,,,,,,,,,,,,,,,,,,,,,,,,,,,,,,,,,,,,,,,
901,2026,AUSTRALIAN OPEN,GC,2026-01-18,2026-02-01,Hard,MELBOURNE,AUSTRALIA,128,,USD,RS67662504,2026-01-12,,Justina Mikulskyte,Camilla Rosatello,LTU,ITA,,,6-3,6-2,,O,AUSTRALIAN OPEN,"Australian Open - Melbourne, AUS",2026.0,Justina Mikulskyte,Camilla Rosatello,,,,,,,,,,,,,,,,,,,,,,,,,,,,,,,,,,,,,,,,,,,,,,,,,,,,,,,,,,,,,,,,,,,,,,,,,,,,,,,,,,,,,,,,,,,,,,,,,,,,,,,,,,,,,,,,,,,,,,,,,,,,,,,,,,,,,,,,,,,,,,,,,,,,,,,,,,,,,,,,,,,,,,,,,,,,,,,,,
901,2026,AUSTRALIAN OPEN,GC,2026-01-18,2026-02-01,Hard,MELBOURNE,AUSTRALIA,128,,USD,RS67662502,2026-01-12,,Kaitlin Quevedo,Anastasia Gasanova,ESP,,30.0,,7-6(3),6-3,,O,AUSTRALIAN OPEN,"Australian Open - Melbourne, AUS",2026.0,Kaitlin Quevedo,Anastasia Gasanova,,,,,,,,,,,,,,,,,,,,,,,,,,,,,,,,,,,,,,,,,,,,,,,,,,,,,,,,,,,,,,,,,,,,,,,,,,,,,,,,,,,,,,,,,,,,,,,,,,,,,,,,,,,,,,,,,,,,,,,,,,,,,,,,,,,,,,,,,,,,,,,,,,,,,,,,,,,,,,,,,,,,,,,,,,,,,,,,,
901,2026,AUSTRALIAN OPEN,GC,2026-01-18,2026-02-01,Hard,MELBOURNE,AUSTRALIA,128,,USD,RS67662474,2026-01-12,,Teodora Kostovic,Tereza Mrdeza,SRB,HRV,,,6-0,6-3,,O,AUSTRALIAN OPEN,"Australian Open - Melbourne, AUS",2026.0,Teodora Kostovic,Tereza Mrdeza,,,,,,,,,,,,,,,,,,,,,,,,,,,,,,,,,,,,,,,,,,,,,,,,,,,,,,,,,,,,,,,,,,,,,,,,,,,,,,,,,,,,,,,,,,,,,,,,,,,,,,,,,,,,,,,,,,,,,,,,,,,,,,,,,,,,,,,,,,,,,,,,,,,,,,,,,,,,,,,,,,,,,,,,,,,,,,,,,
901,2026,AUSTRALIAN OPEN,GC,2026-01-18,2026-02-01,Hard,MELBOURNE,AUSTRALIA,128,,USD,RS67670340,2026-01-12,,Aliaksandra Sasnovich,Ksenia Efremova,,FRA,8.0,,6-3,6-1,,O,AUSTRALIAN OPEN,"Australian Open - Melbourne, AUS",2026.0,Aliaksandra Sasnovich,Ksenia Efremova,,,,,,,,,,,,,,,,,,,,,,,,,,,,,,,,,,,,,,,,,,,,,,,,,,,,,,,,,,,,,,,,,,,,,,,,,,,,,,,,,,,,,,,,,,,,,,,,,,,,,,,,,,,,,,,,,,,,,,,,,,,,,,,,,,,,,,,,,,,,,,,,,,,,,,,,,,,,,,,,,,,,,,,,,,,,,,,,,
901,2026,AUSTRALIAN OPEN,GC,2026-01-18,2026-02-01,Hard,MELBOURNE,AUSTRALIA,128,,USD,RS67662484,2026-01-12,,Kathinka Von Deichmann,Renee Alame,LIE,AUS,,,3-6,7-5,6-1,O,AUSTRALIAN OPEN,"Australian Open - Melbourne, AUS",2026.0,Kathinka Von Deichmann,Renee Alame,,,,,,,,,,,,,,,,,,,,,,,,,,,,,,,,,,,,,,,,,,,,,,,,,,,,,,,,,,,,,,,,,,,,,,,,,,,,,,,,,,,,,,,,,,,,,,,,,,,,,,,,,,,,,,,,,,,,,,,,,,,,,,,,,,,,,,,,,,,,,,,,,,,,,,,,,,,,,,,,,,,,,,,,,,,,,,,,,
901,2026,AUSTRALIAN OPEN,GC,2026-01-18,2026-02-01,Hard,MELBOURNE,AUSTRALIA,128,,USD,RS67662462,2026-01-12,,Taylor Townsend,Nao Hibino,USA,JPN,11.0,,6-7(3),6-0,7-5,O,AUSTRALIAN OPEN,"Australian Open - Melbourne, AUS",2026.0,Taylor Townsend,Nao Hibino,,,,,,,,,,,,,,,,,,,,,,,,,,,,,,,,,,,,,,,,,,,,,,,,,,,,,,,,,,,,,,,,,,,,,,,,,,,,,,,,,,,,,,,,,,,,,,,,,,,,,,,,,,,,,,,,,,,,,,,,,,,,,,,,,,,,,,,,,,,,,,,,,,,,,,,,,,,,,,,,,,,,,,,,,,,,,,,,,
901,2026,AUSTRALIAN OPEN,GC,2026-01-18,2026-02-01,Hard,MELBOURNE,AUSTRALIA,128,,USD,RS67662470,2026-01-12,,Alina Charaeva,Rebeka Masarova,,CHE,,10.0,6-3,6-7(2),7-6(5),O,AUSTRALIAN OPEN,"Australian Open - Melbourne, AUS",2026.0,Alina Charaeva,Rebeka Masarova,,,,,,,,,,,,,,,,,,,,,,,,,,,,,,,,,,,,,,,,,,,,,,,,,,,,,,,,,,,,,,,,,,,,,,,,,,,,,,,,,,,,,,,,,,,,,,,,,,,,,,,,,,,,,,,,,,,,,,,,,,,,,,,,,,,,,,,,,,,,,,,,,,,,,,,,,,,,,,,,,,,,,,,,,,,,,,,,,
901,2026,AUSTRALIAN OPEN,GC,2026-01-18,2026-02-01,Hard,MELBOURNE,AUSTRALIA,128,,USD,RS67662448,2026-01-12,,Linda Klimovicova,Stefani Webb,POL,AUS,23.0,,6-2,6-1,,O,AUSTRALIAN OPEN,"Australian Open - Melbourne, AUS",2026.0,Linda Klimovicova,Stefani Webb,,,,,,,,,,,,,,,,,,,,,,,,,,,,,,,,,,,,,,,,,,,,,,,,,,,,,,,,,,,,,,,,,,,,,,,,,,,,,,,,,,,,,,,,,,,,,,,,,,,,,,,,,,,,,,,,,,,,,,,,,,,,,,,,,,,,,,,,,,,,,,,,,,,,,,,,,,,,,,,,,,,,,,,,,,,,,,,,,
901,2026,AUSTRALIAN OPEN,GC,2026-01-18,2026-02-01,Hard,MELBOURNE,AUSTRALIA,128,,USD,RS67662468,2026-01-12,,Madison Brengle,Maja Chwalinska,USA,POL,,,7-6(3),6-3,,O,AUSTRALIAN OPEN,"Australian Open - Melbourne, AUS",2026.0,Madison Brengle,Maja Chwalinska,,,,,,,,,,,,,,,,,,,,,,,,,,,,,,,,,,,,,,,,,,,,,,,,,,,,,,,,,,,,,,,,,,,,,,,,,,,,,,,,,,,,,,,,,,,,,,,,,,,,,,,,,,,,,,,,,,,,,,,,,,,,,,,,,,,,,,,,,,,,,,,,,,,,,,,,,,,,,,,,,,,,,,,,,,,,,,,,,
901,2026,AUSTRALIAN OPEN,GC,2026-01-18,2026-02-01,Hard,MELBOURNE,AUSTRALIA,128,,USD,RS67662524,2026-01-12,,Guiomar Maristany Zuleta de Reales,Maiar Sherif Ahmed Abdelaziz,ESP,EGY,,3.0,6-4,6-3,,O,AUSTRALIAN OPEN,"Australian Open - Melbourne, AUS",2026.0,Guiomar Maristany Zuleta de Reales,Maiar Sherif Ahmed Abdelaziz,,,,,,,,,,,,,,,,,,,,,,,,,,,,,,,,,,,,,,,,,,,,,,,,,,,,,,,,,,,,,,,,,,,,,,,,,,,,,,,,,,,,,,,,,,,,,,,,,,,,,,,,,,,,,,,,,,,,,,,,,,,,,,,,,,,,,,,,,,,,,,,,,,,,,,,,,,,,,,,,,,,,,,,,,,,,,,,,,
901,2026,AUSTRALIAN OPEN,GC,2026-01-18,2026-02-01,Hard,MELBOURNE,AUSTRALIA,128,,USD,RS67662450,2026-01-12,,Lizette Cabrera,Gabriela Knutson,AUS,CZE,,,7-5,6-0,,O,AUSTRALIAN OPEN,"Australian Open - Melbourne, AUS",2026.0,Lizette Cabrera,Gabriela Knutson,,,,,,,,,,,,,,,,,,,,,,,,,,,,,,,,,,,,,,,,,,,,,,,,,,,,,,,,,,,,,,,,,,,,,,,,,,,,,,,,,,,,,,,,,,,,,,,,,,,,,,,,,,,,,,,,,,,,,,,,,,,,,,,,,,,,,,,,,,,,,,,,,,,,,,,,,,,,,,,,,,,,,,,,,,,,,,,,,
901,2026,AUSTRALIAN OPEN,GC,2026-01-18,2026-02-01,Hard,MELBOURNE,AUSTRALIA,128,,USD,RS67662522,2026-01-12,,Tatiana Prozorova,Andrea Lazaro Garcia,,ESP,,,6-2,6-4,,O,AUSTRALIAN OPEN,"Australian Open - Melbourne, AUS",2026.0,Tatiana Prozorova,Andrea Lazaro Garcia,,,,,,,,,,,,,,,,,,,,,,,,,,,,,,,,,,,,,,,,,,,,,,,,,,,,,,,,,,,,,,,,,,,,,,,,,,,,,,,,,,,,,,,,,,,,,,,,,,,,,,,,,,,,,,,,,,,,,,,,,,,,,,,,,,,,,,,,,,,,,,,,,,,,,,,,,,,,,,,,,,,,,,,,,,,,,,,,,
901,2026,AUSTRALIAN OPEN,GC,2026-01-18,2026-02-01,Hard,MELBOURNE,AUSTRALIA,128,,USD,RS67662478,2026-01-12,,Victoria Jimenez Kasintseva,Kayla Cross,AND,CAN,9.0,,4-6,6-4,7-5,O,AUSTRALIAN OPEN,"Australian Open - Melbourne, AUS",2026.0,Victoria Jimenez Kasintseva,Kayla Cross,,,,,,,,,,,,,,,,,,,,,,,,,,,,,,,,,,,,,,,,,,,,,,,,,,,,,,,,,,,,,,,,,,,,,,,,,,,,,,,,,,,,,,,,,,,,,,,,,,,,,,,,,,,,,,,,,,,,,,,,,,,,,,,,,,,,,,,,,,,,,,,,,,,,,,,,,,,,,,,,,,,,,,,,,,,,,,,,,
901,2026,AUSTRALIAN OPEN,GC,2026-01-18,2026-02-01,Hard,MELBOURNE,AUSTRALIA,128,,USD,RS67662496,2026-01-12,,Viktoria Hruncakova,Sada Nahimana,SVK,BDI,,,6-3,6-1,,O,AUSTRALIAN OPEN,"Australian Open - Melbourne, AUS",2026.0,Viktoria Hruncakova,Sada Nahimana,,,,,,,,,,,,,,,,,,,,,,,,,,,,,,,,,,,,,,,,,,,,,,,,,,,,,,,,,,,,,,,,,,,,,,,,,,,,,,,,,,,,,,,,,,,,,,,,,,,,,,,,,,,,,,,,,,,,,,,,,,,,,,,,,,,,,,,,,,,,,,,,,,,,,,,,,,,,,,,,,,,,,,,,,,,,,,,,,
901,2026,AUSTRALIAN OPEN,GC,2026-01-18,2026-02-01,Hard,MELBOURNE,AUSTRALIA,128,,USD,RS67662494,2026-01-12,,Viktoriya Tomova,Bernarda Pera,BGR,USA,18.0,,1-6,6-4,6-0,O,AUSTRALIAN OPEN,"Australian Open - Melbourne, AUS",2026.0,Viktoriya Tomova,Bernarda Pera,,,,,,,,,,,,,,,,,,,,,,,,,,,,,,,,,,,,,,,,,,,,,,,,,,,,,,,,,,,,,,,,,,,,,,,,,,,,,,,,,,,,,,,,,,,,,,,,,,,,,,,,,,,,,,,,,,,,,,,,,,,,,,,,,,,,,,,,,,,,,,,,,,,,,,,,,,,,,,,,,,,,,,,,,,,,,,,,,
901,2026,AUSTRALIAN OPEN,GC,2026-01-18,2026-02-01,Hard,MELBOURNE,AUSTRALIA,128,,USD,RS67662476,2026-01-12,,Lin Zhu,Laura Pigossi,CHN,BRA,,,6-4,6-4,,O,AUSTRALIAN OPEN,"Australian Open - Melbourne, AUS",2026.0,Lin Zhu,Laura Pigossi,,,,,,,,,,,,,,,,,,,,,,,,,,,,,,,,,,,,,,,,,,,,,,,,,,,,,,,,,,,,,,,,,,,,,,,,,,,,,,,,,,,,,,,,,,,,,,,,,,,,,,,,,,,,,,,,,,,,,,,,,,,,,,,,,,,,,,,,,,,,,,,,,,,,,,,,,,,,,,,,,,,,,,,,,,,,,,,,,
901,2026,AUSTRALIAN OPEN,GC,2026-01-18,2026-02-01,Hard,MELBOURNE,AUSTRALIA,128,,USD,RS67662498,2026-01-12,,Despina Papamichail,Sachia Vickery,GRC,USA,,,6-3,7-5,,O,AUSTRALIAN OPEN,"Australian Open - Melbourne, AUS",2026.0,Despina Papamichail,Sachia Vickery,,,,,,,,,,,,,,,,,,,,,,,,,,,,,,,,,,,,,,,,,,,,,,,,,,,,,,,,,,,,,,,,,,,,,,,,,,,,,,,,,,,,,,,,,,,,,,,,,,,,,,,,,,,,,,,,,,,,,,,,,,,,,,,,,,,,,,,,,,,,,,,,,,,,,,,,,,,,,,,,,,,,,,,,,,,,,,,,,
901,2026,AUSTRALIAN OPEN,GC,2026-01-18,2026-02-01,Hard,MELBOURNE,AUSTRALIA,128,,USD,RS67662500,2026-01-12,,Yuliia Starodubtseva,Alice Tubello,UKR,FRA,6.0,,6-2,3-6,6-0,O,AUSTRALIAN OPEN,"Australian Open - Melbourne, AUS",2026.0,Yuliia Starodubtseva,Alice Tubello,,,,,,,,,,,,,,,,,,,,,,,,,,,,,,,,,,,,,,,,,,,,,,,,,,,,,,,,,,,,,,,,,,,,,,,,,,,,,,,,,,,,,,,,,,,,,,,,,,,,,,,,,,,,,,,,,,,,,,,,,,,,,,,,,,,,,,,,,,,,,,,,,,,,,,,,,,,,,,,,,,,,,,,,,,,,,,,,,
901,2026,AUSTRALIAN OPEN,GC,2026-01-18,2026-02-01,Hard,MELBOURNE,AUSTRALIA,128,,USD,RS67662526,2026-01-12,,Olivia Gadecki,Arantxa Rus,AUS,NLD,,22.0,6-2,6-4,,O,AUSTRALIAN OPEN,"Australian Open - Melbourne, AUS",2026.0,Olivia Gadecki,Arantxa Rus,,,,,,,,,,,,,,,,,,,,,,,,,,,,,,,,,,,,,,,,,,,,,,,,,,,,,,,,,,,,,,,,,,,,,,,,,,,,,,,,,,,,,,,,,,,,,,,,,,,,,,,,,,,,,,,,,,,,,,,,,,,,,,,,,,,,,,,,,,,,,,,,,,,,,,,,,,,,,,,,,,,,,,,,,,,,,,,,,
901,2026,AUSTRALIAN OPEN,GC,2026-01-18,2026-02-01,Hard,MELBOURNE,AUSTRALIA,128,,USD,RS67670342,2026-01-12,,Sloane Stephens,Barbora Palicova,USA,CZE,,,6-1,7-5,,O,AUSTRALIAN OPEN,"Australian Open - Melbourne, AUS",2026.0,Sloane Stephens,Barbora Palicova,,,,,,,,,,,,,,,,,,,,,,,,,,,,,,,,,,,,,,,,,,,,,,,,,,,,,,,,,,,,,,,,,,,,,,,,,,,,,,,,,,,,,,,,,,,,,,,,,,,,,,,,,,,,,,,,,,,,,,,,,,,,,,,,,,,,,,,,,,,,,,,,,,,,,,,,,,,,,,,,,,,,,,,,,,,,,,,,,
901,2026,AUSTRALIAN OPEN,GC,2026-01-18,2026-02-01,Hard,MELBOURNE,AUSTRALIA,128,,USD,RS67662422,2026-01-11,,Nikola Bartunkova,Selena Janicijevic,CZE,FRA,16.0,,6-3,6-3,,O,AUSTRALIAN OPEN,"Australian Open - Melbourne, AUS",2026.0,Nikola Bartunkova,Selena Janicijevic,,,,,,,,,,,,,,,,,,,,,,,,,,,,,,,,,,,,,,,,,,,,,,,,,,,,,,,,,,,,,,,,,,,,,,,,,,,,,,,,,,,,,,,,,,,,,,,,,,,,,,,,,,,,,,,,,,,,,,,,,,,,,,,,,,,,,,,,,,,,,,,,,,,,,,,,,,,,,,,,,,,,,,,,,,,,,,,,,
901,2026,AUSTRALIAN OPEN,GC,2026-01-18,2026-02-01,Hard,MELBOURNE,AUSTRALIA,128,,USD,RS67662506,2026-01-11,,Julia Riera,Ena Shibahara,ARG,JPN,,,6-4,1-6,6-3,O,AUSTRALIAN OPEN,"Australian Open - Melbourne, AUS",2026.0,Julia Riera,Ena Shibahara,,,,,,,,,,,,,,,,,,,,,,,,,,,,,,,,,,,,,,,,,,,,,,,,,,,,,,,,,,,,,,,,,,,,,,,,,,,,,,,,,,,,,,,,,,,,,,,,,,,,,,,,,,,,,,,,,,,,,,,,,,,,,,,,,,,,,,,,,,,,,,,,,,,,,,,,,,,,,,,,,,,,,,,,,,,,,,,,,
901,2026,AUSTRALIAN OPEN,GC,2026-01-18,2026-02-01,Hard,MELBOURNE,AUSTRALIA,128,,USD,RS67662508,2026-01-11,,Zeynep Sonmez,Laura Samson,TUR,CZE,5.0,,6-2,6-2,,O,AUSTRALIAN OPEN,"Australian Open - Melbourne, AUS",2026.0,Zeynep Sonmez,Laura Samson,,,,,,,,,,,,,,,,,,,,,,,,,,,,,,,,,,,,,,,,,,,,,,,,,,,,,,,,,,,,,,,,,,,,,,,,,,,,,,,,,,,,,,,,,,,,,,,,,,,,,,,,,,,,,,,,,,,,,,,,,,,,,,,,,,,,,,,,,,,,,,,,,,,,,,,,,,,,,,,,,,,,,,,,,,,,,,,,,
901,2026,AUSTRALIAN OPEN,GC,2026-01-18,2026-02-01,Hard,MELBOURNE,AUSTRALIA,128,,USD,RS67662528,2026-01-11,,Mary Stoiana,Nuria Brancaccio,USA,ITA,,,7-5,4-6,7-5,O,AUSTRALIAN OPEN,"Australian Open - Melbourne, AUS",2026.0,Mary Stoiana,Nuria Brancaccio,,,,,,,,,,,,,,,,,,,,,,,,,,,,,,,,,,,,,,,,,,,,,,,,,,,,,,,,,,,,,,,,,,,,,,,,,,,,,,,,,,,,,,,,,,,,,,,,,,,,,,,,,,,,,,,,,,,,,,,,,,,,,,,,,,,,,,,,,,,,,,,,,,,,,,,,,,,,,,,,,,,,,,,,,,,,,,,,,
901,2026,AUSTRALIAN OPEN,GC,2026-01-18,2026-02-01,Hard,MELBOURNE,AUSTRALIA,128,,USD,RS67662530,2026-01-11,,Lucia Bronzetti,Aliona Bolsova,ITA,ESP,2.0,,6-0,6-7(3),6-1,O,AUSTRALIAN OPEN,"Australian Open - Melbourne, AUS",2026.0,Lucia Bronzetti,Aliona Bolsova,,,,,,,,,,,,,,,,,,,,,,,,,,,,,,,,,,,,,,,,,,,,,,,,,,,,,,,,,,,,,,,,,,,,,,,,,,,,,,,,,,,,,,,,,,,,,,,,,,,,,,,,,,,,,,,,,,,,,,,,,,,,,,,,,,,,,,,,,,,,,,,,,,,,,,,,,,,,,,,,,,,,,,,,,,,,,,,,,
901,2026,AUSTRALIAN OPEN,GC,2026-01-18,2026-02-01,Hard,MELBOURNE,AUSTRALIA,128,,USD,RS67670338,2026-01-11,,Cadence Brace,Tina Nadine Smith,CAN,AUS,,,7-6(5),7-6(6),,O,AUSTRALIAN OPEN,"Australian Open - Melbourne, AUS",2026.0,Cadence Brace,Tina Nadine Smith,,,,,,,,,,,,,,,,,,,,,,,,,,,,,,,,,,,,,,,,,,,,,,,,,,,,,,,,,,,,,,,,,,,,,,,,,,,,,,,,,,,,,,,,,,,,,,,,,,,,,,,,,,,,,,,,,,,,,,,,,,,,,,,,,,,,,,,,,,,,,,,,,,,,,,,,,,,,,,,,,,,,,,,,,,,,,,,,,
0800,2026,BRISBANE,WTA 500,2026-01-04,2026-01-11,Hard,BRISBANE,AUSTRALIA,48,1206446,USD,LS001,2026-01-11,F,Aryna Sabalenka,Marta Kostyuk,BLR,UKR,1.0,16.0,6-4,6-3,,O,BRISBANE,"Brisbane International - Brisbane, AUS",,Aryna Sabalenka,Marta Kostyuk,,,,,,,,,,,,,,,,,,,,,,,,,,,,,,,,,,,,,,,,,,,,,,,,,,,,,,,,,,,,,,,,,,,,,,,,,,,,,0800,2026.0,Aryna Sabalenka,Marta Kostyuk,BLR,UKR,1,16,2,2.0,"6-4,6-3",2026-01-11T05:50:10.863+00:00,2026-01-11,01:18:21,800,,,00:39:32,6,4,0,0.0,1.0,0.0,3.0,12.0,12.0,12.0,19.0,17.0,18.0,23.0,33.0,2.0,1.0,5.0,2.0,5.0,5.0,0.0,7.0,32.0,24.0,0.0,0.0,00:38:49,6,3,0,1.0,2.0,0.0,0.0,14.0,7.0,20.0,15.0,21.0,15.0,29.0,25.0,1.0,0.0,3.0,1.0,5.0,4.0,6.0,8.0,31.0,23.0,0.0,0.0,,,,,,,,,,,,,,,,,,,,,,,,,,,,
0800,2026,BRISBANE,WTA 500,2026-01-04,2026-01-11,Hard,BRISBANE,AUSTRALIA,48,1206446,USD,LS002,2026-01-10,SF,Aryna Sabalenka,Karolina Muchova,BLR,CZE,1.0,11.0,6-3,6-4,,O,BRISBANE,"Brisbane International - Brisbane, AUS",,Aryna Sabalenka,Karolina Muchova,,,,,,,,,,,,,,,,,,,,,,,,,,,,,,,,,,,,,,,,,,,,,,,,,,,,,,,,,,,,,,,,,,,,,,,,,,,,,0800,2026.0,Aryna Sabalenka,Karolina Muchova,BLR,CZE,1,11,2,2.0,"6-3,6-4",2026-01-10T00:45:26.91+00:00,2026-01-10,01:29:49,800,,,00:37:23,6,3,0,4.0,4.0,1.0,1.0,15.0,16.0,16.0,23.0,20.0,17.0,25.0,28.0,1.0,0.0,6.0,0.0,5.0,4.0,1.0,7.0,31.0,22.0,0.0,0.0,00:52:26,6,4,0,5.0,3.0,0.0,0.0,21.0,15.0,25.0,21.0,26.0,20.0,39.0,31.0,1.0,0.0,2.0,4.0,5.0,5.0,4.0,6.0,37.0,33.0,0.0,0.0,,,,,,,,,,,,,,,,,,,,,,,,,,,,
0800,2026,BRISBANE,WTA 500,2026-01-04,2026-01-11,Hard,BRISBANE,AUSTRALIA,48,1206446,USD,LS003,2026-01-10,SF,Marta Kostyuk,Jessica Pegula,UKR,USA,16.0,4.0,6-0,6-3,,O,BRISBANE,"Brisbane International - Brisbane, AUS",,Marta Kostyuk,Jessica Pegula,,,,,,,,,,,,,,,,,,,,,,,,,,,,,,,,,,,,,,,,,,,,,,,,,,,,,,,,,,,,,,,,,,,,,,,,,,,,,0800,2026.0,Jessica Pegula,Marta Kostyuk,USA,UKR,4,16,3,2.0,"6-0,6-3",2026-01-10T04:59:26.367+00:00,2026-01-10,00:55:47,800,,,00:20:47,0,6,0,0.0,1.0,0.0,0.0,3.0,7.0,12.0,9.0,4.0,14.0,16.0,18.0,0.0,3.0,1.0,5.0,3.0,3.0,9.0,2.0,8.0,26.0,0.0,0.0,00:34:59,3,6,0,0.0,3.0,0.0,1.0,7.0,15.0,13.0,19.0,13.0,21.0,21.0,27.0,0.0,1.0,1.0,1.0,4.0,5.0,6.0,4.0,19.0,29.0,0.0,0.0,,,,,,,,,,,,,,,,,,,,,,,,,,,,
0800,2026,BRISBANE,WTA 500,2026-01-04,2026-01-11,Hard,BRISBANE,AUSTRALIA,48,1206446,USD,LS004,2026-01-09,QF,Aryna Sabalenka,Madison Keys,BLR,USA,1.0,5.0,6-3,6-3,,O,BRISBANE,"Brisbane International - Brisbane, AUS",,Aryna Sabalenka,Madison Keys,,,,,,,,,,,,,,,,,,,,,,,,,,,,,,,,,,,,,,,,,,,,,,,,,,,,,,,,,,,,,,,,,,,,,,,,,,,,,0800,2026.0,Aryna Sabalenka,Madison Keys,BLR,USA,1,5,2,2.0,"6-3,6-3",2026-01-09T03:19:27.457+00:00,2026-01-09,01:29:28,800,,,00:41:32,6,3,0,0.0,3.0,0.0,7.0,11.0,18.0,14.0,29.0,17.0,24.0,23.0,44.0,2.0,0.0,5.0,1.0,4.0,5.0,3.0,11.0,37.0,30.0,0.0,0.0,00:47:56,6,3,0,5.0,1.0,2.0,1.0,15.0,8.0,22.0,14.0,23.0,11.0,42.0,26.0,3.0,2.0,6.0,4.0,5.0,4.0,7.0,6.0,38.0,30.0,0.0,0.0,,,,,,,,,,,,,,,,,,,,,,,,,,,,
0800,2026,BRISBANE,WTA 500,2026-01-04,2026-01-11,Hard,BRISBANE,AUSTRALIA,48,1206446,USD,LS005,2026-01-09,QF,Karolina Muchova,Elena Rybakina,CZE,KAZ,11.0,3.0,6-2,2-6,6-4,O,BRISBANE,"Brisbane International - Brisbane, AUS",,Karolina Muchova,Elena Rybakina,,,,,,,,,,,,,,,,,,,,,,,,,,,,,,,,,,,,,,,,,,,,,,,,,,,,,,,,,,,,,,,,,,,,,,,,,,,,,0800,2026.0,Elena Rybakina,Karolina Muchova,KAZ,CZE,3,11,3,3.0,"6-2,2-6,6-4",2026-01-09T00:49:50.643+00:00,2026-01-09,02:04:27,800,,,00:34:53,2,6,0,4.0,1.0,3.0,0.0,10.0,12.0,15.0,13.0,15.0,16.0,30.0,20.0,0.0,2.0,0.0,5.0,4.0,4.0,5.0,1.0,19.0,31.0,0.0,0.0,00:42:10,6,2,0,1.0,0.0,1.0,0.0,8.0,8.0,11.0,17.0,17.0,11.0,24.0,23.0,2.0,0.0,3.0,1.0,4.0,4.0,3.0,9.0,29.0,18.0,0.0,0.0,00:47:23,4,6,0,4.0,2.0,3.0,0.0,15.0,17.0,23.0,20.0,21.0,20.0,37.0,26.0,0.0,1.0,0.0,5.0,5.0,5.0,8.0,3.0,27.0,36.0,0.0,0.0
0800,2026,BRISBANE,WTA 500,2026-01-04,2026-01-11,Hard,BRISBANE,AUSTRALIA,48,1206446,USD,LS006,2026-01-09,QF,Jessica Pegula,Liudmila Samsonova,USA,RUS,4.0,10.0,6-3,7-6(3),,O,BRISBANE,"Brisbane International - Brisbane, AUS",,Jessica Pegula,Liudmila Samsonova,,,,,,,,,,,,,,,,,,,,,,,,,,,,,,,,,,,,,,,,,,,,,,,,,,,,,,,,,,,,,,,,,,,,,,,,,,,,,0800,2026.0,Liudmila Samsonova,Jessica Pegula,RUS,USA,10,4,3,2.0,"6-3,7-6(3)",2026-01-09T04:48:50.683+00:00,2026-01-09,01:51:26,800,,,00:42:26,3,6,0,3.0,1.0,3.0,2.0,13.0,12.0,25.0,14.0,18.0,15.0,36.0,26.0,1.0,3.0,2.0,10.0,5.0,4.0,12.0,2.0,29.0,33.0,0.0,0.0,01:08:55,6,7,3,5.0,3.0,4.0,0.0,21.0,23.0,34.0,28.0,30.0,26.0,54.0,36.0,1.0,1.0,2.0,7.0,6.0,6.0,13.0,5.0,40.0,50.0,0.0,0.0,,,,,,,,,,,,,,,,,,,,,,,,,,,,
0800,2026,BRISBANE,WTA 500,2026-01-04,2026-01-11,Hard,BRISBANE,AUSTRALIA,48,1206446,USD,LS007,2026-01-09,QF,Marta Kostyuk,Mirra Andreeva,UKR,RUS,16.0,6.0,7-6(7),6-3,,O,BRISBANE,"Brisbane International - Brisbane, AUS",,Marta Kostyuk,Mirra Andreeva,,,,,,,,,,,,,,,,,,,,,,,,,,,,,,,,,,,,,,,,,,,,,,,,,,,,,,,,,,,,,,,,,,,,,,,,,,,,,0800,2026.0,Mirra Andreeva,Marta Kostyuk,RUS,UKR,6,16,3,2.0,"7-6(7),6-3",2026-01-09T08:13:12.47+00:00,2026-01-09,01:47:30,800,,,01:09:00,6,7,7,0.0,2.0,1.0,2.0,21.0,22.0,31.0,34.0,29.0,33.0,47.0,53.0,1.0,1.0,3.0,4.0,6.0,6.0,10.0,12.0,49.0,51.0,0.0,0.0,00:38:28,3,6,0,1.0,0.0,4.0,0.0,12.0,11.0,20.0,15.0,16.0,14.0,35.0,21.0,1.0,3.0,3.0,4.0,5.0,4.0,8.0,4.0,23.0,33.0,0.0,0.0,,,,,,,,,,,,,,,,,,,,,,,,,,,,
0800,2026,BRISBANE,WTA 500,2026-01-04,2026-01-11,Hard,BRISBANE,AUSTRALIA,48,1206446,USD,LS008,2026-01-08,3,Aryna Sabalenka,Sorana Cirstea,BLR,ROU,1.0,,6-3,6-3,,O,BRISBANE,"Brisbane International - Brisbane, AUS",,Aryna Sabalenka,Sorana Cirstea,,,,,,,,,,,,,,,,,,,,,,,,,,,,,,,,,,,,,,,,,,,,,,,,,,,,,,,,,,,,,,,,,,,,,,,,,,,,,0800,2026.0,Aryna Sabalenka,Sorana Cirstea,BLR,ROU,1,,2,2.0,"6-3,6-3",2026-01-08T00:46:19.167+00:00,2026-01-08,01:19:01,800,,,00:40:51,6,3,0,0.0,1.0,0.0,1.0,8.0,10.0,13.0,18.0,12.0,18.0,21.0,40.0,3.0,1.0,7.0,1.0,4.0,5.0,5.0,8.0,34.0,27.0,0.0,0.0,00:38:09,6,3,0,2.0,1.0,1.0,0.0,17.0,10.0,19.0,17.0,21.0,17.0,27.0,28.0,1.0,0.0,6.0,1.0,5.0,4.0,2.0,7.0,32.0,23.0,0.0,0.0,,,,,,,,,,,,,,,,,,,,,,,,,,,,
0800,2026,BRISBANE,WTA 500,2026-01-04,2026-01-11,Hard,BRISBANE,AUSTRALIA,48,1206446,USD,LS009,2026-01-08,3,Madison Keys,Diana Shnaider,USA,RUS,5.0,12.0,6-7(5),7-6(5),7-6(4),O,BRISBANE,"Brisbane International - Brisbane, AUS",,Madison Keys,Diana Shnaider,,,,,,,,,,,,,,,,,,,,,,,,,,,,,,,,,,,,,,,,,,,,,,,,,,,,,,,,,,,,,,,,,,,,,,,,,,,,,0800,2026.0,Diana Shnaider,Madison Keys,RUS,USA,12,5,3,3.0,"6-7(5),7-6(5),7-6(4)",2026-01-08T05:23:37.437+00:00,2026-01-08,02:59:44,800,,,00:53:09,7,6,5,0.0,4.0,1.0,2.0,20.0,18.0,29.0,26.0,26.0,25.0,41.0,42.0,1.0,1.0,2.0,2.0,6.0,6.0,9.0,8.0,43.0,40.0,0.0,0.0,00:56:55,6,7,5,1.0,2.0,2.0,1.0,17.0,20.0,26.0,29.0,24.0,25.0,39.0,41.0,1.0,1.0,5.0,1.0,6.0,6.0,9.0,9.0,40.0,40.0,0.0,0.0,01:09:37,6,7,4,0.0,3.0,1.0,0.0,19.0,17.0,34.0,30.0,22.0,22.0,44.0,41.0,2.0,2.0,3.0,6.0,6.0,6.0,15.0,13.0,41.0,44.0,0.0,0.0
0800,2026,BRISBANE,WTA 500,2026-01-04,2026-01-11,Hard,BRISBANE,AUSTRALIA,48,1206446,USD,LS010,2026-01-08,3,Elena Rybakina,Paula Badosa,KAZ,ESP,3.0,15.0,6-3,6-2,,O,BRISBANE,"Brisbane International - Brisbane, AUS",,Elena Rybakina,Paula Badosa,,,,,,,,,,,,,,,,,,,,,,,,,,,,,,,,,,,,,,,,,,,,,,,,,,,,,,,,,,,,,,,,,,,,,,,,,,,,,0800,2026.0,Elena Rybakina,Paula Badosa,KAZ,ESP,3,15,2,2.0,"6-3,6-2",2026-01-08T02:33:43.007+00:00,2026-01-08,01:25:22,800,,,00:47:14,6,3,0,1.0,5.0,0.0,4.0,6.0,14.0,10.0,24.0,14.0,23.0,21.0,46.0,3.0,1.0,5.0,3.0,4.0,5.0,4.0,10.0,37.0,30.0,0.0,0.0,00:38:06,6,2,0,2.0,1.0,0.0,5.0,11.0,9.0,11.0,15.0,18.0,14.0,25.0,29.0,2.0,0.0,3.0,1.0,4.0,4.0,0.0,6.0,33.0,21.0,0.0,0.0,,,,,,,,,,,,,,,,,,,,,,,,,,,,
0800,2026,BRISBANE,WTA 500,2026-01-04,2026-01-11,Hard,BRISBANE,AUSTRALIA,48,1206446,USD,LS011,2026-01-08,3,Karolina Muchova,Ekaterina Alexandrova,CZE,RUS,11.0,7.0,6-4,7-5,,O,BRISBANE,"Brisbane International - Brisbane, AUS",,Karolina Muchova,Ekaterina Alexandrova,,,,,,,,,,,,,,,,,,,,,,,,,,,,,,,,,,,,,,,,,,,,,,,,,,,,,,,,,,,,,,,,,,,,,,,,,,,,,0800,2026.0,Karolina Muchova,Ekaterina Alexandrova,CZE,RUS,11,7,2,2.0,"6-4,7-5",2026-01-08T03:15:31.127+00:00,2026-01-08,01:49:33,800,,,00:46:02,6,4,0,4.0,1.0,0.0,1.0,15.0,10.0,25.0,18.0,19.0,12.0,36.0,28.0,3.0,2.0,3.0,5.0,5.0,5.0,10.0,8.0,35.0,29.0,0.0,0.0,01:03:27,7,5,0,5.0,1.0,1.0,0.0,15.0,19.0,22.0,31.0,24.0,24.0,40.0,40.0,2.0,1.0,5.0,2.0,6.0,6.0,7.0,12.0,40.0,40.0,0.0,0.0,,,,,,,,,,,,,,,,,,,,,,,,,,,,
0800,2026,BRISBANE,WTA 500,2026-01-04,2026-01-11,Hard,BRISBANE,AUSTRALIA,48,1206446,USD,LS012,2026-01-08,3,Liudmila Samsonova,Aliaksandra Sasnovich,RUS,BLR,10.0,10.0,6-4,6-4,,O,BRISBANE,"Brisbane International - Brisbane, AUS",,Liudmila Samsonova,Aliaksandra Sasnovich,,,,,,,,,,,,,,,,,,,,,,,,,,,,,,,,,,,,,,,,,,,,,,,,,,,,,,,,,,,,,,,,,,,,,,,,,,,,,0800,2026.0,Aliaksandra Sasnovich,Liudmila Samsonova,BLR,RUS,,10,3,2.0,"6-4,6-4",2026-01-08T05:22:05.033+00:00,2026-01-08,01:47:51,800,,,00:52:24,4,6,0,0.0,0.0,1.0,2.0,13.0,14.0,25.0,20.0,22.0,18.0,41.0,28.0,1.0,2.0,3.0,4.0,5.0,5.0,12.0,6.0,32.0,37.0,0.0,0.0,00:55:24,4,6,0,0.0,1.0,2.0,1.0,14.0,11.0,22.0,17.0,18.0,16.0,37.0,27.0,2.0,3.0,5.0,7.0,5.0,5.0,8.0,6.0,29.0,35.0,0.0,0.0,,,,,,,,,,,,,,,,,,,,,,,,,,,,
0800,2026,BRISBANE,WTA 500,2026-01-04,2026-01-11,Hard,BRISBANE,AUSTRALIA,48,1206446,USD,LS013,2026-01-08,3,Jessica Pegula,Dayana Yastremska,USA,UKR,4.0,4.0,5-7,6-2,6-3,O,BRISBANE,"Brisbane International - Brisbane, AUS",,Jessica Pegula,Dayana Yastremska,,,,,,,,,,,,,,,,,,,,,,,,,,,,,,,,,,,,,,,,,,,,,,,,,,,,,,,,,,,,,,,,,,,,,,,,,,,,,0800,2026.0,Dayana Yastremska,Jessica Pegula,UKR,USA,,4,3,3.0,"5-7,6-2,6-3",2026-01-08T08:32:46.067+00:00,2026-01-08,02:16:39,800,,,00:56:46,7,5,0,1.0,2.0,5.0,2.0,22.0,14.0,31.0,22.0,29.0,22.0,48.0,39.0,2.0,1.0,6.0,3.0,6.0,6.0,9.0,8.0,46.0,41.0,0.0,0.0,00:35:22,2,6,0,1.0,3.0,3.0,1.0,8.0,9.0,15.0,12.0,14.0,17.0,28.0,21.0,0.0,2.0,2.0,4.0,4.0,4.0,7.0,3.0,18.0,31.0,0.0,0.0,00:44:28,3,6,0,3.0,0.0,2.0,1.0,8.0,9.0,17.0,14.0,16.0,13.0,35.0,23.0,1.0,3.0,1.0,5.0,5.0,4.0,9.0,5.0,26.0,32.0,0.0,0.0
0800,2026,BRISBANE,WTA 500,2026-01-04,2026-01-11,Hard,BRISBANE,AUSTRALIA,48,1206446,USD,LS014,2026-01-08,3,Mirra Andreeva,Linda Noskova,RUS,CZE,6.0,9.0,5-7,6-4,7-5,O,BRISBANE,"Brisbane International - Brisbane, AUS",,Mirra Andreeva,Linda Noskova,,,,,,,,,,,,,,,,,,,,,,,,,,,,,,,,,,,,,,,,,,,,,,,,,,,,,,,,,,,,,,,,,,,,,,,,,,,,,0800,2026.0,Mirra Andreeva,Linda Noskova,RUS,CZE,6,9,2,3.0,"5-7,6-4,7-5",2026-01-08T11:07:55.85+00:00,2026-01-08,02:23:38,800,,,00:43:12,5,7,0,2.0,2.0,0.0,2.0,13.0,16.0,18.0,21.0,22.0,27.0,30.0,36.0,0.0,1.0,2.0,1.0,6.0,6.0,5.0,5.0,31.0,35.0,0.0,0.0,00:44:40,6,4,0,1.0,2.0,1.0,4.0,16.0,12.0,23.0,17.0,24.0,16.0,39.0,29.0,2.0,1.0,3.0,5.0,5.0,5.0,7.0,5.0,37.0,31.0,0.0,0.0,00:55:42,7,5,0,6.0,2.0,2.0,3.0,18.0,17.0,27.0,25.0,23.0,25.0,38.0,42.0,2.0,1.0,4.0,3.0,6.0,6.0,9.0,8.0,40.0,40.0,0.0,0.0
0800,2026,BRISBANE,WTA 500,2026-01-04,2026-01-11,Hard,BRISBANE,AUSTRALIA,48,1206446,USD,LS015,2026-01-08,3,Marta Kostyuk,Amanda Anisimova,UKR,USA,16.0,2.0,6-4,6-3,,O,BRISBANE,"Brisbane International - Brisbane, AUS",,Marta Kostyuk,Amanda Anisimova,,,,,,,,,,,,,,,,,,,,,,,,,,,,,,,,,,,,,,,,,,,,,,,,,,,,,,,,,,,,,,,,,,,,,,,,,,,,,0800,2026.0,Marta Kostyuk,Amanda Anisimova,UKR,USA,16,2,2,2.0,"6-4,6-3",2026-01-08T10:39:29.563+00:00,2026-01-08,01:31:46,800,,,00:45:43,6,4,0,5.0,1.0,4.0,1.0,18.0,12.0,21.0,15.0,23.0,17.0,33.0,27.0,1.0,0.0,1.0,4.0,5.0,5.0,3.0,3.0,33.0,27.0,0.0,0.0,00:46:01,6,3,0,1.0,1.0,0.0,4.0,13.0,16.0,20.0,28.0,16.0,19.0,27.0,41.0,3.0,1.0,8.0,2.0,4.0,5.0,7.0,12.0,38.0,30.0,0.0,0.0,,,,,,,,,,,,,,,,,,,,,,,,,,,,
0800,2026,BRISBANE,WTA 500,2026-01-04,2026-01-11,Hard,BRISBANE,AUSTRALIA,48,1206446,USD,LS016,2026-01-06,2,Aryna Sabalenka,Cristina Bucsa,BLR,ESP,1.0,,6-0,6-1,,O,BRISBANE,"Brisbane International - Brisbane, AUS",,Aryna Sabalenka,Cristina Bucsa,,,,,,,,,,,,,,,,,,,,,,,,,,,,,,,,,,,,,,,,,,,,,,,,,,,,,,,,,,,,,,,,,,,,,,,,,,,,,0800,2026.0,Aryna Sabalenka,Cristina Bucsa,BLR,ESP,1,,2,2.0,"6-0,6-1",2026-01-06T02:38:29.15+00:00,2026-01-06,00:48:36,800,,,00:22:47,6,0,0,0.0,0.0,0.0,0.0,8.0,7.0,10.0,17.0,12.0,8.0,14.0,24.0,3.0,0.0,4.0,0.0,3.0,3.0,2.0,10.0,28.0,10.0,0.0,0.0,00:25:46,6,1,0,4.0,0.0,0.0,1.0,14.0,4.0,18.0,8.0,17.0,7.0,22.0,16.0,2.0,0.0,2.0,0.0,4.0,3.0,4.0,4.0,26.0,12.0,0.0,0.0,,,,,,,,,,,,,,,,,,,,,,,,,,,,
0800,2026,BRISBANE,WTA 500,2026-01-04,2026-01-11,Hard,BRISBANE,AUSTRALIA,48,1206446,USD,LS017,2026-01-06,2,Sorana Cirstea,Jelena Ostapenko,ROU,LAT,,14.0,6-2,7-6(5),,O,BRISBANE,"Brisbane International - Brisbane, AUS",,Sorana Cirstea,Jelena Ostapenko,,,,,,,,,,,,,,,,,,,,,,,,,,,,,,,,,,,,,,,,,,,,,,,,,,,,,,,,,,,,,,,,,,,,,,,,,,,,,0800,2026.0,Sorana Cirstea,Jelena Ostapenko,ROU,LAT,,14,2,2.0,"6-2,7-6(5)",2026-01-06T05:52:13.213+00:00,2026-01-06,01:46:00,800,,,00:43:10,6,2,0,2.0,0.0,2.0,1.0,12.0,10.0,13.0,17.0,21.0,13.0,33.0,26.0,2.0,0.0,2.0,2.0,4.0,4.0,1.0,7.0,34.0,25.0,0.0,0.0,01:02:44,7,6,5,9.0,0.0,1.0,2.0,18.0,19.0,21.0,26.0,25.0,27.0,34.0,45.0,1.0,1.0,1.0,2.0,6.0,6.0,3.0,7.0,43.0,36.0,0.0,0.0,,,,,,,,,,,,,,,,,,,,,,,,,,,,
0800,2026,BRISBANE,WTA 500,2026-01-04,2026-01-11,Hard,BRISBANE,AUSTRALIA,48,1206446,USD,LS018,2026-01-06,2,Diana Shnaider,Anastasia Potapova,RUS,AUT,12.0,,6-1,6-3,,O,BRISBANE,"Brisbane International - Brisbane, AUS",,Diana Shnaider,Anastasia Potapova,,,,,,,,,,,,,,,,,,,,,,,,,,,,,,,,,,,,,,,,,,,,,,,,,,,,,,,,,,,,,,,,,,,,,,,,,,,,,0800,2026.0,Diana Shnaider,Anastasia Potapova,RUS,AUT,12,,2,2.0,"6-1,6-3",2026-01-06T02:32:52.843+00:00,2026-01-06,01:17:46,800,,,00:41:21,6,1,0,3.0,2.0,3.0,6.0,17.0,7.0,22.0,12.0,20.0,10.0,34.0,27.0,3.0,0.0,4.0,6.0,3.0,4.0,5.0,5.0,37.0,24.0,0.0,0.0,00:36:19,6,3,0,1.0,2.0,2.0,1.0,15.0,11.0,18.0,16.0,18.0,13.0,24.0,25.0,2.0,1.0,5.0,1.0,5.0,4.0,3.0,5.0,30.0,19.0,0.0,0.0,,,,,,,,,,,,,,,,,,,,,,,,,,,,
0800,2026,BRISBANE,WTA 500,2026-01-04,2026-01-11,Hard,BRISBANE,AUSTRALIA,48,1206446,USD,LS019,2026-01-06,2,Madison Keys,McCartney Kessler,USA,USA,5.0,5.0,6-4,6-3,,O,BRISBANE,"Brisbane International - Brisbane, AUS",,Madison Keys,McCartney Kessler,,,,,,,,,,,,,,,,,,,,,,,,,,,,,,,,,,,,,,,,,,,,,,,,,,,,,,,,,,,,,,,,,,,,,,,,,,,,,0800,2026.0,McCartney Kessler,Madison Keys,USA,USA,,5,3,2.0,"6-4,6-3",2026-01-06T00:48:52.763+00:00,2026-01-06,01:26:18,800,,,00:45:08,4,6,0,1.0,2.0,1.0,1.0,13.0,12.0,24.0,20.0,21.0,19.0,38.0,30.0,1.0,2.0,4.0,5.0,5.0,5.0,11.0,8.0,32.0,36.0,0.0,0.0,00:41:07,3,6,0,0.0,0.0,1.0,2.0,12.0,18.0,19.0,22.0,15.0,23.0,26.0,31.0,0.0,1.0,2.0,3.0,4.0,5.0,7.0,4.0,23.0,34.0,0.0,0.0,,,,,,,,,,,,,,,,,,,,,,,,,,,,
0800,2026,BRISBANE,WTA 500,2026-01-04,2026-01-11,Hard,BRISBANE,AUSTRALIA,48,1206446,USD,LS020,2026-01-06,2,Elena Rybakina,Shuai Zhang,KAZ,CHN,3.0,,6-3,7-5,,O,BRISBANE,"Brisbane International - Brisbane, AUS",,Elena Rybakina,Shuai Zhang,,,,,,,,,,,,,,,,,,,,,,,,,,,,,,,,,,,,,,,,,,,,,,,,,,,,,,,,,,,,,,,,,,,,,,,,,,,,,0800,2026.0,Elena Rybakina,Shuai Zhang,KAZ,CHN,3,,2,2.0,"6-3,7-5",2026-01-06T09:57:00.6+00:00,2026-01-06,01:13:02,800,,,00:29:57,6,3,0,3.0,1.0,2.0,0.0,11.0,11.0,13.0,17.0,19.0,14.0,27.0,25.0,2.0,1.0,6.0,3.0,5.0,4.0,2.0,6.0,30.0,22.0,0.0,0.0,00:43:03,7,5,0,13.0,2.0,4.0,0.0,18.0,15.0,23.0,25.0,23.0,21.0,35.0,38.0,2.0,1.0,3.0,4.0,6.0,6.0,5.0,10.0,40.0,33.0,0.0,0.0,,,,,,,,,,,,,,,,,,,,,,,,,,,,
0800,2026,BRISBANE,WTA 500,2026-01-04,2026-01-11,Hard,BRISBANE,AUSTRALIA,48,1206446,USD,LS021,2026-01-06,2,Paula Badosa,Marie Bouzkova,ESP,CZE,15.0,15.0,6-7(4),6-4,6-2,O,BRISBANE,"Brisbane International - Brisbane, AUS",,Paula Badosa,Marie Bouzkova,,,,,,,,,,,,,,,,,,,,,,,,,,,,,,,,,,,,,,,,,,,,,,,,,,,,,,,,,,,,,,,,,,,,,,,,,,,,,0800,2026.0,Marie Bouzkova,Paula Badosa,CZE,ESP,,15,3,3.0,"6-7(4),6-4,6-2",2026-01-06T11:13:46.75+00:00,2026-01-06,03:01:46,800,,,01:18:29,7,6,4,2.0,4.0,4.0,5.0,20.0,18.0,29.0,27.0,30.0,28.0,49.0,50.0,1.0,1.0,3.0,5.0,6.0,6.0,9.0,9.0,52.0,47.0,0.0,0.0,00:54:41,4,6,0,0.0,2.0,2.0,3.0,13.0,12.0,24.0,15.0,23.0,21.0,40.0,30.0,0.0,1.0,0.0,7.0,5.0,5.0,11.0,3.0,32.0,38.0,0.0,0.0,00:48:30,2,6,0,1.0,2.0,2.0,5.0,8.0,13.0,16.0,16.0,12.0,15.0,28.0,25.0,1.0,3.0,5.0,6.0,4.0,4.0,8.0,3.0,22.0,31.0,0.0,0.0
0800,2026,BRISBANE,WTA 500,2026-01-04,2026-01-11,Hard,BRISBANE,AUSTRALIA,48,1206446,USD,LS022,2026-01-06,2,Karolina Muchova,Ajla Tomljanovic,CZE,AUS,11.0,,4-6,6-1,7-6(5),O,BRISBANE,"Brisbane International - Brisbane, AUS",,Karolina Muchova,Ajla Tomljanovic,,,,,,,,,,,,,,,,,,,,,,,,,,,,,,,,,,,,,,,,,,,,,,,,,,,,,,,,,,,,,,,,,,,,,,,,,,,,,0800,2026.0,Karolina Muchova,Ajla Tomljanovic,CZE,AUS,11,,2,3.0,"4-6,6-1,7-6(5)",2026-01-06T08:20:23.523+00:00,2026-01-06,02:38:53,800,,,00:49:57,4,6,0,0.0,1.0,4.0,2.0,12.0,14.0,21.0,23.0,18.0,20.0,35.0,32.0,1.0,2.0,3.0,6.0,5.0,5.0,9.0,9.0,30.0,37.0,0.0,0.0,00:40:36,6,1,0,0.0,1.0,0.0,5.0,8.0,12.0,15.0,24.0,10.0,14.0,18.0,37.0,4.0,1.0,12.0,1.0,3.0,4.0,7.0,12.0,33.0,22.0,0.0,0.0,01:08:14,7,6,5,4.0,1.0,1.0,2.0,21.0,17.0,29.0,34.0,26.0,23.0,43.0,43.0,2.0,2.0,4.0,3.0,6.0,6.0,8.0,17.0,46.0,40.0,0.0,0.0
0800,2026,BRISBANE,WTA 500,2026-01-04,2026-01-11,Hard,BRISBANE,AUSTRALIA,48,1206446,USD,LS023,2026-01-06,2,Ekaterina Alexandrova,Sofia Kenin,RUS,USA,7.0,7.0,7-6(2),6-3,,O,BRISBANE,"Brisbane International - Brisbane, AUS",,Ekaterina Alexandrova,Sofia Kenin,,,,,,,,,,,,,,,,,,,,,,,,,,,,,,,,,,,,,,,,,,,,,,,,,,,,,,,,,,,,,,,,,,,,,,,,,,,,,0800,2026.0,Sofia Kenin,Ekaterina Alexandrova,USA,RUS,,7,3,2.0,"7-6(2),6-3",2026-01-06T04:03:15.85+00:00,2026-01-06,01:31:56,800,,,00:57:00,6,7,2,2.0,7.0,5.0,0.0,25.0,24.0,36.0,28.0,33.0,28.0,56.0,37.0,1.0,1.0,2.0,4.0,6.0,6.0,11.0,4.0,42.0,51.0,0.0,0.0,00:34:50,3,6,0,1.0,2.0,2.0,1.0,12.0,10.0,19.0,14.0,15.0,17.0,27.0,23.0,0.0,2.0,1.0,2.0,5.0,4.0,7.0,4.0,21.0,29.0,0.0,0.0,,,,,,,,,,,,,,,,,,,,,,,,,,,,
0800,2026,BRISBANE,WTA 500,2026-01-04,2026-01-11,Hard,BRISBANE,AUSTRALIA,48,1206446,USD,LS024,2026-01-07,2,Aliaksandra Sasnovich,Clara Tauson,BLR,DEN,8.0,8.0,6-2,6-3,,O,BRISBANE,"Brisbane International - Brisbane, AUS",,Aliaksandra Sasnovich,Clara Tauson,,,,,,,,,,,,,,,,,,,,,,,,,,,,,,,,,,,,,,,,,,,,,,,,,,,,,,,,,,,,,,,,,,,,,,,,,,,,,0800,2026.0,Clara Tauson,Aliaksandra Sasnovich,DEN,BLR,8,,3,2.0,"6-2,6-3",2026-01-07T02:14:28.177+00:00,2026-01-07,01:21:41,800,,,00:35:17,2,6,0,2.0,0.0,1.0,0.0,10.0,11.0,19.0,12.0,13.0,16.0,26.0,22.0,0.0,2.0,0.0,7.0,4.0,4.0,9.0,1.0,19.0,29.0,0.0,0.0,00:46:17,3,6,0,1.0,2.0,3.0,2.0,12.0,13.0,18.0,16.0,16.0,20.0,30.0,29.0,0.0,2.0,1.0,4.0,5.0,4.0,6.0,3.0,25.0,34.0,0.0,0.0,,,,,,,,,,,,,,,,,,,,,,,,,,,,
0800,2026,BRISBANE,WTA 500,2026-01-04,2026-01-11,Hard,BRISBANE,AUSTRALIA,48,1206446,USD,LS025,2026-01-07,2,Liudmila Samsonova,Emerson Jones,RUS,AUS,10.0,10.0,6-4,6-1,,O,BRISBANE,"Brisbane International - Brisbane, AUS",,Liudmila Samsonova,Emerson Jones,,,,,,,,,,,,,,,,,,,,,,,,,,,,,,,,,,,,,,,,,,,,,,,,,,,,,,,,,,,,,,,,,,,,,,,,,,,,,0800,2026.0,Emerson Jones,Liudmila Samsonova,AUS,RUS,,10,3,2.0,"6-4,6-1",2026-01-07T02:32:46.11+00:00,2026-01-07,01:13:10,800,,,00:41:21,4,6,0,1.0,3.0,1.0,0.0,11.0,14.0,17.0,20.0,14.0,19.0,26.0,30.0,1.0,2.0,2.0,2.0,5.0,5.0,6.0,6.0,25.0,31.0,0.0,0.0,00:31:42,1,6,0,1.0,0.0,3.0,0.0,5.0,5.0,11.0,10.0,7.0,9.0,24.0,17.0,1.0,4.0,1.0,6.0,4.0,3.0,6.0,5.0,15.0,26.0,0.0,0.0,,,,,,,,,,,,,,,,,,,,,,,,,,,,
0800,2026,BRISBANE,WTA 500,2026-01-04,2026-01-11,Hard,BRISBANE,AUSTRALIA,48,1206446,USD,LS026,2026-01-07,2,Dayana Yastremska,Leylah Fernandez,UKR,CAN,13.0,13.0,6-1,6-2,,O,BRISBANE,"Brisbane International - Brisbane, AUS",,Dayana Yastremska,Leylah Fernandez,,,,,,,,,,,,,,,,,,,,,,,,,,,,,,,,,,,,,,,,,,,,,,,,,,,,,,,,,,,,,,,,,,,,,,,,,,,,,0800,2026.0,Leylah Fernandez,Dayana Yastremska,CAN,UKR,13,,3,2.0,"6-1,6-2",2026-01-07T00:48:05.577+00:00,2026-01-07,01:02:07,800,,,00:27:19,1,6,0,0.0,1.0,3.0,0.0,5.0,10.0,11.0,14.0,8.0,17.0,17.0,23.0,0.0,2.0,3.0,2.0,3.0,4.0,6.0,4.0,14.0,26.0,0.0,0.0,00:34:42,2,6,0,0.0,0.0,4.0,0.0,7.0,12.0,14.0,13.0,11.0,16.0,25.0,19.0,0.0,2.0,0.0,8.0,4.0,4.0,7.0,1.0,14.0,30.0,0.0,0.0,,,,,,,,,,,,,,,,,,,,,,,,,,,,
0800,2026,BRISBANE,WTA 500,2026-01-04,2026-01-11,Hard,BRISBANE,AUSTRALIA,48,1206446,USD,LS027,2026-01-07,2,Jessica Pegula,Anna Kalinskaya,USA,RUS,4.0,4.0,6-2,2-6,6-4,O,BRISBANE,"Brisbane International - Brisbane, AUS",,Jessica Pegula,Anna Kalinskaya,,,,,,,,,,,,,,,,,,,,,,,,,,,,,,,,,,,,,,,,,,,,,,,,,,,,,,,,,,,,,,,,,,,,,,,,,,,,,0800,2026.0,Anna Kalinskaya,Jessica Pegula,RUS,USA,,4,3,3.0,"6-2,2-6,6-4",2026-01-07T00:50:18.993+00:00,2026-01-07,01:54:27,800,,,00:33:49,2,6,0,0.0,2.0,1.0,2.0,12.0,12.0,20.0,14.0,14.0,18.0,27.0,26.0,0.0,2.0,1.0,5.0,4.0,4.0,8.0,2.0,22.0,31.0,0.0,0.0,00:34:20,6,2,0,0.0,3.0,0.0,1.0,14.0,5.0,20.0,11.0,20.0,10.0,30.0,22.0,2.0,0.0,3.0,3.0,4.0,4.0,6.0,6.0,32.0,20.0,0.0,0.0,00:46:16,4,6,0,2.0,1.0,2.0,0.0,11.0,15.0,16.0,21.0,13.0,20.0,25.0,36.0,2.0,3.0,5.0,3.0,5.0,5.0,5.0,6.0,29.0,32.0,0.0,0.0
0800,2026,BRISBANE,WTA 500,2026-01-04,2026-01-11,Hard,BRISBANE,AUSTRALIA,48,1206446,USD,LS028,2026-01-07,2,Mirra Andreeva,Olivia Gadecki,RUS,AUS,6.0,,4-6,6-1,6-2,O,BRISBANE,"Brisbane International - Brisbane, AUS",,Mirra Andreeva,Olivia Gadecki,,,,,,,,,,,,,,,,,,,,,,,,,,,,,,,,,,,,,,,,,,,,,,,,,,,,,,,,,,,,,,,,,,,,,,,,,,,,,0800,2026.0,Mirra Andreeva,Olivia Gadecki,RUS,AUS,6,,2,3.0,"4-6,6-1,6-2",2026-01-07T06:44:31.33+00:00,2026-01-07,01:51:51,800,,,00:42:59,4,6,0,3.0,1.0,3.0,1.0,12.0,12.0,18.0,20.0,17.0,19.0,30.0,30.0,1.0,2.0,3.0,6.0,5.0,5.0,6.0,8.0,28.0,32.0,0.0,0.0,00:34:29,6,1,0,1.0,0.0,2.0,0.0,14.0,5.0,16.0,12.0,17.0,8.0,25.0,17.0,2.0,0.0,4.0,2.0,4.0,3.0,2.0,7.0,26.0,16.0,0.0,0.0,00:34:17,6,2,0,0.0,1.0,2.0,2.0,12.0,11.0,14.0,21.0,16.0,13.0,21.0,28.0,2.0,0.0,3.0,0.0,4.0,4.0,2.0,10.0,31.0,18.0,0.0,0.0
0800,2026,BRISBANE,WTA 500,2026-01-04,2026-01-11,Hard,BRISBANE,AUSTRALIA,48,1206446,USD,LS029,2026-01-07,2,Linda Noskova,Magdalena Frech,CZE,POL,9.0,9.0,6-7(5),6-4,6-4,O,BRISBANE,"Brisbane International - Brisbane, AUS",,Linda Noskova,Magdalena Frech,,,,,,,,,,,,,,,,,,,,,,,,,,,,,,,,,,,,,,,,,,,,,,,,,,,,,,,,,,,,,,,,,,,,,,,,,,,,,0800,2026.0,Magdalena Frech,Linda Noskova,POL,CZE,,9,3,3.0,"6-7(5),6-4,6-4",2026-01-07T03:58:44.6+00:00,2026-01-07,02:31:06,800,,,00:55:59,7,6,5,3.0,5.0,0.0,2.0,18.0,16.0,25.0,21.0,27.0,26.0,40.0,40.0,1.0,1.0,3.0,3.0,6.0,6.0,7.0,5.0,41.0,39.0,0.0,0.0,00:50:23,4,6,0,7.0,4.0,2.0,5.0,15.0,14.0,21.0,19.0,16.0,24.0,29.0,40.0,1.0,2.0,5.0,4.0,5.0,5.0,6.0,5.0,32.0,37.0,0.0,0.0,00:44:37,4,6,0,2.0,2.0,2.0,3.0,16.0,15.0,20.0,19.0,18.0,24.0,28.0,36.0,0.0,1.0,2.0,3.0,5.0,5.0,4.0,4.0,30.0,34.0,0.0,0.0
0800,2026,BRISBANE,WTA 500,2026-01-04,2026-01-11,Hard,BRISBANE,AUSTRALIA,48,1206446,USD,LS030,2026-01-07,2,Marta Kostyuk,Yulia Putintseva,UKR,KAZ,16.0,,6-7(5),6-1,6-0,O,BRISBANE,"Brisbane International - Brisbane, AUS",,Marta Kostyuk,Yulia Putintseva,,,,,,,,,,,,,,,,,,,,,,,,,,,,,,,,,,,,,,,,,,,,,,,,,,,,,,,,,,,,,,,,,,,,,,,,,,,,,0800,2026.0,Marta Kostyuk,Yulia Putintseva,UKR,KAZ,16,,2,3.0,"6-7(5),6-1,6-0",2026-01-07T06:58:21.607+00:00,2026-01-07,01:49:46,800,,,00:50:05,6,7,5,3.0,0.0,0.0,1.0,19.0,23.0,29.0,30.0,26.0,26.0,41.0,36.0,1.0,1.0,1.0,1.0,6.0,6.0,10.0,7.0,36.0,41.0,0.0,0.0,00:30:37,6,1,0,0.0,0.0,1.0,0.0,8.0,9.0,10.0,16.0,13.0,10.0,19.0,25.0,3.0,0.0,5.0,1.0,3.0,4.0,2.0,7.0,28.0,16.0,0.0,0.0,00:28:57,6,0,0,1.0,0.0,0.0,0.0,9.0,2.0,10.0,8.0,12.0,2.0,16.0,14.0,3.0,0.0,3.0,0.0,3.0,3.0,1.0,6.0,24.0,6.0,0.0,0.0
0800,2026,BRISBANE,WTA 500,2026-01-04,2026-01-11,Hard,BRISBANE,AUSTRALIA,48,1206446,USD,LS031,2026-01-07,2,Amanda Anisimova,Kimberly Birrell,USA,AUS,2.0,2.0,6-1,6-3,,O,BRISBANE,"Brisbane International - Brisbane, AUS",,Amanda Anisimova,Kimberly Birrell,,,,,,,,,,,,,,,,,,,,,,,,,,,,,,,,,,,,,,,,,,,,,,,,,,,,,,,,,,,,,,,,,,,,,,,,,,,,,0800,2026.0,Kimberly Birrell,Amanda Anisimova,AUS,USA,,2,3,2.0,"6-1,6-3",2026-01-07T08:32:18.803+00:00,2026-01-07,01:03:34,800,,,00:28:21,1,6,0,0.0,2.0,0.0,0.0,6.0,11.0,15.0,14.0,9.0,17.0,22.0,23.0,0.0,2.0,1.0,3.0,3.0,4.0,9.0,3.0,15.0,30.0,0.0,0.0,00:35:11,3,6,0,0.0,2.0,5.0,1.0,12.0,8.0,18.0,11.0,13.0,13.0,28.0,19.0,1.0,3.0,1.0,3.0,5.0,4.0,6.0,3.0,19.0,28.0,0.0,0.0,,,,,,,,,,,,,,,,,,,,,,,,,,,,
0800,2026,BRISBANE,WTA 500,2026-01-04,2026-01-11,Hard,BRISBANE,AUSTRALIA,48,1206446,USD,LS033,2026-01-05,1,Cristina Bucsa,Anna Bondar,ESP,HUN,,,4-6,7-6(4),6-2,O,BRISBANE,"Brisbane International - Brisbane, AUS",,Cristina Bucsa,Anna Bondar,,,,,,,,,,,,,,,,,,,,,,,,,,,,,,,,,,,,,,,,,,,,,,,,,,,,,,,,,,,,,,,,,,,,,,,,,,,,,0800,2026.0,Anna Bondar,Cristina Bucsa,HUN,ESP,,,3,3.0,"4-6,7-6(4),6-2",2026-01-05T03:16:19.213+00:00,2026-01-05,02:17:12,800,,,00:38:31,6,4,0,3.0,0.0,2.0,0.0,13.0,11.0,16.0,22.0,21.0,14.0,32.0,28.0,2.0,1.0,3.0,1.0,5.0,5.0,3.0,11.0,35.0,25.0,0.0,0.0,01:04:25,6,7,4,3.0,2.0,3.0,1.0,15.0,17.0,28.0,27.0,28.0,21.0,55.0,39.0,2.0,2.0,2.0,8.0,6.0,6.0,13.0,10.0,46.0,48.0,0.0,0.0,00:34:12,2,6,0,4.0,1.0,0.0,0.0,7.0,14.0,11.0,19.0,12.0,18.0,22.0,26.0,0.0,2.0,0.0,3.0,4.0,4.0,4.0,5.0,20.0,28.0,0.0,0.0
0800,2026,BRISBANE,WTA 500,2026-01-04,2026-01-11,Hard,BRISBANE,AUSTRALIA,48,1206446,USD,LS034,2026-01-04,1,Sorana Cirstea,Anastasia Pavlyuchenkova,ROU,RUS,,,6-3,6-1,,O,BRISBANE,"Brisbane International - Brisbane, AUS",,Sorana Cirstea,Anastasia Pavlyuchenkova,,,,,,,,,,,,,,,,,,,,,,,,,,,,,,,,,,,,,,,,,,,,,,,,,,,,,,,,,,,,,,,,,,,,,,,,,,,,,0800,2026.0,Sorana Cirstea,Anastasia Pavlyuchenkova,ROU,RUS,,,2,2.0,"6-3,6-1",2026-01-04T02:30:46.29+00:00,2026-01-04,01:01:09,800,,,00:34:29,6,3,0,4.0,1.0,3.0,1.0,14.0,13.0,17.0,16.0,20.0,14.0,28.0,24.0,1.0,0.0,1.0,0.0,5.0,4.0,3.0,3.0,30.0,22.0,0.0,0.0,00:26:36,6,1,0,5.0,1.0,0.0,2.0,11.0,4.0,13.0,10.0,12.0,7.0,16.0,20.0,3.0,0.0,3.0,0.0,3.0,4.0,2.0,6.0,25.0,11.0,0.0,0.0,,,,,,,,,,,,,,,,,,,,,,,,,,,,
0800,2026,BRISBANE,WTA 500,2026-01-04,2026-01-11,Hard,BRISBANE,AUSTRALIA,48,1206446,USD,LS037,2026-01-04,1,Anastasia Potapova,Daria Kasatkina,AUT,AUS,,,7-5,4-6,6-4,O,BRISBANE,"Brisbane International - Brisbane, AUS",,Anastasia Potapova,Daria Kasatkina,,,,,,,,,,,,,,,,,,,,,,,,,,,,,,,,,,,,,,,,,,,,,,,,,,,,,,,,,,,,,,,,,,,,,,,,,,,,,0800,2026.0,Daria Kasatkina,Anastasia Potapova,AUS,AUT,,,3,3.0,"7-5,4-6,6-4",2026-01-04T01:52:34.723+00:00,2026-01-04,02:33:55,800,,,00:55:49,5,7,0,1.0,3.0,6.0,2.0,13.0,18.0,20.0,27.0,17.0,24.0,36.0,41.0,2.0,3.0,5.0,4.0,6.0,6.0,7.0,9.0,34.0,43.0,0.0,0.0,00:46:25,6,4,0,3.0,2.0,5.0,2.0,18.0,12.0,24.0,17.0,25.0,19.0,38.0,28.0,1.0,0.0,1.0,3.0,5.0,5.0,6.0,5.0,34.0,32.0,0.0,0.0,00:51:38,4,6,0,0.0,2.0,5.0,1.0,11.0,17.0,20.0,24.0,19.0,23.0,38.0,37.0,1.0,2.0,3.0,8.0,5.0,5.0,9.0,7.0,33.0,42.0,0.0,0.0
0800,2026,BRISBANE,WTA 500,2026-01-04,2026-01-11,Hard,BRISBANE,AUSTRALIA,48,1206446,USD,LS038,2026-01-04,1,McCartney Kessler,Emiliana Arango,USA,COL,,,6-1,6-3,,O,BRISBANE,"Brisbane International - Brisbane, AUS",,McCartney Kessler,Emiliana Arango,,,,,,,,,,,,,,,,,,,,,,,,,,,,,,,,,,,,,,,,,,,,,,,,,,,,,,,,,,,,,,,,,,,,,,,,,,,,,0800,2026.0,Emiliana Arango,McCartney Kessler,COL,USA,,,3,2.0,"6-1,6-3",2026-01-04T00:43:29.347+00:00,2026-01-04,01:22:49,800,,,00:28:19,1,6,0,0.0,1.0,1.0,1.0,7.0,8.0,15.0,10.0,12.0,16.0,26.0,19.0,0.0,2.0,0.0,5.0,3.0,4.0,8.0,2.0,15.0,30.0,0.0,0.0,00:54:27,3,6,0,0.0,0.0,2.0,1.0,15.0,16.0,29.0,29.0,19.0,20.0,44.0,40.0,2.0,4.0,4.0,10.0,5.0,4.0,14.0,13.0,39.0,45.0,0.0,0.0,,,,,,,,,,,,,,,,,,,,,,,,,,,,
0800,2026,BRISBANE,WTA 500,2026-01-04,2026-01-11,Hard,BRISBANE,AUSTRALIA,48,1206446,USD,LS041,2026-01-05,1,Shuai Zhang,Ashlyn Krueger,CHN,USA,,,6-4,5-7,6-4,O,BRISBANE,"Brisbane International - Brisbane, AUS",,Shuai Zhang,Ashlyn Krueger,,,,,,,,,,,,,,,,,,,,,,,,,,,,,,,,,,,,,,,,,,,,,,,,,,,,,,,,,,,,,,,,,,,,,,,,,,,,,0800,2026.0,Shuai Zhang,Ashlyn Krueger,CHN,USA,,,2,3.0,"6-4,5-7,6-4",2026-01-05T00:57:42.957+00:00,2026-01-05,02:04:46,800,,,00:35:53,6,4,0,0.0,5.0,2.0,1.0,19.0,17.0,23.0,23.0,21.0,20.0,30.0,31.0,1.0,0.0,1.0,0.0,5.0,5.0,4.0,6.0,32.0,29.0,0.0,0.0,00:46:17,5,7,0,1.0,2.0,0.0,0.0,16.0,16.0,25.0,19.0,21.0,22.0,34.0,33.0,1.0,2.0,2.0,4.0,6.0,6.0,9.0,3.0,32.0,35.0,0.0,0.0,00:42:32,6,4,0,2.0,8.0,0.0,2.0,16.0,19.0,22.0,30.0,21.0,24.0,28.0,41.0,1.0,0.0,5.0,3.0,5.0,5.0,6.0,11.0,38.0,31.0,0.0,0.0
0800,2026,BRISBANE,WTA 500,2026-01-04,2026-01-11,Hard,BRISBANE,AUSTRALIA,48,1206446,USD,LS042,2026-01-04,1,Marie Bouzkova,Jaqueline Cristian,CZE,ROU,,,6-4,6-3,,O,BRISBANE,"Brisbane International - Brisbane, AUS",,Marie Bouzkova,Jaqueline Cristian,,,,,,,,,,,,,,,,,,,,,,,,,,,,,,,,,,,,,,,,,,,,,,,,,,,,,,,,,,,,,,,,,,,,,,,,,,,,,0800,2026.0,Jaqueline Cristian,Marie Bouzkova,ROU,CZE,,,3,2.0,"6-4,6-3",2026-01-04T06:24:35.137+00:00,2026-01-04,01:30:01,800,,,00:46:23,4,6,0,0.0,5.0,2.0,1.0,11.0,18.0,18.0,26.0,16.0,21.0,28.0,33.0,1.0,2.0,2.0,6.0,5.0,5.0,7.0,8.0,28.0,33.0,0.0,0.0,00:43:34,3,6,0,2.0,3.0,2.0,1.0,12.0,10.0,21.0,11.0,14.0,14.0,31.0,20.0,1.0,3.0,1.0,5.0,5.0,4.0,9.0,1.0,20.0,31.0,0.0,0.0,,,,,,,,,,,,,,,,,,,,,,,,,,,,
0800,2026,BRISBANE,WTA 500,2026-01-04,2026-01-11,Hard,BRISBANE,AUSTRALIA,48,1206446,USD,LS045,2026-01-04,1,Ajla Tomljanovic,Elsa Jacquemot,AUS,FRA,,,6-1,6-3,,O,BRISBANE,"Brisbane International - Brisbane, AUS",,Ajla Tomljanovic,Elsa Jacquemot,,,,,,,,,,,,,,,,,,,,,,,,,,,,,,,,,,,,,,,,,,,,,,,,,,,,,,,,,,,,,,,,,,,,,,,,,,,,,0800,2026.0,Elsa Jacquemot,Ajla Tomljanovic,FRA,AUS,,,3,2.0,"6-1,6-3",2026-01-04T00:47:00.273+00:00,2026-01-04,01:15:28,800,,,00:32:20,1,6,0,0.0,1.0,2.0,2.0,4.0,13.0,8.0,18.0,5.0,18.0,14.0,26.0,0.0,2.0,1.0,2.0,3.0,4.0,4.0,5.0,13.0,27.0,0.0,0.0,00:43:04,3,6,0,5.0,2.0,4.0,2.0,11.0,10.0,19.0,12.0,17.0,13.0,36.0,19.0,1.0,3.0,1.0,5.0,5.0,4.0,8.0,2.0,23.0,32.0,0.0,0.0,,,,,,,,,,,,,,,,,,,,,,,,,,,,
0800,2026,BRISBANE,WTA 500,2026-01-04,2026-01-11,Hard,BRISBANE,AUSTRALIA,48,1206446,USD,LS046,2026-01-04,1,Sofia Kenin,Elena-Gabriela Ruse,USA,ROU,,,6-4,4-6,6-3,O,BRISBANE,"Brisbane International - Brisbane, AUS",,Sofia Kenin,Elena-Gabriela Ruse,,,,,,,,,,,,,,,,,,,,,,,,,,,,,,,,,,,,,,,,,,,,,,,,,,,,,,,,,,,,,,,,,,,,,,,,,,,,,0800,2026.0,Sofia Kenin,Elena-Gabriela Ruse,USA,ROU,,,2,3.0,"6-4,4-6,6-3",2026-01-04T03:51:18.73+00:00,2026-01-04,02:17:29,800,,,00:48:14,6,4,0,1.0,4.0,3.0,2.0,14.0,16.0,24.0,22.0,21.0,19.0,36.0,35.0,2.0,1.0,5.0,3.0,5.0,5.0,10.0,6.0,37.0,34.0,0.0,0.0,00:43:45,4,6,0,0.0,4.0,3.0,2.0,12.0,11.0,21.0,16.0,17.0,19.0,34.0,28.0,1.0,2.0,1.0,3.0,5.0,5.0,9.0,5.0,26.0,36.0,0.0,0.0,00:45:26,6,3,0,1.0,3.0,2.0,2.0,11.0,11.0,17.0,17.0,16.0,15.0,26.0,29.0,3.0,1.0,4.0,2.0,4.0,5.0,6.0,6.0,30.0,25.0,0.0,0.0
0800,2026,BRISBANE,WTA 500,2026-01-04,2026-01-11,Hard,BRISBANE,AUSTRALIA,48,1206446,USD,LS049,2026-01-05,1,Aliaksandra Sasnovich,Anna Blinkova,BLR,RUS,,,7-5,6-1,,O,BRISBANE,"Brisbane International - Brisbane, AUS",,Aliaksandra Sasnovich,Anna Blinkova,,,,,,,,,,,,,,,,,,,,,,,,,,,,,,,,,,,,,,,,,,,,,,,,,,,,,,,,,,,,,,,,,,,,,,,,,,,,,0800,2026.0,Aliaksandra Sasnovich,Anna Blinkova,BLR,RUS,,,2,2.0,"7-5,6-1",2026-01-05T05:49:42.627+00:00,2026-01-05,01:26:47,800,,,00:54:14,7,5,0,0.0,0.0,2.0,5.0,14.0,11.0,21.0,22.0,20.0,17.0,32.0,38.0,3.0,2.0,3.0,4.0,6.0,6.0,7.0,11.0,41.0,29.0,0.0,0.0,00:32:29,6,1,0,0.0,0.0,1.0,1.0,9.0,9.0,13.0,23.0,9.0,13.0,15.0,34.0,4.0,1.0,10.0,1.0,3.0,4.0,4.0,14.0,30.0,19.0,0.0,0.0,,,,,,,,,,,,,,,,,,,,,,,,,,,,
0800,2026,BRISBANE,WTA 500,2026-01-04,2026-01-11,Hard,BRISBANE,AUSTRALIA,48,1206446,USD,LS050,2026-01-05,1,Emerson Jones,Tatjana Maria,AUS,GER,,,6-3,6-3,,O,BRISBANE,"Brisbane International - Brisbane, AUS",,Emerson Jones,Tatjana Maria,,,,,,,,,,,,,,,,,,,,,,,,,,,,,,,,,,,,,,,,,,,,,,,,,,,,,,,,,,,,,,,,,,,,,,,,,,,,,0800,2026.0,Tatjana Maria,Emerson Jones,GER,AUS,,,3,2.0,"6-3,6-3",2026-01-05T10:23:32.557+00:00,2026-01-05,01:15:14,800,,,00:34:40,3,6,0,0.0,2.0,1.0,1.0,5.0,9.0,11.0,16.0,8.0,12.0,25.0,25.0,2.0,4.0,2.0,5.0,5.0,4.0,6.0,7.0,21.0,29.0,0.0,0.0,00:40:31,3,6,0,1.0,1.0,2.0,1.0,10.0,14.0,17.0,21.0,13.0,21.0,27.0,35.0,1.0,2.0,3.0,2.0,4.0,5.0,7.0,7.0,27.0,35.0,0.0,0.0,,,,,,,,,,,,,,,,,,,,,,,,,,,,
0800,2026,BRISBANE,WTA 500,2026-01-04,2026-01-11,Hard,BRISBANE,AUSTRALIA,48,1206446,USD,LS053,2026-01-05,1,Dayana Yastremska,Talia Gibson,UKR,AUS,,,7-6(3),7-6(4),,O,BRISBANE,"Brisbane International - Brisbane, AUS",,Dayana Yastremska,Talia Gibson,,,,,,,,,,,,,,,,,,,,,,,,,,,,,,,,,,,,,,,,,,,,,,,,,,,,,,,,,,,,,,,,,,,,,,,,,,,,,0800,2026.0,Dayana Yastremska,Talia Gibson,UKR,AUS,,,2,2.0,"7-6(3),7-6(4)",2026-01-05T08:09:48.433+00:00,2026-01-05,01:56:04,800,,,00:55:50,7,6,3,1.0,5.0,3.0,3.0,16.0,15.0,26.0,23.0,24.0,19.0,43.0,39.0,3.0,3.0,4.0,6.0,6.0,6.0,10.0,8.0,44.0,38.0,0.0,0.0,01:00:08,7,6,4,2.0,3.0,1.0,2.0,17.0,13.0,28.0,22.0,25.0,23.0,43.0,41.0,2.0,2.0,3.0,3.0,6.0,6.0,11.0,9.0,43.0,41.0,0.0,0.0,,,,,,,,,,,,,,,,,,,,,,,,,,,,
0800,2026,BRISBANE,WTA 500,2026-01-04,2026-01-11,Hard,BRISBANE,AUSTRALIA,48,1206446,USD,LS054,2026-01-05,1,Anna Kalinskaya,Tereza Valentova,RUS,CZE,,,6-4,6-4,,O,BRISBANE,"Brisbane International - Brisbane, AUS",,Anna Kalinskaya,Tereza Valentova,,,,,,,,,,,,,,,,,,,,,,,,,,,,,,,,,,,,,,,,,,,,,,,,,,,,,,,,,,,,,,,,,,,,,,,,,,,,,0800,2026.0,Tereza Valentova,Anna Kalinskaya,CZE,RUS,,,3,2.0,"6-4,6-4",2026-01-05T07:31:55.073+00:00,2026-01-05,01:38:20,800,,,00:50:08,4,6,0,2.0,1.0,2.0,2.0,8.0,20.0,12.0,32.0,13.0,26.0,28.0,45.0,2.0,3.0,6.0,3.0,5.0,5.0,4.0,12.0,32.0,41.0,0.0,0.0,00:48:08,4,6,0,2.0,1.0,0.0,0.0,12.0,18.0,18.0,26.0,14.0,21.0,25.0,36.0,1.0,2.0,2.0,3.0,5.0,5.0,6.0,8.0,29.0,32.0,0.0,0.0,,,,,,,,,,,,,,,,,,,,,,,,,,,,
0800,2026,BRISBANE,WTA 500,2026-01-04,2026-01-11,Hard,BRISBANE,AUSTRALIA,48,1206446,USD,LS057,2026-01-05,1,Olivia Gadecki,Ann Li,AUS,USA,,,6-4,6-4,,O,BRISBANE,"Brisbane International - Brisbane, AUS",,Olivia Gadecki,Ann Li,,,,,,,,,,,,,,,,,,,,,,,,,,,,,,,,,,,,,,,,,,,,,,,,,,,,,,,,,,,,,,,,,,,,,,,,,,,,,0800,2026.0,Olivia Gadecki,Ann Li,AUS,USA,,,2,2.0,"6-4,6-4",2026-01-05T02:44:00.823+00:00,2026-01-05,01:39:14,800,,,00:44:38,6,4,0,1.0,1.0,1.0,0.0,13.0,11.0,20.0,17.0,18.0,19.0,29.0,35.0,2.0,1.0,3.0,3.0,5.0,5.0,7.0,6.0,34.0,30.0,0.0,0.0,00:54:30,6,4,0,1.0,1.0,1.0,0.0,20.0,10.0,32.0,17.0,26.0,15.0,46.0,29.0,2.0,1.0,5.0,7.0,5.0,5.0,12.0,7.0,40.0,35.0,0.0,0.0,,,,,,,,,,,,,,,,,,,,,,,,,,,,
0800,2026,BRISBANE,WTA 500,2026-01-04,2026-01-11,Hard,BRISBANE,AUSTRALIA,48,1206446,USD,LS058,2026-01-05,1,Magdalena Frech,Marketa Vondrousova,POL,CZE,,,7-5,6-7(3),7-6(0),O,BRISBANE,"Brisbane International - Brisbane, AUS",,Magdalena Frech,Marketa Vondrousova,,,,,,,,,,,,,,,,,,,,,,,,,,,,,,,,,,,,,,,,,,,,,,,,,,,,,,,,,,,,,,,,,,,,,,,,,,,,,0800,2026.0,Marketa Vondrousova,Magdalena Frech,CZE,POL,,,3,3.0,"7-5,6-7(3),7-6(0)",2026-01-05T09:24:33.893+00:00,2026-01-05,03:23:02,800,,,01:03:13,5,7,0,3.0,0.0,4.0,1.0,19.0,16.0,24.0,24.0,24.0,28.0,41.0,47.0,1.0,2.0,7.0,6.0,6.0,6.0,5.0,8.0,43.0,45.0,0.0,0.0,01:10:02,7,6,3,3.0,1.0,2.0,3.0,29.0,23.0,35.0,31.0,34.0,33.0,50.0,52.0,0.0,0.0,4.0,5.0,6.0,6.0,6.0,8.0,53.0,49.0,0.0,0.0,01:09:43,6,7,0,5.0,0.0,4.0,0.0,20.0,22.0,29.0,35.0,28.0,32.0,48.0,50.0,1.0,1.0,8.0,5.0,6.0,6.0,9.0,13.0,46.0,52.0,0.0,0.0
0800,2026,BRISBANE,WTA 500,2026-01-04,2026-01-11,Hard,BRISBANE,AUSTRALIA,48,1206446,USD,LS061,2026-01-05,1,Yulia Putintseva,Hailey Baptiste,KAZ,USA,,,6-2,6-4,,O,BRISBANE,"Brisbane International - Brisbane, AUS",,Yulia Putintseva,Hailey Baptiste,,,,,,,,,,,,,,,,,,,,,,,,,,,,,,,,,,,,,,,,,,,,,,,,,,,,,,,,,,,,,,,,,,,,,,,,,,,,,0800,2026.0,Yulia Putintseva,Hailey Baptiste,KAZ,USA,,,2,2.0,"6-2,6-4",2026-01-05T04:37:10.3+00:00,2026-01-05,01:22:33,800,,,00:31:37,6,2,0,0.0,2.0,0.0,0.0,13.0,8.0,18.0,13.0,17.0,13.0,22.0,22.0,2.0,0.0,3.0,0.0,4.0,4.0,5.0,5.0,26.0,18.0,0.0,0.0,00:50:51,6,4,0,3.0,1.0,0.0,2.0,16.0,12.0,30.0,23.0,22.0,17.0,38.0,32.0,2.0,1.0,5.0,4.0,5.0,5.0,14.0,11.0,37.0,33.0,0.0,0.0,,,,,,,,,,,,,,,,,,,,,,,,,,,,
0800,2026,BRISBANE,WTA 500,2026-01-04,2026-01-11,Hard,BRISBANE,AUSTRALIA,48,1206446,USD,LS062,2026-01-05,1,Kimberly Birrell,Rebecca Sramkova,AUS,SVK,,,6-4,3-6,6-3,O,BRISBANE,"Brisbane International - Brisbane, AUS",,Kimberly Birrell,Rebecca Sramkova,,,,,,,,,,,,,,,,,,,,,,,,,,,,,,,,,,,,,,,,,,,,,,,,,,,,,,,,,,,,,,,,,,,,,,,,,,,,,0800,2026.0,Kimberly Birrell,Rebecca Sramkova,AUS,SVK,,,2,3.0,"6-4,3-6,6-3",2026-01-05T00:48:10.663+00:00,2026-01-05,02:16:14,800,,,00:48:46,6,4,0,4.0,0.0,2.0,2.0,17.0,10.0,26.0,14.0,23.0,17.0,38.0,31.0,2.0,1.0,4.0,3.0,5.0,5.0,9.0,4.0,37.0,32.0,0.0,0.0,00:37:54,3,6,0,0.0,4.0,3.0,1.0,10.0,16.0,17.0,19.0,12.0,18.0,25.0,27.0,1.0,2.0,1.0,4.0,4.0,5.0,7.0,3.0,21.0,31.0,0.0,0.0,00:49:30,6,3,0,1.0,1.0,1.0,2.0,15.0,11.0,19.0,19.0,21.0,18.0,27.0,31.0,1.0,0.0,3.0,1.0,5.0,4.0,4.0,8.0,34.0,24.0,0.0,0.0
