id,player_name,circuit
322996,Aastha Dargude,WTA
318814,Abbi Melrose,WTA
317914,Abbie Myers,WTA
313112,Abbie Probert,WTA
322258,Abigail Amos,WTA
328318,Abigail Rencheli,WTA
190771,Abigail Spears,WTA
319741,Abigail Tere-Apisah,WTA
200218,Abigail Tordoff,WTA
332487,Ada Piestrzynska,WTA
314241,Adeline Chiang,WTA
314400,Adeline Goncalves,WTA
320941,Adeliya Zabirova,WTA
327378,Adithya Karunaratne,WTA
50112,Adria Engel,WTA
20334,Adriana Barna,WTA
20488,Adriana Basaric,WTA
20551,Adriana Burz,WTA
310488,Adriana Gonzalez Penas,WTA
100132,Adriana Jerabek,WTA
316802,Adriana Pérez,WTA
322847,Adriana Rajkovic,WTA
328646,Adriana Reami,WTA
70267,Adriana Rikl Gersi,WTA
180256,Adriana Rodriguez,WTA
190276,Adriana Serra Zanetti,WTA
310822,Adriana Solarova,WTA
322000,Adriana Sosnovschi,WTA
190951,Adriana Szili,WTA
80313,Adrienn Hegedus,WTA
325957,Adrienn Nagy,WTA
320636,Adrijana Lekaj,WTA
333455,Aely Arai,WTA
317096,Agata Baranska,WTA
323031,Agata Bienkowska,WTA
30461,Agata Cioroch,WTA
110395,Agata Kurowska,WTA
318677,Agathe Timsit,WTA
331116,Aglaya Fedorova,WTA
319525,Agne Cepelyte,WTA
316605,Agnes Bukta,WTA
312668,Agnes Szatmari,WTA
311872,Agnes Szavay,WTA
260159,Agnese Zucchini,WTA
311368,Agni Stefanou,WTA
312251,Agnieszka Radwanska,WTA
332731,Agostina Andreazzini,WTA
322601,Agustina Chlpac,WTA
312866,Agustina Lepore,WTA
318481,Agustina Serio,WTA
316141,Agustina Sol Eskenazi,WTA
321126,Ahlam Shawkat,WTA
310210,Ahsha Rolle,WTA
316129,Ai Koga,WTA
190353,Ai Sugiyama,WTA
317962,Ai Wen Zhu,WTA
326716,Ai Yamaguchi,WTA
313609,Ai Yamamoto,WTA
140219,Aiko Nakamura,WTA
318005,Aiko Yoshitomi,WTA
320062,Ailen Crespo Azconzabal,WTA
315379,Aimee Gibson,WTA
180444,Aina Rafolumanansiatosika,WTA
316474,Ainhoa Atucha Gomez,WTA
70370,Ainhoa Goni,WTA
314404,Airi Hagimoto,WTA
310578,Ajda Brumen,WTA
315232,Ajla Tomljanovic,WTA
328099,Akanksha Nitture,WTA
312509,Akari Inoue,WTA
331856,Akasha Urhobo,WTA
10362,Akgul Amanmuradova,WTA
314233,Aki Yamasoto,WTA
320337,Akiho Kakuya,WTA
70397,Akiko Gunji,WTA
311930,Akiko Kato,WTA
110430,Akiko Kinebuchi,WTA
130541,Akiko Morigami,WTA
316478,Akiko Omae,WTA
310162,Akiko Yonemura,WTA
326302,Akilah James,WTA
313212,Akshitha Basavaraju,WTA
319122,Akvile Parazinskaite,WTA
320915,Alana Parnaby,WTA
322631,Alana Smith,WTA
311533,Alana Van Dervort,WTA
332838,Alanis Hamilton,WTA
20427,Alanna Broderick,WTA
321391,Alba Carrillo Marin,WTA
329275,Alba Rey Garcia,WTA
20458,Alberta Brianti,WTA
70505,Albertina Gandara,WTA
314720,Albina Khabibulina,WTA
318390,Aldila Sutjiadi,WTA
319581,Alejandra Cisneros,WTA
314207,Alejandra Granillo,WTA
180405,Alejandra Rivero,WTA
316910,Alejandra Sala-Juste,WTA
311248,Aleke Tsoubanos,WTA
316298,Aleksandra Filipovski,WTA
314107,Aleksandra Grela,WTA
319693,Aleksandra Karamanoleva,WTA
110546,Aleksandra Kostikova,WTA
316344,Aleksandra Krunic,WTA
326294,Aleksandra Kulik,WTA
311709,Aleksandra Kulikova,WTA
311059,Aleksandra Lukic,WTA
312241,Aleksandra Malyarchikova,WTA
325015,Aleksandra Pitak,WTA
323791,Aleksandra Pospelova,WTA
316342,Aleksandra Shul,WTA
190748,Aleksandra Srndovic,WTA
321710,Aleksandra Vostrikova,WTA
220217,Aleksandra Vucenovic,WTA
310494,Aleksandra Wozniak,WTA
329579,Aleksandra Zuchanska,WTA
314672,Aleksandrina Naydenova,WTA
312816,Alena Bayarchyk,WTA
314183,Alena Fomina-Klotz,WTA
160334,Alena Paulenkova,WTA
318422,Alena Tarasova,WTA
220135,Alena Vaskova,WTA
100112,Alena Yaryshka,WTA
314329,Alenka Hubacek,WTA
329991,Alessandra Caceres,WTA
312674,Alessandra Di Batte,WTA
312096,Alessandra Ferrazzi,WTA
327048,Alessandra Mazzola,WTA
329309,Alessandra Simone,WTA
314223,Alessia Bertoia,WTA
317219,Alessia Camplone,WTA
332575,Alevtina Ibragimova,WTA
130709,Alex Mcgoodwin,WTA
312214,Alexa Glatch,WTA
321145,Alexa Graham,WTA
313841,Alexa Guarachi,WTA
327245,Alexa Noel,WTA
320442,Alexa Pirok,WTA
328223,Alexa Pitt,WTA
326035,Alexa Ryngler,WTA
314120,Alexandra Anghelescu,WTA
326032,Alexandra Anttila,WTA
316000,Alexandra Artamonova,WTA
322704,Alexandra Bozovic,WTA
313215,Alexandra Cadantu-Ignatik,WTA
314950,Alexandra Cercone,WTA
313553,Alexandra Damaschin,WTA
312138,Alexandra Del Rey Guardiola,WTA
324550,Alexandra Dubrovina,WTA
312712,Alexandra Dulgheru,WTA
330332,Alexandra Eala,WTA
60127,Alexandra Fusai,WTA
317989,Alexandra Grinchishina,WTA
80434,Alexandra Hirsch,WTA
311729,Alexandra Iacob,WTA
328722,Alexandra Iordache,WTA
311360,Alexandra Karavaeva,WTA
312540,Alexandra Kiesl,WTA
315628,Alexandra Kolesnichenko,WTA
310415,Alexandra Korotkevich,WTA
310250,Alexandra Mayrat,WTA
327557,Alexandra Mikhailuk,WTA
314906,Alexandra Moreno-Kaste,WTA
321178,Alexandra Morozova,WTA
310808,Alexandra Mueller,WTA
317047,Alexandra Nancarrow,WTA
313486,Alexandra Odell-Michels,WTA
150189,Alexandra Orasanu,WTA
320585,Alexandra Osborne,WTA
311956,Alexandra Panova,WTA
318641,Alexandra Perper,WTA
160513,Alexandra Podkolzina,WTA
313352,Alexandra Poorta,WTA
160461,Alexandra Popa,WTA
314543,Alexandra Razumova,WTA
310489,Alexandra Recio,WTA
315051,Alexandra Riley,WTA
315719,Alexandra Romanova,WTA
322467,Alexandra Sanford,WTA
332168,Alexandra Shubladze,WTA
317628,Alexandra Starkova,WTA
190125,Alexandra Stevenson,WTA
325321,Alexandra Vagramov,WTA
321863,Alexandra Valenstein,WTA
325700,Alexandra Vecic,WTA
324619,Alexandra Viktorovitch,WTA
315941,Alexandra Walker,WTA
315943,Alexandra Walters,WTA
327832,Alexandra Yepifanova,WTA
260137,Alexandra Zerkalova,WTA
260138,Alexandra Zotta,WTA
120429,Alexandria Liles,WTA
322734,Alexandria Stiteler,WTA
332239,Alexia Iulia Marginean,WTA
332918,Alexia Jacobs,WTA
310244,Alexia Virgili,WTA
329369,Alexis Blokhina,WTA
310665,Alexis King,WTA
311301,Alexis Prousis,WTA
324233,Ali Collins,WTA
317790,Aliaksandra Sasnovich,WTA
324250,Alica Rusova,WTA
326265,Alice Amendola,WTA
317742,Alice Bacquie,WTA
311065,Alice Balducci,WTA
20624,Alice Barnes,WTA
329441,Alice Battesti,WTA
313018,Alice Bellicha,WTA
30338,Alice Canepa,WTA
325728,Alice Gillan,WTA
311089,Alice Izomor,WTA
310572,Alice Mackenzie,WTA
319373,Alice Matteucci,WTA
313830,Alice Moroni,WTA
322478,Alice Rame,WTA
324056,Alice Robbe,WTA
314539,Alice Savoretti,WTA
313342,Alice Tisset,WTA
325406,Alice Tubello,WTA
314051,Alice-Andrada Radu,WTA
318925,Alicia Barnett,WTA
321880,Alicia Herrero Linana,WTA
130548,Alicia Molik,WTA
150072,Alicia Ortuno,WTA
160360,Alicia Pillay,WTA
321903,Alicia Smith,WTA
310779,Alicja Rosolska,WTA
200256,Alienor Tricerri,WTA
321434,Alija Merdeeva,WTA
317253,Alina Abdurakhimova,WTA
329198,Alina Charaeva,WTA
328688,Alina Granwehr,WTA
260065,Alina Jidkova,WTA
331330,Alina Korneeva,WTA
326478,Alina Michalitsch,WTA
316016,Alina Mikheeva,WTA
314155,Alina Petras,WTA
328934,Alina Shcherbinina,WTA
319863,Alina Silich,WTA
313057,Alina Stanila,WTA
314814,Alina Wessel,WTA
310131,Aline Pinheiro,WTA
322913,Aline Thommen,WTA
320735,Aliona Bolsova,WTA
329250,Aliona Falei,WTA
326295,Alisa Axyanova,WTA
330896,Alisa Baranovska,WTA
311777,Alisa Kleybanova,WTA
329166,Alisa Kummel,WTA
316073,Alisa Ogorodova,WTA
324376,Alise Cernecka,WTA
312365,Alise Vaidere,WTA
325185,Alisha Reayer,WTA
312989,Alison Bai,WTA
140096,Alison Nash,WTA
150159,Alison Ojeda,WTA
312850,Alison Riske-Amritraj,WTA
313884,Alison Shemon,WTA
317819,Alison Van Uytvanck,WTA
220276,Alissa Velts,WTA
316630,Alix Collombon,WTA
310495,Alizee Paradis,WTA
312121,Alizé Cornet,WTA
315301,Alizé Lim,WTA
311362,Alla Kudryavtseva,WTA
311006,Allessandra Esposito,WTA
319042,Allie Kiick,WTA
313952,Allie Will,WTA
20549,Allison Bradshaw,WTA
329123,Allura Zamarripa,WTA
20670,Ally Baker,WTA
316339,Almudena Sanz-Llaneza Fernandez,WTA
20608,Alona Bondarenko,WTA
320676,Alona Pushkarevsky,WTA
326007,Alycia Parks,WTA
314903,Alyona Sotnikova,WTA
332107,Alyssa Ahn,WTA
30514,Alyssa Cohen,WTA
330705,Alyssa Reguer,WTA
328764,Alyssa Tobita,WTA
326384,Amanda Anisimova,WTA
10223,Amanda Augustus,WTA
314095,Amanda Carreras,WTA
30037,Amanda Coetzer,WTA
40248,Amanda Dundas,WTA
314458,Amanda Elliott,WTA
312786,Amanda Fink,WTA
70340,Amanda Grahame,WTA
80260,Amanda Hopmans,WTA
100144,Amanda Johnson,WTA
100106,Amanda Keen,WTA
316305,Amanda Marie Taylor,WTA
316279,Amanda Mcdowell,WTA
327206,Amanda Nava Elkin,WTA
318994,Amanda Rodgers,WTA
190868,Amanda Sanches,WTA
312042,Amandine Cazeaux,WTA
40333,Amandine Dulon,WTA
315148,Amandine Hesse,WTA
329331,Amandine Monnot,WTA
190710,Amandine Singla,WTA
110592,Amani Khalifa,WTA
328131,Amarissa Toth,WTA
329919,Amarni Banks,WTA
120378,Amber Liu,WTA
325786,Amber Marshall,WTA
328703,Amber Washington,WTA
325478,Ambre Feder,WTA
329251,Amelia Rajecki,WTA
332417,Amelia Waligora,WTA
30347,Amelie Cocheteux,WTA
319677,Amelie Intert,WTA
330421,Amelie Smejkalova,WTA
330527,Amelie Van Impe,WTA
314060,Ami Nakano,WTA
130624,Amiella Mojzis,WTA
321965,Amina Anshba,WTA
312756,Amina Rakhim,WTA
315998,Aminat Kushkhova,WTA
321967,Amira Benaissa,WTA
313355,Amra Sadikovic,WTA
320181,Amrita Mukherjee,WTA
317721,Amy Bowtell,WTA
40354,Amy Dillingham,WTA
60034,Amy Frazier,WTA
100107,Amy Jensen,WTA
319717,Amy Zhu,WTA
130450,Amélie Mauresmo,WTA
120414,An-Na Lee,WTA
316512,An-Sophie Mestach,WTA
322120,Ana Becerra,WTA
311347,Ana Beltran Trigueros,WTA
313660,Ana Belzunce-Crompin,WTA
319892,Ana Bianca Mihaila,WTA
325328,Ana Biskic,WTA
315427,Ana Bogdan,WTA
331305,Ana Candiotto,WTA
140159,Ana Catarina Nogueira,WTA
200361,Ana Cecilia Trevino,WTA
310127,Ana Cetnik,WTA
311983,Ana Clara Duarte,WTA
318790,Ana Filipa Santos,WTA
60155,Ana Friganovic,WTA
324747,Ana Giraldi Requena,WTA
310629,Ana Gloria Osorio,WTA
331582,Ana Grubor,WTA
311710,Ana Ivanovic,WTA
310122,Ana Jovanovic,WTA
329421,Ana Karen Guadiana Campos,WTA
320682,Ana Konjuh,WTA
325202,Ana Lantigua De La Nuez,WTA
130671,Ana Lucia Migliarini De Leon,WTA
319582,Ana Madcur,WTA
326585,Ana Makatsaria,WTA
317169,Ana Maria Crisan,WTA
311012,Ana Maria Moura,WTA
190740,Ana Maria Simanca,WTA
190734,Ana Maria Sismondini,WTA
130619,Ana Martin Ramirez,WTA
130633,Ana Maslesa,WTA
315085,Ana Miguel-Ivern,WTA
311049,Ana Paula De La Pena,WTA
320579,Ana Paula Neffa De Los Rios,WTA
140177,Ana Paula Novaes,WTA
321445,Ana Roman Dominguez,WTA
313174,Ana Ruiz-Fernandez,WTA
190375,Ana Salas Lozano,WTA
314035,Ana Savic,WTA
324858,Ana Shanidze,WTA
190704,Ana Skafar,WTA
316694,Ana Sofia Sanchez,WTA
200323,Ana Timotic,WTA
312378,Ana Veselinovic,WTA
320063,Ana Victoria Gobbi Monllau,WTA
220278,Ana Vrljic,WTA
313721,Ana-Maria Constantinescu,WTA
315521,Ana-Maria Nedelcu,WTA
312043,Ana-Maria Zubori,WTA
130611,Anabel Medina Garrigues,WTA
318744,Anaeve Pain,WTA
310091,Anais Laurendon,WTA
315761,Anais Van Cauter,WTA
312299,Anamaria Sere,WTA
312672,Anamika Bhargava,WTA
328213,Anastasia Abbagnato,WTA
323191,Anastasia Chikalkina,WTA
323849,Anastasia Detiuc,WTA
40401,Anastasia Dvornikova,WTA
318418,Anastasia Frolova,WTA
322333,Anastasia Gasanova,WTA
331163,Anastasia Grechkina,WTA
313949,Anastasia Grymalska,WTA
323953,Anastasia Iamachkine,WTA
314708,Anastasia Kharchenko,WTA
318416,Anastasia Klyueva,WTA
312980,Anastasia Kontratevidi,WTA
329181,Anastasia Kovaleva,WTA
323608,Anastasia Kulikova,WTA
313292,Anastasia Malhotra,WTA
316017,Anastasia Mukhametova,WTA
130533,Anastasia Myskina,WTA
320866,Anastasia Nefedova,WTA
313796,Anastasia Pavlyuchenkova,WTA
328154,Anastasia Piangerelli,WTA
313390,Anastasia Pivovarova,WTA
313538,Anastasia Poltoratskaya,WTA
325601,Anastasia Potapova,WTA
320857,Anastasia Pribylova,WTA
312398,Anastasia Revzina,WTA
180356,Anastasia Rodionova,WTA
317920,Anastasia Rudakova,WTA
331453,Anastasia Safta,WTA
323246,Anastasia Shaulskaya,WTA
322033,Anastasia Smirnova,WTA
324555,Anastasia Sukhotina,WTA
328279,Anastasia Sysoeva,WTA
326961,Anastasia Tikhonova,WTA
318522,Anastasia Vdovenco,WTA
327367,Anastasia Zakharova,WTA
321679,Anastasia Zarycka,WTA
332162,Anastasiia Gureva,WTA
329858,Anastasiya Soboleva,WTA
313987,Anastasija Sevastova,WTA
330339,Anastasiya Apalikhina,WTA
320416,Anastasiya Fedoryshyn,WTA
320621,Anastasiya Komardina,WTA
331135,Anastasiya Lopata,WTA
315354,Anastasiya Lytovchenko,WTA
326774,Anastasiya Poplavska,WTA
316628,Anastasiya Prenko,WTA
319017,Anastasiya Rychagova,WTA
318420,Anastasiya Saitova,WTA
320590,Anastasiya Shestakova,WTA
318820,Anastasiya Shleptsova,WTA
320768,Anastasiya Shoshyna,WTA
314888,Anastasiya Vasylyeva,WTA
310626,Anastasiya Yakimova,WTA
319070,Anastasiya Yepisheva,WTA
50126,Anat Elazari,WTA
10324,Anca Anastasiu,WTA
20113,Anca Barna,WTA
330442,Anca Todoni,WTA
312364,Anda Perianu,WTA
320652,Andie K Daniell,WTA
328063,Andjela Jocovic,WTA
331617,Andjela Lazarevic,WTA
314368,Andjela Nemcevic,WTA
311711,Andra Savu,WTA
312313,Andrada Dinu,WTA
329344,Andre Lukosiute,WTA
80459,Andrea  Sestini Hlavackova,WTA
20707,Andrea Benitez,WTA
313544,Andrea Berkova,WTA
326153,Andrea Farulla Di Palma,WTA
314852,Andrea Gamiz,WTA
70198,Andrea Glass,WTA
311430,Andrea Hofinger,WTA
310092,Andrea Koch-Benvenuto,WTA
318080,Andrea Lazaro Garcia,WTA
312171,Andrea Lipovska,WTA
130629,Andrea Masarykova,WTA
80352,Andrea Munch-Hermansen,WTA
140135,Andrea Nathan,WTA
330994,Andrea Obradovic,WTA
310770,Andrea Petkovic,WTA
160415,Andrea Plackova,WTA
312154,Andrea Popovic,WTA
318295,Andrea Prisco,WTA
321090,Andrea Raaholt,WTA
311306,Andrea Remynse,WTA
317862,Andrea Renee Villarreal,WTA
180435,Andrea Riedlmajerova,WTA
190617,Andrea Sebova,WTA
312177,Andrea Sieveke,WTA
220206,Andrea Van Den Hurk,WTA
311885,Andrea Weedon,WTA
311422,Andreea Braica,WTA
220122,Andreea Ehritt-Vanc,WTA
320729,Andreea Ghitescu,WTA
130734,Andreea Matei,WTA
314050,Andreea Mitu,WTA
323373,Andreea Prisacariu,WTA
321282,Andreea Rosca,WTA
312805,Andreea Vaideanu,WTA
327559,Andreea Velcea,WTA
312041,Andreja Klepac,WTA
328767,Ane Mintegi Del Olmo,WTA
310880,Anet Kaasik,WTA
328830,Anet Koskel,WTA
324656,Aneta Kucmova,WTA
325291,Aneta Laboutkova,WTA
190383,Aneta Soukup,WTA
318425,Anett Kontaveit,WTA
316318,Anett Schutting,WTA
315753,Anette Munozova,WTA
326156,Anfisa Danilchenko,WTA
326772,Ange Kajuru,WTA
30421,Angela Cardoso,WTA
332384,Angela Cui,WTA
322355,Angela Fita Boluda,WTA
310617,Angela Haynes,WTA
320775,Angela Leweurs,WTA
160514,Angela Maria Piedrahita,WTA
130324,Angeles Montolio,WTA
324745,Angeles Moreno Barranquero,WTA
311905,Angelica Chavez,WTA
70103,Angelica Gavaldon,WTA
318112,Angelica Moratelli,WTA
326013,Angelica Raggi,WTA
20473,Angelika Bachmann,WTA
180306,Angelika Roesch,WTA
329893,Angelika Shapovalova,WTA
318623,Angeliki Kairi,WTA
312964,Angelina Gabueva,WTA
323167,Angelina Shakhraichuk,WTA
320802,Angelina Skidanova,WTA
331776,Angelina Voloshchuk,WTA
326252,Angelina Wirges,WTA
320514,Angelina Zhuravleva,WTA
40395,Angeline Dumontier,WTA
311470,Angelique Kerber,WTA
319972,Angelique Svinos,WTA
316302,Angelique Van Der Meet,WTA
230272,Angelique Widjaja,WTA
329769,Angella Okutoyi,WTA
313767,Anggre Oky-Suconong,WTA
130328,Angie Marik,WTA
326813,Angie Yepes Medina,WTA
320567,Anhelina Kalinina,WTA
324161,Anhzelika Isaeva,WTA
317495,Ani Amiraghyan,WTA
318588,Ani Gogvadze,WTA
310580,Ani Mijacika,WTA
315561,Ani Vangelova,WTA
326052,Ania Hertel,WTA
329910,Anika Jaskova,WTA
110505,Aniko Kapros,WTA
30488,Anita Csendes,WTA
329110,Anita Sahdiieva,WTA
317093,Anita Wagner,WTA
130667,Anja Margetic,WTA
331874,Anja Nayar,WTA
314160,Anja Poglajen,WTA
310735,Anja Prislan,WTA
331113,Anja Stankovic,WTA
329923,Anja Wildgruber,WTA
311992,Anja-Vanessa Peter,WTA
80150,Anke Huber,WTA
20720,Ankita Bhambri,WTA
317164,Ankita Raina,WTA
326096,Ann Li,WTA
20716,Ann-Laure Brochard,WTA
10368,Anna Alexeeva,WTA
10352,Anna Anikanova,WTA
315213,Anna Arina Marenko,WTA
328234,Anna Arkadianou,WTA
312291,Anna Bartenstein,WTA
20704,Anna Bastrikova,WTA
314147,Anna Berta,WTA
260073,Anna Bielen-Zarska,WTA
324267,Anna Blinkova,WTA
332075,Anna Bochoradze,WTA
321059,Anna Bogoslavets,WTA
322942,Anna Bondar,WTA
319753,Anna Brogan,WTA
328283,Anna Campana,WTA
310623,Anna Chakvetadze,WTA
319731,Anna Danilina,WTA
40379,Anna Dolinska,WTA
50147,Anna Erikson,WTA
140161,Anna Eugenia Nefedova,WTA
313008,Anna Fitzpatrick,WTA
60271,Anna Floris,WTA
60106,Anna Foldenyi,WTA
60274,Anna Font,WTA
322909,Anna Gabric,WTA
313415,Anna Geissler,WTA
310901,Anna Gerasimou,WTA
310650,Anna Gil Mares,WTA
80416,Anna Hawkins,WTA
323942,Anna Kalinskaya,WTA
318203,Anna Karolina Schmiedlova,WTA
318226,Anna Katalina Alzate Esmurzaeva,WTA
318466,Anna Klasen,WTA
311450,Anna Korzeniak,WTA
110528,Anna Koumantou,WTA
110375,Anna Kournikova,WTA
320010,Anna Koval,WTA
325615,Anna Kubareva,WTA
311239,Anna Lapushchenkova,WTA
315246,Anna Livadaru,WTA
313330,Anna Lubinsky,WTA
322332,Anna Makhorkina,WTA
317176,Anna Mamalat,WTA
319049,Anna Maria Heil,WTA
314873,Anna Morgina,WTA
312618,Anna Movsisyan,WTA
311806,Anna Mydlowska,WTA
314933,Anna Orlik,WTA
323263,Anna Ozerova,WTA
325774,Anna Popescu,WTA
320858,Anna Pribylova,WTA
323442,Anna Procacci,WTA
314999,Anna Rapoport,WTA
312097,Anna Remondina,WTA
328647,Anna Rogers,WTA
180361,Anna Rynarzewska,WTA
311174,Anna Savitskaya,WTA
331418,Anna Semenova,WTA
318056,Anna Shkudun,WTA
324995,Anna Siskova,WTA
322394,Anna Slovakova,WTA
190361,Anna Smashnova,WTA
312799,Anna Smith,WTA
317127,Anna Smolina,WTA
319726,Anna Sokiran,WTA
190863,Anna Spivakovsky,WTA
311505,Anna Sydorska,WTA
312962,Anna Tatishvili,WTA
321399,Anna Turati,WTA
318684,Anna Tyulpa,WTA
324402,Anna Ukolova,WTA
321564,Anna Ulyashchenko,WTA
327227,Anna Ureke,WTA
321460,Anna Vrbenska,WTA
314621,Anna Wishink,WTA
313837,Anna Zaja,WTA
260081,Anna Zaporozhanova,WTA
331042,Anna Zyryanova,WTA
319091,Anna-Lena Friedsam,WTA
310318,Anna-Lena Groenefeld,WTA
311045,Anna-Maria Miller,WTA
313133,Anna-Marie Atelj,WTA
311007,Anna-Viktoria Lind,WTA
20682,Annabel Blow,WTA
50092,Annabel Ellwood,WTA
250098,Annabel Youthed,WTA
311305,Annabella Weigert,WTA
329701,Annabelle Xu,WTA
312907,Annali De Bruyn,WTA
311122,Annalisa Bona,WTA
20642,Anne Banffy,WTA
332008,Anne Christine Lutkemeyer Obregon,WTA
314164,Anne Christine Voicu,WTA
310927,Anne Dickhardt,WTA
110524,Anne Keothavong,WTA
110242,Anne Kremer,WTA
130332,Anne Mall,WTA
160495,Anne Plessinger,WTA
313462,Anne Priska Schaefer,WTA
312838,Anne Schaefer,WTA
190074,Anne Smith,WTA
310668,Anne Yelsey,WTA
190564,Anne-Gaelle Sidot,WTA
80370,Anne-Laure Heitz,WTA
318400,Anne-Liz Jeukeng,WTA
80411,Anne-Marie Hogan,WTA
323466,Anne-Sophie Morandais,WTA
312005,Anne-Valerie Evain,WTA
315700,Anneliese Tepper,WTA
330382,Annelin Bakker,WTA
327808,Annerly Poulos,WTA
110506,Annette Kolb,WTA
30323,Annica Cooper,WTA
323264,Annick Melgers,WTA
130292,Annie Miller,WTA
316979,Annika Beck,WTA
20563,Annika Bengtsson,WTA
313782,Annika Brooks,WTA
331759,Anouck Vrancken Peeters,WTA
314533,Anouk Delefortrie,WTA
328988,Anouk Koevermans,WTA
190928,Anouk Sinnige,WTA
190831,Anouk Sterk,WTA
314582,Anouk Tigu,WTA
220282,Anousjka Van Exel,WTA
324753,Anri Nagata,WTA
30468,Ansley Cargill,WTA
312716,Antia Ghiorghiu,WTA
160217,Antoaneta Pandjerova,WTA
220145,Antonela Voina,WTA
190613,Antonella Serra Zanetti,WTA
318494,Antonia Lottner,WTA
130710,Antonia Matic,WTA
329505,Antonia Ruzic,WTA
328373,Antonia Samudio,WTA
326503,Antonia Schmidt,WTA
312579,Antonia Xenia Tout,WTA
190808,Antonie Steinmetz,WTA
321205,Antonina Lysakova,WTA
120397,Anya Loncaric,WTA
260085,Anzela Zguna,WTA
320960,Ao Gai,WTA
329009,Aoi Ito,WTA
190923,Aparna Singh,WTA
313412,Apollonia Melzani,WTA
320760,Aryna Sabalenka,WTA
328120,Qinwen Zheng,WTA
324261,Dayana Yastremska,WTA
328560,Coco Gauff,WTA
316738,Elina Svitolina,WTA
318314,Barbora Krejcikova,WTA
326482,Marta Kostyuk,WTA
329668,Linda Noskova,WTA
312001,Victoria Azarenka,WTA
319280,Jasmine Paolini,WTA
319436,Oceane Dodin,WTA
328896,Maria Timofeeva,WTA
320277,Magdalena Frech,WTA
331809,Mirra Andreeva,WTA
319939,Jelena Ostapenko,WTA
316296,Viktorija Golubic,WTA
325320,Clara Burel,WTA
315683,Sloane Stephens,WTA
326408,Iga Swiatek,WTA
327620,Elina Avanesyan,WTA
318176,Beatriz Haddad Maia,WTA
317810,Storm Hunter,WTA
316956,Jessica Pegula,WTA
328366,Emma Raducanu,WTA
324166,Elena Rybakina,WTA
319125,Katie Boulter,WTA
316925,Danielle Collins,WTA
316266,Martina Trevisan,WTA
327909,Elisabetta Cocciaretto,WTA
313349,Arantxa Rus,WTA
316847,Ons Jabeur,WTA
320301,Katerina Siniakova,WTA
317964,Elise Mertens,WTA
322087,Rebeka Masarova,WTA
310440,Tatjana Maria,WTA
324702,Kaja Juvan,WTA
319112,Nadia Podoroska,WTA
325836,Varvara Gracheva,WTA
317584,Viktoriya Tomova,WTA
313402,Caroline Wozniacki,WTA
322052,Caroline Dolehide,WTA
318312,Maria Sakkari,WTA
319571,Tamara Korpatsch,WTA
325936,Kamilla Rakhimova,WTA
327845,Daria Snigur,WTA
330548,Ella Seidel,WTA
320716,Renata Zarazua,WTA
313485,Rebecca Marino,WTA
319969,Fiona Ferro,WTA
327391,Katie Volynets,WTA
326907,Zeynep Sonmez,WTA
324479,Francesca Jones,WTA
324219,Destanee Aiava,WTA
325826,Eva Lys,WTA
317317,Ysaline Bonaventure,WTA
316537,Lesley Pattinama Kerkhove,WTA
313711,Petra Martic,WTA
317421,Shelby Rogers,WTA
313974,Karolina Pliskova,WTA
329409,Ashlyn Krueger,WTA
320728,Kimberly Birrell,WTA
324325,Yue Yuan,WTA
312469,Sorana Cirstea,WTA
321158,Cristina Bucsa,WTA
317306,Lin Zhu,WTA
321454,Greet Minnen,WTA
314610,Camila Giorgi,WTA
326160,Xiyu Wang,WTA
320942,Sofia Kenin,WTA
327573,Peyton Stearns,WTA
319998,Naomi Osaka,WTA
317708,Bernarda Pera,WTA
329627,Linda Fruhvirtova,WTA
318609,Taylor Townsend,WTA
319526,Veronika Kudermetova,WTA
317683,Yulia Putintseva,WTA
315997,Daria Saville,WTA
318516,Donna Vekic,WTA
330482,Diana Shnaider,WTA
323079,Tamara Zidansek,WTA
312536,Yanina Wickmayer,WTA
322534,Kayla Day,WTA
320983,Marie Bouzkova,WTA
310761,Sara Errani,WTA
323027,Marketa Vondrousova,WTA
315130,Magda Linette,WTA
318872,Sara Sorribes Tormo,WTA
322222,Liudmila Samsonova,WTA
326376,Xinyu Wang,WTA
320238,Nao Hibino,WTA
323802,Jodie Burrage,WTA
327196,Zhuoxuan Bai,WTA
324750,Mai Hontama,WTA
322280,Lucia Bronzetti,WTA
324934,Olga Danilovic,WTA
324584,Katarina Zavatska,WTA
330581,Celine Naef,WTA
319489,Harriet Dart,WTA
316664,Nigina Abduraimova,WTA
319250,Valentini Grammatikopoulou,WTA
320926,Jil Teichmann,WTA
325940,Jule Niemeier,WTA
327241,Moyuka Uchijima,WTA
321106,Dalma Galfi,WTA
324128,Marina Bassols Ribera,WTA
319696,Astra Sharma,WTA
315806,Katarzyna Kawa,WTA
327793,Clara Tauson,WTA
320543,Priscilla Hon,WTA
327077,Diane Parry,WTA
325410,Emma Navarro,WTA
322082,Daria Kasatkina,WTA
320124,Paula Badosa,WTA
315295,Lesia Tsurenko,WTA
321179,Maddison Inglis,WTA
319007,Ekaterina Alexandrova,WTA
325898,Camila Osorio,WTA
315391,Caroline Garcia,WTA
323966,Claire Liu,WTA
320313,Leolia Jeanjean,WTA
310926,Laura Siegemund,WTA
317805,Carol Zhao,WTA
317510,Yafan Wang,WTA
328897,Polina Kudermetova,WTA
324898,Suzan Lamens,WTA
330544,Maya Joint,WTA
329393,Talia Gibson,WTA
316286,Saisai Zheng,WTA
320228,Rebecca Sramkova,WTA
330375,Sara Bejlek,WTA
326678,Mccartney Kessler,WTA
329408,Robin Montgomery,WTA
316959,Madison Keys,WTA
320316,Julia Grabher,WTA
327101,Hailey Baptiste,WTA
328426,Sijia Wei,WTA
314359,Nuria Parrizas Diaz,WTA
329199,Oksana Selekhmeteva,WTA
319709,Nina Stojanovic,WTA
325771,Simona Waltert,WTA
330291,Taylah Preston,WTA
332175,Sara Saito,WTA
322579,Petra Hule,WTA
328142,Elsa Jacquemot,WTA
329614,Marina Stakusic,WTA
323451,Arianne Hartono,WTA
322638,Maria Carle,WTA
333111,Emerson Jones,WTA
319001,Belinda Bencic,WTA
326653,Olivia Gadecki,WTA
330149,Dominika Salkova,WTA
325338,Yulia Starodubtsewa,WTA
323149,Lucrezia Stefanini,WTA
324576,Lulu Sun,WTA
330352,Victoria Jimenez Kasintseva,WTA
330151,Erika Andreeva,WTA
323091,Lina Glushko,WTA
326891,Leyre Romero Gormaz,WTA
332467,Renata Jamrichova,WTA
330275,Vivian Yang,WTA
320945,Jana Fett,WTA
317684,Danka Kovinic,WTA
329081,Solana Sierra,WTA
320013,Lizette Cabrera,WTA
329457,Darja Semenistaja,WTA
321834,Ipek Oz,WTA
327061,Sinja Kraus,WTA
328139,Jessica Bouzas Maneiro,WTA
318711,Mayar Sherif,WTA
326735,Leylah Fernandez,WTA
326929,Mananchaya Sawangkaew,WTA
320319,Jaqueline  Cristian,WTA
327287,Julia Riera,WTA
312413,Arina Rodionova,WTA
331545,Brenda Fruhvirtova,WTA
321906,Kaylah Mcphee,WTA
316981,Heather Watson,WTA
318907,Rutuja Bhosale,WTA
326561,Sohyun Park,WTA
318201,Camilla Rosatello,WTA
317155,Laura Pigossi,WTA
328071,Shrivalli Bhamidipaty,WTA
325725,Caty Mcnally,WTA
320759,Iryna Shymanovich,WTA
317443,Sachia Vickery,WTA
316464,Emina Bektas,WTA
322451,Xiaodi You,WTA
313169,Irina-Camelia Begu,WTA
313968,Polona Hercog,WTA
328631,Noma Noha Akugue,WTA
317070,Timea Babos,WTA
330236,Tara Wuerth,WTA
318352,Irina Bara,WTA
315616,Kristina Mladenovic,WTA
320408,Elena-Gabriela Ruse,WTA
317349,Natalija Stevanovic,WTA
324948,Francisca Jorge,WTA
328730,Matilde Jorge,WTA
120420,Varvara Lepchenko,WTA
318559,Tena Lukas,WTA
330102,Julia Avdeeva,WTA
328884,Lois Boisson,WTA
318839,Chloe Paquet,WTA
319421,Jessika Ponchet,WTA
325991,Carole Monnet,WTA
324786,Guiomar Maristany Zuleta De Reales,WTA
330894,Lucija Ciric Bagaric,WTA
323171,Lea Boskovic,WTA
319706,Dejana Radanovic,WTA
326379,Elizabeth Mandlik,WTA
319311,Lina Gjorcheska,WTA
318488,Jesika Maleckova,WTA
330372,Giorgia Pedone,WTA
321032,Susan Bandecchi,WTA
325956,Panna Udvardy,WTA
329308,Beatrice Ricci,WTA
327834,Elvina Kalieva,WTA
320218,Louisa Chirico,WTA
323119,Miriam Bulgaru,WTA
328308,Ekaterina Makarova,WTA
325088,Bianca Andreescu,WTA
315365,Mona Barthel,WTA
322351,Seone Mendez,WTA
322191,Karolina Muchova,WTA
329090,Selena Janicijevic,WTA
322925,Xinyu Gao,WTA
327127,Margaux Rouvroy,WTA
315294,Dalila Jakupovic,WTA
328625,Diana Martynov,WTA
319444,Caroline Werner,WTA
324360,Maria Mateas,WTA
316739,Kateryna Baindl,WTA
333944,Laura Samson,WTA
317286,Kathinka Von Deichmann,WTA
325639,Maja Chwalinska,WTA
324028,Leonie Kung,WTA
320592,Mariam Bolkvadze,WTA
316588,Isabella Shinikova,WTA
331290,Gina Feistel,WTA
313131,Urszula Radwanska,WTA
315696,Zarina Diyas,WTA
329061,Linda Klimovicova,WTA
322277,Viktoria Kuzmova,WTA
324830,En-Shuo Liang,WTA
317065,Su Jeong Jang,WTA
330799,Petra Marcinko,WTA
327655,Veronika Erjavec,WTA
329567,Dimitra Pavlou,WTA
328034,Kristina Dmitruk,WTA
325433,Nuria Brancaccio,WTA
329721,Matilde Paoletti,WTA
329918,Sonay Kartal,WTA
321495,Yuriko Lily Miyazaki,WTA
317171,Patricia Maria Tig,WTA
314660,Ekaterine Gorgodze,WTA
316009,Despina Papamichail,WTA
327219,Valentina Ryser,WTA
319433,Marie Benoit,WTA
329651,Lanlana Tararudee,WTA
311779,Shuai Zhang,WTA
314320,Simona Halep,WTA
322417,Ye-Xin Ma,WTA
329824,Han Shi,WTA
331963,Sayaka Ishii,WTA
319183,Kyoka Okamura,WTA
321743,Hanna Chang,WTA
331361,Xinxin Yao,WTA
330905,Elena Pridankina,WTA
319133,Valeriya Strakhova,WTA
324361,Carson Branstine,WTA
331405,Antonia Vergara Rivera,WTA
326908,Tina Smith,WTA
327283,Jazmin Ortenzi,WTA
332846,Valentina Mediorreal Arias,WTA
317414,Lauren Davis,WTA
328144,Karina Miller,WTA
321367,Gabriela Knutson,WTA
326101,Whitney Osuigwe,WTA
318857,Haruka Kaji,WTA
319454,Gabriela Lee,WTA
321157,Irene Burillo Escorihuela,WTA
321280,Raluka Serban,WTA
330642,Liv Hovde,WTA
332285,Iva Jovic,WTA
327182,Oleksandra Oliynykova,WTA
323368,Georgia Craciun,WTA
318001,Nicole Fossa Huergo,WTA
330363,Barbora Palicova,WTA
330788,Clervie Ngounoue,WTA
321397,Ylena In-Albon,WTA
319305,Carolina Alves,WTA
325794,Manon Leonard,WTA
332150,Lilli Tagger,WTA
318060,Tereza Martincova,WTA
327063,Monique Barry,WTA
317771,Rebecca Peterson,WTA
330075,Melisa Ercan,WTA
322214,Katherine Sebov,WTA
327633,Thasaporn Naklo,WTA
314429,Qiang Wang,WTA
316554,Peangtarn Plipuech,WTA
333018,Vaishnavi Adkar,WTA
323231,Fanny Stollar,WTA
323582,Fernanda Contreras Gomez,WTA
320545,Martina Capurro Taborda,WTA
320673,Maria Fernanda Navarro Oliva,WTA
330053,Katherine Hui,WTA
314527,Marina Melnikova,WTA
230220,Venus Williams,WTA
328281,Madison Sieg,WTA
325048,Dalayna Hewitt,WTA
321216,Jessica Hinojosa Gomez,WTA
333126,Ada Kumru,WTA
312292,Cagla Buyukakcay,WTA
322124,Yuliana Monroy,WTA
331181,Mariana Isabel Higuita Barraza,WTA
330785,Maria Garcia,WTA
319465,Eden Silva,WTA
330713,Astrid Lew Yan Foon,WTA
323007,Mirjam Bjorklund,WTA
321132,Martha Matoula,WTA
326911,Carlota Martinez Cirez,WTA
332494,Vittoria Paganetti,WTA
312582,Federica Di Sarra,WTA
328193,Lisa Pigato,WTA
320369,Martina Colmegna,WTA
329217,Jennifer Ruggeri,WTA
330733,Yasmine Kabbaj,WTA
322450,Berfu Cengiz,WTA
330483,Aya El Aouni,WTA
331737,Malak El Allami,WTA
315288,Cristina Dinu,WTA
323677,Justina Mikulskyte,WTA
324203,Zhibek Kulambayeva,WTA
333946,Daria Raimondo,WTA
330848,Sara Svetac,WTA
323694,Emily Appleton,WTA
325011,Eva Vedder,WTA
333616,Charo Esquiva Banuls,WTA
325073,Lucia Cortez Llorca,WTA
322382,Eva Guerrero Alvarez,WTA
325374,Gergana Topalova,WTA
332803,Julia Stusek,WTA
326044,Caijsa Hennemann,WTA
320190,Kajsa Rinaldo Persson,WTA
331426,Nellie Taraba Wallberg,WTA
330751,Lola Radivojevic,WTA
315265,Conny Perrin,WTA
331215,Jenny Lim,WTA
317108,Audrey Albie,WTA
329624,Natalia Szabanin,WTA
330926,Mia Ristic,WTA
328907,Martyna Kubka,WTA
315428,Valeria Savinykh,WTA
325750,Weronika Falkowska,WTA
332314,Weronika Ewald,WTA
331346,Anna Petkovic,WTA
330547,Carolina Kuhl,WTA
328401,Julia Middendorf,WTA
323621,Johanna Silva,WTA
332562,Tessa Johanna Brockmann,WTA
319796,Maria Paulina Perez Garcia,WTA
323615,Martina Okalova,WTA
320581,Maria Herazo Gonzalez,WTA
320901,Jessica Failla,WTA
329115,Katrina Scott,WTA
322627,Jenny Duerst,WTA
329429,Julia Garcia Ruiz,WTA
327100,Victoria Hu,WTA
312660,Samantha Murray Sharan,WTA
321195,Usue Maitane Arconada,WTA
319438,Eudice Chong,WTA
328659,Ziva Falkner,WTA
330342,Ela Milic,WTA
321000,Chiraz Bechri,WTA
328797,Priska Nugroho,WTA
327490,Ilinca Amariei,WTA
327351,Dayeon Back,WTA
313225,Jia-Jing Lu,WTA
330723,Tatiana Prozorova,WTA
326162,Meiling Wang,WTA
332913,Yufei Ren,WTA
324323,Yidi Yang,WTA
326723,Hong Yi Cody Wong,WTA
322716,Jessie Aney,WTA
333132,Mika Stojsavljevic,WTA
325473,Mei Yamaguchi,WTA
328320,Hina Inoue,WTA
319606,Fangzhou Liu,WTA
321329,Wushuang Zheng,WTA
320090,Julieta Estable,WTA
316707,Noelia Zeballos,WTA
324156,Fernanda Labrana,WTA
335398,Natalia Trigosso,WTA
332730,Sol Ailin Larraya Guidi,WTA
315695,Yuliana Lizarazo,WTA
331268,Lucciana Perez Alarcon,WTA
319411,Jamie Loeb,WTA
317175,Robin Anderson,WTA
330960,Kayla Cross,WTA
320465,Stacey Fung,WTA
330415,Fernanda Rain Contreras,WTA
327711,Jimar Gerald Gonzalez,WTA
318480,Victoria Bosio,WTA
330746,Luisina Giovannini,WTA
330730,Julia Caffarena,WTA
325188,Yasmine Mansouri,WTA
326766,Julie Belgraver,WTA
322752,Sara Cakarevic,WTA
328472,Mariia Tkacheva,WTA
327175,Luiza Fullana,WTA
322527,Ena Shibahara,WTA
331152,Sahaja  Yamalapalli,WTA
320481,Daria Lodikova,WTA
324789,Emiliana Arango,WTA
327193,Sapfo Sakellaridi,WTA
330059,Maria Sara Popa,WTA
328468,Daria Kudashova,WTA
320512,Victoria Rodriguez,WTA
317938,Margarita Betova,WTA
321146,Sophie Chang,WTA
320922,Ksenia Laskutova,WTA
329774,Pia Lovric,WTA
20702,Kateryna Volodko,WTA
110536,Kaia Kanepi,WTA
314206,Petra Kvitova,WTA
317094,Maryna Zanevska,WTA
315083,Paula Ormaechea,WTA
312328,Madison Brengle,WTA
315159,Na Lae Han,WTA
314464,Coco Vandeweghe,WTA
312584,Evgeniya Rodina,WTA
316161,Eugenie Bouchard,WTA
320863,Freya Christie,WTA
190879,Barbora Strycova,WTA
320501,Magali Kempen,WTA
317299,Erin Routliffe,WTA
328578,Darya Astakhova,WTA
323145,Katie Swan,WTA
317915,Irina Khromacheva,WTA
324236,Rosa Vicens Mas,WTA
321984,Tessah Andrianjafitrimo,WTA
326481,Sofya Lansere,WTA
316606,Reka Luca Jani,WTA
318358,Jennifer Brady,WTA
320497,Irina Fetecau,WTA
312520,Sabine Lisicki,WTA
319413,Quinn Gleason,WTA
314237,Misaki Doi,WTA
260142,Vera Zvonareva,WTA
324972,Tiphanie Lemaitre,WTA
330364,Nikola Bartunkova,WTA
326568,Himeno Sakatsume,WTA
323426,Katarina Kozarov,WTA
328237,Ekaterina Reyngold,WTA
320178,Guillermina Naya,WTA
315836,Daniela Seguel,WTA
320016,Harmony Tan,WTA
322822,Jaimee Fourlis,WTA
316239,Garbiñe Muguruza,WTA
319456,Marine Partaud,WTA
316674,Gabriela Ce,WTA
130713,Bethanie Mattek-Sands,WTA
324411,Joanne Zuger,WTA
316607,Marcela Zacarias,WTA
327781,Fiona Crawley,WTA
328173,Diletta Cherubini,WTA
319393,Deborah Chiesa,WTA
330506,Sarah Iliev,WTA
325114,Elena Malygina,WTA
310053,Su-Wei Hsieh,WTA
325614,Sada Nahimana,WTA
311810,Sesil Karatantcheva,WTA
316942,Yvonne Cavalle-Reimers,WTA
321658,Katharina Hobgarski,WTA
321846,Lena Papadakis,WTA
330517,Alessandra Teodosescu,WTA
316774,Jana Cepelova,WTA
323055,Malene Helgø,WTA
321313,Oana Gavrila,WTA
331422,Bella Bergkvist Larsson,WTA
323018,Lisa Zaar,WTA
319937,Jacqueline Cabaj Awad,WTA
312673,Kristina Kucova,WTA
315472,Ekaterina Yashina,WTA
330147,Lucie Havlickova,WTA
330914,Olivia Lincer,WTA
319962,Naiktha Bains,WTA
317033,Luksika Kumkhum,WTA
318930,Jasmin Jebawy,WTA
329681,Angelica Blake,WTA
315314,Ulrikke Eikeri,WTA
328277,Adesuwa Osabuohien,WTA
327569,Kolie Allen,WTA
325592,Michaela Bayerlova,WTA
325781,Ashley Lahey,WTA
320824,Nina Potocnik,WTA
316157,Grace Min,WTA
331231,Lya Isabel Fernandez Olivares,WTA
329248,Ya Yi Yang,WTA
328440,Eleonora Alvisi,WTA
329578,Silvia Ambrosio,WTA
327398,Sakura Hosogi,WTA
326049,Rina Saigo,WTA
323087,Hanyu Guo,WTA
327252,Yeonwoo Ku,WTA
322931,Xinyu Jiang,WTA
333741,Yuhan Wang,WTA
323440,Ilona-Georgiana Ghioroaie,WTA
319256,Ho Ching Wu,WTA
320453,Alina Zolotareva,WTA
326805,Daniela Schekaiban,WTA
328614,Jana Kolodynska,WTA
334112,Daniela Martinez Guerrero,WTA
331407,Juliana Rodriguez,WTA
331966,Carolina  Bohrer Martins,WTA
333137,Taly Licht,WTA
322043,Raveena Kingsley,WTA
327218,Lucia De Santa Ana,WTA
325758,Haley Giavara,WTA
325423,Chloe Beck,WTA
329575,Nahia Berecoechea,WTA
311791,Aravane Rezai,WTA
331197,Veronika Podrez,WTA
324308,Emeline Dartron,WTA
322510,Dalila Spiteri,WTA
319960,Ellen Perez,WTA
313919,Asia Muhammad,WTA
328160,Francesca Curmi,WTA
329397,Fangran Tian,WTA
325404,Aurora Zantedeschi,WTA
317462,Demi Schuurs,WTA
331857,Wakana Sonobe,WTA
334512,Maaya Rajeshwaran Revathi,WTA
333685,Julieta Pareja,WTA
333324,Maria Jose Sanchez Uribe,WTA
314917,Christina Mchale,WTA
322266,Celia Cervino Ruiz,WTA
330420,Federica Urgesi,WTA
334791,Teodora Kostovic,WTA
331742,Kaitlin Quevedo,WTA
328701,Arianna Zucchini,WTA
333783,Isis Louise Van Den Broek,WTA
333440,Hannah Klugman,WTA
327527,Lian Tran,WTA
333121,Tyra Caterina Grant,WTA
330633,Yara Bartashevich,WTA
330953,Ranah Stoiber,WTA
333812,Adelina Lachinova,WTA
331102,Hanne Vandewinkel,WTA
327773,Lia Karatancheva,WTA
330970,Tiantsoa Rakotomanga Rajaonah,WTA
334255,Ksenia Efremova,WTA
319641,Ayla Aksu,WTA
322735,Tatiana Pieri,WTA
315030,Vitalia Diatchenko,WTA
330035,Malaika Rapolu,WTA
312621,Oksana Kalashnikova,WTA
326512,Joanna Garland,WTA
330808,Tereza Valentova,WTA
331006,Victoria Mboko,WTA
334175,Deniz Dilek,WTA
323244,Ekaterina Kazionova,WTA
332761,Ruth Roura Llaverias,WTA
319663,Ines Murta,WTA
331660,Ella Mcdonald,WTA
329464,Maria Torres Murcia,WTA
331725,Mingge Xu,WTA
330569,Ariana Geerlings,WTA
331859,Claudia Sofia Martinez Solis,WTA
328466,Anastasia Zolotareva,WTA
323815,Anna Jovanovic,WTA
314169,Arabela Fernandez Rabener,WTA
326212,Arabella Koller,WTA
160451,Arantxa  Parra Santonja,WTA
190008,Arantxa Sanchez-Vicario,WTA
314305,Aranza Salut,WTA
220233,Archana Venkataraman,WTA
320671,Ari Matsumoto,WTA
320125,Ariadna Marti Riembau,WTA
327454,Ariana Arseneault,WTA
180336,Ariana Rojas,WTA
310353,Ariela Primo,WTA
330897,Arina Arifullina,WTA
331487,Arina Bulatova,WTA
319107,Arina Folts,WTA
327616,Arina Solomatina,WTA
323347,Arina Taluenko,WTA
323378,Arina Vasilescu,WTA
320464,Arisha Ladhani,WTA
323379,Arlinda Rushiti,WTA
310582,Arpi Kojian,WTA
321652,Arthi Muniyan,WTA
220067,Arthi Venkataraman,WTA
330593,Aruzhan Sagandikova,WTA
331869,Aryana Bartlett,WTA
30227,Asa Svensson,WTA
20570,Asha Burns,WTA
311787,Asha Nanda Kumar,WTA
313620,Ashlee Brown,WTA
333297,Ashlee Narker,WTA
318033,Ashleigh Barty,WTA
80418,Ashley Harkleroad,WTA
318871,Ashley Keir,WTA
322532,Ashley Kratzer,WTA
313068,Ashley Murdock,WTA
312213,Ashley Weinhold,WTA
315646,Ashling Sumner,WTA
313983,Ashmitha Easwaramurthi,WTA
331228,Ashton Bowers,WTA
315578,Ashvarya Shrivastava,WTA
110484,Asimina Kaplani,WTA
318379,Asiya Dair,WTA
332739,Aspen Schuman,WTA
311932,Astrid Besser,WTA
323052,Astrid Brune Olsen,WTA
330407,Astrid Cirotte,WTA
230305,Astrid Waernes,WTA
327848,Aubane Droguet,WTA
311353,Audra Cohen,WTA
20711,Audrey Banada,WTA
310153,Audrey Bergot,WTA
80442,Audrey Hernandez,WTA
160319,Audrey Pierrich,WTA
327517,Aunchisa Chanta,WTA
140162,Aurandrea Narvaez,WTA
312215,Aurelia Janeczek,WTA
220224,Aurelie Vedy,WTA
310605,Aurelija Miseviciute,WTA
40408,Aurore Desert,WTA
332345,Ava Markham,WTA
312905,Avgusta Tsybysheva,WTA
324996,Axana Mareen,WTA
328439,Aya El Sayed,WTA
312847,Ayaka Maekawa,WTA
319578,Ayaka Okuno,WTA
190829,Ayako Suzuki,WTA
200245,Ayami Takase,WTA
321346,Ayan Broomfield,WTA
333700,Ayana Akli,WTA
324394,Ayano Shimizu,WTA
200358,Ayano Takeuchi,WTA
327042,Ayline Samardzic,WTA
320087,Aymet Uzcategui,WTA
140148,Ayoko Noda,WTA
314372,Ayram Edery,WTA
329969,Aysegul Mert,WTA
311462,Ayu Fani Damayanti,WTA
328253,Ayumi Hirata,WTA
325867,Ayumi Koshiishi,WTA
324395,Ayumi Miyamoto,WTA
312848,Ayumi Morita,WTA
311412,Ayumi Oka,WTA
317583,Azra Hadzic,WTA
130485,Bahia Mouhtassine,WTA
327899,Barakat Quadre,WTA
316201,Barbara Bonic,WTA
326014,Barbara Dessolis,WTA
320679,Barbara Gatica,WTA
318424,Barbara Haas,WTA
80365,Barbara Hellwig,WTA
310170,Barbara Hoeflinger,WTA
319839,Barbara Kotelesova,WTA
310882,Barbara Kvelstein,WTA
315267,Barbara Luz,WTA
316095,Barbara Montiel,WTA
140036,Barbara Navarro,WTA
314774,Barbara Oliveira,WTA
310098,Barbara Orlay,WTA
311157,Barbara Pocza,WTA
160480,Barbara Polidoro,WTA
180088,Barbara Rittner,WTA
180385,Barbara Rosenberger,WTA
314373,Barbara Rush,WTA
190349,Barbara Schett,WTA
190539,Barbara Schwartz,WTA
314208,Barbara Sobaszkiewicz,WTA
20615,Barbora Blahutiakova,WTA
313002,Barbora Bozkova,WTA
315693,Barbora Krtickova,WTA
325609,Barbora Matusova,WTA
320280,Barbora Miklova,WTA
319262,Barbora Stefkova,WTA
190803,Barbora Sukova,WTA
323956,Basak Akbas,WTA
316808,Basak Eraydin,WTA
331887,Basant Kaur,WTA
20533,Bea Bielik,WTA
314338,Beatrice Capra,WTA
318826,Beatrice Cedermark,WTA
313105,Beatrice Gumulya,WTA
318548,Beatrice Lombardo,WTA
327747,Beatrice Stagno,WTA
320449,Beatrice Torelli,WTA
311441,Beatris Simion,WTA
329039,Beatris Spasova,WTA
20697,Beatriz Becker,WTA
30490,Beatriz Cabrera Rosendo,WTA
311754,Beatriz García Vidagany,WTA
315566,Beatriz Maria Martins Cecato,WTA
310376,Beau Jones,WTA
311748,Beauty Oghenekevwe,WTA
20639,Becky Brown,WTA
40392,Begona De Toro,WTA
310256,Beier Ko,WTA
312358,Belen Corbalan,WTA
315832,Belen Luduena,WTA
110487,Belinda Kelly,WTA
317924,Belinda Woolcock,WTA
325430,Belle Thompson,WTA
313067,Benedetta Davato,WTA
324293,Benedetta Ivaldi,WTA
313019,Benita Milenkiewicz,WTA
190306,Benjamas Sangaram,WTA
110312,Berengere Karpenschif,WTA
312325,Berengere Teix,WTA
315819,Bermet Duvanaeva,WTA
312379,Bernadetta Birkas,WTA
316539,Bernice Van De Velde,WTA
319314,Berta Bonardi,WTA
312010,Berta Morata-Flaquer,WTA
312696,Berveine Mohammed,WTA
190737,Beti Sekulovski,WTA
311588,Betina Jozami,WTA
160447,Betina Pirker,WTA
130529,Betsy Miringoff,WTA
10254,Bettina Auer,WTA
80070,Bettina Hafner,WTA
313341,Betty Dautriat,WTA
319820,Bhuvana Kalva,WTA
313875,Bianca Aboubakare,WTA
10354,Bianca Acquistapace,WTA
330922,Bianca Barbulescu,WTA
328762,Bianca Behulova,WTA
312098,Bianca Bonifate,WTA
315784,Bianca Botto,WTA
30441,Bianca Catay,WTA
30399,Bianca Cremer,WTA
329453,Bianca Fernandez,WTA
315093,Bianca Hincu,WTA
110308,Bianca Kamper,WTA
316390,Bianca Koch,WTA
312767,Bianca Smith,WTA
321605,Bianca Turati,WTA
40426,Bianca-Mihaela Dulgheru,WTA
322078,Bianka Bekefi,WTA
120357,Bianka Lamade,WTA
20568,Bibi Berecz,WTA
311597,Bibiane Schoofs,WTA
40369,Biljana Dimovska,WTA
160268,Biljana Pawlowa-Dimitrova,WTA
311836,Birgit Ritschka,WTA
321698,Blanca Puig Caballero,WTA
110296,Blanka Kumbarova,WTA
311093,Blessing Anuna,WTA
313054,Blessing Samuel,WTA
311078,Bo Verhulsdonk,WTA
30545,Bo-Ra Choi,WTA
312049,Bojana Bobusic,WTA
311496,Bojana Borovnica,WTA
314369,Bojana Jovanovski Petrovic,WTA
326214,Bojana Klincov,WTA
328246,Bojana Marinkov,WTA
319707,Bojana Marinkovic,WTA
317597,Borislava Botusharova,WTA
130644,Borka Majstorovic,WTA
315067,Boyan Wang,WTA
327697,Boyoung Jeong,WTA
60260,Brandi Freudenberg,WTA
20509,Brandis Braverman,WTA
317873,Brandy Mina,WTA
331255,Brandy Walker,WTA
20561,Branka Bojovic,WTA
311632,Branka Savic,WTA
317295,Breaunna Addison,WTA
30480,Bree Calderwood,WTA
30544,Brenda Coassolo,WTA
317769,Brenda Njuki,WTA
190038,Brenda Schultz-Mccarthy,WTA
80294,Briana Harris,WTA
330215,Briana Szabo,WTA
318565,Brianna Morgan,WTA
312729,Bridget Healy,WTA
331649,Bridget Mihulka,WTA
180310,Brie Rippner,WTA
313234,Brie Whitehead,WTA
322525,Brienne Minor,WTA
331194,Britney  Chiu,WTA
321453,Britt Geukens,WTA
130699,Britta Mohlmann,WTA
313838,Brittany Augustine,WTA
327679,Brittany Collens,WTA
313863,Brittany Sheed,WTA
315360,Brittany Wowchuk,WTA
318960,Brooke Austin,WTA
315306,Brooke Bolender,WTA
190908,Brooke Skeen,WTA
30397,Bruna Colosio,WTA
310955,Bruna Cunha,WTA
190007,Bryanne Stewart,WTA
316745,Brynn Boren,WTA
250060,Bucke Yavuz,WTA
321341,Bunyawi Thamchaiwat,WTA
330432,Cadence Brace,WTA
310209,Caitlin Collins,WTA
320818,Caitlin Herb,WTA
312052,Caitlin Whoriskey,WTA
313213,Camelia Hristea,WTA
318612,Camila Fuentes,WTA
318838,Camila Giangreco Campiz,WTA
323775,Camila Romero,WTA
315692,Camila Silva,WTA
330972,Camilla Gennaro,WTA
80448,Camilla Hsu,WTA
110387,Camilla Kremer,WTA
311957,Camilla Lundberg,WTA
319441,Camilla Scala,WTA
329135,Camilla Zanolini,WTA
317273,Camille Cheli,WTA
160363,Camille Pin,WTA
313050,Camille Sapene,WTA
140207,Candela Novoa,WTA
333123,Candela Vazquez,WTA
100103,Candice De La Torre,WTA
60283,Candice Fuchs,WTA
180427,Capucine Rousseau,WTA
20351,Cara Black,WTA
332238,Cara Maria Mester,WTA
110501,Carina Kaempfer,WTA
317536,Carina Witthoeft,WTA
20993,Carine Bornu,WTA
310196,Carine Vermeulen,WTA
10345,Carla Andrade,WTA
10289,Carla Arguelles,WTA
20665,Carla Bastos,WTA
314314,Carla Beltrami,WTA
317513,Carla Bruzzesi Avella,WTA
312023,Carla Caetano,WTA
316576,Carla Forte,WTA
70511,Carla Genovese,WTA
315189,Carla Lucero,WTA
330727,Carla Markus,WTA
311338,Carla Suárez Navarro,WTA
200239,Carla Tiene,WTA
319907,Carla Touly,WTA
190858,Carlota Santos,WTA
310089,Carly Gullickson,WTA
80398,Carly Homewood,WTA
313073,Carly Petit,WTA
332097,Carmen Andreea  Herea,WTA
318573,Carmen Blanco,WTA
327764,Carmen Corley,WTA
70385,Carmen Gajo,WTA
311649,Carmen Klaschka,WTA
330508,Carmen Lopez Martinez,WTA
314226,Carmen Lopez-Blanco,WTA
313703,Carmen Lopez-Rueda,WTA
130689,Carmen Marquez Salas,WTA
310155,Carmen Pinto,WTA
200355,Carmen Raluca Tibuleac,WTA
315764,Carmen Sandor,WTA
322471,Carmen Schultheiss,WTA
329383,Carol Young Suh Lee,WTA
326882,Carola Cavelli,WTA
310691,Carola Gonzalez King,WTA
316330,Carolin Daniels,WTA
315679,Carolina Betancourt,WTA
317777,Carolina Costamagna,WTA
70350,Carolina Gago Fuentes,WTA
329670,Carolina Gomez,WTA
311642,Carolina Malheiros,WTA
316225,Carolina Orsi,WTA
314993,Carolina Pillot,WTA
314930,Carolina Prats-Millan,WTA
180365,Carolina Rodriguez,WTA
310351,Carolina Salge,WTA
331306,Carolina Xavier Laydner,WTA
315084,Carolina Zeballos,WTA
20583,Caroline Ann Basu,WTA
310406,Caroline Bailly,WTA
40146,Caroline Dhenin,WTA
70331,Caroline Germar,WTA
325133,Caroline Ilowska,WTA
110574,Caroline Korsawe,WTA
321255,Caroline Lampl,WTA
312386,Caroline Larsson,WTA
130654,Caroline Maes,WTA
313165,Caroline Magnusson,WTA
140230,Caroline Neves,WTA
312698,Caroline Nothnagel,WTA
317239,Caroline Price,WTA
180389,Caroline Raba,WTA
315320,Caroline Rohde-Moe,WTA
318180,Caroline Romeo,WTA
180298,Caroline Rossel,WTA
190134,Caroline Schneider,WTA
200313,Caroline Tidemand,WTA
330418,Caroline Vernet,WTA
331593,Carolyn Ansari,WTA
310730,Casey Dellacqua,WTA
319208,Casey Robinson,WTA
20643,Cassandra Barr,WTA
313945,Cassandra Chan,WTA
310411,Catalina Angeleri,WTA
312616,Catalina Arancibia,WTA
30360,Catalina Castaño,WTA
30226,Catalina Cristea,WTA
316543,Catalina Pella,WTA
310889,Catarina Ferreira,WTA
331560,Catarina Mellei Ibiaraba Melleiro,WTA
330269,Catherine Aulia,WTA
20260,Catherine Barclay-Reitz,WTA
322526,Catherine Bellis,WTA
318459,Catherine Chantraine,WTA
313027,Catherine Fall,WTA
317900,Catherine Harrison,WTA
80412,Catherine Henuzet,WTA
319384,Catherine Leduc,WTA
200260,Catherine Turinsky,WTA
310333,Cecile Baijot,WTA
120431,Cecile Leclere,WTA
312450,Cecilia Cardenas,WTA
331552,Cecilia Costa,WTA
316529,Cecilia Costa Melgar,WTA
316665,Cecilia Estlander,WTA
70424,Cecilia Guillenea,WTA
160503,Cecilia Perez Audero,WTA
170023,Cecilia Quarracino,WTA
318404,Cecilie Melsted,WTA
30351,Celeste Contin,WTA
326365,Celestine Avomo Ella,WTA
311793,Celia Gil,WTA
329179,Celia Mohr,WTA
311420,Celine Beermann,WTA
20479,Celine Beigbeder,WTA
311298,Celine Cattaneo,WTA
310396,Celine Francois,WTA
314840,Celine Ghesquiere,WTA
180280,Celine Regnier,WTA
330392,Celine Simunyu,WTA
317374,Cemre Anil,WTA
110480,Ceyda Keyman,WTA
319689,Chalena Scholl,WTA
180175,Chanda Rubin,WTA
315735,Chanel Simmonds,WTA
190873,Chanelle Scheepers,WTA
316278,Chanelle Van Nguyen,WTA
313230,Chang Liu,WTA
312808,Chang Xu,WTA
320814,Chanikarn Silakul,WTA
311530,Chantal Beetham,WTA
30446,Chantal Coombs,WTA
326247,Chantal Sauvant,WTA
316772,Chantal Skamlova,WTA
316677,Charlene Seateun,WTA
311258,Charlene Vanneste,WTA
120404,Charlotta Larsson,WTA
10240,Charlotte Aagaard,WTA
313904,Charlotte Bossy,WTA
328291,Charlotte Chavatipon,WTA
329351,Charlotte Kempenaers-Pocz,WTA
319572,Charlotte Klasen,WTA
322213,Charlotte Robillard-Millette,WTA
313277,Charlotte Rodier,WTA
318789,Charlotte Roemer,WTA
230281,Charlotte Wallace,WTA
328506,Charmaine Seah,WTA
200311,Chattida Thimjapo,WTA
311337,Chayenne Ewijk,WTA
20558,Cheli Bargil,WTA
330983,Chelsea Fontenel,WTA
323491,Chelsea Vanhoutte,WTA
314125,Chelsey Gullickson,WTA
312890,Chen Astrogo,WTA
30573,Chen Li,WTA
311975,Chen Liang,WTA
310795,Chen-Chen Gao,WTA
310342,Cheng-Jie Lu,WTA
324575,Chengyiyi Yuan,WTA
325163,Cherry Kim,WTA
318780,Chia Hsien Yang,WTA
331669,Chia Yi Tsao,WTA
310084,Chia-Jung Chuang,WTA
140206,Chiaki Nakajima,WTA
313271,Chiaki Okadaue,WTA
323764,Chiara Catini,WTA
329231,Chiara Di Genova,WTA
319362,Chiara Frapolli,WTA
328482,Chiara Girelli,WTA
320541,Chiara Grimm,WTA
317364,Chiara Mendo,WTA
316050,Chiara Scholl,WTA
140168,Chie Nagano,WTA
314181,Chieh-Yu Hsu,WTA
323095,Chihiro Muramatsu,WTA
317825,Chihiro Nunome,WTA
314460,Chihiro Takayama,WTA
110279,Chin Bee Khoo,WTA
310083,Chin-Wei Chan,WTA
316660,Chinami Ogi,WTA
318779,Ching-Wen Hsu,WTA
310141,Chirashanthi Rajur,WTA
319181,Chisa Hosonuma,WTA
90097,Chisayo Ito,WTA
314926,Chloe Babet,WTA
30457,Chloe Carlotti,WTA
311890,Chloe Gambey,WTA
313924,Chloe Jones,WTA
313876,Chloe Mielgo Herrera,WTA
330408,Chloe Noel,WTA
313956,Chloe West,WTA
314128,Cho-Won Lee,WTA
321339,Chompoothip Jundakate,WTA
130684,Chris Martinez,WTA
310529,Chrissie Seredni,WTA
130751,Christa Magister,WTA
314798,Christi Potgieter,WTA
200347,Christian Thompson,WTA
80374,Christiane Hoppmann,WTA
60278,Christina Fitz,WTA
310969,Christina Fusano,WTA
80403,Christina Horiatopoulos,WTA
319501,Christina Makarova,WTA
324769,Christina Rosca,WTA
318714,Christina Shakovets,WTA
230269,Christina Wheeler,WTA
260040,Christina Zachariadou,WTA
10378,Christine Alford,WTA
317486,Christine Kandler,WTA
311104,Christine Sperling,WTA
312708,Christy Striplin,WTA
313916,Chu Chu,WTA
310805,Chun-Mei Ji,WTA
80383,Chun-Yan He,WTA
317316,Cindy Burger,WTA
313672,Cindy Chala,WTA
200331,Cindy Tow,WTA
230208,Cindy Watson,WTA
30312,Claire Curran,WTA
312053,Claire De Gubernatis,WTA
310981,Claire Feuerstein,WTA
100146,Claire Jalade,WTA
312410,Claire Lablans,WTA
311159,Claire Peterzan,WTA
180469,Claire Ricketts,WTA
200181,Claire Taylor,WTA
320295,Clara Tanielian,WTA
328130,Clara Vlasselaer,WTA
60285,Clarisa Fernández,WTA
10316,Claudia Argumedo,WTA
316926,Claudia Coppola,WTA
314052,Claudia Dumitrescu,WTA
317238,Claudia Enache,WTA
313094,Claudia Giovine,WTA
322428,Claudia Hoste Ferrer,WTA
90098,Claudia Ivone,WTA
310189,Claudia Jorda-Fernandez,WTA
310240,Claudia Kardys,WTA
110567,Claudia Kuleszka,WTA
314056,Claudia Razzeto,WTA
190785,Claudia Salgues,WTA
319975,Claudia Williams,WTA
190777,Claudine Schaul,WTA
311580,Clelia Melena,WTA
319463,Clemence Fayol,WTA
320083,Clementina Riobueno De Paola,WTA
317883,Clothilde De Bernardi,WTA
314302,Clothilde Falconetti,WTA
130113,Conchita Martínez,WTA
130396,Conchita Martínez Granados,WTA
328649,Connie Ma,WTA
314399,Constance Sibille,WTA
321217,Constanza Gorches,WTA
318204,Constanza Vega,WTA
190886,Constanze Steiner,WTA
310611,Cora Vasilescu,WTA
311079,Corina Corduneanu,WTA
319360,Corina Jaeger,WTA
324476,Corina Mader,WTA
130483,Corina Morariu,WTA
312123,Corinna Dentoni,WTA
318825,Cornelia Lister,WTA
10355,Cory Ann Avants,WTA
327670,Cosima Calinescu,WTA
314992,Costanza Mecchi,WTA
324292,Costanza Traversi,WTA
30542,Courtenay Chapman,WTA
316461,Courtney Dolehide,WTA
313360,Courtney Nagle,WTA
311133,Courtney Vernon,WTA
70464,Cristelle Grier,WTA
319157,Cristiana Ferrando,WTA
318167,Cristina Adamescu,WTA
10292,Cristina Arribas,WTA
312666,Cristina Bala Abella,WTA
310046,Cristina Cabello,WTA
310454,Cristina Celani,WTA
314319,Cristina Danaila,WTA
330603,Cristina Diaz Adrover,WTA
319239,Cristina Ene,WTA
313799,Cristina Greco Naccarato,WTA
130620,Cristina Madrid Guzman,WTA
313709,Cristina Sanchez-Quintanar,WTA
315170,Cristina Stancu,WTA
200378,Cristina Tonelli,WTA
200122,Cristina Torrens Valero,WTA
316149,Csilla Argyelan,WTA
311421,Csilla Borsanyi,WTA
40167,Csilla Dobo,WTA
70499,Cynthia Goulet,WTA
316489,Cynthia Melita,WTA
313315,Cynthia Prieto-Garcia,WTA
10351,Czarina Mae Arevalo,WTA
318739,Da Hye Kim,WTA
80437,Da Jung Hong,WTA
320244,Dabin Kim,WTA
312267,Daiana Negreanu,WTA
20522,Daja Bedanova,WTA
50111,Dalia El Sheikh,WTA
313658,Dalia Zafirova,WTA
310863,Dalia-Diana Vranceanu,WTA
180234,Dally Randriantefy,WTA
100140,Dan Dan Jiang,WTA
316488,Dan Ni Wang,WTA
250097,Dan Yu,WTA
321705,Dana Kremer,WTA
315219,Dana Machalkova,WTA
328912,Dana Shakirova,WTA
316980,Daneika Borthwick,WTA
311699,Danica Krstajic,WTA
320753,Daniela  Lopez,WTA
10309,Daniela Alvarez,WTA
310538,Daniela Bercek,WTA
310744,Daniela Bracaglia,WTA
30590,Daniela Caljkusic,WTA
30524,Daniela Casanova,WTA
318470,Daniela Ciobanu,WTA
30265,Daniela Cocos,WTA
317257,Daniela Degano,WTA
319094,Daniela Farfan,WTA
70362,Daniela Groseanu,WTA
80394,Daniela Hantuchova,WTA
110571,Daniela Kix,WTA
110438,Daniela Klemenschits,WTA
130640,Daniela Munoz Gallegos,WTA
130029,Daniela Muscolino,WTA
150152,Daniela Olivera,WTA
190837,Daniela Salomon,WTA
313957,Daniela Scivetti,WTA
324595,Daniela Vismane,WTA
322904,Daniela Vukovic,WTA
311249,Daniella Jeflea,WTA
311861,Danielle Brown,WTA
328145,Danielle Daley,WTA
312092,Danielle Harmsen,WTA
80450,Danielle Hock,WTA
319916,Danielle Konotoptseva,WTA
310903,Danielle Kypreos,WTA
316771,Danielle Lao,WTA
313644,Danielle Mills,WTA
311537,Danielle Spacek,WTA
190821,Danielle Steinberg,WTA
328852,Danielle Willson,WTA
220068,Daphne Van De Zande,WTA
316931,Daravy Ka Andrea,WTA
310579,Daria Chemarda,WTA
329159,Daria Frayman,WTA
330116,Daria Khomutsianskaya,WTA
327860,Daria Krasnova,WTA
324710,Daria Kruzhkova,WTA
316169,Daria Kuchmina,WTA
323038,Daria Kuczer,WTA
328147,Daria Lavrichenko,WTA
328592,Daria Lopatetska,WTA
316480,Daria Mishina,WTA
324403,Daria Nazarkina,WTA
312355,Daria Neretina,WTA
160406,Daria Panova,WTA
312967,Daria Petrovic,WTA
160452,Daria Potapova,WTA
313388,Daria Razarenova,WTA
318211,Daria Salnikova,WTA
333210,Daria Shadchneva,WTA
327728,Daria Shalamanova,WTA
100157,Darija Jurak Schreiber,WTA
310588,Darina Sedenkova,WTA
323931,Dariya Detkovskaya,WTA
329057,Darja Vidmanova,WTA
318638,Darya Chernetsova,WTA
90114,Darya Ivanova,WTA
110583,Darya Kustova,WTA
317925,Darya Lebesheva,WTA
329078,Darya Shauha,WTA
320703,Dasha Ivanova,WTA
328559,Dasha Kourkina,WTA
330298,Dasha Plekhanova,WTA
40387,Davina Duronio,WTA
311703,Davinia Lobbinger,WTA
20344,Dawn Buth,WTA
319432,Dea Herdzelas,WTA
190811,Dea Sumantri,WTA
180355,Deanna Roberts,WTA
30476,Debbie Carr,WTA
120373,Debbie Larocque,WTA
60327,Debbrich Feys,WTA
80293,Debby Haak,WTA
313714,Deborah Armstrong,WTA
320352,Deborah Cruciani,WTA
319519,Deborah Kerfs,WTA
190872,Deborah Saxer,WTA
319074,Deborah Suarez,WTA
30576,Deborak Carmassi,WTA
330058,Defne Cirpanli,WTA
317533,Dejana Raickovic,WTA
312316,Delia Damaschin,WTA
190915,Delia Sescioreanu,WTA
40279,Delphine De Winne,WTA
329458,Demi Tran,WTA
315285,Demi-Manuella Barao-Rodrigues,WTA
30382,Denisa Chladkova,WTA
326644,Denisa Hindova,WTA
311914,Denisa Pavlikova,WTA
316550,Denisa Satralova,WTA
312858,Denise Dy,WTA
311461,Denise Harijanto,WTA
80382,Denise Hofer,WTA
330611,Denise Hrdinkova,WTA
312872,Denise Kirbijikian,WTA
316460,Denise Muresan,WTA
318234,Denise Starr,WTA
330471,Denise Valente,WTA
325146,Denise-Antonela Stoica,WTA
329151,Denislava Glushkova,WTA
10275,Denitsa Alexandrova,WTA
316813,Deniz Khazaniuk,WTA
319383,Deria Nur Haliza,WTA
100147,Desanka Jovanovic,WTA
317888,Desirae Krawczyk,WTA
312702,Desiree Bastianon,WTA
180424,Desiree Roset Torres,WTA
317651,Despoina Vogasari,WTA
311121,Dessislava Mladenova,WTA
200191,Dessislava Topalova,WTA
321264,Dewi Dijkman,WTA
190862,Dewi Monica Siregar,WTA
40305,Dewonder Davis,WTA
313009,Deyanirr Solorio,WTA
320828,Dhruthi Tatachar Venugopal,WTA
316092,Di Zhao,WTA
311117,Dia Evtimova,WTA
310458,Diana Arutyunova,WTA
318685,Diana Bogoliy,WTA
20649,Diana Brunel,WTA
325530,Diana Chehoudi,WTA
30484,Diana Costa,WTA
321832,Diana Demidova,WTA
312372,Diana Enache,WTA
311592,Diana Eriksson,WTA
312266,Diana Gae,WTA
70359,Diana Gherghi,WTA
316061,Diana Isaeva,WTA
100163,Diana Julianto,WTA
130523,Diana Majkic,WTA
316481,Diana Marcinkevica,WTA
315290,Diana Marcu,WTA
323949,Diana Mihail,WTA
313000,Diana Nakic,WTA
150131,Diana Ospina,WTA
170022,Diana Quevedo,WTA
190896,Diana Srebrovic,WTA
315664,Diana Stomlega,WTA
318168,Diana Sumova,WTA
310054,Dianne Hollands,WTA
130707,Dianne Matias,WTA
315228,Dijana Banovec,WTA
313616,Dijana Srbinoska,WTA
311183,Dijana Stojic,WTA
314619,Dilara Yurtkuran,WTA
312752,Dilyara Saidkhodjaeva,WTA
110446,Dimana Krastevitch,WTA
313894,Dina Bajramovic,WTA
20607,Dina Basil,WTA
323348,Dina Hegab,WTA
110548,Dina Khalil,WTA
130705,Dina Milosevic,WTA
316518,Dinah Pfizenmaier,WTA
190950,Dinara Safina,WTA
40237,Ding Ding,WTA
80415,Dinka Hadzic,WTA
333563,Dj Bennett,WTA
312515,Doernemann Sabay,WTA
322856,Doga Takunyaci,WTA
326995,Doga Turkmen,WTA
318479,Domenica Gonzalez,WTA
312503,Dominice Ripoll,WTA
312894,Dominika Cibulkova,WTA
40439,Dominika Dieskova,WTA
315223,Dominika Kanakova,WTA
120383,Dominika Luzarova,WTA
140212,Dominika Nociarova,WTA
320191,Dominika Paterova,WTA
323355,Dominique Karregat,WTA
322538,Dominique Schaefer,WTA
220291,Dominique Van Boekel,WTA
260149,Dong-Ling Zou,WTA
30598,Donna Calvert,WTA
130677,Donna Mc Intyre,WTA
312242,Dora Kiss,WTA
311311,Dorian Driessen,WTA
324312,Dorien Cuypers,WTA
327671,Dorka Drahota Szabo,WTA
313527,Dorota Hibental,WTA
317216,Doroteja Eric,WTA
329260,Doroteja Joksovic,WTA
230291,Douglas Wink,WTA
90076,Dragana Ilic,WTA
310845,Dragana Jakovljevic,WTA
310628,Dragana Ognenovska,WTA
260091,Dragana Zaric,WTA
100148,Dragica Joksimovic,WTA
326123,Draginja Vukovic,WTA
310598,Dubravka Cupac,WTA
332016,Dunja Maric,WTA
318020,Dunja Stamenkovic,WTA
315122,Dunja Sunkic,WTA
10193,Duygu Aksit,WTA
318047,Ebony Panoho,WTA
140157,Ecaterina Nossik,WTA
324144,Ecaterina Visnevscaia,WTA
330906,Edda Mamedova,WTA
315602,Eden D'Oliveira,WTA
310687,Eden Marama,WTA
70471,Edina Gallovits-Hall,WTA
120247,Edita Liachoviciute,WTA
311491,Edita Milos,WTA
140127,Edith Nunes,WTA
316008,Eduarda Piai,WTA
314528,Edyta Cieplucha,WTA
319380,Eetee Maheta,WTA
312126,Efrat Mishor,WTA
310828,Efrat Zlotikamin,WTA
313046,Eirini Georgatou,WTA
310183,Ekaterina Afinogenova,WTA
20706,Ekaterina Bychkova,WTA
311425,Ekaterina Dranets,WTA
40438,Ekaterina Dzehalevich,WTA
317592,Ekaterina Iakovleva,WTA
311241,Ekaterina Kirianova,WTA
318650,Ekaterina Klyueva,WTA
311603,Ekaterina Kosminskaya,WTA
110545,Ekaterina Kozhokina,WTA
331219,Ekaterina Kuznetsova,WTA
310672,Ekaterina Lopes,WTA
329438,Ekaterina Maklakova,WTA
329581,Ekaterina Nikiforova,WTA
150191,Ekaterina Ostapenko,WTA
325584,Ekaterina Ovcharenko,WTA
312577,Ekaterina Pushkareva,WTA
324410,Ekaterina Shalimova,WTA
310289,Ekaterina Shulaeva,WTA
190594,Ekaterina Sysoeva,WTA
316818,Ekaterina Tour,WTA
313249,Ekaterina Zapadalova,WTA
330248,Ela Platenikova,WTA
314581,Elaine Genovese,WTA
329515,Eleana Yu,WTA
329648,Eleanor Baglow,WTA
318036,Eleanor Dean,WTA
312761,Eleanor Peters,WTA
130686,Eleftheria Makromaridou,WTA
20556,Elena Baltacha,WTA
324058,Elena Belenova,WTA
316410,Elena Bertoia,WTA
314318,Elena Bogdan,WTA
20992,Elena Bovina,WTA
311602,Elena Chalova,WTA
312878,Elena Chernyakova,WTA
40390,Elena De Mendoza,WTA
40289,Elena Dementieva,WTA
70507,Elena Gantcheva,WTA
327499,Elena Gemovic,WTA
326880,Elena Jamshidi,WTA
331106,Elena Karner,WTA
329797,Elena Korokozidi,WTA
110470,Elena Kovalchuk,WTA
313539,Elena Kulikova,WTA
120151,Elena Likhovtseva,WTA
319697,Elena Maltseva,WTA
330920,Elena Micic,WTA
327296,Elena Milovanovic,WTA
310301,Elena Petrucciano,WTA
160312,Elena Pioppo,WTA
190860,Elena Stoianova,WTA
200192,Elena Tatarkova,WTA
311220,Elena Vesnina,WTA
220239,Elena Vianello,WTA
220199,Elena Voropaeva,WTA
160106,Elena Wagner,WTA
316109,Elena-Teodora Cadar,WTA
321094,Eleni Christofi,WTA
40313,Eleni Daniilidou,WTA
316026,Eleni Kordolaimi,WTA
327194,Eleni Mtsentlitze,WTA
311474,Eleonora Iannozzi,WTA
324508,Eleonora Molinaro,WTA
160479,Eleonora Punzo,WTA
322712,Eleonore Barrere,WTA
313147,Eleonore Picot,WTA
320562,Eleonore Tchakarova,WTA
321356,Eliessa Vanlangendonck,WTA
313556,Elina Gasanova,WTA
320215,Elina Nepliy,WTA
320216,Elina Vikhrianova,WTA
325205,Eline Audenaert,WTA
20626,Elisa Balsamo,WTA
327530,Elisa Camerano,WTA
90122,Elisa Innocenti,WTA
314441,Elisa Peth,WTA
220227,Elisa Villa,WTA
316492,Elisabeth Abanda,WTA
310350,Elisabeth Bahn,WTA
317298,Elisabeth Fournier,WTA
320790,Elisabeth Lyukshinova,WTA
200354,Elise Tamaela,WTA
312182,Elitsa Kostova,WTA
313374,Elitsa Mileva,WTA
315589,Elixane Lechemia,WTA
326823,Eliz Maloney,WTA
326204,Elizabet Hamaliy,WTA
327833,Elizabeth Coleman,WTA
317662,Elizabeth Ferris,WTA
311526,Elizabeth Freeman-Young,WTA
321193,Elizabeth Halbauer,WTA
318027,Elizabeth James,WTA
311894,Elizabeth Kaufman,WTA
311010,Elizabeth Kobak,WTA
311300,Elizabeth Lumpkin,WTA
319216,Elizabeth Profit,WTA
190624,Elizabeth Schmidt,WTA
311899,Elizabeth Thomas,WTA
332650,Elizara Yaneva,WTA
317149,Elizaveta Ianchuk,WTA
320870,Elizaveta Khabarova,WTA
327220,Elizaveta Koklina,WTA
319600,Elizaveta Kulichkova,WTA
330338,Elizaveta Morozova,WTA
318823,Elizaveta Nemchinov,WTA
330025,Elizaveta Shebekina,WTA
314357,Elizaveta Titova,WTA
313365,Elizaveta Tochilovskaya,WTA
313389,Elizaveta Zaytseva,WTA
30565,Elke Clijsters,WTA
317537,Elke Lemmens,WTA
326405,Ella Haavisto,WTA
90088,Ella Ionescu,WTA
316667,Ella Leivo,WTA
320134,Ella Taylor,WTA
312661,Ellah Nze,WTA
329239,Elle Christensen,WTA
316188,Ellen Allgurin,WTA
312969,Ellen Barry,WTA
316969,Ellen Tsay,WTA
326801,Ellie Douglas,WTA
312487,Elodie Caillat,WTA
120289,Elodie Le Bescond,WTA
315281,Elodie Rogge-Dietrich,WTA
312390,Elodie Rouzier,WTA
311423,Eloisa Compostizo De Andres,WTA
313735,Elora Dabija,WTA
30003,Els Callens,WTA
130503,Elsa Morel,WTA
150179,Elsa O'Riain,WTA
316013,Elyne Boeykens,WTA
330274,Elyse Tse,WTA
326183,Elysia Bolton,WTA
330218,Elza Tomase,WTA
312914,Elze Potgieter,WTA
315134,Ema Burgic,WTA
100142,Ema Janaskova,WTA
316036,Ema Mikulcic,WTA
314700,Ema Polic,WTA
323715,Ema Vasic,WTA
312766,Emelyn Starr,WTA
320435,Emerald Able,WTA
316475,Emi Mutaguchi,WTA
312677,Emi Sakurai,WTA
40407,Emilia Desiderio,WTA
312870,Emilia Yorio,WTA
20629,Emilie Bacquet,WTA
323620,Emilie Francati,WTA
327144,Emilie Lindh Gallagher,WTA
120277,Emilie Loit,WTA
200377,Emilie Trouche,WTA
330882,Emilija Tverijonaite,WTA
321033,Emily Arbuthnott,WTA
317675,Emily Fanning,WTA
314522,Emily Fraser,WTA
80417,Emily Hewson,WTA
130714,Emily Marker,WTA
322472,Emily Seibold,WTA
190763,Emily Stellato,WTA
230283,Emily Webley-Smith,WTA
323705,Emily Welker,WTA
328942,Emma Davis,WTA
321143,Emma Ek,WTA
315007,Emma Flood,WTA
70426,Emma Gott,WTA
313860,Emma Hayman,WTA
320285,Emma Higuchi,WTA
324025,Emma Hurst,WTA
312970,Emma Kidd,WTA
310237,Emma Laine,WTA
324970,Emma Lene,WTA
332898,Emma Martellenghi,WTA
324310,Emma Mazzoni,WTA
311665,Emma Murphy,WTA
331688,Emma Tothova,WTA
329944,Emma Van Poppel,WTA
328623,Emma Wilson,WTA
320359,Emmanuelle De Beer,WTA
50151,Emmanuelle Edon,WTA
70245,Emmanuelle Gagliardi,WTA
324971,Emmanuelle Girard,WTA
320788,Emmanuelle Salas,WTA
130723,En Yue Ma,WTA
319680,Ena Kajevic,WTA
332501,Ena Koike,WTA
325228,Enola Chiesa,WTA
190536,Eny Sulistyowati,WTA
317138,Eri Hozumi,WTA
311403,Eri Nozawa,WTA
325295,Eri Shimizu,WTA
10127,Erica Adams,WTA
20444,Erica Biro,WTA
110377,Erica Krauth,WTA
322715,Erica Oosterhout,WTA
30479,Erika Clarke,WTA
40131,Erika De Lone,WTA
321235,Erika Drozd Pereira,WTA
160358,Erika Pineider,WTA
311832,Erika Sema,WTA
311499,Erika Takao,WTA
220244,Erika Valdes,WTA
320450,Erika Vogelsang,WTA
311840,Erika Zanchetta,WTA
310647,Eriko Mizuno,WTA
20664,Erin Burdette,WTA
316227,Erin Clark,WTA
312724,Erin Liefeld,WTA
322811,Erina Hayashi,WTA
331826,Eryn Cayetano,WTA
310883,Essi Laine,WTA
10336,Estefania Aldana Estremera,WTA
311199,Estefania Balda Alvarez,WTA
310463,Estefania Craciun,WTA
40382,Estefania Daubioul,WTA
314308,Estefania Donnet,WTA
322442,Estela Perez-Somarriba,WTA
318181,Estelle Cascino,WTA
312956,Estelle Guisard Diemer,WTA
315355,Ester Goldfeld,WTA
312886,Ester Masuri,WTA
328185,Esther Bataille,WTA
331229,Esther Vyrlan,WTA
311235,Estrella Cabeza Candela,WTA
328739,Eszter Meri,WTA
130494,Eszter Molnar,WTA
310635,Etsuko Kitazaki,WTA
250067,Etsuko Yamada,WTA
30499,Eugenia Chialvo,WTA
324563,Eugenia Ganga,WTA
332428,Eugenia Jazmin Ceinos,WTA
313867,Eugenia Yordanova,WTA
319517,Eugenie Chapelle,WTA
313552,Eugeniya Pashkova,WTA
110357,Eun-Ha Kim,WTA
310473,Eun-Hye Cho,WTA
312311,Eun-Jeong Hwang,WTA
120283,Eun-Jeong Lee,WTA
110464,Eun-Kyung Kim,WTA
150168,Eun-Mi Oh,WTA
110509,Eun-Sook Kim,WTA
20572,Eun-Young Ban,WTA
80359,Eun-Young Ha,WTA
324807,Eunhye Lee,WTA
20412,Eva Belbl,WTA
20204,Eva Bes,WTA
20596,Eva Birnerova,WTA
314391,Eva De Block,WTA
40293,Eva Dyrberg,WTA
50082,Eva Erbova,WTA
310408,Eva Fernandez-Brugues,WTA
60295,Eva Fislova,WTA
329077,Eva Garkusha,WTA
310674,Eva Hoch,WTA
80458,Eva Hrdinova,WTA
312303,Eva Kadlecova,WTA
110280,Eva Krejcova,WTA
332481,Eva Maria Ionescu,WTA
130313,Eva Martincova,WTA
318933,Eva Paalma,WTA
310874,Eva Pera,WTA
314205,Eva Pigova,WTA
318671,Eva Raszkiewicz,WTA
320272,Eva Rutarova,WTA
190582,Eva Sestakova,WTA
322299,Eva Siska,WTA
310216,Eva Valkova,WTA
326400,Eva Voracek,WTA
317882,Eva Wacanno,WTA
230294,Eva Wang,WTA
318151,Eva Zagorac,WTA
180301,Evagelia Roussi,WTA
190783,Evelina Scalise,WTA
180470,Eveline Rusdianto,WTA
220286,Eveline Vanhyfte,WTA
60160,Evelyn Fauth,WTA
313671,Evelyn Mayr,WTA
312902,Evgenia Grebenyuk,WTA
110303,Evgenia Kulikovskaya,WTA
310332,Evgenia Linetskaya,WTA
190772,Evgenia Subbotina,WTA
326238,Evgeniya Burdina,WTA
323692,Evgeniya Levashova,WTA
318895,Evgeniya Svintsova,WTA
10338,Evghenia Ablovatchi,WTA
329583,Evialina Laskevich,WTA
40269,Evie Dominikovic,WTA
329003,Evita Ramirez,WTA
120352,Evy Last,WTA
312223,Eylul Benli,WTA
311987,Fabiana Mak,WTA
30578,Fabienne Clavel,WTA
329160,Fabienne Gettwart,WTA
220226,Fabienne Vieille-Grosjean,WTA
260078,Fabiola Zuluaga,WTA
331358,Fang An Lin,WTA
120117,Fang Li,WTA
320396,Fang Ying Xun,WTA
312639,Fani Chifchieva,WTA
321139,Fanny Ostlund,WTA
328290,Farhat Aleen Qamar,WTA
312477,Farida Karaieva,WTA
150147,Fatima Olaso,WTA
312150,Fatima Zahrae El Allami,WTA
311085,Fatimah Abinu,WTA
313828,Fatma Al Nabhani,WTA
318196,Federica Arcidiacono,WTA
323557,Federica Bilardo,WTA
311466,Federica D Ambrosio,WTA
313026,Federica Grazioso,WTA
321396,Federica Joe Gardella,WTA
321766,Federica Prati,WTA
310445,Federica Quercia,WTA
327910,Federica Rossi,WTA
312977,Federica Suess,WTA
326530,Federica Trevisan,WTA
325239,Ferdaous Bahri,WTA
50137,Feriel Esseghir,WTA
320018,Fernanda Astete,WTA
20666,Fernanda Bini,WTA
316854,Fernanda Brito,WTA
310524,Fernanda Caputi,WTA
314424,Fernanda Faria,WTA
311646,Fernanda Hermenegildo,WTA
329361,Feryel Ben Hassen,WTA
70405,Filipa Gabrovska,WTA
20532,Fiona Barrett,WTA
317678,Fiona Codino,WTA
325225,Fiona Ganz,WTA
318322,Fiona Gervais,WTA
313758,Flavia Borges,WTA
315530,Flavia Guimaraes Bueno,WTA
310414,Flavia Mignola,WTA
160391,Flavia Pennetta,WTA
180351,Flavia Rezende,WTA
328235,Flavie Brugnone,WTA
160093,Flora Perfetti,WTA
310982,Florence Haring,WTA
315770,Florencia Di Biasi,WTA
312549,Florencia Molinero,WTA
180398,Florencia Rivolta,WTA
190846,Florencia Salvadores,WTA
311266,Florentina Hanisch,WTA
321529,Frances Altick,WTA
80435,Frances Hendry,WTA
320367,Francesca Bullani,WTA
324188,Francesca Di Lorenzo,WTA
60253,Francesca Frappi,WTA
318476,Francesca Fusinato,WTA
70217,Francesca Guardigli,WTA
120227,Francesca Lubiani,WTA
316048,Francesca Mazzali,WTA
317308,Francesca Palmigiano,WTA
317193,Francesca Rescaldani,WTA
190666,Francesca Schiavone,WTA
312676,Francesca Segarelli,WTA
317394,Francesca Sella,WTA
317619,Francesca Stephenson,WTA
220284,Francesca Volonte,WTA
190739,Francisca  Sintes Martin,WTA
320421,Francoise Abanda,WTA
70443,Francoise Gillis,WTA
310359,Franziska Etzel,WTA
312507,Franziska Goetz,WTA
313034,Franziska Klotz,WTA
314389,Franziska Koenig,WTA
324965,Franziska Kommer,WTA
325231,Franziska Sziedat,WTA
160416,Frederica Piedade,WTA
70313,Frederika Girsang,WTA
326601,Funa Kozaki,WTA
140118,Gabriela Chmelinova,WTA
314371,Gabriela Coglitore,WTA
314445,Gabriela Dabrowski,WTA
318354,Gabriela Duca,WTA
320710,Gabriela Ferreira Sanabria,WTA
316548,Gabriela Horackova,WTA
120351,Gabriela Lastra,WTA
312658,Gabriela Mejia Tenorio,WTA
310418,Gabriela Niculescu,WTA
318460,Gabriela Pantuckova,WTA
314041,Gabriela Paz,WTA
314613,Gabriela Roux,WTA
323122,Gabriela Tatarus,WTA
317314,Gabriela Van De Graaf,WTA
220272,Gabriela Velasco Andreu,WTA
312454,Gabriela Vieira,WTA
220205,Gabriela Volekova,WTA
310036,Gabriela Ziliotto,WTA
314306,Gabriella Barbosa-Costa Silva,WTA
325827,Gabriella Da Silva Fick,WTA
320078,Gabriella De Santis,WTA
326511,Gabriella Mujan,WTA
311488,Gabriella Polito,WTA
328128,Gabriella Price,WTA
321034,Gabriella Taylor,WTA
319219,Gabrielle Andrews,WTA
20717,Gabrielle Baker,WTA
110381,Gabrielle Kucerova,WTA
318626,Gabrielle Smith,WTA
310145,Gaelle Adda,WTA
311893,Gaelle Desperrier,WTA
200217,Gaelle Taton,WTA
230265,Gaelle Widmer,WTA
331808,Gaia Parravicini,WTA
318141,Gaia Sanesi,WTA
322608,Gaia Squarcialupi,WTA
313791,Gail Brodsky,WTA
329692,Gala Arangio,WTA
120176,Gala Leon Garcia,WTA
328966,Galateia Mesochoritou,WTA
60311,Galina Fokina,WTA
130348,Galina Misiuriova,WTA
313065,Galina Semenova,WTA
310419,Galina Voskoboeva,WTA
314418,Gally De Wael,WTA
311695,Galyna Kosyk,WTA
311788,Gangothri Sandri,WTA
315970,Ganna Piven,WTA
317711,Ganna Poznikhirenko,WTA
319692,Gebriela Mihaylova,WTA
130688,Geeta Manohar,WTA
70469,Gemma Gallo Gomez,WTA
326936,Gemma Lairon Navarro,WTA
150183,Gemma Olle,WTA
325740,Genevieve Lorbergs,WTA
310689,Georgette Wright,WTA
319593,Georgia Brescia,WTA
327584,Georgia Drummy,WTA
325817,Georgia Gulin,WTA
331395,Georgia Kalamaris,WTA
312496,Georgia Rose,WTA
311296,Georgie Gent,WTA
40384,Georgina Dinham,WTA
315815,Georgina Garcia Perez,WTA
10147,Geraldine Aizenberg,WTA
312556,Geraldine Roma,WTA
40189,Germana Di Natale,WTA
313101,Giada Calabretta,WTA
318654,Giada Clerici,WTA
70212,Giana Gutierrez,WTA
40414,Gianna Doz,WTA
326289,Gianna Pielet,WTA
311792,Giannina Minieri,WTA
328628,Gina Dittmann,WTA
312797,Ginebra Mostajo-Estrada,WTA
330772,Ginevra Parentini Vallega Montebruno,WTA
330931,Gio Jang,WTA
313497,Gioia Barbieri,WTA
20683,Giorgia Buchanan,WTA
317387,Giorgia Marchetti,WTA
130769,Giorgia Mondani,WTA
130639,Giorgia Mortello,WTA
317994,Giorgia Pinto,WTA
322423,Giorgia Testa,WTA
322825,Giorgie Jones,WTA
40433,Giovanna Di Lauro,WTA
318076,Giovanna Tomita,WTA
313353,Gira Schofield,WTA
40388,Gisela Dulko,WTA
180207,Gisela Riera,WTA
190509,Giselle Swart,WTA
20560,Giulia Baldoni,WTA
314525,Giulia Bruzzone,WTA
324915,Giulia Carbonaro,WTA
30339,Giulia Casoni,WTA
319352,Giulia Crescenzi,WTA
311043,Giulia Gabba,WTA
316409,Giulia Gasparri,WTA
310915,Giulia Gatto-Monticone,WTA
130651,Giulia Meruzzi,WTA
326661,Giulia Morlet,WTA
318542,Giulia Pairone,WTA
316465,Giulia Pasini,WTA
316263,Giulia Sussarello,WTA
326871,Giulia Tedesco,WTA
322506,Giuliana Bestetti,WTA
316060,Giuliana Olmos,WTA
323643,Gloria Ceschi,WTA
318800,Gloria Liang,WTA
160159,Gloria Pizzichini,WTA
312482,Goele Lemmens,WTA
317496,Gopika Kapoor,WTA
321271,Gozal Ainitdinova,WTA
331654,Grace Levelston,WTA
316093,Grace Sari Ysidora,WTA
313183,Gracia Radovanovic,WTA
220150,Graciela Velez,WTA
10230,Greta Arn,WTA
314310,Guadalupe Moreno,WTA
317014,Guadalupe Perez Rojas,WTA
314304,Guillermina Zukerman,WTA
70291,Gulberk Gultekin,WTA
60292,Gulnara Fattakhetdinova,WTA
320113,Guzal Yusupova,WTA
332132,Gyeong Seo Lee,WTA
260134,Gyorgyi Zsiros,WTA
323598,Gyulnara Nazarova,WTA
90070,Habiba Ifrakh,WTA
310608,Hadas Zabusky,WTA
311257,Hae-Sung Kim,WTA
311256,Hae-Youm Bae,WTA
317107,Haine Ogata,WTA
311915,Hana Birnerova,WTA
310119,Hana Kraftova,WTA
325017,Hana Mraz,WTA
190476,Hana Sromova,WTA
330539,Hanna Bougouffa,WTA
313396,Hanna Kapustka,WTA
110502,Hanna Krampe,WTA
318493,Hanna Landener,WTA
140216,Hanna Nooni,WTA
160388,Hanna Puustinen,WTA
323255,Hanna Sokal,WTA
30472,Hannah Collin,WTA
311088,Hannah Eke,WTA
311295,Hannah Grady,WTA
110578,Hannah Kuervers,WTA
160457,Hannah Parker,WTA
312800,Hanne Skak Jensen,WTA
317359,Hao Chen Tang,WTA
332134,Haram Kim,WTA
60306,Haruka Fujishiro,WTA
90066,Haruka Inoue,WTA
323182,Haruna Arakawa,WTA
319131,Hayley Carter,WTA
313944,Hayley Ericksen,WTA
332174,Hayu Kinoshita,WTA
311782,Hea-Mi Kim,WTA
120434,Hee Sun Lyoo-Suh,WTA
332147,Heerae  Im,WTA
310917,Heidi El Tabakh,WTA
60269,Heidi Farr,WTA
20681,Helen Broome,WTA
30205,Helen Crook,WTA
318591,Helen De Cesare,WTA
60326,Helen Fritche,WTA
319871,Helen Ploskina,WTA
20641,Helena Besovic,WTA
331870,Helena Buchwald,WTA
50152,Helena Ejeson,WTA
330568,Helena Mohamed,WTA
326396,Helena Narmont,WTA
310238,Helena Norfeldt,WTA
325860,Helena Stevic,WTA
220102,Helena Vildova,WTA
313364,Helene Auensen,WTA
326198,Helene Pellicano,WTA
320030,Helene Scholsen,WTA
220245,Helga Vieira,WTA
140145,Henrieta Nagyova,WTA
316257,Hermon Brhane,WTA
318414,Hervita  Mediana,WTA
328322,Hibah Shaikh,WTA
319646,Hikari Yamamoto,WTA
328634,Hikaru Sato,WTA
312879,Hila Elster,WTA
180235,Hila Rosen,WTA
313859,Hilary Barte,WTA
314813,Hilda Melander,WTA
260153,Hilda Zuleta Cabrera,WTA
326488,Himari Sato,WTA
110431,Hiroko Komori,WTA
317821,Hiroko Kuwata,WTA
140218,Hiroko Nishikawa,WTA
329154,Hiromi Abe,WTA
150194,Hiromi Okazaki,WTA
314196,Hirono Watanabe,WTA
310762,Hitomi Fujii,WTA
310794,Holly Bagshaw,WTA
312720,Holly Cao,WTA
324486,Holly Hutchinson,WTA
160365,Holly Parkinson,WTA
312429,Holly Richards,WTA
320391,Hongrui Sun,WTA
329153,Honoka Kobayashi,WTA
30585,Hsiao-Han Chao,WTA
325377,Hsin-Yuan Shih,WTA
315739,Hua-Chen Lee,WTA
313498,Huan Xia,WTA
313268,Hui Chen,WTA
322742,Huijie Li,WTA
312294,Hulya Esen,WTA
328003,Humera Baharmus,WTA
325754,Hurricane Black,WTA
328548,Hwui Wi,WTA
328365,Hx Tan,WTA
312310,Hye-Mi Byun,WTA
312169,Hye-Min Lee,WTA
317066,Hyojung Yea,WTA
316120,Hyun Hui Hong,WTA
323183,I-Hsuan Cho,WTA
311456,I-Hsuan Hwang,WTA
230237,I-Ting Wang,WTA
311811,Ia Jikia,WTA
319668,Iana Tishchenko,WTA
180462,Iciri Rai,WTA
323009,Ida Jarlskog,WTA
313367,Idunn Hertzberg,WTA
328976,Ikumi Yamazaki,WTA
312122,Ilana Agranovich,WTA
160463,Ilara Pibiri,WTA
326821,Ilaria Sposetti,WTA
325737,Ilay Yoruk,WTA
312145,Ilge Alpay,WTA
316186,Ilinca Stoica,WTA
320816,Ilka Csoregi,WTA
70428,Ilke Gers,WTA
110535,Ilona Kordonskaya,WTA
317791,Ilona Kremen,WTA
160225,Ilona Poljakova,WTA
310081,Ilona Vichnevskaya,WTA
318101,Ilze Hattingh,WTA
313061,Ima Bohush,WTA
318715,Imane Kocher,WTA
310651,Imke Kusgen,WTA
311689,Ina Hadziselimovic,WTA
320454,Ina Kaufinger,WTA
321992,Inci Ogut,WTA
317461,India Maggen,WTA
314771,Indire Akiki,WTA
319266,Indy De Vroome,WTA
313460,Ineke Mergaert,WTA
330777,Ines Faltinger,WTA
314649,Ines Ferrer Suarez,WTA
80271,Ines Heise,WTA
321913,Ines Ibbou,WTA
313607,Ines James,WTA
312078,Ines Moura,WTA
324374,Ines Nicault,WTA
329432,Ines Oliveira,WTA
322727,Ines Teixeira,WTA
10248,Inga Albers,WTA
313079,Inga Beermann,WTA
160494,Inga Prodinger,WTA
40417,Inge De Geest,WTA
321263,Inger Van Dijkman,WTA
70244,Ingrid Gonzalez,WTA
320146,Ingrid Martins,WTA
322489,Ingrid Neel,WTA
160384,Ingrid Peltier,WTA
315264,Ingrid Radu,WTA
313529,Ingrid Vargas Calvo,WTA
319522,Ingrid Vojcinakova,WTA
313855,Inna Kuzmenko,WTA
318368,Ioana Ducu,WTA
70422,Ioana Gaspar,WTA
313168,Ioana Ivan,WTA
319452,Ioana Loredana Rosca,WTA
323753,Ioana Pietroiu,WTA
160383,Ioana Plesu,WTA
329348,Ioana Zvonaru,WTA
313170,Ionela-Andreea Iova,WTA
190578,Ipek Senoglu,WTA
318822,Ipek Soylu,WTA
90089,Irawati Iskandar,WTA
140122,Irena Nossenko,WTA
312738,Irena Pavlovic,WTA
323889,Irene Lavino,WTA
312440,Irene Rehberger Bescos,WTA
314998,Irene Santos-Bravo,WTA
330720,Irina Balus,WTA
20640,Irina Bobrysheva,WTA
20648,Irina Bulykina,WTA
310817,Irina Buryachok,WTA
324296,Irina Cantos Siemers,WTA
312470,Irina Cybina,WTA
40421,Irina Delitz,WTA
314545,Irina Falconi Hartman,WTA
110370,Irina Kornienko,WTA
310699,Irina Kotkina,WTA
311336,Irina Kuzmina-Rimsa,WTA
324817,Irina Lapustina,WTA
318713,Irina Lidkovskaya,WTA
315261,Irina Ramialison,WTA
190572,Irina Selyutina,WTA
310467,Irina Smirnova,WTA
190185,Irina Spirlea,WTA
10295,Irini Alevizopoulou,WTA
90115,Iris Ichim,WTA
314366,Iris Khanna,WTA
200265,Iroda Tulyaganova,WTA
110544,Iryna Bremond,WTA
313668,Iryna Khatsko,WTA
313248,Iryna Malashok,WTA
323976,Irys Ekani,WTA
325764,Isabel Adrover Gallego,WTA
30599,Isabel Collischonn,WTA
314974,Isabel Rapisarda-Calvo,WTA
330259,Isabella Barrera Aguirre,WTA
326656,Isabella Bozicevic,WTA
314622,Isabella Holland,WTA
329459,Isabella Kruger,WTA
130550,Isabella Mitterlehner,WTA
314795,Isabella Robbiani,WTA
323531,Isabelle Boulais,WTA
331757,Isabelle Lacy,WTA
318978,Isabelle Wallace,WTA
120410,Isha Lakhani,WTA
331495,Iulia Andreea Ionescu,WTA
332867,Iulia Bucea,WTA
314054,Iuliia Kiriienko,WTA
328612,Iuliia Nikitina,WTA
313236,Iuliia Sandrakova,WTA
130316,Iva Majoli,WTA
318464,Iva Mekovec,WTA
319515,Iva Primorac,WTA
70493,Iva Saric,WTA
330836,Iva Sepa,WTA
312340,Iva Velkovska,WTA
10327,Ivana Abramovic,WTA
20491,Ivana Bracun,WTA
325366,Ivana Corley,WTA
310747,Ivana Gelo,WTA
320500,Ivana Horvat,WTA
320360,Ivana Jorovic,WTA
100167,Ivana Jovanovic,WTA
110461,Ivana Kekez,WTA
316754,Ivana King,WTA
310113,Ivana Lisjak,WTA
325856,Ivana Popovic,WTA
327849,Ivana Sebestova,WTA
190727,Ivana Sokac,WTA
316295,Ivana Topcic,WTA
220210,Ivana Visic,WTA
260130,Ivana Zupa,WTA
318877,Ivania Martinich,WTA
310229,Ivanna Israilova,WTA
316775,Iveta Dapkute,WTA
310214,Iveta Gerlova,WTA
20576,Iveta Melzer,WTA
318956,Ivone Alvaro,WTA
321569,Izabela Novac,WTA
30555,Jackie Carleton,WTA
313646,Jacqueline Bohannon,WTA
316222,Jacqueline Cako,WTA
316945,Jacqueline Crawford,WTA
310241,Jacqueline Froehlich,WTA
200036,Jacqueline Trail,WTA
180261,Jacquelyn Rosen,WTA
328727,Jada Bui,WTA
320287,Jada Hart,WTA
322008,Jada Robinson,WTA
329346,Jade Bornay,WTA
312201,Jade Curtis,WTA
315065,Jade Hopper,WTA
321196,Jade Lewis,WTA
330545,Jade Marie,WTA
330270,Jade Otway,WTA
314637,Jade Schoelink,WTA
317274,Jade Suvrijn,WTA
314880,Jade Windley,WTA
313185,Jae-Hee Lyoo,WTA
322016,Jaeda Daniel,WTA
318514,Jainy Scheepens,WTA
313601,Jaklin Alawi,WTA
328280,Jaleesa Leslie,WTA
100164,Jamea Jackson,WTA
312711,Jamie Hampton,WTA
130754,Jamie Macias,WTA
316929,Jan Abaza,WTA
313550,Jana Albers,WTA
324834,Jana Bojovic,WTA
40412,Jana Deylova,WTA
80348,Jana Hlavackova,WTA
320458,Jana Jablonovska,WTA
311801,Jana Juricova,WTA
110329,Jana Kandarr,WTA
120252,Jana Lubasova,WTA
130480,Jana Macurova,WTA
140081,Jana Nejedly,WTA
314220,Jana Orlova,WTA
331510,Jana Stojanova,WTA
314085,Janaki Gunuganti,WTA
30304,Jane Chi,WTA
150182,Jane O'Donoghue,WTA
323146,Jane Wasserson,WTA
20514,Janet Bergman,WTA
120235,Janet Lee,WTA
230293,Janet Walker,WTA
310429,Janette Bejlkova,WTA
80219,Janette Husarova,WTA
328818,Janice Tjen,WTA
314334,Janina Toljan,WTA
320689,Janneke Wikkerink,WTA
327058,Jantje Tilbuerger,WTA
310169,Jarmila Wolfe,WTA
180425,Jasleen Randhawa,WTA
80400,Jaslyn Hewitt,WTA
328986,Jasmijn Gimbrere,WTA
317432,Jasmin Kling,WTA
317738,Jasmin Ladurner,WTA
313414,Jasmin Steinherr,WTA
230219,Jasmin Woehr,WTA
314490,Jasmina Kajtazovic,WTA
314244,Jasmina Tinjic,WTA
321513,Jasmine Amber Asghar,WTA
330283,Jasmine Conway,WTA
315028,Jawairiah Noordin,WTA
315751,Jazmin Britos,WTA
317658,Jazzamay Drew,WTA
150155,Jean Okada,WTA
314335,Jeannine Prentner,WTA
331647,Jelena Cvijanovic,WTA
40344,Jelena Dokic,WTA
313369,Jelena Durisic,WTA
100153,Jelena Jankovic,WTA
110380,Jelena Kostanic Tosic,WTA
323425,Jelena Lukic,WTA
160445,Jelena Pandzic,WTA
312142,Jelena Rajic,WTA
317092,Jelena Simic,WTA
310831,Jelena Stanivuk,WTA
321020,Jelena Stojanovic,WTA
310038,Jenifer Widjaja,WTA
329415,Jenna Defalco,WTA
120435,Jennie Loow,WTA
315414,Jennifer Allan,WTA
30200,Jennifer Capriati,WTA
324459,Jennifer Claffey,WTA
311988,Jennifer Elie,WTA
60151,Jennifer Fiers,WTA
80304,Jennifer Hall,WTA
80389,Jennifer Hopkins,WTA
120375,Jennifer Langer,WTA
322569,Jennifer Luikham,WTA
130696,Jennifer Magley,WTA
130730,Jennifer Miccoli,WTA
130779,Jennifer Migan,WTA
130737,Jennifer Mitchell,WTA
50129,Jennifer Russell,WTA
190861,Jennifer Schmidt,WTA
312050,Jennifer Stevens,WTA
310381,Jennifer Tuchband,WTA
319009,Jennifer Zerbone,WTA
310547,Jennifer-Lee Heinser,WTA
10267,Jenny Andrade,WTA
20595,Jenny Belobrajdic,WTA
110579,Jenny Kuhn,WTA
120341,Jenny Lindstrom,WTA
311721,Jenny Saarnilinna,WTA
313618,Jenny Swift,WTA
260151,Jenny Zika,WTA
30568,Jeong A Cho,WTA
321745,Jeong Kwon,WTA
313563,Jesica Orselli,WTA
329676,Jessica Alsola,WTA
325792,Jessica Bertoldo,WTA
322935,Jessica Crivelletto,WTA
312115,Jessica Engels,WTA
313602,Jessica Ferguson,WTA
60192,Jessica Fernandez,WTA
316962,Jessica Ginier,WTA
319234,Jessica Ho,WTA
313247,Jessica Jackson,WTA
310711,Jessica Kirkland,WTA
319096,Jessica Lawrence,WTA
120344,Jessica Lehnhoff,WTA
325524,Jessica Livianu,WTA
130772,Jessica Mckeown,WTA
312601,Jessica Mezo,WTA
313831,Jessica Moore,WTA
311216,Jessica Nguyen,WTA
321029,Jessica Pieri,WTA
326474,Jessica Plazas,WTA
312363,Jessica Roland-Rosario,WTA
317787,Jessica Sabeshinskaja,WTA
312719,Jessica Schaer,WTA
319084,Jessica Simpson,WTA
190510,Jessica Steck,WTA
190871,Jessica Stein,WTA
318656,Jessica Wacnik,WTA
310373,Jessica Weyreuter,WTA
313260,Jessica Williams,WTA
40393,Jessie De Vries,WTA
180441,Jessie Rochefort,WTA
312690,Jessy Rompies,WTA
160444,Jewel Peterson,WTA
150116,Jheni Osman,WTA
80438,Ji Sun Ha,WTA
317064,Ji-Hee Choi,WTA
314188,Ji-Hee Lee,WTA
313194,Ji-Sun Kim,WTA
311653,Ji-Youn Lee,WTA
310499,Ji-Young Kim,WTA
324322,Jia Ren,WTA
313227,Jia Xiang Lu,WTA
310988,Jia Zhao,WTA
319991,Jiahui Chen,WTA
327451,Jiangxue Han,WTA
323084,Jiaqi Kang,WTA
327056,Jiaqi Wang,WTA
325929,Jiatian Qi,WTA
320849,Jiaxi Lu,WTA
324324,Jiaxue Zang,WTA
325808,Jiaying He,WTA
333672,Jiayou Li,WTA
80430,Jie Hao,WTA
240003,Jie Xu,WTA
311020,Jie Zeng,WTA
260144,Jie Zheng,WTA
327401,Jiho Shin,WTA
317522,Jil Nora Engelmann,WTA
30294,Jill Craybas,WTA
312374,Jillian O'Neill,WTA
321740,Jin Lee,WTA
312275,Jin-A Lee,WTA
30448,Jin-Young Choi,WTA
311943,Jing Ren,WTA
312283,Jing Zhou,WTA
120374,Jing-Jing Liu,WTA
313765,Jing-Jing Lu,WTA
250040,Jing-Qian Yi,WTA
190127,Jitka Schonfeldova,WTA
230194,Jo Ward,WTA
30396,Joana Cortez,WTA
318435,Joana Eidukonyte,WTA
312730,Joana Pangaio Pereira,WTA
318075,Joana Vale Costa,WTA
313494,Joanna Craven,WTA
312533,Joanna Matuszczyk,WTA
190815,Joanna Sakowicz-Kostecka,WTA
323481,Joanna Zawadzka,WTA
10376,Joanne Akl,WTA
130360,Joanne Moore,WTA
110167,Joannette Kruger,WTA
314919,Jocelyn Rae,WTA
311515,Jodi Kenoyer,WTA
180262,Jodie Richardson,WTA
10281,Jody Anglin,WTA
314253,Joelle Kissell,WTA
328971,Joelle Steur,WTA
324363,Johana Markova,WTA
315444,Johanna Hyoty,WTA
313907,Johanna Konta,WTA
311593,Johanna Larsson,WTA
331074,Johanne Svendsen,WTA
130528,Jolanda Mens,WTA
230117,Jolene Watanabe-Giltz,WTA
120430,Joo-Hee Lee,WTA
313319,Joohyoung Kim,WTA
315094,Jordana Lujan,WTA
190791,Jordanna Seymour,WTA
20699,Jorgelina Barrera,WTA
30500,Jorgelina Cravero,WTA
200209,Jorgelina Torti,WTA
312934,Josanne Van Bennekom,WTA
332725,Josefina Estevez,WTA
318272,Josepha Adam,WTA
319853,Josephine Boualem,WTA
318993,Josie Kuhlman,WTA
311469,Josipa Bek,WTA
314406,Josymar Escalona,WTA
317351,Jovana Jovic,WTA
321829,Jovana Knezevic,WTA
312192,Jovana Miletic,WTA
190786,Jovana Stanisljevic,WTA
310534,Jovana Stankovic,WTA
313745,Ju-Eun Kim,WTA
312388,Ju-Hee You,WTA
30558,Juan-Juan Cheng,WTA
327345,Judith Perello Saavedra,WTA
10143,Julia Abe,WTA
310442,Julia Acs,WTA
10350,Julia Arguello,WTA
20644,Julia Babilon,WTA
20567,Julia Biffar,WTA
312543,Julia Bone,WTA
313832,Julia Boserup,WTA
332045,Julia Camblor,WTA
311380,Julia Cohen,WTA
310716,Julia Dziedzic,WTA
310266,Julia Efremova,WTA
319205,Julia Elbaba,WTA
70491,Julia Gandia,WTA
312889,Julia Glushko,WTA
313381,Julia Goerges,WTA
314010,Julia Helbet,WTA
312152,Julia Hodes,WTA
320460,Julia Jones,WTA
317081,Julia Kimmelmann,WTA
324300,Julia Konishi Camargo Silva,WTA
314243,Julia Landauer,WTA
317713,Julia Lohoff,WTA
327942,Julia Lovqvist,WTA
120245,Julia Lutrova,WTA
314413,Julia Mayr,WTA
313783,Julia Moriarty,WTA
324963,Julia Oczachowska,WTA
311184,Julia Paetow,WTA
313503,Julia Parasyuk,WTA
322263,Julia Payola,WTA
322733,Julia Rosenqvist,WTA
316498,Julia Samuseva,WTA
190711,Julia Schruff,WTA
130736,Julia Skripnik,WTA
190788,Julia Smith,WTA
316655,Julia Stamatova,WTA
319626,Julia Terziyska,WTA
314821,Julia Thiem,WTA
220248,Julia Vakulenko,WTA
316761,Julia Valetova,WTA
325353,Julia Vulpio,WTA
312457,Juliana Botelho,WTA
316573,Julianna Bacelar,WTA
311781,Julianna Gates,WTA
30548,Julie Coin,WTA
40235,Julie Dawson,WTA
40361,Julie De Roo,WTA
40319,Julie Ditty,WTA
313379,Julie Fratoni,WTA
315935,Julie Gervais,WTA
80005,Julie Halard-Decugis,WTA
319287,Julie Noe,WTA
160183,Julie Pullin,WTA
321972,Julie Razafindranaly,WTA
190116,Julie Shiflet,WTA
330951,Julie Struplova,WTA
190535,Julie Thu,WTA
319173,Julie Tringa,WTA
180401,Julieta Robin,WTA
325843,Juliette Mazzoni,WTA
312287,Julija Gotovskyte,WTA
316391,Julija Lukac,WTA
328236,Juline Fayard,WTA
323010,Julita Saner,WTA
323749,Julyette Steur,WTA
331954,June Bjork,WTA
313193,Jung-Eun Kim,WTA
311396,Jung-Yoon Shin,WTA
332675,Junhan Zhang,WTA
140195,Junri Namigata,WTA
332726,Justina Gonzalez Daniele,WTA
319470,Justine De Sutter,WTA
80350,Justine Henin,WTA
311752,Justine Ozga,WTA
323566,Justine Pysson,WTA
313805,Justyna Jegiolka,WTA
326191,Justyna Malatinska,WTA
329719,Jwany Sherif,WTA
220264,Jyotsna Vasisht,WTA
200297,Ka-Po Tong,WTA
313923,Kai-Chen Chang,WTA
315072,Kai-Lin Zhang,WTA
312971,Kairangi Vano,WTA
315942,Kaitlyn Christian,WTA
320662,Kaitlyn Mccarthy,WTA
317988,Kamila Kerimbayeva,WTA
326909,Kamilla Bartone,WTA
130770,Kamini Murugaboopathy,WTA
318694,Kamonwan Buayam,WTA
318262,Kana Daniel,WTA
311465,Kana Watanabe,WTA
311410,Kanae Hisami,WTA
319587,Kanako Morisaki,WTA
318869,Kanami Tsuji,WTA
318683,Kanika Vaidya,WTA
315376,Kanyapat Narattana,WTA
10273,Kaori Aoyama,WTA
311838,Kaori Onishi,WTA
311780,Kaoru Maezawa,WTA
310375,Kara Molony-Hussey,WTA
314386,Karen Barritza,WTA
311651,Karen Castiblanco,WTA
30238,Karen Cross,WTA
314945,Karen Filippou,WTA
60324,Karen Fodera,WTA
318287,Karen Hernandez,WTA
329046,Karen Marthiens,WTA
140031,Karen Nugent,WTA
160386,Karen Paterson,WTA
314588,Karen Ramirez Rivera,WTA
322729,Kariann Pierre-Louis,WTA
318229,Karin Kennel,WTA
311299,Karin Knapp,WTA
110053,Karin Kschwendt,WTA
130342,Karin Miller,WTA
316007,Karin Morgosova,WTA
160249,Karin Palme,WTA
312742,Karin Schlapbach,WTA
80186,Karina Habsudova,WTA
316198,Karina Isayan,WTA
100119,Karina Jacobsgaard,WTA
110369,Karina Karner,WTA
317128,Karina Pimkina,WTA
313431,Karina Venditti,WTA
320947,Karina Vyrlan,WTA
90101,Karine Ionesco,WTA
328157,Karine Job,WTA
324263,Karine Sarkisova,WTA
316004,Karis Ryan,WTA
160429,Karishma Patel,WTA
314650,Karla Gallardo,WTA
130683,Karla Mancinas,WTA
130635,Karla Mraz,WTA
317734,Karla Popovic,WTA
330037,Karla Portalatin,WTA
160493,Karla Porter,WTA
323593,Karman Thandi,WTA
320566,Karola  Bejenaru,WTA
322740,Karolayne Alexandre Da Rosa,WTA
325928,Karolina Berankova,WTA
313245,Karolina Domanski,WTA
312534,Karolina Filipiak,WTA
100087,Karolina Jagieniak,WTA
311924,Karolina Jovanovic,WTA
311382,Karolina Kosinska,WTA
329463,Karolina Kozakova,WTA
327411,Karolina Kubanova,WTA
320436,Karolina Novotna,WTA
310725,Karolina Nowak,WTA
190722,Karolina Sadaj,WTA
320769,Karolina Snita,WTA
190881,Karolina Sprem,WTA
320300,Karolina Stuchla,WTA
327726,Karolina Vlckova,WTA
311553,Karolina Wlodarczak,WTA
20454,Karoline Borgersen,WTA
319493,Karoline Kurz,WTA
313164,Karoline Steiro,WTA
321225,Karyn Guttormsen,WTA
324305,Kassandra Davesne,WTA
317603,Kassandra Dunser,WTA
10294,Kasumi Aiko,WTA
130497,Katalin Marosi,WTA
130408,Katalin Miskolczi,WTA
314844,Katarena Paliivets,WTA
317372,Katarina Adamovic,WTA
321292,Katarina Jokic,WTA
110605,Katarina Kachlikova,WTA
326459,Katarina Kuzmova,WTA
315550,Katarina Marackova,WTA
313121,Katarina Milinkovic,WTA
130419,Katarina Misic,WTA
314157,Katarina Mlcochova,WTA
313950,Katarina Poljakova,WTA
190636,Katarina Srebotnik,WTA
321681,Katarina Stresnakova,WTA
313524,Katarina Tuohimaa,WTA
310255,Katarina Zoricic,WTA
322882,Katarzyna Pitak,WTA
313806,Katarzyna Piter,WTA
310791,Katarzyna Siwosz,WTA
190623,Katarzyna Straczy,WTA
230292,Katarzyna Walukiewicz,WTA
50128,Kate Elliott,WTA
333117,Kate Fakih,WTA
311664,Kate Jolson,WTA
120359,Kate Lutgert,WTA
160440,Kate Pinchbeck,WTA
20486,Katerina Basternakova,WTA
310979,Katerina Bohmova,WTA
324601,Katerina Filip,WTA
317985,Katerina Kaminkova,WTA
311910,Katerina Kramperova,WTA
110189,Katerina Siskova,WTA
320619,Katerina Stewart,WTA
323798,Katerina Tsygourova,WTA
312347,Katerina Vankova,WTA
326630,Kateryna Diatlova,WTA
310821,Kateryna Herth,WTA
332763,Kateryna Lazarenko,WTA
312746,Kateryna Malakhova,WTA
311503,Kateryna Polunina,WTA
320993,Kateryna Sliusar,WTA
314065,Kateryna Yergina,WTA
314486,Katharina Brown,WTA
320869,Katharina Gerlach,WTA
319530,Katharina Hering,WTA
316532,Katharina Holert,WTA
313418,Katharina Killi,WTA
317832,Katharina Lehnert,WTA
316544,Katharina Negrin,WTA
313154,Katharina Scholtisek,WTA
310678,Katharine Baker,WTA
322720,Katharine Fahey,WTA
316740,Katherine  Miranda-Chang,WTA
319560,Katherine Ip,WTA
316523,Katherine Westbury,WTA
20676,Kathleen Blaszak,WTA
324681,Kathleen Kanev,WTA
230279,Kathrin Woerle-Scheller,WTA
220257,Kathy Vymetal,WTA
230239,Kati Wolner,WTA
10194,Katia Altilia,WTA
180210,Katia Rodrigues,WTA
310792,Katia Sabate,WTA
330303,Katie Codd,WTA
70404,Katie Granson,WTA
130719,Katie Mcglennen,WTA
130768,Katie Miles,WTA
150193,Katie O'Brien,WTA
314063,Katie Orletsky,WTA
180434,Katie Ruckert,WTA
190369,Katie Schlukebir,WTA
20715,Katja Blocker,WTA
110400,Katja Kovac,WTA
315688,Katja Milas,WTA
328864,Katja Wiersholm,WTA
260075,Katja Zenklusen,WTA
326398,Katriin Saar,WTA
313142,Katrin Klein,WTA
20604,Katrina Bandere,WTA
140043,Katrina Nimmers,WTA
319332,Katrine Steffensen,WTA
323250,Katsiaryna Skachkova,WTA
319016,Katy Dunne,WTA
321464,Katya Malikova,WTA
329585,Katya Townsend,WTA
325616,Katyarina Paulenka,WTA
20610,Kaur Harsimran Bedi,WTA
110499,Kavitha Krishnamurthy,WTA
332627,Kayo Nishimura,WTA
190657,Kaysie Smashey,WTA
310636,Kazusa Ito,WTA
313301,Kei Sekine,WTA
90057,Keiko Ishida,WTA
140089,Keiko Nagatomi,WTA
200261,Keiko Taguchi,WTA
200285,Keiko Tameishi,WTA
200282,Keiko Tokuda,WTA
322178,Keisha Clousing,WTA
324303,Kelia Le Bihan,WTA
80424,Kelley Hyndman,WTA
20594,Kellie Browne,WTA
310202,Kelly Anderson,WTA
322536,Kelly Chen,WTA
313099,Kelly Couturier,WTA
312407,Kelly De Beer,WTA
332103,Kelly Keller,WTA
120339,Kelly Liggan,WTA
130681,Kelly Mc Cain,WTA
312418,Kelly Schmandt,WTA
190842,Kelly Simkin,WTA
200368,Kelly Taylor,WTA
330077,Kelly Vargas Gonzalez,WTA
318227,Kelly Versteeg,WTA
321254,Kelly Williford,WTA
319316,Kelsey Laurente,WTA
329431,Kendra Bunch,WTA
323920,Kennedy Shaffer,WTA
311224,Keren Shlomo,WTA
312172,Keri Wong,WTA
318286,Kerrie Cartwright,WTA
70084,Kerry-Anne Guse,WTA
317965,Kerstin Peckl,WTA
315367,Khristina Blajkevitch,WTA
315370,Khristina Kazimova,WTA
314584,Kiki Bertens,WTA
30386,Kildine Chevalier,WTA
310377,Kim Anh Nguyen,WTA
30458,Kim Clijsters,WTA
310079,Kim Coventry,WTA
40227,Kim De Weille,WTA
314730,Kim Grajdek,WTA
70122,Kim Grant,WTA
110554,Kim Kambic,WTA
110440,Kim Kilsdonk,WTA
312898,Kimberley Ruxton,WTA
318273,Kimberley Zimmermann,WTA
318143,Kimberley-Ann Surin,WTA
312389,Kimberly Couts,WTA
160101,Kimberly Po-Messerli,WTA
40130,Kimiko Date,WTA
328136,Kimmi Hance,WTA
20506,Kinga Berecz,WTA
312880,Kinnie Laisne,WTA
330337,Kira Pavlova,WTA
310331,Kirsten Flipkens,WTA
312094,Kirsten Flower,WTA
60126,Kirstin Freye,WTA
311219,Kirsty Woolley,WTA
323970,Kisa Yoshioka,WTA
310337,Kit Carson,WTA
319400,Klaartje Liebens,WTA
311713,Klaartje Van Baarle,WTA
317221,Klara Fabikova,WTA
80452,Klara Hladka,WTA
310587,Klara Jagosova,WTA
110492,Klara Koukalova,WTA
314780,Klaudia Boczova,WTA
315126,Klaudia Gawlik,WTA
100159,Klaudia Jans-Ignacik,WTA
313043,Klaudia Malenovska,WTA
330476,Klaudija Bubelyte,WTA
331505,Koharu Niimi,WTA
310663,Kokoro Takehara,WTA
312686,Komang-Sri Maryati,WTA
322915,Komola Umarova,WTA
311200,Korina Perkovic,WTA
315543,Kotomi Takahata,WTA
190914,Krisel Sverko,WTA
317183,Krista Hardebeck,WTA
220261,Kristel Van Der Perre,WTA
190885,Kristen Schlukebir,WTA
220250,Kristen Van Elden,WTA
312087,Kristi Miller,WTA
331986,Kristiana Sidorova,WTA
316159,Kristie Ahn,WTA
20303,Kristie Boogert,WTA
30517,Kristin Cargill,WTA
120391,Kristin Lam,WTA
310382,Kristin Martinez,WTA
324608,Kristin Younes,WTA
310281,Kristina Andlovic,WTA
313238,Kristina Antoniychuk,WTA
312578,Kristina Barrois,WTA
20323,Kristina Brandi,WTA
20659,Kristina Jarkenstedt,WTA
110496,Kristina Kraszewski,WTA
310159,Kristina Michalakova,WTA
324938,Kristina Milenkovic,WTA
324192,Kristina Miletic,WTA
310278,Kristina Movsesyan,WTA
320557,Kristina N Smith,WTA
326209,Kristina Novak,WTA
318518,Kristina Ostojic,WTA
331581,Kristina Paskauskas,WTA
321104,Kristina Schmiedlova,WTA
313844,Kristina Steiert,WTA
200236,Kristina Triska,WTA
20480,Kristy Bayer,WTA
20686,Kristy Blumberg,WTA
310710,Kristy Dascoli,WTA
312093,Kristy Frilling,WTA
320991,Kristyna Hrabalova,WTA
327360,Kristyna Lavickova,WTA
313975,Kristyna Pliskova,WTA
330148,Kristyna Tomajkova,WTA
311375,Krizia Borgarello,WTA
310767,Krushmi Chheda,WTA
329886,Krystal Blanch,WTA
311821,Krysty Marcio,WTA
330251,Ksenia Agureeva,WTA
320302,Ksenia Dmitrieva,WTA
320701,Ksenia Gaydarzhi,WTA
316760,Ksenia Kirillova,WTA
317143,Ksenia Kolesnikova,WTA
313303,Ksenia Lykina,WTA
312814,Ksenia Milevskaya,WTA
312755,Ksenia Palkina,WTA
313537,Ksenia Pervak,WTA
331039,Ksenia Zaytseva,WTA
320489,Kseniia Becker,WTA
319194,Ksenija Sharifova,WTA
326879,Kseniya Yersh,WTA
323184,Kumi So,WTA
90100,Kumiko Iijima,WTA
40301,Kun Deng,WTA
315129,Kun-Hee Kim,WTA
314344,Kurumi Nara,WTA
80218,Kveta Peschke,WTA
320842,Kwan Yau Ng,WTA
110560,Kwon-Hee Kim,WTA
316990,Kyle Mcphillips,WTA
327864,Kylie Collins,WTA
70457,Kylie Gottsche,WTA
80256,Kylie Hunt,WTA
322540,Kylie Mckenzie,WTA
331494,Kyoka Kubo,WTA
140155,Kyra Nagy,WTA
315558,Kyra Shroff,WTA
30445,Kyung Yee Chae,WTA
30451,Kyung-Mi Chang,WTA
100113,La Shawnn Jones,WTA
325721,Laetitia Pulchartova,WTA
190687,Laetitia Sanchez,WTA
316831,Laetitia Sarrazin,WTA
329203,Laia Petretic,WTA
313886,Laila Ben Abderrahman,WTA
310295,Laila Shetty,WTA
314683,Laili Rahmawati Ulfa,WTA
311643,Lais Ogata,WTA
50116,Lamia Essaadi,WTA
321927,Lamis Alhussein Abdel Aziz,WTA
200340,Lan Lan Tai,WTA
250088,Lan Yao,WTA
130380,Lana Miholcek,WTA
160465,Lana Popadic,WTA
326765,Lana Sipek,WTA
332736,Laquisa Khan,WTA
311005,Lara Alexander,WTA
315296,Lara Arruabarrena,WTA
40420,Lara Del Saz,WTA
331375,Lara Diaz Zayas,WTA
326473,Lara Escauriza,WTA
312517,Lara Fakhoury,WTA
310606,Lara Giltinan,WTA
316250,Lara Michel,WTA
326938,Lara Panfilov,WTA
314268,Lara Pedranzini,WTA
330088,Lara Pfeifer,WTA
311341,Lara Picone,WTA
323485,Lara Salden,WTA
325155,Lara Schmidt,WTA
332211,Lara Stojanovski,WTA
220089,Lara Van Rooyen,WTA
332365,Lara Walker,WTA
313232,Larikah Russell,WTA
316496,Larisa Sporea,WTA
310033,Larissa Carvalho,WTA
312781,Larissa Ferreira Melo,WTA
190313,Larissa Schaerer,WTA
312015,Latisha Chan,WTA
315635,Laura Apaolaza-Miradevilla,WTA
326831,Laura Ashley,WTA
20507,Laura Bao,WTA
311658,Laura Bsoul,WTA
332961,Laura Cilekova,WTA
322122,Laura Daniela Arciniegas Patiño,WTA
318155,Laura Deigman,WTA
40304,Laura Dell'Angelo,WTA
60315,Laura Figuerola,WTA
60216,Laura Fodorean,WTA
70423,Laura Granville,WTA
310912,Laura Haberkorn,WTA
80453,Laura Heckler,WTA
322492,Laura Heinrichs,WTA
329759,Laura Hietaranta,WTA
312269,Laura Ioana Paar,WTA
327999,Laura Mair,WTA
325468,Laura Maluniakova,WTA
160306,Laura Pena,WTA
312544,Laura Peterzan,WTA
312376,Laura Pola,WTA
160481,Laura Pous-Tio,WTA
326281,Laura Radakovic,WTA
180032,Laura Ritchey,WTA
316629,Laura Robson,WTA
180472,Laura Rocchi,WTA
322883,Laura Sainsbury,WTA
317433,Laura Schaeder,WTA
318461,Laura Svatikova,WTA
311629,Laura Thorpe,WTA
318294,Laura Ucros,WTA
310974,Laura Vallverdu-Zaira,WTA
311053,Laura Zelder,WTA
313053,Laura-Alicia Aguilar,WTA
80447,Laura-Ramona Husaru,WTA
312952,Lauren Albanese,WTA
20580,Lauren Barnikow,WTA
20603,Lauren Breadmore,WTA
310086,Lauren Cheung,WTA
30532,Lauren Colalillo,WTA
311945,Lauren Dossor,WTA
315253,Lauren Embree,WTA
310273,Lauren Fisher,WTA
316088,Lauren Herring,WTA
312074,Lauren Imre,WTA
110452,Lauren Kalvaria,WTA
312272,Lauren Lui,WTA
318964,Lauren Marker,WTA
322004,Lauren Proctor,WTA
312354,Lauren Shumate,WTA
10110,Laurence Andretto,WTA
30454,Laurence Combes,WTA
30261,Laurence Courtois,WTA
70314,Laurence Garcia-Clement,WTA
311350,Laurene Fayol,WTA
325773,Lauryn John-Baptiste,WTA
311458,Lavinia Tananta,WTA
331129,Lavinia Tanasie,WTA
325687,Layne Sleeth,WTA
328763,Le Yi Liu,WTA
70191,Lea Ghirardi,WTA
328878,Lea Ma,WTA
325663,Lea Romain,WTA
319028,Lea Tholey,WTA
20492,Leanne Baker,WTA
317759,Lee Or,WTA
310804,Lei Huang,WTA
20623,Leigh Bradwell,WTA
311292,Lejla Hodzic,WTA
80432,Lella Husic,WTA
315426,Lena Litvak,WTA
319338,Lena Lutzeier,WTA
321467,Lena Reichel,WTA
321841,Lena Ruppert,WTA
314845,Lena-Marie Hofmann,WTA
312613,Lenka Broosova,WTA
30299,Lenka Cenkova,WTA
313302,Lenka Danielova,WTA
40380,Lenka Dlhopolcova,WTA
312612,Lenka Hojckova,WTA
319264,Lenka Jara,WTA
315596,Lenka Jurikova,WTA
140117,Lenka Nemeckova,WTA
140176,Lenka Novotna,WTA
160478,Lenka Potocarova,WTA
190869,Lenka Snajdrova,WTA
327035,Lenka Stara,WTA
200352,Lenka Tvaroskova,WTA
311805,Lenka Wienerova,WTA
311437,Lenore Lazaroiu,WTA
311312,Leonie Mekel,WTA
322171,Lesedi Jacobs,WTA
110002,Lesley Kramer,WTA
20539,Leslie Butkiewicz,WTA
30296,Leslie Cavanaugh-Rose,WTA
312539,Leticia Costas,WTA
190774,Leticia Sobral,WTA
311867,Letizia Lo Re,WTA
327675,Lexie Stevens,WTA
330875,Lexington Reed,WTA
329811,Leyla Britez Risso,WTA
330635,Leyla Elmas,WTA
30403,Li Chen,WTA
80431,Li Huang,WTA
30147,Li Ling Chen,WTA
200199,Li Tong,WTA
315269,Li Xi,WTA
312279,Li-Li Ding,WTA
20689,Liana Ungur,WTA
316364,Libby Muma,WTA
318747,Libi Mesh,WTA
160292,Libuse Prusova,WTA
320958,Lidia Moreno Arias,WTA
316850,Lidziya Marozava,WTA
313015,Liene Linina,WTA
80258,Liezel Huber,WTA
40341,Liga Dekmeijere,WTA
190648,Liina Suurvarik,WTA
329031,Likhitha Kalava,WTA
150134,Lilia Osterloh,WTA
320787,Lilla Barzo,WTA
325578,Lilly Håseth,WTA
330301,Lily Fairclough,WTA
331640,Lily Taylor,WTA
314098,Lina Bennani,WTA
110489,Lina Krasnoroutskaya,WTA
317516,Lina Lileikite,WTA
310698,Lina Stanciute,WTA
312068,Linda Agazzi,WTA
10344,Linda Akkerman,WTA
315562,Linda Mair,WTA
318162,Linda Prenkovic,WTA
329547,Linda Salvi,WTA
326665,Linda Sevcikova,WTA
310168,Linda Smolenakova,WTA
313386,Lindsay Cox,WTA
40106,Lindsay Davenport,WTA
40334,Lindsay Dawaf,WTA
120281,Lindsay Lee-Waters,WTA
316744,Lindsey Hardenbergh,WTA
311913,Lindsey Jones,WTA
310067,Lindsey Nelson,WTA
313228,Ling Zhang,WTA
324111,Linnea Malmqvist,WTA
190653,Lioudmila Skavronskaia,WTA
40373,Lisa D'Amelio,WTA
60154,Lisa Fritz,WTA
311659,Lisa Haegele,WTA
130670,Lisa Mackey,WTA
315636,Lisa Maria Reichmann,WTA
313722,Lisa Marshall,WTA
321120,Lisa Matviyenko,WTA
325815,Lisa Mays,WTA
130333,Lisa Mcshea,WTA
325931,Lisa Piccinetti,WTA
321657,Lisa Ponomar,WTA
170021,Lisa Quiller,WTA
180144,Lisa Raymond,WTA
312998,Lisa Sabino,WTA
315326,Lisa Summerer,WTA
200374,Lisa Tognetti,WTA
315801,Lisa Whybourn,WTA
314961,Lisa-Maria Moser,WTA
318315,Lisa-Marie Maetschke,WTA
322971,Lisa-Marie Rioux,WTA
312392,Lisanne Balk,WTA
315971,Lisanne Van Riet,WTA
311101,Liset Brito Herrera,WTA
317492,Liubov Vasilyeva,WTA
140191,Liudmila Nikoyan,WTA
317126,Liudmila Vasilyeva,WTA
10349,Livia Azzi,WTA
316695,Liz Tatiane Koehler Bogarin,WTA
10184,Liza Andriyani,WTA
160476,Liza Pereira Viplav,WTA
311077,Lizaan Du Plessis,WTA
323252,Lizaveta Hancharova,WTA
140190,Ljiljana Nanusevic,WTA
310121,Ljubica Avramovic,WTA
326634,Lola Marandel,WTA
60346,Lolita Frangulyan,WTA
312602,Lorena Ivette Arias Rodriguez,WTA
220290,Lorena Villalobos Cruz,WTA
220275,Lorenza Vaschetto,WTA
230129,Lorna Woodroffe,WTA
325232,Lorraine Guillermo,WTA
190705,Lotty Seelen,WTA
319846,Lou Adler,WTA
317680,Lou Brouleau,WTA
325283,Loudmilla Bencheikh,WTA
318296,Louise Brunskog,WTA
311297,Louise Doutrelant,WTA
320720,Louise Kwong,WTA
318532,Louise Lampla,WTA
120303,Louise Latimer,WTA
330743,Lourdes Ayala,WTA
40300,Lourdes Domínguez Lino,WTA
120220,Lourdes Lopez,WTA
310712,Lourdes Pascual Rodriguez,WTA
315069,Lu Guo,WTA
312827,Lu-Ling Chen,WTA
330346,Luana Plaza Araujo,WTA
20243,Lubomira Bacheva,WTA
110527,Lubomira Kurhajcova,WTA
320172,Luca Nagymihaly,WTA
331004,Luca Udvardy,WTA
317807,Lucia Butkovska,WTA
314296,Lucia Cervera-Vazquez,WTA
324746,Lucia De La Puerta Uribe,WTA
312099,Lucia Gonzalez,WTA
312865,Lucia Jara Lozano,WTA
310491,Lucia Jimenez,WTA
328813,Lucia Llinares Domingo,WTA
324048,Lucia Marzal Martinez,WTA
330499,Lucia Peyre,WTA
190884,Lucia Sainz-Pelegri,WTA
200345,Lucia Tallo,WTA
316150,Lucia Vrskova,WTA
327762,Luciana Blatter,WTA
130536,Luciana Masante,WTA
330756,Luciana Moyano,WTA
311772,Luciana Sarmenti,WTA
10136,Lucie Ahl,WTA
310849,Lucie Hradecka,WTA
310215,Lucie Kriegsmannova,WTA
313205,Lucie Makrlikova,WTA
329092,Lucie Nguyen Tan,WTA
328529,Lucie Petruzelova,WTA
310553,Lucie Safarova,WTA
190442,Lucie Steflova,WTA
331493,Lucie Urbanova,WTA
322709,Lucie Wargnier,WTA
310727,Lucija Krzelj,WTA
70281,Lucinda Gibbs,WTA
316837,Lucy Brown,WTA
312190,Lucy Fletcher,WTA
311862,Lucy Warburton,WTA
230253,Lucy Wood,WTA
30390,Ludmila Cervanova,WTA
180252,Ludmila Richterova,WTA
220159,Ludmilla Varmuza,WTA
190486,Lui Li Shen,WTA
310161,Luisa Barcaui,WTA
310330,Luisa Cowper,WTA
319803,Luisa Marie Huber,WTA
326402,Luisa Meyer Auf Der Heide,WTA
318346,Luisa Rosa,WTA
321047,Luisa Stefani,WTA
325995,Luna Meers,WTA
312931,Lutfiana Aris Budiharto,WTA
190583,Lydia Steinbach,WTA
180305,Lyndsay Reilly,WTA
328585,Lynelle Lim,WTA
314397,Lynn Blau,WTA
319085,Lynn Kiro,WTA
312514,Lynn Philippe,WTA
329139,Lyubov Kostenko,WTA
314701,Lyudmyla Kichenok,WTA
110261,Maaike Koutstaal,WTA
315278,Macall Harkins,WTA
319013,Macarena Olivares Lopez,WTA
312112,Macarena Rodriguez Capilla,WTA
311040,Madalina Gojnea,WTA
330198,Madeleine Jessup,WTA
318357,Madeleine Kobelt,WTA
328718,Madelief Hageman,WTA
326099,Madison Appel,WTA
320263,Madison Bourguignon,WTA
320599,Madison Frahn,WTA
321458,Madison Westby,WTA
310072,Madita Suer,WTA
313380,Madlen Kadur,WTA
110302,Madoka Kuki,WTA
317746,Madrie Le Roux,WTA
311557,Madura Ranganathan,WTA
319909,Maegan Manasse,WTA
331122,Maelle Leclercq,WTA
327128,Maelys Bougrat,WTA
319269,Mafalda Fernandes,WTA
311307,Magali De Lattre,WTA
312763,Magalie Girard,WTA
120278,Magalie Lamarre,WTA
130537,Magda Mihalache,WTA
70322,Magdalena Grzybowska,WTA
311452,Magdalena Kiszczynska,WTA
110348,Magdalena Kucerova,WTA
130245,Magdalena Maleeva,WTA
130566,Magdalena Marszalek,WTA
321402,Magdalena Pantuckova,WTA
312580,Magdalena Rybarikova,WTA
321337,Magdalena Stoilkovska,WTA
313128,Magdalena Tokarczyk,WTA
200373,Magdalena Tokarska,WTA
260098,Magdalena Zdenovcova,WTA
324468,Magdalini Adaloglou,WTA
190482,Magui Serna,WTA
311197,Magy Aziz,WTA
325668,Mahak Jain,WTA
320965,Mahitha Dadi Reddy,WTA
316863,Mai Grage,WTA
316271,Mai Minokoshi,WTA
327225,Mai Nirundorn,WTA
320654,Maia Lumsden,WTA
310644,Maika Ozaki,WTA
90069,Maiko Inoue,WTA
325835,Maileen Nuudi,WTA
312867,Mailen Auroux,WTA
311891,Mailyne Andrieux,WTA
312230,Maite Gabarrus-Alonso,WTA
313768,Maja Kambic,WTA
130556,Maja Matevzic,WTA
130656,Maja Mlakar,WTA
319367,Maja Ornberg,WTA
160113,Maja Palaversic Coopersmith,WTA
311187,Maja Petrovic,WTA
326285,Maja Radenkovic,WTA
312744,Maja Sujica,WTA
316303,Majoly De Wilde,WTA
323071,Makenna Jones,WTA
10284,Maki Arai,WTA
317041,Makiho Kozawa,WTA
317820,Makoto Ninomiya,WTA
317079,Malika Rose,WTA
316825,Malin Ulvefeldt,WTA
322270,Mallaurie Noel,WTA
314596,Mallory Burdette,WTA
314074,Mallory Cecil,WTA
314395,Malou Ejdesgaard,WTA
311192,Mami Inoue,WTA
320852,Man Ying Ng,WTA
318085,Mana Ayukawa,WTA
326489,Mana Kawamura,WTA
312619,Manana Shapakidze,WTA
322219,Manca Pislak,WTA
310431,Mandy Minella,WTA
190939,Mandy Stegman,WTA
319302,Mandy Wagemaker,WTA
327009,Maneva Rakotomalala,WTA
318058,Manisha Foster,WTA
130554,Manisha Malhotra,WTA
318840,Manon Arcangioli,WTA
313012,Manon Garcia,WTA
316236,Manon Peral,WTA
332009,Mansi Vadyala,WTA
312864,Manuela Esposito,WTA
330956,Mao Mushika,WTA
328432,Mara Guth,WTA
314574,Mara Nowak,WTA
190669,Mara Santangelo,WTA
317231,Mara Schmidt,WTA
10326,Marcela Arroyo Vergara,WTA
312801,Marcela Bueno,WTA
50122,Marcela Evangelista,WTA
324198,Marcelina Podlinska,WTA
313559,Marcella Koek,WTA
80337,Marcelle Hirt,WTA
312576,Mareike Biglmaier,WTA
311018,Maren Kassens,WTA
330383,Marente Sijbesma,WTA
10278,Maret Ani,WTA
100083,Mareze Joubert,WTA
30470,Margalita Chakhnashvili-Ranzinger,WTA
315809,Margarida Moura,WTA
315542,Margarita Edinarova,WTA
328826,Margarita Ignatjeva,WTA
313976,Margarita Lazareva,WTA
323651,Margarita Skryabina,WTA
313915,Margarita-Greta Skripnik,WTA
324482,Margaux Bovy,WTA
329162,Margaux Komano,WTA
327126,Margaux Orange,WTA
330376,Margherita Marcon,WTA
180400,Margit Ruutel,WTA
320415,Margot Decker,WTA
322071,Margot Mercier,WTA
200385,Margot Torre,WTA
320862,Margot Yerolymos,WTA
310180,Mari Andersson,WTA
310360,Mari Inoue,WTA
318915,Mari Osaka,WTA
311500,Mari Tanaka,WTA
312531,Mari Yamauchi,WTA
321150,Maria  Viviani,WTA
311275,Maria Abramovic,WTA
319850,Maria Agustina De Carli,WTA
331745,Maria Agustina Farina,WTA
322604,Maria Amicuzi,WTA
313574,Maria Antounia Fohse,WTA
311418,Maria Arkhipova,WTA
312162,Maria Babich,WTA
20421,Maria Boboedova,WTA
330280,Maria Bondarenko,WTA
319755,Maria Canero Perez,WTA
331549,Maria Carolina Ferreira Turchetto,WTA
315455,Maria Claudia Santos Sant'Anna,WTA
328137,Maria Daniels Sierra,WTA
30462,Maria Elena Camerin,WTA
321082,Maria Elena Medina Betancourt,WTA
20590,Maria Eugenia Brito,WTA
312863,Maria Eugenia Roca Recarey,WTA
313564,Maria Fernanda Alvarez Teran,WTA
10258,Maria Fernanda Alves,WTA
311254,Maria Fernanda Riveroll,WTA
327160,Maria Fonte,WTA
330512,Maria Garcia Cid,WTA
312900,Maria Gatalskaya,WTA
70286,Maria Geznenge,WTA
70325,Maria Goloviznina,WTA
311205,Maria Gugel,WTA
320956,Maria Gutierrez Carrasco,WTA
110549,Maria Jedlickova,WTA
314757,Maria Joao Koehler,WTA
130591,Maria Jose  Martinez Sanchez,WTA
10342,Maria Jose Argeri,WTA
319756,Maria Jose Luque Moreno,WTA
320739,Maria Jose Zehnder,WTA
325054,Maria Kaul,WTA
310577,Maria Kirilenko,WTA
312129,Maria Komissarova,WTA
110497,Maria Kondratieva,WTA
323794,Maria Kononova,WTA
325632,Maria Kozyreva,WTA
110582,Maria Kravchenko,WTA
328895,Maria Krupenina,WTA
260115,Maria Letizia Zavagli,WTA
10311,Maria Lorena Alcetegaray,WTA
312782,Maria Luiza Craciun,WTA
326943,Maria Manilova,WTA
320930,Maria Marfutina,WTA
329427,Maria Martinez Hernandez,WTA
318955,Maria Martinez Martinez,WTA
317413,Maria Masini,WTA
313383,Maria Mokh,WTA
313062,Maria Mosolova,WTA
325604,Maria Oliver Sanchez,WTA
260074,Maria Paola Zavagli,WTA
329256,Maria Parra Romero,WTA
319800,Maria Patrascu,WTA
313090,Maria Paula Hernandez,WTA
160299,Maria Pavlidou,WTA
160434,Maria Penkova,WTA
324255,Maria Portillo Ramirez,WTA
328916,Maria Rivera Corado,WTA
313958,Maria Sanchez,WTA
310137,Maria Sharapova,WTA
320618,Maria Shishkina,WTA
330632,Maria Sholokhova,WTA
328933,Maria Shusharina,WTA
312764,Maria Sorbello,WTA
312258,Maria Spenceley,WTA
327931,Maria Tanasescu,WTA
327215,Maria Titova,WTA
324673,Maria Toma,WTA
325373,Maria Urrutia,WTA
70473,Maria Vanina Garcia Sokol,WTA
220070,Maria Vento-Kabchi,WTA
40428,Maria Victoria Domina,WTA
230210,Maria Wolfbrandt,WTA
313965,Maria Zharkova,WTA
322851,Maria Zotova,WTA
311068,Maria-Isabel Camberos,WTA
315750,Maria-Jose Arechavaleta,WTA
311734,Maria-Sol Rotondo,WTA
40020,Mariaan De Swardt,WTA
326533,Mariam Dalakishvili,WTA
313627,Mariam Kurdadze,WTA
180239,Mariam Ramon Climent,WTA
329227,Marian Gomez Pezuela Cano,WTA
328429,Mariana Campino,WTA
30583,Mariana Conde,WTA
30538,Mariana Correa,WTA
315754,Mariana Demichelli Vergara,WTA
40198,Mariana Diaz-Oliva,WTA
318164,Mariana Drazic,WTA
312572,Mariana Duque-Mariño,WTA
80301,Martina Hingis,WTA
10076,Miyako Ataka,WTA
60340,Noelia Furno,WTA
70485,Silvia Gutierrez Quiroga,WTA
230280,Susanne Wild,WTA
70434,Rocio Gonzalez,WTA
220777,Meghha Vakaria,WTA
80404,Nicole Havlicek,WTA
160402,Megan Dorny,WTA
20647,Olga Borisova,WTA
110408,Shizu Katsumi,WTA
30453,Nives Culum,WTA
30486,Sabrina Corazza,WTA
110552,Svetlana Kuznetsova,WTA
120413,Salome Llaguno,WTA
210043,Shikha Uberoi,WTA
220232,Natasha Van Der Merwe,WTA
200333,Melissa Torres Sandoval,WTA
20547,Ramona But,WTA
200272,Yan Tang,WTA
160291,Petra Plackova,WTA
30579,Wilawan Choptang,WTA
70470,Michelle Gerards,WTA
130706,Marta Mir Portell,WTA
70401,Sarah Gregg,WTA
190887,Yevgenia Savranska,WTA
120381,Tetiana Luzhanska,WTA
30508,Veronika Ctvrtnickova,WTA
200364,Yamini Thukkaiandi,WTA
40405,Yan-Hua Dong,WTA
160472,Shenay Perry,WTA
130568,Monica Mastan,WTA
80295,Tumeka Harris,WTA
40357,Michelle Dasso,WTA
140123,Yasuko Nishimata,WTA
20671,Marina Bernshtein,WTA
70446,Paula Guerrero,WTA
200238,Qi Tuo,WTA
80410,Stefanie Hershfield,WTA
220273,Nadejda Vassileva,WTA
10302,Merve Asimgil,WTA
20600,Suzi Becvinovska,WTA
160448,Nandini Perumal,WTA
100154,Thamara Jonkman,WTA
30543,Olivia Crouchent,WTA
40267,Sabina Da Ponte,WTA
250081,Tomoko Yonemura,WTA
20693,Nina Bratchikova,WTA
130647,Neda Mihneva,WTA
110511,Tara Kanbargimath,WTA
150177,Priscila Ortega,WTA
10334,Sofia Arvidsson,WTA
30541,Nicole Clerico,WTA
190856,Veronika Subertova,WTA
180276,Petra Russegger,WTA
110555,Milica Koprivica,WTA
110362,Nora Koves,WTA
20599,Nikita Bhardwaj,WTA
20545,Svetla Bozicnik,WTA
60333,Marta Fraga,WTA
20537,Raffaella Bindi,WTA
160467,Rebecca Pike,WTA
180409,Sarah Riske,WTA
220269,Monique Viele,WTA
30553,Vishika Chhetri,WTA
90109,Reiko Ino,WTA
30520,Nancy Loeffler-Caro,WTA
70449,Sheila Guerberg,WTA
210039,Motoe Uchida,WTA
190832,Petra Spaar,WTA
190117,Rennae Stubbs,WTA
250096,Marianna Yuferova,WTA
190787,Samantha Stosur,WTA
50148,Sabrina Eisenberg,WTA
190820,Rosa Maria Sitja,WTA
10315,Monica Acosta,WTA
20529,Patrycja Bandurowska,WTA
210042,Remi Uda,WTA
20309,Petra Begerow,WTA
210014,Silvia Urickova,WTA
250089,Zi Yan,WTA
80364,Rewa Hudson,WTA
190504,Raluca Sandu,WTA
130690,Svetlana Mossiakova,WTA
190816,Martina Strussova,WTA
20611,Megan Bradley,WTA
20632,Natalia Bogdanova,WTA
230190,Tzu-Ting Weng,WTA
200351,Radhika Tulpule,WTA
220235,Visnja Vuletic,WTA
30424,Marina Caiazzo,WTA
30557,Melinda Czink,WTA
80338,Nikola Hubnerova,WTA
70377,Martha Garzon-Elkins,WTA
20651,Martina Babakova,WTA
70455,Natalia Garbellotto,WTA
130555,Sandra Martinovic,WTA
190714,Nicole Seitenbecher,WTA
70477,Mariona Gallifa Puigdesens,WTA
130643,Milangela Morales,WTA
200349,Nicola Trinder,WTA
220277,Renata Voracova,WTA
100008,Monique Javer,WTA
20505,Valeria Bondarenko,WTA
230260,Marion Walter,WTA
50149,Nina Egger,WTA
130698,Yvonne Meusburger,WTA
70454,Yael Glitzenshtein,WTA
20597,Nathalia Bellizia,WTA
70431,Sheethal Goutham,WTA
200317,Shalini Thakur,WTA
40311,Sabrina Damario,WTA
180430,Zerene Reyes,WTA
130701,Leonne Muller V. Moppes,WTA
200244,Regina Temez,WTA
20550,Marisol Berengeno,WTA
70466,Raissa Gourevitch,WTA
200298,Radoslava Topalova,WTA
190890,Tina Schiechtl,WTA
190765,Xia Sheng,WTA
10157,Patricia Aznar,WTA
210024,Nami Urabe,WTA
30402,Yan Chen,WTA
50102,Marina Escobar,WTA
160425,Sara Pasquinoni,WTA
30407,Victoria Courmes,WTA
190738,Nicole Sewell,WTA
40378,Silvia Disderi,WTA
130650,Melanie Marois,WTA
230278,Scarlett Werner,WTA
200262,Stephanie Testard,WTA
200357,Tomoko Taira,WTA
110314,Oleksandra Kravets,WTA
220047,Olga Votavova,WTA
230286,Ming Hui Wu,WTA
190864,Ma. Teresa Scott,WTA
190520,Samantha Schoeffel,WTA
30564,Stephanie Chu,WTA
120396,Sae-Mi Lim,WTA
210045,Neha Uberoi,WTA
160509,Ridhina Parekh,WTA
180436,Nuria Roig,WTA
180404,Simmi Rani,WTA
80449,Rattiya Hiranrat,WTA
80401,Naoko Horikawa,WTA
40342,Renata Dias,WTA
70478,Michelle Grobby,WTA
190866,Tomoko Sugano,WTA
120356,Orawan Lamangthong,WTA
200338,Sarah Tami-Masi,WTA
190708,Veronica Sartini,WTA
10347,Michal Amir,WTA
40410,Marutha Devi,WTA
40238,Natalie Dittmann,WTA
220270,Visnja Visnjic,WTA
20557,Mhairi Brown,WTA
190917,Veronica Spiegel,WTA
190882,Monika Schneider,WTA
130760,Sanda Mamic,WTA
120328,Zhi-Rong Liu,WTA
180456,Prariyawan Ratanakrong,WTA
190650,Virginia Sadi,WTA
150163,Serra Olgac,WTA
10369,Sunthree Arphanukul,WTA
190680,Sarah Stone,WTA
120298,Rebeca Llorente,WTA
30547,Natalia Coronel,WTA
30561,Marina Cardoso,WTA
20546,Petra Bercik,WTA
130609,Monica Massarella,WTA
130604,Melinda Malouli,WTA
150120,Seden Ozlu,WTA
190903,Neus Sole,WTA
30582,Sophie Anne Cerbon,WTA
220241,Valerie Verrier-Diaconescu,WTA
230288,Zeng Wang,WTA
70425,Ma. Alejandra Garcia,WTA
60290,Ofra Fridman,WTA
30115,Nataly Cahana,WTA
220283,Pamela Van Boekel,WTA
130716,Vanja Mikovic,WTA
180450,Paloma Ruiz-Blanco,WTA
20496,Roberta Borrelli,WTA
20606,Ma. Cristina Bentivoglio,WTA
220254,Romana Valenta,WTA
130748,Mojca Mileta,WTA
200315,Rita Tarjan,WTA
190423,Sylvie Sallaberry,WTA
180461,Preeti Rao,WTA
20501,Marilyn Baker,WTA
200330,Michou Tulfer,WTA
150160,Tracey O'Connor,WTA
30551,Myriam Casanova,WTA
250076,Ying Yu,WTA
120426,Pichaya Laosirichon,WTA
190834,Tassia Sono,WTA
200288,Marina Tasheva,WTA
190691,Misae Sakai,WTA
230287,Nona Wagh,WTA
30456,Stefania Chieppa,WTA
30444,Susan Cowan,WTA
110520,Nicole Kriz,WTA
190823,Martina Schiavo,WTA
200274,Virginia Trifonova,WTA
110534,Natalie Ko,WTA
160376,Tzveta Panajotova,WTA
110491,Sandra Kvelstein,WTA
30366,Nathalie Callen,WTA
200363,Sricharanya Thiagarajan,WTA
60187,Maricris Gentz,WTA
160302,Melinda Petkes,WTA
40386,Sarah Dinkelmann,WTA
30554,Nandita Chandrashekar,WTA
200230,Napaporn Tongsalee,WTA
180250,Sylvia Rynarzewska,WTA
180378,Vivian Rojas,WTA
180421,Shadisha Robinson,WTA
230301,Nana Wada,WTA
110448,Mi-Ok Kim,WTA
80441,Tanja Hirschauer,WTA
10348,Marina Aniutin,WTA
20645,Suci Bungaran,WTA
30221,Mimma Chernovita,WTA
60291,Yomna Farid,WTA
40377,Petra Dizdar,WTA
170014,Wei Qie,WTA
190851,Marija Serdarusic,WTA
190927,Samrita Sekar,WTA
120331,Wei-Na Liu,WTA
190828,Ma. Jose Sanchez Alayeto,WTA
100058,Rebecca Jensen,WTA
130040,Melissa Mazzotta,WTA
110565,Monika Krauze,WTA
140095,Martina Nejedly,WTA
130675,Sharon Marin,WTA
190827,Ma. Pilar Sanchez Alayeto,WTA
130685,Mia Marovic,WTA
130682,Marlene Mejia,WTA
180429,Sai Swapna Ramakrishnan,WTA
230271,Novianti Warsono,WTA
250063,Yumi Yokoi,WTA
120392,Nannan Liu,WTA
10359,Olena Antypina,WTA
100143,Vlatka Jovanovic,WTA
150184,Virginie Oulevay,WTA
230195,Svenja Weidemann,WTA
140222,Wei Na,WTA
200343,Pavlina Ticha,WTA
130727,Marnie Mahler,WTA
120367,Ya-Ming Lin,WTA
190517,Tracy Almeda-Singian,WTA
80371,Vanessa Paffrath,WTA
150017,Zuzana Ondraskova,WTA
110193,Tina Krizan,WTA
160411,Marie-Ève Pelletier,WTA
120323,Mirjana Lucic-Baroni,WTA
190855,María Emilia Salerni,WTA
110373,Tatiana Kovalchuk,WTA
40200,Miriam D'Agostini,WTA
180384,Virginie Razzano,WTA
70233,Sophie Georges,WTA
130137,Nana Smith Rogers,WTA
20535,Mia Buric,WTA
200276,Sarah Taylor,WTA
180319,Samantha Reeves,WTA
30419,Yoon Jeong Cho,WTA
190339,Melanie Schnell,WTA
180294,Petra Rampre,WTA
150103,Saori Obata,WTA
130032,Marion Maruska,WTA
40152,Seda Noorlander,WTA
160361,Michaela Pastikova,WTA
110286,Renata Kolbovic,WTA
220170,Nirupama Sanjeev,WTA
160405,Tatiana Perebiynis,WTA
150048,Tzipora Obziler,WTA
190473,Selima Sfar,WTA
70393,Zsofia Gubacsi,WTA
130310,Vanessa Menga,WTA
130459,Trudi Musgrave,WTA
80312,Zuzana Hejdova,WTA
160252,Radka Pelikanova,WTA
30440,Melanie Clayton,WTA
190140,Samantha Smith,WTA
220240,Nathalie Vierin,WTA
20463,Sybille Bammer,WTA
110462,Sabine Klaschka,WTA
80292,Stanislava Hrozenska,WTA
110173,Petra Raclavska,WTA
80323,Shiho Hisamatsu,WTA
40201,Mireille Dittmann,WTA
70394,Natalie Grandin,WTA
60279,Wendy Fix,WTA
190471,Syna Schreiber,WTA
100089,Mi-Ra Jeon,WTA
220146,Patty Van Acker,WTA
220185,Zuzana Valekova,WTA
110384,Renata Kucerova,WTA
110178,Svetlana Krivencheva,WTA
80366,Tina Hergold,WTA
80264,Paula Hermida,WTA
190712,Valentina Sassi,WTA
50113,Sophie Erre,WTA
60284,Rika Fujiwara,WTA
20408,Olga Vymetalkova,WTA
20016,Yayuk Basuki,WTA
10185,Rosa Maria Andres Rodriguez,WTA
40312,Nina Duebbers,WTA
220252,Urska Vesenjak,WTA
130443,Petra Mandula,WTA
60288,Stéphanie Foretz,WTA
160078,Nicole Pratt,WTA
160235,Sylvia Plischke,WTA
10021,Sabine Appelmans,WTA
100049,Sonya Jeyaseelan,WTA
40163,Ruxandra Dragomir Ilie,WTA
110266,Rita Kuti-Kis,WTA
20442,Olga Barabanschikova,WTA
10209,Shinobu Asagoe,WTA
130616,Marta Marrero,WTA
30348,Tathiana Garbin,WTA
160200,Sarah Pitkowski-Malcor,WTA
150066,Miriam Oremans,WTA
60061,Silvia Farina Elia,WTA
160379,Nadia Petrova,WTA
200204,Meilen Tu,WTA
160339,Tina Pisnik,WTA
190565,Meghann Shaughnessy,WTA
190360,Paola Suárez,WTA
200011,Nathalie Tauziat,WTA
160142,Mary Pierce,WTA
230234,Serena Williams,WTA
190141,Monica Seles,WTA
180174,Romana Tedjakusuma,WTA
200109,Sandrine Testud,WTA
160254,Tatiana Panova,WTA
200160,Silvija Talaja,WTA
200137,Tamarine Tanasugarn,WTA
40254,Nathalie Dechy,WTA
190519,Patty Schnyder,WTA
40148,Rossana De Los Ríos,WTA
70192,Rita Grande,WTA
260013,Natasha Zvereva,WTA
120317,Nuria Llagostera Vives,WTA
190571,Tara Snyder,WTA
250047,Yuka Yoshida,WTA
110310,Sandra Kleinova,WTA
120330,Na Li,WTA
160318,Wynne Prakusya,WTA
40058,Maureen Drake,WTA
230186,Mashona Washington,WTA
30166,Sandra Cacic,WTA
190562,Milagros Sequera,WTA
90080,Marissa Gould,WTA
230204,Patricia Wartusch,WTA
230202,Marlene Weingartner,WTA
180160,Virginia Ruano Pascual,WTA
220121,Miroslava Vavrinec,WTA
190500,Pavlina Nola,WTA
160303,Tatiana Poutchek,WTA
190435,María Sánchez Lorenzo,WTA
230131,Vanessa Webb,WTA
190295,Martina Sucha,WTA
20357,Yvette Basting,WTA
130050,Rachel Mcquillan,WTA
150137,Nadejda Ostrovskaya,WTA
140179,Sandra Nacuk,WTA
40203,Stephanie De Ville,WTA
190446,Miriam Schnitzer,WTA
80253,Tomoe Hotta,WTA
110374,Yumiko Kitamura,WTA
160332,Nicola Payne,WTA
40151,Victoria Davies,WTA
140146,Milena Nekvapilova,WTA
130030,Veronika Martinek,WTA
180364,Veronika Raimrova,WTA
220229,Suchanun Viratprasert,WTA
30464,Raluca Ciochina,WTA
30041,Paloma Collantes,WTA
180224,Paula Racedo,WTA
80388,Silvia Hegedis,WTA
160164,Sung-Hee Park,WTA
190610,Stephanie Schaer,WTA
150087,Riei Kawamata,WTA
110332,Marijana Kovacevic,WTA
20553,Severine Beltrame,WTA
40348,Shruti Dhawan,WTA
10293,Monique Adamczak,WTA
190713,Olivia Sanchez,WTA
60184,Melody Falco,WTA
30501,Stéphanie Cohen-Aloro,WTA
20652,Yuliya Beygelzimer,WTA
230251,Stefanie Weis,WTA
190534,Monica Scartoni,WTA
140200,Petra Novotnikova,WTA
100123,Mervana Jugic-Salkic,WTA
180432,Sunitha Rao,WTA
40272,Sonia Delgado,WTA
160458,Virginie Pichet,WTA
150145,Seiko Okamoto,WTA
230232,Orawan Wongkamalasai,WTA
20114,Radka Bobkova,WTA
80408,Marielle Hoogland,WTA
110449,Jin-Hee (sr) Kim,WTA
10218,Tamara Aranda,WTA
30400,Yu-An Chen,WTA
110432,Satoko Kurioka,WTA
160284,Severine Arpajou,WTA
200292,Niki Tippins,WTA
130538,Meritxell Mimo,WTA
140130,Nina Nittinger,WTA
230244,Nicola Woodhouse,WTA
120321,Marylene Losey,WTA
30061,Virag Csurgo,WTA
220164,Sabrina Valenti,WTA
180332,Veronica Rizhik,WTA
160380,Marina Petrovic,WTA
20346,Sandrine Bouilleau,WTA
60261,Susanne Filipp,WTA
180322,Nicole Remis,WTA
100152,Sabrina Jolk,WTA
80037,Rika Hiraki,WTA
190721,Pavlina Slitrova,WTA
190817,Tiantian Sun,WTA
30332,Young-Ja Choi,WTA
70417,Stephanie Gehrlein,WTA
200267,Susanne Trik,WTA
180417,Nicole Rencken,WTA
100116,Nadia Johnston,WTA
20462,Segolene Berger,WTA
200216,Ryoko Takemura,WTA
120279,Marina Lazarovska,WTA
70338,Paula Garcia,WTA
120260,Zuzana Lesenarova,WTA
30447,Yang-Jin Chung,WTA
130439,Nicole Melch,WTA
130580,Melissa Middleton,WTA
180338,Stephanie Rizzi,WTA
120327,Ting (sr) Li,WTA
220214,Roberta Vinci,WTA
80076,Stefanie Haidner,WTA
210028,Sachie Umehara,WTA
190530,Shelley Stephens,WTA
120140,Susi Lohrmann,WTA
10241,Melisa Arevalo,WTA
70361,Oana-Elena Golimbioschi,WTA
70375,Natalia Gussoni,WTA
130449,Mariana Mesa Pineda,WTA
100118,Sai Jayalakshmy Jayaram,WTA
130632,Marie-Gayanay Mikaelian,WTA
40242,Surina De Beer,WTA
20536,Susi Bensch,WTA
110420,Vanesa Krauth,WTA
220253,Masa Vesenjak,WTA
10141,Yasmin Angeli,WTA
120332,Olga Lazarchuk,WTA
110523,Zuzana Kucova,WTA
190802,Michelle Summerside,WTA
160397,Petra Puheloinen,WTA
20094,Natalia Egorova,WTA
120217,Ma. Fernanda Landa,WTA
180246,Natacha Randriantefy,WTA
70440,Natasha Galouza,WTA
160418,Sonal Phadke,WTA
130631,Martina Müller,WTA
40322,Melissa Dowse,WTA
110468,Satomi Kinjo,WTA
30404,Rushmi Chakravarthi,WTA
190702,Nadine Schlotterer,WTA
220057,Rachel Viollet,WTA
40243,Nannie De Villiers,WTA
160272,Tina Plivelitsch,WTA
230055,Shi-Ting Wang,WTA
130571,Mihaela Moldovan,WTA
40364,Tiffany Davis,WTA
110512,Olga Kalyuzhnaya,WTA
190677,Marina Samoilenko,WTA
110437,Sandra Klemenschits,WTA
80319,Stephanie Mabry,WTA
120350,Sophie Lefèvre,WTA
110181,Marketa Kochta,WTA
190529,Wukirasih Sawondari,WTA
20279,Meike Babel,WTA
200299,Remi Tezuka,WTA
40302,Vanessa Devesa,WTA
150138,Romina Ottoboni,WTA
40220,Yvonne Doyle,WTA
130280,Patty Murren,WTA
190784,Tanja Schugt,WTA
260095,Shiri Zlotikman,WTA
10308,Simona Arghire,WTA
190491,Miho Saeki,WTA
230217,Nina Wennerstrom,WTA
20631,Marion Bartoli,WTA
120411,Marie Jose Lopez Herrera,WTA
60171,Michelle Faucher,WTA
180289,Rochelle Rosenfield,WTA
30562,Petra Cetkovska,WTA
310040,Tory Zawacki,WTA
110325,Sandra Kloesel,WTA
110590,Oksana Karyshkova,WTA
10306,Teryn Ashley,WTA
110584,Mariya Koryttseva,WTA
230240,Sara Walker,WTA
310175,Ruxandra Marin,WTA
220249,Natalia Volcova,WTA
310220,Yanze Xie,WTA
40436,Natallia Dziamidzenka,WTA
70495,Michelle Giang,WTA
200384,Virginia Tomatis,WTA
60318,Romy Farah,WTA
310254,Saras Arasu,WTA
210048,Yuliya Ustyuzhanina,WTA
20625,Melissa Berry,WTA
100162,Mathilde Johansson,WTA
30516,Tanner Cochran,WTA
260162,Zuzana Zemenova,WTA
60301,Yuliana Fedak,WTA
120432,Marie-France Lord-Andrade,WTA
90121,Sonia Iacovacci,WTA
120406,Yang Liu,WTA
80456,Nikolina Hrankova,WTA
160462,Tihana Pochobradsky,WTA
180474,Rebecca Rankin,WTA
30560,Marina Chaves-Moledo,WTA
190920,Sunderarajan Jahnvi,WTA
180458,Sue Rossano,WTA
130618,Natalie Mikolich,WTA
140227,Natalie Neri,WTA
200383,Olena Tsutskova,WTA
310191,Megan Emmett,WTA
310041,Paula Zabala,WTA
260158,Sandra Zahlavova,WTA
190902,Rossella Sartore,WTA
150136,Sabine Oristil,WTA
130771,Sylvia Montero,WTA
60267,Yamile Fors-Guerra,WTA
160512,Marie-Pier Pouliot,WTA
110600,Su-Jin Kim,WTA
50167,Pilar Escandell,WTA
190770,Tereza Szafnerova,WTA
40371,Rachel Dive,WTA
20709,Whitney Benik,WTA
160280,Monica Poveda,WTA
310077,Medini Sharma,WTA
220294,Tessy Van De Ven,WTA
130744,Simona Matei,WTA
310270,Sana Ben Salah,WTA
190609,Mariela Salinas,WTA
140201,Yanet Nunez Mojarena,WTA
190894,Mi-Ran Shin,WTA
160471,Shuai Peng,WTA
40129,Rita Degliesposti,WTA
30567,Zuzana Cerna,WTA
40429,Tomoko Dokei,WTA
130732,Radhika Mandke,WTA
110551,Raquel Atawo,WTA
220274,Suzanne Van Hartingsveldt,WTA
70509,Pamela Gonzalez Medina,WTA
100129,Sanja Jukic,WTA
230284,Tiffany Welford,WTA
100158,Yoo-Mi Jung,WTA
50164,Soledad Esperon,WTA
310222,Melanie Gerbasi,WTA
310277,Utako Suzuki,WTA
310293,Patricia Almudever,WTA
40318,Sabrina Diniz,WTA
312925,Ola Abou Zekry,WTA
90086,Naoko Ishikawa,WTA
30605,Milena Chisaca,WTA
210049,Nana Urotadze,WTA
20654,Sandra Beltran,WTA
310269,Marike Molchin,WTA
310291,Natalia Tsitouras,WTA
190909,Patricia Starzyk,WTA
120358,Mariana Lopez Terribile,WTA
100156,Mariana Junqueira,WTA
190848,Nina Suvak,WTA
310404,Nadezda Samoylo,WTA
310322,Yan (sr) Zhang,WTA
120408,Vanessa Lima,WTA
130781,Patricia Miro,WTA
310128,Mariana Macia,WTA
310042,Rebecca Llewellyn,WTA
310218,Salome Devidze,WTA
310112,Sania Mirza,WTA
70490,Mireia Gol Alamo,WTA
10229,Montika Anuchan,WTA
310475,So-Jung Kim,WTA
310138,Nischela Boda Reddy,WTA
310536,Natalia Yakimovich,WTA
180459,Nancy Rustignoli,WTA
120433,Nadzeja Lysak,WTA
60339,Pamela Fogel,WTA
260118,Nina Zlender,WTA
310427,Nicole Pitts,WTA
310107,Virag Nemeth,WTA
310649,Ryoko Fuda,WTA
310456,Sabina Mediano Alvarez,WTA
220132,Mirela Vladulescu,WTA
310717,Olga Puchkova,WTA
310338,Marta Domachowska,WTA
210050,Tatsiana Uvarova,WTA
310774,Tatiana Golovin,WTA
120368,Wei-Juan Liu,WTA
50158,Neyssa Etienne,WTA
310290,Stéphanie Dubois,WTA
310625,Vera Dushevina,WTA
310428,Micaela Moran,WTA
310846,Vittoria Maglio,WTA
60313,Paula Fondevila Castro,WTA
310279,Susanne Aigner,WTA
310867,Silvana Bauer,WTA
310589,Zsuzsanna Fodor,WTA
80296,Stephanie Hazlett,WTA
20571,Valentina Bonacorsi,WTA
150185,Romina Oprandi,WTA
190857,Neuza Silva,WTA
260143,Yao Zhang,WTA
310245,Sandra Volk,WTA
310550,Nadja Pavic,WTA
310776,Nika Ozegovic,WTA
210036,Vladimira Uhlirova,WTA
311041,Tsvetana Pironkova,WTA
310789,Michaela Bartlova,WTA
311158,Zsuzsanna Babos,WTA
20680,Verena Beller,WTA
311025,Sarah Borwell,WTA
310148,Matea Mezak,WTA
190892,Tina Schmassmann,WTA
311260,Olivia Lukaszewicz,WTA
310609,Po-Kuen Lam,WTA
310325,Nuria Sanchez Garcia,WTA
200380,Montinee Tangphong,WTA
310225,Shu-Jing Yang,WTA
310775,Monica Niculescu,WTA
200387,Shiho Tanaka,WTA
310508,Tinatin Kavlashvili,WTA
310179,Olga Brozda,WTA
310321,Rui Du,WTA
190835,Valentina Sulpizio,WTA
311073,Renata Kucerkova,WTA
310731,Sophie Ferguson,WTA
310197,Michelle Snyman,WTA
250082,Mayumi Yamamoto,WTA
160515,Pauline Parmentier,WTA
310837,Michaela Michalkova,WTA
311082,Tomoyo Takagishi,WTA
310123,Natasa Sijakovic,WTA
310803,Meng Yuan,WTA
310177,Rebecca Dandeniya,WTA
311237,Yulia Fedossova,WTA
70517,Stephanie Greau,WTA
310870,Monika Dancevic,WTA
310887,Nicole Leimbach,WTA
310158,Tereza Veverkova,WTA
310738,Verdiana Verardi,WTA
220285,Thassha Vitayaviroj,WTA
311137,Yaroslava Shvedova,WTA
310898,Servane Delobelle,WTA
310816,Olga Savchuk,WTA
311449,Marta Lesniak,WTA
310765,Stefania Pesce,WTA
90087,Mette Iversen,WTA
30536,Vilmarie Castellvi,WTA
311393,Viktoriya Kutuzova,WTA
310913,Martina Pavelec,WTA
311579,Timea Bacsinszky,WTA
310073,Quan Gao,WTA
311168,Shahar Peer,WTA
311911,Nicole Vaidisova,WTA
70501,Sandy Gumulya,WTA
130626,Paula Marama,WTA
310619,Megan Falcon,WTA
310620,Melanie South,WTA
310284,Pascale Leroy,WTA
310510,Sofia Melikishvili,WTA
310335,Nadine Hassinger,WTA
310660,Veronika Chvojkova,WTA
140007,Martina Navratilova,WTA
310802,Yanchong Chen,WTA
310465,Moe Kawatoko,WTA
311243,Olga Govortsova,WTA
311446,Zuzana Zalabska,WTA
311346,Sarah Fansler,WTA
310818,Oksana Uzhylovska,WTA
312268,Mihaela Buzarnescu,WTA
130774,Septi Mende,WTA
30537,Melanie Cohen,WTA
311652,Soo Mi Yoo,WTA
312164,Sanja Ancic,WTA
310810,Veronika Kapshay,WTA
311600,Marina Shamayko,WTA
311255,Soon-Mi Seo,WTA
310798,Sheng-Nan Sun,WTA
311514,Tania Rice,WTA
120428,Veronika Litvinskaya,WTA
80457,Natsumi Hamamura,WTA
310783,Stacia Fonseca,WTA
311965,Mary Gambale,WTA
30434,Valentina Castro,WTA
311578,Michaella Krajicek,WTA
311604,Ekaterina Makarova,WTA
311221,Oxana Lyubtsova,WTA
310884,Violette Huck,WTA
311685,Matilde Munoz Gonzalves,WTA
311182,Olga Panova,WTA
311038,Tatjana Priachin,WTA
312124,Masa Zec-Peskiric,WTA
311990,Mi Yoo,WTA
311941,Yi-Jing Zhao,WTA
311704,Suhaila Jad Gomez,WTA
311392,Marinne Giraud,WTA
311212,Virginie Ayassamy,WTA
311141,Sofia Avakova,WTA
312336,Stefanie Voegele,WTA
310066,Story Tweedie-Yates,WTA
110543,Nikoleta Kipritidou,WTA
311242,Vasilisa Davydova,WTA
310624,Yi Chen,WTA
311277,Sanaa Bhambri,WTA
310248,Vanessa Wellauer,WTA
311493,Sílvia Soler-Espinosa,WTA
311766,Raluca Olaru,WTA
312229,Sabrina Mendez-Dominguez,WTA
311929,Mitsuko Ise,WTA
311550,Vania King,WTA
312405,Tanja Ostertag,WTA
310993,Whitney Jones,WTA
311623,Stefanie De Laet,WTA
80444,Melanie Hafner,WTA
311942,Wan-Ting Liu,WTA
311202,Rita Vukov,WTA
311431,Patricia Holzman,WTA
311660,Mariana Muci Torres,WTA
312013,Wen-Hsin Hsu,WTA
311696,Natalia Kolat,WTA
310964,Sara Del Barrio Aragon,WTA
311138,Tatia Mikadze,WTA
312176,Miljana Adanko,WTA
311656,Tamara Encina,WTA
311215,Natalie Tanevska,WTA
311282,Nudnida Luangnam,WTA
310514,Tara Wigan,WTA
311482,Michaela Johansson,WTA
310729,Meta Sevsek,WTA
311528,Tiya Rolle,WTA
311315,Viky Nunez Fuentes,WTA
311445,Sabrina Wist,WTA
312276,Ye-Ra Lee,WTA
312143,Vanja Corovic,WTA
310823,Timna Ticic,WTA
310914,Michaela Vogel,WTA
110593,Natasha Kersten,WTA
310469,Sarah Raab,WTA
310984,Shanshan Song,WTA
310799,Wen-Hao Wu,WTA
311601,Vasilisa Bardina,WTA
311560,Stefania Boffa,WTA
311217,Vojislava Lukic,WTA
311404,Yurika Sema,WTA
311120,Marielle Weihs,WTA
311194,Teodora Mircic,WTA
310627,Pichittra Thongdach,WTA
311586,Yukiko Yabe,WTA
310892,Melanie Gloria,WTA
311565,Nikola Frankova,WTA
312727,Shayna Mcdowell,WTA
312086,Marina Erakovic,WTA
310967,Samia Medjahdi,WTA
311147,Punam Reddy,WTA
312502,Tiffany Eklov,WTA
311764,Tina Bohoric,WTA
310604,Nadege Vergos,WTA
312391,Marina Cossou,WTA
312343,Radana Holusova,WTA
311618,Tara Iyer,WTA
311774,Susanna Mussi,WTA
312191,Sarah Coles,WTA
311702,Shana Claes,WTA
310900,Sanne Van Den Biggelaar,WTA
312085,Shona Lee,WTA
312218,Sousan Massi,WTA
190880,Sladana Stankovic,WTA
310807,Shilpa Joshi,WTA
310176,Rebecca Fong,WTA
311958,Rachael Dillon,WTA
310047,Pemra Ozgen,WTA
311761,Tamara Bunic,WTA
312636,Xinyun Han,WTA
312179,Maya Kato,WTA
312456,Roxane Vaisemberg,WTA
312417,Tatiana Kotelnikova,WTA
110604,Yuko Kurata,WTA
311076,Pavlina Glosova,WTA
90045,Sabath Ibrahim,WTA
311755,Nelly Maillard,WTA
312335,Martina Lautenschlager,WTA
311044,Patricia Mayr-Achleitner,WTA
310755,Stephanie Dalmacio,WTA
312745,Mateja Horvat,WTA
312938,Martina Ondrackova,WTA
311984,Suzana Dos Anjos,WTA
312293,Vera Leontieva,WTA
312667,Nina Pantic,WTA
311189,Verena Amesbauer,WTA
312574,Melisa Miranda Otarola,WTA
311647,Teliana Pereira,WTA
310667,Riza Zalameda,WTA
311169,Talitha De Groot,WTA
312623,Sofia Shapatava,WTA
20407,Page Bartelt,WTA
312519,Yana Levchenko,WTA
312111,Vanessa Pinto,WTA
311783,Minori Takemoto,WTA
311799,Yuko Uchida,WTA
30406,Raluca Ciulei,WTA
312101,Martina Caciotti,WTA
312414,Natalia Orlova,WTA
311391,Yvette Hyndman,WTA
311931,Sayaka Umeda,WTA
312793,Yuka Kuroda,WTA
312332,Taja Mohorcic,WTA
311790,Shweta Kakhandki Gadigeppa,WTA
311106,Natalia Pervitskaya,WTA
311513,Valerie Tetreault,WTA
311176,Stella Menna,WTA
311615,Varanya Vijuksanaboon,WTA
311968,Prim Buaklee,WTA
310923,Tarakaa Bertrand,WTA
312022,Teresa Oberti,WTA
311727,Neda Kozic,WTA
312557,Natalia Rakhmanina,WTA
312595,Mitsumi Kawasaki,WTA
311666,Nadja Kusterer,WTA
311728,Vittoria Perugini,WTA
311759,Zita Horanyi,WTA
312455,Vivian Segnini,WTA
310239,Piia Suomalainen,WTA
311637,Nicole Buitoni,WTA
311549,Nina Munch-Soegaard,WTA
311494,Teresa Ferrer,WTA
311023,Parul Goswami,WTA
70503,Varvara Timofeeva,WTA
311211,Marie-Perine Baudouin,WTA
313125,Saskia Monien,WTA
311480,Sylwia Niedbalo,WTA
311778,Rebeca Bou Nogueiro,WTA
311831,Yumi Miyazaki,WTA
311977,Shanshan Li,WTA
311856,Martina Bartosova,WTA
312278,Natasha Khan,WTA
313035,Tamira Paszek,WTA
313138,María Irigoyen,WTA
312987,Valeria Pulido Velasco,WTA
311214,Shannon Golds,WTA
313617,Sacha Jones,WTA
312148,Simona Dobra,WTA
311436,Regina Kulikova,WTA
313351,Nicole Thyssen,WTA
313489,Sarah Aulombard,WTA
313014,Natalie Piquion,WTA
313348,Marlot Meddens,WTA
312958,Noemie Scharle,WTA
311554,Sandhya Nagaraj,WTA
311191,Yasmin Schnack,WTA
312408,Miriam Steinhilber,WTA
312008,Victoria Valls-Comamala,WTA
312002,Tatsiana Kapshai,WTA
311481,Nadja Roma,WTA
313244,Natasha Karolyi,WTA
311758,Polona Rebersak,WTA
311373,Stamatia Fafaliou,WTA
313283,Sharon Fichman,WTA
313111,Naomi Cavaday,WTA
311750,Marrit Boonstra,WTA
311963,Miki Miyamura,WTA
312280,Yifan Xu,WTA
310434,Pauline Wong,WTA
313697,Melissa Saiontz,WTA
313039,Nazari Urbina,WTA
311210,Mika Kawamura,WTA
313098,Patricia Lopez-Illan,WTA
312803,Martina Fratini,WTA
312174,Shannon Robinson,WTA
312832,Ting Ting Lu,WTA
312888,Nadine Fahoum,WTA
313188,Mi-Hee Jung,WTA
313592,Miyoko Takahashi,WTA
313499,Shitong Shao,WTA
313614,Nicole Bouffler,WTA
313145,Viet-Ha Ngo,WTA
311273,Sheila Solsona Carcasona,WTA
312765,Renee Lampret,WTA
311979,Nan Dong,WTA
311127,Zuzana Valicekova,WTA
311186,Marlena Metzinger,WTA
311857,Olesya Nazarova,WTA
313410,Marlene Ryan,WTA
313619,Stephanie Jeanes,WTA
312180,Naoko Eto,WTA
160455,Nathalia Papadopoulou,WTA
313175,Martina Andornino,WTA
311154,Roberta Martellini,WTA
310759,Melissa Mang,WTA
312133,Olga Khrapkova,WTA
311940,Si-Si Qiu,WTA
313482,Stefi Gjine,WTA
311502,Moe Tsubuku,WTA
312202,Nicola Mooney,WTA
310778,Sabrina Piccolo,WTA
311566,Monika Musilova,WTA
311900,Olivia Scarfi,WTA
313108,Marta Smiechowska,WTA
313134,Natalie Barbir,WTA
312999,Veronika Kolarova,WTA
312791,Prue Teitzel,WTA
313526,Micaela Moroni,WTA
311222,Monica Wiesener,WTA
313102,Sara Di Paolo,WTA
312794,Nadia Lee,WTA
312396,Svetlana Smirnova,WTA
311844,Veronica Saucedo,WTA
312189,Martina Sebastiani,WTA
312566,Melissa Percy,WTA
90113,Reina Ishihara,WTA
312922,Sasirin Borwornchokchai,WTA
311206,Samantha Cowan,WTA
313223,Xuan-Yu Guo,WTA
110522,Yuri Kasuya,WTA
313615,Monique Lynch,WTA
313545,Nicole Rottmann,WTA
313359,Maureen Diaz,WTA
312986,Tatiana Cutrona,WTA
313258,Monika Kochanova,WTA
312985,Sandra Soler-Sola,WTA
312625,Sofia Kvatsabaia,WTA
312809,Melanie Klaffner,WTA
70483,Sevvy Gallios,WTA
313443,Nicola Geuer,WTA
313013,Stephanie Vongsouthi,WTA
313171,Paola Sprovieri,WTA
312592,Vanesa Furlanetto,WTA
313502,Maya Gaverova,WTA
311731,Sarina Mueller,WTA
312991,Sabrina Allaut,WTA
311026,Melissa Gibb,WTA
312807,Yana Zavialova,WTA
312836,Marie Jose Andres Gomez,WTA
310163,Sakiko Shimizu,WTA
312611,Nikola Vajdova,WTA
313375,Oana Stanica,WTA
313176,Rebeca Delgado Gerardo,WTA
313036,Prerana Appineni,WTA
313217,Mutsuko Hirose,WTA
313329,Samantha Powers,WTA
312188,Norie Kojima,WTA
313007,Patricia Vollmeier,WTA
311993,Shao-Yuan Kao,WTA
312397,Nina Maglatyuk,WTA
312868,Yasmin Enrich,WTA
120417,Se-Na Lee,WTA
310371,Paola Iovino,WTA
311848,Paulina Luquin,WTA
312119,Sarah Benad,WTA
310814,Yevgeniya Stupak,WTA
311556,Ragini Vimal,WTA
310361,Robin Stephenson,WTA
313471,Thaddea Lock,WTA
190934,Marta Simic,WTA
311768,Stanca Muresan,WTA
312048,Oormila Ram,WTA
312243,Sheryl Gershon,WTA
313242,Mireia Gonzalez-Bosch,WTA
311697,Nika Kukharchuk,WTA
311644,Nathalia Rossi,WTA
312317,Natasa Zoric,WTA
313784,Venise Chan,WTA
312859,Nungnadda Wannasuk,WTA
313653,Vesna Dolonc,WTA
313392,Yulia Kolesnikova,WTA
310987,Qing Yue,WTA
312271,Sanaz Marand,WTA
312090,Melissa Cabrera-Handt,WTA
311809,Tanya  Germanlieva,WTA
314303,Nataly Yoo,WTA
312812,Volha Duko,WTA
313898,Yuan Jia,WTA
312932,Vivien Silfany,WTA
313689,Yuliya Kalabina,WTA
313834,Natalie Fehse,WTA
313631,Sung-Hee Han,WTA
313143,Yera Campos-Molina,WTA
313051,Tadeja Majeric,WTA
313850,Susanna Lingman,WTA
313491,Marina Giral Lores,WTA
313500,Xia Ling Li,WTA
313040,Selma Andrade,WTA
314083,Shalini Sahoo,WTA
313433,Rebeca Neves,WTA
313476,Sara Celma-Boix,WTA
311962,Yumi Nakano,WTA
310044,Melanie Oosterhof,WTA
313318,Sun-Jung Kim,WTA
313122,Zorica Petrov,WTA
314127,Min-Hwa Yu,WTA
310813,Yuliya Hnateyko,WTA
313584,Nicole Riner,WTA
312988,Marija Mirkovic,WTA
312163,Mirna Marinovic,WTA
314235,Natsumi Yokota,WTA
312732,Wei Ping Lee,WTA
314448,Varatchaya Wongteanchai,WTA
313059,Petra Sunic,WTA
313417,Tina Pieger,WTA
313778,Sherazad Reix,WTA
313673,Nelly Ciolkowski,WTA
312992,Syna Kayser,WTA
313868,Olga Kirpicheva,WTA
311648,Stefanie Alfery,WTA
312722,Tyra Calderwood,WTA
314103,Sylwia Zagorska,WTA
313803,Olivia Rogowska,WTA
313239,Viktoriya Semyrodenko,WTA
312734,Nadia Abdala,WTA
312385,Stephanie Vogt,WTA
312823,Parija Maloo,WTA
313569,Rocio De La Torre-Sanchez,WTA
314267,Sina Ladage,WTA
313963,Melanie Oudin,WTA
312644,Paula Catalina Robles Garcia,WTA
312161,Valeria Casillo,WTA
313941,Naomi Broady,WTA
311859,Vlada Ekshibarova,WTA
314520,Stacey Tan,WTA
314570,Soetkin Van Deun,WTA
310986,Shuang Wu,WTA
312573,Paulina Jorquera,WTA
313603,Veronica Li,WTA
314684,Noppawan Lertcheewakarn,WTA
313210,Poojashree Venkatesha,WTA
312039,Tereza Hladikova,WTA
314283,Renee Reinhard,WTA
313846,Yasmin Clarke,WTA
311427,Marion Gaud,WTA
311868,Monia Pederzoli,WTA
313652,Mariya Malkhasyan,WTA
314393,Nikola Hofmanova,WTA
311322,Varsha Shiv Shankar,WTA
313908,Paula Jaime-Agramon,WTA
314387,Maya Pitenina,WTA
314084,Sanjana Kapur,WTA
314204,Pavla Smidova,WTA
313839,Nina Zander,WTA
313189,Yoo-Ri Bae,WTA
311973,Sagarika Phadke,WTA
312725,Michelle Brycki,WTA
314163,Shaozhuo Liu,WTA
314669,Marina Skvortsova,WTA
314426,Wen-Bo Wang,WTA
313826,Suzanne Matzenauer,WTA
313435,Phoebe Di Leo,WTA
310806,Yue Yu,WTA
314234,Saori Karikomi,WTA
313986,Zora Vlckova,WTA
310693,Rita Esteves De Freitas,WTA
310368,Rocio Amadio,WTA
313772,Tammi Patterson,WTA
313710,Petra Mokra,WTA
314058,Tori Kinard,WTA
314087,Vishakha Sheoran,WTA
313596,Ofelya Poghosyan,WTA
311105,Rebecca Alessi,WTA
314555,Xenia Samoilova,WTA
311871,Sarah Stallard,WTA
312175,Veronica Queen,WTA
190865,Romina Sceats,WTA
313467,Tanja Kovacevic,WTA
313925,Reka Zsilinszka,WTA
311087,Olusola Gbadamosi,WTA
312605,Meli Garcia Truchado,WTA
313118,Svetlana Tsykhanskaya,WTA
313296,Shiho Otake,WTA
313163,Sabina Gunnarsson,WTA
314723,Perrine Fouche,WTA
313221,Sasarin Borwornchokchai,WTA
314345,Shiori Kikukawa,WTA
310498,Marine Nizri,WTA
314651,Michelle Russ,WTA
313571,Paloma Diaz Sada,WTA
313888,Mika Urbancic,WTA
311126,Valentina Ponomartseva,WTA
311109,Ronke Akingbade,WTA
313024,Yulia Chernyaeva,WTA
312430,Nina Henkel,WTA
312362,Megan Alexander,WTA
313285,Melissa Morales,WTA
312301,Nicoleta Bara,WTA
313756,Sweta Solanki,WTA
314172,Palma Kiraly,WTA
313104,Tinusha Sivaganam,WTA
312950,Maxi Ehmer,WTA
314078,Natasha Marks,WTA
313666,Virginia Bigliardi,WTA
313557,Natasha Hillyer,WTA
312333,Milica Tomic,WTA
314358,Nadejda Guskova,WTA
313582,Martina Balogova,WTA
314177,Monica Gorny,WTA
314605,Nicolette Van Uitert,WTA
314166,Patricia Veresova,WTA
313276,Ting (jr) Li,WTA
313813,Yenisleydis Calana-Rodriguez,WTA
313280,Yi-Miao Zhou,WTA
312630,Teona Tzertzvadze,WTA
314440,Zi-Jun Yang,WTA
314736,Natalia Guitler,WTA
313413,Ute Schnoy,WTA
312908,Tegan Edwards,WTA
314354,Nadezda Gorbachkova,WTA
314398,Nathalie Mohn,WTA
311770,Marie-Pier Huet,WTA
312387,Sandra Roma,WTA
312028,Maryna Khomenko,WTA
313854,Subi Sundaram,WTA
311193,Melody Paschal,WTA
314245,Yolande Leacock,WTA
313177,Ximena Hermoso,WTA
312834,Yue Wan,WTA
313204,Rachel Crismond,WTA
313324,Mihaela Bunea,WTA
313633,Veronica Adami,WTA
312109,Martina Gregoric,WTA
313699,Yurina Koshino,WTA
314055,Morgan Basil,WTA
312305,Sona Novakova,WTA
311850,Mia Sacca,WTA
313779,Perrine Gauthier,WTA
314375,Yolanda Nieto,WTA
314929,Michelle Larcher De Brito,WTA
314932,Romana Janshen,WTA
314760,Tatiana Bua,WTA
315279,Nicole Gibbs,WTA
314764,Tamaryn Hendler,WTA
314779,Michaela Pochabova,WTA
315694,Natalia Ryzhonkova,WTA
312265,Petra Pajalic,WTA
120405,Theresa Logar,WTA
313237,Tetyana Arefyeva,WTA
310549,Megan Moulton-Levy,WTA
314343,Shiho Akita,WTA
315237,Paola Cigui,WTA
314726,Sally Peers,WTA
311409,Thuy-Dung Nguyen,WTA
314192,Nastassja Burnett,WTA
314994,Valentine Confalonieri,WTA
314563,Tara Moore,WTA
314419,Paula Cristina Goncalves,WTA
314412,Vivienne Vierin,WTA
314333,Tereza Mrdeza,WTA
315498,Romana Tabak,WTA
316503,Sofie Oyen,WTA
314704,Nadiia Kichenok,WTA
315169,Patricia Chirea,WTA
314875,Natalia Cheng,WTA
313123,Nadia Lalami,WTA
315492,Sarah Gronert,WTA
313082,Martina Di Giuseppe,WTA
314953,Sasha Khabibulina,WTA
315231,Yi Zhong,WTA
315113,Misa Eguchi,WTA
315128,Paula Kania-Chodun,WTA
315086,Shuko Aoyama,WTA
314129,Na-Ri Kim,WTA
315076,Seo-Kyung Kang,WTA
316034,Petra Padalikova,WTA
312933,Nevena Selakovic,WTA
311545,Sabrina Capannolo,WTA
315023,Martina Gledacheva,WTA
314968,Marisa Gianotti,WTA
315002,Yana Buchina,WTA
314526,Victoria Kamenskaya,WTA
314874,Oksana Pavlova,WTA
315364,Yuliana Motyl,WTA
314190,Mi-Rae Ham,WTA
314889,Olga Blank,WTA
315789,Myrtille Georges,WTA
313905,Rocio Lopez-Alberca,WTA
313432,Natasha Lotuffo,WTA
315102,Martina Borecka,WTA
314776,María-Teresa Torró-Flor,WTA
314275,Mccall Jones,WTA
314104,Veronika Domagala,WTA
314447,Sophia Mulsap,WTA
313424,Sophie Cornerotte,WTA
312472,Oksana Khomyk,WTA
316197,Renata Bakieva,WTA
313748,Yoon-Young Jeong,WTA
314981,Martina Caregaro,WTA
313751,Viktoria Yemialyanava,WTA
316401,Valentina Stephan,WTA
314788,Marta Sirotkina,WTA
314492,Yingying Duan,WTA
315340,Veronica Popovici,WTA
316143,Silvia Njiric,WTA
315003,Marina Lushchina,WTA
314075,Nicole Monteiro,WTA
314450,Nicha Lertpitaksinchai,WTA
316405,Nastja Kolar,WTA
314793,Veronica Cepede Royg,WTA
314947,Stephanie Wiltshire,WTA
314724,Renee Binnie,WTA
315273,Tereza Malikova,WTA
311476,Patrycja Sanduska,WTA
315038,Zuzana Zlochova,WTA
315650,Monika Wejnert,WTA
316291,Nanuli Pipiya,WTA
316627,Sabina Sharipova,WTA
314016,Victoria Larriere,WTA
316953,Olga Boulytcheva,WTA
317263,Richel Hogenkamp,WTA
314643,Sandra Zaniewska,WTA
314820,Sarah-Rebecca Sekulic,WTA
316479,Zuzana Linhova,WTA
314294,Yevgeniya Kryvoruchko,WTA
313229,Yi Yang,WTA
315211,Sachie Ishizu,WTA
316984,Yana Koroleva,WTA
315323,Sina Haas,WTA
317090,Tamara Curovic,WTA
317086,Viktorija Rajicic,WTA
315366,Valentyna Ivakhnenko,WTA
316252,Xenia Knoll,WTA
315200,Martina Kubicikova,WTA
315603,Pilar Dominguez-Lopez,WTA
315931,Sophie Letcher,WTA
312484,Valerie Verhamme,WTA
315659,Morgane Pons,WTA
312935,Shivika Burman,WTA
317755,Monica Puig,WTA
316082,Miyabi Inoue,WTA
316152,Zuzana Luknarova,WTA
314627,Milana Spremo,WTA
315597,Michaela Honcova,WTA
317877,Valeriya Solovyeva,WTA
314960,Polina Pekhova,WTA
314705,Zsofia Susanyi,WTA
316803,Marie Elise Casares,WTA
316470,Nathaly Kurata,WTA
314198,Xiao Zhou,WTA
313885,Yue-Yue Hu,WTA
317055,Ran Tian,WTA
316440,Monique Albuquerque,WTA
315470,Natela Dzalamidze,WTA
316228,Raluca Elena Joitoiu,WTA
317585,Vivien Juhaszova,WTA
317876,Oceane Adam,WTA
315114,Yuka Higuchi,WTA
317146,Nadiia Kolb,WTA
315811,Sofia Luini,WTA
315220,Monika Tumova,WTA
316839,Polina Vinogradova,WTA
316506,Sofiya Kovalets,WTA
317148,Olga Ianchuk,WTA
316528,Patricia Ku Flores,WTA
317659,Samira Giger,WTA
318045,Sofia Araujo,WTA
316299,Vanda Lukacs,WTA
316101,Trang Huynh,WTA
316184,Sabina Lupu,WTA
316614,Zoe Gwen Scandalis,WTA
314862,Ting-Fei Juan,WTA
315060,Yuka Mori,WTA
317847,Petra Rohanova,WTA
315993,Ofri Lankri,WTA
315313,Melis Sezer,WTA
313038,Veronika Sepp,WTA
317357,Vaszilisza Bulgakova,WTA
317562,Yuki Ito,WTA
317588,Sharmada Balu,WTA
317850,Nicole Robinson,WTA
314939,Stephanie Theiler,WTA
315544,Miharu Imanishi,WTA
316267,Rishika Sunkara,WTA
316957,Sabrina Santamaria,WTA
314698,Samantha Vickers,WTA
317949,Yvonne Neuwirth,WTA
317378,Silvia Albano,WTA
315824,Volha Kalodzitsa,WTA
317901,Victoria Duval,WTA
316484,Zi Yang,WTA
314346,Yuuki Tanaka,WTA
317058,So-Ra Lee,WTA
315138,Nannan Zhang,WTA
315491,Nicky Van Dyck,WTA
316297,Zsofia Miko,WTA
315978,Vladislava Kuzmenkova,WTA
318055,Yuliya Lysa,WTA
315224,Petra Krejsova,WTA
310503,Nicola Slater,WTA
317626,Silvia Garcia Jimenez,WTA
316713,Nicole Melichar-Martinez,WTA
316636,Nicola George,WTA
316323,Sonja Molnar,WTA
317423,Olga Saez Larra,WTA
315317,Quirine Lemoine,WTA
314141,Paulina Milosavljevic,WTA
317939,Mukhabbat Saidova,WTA
315937,Sabrina Baumgarten,WTA
316018,Polina Rodionova,WTA
317015,Marina Kachar,WTA
315755,Sviatlana Pirazhenka,WTA
318637,Marianna Zakarlyuk,WTA
318391,Voni Darlina,WTA
317558,Sabine Van Der Sar,WTA
315601,Seung-Yeon Hong,WTA
317373,Tamara Bizhukova,WTA
315520,Prerna Bhambri,WTA
313705,Stephanie Scimone,WTA
318121,Valeria Patiuk,WTA
316191,Min Liu,WTA
319029,Victoria Kan,WTA
317547,Zhaoxuan Yang,WTA
317806,Viktoria Malova,WTA
319345,Stephanie Bengson,WTA
317564,Tjasa Srimpf,WTA
315653,Xin Wen,WTA
316721,Viktoryia Kisialeva,WTA
316823,Natasha Fourouclas,WTA
318004,Riko Sawayanagi,WTA
317482,Polina Monova,WTA
318279,Saska Gavrilovska,WTA
315356,Noel Scott,WTA
316788,Zarah Razafimahatratra,WTA
316940,Nidhi Chilumula,WTA
315104,Martina Pradova,WTA
318527,Rachael Tredoux,WTA
317591,Yanina Darishina,WTA
316656,Mathilde Cor,WTA
314535,Michaela Boev,WTA
314309,Ornella Caron,WTA
315969,Stefania Fadabini,WTA
317857,Martina Frantova,WTA
317987,Zalina Khairudinova,WTA
317575,Sara Eccel,WTA
315902,Paula Mocete-Talamantes,WTA
316448,Sara Sussarello,WTA
316556,Sonia Daggou,WTA
318410,Vivian Heisen,WTA
316725,Sybille Gauvain,WTA
317834,Pei-Chi Lee,WTA
318579,Viktoriya Karmenova,WTA
318697,Natella Nabieva,WTA
316559,Nour Abbes,WTA
315765,Marianne Jodoin,WTA
317784,Stefania Rachel Rubini,WTA
315330,Noelle Hickey,WTA
316438,Raquel Piltcher,WTA
316960,Rona Lavian,WTA
317173,Seda Arantekin,WTA
316058,Rita Vilaca,WTA
319854,Montserrat Gonzalez,WTA
319812,Naomi Totka,WTA
318457,Valeria Prosperi,WTA
316765,Valeria Osadchenko,WTA
318662,Sherry Li,WTA
317519,Stephanie Wagner,WTA
316280,Yang Pang,WTA
319135,Victoria Muntean,WTA
316365,Emily J. Harman,WTA
318388,Stefanie Tan,WTA
315768,Melina Ferrero,WTA
316672,Marina Danzini,WTA
317485,Patricia Haas,WTA
316742,Ximena Siles Luna,WTA
316905,Paula Feitosa,WTA
317305,Meng Ning Deng,WTA
319002,Tess Sugnaux,WTA
317241,Natalie Pluskota,WTA
312185,Misa Kinoshita,WTA
318251,Veronica  Corning,WTA
319464,Sabina Kurbanova,WTA
315740,Yu-Chieh Hsieh,WTA
317267,Napatsakorn Sankaew,WTA
316182,Monika Sirilova,WTA
318487,Tereza Smitkova,WTA
318776,Ya-Hsuan Lee,WTA
315116,Yuriko Sakai,WTA
317997,Matea Curic,WTA
318750,Natalia Siedliska,WTA
316842,Ratnika Batra,WTA
312622,Natia Gegia,WTA
318474,Nadia Echeverria Alam,WTA
319473,Mayo Hibi,WTA
319220,Samantha Crawford,WTA
319071,Yelena Nemchen,WTA
317360,Xuanshuo Ou,WTA
319509,Ziyue Sun,WTA
317612,Miyu Kato,WTA
318887,Miriam Civera Lima,WTA
311170,Sylvia Krywacz,WTA
317767,Matilda Hamlin,WTA
318423,Pia Konig,WTA
318704,Risa Ozaki,WTA
317889,Yana Sizikova,WTA
318210,Polina Leykina,WTA
317960,Yuxuan Zhang,WTA
318417,Olga Doroshina,WTA
320260,Tornado Alicia Black,WTA
316446,Verena Schmid,WTA
317707,Neda Koprcina,WTA
316552,Simona Ionescu,WTA
316287,Sabrina Bamburac,WTA
319896,Ulyana Ayzatulina,WTA
316843,Shweta Chandra Rana,WTA
317550,Nikola Horakova,WTA
319000,Simone Pratt,WTA
320182,Simran Kaur Sethi,WTA
318054,Taisiya Zakarlyuk,WTA
314483,Yue Yuan,WTA
319416,Vladyslava Zanosiyenko,WTA
317005,Steffi Distelmans,WTA
318338,Pauline Payet,WTA
318913,Varvara Flink,WTA
314421,Yasmine Guimaraes,WTA
318890,Natasha Palha,WTA
317936,Sultan Gonen,WTA
319654,Mayya Katsitadze,WTA
316916,Pernilla Mendesova,WTA
318905,Prarthana Thombare,WTA
317560,Varunya Wongteanchai,WTA
317578,Valeria Podda,WTA
316686,Nives Baric,WTA
318446,Tanya Samodelok,WTA
315572,Stephanie Kent,WTA
318491,Sandra Honigova,WTA
318135,Zuzanna Maciejewska,WTA
319322,Oleksandra Korashvili,WTA
317016,Michaela Frlicka,WTA
318202,Petra Uberalova,WTA
319097,Tayisiya Morderger,WTA
319369,Susanne Celik,WTA
319327,Xi-Yao Wang,WTA
317614,Michika Ozeki,WTA
316920,Sowjanya Bavisetti,WTA
321197,Peggy Porter,WTA
317940,Shakhlo Saidova,WTA
318546,Sofia Blanco,WTA
318119,Saray Sterenbach,WTA
321008,Rita Atik,WTA
320099,Paulina Czarnik,WTA
318130,Stefana Andrei,WTA
320057,Vladica Babic,WTA
315689,Natalie Proese,WTA
318165,Stefanie Stemmer,WTA
317946,Polina Merenkova,WTA
320317,Sara Ottomano,WTA
319240,Nicoleta Dascalu,WTA
320685,Marie Leduc,WTA
320762,Melanie Stokke,WTA
318450,Mia Eklund,WTA
319848,Stephanie Petit,WTA
319378,Wendy Qi-Wen Zhang,WTA
320969,Oyku Boz,WTA
317491,Sophie Watts,WTA
315609,Marina Lazic,WTA
320039,Olivia Tjandramulia,WTA
315389,Molly Scott,WTA
319612,Nozomi Fujioka,WTA
320441,Monique Zuur,WTA
318257,Nicole Hoynaski,WTA
320329,Shilin Xu,WTA
321336,Mary Weatherholt,WTA
317930,Naz Karagoz,WTA
320627,Michelle Sammons,WTA
318265,Xiaorong Dong,WTA
320339,Szabina Szlavikovics,WTA
320392,Yan Wang,WTA
320609,Vivian Zlatanova,WTA
318743,Steffi Carruthers,WTA
316322,Petra Januskova,WTA
318848,Natalia Vajdova,WTA
319565,Ryann Foster,WTA
318734,Suellen Abel,WTA
320507,Vendula Zovincova,WTA
320934,Olga Fridman,WTA
317333,Olga Parres Azcoitia,WTA
319575,Oana Georgeta Simion,WTA
313842,Nadja Gilchrist,WTA
318019,Martina Spigarelli,WTA
322248,Michaela Gordon,WTA
322926,Yixuan Li,WTA
321615,Nina Alibalic,WTA
315820,Oleksandra Piskun,WTA
322318,Snehadevi Reddy,WTA
318932,Stefanie Vorih,WTA
318947,Nora Niedmers,WTA
321083,Mariaryeni Gutierrez,WTA
321742,Ying Zhang,WTA
320246,Verena Hofer,WTA
321303,Natalie Suk,WTA
319221,Yeong Won Jeong,WTA
321134,Nina Holanova,WTA
323758,Sofya Zhuk,WTA
321721,Yulia Bryzgalova,WTA
320229,Pia Cuk,WTA
319052,Sri Peddi Reddy,WTA
319177,Sara Gimenez,WTA
319645,Samantha Harris,WTA
320342,Patcharin Cheapchandej,WTA
321023,Qiu Yu Ye,WTA
320031,Nina Stadler,WTA
322162,Mizuno Kijima,WTA
319888,Rianna Valdes,WTA
320273,Natalija Sipek,WTA
321180,Marie Norris,WTA
320832,Natalia Vikhlyantseva,WTA
320363,Nicole Frenkel,WTA
322730,Vera Lapko,WTA
322708,Tereza Mihalikova,WTA
319931,Sandra Samir,WTA
322452,Sara Tomic,WTA
319993,Xuliu Sun,WTA
319856,Zoe Hives,WTA
319116,Sadafmoh Tolibova,WTA
322567,Marta Paigina,WTA
320221,Riya Bhatia,WTA
317743,Valeria Bhunu,WTA
320385,Mirabelle Njoze,WTA
321563,Valeriya Urzhumova,WTA
321080,Yukun Zhang,WTA
321388,Rebeka Stolmar,WTA
319908,Yuki Chiang,WTA
320561,Petia Arshinkova,WTA
321296,Yuanyi Yu,WTA
323403,Sunam Jeong,WTA
321879,Noelia Bouzo Zanotti,WTA
318924,Sarah Beth Grey,WTA
323039,Oliwia Szymczuch,WTA
319999,Nagi Hanatani,WTA
320954,Theo Gravouil,WTA
319144,Sai Chamarthi,WTA
319180,Natsumi Chimura,WTA
322334,Veronika Miroshnichenko,WTA
320821,Plobrung Plipuech,WTA
315312,Yoshimi Kawasaki,WTA
324593,Veronika Vlkovska,WTA
324202,Polina Novikova,WTA
317673,Nicole Collie,WTA
320797,Yuenu Li,WTA
322744,Yuqi Sheng,WTA
317541,Miriana Tona,WTA
319569,Marlies Szupper,WTA
325608,Xiaoxi Zhao,WTA
322126,Sofia Munera Sanchez,WTA
323743,Sabastiani Leon,WTA
322015,Nicole Coopersmith,WTA
321837,Vivian Wolff,WTA
321340,Tamachan Momkoonthod,WTA
321724,Pranjala Yadlapalli,WTA
320966,Risa Ushijima,WTA
319098,Yana Morderger,WTA
321239,Zhanlan Wei,WTA
324313,Siqi Cao,WTA
322381,Marta Gonzalez Encinas,WTA
316396,Priscilla Heise,WTA
321172,Yukina Saigo,WTA
324613,Olesya Pervushina,WTA
321560,Vasilisa Aponasenko,WTA
321002,Tina Tehrani,WTA
319192,Sang Hee Park,WTA
324959,Yang Lee,WTA
317027,You-Na Sul,WTA
321368,Teodora Radosavljevic,WTA
324960,Sing Fan Chiang,WTA
319779,Valeria Nikolaev,WTA
320706,Sarai Delfina Monarrez Yesaki,WTA
321619,Mila Popivoda,WTA
324861,Monika Kilnarova,WTA
323474,Satsuki Takamura,WTA
322272,Valentine Bacher,WTA
321920,Valentina Kulikova,WTA
322349,Sofia Salimova,WTA
322295,Natalia Belova,WTA
320997,Marta Garcia Gausi,WTA
320971,Schena Benamar,WTA
321452,Morgane Michiels,WTA
321125,Yujin Ahn,WTA
320967,Megumi Nishimoto,WTA
318946,Paula Perez Garcia,WTA
318562,Sophia Bursulaya,WTA
320732,Yasmin Gulman,WTA
318903,Se-Hyun Kim,WTA
320751,Shiran Arol Wiegand,WTA
318485,Monika Stanikova,WTA
322302,Meritxell Perera Ros,WTA
322838,Nikola Dolakova,WTA
324225,Miranda Ramirez,WTA
324607,Shelly Krolitzky,WTA
314859,Rashmi Teltumbde,WTA
320426,Muge Topsel,WTA
320214,Sarvinoz Saidhujaeva,WTA
320800,Sneha Padamata,WTA
317397,Theresa Kleinsteuber,WTA
322966,Savannah Sills,WTA
318499,Nikki Luttikhuis,WTA
318737,Marie Temin,WTA
319265,Marina Hruba,WTA
321092,May Kimhi,WTA
323036,Patrycja Polanska,WTA
319222,Sung Hee Kim,WTA
322751,Nermeen Shawky,WTA
320859,Veronika Stotyka,WTA
323104,Yijia Shao,WTA
321507,Pei-Ju Chien,WTA
319574,Sarah Finck,WTA
315082,Tea Faber,WTA
313999,Marianna Natali,WTA
317569,Viktoryia Mun,WTA
320692,Masa Jovanovic,WTA
316893,Ushna Suhail,WTA
317948,Varvara Kuznetsova,WTA
317369,Se Jin Lee,WTA
322296,Valeria Gorlats,WTA
316398,Natasha Bredl,WTA
320390,Shanshan Guo,WTA
321857,Sandra Andriamarosoa,WTA
324147,Wiktoria Kulik,WTA
317548,Qianqian Zhao,WTA
323089,Maya Tahan,WTA
322032,Victoria Smirnova,WTA
321717,Mathilde Devits,WTA
324542,Natalie Kallmunzerova,WTA
318445,Sabina Shaydullina,WTA
318198,Michele Zmau,WTA
324663,Seira Shimizu,WTA
319021,Sofia Dmitrieva,WTA
320206,Nelise Verster,WTA
320410,Si Qi Liu,WTA
321019,Sandra Jamrichova,WTA
321067,Natalia Serrano Garcia,WTA
319757,Martina Basic,WTA
321154,Marta Sexmilo Pascual,WTA
324419,Polina Malykh,WTA
323316,Natalie Novotna,WTA
321468,Rosie Johanson,WTA
320830,Valeriya Pogrebnyak,WTA
323769,Mira Antonitsch,WTA
319968,Mathilde Armitano,WTA
318644,Olena Kyrpot,WTA
318582,Tamari Chalaganidze,WTA
319244,Shelby Talcott,WTA
324143,Valeriya Zeleva,WTA
324052,Miriam Skoch,WTA
324125,Momoko Kobori,WTA
321436,Ronit Yurovsky,WTA
321236,Thaisa Grana Pedretti,WTA
324632,Zeel Desai,WTA
325335,Maryna Chernyshova,WTA
316027,Romy Koelzer,WTA
323601,Phillis Vanenburg,WTA
323236,Nina Kruijer,WTA
326012,Suzy Larkin,WTA
325785,Michaela Haet,WTA
326102,Naomi Cheong,WTA
322261,Polina Golubovskaya,WTA
324782,Yuliya Hatouka,WTA
325238,Ramu Ueda,WTA
325804,Ran Meng,WTA
324771,Salma Ewing,WTA
323254,Nika Shytkouskaya,WTA
326117,Vlada Koval,WTA
324327,Qianhui Tang,WTA
325807,Shuo Feng,WTA
323526,Megan Mccray,WTA
322017,Victoria Flores,WTA
324784,Shalimar Talbi,WTA
321946,Melany Krywoj,WTA
320873,Sinead Lohan,WTA
324622,Polina Bakhmutkina,WTA
324330,Zhuoma Ni Ma,WTA
323851,Tereza Prochazkova,WTA
324559,Yanni Liu,WTA
324331,Shou Mu,WTA
317145,Yulia Kulikova,WTA
322256,Olivia Nicholls,WTA
325868,Sakura Hondo,WTA
322867,Warona Mdlulwa,WTA
318387,Tiffany William,WTA
321713,Suzuho Oshino,WTA
324470,Nandini Sharma,WTA
320896,Sara Daavettila,WTA
323383,Pei Hsuan Chen,WTA
322063,Weronika Forys,WTA
322566,Watsachol Sawasdee,WTA
323925,Rushri Wijesundera,WTA
318052,Rebeca Pereira,WTA
326002,Molly Helgesson,WTA
322948,Tingting Pei,WTA
323197,Sofya Golubovskaya,WTA
326245,Sophia Intert,WTA
323595,Ramya Natarajan,WTA
321253,Rasheeda Mcadoo,WTA
323176,Paula Arias Manjon,WTA
313161,Marina Yudanov,WTA
326463,Vitalia Stamat,WTA
325021,Tijana Spasojevic,WTA
326840,Zoe Kruger,WTA
327032,Salma Djoubri,WTA
324860,Merel Hoedt,WTA
317106,Sari Baba,WTA
323887,Valeriya Yushchenko,WTA
324543,Nefisa Berberovic,WTA
324659,Paulina Jastrzebska,WTA
321519,Verena Meliss,WTA
325840,Mylene Halemai,WTA
324319,Mi You,WTA
325784,Renee Mcbryde,WTA
325049,Safiya Carrington,WTA
321430,Nonna Kurginyan,WTA
324465,Viktoria Morvayova,WTA
322480,Vinciane Remy,WTA
320864,Stephanie Nemtsova,WTA
323393,Sofia Sewing,WTA
323212,Paula Baranano,WTA
324318,Shuyue Ma,WTA
320834,Paige Mary Hourigan,WTA
327533,Monica Robinson,WTA
326546,Meiqi Guo,WTA
320305,Shiori Fukuda,WTA
327191,Naho Sato,WTA
327226,Punnin Kovapitukted,WTA
326113,Mina Hodzic,WTA
314471,Sandy Marti,WTA
325861,Meixu Wu,WTA
326159,Ziyi Yang,WTA
325108,Oona Orpana,WTA
326235,Yuki Naito,WTA
324666,Nicole Nadel,WTA
313930,Pamela Montez,WTA
326271,Natasha Subhash,WTA
327918,Nika Radisic,WTA
325334,Viktoriia Dema,WTA
327814,Sophia Whittle,WTA
316194,Sarah Lee,WTA
324506,Pauline Wuarin,WTA
324151,Tamara Barad Itzhaki,WTA
323093,Shahar Biran,WTA
327294,Mihaela Djakovic,WTA
327500,Tamara Malesevic,WTA
329301,Taisya Pachkaleva,WTA
327547,Stephanie Visscher,WTA
326053,Stefania Rogozinska Dzik,WTA
324703,Sara Gambogi,WTA
327364,Viktoriya Kanapatskaya,WTA
326659,Victoria Allen,WTA
324813,Shelly Bereznyak,WTA
328716,Valentina Ivanov,WTA
323376,Svenja Ochsner,WTA
328919,Natsumi Kawaguchi,WTA
324987,Victoria Emma,WTA
327934,Raphaelle Lacasse,WTA
328783,Victoria Kalaitzis,WTA
321309,Nikola Tomanova,WTA
319838,Timea Jaruskova,WTA
326780,Misaki Matsuda,WTA
325942,Yekaterina Dmitrichenko,WTA
318985,Rhiann Newborn,WTA
321526,Monica Cappelletti,WTA
326878,Romana Cisovska,WTA
327456,Tricia Mar,WTA
323088,Yuval Keren,WTA
325762,Tanysha Dissanayake,WTA
328300,Mio Kozaki,WTA
322576,Nicole Gadient,WTA
327095,Meiting Liu,WTA
325798,Marie Mettraux,WTA
321611,Sabrina Rittberger,WTA
320386,Yana Mogilnitskaya,WTA
327164,Polina Kozyreva,WTA
329261,Mariya Krasakova,WTA
329173,Nana Kawagishi,WTA
325612,Sara Lanca,WTA
328205,Shatoo Mohamad,WTA
323099,Yarden Akler,WTA
328910,Mell Reasco Gonzalez,WTA
329512,Reese Brantmeier,WTA
327247,Xinyu Cai,WTA
325907,Yasmina Karimjanova,WTA
327950,Susan Doldan,WTA
328648,Savannah Broadus,WTA
328462,Zita Kovacs,WTA
328457,Veronika Pepelyaeva,WTA
326460,Sofia Milatova,WTA
325908,Sevil Yuldasheva,WTA
326901,Megan Basson,WTA
326197,Martina Biagianti,WTA
326080,Victoria Mikhaylova,WTA
324743,Marina Benito,WTA
326532,Zoziya Kardava,WTA
322951,Michiru Furuya,WTA
327076,Olympe Lancelot,WTA
325600,Ya Hsin Lee,WTA
328207,Solymar Colling,WTA
326332,Nikola Breckova,WTA
324177,Mihika Yadav,WTA
327192,Sina Herrmann,WTA
324385,Viktoriia Kalinina,WTA
328109,Melania Delai,WTA
324617,Olga Helmi,WTA
328399,Noel Saidenova,WTA
326861,Sofia Samavati,WTA
326775,Mayuka Aikawa,WTA
326944,Shavit Kimchi,WTA
325814,Ramona Mataruga,WTA
325389,Selin Ovunc,WTA
317315,Rosalie Van Der Hoek,WTA
317296,Nikita Uberoi,WTA
323381,Ya Pai,WTA
328400,Yelizaveta Karlova,WTA
326651,Supapitch Kuearum,WTA
324754,Yuka Hosoki,WTA
325595,Melis Yasar,WTA
329656,Romina Ccuno,WTA
325487,Nicole Khirin,WTA
324961,Yi-Tsen Cho,WTA
328811,Sophia Biolay,WTA
326468,Noa Liauw A Fong,WTA
328069,Sathwika Sama,WTA
324752,Yui Chikaraishi,WTA
326100,Vanessa Ong,WTA
325583,Sem Wensveen,WTA
327949,Paola Doldan,WTA
327148,Satsuki Koike,WTA
327535,Vicky Van De Peer,WTA
327394,Tina Cvetkovic,WTA
324207,Paige Cline,WTA
323453,Svetlana Iansitova,WTA
328686,Nadine Keller,WTA
326486,Viktoriya Petrenko,WTA
321268,Minami Akiyama,WTA
321350,Saumya Vig,WTA
321422,Veronica Napolitano,WTA
321421,Valentina Losciale,WTA
320326,Patricia Boentgen,WTA
319823,Sarah Pang,WTA
329124,Maribella Zamarripa,WTA
329158,Olivia Gram,WTA
329339,Sariaka Radilofe,WTA
328584,Tammy Tan,WTA
327369,Tatsiana Sasnouskaya,WTA
323983,Utaka Kishigami,WTA
324286,Snehal Mane,WTA
324894,Perla Nieuwboer,WTA
324950,Rita Bentes De Oliveira Pinto,WTA
325906,Milana Maslenkova,WTA
328507,Marta Custic,WTA
325655,Valeriia Olianovskaia,WTA
318566,Mary Closs,WTA
324421,Marie Villet,WTA
329392,Taylah Lawless,WTA
328575,Zhenghua Xiao,WTA
329509,Rachel Gailis,WTA
329366,Nastasja Schunk,WTA
330182,Matilda Mutavdzic,WTA
328829,Sabine Rutlauka,WTA
329096,Sebastianna Scilipoti,WTA
323548,Taylor Ng,WTA
326950,Marion Viertler,WTA
329609,Sylvie Zund,WTA
330443,Michaela Laki,WTA
326351,Nevena Sokovic,WTA
330444,Weronika Baszak,WTA
328845,Zdena Safarova,WTA
328123,Zara Brankovic,WTA
328438,Yasmin Ezzat,WTA
330526,Tilwith Di Girolami,WTA
329337,Merna Refaat,WTA
329307,Sofia Rocchetti,WTA
329362,Wiem Boubaker,WTA
330437,Nikol Palecek,WTA
326629,Mariia Bergen,WTA
322060,Tea Jandric,WTA
321427,Noelly Nsimba,WTA
328304,Oceane Babel,WTA
330451,Sofia Costoulas,WTA
328725,Simona Ogescu,WTA
322990,Vaidehi Chaudhari,WTA
321064,Valeria Koussenkova,WTA
327503,Oana Corneanu,WTA
327330,Zoe Howard,WTA
329994,Michaela Kadleckova,WTA
329367,Ozlem Uslu,WTA
327932,Sarah-Maude Fortin,WTA
329898,Nina Radovanovic,WTA
327011,Marine Szostak,WTA
326604,Saki Imamura,WTA
330466,Polina Iatcenko,WTA
328153,Radka Zelnickova,WTA
331720,Talia Neilson Gatenby,WTA
331259,Zongyu Li,WTA
331253,Tatum Evans,WTA
330637,Nikola Daubnerova,WTA
330831,Mika Buchnik,WTA
330932,Sofia Da Cruz Mendonca,WTA
327723,Milana Zhabrailova,WTA
332505,Valerie Glozman,WTA
330213,Mihaela Tsoneva,WTA
324433,Zoe Hitt,WTA
328513,Vanessa Ersoz,WTA
324266,Paris Corley,WTA
329728,Mia Mack,WTA
329104,Vladlena Bokova,WTA
331257,Na Dong,WTA
328470,Mika Dagan Fruchtman,WTA
327672,Nicole Rivkin,WTA
329125,Sonya Macavei,WTA
322967,Natsuho Arakawa,WTA
331153,Miho Kuramochi,WTA
331077,Rebecca Munk Mortensen,WTA
330949,Patricija Paukstyte,WTA
324988,Mercedes Aristegui,WTA
331696,Rinko Matsuda,WTA
330393,Victoria Gomez,WTA
331248,Panna Bartha,WTA
328455,María Marchesini,WTA
331491,Samira De Stefano,WTA
330636,Nina Vargova,WTA
328150,Mavie Osterreicher,WTA
330959,Virginia Ferrara,WTA
328642,Nanari Katsumi,WTA
331258,Yujiao Che,WTA
332210,Suana Tucakovic,WTA
330187,Mia Repac,WTA
330990,Rinon Okuwaki,WTA
330305,Zijun Jiang,WTA
328990,Sravya Chilakalapudi,WTA
331432,Mia Yamakita,WTA
333728,Natsuki Yoshimoto,WTA
330494,Smriti Bhasin,WTA
326386,Sabina Dadaciu,WTA
330349,Paola Ueno Dalmonico,WTA
320986,Naima Karamoko,WTA
328175,Milan Krish,WTA
331900,Tijana Sretenovic,WTA
328122,Sara Nayar,WTA
327059,Selina Dal,WTA
331736,Stefania Bojica,WTA
330162,Mio Mushika,WTA
329700,Mia Kupres,WTA
331018,Tamara Kostic,WTA
333664,Yujia Huang,WTA
330163,Martyna Ostrzygalo,WTA
330719,Salma Drugdova,WTA
327962,Savanna Ly-Nguyen,WTA
326710,Roopa Bains,WTA
330324,Samantha Imbo Nloga,WTA
329729,Natasha Sengphrachanh,WTA
331345,Rikke De Koning,WTA
329867,Martina Marusinova,WTA
333637,Olivia Bergler,WTA
332888,Rada Zolotareva,WTA
332599,Sarah Van Emst,WTA
329401,Meng-Yi Chen,WTA
328782,Zixuan Zeng,WTA
323170,Mila Masic,WTA
329428,Sara Seivane Torres,WTA
328658,Veronika Bokor,WTA
328516,Shachf Lieberman,WTA
330857,Natali Jaiani,WTA
330389,Raquel Gonzalez Vilar,WTA
327819,Melis Uyar,WTA
331093,Zuzanna  Kolonus,WTA
332297,Sonja Zhiyenbayeva,WTA
326298,Nina Rudiukova,WTA
329513,Shria Atturu,WTA
329988,Paloma Goldsmith Weinreich,WTA
330844,Olga Golas,WTA
326269,Pauline Courcoux,WTA
323672,Soha Sadiq,WTA
332768,Natalia Krockova,WTA
332713,Rio Tsuda,WTA
330621,Suzanie Pretorius,WTA
330838,Valentina Vargas,WTA
330374,Petja Drame,WTA
324751,Nagomi Higashitani,WTA
331376,Marina Bulbarella,WTA
327015,Selina Atay,WTA
330810,Valeska San Martin Ramirez,WTA
333019,Yanan Hou,WTA
332127,Pimmada Thongkum,WTA
331637,Zara Larke,WTA
324336,Yu Chen,WTA
331525,Vittoria Modesti,WTA
325489,Tenika Mcgiffin,WTA
325679,Rhea Verma,WTA
332782,Shannon Lam,WTA
328452,Noka Juric,WTA
327049,Matilde Mariani,WTA
327975,Marie Weckerle,WTA
320943,Mia Horvit,WTA
331783,Sandeepti Singh Rao,WTA
330429,Xenia Bandurowska,WTA
321407,Mary Lewis,WTA
321381,Naia Mercadier,WTA
331645,Stefani Webb,WTA
332125,Yu-Yun Li,WTA
331486,Valery Gynina,WTA
332353,Tanisha Kashyap,WTA
330718,Mia Chudejova,WTA
329924,Tiziana Rossini,WTA
330017,Valentina Mutilba,WTA
331743,Serena Pereyra Giubbani,WTA
333138,Victoria Bervid,WTA
332208,Paula Cembranos,WTA
332543,Yuyun Chen,WTA
329482,Nino Natsvlishvili,WTA
331251,Teja Tirunelveli,WTA
328571,Tara Malik,WTA
332748,Rositsa Dencheva,WTA
330813,Tania Andrade Sabando,WTA
330700,Sarah Tatu,WTA
329152,Polina Pavlova,WTA
321930,Rocio Merlo,WTA
331136,Yelyzaveta Kotliar,WTA
331218,Yoana Radulova,WTA
331420,Tilde Stromquist,WTA
325783,Taylor Johnson,WTA
329559,Mua Shigeta,WTA
331813,Sanjana Sirimalla,WTA
331447,Versace Gatti,WTA
330729,Martina Roldan Santander,WTA
331608,Meisha Kendall-Woseley,WTA
327927,Mei Hasegawa,WTA
330197,Qavia Lopez,WTA
331261,Xin Tong  Wang,WTA
331984,Wozuko Mdluwa,WTA
330974,Sara Milanese,WTA
331891,Salakthip Ounmuang,WTA
332346,Teah Chavez,WTA
332693,Mayu Crossley,WTA
333587,Yingqun Sun,WTA
331474,Mia  Popovic,WTA
331820,Victoria Osuigwe,WTA
330265,Mary Stoiana,WTA
330995,Natalija Senic,WTA
332512,Tianmi Mi,WTA
331619,Marta Soriano Santiago,WTA
331260,Xichen Zhao,WTA
334183,Mia Pohankova,WTA
329671,Yiming Dang,WTA
331078,Sarafina Hansen,WTA
330233,Marie Vogt,WTA
331299,Scarlett Nicholson,WTA
315741,Hao-Ching Chan,WTA
320144,Leticia Garcia Vidal,WTA
322345,Khrystyna Vozniak,WTA
322983,Mouna Bouzgarrou,WTA
323439,Evelyne Tiron,WTA
323509,Luisa Hrda,WTA
324276,Jennifer Dourado,WTA
324793,Malkia Menguene,WTA
324849,Taylor Gruber,WTA
325221,Eunji Lee,WTA
325309,Prathyusha Rachapudi,WTA
325596,Jacquline Nylander Altelius,WTA
325722,Csilla Fodor,WTA
325780,Maika Adair,WTA
325831,Lilian Poling,WTA
325832,Marcella Cruz,WTA
326030,Eunji Oh,WTA
326039,Federica Sacco,WTA
326074,Maria Teixido Garcia,WTA
326119,Vlada Zvereva,WTA
326248,Yasmine Wagner,WTA
326660,Summer Yardley,WTA
326663,Bronte Murgett,WTA
326798,Julia Rennert,WTA
326937,Jizel Matos Sequeira Fernandes,WTA
326997,Carolyn Campana,WTA
327137,Sofia Rojas,WTA
327273,Teresa Franco Dias,WTA
327340,Laura Boehner,WTA
327357,Vanshita Pathania,WTA
327423,Pia Praefke,WTA
327611,Venla Ahti,WTA
327643,Maddalena Giordano,WTA
327719,Sera Nishimoto,WTA
327759,Melina Maruca,WTA
327779,Kianah Motosono,WTA
327787,Mariya Poduraeva,WTA
327807,Bianca Compuesto,WTA
327835,Ava Hrastar,WTA
327946,Katherine Barnes,WTA
328015,Anastasia Mozgaleva,WTA
328108,Cristina Tiglea,WTA
328203,Camille Kiss,WTA
328212,Giulia Paterno,WTA
328261,Mathilde Lollia,WTA
328316,Camilla Bossi,WTA
328369,Jiayu Xu,WTA
328371,Shuoran Wang,WTA
328590,Jenna Dean,WTA
328632,Melissa Boyden,WTA
328698,Phillippa Preugschat,WTA
328724,Stefana Lazar,WTA
328805,Krystyna Pochtovyk,WTA
328840,Alexandra Vasilyeva,WTA
329020,Maria Andrienko,WTA
329058,Katerina Mandelikova,WTA
329108,Anastasiya Zaparyniuk,WTA
329129,Klara Kosan,WTA
329131,Emma Charney,WTA
329138,Maria Penalver Aguilo,WTA
329191,Fanny Norin,WTA
329220,Carlotta Moccia,WTA
329264,Maria Martinez Vaquero,WTA
329391,Zhanel Rustemova,WTA
329444,Esther Adeshina,WTA
329503,Jin Zhang,WTA
329519,Matylda Burylo,WTA
329580,Na Kang,WTA
329590,Sara Mikaca,WTA
329595,Gabriella Broadfoot,WTA
329635,Jamilah Snells,WTA
329646,Darja Suvirdjonkova,WTA
329649,Elena Giessler,WTA
329683,Dana Guzman,WTA
329698,Jana Vanik,WTA
329807,Stefanie Auer,WTA
329872,Yuxuan Luo,WTA
329895,Caterina Odorizzi,WTA
329927,Judith Hernandez Miranda,WTA
329930,Tatyana Nikolenko,WTA
330018,Sol Rabin,WTA
330065,Vanessa Popa Teiusanu,WTA
330086,Sofia Cabezas Dominguez,WTA
330101,Marija Semenistaja,WTA
330103,Liisa Varul,WTA
330125,Noemi La Cagnina,WTA
330152,Viera Deeperm,WTA
330154,Pooja Ingale,WTA
330249,Maria Mikhailova,WTA
330258,Sara Dols,WTA
330379,Coco Bosman,WTA
330385,Klara Veldman,WTA
330391,Didi Bredberg Canizares,WTA
330458,Emily De Oliveira,WTA
330470,Eva Alvarez Sande,WTA
330498,Duru Soke,WTA
330524,Dilara Okur,WTA
330531,Elena Grekul,WTA
330550,Viola Turini,WTA
330574,Noemi Basiletti,WTA
330613,Karolina Mrazikova,WTA
330626,Marilouise Van Zyl,WTA
330638,Michelle Dzjachangirova,WTA
330654,Priyanshi Bhandari,WTA
330659,Laalitya Kalluri,WTA
330667,Paavanii Paathak,WTA
330677,Isabelle Cherny,WTA
330694,Thessy Ntondele Zinga,WTA
330706,Carolin Raschdorf,WTA
330736,Vanja Gudelj,WTA
330753,Sara Borkop,WTA
330763,Dana Baidaulet,WTA
330764,Asylzhan Arystanbekova,WTA
330786,Chiara Fornasieri,WTA
330825,Alian Zack,WTA
330840,Camilia Samel Druz,WTA
330862,Emma Slavikova,WTA
330865,Mckenna Schaefbauer,WTA
330874,Daria Zelinskaya,WTA
330895,Sandugash Kenzhibayeva,WTA
330912,Ana Zamburek,WTA
330986,Daria Gorska,WTA
330991,Lucie Pawlak,WTA
331033,Victoria Chramcova,WTA
331041,Anastasia Golubkova,WTA
331043,Ekaterina Khayrutdinova,WTA
331063,Clarissa Blomqvist,WTA
331092,Sofia Avataneo,WTA
331097,Elina Zakharova,WTA
331104,Anna Lena Ebster,WTA
331123,Carolann Delaunay,WTA
331147,Liel Marlies Rothensteiner,WTA
331158,Romane  Longueville,WTA
331174,Ranim Rassil,WTA
331263,Iva Ivanova,WTA
331280,Luciana Perry,WTA
331329,Maria Kalyakina,WTA
331339,Maria Eduarda Lages,WTA
331388,Irem Kurt,WTA
331413,Eliska Tichackova,WTA
331414,Greta Greco Lucchina,WTA
331419,Ida Johansson,WTA
331458,Arina Varaksina,WTA
331504,Natalia Kowalczyk,WTA
331512,Lena Couto,WTA
331513,Analu Freitas,WTA
331531,Francesca Pace,WTA
331543,Magdalena Smekalova,WTA
331554,Sofia Cohen Perovani,WTA
331583,Kate Mansfield,WTA
331597,On Yu Choi,WTA
331634,Sarah Rokusek,WTA
331652,Mariam Atia,WTA
331656,Alessia Popescu,WTA
331664,Brooke Black,WTA
331680,Gabriela Kawano Cho,WTA
331712,Ximena Senties,WTA
331723,Ava Williamson,WTA
331726,Daniela Piani,WTA
331746,Katja Markus,WTA
331758,Hephzibah Oluwadare,WTA
331770,Pilar Beveraggi Lespiau,WTA
331790,Anjali Rathi,WTA
331828,Ariana  Anazagasty-Pursoo,WTA
331847,Vendula Valdmannova,WTA
331852,Jeline Vandromme,WTA
331886,Margot Phanthala,WTA
331895,Kamonwan Yodpetch,WTA
331897,Lara Smejkal,WTA
331923,Vladislava Andreevskaya,WTA
331931,Lidia Podgorichani,WTA
331945,Barbora Michalkova,WTA
331958,Linea Bajraliu,WTA
331967,Jaquelyn Ogunwale,WTA
331997,Daria Yesypchuk,WTA
332039,Claudia Ferrer Perez,WTA
332046,Carla Tomai,WTA
332086,Claudia Gasparovic,WTA
332098,Elena Ruxandra Bertea,WTA
332112,Jordyn Mcbride,WTA
332117,Lan Mi,WTA
332152,Alicia Dudeney,WTA
332156,Cayetana Gay,WTA
332194,Vlada Mincheva,WTA
332202,Rose Marie Nijkamp,WTA
332204,Joy De Zeeuw,WTA
332213,Petra Konjikusic,WTA
332229,Maayan Laron,WTA
332243,Patricia Goina,WTA
332253,Anamaria Oana,WTA
332258,Abhilasha Bista,WTA
332270,Valentina  Steiner,WTA
332271,Ann Akasha Ceuca,WTA
332274,Victoria Pohle,WTA
332306,Gloriana Goreti Nahum,WTA
332309,Amelie Justine Hejtmanek,WTA
332313,Beatrise Zeltina,WTA
332316,Maya Drozd,WTA
332347,Naomi Xu,WTA
332380,Cara Korhonen,WTA
332402,Alexa Volkov,WTA
332420,Jana Otzipka,WTA
332423,Tamila Gadamauri,WTA
332444,Ekaterina Ivanova,WTA
332446,Zimmer Alexandra,WTA
332473,Tiana Tian Deng,WTA
332480,Ioana Teodora Sava,WTA
332504,Kayla Brianne Moore,WTA
332518,Lidia Encheva,WTA
332540,Josy Daems,WTA
332568,Saoirse Breen,WTA
332577,Anastasiia Firman,WTA
332588,Kira Bataikina,WTA
332603,Alexia Lavinia Puiac,WTA
332605,Mara Gae,WTA
332609,Ke Ren,WTA
332634,Gaeul Jang,WTA
332661,Tahlia Kokkinis,WTA
332665,Love-Star Alexis,WTA
332667,Mia Slama,WTA
332669,Gabriella Lindgren,WTA
332709,Alice Pesci,WTA
332710,Honori Koyama,WTA
332718,Alisa Oktiabreva,WTA
332741,Alexis Nguyen,WTA
332749,Melis Rasim,WTA
332753,Lorena Schaedel,WTA
332762,Alice Soulie,WTA
332769,Adela Polakovicova,WTA
332792,Charlotte Keitel,WTA
332816,Aoi Ide,WTA
332842,Amalia Suciu,WTA
332843,Lorena Solar Donoso,WTA
332857,Karolina Krajmer,WTA
332861,Martina Genis Salas,WTA
332865,Sarah Mildren,WTA
332906,Valerija Kargina,WTA
332921,Berta Passola,WTA
332948,Remika Ohashi,WTA
332949,Rea Nakashima,WTA
332950,Eleejah Inisan,WTA
332956,Michela Castro Zunino,WTA
332969,Natalie Gaft,WTA
332974,Maria Golovina,WTA
332978,Mirjana Jovanovic,WTA
333011,Alana Subasic,WTA
333022,Anastasiia Sergienko,WTA
333055,Tamara Sramkova,WTA
333071,Ekaterina Perelygina,WTA
333074,Ustiniya Lekomtseva,WTA
333080,Cristiana  Todoni,WTA
333108,Madhurima Sawant,WTA
333109,Sonal Patil,WTA
333135,Monika  Ekstrand,WTA
333144,Yifan Sun,WTA
333151,Marine Le Bozec,WTA
333154,Kira Matushkina,WTA
333157,Riko Kikawada,WTA
333164,Laima Vladson,WTA
333184,Isabel Skoog,WTA
333185,Polina Kuharenko,WTA
333192,Shihomi Li Xuan Leong,WTA
333200,I Wen Wan,WTA
333213,Sophia Ksandinov,WTA
333231,Amelia Zylberman,WTA
333243,Tianmei Wang,WTA
333262,Nadia Lagaev,WTA
333335,Ela Plosnik,WTA
333337,Alja Senica,WTA
333354,Shiho Tsujioka,WTA
333357,Moeka Miyata,WTA
333383,Dora Miskovic,WTA
333415,Ruien Zhang,WTA
333439,Gabia Paskauskas,WTA
333457,Yuno Kitahara,WTA
333462,Polina Kaibekova,WTA
333464,Julia Adams,WTA
333465,Miroslava Medvedeva,WTA
333485,Kanon Sawashiro,WTA
333490,Anna Linn Puls,WTA
333497,Cheuk Ying Shek,WTA
333499,Daphnee Mpetshi Perricard,WTA
333523,Carina Syrtveit,WTA
333526,Lea Nilsson,WTA
333555,Anna Snigireva,WTA
333645,Anastasia Bertacchi,WTA
333669,Duanrui Gao,WTA
333676,Shiyu Ye,WTA
333678,Chenting Zhu,WTA
333682,Matilde Parreira,WTA
333699,Kallista Liu,WTA
333703,Anna Frey,WTA
333704,Elizabeth Ionescu,WTA
333712,Zi Ye Zhang,WTA
333724,Anastasija Cvetkovic,WTA
333753,Zuzanna Pawlikowska,WTA
333758,Amelia Honer,WTA
333767,Camila Rodero Contreras,WTA
333774,Diana-Ioana Simionescu,WTA
333781,Mathilde Ngijol Carre,WTA
333784,Britt Du Pree,WTA
333794,Meshkatolzahra Safi,WTA
333795,Feier Hu,WTA
333796,Ruirui Zou,WTA
333797,Anna Yang,WTA
333845,Emma Si Yu Dong,WTA
333851,Julie Pastikova,WTA
333855,Emma Ottavia Ghirardato,WTA
333879,Leilany Ipunesso,WTA
333893,Laura Brunkel,WTA
333898,Yujin Kim,WTA
333913,Daria Shubina,WTA
333917,India Houghton,WTA
333926,Friederike Nolte,WTA
333927,Eva Bennemann,WTA
333945,Tereza Krejcova,WTA
333949,Sonja Zhenikhova,WTA
334045,Zhirui Liu,WTA
334052,Isabella Maria Serban,WTA
334057,Milena Ciocan,WTA
334059,Cindy Langlais,WTA
334090,Nao Nishino,WTA
334137,Jiayi Wang,WTA
334141,Mariella Thamm,WTA
334158,Sophie Llewellyn,WTA
334159,Kaede Usui,WTA
334169,Paola Lopez,WTA
334180,Kali Supova,WTA
334193,Annika Penickova,WTA
334194,Kristina Penickova,WTA
334204,Gaia  Maduzzi,WTA
334206,Karolina Lincer,WTA
334210,Rachael Smith,WTA
334216,Micol Salvadori,WTA
334219,Vlada Guryleva,WTA
334232,Kaat Coppez,WTA
334233,Yelyzaveta Chainykova,WTA
334234,Scarlet Kavanagh,WTA
334238,Juliette Trunet,WTA
334239,Tian Jialin,WTA
334243,Sofia Meabe,WTA
334245,Natalia Sousa Salazar,WTA
334294,Sarah Melany Fajmonova,WTA
334322,Yuliya Perapekhina,WTA
334395,Tegan Bush,WTA
334420,Christasha Mcneil,WTA
334446,Abigayel Vosloo,WTA
334448,Kaitlyn Leigh Ramduth,WTA
334454,Eva Zabolotnaia,WTA
334466,Yuzuha Negishi,WTA
334485,Anna Maria Fedotova,WTA
334494,Nathalie Gerald Marinovitch Zegarra,WTA
334504,Lavinia Luciano,WTA
334537,Lucrezia Musetti,WTA
334546,Sabrina Olimjanova,WTA
334549,Jana Hossam Salah,WTA
334551,Yui Ohwaki,WTA
334557,Alena Kovackova,WTA
334588,Monika Stankiewicz,WTA
334602,Nauhany Vitoria Leme Da Silva,WTA
334622,Varvara Panshina,WTA
334629,Luna Vujovic,WTA
334630,Ekaterina Agureeva,WTA
334636,Angelica Sara,WTA
334641,Daria Egorova,WTA
334654,Loes Ebeling Koning,WTA
334658,Zi Ying Ruan,WTA
334734,Claire An,WTA
334735,Noemi Maines,WTA
334762,Valeriia Artemeva,WTA
334825,Yichen Zhao,WTA
334828,Dominika Podhajecka,WTA
334863,Dusica Popovski,WTA
334870,Maya Iyengar,WTA
334883,Giulia Safina Popa,WTA
334894,Kaili Demi Teso,WTA
334897,Margaux Maquet,WTA
334931,Jahnie Van Zyl,WTA
334943,Maia Ilinca Burcescu,WTA
334971,Antonia Stoyanov,WTA
334992,Naomi Mckenzie,WTA
335013,Lexue Xiao,WTA
335016,Maria Shmakova,WTA
335062,Francisca Laundes,WTA
335078,Ellie Schoppe,WTA
335188,Barbara Straszewska,WTA
335221,Meritxell Teixido Garcia,WTA
335246,Victoria Luiza Barros,WTA
335303,Kristina Liutova,WTA
335315,Neus Torner Sensano,WTA
335320,Dominika Pirohova,WTA
335348,Sae Noguchi,WTA
335375,Kristina Kroitor,WTA
335456,Zaire Clarke,WTA
335461,Juliana Giaccio,WTA
335478,Victoria Milovanova,WTA
335755,Jana Kovackova,WTA
335909,Ida Wobker,WTA
335920,Bella Payne,WTA
336018,Nadia Kulbiej,WTA
336025,Lani Chang,WTA
336113,Jo-Yee Chan,WTA
336142,Xinle Geng,WTA
336267,Petra Sedlackova,WTA
324040,Alana Tuayeva,WTA
325076,Lucia Natal Gomez,WTA
325586,Diae El Jardi,WTA
326753,Ingrid Millan,WTA
326782,Ayaka Ozeki,WTA
328479,Jeong Moon,WTA
329744,Indianna Spink,WTA
330427,Ria Dernikovic,WTA
330624,Heike Janse Van Vuuren,WTA
331402,Emily Sartz-Lunde,WTA
331957,Isabella Svahn,WTA
331969,Lois Newberry,WTA
332464,Lola Giza,WTA
332559,Charlotte Van Zonneveld,WTA
332767,Kiara Zabkova,WTA
332823,Mutsumi Uemura,WTA
332990,Alice  Ferlito,WTA
333131,Mia Wainwright,WTA
333413,Celia Anson Sanchez,WTA
333646,Louna Zoppas,WTA
333680,Xi Luo,WTA
333972,Diana Yakovleva,WTA
334215,Amy Sucha,WTA
334267,Anna Kartseva,WTA
334453,Paulina Montiel,WTA
335046,Ophelie Boullay,WTA
335238,Barbara Kostecka,WTA
335405,Sydney Jara,WTA
335673,Gabriella Mikaul,WTA
335688,Ava Rodriguez,WTA
331082,Emma Malmkjaer,WTA
332126,Francesca Mattioli,WTA
333434,Maddy  Zampardo,WTA
334018,Yuyao Li,WTA
334350,Laura Badia,WTA
334451,Elda Lara Cruz,WTA
334786,Sara Victoria Balan,WTA
334968,Jade Groen,WTA
336158,Alesia Breaz,WTA
322605,Francesca Dell'Edera,WTA
332574,Giulia Alessia Monteleone,WTA
332711,Reina Goto,WTA
333107,Aishi Das,WTA
333836,Alexandra Irina Anghel,WTA
334526,Anna Tabunshchyk,WTA
335175,Katarina Kujovic,WTA
335219,Yushan Shao,WTA
335550,Giselle Isabell Guillen,WTA
326250,Georgina Groth,WTA
329185,Amy Stevens,WTA
332188,Claire Hill,WTA
335764,Tina Manescu,WTA
334781,Ilinca Sagmar,WTA
335151,Magdalena Baniak,WTA
335166,Sofia Martianova,WTA
325212,Vivien Sandberg,WTA
329187,Yuhan Liu,WTA
329640,Sana Garakani,WTA
331030,Aliesia Reva,WTA
333237,Adriana Tkachenko,WTA
333266,Aleksandra Pozarenko,WTA
333756,Inka Wawrzkiewicz,WTA
334388,Dune Vaissaud,WTA
334783,Iulia Maria Buculei,WTA
335041,Anna Kmiecik,WTA
335173,Anna Pircher,WTA
335374,Mandegar Farzami,WTA
335910,Polina Skliar,WTA
324805,Eunyeong Park,WTA
327469,Marianne Argyrokastriti,WTA
330450,Darya Velikova,WTA
330500,Viktoria Veleva,WTA
331310,Helena Bueno,WTA
331774,Lisa Claeys,WTA
332131,Soo Ha Jang,WTA
332409,Ines Leon,WTA
332944,Megan Heuser,WTA
332987,Francesca Gandolfi,WTA
333498,Ciara Moore,WTA
334003,Stefaniya Pushkar,WTA
334029,Suha Lee,WTA
334583,Seda Baslilar,WTA
335106,Marta Lombardini,WTA
335720,Amelia Paszun,WTA
335853,Mariia Nozdrachova,WTA
336093,Gala Ivanovic,WTA
335866,Ekaterina Tupitsyna,WTA
325731,Marie Mattel,WTA
325802,Isabella Harvison,WTA
328604,Carmen Gallardo Guevara,WTA
328978,Yuna Ohashi,WTA
329417,Midori Castillo Meza,WTA
329481,Nada Fouad,WTA
331217,Gabriela Maria  Vancea,WTA
331293,Alisa Vasileva,WTA
331340,Sofia Suslova,WTA
331789,Shruti Ahlawat,WTA
332576,Marcella Dessolis,WTA
332915,Allegra Korpanec Davies,WTA
333060,Eva Marie Desvignes,WTA
333463,Elena Michel,WTA
334900,Anna Dvorackova,WTA
334966,Charlotte Pikkaart,WTA
335018,Polina Isakova,WTA
335306,Kim Chiarello,WTA
335444,Chukwumelije Clarke,WTA
335473,Jizelle Sibai,WTA
335945,Ru Xi Wu,WTA
329007,Miyu Nakashima,WTA
330413,Milla Sequeira,WTA
332330,Krisha Mahendran,WTA
333580,Pietra Rivoli,WTA
333885,Ava Monet Sycamore,WTA
334334,Ariadna Garcia Patron Canals,WTA
327868,Carson Tanguilig,WTA
328135,Kailey Evans,WTA
330769,Danique Havermans,WTA
330804,Piper Charney,WTA
331661,Amelie Brooks,WTA
331970,Ruby Cooling,WTA
332164,Liv Boulard,WTA
332773,Ellie Daniels,WTA
333487,Valeriia Shvestova,WTA
333634,Karla Bartel,WTA
333757,Oriana Gniewkowska,WTA
334296,Maria Lazarenko,WTA
335310,Margaret Sohns,WTA
335958,Xinran Sun,WTA
336365,Avery Alexander,WTA
336729,Kennedy Drenser-Hagmann,WTA
327224,Hania Abouelsaad,WTA
331490,Mariia Masiianskaia,WTA
332179,Julie Myatovic,WTA
332350,Isabella Marton,WTA
332645,Gurmanat Kaur Sandhu,WTA
332727,Luna Maria Cinalli,WTA
333272,Julia Khramtsova,WTA
333291,Massiva Boukirat,WTA
333641,Thea Frodin,WTA
334277,Cristina Ramos Sierra,WTA
335621,Welles Newman,WTA
336606,Kseniia Ruchkina,WTA
336728,Janae Preston,WTA
336783,Anna Pushkareva,WTA
317341,Alisa Danilova,WTA
326491,Aurora Urso,WTA
332852,Ulyana Hrabavets,WTA
332985,Brandelyn Fulgenzi,WTA
333973,Yleymi  Muelle Valdez,WTA
334184,Rianna Alame,WTA
334320,Olga Danilova,WTA
334774,Felitsata Dorofeeva-Rybas,WTA
335387,Daria Belyaeva,WTA
335471,Ava Beck,WTA
332426,Marjorie Souza,WTA
334568,Giovana Schincariol Delatorre Barbosa,WTA
335164,Nina Sozaonova,WTA
335696,Camila Markus,WTA
336666,Maria Eduarda Carbone Dos Santos,WTA
331167,Alexa  Karatancheva,WTA
334805,Heidi Bulger,WTA
325918,Najah Dawson,WTA
329491,Benedetta Ortenzi,WTA
336135,Camille Allegre,WTA
329815,Misa Malkin,WTA
333882,Audrey Aulia,WTA
334668,Ran Wakana,WTA
330478,Anastasiya Kuparev,WTA
334172,Yiru Chen,WTA
335672,Nehira Sanon,WTA
336189,Nahjime Dho,WTA
S0AG,S0AG,ATP
A0E2,A0E2,ATP
Z355,Z355,ATP
FB98,FB98,ATP
D0CO,D0CO,ATP
D643,D643,ATP
M0EJ,M0EJ,ATP
S0S1,S0S1,ATP
R0DG,R0DG,ATP
RE44,RE44,ATP
TD51,TD51,ATP
RH16,RH16,ATP
DH58,DH58,ATP
MM58,MM58,ATP
PL56,PL56,ATP
KE29,KE29,ATP
M0NI,M0NI,ATP
C0E9,C0E9,ATP
C0AU,C0AU,ATP
D875,D875,ATP
F0F1,F0F1,ATP
M0FH,M0FH,ATP
HH26,HH26,ATP
P09Z,P09Z,ATP
L0BV,L0BV,ATP
DH50,DH50,ATP
AG37,AG37,ATP
SU55,SU55,ATP
TE51,TE51,ATP
BK92,BK92,ATP
GJ37,GJ37,ATP
N0AE,N0AE,ATP
K0AH,K0AH,ATP
M0QI,M0QI,ATP
D0F6,D0F6,ATP
TC61,TC61,ATP
SU87,SU87,ATP
HB71,HB71,ATP
MP20,MP20,ATP
BT72,BT72,ATP
N771,N771,ATP
BK40,BK40,ATP
B0BI,B0BI,ATP
A0FC,A0FC,ATP
M0GZ,M0GZ,ATP
D0FJ,D0FJ,ATP
F0FV,F0FV,ATP
MC65,MC65,ATP
KI95,KI95,ATP
MU94,MU94,ATP
U182,U182,ATP
BU13,BU13,ATP
BD06,BD06,ATP
M0CI,M0CI,ATP
F0BY,F0BY,ATP
AE14,AE14,ATP
GC88,GC88,ATP
EA24,EA24,ATP
MW02,MW02,ATP
GB88,GB88,ATP
D923,D923,ATP
MO44,MO44,ATP
B0GG,B0GG,ATP
C977,C977,ATP
RC91,RC91,ATP
K0AZ,K0AZ,ATP
T0HA,T0HA,ATP
DB63,DB63,ATP
BM95,BM95,ATP
N552,N552,ATP
HB64,HB64,ATP
M0JF,M0JF,ATP
C0DF,C0DF,ATP
O522,O522,ATP
Y09V,Y09V,ATP
N0BS,N0BS,ATP
O483,O483,ATP
MQ75,MQ75,ATP
KI82,KI82,ATP
SX50,SX50,ATP
C0C8,C0C8,ATP
H0BH,H0BH,ATP
D0C1,D0C1,ATP
W09E,W09E,ATP
CF59,CF59,ATP
Q02L,Q02L,ATP
S0RE,S0RE,ATP
C0JP,C0JP,ATP
N732,N732,ATP
CG80,CG80,ATP
F724,F724,ATP
CD85,CD85,ATP
ME82,ME82,ATP
DA31,DA31,ATP
MK66,MK66,ATP
N0BG,N0BG,ATP
M0JZ,M0JZ,ATP
J551,J551,ATP
G09O,G09O,ATP
C0H0,C0H0,ATP
T0AP,T0AP,ATP
B0CD,B0CD,ATP
V812,V812,ATP
S0N0,S0N0,ATP
V832,V832,ATP
TE30,TE30,ATP
M0K4,M0K4,ATP
D994,D994,ATP
H09P,H09P,ATP
S0H2,S0H2,ATP
TE16,TE16,ATP
B0NN,B0NN,ATP
R0EB,R0EB,ATP
BG23,BG23,ATP
D0DP,D0DP,ATP
N0AM,N0AM,ATP
V0AM,V0AM,ATP
GD64,GD64,ATP
F0F2,F0F2,ATP
S0GD,S0GD,ATP
P0CT,P0CT,ATP
B0PG,B0PG,ATP
M0HU,M0HU,ATP
B0FV,B0FV,ATP
GE33,GE33,ATP
B0EJ,B0EJ,ATP
G0GD,G0GD,ATP
PH64,PH64,ATP
L987,L987,ATP
T0A1,T0A1,ATP
S0JA,S0JA,ATP
SX91,SX91,ATP
B0ID,B0ID,ATP
L0IL,L0IL,ATP
G0FW,G0FW,ATP
A0GC,A0GC,ATP
FA43,FA43,ATP
O513,O513,ATP
S0ZE,S0ZE,ATP
H996,H996,ATP
H997,H997,ATP
BS86,BS86,ATP
P0HW,P0HW,ATP
E687,E687,ATP
K0EP,K0EP,ATP
H09N,H09N,ATP
KI63,KI63,ATP
HD68,HD68,ATP
CH12,CH12,ATP
R0E0,R0E0,ATP
CE77,CE77,ATP
SL28,SL28,ATP
S0K7,S0K7,ATP
DA81,DA81,ATP
E865,E865,ATP
W367,W367,ATP
MW75,MW75,ATP
KD46,KD46,ATP
WB08,WB08,ATP
J0AZ,J0AZ,ATP
KC12,KC12,ATP
N0CS,N0CS,ATP
TC01,TC01,ATP
M0OQ,M0OQ,ATP
MJ08,MJ08,ATP
HB48,HB48,ATP
Z371,Z371,ATP
P09O,P09O,ATP
TA29,TA29,ATP
HH06,HH06,ATP
M0G4,M0G4,ATP
MW18,MW18,ATP
W0BH,W0BH,ATP
HF80,HF80,ATP
M0N7,M0N7,ATP
D0DW,D0DW,ATP
R0GO,R0GO,ATP
D0H9,D0H9,ATP
M0IF,M0IF,ATP
PF39,PF39,ATP
L0GH,L0GH,ATP
G628,G628,ATP
K0E6,K0E6,ATP
P0AY,P0AY,ATP
C0HT,C0HT,ATP
D0CG,D0CG,ATP
RH59,RH59,ATP
F510,F510,ATP
HG94,HG94,ATP
GF95,GF95,ATP
T0BW,T0BW,ATP
V0DZ,V0DZ,ATP
R09X,R09X,ATP
CG33,CG33,ATP
P0HT,P0HT,ATP
O0A2,O0A2,ATP
K926,K926,ATP
GK06,GK06,ATP
KB95,KB95,ATP
CI14,CI14,ATP
SX90,SX90,ATP
J553,J553,ATP
LB66,LB66,ATP
GJ16,GJ16,ATP
S0LA,S0LA,ATP
S0UV,S0UV,ATP
SY67,SY67,ATP
E0DD,E0DD,ATP
TA46,TA46,ATP
M0EA,M0EA,ATP
S0AQ,S0AQ,ATP
SS25,SS25,ATP
N09U,N09U,ATP
K0A3,K0A3,ATP
PG20,PG20,ATP
M0ON,M0ON,ATP
B0ER,B0ER,ATP
Z09Z,Z09Z,ATP
GH92,GH92,ATP
P0J1,P0J1,ATP
A0BA,A0BA,ATP
BV16,BV16,ATP
R0FP,R0FP,ATP
T09X,T09X,ATP
DF88,DF88,ATP
U134,U134,ATP
BI81,BI81,ATP
DC76,DC76,ATP
KC56,KC56,ATP
TA12,TA12,ATP
C0BH,C0BH,ATP
C0AK,C0AK,ATP
B0GY,B0GY,ATP
R0A7,R0A7,ATP
CC66,CC66,ATP
H09F,H09F,ATP
Y218,Y218,ATP
C0NB,C0NB,ATP
S0O6,S0O6,ATP
M0AW,M0AW,ATP
PH78,PH78,ATP
D0L3,D0L3,ATP
WB32,WB32,ATP
G0DH,G0DH,ATP
B0MM,B0MM,ATP
V0DP,V0DP,ATP
G09C,G09C,ATP
F840,F840,ATP
G0GW,G0GW,ATP
K09F,K09F,ATP
SN54,SN54,ATP
MJ98,MJ98,ATP
B0U4,B0U4,ATP
S0EK,S0EK,ATP
T0FI,T0FI,ATP
GE28,GE28,ATP
BU54,BU54,ATP
VA25,VA25,ATP
AG08,AG08,ATP
S0CG,S0CG,ATP
E768,E768,ATP
E0AC,E0AC,ATP
M0HT,M0HT,ATP
KC33,KC33,ATP
P0IY,P0IY,ATP
J09X,J09X,ATP
A0CJ,A0CJ,ATP
SR81,SR81,ATP
N731,N731,ATP
BE69,BE69,ATP
Z09F,Z09F,ATP
C0HB,C0HB,ATP
P0EA,P0EA,ATP
M0OH,M0OH,ATP
R0ED,R0ED,ATP
MW76,MW76,ATP
P0GQ,P0GQ,ATP
G0IX,G0IX,ATP
P0DF,P0DF,ATP
S0MN,S0MN,ATP
C0AJ,C0AJ,ATP
B0GR,B0GR,ATP
SM88,SM88,ATP
O482,O482,ATP
R772,R772,ATP
W857,W857,ATP
DC48,DC48,ATP
H0CX,H0CX,ATP
M0NB,M0NB,ATP
Z0A1,Z0A1,ATP
CF01,CF01,ATP
L0CF,L0CF,ATP
GG65,GG65,ATP
GA79,GA79,ATP
H0DU,H0DU,ATP
P0K4,P0K4,ATP
M0E1,M0E1,ATP
A09U,A09U,ATP
T0DM,T0DM,ATP
B0LW,B0LW,ATP
Z0AK,Z0AK,ATP
S0GZ,S0GZ,ATP
O660,O660,ATP
V836,V836,ATP
DF92,DF92,ATP
N897,N897,ATP
GB93,GB93,ATP
S0BT,S0BT,ATP
S0GR,S0GR,ATP
Z0CQ,Z0CQ,ATP
O376,O376,ATP
BU10,BU10,ATP
SO20,SO20,ATP
RC04,RC04,ATP
EA13,EA13,ATP
PL64,PL64,ATP
RG42,RG42,ATP
E698,E698,ATP
BO10,BO10,ATP
MP01,MP01,ATP
MF35,MF35,ATP
Y171,Y171,ATP
VA08,VA08,ATP
M0RE,M0RE,ATP
A829,A829,ATP
CF88,CF88,ATP
A09T,A09T,ATP
B0OU,B0OU,ATP
S0GV,S0GV,ATP
B0JJ,B0JJ,ATP
PH71,PH71,ATP
BV24,BV24,ATP
EA27,EA27,ATP
V717,V717,ATP
M0NP,M0NP,ATP
SG56,SG56,ATP
B0EK,B0EK,ATP
M0EY,M0EY,ATP
P0GN,P0GN,ATP
N0AL,N0AL,ATP
RB60,RB60,ATP
A0IK,A0IK,ATP
N707,N707,ATP
J0B5,J0B5,ATP
MN13,MN13,ATP
B0LQ,B0LQ,ATP
LI10,LI10,ATP
D0LJ,D0LJ,ATP
F0DM,F0DM,ATP
P0D0,P0D0,ATP
B0C0,B0C0,ATP
BU70,BU70,ATP
M0N1,M0N1,ATP
S0WT,S0WT,ATP
D0AR,D0AR,ATP
H0BF,H0BF,ATP
B0FI,B0FI,ATP
D0HD,D0HD,ATP
K0EU,K0EU,ATP
I0B0,I0B0,ATP
KC29,KC29,ATP
G0AO,G0AO,ATP
R0BT,R0BT,ATP
S0NV,S0NV,ATP
RH62,RH62,ATP
I0A7,I0A7,ATP
A0F3,A0F3,ATP
BK24,BK24,ATP
CH27,CH27,ATP
MI01,MI01,ATP
K0HG,K0HG,ATP
I426,I426,ATP
J0AW,J0AW,ATP
G0BY,G0BY,ATP
PL39,PL39,ATP
M0NL,M0NL,ATP
V821,V821,ATP
HG86,HG86,ATP
HC21,HC21,ATP
M0AC,M0AC,ATP
O0BE,O0BE,ATP
A0AB,A0AB,ATP
FC49,FC49,ATP
MV14,MV14,ATP
BE90,BE90,ATP
F0F4,F0F4,ATP
PJ74,PJ74,ATP
B0NO,B0NO,ATP
S0AK,S0AK,ATP
KH56,KH56,ATP
M0BN,M0BN,ATP
G0J9,G0J9,ATP
S0KT,S0KT,ATP
LC12,LC12,ATP
J0D2,J0D2,ATP
K0CJ,K0CJ,ATP
B0BU,B0BU,ATP
J0A4,J0A4,ATP
G0IB,G0IB,ATP
Z419,Z419,ATP
T0GR,T0GR,ATP
N0DB,N0DB,ATP
S0RI,S0RI,ATP
KE69,KE69,ATP
BV25,BV25,ATP
N663,N663,ATP
P0HP,P0HP,ATP
M0GY,M0GY,ATP
B0PE,B0PE,ATP
SL94,SL94,ATP
A09W,A09W,ATP
E831,E831,ATP
D0CN,D0CN,ATP
AA27,AA27,ATP
S0TX,S0TX,ATP
TF58,TF58,ATP
U176,U176,ATP
D0A2,D0A2,ATP
B0GI,B0GI,ATP
W0BB,W0BB,ATP
S0HR,S0HR,ATP
O0AD,O0AD,ATP
D0D4,D0D4,ATP
DB59,DB59,ATP
DG80,DG80,ATP
A0EA,A0EA,ATP
VA23,VA23,ATP
N0B4,N0B4,ATP
M0GB,M0GB,ATP
P0JG,P0JG,ATP
H0CD,H0CD,ATP
T0IZ,T0IZ,ATP
KE64,KE64,ATP
PG94,PG94,ATP
S09P,S09P,ATP
C0MH,C0MH,ATP
C0B2,C0B2,ATP
GH33,GH33,ATP
C0I4,C0I4,ATP
D0DT,D0DT,ATP
N0D9,N0D9,ATP
S0W8,S0W8,ATP
P0BK,P0BK,ATP
K0DP,K0DP,ATP
R0IL,R0IL,ATP
W09G,W09G,ATP
H0DC,H0DC,ATP
P0I6,P0I6,ATP
N0CJ,N0CJ,ATP
M0SE,M0SE,ATP
S0EX,S0EX,ATP
S0IN,S0IN,ATP
Z0BZ,Z0BZ,ATP
CG94,CG94,ATP
M0FA,M0FA,ATP
KE73,KE73,ATP
P0DR,P0DR,ATP
C0BB,C0BB,ATP
B0QC,B0QC,ATP
A0ES,A0ES,ATP
T0AA,T0AA,ATP
A0G7,A0G7,ATP
MP13,MP13,ATP
I0AX,I0AX,ATP
V0D4,V0D4,ATP
D0HJ,D0HJ,ATP
L0GR,L0GR,ATP
W0BU,W0BU,ATP
S0IA,S0IA,ATP
G0IW,G0IW,ATP
T0EI,T0EI,ATP
LC54,LC54,ATP
BV21,BV21,ATP
TD55,TD55,ATP
P0FY,P0FY,ATP
A0I1,A0I1,ATP
R0BC,R0BC,ATP
B0OV,B0OV,ATP
F0A3,F0A3,ATP
B0JP,B0JP,ATP
J476,J476,ATP
P0IT,P0IT,ATP
DB32,DB32,ATP
B0C5,B0C5,ATP
CG07,CG07,ATP
KI48,KI48,ATP
LC11,LC11,ATP
S0DQ,S0DQ,ATP
A0IA,A0IA,ATP
R0FS,R0FS,ATP
DA86,DA86,ATP
B0J8,B0J8,ATP
C0NN,C0NN,ATP
BP79,BP79,ATP
B0JG,B0JG,ATP
CH80,CH80,ATP
V0B2,V0B2,ATP
M0CW,M0CW,ATP
K0FY,K0FY,ATP
R0DC,R0DC,ATP
KD87,KD87,ATP
V993,V993,ATP
DC38,DC38,ATP
SY00,SY00,ATP
F0BT,F0BT,ATP
B0LL,B0LL,ATP
M0G0,M0G0,ATP
W0AH,W0AH,ATP
B0I6,B0I6,ATP
I306,I306,ATP
RH50,RH50,ATP
CD00,CD00,ATP
F0DP,F0DP,ATP
V0BD,V0BD,ATP
KI71,KI71,ATP
K0DE,K0DE,ATP
P0B2,P0B2,ATP
E811,E811,ATP
M0QK,M0QK,ATP
PF65,PF65,ATP
P0G5,P0G5,ATP
R09V,R09V,ATP
J737,J737,ATP
K0DB,K0DB,ATP
TD47,TD47,ATP
A0FM,A0FM,ATP
S0XE,S0XE,ATP
P0BM,P0BM,ATP
CN15,CN15,ATP
M0I0,M0I0,ATP
K0HC,K0HC,ATP
J0DZ,J0DZ,ATP
M0EN,M0EN,ATP
S0C2,S0C2,ATP
K966,K966,ATP
BI23,BI23,ATP
L0CX,L0CX,ATP
M0TO,M0TO,ATP
I09N,I09N,ATP
M0RX,M0RX,ATP
G0A0,G0A0,ATP
B0IY,B0IY,ATP
MN20,MN20,ATP
H0B5,H0B5,ATP
W09B,W09B,ATP
C0AZ,C0AZ,ATP
ML57,ML57,ATP
HG90,HG90,ATP
DH55,DH55,ATP
A0J5,A0J5,ATP
TG30,TG30,ATP
A09P,A09P,ATP
S0H9,S0H9,ATP
M0C2,M0C2,ATP
SM37,SM37,ATP
S0LD,S0LD,ATP
M0B2,M0B2,ATP
W0C4,W0C4,ATP
WB19,WB19,ATP
B0VX,B0VX,ATP
D0DC,D0DC,ATP
G0MI,G0MI,ATP
KE36,KE36,ATP
WB25,WB25,ATP
J620,J620,ATP
S0VM,S0VM,ATP
P0EV,P0EV,ATP
M0RG,M0RG,ATP
C0OW,C0OW,ATP
GC89,GC89,ATP
A0DV,A0DV,ATP
S0TI,S0TI,ATP
G0EU,G0EU,ATP
KG49,KG49,ATP
Z09K,Z09K,ATP
RH24,RH24,ATP
KC04,KC04,ATP
W0A4,W0A4,ATP
I330,I330,ATP
MM79,MM79,ATP
W0ED,W0ED,ATP
S0IV,S0IV,ATP
K0HZ,K0HZ,ATP
K0HL,K0HL,ATP
P0FV,P0FV,ATP
F0CJ,F0CJ,ATP
E0AU,E0AU,ATP
M0GP,M0GP,ATP
BE67,BE67,ATP
R0HK,R0HK,ATP
S0QZ,S0QZ,ATP
M0EG,M0EG,ATP
KF17,KF17,ATP
GF23,GF23,ATP
L0AF,L0AF,ATP
C0HV,C0HV,ATP
S0DL,S0DL,ATP
C0KH,C0KH,ATP
E0AA,E0AA,ATP
L0AT,L0AT,ATP
S0T1,S0T1,ATP
B0JE,B0JE,ATP
N0BK,N0BK,ATP
CH05,CH05,ATP
D985,D985,ATP
PC09,PC09,ATP
V0DI,V0DI,ATP
U120,U120,ATP
Z0BL,Z0BL,ATP
J0CL,J0CL,ATP
A0IY,A0IY,ATP
Z0AB,Z0AB,ATP
P0K5,P0K5,ATP
B0F8,B0F8,ATP
BP74,BP74,ATP
R0H6,R0H6,ATP
Y268,Y268,ATP
K0EE,K0EE,ATP
V708,V708,ATP
C0JX,C0JX,ATP
D09L,D09L,ATP
P0CY,P0CY,ATP
B0D8,B0D8,ATP
D750,D750,ATP
C0BC,C0BC,ATP
C0JT,C0JT,ATP
C0LK,C0LK,ATP
PD31,PD31,ATP
KJ00,KJ00,ATP
H0EH,H0EH,ATP
V0D0,V0D0,ATP
P0C1,P0C1,ATP
RB56,RB56,ATP
SQ80,SQ80,ATP
A0JA,A0JA,ATP
A0K3,A0K3,ATP
X01A,X01A,ATP
SQ79,SQ79,ATP
O09A,O09A,ATP
KE17,KE17,ATP
LF26,LF26,ATP
R0JH,R0JH,ATP
S0VO,S0VO,ATP
R0KD,R0KD,ATP
S0E6,S0E6,ATP
G0CV,G0CV,ATP
B0P4,B0P4,ATP
J732,J732,ATP
PI96,PI96,ATP
H0EI,H0EI,ATP
Z0C3,Z0C3,ATP
P0E9,P0E9,ATP
BU32,BU32,ATP
O639,O639,ATP
B0A0,B0A0,ATP
KG27,KG27,ATP
L0ID,L0ID,ATP
E0BO,E0BO,ATP
B0BK,B0BK,ATP
CO01,CO01,ATP
CG04,CG04,ATP
R0F1,R0F1,ATP
M0SC,M0SC,ATP
O0AI,O0AI,ATP
G0I3,G0I3,ATP
L0I5,L0I5,ATP
G0EQ,G0EQ,ATP
Z0D1,Z0D1,ATP
D0IO,D0IO,ATP
F0BV,F0BV,ATP
PG69,PG69,ATP
K0HN,K0HN,ATP
I0A6,I0A6,ATP
BM05,BM05,ATP
BU36,BU36,ATP
K0L1,K0L1,ATP
SK47,SK47,ATP
BK19,BK19,ATP
M0BW,M0BW,ATP
HH15,HH15,ATP
R0F6,R0F6,ATP
L0C1,L0C1,ATP
G0G2,G0G2,ATP
V0J1,V0J1,ATP
DH46,DH46,ATP
H0B7,H0B7,ATP
S0NN,S0NN,ATP
D0LY,D0LY,ATP
W0DD,W0DD,ATP
P0FJ,P0FJ,ATP
M0TE,M0TE,ATP
D0HM,D0HM,ATP
E0DI,E0DI,ATP
O09T,O09T,ATP
D0K3,D0K3,ATP
MV75,MV75,ATP
A09Q,A09Q,ATP
N652,N652,ATP
S0Y0,S0Y0,ATP
D0DK,D0DK,ATP
H0EK,H0EK,ATP
R0B6,R0B6,ATP
G0DD,G0DD,ATP
O656,O656,ATP
C0DS,C0DS,ATP
D0JI,D0JI,ATP
M0L2,M0L2,ATP
S0LR,S0LR,ATP
B0HF,B0HF,ATP
O659,O659,ATP
E873,E873,ATP
P0AV,P0AV,ATP
T0IA,T0IA,ATP
SX77,SX77,ATP
G0FF,G0FF,ATP
H0EZ,H0EZ,ATP
TB70,TB70,ATP
P0MG,P0MG,ATP
H0A4,H0A4,ATP
BT68,BT68,ATP
S0R5,S0R5,ATP
V0DX,V0DX,ATP
D0I6,D0I6,ATP
F0CK,F0CK,ATP
B0I5,B0I5,ATP
G0ME,G0ME,ATP
LA54,LA54,ATP
M09M,M09M,ATP
G0D9,G0D9,ATP
B0D6,B0D6,ATP
B0TP,B0TP,ATP
B0OT,B0OT,ATP
R0GN,R0GN,ATP
V0G6,V0G6,ATP
S0JB,S0JB,ATP
KB09,KB09,ATP
T0I3,T0I3,ATP
P0KA,P0KA,ATP
LH70,LH70,ATP
F0AF,F0AF,ATP
B0AM,B0AM,ATP
L0LD,L0LD,ATP
D916,D916,ATP
MO76,MO76,ATP
V0BC,V0BC,ATP
F0GD,F0GD,ATP
F0BP,F0BP,ATP
F0GS,F0GS,ATP
C0C1,C0C1,ATP
R0JW,R0JW,ATP
B0M3,B0M3,ATP
Y0BB,Y0BB,ATP
M0HD,M0HD,ATP
N679,N679,ATP
K0ES,K0ES,ATP
P0MN,P0MN,ATP
GJ05,GJ05,ATP
L0G3,L0G3,ATP
N830,N830,ATP
Y0BF,Y0BF,ATP
CF10,CF10,ATP
T0CU,T0CU,ATP
A0G8,A0G8,ATP
RD48,RD48,ATP
M0J2,M0J2,ATP
K0AK,K0AK,ATP
KG53,KG53,ATP
P0I5,P0I5,ATP
S0UM,S0UM,ATP
C0MX,C0MX,ATP
L0ER,L0ER,ATP
BF23,BF23,ATP
P0B6,P0B6,ATP
M0SB,M0SB,ATP
D0DB,D0DB,ATP
P0ME,P0ME,ATP
P0ED,P0ED,ATP
DH23,DH23,ATP
W712,W712,ATP
C0HX,C0HX,ATP
VA15,VA15,ATP
T0BD,T0BD,ATP
N0BU,N0BU,ATP
V0DG,V0DG,ATP
F0HO,F0HO,ATP
D0IP,D0IP,ATP
A0KH,A0KH,ATP
S0Y7,S0Y7,ATP
VA70,VA70,ATP
S0DE,S0DE,ATP
B0PU,B0PU,ATP
K0HO,K0HO,ATP
I0AP,I0AP,ATP
D0HS,D0HS,ATP
V0BS,V0BS,ATP
S0GF,S0GF,ATP
K0EZ,K0EZ,ATP
TD49,TD49,ATP
M0KA,M0KA,ATP
F0A4,F0A4,ATP
CL82,CL82,ATP
Q02O,Q02O,ATP
MK26,MK26,ATP
AG57,AG57,ATP
PL38,PL38,ATP
CO07,CO07,ATP
B0BZ,B0BZ,ATP
I305,I305,ATP
I0BF,I0BF,ATP
L0DM,L0DM,ATP
AD23,AD23,ATP
K0CZ,K0CZ,ATP
B0WL,B0WL,ATP
H0J1,H0J1,ATP
RB86,RB86,ATP
K0BJ,K0BJ,ATP
Y0A8,Y0A8,ATP
R0BF,R0BF,ATP
M0RO,M0RO,ATP
A0IH,A0IH,ATP
B0PW,B0PW,ATP
P0K3,P0K3,ATP
B0VF,B0VF,ATP
K0O4,K0O4,ATP
B0E4,B0E4,ATP
MW69,MW69,ATP
P0FU,P0FU,ATP
H0BA,H0BA,ATP
G0I2,G0I2,ATP
J0AI,J0AI,ATP
B0RN,B0RN,ATP
F0HI,F0HI,ATP
C0GK,C0GK,ATP
BU53,BU53,ATP
MV39,MV39,ATP
M0HO,M0HO,ATP
B0IF,B0IF,ATP
W0AX,W0AX,ATP
H0JL,H0JL,ATP
M0UR,M0UR,ATP
H0K0,H0K0,ATP
D0CF,D0CF,ATP
L0G8,L0G8,ATP
H0HS,H0HS,ATP
RH88,RH88,ATP
S0IK,S0IK,ATP
S0U5,S0U5,ATP
R0HQ,R0HQ,ATP
T0AG,T0AG,ATP
P0HY,P0HY,ATP
L0DB,L0DB,ATP
A0JW,A0JW,ATP
D0D9,D0D9,ATP
V0BP,V0BP,ATP
LB84,LB84,ATP
M0NA,M0NA,ATP
B0NV,B0NV,ATP
L0CU,L0CU,ATP
D0HI,D0HI,ATP
S0SD,S0SD,ATP
CN44,CN44,ATP
H0GK,H0GK,ATP
K0HT,K0HT,ATP
H0HU,H0HU,ATP
P0G0,P0G0,ATP
O560,O560,ATP
MW62,MW62,ATP
B0LV,B0LV,ATP
TG42,TG42,ATP
S0S9,S0S9,ATP
J0BQ,J0BQ,ATP
D0FA,D0FA,ATP
G0OF,G0OF,ATP
X01C,X01C,ATP
F965,F965,ATP
CF60,CF60,ATP
N561,N561,ATP
F664,F664,ATP
Z0C7,Z0C7,ATP
B0JN,B0JN,ATP
R09T,R09T,ATP
EA31,EA31,ATP
G0MH,G0MH,ATP
G0LG,G0LG,ATP
J0DL,J0DL,ATP
SZ36,SZ36,ATP
B0I0,B0I0,ATP
SK94,SK94,ATP
S0TM,S0TM,ATP
W749,W749,ATP
S0BG,S0BG,ATP
N0EG,N0EG,ATP
K0EM,K0EM,ATP
V0G2,V0G2,ATP
S0RF,S0RF,ATP
M0K2,M0K2,ATP
SY94,SY94,ATP
T0JZ,T0JZ,ATP
L09D,L09D,ATP
M0R4,M0R4,ATP
C0P0,C0P0,ATP
TG67,TG67,ATP
F0C4,F0C4,ATP
I0B6,I0B6,ATP
L0JO,L0JO,ATP
B0M9,B0M9,ATP
T0H5,T0H5,ATP
C0PX,C0PX,ATP
M0WZ,M0WZ,ATP
N0BA,N0BA,ATP
P0KS,P0KS,ATP
C0GU,C0GU,ATP
K0FW,K0FW,ATP
K0HU,K0HU,ATP
FA50,FA50,ATP
GB41,GB41,ATP
LB78,LB78,ATP
S0JH,S0JH,ATP
S1AR,S1AR,ATP
W719,W719,ATP
B0QL,B0QL,ATP
LE01,LE01,ATP
R0AY,R0AY,ATP
D0CU,D0CU,ATP
T0G2,T0G2,ATP
F0C2,F0C2,ATP
R0IB,R0IB,ATP
C0KO,C0KO,ATP
A0EU,A0EU,ATP
M0B9,M0B9,ATP
A0IE,A0IE,ATP
I0BE,I0BE,ATP
D0D2,D0D2,ATP
P0JL,P0JL,ATP
PI95,PI95,ATP
D0FY,D0FY,ATP
L0C6,L0C6,ATP
O0BR,O0BR,ATP
S0TB,S0TB,ATP
B0G9,B0G9,ATP
O527,O527,ATP
C09Y,C09Y,ATP
LG37,LG37,ATP
A887,A887,ATP
U174,U174,ATP
RA51,RA51,ATP
D0L8,D0L8,ATP
H0E9,H0E9,ATP
E0CI,E0CI,ATP
W0DP,W0DP,ATP
G0D4,G0D4,ATP
B0TK,B0TK,ATP
K0MX,K0MX,ATP
SP80,SP80,ATP
Y235,Y235,ATP
P0CD,P0CD,ATP
PL80,PL80,ATP
P0O9,P0O9,ATP
ML51,ML51,ATP
L0CS,L0CS,ATP
S0R2,S0R2,ATP
X01D,X01D,ATP
V09T,V09T,ATP
J0F2,J0F2,ATP
P0N6,P0N6,ATP
O0E7,O0E7,ATP
TG77,TG77,ATP
K0JH,K0JH,ATP
T0GK,T0GK,ATP
S0RL,S0RL,ATP
VA48,VA48,ATP
K0AB,K0AB,ATP
F0BJ,F0BJ,ATP
B0MP,B0MP,ATP
M0D4,M0D4,ATP
P0LG,P0LG,ATP
PH77,PH77,ATP
M0NO,M0NO,ATP
T0A0,T0A0,ATP
B0HD,B0HD,ATP
BU78,BU78,ATP
D0BE,D0BE,ATP
H0CE,H0CE,ATP
P0D4,P0D4,ATP
N724,N724,ATP
Z350,Z350,ATP
M0IC,M0IC,ATP
B0G6,B0G6,ATP
T0IL,T0IL,ATP
K0EL,K0EL,ATP
W0DW,W0DW,ATP
CH90,CH90,ATP
P0BE,P0BE,ATP
S0LT,S0LT,ATP
D0I0,D0I0,ATP
M0O6,M0O6,ATP
S0UU,S0UU,ATP
C0JR,C0JR,ATP
H0DQ,H0DQ,ATP
H0GW,H0GW,ATP
R0HP,R0HP,ATP
F0C0,F0C0,ATP
T0FH,T0FH,ATP
SF41,SF41,ATP
C0KN,C0KN,ATP
G0B7,G0B7,ATP
S0E4,S0E4,ATP
S0W4,S0W4,ATP
C0LM,C0LM,ATP
B0PD,B0PD,ATP
J0D5,J0D5,ATP
M0IG,M0IG,ATP
GC17,GC17,ATP
MM66,MM66,ATP
D0HX,D0HX,ATP
E858,E858,ATP
B0PY,B0PY,ATP
V505,V505,ATP
Z0C9,Z0C9,ATP
W741,W741,ATP
N0CT,N0CT,ATP
M0ES,M0ES,ATP
T0HS,T0HS,ATP
B0DJ,B0DJ,ATP
L0G4,L0G4,ATP
L0CK,L0CK,ATP
O0AX,O0AX,ATP
C0O4,C0O4,ATP
S0YB,S0YB,ATP
O09S,O09S,ATP
B0LS,B0LS,ATP
S0JW,S0JW,ATP
B0MR,B0MR,ATP
PH67,PH67,ATP
BI47,BI47,ATP
B0IZ,B0IZ,ATP
AB54,AB54,ATP
LD22,LD22,ATP
N0BE,N0BE,ATP
S0I7,S0I7,ATP
HA33,HA33,ATP
BK12,BK12,ATP
M0XA,M0XA,ATP
W0AN,W0AN,ATP
P0KJ,P0KJ,ATP
B0A1,B0A1,ATP
MM67,MM67,ATP
AC84,AC84,ATP
F902,F902,ATP
D0J9,D0J9,ATP
B0C3,B0C3,ATP
V0E3,V0E3,ATP
DH35,DH35,ATP
KH41,KH41,ATP
M0I5,M0I5,ATP
E0AB,E0AB,ATP
Z0DA,Z0DA,ATP
P0IM,P0IM,ATP
F0HN,F0HN,ATP
J0DK,J0DK,ATP
P0LN,P0LN,ATP
L0GJ,L0GJ,ATP
P0IG,P0IG,ATP
P0MS,P0MS,ATP
B0PH,B0PH,ATP
R0DP,R0DP,ATP
SY50,SY50,ATP
B0NF,B0NF,ATP
T0GE,T0GE,ATP
L733,L733,ATP
K0LP,K0LP,ATP
O0BI,O0BI,ATP
C0FJ,C0FJ,ATP
L0DK,L0DK,ATP
P0MT,P0MT,ATP
B0SW,B0SW,ATP
AF41,AF41,ATP
G0I4,G0I4,ATP
B0HY,B0HY,ATP
S0ZF,S0ZF,ATP
M0QQ,M0QQ,ATP
D0JM,D0JM,ATP
H0CU,H0CU,ATP
GJ90,GJ90,ATP
W0BD,W0BD,ATP
BU64,BU64,ATP
A0K4,A0K4,ATP
C0B9,C0B9,ATP
C0I5,C0I5,ATP
C0Q4,C0Q4,ATP
N0FH,N0FH,ATP
A0KQ,A0KQ,ATP
PM20,PM20,ATP
P0JK,P0JK,ATP
MN49,MN49,ATP
B0C7,B0C7,ATP
M0OR,M0OR,ATP
RB49,RB49,ATP
M0NJ,M0NJ,ATP
A0KU,A0KU,ATP
B0JL,B0JL,ATP
L0DO,L0DO,ATP
I327,I327,ATP
R0KK,R0KK,ATP
B0CI,B0CI,ATP
R0JI,R0JI,ATP
HA71,HA71,ATP
A0AN,A0AN,ATP
L0IP,L0IP,ATP
M0HY,M0HY,ATP
D0FN,D0FN,ATP
J0EI,J0EI,ATP
SY74,SY74,ATP
S0Z6,S0Z6,ATP
B0PN,B0PN,ATP
W09X,W09X,ATP
R0IO,R0IO,ATP
B0H9,B0H9,ATP
F0HU,F0HU,ATP
D0IN,D0IN,ATP
M0R8,M0R8,ATP
M0N4,M0N4,ATP
H0I7,H0I7,ATP
U0A3,U0A3,ATP
VA31,VA31,ATP
T0DN,T0DN,ATP
H0GC,H0GC,ATP
C0GG,C0GG,ATP
S0NY,S0NY,ATP
BV08,BV08,ATP
A0L6,A0L6,ATP
V0CD,V0CD,ATP
N831,N831,ATP
Z0BY,Z0BY,ATP
R0KI,R0KI,ATP
H0C9,H0C9,ATP
B0M0,B0M0,ATP
K0I7,K0I7,ATP
B0ME,B0ME,ATP
RH45,RH45,ATP
T0HM,T0HM,ATP
A0G9,A0G9,ATP
S0MJ,S0MJ,ATP
O0E1,O0E1,ATP
V0E0,V0E0,ATP
S0GM,S0GM,ATP
K0J9,K0J9,ATP
H0D1,H0D1,ATP
W716,W716,ATP
B0JF,B0JF,ATP
T0FK,T0FK,ATP
FC50,FC50,ATP
S0VU,S0VU,ATP
B0C4,B0C4,ATP
L0BU,L0BU,ATP
Z0CO,Z0CO,ATP
I09U,I09U,ATP
P0M4,P0M4,ATP
FB59,FB59,ATP
S1AP,S1AP,ATP
V0F6,V0F6,ATP
R0EW,R0EW,ATP
MM24,MM24,ATP
B0T6,B0T6,ATP
C0JV,C0JV,ATP
DG97,DG97,ATP
D864,D864,ATP
G0GZ,G0GZ,ATP
T0K1,T0K1,ATP
K0NP,K0NP,ATP
N0DH,N0DH,ATP
W0FH,W0FH,ATP
H0D9,H0D9,ATP
V0CG,V0CG,ATP
K0GA,K0GA,ATP
R0K9,R0K9,ATP
O0BQ,O0BQ,ATP
L0CO,L0CO,ATP
S0AO,S0AO,ATP
FC00,FC00,ATP
A0C5,A0C5,ATP
D0KU,D0KU,ATP
F0F0,F0F0,ATP
J0DG,J0DG,ATP
A0E6,A0E6,ATP
LE38,LE38,ATP
S0KG,S0KG,ATP
R0K4,R0K4,ATP
N0F3,N0F3,ATP
K0HE,K0HE,ATP
P0L6,P0L6,ATP
C0LG,C0LG,ATP
T0I0,T0I0,ATP
I416,I416,ATP
C0PK,C0PK,ATP
D0C3,D0C3,ATP
RB00,RB00,ATP
O498,O498,ATP
KI91,KI91,ATP
L0KR,L0KR,ATP
F0E4,F0E4,ATP
I0BR,I0BR,ATP
S0KH,S0KH,ATP
KB05,KB05,ATP
R0KE,R0KE,ATP
W0AJ,W0AJ,ATP
B0M1,B0M1,ATP
C0RC,C0RC,ATP
A0LQ,A0LQ,ATP
H0D8,H0D8,ATP
KI74,KI74,ATP
PM12,PM12,ATP
T0AF,T0AF,ATP
S0WK,S0WK,ATP
V0EV,V0EV,ATP
H0AG,H0AG,ATP
S0RD,S0RD,ATP
J0CM,J0CM,ATP
A0LW,A0LW,ATP
BP44,BP44,ATP
PM28,PM28,ATP
S0JY,S0JY,ATP
O674,O674,ATP
W09T,W09T,ATP
C0H5,C0H5,ATP
HH01,HH01,ATP
U09T,U09T,ATP
L0EV,L0EV,ATP
O664,O664,ATP
F0HR,F0HR,ATP
K0JS,K0JS,ATP
C0MS,C0MS,ATP
S09B,S09B,ATP
S0JV,S0JV,ATP
B0EZ,B0EZ,ATP
F0FH,F0FH,ATP
A0K2,A0K2,ATP
B0W4,B0W4,ATP
B0U0,B0U0,ATP
S0VZ,S0VZ,ATP
B0VT,B0VT,ATP
P0J3,P0J3,ATP
R0KM,R0KM,ATP
SY72,SY72,ATP
PD07,PD07,ATP
L949,L949,ATP
R0M6,R0M6,ATP
Z0CE,Z0CE,ATP
K0LX,K0LX,ATP
MR77,MR77,ATP
L0MB,L0MB,ATP
S0F4,S0F4,ATP
B0QQ,B0QQ,ATP
T0CN,T0CN,ATP
GK24,GK24,ATP
K0DV,K0DV,ATP
G0IM,G0IM,ATP
T0E2,T0E2,ATP
B0DQ,B0DQ,ATP
J0C2,J0C2,ATP
D0LK,D0LK,ATP
K0LG,K0LG,ATP
C0R1,C0R1,ATP
MW37,MW37,ATP
B0QB,B0QB,ATP
B0P7,B0P7,ATP
K0C5,K0C5,ATP
A0FR,A0FR,ATP
K0BI,K0BI,ATP
BH02,BH02,ATP
R0LH,R0LH,ATP
T0IX,T0IX,ATP
A0HK,A0HK,ATP
K0HB,K0HB,ATP
M0W0,M0W0,ATP
M0HB,M0HB,ATP
HB18,HB18,ATP
CN64,CN64,ATP
S1BV,S1BV,ATP
V0HB,V0HB,ATP
C0H9,C0H9,ATP
V948,V948,ATP
F0FL,F0FL,ATP
B0G4,B0G4,ATP
C0NI,C0NI,ATP
SZ32,SZ32,ATP
F0E0,F0E0,ATP
F0GU,F0GU,ATP
D09V,D09V,ATP
BM09,BM09,ATP
K0M7,K0M7,ATP
A0HZ,A0HZ,ATP
H0GJ,H0GJ,ATP
J0AK,J0AK,ATP
E678,E678,ATP
G681,G681,ATP
CN39,CN39,ATP
DC83,DC83,ATP
V0C2,V0C2,ATP
C0RI,C0RI,ATP
L0FZ,L0FZ,ATP
B0MF,B0MF,ATP
C0GW,C0GW,ATP
F09U,F09U,ATP
G0OS,G0OS,ATP
D0KA,D0KA,ATP
S0N4,S0N4,ATP
G0GF,G0GF,ATP
G0BJ,G0BJ,ATP
M0FN,M0FN,ATP
V0GR,V0GR,ATP
BP41,BP41,ATP
D0HB,D0HB,ATP
M0RC,M0RC,ATP
C09G,C09G,ATP
M0QV,M0QV,ATP
J0CT,J0CT,ATP
F0HB,F0HB,ATP
K0HM,K0HM,ATP
B0QK,B0QK,ATP
K0K5,K0K5,ATP
PI06,PI06,ATP
D0C2,D0C2,ATP
J0A6,J0A6,ATP
M0U1,M0U1,ATP
Z0BH,Z0BH,ATP
G0MB,G0MB,ATP
S0RH,S0RH,ATP
C0C5,C0C5,ATP
K0IR,K0IR,ATP
P0E2,P0E2,ATP
Z0B7,Z0B7,ATP
M0V7,M0V7,ATP
M0VH,M0VH,ATP
P0GF,P0GF,ATP
TG46,TG46,ATP
T0BH,T0BH,ATP
L0CH,L0CH,ATP
MJ70,MJ70,ATP
M0WL,M0WL,ATP
Z246,Z246,ATP
K0H9,K0H9,ATP
A0I9,A0I9,ATP
S0BB,S0BB,ATP
PL69,PL69,ATP
J09J,J09J,ATP
H0I8,H0I8,ATP
K0FO,K0FO,ATP
L0G5,L0G5,ATP
M0V5,M0V5,ATP
V0AS,V0AS,ATP
V0HM,V0HM,ATP
G0EN,G0EN,ATP
B0MG,B0MG,ATP
C0MO,C0MO,ATP
P0NT,P0NT,ATP
S0KY,S0KY,ATP
G0EI,G0EI,ATP
M0VX,M0VX,ATP
E09U,E09U,ATP
P0IU,P0IU,ATP
P0HL,P0HL,ATP
F0FB,F0FB,ATP
F0GO,F0GO,ATP
W0BR,W0BR,ATP
I0B3,I0B3,ATP
B0NU,B0NU,ATP
B0N0,B0N0,ATP
CL84,CL84,ATP
T0B0,T0B0,ATP
KD48,KD48,ATP
K0KK,K0KK,ATP
KD35,KD35,ATP
L0DG,L0DG,ATP
N0FB,N0FB,ATP
C0I8,C0I8,ATP
D0A3,D0A3,ATP
ME89,ME89,ATP
M0JS,M0JS,ATP
B0TL,B0TL,ATP
C0R0,C0R0,ATP
N0DR,N0DR,ATP
S0U0,S0U0,ATP
V0ES,V0ES,ATP
LI11,LI11,ATP
O507,O507,ATP
F0J3,F0J3,ATP
K0IV,K0IV,ATP
A0HM,A0HM,ATP
DB93,DB93,ATP
N0EK,N0EK,ATP
S0V8,S0V8,ATP
R0H2,R0H2,ATP
A0IQ,A0IQ,ATP
S19T,S19T,ATP
G0G4,G0G4,ATP
LI03,LI03,ATP
L0B4,L0B4,ATP
L0M6,L0M6,ATP
S1CY,S1CY,ATP
Y223,Y223,ATP
M0UM,M0UM,ATP
P0GE,P0GE,ATP
T0FW,T0FW,ATP
B0SR,B0SR,ATP
AD04,AD04,ATP
B0UY,B0UY,ATP
H0B3,H0B3,ATP
H0DS,H0DS,ATP
K0O5,K0O5,ATP
S0SN,S0SN,ATP
Z0A2,Z0A2,ATP
E0DX,E0DX,ATP
G0LF,G0LF,ATP
L0E5,L0E5,ATP
C0JU,C0JU,ATP
D0CQ,D0CQ,ATP
B0X3,B0X3,ATP
G0O5,G0O5,ATP
J0F8,J0F8,ATP
R0EK,R0EK,ATP
E0CK,E0CK,ATP
K0HA,K0HA,ATP
O0BC,O0BC,ATP
O09N,O09N,ATP
V0GK,V0GK,ATP
B0A2,B0A2,ATP
B0QD,B0QD,ATP
D0JZ,D0JZ,ATP
D0JH,D0JH,ATP
H0I0,H0I0,ATP
O0CY,O0CY,ATP
V0I5,V0I5,ATP
Z0CR,Z0CR,ATP
S0NO,S0NO,ATP
T0CH,T0CH,ATP
A0D2,A0D2,ATP
L0BY,L0BY,ATP
R0J1,R0J1,ATP
SP25,SP25,ATP
V0CS,V0CS,ATP
K0MI,K0MI,ATP
S09K,S09K,ATP
L0KL,L0KL,ATP
B0BJ,B0BJ,ATP
B0TF,B0TF,ATP
AG64,AG64,ATP
C0HN,C0HN,ATP
L0HQ,L0HQ,ATP
M0UQ,M0UQ,ATP
GK07,GK07,ATP
T0B4,T0B4,ATP
T0HW,T0HW,ATP
J0ED,J0ED,ATP
T0J8,T0J8,ATP
C0DP,C0DP,ATP
H0E7,H0E7,ATP
GB53,GB53,ATP
G983,G983,ATP
G0CI,G0CI,ATP
KB37,KB37,ATP
M0QT,M0QT,ATP
MO55,MO55,ATP
P0I4,P0I4,ATP
TC95,TC95,ATP
VA22,VA22,ATP
R0LX,R0LX,ATP
Y186,Y186,ATP
H0M1,H0M1,ATP
H0EQ,H0EQ,ATP
J0CS,J0CS,ATP
O0C8,O0C8,ATP
P0PV,P0PV,ATP
R0LR,R0LR,ATP
W816,W816,ATP
B0X2,B0X2,ATP
C0OF,C0OF,ATP
G0C4,G0C4,ATP
P0C9,P0C9,ATP
P0O3,P0O3,ATP
B0JD,B0JD,ATP
C0KV,C0KV,ATP
I0BN,I0BN,ATP
I0BV,I0BV,ATP
K0GE,K0GE,ATP
O449,O449,ATP
P0MJ,P0MJ,ATP
R0HX,R0HX,ATP
R0FQ,R0FQ,ATP
R0GV,R0GV,ATP
T0JA,T0JA,ATP
V0DQ,V0DQ,ATP
W0B3,W0B3,ATP
W0BA,W0BA,ATP
C0O5,C0O5,ATP
D0NG,D0NG,ATP
V0E1,V0E1,ATP
A0EY,A0EY,ATP
B0HA,B0HA,ATP
CC79,CC79,ATP
C0LL,C0LL,ATP
H0DW,H0DW,ATP
L0N0,L0N0,ATP
M0UO,M0UO,ATP
P0CK,P0CK,ATP
RA43,RA43,ATP
R0IU,R0IU,ATP
RH73,RH73,ATP
S0TJ,S0TJ,ATP
V0IN,V0IN,ATP
F0II,F0II,ATP
MW39,MW39,ATP
S1AK,S1AK,ATP
S0Y4,S0Y4,ATP
W0DI,W0DI,ATP
N0CA,N0CA,ATP
N0DY,N0DY,ATP
S0S5,S0S5,ATP
TC87,TC87,ATP
Z0BU,Z0BU,ATP
B0F0,B0F0,ATP
B0X7,B0X7,ATP
J0F0,J0F0,ATP
J0FK,J0FK,ATP
M0N5,M0N5,ATP
S0TO,S0TO,ATP
T0IS,T0IS,ATP
R0AI,R0AI,ATP
B0P5,B0P5,ATP
J417,J417,ATP
J0AT,J0AT,ATP
N0C9,N0C9,ATP
N0AF,N0AF,ATP
N0FT,N0FT,ATP
B0V0,B0V0,ATP
D0EN,D0EN,ATP
H0L4,H0L4,ATP
P0ID,P0ID,ATP
R0L5,R0L5,ATP
S0H1,S0H1,ATP
S0JF,S0JF,ATP
T0GS,T0GS,ATP
G0NU,G0NU,ATP
B0RD,B0RD,ATP
G0KQ,G0KQ,ATP
H0LA,H0LA,ATP
H0KL,H0KL,ATP
J0FN,J0FN,ATP
K0CV,K0CV,ATP
M0DE,M0DE,ATP
O0CI,O0CI,ATP
P0MH,P0MH,ATP
AG30,AG30,ATP
A714,A714,ATP
D0II,D0II,ATP
E0D4,E0D4,ATP
F0H7,F0H7,ATP
H0HC,H0HC,ATP
H0BB,H0BB,ATP
K0NG,K0NG,ATP
L0GL,L0GL,ATP
P0OU,P0OU,ATP
V0H8,V0H8,ATP
K0JY,K0JY,ATP
P0LZ,P0LZ,ATP
F0HT,F0HT,ATP
G0M3,G0M3,ATP
P0MF,P0MF,ATP
S0FS,S0FS,ATP
S0LF,S0LF,ATP
SY76,SY76,ATP
L0GA,L0GA,ATP
A0F7,A0F7,ATP
B0T2,B0T2,ATP
C0PL,C0PL,ATP
H0HX,H0HX,ATP
J0CW,J0CW,ATP
K0JM,K0JM,ATP
O0CA,O0CA,ATP
S0W6,S0W6,ATP
Z09B,Z09B,ATP
A0I0,A0I0,ATP
H0L8,H0L8,ATP
RH87,RH87,ATP
V0ET,V0ET,ATP
V0GG,V0GG,ATP
KE85,KE85,ATP
J0AF,J0AF,ATP
L0JC,L0JC,ATP
D0HZ,D0HZ,ATP
J0B6,J0B6,ATP
M0N2,M0N2,ATP
C0OI,C0OI,ATP
A0AV,A0AV,ATP
G0O2,G0O2,ATP
I0B1,I0B1,ATP
A0JK,A0JK,ATP
A0E5,A0E5,ATP
BK09,BK09,ATP
B0Q1,B0Q1,ATP
CA33,CA33,ATP
C0NX,C0NX,ATP
C0T9,C0T9,ATP
D0N2,D0N2,ATP
F0GR,F0GR,ATP
GE98,GE98,ATP
J0EQ,J0EQ,ATP
KB14,KB14,ATP
K0NU,K0NU,ATP
L0KC,L0KC,ATP
M0YA,M0YA,ATP
M0VI,M0VI,ATP
M0CY,M0CY,ATP
O327,O327,ATP
RC21,RC21,ATP
R960,R960,ATP
SK97,SK97,ATP
Z363,Z363,ATP
A0M2,A0M2,ATP
BV27,BV27,ATP
B0QA,B0QA,ATP
G0DB,G0DB,ATP
J0DM,J0DM,ATP
K0ND,K0ND,ATP
R0BN,R0BN,ATP
J540,J540,ATP
SY42,SY42,ATP
S0SO,S0SO,ATP
V0FD,V0FD,ATP
K0ME,K0ME,ATP
C0Q5,C0Q5,ATP
C0S4,C0S4,ATP
G0NV,G0NV,ATP
H0AD,H0AD,ATP
KA22,KA22,ATP
K0KC,K0KC,ATP
L0JE,L0JE,ATP
L0LJ,L0LJ,ATP
M0DY,M0DY,ATP
P0OX,P0OX,ATP
P0NE,P0NE,ATP
R0DA,R0DA,ATP
B0LX,B0LX,ATP
F09J,F09J,ATP
J0CX,J0CX,ATP
K0KL,K0KL,ATP
K0N5,K0N5,ATP
M0TN,M0TN,ATP
M0R9,M0R9,ATP
M0OK,M0OK,ATP
T0GF,T0GF,ATP
U131,U131,ATP
V0FL,V0FL,ATP
Z09D,Z09D,ATP
B0X4,B0X4,ATP
B0I7,B0I7,ATP
D0MW,D0MW,ATP
D0MB,D0MB,ATP
D0IF,D0IF,ATP
D0FL,D0FL,ATP
K0I9,K0I9,ATP
K0BG,K0BG,ATP
K0IS,K0IS,ATP
K0MB,K0MB,ATP
L0L4,L0L4,ATP
M0U9,M0U9,ATP
M0T3,M0T3,ATP
M0EV,M0EV,ATP
M0WD,M0WD,ATP
R0ES,R0ES,ATP
C0MT,C0MT,ATP
H0IW,H0IW,ATP
I0C2,I0C2,ATP
SM09,SM09,ATP
S0I1,S0I1,ATP
Y0BE,Y0BE,ATP
C0RN,C0RN,ATP
C0PW,C0PW,ATP
G0BX,G0BX,ATP
G0O0,G0O0,ATP
J0EM,J0EM,ATP
M0RF,M0RF,ATP
P0KE,P0KE,ATP
SZ29,SZ29,ATP
S0UB,S0UB,ATP
VA67,VA67,ATP
Y0AT,Y0AT,ATP
C0GN,C0GN,ATP
G0GK,G0GK,ATP
K0OA,K0OA,ATP
M09X,M09X,ATP
SJ67,SJ67,ATP
V0DO,V0DO,ATP
CN80,CN80,ATP
C0I0,C0I0,ATP
C0PG,C0PG,ATP
C0NP,C0NP,ATP
G0JC,G0JC,ATP
J0ER,J0ER,ATP
L0GB,L0GB,ATP
M0VU,M0VU,ATP
S0YN,S0YN,ATP
S0NT,S0NT,ATP
T0BA,T0BA,ATP
W660,W660,ATP
Z09W,Z09W,ATP
SY71,SY71,ATP
T0EL,T0EL,ATP
V0HU,V0HU,ATP
W0F8,W0F8,ATP
B0TT,B0TT,ATP
D0L9,D0L9,ATP
L0KJ,L0KJ,ATP
L0K7,L0K7,ATP
M0YS,M0YS,ATP
M0X3,M0X3,ATP
P0LY,P0LY,ATP
S0TE,S0TE,ATP
S0SQ,S0SQ,ATP
S1AA,S1AA,ATP
V0FM,V0FM,ATP
O09V,O09V,ATP
B0W9,B0W9,ATP
C0L4,C0L4,ATP
G0H0,G0H0,ATP
H0JB,H0JB,ATP
L0C4,L0C4,ATP
O0A6,O0A6,ATP
PL60,PL60,ATP
S0E2,S0E2,ATP
V0A6,V0A6,ATP
Y0AL,Y0AL,ATP
Z0C5,Z0C5,ATP
F0DD,F0DD,ATP
D0MF,D0MF,ATP
G0KW,G0KW,ATP
H0K1,H0K1,ATP
H0BC,H0BC,ATP
K0I2,K0I2,ATP
L0IO,L0IO,ATP
P0IK,P0IK,ATP
P0LQ,P0LQ,ATP
P09S,P09S,ATP
Y09L,Y09L,ATP
B0QE,B0QE,ATP
B0U5,B0U5,ATP
C0MV,C0MV,ATP
D0NC,D0NC,ATP
J0DN,J0DN,ATP
K0F3,K0F3,ATP
M0S4,M0S4,ATP
SY73,SY73,ATP
T0JO,T0JO,ATP
V0CX,V0CX,ATP
X01E,X01E,ATP
CN05,CN05,ATP
F0I5,F0I5,ATP
L0FV,L0FV,ATP
M0NU,M0NU,ATP
N0E5,N0E5,ATP
D0DY,D0DY,ATP
E0AY,E0AY,ATP
G0FH,G0FH,ATP
I371,I371,ATP
T0FO,T0FO,ATP
B0Q9,B0Q9,ATP
D0K4,D0K4,ATP
K0MW,K0MW,ATP
S1AC,S1AC,ATP
C0KE,C0KE,ATP
S1A6,S1A6,ATP
A0GQ,A0GQ,ATP
A0N4,A0N4,ATP
A0CG,A0CG,ATP
A0L0,A0L0,ATP
A0L8,A0L8,ATP
A0I6,A0I6,ATP
B0S9,B0S9,ATP
B0UX,B0UX,ATP
B0U1,B0U1,ATP
B0X9,B0X9,ATP
B0P1,B0P1,ATP
B0M7,B0M7,ATP
B0NA,B0NA,ATP
B0EI,B0EI,ATP
B0MI,B0MI,ATP
B0WT,B0WT,ATP
B0YC,B0YC,ATP
C0RT,C0RT,ATP
C0DB,C0DB,ATP
C0S7,C0S7,ATP
C0T8,C0T8,ATP
C0NU,C0NU,ATP
DA85,DA85,ATP
D0M5,D0M5,ATP
D0IG,D0IG,ATP
DE12,DE12,ATP
D0KJ,D0KJ,ATP
E0DC,E0DC,ATP
E0EM,E0EM,ATP
F0IJ,F0IJ,ATP
G0K8,G0K8,ATP
G0B1,G0B1,ATP
G0PQ,G0PQ,ATP
H0HP,H0HP,ATP
H0I9,H0I9,ATP
H0L5,H0L5,ATP
H0GI,H0GI,ATP
H0M7,H0M7,ATP
H0A8,H0A8,ATP
J0E9,J0E9,ATP
J0E3,J0E3,ATP
J0FG,J0FG,ATP
J0FU,J0FU,ATP
J0EA,J0EA,ATP
KE25,KE25,ATP
L0C8,L0C8,ATP
L0IM,L0IM,ATP
L0LA,L0LA,ATP
L0LB,L0LB,ATP
L0JU,L0JU,ATP
LG87,LG87,ATP
L0DU,L0DU,ATP
M0YF,M0YF,ATP
M0JX,M0JX,ATP
M0X5,M0X5,ATP
M0RY,M0RY,ATP
M0Z0,M0Z0,ATP
MW25,MW25,ATP
MW90,MW90,ATP
M0GX,M0GX,ATP
N0D7,N0D7,ATP
N0AG,N0AG,ATP
N0CM,N0CM,ATP
M0MU,M0MU,ATP
N0GM,N0GM,ATP
N0BM,N0BM,ATP
O0CJ,O0CJ,ATP
P0FF,P0FF,ATP
PH42,PH42,ATP
P0JF,P0JF,ATP
R0LB,R0LB,ATP
RH76,RH76,ATP
R0KB,R0KB,ATP
R0IF,R0IF,ATP
R0MO,R0MO,ATP
R0MR,R0MR,ATP
S0CV,S0CV,ATP
S1B9,S1B9,ATP
S0E0,S0E0,ATP
S1BK,S1BK,ATP
SP02,SP02,ATP
S1CU,S1CU,ATP
S1CR,S1CR,ATP
S1D0,S1D0,ATP
S1BX,S1BX,ATP
T0BZ,T0BZ,ATP
T0J1,T0J1,ATP
V0EP,V0EP,ATP
V0J9,V0J9,ATP
V0AH,V0AH,ATP
V0J5,V0J5,ATP
V0GL,V0GL,ATP
W0FP,W0FP,ATP
W0FK,W0FK,ATP
W09U,W09U,ATP
W0FR,W0FR,ATP
W642,W642,ATP
W0EC,W0EC,ATP
Z0DR,Z0DR,ATP
A0LZ,A0LZ,ATP
A0M0,A0M0,ATP
B0JB,B0JB,ATP
B0MD,B0MD,ATP
B0V9,B0V9,ATP
B0RC,B0RC,ATP
B0W7,B0W7,ATP
C0S2,C0S2,ATP
C0MR,C0MR,ATP
CE25,CE25,ATP
C0S1,C0S1,ATP
CN08,CN08,ATP
A0LX,A0LX,ATP
D0B1,D0B1,ATP
D0NH,D0NH,ATP
DG76,DG76,ATP
D0NF,D0NF,ATP
E0D6,E0D6,ATP
E0CE,E0CE,ATP
F0DJ,F0DJ,ATP
G0KI,G0KI,ATP
G0OC,G0OC,ATP
G0O3,G0O3,ATP
G0ML,G0ML,ATP
G0PD,G0PD,ATP
G0O1,G0O1,ATP
G0M2,G0M2,ATP
H0GO,H0GO,ATP
H0KQ,H0KQ,ATP
H0IS,H0IS,ATP
H0IE,H0IE,ATP
H0C3,H0C3,ATP
H0L7,H0L7,ATP
I230,I230,ATP
I0BC,I0BC,ATP
J0B1,J0B1,ATP
K0OQ,K0OQ,ATP
K0N9,K0N9,ATP
K0CI,K0CI,ATP
KC89,KC89,ATP
KC86,KC86,ATP
KI10,KI10,ATP
K0KA,K0KA,ATP
K0MG,K0MG,ATP
K0JE,K0JE,ATP
K0I0,K0I0,ATP
L0FU,L0FU,ATP
L0I8,L0I8,ATP
M0RN,M0RN,ATP
M0OX,M0OX,ATP
M0RQ,M0RQ,ATP
M0WK,M0WK,ATP
MW03,MW03,ATP
M0ZO,M0ZO,ATP
MI33,MI33,ATP
M0U5,M0U5,ATP
M0NK,M0NK,ATP
M0HL,M0HL,ATP
M0QJ,M0QJ,ATP
M0O7,M0O7,ATP
M0X8,M0X8,ATP
N0G6,N0G6,ATP
N0GF,N0GF,ATP
O684,O684,ATP
P0O5,P0O5,ATP
P0KZ,P0KZ,ATP
P0IH,P0IH,ATP
P0C2,P0C2,ATP
R0J0,R0J0,ATP
R835,R835,ATP
R0MV,R0MV,ATP
RD66,RD66,ATP
SK53,SK53,ATP
S0Y2,S0Y2,ATP
S1CN,S1CN,ATP
S1C0,S1C0,ATP
S0VD,S0VD,ATP
S1B3,S1B3,ATP
S0KS,S0KS,ATP
S0SI,S0SI,ATP
S0UX,S0UX,ATP
T0BJ,T0BJ,ATP
T0DH,T0DH,ATP
T0J4,T0J4,ATP
T0K4,T0K4,ATP
T0IE,T0IE,ATP
U0AM,U0AM,ATP
U0AN,U0AN,ATP
U0AO,U0AO,ATP
V09O,V09O,ATP
V0HV,V0HV,ATP
V0F2,V0F2,ATP
W0BS,W0BS,ATP
W0DZ,W0DZ,ATP
Y0BG,Y0BG,ATP
Z0DX,Z0DX,ATP
A0MK,A0MK,ATP
A0J4,A0J4,ATP
A0F9,A0F9,ATP
A0KF,A0KF,ATP
A0K1,A0K1,ATP
AG50,AG50,ATP
AE56,AE56,ATP
A0K7,A0K7,ATP
B0SL,B0SL,ATP
B0UD,B0UD,ATP
BV01,BV01,ATP
B0LN,B0LN,ATP
C0K1,C0K1,ATP
C0G2,C0G2,ATP
C0SB,C0SB,ATP
C0RX,C0RX,ATP
D0O8,D0O8,ATP
D0IC,D0IC,ATP
DG94,DG94,ATP
E0CF,E0CF,ATP
E0D3,E0D3,ATP
E0DP,E0DP,ATP
G0MQ,G0MQ,ATP
GE88,GE88,ATP
G0D2,G0D2,ATP
G0J6,G0J6,ATP
H0K2,H0K2,ATP
H0J9,H0J9,ATP
H624,H624,ATP
H0GU,H0GU,ATP
H0IF,H0IF,ATP
H0E3,H0E3,ATP
H0HR,H0HR,ATP
K0O9,K0O9,ATP
KI64,KI64,ATP
K0MQ,K0MQ,ATP
K0OK,K0OK,ATP
L0E0,L0E0,ATP
L0EE,L0EE,ATP
M0QZ,M0QZ,ATP
M0EE,M0EE,ATP
M0QF,M0QF,ATP
M09J,M09J,ATP
M0DQ,M0DQ,ATP
M0QS,M0QS,ATP
MM78,MM78,ATP
MK56,MK56,ATP
Q02A,Q02A,ATP
PJ17,PJ17,ATP
P0C4,P0C4,ATP
P0CU,P0CU,ATP
R0L2,R0L2,ATP
R0MI,R0MI,ATP
S0Y3,S0Y3,ATP
S0I2,S0I2,ATP
S1BD,S1BD,ATP
S0XQ,S0XQ,ATP
S0TU,S0TU,ATP
T0E1,T0E1,ATP
V0HG,V0HG,ATP
WA96,WA96,ATP
Y0BM,Y0BM,ATP
Z0CM,Z0CM,ATP
A0MH,A0MH,ATP
B0PR,B0PR,ATP
B0CC,B0CC,ATP
B0FD,B0FD,ATP
B0UZ,B0UZ,ATP
B0M8,B0M8,ATP
C0NG,C0NG,ATP
C0SU,C0SU,ATP
C0HH,C0HH,ATP
D0MN,D0MN,ATP
D0LZ,D0LZ,ATP
F0BN,F0BN,ATP
G0K1,G0K1,ATP
G0NL,G0NL,ATP
J0E8,J0E8,ATP
J0DJ,J0DJ,ATP
K0KX,K0KX,ATP
K0HP,K0HP,ATP
K0O6,K0O6,ATP
KE42,KE42,ATP
K0JB,K0JB,ATP
K0NH,K0NH,ATP
L0EI,L0EI,ATP
L0J2,L0J2,ATP
L0K1,L0K1,ATP
L0MN,L0MN,ATP
M0YD,M0YD,ATP
M0WS,M0WS,ATP
M0GD,M0GD,ATP
M0PF,M0PF,ATP
N786,N786,ATP
O663,O663,ATP
O0D5,O0D5,ATP
P0NF,P0NF,ATP
P0GJ,P0GJ,ATP
P0GP,P0GP,ATP
S0ZD,S0ZD,ATP
S0G3,S0G3,ATP
SI82,SI82,ATP
S0ZT,S0ZT,ATP
TE14,TE14,ATP
D0M9,D0M9,ATP
V0EM,V0EM,ATP
V0HT,V0HT,ATP
V0GI,V0GI,ATP
W0D9,W0D9,ATP
Y09D,Y09D,ATP
B0AL,B0AL,ATP
C0L9,C0L9,ATP
C0K4,C0K4,ATP
DH18,DH18,ATP
D0EF,D0EF,ATP
E0C5,E0C5,ATP
F0AB,F0AB,ATP
H0DP,H0DP,ATP
K0M0,K0M0,ATP
L0KA,L0KA,ATP
L0G1,L0G1,ATP
LH86,LH86,ATP
M0SF,M0SF,ATP
M0RU,M0RU,ATP
P0OS,P0OS,ATP
P0IA,P0IA,ATP
RD58,RD58,ATP
S0LV,S0LV,ATP
SG78,SG78,ATP
TD06,TD06,ATP
U0A9,U0A9,ATP
V0GJ,V0GJ,ATP
V0GB,V0GB,ATP
V0EQ,V0EQ,ATP
W0F2,W0F2,ATP
Z0CT,Z0CT,ATP
A0JL,A0JL,ATP
A0LV,A0LV,ATP
B0SU,B0SU,ATP
DH53,DH53,ATP
F0DZ,F0DZ,ATP
G0H1,G0H1,ATP
G0OL,G0OL,ATP
G0EY,G0EY,ATP
H0HN,H0HN,ATP
K0JC,K0JC,ATP
K0M3,K0M3,ATP
M0VL,M0VL,ATP
M0NX,M0NX,ATP
M0CE,M0CE,ATP
M0Y6,M0Y6,ATP
N0ET,N0ET,ATP
P0O4,P0O4,ATP
R0CT,R0CT,ATP
S0SE,S0SE,ATP
S0TZ,S0TZ,ATP
S1C1,S1C1,ATP
V0G9,V0G9,ATP
V0B5,V0B5,ATP
Y0B7,Y0B7,ATP
Z0DM,Z0DM,ATP
A0J7,A0J7,ATP
B0LT,B0LT,ATP
D0IA,D0IA,ATP
G0LR,G0LR,ATP
H0CP,H0CP,ATP
H0BP,H0BP,ATP
J0EE,J0EE,ATP
P0IV,P0IV,ATP
Q027,Q027,ATP
S0A6,S0A6,ATP
S0SM,S0SM,ATP
Z0D7,Z0D7,ATP
A0GR,A0GR,ATP
C0FR,C0FR,ATP
C0KL,C0KL,ATP
H0GM,H0GM,ATP
K0J6,K0J6,ATP
M0P3,M0P3,ATP
O0BG,O0BG,ATP
P0GD,P0GD,ATP
R0B3,R0B3,ATP
U0AC,U0AC,ATP
C0E6,C0E6,ATP
G0KV,G0KV,ATP
L0JS,L0JS,ATP
N934,N934,ATP
RH17,RH17,ATP
Z0CV,Z0CV,ATP
AE17,AE17,ATP
K0KM,K0KM,ATP
L0L7,L0L7,ATP
V0C4,V0C4,ATP
P0MI,P0MI,ATP
T0FN,T0FN,ATP
S773,S773,ATP
RH54,RH54,ATP
A507,A507,ATP
A187,A187,ATP
B971,B971,ATP
BE29,BE29,ATP
B0HK,B0HK,ATP
C870,C870,ATP
H562,H562,ATP
H298,H298,ATP
H454,H454,ATP
H0CY,H0CY,ATP
M0J7,M0J7,ATP
O250,O250,ATP
RB36,RB36,ATP
R0AM,R0AM,ATP
Y0AC,Y0AC,ATP
S545,S545,ATP
B972,B972,ATP
G729,G729,ATP
G384,G384,ATP
MA96,MA96,ATP
SD28,SD28,ATP
AD96,AD96,ATP
C478,C478,ATP
A389,A389,ATP
MD56,MD56,ATP
Z073,Z073,ATP
C433,C433,ATP
C514,C514,ATP
D874,D874,ATP
G374,G374,ATP
S568,S568,ATP
MA21,MA21,ATP
Z184,Z184,ATP
D683,D683,ATP
P372,P372,ATP
B884,B884,ATP
N301,N301,ATP
PC11,PC11,ATP
F041,F041,ATP
G247,G247,ATP
C524,C524,ATP
R251,R251,ATP
V258,V258,ATP
E138,E138,ATP
SE66,SE66,ATP
M372,M372,ATP
J004,J004,ATP
D006,D006,ATP
R388,R388,ATP
P190,P190,ATP
M412,M412,ATP
D008,D008,ATP
G585,G585,ATP
M069,M069,ATP
A228,A228,ATP
A040,A040,ATP
H502,H502,ATP
B516,B516,ATP
G483,G483,ATP
M714,M714,ATP
A539,A539,ATP
O086,O086,ATP
P324,P324,ATP
D556,D556,ATP
C375,C375,ATP
J214,J214,ATP
B764,B764,ATP
A941,A941,ATP
S427,S427,ATP
D479,D479,ATP
A224,A224,ATP
H365,H365,ATP
V620,V620,ATP
V239,V239,ATP
G236,G236,ATP
C457,C457,ATP
H322,H322,ATP
M812,M812,ATP
M538,M538,ATP
M588,M588,ATP
Y003,Y003,ATP
B351,B351,ATP
A149,A149,ATP
B035,B035,ATP
D226,D226,ATP
A502,A502,ATP
G353,G353,ATP
P289,P289,ATP
G216,G216,ATP
L075,L075,ATP
D347,D347,ATP
O117,O117,ATP
H379,H379,ATP
T269,T269,ATP
Z059,Z059,ATP
I003,I003,ATP
G817,G817,ATP
ME56,ME56,ATP
M468,M468,ATP
A057,A057,ATP
A030,A030,ATP
A064,A064,ATP
A672,A672,ATP
A635,A635,ATP
A093,A093,ATP
C010,C010,ATP
C133,C133,ATP
C025,C025,ATP
C145,C145,ATP
C039,C039,ATP
D068,D068,ATP
DC86,DC86,ATP
E640,E640,ATP
F944,F944,ATP
G001,G001,ATP
G068,G068,ATP
G002,G002,ATP
GF86,GF86,ATP
G006,G006,ATP
G005,G005,ATP
G197,G197,ATP
G824,G824,ATP
G047,G047,ATP
HC20,HC20,ATP
HC19,HC19,ATP
H735,H735,ATP
J304,J304,ATP
KF18,KF18,ATP
L079,L079,ATP
L046,L046,ATP
L752,L752,ATP
M0LS,M0LS,ATP
MP43,MP43,ATP
M121,M121,ATP
MP70,MP70,ATP
M068,M068,ATP
M070,M070,ATP
MP49,MP49,ATP
PH84,PH84,ATP
PH82,PH82,ATP
Q009,Q009,ATP
RD79,RD79,ATP
R028,R028,ATP
R129,R129,ATP
R030,R030,ATP
R717,R717,ATP
RD80,RD80,ATP
R123,R123,ATP
S002,S002,ATP
SR41,SR41,ATP
SC14,SC14,ATP
S201,S201,ATP
S076,S076,ATP
T020,T020,ATP
V871,V871,ATP
V870,V870,ATP
V877,V877,ATP
V080,V080,ATP
V051,V051,ATP
W0E8,W0E8,ATP
W436,W436,ATP
Y004,Y004,ATP
A207,A207,ATP
A318,A318,ATP
DD39,DD39,ATP
HD85,HD85,ATP
K783,K783,ATP
MS72,MS72,ATP
MR49,MR49,ATP
P634,P634,ATP
R034,R034,ATP
ST43,ST43,ATP
CK37,CK37,ATP
V028,V028,ATP
DE49,DE49,ATP
RF53,RF53,ATP
W813,W813,ATP
Z427,Z427,ATP
BQ14,BQ14,ATP
R132,R132,ATP
S188,S188,ATP
CK64,CK64,ATP
F990,F990,ATP
HC34,HC34,ATP
MR52,MR52,ATP
W883,W883,ATP
BQ07,BQ07,ATP
KH29,KH29,ATP
KH46,KH46,ATP
MS40,MS40,ATP
SU95,SU95,ATP
E935,E935,ATP
O588,O588,ATP
MJ30,MJ30,ATP
T059,T059,ATP
P338,P338,ATP
H432,H432,ATP
A202,A202,ATP
R255,R255,ATP
F164,F164,ATP
S331,S331,ATP
W035,W035,ATP
T195,T195,ATP
G621,G621,ATP
G940,G940,ATP
D270,D270,ATP
S443,S443,ATP
E690,E690,ATP
MH30,MH30,ATP
M408,M408,ATP
W136,W136,ATP
I052,I052,ATP
M030,M030,ATP
ME05,ME05,ATP
L515,L515,ATP
B298,B298,ATP
BD59,BD59,ATP
Y002,Y002,ATP
H431,H431,ATP
C023,C023,ATP
R583,R583,ATP
SJ55,SJ55,ATP
C001,C001,ATP
S673,S673,ATP
E143,E143,ATP
SD56,SD56,ATP
T156,T156,ATP
B681,B681,ATP
F028,F028,ATP
BH98,BH98,ATP
H349,H349,ATP
D227,D227,ATP
J233,J233,ATP
S626,S626,ATP
K244,K244,ATP
MK40,MK40,ATP
L836,L836,ATP
J361,J361,ATP
S765,S765,ATP
K021,K021,ATP
D210,D210,ATP
G386,G386,ATP
W630,W630,ATP
B600,B600,ATP
L229,L229,ATP
L257,L257,ATP
R170,R170,ATP
K612,K612,ATP
L030,L030,ATP
K676,K676,ATP
K201,K201,ATP
D206,D206,ATP
D049,D049,ATP
HB29,HB29,ATP
E122,E122,ATP
A163,A163,ATP
H596,H596,ATP
BJ05,BJ05,ATP
N204,N204,ATP
B510,B510,ATP
D036,D036,ATP
A188,A188,ATP
H421,H421,ATP
S637,S637,ATP
B585,B585,ATP
M632,M632,ATP
E629,E629,ATP
C278,C278,ATP
G404,G404,ATP
J230,J230,ATP
M407,M407,ATP
P485,P485,ATP
B473,B473,ATP
D526,D526,ATP
M004,M004,ATP
R173,R173,ATP
A003,A003,ATP
A056,A056,ATP
A014,A014,ATP
A162,A162,ATP
A060,A060,ATP
B106,B106,ATP
B010,B010,ATP
B294,B294,ATP
B123,B123,ATP
B108,B108,ATP
B217,B217,ATP
B224,B224,ATP
B184,B184,ATP
B227,B227,ATP
B395,B395,ATP
C079,C079,ATP
C080,C080,ATP
C072,C072,ATP
C017,C017,ATP
C020,C020,ATP
CH70,CH70,ATP
C163,C163,ATP
C085,C085,ATP
C087,C087,ATP
C229,C229,ATP
C171,C171,ATP
C093,C093,ATP
CI24,CI24,ATP
C059,C059,ATP
D054,D054,ATP
D142,D142,ATP
D074,D074,ATP
D076,D076,ATP
D078,D078,ATP
D079,D079,ATP
D146,D146,ATP
D040,D040,ATP
E001,E001,ATP
E005,E005,ATP
E028,E028,ATP
E071,E071,ATP
E016,E016,ATP
E030,E030,ATP
E130,E130,ATP
E066,E066,ATP
F002,F002,ATP
F003,F003,ATP
F071,F071,ATP
F108,F108,ATP
F113,F113,ATP
F040,F040,ATP
F039,F039,ATP
F050,F050,ATP
G070,G070,ATP
G087,G087,ATP
G074,G074,ATP
G037,G037,ATP
G084,G084,ATP
H048,H048,ATP
H133,H133,ATP
H001,H001,ATP
H134,H134,ATP
HC53,HC53,ATP
H132,H132,ATP
H130,H130,ATP
J029,J029,ATP
J007,J007,ATP
J062,J062,ATP
J016,J016,ATP
J014,J014,ATP
J559,J559,ATP
K044,K044,ATP
K047,K047,ATP
K086,K086,ATP
K073,K073,ATP
L004,L004,ATP
L124,L124,ATP
L058,L058,ATP
L062,L062,ATP
L064,L064,ATP
M133,M133,ATP
M405,M405,ATP
M136,M136,ATP
M0KH,M0KH,ATP
M139,M139,ATP
MO82,MO82,ATP
M045,M045,ATP
M281,M281,ATP
M051,M051,ATP
M050,M050,ATP
M066,M066,ATP
M180,M180,ATP
N044,N044,ATP
R977,R977,ATP
P357,P357,ATP
A017,A017,ATP
A0GD,A0GD,ATP
A0HE,A0HE,ATP
A441,A441,ATP
BM76,BM76,ATP
B008,B008,ATP
B0LG,B0LG,ATP
BM77,BM77,ATP
B0LC,B0LC,ATP
B254,B254,ATP
B0L1,B0L1,ATP
B206,B206,ATP
BM78,BM78,ATP
B0L2,B0L2,ATP
BN62,BN62,ATP
BM79,BM79,ATP
B221,B221,ATP
BC45,BC45,ATP
B269,B269,ATP
B0KW,B0KW,ATP
BM75,BM75,ATP
B0L0,B0L0,ATP
BB57,BB57,ATP
BN60,BN60,ATP
B0OG,B0OG,ATP
B850,B850,ATP
B187,B187,ATP
B0KI,B0KI,ATP
B0LH,B0LH,ATP
CI29,CI29,ATP
C0J5,C0J5,ATP
C233,C233,ATP
C0IX,C0IX,ATP
C0J6,C0J6,ATP
C0JM,C0JM,ATP
C897,C897,ATP
C100,C100,ATP
C694,C694,ATP
CI00,CI00,ATP
C695,C695,ATP
C228,C228,ATP
C0JH,C0JH,ATP
C0JN,C0JN,ATP
C232,C232,ATP
C231,C231,ATP
C194,C194,ATP
D0H3,D0H3,ATP
D141,D141,ATP
D0FR,D0FR,ATP
D0H5,D0H5,ATP
D0GW,D0GW,ATP
DC84,DC84,ATP
D0H4,D0H4,ATP
D164,D164,ATP
D140,D140,ATP
D097,D097,ATP
E214,E214,ATP
E0BY,E0BY,ATP
E0C4,E0C4,ATP
F948,F948,ATP
F0EU,F0EU,ATP
F0EH,F0EH,ATP
F412,F412,ATP
FA99,FA99,ATP
F0E7,F0E7,ATP
F949,F949,ATP
F0EP,F0EP,ATP
F0ES,F0ES,ATP
F0EY,F0EY,ATP
F0EM,F0EM,ATP
F134,F134,ATP
F127,F127,ATP
F0EX,F0EX,ATP
G181,G181,ATP
G0HQ,G0HQ,ATP
G150,G150,ATP
G0HT,G0HT,ATP
G0HE,G0HE,ATP
G0HV,G0HV,ATP
GF82,GF82,ATP
G0HL,G0HL,ATP
PC96,PC96,ATP
M762,M762,ATP
TB69,TB69,ATP
K310,K310,ATP
M099,M099,ATP
H804,H804,ATP
A028,A028,ATP
E141,E141,ATP
P467,P467,ATP
S055,S055,ATP
M760,M760,ATP
H364,H364,ATP
S315,S315,ATP
K263,K263,ATP
MI43,MI43,ATP
K551,K551,ATP
S649,S649,ATP
S893,S893,ATP
F580,F580,ATP
E196,E196,ATP
S648,S648,ATP
B438,B438,ATP
G426,G426,ATP
M711,M711,ATP
O305,O305,ATP
W200,W200,ATP
F011,F011,ATP
F181,F181,ATP
K003,K003,ATP
K041,K041,ATP
K051,K051,ATP
M435,M435,ATP
O063,O063,ATP
P031,P031,ATP
P143,P143,ATP
R014,R014,ATP
S255,S255,ATP
S087,S087,ATP
SD80,SD80,ATP
W079,W079,ATP
W063,W063,ATP
O002,O002,ATP
B317,B317,ATP
M067,M067,ATP
M997,M997,ATP
P275,P275,ATP
BQ57,BQ57,ATP
GH66,GH66,ATP
ST46,ST46,ATP
VA00,VA00,ATP
KH52,KH52,ATP
KG69,KG69,ATP
ST84,ST84,ATP
V943,V943,ATP
HC41,HC41,ATP
V926,V926,ATP
SS71,SS71,ATP
MR44,MR44,ATP
HC82,HC82,ATP
RE35,RE35,ATP
T231,T231,ATP
S600,S600,ATP
T984,T984,ATP
F263,F263,ATP
W165,W165,ATP
A404,A404,ATP
E928,E928,ATP
S452,S452,ATP
L941,L941,ATP
BC49,BC49,ATP
B827,B827,ATP
B0K1,B0K1,ATP
D0JC,D0JC,ATP
F548,F548,ATP
G0H5,G0H5,ATP
H738,H738,ATP
H184,H184,ATP
H183,H183,ATP
K795,K795,ATP
K797,K797,ATP
K796,K796,ATP
L0F3,L0F3,ATP
L091,L091,ATP
M432,M432,ATP
O003,O003,ATP
O283,O283,ATP
P0K6,P0K6,ATP
PA82,PA82,ATP
P406,P406,ATP
P105,P105,ATP
P232,P232,ATP
R0G1,R0G1,ATP
SA29,SA29,ATP
S0OI,S0OI,ATP
SE91,SE91,ATP
T0H7,T0H7,ATP
Z201,Z201,ATP
F345,F345,ATP
N277,N277,ATP
SE31,SE31,ATP
B292,B292,ATP
P304,P304,ATP
A310,A310,ATP
A0EG,A0EG,ATP
K171,K171,ATP
M471,M471,ATP
S340,S340,ATP
A147,A147,ATP
C332,C332,ATP
E646,E646,ATP
F209,F209,ATP
L0BN,L0BN,ATP
MV33,MV33,ATP
M818,M818,ATP
M0SY,M0SY,ATP
M761,M761,ATP
M908,M908,ATP
N428,N428,ATP
R725,R725,ATP
R592,R592,ATP
T367,T367,ATP
FA56,FA56,ATP
MC19,MC19,ATP
C0EN,C0EN,ATP
F0BL,F0BL,ATP
F229,F229,ATP
H0AB,H0AB,ATP
L0CR,L0CR,ATP
L653,L653,ATP
M0GR,M0GR,ATP
MB81,MB81,ATP
T172,T172,ATP
W692,W692,ATP
M595,M595,ATP
V211,V211,ATP
S674,S674,ATP
V613,V613,ATP
I236,I236,ATP
BD82,BD82,ATP
F620,F620,ATP
BD83,BD83,ATP
DA02,DA02,ATP
K569,K569,ATP
K872,K872,ATP
K947,K947,ATP
M639,M639,ATP
S775,S775,ATP
SC51,SC51,ATP
T939,T939,ATP
Z248,Z248,ATP
Z236,Z236,ATP
M680,M680,ATP
V309,V309,ATP
R336,R336,ATP
D228,D228,ATP
R397,R397,ATP
D632,D632,ATP
V167,V167,ATP
N233,N233,ATP
G285,G285,ATP
V170,V170,ATP
BE54,BE54,ATP
D190,D190,ATP
D981,D981,ATP
E169,E169,ATP
M031,M031,ATP
W133,W133,ATP
W247,W247,ATP
D752,D752,ATP
GB13,GB13,ATP
P032,P032,ATP
B054,B054,ATP
B072,B072,ATP
D124,D124,ATP
D0GX,D0GX,ATP
D020,D020,ATP
D011,D011,ATP
D134,D134,ATP
G0HN,G0HN,ATP
H127,H127,ATP
J070,J070,ATP
M151,M151,ATP
N234,N234,ATP
R080,R080,ATP
S0QD,S0QD,ATP
S0QC,S0QC,ATP
S167,S167,ATP
TD40,TD40,ATP
T117,T117,ATP
V012,V012,ATP
DD10,DD10,ATP
F972,F972,ATP
MR88,MR88,ATP
TD81,TD81,ATP
V925,V925,ATP
MQ84,MQ84,ATP
E943,E943,ATP
DD83,DD83,ATP
N845,N845,ATP
V917,V917,ATP
LF09,LF09,ATP
DD34,DD34,ATP
MQ42,MQ42,ATP
DD72,DD72,ATP
PI51,PI51,ATP
W780,W780,ATP
BN76,BN76,ATP
D731,D731,ATP
KA33,KA33,ATP
SN33,SN33,ATP
A105,A105,ATP
SD93,SD93,ATP
A126,A126,ATP
A610,A610,ATP
AA49,AA49,ATP
BM18,BM18,ATP
B034,B034,ATP
C608,C608,ATP
CG35,CG35,ATP
D755,D755,ATP
E227,E227,ATP
E093,E093,ATP
G146,G146,ATP
G186,G186,ATP
M026,M026,ATP
ME70,ME70,ATP
R806,R806,ATP
V513,V513,ATP
V424,V424,ATP
Z025,Z025,ATP
Z239,Z239,ATP
D438,D438,ATP
BT77,BT77,ATP
BE68,BE68,ATP
G654,G654,ATP
V184,V184,ATP
C0IW,C0IW,ATP
TB41,TB41,ATP
AD76,AD76,ATP
A0N6,A0N6,ATP
M0I3,M0I3,ATP
N09O,N09O,ATP
P469,P469,ATP
SG17,SG17,ATP
SM08,SM08,ATP
Y222,Y222,ATP
A789,A789,ATP
MG08,MG08,ATP
C377,C377,ATP
B198,B198,ATP
CG32,CG32,ATP
DF19,DF19,ATP
G203,G203,ATP
G038,G038,ATP
S0Q1,S0Q1,ATP
SW57,SW57,ATP
V124,V124,ATP
V324,V324,ATP
W306,W306,ATP
BK85,BK85,ATP
DD00,DD00,ATP
HG13,HG13,ATP
V887,V887,ATP
TF64,TF64,ATP
BR12,BR12,ATP
DD73,DD73,ATP
W904,W904,ATP
LG98,LG98,ATP
DF22,DF22,ATP
W907,W907,ATP
K293,K293,ATP
BD20,BD20,ATP
M443,M443,ATP
M035,M035,ATP
S876,S876,ATP
O076,O076,ATP
S604,S604,ATP
SG64,SG64,ATP
D339,D339,ATP
M708,M708,ATP
SC73,SC73,ATP
S721,S721,ATP
M028,M028,ATP
R036,R036,ATP
J085,J085,ATP
A410,A410,ATP
M092,M092,ATP
CC32,CC32,ATP
S877,S877,ATP
H693,H693,ATP
C369,C369,ATP
S410,S410,ATP
F433,F433,ATP
D002,D002,ATP
G602,G602,ATP
C397,C397,ATP
K010,K010,ATP
D833,D833,ATP
Z198,Z198,ATP
A042,A042,ATP
B478,B478,ATP
C008,C008,ATP
MN70,MN70,ATP
A005,A005,ATP
Z032,Z032,ATP
D815,D815,ATP
F232,F232,ATP
S352,S352,ATP
M611,M611,ATP
M059,M059,ATP
H027,H027,ATP
E117,E117,ATP
A052,A052,ATP
B015,B015,ATP
BC56,BC56,ATP
B496,B496,ATP
B0S0,B0S0,ATP
B0FQ,B0FQ,ATP
C770,C770,ATP
C005,C005,ATP
C616,C616,ATP
C030,C030,ATP
D173,D173,ATP
E074,E074,ATP
F111,F111,ATP
FA18,FA18,ATP
F104,F104,ATP
G184,G184,ATP
G020,G020,ATP
G834,G834,ATP
G046,G046,ATP
H012,H012,ATP
H026,H026,ATP
J028,J028,ATP
K006,K006,ATP
K650,K650,ATP
K009,K009,ATP
K013,K013,ATP
K036,K036,ATP
K020,K020,ATP
L109,L109,ATP
L042,L042,ATP
M135,M135,ATP
M295,M295,ATP
M025,M025,ATP
M033,M033,ATP
M919,M919,ATP
M969,M969,ATP
O011,O011,ATP
O014,O014,ATP
P016,P016,ATP
P225,P225,ATP
P432,P432,ATP
P573,P573,ATP
P0G9,P0G9,ATP
R066,R066,ATP
R020,R020,ATP
S151,S151,ATP
S023,S023,ATP
SR56,SR56,ATP
S938,S938,ATP
S062,S062,ATP
SK69,SK69,ATP
T049,T049,ATP
V0CL,V0CL,ATP
V879,V879,ATP
CI92,CI92,ATP
CK49,CK49,ATP
DE58,DE58,ATP
K185,K185,ATP
S699,S699,ATP
BN97,BN97,ATP
MQ63,MQ63,ATP
ST44,ST44,ATP
GG47,GG47,ATP
AD79,AD79,ATP
PI59,PI59,ATP
RE21,RE21,ATP
S519,S519,ATP
LI39,LI39,ATP
L504,L504,ATP
K918,K918,ATP
T240,T240,ATP
V136,V136,ATP
L950,L950,ATP
B172,B172,ATP
B541,B541,ATP
D852,D852,ATP
D100,D100,ATP
E168,E168,ATP
G0E0,G0E0,ATP
G925,G925,ATP
H950,H950,ATP
K606,K606,ATP
K187,K187,ATP
K581,K581,ATP
L069,L069,ATP
MH41,MH41,ATP
MF99,MF99,ATP
P006,P006,ATP
P0DV,P0DV,ATP
P0M0,P0M0,ATP
R162,R162,ATP
S075,S075,ATP
V0H2,V0H2,ATP
Y0B5,Y0B5,ATP
J046,J046,ATP
J039,J039,ATP
R975,R975,ATP
N210,N210,ATP
L226,L226,ATP
D499,D499,ATP
L799,L799,ATP
C046,C046,ATP
N291,N291,ATP
PB22,PB22,ATP
P048,P048,ATP
SP24,SP24,ATP
S102,S102,ATP
C308,C308,ATP
L334,L334,ATP
L008,L008,ATP
M064,M064,ATP
W038,W038,ATP
K290,K290,ATP
D686,D686,ATP
BC68,BC68,ATP
L227,L227,ATP
R338,R338,ATP
C918,C918,ATP
A707,A707,ATP
G464,G464,ATP
S847,S847,ATP
A557,A557,ATP
BA55,BA55,ATP
B120,B120,ATP
B0K7,B0K7,ATP
B903,B903,ATP
B125,B125,ATP
BA54,BA54,ATP
B189,B189,ATP
B902,B902,ATP
B056,B056,ATP
B0K5,B0K5,ATP
BA12,BA12,ATP
B102,B102,ATP
B259,B259,ATP
B844,B844,ATP
B845,B845,ATP
B136,B136,ATP
C176,C176,ATP
CI35,CI35,ATP
C0IH,C0IH,ATP
C846,C846,ATP
C051,C051,ATP
C0IG,C0IG,ATP
D046,D046,ATP
D0G8,D0G8,ATP
E0BT,E0BT,ATP
E0BU,E0BU,ATP
F0EA,F0EA,ATP
F133,F133,ATP
F472,F472,ATP
F471,F471,ATP
F493,F493,ATP
F242,F242,ATP
F057,F057,ATP
G0H7,G0H7,ATP
G072,G072,ATP
GG04,GG04,ATP
G042,G042,ATP
G557,G557,ATP
G0HS,G0HS,ATP
G201,G201,ATP
H055,H055,ATP
H258,H258,ATP
H089,H089,ATP
H0F8,H0F8,ATP
H0F9,H0F9,ATP
H0F7,H0F7,ATP
J094,J094,ATP
K0GO,K0GO,ATP
K794,K794,ATP
K0KU,K0KU,ATP
K537,K537,ATP
K0GN,K0GN,ATP
L496,L496,ATP
L125,L125,ATP
L294,L294,ATP
M361,M361,ATP
M947,M947,ATP
M046,M046,ATP
MB41,MB41,ATP
MB40,MB40,ATP
M115,M115,ATP
M215,M215,ATP
O039,O039,ATP
O246,O246,ATP
P079,P079,ATP
P687,P687,ATP
P044,P044,ATP
P635,P635,ATP
R617,R617,ATP
R040,R040,ATP
R0GK,R0GK,ATP
R229,R229,ATP
S0OT,S0OT,ATP
S0OS,S0OS,ATP
S0OQ,S0OQ,ATP
S0OO,S0OO,ATP
SA23,SA23,ATP
S0OP,S0OP,ATP
SC15,SC15,ATP
SC81,SC81,ATP
SR54,SR54,ATP
T800,T800,ATP
W0CB,W0CB,ATP
Y0AN,Y0AN,ATP
BP95,BP95,ATP
DE46,DE46,ATP
DE27,DE27,ATP
DE61,DE61,ATP
E942,E942,ATP
LI16,LI16,ATP
MR03,MR03,ATP
MR65,MR65,ATP
TD57,TD57,ATP
BO43,BO43,ATP
BO01,BO01,ATP
FB36,FB36,ATP
LF52,LF52,ATP
MR46,MR46,ATP
MR64,MR64,ATP
N864,N864,ATP
PI44,PI44,ATP
LG00,LG00,ATP
MS51,MS51,ATP
SW10,SW10,ATP
CK25,CK25,ATP
HC68,HC68,ATP
W785,W785,ATP
RF27,RF27,ATP
MR39,MR39,ATP
W833,W833,ATP
W886,W886,ATP
MQ79,MQ79,ATP
PK30,PK30,ATP
MQ39,MQ39,ATP
RE31,RE31,ATP
G415,G415,ATP
R286,R286,ATP
M655,M655,ATP
C634,C634,ATP
G414,G414,ATP
R216,R216,ATP
S548,S548,ATP
G375,G375,ATP
C250,C250,ATP
A457,A457,ATP
LB07,LB07,ATP
H563,H563,ATP
P518,P518,ATP
H465,H465,ATP
P519,P519,ATP
R012,R012,ATP
SJ25,SJ25,ATP
PB37,PB37,ATP
A002,A002,ATP
A448,A448,ATP
A432,A432,ATP
A0HA,A0HA,ATP
A051,A051,ATP
A073,A073,ATP
A0CY,A0CY,ATP
B424,B424,ATP
C007,C007,ATP
C108,C108,ATP
C088,C088,ATP
F131,F131,ATP
F025,F025,ATP
F0EB,F0EB,ATP
F024,F024,ATP
G165,G165,ATP
G762,G762,ATP
G015,G015,ATP
G066,G066,ATP
HC76,HC76,ATP
H230,H230,ATP
M087,M087,ATP
M222,M222,ATP
N049,N049,ATP
PI13,PI13,ATP
P030,P030,ATP
P067,P067,ATP
P046,P046,ATP
Q002,Q002,ATP
R814,R814,ATP
R059,R059,ATP
R074,R074,ATP
SL85,SL85,ATP
S0XM,S0XM,ATP
U012,U012,ATP
V001,V001,ATP
F014,F014,ATP
F428,F428,ATP
GG45,GG45,ATP
LE47,LE47,ATP
MQ28,MQ28,ATP
RB58,RB58,ATP
SS76,SS76,ATP
AD68,AD68,ATP
GG39,GG39,ATP
ST41,ST41,ATP
TD83,TD83,ATP
TE55,TE55,ATP
TE56,TE56,ATP
BO55,BO55,ATP
Z272,Z272,ATP
W571,W571,ATP
P263,P263,ATP
Z096,Z096,ATP
Z151,Z151,ATP
Y105,Y105,ATP
SC92,SC92,ATP
W291,W291,ATP
O427,O427,ATP
W614,W614,ATP
G820,G820,ATP
C392,C392,ATP
Y039,Y039,ATP
G876,G876,ATP
X002,X002,ATP
X011,X011,ATP
L660,L660,ATP
M09E,M09E,ATP
Z090,Z090,ATP
G880,G880,ATP
L681,L681,ATP
L255,L255,ATP
L033,L033,ATP
L246,L246,ATP
LF23,LF23,ATP
L369,L369,ATP
MH61,MH61,ATP
MP18,MP18,ATP
N084,N084,ATP
S362,S362,ATP
W426,W426,ATP
W173,W173,ATP
W536,W536,ATP
X001,X001,ATP
Y046,Y046,ATP
W065,W065,ATP
Z044,Z044,ATP
CI41,CI41,ATP
J203,J203,ATP
KG88,KG88,ATP
TE39,TE39,ATP
CK01,CK01,ATP
KG91,KG91,ATP
HD92,HD92,ATP
MQ34,MQ34,ATP
LF71,LF71,ATP
KG13,KG13,ATP
CJ10,CJ10,ATP
L575,L575,ATP
W373,W373,ATP
J380,J380,ATP
T982,T982,ATP
W134,W134,ATP
C813,C813,ATP
C364,C364,ATP
C777,C777,ATP
C453,C453,ATP
C503,C503,ATP
C363,C363,ATP
HC03,HC03,ATP
HA03,HA03,ATP
HA89,HA89,ATP
L828,L828,ATP
L0JH,L0JH,ATP
L729,L729,ATP
PC73,PC73,ATP
SB14,SB14,ATP
T0IH,T0IH,ATP
T122,T122,ATP
T211,T211,ATP
W679,W679,ATP
Y123,Y123,ATP
Y211,Y211,ATP
L280,L280,ATP
G725,G725,ATP
F444,F444,ATP
G892,G892,ATP
H256,H256,ATP
T133,T133,ATP
F525,F525,ATP
R159,R159,ATP
GB42,GB42,ATP
C834,C834,ATP
SB28,SB28,ATP
BC76,BC76,ATP
SI36,SI36,ATP
M545,M545,ATP
D276,D276,ATP
G478,G478,ATP
C261,C261,ATP
Q017,Q017,ATP
A080,A080,ATP
A121,A121,ATP
A0H2,A0H2,ATP
A519,A519,ATP
B174,B174,ATP
B131,B131,ATP
CI13,CI13,ATP
CI40,CI40,ATP
C0ID,C0ID,ATP
C089,C089,ATP
CI87,CI87,ATP
D0G4,D0G4,ATP
D159,D159,ATP
E0BQ,E0BQ,ATP
E0BR,E0BR,ATP
G090,G090,ATP
G0H3,G0H3,ATP
G0H2,G0H2,ATP
G114,G114,ATP
I166,I166,ATP
J020,J020,ATP
L0EZ,L0EZ,ATP
L0F0,L0F0,ATP
L0EY,L0EY,ATP
M152,M152,ATP
N0CX,N0CX,ATP
O198,O198,ATP
O0BU,O0BU,ATP
P0GR,P0GR,ATP
P577,P577,ATP
Q02G,Q02G,ATP
R721,R721,ATP
R062,R062,ATP
R0FT,R0FT,ATP
R913,R913,ATP
R638,R638,ATP
RE34,RE34,ATP
SS83,SS83,ATP
S0O8,S0O8,ATP
T0EW,T0EW,ATP
T0ES,T0ES,ATP
T312,T312,ATP
V0E4,V0E4,ATP
V194,V194,ATP
V092,V092,ATP
V294,V294,ATP
W0C7,W0C7,ATP
DE01,DE01,ATP
R294,R294,ATP
Z415,Z415,ATP
RE53,RE53,ATP
RF62,RF62,ATP
M578,M578,ATP
B448,B448,ATP
B950,B950,ATP
C649,C649,ATP
D176,D176,ATP
F169,F169,ATP
G634,G634,ATP
M358,M358,ATP
M356,M356,ATP
M357,M357,ATP
N586,N586,ATP
O067,O067,ATP
R759,R759,ATP
R596,R596,ATP
SY66,SY66,ATP
K336,K336,ATP
I034,I034,ATP
L360,L360,ATP
A385,A385,ATP
D646,D646,ATP
P050,P050,ATP
K371,K371,ATP
PC78,PC78,ATP
SF76,SF76,ATP
Z104,Z104,ATP
K313,K313,ATP
V564,V564,ATP
PF00,PF00,ATP
H274,H274,ATP
DA89,DA89,ATP
GB61,GB61,ATP
MF09,MF09,ATP
R421,R421,ATP
T760,T760,ATP
BD05,BD05,ATP
P597,P597,ATP
J365,J365,ATP
R247,R247,ATP
B080,B080,ATP
MF90,MF90,ATP
P342,P342,ATP
S277,S277,ATP
O018,O018,ATP
B692,B692,ATP
A837,A837,ATP
O128,O128,ATP
V226,V226,ATP
T762,T762,ATP
V763,V763,ATP
C759,C759,ATP
D934,D934,ATP
F032,F032,ATP
F074,F074,ATP
F549,F549,ATP
H034,H034,ATP
I020,I020,ATP
O025,O025,ATP
P080,P080,ATP
MH98,MH98,ATP
C636,C636,ATP
C713,C713,ATP
CA39,CA39,ATP
F512,F512,ATP
GG29,GG29,ATP
G630,G630,ATP
H685,H685,ATP
L507,L507,ATP
M886,M886,ATP
MA83,MA83,ATP
N264,N264,ATP
P300,P300,ATP
P217,P217,ATP
T217,T217,ATP
T129,T129,ATP
U170,U170,ATP
W824,W824,ATP
GG15,GG15,ATP
E0BV,E0BV,ATP
H0FA,H0FA,ATP
H0F2,H0F2,ATP
K0GP,K0GP,ATP
M0LA,M0LA,ATP
S0O9,S0O9,ATP
B837,B837,ATP
CH73,CH73,ATP
BC54,BC54,ATP
CN70,CN70,ATP
C839,C839,ATP
HB45,HB45,ATP
HC05,HC05,ATP
I403,I403,ATP
K528,K528,ATP
KH43,KH43,ATP
K800,K800,ATP
KD02,KD02,ATP
L449,L449,ATP
N911,N911,ATP
TB00,TB00,ATP
BA47,BA47,ATP
S694,S694,ATP
D214,D214,ATP
V141,V141,ATP
N254,N254,ATP
K148,K148,ATP
N025,N025,ATP
R685,R685,ATP
U032,U032,ATP
V207,V207,ATP
D198,D198,ATP
H442,H442,ATP
MA41,MA41,ATP
Z074,Z074,ATP
V220,V220,ATP
R203,R203,ATP
D487,D487,ATP
H571,H571,ATP
T243,T243,ATP
V247,V247,ATP
V151,V151,ATP
S328,S328,ATP
PG32,PG32,ATP
C445,C445,ATP
C585,C585,ATP
F292,F292,ATP
L353,L353,ATP
S072,S072,ATP
V055,V055,ATP
F299,F299,ATP
SK67,SK67,ATP
S552,S552,ATP
S799,S799,ATP
R200,R200,ATP
K349,K349,ATP
MA38,MA38,ATP
P605,P605,ATP
Z037,Z037,ATP
M555,M555,ATP
B323,B323,ATP
N110,N110,ATP
SN77,SN77,ATP
K718,K718,ATP
M584,M584,ATP
V137,V137,ATP
T178,T178,ATP
M800,M800,ATP
Z084,Z084,ATP
S329,S329,ATP
C455,C455,ATP
L391,L391,ATP
L801,L801,ATP
P327,P327,ATP
T161,T161,ATP
J125,J125,ATP
K234,K234,ATP
BO94,BO94,ATP
B046,B046,ATP
B0JT,B0JT,ATP
C036,C036,ATP
D531,D531,ATP
F184,F184,ATP
GH61,GH61,ATP
G040,G040,ATP
H288,H288,ATP
H059,H059,ATP
H066,H066,ATP
H097,H097,ATP
K049,K049,ATP
K099,K099,ATP
K040,K040,ATP
L001,L001,ATP
MP68,MP68,ATP
N010,N010,ATP
P100,P100,ATP
P167,P167,ATP
P097,P097,ATP
RF63,RF63,ATP
SR62,SR62,ATP
S198,S198,ATP
S056,S056,ATP
S058,S058,ATP
SR64,SR64,ATP
S0PR,S0PR,ATP
S192,S192,ATP
T740,T740,ATP
V875,V875,ATP
Z023,Z023,ATP
Z131,Z131,ATP
KG09,KG09,ATP
MS44,MS44,ATP
MQ40,MQ40,ATP
N817,N817,ATP
PI41,PI41,ATP
P277,P277,ATP
SS85,SS85,ATP
S605,S605,ATP
N853,N853,ATP
S866,S866,ATP
KF73,KF73,ATP
MS85,MS85,ATP
Z434,Z434,ATP
RE82,RE82,ATP
HD16,HD16,ATP
V918,V918,ATP
V919,V919,ATP
MR30,MR30,ATP
MQ83,MQ83,ATP
CJ39,CJ39,ATP
ST82,ST82,ATP
CJ78,CJ78,ATP
KF96,KF96,ATP
CI91,CI91,ATP
J588,J588,ATP
MR26,MR26,ATP
C328,C328,ATP
P491,P491,ATP
F206,F206,ATP
L327,L327,ATP
B019,B019,ATP
B697,B697,ATP
C299,C299,ATP
C0OQ,C0OQ,ATP
C034,C034,ATP
C226,C226,ATP
E039,E039,ATP
HC29,HC29,ATP
HC64,HC64,ATP
K846,K846,ATP
L118,L118,ATP
L0FJ,L0FJ,ATP
M090,M090,ATP
N0BB,N0BB,ATP
N415,N415,ATP
PJ19,PJ19,ATP
PB29,PB29,ATP
R0K5,R0K5,ATP
T010,T010,ATP
U016,U016,ATP
U011,U011,ATP
W569,W569,ATP
HC90,HC90,ATP
L273,L273,ATP
N390,N390,ATP
PI81,PI81,ATP
TE67,TE67,ATP
BO82,BO82,ATP
ST85,ST85,ATP
RF34,RF34,ATP
N088,N088,ATP
E224,E224,ATP
H896,H896,ATP
BA41,BA41,ATP
CN73,CN73,ATP
D230,D230,ATP
D872,D872,ATP
E251,E251,ATP
F640,F640,ATP
G166,G166,ATP
GC22,GC22,ATP
O634,O634,ATP
R765,R765,ATP
V182,V182,ATP
V427,V427,ATP
MQ49,MQ49,ATP
L290,L290,ATP
G023,G023,ATP
M506,M506,ATP
L430,L430,ATP
C329,C329,ATP
GA36,GA36,ATP
E661,E661,ATP
Q941,Q941,ATP
V034,V034,ATP
A157,A157,ATP
A0EJ,A0EJ,ATP
A365,A365,ATP
B759,B759,ATP
C775,C775,ATP
C301,C301,ATP
D546,D546,ATP
D753,D753,ATP
E701,E701,ATP
G793,G793,ATP
G164,G164,ATP
G153,G153,ATP
H928,H928,ATP
L199,L199,ATP
N768,N768,ATP
N028,N028,ATP
O068,O068,ATP
S246,S246,ATP
SD27,SD27,ATP
V628,V628,ATP
Y007,Y007,ATP
Z027,Z027,ATP
Z195,Z195,ATP
LE59,LE59,ATP
E146,E146,ATP
B115,B115,ATP
E051,E051,ATP
E158,E158,ATP
E012,E012,ATP
E011,E011,ATP
E109,E109,ATP
E038,E038,ATP
E0AS,E0AS,ATP
G284,G284,ATP
H201,H201,ATP
H0G5,H0G5,ATP
H680,H680,ATP
HD67,HD67,ATP
MP53,MP53,ATP
M744,M744,ATP
M355,M355,ATP
M917,M917,ATP
MP05,MP05,ATP
N009,N009,ATP
N065,N065,ATP
N814,N814,ATP
SG01,SG01,ATP
TD88,TD88,ATP
TC00,TC00,ATP
W273,W273,ATP
Z076,Z076,ATP
Z009,Z009,ATP
BP86,BP86,ATP
DE68,DE68,ATP
I365,I365,ATP
MQ90,MQ90,ATP
RF40,RF40,ATP
SV01,SV01,ATP
W836,W836,ATP
ST36,ST36,ATP
Z431,Z431,ATP
GH52,GH52,ATP
N802,N802,ATP
Z410,Z410,ATP
CI81,CI81,ATP
E132,E132,ATP
M481,M481,ATP
A853,A853,ATP
AB55,AB55,ATP
A620,A620,ATP
BT51,BT51,ATP
D0FO,D0FO,ATP
FB99,FB99,ATP
F0JG,F0JG,ATP
GF54,GF54,ATP
ML29,ML29,ATP
Q975,Q975,ATP
RA18,RA18,ATP
SJ31,SJ31,ATP
W573,W573,ATP
Z254,Z254,ATP
B575,B575,ATP
I207,I207,ATP
I067,I067,ATP
KE58,KE58,ATP
K447,K447,ATP
LE06,LE06,ATP
PB33,PB33,ATP
V213,V213,ATP
N289,N289,ATP
P004,P004,ATP
K297,K297,ATP
L292,L292,ATP
R193,R193,ATP
N256,N256,ATP
R006,R006,ATP
A0HD,A0HD,ATP
B276,B276,ATP
D478,D478,ATP
H0J2,H0J2,ATP
H808,H808,ATP
J0E0,J0E0,ATP
K426,K426,ATP
KA80,KA80,ATP
KB56,KB56,ATP
M0LZ,M0LZ,ATP
N313,N313,ATP
N754,N754,ATP
O148,O148,ATP
P003,P003,ATP
PA15,PA15,ATP
S306,S306,ATP
SI74,SI74,ATP
SA31,SA31,ATP
T022,T022,ATP
T207,T207,ATP
H221,H221,ATP
L312,L312,ATP
N449,N449,ATP
O041,O041,ATP
PF69,PF69,ATP
T045,T045,ATP
V030,V030,ATP
FA14,FA14,ATP
GH70,GH70,ATP
ST45,ST45,ATP
N787,N787,ATP
KD81,KD81,ATP
L388,L388,ATP
MN25,MN25,ATP
RH25,RH25,ATP
SE17,SE17,ATP
S0B0,S0B0,ATP
SX95,SX95,ATP
SX94,SX94,ATP
S0B6,S0B6,ATP
T0BY,T0BY,ATP
W395,W395,ATP
LE71,LE71,ATP
B642,B642,ATP
E752,E752,ATP
F0IK,F0IK,ATP
G0C0,G0C0,ATP
M0FV,M0FV,ATP
O493,O493,ATP
T192,T192,ATP
HA95,HA95,ATP
E645,E645,ATP
M0L0,M0L0,ATP
M0UA,M0UA,ATP
M0J3,M0J3,ATP
O466,O466,ATP
SC49,SC49,ATP
BO28,BO28,ATP
MQ54,MQ54,ATP
SS81,SS81,ATP
MQ19,MQ19,ATP
GH39,GH39,ATP
M0AA,M0AA,ATP
BC28,BC28,ATP
PB08,PB08,ATP
S434,S434,ATP
P386,P386,ATP
TC12,TC12,ATP
A241,A241,ATP
BP19,BP19,ATP
F141,F141,ATP
G469,G469,ATP
HA37,HA37,ATP
HG14,HG14,ATP
I411,I411,ATP
KB34,KB34,ATP
L751,L751,ATP
AE61,AE61,ATP
HD57,HD57,ATP
J628,J628,ATP
KF95,KF95,ATP
W909,W909,ATP
I369,I369,ATP
TE90,TE90,ATP
PJ54,PJ54,ATP
LF86,LF86,ATP
J643,J643,ATP
U169,U169,ATP
LG55,LG55,ATP
T786,T786,ATP
CA12,CA12,ATP
SD32,SD32,ATP
P226,P226,ATP
B747,B747,ATP
C487,C487,ATP
G379,G379,ATP
M873,M873,ATP
L428,L428,ATP
M850,M850,ATP
S424,S424,ATP
F035,F035,ATP
E140,E140,ATP
R186,R186,ATP
B053,B053,ATP
G319,G319,ATP
D272,D272,ATP
B599,B599,ATP
S681,S681,ATP
G436,G436,ATP
S963,S963,ATP
C400,C400,ATP
R613,R613,ATP
D015,D015,ATP
L014,L014,ATP
G108,G108,ATP
R280,R280,ATP
S454,S454,ATP
F031,F031,ATP
R612,R612,ATP
D357,D357,ATP
P488,P488,ATP
H284,H284,ATP
RA17,RA17,ATP
T228,T228,ATP
A356,A356,ATP
D469,D469,ATP
O411,O411,ATP
C028,C028,ATP
M640,M640,ATP
S523,S523,ATP
G231,G231,ATP
D351,D351,ATP
O264,O264,ATP
ME31,ME31,ATP
C476,C476,ATP
H435,H435,ATP
N022,N022,ATP
F200,F200,ATP
B037,B037,ATP
P487,P487,ATP
B403,B403,ATP
SD78,SD78,ATP
P389,P389,ATP
P213,P213,ATP
B562,B562,ATP
V206,V206,ATP
J338,J338,ATP
C314,C314,ATP
F344,F344,ATP
T999,T999,ATP
R852,R852,ATP
MB84,MB84,ATP
G753,G753,ATP
W026,W026,ATP
D729,D729,ATP
C463,C463,ATP
P176,P176,ATP
B439,B439,ATP
SJ22,SJ22,ATP
J164,J164,ATP
ME04,ME04,ATP
L314,L314,ATP
K306,K306,ATP
S387,S387,ATP
MJ89,MJ89,ATP
R588,R588,ATP
G239,G239,ATP
S360,S360,ATP
W394,W394,ATP
V147,V147,ATP
H335,H335,ATP
HB35,HB35,ATP
M601,M601,ATP
M482,M482,ATP
BC36,BC36,ATP
M902,M902,ATP
MI11,MI11,ATP
R851,R851,ATP
H351,H351,ATP
T032,T032,ATP
G695,G695,ATP
B342,B342,ATP
D370,D370,ATP
M467,M467,ATP
A213,A213,ATP
FC26,FC26,ATP
G301,G301,ATP
V790,V790,ATP
K240,K240,ATP
B334,B334,ATP
C488,C488,ATP
H261,H261,ATP
A270,A270,ATP
B119,B119,ATP
B304,B304,ATP
B122,B122,ATP
B819,B819,ATP
B030,B030,ATP
BM12,BM12,ATP
B816,B816,ATP
B261,B261,ATP
B128,B128,ATP
B095,B095,ATP
B229,B229,ATP
B0JU,B0JU,ATP
B207,B207,ATP
B693,B693,ATP
B822,B822,ATP
B821,B821,ATP
B213,B213,ATP
C073,C073,ATP
C082,C082,ATP
CK56,CK56,ATP
C083,C083,ATP
C264,C264,ATP
C709,C709,ATP
C120,C120,ATP
C0IB,C0IB,ATP
C0IC,C0IC,ATP
C170,C170,ATP
C193,C193,ATP
C175,C175,ATP
C049,C049,ATP
D001,D001,ATP
D131,D131,ATP
D147,D147,ATP
D063,D063,ATP
D163,D163,ATP
D088,D088,ATP
D472,D472,ATP
D080,D080,ATP
DD92,DD92,ATP
D208,D208,ATP
D129,D129,ATP
E023,E023,ATP
FB02,FB02,ATP
F114,F114,ATP
F042,F042,ATP
F045,F045,ATP
G064,G064,ATP
G009,G009,ATP
G220,G220,ATP
GD02,GD02,ATP
G031,G031,ATP
G199,G199,ATP
H101,H101,ATP
H041,H041,ATP
H131,H131,ATP
H015,H015,ATP
H537,H537,ATP
J031,J031,ATP
J071,J071,ATP
J066,J066,ATP
K029,K029,ATP
L123,L123,ATP
L020,L020,ATP
L541,L541,ATP
L139,L139,ATP
L0F1,L0F1,ATP
M242,M242,ATP
M163,M163,ATP
M0L8,M0L8,ATP
M280,M280,ATP
M257,M257,ATP
M279,M279,ATP
M0L6,M0L6,ATP
M119,M119,ATP
N042,N042,ATP
N045,N045,ATP
O070,O070,ATP
P313,P313,ATP
P027,P027,ATP
P029,P029,ATP
P151,P151,ATP
P185,P185,ATP
P042,P042,ATP
P043,P043,ATP
CJ22,CJ22,ATP
H069,H069,ATP
P085,P085,ATP
R037,R037,ATP
R141,R141,ATP
T099,T099,ATP
V007,V007,ATP
V962,V962,ATP
BO25,BO25,ATP
BN92,BN92,ATP
CK45,CK45,ATP
CJ04,CJ04,ATP
DF01,DF01,ATP
DG04,DG04,ATP
GG77,GG77,ATP
GH71,GH71,ATP
J590,J590,ATP
LF08,LF08,ATP
LG11,LG11,ATP
LG19,LG19,ATP
LG12,LG12,ATP
LE90,LE90,ATP
LE62,LE62,ATP
MR32,MR32,ATP
MS88,MS88,ATP
MS80,MS80,ATP
PJ69,PJ69,ATP
P578,P578,ATP
PJ88,PJ88,ATP
Q969,Q969,ATP
RF47,RF47,ATP
TD71,TD71,ATP
TE02,TE02,ATP
TD99,TD99,ATP
V997,V997,ATP
Z426,Z426,ATP
AD95,AD95,ATP
BQ40,BQ40,ATP
BO92,BO92,ATP
BO95,BO95,ATP
BO35,BO35,ATP
BQ53,BQ53,ATP
CK55,CK55,ATP
DD17,DD17,ATP
DD49,DD49,ATP
DD32,DD32,ATP
DF21,DF21,ATP
GH31,GH31,ATP
GG88,GG88,ATP
GG74,GG74,ATP
J619,J619,ATP
N794,N794,ATP
PJ63,PJ63,ATP
PJ68,PJ68,ATP
ST74,ST74,ATP
AD97,AD97,ATP
BQ24,BQ24,ATP
GG76,GG76,ATP
GG78,GG78,ATP
J613,J613,ATP
ST75,ST75,ATP
AE01,AE01,ATP
BO74,BO74,ATP
B826,B826,ATP
HE61,HE61,ATP
LG32,LG32,ATP
TD69,TD69,ATP
DD48,DD48,ATP
GI14,GI14,ATP
PI75,PI75,ATP
DE63,DE63,ATP
K074,K074,ATP
O0CG,O0CG,ATP
R002,R002,ATP
R061,R061,ATP
T048,T048,ATP
T077,T077,ATP
S330,S330,ATP
V114,V114,ATP
S049,S049,ATP
L439,L439,ATP
G200,G200,ATP
MN23,MN23,ATP
CC23,CC23,ATP
C879,C879,ATP
D0B5,D0B5,ATP
I189,I189,ATP
J549,J549,ATP
K878,K878,ATP
K742,K742,ATP
M271,M271,ATP
MV76,MV76,ATP
O373,O373,ATP
S0CN,S0CN,ATP
TA65,TA65,ATP
TB28,TB28,ATP
U055,U055,ATP
H355,H355,ATP
K435,K435,ATP
B028,B028,ATP
K316,K316,ATP
G252,G252,ATP
S351,S351,ATP
B896,B896,ATP
P273,P273,ATP
S636,S636,ATP
MB02,MB02,ATP
Z168,Z168,ATP
K190,K190,ATP
P624,P624,ATP
BC72,BC72,ATP
B678,B678,ATP
G967,G967,ATP
D249,D249,ATP
B305,B305,ATP
Z045,Z045,ATP
R284,R284,ATP
K030,K030,ATP
W300,W300,ATP
B484,B484,ATP
K260,K260,ATP
P436,P436,ATP
M093,M093,ATP
R273,R273,ATP
S080,S080,ATP
BC65,BC65,ATP
S367,S367,ATP
B293,B293,ATP
P395,P395,ATP
BA86,BA86,ATP
B545,B545,ATP
G511,G511,ATP
G297,G297,ATP
K257,K257,ATP
G512,G512,ATP
S288,S288,ATP
K839,K839,ATP
T135,T135,ATP
H366,H366,ATP
A183,A183,ATP
V175,V175,ATP
R285,R285,ATP
R782,R782,ATP
P353,P353,ATP
R023,R023,ATP
N117,N117,ATP
D207,D207,ATP
E155,E155,ATP
M836,M836,ATP
C439,C439,ATP
K202,K202,ATP
M085,M085,ATP
MH16,MH16,ATP
J008,J008,ATP
PC68,PC68,ATP
G063,G063,ATP
S944,S944,ATP
S990,S990,ATP
A391,A391,ATP
G250,G250,ATP
C611,C611,ATP
MJ71,MJ71,ATP
W144,W144,ATP
F236,F236,ATP
KB92,KB92,ATP
K436,K436,ATP
P735,P735,ATP
R758,R758,ATP
B607,B607,ATP
K624,K624,ATP
H285,H285,ATP
S713,S713,ATP
T911,T911,ATP
H232,H232,ATP
M747,M747,ATP
D385,D385,ATP
T836,T836,ATP
KB43,KB43,ATP
B663,B663,ATP
R194,R194,ATP
V098,V098,ATP
E223,E223,ATP
F323,F323,ATP
LB51,LB51,ATP
N113,N113,ATP
K183,K183,ATP
W201,W201,ATP
F312,F312,ATP
M674,M674,ATP
P620,P620,ATP
G257,G257,ATP
L908,L908,ATP
U045,U045,ATP
V036,V036,ATP
Z039,Z039,ATP
K668,K668,ATP
K696,K696,ATP
M701,M701,ATP
K243,K243,ATP
T124,T124,ATP
B330,B330,ATP
B029,B029,ATP
B031,B031,ATP
B038,B038,ATP
B042,B042,ATP
B287,B287,ATP
B225,B225,ATP
B237,B237,ATP
B0K0,B0K0,ATP
B0KV,B0KV,ATP
B0KM,B0KM,ATP
D0FU,D0FU,ATP
D0GP,D0GP,ATP
D178,D178,ATP
D0GS,D0GS,ATP
E003,E003,ATP
E896,E896,ATP
E037,E037,ATP
E013,E013,ATP
E215,E215,ATP
E053,E053,ATP
E063,E063,ATP
F132,F132,ATP
F068,F068,ATP
F451,F451,ATP
F779,F779,ATP
F0EL,F0EL,ATP
F0EJ,F0EJ,ATP
F044,F044,ATP
F115,F115,ATP
G0HJ,G0HJ,ATP
G0HI,G0HI,ATP
G071,G071,ATP
G007,G007,ATP
G0GL,G0GL,ATP
G637,G637,ATP
G010,G010,ATP
G088,G088,ATP
G532,G532,ATP
G271,G271,ATP
H242,H242,ATP
H0G1,H0G1,ATP
H167,H167,ATP
H017,H017,ATP
H082,H082,ATP
H022,H022,ATP
H0F4,H0F4,ATP
I0AC,I0AC,ATP
J0BM,J0BM,ATP
J011,J011,ATP
J0C3,J0C3,ATP
KH53,KH53,ATP
K0GZ,K0GZ,ATP
K406,K406,ATP
K008,K008,ATP
K0H0,K0H0,ATP
K048,K048,ATP
K0GK,K0GK,ATP
K090,K090,ATP
K098,K098,ATP
K495,K495,ATP
K622,K622,ATP
K139,K139,ATP
K138,K138,ATP
KH54,KH54,ATP
K146,K146,ATP
L520,L520,ATP
L0EN,L0EN,ATP
L0F8,L0F8,ATP
L151,L151,ATP
L741,L741,ATP
L189,L189,ATP
LD95,LD95,ATP
L0E1,L0E1,ATP
L0FF,L0FF,ATP
M137,M137,ATP
M022,M022,ATP
FA80,FA80,ATP
M0JB,M0JB,ATP
M036,M036,ATP
M055,M055,ATP
M057,M057,ATP
M089,M089,ATP
M0LT,M0LT,ATP
N074,N074,ATP
N473,N473,ATP
N377,N377,ATP
O0BS,O0BS,ATP
O026,O026,ATP
P556,P556,ATP
P228,P228,ATP
P034,P034,ATP
P081,P081,ATP
P082,P082,ATP
P041,P041,ATP
P0H5,P0H5,ATP
P121,P121,ATP
Q02H,Q02H,ATP
R110,R110,ATP
R0FI,R0FI,ATP
R0GC,R0GC,ATP
PJ28,PJ28,ATP
R180,R180,ATP
S028,S028,ATP
T017,T017,ATP
W014,W014,ATP
Z440,Z440,ATP
Z012,Z012,ATP
DE72,DE72,ATP
HE25,HE25,ATP
HE52,HE52,ATP
H437,H437,ATP
K840,K840,ATP
MS31,MS31,ATP
N251,N251,ATP
PI45,PI45,ATP
SW77,SW77,ATP
SS24,SS24,ATP
U177,U177,ATP
W761,W761,ATP
BR69,BR69,ATP
DE54,DE54,ATP
F986,F986,ATP
KG59,KG59,ATP
MS56,MS56,ATP
HC95,HC95,ATP
HC74,HC74,ATP
BO59,BO59,ATP
FA85,FA85,ATP
V990,V990,ATP
KG76,KG76,ATP
N850,N850,ATP
W887,W887,ATP
GG58,GG58,ATP
LF72,LF72,ATP
SS49,SS49,ATP
SS64,SS64,ATP
KG78,KG78,ATP
RF54,RF54,ATP
PI72,PI72,ATP
KG08,KG08,ATP
HD86,HD86,ATP
V911,V911,ATP
M094,M094,ATP
N001,N001,ATP
R589,R589,ATP
R027,R027,ATP
S024,S024,ATP
S131,S131,ATP
T827,T827,ATP
W126,W126,ATP
W013,W013,ATP
Z005,Z005,ATP
S215,S215,ATP
S518,S518,ATP
A585,A585,ATP
A592,A592,ATP
D323,D323,ATP
D350,D350,ATP
E261,E261,ATP
MC69,MC69,ATP
O114,O114,ATP
O125,O125,ATP
R237,R237,ATP
MC10,MC10,ATP
H336,H336,ATP
W503,W503,ATP
B021,B021,ATP
P222,P222,ATP
W150,W150,ATP
L333,L333,ATP
P398,P398,ATP
B929,B929,ATP
D289,D289,ATP
C387,C387,ATP
B977,B977,ATP
R266,R266,ATP
G744,G744,ATP
F222,F222,ATP
S404,S404,ATP
M480,M480,ATP
B322,B322,ATP
K964,K964,ATP
BA53,BA53,ATP
M983,M983,ATP
C627,C627,ATP
M549,M549,ATP
M607,M607,ATP
C246,C246,ATP
E673,E673,ATP
A373,A373,ATP
GC38,GC38,ATP
B113,B113,ATP
M820,M820,ATP
W521,W521,ATP
CB14,CB14,ATP
I200,I200,ATP
F436,F436,ATP
G267,G267,ATP
W579,W579,ATP
H448,H448,ATP
F309,F309,ATP
B347,B347,ATP
S631,S631,ATP
S818,S818,ATP
SE83,SE83,ATP
F454,F454,ATP
H253,H253,ATP
H635,H635,ATP
SI57,SI57,ATP
W220,W220,ATP
B075,B075,ATP
CA71,CA71,ATP
C251,C251,ATP
A054,A054,ATP
A015,A015,ATP
AD52,AD52,ATP
AD08,AD08,ATP
AD45,AD45,ATP
B0R5,B0R5,ATP
B005,B005,ATP
B0R8,B0R8,ATP
BM87,BM87,ATP
B226,B226,ATP
B124,B124,ATP
BH11,BH11,ATP
B251,B251,ATP
B230,B230,ATP
BM88,BM88,ATP
B0R9,B0R9,ATP
B0R4,B0R4,ATP
B0L5,B0L5,ATP
B204,B204,ATP
B170,B170,ATP
B231,B231,ATP
BC10,BC10,ATP
B270,B270,ATP
B244,B244,ATP
B099,B099,ATP
B0L8,B0L8,ATP
B0LD,B0LD,ATP
B073,B073,ATP
B0LA,B0LA,ATP
BO51,BO51,ATP
B0R6,B0R6,ATP
BM86,BM86,ATP
B0R7,B0R7,ATP
CM10,CM10,ATP
C0JK,C0JK,ATP
C0IV,C0IV,ATP
C0JJ,C0JJ,ATP
C0O2,C0O2,ATP
C0O7,C0O7,ATP
C0JE,C0JE,ATP
C169,C169,ATP
C0JF,C0JF,ATP
C326,C326,ATP
C107,C107,ATP
C680,C680,ATP
CI05,CI05,ATP
CI06,CI06,ATP
C0O1,C0O1,ATP
C090,C090,ATP
CI04,CI04,ATP
C681,C681,ATP
C172,C172,ATP
D0H0,D0H0,ATP
DC90,DC90,ATP
DC88,DC88,ATP
D133,D133,ATP
DC89,DC89,ATP
D103,D103,ATP
D136,D136,ATP
D0H1,D0H1,ATP
D057,D057,ATP
D070,D070,ATP
D037,D037,ATP
D202,D202,ATP
D042,D042,ATP
D0GY,D0GY,ATP
E0C2,E0C2,ATP
E0C1,E0C1,ATP
E890,E890,ATP
E889,E889,ATP
E0DF,E0DF,ATP
E0C3,E0C3,ATP
F067,F067,ATP
F008,F008,ATP
F012,F012,ATP
F936,F936,ATP
F954,F954,ATP
F0D7,F0D7,ATP
F0ET,F0ET,ATP
F0GY,F0GY,ATP
F731,F731,ATP
F0EQ,F0EQ,ATP
F953,F953,ATP
F049,F049,ATP
G804,G804,ATP
G122,G122,ATP
G0HP,G0HP,ATP
G0HO,G0HO,ATP
G026,G026,ATP
GF91,GF91,ATP
GF90,GF90,ATP
GF89,GF89,ATP
HC27,HC27,ATP
H0FZ,H0FZ,ATP
HC13,HC13,ATP
H0G2,H0G2,ATP
H0FW,H0FW,ATP
H0IH,H0IH,ATP
HG16,HG16,ATP
H173,H173,ATP
HC12,HC12,ATP
H718,H718,ATP
H0G0,H0G0,ATP
H0G3,H0G3,ATP
HC28,HC28,ATP
H128,H128,ATP
I016,I016,ATP
J0CH,J0CH,ATP
J030,J030,ATP
J585,J585,ATP
J583,J583,ATP
J0CI,J0CI,ATP
J572,J572,ATP
J582,J582,ATP
J584,J584,ATP
K0KQ,K0KQ,ATP
K0KR,K0KR,ATP
K188,K188,ATP
LE22,LE22,ATP
L0FR,L0FR,ATP
LH09,LH09,ATP
LE23,LE23,ATP
L0FO,L0FO,ATP
LD99,LD99,ATP
LE24,LE24,ATP
L0DX,L0DX,ATP
L0E4,L0E4,ATP
L0FP,L0FP,ATP
BO24,BO24,ATP
CK10,CK10,ATP
LF16,LF16,ATP
L025,L025,ATP
L083,L083,ATP
L036,L036,ATP
ME73,ME73,ATP
M268,M268,ATP
M325,M325,ATP
M154,M154,ATP
P142,P142,ATP
PA87,PA87,ATP
PD90,PD90,ATP
R031,R031,ATP
S239,S239,ATP
S042,S042,ATP
S0QH,S0QH,ATP
S796,S796,ATP
S059,S059,ATP
S147,S147,ATP
T050,T050,ATP
W090,W090,ATP
W345,W345,ATP
W010,W010,ATP
W091,W091,ATP
W015,W015,ATP
W017,W017,ATP
W438,W438,ATP
W622,W622,ATP
W087,W087,ATP
W086,W086,ATP
BO60,BO60,ATP
CI31,CI31,ATP
CJ91,CJ91,ATP
DE38,DE38,ATP
FA59,FA59,ATP
GH34,GH34,ATP
GG59,GG59,ATP
HC66,HC66,ATP
HE29,HE29,ATP
LF73,LF73,ATP
MQ66,MQ66,ATP
RE50,RE50,ATP
ST17,ST17,ATP
W839,W839,ATP
W869,W869,ATP
BP06,BP06,ATP
BQ51,BQ51,ATP
DD91,DD91,ATP
DD64,DD64,ATP
F993,F993,ATP
HE05,HE05,ATP
LF57,LF57,ATP
SU50,SU50,ATP
TE53,TE53,ATP
AD81,AD81,ATP
AD98,AD98,ATP
BO53,BO53,ATP
W788,W788,ATP
HC37,HC37,ATP
HD15,HD15,ATP
KG63,KG63,ATP
MR94,MR94,ATP
O539,O539,ATP
RE62,RE62,ATP
BO52,BO52,ATP
HA18,HA18,ATP
O556,O556,ATP
SU37,SU37,ATP
TE41,TE41,ATP
CJ32,CJ32,ATP
PA78,PA78,ATP
M270,M270,ATP
GH47,GH47,ATP
HD35,HD35,ATP
W829,W829,ATP
LF06,LF06,ATP
MQ59,MQ59,ATP
AE29,AE29,ATP
HD47,HD47,ATP
K106,K106,ATP
PI74,PI74,ATP
L0IS,L0IS,ATP
L760,L760,ATP
L114,L114,ATP
L0FQ,L0FQ,ATP
L759,L759,ATP
M0MO,M0MO,ATP
MD30,MD30,ATP
MD41,MD41,ATP
M0J5,M0J5,ATP
MC81,MC81,ATP
N448,N448,ATP
P686,P686,ATP
PI10,PI10,ATP
R135,R135,ATP
S032,S032,ATP
S285,S285,ATP
N359,N359,ATP
E160,E160,ATP
PM13,PM13,ATP
K001,K001,ATP
P350,P350,ATP
B025,B025,ATP
M854,M854,ATP
E007,E007,ATP
F219,F219,ATP
R365,R365,ATP
A351,A351,ATP
AD14,AD14,ATP
A584,A584,ATP
A437,A437,ATP
B166,B166,ATP
G558,G558,ATP
G918,G918,ATP
J206,J206,ATP
K045,K045,ATP
KB13,KB13,ATP
K350,K350,ATP
K046,K046,ATP
MI83,MI83,ATP
S0F7,S0F7,ATP
V164,V164,ATP
V019,V019,ATP
E948,E948,ATP
M609,M609,ATP
Z433,Z433,ATP
BQ42,BQ42,ATP
SU63,SU63,ATP
N839,N839,ATP
Z432,Z432,ATP
LB85,LB85,ATP
HC69,HC69,ATP
GG23,GG23,ATP
B872,B872,ATP
BE60,BE60,ATP
C428,C428,ATP
C429,C429,ATP
D868,D868,ATP
D0FH,D0FH,ATP
G633,G633,ATP
GD01,GD01,ATP
L339,L339,ATP
LI14,LI14,ATP
MC63,MC63,ATP
P673,P673,ATP
P672,P672,ATP
PB70,PB70,ATP
RB15,RB15,ATP
RC95,RC95,ATP
S566,S566,ATP
SI04,SI04,ATP
U127,U127,ATP
V369,V369,ATP
V713,V713,ATP
MQ33,MQ33,ATP
A006,A006,ATP
M451,M451,ATP
A621,A621,ATP
BK25,BK25,ATP
J240,J240,ATP
L162,L162,ATP
L542,L542,ATP
BN77,BN77,ATP
W003,W003,ATP
W270,W270,ATP
H387,H387,ATP
B739,B739,ATP
B965,B965,ATP
BU24,BU24,ATP
C0Q0,C0Q0,ATP
CA48,CA48,ATP
C0R5,C0R5,ATP
CA47,CA47,ATP
G241,G241,ATP
H714,H714,ATP
H0EA,H0EA,ATP
H647,H647,ATP
H646,H646,ATP
H0J7,H0J7,ATP
K0D9,K0D9,ATP
K058,K058,ATP
K365,K365,ATP
K597,K597,ATP
KA18,KA18,ATP
L650,L650,ATP
L826,L826,ATP
LH78,LH78,ATP
L756,L756,ATP
L755,L755,ATP
LD90,LD90,ATP
F0D8,F0D8,ATP
L589,L589,ATP
M0TZ,M0TZ,ATP
N0AJ,N0AJ,ATP
PH32,PH32,ATP
P340,P340,ATP
R0JY,R0JY,ATP
S755,S755,ATP
SG24,SG24,ATP
SP27,SP27,ATP
SG08,SG08,ATP
TG50,TG50,ATP
T905,T905,ATP
T849,T849,ATP
W730,W730,ATP
WB15,WB15,ATP
W0F3,W0F3,ATP
Y204,Y204,ATP
Y099,Y099,ATP
T235,T235,ATP
R704,R704,ATP
TD77,TD77,ATP
I363,I363,ATP
S608,S608,ATP
N112,N112,ATP
BD80,BD80,ATP
K154,K154,ATP
N219,N219,ATP
AD74,AD74,ATP
BA01,BA01,ATP
B233,B233,ATP
B649,B649,ATP
B202,B202,ATP
B640,B640,ATP
BJ92,BJ92,ATP
C112,C112,ATP
C227,C227,ATP
F849,F849,ATP
F0HX,F0HX,ATP
G151,G151,ATP
G118,G118,ATP
J171,J171,ATP
K803,K803,ATP
K299,K299,ATP
K072,K072,ATP
K642,K642,ATP
K144,K144,ATP
K031,K031,ATP
L170,L170,ATP
L831,L831,ATP
M194,M194,ATP
M370,M370,ATP
N729,N729,ATP
S977,S977,ATP
S09V,S09V,ATP
S978,S978,ATP
S230,S230,ATP
T007,T007,ATP
T731,T731,ATP
V103,V103,ATP
V278,V278,ATP
Z408,Z408,ATP
HD10,HD10,ATP
LG05,LG05,ATP
PI67,PI67,ATP
PI68,PI68,ATP
SU82,SU82,ATP
TE59,TE59,ATP
Z418,Z418,ATP
DE30,DE30,ATP
E917,E917,ATP
FA29,FA29,ATP
V916,V916,ATP
FA15,FA15,ATP
CJ79,CJ79,ATP
KF58,KF58,ATP
SS97,SS97,ATP
GH18,GH18,ATP
GG75,GG75,ATP
SU38,SU38,ATP
J604,J604,ATP
AD51,AD51,ATP
V923,V923,ATP
D616,D616,ATP
P269,P269,ATP
B757,B757,ATP
A487,A487,ATP
GA94,GA94,ATP
B471,B471,ATP
BF55,BF55,ATP
K024,K024,ATP
KD43,KD43,ATP
ME64,ME64,ATP
F329,F329,ATP
W541,W541,ATP
M699,M699,ATP
SG79,SG79,ATP
K397,K397,ATP
P359,P359,ATP
U044,U044,ATP
N260,N260,ATP
R823,R823,ATP
AD64,AD64,ATP
A165,A165,ATP
A021,A021,ATP
A059,A059,ATP
B107,B107,ATP
N558,N558,ATP
B0LB,B0LB,ATP
D651,D651,ATP
E034,E034,ATP
G065,G065,ATP
G143,G143,ATP
I042,I042,ATP
KH77,KH77,ATP
K103,K103,ATP
K060,K060,ATP
L117,L117,ATP
MH48,MH48,ATP
M058,M058,ATP
MP30,MP30,ATP
M773,M773,ATP
MQ00,MQ00,ATP
MC67,MC67,ATP
M272,M272,ATP
M252,M252,ATP
N229,N229,ATP
N050,N050,ATP
R230,R230,ATP
R084,R084,ATP
SA16,SA16,ATP
SG28,SG28,ATP
SR63,SR63,ATP
S142,S142,ATP
SR58,SR58,ATP
V018,V018,ATP
V502,V502,ATP
AE30,AE30,ATP
A022,A022,ATP
AE83,AE83,ATP
BP91,BP91,ATP
DE71,DE71,ATP
J662,J662,ATP
K281,K281,ATP
KF65,KF65,ATP
MS94,MS94,ATP
MR09,MR09,ATP
N480,N480,ATP
PA97,PA97,ATP
SG33,SG33,ATP
SU69,SU69,ATP
BQ41,BQ41,ATP
BQ55,BQ55,ATP
MR48,MR48,ATP
MS08,MS08,ATP
SU46,SU46,ATP
U163,U163,ATP
V885,V885,ATP
AE05,AE05,ATP
BQ44,BQ44,ATP
HE06,HE06,ATP
MR54,MR54,ATP
PJ51,PJ51,ATP
DF07,DF07,ATP
RF70,RF70,ATP
SW55,SW55,ATP
SU93,SU93,ATP
BP03,BP03,ATP
CJ09,CJ09,ATP
MS38,MS38,ATP
PJ57,PJ57,ATP
ST86,ST86,ATP
RF15,RF15,ATP
ST61,ST61,ATP
MQ96,MQ96,ATP
BO75,BO75,ATP
KG12,KG12,ATP
HE24,HE24,ATP
N800,N800,ATP
SU83,SU83,ATP
FA66,FA66,ATP
FA76,FA76,ATP
J659,J659,ATP
KF51,KF51,ATP
S537,S537,ATP
W153,W153,ATP
R348,R348,ATP
S492,S492,ATP
A717,A717,ATP
AD20,AD20,ATP
D0D7,D0D7,ATP
D342,D342,ATP
F0DH,F0DH,ATP
H215,H215,ATP
H436,H436,ATP
H225,H225,ATP
K0KN,K0KN,ATP
M388,M388,ATP
MD29,MD29,ATP
N712,N712,ATP
R862,R862,ATP
S0OK,S0OK,ATP
SE43,SE43,ATP
SH33,SH33,ATP
SH34,SH34,ATP
SE44,SE44,ATP
SB29,SB29,ATP
SR59,SR59,ATP
S302,S302,ATP
S287,S287,ATP
SK03,SK03,ATP
SE45,SE45,ATP
A650,A650,ATP
SE42,SE42,ATP
T128,T128,ATP
T852,T852,ATP
T860,T860,ATP
T0EN,T0EN,ATP
W475,W475,ATP
W0E5,W0E5,ATP
W137,W137,ATP
W269,W269,ATP
W084,W084,ATP
W113,W113,ATP
W443,W443,ATP
GG38,GG38,ATP
W178,W178,ATP
W729,W729,ATP
TD70,TD70,ATP
SV21,SV21,ATP
B001,B001,ATP
A668,A668,ATP
A0EE,A0EE,ATP
A122,A122,ATP
AD19,AD19,ATP
A145,A145,ATP
B09P,B09P,ATP
D649,D649,ATP
H609,H609,ATP
H920,H920,ATP
K773,K773,ATP
KA77,KA77,ATP
K505,K505,ATP
K747,K747,ATP
MM99,MM99,ATP
M007,M007,ATP
N693,N693,ATP
N355,N355,ATP
N773,N773,ATP
R392,R392,ATP
SR61,SR61,ATP
SB57,SB57,ATP
SD75,SD75,ATP
T292,T292,ATP
ST64,ST64,ATP
MQ60,MQ60,ATP
SD69,SD69,ATP
N349,N349,ATP
MG47,MG47,ATP
BM60,BM60,ATP
B457,B457,ATP
BH22,BH22,ATP
BP29,BP29,ATP
BM89,BM89,ATP
B0RZ,B0RZ,ATP
BM61,BM61,ATP
CO11,CO11,ATP
CH71,CH71,ATP
C289,C289,ATP
C526,C526,ATP
C266,C266,ATP
C637,C637,ATP
CH86,CH86,ATP
DC91,DC91,ATP
D395,D395,ATP
D039,D039,ATP
D242,D242,ATP
D254,D254,ATP
DC80,DC80,ATP
E885,E885,ATP
E0BM,E0BM,ATP
E0BL,E0BL,ATP
F941,F941,ATP
F940,F940,ATP
F939,F939,ATP
GA84,GA84,ATP
GF65,GF65,ATP
GF92,GF92,ATP
H152,H152,ATP
HB97,HB97,ATP
J575,J575,ATP
K765,K765,ATP
K961,K961,ATP
L745,L745,ATP
LE04,LE04,ATP
MP77,MP77,ATP
MD15,MD15,ATP
MP42,MP42,ATP
M0KP,M0KP,ATP
MD14,MD14,ATP
M336,M336,ATP
MP44,MP44,ATP
MK69,MK69,ATP
M793,M793,ATP
MD16,MD16,ATP
N055,N055,ATP
N340,N340,ATP
O210,O210,ATP
O519,O519,ATP
O0BB,O0BB,ATP
O530,O530,ATP
O0BN,O0BN,ATP
PH80,PH80,ATP
PH79,PH79,ATP
PH81,PH81,ATP
R727,R727,ATP
RD92,RD92,ATP
SA38,SA38,ATP
S948,S948,ATP
S067,S067,ATP
SS21,SS21,ATP
T354,T354,ATP
T0EH,T0EH,ATP
W746,W746,ATP
W747,W747,ATP
W0D2,W0D2,ATP
W759,W759,ATP
Y226,Y226,ATP
HD18,HD18,ATP
MR04,MR04,ATP
MR10,MR10,ATP
MR07,MR07,ATP
MS74,MS74,ATP
MS81,MS81,ATP
SW79,SW79,ATP
O623,O623,ATP
CI68,CI68,ATP
CK06,CK06,ATP
DE74,DE74,ATP
MU11,MU11,ATP
ST93,ST93,ATP
HE28,HE28,ATP
MR57,MR57,ATP
O585,O585,ATP
SW80,SW80,ATP
MS71,MS71,ATP
MQ67,MQ67,ATP
E916,E916,ATP
HE83,HE83,ATP
MS83,MS83,ATP
PJ36,PJ36,ATP
MS45,MS45,ATP
SU97,SU97,ATP
HC56,HC56,ATP
J601,J601,ATP
PJ22,PJ22,ATP
GI79,GI79,ATP
KF83,KF83,ATP
CK23,CK23,ATP
LF10,LF10,ATP
MU14,MU14,ATP
M012,M012,ATP
SC56,SC56,ATP
L336,L336,ATP
O133,O133,ATP
B051,B051,ATP
R243,R243,ATP
B440,B440,ATP
R399,R399,ATP
E152,E152,ATP
E135,E135,ATP
H385,H385,ATP
W471,W471,ATP
S496,S496,ATP
W121,W121,ATP
W208,W208,ATP
LD26,LD26,ATP
P018,P018,ATP
K238,K238,ATP
W142,W142,ATP
M573,M573,ATP
A111,A111,ATP
BI21,BI21,ATP
BL60,BL60,ATP
D184,D184,ATP
D574,D574,ATP
F226,F226,ATP
F084,F084,ATP
F469,F469,ATP
G019,G019,ATP
H239,H239,ATP
I353,I353,ATP
K520,K520,ATP
K169,K169,ATP
L0JK,L0JK,ATP
M373,M373,ATP
N005,N005,ATP
FB18,FB18,ATP
PA55,PA55,ATP
P056,P056,ATP
S0IP,S0IP,ATP
S158,S158,ATP
S054,S054,ATP
S333,S333,ATP
V385,V385,ATP
W043,W043,ATP
Y019,Y019,ATP
Z004,Z004,ATP
AD65,AD65,ATP
DD29,DD29,ATP
GG71,GG71,ATP
AD92,AD92,ATP
BO71,BO71,ATP
FA13,FA13,ATP
AD72,AD72,ATP
SA93,SA93,ATP
S480,S480,ATP
G254,G254,ATP
F192,F192,ATP
L503,L503,ATP
S843,S843,ATP
BA98,BA98,ATP
N109,N109,ATP
P235,P235,ATP
C009,C009,ATP
M543,M543,ATP
C012,C012,ATP
V254,V254,ATP
B570,B570,ATP
D330,D330,ATP
V495,V495,ATP
S413,S413,ATP
P037,P037,ATP
P045,P045,ATP
L395,L395,ATP
G372,G372,ATP
N437,N437,ATP
A622,A622,ATP
F586,F586,ATP
S465,S465,ATP
T168,T168,ATP
V139,V139,ATP
G334,G334,ATP
N230,N230,ATP
M510,M510,ATP
B455,B455,ATP
V154,V154,ATP
C723,C723,ATP
D361,D361,ATP
C035,C035,ATP
C270,C270,ATP
Q948,Q948,ATP
DA67,DA67,ATP
BM03,BM03,ATP
G317,G317,ATP
P206,P206,ATP
M511,M511,ATP
M445,M445,ATP
V256,V256,ATP
A303,A303,ATP
T332,T332,ATP
MP83,MP83,ATP
BH80,BH80,ATP
C372,C372,ATP
T261,T261,ATP
A308,A308,ATP
V490,V490,ATP
C013,C013,ATP
V339,V339,ATP
T868,T868,ATP
B390,B390,ATP
C447,C447,ATP
G328,G328,ATP
ME17,ME17,ATP
I097,I097,ATP
M420,M420,ATP
M401,M401,ATP
P173,P173,ATP
M548,M548,ATP
MJ01,MJ01,ATP
P471,P471,ATP
S842,S842,ATP
A181,A181,ATP
A340,A340,ATP
T948,T948,ATP
A013,A013,ATP
A029,A029,ATP
AD46,AD46,ATP
A0HB,A0HB,ATP
A032,A032,ATP
A0HC,A0HC,ATP
B153,B153,ATP
B085,B085,ATP
B007,B007,ATP
B235,B235,ATP
B798,B798,ATP
B018,B018,ATP
B274,B274,ATP
BM90,BM90,ATP
B033,B033,ATP
B0KQ,B0KQ,ATP
B129,B129,ATP
B0KP,B0KP,ATP
B263,B263,ATP
B0NP,B0NP,ATP
B0KR,B0KR,ATP
B0KO,B0KO,ATP
B0KN,B0KN,ATP
B840,B840,ATP
B250,B250,ATP
B0KS,B0KS,ATP
B286,B286,ATP
B383,B383,ATP
B064,B064,ATP
B407,B407,ATP
B0KU,B0KU,ATP
B0KT,B0KT,ATP
C661,C661,ATP
C003,C003,ATP
C0J3,C0J3,ATP
C0J2,C0J2,ATP
C014,C014,ATP
C700,C700,ATP
C240,C240,ATP
C271,C271,ATP
C0J0,C0J0,ATP
C173,C173,ATP
C161,C161,ATP
CI09,CI09,ATP
C0IZ,C0IZ,ATP
CH74,CH74,ATP
CI08,CI08,ATP
CI66,CI66,ATP
C263,C263,ATP
C040,C040,ATP
C043,C043,ATP
C0J4,C0J4,ATP
C167,C167,ATP
C0J1,C0J1,ATP
C123,C123,ATP
D0G6,D0G6,ATP
DC94,DC94,ATP
D0GQ,D0GQ,ATP
D009,D009,ATP
D137,D137,ATP
D132,D132,ATP
D135,D135,ATP
D180,D180,ATP
E020,E020,ATP
F414,F414,ATP
F004,F004,ATP
F0G1,F0G1,ATP
F176,F176,ATP
F0EK,F0EK,ATP
F026,F026,ATP
F103,F103,ATP
G133,G133,ATP
G085,G085,ATP
G187,G187,ATP
G533,G533,ATP
G534,G534,ATP
G082,G082,ATP
L0FI,L0FI,ATP
L0H5,L0H5,ATP
L833,L833,ATP
LE53,LE53,ATP
L134,L134,ATP
L092,L092,ATP
L0FH,L0FH,ATP
L094,L094,ATP
L0FG,L0FG,ATP
M0LX,M0LX,ATP
M101,M101,ATP
M327,M327,ATP
M106,M106,ATP
MP79,MP79,ATP
M374,M374,ATP
M224,M224,ATP
M0PK,M0PK,ATP
M926,M926,ATP
M0LU,M0LU,ATP
MP80,MP80,ATP
M042,M042,ATP
M0LW,M0LW,ATP
M147,M147,ATP
M209,M209,ATP
M927,M927,ATP
M276,M276,ATP
G822,G822,ATP
CK27,CK27,ATP
M155,M155,ATP
N006,N006,ATP
O004,O004,ATP
P059,P059,ATP
P008,P008,ATP
P141,P141,ATP
R026,R026,ATP
SV07,SV07,ATP
T086,T086,ATP
V038,V038,ATP
Z013,Z013,ATP
BO86,BO86,ATP
CJ94,CJ94,ATP
DE97,DE97,ATP
F979,F979,ATP
GH54,GH54,ATP
J599,J599,ATP
MQ37,MQ37,ATP
P561,P561,ATP
TE37,TE37,ATP
BQ59,BQ59,ATP
BQ23,BQ23,ATP
BQ22,BQ22,ATP
CJ03,CJ03,ATP
CK54,CK54,ATP
ST65,ST65,ATP
BQ86,BQ86,ATP
GG40,GG40,ATP
PI73,PI73,ATP
Q965,Q965,ATP
ST77,ST77,ATP
DD88,DD88,ATP
CJ06,CJ06,ATP
DD55,DD55,ATP
DD57,DD57,ATP
GG46,GG46,ATP
DE52,DE52,ATP
T081,T081,ATP
CI80,CI80,ATP
DD81,DD81,ATP
SS58,SS58,ATP
CO06,CO06,ATP
BF98,BF98,ATP
C968,C968,ATP
G091,G091,ATP
M174,M174,ATP
P010,P010,ATP
R033,R033,ATP
P170,P170,ATP
N201,N201,ATP
N228,N228,ATP
B0S4,B0S4,ATP
I218,I218,ATP
K644,K644,ATP
K0LA,K0LA,ATP
L259,L259,ATP
N215,N215,ATP
N522,N522,ATP
S802,S802,ATP
BA65,BA65,ATP
A0KE,A0KE,ATP
BA35,BA35,ATP
B0PB,B0PB,ATP
B0JS,B0JS,ATP
BI15,BI15,ATP
B083,B083,ATP
C963,C963,ATP
CC36,CC36,ATP
D0F3,D0F3,ATP
G0H8,G0H8,ATP
H593,H593,ATP
J239,J239,ATP
J374,J374,ATP
LB23,LB23,ATP
L121,L121,ATP
M490,M490,ATP
M0L5,M0L5,ATP
N0CV,N0CV,ATP
PD35,PD35,ATP
P0GS,P0GS,ATP
P0AO,P0AO,ATP
P0FN,P0FN,ATP
R233,R233,ATP
R134,R134,ATP
R077,R077,ATP
R0DI,R0DI,ATP
R561,R561,ATP
S191,S191,ATP
S0LZ,S0LZ,ATP
S816,S816,ATP
M0J4,M0J4,ATP
T0EQ,T0EQ,ATP
W0C8,W0C8,ATP
W227,W227,ATP
N836,N836,ATP
CK13,CK13,ATP
LF95,LF95,ATP
MQ85,MQ85,ATP
M338,M338,ATP
S550,S550,ATP
SE73,SE73,ATP
SC47,SC47,ATP
M531,M531,ATP
I054,I054,ATP
T112,T112,ATP
T277,T277,ATP
Y011,Y011,ATP
O145,O145,ATP
I063,I063,ATP
M570,M570,ATP
S579,S579,ATP
M815,M815,ATP
K266,K266,ATP
T170,T170,ATP
K457,K457,ATP
M864,M864,ATP
S670,S670,ATP
T171,T171,ATP
I062,I062,ATP
N598,N598,ATP
C371,C371,ATP
M461,M461,ATP
I183,I183,ATP
I198,I198,ATP
B154,B154,ATP
F058,F058,ATP
F048,F048,ATP
F234,F234,ATP
H104,H104,ATP
H023,H023,ATP
H035,H035,ATP
HC09,HC09,ATP
H0FY,H0FY,ATP
I030,I030,ATP
I022,I022,ATP
I029,I029,ATP
K002,K002,ATP
K083,K083,ATP
K443,K443,ATP
K084,K084,ATP
K094,K094,ATP
K0F6,K0F6,ATP
K101,K101,ATP
K0GX,K0GX,ATP
K175,K175,ATP
KF37,KF37,ATP
KF38,KF38,ATP
K110,K110,ATP
K137,K137,ATP
K054,K054,ATP
K032,K032,ATP
M306,M306,ATP
M029,M029,ATP
M0MQ,M0MQ,ATP
M243,M243,ATP
M231,M231,ATP
MB39,MB39,ATP
M312,M312,ATP
M341,M341,ATP
M313,M313,ATP
M305,M305,ATP
M342,M342,ATP
M253,M253,ATP
N069,N069,ATP
N086,N086,ATP
N071,N071,ATP
N004,N004,ATP
N0D4,N0D4,ATP
N003,N003,ATP
N0D3,N0D3,ATP
N037,N037,ATP
N062,N062,ATP
N020,N020,ATP
N075,N075,ATP
O083,O083,ATP
O007,O007,ATP
S103,S103,ATP
SR60,SR60,ATP
S006,S006,ATP
S501,S501,ATP
SR65,SR65,ATP
S194,S194,ATP
S223,S223,ATP
S044,S044,ATP
S308,S308,ATP
S0OW,S0OW,ATP
S046,S046,ATP
S047,S047,ATP
S095,S095,ATP
S0QX,S0QX,ATP
T001,T001,ATP
T003,T003,ATP
T113,T113,ATP
T005,T005,ATP
T062,T062,ATP
T147,T147,ATP
T009,T009,ATP
T090,T090,ATP
T075,T075,ATP
T0BB,T0BB,ATP
T079,T079,ATP
U001,U001,ATP
U002,U002,ATP
U017,U017,ATP
U159,U159,ATP
U003,U003,ATP
U004,U004,ATP
W042,W042,ATP
W089,W089,ATP
W088,W088,ATP
Y030,Y030,ATP
Y015,Y015,ATP
Y221,Y221,ATP
Y001,Y001,ATP
Y0B1,Y0B1,ATP
FA11,FA11,ATP
F139,F139,ATP
KF87,KF87,ATP
KF89,KF89,ATP
KF91,KF91,ATP
SD04,SD04,ATP
T885,T885,ATP
TC85,TC85,ATP
T107,T107,ATP
U153,U153,ATP
Y243,Y243,ATP
FA62,FA62,ATP
MB38,MB38,ATP
TE80,TE80,ATP
T111,T111,ATP
O594,O594,ATP
F957,F957,ATP
KG56,KG56,ATP
TE75,TE75,ATP
FB04,FB04,ATP
KG70,KG70,ATP
MQ62,MQ62,ATP
KH03,KH03,ATP
N847,N847,ATP
SU99,SU99,ATP
KG07,KG07,ATP
I368,I368,ATP
AE53,AE53,ATP
KH04,KH04,ATP
AE45,AE45,ATP
KF72,KF72,ATP
N816,N816,ATP
O578,O578,ATP
Y246,Y246,ATP
HD42,HD42,ATP
N811,N811,ATP
MR33,MR33,ATP
SV43,SV43,ATP
ST72,ST72,ATP
H0J8,H0J8,ATP
K760,K760,ATP
G806,G806,ATP
N503,N503,ATP
S809,S809,ATP
A706,A706,ATP
BD64,BD64,ATP
D572,D572,ATP
K407,K407,ATP
HB24,HB24,ATP
MB67,MB67,ATP
PC32,PC32,ATP
SI24,SI24,ATP
T803,T803,ATP
W122,W122,ATP
C0A4,C0A4,ATP
K0CF,K0CF,ATP
M0L1,M0L1,ATP
O090,O090,ATP
P216,P216,ATP
R0GG,R0GG,ATP
R102,R102,ATP
S212,S212,ATP
MQ82,MQ82,ATP
G531,G531,ATP
A503,A503,ATP
A752,A752,ATP
A531,A531,ATP
A492,A492,ATP
A948,A948,ATP
AB23,AB23,ATP
A496,A496,ATP
A570,A570,ATP
G537,G537,ATP
I205,I205,ATP
MB94,MB94,ATP
R656,R656,ATP
O464,O464,ATP
SP93,SP93,ATP
SB64,SB64,ATP
G858,G858,ATP
L698,L698,ATP
D051,D051,ATP
E680,E680,ATP
F172,F172,ATP
J259,J259,ATP
K0J2,K0J2,ATP
L464,L464,ATP
LD60,LD60,ATP
LB50,LB50,ATP
MG70,MG70,ATP
MU88,MU88,ATP
P693,P693,ATP
PG10,PG10,ATP
PG04,PG04,ATP
R0JJ,R0JJ,ATP
SD39,SD39,ATP
S885,S885,ATP
S592,S592,ATP
T0HY,T0HY,ATP
Z211,Z211,ATP
A813,A813,ATP
H0J6,H0J6,ATP
A494,A494,ATP
A495,A495,ATP
BP48,BP48,ATP
BE17,BE17,ATP
BE16,BE16,ATP
BE18,BE18,ATP
C849,C849,ATP
D547,D547,ATP
E632,E632,ATP
E904,E904,ATP
E0E8,E0E8,ATP
F431,F431,ATP
H374,H374,ATP
I0BG,I0BG,ATP
K0L7,K0L7,ATP
ME01,ME01,ATP
MP24,MP24,ATP
N966,N966,ATP
O386,O386,ATP
R0JU,R0JU,ATP
SZ15,SZ15,ATP
SS33,SS33,ATP
T0D7,T0D7,ATP
Y101,Y101,ATP
Z079,Z079,ATP
F970,F970,ATP
HC85,HC85,ATP
BP36,BP36,ATP
BM55,BM55,ATP
C596,C596,ATP
G680,G680,ATP
ML78,ML78,ATP
M579,M579,ATP
S0HZ,S0HZ,ATP
SC33,SC33,ATP
SK08,SK08,ATP
TC22,TC22,ATP
TC88,TC88,ATP
V0AE,V0AE,ATP
Z399,Z399,ATP
GA71,GA71,ATP
MA30,MA30,ATP
B0RW,B0RW,ATP
BA22,BA22,ATP
B0RX,B0RX,ATP
B0S1,B0S1,ATP
C0OS,C0OS,ATP
DE21,DE21,ATP
G030,G030,ATP
G036,G036,ATP
GB37,GB37,ATP
H583,H583,ATP
K572,K572,ATP
L0JG,L0JG,ATP
MH86,MH86,ATP
N718,N718,ATP
N0EN,N0EN,ATP
O0DK,O0DK,ATP
P011,P011,ATP
S785,S785,ATP
S887,S887,ATP
S0YF,S0YF,ATP
T330,T330,ATP
TG10,TG10,ATP
T271,T271,ATP
V746,V746,ATP
W837,W837,ATP
K245,K245,ATP
R511,R511,ATP
D836,D836,ATP
G580,G580,ATP
J378,J378,ATP
M723,M723,ATP
MH33,MH33,ATP
AG31,AG31,ATP
RH96,RH96,ATP
RC36,RC36,ATP
R964,R964,ATP
RC94,RC94,ATP
RB55,RB55,ATP
M221,M221,ATP
V192,V192,ATP
DA53,DA53,ATP
SA86,SA86,ATP
A0KC,A0KC,ATP
AD63,AD63,ATP
B0RY,B0RY,ATP
BE64,BE64,ATP
Z307,Z307,ATP
BI09,BI09,ATP
C0OP,C0OP,ATP
D548,D548,ATP
H610,H610,ATP
J265,J265,ATP
K620,K620,ATP
KI34,KI34,ATP
L0JL,L0JL,ATP
M0TW,M0TW,ATP
ML47,ML47,ATP
MA93,MA93,ATP
N481,N481,ATP
R904,R904,ATP
SN90,SN90,ATP
TD58,TD58,ATP
Y102,Y102,ATP
Y0B6,Y0B6,ATP
O549,O549,ATP
R271,R271,ATP
N523,N523,ATP
L009,L009,ATP
H346,H346,ATP
H228,H228,ATP
G551,G551,ATP
O102,O102,ATP
F204,F204,ATP
M130,M130,ATP
H917,H917,ATP
E212,E212,ATP
G510,G510,ATP
G714,G714,ATP
M576,M576,ATP
GC87,GC87,ATP
PE42,PE42,ATP
R736,R736,ATP
L041,L041,ATP
R709,R709,ATP
A0JU,A0JU,ATP
A0KG,A0KG,ATP
A0JV,A0JV,ATP
A361,A361,ATP
A0JX,A0JX,ATP
A0H9,A0H9,ATP
A0HF,A0HF,ATP
A124,A124,ATP
B0R3,B0R3,ATP
B0R2,B0R2,ATP
B009,B009,ATP
B0LE,B0LE,ATP
BQ75,BQ75,ATP
C0O9,C0O9,ATP
C506,C506,ATP
C0OA,C0OA,ATP
C0O0,C0O0,ATP
C146,C146,ATP
C0O8,C0O8,ATP
C907,C907,ATP
C0JL,C0JL,ATP
D689,D689,ATP
D0KG,D0KG,ATP
DD09,DD09,ATP
E232,E232,ATP
F0GX,F0GX,ATP
F464,F464,ATP
F0D1,F0D1,ATP
G833,G833,ATP
G180,G180,ATP
GF85,GF85,ATP
G141,G141,ATP
G025,G025,ATP
G0L2,G0L2,ATP
G546,G546,ATP
G0J7,G0J7,ATP
H938,H938,ATP
H008,H008,ATP
H111,H111,ATP
H016,H016,ATP
H0IK,H0IK,ATP
J0DV,J0DV,ATP
L401,L401,ATP
L533,L533,ATP
L057,L057,ATP
L034,L034,ATP
L115,L115,ATP
L066,L066,ATP
M006,M006,ATP
M0SS,M0SS,ATP
MP04,MP04,ATP
M0SR,M0SR,ATP
M0SP,M0SP,ATP
M165,M165,ATP
M0SQ,M0SQ,ATP
M244,M244,ATP
M0SH,M0SH,ATP
M153,M153,ATP
N0EH,N0EH,ATP
N632,N632,ATP
O194,O194,ATP
O0DB,O0DB,ATP
O052,O052,ATP
O0DA,O0DA,ATP
O020,O020,ATP
O248,O248,ATP
P145,P145,ATP
PI17,PI17,ATP
PB01,PB01,ATP
R0FX,R0FX,ATP
R065,R065,ATP
R0J9,R0J9,ATP
R0J8,R0J8,ATP
R523,R523,ATP
R0J4,R0J4,ATP
R0JB,R0JB,ATP
R0JA,R0JA,ATP
R373,R373,ATP
S0XK,S0XK,ATP
S0XJ,S0XJ,ATP
S703,S703,ATP
S999,S999,ATP
SA04,SA04,ATP
SR77,SR77,ATP
S0XL,S0XL,ATP
S085,S085,ATP
S974,S974,ATP
V0GP,V0GP,ATP
V414,V414,ATP
V0GT,V0GT,ATP
V096,V096,ATP
V864,V864,ATP
Z150,Z150,ATP
DF02,DF02,ATP
G776,G776,ATP
G643,G643,ATP
LG23,LG23,ATP
O535,O535,ATP
O109,O109,ATP
PI58,PI58,ATP
RE57,RE57,ATP
SV03,SV03,ATP
TE74,TE74,ATP
U172,U172,ATP
V929,V929,ATP
LG25,LG25,ATP
MQ89,MQ89,ATP
O546,O546,ATP
V928,V928,ATP
DE96,DE96,ATP
GG60,GG60,ATP
P147,P147,ATP
RE17,RE17,ATP
C687,C687,ATP
LE42,LE42,ATP
BD00,BD00,ATP
CJ60,CJ60,ATP
A591,A591,ATP
BQ50,BQ50,ATP
BU63,BU63,ATP
C0RS,C0RS,ATP
CA60,CA60,ATP
C783,C783,ATP
G642,G642,ATP
G349,G349,ATP
MV32,MV32,ATP
P465,P465,ATP
R505,R505,ATP
SN15,SN15,ATP
L386,L386,ATP
B946,B946,ATP
CN78,CN78,ATP
AA81,AA81,ATP
B004,B004,ATP
B580,B580,ATP
B060,B060,ATP
BN91,BN91,ATP
C510,C510,ATP
D468,D468,ATP
GG79,GG79,ATP
G102,G102,ATP
G340,G340,ATP
H338,H338,ATP
LE29,LE29,ATP
LE93,LE93,ATP
M0TQ,M0TQ,ATP
MR01,MR01,ATP
MB29,MB29,ATP
N812,N812,ATP
N670,N670,ATP
O195,O195,ATP
PI36,PI36,ATP
R0GM,R0GM,ATP
T0CP,T0CP,ATP
V0H6,V0H6,ATP
V0EK,V0EK,ATP
V063,V063,ATP
V0EJ,V0EJ,ATP
K628,K628,ATP
K0JI,K0JI,ATP
E121,E121,ATP
A226,A226,ATP
A203,A203,ATP
E655,E655,ATP
E159,E159,ATP
O207,O207,ATP
Z163,Z163,ATP
T200,T200,ATP
C663,C663,ATP
AF32,AF32,ATP
KB07,KB07,ATP
W238,W238,ATP
MP94,MP94,ATP
R847,R847,ATP
B670,B670,ATP
B0FM,B0FM,ATP
B0IG,B0IG,ATP
BN51,BN51,ATP
CG73,CG73,ATP
CI22,CI22,ATP
E0DK,E0DK,ATP
E0AI,E0AI,ATP
F569,F569,ATP
I201,I201,ATP
J399,J399,ATP
K0BR,K0BR,ATP
L002,L002,ATP
O088,O088,ATP
R357,R357,ATP
Z0CP,Z0CP,ATP
V0IL,V0IL,ATP
V0F7,V0F7,ATP
K214,K214,ATP
S381,S381,ATP
H756,H756,ATP
S572,S572,ATP
E106,E106,ATP
H223,H223,ATP
V232,V232,ATP
S693,S693,ATP
D776,D776,ATP
SF36,SF36,ATP
W254,W254,ATP
V201,V201,ATP
S559,S559,ATP
V942,V942,ATP
S021,S021,ATP
K016,K016,ATP
W171,W171,ATP
H704,H704,ATP
N018,N018,ATP
K317,K317,ATP
D170,D170,ATP
W161,W161,ATP
K193,K193,ATP
W224,W224,ATP
V267,V267,ATP
G235,G235,ATP
O015,O015,ATP
SJ63,SJ63,ATP
K162,K162,ATP
N243,N243,ATP
H210,H210,ATP
H331,H331,ATP
SC03,SC03,ATP
K667,K667,ATP
K740,K740,ATP
L546,L546,ATP
V494,V494,ATP
MB88,MB88,ATP
V457,V457,ATP
W483,W483,ATP
A012,A012,ATP
BC41,BC41,ATP
BO84,BO84,ATP
BS18,BS18,ATP
B0KE,B0KE,ATP
BO81,BO81,ATP
BS58,BS58,ATP
BQ47,BQ47,ATP
B0HH,B0HH,ATP
C954,C954,ATP
C0JG,C0JG,ATP
DE44,DE44,ATP
DC43,DC43,ATP
DD27,DD27,ATP
D0GO,D0GO,ATP
DF25,DF25,ATP
D0GZ,D0GZ,ATP
D0GH,D0GH,ATP
D0H2,D0H2,ATP
D188,D188,ATP
D035,D035,ATP
E0BX,E0BX,ATP
F010,F010,ATP
F447,F447,ATP
F175,F175,ATP
F0ER,F0ER,ATP
F0EI,F0EI,ATP
G202,G202,ATP
G059,G059,ATP
GC54,GC54,ATP
G0HH,G0HH,ATP
H746,H746,ATP
H0FC,H0FC,ATP
H601,H601,ATP
H166,H166,ATP
TE28,TE28,ATP
H0FD,H0FD,ATP
KG57,KG57,ATP
K799,K799,ATP
KG62,KG62,ATP
K089,K089,ATP
KG65,KG65,ATP
KF82,KF82,ATP
KG00,KG00,ATP
K0GR,K0GR,ATP
L0FE,L0FE,ATP
L0F7,L0F7,ATP
L086,L086,ATP
LF79,LF79,ATP
LE94,LE94,ATP
L0FA,L0FA,ATP
L343,L343,ATP
L0FD,L0FD,ATP
L0F9,L0F9,ATP
MQ12,MQ12,ATP
M0LE,M0LE,ATP
N0CZ,N0CZ,ATP
O032,O032,ATP
O0C0,O0C0,ATP
RE55,RE55,ATP
R513,R513,ATP
S136,S136,ATP
SF02,SF02,ATP
S0PL,S0PL,ATP
SF03,SF03,ATP
S0QI,S0QI,ATP
SF04,SF04,ATP
D0GG,D0GG,ATP
TE42,TE42,ATP
T051,T051,ATP
TE01,TE01,ATP
V0EC,V0EC,ATP
V011,V011,ATP
V901,V901,ATP
V659,V659,ATP
V898,V898,ATP
V961,V961,ATP
V954,V954,ATP
V480,V480,ATP
V0E8,V0E8,ATP
V960,V960,ATP
V903,V903,ATP
V079,V079,ATP
V876,V876,ATP
V0E9,V0E9,ATP
V912,V912,ATP
V481,V481,ATP
V020,V020,ATP
V476,V476,ATP
VA01,VA01,ATP
W0CF,W0CF,ATP
W910,W910,ATP
W0CE,W0CE,ATP
W024,W024,ATP
W819,W819,ATP
S321,S321,ATP
E025,E025,ATP
W272,W272,ATP
V576,V576,ATP
SF89,SF89,ATP
H297,H297,ATP
K688,K688,ATP
G287,G287,ATP
D279,D279,ATP
N267,N267,ATP
SD23,SD23,ATP
G055,G055,ATP
TA04,TA04,ATP
W186,W186,ATP
J284,J284,ATP
R615,R615,ATP
W365,W365,ATP
D022,D022,ATP
AE85,AE85,ATP
AE07,AE07,ATP
AE50,AE50,ATP
BO47,BO47,ATP
BP56,BP56,ATP
B0J7,B0J7,ATP
B961,B961,ATP
BC58,BC58,ATP
BP10,BP10,ATP
B960,B960,ATP
B962,B962,ATP
BC59,BC59,ATP
CK41,CK41,ATP
C571,C571,ATP
CB41,CB41,ATP
C124,C124,ATP
C178,C178,ATP
CI90,CI90,ATP
CJ41,CJ41,ATP
CL43,CL43,ATP
C184,C184,ATP
D763,D763,ATP
D061,D061,ATP
E062,E062,ATP
E0BZ,E0BZ,ATP
E054,E054,ATP
F066,F066,ATP
F446,F446,ATP
FA94,FA94,ATP
F553,F553,ATP
FB01,FB01,ATP
G159,G159,ATP
GH49,GH49,ATP
GI31,GI31,ATP
G094,G094,ATP
G163,G163,ATP
H0FS,H0FS,ATP
H139,H139,ATP
H147,H147,ATP
HF50,HF50,ATP
HC08,HC08,ATP
HC10,HC10,ATP
H174,H174,ATP
H112,H112,ATP
H143,H143,ATP
HE19,HE19,ATP
HD32,HD32,ATP
L024,L024,ATP
L026,L026,ATP
L027,L027,ATP
L197,L197,ATP
LE17,LE17,ATP
L038,L038,ATP
LG13,LG13,ATP
MR53,MR53,ATP
M269,M269,ATP
MD90,MD90,ATP
MS82,MS82,ATP
MP29,MP29,ATP
MI51,MI51,ATP
MP06,MP06,ATP
M0MP,M0MP,ATP
MP28,MP28,ATP
MP27,MP27,ATP
M097,M097,ATP
N772,N772,ATP
N799,N799,ATP
N863,N863,ATP
O0C3,O0C3,ATP
O227,O227,ATP
O538,O538,ATP
PJ73,PJ73,ATP
PJ65,PJ65,ATP
PI34,PI34,ATP
PJ82,PJ82,ATP
P070,P070,ATP
P071,P071,ATP
PJ52,PJ52,ATP
P690,P690,ATP
PL36,PL36,ATP
Q971,Q971,ATP
R591,R591,ATP
R0CG,R0CG,ATP
R104,R104,ATP
RE12,RE12,ATP
R524,R524,ATP
SF19,SF19,ATP
S0QW,S0QW,ATP
S764,S764,ATP
SB53,SB53,ATP
S123,S123,ATP
SD83,SD83,ATP
S052,S052,ATP
S509,S509,ATP
S0NJ,S0NJ,ATP
S057,S057,ATP
ST59,ST59,ATP
SU71,SU71,ATP
S672,S672,ATP
T179,T179,ATP
TD22,TD22,ATP
T389,T389,ATP
T873,T873,ATP
TD82,TD82,ATP
T118,T118,ATP
W460,W460,ATP
W450,W450,ATP
W0D4,W0D4,ATP
W972,W972,ATP
W128,W128,ATP
W783,W783,ATP
Y250,Y250,ATP
O006,O006,ATP
L249,L249,ATP
A001,A001,ATP
A252,A252,ATP
A102,A102,ATP
A0KI,A0KI,ATP
A216,A216,ATP
BA28,BA28,ATP
B138,B138,ATP
E0EH,E0EH,ATP
H040,H040,ATP
I195,I195,ATP
I074,I074,ATP
I002,I002,ATP
M073,M073,ATP
O160,O160,ATP
O008,O008,ATP
O0DM,O0DM,ATP
SE49,SE49,ATP
A217,A217,ATP
R219,R219,ATP
A276,A276,ATP
P208,P208,ATP
T867,T867,ATP
K307,K307,ATP
A418,A418,ATP
A0EI,A0EI,ATP
AG22,AG22,ATP
A877,A877,ATP
BP87,BP87,ATP
BM15,BM15,ATP
B741,B741,ATP
B0A4,B0A4,ATP
DC77,DC77,ATP
E0AT,E0AT,ATP
F696,F696,ATP
HD25,HD25,ATP
HD34,HD34,ATP
H171,H171,ATP
H304,H304,ATP
H711,H711,ATP
H081,H081,ATP
HD26,HD26,ATP
H395,H395,ATP
J600,J600,ATP
J641,J641,ATP
J038,J038,ATP
LE88,LE88,ATP
M0GJ,M0GJ,ATP
MQ14,MQ14,ATP
N856,N856,ATP
P0EP,P0EP,ATP
P0DT,P0DT,ATP
R979,R979,ATP
RF17,RF17,ATP
R039,R039,ATP
R355,R355,ATP
R0DH,R0DH,ATP
SS59,SS59,ATP
SI19,SI19,ATP
SU81,SU81,ATP
SS80,SS80,ATP
ST60,ST60,ATP
ST16,ST16,ATP
SI23,SI23,ATP
SA18,SA18,ATP
T912,T912,ATP
U09P,U09P,ATP
A609,A609,ATP
A653,A653,ATP
A933,A933,ATP
BB53,BB53,ATP
F0IL,F0IL,ATP
K0N7,K0N7,ATP
Q019,Q019,ATP
AC35,AC35,ATP
AD77,AD77,ATP
A912,A912,ATP
AD93,AD93,ATP
E213,E213,ATP
G759,G759,ATP
HC44,HC44,ATP
I308,I308,ATP
I027,I027,ATP
I024,I024,ATP
K0D6,K0D6,ATP
K423,K423,ATP
K425,K425,ATP
K465,K465,ATP
K741,K741,ATP
KA41,KA41,ATP
KF97,KF97,ATP
M0TY,M0TY,ATP
M0TX,M0TX,ATP
M275,M275,ATP
M0TT,M0TT,ATP
M0FS,M0FS,ATP
PI42,PI42,ATP
Q020,Q020,ATP
Q02E,Q02E,ATP
R063,R063,ATP
RE51,RE51,ATP
R0FM,R0FM,ATP
S712,S712,ATP
S0HP,S0HP,ATP
U022,U022,ATP
U021,U021,ATP
F0E5,F0E5,ATP
N0CU,N0CU,ATP
P0GU,P0GU,ATP
V0E5,V0E5,ATP
S0NS,S0NS,ATP
D316,D316,ATP
A197,A197,ATP
B653,B653,ATP
B967,B967,ATP
BH86,BH86,ATP
BT50,BT50,ATP
B0AR,B0AR,ATP
C094,C094,ATP
C468,C468,ATP
C147,C147,ATP
C757,C757,ATP
GC34,GC34,ATP
G024,G024,ATP
G550,G550,ATP
L922,L922,ATP
M462,M462,ATP
N081,N081,ATP
P015,P015,ATP
PB76,PB76,ATP
R695,R695,ATP
R836,R836,ATP
R060,R060,ATP
SL24,SL24,ATP
Y196,Y196,ATP
Z09L,Z09L,ATP
H390,H390,ATP
Y017,Y017,ATP
A035,A035,ATP
M783,M783,ATP
N241,N241,ATP
R367,R367,ATP
A427,A427,ATP
A367,A367,ATP
AC58,AC58,ATP
A172,A172,ATP
BG25,BG25,ATP
B949,B949,ATP
BP24,BP24,ATP
BO15,BO15,ATP
BO69,BO69,ATP
D709,D709,ATP
D029,D029,ATP
E702,E702,ATP
F063,F063,ATP
GA46,GA46,ATP
G549,G549,ATP
L583,L583,ATP
M0Q4,M0Q4,ATP
M040,M040,ATP
MM31,MM31,ATP
M936,M936,ATP
MQ94,MQ94,ATP
N354,N354,ATP
O444,O444,ATP
PG56,PG56,ATP
P179,P179,ATP
R560,R560,ATP
RA03,RA03,ATP
R701,R701,ATP
R828,R828,ATP
SA99,SA99,ATP
V698,V698,ATP
V0H4,V0H4,ATP
V157,V157,ATP
M614,M614,ATP
T209,T209,ATP
B168,B168,ATP
A338,A338,ATP
AA19,AA19,ATP
AD58,AD58,ATP
AA57,AA57,ATP
A233,A233,ATP
AE81,AE81,ATP
A339,A339,ATP
BN54,BN54,ATP
CI89,CI89,ATP
C225,C225,ATP
DD05,DD05,ATP
D665,D665,ATP
D650,D650,ATP
D047,D047,ATP
F926,F926,ATP
G810,G810,ATP
HC42,HC42,ATP
HC07,HC07,ATP
H788,H788,ATP
J612,J612,ATP
L0A0,L0A0,ATP
L188,L188,ATP
M258,M258,ATP
M870,M870,ATP
O0BJ,O0BJ,ATP
O09C,O09C,ATP
P287,P287,ATP
PG17,PG17,ATP
R115,R115,ATP
R479,R479,ATP
SU01,SU01,ATP
S143,S143,ATP
S342,S342,ATP
T879,T879,ATP
V077,V077,ATP
V365,V365,ATP
V866,V866,ATP
Y230,Y230,ATP
J397,J397,ATP
K540,K540,ATP
P701,P701,ATP
K067,K067,ATP
O253,O253,ATP
F364,F364,ATP
M844,M844,ATP
U057,U057,ATP
PB13,PB13,ATP
C660,C660,ATP
P535,P535,ATP
N314,N314,ATP
Z423,Z423,ATP
BP57,BP57,ATP
B167,B167,ATP
C473,C473,ATP
CK43,CK43,ATP
D239,D239,ATP
D0DI,D0DI,ATP
D0DG,D0DG,ATP
F020,F020,ATP
G152,G152,ATP
G326,G326,ATP
G978,G978,ATP
HD46,HD46,ATP
I036,I036,ATP
J142,J142,ATP
KG84,KG84,ATP
K945,K945,ATP
K200,K200,ATP
L122,L122,ATP
L270,L270,ATP
L133,L133,ATP
M0E4,M0E4,ATP
MS96,MS96,ATP
N083,N083,ATP
N082,N082,ATP
N0CY,N0CY,ATP
O534,O534,ATP
PI32,PI32,ATP
RE30,RE30,ATP
R098,R098,ATP
R142,R142,ATP
SS73,SS73,ATP
S498,S498,ATP
ST23,ST23,ATP
ST96,ST96,ATP
S683,S683,ATP
TE40,TE40,ATP
TD76,TD76,ATP
W823,W823,ATP
Z105,Z105,ATP
SH90,SH90,ATP
G717,G717,ATP
M197,M197,ATP
C113,C113,ATP
S483,S483,ATP
MA49,MA49,ATP
C336,C336,ATP
M406,M406,ATP
T771,T771,ATP
L341,L341,ATP
R630,R630,ATP
T724,T724,ATP
L499,L499,ATP
CK47,CK47,ATP
CI28,CI28,ATP
C109,C109,ATP
C936,C936,ATP
DE94,DE94,ATP
D0GL,D0GL,ATP
DF23,DF23,ATP
F991,F991,ATP
F256,F256,ATP
GD84,GD84,ATP
G711,G711,ATP
L0JD,L0JD,ATP
L367,L367,ATP
M663,M663,ATP
N510,N510,ATP
P146,P146,ATP
PJ44,PJ44,ATP
RF69,RF69,ATP
RE64,RE64,ATP
S365,S365,ATP
S0YC,S0YC,ATP
S190,S190,ATP
V270,V270,ATP
V969,V969,ATP
V873,V873,ATP
V0CM,V0CM,ATP
A0AT,A0AT,ATP
BM81,BM81,ATP
C156,C156,ATP
D117,D117,ATP
DH57,DH57,ATP
D123,D123,ATP
F018,F018,ATP
F850,F850,ATP
GF53,GF53,ATP
G0AH,G0AH,ATP
G320,G320,ATP
G162,G162,ATP
G842,G842,ATP
GE70,GE70,ATP
H450,H450,ATP
J157,J157,ATP
LB13,LB13,ATP
M0GC,M0GC,ATP
M752,M752,ATP
N016,N016,ATP
O0B7,O0B7,ATP
O0BV,O0BV,ATP
O0AS,O0AS,ATP
PF46,PF46,ATP
R184,R184,ATP
R0FZ,R0FZ,ATP
RE10,RE10,ATP
T0CM,T0CM,ATP
AC39,AC39,ATP
K346,K346,ATP
A244,A244,ATP
AC23,AC23,ATP
A618,A618,ATP
H908,H908,ATP
Z367,Z367,ATP
P280,P280,ATP
H528,H528,ATP
V166,V166,ATP
CA99,CA99,ATP
P254,P254,ATP
C856,C856,ATP
S535,S535,ATP
U061,U061,ATP
T199,T199,ATP
M600,M600,ATP
C666,C666,ATP
T749,T749,ATP
MB27,MB27,ATP
P279,P279,ATP
I094,I094,ATP
G493,G493,ATP
MA36,MA36,ATP
C259,C259,ATP
F235,F235,ATP
BL78,BL78,ATP
BJ43,BJ43,ATP
CJ35,CJ35,ATP
CG40,CG40,ATP
C995,C995,ATP
D829,D829,ATP
DA13,DA13,ATP
D031,D031,ATP
D116,D116,ATP
F0AG,F0AG,ATP
F952,F952,ATP
HD27,HD27,ATP
H006,H006,ATP
L872,L872,ATP
M020,M020,ATP
M240,M240,ATP
M955,M955,ATP
M278,M278,ATP
MR31,MR31,ATP
M335,M335,ATP
N791,N791,ATP
N008,N008,ATP
N034,N034,ATP
O069,O069,ATP
P007,P007,ATP
P0GY,P0GY,ATP
RE75,RE75,ATP
S254,S254,ATP
SU47,SU47,ATP
S033,S033,ATP
S511,S511,ATP
T040,T040,ATP
V095,V095,ATP
V897,V897,ATP
S741,S741,ATP
K267,K267,ATP
Y061,Y061,ATP
T315,T315,ATP
D402,D402,ATP
A511,A511,ATP
V037,V037,ATP
O009,O009,ATP
C031,C031,ATP
KB54,KB54,ATP
C260,C260,ATP
K403,K403,ATP
S688,S688,ATP
B842,B842,ATP
K776,K776,ATP
L702,L702,ATP
K596,K596,ATP
E180,E180,ATP
K308,K308,ATP
K284,K284,ATP
M440,M440,ATP
G446,G446,ATP
CA93,CA93,ATP
I069,I069,ATP
A0AO,A0AO,ATP
D519,D519,ATP
MC18,MC18,ATP
K777,K777,ATP
BI53,BI53,ATP
D359,D359,ATP
K861,K861,ATP
C469,C469,ATP
D908,D908,ATP
P500,P500,ATP
V627,V627,ATP
T255,T255,ATP
B644,B644,ATP
BF25,BF25,ATP
V296,V296,ATP
BH66,BH66,ATP
B061,B061,ATP
E894,E894,ATP
K105,K105,ATP
K143,K143,ATP
K097,K097,ATP
L153,L153,ATP
L019,L019,ATP
L517,L517,ATP
L119,L119,ATP
P569,P569,ATP
PH68,PH68,ATP
P051,P051,ATP
RF60,RF60,ATP
RE84,RE84,ATP
RD42,RD42,ATP
S300,S300,ATP
S439,S439,ATP
T035,T035,ATP
T182,T182,ATP
T183,T183,ATP
V131,V131,ATP
Z007,Z007,ATP
A0I3,A0I3,ATP
B0U3,B0U3,ATP
B0XL,B0XL,ATP
D098,D098,ATP
B328,B328,ATP
B520,B520,ATP
K475,K475,ATP
L184,L184,ATP
N339,N339,ATP
T134,T134,ATP
T840,T840,ATP
T742,T742,ATP
BA57,BA57,ATP
V205,V205,ATP
P642,P642,ATP
Z072,Z072,ATP
Z006,Z006,ATP
P387,P387,ATP
PE02,PE02,ATP
KD70,KD70,ATP
Z245,Z245,ATP
TC11,TC11,ATP
CC54,CC54,ATP
D893,D893,ATP
D0GR,D0GR,ATP
D344,D344,ATP
J0CD,J0CD,ATP
K0H1,K0H1,ATP
M459,M459,ATP
P371,P371,ATP
P648,P648,ATP
S0OJ,S0OJ,ATP
S146,S146,ATP
T310,T310,ATP
H377,H377,ATP
K237,K237,ATP
L797,L797,ATP
B804,B804,ATP
K296,K296,ATP
V002,V002,ATP
M776,M776,ATP
MF36,MF36,ATP
CA22,CA22,ATP
HA28,HA28,ATP
S079,S079,ATP
K512,K512,ATP
S772,S772,ATP
C430,C430,ATP
B664,B664,ATP
C786,C786,ATP
G263,G263,ATP
M052,M052,ATP
PA46,PA46,ATP
V0E6,V0E6,ATP
BH09,BH09,ATP
K834,K834,ATP
Z189,Z189,ATP
G527,G527,ATP
T264,T264,ATP
B414,B414,ATP
U030,U030,ATP
B451,B451,ATP
B846,B846,ATP
J272,J272,ATP
H986,H986,ATP
K408,K408,ATP
O189,O189,ATP
PA34,PA34,ATP
RD96,RD96,ATP
RB89,RB89,ATP
R776,R776,ATP
SI56,SI56,ATP
SQ44,SQ44,ATP
TA30,TA30,ATP
T148,T148,ATP
U133,U133,ATP
Z316,Z316,ATP
L858,L858,ATP
A678,A678,ATP
F196,F196,ATP
M759,M759,ATP
M096,M096,ATP
S406,S406,ATP
O098,O098,ATP
G288,G288,ATP
V014,V014,ATP
D424,D424,ATP
N101,N101,ATP
A177,A177,ATP
V379,V379,ATP
F185,F185,ATP
W421,W421,ATP
K609,K609,ATP
B645,B645,ATP
N100,N100,ATP
K150,K150,ATP
K219,K219,ATP
V032,V032,ATP
B308,B308,ATP
J093,J093,ATP
H340,H340,ATP
SK41,SK41,ATP
H234,H234,ATP
B394,B394,ATP
D211,D211,ATP
C493,C493,ATP
A438,A438,ATP
D213,D213,ATP
M411,M411,ATP
AE71,AE71,ATP
A066,A066,ATP
A741,A741,ATP
A113,A113,ATP
B0KK,B0KK,ATP
B105,B105,ATP
B809,B809,ATP
B324,B324,ATP
B901,B901,ATP
B130,B130,ATP
BQ00,BQ00,ATP
B0L9,B0L9,ATP
B232,B232,ATP
B0KZ,B0KZ,ATP
B0LF,B0LF,ATP
B0KY,B0KY,ATP
BO38,BO38,ATP
B063,B063,ATP
B0J4,B0J4,ATP
B0L4,B0L4,ATP
B0KJ,B0KJ,ATP
B0J3,B0J3,ATP
BB88,BB88,ATP
BB96,BB96,ATP
BC04,BC04,ATP
BB51,BB51,ATP
BM34,BM34,ATP
B082,B082,ATP
BM80,BM80,ATP
B278,B278,ATP
C0JC,C0JC,ATP
C006,C006,ATP
CI83,CI83,ATP
C0JD,C0JD,ATP
C0JI,C0JI,ATP
C084,C084,ATP
CI58,CI58,ATP
CI82,CI82,ATP
C0J9,C0J9,ATP
CJ25,CJ25,ATP
CJ08,CJ08,ATP
CI95,CI95,ATP
C0JB,C0JB,ATP
C923,C923,ATP
C0HQ,C0HQ,ATP
CK75,CK75,ATP
C091,C091,ATP
C0JA,C0JA,ATP
C0CN,C0CN,ATP
C0IY,C0IY,ATP
D0GV,D0GV,ATP
DD63,DD63,ATP
DE03,DE03,ATP
D0GC,D0GC,ATP
D0GM,D0GM,ATP
D0GN,D0GN,ATP
D010,D010,ATP
DD62,DD62,ATP
D149,D149,ATP
D094,D094,ATP
D0G7,D0G7,ATP
DC85,DC85,ATP
D139,D139,ATP
DF36,DF36,ATP
D0GU,D0GU,ATP
D082,D082,ATP
D0FS,D0FS,ATP
D043,D043,ATP
E073,E073,ATP
E006,E006,ATP
E937,E937,ATP
E008,E008,ATP
E0C0,E0C0,ATP
F135,F135,ATP
FA12,FA12,ATP
FA24,FA24,ATP
F988,F988,ATP
F100,F100,ATP
F021,F021,ATP
F925,F925,ATP
F0EN,F0EN,ATP
F072,F072,ATP
F994,F994,ATP
F076,F076,ATP
GF83,GF83,ATP
G154,G154,ATP
GI23,GI23,ATP
G0GN,G0GN,ATP
GG37,GG37,ATP
G0HG,G0HG,ATP
G800,G800,ATP
GF84,GF84,ATP
GF81,GF81,ATP
G044,G044,ATP
H175,H175,ATP
H0FO,H0FO,ATP
H0FN,H0FN,ATP
H0EV,H0EV,ATP
HC62,HC62,ATP
HE15,HE15,ATP
H013,H013,ATP
H058,H058,ATP
H0EW,H0EW,ATP
H0FQ,H0FQ,ATP
HE50,HE50,ATP
H032,H032,ATP
H0II,H0II,ATP
H0FR,H0FR,ATP
HC73,HC73,ATP
HE49,HE49,ATP
J0CC,J0CC,ATP
J603,J603,ATP
J0CJ,J0CJ,ATP
J579,J579,ATP
J0CF,J0CF,ATP
J021,J021,ATP
J0CE,J0CE,ATP
K0H4,K0H4,ATP
K0G0,K0G0,ATP
KG03,KG03,ATP
KH47,KH47,ATP
KG64,KG64,ATP
KF61,KF61,ATP
K100,K100,ATP
K102,K102,ATP
K0G1,K0G1,ATP
KF76,KF76,ATP
L056,L056,ATP
LE54,LE54,ATP
LE19,LE19,ATP
LG61,LG61,ATP
L022,L022,ATP
LE86,LE86,ATP
LG18,LG18,ATP
LE20,LE20,ATP
L0FM,L0FM,ATP
L095,L095,ATP
LE16,LE16,ATP
LF96,LF96,ATP
L0H3,L0H3,ATP
LE89,LE89,ATP
M002,M002,ATP
M0KI,M0KI,ATP
M0KK,M0KK,ATP
MQ78,MQ78,ATP
MQ26,MQ26,ATP
M939,M939,ATP
M0M8,M0M8,ATP
M0M7,M0M7,ATP
M001,M001,ATP
MD25,MD25,ATP
M140,M140,ATP
MQ27,MQ27,ATP
M968,M968,ATP
M0SJ,M0SJ,ATP
M111,M111,ATP
M0M6,M0M6,ATP
MP66,MP66,ATP
M0MF,M0MF,ATP
M072,M072,ATP
M076,M076,ATP
M075,M075,ATP
M0MM,M0MM,ATP
M118,M118,ATP
M0SK,M0SK,ATP
MS29,MS29,ATP
M124,M124,ATP
N200,N200,ATP
P036,P036,ATP
P576,P576,ATP
P084,P084,ATP
P055,P055,ATP
RF36,RF36,ATP
RD88,RD88,ATP
RE79,RE79,ATP
R312,R312,ATP
RA24,RA24,ATP
R078,R078,ATP
ST24,ST24,ATP
SS42,SS42,ATP
S110,S110,ATP
SS02,SS02,ATP
S243,S243,ATP
S138,S138,ATP
S242,S242,ATP
ST14,ST14,ATP
S084,S084,ATP
S261,S261,ATP
S247,S247,ATP
SS00,SS00,ATP
SR44,SR44,ATP
T052,T052,ATP
V371,V371,ATP
V048,V048,ATP
V317,V317,ATP
V022,V022,ATP
V874,V874,ATP
V041,V041,ATP
V600,V600,ATP
W898,W898,ATP
W0BM,W0BM,ATP
W766,W766,ATP
W103,W103,ATP
W809,W809,ATP
W797,W797,ATP
Y008,Y008,ATP
Z404,Z404,ATP
MR11,MR11,ATP
MS11,MS11,ATP
N807,N807,ATP
N803,N803,ATP
N866,N866,ATP
O576,O576,ATP
PI40,PI40,ATP
PH91,PH91,ATP
PH65,PH65,ATP
Q973,Q973,ATP
RF65,RF65,ATP
RG50,RG50,ATP
RE68,RE68,ATP
S250,S250,ATP
SV00,SV00,ATP
S122,S122,ATP
S0QB,S0QB,ATP
SU75,SU75,ATP
SR42,SR42,ATP
SS78,SS78,ATP
S168,S168,ATP
T004,T004,ATP
V125,V125,ATP
V968,V968,ATP
W932,W932,ATP
W772,W772,ATP
Y0AQ,Y0AQ,ATP
M0KJ,M0KJ,ATP
MD19,MD19,ATP
M446,M446,ATP
M354,M354,ATP
MP63,MP63,ATP
N052,N052,ATP
N783,N783,ATP
N0D1,N0D1,ATP
N784,N784,ATP
O420,O420,ATP
P0H8,P0H8,ATP
P0H9,P0H9,ATP
PH90,PH90,ATP
P0H4,P0H4,ATP
R0GA,R0GA,ATP
R400,R400,ATP
R0FH,R0FH,ATP
R0GH,R0GH,ATP
R0GE,R0GE,ATP
R0GB,R0GB,ATP
R094,R094,ATP
R085,R085,ATP
S003,S003,ATP
SS06,SS06,ATP
SS05,SS05,ATP
S0PT,S0PT,ATP
S0ND,S0ND,ATP
SS09,SS09,ATP
S035,S035,ATP
S0XC,S0XC,ATP
SE28,SE28,ATP
S0PK,S0PK,ATP
S0QA,S0QA,ATP
S0QR,S0QR,ATP
SD95,SD95,ATP
L311,L311,ATP
Y033,Y033,ATP
K068,K068,ATP
S459,S459,ATP
J263,J263,ATP
C321,C321,ATP
N430,N430,ATP
K223,K223,ATP
J096,J096,ATP
Y114,Y114,ATP
I145,I145,ATP
K215,K215,ATP
A478,A478,ATP
B385,B385,ATP
B543,B543,ATP
J344,J344,ATP
CC09,CC09,ATP
C570,C570,ATP
C485,C485,ATP
CF07,CF07,ATP
C0EO,C0EO,ATP
H329,H329,ATP
J043,J043,ATP
J045,J045,ATP
J452,J452,ATP
KF03,KF03,ATP
K131,K131,ATP
K314,K314,ATP
K0DQ,K0DQ,ATP
K981,K981,ATP
K517,K517,ATP
K518,K518,ATP
K417,K417,ATP
K675,K675,ATP
KE57,KE57,ATP
K418,K418,ATP
L0JF,L0JF,ATP
L244,L244,ATP
L298,L298,ATP
L404,L404,ATP
L149,L149,ATP
L918,L918,ATP
M386,M386,ATP
N653,N653,ATP
M0FX,M0FX,ATP
R100,R100,ATP
SJ47,SJ47,ATP
S213,S213,ATP
S551,S551,ATP
SN70,SN70,ATP
SC57,SC57,ATP
Y010,Y010,ATP
Y034,Y034,ATP
L397,L397,ATP
A479,A479,ATP
V306,V306,ATP
M605,M605,ATP
N409,N409,ATP
R419,R419,ATP
F401,F401,ATP
F316,F316,ATP
C344,C344,ATP
G476,G476,ATP
C378,C378,ATP
B350,B350,ATP
G710,G710,ATP
M824,M824,ATP
C179,C179,ATP
M535,M535,ATP
P305,P305,ATP
B518,B518,ATP
B429,B429,ATP
S015,S015,ATP
C252,C252,ATP
G676,G676,ATP
V195,V195,ATP
C361,C361,ATP
S014,S014,ATP
M590,M590,ATP
C216,C216,ATP
B428,B428,ATP
N309,N309,ATP
A596,A596,ATP
R383,R383,ATP
A272,A272,ATP
S677,S677,ATP
H472,H472,ATP
B487,B487,ATP
A190,A190,ATP
L202,L202,ATP
R750,R750,ATP
V161,V161,ATP
V251,V251,ATP
A034,A034,ATP
R177,R177,ATP
G028,G028,ATP
D291,D291,ATP
A141,A141,ATP
MB53,MB53,ATP
M915,M915,ATP
L231,L231,ATP
M513,M513,ATP
C383,C383,ATP
V824,V824,ATP
G304,G304,ATP
M515,M515,ATP
P272,P272,ATP
B517,B517,ATP
M984,M984,ATP
R240,R240,ATP
A007,A007,ATP
L480,L480,ATP
MI08,MI08,ATP
G935,G935,ATP
S676,S676,ATP
M323,M323,ATP
M478,M478,ATP
N259,N259,ATP
BA77,BA77,ATP
L513,L513,ATP
T206,T206,ATP
C276,C276,ATP
C556,C556,ATP
P524,P524,ATP
C024,C024,ATP
A656,A656,ATP
D295,D295,ATP
N238,N238,ATP
I047,I047,ATP
F303,F303,ATP
M105,M105,ATP
SC95,SC95,ATP
S507,S507,ATP
T296,T296,ATP
G226,G226,ATP
LA93,LA93,ATP
O408,O408,ATP
F291,F291,ATP
B084,B084,ATP
B975,B975,ATP
G400,G400,ATP
G985,G985,ATP
L342,L342,ATP
P200,P200,ATP
A158,A158,ATP
F313,F313,ATP
LF29,LF29,ATP
M934,M934,ATP
SH91,SH91,ATP
A136,A136,ATP
AB17,AB17,ATP
G922,G922,ATP
O340,O340,ATP
S494,S494,ATP
A467,A467,ATP
C366,C366,ATP
G401,G401,ATP
A209,A209,ATP
L043,L043,ATP
M463,M463,ATP
SC19,SC19,ATP
V758,V758,ATP
AE87,AE87,ATP
AD99,AD99,ATP
A043,A043,ATP
AD11,AD11,ATP
A024,A024,ATP
AE82,AE82,ATP
AD50,AD50,ATP
A120,A120,ATP
A0GF,A0GF,ATP
A520,A520,ATP
A039,A039,ATP
B012,B012,ATP
BA09,BA09,ATP
B0J5,B0J5,ATP
BJ02,BJ02,ATP
BA11,BA11,ATP
B387,B387,ATP
B195,B195,ATP
BA10,BA10,ATP
C905,C905,ATP
C281,C281,ATP
C802,C802,ATP
C132,C132,ATP
C781,C781,ATP
CJ01,CJ01,ATP
CJ07,CJ07,ATP
C401,C401,ATP
C189,C189,ATP
C819,C819,ATP
C038,C038,ATP
C041,C041,ATP
C0HR,C0HR,ATP
C750,C750,ATP
C801,C801,ATP
C368,C368,ATP
C230,C230,ATP
C0HS,C0HS,ATP
DF08,DF08,ATP
D012,D012,ATP
DE57,DE57,ATP
DD24,DD24,ATP
D091,D091,ATP
D0FT,D0FT,ATP
DD40,DD40,ATP
E240,E240,ATP
E057,E057,ATP
F005,F005,ATP
FA04,FA04,ATP
F090,F090,ATP
F0DT,F0DT,ATP
F022,F022,ATP
FA98,FA98,ATP
F467,F467,ATP
F375,F375,ATP
F170,F170,ATP
F468,F468,ATP
G0GQ,G0GQ,ATP
GF64,GF64,ATP
G003,G003,ATP
GG70,GG70,ATP
G017,G017,ATP
G075,G075,ATP
G0AV,G0AV,ATP
G669,G669,ATP
G562,G562,ATP
G076,G076,ATP
G158,G158,ATP
G0GP,G0GP,ATP
G668,G668,ATP
G183,G183,ATP
G0GO,G0GO,ATP
H180,H180,ATP
H145,H145,ATP
H019,H019,ATP
H391,H391,ATP
L626,L626,ATP
L204,L204,ATP
L039,L039,ATP
L725,L725,ATP
L633,L633,ATP
MS18,MS18,ATP
M449,M449,ATP
M123,M123,ATP
MS87,MS87,ATP
M088,M088,ATP
M156,M156,ATP
M157,M157,ATP
N862,N862,ATP
O590,O590,ATP
O545,O545,ATP
O017,O017,ATP
S245,S245,ATP
SV06,SV06,ATP
ST67,ST67,ATP
TE72,TE72,ATP
TE71,TE71,ATP
T025,T025,ATP
V906,V906,ATP
M434,M434,ATP
R035,R035,ATP
S064,S064,ATP
S348,S348,ATP
U007,U007,ATP
V035,V035,ATP
DB90,DB90,ATP
DH19,DH19,ATP
DG51,DG51,ATP
F0BA,F0BA,ATP
F0H9,F0H9,ATP
F089,F089,ATP
F0HE,F0HE,ATP
G706,G706,ATP
KF57,KF57,ATP
M0TS,M0TS,ATP
N927,N927,ATP
P0LV,P0LV,ATP
R651,R651,ATP
ST26,ST26,ATP
S0YD,S0YD,ATP
S263,S263,ATP
TB65,TB65,ATP
W0EF,W0EF,ATP
W0C5,W0C5,ATP
A0HG,A0HG,ATP
F0E6,F0E6,ATP
F0EV,F0EV,ATP
R0GL,R0GL,ATP
D0GB,D0GB,ATP
E113,E113,ATP
J129,J129,ATP
SA49,SA49,ATP
B446,B446,ATP
L206,L206,ATP
N250,N250,ATP
J194,J194,ATP
H191,H191,ATP
G182,G182,ATP
K181,K181,ATP
E004,E004,ATP
T166,T166,ATP
V250,V250,ATP
J006,J006,ATP
A176,A176,ATP
S101,S101,ATP
B040,B040,ATP
J084,J084,ATP
W023,W023,ATP
L044,L044,ATP
N099,N099,ATP
H029,H029,ATP
G053,G053,ATP
J148,J148,ATP
P024,P024,ATP
F278,F278,ATP
R632,R632,ATP
E061,E061,ATP
W001,W001,ATP
K133,K133,ATP
N107,N107,ATP
E639,E639,ATP
LA94,LA94,ATP
B058,B058,ATP
P567,P567,ATP
U020,U020,ATP
C018,C018,ATP
R364,R364,ATP
S442,S442,ATP
A018,A018,ATP
B267,B267,ATP
R931,R931,ATP
S751,S751,ATP
S709,S709,ATP
F290,F290,ATP
F360,F360,ATP
O151,O151,ATP
B479,B479,ATP
E688,E688,ATP
A280,A280,ATP
A305,A305,ATP
AB12,AB12,ATP
G861,G861,ATP
MW54,MW54,ATP
T236,T236,ATP
H382,H382,ATP
H155,H155,ATP
K205,K205,ATP
SX81,SX81,ATP
E111,E111,ATP
L408,L408,ATP
SJ15,SJ15,ATP
S276,S276,ATP
BG16,BG16,ATP
D166,D166,ATP
E022,E022,ATP
H419,H419,ATP
A148,A148,ATP
A182,A182,ATP
A086,A086,ATP
A450,A450,ATP
A173,A173,ATP
A324,A324,ATP
AD89,AD89,ATP
B022,B022,ATP
B126,B126,ATP
B256,B256,ATP
BM36,BM36,ATP
B239,B239,ATP
BO63,BO63,ATP
BS55,BS55,ATP
B908,B908,ATP
C019,C019,ATP
C016,C016,ATP
C674,C674,ATP
D749,D749,ATP
DD18,DD18,ATP
E912,E912,ATP
E876,E876,ATP
E072,E072,ATP
F129,F129,ATP
F166,F166,ATP
FA05,FA05,ATP
F167,F167,ATP
G147,G147,ATP
G189,G189,ATP
H088,H088,ATP
H218,H218,ATP
H599,H599,ATP
H0F3,H0F3,ATP
H068,H068,ATP
H074,H074,ATP
H024,H024,ATP
H600,H600,ATP
H181,H181,ATP
I361,I361,ATP
J005,J005,ATP
J069,J069,ATP
J032,J032,ATP
J064,J064,ATP
J589,J589,ATP
J092,J092,ATP
K069,K069,ATP
K250,K250,ATP
L157,L157,ATP
L006,L006,ATP
L031,L031,ATP
L335,L335,ATP
L158,L158,ATP
L156,L156,ATP
MS14,MS14,ATP
MS75,MS75,ATP
N066,N066,ATP
N205,N205,ATP
N047,N047,ATP
N048,N048,ATP
N0D2,N0D2,ATP
N030,N030,ATP
O056,O056,ATP
O573,O573,ATP
P002,P002,ATP
P150,P150,ATP
P127,P127,ATP
P005,P005,ATP
P103,P103,ATP
P116,P116,ATP
RF45,RF45,ATP
R153,R153,ATP
RE56,RE56,ATP
R041,R041,ATP
S307,S307,ATP
S011,S011,ATP
S411,S411,ATP
SS72,SS72,ATP
SU72,SU72,ATP
S053,S053,ATP
S051,S051,ATP
SE60,SE60,ATP
SB38,SB38,ATP
SS75,SS75,ATP
S097,S097,ATP
S347,S347,ATP
S0QN,S0QN,ATP
SE09,SE09,ATP
S100,S100,ATP
S099,S099,ATP
S149,S149,ATP
T021,T021,ATP
V963,V963,ATP
W130,W130,ATP
W118,W118,ATP
W908,W908,ATP
W172,W172,ATP
W138,W138,ATP
W739,W739,ATP
W028,W028,ATP
Z030,Z030,ATP
Z029,Z029,ATP
Z040,Z040,ATP
F324,F324,ATP
R214,R214,ATP
H025,H025,ATP
B503,B503,ATP
H380,H380,ATP
K319,K319,ATP
C582,C582,ATP
M551,M551,ATP
M063,M063,ATP
B752,B752,ATP
A293,A293,ATP
L523,L523,ATP
S813,S813,ATP
SG88,SG88,ATP
BF27,BF27,ATP
E780,E780,ATP
MG54,MG54,ATP
M507,M507,ATP
S630,S630,ATP
R883,R883,ATP
V176,V176,ATP
V311,V311,ATP
AE02,AE02,ATP
AD88,AD88,ATP
BO12,BO12,ATP
BM13,BM13,ATP
B045,B045,ATP
B0KL,B0KL,ATP
B836,B836,ATP
BO50,BO50,ATP
BN98,BN98,ATP
BB76,BB76,ATP
BB75,BB75,ATP
BO85,BO85,ATP
B245,B245,ATP
BO39,BO39,ATP
CJ23,CJ23,ATP
CI63,CI63,ATP
D0GF,D0GF,ATP
D0DH,D0DH,ATP
DD74,DD74,ATP
D083,D083,ATP
E915,E915,ATP
FA77,FA77,ATP
FA23,FA23,ATP
F976,F976,ATP
GG68,GG68,ATP
G0HA,G0HA,ATP
G195,G195,ATP
G050,G050,ATP
G060,G060,ATP
H044,H044,ATP
HD06,HD06,ATP
H737,H737,ATP
HD33,HD33,ATP
H067,H067,ATP
K113,K113,ATP
K025,K025,ATP
MR93,MR93,ATP
M228,M228,ATP
M053,M053,ATP
MS07,MS07,ATP
M062,M062,ATP
M339,M339,ATP
MP69,MP69,ATP
PI88,PI88,ATP
P0H2,P0H2,ATP
SS22,SS22,ATP
S217,S217,ATP
SQ88,SQ88,ATP
ST42,ST42,ATP
SE13,SE13,ATP
S077,S077,ATP
SA22,SA22,ATP
SS11,SS11,ATP
ST76,ST76,ATP
S241,S241,ATP
U008,U008,ATP
V0EB,V0EB,ATP
V965,V965,ATP
W752,W752,ATP
W117,W117,ATP
W900,W900,ATP
AA55,AA55,ATP
A769,A769,ATP
A497,A497,ATP
B966,B966,ATP
N980,N980,ATP
SB58,SB58,ATP
SB59,SB59,ATP
A623,A623,ATP
MC64,MC64,ATP
SD76,SD76,ATP
S675,S675,ATP
U043,U043,ATP
W481,W481,ATP
R519,R519,ATP
S478,S478,ATP
CJ97,CJ97,ATP
D684,D684,ATP
G0HU,G0HU,ATP
I326,I326,ATP
I354,I354,ATP
K0BU,K0BU,ATP
MP17,MP17,ATP
P463,P463,ATP
P095,P095,ATP
R518,R518,ATP
SF21,SF21,ATP
SG66,SG66,ATP
SO02,SO02,ATP
S476,S476,ATP
T120,T120,ATP
U018,U018,ATP
W723,W723,ATP
L596,L596,ATP
A0GB,A0GB,ATP
P0OR,P0OR,ATP
J267,J267,ATP
ML73,ML73,ATP
A563,A563,ATP
BN53,BN53,ATP
BB19,BB19,ATP
G909,G909,ATP
GA52,GA52,ATP
HA14,HA14,ATP
J173,J173,ATP
J199,J199,ATP
MG13,MG13,ATP
N808,N808,ATP
K771,K771,ATP
Y152,Y152,ATP
A402,A402,ATP
A0KA,A0KA,ATP
A764,A764,ATP
A640,A640,ATP
A0KJ,A0KJ,ATP
A642,A642,ATP
A641,A641,ATP
A0H4,A0H4,ATP
A237,A237,ATP
BN84,BN84,ATP
BB89,BB89,ATP
B311,B311,ATP
C921,C921,ATP
D662,D662,ATP
D017,D017,ATP
E248,E248,ATP
E162,E162,ATP
E638,E638,ATP
G786,G786,ATP
G692,G692,ATP
G788,G788,ATP
G787,G787,ATP
G0LK,G0LK,ATP
G789,G789,ATP
G0LJ,G0LJ,ATP
I188,I188,ATP
K136,K136,ATP
K762,K762,ATP
O271,O271,ATP
O130,O130,ATP
O0DL,O0DL,ATP
S356,S356,ATP
T321,T321,ATP
T843,T843,ATP
G330,G330,ATP
V459,V459,ATP
Y118,Y118,ATP
Z171,Z171,ATP
N0EJ,N0EJ,ATP
D801,D801,ATP
M475,M475,ATP
SC77,SC77,ATP
P198,P198,ATP
BC11,BC11,ATP
R272,R272,ATP
SE69,SE69,ATP
B470,B470,ATP
B418,B418,ATP
B09K,B09K,ATP
B0DC,B0DC,ATP
D458,D458,ATP
D459,D459,ATP
DB64,DB64,ATP
D033,D033,ATP
D668,D668,ATP
E097,E097,ATP
F383,F383,ATP
KE05,KE05,ATP
MM54,MM54,ATP
MF71,MF71,ATP
MQ15,MQ15,ATP
SH77,SH77,ATP
SB10,SB10,ATP
T333,T333,ATP
T256,T256,ATP
Y044,Y044,ATP
Y047,Y047,ATP
N587,N587,ATP
A499,A499,ATP
I186,I186,ATP
R485,R485,ATP
Q927,Q927,ATP
S402,S402,ATP
F339,F339,ATP
M442,M442,ATP
G352,G352,ATP
A092,A092,ATP
B676,B676,ATP
J386,J386,ATP
C274,C274,ATP
C243,C243,ATP
SM25,SM25,ATP
G569,G569,ATP
S403,S403,ATP
S544,S544,ATP
D362,D362,ATP
H940,H940,ATP
W123,W123,ATP
G354,G354,ATP
W124,W124,ATP
T136,T136,ATP
R016,R016,ATP
L018,L018,ATP
S380,S380,ATP
G039,G039,ATP
G016,G016,ATP
K448,K448,ATP
Y124,Y124,ATP
W212,W212,ATP
R548,R548,ATP
SL08,SL08,ATP
R483,R483,ATP
K023,K023,ATP
O099,O099,ATP
A199,A199,ATP
M805,M805,ATP
R043,R043,ATP
DC58,DC58,ATP
K358,K358,ATP
SF62,SF62,ATP
M048,M048,ATP
M448,M448,ATP
S564,S564,ATP
R368,R368,ATP
O234,O234,ATP
G333,G333,ATP
KA98,KA98,ATP
C057,C057,ATP
P233,P233,ATP
W217,W217,ATP
SG87,SG87,ATP
J100,J100,ATP
M047,M047,ATP
B588,B588,ATP
KA00,KA00,ATP
H251,H251,ATP
K737,K737,ATP
F811,F811,ATP
BA23,BA23,ATP
W011,W011,ATP
W522,W522,ATP
C355,C355,ATP
V303,V303,ATP
P012,P012,ATP
T125,T125,ATP
F337,F337,ATP
F191,F191,ATP
W177,W177,ATP
W029,W029,ATP
B401,B401,ATP
A031,A031,ATP
C044,C044,ATP
J009,J009,ATP
D004,D004,ATP
J290,J290,ATP
G196,G196,ATP
R236,R236,ATP
RC96,RC96,ATP
G300,G300,ATP
E254,E254,ATP
K156,K156,ATP
L010,L010,ATP
N674,N674,ATP
W361,W361,ATP
D191,D191,ATP
E116,E116,ATP
M041,M041,ATP
H344,H344,ATP
D265,D265,ATP
K379,K379,ATP
M564,M564,ATP
G022,G022,ATP
G174,G174,ATP
W387,W387,ATP
J018,J018,ATP
M032,M032,ATP
O252,O252,ATP
Y070,Y070,ATP
HB05,HB05,ATP
D617,D617,ATP
P052,P052,ATP
K409,K409,ATP
SL07,SL07,ATP
W359,W359,ATP
B589,B589,ATP
F029,F029,ATP
N013,N013,ATP
R254,R254,ATP
B660,B660,ATP
S601,S601,ATP
A027,A027,ATP
G292,G292,ATP
MF57,MF57,ATP
BF17,BF17,ATP
M399,M399,ATP
A311,A311,ATP
C311,C311,ATP
J098,J098,ATP
L013,L013,ATP
S377,S377,ATP
W360,W360,ATP
C522,C522,ATP
B302,B302,ATP
B699,B699,ATP
C338,C338,ATP
G212,G212,ATP
F174,F174,ATP
K172,K172,ATP
P014,P014,ATP
SQ48,SQ48,ATP
SD01,SD01,ATP
B074,B074,ATP
C011,C011,ATP
L784,L784,ATP
W214,W214,ATP
H469,H469,ATP
B523,B523,ATP
G303,G303,ATP
KC11,KC11,ATP
K022,K022,ATP
S291,S291,ATP
C924,C924,ATP
BE93,BE93,ATP
M383,M383,ATP
A169,A169,ATP
A316,A316,ATP
C407,C407,ATP
D024,D024,ATP
L275,L275,ATP
B281,B281,ATP
B619,B619,ATP
C805,C805,ATP
F378,F378,ATP
SI78,SI78,ATP
B434,B434,ATP
O174,O174,ATP
R042,R042,ATP
AB71,AB71,ATP
HA47,HA47,ATP
H320,H320,ATP
H354,H354,ATP
R616,R616,ATP
J036,J036,ATP
L580,L580,ATP
W242,W242,ATP
BT45,BT45,ATP
S560,S560,ATP
S429,S429,ATP
R029,R029,ATP
TB84,TB84,ATP
B435,B435,ATP
D177,D177,ATP
J082,J082,ATP
K178,K178,ATP
T213,T213,ATP
M172,M172,ATP
M343,M343,ATP
AE48,AE48,ATP
A490,A490,ATP
AE19,AE19,ATP
A004,A004,ATP
A675,A675,ATP
AD59,AD59,ATP
AE27,AE27,ATP
AD78,AD78,ATP
AE25,AE25,ATP
AF02,AF02,ATP
AD70,AD70,ATP
AD94,AD94,ATP
A127,A127,ATP
AD87,AD87,ATP
AE51,AE51,ATP
A0HH,A0HH,ATP
AE21,AE21,ATP
A058,A058,ATP
A044,A044,ATP
AD86,AD86,ATP
AE60,AE60,ATP
AE49,AE49,ATP
AE24,AE24,ATP
AE23,AE23,ATP
A488,A488,ATP
AE10,AE10,ATP
A023,A023,ATP
AD71,AD71,ATP
A062,A062,ATP
A085,A085,ATP
A025,A025,ATP
AD91,AD91,ATP
AE20,AE20,ATP
AE09,AE09,ATP
AE22,AE22,ATP
AD85,AD85,ATP
A063,A063,ATP
H507,H507,ATP
R330,R330,ATP
B043,B043,ATP
W195,W195,ATP
L217,L217,ATP
B023,B023,ATP
A0FY,A0FY,ATP
A0JY,A0JY,ATP
A134,A134,ATP
A020,A020,ATP
A037,A037,ATP
A0H3,A0H3,ATP
A065,A065,ATP
A053,A053,ATP
B248,B248,ATP
B285,B285,ATP
B002,B002,ATP
B006,B006,ATP
B271,B271,ATP
B0NJ,B0NJ,ATP
B338,B338,ATP
B121,B121,ATP
B0K6,B0K6,ATP
BN94,BN94,ATP
B0L7,B0L7,ATP
B026,B026,ATP
BO34,BO34,ATP
BN52,BN52,ATP
B0JZ,B0JZ,ATP
BM84,BM84,ATP
BO73,BO73,ATP
B177,B177,ATP
B127,B127,ATP
B0JR,B0JR,ATP
B0JQ,B0JQ,ATP
B0RH,B0RH,ATP
B223,B223,ATP
B137,B137,ATP
BM82,BM82,ATP
B047,B047,ATP
B0NH,B0NH,ATP
B179,B179,ATP
B132,B132,ATP
BM83,BM83,ATP
B238,B238,ATP
BC60,BC60,ATP
B059,B059,ATP
B209,B209,ATP
B066,B066,ATP
B0RG,B0RG,ATP
B068,B068,ATP
B069,B069,ATP
C304,C304,ATP
M353,M353,ATP
S405,S405,ATP
S034,S034,ATP
W155,W155,ATP
D044,D044,ATP
R032,R032,ATP
C029,C029,ATP
S358,S358,ATP
N102,N102,ATP
N104,N104,ATP
S065,S065,ATP
W039,W039,ATP
S390,S390,ATP
C268,C268,ATP
B461,B461,ATP
R317,R317,ATP
W019,W019,ATP
C408,C408,ATP
B400,B400,ATP
F221,F221,ATP
H369,H369,ATP
S401,S401,ATP
H249,H249,ATP
S466,S466,ATP
P319,P319,ATP
C500,C500,ATP
W255,W255,ATP
G399,G399,ATP
C499,C499,ATP
P505,P505,ATP
O165,O165,ATP
D677,D677,ATP
N334,N334,ATP
B841,B841,ATP
S949,S949,ATP
N246,N246,ATP
Y100,Y100,ATP
BB02,BB02,ATP
P440,P440,ATP
B898,B898,ATP
P452,P452,ATP
C768,C768,ATP
P592,P592,ATP
SF48,SF48,ATP
M778,M778,ATP
BF76,BF76,ATP
AB25,AB25,ATP
BD45,BD45,ATP
C814,C814,ATP
MG84,MG84,ATP
PE00,PE00,ATP
Q945,Q945,ATP
SM74,SM74,ATP
N673,N673,ATP
RH79,RH79,ATP
G0FZ,G0FZ,ATP
SL09,SL09,ATP
J0B0,J0B0,ATP
S0IZ,S0IZ,ATP
VA16,VA16,ATP
N762,N762,ATP
B09A,B09A,ATP
R0A5,R0A5,ATP
C0D4,C0D4,ATP
F0I8,F0I8,ATP
C882,C882,ATP
F165,F165,ATP
P021,P021,ATP
CC98,CC98,ATP
D253,D253,ATP
A785,A785,ATP
AD69,AD69,ATP
AB15,AB15,ATP
B643,B643,ATP
B0FJ,B0FJ,ATP
BD52,BD52,ATP
B635,B635,ATP
B553,B553,ATP
C004,C004,ATP
D069,D069,ATP
DE53,DE53,ATP
F392,F392,ATP
HE03,HE03,ATP
L0D3,L0D3,ATP
L0D0,L0D0,ATP
L0CI,L0CI,ATP
ML08,ML08,ATP
M079,M079,ATP
MQ57,MQ57,ATP
O157,O157,ATP
PH85,PH85,ATP
R438,R438,ATP
R045,R045,ATP
SD65,SD65,ATP
SO28,SO28,ATP
SU91,SU91,ATP
S0IO,S0IO,ATP
V403,V403,ATP
X017,X017,ATP
I165,I165,ATP
O127,O127,ATP
D551,D551,ATP
T212,T212,ATP
M745,M745,ATP
G347,G347,ATP
F786,F786,ATP
I164,I164,ATP
I151,I151,ATP
I286,I286,ATP
KG72,KG72,ATP
M690,M690,ATP
U081,U081,ATP
Y051,Y051,ATP
J341,J341,ATP
M0QE,M0QE,ATP
MK20,MK20,ATP
P218,P218,ATP
R224,R224,ATP
S585,S585,ATP
A0IM,A0IM,ATP
A061,A061,ATP
B0H1,B0H1,ATP
BG61,BG61,ATP
B398,B398,ATP
BC15,BC15,ATP
B399,B399,ATP
C210,C210,ATP
C0II,C0II,ATP
C249,C249,ATP
D353,D353,ATP
EA18,EA18,ATP
GG20,GG20,ATP
GF43,GF43,ATP
H064,H064,ATP
L0HK,L0HK,ATP
LE83,LE83,ATP
L09V,L09V,ATP
L785,L785,ATP
MD79,MD79,ATP
MF70,MF70,ATP
ME52,ME52,ATP
MA71,MA71,ATP
M0L7,M0L7,ATP
M0TR,M0TR,ATP
MG99,MG99,ATP
N795,N795,ATP
O254,O254,ATP
K338,K338,ATP
PI12,PI12,ATP
P583,P583,ATP
P684,P684,ATP
R808,R808,ATP
RG88,RG88,ATP
R361,R361,ATP
S209,S209,ATP
S0OR,S0OR,ATP
SK06,SK06,ATP
S166,S166,ATP
S0QK,S0QK,ATP
V475,V475,ATP
W0CW,W0CW,ATP
D0KZ,D0KZ,ATP
D532,D532,ATP
D0KX,D0KX,ATP
L600,L600,ATP
LE37,LE37,ATP
L0JJ,L0JJ,ATP
N0A0,N0A0,ATP
N0AC,N0AC,ATP
N0EO,N0EO,ATP
N744,N744,ATP
PH05,PH05,ATP
T0IO,T0IO,ATP
T0AB,T0AB,ATP
V952,V952,ATP
V953,V953,ATP
N813,N813,ATP
V905,V905,ATP
V0H3,V0H3,ATP
L857,L857,ATP
B397,B397,ATP
B499,B499,ATP
U024,U024,ATP
GA48,GA48,ATP
B0VR,B0VR,ATP
BC29,BC29,ATP
BN66,BN66,ATP
B527,B527,ATP
C518,C518,ATP
C0CO,C0CO,ATP
D799,D799,ATP
D081,D081,ATP
F723,F723,ATP
G103,G103,ATP
I366,I366,ATP
I359,I359,ATP
I017,I017,ATP
I005,I005,ATP
KF56,KF56,ATP
LH62,LH62,ATP
MF11,MF11,ATP
M0SL,M0SL,ATP
N0BF,N0BF,ATP
N422,N422,ATP
P074,P074,ATP
R228,R228,ATP
SS38,SS38,ATP
S0M2,S0M2,ATP
SS41,SS41,ATP
T0KN,T0KN,ATP
T732,T732,ATP
T031,T031,ATP
ad06,ad06,ATP
f491,f491,ATP
mi99,mi99,ATP
v555,v555,ATP
sb92,sb92,ATP
f231,f231,ATP
s341,s341,ATP
b796,b796,ATP
ba08,ba08,ATP
f434,f434,ATP
o042,o042,ATP
bd17,bd17,ATP
v347,v347,ATP
d384,d384,ATP
g583,g583,ATP
ma48,ma48,ATP
l0ai,l0ai,ATP
s086,s086,ATP
f0g5,f0g5,ATP
p564,p564,ATP
sb34,sb34,ATP
j468,j468,ATP
mi69,mi69,ATP
m365,m365,ATP
s148,s148,ATP
i157,i157,ATP
r908,r908,ATP
v571,v571,ATP
bg41,bg41,ATP
ba79,ba79,ATP
ge03,ge03,ATP
md50,md50,ATP
mj40,mj40,ATP
sc54,sc54,ATP
y178,y178,ATP
a189,a189,ATP
d437,d437,ATP
c967,c967,ATP
c767,c767,ATP
f195,f195,ATP
p267,p267,ATP
r316,r316,ATP
k909,k909,ATP
g004,g004,ATP
k017,k017,ATP
co03,co03,ATP
rb93,rb93,ATP
b799,b799,ATP
p435,p435,ATP
r581,r581,ATP
si06,si06,ATP
n235,n235,ATP
e081,e081,ATP
n043,n043,ATP
sh23,sh23,ATP
b0gb,b0gb,ATP
sb31,sb31,ATP
a392,a392,ATP
ca18,ca18,ATP
f304,f304,ATP
k182,k182,ATP
r472,r472,ATP
g0ab,g0ab,ATP
h170,h170,ATP
m294,m294,ATP
p078,p078,ATP
s0au,s0au,ATP
v396,v396,ATP
o558,o558,ATP
m143,m143,ATP
mo07,mo07,ATP
t014,t014,ATP
c603,c603,ATP
e208,e208,ATP
k0hs,k0hs,ATP
sx96,sx96,ATP
sp77,sp77,ATP
se52,se52,ATP
l232,l232,ATP
m122,m122,ATP
s017,s017,ATP
n011,n011,ATP
w022,w022,ATP
h538,h538,ATP
g043,g043,ATP
l320,l320,ATP
bf34,bf34,ATP
u006,u006,ATP
j033,j033,ATP
pd24,pd24,ATP
r143,r143,ATP
mn44,mn44,ATP
h417,h417,ATP
w738,w738,ATP
s862,s862,ATP
c305,c305,ATP
b279,b279,ATP
b027,b027,ATP
b765,b765,ATP
g029,g029,ATP
t011,t011,ATP
f038,f038,ATP
k012,k012,ATP
m162,m162,ATP
m014,m014,ATP
r607,r607,ATP
sn44,sn44,ATP
sk66,sk66,ATP
s018,s018,ATP
s139,s139,ATP
w002,w002,ATP
pg03,pg03,ATP
gj93,gj93,ATP
be77,be77,ATP
g214,g214,ATP
p646,p646,ATP
l060,l060,ATP
s074,s074,ATP
s975,s975,ATP
sl55,sl55,ATP
c052,c052,ATP
s092,s092,ATP
o033,o033,ATP
p072,p072,ATP
h033,h033,ATP
d045,d045,ATP
k077,k077,ATP
m141,m141,ATP
t221,t221,ATP
c0dt,c0dt,ATP
USA,USA,ATP
s150,s150,ATP
g079,g079,ATP
g813,g813,ATP
r071,r071,ATP
s224,s224,ATP
e716,e716,ATP
b296,b296,ATP
f213,f213,ATP
s244,s244,ATP
f09r,f09r,ATP
pd29,pd29,ATP
pc43,pc43,ATP
e036,e036,ATP
w030,w030,ATP
b262,b262,ATP
k362,k362,ATP
v298,v298,ATP
b481,b481,ATP
c022,c022,ATP
g205,g205,ATP
l403,l403,ATP
m0c2,m0c2,ATP
k715,k715,ATP
l384,l384,ATP
n555,n555,ATP
g528,g528,ATP
d939,d939,ATP
s008,s008,ATP
mb07,mb07,ATP
s141,s141,ATP
d038,d038,ATP
k167,k167,ATP
o370,o370,ATP
pe69,pe69,ATP
r923,r923,ATP
r339,r339,ATP
s104,s104,ATP
se15,se15,ATP
s115,s115,ATP
c938,c938,ATP
l003,l003,ATP
v185,v185,ATP
z158,z158,ATP
r064,r064,ATP
f243,f243,ATP
m212,m212,ATP
s090,s090,ATP
a366,a366,ATP
c831,c831,ATP
s920,s920,ATP
sd46,sd46,ATP
sa81,sa81,ATP
sm14,sm14,ATP
l203,l203,ATP
i039,i039,ATP
d862,d862,ATP
c053,c053,ATP
e112,e112,ATP
g248,g248,ATP
g018,g018,ATP
k585,k585,ATP
b228,b228,ATP
d026,d026,ATP
k324,k324,ATP
t012,t012,ATP
md84,md84,ATP
a229,a229,ATP
a264,a264,ATP
a138,a138,ATP
bc35,bc35,ATP
f077,f077,ATP
f047,f047,ATP
k019,k019,ATP
s043,s043,ATP
v049,v049,ATP
v004,v004,ATP
v017,v017,ATP
r227,r227,ATP
hb89,hb89,ATP
re45,re45,ATP
n532,n532,ATP
la06,la06,ATP
ce98,ce98,ATP
ch84,ch84,ATP
t037,t037,ATP
g269,g269,ATP
bl61,bl61,ATP
le91,le91,ATP
mh26,mh26,ATP
m148,m148,ATP
n0as,n0as,ATP
f079,f079,ATP
s248,s248,ATP
s129,s129,ATP
v026,v026,ATP
mb92,mb92,ATP
n106,n106,ATP
b079,b079,ATP
k165,k165,ATP
m273,m273,ATP
w020,w020,ATP
d034,d034,ATP
l017,l017,ATP
m038,m038,ATP
a323,a323,ATP
b507,b507,ATP
h056,h056,ATP
mi41,mi41,ATP
s0nr,s0nr,ATP
m248,m248,ATP
k719,k719,ATP
l373,l373,ATP
rd21,rd21,ATP
d629,d629,ATP
sy65,sy65,ATP
l224,l224,ATP
m454,m454,ATP
f093,f093,ATP
o171,o171,ATP
f189,f189,ATP
h030,h030,ATP
o269,o269,ATP
v129,v129,ATP
w016,w016,ATP
j557,j557,ATP
r068,r068,ATP
c09m,c09m,ATP
d787,d787,ATP
o045,o045,ATP
l0fw,l0fw,ATP
ad24,ad24,ATP
p528,p528,ATP
j09f,j09f,ATP
n506,n506,ATP
b135,b135,ATP
p0g6,p0g6,ATP
p026,p026,ATP
f109,f109,ATP
ag09,ag09,ATP
e082,e082,ATP
s009,s009,ATP
s137,s137,ATP
h065,h065,ATP
j615,j615,ATP
p210,p210,ATP
g428,g428,ATP
st56,st56,ATP
mv58,mv58,ATP
lf40,lf40,ATP
sl50,sl50,ATP
st55,st55,ATP
a296,a296,ATP
bg52,bg52,ATP
mc31,mc31,ATP
m018,m018,ATP
d077,d077,ATP
b0ac,b0ac,ATP
v052,v052,ATP
sy05,sy05,ATP
p566,p566,ATP
b511,b511,ATP
h054,h054,ATP
cb66,cb66,ATP
l900,l900,ATP
n336,n336,ATP
s423,s423,ATP
t074,t074,ATP
c922,c922,ATP
h291,h291,ATP
z202,z202,ATP
b682,b682,ATP
lb54,lb54,ATP
s073,s073,ATP
m794,m794,ATP
w276,w276,ATP
c045,c045,ATP
t284,t284,ATP
ac76,ac76,ATP
l005,l005,ATP
e386,e386,ATP
l441,l441,ATP
a033,a033,ATP
k011,k011,ATP
t033,t033,ATP
bu34,bu34,ATP
m867,m867,ATP
i229,i229,ATP
rf04,rf04,ATP
tg91,tg91,ATP
d072,d072,ATP
g054,g054,ATP
m144,m144,ATP
o046,o046,ATP
b041,b041,ATP
mw83,mw83,ATP
d151,d151,ATP
g157,g157,ATP
h028,h028,ATP
b307,b307,ATP
t777,t777,ATP
hb31,hb31,ATP
l063,l063,ATP
h010,h010,ATP
h140,h140,ATP
l021,l021,ATP
m034,m034,ATP
mw84,mw84,ATP
s005,s005,ATP
v050,v050,ATP
w051,w051,ATP
i037,i037,ATP
l023,l023,ATP
b0mv,b0mv,ATP
l375,l375,ATP
o474,o474,ATP
v895,v895,ATP
cd61,cd61,ATP
k364,k364,ATP
s516,s516,ATP
c866,c866,ATP
g457,g457,ATP
mh15,mh15,ATP
pj18,pj18,ATP
f006,f006,ATP
c382,c382,ATP
l996,l996,ATP
f0du,f0du,ATP
sg54,sg54,ATP
b315,b315,ATP
bk79,bk79,ATP
ci96,ci96,ATP
c104,c104,ATP
o388,o388,ATP
sd57,sd57,ATP
c711,c711,ATP
h933,h933,ATP
v510,v510,ATP
ag60,ag60,ATP
r021,r021,ATP
s282,s282,ATP
m100,m100,ATP
r070,r070,ATP
d819,d819,ATP
sm18,sm18,ATP
b032,b032,ATP
r075,r075,ATP
sc40,sc40,ATP
bj86,bj86,ATP
a423,a423,ATP
k064,k064,ATP
ka76,ka76,ATP
w006,w006,ATP
a016,a016,ATP
ld81,ld81,ATP
r311,r311,ATP
s710,s710,ATP
f490,f490,ATP
sm23,sm23,ATP
b017,b017,ATP
g161,g161,ATP
n098,n098,ATP
p168,p168,ATP
s211,s211,ATP
s081,s081,ATP
t102,t102,ATP
k354,k354,ATP
f338,f338,ATP
r628,r628,ATP
w007,w007,ATP
p388,p388,ATP
s045,s045,ATP
gc66,gc66,ATP
bi50,bi50,ATP
ce60,ce60,ATP
gd08,gd08,ATP
v223,v223,ATP
p468,p468,ATP
mj69,mj69,ATP
s0ij,s0ij,ATP
m829,m829,ATP
r117,r117,ATP
bk05,bk05,ATP
c892,c892,ATP
j543,j543,ATP
k0c9,k0c9,ATP
sn72,sn72,ATP
d398,d398,ATP
si69,si69,ATP
ke35,ke35,ATP
j158,j158,ATP
f033,f033,ATP
f043,f043,ATP
z161,z161,ATP
t281,t281,ATP
bh08,bh08,ATP
dc25,dc25,ATP
mf78,mf78,ATP
sh08,sh08,ATP
b020,b020,ATP
d028,d028,ATP
f186,f186,ATP
j102,j102,ATP
o082,o082,ATP
v042,v042,ATP
w0e2,w0e2,ATP
w037,w037,ATP
m0cg,m0cg,ATP
o570,o570,ATP
r260,r260,ATP
b477,b477,ATP
v473,v473,ATP
d317,d317,ATP
g052,g052,ATP
rc93,rc93,ATP
s754,s754,ATP
z047,z047,ATP
b450,b450,ATP
sl51,sl51,ATP
k905,k905,ATP
h272,h272,ATP
sl89,sl89,ATP
m071,m071,ATP
sj59,sj59,ATP
mg49,mg49,ATP
m142,m142,ATP
sk86,sk86,ATP
d0i5,d0i5,ATP
sx88,sx88,ATP
mt97,mt97,ATP
tb79,tb79,ATP
p057,p057,ATP
o150,o150,ATP
k033,k033,ATP
m0qu,m0qu,ATP
rc62,rc62,ATP
sf11,sf11,ATP
n343,n343,ATP
w0bg,w0bg,ATP
va27,va27,ATP
g427,g427,ATP
h011,h011,ATP
b013,b013,ATP
b337,b337,ATP
b326,b326,ATP
b077,b077,ATP
c075,c075,ATP
d021,d021,ATP
e040,e040,ATP
f092,f092,ATP
g062,g062,ATP
l012,l012,ATP
m132,m132,ATP
m384,m384,ATP
s140,s140,ATP
s125,s125,ATP
j513,j513,ATP
m398,m398,ATP
s696,s696,ATP
se07,se07,ATP
j465,j465,ATP
s093,s093,ATP
l435,l435,ATP
w206,w206,ATP
si16,si16,ATP
sl22,sl22,ATP
d245,d245,ATP
c248,c248,ATP
pc33,pc33,ATP
a328,a328,ATP
d025,d025,ATP
mb49,mb49,ATP
c893,c893,ATP
pf47,pf47,ATP
r495,r495,ATP
s111,s111,ATP
n604,n604,ATP
r934,r934,ATP
sg29,sg29,ATP
t323,t323,ATP
m0xq,m0xq,ATP
k826,k826,ATP
c706,c706,ATP
g420,g420,ATP
mg55,mg55,ATP
h292,h292,ATP
c131,c131,ATP
p077,p077,ATP
s029,s029,ATP
kb80,kb80,ATP
s0bw,s0bw,ATP
l135,l135,ATP
z333,z333,ATP
s283,s283,ATP
g194,g194,ATP
sb15,sb15,ATP
w099,w099,ATP
d048,d048,ATP
s157,s157,ATP
f034,f034,ATP
g211,g211,ATP
gc44,gc44,ATP
h0co,h0co,ATP
s742,s742,ATP
bg48,bg48,ATP
rh13,rh13,ATP
t0j0,t0j0,ATP
g073,g073,ATP
h100,h100,ATP
k127,k127,ATP
0564,0564,ATP
r261,r261,ATP
r295,r295,ATP
t266,t266,ATP
c853,c853,ATP
m158,m158,ATP
t888,t888,ATP
f116,f116,ATP
f030,f030,ATP
k195,k195,ATP
p175,p175,ATP
p075,p075,ATP
r017,r017,ATP
s145,s145,ATP
t039,t039,ATP
k301,k301,ATP
n974,n974,ATP
l015,l015,ATP
f0ff,f0ff,ATP
j083,j083,ATP
m935,m935,ATP
m09u,m09u,ATP
m063,m063,ATP
tc09,tc09,ATP
d623,d623,ATP
s0h6,s0h6,ATP
mo41,mo41,ATP
d041,d041,ATP
n021,n021,ATP
c928,c928,ATP
n0ck,n0ck,ATP
r076,r076,ATP
bm43,bm43,ATP
bh76,bh76,ATP
l163,l163,ATP
mj56,mj56,ATP
g077,g077,ATP
f001,f001,ATP
f070,f070,ATP
m061,m061,ATP
d259,d259,ATP
g09v,g09v,ATP
g672,g672,ATP
k052,k052,ATP
l045,l045,ATP
m193,m193,ATP
v008,v008,ATP
r046,r046,ATP
h005,h005,ATP
c09p,c09p,ATP
g775,g775,ATP
g385,g385,ATP
k015,k015,ATP
t196,t196,ATP
j321,j321,ATP
h020,h020,ATP
SR79,SR79,ATP
t006,t006,ATP
ha90,ha90,ATP
c09t,c09t,ATP
hc23,hc23,ATP
a384,a384,ATP
s860,s860,ATP
ta21,ta21,ATP
ta59,ta59,ATP
y137,y137,ATP
s932,s932,ATP
k459,k459,ATP
d917,d917,ATP
w612,w612,ATP
g013,g013,ATP
g178,g178,ATP
p466,p466,ATP
de02,de02,ATP
l032,l032,ATP
m043,m043,ATP
pe39,pe39,ATP
w114,w114,ATP
b070,b070,ATP
t965,t965,ATP
bm63,bm63,ATP
g0jj,g0jj,ATP
q922,q922,ATP
r805,r805,ATP
v09l,v09l,ATP
d555,d555,ATP
ml35,ml35,ATP
n412,n412,ATP
s082,s082,ATP
fa69,fa69,ATP
t164,t164,ATP
k697,k697,ATP
pf91,pf91,ATP
s060,s060,ATP
p155,p155,ATP
k028,k028,ATP
v462,v462,ATP
f663,f663,ATP
a536,a536,ATP
h253,h253,ATP
b756,b756,ATP
d019,d019,ATP
f069,f069,ATP
k158,k158,ATP
k053,k053,ATP
m056,m056,ATP
s297,s297,ATP
w034,w034,ATP
db34,db34,ATP
k698,k698,ATP
t053,t053,ATP
ma44,ma44,ATP
sc63,sc63,ATP
w845,w845,ATP
w597,w597,ATP
y0ab,y0ab,ATP
e019,e019,ATP
s415,s415,ATP
c546,c546,ATP
m081,m081,ATP
r072,r072,ATP
h407,h407,ATP
l438,l438,ATP
pa98,pa98,ATP
f706,f706,ATP
d216,d216,ATP
g069,g069,ATP
G048,G048,ATP
ke15,ke15,ATP
p013,p013,ATP
s121,s121,ATP
t123,t123,ATP
kd32,kd32,ATP
l096,l096,ATP
c002,c002,ATP
e035,e035,ATP
f974,f974,ATP
g078,g078,ATP
g049,g049,ATP
l061,l061,ATP
v156,v156,ATP
c460,c460,ATP
lc58,lc58,ATP
b881,b881,ATP
db69,db69,ATP
w009,w009,ATP
g011,g011,ATP
g080,g080,ATP
r073,r073,ATP
d016,d016,ATP
p470,p470,ATP
d420,d420,ATP
p316,p316,ATP
w045,w045,ATP
f619,f619,ATP
sj20,sj20,ATP
j586,j586,ATP
s0x5,s0x5,ATP
f542,f542,ATP
n207,n207,ATP
mb99,mb99,ATP
r790,r790,ATP
w069,w069,ATP
w027,w027,ATP
k0a4,k0a4,ATP
a943,a943,ATP
s739,s739,ATP
a633,a633,ATP
v010,v010,ATP
ge06,ge06,ATP
g008,g008,ATP
p364,p364,ATP
p0i3,p0i3,ATP
u107,u107,ATP
h084,h084,ATP
p073,p073,ATP
kc41,kc41,ATP
bs17,bs17,ATP
h129,h129,ATP
f396,f396,ATP
h206,h206,ATP
p516,p516,ATP
j347,j347,ATP
ra82,ra82,ATP
hb59,hb59,ATP
a397,a397,ATP
n691,n691,ATP
s0an,s0an,ATP
kd37,kd37,ATP
q953,q953,ATP
w609,w609,ATP
g116,g116,ATP
k0eq,k0eq,ATP
q949,q949,ATP
i013,i013,ATP
