tourney_id,tourney_year,tourney_name,level,start_date,end_date,surface,city,country,singles_draw_size,prize_money,prize_money_currency,match_id,date,round,winner,loser,winner_country,loser_country,winner_seed,loser_seed,set1_score,set2_score,set3_score,indoor_outdoor,player_id_winner,player_id_loser,tournament_name,tournament_title,year,indoor/outdoor,playerida_raw,playeridb_raw,PlayerIDA,PlayerIDB,winner_player_name,loser_player_name,winner_bracket_number,loser_bracket_number,home_player,away_player,home_country,away_country,home_seed,away_seed,winner_player_id,loser_player_id,winner_aces,loser_aces,winner_backhand_errors,loser_backhand_errors,winner_backhand_unforced_errors,loser_backhand_unforced_errors,winner_backhand_winners,loser_backhand_winners,winner_breakpoints_won,loser_breakpoints_won,winner_double_faults,loser_double_faults,winner_drop_shot_unforced_errors,loser_drop_shot_unforced_errors,winner_drop_shot_winners,loser_drop_shot_winners,winner_first_serve_points_won,loser_first_serve_points_won,winner_first_serve_successful,loser_first_serve_successful,winner_forehand_errors,loser_forehand_errors,winner_forehand_unforced_errors,loser_forehand_unforced_errors,winner_forehand_winners,loser_forehand_winners,winner_games_won,loser_games_won,winner_groundstroke_errors,loser_groundstroke_errors,winner_groundstroke_unforced_errors,loser_groundstroke_unforced_errors,winner_groundstroke_winners,loser_groundstroke_winners,winner_lob_unforced_errors,loser_lob_unforced_errors,winner_lob_winners,loser_lob_winners,winner_max_games_in_a_row,loser_max_games_in_a_row,winner_max_points_in_a_row,loser_max_points_in_a_row,winner_overhead_stroke_errors,loser_overhead_stroke_errors,winner_overhead_stroke_unforced_errors,loser_overhead_stroke_unforced_errors,winner_overhead_stroke_winners,loser_overhead_stroke_winners,winner_points_won,loser_points_won,winner_points_won_from_last_10,loser_points_won_from_last_10,winner_return_errors,loser_return_errors,winner_return_winners,loser_return_winners,winner_second_serve_points_won,loser_second_serve_points_won,winner_second_serve_successful,loser_second_serve_successful,winner_service_games_won,loser_service_games_won,winner_service_points_lost,loser_service_points_lost,winner_service_points_won,loser_service_points_won,winner_tiebreaks_won,loser_tiebreaks_won,winner_total_breakpoints,loser_total_breakpoints,winner_volley_unforced_errors,loser_volley_unforced_errors,winner_volley_winners,loser_volley_winners,Set 1 Score,Set 2 Score,Set 3 Score,ScoreString,event_id,event_year,match_time_total,match_message,match_status,set4_score,set5_score,num_sets,match_date,winner_flag_raw,winner_flag,doublefaults_tot_winner,doublefaults_tot_loser,aces_tot_winner,aces_tot_loser,firstserve_dividend_tot_winner,firstserve_dividend_tot_loser,firstserve_divisor_tot_winner,firstserve_divisor_tot_loser,firstserve_percent_tot_winner,firstserve_percent_tot_loser,firstservepointswon_dividend_tot_winner,firstservepointswon_dividend_tot_loser,firstservepointswon_divisor_tot_winner,firstservepointswon_divisor_tot_loser,firstservepointswon_percent_tot_winner,firstservepointswon_percent_tot_loser,secondservepointswon_percent_tot_winner,secondservepointswon_dividend_tot_winner,secondservepointswon_divisor_tot_winner,secondservepointswon_percent_tot_loser,secondservepointswon_dividend_tot_loser,secondservepointswon_divisor_tot_loser,breakpointssaved_dividend_tot_winner,breakpointssaved_divisor_tot_winner,breakpointssaved_percent_tot_winner,servicegamesplayed_tot_winner,servicegamesplayed_tot_loser,serverating_tot_winner,serverating_tot_loser,totalservicepointswon_dividend_tot_winner,totalservicepointswon_percent_tot_winner,totalreturnpointswon_percent_tot_winner,totalpointswon_percent_tot_winner,tiebreak_set1_winner,tiebreak_set1_loser,tiebreak_set2_winner,tiebreak_set2_loser,tiebreak_set3_winner,tiebreak_set3_loser,score_string,player_winner,player_loser,country_winner,country_loser,seed_winner,seed_loser,serveratinglink_tot_winner,serveratinglink_tot_loser,breakpointssaved_percent_tot_loser,breakpointssaved_dividend_tot_loser,breakpointssaved_divisor_tot_loser
901,2025,AUSTRALIAN OPEN,Grand Slam,2025-01-12,2025-01-26,Hard,MELBOURNE,AUSTRALIA,128.0,43608375.0,USD,LS56920103,2025-01-25,F,Madison Keys,Aryna Sabalenka,USA,,19.0,1.0,6-3,2-6,7-5,,316959,320760,AUSTRALIAN OPEN,"Australian Open - Melbourne, AUS",2025.0,,320760,316959,320760,316959,Madison Keys,Aryna Sabalenka,,,Aryna Sabalenka,Madison Keys,,USA,1,19,316959,320760,,,,,,,,,,,,,,,,,,,,,,,,,,,,,,,,,,,,,,,,,,,,,,,,,,,,,,,,,,,,,,,,,,,,,,,,,,,3-6,6-2,5-7,"3-6,6-2,5-7",901,2025,,,,,,3,2025-01-25,,,,,,,,,,,,,,,,,,,,,,,,,,,,,,,,,,,,,,,,,,"3-6,6-2,5-7",,,,,,,,,,,
901,2025,AUSTRALIAN OPEN,Grand Slam,2025-01-12,2025-01-26,Hard,MELBOURNE,AUSTRALIA,128.0,43608375.0,USD,LS56920105,2025-01-23,S,Madison Keys,Iga Swiatek,USA,POL,19.0,2.0,5-7,6-1,7-6(8),,316959,326408,AUSTRALIAN OPEN,"Australian Open - Melbourne, AUS",2025.0,,316959,326408,316959,326408,Madison Keys,Iga Swiatek,,,Madison Keys,Iga Swiatek,USA,POL,19,2,316959,326408,,,,,,,,,,,,,,,,,,,,,,,,,,,,,,,,,,,,,,,,,,,,,,,,,,,,,,,,,,,,,,,,,,,,,,,,,,,5-7,6-1,7-6(8),"5-7,6-1,7-6(10)",901,2025,,,,,,3,2025-01-23,,,,,,,,,,,,,,,,,,,,,,,,,,,,,,,,,,,,,,,,10.0,8.0,"5-7,6-1,7-6(10)",,,,,,,,,,,
901,2025,AUSTRALIAN OPEN,Grand Slam,2025-01-12,2025-01-26,Hard,MELBOURNE,AUSTRALIA,128.0,43608375.0,USD,LS56920099,2025-01-23,S,Aryna Sabalenka,Paula Badosa,,ESP,1.0,11.0,6-4,6-2,,,320760,320124,AUSTRALIAN OPEN,"Australian Open - Melbourne, AUS",2025.0,,320760,320124,320760,320124,Aryna Sabalenka,Paula Badosa,,,Aryna Sabalenka,Paula Badosa,,ESP,1,11,320760,320124,,,,,,,,,,,,,,,,,,,,,,,,,,,,,,,,,,,,,,,,,,,,,,,,,,,,,,,,,,,,,,,,,,,,,,,,,,,6-4,6-2,,"6-4,6-2",901,2025,,,,,,2,2025-01-23,,,,,,,,,,,,,,,,,,,,,,,,,,,,,,,,,,,,,,,,,,"6-4,6-2",,,,,,,,,,,
901,2025,AUSTRALIAN OPEN,Grand Slam,2025-01-12,2025-01-26,Hard,MELBOURNE,AUSTRALIA,128.0,43608375.0,USD,LS56920101,2025-01-22,Q,Iga Swiatek,Emma Navarro,POL,USA,2.0,8.0,6-1,6-2,,,326408,325410,AUSTRALIAN OPEN,"Australian Open - Melbourne, AUS",2025.0,,325410,326408,325410,326408,Iga Swiatek,Emma Navarro,,,Emma Navarro,Iga Swiatek,USA,POL,8,2,326408,325410,,,,,,,,,,,,,,,,,,,,,,,,,,,,,,,,,,,,,,,,,,,,,,,,,,,,,,,,,,,,,,,,,,,,,,,,,,,1-6,2-6,,"1-6,2-6",901,2025,,,,,,2,2025-01-22,,,,,,,,,,,,,,,,,,,,,,,,,,,,,,,,,,,,,,,,,,"1-6,2-6",,,,,,,,,,,
901,2025,AUSTRALIAN OPEN,Grand Slam,2025-01-12,2025-01-26,Hard,MELBOURNE,AUSTRALIA,128.0,43608375.0,USD,LS56920095,2025-01-22,Q,Madison Keys,Elina Svitolina,USA,UKR,19.0,28.0,3-6,6-3,6-4,,316959,316738,AUSTRALIAN OPEN,"Australian Open - Melbourne, AUS",2025.0,,316959,316738,316959,316738,Madison Keys,Elina Svitolina,,,Madison Keys,Elina Svitolina,USA,UKR,19,28,316959,316738,,,,,,,,,,,,,,,,,,,,,,,,,,,,,,,,,,,,,,,,,,,,,,,,,,,,,,,,,,,,,,,,,,,,,,,,,,,3-6,6-3,6-4,"3-6,6-3,6-4",901,2025,,,,,,3,2025-01-22,,,,,,,,,,,,,,,,,,,,,,,,,,,,,,,,,,,,,,,,,,"3-6,6-3,6-4",,,,,,,,,,,
901,2025,AUSTRALIAN OPEN,Grand Slam,2025-01-12,2025-01-26,Hard,MELBOURNE,AUSTRALIA,128.0,43608375.0,USD,LS56920091,2025-01-21,Q,Aryna Sabalenka,Anastasia Pavlyuchenkova,,,1.0,27.0,6-2,2-6,6-3,,320760,313796,AUSTRALIAN OPEN,"Australian Open - Melbourne, AUS",2025.0,,320760,313796,320760,313796,Aryna Sabalenka,Anastasia Pavlyuchenkova,,,Aryna Sabalenka,Anastasia Pavlyuchenkova,,,1,27,320760,313796,,,,,,,,,,,,,,,,,,,,,,,,,,,,,,,,,,,,,,,,,,,,,,,,,,,,,,,,,,,,,,,,,,,,,,,,,,,6-2,2-6,6-3,"6-2,2-6,6-3",901,2025,,,,,,3,2025-01-21,,,,,,,,,,,,,,,,,,,,,,,,,,,,,,,,,,,,,,,,,,"6-2,2-6,6-3",,,,,,,,,,,
901,2025,AUSTRALIAN OPEN,Grand Slam,2025-01-12,2025-01-26,Hard,MELBOURNE,AUSTRALIA,128.0,43608375.0,USD,LS56920097,2025-01-21,Q,Paula Badosa,Coco Gauff,ESP,USA,11.0,3.0,7-5,6-4,,,320124,328560,AUSTRALIAN OPEN,"Australian Open - Melbourne, AUS",2025.0,,328560,320124,328560,320124,Paula Badosa,Coco Gauff,,,Coco Gauff,Paula Badosa,USA,ESP,3,11,320124,328560,,,,,,,,,,,,,,,,,,,,,,,,,,,,,,,,,,,,,,,,,,,,,,,,,,,,,,,,,,,,,,,,,,,,,,,,,,,5-7,4-6,,"5-7,4-6",901,2025,,,,,,2,2025-01-21,,,,,,,,,,,,,,,,,,,,,,,,,,,,,,,,,,,,,,,,,,"5-7,4-6",,,,,,,,,,,
901,2025,AUSTRALIAN OPEN,Grand Slam,2025-01-12,2025-01-26,Hard,MELBOURNE,AUSTRALIA,128.0,43608375.0,USD,LS56920093,2025-01-20,4,Iga Swiatek,Eva Lys,POL,DEU,2.0,,6-0,6-1,,,326408,325826,AUSTRALIAN OPEN,"Australian Open - Melbourne, AUS",2025.0,,325826,326408,325826,326408,Iga Swiatek,Eva Lys,,,Eva Lys,Iga Swiatek,DEU,POL,,2,326408,325826,,,,,,,,,,,,,,,,,,,,,,,,,,,,,,,,,,,,,,,,,,,,,,,,,,,,,,,,,,,,,,,,,,,,,,,,,,,0-6,1-6,,"0-6,1-6",901,2025,,,,,,2,2025-01-20,,,,,,,,,,,,,,,,,,,,,,,,,,,,,,,,,,,,,,,,,,"0-6,1-6",,,,,,,,,,,
901,2025,AUSTRALIAN OPEN,Grand Slam,2025-01-12,2025-01-26,Hard,MELBOURNE,AUSTRALIA,128.0,43608375.0,USD,LS56920087,2025-01-20,4,Emma Navarro,Daria Kasatkina,USA,AUS,8.0,9.0,6-4,5-7,7-5,,325410,322082,AUSTRALIAN OPEN,"Australian Open - Melbourne, AUS",2025.0,,325410,322082,325410,322082,Emma Navarro,Daria Kasatkina,,,Emma Navarro,Daria Kasatkina,USA,AUS,8,9,325410,322082,,,,,,,,,,,,,,,,,,,,,,,,,,,,,,,,,,,,,,,,,,,,,,,,,,,,,,,,,,,,,,,,,,,,,,,,,,,6-4,5-7,7-5,"6-4,5-7,7-5",901,2025,,,,,,3,2025-01-20,,,,,,,,,,,,,,,,,,,,,,,,,,,,,,,,,,,,,,,,,,"6-4,5-7,7-5",,,,,,,,,,,
901,2025,AUSTRALIAN OPEN,Grand Slam,2025-01-12,2025-01-26,Hard,MELBOURNE,AUSTRALIA,128.0,43608375.0,USD,LS56920083,2025-01-20,4,Madison Keys,Elena Rybakina,USA,KAZ,19.0,6.0,6-3,1-6,6-3,,316959,324166,AUSTRALIAN OPEN,"Australian Open - Melbourne, AUS",2025.0,,324166,316959,324166,316959,Madison Keys,Elena Rybakina,,,Elena Rybakina,Madison Keys,KAZ,USA,6,19,316959,324166,,,,,,,,,,,,,,,,,,,,,,,,,,,,,,,,,,,,,,,,,,,,,,,,,,,,,,,,,,,,,,,,,,,,,,,,,,,3-6,6-1,3-6,"3-6,6-1,3-6",901,2025,,,,,,3,2025-01-20,,,,,,,,,,,,,,,,,,,,,,,,,,,,,,,,,,,,,,,,,,"3-6,6-1,3-6",,,,,,,,,,,
901,2025,AUSTRALIAN OPEN,Grand Slam,2025-01-12,2025-01-26,Hard,MELBOURNE,AUSTRALIA,128.0,43608375.0,USD,LS56920089,2025-01-20,4,Elina Svitolina,Veronika Kudermetova,UKR,,28.0,,6-4,6-1,,,316738,319526,AUSTRALIAN OPEN,"Australian Open - Melbourne, AUS",2025.0,,319526,316738,319526,316738,Elina Svitolina,Veronika Kudermetova,,,Veronika Kudermetova,Elina Svitolina,,UKR,,28,316738,319526,,,,,,,,,,,,,,,,,,,,,,,,,,,,,,,,,,,,,,,,,,,,,,,,,,,,,,,,,,,,,,,,,,,,,,,,,,,4-6,1-6,,"4-6,1-6",901,2025,,,,,,2,2025-01-20,,,,,,,,,,,,,,,,,,,,,,,,,,,,,,,,,,,,,,,,,,"4-6,1-6",,,,,,,,,,,
901,2025,AUSTRALIAN OPEN,Grand Slam,2025-01-12,2025-01-26,Hard,MELBOURNE,AUSTRALIA,128.0,43608375.0,USD,LS56920085,2025-01-19,4,Paula Badosa,Olga Danilovic,ESP,SRB,11.0,,6-1,7-6(2),,,320124,324934,AUSTRALIAN OPEN,"Australian Open - Melbourne, AUS",2025.0,,320124,324934,320124,324934,Paula Badosa,Olga Danilovic,,,Paula Badosa,Olga Danilovic,ESP,SRB,11,,320124,324934,,,,,,,,,,,,,,,,,,,,,,,,,,,,,,,,,,,,,,,,,,,,,,,,,,,,,,,,,,,,,,,,,,,,,,,,,,,6-1,7-6(2),,"6-1,7-6(7)",901,2025,,,,,,2,2025-01-19,,,,,,,,,,,,,,,,,,,,,,,,,,,,,,,,,,,,,,7.0,2.0,,,"6-1,7-6(7)",,,,,,,,,,,
901,2025,AUSTRALIAN OPEN,Grand Slam,2025-01-12,2025-01-26,Hard,MELBOURNE,AUSTRALIA,128.0,43608375.0,USD,LS56920081,2025-01-19,4,Anastasia Pavlyuchenkova,Donna Vekic,,HRV,27.0,18.0,7-6(0),6-0,,,313796,318516,AUSTRALIAN OPEN,"Australian Open - Melbourne, AUS",2025.0,,318516,313796,318516,313796,Anastasia Pavlyuchenkova,Donna Vekic,,,Donna Vekic,Anastasia Pavlyuchenkova,HRV,,18,27,313796,318516,,,,,,,,,,,,,,,,,,,,,,,,,,,,,,,,,,,,,,,,,,,,,,,,,,,,,,,,,,,,,,,,,,,,,,,,,,,6-7(0),0-6,,"6(7)-7,0-6",901,2025,,,,,,2,2025-01-19,,,,,,,,,,,,,,,,,,,,,,,,,,,,,,,,,,,,7.0,0.0,,,,,"6(7)-7,0-6",,,,,,,,,,,
901,2025,AUSTRALIAN OPEN,Grand Slam,2025-01-12,2025-01-26,Hard,MELBOURNE,AUSTRALIA,128.0,43608375.0,USD,LS56920079,2025-01-19,4,Coco Gauff,Belinda Bencic,USA,CHE,3.0,,5-7,6-2,6-1,,328560,319001,AUSTRALIAN OPEN,"Australian Open - Melbourne, AUS",2025.0,,328560,319001,328560,319001,Coco Gauff,Belinda Bencic,,,Coco Gauff,Belinda Bencic,USA,CHE,3,,328560,319001,,,,,,,,,,,,,,,,,,,,,,,,,,,,,,,,,,,,,,,,,,,,,,,,,,,,,,,,,,,,,,,,,,,,,,,,,,,5-7,6-2,6-1,"5-7,6-2,6-1",901,2025,,,,,,3,2025-01-19,,,,,,,,,,,,,,,,,,,,,,,,,,,,,,,,,,,,,,,,,,"5-7,6-2,6-1",,,,,,,,,,,
901,2025,AUSTRALIAN OPEN,Grand Slam,2025-01-12,2025-01-26,Hard,MELBOURNE,AUSTRALIA,128.0,43608375.0,USD,LS56920075,2025-01-19,4,Aryna Sabalenka,Mirra Andreeva,,,1.0,14.0,6-1,6-2,,,320760,331809,AUSTRALIAN OPEN,"Australian Open - Melbourne, AUS",2025.0,,320760,331809,320760,331809,Aryna Sabalenka,Mirra Andreeva,,,Aryna Sabalenka,Mirra Andreeva,,,1,14,320760,331809,,,,,,,,,,,,,,,,,,,,,,,,,,,,,,,,,,,,,,,,,,,,,,,,,,,,,,,,,,,,,,,,,,,,,,,,,,,6-1,6-2,,"6-1,6-2",901,2025,,,,,,2,2025-01-19,,,,,,,,,,,,,,,,,,,,,,,,,,,,,,,,,,,,,,,,,,"6-1,6-2",,,,,,,,,,,
901,2025,AUSTRALIAN OPEN,Grand Slam,2025-01-12,2025-01-26,Hard,MELBOURNE,AUSTRALIA,128.0,43608375.0,USD,LS56920129,2025-01-18,3,Madison Keys,Danielle Collins,USA,USA,19.0,10.0,6-4,6-4,,,316959,316925,AUSTRALIAN OPEN,"Australian Open - Melbourne, AUS",2025.0,,316959,316925,316959,316925,Madison Keys,Danielle Collins,,,Madison Keys,Danielle Collins,USA,USA,19,10,316959,316925,,,,,,,,,,,,,,,,,,,,,,,,,,,,,,,,,,,,,,,,,,,,,,,,,,,,,,,,,,,,,,,,,,,,,,,,,,,6-4,6-4,,"6-4,6-4",901,2025,,,,,,2,2025-01-18,,,,,,,,,,,,,,,,,,,,,,,,,,,,,,,,,,,,,,,,,,"6-4,6-4",,,,,,,,,,,
901,2025,AUSTRALIAN OPEN,Grand Slam,2025-01-12,2025-01-26,Hard,MELBOURNE,AUSTRALIA,128.0,43608375.0,USD,LS56920209,2025-01-18,3,Elina Svitolina,Jasmine Paolini,UKR,ITA,28.0,4.0,2-6,6-4,6-0,,316738,319280,AUSTRALIAN OPEN,"Australian Open - Melbourne, AUS",2025.0,,316738,319280,316738,319280,Elina Svitolina,Jasmine Paolini,,,Elina Svitolina,Jasmine Paolini,UKR,ITA,28,4,316738,319280,,,,,,,,,,,,,,,,,,,,,,,,,,,,,,,,,,,,,,,,,,,,,,,,,,,,,,,,,,,,,,,,,,,,,,,,,,,2-6,6-4,6-0,"2-6,6-4,6-0",901,2025,,,,,,3,2025-01-18,,,,,,,,,,,,,,,,,,,,,,,,,,,,,,,,,,,,,,,,,,"2-6,6-4,6-0",,,,,,,,,,,
901,2025,AUSTRALIAN OPEN,Grand Slam,2025-01-12,2025-01-26,Hard,MELBOURNE,AUSTRALIA,128.0,43608375.0,USD,LS56920127,2025-01-18,3,Veronika Kudermetova,Beatriz Haddad Maia,,BRA,,15.0,6-4,6-2,,,319526,318176,AUSTRALIAN OPEN,"Australian Open - Melbourne, AUS",2025.0,,318176,319526,318176,319526,Veronika Kudermetova,Beatriz Haddad Maia,,,Beatriz Haddad Maia,Veronika Kudermetova,BRA,,15,,319526,318176,,,,,,,,,,,,,,,,,,,,,,,,,,,,,,,,,,,,,,,,,,,,,,,,,,,,,,,,,,,,,,,,,,,,,,,,,,,4-6,2-6,,"4-6,2-6",901,2025,,,,,,2,2025-01-18,,,,,,,,,,,,,,,,,,,,,,,,,,,,,,,,,,,,,,,,,,"4-6,2-6",,,,,,,,,,,
901,2025,AUSTRALIAN OPEN,Grand Slam,2025-01-12,2025-01-26,Hard,MELBOURNE,AUSTRALIA,128.0,43608375.0,USD,LS56920123,2025-01-18,3,Elena Rybakina,Dayana Yastremska,KAZ,UKR,6.0,32.0,6-3,6-4,,,324166,324261,AUSTRALIAN OPEN,"Australian Open - Melbourne, AUS",2025.0,,324166,324261,324166,324261,Elena Rybakina,Dayana Yastremska,,,Elena Rybakina,Dayana Yastremska,KAZ,UKR,6,32,324166,324261,,,,,,,,,,,,,,,,,,,,,,,,,,,,,,,,,,,,,,,,,,,,,,,,,,,,,,,,,,,,,,,,,,,,,,,,,,,6-3,6-4,,"6-3,6-4",901,2025,,,,,,2,2025-01-18,,,,,,,,,,,,,,,,,,,,,,,,,,,,,,,,,,,,,,,,,,"6-3,6-4",,,,,,,,,,,
901,2025,AUSTRALIAN OPEN,Grand Slam,2025-01-12,2025-01-26,Hard,MELBOURNE,AUSTRALIA,128.0,43608375.0,USD,LS56920213,2025-01-18,3,Daria Kasatkina,Yulia Putintseva,AUS,KAZ,9.0,24.0,7-5,6-1,,,322082,317683,AUSTRALIAN OPEN,"Australian Open - Melbourne, AUS",2025.0,,317683,322082,317683,322082,Daria Kasatkina,Yulia Putintseva,,,Yulia Putintseva,Daria Kasatkina,KAZ,AUS,24,9,322082,317683,,,,,,,,,,,,,,,,,,,,,,,,,,,,,,,,,,,,,,,,,,,,,,,,,,,,,,,,,,,,,,,,,,,,,,,,,,,5-7,1-6,,"5-7,1-6",901,2025,,,,,,2,2025-01-18,,,,,,,,,,,,,,,,,,,,,,,,,,,,,,,,,,,,,,,,,,"5-7,1-6",,,,,,,,,,,
901,2025,AUSTRALIAN OPEN,Grand Slam,2025-01-12,2025-01-26,Hard,MELBOURNE,AUSTRALIA,128.0,43608375.0,USD,LS56920211,2025-01-18,3,Eva Lys,Jaqueline Cristian,DEU,ROU,,,4-6,6-3,6-3,,325826,320319,AUSTRALIAN OPEN,"Australian Open - Melbourne, AUS",2025.0,,325826,320319,325826,320319,Eva Lys,Jaqueline Cristian,,,Eva Lys,Jaqueline Cristian,DEU,ROU,,,325826,320319,,,,,,,,,,,,,,,,,,,,,,,,,,,,,,,,,,,,,,,,,,,,,,,,,,,,,,,,,,,,,,,,,,,,,,,,,,,4-6,6-3,6-3,"4-6,6-3,6-3",901,2025,,,,,,3,2025-01-18,,,,,,,,,,,,,,,,,,,,,,,,,,,,,,,,,,,,,,,,,,"4-6,6-3,6-3",,,,,,,,,,,
901,2025,AUSTRALIAN OPEN,Grand Slam,2025-01-12,2025-01-26,Hard,MELBOURNE,AUSTRALIA,128.0,43608375.0,USD,LS56920077,2025-01-18,3,Iga Swiatek,Emma Raducanu,POL,GBR,2.0,,6-1,6-0,,,326408,328366,AUSTRALIAN OPEN,"Australian Open - Melbourne, AUS",2025.0,,328366,326408,328366,326408,Iga Swiatek,Emma Raducanu,,,Emma Raducanu,Iga Swiatek,GBR,POL,,2,326408,328366,,,,,,,,,,,,,,,,,,,,,,,,,,,,,,,,,,,,,,,,,,,,,,,,,,,,,,,,,,,,,,,,,,,,,,,,,,,1-6,0-6,,"1-6,0-6",901,2025,,,,,,2,2025-01-18,,,,,,,,,,,,,,,,,,,,,,,,,,,,,,,,,,,,,,,,,,"1-6,0-6",,,,,,,,,,,
901,2025,AUSTRALIAN OPEN,Grand Slam,2025-01-12,2025-01-26,Hard,MELBOURNE,AUSTRALIA,128.0,43608375.0,USD,LS56920131,2025-01-18,3,Emma Navarro,Ons Jabeur,USA,TUN,8.0,,6-4,3-6,6-4,,325410,316847,AUSTRALIAN OPEN,"Australian Open - Melbourne, AUS",2025.0,,325410,316847,325410,316847,Emma Navarro,Ons Jabeur,,,Emma Navarro,Ons Jabeur,USA,TUN,8,,325410,316847,,,,,,,,,,,,,,,,,,,,,,,,,,,,,,,,,,,,,,,,,,,,,,,,,,,,,,,,,,,,,,,,,,,,,,,,,,,6-4,3-6,6-4,"6-4,3-6,6-4",901,2025,,,,,,3,2025-01-18,,,,,,,,,,,,,,,,,,,,,,,,,,,,,,,,,,,,,,,,,,"6-4,3-6,6-4",,,,,,,,,,,
901,2025,AUSTRALIAN OPEN,Grand Slam,2025-01-12,2025-01-26,Hard,MELBOURNE,AUSTRALIA,128.0,43608375.0,USD,LS56920125,2025-01-17,3,Olga Danilovic,Jessica Pegula,SRB,USA,,7.0,7-6(3),6-1,,,324934,316956,AUSTRALIAN OPEN,"Australian Open - Melbourne, AUS",2025.0,,324934,316956,324934,316956,Olga Danilovic,Jessica Pegula,,,Olga Danilovic,Jessica Pegula,SRB,USA,,7,324934,316956,,,,,,,,,,,,,,,,,,,,,,,,,,,,,,,,,,,,,,,,,,,,,,,,,,,,,,,,,,,,,,,,,,,,,,,,,,,7-6(3),6-1,,"7-6(7),6-1",901,2025,,,,,,2,2025-01-17,,,,,,,,,,,,,,,,,,,,,,,,,,,,,,,,,,,,7.0,3.0,,,,,"7-6(7),6-1",,,,,,,,,,,
901,2025,AUSTRALIAN OPEN,Grand Slam,2025-01-12,2025-01-26,Hard,MELBOURNE,AUSTRALIA,128.0,43608375.0,USD,LS56920115,2025-01-17,3,Coco Gauff,Leylah Fernandez,USA,CAN,3.0,30.0,6-4,6-2,,,328560,326735,AUSTRALIAN OPEN,"Australian Open - Melbourne, AUS",2025.0,,328560,326735,328560,326735,Coco Gauff,Leylah Fernandez,,,Coco Gauff,Leylah Fernandez,USA,CAN,3,30,328560,326735,,,,,,,,,,,,,,,,,,,,,,,,,,,,,,,,,,,,,,,,,,,,,,,,,,,,,,,,,,,,,,,,,,,,,,,,,,,6-4,6-2,,"6-4,6-2",901,2025,,,,,,2,2025-01-17,,,,,,,,,,,,,,,,,,,,,,,,,,,,,,,,,,,,,,,,,,"6-4,6-2",,,,,,,,,,,
901,2025,,,,,,,,,,,,,,Belinda Bencic,Naomi Osaka,,,,,B.BelindadO.Naomi,,,,319001,319998,,,,,,,319998,319001,Belinda Bencic,Naomi Osaka,,,,,,,,,319001,319998,,,,,,,,,,,,,,,,,,,,,,,,,,,,,,,,,,,,,,,,,,,,,,,,,,,,,,,,,,,,,,,,,,,,,,,,,,,,,,B. Belinda d O. Naomi ,901,2025,,,,,,1,,,,,,,,,,,,,,,,,,,,,,,,,,,,,,,,,,,,,,,,,,,B. Belinda d O. Naomi ,,,,,,,,,,,
901,2025,AUSTRALIAN OPEN,Grand Slam,2025-01-12,2025-01-26,Hard,MELBOURNE,AUSTRALIA,128.0,43608375.0,USD,LS56920113,2025-01-17,3,Mirra Andreeva,Magdalena Frech,,POL,14.0,23.0,6-2,1-6,6-2,,331809,320277,AUSTRALIAN OPEN,"Australian Open - Melbourne, AUS",2025.0,,320277,331809,320277,331809,Mirra Andreeva,Magdalena Frech,,,Magdalena Frech,Mirra Andreeva,POL,,23,14,331809,320277,,,,,,,,,,,,,,,,,,,,,,,,,,,,,,,,,,,,,,,,,,,,,,,,,,,,,,,,,,,,,,,,,,,,,,,,,,,2-6,6-1,2-6,"2-6,6-1,2-6",901,2025,,,,,,3,2025-01-17,,,,,,,,,,,,,,,,,,,,,,,,,,,,,,,,,,,,,,,,,,"2-6,6-1,2-6",,,,,,,,,,,
901,2025,AUSTRALIAN OPEN,Grand Slam,2025-01-12,2025-01-26,Hard,MELBOURNE,AUSTRALIA,128.0,43608375.0,USD,LS56920119,2025-01-17,3,Paula Badosa,Marta Kostyuk,ESP,UKR,11.0,17.0,6-4,4-6,6-3,,320124,326482,AUSTRALIAN OPEN,"Australian Open - Melbourne, AUS",2025.0,,320124,326482,320124,326482,Paula Badosa,Marta Kostyuk,,,Paula Badosa,Marta Kostyuk,ESP,UKR,11,17,320124,326482,,,,,,,,,,,,,,,,,,,,,,,,,,,,,,,,,,,,,,,,,,,,,,,,,,,,,,,,,,,,,,,,,,,,,,,,,,,6-4,4-6,6-3,"6-4,4-6,6-3",901,2025,,,,,,3,2025-01-17,,,,,,,,,,,,,,,,,,,,,,,,,,,,,,,,,,,,,,,,,,"6-4,4-6,6-3",,,,,,,,,,,
901,2025,AUSTRALIAN OPEN,Grand Slam,2025-01-12,2025-01-26,Hard,MELBOURNE,AUSTRALIA,128.0,43608375.0,USD,LS56920107,2025-01-17,3,Aryna Sabalenka,Clara Tauson,,DNK,1.0,,7-6(5),6-4,,,320760,327793,AUSTRALIAN OPEN,"Australian Open - Melbourne, AUS",2025.0,,320760,327793,320760,327793,Aryna Sabalenka,Clara Tauson,,,Aryna Sabalenka,Clara Tauson,,DNK,1,,320760,327793,,,,,,,,,,,,,,,,,,,,,,,,,,,,,,,,,,,,,,,,,,,,,,,,,,,,,,,,,,,,,,,,,,,,,,,,,,,7-6(5),6-4,,"7-6(7),6-4",901,2025,,,,,,2,2025-01-17,,,,,,,,,,,,,,,,,,,,,,,,,,,,,,,,,,,,7.0,5.0,,,,,"7-6(7),6-4",,,,,,,,,,,
901,2025,AUSTRALIAN OPEN,Grand Slam,2025-01-12,2025-01-26,Hard,MELBOURNE,AUSTRALIA,128.0,43608375.0,USD,LS56920111,2025-01-17,3,Donna Vekic,Diana Shnaider,HRV,,18.0,12.0,7-6(4),6-7(3),7-5,,318516,330482,AUSTRALIAN OPEN,"Australian Open - Melbourne, AUS",2025.0,,330482,318516,330482,318516,Donna Vekic,Diana Shnaider,,,Diana Shnaider,Donna Vekic,,HRV,12,18,318516,330482,,,,,,,,,,,,,,,,,,,,,,,,,,,,,,,,,,,,,,,,,,,,,,,,,,,,,,,,,,,,,,,,,,,,,,,,,,,6-7(4),7-6(3),5-7,"6(7)-7,7-6(7),5-7",901,2025,,,,,,3,2025-01-17,,,,,,,,,,,,,,,,,,,,,,,,,,,,,,,,,,,,7.0,4.0,7.0,3.0,,,"6(7)-7,7-6(7),5-7",,,,,,,,,,,
901,2025,AUSTRALIAN OPEN,Grand Slam,2025-01-12,2025-01-26,Hard,MELBOURNE,AUSTRALIA,128.0,43608375.0,USD,LS56920117,2025-01-17,3,Anastasia Pavlyuchenkova,Laura Siegemund,,DEU,27.0,,6-1,6-2,,,313796,310926,AUSTRALIAN OPEN,"Australian Open - Melbourne, AUS",2025.0,,313796,310926,313796,310926,Anastasia Pavlyuchenkova,Laura Siegemund,,,Anastasia Pavlyuchenkova,Laura Siegemund,,DEU,27,,313796,310926,,,,,,,,,,,,,,,,,,,,,,,,,,,,,,,,,,,,,,,,,,,,,,,,,,,,,,,,,,,,,,,,,,,,,,,,,,,6-1,6-2,,"6-1,6-2",901,2025,,,,,,2,2025-01-17,,,,,,,,,,,,,,,,,,,,,,,,,,,,,,,,,,,,,,,,,,"6-1,6-2",,,,,,,,,,,
901,2025,AUSTRALIAN OPEN,Grand Slam,2025-01-12,2025-01-26,Hard,MELBOURNE,AUSTRALIA,128.0,43608375.0,USD,LS56920233,2025-01-16,2,Jasmine Paolini,Renata Zarazua,ITA,MEX,4.0,,6-2,6-3,,,319280,320716,AUSTRALIAN OPEN,"Australian Open - Melbourne, AUS",2025.0,,320716,319280,320716,319280,Jasmine Paolini,Renata Zarazua,,,Renata Zarazua,Jasmine Paolini,MEX,ITA,,4,319280,320716,,,,,,,,,,,,,,,,,,,,,,,,,,,,,,,,,,,,,,,,,,,,,,,,,,,,,,,,,,,,,,,,,,,,,,,,,,,2-6,3-6,,"2-6,3-6",901,2025,,,,,,2,2025-01-16,,,,,,,,,,,,,,,,,,,,,,,,,,,,,,,,,,,,,,,,,,"2-6,3-6",,,,,,,,,,,
901,2025,AUSTRALIAN OPEN,Grand Slam,2025-01-12,2025-01-26,Hard,MELBOURNE,AUSTRALIA,128.0,43608375.0,USD,LS56920225,2025-01-16,2,Danielle Collins,Destanee Aiava,USA,AUS,10.0,,7-6(4),4-6,6-2,,316925,324219,AUSTRALIAN OPEN,"Australian Open - Melbourne, AUS",2025.0,,324219,316925,324219,316925,Danielle Collins,Destanee Aiava,,,Destanee Aiava,Danielle Collins,AUS,USA,,10,316925,324219,,,,,,,,,,,,,,,,,,,,,,,,,,,,,,,,,,,,,,,,,,,,,,,,,,,,,,,,,,,,,,,,,,,,,,,,,,,6-7(4),6-4,2-6,"6(7)-7,6-4,2-6",901,2025,,,,,,3,2025-01-16,,,,,,,,,,,,,,,,,,,,,,,,,,,,,,,,,,,,7.0,4.0,,,,,"6(7)-7,6-4,2-6",,,,,,,,,,,
901,2025,AUSTRALIAN OPEN,Grand Slam,2025-01-12,2025-01-26,Hard,MELBOURNE,AUSTRALIA,128.0,43608375.0,USD,LS56920219,2025-01-16,2,Madison Keys,Elena-Gabriela Ruse,USA,ROU,19.0,,7-6(1),2-6,7-5,,316959,320408,AUSTRALIAN OPEN,"Australian Open - Melbourne, AUS",2025.0,,316959,320408,316959,320408,Madison Keys,Elena-Gabriela Ruse,,,Madison Keys,Elena-Gabriela Ruse,USA,ROU,19,,316959,320408,,,,,,,,,,,,,,,,,,,,,,,,,,,,,,,,,,,,,,,,,,,,,,,,,,,,,,,,,,,,,,,,,,,,,,,,,,,7-6(1),2-6,7-5,"7-6(7),2-6,7-5",901,2025,,,,,,3,2025-01-16,,,,,,,,,,,,,,,,,,,,,,,,,,,,,,,,,,,,7.0,1.0,,,,,"7-6(7),2-6,7-5",,,,,,,,,,,
901,2025,AUSTRALIAN OPEN,Grand Slam,2025-01-12,2025-01-26,Hard,MELBOURNE,AUSTRALIA,128.0,43608375.0,USD,LS56920229,2025-01-16,2,Veronika Kudermetova,Katie Boulter,,GBR,,22.0,7-6(3),2-6,6-2,,319526,319125,AUSTRALIAN OPEN,"Australian Open - Melbourne, AUS",2025.0,,319526,319125,319526,319125,Veronika Kudermetova,Katie Boulter,,,Veronika Kudermetova,Katie Boulter,,GBR,,22,319526,319125,,,,,,,,,,,,,,,,,,,,,,,,,,,,,,,,,,,,,,,,,,,,,,,,,,,,,,,,,,,,,,,,,,,,,,,,,,,7-6(3),2-6,6-2,"7-6(7),2-6,6-2",901,2025,,,,,,3,2025-01-16,,,,,,,,,,,,,,,,,,,,,,,,,,,,,,,,,,,,7.0,3.0,,,,,"7-6(7),2-6,6-2",,,,,,,,,,,
901,2025,AUSTRALIAN OPEN,Grand Slam,2025-01-12,2025-01-26,Hard,MELBOURNE,AUSTRALIA,128.0,43608375.0,USD,LS56920227,2025-01-16,2,Elina Svitolina,Caroline Dolehide,UKR,USA,28.0,,6-1,6-4,,,316738,322052,AUSTRALIAN OPEN,"Australian Open - Melbourne, AUS",2025.0,,316738,322052,316738,322052,Elina Svitolina,Caroline Dolehide,,,Elina Svitolina,Caroline Dolehide,UKR,USA,28,,316738,322052,,,,,,,,,,,,,,,,,,,,,,,,,,,,,,,,,,,,,,,,,,,,,,,,,,,,,,,,,,,,,,,,,,,,,,,,,,,6-1,6-4,,"6-1,6-4",901,2025,,,,,,2,2025-01-16,,,,,,,,,,,,,,,,,,,,,,,,,,,,,,,,,,,,,,,,,,"6-1,6-4",,,,,,,,,,,
901,2025,AUSTRALIAN OPEN,Grand Slam,2025-01-12,2025-01-26,Hard,MELBOURNE,AUSTRALIA,128.0,43608375.0,USD,LS56920245,2025-01-16,2,Jaqueline Cristian,Lucia Bronzetti,ROU,ITA,,,7-5,7-5,,,320319,322280,AUSTRALIAN OPEN,"Australian Open - Melbourne, AUS",2025.0,,320319,322280,320319,322280,Jaqueline Cristian,Lucia Bronzetti,,,Jaqueline Cristian,Lucia Bronzetti,ROU,ITA,,,320319,322280,,,,,,,,,,,,,,,,,,,,,,,,,,,,,,,,,,,,,,,,,,,,,,,,,,,,,,,,,,,,,,,,,,,,,,,,,,,7-5,7-5,,"7-5,7-5",901,2025,,,,,,2,2025-01-16,,,,,,,,,,,,,,,,,,,,,,,,,,,,,,,,,,,,,,,,,,"7-5,7-5",,,,,,,,,,,
901,2025,AUSTRALIAN OPEN,Grand Slam,2025-01-12,2025-01-26,Hard,MELBOURNE,AUSTRALIA,128.0,43608375.0,USD,LS56920223,2025-01-16,2,Beatriz Haddad Maia,Erika Andreeva,BRA,,15.0,,6-2,6-3,,,318176,330151,AUSTRALIAN OPEN,"Australian Open - Melbourne, AUS",2025.0,,318176,330151,318176,330151,Beatriz Haddad Maia,Erika Andreeva,,,Beatriz Haddad Maia,Erika Andreeva,BRA,,15,,318176,330151,,,,,,,,,,,,,,,,,,,,,,,,,,,,,,,,,,,,,,,,,,,,,,,,,,,,,,,,,,,,,,,,,,,,,,,,,,,6-2,6-3,,"6-2,6-3",901,2025,,,,,,2,2025-01-16,,,,,,,,,,,,,,,,,,,,,,,,,,,,,,,,,,,,,,,,,,"6-2,6-3",,,,,,,,,,,
901,2025,AUSTRALIAN OPEN,Grand Slam,2025-01-12,2025-01-26,Hard,MELBOURNE,AUSTRALIA,128.0,43608375.0,USD,LS56920239,2025-01-16,2,Eva Lys,Varvara Gracheva,DEU,FRA,,,6-2,3-6,6-4,,325826,325836,AUSTRALIAN OPEN,"Australian Open - Melbourne, AUS",2025.0,,325826,325836,325826,325836,Eva Lys,Varvara Gracheva,,,Eva Lys,Varvara Gracheva,DEU,FRA,,,325826,325836,,,,,,,,,,,,,,,,,,,,,,,,,,,,,,,,,,,,,,,,,,,,,,,,,,,,,,,,,,,,,,,,,,,,,,,,,,,6-2,3-6,6-4,"6-2,3-6,6-4",901,2025,,,,,,3,2025-01-16,,,,,,,,,,,,,,,,,,,,,,,,,,,,,,,,,,,,,,,,,,"6-2,3-6,6-4",,,,,,,,,,,
901,2025,AUSTRALIAN OPEN,Grand Slam,2025-01-12,2025-01-26,Hard,MELBOURNE,AUSTRALIA,128.0,43608375.0,USD,LS56920215,2025-01-16,2,Elena Rybakina,Iva Jovic,KAZ,USA,6.0,,6-0,6-3,,,324166,332285,AUSTRALIAN OPEN,"Australian Open - Melbourne, AUS",2025.0,,324166,332285,324166,332285,Elena Rybakina,Iva Jovic,,,Elena Rybakina,Iva Jovic,KAZ,USA,6,,324166,332285,,,,,,,,,,,,,,,,,,,,,,,,,,,,,,,,,,,,,,,,,,,,,,,,,,,,,,,,,,,,,,,,,,,,,,,,,,,6-0,6-3,,"6-0,6-3",901,2025,,,,,,2,2025-01-16,,,,,,,,,,,,,,,,,,,,,,,,,,,,,,,,,,,,,,,,,,"6-0,6-3",,,,,,,,,,,
901,2025,AUSTRALIAN OPEN,Grand Slam,2025-01-12,2025-01-26,Hard,MELBOURNE,AUSTRALIA,128.0,43608375.0,USD,LS56920235,2025-01-16,2,Yulia Putintseva,Shuai Zhang,KAZ,CHN,24.0,,6-2,6-1,,,317683,311779,AUSTRALIAN OPEN,"Australian Open - Melbourne, AUS",2025.0,,317683,311779,317683,311779,Yulia Putintseva,Shuai Zhang,,,Yulia Putintseva,Shuai Zhang,KAZ,CHN,24,,317683,311779,,,,,,,,,,,,,,,,,,,,,,,,,,,,,,,,,,,,,,,,,,,,,,,,,,,,,,,,,,,,,,,,,,,,,,,,,,,6-2,6-1,,"6-2,6-1",901,2025,,,,,,2,2025-01-16,,,,,,,,,,,,,,,,,,,,,,,,,,,,,,,,,,,,,,,,,,"6-2,6-1",,,,,,,,,,,
901,2025,AUSTRALIAN OPEN,Grand Slam,2025-01-12,2025-01-26,Hard,MELBOURNE,AUSTRALIA,128.0,43608375.0,USD,LS56920109,2025-01-16,2,Iga Swiatek,Rebecca Sramkova,POL,SVK,2.0,,6-0,6-2,,,326408,320228,AUSTRALIAN OPEN,"Australian Open - Melbourne, AUS",2025.0,,320228,326408,320228,326408,Iga Swiatek,Rebecca Sramkova,,,Rebecca Sramkova,Iga Swiatek,SVK,POL,,2,326408,320228,,,,,,,,,,,,,,,,,,,,,,,,,,,,,,,,,,,,,,,,,,,,,,,,,,,,,,,,,,,,,,,,,,,,,,,,,,,0-6,2-6,,"0-6,2-6",901,2025,,,,,,2,2025-01-16,,,,,,,,,,,,,,,,,,,,,,,,,,,,,,,,,,,,,,,,,,"0-6,2-6",,,,,,,,,,,
901,2025,AUSTRALIAN OPEN,Grand Slam,2025-01-12,2025-01-26,Hard,MELBOURNE,AUSTRALIA,128.0,43608375.0,USD,LS56920231,2025-01-16,2,Emma Navarro,Xiyu Wang,USA,CHN,8.0,,6-3,3-6,6-4,,325410,326160,AUSTRALIAN OPEN,"Australian Open - Melbourne, AUS",2025.0,,325410,326160,325410,326160,Emma Navarro,Xiyu Wang,,,Emma Navarro,Xiyu Wang,USA,CHN,8,,325410,326160,,,,,,,,,,,,,,,,,,,,,,,,,,,,,,,,,,,,,,,,,,,,,,,,,,,,,,,,,,,,,,,,,,,,,,,,,,,6-3,3-6,6-4,"6-3,3-6,6-4",901,2025,,,,,,3,2025-01-16,,,,,,,,,,,,,,,,,,,,,,,,,,,,,,,,,,,,,,,,,,"6-3,3-6,6-4",,,,,,,,,,,
901,2025,AUSTRALIAN OPEN,Grand Slam,2025-01-12,2025-01-26,Hard,MELBOURNE,AUSTRALIA,128.0,43608375.0,USD,LS56920221,2025-01-16,2,Dayana Yastremska,Danka Kovinic,UKR,MNE,32.0,,6-0,6-1,,,324261,52229,AUSTRALIAN OPEN,"Australian Open - Melbourne, AUS",2025.0,,52229,324261,52229,324261,Dayana Yastremska,Danka Kovinic,,,Danka Kovinic,Dayana Yastremska,MNE,UKR,,32,324261,52229,,,,,,,,,,,,,,,,,,,,,,,,,,,,,,,,,,,,,,,,,,,,,,,,,,,,,,,,,,,,,,,,,,,,,,,,,,,0-6,1-6,,"0-6,1-6",901,2025,,,,,,2,2025-01-16,,,,,,,,,,,,,,,,,,,,,,,,,,,,,,,,,,,,,,,,,,"0-6,1-6",,,,,,,,,,,
901,2025,AUSTRALIAN OPEN,Grand Slam,2025-01-12,2025-01-26,Hard,MELBOURNE,AUSTRALIA,128.0,43608375.0,USD,LS56920237,2025-01-16,2,Ons Jabeur,Camila Osorio,TUN,COL,,,7-5,6-3,,,316847,325898,AUSTRALIAN OPEN,"Australian Open - Melbourne, AUS",2025.0,,316847,325898,316847,325898,Ons Jabeur,Camila Osorio,,,Ons Jabeur,Camila Osorio,TUN,COL,,,316847,325898,,,,,,,,,,,,,,,,,,,,,,,,,,,,,,,,,,,,,,,,,,,,,,,,,,,,,,,,,,,,,,,,,,,,,,,,,,,7-5,6-3,,"7-5,6-3",901,2025,,,,,,2,2025-01-16,,,,,,,,,,,,,,,,,,,,,,,,,,,,,,,,,,,,,,,,,,"7-5,6-3",,,,,,,,,,,
901,2025,AUSTRALIAN OPEN,Grand Slam,2025-01-12,2025-01-26,Hard,MELBOURNE,AUSTRALIA,128.0,43608375.0,USD,LS56920241,2025-01-16,2,Daria Kasatkina,Yafan Wang,AUS,CHN,9.0,,6-2,6-0,,,322082,317510,AUSTRALIAN OPEN,"Australian Open - Melbourne, AUS",2025.0,,317510,322082,317510,322082,Daria Kasatkina,Yafan Wang,,,Yafan Wang,Daria Kasatkina,CHN,AUS,,9,322082,317510,,,,,,,,,,,,,,,,,,,,,,,,,,,,,,,,,,,,,,,,,,,,,,,,,,,,,,,,,,,,,,,,,,,,,,,,,,,2-6,0-6,,"2-6,0-6",901,2025,,,,,,2,2025-01-16,,,,,,,,,,,,,,,,,,,,,,,,,,,,,,,,,,,,,,,,,,"2-6,0-6",,,,,,,,,,,
901,2025,AUSTRALIAN OPEN,Grand Slam,2025-01-12,2025-01-26,Hard,MELBOURNE,AUSTRALIA,128.0,43608375.0,USD,LS56920243,2025-01-16,2,Emma Raducanu,Amanda Anisimova,GBR,USA,,,6-3,7-5,,,328366,326384,AUSTRALIAN OPEN,"Australian Open - Melbourne, AUS",2025.0,,328366,326384,328366,326384,Emma Raducanu,Amanda Anisimova,,,Emma Raducanu,Amanda Anisimova,GBR,USA,,,328366,326384,,,,,,,,,,,,,,,,,,,,,,,,,,,,,,,,,,,,,,,,,,,,,,,,,,,,,,,,,,,,,,,,,,,,,,,,,,,6-3,7-5,,"6-3,7-5",901,2025,,,,,,2,2025-01-16,,,,,,,,,,,,,,,,,,,,,,,,,,,,,,,,,,,,,,,,,,"6-3,7-5",,,,,,,,,,,
901,2025,AUSTRALIAN OPEN,Grand Slam,2025-01-12,2025-01-26,Hard,MELBOURNE,AUSTRALIA,128.0,43608375.0,USD,LS56920067,2025-01-15,2,Paula Badosa,Talia Gibson,ESP,AUS,11.0,,6-1,6-0,,,320124,329393,AUSTRALIAN OPEN,"Australian Open - Melbourne, AUS",2025.0,,320124,329393,320124,329393,Paula Badosa,Talia Gibson,,,Paula Badosa,Talia Gibson,ESP,AUS,11,,320124,329393,,,,,,,,,,,,,,,,,,,,,,,,,,,,,,,,,,,,,,,,,,,,,,,,,,,,,,,,,,,,,,,,,,,,,,,,,,,6-1,6-0,,"6-1,6-0",901,2025,,,,,,2,2025-01-15,,,,,,,,,,,,,,,,,,,,,,,,,,,,,,,,,,,,,,,,,,"6-1,6-0",,,,,,,,,,,
901,2025,AUSTRALIAN OPEN,Grand Slam,2025-01-12,2025-01-26,Hard,MELBOURNE,AUSTRALIA,128.0,43608375.0,USD,LS56920057,2025-01-15,2,Donna Vekic,Harriet Dart,HRV,GBR,18.0,,4-6,6-0,6-2,,318516,319489,AUSTRALIAN OPEN,"Australian Open - Melbourne, AUS",2025.0,,319489,318516,319489,318516,Donna Vekic,Harriet Dart,,,Harriet Dart,Donna Vekic,GBR,HRV,,18,318516,319489,,,,,,,,,,,,,,,,,,,,,,,,,,,,,,,,,,,,,,,,,,,,,,,,,,,,,,,,,,,,,,,,,,,,,,,,,,,6-4,0-6,2-6,"6-4,0-6,2-6",901,2025,,,,,,3,2025-01-15,,,,,,,,,,,,,,,,,,,,,,,,,,,,,,,,,,,,,,,,,,"6-4,0-6,2-6",,,,,,,,,,,
901,2025,AUSTRALIAN OPEN,Grand Slam,2025-01-12,2025-01-26,Hard,MELBOURNE,AUSTRALIA,128.0,43608375.0,USD,LS56920073,2025-01-15,2,Marta Kostyuk,Jule Niemeier,UKR,DEU,17.0,,6-3,6-0,,,326482,325940,AUSTRALIAN OPEN,"Australian Open - Melbourne, AUS",2025.0,,325940,326482,325940,326482,Marta Kostyuk,Jule Niemeier,,,Jule Niemeier,Marta Kostyuk,DEU,UKR,,17,326482,325940,,,,,,,,,,,,,,,,,,,,,,,,,,,,,,,,,,,,,,,,,,,,,,,,,,,,,,,,,,,,,,,,,,,,,,,,,,,3-6,0-6,,"3-6,0-6",901,2025,,,,,,2,2025-01-15,,,,,,,,,,,,,,,,,,,,,,,,,,,,,,,,,,,,,,,,,,"3-6,0-6",,,,,,,,,,,
901,2025,AUSTRALIAN OPEN,Grand Slam,2025-01-12,2025-01-26,Hard,MELBOURNE,AUSTRALIA,128.0,43608375.0,USD,LS56920059,2025-01-15,2,Coco Gauff,Jodie Burrage,USA,GBR,3.0,,6-3,7-5,,,328560,323802,AUSTRALIAN OPEN,"Australian Open - Melbourne, AUS",2025.0,,328560,323802,328560,323802,Coco Gauff,Jodie Burrage,,,Coco Gauff,Jodie Burrage,USA,GBR,3,,328560,323802,,,,,,,,,,,,,,,,,,,,,,,,,,,,,,,,,,,,,,,,,,,,,,,,,,,,,,,,,,,,,,,,,,,,,,,,,,,6-3,7-5,,"6-3,7-5",901,2025,,,,,,2,2025-01-15,,,,,,,,,,,,,,,,,,,,,,,,,,,,,,,,,,,,,,,,,,"6-3,7-5",,,,,,,,,,,
901,2025,AUSTRALIAN OPEN,Grand Slam,2025-01-12,2025-01-26,Hard,MELBOURNE,AUSTRALIA,128.0,43608375.0,USD,LS56920051,2025-01-15,2,Diana Shnaider,Ajla Tomljanovic,,AUS,12.0,,6-4,7-5,,,330482,315232,AUSTRALIAN OPEN,"Australian Open - Melbourne, AUS",2025.0,,330482,315232,330482,315232,Diana Shnaider,Ajla Tomljanovic,,,Diana Shnaider,Ajla Tomljanovic,,AUS,12,,330482,315232,,,,,,,,,,,,,,,,,,,,,,,,,,,,,,,,,,,,,,,,,,,,,,,,,,,,,,,,,,,,,,,,,,,,,,,,,,,6-4,7-5,,"6-4,7-5",901,2025,,,,,,2,2025-01-15,,,,,,,,,,,,,,,,,,,,,,,,,,,,,,,,,,,,,,,,,,"6-4,7-5",,,,,,,,,,,
901,2025,AUSTRALIAN OPEN,Grand Slam,2025-01-12,2025-01-26,Hard,MELBOURNE,AUSTRALIA,128.0,43608375.0,USD,LS56920055,2025-01-15,2,Anastasia Pavlyuchenkova,Anastasia Potapova,,AUT,27.0,,7-6(2),2-6,6-2,,313796,325601,AUSTRALIAN OPEN,"Australian Open - Melbourne, AUS",2025.0,,313796,325601,313796,325601,Anastasia Pavlyuchenkova,Anastasia Potapova,,,Anastasia Pavlyuchenkova,Anastasia Potapova,,AUT,27,,313796,325601,,,,,,,,,,,,,,,,,,,,,,,,,,,,,,,,,,,,,,,,,,,,,,,,,,,,,,,,,,,,,,,,,,,,,,,,,,,7-6(2),2-6,6-2,"7-6(7),2-6,6-2",901,2025,,,,,,3,2025-01-15,,,,,,,,,,,,,,,,,,,,,,,,,,,,,,,,,,,,7.0,2.0,,,,,"7-6(7),2-6,6-2",,,,,,,,,,,
901,2025,AUSTRALIAN OPEN,Grand Slam,2025-01-12,2025-01-26,Hard,MELBOURNE,AUSTRALIA,128.0,43608375.0,USD,LS56920065,2025-01-15,2,Leylah Fernandez,Cristina Bucsa,CAN,ESP,30.0,,3-6,6-4,6-4,,326735,321158,AUSTRALIAN OPEN,"Australian Open - Melbourne, AUS",2025.0,,321158,326735,321158,326735,Leylah Fernandez,Cristina Bucsa,,,Cristina Bucsa,Leylah Fernandez,ESP,CAN,,30,326735,321158,,,,,,,,,,,,,,,,,,,,,,,,,,,,,,,,,,,,,,,,,,,,,,,,,,,,,,,,,,,,,,,,,,,,,,,,,,,6-3,4-6,4-6,"6-3,4-6,4-6",901,2025,,,,,,3,2025-01-15,,,,,,,,,,,,,,,,,,,,,,,,,,,,,,,,,,,,,,,,,,"6-3,4-6,4-6",,,,,,,,,,,
901,2025,AUSTRALIAN OPEN,Grand Slam,2025-01-12,2025-01-26,Hard,MELBOURNE,AUSTRALIA,128.0,43608375.0,USD,LS56920063,2025-01-15,2,Naomi Osaka,Karolina Muchova,JPN,CZE,,20.0,1-6,6-1,6-3,,319998,322191,AUSTRALIAN OPEN,"Australian Open - Melbourne, AUS",2025.0,,322191,319998,322191,319998,Naomi Osaka,Karolina Muchova,,,Karolina Muchova,Naomi Osaka,CZE,JPN,20,,319998,322191,,,,,,,,,,,,,,,,,,,,,,,,,,,,,,,,,,,,,,,,,,,,,,,,,,,,,,,,,,,,,,,,,,,,,,,,,,,6-1,1-6,3-6,"6-1,1-6,3-6",901,2025,,,,,,3,2025-01-15,,,,,,,,,,,,,,,,,,,,,,,,,,,,,,,,,,,,,,,,,,"6-1,1-6,3-6",,,,,,,,,,,
901,2025,AUSTRALIAN OPEN,Grand Slam,2025-01-12,2025-01-26,Hard,MELBOURNE,AUSTRALIA,128.0,43608375.0,USD,LS56920069,2025-01-15,2,Belinda Bencic,Suzan Lamens,CHE,NLD,,,6-1,7-6(3),,,319001,324898,AUSTRALIAN OPEN,"Australian Open - Melbourne, AUS",2025.0,,324898,319001,324898,319001,Belinda Bencic,Suzan Lamens,,,Suzan Lamens,Belinda Bencic,NLD,CHE,,,319001,324898,,,,,,,,,,,,,,,,,,,,,,,,,,,,,,,,,,,,,,,,,,,,,,,,,,,,,,,,,,,,,,,,,,,,,,,,,,,1-6,6-7(3),,"1-6,6(7)-7",901,2025,,,,,,2,2025-01-15,,,,,,,,,,,,,,,,,,,,,,,,,,,,,,,,,,,,,,7.0,3.0,,,"1-6,6(7)-7",,,,,,,,,,,
901,2025,AUSTRALIAN OPEN,Grand Slam,2025-01-12,2025-01-26,Hard,MELBOURNE,AUSTRALIA,128.0,43608375.0,USD,LS56920047,2025-01-15,2,Magdalena Frech,Anna Blinkova,POL,,23.0,,0-6,6-0,6-2,,320277,324267,AUSTRALIAN OPEN,"Australian Open - Melbourne, AUS",2025.0,,320277,324267,320277,324267,Magdalena Frech,Anna Blinkova,,,Magdalena Frech,Anna Blinkova,POL,,23,,320277,324267,,,,,,,,,,,,,,,,,,,,,,,,,,,,,,,,,,,,,,,,,,,,,,,,,,,,,,,,,,,,,,,,,,,,,,,,,,,0-6,6-0,6-2,"0-6,6-0,6-2",901,2025,,,,,,3,2025-01-15,,,,,,,,,,,,,,,,,,,,,,,,,,,,,,,,,,,,,,,,,,"0-6,6-0,6-2",,,,,,,,,,,
901,2025,AUSTRALIAN OPEN,Grand Slam,2025-01-12,2025-01-26,Hard,MELBOURNE,AUSTRALIA,128.0,43608375.0,USD,LS56920045,2025-01-15,2,Aryna Sabalenka,Jessica Bouzas Maneiro,,ESP,1.0,,6-3,7-5,,,320760,328139,AUSTRALIAN OPEN,"Australian Open - Melbourne, AUS",2025.0,,320760,328139,320760,328139,Aryna Sabalenka,Jessica Bouzas Maneiro,,,Aryna Sabalenka,Jessica Bouzas Maneiro,,ESP,1,,320760,328139,,,,,,,,,,,,,,,,,,,,,,,,,,,,,,,,,,,,,,,,,,,,,,,,,,,,,,,,,,,,,,,,,,,,,,,,,,,6-3,7-5,,"6-3,7-5",901,2025,,,,,,2,2025-01-15,,,,,,,,,,,,,,,,,,,,,,,,,,,,,,,,,,,,,,,,,,"6-3,7-5",,,,,,,,,,,
901,2025,AUSTRALIAN OPEN,Grand Slam,2025-01-12,2025-01-26,Hard,MELBOURNE,AUSTRALIA,128.0,43608375.0,USD,LS56920049,2025-01-15,2,Clara Tauson,Tatjana Maria,DNK,DEU,,,6-2,6-2,,,327793,310440,AUSTRALIAN OPEN,"Australian Open - Melbourne, AUS",2025.0,,310440,327793,310440,327793,Clara Tauson,Tatjana Maria,,,Tatjana Maria,Clara Tauson,DEU,DNK,,,327793,310440,,,,,,,,,,,,,,,,,,,,,,,,,,,,,,,,,,,,,,,,,,,,,,,,,,,,,,,,,,,,,,,,,,,,,,,,,,,2-6,2-6,,"2-6,2-6",901,2025,,,,,,2,2025-01-15,,,,,,,,,,,,,,,,,,,,,,,,,,,,,,,,,,,,,,,,,,"2-6,2-6",,,,,,,,,,,
901,2025,AUSTRALIAN OPEN,Grand Slam,2025-01-12,2025-01-26,Hard,MELBOURNE,AUSTRALIA,128.0,43608375.0,USD,LS56920053,2025-01-15,2,Mirra Andreeva,Moyuka Uchijima,,JPN,14.0,,6-4,3-6,7-6(8),,331809,327241,AUSTRALIAN OPEN,"Australian Open - Melbourne, AUS",2025.0,,327241,331809,327241,331809,Mirra Andreeva,Moyuka Uchijima,,,Moyuka Uchijima,Mirra Andreeva,JPN,,,14,331809,327241,,,,,,,,,,,,,,,,,,,,,,,,,,,,,,,,,,,,,,,,,,,,,,,,,,,,,,,,,,,,,,,,,,,,,,,,,,,4-6,6-3,6-7(8),"4-6,6-3,6(10)-7",901,2025,,,,,,3,2025-01-15,,,,,,,,,,,,,,,,,,,,,,,,,,,,,,,,,,,,,,,,10.0,8.0,"4-6,6-3,6(10)-7",,,,,,,,,,,
901,2025,AUSTRALIAN OPEN,Grand Slam,2025-01-12,2025-01-26,Hard,MELBOURNE,AUSTRALIA,128.0,43608375.0,USD,LS56920071,2025-01-15,2,Olga Danilovic,Liudmila Samsonova,SRB,,,25.0,6-1,6-2,,,324934,322222,AUSTRALIAN OPEN,"Australian Open - Melbourne, AUS",2025.0,,322222,324934,322222,324934,Olga Danilovic,Liudmila Samsonova,,,Liudmila Samsonova,Olga Danilovic,,SRB,25,,324934,322222,,,,,,,,,,,,,,,,,,,,,,,,,,,,,,,,,,,,,,,,,,,,,,,,,,,,,,,,,,,,,,,,,,,,,,,,,,,1-6,2-6,,"1-6,2-6",901,2025,,,,,,2,2025-01-15,,,,,,,,,,,,,,,,,,,,,,,,,,,,,,,,,,,,,,,,,,"1-6,2-6",,,,,,,,,,,
901,2025,AUSTRALIAN OPEN,Grand Slam,2025-01-12,2025-01-26,Hard,MELBOURNE,AUSTRALIA,128.0,43608375.0,USD,LS56920217,2025-01-15,2,Jessica Pegula,Elise Mertens,USA,BEL,7.0,,6-4,6-2,,,316956,317964,AUSTRALIAN OPEN,"Australian Open - Melbourne, AUS",2025.0,,317964,316956,317964,316956,Jessica Pegula,Elise Mertens,,,Elise Mertens,Jessica Pegula,BEL,USA,,7,316956,317964,,,,,,,,,,,,,,,,,,,,,,,,,,,,,,,,,,,,,,,,,,,,,,,,,,,,,,,,,,,,,,,,,,,,,,,,,,,4-6,2-6,,"4-6,2-6",901,2025,,,,,,2,2025-01-15,,,,,,,,,,,,,,,,,,,,,,,,,,,,,,,,,,,,,,,,,,"4-6,2-6",,,,,,,,,,,
901,2025,AUSTRALIAN OPEN,Grand Slam,2025-01-12,2025-01-26,Hard,MELBOURNE,AUSTRALIA,128.0,43608375.0,USD,LS56920061,2025-01-15,2,Laura Siegemund,Qinwen Zheng,DEU,CHN,,5.0,7-6(3),6-3,,,310926,328120,AUSTRALIAN OPEN,"Australian Open - Melbourne, AUS",2025.0,,310926,328120,310926,328120,Laura Siegemund,Qinwen Zheng,,,Laura Siegemund,Qinwen Zheng,DEU,CHN,,5,310926,328120,,,,,,,,,,,,,,,,,,,,,,,,,,,,,,,,,,,,,,,,,,,,,,,,,,,,,,,,,,,,,,,,,,,,,,,,,,,7-6(3),6-3,,"7-6(7),6-3",901,2025,,,,,,2,2025-01-15,,,,,,,,,,,,,,,,,,,,,,,,,,,,,,,,,,,,7.0,3.0,,,,,"7-6(7),6-3",,,,,,,,,,,
901,2025,AUSTRALIAN OPEN,Grand Slam,2025-01-12,2025-01-26,Hard,MELBOURNE,AUSTRALIA,128.0,43608375.0,USD,LS57023657,2025-01-14,1,Veronika Kudermetova,Olivia Gadecki,,AUS,,,6-1,6-1,,,319526,326653,AUSTRALIAN OPEN,"Australian Open - Melbourne, AUS",2025.0,,319526,326653,319526,326653,Veronika Kudermetova,Olivia Gadecki,,,Veronika Kudermetova,Olivia Gadecki,,AUS,,,319526,326653,,,,,,,,,,,,,,,,,,,,,,,,,,,,,,,,,,,,,,,,,,,,,,,,,,,,,,,,,,,,,,,,,,,,,,,,,,,6-1,6-1,,"6-1,6-1",901,2025,,,,,,2,2025-01-14,,,,,,,,,,,,,,,,,,,,,,,,,,,,,,,,,,,,,,,,,,"6-1,6-1",,,,,,,,,,,
901,2025,AUSTRALIAN OPEN,Grand Slam,2025-01-12,2025-01-26,Hard,MELBOURNE,AUSTRALIA,128.0,43608375.0,USD,LS57023655,2025-01-14,1,Katie Boulter,Rebecca Marino,GBR,CAN,22.0,,6-4,3-6,7-5,,319125,313485,AUSTRALIAN OPEN,"Australian Open - Melbourne, AUS",2025.0,,313485,319125,313485,319125,Katie Boulter,Rebecca Marino,,,Rebecca Marino,Katie Boulter,CAN,GBR,,22,319125,313485,,,,,,,,,,,,,,,,,,,,,,,,,,,,,,,,,,,,,,,,,,,,,,,,,,,,,,,,,,,,,,,,,,,,,,,,,,,4-6,6-3,5-7,"4-6,6-3,5-7",901,2025,,,,,,3,2025-01-14,,,,,,,,,,,,,,,,,,,,,,,,,,,,,,,,,,,,,,,,,,"4-6,6-3,5-7",,,,,,,,,,,
901,2025,AUSTRALIAN OPEN,Grand Slam,2025-01-12,2025-01-26,Hard,MELBOURNE,AUSTRALIA,128.0,43608375.0,USD,LS57023643,2025-01-14,1,Camila Osorio,Maria Sakkari,COL,GRC,,31.0,6-4,6-7(4),6-4,,325898,318312,AUSTRALIAN OPEN,"Australian Open - Melbourne, AUS",2025.0,,325898,318312,325898,318312,Camila Osorio,Maria Sakkari,,,Camila Osorio,Maria Sakkari,COL,GRC,,31,325898,318312,,,,,,,,,,,,,,,,,,,,,,,,,,,,,,,,,,,,,,,,,,,,,,,,,,,,,,,,,,,,,,,,,,,,,,,,,,,6-4,6-7(4),6-4,"6-4,6(7)-7,6-4",901,2025,,,,,,3,2025-01-14,,,,,,,,,,,,,,,,,,,,,,,,,,,,,,,,,,,,,,7.0,4.0,,,"6-4,6(7)-7,6-4",,,,,,,,,,,
901,2025,AUSTRALIAN OPEN,Grand Slam,2025-01-12,2025-01-26,Hard,MELBOURNE,AUSTRALIA,128.0,43608375.0,USD,LS57023645,2025-01-14,1,Ons Jabeur,Anhelina Kalinina,TUN,UKR,,,6-3,6-3,,,316847,320567,AUSTRALIAN OPEN,"Australian Open - Melbourne, AUS",2025.0,,320567,316847,320567,316847,Ons Jabeur,Anhelina Kalinina,,,Anhelina Kalinina,Ons Jabeur,UKR,TUN,,,316847,320567,,,,,,,,,,,,,,,,,,,,,,,,,,,,,,,,,,,,,,,,,,,,,,,,,,,,,,,,,,,,,,,,,,,,,,,,,,,3-6,3-6,,"3-6,3-6",901,2025,,,,,,2,2025-01-14,,,,,,,,,,,,,,,,,,,,,,,,,,,,,,,,,,,,,,,,,,"3-6,3-6",,,,,,,,,,,
901,2025,AUSTRALIAN OPEN,Grand Slam,2025-01-12,2025-01-26,Hard,MELBOURNE,AUSTRALIA,128.0,43608375.0,USD,LS57023651,2025-01-14,1,Renata Zarazua,Taylor Townsend,MEX,USA,,,6-7(6),6-1,6-2,,320716,318609,AUSTRALIAN OPEN,"Australian Open - Melbourne, AUS",2025.0,,318609,320716,318609,320716,Renata Zarazua,Taylor Townsend,,,Taylor Townsend,Renata Zarazua,USA,MEX,,,320716,318609,,,,,,,,,,,,,,,,,,,,,,,,,,,,,,,,,,,,,,,,,,,,,,,,,,,,,,,,,,,,,,,,,,,,,,,,,,,7-6(6),1-6,2-6,"7-6(8),1-6,2-6",901,2025,,,,,,3,2025-01-14,,,,,,,,,,,,,,,,,,,,,,,,,,,,,,,,,,,,8.0,6.0,,,,,"7-6(8),1-6,2-6",,,,,,,,,,,
901,2025,AUSTRALIAN OPEN,Grand Slam,2025-01-12,2025-01-26,Hard,MELBOURNE,AUSTRALIA,128.0,43608375.0,USD,LS57032249,2025-01-14,1,Jasmine Paolini,Sijia Wei,ITA,CHN,4.0,,6-0,6-4,,,319280,328426,AUSTRALIAN OPEN,"Australian Open - Melbourne, AUS",2025.0,,328426,319280,328426,319280,Jasmine Paolini,Sijia Wei,,,Sijia Wei,Jasmine Paolini,CHN,ITA,,4,319280,328426,,,,,,,,,,,,,,,,,,,,,,,,,,,,,,,,,,,,,,,,,,,,,,,,,,,,,,,,,,,,,,,,,,,,,,,,,,,0-6,4-6,,"0-6,4-6",901,2025,,,,,,2,2025-01-14,,,,,,,,,,,,,,,,,,,,,,,,,,,,,,,,,,,,,,,,,,"0-6,4-6",,,,,,,,,,,
901,2025,AUSTRALIAN OPEN,Grand Slam,2025-01-12,2025-01-26,Hard,MELBOURNE,AUSTRALIA,128.0,43608375.0,USD,LS57023661,2025-01-14,1,Madison Keys,Ann Li,USA,USA,19.0,,6-4,7-5,,,316959,326096,AUSTRALIAN OPEN,"Australian Open - Melbourne, AUS",2025.0,,316959,326096,316959,326096,Madison Keys,Ann Li,,,Madison Keys,Ann Li,USA,USA,19,,316959,326096,,,,,,,,,,,,,,,,,,,,,,,,,,,,,,,,,,,,,,,,,,,,,,,,,,,,,,,,,,,,,,,,,,,,,,,,,,,6-4,7-5,,"6-4,7-5",901,2025,,,,,,2,2025-01-14,,,,,,,,,,,,,,,,,,,,,,,,,,,,,,,,,,,,,,,,,,"6-4,7-5",,,,,,,,,,,
901,2025,AUSTRALIAN OPEN,Grand Slam,2025-01-12,2025-01-26,Hard,MELBOURNE,AUSTRALIA,128.0,43608375.0,USD,LS57023639,2025-01-14,1,Shuai Zhang,McCartney Kessler,CHN,USA,,,6-3,6-4,,,311779,326678,AUSTRALIAN OPEN,"Australian Open - Melbourne, AUS",2025.0,,311779,326678,311779,326678,Shuai Zhang,McCartney Kessler,,,Shuai Zhang,McCartney Kessler,CHN,USA,,,311779,326678,,,,,,,,,,,,,,,,,,,,,,,,,,,,,,,,,,,,,,,,,,,,,,,,,,,,,,,,,,,,,,,,,,,,,,,,,,,6-3,6-4,,"6-3,6-4",901,2025,,,,,,2,2025-01-14,,,,,,,,,,,,,,,,,,,,,,,,,,,,,,,,,,,,,,,,,,"6-3,6-4",,,,,,,,,,,
901,2025,AUSTRALIAN OPEN,Grand Slam,2025-01-12,2025-01-26,Hard,MELBOURNE,AUSTRALIA,128.0,43608375.0,USD,LS57023641,2025-01-14,1,Yulia Putintseva,Elina Avanesyan,KAZ,ARM,24.0,,4-6,7-5,6-2,,317683,327620,AUSTRALIAN OPEN,"Australian Open - Melbourne, AUS",2025.0,,317683,327620,317683,327620,Yulia Putintseva,Elina Avanesyan,,,Yulia Putintseva,Elina Avanesyan,KAZ,ARM,24,,317683,327620,,,,,,,,,,,,,,,,,,,,,,,,,,,,,,,,,,,,,,,,,,,,,,,,,,,,,,,,,,,,,,,,,,,,,,,,,,,4-6,7-5,6-2,"4-6,7-5,6-2",901,2025,,,,,,3,2025-01-14,,,,,,,,,,,,,,,,,,,,,,,,,,,,,,,,,,,,,,,,,,"4-6,7-5,6-2",,,,,,,,,,,
901,2025,AUSTRALIAN OPEN,Grand Slam,2025-01-12,2025-01-26,Hard,MELBOURNE,AUSTRALIA,128.0,43608375.0,USD,LS57032259,2025-01-14,1,Elena-Gabriela Ruse,Irina-Camelia Begu,ROU,ROU,,,6-4,6-0,,,320408,313169,AUSTRALIAN OPEN,"Australian Open - Melbourne, AUS",2025.0,,313169,320408,313169,320408,Elena-Gabriela Ruse,Irina-Camelia Begu,,,Irina-Camelia Begu,Elena-Gabriela Ruse,ROU,ROU,,,320408,313169,,,,,,,,,,,,,,,,,,,,,,,,,,,,,,,,,,,,,,,,,,,,,,,,,,,,,,,,,,,,,,,,,,,,,,,,,,,4-6,0-6,,"4-6,0-6",901,2025,,,,,,2,2025-01-14,,,,,,,,,,,,,,,,,,,,,,,,,,,,,,,,,,,,,,,,,,"4-6,0-6",,,,,,,,,,,
901,2025,AUSTRALIAN OPEN,Grand Slam,2025-01-12,2025-01-26,Hard,MELBOURNE,AUSTRALIA,128.0,43608375.0,USD,LS57023665,2025-01-14,1,Danka Kovinic,Lulu Sun,MNE,NZL,,,6-3,7-5,,,52229,324576,AUSTRALIAN OPEN,"Australian Open - Melbourne, AUS",2025.0,,52229,324576,52229,324576,Danka Kovinic,Lulu Sun,,,Danka Kovinic,Lulu Sun,MNE,NZL,,,52229,324576,,,,,,,,,,,,,,,,,,,,,,,,,,,,,,,,,,,,,,,,,,,,,,,,,,,,,,,,,,,,,,,,,,,,,,,,,,,6-3,7-5,,"6-3,7-5",901,2025,,,,,,2,2025-01-14,,,,,,,,,,,,,,,,,,,,,,,,,,,,,,,,,,,,,,,,,,"6-3,7-5",,,,,,,,,,,
901,2025,AUSTRALIAN OPEN,Grand Slam,2025-01-12,2025-01-26,Hard,MELBOURNE,AUSTRALIA,128.0,43608375.0,USD,LS57023669,2025-01-14,1,Elena Rybakina,Emerson Jones,KAZ,AUS,6.0,,6-1,6-1,,,324166,978117,AUSTRALIAN OPEN,"Australian Open - Melbourne, AUS",2025.0,,324166,978117,324166,978117,Elena Rybakina,Emerson Jones,,,Elena Rybakina,Emerson Jones,KAZ,AUS,6,,324166,978117,,,,,,,,,,,,,,,,,,,,,,,,,,,,,,,,,,,,,,,,,,,,,,,,,,,,,,,,,,,,,,,,,,,,,,,,,,,6-1,6-1,,"6-1,6-1",901,2025,,,,,,2,2025-01-14,,,,,,,,,,,,,,,,,,,,,,,,,,,,,,,,,,,,,,,,,,"6-1,6-1",,,,,,,,,,,
901,2025,AUSTRALIAN OPEN,Grand Slam,2025-01-12,2025-01-26,Hard,MELBOURNE,AUSTRALIA,128.0,43608375.0,USD,LS57023633,2025-01-14,1,Varvara Gracheva,Caty McNally,FRA,USA,,,6-3,6-4,,,325836,325725,AUSTRALIAN OPEN,"Australian Open - Melbourne, AUS",2025.0,,325836,325725,325836,325725,Varvara Gracheva,Caty McNally,,,Varvara Gracheva,Caty McNally,FRA,USA,,,325836,325725,,,,,,,,,,,,,,,,,,,,,,,,,,,,,,,,,,,,,,,,,,,,,,,,,,,,,,,,,,,,,,,,,,,,,,,,,,,6-3,6-4,,"6-3,6-4",901,2025,,,,,,2,2025-01-14,,,,,,,,,,,,,,,,,,,,,,,,,,,,,,,,,,,,,,,,,,"6-3,6-4",,,,,,,,,,,
901,2025,AUSTRALIAN OPEN,Grand Slam,2025-01-12,2025-01-26,Hard,MELBOURNE,AUSTRALIA,128.0,43608375.0,USD,LS57138349,2025-01-14,1,Eva Lys,Kimberly Birrell,DEU,AUS,,,6-2,6-2,,,325826,320728,AUSTRALIAN OPEN,"Australian Open - Melbourne, AUS",2025.0,,325826,320728,325826,320728,Eva Lys,Kimberly Birrell,,,Eva Lys,Kimberly Birrell,DEU,AUS,,,325826,320728,,,,,,,,,,,,,,,,,,,,,,,,,,,,,,,,,,,,,,,,,,,,,,,,,,,,,,,,,,,,,,,,,,,,,,,,,,,6-2,6-2,,"6-2,6-2",901,2025,,,,,,2,2025-01-14,,,,,,,,,,,,,,,,,,,,,,,,,,,,,,,,,,,,,,,,,,"6-2,6-2",,,,,,,,,,,
901,2025,AUSTRALIAN OPEN,Grand Slam,2025-01-12,2025-01-26,Hard,MELBOURNE,AUSTRALIA,128.0,43608375.0,USD,LS57023663,2025-01-14,1,Dayana Yastremska,Maiar Sherif Ahmed Abdelaziz,UKR,EGY,32.0,,6-1,6-4,,,324261,318711,AUSTRALIAN OPEN,"Australian Open - Melbourne, AUS",2025.0,,318711,324261,318711,324261,Dayana Yastremska,Maiar Sherif Ahmed Abdelaziz,,,Maiar Sherif Ahmed Abdelaziz,Dayana Yastremska,EGY,UKR,,32,324261,318711,,,,,,,,,,,,,,,,,,,,,,,,,,,,,,,,,,,,,,,,,,,,,,,,,,,,,,,,,,,,,,,,,,,,,,,,,,,1-6,4-6,,"1-6,4-6",901,2025,,,,,,2,2025-01-14,,,,,,,,,,,,,,,,,,,,,,,,,,,,,,,,,,,,,,,,,,"1-6,4-6",,,,,,,,,,,
901,2025,AUSTRALIAN OPEN,Grand Slam,2025-01-12,2025-01-26,Hard,MELBOURNE,AUSTRALIA,128.0,43608375.0,USD,LS57023667,2025-01-14,1,Iva Jovic,Nuria Parrizas Diaz,USA,ESP,,,6-2,6-1,,,332285,314359,AUSTRALIAN OPEN,"Australian Open - Melbourne, AUS",2025.0,,314359,332285,314359,332285,Iva Jovic,Nuria Parrizas Diaz,,,Nuria Parrizas Diaz,Iva Jovic,ESP,USA,,,332285,314359,,,,,,,,,,,,,,,,,,,,,,,,,,,,,,,,,,,,,,,,,,,,,,,,,,,,,,,,,,,,,,,,,,,,,,,,,,,2-6,1-6,,"2-6,1-6",901,2025,,,,,,2,2025-01-14,,,,,,,,,,,,,,,,,,,,,,,,,,,,,,,,,,,,,,,,,,"2-6,1-6",,,,,,,,,,,
901,2025,AUSTRALIAN OPEN,Grand Slam,2025-01-12,2025-01-26,Hard,MELBOURNE,AUSTRALIA,128.0,43608375.0,USD,LS57023649,2025-01-14,1,Emma Navarro,Peyton Stearns,USA,USA,8.0,,6-7(5),7-6(5),7-5,,325410,327573,AUSTRALIAN OPEN,"Australian Open - Melbourne, AUS",2025.0,,325410,327573,325410,327573,Emma Navarro,Peyton Stearns,,,Emma Navarro,Peyton Stearns,USA,USA,8,,325410,327573,,,,,,,,,,,,,,,,,,,,,,,,,,,,,,,,,,,,,,,,,,,,,,,,,,,,,,,,,,,,,,,,,,,,,,,,,,,6-7(5),7-6(5),7-5,"6(7)-7,7-6(7),7-5",901,2025,,,,,,3,2025-01-14,,,,,,,,,,,,,,,,,,,,,,,,,,,,,,,,,,,,7.0,5.0,7.0,5.0,,,"6(7)-7,7-6(7),7-5",,,,,,,,,,,
901,2025,AUSTRALIAN OPEN,Grand Slam,2025-01-12,2025-01-26,Hard,MELBOURNE,AUSTRALIA,128.0,43608375.0,USD,LS57023627,2025-01-14,1,Amanda Anisimova,Maria Carle,USA,ARG,,,6-2,6-3,,,326384,322638,AUSTRALIAN OPEN,"Australian Open - Melbourne, AUS",2025.0,,322638,326384,322638,326384,Amanda Anisimova,Maria Carle,,,Maria Carle,Amanda Anisimova,ARG,USA,,,326384,322638,,,,,,,,,,,,,,,,,,,,,,,,,,,,,,,,,,,,,,,,,,,,,,,,,,,,,,,,,,,,,,,,,,,,,,,,,,,2-6,3-6,,"2-6,3-6",901,2025,,,,,,2,2025-01-14,,,,,,,,,,,,,,,,,,,,,,,,,,,,,,,,,,,,,,,,,,"2-6,3-6",,,,,,,,,,,
901,2025,AUSTRALIAN OPEN,Grand Slam,2025-01-12,2025-01-26,Hard,MELBOURNE,AUSTRALIA,128.0,43608375.0,USD,LS57023629,2025-01-14,1,Emma Raducanu,Ekaterina Alexandrova,GBR,,,26.0,7-6(4),7-6(2),,,328366,319007,AUSTRALIAN OPEN,"Australian Open - Melbourne, AUS",2025.0,,319007,328366,319007,328366,Emma Raducanu,Ekaterina Alexandrova,,,Ekaterina Alexandrova,Emma Raducanu,,GBR,26,,328366,319007,,,,,,,,,,,,,,,,,,,,,,,,,,,,,,,,,,,,,,,,,,,,,,,,,,,,,,,,,,,,,,,,,,,,,,,,,,,6-7(4),6-7(2),,"6(7)-7,6(7)-7",901,2025,,,,,,2,2025-01-14,,,,,,,,,,,,,,,,,,,,,,,,,,,,,,,,,,,,7.0,4.0,7.0,2.0,,,"6(7)-7,6(7)-7",,,,,,,,,,,
901,2025,AUSTRALIAN OPEN,Grand Slam,2025-01-12,2025-01-26,Hard,MELBOURNE,AUSTRALIA,128.0,43608375.0,USD,LS57023635,2025-01-14,1,Daria Kasatkina,Viktoriya Tomova,AUS,BGR,9.0,,6-1,6-3,,,322082,317584,AUSTRALIAN OPEN,"Australian Open - Melbourne, AUS",2025.0,,317584,322082,317584,322082,Daria Kasatkina,Viktoriya Tomova,,,Viktoriya Tomova,Daria Kasatkina,BGR,AUS,,9,322082,317584,,,,,,,,,,,,,,,,,,,,,,,,,,,,,,,,,,,,,,,,,,,,,,,,,,,,,,,,,,,,,,,,,,,,,,,,,,,1-6,3-6,,"1-6,3-6",901,2025,,,,,,2,2025-01-14,,,,,,,,,,,,,,,,,,,,,,,,,,,,,,,,,,,,,,,,,,"1-6,3-6",,,,,,,,,,,
901,2025,AUSTRALIAN OPEN,Grand Slam,2025-01-12,2025-01-26,Hard,MELBOURNE,AUSTRALIA,128.0,43608375.0,USD,LS57023637,2025-01-14,1,Yafan Wang,Anna Bondar,CHN,HUN,,,3-6,6-3,6-4,,317510,322942,AUSTRALIAN OPEN,"Australian Open - Melbourne, AUS",2025.0,,322942,317510,322942,317510,Yafan Wang,Anna Bondar,,,Anna Bondar,Yafan Wang,HUN,CHN,,,317510,322942,,,,,,,,,,,,,,,,,,,,,,,,,,,,,,,,,,,,,,,,,,,,,,,,,,,,,,,,,,,,,,,,,,,,,,,,,,,6-3,3-6,4-6,"6-3,3-6,4-6",901,2025,,,,,,3,2025-01-14,,,,,,,,,,,,,,,,,,,,,,,,,,,,,,,,,,,,,,,,,,"6-3,3-6,4-6",,,,,,,,,,,
901,2025,AUSTRALIAN OPEN,Grand Slam,2025-01-12,2025-01-26,Hard,MELBOURNE,AUSTRALIA,128.0,43608375.0,USD,LS57023647,2025-01-14,1,Xiyu Wang,Julia Grabher,CHN,AUT,,,6-1,7-5,,,326160,113079,AUSTRALIAN OPEN,"Australian Open - Melbourne, AUS",2025.0,,326160,113079,326160,113079,Xiyu Wang,Julia Grabher,,,Xiyu Wang,Julia Grabher,CHN,AUT,,,326160,113079,,,,,,,,,,,,,,,,,,,,,,,,,,,,,,,,,,,,,,,,,,,,,,,,,,,,,,,,,,,,,,,,,,,,,,,,,,,6-1,7-5,,"6-1,7-5",901,2025,,,,,,2,2025-01-14,,,,,,,,,,,,,,,,,,,,,,,,,,,,,,,,,,,,,,,,,,"6-1,7-5",,,,,,,,,,,
901,2025,AUSTRALIAN OPEN,Grand Slam,2025-01-12,2025-01-26,Hard,MELBOURNE,AUSTRALIA,128.0,43608375.0,USD,LS57023659,2025-01-14,1,Erika Andreeva,Saisai Zheng,,CHN,,,6-1,7-6(6),,,330151,316286,AUSTRALIAN OPEN,"Australian Open - Melbourne, AUS",2025.0,,316286,330151,316286,330151,Erika Andreeva,Saisai Zheng,,,Saisai Zheng,Erika Andreeva,CHN,,,,330151,316286,,,,,,,,,,,,,,,,,,,,,,,,,,,,,,,,,,,,,,,,,,,,,,,,,,,,,,,,,,,,,,,,,,,,,,,,,,,1-6,6-7(6),,"1-6,6(8)-7",901,2025,,,,,,2,2025-01-14,,,,,,,,,,,,,,,,,,,,,,,,,,,,,,,,,,,,,,8.0,6.0,,,"1-6,6(8)-7",,,,,,,,,,,
901,2025,AUSTRALIAN OPEN,Grand Slam,2025-01-12,2025-01-26,Hard,MELBOURNE,AUSTRALIA,128.0,43608375.0,USD,LS57032253,2025-01-14,1,Beatriz Haddad Maia,Julia Riera,BRA,ARG,15.0,,4-6,7-5,6-2,,318176,327287,AUSTRALIAN OPEN,"Australian Open - Melbourne, AUS",2025.0,,318176,327287,318176,327287,Beatriz Haddad Maia,Julia Riera,,,Beatriz Haddad Maia,Julia Riera,BRA,ARG,15,,318176,327287,,,,,,,,,,,,,,,,,,,,,,,,,,,,,,,,,,,,,,,,,,,,,,,,,,,,,,,,,,,,,,,,,,,,,,,,,,,4-6,7-5,6-2,"4-6,7-5,6-2",901,2025,,,,,,3,2025-01-14,,,,,,,,,,,,,,,,,,,,,,,,,,,,,,,,,,,,,,,,,,"4-6,7-5,6-2",,,,,,,,,,,
901,2025,AUSTRALIAN OPEN,Grand Slam,2025-01-12,2025-01-26,Hard,MELBOURNE,AUSTRALIA,128.0,43608375.0,USD,LS57023683,2025-01-13,1,Naomi Osaka,Caroline Garcia,JPN,FRA,,,6-3,3-6,6-3,,319998,315391,AUSTRALIAN OPEN,"Australian Open - Melbourne, AUS",2025.0,,319998,315391,319998,315391,Naomi Osaka,Caroline Garcia,,,Naomi Osaka,Caroline Garcia,JPN,FRA,,,319998,315391,,,,,,,,,,,,,,,,,,,,,,,,,,,,,,,,,,,,,,,,,,,,,,,,,,,,,,,,,,,,,,,,,,,,,,,,,,,6-3,3-6,6-3,"6-3,3-6,6-3",901,2025,,,,,,3,2025-01-13,,,,,,,,,,,,,,,,,,,,,,,,,,,,,,,,,,,,,,,,,,"6-3,3-6,6-3",,,,,,,,,,,
901,2025,AUSTRALIAN OPEN,Grand Slam,2025-01-12,2025-01-26,Hard,MELBOURNE,AUSTRALIA,128.0,43608375.0,USD,LS57032255,2025-01-13,1,Danielle Collins,Daria Snigur,USA,UKR,10.0,,7-6(4),6-3,,,316925,327845,AUSTRALIAN OPEN,"Australian Open - Melbourne, AUS",2025.0,,327845,316925,327845,316925,Danielle Collins,Daria Snigur,,,Daria Snigur,Danielle Collins,UKR,USA,,10,316925,327845,,,,,,,,,,,,,,,,,,,,,,,,,,,,,,,,,,,,,,,,,,,,,,,,,,,,,,,,,,,,,,,,,,,,,,,,,,,6-7(4),3-6,,"6(7)-7,3-6",901,2025,,,,,,2,2025-01-13,,,,,,,,,,,,,,,,,,,,,,,,,,,,,,,,,,,,7.0,4.0,,,,,"6(7)-7,3-6",,,,,,,,,,,
901,2025,AUSTRALIAN OPEN,Grand Slam,2025-01-12,2025-01-26,Hard,MELBOURNE,AUSTRALIA,128.0,43608375.0,USD,LS57023685,2025-01-13,1,Karolina Muchova,Nadia Podoroska,CZE,ARG,20.0,,6-1,6-1,,,322191,319112,AUSTRALIAN OPEN,"Australian Open - Melbourne, AUS",2025.0,,322191,319112,322191,319112,Karolina Muchova,Nadia Podoroska,,,Karolina Muchova,Nadia Podoroska,CZE,ARG,20,,322191,319112,,,,,,,,,,,,,,,,,,,,,,,,,,,,,,,,,,,,,,,,,,,,,,,,,,,,,,,,,,,,,,,,,,,,,,,,,,,6-1,6-1,,"6-1,6-1",901,2025,,,,,,2,2025-01-13,,,,,,,,,,,,,,,,,,,,,,,,,,,,,,,,,,,,,,,,,,"6-1,6-1",,,,,,,,,,,
901,2025,AUSTRALIAN OPEN,Grand Slam,2025-01-12,2025-01-26,Hard,MELBOURNE,AUSTRALIA,128.0,43608375.0,USD,LS57032257,2025-01-13,1,Destanee Aiava,Greet Minnen,AUS,BEL,,,5-7,7-5,7-6(5),,324219,321454,AUSTRALIAN OPEN,"Australian Open - Melbourne, AUS",2025.0,,321454,324219,321454,324219,Destanee Aiava,Greet Minnen,,,Greet Minnen,Destanee Aiava,BEL,AUS,,,324219,321454,,,,,,,,,,,,,,,,,,,,,,,,,,,,,,,,,,,,,,,,,,,,,,,,,,,,,,,,,,,,,,,,,,,,,,,,,,,7-5,5-7,6-7(5),"7-5,5-7,6(10)-7",901,2025,,,,,,3,2025-01-13,,,,,,,,,,,,,,,,,,,,,,,,,,,,,,,,,,,,,,,,7.0,5.0,"7-5,5-7,6(10)-7",,,,,,,,,,,
901,2025,AUSTRALIAN OPEN,Grand Slam,2025-01-12,2025-01-26,Hard,MELBOURNE,AUSTRALIA,128.0,43608375.0,USD,LS57032261,2025-01-13,1,Elise Mertens,Viktorija Golubic,BEL,CHE,,,4-6,7-6(8),6-4,,317964,316296,AUSTRALIAN OPEN,"Australian Open - Melbourne, AUS",2025.0,,317964,316296,317964,316296,Elise Mertens,Viktorija Golubic,,,Elise Mertens,Viktorija Golubic,BEL,CHE,,,317964,316296,,,,,,,,,,,,,,,,,,,,,,,,,,,,,,,,,,,,,,,,,,,,,,,,,,,,,,,,,,,,,,,,,,,,,,,,,,,4-6,7-6(8),6-4,"4-6,7-6(10),6-4",901,2025,,,,,,3,2025-01-13,,,,,,,,,,,,,,,,,,,,,,,,,,,,,,,,,,,,,,10.0,8.0,,,"4-6,7-6(10),6-4",,,,,,,,,,,
901,2025,AUSTRALIAN OPEN,Grand Slam,2025-01-12,2025-01-26,Hard,MELBOURNE,AUSTRALIA,128.0,43608375.0,USD,LS57032263,2025-01-13,1,Marta Kostyuk,Nao Hibino,UKR,JPN,17.0,,3-6,6-3,6-1,,326482,320238,AUSTRALIAN OPEN,"Australian Open - Melbourne, AUS",2025.0,,320238,326482,320238,326482,Marta Kostyuk,Nao Hibino,,,Nao Hibino,Marta Kostyuk,JPN,UKR,,17,326482,320238,,,,,,,,,,,,,,,,,,,,,,,,,,,,,,,,,,,,,,,,,,,,,,,,,,,,,,,,,,,,,,,,,,,,,,,,,,,6-3,3-6,1-6,"6-3,3-6,1-6",901,2025,,,,,,3,2025-01-13,,,,,,,,,,,,,,,,,,,,,,,,,,,,,,,,,,,,,,,,,,"6-3,3-6,1-6",,,,,,,,,,,
901,2025,AUSTRALIAN OPEN,Grand Slam,2025-01-12,2025-01-26,Hard,MELBOURNE,AUSTRALIA,128.0,43608375.0,USD,LS57032283,2025-01-13,1,Jaqueline Cristian,Petra Martic,ROU,HRV,,,6-2,4-6,7-6(7),,320319,313711,AUSTRALIAN OPEN,"Australian Open - Melbourne, AUS",2025.0,,313711,320319,313711,320319,Jaqueline Cristian,Petra Martic,,,Petra Martic,Jaqueline Cristian,HRV,ROU,,,320319,313711,,,,,,,,,,,,,,,,,,,,,,,,,,,,,,,,,,,,,,,,,,,,,,,,,,,,,,,,,,,,,,,,,,,,,,,,,,,2-6,6-4,6-7(7),"2-6,6-4,6(10)-7",901,2025,,,,,,3,2025-01-13,,,,,,,,,,,,,,,,,,,,,,,,,,,,,,,,,,,,,,,,9.0,7.0,"2-6,6-4,6(10)-7",,,,,,,,,,,
901,2025,AUSTRALIAN OPEN,Grand Slam,2025-01-12,2025-01-26,Hard,MELBOURNE,AUSTRALIA,128.0,43608375.0,USD,LS57023671,2025-01-13,1,Jessica Pegula,Maya Joint,USA,AUS,7.0,,6-3,6-0,,,316956,330544,AUSTRALIAN OPEN,"Australian Open - Melbourne, AUS",2025.0,,330544,316956,330544,316956,Jessica Pegula,Maya Joint,,,Maya Joint,Jessica Pegula,AUS,USA,,7,316956,330544,,,,,,,,,,,,,,,,,,,,,,,,,,,,,,,,,,,,,,,,,,,,,,,,,,,,,,,,,,,,,,,,,,,,,,,,,,,3-6,0-6,,"3-6,0-6",901,2025,,,,,,2,2025-01-13,,,,,,,,,,,,,,,,,,,,,,,,,,,,,,,,,,,,,,,,,,"3-6,0-6",,,,,,,,,,,
901,2025,AUSTRALIAN OPEN,Grand Slam,2025-01-12,2025-01-26,Hard,MELBOURNE,AUSTRALIA,128.0,43608375.0,USD,LS57032265,2025-01-13,1,Jule Niemeier,Maja Chwalinska,DEU,POL,,,6-0,6-1,,,325940,325639,AUSTRALIAN OPEN,"Australian Open - Melbourne, AUS",2025.0,,325940,325639,325940,325639,Jule Niemeier,Maja Chwalinska,,,Jule Niemeier,Maja Chwalinska,DEU,POL,,,325940,325639,,,,,,,,,,,,,,,,,,,,,,,,,,,,,,,,,,,,,,,,,,,,,,,,,,,,,,,,,,,,,,,,,,,,,,,,,,,6-0,6-1,,"6-0,6-1",901,2025,,,,,,2,2025-01-13,,,,,,,,,,,,,,,,,,,,,,,,,,,,,,,,,,,,,,,,,,"6-0,6-1",,,,,,,,,,,
901,2025,AUSTRALIAN OPEN,Grand Slam,2025-01-12,2025-01-26,Hard,MELBOURNE,AUSTRALIA,128.0,43608375.0,USD,LS57023695,2025-01-13,1,Anastasia Pavlyuchenkova,Yue Yuan,,CHN,27.0,,6-4,4-6,6-3,,313796,324325,AUSTRALIAN OPEN,"Australian Open - Melbourne, AUS",2025.0,,313796,324325,313796,324325,Anastasia Pavlyuchenkova,Yue Yuan,,,Anastasia Pavlyuchenkova,Yue Yuan,,CHN,27,,313796,324325,,,,,,,,,,,,,,,,,,,,,,,,,,,,,,,,,,,,,,,,,,,,,,,,,,,,,,,,,,,,,,,,,,,,,,,,,,,6-4,4-6,6-3,"6-4,4-6,6-3",901,2025,,,,,,3,2025-01-13,,,,,,,,,,,,,,,,,,,,,,,,,,,,,,,,,,,,,,,,,,"6-4,4-6,6-3",,,,,,,,,,,
901,2025,AUSTRALIAN OPEN,Grand Slam,2025-01-12,2025-01-26,Hard,MELBOURNE,AUSTRALIA,128.0,43608375.0,USD,LS57023681,2025-01-13,1,Belinda Bencic,Jelena Ostapenko,CHE,LVA,,16.0,6-3,7-6(6),,,319001,319939,AUSTRALIAN OPEN,"Australian Open - Melbourne, AUS",2025.0,,319001,319939,319001,319939,Belinda Bencic,Jelena Ostapenko,,,Belinda Bencic,Jelena Ostapenko,CHE,LVA,,16,319001,319939,,,,,,,,,,,,,,,,,,,,,,,,,,,,,,,,,,,,,,,,,,,,,,,,,,,,,,,,,,,,,,,,,,,,,,,,,,,6-3,7-6(6),,"6-3,7-6(8)",901,2025,,,,,,2,2025-01-13,,,,,,,,,,,,,,,,,,,,,,,,,,,,,,,,,,,,,,8.0,6.0,,,"6-3,7-6(8)",,,,,,,,,,,
901,2025,AUSTRALIAN OPEN,Grand Slam,2025-01-12,2025-01-26,Hard,MELBOURNE,AUSTRALIA,128.0,43608375.0,USD,LS57032273,2025-01-13,1,Anastasia Potapova,Tamara Zidansek,AUT,SVN,,,6-2,7-5,,,325601,323079,AUSTRALIAN OPEN,"Australian Open - Melbourne, AUS",2025.0,,323079,325601,323079,325601,Anastasia Potapova,Tamara Zidansek,,,Tamara Zidansek,Anastasia Potapova,SVN,AUT,,,325601,323079,,,,,,,,,,,,,,,,,,,,,,,,,,,,,,,,,,,,,,,,,,,,,,,,,,,,,,,,,,,,,,,,,,,,,,,,,,,2-6,5-7,,"2-6,5-7",901,2025,,,,,,2,2025-01-13,,,,,,,,,,,,,,,,,,,,,,,,,,,,,,,,,,,,,,,,,,"2-6,5-7",,,,,,,,,,,
901,2025,AUSTRALIAN OPEN,Grand Slam,2025-01-12,2025-01-26,Hard,MELBOURNE,AUSTRALIA,128.0,43608375.0,USD,LS57023623,2025-01-13,1,Iga Swiatek,Katerina Siniakova,POL,CZE,2.0,,6-3,6-4,,,326408,320301,AUSTRALIAN OPEN,"Australian Open - Melbourne, AUS",2025.0,,320301,326408,320301,326408,Iga Swiatek,Katerina Siniakova,,,Katerina Siniakova,Iga Swiatek,CZE,POL,,2,326408,320301,,,,,,,,,,,,,,,,,,,,,,,,,,,,,,,,,,,,,,,,,,,,,,,,,,,,,,,,,,,,,,,,,,,,,,,,,,,3-6,4-6,,"3-6,4-6",901,2025,,,,,,2,2025-01-13,,,,,,,,,,,,,,,,,,,,,,,,,,,,,,,,,,,,,,,,,,"3-6,4-6",,,,,,,,,,,
901,2025,AUSTRALIAN OPEN,Grand Slam,2025-01-12,2025-01-26,Hard,MELBOURNE,AUSTRALIA,128.0,43608375.0,USD,LS57032251,2025-01-13,1,Caroline Dolehide,Sara Bejlek,USA,CZE,,,7-6(5),6-2,,,322052,330375,AUSTRALIAN OPEN,"Australian Open - Melbourne, AUS",2025.0,,330375,322052,330375,322052,Caroline Dolehide,Sara Bejlek,,,Sara Bejlek,Caroline Dolehide,CZE,USA,,,322052,330375,,,,,,,,,,,,,,,,,,,,,,,,,,,,,,,,,,,,,,,,,,,,,,,,,,,,,,,,,,,,,,,,,,,,,,,,,,,6-7(5),2-6,,"6(7)-7,2-6",901,2025,,,,,,2,2025-01-13,,,,,,,,,,,,,,,,,,,,,,,,,,,,,,,,,,,,7.0,5.0,,,,,"6(7)-7,2-6",,,,,,,,,,,
901,2025,AUSTRALIAN OPEN,Grand Slam,2025-01-12,2025-01-26,Hard,MELBOURNE,AUSTRALIA,128.0,43608375.0,USD,LS57107125,2025-01-13,1,Harriet Dart,Jana Fett,GBR,HRV,,,7-5,2-6,7-6(7),,319489,320945,AUSTRALIAN OPEN,"Australian Open - Melbourne, AUS",2025.0,,319489,320945,319489,320945,Harriet Dart,Jana Fett,,,Harriet Dart,Jana Fett,GBR,HRV,,,319489,320945,,,,,,,,,,,,,,,,,,,,,,,,,,,,,,,,,,,,,,,,,,,,,,,,,,,,,,,,,,,,,,,,,,,,,,,,,,,7-5,2-6,7-6(7),"7-5,2-6,7-6(10)",901,2025,,,,,,3,2025-01-13,,,,,,,,,,,,,,,,,,,,,,,,,,,,,,,,,,,,,,,,9.0,7.0,"7-5,2-6,7-6(10)",,,,,,,,,,,
901,2025,AUSTRALIAN OPEN,Grand Slam,2025-01-12,2025-01-26,Hard,MELBOURNE,AUSTRALIA,128.0,43608375.0,USD,LS57023631,2025-01-13,1,Lucia Bronzetti,Victoria Azarenka,ITA,,,21.0,6-2,7-6(2),,,322280,312001,AUSTRALIAN OPEN,"Australian Open - Melbourne, AUS",2025.0,,322280,312001,322280,312001,Lucia Bronzetti,Victoria Azarenka,,,Lucia Bronzetti,Victoria Azarenka,ITA,,,21,322280,312001,,,,,,,,,,,,,,,,,,,,,,,,,,,,,,,,,,,,,,,,,,,,,,,,,,,,,,,,,,,,,,,,,,,,,,,,,,,6-2,7-6(2),,"6-2,7-6(7)",901,2025,,,,,,2,2025-01-13,,,,,,,,,,,,,,,,,,,,,,,,,,,,,,,,,,,,,,7.0,2.0,,,"6-2,7-6(7)",,,,,,,,,,,
901,2025,AUSTRALIAN OPEN,Grand Slam,2025-01-12,2025-01-26,Hard,MELBOURNE,AUSTRALIA,128.0,43608375.0,USD,LS57023653,2025-01-13,1,Elina Svitolina,Sorana Cirstea,UKR,ROU,28.0,,6-4,6-4,,,316738,312469,AUSTRALIAN OPEN,"Australian Open - Melbourne, AUS",2025.0,,316738,312469,316738,312469,Elina Svitolina,Sorana Cirstea,,,Elina Svitolina,Sorana Cirstea,UKR,ROU,28,,316738,312469,,,,,,,,,,,,,,,,,,,,,,,,,,,,,,,,,,,,,,,,,,,,,,,,,,,,,,,,,,,,,,,,,,,,,,,,,,,6-4,6-4,,"6-4,6-4",901,2025,,,,,,2,2025-01-13,,,,,,,,,,,,,,,,,,,,,,,,,,,,,,,,,,,,,,,,,,"6-4,6-4",,,,,,,,,,,
901,2025,AUSTRALIAN OPEN,Grand Slam,2025-01-12,2025-01-26,Hard,MELBOURNE,AUSTRALIA,128.0,43608375.0,USD,LS57032277,2025-01-13,1,Magdalena Frech,Polina Kudermetova,POL,UZB,23.0,,6-4,6-4,,,320277,328897,AUSTRALIAN OPEN,"Australian Open - Melbourne, AUS",2025.0,,320277,328897,320277,328897,Magdalena Frech,Polina Kudermetova,,,Magdalena Frech,Polina Kudermetova,POL,UZB,23,,320277,328897,,,,,,,,,,,,,,,,,,,,,,,,,,,,,,,,,,,,,,,,,,,,,,,,,,,,,,,,,,,,,,,,,,,,,,,,,,,6-4,6-4,,"6-4,6-4",901,2025,,,,,,2,2025-01-13,,,,,,,,,,,,,,,,,,,,,,,,,,,,,,,,,,,,,,,,,,"6-4,6-4",,,,,,,,,,,
901,2025,AUSTRALIAN OPEN,Grand Slam,2025-01-12,2025-01-26,Hard,MELBOURNE,AUSTRALIA,128.0,43608375.0,USD,LS57023691,2025-01-13,1,Coco Gauff,Sofia Kenin,USA,USA,3.0,,6-3,6-3,,,328560,320942,AUSTRALIAN OPEN,"Australian Open - Melbourne, AUS",2025.0,,328560,320942,328560,320942,Coco Gauff,Sofia Kenin,,,Coco Gauff,Sofia Kenin,USA,USA,3,,328560,320942,,,,,,,,,,,,,,,,,,,,,,,,,,,,,,,,,,,,,,,,,,,,,,,,,,,,,,,,,,,,,,,,,,,,,,,,,,,6-3,6-3,,"6-3,6-3",901,2025,,,,,,2,2025-01-13,,,,,,,,,,,,,,,,,,,,,,,,,,,,,,,,,,,,,,,,,,"6-3,6-3",,,,,,,,,,,
901,2025,AUSTRALIAN OPEN,Grand Slam,2025-01-12,2025-01-26,Hard,MELBOURNE,AUSTRALIA,128.0,43608375.0,USD,LS57023699,2025-01-13,1,Ajla Tomljanovic,Ashlyn Krueger,AUS,USA,,,6-4,4-6,6-4,,315232,329409,AUSTRALIAN OPEN,"Australian Open - Melbourne, AUS",2025.0,,315232,329409,315232,329409,Ajla Tomljanovic,Ashlyn Krueger,,,Ajla Tomljanovic,Ashlyn Krueger,AUS,USA,,,315232,329409,,,,,,,,,,,,,,,,,,,,,,,,,,,,,,,,,,,,,,,,,,,,,,,,,,,,,,,,,,,,,,,,,,,,,,,,,,,6-4,4-6,6-4,"6-4,4-6,6-4",901,2025,,,,,,3,2025-01-13,,,,,,,,,,,,,,,,,,,,,,,,,,,,,,,,,,,,,,,,,,"6-4,4-6,6-4",,,,,,,,,,,
901,2025,AUSTRALIAN OPEN,Grand Slam,2025-01-12,2025-01-26,Hard,MELBOURNE,AUSTRALIA,128.0,43608375.0,USD,LS57023625,2025-01-13,1,Rebecca Sramkova,Katie Volynets,SVK,USA,,,3-6,6-2,6-2,,320228,327391,AUSTRALIAN OPEN,"Australian Open - Melbourne, AUS",2025.0,,320228,327391,320228,327391,Rebecca Sramkova,Katie Volynets,,,Rebecca Sramkova,Katie Volynets,SVK,USA,,,320228,327391,,,,,,,,,,,,,,,,,,,,,,,,,,,,,,,,,,,,,,,,,,,,,,,,,,,,,,,,,,,,,,,,,,,,,,,,,,,3-6,6-2,6-2,"3-6,6-2,6-2",901,2025,,,,,,3,2025-01-13,,,,,,,,,,,,,,,,,,,,,,,,,,,,,,,,,,,,,,,,,,"3-6,6-2,6-2",,,,,,,,,,,
901,2025,AUSTRALIAN OPEN,Grand Slam,2025-01-12,2025-01-26,Hard,MELBOURNE,AUSTRALIA,128.0,43608375.0,USD,LS57023673,2025-01-13,1,Olga Danilovic,Arantxa Rus,SRB,NLD,,,6-4,6-4,,,324934,313349,AUSTRALIAN OPEN,"Australian Open - Melbourne, AUS",2025.0,,313349,324934,313349,324934,Olga Danilovic,Arantxa Rus,,,Arantxa Rus,Olga Danilovic,NLD,SRB,,,324934,313349,,,,,,,,,,,,,,,,,,,,,,,,,,,,,,,,,,,,,,,,,,,,,,,,,,,,,,,,,,,,,,,,,,,,,,,,,,,4-6,4-6,,"4-6,4-6",901,2025,,,,,,2,2025-01-13,,,,,,,,,,,,,,,,,,,,,,,,,,,,,,,,,,,,,,,,,,"4-6,4-6",,,,,,,,,,,
901,2025,AUSTRALIAN OPEN,Grand Slam,2025-01-12,2025-01-26,Hard,MELBOURNE,AUSTRALIA,128.0,43608375.0,USD,LS57023675,2025-01-13,1,Liudmila Samsonova,Kamilla Rakhimova,,UZB,25.0,,6-2,6-4,,,322222,325936,AUSTRALIAN OPEN,"Australian Open - Melbourne, AUS",2025.0,,322222,325936,322222,325936,Liudmila Samsonova,Kamilla Rakhimova,,,Liudmila Samsonova,Kamilla Rakhimova,,UZB,25,,322222,325936,,,,,,,,,,,,,,,,,,,,,,,,,,,,,,,,,,,,,,,,,,,,,,,,,,,,,,,,,,,,,,,,,,,,,,,,,,,6-2,6-4,,"6-2,6-4",901,2025,,,,,,2,2025-01-13,,,,,,,,,,,,,,,,,,,,,,,,,,,,,,,,,,,,,,,,,,"6-2,6-4",,,,,,,,,,,
901,2025,AUSTRALIAN OPEN,Grand Slam,2025-01-12,2025-01-26,Hard,MELBOURNE,AUSTRALIA,128.0,43608375.0,USD,LS57023677,2025-01-13,1,Talia Gibson,Zeynep Sonmez,AUS,TUR,,,3-6,7-6(5),6-1,,329393,326907,AUSTRALIAN OPEN,"Australian Open - Melbourne, AUS",2025.0,,326907,329393,326907,329393,Talia Gibson,Zeynep Sonmez,,,Zeynep Sonmez,Talia Gibson,TUR,AUS,,,329393,326907,,,,,,,,,,,,,,,,,,,,,,,,,,,,,,,,,,,,,,,,,,,,,,,,,,,,,,,,,,,,,,,,,,,,,,,,,,,6-3,6-7(5),1-6,"6-3,6(7)-7,1-6",901,2025,,,,,,3,2025-01-13,,,,,,,,,,,,,,,,,,,,,,,,,,,,,,,,,,,,,,7.0,5.0,,,"6-3,6(7)-7,1-6",,,,,,,,,,,
901,2025,AUSTRALIAN OPEN,Grand Slam,2025-01-12,2025-01-26,Hard,MELBOURNE,AUSTRALIA,128.0,43608375.0,USD,LS57023693,2025-01-13,1,Laura Siegemund,Hailey Baptiste,DEU,USA,,,4-6,7-5,6-4,,310926,327101,AUSTRALIAN OPEN,"Australian Open - Melbourne, AUS",2025.0,,310926,327101,310926,327101,Laura Siegemund,Hailey Baptiste,,,Laura Siegemund,Hailey Baptiste,DEU,USA,,,310926,327101,,,,,,,,,,,,,,,,,,,,,,,,,,,,,,,,,,,,,,,,,,,,,,,,,,,,,,,,,,,,,,,,,,,,,,,,,,,4-6,7-5,6-4,"4-6,7-5,6-4",901,2025,,,,,,3,2025-01-13,,,,,,,,,,,,,,,,,,,,,,,,,,,,,,,,,,,,,,,,,,"4-6,7-5,6-4",,,,,,,,,,,
901,2025,AUSTRALIAN OPEN,Grand Slam,2025-01-12,2025-01-26,Hard,MELBOURNE,AUSTRALIA,128.0,43608375.0,USD,LS57023701,2025-01-13,1,Diana Shnaider,Elisabetta Cocciaretto,,ITA,12.0,,7-6(4),6-4,,,330482,327909,AUSTRALIAN OPEN,"Australian Open - Melbourne, AUS",2025.0,,330482,327909,330482,327909,Diana Shnaider,Elisabetta Cocciaretto,,,Diana Shnaider,Elisabetta Cocciaretto,,ITA,12,,330482,327909,,,,,,,,,,,,,,,,,,,,,,,,,,,,,,,,,,,,,,,,,,,,,,,,,,,,,,,,,,,,,,,,,,,,,,,,,,,7-6(4),6-4,,"7-6(7),6-4",901,2025,,,,,,2,2025-01-13,,,,,,,,,,,,,,,,,,,,,,,,,,,,,,,,,,,,7.0,4.0,,,,,"7-6(7),6-4",,,,,,,,,,,
901,2025,AUSTRALIAN OPEN,Grand Slam,2025-01-12,2025-01-26,Hard,MELBOURNE,AUSTRALIA,128.0,43608375.0,USD,LS57023705,2025-01-13,1,Moyuka Uchijima,Magda Linette,JPN,POL,,,4-6,6-2,7-6(8),,327241,315130,AUSTRALIAN OPEN,"Australian Open - Melbourne, AUS",2025.0,,327241,315130,327241,315130,Moyuka Uchijima,Magda Linette,,,Moyuka Uchijima,Magda Linette,JPN,POL,,,327241,315130,,,,,,,,,,,,,,,,,,,,,,,,,,,,,,,,,,,,,,,,,,,,,,,,,,,,,,,,,,,,,,,,,,,,,,,,,,,4-6,6-2,7-6(8),"4-6,6-2,7-6(10)",901,2025,,,,,,3,2025-01-13,,,,,,,,,,,,,,,,,,,,,,,,,,,,,,,,,,,,,,,,10.0,8.0,"4-6,6-2,7-6(10)",,,,,,,,,,,
901,2025,AUSTRALIAN OPEN,Grand Slam,2025-01-12,2025-01-26,Hard,MELBOURNE,AUSTRALIA,128.0,43608375.0,USD,LS57032269,2025-01-13,1,Jodie Burrage,Leolia Jeanjean,GBR,FRA,,,6-2,6-4,,,323802,320313,AUSTRALIAN OPEN,"Australian Open - Melbourne, AUS",2025.0,,320313,323802,320313,323802,Jodie Burrage,Leolia Jeanjean,,,Leolia Jeanjean,Jodie Burrage,FRA,GBR,,,323802,320313,,,,,,,,,,,,,,,,,,,,,,,,,,,,,,,,,,,,,,,,,,,,,,,,,,,,,,,,,,,,,,,,,,,,,,,,,,,2-6,4-6,,"2-6,4-6",901,2025,,,,,,2,2025-01-13,,,,,,,,,,,,,,,,,,,,,,,,,,,,,,,,,,,,,,,,,,"2-6,4-6",,,,,,,,,,,
901,2025,AUSTRALIAN OPEN,Grand Slam,2025-01-12,2025-01-26,Hard,MELBOURNE,AUSTRALIA,128.0,43608375.0,USD,LS57023707,2025-01-12,1,Anna Blinkova,Daria Saville,,AUS,,,1-6,6-4,7-5,,324267,315997,AUSTRALIAN OPEN,"Australian Open - Melbourne, AUS",2025.0,,324267,315997,324267,315997,Anna Blinkova,Daria Saville,,,Anna Blinkova,Daria Saville,,AUS,,,324267,315997,,,,,,,,,,,,,,,,,,,,,,,,,,,,,,,,,,,,,,,,,,,,,,,,,,,,,,,,,,,,,,,,,,,,,,,,,,,1-6,6-4,7-5,"1-6,6-4,7-5",901,2025,,,,,,3,2025-01-12,,,,,,,,,,,,,,,,,,,,,,,,,,,,,,,,,,,,,,,,,,"1-6,6-4,7-5",,,,,,,,,,,
901,2025,AUSTRALIAN OPEN,Grand Slam,2025-01-12,2025-01-26,Hard,MELBOURNE,AUSTRALIA,128.0,43608375.0,USD,LS57023689,2025-01-12,1,Cristina Bucsa,Chloe Paquet,ESP,FRA,,,6-2,6-3,,,321158,318839,AUSTRALIAN OPEN,"Australian Open - Melbourne, AUS",2025.0,,321158,318839,321158,318839,Cristina Bucsa,Chloe Paquet,,,Cristina Bucsa,Chloe Paquet,ESP,FRA,,,321158,318839,,,,,,,,,,,,,,,,,,,,,,,,,,,,,,,,,,,,,,,,,,,,,,,,,,,,,,,,,,,,,,,,,,,,,,,,,,,6-2,6-3,,"6-2,6-3",901,2025,,,,,,2,2025-01-12,,,,,,,,,,,,,,,,,,,,,,,,,,,,,,,,,,,,,,,,,,"6-2,6-3",,,,,,,,,,,
901,2025,AUSTRALIAN OPEN,Grand Slam,2025-01-12,2025-01-26,Hard,MELBOURNE,AUSTRALIA,128.0,43608375.0,USD,LS57023715,2025-01-12,1,Aryna Sabalenka,Sloane Stephens,,USA,1.0,,6-3,6-2,,,320760,315683,AUSTRALIAN OPEN,"Australian Open - Melbourne, AUS",2025.0,,320760,315683,320760,315683,Aryna Sabalenka,Sloane Stephens,,,Aryna Sabalenka,Sloane Stephens,,USA,1,,320760,315683,,,,,,,,,,,,,,,,,,,,,,,,,,,,,,,,,,,,,,,,,,,,,,,,,,,,,,,,,,,,,,,,,,,,,,,,,,,6-3,6-2,,"6-3,6-2",901,2025,,,,,,2,2025-01-12,,,,,,,,,,,,,,,,,,,,,,,,,,,,,,,,,,,,,,,,,,"6-3,6-2",,,,,,,,,,,
901,2025,AUSTRALIAN OPEN,Grand Slam,2025-01-12,2025-01-26,Hard,MELBOURNE,AUSTRALIA,128.0,43608375.0,USD,LS57023713,2025-01-12,1,Jessica Bouzas Maneiro,Sonay Kartal,ESP,GBR,,,6-1,7-6(5),,,328139,329918,AUSTRALIAN OPEN,"Australian Open - Melbourne, AUS",2025.0,,329918,328139,329918,328139,Jessica Bouzas Maneiro,Sonay Kartal,,,Sonay Kartal,Jessica Bouzas Maneiro,GBR,ESP,,,328139,329918,,,,,,,,,,,,,,,,,,,,,,,,,,,,,,,,,,,,,,,,,,,,,,,,,,,,,,,,,,,,,,,,,,,,,,,,,,,1-6,6-7(5),,"1-6,6(7)-7",901,2025,,,,,,2,2025-01-12,,,,,,,,,,,,,,,,,,,,,,,,,,,,,,,,,,,,,,7.0,5.0,,,"1-6,6(7)-7",,,,,,,,,,,
901,2025,AUSTRALIAN OPEN,Grand Slam,2025-01-12,2025-01-26,Hard,MELBOURNE,AUSTRALIA,128.0,43608375.0,USD,LS57023709,2025-01-12,1,Clara Tauson,Linda Noskova,DNK,CZE,,29.0,5-7,6-3,6-4,,327793,329668,AUSTRALIAN OPEN,"Australian Open - Melbourne, AUS",2025.0,,327793,329668,327793,329668,Clara Tauson,Linda Noskova,,,Clara Tauson,Linda Noskova,DNK,CZE,,29,327793,329668,,,,,,,,,,,,,,,,,,,,,,,,,,,,,,,,,,,,,,,,,,,,,,,,,,,,,,,,,,,,,,,,,,,,,,,,,,,5-7,6-3,6-4,"5-7,6-3,6-4",901,2025,,,,,,3,2025-01-12,,,,,,,,,,,,,,,,,,,,,,,,,,,,,,,,,,,,,,,,,,"5-7,6-3,6-4",,,,,,,,,,,
901,2025,AUSTRALIAN OPEN,Grand Slam,2025-01-12,2025-01-26,Hard,MELBOURNE,AUSTRALIA,128.0,43608375.0,USD,LS57023679,2025-01-12,1,Paula Badosa,Xinyu Wang,ESP,CHN,11.0,,6-3,7-6(5),,,320124,326376,AUSTRALIAN OPEN,"Australian Open - Melbourne, AUS",2025.0,,320124,326376,320124,326376,Paula Badosa,Xinyu Wang,,,Paula Badosa,Xinyu Wang,ESP,CHN,11,,320124,326376,,,,,,,,,,,,,,,,,,,,,,,,,,,,,,,,,,,,,,,,,,,,,,,,,,,,,,,,,,,,,,,,,,,,,,,,,,,6-3,7-6(5),,"6-3,7-6(7)",901,2025,,,,,,2,2025-01-12,,,,,,,,,,,,,,,,,,,,,,,,,,,,,,,,,,,,,,7.0,5.0,,,"6-3,7-6(7)",,,,,,,,,,,
901,2025,AUSTRALIAN OPEN,Grand Slam,2025-01-12,2025-01-26,Hard,MELBOURNE,AUSTRALIA,128.0,43608375.0,USD,LS57023697,2025-01-12,1,Donna Vekic,Diane Parry,HRV,FRA,18.0,,6-4,6-4,,,318516,327077,AUSTRALIAN OPEN,"Australian Open - Melbourne, AUS",2025.0,,327077,318516,327077,318516,Donna Vekic,Diane Parry,,,Diane Parry,Donna Vekic,FRA,HRV,,18,318516,327077,,,,,,,,,,,,,,,,,,,,,,,,,,,,,,,,,,,,,,,,,,,,,,,,,,,,,,,,,,,,,,,,,,,,,,,,,,,4-6,4-6,,"4-6,4-6",901,2025,,,,,,2,2025-01-12,,,,,,,,,,,,,,,,,,,,,,,,,,,,,,,,,,,,,,,,,,"4-6,4-6",,,,,,,,,,,
901,2025,AUSTRALIAN OPEN,Grand Slam,2025-01-12,2025-01-26,Hard,MELBOURNE,AUSTRALIA,128.0,43608375.0,USD,LS57032271,2025-01-12,1,Qinwen Zheng,Anca Alexia Todoni,CHN,ROU,5.0,,7-6(3),6-1,,,328120,330442,AUSTRALIAN OPEN,"Australian Open - Melbourne, AUS",2025.0,,330442,328120,330442,328120,Qinwen Zheng,Anca Alexia Todoni,,,Anca Alexia Todoni,Qinwen Zheng,ROU,CHN,,5,328120,330442,,,,,,,,,,,,,,,,,,,,,,,,,,,,,,,,,,,,,,,,,,,,,,,,,,,,,,,,,,,,,,,,,,,,,,,,,,,6-7(3),1-6,,"6(7)-7,1-6",901,2025,,,,,,2,2025-01-12,,,,,,,,,,,,,,,,,,,,,,,,,,,,,,,,,,,,7.0,3.0,,,,,"6(7)-7,1-6",,,,,,,,,,,
901,2025,AUSTRALIAN OPEN,Grand Slam,2025-01-12,2025-01-26,Hard,MELBOURNE,AUSTRALIA,128.0,43608375.0,USD,LS57023687,2025-01-12,1,Leylah Fernandez,Yuliia Starodubtseva,CAN,UKR,30.0,,7-5,6-4,,,326735,325338,AUSTRALIAN OPEN,"Australian Open - Melbourne, AUS",2025.0,,325338,326735,325338,326735,Leylah Fernandez,Yuliia Starodubtseva,,,Yuliia Starodubtseva,Leylah Fernandez,UKR,CAN,,30,326735,325338,,,,,,,,,,,,,,,,,,,,,,,,,,,,,,,,,,,,,,,,,,,,,,,,,,,,,,,,,,,,,,,,,,,,,,,,,,,5-7,4-6,,"5-7,4-6",901,2025,,,,,,2,2025-01-12,,,,,,,,,,,,,,,,,,,,,,,,,,,,,,,,,,,,,,,,,,"5-7,4-6",,,,,,,,,,,
901,2025,AUSTRALIAN OPEN,Grand Slam,2025-01-12,2025-01-26,Hard,MELBOURNE,AUSTRALIA,128.0,43608375.0,USD,LS57023703,2025-01-12,1,Mirra Andreeva,Marie Bouzkova,,CZE,14.0,,6-3,6-3,,,331809,320983,AUSTRALIAN OPEN,"Australian Open - Melbourne, AUS",2025.0,,320983,331809,320983,331809,Mirra Andreeva,Marie Bouzkova,,,Marie Bouzkova,Mirra Andreeva,CZE,,,14,331809,320983,,,,,,,,,,,,,,,,,,,,,,,,,,,,,,,,,,,,,,,,,,,,,,,,,,,,,,,,,,,,,,,,,,,,,,,,,,,3-6,3-6,,"3-6,3-6",901,2025,,,,,,2,2025-01-12,,,,,,,,,,,,,,,,,,,,,,,,,,,,,,,,,,,,,,,,,,"3-6,3-6",,,,,,,,,,,
901,2025,AUSTRALIAN OPEN,Grand Slam,2025-01-12,2025-01-26,Hard,MELBOURNE,AUSTRALIA,128.0,43608375.0,USD,LS57023711,2025-01-12,1,Tatjana Maria,Bernarda Pera,DEU,USA,,,7-6(3),6-4,,,310440,317708,AUSTRALIAN OPEN,"Australian Open - Melbourne, AUS",2025.0,,317708,310440,317708,310440,Tatjana Maria,Bernarda Pera,,,Bernarda Pera,Tatjana Maria,USA,DEU,,,310440,317708,,,,,,,,,,,,,,,,,,,,,,,,,,,,,,,,,,,,,,,,,,,,,,,,,,,,,,,,,,,,,,,,,,,,,,,,,,,6-7(3),4-6,,"6(7)-7,4-6",901,2025,,,,,,2,2025-01-12,,,,,,,,,,,,,,,,,,,,,,,,,,,,,,,,,,,,7.0,3.0,,,,,"6(7)-7,4-6",,,,,,,,,,,
901,2025,AUSTRALIAN OPEN,Grand Slam,2025-01-12,2025-01-26,Hard,MELBOURNE,AUSTRALIA,128.0,43608375.0,USD,LS57032267,2025-01-12,1,Suzan Lamens,Veronika Erjavec,NLD,SVN,,,7-5,7-6(2),,,324898,327655,AUSTRALIAN OPEN,"Australian Open - Melbourne, AUS",2025.0,,327655,324898,327655,324898,Suzan Lamens,Veronika Erjavec,,,Veronika Erjavec,Suzan Lamens,SVN,NLD,,,324898,327655,,,,,,,,,,,,,,,,,,,,,,,,,,,,,,,,,,,,,,,,,,,,,,,,,,,,,,,,,,,,,,,,,,,,,,,,,,,5-7,6-7(2),,"5-7,6(7)-7",901,2025,,,,,,2,2025-01-12,,,,,,,,,,,,,,,,,,,,,,,,,,,,,,,,,,,,,,7.0,2.0,,,"5-7,6(7)-7",,,,,,,,,,,
901,2025,AUSTRALIAN OPEN,Grand Slam,2025-01-12,2025-01-26,Hard,MELBOURNE,AUSTRALIA,128.0,43608375.0,USD,RS57001327,2025-01-09,,Polina Kudermetova,Elena Micic,UZB,AUS,6.0,,6-4,7-5,,,328897,731427,AUSTRALIAN OPEN,"Australian Open - Melbourne, AUS",2025.0,,328897,731427,328897,731427,Polina Kudermetova,Elena Micic,,,Polina Kudermetova,Elena Micic,UZB,AUS,6,,328897,731427,,,,,,,,,,,,,,,,,,,,,,,,,,,,,,,,,,,,,,,,,,,,,,,,,,,,,,,,,,,,,,,,,,,,,,,,,,,6-4,7-5,,"6-4,7-5",901,2025,,,,,,2,2025-01-09,,,,,,,,,,,,,,,,,,,,,,,,,,,,,,,,,,,,,,,,,,"6-4,7-5",,,,,,,,,,,
901,2025,AUSTRALIAN OPEN,Grand Slam,2025-01-12,2025-01-26,Hard,MELBOURNE,AUSTRALIA,128.0,43608375.0,USD,RS57001843,2025-01-09,,Veronika Erjavec,Petra Martic,SVN,HRV,,16.0,6-2,6-1,,,327655,313711,AUSTRALIAN OPEN,"Australian Open - Melbourne, AUS",2025.0,,313711,327655,313711,327655,Veronika Erjavec,Petra Martic,,,Petra Martic,Veronika Erjavec,HRV,SVN,16,,327655,313711,,,,,,,,,,,,,,,,,,,,,,,,,,,,,,,,,,,,,,,,,,,,,,,,,,,,,,,,,,,,,,,,,,,,,,,,,,,2-6,1-6,,"2-6,1-6",901,2025,,,,,,2,2025-01-09,,,,,,,,,,,,,,,,,,,,,,,,,,,,,,,,,,,,,,,,,,"2-6,1-6",,,,,,,,,,,
901,2025,AUSTRALIAN OPEN,Grand Slam,2025-01-12,2025-01-26,Hard,MELBOURNE,AUSTRALIA,128.0,43608375.0,USD,RS57004113,2025-01-09,,Sara Bejlek,Jil Teichmann,CZE,CHE,,26.0,7-5,6-3,,,330375,320926,AUSTRALIAN OPEN,"Australian Open - Melbourne, AUS",2025.0,,330375,320926,330375,320926,Sara Bejlek,Jil Teichmann,,,Sara Bejlek,Jil Teichmann,CZE,CHE,,26,330375,320926,,,,,,,,,,,,,,,,,,,,,,,,,,,,,,,,,,,,,,,,,,,,,,,,,,,,,,,,,,,,,,,,,,,,,,,,,,,7-5,6-3,,"7-5,6-3",901,2025,,,,,,2,2025-01-09,,,,,,,,,,,,,,,,,,,,,,,,,,,,,,,,,,,,,,,,,,"7-5,6-3",,,,,,,,,,,
901,2025,AUSTRALIAN OPEN,Grand Slam,2025-01-12,2025-01-26,Hard,MELBOURNE,AUSTRALIA,128.0,43608375.0,USD,RS56996017,2025-01-09,,Kimberly Birrell,Oksana Selekhmeteva,AUS,,9.0,,6-3,6-7(4),6-4,,320728,329199,AUSTRALIAN OPEN,"Australian Open - Melbourne, AUS",2025.0,,320728,329199,320728,329199,Kimberly Birrell,Oksana Selekhmeteva,,,Kimberly Birrell,Oksana Selekhmeteva,AUS,,9,,320728,329199,,,,,,,,,,,,,,,,,,,,,,,,,,,,,,,,,,,,,,,,,,,,,,,,,,,,,,,,,,,,,,,,,,,,,,,,,,,6-3,6-7(4),6-4,"6-3,6(7)-7,6-4",901,2025,,,,,,3,2025-01-09,,,,,,,,,,,,,,,,,,,,,,,,,,,,,,,,,,,,,,7.0,4.0,,,"6-3,6(7)-7,6-4",,,,,,,,,,,
901,2025,AUSTRALIAN OPEN,Grand Slam,2025-01-12,2025-01-26,Hard,MELBOURNE,AUSTRALIA,128.0,43608375.0,USD,RS56996719,2025-01-09,,Maja Chwalinska,Brenda Fruhvirtova,POL,CZE,20.0,,6-3,6-4,,,325639,331545,AUSTRALIAN OPEN,"Australian Open - Melbourne, AUS",2025.0,,331545,325639,331545,325639,Maja Chwalinska,Brenda Fruhvirtova,,,Brenda Fruhvirtova,Maja Chwalinska,CZE,POL,,20,325639,331545,,,,,,,,,,,,,,,,,,,,,,,,,,,,,,,,,,,,,,,,,,,,,,,,,,,,,,,,,,,,,,,,,,,,,,,,,,,3-6,4-6,,"3-6,4-6",901,2025,,,,,,2,2025-01-09,,,,,,,,,,,,,,,,,,,,,,,,,,,,,,,,,,,,,,,,,,"3-6,4-6",,,,,,,,,,,
901,2025,AUSTRALIAN OPEN,Grand Slam,2025-01-12,2025-01-26,Hard,MELBOURNE,AUSTRALIA,128.0,43608375.0,USD,RS56997125,2025-01-09,,Sijia Wei,Nina Stojanovic,CHN,SRB,25.0,,4-6,6-4,7-6(9),,328426,319709,AUSTRALIAN OPEN,"Australian Open - Melbourne, AUS",2025.0,,319709,328426,319709,328426,Sijia Wei,Nina Stojanovic,,,Nina Stojanovic,Sijia Wei,SRB,CHN,,25,328426,319709,,,,,,,,,,,,,,,,,,,,,,,,,,,,,,,,,,,,,,,,,,,,,,,,,,,,,,,,,,,,,,,,,,,,,,,,,,,6-4,4-6,6-7(9),"6-4,4-6,6(11)-7",901,2025,,,,,,3,2025-01-09,,,,,,,,,,,,,,,,,,,,,,,,,,,,,,,,,,,,,,,,11.0,9.0,"6-4,4-6,6(11)-7",,,,,,,,,,,
901,2025,AUSTRALIAN OPEN,Grand Slam,2025-01-12,2025-01-26,Hard,MELBOURNE,AUSTRALIA,128.0,43608375.0,USD,RS57001979,2025-01-09,,Viktorija Golubic,Sachia Vickery,CHE,USA,2.0,,6-2,6-4,,,316296,317443,AUSTRALIAN OPEN,"Australian Open - Melbourne, AUS",2025.0,,316296,317443,316296,317443,Viktorija Golubic,Sachia Vickery,,,Viktorija Golubic,Sachia Vickery,CHE,USA,2,,316296,317443,,,,,,,,,,,,,,,,,,,,,,,,,,,,,,,,,,,,,,,,,,,,,,,,,,,,,,,,,,,,,,,,,,,,,,,,,,,6-2,6-4,,"6-2,6-4",901,2025,,,,,,2,2025-01-09,,,,,,,,,,,,,,,,,,,,,,,,,,,,,,,,,,,,,,,,,,"6-2,6-4",,,,,,,,,,,
901,2025,AUSTRALIAN OPEN,Grand Slam,2025-01-12,2025-01-26,Hard,MELBOURNE,AUSTRALIA,128.0,43608375.0,USD,RS56992687,2025-01-09,,Destanee Aiava,Eva Lys,AUS,DEU,,23.0,6-1,2-6,6-4,,324219,325826,AUSTRALIAN OPEN,"Australian Open - Melbourne, AUS",2025.0,,324219,325826,324219,325826,Destanee Aiava,Eva Lys,,,Destanee Aiava,Eva Lys,AUS,DEU,,23,324219,325826,,,,,,,,,,,,,,,,,,,,,,,,,,,,,,,,,,,,,,,,,,,,,,,,,,,,,,,,,,,,,,,,,,,,,,,,,,,6-1,2-6,6-4,"6-1,2-6,6-4",901,2025,,,,,,3,2025-01-09,,,,,,,,,,,,,,,,,,,,,,,,,,,,,,,,,,,,,,,,,,"6-1,2-6,6-4",,,,,,,,,,,
901,2025,AUSTRALIAN OPEN,Grand Slam,2025-01-12,2025-01-26,Hard,MELBOURNE,AUSTRALIA,128.0,43608375.0,USD,RS56989821,2025-01-09,,Julia Riera,Maddison Inglis,ARG,AUS,19.0,,4-6,6-1,6-2,,327287,321179,AUSTRALIAN OPEN,"Australian Open - Melbourne, AUS",2025.0,,321179,327287,321179,327287,Julia Riera,Maddison Inglis,,,Maddison Inglis,Julia Riera,AUS,ARG,,19,327287,321179,,,,,,,,,,,,,,,,,,,,,,,,,,,,,,,,,,,,,,,,,,,,,,,,,,,,,,,,,,,,,,,,,,,,,,,,,,,6-4,1-6,2-6,"6-4,1-6,2-6",901,2025,,,,,,3,2025-01-09,,,,,,,,,,,,,,,,,,,,,,,,,,,,,,,,,,,,,,,,,,"6-4,1-6,2-6",,,,,,,,,,,
901,2025,AUSTRALIAN OPEN,Grand Slam,2025-01-12,2025-01-26,Hard,MELBOURNE,AUSTRALIA,128.0,43608375.0,USD,RS56989965,2025-01-09,,Elena-Gabriela Ruse,Emina Bektas,ROU,USA,15.0,,6-2,7-5,,,320408,316464,AUSTRALIAN OPEN,"Australian Open - Melbourne, AUS",2025.0,,320408,316464,320408,316464,Elena-Gabriela Ruse,Emina Bektas,,,Elena-Gabriela Ruse,Emina Bektas,ROU,USA,15,,320408,316464,,,,,,,,,,,,,,,,,,,,,,,,,,,,,,,,,,,,,,,,,,,,,,,,,,,,,,,,,,,,,,,,,,,,,,,,,,,6-2,7-5,,"6-2,7-5",901,2025,,,,,,2,2025-01-09,,,,,,,,,,,,,,,,,,,,,,,,,,,,,,,,,,,,,,,,,,"6-2,7-5",,,,,,,,,,,
901,2025,AUSTRALIAN OPEN,Grand Slam,2025-01-12,2025-01-26,Hard,MELBOURNE,AUSTRALIA,128.0,43608375.0,USD,RS56989963,2025-01-09,,Nao Hibino,Harriet Dart,JPN,GBR,,3.0,6-4,7-5,,,320238,319489,AUSTRALIAN OPEN,"Australian Open - Melbourne, AUS",2025.0,,319489,320238,319489,320238,Nao Hibino,Harriet Dart,,,Harriet Dart,Nao Hibino,GBR,JPN,3,,320238,319489,,,,,,,,,,,,,,,,,,,,,,,,,,,,,,,,,,,,,,,,,,,,,,,,,,,,,,,,,,,,,,,,,,,,,,,,,,,4-6,5-7,,"4-6,5-7",901,2025,,,,,,2,2025-01-09,,,,,,,,,,,,,,,,,,,,,,,,,,,,,,,,,,,,,,,,,,"4-6,5-7",,,,,,,,,,,
901,2025,AUSTRALIAN OPEN,Grand Slam,2025-01-12,2025-01-26,Hard,MELBOURNE,AUSTRALIA,128.0,43608375.0,USD,RS56989817,2025-01-09,,Tamara Zidansek,Carole Monnet,SVN,FRA,,,6-3,5-7,6-3,,323079,325991,AUSTRALIAN OPEN,"Australian Open - Melbourne, AUS",2025.0,,325991,323079,325991,323079,Tamara Zidansek,Carole Monnet,,,Carole Monnet,Tamara Zidansek,FRA,SVN,,,323079,325991,,,,,,,,,,,,,,,,,,,,,,,,,,,,,,,,,,,,,,,,,,,,,,,,,,,,,,,,,,,,,,,,,,,,,,,,,,,3-6,7-5,3-6,"3-6,7-5,3-6",901,2025,,,,,,3,2025-01-09,,,,,,,,,,,,,,,,,,,,,,,,,,,,,,,,,,,,,,,,,,"3-6,7-5,3-6",,,,,,,,,,,
901,2025,AUSTRALIAN OPEN,Grand Slam,2025-01-12,2025-01-26,Hard,MELBOURNE,AUSTRALIA,128.0,43608375.0,USD,RS56988781,2025-01-09,,Daria Snigur,Rebeka Masarova,UKR,CHE,30.0,,7-5,6-2,,,327845,322087,AUSTRALIAN OPEN,"Australian Open - Melbourne, AUS",2025.0,,322087,327845,322087,327845,Daria Snigur,Rebeka Masarova,,,Rebeka Masarova,Daria Snigur,CHE,UKR,,30,327845,322087,,,,,,,,,,,,,,,,,,,,,,,,,,,,,,,,,,,,,,,,,,,,,,,,,,,,,,,,,,,,,,,,,,,,,,,,,,,5-7,2-6,,"5-7,2-6",901,2025,,,,,,2,2025-01-09,,,,,,,,,,,,,,,,,,,,,,,,,,,,,,,,,,,,,,,,,,"5-7,2-6",,,,,,,,,,,
901,2025,AUSTRALIAN OPEN,Grand Slam,2025-01-12,2025-01-26,Hard,MELBOURNE,AUSTRALIA,128.0,43608375.0,USD,RS56988871,2025-01-09,,Jana Fett,Lucija Ciric-Bagaric,HRV,HRV,27.0,,6-3,7-6(6),,,320945,330894,AUSTRALIAN OPEN,"Australian Open - Melbourne, AUS",2025.0,,330894,320945,330894,320945,Jana Fett,Lucija Ciric-Bagaric,,,Lucija Ciric-Bagaric,Jana Fett,HRV,HRV,,27,320945,330894,,,,,,,,,,,,,,,,,,,,,,,,,,,,,,,,,,,,,,,,,,,,,,,,,,,,,,,,,,,,,,,,,,,,,,,,,,,3-6,6-7(6),,"3-6,6(8)-7",901,2025,,,,,,2,2025-01-09,,,,,,,,,,,,,,,,,,,,,,,,,,,,,,,,,,,,,,8.0,6.0,,,"3-6,6(8)-7",,,,,,,,,,,
901,2025,AUSTRALIAN OPEN,Grand Slam,2025-01-12,2025-01-26,Hard,MELBOURNE,AUSTRALIA,128.0,43608375.0,USD,RS56988873,2025-01-09,,Anca Alexia Todoni,Varvara Lepchenko,ROU,USA,12.0,21.0,6-3,6-2,,,330442,120420,AUSTRALIAN OPEN,"Australian Open - Melbourne, AUS",2025.0,,330442,120420,330442,120420,Anca Alexia Todoni,Varvara Lepchenko,,,Anca Alexia Todoni,Varvara Lepchenko,ROU,USA,12,21,330442,120420,,,,,,,,,,,,,,,,,,,,,,,,,,,,,,,,,,,,,,,,,,,,,,,,,,,,,,,,,,,,,,,,,,,,,,,,,,,6-3,6-2,,"6-3,6-2",901,2025,,,,,,2,2025-01-09,,,,,,,,,,,,,,,,,,,,,,,,,,,,,,,,,,,,,,,,,,"6-3,6-2",,,,,,,,,,,
901,2025,AUSTRALIAN OPEN,Grand Slam,2025-01-12,2025-01-26,Hard,MELBOURNE,AUSTRALIA,128.0,43608375.0,USD,RS56988941,2025-01-09,,Leolia Jeanjean,Selena Janicijevic,FRA,FRA,,,6-3,7-6(5),,,320313,329090,AUSTRALIAN OPEN,"Australian Open - Melbourne, AUS",2025.0,,329090,320313,329090,320313,Leolia Jeanjean,Selena Janicijevic,,,Selena Janicijevic,Leolia Jeanjean,FRA,FRA,,,320313,329090,,,,,,,,,,,,,,,,,,,,,,,,,,,,,,,,,,,,,,,,,,,,,,,,,,,,,,,,,,,,,,,,,,,,,,,,,,,3-6,6-7(5),,"3-6,6(7)-7",901,2025,,,,,,2,2025-01-09,,,,,,,,,,,,,,,,,,,,,,,,,,,,,,,,,,,,,,7.0,5.0,,,"3-6,6(7)-7",,,,,,,,,,,
901,2025,AUSTRALIAN OPEN,Grand Slam,2025-01-12,2025-01-26,Hard,MELBOURNE,AUSTRALIA,128.0,43608375.0,USD,RS56981737,2025-01-08,,Jil Teichmann,Francesca Jones,CHE,GBR,26.0,,4-6,7-6(13),6-3,,320926,324479,AUSTRALIAN OPEN,"Australian Open - Melbourne, AUS",2025.0,,324479,320926,324479,320926,Jil Teichmann,Francesca Jones,,,Francesca Jones,Jil Teichmann,GBR,CHE,,26,320926,324479,,,,,,,,,,,,,,,,,,,,,,,,,,,,,,,,,,,,,,,,,,,,,,,,,,,,,,,,,,,,,,,,,,,,,,,,,,,6-4,6-7(13),3-6,"6-4,6(15)-7,3-6",901,2025,,,,,,3,2025-01-08,,,,,,,,,,,,,,,,,,,,,,,,,,,,,,,,,,,,,,15.0,13.0,,,"6-4,6(15)-7,3-6",,,,,,,,,,,
901,2025,,,,,,,,,,,,,,Darya Astakhova,Elena Micic,,,,,M.ElenadA.Darya,,,,328578,731427,,,,,,,731427,328578,Darya Astakhova,Elena Micic,,,,,,,,,328578,731427,,,,,,,,,,,,,,,,,,,,,,,,,,,,,,,,,,,,,,,,,,,,,,,,,,,,,,,,,,,,,,,,,,,,,,,,,,,,,,M. Elena d A. Darya ,901,2025,,,,,,1,,,,,,,,,,,,,,,,,,,,,,,,,,,,,,,,,,,,,,,,,,,M. Elena d A. Darya ,,,,,,,,,,,
901,2025,AUSTRALIAN OPEN,Grand Slam,2025-01-12,2025-01-26,Hard,MELBOURNE,AUSTRALIA,128.0,43608375.0,USD,RS56976947,2025-01-08,,Viktorija Golubic,Laura Pigossi,CHE,BRA,2.0,,6-2,6-2,,,316296,317155,AUSTRALIAN OPEN,"Australian Open - Melbourne, AUS",2025.0,,316296,317155,316296,317155,Viktorija Golubic,Laura Pigossi,,,Viktorija Golubic,Laura Pigossi,CHE,BRA,2,,316296,317155,,,,,,,,,,,,,,,,,,,,,,,,,,,,,,,,,,,,,,,,,,,,,,,,,,,,,,,,,,,,,,,,,,,,,,,,,,,6-2,6-2,,"6-2,6-2",901,2025,,,,,,2,2025-01-08,,,,,,,,,,,,,,,,,,,,,,,,,,,,,,,,,,,,,,,,,,"6-2,6-2",,,,,,,,,,,
901,2025,AUSTRALIAN OPEN,Grand Slam,2025-01-12,2025-01-26,Hard,MELBOURNE,AUSTRALIA,128.0,43608375.0,USD,RS56974751,2025-01-08,,Sachia Vickery,Sayaka Ishii,USA,JPN,,,7-6(2),6-4,,,317443,331963,AUSTRALIAN OPEN,"Australian Open - Melbourne, AUS",2025.0,,317443,331963,317443,331963,Sachia Vickery,Sayaka Ishii,,,Sachia Vickery,Sayaka Ishii,USA,JPN,,,317443,331963,,,,,,,,,,,,,,,,,,,,,,,,,,,,,,,,,,,,,,,,,,,,,,,,,,,,,,,,,,,,,,,,,,,,,,,,,,,7-6(2),6-4,,"7-6(7),6-4",901,2025,,,,,,2,2025-01-08,,,,,,,,,,,,,,,,,,,,,,,,,,,,,,,,,,,,7.0,2.0,,,,,"7-6(7),6-4",,,,,,,,,,,
901,2025,AUSTRALIAN OPEN,Grand Slam,2025-01-12,2025-01-26,Hard,MELBOURNE,AUSTRALIA,128.0,43608375.0,USD,RS56977317,2025-01-08,,Polina Kudermetova,Kristina Mladenovic,UZB,FRA,6.0,,7-5,6-4,,,328897,315616,AUSTRALIAN OPEN,"Australian Open - Melbourne, AUS",2025.0,,328897,315616,328897,315616,Polina Kudermetova,Kristina Mladenovic,,,Polina Kudermetova,Kristina Mladenovic,UZB,FRA,6,,328897,315616,,,,,,,,,,,,,,,,,,,,,,,,,,,,,,,,,,,,,,,,,,,,,,,,,,,,,,,,,,,,,,,,,,,,,,,,,,,7-5,6-4,,"7-5,6-4",901,2025,,,,,,2,2025-01-08,,,,,,,,,,,,,,,,,,,,,,,,,,,,,,,,,,,,,,,,,,"7-5,6-4",,,,,,,,,,,
901,2025,AUSTRALIAN OPEN,Grand Slam,2025-01-12,2025-01-26,Hard,MELBOURNE,AUSTRALIA,128.0,43608375.0,USD,RS56981587,2025-01-08,,Sara Bejlek,Anastasia Zakharova,CZE,,,8.0,6-4,6-4,,,330375,327367,AUSTRALIAN OPEN,"Australian Open - Melbourne, AUS",2025.0,,327367,330375,327367,330375,Sara Bejlek,Anastasia Zakharova,,,Anastasia Zakharova,Sara Bejlek,,CZE,8,,330375,327367,,,,,,,,,,,,,,,,,,,,,,,,,,,,,,,,,,,,,,,,,,,,,,,,,,,,,,,,,,,,,,,,,,,,,,,,,,,4-6,4-6,,"4-6,4-6",901,2025,,,,,,2,2025-01-08,,,,,,,,,,,,,,,,,,,,,,,,,,,,,,,,,,,,,,,,,,"4-6,4-6",,,,,,,,,,,
901,2025,AUSTRALIAN OPEN,Grand Slam,2025-01-12,2025-01-26,Hard,MELBOURNE,AUSTRALIA,128.0,43608375.0,USD,RS56978091,2025-01-08,,Veronika Erjavec,Mananchaya Sawangkaew,SVN,THA,,22.0,6-2,6-3,,,327655,326929,AUSTRALIAN OPEN,"Australian Open - Melbourne, AUS",2025.0,,327655,326929,327655,326929,Veronika Erjavec,Mananchaya Sawangkaew,,,Veronika Erjavec,Mananchaya Sawangkaew,SVN,THA,,22,327655,326929,,,,,,,,,,,,,,,,,,,,,,,,,,,,,,,,,,,,,,,,,,,,,,,,,,,,,,,,,,,,,,,,,,,,,,,,,,,6-2,6-3,,"6-2,6-3",901,2025,,,,,,2,2025-01-08,,,,,,,,,,,,,,,,,,,,,,,,,,,,,,,,,,,,,,,,,,"6-2,6-3",,,,,,,,,,,
901,2025,AUSTRALIAN OPEN,Grand Slam,2025-01-12,2025-01-26,Hard,MELBOURNE,AUSTRALIA,128.0,43608375.0,USD,RS56980153,2025-01-08,,Petra Martic,Xinyu Gao,HRV,CHN,16.0,,3-6,7-6(5),6-4,,313711,150130,AUSTRALIAN OPEN,"Australian Open - Melbourne, AUS",2025.0,,313711,150130,313711,150130,Petra Martic,Xinyu Gao,,,Petra Martic,Xinyu Gao,HRV,CHN,16,,313711,150130,,,,,,,,,,,,,,,,,,,,,,,,,,,,,,,,,,,,,,,,,,,,,,,,,,,,,,,,,,,,,,,,,,,,,,,,,,,3-6,7-6(5),6-4,"3-6,7-6(7),6-4",901,2025,,,,,,3,2025-01-08,,,,,,,,,,,,,,,,,,,,,,,,,,,,,,,,,,,,,,7.0,5.0,,,"3-6,7-6(7),6-4",,,,,,,,,,,
901,2025,AUSTRALIAN OPEN,Grand Slam,2025-01-12,2025-01-26,Hard,MELBOURNE,AUSTRALIA,128.0,43608375.0,USD,RS56976945,2025-01-08,,Brenda Fruhvirtova,Sara Errani,CZE,ITA,,4.0,6-0,6-2,,,331545,310761,AUSTRALIAN OPEN,"Australian Open - Melbourne, AUS",2025.0,,310761,331545,310761,331545,Brenda Fruhvirtova,Sara Errani,,,Sara Errani,Brenda Fruhvirtova,ITA,CZE,4,,331545,310761,,,,,,,,,,,,,,,,,,,,,,,,,,,,,,,,,,,,,,,,,,,,,,,,,,,,,,,,,,,,,,,,,,,,,,,,,,,0-6,2-6,,"0-6,2-6",901,2025,,,,,,2,2025-01-08,,,,,,,,,,,,,,,,,,,,,,,,,,,,,,,,,,,,,,,,,,"0-6,2-6",,,,,,,,,,,
901,2025,AUSTRALIAN OPEN,Grand Slam,2025-01-12,2025-01-26,Hard,MELBOURNE,AUSTRALIA,128.0,43608375.0,USD,RS56969715,2025-01-08,,Nina Stojanovic,Robin Montgomery,SRB,USA,,11.0,6-4,6-7(5),6-3,,319709,329408,AUSTRALIAN OPEN,"Australian Open - Melbourne, AUS",2025.0,,329408,319709,329408,319709,Nina Stojanovic,Robin Montgomery,,,Robin Montgomery,Nina Stojanovic,USA,SRB,11,,319709,329408,,,,,,,,,,,,,,,,,,,,,,,,,,,,,,,,,,,,,,,,,,,,,,,,,,,,,,,,,,,,,,,,,,,,,,,,,,,4-6,7-6(5),3-6,"4-6,7-6(7),3-6",901,2025,,,,,,3,2025-01-08,,,,,,,,,,,,,,,,,,,,,,,,,,,,,,,,,,,,,,7.0,5.0,,,"4-6,7-6(7),3-6",,,,,,,,,,,
901,2025,AUSTRALIAN OPEN,Grand Slam,2025-01-12,2025-01-26,Hard,MELBOURNE,AUSTRALIA,128.0,43608375.0,USD,RS56981395,2025-01-08,,Maja Chwalinska,Marie Benoit,POL,BEL,20.0,,6-1,3-6,6-1,,325639,54171,AUSTRALIAN OPEN,"Australian Open - Melbourne, AUS",2025.0,,54171,325639,54171,325639,Maja Chwalinska,Marie Benoit,,,Marie Benoit,Maja Chwalinska,BEL,POL,,20,325639,54171,,,,,,,,,,,,,,,,,,,,,,,,,,,,,,,,,,,,,,,,,,,,,,,,,,,,,,,,,,,,,,,,,,,,,,,,,,,1-6,6-3,1-6,"1-6,6-3,1-6",901,2025,,,,,,3,2025-01-08,,,,,,,,,,,,,,,,,,,,,,,,,,,,,,,,,,,,,,,,,,"1-6,6-3,1-6",,,,,,,,,,,
901,2025,AUSTRALIAN OPEN,Grand Slam,2025-01-12,2025-01-26,Hard,MELBOURNE,AUSTRALIA,128.0,43608375.0,USD,RS56955841,2025-01-08,,Destanee Aiava,Panna Udvardy,AUS,HUN,,,6-4,6-1,,,324219,325956,AUSTRALIAN OPEN,"Australian Open - Melbourne, AUS",2025.0,,324219,325956,324219,325956,Destanee Aiava,Panna Udvardy,,,Destanee Aiava,Panna Udvardy,AUS,HUN,,,324219,325956,,,,,,,,,,,,,,,,,,,,,,,,,,,,,,,,,,,,,,,,,,,,,,,,,,,,,,,,,,,,,,,,,,,,,,,,,,,6-4,6-1,,"6-4,6-1",901,2025,,,,,,2,2025-01-08,,,,,,,,,,,,,,,,,,,,,,,,,,,,,,,,,,,,,,,,,,"6-4,6-1",,,,,,,,,,,
901,2025,AUSTRALIAN OPEN,Grand Slam,2025-01-12,2025-01-26,Hard,MELBOURNE,AUSTRALIA,128.0,43608375.0,USD,RS56970105,2025-01-08,,Sijia Wei,Tamara Korpatsch,CHN,DEU,25.0,,6-3,6-3,,,328426,319571,AUSTRALIAN OPEN,"Australian Open - Melbourne, AUS",2025.0,,319571,328426,319571,328426,Sijia Wei,Tamara Korpatsch,,,Tamara Korpatsch,Sijia Wei,DEU,CHN,,25,328426,319571,,,,,,,,,,,,,,,,,,,,,,,,,,,,,,,,,,,,,,,,,,,,,,,,,,,,,,,,,,,,,,,,,,,,,,,,,,,3-6,3-6,,"3-6,3-6",901,2025,,,,,,2,2025-01-08,,,,,,,,,,,,,,,,,,,,,,,,,,,,,,,,,,,,,,,,,,"3-6,3-6",,,,,,,,,,,
901,2025,AUSTRALIAN OPEN,Grand Slam,2025-01-12,2025-01-26,Hard,MELBOURNE,AUSTRALIA,128.0,43608375.0,USD,RS56970051,2025-01-08,,Kimberly Birrell,Priscilla Hon,AUS,AUS,9.0,,6-4,3-6,6-4,,320728,320543,AUSTRALIAN OPEN,"Australian Open - Melbourne, AUS",2025.0,,320728,320543,320728,320543,Kimberly Birrell,Priscilla Hon,,,Kimberly Birrell,Priscilla Hon,AUS,AUS,9,,320728,320543,,,,,,,,,,,,,,,,,,,,,,,,,,,,,,,,,,,,,,,,,,,,,,,,,,,,,,,,,,,,,,,,,,,,,,,,,,,6-4,3-6,6-4,"6-4,3-6,6-4",901,2025,,,,,,3,2025-01-08,,,,,,,,,,,,,,,,,,,,,,,,,,,,,,,,,,,,,,,,,,"6-4,3-6,6-4",,,,,,,,,,,
901,2025,AUSTRALIAN OPEN,Grand Slam,2025-01-12,2025-01-26,Hard,MELBOURNE,AUSTRALIA,128.0,43608375.0,USD,RS56970053,2025-01-08,,Oksana Selekhmeteva,Astra Sharma,,AUS,,,6-3,2-6,6-4,,329199,319696,AUSTRALIAN OPEN,"Australian Open - Melbourne, AUS",2025.0,,319696,329199,319696,329199,Oksana Selekhmeteva,Astra Sharma,,,Astra Sharma,Oksana Selekhmeteva,AUS,,,,329199,319696,,,,,,,,,,,,,,,,,,,,,,,,,,,,,,,,,,,,,,,,,,,,,,,,,,,,,,,,,,,,,,,,,,,,,,,,,,,3-6,6-2,4-6,"3-6,6-2,4-6",901,2025,,,,,,3,2025-01-08,,,,,,,,,,,,,,,,,,,,,,,,,,,,,,,,,,,,,,,,,,"3-6,6-2,4-6",,,,,,,,,,,
901,2025,AUSTRALIAN OPEN,Grand Slam,2025-01-12,2025-01-26,Hard,MELBOURNE,AUSTRALIA,128.0,43608375.0,USD,RS56970055,2025-01-08,,Eva Lys,Arina Rodionova,DEU,AUS,23.0,,7-5,6-4,,,325826,312413,AUSTRALIAN OPEN,"Australian Open - Melbourne, AUS",2025.0,,312413,325826,312413,325826,Eva Lys,Arina Rodionova,,,Arina Rodionova,Eva Lys,AUS,DEU,,23,325826,312413,,,,,,,,,,,,,,,,,,,,,,,,,,,,,,,,,,,,,,,,,,,,,,,,,,,,,,,,,,,,,,,,,,,,,,,,,,,5-7,4-6,,"5-7,4-6",901,2025,,,,,,2,2025-01-08,,,,,,,,,,,,,,,,,,,,,,,,,,,,,,,,,,,,,,,,,,"5-7,4-6",,,,,,,,,,,
901,2025,AUSTRALIAN OPEN,Grand Slam,2025-01-12,2025-01-26,Hard,MELBOURNE,AUSTRALIA,128.0,43608375.0,USD,RS56955769,2025-01-08,,Nao Hibino,Ekaterina Makarova,JPN,,,,6-3,6-7(4),6-1,,320238,328308,AUSTRALIAN OPEN,"Australian Open - Melbourne, AUS",2025.0,,328308,320238,328308,320238,Nao Hibino,Ekaterina Makarova,,,Ekaterina Makarova,Nao Hibino,,JPN,,,320238,328308,,,,,,,,,,,,,,,,,,,,,,,,,,,,,,,,,,,,,,,,,,,,,,,,,,,,,,,,,,,,,,,,,,,,,,,,,,,3-6,7-6(4),1-6,"3-6,7-6(7),1-6",901,2025,,,,,,3,2025-01-08,,,,,,,,,,,,,,,,,,,,,,,,,,,,,,,,,,,,,,7.0,4.0,,,"3-6,7-6(7),1-6",,,,,,,,,,,
901,2025,AUSTRALIAN OPEN,Grand Slam,2025-01-12,2025-01-26,Hard,MELBOURNE,AUSTRALIA,128.0,43608375.0,USD,RS56958663,2025-01-08,,Emina Bektas,Maria Timofeeva,USA,,,29.0,7-6(5),3-6,7-5,,316464,328896,AUSTRALIAN OPEN,"Australian Open - Melbourne, AUS",2025.0,,316464,328896,316464,328896,Emina Bektas,Maria Timofeeva,,,Emina Bektas,Maria Timofeeva,USA,,,29,316464,328896,,,,,,,,,,,,,,,,,,,,,,,,,,,,,,,,,,,,,,,,,,,,,,,,,,,,,,,,,,,,,,,,,,,,,,,,,,,7-6(5),3-6,7-5,"7-6(7),3-6,7-5",901,2025,,,,,,3,2025-01-08,,,,,,,,,,,,,,,,,,,,,,,,,,,,,,,,,,,,7.0,5.0,,,,,"7-6(7),3-6,7-5",,,,,,,,,,,
901,2025,AUSTRALIAN OPEN,Grand Slam,2025-01-12,2025-01-26,Hard,MELBOURNE,AUSTRALIA,128.0,43608375.0,USD,RS56968435,2025-01-08,,Maddison Inglis,Sara Sorribes Tormo,AUS,ESP,,5.0,4-6,6-3,6-3,,321179,318872,AUSTRALIAN OPEN,"Australian Open - Melbourne, AUS",2025.0,,318872,321179,318872,321179,Maddison Inglis,Sara Sorribes Tormo,,,Sara Sorribes Tormo,Maddison Inglis,ESP,AUS,5,,321179,318872,,,,,,,,,,,,,,,,,,,,,,,,,,,,,,,,,,,,,,,,,,,,,,,,,,,,,,,,,,,,,,,,,,,,,,,,,,,6-4,3-6,3-6,"6-4,3-6,3-6",901,2025,,,,,,3,2025-01-08,,,,,,,,,,,,,,,,,,,,,,,,,,,,,,,,,,,,,,,,,,"6-4,3-6,3-6",,,,,,,,,,,
901,2025,AUSTRALIAN OPEN,Grand Slam,2025-01-12,2025-01-26,Hard,MELBOURNE,AUSTRALIA,128.0,43608375.0,USD,RS56950353,2025-01-08,,Harriet Dart,Taylah Preston,GBR,AUS,3.0,,6-7(7),6-1,6-2,,319489,330291,AUSTRALIAN OPEN,"Australian Open - Melbourne, AUS",2025.0,,319489,330291,319489,330291,Harriet Dart,Taylah Preston,,,Harriet Dart,Taylah Preston,GBR,AUS,3,,319489,330291,,,,,,,,,,,,,,,,,,,,,,,,,,,,,,,,,,,,,,,,,,,,,,,,,,,,,,,,,,,,,,,,,,,,,,,,,,,6-7(7),6-1,6-2,"6(9)-7,6-1,6-2",901,2025,,,,,,3,2025-01-08,,,,,,,,,,,,,,,,,,,,,,,,,,,,,,,,,,,,9.0,7.0,,,,,"6(9)-7,6-1,6-2",,,,,,,,,,,
901,2025,AUSTRALIAN OPEN,Grand Slam,2025-01-12,2025-01-26,Hard,MELBOURNE,AUSTRALIA,128.0,43608375.0,USD,RS56968437,2025-01-08,,Carole Monnet,Renata Jamrichova,FRA,SVK,,,7-6(2),6-1,,,325991,915129,AUSTRALIAN OPEN,"Australian Open - Melbourne, AUS",2025.0,,325991,915129,325991,915129,Carole Monnet,Renata Jamrichova,,,Carole Monnet,Renata Jamrichova,FRA,SVK,,,325991,915129,,,,,,,,,,,,,,,,,,,,,,,,,,,,,,,,,,,,,,,,,,,,,,,,,,,,,,,,,,,,,,,,,,,,,,,,,,,7-6(2),6-1,,"7-6(7),6-1",901,2025,,,,,,2,2025-01-08,,,,,,,,,,,,,,,,,,,,,,,,,,,,,,,,,,,,7.0,2.0,,,,,"7-6(7),6-1",,,,,,,,,,,
901,2025,AUSTRALIAN OPEN,Grand Slam,2025-01-12,2025-01-26,Hard,MELBOURNE,AUSTRALIA,128.0,43608375.0,USD,RS56957013,2025-01-08,,Julia Riera,Miriam Bianca Bulgaru,ARG,ROU,19.0,,6-4,6-4,,,327287,323119,AUSTRALIAN OPEN,"Australian Open - Melbourne, AUS",2025.0,,323119,327287,323119,327287,Julia Riera,Miriam Bianca Bulgaru,,,Miriam Bianca Bulgaru,Julia Riera,ROU,ARG,,19,327287,323119,,,,,,,,,,,,,,,,,,,,,,,,,,,,,,,,,,,,,,,,,,,,,,,,,,,,,,,,,,,,,,,,,,,,,,,,,,,4-6,4-6,,"4-6,4-6",901,2025,,,,,,2,2025-01-08,,,,,,,,,,,,,,,,,,,,,,,,,,,,,,,,,,,,,,,,,,"4-6,4-6",,,,,,,,,,,
901,2025,AUSTRALIAN OPEN,Grand Slam,2025-01-12,2025-01-26,Hard,MELBOURNE,AUSTRALIA,128.0,43608375.0,USD,RS56952853,2025-01-08,,Elena-Gabriela Ruse,Anna-Lena Friedsam,ROU,DEU,15.0,,3-6,6-3,6-4,,320408,319091,AUSTRALIAN OPEN,"Australian Open - Melbourne, AUS",2025.0,,320408,319091,320408,319091,Elena-Gabriela Ruse,Anna-Lena Friedsam,,,Elena-Gabriela Ruse,Anna-Lena Friedsam,ROU,DEU,15,,320408,319091,,,,,,,,,,,,,,,,,,,,,,,,,,,,,,,,,,,,,,,,,,,,,,,,,,,,,,,,,,,,,,,,,,,,,,,,,,,3-6,6-3,6-4,"3-6,6-3,6-4",901,2025,,,,,,3,2025-01-08,,,,,,,,,,,,,,,,,,,,,,,,,,,,,,,,,,,,,,,,,,"3-6,6-3,6-4",,,,,,,,,,,
901,2025,AUSTRALIAN OPEN,Grand Slam,2025-01-12,2025-01-26,Hard,MELBOURNE,AUSTRALIA,128.0,43608375.0,USD,RS56956827,2025-01-08,,Tamara Zidansek,Raluca Georgiana Serban,SVN,CYP,,,6-2,6-2,,,323079,321280,AUSTRALIAN OPEN,"Australian Open - Melbourne, AUS",2025.0,,323079,321280,323079,321280,Tamara Zidansek,Raluca Georgiana Serban,,,Tamara Zidansek,Raluca Georgiana Serban,SVN,CYP,,,323079,321280,,,,,,,,,,,,,,,,,,,,,,,,,,,,,,,,,,,,,,,,,,,,,,,,,,,,,,,,,,,,,,,,,,,,,,,,,,,6-2,6-2,,"6-2,6-2",901,2025,,,,,,2,2025-01-08,,,,,,,,,,,,,,,,,,,,,,,,,,,,,,,,,,,,,,,,,,"6-2,6-2",,,,,,,,,,,
901,2025,AUSTRALIAN OPEN,Grand Slam,2025-01-12,2025-01-26,Hard,MELBOURNE,AUSTRALIA,128.0,43608375.0,USD,RS56952849,2025-01-07,,Anca Alexia Todoni,Leyre Romero Gormaz,ROU,ESP,12.0,,6-3,6-2,,,330442,326891,AUSTRALIAN OPEN,"Australian Open - Melbourne, AUS",2025.0,,330442,326891,330442,326891,Anca Alexia Todoni,Leyre Romero Gormaz,,,Anca Alexia Todoni,Leyre Romero Gormaz,ROU,ESP,12,,330442,326891,,,,,,,,,,,,,,,,,,,,,,,,,,,,,,,,,,,,,,,,,,,,,,,,,,,,,,,,,,,,,,,,,,,,,,,,,,,6-3,6-2,,"6-3,6-2",901,2025,,,,,,2,2025-01-07,,,,,,,,,,,,,,,,,,,,,,,,,,,,,,,,,,,,,,,,,,"6-3,6-2",,,,,,,,,,,
901,2025,AUSTRALIAN OPEN,Grand Slam,2025-01-12,2025-01-26,Hard,MELBOURNE,AUSTRALIA,128.0,43608375.0,USD,RS56952851,2025-01-07,,Varvara Lepchenko,Heather Watson,USA,GBR,21.0,,3-6,6-3,6-1,,120420,316981,AUSTRALIAN OPEN,"Australian Open - Melbourne, AUS",2025.0,,316981,120420,316981,120420,Varvara Lepchenko,Heather Watson,,,Heather Watson,Varvara Lepchenko,GBR,USA,,21,120420,316981,,,,,,,,,,,,,,,,,,,,,,,,,,,,,,,,,,,,,,,,,,,,,,,,,,,,,,,,,,,,,,,,,,,,,,,,,,,6-3,3-6,1-6,"6-3,3-6,1-6",901,2025,,,,,,3,2025-01-07,,,,,,,,,,,,,,,,,,,,,,,,,,,,,,,,,,,,,,,,,,"6-3,3-6,1-6",,,,,,,,,,,
901,2025,AUSTRALIAN OPEN,Grand Slam,2025-01-12,2025-01-26,Hard,MELBOURNE,AUSTRALIA,128.0,43608375.0,USD,RS56955837,2025-01-07,,Rebeka Masarova,Anna-Karolina Schmiedlova,CHE,SVK,,7.0,6-4,7-5,,,322087,318203,AUSTRALIAN OPEN,"Australian Open - Melbourne, AUS",2025.0,,318203,322087,318203,322087,Rebeka Masarova,Anna-Karolina Schmiedlova,,,Anna-Karolina Schmiedlova,Rebeka Masarova,SVK,CHE,7,,322087,318203,,,,,,,,,,,,,,,,,,,,,,,,,,,,,,,,,,,,,,,,,,,,,,,,,,,,,,,,,,,,,,,,,,,,,,,,,,,4-6,5-7,,"4-6,5-7",901,2025,,,,,,2,2025-01-07,,,,,,,,,,,,,,,,,,,,,,,,,,,,,,,,,,,,,,,,,,"4-6,5-7",,,,,,,,,,,
901,2025,,,,,,,,,,,,,,Daria Snigur,Barbora Palicova,,,,,S.DariadP.Barbora,,,,327845,330363,,,,,,,330363,327845,Daria Snigur,Barbora Palicova,,,,,,,,,327845,330363,,,,,,,,,,,,,,,,,,,,,,,,,,,,,,,,,,,,,,,,,,,,,,,,,,,,,,,,,,,,,,,,,,,,,,,,,,,,,,S. Daria d P. Barbora ,901,2025,,,,,,1,,,,,,,,,,,,,,,,,,,,,,,,,,,,,,,,,,,,,,,,,,,S. Daria d P. Barbora ,,,,,,,,,,,
901,2025,AUSTRALIAN OPEN,Grand Slam,2025-01-12,2025-01-26,Hard,MELBOURNE,AUSTRALIA,128.0,43608375.0,USD,RS56968431,2025-01-07,,Lucija Ciric-Bagaric,Mirjam Bjorklund,HRV,SWE,,,6-2,4-6,6-4,,330894,152052,AUSTRALIAN OPEN,"Australian Open - Melbourne, AUS",2025.0,,152052,330894,152052,330894,Lucija Ciric-Bagaric,Mirjam Bjorklund,,,Mirjam Bjorklund,Lucija Ciric-Bagaric,SWE,HRV,,,330894,152052,,,,,,,,,,,,,,,,,,,,,,,,,,,,,,,,,,,,,,,,,,,,,,,,,,,,,,,,,,,,,,,,,,,,,,,,,,,2-6,6-4,4-6,"2-6,6-4,4-6",901,2025,,,,,,3,2025-01-07,,,,,,,,,,,,,,,,,,,,,,,,,,,,,,,,,,,,,,,,,,"2-6,6-4,4-6",,,,,,,,,,,
901,2025,AUSTRALIAN OPEN,Grand Slam,2025-01-12,2025-01-26,Hard,MELBOURNE,AUSTRALIA,128.0,43608375.0,USD,RS56968433,2025-01-07,,Jana Fett,Sinja Kraus,HRV,AUT,27.0,,6-0,7-6(9),,,320945,327061,AUSTRALIAN OPEN,"Australian Open - Melbourne, AUS",2025.0,,327061,320945,327061,320945,Jana Fett,Sinja Kraus,,,Sinja Kraus,Jana Fett,AUT,HRV,,27,320945,327061,,,,,,,,,,,,,,,,,,,,,,,,,,,,,,,,,,,,,,,,,,,,,,,,,,,,,,,,,,,,,,,,,,,,,,,,,,,0-6,6-7(9),,"0-6,6(11)-7",901,2025,,,,,,2,2025-01-07,,,,,,,,,,,,,,,,,,,,,,,,,,,,,,,,,,,,,,11.0,9.0,,,"0-6,6(11)-7",,,,,,,,,,,
901,2025,AUSTRALIAN OPEN,Grand Slam,2025-01-12,2025-01-26,Hard,MELBOURNE,AUSTRALIA,128.0,43608375.0,USD,RS56968439,2025-01-07,,Selena Janicijevic,Mariam Bolkvadze,FRA,GEO,,,6-4,6-2,,,329090,320592,AUSTRALIAN OPEN,"Australian Open - Melbourne, AUS",2025.0,,329090,320592,329090,320592,Selena Janicijevic,Mariam Bolkvadze,,,Selena Janicijevic,Mariam Bolkvadze,FRA,GEO,,,329090,320592,,,,,,,,,,,,,,,,,,,,,,,,,,,,,,,,,,,,,,,,,,,,,,,,,,,,,,,,,,,,,,,,,,,,,,,,,,,6-4,6-2,,"6-4,6-2",901,2025,,,,,,2,2025-01-07,,,,,,,,,,,,,,,,,,,,,,,,,,,,,,,,,,,,,,,,,,"6-4,6-2",,,,,,,,,,,
901,2025,AUSTRALIAN OPEN,Grand Slam,2025-01-12,2025-01-26,Hard,MELBOURNE,AUSTRALIA,128.0,43608375.0,USD,RS56968441,2025-01-07,,Leolia Jeanjean,Ella Seidel,FRA,DEU,,31.0,5-7,6-4,6-2,,320313,330548,AUSTRALIAN OPEN,"Australian Open - Melbourne, AUS",2025.0,,320313,330548,320313,330548,Leolia Jeanjean,Ella Seidel,,,Leolia Jeanjean,Ella Seidel,FRA,DEU,,31,320313,330548,,,,,,,,,,,,,,,,,,,,,,,,,,,,,,,,,,,,,,,,,,,,,,,,,,,,,,,,,,,,,,,,,,,,,,,,,,,5-7,6-4,6-2,"5-7,6-4,6-2",901,2025,,,,,,3,2025-01-07,,,,,,,,,,,,,,,,,,,,,,,,,,,,,,,,,,,,,,,,,,"5-7,6-4,6-2",,,,,,,,,,,
901,2025,AUSTRALIAN OPEN,Grand Slam,2025-01-12,2025-01-26,Hard,MELBOURNE,AUSTRALIA,128.0,43608375.0,USD,RS56909305,2025-01-07,,Anastasia Zakharova,Kyoka Okamura,,JPN,8.0,,7-6(6),6-0,,,327367,319183,AUSTRALIAN OPEN,"Australian Open - Melbourne, AUS",2025.0,,327367,319183,327367,319183,Anastasia Zakharova,Kyoka Okamura,,,Anastasia Zakharova,Kyoka Okamura,,JPN,8,,327367,319183,,,,,,,,,,,,,,,,,,,,,,,,,,,,,,,,,,,,,,,,,,,,,,,,,,,,,,,,,,,,,,,,,,,,,,,,,,,7-6(6),6-0,,"7-6(8),6-0",901,2025,,,,,,2,2025-01-07,,,,,,,,,,,,,,,,,,,,,,,,,,,,,,,,,,,,8.0,6.0,,,,,"7-6(8),6-0",,,,,,,,,,,
901,2025,AUSTRALIAN OPEN,Grand Slam,2025-01-12,2025-01-26,Hard,MELBOURNE,AUSTRALIA,128.0,43608375.0,USD,RS56909299,2025-01-07,,Jil Teichmann,Han Shi,CHE,CHN,26.0,,5-7,6-2,6-2,,320926,329824,AUSTRALIAN OPEN,"Australian Open - Melbourne, AUS",2025.0,,329824,320926,329824,320926,Jil Teichmann,Han Shi,,,Han Shi,Jil Teichmann,CHN,CHE,,26,320926,329824,,,,,,,,,,,,,,,,,,,,,,,,,,,,,,,,,,,,,,,,,,,,,,,,,,,,,,,,,,,,,,,,,,,,,,,,,,,7-5,2-6,2-6,"7-5,2-6,2-6",901,2025,,,,,,3,2025-01-07,,,,,,,,,,,,,,,,,,,,,,,,,,,,,,,,,,,,,,,,,,"7-5,2-6,2-6",,,,,,,,,,,
901,2025,AUSTRALIAN OPEN,Grand Slam,2025-01-12,2025-01-26,Hard,MELBOURNE,AUSTRALIA,128.0,43608375.0,USD,RS56909315,2025-01-07,,Darya Astakhova,Ena Shibahara,,JPN,,28.0,1-6,6-3,6-0,,328578,322527,AUSTRALIAN OPEN,"Australian Open - Melbourne, AUS",2025.0,,328578,322527,328578,322527,Darya Astakhova,Ena Shibahara,,,Darya Astakhova,Ena Shibahara,,JPN,,28,328578,322527,,,,,,,,,,,,,,,,,,,,,,,,,,,,,,,,,,,,,,,,,,,,,,,,,,,,,,,,,,,,,,,,,,,,,,,,,,,1-6,6-3,6-0,"1-6,6-3,6-0",901,2025,,,,,,3,2025-01-07,,,,,,,,,,,,,,,,,,,,,,,,,,,,,,,,,,,,,,,,,,"1-6,6-3,6-0",,,,,,,,,,,
901,2025,AUSTRALIAN OPEN,Grand Slam,2025-01-12,2025-01-26,Hard,MELBOURNE,AUSTRALIA,128.0,43608375.0,USD,RS56909301,2025-01-07,,Francesca Jones,Linda Fruhvirtova,GBR,CZE,,,7-5,6-4,,,324479,329627,AUSTRALIAN OPEN,"Australian Open - Melbourne, AUS",2025.0,,329627,324479,329627,324479,Francesca Jones,Linda Fruhvirtova,,,Linda Fruhvirtova,Francesca Jones,CZE,GBR,,,324479,329627,,,,,,,,,,,,,,,,,,,,,,,,,,,,,,,,,,,,,,,,,,,,,,,,,,,,,,,,,,,,,,,,,,,,,,,,,,,5-7,4-6,,"5-7,4-6",901,2025,,,,,,2,2025-01-07,,,,,,,,,,,,,,,,,,,,,,,,,,,,,,,,,,,,,,,,,,"5-7,4-6",,,,,,,,,,,
901,2025,AUSTRALIAN OPEN,Grand Slam,2025-01-12,2025-01-26,Hard,MELBOURNE,AUSTRALIA,128.0,43608375.0,USD,RS56909303,2025-01-07,,Sara Bejlek,Kathinka Von Deichmann,CZE,LIE,,,6-0,3-6,6-2,,330375,317286,AUSTRALIAN OPEN,"Australian Open - Melbourne, AUS",2025.0,,330375,317286,330375,317286,Sara Bejlek,Kathinka Von Deichmann,,,Sara Bejlek,Kathinka Von Deichmann,CZE,LIE,,,330375,317286,,,,,,,,,,,,,,,,,,,,,,,,,,,,,,,,,,,,,,,,,,,,,,,,,,,,,,,,,,,,,,,,,,,,,,,,,,,6-0,3-6,6-2,"6-0,3-6,6-2",901,2025,,,,,,3,2025-01-07,,,,,,,,,,,,,,,,,,,,,,,,,,,,,,,,,,,,,,,,,,"6-0,3-6,6-2",,,,,,,,,,,
901,2025,AUSTRALIAN OPEN,Grand Slam,2025-01-12,2025-01-26,Hard,MELBOURNE,AUSTRALIA,128.0,43608375.0,USD,RS56909239,2025-01-07,,Xinyu Gao,Anouk Koevermans,CHN,NLD,,,6-0,6-0,,,150130,328988,AUSTRALIAN OPEN,"Australian Open - Melbourne, AUS",2025.0,,150130,328988,150130,328988,Xinyu Gao,Anouk Koevermans,,,Xinyu Gao,Anouk Koevermans,CHN,NLD,,,150130,328988,,,,,,,,,,,,,,,,,,,,,,,,,,,,,,,,,,,,,,,,,,,,,,,,,,,,,,,,,,,,,,,,,,,,,,,,,,,6-0,6-0,,"6-0,6-0",901,2025,,,,,,2,2025-01-07,,,,,,,,,,,,,,,,,,,,,,,,,,,,,,,,,,,,,,,,,,"6-0,6-0",,,,,,,,,,,
901,2025,AUSTRALIAN OPEN,Grand Slam,2025-01-12,2025-01-26,Hard,MELBOURNE,AUSTRALIA,128.0,43608375.0,USD,RS56909317,2025-01-07,,Elena Micic,Elena Pridankina,AUS,,,,6-3,3-6,7-5,,731427,330905,AUSTRALIAN OPEN,"Australian Open - Melbourne, AUS",2025.0,,330905,731427,330905,731427,Elena Micic,Elena Pridankina,,,Elena Pridankina,Elena Micic,,AUS,,,731427,330905,,,,,,,,,,,,,,,,,,,,,,,,,,,,,,,,,,,,,,,,,,,,,,,,,,,,,,,,,,,,,,,,,,,,,,,,,,,3-6,6-3,5-7,"3-6,6-3,5-7",901,2025,,,,,,3,2025-01-07,,,,,,,,,,,,,,,,,,,,,,,,,,,,,,,,,,,,,,,,,,"3-6,6-3,5-7",,,,,,,,,,,
901,2025,AUSTRALIAN OPEN,Grand Slam,2025-01-12,2025-01-26,Hard,MELBOURNE,AUSTRALIA,128.0,43608375.0,USD,RS56909331,2025-01-07,,Maja Chwalinska,Dominika Salkova,POL,CZE,20.0,,7-6(3),5-7,7-6(10),,325639,330149,AUSTRALIAN OPEN,"Australian Open - Melbourne, AUS",2025.0,,330149,325639,330149,325639,Maja Chwalinska,Dominika Salkova,,,Dominika Salkova,Maja Chwalinska,CZE,POL,,20,325639,330149,,,,,,,,,,,,,,,,,,,,,,,,,,,,,,,,,,,,,,,,,,,,,,,,,,,,,,,,,,,,,,,,,,,,,,,,,,,6-7(3),7-5,6-7(10),"6(7)-7,7-5,6(12)-7",901,2025,,,,,,3,2025-01-07,,,,,,,,,,,,,,,,,,,,,,,,,,,,,,,,,,,,7.0,3.0,,,12.0,10.0,"6(7)-7,7-5,6(12)-7",,,,,,,,,,,
901,2025,AUSTRALIAN OPEN,Grand Slam,2025-01-12,2025-01-26,Hard,MELBOURNE,AUSTRALIA,128.0,43608375.0,USD,RS56909333,2025-01-07,,Marie Benoit,Yuriko Lily Miyazaki,BEL,GBR,,,5-7,6-4,7-6(8),,54171,321495,AUSTRALIAN OPEN,"Australian Open - Melbourne, AUS",2025.0,,321495,54171,321495,54171,Marie Benoit,Yuriko Lily Miyazaki,,,Yuriko Lily Miyazaki,Marie Benoit,GBR,BEL,,,54171,321495,,,,,,,,,,,,,,,,,,,,,,,,,,,,,,,,,,,,,,,,,,,,,,,,,,,,,,,,,,,,,,,,,,,,,,,,,,,7-5,4-6,6-7(8),"7-5,4-6,6(10)-7",901,2025,,,,,,3,2025-01-07,,,,,,,,,,,,,,,,,,,,,,,,,,,,,,,,,,,,,,,,10.0,8.0,"7-5,4-6,6(10)-7",,,,,,,,,,,
901,2025,AUSTRALIAN OPEN,Grand Slam,2025-01-12,2025-01-26,Hard,MELBOURNE,AUSTRALIA,128.0,43608375.0,USD,RS56909235,2025-01-07,,Mananchaya Sawangkaew,Marina Bassols Ribera,THA,ESP,22.0,,6-1,7-5,,,326929,183861,AUSTRALIAN OPEN,"Australian Open - Melbourne, AUS",2025.0,,183861,326929,183861,326929,Mananchaya Sawangkaew,Marina Bassols Ribera,,,Marina Bassols Ribera,Mananchaya Sawangkaew,ESP,THA,,22,326929,183861,,,,,,,,,,,,,,,,,,,,,,,,,,,,,,,,,,,,,,,,,,,,,,,,,,,,,,,,,,,,,,,,,,,,,,,,,,,1-6,5-7,,"1-6,5-7",901,2025,,,,,,2,2025-01-07,,,,,,,,,,,,,,,,,,,,,,,,,,,,,,,,,,,,,,,,,,"1-6,5-7",,,,,,,,,,,
901,2025,AUSTRALIAN OPEN,Grand Slam,2025-01-12,2025-01-26,Hard,MELBOURNE,AUSTRALIA,128.0,43608375.0,USD,RS56909237,2025-01-07,,Veronika Erjavec,Alana Subasic,SVN,AUS,,,6-2,6-3,,,327655,967809,AUSTRALIAN OPEN,"Australian Open - Melbourne, AUS",2025.0,,327655,967809,327655,967809,Veronika Erjavec,Alana Subasic,,,Veronika Erjavec,Alana Subasic,SVN,AUS,,,327655,967809,,,,,,,,,,,,,,,,,,,,,,,,,,,,,,,,,,,,,,,,,,,,,,,,,,,,,,,,,,,,,,,,,,,,,,,,,,,6-2,6-3,,"6-2,6-3",901,2025,,,,,,2,2025-01-07,,,,,,,,,,,,,,,,,,,,,,,,,,,,,,,,,,,,,,,,,,"6-2,6-3",,,,,,,,,,,
901,2025,AUSTRALIAN OPEN,Grand Slam,2025-01-12,2025-01-26,Hard,MELBOURNE,AUSTRALIA,128.0,43608375.0,USD,RS56909241,2025-01-07,,Petra Martic,Petra Hule,HRV,AUS,16.0,,6-2,7-6(6),,,313711,99429,AUSTRALIAN OPEN,"Australian Open - Melbourne, AUS",2025.0,,313711,99429,313711,99429,Petra Martic,Petra Hule,,,Petra Martic,Petra Hule,HRV,AUS,16,,313711,99429,,,,,,,,,,,,,,,,,,,,,,,,,,,,,,,,,,,,,,,,,,,,,,,,,,,,,,,,,,,,,,,,,,,,,,,,,,,6-2,7-6(6),,"6-2,7-6(8)",901,2025,,,,,,2,2025-01-07,,,,,,,,,,,,,,,,,,,,,,,,,,,,,,,,,,,,,,8.0,6.0,,,"6-2,7-6(8)",,,,,,,,,,,
901,2025,AUSTRALIAN OPEN,Grand Slam,2025-01-12,2025-01-26,Hard,MELBOURNE,AUSTRALIA,128.0,43608375.0,USD,RS56909319,2025-01-07,,Kristina Mladenovic,Louisa Chirico,FRA,USA,,,6-2,6-4,,,315616,320218,AUSTRALIAN OPEN,"Australian Open - Melbourne, AUS",2025.0,,315616,320218,315616,320218,Kristina Mladenovic,Louisa Chirico,,,Kristina Mladenovic,Louisa Chirico,FRA,USA,,,315616,320218,,,,,,,,,,,,,,,,,,,,,,,,,,,,,,,,,,,,,,,,,,,,,,,,,,,,,,,,,,,,,,,,,,,,,,,,,,,6-2,6-4,,"6-2,6-4",901,2025,,,,,,2,2025-01-07,,,,,,,,,,,,,,,,,,,,,,,,,,,,,,,,,,,,,,,,,,"6-2,6-4",,,,,,,,,,,
901,2025,AUSTRALIAN OPEN,Grand Slam,2025-01-12,2025-01-26,Hard,MELBOURNE,AUSTRALIA,128.0,43608375.0,USD,RS56909335,2025-01-07,,Brenda Fruhvirtova,Ysaline Bonaventure,CZE,BEL,,,6-4,6-2,,,331545,54259,AUSTRALIAN OPEN,"Australian Open - Melbourne, AUS",2025.0,,331545,54259,331545,54259,Brenda Fruhvirtova,Ysaline Bonaventure,,,Brenda Fruhvirtova,Ysaline Bonaventure,CZE,BEL,,,331545,54259,,,,,,,,,,,,,,,,,,,,,,,,,,,,,,,,,,,,,,,,,,,,,,,,,,,,,,,,,,,,,,,,,,,,,,,,,,,6-4,6-2,,"6-4,6-2",901,2025,,,,,,2,2025-01-07,,,,,,,,,,,,,,,,,,,,,,,,,,,,,,,,,,,,,,,,,,"6-4,6-2",,,,,,,,,,,
901,2025,AUSTRALIAN OPEN,Grand Slam,2025-01-12,2025-01-26,Hard,MELBOURNE,AUSTRALIA,128.0,43608375.0,USD,RS56909353,2025-01-07,,Viktorija Golubic,Anastasiia Sobolieva,CHE,UKR,2.0,,6-3,6-3,,,316296,329858,AUSTRALIAN OPEN,"Australian Open - Melbourne, AUS",2025.0,,316296,329858,316296,329858,Viktorija Golubic,Anastasiia Sobolieva,,,Viktorija Golubic,Anastasiia Sobolieva,CHE,UKR,2,,316296,329858,,,,,,,,,,,,,,,,,,,,,,,,,,,,,,,,,,,,,,,,,,,,,,,,,,,,,,,,,,,,,,,,,,,,,,,,,,,6-3,6-3,,"6-3,6-3",901,2025,,,,,,2,2025-01-07,,,,,,,,,,,,,,,,,,,,,,,,,,,,,,,,,,,,,,,,,,"6-3,6-3",,,,,,,,,,,
901,2025,AUSTRALIAN OPEN,Grand Slam,2025-01-12,2025-01-26,Hard,MELBOURNE,AUSTRALIA,128.0,43608375.0,USD,RS56909321,2025-01-07,,Polina Kudermetova,Susan Bandecchi,UZB,CHE,6.0,,6-1,7-5,,,328897,321032,AUSTRALIAN OPEN,"Australian Open - Melbourne, AUS",2025.0,,328897,321032,328897,321032,Polina Kudermetova,Susan Bandecchi,,,Polina Kudermetova,Susan Bandecchi,UZB,CHE,6,,328897,321032,,,,,,,,,,,,,,,,,,,,,,,,,,,,,,,,,,,,,,,,,,,,,,,,,,,,,,,,,,,,,,,,,,,,,,,,,,,6-1,7-5,,"6-1,7-5",901,2025,,,,,,2,2025-01-07,,,,,,,,,,,,,,,,,,,,,,,,,,,,,,,,,,,,,,,,,,"6-1,7-5",,,,,,,,,,,
901,2025,AUSTRALIAN OPEN,Grand Slam,2025-01-12,2025-01-26,Hard,MELBOURNE,AUSTRALIA,128.0,43608375.0,USD,RS56909347,2025-01-07,,Sayaka Ishii,Aoi Ito,JPN,JPN,,18.0,6-3,6-4,,,331963,329009,AUSTRALIAN OPEN,"Australian Open - Melbourne, AUS",2025.0,,331963,329009,331963,329009,Sayaka Ishii,Aoi Ito,,,Sayaka Ishii,Aoi Ito,JPN,JPN,,18,331963,329009,,,,,,,,,,,,,,,,,,,,,,,,,,,,,,,,,,,,,,,,,,,,,,,,,,,,,,,,,,,,,,,,,,,,,,,,,,,6-3,6-4,,"6-3,6-4",901,2025,,,,,,2,2025-01-07,,,,,,,,,,,,,,,,,,,,,,,,,,,,,,,,,,,,,,,,,,"6-3,6-4",,,,,,,,,,,
901,2025,AUSTRALIAN OPEN,Grand Slam,2025-01-12,2025-01-26,Hard,MELBOURNE,AUSTRALIA,128.0,43608375.0,USD,RS56909337,2025-01-07,,Sara Errani,Alina Korneeva,ITA,,4.0,,2-6,6-3,6-3,,310761,845268,AUSTRALIAN OPEN,"Australian Open - Melbourne, AUS",2025.0,,310761,845268,310761,845268,Sara Errani,Alina Korneeva,,,Sara Errani,Alina Korneeva,ITA,,4,,310761,845268,,,,,,,,,,,,,,,,,,,,,,,,,,,,,,,,,,,,,,,,,,,,,,,,,,,,,,,,,,,,,,,,,,,,,,,,,,,2-6,6-3,6-3,"2-6,6-3,6-3",901,2025,,,,,,3,2025-01-07,,,,,,,,,,,,,,,,,,,,,,,,,,,,,,,,,,,,,,,,,,"2-6,6-3,6-3",,,,,,,,,,,
901,2025,AUSTRALIAN OPEN,Grand Slam,2025-01-12,2025-01-26,Hard,MELBOURNE,AUSTRALIA,128.0,43608375.0,USD,RS56909349,2025-01-07,,Sachia Vickery,Ana Konjuh,USA,HRV,,,7-6(7),3-6,6-0,,317443,74443,AUSTRALIAN OPEN,"Australian Open - Melbourne, AUS",2025.0,,317443,74443,317443,74443,Sachia Vickery,Ana Konjuh,,,Sachia Vickery,Ana Konjuh,USA,HRV,,,317443,74443,,,,,,,,,,,,,,,,,,,,,,,,,,,,,,,,,,,,,,,,,,,,,,,,,,,,,,,,,,,,,,,,,,,,,,,,,,,7-6(7),3-6,6-0,"7-6(9),3-6,6-0",901,2025,,,,,,3,2025-01-07,,,,,,,,,,,,,,,,,,,,,,,,,,,,,,,,,,,,9.0,7.0,,,,,"7-6(9),3-6,6-0",,,,,,,,,,,
901,2025,AUSTRALIAN OPEN,Grand Slam,2025-01-12,2025-01-26,Hard,MELBOURNE,AUSTRALIA,128.0,43608375.0,USD,RS56909351,2025-01-07,,Laura Pigossi,Guiomar Maristany Zuleta de Reales,BRA,ESP,,,6-3,6-1,,,317155,324786,AUSTRALIAN OPEN,"Australian Open - Melbourne, AUS",2025.0,,317155,324786,317155,324786,Laura Pigossi,Guiomar Maristany Zuleta de Reales,,,Laura Pigossi,Guiomar Maristany Zuleta de Reales,BRA,ESP,,,317155,324786,,,,,,,,,,,,,,,,,,,,,,,,,,,,,,,,,,,,,,,,,,,,,,,,,,,,,,,,,,,,,,,,,,,,,,,,,,,6-3,6-1,,"6-3,6-1",901,2025,,,,,,2,2025-01-07,,,,,,,,,,,,,,,,,,,,,,,,,,,,,,,,,,,,,,,,,,"6-3,6-1",,,,,,,,,,,
901,2025,AUSTRALIAN OPEN,Grand Slam,2025-01-12,2025-01-26,Hard,MELBOURNE,AUSTRALIA,128.0,43608375.0,USD,RS56909279,2025-01-07,,Nina Stojanovic,Celine Naef,SRB,CHE,,,6-4,6-3,,,319709,330581,AUSTRALIAN OPEN,"Australian Open - Melbourne, AUS",2025.0,,330581,319709,330581,319709,Nina Stojanovic,Celine Naef,,,Celine Naef,Nina Stojanovic,CHE,SRB,,,319709,330581,,,,,,,,,,,,,,,,,,,,,,,,,,,,,,,,,,,,,,,,,,,,,,,,,,,,,,,,,,,,,,,,,,,,,,,,,,,4-6,3-6,,"4-6,3-6",901,2025,,,,,,2,2025-01-07,,,,,,,,,,,,,,,,,,,,,,,,,,,,,,,,,,,,,,,,,,"4-6,3-6",,,,,,,,,,,
901,2025,AUSTRALIAN OPEN,Grand Slam,2025-01-12,2025-01-26,Hard,MELBOURNE,AUSTRALIA,128.0,43608375.0,USD,RS56909285,2025-01-07,,Arina Rodionova,Aliona Falei,AUS,,,,6-3,7-5,,,312413,517296,AUSTRALIAN OPEN,"Australian Open - Melbourne, AUS",2025.0,,517296,312413,517296,312413,Arina Rodionova,Aliona Falei,,,Aliona Falei,Arina Rodionova,,AUS,,,312413,517296,,,,,,,,,,,,,,,,,,,,,,,,,,,,,,,,,,,,,,,,,,,,,,,,,,,,,,,,,,,,,,,,,,,,,,,,,,,3-6,5-7,,"3-6,5-7",901,2025,,,,,,2,2025-01-07,,,,,,,,,,,,,,,,,,,,,,,,,,,,,,,,,,,,,,,,,,"3-6,5-7",,,,,,,,,,,
901,2025,AUSTRALIAN OPEN,Grand Slam,2025-01-12,2025-01-26,Hard,MELBOURNE,AUSTRALIA,128.0,43608375.0,USD,RS56909277,2025-01-07,,Tamara Korpatsch,Nuria Brancaccio,DEU,ITA,,,6-2,3-6,6-4,,319571,325433,AUSTRALIAN OPEN,"Australian Open - Melbourne, AUS",2025.0,,319571,325433,319571,325433,Tamara Korpatsch,Nuria Brancaccio,,,Tamara Korpatsch,Nuria Brancaccio,DEU,ITA,,,319571,325433,,,,,,,,,,,,,,,,,,,,,,,,,,,,,,,,,,,,,,,,,,,,,,,,,,,,,,,,,,,,,,,,,,,,,,,,,,,6-2,3-6,6-4,"6-2,3-6,6-4",901,2025,,,,,,3,2025-01-07,,,,,,,,,,,,,,,,,,,,,,,,,,,,,,,,,,,,,,,,,,"6-2,3-6,6-4",,,,,,,,,,,
901,2025,AUSTRALIAN OPEN,Grand Slam,2025-01-12,2025-01-26,Hard,MELBOURNE,AUSTRALIA,128.0,43608375.0,USD,RS56909275,2025-01-07,,Sijia Wei,Aliaksandra Sasnovich,CHN,,25.0,,7-5,4-6,6-3,,328426,317790,AUSTRALIAN OPEN,"Australian Open - Melbourne, AUS",2025.0,,317790,328426,317790,328426,Sijia Wei,Aliaksandra Sasnovich,,,Aliaksandra Sasnovich,Sijia Wei,,CHN,,25,328426,317790,,,,,,,,,,,,,,,,,,,,,,,,,,,,,,,,,,,,,,,,,,,,,,,,,,,,,,,,,,,,,,,,,,,,,,,,,,,5-7,6-4,3-6,"5-7,6-4,3-6",901,2025,,,,,,3,2025-01-07,,,,,,,,,,,,,,,,,,,,,,,,,,,,,,,,,,,,,,,,,,"5-7,6-4,3-6",,,,,,,,,,,
901,2025,AUSTRALIAN OPEN,Grand Slam,2025-01-12,2025-01-26,Hard,MELBOURNE,AUSTRALIA,128.0,43608375.0,USD,RS56909293,2025-01-07,,Astra Sharma,Mai Hontama,AUS,JPN,,,3-6,6-3,6-4,,319696,324750,AUSTRALIAN OPEN,"Australian Open - Melbourne, AUS",2025.0,,324750,319696,324750,319696,Astra Sharma,Mai Hontama,,,Mai Hontama,Astra Sharma,JPN,AUS,,,319696,324750,,,,,,,,,,,,,,,,,,,,,,,,,,,,,,,,,,,,,,,,,,,,,,,,,,,,,,,,,,,,,,,,,,,,,,,,,,,6-3,3-6,4-6,"6-3,3-6,4-6",901,2025,,,,,,3,2025-01-07,,,,,,,,,,,,,,,,,,,,,,,,,,,,,,,,,,,,,,,,,,"6-3,3-6,4-6",,,,,,,,,,,
901,2025,AUSTRALIAN OPEN,Grand Slam,2025-01-12,2025-01-26,Hard,MELBOURNE,AUSTRALIA,128.0,43608375.0,USD,RS56909291,2025-01-07,,Oksana Selekhmeteva,Dalma Galfi,,HUN,,32.0,6-4,3-6,6-4,,329199,321106,AUSTRALIAN OPEN,"Australian Open - Melbourne, AUS",2025.0,,329199,321106,329199,321106,Oksana Selekhmeteva,Dalma Galfi,,,Oksana Selekhmeteva,Dalma Galfi,,HUN,,32,329199,321106,,,,,,,,,,,,,,,,,,,,,,,,,,,,,,,,,,,,,,,,,,,,,,,,,,,,,,,,,,,,,,,,,,,,,,,,,,,6-4,3-6,6-4,"6-4,3-6,6-4",901,2025,,,,,,3,2025-01-07,,,,,,,,,,,,,,,,,,,,,,,,,,,,,,,,,,,,,,,,,,"6-4,3-6,6-4",,,,,,,,,,,
901,2025,AUSTRALIAN OPEN,Grand Slam,2025-01-12,2025-01-26,Hard,MELBOURNE,AUSTRALIA,128.0,43608375.0,USD,RS56909281,2025-01-07,,Robin Montgomery,Polona Hercog,USA,SVN,11.0,,6-2,6-1,,,329408,19957,AUSTRALIAN OPEN,"Australian Open - Melbourne, AUS",2025.0,,329408,19957,329408,19957,Robin Montgomery,Polona Hercog,,,Robin Montgomery,Polona Hercog,USA,SVN,11,,329408,19957,,,,,,,,,,,,,,,,,,,,,,,,,,,,,,,,,,,,,,,,,,,,,,,,,,,,,,,,,,,,,,,,,,,,,,,,,,,6-2,6-1,,"6-2,6-1",901,2025,,,,,,2,2025-01-07,,,,,,,,,,,,,,,,,,,,,,,,,,,,,,,,,,,,,,,,,,"6-2,6-1",,,,,,,,,,,
901,2025,AUSTRALIAN OPEN,Grand Slam,2025-01-12,2025-01-26,Hard,MELBOURNE,AUSTRALIA,128.0,43608375.0,USD,RS56909295,2025-01-07,,Priscilla Hon,Usue Maitane Arconada,AUS,USA,,,6-3,6-7(5),6-4,,320543,99385,AUSTRALIAN OPEN,"Australian Open - Melbourne, AUS",2025.0,,99385,320543,99385,320543,Priscilla Hon,Usue Maitane Arconada,,,Usue Maitane Arconada,Priscilla Hon,USA,AUS,,,320543,99385,,,,,,,,,,,,,,,,,,,,,,,,,,,,,,,,,,,,,,,,,,,,,,,,,,,,,,,,,,,,,,,,,,,,,,,,,,,3-6,7-6(5),4-6,"3-6,7-6(7),4-6",901,2025,,,,,,3,2025-01-07,,,,,,,,,,,,,,,,,,,,,,,,,,,,,,,,,,,,,,7.0,5.0,,,"3-6,7-6(7),4-6",,,,,,,,,,,
901,2025,AUSTRALIAN OPEN,Grand Slam,2025-01-12,2025-01-26,Hard,MELBOURNE,AUSTRALIA,128.0,43608375.0,USD,RS56909297,2025-01-07,,Kimberly Birrell,Sara Saito,AUS,JPN,9.0,,7-6(4),6-2,,,320728,332175,AUSTRALIAN OPEN,"Australian Open - Melbourne, AUS",2025.0,,320728,332175,320728,332175,Kimberly Birrell,Sara Saito,,,Kimberly Birrell,Sara Saito,AUS,JPN,9,,320728,332175,,,,,,,,,,,,,,,,,,,,,,,,,,,,,,,,,,,,,,,,,,,,,,,,,,,,,,,,,,,,,,,,,,,,,,,,,,,7-6(4),6-2,,"7-6(7),6-2",901,2025,,,,,,2,2025-01-07,,,,,,,,,,,,,,,,,,,,,,,,,,,,,,,,,,,,7.0,4.0,,,,,"7-6(7),6-2",,,,,,,,,,,
901,2025,AUSTRALIAN OPEN,Grand Slam,2025-01-12,2025-01-26,Hard,MELBOURNE,AUSTRALIA,128.0,43608375.0,USD,RS56909355,2025-01-07,,Jana Fett,Alexandra Eala,HRV,PHL,27.0,,7-5,6-2,,,320945,330332,AUSTRALIAN OPEN,"Australian Open - Melbourne, AUS",2025.0,,330332,320945,330332,320945,Jana Fett,Alexandra Eala,,,Alexandra Eala,Jana Fett,PHL,HRV,,27,320945,330332,,,,,,,,,,,,,,,,,,,,,,,,,,,,,,,,,,,,,,,,,,,,,,,,,,,,,,,,,,,,,,,,,,,,,,,,,,,5-7,2-6,,"5-7,2-6",901,2025,,,,,,2,2025-01-07,,,,,,,,,,,,,,,,,,,,,,,,,,,,,,,,,,,,,,,,,,"5-7,2-6",,,,,,,,,,,
901,2025,AUSTRALIAN OPEN,Grand Slam,2025-01-12,2025-01-26,Hard,MELBOURNE,AUSTRALIA,128.0,43608375.0,USD,RS56909357,2025-01-07,,Sinja Kraus,Viktoria Hruncakova,AUT,SVK,,,6-1,6-2,,,327061,129534,AUSTRALIAN OPEN,"Australian Open - Melbourne, AUS",2025.0,,129534,327061,129534,327061,Sinja Kraus,Viktoria Hruncakova,,,Viktoria Hruncakova,Sinja Kraus,SVK,AUT,,,327061,129534,,,,,,,,,,,,,,,,,,,,,,,,,,,,,,,,,,,,,,,,,,,,,,,,,,,,,,,,,,,,,,,,,,,,,,,,,,,1-6,2-6,,"1-6,2-6",901,2025,,,,,,2,2025-01-07,,,,,,,,,,,,,,,,,,,,,,,,,,,,,,,,,,,,,,,,,,"1-6,2-6",,,,,,,,,,,
901,2025,AUSTRALIAN OPEN,Grand Slam,2025-01-12,2025-01-26,Hard,MELBOURNE,AUSTRALIA,128.0,43608375.0,USD,RS56909283,2025-01-07,,Eva Lys,Hanne Vandewinkel,DEU,BEL,23.0,,6-4,6-3,,,325826,331102,AUSTRALIAN OPEN,"Australian Open - Melbourne, AUS",2025.0,,331102,325826,331102,325826,Eva Lys,Hanne Vandewinkel,,,Hanne Vandewinkel,Eva Lys,BEL,DEU,,23,325826,331102,,,,,,,,,,,,,,,,,,,,,,,,,,,,,,,,,,,,,,,,,,,,,,,,,,,,,,,,,,,,,,,,,,,,,,,,,,,4-6,3-6,,"4-6,3-6",901,2025,,,,,,2,2025-01-07,,,,,,,,,,,,,,,,,,,,,,,,,,,,,,,,,,,,,,,,,,"4-6,3-6",,,,,,,,,,,
901,2025,AUSTRALIAN OPEN,Grand Slam,2025-01-12,2025-01-26,Hard,MELBOURNE,AUSTRALIA,128.0,43608375.0,USD,RS56909251,2025-01-06,,Ella Seidel,Claire Liu,DEU,USA,31.0,,7-5,6-2,,,330548,179300,AUSTRALIAN OPEN,"Australian Open - Melbourne, AUS",2025.0,,179300,330548,179300,330548,Ella Seidel,Claire Liu,,,Claire Liu,Ella Seidel,USA,DEU,,31,330548,179300,,,,,,,,,,,,,,,,,,,,,,,,,,,,,,,,,,,,,,,,,,,,,,,,,,,,,,,,,,,,,,,,,,,,,,,,,,,5-7,2-6,,"5-7,2-6",901,2025,,,,,,2,2025-01-06,,,,,,,,,,,,,,,,,,,,,,,,,,,,,,,,,,,,,,,,,,"5-7,2-6",,,,,,,,,,,
901,2025,AUSTRALIAN OPEN,Grand Slam,2025-01-12,2025-01-26,Hard,MELBOURNE,AUSTRALIA,128.0,43608375.0,USD,RS56909253,2025-01-06,,Leolia Jeanjean,Lina Glushko,FRA,ISR,,,1-6,6-2,6-1,,320313,323091,AUSTRALIAN OPEN,"Australian Open - Melbourne, AUS",2025.0,,323091,320313,323091,320313,Leolia Jeanjean,Lina Glushko,,,Lina Glushko,Leolia Jeanjean,ISR,FRA,,,320313,323091,,,,,,,,,,,,,,,,,,,,,,,,,,,,,,,,,,,,,,,,,,,,,,,,,,,,,,,,,,,,,,,,,,,,,,,,,,,6-1,2-6,1-6,"6-1,2-6,1-6",901,2025,,,,,,3,2025-01-06,,,,,,,,,,,,,,,,,,,,,,,,,,,,,,,,,,,,,,,,,,"6-1,2-6,1-6",,,,,,,,,,,
901,2025,AUSTRALIAN OPEN,Grand Slam,2025-01-12,2025-01-26,Hard,MELBOURNE,AUSTRALIA,128.0,43608375.0,USD,RS56909255,2025-01-06,,Mariam Bolkvadze,Antonia Ruzic,GEO,HRV,,,3-6,6-3,6-3,,320592,329505,AUSTRALIAN OPEN,"Australian Open - Melbourne, AUS",2025.0,,320592,329505,320592,329505,Mariam Bolkvadze,Antonia Ruzic,,,Mariam Bolkvadze,Antonia Ruzic,GEO,HRV,,,320592,329505,,,,,,,,,,,,,,,,,,,,,,,,,,,,,,,,,,,,,,,,,,,,,,,,,,,,,,,,,,,,,,,,,,,,,,,,,,,3-6,6-3,6-3,"3-6,6-3,6-3",901,2025,,,,,,3,2025-01-06,,,,,,,,,,,,,,,,,,,,,,,,,,,,,,,,,,,,,,,,,,"3-6,6-3,6-3",,,,,,,,,,,
901,2025,AUSTRALIAN OPEN,Grand Slam,2025-01-12,2025-01-26,Hard,MELBOURNE,AUSTRALIA,128.0,43608375.0,USD,RS56909257,2025-01-06,,Selena Janicijevic,Lin Zhu,FRA,CHN,,14.0,6-3,1-6,6-2,,329090,317306,AUSTRALIAN OPEN,"Australian Open - Melbourne, AUS",2025.0,,317306,329090,317306,329090,Selena Janicijevic,Lin Zhu,,,Lin Zhu,Selena Janicijevic,CHN,FRA,14,,329090,317306,,,,,,,,,,,,,,,,,,,,,,,,,,,,,,,,,,,,,,,,,,,,,,,,,,,,,,,,,,,,,,,,,,,,,,,,,,,3-6,6-1,2-6,"3-6,6-1,2-6",901,2025,,,,,,3,2025-01-06,,,,,,,,,,,,,,,,,,,,,,,,,,,,,,,,,,,,,,,,,,"3-6,6-1,2-6",,,,,,,,,,,
901,2025,AUSTRALIAN OPEN,Grand Slam,2025-01-12,2025-01-26,Hard,MELBOURNE,AUSTRALIA,128.0,43608375.0,USD,RS56909263,2025-01-06,,Renata Jamrichova,Manon Leonard,SVK,FRA,,,6-3,7-5,,,915129,325794,AUSTRALIAN OPEN,"Australian Open - Melbourne, AUS",2025.0,,325794,915129,325794,915129,Renata Jamrichova,Manon Leonard,,,Manon Leonard,Renata Jamrichova,FRA,SVK,,,915129,325794,,,,,,,,,,,,,,,,,,,,,,,,,,,,,,,,,,,,,,,,,,,,,,,,,,,,,,,,,,,,,,,,,,,,,,,,,,,3-6,5-7,,"3-6,5-7",901,2025,,,,,,2,2025-01-06,,,,,,,,,,,,,,,,,,,,,,,,,,,,,,,,,,,,,,,,,,"3-6,5-7",,,,,,,,,,,
901,2025,AUSTRALIAN OPEN,Grand Slam,2025-01-12,2025-01-26,Hard,MELBOURNE,AUSTRALIA,128.0,43608375.0,USD,RS56909265,2025-01-06,,Carole Monnet,Darja Semenistaja,FRA,LVA,,13.0,6-4,3-6,6-2,,325991,329457,AUSTRALIAN OPEN,"Australian Open - Melbourne, AUS",2025.0,,329457,325991,329457,325991,Carole Monnet,Darja Semenistaja,,,Darja Semenistaja,Carole Monnet,LVA,FRA,13,,325991,329457,,,,,,,,,,,,,,,,,,,,,,,,,,,,,,,,,,,,,,,,,,,,,,,,,,,,,,,,,,,,,,,,,,,,,,,,,,,4-6,6-3,2-6,"4-6,6-3,2-6",901,2025,,,,,,3,2025-01-06,,,,,,,,,,,,,,,,,,,,,,,,,,,,,,,,,,,,,,,,,,"4-6,6-3,2-6",,,,,,,,,,,
901,2025,AUSTRALIAN OPEN,Grand Slam,2025-01-12,2025-01-26,Hard,MELBOURNE,AUSTRALIA,128.0,43608375.0,USD,RS56909327,2025-01-06,,Maddison Inglis,Elsa Jacquemot,AUS,FRA,,,6-3,6-2,,,321179,328142,AUSTRALIAN OPEN,"Australian Open - Melbourne, AUS",2025.0,,328142,321179,328142,321179,Maddison Inglis,Elsa Jacquemot,,,Elsa Jacquemot,Maddison Inglis,FRA,AUS,,,321179,328142,,,,,,,,,,,,,,,,,,,,,,,,,,,,,,,,,,,,,,,,,,,,,,,,,,,,,,,,,,,,,,,,,,,,,,,,,,,3-6,2-6,,"3-6,2-6",901,2025,,,,,,2,2025-01-06,,,,,,,,,,,,,,,,,,,,,,,,,,,,,,,,,,,,,,,,,,"3-6,2-6",,,,,,,,,,,
901,2025,AUSTRALIAN OPEN,Grand Slam,2025-01-12,2025-01-26,Hard,MELBOURNE,AUSTRALIA,128.0,43608375.0,USD,RS56909329,2025-01-06,,Sara Sorribes Tormo,Jaimee Fourlis,ESP,AUS,5.0,,7-6(5),5-7,6-4,,318872,147506,AUSTRALIAN OPEN,"Australian Open - Melbourne, AUS",2025.0,,318872,147506,318872,147506,Sara Sorribes Tormo,Jaimee Fourlis,,,Sara Sorribes Tormo,Jaimee Fourlis,ESP,AUS,5,,318872,147506,,,,,,,,,,,,,,,,,,,,,,,,,,,,,,,,,,,,,,,,,,,,,,,,,,,,,,,,,,,,,,,,,,,,,,,,,,,7-6(5),5-7,6-4,"7-6(7),5-7,6-4",901,2025,,,,,,3,2025-01-06,,,,,,,,,,,,,,,,,,,,,,,,,,,,,,,,,,,,7.0,5.0,,,,,"7-6(7),5-7,6-4",,,,,,,,,,,
901,2025,AUSTRALIAN OPEN,Grand Slam,2025-01-12,2025-01-26,Hard,MELBOURNE,AUSTRALIA,128.0,43608375.0,USD,RS56909359,2025-01-06,,Lucija Ciric-Bagaric,Solana Sierra,HRV,ARG,,,6-2,7-5,,,330894,329081,AUSTRALIAN OPEN,"Australian Open - Melbourne, AUS",2025.0,,329081,330894,329081,330894,Lucija Ciric-Bagaric,Solana Sierra,,,Solana Sierra,Lucija Ciric-Bagaric,ARG,HRV,,,330894,329081,,,,,,,,,,,,,,,,,,,,,,,,,,,,,,,,,,,,,,,,,,,,,,,,,,,,,,,,,,,,,,,,,,,,,,,,,,,2-6,5-7,,"2-6,5-7",901,2025,,,,,,2,2025-01-06,,,,,,,,,,,,,,,,,,,,,,,,,,,,,,,,,,,,,,,,,,"2-6,5-7",,,,,,,,,,,
901,2025,AUSTRALIAN OPEN,Grand Slam,2025-01-12,2025-01-26,Hard,MELBOURNE,AUSTRALIA,128.0,43608375.0,USD,RS56909361,2025-01-06,,Mirjam Bjorklund,Alycia Parks,SWE,USA,,1.0,6-2,6-3,,,152052,326007,AUSTRALIAN OPEN,"Australian Open - Melbourne, AUS",2025.0,,326007,152052,326007,152052,Mirjam Bjorklund,Alycia Parks,,,Alycia Parks,Mirjam Bjorklund,USA,SWE,1,,152052,326007,,,,,,,,,,,,,,,,,,,,,,,,,,,,,,,,,,,,,,,,,,,,,,,,,,,,,,,,,,,,,,,,,,,,,,,,,,,2-6,3-6,,"2-6,3-6",901,2025,,,,,,2,2025-01-06,,,,,,,,,,,,,,,,,,,,,,,,,,,,,,,,,,,,,,,,,,"2-6,3-6",,,,,,,,,,,
901,2025,AUSTRALIAN OPEN,Grand Slam,2025-01-12,2025-01-26,Hard,MELBOURNE,AUSTRALIA,128.0,43608375.0,USD,RS56909243,2025-01-06,,Maria Timofeeva,Alice Tubello,,FRA,29.0,,6-4,4-6,7-5,,328896,227490,AUSTRALIAN OPEN,"Australian Open - Melbourne, AUS",2025.0,,227490,328896,227490,328896,Maria Timofeeva,Alice Tubello,,,Alice Tubello,Maria Timofeeva,FRA,,,29,328896,227490,,,,,,,,,,,,,,,,,,,,,,,,,,,,,,,,,,,,,,,,,,,,,,,,,,,,,,,,,,,,,,,,,,,,,,,,,,,4-6,6-4,5-7,"4-6,6-4,5-7",901,2025,,,,,,3,2025-01-06,,,,,,,,,,,,,,,,,,,,,,,,,,,,,,,,,,,,,,,,,,"4-6,6-4,5-7",,,,,,,,,,,
901,2025,AUSTRALIAN OPEN,Grand Slam,2025-01-12,2025-01-26,Hard,MELBOURNE,AUSTRALIA,128.0,43608375.0,USD,RS56909323,2025-01-06,,Julia Riera,Lea Boskovic,ARG,HRV,19.0,,4-6,6-1,6-2,,327287,323171,AUSTRALIAN OPEN,"Australian Open - Melbourne, AUS",2025.0,,323171,327287,323171,327287,Julia Riera,Lea Boskovic,,,Lea Boskovic,Julia Riera,HRV,ARG,,19,327287,323171,,,,,,,,,,,,,,,,,,,,,,,,,,,,,,,,,,,,,,,,,,,,,,,,,,,,,,,,,,,,,,,,,,,,,,,,,,,6-4,1-6,2-6,"6-4,1-6,2-6",901,2025,,,,,,3,2025-01-06,,,,,,,,,,,,,,,,,,,,,,,,,,,,,,,,,,,,,,,,,,"6-4,1-6,2-6",,,,,,,,,,,
901,2025,AUSTRALIAN OPEN,Grand Slam,2025-01-12,2025-01-26,Hard,MELBOURNE,AUSTRALIA,128.0,43608375.0,USD,RS56909325,2025-01-06,,Miriam Bianca Bulgaru,Giorgia Pedone,ROU,ITA,,,6-2,6-3,,,323119,739667,AUSTRALIAN OPEN,"Australian Open - Melbourne, AUS",2025.0,,323119,739667,323119,739667,Miriam Bianca Bulgaru,Giorgia Pedone,,,Miriam Bianca Bulgaru,Giorgia Pedone,ROU,ITA,,,323119,739667,,,,,,,,,,,,,,,,,,,,,,,,,,,,,,,,,,,,,,,,,,,,,,,,,,,,,,,,,,,,,,,,,,,,,,,,,,,6-2,6-3,,"6-2,6-3",901,2025,,,,,,2,2025-01-06,,,,,,,,,,,,,,,,,,,,,,,,,,,,,,,,,,,,,,,,,,"6-2,6-3",,,,,,,,,,,
901,2025,AUSTRALIAN OPEN,Grand Slam,2025-01-12,2025-01-26,Hard,MELBOURNE,AUSTRALIA,128.0,43608375.0,USD,RS56909259,2025-01-06,,Raluca Georgiana Serban,Jessika Ponchet,CYP,FRA,,24.0,7-6(5),6-0,,,321280,319421,AUSTRALIAN OPEN,"Australian Open - Melbourne, AUS",2025.0,,321280,319421,321280,319421,Raluca Georgiana Serban,Jessika Ponchet,,,Raluca Georgiana Serban,Jessika Ponchet,CYP,FRA,,24,321280,319421,,,,,,,,,,,,,,,,,,,,,,,,,,,,,,,,,,,,,,,,,,,,,,,,,,,,,,,,,,,,,,,,,,,,,,,,,,,7-6(5),6-0,,"7-6(7),6-0",901,2025,,,,,,2,2025-01-06,,,,,,,,,,,,,,,,,,,,,,,,,,,,,,,,,,,,7.0,5.0,,,,,"7-6(7),6-0",,,,,,,,,,,
901,2025,AUSTRALIAN OPEN,Grand Slam,2025-01-12,2025-01-26,Hard,MELBOURNE,AUSTRALIA,128.0,43608375.0,USD,RS56909245,2025-01-06,,Emina Bektas,Arianne Hartono,USA,NLD,,,6-2,3-6,6-1,,316464,323451,AUSTRALIAN OPEN,"Australian Open - Melbourne, AUS",2025.0,,323451,316464,323451,316464,Emina Bektas,Arianne Hartono,,,Arianne Hartono,Emina Bektas,NLD,USA,,,316464,323451,,,,,,,,,,,,,,,,,,,,,,,,,,,,,,,,,,,,,,,,,,,,,,,,,,,,,,,,,,,,,,,,,,,,,,,,,,,2-6,6-3,1-6,"2-6,6-3,1-6",901,2025,,,,,,3,2025-01-06,,,,,,,,,,,,,,,,,,,,,,,,,,,,,,,,,,,,,,,,,,"2-6,6-3,1-6",,,,,,,,,,,
901,2025,AUSTRALIAN OPEN,Grand Slam,2025-01-12,2025-01-26,Hard,MELBOURNE,AUSTRALIA,128.0,43608375.0,USD,RS56909261,2025-01-06,,Tamara Zidansek,Lanlana Tararudee,SVN,THA,,,6-0,4-6,6-4,,323079,329651,AUSTRALIAN OPEN,"Australian Open - Melbourne, AUS",2025.0,,329651,323079,329651,323079,Tamara Zidansek,Lanlana Tararudee,,,Lanlana Tararudee,Tamara Zidansek,THA,SVN,,,323079,329651,,,,,,,,,,,,,,,,,,,,,,,,,,,,,,,,,,,,,,,,,,,,,,,,,,,,,,,,,,,,,,,,,,,,,,,,,,,0-6,6-4,4-6,"0-6,6-4,4-6",901,2025,,,,,,3,2025-01-06,,,,,,,,,,,,,,,,,,,,,,,,,,,,,,,,,,,,,,,,,,"0-6,6-4,4-6",,,,,,,,,,,
901,2025,AUSTRALIAN OPEN,Grand Slam,2025-01-12,2025-01-26,Hard,MELBOURNE,AUSTRALIA,128.0,43608375.0,USD,RS56909289,2025-01-06,,Destanee Aiava,Ana Bogdan,AUS,ROU,,10.0,6-4,6-2,,,324219,315427,AUSTRALIAN OPEN,"Australian Open - Melbourne, AUS",2025.0,,315427,324219,315427,324219,Destanee Aiava,Ana Bogdan,,,Ana Bogdan,Destanee Aiava,ROU,AUS,10,,324219,315427,,,,,,,,,,,,,,,,,,,,,,,,,,,,,,,,,,,,,,,,,,,,,,,,,,,,,,,,,,,,,,,,,,,,,,,,,,,4-6,2-6,,"4-6,2-6",901,2025,,,,,,2,2025-01-06,,,,,,,,,,,,,,,,,,,,,,,,,,,,,,,,,,,,,,,,,,"4-6,2-6",,,,,,,,,,,
901,2025,AUSTRALIAN OPEN,Grand Slam,2025-01-12,2025-01-26,Hard,MELBOURNE,AUSTRALIA,128.0,43608375.0,USD,RS56909287,2025-01-06,,Panna Udvardy,Melisa Ercan,HUN,AUS,,,6-0,6-3,,,325956,653839,AUSTRALIAN OPEN,"Australian Open - Melbourne, AUS",2025.0,,325956,653839,325956,653839,Panna Udvardy,Melisa Ercan,,,Panna Udvardy,Melisa Ercan,HUN,AUS,,,325956,653839,,,,,,,,,,,,,,,,,,,,,,,,,,,,,,,,,,,,,,,,,,,,,,,,,,,,,,,,,,,,,,,,,,,,,,,,,,,6-0,6-3,,"6-0,6-3",901,2025,,,,,,2,2025-01-06,,,,,,,,,,,,,,,,,,,,,,,,,,,,,,,,,,,,,,,,,,"6-0,6-3",,,,,,,,,,,
901,2025,AUSTRALIAN OPEN,Grand Slam,2025-01-12,2025-01-26,Hard,MELBOURNE,AUSTRALIA,128.0,43608375.0,USD,RS56909307,2025-01-06,,Daria Snigur,Emiliana Arango,UKR,COL,30.0,,3-6,7-5,6-3,,327845,324789,AUSTRALIAN OPEN,"Australian Open - Melbourne, AUS",2025.0,,324789,327845,324789,327845,Daria Snigur,Emiliana Arango,,,Emiliana Arango,Daria Snigur,COL,UKR,,30,327845,324789,,,,,,,,,,,,,,,,,,,,,,,,,,,,,,,,,,,,,,,,,,,,,,,,,,,,,,,,,,,,,,,,,,,,,,,,,,,6-3,5-7,3-6,"6-3,5-7,3-6",901,2025,,,,,,3,2025-01-06,,,,,,,,,,,,,,,,,,,,,,,,,,,,,,,,,,,,,,,,,,"6-3,5-7,3-6",,,,,,,,,,,
901,2025,AUSTRALIAN OPEN,Grand Slam,2025-01-12,2025-01-26,Hard,MELBOURNE,AUSTRALIA,128.0,43608375.0,USD,RS56909339,2025-01-06,,Nao Hibino,Marina Stakusic,JPN,CAN,,17.0,7-6(5),6-1,,,320238,329614,AUSTRALIAN OPEN,"Australian Open - Melbourne, AUS",2025.0,,320238,329614,320238,329614,Nao Hibino,Marina Stakusic,,,Nao Hibino,Marina Stakusic,JPN,CAN,,17,320238,329614,,,,,,,,,,,,,,,,,,,,,,,,,,,,,,,,,,,,,,,,,,,,,,,,,,,,,,,,,,,,,,,,,,,,,,,,,,,7-6(5),6-1,,"7-6(7),6-1",901,2025,,,,,,2,2025-01-06,,,,,,,,,,,,,,,,,,,,,,,,,,,,,,,,,,,,7.0,5.0,,,,,"7-6(7),6-1",,,,,,,,,,,
901,2025,AUSTRALIAN OPEN,Grand Slam,2025-01-12,2025-01-26,Hard,MELBOURNE,AUSTRALIA,128.0,43608375.0,USD,RS56909341,2025-01-06,,Ekaterina Makarova,Noma Noha Akugue,,DEU,,,6-2,6-3,,,328308,448081,AUSTRALIAN OPEN,"Australian Open - Melbourne, AUS",2025.0,,328308,448081,328308,448081,Ekaterina Makarova,Noma Noha Akugue,,,Ekaterina Makarova,Noma Noha Akugue,,DEU,,,328308,448081,,,,,,,,,,,,,,,,,,,,,,,,,,,,,,,,,,,,,,,,,,,,,,,,,,,,,,,,,,,,,,,,,,,,,,,,,,,6-2,6-3,,"6-2,6-3",901,2025,,,,,,2,2025-01-06,,,,,,,,,,,,,,,,,,,,,,,,,,,,,,,,,,,,,,,,,,"6-2,6-3",,,,,,,,,,,
901,2025,AUSTRALIAN OPEN,Grand Slam,2025-01-12,2025-01-26,Hard,MELBOURNE,AUSTRALIA,128.0,43608375.0,USD,RS56909309,2025-01-06,,Barbora Palicova,Simona Waltert,CZE,CHE,,,7-5,7-6(5),,,330363,325771,AUSTRALIAN OPEN,"Australian Open - Melbourne, AUS",2025.0,,325771,330363,325771,330363,Barbora Palicova,Simona Waltert,,,Simona Waltert,Barbora Palicova,CHE,CZE,,,330363,325771,,,,,,,,,,,,,,,,,,,,,,,,,,,,,,,,,,,,,,,,,,,,,,,,,,,,,,,,,,,,,,,,,,,,,,,,,,,5-7,6-7(5),,"5-7,6(7)-7",901,2025,,,,,,2,2025-01-06,,,,,,,,,,,,,,,,,,,,,,,,,,,,,,,,,,,,,,7.0,5.0,,,"5-7,6(7)-7",,,,,,,,,,,
901,2025,AUSTRALIAN OPEN,Grand Slam,2025-01-12,2025-01-26,Hard,MELBOURNE,AUSTRALIA,128.0,43608375.0,USD,RS56909247,2025-01-06,,Anna-Lena Friedsam,Aliona Bolsova,DEU,ESP,,,6-4,6-1,,,319091,115507,AUSTRALIAN OPEN,"Australian Open - Melbourne, AUS",2025.0,,319091,115507,319091,115507,Anna-Lena Friedsam,Aliona Bolsova,,,Anna-Lena Friedsam,Aliona Bolsova,DEU,ESP,,,319091,115507,,,,,,,,,,,,,,,,,,,,,,,,,,,,,,,,,,,,,,,,,,,,,,,,,,,,,,,,,,,,,,,,,,,,,,,,,,,6-4,6-1,,"6-4,6-1",901,2025,,,,,,2,2025-01-06,,,,,,,,,,,,,,,,,,,,,,,,,,,,,,,,,,,,,,,,,,"6-4,6-1",,,,,,,,,,,
901,2025,AUSTRALIAN OPEN,Grand Slam,2025-01-12,2025-01-26,Hard,MELBOURNE,AUSTRALIA,128.0,43608375.0,USD,RS56909249,2025-01-06,,Elena-Gabriela Ruse,Leonie Kung,ROU,CHE,15.0,,6-1,6-1,,,320408,324028,AUSTRALIAN OPEN,"Australian Open - Melbourne, AUS",2025.0,,320408,324028,320408,324028,Elena-Gabriela Ruse,Leonie Kung,,,Elena-Gabriela Ruse,Leonie Kung,ROU,CHE,15,,320408,324028,,,,,,,,,,,,,,,,,,,,,,,,,,,,,,,,,,,,,,,,,,,,,,,,,,,,,,,,,,,,,,,,,,,,,,,,,,,6-1,6-1,,"6-1,6-1",901,2025,,,,,,2,2025-01-06,,,,,,,,,,,,,,,,,,,,,,,,,,,,,,,,,,,,,,,,,,"6-1,6-1",,,,,,,,,,,
901,2025,AUSTRALIAN OPEN,Grand Slam,2025-01-12,2025-01-26,Hard,MELBOURNE,AUSTRALIA,128.0,43608375.0,USD,RS56909311,2025-01-06,,Rebeka Masarova,Irene Burillo Escorihuela,CHE,ESP,,,6-7(6),6-3,6-1,,322087,321157,AUSTRALIAN OPEN,"Australian Open - Melbourne, AUS",2025.0,,322087,321157,322087,321157,Rebeka Masarova,Irene Burillo Escorihuela,,,Rebeka Masarova,Irene Burillo Escorihuela,CHE,ESP,,,322087,321157,,,,,,,,,,,,,,,,,,,,,,,,,,,,,,,,,,,,,,,,,,,,,,,,,,,,,,,,,,,,,,,,,,,,,,,,,,,6-7(6),6-3,6-1,"6(8)-7,6-3,6-1",901,2025,,,,,,3,2025-01-06,,,,,,,,,,,,,,,,,,,,,,,,,,,,,,,,,,,,8.0,6.0,,,,,"6(8)-7,6-3,6-1",,,,,,,,,,,
901,2025,AUSTRALIAN OPEN,Grand Slam,2025-01-12,2025-01-26,Hard,MELBOURNE,AUSTRALIA,128.0,43608375.0,USD,RS56909313,2025-01-06,,Anna-Karolina Schmiedlova,Tina Nadine Smith,SVK,AUS,7.0,,6-2,6-2,,,318203,299308,AUSTRALIAN OPEN,"Australian Open - Melbourne, AUS",2025.0,,318203,299308,318203,299308,Anna-Karolina Schmiedlova,Tina Nadine Smith,,,Anna-Karolina Schmiedlova,Tina Nadine Smith,SVK,AUS,7,,318203,299308,,,,,,,,,,,,,,,,,,,,,,,,,,,,,,,,,,,,,,,,,,,,,,,,,,,,,,,,,,,,,,,,,,,,,,,,,,,6-2,6-2,,"6-2,6-2",901,2025,,,,,,2,2025-01-06,,,,,,,,,,,,,,,,,,,,,,,,,,,,,,,,,,,,,,,,,,"6-2,6-2",,,,,,,,,,,
901,2025,AUSTRALIAN OPEN,Grand Slam,2025-01-12,2025-01-26,Hard,MELBOURNE,AUSTRALIA,128.0,43608375.0,USD,RS56909267,2025-01-06,,Varvara Lepchenko,Hanna Chang,USA,USA,21.0,,6-1,6-3,,,120420,321743,AUSTRALIAN OPEN,"Australian Open - Melbourne, AUS",2025.0,,321743,120420,321743,120420,Varvara Lepchenko,Hanna Chang,,,Hanna Chang,Varvara Lepchenko,USA,USA,,21,120420,321743,,,,,,,,,,,,,,,,,,,,,,,,,,,,,,,,,,,,,,,,,,,,,,,,,,,,,,,,,,,,,,,,,,,,,,,,,,,1-6,3-6,,"1-6,3-6",901,2025,,,,,,2,2025-01-06,,,,,,,,,,,,,,,,,,,,,,,,,,,,,,,,,,,,,,,,,,"1-6,3-6",,,,,,,,,,,
901,2025,AUSTRALIAN OPEN,Grand Slam,2025-01-12,2025-01-26,Hard,MELBOURNE,AUSTRALIA,128.0,43608375.0,USD,RS56909269,2025-01-06,,Heather Watson,Lola Radivojevic,GBR,SRB,,,7-5,6-7(14),6-2,,316981,330751,AUSTRALIAN OPEN,"Australian Open - Melbourne, AUS",2025.0,,316981,330751,316981,330751,Heather Watson,Lola Radivojevic,,,Heather Watson,Lola Radivojevic,GBR,SRB,,,316981,330751,,,,,,,,,,,,,,,,,,,,,,,,,,,,,,,,,,,,,,,,,,,,,,,,,,,,,,,,,,,,,,,,,,,,,,,,,,,7-5,6-7(14),6-2,"7-5,6(16)-7,6-2",901,2025,,,,,,3,2025-01-06,,,,,,,,,,,,,,,,,,,,,,,,,,,,,,,,,,,,,,16.0,14.0,,,"7-5,6(16)-7,6-2",,,,,,,,,,,
901,2025,AUSTRALIAN OPEN,Grand Slam,2025-01-12,2025-01-26,Hard,MELBOURNE,AUSTRALIA,128.0,43608375.0,USD,RS56909271,2025-01-06,,Leyre Romero Gormaz,Lucrezia Stefanini,ESP,ITA,,,6-3,3-6,6-4,,326891,323149,AUSTRALIAN OPEN,"Australian Open - Melbourne, AUS",2025.0,,323149,326891,323149,326891,Leyre Romero Gormaz,Lucrezia Stefanini,,,Lucrezia Stefanini,Leyre Romero Gormaz,ITA,ESP,,,326891,323149,,,,,,,,,,,,,,,,,,,,,,,,,,,,,,,,,,,,,,,,,,,,,,,,,,,,,,,,,,,,,,,,,,,,,,,,,,,3-6,6-3,4-6,"3-6,6-3,4-6",901,2025,,,,,,3,2025-01-06,,,,,,,,,,,,,,,,,,,,,,,,,,,,,,,,,,,,,,,,,,"3-6,6-3,4-6",,,,,,,,,,,
901,2025,AUSTRALIAN OPEN,Grand Slam,2025-01-12,2025-01-26,Hard,MELBOURNE,AUSTRALIA,128.0,43608375.0,USD,RS56909273,2025-01-06,,Anca Alexia Todoni,Victoria Jimenez Kasintseva,ROU,AND,12.0,,6-1,4-6,6-4,,330442,330352,AUSTRALIAN OPEN,"Australian Open - Melbourne, AUS",2025.0,,330442,330352,330442,330352,Anca Alexia Todoni,Victoria Jimenez Kasintseva,,,Anca Alexia Todoni,Victoria Jimenez Kasintseva,ROU,AND,12,,330442,330352,,,,,,,,,,,,,,,,,,,,,,,,,,,,,,,,,,,,,,,,,,,,,,,,,,,,,,,,,,,,,,,,,,,,,,,,,,,6-1,4-6,6-4,"6-1,4-6,6-4",901,2025,,,,,,3,2025-01-06,,,,,,,,,,,,,,,,,,,,,,,,,,,,,,,,,,,,,,,,,,"6-1,4-6,6-4",,,,,,,,,,,
901,2025,AUSTRALIAN OPEN,Grand Slam,2025-01-12,2025-01-26,Hard,MELBOURNE,AUSTRALIA,128.0,43608375.0,USD,RS56909343,2025-01-06,,Taylah Preston,Mona Barthel,AUS,DEU,,,6-1,6-2,,,330291,315365,AUSTRALIAN OPEN,"Australian Open - Melbourne, AUS",2025.0,,315365,330291,315365,330291,Taylah Preston,Mona Barthel,,,Mona Barthel,Taylah Preston,DEU,AUS,,,330291,315365,,,,,,,,,,,,,,,,,,,,,,,,,,,,,,,,,,,,,,,,,,,,,,,,,,,,,,,,,,,,,,,,,,,,,,,,,,,1-6,2-6,,"1-6,2-6",901,2025,,,,,,2,2025-01-06,,,,,,,,,,,,,,,,,,,,,,,,,,,,,,,,,,,,,,,,,,"1-6,2-6",,,,,,,,,,,
901,2025,AUSTRALIAN OPEN,Grand Slam,2025-01-12,2025-01-26,Hard,MELBOURNE,AUSTRALIA,128.0,43608375.0,USD,RS56909345,2025-01-06,,Harriet Dart,Lizette Cabrera,GBR,AUS,3.0,,6-2,7-6(5),,,319489,320013,AUSTRALIAN OPEN,"Australian Open - Melbourne, AUS",2025.0,,319489,320013,319489,320013,Harriet Dart,Lizette Cabrera,,,Harriet Dart,Lizette Cabrera,GBR,AUS,3,,319489,320013,,,,,,,,,,,,,,,,,,,,,,,,,,,,,,,,,,,,,,,,,,,,,,,,,,,,,,,,,,,,,,,,,,,,,,,,,,,6-2,7-6(5),,"6-2,7-6(7)",901,2025,,,,,,2,2025-01-06,,,,,,,,,,,,,,,,,,,,,,,,,,,,,,,,,,,,,,7.0,5.0,,,"6-2,7-6(7)",,,,,,,,,,,
