tourney_id,tourney_year,tourney_name,level,start_date,end_date,surface,city,country,singles_draw_size,prize_money,prize_money_currency,match_id,date,round,winner,loser,winner_country,loser_country,winner_seed,loser_seed,set1_score,set2_score,set3_score,indoor_outdoor,player_id_winner,player_id_loser,tournament_name,tournament_title,year,indoor/outdoor,playerida_raw,playeridb_raw,PlayerIDA,PlayerIDB,winner_player_name,loser_player_name,winner_bracket_number,loser_bracket_number,home_player,away_player,home_country,away_country,home_seed,away_seed,winner_player_id,loser_player_id,winner_aces,loser_aces,winner_backhand_errors,loser_backhand_errors,winner_backhand_unforced_errors,loser_backhand_unforced_errors,winner_backhand_winners,loser_backhand_winners,winner_breakpoints_won,loser_breakpoints_won,winner_double_faults,loser_double_faults,winner_drop_shot_unforced_errors,loser_drop_shot_unforced_errors,winner_drop_shot_winners,loser_drop_shot_winners,winner_first_serve_points_won,loser_first_serve_points_won,winner_first_serve_successful,loser_first_serve_successful,winner_forehand_errors,loser_forehand_errors,winner_forehand_unforced_errors,loser_forehand_unforced_errors,winner_forehand_winners,loser_forehand_winners,winner_games_won,loser_games_won,winner_groundstroke_errors,loser_groundstroke_errors,winner_groundstroke_unforced_errors,loser_groundstroke_unforced_errors,winner_groundstroke_winners,loser_groundstroke_winners,winner_lob_unforced_errors,loser_lob_unforced_errors,winner_lob_winners,loser_lob_winners,winner_max_games_in_a_row,loser_max_games_in_a_row,winner_max_points_in_a_row,loser_max_points_in_a_row,winner_overhead_stroke_errors,loser_overhead_stroke_errors,winner_overhead_stroke_unforced_errors,loser_overhead_stroke_unforced_errors,winner_overhead_stroke_winners,loser_overhead_stroke_winners,winner_points_won,loser_points_won,winner_points_won_from_last_10,loser_points_won_from_last_10,winner_return_errors,loser_return_errors,winner_return_winners,loser_return_winners,winner_second_serve_points_won,loser_second_serve_points_won,winner_second_serve_successful,loser_second_serve_successful,winner_service_games_won,loser_service_games_won,winner_service_points_lost,loser_service_points_lost,winner_service_points_won,loser_service_points_won,winner_tiebreaks_won,loser_tiebreaks_won,winner_total_breakpoints,loser_total_breakpoints,winner_volley_unforced_errors,loser_volley_unforced_errors,winner_volley_winners,loser_volley_winners,Set 1 Score,Set 2 Score,Set 3 Score,ScoreString,event_id,event_year,match_time_total,match_message,match_status,set4_score,set5_score,num_sets,match_date,winner_flag_raw,winner_flag,doublefaults_tot_winner,doublefaults_tot_loser,aces_tot_winner,aces_tot_loser,firstserve_dividend_tot_winner,firstserve_dividend_tot_loser,firstserve_divisor_tot_winner,firstserve_divisor_tot_loser,firstserve_percent_tot_winner,firstserve_percent_tot_loser,firstservepointswon_dividend_tot_winner,firstservepointswon_dividend_tot_loser,firstservepointswon_divisor_tot_winner,firstservepointswon_divisor_tot_loser,firstservepointswon_percent_tot_winner,firstservepointswon_percent_tot_loser,secondservepointswon_percent_tot_winner,secondservepointswon_dividend_tot_winner,secondservepointswon_divisor_tot_winner,secondservepointswon_percent_tot_loser,secondservepointswon_dividend_tot_loser,secondservepointswon_divisor_tot_loser,breakpointssaved_dividend_tot_winner,breakpointssaved_divisor_tot_winner,breakpointssaved_percent_tot_winner,servicegamesplayed_tot_winner,servicegamesplayed_tot_loser,serverating_tot_winner,serverating_tot_loser,totalservicepointswon_dividend_tot_winner,totalservicepointswon_percent_tot_winner,totalreturnpointswon_percent_tot_winner,totalpointswon_percent_tot_winner,tiebreak_set1_winner,tiebreak_set1_loser,tiebreak_set2_winner,tiebreak_set2_loser,tiebreak_set3_winner,tiebreak_set3_loser,score_string,player_winner,player_loser,country_winner,country_loser,seed_winner,seed_loser,serveratinglink_tot_winner,serveratinglink_tot_loser,breakpointssaved_percent_tot_loser,breakpointssaved_dividend_tot_loser,breakpointssaved_divisor_tot_loser
904,2026,WIMBLEDON,Grand Slam,2026-06-29,2026-07-12,Grass,WIMBLEDON,GBR,128,30327600,USD,LS72320496,2026-07-11,F,Linda Noskova,Karolina Muchova,CZE,CZE,9.0,10.0,6-2,5-7,6-3,,329668,322191,WIMBLEDON,"The Championships, Wimbledon - Wimbledon, GBR",2026,,322191,329668,322191,329668,Linda Noskova,Karolina Muchova,,,Karolina Muchova,Linda Noskova,CZE,CZE,10,9,329668,322191,,,,,,,,,,,,,,,,,,,,,,,,,,,,,,,,,,,,,,,,,,,,,,,,,,,,,,,,,,,,,,,,,,,,,,,,,,,2-6,7-5,3-6,"2-6,7-5,3-6",904,2026,,,,,,3,2026-07-11,,,,,,,,,,,,,,,,,,,,,,,,,,,,,,,,0,,,,,,,,,,"2-6,7-5,3-6",,,,,,,,,,,
904,2026,WIMBLEDON,Grand Slam,2026-06-29,2026-07-12,Grass,WIMBLEDON,GBR,128,30327600,USD,LS72320484,2026-07-09,S,Linda Noskova,Marta Kostyuk,CZE,UKR,9.0,12.0,6-4,6-4,,,329668,326482,WIMBLEDON,"The Championships, Wimbledon - Wimbledon, GBR",2026,,326482,329668,326482,329668,Linda Noskova,Marta Kostyuk,,,Marta Kostyuk,Linda Noskova,UKR,CZE,12,9,329668,326482,,,,,,,,,,,,,,,,,,,,,,,,,,,,,,,,,,,,,,,,,,,,,,,,,,,,,,,,,,,,,,,,,,,,,,,,,,,4-6,4-6,,"4-6,4-6",904,2026,,,,,,2,2026-07-09,,,,,,,,,,,,,,,,,,,,,,,,,,,,,,,,0,,,,,,,,,,"4-6,4-6",,,,,,,,,,,
904,2026,WIMBLEDON,Grand Slam,2026-06-29,2026-07-12,Grass,WIMBLEDON,GBR,128,30327600,USD,LS72320486,2026-07-09,S,Karolina Muchova,Coco Gauff,CZE,USA,10.0,7.0,6-2,1-6,7-6(10),,322191,328560,WIMBLEDON,"The Championships, Wimbledon - Wimbledon, GBR",2026,,322191,328560,322191,328560,Karolina Muchova,Coco Gauff,,,Karolina Muchova,Coco Gauff,CZE,USA,10,7,322191,328560,,,,,,,,,,,,,,,,,,,,,,,,,,,,,,,,,,,,,,,,,,,,,,,,,,,,,,,,,,,,,,,,,,,,,,,,,,,6-2,1-6,7-6(10),"6-2,1-6,7-6(12)",904,2026,,,,,,3,2026-07-09,,,,,,,,,,,,,,,,,,,,,,,,,,,,,,,,0,,,,,,,,12.0,10.0,"6-2,1-6,7-6(12)",,,,,,,,,,,
904,2026,WIMBLEDON,Grand Slam,2026-06-29,2026-07-12,Grass,WIMBLEDON,GBR,128,30327600,USD,LS72320490,2026-07-08,Q,Marta Kostyuk,Jasmine Paolini,UKR,ITA,12.0,13.0,6-3,6-2,,,326482,319280,WIMBLEDON,"The Championships, Wimbledon - Wimbledon, GBR",2026,,326482,319280,326482,319280,Marta Kostyuk,Jasmine Paolini,,,Marta Kostyuk,Jasmine Paolini,UKR,ITA,12,13,326482,319280,,,,,,,,,,,,,,,,,,,,,,,,,,,,,,,,,,,,,,,,,,,,,,,,,,,,,,,,,,,,,,,,,,,,,,,,,,,6-3,6-2,,"6-3,6-2",904,2026,,,,,,2,2026-07-08,,,,,,,,,,,,,,,,,,,,,,,,,,,,,,,,0,,,,,,,,,,"6-3,6-2",,,,,,,,,,,
904,2026,WIMBLEDON,Grand Slam,2026-06-29,2026-07-12,Grass,WIMBLEDON,GBR,128,30327600,USD,LS72320488,2026-07-08,Q,Linda Noskova,Elise Mertens,CZE,BEL,9.0,25.0,6-3,7-5,,,329668,317964,WIMBLEDON,"The Championships, Wimbledon - Wimbledon, GBR",2026,,329668,317964,329668,317964,Linda Noskova,Elise Mertens,,,Linda Noskova,Elise Mertens,CZE,BEL,9,25,329668,317964,,,,,,,,,,,,,,,,,,,,,,,,,,,,,,,,,,,,,,,,,,,,,,,,,,,,,,,,,,,,,,,,,,,,,,,,,,,6-3,7-5,,"6-3,7-5",904,2026,,,,,,2,2026-07-08,,,,,,,,,,,,,,,,,,,,,,,,,,,,,,,,0,,,,,,,,,,"6-3,7-5",,,,,,,,,,,
904,2026,WIMBLEDON,Grand Slam,2026-06-29,2026-07-12,Grass,WIMBLEDON,GBR,128,30327600,USD,LS72320478,2026-07-07,Q,Karolina Muchova,Naomi Osaka,CZE,JPN,10.0,14.0,7-6(4),6-4,,,322191,319998,WIMBLEDON,"The Championships, Wimbledon - Wimbledon, GBR",2026,,319998,322191,319998,322191,Karolina Muchova,Naomi Osaka,,,Naomi Osaka,Karolina Muchova,JPN,CZE,14,10,322191,319998,,,,,,,,,,,,,,,,,,,,,,,,,,,,,,,,,,,,,,,,,,,,,,,,,,,,,,,,,,,,,,,,,,,,,,,,,,,6-7(4),4-6,,"6(7)-7,4-6",904,2026,,,,,,2,2026-07-07,,,,,,,,,,,,,,,,,,,,,,,,,,,,,,,,0,,,,7.0,4.0,,,,,"6(7)-7,4-6",,,,,,,,,,,
904,2026,WIMBLEDON,Grand Slam,2026-06-29,2026-07-12,Grass,WIMBLEDON,GBR,128,30327600,USD,LS72320476,2026-07-07,Q,Coco Gauff,Jessica Pegula,USA,USA,7.0,4.0,4-6,6-3,6-3,,328560,316956,WIMBLEDON,"The Championships, Wimbledon - Wimbledon, GBR",2026,,316956,328560,316956,328560,Coco Gauff,Jessica Pegula,,,Jessica Pegula,Coco Gauff,USA,USA,4,7,328560,316956,,,,,,,,,,,,,,,,,,,,,,,,,,,,,,,,,,,,,,,,,,,,,,,,,,,,,,,,,,,,,,,,,,,,,,,,,,,6-4,3-6,3-6,"6-4,3-6,3-6",904,2026,,,,,,3,2026-07-07,,,,,,,,,,,,,,,,,,,,,,,,,,,,,,,,0,,,,,,,,,,"6-4,3-6,3-6",,,,,,,,,,,
904,2026,WIMBLEDON,Grand Slam,2026-06-29,2026-07-12,Grass,WIMBLEDON,GBR,128,30327600,USD,LS72320482,2026-07-06,4,Linda Noskova,Madison Keys,CZE,USA,9.0,26.0,6-4,7-6(2),,,329668,316959,WIMBLEDON,"The Championships, Wimbledon - Wimbledon, GBR",2026,,316959,329668,316959,329668,Linda Noskova,Madison Keys,,,Madison Keys,Linda Noskova,USA,CZE,26,9,329668,316959,,,,,,,,,,,,,,,,,,,,,,,,,,,,,,,,,,,,,,,,,,,,,,,,,,,,,,,,,,,,,,,,,,,,,,,,,,,4-6,6-7(2),,"4-6,6(7)-7",904,2026,,,,,,2,2026-07-06,,,,,,,,,,,,,,,,,,,,,,,,,,,,,,,,0,,,,,,7.0,2.0,,,"4-6,6(7)-7",,,,,,,,,,,
904,2026,WIMBLEDON,Grand Slam,2026-06-29,2026-07-12,Grass,WIMBLEDON,GBR,128,30327600,USD,LS72320404,2026-07-06,4,Jasmine Paolini,Alexandra Eala,ITA,PHL,13.0,29.0,6-4,4-6,6-3,,319280,330332,WIMBLEDON,"The Championships, Wimbledon - Wimbledon, GBR",2026,,319280,330332,319280,330332,Jasmine Paolini,Alexandra Eala,,,Jasmine Paolini,Alexandra Eala,ITA,PHL,13,29,319280,330332,,,,,,,,,,,,,,,,,,,,,,,,,,,,,,,,,,,,,,,,,,,,,,,,,,,,,,,,,,,,,,,,,,,,,,,,,,,6-4,4-6,6-3,"6-4,4-6,6-3",904,2026,,,,,,3,2026-07-06,,,,,,,,,,,,,,,,,,,,,,,,,,,,,,,,0,,,,,,,,,,"6-4,4-6,6-3",,,,,,,,,,,
904,2026,WIMBLEDON,Grand Slam,2026-06-29,2026-07-12,Grass,WIMBLEDON,GBR,128,30327600,USD,LS72320480,2026-07-06,4,Elise Mertens,Marie Bouzkova,BEL,CZE,25.0,21.0,6-4,6-4,,,317964,320983,WIMBLEDON,"The Championships, Wimbledon - Wimbledon, GBR",2026,,320983,317964,320983,317964,Elise Mertens,Marie Bouzkova,,,Marie Bouzkova,Elise Mertens,CZE,BEL,21,25,317964,320983,,,,,,,,,,,,,,,,,,,,,,,,,,,,,,,,,,,,,,,,,,,,,,,,,,,,,,,,,,,,,,,,,,,,,,,,,,,4-6,4-6,,"4-6,4-6",904,2026,,,,,,2,2026-07-06,,,,,,,,,,,,,,,,,,,,,,,,,,,,,,,,0,,,,,,,,,,"4-6,4-6",,,,,,,,,,,
904,2026,WIMBLEDON,Grand Slam,2026-06-29,2026-07-12,Grass,WIMBLEDON,GBR,128,30327600,USD,LS72320406,2026-07-06,4,Marta Kostyuk,Ashlyn Krueger,UKR,USA,12.0,,6-4,6-4,,,326482,329409,WIMBLEDON,"The Championships, Wimbledon - Wimbledon, GBR",2026,,329409,326482,329409,326482,Marta Kostyuk,Ashlyn Krueger,,,Ashlyn Krueger,Marta Kostyuk,USA,UKR,,12,326482,329409,,,,,,,,,,,,,,,,,,,,,,,,,,,,,,,,,,,,,,,,,,,,,,,,,,,,,,,,,,,,,,,,,,,,,,,,,,,4-6,4-6,,"4-6,4-6",904,2026,,,,,,2,2026-07-06,,,,,,,,,,,,,,,,,,,,,,,,,,,,,,,,0,,,,,,,,,,"4-6,4-6",,,,,,,,,,,
904,2026,WIMBLEDON,Grand Slam,2026-06-29,2026-07-12,Grass,WIMBLEDON,GBR,128,30327600,USD,LS72320408,2026-07-05,4,Coco Gauff,Belinda Bencic,USA,CHE,7.0,11.0,4-6,6-3,6-4,,328560,319001,WIMBLEDON,"The Championships, Wimbledon - Wimbledon, GBR",2026,,319001,328560,319001,328560,Coco Gauff,Belinda Bencic,,,Belinda Bencic,Coco Gauff,CHE,USA,11,7,328560,319001,,,,,,,,,,,,,,,,,,,,,,,,,,,,,,,,,,,,,,,,,,,,,,,,,,,,,,,,,,,,,,,,,,,,,,,,,,,6-4,3-6,4-6,"6-4,3-6,4-6",904,2026,,,,,,3,2026-07-05,,,,,,,,,,,,,,,,,,,,,,,,,,,,,,,,0,,,,,,,,,,"6-4,3-6,4-6",,,,,,,,,,,
904,2026,WIMBLEDON,Grand Slam,2026-06-29,2026-07-12,Grass,WIMBLEDON,GBR,128,30327600,USD,LS72320398,2026-07-05,4,Naomi Osaka,Aryna Sabalenka,JPN,,14.0,1.0,6-2,7-6(2),,,319998,320760,WIMBLEDON,"The Championships, Wimbledon - Wimbledon, GBR",2026,,320760,319998,320760,319998,Naomi Osaka,Aryna Sabalenka,,,Aryna Sabalenka,Naomi Osaka,,JPN,1,14,319998,320760,,,,,,,,,,,,,,,,,,,,,,,,,,,,,,,,,,,,,,,,,,,,,,,,,,,,,,,,,,,,,,,,,,,,,,,,,,,2-6,6-7(2),,"2-6,6(7)-7",904,2026,,,,,,2,2026-07-05,,,,,,,,,,,,,,,,,,,,,,,,,,,,,,,,0,,,,,,7.0,2.0,,,"2-6,6(7)-7",,,,,,,,,,,
904,2026,WIMBLEDON,Grand Slam,2026-06-29,2026-07-12,Grass,WIMBLEDON,GBR,128,30327600,USD,LS72320396,2026-07-05,4,Karolina Muchova,Barbora Krejcikova,CZE,CZE,10.0,,7-5,5-7,6-3,,322191,318314,WIMBLEDON,"The Championships, Wimbledon - Wimbledon, GBR",2026,,322191,318314,322191,318314,Karolina Muchova,Barbora Krejcikova,,,Karolina Muchova,Barbora Krejcikova,CZE,CZE,10,,322191,318314,,,,,,,,,,,,,,,,,,,,,,,,,,,,,,,,,,,,,,,,,,,,,,,,,,,,,,,,,,,,,,,,,,,,,,,,,,,7-5,5-7,6-3,"7-5,5-7,6-3",904,2026,,,,,,3,2026-07-05,,,,,,,,,,,,,,,,,,,,,,,,,,,,,,,,0,,,,,,,,,,"7-5,5-7,6-3",,,,,,,,,,,
904,2026,WIMBLEDON,Grand Slam,2026-06-29,2026-07-12,Grass,WIMBLEDON,GBR,128,30327600,USD,LS72320410,2026-07-05,4,Jessica Pegula,Iva Jovic,USA,USA,4.0,16.0,4-6,6-3,6-1,,316956,332285,WIMBLEDON,"The Championships, Wimbledon - Wimbledon, GBR",2026,,316956,332285,316956,332285,Jessica Pegula,Iva Jovic,,,Jessica Pegula,Iva Jovic,USA,USA,4,16,316956,332285,,,,,,,,,,,,,,,,,,,,,,,,,,,,,,,,,,,,,,,,,,,,,,,,,,,,,,,,,,,,,,,,,,,,,,,,,,,4-6,6-3,6-1,"4-6,6-3,6-1",904,2026,,,,,,3,2026-07-05,,,,,,,,,,,,,,,,,,,,,,,,,,,,,,,,0,,,,,,,,,,"4-6,6-3,6-1",,,,,,,,,,,
904,2026,WIMBLEDON,Grand Slam,2026-06-29,2026-07-12,Grass,WIMBLEDON,GBR,128,30327600,USD,LS72320390,2026-07-04,3,Madison Keys,Amanda Anisimova,USA,USA,26.0,6.0,3-6,6-2,6-3,,316959,326384,WIMBLEDON,"The Championships, Wimbledon - Wimbledon, GBR",2026,,326384,316959,326384,316959,Madison Keys,Amanda Anisimova,,,Amanda Anisimova,Madison Keys,USA,USA,6,26,316959,326384,,,,,,,,,,,,,,,,,,,,,,,,,,,,,,,,,,,,,,,,,,,,,,,,,,,,,,,,,,,,,,,,,,,,,,,,,,,6-3,2-6,3-6,"6-3,2-6,3-6",904,2026,,,,,,3,2026-07-04,,,,,,,,,,,,,,,,,,,,,,,,,,,,,,,,0,,,,,,,,,,"6-3,2-6,3-6",,,,,,,,,,,
904,2026,WIMBLEDON,Grand Slam,2026-06-29,2026-07-12,Grass,WIMBLEDON,GBR,128,30327600,USD,LS72320388,2026-07-04,3,Linda Noskova,Sorana Cirstea,CZE,ROU,9.0,17.0,2-6,6-3,7-6(9),,329668,312469,WIMBLEDON,"The Championships, Wimbledon - Wimbledon, GBR",2026,,312469,329668,312469,329668,Linda Noskova,Sorana Cirstea,,,Sorana Cirstea,Linda Noskova,ROU,CZE,17,9,329668,312469,,,,,,,,,,,,,,,,,,,,,,,,,,,,,,,,,,,,,,,,,,,,,,,,,,,,,,,,,,,,,,,,,,,,,,,,,,,6-2,3-6,6-7(9),"6-2,3-6,6(11)-7",904,2026,,,,,,3,2026-07-04,,,,,,,,,,,,,,,,,,,,,,,,,,,,,,,,0,,,,,,,,11.0,9.0,"6-2,3-6,6(11)-7",,,,,,,,,,,
904,2026,WIMBLEDON,Grand Slam,2026-06-29,2026-07-12,Grass,WIMBLEDON,GBR,128,30327600,USD,LS72320394,2026-07-04,3,Jasmine Paolini,Maria Sakkari,ITA,GRC,13.0,,6-1,6-2,,,319280,318312,WIMBLEDON,"The Championships, Wimbledon - Wimbledon, GBR",2026,,319280,318312,319280,318312,Jasmine Paolini,Maria Sakkari,,,Jasmine Paolini,Maria Sakkari,ITA,GRC,13,,319280,318312,,,,,,,,,,,,,,,,,,,,,,,,,,,,,,,,,,,,,,,,,,,,,,,,,,,,,,,,,,,,,,,,,,,,,,,,,,,6-1,6-2,,"6-1,6-2",904,2026,,,,,,2,2026-07-04,,,,,,,,,,,,,,,,,,,,,,,,,,,,,,,,0,,,,,,,,,,"6-1,6-2",,,,,,,,,,,
904,2026,WIMBLEDON,Grand Slam,2026-06-29,2026-07-12,Grass,WIMBLEDON,GBR,128,30327600,USD,LS72320392,2026-07-04,3,Alexandra Eala,Iga Swiatek,PHL,POL,29.0,3.0,7-6(9),6-2,,,330332,326408,WIMBLEDON,"The Championships, Wimbledon - Wimbledon, GBR",2026,,330332,326408,330332,326408,Alexandra Eala,Iga Swiatek,,,Alexandra Eala,Iga Swiatek,PHL,POL,29,3,330332,326408,,,,,,,,,,,,,,,,,,,,,,,,,,,,,,,,,,,,,,,,,,,,,,,,,,,,,,,,,,,,,,,,,,,,,,,,,,,7-6(9),6-2,,"7-6(11),6-2",904,2026,,,,,,2,2026-07-04,,,,,,,,,,,,,,,,,,,,,,,,,,,,,,,,0,,,,11.0,9.0,,,,,"7-6(11),6-2",,,,,,,,,,,
904,2026,WIMBLEDON,Grand Slam,2026-06-29,2026-07-12,Grass,WIMBLEDON,GBR,128,30327600,USD,LS72320400,2026-07-04,3,Elise Mertens,Elena Rybakina,BEL,KAZ,25.0,2.0,7-6(4),6-1,,,317964,324166,WIMBLEDON,"The Championships, Wimbledon - Wimbledon, GBR",2026,,317964,324166,317964,324166,Elise Mertens,Elena Rybakina,,,Elise Mertens,Elena Rybakina,BEL,KAZ,25,2,317964,324166,,,,,,,,,,,,,,,,,,,,,,,,,,,,,,,,,,,,,,,,,,,,,,,,,,,,,,,,,,,,,,,,,,,,,,,,,,,7-6(4),6-1,,"7-6(7),6-1",904,2026,,,,,,2,2026-07-04,,,,,,,,,,,,,,,,,,,,,,,,,,,,,,,,0,,,,7.0,4.0,,,,,"7-6(7),6-1",,,,,,,,,,,
904,2026,WIMBLEDON,Grand Slam,2026-06-29,2026-07-12,Grass,WIMBLEDON,GBR,128,30327600,USD,LS72320382,2026-07-04,3,Ashlyn Krueger,Daria Snigur,USA,UKR,,,6-3,6-2,,,329409,327845,WIMBLEDON,"The Championships, Wimbledon - Wimbledon, GBR",2026,,327845,329409,327845,329409,Ashlyn Krueger,Daria Snigur,,,Daria Snigur,Ashlyn Krueger,UKR,USA,,,329409,327845,,,,,,,,,,,,,,,,,,,,,,,,,,,,,,,,,,,,,,,,,,,,,,,,,,,,,,,,,,,,,,,,,,,,,,,,,,,3-6,2-6,,"3-6,2-6",904,2026,,,,,,2,2026-07-04,,,,,,,,,,,,,,,,,,,,,,,,,,,,,,,,0,,,,,,,,,,"3-6,2-6",,,,,,,,,,,
904,2026,WIMBLEDON,Grand Slam,2026-06-29,2026-07-12,Grass,WIMBLEDON,GBR,128,30327600,USD,LS72320380,2026-07-04,3,Marta Kostyuk,Emma Navarro,UKR,USA,12.0,23.0,6-2,4-6,6-1,,326482,325410,WIMBLEDON,"The Championships, Wimbledon - Wimbledon, GBR",2026,,325410,326482,325410,326482,Marta Kostyuk,Emma Navarro,,,Emma Navarro,Marta Kostyuk,USA,UKR,23,12,326482,325410,,,,,,,,,,,,,,,,,,,,,,,,,,,,,,,,,,,,,,,,,,,,,,,,,,,,,,,,,,,,,,,,,,,,,,,,,,,2-6,6-4,1-6,"2-6,6-4,1-6",904,2026,,,,,,3,2026-07-04,,,,,,,,,,,,,,,,,,,,,,,,,,,,,,,,0,,,,,,,,,,"2-6,6-4,1-6",,,,,,,,,,,
904,2026,WIMBLEDON,Grand Slam,2026-06-29,2026-07-12,Grass,WIMBLEDON,GBR,128,30327600,USD,LS72320402,2026-07-04,3,Marie Bouzkova,Liudmila Samsonova,CZE,,21.0,,4-6,7-6(3),6-4,,320983,322222,WIMBLEDON,"The Championships, Wimbledon - Wimbledon, GBR",2026,,322222,320983,322222,320983,Marie Bouzkova,Liudmila Samsonova,,,Liudmila Samsonova,Marie Bouzkova,,CZE,,21,320983,322222,,,,,,,,,,,,,,,,,,,,,,,,,,,,,,,,,,,,,,,,,,,,,,,,,,,,,,,,,,,,,,,,,,,,,,,,,,,6-4,6-7(3),4-6,"6-4,6(7)-7,4-6",904,2026,,,,,,3,2026-07-04,,,,,,,,,,,,,,,,,,,,,,,,,,,,,,,,0,,,,,,7.0,3.0,,,"6-4,6(7)-7,4-6",,,,,,,,,,,
904,2026,WIMBLEDON,Grand Slam,2026-06-29,2026-07-12,Grass,WIMBLEDON,GBR,128,30327600,USD,LS72320442,2026-07-03,3,Karolina Muchova,Mananchaya Sawangkaew,CZE,THA,10.0,,6-2,7-6(1),,,322191,326929,WIMBLEDON,"The Championships, Wimbledon - Wimbledon, GBR",2026,,322191,326929,322191,326929,Karolina Muchova,Mananchaya Sawangkaew,,,Karolina Muchova,Mananchaya Sawangkaew,CZE,THA,10,,322191,326929,,,,,,,,,,,,,,,,,,,,,,,,,,,,,,,,,,,,,,,,,,,,,,,,,,,,,,,,,,,,,,,,,,,,,,,,,,,6-2,7-6(1),,"6-2,7-6(7)",904,2026,,,,,,2,2026-07-03,,,,,,,,,,,,,,,,,,,,,,,,,,,,,,,,0,,,,,,7.0,1.0,,,"6-2,7-6(7)",,,,,,,,,,,
904,2026,WIMBLEDON,Grand Slam,2026-06-29,2026-07-12,Grass,WIMBLEDON,GBR,128,30327600,USD,LS72320384,2026-07-03,3,Coco Gauff,Claire Liu,USA,USA,7.0,,6-3,6-7(5),6-2,,328560,179300,WIMBLEDON,"The Championships, Wimbledon - Wimbledon, GBR",2026,,179300,328560,179300,328560,Coco Gauff,Claire Liu,,,Claire Liu,Coco Gauff,USA,USA,,7,328560,179300,,,,,,,,,,,,,,,,,,,,,,,,,,,,,,,,,,,,,,,,,,,,,,,,,,,,,,,,,,,,,,,,,,,,,,,,,,,3-6,7-6(5),2-6,"3-6,7-6(7),2-6",904,2026,,,,,,3,2026-07-03,,,,,,,,,,,,,,,,,,,,,,,,,,,,,,,,0,,,,,,7.0,5.0,,,"3-6,7-6(7),2-6",,,,,,,,,,,
904,2026,WIMBLEDON,Grand Slam,2026-06-29,2026-07-12,Grass,WIMBLEDON,GBR,128,30327600,USD,LS72320430,2026-07-03,3,Aryna Sabalenka,Jelena Ostapenko,,LVA,1.0,,6-4,6-4,,,320760,319939,WIMBLEDON,"The Championships, Wimbledon - Wimbledon, GBR",2026,,320760,319939,320760,319939,Aryna Sabalenka,Jelena Ostapenko,,,Aryna Sabalenka,Jelena Ostapenko,,LVA,1,,320760,319939,,,,,,,,,,,,,,,,,,,,,,,,,,,,,,,,,,,,,,,,,,,,,,,,,,,,,,,,,,,,,,,,,,,,,,,,,,,6-4,6-4,,"6-4,6-4",904,2026,,,,,,2,2026-07-03,,,,,,,,,,,,,,,,,,,,,,,,,,,,,,,,0,,,,,,,,,,"6-4,6-4",,,,,,,,,,,
904,2026,WIMBLEDON,Grand Slam,2026-06-29,2026-07-12,Grass,WIMBLEDON,GBR,128,30327600,USD,LS72320440,2026-07-03,3,Barbora Krejcikova,Nikola Bartunkova,CZE,CZE,,,6-3,7-5,,,318314,721779,WIMBLEDON,"The Championships, Wimbledon - Wimbledon, GBR",2026,,721779,318314,721779,318314,Barbora Krejcikova,Nikola Bartunkova,,,Nikola Bartunkova,Barbora Krejcikova,CZE,CZE,,,318314,721779,,,,,,,,,,,,,,,,,,,,,,,,,,,,,,,,,,,,,,,,,,,,,,,,,,,,,,,,,,,,,,,,,,,,,,,,,,,3-6,5-7,,"3-6,5-7",904,2026,,,,,,2,2026-07-03,,,,,,,,,,,,,,,,,,,,,,,,,,,,,,,,0,,,,,,,,,,"3-6,5-7",,,,,,,,,,,
904,2026,WIMBLEDON,Grand Slam,2026-06-29,2026-07-12,Grass,WIMBLEDON,GBR,128,30327600,USD,LS72320438,2026-07-03,3,Jessica Pegula,Jessica Bouzas Maneiro,USA,ESP,4.0,,6-1,6-3,,,316956,328139,WIMBLEDON,"The Championships, Wimbledon - Wimbledon, GBR",2026,,316956,328139,316956,328139,Jessica Pegula,Jessica Bouzas Maneiro,,,Jessica Pegula,Jessica Bouzas Maneiro,USA,ESP,4,,316956,328139,,,,,,,,,,,,,,,,,,,,,,,,,,,,,,,,,,,,,,,,,,,,,,,,,,,,,,,,,,,,,,,,,,,,,,,,,,,6-1,6-3,,"6-1,6-3",904,2026,,,,,,2,2026-07-03,,,,,,,,,,,,,,,,,,,,,,,,,,,,,,,,0,,,,,,,,,,"6-1,6-3",,,,,,,,,,,
904,2026,WIMBLEDON,Grand Slam,2026-06-29,2026-07-12,Grass,WIMBLEDON,GBR,128,30327600,USD,LS72320436,2026-07-03,3,Iva Jovic,Ekaterina Alexandrova,USA,,16.0,18.0,6-3,3-6,6-4,,332285,319007,WIMBLEDON,"The Championships, Wimbledon - Wimbledon, GBR",2026,,319007,332285,319007,332285,Iva Jovic,Ekaterina Alexandrova,,,Ekaterina Alexandrova,Iva Jovic,,USA,18,16,332285,319007,,,,,,,,,,,,,,,,,,,,,,,,,,,,,,,,,,,,,,,,,,,,,,,,,,,,,,,,,,,,,,,,,,,,,,,,,,,3-6,6-3,4-6,"3-6,6-3,4-6",904,2026,,,,,,3,2026-07-03,,,,,,,,,,,,,,,,,,,,,,,,,,,,,,,,0,,,,,,,,,,"3-6,6-3,4-6",,,,,,,,,,,
904,2026,WIMBLEDON,Grand Slam,2026-06-29,2026-07-12,Grass,WIMBLEDON,GBR,128,30327600,USD,LS72320428,2026-07-03,3,Naomi Osaka,Daria Kasatkina,JPN,AUS,14.0,,6-1,6-3,,,319998,322082,WIMBLEDON,"The Championships, Wimbledon - Wimbledon, GBR",2026,,322082,319998,322082,319998,Naomi Osaka,Daria Kasatkina,,,Daria Kasatkina,Naomi Osaka,AUS,JPN,,14,319998,322082,,,,,,,,,,,,,,,,,,,,,,,,,,,,,,,,,,,,,,,,,,,,,,,,,,,,,,,,,,,,,,,,,,,,,,,,,,,1-6,3-6,,"1-6,3-6",904,2026,,,,,,2,2026-07-03,,,,,,,,,,,,,,,,,,,,,,,,,,,,,,,,0,,,,,,,,,,"1-6,3-6",,,,,,,,,,,
904,2026,WIMBLEDON,Grand Slam,2026-06-29,2026-07-12,Grass,WIMBLEDON,GBR,128,30327600,USD,LS72320386,2026-07-03,3,Belinda Bencic,Anna Kalinskaya,CHE,,11.0,19.0,6-4,4-6,7-6(6),,319001,323942,WIMBLEDON,"The Championships, Wimbledon - Wimbledon, GBR",2026,,319001,323942,319001,323942,Belinda Bencic,Anna Kalinskaya,,,Belinda Bencic,Anna Kalinskaya,CHE,,11,19,319001,323942,,,,,,,,,,,,,,,,,,,,,,,,,,,,,,,,,,,,,,,,,,,,,,,,,,,,,,,,,,,,,,,,,,,,,,,,,,,6-4,4-6,7-6(6),"6-4,4-6,7-6(10)",904,2026,,,,,,3,2026-07-03,,,,,,,,,,,,,,,,,,,,,,,,,,,,,,,,0,,,,,,,,8.0,6.0,"6-4,4-6,7-6(10)",,,,,,,,,,,
904,2026,WIMBLEDON,Grand Slam,2026-06-29,2026-07-12,Grass,WIMBLEDON,GBR,128,30327600,USD,LS72320424,2026-07-02,2,Linda Noskova,Camila Osorio,CZE,COL,9.0,,6-3,4-6,6-2,,329668,325898,WIMBLEDON,"The Championships, Wimbledon - Wimbledon, GBR",2026,,325898,329668,325898,329668,Linda Noskova,Camila Osorio,,,Camila Osorio,Linda Noskova,COL,CZE,,9,329668,325898,,,,,,,,,,,,,,,,,,,,,,,,,,,,,,,,,,,,,,,,,,,,,,,,,,,,,,,,,,,,,,,,,,,,,,,,,,,3-6,6-4,2-6,"3-6,6-4,2-6",904,2026,,,,,,3,2026-07-02,,,,,,,,,,,,,,,,,,,,,,,,,,,,,,,,0,,,,,,,,,,"3-6,6-4,2-6",,,,,,,,,,,
904,2026,WIMBLEDON,Grand Slam,2026-06-29,2026-07-12,Grass,WIMBLEDON,GBR,128,30327600,USD,LS72320432,2026-07-02,2,Elena Rybakina,Caty McNally,KAZ,USA,2.0,,6-1,6-2,,,324166,325725,WIMBLEDON,"The Championships, Wimbledon - Wimbledon, GBR",2026,,325725,324166,325725,324166,Elena Rybakina,Caty McNally,,,Caty McNally,Elena Rybakina,USA,KAZ,,2,324166,325725,,,,,,,,,,,,,,,,,,,,,,,,,,,,,,,,,,,,,,,,,,,,,,,,,,,,,,,,,,,,,,,,,,,,,,,,,,,1-6,2-6,,"1-6,2-6",904,2026,,,,,,2,2026-07-02,,,,,,,,,,,,,,,,,,,,,,,,,,,,,,,,0,,,,,,,,,,"1-6,2-6",,,,,,,,,,,
904,2026,WIMBLEDON,Grand Slam,2026-06-29,2026-07-12,Grass,WIMBLEDON,GBR,128,30327600,USD,LS72320426,2026-07-02,2,Sorana Cirstea,Kimberly Birrell,ROU,AUS,17.0,,6-3,6-4,,,312469,320728,WIMBLEDON,"The Championships, Wimbledon - Wimbledon, GBR",2026,,312469,320728,312469,320728,Sorana Cirstea,Kimberly Birrell,,,Sorana Cirstea,Kimberly Birrell,ROU,AUS,17,,312469,320728,,,,,,,,,,,,,,,,,,,,,,,,,,,,,,,,,,,,,,,,,,,,,,,,,,,,,,,,,,,,,,,,,,,,,,,,,,,6-3,6-4,,"6-3,6-4",904,2026,,,,,,2,2026-07-02,,,,,,,,,,,,,,,,,,,,,,,,,,,,,,,,0,,,,,,,,,,"6-3,6-4",,,,,,,,,,,
904,2026,WIMBLEDON,Grand Slam,2026-06-29,2026-07-12,Grass,WIMBLEDON,GBR,128,30327600,USD,LS72320470,2026-07-02,2,Jasmine Paolini,Viktorija Golubic,ITA,CHE,13.0,,7-6(0),6-4,,,319280,316296,WIMBLEDON,"The Championships, Wimbledon - Wimbledon, GBR",2026,,319280,316296,319280,316296,Jasmine Paolini,Viktorija Golubic,,,Jasmine Paolini,Viktorija Golubic,ITA,CHE,13,,319280,316296,,,,,,,,,,,,,,,,,,,,,,,,,,,,,,,,,,,,,,,,,,,,,,,,,,,,,,,,,,,,,,,,,,,,,,,,,,,7-6(0),6-4,,"7-6(7),6-4",904,2026,,,,,,2,2026-07-02,,,,,,,,,,,,,,,,,,,,,,,,,,,,,,,,0,,,,7.0,0.0,,,,,"7-6(7),6-4",,,,,,,,,,,
904,2026,WIMBLEDON,Grand Slam,2026-06-29,2026-07-12,Grass,WIMBLEDON,GBR,128,30327600,USD,LS72320434,2026-07-02,2,Elise Mertens,Maria Timofeeva,BEL,,25.0,,2-6,6-3,6-0,,317964,328896,WIMBLEDON,"The Championships, Wimbledon - Wimbledon, GBR",2026,,317964,328896,317964,328896,Elise Mertens,Maria Timofeeva,,,Elise Mertens,Maria Timofeeva,BEL,,25,,317964,328896,,,,,,,,,,,,,,,,,,,,,,,,,,,,,,,,,,,,,,,,,,,,,,,,,,,,,,,,,,,,,,,,,,,,,,,,,,,2-6,6-3,6-0,"2-6,6-3,6-0",904,2026,,,,,,3,2026-07-02,,,,,,,,,,,,,,,,,,,,,,,,,,,,,,,,0,,,,,,,,,,"2-6,6-3,6-0",,,,,,,,,,,
904,2026,WIMBLEDON,Grand Slam,2026-06-29,2026-07-12,Grass,WIMBLEDON,GBR,128,30327600,USD,LS72320468,2026-07-02,2,Maria Sakkari,Kamilla Rakhimova,GRC,UZB,,,6-3,0-6,7-6(7),,318312,325936,WIMBLEDON,"The Championships, Wimbledon - Wimbledon, GBR",2026,,325936,318312,325936,318312,Maria Sakkari,Kamilla Rakhimova,,,Kamilla Rakhimova,Maria Sakkari,UZB,GRC,,,318312,325936,,,,,,,,,,,,,,,,,,,,,,,,,,,,,,,,,,,,,,,,,,,,,,,,,,,,,,,,,,,,,,,,,,,,,,,,,,,3-6,6-0,6-7(7),"3-6,6-0,6(10)-7",904,2026,,,,,,3,2026-07-02,,,,,,,,,,,,,,,,,,,,,,,,,,,,,,,,0,,,,,,,,9.0,7.0,"3-6,6-0,6(10)-7",,,,,,,,,,,
904,2026,WIMBLEDON,Grand Slam,2026-06-29,2026-07-12,Grass,WIMBLEDON,GBR,128,30327600,USD,LS72320414,2026-07-02,2,Amanda Anisimova,Sofia Kenin,USA,USA,6.0,,6-2,4-6,7-6(3),,326384,320942,WIMBLEDON,"The Championships, Wimbledon - Wimbledon, GBR",2026,,326384,320942,326384,320942,Amanda Anisimova,Sofia Kenin,,,Amanda Anisimova,Sofia Kenin,USA,USA,6,,326384,320942,,,,,,,,,,,,,,,,,,,,,,,,,,,,,,,,,,,,,,,,,,,,,,,,,,,,,,,,,,,,,,,,,,,,,,,,,,,6-2,4-6,7-6(3),"6-2,4-6,7-6(10)",904,2026,,,,,,3,2026-07-02,,,,,,,,,,,,,,,,,,,,,,,,,,,,,,,,0,,,,,,,,7.0,3.0,"6-2,4-6,7-6(10)",,,,,,,,,,,
904,2026,WIMBLEDON,Grand Slam,2026-06-29,2026-07-12,Grass,WIMBLEDON,GBR,128,30327600,USD,LS72320472,2026-07-02,2,Marta Kostyuk,Anna Blinkova,UKR,,12.0,,6-7(5),6-3,6-3,,326482,324267,WIMBLEDON,"The Championships, Wimbledon - Wimbledon, GBR",2026,,324267,326482,324267,326482,Marta Kostyuk,Anna Blinkova,,,Anna Blinkova,Marta Kostyuk,,UKR,,12,326482,324267,,,,,,,,,,,,,,,,,,,,,,,,,,,,,,,,,,,,,,,,,,,,,,,,,,,,,,,,,,,,,,,,,,,,,,,,,,,7-6(5),3-6,3-6,"7-6(7),3-6,3-6",904,2026,,,,,,3,2026-07-02,,,,,,,,,,,,,,,,,,,,,,,,,,,,,,,,0,,,,7.0,5.0,,,,,"7-6(7),3-6,3-6",,,,,,,,,,,
904,2026,WIMBLEDON,Grand Slam,2026-06-29,2026-07-12,Grass,WIMBLEDON,GBR,128,30327600,USD,LS72320416,2026-07-02,2,Iga Swiatek,Karolina Pliskova,POL,CZE,3.0,,6-1,6-3,,,326408,313974,WIMBLEDON,"The Championships, Wimbledon - Wimbledon, GBR",2026,,313974,326408,313974,326408,Iga Swiatek,Karolina Pliskova,,,Karolina Pliskova,Iga Swiatek,CZE,POL,,3,326408,313974,,,,,,,,,,,,,,,,,,,,,,,,,,,,,,,,,,,,,,,,,,,,,,,,,,,,,,,,,,,,,,,,,,,,,,,,,,,1-6,3-6,,"1-6,3-6",904,2026,,,,,,2,2026-07-02,,,,,,,,,,,,,,,,,,,,,,,,,,,,,,,,0,,,,,,,,,,"1-6,3-6",,,,,,,,,,,
904,2026,WIMBLEDON,Grand Slam,2026-06-29,2026-07-12,Grass,WIMBLEDON,GBR,128,30327600,USD,LS72320418,2026-07-02,2,Alexandra Eala,Maya Joint,PHL,AUS,29.0,,3-6,6-2,6-0,,330332,330544,WIMBLEDON,"The Championships, Wimbledon - Wimbledon, GBR",2026,,330332,330544,330332,330544,Alexandra Eala,Maya Joint,,,Alexandra Eala,Maya Joint,PHL,AUS,29,,330332,330544,,,,,,,,,,,,,,,,,,,,,,,,,,,,,,,,,,,,,,,,,,,,,,,,,,,,,,,,,,,,,,,,,,,,,,,,,,,3-6,6-2,6-0,"3-6,6-2,6-0",904,2026,,,,,,3,2026-07-02,,,,,,,,,,,,,,,,,,,,,,,,,,,,,,,,0,,,,,,,,,,"3-6,6-2,6-0",,,,,,,,,,,
904,2026,WIMBLEDON,Grand Slam,2026-06-29,2026-07-12,Grass,WIMBLEDON,GBR,128,30327600,USD,LS72320412,2026-07-02,2,Madison Keys,Katie Swan,USA,GBR,26.0,,6-1,6-4,,,316959,155952,WIMBLEDON,"The Championships, Wimbledon - Wimbledon, GBR",2026,,155952,316959,155952,316959,Madison Keys,Katie Swan,,,Katie Swan,Madison Keys,GBR,USA,,26,316959,155952,,,,,,,,,,,,,,,,,,,,,,,,,,,,,,,,,,,,,,,,,,,,,,,,,,,,,,,,,,,,,,,,,,,,,,,,,,,1-6,4-6,,"1-6,4-6",904,2026,,,,,,2,2026-07-02,,,,,,,,,,,,,,,,,,,,,,,,,,,,,,,,0,,,,,,,,,,"1-6,4-6",,,,,,,,,,,
904,2026,WIMBLEDON,Grand Slam,2026-06-29,2026-07-12,Grass,WIMBLEDON,GBR,128,30327600,USD,LS72320460,2026-07-02,2,Ashlyn Krueger,Mariam Bolkvadze,USA,GEO,,,6-1,6-0,,,329409,320592,WIMBLEDON,"The Championships, Wimbledon - Wimbledon, GBR",2026,,320592,329409,320592,329409,Ashlyn Krueger,Mariam Bolkvadze,,,Mariam Bolkvadze,Ashlyn Krueger,GEO,USA,,,329409,320592,,,,,,,,,,,,,,,,,,,,,,,,,,,,,,,,,,,,,,,,,,,,,,,,,,,,,,,,,,,,,,,,,,,,,,,,,,,1-6,0-6,,"1-6,0-6",904,2026,,,,,,2,2026-07-02,,,,,,,,,,,,,,,,,,,,,,,,,,,,,,,,0,,,,,,,,,,"1-6,0-6",,,,,,,,,,,
904,2026,WIMBLEDON,Grand Slam,2026-06-29,2026-07-12,Grass,WIMBLEDON,GBR,128,30327600,USD,LS72320420,2026-07-02,2,Marie Bouzkova,Tyra Caterina Grant,CZE,ITA,21.0,,7-5,6-3,,,320983,978809,WIMBLEDON,"The Championships, Wimbledon - Wimbledon, GBR",2026,,978809,320983,978809,320983,Marie Bouzkova,Tyra Caterina Grant,,,Tyra Caterina Grant,Marie Bouzkova,ITA,CZE,,21,320983,978809,,,,,,,,,,,,,,,,,,,,,,,,,,,,,,,,,,,,,,,,,,,,,,,,,,,,,,,,,,,,,,,,,,,,,,,,,,,5-7,3-6,,"5-7,3-6",904,2026,,,,,,2,2026-07-02,,,,,,,,,,,,,,,,,,,,,,,,,,,,,,,,0,,,,,,,,,,"5-7,3-6",,,,,,,,,,,
904,2026,WIMBLEDON,Grand Slam,2026-06-29,2026-07-12,Grass,WIMBLEDON,GBR,128,30327600,USD,LS72320422,2026-07-02,2,Liudmila Samsonova,Diana Shnaider,,,,15.0,6-4,4-6,6-2,,322222,330482,WIMBLEDON,"The Championships, Wimbledon - Wimbledon, GBR",2026,,330482,322222,330482,322222,Liudmila Samsonova,Diana Shnaider,,,Diana Shnaider,Liudmila Samsonova,,,15,,322222,330482,,,,,,,,,,,,,,,,,,,,,,,,,,,,,,,,,,,,,,,,,,,,,,,,,,,,,,,,,,,,,,,,,,,,,,,,,,,4-6,6-4,2-6,"4-6,6-4,2-6",904,2026,,,,,,3,2026-07-02,,,,,,,,,,,,,,,,,,,,,,,,,,,,,,,,0,,,,,,,,,,"4-6,6-4,2-6",,,,,,,,,,,
904,2026,WIMBLEDON,Grand Slam,2026-06-29,2026-07-12,Grass,WIMBLEDON,GBR,128,30327600,USD,LS72320462,2026-07-02,2,Daria Snigur,Leolia Jeanjean,UKR,FRA,,,6-4,6-3,,,327845,320313,WIMBLEDON,"The Championships, Wimbledon - Wimbledon, GBR",2026,,327845,320313,327845,320313,Daria Snigur,Leolia Jeanjean,,,Daria Snigur,Leolia Jeanjean,UKR,FRA,,,327845,320313,,,,,,,,,,,,,,,,,,,,,,,,,,,,,,,,,,,,,,,,,,,,,,,,,,,,,,,,,,,,,,,,,,,,,,,,,,,6-4,6-3,,"6-4,6-3",904,2026,,,,,,2,2026-07-02,,,,,,,,,,,,,,,,,,,,,,,,,,,,,,,,0,,,,,,,,,,"6-4,6-3",,,,,,,,,,,
904,2026,WIMBLEDON,Grand Slam,2026-06-29,2026-07-12,Grass,WIMBLEDON,GBR,128,30327600,USD,LS72320474,2026-07-02,2,Emma Navarro,Oksana Selekhmeteva,USA,,23.0,,3-6,6-4,6-1,,325410,329199,WIMBLEDON,"The Championships, Wimbledon - Wimbledon, GBR",2026,,325410,329199,325410,329199,Emma Navarro,Oksana Selekhmeteva,,,Emma Navarro,Oksana Selekhmeteva,USA,,23,,325410,329199,,,,,,,,,,,,,,,,,,,,,,,,,,,,,,,,,,,,,,,,,,,,,,,,,,,,,,,,,,,,,,,,,,,,,,,,,,,3-6,6-4,6-1,"3-6,6-4,6-1",904,2026,,,,,,3,2026-07-02,,,,,,,,,,,,,,,,,,,,,,,,,,,,,,,,0,,,,,,,,,,"3-6,6-4,6-1",,,,,,,,,,,
904,2026,WIMBLEDON,Grand Slam,2026-06-29,2026-07-12,Grass,WIMBLEDON,GBR,128,30327600,USD,LS72320458,2026-07-01,2,Ekaterina Alexandrova,Lanlana Tararudee,,THA,18.0,,7-5,7-5,,,319007,329651,WIMBLEDON,"The Championships, Wimbledon - Wimbledon, GBR",2026,,319007,329651,319007,329651,Ekaterina Alexandrova,Lanlana Tararudee,,,Ekaterina Alexandrova,Lanlana Tararudee,,THA,18,,319007,329651,,,,,,,,,,,,,,,,,,,,,,,,,,,,,,,,,,,,,,,,,,,,,,,,,,,,,,,,,,,,,,,,,,,,,,,,,,,7-5,7-5,,"7-5,7-5",904,2026,,,,,,2,2026-07-01,,,,,,,,,,,,,,,,,,,,,,,,,,,,,,,,0,,,,,,,,,,"7-5,7-5",,,,,,,,,,,
904,2026,WIMBLEDON,Grand Slam,2026-06-29,2026-07-12,Grass,WIMBLEDON,GBR,128,30327600,USD,LS72320454,2026-07-01,2,Belinda Bencic,Xinyu Wang,CHE,CHN,11.0,,7-5,6-0,,,319001,326376,WIMBLEDON,"The Championships, Wimbledon - Wimbledon, GBR",2026,,319001,326376,319001,326376,Belinda Bencic,Xinyu Wang,,,Belinda Bencic,Xinyu Wang,CHE,CHN,11,,319001,326376,,,,,,,,,,,,,,,,,,,,,,,,,,,,,,,,,,,,,,,,,,,,,,,,,,,,,,,,,,,,,,,,,,,,,,,,,,,7-5,6-0,,"7-5,6-0",904,2026,,,,,,2,2026-07-01,,,,,,,,,,,,,,,,,,,,,,,,,,,,,,,,0,,,,,,,,,,"7-5,6-0",,,,,,,,,,,
904,2026,WIMBLEDON,Grand Slam,2026-06-29,2026-07-12,Grass,WIMBLEDON,GBR,128,30327600,USD,LS72320456,2026-07-01,2,Iva Jovic,Tatjana Maria,USA,DEU,16.0,,6-1,6-2,,,332285,310440,WIMBLEDON,"The Championships, Wimbledon - Wimbledon, GBR",2026,,310440,332285,310440,332285,Iva Jovic,Tatjana Maria,,,Tatjana Maria,Iva Jovic,DEU,USA,,16,332285,310440,,,,,,,,,,,,,,,,,,,,,,,,,,,,,,,,,,,,,,,,,,,,,,,,,,,,,,,,,,,,,,,,,,,,,,,,,,,1-6,2-6,,"1-6,2-6",904,2026,,,,,,2,2026-07-01,,,,,,,,,,,,,,,,,,,,,,,,,,,,,,,,0,,,,,,,,,,"1-6,2-6",,,,,,,,,,,
904,2026,WIMBLEDON,Grand Slam,2026-06-29,2026-07-12,Grass,WIMBLEDON,GBR,128,30327600,USD,LS72320446,2026-07-01,2,Jessica Pegula,Sara Sorribes Tormo,USA,ESP,4.0,,7-6(6),6-1,,,316956,318872,WIMBLEDON,"The Championships, Wimbledon - Wimbledon, GBR",2026,,316956,318872,316956,318872,Jessica Pegula,Sara Sorribes Tormo,,,Jessica Pegula,Sara Sorribes Tormo,USA,ESP,4,,316956,318872,,,,,,,,,,,,,,,,,,,,,,,,,,,,,,,,,,,,,,,,,,,,,,,,,,,,,,,,,,,,,,,,,,,,,,,,,,,7-6(6),6-1,,"7-6(8),6-1",904,2026,,,,,,2,2026-07-01,,,,,,,,,,,,,,,,,,,,,,,,,,,,,,,,0,,,,8.0,6.0,,,,,"7-6(8),6-1",,,,,,,,,,,
904,2026,WIMBLEDON,Grand Slam,2026-06-29,2026-07-12,Grass,WIMBLEDON,GBR,128,30327600,USD,LS72320448,2026-07-01,2,Barbora Krejcikova,Mirra Andreeva,CZE,,,5.0,4-6,7-5,6-4,,318314,331809,WIMBLEDON,"The Championships, Wimbledon - Wimbledon, GBR",2026,,318314,331809,318314,331809,Barbora Krejcikova,Mirra Andreeva,,,Barbora Krejcikova,Mirra Andreeva,CZE,,,5,318314,331809,,,,,,,,,,,,,,,,,,,,,,,,,,,,,,,,,,,,,,,,,,,,,,,,,,,,,,,,,,,,,,,,,,,,,,,,,,,4-6,7-5,6-4,"4-6,7-5,6-4",904,2026,,,,,,3,2026-07-01,,,,,,,,,,,,,,,,,,,,,,,,,,,,,,,,0,,,,,,,,,,"4-6,7-5,6-4",,,,,,,,,,,
904,2026,WIMBLEDON,Grand Slam,2026-06-29,2026-07-12,Grass,WIMBLEDON,GBR,128,30327600,USD,LS72320450,2026-07-01,2,Nikola Bartunkova,Katerina Siniakova,CZE,CZE,,32.0,6-2,6-4,,,721779,320301,WIMBLEDON,"The Championships, Wimbledon - Wimbledon, GBR",2026,,320301,721779,320301,721779,Nikola Bartunkova,Katerina Siniakova,,,Katerina Siniakova,Nikola Bartunkova,CZE,CZE,32,,721779,320301,,,,,,,,,,,,,,,,,,,,,,,,,,,,,,,,,,,,,,,,,,,,,,,,,,,,,,,,,,,,,,,,,,,,,,,,,,,2-6,4-6,,"2-6,4-6",904,2026,,,,,,2,2026-07-01,,,,,,,,,,,,,,,,,,,,,,,,,,,,,,,,0,,,,,,,,,,"2-6,4-6",,,,,,,,,,,
904,2026,WIMBLEDON,Grand Slam,2026-06-29,2026-07-12,Grass,WIMBLEDON,GBR,128,30327600,USD,LS72320464,2026-07-01,2,Coco Gauff,Solana Sierra,USA,ARG,7.0,,6-3,3-6,7-6(7),,328560,329081,WIMBLEDON,"The Championships, Wimbledon - Wimbledon, GBR",2026,,329081,328560,329081,328560,Coco Gauff,Solana Sierra,,,Solana Sierra,Coco Gauff,ARG,USA,,7,328560,329081,,,,,,,,,,,,,,,,,,,,,,,,,,,,,,,,,,,,,,,,,,,,,,,,,,,,,,,,,,,,,,,,,,,,,,,,,,,3-6,6-3,6-7(7),"3-6,6-3,6(10)-7",904,2026,,,,,,3,2026-07-01,,,,,,,,,,,,,,,,,,,,,,,,,,,,,,,,0,,,,,,,,9.0,7.0,"3-6,6-3,6(10)-7",,,,,,,,,,,
904,2026,WIMBLEDON,Grand Slam,2026-06-29,2026-07-12,Grass,WIMBLEDON,GBR,128,30327600,USD,LS72320452,2026-07-01,2,Anna Kalinskaya,Diane Parry,,FRA,19.0,,6-4,3-6,7-6(8),,323942,327077,WIMBLEDON,"The Championships, Wimbledon - Wimbledon, GBR",2026,,327077,323942,327077,323942,Anna Kalinskaya,Diane Parry,,,Diane Parry,Anna Kalinskaya,FRA,,,19,323942,327077,,,,,,,,,,,,,,,,,,,,,,,,,,,,,,,,,,,,,,,,,,,,,,,,,,,,,,,,,,,,,,,,,,,,,,,,,,,4-6,6-3,6-7(8),"4-6,6-3,6(10)-7",904,2026,,,,,,3,2026-07-01,,,,,,,,,,,,,,,,,,,,,,,,,,,,,,,,0,,,,,,,,10.0,8.0,"4-6,6-3,6(10)-7",,,,,,,,,,,
904,2026,WIMBLEDON,Grand Slam,2026-06-29,2026-07-12,Grass,WIMBLEDON,GBR,128,30327600,USD,LS72320500,2026-07-01,2,Karolina Muchova,Shuai Zhang,CZE,CHN,10.0,,6-3,6-2,,,322191,311779,WIMBLEDON,"The Championships, Wimbledon - Wimbledon, GBR",2026,,322191,311779,322191,311779,Karolina Muchova,Shuai Zhang,,,Karolina Muchova,Shuai Zhang,CZE,CHN,10,,322191,311779,,,,,,,,,,,,,,,,,,,,,,,,,,,,,,,,,,,,,,,,,,,,,,,,,,,,,,,,,,,,,,,,,,,,,,,,,,,6-3,6-2,,"6-3,6-2",904,2026,,,,,,2,2026-07-01,,,,,,,,,,,,,,,,,,,,,,,,,,,,,,,,0,,,,,,,,,,"6-3,6-2",,,,,,,,,,,
904,2026,WIMBLEDON,Grand Slam,2026-06-29,2026-07-12,Grass,WIMBLEDON,GBR,128,30327600,USD,LS72320444,2026-07-01,2,Jessica Bouzas Maneiro,Dayana Yastremska,ESP,UKR,,,6-3,6-7(1),6-2,,328139,324261,WIMBLEDON,"The Championships, Wimbledon - Wimbledon, GBR",2026,,324261,328139,324261,328139,Jessica Bouzas Maneiro,Dayana Yastremska,,,Dayana Yastremska,Jessica Bouzas Maneiro,UKR,ESP,,,328139,324261,,,,,,,,,,,,,,,,,,,,,,,,,,,,,,,,,,,,,,,,,,,,,,,,,,,,,,,,,,,,,,,,,,,,,,,,,,,3-6,7-6(1),2-6,"3-6,7-6(7),2-6",904,2026,,,,,,3,2026-07-01,,,,,,,,,,,,,,,,,,,,,,,,,,,,,,,,0,,,,,,7.0,1.0,,,"3-6,7-6(7),2-6",,,,,,,,,,,
904,2026,WIMBLEDON,Grand Slam,2026-06-29,2026-07-12,Grass,WIMBLEDON,GBR,128,30327600,USD,LS72320494,2026-07-01,2,Aryna Sabalenka,McCartney Kessler,,USA,1.0,,6-1,7-6(9),,,320760,326678,WIMBLEDON,"The Championships, Wimbledon - Wimbledon, GBR",2026,,320760,326678,320760,326678,Aryna Sabalenka,McCartney Kessler,,,Aryna Sabalenka,McCartney Kessler,,USA,1,,320760,326678,,,,,,,,,,,,,,,,,,,,,,,,,,,,,,,,,,,,,,,,,,,,,,,,,,,,,,,,,,,,,,,,,,,,,,,,,,,6-1,7-6(9),,"6-1,7-6(11)",904,2026,,,,,,2,2026-07-01,,,,,,,,,,,,,,,,,,,,,,,,,,,,,,,,0,,,,,,11.0,9.0,,,"6-1,7-6(11)",,,,,,,,,,,
904,2026,WIMBLEDON,Grand Slam,2026-06-29,2026-07-12,Grass,WIMBLEDON,GBR,128,30327600,USD,LS72320466,2026-07-01,2,Claire Liu,Zeynep Sonmez,USA,TUR,,,7-5,6-3,,,179300,326907,WIMBLEDON,"The Championships, Wimbledon - Wimbledon, GBR",2026,,326907,179300,326907,179300,Claire Liu,Zeynep Sonmez,,,Zeynep Sonmez,Claire Liu,TUR,USA,,,179300,326907,,,,,,,,,,,,,,,,,,,,,,,,,,,,,,,,,,,,,,,,,,,,,,,,,,,,,,,,,,,,,,,,,,,,,,,,,,,5-7,3-6,,"5-7,3-6",904,2026,,,,,,2,2026-07-01,,,,,,,,,,,,,,,,,,,,,,,,,,,,,,,,0,,,,,,,,,,"5-7,3-6",,,,,,,,,,,
904,2026,WIMBLEDON,Grand Slam,2026-06-29,2026-07-12,Grass,WIMBLEDON,GBR,128,30327600,USD,LS72320492,2026-07-01,2,Jelena Ostapenko,Antonia Ruzic,LVA,HRV,,,6-2,6-0,,,319939,329505,WIMBLEDON,"The Championships, Wimbledon - Wimbledon, GBR",2026,,319939,329505,319939,329505,Jelena Ostapenko,Antonia Ruzic,,,Jelena Ostapenko,Antonia Ruzic,LVA,HRV,,,319939,329505,,,,,,,,,,,,,,,,,,,,,,,,,,,,,,,,,,,,,,,,,,,,,,,,,,,,,,,,,,,,,,,,,,,,,,,,,,,6-2,6-0,,"6-2,6-0",904,2026,,,,,,2,2026-07-01,,,,,,,,,,,,,,,,,,,,,,,,,,,,,,,,0,,,,,,,,,,"6-2,6-0",,,,,,,,,,,
904,2026,WIMBLEDON,Grand Slam,2026-06-29,2026-07-12,Grass,WIMBLEDON,GBR,128,30327600,USD,LS72320498,2026-07-01,2,Mananchaya Sawangkaew,Alycia Parks,THA,USA,,,7-5,6-0,,,326929,326007,WIMBLEDON,"The Championships, Wimbledon - Wimbledon, GBR",2026,,326007,326929,326007,326929,Mananchaya Sawangkaew,Alycia Parks,,,Alycia Parks,Mananchaya Sawangkaew,USA,THA,,,326929,326007,,,,,,,,,,,,,,,,,,,,,,,,,,,,,,,,,,,,,,,,,,,,,,,,,,,,,,,,,,,,,,,,,,,,,,,,,,,5-7,0-6,,"5-7,0-6",904,2026,,,,,,2,2026-07-01,,,,,,,,,,,,,,,,,,,,,,,,,,,,,,,,0,,,,,,,,,,"5-7,0-6",,,,,,,,,,,
904,2026,WIMBLEDON,Grand Slam,2026-06-29,2026-07-12,Grass,WIMBLEDON,GBR,128,30327600,USD,LS72320502,2026-07-01,2,Naomi Osaka,Anastasia Gasanova,JPN,,14.0,,6-3,6-2,,,319998,130624,WIMBLEDON,"The Championships, Wimbledon - Wimbledon, GBR",2026,,130624,319998,130624,319998,Naomi Osaka,Anastasia Gasanova,,,Anastasia Gasanova,Naomi Osaka,,JPN,,14,319998,130624,,,,,,,,,,,,,,,,,,,,,,,,,,,,,,,,,,,,,,,,,,,,,,,,,,,,,,,,,,,,,,,,,,,,,,,,,,,3-6,2-6,,"3-6,2-6",904,2026,,,,,,2,2026-07-01,,,,,,,,,,,,,,,,,,,,,,,,,,,,,,,,0,,,,,,,,,,"3-6,2-6",,,,,,,,,,,
904,2026,WIMBLEDON,Grand Slam,2026-06-29,2026-07-12,Grass,WIMBLEDON,GBR,128,30327600,USD,LS72320504,2026-07-01,2,Daria Kasatkina,Janice Tjen,AUS,IDN,,,6-7(5),6-1,6-4,,322082,460837,WIMBLEDON,"The Championships, Wimbledon - Wimbledon, GBR",2026,,460837,322082,460837,322082,Daria Kasatkina,Janice Tjen,,,Janice Tjen,Daria Kasatkina,IDN,AUS,,,322082,460837,,,,,,,,,,,,,,,,,,,,,,,,,,,,,,,,,,,,,,,,,,,,,,,,,,,,,,,,,,,,,,,,,,,,,,,,,,,7-6(5),1-6,4-6,"7-6(7),1-6,4-6",904,2026,,,,,,3,2026-07-01,,,,,,,,,,,,,,,,,,,,,,,,,,,,,,,,0,,,,7.0,5.0,,,,,"7-6(7),1-6,4-6",,,,,,,,,,,
904,2026,WIMBLEDON,Grand Slam,2026-06-29,2026-07-12,Grass,WIMBLEDON,GBR,128,30327600,USD,LS72362770,2026-06-30,1,Maya Joint,Serena Williams,AUS,USA,,,6-3,6-7(6),6-3,,330544,18254,WIMBLEDON,"The Championships, Wimbledon - Wimbledon, GBR",2026,,18254,330544,18254,330544,Maya Joint,Serena Williams,,,Serena Williams,Maya Joint,USA,AUS,,,330544,18254,,,,,,,,,,,,,,,,,,,,,,,,,,,,,,,,,,,,,,,,,,,,,,,,,,,,,,,,,,,,,,,,,,,,,,,,,,,3-6,7-6(6),3-6,"3-6,7-6(8),3-6",904,2026,,,,,,3,2026-06-30,,,,,,,,,,,,,,,,,,,,,,,,,,,,,,,,0,,,,,,8.0,6.0,,,"3-6,7-6(8),3-6",,,,,,,,,,,
904,2026,WIMBLEDON,Grand Slam,2026-06-29,2026-07-12,Grass,WIMBLEDON,GBR,128,30327600,USD,LS72362752,2026-06-30,1,Camila Osorio,Simona Waltert,COL,CHE,,,6-2,6-1,,,325898,325771,WIMBLEDON,"The Championships, Wimbledon - Wimbledon, GBR",2026,,325898,325771,325898,325771,Camila Osorio,Simona Waltert,,,Camila Osorio,Simona Waltert,COL,CHE,,,325898,325771,,,,,,,,,,,,,,,,,,,,,,,,,,,,,,,,,,,,,,,,,,,,,,,,,,,,,,,,,,,,,,,,,,,,,,,,,,,6-2,6-1,,"6-2,6-1",904,2026,,,,,,2,2026-06-30,,,,,,,,,,,,,,,,,,,,,,,,,,,,,,,,0,,,,,,,,,,"6-2,6-1",,,,,,,,,,,
904,2026,WIMBLEDON,Grand Slam,2026-06-29,2026-07-12,Grass,WIMBLEDON,GBR,128,30327600,USD,LS72362782,2026-06-30,1,Marta Kostyuk,Nadia Podoroska,UKR,ARG,12.0,,6-1,6-2,,,326482,319112,WIMBLEDON,"The Championships, Wimbledon - Wimbledon, GBR",2026,,319112,326482,319112,326482,Marta Kostyuk,Nadia Podoroska,,,Nadia Podoroska,Marta Kostyuk,ARG,UKR,,12,326482,319112,,,,,,,,,,,,,,,,,,,,,,,,,,,,,,,,,,,,,,,,,,,,,,,,,,,,,,,,,,,,,,,,,,,,,,,,,,,1-6,2-6,,"1-6,2-6",904,2026,,,,,,2,2026-06-30,,,,,,,,,,,,,,,,,,,,,,,,,,,,,,,,0,,,,,,,,,,"1-6,2-6",,,,,,,,,,,
904,2026,WIMBLEDON,Grand Slam,2026-06-29,2026-07-12,Grass,WIMBLEDON,GBR,128,30327600,USD,LS72362746,2026-06-30,1,Liudmila Samsonova,Polina Kudermetova,,UZB,,,6-3,6-3,,,322222,328897,WIMBLEDON,"The Championships, Wimbledon - Wimbledon, GBR",2026,,328897,322222,328897,322222,Liudmila Samsonova,Polina Kudermetova,,,Polina Kudermetova,Liudmila Samsonova,UZB,,,,322222,328897,,,,,,,,,,,,,,,,,,,,,,,,,,,,,,,,,,,,,,,,,,,,,,,,,,,,,,,,,,,,,,,,,,,,,,,,,,,3-6,3-6,,"3-6,3-6",904,2026,,,,,,2,2026-06-30,,,,,,,,,,,,,,,,,,,,,,,,,,,,,,,,0,,,,,,,,,,"3-6,3-6",,,,,,,,,,,
904,2026,WIMBLEDON,Grand Slam,2026-06-29,2026-07-12,Grass,WIMBLEDON,GBR,128,30327600,USD,LS72362748,2026-06-30,1,Diana Shnaider,Eva Lys,,DEU,15.0,,7-5,6-1,,,330482,325826,WIMBLEDON,"The Championships, Wimbledon - Wimbledon, GBR",2026,,330482,325826,330482,325826,Diana Shnaider,Eva Lys,,,Diana Shnaider,Eva Lys,,DEU,15,,330482,325826,,,,,,,,,,,,,,,,,,,,,,,,,,,,,,,,,,,,,,,,,,,,,,,,,,,,,,,,,,,,,,,,,,,,,,,,,,,7-5,6-1,,"7-5,6-1",904,2026,,,,,,2,2026-06-30,,,,,,,,,,,,,,,,,,,,,,,,,,,,,,,,0,,,,,,,,,,"7-5,6-1",,,,,,,,,,,
904,2026,WIMBLEDON,Grand Slam,2026-06-29,2026-07-12,Grass,WIMBLEDON,GBR,128,30327600,USD,LS72362750,2026-06-30,1,Linda Noskova,Ella Seidel,CZE,DEU,9.0,,6-4,6-3,,,329668,330548,WIMBLEDON,"The Championships, Wimbledon - Wimbledon, GBR",2026,,330548,329668,330548,329668,Linda Noskova,Ella Seidel,,,Ella Seidel,Linda Noskova,DEU,CZE,,9,329668,330548,,,,,,,,,,,,,,,,,,,,,,,,,,,,,,,,,,,,,,,,,,,,,,,,,,,,,,,,,,,,,,,,,,,,,,,,,,,4-6,3-6,,"4-6,3-6",904,2026,,,,,,2,2026-06-30,,,,,,,,,,,,,,,,,,,,,,,,,,,,,,,,0,,,,,,,,,,"4-6,3-6",,,,,,,,,,,
904,2026,WIMBLEDON,Grand Slam,2026-06-29,2026-07-12,Grass,WIMBLEDON,GBR,128,30327600,USD,LS72362790,2026-06-30,1,Ashlyn Krueger,Donna Vekic,USA,HRV,,31.0,3-6,7-6(3),6-4,,329409,318516,WIMBLEDON,"The Championships, Wimbledon - Wimbledon, GBR",2026,,329409,318516,329409,318516,Ashlyn Krueger,Donna Vekic,,,Ashlyn Krueger,Donna Vekic,USA,HRV,,31,329409,318516,,,,,,,,,,,,,,,,,,,,,,,,,,,,,,,,,,,,,,,,,,,,,,,,,,,,,,,,,,,,,,,,,,,,,,,,,,,3-6,7-6(3),6-4,"3-6,7-6(7),6-4",904,2026,,,,,,3,2026-06-30,,,,,,,,,,,,,,,,,,,,,,,,,,,,,,,,0,,,,,,7.0,3.0,,,"3-6,7-6(7),6-4",,,,,,,,,,,
904,2026,WIMBLEDON,Grand Slam,2026-06-29,2026-07-12,Grass,WIMBLEDON,GBR,128,30327600,USD,LS72362756,2026-06-30,1,Sorana Cirstea,Sara Bejlek,ROU,CZE,17.0,,6-1,7-6(6),,,312469,330375,WIMBLEDON,"The Championships, Wimbledon - Wimbledon, GBR",2026,,312469,330375,312469,330375,Sorana Cirstea,Sara Bejlek,,,Sorana Cirstea,Sara Bejlek,ROU,CZE,17,,312469,330375,,,,,,,,,,,,,,,,,,,,,,,,,,,,,,,,,,,,,,,,,,,,,,,,,,,,,,,,,,,,,,,,,,,,,,,,,,,6-1,7-6(6),,"6-1,7-6(8)",904,2026,,,,,,2,2026-06-30,,,,,,,,,,,,,,,,,,,,,,,,,,,,,,,,0,,,,,,8.0,6.0,,,"6-1,7-6(8)",,,,,,,,,,,
904,2026,WIMBLEDON,Grand Slam,2026-06-29,2026-07-12,Grass,WIMBLEDON,GBR,128,30327600,USD,LS72362772,2026-06-30,1,Alexandra Eala,Renata Zarazua,PHL,MEX,29.0,,6-1,6-2,,,330332,320716,WIMBLEDON,"The Championships, Wimbledon - Wimbledon, GBR",2026,,330332,320716,330332,320716,Alexandra Eala,Renata Zarazua,,,Alexandra Eala,Renata Zarazua,PHL,MEX,29,,330332,320716,,,,,,,,,,,,,,,,,,,,,,,,,,,,,,,,,,,,,,,,,,,,,,,,,,,,,,,,,,,,,,,,,,,,,,,,,,,6-1,6-2,,"6-1,6-2",904,2026,,,,,,2,2026-06-30,,,,,,,,,,,,,,,,,,,,,,,,,,,,,,,,0,,,,,,,,,,"6-1,6-2",,,,,,,,,,,
904,2026,WIMBLEDON,Grand Slam,2026-06-29,2026-07-12,Grass,WIMBLEDON,GBR,128,30327600,USD,LS72362792,2026-06-30,1,Mariam Bolkvadze,Ajla Tomljanovic,GEO,AUS,,,6-2,2-6,6-4,,320592,315232,WIMBLEDON,"The Championships, Wimbledon - Wimbledon, GBR",2026,,315232,320592,315232,320592,Mariam Bolkvadze,Ajla Tomljanovic,,,Ajla Tomljanovic,Mariam Bolkvadze,AUS,GEO,,,320592,315232,,,,,,,,,,,,,,,,,,,,,,,,,,,,,,,,,,,,,,,,,,,,,,,,,,,,,,,,,,,,,,,,,,,,,,,,,,,2-6,6-2,4-6,"2-6,6-2,4-6",904,2026,,,,,,3,2026-06-30,,,,,,,,,,,,,,,,,,,,,,,,,,,,,,,,0,,,,,,,,,,"2-6,6-2,4-6",,,,,,,,,,,
904,2026,WIMBLEDON,Grand Slam,2026-06-29,2026-07-12,Grass,WIMBLEDON,GBR,128,30327600,USD,LS72362796,2026-06-30,1,Daria Snigur,Elina Svitolina,UKR,UKR,,8.0,7-5,6-2,,,327845,316738,WIMBLEDON,"The Championships, Wimbledon - Wimbledon, GBR",2026,,316738,327845,316738,327845,Daria Snigur,Elina Svitolina,,,Elina Svitolina,Daria Snigur,UKR,UKR,8,,327845,316738,,,,,,,,,,,,,,,,,,,,,,,,,,,,,,,,,,,,,,,,,,,,,,,,,,,,,,,,,,,,,,,,,,,,,,,,,,,5-7,2-6,,"5-7,2-6",904,2026,,,,,,2,2026-06-30,,,,,,,,,,,,,,,,,,,,,,,,,,,,,,,,0,,,,,,,,,,"5-7,2-6",,,,,,,,,,,
904,2026,WIMBLEDON,Grand Slam,2026-06-29,2026-07-12,Grass,WIMBLEDON,GBR,128,30327600,USD,LS72362786,2026-06-30,1,Oksana Selekhmeteva,Sinja Kraus,,AUT,,,6-1,7-5,,,329199,327061,WIMBLEDON,"The Championships, Wimbledon - Wimbledon, GBR",2026,,329199,327061,329199,327061,Oksana Selekhmeteva,Sinja Kraus,,,Oksana Selekhmeteva,Sinja Kraus,,AUT,,,329199,327061,,,,,,,,,,,,,,,,,,,,,,,,,,,,,,,,,,,,,,,,,,,,,,,,,,,,,,,,,,,,,,,,,,,,,,,,,,,6-1,7-5,,"6-1,7-5",904,2026,,,,,,2,2026-06-30,,,,,,,,,,,,,,,,,,,,,,,,,,,,,,,,0,,,,,,,,,,"6-1,7-5",,,,,,,,,,,
904,2026,WIMBLEDON,Grand Slam,2026-06-29,2026-07-12,Grass,WIMBLEDON,GBR,128,30327600,USD,LS72362740,2026-06-30,1,Elise Mertens,Laura Siegemund,BEL,DEU,25.0,,6-2,6-4,,,317964,310926,WIMBLEDON,"The Championships, Wimbledon - Wimbledon, GBR",2026,,317964,310926,317964,310926,Elise Mertens,Laura Siegemund,,,Elise Mertens,Laura Siegemund,BEL,DEU,25,,317964,310926,,,,,,,,,,,,,,,,,,,,,,,,,,,,,,,,,,,,,,,,,,,,,,,,,,,,,,,,,,,,,,,,,,,,,,,,,,,6-2,6-4,,"6-2,6-4",904,2026,,,,,,2,2026-06-30,,,,,,,,,,,,,,,,,,,,,,,,,,,,,,,,0,,,,,,,,,,"6-2,6-4",,,,,,,,,,,
904,2026,WIMBLEDON,Grand Slam,2026-06-29,2026-07-12,Grass,WIMBLEDON,GBR,128,30327600,USD,LS72362736,2026-06-30,1,Caty McNally,Elena-Gabriela Ruse,USA,ROU,,,7-5,6-3,,,325725,320408,WIMBLEDON,"The Championships, Wimbledon - Wimbledon, GBR",2026,,320408,325725,320408,325725,Caty McNally,Elena-Gabriela Ruse,,,Elena-Gabriela Ruse,Caty McNally,ROU,USA,,,325725,320408,,,,,,,,,,,,,,,,,,,,,,,,,,,,,,,,,,,,,,,,,,,,,,,,,,,,,,,,,,,,,,,,,,,,,,,,,,,5-7,3-6,,"5-7,3-6",904,2026,,,,,,2,2026-06-30,,,,,,,,,,,,,,,,,,,,,,,,,,,,,,,,0,,,,,,,,,,"5-7,3-6",,,,,,,,,,,
904,2026,WIMBLEDON,Grand Slam,2026-06-29,2026-07-12,Grass,WIMBLEDON,GBR,128,30327600,USD,LS72362788,2026-06-30,1,Emma Navarro,Paula Badosa,USA,ESP,23.0,,4-6,6-3,7-5,,325410,320124,WIMBLEDON,"The Championships, Wimbledon - Wimbledon, GBR",2026,,325410,320124,325410,320124,Emma Navarro,Paula Badosa,,,Emma Navarro,Paula Badosa,USA,ESP,23,,325410,320124,,,,,,,,,,,,,,,,,,,,,,,,,,,,,,,,,,,,,,,,,,,,,,,,,,,,,,,,,,,,,,,,,,,,,,,,,,,4-6,6-3,7-5,"4-6,6-3,7-5",904,2026,,,,,,3,2026-06-30,,,,,,,,,,,,,,,,,,,,,,,,,,,,,,,,0,,,,,,,,,,"4-6,6-3,7-5",,,,,,,,,,,
904,2026,WIMBLEDON,Grand Slam,2026-06-29,2026-07-12,Grass,WIMBLEDON,GBR,128,30327600,USD,LS72362734,2026-06-30,1,Elena Rybakina,Lois Boisson,KAZ,FRA,2.0,,6-4,1-6,6-3,,324166,328884,WIMBLEDON,"The Championships, Wimbledon - Wimbledon, GBR",2026,,328884,324166,328884,324166,Elena Rybakina,Lois Boisson,,,Lois Boisson,Elena Rybakina,FRA,KAZ,,2,324166,328884,,,,,,,,,,,,,,,,,,,,,,,,,,,,,,,,,,,,,,,,,,,,,,,,,,,,,,,,,,,,,,,,,,,,,,,,,,,4-6,6-1,3-6,"4-6,6-1,3-6",904,2026,,,,,,3,2026-06-30,,,,,,,,,,,,,,,,,,,,,,,,,,,,,,,,0,,,,,,,,,,"4-6,6-1,3-6",,,,,,,,,,,
904,2026,WIMBLEDON,Grand Slam,2026-06-29,2026-07-12,Grass,WIMBLEDON,GBR,128,30327600,USD,LS72362784,2026-06-30,1,Anna Blinkova,Yuliia Starodubtseva,,UKR,,,6-7(3),6-4,6-1,,324267,325338,WIMBLEDON,"The Championships, Wimbledon - Wimbledon, GBR",2026,,325338,324267,325338,324267,Anna Blinkova,Yuliia Starodubtseva,,,Yuliia Starodubtseva,Anna Blinkova,UKR,,,,324267,325338,,,,,,,,,,,,,,,,,,,,,,,,,,,,,,,,,,,,,,,,,,,,,,,,,,,,,,,,,,,,,,,,,,,,,,,,,,,7-6(3),4-6,1-6,"7-6(7),4-6,1-6",904,2026,,,,,,3,2026-06-30,,,,,,,,,,,,,,,,,,,,,,,,,,,,,,,,0,,,,7.0,3.0,,,,,"7-6(7),4-6,1-6",,,,,,,,,,,
904,2026,WIMBLEDON,Grand Slam,2026-06-29,2026-07-12,Grass,WIMBLEDON,GBR,128,30327600,USD,LS72362794,2026-06-30,1,Leolia Jeanjean,Veronika Erjavec,FRA,SVN,,,6-4,4-6,7-6(6),,320313,327655,WIMBLEDON,"The Championships, Wimbledon - Wimbledon, GBR",2026,,327655,320313,327655,320313,Leolia Jeanjean,Veronika Erjavec,,,Veronika Erjavec,Leolia Jeanjean,SVN,FRA,,,320313,327655,,,,,,,,,,,,,,,,,,,,,,,,,,,,,,,,,,,,,,,,,,,,,,,,,,,,,,,,,,,,,,,,,,,,,,,,,,,4-6,6-4,6-7(6),"4-6,6-4,6(10)-7",904,2026,,,,,,3,2026-06-30,,,,,,,,,,,,,,,,,,,,,,,,,,,,,,,,0,,,,,,,,8.0,6.0,"4-6,6-4,6(10)-7",,,,,,,,,,,
904,2026,WIMBLEDON,Grand Slam,2026-06-29,2026-07-12,Grass,WIMBLEDON,GBR,128,30327600,USD,LS72362738,2026-06-30,1,Maria Timofeeva,Beatriz Haddad Maia,,BRA,,,6-3,6-2,,,328896,318176,WIMBLEDON,"The Championships, Wimbledon - Wimbledon, GBR",2026,,318176,328896,318176,328896,Maria Timofeeva,Beatriz Haddad Maia,,,Beatriz Haddad Maia,Maria Timofeeva,BRA,,,,328896,318176,,,,,,,,,,,,,,,,,,,,,,,,,,,,,,,,,,,,,,,,,,,,,,,,,,,,,,,,,,,,,,,,,,,,,,,,,,,3-6,2-6,,"3-6,2-6",904,2026,,,,,,2,2026-06-30,,,,,,,,,,,,,,,,,,,,,,,,,,,,,,,,0,,,,,,,,,,"3-6,2-6",,,,,,,,,,,
904,2026,WIMBLEDON,Grand Slam,2026-06-29,2026-07-12,Grass,WIMBLEDON,GBR,128,30327600,USD,LS72362754,2026-06-30,1,Kimberly Birrell,Alina Korneeva,AUS,,,,6-3,0-6,6-2,,320728,845268,WIMBLEDON,"The Championships, Wimbledon - Wimbledon, GBR",2026,,320728,845268,320728,845268,Kimberly Birrell,Alina Korneeva,,,Kimberly Birrell,Alina Korneeva,AUS,,,,320728,845268,,,,,,,,,,,,,,,,,,,,,,,,,,,,,,,,,,,,,,,,,,,,,,,,,,,,,,,,,,,,,,,,,,,,,,,,,,,6-3,0-6,6-2,"6-3,0-6,6-2",904,2026,,,,,,3,2026-06-30,,,,,,,,,,,,,,,,,,,,,,,,,,,,,,,,0,,,,,,,,,,"6-3,0-6,6-2",,,,,,,,,,,
904,2026,WIMBLEDON,Grand Slam,2026-06-29,2026-07-12,Grass,WIMBLEDON,GBR,128,30327600,USD,LS72362766,2026-06-30,1,Iga Swiatek,Taylor Townsend,POL,USA,3.0,,6-1,2-6,6-3,,326408,318609,WIMBLEDON,"The Championships, Wimbledon - Wimbledon, GBR",2026,,318609,326408,318609,326408,Iga Swiatek,Taylor Townsend,,,Taylor Townsend,Iga Swiatek,USA,POL,,3,326408,318609,,,,,,,,,,,,,,,,,,,,,,,,,,,,,,,,,,,,,,,,,,,,,,,,,,,,,,,,,,,,,,,,,,,,,,,,,,,1-6,6-2,3-6,"1-6,6-2,3-6",904,2026,,,,,,3,2026-06-30,,,,,,,,,,,,,,,,,,,,,,,,,,,,,,,,0,,,,,,,,,,"1-6,6-2,3-6",,,,,,,,,,,
904,2026,WIMBLEDON,Grand Slam,2026-06-29,2026-07-12,Grass,WIMBLEDON,GBR,128,30327600,USD,LS72362778,2026-06-30,1,Viktorija Golubic,Iryna Shymanovich,CHE,,,,6-2,2-6,6-1,,316296,320759,WIMBLEDON,"The Championships, Wimbledon - Wimbledon, GBR",2026,,320759,316296,320759,316296,Viktorija Golubic,Iryna Shymanovich,,,Iryna Shymanovich,Viktorija Golubic,,CHE,,,316296,320759,,,,,,,,,,,,,,,,,,,,,,,,,,,,,,,,,,,,,,,,,,,,,,,,,,,,,,,,,,,,,,,,,,,,,,,,,,,2-6,6-2,1-6,"2-6,6-2,1-6",904,2026,,,,,,3,2026-06-30,,,,,,,,,,,,,,,,,,,,,,,,,,,,,,,,0,,,,,,,,,,"2-6,6-2,1-6",,,,,,,,,,,
904,2026,WIMBLEDON,Grand Slam,2026-06-29,2026-07-12,Grass,WIMBLEDON,GBR,128,30327600,USD,LS72362742,2026-06-30,1,Marie Bouzkova,Talia Gibson,CZE,AUS,21.0,,6-1,3-6,6-2,,320983,329393,WIMBLEDON,"The Championships, Wimbledon - Wimbledon, GBR",2026,,329393,320983,329393,320983,Marie Bouzkova,Talia Gibson,,,Talia Gibson,Marie Bouzkova,AUS,CZE,,21,320983,329393,,,,,,,,,,,,,,,,,,,,,,,,,,,,,,,,,,,,,,,,,,,,,,,,,,,,,,,,,,,,,,,,,,,,,,,,,,,1-6,6-3,2-6,"1-6,6-3,2-6",904,2026,,,,,,3,2026-06-30,,,,,,,,,,,,,,,,,,,,,,,,,,,,,,,,0,,,,,,,,,,"1-6,6-3,2-6",,,,,,,,,,,
904,2026,WIMBLEDON,Grand Slam,2026-06-29,2026-07-12,Grass,WIMBLEDON,GBR,128,30327600,USD,LS72362744,2026-06-30,1,Tyra Caterina Grant,Katie Boulter,ITA,GBR,,,6-4,6-2,,,978809,319125,WIMBLEDON,"The Championships, Wimbledon - Wimbledon, GBR",2026,,319125,978809,319125,978809,Tyra Caterina Grant,Katie Boulter,,,Katie Boulter,Tyra Caterina Grant,GBR,ITA,,,978809,319125,,,,,,,,,,,,,,,,,,,,,,,,,,,,,,,,,,,,,,,,,,,,,,,,,,,,,,,,,,,,,,,,,,,,,,,,,,,4-6,2-6,,"4-6,2-6",904,2026,,,,,,2,2026-06-30,,,,,,,,,,,,,,,,,,,,,,,,,,,,,,,,0,,,,,,,,,,"4-6,2-6",,,,,,,,,,,
904,2026,WIMBLEDON,Grand Slam,2026-06-29,2026-07-12,Grass,WIMBLEDON,GBR,128,30327600,USD,LS72362758,2026-06-30,1,Madison Keys,Kayla Day,USA,USA,26.0,,6-7(5),6-4,6-3,,316959,322534,WIMBLEDON,"The Championships, Wimbledon - Wimbledon, GBR",2026,,322534,316959,322534,316959,Madison Keys,Kayla Day,,,Kayla Day,Madison Keys,USA,USA,,26,316959,322534,,,,,,,,,,,,,,,,,,,,,,,,,,,,,,,,,,,,,,,,,,,,,,,,,,,,,,,,,,,,,,,,,,,,,,,,,,,7-6(5),4-6,3-6,"7-6(7),4-6,3-6",904,2026,,,,,,3,2026-06-30,,,,,,,,,,,,,,,,,,,,,,,,,,,,,,,,0,,,,7.0,5.0,,,,,"7-6(7),4-6,3-6",,,,,,,,,,,
904,2026,WIMBLEDON,Grand Slam,2026-06-29,2026-07-12,Grass,WIMBLEDON,GBR,128,30327600,USD,LS72362760,2026-06-30,1,Katie Swan,Irina-Camelia Begu,GBR,ROU,,,6-4,6-4,,,155952,313169,WIMBLEDON,"The Championships, Wimbledon - Wimbledon, GBR",2026,,313169,155952,313169,155952,Katie Swan,Irina-Camelia Begu,,,Irina-Camelia Begu,Katie Swan,ROU,GBR,,,155952,313169,,,,,,,,,,,,,,,,,,,,,,,,,,,,,,,,,,,,,,,,,,,,,,,,,,,,,,,,,,,,,,,,,,,,,,,,,,,4-6,4-6,,"4-6,4-6",904,2026,,,,,,2,2026-06-30,,,,,,,,,,,,,,,,,,,,,,,,,,,,,,,,0,,,,,,,,,,"4-6,4-6",,,,,,,,,,,
904,2026,WIMBLEDON,Grand Slam,2026-06-29,2026-07-12,Grass,WIMBLEDON,GBR,128,30327600,USD,LS72362762,2026-06-30,1,Sofia Kenin,Petra Marcinko,USA,HRV,,,7-6(4),6-4,,,320942,330799,WIMBLEDON,"The Championships, Wimbledon - Wimbledon, GBR",2026,,330799,320942,330799,320942,Sofia Kenin,Petra Marcinko,,,Petra Marcinko,Sofia Kenin,HRV,USA,,,320942,330799,,,,,,,,,,,,,,,,,,,,,,,,,,,,,,,,,,,,,,,,,,,,,,,,,,,,,,,,,,,,,,,,,,,,,,,,,,,6-7(4),4-6,,"6(7)-7,4-6",904,2026,,,,,,2,2026-06-30,,,,,,,,,,,,,,,,,,,,,,,,,,,,,,,,0,,,,7.0,4.0,,,,,"6(7)-7,4-6",,,,,,,,,,,
904,2026,WIMBLEDON,Grand Slam,2026-06-29,2026-07-12,Grass,WIMBLEDON,GBR,128,30327600,USD,LS72362764,2026-06-30,1,Amanda Anisimova,Lina Gjorcheska,USA,MKD,6.0,,6-3,6-2,,,326384,67743,WIMBLEDON,"The Championships, Wimbledon - Wimbledon, GBR",2026,,326384,67743,326384,67743,Amanda Anisimova,Lina Gjorcheska,,,Amanda Anisimova,Lina Gjorcheska,USA,MKD,6,,326384,67743,,,,,,,,,,,,,,,,,,,,,,,,,,,,,,,,,,,,,,,,,,,,,,,,,,,,,,,,,,,,,,,,,,,,,,,,,,,6-3,6-2,,"6-3,6-2",904,2026,,,,,,2,2026-06-30,,,,,,,,,,,,,,,,,,,,,,,,,,,,,,,,0,,,,,,,,,,"6-3,6-2",,,,,,,,,,,
904,2026,WIMBLEDON,Grand Slam,2026-06-29,2026-07-12,Grass,WIMBLEDON,GBR,128,30327600,USD,LS72362768,2026-06-30,1,Karolina Pliskova,Tereza Valentova,CZE,CZE,,,6-3,6-4,,,313974,330808,WIMBLEDON,"The Championships, Wimbledon - Wimbledon, GBR",2026,,330808,313974,330808,313974,Karolina Pliskova,Tereza Valentova,,,Tereza Valentova,Karolina Pliskova,CZE,CZE,,,313974,330808,,,,,,,,,,,,,,,,,,,,,,,,,,,,,,,,,,,,,,,,,,,,,,,,,,,,,,,,,,,,,,,,,,,,,,,,,,,3-6,4-6,,"3-6,4-6",904,2026,,,,,,2,2026-06-30,,,,,,,,,,,,,,,,,,,,,,,,,,,,,,,,0,,,,,,,,,,"3-6,4-6",,,,,,,,,,,
904,2026,WIMBLEDON,Grand Slam,2026-06-29,2026-07-12,Grass,WIMBLEDON,GBR,128,30327600,USD,LS72362774,2026-06-30,1,Maria Sakkari,Clara Tauson,GRC,DNK,,24.0,6-3,6-3,,,318312,327793,WIMBLEDON,"The Championships, Wimbledon - Wimbledon, GBR",2026,,318312,327793,318312,327793,Maria Sakkari,Clara Tauson,,,Maria Sakkari,Clara Tauson,GRC,DNK,,24,318312,327793,,,,,,,,,,,,,,,,,,,,,,,,,,,,,,,,,,,,,,,,,,,,,,,,,,,,,,,,,,,,,,,,,,,,,,,,,,,6-3,6-3,,"6-3,6-3",904,2026,,,,,,2,2026-06-30,,,,,,,,,,,,,,,,,,,,,,,,,,,,,,,,0,,,,,,,,,,"6-3,6-3",,,,,,,,,,,
904,2026,WIMBLEDON,Grand Slam,2026-06-29,2026-07-12,Grass,WIMBLEDON,GBR,128,30327600,USD,LS72362776,2026-06-30,1,Kamilla Rakhimova,Anhelina Kalinina,UZB,UKR,,,4-6,6-4,7-5,,325936,320567,WIMBLEDON,"The Championships, Wimbledon - Wimbledon, GBR",2026,,320567,325936,320567,325936,Kamilla Rakhimova,Anhelina Kalinina,,,Anhelina Kalinina,Kamilla Rakhimova,UKR,UZB,,,325936,320567,,,,,,,,,,,,,,,,,,,,,,,,,,,,,,,,,,,,,,,,,,,,,,,,,,,,,,,,,,,,,,,,,,,,,,,,,,,6-4,4-6,5-7,"6-4,4-6,5-7",904,2026,,,,,,3,2026-06-30,,,,,,,,,,,,,,,,,,,,,,,,,,,,,,,,0,,,,,,,,,,"6-4,4-6,5-7",,,,,,,,,,,
904,2026,WIMBLEDON,Grand Slam,2026-06-29,2026-07-12,Grass,WIMBLEDON,GBR,128,30327600,USD,LS72362780,2026-06-30,1,Jasmine Paolini,Robin Montgomery,ITA,USA,13.0,,0-6,6-4,7-5,,319280,329408,WIMBLEDON,"The Championships, Wimbledon - Wimbledon, GBR",2026,,319280,329408,319280,329408,Jasmine Paolini,Robin Montgomery,,,Jasmine Paolini,Robin Montgomery,ITA,USA,13,,319280,329408,,,,,,,,,,,,,,,,,,,,,,,,,,,,,,,,,,,,,,,,,,,,,,,,,,,,,,,,,,,,,,,,,,,,,,,,,,,0-6,6-4,7-5,"0-6,6-4,7-5",904,2026,,,,,,3,2026-06-30,,,,,,,,,,,,,,,,,,,,,,,,,,,,,,,,0,,,,,,,,,,"0-6,6-4,7-5",,,,,,,,,,,
904,2026,WIMBLEDON,Grand Slam,2026-06-29,2026-07-12,Grass,WIMBLEDON,GBR,128,30327600,USD,LS72362808,2026-06-29,1,Diane Parry,Francesca Jones,FRA,GBR,,,6-4,6-4,,,327077,324479,WIMBLEDON,"The Championships, Wimbledon - Wimbledon, GBR",2026,,324479,327077,324479,327077,Diane Parry,Francesca Jones,,,Francesca Jones,Diane Parry,GBR,FRA,,,327077,324479,,,,,,,,,,,,,,,,,,,,,,,,,,,,,,,,,,,,,,,,,,,,,,,,,,,,,,,,,,,,,,,,,,,,,,,,,,,4-6,4-6,,"4-6,4-6",904,2026,,,,,,2,2026-06-29,,,,,,,,,,,,,,,,,,,,,,,,,,,,,,,,0,,,,,,,,,,"4-6,4-6",,,,,,,,,,,
904,2026,WIMBLEDON,Grand Slam,2026-06-29,2026-07-12,Grass,WIMBLEDON,GBR,128,30327600,USD,LS72362822,2026-06-29,1,Jessica Bouzas Maneiro,Anastasia Potapova,ESP,AUT,,27.0,6-2,6-3,,,328139,325601,WIMBLEDON,"The Championships, Wimbledon - Wimbledon, GBR",2026,,328139,325601,328139,325601,Jessica Bouzas Maneiro,Anastasia Potapova,,,Jessica Bouzas Maneiro,Anastasia Potapova,ESP,AUT,,27,328139,325601,,,,,,,,,,,,,,,,,,,,,,,,,,,,,,,,,,,,,,,,,,,,,,,,,,,,,,,,,,,,,,,,,,,,,,,,,,,6-2,6-3,,"6-2,6-3",904,2026,,,,,,2,2026-06-29,,,,,,,,,,,,,,,,,,,,,,,,,,,,,,,,0,,,,,,,,,,"6-2,6-3",,,,,,,,,,,
904,2026,WIMBLEDON,Grand Slam,2026-06-29,2026-07-12,Grass,WIMBLEDON,GBR,128,30327600,USD,LS72362848,2026-06-29,1,Anastasia Gasanova,Emiliana Arango,,COL,,,6-3,6-1,,,130624,324789,WIMBLEDON,"The Championships, Wimbledon - Wimbledon, GBR",2026,,130624,324789,130624,324789,Anastasia Gasanova,Emiliana Arango,,,Anastasia Gasanova,Emiliana Arango,,COL,,,130624,324789,,,,,,,,,,,,,,,,,,,,,,,,,,,,,,,,,,,,,,,,,,,,,,,,,,,,,,,,,,,,,,,,,,,,,,,,,,,6-3,6-1,,"6-3,6-1",904,2026,,,,,,2,2026-06-29,,,,,,,,,,,,,,,,,,,,,,,,,,,,,,,,0,,,,,,,,,,"6-3,6-1",,,,,,,,,,,
904,2026,WIMBLEDON,Grand Slam,2026-06-29,2026-07-12,Grass,WIMBLEDON,GBR,128,30327600,USD,LS72362798,2026-06-29,1,Coco Gauff,Tamara Korpatsch,USA,DEU,7.0,,6-2,6-1,,,328560,319571,WIMBLEDON,"The Championships, Wimbledon - Wimbledon, GBR",2026,,319571,328560,319571,328560,Coco Gauff,Tamara Korpatsch,,,Tamara Korpatsch,Coco Gauff,DEU,USA,,7,328560,319571,,,,,,,,,,,,,,,,,,,,,,,,,,,,,,,,,,,,,,,,,,,,,,,,,,,,,,,,,,,,,,,,,,,,,,,,,,,2-6,1-6,,"2-6,1-6",904,2026,,,,,,2,2026-06-29,,,,,,,,,,,,,,,,,,,,,,,,,,,,,,,,0,,,,,,,,,,"2-6,1-6",,,,,,,,,,,
904,2026,WIMBLEDON,Grand Slam,2026-06-29,2026-07-12,Grass,WIMBLEDON,GBR,128,30327600,USD,LS72362820,2026-06-29,1,Ekaterina Alexandrova,Panna Udvardy,,HUN,18.0,,6-4,6-2,,,319007,325956,WIMBLEDON,"The Championships, Wimbledon - Wimbledon, GBR",2026,,319007,325956,319007,325956,Ekaterina Alexandrova,Panna Udvardy,,,Ekaterina Alexandrova,Panna Udvardy,,HUN,18,,319007,325956,,,,,,,,,,,,,,,,,,,,,,,,,,,,,,,,,,,,,,,,,,,,,,,,,,,,,,,,,,,,,,,,,,,,,,,,,,,6-4,6-2,,"6-4,6-2",904,2026,,,,,,2,2026-06-29,,,,,,,,,,,,,,,,,,,,,,,,,,,,,,,,0,,,,,,,,,,"6-4,6-2",,,,,,,,,,,
904,2026,WIMBLEDON,Grand Slam,2026-06-29,2026-07-12,Grass,WIMBLEDON,GBR,128,30327600,USD,LS72362844,2026-06-29,1,Karolina Muchova,Anastasia Zakharova,CZE,,10.0,,6-3,6-2,,,322191,327367,WIMBLEDON,"The Championships, Wimbledon - Wimbledon, GBR",2026,,322191,327367,322191,327367,Karolina Muchova,Anastasia Zakharova,,,Karolina Muchova,Anastasia Zakharova,CZE,,10,,322191,327367,,,,,,,,,,,,,,,,,,,,,,,,,,,,,,,,,,,,,,,,,,,,,,,,,,,,,,,,,,,,,,,,,,,,,,,,,,,6-3,6-2,,"6-3,6-2",904,2026,,,,,,2,2026-06-29,,,,,,,,,,,,,,,,,,,,,,,,,,,,,,,,0,,,,,,,,,,"6-3,6-2",,,,,,,,,,,
904,2026,WIMBLEDON,Grand Slam,2026-06-29,2026-07-12,Grass,WIMBLEDON,GBR,128,30327600,USD,LS72362830,2026-06-29,1,Mirra Andreeva,Magda Linette,,POL,5.0,,7-5,6-4,,,331809,315130,WIMBLEDON,"The Championships, Wimbledon - Wimbledon, GBR",2026,,315130,331809,315130,331809,Mirra Andreeva,Magda Linette,,,Magda Linette,Mirra Andreeva,POL,,,5,331809,315130,,,,,,,,,,,,,,,,,,,,,,,,,,,,,,,,,,,,,,,,,,,,,,,,,,,,,,,,,,,,,,,,,,,,,,,,,,,5-7,4-6,,"5-7,4-6",904,2026,,,,,,2,2026-06-29,,,,,,,,,,,,,,,,,,,,,,,,,,,,,,,,0,,,,,,,,,,"5-7,4-6",,,,,,,,,,,
904,2026,WIMBLEDON,Grand Slam,2026-06-29,2026-07-12,Grass,WIMBLEDON,GBR,128,30327600,USD,LS72362836,2026-06-29,1,Katerina Siniakova,Qinwen Zheng,CZE,CHN,32.0,,6-4,6-4,,,320301,328120,WIMBLEDON,"The Championships, Wimbledon - Wimbledon, GBR",2026,,320301,328120,320301,328120,Katerina Siniakova,Qinwen Zheng,,,Katerina Siniakova,Qinwen Zheng,CZE,CHN,32,,320301,328120,,,,,,,,,,,,,,,,,,,,,,,,,,,,,,,,,,,,,,,,,,,,,,,,,,,,,,,,,,,,,,,,,,,,,,,,,,,6-4,6-4,,"6-4,6-4",904,2026,,,,,,2,2026-06-29,,,,,,,,,,,,,,,,,,,,,,,,,,,,,,,,0,,,,,,,,,,"6-4,6-4",,,,,,,,,,,
904,2026,WIMBLEDON,Grand Slam,2026-06-29,2026-07-12,Grass,WIMBLEDON,GBR,128,30327600,USD,LS72362800,2026-06-29,1,Solana Sierra,Anna Bondar,ARG,HUN,,,6-3,5-7,7-5,,329081,322942,WIMBLEDON,"The Championships, Wimbledon - Wimbledon, GBR",2026,,329081,322942,329081,322942,Solana Sierra,Anna Bondar,,,Solana Sierra,Anna Bondar,ARG,HUN,,,329081,322942,,,,,,,,,,,,,,,,,,,,,,,,,,,,,,,,,,,,,,,,,,,,,,,,,,,,,,,,,,,,,,,,,,,,,,,,,,,6-3,5-7,7-5,"6-3,5-7,7-5",904,2026,,,,,,3,2026-06-29,,,,,,,,,,,,,,,,,,,,,,,,,,,,,,,,0,,,,,,,,,,"6-3,5-7,7-5",,,,,,,,,,,
904,2026,WIMBLEDON,Grand Slam,2026-06-29,2026-07-12,Grass,WIMBLEDON,GBR,128,30327600,USD,LS72362824,2026-06-29,1,Dayana Yastremska,Aoi Ito,UKR,JPN,,,7-6(1),4-6,7-5,,324261,329009,WIMBLEDON,"The Championships, Wimbledon - Wimbledon, GBR",2026,,324261,329009,324261,329009,Dayana Yastremska,Aoi Ito,,,Dayana Yastremska,Aoi Ito,UKR,JPN,,,324261,329009,,,,,,,,,,,,,,,,,,,,,,,,,,,,,,,,,,,,,,,,,,,,,,,,,,,,,,,,,,,,,,,,,,,,,,,,,,,7-6(1),4-6,7-5,"7-6(7),4-6,7-5",904,2026,,,,,,3,2026-06-29,,,,,,,,,,,,,,,,,,,,,,,,,,,,,,,,0,,,,7.0,1.0,,,,,"7-6(7),4-6,7-5",,,,,,,,,,,
904,2026,WIMBLEDON,Grand Slam,2026-06-29,2026-07-12,Grass,WIMBLEDON,GBR,128,30327600,USD,LS72362858,2026-06-29,1,McCartney Kessler,Oleksandra Oliynykova,USA,UKR,,,6-0,6-0,,,326678,325729,WIMBLEDON,"The Championships, Wimbledon - Wimbledon, GBR",2026,,325729,326678,325729,326678,McCartney Kessler,Oleksandra Oliynykova,,,Oleksandra Oliynykova,McCartney Kessler,UKR,USA,,,326678,325729,,,,,,,,,,,,,,,,,,,,,,,,,,,,,,,,,,,,,,,,,,,,,,,,,,,,,,,,,,,,,,,,,,,,,,,,,,,0-6,0-6,,"0-6,0-6",904,2026,,,,,,2,2026-06-29,,,,,,,,,,,,,,,,,,,,,,,,,,,,,,,,0,,,,,,,,,,"0-6,0-6",,,,,,,,,,,
904,2026,WIMBLEDON,Grand Slam,2026-06-29,2026-07-12,Grass,WIMBLEDON,GBR,128,30327600,USD,LS72362806,2026-06-29,1,Anna Kalinskaya,Magdalena Frech,,POL,19.0,,7-6(5),6-4,,,323942,320277,WIMBLEDON,"The Championships, Wimbledon - Wimbledon, GBR",2026,,320277,323942,320277,323942,Anna Kalinskaya,Magdalena Frech,,,Magdalena Frech,Anna Kalinskaya,POL,,,19,323942,320277,,,,,,,,,,,,,,,,,,,,,,,,,,,,,,,,,,,,,,,,,,,,,,,,,,,,,,,,,,,,,,,,,,,,,,,,,,,6-7(5),4-6,,"6(7)-7,4-6",904,2026,,,,,,2,2026-06-29,,,,,,,,,,,,,,,,,,,,,,,,,,,,,,,,0,,,,7.0,5.0,,,,,"6(7)-7,4-6",,,,,,,,,,,
904,2026,WIMBLEDON,Grand Slam,2026-06-29,2026-07-12,Grass,WIMBLEDON,GBR,128,30327600,USD,LS72362860,2026-06-29,1,Aryna Sabalenka,Teodora Kostovic,,SRB,1.0,,6-2,6-3,,,320760,1020125,WIMBLEDON,"The Championships, Wimbledon - Wimbledon, GBR",2026,,320760,1020125,320760,1020125,Aryna Sabalenka,Teodora Kostovic,,,Aryna Sabalenka,Teodora Kostovic,,SRB,1,,320760,1020125,,,,,,,,,,,,,,,,,,,,,,,,,,,,,,,,,,,,,,,,,,,,,,,,,,,,,,,,,,,,,,,,,,,,,,,,,,,6-2,6-3,,"6-2,6-3",904,2026,,,,,,2,2026-06-29,,,,,,,,,,,,,,,,,,,,,,,,,,,,,,,,0,,,,,,,,,,"6-2,6-3",,,,,,,,,,,
904,2026,WIMBLEDON,Grand Slam,2026-06-29,2026-07-12,Grass,WIMBLEDON,GBR,128,30327600,USD,LS72362832,2026-06-29,1,Barbora Krejcikova,Hannah Klugman,CZE,GBR,,,6-1,6-4,,,318314,333440,WIMBLEDON,"The Championships, Wimbledon - Wimbledon, GBR",2026,,318314,333440,318314,333440,Barbora Krejcikova,Hannah Klugman,,,Barbora Krejcikova,Hannah Klugman,CZE,GBR,,,318314,333440,,,,,,,,,,,,,,,,,,,,,,,,,,,,,,,,,,,,,,,,,,,,,,,,,,,,,,,,,,,,,,,,,,,,,,,,,,,6-1,6-4,,"6-1,6-4",904,2026,,,,,,2,2026-06-29,,,,,,,,,,,,,,,,,,,,,,,,,,,,,,,,0,,,,,,,,,,"6-1,6-4",,,,,,,,,,,
904,2026,WIMBLEDON,Grand Slam,2026-06-29,2026-07-12,Grass,WIMBLEDON,GBR,128,30327600,USD,LS72362850,2026-06-29,1,Daria Kasatkina,Mingge Xu,AUS,GBR,,,6-2,3-6,6-2,,322082,331725,WIMBLEDON,"The Championships, Wimbledon - Wimbledon, GBR",2026,,331725,322082,331725,322082,Daria Kasatkina,Mingge Xu,,,Mingge Xu,Daria Kasatkina,GBR,AUS,,,322082,331725,,,,,,,,,,,,,,,,,,,,,,,,,,,,,,,,,,,,,,,,,,,,,,,,,,,,,,,,,,,,,,,,,,,,,,,,,,,2-6,6-3,2-6,"2-6,6-3,2-6",904,2026,,,,,,3,2026-06-29,,,,,,,,,,,,,,,,,,,,,,,,,,,,,,,,0,,,,,,,,,,"2-6,6-3,2-6",,,,,,,,,,,
904,2026,WIMBLEDON,Grand Slam,2026-06-29,2026-07-12,Grass,WIMBLEDON,GBR,128,30327600,USD,LS72362852,2026-06-29,1,Janice Tjen,Leylah Fernandez,IDN,CAN,,22.0,6-1,7-6(3),,,460837,326735,WIMBLEDON,"The Championships, Wimbledon - Wimbledon, GBR",2026,,326735,460837,326735,460837,Janice Tjen,Leylah Fernandez,,,Leylah Fernandez,Janice Tjen,CAN,IDN,22,,460837,326735,,,,,,,,,,,,,,,,,,,,,,,,,,,,,,,,,,,,,,,,,,,,,,,,,,,,,,,,,,,,,,,,,,,,,,,,,,,1-6,6-7(3),,"1-6,6(7)-7",904,2026,,,,,,2,2026-06-29,,,,,,,,,,,,,,,,,,,,,,,,,,,,,,,,0,,,,,,7.0,3.0,,,"1-6,6(7)-7",,,,,,,,,,,
904,2026,WIMBLEDON,Grand Slam,2026-06-29,2026-07-12,Grass,WIMBLEDON,GBR,128,30327600,USD,LS72362834,2026-06-29,1,Nikola Bartunkova,Peyton Stearns,CZE,USA,,,6-4,3-6,7-5,,721779,327573,WIMBLEDON,"The Championships, Wimbledon - Wimbledon, GBR",2026,,327573,721779,327573,721779,Nikola Bartunkova,Peyton Stearns,,,Peyton Stearns,Nikola Bartunkova,USA,CZE,,,721779,327573,,,,,,,,,,,,,,,,,,,,,,,,,,,,,,,,,,,,,,,,,,,,,,,,,,,,,,,,,,,,,,,,,,,,,,,,,,,4-6,6-3,5-7,"4-6,6-3,5-7",904,2026,,,,,,3,2026-06-29,,,,,,,,,,,,,,,,,,,,,,,,,,,,,,,,0,,,,,,,,,,"4-6,6-3,5-7",,,,,,,,,,,
904,2026,WIMBLEDON,Grand Slam,2026-06-29,2026-07-12,Grass,WIMBLEDON,GBR,128,30327600,USD,LS72362818,2026-06-29,1,Lanlana Tararudee,Lilli Tagger,THA,AUT,,,7-6(3),5-7,6-4,,329651,906723,WIMBLEDON,"The Championships, Wimbledon - Wimbledon, GBR",2026,,329651,906723,329651,906723,Lanlana Tararudee,Lilli Tagger,,,Lanlana Tararudee,Lilli Tagger,THA,AUT,,,329651,906723,,,,,,,,,,,,,,,,,,,,,,,,,,,,,,,,,,,,,,,,,,,,,,,,,,,,,,,,,,,,,,,,,,,,,,,,,,,7-6(3),5-7,6-4,"7-6(7),5-7,6-4",904,2026,,,,,,3,2026-06-29,,,,,,,,,,,,,,,,,,,,,,,,,,,,,,,,0,,,,7.0,3.0,,,,,"7-6(7),5-7,6-4",,,,,,,,,,,
904,2026,WIMBLEDON,Grand Slam,2026-06-29,2026-07-12,Grass,WIMBLEDON,GBR,128,30327600,USD,LS72362846,2026-06-29,1,Naomi Osaka,Elsa Jacquemot,JPN,FRA,14.0,,6-1,7-5,,,319998,328142,WIMBLEDON,"The Championships, Wimbledon - Wimbledon, GBR",2026,,328142,319998,328142,319998,Naomi Osaka,Elsa Jacquemot,,,Elsa Jacquemot,Naomi Osaka,FRA,JPN,,14,319998,328142,,,,,,,,,,,,,,,,,,,,,,,,,,,,,,,,,,,,,,,,,,,,,,,,,,,,,,,,,,,,,,,,,,,,,,,,,,,1-6,5-7,,"1-6,5-7",904,2026,,,,,,2,2026-06-29,,,,,,,,,,,,,,,,,,,,,,,,,,,,,,,,0,,,,,,,,,,"1-6,5-7",,,,,,,,,,,
904,2026,WIMBLEDON,Grand Slam,2026-06-29,2026-07-12,Grass,WIMBLEDON,GBR,128,30327600,USD,LS72362802,2026-06-29,1,Claire Liu,Hanne Vandewinkel,USA,BEL,,,4-6,6-3,6-4,,179300,331102,WIMBLEDON,"The Championships, Wimbledon - Wimbledon, GBR",2026,,179300,331102,179300,331102,Claire Liu,Hanne Vandewinkel,,,Claire Liu,Hanne Vandewinkel,USA,BEL,,,179300,331102,,,,,,,,,,,,,,,,,,,,,,,,,,,,,,,,,,,,,,,,,,,,,,,,,,,,,,,,,,,,,,,,,,,,,,,,,,,4-6,6-3,6-4,"4-6,6-3,6-4",904,2026,,,,,,3,2026-06-29,,,,,,,,,,,,,,,,,,,,,,,,,,,,,,,,0,,,,,,,,,,"4-6,6-3,6-4",,,,,,,,,,,
904,2026,WIMBLEDON,Grand Slam,2026-06-29,2026-07-12,Grass,WIMBLEDON,GBR,128,30327600,USD,LS72437332,2026-06-29,1,Antonia Ruzic,Darja Semenistaja,HRV,LVA,,,6-3,3-6,6-3,,329505,329457,WIMBLEDON,"The Championships, Wimbledon - Wimbledon, GBR",2026,,329505,329457,329505,329457,Antonia Ruzic,Darja Semenistaja,,,Antonia Ruzic,Darja Semenistaja,HRV,LVA,,,329505,329457,,,,,,,,,,,,,,,,,,,,,,,,,,,,,,,,,,,,,,,,,,,,,,,,,,,,,,,,,,,,,,,,,,,,,,,,,,,6-3,3-6,6-3,"6-3,3-6,6-3",904,2026,,,,,,3,2026-06-29,,,,,,,,,,,,,,,,,,,,,,,,,,,,,,,,0,,,,,,,,,,"6-3,3-6,6-3",,,,,,,,,,,
904,2026,WIMBLEDON,Grand Slam,2026-06-29,2026-07-12,Grass,WIMBLEDON,GBR,128,30327600,USD,LS72362840,2026-06-29,1,Alycia Parks,Alicia Dudeney,USA,GBR,,,6-3,6-3,,,326007,728507,WIMBLEDON,"The Championships, Wimbledon - Wimbledon, GBR",2026,,326007,728507,326007,728507,Alycia Parks,Alicia Dudeney,,,Alycia Parks,Alicia Dudeney,USA,GBR,,,326007,728507,,,,,,,,,,,,,,,,,,,,,,,,,,,,,,,,,,,,,,,,,,,,,,,,,,,,,,,,,,,,,,,,,,,,,,,,,,,6-3,6-3,,"6-3,6-3",904,2026,,,,,,2,2026-06-29,,,,,,,,,,,,,,,,,,,,,,,,,,,,,,,,0,,,,,,,,,,"6-3,6-3",,,,,,,,,,,
904,2026,WIMBLEDON,Grand Slam,2026-06-29,2026-07-12,Grass,WIMBLEDON,GBR,128,30327600,USD,LS72362842,2026-06-29,1,Shuai Zhang,Bianca Andreescu,CHN,CAN,,,7-6(3),7-6(6),,,311779,325088,WIMBLEDON,"The Championships, Wimbledon - Wimbledon, GBR",2026,,325088,311779,325088,311779,Shuai Zhang,Bianca Andreescu,,,Bianca Andreescu,Shuai Zhang,CAN,CHN,,,311779,325088,,,,,,,,,,,,,,,,,,,,,,,,,,,,,,,,,,,,,,,,,,,,,,,,,,,,,,,,,,,,,,,,,,,,,,,,,,,6-7(3),6-7(6),,"6(7)-7,6(8)-7",904,2026,,,,,,2,2026-06-29,,,,,,,,,,,,,,,,,,,,,,,,,,,,,,,,0,,,,7.0,3.0,8.0,6.0,,,"6(7)-7,6(8)-7",,,,,,,,,,,
904,2026,WIMBLEDON,Grand Slam,2026-06-29,2026-07-12,Grass,WIMBLEDON,GBR,128,30327600,USD,LS72362816,2026-06-29,1,Tatjana Maria,Yulia Putintseva,DEU,KAZ,,,6-4,6-4,,,310440,317683,WIMBLEDON,"The Championships, Wimbledon - Wimbledon, GBR",2026,,317683,310440,317683,310440,Tatjana Maria,Yulia Putintseva,,,Yulia Putintseva,Tatjana Maria,KAZ,DEU,,,310440,317683,,,,,,,,,,,,,,,,,,,,,,,,,,,,,,,,,,,,,,,,,,,,,,,,,,,,,,,,,,,,,,,,,,,,,,,,,,,4-6,4-6,,"4-6,4-6",904,2026,,,,,,2,2026-06-29,,,,,,,,,,,,,,,,,,,,,,,,,,,,,,,,0,,,,,,,,,,"4-6,4-6",,,,,,,,,,,
904,2026,WIMBLEDON,Grand Slam,2026-06-29,2026-07-12,Grass,WIMBLEDON,GBR,128,30327600,USD,LS72362856,2026-06-29,1,Jelena Ostapenko,Harriet Dart,LVA,GBR,,,6-3,3-6,6-4,,319939,319489,WIMBLEDON,"The Championships, Wimbledon - Wimbledon, GBR",2026,,319939,319489,319939,319489,Jelena Ostapenko,Harriet Dart,,,Jelena Ostapenko,Harriet Dart,LVA,GBR,,,319939,319489,,,,,,,,,,,,,,,,,,,,,,,,,,,,,,,,,,,,,,,,,,,,,,,,,,,,,,,,,,,,,,,,,,,,,,,,,,,6-3,3-6,6-4,"6-3,3-6,6-4",904,2026,,,,,,3,2026-06-29,,,,,,,,,,,,,,,,,,,,,,,,,,,,,,,,0,,,,,,,,,,"6-3,3-6,6-4",,,,,,,,,,,
904,2026,WIMBLEDON,Grand Slam,2026-06-29,2026-07-12,Grass,WIMBLEDON,GBR,128,30327600,USD,LS72362804,2026-06-29,1,Zeynep Sonmez,Ann Li,TUR,USA,,28.0,7-5,1-6,6-4,,326907,326096,WIMBLEDON,"The Championships, Wimbledon - Wimbledon, GBR",2026,,326096,326907,326096,326907,Zeynep Sonmez,Ann Li,,,Ann Li,Zeynep Sonmez,USA,TUR,28,,326907,326096,,,,,,,,,,,,,,,,,,,,,,,,,,,,,,,,,,,,,,,,,,,,,,,,,,,,,,,,,,,,,,,,,,,,,,,,,,,5-7,6-1,4-6,"5-7,6-1,4-6",904,2026,,,,,,3,2026-06-29,,,,,,,,,,,,,,,,,,,,,,,,,,,,,,,,0,,,,,,,,,,"5-7,6-1,4-6",,,,,,,,,,,
904,2026,WIMBLEDON,Grand Slam,2026-06-29,2026-07-12,Grass,WIMBLEDON,GBR,128,30327600,USD,LS72362810,2026-06-29,1,Xinyu Wang,Elisabetta Cocciaretto,CHN,ITA,,,6-3,2-6,6-2,,326376,327909,WIMBLEDON,"The Championships, Wimbledon - Wimbledon, GBR",2026,,326376,327909,326376,327909,Xinyu Wang,Elisabetta Cocciaretto,,,Xinyu Wang,Elisabetta Cocciaretto,CHN,ITA,,,326376,327909,,,,,,,,,,,,,,,,,,,,,,,,,,,,,,,,,,,,,,,,,,,,,,,,,,,,,,,,,,,,,,,,,,,,,,,,,,,6-3,2-6,6-2,"6-3,2-6,6-2",904,2026,,,,,,3,2026-06-29,,,,,,,,,,,,,,,,,,,,,,,,,,,,,,,,0,,,,,,,,,,"6-3,2-6,6-2",,,,,,,,,,,
904,2026,WIMBLEDON,Grand Slam,2026-06-29,2026-07-12,Grass,WIMBLEDON,GBR,128,30327600,USD,LS72362812,2026-06-29,1,Belinda Bencic,Mika Stojsavljevic,CHE,GBR,11.0,,6-2,6-1,,,319001,333132,WIMBLEDON,"The Championships, Wimbledon - Wimbledon, GBR",2026,,319001,333132,319001,333132,Belinda Bencic,Mika Stojsavljevic,,,Belinda Bencic,Mika Stojsavljevic,CHE,GBR,11,,319001,333132,,,,,,,,,,,,,,,,,,,,,,,,,,,,,,,,,,,,,,,,,,,,,,,,,,,,,,,,,,,,,,,,,,,,,,,,,,,6-2,6-1,,"6-2,6-1",904,2026,,,,,,2,2026-06-29,,,,,,,,,,,,,,,,,,,,,,,,,,,,,,,,0,,,,,,,,,,"6-2,6-1",,,,,,,,,,,
904,2026,WIMBLEDON,Grand Slam,2026-06-29,2026-07-12,Grass,WIMBLEDON,GBR,128,30327600,USD,LS72362814,2026-06-29,1,Iva Jovic,Jaqueline Cristian,USA,ROU,16.0,,7-6(1),6-0,,,332285,320319,WIMBLEDON,"The Championships, Wimbledon - Wimbledon, GBR",2026,,320319,332285,320319,332285,Iva Jovic,Jaqueline Cristian,,,Jaqueline Cristian,Iva Jovic,ROU,USA,,16,332285,320319,,,,,,,,,,,,,,,,,,,,,,,,,,,,,,,,,,,,,,,,,,,,,,,,,,,,,,,,,,,,,,,,,,,,,,,,,,,6-7(1),0-6,,"6(7)-7,0-6",904,2026,,,,,,2,2026-06-29,,,,,,,,,,,,,,,,,,,,,,,,,,,,,,,,0,,,,7.0,1.0,,,,,"6(7)-7,0-6",,,,,,,,,,,
904,2026,WIMBLEDON,Grand Slam,2026-06-29,2026-07-12,Grass,WIMBLEDON,GBR,128,30327600,USD,LS72362826,2026-06-29,1,Sara Sorribes Tormo,Victoria Jimenez Kasintseva,ESP,AND,,,6-2,6-3,,,318872,330352,WIMBLEDON,"The Championships, Wimbledon - Wimbledon, GBR",2026,,318872,330352,318872,330352,Sara Sorribes Tormo,Victoria Jimenez Kasintseva,,,Sara Sorribes Tormo,Victoria Jimenez Kasintseva,ESP,AND,,,318872,330352,,,,,,,,,,,,,,,,,,,,,,,,,,,,,,,,,,,,,,,,,,,,,,,,,,,,,,,,,,,,,,,,,,,,,,,,,,,6-2,6-3,,"6-2,6-3",904,2026,,,,,,2,2026-06-29,,,,,,,,,,,,,,,,,,,,,,,,,,,,,,,,0,,,,,,,,,,"6-2,6-3",,,,,,,,,,,
904,2026,WIMBLEDON,Grand Slam,2026-06-29,2026-07-12,Grass,WIMBLEDON,GBR,128,30327600,USD,LS72362828,2026-06-29,1,Jessica Pegula,Darja Vidmanova,USA,CZE,4.0,,7-5,6-3,,,316956,501894,WIMBLEDON,"The Championships, Wimbledon - Wimbledon, GBR",2026,,316956,501894,316956,501894,Jessica Pegula,Darja Vidmanova,,,Jessica Pegula,Darja Vidmanova,USA,CZE,4,,316956,501894,,,,,,,,,,,,,,,,,,,,,,,,,,,,,,,,,,,,,,,,,,,,,,,,,,,,,,,,,,,,,,,,,,,,,,,,,,,7-5,6-3,,"7-5,6-3",904,2026,,,,,,2,2026-06-29,,,,,,,,,,,,,,,,,,,,,,,,,,,,,,,,0,,,,,,,,,,"7-5,6-3",,,,,,,,,,,
904,2026,WIMBLEDON,Grand Slam,2026-06-29,2026-07-12,Grass,WIMBLEDON,GBR,128,30327600,USD,LS72362838,2026-06-29,1,Mananchaya Sawangkaew,Maja Chwalinska,THA,POL,,20.0,2-6,7-5,6-2,,326929,325639,WIMBLEDON,"The Championships, Wimbledon - Wimbledon, GBR",2026,,326929,325639,326929,325639,Mananchaya Sawangkaew,Maja Chwalinska,,,Mananchaya Sawangkaew,Maja Chwalinska,THA,POL,,20,326929,325639,,,,,,,,,,,,,,,,,,,,,,,,,,,,,,,,,,,,,,,,,,,,,,,,,,,,,,,,,,,,,,,,,,,,,,,,,,,2-6,7-5,6-2,"2-6,7-5,6-2",904,2026,,,,,,3,2026-06-29,,,,,,,,,,,,,,,,,,,,,,,,,,,,,,,,0,,,,,,,,,,"2-6,7-5,6-2",,,,,,,,,,,
904,2026,WIMBLEDON,Grand Slam,2026-06-29,2026-07-12,Grass,WIMBLEDON,GBR,128,30327600,USD,RS72324848,2026-06-25,,Lina Gjorcheska,Lucia Bronzetti,MKD,ITA,,20.0,6-1,6-2,,,67743,322280,WIMBLEDON,"The Championships, Wimbledon - Wimbledon, GBR",2026,,67743,322280,67743,322280,Lina Gjorcheska,Lucia Bronzetti,,,Lina Gjorcheska,Lucia Bronzetti,MKD,ITA,,20,67743,322280,,,,,,,,,,,,,,,,,,,,,,,,,,,,,,,,,,,,,,,,,,,,,,,,,,,,,,,,,,,,,,,,,,,,,,,,,,,6-1,6-2,,"6-1,6-2",904,2026,,,,,,2,2026-06-25,,,,,,,,,,,,,,,,,,,,,,,,,,,,,,,,0,,,,,,,,,,"6-1,6-2",,,,,,,,,,,
904,2026,WIMBLEDON,Grand Slam,2026-06-29,2026-07-12,Grass,WIMBLEDON,GBR,128,30327600,USD,RS72326280,2026-06-25,,Robin Montgomery,Marina Bassols Ribera,USA,ESP,,,3-6,6-1,6-1,,329408,183861,WIMBLEDON,"The Championships, Wimbledon - Wimbledon, GBR",2026,,183861,329408,183861,329408,Robin Montgomery,Marina Bassols Ribera,,,Marina Bassols Ribera,Robin Montgomery,ESP,USA,,,329408,183861,,,,,,,,,,,,,,,,,,,,,,,,,,,,,,,,,,,,,,,,,,,,,,,,,,,,,,,,,,,,,,,,,,,,,,,,,,,6-3,1-6,1-6,"6-3,1-6,1-6",904,2026,,,,,,3,2026-06-25,,,,,,,,,,,,,,,,,,,,,,,,,,,,,,,,0,,,,,,,,,,"6-3,1-6,1-6",,,,,,,,,,,
904,2026,WIMBLEDON,Grand Slam,2026-06-29,2026-07-12,Grass,WIMBLEDON,GBR,128,30327600,USD,RS72325132,2026-06-25,,Bianca Andreescu,Aliaksandra Sasnovich,CAN,,,15.0,6-3,7-6(4),,,325088,317790,WIMBLEDON,"The Championships, Wimbledon - Wimbledon, GBR",2026,,317790,325088,317790,325088,Bianca Andreescu,Aliaksandra Sasnovich,,,Aliaksandra Sasnovich,Bianca Andreescu,,CAN,15,,325088,317790,,,,,,,,,,,,,,,,,,,,,,,,,,,,,,,,,,,,,,,,,,,,,,,,,,,,,,,,,,,,,,,,,,,,,,,,,,,3-6,6-7(4),,"3-6,6(7)-7",904,2026,,,,,,2,2026-06-25,,,,,,,,,,,,,,,,,,,,,,,,,,,,,,,,0,,,,,,7.0,4.0,,,"3-6,6(7)-7",,,,,,,,,,,
904,2026,WIMBLEDON,Grand Slam,2026-06-29,2026-07-12,Grass,WIMBLEDON,GBR,128,30327600,USD,RS72325204,2026-06-25,,Leolia Jeanjean,Katie Volynets,FRA,USA,23.0,5.0,6-3,6-4,,,320313,327391,WIMBLEDON,"The Championships, Wimbledon - Wimbledon, GBR",2026,,327391,320313,327391,320313,Leolia Jeanjean,Katie Volynets,,,Katie Volynets,Leolia Jeanjean,USA,FRA,5,23,320313,327391,,,,,,,,,,,,,,,,,,,,,,,,,,,,,,,,,,,,,,,,,,,,,,,,,,,,,,,,,,,,,,,,,,,,,,,,,,,3-6,4-6,,"3-6,4-6",904,2026,,,,,,2,2026-06-25,,,,,,,,,,,,,,,,,,,,,,,,,,,,,,,,0,,,,,,,,,,"3-6,4-6",,,,,,,,,,,
904,2026,WIMBLEDON,Grand Slam,2026-06-29,2026-07-12,Grass,WIMBLEDON,GBR,128,30327600,USD,RS72326278,2026-06-25,,Maria Timofeeva,Heather Watson,,GBR,1.0,,3-6,6-2,6-1,,328896,316981,WIMBLEDON,"The Championships, Wimbledon - Wimbledon, GBR",2026,,328896,316981,328896,316981,Maria Timofeeva,Heather Watson,,,Maria Timofeeva,Heather Watson,,GBR,1,,328896,316981,,,,,,,,,,,,,,,,,,,,,,,,,,,,,,,,,,,,,,,,,,,,,,,,,,,,,,,,,,,,,,,,,,,,,,,,,,,3-6,6-2,6-1,"3-6,6-2,6-1",904,2026,,,,,,3,2026-06-25,,,,,,,,,,,,,,,,,,,,,,,,,,,,,,,,0,,,,,,,,,,"3-6,6-2,6-1",,,,,,,,,,,
904,2026,WIMBLEDON,Grand Slam,2026-06-29,2026-07-12,Grass,WIMBLEDON,GBR,128,30327600,USD,RS72325234,2026-06-25,,Mariam Bolkvadze,Jeline Vandromme,GEO,BEL,,,6-4,4-6,6-3,,320592,881685,WIMBLEDON,"The Championships, Wimbledon - Wimbledon, GBR",2026,,320592,881685,320592,881685,Mariam Bolkvadze,Jeline Vandromme,,,Mariam Bolkvadze,Jeline Vandromme,GEO,BEL,,,320592,881685,,,,,,,,,,,,,,,,,,,,,,,,,,,,,,,,,,,,,,,,,,,,,,,,,,,,,,,,,,,,,,,,,,,,,,,,,,,6-4,4-6,6-3,"6-4,4-6,6-3",904,2026,,,,,,3,2026-06-25,,,,,,,,,,,,,,,,,,,,,,,,,,,,,,,,0,,,,,,,,,,"6-4,4-6,6-3",,,,,,,,,,,
904,2026,WIMBLEDON,Grand Slam,2026-06-29,2026-07-12,Grass,WIMBLEDON,GBR,128,30327600,USD,RS72324874,2026-06-25,,Anastasia Gasanova,Darja Semenistaja,,LVA,,6.0,6-4,6-2,,,130624,329457,WIMBLEDON,"The Championships, Wimbledon - Wimbledon, GBR",2026,,329457,130624,329457,130624,Anastasia Gasanova,Darja Semenistaja,,,Darja Semenistaja,Anastasia Gasanova,LVA,,6,,130624,329457,,,,,,,,,,,,,,,,,,,,,,,,,,,,,,,,,,,,,,,,,,,,,,,,,,,,,,,,,,,,,,,,,,,,,,,,,,,4-6,2-6,,"4-6,2-6",904,2026,,,,,,2,2026-06-25,,,,,,,,,,,,,,,,,,,,,,,,,,,,,,,,0,,,,,,,,,,"4-6,2-6",,,,,,,,,,,
904,2026,WIMBLEDON,Grand Slam,2026-06-29,2026-07-12,Grass,WIMBLEDON,GBR,128,30327600,USD,RS72326282,2026-06-25,,Ashlyn Krueger,Polina Iatcenko,USA,,2.0,,7-6(8),6-1,,,329409,750327,WIMBLEDON,"The Championships, Wimbledon - Wimbledon, GBR",2026,,329409,750327,329409,750327,Ashlyn Krueger,Polina Iatcenko,,,Ashlyn Krueger,Polina Iatcenko,USA,,2,,329409,750327,,,,,,,,,,,,,,,,,,,,,,,,,,,,,,,,,,,,,,,,,,,,,,,,,,,,,,,,,,,,,,,,,,,,,,,,,,,7-6(8),6-1,,"7-6(10),6-1",904,2026,,,,,,2,2026-06-25,,,,,,,,,,,,,,,,,,,,,,,,,,,,,,,,0,,,,10.0,8.0,,,,,"7-6(10),6-1",,,,,,,,,,,
904,2026,WIMBLEDON,Grand Slam,2026-06-29,2026-07-12,Grass,WIMBLEDON,GBR,128,30327600,USD,RS72325142,2026-06-25,,Teodora Kostovic,Lin Zhu,SRB,CHN,,30.0,6-3,6-4,,,1020125,317306,WIMBLEDON,"The Championships, Wimbledon - Wimbledon, GBR",2026,,1020125,317306,1020125,317306,Teodora Kostovic,Lin Zhu,,,Teodora Kostovic,Lin Zhu,SRB,CHN,,30,1020125,317306,,,,,,,,,,,,,,,,,,,,,,,,,,,,,,,,,,,,,,,,,,,,,,,,,,,,,,,,,,,,,,,,,,,,,,,,,,,6-3,6-4,,"6-3,6-4",904,2026,,,,,,2,2026-06-25,,,,,,,,,,,,,,,,,,,,,,,,,,,,,,,,0,,,,,,,,,,"6-3,6-4",,,,,,,,,,,
904,2026,WIMBLEDON,Grand Slam,2026-06-29,2026-07-12,Grass,WIMBLEDON,GBR,128,30327600,USD,RS72326436,2026-06-25,,Polina Kudermetova,Alina Charaeva,UZB,ARM,11.0,22.0,4-6,6-4,6-1,,328897,341216,WIMBLEDON,"The Championships, Wimbledon - Wimbledon, GBR",2026,,328897,341216,328897,341216,Polina Kudermetova,Alina Charaeva,,,Polina Kudermetova,Alina Charaeva,UZB,ARM,11,22,328897,341216,,,,,,,,,,,,,,,,,,,,,,,,,,,,,,,,,,,,,,,,,,,,,,,,,,,,,,,,,,,,,,,,,,,,,,,,,,,4-6,6-4,6-1,"4-6,6-4,6-1",904,2026,,,,,,3,2026-06-25,,,,,,,,,,,,,,,,,,,,,,,,,,,,,,,,0,,,,,,,,,,"4-6,6-4,6-1",,,,,,,,,,,
904,2026,WIMBLEDON,Grand Slam,2026-06-29,2026-07-12,Grass,WIMBLEDON,GBR,128,30327600,USD,RS72324382,2026-06-25,,Claire Liu,Elena Pridankina,USA,,,,6-2,4-6,6-1,,179300,330905,WIMBLEDON,"The Championships, Wimbledon - Wimbledon, GBR",2026,,179300,330905,179300,330905,Claire Liu,Elena Pridankina,,,Claire Liu,Elena Pridankina,USA,,,,179300,330905,,,,,,,,,,,,,,,,,,,,,,,,,,,,,,,,,,,,,,,,,,,,,,,,,,,,,,,,,,,,,,,,,,,,,,,,,,,6-2,4-6,6-1,"6-2,4-6,6-1",904,2026,,,,,,3,2026-06-25,,,,,,,,,,,,,,,,,,,,,,,,,,,,,,,,0,,,,,,,,,,"6-2,4-6,6-1",,,,,,,,,,,
904,2026,WIMBLEDON,Grand Slam,2026-06-29,2026-07-12,Grass,WIMBLEDON,GBR,128,30327600,USD,RS72324500,2026-06-25,,Alina Korneeva,Fiona Crawley,,USA,3.0,,6-2,6-0,,,845268,378226,WIMBLEDON,"The Championships, Wimbledon - Wimbledon, GBR",2026,,845268,378226,845268,378226,Alina Korneeva,Fiona Crawley,,,Alina Korneeva,Fiona Crawley,,USA,3,,845268,378226,,,,,,,,,,,,,,,,,,,,,,,,,,,,,,,,,,,,,,,,,,,,,,,,,,,,,,,,,,,,,,,,,,,,,,,,,,,6-2,6-0,,"6-2,6-0",904,2026,,,,,,2,2026-06-25,,,,,,,,,,,,,,,,,,,,,,,,,,,,,,,,0,,,,,,,,,,"6-2,6-0",,,,,,,,,,,
904,2026,WIMBLEDON,Grand Slam,2026-06-29,2026-07-12,Grass,WIMBLEDON,GBR,128,30327600,USD,RS72324556,2026-06-25,,Kayla Day,Katarzyna Kawa,USA,POL,32.0,14.0,6-2,7-5,,,322534,315806,WIMBLEDON,"The Championships, Wimbledon - Wimbledon, GBR",2026,,315806,322534,315806,322534,Kayla Day,Katarzyna Kawa,,,Katarzyna Kawa,Kayla Day,POL,USA,14,32,322534,315806,,,,,,,,,,,,,,,,,,,,,,,,,,,,,,,,,,,,,,,,,,,,,,,,,,,,,,,,,,,,,,,,,,,,,,,,,,,2-6,5-7,,"2-6,5-7",904,2026,,,,,,2,2026-06-25,,,,,,,,,,,,,,,,,,,,,,,,,,,,,,,,0,,,,,,,,,,"2-6,5-7",,,,,,,,,,,
904,2026,WIMBLEDON,Grand Slam,2026-06-29,2026-07-12,Grass,WIMBLEDON,GBR,128,30327600,USD,RS72323094,2026-06-25,,Tyra Caterina Grant,Harmony Tan,ITA,FRA,,,6-4,7-6(5),,,978809,320016,WIMBLEDON,"The Championships, Wimbledon - Wimbledon, GBR",2026,,320016,978809,320016,978809,Tyra Caterina Grant,Harmony Tan,,,Harmony Tan,Tyra Caterina Grant,FRA,ITA,,,978809,320016,,,,,,,,,,,,,,,,,,,,,,,,,,,,,,,,,,,,,,,,,,,,,,,,,,,,,,,,,,,,,,,,,,,,,,,,,,,4-6,6-7(5),,"4-6,6(7)-7",904,2026,,,,,,2,2026-06-25,,,,,,,,,,,,,,,,,,,,,,,,,,,,,,,,0,,,,,,7.0,5.0,,,"4-6,6(7)-7",,,,,,,,,,,
904,2026,WIMBLEDON,Grand Slam,2026-06-29,2026-07-12,Grass,WIMBLEDON,GBR,128,30327600,USD,RS72323132,2026-06-25,,Mananchaya Sawangkaew,Oceane Dodin,THA,FRA,,,5-7,7-5,6-1,,326929,319436,WIMBLEDON,"The Championships, Wimbledon - Wimbledon, GBR",2026,,319436,326929,319436,326929,Mananchaya Sawangkaew,Oceane Dodin,,,Oceane Dodin,Mananchaya Sawangkaew,FRA,THA,,,326929,319436,,,,,,,,,,,,,,,,,,,,,,,,,,,,,,,,,,,,,,,,,,,,,,,,,,,,,,,,,,,,,,,,,,,,,,,,,,,7-5,5-7,1-6,"7-5,5-7,1-6",904,2026,,,,,,3,2026-06-25,,,,,,,,,,,,,,,,,,,,,,,,,,,,,,,,0,,,,,,,,,,"7-5,5-7,1-6",,,,,,,,,,,
904,2026,WIMBLEDON,Grand Slam,2026-06-29,2026-07-12,Grass,WIMBLEDON,GBR,128,30327600,USD,RS72323564,2026-06-25,,Iryna Shymanovich,Katherine Sebov,,CAN,,,4-6,6-3,7-6(5),,320759,128638,WIMBLEDON,"The Championships, Wimbledon - Wimbledon, GBR",2026,,320759,128638,320759,128638,Iryna Shymanovich,Katherine Sebov,,,Iryna Shymanovich,Katherine Sebov,,CAN,,,320759,128638,,,,,,,,,,,,,,,,,,,,,,,,,,,,,,,,,,,,,,,,,,,,,,,,,,,,,,,,,,,,,,,,,,,,,,,,,,,4-6,6-3,7-6(5),"4-6,6-3,7-6(10)",904,2026,,,,,,3,2026-06-25,,,,,,,,,,,,,,,,,,,,,,,,,,,,,,,,0,,,,,,,,7.0,5.0,"4-6,6-3,7-6(10)",,,,,,,,,,,
904,2026,WIMBLEDON,Grand Slam,2026-06-29,2026-07-12,Grass,WIMBLEDON,GBR,128,30327600,USD,RS72306006,2026-06-24,,Polina Iatcenko,Zhuoxuan Bai,,CHN,,,7-6(7),6-2,,,750327,327196,WIMBLEDON,"The Championships, Wimbledon - Wimbledon, GBR",2026,,750327,327196,750327,327196,Polina Iatcenko,Zhuoxuan Bai,,,Polina Iatcenko,Zhuoxuan Bai,,CHN,,,750327,327196,,,,,,,,,,,,,,,,,,,,,,,,,,,,,,,,,,,,,,,,,,,,,,,,,,,,,,,,,,,,,,,,,,,,,,,,,,,7-6(7),6-2,,"7-6(9),6-2",904,2026,,,,,,2,2026-06-24,,,,,,,,,,,,,,,,,,,,,,,,,,,,,,,,0,,,,9.0,7.0,,,,,"7-6(9),6-2",,,,,,,,,,,
904,2026,WIMBLEDON,Grand Slam,2026-06-29,2026-07-12,Grass,WIMBLEDON,GBR,128,30327600,USD,RS72307352,2026-06-24,,Mariam Bolkvadze,Hayu Kinoshita,GEO,JPN,,,6-3,6-2,,,320592,870979,WIMBLEDON,"The Championships, Wimbledon - Wimbledon, GBR",2026,,320592,870979,320592,870979,Mariam Bolkvadze,Hayu Kinoshita,,,Mariam Bolkvadze,Hayu Kinoshita,GEO,JPN,,,320592,870979,,,,,,,,,,,,,,,,,,,,,,,,,,,,,,,,,,,,,,,,,,,,,,,,,,,,,,,,,,,,,,,,,,,,,,,,,,,6-3,6-2,,"6-3,6-2",904,2026,,,,,,2,2026-06-24,,,,,,,,,,,,,,,,,,,,,,,,,,,,,,,,0,,,,,,,,,,"6-3,6-2",,,,,,,,,,,
904,2026,WIMBLEDON,Grand Slam,2026-06-29,2026-07-12,Grass,WIMBLEDON,GBR,128,30327600,USD,RS72307158,2026-06-24,,Maria Timofeeva,Veronika Podrez,,UKR,1.0,,6-4,6-2,,,328896,835864,WIMBLEDON,"The Championships, Wimbledon - Wimbledon, GBR",2026,,328896,835864,328896,835864,Maria Timofeeva,Veronika Podrez,,,Maria Timofeeva,Veronika Podrez,,UKR,1,,328896,835864,,,,,,,,,,,,,,,,,,,,,,,,,,,,,,,,,,,,,,,,,,,,,,,,,,,,,,,,,,,,,,,,,,,,,,,,,,,6-4,6-2,,"6-4,6-2",904,2026,,,,,,2,2026-06-24,,,,,,,,,,,,,,,,,,,,,,,,,,,,,,,,0,,,,,,,,,,"6-4,6-2",,,,,,,,,,,
904,2026,WIMBLEDON,Grand Slam,2026-06-29,2026-07-12,Grass,WIMBLEDON,GBR,128,30327600,USD,RS72306694,2026-06-24,,Alina Charaeva,Caroline Werner,ARM,DEU,22.0,,5-7,6-4,6-0,,341216,47969,WIMBLEDON,"The Championships, Wimbledon - Wimbledon, GBR",2026,,47969,341216,47969,341216,Alina Charaeva,Caroline Werner,,,Caroline Werner,Alina Charaeva,DEU,ARM,,22,341216,47969,,,,,,,,,,,,,,,,,,,,,,,,,,,,,,,,,,,,,,,,,,,,,,,,,,,,,,,,,,,,,,,,,,,,,,,,,,,7-5,4-6,0-6,"7-5,4-6,0-6",904,2026,,,,,,3,2026-06-24,,,,,,,,,,,,,,,,,,,,,,,,,,,,,,,,0,,,,,,,,,,"7-5,4-6,0-6",,,,,,,,,,,
904,2026,WIMBLEDON,Grand Slam,2026-06-29,2026-07-12,Grass,WIMBLEDON,GBR,128,30327600,USD,RS72307074,2026-06-24,,Polina Kudermetova,Clervie Ngounoue,UZB,USA,11.0,,6-1,6-2,,,328897,789688,WIMBLEDON,"The Championships, Wimbledon - Wimbledon, GBR",2026,,328897,789688,328897,789688,Polina Kudermetova,Clervie Ngounoue,,,Polina Kudermetova,Clervie Ngounoue,UZB,USA,11,,328897,789688,,,,,,,,,,,,,,,,,,,,,,,,,,,,,,,,,,,,,,,,,,,,,,,,,,,,,,,,,,,,,,,,,,,,,,,,,,,6-1,6-2,,"6-1,6-2",904,2026,,,,,,2,2026-06-24,,,,,,,,,,,,,,,,,,,,,,,,,,,,,,,,0,,,,,,,,,,"6-1,6-2",,,,,,,,,,,
904,2026,WIMBLEDON,Grand Slam,2026-06-29,2026-07-12,Grass,WIMBLEDON,GBR,128,30327600,USD,RS72307312,2026-06-24,,Marina Bassols Ribera,Xiyu Wang,ESP,CHN,,4.0,3-6,6-1,4-0,,183861,326160,WIMBLEDON,"The Championships, Wimbledon - Wimbledon, GBR",2026,,326160,183861,326160,183861,Marina Bassols Ribera,Xiyu Wang,,,Xiyu Wang,Marina Bassols Ribera,CHN,ESP,4,,183861,326160,,,,,,,,,,,,,,,,,,,,,,,,,,,,,,,,,,,,,,,,,,,,,,,,,,,,,,,,,,,,,,,,,,,,,,,,,,,6-3,1-6,0-4,"6-3,1-6,0-4",904,2026,,,,,,3,2026-06-24,,,,,,,,,,,,,,,,,,,,,,,,,,,,,,,,0,,,,,,,,,,"6-3,1-6,0-4",,,,,,,,,,,
904,2026,WIMBLEDON,Grand Slam,2026-06-29,2026-07-12,Grass,WIMBLEDON,GBR,128,30327600,USD,RS72307800,2026-06-24,,Robin Montgomery,Elvina Kalieva,USA,USA,,31.0,6-2,6-2,,,329408,380396,WIMBLEDON,"The Championships, Wimbledon - Wimbledon, GBR",2026,,329408,380396,329408,380396,Robin Montgomery,Elvina Kalieva,,,Robin Montgomery,Elvina Kalieva,USA,USA,,31,329408,380396,,,,,,,,,,,,,,,,,,,,,,,,,,,,,,,,,,,,,,,,,,,,,,,,,,,,,,,,,,,,,,,,,,,,,,,,,,,6-2,6-2,,"6-2,6-2",904,2026,,,,,,2,2026-06-24,,,,,,,,,,,,,,,,,,,,,,,,,,,,,,,,0,,,,,,,,,,"6-2,6-2",,,,,,,,,,,
904,2026,WIMBLEDON,Grand Slam,2026-06-29,2026-07-12,Grass,WIMBLEDON,GBR,128,30327600,USD,RS72307784,2026-06-24,,Jeline Vandromme,Maria Carle,BEL,ARG,,,6-7(1),6-4,6-3,,881685,322638,WIMBLEDON,"The Championships, Wimbledon - Wimbledon, GBR",2026,,322638,881685,322638,881685,Jeline Vandromme,Maria Carle,,,Maria Carle,Jeline Vandromme,ARG,BEL,,,881685,322638,,,,,,,,,,,,,,,,,,,,,,,,,,,,,,,,,,,,,,,,,,,,,,,,,,,,,,,,,,,,,,,,,,,,,,,,,,,7-6(1),4-6,3-6,"7-6(7),4-6,3-6",904,2026,,,,,,3,2026-06-24,,,,,,,,,,,,,,,,,,,,,,,,,,,,,,,,0,,,,7.0,1.0,,,,,"7-6(7),4-6,3-6",,,,,,,,,,,
904,2026,WIMBLEDON,Grand Slam,2026-06-29,2026-07-12,Grass,WIMBLEDON,GBR,128,30327600,USD,RS72307082,2026-06-24,,Heather Watson,Tatiana Prozorova,GBR,,,,5-7,6-3,7-5,,316981,330723,WIMBLEDON,"The Championships, Wimbledon - Wimbledon, GBR",2026,,330723,316981,330723,316981,Heather Watson,Tatiana Prozorova,,,Tatiana Prozorova,Heather Watson,,GBR,,,316981,330723,,,,,,,,,,,,,,,,,,,,,,,,,,,,,,,,,,,,,,,,,,,,,,,,,,,,,,,,,,,,,,,,,,,,,,,,,,,7-5,3-6,5-7,"7-5,3-6,5-7",904,2026,,,,,,3,2026-06-24,,,,,,,,,,,,,,,,,,,,,,,,,,,,,,,,0,,,,,,,,,,"7-5,3-6,5-7",,,,,,,,,,,
904,2026,WIMBLEDON,Grand Slam,2026-06-29,2026-07-12,Grass,WIMBLEDON,GBR,128,30327600,USD,RS72307086,2026-06-24,,Teodora Kostovic,Rebecca Sramkova,SRB,SVK,,16.0,4-6,7-6(4),6-4,,1020125,320228,WIMBLEDON,"The Championships, Wimbledon - Wimbledon, GBR",2026,,320228,1020125,320228,1020125,Teodora Kostovic,Rebecca Sramkova,,,Rebecca Sramkova,Teodora Kostovic,SVK,SRB,16,,1020125,320228,,,,,,,,,,,,,,,,,,,,,,,,,,,,,,,,,,,,,,,,,,,,,,,,,,,,,,,,,,,,,,,,,,,,,,,,,,,6-4,6-7(4),4-6,"6-4,6(7)-7,4-6",904,2026,,,,,,3,2026-06-24,,,,,,,,,,,,,,,,,,,,,,,,,,,,,,,,0,,,,,,7.0,4.0,,,"6-4,6(7)-7,4-6",,,,,,,,,,,
904,2026,WIMBLEDON,Grand Slam,2026-06-29,2026-07-12,Grass,WIMBLEDON,GBR,128,30327600,USD,RS72306508,2026-06-24,,Bianca Andreescu,Jil Teichmann,CAN,CHE,,24.0,6-7(4),6-1,6-4,,325088,320926,WIMBLEDON,"The Championships, Wimbledon - Wimbledon, GBR",2026,,325088,320926,325088,320926,Bianca Andreescu,Jil Teichmann,,,Bianca Andreescu,Jil Teichmann,CAN,CHE,,24,325088,320926,,,,,,,,,,,,,,,,,,,,,,,,,,,,,,,,,,,,,,,,,,,,,,,,,,,,,,,,,,,,,,,,,,,,,,,,,,,6-7(4),6-1,6-4,"6(7)-7,6-1,6-4",904,2026,,,,,,3,2026-06-24,,,,,,,,,,,,,,,,,,,,,,,,,,,,,,,,0,,,,7.0,4.0,,,,,"6(7)-7,6-1,6-4",,,,,,,,,,,
904,2026,WIMBLEDON,Grand Slam,2026-06-29,2026-07-12,Grass,WIMBLEDON,GBR,128,30327600,USD,RS72306996,2026-06-24,,Ashlyn Krueger,Mai Hontama,USA,JPN,2.0,,6-3,5-7,6-3,,329409,324750,WIMBLEDON,"The Championships, Wimbledon - Wimbledon, GBR",2026,,329409,324750,329409,324750,Ashlyn Krueger,Mai Hontama,,,Ashlyn Krueger,Mai Hontama,USA,JPN,2,,329409,324750,,,,,,,,,,,,,,,,,,,,,,,,,,,,,,,,,,,,,,,,,,,,,,,,,,,,,,,,,,,,,,,,,,,,,,,,,,,6-3,5-7,6-3,"6-3,5-7,6-3",904,2026,,,,,,3,2026-06-24,,,,,,,,,,,,,,,,,,,,,,,,,,,,,,,,0,,,,,,,,,,"6-3,5-7,6-3",,,,,,,,,,,
904,2026,WIMBLEDON,Grand Slam,2026-06-29,2026-07-12,Grass,WIMBLEDON,GBR,128,30327600,USD,RS72306008,2026-06-24,,Darja Semenistaja,Nao Hibino,LVA,JPN,6.0,,6-4,1-6,6-2,,329457,320238,WIMBLEDON,"The Championships, Wimbledon - Wimbledon, GBR",2026,,329457,320238,329457,320238,Darja Semenistaja,Nao Hibino,,,Darja Semenistaja,Nao Hibino,LVA,JPN,6,,329457,320238,,,,,,,,,,,,,,,,,,,,,,,,,,,,,,,,,,,,,,,,,,,,,,,,,,,,,,,,,,,,,,,,,,,,,,,,,,,6-4,1-6,6-2,"6-4,1-6,6-2",904,2026,,,,,,3,2026-06-24,,,,,,,,,,,,,,,,,,,,,,,,,,,,,,,,0,,,,,,,,,,"6-4,1-6,6-2",,,,,,,,,,,
904,2026,WIMBLEDON,Grand Slam,2026-06-29,2026-07-12,Grass,WIMBLEDON,GBR,128,30327600,USD,RS72306518,2026-06-24,,Katie Volynets,Elizara Yaneva,USA,BGR,5.0,,6-1,6-4,,,327391,942037,WIMBLEDON,"The Championships, Wimbledon - Wimbledon, GBR",2026,,327391,942037,327391,942037,Katie Volynets,Elizara Yaneva,,,Katie Volynets,Elizara Yaneva,USA,BGR,5,,327391,942037,,,,,,,,,,,,,,,,,,,,,,,,,,,,,,,,,,,,,,,,,,,,,,,,,,,,,,,,,,,,,,,,,,,,,,,,,,,6-1,6-4,,"6-1,6-4",904,2026,,,,,,2,2026-06-24,,,,,,,,,,,,,,,,,,,,,,,,,,,,,,,,0,,,,,,,,,,"6-1,6-4",,,,,,,,,,,
904,2026,WIMBLEDON,Grand Slam,2026-06-29,2026-07-12,Grass,WIMBLEDON,GBR,128,30327600,USD,RS72306990,2026-06-24,,Aliaksandra Sasnovich,Storm Hunter,,AUS,15.0,,5-7,6-1,7-5,,317790,317810,WIMBLEDON,"The Championships, Wimbledon - Wimbledon, GBR",2026,,317790,317810,317790,317810,Aliaksandra Sasnovich,Storm Hunter,,,Aliaksandra Sasnovich,Storm Hunter,,AUS,15,,317790,317810,,,,,,,,,,,,,,,,,,,,,,,,,,,,,,,,,,,,,,,,,,,,,,,,,,,,,,,,,,,,,,,,,,,,,,,,,,,5-7,6-1,7-5,"5-7,6-1,7-5",904,2026,,,,,,3,2026-06-24,,,,,,,,,,,,,,,,,,,,,,,,,,,,,,,,0,,,,,,,,,,"5-7,6-1,7-5",,,,,,,,,,,
904,2026,WIMBLEDON,Grand Slam,2026-06-29,2026-07-12,Grass,WIMBLEDON,GBR,128,30327600,USD,RS72307194,2026-06-24,,Leolia Jeanjean,Ekaterine Gorgodze,FRA,GEO,23.0,,6-3,6-2,,,320313,48486,WIMBLEDON,"The Championships, Wimbledon - Wimbledon, GBR",2026,,48486,320313,48486,320313,Leolia Jeanjean,Ekaterine Gorgodze,,,Ekaterine Gorgodze,Leolia Jeanjean,GEO,FRA,,23,320313,48486,,,,,,,,,,,,,,,,,,,,,,,,,,,,,,,,,,,,,,,,,,,,,,,,,,,,,,,,,,,,,,,,,,,,,,,,,,,3-6,2-6,,"3-6,2-6",904,2026,,,,,,2,2026-06-24,,,,,,,,,,,,,,,,,,,,,,,,,,,,,,,,0,,,,,,,,,,"3-6,2-6",,,,,,,,,,,
904,2026,WIMBLEDON,Grand Slam,2026-06-29,2026-07-12,Grass,WIMBLEDON,GBR,128,30327600,USD,RS72305756,2026-06-24,,Lucia Bronzetti,Justina Mikulskyte,ITA,LTU,20.0,,6-3,6-3,,,322280,323677,WIMBLEDON,"The Championships, Wimbledon - Wimbledon, GBR",2026,,323677,322280,323677,322280,Lucia Bronzetti,Justina Mikulskyte,,,Justina Mikulskyte,Lucia Bronzetti,LTU,ITA,,20,322280,323677,,,,,,,,,,,,,,,,,,,,,,,,,,,,,,,,,,,,,,,,,,,,,,,,,,,,,,,,,,,,,,,,,,,,,,,,,,,3-6,3-6,,"3-6,3-6",904,2026,,,,,,2,2026-06-24,,,,,,,,,,,,,,,,,,,,,,,,,,,,,,,,0,,,,,,,,,,"3-6,3-6",,,,,,,,,,,
904,2026,WIMBLEDON,Grand Slam,2026-06-29,2026-07-12,Grass,WIMBLEDON,GBR,128,30327600,USD,RS72307948,2026-06-24,,Lin Zhu,Tiantsoa Sarah Rakotomanga Rajaonah,CHN,FRA,30.0,,6-2,6-3,,,317306,330970,WIMBLEDON,"The Championships, Wimbledon - Wimbledon, GBR",2026,,330970,317306,330970,317306,Lin Zhu,Tiantsoa Sarah Rakotomanga Rajaonah,,,Tiantsoa Sarah Rakotomanga Rajaonah,Lin Zhu,FRA,CHN,,30,317306,330970,,,,,,,,,,,,,,,,,,,,,,,,,,,,,,,,,,,,,,,,,,,,,,,,,,,,,,,,,,,,,,,,,,,,,,,,,,,2-6,3-6,,"2-6,3-6",904,2026,,,,,,2,2026-06-24,,,,,,,,,,,,,,,,,,,,,,,,,,,,,,,,0,,,,,,,,,,"2-6,3-6",,,,,,,,,,,
904,2026,WIMBLEDON,Grand Slam,2026-06-29,2026-07-12,Grass,WIMBLEDON,GBR,128,30327600,USD,RS72304180,2026-06-24,,Lina Gjorcheska,Francisca Jorge,MKD,PRT,,,5-7,6-2,6-1,,67743,210558,WIMBLEDON,"The Championships, Wimbledon - Wimbledon, GBR",2026,,210558,67743,210558,67743,Lina Gjorcheska,Francisca Jorge,,,Francisca Jorge,Lina Gjorcheska,PRT,MKD,,,67743,210558,,,,,,,,,,,,,,,,,,,,,,,,,,,,,,,,,,,,,,,,,,,,,,,,,,,,,,,,,,,,,,,,,,,,,,,,,,,7-5,2-6,1-6,"7-5,2-6,1-6",904,2026,,,,,,3,2026-06-24,,,,,,,,,,,,,,,,,,,,,,,,,,,,,,,,0,,,,,,,,,,"7-5,2-6,1-6",,,,,,,,,,,
904,2026,WIMBLEDON,Grand Slam,2026-06-29,2026-07-12,Grass,WIMBLEDON,GBR,128,30327600,USD,RS72306264,2026-06-24,,Anastasia Gasanova,Emerson Jones,,AUS,,29.0,5-7,6-4,6-3,,130624,978117,WIMBLEDON,"The Championships, Wimbledon - Wimbledon, GBR",2026,,130624,978117,130624,978117,Anastasia Gasanova,Emerson Jones,,,Anastasia Gasanova,Emerson Jones,,AUS,,29,130624,978117,,,,,,,,,,,,,,,,,,,,,,,,,,,,,,,,,,,,,,,,,,,,,,,,,,,,,,,,,,,,,,,,,,,,,,,,,,,5-7,6-4,6-3,"5-7,6-4,6-3",904,2026,,,,,,3,2026-06-24,,,,,,,,,,,,,,,,,,,,,,,,,,,,,,,,0,,,,,,,,,,"5-7,6-4,6-3",,,,,,,,,,,
904,2026,WIMBLEDON,Grand Slam,2026-06-29,2026-07-12,Grass,WIMBLEDON,GBR,128,30327600,USD,RS72305758,2026-06-24,,Katarzyna Kawa,Lucrezia Stefanini,POL,ITA,14.0,,6-4,2-6,6-2,,315806,323149,WIMBLEDON,"The Championships, Wimbledon - Wimbledon, GBR",2026,,315806,323149,315806,323149,Katarzyna Kawa,Lucrezia Stefanini,,,Katarzyna Kawa,Lucrezia Stefanini,POL,ITA,14,,315806,323149,,,,,,,,,,,,,,,,,,,,,,,,,,,,,,,,,,,,,,,,,,,,,,,,,,,,,,,,,,,,,,,,,,,,,,,,,,,6-4,2-6,6-2,"6-4,2-6,6-2",904,2026,,,,,,3,2026-06-24,,,,,,,,,,,,,,,,,,,,,,,,,,,,,,,,0,,,,,,,,,,"6-4,2-6,6-2",,,,,,,,,,,
904,2026,WIMBLEDON,Grand Slam,2026-06-29,2026-07-12,Grass,WIMBLEDON,GBR,128,30327600,USD,RS72304606,2026-06-24,,Elena Pridankina,Suzan Lamens,,NLD,,27.0,7-5,4-6,6-3,,330905,324898,WIMBLEDON,"The Championships, Wimbledon - Wimbledon, GBR",2026,,330905,324898,330905,324898,Elena Pridankina,Suzan Lamens,,,Elena Pridankina,Suzan Lamens,,NLD,,27,330905,324898,,,,,,,,,,,,,,,,,,,,,,,,,,,,,,,,,,,,,,,,,,,,,,,,,,,,,,,,,,,,,,,,,,,,,,,,,,,7-5,4-6,6-3,"7-5,4-6,6-3",904,2026,,,,,,3,2026-06-24,,,,,,,,,,,,,,,,,,,,,,,,,,,,,,,,0,,,,,,,,,,"7-5,4-6,6-3",,,,,,,,,,,
904,2026,WIMBLEDON,Grand Slam,2026-06-29,2026-07-12,Grass,WIMBLEDON,GBR,128,30327600,USD,RS72303806,2026-06-24,,Alina Korneeva,Andrea Lazaro Garcia,,ESP,3.0,,6-2,6-7(5),7-5,,845268,318080,WIMBLEDON,"The Championships, Wimbledon - Wimbledon, GBR",2026,,845268,318080,845268,318080,Alina Korneeva,Andrea Lazaro Garcia,,,Alina Korneeva,Andrea Lazaro Garcia,,ESP,3,,845268,318080,,,,,,,,,,,,,,,,,,,,,,,,,,,,,,,,,,,,,,,,,,,,,,,,,,,,,,,,,,,,,,,,,,,,,,,,,,,6-2,6-7(5),7-5,"6-2,6(7)-7,7-5",904,2026,,,,,,3,2026-06-24,,,,,,,,,,,,,,,,,,,,,,,,,,,,,,,,0,,,,,,7.0,5.0,,,"6-2,6(7)-7,7-5",,,,,,,,,,,
904,2026,WIMBLEDON,Grand Slam,2026-06-29,2026-07-12,Grass,WIMBLEDON,GBR,128,30327600,USD,RS72305760,2026-06-24,,Kayla Day,Erika Andreeva,USA,,32.0,,6-2,6-2,,,322534,330151,WIMBLEDON,"The Championships, Wimbledon - Wimbledon, GBR",2026,,330151,322534,330151,322534,Kayla Day,Erika Andreeva,,,Erika Andreeva,Kayla Day,,USA,,32,322534,330151,,,,,,,,,,,,,,,,,,,,,,,,,,,,,,,,,,,,,,,,,,,,,,,,,,,,,,,,,,,,,,,,,,,,,,,,,,,2-6,2-6,,"2-6,2-6",904,2026,,,,,,2,2026-06-24,,,,,,,,,,,,,,,,,,,,,,,,,,,,,,,,0,,,,,,,,,,"2-6,2-6",,,,,,,,,,,
904,2026,WIMBLEDON,Grand Slam,2026-06-29,2026-07-12,Grass,WIMBLEDON,GBR,128,30327600,USD,RS72304176,2026-06-24,,Fiona Crawley,Julia Riera,USA,ARG,,,6-2,3-6,7-6(1),,378226,327287,WIMBLEDON,"The Championships, Wimbledon - Wimbledon, GBR",2026,,327287,378226,327287,378226,Fiona Crawley,Julia Riera,,,Julia Riera,Fiona Crawley,ARG,USA,,,378226,327287,,,,,,,,,,,,,,,,,,,,,,,,,,,,,,,,,,,,,,,,,,,,,,,,,,,,,,,,,,,,,,,,,,,,,,,,,,,2-6,6-3,6-7(1),"2-6,6-3,6(10)-7",904,2026,,,,,,3,2026-06-24,,,,,,,,,,,,,,,,,,,,,,,,,,,,,,,,0,,,,,,,,7.0,1.0,"2-6,6-3,6(10)-7",,,,,,,,,,,
904,2026,WIMBLEDON,Grand Slam,2026-06-29,2026-07-12,Grass,WIMBLEDON,GBR,128,30327600,USD,RS72304602,2026-06-24,,Claire Liu,Kaitlin Quevedo,USA,ESP,,7.0,6-4,6-4,,,179300,874195,WIMBLEDON,"The Championships, Wimbledon - Wimbledon, GBR",2026,,874195,179300,874195,179300,Claire Liu,Kaitlin Quevedo,,,Kaitlin Quevedo,Claire Liu,ESP,USA,7,,179300,874195,,,,,,,,,,,,,,,,,,,,,,,,,,,,,,,,,,,,,,,,,,,,,,,,,,,,,,,,,,,,,,,,,,,,,,,,,,,4-6,4-6,,"4-6,4-6",904,2026,,,,,,2,2026-06-24,,,,,,,,,,,,,,,,,,,,,,,,,,,,,,,,0,,,,,,,,,,"4-6,4-6",,,,,,,,,,,
904,2026,WIMBLEDON,Grand Slam,2026-06-29,2026-07-12,Grass,WIMBLEDON,GBR,128,30327600,USD,RS72303730,2026-06-24,,Oceane Dodin,Lulu Sun,FRA,NZL,,9.0,7-6(10),7-6(5),,,319436,324576,WIMBLEDON,"The Championships, Wimbledon - Wimbledon, GBR",2026,,324576,319436,324576,319436,Oceane Dodin,Lulu Sun,,,Lulu Sun,Oceane Dodin,NZL,FRA,9,,319436,324576,,,,,,,,,,,,,,,,,,,,,,,,,,,,,,,,,,,,,,,,,,,,,,,,,,,,,,,,,,,,,,,,,,,,,,,,,,,6-7(10),6-7(5),,"6(12)-7,6(7)-7",904,2026,,,,,,2,2026-06-24,,,,,,,,,,,,,,,,,,,,,,,,,,,,,,,,0,,,,12.0,10.0,7.0,5.0,,,"6(12)-7,6(7)-7",,,,,,,,,,,
904,2026,WIMBLEDON,Grand Slam,2026-06-29,2026-07-12,Grass,WIMBLEDON,GBR,128,30327600,USD,RS72303732,2026-06-24,,Katherine Sebov,Noma Noha Akugue,CAN,DEU,,,6-4,5-7,7-5,,128638,448081,WIMBLEDON,"The Championships, Wimbledon - Wimbledon, GBR",2026,,128638,448081,128638,448081,Katherine Sebov,Noma Noha Akugue,,,Katherine Sebov,Noma Noha Akugue,CAN,DEU,,,128638,448081,,,,,,,,,,,,,,,,,,,,,,,,,,,,,,,,,,,,,,,,,,,,,,,,,,,,,,,,,,,,,,,,,,,,,,,,,,,6-4,5-7,7-5,"6-4,5-7,7-5",904,2026,,,,,,3,2026-06-24,,,,,,,,,,,,,,,,,,,,,,,,,,,,,,,,0,,,,,,,,,,"6-4,5-7,7-5",,,,,,,,,,,
904,2026,WIMBLEDON,Grand Slam,2026-06-29,2026-07-12,Grass,WIMBLEDON,GBR,128,30327600,USD,RS72303810,2026-06-24,,Harmony Tan,Esther Adeshina,FRA,GBR,,,6-2,6-2,,,320016,352784,WIMBLEDON,"The Championships, Wimbledon - Wimbledon, GBR",2026,,352784,320016,352784,320016,Harmony Tan,Esther Adeshina,,,Esther Adeshina,Harmony Tan,GBR,FRA,,,320016,352784,,,,,,,,,,,,,,,,,,,,,,,,,,,,,,,,,,,,,,,,,,,,,,,,,,,,,,,,,,,,,,,,,,,,,,,,,,,2-6,2-6,,"2-6,2-6",904,2026,,,,,,2,2026-06-24,,,,,,,,,,,,,,,,,,,,,,,,,,,,,,,,0,,,,,,,,,,"2-6,2-6",,,,,,,,,,,
904,2026,WIMBLEDON,Grand Slam,2026-06-29,2026-07-12,Grass,WIMBLEDON,GBR,128,30327600,USD,RS72303812,2026-06-24,,Mananchaya Sawangkaew,Mary Stoiana,THA,USA,,25.0,2-6,6-4,7-5,,326929,679319,WIMBLEDON,"The Championships, Wimbledon - Wimbledon, GBR",2026,,326929,679319,326929,679319,Mananchaya Sawangkaew,Mary Stoiana,,,Mananchaya Sawangkaew,Mary Stoiana,THA,USA,,25,326929,679319,,,,,,,,,,,,,,,,,,,,,,,,,,,,,,,,,,,,,,,,,,,,,,,,,,,,,,,,,,,,,,,,,,,,,,,,,,,2-6,6-4,7-5,"2-6,6-4,7-5",904,2026,,,,,,3,2026-06-24,,,,,,,,,,,,,,,,,,,,,,,,,,,,,,,,0,,,,,,,,,,"2-6,6-4,7-5",,,,,,,,,,,
904,2026,WIMBLEDON,Grand Slam,2026-06-29,2026-07-12,Grass,WIMBLEDON,GBR,128,30327600,USD,RS72304178,2026-06-24,,Tyra Caterina Grant,Joanna Garland,ITA,TPE,,,6-4,6-4,,,978809,326512,WIMBLEDON,"The Championships, Wimbledon - Wimbledon, GBR",2026,,326512,978809,326512,978809,Tyra Caterina Grant,Joanna Garland,,,Joanna Garland,Tyra Caterina Grant,TPE,ITA,,,978809,326512,,,,,,,,,,,,,,,,,,,,,,,,,,,,,,,,,,,,,,,,,,,,,,,,,,,,,,,,,,,,,,,,,,,,,,,,,,,4-6,4-6,,"4-6,4-6",904,2026,,,,,,2,2026-06-24,,,,,,,,,,,,,,,,,,,,,,,,,,,,,,,,0,,,,,,,,,,"4-6,4-6",,,,,,,,,,,
904,2026,WIMBLEDON,Grand Slam,2026-06-29,2026-07-12,Grass,WIMBLEDON,GBR,128,30327600,USD,RS72304182,2026-06-24,,Iryna Shymanovich,Greet Minnen,,BEL,,,6-4,6-2,,,320759,321454,WIMBLEDON,"The Championships, Wimbledon - Wimbledon, GBR",2026,,320759,321454,320759,321454,Iryna Shymanovich,Greet Minnen,,,Iryna Shymanovich,Greet Minnen,,BEL,,,320759,321454,,,,,,,,,,,,,,,,,,,,,,,,,,,,,,,,,,,,,,,,,,,,,,,,,,,,,,,,,,,,,,,,,,,,,,,,,,,6-4,6-2,,"6-4,6-2",904,2026,,,,,,2,2026-06-24,,,,,,,,,,,,,,,,,,,,,,,,,,,,,,,,0,,,,,,,,,,"6-4,6-2",,,,,,,,,,,
904,2026,WIMBLEDON,Grand Slam,2026-06-29,2026-07-12,Grass,WIMBLEDON,GBR,128,30327600,USD,RS72286236,2026-06-23,,Jeline Vandromme,Yue Yuan,BEL,CHN,,17.0,4-6,6-0,6-2,,881685,324325,WIMBLEDON,"The Championships, Wimbledon - Wimbledon, GBR",2026,,881685,324325,881685,324325,Jeline Vandromme,Yue Yuan,,,Jeline Vandromme,Yue Yuan,BEL,CHN,,17,881685,324325,,,,,,,,,,,,,,,,,,,,,,,,,,,,,,,,,,,,,,,,,,,,,,,,,,,,,,,,,,,,,,,,,,,,,,,,,,,4-6,6-0,6-2,"4-6,6-0,6-2",904,2026,,,,,,3,2026-06-23,,,,,,,,,,,,,,,,,,,,,,,,,,,,,,,,0,,,,,,,,,,"4-6,6-0,6-2",,,,,,,,,,,
904,2026,WIMBLEDON,Grand Slam,2026-06-29,2026-07-12,Grass,WIMBLEDON,GBR,128,30327600,USD,RS72286206,2026-06-23,,Tiantsoa Sarah Rakotomanga Rajaonah,Carol Young Suh Lee,FRA,USA,,,6-4,4-6,6-3,,330970,356694,WIMBLEDON,"The Championships, Wimbledon - Wimbledon, GBR",2026,,330970,356694,330970,356694,Tiantsoa Sarah Rakotomanga Rajaonah,Carol Young Suh Lee,,,Tiantsoa Sarah Rakotomanga Rajaonah,Carol Young Suh Lee,FRA,USA,,,330970,356694,,,,,,,,,,,,,,,,,,,,,,,,,,,,,,,,,,,,,,,,,,,,,,,,,,,,,,,,,,,,,,,,,,,,,,,,,,,6-4,4-6,6-3,"6-4,4-6,6-3",904,2026,,,,,,3,2026-06-23,,,,,,,,,,,,,,,,,,,,,,,,,,,,,,,,0,,,,,,,,,,"6-4,4-6,6-3",,,,,,,,,,,
904,2026,WIMBLEDON,Grand Slam,2026-06-29,2026-07-12,Grass,WIMBLEDON,GBR,128,30327600,USD,RS72286240,2026-06-23,,Hayu Kinoshita,Viktoriya Tomova,JPN,BGR,,,7-5,6-3,,,870979,317584,WIMBLEDON,"The Championships, Wimbledon - Wimbledon, GBR",2026,,870979,317584,870979,317584,Hayu Kinoshita,Viktoriya Tomova,,,Hayu Kinoshita,Viktoriya Tomova,JPN,BGR,,,870979,317584,,,,,,,,,,,,,,,,,,,,,,,,,,,,,,,,,,,,,,,,,,,,,,,,,,,,,,,,,,,,,,,,,,,,,,,,,,,7-5,6-3,,"7-5,6-3",904,2026,,,,,,2,2026-06-23,,,,,,,,,,,,,,,,,,,,,,,,,,,,,,,,0,,,,,,,,,,"7-5,6-3",,,,,,,,,,,
904,2026,WIMBLEDON,Grand Slam,2026-06-29,2026-07-12,Grass,WIMBLEDON,GBR,128,30327600,USD,RS72286300,2026-06-23,,Elvina Kalieva,Ella McDonald,USA,GBR,31.0,,3-6,7-6(4),6-4,,380396,331660,WIMBLEDON,"The Championships, Wimbledon - Wimbledon, GBR",2026,,331660,380396,331660,380396,Elvina Kalieva,Ella McDonald,,,Ella McDonald,Elvina Kalieva,GBR,USA,,31,380396,331660,,,,,,,,,,,,,,,,,,,,,,,,,,,,,,,,,,,,,,,,,,,,,,,,,,,,,,,,,,,,,,,,,,,,,,,,,,,6-3,6-7(4),4-6,"6-3,6(7)-7,4-6",904,2026,,,,,,3,2026-06-23,,,,,,,,,,,,,,,,,,,,,,,,,,,,,,,,0,,,,,,7.0,4.0,,,"6-3,6(7)-7,4-6",,,,,,,,,,,
904,2026,WIMBLEDON,Grand Slam,2026-06-29,2026-07-12,Grass,WIMBLEDON,GBR,128,30327600,USD,RS72286306,2026-06-23,,Xiyu Wang,Hanyu Guo,CHN,CHN,4.0,,7-6(4),6-3,,,326160,323087,WIMBLEDON,"The Championships, Wimbledon - Wimbledon, GBR",2026,,326160,323087,326160,323087,Xiyu Wang,Hanyu Guo,,,Xiyu Wang,Hanyu Guo,CHN,CHN,4,,326160,323087,,,,,,,,,,,,,,,,,,,,,,,,,,,,,,,,,,,,,,,,,,,,,,,,,,,,,,,,,,,,,,,,,,,,,,,,,,,7-6(4),6-3,,"7-6(7),6-3",904,2026,,,,,,2,2026-06-23,,,,,,,,,,,,,,,,,,,,,,,,,,,,,,,,0,,,,7.0,4.0,,,,,"7-6(7),6-3",,,,,,,,,,,
904,2026,WIMBLEDON,Grand Slam,2026-06-29,2026-07-12,Grass,WIMBLEDON,GBR,128,30327600,USD,RS72286238,2026-06-23,,Maria Carle,Lucie Havlickova,ARG,CZE,,,7-5,5-7,6-4,,322638,662257,WIMBLEDON,"The Championships, Wimbledon - Wimbledon, GBR",2026,,322638,662257,322638,662257,Maria Carle,Lucie Havlickova,,,Maria Carle,Lucie Havlickova,ARG,CZE,,,322638,662257,,,,,,,,,,,,,,,,,,,,,,,,,,,,,,,,,,,,,,,,,,,,,,,,,,,,,,,,,,,,,,,,,,,,,,,,,,,7-5,5-7,6-4,"7-5,5-7,6-4",904,2026,,,,,,3,2026-06-23,,,,,,,,,,,,,,,,,,,,,,,,,,,,,,,,0,,,,,,,,,,"7-5,5-7,6-4",,,,,,,,,,,
904,2026,WIMBLEDON,Grand Slam,2026-06-29,2026-07-12,Grass,WIMBLEDON,GBR,128,30327600,USD,RS72286328,2026-06-23,,Veronika Podrez,Arantxa Rus,UKR,NLD,,,6-4,6-4,,,835864,313349,WIMBLEDON,"The Championships, Wimbledon - Wimbledon, GBR",2026,,313349,835864,313349,835864,Veronika Podrez,Arantxa Rus,,,Arantxa Rus,Veronika Podrez,NLD,UKR,,,835864,313349,,,,,,,,,,,,,,,,,,,,,,,,,,,,,,,,,,,,,,,,,,,,,,,,,,,,,,,,,,,,,,,,,,,,,,,,,,,4-6,4-6,,"4-6,4-6",904,2026,,,,,,2,2026-06-23,,,,,,,,,,,,,,,,,,,,,,,,,,,,,,,,0,,,,,,,,,,"4-6,4-6",,,,,,,,,,,
904,2026,WIMBLEDON,Grand Slam,2026-06-29,2026-07-12,Grass,WIMBLEDON,GBR,128,30327600,USD,RS72286204,2026-06-23,,Lin Zhu,Mona Barthel,CHN,DEU,30.0,,6-4,6-3,,,317306,315365,WIMBLEDON,"The Championships, Wimbledon - Wimbledon, GBR",2026,,315365,317306,315365,317306,Lin Zhu,Mona Barthel,,,Mona Barthel,Lin Zhu,DEU,CHN,,30,317306,315365,,,,,,,,,,,,,,,,,,,,,,,,,,,,,,,,,,,,,,,,,,,,,,,,,,,,,,,,,,,,,,,,,,,,,,,,,,,4-6,3-6,,"4-6,3-6",904,2026,,,,,,2,2026-06-23,,,,,,,,,,,,,,,,,,,,,,,,,,,,,,,,0,,,,,,,,,,"4-6,3-6",,,,,,,,,,,
904,2026,WIMBLEDON,Grand Slam,2026-06-29,2026-07-12,Grass,WIMBLEDON,GBR,128,30327600,USD,RS72286330,2026-06-23,,Maria Timofeeva,Whitney Osuigwe,,USA,1.0,,6-1,6-4,,,328896,326101,WIMBLEDON,"The Championships, Wimbledon - Wimbledon, GBR",2026,,328896,326101,328896,326101,Maria Timofeeva,Whitney Osuigwe,,,Maria Timofeeva,Whitney Osuigwe,,USA,1,,328896,326101,,,,,,,,,,,,,,,,,,,,,,,,,,,,,,,,,,,,,,,,,,,,,,,,,,,,,,,,,,,,,,,,,,,,,,,,,,,6-1,6-4,,"6-1,6-4",904,2026,,,,,,2,2026-06-23,,,,,,,,,,,,,,,,,,,,,,,,,,,,,,,,0,,,,,,,,,,"6-1,6-4",,,,,,,,,,,
904,2026,WIMBLEDON,Grand Slam,2026-06-29,2026-07-12,Grass,WIMBLEDON,GBR,128,30327600,USD,RS72286248,2026-06-23,,Clervie Ngounoue,Anna-Lena Friedsam,USA,DEU,,,6-3,7-5,,,789688,319091,WIMBLEDON,"The Championships, Wimbledon - Wimbledon, GBR",2026,,319091,789688,319091,789688,Clervie Ngounoue,Anna-Lena Friedsam,,,Anna-Lena Friedsam,Clervie Ngounoue,DEU,USA,,,789688,319091,,,,,,,,,,,,,,,,,,,,,,,,,,,,,,,,,,,,,,,,,,,,,,,,,,,,,,,,,,,,,,,,,,,,,,,,,,,3-6,5-7,,"3-6,5-7",904,2026,,,,,,2,2026-06-23,,,,,,,,,,,,,,,,,,,,,,,,,,,,,,,,0,,,,,,,,,,"3-6,5-7",,,,,,,,,,,
904,2026,WIMBLEDON,Grand Slam,2026-06-29,2026-07-12,Grass,WIMBLEDON,GBR,128,30327600,USD,RS72286324,2026-06-23,,Heather Watson,Mayar Sherif Ahmed Abdelaziz,GBR,EGY,,21.0,6-2,6-2,,,316981,318711,WIMBLEDON,"The Championships, Wimbledon - Wimbledon, GBR",2026,,316981,318711,316981,318711,Heather Watson,Mayar Sherif Ahmed Abdelaziz,,,Heather Watson,Mayar Sherif Ahmed Abdelaziz,GBR,EGY,,21,316981,318711,,,,,,,,,,,,,,,,,,,,,,,,,,,,,,,,,,,,,,,,,,,,,,,,,,,,,,,,,,,,,,,,,,,,,,,,,,,6-2,6-2,,"6-2,6-2",904,2026,,,,,,2,2026-06-23,,,,,,,,,,,,,,,,,,,,,,,,,,,,,,,,0,,,,,,,,,,"6-2,6-2",,,,,,,,,,,
904,2026,WIMBLEDON,Grand Slam,2026-06-29,2026-07-12,Grass,WIMBLEDON,GBR,128,30327600,USD,RS72286210,2026-06-23,,Rebecca Sramkova,Viktoria Hruncakova,SVK,SVK,16.0,,7-6(5),7-6(3),,,320228,129534,WIMBLEDON,"The Championships, Wimbledon - Wimbledon, GBR",2026,,320228,129534,320228,129534,Rebecca Sramkova,Viktoria Hruncakova,,,Rebecca Sramkova,Viktoria Hruncakova,SVK,SVK,16,,320228,129534,,,,,,,,,,,,,,,,,,,,,,,,,,,,,,,,,,,,,,,,,,,,,,,,,,,,,,,,,,,,,,,,,,,,,,,,,,,7-6(5),7-6(3),,"7-6(7),7-6(7)",904,2026,,,,,,2,2026-06-23,,,,,,,,,,,,,,,,,,,,,,,,,,,,,,,,0,,,,7.0,5.0,7.0,3.0,,,"7-6(7),7-6(7)",,,,,,,,,,,
904,2026,WIMBLEDON,Grand Slam,2026-06-29,2026-07-12,Grass,WIMBLEDON,GBR,128,30327600,USD,RS72286242,2026-06-23,,Mariam Bolkvadze,Julia Grabher,GEO,AUT,,12.0,6-4,7-6(6),,,320592,113079,WIMBLEDON,"The Championships, Wimbledon - Wimbledon, GBR",2026,,113079,320592,113079,320592,Mariam Bolkvadze,Julia Grabher,,,Julia Grabher,Mariam Bolkvadze,AUT,GEO,12,,320592,113079,,,,,,,,,,,,,,,,,,,,,,,,,,,,,,,,,,,,,,,,,,,,,,,,,,,,,,,,,,,,,,,,,,,,,,,,,,,4-6,6-7(6),,"4-6,6(8)-7",904,2026,,,,,,2,2026-06-23,,,,,,,,,,,,,,,,,,,,,,,,,,,,,,,,0,,,,,,8.0,6.0,,,"4-6,6(8)-7",,,,,,,,,,,
904,2026,WIMBLEDON,Grand Slam,2026-06-29,2026-07-12,Grass,WIMBLEDON,GBR,128,30327600,USD,RS72286292,2026-06-23,,Leolia Jeanjean,Xiaodi You,FRA,CHN,23.0,,4-6,6-2,6-3,,320313,134532,WIMBLEDON,"The Championships, Wimbledon - Wimbledon, GBR",2026,,134532,320313,134532,320313,Leolia Jeanjean,Xiaodi You,,,Xiaodi You,Leolia Jeanjean,CHN,FRA,,23,320313,134532,,,,,,,,,,,,,,,,,,,,,,,,,,,,,,,,,,,,,,,,,,,,,,,,,,,,,,,,,,,,,,,,,,,,,,,,,,,6-4,2-6,3-6,"6-4,2-6,3-6",904,2026,,,,,,3,2026-06-23,,,,,,,,,,,,,,,,,,,,,,,,,,,,,,,,0,,,,,,,,,,"6-4,2-6,3-6",,,,,,,,,,,
904,2026,WIMBLEDON,Grand Slam,2026-06-29,2026-07-12,Grass,WIMBLEDON,GBR,128,30327600,USD,RS72286302,2026-06-23,,Robin Montgomery,Caroline Dolehide,USA,USA,,,6-4,7-6(1),,,329408,322052,WIMBLEDON,"The Championships, Wimbledon - Wimbledon, GBR",2026,,322052,329408,322052,329408,Robin Montgomery,Caroline Dolehide,,,Caroline Dolehide,Robin Montgomery,USA,USA,,,329408,322052,,,,,,,,,,,,,,,,,,,,,,,,,,,,,,,,,,,,,,,,,,,,,,,,,,,,,,,,,,,,,,,,,,,,,,,,,,,4-6,6-7(1),,"4-6,6(7)-7",904,2026,,,,,,2,2026-06-23,,,,,,,,,,,,,,,,,,,,,,,,,,,,,,,,0,,,,,,7.0,1.0,,,"4-6,6(7)-7",,,,,,,,,,,
904,2026,WIMBLEDON,Grand Slam,2026-06-29,2026-07-12,Grass,WIMBLEDON,GBR,128,30327600,USD,RS72286208,2026-06-23,,Teodora Kostovic,Yeon Woo Ku,SRB,KOR,,,6-1,6-4,,,1020125,335165,WIMBLEDON,"The Championships, Wimbledon - Wimbledon, GBR",2026,,335165,1020125,335165,1020125,Teodora Kostovic,Yeon Woo Ku,,,Yeon Woo Ku,Teodora Kostovic,KOR,SRB,,,1020125,335165,,,,,,,,,,,,,,,,,,,,,,,,,,,,,,,,,,,,,,,,,,,,,,,,,,,,,,,,,,,,,,,,,,,,,,,,,,,1-6,4-6,,"1-6,4-6",904,2026,,,,,,2,2026-06-23,,,,,,,,,,,,,,,,,,,,,,,,,,,,,,,,0,,,,,,,,,,"1-6,4-6",,,,,,,,,,,
904,2026,WIMBLEDON,Grand Slam,2026-06-29,2026-07-12,Grass,WIMBLEDON,GBR,128,30327600,USD,RS72286326,2026-06-23,,Tatiana Prozorova,Carole Monnet,,FRA,,,6-2,6-4,,,330723,325991,WIMBLEDON,"The Championships, Wimbledon - Wimbledon, GBR",2026,,325991,330723,325991,330723,Tatiana Prozorova,Carole Monnet,,,Carole Monnet,Tatiana Prozorova,FRA,,,,330723,325991,,,,,,,,,,,,,,,,,,,,,,,,,,,,,,,,,,,,,,,,,,,,,,,,,,,,,,,,,,,,,,,,,,,,,,,,,,,2-6,4-6,,"2-6,4-6",904,2026,,,,,,2,2026-06-23,,,,,,,,,,,,,,,,,,,,,,,,,,,,,,,,0,,,,,,,,,,"2-6,4-6",,,,,,,,,,,
904,2026,WIMBLEDON,Grand Slam,2026-06-29,2026-07-12,Grass,WIMBLEDON,GBR,128,30327600,USD,RS72286304,2026-06-23,,Marina Bassols Ribera,Lola Radivojevic,ESP,SRB,,,6-7(10),6-2,7-6(7),,183861,330751,WIMBLEDON,"The Championships, Wimbledon - Wimbledon, GBR",2026,,330751,183861,330751,183861,Marina Bassols Ribera,Lola Radivojevic,,,Lola Radivojevic,Marina Bassols Ribera,SRB,ESP,,,183861,330751,,,,,,,,,,,,,,,,,,,,,,,,,,,,,,,,,,,,,,,,,,,,,,,,,,,,,,,,,,,,,,,,,,,,,,,,,,,7-6(10),2-6,6-7(7),"7-6(12),2-6,6(10)-7",904,2026,,,,,,3,2026-06-23,,,,,,,,,,,,,,,,,,,,,,,,,,,,,,,,0,,,,12.0,10.0,,,9.0,7.0,"7-6(12),2-6,6(10)-7",,,,,,,,,,,
904,2026,WIMBLEDON,Grand Slam,2026-06-29,2026-07-12,Grass,WIMBLEDON,GBR,128,30327600,USD,RS72286320,2026-06-23,,Mai Hontama,Akasha Urhobo,JPN,USA,,,7-6(6),6-3,,,324750,881847,WIMBLEDON,"The Championships, Wimbledon - Wimbledon, GBR",2026,,324750,881847,324750,881847,Mai Hontama,Akasha Urhobo,,,Mai Hontama,Akasha Urhobo,JPN,USA,,,324750,881847,,,,,,,,,,,,,,,,,,,,,,,,,,,,,,,,,,,,,,,,,,,,,,,,,,,,,,,,,,,,,,,,,,,,,,,,,,,7-6(6),6-3,,"7-6(8),6-3",904,2026,,,,,,2,2026-06-23,,,,,,,,,,,,,,,,,,,,,,,,,,,,,,,,0,,,,8.0,6.0,,,,,"7-6(8),6-3",,,,,,,,,,,
904,2026,WIMBLEDON,Grand Slam,2026-06-29,2026-07-12,Grass,WIMBLEDON,GBR,128,30327600,USD,RS72286218,2026-06-23,,Aliaksandra Sasnovich,Katy Dunne,,GBR,15.0,,1-6,6-3,6-2,,317790,50064,WIMBLEDON,"The Championships, Wimbledon - Wimbledon, GBR",2026,,317790,50064,317790,50064,Aliaksandra Sasnovich,Katy Dunne,,,Aliaksandra Sasnovich,Katy Dunne,,GBR,15,,317790,50064,,,,,,,,,,,,,,,,,,,,,,,,,,,,,,,,,,,,,,,,,,,,,,,,,,,,,,,,,,,,,,,,,,,,,,,,,,,1-6,6-3,6-2,"1-6,6-3,6-2",904,2026,,,,,,3,2026-06-23,,,,,,,,,,,,,,,,,,,,,,,,,,,,,,,,0,,,,,,,,,,"1-6,6-3,6-2",,,,,,,,,,,
904,2026,WIMBLEDON,Grand Slam,2026-06-29,2026-07-12,Grass,WIMBLEDON,GBR,128,30327600,USD,RS72286244,2026-06-23,,Alina Charaeva,Elizabeth Mandlik,ARM,USA,22.0,,6-2,6-4,,,341216,273017,WIMBLEDON,"The Championships, Wimbledon - Wimbledon, GBR",2026,,273017,341216,273017,341216,Alina Charaeva,Elizabeth Mandlik,,,Elizabeth Mandlik,Alina Charaeva,USA,ARM,,22,341216,273017,,,,,,,,,,,,,,,,,,,,,,,,,,,,,,,,,,,,,,,,,,,,,,,,,,,,,,,,,,,,,,,,,,,,,,,,,,,2-6,4-6,,"2-6,4-6",904,2026,,,,,,2,2026-06-23,,,,,,,,,,,,,,,,,,,,,,,,,,,,,,,,0,,,,,,,,,,"2-6,4-6",,,,,,,,,,,
904,2026,WIMBLEDON,Grand Slam,2026-06-29,2026-07-12,Grass,WIMBLEDON,GBR,128,30327600,USD,RS72286296,2026-06-23,,Elizara Yaneva,Yuriko Lily Miyazaki,BGR,GBR,,,6-2,6-4,,,942037,321495,WIMBLEDON,"The Championships, Wimbledon - Wimbledon, GBR",2026,,321495,942037,321495,942037,Elizara Yaneva,Yuriko Lily Miyazaki,,,Yuriko Lily Miyazaki,Elizara Yaneva,GBR,BGR,,,942037,321495,,,,,,,,,,,,,,,,,,,,,,,,,,,,,,,,,,,,,,,,,,,,,,,,,,,,,,,,,,,,,,,,,,,,,,,,,,,2-6,4-6,,"2-6,4-6",904,2026,,,,,,2,2026-06-23,,,,,,,,,,,,,,,,,,,,,,,,,,,,,,,,0,,,,,,,,,,"2-6,4-6",,,,,,,,,,,
904,2026,WIMBLEDON,Grand Slam,2026-06-29,2026-07-12,Grass,WIMBLEDON,GBR,128,30327600,USD,RS72286214,2026-06-23,,Bianca Andreescu,Polona Hercog,CAN,SVN,,,6-4,6-2,,,325088,19957,WIMBLEDON,"The Championships, Wimbledon - Wimbledon, GBR",2026,,325088,19957,325088,19957,Bianca Andreescu,Polona Hercog,,,Bianca Andreescu,Polona Hercog,CAN,SVN,,,325088,19957,,,,,,,,,,,,,,,,,,,,,,,,,,,,,,,,,,,,,,,,,,,,,,,,,,,,,,,,,,,,,,,,,,,,,,,,,,,6-4,6-2,,"6-4,6-2",904,2026,,,,,,2,2026-06-23,,,,,,,,,,,,,,,,,,,,,,,,,,,,,,,,0,,,,,,,,,,"6-4,6-2",,,,,,,,,,,
904,2026,WIMBLEDON,Grand Slam,2026-06-29,2026-07-12,Grass,WIMBLEDON,GBR,128,30327600,USD,RS72286318,2026-06-23,,Polina Iatcenko,Leyre Romero Gormaz,,ESP,,,6-0,6-3,,,750327,326891,WIMBLEDON,"The Championships, Wimbledon - Wimbledon, GBR",2026,,750327,326891,750327,326891,Polina Iatcenko,Leyre Romero Gormaz,,,Polina Iatcenko,Leyre Romero Gormaz,,ESP,,,750327,326891,,,,,,,,,,,,,,,,,,,,,,,,,,,,,,,,,,,,,,,,,,,,,,,,,,,,,,,,,,,,,,,,,,,,,,,,,,,6-0,6-3,,"6-0,6-3",904,2026,,,,,,2,2026-06-23,,,,,,,,,,,,,,,,,,,,,,,,,,,,,,,,0,,,,,,,,,,"6-0,6-3",,,,,,,,,,,
904,2026,WIMBLEDON,Grand Slam,2026-06-29,2026-07-12,Grass,WIMBLEDON,GBR,128,30327600,USD,RS72286250,2026-06-23,,Polina Kudermetova,Jessika Ponchet,UZB,FRA,11.0,,1-6,6-2,6-3,,328897,319421,WIMBLEDON,"The Championships, Wimbledon - Wimbledon, GBR",2026,,328897,319421,328897,319421,Polina Kudermetova,Jessika Ponchet,,,Polina Kudermetova,Jessika Ponchet,UZB,FRA,11,,328897,319421,,,,,,,,,,,,,,,,,,,,,,,,,,,,,,,,,,,,,,,,,,,,,,,,,,,,,,,,,,,,,,,,,,,,,,,,,,,1-6,6-2,6-3,"1-6,6-2,6-3",904,2026,,,,,,3,2026-06-23,,,,,,,,,,,,,,,,,,,,,,,,,,,,,,,,0,,,,,,,,,,"1-6,6-2,6-3",,,,,,,,,,,
904,2026,WIMBLEDON,Grand Slam,2026-06-29,2026-07-12,Grass,WIMBLEDON,GBR,128,30327600,USD,RS72286298,2026-06-23,,Katie Volynets,Laura Samson,USA,CZE,5.0,,7-6(5),6-1,,,327391,1017327,WIMBLEDON,"The Championships, Wimbledon - Wimbledon, GBR",2026,,327391,1017327,327391,1017327,Katie Volynets,Laura Samson,,,Katie Volynets,Laura Samson,USA,CZE,5,,327391,1017327,,,,,,,,,,,,,,,,,,,,,,,,,,,,,,,,,,,,,,,,,,,,,,,,,,,,,,,,,,,,,,,,,,,,,,,,,,,7-6(5),6-1,,"7-6(7),6-1",904,2026,,,,,,2,2026-06-23,,,,,,,,,,,,,,,,,,,,,,,,,,,,,,,,0,,,,7.0,5.0,,,,,"7-6(7),6-1",,,,,,,,,,,
904,2026,WIMBLEDON,Grand Slam,2026-06-29,2026-07-12,Grass,WIMBLEDON,GBR,128,30327600,USD,RS72286316,2026-06-23,,Zhuoxuan Bai,Tamara Zidansek,CHN,SVN,,26.0,6-2,7-5,,,327196,323079,WIMBLEDON,"The Championships, Wimbledon - Wimbledon, GBR",2026,,327196,323079,327196,323079,Zhuoxuan Bai,Tamara Zidansek,,,Zhuoxuan Bai,Tamara Zidansek,CHN,SVN,,26,327196,323079,,,,,,,,,,,,,,,,,,,,,,,,,,,,,,,,,,,,,,,,,,,,,,,,,,,,,,,,,,,,,,,,,,,,,,,,,,,6-2,7-5,,"6-2,7-5",904,2026,,,,,,2,2026-06-23,,,,,,,,,,,,,,,,,,,,,,,,,,,,,,,,0,,,,,,,,,,"6-2,7-5",,,,,,,,,,,
904,2026,WIMBLEDON,Grand Slam,2026-06-29,2026-07-12,Grass,WIMBLEDON,GBR,128,30327600,USD,RS72286322,2026-06-23,,Ashlyn Krueger,Gabriela Knutson,USA,CZE,2.0,,7-5,7-5,,,329409,321367,WIMBLEDON,"The Championships, Wimbledon - Wimbledon, GBR",2026,,329409,321367,329409,321367,Ashlyn Krueger,Gabriela Knutson,,,Ashlyn Krueger,Gabriela Knutson,USA,CZE,2,,329409,321367,,,,,,,,,,,,,,,,,,,,,,,,,,,,,,,,,,,,,,,,,,,,,,,,,,,,,,,,,,,,,,,,,,,,,,,,,,,7-5,7-5,,"7-5,7-5",904,2026,,,,,,2,2026-06-23,,,,,,,,,,,,,,,,,,,,,,,,,,,,,,,,0,,,,,,,,,,"7-5,7-5",,,,,,,,,,,
904,2026,WIMBLEDON,Grand Slam,2026-06-29,2026-07-12,Grass,WIMBLEDON,GBR,128,30327600,USD,RS72286216,2026-06-23,,Storm Hunter,Sofia Costoulas,AUS,BEL,,,7-5,6-4,,,317810,330451,WIMBLEDON,"The Championships, Wimbledon - Wimbledon, GBR",2026,,317810,330451,317810,330451,Storm Hunter,Sofia Costoulas,,,Storm Hunter,Sofia Costoulas,AUS,BEL,,,317810,330451,,,,,,,,,,,,,,,,,,,,,,,,,,,,,,,,,,,,,,,,,,,,,,,,,,,,,,,,,,,,,,,,,,,,,,,,,,,7-5,6-4,,"7-5,6-4",904,2026,,,,,,2,2026-06-23,,,,,,,,,,,,,,,,,,,,,,,,,,,,,,,,0,,,,,,,,,,"7-5,6-4",,,,,,,,,,,
904,2026,WIMBLEDON,Grand Slam,2026-06-29,2026-07-12,Grass,WIMBLEDON,GBR,128,30327600,USD,RS72286288,2026-06-23,,Nao Hibino,Priscilla Hon,JPN,AUS,,,6-2,6-2,,,320238,320543,WIMBLEDON,"The Championships, Wimbledon - Wimbledon, GBR",2026,,320543,320238,320543,320238,Nao Hibino,Priscilla Hon,,,Priscilla Hon,Nao Hibino,AUS,JPN,,,320238,320543,,,,,,,,,,,,,,,,,,,,,,,,,,,,,,,,,,,,,,,,,,,,,,,,,,,,,,,,,,,,,,,,,,,,,,,,,,,2-6,2-6,,"2-6,2-6",904,2026,,,,,,2,2026-06-23,,,,,,,,,,,,,,,,,,,,,,,,,,,,,,,,0,,,,,,,,,,"2-6,2-6",,,,,,,,,,,
904,2026,WIMBLEDON,Grand Slam,2026-06-29,2026-07-12,Grass,WIMBLEDON,GBR,128,30327600,USD,RS72286294,2026-06-23,,Ekaterine Gorgodze,Vendula Valdmannova,GEO,CZE,,,6-2,7-6(2),,,48486,882091,WIMBLEDON,"The Championships, Wimbledon - Wimbledon, GBR",2026,,48486,882091,48486,882091,Ekaterine Gorgodze,Vendula Valdmannova,,,Ekaterine Gorgodze,Vendula Valdmannova,GEO,CZE,,,48486,882091,,,,,,,,,,,,,,,,,,,,,,,,,,,,,,,,,,,,,,,,,,,,,,,,,,,,,,,,,,,,,,,,,,,,,,,,,,,6-2,7-6(2),,"6-2,7-6(7)",904,2026,,,,,,2,2026-06-23,,,,,,,,,,,,,,,,,,,,,,,,,,,,,,,,0,,,,,,7.0,2.0,,,"6-2,7-6(7)",,,,,,,,,,,
904,2026,WIMBLEDON,Grand Slam,2026-06-29,2026-07-12,Grass,WIMBLEDON,GBR,128,30327600,USD,RS72286212,2026-06-23,,Jil Teichmann,Rebeka Masarova,CHE,CHE,24.0,,7-6(2),6-4,,,320926,322087,WIMBLEDON,"The Championships, Wimbledon - Wimbledon, GBR",2026,,322087,320926,322087,320926,Jil Teichmann,Rebeka Masarova,,,Rebeka Masarova,Jil Teichmann,CHE,CHE,,24,320926,322087,,,,,,,,,,,,,,,,,,,,,,,,,,,,,,,,,,,,,,,,,,,,,,,,,,,,,,,,,,,,,,,,,,,,,,,,,,,6-7(2),4-6,,"6(7)-7,4-6",904,2026,,,,,,2,2026-06-23,,,,,,,,,,,,,,,,,,,,,,,,,,,,,,,,0,,,,7.0,2.0,,,,,"6(7)-7,4-6",,,,,,,,,,,
904,2026,WIMBLEDON,Grand Slam,2026-06-29,2026-07-12,Grass,WIMBLEDON,GBR,128,30327600,USD,RS72286246,2026-06-23,,Caroline Werner,Alice Rame,DEU,FRA,,,6-3,5-7,6-2,,47969,135192,WIMBLEDON,"The Championships, Wimbledon - Wimbledon, GBR",2026,,135192,47969,135192,47969,Caroline Werner,Alice Rame,,,Alice Rame,Caroline Werner,FRA,DEU,,,47969,135192,,,,,,,,,,,,,,,,,,,,,,,,,,,,,,,,,,,,,,,,,,,,,,,,,,,,,,,,,,,,,,,,,,,,,,,,,,,3-6,7-5,2-6,"3-6,7-5,2-6",904,2026,,,,,,3,2026-06-23,,,,,,,,,,,,,,,,,,,,,,,,,,,,,,,,0,,,,,,,,,,"3-6,7-5,2-6",,,,,,,,,,,
904,2026,WIMBLEDON,Grand Slam,2026-06-29,2026-07-12,Grass,WIMBLEDON,GBR,128,30327600,USD,RS72286290,2026-06-23,,Darja Semenistaja,Anna Siskova,LVA,CZE,6.0,,7-6(2),1-6,7-5,,329457,324995,WIMBLEDON,"The Championships, Wimbledon - Wimbledon, GBR",2026,,329457,324995,329457,324995,Darja Semenistaja,Anna Siskova,,,Darja Semenistaja,Anna Siskova,LVA,CZE,6,,329457,324995,,,,,,,,,,,,,,,,,,,,,,,,,,,,,,,,,,,,,,,,,,,,,,,,,,,,,,,,,,,,,,,,,,,,,,,,,,,7-6(2),1-6,7-5,"7-6(7),1-6,7-5",904,2026,,,,,,3,2026-06-23,,,,,,,,,,,,,,,,,,,,,,,,,,,,,,,,0,,,,7.0,2.0,,,,,"7-6(7),1-6,7-5",,,,,,,,,,,
904,2026,WIMBLEDON,Grand Slam,2026-06-29,2026-07-12,Grass,WIMBLEDON,GBR,128,30327600,USD,RS72286286,2026-06-23,,Anastasia Gasanova,Varvara Lepchenko,,USA,,,2-6,6-1,7-6(10),,130624,120420,WIMBLEDON,"The Championships, Wimbledon - Wimbledon, GBR",2026,,120420,130624,120420,130624,Anastasia Gasanova,Varvara Lepchenko,,,Varvara Lepchenko,Anastasia Gasanova,USA,,,,130624,120420,,,,,,,,,,,,,,,,,,,,,,,,,,,,,,,,,,,,,,,,,,,,,,,,,,,,,,,,,,,,,,,,,,,,,,,,,,,6-2,1-6,6-7(10),"6-2,1-6,6(12)-7",904,2026,,,,,,3,2026-06-23,,,,,,,,,,,,,,,,,,,,,,,,,,,,,,,,0,,,,,,,,12.0,10.0,"6-2,1-6,6(12)-7",,,,,,,,,,,
904,2026,WIMBLEDON,Grand Slam,2026-06-29,2026-07-12,Grass,WIMBLEDON,GBR,128,30327600,USD,RS72286276,2026-06-23,,Suzan Lamens,Amelia Rajecki,NLD,GBR,27.0,,6-3,7-5,,,324898,329251,WIMBLEDON,"The Championships, Wimbledon - Wimbledon, GBR",2026,,329251,324898,329251,324898,Suzan Lamens,Amelia Rajecki,,,Amelia Rajecki,Suzan Lamens,GBR,NLD,,27,324898,329251,,,,,,,,,,,,,,,,,,,,,,,,,,,,,,,,,,,,,,,,,,,,,,,,,,,,,,,,,,,,,,,,,,,,,,,,,,,3-6,5-7,,"3-6,5-7",904,2026,,,,,,2,2026-06-23,,,,,,,,,,,,,,,,,,,,,,,,,,,,,,,,0,,,,,,,,,,"3-6,5-7",,,,,,,,,,,
904,2026,WIMBLEDON,Grand Slam,2026-06-29,2026-07-12,Grass,WIMBLEDON,GBR,128,30327600,USD,RS72286282,2026-06-23,,Kaitlin Quevedo,Sayaka Ishii,ESP,JPN,7.0,,6-0,6-3,,,874195,331963,WIMBLEDON,"The Championships, Wimbledon - Wimbledon, GBR",2026,,874195,331963,874195,331963,Kaitlin Quevedo,Sayaka Ishii,,,Kaitlin Quevedo,Sayaka Ishii,ESP,JPN,7,,874195,331963,,,,,,,,,,,,,,,,,,,,,,,,,,,,,,,,,,,,,,,,,,,,,,,,,,,,,,,,,,,,,,,,,,,,,,,,,,,6-0,6-3,,"6-0,6-3",904,2026,,,,,,2,2026-06-23,,,,,,,,,,,,,,,,,,,,,,,,,,,,,,,,0,,,,,,,,,,"6-0,6-3",,,,,,,,,,,
904,2026,WIMBLEDON,Grand Slam,2026-06-29,2026-07-12,Grass,WIMBLEDON,GBR,128,30327600,USD,RS72286254,2026-06-23,,Justina Mikulskyte,Carol Zhao,LTU,CAN,,,6-3,7-6(6),,,323677,52691,WIMBLEDON,"The Championships, Wimbledon - Wimbledon, GBR",2026,,323677,52691,323677,52691,Justina Mikulskyte,Carol Zhao,,,Justina Mikulskyte,Carol Zhao,LTU,CAN,,,323677,52691,,,,,,,,,,,,,,,,,,,,,,,,,,,,,,,,,,,,,,,,,,,,,,,,,,,,,,,,,,,,,,,,,,,,,,,,,,,6-3,7-6(6),,"6-3,7-6(8)",904,2026,,,,,,2,2026-06-23,,,,,,,,,,,,,,,,,,,,,,,,,,,,,,,,0,,,,,,8.0,6.0,,,"6-3,7-6(8)",,,,,,,,,,,
904,2026,WIMBLEDON,Grand Slam,2026-06-29,2026-07-12,Grass,WIMBLEDON,GBR,128,30327600,USD,RS72286280,2026-06-23,,Claire Liu,Despina Papamichail,USA,GRC,,,6-2,6-1,,,179300,45139,WIMBLEDON,"The Championships, Wimbledon - Wimbledon, GBR",2026,,45139,179300,45139,179300,Claire Liu,Despina Papamichail,,,Despina Papamichail,Claire Liu,GRC,USA,,,179300,45139,,,,,,,,,,,,,,,,,,,,,,,,,,,,,,,,,,,,,,,,,,,,,,,,,,,,,,,,,,,,,,,,,,,,,,,,,,,2-6,1-6,,"2-6,1-6",904,2026,,,,,,2,2026-06-23,,,,,,,,,,,,,,,,,,,,,,,,,,,,,,,,0,,,,,,,,,,"2-6,1-6",,,,,,,,,,,
904,2026,WIMBLEDON,Grand Slam,2026-06-29,2026-07-12,Grass,WIMBLEDON,GBR,128,30327600,USD,RS72286220,2026-06-23,,Kayla Day,Cadence Brace,USA,CAN,32.0,,6-4,6-3,,,322534,751899,WIMBLEDON,"The Championships, Wimbledon - Wimbledon, GBR",2026,,751899,322534,751899,322534,Kayla Day,Cadence Brace,,,Cadence Brace,Kayla Day,CAN,USA,,32,322534,751899,,,,,,,,,,,,,,,,,,,,,,,,,,,,,,,,,,,,,,,,,,,,,,,,,,,,,,,,,,,,,,,,,,,,,,,,,,,4-6,3-6,,"4-6,3-6",904,2026,,,,,,2,2026-06-23,,,,,,,,,,,,,,,,,,,,,,,,,,,,,,,,0,,,,,,,,,,"4-6,3-6",,,,,,,,,,,
904,2026,WIMBLEDON,Grand Slam,2026-06-29,2026-07-12,Grass,WIMBLEDON,GBR,128,30327600,USD,RS72286224,2026-06-23,,Lucrezia Stefanini,Luisina Giovannini,ITA,ARG,,,7-6(6),7-6(5),,,323149,784898,WIMBLEDON,"The Championships, Wimbledon - Wimbledon, GBR",2026,,784898,323149,784898,323149,Lucrezia Stefanini,Luisina Giovannini,,,Luisina Giovannini,Lucrezia Stefanini,ARG,ITA,,,323149,784898,,,,,,,,,,,,,,,,,,,,,,,,,,,,,,,,,,,,,,,,,,,,,,,,,,,,,,,,,,,,,,,,,,,,,,,,,,,6-7(6),6-7(5),,"6(8)-7,6(7)-7",904,2026,,,,,,2,2026-06-23,,,,,,,,,,,,,,,,,,,,,,,,,,,,,,,,0,,,,8.0,6.0,7.0,5.0,,,"6(8)-7,6(7)-7",,,,,,,,,,,
904,2026,WIMBLEDON,Grand Slam,2026-06-29,2026-07-12,Grass,WIMBLEDON,GBR,128,30327600,USD,RS72286284,2026-06-23,,Emerson Jones,Linda Fruhvirtova,AUS,CZE,29.0,,6-2,6-1,,,978117,329627,WIMBLEDON,"The Championships, Wimbledon - Wimbledon, GBR",2026,,329627,978117,329627,978117,Emerson Jones,Linda Fruhvirtova,,,Linda Fruhvirtova,Emerson Jones,CZE,AUS,,29,978117,329627,,,,,,,,,,,,,,,,,,,,,,,,,,,,,,,,,,,,,,,,,,,,,,,,,,,,,,,,,,,,,,,,,,,,,,,,,,,2-6,1-6,,"2-6,1-6",904,2026,,,,,,2,2026-06-23,,,,,,,,,,,,,,,,,,,,,,,,,,,,,,,,0,,,,,,,,,,"2-6,1-6",,,,,,,,,,,
904,2026,WIMBLEDON,Grand Slam,2026-06-29,2026-07-12,Grass,WIMBLEDON,GBR,128,30327600,USD,RS72286226,2026-06-23,,Katarzyna Kawa,Susan Bandecchi,POL,CHE,14.0,,6-1,6-3,,,315806,321032,WIMBLEDON,"The Championships, Wimbledon - Wimbledon, GBR",2026,,315806,321032,315806,321032,Katarzyna Kawa,Susan Bandecchi,,,Katarzyna Kawa,Susan Bandecchi,POL,CHE,14,,315806,321032,,,,,,,,,,,,,,,,,,,,,,,,,,,,,,,,,,,,,,,,,,,,,,,,,,,,,,,,,,,,,,,,,,,,,,,,,,,6-1,6-3,,"6-1,6-3",904,2026,,,,,,2,2026-06-23,,,,,,,,,,,,,,,,,,,,,,,,,,,,,,,,0,,,,,,,,,,"6-1,6-3",,,,,,,,,,,
904,2026,WIMBLEDON,Grand Slam,2026-06-29,2026-07-12,Grass,WIMBLEDON,GBR,128,30327600,USD,RS72286222,2026-06-23,,Erika Andreeva,Yexin Ma,,CHN,,,6-0,6-3,,,330151,132988,WIMBLEDON,"The Championships, Wimbledon - Wimbledon, GBR",2026,,132988,330151,132988,330151,Erika Andreeva,Yexin Ma,,,Yexin Ma,Erika Andreeva,CHN,,,,330151,132988,,,,,,,,,,,,,,,,,,,,,,,,,,,,,,,,,,,,,,,,,,,,,,,,,,,,,,,,,,,,,,,,,,,,,,,,,,,0-6,3-6,,"0-6,3-6",904,2026,,,,,,2,2026-06-23,,,,,,,,,,,,,,,,,,,,,,,,,,,,,,,,0,,,,,,,,,,"0-6,3-6",,,,,,,,,,,
904,2026,WIMBLEDON,Grand Slam,2026-06-29,2026-07-12,Grass,WIMBLEDON,GBR,128,30327600,USD,RS72286252,2026-06-23,,Lucia Bronzetti,Maddison Inglis,ITA,AUS,20.0,,6-3,3-6,6-4,,322280,321179,WIMBLEDON,"The Championships, Wimbledon - Wimbledon, GBR",2026,,321179,322280,321179,322280,Lucia Bronzetti,Maddison Inglis,,,Maddison Inglis,Lucia Bronzetti,AUS,ITA,,20,322280,321179,,,,,,,,,,,,,,,,,,,,,,,,,,,,,,,,,,,,,,,,,,,,,,,,,,,,,,,,,,,,,,,,,,,,,,,,,,,3-6,6-3,4-6,"3-6,6-3,4-6",904,2026,,,,,,3,2026-06-23,,,,,,,,,,,,,,,,,,,,,,,,,,,,,,,,0,,,,,,,,,,"3-6,6-3,4-6",,,,,,,,,,,
904,2026,WIMBLEDON,Grand Slam,2026-06-29,2026-07-12,Grass,WIMBLEDON,GBR,128,30327600,USD,RS72286256,2026-06-23,,Lina Gjorcheska,Angela Fita Boluda,MKD,ESP,,,6-2,6-4,,,67743,132412,WIMBLEDON,"The Championships, Wimbledon - Wimbledon, GBR",2026,,132412,67743,132412,67743,Lina Gjorcheska,Angela Fita Boluda,,,Angela Fita Boluda,Lina Gjorcheska,ESP,MKD,,,67743,132412,,,,,,,,,,,,,,,,,,,,,,,,,,,,,,,,,,,,,,,,,,,,,,,,,,,,,,,,,,,,,,,,,,,,,,,,,,,2-6,4-6,,"2-6,4-6",904,2026,,,,,,2,2026-06-23,,,,,,,,,,,,,,,,,,,,,,,,,,,,,,,,0,,,,,,,,,,"2-6,4-6",,,,,,,,,,,
904,2026,WIMBLEDON,Grand Slam,2026-06-29,2026-07-12,Grass,WIMBLEDON,GBR,128,30327600,USD,RS72286278,2026-06-23,,Elena Pridankina,Alice Tubello,,FRA,,,6-2,6-0,,,330905,227490,WIMBLEDON,"The Championships, Wimbledon - Wimbledon, GBR",2026,,227490,330905,227490,330905,Elena Pridankina,Alice Tubello,,,Alice Tubello,Elena Pridankina,FRA,,,,330905,227490,,,,,,,,,,,,,,,,,,,,,,,,,,,,,,,,,,,,,,,,,,,,,,,,,,,,,,,,,,,,,,,,,,,,,,,,,,,2-6,0-6,,"2-6,0-6",904,2026,,,,,,2,2026-06-23,,,,,,,,,,,,,,,,,,,,,,,,,,,,,,,,0,,,,,,,,,,"2-6,0-6",,,,,,,,,,,
904,2026,WIMBLEDON,Grand Slam,2026-06-29,2026-07-12,Grass,WIMBLEDON,GBR,128,30327600,USD,RS72286258,2026-06-23,,Francisca Jorge,Dalma Galfi,PRT,HUN,,10.0,7-6(5),6-3,,,210558,321106,WIMBLEDON,"The Championships, Wimbledon - Wimbledon, GBR",2026,,321106,210558,321106,210558,Francisca Jorge,Dalma Galfi,,,Dalma Galfi,Francisca Jorge,HUN,PRT,10,,210558,321106,,,,,,,,,,,,,,,,,,,,,,,,,,,,,,,,,,,,,,,,,,,,,,,,,,,,,,,,,,,,,,,,,,,,,,,,,,,6-7(5),3-6,,"6(7)-7,3-6",904,2026,,,,,,2,2026-06-23,,,,,,,,,,,,,,,,,,,,,,,,,,,,,,,,0,,,,7.0,5.0,,,,,"6(7)-7,3-6",,,,,,,,,,,
904,2026,WIMBLEDON,Grand Slam,2026-06-29,2026-07-12,Grass,WIMBLEDON,GBR,128,30327600,USD,RS72286228,2026-06-23,,Noma Noha Akugue,Lisa Pigato,DEU,ITA,,28.0,7-6(2),6-3,,,448081,412817,WIMBLEDON,"The Championships, Wimbledon - Wimbledon, GBR",2026,,448081,412817,448081,412817,Noma Noha Akugue,Lisa Pigato,,,Noma Noha Akugue,Lisa Pigato,DEU,ITA,,28,448081,412817,,,,,,,,,,,,,,,,,,,,,,,,,,,,,,,,,,,,,,,,,,,,,,,,,,,,,,,,,,,,,,,,,,,,,,,,,,,7-6(2),6-3,,"7-6(7),6-3",904,2026,,,,,,2,2026-06-23,,,,,,,,,,,,,,,,,,,,,,,,,,,,,,,,0,,,,7.0,2.0,,,,,"7-6(7),6-3",,,,,,,,,,,
904,2026,WIMBLEDON,Grand Slam,2026-06-29,2026-07-12,Grass,WIMBLEDON,GBR,128,30327600,USD,RS72286272,2026-06-23,,Harmony Tan,Mia Pohankova,FRA,SVK,,,7-6(3),2-6,6-1,,320016,1076038,WIMBLEDON,"The Championships, Wimbledon - Wimbledon, GBR",2026,,320016,1076038,320016,1076038,Harmony Tan,Mia Pohankova,,,Harmony Tan,Mia Pohankova,FRA,SVK,,,320016,1076038,,,,,,,,,,,,,,,,,,,,,,,,,,,,,,,,,,,,,,,,,,,,,,,,,,,,,,,,,,,,,,,,,,,,,,,,,,,7-6(3),2-6,6-1,"7-6(7),2-6,6-1",904,2026,,,,,,3,2026-06-23,,,,,,,,,,,,,,,,,,,,,,,,,,,,,,,,0,,,,7.0,3.0,,,,,"7-6(7),2-6,6-1",,,,,,,,,,,
904,2026,WIMBLEDON,Grand Slam,2026-06-29,2026-07-12,Grass,WIMBLEDON,GBR,128,30327600,USD,RS72286274,2026-06-23,,Esther Adeshina,Moyuka Uchijima,GBR,JPN,,8.0,6-1,3-6,7-5,,352784,327241,WIMBLEDON,"The Championships, Wimbledon - Wimbledon, GBR",2026,,327241,352784,327241,352784,Esther Adeshina,Moyuka Uchijima,,,Moyuka Uchijima,Esther Adeshina,JPN,GBR,8,,352784,327241,,,,,,,,,,,,,,,,,,,,,,,,,,,,,,,,,,,,,,,,,,,,,,,,,,,,,,,,,,,,,,,,,,,,,,,,,,,1-6,6-3,5-7,"1-6,6-3,5-7",904,2026,,,,,,3,2026-06-23,,,,,,,,,,,,,,,,,,,,,,,,,,,,,,,,0,,,,,,,,,,"1-6,6-3,5-7",,,,,,,,,,,
904,2026,WIMBLEDON,Grand Slam,2026-06-29,2026-07-12,Grass,WIMBLEDON,GBR,128,30327600,USD,RS72286308,2026-06-23,,Fiona Crawley,Himeno Sakatsume,USA,JPN,,19.0,7-5,4-6,7-6(8),,378226,282219,WIMBLEDON,"The Championships, Wimbledon - Wimbledon, GBR",2026,,378226,282219,378226,282219,Fiona Crawley,Himeno Sakatsume,,,Fiona Crawley,Himeno Sakatsume,USA,JPN,,19,378226,282219,,,,,,,,,,,,,,,,,,,,,,,,,,,,,,,,,,,,,,,,,,,,,,,,,,,,,,,,,,,,,,,,,,,,,,,,,,,7-5,4-6,7-6(8),"7-5,4-6,7-6(10)",904,2026,,,,,,3,2026-06-23,,,,,,,,,,,,,,,,,,,,,,,,,,,,,,,,0,,,,,,,,10.0,8.0,"7-5,4-6,7-6(10)",,,,,,,,,,,
904,2026,WIMBLEDON,Grand Slam,2026-06-29,2026-07-12,Grass,WIMBLEDON,GBR,128,30327600,USD,RS72286310,2026-06-23,,Julia Riera,Daniella Britton,ARG,GBR,,,2-6,6-2,6-4,,327287,1268712,WIMBLEDON,"The Championships, Wimbledon - Wimbledon, GBR",2026,,327287,1268712,327287,1268712,Julia Riera,Daniella Britton,,,Julia Riera,Daniella Britton,ARG,GBR,,,327287,1268712,,,,,,,,,,,,,,,,,,,,,,,,,,,,,,,,,,,,,,,,,,,,,,,,,,,,,,,,,,,,,,,,,,,,,,,,,,,2-6,6-2,6-4,"2-6,6-2,6-4",904,2026,,,,,,3,2026-06-23,,,,,,,,,,,,,,,,,,,,,,,,,,,,,,,,0,,,,,,,,,,"2-6,6-2,6-4",,,,,,,,,,,
904,2026,WIMBLEDON,Grand Slam,2026-06-29,2026-07-12,Grass,WIMBLEDON,GBR,128,30327600,USD,RS72286312,2026-06-23,,Andrea Lazaro Garcia,Nuria Brancaccio,ESP,ITA,,,6-3,6-4,,,318080,325433,WIMBLEDON,"The Championships, Wimbledon - Wimbledon, GBR",2026,,325433,318080,325433,318080,Andrea Lazaro Garcia,Nuria Brancaccio,,,Nuria Brancaccio,Andrea Lazaro Garcia,ITA,ESP,,,318080,325433,,,,,,,,,,,,,,,,,,,,,,,,,,,,,,,,,,,,,,,,,,,,,,,,,,,,,,,,,,,,,,,,,,,,,,,,,,,3-6,4-6,,"3-6,4-6",904,2026,,,,,,2,2026-06-23,,,,,,,,,,,,,,,,,,,,,,,,,,,,,,,,0,,,,,,,,,,"3-6,4-6",,,,,,,,,,,
904,2026,WIMBLEDON,Grand Slam,2026-06-29,2026-07-12,Grass,WIMBLEDON,GBR,128,30327600,USD,RS72286314,2026-06-23,,Alina Korneeva,Alexandra Shubladze,,,3.0,,2-6,7-6(2),6-3,,845268,906635,WIMBLEDON,"The Championships, Wimbledon - Wimbledon, GBR",2026,,845268,906635,845268,906635,Alina Korneeva,Alexandra Shubladze,,,Alina Korneeva,Alexandra Shubladze,,,3,,845268,906635,,,,,,,,,,,,,,,,,,,,,,,,,,,,,,,,,,,,,,,,,,,,,,,,,,,,,,,,,,,,,,,,,,,,,,,,,,,2-6,7-6(2),6-3,"2-6,7-6(7),6-3",904,2026,,,,,,3,2026-06-23,,,,,,,,,,,,,,,,,,,,,,,,,,,,,,,,0,,,,,,7.0,2.0,,,"2-6,7-6(7),6-3",,,,,,,,,,,
904,2026,WIMBLEDON,Grand Slam,2026-06-29,2026-07-12,Grass,WIMBLEDON,GBR,128,30327600,USD,RS72300642,2026-06-23,,Katherine Sebov,Jazmin Ortenzi,CAN,ARG,,,4-6,6-3,6-2,,128638,337811,WIMBLEDON,"The Championships, Wimbledon - Wimbledon, GBR",2026,,128638,337811,128638,337811,Katherine Sebov,Jazmin Ortenzi,,,Katherine Sebov,Jazmin Ortenzi,CAN,ARG,,,128638,337811,,,,,,,,,,,,,,,,,,,,,,,,,,,,,,,,,,,,,,,,,,,,,,,,,,,,,,,,,,,,,,,,,,,,,,,,,,,4-6,6-3,6-2,"4-6,6-3,6-2",904,2026,,,,,,3,2026-06-23,,,,,,,,,,,,,,,,,,,,,,,,,,,,,,,,0,,,,,,,,,,"4-6,6-3,6-2",,,,,,,,,,,
904,2026,WIMBLEDON,Grand Slam,2026-06-29,2026-07-12,Grass,WIMBLEDON,GBR,128,30327600,USD,RS72286232,2026-06-23,,Greet Minnen,Fiona Ferro,BEL,FRA,,,6-3,6-1,,,321454,319969,WIMBLEDON,"The Championships, Wimbledon - Wimbledon, GBR",2026,,321454,319969,321454,319969,Greet Minnen,Fiona Ferro,,,Greet Minnen,Fiona Ferro,BEL,FRA,,,321454,319969,,,,,,,,,,,,,,,,,,,,,,,,,,,,,,,,,,,,,,,,,,,,,,,,,,,,,,,,,,,,,,,,,,,,,,,,,,,6-3,6-1,,"6-3,6-1",904,2026,,,,,,2,2026-06-23,,,,,,,,,,,,,,,,,,,,,,,,,,,,,,,,0,,,,,,,,,,"6-3,6-1",,,,,,,,,,,
904,2026,WIMBLEDON,Grand Slam,2026-06-29,2026-07-12,Grass,WIMBLEDON,GBR,128,30327600,USD,RS72286234,2026-06-23,,Iryna Shymanovich,Dominika Salkova,,CZE,,13.0,7-6(5),3-6,6-4,,320759,330149,WIMBLEDON,"The Championships, Wimbledon - Wimbledon, GBR",2026,,330149,320759,330149,320759,Iryna Shymanovich,Dominika Salkova,,,Dominika Salkova,Iryna Shymanovich,CZE,,13,,320759,330149,,,,,,,,,,,,,,,,,,,,,,,,,,,,,,,,,,,,,,,,,,,,,,,,,,,,,,,,,,,,,,,,,,,,,,,,,,,6-7(5),6-3,4-6,"6(7)-7,6-3,4-6",904,2026,,,,,,3,2026-06-23,,,,,,,,,,,,,,,,,,,,,,,,,,,,,,,,0,,,,7.0,5.0,,,,,"6(7)-7,6-3,4-6",,,,,,,,,,,
904,2026,WIMBLEDON,Grand Slam,2026-06-29,2026-07-12,Grass,WIMBLEDON,GBR,128,30327600,USD,RS72286260,2026-06-23,,Mary Stoiana,Kayla Cross,USA,CAN,25.0,,6-3,6-4,,,679319,330960,WIMBLEDON,"The Championships, Wimbledon - Wimbledon, GBR",2026,,330960,679319,330960,679319,Mary Stoiana,Kayla Cross,,,Kayla Cross,Mary Stoiana,CAN,USA,,25,679319,330960,,,,,,,,,,,,,,,,,,,,,,,,,,,,,,,,,,,,,,,,,,,,,,,,,,,,,,,,,,,,,,,,,,,,,,,,,,,3-6,4-6,,"3-6,4-6",904,2026,,,,,,2,2026-06-23,,,,,,,,,,,,,,,,,,,,,,,,,,,,,,,,0,,,,,,,,,,"3-6,4-6",,,,,,,,,,,
904,2026,WIMBLEDON,Grand Slam,2026-06-29,2026-07-12,Grass,WIMBLEDON,GBR,128,30327600,USD,RS72286262,2026-06-23,,Mananchaya Sawangkaew,Anouk Koevermans,THA,NLD,,,6-3,1-6,6-4,,326929,328988,WIMBLEDON,"The Championships, Wimbledon - Wimbledon, GBR",2026,,328988,326929,328988,326929,Mananchaya Sawangkaew,Anouk Koevermans,,,Anouk Koevermans,Mananchaya Sawangkaew,NLD,THA,,,326929,328988,,,,,,,,,,,,,,,,,,,,,,,,,,,,,,,,,,,,,,,,,,,,,,,,,,,,,,,,,,,,,,,,,,,,,,,,,,,3-6,6-1,4-6,"3-6,6-1,4-6",904,2026,,,,,,3,2026-06-23,,,,,,,,,,,,,,,,,,,,,,,,,,,,,,,,0,,,,,,,,,,"3-6,6-1,4-6",,,,,,,,,,,
904,2026,WIMBLEDON,Grand Slam,2026-06-29,2026-07-12,Grass,WIMBLEDON,GBR,128,30327600,USD,RS72286264,2026-06-23,,Oceane Dodin,Laura Pigossi,FRA,BRA,,,7-5,6-4,,,319436,317155,WIMBLEDON,"The Championships, Wimbledon - Wimbledon, GBR",2026,,317155,319436,317155,319436,Oceane Dodin,Laura Pigossi,,,Laura Pigossi,Oceane Dodin,BRA,FRA,,,319436,317155,,,,,,,,,,,,,,,,,,,,,,,,,,,,,,,,,,,,,,,,,,,,,,,,,,,,,,,,,,,,,,,,,,,,,,,,,,,5-7,4-6,,"5-7,4-6",904,2026,,,,,,2,2026-06-23,,,,,,,,,,,,,,,,,,,,,,,,,,,,,,,,0,,,,,,,,,,"5-7,4-6",,,,,,,,,,,
904,2026,WIMBLEDON,Grand Slam,2026-06-29,2026-07-12,Grass,WIMBLEDON,GBR,128,30327600,USD,RS72286266,2026-06-23,,Lulu Sun,Linda Klimovicova,NZL,POL,9.0,,7-6(3),7-5,,,324576,329061,WIMBLEDON,"The Championships, Wimbledon - Wimbledon, GBR",2026,,324576,329061,324576,329061,Lulu Sun,Linda Klimovicova,,,Lulu Sun,Linda Klimovicova,NZL,POL,9,,324576,329061,,,,,,,,,,,,,,,,,,,,,,,,,,,,,,,,,,,,,,,,,,,,,,,,,,,,,,,,,,,,,,,,,,,,,,,,,,,7-6(3),7-5,,"7-6(7),7-5",904,2026,,,,,,2,2026-06-23,,,,,,,,,,,,,,,,,,,,,,,,,,,,,,,,0,,,,7.0,3.0,,,,,"7-6(7),7-5",,,,,,,,,,,
904,2026,WIMBLEDON,Grand Slam,2026-06-29,2026-07-12,Grass,WIMBLEDON,GBR,128,30327600,USD,RS72286268,2026-06-23,,Tyra Caterina Grant,Taylah Preston,ITA,AUS,,18.0,6-1,2-6,6-4,,978809,330291,WIMBLEDON,"The Championships, Wimbledon - Wimbledon, GBR",2026,,978809,330291,978809,330291,Tyra Caterina Grant,Taylah Preston,,,Tyra Caterina Grant,Taylah Preston,ITA,AUS,,18,978809,330291,,,,,,,,,,,,,,,,,,,,,,,,,,,,,,,,,,,,,,,,,,,,,,,,,,,,,,,,,,,,,,,,,,,,,,,,,,,6-1,2-6,6-4,"6-1,2-6,6-4",904,2026,,,,,,3,2026-06-23,,,,,,,,,,,,,,,,,,,,,,,,,,,,,,,,0,,,,,,,,,,"6-1,2-6,6-4",,,,,,,,,,,
904,2026,WIMBLEDON,Grand Slam,2026-06-29,2026-07-12,Grass,WIMBLEDON,GBR,128,30327600,USD,RS72286270,2026-06-23,,Joanna Garland,Celine Naef,TPE,CHE,,,3-6,7-5,6-4,,326512,330581,WIMBLEDON,"The Championships, Wimbledon - Wimbledon, GBR",2026,,330581,326512,330581,326512,Joanna Garland,Celine Naef,,,Celine Naef,Joanna Garland,CHE,TPE,,,326512,330581,,,,,,,,,,,,,,,,,,,,,,,,,,,,,,,,,,,,,,,,,,,,,,,,,,,,,,,,,,,,,,,,,,,,,,,,,,,6-3,5-7,4-6,"6-3,5-7,4-6",904,2026,,,,,,3,2026-06-23,,,,,,,,,,,,,,,,,,,,,,,,,,,,,,,,0,,,,,,,,,,"6-3,5-7,4-6",,,,,,,,,,,
