event_id,event_year,tourney_name,level,start_date,end_date,surface,singles_draw_size,prize_money,prize_money_currency,match_id,round,match_time_total,match_message,match_status,num_sets,winner_flag_raw,player_a,player_b,player_a_id,player_b_id,country_a,country_b,seed_a,seed_b,score_string,winner_player_name,loser_player_name,winner_seed,loser_seed,winner_country,loser_country,set1_score,set2_score,set3_score,set4_score,set5_score,match_date,serverating_set1_winner,serveratinglink_set1_winner,doublefaults_set1_winner,aces_set1_winner,firstserve_percent_set1_winner,firstserve_dividend_set1_winner,firstserve_divisor_set1_winner,firstservepointswon_percent_set1_winner,firstservepointswon_dividend_set1_winner,firstservepointswon_divisor_set1_winner,secondservepointswon_percent_set1_winner,secondservepointswon_dividend_set1_winner,secondservepointswon_divisor_set1_winner,breakpointssaved_percent_set1_winner,breakpointssaved_dividend_set1_winner,breakpointssaved_divisor_set1_winner,servicegamesplayed_set1_winner,serverating_set1_loser,serveratinglink_set1_loser,doublefaults_set1_loser,aces_set1_loser,firstserve_percent_set1_loser,firstserve_dividend_set1_loser,firstserve_divisor_set1_loser,firstservepointswon_percent_set1_loser,firstservepointswon_dividend_set1_loser,firstservepointswon_divisor_set1_loser,secondservepointswon_percent_set1_loser,secondservepointswon_dividend_set1_loser,secondservepointswon_divisor_set1_loser,breakpointssaved_percent_set1_loser,breakpointssaved_dividend_set1_loser,breakpointssaved_divisor_set1_loser,servicegamesplayed_set1_loser,returnrating_set1_winner,returnratinglink_set1_winner,firstservereturnpointswon_percent_set1_winner,firstservereturnpointswon_dividend_set1_winner,firstservereturnpointswon_divisor_set1_winner,secondservereturnpointswon_percent_set1_winner,secondservereturnpointswon_dividend_set1_winner,secondservereturnpointswon_divisor_set1_winner,breakpointsconverted_percent_set1_winner,breakpointsconverted_dividend_set1_winner,breakpointsconverted_divisor_set1_winner,returngamesplayed_set1_winner,returnrating_set1_loser,returnratinglink_set1_loser,firstservereturnpointswon_percent_set1_loser,firstservereturnpointswon_dividend_set1_loser,firstservereturnpointswon_divisor_set1_loser,secondservereturnpointswon_percent_set1_loser,secondservereturnpointswon_dividend_set1_loser,secondservereturnpointswon_divisor_set1_loser,breakpointsconverted_percent_set1_loser,breakpointsconverted_dividend_set1_loser,breakpointsconverted_divisor_set1_loser,returngamesplayed_set1_loser,totalservicepointswon_percent_set1_winner,totalservicepointswon_dividend_set1_winner,totalservicepointswon_divisor_set1_winner,totalreturnpointswon_percent_set1_winner,totalreturnpointswon_dividend_set1_winner,totalreturnpointswon_divisor_set1_winner,totalpointswon_percent_set1_winner,totalpointswon_dividend_set1_winner,totalpointswon_divisor_set1_winner,totalservicepointswon_percent_set1_loser,totalservicepointswon_dividend_set1_loser,totalservicepointswon_divisor_set1_loser,totalreturnpointswon_percent_set1_loser,totalreturnpointswon_dividend_set1_loser,totalreturnpointswon_divisor_set1_loser,totalpointswon_percent_set1_loser,totalpointswon_dividend_set1_loser,totalpointswon_divisor_set1_loser,serverating_set2_winner,serveratinglink_set2_winner,doublefaults_set2_winner,aces_set2_winner,firstserve_percent_set2_winner,firstserve_dividend_set2_winner,firstserve_divisor_set2_winner,firstservepointswon_percent_set2_winner,firstservepointswon_dividend_set2_winner,firstservepointswon_divisor_set2_winner,secondservepointswon_percent_set2_winner,secondservepointswon_dividend_set2_winner,secondservepointswon_divisor_set2_winner,breakpointssaved_percent_set2_winner,breakpointssaved_dividend_set2_winner,breakpointssaved_divisor_set2_winner,servicegamesplayed_set2_winner,serverating_set2_loser,serveratinglink_set2_loser,doublefaults_set2_loser,aces_set2_loser,firstserve_percent_set2_loser,firstserve_dividend_set2_loser,firstserve_divisor_set2_loser,firstservepointswon_percent_set2_loser,firstservepointswon_dividend_set2_loser,firstservepointswon_divisor_set2_loser,secondservepointswon_percent_set2_loser,secondservepointswon_dividend_set2_loser,secondservepointswon_divisor_set2_loser,breakpointssaved_percent_set2_loser,breakpointssaved_dividend_set2_loser,breakpointssaved_divisor_set2_loser,servicegamesplayed_set2_loser,returnrating_set2_winner,returnratinglink_set2_winner,firstservereturnpointswon_percent_set2_winner,firstservereturnpointswon_dividend_set2_winner,firstservereturnpointswon_divisor_set2_winner,secondservereturnpointswon_percent_set2_winner,secondservereturnpointswon_dividend_set2_winner,secondservereturnpointswon_divisor_set2_winner,breakpointsconverted_percent_set2_winner,breakpointsconverted_dividend_set2_winner,breakpointsconverted_divisor_set2_winner,returngamesplayed_set2_winner,returnrating_set2_loser,returnratinglink_set2_loser,firstservereturnpointswon_percent_set2_loser,firstservereturnpointswon_dividend_set2_loser,firstservereturnpointswon_divisor_set2_loser,secondservereturnpointswon_percent_set2_loser,secondservereturnpointswon_dividend_set2_loser,secondservereturnpointswon_divisor_set2_loser,breakpointsconverted_percent_set2_loser,breakpointsconverted_dividend_set2_loser,breakpointsconverted_divisor_set2_loser,returngamesplayed_set2_loser,totalservicepointswon_percent_set2_winner,totalservicepointswon_dividend_set2_winner,totalservicepointswon_divisor_set2_winner,totalreturnpointswon_percent_set2_winner,totalreturnpointswon_dividend_set2_winner,totalreturnpointswon_divisor_set2_winner,totalpointswon_percent_set2_winner,totalpointswon_dividend_set2_winner,totalpointswon_divisor_set2_winner,totalservicepointswon_percent_set2_loser,totalservicepointswon_dividend_set2_loser,totalservicepointswon_divisor_set2_loser,totalreturnpointswon_percent_set2_loser,totalreturnpointswon_dividend_set2_loser,totalreturnpointswon_divisor_set2_loser,totalpointswon_percent_set2_loser,totalpointswon_dividend_set2_loser,totalpointswon_divisor_set2_loser,serverating_set3_winner,serveratinglink_set3_winner,doublefaults_set3_winner,aces_set3_winner,firstserve_percent_set3_winner,firstserve_dividend_set3_winner,firstserve_divisor_set3_winner,firstservepointswon_percent_set3_winner,firstservepointswon_dividend_set3_winner,firstservepointswon_divisor_set3_winner,secondservepointswon_percent_set3_winner,secondservepointswon_dividend_set3_winner,secondservepointswon_divisor_set3_winner,breakpointssaved_percent_set3_winner,breakpointssaved_dividend_set3_winner,breakpointssaved_divisor_set3_winner,servicegamesplayed_set3_winner,serverating_set3_loser,serveratinglink_set3_loser,doublefaults_set3_loser,aces_set3_loser,firstserve_percent_set3_loser,firstserve_dividend_set3_loser,firstserve_divisor_set3_loser,firstservepointswon_percent_set3_loser,firstservepointswon_dividend_set3_loser,firstservepointswon_divisor_set3_loser,secondservepointswon_percent_set3_loser,secondservepointswon_dividend_set3_loser,secondservepointswon_divisor_set3_loser,breakpointssaved_percent_set3_loser,breakpointssaved_dividend_set3_loser,breakpointssaved_divisor_set3_loser,servicegamesplayed_set3_loser,returnrating_set3_winner,returnratinglink_set3_winner,firstservereturnpointswon_percent_set3_winner,firstservereturnpointswon_dividend_set3_winner,firstservereturnpointswon_divisor_set3_winner,secondservereturnpointswon_percent_set3_winner,secondservereturnpointswon_dividend_set3_winner,secondservereturnpointswon_divisor_set3_winner,breakpointsconverted_percent_set3_winner,breakpointsconverted_dividend_set3_winner,breakpointsconverted_divisor_set3_winner,returngamesplayed_set3_winner,returnrating_set3_loser,returnratinglink_set3_loser,firstservereturnpointswon_percent_set3_loser,firstservereturnpointswon_dividend_set3_loser,firstservereturnpointswon_divisor_set3_loser,secondservereturnpointswon_percent_set3_loser,secondservereturnpointswon_dividend_set3_loser,secondservereturnpointswon_divisor_set3_loser,breakpointsconverted_percent_set3_loser,breakpointsconverted_dividend_set3_loser,breakpointsconverted_divisor_set3_loser,returngamesplayed_set3_loser,totalservicepointswon_percent_set3_winner,totalservicepointswon_dividend_set3_winner,totalservicepointswon_divisor_set3_winner,totalreturnpointswon_percent_set3_winner,totalreturnpointswon_dividend_set3_winner,totalreturnpointswon_divisor_set3_winner,totalpointswon_percent_set3_winner,totalpointswon_dividend_set3_winner,totalpointswon_divisor_set3_winner,totalservicepointswon_percent_set3_loser,totalservicepointswon_dividend_set3_loser,totalservicepointswon_divisor_set3_loser,totalreturnpointswon_percent_set3_loser,totalreturnpointswon_dividend_set3_loser,totalreturnpointswon_divisor_set3_loser,totalpointswon_percent_set3_loser,totalpointswon_dividend_set3_loser,totalpointswon_divisor_set3_loser,serverating_tot_winner,serveratinglink_tot_winner,doublefaults_tot_winner,aces_tot_winner,firstserve_percent_tot_winner,firstserve_dividend_tot_winner,firstserve_divisor_tot_winner,firstservepointswon_percent_tot_winner,firstservepointswon_dividend_tot_winner,firstservepointswon_divisor_tot_winner,secondservepointswon_percent_tot_winner,secondservepointswon_dividend_tot_winner,secondservepointswon_divisor_tot_winner,breakpointssaved_percent_tot_winner,breakpointssaved_dividend_tot_winner,breakpointssaved_divisor_tot_winner,servicegamesplayed_tot_winner,serverating_tot_loser,serveratinglink_tot_loser,doublefaults_tot_loser,aces_tot_loser,firstserve_percent_tot_loser,firstserve_dividend_tot_loser,firstserve_divisor_tot_loser,firstservepointswon_percent_tot_loser,firstservepointswon_dividend_tot_loser,firstservepointswon_divisor_tot_loser,secondservepointswon_percent_tot_loser,secondservepointswon_dividend_tot_loser,secondservepointswon_divisor_tot_loser,breakpointssaved_percent_tot_loser,breakpointssaved_dividend_tot_loser,breakpointssaved_divisor_tot_loser,servicegamesplayed_tot_loser,totalservicepointswon_percent_tot_winner,totalservicepointswon_dividend_tot_winner,totalservicepointswon_divisor_tot_winner,totalreturnpointswon_percent_tot_winner,totalreturnpointswon_dividend_tot_winner,totalreturnpointswon_divisor_tot_winner,totalpointswon_percent_tot_winner,totalpointswon_dividend_tot_winner,totalpointswon_divisor_tot_winner,totalservicepointswon_percent_tot_loser,totalservicepointswon_dividend_tot_loser,totalservicepointswon_divisor_tot_loser,totalreturnpointswon_percent_tot_loser,totalreturnpointswon_dividend_tot_loser,totalreturnpointswon_divisor_tot_loser,totalpointswon_percent_tot_loser,totalpointswon_dividend_tot_loser,totalpointswon_divisor_tot_loser,winner_flag,tiebreak_set1_loser,tiebreak_set2_loser,tiebreak_set2_winner,tiebreak_set1_winner,tiebreak_set3_loser
422,2026,ATP Masters 1000 Cincinnati,1000,2026-08-13T00:00:00,2026-08-23T00:00:00,Hard,96,9415725,$,MS001,Final,01:28:33,"Game Set and Match Arthur Fils. 
 Arthur Fils wins the match  6-3  1-6  6-0 .",F,3,F0F1,A. Fils,F. Tiafoe,F0F1,TD51,FRA,USA,21,17,"Game Set and Match Arthur Fils. 
 Arthur Fils wins the match  6-3  1-6  6-0 .",A. Fils,F. Tiafoe,21,17,FRA,USA,6-3,1-6,6-0,,,01:28:33,348,/en/stats/leaderboard?page=serve,0,8,65,15,23,87,13,15,88,7,8,0,0,0,5,253,/en/stats/leaderboard?page=serve,1,2,32,6,19,83,5,6,62,8,13,50,1,2,4,130,/en/stats/leaderboard?page=return,17,1,6,38,5,13,50,1,2,4,26,/en/stats/leaderboard?page=return,13,2,15,13,1,8,0,0,0,5,87,20,23,32,6,19,62,26,42,68,13,19,13,3,23,38,16,42,181.0,/en/stats/leaderboard?page=serve,1.0,2.0,44.0,8.0,18.0,63.0,5.0,8.0,40.0,4.0,10.0,67.0,4.0,6.0,3.0,299.0,/en/stats/leaderboard?page=serve,0.0,1.0,40.0,8.0,20.0,75.0,6.0,8.0,83.0,10.0,12.0,0.0,0.0,0.0,4.0,42.0,/en/stats/leaderboard?page=return,25.0,2.0,8.0,17.0,2.0,12.0,0.0,0.0,0.0,4.0,197.0,/en/stats/leaderboard?page=return,38.0,3.0,8.0,60.0,6.0,10.0,33.0,2.0,6.0,3.0,50.0,9.0,18.0,20.0,4.0,20.0,34.0,13.0,38.0,80.0,16.0,20.0,50.0,9.0,18.0,66.0,25.0,38.0,309.0,/en/stats/leaderboard?page=serve,0.0,1.0,67.0,12.0,18.0,58.0,7.0,12.0,83.0,5.0,6.0,0.0,0.0,0.0,3.0,124.0,/en/stats/leaderboard?page=serve,3.0,1.0,43.0,13.0,30.0,54.0,7.0,13.0,29.0,5.0,17.0,50.0,3.0,6.0,3.0,267.0,/en/stats/leaderboard?page=return,46.0,6.0,13.0,71.0,12.0,17.0,50.0,3.0,6.0,3.0,59.0,/en/stats/leaderboard?page=return,42.0,5.0,12.0,17.0,1.0,6.0,0.0,0.0,0.0,3.0,67.0,12.0,18.0,60.0,18.0,30.0,63.0,30.0,48.0,40.0,12.0,30.0,33.0,6.0,18.0,38.0,18.0,48.0,288,/en/stats/leaderboard?page=serve,1,11,59,35,59,71,25,35,67,16,24,67,4,6,11,224,/en/stats/leaderboard?page=serve,4,4,39,27,69,67,18,27,55,23,42,50,4,8,11,69,41,59,41,28,69,54,69,128,59,41,69,31,18,59,46,59,128,A,,,,,
422,2026,ATP Masters 1000 Cincinnati,1000,2026-08-13T00:00:00,2026-08-23T00:00:00,Hard,96,9415725,$,MS002,Semifinals,01:07:35,"Game Set and Match Arthur Fils. 
 Arthur Fils wins the match  6-3  6-4 .",F,3,F0F1,F. Cobolli,A. Fils,C0E9,F0F1,ITA,FRA,7,21,"Game Set and Match Arthur Fils. 
 Arthur Fils wins the match  6-3  6-4 .",A. Fils,F. Cobolli,21,7,FRA,ITA,3-6,4-6,,,,01:07:35,254,/en/stats/leaderboard?page=serve,3,1,50,16,32,88,14,16,38,6,16,50,1,2,5,201,/en/stats/leaderboard?page=serve,0,0,57,12,21,50,6,12,44,4,9,33,1,3,4,223,/en/stats/leaderboard?page=return,50,6,12,56,5,9,67,2,3,4,146,/en/stats/leaderboard?page=return,13,2,16,63,10,16,50,1,2,5,63,20,32,52,11,21,58,31,53,48,10,21,38,12,32,42,22,53,324.0,/en/stats/leaderboard?page=serve,0.0,5.0,65.0,17.0,26.0,76.0,13.0,17.0,78.0,7.0,9.0,0.0,0.0,0.0,5.0,288.0,/en/stats/leaderboard?page=serve,1.0,2.0,64.0,14.0,22.0,93.0,13.0,14.0,50.0,4.0,8.0,0.0,0.0,1.0,5.0,177.0,/en/stats/leaderboard?page=return,7.0,1.0,14.0,50.0,4.0,8.0,100.0,1.0,1.0,5.0,46.0,/en/stats/leaderboard?page=return,24.0,4.0,17.0,22.0,2.0,9.0,0.0,0.0,0.0,5.0,77.0,20.0,26.0,23.0,5.0,22.0,52.0,25.0,48.0,77.0,17.0,22.0,23.0,6.0,26.0,48.0,23.0,48.0,,,,,,,,,,,,,,,,,,,,,,,,,,,,,,,,,,,,,,,,,,,,,,,,,,,,,,,,,,,,,,,,,,,,,,,,,,,,,284,/en/stats/leaderboard?page=serve,3,6,57,33,58,82,27,33,52,13,25,50,1,2,10,247,/en/stats/leaderboard?page=serve,1,2,60,26,43,73,19,26,47,8,17,25,1,4,9,69,40,58,37,16,43,55,56,101,63,27,43,31,18,58,45,45,101,B,,,,,
422,2026,ATP Masters 1000 Cincinnati,1000,2026-08-13T00:00:00,2026-08-23T00:00:00,Hard,96,9415725,$,MS003,Semifinals,01:42:42,"Game Set and Match Frances Tiafoe. 
 Frances Tiafoe wins the match  7-5  6-3 .",F,3,TD51,B. Nakashima,F. Tiafoe,N0AE,TD51,USA,USA,27,17,"Game Set and Match Frances Tiafoe. 
 Frances Tiafoe wins the match  7-5  6-3 .",F. Tiafoe,B. Nakashima,17,27,USA,USA,5-7,3-6,,,,01:42:42,226,/en/stats/leaderboard?page=serve,4,5,49,26,53,73,19,26,37,10,27,78,7,9,6,211,/en/stats/leaderboard?page=serve,1,4,53,20,38,55,11,20,50,9,18,50,3,6,6,195,/en/stats/leaderboard?page=return,45,9,20,50,9,18,50,3,6,6,145,/en/stats/leaderboard?page=return,27,7,26,63,17,27,22,2,9,6,55,29,53,47,18,38,52,47,91,53,20,38,45,24,53,48,44,91,312.0,/en/stats/leaderboard?page=serve,1.0,2.0,59.0,13.0,22.0,85.0,11.0,13.0,67.0,6.0,9.0,0.0,0.0,0.0,4.0,226.0,/en/stats/leaderboard?page=serve,1.0,5.0,47.0,14.0,30.0,71.0,10.0,14.0,44.0,7.0,16.0,50.0,2.0,4.0,5.0,175.0,/en/stats/leaderboard?page=return,29.0,4.0,14.0,56.0,9.0,16.0,50.0,2.0,4.0,5.0,48.0,/en/stats/leaderboard?page=return,15.0,2.0,13.0,33.0,3.0,9.0,0.0,0.0,0.0,4.0,77.0,17.0,22.0,43.0,13.0,30.0,58.0,30.0,52.0,57.0,17.0,30.0,23.0,5.0,22.0,42.0,22.0,52.0,,,,,,,,,,,,,,,,,,,,,,,,,,,,,,,,,,,,,,,,,,,,,,,,,,,,,,,,,,,,,,,,,,,,,,,,,,,,,255,/en/stats/leaderboard?page=serve,5,7,52,39,75,77,30,39,44,16,36,78,7,9,10,220,/en/stats/leaderboard?page=serve,2,9,50,34,68,62,21,34,47,16,34,50,5,10,11,61,46,75,46,31,68,54,77,143,54,37,68,39,29,75,46,66,143,B,,,,,
422,2026,ATP Masters 1000 Cincinnati,1000,2026-08-13T00:00:00,2026-08-23T00:00:00,Hard,96,9415725,$,MS004,Quarterfinals,01:57:38,"Game Set and Match Flavio Cobolli. 
 Flavio Cobolli wins the match  2-6  6-3  6-4 .",F,3,C0E9,T. Paul,F. Cobolli,PL56,C0E9,USA,ITA,18,7,"Game Set and Match Flavio Cobolli. 
 Flavio Cobolli wins the match  2-6  6-3  6-4 .",F. Cobolli,T. Paul,7,18,ITA,USA,6-2,3-6,4-6,,,01:57:38,215,/en/stats/leaderboard?page=serve,0,2,57,13,23,46,6,13,60,6,10,33,1,3,4,312,/en/stats/leaderboard?page=serve,1,5,75,15,20,93,14,15,40,2,5,0,0,0,4,67,/en/stats/leaderboard?page=return,7,1,15,60,3,5,0,0,0,4,211,/en/stats/leaderboard?page=return,54,7,13,40,4,10,67,2,3,4,52,12,23,20,4,20,37,16,43,80,16,20,48,11,23,63,27,43,288.0,/en/stats/leaderboard?page=serve,1.0,5.0,54.0,20.0,37.0,65.0,13.0,20.0,65.0,11.0,17.0,100.0,1.0,1.0,5.0,262.0,/en/stats/leaderboard?page=serve,1.0,5.0,65.0,15.0,23.0,80.0,12.0,15.0,38.0,3.0,8.0,67.0,2.0,3.0,4.0,141.0,/en/stats/leaderboard?page=return,20.0,3.0,15.0,63.0,5.0,8.0,33.0,1.0,3.0,4.0,70.0,/en/stats/leaderboard?page=return,35.0,7.0,20.0,35.0,6.0,17.0,0.0,0.0,1.0,5.0,65.0,24.0,37.0,35.0,8.0,23.0,53.0,32.0,60.0,65.0,15.0,23.0,35.0,13.0,37.0,47.0,28.0,60.0,320.0,/en/stats/leaderboard?page=serve,0.0,3.0,50.0,12.0,24.0,100.0,12.0,12.0,67.0,8.0,12.0,0.0,0.0,0.0,5.0,252.0,/en/stats/leaderboard?page=serve,1.0,2.0,50.0,19.0,38.0,58.0,11.0,19.0,63.0,12.0,19.0,80.0,4.0,5.0,5.0,119.0,/en/stats/leaderboard?page=return,42.0,8.0,19.0,37.0,7.0,19.0,20.0,1.0,5.0,5.0,33.0,/en/stats/leaderboard?page=return,0.0,0.0,12.0,33.0,4.0,12.0,0.0,0.0,0.0,5.0,83.0,20.0,24.0,39.0,15.0,38.0,56.0,35.0,62.0,61.0,23.0,38.0,17.0,4.0,24.0,44.0,27.0,62.0,281,/en/stats/leaderboard?page=serve,1,10,54,45,84,69,31,45,64,25,39,50,2,4,14,282,/en/stats/leaderboard?page=serve,3,12,60,49,81,76,37,49,53,17,32,75,6,8,13,67,56,84,33,27,81,50,83,165,67,54,81,33,28,84,50,82,165,B,,,,,
422,2026,ATP Masters 1000 Cincinnati,1000,2026-08-13T00:00:00,2026-08-23T00:00:00,Hard,96,9415725,$,MS005,Quarterfinals,01:04:43,"Game Set and Match Arthur Fils. 
 Arthur Fils wins the match  6-3  6-2 .",F,3,F0F1,T. Tirante,A. Fils,T0A1,F0F1,ARG,FRA,,21,"Game Set and Match Arthur Fils. 
 Arthur Fils wins the match  6-3  6-2 .",A. Fils,T. Tirante,21,,FRA,ARG,3-6,2-6,,,,01:04:43,337,/en/stats/leaderboard?page=serve,0,2,69,18,26,78,14,18,88,7,8,0,0,0,5,249,/en/stats/leaderboard?page=serve,1,2,41,9,22,78,7,9,54,7,13,0,0,1,4,193,/en/stats/leaderboard?page=return,22,2,9,46,6,13,100,1,1,4,35,/en/stats/leaderboard?page=return,22,4,18,13,1,8,0,0,0,5,81,21,26,36,8,22,60,29,48,64,14,22,19,5,26,40,19,48,304.0,/en/stats/leaderboard?page=serve,0.0,1.0,52.0,11.0,21.0,91.0,10.0,11.0,60.0,6.0,10.0,0.0,0.0,0.0,4.0,197.0,/en/stats/leaderboard?page=serve,0.0,4.0,50.0,13.0,26.0,62.0,8.0,13.0,31.0,4.0,13.0,50.0,2.0,4.0,4.0,207.0,/en/stats/leaderboard?page=return,38.0,5.0,13.0,69.0,9.0,13.0,50.0,2.0,4.0,4.0,49.0,/en/stats/leaderboard?page=return,9.0,1.0,11.0,40.0,4.0,10.0,0.0,0.0,0.0,4.0,76.0,16.0,21.0,54.0,14.0,26.0,64.0,30.0,47.0,46.0,12.0,26.0,24.0,5.0,21.0,36.0,17.0,47.0,,,,,,,,,,,,,,,,,,,,,,,,,,,,,,,,,,,,,,,,,,,,,,,,,,,,,,,,,,,,,,,,,,,,,,,,,,,,,320,/en/stats/leaderboard?page=serve,0,3,62,29,47,83,24,29,72,13,18,0,0,0,9,223,/en/stats/leaderboard?page=serve,1,6,46,22,48,68,15,22,42,11,26,40,2,5,8,79,37,47,46,22,48,62,59,95,54,26,48,21,10,47,38,36,95,B,,,,,
422,2026,ATP Masters 1000 Cincinnati,1000,2026-08-13T00:00:00,2026-08-23T00:00:00,Hard,96,9415725,$,MS006,Quarterfinals,02:13:27,"Game Set and Match Brandon Nakashima. 
 Brandon Nakashima wins the match  7-6(9) 4-6  6-3 .",F,3,N0AE,T. Fritz,B. Nakashima,FB98,N0AE,USA,USA,6,27,"Game Set and Match Brandon Nakashima. 
 Brandon Nakashima wins the match  7-6(9) 4-6  6-3 .",B. Nakashima,T. Fritz,27,6,USA,USA,6-7(9),6-4,3-6,,,02:13:27,296,/en/stats/leaderboard?page=serve,1,5,66,29,44,86,25,29,40,6,15,100,1,1,6,333,/en/stats/leaderboard?page=serve,1,14,64,23,36,87,20,23,69,9,13,0,0,0,6,44,/en/stats/leaderboard?page=return,13,3,23,31,4,13,0,0,0,6,74,/en/stats/leaderboard?page=return,14,4,29,60,9,15,0,0,1,6,70,31,44,19,7,36,48,38,80,81,29,36,30,13,44,53,42,80,256.0,/en/stats/leaderboard?page=serve,2.0,2.0,48.0,16.0,33.0,75.0,12.0,16.0,53.0,9.0,17.0,67.0,2.0,3.0,5.0,312.0,/en/stats/leaderboard?page=serve,1.0,6.0,52.0,14.0,27.0,93.0,13.0,14.0,62.0,8.0,13.0,0.0,0.0,0.0,5.0,45.0,/en/stats/leaderboard?page=return,7.0,1.0,14.0,38.0,5.0,13.0,0.0,0.0,0.0,5.0,125.0,/en/stats/leaderboard?page=return,25.0,4.0,16.0,47.0,8.0,17.0,33.0,1.0,3.0,5.0,64.0,21.0,33.0,22.0,6.0,27.0,45.0,27.0,60.0,78.0,21.0,27.0,36.0,12.0,33.0,55.0,33.0,60.0,267.0,/en/stats/leaderboard?page=serve,1.0,6.0,56.0,15.0,27.0,93.0,14.0,15.0,33.0,4.0,12.0,50.0,1.0,2.0,5.0,199.0,/en/stats/leaderboard?page=serve,1.0,2.0,56.0,15.0,27.0,67.0,10.0,15.0,25.0,3.0,12.0,33.0,1.0,3.0,4.0,225.0,/en/stats/leaderboard?page=return,33.0,5.0,15.0,75.0,9.0,12.0,67.0,2.0,3.0,4.0,144.0,/en/stats/leaderboard?page=return,7.0,1.0,15.0,67.0,8.0,12.0,50.0,1.0,2.0,5.0,67.0,18.0,27.0,52.0,14.0,27.0,59.0,32.0,54.0,48.0,13.0,27.0,33.0,9.0,27.0,41.0,22.0,54.0,282,/en/stats/leaderboard?page=serve,4,13,58,60,104,85,51,60,43,19,44,67,4,6,16,299,/en/stats/leaderboard?page=serve,3,22,58,52,90,83,43,52,53,20,38,33,1,3,15,67,70,104,30,27,90,50,97,194,70,63,90,33,34,104,50,97,194,B,9.0,,,,
422,2026,ATP Masters 1000 Cincinnati,1000,2026-08-13T00:00:00,2026-08-23T00:00:00,Hard,96,9415725,$,MS007,Quarterfinals,02:17:09,"Game Set and Match Frances Tiafoe. 
 Frances Tiafoe wins the match  7-6(2) 7-5 .",F,3,TD51,L. Musetti,F. Tiafoe,M0EJ,TD51,ITA,USA,10,17,"Game Set and Match Frances Tiafoe. 
 Frances Tiafoe wins the match  7-6(2) 7-5 .",F. Tiafoe,L. Musetti,17,10,USA,ITA,6-7(2),5-7,,,,02:17:09,264,/en/stats/leaderboard?page=serve,1,4,47,21,45,81,17,21,50,12,24,50,1,2,6,251,/en/stats/leaderboard?page=serve,3,3,46,24,52,79,19,24,43,12,28,80,4,5,6,114,/en/stats/leaderboard?page=return,21,5,24,57,16,28,20,1,5,6,135,/en/stats/leaderboard?page=return,19,4,21,50,12,24,50,1,2,6,64,29,45,40,21,52,52,50,97,60,31,52,36,16,45,48,47,97,265.0,/en/stats/leaderboard?page=serve,1.0,0.0,42.0,15.0,36.0,93.0,14.0,15.0,48.0,10.0,21.0,50.0,1.0,2.0,6.0,231.0,/en/stats/leaderboard?page=serve,1.0,1.0,60.0,25.0,42.0,64.0,16.0,25.0,41.0,7.0,17.0,33.0,1.0,3.0,6.0,195.0,/en/stats/leaderboard?page=return,36.0,9.0,25.0,59.0,10.0,17.0,67.0,2.0,3.0,6.0,125.0,/en/stats/leaderboard?page=return,7.0,1.0,15.0,52.0,11.0,21.0,50.0,1.0,2.0,6.0,67.0,24.0,36.0,45.0,19.0,42.0,55.0,43.0,78.0,55.0,23.0,42.0,33.0,12.0,36.0,45.0,35.0,78.0,,,,,,,,,,,,,,,,,,,,,,,,,,,,,,,,,,,,,,,,,,,,,,,,,,,,,,,,,,,,,,,,,,,,,,,,,,,,,264,/en/stats/leaderboard?page=serve,2,4,44,36,81,86,31,36,49,22,45,50,2,4,12,240,/en/stats/leaderboard?page=serve,4,4,52,49,94,71,35,49,42,19,45,63,5,8,12,65,53,81,43,40,94,53,93,175,57,54,94,35,28,81,47,82,175,B,2.0,,,,
422,2026,ATP Masters 1000 Cincinnati,1000,2026-08-13T00:00:00,2026-08-23T00:00:00,Hard,96,9415725,$,MS008,Round of 16,02:51:05,"Game Set and Match Tommy Paul. 
 Tommy Paul wins the match  4-6  7-6(6) 6-4 .",F,3,PL56,A. Zverev,T. Paul,Z355,PL56,GER,USA,1,18,"Game Set and Match Tommy Paul. 
 Tommy Paul wins the match  4-6  7-6(6) 6-4 .",T. Paul,A. Zverev,18,1,USA,GER,6-4,6-7(6),4-6,,,02:51:05,286,/en/stats/leaderboard?page=serve,0,3,65,17,26,71,12,17,67,6,9,0,0,1,5,297,/en/stats/leaderboard?page=serve,2,7,65,22,34,77,17,22,50,6,12,0,0,0,5,73,/en/stats/leaderboard?page=return,23,5,22,50,6,12,0,0,0,5,182,/en/stats/leaderboard?page=return,29,5,17,33,3,9,100,1,1,5,69,18,26,32,11,34,48,29,60,68,23,34,31,8,26,52,31,60,325.0,/en/stats/leaderboard?page=serve,0.0,5.0,64.0,23.0,36.0,87.0,20.0,23.0,69.0,9.0,13.0,0.0,0.0,0.0,6.0,310.0,/en/stats/leaderboard?page=serve,4.0,4.0,77.0,33.0,43.0,73.0,24.0,33.0,60.0,6.0,10.0,0.0,0.0,0.0,6.0,67.0,/en/stats/leaderboard?page=return,27.0,9.0,33.0,40.0,4.0,10.0,0.0,0.0,0.0,6.0,44.0,/en/stats/leaderboard?page=return,13.0,3.0,23.0,31.0,4.0,13.0,0.0,0.0,0.0,6.0,81.0,29.0,36.0,30.0,13.0,43.0,53.0,42.0,79.0,70.0,30.0,43.0,19.0,7.0,36.0,47.0,37.0,79.0,258.0,/en/stats/leaderboard?page=serve,1.0,1.0,68.0,23.0,34.0,65.0,15.0,23.0,45.0,5.0,11.0,75.0,3.0,4.0,5.0,243.0,/en/stats/leaderboard?page=serve,3.0,3.0,60.0,15.0,25.0,73.0,11.0,15.0,50.0,5.0,10.0,33.0,1.0,3.0,5.0,184.0,/en/stats/leaderboard?page=return,27.0,4.0,15.0,50.0,5.0,10.0,67.0,2.0,3.0,5.0,135.0,/en/stats/leaderboard?page=return,35.0,8.0,23.0,55.0,6.0,11.0,25.0,1.0,4.0,5.0,59.0,20.0,34.0,36.0,9.0,25.0,49.0,29.0,59.0,64.0,16.0,25.0,41.0,14.0,34.0,51.0,30.0,59.0,297,/en/stats/leaderboard?page=serve,1,9,66,63,96,75,47,63,61,20,33,60,3,5,16,288,/en/stats/leaderboard?page=serve,9,14,69,70,102,74,52,70,53,17,32,33,1,3,16,70,67,96,32,33,102,51,100,198,68,69,102,30,29,96,49,98,198,B,,6.0,,,
422,2026,ATP Masters 1000 Cincinnati,1000,2026-08-13T00:00:00,2026-08-23T00:00:00,Hard,96,9415725,$,MS009,Round of 16,02:31:35,"Game Set and Match Flavio Cobolli. 
 Flavio Cobolli wins the match  4-6  7-6(3) 6-3 .",F,3,C0E9,R. Jodar,F. Cobolli,J0DZ,C0E9,ESP,ITA,12,7,"Game Set and Match Flavio Cobolli. 
 Flavio Cobolli wins the match  4-6  7-6(3) 6-3 .",F. Cobolli,R. Jodar,7,12,ITA,ESP,6-4,6-7(3),3-6,,,02:31:35,225,/en/stats/leaderboard?page=serve,1,2,58,22,38,50,11,22,56,9,16,67,4,6,5,259,/en/stats/leaderboard?page=serve,1,2,74,31,42,68,21,31,36,4,11,75,3,4,5,141,/en/stats/leaderboard?page=return,32,10,31,64,7,11,25,1,4,5,167,/en/stats/leaderboard?page=return,50,11,22,44,7,16,33,2,6,5,53,20,38,40,17,42,46,37,80,60,25,42,47,18,38,54,43,80,268.0,/en/stats/leaderboard?page=serve,2.0,3.0,58.0,25.0,43.0,76.0,19.0,25.0,50.0,9.0,18.0,0.0,0.0,1.0,6.0,268.0,/en/stats/leaderboard?page=serve,0.0,4.0,58.0,23.0,40.0,70.0,16.0,23.0,53.0,9.0,17.0,0.0,0.0,1.0,6.0,193.0,/en/stats/leaderboard?page=return,30.0,7.0,23.0,47.0,8.0,17.0,100.0,1.0,1.0,6.0,190.0,/en/stats/leaderboard?page=return,24.0,6.0,25.0,50.0,9.0,18.0,100.0,1.0,1.0,6.0,65.0,28.0,43.0,38.0,15.0,40.0,52.0,43.0,83.0,63.0,25.0,40.0,35.0,15.0,43.0,48.0,40.0,83.0,293.0,/en/stats/leaderboard?page=serve,0.0,3.0,56.0,19.0,34.0,74.0,14.0,19.0,60.0,9.0,15.0,100.0,1.0,1.0,5.0,251.0,/en/stats/leaderboard?page=serve,2.0,1.0,65.0,13.0,20.0,69.0,9.0,13.0,43.0,3.0,7.0,0.0,0.0,1.0,4.0,213.0,/en/stats/leaderboard?page=return,31.0,4.0,13.0,57.0,4.0,7.0,100.0,1.0,1.0,4.0,66.0,/en/stats/leaderboard?page=return,26.0,5.0,19.0,40.0,6.0,15.0,0.0,0.0,1.0,5.0,68.0,23.0,34.0,40.0,8.0,20.0,57.0,31.0,54.0,60.0,12.0,20.0,32.0,11.0,34.0,43.0,23.0,54.0,265,/en/stats/leaderboard?page=serve,3,8,57,66,115,67,44,66,55,27,49,63,5,8,16,265,/en/stats/leaderboard?page=serve,3,7,66,67,102,69,46,67,46,16,35,50,3,6,15,62,71,115,39,40,102,51,111,217,61,62,102,38,44,115,49,106,217,B,,3.0,,,
422,2026,ATP Masters 1000 Cincinnati,1000,2026-08-13T00:00:00,2026-08-23T00:00:00,Hard,96,9415725,$,MS010,Round of 16,02:14:52,"Game Set and Match Thiago Agustin Tirante. 
 Thiago Agustin Tirante wins the match  5-7  6-4  6-4 .",F,3,T0A1,T. Tirante,J. Mensik,T0A1,M0NI,ARG,CZE,,14,"Game Set and Match Thiago Agustin Tirante. 
 Thiago Agustin Tirante wins the match  5-7  6-4  6-4 .",T. Tirante,J. Mensik,,14,ARG,CZE,5-7,6-4,6-4,,,02:14:52,278,/en/stats/leaderboard?page=serve,0,5,61,19,31,79,15,19,50,6,12,0,0,1,6,319,/en/stats/leaderboard?page=serve,1,6,68,21,31,86,18,21,60,6,10,0,0,0,6,54,/en/stats/leaderboard?page=return,14,3,21,40,4,10,0,0,0,6,187,/en/stats/leaderboard?page=return,21,4,19,50,6,12,100,1,1,6,68,21,31,23,7,31,45,28,62,77,24,31,32,10,31,55,34,62,297.0,/en/stats/leaderboard?page=serve,0.0,1.0,44.0,12.0,27.0,92.0,11.0,12.0,60.0,9.0,15.0,0.0,0.0,0.0,5.0,251.0,/en/stats/leaderboard?page=serve,0.0,2.0,44.0,16.0,36.0,75.0,12.0,16.0,50.0,10.0,20.0,67.0,2.0,3.0,5.0,128.0,/en/stats/leaderboard?page=return,25.0,4.0,16.0,50.0,10.0,20.0,33.0,1.0,3.0,5.0,48.0,/en/stats/leaderboard?page=return,8.0,1.0,12.0,40.0,6.0,15.0,0.0,0.0,0.0,5.0,74.0,20.0,27.0,39.0,14.0,36.0,54.0,34.0,63.0,61.0,22.0,36.0,26.0,7.0,27.0,46.0,29.0,63.0,264.0,/en/stats/leaderboard?page=serve,2.0,2.0,52.0,14.0,27.0,86.0,12.0,14.0,46.0,6.0,13.0,67.0,2.0,3.0,5.0,216.0,/en/stats/leaderboard?page=serve,5.0,1.0,66.0,21.0,32.0,76.0,16.0,21.0,18.0,2.0,11.0,50.0,2.0,4.0,5.0,196.0,/en/stats/leaderboard?page=return,24.0,5.0,21.0,82.0,9.0,11.0,50.0,2.0,4.0,5.0,121.0,/en/stats/leaderboard?page=return,14.0,2.0,14.0,54.0,7.0,13.0,33.0,1.0,3.0,5.0,67.0,18.0,27.0,44.0,14.0,32.0,54.0,32.0,59.0,56.0,18.0,32.0,33.0,9.0,27.0,46.0,27.0,59.0,283,/en/stats/leaderboard?page=serve,2,8,53,45,85,84,38,45,53,21,40,50,2,4,16,266,/en/stats/leaderboard?page=serve,6,9,59,58,99,79,46,58,44,18,41,57,4,7,16,69,59,85,35,35,99,51,94,184,65,64,99,31,26,85,49,90,184,A,,,,,
422,2026,ATP Masters 1000 Cincinnati,1000,2026-08-13T00:00:00,2026-08-23T00:00:00,Hard,96,9415725,$,MS011,Round of 16,01:22:15,"Game Set and Match Arthur Fils. 
 Arthur Fils wins the match  6-3  6-4 .",F,3,F0F1,A. Fils,A. de Minaur,F0F1,DH58,FRA,AUS,21,5,"Game Set and Match Arthur Fils. 
 Arthur Fils wins the match  6-3  6-4 .",A. Fils,A. de Minaur,21,5,FRA,AUS,6-3,6-4,,,,01:22:15,300,/en/stats/leaderboard?page=serve,1,2,67,22,33,77,17,22,55,6,11,100,2,2,5,253,/en/stats/leaderboard?page=serve,1,1,54,13,24,69,9,13,55,6,11,50,1,2,4,151,/en/stats/leaderboard?page=return,31,4,13,45,5,11,50,1,2,4,68,/en/stats/leaderboard?page=return,23,5,22,45,5,11,0,0,2,5,70,23,33,38,9,24,56,32,57,63,15,24,30,10,33,44,25,57,340.0,/en/stats/leaderboard?page=serve,1.0,0.0,75.0,18.0,24.0,83.0,15.0,18.0,83.0,5.0,6.0,0.0,0.0,0.0,5.0,252.0,/en/stats/leaderboard?page=serve,2.0,3.0,60.0,24.0,40.0,67.0,16.0,24.0,44.0,7.0,16.0,86.0,6.0,7.0,5.0,123.0,/en/stats/leaderboard?page=return,33.0,8.0,24.0,56.0,9.0,16.0,14.0,1.0,7.0,5.0,34.0,/en/stats/leaderboard?page=return,17.0,3.0,18.0,17.0,1.0,6.0,0.0,0.0,0.0,5.0,83.0,20.0,24.0,43.0,17.0,40.0,58.0,37.0,64.0,58.0,23.0,40.0,17.0,4.0,24.0,42.0,27.0,64.0,,,,,,,,,,,,,,,,,,,,,,,,,,,,,,,,,,,,,,,,,,,,,,,,,,,,,,,,,,,,,,,,,,,,,,,,,,,,,315,/en/stats/leaderboard?page=serve,2,2,70,40,57,80,32,40,65,11,17,100,2,2,10,252,/en/stats/leaderboard?page=serve,3,4,58,37,64,68,25,37,48,13,27,78,7,9,9,75,43,57,41,26,64,57,69,121,59,38,64,25,14,57,43,52,121,A,,,,,
422,2026,ATP Masters 1000 Cincinnati,1000,2026-08-13T00:00:00,2026-08-23T00:00:00,Hard,96,9415725,$,MS012,Round of 16,01:17:09,"Game Set and Match Taylor Fritz. 
 Taylor Fritz wins the match  6-4  6-3 .",F,3,FB98,T. Fritz,C. O'Connell,FB98,O483,USA,AUS,6,,"Game Set and Match Taylor Fritz. 
 Taylor Fritz wins the match  6-4  6-3 .",T. Fritz,C. O'Connell,6,,USA,AUS,6-4,6-3,,,,01:17:09,307,/en/stats/leaderboard?page=serve,2,7,63,19,30,84,16,19,55,6,11,100,1,1,5,256,/en/stats/leaderboard?page=serve,1,2,43,13,30,85,11,13,47,8,17,75,3,4,5,113,/en/stats/leaderboard?page=return,15,2,13,53,9,17,25,1,4,5,61,/en/stats/leaderboard?page=return,16,3,19,45,5,11,0,0,1,5,73,22,30,37,11,30,55,33,60,63,19,30,27,8,30,45,27,60,316.0,/en/stats/leaderboard?page=serve,1.0,3.0,68.0,19.0,28.0,68.0,13.0,19.0,78.0,7.0,9.0,0.0,0.0,0.0,5.0,249.0,/en/stats/leaderboard?page=serve,0.0,1.0,59.0,13.0,22.0,92.0,12.0,13.0,22.0,2.0,9.0,67.0,2.0,3.0,4.0,144.0,/en/stats/leaderboard?page=return,8.0,1.0,13.0,78.0,7.0,9.0,33.0,1.0,3.0,4.0,54.0,/en/stats/leaderboard?page=return,32.0,6.0,19.0,22.0,2.0,9.0,0.0,0.0,0.0,5.0,71.0,20.0,28.0,36.0,8.0,22.0,56.0,28.0,50.0,64.0,14.0,22.0,29.0,8.0,28.0,44.0,22.0,50.0,,,,,,,,,,,,,,,,,,,,,,,,,,,,,,,,,,,,,,,,,,,,,,,,,,,,,,,,,,,,,,,,,,,,,,,,,,,,,314,/en/stats/leaderboard?page=serve,3,10,66,38,58,76,29,38,65,13,20,100,1,1,10,255,/en/stats/leaderboard?page=serve,1,3,50,26,52,88,23,26,38,10,26,71,5,7,9,72,42,58,37,19,52,55,61,110,63,33,52,28,16,58,45,49,110,A,,,,,
422,2026,ATP Masters 1000 Cincinnati,1000,2026-08-13T00:00:00,2026-08-23T00:00:00,Hard,96,9415725,$,MS013,Round of 16,02:20:31,"Game Set and Match Brandon Nakashima. 
 Brandon Nakashima wins the match  6-3 6-7(5) 6-3 .",F,3,N0AE,N. Borges,B. Nakashima,BT72,N0AE,POR,USA,,27,"Game Set and Match Brandon Nakashima. 
 Brandon Nakashima wins the match  6-3 6-7(5) 6-3 .",B. Nakashima,N. Borges,27,,USA,POR,3-6,7-6(5),3-6,,,02:20:31,313,/en/stats/leaderboard?page=serve,0,7,62,16,26,94,15,16,50,5,10,0,0,0,5,247,/en/stats/leaderboard?page=serve,1,2,64,18,28,67,12,18,40,4,10,75,3,4,4,143,/en/stats/leaderboard?page=return,33,6,18,60,6,10,25,1,4,4,56,/en/stats/leaderboard?page=return,6,1,16,50,5,10,0,0,0,5,77,20,26,43,12,28,59,32,54,57,16,28,23,6,26,41,22,54,302.0,/en/stats/leaderboard?page=serve,2.0,12.0,60.0,28.0,47.0,79.0,22.0,28.0,53.0,10.0,19.0,0.0,0.0,0.0,6.0,300.0,/en/stats/leaderboard?page=serve,1.0,5.0,60.0,29.0,48.0,83.0,24.0,29.0,53.0,10.0,19.0,100.0,3.0,3.0,6.0,64.0,/en/stats/leaderboard?page=return,17.0,5.0,29.0,47.0,9.0,19.0,0.0,0.0,3.0,6.0,68.0,/en/stats/leaderboard?page=return,21.0,6.0,28.0,47.0,9.0,19.0,0.0,0.0,0.0,6.0,68.0,32.0,47.0,29.0,14.0,48.0,48.0,46.0,95.0,71.0,34.0,48.0,32.0,15.0,47.0,52.0,49.0,95.0,295.0,/en/stats/leaderboard?page=serve,1.0,8.0,53.0,17.0,32.0,88.0,15.0,17.0,47.0,7.0,15.0,100.0,4.0,4.0,5.0,249.0,/en/stats/leaderboard?page=serve,0.0,1.0,55.0,12.0,22.0,58.0,7.0,12.0,60.0,6.0,10.0,50.0,1.0,2.0,4.0,157.0,/en/stats/leaderboard?page=return,42.0,5.0,12.0,40.0,4.0,10.0,50.0,1.0,2.0,4.0,65.0,/en/stats/leaderboard?page=return,12.0,2.0,17.0,53.0,8.0,15.0,0.0,0.0,4.0,5.0,69.0,22.0,32.0,41.0,9.0,22.0,57.0,31.0,54.0,59.0,13.0,22.0,31.0,10.0,32.0,43.0,23.0,54.0,317,/en/stats/leaderboard?page=serve,3,27,58,61,105,85,52,61,50,22,44,100,4,4,16,275,/en/stats/leaderboard?page=serve,2,8,60,59,98,73,43,59,51,20,39,78,7,9,14,70,74,105,36,35,98,54,109,203,64,63,98,30,31,105,46,94,203,B,,,5.0,,
422,2026,ATP Masters 1000 Cincinnati,1000,2026-08-13T00:00:00,2026-08-23T00:00:00,Hard,96,9415725,$,MS014,Round of 16,01:15:28,"Game Set and Match Lorenzo Musetti. 
 Lorenzo Musetti wins the match  7-5  6-2 .",F,3,M0EJ,J. Faria,L. Musetti,F0F2,M0EJ,POR,ITA,,10,"Game Set and Match Lorenzo Musetti. 
 Lorenzo Musetti wins the match  7-5  6-2 .",L. Musetti,J. Faria,10,,ITA,POR,5-7,2-6,,,,01:15:28,293,/en/stats/leaderboard?page=serve,1,1,61,17,28,76,13,17,73,8,11,0,0,1,6,233,/en/stats/leaderboard?page=serve,2,3,38,12,32,83,10,12,45,9,20,0,0,2,6,205,/en/stats/leaderboard?page=return,17,2,12,55,11,20,100,2,2,6,167,/en/stats/leaderboard?page=return,24,4,17,27,3,11,100,1,1,6,75,21,28,41,13,32,57,34,60,59,19,32,25,7,28,43,26,60,337.0,/en/stats/leaderboard?page=serve,0.0,5.0,81.0,17.0,21.0,76.0,13.0,17.0,75.0,3.0,4.0,0.0,0.0,0.0,4.0,202.0,/en/stats/leaderboard?page=serve,2.0,1.0,68.0,19.0,28.0,63.0,12.0,19.0,22.0,2.0,9.0,0.0,0.0,2.0,4.0,265.0,/en/stats/leaderboard?page=return,37.0,7.0,19.0,78.0,7.0,9.0,100.0,2.0,2.0,4.0,49.0,/en/stats/leaderboard?page=return,24.0,4.0,17.0,25.0,1.0,4.0,0.0,0.0,0.0,4.0,76.0,16.0,21.0,50.0,14.0,28.0,61.0,30.0,49.0,50.0,14.0,28.0,24.0,5.0,21.0,39.0,19.0,49.0,,,,,,,,,,,,,,,,,,,,,,,,,,,,,,,,,,,,,,,,,,,,,,,,,,,,,,,,,,,,,,,,,,,,,,,,,,,,,313,/en/stats/leaderboard?page=serve,1,6,69,34,49,76,26,34,73,11,15,0,0,1,10,221,/en/stats/leaderboard?page=serve,4,4,52,31,60,71,22,31,38,11,29,0,0,4,10,76,37,49,45,27,60,59,64,109,55,33,60,24,12,49,41,45,109,B,,,,,
422,2026,ATP Masters 1000 Cincinnati,1000,2026-08-13T00:00:00,2026-08-23T00:00:00,Hard,96,9415725,$,MS015,Round of 16,01:40:58,"Game Set and Match Frances Tiafoe. 
 Frances Tiafoe wins the match  6-3  6-4 .",F,3,TD51,F. Tiafoe,F. Auger-Aliassime,TD51,AG37,USA,CAN,17,2,"Game Set and Match Frances Tiafoe. 
 Frances Tiafoe wins the match  6-3  6-4 .",F. Tiafoe,F. Auger-Aliassime,17,2,USA,CAN,6-3,6-4,,,,01:40:58,291,/en/stats/leaderboard?page=serve,0,2,45,13,29,69,9,13,75,12,16,0,0,0,5,241,/en/stats/leaderboard?page=serve,1,5,52,13,25,77,10,13,33,4,12,0,0,1,4,215,/en/stats/leaderboard?page=return,23,3,13,67,8,12,100,1,1,4,56,/en/stats/leaderboard?page=return,31,4,13,25,4,16,0,0,0,5,72,21,29,44,11,25,59,32,54,56,14,25,28,8,29,41,22,54,245.0,/en/stats/leaderboard?page=serve,1.0,0.0,43.0,15.0,35.0,73.0,11.0,15.0,50.0,10.0,20.0,0.0,0.0,1.0,5.0,232.0,/en/stats/leaderboard?page=serve,3.0,8.0,65.0,24.0,37.0,71.0,17.0,24.0,31.0,4.0,13.0,50.0,2.0,4.0,5.0,188.0,/en/stats/leaderboard?page=return,29.0,7.0,24.0,69.0,9.0,13.0,50.0,2.0,4.0,5.0,197.0,/en/stats/leaderboard?page=return,27.0,4.0,15.0,50.0,10.0,20.0,100.0,1.0,1.0,5.0,60.0,21.0,35.0,43.0,16.0,37.0,51.0,37.0,72.0,57.0,21.0,37.0,40.0,14.0,35.0,49.0,35.0,72.0,,,,,,,,,,,,,,,,,,,,,,,,,,,,,,,,,,,,,,,,,,,,,,,,,,,,,,,,,,,,,,,,,,,,,,,,,,,,,267,/en/stats/leaderboard?page=serve,1,2,44,28,64,71,20,28,61,22,36,0,0,1,10,240,/en/stats/leaderboard?page=serve,4,13,60,37,62,73,27,37,32,8,25,40,2,5,9,66,42,64,44,27,62,55,69,126,56,35,62,34,22,64,45,57,126,A,,,,,
422,2026,ATP Masters 1000 Cincinnati,1000,2026-08-13T00:00:00,2026-08-23T00:00:00,Hard,96,9415725,$,MS016,Round of 32,02:09:00,"Game Set and Match Alexander Zverev. 
 Alexander Zverev wins the match  7-6(4) 7-6(6).",F,3,Z355,A. Zverev,T. Atmane,Z355,A0GC,GER,FRA,1,,"Game Set and Match Alexander Zverev. 
 Alexander Zverev wins the match  7-6(4) 7-6(6).",A. Zverev,T. Atmane,1,,GER,FRA,7-6(4),7-6(6),,,,02:09:00,294,/en/stats/leaderboard?page=serve,1,3,72,28,39,82,23,28,55,6,11,0,0,1,6,270,/en/stats/leaderboard?page=serve,2,0,51,20,39,75,15,20,63,12,19,50,1,2,6,128,/en/stats/leaderboard?page=return,25,5,20,37,7,19,50,1,2,6,179,/en/stats/leaderboard?page=return,18,5,28,45,5,11,100,1,1,6,74,29,39,31,12,39,53,41,78,69,27,39,26,10,39,47,37,78,315.0,/en/stats/leaderboard?page=serve,2.0,2.0,63.0,24.0,38.0,88.0,21.0,24.0,64.0,9.0,14.0,100.0,1.0,1.0,6.0,315.0,/en/stats/leaderboard?page=serve,0.0,1.0,58.0,21.0,36.0,76.0,16.0,21.0,80.0,12.0,15.0,0.0,0.0,0.0,6.0,44.0,/en/stats/leaderboard?page=return,24.0,5.0,21.0,20.0,3.0,15.0,0.0,0.0,0.0,6.0,49.0,/en/stats/leaderboard?page=return,13.0,3.0,24.0,36.0,5.0,14.0,0.0,0.0,1.0,6.0,79.0,30.0,38.0,22.0,8.0,36.0,51.0,38.0,74.0,78.0,28.0,36.0,21.0,8.0,38.0,49.0,36.0,74.0,,,,,,,,,,,,,,,,,,,,,,,,,,,,,,,,,,,,,,,,,,,,,,,,,,,,,,,,,,,,,,,,,,,,,,,,,,,,,306,/en/stats/leaderboard?page=serve,3,5,68,52,77,85,44,52,60,15,25,50,1,2,12,292,/en/stats/leaderboard?page=serve,2,1,55,41,75,76,31,41,71,24,34,50,1,2,12,77,59,77,27,20,75,52,79,152,73,55,75,23,18,77,48,73,152,A,4.0,6.0,,,
422,2026,ATP Masters 1000 Cincinnati,1000,2026-08-13T00:00:00,2026-08-23T00:00:00,Hard,96,9415725,$,MS017,Round of 32,02:17:23,"Game Set and Match Tommy Paul. 
 Tommy Paul wins the match  3-6  6-3  6-4 .",F,3,PL56,T. Paul,A. Vallejo,PL56,V0DP,USA,PAR,18,,"Game Set and Match Tommy Paul. 
 Tommy Paul wins the match  3-6  6-3  6-4 .",T. Paul,A. Vallejo,18,,USA,PAR,3-6,6-3,6-4,,,02:17:23,240,/en/stats/leaderboard?page=serve,1,1,56,15,27,67,10,15,42,5,12,50,1,2,4,296,/en/stats/leaderboard?page=serve,1,2,61,20,33,65,13,20,69,9,13,100,1,1,5,66,/en/stats/leaderboard?page=return,35,7,20,31,4,13,0,0,1,5,166,/en/stats/leaderboard?page=return,33,5,15,58,7,12,50,1,2,4,56,15,27,33,11,33,43,26,60,67,22,33,44,12,27,57,34,60,260.0,/en/stats/leaderboard?page=serve,1.0,3.0,67.0,18.0,27.0,78.0,14.0,18.0,33.0,3.0,9.0,50.0,1.0,2.0,5.0,209.0,/en/stats/leaderboard?page=serve,0.0,2.0,57.0,16.0,28.0,50.0,8.0,16.0,50.0,6.0,12.0,60.0,3.0,5.0,4.0,190.0,/en/stats/leaderboard?page=return,50.0,8.0,16.0,50.0,6.0,12.0,40.0,2.0,5.0,4.0,159.0,/en/stats/leaderboard?page=return,22.0,4.0,18.0,67.0,6.0,9.0,50.0,1.0,2.0,5.0,63.0,17.0,27.0,50.0,14.0,28.0,56.0,31.0,55.0,50.0,14.0,28.0,37.0,10.0,27.0,44.0,24.0,55.0,268.0,/en/stats/leaderboard?page=serve,1.0,3.0,64.0,18.0,28.0,72.0,13.0,18.0,50.0,5.0,10.0,0.0,0.0,1.0,5.0,230.0,/en/stats/leaderboard?page=serve,3.0,3.0,66.0,19.0,29.0,74.0,14.0,19.0,30.0,3.0,10.0,0.0,0.0,2.0,5.0,236.0,/en/stats/leaderboard?page=return,26.0,5.0,19.0,70.0,7.0,10.0,100.0,2.0,2.0,5.0,198.0,/en/stats/leaderboard?page=return,28.0,5.0,18.0,50.0,5.0,10.0,100.0,1.0,1.0,5.0,64.0,18.0,28.0,41.0,12.0,29.0,53.0,30.0,57.0,59.0,17.0,29.0,36.0,10.0,28.0,47.0,27.0,57.0,259,/en/stats/leaderboard?page=serve,3,7,62,51,82,73,37,51,42,13,31,40,2,5,14,250,/en/stats/leaderboard?page=serve,4,7,61,55,90,64,35,55,51,18,35,50,4,8,14,61,50,82,41,37,90,51,87,172,59,53,90,39,32,82,49,85,172,A,,,,,
422,2026,ATP Masters 1000 Cincinnati,1000,2026-08-13T00:00:00,2026-08-23T00:00:00,Hard,96,9415725,$,MS018,Round of 32,01:15:07,"Game Set and Match Rafael Jodar. 
 Rafael Jodar wins the match  6-2  6-1 .",F,3,J0DZ,R. Jodar,A. Tabilo,J0DZ,TE30,ESP,CHI,12,22,"Game Set and Match Rafael Jodar. 
 Rafael Jodar wins the match  6-2  6-1 .",R. Jodar,A. Tabilo,12,22,ESP,CHI,6-2,6-1,,,,01:15:07,309,/en/stats/leaderboard?page=serve,2,5,76,22,29,73,16,22,57,4,7,100,2,2,4,209,/en/stats/leaderboard?page=serve,0,4,67,26,39,65,17,26,23,3,13,67,4,6,4,195,/en/stats/leaderboard?page=return,35,9,26,77,10,13,33,2,6,4,70,/en/stats/leaderboard?page=return,27,6,22,43,3,7,0,0,2,4,69,20,29,49,19,39,57,39,68,51,20,39,31,9,29,43,29,68,332.0,/en/stats/leaderboard?page=serve,1.0,5.0,57.0,8.0,14.0,88.0,7.0,8.0,83.0,5.0,6.0,0.0,0.0,0.0,3.0,168.0,/en/stats/leaderboard?page=serve,0.0,2.0,64.0,21.0,33.0,52.0,11.0,21.0,25.0,3.0,12.0,40.0,2.0,5.0,4.0,258.0,/en/stats/leaderboard?page=return,48.0,10.0,21.0,75.0,9.0,12.0,60.0,3.0,5.0,4.0,30.0,/en/stats/leaderboard?page=return,13.0,1.0,8.0,17.0,1.0,6.0,0.0,0.0,0.0,3.0,86.0,12.0,14.0,58.0,19.0,33.0,66.0,31.0,47.0,42.0,14.0,33.0,14.0,2.0,14.0,34.0,16.0,47.0,,,,,,,,,,,,,,,,,,,,,,,,,,,,,,,,,,,,,,,,,,,,,,,,,,,,,,,,,,,,,,,,,,,,,,,,,,,,,323,/en/stats/leaderboard?page=serve,3,10,70,30,43,77,23,30,69,9,13,100,2,2,7,192,/en/stats/leaderboard?page=serve,0,6,65,47,72,60,28,47,24,6,25,55,6,11,8,74,32,43,53,38,72,61,70,115,47,34,72,26,11,43,39,45,115,A,,,,,
422,2026,ATP Masters 1000 Cincinnati,1000,2026-08-13T00:00:00,2026-08-23T00:00:00,Hard,96,9415725,$,MS019,Round of 32,02:29:03,"Game Set and Match Flavio Cobolli. 
 Flavio Cobolli wins the match  7-5  4-6  7-5 .",F,3,C0E9,A. Blockx,F. Cobolli,B0PG,C0E9,BEL,ITA,28,7,"Game Set and Match Flavio Cobolli. 
 Flavio Cobolli wins the match  7-5  4-6  7-5 .",F. Cobolli,A. Blockx,7,28,ITA,BEL,5-7,6-4,5-7,,,02:29:03,271,/en/stats/leaderboard?page=serve,1,1,50,16,32,69,11,16,69,11,16,50,1,2,6,236,/en/stats/leaderboard?page=serve,3,5,56,19,34,79,15,19,33,5,15,50,2,4,6,171,/en/stats/leaderboard?page=return,21,4,19,67,10,15,50,2,4,6,128,/en/stats/leaderboard?page=return,31,5,16,31,5,16,50,1,2,6,69,22,32,41,14,34,55,36,66,59,20,34,31,10,32,45,30,66,258.0,/en/stats/leaderboard?page=serve,0.0,1.0,65.0,26.0,40.0,69.0,18.0,26.0,43.0,6.0,14.0,80.0,4.0,5.0,5.0,304.0,/en/stats/leaderboard?page=serve,2.0,1.0,57.0,16.0,28.0,81.0,13.0,16.0,67.0,8.0,12.0,0.0,0.0,0.0,5.0,52.0,/en/stats/leaderboard?page=return,19.0,3.0,16.0,33.0,4.0,12.0,0.0,0.0,0.0,5.0,128.0,/en/stats/leaderboard?page=return,31.0,8.0,26.0,57.0,8.0,14.0,20.0,1.0,5.0,5.0,60.0,24.0,40.0,25.0,7.0,28.0,46.0,31.0,68.0,75.0,21.0,28.0,40.0,16.0,40.0,54.0,37.0,68.0,280.0,/en/stats/leaderboard?page=serve,0.0,1.0,64.0,23.0,36.0,70.0,16.0,23.0,62.0,8.0,13.0,0.0,0.0,1.0,6.0,227.0,/en/stats/leaderboard?page=serve,2.0,4.0,44.0,20.0,45.0,75.0,15.0,20.0,40.0,10.0,25.0,60.0,3.0,5.0,6.0,158.0,/en/stats/leaderboard?page=return,25.0,5.0,20.0,60.0,15.0,25.0,40.0,2.0,5.0,6.0,184.0,/en/stats/leaderboard?page=return,30.0,7.0,23.0,38.0,5.0,13.0,100.0,1.0,1.0,6.0,67.0,24.0,36.0,44.0,20.0,45.0,54.0,44.0,81.0,56.0,25.0,45.0,33.0,12.0,36.0,46.0,37.0,81.0,271,/en/stats/leaderboard?page=serve,1,3,60,65,108,69,45,65,58,25,43,63,5,8,17,252,/en/stats/leaderboard?page=serve,7,10,51,55,107,78,43,55,44,23,52,56,5,9,17,65,70,108,38,41,107,52,111,215,62,66,107,35,38,108,48,104,215,B,,,,,
422,2026,ATP Masters 1000 Cincinnati,1000,2026-08-13T00:00:00,2026-08-23T00:00:00,Hard,96,9415725,$,MS020,Round of 32,02:16:34,"Game Set and Match Thiago Agustin Tirante. 
 Thiago Agustin Tirante wins the match  7-6(5) 7-6(4).",F,3,T0A1,T. Tirante,M. Landaluce,T0A1,L0IL,ARG,ESP,,,"Game Set and Match Thiago Agustin Tirante. 
 Thiago Agustin Tirante wins the match  7-6(5) 7-6(4).",T. Tirante,M. Landaluce,,,ARG,ESP,7-6(5),7-6(4),,,,02:16:34,283,/en/stats/leaderboard?page=serve,1,4,46,17,37,76,13,17,75,15,20,67,2,3,6,271,/en/stats/leaderboard?page=serve,3,3,63,29,46,72,21,29,53,9,17,75,3,4,6,116,/en/stats/leaderboard?page=return,28,8,29,47,8,17,25,1,4,6,98,/en/stats/leaderboard?page=return,24,4,17,25,5,20,33,1,3,6,76,28,37,35,16,46,53,44,83,65,30,46,24,9,37,47,39,83,329.0,/en/stats/leaderboard?page=serve,1.0,5.0,58.0,22.0,38.0,86.0,19.0,22.0,81.0,13.0,16.0,100.0,1.0,1.0,6.0,287.0,/en/stats/leaderboard?page=serve,2.0,2.0,50.0,22.0,44.0,73.0,16.0,22.0,64.0,14.0,22.0,100.0,6.0,6.0,6.0,63.0,/en/stats/leaderboard?page=return,27.0,6.0,22.0,36.0,8.0,22.0,0.0,0.0,6.0,6.0,33.0,/en/stats/leaderboard?page=return,14.0,3.0,22.0,19.0,3.0,16.0,0.0,0.0,1.0,6.0,84.0,32.0,38.0,32.0,14.0,44.0,56.0,46.0,82.0,68.0,30.0,44.0,16.0,6.0,38.0,44.0,36.0,82.0,,,,,,,,,,,,,,,,,,,,,,,,,,,,,,,,,,,,,,,,,,,,,,,,,,,,,,,,,,,,,,,,,,,,,,,,,,,,,310,/en/stats/leaderboard?page=serve,2,9,52,39,75,82,32,39,78,28,36,75,3,4,12,280,/en/stats/leaderboard?page=serve,5,5,57,51,90,73,37,51,59,23,39,90,9,10,12,80,60,75,33,30,90,55,90,165,67,60,90,20,15,75,45,75,165,A,5.0,4.0,,,
422,2026,ATP Masters 1000 Cincinnati,1000,2026-08-13T00:00:00,2026-08-23T00:00:00,Hard,96,9415725,$,MS021,Round of 32,01:32:45,"Game Set and Match Jakub Mensik. 
 Jakub Mensik wins the match  6-3  6-4 .",F,3,M0NI,R. Hijikata,J. Mensik,H0BH,M0NI,AUS,CZE,,14,"Game Set and Match Jakub Mensik. 
 Jakub Mensik wins the match  6-3  6-4 .",J. Mensik,R. Hijikata,14,,CZE,AUS,3-6,4-6,,,,01:32:45,300,/en/stats/leaderboard?page=serve,1,5,71,24,34,75,18,24,50,5,10,100,1,1,5,280,/en/stats/leaderboard?page=serve,0,0,73,24,33,54,13,24,78,7,9,75,3,4,4,118,/en/stats/leaderboard?page=return,46,11,24,22,2,9,25,1,4,4,75,/en/stats/leaderboard?page=return,25,6,24,50,5,10,0,0,1,5,68,23,34,39,13,33,54,36,67,61,20,33,32,11,34,46,31,67,289.0,/en/stats/leaderboard?page=serve,2.0,8.0,59.0,20.0,34.0,95.0,19.0,20.0,29.0,4.0,14.0,0.0,0.0,0.0,5.0,282.0,/en/stats/leaderboard?page=serve,0.0,0.0,70.0,26.0,37.0,50.0,13.0,26.0,82.0,9.0,11.0,75.0,3.0,4.0,5.0,113.0,/en/stats/leaderboard?page=return,50.0,13.0,26.0,18.0,2.0,11.0,25.0,1.0,4.0,5.0,76.0,/en/stats/leaderboard?page=return,5.0,1.0,20.0,71.0,10.0,14.0,0.0,0.0,0.0,5.0,68.0,23.0,34.0,41.0,15.0,37.0,54.0,38.0,71.0,59.0,22.0,37.0,32.0,11.0,34.0,46.0,33.0,71.0,,,,,,,,,,,,,,,,,,,,,,,,,,,,,,,,,,,,,,,,,,,,,,,,,,,,,,,,,,,,,,,,,,,,,,,,,,,,,297,/en/stats/leaderboard?page=serve,3,13,65,44,68,84,37,44,38,9,24,100,1,1,10,280,/en/stats/leaderboard?page=serve,0,0,71,50,70,52,26,50,80,16,20,75,6,8,9,68,46,68,40,28,70,54,74,138,60,42,70,32,22,68,46,64,138,B,,,,,
422,2026,ATP Masters 1000 Cincinnati,1000,2026-08-13T00:00:00,2026-08-23T00:00:00,Hard,96,9415725,$,MS022,Round of 32,02:01:22,"Game Set and Match Arthur Fils. 
 Arthur Fils wins the match  6-1 6-7(7) 6-3 .",F,3,F0F1,J. Lehecka,A. Fils,L0BV,F0F1,CZE,FRA,9,21,"Game Set and Match Arthur Fils. 
 Arthur Fils wins the match  6-1 6-7(7) 6-3 .",A. Fils,J. Lehecka,21,9,FRA,CZE,1-6,7-6(7),3-6,,,02:01:22,344,/en/stats/leaderboard?page=serve,0,2,67,12,18,92,11,12,83,5,6,0,0,0,4,177,/en/stats/leaderboard?page=serve,1,1,63,12,19,67,8,12,14,1,7,33,1,3,3,252,/en/stats/leaderboard?page=return,33,4,12,86,6,7,67,2,3,3,25,/en/stats/leaderboard?page=return,8,1,12,17,1,6,0,0,0,4,89,16,18,53,10,19,70,26,37,47,9,19,11,2,18,30,11,37,328.0,/en/stats/leaderboard?page=serve,2.0,3.0,71.0,27.0,38.0,74.0,20.0,27.0,82.0,9.0,11.0,0.0,0.0,0.0,6.0,315.0,/en/stats/leaderboard?page=serve,0.0,3.0,68.0,30.0,44.0,73.0,22.0,30.0,71.0,10.0,14.0,100.0,1.0,1.0,6.0,56.0,/en/stats/leaderboard?page=return,27.0,8.0,30.0,29.0,4.0,14.0,0.0,0.0,1.0,6.0,44.0,/en/stats/leaderboard?page=return,26.0,7.0,27.0,18.0,2.0,11.0,0.0,0.0,0.0,6.0,76.0,29.0,38.0,27.0,12.0,44.0,50.0,41.0,82.0,73.0,32.0,44.0,24.0,9.0,38.0,50.0,41.0,82.0,248.0,/en/stats/leaderboard?page=serve,2.0,2.0,45.0,14.0,31.0,64.0,9.0,14.0,59.0,10.0,17.0,75.0,3.0,4.0,5.0,213.0,/en/stats/leaderboard?page=serve,1.0,1.0,60.0,15.0,25.0,53.0,8.0,15.0,50.0,5.0,10.0,60.0,3.0,5.0,4.0,187.0,/en/stats/leaderboard?page=return,47.0,7.0,15.0,50.0,5.0,10.0,40.0,2.0,5.0,4.0,122.0,/en/stats/leaderboard?page=return,36.0,5.0,14.0,41.0,7.0,17.0,25.0,1.0,4.0,5.0,61.0,19.0,31.0,48.0,12.0,25.0,55.0,31.0,56.0,52.0,13.0,25.0,39.0,12.0,31.0,45.0,25.0,56.0,303,/en/stats/leaderboard?page=serve,4,7,61,53,87,75,40,53,71,24,34,75,3,4,15,256,/en/stats/leaderboard?page=serve,2,5,65,57,88,67,38,57,52,16,31,56,5,9,13,74,64,87,39,34,88,56,98,175,61,54,88,26,23,87,44,77,175,B,,,7.0,,
422,2026,ATP Masters 1000 Cincinnati,1000,2026-08-13T00:00:00,2026-08-23T00:00:00,Hard,96,9415725,$,MS023,Round of 32,02:22:16,"Game Set and Match Alex de Minaur. 
 Alex de Minaur wins the match  7-5  7-6(3).",F,3,DH58,A. Fery,A. de Minaur,F0DM,DH58,GBR,AUS,32,5,"Game Set and Match Alex de Minaur. 
 Alex de Minaur wins the match  7-5  7-6(3).",A. de Minaur,A. Fery,5,32,AUS,GBR,5-7,6-7(3),,,,02:22:16,328,/en/stats/leaderboard?page=serve,0,7,67,24,36,71,17,24,83,10,12,100,3,3,6,287,/en/stats/leaderboard?page=serve,0,0,62,21,34,57,12,21,85,11,13,0,0,1,6,174,/en/stats/leaderboard?page=return,43,9,21,15,2,13,100,1,1,6,46,/en/stats/leaderboard?page=return,29,7,24,17,2,12,0,0,3,6,75,27,36,32,11,34,54,38,70,68,23,34,25,9,36,46,32,70,231.0,/en/stats/leaderboard?page=serve,3.0,2.0,43.0,20.0,47.0,60.0,12.0,20.0,63.0,17.0,27.0,80.0,8.0,10.0,6.0,227.0,/en/stats/leaderboard?page=serve,3.0,5.0,51.0,28.0,55.0,64.0,18.0,28.0,44.0,12.0,27.0,33.0,1.0,3.0,6.0,192.0,/en/stats/leaderboard?page=return,36.0,10.0,28.0,56.0,15.0,27.0,67.0,2.0,3.0,6.0,130.0,/en/stats/leaderboard?page=return,40.0,8.0,20.0,37.0,10.0,27.0,20.0,2.0,10.0,6.0,62.0,29.0,47.0,45.0,25.0,55.0,53.0,54.0,102.0,55.0,30.0,55.0,38.0,18.0,47.0,47.0,48.0,102.0,,,,,,,,,,,,,,,,,,,,,,,,,,,,,,,,,,,,,,,,,,,,,,,,,,,,,,,,,,,,,,,,,,,,,,,,,,,,,277,/en/stats/leaderboard?page=serve,3,9,53,44,83,66,29,44,69,27,39,85,11,13,12,251,/en/stats/leaderboard?page=serve,3,5,55,49,89,61,30,49,58,23,40,25,1,4,12,67,56,83,40,36,89,53,92,172,60,53,89,33,27,83,47,80,172,B,,3.0,,,
422,2026,ATP Masters 1000 Cincinnati,1000,2026-08-13T00:00:00,2026-08-23T00:00:00,Hard,96,9415725,$,MS024,Round of 32,01:23:04,"Game Set and Match Taylor Fritz. 
 Taylor Fritz wins the match  6-3  6-4 .",F,3,FB98,T. Fritz,D. Merida,FB98,M0N7,USA,ESP,6,,"Game Set and Match Taylor Fritz. 
 Taylor Fritz wins the match  6-3  6-4 .",T. Fritz,D. Merida,6,,USA,ESP,6-3,6-4,,,,01:23:04,295,/en/stats/leaderboard?page=serve,0,4,54,19,35,74,14,19,63,10,16,100,1,1,5,275,/en/stats/leaderboard?page=serve,0,1,80,16,20,69,11,16,50,2,4,50,1,2,4,156,/en/stats/leaderboard?page=return,31,5,16,50,2,4,50,1,2,4,64,/en/stats/leaderboard?page=return,26,5,19,38,6,16,0,0,1,5,69,24,35,35,7,20,56,31,55,65,13,20,31,11,35,44,24,55,326.0,/en/stats/leaderboard?page=serve,0.0,4.0,83.0,24.0,29.0,79.0,19.0,24.0,60.0,3.0,5.0,100.0,1.0,1.0,5.0,253.0,/en/stats/leaderboard?page=serve,0.0,1.0,61.0,20.0,33.0,80.0,16.0,20.0,31.0,4.0,13.0,80.0,4.0,5.0,5.0,129.0,/en/stats/leaderboard?page=return,20.0,4.0,20.0,69.0,9.0,13.0,20.0,1.0,5.0,5.0,61.0,/en/stats/leaderboard?page=return,21.0,5.0,24.0,40.0,2.0,5.0,0.0,0.0,1.0,5.0,76.0,22.0,29.0,39.0,13.0,33.0,56.0,35.0,62.0,61.0,20.0,33.0,24.0,7.0,29.0,44.0,27.0,62.0,,,,,,,,,,,,,,,,,,,,,,,,,,,,,,,,,,,,,,,,,,,,,,,,,,,,,,,,,,,,,,,,,,,,,,,,,,,,,314,/en/stats/leaderboard?page=serve,0,8,67,43,64,77,33,43,62,13,21,100,2,2,10,257,/en/stats/leaderboard?page=serve,0,2,68,36,53,75,27,36,35,6,17,71,5,7,9,72,46,64,38,20,53,56,66,117,62,33,53,28,18,64,44,51,117,A,,,,,
422,2026,ATP Masters 1000 Cincinnati,1000,2026-08-13T00:00:00,2026-08-23T00:00:00,Hard,96,9415725,$,MS026,Round of 32,01:12:58,"Game Set and Match Nuno Borges. 
 Nuno Borges wins the match  6-3  6-4 .",F,3,BT72,A. Rublev,N. Borges,RE44,BT72,RUS,POR,13,,"Game Set and Match Nuno Borges. 
 Nuno Borges wins the match  6-3  6-4 .",N. Borges,A. Rublev,,13,POR,RUS,3-6,4-6,,,,01:12:58,265,/en/stats/leaderboard?page=serve,1,2,68,21,31,76,16,21,40,4,10,67,2,3,5,201,/en/stats/leaderboard?page=serve,0,1,50,11,22,64,7,11,36,4,11,0,0,2,4,250,/en/stats/leaderboard?page=return,36,4,11,64,7,11,100,2,2,4,137,/en/stats/leaderboard?page=return,24,5,21,60,6,10,33,1,3,5,65,20,31,50,11,22,58,31,53,50,11,22,35,11,31,42,22,53,318.0,/en/stats/leaderboard?page=serve,0.0,6.0,64.0,18.0,28.0,78.0,14.0,18.0,70.0,7.0,10.0,100.0,1.0,1.0,5.0,281.0,/en/stats/leaderboard?page=serve,1.0,4.0,64.0,21.0,33.0,67.0,14.0,21.0,67.0,8.0,12.0,50.0,1.0,2.0,5.0,136.0,/en/stats/leaderboard?page=return,33.0,7.0,21.0,33.0,4.0,12.0,50.0,1.0,2.0,5.0,52.0,/en/stats/leaderboard?page=return,22.0,4.0,18.0,30.0,3.0,10.0,0.0,0.0,1.0,5.0,75.0,21.0,28.0,33.0,11.0,33.0,52.0,32.0,61.0,67.0,22.0,33.0,25.0,7.0,28.0,48.0,29.0,61.0,,,,,,,,,,,,,,,,,,,,,,,,,,,,,,,,,,,,,,,,,,,,,,,,,,,,,,,,,,,,,,,,,,,,,,,,,,,,,295,/en/stats/leaderboard?page=serve,1,8,66,39,59,77,30,39,55,11,20,75,3,4,10,246,/en/stats/leaderboard?page=serve,1,5,58,32,55,66,21,32,52,12,23,25,1,4,9,69,41,59,40,22,55,55,63,114,60,33,55,31,18,59,45,51,114,B,,,,,
422,2026,ATP Masters 1000 Cincinnati,1000,2026-08-13T00:00:00,2026-08-23T00:00:00,Hard,96,9415725,$,MS027,Round of 32,02:51:56,"Game Set and Match Brandon Nakashima. 
 Brandon Nakashima wins the match  6-7(3) 7-6(4) 6-1 .",F,3,N0AE,B. Nakashima,D. Medvedev,N0AE,MM58,USA,RUS,27,4,"Game Set and Match Brandon Nakashima. 
 Brandon Nakashima wins the match  6-7(3) 7-6(4) 6-1 .",B. Nakashima,D. Medvedev,27,4,USA,RUS,6-7(3),7-6(4),6-1,,,02:51:56,270,/en/stats/leaderboard?page=serve,0,3,56,23,41,78,18,23,50,9,18,50,1,2,6,258,/en/stats/leaderboard?page=serve,6,5,71,39,55,74,29,39,31,5,16,83,5,6,6,128,/en/stats/leaderboard?page=return,26,10,39,69,11,16,17,1,6,6,138,/en/stats/leaderboard?page=return,22,5,23,50,9,18,50,1,2,6,66,27,41,38,21,55,50,48,96,62,34,55,34,14,41,50,48,96,289.0,/en/stats/leaderboard?page=serve,1.0,2.0,52.0,23.0,44.0,74.0,17.0,23.0,62.0,13.0,21.0,100.0,3.0,3.0,6.0,314.0,/en/stats/leaderboard?page=serve,1.0,5.0,62.0,21.0,34.0,86.0,18.0,21.0,62.0,8.0,13.0,0.0,0.0,0.0,6.0,52.0,/en/stats/leaderboard?page=return,14.0,3.0,21.0,38.0,5.0,13.0,0.0,0.0,0.0,6.0,64.0,/en/stats/leaderboard?page=return,26.0,6.0,23.0,38.0,8.0,21.0,0.0,0.0,3.0,6.0,68.0,30.0,44.0,24.0,8.0,34.0,49.0,38.0,78.0,76.0,26.0,34.0,32.0,14.0,44.0,51.0,40.0,78.0,320.0,/en/stats/leaderboard?page=serve,0.0,3.0,62.0,13.0,21.0,92.0,12.0,13.0,63.0,5.0,8.0,0.0,0.0,0.0,4.0,173.0,/en/stats/leaderboard?page=serve,3.0,1.0,50.0,13.0,26.0,46.0,6.0,13.0,46.0,6.0,13.0,67.0,4.0,6.0,3.0,207.0,/en/stats/leaderboard?page=return,54.0,7.0,13.0,54.0,7.0,13.0,33.0,2.0,6.0,3.0,46.0,/en/stats/leaderboard?page=return,8.0,1.0,13.0,38.0,3.0,8.0,0.0,0.0,0.0,4.0,81.0,17.0,21.0,54.0,14.0,26.0,66.0,31.0,47.0,46.0,12.0,26.0,19.0,4.0,21.0,34.0,16.0,47.0,293,/en/stats/leaderboard?page=serve,1,8,56,59,106,80,47,59,57,27,47,80,4,5,16,262,/en/stats/leaderboard?page=serve,10,11,63,73,115,73,53,73,45,19,42,75,9,12,15,70,74,106,37,43,115,53,117,221,63,72,115,30,32,106,47,104,221,A,,4.0,,3.0,
422,2026,ATP Masters 1000 Cincinnati,1000,2026-08-13T00:00:00,2026-08-23T00:00:00,Hard,96,9415725,$,MS028,Round of 32,02:11:22,"Game Set and Match Jaime Faria. 
 Jaime Faria wins the match  4-6  6-4  7-6(3).",F,3,F0F2,J. Faria,A. Walton,F0F2,W09E,POR,AUS,,,"Game Set and Match Jaime Faria. 
 Jaime Faria wins the match  4-6  6-4  7-6(3).",J. Faria,A. Walton,,,POR,AUS,4-6,6-4,7-6(3),,,02:11:22,268,/en/stats/leaderboard?page=serve,2,6,55,16,29,75,12,16,54,7,13,80,4,5,5,306,/en/stats/leaderboard?page=serve,1,4,56,15,27,80,12,15,67,8,12,0,0,0,5,53,/en/stats/leaderboard?page=return,20,3,15,33,4,12,0,0,0,5,111,/en/stats/leaderboard?page=return,25,4,16,46,6,13,20,1,5,5,66,19,29,26,7,27,46,26,56,74,20,27,34,10,29,54,30,56,265.0,/en/stats/leaderboard?page=serve,4.0,4.0,66.0,19.0,29.0,79.0,15.0,19.0,40.0,4.0,10.0,0.0,0.0,1.0,5.0,239.0,/en/stats/leaderboard?page=serve,0.0,6.0,63.0,19.0,30.0,74.0,14.0,19.0,36.0,4.0,11.0,50.0,2.0,4.0,5.0,180.0,/en/stats/leaderboard?page=return,26.0,5.0,19.0,64.0,7.0,11.0,50.0,2.0,4.0,5.0,201.0,/en/stats/leaderboard?page=return,21.0,4.0,19.0,60.0,6.0,10.0,100.0,1.0,1.0,5.0,66.0,19.0,29.0,40.0,12.0,30.0,53.0,31.0,59.0,60.0,18.0,30.0,34.0,10.0,29.0,47.0,28.0,59.0,275.0,/en/stats/leaderboard?page=serve,5.0,7.0,53.0,23.0,43.0,87.0,20.0,23.0,50.0,10.0,20.0,67.0,2.0,3.0,6.0,275.0,/en/stats/leaderboard?page=serve,0.0,2.0,60.0,24.0,40.0,67.0,16.0,24.0,63.0,10.0,16.0,67.0,2.0,3.0,6.0,120.0,/en/stats/leaderboard?page=return,33.0,8.0,24.0,38.0,6.0,16.0,33.0,1.0,3.0,6.0,112.0,/en/stats/leaderboard?page=return,13.0,3.0,23.0,50.0,10.0,20.0,33.0,1.0,3.0,6.0,70.0,30.0,43.0,35.0,14.0,40.0,53.0,44.0,83.0,65.0,26.0,40.0,30.0,13.0,43.0,47.0,39.0,83.0,274,/en/stats/leaderboard?page=serve,11,17,57,58,101,81,47,58,49,21,43,67,6,9,16,280,/en/stats/leaderboard?page=serve,1,12,60,58,97,72,42,58,56,22,39,57,4,7,16,67,68,101,34,33,97,51,101,198,66,64,97,33,33,101,49,97,198,A,,,,,3.0
422,2026,ATP Masters 1000 Cincinnati,1000,2026-08-13T00:00:00,2026-08-23T00:00:00,Hard,96,9415725,$,MS029,Round of 32,01:10:25,"Game Set and Match Lorenzo Musetti. 
 Lorenzo Musetti wins the match  6-1  6-3 .",F,3,M0EJ,M. Zheng,L. Musetti,Z0BZ,M0EJ,USA,ITA,,10,"Game Set and Match Lorenzo Musetti. 
 Lorenzo Musetti wins the match  6-1  6-3 .",L. Musetti,M. Zheng,10,,ITA,USA,1-6,3-6,,,,01:10:25,299,/en/stats/leaderboard?page=serve,1,1,56,14,25,79,11,14,64,7,11,100,2,2,4,174,/en/stats/leaderboard?page=serve,1,1,45,9,20,78,7,9,18,2,11,60,3,5,3,210,/en/stats/leaderboard?page=return,22,2,9,82,9,11,40,2,5,3,57,/en/stats/leaderboard?page=return,21,3,14,36,4,11,0,0,2,4,72,18,25,55,11,20,64,29,45,45,9,20,28,7,25,36,16,45,236.0,/en/stats/leaderboard?page=serve,3.0,1.0,48.0,10.0,21.0,70.0,7.0,10.0,45.0,5.0,11.0,0.0,0.0,1.0,4.0,182.0,/en/stats/leaderboard?page=serve,3.0,0.0,48.0,14.0,29.0,64.0,9.0,14.0,33.0,5.0,15.0,40.0,2.0,5.0,5.0,223.0,/en/stats/leaderboard?page=return,36.0,5.0,14.0,67.0,10.0,15.0,60.0,3.0,5.0,5.0,210.0,/en/stats/leaderboard?page=return,30.0,3.0,10.0,55.0,6.0,11.0,100.0,1.0,1.0,4.0,57.0,12.0,21.0,52.0,15.0,29.0,54.0,27.0,50.0,48.0,14.0,29.0,43.0,9.0,21.0,46.0,23.0,50.0,,,,,,,,,,,,,,,,,,,,,,,,,,,,,,,,,,,,,,,,,,,,,,,,,,,,,,,,,,,,,,,,,,,,,,,,,,,,,267,/en/stats/leaderboard?page=serve,4,2,52,24,46,75,18,24,55,12,22,67,2,3,8,178,/en/stats/leaderboard?page=serve,4,1,47,23,49,70,16,23,27,7,26,50,5,10,8,65,30,46,53,26,49,59,56,95,47,23,49,35,16,46,41,39,95,B,,,,,
422,2026,ATP Masters 1000 Cincinnati,1000,2026-08-13T00:00:00,2026-08-23T00:00:00,Hard,96,9415725,$,MS030,Round of 32,02:09:50,"Game Set and Match Frances Tiafoe. 
 Frances Tiafoe wins the match  6-4  4-6  6-4 .",F,3,TD51,L. Tien,F. Tiafoe,T0HA,TD51,USA,USA,16,17,"Game Set and Match Frances Tiafoe. 
 Frances Tiafoe wins the match  6-4  4-6  6-4 .",F. Tiafoe,L. Tien,17,16,USA,USA,4-6,6-4,4-6,,,02:09:50,320,/en/stats/leaderboard?page=serve,1,3,58,14,24,100,14,14,60,6,10,0,0,0,5,251,/en/stats/leaderboard?page=serve,2,2,39,11,28,73,8,11,59,10,17,0,0,1,5,188,/en/stats/leaderboard?page=return,27,3,11,41,7,17,100,1,1,5,40,/en/stats/leaderboard?page=return,0,0,14,40,4,10,0,0,0,5,83,20,24,36,10,28,58,30,52,64,18,28,17,4,24,42,22,52,232.0,/en/stats/leaderboard?page=serve,2.0,3.0,62.0,16.0,26.0,69.0,11.0,16.0,40.0,4.0,10.0,0.0,0.0,2.0,5.0,271.0,/en/stats/leaderboard?page=serve,1.0,0.0,59.0,16.0,27.0,88.0,14.0,16.0,45.0,5.0,11.0,0.0,0.0,1.0,5.0,188.0,/en/stats/leaderboard?page=return,13.0,2.0,16.0,55.0,6.0,11.0,100.0,1.0,1.0,5.0,231.0,/en/stats/leaderboard?page=return,31.0,5.0,16.0,60.0,6.0,10.0,100.0,2.0,2.0,5.0,58.0,15.0,26.0,30.0,8.0,27.0,43.0,23.0,53.0,70.0,19.0,27.0,42.0,11.0,26.0,57.0,30.0,53.0,247.0,/en/stats/leaderboard?page=serve,3.0,3.0,49.0,20.0,41.0,70.0,14.0,20.0,48.0,10.0,21.0,50.0,1.0,2.0,5.0,226.0,/en/stats/leaderboard?page=serve,0.0,6.0,52.0,16.0,31.0,75.0,12.0,16.0,33.0,5.0,15.0,33.0,1.0,3.0,5.0,199.0,/en/stats/leaderboard?page=return,25.0,4.0,16.0,67.0,10.0,15.0,67.0,2.0,3.0,5.0,152.0,/en/stats/leaderboard?page=return,30.0,6.0,20.0,52.0,11.0,21.0,50.0,1.0,2.0,5.0,59.0,24.0,41.0,45.0,14.0,31.0,53.0,38.0,72.0,55.0,17.0,31.0,41.0,17.0,41.0,47.0,34.0,72.0,265,/en/stats/leaderboard?page=serve,6,9,55,50,91,78,39,50,49,20,41,25,1,4,15,254,/en/stats/leaderboard?page=serve,3,8,50,43,86,79,34,43,47,20,43,20,1,5,15,65,59,91,37,32,86,51,91,177,63,54,86,35,32,91,49,86,177,B,,,,,
422,2026,ATP Masters 1000 Cincinnati,1000,2026-08-13T00:00:00,2026-08-23T00:00:00,Hard,96,9415725,$,MS031,Round of 32,01:26:37,"Game Set and Match Felix Auger-Aliassime. 
 Felix Auger-Aliassime wins the match  7-5  6-1 .",F,3,AG37,J. Cerundolo,F. Auger-Aliassime,C0C8,AG37,ARG,CAN,,2,"Game Set and Match Felix Auger-Aliassime. 
 Felix Auger-Aliassime wins the match  7-5  6-1 .",F. Auger-Aliassime,J. Cerundolo,2,,CAN,ARG,5-7,1-6,,,,01:26:37,305,/en/stats/leaderboard?page=serve,3,4,58,19,33,89,17,19,57,8,14,100,1,1,6,275,/en/stats/leaderboard?page=serve,1,2,63,24,38,71,17,24,57,8,14,50,1,2,6,138,/en/stats/leaderboard?page=return,29,7,24,43,6,14,50,1,2,6,54,/en/stats/leaderboard?page=return,11,2,19,43,6,14,0,0,1,6,76,25,33,34,13,38,54,38,71,66,25,38,24,8,33,46,33,71,305.0,/en/stats/leaderboard?page=serve,2.0,2.0,57.0,12.0,21.0,92.0,11.0,12.0,56.0,5.0,9.0,0.0,0.0,0.0,4.0,173.0,/en/stats/leaderboard?page=serve,2.0,1.0,47.0,8.0,17.0,38.0,3.0,8.0,56.0,5.0,9.0,33.0,1.0,3.0,3.0,240.0,/en/stats/leaderboard?page=return,63.0,5.0,8.0,44.0,4.0,9.0,67.0,2.0,3.0,3.0,52.0,/en/stats/leaderboard?page=return,8.0,1.0,12.0,44.0,4.0,9.0,0.0,0.0,0.0,4.0,76.0,16.0,21.0,53.0,9.0,17.0,66.0,25.0,38.0,47.0,8.0,17.0,24.0,5.0,21.0,34.0,13.0,38.0,,,,,,,,,,,,,,,,,,,,,,,,,,,,,,,,,,,,,,,,,,,,,,,,,,,,,,,,,,,,,,,,,,,,,,,,,,,,,305,/en/stats/leaderboard?page=serve,5,6,57,31,54,90,28,31,57,13,23,100,1,1,10,244,/en/stats/leaderboard?page=serve,3,3,58,32,55,63,20,32,57,13,23,40,2,5,9,76,41,54,40,22,55,58,63,109,60,33,55,24,13,54,42,46,109,B,,,,,
422,2026,ATP Masters 1000 Cincinnati,1000,2026-08-13T00:00:00,2026-08-23T00:00:00,Hard,96,9415725,$,MS032,Round of 64,02:35:03,"Game Set and Match Alexander Zverev. 
 Alexander Zverev wins the match  3-6  6-3  6-3 .",F,3,Z355,A. Zverev,C. Norrie,Z355,N771,GER,GBR,1,,"Game Set and Match Alexander Zverev. 
 Alexander Zverev wins the match  3-6  6-3  6-3 .",A. Zverev,C. Norrie,1,,GER,GBR,3-6,6-3,6-3,,,02:35:03,256,/en/stats/leaderboard?page=serve,2,5,55,12,22,83,10,12,40,4,10,50,1,2,4,290,/en/stats/leaderboard?page=serve,3,1,57,20,35,75,15,20,60,9,15,100,1,1,5,65,/en/stats/leaderboard?page=return,25,5,20,40,6,15,0,0,1,5,152,/en/stats/leaderboard?page=return,17,2,12,60,6,10,50,1,2,4,64,14,22,31,11,35,44,25,57,69,24,35,36,8,22,56,32,57,340.0,/en/stats/leaderboard?page=serve,1.0,4.0,59.0,13.0,22.0,100.0,13.0,13.0,78.0,7.0,9.0,0.0,0.0,0.0,5.0,247.0,/en/stats/leaderboard?page=serve,1.0,1.0,67.0,20.0,30.0,65.0,13.0,20.0,40.0,4.0,10.0,83.0,5.0,6.0,4.0,137.0,/en/stats/leaderboard?page=return,35.0,7.0,20.0,60.0,6.0,10.0,17.0,1.0,6.0,4.0,22.0,/en/stats/leaderboard?page=return,0.0,0.0,13.0,22.0,2.0,9.0,0.0,0.0,0.0,5.0,91.0,20.0,22.0,43.0,13.0,30.0,63.0,33.0,52.0,57.0,17.0,30.0,9.0,2.0,22.0,37.0,19.0,52.0,279.0,/en/stats/leaderboard?page=serve,2.0,7.0,47.0,14.0,30.0,71.0,10.0,14.0,56.0,9.0,16.0,100.0,1.0,1.0,4.0,214.0,/en/stats/leaderboard?page=serve,2.0,1.0,52.0,24.0,46.0,58.0,14.0,24.0,45.0,10.0,22.0,75.0,6.0,8.0,5.0,162.0,/en/stats/leaderboard?page=return,42.0,10.0,24.0,55.0,12.0,22.0,25.0,2.0,8.0,5.0,73.0,/en/stats/leaderboard?page=return,29.0,4.0,14.0,44.0,7.0,16.0,0.0,0.0,1.0,4.0,63.0,19.0,30.0,48.0,22.0,46.0,54.0,41.0,76.0,52.0,24.0,46.0,37.0,11.0,30.0,46.0,35.0,76.0,298,/en/stats/leaderboard?page=serve,5,16,53,39,74,85,33,39,57,20,35,67,2,3,13,248,/en/stats/leaderboard?page=serve,6,3,58,64,111,66,42,64,49,23,47,80,12,15,14,72,53,74,41,46,111,54,99,185,59,65,111,28,21,74,46,86,185,A,,,,,
422,2026,ATP Masters 1000 Cincinnati,1000,2026-08-13T00:00:00,2026-08-23T00:00:00,Hard,96,9415725,$,MS033,Round of 64,01:53:35,"Game Set and Match Terence Atmane. 
 Terence Atmane wins the match  6-3  7-6(4).",F,3,A0GC,T. Atmane,T. Etcheverry,A0GC,EA24,FRA,ARG,,26,"Game Set and Match Terence Atmane. 
 Terence Atmane wins the match  6-3  7-6(4).",T. Atmane,T. Etcheverry,,26,FRA,ARG,6-3,7-6(4),,,,01:53:35,288,/en/stats/leaderboard?page=serve,2,4,56,23,41,74,17,23,56,10,18,100,4,4,5,250,/en/stats/leaderboard?page=serve,0,2,40,8,20,75,6,8,58,7,12,0,0,1,4,192,/en/stats/leaderboard?page=return,25,2,8,42,5,12,100,1,1,4,70,/en/stats/leaderboard?page=return,26,6,23,44,8,18,0,0,4,5,66,27,41,35,7,20,56,34,61,65,13,20,34,14,41,44,27,61,334.0,/en/stats/leaderboard?page=serve,1.0,6.0,60.0,21.0,35.0,90.0,19.0,21.0,79.0,11.0,14.0,0.0,0.0,0.0,6.0,325.0,/en/stats/leaderboard?page=serve,0.0,4.0,62.0,21.0,34.0,90.0,19.0,21.0,69.0,9.0,13.0,0.0,0.0,0.0,6.0,41.0,/en/stats/leaderboard?page=return,10.0,2.0,21.0,31.0,4.0,13.0,0.0,0.0,0.0,6.0,31.0,/en/stats/leaderboard?page=return,10.0,2.0,21.0,21.0,3.0,14.0,0.0,0.0,0.0,6.0,86.0,30.0,35.0,18.0,6.0,34.0,52.0,36.0,69.0,82.0,28.0,34.0,14.0,5.0,35.0,48.0,33.0,69.0,,,,,,,,,,,,,,,,,,,,,,,,,,,,,,,,,,,,,,,,,,,,,,,,,,,,,,,,,,,,,,,,,,,,,,,,,,,,,313,/en/stats/leaderboard?page=serve,3,10,58,44,76,82,36,44,66,21,32,100,4,4,11,300,/en/stats/leaderboard?page=serve,0,6,54,29,54,86,25,29,64,16,25,0,0,1,10,75,57,76,24,13,54,54,70,130,76,41,54,25,19,76,46,60,130,A,,4.0,,,
422,2026,ATP Masters 1000 Cincinnati,1000,2026-08-13T00:00:00,2026-08-23T00:00:00,Hard,96,9415725,$,MS034,Round of 64,02:37:50,"Game Set and Match Tommy Paul. 
 Tommy Paul wins the match  6-4 6-7(3) 6-3 .",F,3,PL56,T. Paul,H. Hurkacz,PL56,HB71,USA,POL,18,,"Game Set and Match Tommy Paul. 
 Tommy Paul wins the match  6-4 6-7(3) 6-3 .",T. Paul,H. Hurkacz,18,,USA,POL,6-4,6-7(3),6-3,,,02:37:50,287,/en/stats/leaderboard?page=serve,1,0,50,16,32,75,12,16,63,10,16,100,3,3,5,263,/en/stats/leaderboard?page=serve,1,6,53,16,30,75,12,16,50,7,14,67,2,3,5,128,/en/stats/leaderboard?page=return,25,4,16,50,7,14,33,1,3,5,63,/en/stats/leaderboard?page=return,25,4,16,38,6,16,0,0,3,5,69,22,32,37,11,30,53,33,62,63,19,30,31,10,32,47,29,62,275.0,/en/stats/leaderboard?page=serve,2.0,0.0,52.0,24.0,46.0,75.0,18.0,24.0,50.0,11.0,22.0,100.0,3.0,3.0,6.0,307.0,/en/stats/leaderboard?page=serve,1.0,10.0,62.0,24.0,39.0,83.0,20.0,24.0,53.0,8.0,15.0,100.0,2.0,2.0,6.0,64.0,/en/stats/leaderboard?page=return,17.0,4.0,24.0,47.0,7.0,15.0,0.0,0.0,2.0,6.0,75.0,/en/stats/leaderboard?page=return,25.0,6.0,24.0,50.0,11.0,22.0,0.0,0.0,3.0,6.0,63.0,29.0,46.0,28.0,11.0,39.0,47.0,40.0,85.0,72.0,28.0,39.0,37.0,17.0,46.0,53.0,45.0,85.0,321.0,/en/stats/leaderboard?page=serve,0.0,1.0,72.0,23.0,32.0,70.0,16.0,23.0,78.0,7.0,9.0,100.0,3.0,3.0,5.0,256.0,/en/stats/leaderboard?page=serve,1.0,3.0,73.0,19.0,26.0,63.0,12.0,19.0,43.0,3.0,7.0,0.0,0.0,1.0,4.0,219.0,/en/stats/leaderboard?page=return,37.0,7.0,19.0,57.0,4.0,7.0,100.0,1.0,1.0,4.0,52.0,/en/stats/leaderboard?page=return,30.0,7.0,23.0,22.0,2.0,9.0,0.0,0.0,3.0,5.0,72.0,23.0,32.0,42.0,11.0,26.0,59.0,34.0,58.0,58.0,15.0,26.0,28.0,9.0,32.0,41.0,24.0,58.0,288,/en/stats/leaderboard?page=serve,3,1,57,63,110,73,46,63,60,28,47,100,9,9,16,289,/en/stats/leaderboard?page=serve,3,19,62,59,95,75,44,59,50,18,36,67,4,6,15,67,74,110,35,33,95,52,107,205,65,62,95,33,36,110,48,98,205,A,,,3.0,,
422,2026,ATP Masters 1000 Cincinnati,1000,2026-08-13T00:00:00,2026-08-23T00:00:00,Hard,96,9415725,$,MS035,Round of 64,01:20:22,"Game Set and Match Adolfo Daniel Vallejo. 
 Adolfo Daniel Vallejo wins the match  6-3  6-3 .",F,3,V0DP,A. Vallejo,V. Vacherot,V0DP,VA25,PAR,MON,,15,"Game Set and Match Adolfo Daniel Vallejo. 
 Adolfo Daniel Vallejo wins the match  6-3  6-3 .",A. Vallejo,V. Vacherot,,15,PAR,MON,6-3,6-3,,,,01:20:22,301,/en/stats/leaderboard?page=serve,1,2,63,15,24,93,14,15,44,4,9,0,0,0,4,232,/en/stats/leaderboard?page=serve,2,8,59,17,29,82,14,17,25,3,12,0,0,2,5,233,/en/stats/leaderboard?page=return,18,3,17,75,9,12,100,2,2,5,63,/en/stats/leaderboard?page=return,7,1,15,56,5,9,0,0,0,4,75,18,24,41,12,29,57,30,53,59,17,29,25,6,24,43,23,53,296.0,/en/stats/leaderboard?page=serve,3.0,0.0,56.0,15.0,27.0,93.0,14.0,15.0,50.0,6.0,12.0,0.0,0.0,0.0,5.0,273.0,/en/stats/leaderboard?page=serve,3.0,6.0,68.0,13.0,19.0,77.0,10.0,13.0,50.0,3.0,6.0,0.0,0.0,1.0,4.0,198.0,/en/stats/leaderboard?page=return,23.0,3.0,13.0,50.0,3.0,6.0,100.0,1.0,1.0,4.0,57.0,/en/stats/leaderboard?page=return,7.0,1.0,15.0,50.0,6.0,12.0,0.0,0.0,0.0,5.0,74.0,20.0,27.0,32.0,6.0,19.0,57.0,26.0,46.0,68.0,13.0,19.0,26.0,7.0,27.0,43.0,20.0,46.0,,,,,,,,,,,,,,,,,,,,,,,,,,,,,,,,,,,,,,,,,,,,,,,,,,,,,,,,,,,,,,,,,,,,,,,,,,,,,298,/en/stats/leaderboard?page=serve,4,2,59,30,51,93,28,30,48,10,21,0,0,0,9,251,/en/stats/leaderboard?page=serve,5,14,63,30,48,80,24,30,33,6,18,0,0,3,9,75,38,51,38,18,48,57,56,99,63,30,48,25,13,51,43,43,99,A,,,,,
422,2026,ATP Masters 1000 Cincinnati,1000,2026-08-13T00:00:00,2026-08-23T00:00:00,Hard,96,9415725,$,MS036,Round of 64,02:56:10,"Game Set and Match Rafael Jodar. 
 Rafael Jodar wins the match  7-5  4-6  7-5 .",F,3,J0DZ,R. Jodar,D. Shapovalov,J0DZ,SU55,ESP,CAN,12,,"Game Set and Match Rafael Jodar. 
 Rafael Jodar wins the match  7-5  4-6  7-5 .",R. Jodar,D. Shapovalov,12,,ESP,CAN,7-5,4-6,7-5,,,02:56:10,271,/en/stats/leaderboard?page=serve,1,0,61,22,36,64,14,22,64,9,14,50,1,2,6,239,/en/stats/leaderboard?page=serve,3,0,53,17,32,76,13,17,47,7,15,33,1,3,6,177,/en/stats/leaderboard?page=return,24,4,17,53,8,15,67,2,3,6,138,/en/stats/leaderboard?page=return,36,8,22,36,5,14,50,1,2,6,64,23,36,38,12,32,51,35,68,63,20,32,36,13,36,49,33,68,259.0,/en/stats/leaderboard?page=serve,2.0,1.0,62.0,24.0,39.0,71.0,17.0,24.0,47.0,7.0,15.0,50.0,1.0,2.0,5.0,290.0,/en/stats/leaderboard?page=serve,1.0,3.0,64.0,23.0,36.0,70.0,16.0,23.0,54.0,7.0,13.0,100.0,1.0,1.0,5.0,76.0,/en/stats/leaderboard?page=return,30.0,7.0,23.0,46.0,6.0,13.0,0.0,0.0,1.0,5.0,152.0,/en/stats/leaderboard?page=return,29.0,7.0,24.0,53.0,8.0,15.0,50.0,1.0,2.0,5.0,62.0,24.0,39.0,36.0,13.0,36.0,49.0,37.0,75.0,64.0,23.0,36.0,38.0,15.0,39.0,51.0,38.0,75.0,240.0,/en/stats/leaderboard?page=serve,1.0,0.0,73.0,29.0,40.0,66.0,19.0,29.0,36.0,4.0,11.0,50.0,2.0,4.0,6.0,191.0,/en/stats/leaderboard?page=serve,3.0,0.0,38.0,16.0,42.0,56.0,9.0,16.0,50.0,13.0,26.0,57.0,4.0,7.0,6.0,187.0,/en/stats/leaderboard?page=return,44.0,7.0,16.0,50.0,13.0,26.0,43.0,3.0,7.0,6.0,181.0,/en/stats/leaderboard?page=return,34.0,10.0,29.0,64.0,7.0,11.0,50.0,2.0,4.0,6.0,58.0,23.0,40.0,48.0,20.0,42.0,52.0,43.0,82.0,52.0,22.0,42.0,43.0,17.0,40.0,48.0,39.0,82.0,255,/en/stats/leaderboard?page=serve,4,1,65,75,115,67,50,75,50,20,40,50,4,8,17,235,/en/stats/leaderboard?page=serve,7,3,51,56,110,68,38,56,50,27,54,55,6,11,17,61,70,115,41,45,110,51,115,225,59,65,110,39,45,115,49,110,225,A,,,,,
422,2026,ATP Masters 1000 Cincinnati,1000,2026-08-13T00:00:00,2026-08-23T00:00:00,Hard,96,9415725,$,MS037,Round of 64,01:19:09,"Game Set and Match Alejandro Tabilo. 
 Alejandro Tabilo wins the match  6-3  6-4 .",F,3,TE30,J. Struff,A. Tabilo,SL28,TE30,GER,CHI,,22,"Game Set and Match Alejandro Tabilo. 
 Alejandro Tabilo wins the match  6-3  6-4 .",A. Tabilo,J. Struff,22,,CHI,GER,3-6,4-6,,,,01:19:09,321,/en/stats/leaderboard?page=serve,0,3,83,24,29,75,18,24,60,3,5,0,0,0,5,241,/en/stats/leaderboard?page=serve,1,3,44,12,27,67,8,12,53,8,15,50,1,2,4,155,/en/stats/leaderboard?page=return,33,4,12,47,7,15,50,1,2,4,65,/en/stats/leaderboard?page=return,25,6,24,40,2,5,0,0,0,5,72,21,29,41,11,27,57,32,56,59,16,27,28,8,29,43,24,56,305.0,/en/stats/leaderboard?page=serve,1.0,2.0,48.0,13.0,27.0,92.0,12.0,13.0,64.0,9.0,14.0,0.0,0.0,0.0,5.0,264.0,/en/stats/leaderboard?page=serve,1.0,2.0,59.0,20.0,34.0,60.0,12.0,20.0,64.0,9.0,14.0,0.0,0.0,1.0,5.0,196.0,/en/stats/leaderboard?page=return,40.0,8.0,20.0,36.0,5.0,14.0,100.0,1.0,1.0,5.0,44.0,/en/stats/leaderboard?page=return,8.0,1.0,13.0,36.0,5.0,14.0,0.0,0.0,0.0,5.0,78.0,21.0,27.0,38.0,13.0,34.0,56.0,34.0,61.0,62.0,21.0,34.0,22.0,6.0,27.0,44.0,27.0,61.0,,,,,,,,,,,,,,,,,,,,,,,,,,,,,,,,,,,,,,,,,,,,,,,,,,,,,,,,,,,,,,,,,,,,,,,,,,,,,314,/en/stats/leaderboard?page=serve,1,5,66,37,56,81,30,37,63,12,19,0,0,0,10,254,/en/stats/leaderboard?page=serve,2,5,52,32,61,63,20,32,59,17,29,33,1,3,9,75,42,56,39,24,61,56,66,117,61,37,61,25,14,56,44,51,117,B,,,,,
422,2026,ATP Masters 1000 Cincinnati,1000,2026-08-13T00:00:00,2026-08-23T00:00:00,Hard,96,9415725,$,MS038,Round of 64,01:25:26,"Game Set and Match Alexander Blockx. 
 Alexander Blockx wins the match  6-3  6-4 .",F,3,B0PG,A. Blockx,M. Navone,B0PG,N0BS,BEL,ARG,28,,"Game Set and Match Alexander Blockx. 
 Alexander Blockx wins the match  6-3  6-4 .",A. Blockx,M. Navone,28,,BEL,ARG,6-3,6-4,,,,01:25:26,285,/en/stats/leaderboard?page=serve,1,6,63,22,35,86,19,22,31,4,13,100,2,2,5,269,/en/stats/leaderboard?page=serve,1,0,59,13,22,69,9,13,67,6,9,67,2,3,4,122,/en/stats/leaderboard?page=return,31,4,13,33,3,9,33,1,3,4,83,/en/stats/leaderboard?page=return,14,3,22,69,9,13,0,0,2,5,66,23,35,32,7,22,53,30,57,68,15,22,34,12,35,47,27,57,321.0,/en/stats/leaderboard?page=serve,1.0,5.0,60.0,15.0,25.0,87.0,13.0,15.0,70.0,7.0,10.0,0.0,0.0,0.0,5.0,273.0,/en/stats/leaderboard?page=serve,1.0,0.0,74.0,25.0,34.0,64.0,16.0,25.0,56.0,5.0,9.0,67.0,2.0,3.0,5.0,133.0,/en/stats/leaderboard?page=return,36.0,9.0,25.0,44.0,4.0,9.0,33.0,1.0,3.0,5.0,43.0,/en/stats/leaderboard?page=return,13.0,2.0,15.0,30.0,3.0,10.0,0.0,0.0,0.0,5.0,80.0,20.0,25.0,38.0,13.0,34.0,56.0,33.0,59.0,62.0,21.0,34.0,20.0,5.0,25.0,44.0,26.0,59.0,,,,,,,,,,,,,,,,,,,,,,,,,,,,,,,,,,,,,,,,,,,,,,,,,,,,,,,,,,,,,,,,,,,,,,,,,,,,,305,/en/stats/leaderboard?page=serve,2,11,62,37,60,86,32,37,48,11,23,100,2,2,10,270,/en/stats/leaderboard?page=serve,2,0,68,38,56,66,25,38,61,11,18,67,4,6,9,72,43,60,36,20,56,54,63,116,64,36,56,28,17,60,46,53,116,A,,,,,
422,2026,ATP Masters 1000 Cincinnati,1000,2026-08-13T00:00:00,2026-08-23T00:00:00,Hard,96,9415725,$,MS039,Round of 64,02:00:38,"Game Set and Match Flavio Cobolli. 
 Flavio Cobolli wins the match  6-1  4-6  6-3 .",F,3,C0E9,M. Kecmanovic,F. Cobolli,KI95,C0E9,SRB,ITA,,7,"Game Set and Match Flavio Cobolli. 
 Flavio Cobolli wins the match  6-1  4-6  6-3 .",F. Cobolli,M. Kecmanovic,7,,ITA,SRB,1-6,6-4,3-6,,,02:00:38,306,/en/stats/leaderboard?page=serve,0,4,56,9,16,89,8,9,57,4,7,0,0,0,3,168,/en/stats/leaderboard?page=serve,0,1,57,17,30,47,8,17,38,5,13,50,3,6,4,240,/en/stats/leaderboard?page=return,53,9,17,62,8,13,50,3,6,4,54,/en/stats/leaderboard?page=return,11,1,9,43,3,7,0,0,0,3,75,12,16,57,17,30,63,29,46,43,13,30,25,4,16,37,17,46,255.0,/en/stats/leaderboard?page=serve,6.0,4.0,39.0,11.0,28.0,91.0,10.0,11.0,47.0,8.0,17.0,67.0,2.0,3.0,5.0,275.0,/en/stats/leaderboard?page=serve,0.0,2.0,50.0,22.0,44.0,59.0,13.0,22.0,64.0,14.0,22.0,100.0,4.0,4.0,5.0,77.0,/en/stats/leaderboard?page=return,41.0,9.0,22.0,36.0,8.0,22.0,0.0,0.0,4.0,5.0,115.0,/en/stats/leaderboard?page=return,9.0,1.0,11.0,53.0,9.0,17.0,33.0,1.0,3.0,5.0,64.0,18.0,28.0,39.0,17.0,44.0,49.0,35.0,72.0,61.0,27.0,44.0,36.0,10.0,28.0,51.0,37.0,72.0,261.0,/en/stats/leaderboard?page=serve,2.0,5.0,53.0,19.0,36.0,84.0,16.0,19.0,41.0,7.0,17.0,83.0,5.0,6.0,5.0,207.0,/en/stats/leaderboard?page=serve,0.0,0.0,79.0,19.0,24.0,58.0,11.0,19.0,20.0,1.0,5.0,0.0,0.0,2.0,4.0,272.0,/en/stats/leaderboard?page=return,42.0,8.0,19.0,80.0,4.0,5.0,100.0,2.0,2.0,4.0,112.0,/en/stats/leaderboard?page=return,16.0,3.0,19.0,59.0,10.0,17.0,17.0,1.0,6.0,5.0,64.0,23.0,36.0,50.0,12.0,24.0,58.0,35.0,60.0,50.0,12.0,24.0,36.0,13.0,36.0,42.0,25.0,60.0,271,/en/stats/leaderboard?page=serve,8,13,49,39,80,87,34,39,46,19,41,78,7,9,13,228,/en/stats/leaderboard?page=serve,0,3,59,58,98,55,32,58,50,20,40,58,7,12,13,66,53,80,47,46,98,56,99,178,53,52,98,34,27,80,44,79,178,B,,,,,
422,2026,ATP Masters 1000 Cincinnati,1000,2026-08-13T00:00:00,2026-08-23T00:00:00,Hard,96,9415725,$,MS040,Round of 64,02:44:08,"Game Set and Match Thiago Agustin Tirante. 
 Thiago Agustin Tirante wins the match  2-6  6-4  6-4 .",F,3,T0A1,N. Djokovic,T. Tirante,D643,T0A1,SRB,ARG,3,,"Game Set and Match Thiago Agustin Tirante. 
 Thiago Agustin Tirante wins the match  2-6  6-4  6-4 .",T. Tirante,N. Djokovic,,3,ARG,SRB,6-2,4-6,4-6,,,02:44:08,197,/en/stats/leaderboard?page=serve,3,3,46,16,35,75,12,16,26,5,19,50,2,4,4,295,/en/stats/leaderboard?page=serve,0,0,64,16,25,75,12,16,56,5,9,100,2,2,4,69,/en/stats/leaderboard?page=return,25,4,16,44,4,9,0,0,2,4,199,/en/stats/leaderboard?page=return,25,4,16,74,14,19,50,2,4,4,49,17,35,32,8,25,42,25,60,68,17,25,51,18,35,58,35,60,341.0,/en/stats/leaderboard?page=serve,1.0,6.0,71.0,17.0,24.0,94.0,16.0,17.0,71.0,5.0,7.0,100.0,2.0,2.0,5.0,241.0,/en/stats/leaderboard?page=serve,7.0,4.0,46.0,25.0,54.0,84.0,21.0,25.0,34.0,10.0,29.0,89.0,8.0,9.0,5.0,113.0,/en/stats/leaderboard?page=return,16.0,4.0,25.0,66.0,19.0,29.0,11.0,1.0,9.0,5.0,35.0,/en/stats/leaderboard?page=return,6.0,1.0,17.0,29.0,2.0,7.0,0.0,0.0,2.0,5.0,88.0,21.0,24.0,43.0,23.0,54.0,56.0,44.0,78.0,57.0,31.0,54.0,13.0,3.0,24.0,44.0,34.0,78.0,327.0,/en/stats/leaderboard?page=serve,1.0,4.0,67.0,16.0,24.0,94.0,15.0,16.0,63.0,5.0,8.0,0.0,0.0,0.0,5.0,268.0,/en/stats/leaderboard?page=serve,0.0,1.0,59.0,19.0,32.0,74.0,14.0,19.0,54.0,7.0,13.0,75.0,3.0,4.0,5.0,117.0,/en/stats/leaderboard?page=return,26.0,5.0,19.0,46.0,6.0,13.0,25.0,1.0,4.0,5.0,44.0,/en/stats/leaderboard?page=return,6.0,1.0,16.0,38.0,3.0,8.0,0.0,0.0,0.0,5.0,83.0,20.0,24.0,34.0,11.0,32.0,55.0,31.0,56.0,66.0,21.0,32.0,17.0,4.0,24.0,45.0,25.0,56.0,284,/en/stats/leaderboard?page=serve,5,13,59,49,83,88,43,49,44,15,34,67,4,6,14,258,/en/stats/leaderboard?page=serve,7,5,54,60,111,78,47,60,43,22,51,87,13,15,14,70,58,83,38,42,111,52,100,194,62,69,111,30,25,83,48,94,194,B,,,,,
422,2026,ATP Masters 1000 Cincinnati,1000,2026-08-13T00:00:00,2026-08-23T00:00:00,Hard,96,9415725,$,MS041,Round of 64,02:33:41,"Game Set and Match Martin Landaluce. 
 Martin Landaluce wins the match  6-4  4-6  6-4 .",F,3,L0IL,M. Landaluce,M. Arnaldi,L0IL,A0FC,ESP,ITA,,31,"Game Set and Match Martin Landaluce. 
 Martin Landaluce wins the match  6-4  4-6  6-4 .",M. Landaluce,M. Arnaldi,,31,ESP,ITA,6-4,4-6,6-4,,,02:33:41,254,/en/stats/leaderboard?page=serve,2,1,52,15,29,80,12,15,43,6,14,0,0,1,5,220,/en/stats/leaderboard?page=serve,3,2,52,17,33,65,11,17,44,7,16,71,5,7,5,160,/en/stats/leaderboard?page=return,35,6,17,56,9,16,29,2,7,5,197,/en/stats/leaderboard?page=return,20,3,15,57,8,14,100,1,1,5,62,18,29,45,15,33,53,33,62,55,18,33,38,11,29,47,29,62,223.0,/en/stats/leaderboard?page=serve,1.0,1.0,57.0,16.0,28.0,56.0,9.0,16.0,50.0,6.0,12.0,67.0,4.0,6.0,5.0,268.0,/en/stats/leaderboard?page=serve,0.0,5.0,50.0,15.0,30.0,93.0,14.0,15.0,40.0,6.0,15.0,75.0,3.0,4.0,5.0,112.0,/en/stats/leaderboard?page=return,7.0,1.0,15.0,60.0,9.0,15.0,25.0,1.0,4.0,5.0,167.0,/en/stats/leaderboard?page=return,44.0,7.0,16.0,50.0,6.0,12.0,33.0,2.0,6.0,5.0,54.0,15.0,28.0,33.0,10.0,30.0,43.0,25.0,58.0,67.0,20.0,30.0,46.0,13.0,28.0,57.0,33.0,58.0,219.0,/en/stats/leaderboard?page=serve,4.0,2.0,46.0,13.0,28.0,62.0,8.0,13.0,53.0,8.0,15.0,0.0,0.0,2.0,5.0,185.0,/en/stats/leaderboard?page=serve,1.0,1.0,53.0,16.0,30.0,63.0,10.0,16.0,29.0,4.0,14.0,0.0,0.0,3.0,5.0,269.0,/en/stats/leaderboard?page=return,38.0,6.0,16.0,71.0,10.0,14.0,100.0,3.0,3.0,5.0,225.0,/en/stats/leaderboard?page=return,38.0,5.0,13.0,47.0,7.0,15.0,100.0,2.0,2.0,5.0,57.0,16.0,28.0,53.0,16.0,30.0,55.0,32.0,58.0,47.0,14.0,30.0,43.0,12.0,28.0,45.0,26.0,58.0,230,/en/stats/leaderboard?page=serve,7,4,52,44,85,66,29,44,49,20,41,44,4,9,15,227,/en/stats/leaderboard?page=serve,4,8,52,48,93,73,35,48,38,17,45,57,8,14,15,58,49,85,44,41,93,51,90,178,56,52,93,42,36,85,49,88,178,A,,,,,
422,2026,ATP Masters 1000 Cincinnati,1000,2026-08-13T00:00:00,2026-08-23T00:00:00,Hard,96,9415725,$,MS042,Round of 64,01:12:50,"Game Set and Match Rinky Hijikata. 
 Rinky Hijikata wins the match  6-4  6-2 .",F,3,H0BH,L. Darderi,R. Hijikata,D0FJ,H0BH,ITA,AUS,19,,"Game Set and Match Rinky Hijikata. 
 Rinky Hijikata wins the match  6-4  6-2 .",R. Hijikata,L. Darderi,,19,AUS,ITA,4-6,2-6,,,,01:12:50,317,/en/stats/leaderboard?page=serve,0,6,62,18,29,67,12,18,82,9,11,0,0,0,5,273,/en/stats/leaderboard?page=serve,1,1,61,17,28,59,10,17,73,8,11,50,1,2,5,138,/en/stats/leaderboard?page=return,41,7,17,27,3,11,50,1,2,5,51,/en/stats/leaderboard?page=return,33,6,18,18,2,11,0,0,0,5,72,21,29,36,10,28,54,31,57,64,18,28,28,8,29,46,26,57,312.0,/en/stats/leaderboard?page=serve,2.0,4.0,50.0,10.0,20.0,90.0,9.0,10.0,70.0,7.0,10.0,0.0,0.0,0.0,4.0,247.0,/en/stats/leaderboard?page=serve,0.0,1.0,76.0,19.0,25.0,53.0,10.0,19.0,67.0,4.0,6.0,50.0,2.0,4.0,4.0,180.0,/en/stats/leaderboard?page=return,47.0,9.0,19.0,33.0,2.0,6.0,50.0,2.0,4.0,4.0,40.0,/en/stats/leaderboard?page=return,10.0,1.0,10.0,30.0,3.0,10.0,0.0,0.0,0.0,4.0,80.0,16.0,20.0,44.0,11.0,25.0,60.0,27.0,45.0,56.0,14.0,25.0,20.0,4.0,20.0,40.0,18.0,45.0,,,,,,,,,,,,,,,,,,,,,,,,,,,,,,,,,,,,,,,,,,,,,,,,,,,,,,,,,,,,,,,,,,,,,,,,,,,,,316,/en/stats/leaderboard?page=serve,2,10,57,28,49,75,21,28,76,16,21,0,0,0,9,262,/en/stats/leaderboard?page=serve,1,2,68,36,53,56,20,36,71,12,17,50,3,6,9,76,37,49,40,21,53,57,58,102,60,32,53,24,12,49,43,44,102,B,,,,,
422,2026,ATP Masters 1000 Cincinnati,1000,2026-08-13T00:00:00,2026-08-23T00:00:00,Hard,96,9415725,$,MS043,Round of 64,02:51:25,"Game Set and Match Jakub Mensik. 
 Jakub Mensik wins the match  7-5  2-6  7-6(5).",F,3,M0NI,M. Bellucci,J. Mensik,B0GG,M0NI,ITA,CZE,,14,"Game Set and Match Jakub Mensik. 
 Jakub Mensik wins the match  7-5  2-6  7-6(5).",J. Mensik,M. Bellucci,14,,CZE,ITA,5-7,6-2,6-7(5),,,02:51:25,316,/en/stats/leaderboard?page=serve,1,6,62,23,37,78,18,23,71,10,14,100,1,1,6,257,/en/stats/leaderboard?page=serve,0,2,44,19,43,74,14,19,54,13,24,67,2,3,6,121,/en/stats/leaderboard?page=return,26,5,19,46,11,24,33,1,3,6,51,/en/stats/leaderboard?page=return,22,5,23,29,4,14,0,0,1,6,76,28,37,37,16,43,55,44,80,63,27,43,24,9,37,45,36,80,213.0,/en/stats/leaderboard?page=serve,1.0,3.0,42.0,10.0,24.0,90.0,9.0,10.0,29.0,4.0,14.0,33.0,1.0,3.0,4.0,311.0,/en/stats/leaderboard?page=serve,0.0,1.0,55.0,12.0,22.0,75.0,9.0,12.0,80.0,8.0,10.0,100.0,2.0,2.0,4.0,45.0,/en/stats/leaderboard?page=return,25.0,3.0,12.0,20.0,2.0,10.0,0.0,0.0,2.0,4.0,198.0,/en/stats/leaderboard?page=return,10.0,1.0,10.0,71.0,10.0,14.0,67.0,2.0,3.0,4.0,54.0,13.0,24.0,23.0,5.0,22.0,39.0,18.0,46.0,77.0,17.0,22.0,46.0,11.0,24.0,61.0,28.0,46.0,272.0,/en/stats/leaderboard?page=serve,2.0,7.0,56.0,27.0,48.0,85.0,23.0,27.0,43.0,9.0,21.0,75.0,3.0,4.0,6.0,271.0,/en/stats/leaderboard?page=serve,1.0,4.0,58.0,22.0,38.0,77.0,17.0,22.0,50.0,8.0,16.0,0.0,0.0,1.0,6.0,189.0,/en/stats/leaderboard?page=return,23.0,5.0,22.0,50.0,8.0,16.0,100.0,1.0,1.0,6.0,113.0,/en/stats/leaderboard?page=return,15.0,4.0,27.0,57.0,12.0,21.0,25.0,1.0,4.0,6.0,67.0,32.0,48.0,34.0,13.0,38.0,52.0,45.0,86.0,66.0,25.0,38.0,33.0,16.0,48.0,48.0,41.0,86.0,278,/en/stats/leaderboard?page=serve,4,16,55,60,109,83,50,60,47,23,49,63,5,8,16,277,/en/stats/leaderboard?page=serve,1,7,51,53,103,75,40,53,58,29,50,67,4,6,16,67,73,109,33,34,103,50,107,212,67,69,103,33,36,109,50,105,212,B,,,,,5.0
422,2026,ATP Masters 1000 Cincinnati,1000,2026-08-13T00:00:00,2026-08-23T00:00:00,Hard,96,9415725,$,MS044,Round of 64,02:22:48,"Game Set and Match Jiri Lehecka. 
 Jiri Lehecka wins the match  6-4 6-7(3) 6-3 .",F,3,L0BV,J. Lehecka,M. Berrettini,L0BV,BK40,CZE,ITA,9,,"Game Set and Match Jiri Lehecka. 
 Jiri Lehecka wins the match  6-4 6-7(3) 6-3 .",J. Lehecka,M. Berrettini,9,,CZE,ITA,6-4,6-7(3),6-3,,,02:22:48,321,/en/stats/leaderboard?page=serve,0,3,58,15,26,87,13,15,73,8,11,100,1,1,5,287,/en/stats/leaderboard?page=serve,0,1,74,20,27,75,15,20,57,4,7,67,2,3,5,121,/en/stats/leaderboard?page=return,25,5,20,43,3,7,33,1,3,5,40,/en/stats/leaderboard?page=return,13,2,15,27,3,11,0,0,1,5,81,21,26,30,8,27,55,29,53,70,19,27,19,5,26,45,24,53,299.0,/en/stats/leaderboard?page=serve,1.0,6.0,69.0,29.0,42.0,79.0,23.0,29.0,46.0,6.0,13.0,100.0,1.0,1.0,6.0,325.0,/en/stats/leaderboard?page=serve,0.0,3.0,58.0,19.0,33.0,100.0,19.0,19.0,64.0,9.0,14.0,0.0,0.0,0.0,6.0,36.0,/en/stats/leaderboard?page=return,0.0,0.0,19.0,36.0,5.0,14.0,0.0,0.0,0.0,6.0,75.0,/en/stats/leaderboard?page=return,21.0,6.0,29.0,54.0,7.0,13.0,0.0,0.0,1.0,6.0,69.0,29.0,42.0,15.0,5.0,33.0,45.0,34.0,75.0,85.0,28.0,33.0,31.0,13.0,42.0,55.0,41.0,75.0,335.0,/en/stats/leaderboard?page=serve,0.0,4.0,68.0,19.0,28.0,74.0,14.0,19.0,89.0,8.0,9.0,100.0,2.0,2.0,5.0,260.0,/en/stats/leaderboard?page=serve,0.0,3.0,58.0,14.0,24.0,64.0,9.0,14.0,60.0,6.0,10.0,67.0,2.0,3.0,4.0,134.0,/en/stats/leaderboard?page=return,36.0,5.0,14.0,40.0,4.0,10.0,33.0,1.0,3.0,4.0,37.0,/en/stats/leaderboard?page=return,26.0,5.0,19.0,11.0,1.0,9.0,0.0,0.0,2.0,5.0,79.0,22.0,28.0,38.0,9.0,24.0,60.0,31.0,52.0,63.0,15.0,24.0,21.0,6.0,28.0,40.0,21.0,52.0,324,/en/stats/leaderboard?page=serve,1,13,66,63,96,79,50,63,67,22,33,100,4,4,16,298,/en/stats/leaderboard?page=serve,0,7,63,53,84,81,43,53,61,19,31,67,4,6,15,75,72,96,26,22,84,52,94,180,74,62,84,25,24,96,48,86,180,A,,,3.0,,
422,2026,ATP Masters 1000 Cincinnati,1000,2026-08-13T00:00:00,2026-08-23T00:00:00,Hard,96,9415725,$,MS045,Round of 64,01:36:28,"Game Set and Match Arthur Fils. 
 Arthur Fils wins the match  7-6(5) 6-1 .",F,3,F0F1,Y. Hanfmann,A. Fils,H997,F0F1,GER,FRA,,21,"Game Set and Match Arthur Fils. 
 Arthur Fils wins the match  7-6(5) 6-1 .",A. Fils,Y. Hanfmann,21,,FRA,GER,6-7(5),1-6,,,,01:36:28,275,/en/stats/leaderboard?page=serve,1,5,57,24,42,75,18,24,56,10,18,50,1,2,6,261,/en/stats/leaderboard?page=serve,2,3,51,21,41,76,16,21,50,10,20,50,1,2,6,140,/en/stats/leaderboard?page=return,24,5,21,50,10,20,50,1,2,6,135,/en/stats/leaderboard?page=return,25,6,24,44,8,18,50,1,2,6,67,28,42,37,15,41,52,43,83,63,26,41,33,14,42,48,40,83,286.0,/en/stats/leaderboard?page=serve,1.0,2.0,62.0,13.0,21.0,85.0,11.0,13.0,38.0,3.0,8.0,100.0,2.0,2.0,3.0,164.0,/en/stats/leaderboard?page=serve,5.0,4.0,56.0,15.0,27.0,67.0,10.0,15.0,17.0,2.0,12.0,40.0,2.0,5.0,4.0,251.0,/en/stats/leaderboard?page=return,33.0,5.0,15.0,83.0,10.0,12.0,60.0,3.0,5.0,4.0,78.0,/en/stats/leaderboard?page=return,15.0,2.0,13.0,63.0,5.0,8.0,0.0,0.0,2.0,3.0,67.0,14.0,21.0,56.0,15.0,27.0,60.0,29.0,48.0,44.0,12.0,27.0,33.0,7.0,21.0,40.0,19.0,48.0,,,,,,,,,,,,,,,,,,,,,,,,,,,,,,,,,,,,,,,,,,,,,,,,,,,,,,,,,,,,,,,,,,,,,,,,,,,,,280,/en/stats/leaderboard?page=serve,2,7,59,37,63,78,29,37,50,13,26,75,3,4,9,223,/en/stats/leaderboard?page=serve,7,7,53,36,68,72,26,36,38,12,32,43,3,7,10,67,42,63,44,30,68,55,72,131,56,38,68,33,21,63,45,59,131,B,5.0,,,,
422,2026,ATP Masters 1000 Cincinnati,1000,2026-08-13T00:00:00,2026-08-23T00:00:00,Hard,96,9415725,$,MS046,Round of 64,02:32:23,"Game Set and Match Arthur Fery. 
 Arthur Fery wins the match  6-4  2-6  7-6(4).",F,3,F0DM,A. Fery,J. Duckworth,F0DM,D994,GBR,AUS,32,,"Game Set and Match Arthur Fery. 
 Arthur Fery wins the match  6-4  2-6  7-6(4).",A. Fery,J. Duckworth,32,,GBR,AUS,6-4,2-6,7-6(4),,,02:32:23,247,/en/stats/leaderboard?page=serve,1,3,47,18,38,78,14,18,40,8,20,67,2,3,5,221,/en/stats/leaderboard?page=serve,2,1,43,12,28,75,9,12,44,7,16,0,0,2,5,221,/en/stats/leaderboard?page=return,25,3,12,56,9,16,100,2,2,5,135,/en/stats/leaderboard?page=return,22,4,18,60,12,20,33,1,3,5,58,22,38,43,12,28,52,34,66,57,16,28,42,16,38,48,32,66,209.0,/en/stats/leaderboard?page=serve,1.0,4.0,44.0,11.0,25.0,55.0,6.0,11.0,57.0,8.0,14.0,33.0,1.0,3.0,4.0,332.0,/en/stats/leaderboard?page=serve,0.0,0.0,63.0,12.0,19.0,83.0,10.0,12.0,86.0,6.0,7.0,0.0,0.0,0.0,4.0,31.0,/en/stats/leaderboard?page=return,17.0,2.0,12.0,14.0,1.0,7.0,0.0,0.0,0.0,4.0,205.0,/en/stats/leaderboard?page=return,45.0,5.0,11.0,43.0,6.0,14.0,67.0,2.0,3.0,4.0,56.0,14.0,25.0,16.0,3.0,19.0,39.0,17.0,44.0,84.0,16.0,19.0,44.0,11.0,25.0,61.0,27.0,44.0,310.0,/en/stats/leaderboard?page=serve,1.0,2.0,58.0,22.0,38.0,82.0,18.0,22.0,69.0,11.0,16.0,0.0,0.0,0.0,6.0,287.0,/en/stats/leaderboard?page=serve,2.0,5.0,50.0,21.0,42.0,86.0,18.0,21.0,48.0,10.0,21.0,100.0,1.0,1.0,6.0,66.0,/en/stats/leaderboard?page=return,14.0,3.0,21.0,52.0,11.0,21.0,0.0,0.0,1.0,6.0,49.0,/en/stats/leaderboard?page=return,18.0,4.0,22.0,31.0,5.0,16.0,0.0,0.0,0.0,6.0,76.0,29.0,38.0,33.0,14.0,42.0,54.0,43.0,80.0,67.0,28.0,42.0,24.0,9.0,38.0,46.0,37.0,80.0,265,/en/stats/leaderboard?page=serve,3,9,50,51,101,75,38,51,54,27,50,50,3,6,15,273,/en/stats/leaderboard?page=serve,4,6,51,45,89,82,37,45,52,23,44,33,1,3,15,64,65,101,33,29,89,49,94,190,67,60,89,36,36,101,51,96,190,A,,,,,4.0
422,2026,ATP Masters 1000 Cincinnati,1000,2026-08-13T00:00:00,2026-08-23T00:00:00,Hard,96,9415725,$,MS047,Round of 64,02:16:19,"Game Set and Match Alex de Miñaur. 
 Alex de Miñaur wins the match  1-6  6-3  7-6(4).",F,3,DH58,Q. Halys,A. de Minaur,HB64,DH58,FRA,AUS,,5,"Game Set and Match Alex de Miñaur. 
 Alex de Miñaur wins the match  1-6  6-3  7-6(4).",A. de Minaur,Q. Halys,5,,AUS,FRA,6-1,3-6,6-7(4),,,02:16:19,174,/en/stats/leaderboard?page=serve,2,0,56,9,16,44,4,9,43,3,7,33,1,3,3,311,/en/stats/leaderboard?page=serve,0,3,55,12,22,83,10,12,70,7,10,100,2,2,4,47,/en/stats/leaderboard?page=return,17,2,12,30,3,10,0,0,2,4,246,/en/stats/leaderboard?page=return,56,5,9,57,4,7,67,2,3,3,44,7,16,23,5,22,32,12,38,77,17,22,56,9,16,68,26,38,306.0,/en/stats/leaderboard?page=serve,2.0,5.0,54.0,15.0,28.0,80.0,12.0,15.0,69.0,9.0,13.0,100.0,2.0,2.0,5.0,258.0,/en/stats/leaderboard?page=serve,1.0,3.0,46.0,11.0,24.0,73.0,8.0,11.0,62.0,8.0,13.0,67.0,2.0,3.0,4.0,123.0,/en/stats/leaderboard?page=return,27.0,3.0,11.0,38.0,5.0,13.0,33.0,1.0,3.0,4.0,51.0,/en/stats/leaderboard?page=return,20.0,3.0,15.0,31.0,4.0,13.0,0.0,0.0,2.0,5.0,75.0,21.0,28.0,33.0,8.0,24.0,56.0,29.0,52.0,67.0,16.0,24.0,25.0,7.0,28.0,44.0,23.0,52.0,299.0,/en/stats/leaderboard?page=serve,2.0,2.0,52.0,22.0,42.0,77.0,17.0,22.0,70.0,14.0,20.0,100.0,2.0,2.0,6.0,274.0,/en/stats/leaderboard?page=serve,2.0,3.0,54.0,29.0,54.0,79.0,23.0,29.0,40.0,10.0,25.0,100.0,7.0,7.0,6.0,81.0,/en/stats/leaderboard?page=return,21.0,6.0,29.0,60.0,15.0,25.0,0.0,0.0,7.0,6.0,53.0,/en/stats/leaderboard?page=return,23.0,5.0,22.0,30.0,6.0,20.0,0.0,0.0,2.0,6.0,74.0,31.0,42.0,39.0,21.0,54.0,54.0,52.0,96.0,61.0,33.0,54.0,26.0,11.0,42.0,46.0,44.0,96.0,276,/en/stats/leaderboard?page=serve,6,7,53,46,86,72,33,46,65,26,40,71,5,7,14,281,/en/stats/leaderboard?page=serve,3,9,52,52,100,79,41,52,52,25,48,92,11,12,14,69,59,86,34,34,100,50,93,186,66,66,100,31,27,86,50,93,186,B,,,,,4.0
422,2026,ATP Masters 1000 Cincinnati,1000,2026-08-13T00:00:00,2026-08-23T00:00:00,Hard,96,9415725,$,MS048,Round of 64,01:25:10,"Game Set and Match Taylor Fritz. 
 Taylor Fritz wins the match  6-3  6-4 .",F,3,FB98,T. Fritz,A. Michelsen,FB98,M0QI,USA,USA,6,,"Game Set and Match Taylor Fritz. 
 Taylor Fritz wins the match  6-3  6-4 .",T. Fritz,A. Michelsen,6,,USA,USA,6-3,6-4,,,,01:25:10,245,/en/stats/leaderboard?page=serve,5,2,43,15,35,80,12,15,45,9,20,50,1,2,5,179,/en/stats/leaderboard?page=serve,6,1,41,12,29,58,7,12,35,6,17,50,2,4,4,207,/en/stats/leaderboard?page=return,42,5,12,65,11,17,50,2,4,4,145,/en/stats/leaderboard?page=return,20,3,15,55,11,20,50,1,2,5,60,21,35,55,16,29,58,37,64,45,13,29,40,14,35,42,27,64,289.0,/en/stats/leaderboard?page=serve,1.0,5.0,64.0,23.0,36.0,83.0,19.0,23.0,38.0,5.0,13.0,0.0,0.0,0.0,5.0,267.0,/en/stats/leaderboard?page=serve,2.0,3.0,81.0,25.0,31.0,72.0,18.0,25.0,33.0,2.0,6.0,50.0,1.0,2.0,5.0,165.0,/en/stats/leaderboard?page=return,28.0,7.0,25.0,67.0,4.0,6.0,50.0,1.0,2.0,5.0,79.0,/en/stats/leaderboard?page=return,17.0,4.0,23.0,62.0,8.0,13.0,0.0,0.0,0.0,5.0,67.0,24.0,36.0,35.0,11.0,31.0,52.0,35.0,67.0,65.0,20.0,31.0,33.0,12.0,36.0,48.0,32.0,67.0,,,,,,,,,,,,,,,,,,,,,,,,,,,,,,,,,,,,,,,,,,,,,,,,,,,,,,,,,,,,,,,,,,,,,,,,,,,,,269,/en/stats/leaderboard?page=serve,6,7,54,38,71,82,31,38,42,14,33,50,1,2,10,227,/en/stats/leaderboard?page=serve,8,4,62,37,60,68,25,37,35,8,23,50,3,6,9,63,45,71,45,27,60,55,72,131,55,33,60,37,26,71,45,59,131,A,,,,,
422,2026,ATP Masters 1000 Cincinnati,1000,2026-08-13T00:00:00,2026-08-23T00:00:00,Hard,96,9415725,$,MS049,Round of 64,01:19:59,"Game Set and Match Daniel Merida. 
 Daniel Merida wins the match  6-3  6-2 .",F,3,M0N7,D. Merida,Z. Bergs,M0N7,BU13,ESP,BEL,,30,"Game Set and Match Daniel Merida. 
 Daniel Merida wins the match  6-3  6-2 .",D. Merida,Z. Bergs,,30,ESP,BEL,6-3,6-2,,,,01:19:59,270,/en/stats/leaderboard?page=serve,8,2,56,25,45,80,20,25,40,8,20,100,3,3,5,253,/en/stats/leaderboard?page=serve,3,1,30,6,20,100,6,6,50,7,14,0,0,1,4,175,/en/stats/leaderboard?page=return,0,0,6,50,7,14,100,1,1,4,80,/en/stats/leaderboard?page=return,20,5,25,60,12,20,0,0,3,5,62,28,45,35,7,20,54,35,65,65,13,20,38,17,45,46,30,65,314.0,/en/stats/leaderboard?page=serve,1.0,0.0,60.0,12.0,20.0,92.0,11.0,12.0,63.0,5.0,8.0,0.0,0.0,0.0,4.0,206.0,/en/stats/leaderboard?page=serve,3.0,1.0,45.0,10.0,22.0,80.0,8.0,10.0,33.0,4.0,12.0,0.0,0.0,2.0,4.0,237.0,/en/stats/leaderboard?page=return,20.0,2.0,10.0,67.0,8.0,12.0,100.0,2.0,2.0,4.0,46.0,/en/stats/leaderboard?page=return,8.0,1.0,12.0,38.0,3.0,8.0,0.0,0.0,0.0,4.0,80.0,16.0,20.0,45.0,10.0,22.0,62.0,26.0,42.0,55.0,12.0,22.0,20.0,4.0,20.0,38.0,16.0,42.0,,,,,,,,,,,,,,,,,,,,,,,,,,,,,,,,,,,,,,,,,,,,,,,,,,,,,,,,,,,,,,,,,,,,,,,,,,,,,280,/en/stats/leaderboard?page=serve,9,2,57,37,65,84,31,37,46,13,28,100,3,3,9,226,/en/stats/leaderboard?page=serve,6,2,38,16,42,88,14,16,42,11,26,0,0,3,8,68,44,65,40,17,42,57,61,107,60,25,42,32,21,65,43,46,107,A,,,,,
422,2026,ATP Masters 1000 Cincinnati,1000,2026-08-13T00:00:00,2026-08-23T00:00:00,Hard,96,9415725,$,MS050,Round of 64,01:47:26,"Game Set and Match Joao Fonseca. 
 Joao Fonseca wins the match  6-4  7-6(2).",F,3,F0FV,J. Fonseca,B. van de Zandschulp,F0FV,V812,BRA,NED,23,,"Game Set and Match Joao Fonseca. 
 Joao Fonseca wins the match  6-4  7-6(2).",J. Fonseca,B. van de Zandschulp,23,,BRA,NED,6-4,7-6(2),,,,01:47:26,261,/en/stats/leaderboard?page=serve,1,2,55,16,29,56,9,16,69,9,13,50,1,2,5,216,/en/stats/leaderboard?page=serve,4,2,50,13,26,85,11,13,23,3,13,0,0,2,5,232,/en/stats/leaderboard?page=return,15,2,13,77,10,13,100,2,2,5,145,/en/stats/leaderboard?page=return,44,7,16,31,4,13,50,1,2,5,62,18,29,46,12,26,55,30,55,54,14,26,38,11,29,45,25,55,281.0,/en/stats/leaderboard?page=serve,1.0,0.0,70.0,30.0,43.0,67.0,20.0,30.0,62.0,8.0,13.0,75.0,3.0,4.0,6.0,245.0,/en/stats/leaderboard?page=serve,4.0,2.0,52.0,22.0,42.0,82.0,18.0,22.0,30.0,6.0,20.0,0.0,0.0,1.0,6.0,204.0,/en/stats/leaderboard?page=return,18.0,4.0,22.0,70.0,14.0,20.0,100.0,1.0,1.0,6.0,112.0,/en/stats/leaderboard?page=return,33.0,10.0,30.0,38.0,5.0,13.0,25.0,1.0,4.0,6.0,65.0,28.0,43.0,43.0,18.0,42.0,54.0,46.0,85.0,57.0,24.0,42.0,35.0,15.0,43.0,46.0,39.0,85.0,,,,,,,,,,,,,,,,,,,,,,,,,,,,,,,,,,,,,,,,,,,,,,,,,,,,,,,,,,,,,,,,,,,,,,,,,,,,,273,/en/stats/leaderboard?page=serve,2,2,64,46,72,63,29,46,65,17,26,67,4,6,11,229,/en/stats/leaderboard?page=serve,8,4,51,35,68,83,29,35,27,9,33,0,0,3,11,64,46,72,44,30,68,54,76,140,56,38,68,36,26,72,46,64,140,A,,2.0,,,
422,2026,ATP Masters 1000 Cincinnati,1000,2026-08-13T00:00:00,2026-08-23T00:00:00,Hard,96,9415725,$,MS051,Round of 64,01:05:05,"Game Set and Match Christopher O'Connell. 
 Christopher O'Connell wins the match 7-5 1-2 RET.",F,3,O483,C. O'Connell,C. Ruud,O483,RH16,AUS,NOR,,11,"Game Set and Match Christopher O'Connell. 
 Christopher O'Connell wins the match 7-5 1-2 RET.",C. O'Connell,C. Ruud,,11,AUS,NOR,7-5,1-2,,,,01:05:05,273,/en/stats/leaderboard?page=serve,0,11,54,21,39,81,17,21,44,8,18,50,1,2,6,242,/en/stats/leaderboard?page=serve,1,1,52,15,29,67,10,15,57,8,14,0,0,2,6,209,/en/stats/leaderboard?page=return,33,5,15,43,6,14,100,2,2,6,141,/en/stats/leaderboard?page=return,19,4,21,56,10,18,50,1,2,6,64,25,39,38,11,29,53,36,68,62,18,29,36,14,39,47,32,68,382.0,/en/stats/leaderboard?page=serve,0.0,2.0,80.0,4.0,5.0,100.0,4.0,4.0,100.0,1.0,1.0,0.0,0.0,0.0,1.0,363.0,/en/stats/leaderboard?page=serve,0.0,0.0,63.0,5.0,8.0,100.0,5.0,5.0,100.0,3.0,3.0,0.0,0.0,0.0,2.0,0.0,/en/stats/leaderboard?page=return,0.0,0.0,5.0,0.0,0.0,3.0,0.0,0.0,0.0,2.0,0.0,/en/stats/leaderboard?page=return,0.0,0.0,4.0,0.0,0.0,1.0,0.0,0.0,0.0,1.0,100.0,5.0,5.0,0.0,0.0,8.0,38.0,5.0,13.0,100.0,8.0,8.0,0.0,0.0,5.0,62.0,8.0,13.0,,,,,,,,,,,,,,,,,,,,,,,,,,,,,,,,,,,,,,,,,,,,,,,,,,,,,,,,,,,,,,,,,,,,,,,,,,,,,286,/en/stats/leaderboard?page=serve,0,13,57,25,44,84,21,25,47,9,19,50,1,2,7,269,/en/stats/leaderboard?page=serve,1,1,54,20,37,75,15,20,65,11,17,0,0,2,8,68,30,44,30,11,37,51,41,81,70,26,37,32,14,44,49,40,81,A,,,,,
422,2026,ATP Masters 1000 Cincinnati,1000,2026-08-13T00:00:00,2026-08-23T00:00:00,Hard,96,9415725,$,MS052,Round of 64,01:32:31,"Game Set and Match Andrey Rublev. 
 Andrey Rublev wins the match  7-6(5) 6-1 .",F,3,RE44,A. Rublev,P. Carreno Busta,RE44,CD85,RUS,ESP,13,,"Game Set and Match Andrey Rublev. 
 Andrey Rublev wins the match  7-6(5) 6-1 .",A. Rublev,P. Carreno Busta,13,,RUS,ESP,7-6(5),6-1,,,,01:32:31,262,/en/stats/leaderboard?page=serve,2,3,62,24,39,83,20,24,33,5,15,50,1,2,6,267,/en/stats/leaderboard?page=serve,3,4,61,25,41,72,18,25,50,8,16,0,0,1,6,194,/en/stats/leaderboard?page=return,28,7,25,50,8,16,100,1,1,6,150,/en/stats/leaderboard?page=return,17,4,24,67,10,15,50,1,2,6,64,25,39,37,15,41,50,40,80,63,26,41,36,14,39,50,40,80,288.0,/en/stats/leaderboard?page=serve,1.0,3.0,47.0,9.0,19.0,89.0,8.0,9.0,50.0,5.0,10.0,0.0,0.0,0.0,3.0,159.0,/en/stats/leaderboard?page=serve,4.0,0.0,48.0,14.0,29.0,57.0,8.0,14.0,33.0,5.0,15.0,0.0,0.0,3.0,4.0,285.0,/en/stats/leaderboard?page=return,43.0,6.0,14.0,67.0,10.0,15.0,100.0,3.0,3.0,4.0,61.0,/en/stats/leaderboard?page=return,11.0,1.0,9.0,50.0,5.0,10.0,0.0,0.0,0.0,3.0,68.0,13.0,19.0,55.0,16.0,29.0,60.0,29.0,48.0,45.0,13.0,29.0,32.0,6.0,19.0,40.0,19.0,48.0,,,,,,,,,,,,,,,,,,,,,,,,,,,,,,,,,,,,,,,,,,,,,,,,,,,,,,,,,,,,,,,,,,,,,,,,,,,,,273,/en/stats/leaderboard?page=serve,3,6,57,33,58,85,28,33,40,10,25,50,1,2,9,222,/en/stats/leaderboard?page=serve,7,4,56,39,70,67,26,39,42,13,31,0,0,4,10,66,38,58,44,31,70,54,69,128,56,39,70,34,20,58,46,59,128,A,5.0,,,,
422,2026,ATP Masters 1000 Cincinnati,1000,2026-08-13T00:00:00,2026-08-23T00:00:00,Hard,96,9415725,$,MS053,Round of 64,01:19:46,"Game Set and Match Nuno Borges. 
 Nuno Borges wins the match  6-4  6-4 .",F,3,BT72,N. Borges,F. Cerundolo,BT72,C0AU,POR,ARG,,20,"Game Set and Match Nuno Borges. 
 Nuno Borges wins the match  6-4  6-4 .",N. Borges,F. Cerundolo,,20,POR,ARG,6-4,6-4,,,,01:19:46,331,/en/stats/leaderboard?page=serve,1,4,65,15,23,100,15,15,63,5,8,0,0,0,5,270,/en/stats/leaderboard?page=serve,1,1,52,15,29,67,10,15,71,10,14,67,2,3,5,115,/en/stats/leaderboard?page=return,33,5,15,29,4,14,33,1,3,5,38,/en/stats/leaderboard?page=return,0,0,15,38,3,8,0,0,0,5,87,20,23,31,9,29,56,29,52,69,20,29,13,3,23,44,23,52,272.0,/en/stats/leaderboard?page=serve,2.0,1.0,56.0,15.0,27.0,87.0,13.0,15.0,50.0,6.0,12.0,50.0,1.0,2.0,5.0,214.0,/en/stats/leaderboard?page=serve,1.0,2.0,44.0,15.0,34.0,67.0,10.0,15.0,42.0,8.0,19.0,60.0,3.0,5.0,5.0,171.0,/en/stats/leaderboard?page=return,33.0,5.0,15.0,58.0,11.0,19.0,40.0,2.0,5.0,5.0,133.0,/en/stats/leaderboard?page=return,13.0,2.0,15.0,50.0,6.0,12.0,50.0,1.0,2.0,5.0,70.0,19.0,27.0,47.0,16.0,34.0,57.0,35.0,61.0,53.0,18.0,34.0,30.0,8.0,27.0,43.0,26.0,61.0,,,,,,,,,,,,,,,,,,,,,,,,,,,,,,,,,,,,,,,,,,,,,,,,,,,,,,,,,,,,,,,,,,,,,,,,,,,,,300,/en/stats/leaderboard?page=serve,3,5,60,30,50,93,28,30,55,11,20,50,1,2,10,241,/en/stats/leaderboard?page=serve,2,3,48,30,63,67,20,30,55,18,33,63,5,8,10,78,39,50,40,25,63,57,64,113,60,38,63,22,11,50,43,49,113,A,,,,,
422,2026,ATP Masters 1000 Cincinnati,1000,2026-08-13T00:00:00,2026-08-23T00:00:00,Hard,96,9415725,$,MS054,Round of 64,01:21:09,"Game Set and Match Brandon Nakashima. 
 Brandon Nakashima wins the match  6-2  7-5 .",F,3,N0AE,B. Nakashima,A. Kovacevic,N0AE,K0AZ,USA,USA,27,,"Game Set and Match Brandon Nakashima. 
 Brandon Nakashima wins the match  6-2  7-5 .",B. Nakashima,A. Kovacevic,27,,USA,USA,6-2,7-5,,,,01:21:09,254,/en/stats/leaderboard?page=serve,2,3,45,9,20,78,7,9,55,6,11,0,0,1,4,149,/en/stats/leaderboard?page=serve,7,2,27,8,30,75,6,8,27,6,22,40,2,5,4,233,/en/stats/leaderboard?page=return,25,2,8,73,16,22,60,3,5,4,192,/en/stats/leaderboard?page=return,22,2,9,45,5,11,100,1,1,4,65,13,20,60,18,30,62,31,50,40,12,30,35,7,20,38,19,50,328.0,/en/stats/leaderboard?page=serve,0.0,10.0,60.0,18.0,30.0,83.0,15.0,18.0,75.0,9.0,12.0,0.0,0.0,0.0,6.0,274.0,/en/stats/leaderboard?page=serve,2.0,7.0,68.0,25.0,37.0,76.0,19.0,25.0,42.0,5.0,12.0,0.0,0.0,1.0,6.0,198.0,/en/stats/leaderboard?page=return,24.0,6.0,25.0,58.0,7.0,12.0,100.0,1.0,1.0,6.0,42.0,/en/stats/leaderboard?page=return,17.0,3.0,18.0,25.0,3.0,12.0,0.0,0.0,0.0,6.0,80.0,24.0,30.0,35.0,13.0,37.0,55.0,37.0,67.0,65.0,24.0,37.0,20.0,6.0,30.0,45.0,30.0,67.0,,,,,,,,,,,,,,,,,,,,,,,,,,,,,,,,,,,,,,,,,,,,,,,,,,,,,,,,,,,,,,,,,,,,,,,,,,,,,301,/en/stats/leaderboard?page=serve,2,13,54,27,50,81,22,27,65,15,23,0,0,1,10,217,/en/stats/leaderboard?page=serve,9,9,49,33,67,76,25,33,32,11,34,33,2,6,10,74,37,50,46,31,67,58,68,117,54,36,67,26,13,50,42,49,117,A,,,,,
422,2026,ATP Masters 1000 Cincinnati,1000,2026-08-13T00:00:00,2026-08-23T00:00:00,Hard,96,9415725,$,MS055,Round of 64,01:46:04,"Game Set and Match Daniil Medvedev. 
 Daniil Medvedev wins the match  6-4  7-5 .",F,3,MM58,M. Trungelliti,D. Medvedev,TA29,MM58,ARG,RUS,,4,"Game Set and Match Daniil Medvedev. 
 Daniil Medvedev wins the match  6-4  7-5 .",D. Medvedev,M. Trungelliti,4,,RUS,ARG,4-6,5-7,,,,01:46:04,281,/en/stats/leaderboard?page=serve,5,3,58,19,33,89,17,19,36,5,14,100,1,1,5,263,/en/stats/leaderboard?page=serve,0,0,82,28,34,68,19,28,33,2,6,67,2,3,5,152,/en/stats/leaderboard?page=return,32,9,28,67,4,6,33,1,3,5,75,/en/stats/leaderboard?page=return,11,2,19,64,9,14,0,0,1,5,67,22,33,38,13,34,52,35,67,62,21,34,33,11,33,48,32,67,267.0,/en/stats/leaderboard?page=serve,4.0,8.0,42.0,16.0,38.0,88.0,14.0,16.0,50.0,11.0,22.0,50.0,1.0,2.0,6.0,241.0,/en/stats/leaderboard?page=serve,0.0,1.0,58.0,21.0,36.0,76.0,16.0,21.0,40.0,6.0,15.0,0.0,0.0,2.0,6.0,217.0,/en/stats/leaderboard?page=return,24.0,5.0,21.0,60.0,9.0,15.0,100.0,2.0,2.0,6.0,129.0,/en/stats/leaderboard?page=return,13.0,2.0,16.0,50.0,11.0,22.0,50.0,1.0,2.0,6.0,66.0,25.0,38.0,39.0,14.0,36.0,53.0,39.0,74.0,61.0,22.0,36.0,34.0,13.0,38.0,47.0,35.0,74.0,,,,,,,,,,,,,,,,,,,,,,,,,,,,,,,,,,,,,,,,,,,,,,,,,,,,,,,,,,,,,,,,,,,,,,,,,,,,,274,/en/stats/leaderboard?page=serve,9,11,49,35,71,89,31,35,44,16,36,67,2,3,11,252,/en/stats/leaderboard?page=serve,0,1,70,49,70,71,35,49,38,8,21,40,2,5,11,66,47,71,39,27,70,52,74,141,61,43,70,34,24,71,48,67,141,B,,,,,
422,2026,ATP Masters 1000 Cincinnati,1000,2026-08-13T00:00:00,2026-08-23T00:00:00,Hard,96,9415725,$,MS056,Round of 64,01:53:25,"Game Set and Match Jaime Faria. 
 Jaime Faria wins the match  6-4  6-4 .",F,3,F0F2,B. Shelton,J. Faria,S0S1,F0F2,USA,POR,8,,"Game Set and Match Jaime Faria. 
 Jaime Faria wins the match  6-4  6-4 .",J. Faria,B. Shelton,,8,POR,USA,4-6,4-6,,,,01:53:25,276,/en/stats/leaderboard?page=serve,3,4,55,31,56,68,21,31,52,13,25,100,9,9,5,250,/en/stats/leaderboard?page=serve,2,2,68,26,38,69,18,26,33,4,12,80,4,5,5,138,/en/stats/leaderboard?page=return,31,8,26,67,8,12,20,1,5,5,80,/en/stats/leaderboard?page=return,32,10,31,48,12,25,0,0,9,5,61,34,56,42,16,38,53,50,94,58,22,38,39,22,56,47,44,94,254.0,/en/stats/leaderboard?page=serve,3.0,1.0,45.0,13.0,29.0,62.0,8.0,13.0,69.0,11.0,16.0,67.0,2.0,3.0,5.0,230.0,/en/stats/leaderboard?page=serve,1.0,1.0,59.0,16.0,27.0,56.0,9.0,16.0,55.0,6.0,11.0,60.0,3.0,5.0,5.0,169.0,/en/stats/leaderboard?page=return,44.0,7.0,16.0,45.0,5.0,11.0,40.0,2.0,5.0,5.0,122.0,/en/stats/leaderboard?page=return,38.0,5.0,13.0,31.0,5.0,16.0,33.0,1.0,3.0,5.0,66.0,19.0,29.0,44.0,12.0,27.0,55.0,31.0,56.0,56.0,15.0,27.0,34.0,10.0,29.0,45.0,25.0,56.0,,,,,,,,,,,,,,,,,,,,,,,,,,,,,,,,,,,,,,,,,,,,,,,,,,,,,,,,,,,,,,,,,,,,,,,,,,,,,266,/en/stats/leaderboard?page=serve,6,5,52,44,85,66,29,44,59,24,41,92,11,12,10,242,/en/stats/leaderboard?page=serve,3,3,65,42,65,64,27,42,43,10,23,70,7,10,10,62,53,85,43,28,65,54,81,150,57,37,65,38,32,85,46,69,150,B,,,,,
422,2026,ATP Masters 1000 Cincinnati,1000,2026-08-13T00:00:00,2026-08-23T00:00:00,Hard,96,9415725,$,MS057,Round of 64,01:11:18,"Game Set and Match Adam Walton. 
 Adam Walton wins the match  6-4  6-3 .",F,3,W09E,A. Walton,I. Buse,W09E,B0ID,AUS,PER,,29,"Game Set and Match Adam Walton. 
 Adam Walton wins the match  6-4  6-3 .",A. Walton,I. Buse,,29,AUS,PER,6-4,6-3,,,,01:11:18,255,/en/stats/leaderboard?page=serve,1,0,57,17,30,88,15,17,31,4,13,0,0,1,5,233,/en/stats/leaderboard?page=serve,0,3,58,15,26,67,10,15,45,5,11,33,1,3,5,195,/en/stats/leaderboard?page=return,33,5,15,55,6,11,67,2,3,5,201,/en/stats/leaderboard?page=return,12,2,17,69,9,13,100,1,1,5,63,19,30,42,11,26,54,30,56,58,15,26,37,11,30,46,26,56,306.0,/en/stats/leaderboard?page=serve,0.0,2.0,76.0,19.0,25.0,95.0,18.0,19.0,33.0,2.0,6.0,0.0,0.0,0.0,5.0,311.0,/en/stats/leaderboard?page=serve,0.0,1.0,75.0,15.0,20.0,60.0,9.0,15.0,100.0,5.0,5.0,0.0,0.0,1.0,4.0,165.0,/en/stats/leaderboard?page=return,40.0,6.0,15.0,0.0,0.0,5.0,100.0,1.0,1.0,4.0,72.0,/en/stats/leaderboard?page=return,5.0,1.0,19.0,67.0,4.0,6.0,0.0,0.0,0.0,5.0,80.0,20.0,25.0,30.0,6.0,20.0,58.0,26.0,45.0,70.0,14.0,20.0,20.0,5.0,25.0,42.0,19.0,45.0,,,,,,,,,,,,,,,,,,,,,,,,,,,,,,,,,,,,,,,,,,,,,,,,,,,,,,,,,,,,,,,,,,,,,,,,,,,,,280,/en/stats/leaderboard?page=serve,1,2,65,36,55,92,33,36,32,6,19,0,0,1,10,261,/en/stats/leaderboard?page=serve,0,4,65,30,46,63,19,30,63,10,16,25,1,4,9,71,39,55,37,17,46,55,56,101,63,29,46,29,16,55,45,45,101,A,,,,,
422,2026,ATP Masters 1000 Cincinnati,1000,2026-08-13T00:00:00,2026-08-23T00:00:00,Hard,96,9415725,$,MS058,Round of 64,01:22:29,"Game Set and Match Michael Zheng. 
 Michael Zheng wins the match  6-4  6-3 .",F,3,Z0BZ,U. Humbert,M. Zheng,HH26,Z0BZ,FRA,USA,24,,"Game Set and Match Michael Zheng. 
 Michael Zheng wins the match  6-4  6-3 .",M. Zheng,U. Humbert,,24,USA,FRA,4-6,3-6,,,,01:22:29,294,/en/stats/leaderboard?page=serve,2,3,64,21,33,71,15,21,58,7,12,100,1,1,5,252,/en/stats/leaderboard?page=serve,3,3,53,17,32,59,10,17,60,9,15,50,1,2,5,151,/en/stats/leaderboard?page=return,41,7,17,40,6,15,50,1,2,5,71,/en/stats/leaderboard?page=return,29,6,21,42,5,12,0,0,1,5,67,22,33,41,13,32,54,35,65,59,19,32,33,11,33,46,30,65,286.0,/en/stats/leaderboard?page=serve,1.0,1.0,54.0,13.0,24.0,77.0,10.0,13.0,55.0,6.0,11.0,0.0,0.0,0.0,4.0,205.0,/en/stats/leaderboard?page=serve,5.0,0.0,50.0,15.0,30.0,60.0,9.0,15.0,40.0,6.0,15.0,60.0,3.0,5.0,5.0,180.0,/en/stats/leaderboard?page=return,40.0,6.0,15.0,60.0,9.0,15.0,40.0,2.0,5.0,5.0,68.0,/en/stats/leaderboard?page=return,23.0,3.0,13.0,45.0,5.0,11.0,0.0,0.0,0.0,4.0,67.0,16.0,24.0,50.0,15.0,30.0,57.0,31.0,54.0,50.0,15.0,30.0,33.0,8.0,24.0,43.0,23.0,54.0,,,,,,,,,,,,,,,,,,,,,,,,,,,,,,,,,,,,,,,,,,,,,,,,,,,,,,,,,,,,,,,,,,,,,,,,,,,,,292,/en/stats/leaderboard?page=serve,3,4,60,34,57,74,25,34,57,13,23,100,1,1,9,226,/en/stats/leaderboard?page=serve,8,3,52,32,62,59,19,32,50,15,30,57,4,7,10,67,38,57,45,28,62,55,66,119,55,34,62,33,19,57,45,53,119,B,,,,,
422,2026,ATP Masters 1000 Cincinnati,1000,2026-08-13T00:00:00,2026-08-23T00:00:00,Hard,96,9415725,$,MS059,Round of 64,01:29:32,"Game Set and Match Lorenzo Musetti. 
 Lorenzo Musetti wins the match  6-4  6-2 .",F,3,M0EJ,D. Altmaier,L. Musetti,AE14,M0EJ,GER,ITA,,10,"Game Set and Match Lorenzo Musetti. 
 Lorenzo Musetti wins the match  6-4  6-2 .",L. Musetti,D. Altmaier,10,,ITA,GER,4-6,2-6,,,,01:29:32,262,/en/stats/leaderboard?page=serve,3,0,57,17,30,82,14,17,46,6,13,50,1,2,5,216,/en/stats/leaderboard?page=serve,1,1,39,13,33,77,10,13,40,8,20,33,1,3,5,190,/en/stats/leaderboard?page=return,23,3,13,60,12,20,67,2,3,5,142,/en/stats/leaderboard?page=return,18,3,17,54,7,13,50,1,2,5,67,20,30,45,15,33,56,35,63,55,18,33,33,10,30,44,28,63,295.0,/en/stats/leaderboard?page=serve,2.0,0.0,65.0,17.0,26.0,76.0,13.0,17.0,56.0,5.0,9.0,100.0,1.0,1.0,4.0,187.0,/en/stats/leaderboard?page=serve,2.0,1.0,48.0,11.0,23.0,73.0,8.0,11.0,17.0,2.0,12.0,33.0,1.0,3.0,4.0,227.0,/en/stats/leaderboard?page=return,27.0,3.0,11.0,83.0,10.0,12.0,67.0,2.0,3.0,4.0,68.0,/en/stats/leaderboard?page=return,24.0,4.0,17.0,44.0,4.0,9.0,0.0,0.0,1.0,4.0,69.0,18.0,26.0,57.0,13.0,23.0,63.0,31.0,49.0,43.0,10.0,23.0,31.0,8.0,26.0,37.0,18.0,49.0,,,,,,,,,,,,,,,,,,,,,,,,,,,,,,,,,,,,,,,,,,,,,,,,,,,,,,,,,,,,,,,,,,,,,,,,,,,,,273,/en/stats/leaderboard?page=serve,5,0,61,34,56,79,27,34,50,11,22,67,2,3,9,203,/en/stats/leaderboard?page=serve,3,2,43,24,56,75,18,24,31,10,32,33,2,6,9,68,38,56,50,28,56,59,66,112,50,28,56,32,18,56,41,46,112,B,,,,,
422,2026,ATP Masters 1000 Cincinnati,1000,2026-08-13T00:00:00,2026-08-23T00:00:00,Hard,96,9415725,$,MS060,Round of 64,01:25:34,"Game Set and Match Learner Tien. 
 Learner Tien wins the match  6-3  7-6(4).",F,3,T0HA,L. Tien,S. Baez,T0HA,B0BI,USA,ARG,16,,"Game Set and Match Learner Tien. 
 Learner Tien wins the match  6-3  7-6(4).",L. Tien,S. Baez,16,,USA,ARG,6-3,7-6(4),,,,01:25:34,288,/en/stats/leaderboard?page=serve,1,2,72,18,25,78,14,18,57,4,7,0,0,1,5,206,/en/stats/leaderboard?page=serve,2,0,58,14,24,50,7,14,50,5,10,33,1,3,4,217,/en/stats/leaderboard?page=return,50,7,14,50,5,10,67,2,3,4,185,/en/stats/leaderboard?page=return,22,4,18,43,3,7,100,1,1,5,72,18,25,50,12,24,61,30,49,50,12,24,28,7,25,39,19,49,280.0,/en/stats/leaderboard?page=serve,0.0,3.0,69.0,25.0,36.0,80.0,20.0,25.0,45.0,5.0,11.0,0.0,0.0,1.0,6.0,277.0,/en/stats/leaderboard?page=serve,0.0,3.0,64.0,23.0,36.0,65.0,15.0,23.0,62.0,8.0,13.0,0.0,0.0,1.0,6.0,189.0,/en/stats/leaderboard?page=return,35.0,8.0,23.0,38.0,5.0,13.0,100.0,1.0,1.0,6.0,191.0,/en/stats/leaderboard?page=return,20.0,5.0,25.0,55.0,6.0,11.0,100.0,1.0,1.0,6.0,69.0,25.0,36.0,36.0,13.0,36.0,53.0,38.0,72.0,64.0,23.0,36.0,31.0,11.0,36.0,47.0,34.0,72.0,,,,,,,,,,,,,,,,,,,,,,,,,,,,,,,,,,,,,,,,,,,,,,,,,,,,,,,,,,,,,,,,,,,,,,,,,,,,,284,/en/stats/leaderboard?page=serve,1,5,70,43,61,79,34,43,50,9,18,0,0,2,11,249,/en/stats/leaderboard?page=serve,2,3,62,37,60,59,22,37,57,13,23,25,1,4,10,70,43,61,42,25,60,56,68,121,58,35,60,30,18,61,44,53,121,A,,4.0,,,
422,2026,ATP Masters 1000 Cincinnati,1000,2026-08-13T00:00:00,2026-08-23T00:00:00,Hard,96,9415725,$,MS061,Round of 64,01:16:44,"Game Set and Match Frances Tiafoe. 
 Frances Tiafoe wins the match  6-3  6-4 .",F,3,TD51,L. Sonego,F. Tiafoe,SU87,TD51,ITA,USA,,17,"Game Set and Match Frances Tiafoe. 
 Frances Tiafoe wins the match  6-3  6-4 .",F. Tiafoe,L. Sonego,17,,USA,ITA,3-6,4-6,,,,01:16:44,318,/en/stats/leaderboard?page=serve,0,1,50,12,24,100,12,12,67,8,12,0,0,0,5,282,/en/stats/leaderboard?page=serve,0,2,61,11,18,73,8,11,71,5,7,0,0,1,4,181,/en/stats/leaderboard?page=return,27,3,11,29,2,7,100,1,1,4,33,/en/stats/leaderboard?page=return,0,0,12,33,4,12,0,0,0,5,83,20,24,28,5,18,60,25,42,72,13,18,17,4,24,40,17,42,308.0,/en/stats/leaderboard?page=serve,0.0,3.0,58.0,18.0,31.0,78.0,14.0,18.0,69.0,9.0,13.0,100.0,2.0,2.0,5.0,272.0,/en/stats/leaderboard?page=serve,1.0,5.0,69.0,20.0,29.0,75.0,15.0,20.0,44.0,4.0,9.0,50.0,1.0,2.0,5.0,151.0,/en/stats/leaderboard?page=return,25.0,5.0,20.0,56.0,5.0,9.0,50.0,1.0,2.0,5.0,53.0,/en/stats/leaderboard?page=return,22.0,4.0,18.0,31.0,4.0,13.0,0.0,0.0,2.0,5.0,74.0,23.0,31.0,34.0,10.0,29.0,55.0,33.0,60.0,66.0,19.0,29.0,26.0,8.0,31.0,45.0,27.0,60.0,,,,,,,,,,,,,,,,,,,,,,,,,,,,,,,,,,,,,,,,,,,,,,,,,,,,,,,,,,,,,,,,,,,,,,,,,,,,,314,/en/stats/leaderboard?page=serve,0,4,55,30,55,87,26,30,68,17,25,100,2,2,10,279,/en/stats/leaderboard?page=serve,1,7,66,31,47,74,23,31,56,9,16,33,1,3,9,78,43,55,32,15,47,57,58,102,68,32,47,22,12,55,43,44,102,B,,,,,
422,2026,ATP Masters 1000 Cincinnati,1000,2026-08-13T00:00:00,2026-08-23T00:00:00,Hard,96,9415725,$,MS062,Round of 64,03:34:52,"Game Set and Match Juan Manuel Cerundolo. 
 Juan Manuel Cerundolo wins the match  4-6  7-6(3) 7-6(5).",F,3,C0C8,A. Rinderknech,J. Cerundolo,RC91,C0C8,FRA,ARG,25,,"Game Set and Match Juan Manuel Cerundolo. 
 Juan Manuel Cerundolo wins the match  4-6  7-6(3) 7-6(5).",J. Cerundolo,A. Rinderknech,,25,ARG,FRA,6-4,6-7(3),6-7(5),,,03:34:52,270,/en/stats/leaderboard?page=serve,2,4,41,11,27,91,10,11,56,9,16,50,1,2,5,311,/en/stats/leaderboard?page=serve,0,1,58,18,31,67,12,18,85,11,13,100,2,2,5,48,/en/stats/leaderboard?page=return,33,6,18,15,2,13,0,0,2,5,123,/en/stats/leaderboard?page=return,9,1,11,44,7,16,50,1,2,5,70,19,27,26,8,31,47,27,58,74,23,31,30,8,27,53,31,58,295.0,/en/stats/leaderboard?page=serve,1.0,4.0,57.0,26.0,46.0,85.0,22.0,26.0,50.0,10.0,20.0,100.0,6.0,6.0,6.0,304.0,/en/stats/leaderboard?page=serve,1.0,5.0,57.0,20.0,35.0,90.0,18.0,20.0,53.0,8.0,15.0,0.0,0.0,0.0,6.0,57.0,/en/stats/leaderboard?page=return,10.0,2.0,20.0,47.0,7.0,15.0,0.0,0.0,0.0,6.0,65.0,/en/stats/leaderboard?page=return,15.0,4.0,26.0,50.0,10.0,20.0,0.0,0.0,6.0,6.0,70.0,32.0,46.0,26.0,9.0,35.0,51.0,41.0,81.0,74.0,26.0,35.0,30.0,14.0,46.0,49.0,40.0,81.0,238.0,/en/stats/leaderboard?page=serve,3.0,6.0,40.0,19.0,47.0,79.0,15.0,19.0,50.0,14.0,28.0,67.0,4.0,6.0,6.0,238.0,/en/stats/leaderboard?page=serve,4.0,3.0,60.0,29.0,48.0,66.0,19.0,29.0,47.0,9.0,19.0,50.0,2.0,4.0,6.0,170.0,/en/stats/leaderboard?page=return,34.0,10.0,29.0,53.0,10.0,19.0,50.0,2.0,4.0,6.0,137.0,/en/stats/leaderboard?page=return,21.0,4.0,19.0,50.0,14.0,28.0,33.0,2.0,6.0,6.0,62.0,29.0,47.0,42.0,20.0,48.0,52.0,49.0,95.0,58.0,28.0,48.0,38.0,18.0,47.0,48.0,46.0,95.0,273,/en/stats/leaderboard?page=serve,6,14,47,56,120,84,47,56,52,33,64,79,11,14,17,284,/en/stats/leaderboard?page=serve,5,9,59,67,114,73,49,67,60,28,47,67,4,6,17,67,80,120,32,37,114,50,117,234,68,77,114,33,40,120,50,117,234,B,,3.0,,,5.0
422,2026,ATP Masters 1000 Cincinnati,1000,2026-08-13T00:00:00,2026-08-23T00:00:00,Hard,96,9415725,$,MS063,Round of 64,01:28:15,"Game Set and Match Felix Auger-Aliassime. 
 Felix Auger-Aliassime wins the match  6-3  7-5 .",F,3,AG37,S. Tsitsipas,F. Auger-Aliassime,TE51,AG37,GRE,CAN,,2,"Game Set and Match Felix Auger-Aliassime. 
 Felix Auger-Aliassime wins the match  6-3  7-5 .",F. Auger-Aliassime,S. Tsitsipas,2,,CAN,GRE,3-6,5-7,,,,01:28:15,306,/en/stats/leaderboard?page=serve,1,3,54,15,28,73,11,15,77,10,13,100,1,1,5,262,/en/stats/leaderboard?page=serve,0,3,65,13,20,62,8,13,57,4,7,0,0,1,4,206,/en/stats/leaderboard?page=return,38,5,13,43,3,7,100,1,1,4,50,/en/stats/leaderboard?page=return,27,4,15,23,3,13,0,0,1,5,75,21,28,40,8,20,60,29,48,60,12,20,25,7,28,40,19,48,248.0,/en/stats/leaderboard?page=serve,4.0,4.0,67.0,20.0,30.0,75.0,15.0,20.0,40.0,4.0,10.0,33.0,1.0,3.0,6.0,192.0,/en/stats/leaderboard?page=serve,2.0,3.0,61.0,20.0,33.0,65.0,13.0,20.0,15.0,2.0,13.0,0.0,0.0,3.0,6.0,270.0,/en/stats/leaderboard?page=return,35.0,7.0,20.0,85.0,11.0,13.0,100.0,3.0,3.0,6.0,185.0,/en/stats/leaderboard?page=return,25.0,5.0,20.0,60.0,6.0,10.0,67.0,2.0,3.0,6.0,63.0,19.0,30.0,55.0,18.0,33.0,59.0,37.0,63.0,45.0,15.0,33.0,37.0,11.0,30.0,41.0,26.0,63.0,,,,,,,,,,,,,,,,,,,,,,,,,,,,,,,,,,,,,,,,,,,,,,,,,,,,,,,,,,,,,,,,,,,,,,,,,,,,,278,/en/stats/leaderboard?page=serve,5,7,60,35,58,74,26,35,61,14,23,50,2,4,11,220,/en/stats/leaderboard?page=serve,2,6,62,33,53,64,21,33,30,6,20,0,0,4,10,69,40,58,49,26,53,59,66,111,51,27,53,31,18,58,41,45,111,B,,,,,
422,2026,ATP Masters 1000 Cincinnati,1000,2026-08-13T00:00:00,2026-08-23T00:00:00,Hard,96,9415725,$,MS065,Round of 128,01:57:13,"Game Set and Match Cameron Norrie. 
 Cameron Norrie wins the match  3-6  6-1  6-4 .",F,3,N771,C. Norrie,D. Prizmic,N771,P0HW,GBR,CRO,,,"Game Set and Match Cameron Norrie. 
 Cameron Norrie wins the match  3-6  6-1  6-4 .",C. Norrie,D. Prizmic,,,GBR,CRO,3-6,6-1,6-4,,,01:57:13,248,/en/stats/leaderboard?page=serve,1,0,67,16,24,69,11,16,38,3,8,0,0,1,4,306,/en/stats/leaderboard?page=serve,2,4,48,13,27,85,11,13,71,10,14,0,0,0,5,44,/en/stats/leaderboard?page=return,15,2,13,29,4,14,0,0,0,5,219,/en/stats/leaderboard?page=return,31,5,16,63,5,8,100,1,1,4,58,14,24,22,6,27,39,20,51,78,21,27,42,10,24,61,31,51,347.0,/en/stats/leaderboard?page=serve,0.0,2.0,68.0,13.0,19.0,77.0,10.0,13.0,100.0,6.0,6.0,0.0,0.0,0.0,4.0,181.0,/en/stats/leaderboard?page=serve,0.0,2.0,63.0,10.0,16.0,50.0,5.0,10.0,33.0,2.0,6.0,33.0,1.0,3.0,3.0,250.0,/en/stats/leaderboard?page=return,50.0,5.0,10.0,67.0,4.0,6.0,67.0,2.0,3.0,3.0,23.0,/en/stats/leaderboard?page=return,23.0,3.0,13.0,0.0,0.0,6.0,0.0,0.0,0.0,4.0,84.0,16.0,19.0,56.0,9.0,16.0,71.0,25.0,35.0,44.0,7.0,16.0,16.0,3.0,19.0,29.0,10.0,35.0,284.0,/en/stats/leaderboard?page=serve,2.0,1.0,47.0,18.0,38.0,83.0,15.0,18.0,55.0,11.0,20.0,100.0,4.0,4.0,5.0,278.0,/en/stats/leaderboard?page=serve,2.0,5.0,50.0,11.0,22.0,100.0,11.0,11.0,45.0,5.0,11.0,0.0,0.0,1.0,5.0,175.0,/en/stats/leaderboard?page=return,0.0,0.0,11.0,55.0,6.0,11.0,100.0,1.0,1.0,5.0,62.0,/en/stats/leaderboard?page=return,17.0,3.0,18.0,45.0,9.0,20.0,0.0,0.0,4.0,5.0,68.0,26.0,38.0,27.0,6.0,22.0,53.0,32.0,60.0,73.0,16.0,22.0,32.0,12.0,38.0,47.0,28.0,60.0,286,/en/stats/leaderboard?page=serve,3,3,58,47,81,77,36,47,59,20,34,80,4,5,13,269,/en/stats/leaderboard?page=serve,4,11,52,34,65,79,27,34,55,17,31,25,1,4,13,69,56,81,32,21,65,53,77,146,68,44,65,31,25,81,47,69,146,A,,,,,
422,2026,ATP Masters 1000 Cincinnati,1000,2026-08-13T00:00:00,2026-08-23T00:00:00,Hard,96,9415725,$,MS066,Round of 128,00:21:00,"Game Set and Match Terence Atmane. 
 Terence Atmane wins the match 3-1 RET.",F,3,A0GC,M. Fucsovics,T. Atmane,F724,A0GC,HUN,FRA,,,"Game Set and Match Terence Atmane. 
 Terence Atmane wins the match 3-1 RET.",T. Atmane,M. Fucsovics,,,FRA,HUN,1-3,,,,,00:21:00,300,/en/stats/leaderboard?page=serve,0,4,47,7,15,86,6,7,63,5,8,0,0,0,2,186,/en/stats/leaderboard?page=serve,0,0,50,7,14,43,3,7,43,3,7,50,1,2,2,214,/en/stats/leaderboard?page=return,57,4,7,57,4,7,50,1,2,2,52,/en/stats/leaderboard?page=return,14,1,7,38,3,8,0,0,0,2,73,11,15,57,8,14,66,19,29,43,6,14,27,4,15,34,10,29,,,,,,,,,,,,,,,,,,,,,,,,,,,,,,,,,,,,,,,,,,,,,,,,,,,,,,,,,,,,,,,,,,,,,,,,,,,,,,,,,,,,,,,,,,,,,,,,,,,,,,,,,,,,,,,,,,,,,,,,,,,,,,,,,,,,,,,,,,,,,,,,,,,,,,,,,300,/en/stats/leaderboard?page=serve,0,4,47,7,15,86,6,7,63,5,8,0,0,0,2,186,/en/stats/leaderboard?page=serve,0,0,50,7,14,43,3,7,43,3,7,50,1,2,2,73,11,15,57,8,14,66,19,29,43,6,14,27,4,15,34,10,29,B,,,,,
422,2026,ATP Masters 1000 Cincinnati,1000,2026-08-13T00:00:00,2026-08-23T00:00:00,Hard,96,9415725,$,MS069,Round of 128,01:13:33,"Game Set and Match Hubert Hurkacz. 
 Hubert Hurkacz wins the match  6-2  6-4 .",F,3,HB71,S. Shimabukuro,H. Hurkacz,SY67,HB71,JPN,POL,,,"Game Set and Match Hubert Hurkacz. 
 Hubert Hurkacz wins the match  6-2  6-4 .",H. Hurkacz,S. Shimabukuro,,,POL,JPN,2-6,4-6,,,,01:13:33,349,/en/stats/leaderboard?page=serve,1,6,72,13,18,92,12,13,80,4,5,0,0,0,4,210,/en/stats/leaderboard?page=serve,1,1,70,21,30,57,12,21,33,3,9,50,2,4,4,210,/en/stats/leaderboard?page=return,43,9,21,67,6,9,50,2,4,4,28,/en/stats/leaderboard?page=return,8,1,13,20,1,5,0,0,0,4,89,16,18,50,15,30,65,31,48,50,15,30,11,2,18,35,17,48,320.0,/en/stats/leaderboard?page=serve,0.0,7.0,70.0,21.0,30.0,76.0,16.0,21.0,67.0,6.0,9.0,100.0,2.0,2.0,5.0,255.0,/en/stats/leaderboard?page=serve,2.0,1.0,53.0,17.0,32.0,76.0,13.0,17.0,47.0,7.0,15.0,0.0,0.0,1.0,5.0,197.0,/en/stats/leaderboard?page=return,24.0,4.0,17.0,53.0,8.0,15.0,100.0,1.0,1.0,5.0,57.0,/en/stats/leaderboard?page=return,24.0,5.0,21.0,33.0,3.0,9.0,0.0,0.0,2.0,5.0,73.0,22.0,30.0,38.0,12.0,32.0,55.0,34.0,62.0,63.0,20.0,32.0,27.0,8.0,30.0,45.0,28.0,62.0,,,,,,,,,,,,,,,,,,,,,,,,,,,,,,,,,,,,,,,,,,,,,,,,,,,,,,,,,,,,,,,,,,,,,,,,,,,,,336,/en/stats/leaderboard?page=serve,1,13,71,34,48,82,28,34,71,10,14,100,2,2,9,234,/en/stats/leaderboard?page=serve,3,2,61,38,62,66,25,38,42,10,24,40,2,5,9,79,38,48,44,27,62,59,65,110,56,35,62,21,10,48,41,45,110,B,,,,,
422,2026,ATP Masters 1000 Cincinnati,1000,2026-08-13T00:00:00,2026-08-23T00:00:00,Hard,96,9415725,$,MS070,Round of 128,01:10:32,"Game Set and Match Adolfo Daniel Vallejo. 
 Adolfo Daniel Vallejo wins the match  6-2  6-4 .",F,3,V0DP,K. Jacquet,A. Vallejo,J0AZ,V0DP,FRA,PAR,,,"Game Set and Match Adolfo Daniel Vallejo. 
 Adolfo Daniel Vallejo wins the match  6-2  6-4 .",A. Vallejo,K. Jacquet,,,PAR,FRA,2-6,4-6,,,,01:10:32,326,/en/stats/leaderboard?page=serve,0,2,58,11,19,91,10,11,75,6,8,0,0,0,4,206,/en/stats/leaderboard?page=serve,1,0,55,16,29,56,9,16,46,6,13,50,2,4,4,198,/en/stats/leaderboard?page=return,44,7,16,54,7,13,50,2,4,4,34,/en/stats/leaderboard?page=return,9,1,11,25,2,8,0,0,0,4,84,16,19,48,14,29,63,30,48,52,15,29,16,3,19,38,18,48,325.0,/en/stats/leaderboard?page=serve,3.0,5.0,60.0,15.0,25.0,93.0,14.0,15.0,70.0,7.0,10.0,100.0,1.0,1.0,5.0,264.0,/en/stats/leaderboard?page=serve,1.0,3.0,53.0,17.0,32.0,76.0,13.0,17.0,53.0,8.0,15.0,83.0,5.0,6.0,5.0,108.0,/en/stats/leaderboard?page=return,24.0,4.0,17.0,47.0,7.0,15.0,17.0,1.0,6.0,5.0,37.0,/en/stats/leaderboard?page=return,7.0,1.0,15.0,30.0,3.0,10.0,0.0,0.0,1.0,5.0,84.0,21.0,25.0,34.0,11.0,32.0,56.0,32.0,57.0,66.0,21.0,32.0,16.0,4.0,25.0,44.0,25.0,57.0,,,,,,,,,,,,,,,,,,,,,,,,,,,,,,,,,,,,,,,,,,,,,,,,,,,,,,,,,,,,,,,,,,,,,,,,,,,,,327,/en/stats/leaderboard?page=serve,3,7,59,26,44,92,24,26,72,13,18,100,1,1,9,238,/en/stats/leaderboard?page=serve,2,3,54,33,61,67,22,33,50,14,28,70,7,10,9,84,37,44,41,25,61,59,62,105,59,36,61,16,7,44,41,43,105,B,,,,,
422,2026,ATP Masters 1000 Cincinnati,1000,2026-08-13T00:00:00,2026-08-23T00:00:00,Hard,96,9415725,$,MS073,Round of 128,01:25:02,"Game Set and Match Denis Shapovalov. 
 Denis Shapovalov wins the match  6-1  6-4 .",F,3,SU55,D. Shapovalov,A. Mannarino,SU55,ME82,CAN,FRA,,,"Game Set and Match Denis Shapovalov. 
 Denis Shapovalov wins the match  6-1  6-4 .",D. Shapovalov,A. Mannarino,,,CAN,FRA,6-1,6-4,,,,01:25:02,286,/en/stats/leaderboard?page=serve,3,4,70,21,30,71,15,21,44,4,9,100,5,5,4,175,/en/stats/leaderboard?page=serve,1,2,64,14,22,64,9,14,13,1,8,33,1,3,3,257,/en/stats/leaderboard?page=return,36,5,14,88,7,8,67,2,3,3,85,/en/stats/leaderboard?page=return,29,6,21,56,5,9,0,0,5,4,63,19,30,55,12,22,60,31,52,45,10,22,37,11,30,40,21,52,281.0,/en/stats/leaderboard?page=serve,1.0,5.0,62.0,16.0,26.0,75.0,12.0,16.0,60.0,6.0,10.0,0.0,0.0,1.0,5.0,213.0,/en/stats/leaderboard?page=serve,3.0,1.0,50.0,19.0,38.0,68.0,13.0,19.0,37.0,7.0,19.0,67.0,4.0,6.0,5.0,168.0,/en/stats/leaderboard?page=return,32.0,6.0,19.0,63.0,12.0,19.0,33.0,2.0,6.0,5.0,185.0,/en/stats/leaderboard?page=return,25.0,4.0,16.0,40.0,4.0,10.0,100.0,1.0,1.0,5.0,69.0,18.0,26.0,47.0,18.0,38.0,56.0,36.0,64.0,53.0,20.0,38.0,31.0,8.0,26.0,44.0,28.0,64.0,,,,,,,,,,,,,,,,,,,,,,,,,,,,,,,,,,,,,,,,,,,,,,,,,,,,,,,,,,,,,,,,,,,,,,,,,,,,,285,/en/stats/leaderboard?page=serve,4,9,66,37,56,73,27,37,53,10,19,83,5,6,9,201,/en/stats/leaderboard?page=serve,4,3,55,33,60,67,22,33,30,8,27,56,5,9,8,66,37,56,50,30,60,58,67,116,50,30,60,34,19,56,42,49,116,A,,,,,
422,2026,ATP Masters 1000 Cincinnati,1000,2026-08-13T00:00:00,2026-08-23T00:00:00,Hard,96,9415725,$,MS074,Round of 128,02:24:11,"Game Set and Match Jan-Lennard Struff. 
 Jan-Lennard Struff wins the match  7-6(4) 2-6  6-3 .",F,3,SL28,R. Burruchaga,J. Struff,B0FV,SL28,ARG,GER,,,"Game Set and Match Jan-Lennard Struff. 
 Jan-Lennard Struff wins the match  7-6(4) 2-6  6-3 .",J. Struff,R. Burruchaga,,,GER,ARG,6-7(4),6-2,3-6,,,02:24:11,298,/en/stats/leaderboard?page=serve,2,3,61,25,41,80,20,25,56,9,16,100,2,2,6,291,/en/stats/leaderboard?page=serve,2,6,66,31,47,71,22,31,50,8,16,100,2,2,6,79,/en/stats/leaderboard?page=return,29,9,31,50,8,16,0,0,2,6,64,/en/stats/leaderboard?page=return,20,5,25,44,7,16,0,0,2,6,71,29,41,36,17,47,52,46,88,64,30,47,29,12,41,48,42,88,212.0,/en/stats/leaderboard?page=serve,3.0,7.0,50.0,13.0,26.0,85.0,11.0,13.0,23.0,3.0,13.0,60.0,3.0,5.0,4.0,313.0,/en/stats/leaderboard?page=serve,0.0,5.0,75.0,15.0,20.0,93.0,14.0,15.0,40.0,2.0,5.0,0.0,0.0,0.0,4.0,67.0,/en/stats/leaderboard?page=return,7.0,1.0,15.0,60.0,3.0,5.0,0.0,0.0,0.0,4.0,182.0,/en/stats/leaderboard?page=return,15.0,2.0,13.0,77.0,10.0,13.0,40.0,2.0,5.0,4.0,54.0,14.0,26.0,20.0,4.0,20.0,39.0,18.0,46.0,80.0,16.0,20.0,46.0,12.0,26.0,61.0,28.0,46.0,246.0,/en/stats/leaderboard?page=serve,3.0,6.0,50.0,23.0,46.0,65.0,15.0,23.0,48.0,11.0,23.0,67.0,2.0,3.0,5.0,218.0,/en/stats/leaderboard?page=serve,2.0,1.0,70.0,16.0,23.0,56.0,9.0,16.0,43.0,3.0,7.0,60.0,3.0,5.0,4.0,191.0,/en/stats/leaderboard?page=return,44.0,7.0,16.0,57.0,4.0,7.0,40.0,2.0,5.0,4.0,140.0,/en/stats/leaderboard?page=return,35.0,8.0,23.0,52.0,12.0,23.0,33.0,1.0,3.0,5.0,57.0,26.0,46.0,48.0,11.0,23.0,54.0,37.0,69.0,52.0,12.0,23.0,43.0,20.0,46.0,46.0,32.0,69.0,261,/en/stats/leaderboard?page=serve,8,16,54,61,113,75,46,61,44,23,52,70,7,10,15,281,/en/stats/leaderboard?page=serve,4,12,69,62,90,73,45,62,46,13,28,71,5,7,14,61,69,113,36,32,90,50,101,203,64,58,90,39,44,113,50,102,203,B,4.0,,,,
422,2026,ATP Masters 1000 Cincinnati,1000,2026-08-13T00:00:00,2026-08-23T00:00:00,Hard,96,9415725,$,MS077,Round of 128,01:51:10,"Game Set and Match Mariano Navone. 
 Mariano Navone wins the match  6-3  7-6(3).",F,3,N0BS,M. Navone,R. Collignon,N0BS,C0JP,ARG,BEL,,,"Game Set and Match Mariano Navone. 
 Mariano Navone wins the match  6-3  7-6(3).",M. Navone,R. Collignon,,,ARG,BEL,6-3,7-6(3),,,,01:51:10,313,/en/stats/leaderboard?page=serve,0,0,56,14,25,93,13,14,64,7,11,0,0,0,5,251,/en/stats/leaderboard?page=serve,3,2,59,16,27,63,10,16,55,6,11,50,1,2,4,158,/en/stats/leaderboard?page=return,38,6,16,45,5,11,50,1,2,4,43,/en/stats/leaderboard?page=return,7,1,14,36,4,11,0,0,0,5,80,20,25,41,11,27,60,31,52,59,16,27,20,5,25,40,21,52,281.0,/en/stats/leaderboard?page=serve,0.0,1.0,79.0,30.0,38.0,80.0,24.0,30.0,38.0,3.0,8.0,67.0,2.0,3.0,6.0,250.0,/en/stats/leaderboard?page=serve,5.0,5.0,63.0,35.0,56.0,71.0,25.0,35.0,33.0,7.0,21.0,91.0,10.0,11.0,6.0,121.0,/en/stats/leaderboard?page=return,29.0,10.0,35.0,67.0,14.0,21.0,9.0,1.0,11.0,6.0,132.0,/en/stats/leaderboard?page=return,20.0,6.0,30.0,63.0,5.0,8.0,33.0,1.0,3.0,6.0,71.0,27.0,38.0,43.0,24.0,56.0,54.0,51.0,94.0,57.0,32.0,56.0,29.0,11.0,38.0,46.0,43.0,94.0,,,,,,,,,,,,,,,,,,,,,,,,,,,,,,,,,,,,,,,,,,,,,,,,,,,,,,,,,,,,,,,,,,,,,,,,,,,,,298,/en/stats/leaderboard?page=serve,0,1,70,44,63,84,37,44,53,10,19,67,2,3,11,250,/en/stats/leaderboard?page=serve,8,7,61,51,83,69,35,51,41,13,32,85,11,13,10,75,47,63,42,35,83,56,82,146,58,48,83,25,16,63,44,64,146,A,,3.0,,,
422,2026,ATP Masters 1000 Cincinnati,1000,2026-08-13T00:00:00,2026-08-23T00:00:00,Hard,96,9415725,$,MS078,Round of 128,01:27:31,"Game Set and Match Miomir Kecmanovic. 
 Miomir Kecmanovic wins the match  6-3  6-3 .",F,3,KI95,C. Ugo Carabelli,M. Kecmanovic,U182,KI95,ARG,SRB,,,"Game Set and Match Miomir Kecmanovic. 
 Miomir Kecmanovic wins the match  6-3  6-3 .",M. Kecmanovic,C. Ugo Carabelli,,,SRB,ARG,3-6,3-6,,,,01:27:31,275,/en/stats/leaderboard?page=serve,0,2,38,12,32,75,9,12,60,12,20,100,4,4,4,214,/en/stats/leaderboard?page=serve,3,1,26,6,23,83,5,6,47,8,17,0,0,2,5,210,/en/stats/leaderboard?page=return,17,1,6,53,9,17,100,2,2,5,65,/en/stats/leaderboard?page=return,25,3,12,40,8,20,0,0,4,4,66,21,32,43,10,23,56,31,55,57,13,23,34,11,32,44,24,55,272.0,/en/stats/leaderboard?page=serve,3.0,3.0,61.0,17.0,28.0,76.0,13.0,17.0,55.0,6.0,11.0,75.0,3.0,4.0,5.0,209.0,/en/stats/leaderboard?page=serve,3.0,4.0,66.0,27.0,41.0,56.0,15.0,27.0,36.0,5.0,14.0,80.0,8.0,10.0,4.0,178.0,/en/stats/leaderboard?page=return,44.0,12.0,27.0,64.0,9.0,14.0,20.0,2.0,10.0,4.0,114.0,/en/stats/leaderboard?page=return,24.0,4.0,17.0,45.0,5.0,11.0,25.0,1.0,4.0,5.0,68.0,19.0,28.0,51.0,21.0,41.0,58.0,40.0,69.0,49.0,20.0,41.0,32.0,9.0,28.0,42.0,29.0,69.0,,,,,,,,,,,,,,,,,,,,,,,,,,,,,,,,,,,,,,,,,,,,,,,,,,,,,,,,,,,,,,,,,,,,,,,,,,,,,272,/en/stats/leaderboard?page=serve,3,5,48,29,60,76,22,29,58,18,31,88,7,8,9,209,/en/stats/leaderboard?page=serve,6,5,52,33,64,61,20,33,42,13,31,67,8,12,9,67,40,60,48,31,64,57,71,124,52,33,64,33,20,60,43,53,124,B,,,,,
422,2026,ATP Masters 1000 Cincinnati,1000,2026-08-13T00:00:00,2026-08-23T00:00:00,Hard,96,9415725,$,MS081,Round of 128,02:56:06,"Game Set and Match Thiago Agustin Tirante. 
 Thiago Agustin Tirante wins the match  7-6(9) 6-7(7) 7-6(4).",F,3,T0A1,T. Tirante,J. Choinski,T0A1,CH12,ARG,GBR,,,"Game Set and Match Thiago Agustin Tirante. 
 Thiago Agustin Tirante wins the match  7-6(9) 6-7(7) 7-6(4).",T. Tirante,J. Choinski,,,ARG,GBR,7-6(9),6-7(7),7-6(4),,,02:56:06,308,/en/stats/leaderboard?page=serve,1,8,59,24,41,83,20,24,59,10,17,0,0,0,6,310,/en/stats/leaderboard?page=serve,2,6,73,36,49,64,23,36,69,9,13,100,4,4,6,67,/en/stats/leaderboard?page=return,36,13,36,31,4,13,0,0,4,6,58,/en/stats/leaderboard?page=return,17,4,24,41,7,17,0,0,0,6,73,30,41,35,17,49,52,47,90,65,32,49,27,11,41,48,43,90,281.0,/en/stats/leaderboard?page=serve,2.0,8.0,45.0,17.0,38.0,76.0,13.0,17.0,71.0,15.0,21.0,75.0,3.0,4.0,6.0,279.0,/en/stats/leaderboard?page=serve,1.0,2.0,59.0,24.0,41.0,71.0,17.0,24.0,65.0,11.0,17.0,0.0,0.0,1.0,6.0,180.0,/en/stats/leaderboard?page=return,29.0,7.0,24.0,35.0,6.0,17.0,100.0,1.0,1.0,6.0,94.0,/en/stats/leaderboard?page=return,24.0,4.0,17.0,29.0,6.0,21.0,25.0,1.0,4.0,6.0,74.0,28.0,38.0,32.0,13.0,41.0,52.0,41.0,79.0,68.0,28.0,41.0,26.0,10.0,38.0,48.0,38.0,79.0,271.0,/en/stats/leaderboard?page=serve,1.0,4.0,46.0,18.0,39.0,72.0,13.0,18.0,67.0,14.0,21.0,0.0,0.0,1.0,6.0,291.0,/en/stats/leaderboard?page=serve,0.0,6.0,62.0,21.0,34.0,86.0,18.0,21.0,54.0,7.0,13.0,50.0,1.0,2.0,6.0,126.0,/en/stats/leaderboard?page=return,14.0,3.0,21.0,46.0,6.0,13.0,50.0,1.0,2.0,6.0,177.0,/en/stats/leaderboard?page=return,28.0,5.0,18.0,33.0,7.0,21.0,100.0,1.0,1.0,6.0,69.0,27.0,39.0,26.0,9.0,34.0,49.0,36.0,73.0,74.0,25.0,34.0,31.0,12.0,39.0,51.0,37.0,73.0,298,/en/stats/leaderboard?page=serve,4,20,50,59,118,78,46,59,66,39,59,60,3,5,18,299,/en/stats/leaderboard?page=serve,3,14,65,81,124,72,58,81,63,27,43,71,5,7,18,72,85,118,31,39,124,51,124,242,69,85,124,28,33,118,49,118,242,A,9.0,,7.0,,4.0
422,2026,ATP Masters 1000 Cincinnati,1000,2026-08-13T00:00:00,2026-08-23T00:00:00,Hard,96,9415725,$,MS082,Round of 128,01:56:26,"Game Set and Match Martin Landaluce. 
 Martin Landaluce wins the match  6-3  7-5 .",F,3,L0IL,M. Landaluce,J. Draper,L0IL,D0CO,ESP,GBR,,,"Game Set and Match Martin Landaluce. 
 Martin Landaluce wins the match  6-3  7-5 .",M. Landaluce,J. Draper,,,ESP,GBR,6-3,7-5,,,,01:56:26,284,/en/stats/leaderboard?page=serve,1,2,35,8,23,75,6,8,73,11,15,0,0,0,4,222,/en/stats/leaderboard?page=serve,5,2,54,15,28,73,11,15,38,5,13,0,0,2,5,229,/en/stats/leaderboard?page=return,27,4,15,62,8,13,100,2,2,5,52,/en/stats/leaderboard?page=return,25,2,8,27,4,15,0,0,0,4,74,17,23,43,12,28,57,29,51,57,16,28,26,6,23,43,22,51,223.0,/en/stats/leaderboard?page=serve,5.0,2.0,57.0,26.0,46.0,73.0,19.0,26.0,30.0,6.0,20.0,60.0,3.0,5.0,6.0,198.0,/en/stats/leaderboard?page=serve,7.0,4.0,53.0,33.0,62.0,67.0,22.0,33.0,31.0,9.0,29.0,70.0,7.0,10.0,6.0,182.0,/en/stats/leaderboard?page=return,33.0,11.0,33.0,69.0,20.0,29.0,30.0,3.0,10.0,6.0,170.0,/en/stats/leaderboard?page=return,27.0,7.0,26.0,70.0,14.0,20.0,40.0,2.0,5.0,6.0,54.0,25.0,46.0,50.0,31.0,62.0,52.0,56.0,108.0,50.0,31.0,62.0,46.0,21.0,46.0,48.0,52.0,108.0,,,,,,,,,,,,,,,,,,,,,,,,,,,,,,,,,,,,,,,,,,,,,,,,,,,,,,,,,,,,,,,,,,,,,,,,,,,,,250,/en/stats/leaderboard?page=serve,6,4,49,34,69,74,25,34,49,17,35,60,3,5,10,203,/en/stats/leaderboard?page=serve,12,6,53,48,90,69,33,48,33,14,42,58,7,12,11,61,42,69,48,43,90,53,85,159,52,47,90,39,27,69,47,74,159,A,,,,,
422,2026,ATP Masters 1000 Cincinnati,1000,2026-08-13T00:00:00,2026-08-23T00:00:00,Hard,96,9415725,$,MS085,Round of 128,02:31:48,"Game Set and Match Rinky Hijikata. 
 Rinky Hijikata wins the match  2-6  7-6(5) 6-3 .",F,3,H0BH,R. Hijikata,G. Monfils,H0BH,MC65,AUS,FRA,,,"Game Set and Match Rinky Hijikata. 
 Rinky Hijikata wins the match  2-6  7-6(5) 6-3 .",R. Hijikata,G. Monfils,,,AUS,FRA,2-6,7-6(5),6-3,,,02:31:48,207,/en/stats/leaderboard?page=serve,2,2,60,15,25,67,10,15,30,3,10,33,1,3,4,315,/en/stats/leaderboard?page=serve,1,1,55,11,20,82,9,11,78,7,9,0,0,0,4,40,/en/stats/leaderboard?page=return,18,2,11,22,2,9,0,0,0,4,220,/en/stats/leaderboard?page=return,33,5,15,70,7,10,67,2,3,4,52,13,25,20,4,20,38,17,45,80,16,20,48,12,25,62,28,45,264.0,/en/stats/leaderboard?page=serve,2.0,1.0,40.0,16.0,40.0,63.0,10.0,16.0,79.0,19.0,24.0,0.0,0.0,1.0,6.0,262.0,/en/stats/leaderboard?page=serve,4.0,10.0,49.0,24.0,49.0,88.0,21.0,24.0,36.0,9.0,25.0,0.0,0.0,1.0,6.0,193.0,/en/stats/leaderboard?page=return,13.0,3.0,24.0,64.0,16.0,25.0,100.0,1.0,1.0,6.0,175.0,/en/stats/leaderboard?page=return,38.0,6.0,16.0,21.0,5.0,24.0,100.0,1.0,1.0,6.0,73.0,29.0,40.0,39.0,19.0,49.0,54.0,48.0,89.0,61.0,30.0,49.0,28.0,11.0,40.0,46.0,41.0,89.0,272.0,/en/stats/leaderboard?page=serve,0.0,0.0,69.0,25.0,36.0,68.0,17.0,25.0,55.0,6.0,11.0,50.0,1.0,2.0,5.0,201.0,/en/stats/leaderboard?page=serve,2.0,5.0,41.0,22.0,54.0,73.0,16.0,22.0,34.0,11.0,32.0,50.0,2.0,4.0,4.0,193.0,/en/stats/leaderboard?page=return,27.0,6.0,22.0,66.0,21.0,32.0,50.0,2.0,4.0,4.0,147.0,/en/stats/leaderboard?page=return,32.0,8.0,25.0,45.0,5.0,11.0,50.0,1.0,2.0,5.0,64.0,23.0,36.0,50.0,27.0,54.0,56.0,50.0,90.0,50.0,27.0,54.0,36.0,13.0,36.0,44.0,40.0,90.0,255,/en/stats/leaderboard?page=serve,4,3,55,56,101,66,37,56,62,28,45,33,2,6,15,255,/en/stats/leaderboard?page=serve,7,16,46,57,123,81,46,57,41,27,66,40,2,5,14,64,65,101,41,50,123,51,115,224,59,73,123,36,36,101,49,109,224,A,,5.0,,,
422,2026,ATP Masters 1000 Cincinnati,1000,2026-08-13T00:00:00,2026-08-23T00:00:00,Hard,96,9415725,$,MS086,Round of 128,02:04:41,"Game Set and Match Mattia Bellucci. 
 Mattia Bellucci wins the match  7-6(0) 7-6(4).",F,3,B0GG,Z. Svajda,M. Bellucci,S0K7,B0GG,USA,ITA,,,"Game Set and Match Mattia Bellucci. 
 Mattia Bellucci wins the match  7-6(0) 7-6(4).",M. Bellucci,Z. Svajda,,,ITA,USA,6-7(0),6-7(4),,,,02:04:41,295,/en/stats/leaderboard?page=serve,1,2,74,34,46,62,21,34,75,9,12,80,4,5,6,259,/en/stats/leaderboard?page=serve,2,2,59,22,37,77,17,22,40,6,15,0,0,1,6,199,/en/stats/leaderboard?page=return,23,5,22,60,9,15,100,1,1,6,99,/en/stats/leaderboard?page=return,38,13,34,25,3,12,20,1,5,6,65,30,46,38,14,37,53,44,83,62,23,37,35,16,46,47,39,83,310.0,/en/stats/leaderboard?page=serve,2.0,4.0,63.0,25.0,40.0,72.0,18.0,25.0,73.0,11.0,15.0,100.0,1.0,1.0,6.0,285.0,/en/stats/leaderboard?page=serve,1.0,6.0,58.0,28.0,48.0,82.0,23.0,28.0,40.0,8.0,20.0,100.0,6.0,6.0,6.0,78.0,/en/stats/leaderboard?page=return,18.0,5.0,28.0,60.0,12.0,20.0,0.0,0.0,6.0,6.0,55.0,/en/stats/leaderboard?page=return,28.0,7.0,25.0,27.0,4.0,15.0,0.0,0.0,1.0,6.0,73.0,29.0,40.0,35.0,17.0,48.0,52.0,46.0,88.0,65.0,31.0,48.0,28.0,11.0,40.0,48.0,42.0,88.0,,,,,,,,,,,,,,,,,,,,,,,,,,,,,,,,,,,,,,,,,,,,,,,,,,,,,,,,,,,,,,,,,,,,,,,,,,,,,303,/en/stats/leaderboard?page=serve,3,6,69,59,86,66,39,59,74,20,27,83,5,6,12,275,/en/stats/leaderboard?page=serve,3,8,59,50,85,80,40,50,40,14,35,86,6,7,12,69,59,86,36,31,85,53,90,171,64,54,85,31,27,86,47,81,171,B,0.0,4.0,,,
422,2026,ATP Masters 1000 Cincinnati,1000,2026-08-13T00:00:00,2026-08-23T00:00:00,Hard,96,9415725,$,MS089,Round of 128,02:00:58,"Game Set and Match Matteo Berrettini. 
 Matteo Berrettini wins the match  3-6  6-1  6-4 .",F,3,BK40,T. Droguet,M. Berrettini,D0DW,BK40,FRA,ITA,,,"Game Set and Match Matteo Berrettini. 
 Matteo Berrettini wins the match  3-6  6-1  6-4 .",M. Berrettini,T. Droguet,,,ITA,FRA,6-3,1-6,4-6,,,02:00:58,267,/en/stats/leaderboard?page=serve,0,2,55,11,20,91,10,11,44,4,9,0,0,1,4,342,/en/stats/leaderboard?page=serve,0,3,68,15,22,100,15,15,71,5,7,0,0,0,5,29,/en/stats/leaderboard?page=return,0,0,15,29,2,7,0,0,0,5,190,/en/stats/leaderboard?page=return,9,1,11,56,5,9,100,1,1,4,70,14,20,9,2,22,38,16,42,91,20,22,30,6,20,62,26,42,331.0,/en/stats/leaderboard?page=serve,1.0,4.0,73.0,16.0,22.0,88.0,14.0,16.0,67.0,4.0,6.0,0.0,0.0,0.0,4.0,175.0,/en/stats/leaderboard?page=serve,2.0,0.0,61.0,14.0,23.0,50.0,7.0,14.0,33.0,3.0,9.0,60.0,3.0,5.0,3.0,223.0,/en/stats/leaderboard?page=return,50.0,7.0,14.0,67.0,6.0,9.0,40.0,2.0,5.0,3.0,46.0,/en/stats/leaderboard?page=return,13.0,2.0,16.0,33.0,2.0,6.0,0.0,0.0,0.0,4.0,82.0,18.0,22.0,57.0,13.0,23.0,69.0,31.0,45.0,43.0,10.0,23.0,18.0,4.0,22.0,31.0,14.0,45.0,277.0,/en/stats/leaderboard?page=serve,3.0,3.0,44.0,17.0,39.0,88.0,15.0,17.0,45.0,10.0,22.0,100.0,1.0,1.0,5.0,255.0,/en/stats/leaderboard?page=serve,1.0,4.0,58.0,18.0,31.0,83.0,15.0,18.0,31.0,4.0,13.0,0.0,0.0,1.0,5.0,206.0,/en/stats/leaderboard?page=return,17.0,3.0,18.0,69.0,9.0,13.0,100.0,1.0,1.0,5.0,67.0,/en/stats/leaderboard?page=return,12.0,2.0,17.0,55.0,12.0,22.0,0.0,0.0,1.0,5.0,64.0,25.0,39.0,39.0,12.0,31.0,53.0,37.0,70.0,61.0,19.0,31.0,36.0,14.0,39.0,47.0,33.0,70.0,289,/en/stats/leaderboard?page=serve,4,9,54,44,81,89,39,44,49,18,37,50,1,2,13,262,/en/stats/leaderboard?page=serve,3,7,62,47,76,79,37,47,41,12,29,50,3,6,13,70,57,81,36,27,76,54,84,157,64,49,76,30,24,81,46,73,157,B,,,,,
422,2026,ATP Masters 1000 Cincinnati,1000,2026-08-13T00:00:00,2026-08-23T00:00:00,Hard,96,9415725,$,MS090,Round of 128,01:42:24,"Game Set and Match Yannick Hanfmann. 
 Yannick Hanfmann wins the match  6-2  6-4 .",F,3,H997,Y. Hanfmann,L. Van Assche,H997,V0DZ,GER,FRA,,,"Game Set and Match Yannick Hanfmann. 
 Yannick Hanfmann wins the match  6-2  6-4 .",Y. Hanfmann,L. Van Assche,,,GER,FRA,6-2,6-4,,,,01:42:24,300,/en/stats/leaderboard?page=serve,1,4,56,14,25,86,12,14,55,6,11,0,0,0,4,210,/en/stats/leaderboard?page=serve,2,1,56,14,25,50,7,14,55,6,11,50,2,4,4,195,/en/stats/leaderboard?page=return,50,7,14,45,5,11,50,2,4,4,59,/en/stats/leaderboard?page=return,14,2,14,45,5,11,0,0,0,4,72,18,25,48,12,25,60,30,50,52,13,25,28,7,25,40,20,50,296.0,/en/stats/leaderboard?page=serve,2.0,6.0,62.0,21.0,34.0,76.0,16.0,21.0,54.0,7.0,13.0,100.0,4.0,4.0,5.0,251.0,/en/stats/leaderboard?page=serve,2.0,3.0,63.0,27.0,43.0,63.0,17.0,27.0,44.0,7.0,16.0,75.0,3.0,4.0,5.0,138.0,/en/stats/leaderboard?page=return,37.0,10.0,27.0,56.0,9.0,16.0,25.0,1.0,4.0,5.0,70.0,/en/stats/leaderboard?page=return,24.0,5.0,21.0,46.0,6.0,13.0,0.0,0.0,4.0,5.0,68.0,23.0,34.0,44.0,19.0,43.0,55.0,42.0,77.0,56.0,24.0,43.0,32.0,11.0,34.0,45.0,35.0,77.0,,,,,,,,,,,,,,,,,,,,,,,,,,,,,,,,,,,,,,,,,,,,,,,,,,,,,,,,,,,,,,,,,,,,,,,,,,,,,300,/en/stats/leaderboard?page=serve,3,10,59,35,59,80,28,35,54,13,24,100,4,4,9,233,/en/stats/leaderboard?page=serve,4,4,60,41,68,59,24,41,48,13,27,63,5,8,9,69,41,59,46,31,68,57,72,127,54,37,68,31,18,59,43,55,127,A,,,,,
422,2026,ATP Masters 1000 Cincinnati,1000,2026-08-13T00:00:00,2026-08-23T00:00:00,Hard,96,9415725,$,MS093,Round of 128,01:54:55,Winner: J. DUCKWORTH,F,3,D994,J. Wolf,J. Duckworth,W09G,D994,USA,AUS,,,Winner: J. DUCKWORTH,J. Duckworth,J. Wolf,,,AUS,USA,5-7,6-7(0),,,,01:54:55,323,/en/stats/leaderboard?page=serve,2,5,57,17,30,94,16,17,69,9,13,100,1,1,6,258,/en/stats/leaderboard?page=serve,1,4,50,23,46,65,15,23,57,13,23,67,2,3,6,127,/en/stats/leaderboard?page=return,35,8,23,43,10,23,33,1,3,6,37,/en/stats/leaderboard?page=return,6,1,17,31,4,13,0,0,1,6,83,25,30,39,18,46,57,43,76,61,28,46,17,5,30,43,33,76,271.0,/en/stats/leaderboard?page=serve,1.0,2.0,50.0,19.0,38.0,84.0,16.0,19.0,53.0,10.0,19.0,67.0,2.0,3.0,6.0,247.0,/en/stats/leaderboard?page=serve,2.0,1.0,62.0,31.0,50.0,61.0,19.0,31.0,42.0,8.0,19.0,75.0,3.0,4.0,6.0,138.0,/en/stats/leaderboard?page=return,39.0,12.0,31.0,58.0,11.0,19.0,25.0,1.0,4.0,6.0,112.0,/en/stats/leaderboard?page=return,16.0,3.0,19.0,47.0,9.0,19.0,33.0,1.0,3.0,6.0,68.0,26.0,38.0,46.0,23.0,50.0,56.0,49.0,88.0,54.0,27.0,50.0,32.0,12.0,38.0,44.0,39.0,88.0,,,,,,,,,,,,,,,,,,,,,,,,,,,,,,,,,,,,,,,,,,,,,,,,,,,,,,,,,,,,,,,,,,,,,,,,,,,,,296,/en/stats/leaderboard?page=serve,3,7,53,36,68,89,32,36,59,19,32,75,3,4,12,254,/en/stats/leaderboard?page=serve,3,5,56,54,96,63,34,54,50,21,42,71,5,7,12,75,51,68,43,41,96,56,92,164,57,55,96,25,17,68,44,72,164,B,,0.0,,,
422,2026,ATP Masters 1000 Cincinnati,1000,2026-08-13T00:00:00,2026-08-23T00:00:00,Hard,96,9415725,$,MS094,Round of 128,01:47:38,"Game Set and Match Quentin Halys. 
 Quentin Halys wins the match  7-6(5) 6-4 .",F,3,HB64,V. Kopriva,Q. Halys,KI82,HB64,CZE,FRA,,,"Game Set and Match Quentin Halys. 
 Quentin Halys wins the match  7-6(5) 6-4 .",Q. Halys,V. Kopriva,,,FRA,CZE,6-7(5),4-6,,,,01:47:38,281,/en/stats/leaderboard?page=serve,0,8,59,27,46,78,21,27,53,10,19,75,3,4,6,279,/en/stats/leaderboard?page=serve,0,1,62,23,37,83,19,23,50,7,14,50,1,2,6,133,/en/stats/leaderboard?page=return,17,4,23,50,7,14,50,1,2,6,110,/en/stats/leaderboard?page=return,22,6,27,47,9,19,25,1,4,6,67,31,46,30,11,37,51,42,83,70,26,37,33,15,46,49,41,83,264.0,/en/stats/leaderboard?page=serve,2.0,4.0,57.0,17.0,30.0,71.0,12.0,17.0,54.0,7.0,13.0,0.0,0.0,1.0,5.0,211.0,/en/stats/leaderboard?page=serve,2.0,1.0,45.0,13.0,29.0,69.0,9.0,13.0,38.0,6.0,16.0,0.0,0.0,2.0,5.0,234.0,/en/stats/leaderboard?page=return,31.0,4.0,13.0,63.0,10.0,16.0,100.0,2.0,2.0,5.0,195.0,/en/stats/leaderboard?page=return,29.0,5.0,17.0,46.0,6.0,13.0,100.0,1.0,1.0,5.0,63.0,19.0,30.0,48.0,14.0,29.0,56.0,33.0,59.0,52.0,15.0,29.0,37.0,11.0,30.0,44.0,26.0,59.0,,,,,,,,,,,,,,,,,,,,,,,,,,,,,,,,,,,,,,,,,,,,,,,,,,,,,,,,,,,,,,,,,,,,,,,,,,,,,277,/en/stats/leaderboard?page=serve,2,12,58,44,76,75,33,44,53,17,32,60,3,5,11,248,/en/stats/leaderboard?page=serve,2,2,55,36,66,78,28,36,43,13,30,25,1,4,11,66,50,76,38,25,66,53,75,142,62,41,66,34,26,76,47,67,142,B,5.0,,,,
