event_id,event_year,tourney_name,level,start_date,end_date,surface,singles_draw_size,prize_money,prize_money_currency,match_id,round,match_time_total,match_message,match_status,num_sets,winner_flag_raw,player_a,player_b,player_a_id,player_b_id,country_a,country_b,seed_a,seed_b,score_string,winner_player_name,loser_player_name,winner_seed,loser_seed,winner_country,loser_country,set1_score,set2_score,set3_score,set4_score,set5_score,match_date,serverating_set1_loser,serveratinglink_set1_loser,doublefaults_set1_loser,aces_set1_loser,firstserve_percent_set1_loser,firstserve_dividend_set1_loser,firstserve_divisor_set1_loser,firstservepointswon_percent_set1_loser,firstservepointswon_dividend_set1_loser,firstservepointswon_divisor_set1_loser,secondservepointswon_percent_set1_loser,secondservepointswon_dividend_set1_loser,secondservepointswon_divisor_set1_loser,breakpointssaved_percent_set1_loser,breakpointssaved_dividend_set1_loser,breakpointssaved_divisor_set1_loser,servicegamesplayed_set1_loser,serverating_set1_winner,serveratinglink_set1_winner,doublefaults_set1_winner,aces_set1_winner,firstserve_percent_set1_winner,firstserve_dividend_set1_winner,firstserve_divisor_set1_winner,firstservepointswon_percent_set1_winner,firstservepointswon_dividend_set1_winner,firstservepointswon_divisor_set1_winner,secondservepointswon_percent_set1_winner,secondservepointswon_dividend_set1_winner,secondservepointswon_divisor_set1_winner,breakpointssaved_percent_set1_winner,breakpointssaved_dividend_set1_winner,breakpointssaved_divisor_set1_winner,servicegamesplayed_set1_winner,returnrating_set1_loser,returnratinglink_set1_loser,firstservereturnpointswon_percent_set1_loser,firstservereturnpointswon_dividend_set1_loser,firstservereturnpointswon_divisor_set1_loser,secondservereturnpointswon_percent_set1_loser,secondservereturnpointswon_dividend_set1_loser,secondservereturnpointswon_divisor_set1_loser,breakpointsconverted_percent_set1_loser,breakpointsconverted_dividend_set1_loser,breakpointsconverted_divisor_set1_loser,returngamesplayed_set1_loser,returnrating_set1_winner,returnratinglink_set1_winner,firstservereturnpointswon_percent_set1_winner,firstservereturnpointswon_dividend_set1_winner,firstservereturnpointswon_divisor_set1_winner,secondservereturnpointswon_percent_set1_winner,secondservereturnpointswon_dividend_set1_winner,secondservereturnpointswon_divisor_set1_winner,breakpointsconverted_percent_set1_winner,breakpointsconverted_dividend_set1_winner,breakpointsconverted_divisor_set1_winner,returngamesplayed_set1_winner,totalservicepointswon_percent_set1_loser,totalservicepointswon_dividend_set1_loser,totalservicepointswon_divisor_set1_loser,totalreturnpointswon_percent_set1_loser,totalreturnpointswon_dividend_set1_loser,totalreturnpointswon_divisor_set1_loser,totalpointswon_percent_set1_loser,totalpointswon_dividend_set1_loser,totalpointswon_divisor_set1_loser,totalservicepointswon_percent_set1_winner,totalservicepointswon_dividend_set1_winner,totalservicepointswon_divisor_set1_winner,totalreturnpointswon_percent_set1_winner,totalreturnpointswon_dividend_set1_winner,totalreturnpointswon_divisor_set1_winner,totalpointswon_percent_set1_winner,totalpointswon_dividend_set1_winner,totalpointswon_divisor_set1_winner,tiebreak_set1_loser,serverating_set2_loser,serveratinglink_set2_loser,doublefaults_set2_loser,aces_set2_loser,firstserve_percent_set2_loser,firstserve_dividend_set2_loser,firstserve_divisor_set2_loser,firstservepointswon_percent_set2_loser,firstservepointswon_dividend_set2_loser,firstservepointswon_divisor_set2_loser,secondservepointswon_percent_set2_loser,secondservepointswon_dividend_set2_loser,secondservepointswon_divisor_set2_loser,breakpointssaved_percent_set2_loser,breakpointssaved_dividend_set2_loser,breakpointssaved_divisor_set2_loser,servicegamesplayed_set2_loser,serverating_set2_winner,serveratinglink_set2_winner,doublefaults_set2_winner,aces_set2_winner,firstserve_percent_set2_winner,firstserve_dividend_set2_winner,firstserve_divisor_set2_winner,firstservepointswon_percent_set2_winner,firstservepointswon_dividend_set2_winner,firstservepointswon_divisor_set2_winner,secondservepointswon_percent_set2_winner,secondservepointswon_dividend_set2_winner,secondservepointswon_divisor_set2_winner,breakpointssaved_percent_set2_winner,breakpointssaved_dividend_set2_winner,breakpointssaved_divisor_set2_winner,servicegamesplayed_set2_winner,returnrating_set2_loser,returnratinglink_set2_loser,firstservereturnpointswon_percent_set2_loser,firstservereturnpointswon_dividend_set2_loser,firstservereturnpointswon_divisor_set2_loser,secondservereturnpointswon_percent_set2_loser,secondservereturnpointswon_dividend_set2_loser,secondservereturnpointswon_divisor_set2_loser,breakpointsconverted_percent_set2_loser,breakpointsconverted_dividend_set2_loser,breakpointsconverted_divisor_set2_loser,returngamesplayed_set2_loser,returnrating_set2_winner,returnratinglink_set2_winner,firstservereturnpointswon_percent_set2_winner,firstservereturnpointswon_dividend_set2_winner,firstservereturnpointswon_divisor_set2_winner,secondservereturnpointswon_percent_set2_winner,secondservereturnpointswon_dividend_set2_winner,secondservereturnpointswon_divisor_set2_winner,breakpointsconverted_percent_set2_winner,breakpointsconverted_dividend_set2_winner,breakpointsconverted_divisor_set2_winner,returngamesplayed_set2_winner,totalservicepointswon_percent_set2_loser,totalservicepointswon_dividend_set2_loser,totalservicepointswon_divisor_set2_loser,totalreturnpointswon_percent_set2_loser,totalreturnpointswon_dividend_set2_loser,totalreturnpointswon_divisor_set2_loser,totalpointswon_percent_set2_loser,totalpointswon_dividend_set2_loser,totalpointswon_divisor_set2_loser,totalservicepointswon_percent_set2_winner,totalservicepointswon_dividend_set2_winner,totalservicepointswon_divisor_set2_winner,totalreturnpointswon_percent_set2_winner,totalreturnpointswon_dividend_set2_winner,totalreturnpointswon_divisor_set2_winner,totalpointswon_percent_set2_winner,totalpointswon_dividend_set2_winner,totalpointswon_divisor_set2_winner,tiebreak_set2_loser,serverating_tot_loser,serveratinglink_tot_loser,doublefaults_tot_loser,aces_tot_loser,firstserve_percent_tot_loser,firstserve_dividend_tot_loser,firstserve_divisor_tot_loser,firstservepointswon_percent_tot_loser,firstservepointswon_dividend_tot_loser,firstservepointswon_divisor_tot_loser,secondservepointswon_percent_tot_loser,secondservepointswon_dividend_tot_loser,secondservepointswon_divisor_tot_loser,breakpointssaved_percent_tot_loser,breakpointssaved_dividend_tot_loser,breakpointssaved_divisor_tot_loser,servicegamesplayed_tot_loser,serverating_tot_winner,serveratinglink_tot_winner,doublefaults_tot_winner,aces_tot_winner,firstserve_percent_tot_winner,firstserve_dividend_tot_winner,firstserve_divisor_tot_winner,firstservepointswon_percent_tot_winner,firstservepointswon_dividend_tot_winner,firstservepointswon_divisor_tot_winner,secondservepointswon_percent_tot_winner,secondservepointswon_dividend_tot_winner,secondservepointswon_divisor_tot_winner,breakpointssaved_percent_tot_winner,breakpointssaved_dividend_tot_winner,breakpointssaved_divisor_tot_winner,servicegamesplayed_tot_winner,totalservicepointswon_percent_tot_loser,totalservicepointswon_dividend_tot_loser,totalservicepointswon_divisor_tot_loser,totalreturnpointswon_percent_tot_loser,totalreturnpointswon_dividend_tot_loser,totalreturnpointswon_divisor_tot_loser,totalpointswon_percent_tot_loser,totalpointswon_dividend_tot_loser,totalpointswon_divisor_tot_loser,totalservicepointswon_percent_tot_winner,totalservicepointswon_dividend_tot_winner,totalservicepointswon_divisor_tot_winner,totalreturnpointswon_percent_tot_winner,totalreturnpointswon_dividend_tot_winner,totalreturnpointswon_divisor_tot_winner,totalpointswon_percent_tot_winner,totalpointswon_dividend_tot_winner,totalpointswon_divisor_tot_winner,winner_flag,serverating_set3_loser,serveratinglink_set3_loser,doublefaults_set3_loser,aces_set3_loser,firstserve_percent_set3_loser,firstserve_dividend_set3_loser,firstserve_divisor_set3_loser,firstservepointswon_percent_set3_loser,firstservepointswon_dividend_set3_loser,firstservepointswon_divisor_set3_loser,secondservepointswon_percent_set3_loser,secondservepointswon_dividend_set3_loser,secondservepointswon_divisor_set3_loser,breakpointssaved_percent_set3_loser,breakpointssaved_dividend_set3_loser,breakpointssaved_divisor_set3_loser,servicegamesplayed_set3_loser,serverating_set3_winner,serveratinglink_set3_winner,doublefaults_set3_winner,aces_set3_winner,firstserve_percent_set3_winner,firstserve_dividend_set3_winner,firstserve_divisor_set3_winner,firstservepointswon_percent_set3_winner,firstservepointswon_dividend_set3_winner,firstservepointswon_divisor_set3_winner,secondservepointswon_percent_set3_winner,secondservepointswon_dividend_set3_winner,secondservepointswon_divisor_set3_winner,breakpointssaved_percent_set3_winner,breakpointssaved_dividend_set3_winner,breakpointssaved_divisor_set3_winner,servicegamesplayed_set3_winner,returnrating_set3_loser,returnratinglink_set3_loser,firstservereturnpointswon_percent_set3_loser,firstservereturnpointswon_dividend_set3_loser,firstservereturnpointswon_divisor_set3_loser,secondservereturnpointswon_percent_set3_loser,secondservereturnpointswon_dividend_set3_loser,secondservereturnpointswon_divisor_set3_loser,breakpointsconverted_percent_set3_loser,breakpointsconverted_dividend_set3_loser,breakpointsconverted_divisor_set3_loser,returngamesplayed_set3_loser,returnrating_set3_winner,returnratinglink_set3_winner,firstservereturnpointswon_percent_set3_winner,firstservereturnpointswon_dividend_set3_winner,firstservereturnpointswon_divisor_set3_winner,secondservereturnpointswon_percent_set3_winner,secondservereturnpointswon_dividend_set3_winner,secondservereturnpointswon_divisor_set3_winner,breakpointsconverted_percent_set3_winner,breakpointsconverted_dividend_set3_winner,breakpointsconverted_divisor_set3_winner,returngamesplayed_set3_winner,totalservicepointswon_percent_set3_loser,totalservicepointswon_dividend_set3_loser,totalservicepointswon_divisor_set3_loser,totalreturnpointswon_percent_set3_loser,totalreturnpointswon_dividend_set3_loser,totalreturnpointswon_divisor_set3_loser,totalpointswon_percent_set3_loser,totalpointswon_dividend_set3_loser,totalpointswon_divisor_set3_loser,totalservicepointswon_percent_set3_winner,totalservicepointswon_dividend_set3_winner,totalservicepointswon_divisor_set3_winner,totalreturnpointswon_percent_set3_winner,totalreturnpointswon_dividend_set3_winner,totalreturnpointswon_divisor_set3_winner,totalpointswon_percent_set3_winner,totalpointswon_dividend_set3_winner,totalpointswon_divisor_set3_winner,tiebreak_set3_loser,tiebreak_set1_winner,tiebreak_set2_winner
404,2026,ATP Masters 1000 Indian Wells,1000,2026-03-04T00:00:00,2026-03-15T00:00:00,Hard,96,9415725,$,MS001,Final,01:55:52,"Game Set and Match Jannik Sinner. 
 Jannik Sinner wins the match  7-6(6) 7-6(4).",F,3,S0AG,D. Medvedev,J. Sinner,MM58,S0AG,RUS,ITA,11,2,"Game Set and Match Jannik Sinner. 
 Jannik Sinner wins the match  7-6(6) 7-6(4).",J. Sinner,D. Medvedev,2,11,ITA,RUS,6-7(6),6-7(4),,,,01:55:52,305,/en/stats/leaderboard?page=serve,1,6,57,27,47,78,21,27,65,13,20,100,2,2,6,317,/en/stats/leaderboard?page=serve,1,6,71,27,38,96,26,27,45,5,11,0,0,0,6,59,/en/stats/leaderboard?page=return,4,1,27,55,6,11,0,0,0,6,57,/en/stats/leaderboard?page=return,22,6,27,35,7,20,0,0,2,6,72,34,47,18,7,38,48,41,85,82,31,38,28,13,47,52,44,85,6.0,287.0,/en/stats/leaderboard?page=serve,1.0,1.0,53.0,21.0,40.0,76.0,16.0,21.0,58.0,11.0,19.0,0.0,0.0,0.0,6.0,318.0,/en/stats/leaderboard?page=serve,1.0,4.0,59.0,20.0,34.0,85.0,17.0,20.0,71.0,10.0,14.0,0.0,0.0,0.0,6.0,44.0,/en/stats/leaderboard?page=return,15.0,3.0,20.0,29.0,4.0,14.0,0.0,0.0,0.0,6.0,66.0,/en/stats/leaderboard?page=return,24.0,5.0,21.0,42.0,8.0,19.0,0.0,0.0,0.0,6.0,68.0,27.0,40.0,21.0,7.0,34.0,46.0,34.0,74.0,79.0,27.0,34.0,33.0,13.0,40.0,54.0,40.0,74.0,4.0,299,/en/stats/leaderboard?page=serve,2,7,55,48,87,77,37,48,62,24,39,100,2,2,12,324,/en/stats/leaderboard?page=serve,2,10,65,47,72,91,43,47,60,15,25,0,0,0,12,70,61,87,19,14,72,47,75,159,81,58,72,30,26,87,53,84,159,B,,,,,,,,,,,,,,,,,,,,,,,,,,,,,,,,,,,,,,,,,,,,,,,,,,,,,,,,,,,,,,,,,,,,,,,,,,,,,,,
404,2026,ATP Masters 1000 Indian Wells,1000,2026-03-04T00:00:00,2026-03-15T00:00:00,Hard,96,9415725,$,MS002,Semifinals,01:37:07,"Game Set and Match Daniil Medvedev. 
 Daniil Medvedev wins the match  6-3  7-6(3).",F,3,MM58,C. Alcaraz,D. Medvedev,A0E2,MM58,ESP,RUS,1,11,"Game Set and Match Daniil Medvedev. 
 Daniil Medvedev wins the match  6-3  7-6(3).",D. Medvedev,C. Alcaraz,11,1,RUS,ESP,3-6,6-7(3),,,,01:37:07,259,/en/stats/leaderboard?page=serve,1,0,71,17,24,71,12,17,43,3,7,0,0,1,4,311,/en/stats/leaderboard?page=serve,0,1,59,16,27,69,11,16,82,9,11,0,0,0,5,49,/en/stats/leaderboard?page=return,31,5,16,18,2,11,0,0,0,5,211,/en/stats/leaderboard?page=return,29,5,17,57,4,7,100,1,1,4,63,15,24,26,7,27,43,22,51,74,20,27,38,9,24,57,29,51,,273.0,/en/stats/leaderboard?page=serve,1.0,2.0,58.0,22.0,38.0,68.0,15.0,22.0,63.0,10.0,16.0,0.0,0.0,1.0,6.0,275.0,/en/stats/leaderboard?page=serve,0.0,3.0,58.0,28.0,48.0,61.0,17.0,28.0,70.0,14.0,20.0,80.0,4.0,5.0,6.0,105.0,/en/stats/leaderboard?page=return,39.0,11.0,28.0,30.0,6.0,20.0,20.0,1.0,5.0,6.0,186.0,/en/stats/leaderboard?page=return,32.0,7.0,22.0,38.0,6.0,16.0,100.0,1.0,1.0,6.0,66.0,25.0,38.0,35.0,17.0,48.0,49.0,42.0,86.0,65.0,31.0,48.0,34.0,13.0,38.0,51.0,44.0,86.0,3.0,269,/en/stats/leaderboard?page=serve,2,2,63,39,62,69,27,39,57,13,23,0,0,2,10,291,/en/stats/leaderboard?page=serve,0,4,59,44,75,64,28,44,74,23,31,80,4,5,11,65,40,62,32,24,75,47,64,137,68,51,75,35,22,62,53,73,137,B,,,,,,,,,,,,,,,,,,,,,,,,,,,,,,,,,,,,,,,,,,,,,,,,,,,,,,,,,,,,,,,,,,,,,,,,,,,,,,,
404,2026,ATP Masters 1000 Indian Wells,1000,2026-03-04T00:00:00,2026-03-15T00:00:00,Hard,96,9415725,$,MS003,Semifinals,01:23:07,"Game Set and Match Jannik Sinner. 
 Jannik Sinner wins the match  6-2  6-4 .",F,3,S0AG,A. Zverev,J. Sinner,Z355,S0AG,GER,ITA,4,2,"Game Set and Match Jannik Sinner. 
 Jannik Sinner wins the match  6-2  6-4 .",J. Sinner,A. Zverev,2,4,ITA,GER,2-6,4-6,,,,01:23:07,218,/en/stats/leaderboard?page=serve,1,1,60,12,20,83,10,12,25,2,8,0,0,2,4,318,/en/stats/leaderboard?page=serve,1,4,60,12,20,92,11,12,63,5,8,0,0,0,4,46,/en/stats/leaderboard?page=return,8,1,12,38,3,8,0,0,0,4,242,/en/stats/leaderboard?page=return,17,2,12,75,6,8,100,2,2,4,60,12,20,20,4,20,40,16,40,80,16,20,40,8,20,60,24,40,,259.0,/en/stats/leaderboard?page=serve,2.0,3.0,70.0,23.0,33.0,78.0,18.0,23.0,30.0,3.0,10.0,75.0,3.0,4.0,5.0,298.0,/en/stats/leaderboard?page=serve,1.0,4.0,55.0,17.0,31.0,76.0,13.0,17.0,64.0,9.0,14.0,100.0,1.0,1.0,5.0,60.0,/en/stats/leaderboard?page=return,24.0,4.0,17.0,36.0,5.0,14.0,0.0,0.0,1.0,5.0,137.0,/en/stats/leaderboard?page=return,22.0,5.0,23.0,70.0,7.0,10.0,25.0,1.0,4.0,5.0,64.0,21.0,33.0,29.0,9.0,31.0,47.0,30.0,64.0,71.0,22.0,31.0,36.0,12.0,33.0,53.0,34.0,64.0,,241,/en/stats/leaderboard?page=serve,3,4,66,35,53,80,28,35,28,5,18,50,3,6,9,310,/en/stats/leaderboard?page=serve,2,8,57,29,51,83,24,29,64,14,22,100,1,1,9,62,33,53,25,13,51,44,46,104,75,38,51,38,20,53,56,58,104,B,,,,,,,,,,,,,,,,,,,,,,,,,,,,,,,,,,,,,,,,,,,,,,,,,,,,,,,,,,,,,,,,,,,,,,,,,,,,,,,
404,2026,ATP Masters 1000 Indian Wells,1000,2026-03-04T00:00:00,2026-03-15T00:00:00,Hard,96,9415725,$,MS004,Quarterfinals,01:33:23,"Game Set and Match Carlos Alcaraz. 
 Carlos Alcaraz wins the match  6-3  6-4 .",F,3,A0E2,C. Alcaraz,C. Norrie,A0E2,N771,ESP,GBR,1,27,"Game Set and Match Carlos Alcaraz. 
 Carlos Alcaraz wins the match  6-3  6-4 .",C. Alcaraz,C. Norrie,1,27,ESP,GBR,6-3,6-4,,,,01:33:23,206,/en/stats/leaderboard?page=serve,1,1,65,15,23,53,8,15,38,3,8,0,0,2,4,279,/en/stats/leaderboard?page=serve,0,1,86,19,22,79,15,19,33,1,3,0,0,1,5,208,/en/stats/leaderboard?page=return,21,4,19,67,2,3,100,1,1,5,260,/en/stats/leaderboard?page=return,47,7,15,63,5,8,100,2,2,4,48,11,23,27,6,22,38,17,45,73,16,22,52,12,23,62,28,45,,218.0,/en/stats/leaderboard?page=serve,2.0,2.0,58.0,29.0,50.0,62.0,18.0,29.0,38.0,8.0,21.0,75.0,6.0,8.0,5.0,261.0,/en/stats/leaderboard?page=serve,1.0,1.0,69.0,24.0,35.0,67.0,16.0,24.0,45.0,5.0,11.0,50.0,1.0,2.0,5.0,158.0,/en/stats/leaderboard?page=return,33.0,8.0,24.0,55.0,6.0,11.0,50.0,1.0,2.0,5.0,165.0,/en/stats/leaderboard?page=return,38.0,11.0,29.0,62.0,13.0,21.0,25.0,2.0,8.0,5.0,52.0,26.0,50.0,40.0,14.0,35.0,47.0,40.0,85.0,60.0,21.0,35.0,48.0,24.0,50.0,53.0,45.0,85.0,,212,/en/stats/leaderboard?page=serve,3,3,60,44,73,59,26,44,38,11,29,60,6,10,9,271,/en/stats/leaderboard?page=serve,1,2,75,43,57,72,31,43,43,6,14,33,1,3,10,51,37,73,35,20,57,44,57,130,65,37,57,49,36,73,56,73,130,A,,,,,,,,,,,,,,,,,,,,,,,,,,,,,,,,,,,,,,,,,,,,,,,,,,,,,,,,,,,,,,,,,,,,,,,,,,,,,,,
404,2026,ATP Masters 1000 Indian Wells,1000,2026-03-04T00:00:00,2026-03-15T00:00:00,Hard,96,9415725,$,MS005,Quarterfinals,01:15:54,"Game Set and Match Daniil Medvedev. 
 Daniil Medvedev wins the match  6-1  7-5 .",F,3,MM58,J. Draper,D. Medvedev,D0CO,MM58,GBR,RUS,14,11,"Game Set and Match Daniil Medvedev. 
 Daniil Medvedev wins the match  6-1  7-5 .",D. Medvedev,J. Draper,11,14,RUS,GBR,1-6,5-7,,,,01:15:54,177,/en/stats/leaderboard?page=serve,0,1,57,12,21,42,5,12,44,4,9,33,1,3,3,310,/en/stats/leaderboard?page=serve,1,3,71,15,21,87,13,15,50,3,6,0,0,0,4,63,/en/stats/leaderboard?page=return,13,2,15,50,3,6,0,0,0,4,247,/en/stats/leaderboard?page=return,58,7,12,56,5,9,67,2,3,3,43,9,21,24,5,21,33,14,42,76,16,21,57,12,21,67,28,42,,265.0,/en/stats/leaderboard?page=serve,1.0,2.0,45.0,15.0,33.0,80.0,12.0,15.0,56.0,10.0,18.0,50.0,1.0,2.0,6.0,319.0,/en/stats/leaderboard?page=serve,0.0,7.0,73.0,24.0,33.0,83.0,20.0,24.0,56.0,5.0,9.0,100.0,1.0,1.0,6.0,61.0,/en/stats/leaderboard?page=return,17.0,4.0,24.0,44.0,4.0,9.0,0.0,0.0,1.0,6.0,130.0,/en/stats/leaderboard?page=return,20.0,3.0,15.0,44.0,8.0,18.0,50.0,1.0,2.0,6.0,67.0,22.0,33.0,24.0,8.0,33.0,45.0,30.0,66.0,76.0,25.0,33.0,33.0,11.0,33.0,55.0,36.0,66.0,,233,/en/stats/leaderboard?page=serve,1,3,50,27,54,63,17,27,52,14,27,40,2,5,9,319,/en/stats/leaderboard?page=serve,1,10,72,39,54,85,33,39,53,8,15,100,1,1,10,57,31,54,24,13,54,41,44,108,76,41,54,43,23,54,59,64,108,B,,,,,,,,,,,,,,,,,,,,,,,,,,,,,,,,,,,,,,,,,,,,,,,,,,,,,,,,,,,,,,,,,,,,,,,,,,,,,,,
404,2026,ATP Masters 1000 Indian Wells,1000,2026-03-04T00:00:00,2026-03-15T00:00:00,Hard,96,9415725,$,MS006,Quarterfinals,01:22:26,"Game Set and Match Alexander Zverev. 
 Alexander Zverev wins the match  6-2  6-3 .",F,3,Z355,A. Fils,A. Zverev,F0F1,Z355,FRA,GER,30,4,"Game Set and Match Alexander Zverev. 
 Alexander Zverev wins the match  6-2  6-3 .",A. Zverev,A. Fils,4,30,GER,FRA,2-6,3-6,,,,01:22:26,214,/en/stats/leaderboard?page=serve,2,2,59,20,34,55,11,20,50,7,14,60,3,5,4,307,/en/stats/leaderboard?page=serve,1,3,64,18,28,61,11,18,80,8,10,100,2,2,4,59,/en/stats/leaderboard?page=return,39,7,18,20,2,10,0,0,2,4,185,/en/stats/leaderboard?page=return,45,9,20,50,7,14,40,2,5,4,53,18,34,32,9,28,44,27,62,68,19,28,47,16,34,56,35,62,,223.0,/en/stats/leaderboard?page=serve,2.0,5.0,51.0,18.0,35.0,56.0,10.0,18.0,53.0,9.0,17.0,60.0,3.0,5.0,5.0,291.0,/en/stats/leaderboard?page=serve,0.0,4.0,78.0,18.0,23.0,89.0,16.0,18.0,20.0,1.0,5.0,100.0,1.0,1.0,4.0,91.0,/en/stats/leaderboard?page=return,11.0,2.0,18.0,80.0,4.0,5.0,0.0,0.0,1.0,4.0,171.0,/en/stats/leaderboard?page=return,44.0,8.0,18.0,47.0,8.0,17.0,40.0,2.0,5.0,5.0,54.0,19.0,35.0,26.0,6.0,23.0,43.0,25.0,58.0,74.0,17.0,23.0,46.0,16.0,35.0,57.0,33.0,58.0,,220,/en/stats/leaderboard?page=serve,4,7,55,38,69,55,21,38,52,16,31,60,6,10,9,312,/en/stats/leaderboard?page=serve,1,7,71,36,51,75,27,36,60,9,15,100,3,3,8,54,37,69,29,15,51,43,52,120,71,36,51,46,32,69,57,68,120,B,,,,,,,,,,,,,,,,,,,,,,,,,,,,,,,,,,,,,,,,,,,,,,,,,,,,,,,,,,,,,,,,,,,,,,,,,,,,,,,
404,2026,ATP Masters 1000 Indian Wells,1000,2026-03-04T00:00:00,2026-03-15T00:00:00,Hard,96,9415725,$,MS007,Quarterfinals,01:06:14,"Game Set and Match Jannik Sinner. 
 Jannik Sinner wins the match  6-1  6-2 .",F,3,S0AG,L. Tien,J. Sinner,T0HA,S0AG,USA,ITA,25,2,"Game Set and Match Jannik Sinner. 
 Jannik Sinner wins the match  6-1  6-2 .",J. Sinner,L. Tien,2,25,ITA,USA,1-6,2-6,,,,01:06:14,206,/en/stats/leaderboard?page=serve,2,2,72,18,25,44,8,18,57,4,7,33,1,3,3,314,/en/stats/leaderboard?page=serve,0,6,65,15,23,80,12,15,63,5,8,0,0,0,4,58,/en/stats/leaderboard?page=return,20,3,15,38,3,8,0,0,0,4,232,/en/stats/leaderboard?page=return,56,10,18,43,3,7,67,2,3,3,48,12,25,26,6,23,38,18,48,74,17,23,52,13,25,63,30,48,,196.0,/en/stats/leaderboard?page=serve,3.0,2.0,46.0,11.0,24.0,55.0,6.0,11.0,46.0,6.0,13.0,0.0,0.0,2.0,4.0,300.0,/en/stats/leaderboard?page=serve,1.0,4.0,60.0,15.0,25.0,87.0,13.0,15.0,50.0,5.0,10.0,100.0,4.0,4.0,4.0,63.0,/en/stats/leaderboard?page=return,13.0,2.0,15.0,50.0,5.0,10.0,0.0,0.0,4.0,4.0,249.0,/en/stats/leaderboard?page=return,45.0,5.0,11.0,54.0,7.0,13.0,100.0,2.0,2.0,4.0,50.0,12.0,24.0,28.0,7.0,25.0,39.0,19.0,49.0,72.0,18.0,25.0,50.0,12.0,24.0,61.0,30.0,49.0,,198,/en/stats/leaderboard?page=serve,5,4,59,29,49,48,14,29,50,10,20,20,1,5,7,311,/en/stats/leaderboard?page=serve,1,10,63,30,48,83,25,30,56,10,18,100,4,4,8,49,24,49,27,13,48,38,37,97,73,35,48,51,25,49,62,60,97,B,,,,,,,,,,,,,,,,,,,,,,,,,,,,,,,,,,,,,,,,,,,,,,,,,,,,,,,,,,,,,,,,,,,,,,,,,,,,,,,
404,2026,ATP Masters 1000 Indian Wells,1000,2026-03-04T00:00:00,2026-03-15T00:00:00,Hard,96,9415725,$,MS008,Round of 16,01:30:22,"Game Set and Match Carlos Alcaraz. 
 Carlos Alcaraz wins the match  6-1  7-6(2).",F,3,A0E2,C. Alcaraz,C. Ruud,A0E2,RH16,ESP,NOR,1,13,"Game Set and Match Carlos Alcaraz. 
 Carlos Alcaraz wins the match  6-1  7-6(2).",C. Alcaraz,C. Ruud,1,13,ESP,NOR,6-1,7-6(2),,,,01:30:22,178,/en/stats/leaderboard?page=serve,0,5,65,26,40,54,14,26,29,4,14,63,5,8,4,324,/en/stats/leaderboard?page=serve,0,3,71,10,14,100,10,10,50,2,4,0,0,0,3,50,/en/stats/leaderboard?page=return,0,0,10,50,2,4,0,0,0,3,230,/en/stats/leaderboard?page=return,46,12,26,71,10,14,38,3,8,4,45,18,40,14,2,14,37,20,54,86,12,14,55,22,40,63,34,54,,289.0,/en/stats/leaderboard?page=serve,0.0,3.0,67.0,26.0,39.0,73.0,19.0,26.0,46.0,6.0,13.0,0.0,0.0,0.0,6.0,327.0,/en/stats/leaderboard?page=serve,1.0,4.0,68.0,23.0,34.0,83.0,19.0,23.0,73.0,8.0,11.0,0.0,0.0,0.0,6.0,44.0,/en/stats/leaderboard?page=return,17.0,4.0,23.0,27.0,3.0,11.0,0.0,0.0,0.0,6.0,81.0,/en/stats/leaderboard?page=return,27.0,7.0,26.0,54.0,7.0,13.0,0.0,0.0,0.0,6.0,64.0,25.0,39.0,21.0,7.0,34.0,44.0,32.0,73.0,79.0,27.0,34.0,36.0,14.0,39.0,56.0,41.0,73.0,2.0,244,/en/stats/leaderboard?page=serve,0,8,66,52,79,63,33,52,37,10,27,63,5,8,10,330,/en/stats/leaderboard?page=serve,1,7,69,33,48,88,29,33,67,10,15,0,0,0,9,54,43,79,19,9,48,41,52,127,81,39,48,46,36,79,59,75,127,A,,,,,,,,,,,,,,,,,,,,,,,,,,,,,,,,,,,,,,,,,,,,,,,,,,,,,,,,,,,,,,,,,,,,,,,,,,,,,,,
404,2026,ATP Masters 1000 Indian Wells,1000,2026-03-04T00:00:00,2026-03-15T00:00:00,Hard,96,9415725,$,MS009,Round of 16,01:16:32,"Game Set and Match Cameron Norrie. 
 Cameron Norrie wins the match  6-4  6-2 .",F,3,N771,R. Hijikata,C. Norrie,H0BH,N771,AUS,GBR,,27,"Game Set and Match Cameron Norrie. 
 Cameron Norrie wins the match  6-4  6-2 .",C. Norrie,R. Hijikata,27,,GBR,AUS,4-6,2-6,,,,01:16:32,275,/en/stats/leaderboard?page=serve,1,5,50,12,24,83,10,12,58,7,12,50,1,2,5,300,/en/stats/leaderboard?page=serve,1,2,58,18,31,72,13,18,69,9,13,100,1,1,5,59,/en/stats/leaderboard?page=return,28,5,18,31,4,13,0,0,1,5,129,/en/stats/leaderboard?page=return,17,2,12,42,5,12,50,1,2,5,71,17,24,29,9,31,47,26,55,71,22,31,29,7,24,53,29,55,,204.0,/en/stats/leaderboard?page=serve,1.0,3.0,68.0,17.0,25.0,71.0,12.0,17.0,13.0,1.0,8.0,50.0,2.0,4.0,4.0,310.0,/en/stats/leaderboard?page=serve,1.0,1.0,64.0,14.0,22.0,71.0,10.0,14.0,75.0,6.0,8.0,0.0,0.0,0.0,4.0,54.0,/en/stats/leaderboard?page=return,29.0,4.0,14.0,25.0,2.0,8.0,0.0,0.0,0.0,4.0,217.0,/en/stats/leaderboard?page=return,29.0,5.0,17.0,88.0,7.0,8.0,50.0,2.0,4.0,4.0,52.0,13.0,25.0,27.0,6.0,22.0,40.0,19.0,47.0,73.0,16.0,22.0,48.0,12.0,25.0,60.0,28.0,47.0,,247,/en/stats/leaderboard?page=serve,2,8,59,29,49,76,22,29,40,8,20,50,3,6,9,304,/en/stats/leaderboard?page=serve,2,3,60,32,53,72,23,32,71,15,21,100,1,1,9,61,30,49,28,15,53,44,45,102,72,38,53,39,19,49,56,57,102,B,,,,,,,,,,,,,,,,,,,,,,,,,,,,,,,,,,,,,,,,,,,,,,,,,,,,,,,,,,,,,,,,,,,,,,,,,,,,,,,
404,2026,ATP Masters 1000 Indian Wells,1000,2026-03-04T00:00:00,2026-03-15T00:00:00,Hard,96,9415725,$,MS010,Round of 16,02:35:34,"Game Set and Match Jack Draper. 
 Jack Draper wins the match  4-6  6-4  7-6(5).",F,3,D0CO,N. Djokovic,J. Draper,D643,D0CO,SRB,GBR,3,14,"Game Set and Match Jack Draper. 
 Jack Draper wins the match  4-6  6-4  7-6(5).",J. Draper,N. Djokovic,14,3,GBR,SRB,6-4,4-6,6-7(5),,,02:35:34,334,/en/stats/leaderboard?page=serve,0,1,65,15,23,93,14,15,75,6,8,0,0,0,5,269,/en/stats/leaderboard?page=serve,2,4,52,13,25,85,11,13,50,6,12,50,1,2,5,135,/en/stats/leaderboard?page=return,15,2,13,50,6,12,50,1,2,5,32,/en/stats/leaderboard?page=return,7,1,15,25,2,8,0,0,0,5,87,20,23,32,8,25,58,28,48,68,17,25,13,3,23,42,20,48,,250.0,/en/stats/leaderboard?page=serve,1.0,0.0,73.0,19.0,26.0,47.0,9.0,19.0,71.0,5.0,7.0,33.0,1.0,3.0,5.0,255.0,/en/stats/leaderboard?page=serve,2.0,6.0,65.0,26.0,40.0,77.0,20.0,26.0,29.0,4.0,14.0,50.0,1.0,2.0,5.0,164.0,/en/stats/leaderboard?page=return,23.0,6.0,26.0,71.0,10.0,14.0,50.0,1.0,2.0,5.0,189.0,/en/stats/leaderboard?page=return,53.0,10.0,19.0,29.0,2.0,7.0,67.0,2.0,3.0,5.0,54.0,14.0,26.0,40.0,16.0,40.0,45.0,30.0,66.0,60.0,24.0,40.0,46.0,12.0,26.0,55.0,36.0,66.0,,280,/en/stats/leaderboard?page=serve,2,4,66,62,94,65,40,62,66,21,32,57,4,7,16,270,/en/stats/leaderboard?page=serve,5,13,64,66,103,74,49,66,43,16,37,50,3,6,16,65,61,94,37,38,103,50,99,197,63,65,103,35,33,94,50,98,197,B,267.0,/en/stats/leaderboard?page=serve,1.0,3.0,62.0,28.0,45.0,61.0,17.0,28.0,59.0,10.0,17.0,75.0,3.0,4.0,6.0,278.0,/en/stats/leaderboard?page=serve,1.0,3.0,71.0,27.0,38.0,67.0,18.0,27.0,55.0,6.0,11.0,50.0,1.0,2.0,6.0,144.0,/en/stats/leaderboard?page=return,33.0,9.0,27.0,45.0,5.0,11.0,50.0,1.0,2.0,6.0,121.0,/en/stats/leaderboard?page=return,39.0,11.0,28.0,41.0,7.0,17.0,25.0,1.0,4.0,6.0,60.0,27.0,45.0,37.0,14.0,38.0,49.0,41.0,83.0,63.0,24.0,38.0,40.0,18.0,45.0,51.0,42.0,83.0,5.0,,
404,2026,ATP Masters 1000 Indian Wells,1000,2026-03-04T00:00:00,2026-03-15T00:00:00,Hard,96,9415725,$,MS011,Round of 16,01:27:58,"Game Set and Match Daniil Medvedev. 
 Daniil Medvedev wins the match  6-2  6-4 .",F,3,MM58,D. Medvedev,A. Michelsen,MM58,M0QI,RUS,USA,11,,"Game Set and Match Daniil Medvedev. 
 Daniil Medvedev wins the match  6-2  6-4 .",D. Medvedev,A. Michelsen,11,,RUS,USA,6-2,6-4,,,,01:27:58,146,/en/stats/leaderboard?page=serve,0,0,56,10,18,40,4,10,25,2,8,0,0,3,4,271,/en/stats/leaderboard?page=serve,0,1,77,23,30,61,14,23,57,4,7,50,1,2,4,157,/en/stats/leaderboard?page=return,39,9,23,43,3,7,50,1,2,4,310,/en/stats/leaderboard?page=return,60,6,10,75,6,8,100,3,3,4,33,6,18,40,12,30,38,18,48,60,18,30,67,12,18,63,30,48,,268.0,/en/stats/leaderboard?page=serve,1.0,1.0,71.0,29.0,41.0,59.0,17.0,29.0,58.0,7.0,12.0,86.0,6.0,7.0,5.0,290.0,/en/stats/leaderboard?page=serve,2.0,8.0,79.0,30.0,38.0,80.0,24.0,30.0,25.0,2.0,8.0,100.0,3.0,3.0,5.0,95.0,/en/stats/leaderboard?page=return,20.0,6.0,30.0,75.0,6.0,8.0,0.0,0.0,3.0,5.0,117.0,/en/stats/leaderboard?page=return,41.0,12.0,29.0,42.0,5.0,12.0,14.0,1.0,7.0,5.0,59.0,24.0,41.0,32.0,12.0,38.0,46.0,36.0,79.0,68.0,26.0,38.0,41.0,17.0,41.0,54.0,43.0,79.0,,220,/en/stats/leaderboard?page=serve,1,1,66,39,59,54,21,39,45,9,20,60,6,10,9,285,/en/stats/leaderboard?page=serve,2,9,78,53,68,72,38,53,40,6,15,80,4,5,9,51,30,59,35,24,68,43,54,127,65,44,68,49,29,59,57,73,127,A,,,,,,,,,,,,,,,,,,,,,,,,,,,,,,,,,,,,,,,,,,,,,,,,,,,,,,,,,,,,,,,,,,,,,,,,,,,,,,,
404,2026,ATP Masters 1000 Indian Wells,1000,2026-03-04T00:00:00,2026-03-15T00:00:00,Hard,96,9415725,$,MS012,Round of 16,01:51:35,"Game Set and Match Arthur Fils. 
 Arthur Fils wins the match  6-3  7-6(9).",F,3,F0F1,A. Fils,F. Auger-Aliassime,F0F1,AG37,FRA,CAN,30,9,"Game Set and Match Arthur Fils. 
 Arthur Fils wins the match  6-3  7-6(9).",A. Fils,F. Auger-Aliassime,30,9,FRA,CAN,6-3,7-6(9),,,,01:51:35,274,/en/stats/leaderboard?page=serve,1,4,72,18,25,67,12,18,57,4,7,67,2,3,4,323,/en/stats/leaderboard?page=serve,0,2,58,14,24,93,13,14,70,7,10,0,0,0,5,37,/en/stats/leaderboard?page=return,7,1,14,30,3,10,0,0,0,5,134,/en/stats/leaderboard?page=return,33,6,18,43,3,7,33,1,3,4,64,16,25,17,4,24,41,20,49,83,20,24,36,9,25,59,29,49,,279.0,/en/stats/leaderboard?page=serve,1.0,2.0,74.0,35.0,47.0,71.0,25.0,35.0,50.0,6.0,12.0,50.0,1.0,2.0,6.0,279.0,/en/stats/leaderboard?page=serve,1.0,3.0,63.0,29.0,46.0,72.0,21.0,29.0,59.0,10.0,17.0,75.0,3.0,4.0,6.0,110.0,/en/stats/leaderboard?page=return,28.0,8.0,29.0,41.0,7.0,17.0,25.0,1.0,4.0,6.0,145.0,/en/stats/leaderboard?page=return,29.0,10.0,35.0,50.0,6.0,12.0,50.0,1.0,2.0,6.0,66.0,31.0,47.0,33.0,15.0,46.0,49.0,46.0,93.0,67.0,31.0,46.0,34.0,16.0,47.0,51.0,47.0,93.0,9.0,281,/en/stats/leaderboard?page=serve,2,6,74,53,72,70,37,53,53,10,19,60,3,5,10,297,/en/stats/leaderboard?page=serve,1,5,61,43,70,79,34,43,63,17,27,75,3,4,11,65,47,72,27,19,70,46,66,142,73,51,70,35,25,72,54,76,142,A,,,,,,,,,,,,,,,,,,,,,,,,,,,,,,,,,,,,,,,,,,,,,,,,,,,,,,,,,,,,,,,,,,,,,,,,,,,,,,,
404,2026,ATP Masters 1000 Indian Wells,1000,2026-03-04T00:00:00,2026-03-15T00:00:00,Hard,96,9415725,$,MS013,Round of 16,01:29:39,"Game Set and Match Alexander Zverev. 
 Alexander Zverev wins the match  6-3  6-4 .",F,3,Z355,F. Tiafoe,A. Zverev,TD51,Z355,USA,GER,21,4,"Game Set and Match Alexander Zverev. 
 Alexander Zverev wins the match  6-3  6-4 .",A. Zverev,F. Tiafoe,4,21,GER,USA,3-6,4-6,,,,01:29:39,251,/en/stats/leaderboard?page=serve,2,2,54,15,28,60,9,15,62,8,13,50,1,2,4,294,/en/stats/leaderboard?page=serve,0,7,64,21,33,81,17,21,42,5,12,100,1,1,5,77,/en/stats/leaderboard?page=return,19,4,21,58,7,12,0,0,1,5,153,/en/stats/leaderboard?page=return,40,6,15,38,5,13,50,1,2,4,61,17,28,33,11,33,46,28,61,67,22,33,39,11,28,54,33,61,,276.0,/en/stats/leaderboard?page=serve,1.0,4.0,72.0,23.0,32.0,65.0,15.0,23.0,56.0,5.0,9.0,0.0,0.0,1.0,5.0,314.0,/en/stats/leaderboard?page=serve,1.0,7.0,77.0,23.0,30.0,74.0,17.0,23.0,57.0,4.0,7.0,100.0,1.0,1.0,5.0,69.0,/en/stats/leaderboard?page=return,26.0,6.0,23.0,43.0,3.0,7.0,0.0,0.0,1.0,5.0,199.0,/en/stats/leaderboard?page=return,35.0,8.0,23.0,44.0,4.0,9.0,100.0,1.0,1.0,5.0,63.0,20.0,32.0,30.0,9.0,30.0,47.0,29.0,62.0,70.0,21.0,30.0,38.0,12.0,32.0,53.0,33.0,62.0,,265,/en/stats/leaderboard?page=serve,3,6,63,38,60,63,24,38,59,13,22,33,1,3,9,307,/en/stats/leaderboard?page=serve,1,14,70,44,63,77,34,44,47,9,19,100,2,2,10,62,37,60,32,20,63,46,57,123,68,43,63,38,23,60,54,66,123,B,,,,,,,,,,,,,,,,,,,,,,,,,,,,,,,,,,,,,,,,,,,,,,,,,,,,,,,,,,,,,,,,,,,,,,,,,,,,,,,
404,2026,ATP Masters 1000 Indian Wells,1000,2026-03-04T00:00:00,2026-03-15T00:00:00,Hard,96,9415725,$,MS014,Round of 16,02:08:33,"Game Set and Match Learner Tien. 
 Learner Tien wins the match  4-6  6-1  7-6(4).",F,3,T0HA,L. Tien,A. Davidovich Fokina,T0HA,DH50,USA,ESP,25,18,"Game Set and Match Learner Tien. 
 Learner Tien wins the match  4-6  6-1  7-6(4).",L. Tien,A. Davidovich Fokina,25,18,USA,ESP,4-6,6-1,7-6(4),,,02:08:33,286,/en/stats/leaderboard?page=serve,2,2,81,29,36,76,22,29,29,2,7,0,0,0,5,258,/en/stats/leaderboard?page=serve,1,4,52,16,31,63,10,16,60,9,15,50,1,2,5,148,/en/stats/leaderboard?page=return,38,6,16,40,6,15,50,1,2,5,95,/en/stats/leaderboard?page=return,24,7,29,71,5,7,0,0,0,5,67,24,36,39,12,31,54,36,67,61,19,31,33,12,36,46,31,67,,148.0,/en/stats/leaderboard?page=serve,1.0,1.0,79.0,11.0,14.0,36.0,4.0,11.0,0.0,0.0,3.0,0.0,0.0,2.0,3.0,285.0,/en/stats/leaderboard?page=serve,1.0,2.0,64.0,23.0,36.0,74.0,17.0,23.0,46.0,6.0,13.0,0.0,0.0,0.0,4.0,80.0,/en/stats/leaderboard?page=return,26.0,6.0,23.0,54.0,7.0,13.0,0.0,0.0,0.0,4.0,330.0,/en/stats/leaderboard?page=return,64.0,7.0,11.0,100.0,3.0,3.0,100.0,2.0,2.0,3.0,29.0,4.0,14.0,36.0,13.0,36.0,34.0,17.0,50.0,64.0,23.0,36.0,71.0,10.0,14.0,66.0,33.0,50.0,,274,/en/stats/leaderboard?page=serve,4,8,71,62,87,66,41,62,48,12,25,0,0,2,14,283,/en/stats/leaderboard?page=serve,4,10,61,69,114,72,50,69,51,23,45,80,4,5,15,61,53,87,36,41,114,47,94,201,64,73,114,39,34,87,53,107,201,A,298.0,/en/stats/leaderboard?page=serve,1.0,5.0,59.0,22.0,37.0,68.0,15.0,22.0,67.0,10.0,15.0,0.0,0.0,0.0,6.0,290.0,/en/stats/leaderboard?page=serve,2.0,4.0,64.0,30.0,47.0,77.0,23.0,30.0,47.0,8.0,17.0,100.0,3.0,3.0,6.0,76.0,/en/stats/leaderboard?page=return,23.0,7.0,30.0,53.0,9.0,17.0,0.0,0.0,3.0,6.0,65.0,/en/stats/leaderboard?page=return,32.0,7.0,22.0,33.0,5.0,15.0,0.0,0.0,0.0,6.0,68.0,25.0,37.0,34.0,16.0,47.0,49.0,41.0,84.0,66.0,31.0,47.0,32.0,12.0,37.0,51.0,43.0,84.0,4.0,,
404,2026,ATP Masters 1000 Indian Wells,1000,2026-03-04T00:00:00,2026-03-15T00:00:00,Hard,96,9415725,$,MS015,Round of 16,02:01:40,"Game Set and Match Jannik Sinner. 
 Jannik Sinner wins the match  7-6(6) 7-6(4).",F,3,S0AG,J. Fonseca,J. Sinner,F0FV,S0AG,BRA,ITA,,2,"Game Set and Match Jannik Sinner. 
 Jannik Sinner wins the match  7-6(6) 7-6(4).",J. Sinner,J. Fonseca,2,,ITA,BRA,6-7(6),6-7(4),,,,02:01:40,306,/en/stats/leaderboard?page=serve,1,3,73,33,45,73,24,33,58,7,12,100,2,2,6,316,/en/stats/leaderboard?page=serve,0,7,58,22,38,95,21,22,56,9,16,100,1,1,6,49,/en/stats/leaderboard?page=return,5,1,22,44,7,16,0,0,1,6,69,/en/stats/leaderboard?page=return,27,9,33,42,5,12,0,0,2,6,69,31,45,21,8,38,47,39,83,79,30,38,31,14,45,53,44,83,6.0,287.0,/en/stats/leaderboard?page=serve,2.0,6.0,67.0,24.0,36.0,75.0,18.0,24.0,58.0,7.0,12.0,50.0,1.0,2.0,6.0,273.0,/en/stats/leaderboard?page=serve,1.0,8.0,59.0,22.0,37.0,77.0,17.0,22.0,47.0,7.0,15.0,0.0,0.0,1.0,6.0,192.0,/en/stats/leaderboard?page=return,23.0,5.0,22.0,53.0,8.0,15.0,100.0,1.0,1.0,6.0,133.0,/en/stats/leaderboard?page=return,25.0,6.0,24.0,42.0,5.0,12.0,50.0,1.0,2.0,6.0,69.0,25.0,36.0,35.0,13.0,37.0,52.0,38.0,73.0,65.0,24.0,37.0,31.0,11.0,36.0,48.0,35.0,73.0,4.0,299,/en/stats/leaderboard?page=serve,3,9,70,57,81,74,42,57,58,14,24,75,3,4,12,302,/en/stats/leaderboard?page=serve,1,15,59,44,75,86,38,44,52,16,31,50,1,2,12,69,56,81,28,21,75,49,77,156,72,54,75,31,25,81,51,79,156,B,,,,,,,,,,,,,,,,,,,,,,,,,,,,,,,,,,,,,,,,,,,,,,,,,,,,,,,,,,,,,,,,,,,,,,,,,,,,,,,
404,2026,ATP Masters 1000 Indian Wells,1000,2026-03-04T00:00:00,2026-03-15T00:00:00,Hard,96,9415725,$,MS016,Round of 32,02:18:25,"Game Set and Match Carlos Alcaraz. 
 Carlos Alcaraz wins the match  6-7(6) 6-3  6-2 .",F,3,A0E2,C. Alcaraz,A. Rinderknech,A0E2,RC91,ESP,FRA,1,26,"Game Set and Match Carlos Alcaraz. 
 Carlos Alcaraz wins the match  6-7(6) 6-3  6-2 .",C. Alcaraz,A. Rinderknech,1,26,ESP,FRA,6-7(6),6-3,6-2,,,02:18:25,298,/en/stats/leaderboard?page=serve,1,7,71,35,49,71,25,35,50,7,14,100,2,2,6,294,/en/stats/leaderboard?page=serve,3,1,67,28,42,79,22,28,50,7,14,100,3,3,6,71,/en/stats/leaderboard?page=return,21,6,28,50,7,14,0,0,3,6,79,/en/stats/leaderboard?page=return,29,10,35,50,7,14,0,0,2,6,65,32,49,31,13,42,49,45,91,69,29,42,35,17,49,51,46,91,,217.0,/en/stats/leaderboard?page=serve,0.0,3.0,76.0,22.0,29.0,59.0,13.0,22.0,29.0,2.0,7.0,71.0,5.0,7.0,4.0,267.0,/en/stats/leaderboard?page=serve,0.0,0.0,82.0,23.0,28.0,65.0,15.0,23.0,40.0,2.0,5.0,0.0,0.0,1.0,5.0,215.0,/en/stats/leaderboard?page=return,35.0,8.0,23.0,60.0,3.0,5.0,100.0,1.0,1.0,5.0,191.0,/en/stats/leaderboard?page=return,41.0,9.0,22.0,71.0,5.0,7.0,29.0,2.0,7.0,4.0,52.0,15.0,29.0,39.0,11.0,28.0,46.0,26.0,57.0,61.0,17.0,28.0,48.0,14.0,29.0,54.0,31.0,57.0,,255,/en/stats/leaderboard?page=serve,2,11,72,73,101,64,47,73,39,11,28,64,7,11,14,299,/en/stats/leaderboard?page=serve,3,3,76,65,86,78,51,65,52,11,21,75,3,4,15,57,58,101,28,24,86,44,82,187,72,62,86,43,43,101,56,105,187,A,205.0,/en/stats/leaderboard?page=serve,1.0,1.0,70.0,16.0,23.0,56.0,9.0,16.0,29.0,2.0,7.0,0.0,0.0,2.0,4.0,390.0,/en/stats/leaderboard?page=serve,0.0,2.0,88.0,14.0,16.0,100.0,14.0,14.0,100.0,2.0,2.0,0.0,0.0,0.0,4.0,0.0,/en/stats/leaderboard?page=return,0.0,0.0,14.0,0.0,0.0,2.0,0.0,0.0,0.0,4.0,265.0,/en/stats/leaderboard?page=return,44.0,7.0,16.0,71.0,5.0,7.0,100.0,2.0,2.0,4.0,48.0,11.0,23.0,0.0,0.0,16.0,28.0,11.0,39.0,100.0,16.0,16.0,52.0,12.0,23.0,72.0,28.0,39.0,,6.0,
404,2026,ATP Masters 1000 Indian Wells,1000,2026-03-04T00:00:00,2026-03-15T00:00:00,Hard,96,9415725,$,MS017,Round of 32,02:00:19,"Game Set and Match Casper Ruud. 
 Casper Ruud wins the match  3-6  6-3  6-4 .",F,3,RH16,V. Vacherot,C. Ruud,VA25,RH16,MON,NOR,24,13,"Game Set and Match Casper Ruud. 
 Casper Ruud wins the match  3-6  6-3  6-4 .",C. Ruud,V. Vacherot,13,24,NOR,MON,6-3,3-6,4-6,,,02:00:19,342,/en/stats/leaderboard?page=serve,1,5,76,19,25,79,15,19,83,5,6,0,0,0,5,256,/en/stats/leaderboard?page=serve,0,3,68,15,22,67,10,15,43,3,7,0,0,1,4,215,/en/stats/leaderboard?page=return,33,5,15,57,4,7,100,1,1,4,38,/en/stats/leaderboard?page=return,21,4,19,17,1,6,0,0,0,5,80,20,25,41,9,22,62,29,47,59,13,22,20,5,25,38,18,47,,236.0,/en/stats/leaderboard?page=serve,3.0,3.0,53.0,18.0,34.0,83.0,15.0,18.0,25.0,4.0,16.0,75.0,3.0,4.0,4.0,310.0,/en/stats/leaderboard?page=serve,2.0,1.0,74.0,23.0,31.0,74.0,17.0,23.0,63.0,5.0,8.0,100.0,3.0,3.0,5.0,64.0,/en/stats/leaderboard?page=return,26.0,6.0,23.0,38.0,3.0,8.0,0.0,0.0,3.0,5.0,142.0,/en/stats/leaderboard?page=return,17.0,3.0,18.0,75.0,12.0,16.0,25.0,1.0,4.0,4.0,56.0,19.0,34.0,29.0,9.0,31.0,43.0,28.0,65.0,71.0,22.0,31.0,44.0,15.0,34.0,57.0,37.0,65.0,,280,/en/stats/leaderboard?page=serve,6,12,63,52,82,79,41,52,47,14,30,60,3,5,14,303,/en/stats/leaderboard?page=serve,2,5,74,61,82,72,44,61,62,13,21,80,4,5,14,67,55,82,30,25,82,49,80,164,70,57,82,33,27,82,51,84,164,B,283.0,/en/stats/leaderboard?page=serve,2.0,4.0,65.0,15.0,23.0,73.0,11.0,15.0,63.0,5.0,8.0,0.0,0.0,1.0,5.0,337.0,/en/stats/leaderboard?page=serve,0.0,1.0,79.0,23.0,29.0,74.0,17.0,23.0,83.0,5.0,6.0,100.0,1.0,1.0,5.0,43.0,/en/stats/leaderboard?page=return,26.0,6.0,23.0,17.0,1.0,6.0,0.0,0.0,1.0,5.0,185.0,/en/stats/leaderboard?page=return,27.0,4.0,15.0,38.0,3.0,8.0,100.0,1.0,1.0,5.0,70.0,16.0,23.0,24.0,7.0,29.0,44.0,23.0,52.0,76.0,22.0,29.0,30.0,7.0,23.0,56.0,29.0,52.0,,,
404,2026,ATP Masters 1000 Indian Wells,1000,2026-03-04T00:00:00,2026-03-15T00:00:00,Hard,96,9415725,$,MS018,Round of 32,02:35:49,"Game Set and Match Rinky Hijikata. 
 Rinky Hijikata wins the match  6-7(3) 7-6(3) 6-3 .",F,3,H0BH,A. Bublik,R. Hijikata,BK92,H0BH,KAZ,AUS,10,,"Game Set and Match Rinky Hijikata. 
 Rinky Hijikata wins the match  6-7(3) 7-6(3) 6-3 .",R. Hijikata,A. Bublik,,10,AUS,KAZ,7-6(3),6-7(3),3-6,,,02:35:49,308,/en/stats/leaderboard?page=serve,2,9,69,34,49,79,27,34,53,8,15,100,4,4,6,310,/en/stats/leaderboard?page=serve,0,1,65,26,40,65,17,26,79,11,14,0,0,0,6,56,/en/stats/leaderboard?page=return,35,9,26,21,3,14,0,0,0,6,68,/en/stats/leaderboard?page=return,21,7,34,47,7,15,0,0,4,6,71,35,49,30,12,40,53,47,89,70,28,40,29,14,49,47,42,89,,293.0,/en/stats/leaderboard?page=serve,2.0,9.0,69.0,31.0,45.0,81.0,25.0,31.0,36.0,5.0,14.0,0.0,0.0,0.0,6.0,298.0,/en/stats/leaderboard?page=serve,2.0,4.0,67.0,29.0,43.0,86.0,25.0,29.0,43.0,6.0,14.0,0.0,0.0,0.0,6.0,71.0,/en/stats/leaderboard?page=return,14.0,4.0,29.0,57.0,8.0,14.0,0.0,0.0,0.0,6.0,83.0,/en/stats/leaderboard?page=return,19.0,6.0,31.0,64.0,9.0,14.0,0.0,0.0,0.0,6.0,67.0,30.0,45.0,28.0,12.0,43.0,48.0,42.0,88.0,72.0,31.0,43.0,33.0,15.0,45.0,52.0,46.0,88.0,3.0,295,/en/stats/leaderboard?page=serve,5,19,66,80,121,78,62,80,44,18,41,86,6,7,16,302,/en/stats/leaderboard?page=serve,3,8,63,73,115,77,56,73,57,24,42,0,0,0,17,66,80,121,30,35,115,49,115,236,70,80,115,34,41,121,51,121,236,B,240.0,/en/stats/leaderboard?page=serve,1.0,1.0,56.0,15.0,27.0,67.0,10.0,15.0,42.0,5.0,12.0,67.0,2.0,3.0,4.0,286.0,/en/stats/leaderboard?page=serve,1.0,3.0,56.0,18.0,32.0,78.0,14.0,18.0,50.0,7.0,14.0,0.0,0.0,0.0,5.0,72.0,/en/stats/leaderboard?page=return,22.0,4.0,18.0,50.0,7.0,14.0,0.0,0.0,0.0,5.0,149.0,/en/stats/leaderboard?page=return,33.0,5.0,15.0,58.0,7.0,12.0,33.0,1.0,3.0,4.0,56.0,15.0,27.0,34.0,11.0,32.0,44.0,26.0,59.0,66.0,21.0,32.0,44.0,12.0,27.0,56.0,33.0,59.0,,3.0,
404,2026,ATP Masters 1000 Indian Wells,1000,2026-03-04T00:00:00,2026-03-15T00:00:00,Hard,96,9415725,$,MS019,Round of 32,01:39:08,"Game Set and Match Cameron Norrie. 
 Cameron Norrie wins the match  6-4  6-4 .",F,3,N771,C. Norrie,A. de Minaur,N771,DH58,GBR,AUS,27,6,"Game Set and Match Cameron Norrie. 
 Cameron Norrie wins the match  6-4  6-4 .",C. Norrie,A. de Minaur,27,6,GBR,AUS,6-4,6-4,,,,01:39:08,267,/en/stats/leaderboard?page=serve,1,2,63,20,32,65,13,20,58,7,12,0,0,1,5,291,/en/stats/leaderboard?page=serve,0,1,62,24,39,75,18,24,53,8,15,100,4,4,5,72,/en/stats/leaderboard?page=return,25,6,24,47,7,15,0,0,4,5,197,/en/stats/leaderboard?page=return,35,7,20,42,5,12,100,1,1,5,63,20,32,33,13,39,46,33,71,67,26,39,38,12,32,54,38,71,,217.0,/en/stats/leaderboard?page=serve,3.0,3.0,60.0,15.0,25.0,67.0,10.0,15.0,30.0,3.0,10.0,33.0,1.0,3.0,5.0,262.0,/en/stats/leaderboard?page=serve,0.0,1.0,55.0,17.0,31.0,76.0,13.0,17.0,50.0,7.0,14.0,67.0,2.0,3.0,5.0,127.0,/en/stats/leaderboard?page=return,24.0,4.0,17.0,50.0,7.0,14.0,33.0,1.0,3.0,5.0,210.0,/en/stats/leaderboard?page=return,33.0,5.0,15.0,70.0,7.0,10.0,67.0,2.0,3.0,5.0,52.0,13.0,25.0,35.0,11.0,31.0,43.0,24.0,56.0,65.0,20.0,31.0,48.0,12.0,25.0,57.0,32.0,56.0,,243,/en/stats/leaderboard?page=serve,4,5,61,35,57,66,23,35,45,10,22,25,1,4,10,279,/en/stats/leaderboard?page=serve,0,2,59,41,70,76,31,41,52,15,29,86,6,7,10,58,33,57,34,24,70,45,57,127,66,46,70,42,24,57,55,70,127,A,,,,,,,,,,,,,,,,,,,,,,,,,,,,,,,,,,,,,,,,,,,,,,,,,,,,,,,,,,,,,,,,,,,,,,,,,,,,,,,
404,2026,ATP Masters 1000 Indian Wells,1000,2026-03-04T00:00:00,2026-03-15T00:00:00,Hard,96,9415725,$,MS020,Round of 32,02:02:46,"Game Set and Match Novak Djokovic. 
 Novak Djokovic wins the match  6-4  1-6  6-4 .",F,3,D643,N. Djokovic,A. Kovacevic,D643,K0AZ,SRB,USA,3,,"Game Set and Match Novak Djokovic. 
 Novak Djokovic wins the match  6-4  1-6  6-4 .",N. Djokovic,A. Kovacevic,3,,SRB,USA,6-4,1-6,6-4,,,02:02:46,298,/en/stats/leaderboard?page=serve,0,7,59,13,22,85,11,13,67,6,9,0,0,1,5,309,/en/stats/leaderboard?page=serve,2,4,64,18,28,83,15,18,60,6,10,100,1,1,5,57,/en/stats/leaderboard?page=return,17,3,18,40,4,10,0,0,1,5,168,/en/stats/leaderboard?page=return,15,2,13,33,3,9,100,1,1,5,77,17,22,25,7,28,48,24,50,75,21,28,23,5,22,52,26,50,,282.0,/en/stats/leaderboard?page=serve,1.0,6.0,53.0,20.0,38.0,85.0,17.0,20.0,39.0,7.0,18.0,100.0,2.0,2.0,4.0,179.0,/en/stats/leaderboard?page=serve,2.0,1.0,53.0,9.0,17.0,44.0,4.0,9.0,50.0,4.0,8.0,33.0,1.0,3.0,3.0,239.0,/en/stats/leaderboard?page=return,56.0,5.0,9.0,50.0,4.0,8.0,67.0,2.0,3.0,3.0,76.0,/en/stats/leaderboard?page=return,15.0,3.0,20.0,61.0,11.0,18.0,0.0,0.0,2.0,4.0,63.0,24.0,38.0,53.0,9.0,17.0,60.0,33.0,55.0,47.0,8.0,17.0,37.0,14.0,38.0,40.0,22.0,55.0,,282,/en/stats/leaderboard?page=serve,1,16,56,54,96,78,42,54,48,20,42,67,4,6,14,286,/en/stats/leaderboard?page=serve,4,6,63,44,70,75,33,44,62,16,26,50,2,4,13,65,62,96,30,21,70,50,83,166,70,49,70,35,34,96,50,83,166,A,255.0,/en/stats/leaderboard?page=serve,0.0,3.0,58.0,21.0,36.0,67.0,14.0,21.0,47.0,7.0,15.0,67.0,2.0,3.0,5.0,326.0,/en/stats/leaderboard?page=serve,0.0,1.0,68.0,17.0,25.0,82.0,14.0,17.0,75.0,6.0,8.0,0.0,0.0,0.0,5.0,43.0,/en/stats/leaderboard?page=return,18.0,3.0,17.0,25.0,2.0,8.0,0.0,0.0,0.0,5.0,139.0,/en/stats/leaderboard?page=return,33.0,7.0,21.0,53.0,8.0,15.0,33.0,1.0,3.0,5.0,58.0,21.0,36.0,20.0,5.0,25.0,43.0,26.0,61.0,80.0,20.0,25.0,42.0,15.0,36.0,57.0,35.0,61.0,,,
404,2026,ATP Masters 1000 Indian Wells,1000,2026-03-04T00:00:00,2026-03-15T00:00:00,Hard,96,9415725,$,MS021,Round of 32,01:18:40,"Game Set and Match Jack Draper. 
 Jack Draper wins the match  6-1  7-5 .",F,3,D0CO,F. Cerundolo,J. Draper,C0AU,D0CO,ARG,GBR,19,14,"Game Set and Match Jack Draper. 
 Jack Draper wins the match  6-1  7-5 .",J. Draper,F. Cerundolo,14,19,GBR,ARG,1-6,5-7,,,,01:18:40,176,/en/stats/leaderboard?page=serve,1,0,61,20,33,45,9,20,46,6,13,67,6,9,4,268,/en/stats/leaderboard?page=serve,3,3,75,15,20,93,14,15,0,0,5,0,0,0,3,107,/en/stats/leaderboard?page=return,7,1,15,100,5,5,0,0,0,3,217,/en/stats/leaderboard?page=return,55,11,20,54,7,13,33,3,9,4,45,15,33,30,6,20,40,21,53,70,14,20,55,18,33,60,32,53,,220.0,/en/stats/leaderboard?page=serve,2.0,1.0,58.0,19.0,33.0,63.0,12.0,19.0,50.0,7.0,14.0,40.0,2.0,5.0,6.0,253.0,/en/stats/leaderboard?page=serve,1.0,1.0,61.0,19.0,31.0,68.0,13.0,19.0,58.0,7.0,12.0,50.0,2.0,4.0,6.0,157.0,/en/stats/leaderboard?page=return,32.0,6.0,19.0,42.0,5.0,12.0,50.0,2.0,4.0,6.0,197.0,/en/stats/leaderboard?page=return,37.0,7.0,19.0,50.0,7.0,14.0,60.0,3.0,5.0,6.0,58.0,19.0,33.0,35.0,11.0,31.0,47.0,30.0,64.0,65.0,20.0,31.0,42.0,14.0,33.0,53.0,34.0,64.0,,199,/en/stats/leaderboard?page=serve,3,1,59,39,66,54,21,39,48,13,27,57,8,14,10,264,/en/stats/leaderboard?page=serve,4,4,67,34,51,79,27,34,41,7,17,50,2,4,9,52,34,66,33,17,51,44,51,117,67,34,51,48,32,66,56,66,117,B,,,,,,,,,,,,,,,,,,,,,,,,,,,,,,,,,,,,,,,,,,,,,,,,,,,,,,,,,,,,,,,,,,,,,,,,,,,,,,,
404,2026,ATP Masters 1000 Indian Wells,1000,2026-03-04T00:00:00,2026-03-15T00:00:00,Hard,96,9415725,$,MS022,Round of 32,01:18:55,"Game Set and Match Daniil Medvedev. 
 Daniil Medvedev wins the match  6-4  6-0 .",F,3,MM58,D. Medvedev,S. Baez,MM58,B0BI,RUS,ARG,11,,"Game Set and Match Daniil Medvedev. 
 Daniil Medvedev wins the match  6-4  6-0 .",D. Medvedev,S. Baez,11,,RUS,ARG,6-4,6-0,,,,01:18:55,265,/en/stats/leaderboard?page=serve,0,0,80,36,45,61,22,36,44,4,9,86,6,7,5,297,/en/stats/leaderboard?page=serve,0,2,72,26,36,73,19,26,50,5,10,100,2,2,5,77,/en/stats/leaderboard?page=return,27,7,26,50,5,10,0,0,2,5,129,/en/stats/leaderboard?page=return,39,14,36,56,5,9,14,1,7,5,58,26,45,33,12,36,47,38,81,67,24,36,42,19,45,53,43,81,,124.0,/en/stats/leaderboard?page=serve,0.0,0.0,71.0,12.0,17.0,33.0,4.0,12.0,20.0,1.0,5.0,50.0,3.0,6.0,3.0,333.0,/en/stats/leaderboard?page=serve,1.0,1.0,81.0,13.0,16.0,85.0,11.0,13.0,67.0,2.0,3.0,100.0,2.0,2.0,3.0,48.0,/en/stats/leaderboard?page=return,15.0,2.0,13.0,33.0,1.0,3.0,0.0,0.0,2.0,3.0,297.0,/en/stats/leaderboard?page=return,67.0,8.0,12.0,80.0,4.0,5.0,50.0,3.0,6.0,3.0,29.0,5.0,17.0,19.0,3.0,16.0,24.0,8.0,33.0,81.0,13.0,16.0,71.0,12.0,17.0,76.0,25.0,33.0,,217,/en/stats/leaderboard?page=serve,0,0,77,48,62,54,26,48,36,5,14,69,9,13,8,308,/en/stats/leaderboard?page=serve,1,3,75,39,52,77,30,39,54,7,13,100,4,4,8,50,31,62,29,15,52,40,46,114,71,37,52,50,31,62,60,68,114,A,,,,,,,,,,,,,,,,,,,,,,,,,,,,,,,,,,,,,,,,,,,,,,,,,,,,,,,,,,,,,,,,,,,,,,,,,,,,,,,
404,2026,ATP Masters 1000 Indian Wells,1000,2026-03-04T00:00:00,2026-03-15T00:00:00,Hard,96,9415725,$,MS023,Round of 32,01:39:56,"Game Set and Match Alex Michelsen. 
 Alex Michelsen wins the match  6-4  7-6(6).",F,3,M0QI,A. Michelsen,T. Fritz,M0QI,FB98,USA,USA,,7,"Game Set and Match Alex Michelsen. 
 Alex Michelsen wins the match  6-4  7-6(6).",A. Michelsen,T. Fritz,,7,USA,USA,6-4,7-6(6),,,,01:39:56,263,/en/stats/leaderboard?page=serve,0,5,66,21,32,76,16,21,36,4,11,75,3,4,5,318,/en/stats/leaderboard?page=serve,0,5,70,21,30,76,16,21,67,6,9,100,3,3,5,57,/en/stats/leaderboard?page=return,24,5,21,33,3,9,0,0,3,5,133,/en/stats/leaderboard?page=return,24,5,21,64,7,11,25,1,4,5,63,20,32,27,8,30,45,28,62,73,22,30,38,12,32,55,34,62,,275.0,/en/stats/leaderboard?page=serve,0.0,7.0,73.0,33.0,45.0,70.0,23.0,33.0,42.0,5.0,12.0,80.0,4.0,5.0,6.0,278.0,/en/stats/leaderboard?page=serve,1.0,4.0,71.0,34.0,48.0,71.0,24.0,34.0,50.0,7.0,14.0,80.0,4.0,5.0,6.0,115.0,/en/stats/leaderboard?page=return,29.0,10.0,34.0,50.0,7.0,14.0,20.0,1.0,5.0,6.0,124.0,/en/stats/leaderboard?page=return,30.0,10.0,33.0,58.0,7.0,12.0,20.0,1.0,5.0,6.0,62.0,28.0,45.0,35.0,17.0,48.0,48.0,45.0,93.0,65.0,31.0,48.0,38.0,17.0,45.0,52.0,48.0,93.0,6.0,274,/en/stats/leaderboard?page=serve,0,12,70,54,77,72,39,54,39,9,23,78,7,9,11,299,/en/stats/leaderboard?page=serve,1,9,71,55,78,73,40,55,57,13,23,88,7,8,11,62,48,77,32,25,78,47,73,155,68,53,78,38,29,77,53,82,155,A,,,,,,,,,,,,,,,,,,,,,,,,,,,,,,,,,,,,,,,,,,,,,,,,,,,,,,,,,,,,,,,,,,,,,,,,,,,,,,,
404,2026,ATP Masters 1000 Indian Wells,1000,2026-03-04T00:00:00,2026-03-15T00:00:00,Hard,96,9415725,$,MS024,Round of 32,01:23:51,"Game Set and Match Arthur Fils. 
 Arthur Fils wins the match  6-3  7-5 .",F,3,F0F1,M. Fucsovics,A. Fils,F724,F0F1,HUN,FRA,,30,"Game Set and Match Arthur Fils. 
 Arthur Fils wins the match  6-3  7-5 .",A. Fils,M. Fucsovics,30,,FRA,HUN,3-6,5-7,,,,01:23:51,263,/en/stats/leaderboard?page=serve,1,3,47,9,19,89,8,9,50,5,10,0,0,1,4,309,/en/stats/leaderboard?page=serve,0,0,58,15,26,87,13,15,64,7,11,0,0,0,5,49,/en/stats/leaderboard?page=return,13,2,15,36,4,11,0,0,0,5,186,/en/stats/leaderboard?page=return,11,1,9,50,5,10,100,1,1,4,68,13,19,23,6,26,42,19,45,77,20,26,32,6,19,58,26,45,,262.0,/en/stats/leaderboard?page=serve,3.0,7.0,61.0,27.0,44.0,85.0,23.0,27.0,29.0,5.0,17.0,86.0,6.0,7.0,6.0,335.0,/en/stats/leaderboard?page=serve,0.0,4.0,62.0,18.0,29.0,78.0,14.0,18.0,91.0,10.0,11.0,0.0,0.0,0.0,6.0,31.0,/en/stats/leaderboard?page=return,22.0,4.0,18.0,9.0,1.0,11.0,0.0,0.0,0.0,6.0,116.0,/en/stats/leaderboard?page=return,15.0,4.0,27.0,71.0,12.0,17.0,14.0,1.0,7.0,6.0,64.0,28.0,44.0,17.0,5.0,29.0,45.0,33.0,73.0,83.0,24.0,29.0,36.0,16.0,44.0,55.0,40.0,73.0,,266,/en/stats/leaderboard?page=serve,4,10,57,36,63,86,31,36,37,10,27,75,6,8,10,323,/en/stats/leaderboard?page=serve,0,4,60,33,55,82,27,33,77,17,22,0,0,0,11,65,41,63,20,11,55,44,52,118,80,44,55,35,22,63,56,66,118,B,,,,,,,,,,,,,,,,,,,,,,,,,,,,,,,,,,,,,,,,,,,,,,,,,,,,,,,,,,,,,,,,,,,,,,,,,,,,,,,
404,2026,ATP Masters 1000 Indian Wells,1000,2026-03-04T00:00:00,2026-03-15T00:00:00,Hard,96,9415725,$,MS025,Round of 32,02:27:28,"Game Set and Match Felix Auger-Aliassime. 
 Felix Auger-Aliassime wins the match  6-7(5) 6-3  6-3 .",F,3,AG37,G. Diallo,F. Auger-Aliassime,D0F6,AG37,CAN,CAN,,9,"Game Set and Match Felix Auger-Aliassime. 
 Felix Auger-Aliassime wins the match  6-7(5) 6-3  6-3 .",F. Auger-Aliassime,G. Diallo,9,,CAN,CAN,7-6(5),3-6,3-6,,,02:27:28,286,/en/stats/leaderboard?page=serve,0,7,76,29,38,76,22,29,44,4,9,0,0,1,6,274,/en/stats/leaderboard?page=serve,5,3,60,24,40,83,20,24,50,8,16,50,1,2,6,133,/en/stats/leaderboard?page=return,17,4,24,50,8,16,50,1,2,6,196,/en/stats/leaderboard?page=return,24,7,29,56,5,9,100,1,1,6,68,26,38,30,12,40,49,38,78,70,28,40,32,12,38,51,40,78,,307.0,/en/stats/leaderboard?page=serve,0.0,2.0,77.0,17.0,22.0,53.0,9.0,17.0,100.0,5.0,5.0,50.0,1.0,2.0,4.0,306.0,/en/stats/leaderboard?page=serve,0.0,2.0,68.0,21.0,31.0,76.0,16.0,21.0,60.0,6.0,10.0,100.0,2.0,2.0,5.0,64.0,/en/stats/leaderboard?page=return,24.0,5.0,21.0,40.0,4.0,10.0,0.0,0.0,2.0,5.0,122.0,/en/stats/leaderboard?page=return,47.0,8.0,17.0,0.0,0.0,5.0,50.0,1.0,2.0,4.0,64.0,14.0,22.0,29.0,9.0,31.0,43.0,23.0,53.0,71.0,22.0,31.0,36.0,8.0,22.0,57.0,30.0,53.0,,282,/en/stats/leaderboard?page=serve,0,11,79,71,90,66,47,71,53,10,19,43,3,7,15,299,/en/stats/leaderboard?page=serve,5,9,65,62,96,81,50,62,56,19,34,75,3,4,15,63,57,90,28,27,96,45,84,186,72,69,96,37,33,90,55,102,186,B,229.0,/en/stats/leaderboard?page=serve,0.0,2.0,83.0,25.0,30.0,64.0,16.0,25.0,20.0,1.0,5.0,50.0,2.0,4.0,5.0,317.0,/en/stats/leaderboard?page=serve,0.0,4.0,68.0,17.0,25.0,82.0,14.0,17.0,63.0,5.0,8.0,0.0,0.0,0.0,4.0,56.0,/en/stats/leaderboard?page=return,18.0,3.0,17.0,38.0,3.0,8.0,0.0,0.0,0.0,4.0,206.0,/en/stats/leaderboard?page=return,36.0,9.0,25.0,80.0,4.0,5.0,50.0,2.0,4.0,5.0,57.0,17.0,30.0,24.0,6.0,25.0,42.0,23.0,55.0,76.0,19.0,25.0,43.0,13.0,30.0,58.0,32.0,55.0,,5.0,
404,2026,ATP Masters 1000 Indian Wells,1000,2026-03-04T00:00:00,2026-03-15T00:00:00,Hard,96,9415725,$,MS026,Round of 32,01:07:56,"Game Set and Match Frances Tiafoe. 
 Frances Tiafoe wins the match  6-1  6-2 .",F,3,TD51,F. Cobolli,F. Tiafoe,C0E9,TD51,ITA,USA,15,21,"Game Set and Match Frances Tiafoe. 
 Frances Tiafoe wins the match  6-1  6-2 .",F. Tiafoe,F. Cobolli,21,15,USA,ITA,1-6,2-6,,,,01:07:56,171,/en/stats/leaderboard?page=serve,0,0,59,10,17,50,5,10,29,2,7,50,2,4,3,292,/en/stats/leaderboard?page=serve,0,3,52,15,29,80,12,15,57,8,14,100,2,2,4,63,/en/stats/leaderboard?page=return,20,3,15,43,6,14,0,0,2,4,237,/en/stats/leaderboard?page=return,50,5,10,71,5,7,50,2,4,3,41,7,17,31,9,29,35,16,46,69,20,29,59,10,17,65,30,46,,207.0,/en/stats/leaderboard?page=serve,0.0,1.0,58.0,15.0,26.0,53.0,8.0,15.0,45.0,5.0,11.0,60.0,3.0,5.0,4.0,297.0,/en/stats/leaderboard?page=serve,1.0,4.0,67.0,18.0,27.0,83.0,15.0,18.0,44.0,4.0,9.0,100.0,3.0,3.0,4.0,73.0,/en/stats/leaderboard?page=return,17.0,3.0,18.0,56.0,5.0,9.0,0.0,0.0,3.0,4.0,192.0,/en/stats/leaderboard?page=return,47.0,7.0,15.0,55.0,6.0,11.0,40.0,2.0,5.0,4.0,50.0,13.0,26.0,30.0,8.0,27.0,40.0,21.0,53.0,70.0,19.0,27.0,50.0,13.0,26.0,60.0,32.0,53.0,,192,/en/stats/leaderboard?page=serve,0,1,58,25,43,52,13,25,39,7,18,56,5,9,7,299,/en/stats/leaderboard?page=serve,1,7,59,33,56,82,27,33,52,12,23,100,5,5,8,47,20,43,30,17,56,37,37,99,70,39,56,53,23,43,63,62,99,B,,,,,,,,,,,,,,,,,,,,,,,,,,,,,,,,,,,,,,,,,,,,,,,,,,,,,,,,,,,,,,,,,,,,,,,,,,,,,,,
404,2026,ATP Masters 1000 Indian Wells,1000,2026-03-04T00:00:00,2026-03-15T00:00:00,Hard,96,9415725,$,MS027,Round of 32,02:31:00,"Game Set and Match Alexander Zverev. 
 Alexander Zverev wins the match  7-6(2) 5-7  6-4 .",F,3,Z355,B. Nakashima,A. Zverev,N0AE,Z355,USA,GER,28,4,"Game Set and Match Alexander Zverev. 
 Alexander Zverev wins the match  7-6(2) 5-7  6-4 .",A. Zverev,B. Nakashima,4,28,GER,USA,6-7(2),7-5,4-6,,,02:31:00,306,/en/stats/leaderboard?page=serve,0,7,71,25,35,88,22,25,40,4,10,0,0,0,6,303,/en/stats/leaderboard?page=serve,1,7,74,32,43,78,25,32,45,5,11,100,2,2,6,77,/en/stats/leaderboard?page=return,22,7,32,55,6,11,0,0,2,6,72,/en/stats/leaderboard?page=return,12,3,25,60,6,10,0,0,0,6,74,26,35,30,13,43,50,39,78,70,30,43,26,9,35,50,39,78,2.0,306.0,/en/stats/leaderboard?page=serve,1.0,4.0,72.0,26.0,36.0,81.0,21.0,26.0,50.0,5.0,10.0,0.0,0.0,0.0,6.0,277.0,/en/stats/leaderboard?page=serve,1.0,5.0,82.0,28.0,34.0,75.0,21.0,28.0,33.0,2.0,6.0,67.0,2.0,3.0,6.0,141.0,/en/stats/leaderboard?page=return,25.0,7.0,28.0,67.0,4.0,6.0,33.0,1.0,3.0,6.0,69.0,/en/stats/leaderboard?page=return,19.0,5.0,26.0,50.0,5.0,10.0,0.0,0.0,0.0,6.0,72.0,26.0,36.0,32.0,11.0,34.0,53.0,37.0,70.0,68.0,23.0,34.0,28.0,10.0,36.0,47.0,33.0,70.0,,302,/en/stats/leaderboard?page=serve,2,17,73,77,105,81,62,77,39,11,28,75,3,4,17,310,/en/stats/leaderboard?page=serve,2,15,76,77,101,81,62,77,46,11,24,80,4,5,17,70,73,105,28,28,101,49,101,206,72,73,101,30,32,105,51,105,206,B,259.0,/en/stats/leaderboard?page=serve,1.0,6.0,76.0,26.0,34.0,73.0,19.0,26.0,25.0,2.0,8.0,75.0,3.0,4.0,5.0,325.0,/en/stats/leaderboard?page=serve,0.0,3.0,71.0,17.0,24.0,94.0,16.0,17.0,57.0,4.0,7.0,0.0,0.0,0.0,5.0,49.0,/en/stats/leaderboard?page=return,6.0,1.0,17.0,43.0,3.0,7.0,0.0,0.0,0.0,5.0,147.0,/en/stats/leaderboard?page=return,27.0,7.0,26.0,75.0,6.0,8.0,25.0,1.0,4.0,5.0,62.0,21.0,34.0,17.0,4.0,24.0,43.0,25.0,58.0,83.0,20.0,24.0,38.0,13.0,34.0,57.0,33.0,58.0,,,
404,2026,ATP Masters 1000 Indian Wells,1000,2026-03-04T00:00:00,2026-03-15T00:00:00,Hard,96,9415725,$,MS028,Round of 32,02:09:43,"Game Set and Match Learner Tien. 
 Learner Tien wins the match  7-6(3) 4-6  6-3 .",F,3,T0HA,B. Shelton,L. Tien,S0S1,T0HA,USA,USA,8,25,"Game Set and Match Learner Tien. 
 Learner Tien wins the match  7-6(3) 4-6  6-3 .",L. Tien,B. Shelton,25,8,USA,USA,6-7(3),6-4,3-6,,,02:09:43,300,/en/stats/leaderboard?page=serve,2,3,64,28,44,79,22,28,56,9,16,100,4,4,6,325,/en/stats/leaderboard?page=serve,2,6,71,30,42,83,25,30,67,8,12,0,0,0,6,50,/en/stats/leaderboard?page=return,17,5,30,33,4,12,0,0,0,6,65,/en/stats/leaderboard?page=return,21,6,28,44,7,16,0,0,4,6,70,31,44,21,9,42,47,40,86,79,33,42,30,13,44,53,46,86,3.0,306.0,/en/stats/leaderboard?page=serve,0.0,1.0,63.0,17.0,27.0,82.0,14.0,17.0,60.0,6.0,10.0,0.0,0.0,0.0,5.0,251.0,/en/stats/leaderboard?page=serve,6.0,4.0,56.0,19.0,34.0,84.0,16.0,19.0,33.0,5.0,15.0,80.0,4.0,5.0,5.0,123.0,/en/stats/leaderboard?page=return,16.0,3.0,19.0,67.0,10.0,15.0,20.0,1.0,5.0,5.0,58.0,/en/stats/leaderboard?page=return,18.0,3.0,17.0,40.0,4.0,10.0,0.0,0.0,0.0,5.0,74.0,20.0,27.0,38.0,13.0,34.0,54.0,33.0,61.0,62.0,21.0,34.0,26.0,7.0,27.0,46.0,28.0,61.0,,294,/en/stats/leaderboard?page=serve,3,8,63,63,100,71,45,63,62,23,37,88,7,8,15,298,/en/stats/leaderboard?page=serve,10,15,67,71,106,82,58,71,51,18,35,83,5,6,16,68,68,100,28,30,106,48,98,206,72,76,106,32,32,100,52,108,206,B,263.0,/en/stats/leaderboard?page=serve,1.0,4.0,62.0,18.0,29.0,50.0,9.0,18.0,73.0,8.0,11.0,75.0,3.0,4.0,4.0,316.0,/en/stats/leaderboard?page=serve,2.0,5.0,73.0,22.0,30.0,77.0,17.0,22.0,63.0,5.0,8.0,100.0,1.0,1.0,5.0,61.0,/en/stats/leaderboard?page=return,23.0,5.0,22.0,38.0,3.0,8.0,0.0,0.0,1.0,5.0,127.0,/en/stats/leaderboard?page=return,50.0,9.0,18.0,27.0,3.0,11.0,25.0,1.0,4.0,4.0,59.0,17.0,29.0,27.0,8.0,30.0,42.0,25.0,59.0,73.0,22.0,30.0,41.0,12.0,29.0,58.0,34.0,59.0,,,
404,2026,ATP Masters 1000 Indian Wells,1000,2026-03-04T00:00:00,2026-03-15T00:00:00,Hard,96,9415725,$,MS029,Round of 32,02:05:03,Winner: A. DAVIDOVICH FOKINA,F,3,DH50,A. Davidovich Fokina,J. Mensik,DH50,M0NI,ESP,CZE,18,12,Winner: A. DAVIDOVICH FOKINA,A. Davidovich Fokina,J. Mensik,18,12,ESP,CZE,6-2,4-6,6-2,,,02:05:03,208,/en/stats/leaderboard?page=serve,1,2,62,16,26,75,12,16,20,2,10,60,3,5,4,312,/en/stats/leaderboard?page=serve,0,1,73,16,22,88,14,16,50,3,6,0,0,0,4,63,/en/stats/leaderboard?page=return,13,2,16,50,3,6,0,0,0,4,195,/en/stats/leaderboard?page=return,25,4,16,80,8,10,40,2,5,4,54,14,26,23,5,22,40,19,48,77,17,22,46,12,26,60,29,48,,278.0,/en/stats/leaderboard?page=serve,2.0,5.0,64.0,16.0,25.0,75.0,12.0,16.0,56.0,5.0,9.0,0.0,0.0,1.0,5.0,228.0,/en/stats/leaderboard?page=serve,0.0,1.0,56.0,15.0,27.0,53.0,8.0,15.0,58.0,7.0,12.0,33.0,1.0,3.0,5.0,196.0,/en/stats/leaderboard?page=return,47.0,7.0,15.0,42.0,5.0,12.0,67.0,2.0,3.0,5.0,189.0,/en/stats/leaderboard?page=return,25.0,4.0,16.0,44.0,4.0,9.0,100.0,1.0,1.0,5.0,68.0,17.0,25.0,44.0,12.0,27.0,56.0,29.0,52.0,56.0,15.0,27.0,32.0,8.0,25.0,44.0,23.0,52.0,,228,/en/stats/leaderboard?page=serve,5,8,59,46,78,74,34,46,31,10,32,50,5,10,13,288,/en/stats/leaderboard?page=serve,0,3,69,51,74,71,36,51,61,14,23,75,6,8,13,56,44,78,32,24,74,45,68,152,68,50,74,44,34,78,55,84,152,A,195.0,/en/stats/leaderboard?page=serve,2.0,1.0,52.0,14.0,27.0,71.0,10.0,14.0,23.0,3.0,13.0,50.0,2.0,4.0,4.0,331.0,/en/stats/leaderboard?page=serve,0.0,1.0,80.0,20.0,25.0,70.0,14.0,20.0,80.0,4.0,5.0,100.0,5.0,5.0,4.0,50.0,/en/stats/leaderboard?page=return,30.0,6.0,20.0,20.0,1.0,5.0,0.0,0.0,5.0,4.0,206.0,/en/stats/leaderboard?page=return,29.0,4.0,14.0,77.0,10.0,13.0,50.0,2.0,4.0,4.0,48.0,13.0,27.0,28.0,7.0,25.0,38.0,20.0,52.0,72.0,18.0,25.0,52.0,14.0,27.0,62.0,32.0,52.0,,,
404,2026,ATP Masters 1000 Indian Wells,1000,2026-03-04T00:00:00,2026-03-15T00:00:00,Hard,96,9415725,$,MS030,Round of 32,01:22:01,"Game Set and Match Joao Fonseca. 
 Joao Fonseca wins the match  6-2  6-3 .",F,3,F0FV,J. Fonseca,T. Paul,F0FV,PL56,BRA,USA,,23,"Game Set and Match Joao Fonseca. 
 Joao Fonseca wins the match  6-2  6-3 .",J. Fonseca,T. Paul,,23,BRA,USA,6-2,6-3,,,,01:22:01,201,/en/stats/leaderboard?page=serve,1,2,61,22,36,68,15,22,21,3,14,75,6,8,4,302,/en/stats/leaderboard?page=serve,0,1,65,15,23,73,11,15,63,5,8,0,0,0,4,65,/en/stats/leaderboard?page=return,27,4,15,38,3,8,0,0,0,4,186,/en/stats/leaderboard?page=return,32,7,22,79,11,14,25,2,8,4,50,18,36,30,7,23,42,25,59,70,16,23,50,18,36,58,34,59,,233.0,/en/stats/leaderboard?page=serve,1.0,0.0,77.0,17.0,22.0,47.0,8.0,17.0,60.0,3.0,5.0,0.0,0.0,2.0,4.0,287.0,/en/stats/leaderboard?page=serve,0.0,1.0,67.0,18.0,27.0,72.0,13.0,18.0,67.0,6.0,9.0,0.0,0.0,1.0,5.0,181.0,/en/stats/leaderboard?page=return,28.0,5.0,18.0,33.0,3.0,9.0,100.0,1.0,1.0,5.0,243.0,/en/stats/leaderboard?page=return,53.0,9.0,17.0,40.0,2.0,5.0,100.0,2.0,2.0,4.0,50.0,11.0,22.0,30.0,8.0,27.0,39.0,19.0,49.0,70.0,19.0,27.0,50.0,11.0,22.0,61.0,30.0,49.0,,208,/en/stats/leaderboard?page=serve,2,2,67,39,58,59,23,39,32,6,19,60,6,10,8,294,/en/stats/leaderboard?page=serve,0,2,66,33,50,73,24,33,65,11,17,0,0,1,9,50,29,58,30,15,50,41,44,108,70,35,50,50,29,58,59,64,108,A,,,,,,,,,,,,,,,,,,,,,,,,,,,,,,,,,,,,,,,,,,,,,,,,,,,,,,,,,,,,,,,,,,,,,,,,,,,,,,,
404,2026,ATP Masters 1000 Indian Wells,1000,2026-03-04T00:00:00,2026-03-15T00:00:00,Hard,96,9415725,$,MS031,Round of 32,01:11:55,"Game Set and Match Jannik Sinner. 
 Jannik Sinner wins the match  6-3  6-2 .",F,3,S0AG,D. Shapovalov,J. Sinner,SU55,S0AG,CAN,ITA,,2,"Game Set and Match Jannik Sinner. 
 Jannik Sinner wins the match  6-3  6-2 .",J. Sinner,D. Shapovalov,2,,ITA,CAN,3-6,2-6,,,,01:11:55,185,/en/stats/leaderboard?page=serve,6,0,54,14,26,79,11,14,8,1,12,33,1,3,4,243,/en/stats/leaderboard?page=serve,2,5,76,19,25,84,16,19,0,0,6,0,0,1,5,236,/en/stats/leaderboard?page=return,16,3,19,100,6,6,100,1,1,5,230,/en/stats/leaderboard?page=return,21,3,14,92,11,12,67,2,3,4,46,12,26,36,9,25,41,21,51,64,16,25,54,14,26,59,30,51,,208.0,/en/stats/leaderboard?page=serve,1.0,2.0,67.0,20.0,30.0,50.0,10.0,20.0,40.0,4.0,10.0,60.0,3.0,5.0,4.0,365.0,/en/stats/leaderboard?page=serve,0.0,1.0,78.0,14.0,18.0,86.0,12.0,14.0,100.0,4.0,4.0,0.0,0.0,0.0,4.0,14.0,/en/stats/leaderboard?page=return,14.0,2.0,14.0,0.0,0.0,4.0,0.0,0.0,0.0,4.0,200.0,/en/stats/leaderboard?page=return,50.0,10.0,20.0,60.0,6.0,10.0,40.0,2.0,5.0,4.0,47.0,14.0,30.0,11.0,2.0,18.0,33.0,16.0,48.0,89.0,16.0,18.0,53.0,16.0,30.0,67.0,32.0,48.0,,191,/en/stats/leaderboard?page=serve,7,2,61,34,56,62,21,34,23,5,22,50,4,8,8,294,/en/stats/leaderboard?page=serve,2,6,77,33,43,85,28,33,40,4,10,0,0,1,9,46,26,56,26,11,43,37,37,99,74,32,43,54,30,56,63,62,99,B,,,,,,,,,,,,,,,,,,,,,,,,,,,,,,,,,,,,,,,,,,,,,,,,,,,,,,,,,,,,,,,,,,,,,,,,,,,,,,,
404,2026,ATP Masters 1000 Indian Wells,1000,2026-03-04T00:00:00,2026-03-15T00:00:00,Hard,96,9415725,$,MS032,Round of 64,01:06:57,"Game Set and Match Carlos Alcaraz. 
 Carlos Alcaraz wins the match  6-2  6-3 .",F,3,A0E2,C. Alcaraz,G. Dimitrov,A0E2,D875,ESP,BUL,1,,"Game Set and Match Carlos Alcaraz. 
 Carlos Alcaraz wins the match  6-2  6-3 .",C. Alcaraz,G. Dimitrov,1,,ESP,BUL,6-2,6-3,,,,01:06:57,215,/en/stats/leaderboard?page=serve,2,1,64,16,25,69,11,16,33,3,9,33,1,3,4,319,/en/stats/leaderboard?page=serve,1,1,62,13,21,69,9,13,88,7,8,0,0,0,4,44,/en/stats/leaderboard?page=return,31,4,13,13,1,8,0,0,0,4,215,/en/stats/leaderboard?page=return,31,5,16,67,6,9,67,2,3,4,56,14,25,24,5,21,41,19,46,76,16,21,44,11,25,59,27,46,,234.0,/en/stats/leaderboard?page=serve,3.0,0.0,57.0,13.0,23.0,85.0,11.0,13.0,20.0,2.0,10.0,0.0,0.0,1.0,4.0,315.0,/en/stats/leaderboard?page=serve,1.0,5.0,79.0,22.0,28.0,82.0,18.0,22.0,50.0,3.0,6.0,100.0,1.0,1.0,5.0,68.0,/en/stats/leaderboard?page=return,18.0,4.0,22.0,50.0,3.0,6.0,0.0,0.0,1.0,5.0,220.0,/en/stats/leaderboard?page=return,15.0,2.0,13.0,80.0,8.0,10.0,100.0,1.0,1.0,4.0,57.0,13.0,23.0,25.0,7.0,28.0,39.0,20.0,51.0,75.0,21.0,28.0,43.0,10.0,23.0,61.0,31.0,51.0,,220,/en/stats/leaderboard?page=serve,5,1,60,29,48,76,22,29,26,5,19,25,1,4,8,323,/en/stats/leaderboard?page=serve,2,6,71,35,49,77,27,35,71,10,14,100,1,1,9,56,27,48,24,12,49,40,39,97,76,37,49,44,21,48,60,58,97,A,,,,,,,,,,,,,,,,,,,,,,,,,,,,,,,,,,,,,,,,,,,,,,,,,,,,,,,,,,,,,,,,,,,,,,,,,,,,,,,
404,2026,ATP Masters 1000 Indian Wells,1000,2026-03-04T00:00:00,2026-03-15T00:00:00,Hard,96,9415725,$,MS033,Round of 64,00:00:00,Winner: A. RINDERKNECH by Walkover,F,3,RC91,J. Cerundolo,A. Rinderknech,C0C8,RC91,ARG,FRA,,26,Winner: A. RINDERKNECH by Walkover,A. Rinderknech,J. Cerundolo,26,,FRA,ARG,0-0,,,,,00:00:00,0,/en/stats/leaderboard?page=serve,0,0,0,0,0,0,0,0,0,0,0,0,0,0,0,0,/en/stats/leaderboard?page=serve,0,0,0,0,0,0,0,0,0,0,0,0,0,0,0,0,/en/stats/leaderboard?page=return,0,0,0,0,0,0,0,0,0,0,0,/en/stats/leaderboard?page=return,0,0,0,0,0,0,0,0,0,0,0,0,0,0,0,0,0,0,0,0,0,0,0,0,0,0,0,0,,,,,,,,,,,,,,,,,,,,,,,,,,,,,,,,,,,,,,,,,,,,,,,,,,,,,,,,,,,,,,,,,,,,,,,,,,,,,,,0,/en/stats/leaderboard?page=serve,0,0,0,0,0,0,0,0,0,0,0,0,0,0,0,0,/en/stats/leaderboard?page=serve,0,0,0,0,0,0,0,0,0,0,0,0,0,0,0,0,0,0,0,0,0,0,0,0,0,0,0,0,0,0,0,0,0,B,,,,,,,,,,,,,,,,,,,,,,,,,,,,,,,,,,,,,,,,,,,,,,,,,,,,,,,,,,,,,,,,,,,,,,,,,,,,,,,
404,2026,ATP Masters 1000 Indian Wells,1000,2026-03-04T00:00:00,2026-03-15T00:00:00,Hard,96,9415725,$,MS034,Round of 64,01:34:11,"Game Set and Match Valentin Vacherot. 
 Valentin Vacherot wins the match  7-5  7-5 .",F,3,VA25,V. Vacherot,N. Borges,VA25,BT72,MON,POR,24,,"Game Set and Match Valentin Vacherot. 
 Valentin Vacherot wins the match  7-5  7-5 .",V. Vacherot,N. Borges,24,,MON,POR,7-5,7-5,,,,01:34:11,229,/en/stats/leaderboard?page=serve,3,4,67,33,49,70,23,33,25,4,16,75,6,8,6,300,/en/stats/leaderboard?page=serve,2,8,74,23,31,74,17,23,63,5,8,50,1,2,6,130,/en/stats/leaderboard?page=return,26,6,23,38,3,8,50,1,2,6,163,/en/stats/leaderboard?page=return,30,10,33,75,12,16,25,2,8,6,55,27,49,29,9,31,45,36,80,71,22,31,45,22,49,55,44,80,,305.0,/en/stats/leaderboard?page=serve,0.0,2.0,74.0,25.0,34.0,68.0,17.0,25.0,78.0,7.0,9.0,67.0,2.0,3.0,6.0,321.0,/en/stats/leaderboard?page=serve,2.0,9.0,71.0,24.0,34.0,83.0,20.0,24.0,60.0,6.0,10.0,100.0,1.0,1.0,6.0,57.0,/en/stats/leaderboard?page=return,17.0,4.0,24.0,40.0,4.0,10.0,0.0,0.0,1.0,6.0,103.0,/en/stats/leaderboard?page=return,32.0,8.0,25.0,22.0,2.0,9.0,33.0,1.0,3.0,6.0,71.0,24.0,34.0,24.0,8.0,34.0,47.0,32.0,68.0,76.0,26.0,34.0,29.0,10.0,34.0,53.0,36.0,68.0,,261,/en/stats/leaderboard?page=serve,3,6,70,58,83,69,40,58,44,11,25,73,8,11,12,316,/en/stats/leaderboard?page=serve,4,17,72,47,65,79,37,47,61,11,18,67,2,3,12,61,51,83,26,17,65,46,68,148,74,48,65,39,32,83,54,80,148,A,,,,,,,,,,,,,,,,,,,,,,,,,,,,,,,,,,,,,,,,,,,,,,,,,,,,,,,,,,,,,,,,,,,,,,,,,,,,,,,
404,2026,ATP Masters 1000 Indian Wells,1000,2026-03-04T00:00:00,2026-03-15T00:00:00,Hard,96,9415725,$,MS035,Round of 64,01:26:56,"Game Set and Match Casper Ruud. 
 Casper Ruud wins the match  6-1  7-6(4).",F,3,RH16,A. Shevchenko,C. Ruud,S0H2,RH16,KAZ,NOR,,13,"Game Set and Match Casper Ruud. 
 Casper Ruud wins the match  6-1  7-6(4).",C. Ruud,A. Shevchenko,13,,NOR,KAZ,1-6,6-7(4),,,,01:26:56,176,/en/stats/leaderboard?page=serve,2,2,73,11,15,45,5,11,25,1,4,50,2,4,3,320,/en/stats/leaderboard?page=serve,0,1,55,11,20,64,7,11,100,9,9,0,0,0,4,36,/en/stats/leaderboard?page=return,36,4,11,0,0,9,0,0,0,4,246,/en/stats/leaderboard?page=return,55,6,11,75,3,4,50,2,4,3,40,6,15,20,4,20,29,10,35,80,16,20,60,9,15,71,25,35,,303.0,/en/stats/leaderboard?page=serve,0.0,7.0,61.0,25.0,41.0,72.0,18.0,25.0,63.0,10.0,16.0,100.0,2.0,2.0,6.0,318.0,/en/stats/leaderboard?page=serve,0.0,4.0,67.0,28.0,42.0,68.0,19.0,28.0,79.0,11.0,14.0,100.0,3.0,3.0,6.0,53.0,/en/stats/leaderboard?page=return,32.0,9.0,28.0,21.0,3.0,14.0,0.0,0.0,3.0,6.0,66.0,/en/stats/leaderboard?page=return,28.0,7.0,25.0,38.0,6.0,16.0,0.0,0.0,2.0,6.0,68.0,28.0,41.0,29.0,12.0,42.0,48.0,40.0,83.0,71.0,30.0,42.0,32.0,13.0,41.0,52.0,43.0,83.0,4.0,267,/en/stats/leaderboard?page=serve,2,9,64,36,56,64,23,36,55,11,20,67,4,6,9,322,/en/stats/leaderboard?page=serve,0,5,63,39,62,67,26,39,87,20,23,100,3,3,10,61,34,56,26,16,62,42,50,118,74,46,62,39,22,56,58,68,118,B,,,,,,,,,,,,,,,,,,,,,,,,,,,,,,,,,,,,,,,,,,,,,,,,,,,,,,,,,,,,,,,,,,,,,,,,,,,,,,,
404,2026,ATP Masters 1000 Indian Wells,1000,2026-03-04T00:00:00,2026-03-15T00:00:00,Hard,96,9415725,$,MS036,Round of 64,02:05:35,"Game Set and Match Alexander Bublik. 
 Alexander Bublik wins the match  3-6  7-6(3) 6-2 .",F,3,BK92,A. Bublik,V. Kopriva,BK92,KI82,KAZ,CZE,10,,"Game Set and Match Alexander Bublik. 
 Alexander Bublik wins the match  3-6  7-6(3) 6-2 .",A. Bublik,V. Kopriva,10,,KAZ,CZE,3-6,7-6(3),6-2,,,02:05:35,285,/en/stats/leaderboard?page=serve,2,2,63,26,41,69,18,26,53,8,15,100,3,3,5,267,/en/stats/leaderboard?page=serve,0,2,60,12,20,67,8,12,63,5,8,50,1,2,4,146,/en/stats/leaderboard?page=return,33,4,12,38,3,8,50,1,2,4,78,/en/stats/leaderboard?page=return,31,8,26,47,7,15,0,0,3,5,63,26,41,35,7,20,54,33,61,65,13,20,37,15,41,46,28,61,,266.0,/en/stats/leaderboard?page=serve,2.0,3.0,61.0,27.0,44.0,56.0,15.0,27.0,65.0,11.0,17.0,67.0,2.0,3.0,6.0,292.0,/en/stats/leaderboard?page=serve,1.0,4.0,65.0,26.0,40.0,77.0,20.0,26.0,64.0,9.0,14.0,50.0,1.0,2.0,6.0,125.0,/en/stats/leaderboard?page=return,23.0,6.0,26.0,36.0,5.0,14.0,50.0,1.0,2.0,6.0,128.0,/en/stats/leaderboard?page=return,44.0,12.0,27.0,35.0,6.0,17.0,33.0,1.0,3.0,6.0,59.0,26.0,44.0,28.0,11.0,40.0,44.0,37.0,84.0,73.0,29.0,40.0,41.0,18.0,44.0,56.0,47.0,84.0,3.0,256,/en/stats/leaderboard?page=serve,8,8,63,71,113,61,43,71,52,22,42,73,8,11,15,303,/en/stats/leaderboard?page=serve,1,10,65,51,79,76,39,51,68,19,28,50,2,4,14,58,65,113,27,21,79,45,86,192,73,58,79,42,48,113,55,106,192,A,199.0,/en/stats/leaderboard?page=serve,4.0,3.0,64.0,18.0,28.0,56.0,10.0,18.0,30.0,3.0,10.0,60.0,3.0,5.0,4.0,340.0,/en/stats/leaderboard?page=serve,0.0,4.0,68.0,13.0,19.0,85.0,11.0,13.0,83.0,5.0,6.0,0.0,0.0,0.0,4.0,32.0,/en/stats/leaderboard?page=return,15.0,2.0,13.0,17.0,1.0,6.0,0.0,0.0,0.0,4.0,204.0,/en/stats/leaderboard?page=return,44.0,8.0,18.0,70.0,7.0,10.0,40.0,2.0,5.0,4.0,46.0,13.0,28.0,16.0,3.0,19.0,34.0,16.0,47.0,84.0,16.0,19.0,54.0,15.0,28.0,66.0,31.0,47.0,,,
404,2026,ATP Masters 1000 Indian Wells,1000,2026-03-04T00:00:00,2026-03-15T00:00:00,Hard,96,9415725,$,MS037,Round of 64,02:08:47,"Game Set and Match Rinky Hijikata. 
 Rinky Hijikata wins the match  4-6  6-2  6-4 .",F,3,H0BH,R. Hijikata,L. Darderi,H0BH,D0FJ,AUS,ITA,,20,"Game Set and Match Rinky Hijikata. 
 Rinky Hijikata wins the match  4-6  6-2  6-4 .",R. Hijikata,L. Darderi,,20,AUS,ITA,4-6,6-2,6-4,,,02:08:47,263,/en/stats/leaderboard?page=serve,1,2,52,15,29,73,11,15,57,8,14,50,1,2,5,229,/en/stats/leaderboard?page=serve,3,1,39,9,23,89,8,9,43,6,14,33,1,3,5,175,/en/stats/leaderboard?page=return,11,1,9,57,8,14,67,2,3,5,140,/en/stats/leaderboard?page=return,27,4,15,43,6,14,50,1,2,5,66,19,29,39,9,23,54,28,52,61,14,23,34,10,29,46,24,52,,200.0,/en/stats/leaderboard?page=serve,1.0,1.0,60.0,15.0,25.0,60.0,9.0,15.0,30.0,3.0,10.0,0.0,0.0,2.0,4.0,309.0,/en/stats/leaderboard?page=serve,1.0,9.0,67.0,18.0,27.0,78.0,14.0,18.0,56.0,5.0,9.0,100.0,1.0,1.0,4.0,66.0,/en/stats/leaderboard?page=return,22.0,4.0,18.0,44.0,4.0,9.0,0.0,0.0,1.0,4.0,260.0,/en/stats/leaderboard?page=return,40.0,6.0,15.0,70.0,7.0,10.0,100.0,2.0,2.0,4.0,48.0,12.0,25.0,30.0,8.0,27.0,38.0,20.0,52.0,70.0,19.0,27.0,52.0,13.0,25.0,62.0,32.0,52.0,,251,/en/stats/leaderboard?page=serve,2,5,59,55,94,64,35,55,54,21,39,56,5,9,14,282,/en/stats/leaderboard?page=serve,5,11,51,39,77,79,31,39,61,23,38,50,2,4,14,60,56,94,30,23,77,46,79,171,70,54,77,40,38,94,54,92,171,A,272.0,/en/stats/leaderboard?page=serve,0.0,2.0,63.0,25.0,40.0,60.0,15.0,25.0,67.0,10.0,15.0,80.0,4.0,5.0,5.0,299.0,/en/stats/leaderboard?page=serve,1.0,1.0,44.0,12.0,27.0,75.0,9.0,12.0,80.0,12.0,15.0,0.0,0.0,0.0,5.0,45.0,/en/stats/leaderboard?page=return,25.0,3.0,12.0,20.0,3.0,15.0,0.0,0.0,0.0,5.0,113.0,/en/stats/leaderboard?page=return,40.0,10.0,25.0,33.0,5.0,15.0,20.0,1.0,5.0,5.0,63.0,25.0,40.0,22.0,6.0,27.0,46.0,31.0,67.0,78.0,21.0,27.0,38.0,15.0,40.0,54.0,36.0,67.0,,,
404,2026,ATP Masters 1000 Indian Wells,1000,2026-03-04T00:00:00,2026-03-15T00:00:00,Hard,96,9415725,$,MS038,Round of 64,01:21:40,"Game Set and Match Cameron Norrie. 
 Cameron Norrie wins the match  6-2  6-3 .",F,3,N771,C. Norrie,M. McDonald,N771,MK66,GBR,USA,27,,"Game Set and Match Cameron Norrie. 
 Cameron Norrie wins the match  6-2  6-3 .",C. Norrie,M. McDonald,27,,GBR,USA,6-2,6-3,,,,01:21:40,207,/en/stats/leaderboard?page=serve,2,0,71,22,31,55,12,22,33,3,9,50,2,4,4,285,/en/stats/leaderboard?page=serve,2,4,56,19,34,74,14,19,53,8,15,100,4,4,4,73,/en/stats/leaderboard?page=return,26,5,19,47,7,15,0,0,4,4,212,/en/stats/leaderboard?page=return,45,10,22,67,6,9,50,2,4,4,48,15,31,35,12,34,42,27,65,65,22,34,52,16,31,58,38,65,,205.0,/en/stats/leaderboard?page=serve,0.0,2.0,57.0,17.0,30.0,65.0,11.0,17.0,31.0,4.0,13.0,33.0,1.0,3.0,4.0,297.0,/en/stats/leaderboard?page=serve,0.0,5.0,74.0,17.0,23.0,88.0,15.0,17.0,50.0,3.0,6.0,50.0,1.0,2.0,5.0,132.0,/en/stats/leaderboard?page=return,12.0,2.0,17.0,50.0,3.0,6.0,50.0,1.0,2.0,5.0,221.0,/en/stats/leaderboard?page=return,35.0,6.0,17.0,69.0,9.0,13.0,67.0,2.0,3.0,4.0,50.0,15.0,30.0,22.0,5.0,23.0,38.0,20.0,53.0,78.0,18.0,23.0,50.0,15.0,30.0,62.0,33.0,53.0,,205,/en/stats/leaderboard?page=serve,2,2,64,39,61,59,23,39,32,7,22,43,3,7,8,291,/en/stats/leaderboard?page=serve,2,9,63,36,57,81,29,36,52,11,21,83,5,6,9,49,30,61,30,17,57,40,47,118,70,40,57,51,31,61,60,71,118,A,,,,,,,,,,,,,,,,,,,,,,,,,,,,,,,,,,,,,,,,,,,,,,,,,,,,,,,,,,,,,,,,,,,,,,,,,,,,,,,
404,2026,ATP Masters 1000 Indian Wells,1000,2026-03-04T00:00:00,2026-03-15T00:00:00,Hard,96,9415725,$,MS039,Round of 64,02:20:14,"Game Set and Match Alex de Minaur. 
 Alex de Minaur wins the match  4-6  6-4  6-4 .",F,3,DH58,S. Korda,A. de Minaur,K0AH,DH58,USA,AUS,,6,"Game Set and Match Alex de Minaur. 
 Alex de Minaur wins the match  4-6  6-4  6-4 .",A. de Minaur,S. Korda,6,,AUS,USA,6-4,4-6,4-6,,,02:20:14,265,/en/stats/leaderboard?page=serve,1,4,60,18,30,89,16,18,33,4,12,67,2,3,5,219,/en/stats/leaderboard?page=serve,3,0,54,22,41,50,11,22,58,11,19,67,4,6,5,165,/en/stats/leaderboard?page=return,50,11,22,42,8,19,33,2,6,5,131,/en/stats/leaderboard?page=return,11,2,18,67,8,12,33,1,3,5,67,20,30,46,19,41,55,39,71,54,22,41,33,10,30,45,32,71,,253.0,/en/stats/leaderboard?page=serve,0.0,2.0,65.0,22.0,34.0,64.0,14.0,22.0,42.0,5.0,12.0,50.0,1.0,2.0,5.0,321.0,/en/stats/leaderboard?page=serve,0.0,4.0,69.0,20.0,29.0,70.0,14.0,20.0,78.0,7.0,9.0,100.0,1.0,1.0,5.0,52.0,/en/stats/leaderboard?page=return,30.0,6.0,20.0,22.0,2.0,9.0,0.0,0.0,1.0,5.0,164.0,/en/stats/leaderboard?page=return,36.0,8.0,22.0,58.0,7.0,12.0,50.0,1.0,2.0,5.0,56.0,19.0,34.0,28.0,8.0,29.0,43.0,27.0,63.0,72.0,21.0,29.0,44.0,15.0,34.0,57.0,36.0,63.0,,260,/en/stats/leaderboard?page=serve,3,6,59,54,91,72,39,54,46,17,37,57,4,7,15,275,/en/stats/leaderboard?page=serve,4,8,58,59,101,63,37,59,64,27,42,71,5,7,15,62,56,91,37,37,101,48,93,192,63,64,101,38,35,91,52,99,192,B,256.0,/en/stats/leaderboard?page=serve,2.0,0.0,52.0,14.0,27.0,64.0,9.0,14.0,62.0,8.0,13.0,50.0,1.0,2.0,5.0,293.0,/en/stats/leaderboard?page=serve,1.0,4.0,55.0,17.0,31.0,71.0,12.0,17.0,64.0,9.0,14.0,0.0,0.0,0.0,5.0,65.0,/en/stats/leaderboard?page=return,29.0,5.0,17.0,36.0,5.0,14.0,0.0,0.0,0.0,5.0,144.0,/en/stats/leaderboard?page=return,36.0,5.0,14.0,38.0,5.0,13.0,50.0,1.0,2.0,5.0,63.0,17.0,27.0,32.0,10.0,31.0,47.0,27.0,58.0,68.0,21.0,31.0,37.0,10.0,27.0,53.0,31.0,58.0,,,
404,2026,ATP Masters 1000 Indian Wells,1000,2026-03-04T00:00:00,2026-03-15T00:00:00,Hard,96,9415725,$,MS040,Round of 64,02:12:55,"Game Set and Match Novak Djokovic. 
 Novak Djokovic wins the match  4-6  6-1  6-2 .",F,3,D643,N. Djokovic,K. Majchrzak,D643,MQ75,SRB,POL,3,,"Game Set and Match Novak Djokovic. 
 Novak Djokovic wins the match  4-6  6-1  6-2 .",N. Djokovic,K. Majchrzak,3,,SRB,POL,4-6,6-1,6-2,,,02:12:55,276,/en/stats/leaderboard?page=serve,0,2,73,29,40,66,19,29,55,6,11,88,7,8,5,235,/en/stats/leaderboard?page=serve,2,2,80,20,25,75,15,20,20,1,5,0,0,2,5,245,/en/stats/leaderboard?page=return,25,5,20,80,4,5,100,2,2,5,112,/en/stats/leaderboard?page=return,34,10,29,45,5,11,13,1,8,5,63,25,40,36,9,25,52,34,65,64,16,25,38,15,40,48,31,65,,170.0,/en/stats/leaderboard?page=serve,0.0,0.0,52.0,11.0,21.0,55.0,6.0,11.0,30.0,3.0,10.0,33.0,1.0,3.0,3.0,274.0,/en/stats/leaderboard?page=serve,3.0,2.0,57.0,20.0,35.0,85.0,17.0,20.0,33.0,5.0,15.0,100.0,3.0,3.0,4.0,82.0,/en/stats/leaderboard?page=return,15.0,3.0,20.0,67.0,10.0,15.0,0.0,0.0,3.0,4.0,248.0,/en/stats/leaderboard?page=return,45.0,5.0,11.0,70.0,7.0,10.0,67.0,2.0,3.0,3.0,43.0,9.0,21.0,37.0,13.0,35.0,39.0,22.0,56.0,63.0,22.0,35.0,57.0,12.0,21.0,61.0,34.0,56.0,,224,/en/stats/leaderboard?page=serve,1,3,63,62,99,63,39,62,38,14,37,69,11,16,12,273,/en/stats/leaderboard?page=serve,5,5,67,54,81,78,42,54,44,12,27,60,3,5,13,54,53,99,33,27,81,44,80,180,67,54,81,46,46,99,56,100,180,A,203.0,/en/stats/leaderboard?page=serve,1.0,1.0,58.0,22.0,38.0,64.0,14.0,22.0,31.0,5.0,16.0,60.0,3.0,5.0,4.0,325.0,/en/stats/leaderboard?page=serve,0.0,1.0,67.0,14.0,21.0,71.0,10.0,14.0,86.0,6.0,7.0,0.0,0.0,0.0,4.0,43.0,/en/stats/leaderboard?page=return,29.0,4.0,14.0,14.0,1.0,7.0,0.0,0.0,0.0,4.0,195.0,/en/stats/leaderboard?page=return,36.0,8.0,22.0,69.0,11.0,16.0,40.0,2.0,5.0,4.0,50.0,19.0,38.0,24.0,5.0,21.0,41.0,24.0,59.0,76.0,16.0,21.0,50.0,19.0,38.0,59.0,35.0,59.0,,,
404,2026,ATP Masters 1000 Indian Wells,1000,2026-03-04T00:00:00,2026-03-15T00:00:00,Hard,96,9415725,$,MS041,Round of 64,01:40:47,"Game Set and Match Aleksandar Kovacevic. 
 Aleksandar Kovacevic wins the match  6-1  6-4 .",F,3,K0AZ,A. Kovacevic,C. Moutet,K0AZ,MW02,USA,FRA,,31,"Game Set and Match Aleksandar Kovacevic. 
 Aleksandar Kovacevic wins the match  6-1  6-4 .",A. Kovacevic,C. Moutet,,31,USA,FRA,6-1,6-4,,,,01:40:47,171,/en/stats/leaderboard?page=serve,4,0,64,16,25,56,9,16,22,2,9,33,1,3,3,278,/en/stats/leaderboard?page=serve,0,0,53,16,30,75,12,16,50,7,14,0,0,0,4,75,/en/stats/leaderboard?page=return,25,4,16,50,7,14,0,0,0,4,255,/en/stats/leaderboard?page=return,44,7,16,78,7,9,67,2,3,3,44,11,25,37,11,30,40,22,55,63,19,30,56,14,25,60,33,55,,259.0,/en/stats/leaderboard?page=serve,1.0,4.0,71.0,20.0,28.0,80.0,16.0,20.0,25.0,2.0,8.0,67.0,2.0,3.0,5.0,292.0,/en/stats/leaderboard?page=serve,0.0,2.0,67.0,26.0,39.0,69.0,18.0,26.0,54.0,7.0,13.0,100.0,3.0,3.0,5.0,77.0,/en/stats/leaderboard?page=return,31.0,8.0,26.0,46.0,6.0,13.0,0.0,0.0,3.0,5.0,148.0,/en/stats/leaderboard?page=return,20.0,4.0,20.0,75.0,6.0,8.0,33.0,1.0,3.0,5.0,64.0,18.0,28.0,36.0,14.0,39.0,48.0,32.0,67.0,64.0,25.0,39.0,36.0,10.0,28.0,52.0,35.0,67.0,,222,/en/stats/leaderboard?page=serve,5,4,68,36,53,69,25,36,24,4,17,50,3,6,8,286,/en/stats/leaderboard?page=serve,0,2,61,42,69,71,30,42,52,14,27,100,3,3,9,55,29,53,36,25,69,44,54,122,64,44,69,45,24,53,56,68,122,A,,,,,,,,,,,,,,,,,,,,,,,,,,,,,,,,,,,,,,,,,,,,,,,,,,,,,,,,,,,,,,,,,,,,,,,,,,,,,,,
404,2026,ATP Masters 1000 Indian Wells,1000,2026-03-04T00:00:00,2026-03-15T00:00:00,Hard,96,9415725,$,MS042,Round of 64,02:29:03,"Game Set and Match Francisco Cerundolo. 
 Francisco Cerundolo wins the match  6-4  5-7  7-6(5).",F,3,C0AU,F. Cerundolo,B. Bonzi,C0AU,BM95,ARG,FRA,19,,"Game Set and Match Francisco Cerundolo. 
 Francisco Cerundolo wins the match  6-4  5-7  7-6(5).",F. Cerundolo,B. Bonzi,19,,ARG,FRA,6-4,5-7,7-6(5),,,02:29:03,247,/en/stats/leaderboard?page=serve,0,1,82,27,33,67,18,27,17,1,6,67,2,3,5,302,/en/stats/leaderboard?page=serve,3,2,61,19,31,84,16,19,58,7,12,100,3,3,5,58,/en/stats/leaderboard?page=return,16,3,19,42,5,12,0,0,3,5,169,/en/stats/leaderboard?page=return,33,9,27,83,5,6,33,1,3,5,58,19,33,26,8,31,42,27,64,74,23,31,42,14,33,58,37,64,,315.0,/en/stats/leaderboard?page=serve,0.0,0.0,81.0,25.0,31.0,68.0,17.0,25.0,83.0,5.0,6.0,67.0,2.0,3.0,6.0,231.0,/en/stats/leaderboard?page=serve,3.0,1.0,52.0,26.0,50.0,73.0,19.0,26.0,42.0,10.0,24.0,75.0,6.0,8.0,6.0,143.0,/en/stats/leaderboard?page=return,27.0,7.0,26.0,58.0,14.0,24.0,25.0,2.0,8.0,6.0,98.0,/en/stats/leaderboard?page=return,32.0,8.0,25.0,17.0,1.0,6.0,33.0,1.0,3.0,6.0,71.0,22.0,31.0,42.0,21.0,50.0,53.0,43.0,81.0,58.0,29.0,50.0,29.0,9.0,31.0,47.0,38.0,81.0,,264,/en/stats/leaderboard?page=serve,0,4,81,88,109,65,57,88,38,8,21,64,7,11,17,255,/en/stats/leaderboard?page=serve,8,6,61,70,115,73,51,70,47,21,45,69,9,13,17,60,65,109,37,43,115,48,108,224,63,72,115,40,44,109,52,116,224,A,232.0,/en/stats/leaderboard?page=serve,0.0,3.0,80.0,36.0,45.0,61.0,22.0,36.0,22.0,2.0,9.0,60.0,3.0,5.0,6.0,249.0,/en/stats/leaderboard?page=serve,2.0,3.0,74.0,25.0,34.0,64.0,16.0,25.0,44.0,4.0,9.0,0.0,0.0,2.0,6.0,225.0,/en/stats/leaderboard?page=return,36.0,9.0,25.0,56.0,5.0,9.0,100.0,2.0,2.0,6.0,190.0,/en/stats/leaderboard?page=return,39.0,14.0,36.0,78.0,7.0,9.0,40.0,2.0,5.0,6.0,53.0,24.0,45.0,41.0,14.0,34.0,48.0,38.0,79.0,59.0,20.0,34.0,47.0,21.0,45.0,52.0,41.0,79.0,5.0,,
404,2026,ATP Masters 1000 Indian Wells,1000,2026-03-04T00:00:00,2026-03-15T00:00:00,Hard,96,9415725,$,MS043,Round of 64,01:45:40,"Game Set and Match Jack Draper. 
 Jack Draper wins the match  3-6  6-3  6-2 .",F,3,D0CO,R. Bautista Agut,J. Draper,BD06,D0CO,ESP,GBR,,14,"Game Set and Match Jack Draper. 
 Jack Draper wins the match  3-6  6-3  6-2 .",J. Draper,R. Bautista Agut,14,,GBR,ESP,6-3,3-6,2-6,,,01:45:40,307,/en/stats/leaderboard?page=serve,0,1,83,24,29,83,20,24,40,2,5,100,3,3,5,266,/en/stats/leaderboard?page=serve,0,2,45,9,20,89,8,9,55,6,11,50,1,2,4,131,/en/stats/leaderboard?page=return,11,1,9,45,5,11,50,1,2,4,77,/en/stats/leaderboard?page=return,17,4,24,60,3,5,0,0,3,5,76,22,29,30,6,20,57,28,49,70,14,20,24,7,29,43,21,49,,242.0,/en/stats/leaderboard?page=serve,1.0,0.0,81.0,21.0,26.0,67.0,14.0,21.0,20.0,1.0,5.0,50.0,1.0,2.0,4.0,334.0,/en/stats/leaderboard?page=serve,0.0,4.0,67.0,16.0,24.0,88.0,14.0,16.0,75.0,6.0,8.0,0.0,0.0,0.0,5.0,38.0,/en/stats/leaderboard?page=return,13.0,2.0,16.0,25.0,2.0,8.0,0.0,0.0,0.0,5.0,188.0,/en/stats/leaderboard?page=return,33.0,7.0,21.0,80.0,4.0,5.0,50.0,1.0,2.0,4.0,58.0,15.0,26.0,17.0,4.0,24.0,38.0,19.0,50.0,83.0,20.0,24.0,42.0,11.0,26.0,62.0,31.0,50.0,,266,/en/stats/leaderboard?page=serve,1,1,81,59,73,66,39,59,43,6,14,57,4,7,13,301,/en/stats/leaderboard?page=serve,2,9,57,40,70,88,35,40,57,17,30,86,6,7,13,62,45,73,26,18,70,44,63,143,74,52,70,38,28,73,56,80,143,B,239.0,/en/stats/leaderboard?page=serve,0.0,0.0,78.0,14.0,18.0,36.0,5.0,14.0,75.0,3.0,4.0,0.0,0.0,2.0,4.0,291.0,/en/stats/leaderboard?page=serve,2.0,3.0,58.0,15.0,26.0,87.0,13.0,15.0,45.0,5.0,11.0,100.0,5.0,5.0,4.0,68.0,/en/stats/leaderboard?page=return,13.0,2.0,15.0,55.0,6.0,11.0,0.0,0.0,5.0,4.0,239.0,/en/stats/leaderboard?page=return,64.0,9.0,14.0,25.0,1.0,4.0,100.0,2.0,2.0,4.0,44.0,8.0,18.0,31.0,8.0,26.0,36.0,16.0,44.0,69.0,18.0,26.0,56.0,10.0,18.0,64.0,28.0,44.0,,,
404,2026,ATP Masters 1000 Indian Wells,1000,2026-03-04T00:00:00,2026-03-15T00:00:00,Hard,96,9415725,$,MS044,Round of 64,01:10:54,"Game Set and Match Daniil Medvedev. 
 Daniil Medvedev wins the match  6-4  6-2 .",F,3,MM58,D. Medvedev,A. Tabilo,MM58,TE30,RUS,CHI,11,,"Game Set and Match Daniil Medvedev. 
 Daniil Medvedev wins the match  6-4  6-2 .",D. Medvedev,A. Tabilo,11,,RUS,CHI,6-4,6-2,,,,01:10:54,251,/en/stats/leaderboard?page=serve,0,3,59,22,37,82,18,22,27,4,15,80,4,5,5,315,/en/stats/leaderboard?page=serve,0,2,93,27,29,70,19,27,50,1,2,0,0,0,5,80,/en/stats/leaderboard?page=return,30,8,27,50,1,2,0,0,0,5,131,/en/stats/leaderboard?page=return,18,4,22,73,11,15,20,1,5,5,59,22,37,31,9,29,47,31,66,69,20,29,41,15,37,53,35,66,,193.0,/en/stats/leaderboard?page=serve,0.0,0.0,80.0,16.0,20.0,63.0,10.0,16.0,0.0,0.0,4.0,33.0,1.0,3.0,4.0,318.0,/en/stats/leaderboard?page=serve,1.0,4.0,73.0,16.0,22.0,75.0,12.0,16.0,67.0,4.0,6.0,0.0,0.0,0.0,4.0,58.0,/en/stats/leaderboard?page=return,25.0,4.0,16.0,33.0,2.0,6.0,0.0,0.0,0.0,4.0,255.0,/en/stats/leaderboard?page=return,38.0,6.0,16.0,100.0,4.0,4.0,67.0,2.0,3.0,4.0,50.0,10.0,20.0,27.0,6.0,22.0,38.0,16.0,42.0,73.0,16.0,22.0,50.0,10.0,20.0,62.0,26.0,42.0,,231,/en/stats/leaderboard?page=serve,0,3,67,38,57,74,28,38,21,4,19,63,5,8,9,324,/en/stats/leaderboard?page=serve,1,6,84,43,51,72,31,43,63,5,8,0,0,0,9,56,32,57,29,15,51,44,47,108,71,36,51,44,25,57,56,61,108,A,,,,,,,,,,,,,,,,,,,,,,,,,,,,,,,,,,,,,,,,,,,,,,,,,,,,,,,,,,,,,,,,,,,,,,,,,,,,,,,
404,2026,ATP Masters 1000 Indian Wells,1000,2026-03-04T00:00:00,2026-03-15T00:00:00,Hard,96,9415725,$,MS045,Round of 64,01:11:06,"Game Set and Match Sebastian Baez. 
 Sebastian Baez wins the match  6-4  6-1 .",F,3,B0BI,S. Baez,J. Lehecka,B0BI,L0BV,ARG,CZE,,22,"Game Set and Match Sebastian Baez. 
 Sebastian Baez wins the match  6-4  6-1 .",S. Baez,J. Lehecka,,22,ARG,CZE,6-4,6-1,,,,01:11:06,226,/en/stats/leaderboard?page=serve,0,1,64,18,28,61,11,18,40,4,10,33,1,3,5,269,/en/stats/leaderboard?page=serve,1,0,60,18,30,72,13,18,58,7,12,0,0,1,5,190,/en/stats/leaderboard?page=return,28,5,18,42,5,12,100,1,1,5,206,/en/stats/leaderboard?page=return,39,7,18,60,6,10,67,2,3,5,54,15,28,33,10,30,43,25,58,67,20,30,46,13,28,57,33,58,,176.0,/en/stats/leaderboard?page=serve,0.0,1.0,73.0,16.0,22.0,44.0,7.0,16.0,33.0,2.0,6.0,25.0,1.0,4.0,4.0,319.0,/en/stats/leaderboard?page=serve,1.0,0.0,86.0,18.0,21.0,67.0,12.0,18.0,67.0,2.0,3.0,100.0,3.0,3.0,3.0,66.0,/en/stats/leaderboard?page=return,33.0,6.0,18.0,33.0,1.0,3.0,0.0,0.0,3.0,3.0,273.0,/en/stats/leaderboard?page=return,56.0,9.0,16.0,67.0,4.0,6.0,75.0,3.0,4.0,4.0,41.0,9.0,22.0,33.0,7.0,21.0,37.0,16.0,43.0,67.0,14.0,21.0,59.0,13.0,22.0,63.0,27.0,43.0,,205,/en/stats/leaderboard?page=serve,0,2,68,34,50,53,18,34,38,6,16,29,2,7,9,285,/en/stats/leaderboard?page=serve,2,0,71,36,51,69,25,36,60,9,15,75,3,4,8,48,24,50,33,17,51,41,41,101,67,34,51,52,26,50,59,60,101,A,,,,,,,,,,,,,,,,,,,,,,,,,,,,,,,,,,,,,,,,,,,,,,,,,,,,,,,,,,,,,,,,,,,,,,,,,,,,,,,
404,2026,ATP Masters 1000 Indian Wells,1000,2026-03-04T00:00:00,2026-03-15T00:00:00,Hard,96,9415725,$,MS046,Round of 64,02:46:30,"Game Set and Match Alex Michelsen. 
 Alex Michelsen wins the match  7-5 6-7(5) 7-6(6).",F,3,M0QI,U. Humbert,A. Michelsen,HH26,M0QI,FRA,USA,32,,"Game Set and Match Alex Michelsen. 
 Alex Michelsen wins the match  7-5 6-7(5) 7-6(6).",A. Michelsen,U. Humbert,,32,USA,FRA,5-7,7-6(5),6-7(6),,,02:46:30,272,/en/stats/leaderboard?page=serve,1,3,58,19,33,79,15,19,50,7,14,50,1,2,6,337,/en/stats/leaderboard?page=serve,0,2,68,19,28,89,17,19,78,7,9,0,0,0,6,33,/en/stats/leaderboard?page=return,11,2,19,22,2,9,0,0,0,6,137,/en/stats/leaderboard?page=return,21,4,19,50,7,14,50,1,2,6,67,22,33,14,4,28,43,26,61,86,24,28,33,11,33,57,35,61,,275.0,/en/stats/leaderboard?page=serve,1.0,4.0,71.0,29.0,41.0,76.0,22.0,29.0,42.0,5.0,12.0,75.0,3.0,4.0,6.0,273.0,/en/stats/leaderboard?page=serve,1.0,3.0,74.0,32.0,43.0,69.0,22.0,32.0,45.0,5.0,11.0,0.0,0.0,1.0,6.0,202.0,/en/stats/leaderboard?page=return,31.0,10.0,32.0,55.0,6.0,11.0,100.0,1.0,1.0,6.0,123.0,/en/stats/leaderboard?page=return,24.0,7.0,29.0,58.0,7.0,12.0,25.0,1.0,4.0,6.0,66.0,27.0,41.0,37.0,16.0,43.0,51.0,43.0,84.0,63.0,27.0,43.0,34.0,14.0,41.0,49.0,41.0,84.0,,290,/en/stats/leaderboard?page=serve,4,12,69,77,112,82,63,77,43,15,35,67,4,6,18,299,/en/stats/leaderboard?page=serve,3,6,65,76,117,78,59,76,59,24,41,67,2,3,18,70,78,112,29,34,117,49,112,229,71,83,117,30,34,112,51,117,229,B,302.0,/en/stats/leaderboard?page=serve,2.0,5.0,76.0,29.0,38.0,90.0,26.0,29.0,33.0,3.0,9.0,0.0,0.0,0.0,6.0,290.0,/en/stats/leaderboard?page=serve,2.0,1.0,54.0,25.0,46.0,80.0,20.0,25.0,57.0,12.0,21.0,100.0,2.0,2.0,6.0,63.0,/en/stats/leaderboard?page=return,20.0,5.0,25.0,43.0,9.0,21.0,0.0,0.0,2.0,6.0,77.0,/en/stats/leaderboard?page=return,10.0,3.0,29.0,67.0,6.0,9.0,0.0,0.0,0.0,6.0,76.0,29.0,38.0,30.0,14.0,46.0,51.0,43.0,84.0,70.0,32.0,46.0,24.0,9.0,38.0,49.0,41.0,84.0,6.0,,5.0
404,2026,ATP Masters 1000 Indian Wells,1000,2026-03-04T00:00:00,2026-03-15T00:00:00,Hard,96,9415725,$,MS047,Round of 64,02:13:45,"Game Set and Match Taylor Fritz. 
 Taylor Fritz wins the match  6-3 6-7(8) 6-1 .",F,3,FB98,J. Fearnley,T. Fritz,F0BY,FB98,GBR,USA,,7,"Game Set and Match Taylor Fritz. 
 Taylor Fritz wins the match  6-3 6-7(8) 6-1 .",T. Fritz,J. Fearnley,7,,USA,GBR,3-6,7-6(8),1-6,,,02:13:45,237,/en/stats/leaderboard?page=serve,3,1,75,18,24,72,13,18,17,1,6,0,0,1,4,322,/en/stats/leaderboard?page=serve,1,5,58,15,26,87,13,15,73,8,11,0,0,0,5,40,/en/stats/leaderboard?page=return,13,2,15,27,3,11,0,0,0,5,236,/en/stats/leaderboard?page=return,28,5,18,83,5,6,100,1,1,4,58,14,24,19,5,26,38,19,50,81,21,26,42,10,24,62,31,50,,275.0,/en/stats/leaderboard?page=serve,2.0,2.0,66.0,38.0,58.0,66.0,25.0,38.0,60.0,12.0,20.0,83.0,5.0,6.0,6.0,283.0,/en/stats/leaderboard?page=serve,0.0,10.0,74.0,28.0,38.0,86.0,24.0,28.0,30.0,3.0,10.0,0.0,0.0,1.0,6.0,200.0,/en/stats/leaderboard?page=return,14.0,4.0,28.0,70.0,7.0,10.0,100.0,1.0,1.0,6.0,107.0,/en/stats/leaderboard?page=return,34.0,13.0,38.0,40.0,8.0,20.0,17.0,1.0,6.0,6.0,64.0,37.0,58.0,29.0,11.0,38.0,50.0,48.0,96.0,71.0,27.0,38.0,36.0,21.0,58.0,50.0,48.0,96.0,,246,/en/stats/leaderboard?page=serve,6,5,66,65,99,68,44,65,44,15,34,56,5,9,13,319,/en/stats/leaderboard?page=serve,1,20,72,68,95,79,54,68,56,15,27,75,3,4,15,60,59,99,27,26,95,44,85,194,73,69,95,40,40,99,56,109,194,B,179.0,/en/stats/leaderboard?page=serve,1.0,2.0,53.0,9.0,17.0,67.0,6.0,9.0,25.0,2.0,8.0,0.0,0.0,2.0,3.0,321.0,/en/stats/leaderboard?page=serve,0.0,5.0,81.0,25.0,31.0,68.0,17.0,25.0,67.0,4.0,6.0,100.0,3.0,3.0,4.0,65.0,/en/stats/leaderboard?page=return,32.0,8.0,25.0,33.0,2.0,6.0,0.0,0.0,3.0,4.0,274.0,/en/stats/leaderboard?page=return,33.0,3.0,9.0,75.0,6.0,8.0,100.0,2.0,2.0,3.0,47.0,8.0,17.0,32.0,10.0,31.0,38.0,18.0,48.0,68.0,21.0,31.0,53.0,9.0,17.0,63.0,30.0,48.0,,,8.0
404,2026,ATP Masters 1000 Indian Wells,1000,2026-03-04T00:00:00,2026-03-15T00:00:00,Hard,96,9415725,$,MS048,Round of 64,01:28:51,"Game Set and Match Marton Fucsovics. 
 Marton Fucsovics wins the match  7-5  6-1 .",F,3,F724,L. Musetti,M. Fucsovics,M0EJ,F724,ITA,HUN,5,,"Game Set and Match Marton Fucsovics. 
 Marton Fucsovics wins the match  7-5  6-1 .",M. Fucsovics,L. Musetti,,5,HUN,ITA,5-7,1-6,,,,01:28:51,229,/en/stats/leaderboard?page=serve,2,0,64,21,33,76,16,21,25,3,12,33,1,3,6,280,/en/stats/leaderboard?page=serve,1,2,58,19,33,74,14,19,64,9,14,0,0,1,6,178,/en/stats/leaderboard?page=return,26,5,19,36,5,14,100,1,1,6,199,/en/stats/leaderboard?page=return,24,5,21,75,9,12,67,2,3,6,58,19,33,30,10,33,44,29,66,70,23,33,42,14,33,56,37,66,,185.0,/en/stats/leaderboard?page=serve,0.0,1.0,63.0,20.0,32.0,55.0,11.0,20.0,33.0,4.0,12.0,75.0,6.0,8.0,3.0,295.0,/en/stats/leaderboard?page=serve,1.0,2.0,68.0,17.0,25.0,88.0,15.0,17.0,38.0,3.0,8.0,100.0,1.0,1.0,4.0,75.0,/en/stats/leaderboard?page=return,12.0,2.0,17.0,63.0,5.0,8.0,0.0,0.0,1.0,4.0,203.0,/en/stats/leaderboard?page=return,45.0,9.0,20.0,67.0,8.0,12.0,25.0,2.0,8.0,3.0,47.0,15.0,32.0,28.0,7.0,25.0,39.0,22.0,57.0,72.0,18.0,25.0,53.0,17.0,32.0,61.0,35.0,57.0,,212,/en/stats/leaderboard?page=serve,2,1,63,41,65,66,27,41,29,7,24,64,7,11,9,290,/en/stats/leaderboard?page=serve,2,4,62,36,58,81,29,36,55,12,22,50,1,2,10,52,34,65,29,17,58,41,51,123,71,41,58,48,31,65,59,72,123,B,,,,,,,,,,,,,,,,,,,,,,,,,,,,,,,,,,,,,,,,,,,,,,,,,,,,,,,,,,,,,,,,,,,,,,,,,,,,,,,
404,2026,ATP Masters 1000 Indian Wells,1000,2026-03-04T00:00:00,2026-03-15T00:00:00,Hard,96,9415725,$,MS049,Round of 64,01:05:36,"Game Set and Match Arthur Fils. 
 Arthur Fils wins the match 6-2 3-2 RET.",F,3,F0F1,D. Prizmic,A. Fils,P0HW,F0F1,CRO,FRA,,30,"Game Set and Match Arthur Fils. 
 Arthur Fils wins the match 6-2 3-2 RET.",A. Fils,D. Prizmic,30,,FRA,CRO,2-6,2-3,,,,01:05:36,206,/en/stats/leaderboard?page=serve,1,0,43,9,21,56,5,9,58,7,12,33,1,3,4,329,/en/stats/leaderboard?page=serve,0,1,65,13,20,77,10,13,86,6,7,0,0,0,4,37,/en/stats/leaderboard?page=return,23,3,13,14,1,7,0,0,0,4,203,/en/stats/leaderboard?page=return,44,4,9,42,5,12,67,2,3,4,57,12,21,20,4,20,39,16,41,80,16,20,43,9,21,61,25,41,,217.0,/en/stats/leaderboard?page=serve,4.0,0.0,52.0,12.0,23.0,67.0,8.0,12.0,36.0,4.0,11.0,75.0,3.0,4.0,3.0,275.0,/en/stats/leaderboard?page=serve,1.0,0.0,50.0,8.0,16.0,63.0,5.0,8.0,63.0,5.0,8.0,100.0,3.0,3.0,2.0,76.0,/en/stats/leaderboard?page=return,38.0,3.0,8.0,38.0,3.0,8.0,0.0,0.0,3.0,2.0,155.0,/en/stats/leaderboard?page=return,33.0,4.0,12.0,64.0,7.0,11.0,25.0,1.0,4.0,3.0,52.0,12.0,23.0,38.0,6.0,16.0,46.0,18.0,39.0,63.0,10.0,16.0,48.0,11.0,23.0,54.0,21.0,39.0,,210,/en/stats/leaderboard?page=serve,5,0,48,21,44,62,13,21,48,11,23,57,4,7,7,302,/en/stats/leaderboard?page=serve,1,1,58,21,36,71,15,21,73,11,15,100,3,3,6,55,24,44,28,10,36,43,34,80,72,26,36,45,20,44,58,46,80,B,,,,,,,,,,,,,,,,,,,,,,,,,,,,,,,,,,,,,,,,,,,,,,,,,,,,,,,,,,,,,,,,,,,,,,,,,,,,,,,
404,2026,ATP Masters 1000 Indian Wells,1000,2026-03-04T00:00:00,2026-03-15T00:00:00,Hard,96,9415725,$,MS050,Round of 64,02:52:13,"Game Set and Match Gabriel Diallo. 
 Gabriel Diallo wins the match  6-7(4) 7-6(1) 6-3 .",F,3,D0F6,A. Rublev,G. Diallo,RE44,D0F6,RUS,CAN,17,,"Game Set and Match Gabriel Diallo. 
 Gabriel Diallo wins the match  6-7(4) 7-6(1) 6-3 .",G. Diallo,A. Rublev,,17,CAN,RUS,7-6(4),6-7(1),3-6,,,02:52:13,299,/en/stats/leaderboard?page=serve,0,3,65,24,37,71,17,24,77,10,13,50,1,2,6,259,/en/stats/leaderboard?page=serve,2,3,71,29,41,79,23,29,25,3,12,0,0,1,6,212,/en/stats/leaderboard?page=return,21,6,29,75,9,12,100,1,1,6,118,/en/stats/leaderboard?page=return,29,7,24,23,3,13,50,1,2,6,73,27,37,37,15,41,54,42,78,63,26,41,27,10,37,46,36,78,,271.0,/en/stats/leaderboard?page=serve,2.0,2.0,63.0,25.0,40.0,72.0,18.0,25.0,53.0,8.0,15.0,50.0,1.0,2.0,6.0,291.0,/en/stats/leaderboard?page=serve,1.0,4.0,60.0,21.0,35.0,81.0,17.0,21.0,64.0,9.0,14.0,0.0,0.0,1.0,6.0,171.0,/en/stats/leaderboard?page=return,19.0,4.0,21.0,36.0,5.0,14.0,100.0,1.0,1.0,6.0,141.0,/en/stats/leaderboard?page=return,28.0,7.0,25.0,47.0,7.0,15.0,50.0,1.0,2.0,6.0,65.0,26.0,40.0,26.0,9.0,35.0,47.0,35.0,75.0,74.0,26.0,35.0,35.0,14.0,40.0,53.0,40.0,75.0,1.0,264,/en/stats/leaderboard?page=serve,3,6,60,64,106,69,44,64,57,24,42,43,3,7,16,268,/en/stats/leaderboard?page=serve,6,12,68,82,120,78,64,82,34,13,38,40,2,5,17,64,68,106,36,43,120,49,111,226,64,77,120,36,38,106,51,115,226,B,205.0,/en/stats/leaderboard?page=serve,1.0,1.0,52.0,15.0,29.0,60.0,9.0,15.0,43.0,6.0,14.0,33.0,1.0,3.0,4.0,238.0,/en/stats/leaderboard?page=serve,3.0,5.0,73.0,32.0,44.0,75.0,24.0,32.0,8.0,1.0,12.0,67.0,2.0,3.0,5.0,170.0,/en/stats/leaderboard?page=return,25.0,8.0,32.0,92.0,11.0,12.0,33.0,1.0,3.0,5.0,214.0,/en/stats/leaderboard?page=return,40.0,6.0,15.0,57.0,8.0,14.0,67.0,2.0,3.0,4.0,52.0,15.0,29.0,43.0,19.0,44.0,47.0,34.0,73.0,57.0,25.0,44.0,48.0,14.0,29.0,53.0,39.0,73.0,,4.0,
404,2026,ATP Masters 1000 Indian Wells,1000,2026-03-04T00:00:00,2026-03-15T00:00:00,Hard,96,9415725,$,MS051,Round of 64,02:16:48,"Game Set and Match Felix Auger-Aliassime. 
 Felix Auger-Aliassime wins the match  6-7(5) 6-3  6-4 .",F,3,AG37,G. Monfils,F. Auger-Aliassime,MC65,AG37,FRA,CAN,,9,"Game Set and Match Felix Auger-Aliassime. 
 Felix Auger-Aliassime wins the match  6-7(5) 6-3  6-4 .",F. Auger-Aliassime,G. Monfils,9,,CAN,FRA,7-6(5),3-6,4-6,,,02:16:48,353,/en/stats/leaderboard?page=serve,0,6,72,26,36,85,22,26,90,9,10,0,0,0,6,301,/en/stats/leaderboard?page=serve,3,9,60,26,43,88,23,26,47,8,17,100,1,1,6,65,/en/stats/leaderboard?page=return,12,3,26,53,9,17,0,0,1,6,25,/en/stats/leaderboard?page=return,15,4,26,10,1,10,0,0,0,6,86,31,36,28,12,43,54,43,79,72,31,43,14,5,36,46,36,79,,263.0,/en/stats/leaderboard?page=serve,2.0,3.0,73.0,22.0,30.0,64.0,14.0,22.0,50.0,4.0,8.0,75.0,3.0,4.0,4.0,313.0,/en/stats/leaderboard?page=serve,1.0,2.0,64.0,18.0,28.0,78.0,14.0,18.0,70.0,7.0,10.0,100.0,1.0,1.0,5.0,52.0,/en/stats/leaderboard?page=return,22.0,4.0,18.0,30.0,3.0,10.0,0.0,0.0,1.0,5.0,136.0,/en/stats/leaderboard?page=return,36.0,8.0,22.0,50.0,4.0,8.0,25.0,1.0,4.0,4.0,60.0,18.0,30.0,25.0,7.0,28.0,43.0,25.0,58.0,75.0,21.0,28.0,40.0,12.0,30.0,57.0,33.0,58.0,,303,/en/stats/leaderboard?page=serve,5,12,71,65,91,74,48,65,65,17,26,60,3,5,15,315,/en/stats/leaderboard?page=serve,4,14,65,64,98,81,52,64,59,20,34,100,2,2,16,71,65,91,27,26,98,48,91,189,73,72,98,29,26,91,52,98,189,B,269.0,/en/stats/leaderboard?page=serve,3.0,3.0,68.0,17.0,25.0,71.0,12.0,17.0,50.0,4.0,8.0,0.0,0.0,1.0,5.0,323.0,/en/stats/leaderboard?page=serve,0.0,3.0,74.0,20.0,27.0,75.0,15.0,20.0,71.0,5.0,7.0,0.0,0.0,0.0,5.0,54.0,/en/stats/leaderboard?page=return,25.0,5.0,20.0,29.0,2.0,7.0,0.0,0.0,0.0,5.0,199.0,/en/stats/leaderboard?page=return,29.0,5.0,17.0,50.0,4.0,8.0,100.0,1.0,1.0,5.0,64.0,16.0,25.0,26.0,7.0,27.0,44.0,23.0,52.0,74.0,20.0,27.0,36.0,9.0,25.0,56.0,29.0,52.0,,5.0,
404,2026,ATP Masters 1000 Indian Wells,1000,2026-03-04T00:00:00,2026-03-15T00:00:00,Hard,96,9415725,$,MS052,Round of 64,01:57:00,"Game Set and Match Flavio Cobolli. 
 Flavio Cobolli wins the match  3-6  6-3  6-4 .",F,3,C0E9,F. Cobolli,M. Kecmanovic,C0E9,KI95,ITA,SRB,15,,"Game Set and Match Flavio Cobolli. 
 Flavio Cobolli wins the match  3-6  6-3  6-4 .",F. Cobolli,M. Kecmanovic,15,,ITA,SRB,3-6,6-3,6-4,,,01:57:00,255,/en/stats/leaderboard?page=serve,0,0,52,15,29,80,12,15,43,6,14,50,1,2,5,202,/en/stats/leaderboard?page=serve,1,1,54,13,24,62,8,13,36,4,11,33,1,3,4,219,/en/stats/leaderboard?page=return,38,5,13,64,7,11,67,2,3,4,147,/en/stats/leaderboard?page=return,20,3,15,57,8,14,50,1,2,5,62,18,29,50,12,24,57,30,53,50,12,24,38,11,29,43,23,53,,265.0,/en/stats/leaderboard?page=serve,0.0,0.0,63.0,15.0,24.0,60.0,9.0,15.0,67.0,6.0,9.0,80.0,4.0,5.0,4.0,301.0,/en/stats/leaderboard?page=serve,3.0,5.0,55.0,16.0,29.0,75.0,12.0,16.0,69.0,9.0,13.0,0.0,0.0,0.0,5.0,56.0,/en/stats/leaderboard?page=return,25.0,4.0,16.0,31.0,4.0,13.0,0.0,0.0,0.0,5.0,118.0,/en/stats/leaderboard?page=return,40.0,6.0,15.0,33.0,3.0,9.0,20.0,1.0,5.0,4.0,63.0,15.0,24.0,28.0,8.0,29.0,43.0,23.0,53.0,72.0,21.0,29.0,38.0,9.0,24.0,57.0,30.0,53.0,,251,/en/stats/leaderboard?page=serve,2,1,52,45,86,73,33,45,49,20,41,75,9,12,14,269,/en/stats/leaderboard?page=serve,8,13,51,43,84,77,33,43,51,21,41,50,2,4,14,62,53,86,36,30,84,49,83,170,64,54,84,38,33,86,51,87,170,A,248.0,/en/stats/leaderboard?page=serve,2.0,1.0,45.0,15.0,33.0,80.0,12.0,15.0,44.0,8.0,18.0,80.0,4.0,5.0,5.0,288.0,/en/stats/leaderboard?page=serve,4.0,7.0,45.0,14.0,31.0,93.0,13.0,14.0,47.0,8.0,17.0,100.0,1.0,1.0,5.0,60.0,/en/stats/leaderboard?page=return,7.0,1.0,14.0,53.0,9.0,17.0,0.0,0.0,1.0,5.0,116.0,/en/stats/leaderboard?page=return,20.0,3.0,15.0,56.0,10.0,18.0,20.0,1.0,5.0,5.0,61.0,20.0,33.0,32.0,10.0,31.0,47.0,30.0,64.0,68.0,21.0,31.0,39.0,13.0,33.0,53.0,34.0,64.0,,,
404,2026,ATP Masters 1000 Indian Wells,1000,2026-03-04T00:00:00,2026-03-15T00:00:00,Hard,96,9415725,$,MS053,Round of 64,01:23:30,"Game Set and Match Frances Tiafoe. 
 Frances Tiafoe wins the match  6-4  6-2 .",F,3,TD51,J. Brooksby,F. Tiafoe,B0CD,TD51,USA,USA,,21,"Game Set and Match Frances Tiafoe. 
 Frances Tiafoe wins the match  6-4  6-2 .",F. Tiafoe,J. Brooksby,21,,USA,USA,4-6,2-6,,,,01:23:30,256,/en/stats/leaderboard?page=serve,0,5,67,22,33,77,17,22,27,3,11,50,1,2,5,329,/en/stats/leaderboard?page=serve,0,4,68,17,25,94,16,17,63,5,8,100,2,2,5,44,/en/stats/leaderboard?page=return,6,1,17,38,3,8,0,0,2,5,166,/en/stats/leaderboard?page=return,23,5,22,73,8,11,50,1,2,5,61,20,33,16,4,25,41,24,58,84,21,25,39,13,33,59,34,58,,164.0,/en/stats/leaderboard?page=serve,1.0,1.0,52.0,14.0,27.0,64.0,9.0,14.0,23.0,3.0,13.0,40.0,2.0,5.0,4.0,247.0,/en/stats/leaderboard?page=serve,1.0,2.0,46.0,13.0,28.0,85.0,11.0,13.0,40.0,6.0,15.0,0.0,0.0,1.0,4.0,200.0,/en/stats/leaderboard?page=return,15.0,2.0,13.0,60.0,9.0,15.0,100.0,1.0,1.0,4.0,248.0,/en/stats/leaderboard?page=return,36.0,5.0,14.0,77.0,10.0,13.0,60.0,3.0,5.0,4.0,44.0,12.0,27.0,39.0,11.0,28.0,42.0,23.0,55.0,61.0,17.0,28.0,56.0,15.0,27.0,58.0,32.0,55.0,,217,/en/stats/leaderboard?page=serve,1,6,60,36,60,72,26,36,25,6,24,43,3,7,9,288,/en/stats/leaderboard?page=serve,1,6,57,30,53,90,27,30,48,11,23,67,2,3,9,53,32,60,28,15,53,42,47,113,72,38,53,47,28,60,58,66,113,B,,,,,,,,,,,,,,,,,,,,,,,,,,,,,,,,,,,,,,,,,,,,,,,,,,,,,,,,,,,,,,,,,,,,,,,,,,,,,,,
404,2026,ATP Masters 1000 Indian Wells,1000,2026-03-04T00:00:00,2026-03-15T00:00:00,Hard,96,9415725,$,MS054,Round of 64,01:13:22,"Game Set and Match Brandon Nakashima. 
 Brandon Nakashima wins the match  6-3  6-4 .",F,3,N0AE,B. Nakashima,C. Ugo Carabelli,N0AE,U182,USA,ARG,28,,"Game Set and Match Brandon Nakashima. 
 Brandon Nakashima wins the match  6-3  6-4 .",B. Nakashima,C. Ugo Carabelli,28,,USA,ARG,6-3,6-4,,,,01:13:22,253,/en/stats/leaderboard?page=serve,0,1,60,15,25,67,10,15,50,5,10,75,3,4,4,317,/en/stats/leaderboard?page=serve,0,5,77,20,26,85,17,20,50,3,6,0,0,0,5,65,/en/stats/leaderboard?page=return,15,3,20,50,3,6,0,0,0,5,133,/en/stats/leaderboard?page=return,33,5,15,50,5,10,25,1,4,4,60,15,25,23,6,26,41,21,51,77,20,26,40,10,25,59,30,51,,291.0,/en/stats/leaderboard?page=serve,1.0,2.0,84.0,21.0,25.0,76.0,16.0,21.0,50.0,2.0,4.0,67.0,2.0,3.0,5.0,355.0,/en/stats/leaderboard?page=serve,0.0,8.0,78.0,18.0,23.0,89.0,16.0,18.0,80.0,4.0,5.0,0.0,0.0,0.0,5.0,31.0,/en/stats/leaderboard?page=return,11.0,2.0,18.0,20.0,1.0,5.0,0.0,0.0,0.0,5.0,127.0,/en/stats/leaderboard?page=return,24.0,5.0,21.0,50.0,2.0,4.0,33.0,1.0,3.0,5.0,72.0,18.0,25.0,13.0,3.0,23.0,44.0,21.0,48.0,87.0,20.0,23.0,28.0,7.0,25.0,56.0,27.0,48.0,,273,/en/stats/leaderboard?page=serve,1,3,72,36,50,72,26,36,50,7,14,71,5,7,9,342,/en/stats/leaderboard?page=serve,0,13,78,38,49,87,33,38,64,7,11,0,0,0,10,66,33,50,18,9,49,42,42,99,82,40,49,34,17,50,58,57,99,A,,,,,,,,,,,,,,,,,,,,,,,,,,,,,,,,,,,,,,,,,,,,,,,,,,,,,,,,,,,,,,,,,,,,,,,,,,,,,,,
404,2026,ATP Masters 1000 Indian Wells,1000,2026-03-04T00:00:00,2026-03-15T00:00:00,Hard,96,9415725,$,MS055,Round of 64,01:11:44,"Game Set and Match Alexander Zverev. 
 Alexander Zverev wins the match  6-3  6-4 .",F,3,Z355,M. Berrettini,A. Zverev,BK40,Z355,ITA,GER,,4,"Game Set and Match Alexander Zverev. 
 Alexander Zverev wins the match  6-3  6-4 .",A. Zverev,M. Berrettini,4,,GER,ITA,3-6,4-6,,,,01:11:44,266,/en/stats/leaderboard?page=serve,2,3,67,18,27,67,12,18,56,5,9,75,3,4,4,352,/en/stats/leaderboard?page=serve,1,2,77,17,22,94,16,17,80,4,5,0,0,0,5,26,/en/stats/leaderboard?page=return,6,1,17,20,1,5,0,0,0,5,127,/en/stats/leaderboard?page=return,33,6,18,44,4,9,25,1,4,4,63,17,27,9,2,22,39,19,49,91,20,22,37,10,27,61,30,49,,287.0,/en/stats/leaderboard?page=serve,0.0,2.0,80.0,20.0,25.0,85.0,17.0,20.0,40.0,2.0,5.0,0.0,0.0,1.0,5.0,343.0,/en/stats/leaderboard?page=serve,0.0,2.0,75.0,18.0,24.0,83.0,15.0,18.0,83.0,5.0,6.0,0.0,0.0,0.0,5.0,34.0,/en/stats/leaderboard?page=return,17.0,3.0,18.0,17.0,1.0,6.0,0.0,0.0,0.0,5.0,195.0,/en/stats/leaderboard?page=return,15.0,3.0,20.0,60.0,3.0,5.0,100.0,1.0,1.0,5.0,76.0,19.0,25.0,17.0,4.0,24.0,47.0,23.0,49.0,83.0,20.0,24.0,24.0,6.0,25.0,53.0,26.0,49.0,,279,/en/stats/leaderboard?page=serve,2,5,73,38,52,76,29,38,50,7,14,60,3,5,9,350,/en/stats/leaderboard?page=serve,1,4,76,35,46,89,31,35,82,9,11,0,0,0,10,69,36,52,13,6,46,43,42,98,87,40,46,31,16,52,57,56,98,B,,,,,,,,,,,,,,,,,,,,,,,,,,,,,,,,,,,,,,,,,,,,,,,,,,,,,,,,,,,,,,,,,,,,,,,,,,,,,,,
404,2026,ATP Masters 1000 Indian Wells,1000,2026-03-04T00:00:00,2026-03-15T00:00:00,Hard,96,9415725,$,MS056,Round of 64,02:12:51,"Game Set and Match Ben Shelton. 
 Ben Shelton wins the match  6-7(3) 7-6(4) 6-3 .",F,3,S0S1,B. Shelton,R. Opelka,S0S1,O522,USA,USA,8,,"Game Set and Match Ben Shelton. 
 Ben Shelton wins the match  6-7(3) 7-6(4) 6-3 .",B. Shelton,R. Opelka,8,,USA,USA,6-7(3),7-6(4),6-3,,,02:12:51,351,/en/stats/leaderboard?page=serve,1,11,72,23,32,91,21,23,78,7,9,0,0,0,6,307,/en/stats/leaderboard?page=serve,2,4,57,20,35,75,15,20,73,11,15,0,0,0,6,52,/en/stats/leaderboard?page=return,25,5,20,27,4,15,0,0,0,6,31,/en/stats/leaderboard?page=return,9,2,23,22,2,9,0,0,0,6,88,28,32,26,9,35,55,37,67,74,26,35,13,4,32,45,30,67,,301.0,/en/stats/leaderboard?page=serve,3.0,7.0,63.0,27.0,43.0,78.0,21.0,27.0,56.0,9.0,16.0,100.0,2.0,2.0,6.0,313.0,/en/stats/leaderboard?page=serve,3.0,5.0,70.0,26.0,37.0,96.0,25.0,26.0,45.0,5.0,11.0,0.0,0.0,0.0,6.0,59.0,/en/stats/leaderboard?page=return,4.0,1.0,26.0,55.0,6.0,11.0,0.0,0.0,0.0,6.0,66.0,/en/stats/leaderboard?page=return,22.0,6.0,27.0,44.0,7.0,16.0,0.0,0.0,2.0,6.0,70.0,30.0,43.0,19.0,7.0,37.0,46.0,37.0,80.0,81.0,30.0,37.0,30.0,13.0,43.0,54.0,43.0,80.0,4.0,317,/en/stats/leaderboard?page=serve,5,23,68,70,103,77,54,70,61,20,33,67,2,3,16,321,/en/stats/leaderboard?page=serve,6,11,61,60,98,87,52,60,68,26,38,0,0,0,17,72,74,103,20,20,98,47,94,201,80,78,98,28,29,103,53,107,201,A,260.0,/en/stats/leaderboard?page=serve,1.0,5.0,71.0,20.0,28.0,60.0,12.0,20.0,50.0,4.0,8.0,0.0,0.0,1.0,4.0,324.0,/en/stats/leaderboard?page=serve,1.0,2.0,54.0,14.0,26.0,86.0,12.0,14.0,83.0,10.0,12.0,0.0,0.0,0.0,5.0,31.0,/en/stats/leaderboard?page=return,14.0,2.0,14.0,17.0,2.0,12.0,0.0,0.0,0.0,5.0,215.0,/en/stats/leaderboard?page=return,40.0,8.0,20.0,50.0,4.0,8.0,100.0,1.0,1.0,4.0,57.0,16.0,28.0,15.0,4.0,26.0,37.0,20.0,54.0,85.0,22.0,26.0,43.0,12.0,28.0,63.0,34.0,54.0,,3.0,
404,2026,ATP Masters 1000 Indian Wells,1000,2026-03-04T00:00:00,2026-03-15T00:00:00,Hard,96,9415725,$,MS057,Round of 64,01:44:33,"Game Set and Match Learner Tien. 
 Learner Tien wins the match  7-6(3) 7-6(8).",F,3,T0HA,A. Walton,L. Tien,W09E,T0HA,AUS,USA,,25,"Game Set and Match Learner Tien. 
 Learner Tien wins the match  7-6(3) 7-6(8).",L. Tien,A. Walton,25,,USA,AUS,6-7(3),6-7(8),,,,01:44:33,301,/en/stats/leaderboard?page=serve,0,7,69,34,49,65,22,34,60,9,15,100,2,2,6,293,/en/stats/leaderboard?page=serve,3,2,47,18,38,72,13,18,75,15,20,0,0,0,6,53,/en/stats/leaderboard?page=return,28,5,18,25,5,20,0,0,0,6,75,/en/stats/leaderboard?page=return,35,12,34,40,6,15,0,0,2,6,63,31,49,26,10,38,47,41,87,74,28,38,37,18,49,53,46,87,3.0,280.0,/en/stats/leaderboard?page=serve,0.0,4.0,77.0,33.0,43.0,76.0,25.0,33.0,40.0,4.0,10.0,67.0,2.0,3.0,6.0,285.0,/en/stats/leaderboard?page=serve,1.0,7.0,64.0,28.0,44.0,82.0,23.0,28.0,50.0,8.0,16.0,67.0,2.0,3.0,6.0,117.0,/en/stats/leaderboard?page=return,18.0,5.0,28.0,50.0,8.0,16.0,33.0,1.0,3.0,6.0,133.0,/en/stats/leaderboard?page=return,24.0,8.0,33.0,60.0,6.0,10.0,33.0,1.0,3.0,6.0,67.0,29.0,43.0,30.0,13.0,44.0,48.0,42.0,87.0,70.0,31.0,44.0,33.0,14.0,43.0,52.0,45.0,87.0,8.0,297,/en/stats/leaderboard?page=serve,0,11,73,67,92,70,47,67,52,13,25,80,4,5,12,294,/en/stats/leaderboard?page=serve,4,9,56,46,82,78,36,46,64,23,36,67,2,3,12,65,60,92,28,23,82,48,83,174,72,59,82,35,32,92,52,91,174,B,,,,,,,,,,,,,,,,,,,,,,,,,,,,,,,,,,,,,,,,,,,,,,,,,,,,,,,,,,,,,,,,,,,,,,,,,,,,,,,
404,2026,ATP Masters 1000 Indian Wells,1000,2026-03-04T00:00:00,2026-03-15T00:00:00,Hard,96,9415725,$,MS058,Round of 64,01:19:00,"Game Set and Match Alejandro Davidovich Fokina. 
 Alejandro Davidovich Fokina wins the match  7-6(0) 6-2 .",F,3,DH50,A. Davidovich Fokina,Z. Svajda,DH50,S0K7,ESP,USA,18,,"Game Set and Match Alejandro Davidovich Fokina. 
 Alejandro Davidovich Fokina wins the match  7-6(0) 6-2 .",A. Davidovich Fokina,Z. Svajda,18,,ESP,USA,7-6(0),6-2,,,,01:19:00,242,/en/stats/leaderboard?page=serve,2,6,58,22,38,64,14,22,50,8,16,67,4,6,6,268,/en/stats/leaderboard?page=serve,1,5,70,26,37,73,19,26,55,6,11,50,2,4,6,155,/en/stats/leaderboard?page=return,27,7,26,45,5,11,50,2,4,6,152,/en/stats/leaderboard?page=return,36,8,22,50,8,16,33,2,6,6,58,22,38,32,12,37,45,34,75,68,25,37,42,16,38,55,41,75,0.0,208.0,/en/stats/leaderboard?page=serve,1.0,4.0,75.0,15.0,20.0,60.0,9.0,15.0,20.0,1.0,5.0,0.0,0.0,2.0,4.0,303.0,/en/stats/leaderboard?page=serve,0.0,3.0,62.0,16.0,26.0,88.0,14.0,16.0,50.0,5.0,10.0,100.0,3.0,3.0,4.0,63.0,/en/stats/leaderboard?page=return,13.0,2.0,16.0,50.0,5.0,10.0,0.0,0.0,3.0,4.0,270.0,/en/stats/leaderboard?page=return,40.0,6.0,15.0,80.0,4.0,5.0,100.0,2.0,2.0,4.0,50.0,10.0,20.0,27.0,7.0,26.0,37.0,17.0,46.0,73.0,19.0,26.0,50.0,10.0,20.0,63.0,29.0,46.0,,236,/en/stats/leaderboard?page=serve,3,10,64,37,58,62,23,37,43,9,21,50,4,8,10,285,/en/stats/leaderboard?page=serve,1,8,67,42,63,79,33,42,52,11,21,71,5,7,10,55,32,58,30,19,63,42,51,121,70,44,63,45,26,58,58,70,121,A,,,,,,,,,,,,,,,,,,,,,,,,,,,,,,,,,,,,,,,,,,,,,,,,,,,,,,,,,,,,,,,,,,,,,,,,,,,,,,,
404,2026,ATP Masters 1000 Indian Wells,1000,2026-03-04T00:00:00,2026-03-15T00:00:00,Hard,96,9415725,$,MS059,Round of 64,01:44:17,"Game Set and Match Jakub Mensik. 
 Jakub Mensik wins the match  7-5  7-6(4).",F,3,M0NI,M. Giron,J. Mensik,GC88,M0NI,USA,CZE,,12,"Game Set and Match Jakub Mensik. 
 Jakub Mensik wins the match  7-5  7-6(4).",J. Mensik,M. Giron,12,,CZE,USA,5-7,6-7(4),,,,01:44:17,247,/en/stats/leaderboard?page=serve,1,0,60,18,30,72,13,18,50,6,12,33,1,3,6,263,/en/stats/leaderboard?page=serve,2,6,66,27,41,74,20,27,36,5,14,86,6,7,6,120,/en/stats/leaderboard?page=return,26,7,27,64,9,14,14,1,7,6,178,/en/stats/leaderboard?page=return,28,5,18,50,6,12,67,2,3,6,63,19,30,39,16,41,49,35,71,61,25,41,37,11,30,51,36,71,,295.0,/en/stats/leaderboard?page=serve,1.0,2.0,67.0,26.0,39.0,73.0,19.0,26.0,54.0,7.0,13.0,0.0,0.0,0.0,6.0,290.0,/en/stats/leaderboard?page=serve,1.0,6.0,57.0,27.0,47.0,78.0,21.0,27.0,50.0,10.0,20.0,100.0,3.0,3.0,6.0,72.0,/en/stats/leaderboard?page=return,22.0,6.0,27.0,50.0,10.0,20.0,0.0,0.0,3.0,6.0,73.0,/en/stats/leaderboard?page=return,27.0,7.0,26.0,46.0,6.0,13.0,0.0,0.0,0.0,6.0,67.0,26.0,39.0,34.0,16.0,47.0,49.0,42.0,86.0,66.0,31.0,47.0,33.0,13.0,39.0,51.0,44.0,86.0,4.0,272,/en/stats/leaderboard?page=serve,2,2,64,44,69,73,32,44,52,13,25,33,1,3,12,281,/en/stats/leaderboard?page=serve,3,12,61,54,88,76,41,54,44,15,34,90,9,10,12,65,45,69,36,32,88,49,77,157,64,56,88,35,24,69,51,80,157,B,,,,,,,,,,,,,,,,,,,,,,,,,,,,,,,,,,,,,,,,,,,,,,,,,,,,,,,,,,,,,,,,,,,,,,,,,,,,,,,
404,2026,ATP Masters 1000 Indian Wells,1000,2026-03-04T00:00:00,2026-03-15T00:00:00,Hard,96,9415725,$,MS060,Round of 64,02:15:40,"Game Set and Match Joao Fonseca. 
 Joao Fonseca wins the match  4-6  7-6(7) 6-4 .",F,3,F0FV,K. Khachanov,J. Fonseca,KE29,F0FV,RUS,BRA,16,,"Game Set and Match Joao Fonseca. 
 Joao Fonseca wins the match  4-6  7-6(7) 6-4 .",J. Fonseca,K. Khachanov,,16,BRA,RUS,6-4,6-7(7),4-6,,,02:15:40,277,/en/stats/leaderboard?page=serve,2,4,74,26,35,65,17,26,56,5,9,0,0,1,5,234,/en/stats/leaderboard?page=serve,2,3,72,18,25,72,13,18,29,2,7,0,0,2,5,239,/en/stats/leaderboard?page=return,28,5,18,71,5,7,100,2,2,5,199,/en/stats/leaderboard?page=return,35,9,26,44,4,9,100,1,1,5,63,22,35,40,10,25,53,32,60,60,15,25,37,13,35,47,28,60,,314.0,/en/stats/leaderboard?page=serve,1.0,5.0,57.0,21.0,37.0,90.0,19.0,21.0,63.0,10.0,16.0,0.0,0.0,0.0,6.0,334.0,/en/stats/leaderboard?page=serve,0.0,6.0,73.0,27.0,37.0,85.0,23.0,27.0,70.0,7.0,10.0,0.0,0.0,0.0,6.0,45.0,/en/stats/leaderboard?page=return,15.0,4.0,27.0,30.0,3.0,10.0,0.0,0.0,0.0,6.0,48.0,/en/stats/leaderboard?page=return,10.0,2.0,21.0,38.0,6.0,16.0,0.0,0.0,0.0,6.0,78.0,29.0,37.0,19.0,7.0,37.0,49.0,36.0,74.0,81.0,30.0,37.0,22.0,8.0,37.0,51.0,38.0,74.0,7.0,284,/en/stats/leaderboard?page=serve,3,12,61,59,97,75,44,59,58,22,38,25,1,4,16,288,/en/stats/leaderboard?page=serve,3,11,71,66,93,80,53,66,48,13,27,57,4,7,16,68,66,97,29,27,93,49,93,190,71,66,93,32,31,97,51,97,190,B,232.0,/en/stats/leaderboard?page=serve,0.0,3.0,48.0,12.0,25.0,67.0,8.0,12.0,54.0,7.0,13.0,33.0,1.0,3.0,5.0,270.0,/en/stats/leaderboard?page=serve,1.0,2.0,68.0,21.0,31.0,81.0,17.0,21.0,40.0,4.0,10.0,80.0,4.0,5.0,5.0,119.0,/en/stats/leaderboard?page=return,19.0,4.0,21.0,60.0,6.0,10.0,20.0,1.0,5.0,5.0,186.0,/en/stats/leaderboard?page=return,33.0,4.0,12.0,46.0,6.0,13.0,67.0,2.0,3.0,5.0,60.0,15.0,25.0,32.0,10.0,31.0,45.0,25.0,56.0,68.0,21.0,31.0,40.0,10.0,25.0,55.0,31.0,56.0,,,
404,2026,ATP Masters 1000 Indian Wells,1000,2026-03-04T00:00:00,2026-03-15T00:00:00,Hard,96,9415725,$,MS061,Round of 64,01:08:11,"Game Set and Match Tommy Paul. 
 Tommy Paul wins the match  6-1  6-2 .",F,3,PL56,Z. Bergs,T. Paul,BU13,PL56,BEL,USA,,23,"Game Set and Match Tommy Paul. 
 Tommy Paul wins the match  6-1  6-2 .",T. Paul,Z. Bergs,23,,USA,BEL,1-6,2-6,,,,01:08:11,156,/en/stats/leaderboard?page=serve,2,2,32,8,25,75,6,8,24,4,17,50,3,6,4,307,/en/stats/leaderboard?page=serve,0,1,59,10,17,90,9,10,57,4,7,100,1,1,3,53,/en/stats/leaderboard?page=return,10,1,10,43,3,7,0,0,1,3,226,/en/stats/leaderboard?page=return,25,2,8,76,13,17,50,3,6,4,40,10,25,24,4,17,33,14,42,76,13,17,60,15,25,67,28,42,,205.0,/en/stats/leaderboard?page=serve,2.0,1.0,56.0,18.0,32.0,50.0,9.0,18.0,50.0,7.0,14.0,33.0,1.0,3.0,4.0,311.0,/en/stats/leaderboard?page=serve,1.0,0.0,55.0,12.0,22.0,67.0,8.0,12.0,90.0,9.0,10.0,100.0,2.0,2.0,4.0,43.0,/en/stats/leaderboard?page=return,33.0,4.0,12.0,10.0,1.0,10.0,0.0,0.0,2.0,4.0,217.0,/en/stats/leaderboard?page=return,50.0,9.0,18.0,50.0,7.0,14.0,67.0,2.0,3.0,4.0,50.0,16.0,32.0,23.0,5.0,22.0,39.0,21.0,54.0,77.0,17.0,22.0,50.0,16.0,32.0,61.0,33.0,54.0,,175,/en/stats/leaderboard?page=serve,4,3,46,26,57,58,15,26,35,11,31,44,4,9,8,309,/en/stats/leaderboard?page=serve,1,1,56,22,39,77,17,22,76,13,17,100,3,3,7,46,26,57,23,9,39,36,35,96,77,30,39,54,31,57,64,61,96,B,,,,,,,,,,,,,,,,,,,,,,,,,,,,,,,,,,,,,,,,,,,,,,,,,,,,,,,,,,,,,,,,,,,,,,,,,,,,,,,
404,2026,ATP Masters 1000 Indian Wells,1000,2026-03-04T00:00:00,2026-03-15T00:00:00,Hard,96,9415725,$,MS062,Round of 64,02:38:52,"Game Set and Match Denis Shapovalov. 
 Denis Shapovalov wins the match  6-3  2-6  7-6(5).",F,3,SU55,T. Etcheverry,D. Shapovalov,EA24,SU55,ARG,CAN,29,,"Game Set and Match Denis Shapovalov. 
 Denis Shapovalov wins the match  6-3  2-6  7-6(5).",D. Shapovalov,T. Etcheverry,,29,CAN,ARG,3-6,6-2,6-7(5),,,02:38:52,260,/en/stats/leaderboard?page=serve,0,0,69,20,29,60,12,20,56,5,9,67,2,3,4,321,/en/stats/leaderboard?page=serve,1,5,84,26,31,73,19,26,60,3,5,100,1,1,5,67,/en/stats/leaderboard?page=return,27,7,26,40,2,5,0,0,1,5,142,/en/stats/leaderboard?page=return,40,8,20,44,4,9,33,1,3,4,59,17,29,29,9,31,43,26,60,71,22,31,41,12,29,57,34,60,,276.0,/en/stats/leaderboard?page=serve,0.0,3.0,60.0,12.0,20.0,75.0,9.0,12.0,63.0,5.0,8.0,0.0,0.0,1.0,4.0,159.0,/en/stats/leaderboard?page=serve,4.0,2.0,43.0,10.0,23.0,70.0,7.0,10.0,23.0,3.0,13.0,0.0,0.0,3.0,4.0,282.0,/en/stats/leaderboard?page=return,30.0,3.0,10.0,77.0,10.0,13.0,100.0,3.0,3.0,4.0,188.0,/en/stats/leaderboard?page=return,25.0,3.0,12.0,38.0,3.0,8.0,100.0,1.0,1.0,4.0,70.0,14.0,20.0,57.0,13.0,23.0,63.0,27.0,43.0,43.0,10.0,23.0,30.0,6.0,20.0,37.0,16.0,43.0,,272,/en/stats/leaderboard?page=serve,0,4,64,65,102,65,42,65,54,20,37,80,8,10,14,265,/en/stats/leaderboard?page=serve,9,14,65,64,99,72,46,64,43,15,35,50,3,6,15,61,62,102,38,38,99,50,100,201,62,61,99,39,40,102,50,101,201,B,277.0,/en/stats/leaderboard?page=serve,0.0,1.0,62.0,33.0,53.0,64.0,21.0,33.0,50.0,10.0,20.0,100.0,6.0,6.0,6.0,289.0,/en/stats/leaderboard?page=serve,4.0,7.0,62.0,28.0,45.0,71.0,20.0,28.0,53.0,9.0,17.0,100.0,2.0,2.0,6.0,76.0,/en/stats/leaderboard?page=return,29.0,8.0,28.0,47.0,8.0,17.0,0.0,0.0,2.0,6.0,86.0,/en/stats/leaderboard?page=return,36.0,12.0,33.0,50.0,10.0,20.0,0.0,0.0,6.0,6.0,58.0,31.0,53.0,36.0,16.0,45.0,48.0,47.0,98.0,64.0,29.0,45.0,42.0,22.0,53.0,52.0,51.0,98.0,5.0,,
404,2026,ATP Masters 1000 Indian Wells,1000,2026-03-04T00:00:00,2026-03-15T00:00:00,Hard,96,9415725,$,MS063,Round of 64,01:04:51,"Game Set and Match Jannik Sinner. 
 Jannik Sinner wins the match  6-1  6-1 .",F,3,S0AG,D. Svrcina,J. Sinner,S0GD,S0AG,CZE,ITA,,2,"Game Set and Match Jannik Sinner. 
 Jannik Sinner wins the match  6-1  6-1 .",J. Sinner,D. Svrcina,2,,ITA,CZE,1-6,1-6,,,,01:04:51,190,/en/stats/leaderboard?page=serve,1,1,56,9,16,44,4,9,57,4,7,33,1,3,3,335,/en/stats/leaderboard?page=serve,1,2,71,15,21,80,12,15,83,5,6,100,1,1,4,37,/en/stats/leaderboard?page=return,20,3,15,17,1,6,0,0,1,4,232,/en/stats/leaderboard?page=return,56,5,9,43,3,7,67,2,3,3,50,8,16,19,4,21,32,12,37,81,17,21,50,8,16,68,25,37,,185.0,/en/stats/leaderboard?page=serve,3.0,0.0,73.0,29.0,40.0,45.0,13.0,29.0,45.0,5.0,11.0,67.0,6.0,9.0,4.0,313.0,/en/stats/leaderboard?page=serve,1.0,0.0,65.0,11.0,17.0,82.0,9.0,11.0,67.0,4.0,6.0,0.0,0.0,0.0,3.0,51.0,/en/stats/leaderboard?page=return,18.0,2.0,11.0,33.0,2.0,6.0,0.0,0.0,0.0,3.0,218.0,/en/stats/leaderboard?page=return,55.0,16.0,29.0,55.0,6.0,11.0,33.0,3.0,9.0,4.0,45.0,18.0,40.0,24.0,4.0,17.0,39.0,22.0,57.0,76.0,13.0,17.0,55.0,22.0,40.0,61.0,35.0,57.0,,188,/en/stats/leaderboard?page=serve,4,1,68,38,56,45,17,38,50,9,18,58,7,12,7,324,/en/stats/leaderboard?page=serve,2,2,68,26,38,81,21,26,75,9,12,100,1,1,7,46,26,56,21,8,38,36,34,94,79,30,38,54,30,56,64,60,94,B,,,,,,,,,,,,,,,,,,,,,,,,,,,,,,,,,,,,,,,,,,,,,,,,,,,,,,,,,,,,,,,,,,,,,,,,,,,,,,,
404,2026,ATP Masters 1000 Indian Wells,1000,2026-03-04T00:00:00,2026-03-15T00:00:00,Hard,96,9415725,$,MS065,Round of 128,02:25:56,"Game Set and Match Grigor Dimitrov. 
 Grigor Dimitrov wins the match  6-4  5-7  6-4 .",F,3,D875,T. Atmane,G. Dimitrov,A0GC,D875,FRA,BUL,,,"Game Set and Match Grigor Dimitrov. 
 Grigor Dimitrov wins the match  6-4  5-7  6-4 .",G. Dimitrov,T. Atmane,,,BUL,FRA,4-6,7-5,4-6,,,02:25:56,220,/en/stats/leaderboard?page=serve,3,2,63,20,32,65,13,20,33,4,12,60,3,5,5,288,/en/stats/leaderboard?page=serve,0,1,58,14,24,79,11,14,70,7,10,0,0,1,5,171,/en/stats/leaderboard?page=return,21,3,14,30,3,10,100,1,1,5,182,/en/stats/leaderboard?page=return,35,7,20,67,8,12,40,2,5,5,53,17,32,25,6,24,41,23,56,75,18,24,47,15,32,59,33,56,,257.0,/en/stats/leaderboard?page=serve,2.0,3.0,49.0,23.0,47.0,78.0,18.0,23.0,46.0,11.0,24.0,89.0,8.0,9.0,6.0,230.0,/en/stats/leaderboard?page=serve,1.0,1.0,64.0,27.0,42.0,67.0,18.0,27.0,33.0,5.0,15.0,50.0,2.0,4.0,6.0,183.0,/en/stats/leaderboard?page=return,33.0,9.0,27.0,67.0,10.0,15.0,50.0,2.0,4.0,6.0,103.0,/en/stats/leaderboard?page=return,22.0,5.0,23.0,54.0,13.0,24.0,11.0,1.0,9.0,6.0,62.0,29.0,47.0,45.0,19.0,42.0,54.0,48.0,89.0,55.0,23.0,42.0,38.0,18.0,47.0,46.0,41.0,89.0,,236,/en/stats/leaderboard?page=serve,8,10,54,63,117,73,46,63,39,21,54,69,11,16,16,259,/en/stats/leaderboard?page=serve,2,3,62,58,94,74,43,58,47,17,36,33,2,6,16,57,67,117,36,34,94,48,101,211,64,60,94,43,50,117,52,110,211,B,223.0,/en/stats/leaderboard?page=serve,3.0,5.0,53.0,20.0,38.0,75.0,15.0,20.0,33.0,6.0,18.0,0.0,0.0,2.0,5.0,268.0,/en/stats/leaderboard?page=serve,1.0,1.0,61.0,17.0,28.0,82.0,14.0,17.0,45.0,5.0,11.0,0.0,0.0,1.0,5.0,193.0,/en/stats/leaderboard?page=return,18.0,3.0,17.0,55.0,6.0,11.0,100.0,1.0,1.0,5.0,232.0,/en/stats/leaderboard?page=return,25.0,5.0,20.0,67.0,12.0,18.0,100.0,2.0,2.0,5.0,55.0,21.0,38.0,32.0,9.0,28.0,45.0,30.0,66.0,68.0,19.0,28.0,45.0,17.0,38.0,55.0,36.0,66.0,,,
404,2026,ATP Masters 1000 Indian Wells,1000,2026-03-04T00:00:00,2026-03-15T00:00:00,Hard,96,9415725,$,MS066,Round of 128,02:42:28,"Game Set and Match Juan Manuel Cerundolo. 
 Juan Manuel Cerundolo wins the match  7-6(3) 6-7(5) 6-3 .",F,3,C0C8,J. Cerundolo,B. van de Zandschulp,C0C8,V812,ARG,NED,,,"Game Set and Match Juan Manuel Cerundolo. 
 Juan Manuel Cerundolo wins the match  7-6(3) 6-7(5) 6-3 .",J. Cerundolo,B. van de Zandschulp,,,ARG,NED,7-6(3),6-7(5),6-3,,,02:42:28,234,/en/stats/leaderboard?page=serve,5,2,67,24,36,71,17,24,33,4,12,0,0,2,6,239,/en/stats/leaderboard?page=serve,1,3,65,36,55,64,23,36,42,8,19,60,3,5,6,167,/en/stats/leaderboard?page=return,36,13,36,58,11,19,40,2,5,6,229,/en/stats/leaderboard?page=return,29,7,24,67,8,12,100,2,2,6,58,21,36,44,24,55,49,45,91,56,31,55,42,15,36,51,46,91,3.0,283.0,/en/stats/leaderboard?page=serve,1.0,2.0,64.0,28.0,44.0,79.0,22.0,28.0,56.0,9.0,16.0,50.0,1.0,2.0,6.0,280.0,/en/stats/leaderboard?page=serve,0.0,6.0,74.0,32.0,43.0,72.0,23.0,32.0,45.0,5.0,11.0,50.0,1.0,2.0,6.0,149.0,/en/stats/leaderboard?page=return,28.0,9.0,32.0,55.0,6.0,11.0,50.0,1.0,2.0,6.0,131.0,/en/stats/leaderboard?page=return,21.0,6.0,28.0,44.0,7.0,16.0,50.0,1.0,2.0,6.0,70.0,31.0,44.0,35.0,15.0,43.0,53.0,46.0,87.0,65.0,28.0,43.0,30.0,13.0,44.0,47.0,41.0,87.0,,255,/en/stats/leaderboard?page=serve,9,4,64,65,102,72,47,65,49,18,37,20,1,5,16,279,/en/stats/leaderboard?page=serve,1,12,69,88,128,69,61,88,48,19,40,57,4,7,17,64,65,102,38,48,128,49,113,230,63,80,128,36,37,102,51,117,230,A,249.0,/en/stats/leaderboard?page=serve,3.0,0.0,59.0,13.0,22.0,62.0,8.0,13.0,56.0,5.0,9.0,0.0,0.0,1.0,4.0,305.0,/en/stats/leaderboard?page=serve,0.0,3.0,67.0,20.0,30.0,75.0,15.0,20.0,60.0,6.0,10.0,0.0,0.0,0.0,5.0,65.0,/en/stats/leaderboard?page=return,25.0,5.0,20.0,40.0,4.0,10.0,0.0,0.0,0.0,5.0,207.0,/en/stats/leaderboard?page=return,38.0,5.0,13.0,44.0,4.0,9.0,100.0,1.0,1.0,4.0,59.0,13.0,22.0,30.0,9.0,30.0,42.0,22.0,52.0,70.0,21.0,30.0,41.0,9.0,22.0,58.0,30.0,52.0,,,5.0
404,2026,ATP Masters 1000 Indian Wells,1000,2026-03-04T00:00:00,2026-03-15T00:00:00,Hard,96,9415725,$,MS069,Round of 128,01:50:36,"Game Set and Match Nuno Borges. 
 Nuno Borges wins the match  7-6(9) 7-5 .",F,3,BT72,N. Borges,E. Nava,BT72,N0AM,POR,USA,,,"Game Set and Match Nuno Borges. 
 Nuno Borges wins the match  7-6(9) 7-5 .",N. Borges,E. Nava,,,POR,USA,7-6(9),7-5,,,,01:50:36,299,/en/stats/leaderboard?page=serve,2,9,66,37,56,73,27,37,53,10,19,100,4,4,6,300,/en/stats/leaderboard?page=serve,2,1,61,28,46,96,27,28,44,8,18,100,2,2,6,60,/en/stats/leaderboard?page=return,4,1,28,56,10,18,0,0,2,6,74,/en/stats/leaderboard?page=return,27,10,37,47,9,19,0,0,4,6,66,37,56,24,11,46,47,48,102,76,35,46,34,19,56,53,54,102,9.0,272.0,/en/stats/leaderboard?page=serve,1.0,3.0,63.0,24.0,38.0,67.0,16.0,24.0,57.0,8.0,14.0,83.0,5.0,6.0,6.0,325.0,/en/stats/leaderboard?page=serve,0.0,2.0,64.0,21.0,33.0,76.0,16.0,21.0,83.0,10.0,12.0,100.0,3.0,3.0,6.0,41.0,/en/stats/leaderboard?page=return,24.0,5.0,21.0,17.0,2.0,12.0,0.0,0.0,3.0,6.0,109.0,/en/stats/leaderboard?page=return,33.0,8.0,24.0,43.0,6.0,14.0,17.0,1.0,6.0,6.0,63.0,24.0,38.0,21.0,7.0,33.0,44.0,31.0,71.0,79.0,26.0,33.0,37.0,14.0,38.0,56.0,40.0,71.0,,290,/en/stats/leaderboard?page=serve,3,12,65,61,94,70,43,61,55,18,33,90,9,10,12,311,/en/stats/leaderboard?page=serve,2,3,62,49,79,88,43,49,60,18,30,100,5,5,12,65,61,94,23,18,79,46,79,173,77,61,79,35,33,94,54,94,173,A,,,,,,,,,,,,,,,,,,,,,,,,,,,,,,,,,,,,,,,,,,,,,,,,,,,,,,,,,,,,,,,,,,,,,,,,,,,,,,,
404,2026,ATP Masters 1000 Indian Wells,1000,2026-03-04T00:00:00,2026-03-15T00:00:00,Hard,96,9415725,$,MS070,Round of 128,02:10:40,"Game Set and Match Alexander Shevchenko. 
 Alexander Shevchenko wins the match  6-4  3-6  6-2 .",F,3,S0H2,A. Shevchenko,S. Shimabukuro,S0H2,SY67,KAZ,JPN,,,"Game Set and Match Alexander Shevchenko. 
 Alexander Shevchenko wins the match  6-4  3-6  6-2 .",A. Shevchenko,S. Shimabukuro,,,KAZ,JPN,6-4,3-6,6-2,,,02:10:40,270,/en/stats/leaderboard?page=serve,3,6,48,14,29,86,12,14,53,8,15,67,2,3,5,308,/en/stats/leaderboard?page=serve,0,4,67,22,33,73,16,22,64,7,11,100,1,1,5,63,/en/stats/leaderboard?page=return,27,6,22,36,4,11,0,0,1,5,114,/en/stats/leaderboard?page=return,14,2,14,47,7,15,33,1,3,5,69,20,29,30,10,33,48,30,62,70,23,33,31,9,29,52,32,62,,277.0,/en/stats/leaderboard?page=serve,3.0,0.0,45.0,14.0,31.0,64.0,9.0,14.0,71.0,12.0,17.0,0.0,0.0,0.0,5.0,241.0,/en/stats/leaderboard?page=serve,0.0,2.0,38.0,11.0,29.0,82.0,9.0,11.0,44.0,8.0,18.0,67.0,2.0,3.0,4.0,132.0,/en/stats/leaderboard?page=return,18.0,2.0,11.0,56.0,10.0,18.0,33.0,1.0,3.0,4.0,65.0,/en/stats/leaderboard?page=return,36.0,5.0,14.0,29.0,5.0,17.0,0.0,0.0,0.0,5.0,68.0,21.0,31.0,41.0,12.0,29.0,55.0,33.0,60.0,59.0,17.0,29.0,32.0,10.0,31.0,45.0,27.0,60.0,,248,/en/stats/leaderboard?page=serve,10,6,51,46,91,72,33,46,51,23,45,57,4,7,14,282,/en/stats/leaderboard?page=serve,0,8,53,48,91,73,35,48,56,24,43,80,4,5,13,62,56,91,35,32,91,48,88,182,65,59,91,38,35,91,52,94,182,A,194.0,/en/stats/leaderboard?page=serve,4.0,0.0,58.0,18.0,31.0,67.0,12.0,18.0,23.0,3.0,13.0,50.0,2.0,4.0,4.0,285.0,/en/stats/leaderboard?page=serve,0.0,2.0,52.0,15.0,29.0,67.0,10.0,15.0,64.0,9.0,14.0,100.0,1.0,1.0,4.0,69.0,/en/stats/leaderboard?page=return,33.0,5.0,15.0,36.0,5.0,14.0,0.0,0.0,1.0,4.0,210.0,/en/stats/leaderboard?page=return,33.0,6.0,18.0,77.0,10.0,13.0,50.0,2.0,4.0,4.0,48.0,15.0,31.0,34.0,10.0,29.0,42.0,25.0,60.0,66.0,19.0,29.0,52.0,16.0,31.0,58.0,35.0,60.0,,,
404,2026,ATP Masters 1000 Indian Wells,1000,2026-03-04T00:00:00,2026-03-15T00:00:00,Hard,96,9415725,$,MS073,Round of 128,02:09:00,"Game Set and Match Vit Kopriva. 
 Vit Kopriva wins the match  7-6(1) 7-5 .",F,3,KI82,M. Zheng,V. Kopriva,Z0BZ,KI82,USA,CZE,,,"Game Set and Match Vit Kopriva. 
 Vit Kopriva wins the match  7-6(1) 7-5 .",V. Kopriva,M. Zheng,,,CZE,USA,6-7(1),5-7,,,,02:09:00,222,/en/stats/leaderboard?page=serve,0,0,65,28,43,64,18,28,27,4,15,0,0,2,6,233,/en/stats/leaderboard?page=serve,3,1,51,20,39,55,11,20,63,12,19,0,0,2,6,215,/en/stats/leaderboard?page=return,45,9,20,37,7,19,100,2,2,6,242,/en/stats/leaderboard?page=return,36,10,28,73,11,15,100,2,2,6,51,22,43,41,16,39,46,38,82,59,23,39,49,21,43,54,44,82,1.0,208.0,/en/stats/leaderboard?page=serve,2.0,1.0,66.0,37.0,56.0,51.0,19.0,37.0,42.0,8.0,19.0,63.0,5.0,8.0,6.0,226.0,/en/stats/leaderboard?page=serve,5.0,2.0,61.0,27.0,44.0,78.0,21.0,27.0,24.0,4.0,17.0,67.0,4.0,6.0,6.0,164.0,/en/stats/leaderboard?page=return,22.0,6.0,27.0,76.0,13.0,17.0,33.0,2.0,6.0,6.0,195.0,/en/stats/leaderboard?page=return,49.0,18.0,37.0,58.0,11.0,19.0,38.0,3.0,8.0,6.0,48.0,27.0,56.0,43.0,19.0,44.0,46.0,46.0,100.0,57.0,25.0,44.0,52.0,29.0,56.0,54.0,54.0,100.0,,215,/en/stats/leaderboard?page=serve,2,1,66,65,99,57,37,65,35,12,34,50,5,10,12,230,/en/stats/leaderboard?page=serve,8,3,57,47,83,68,32,47,44,16,36,50,4,8,12,49,49,99,42,35,83,46,84,182,58,48,83,51,50,99,54,98,182,B,,,,,,,,,,,,,,,,,,,,,,,,,,,,,,,,,,,,,,,,,,,,,,,,,,,,,,,,,,,,,,,,,,,,,,,,,,,,,,,
404,2026,ATP Masters 1000 Indian Wells,1000,2026-03-04T00:00:00,2026-03-15T00:00:00,Hard,96,9415725,$,MS074,Round of 128,01:47:07,"Game Set and Match Rinky Hijikata. 
 Rinky Hijikata wins the match  7-6(5) 6-4 .",F,3,H0BH,F. Maestrelli,R. Hijikata,M0IF,H0BH,ITA,AUS,,,"Game Set and Match Rinky Hijikata. 
 Rinky Hijikata wins the match  7-6(5) 6-4 .",R. Hijikata,F. Maestrelli,,,AUS,ITA,6-7(5),4-6,,,,01:47:07,274,/en/stats/leaderboard?page=serve,1,5,74,34,46,71,24,34,42,5,12,83,5,6,6,271,/en/stats/leaderboard?page=serve,1,3,63,30,48,73,22,30,50,9,18,75,3,4,6,118,/en/stats/leaderboard?page=return,27,8,30,50,9,18,25,1,4,6,120,/en/stats/leaderboard?page=return,29,10,34,58,7,12,17,1,6,6,63,29,46,35,17,48,49,46,94,65,31,48,37,17,46,51,48,94,5.0,271.0,/en/stats/leaderboard?page=serve,1.0,2.0,72.0,18.0,25.0,89.0,16.0,18.0,29.0,2.0,7.0,50.0,1.0,2.0,5.0,301.0,/en/stats/leaderboard?page=serve,1.0,2.0,50.0,14.0,28.0,71.0,10.0,14.0,79.0,11.0,14.0,100.0,1.0,1.0,5.0,50.0,/en/stats/leaderboard?page=return,29.0,4.0,14.0,21.0,3.0,14.0,0.0,0.0,1.0,5.0,152.0,/en/stats/leaderboard?page=return,11.0,2.0,18.0,71.0,5.0,7.0,50.0,1.0,2.0,5.0,72.0,18.0,25.0,25.0,7.0,28.0,47.0,25.0,53.0,75.0,21.0,28.0,28.0,7.0,25.0,53.0,28.0,53.0,,273,/en/stats/leaderboard?page=serve,2,7,73,52,71,77,40,52,37,7,19,75,6,8,11,287,/en/stats/leaderboard?page=serve,2,5,58,44,76,73,32,44,63,20,32,80,4,5,11,66,47,71,32,24,76,48,71,147,68,52,76,34,24,71,52,76,147,B,,,,,,,,,,,,,,,,,,,,,,,,,,,,,,,,,,,,,,,,,,,,,,,,,,,,,,,,,,,,,,,,,,,,,,,,,,,,,,,
404,2026,ATP Masters 1000 Indian Wells,1000,2026-03-04T00:00:00,2026-03-15T00:00:00,Hard,96,9415725,$,MS077,Round of 128,01:02:16,"Game Set and Match Mackenzie McDonald. 
 Mackenzie McDonald wins the match  6-0  6-1 .",F,3,MK66,M. Arnaldi,M. McDonald,A0FC,MK66,ITA,USA,,,"Game Set and Match Mackenzie McDonald. 
 Mackenzie McDonald wins the match  6-0  6-1 .",M. McDonald,M. Arnaldi,,,USA,ITA,0-6,1-6,,,,01:02:16,86,/en/stats/leaderboard?page=serve,5,0,33,6,18,33,2,6,25,3,12,40,2,5,3,286,/en/stats/leaderboard?page=serve,0,2,50,9,18,56,5,9,78,7,9,0,0,0,3,66,/en/stats/leaderboard?page=return,44,4,9,22,2,9,0,0,0,3,302,/en/stats/leaderboard?page=return,67,4,6,75,9,12,60,3,5,3,28,5,18,33,6,18,31,11,36,67,12,18,72,13,18,69,25,36,,185.0,/en/stats/leaderboard?page=serve,0.0,2.0,50.0,8.0,16.0,50.0,4.0,8.0,50.0,4.0,8.0,0.0,0.0,2.0,3.0,287.0,/en/stats/leaderboard?page=serve,0.0,0.0,55.0,18.0,33.0,72.0,13.0,18.0,60.0,9.0,15.0,100.0,5.0,5.0,4.0,68.0,/en/stats/leaderboard?page=return,28.0,5.0,18.0,40.0,6.0,15.0,0.0,0.0,5.0,4.0,266.0,/en/stats/leaderboard?page=return,50.0,4.0,8.0,50.0,4.0,8.0,100.0,2.0,2.0,3.0,50.0,8.0,16.0,33.0,11.0,33.0,39.0,19.0,49.0,67.0,22.0,33.0,50.0,8.0,16.0,61.0,30.0,49.0,,132,/en/stats/leaderboard?page=serve,5,2,41,14,34,43,6,14,35,7,20,29,2,7,6,289,/en/stats/leaderboard?page=serve,0,2,53,27,51,67,18,27,67,16,24,100,5,5,7,38,13,34,33,17,51,35,30,85,67,34,51,62,21,34,65,55,85,B,,,,,,,,,,,,,,,,,,,,,,,,,,,,,,,,,,,,,,,,,,,,,,,,,,,,,,,,,,,,,,,,,,,,,,,,,,,,,,,
404,2026,ATP Masters 1000 Indian Wells,1000,2026-03-04T00:00:00,2026-03-15T00:00:00,Hard,96,9415725,$,MS078,Round of 128,01:18:08,"Game Set and Match Sebastian Korda. 
 Sebastian Korda wins the match  7-5  6-0 .",F,3,K0AH,S. Korda,F. Comesana,K0AH,C0DF,USA,ARG,,,"Game Set and Match Sebastian Korda. 
 Sebastian Korda wins the match  7-5  6-0 .",S. Korda,F. Comesana,,,USA,ARG,7-5,6-0,,,,01:18:08,178,/en/stats/leaderboard?page=serve,1,1,60,25,42,44,11,25,41,7,17,43,3,7,6,205,/en/stats/leaderboard?page=serve,1,0,59,19,32,74,14,19,23,3,13,25,1,4,6,228,/en/stats/leaderboard?page=return,26,5,19,77,10,13,75,3,4,6,238,/en/stats/leaderboard?page=return,56,14,25,59,10,17,57,4,7,6,43,18,42,47,15,32,45,33,74,53,17,32,57,24,42,55,41,74,,110.0,/en/stats/leaderboard?page=serve,0.0,0.0,63.0,10.0,16.0,30.0,3.0,10.0,17.0,1.0,6.0,25.0,1.0,4.0,3.0,295.0,/en/stats/leaderboard?page=serve,1.0,0.0,59.0,10.0,17.0,80.0,8.0,10.0,57.0,4.0,7.0,0.0,0.0,0.0,3.0,63.0,/en/stats/leaderboard?page=return,20.0,2.0,10.0,43.0,3.0,7.0,0.0,0.0,0.0,3.0,328.0,/en/stats/leaderboard?page=return,70.0,7.0,10.0,83.0,5.0,6.0,75.0,3.0,4.0,3.0,25.0,4.0,16.0,29.0,5.0,17.0,27.0,9.0,33.0,71.0,12.0,17.0,75.0,12.0,16.0,73.0,24.0,33.0,,157,/en/stats/leaderboard?page=serve,1,1,60,35,58,40,14,35,35,8,23,36,4,11,9,234,/en/stats/leaderboard?page=serve,2,0,59,29,49,76,22,29,35,7,20,25,1,4,9,38,22,58,41,20,49,39,42,107,59,29,49,62,36,58,61,65,107,A,,,,,,,,,,,,,,,,,,,,,,,,,,,,,,,,,,,,,,,,,,,,,,,,,,,,,,,,,,,,,,,,,,,,,,,,,,,,,,,
404,2026,ATP Masters 1000 Indian Wells,1000,2026-03-04T00:00:00,2026-03-15T00:00:00,Hard,96,9415725,$,MS081,Round of 128,01:46:59,"Game Set and Match Kamil Majchrzak. 
 Kamil Majchrzak wins the match  6-3  1-6  7-5 .",F,3,MQ75,K. Majchrzak,G. Mpetshi Perricard,MQ75,M0GZ,POL,FRA,,,"Game Set and Match Kamil Majchrzak. 
 Kamil Majchrzak wins the match  6-3  1-6  7-5 .",K. Majchrzak,G. Mpetshi Perricard,,,POL,FRA,6-3,1-6,7-5,,,01:46:59,251,/en/stats/leaderboard?page=serve,2,2,71,17,24,76,13,17,29,2,7,50,1,2,4,289,/en/stats/leaderboard?page=serve,0,3,81,25,31,88,22,25,17,1,6,0,0,0,5,95,/en/stats/leaderboard?page=return,12,3,25,83,5,6,0,0,0,5,170,/en/stats/leaderboard?page=return,24,4,17,71,5,7,50,1,2,4,63,15,24,26,8,31,42,23,55,74,23,31,38,9,24,58,32,55,,280.0,/en/stats/leaderboard?page=serve,2.0,3.0,70.0,21.0,30.0,76.0,16.0,21.0,33.0,3.0,9.0,100.0,1.0,1.0,4.0,189.0,/en/stats/leaderboard?page=serve,0.0,2.0,69.0,11.0,16.0,45.0,5.0,11.0,40.0,2.0,5.0,0.0,0.0,2.0,3.0,281.0,/en/stats/leaderboard?page=return,55.0,6.0,11.0,60.0,3.0,5.0,100.0,2.0,2.0,3.0,91.0,/en/stats/leaderboard?page=return,24.0,5.0,21.0,67.0,6.0,9.0,0.0,0.0,1.0,4.0,63.0,19.0,30.0,56.0,9.0,16.0,61.0,28.0,46.0,44.0,7.0,16.0,37.0,11.0,30.0,39.0,18.0,46.0,,254,/en/stats/leaderboard?page=serve,7,11,70,63,90,76,48,63,26,7,27,57,4,7,14,275,/en/stats/leaderboard?page=serve,1,6,69,52,75,75,39,52,48,11,23,0,0,3,14,61,55,90,33,25,75,48,80,165,67,50,75,39,35,90,52,85,165,A,232.0,/en/stats/leaderboard?page=serve,3.0,6.0,69.0,25.0,36.0,76.0,19.0,25.0,18.0,2.0,11.0,50.0,2.0,4.0,6.0,282.0,/en/stats/leaderboard?page=serve,1.0,1.0,57.0,16.0,28.0,75.0,12.0,16.0,67.0,8.0,12.0,0.0,0.0,1.0,6.0,174.0,/en/stats/leaderboard?page=return,25.0,4.0,16.0,33.0,4.0,12.0,100.0,1.0,1.0,6.0,189.0,/en/stats/leaderboard?page=return,24.0,6.0,25.0,82.0,9.0,11.0,50.0,2.0,4.0,6.0,58.0,21.0,36.0,29.0,8.0,28.0,45.0,29.0,64.0,71.0,20.0,28.0,42.0,15.0,36.0,55.0,35.0,64.0,,,
404,2026,ATP Masters 1000 Indian Wells,1000,2026-03-04T00:00:00,2026-03-15T00:00:00,Hard,96,9415725,$,MS082,Round of 128,01:51:34,"Game Set and Match Aleksandar Kovacevic. 
 Aleksandar Kovacevic wins the match  7-6(6) 7-6(4).",F,3,K0AZ,H. Hurkacz,A. Kovacevic,HB71,K0AZ,POL,USA,,,"Game Set and Match Aleksandar Kovacevic. 
 Aleksandar Kovacevic wins the match  7-6(6) 7-6(4).",A. Kovacevic,H. Hurkacz,,,USA,POL,6-7(6),6-7(4),,,,01:51:34,311,/en/stats/leaderboard?page=serve,3,6,68,27,40,78,21,27,62,8,13,0,0,0,6,331,/en/stats/leaderboard?page=serve,0,4,75,27,36,85,23,27,67,6,9,0,0,0,6,48,/en/stats/leaderboard?page=return,15,4,27,33,3,9,0,0,0,6,60,/en/stats/leaderboard?page=return,22,6,27,38,5,13,0,0,0,6,73,29,40,19,7,36,47,36,76,81,29,36,28,11,40,53,40,76,6.0,261.0,/en/stats/leaderboard?page=serve,2.0,4.0,69.0,31.0,45.0,71.0,22.0,31.0,36.0,5.0,14.0,67.0,2.0,3.0,6.0,272.0,/en/stats/leaderboard?page=serve,4.0,5.0,63.0,29.0,46.0,72.0,21.0,29.0,53.0,9.0,17.0,67.0,2.0,3.0,6.0,124.0,/en/stats/leaderboard?page=return,28.0,8.0,29.0,47.0,8.0,17.0,33.0,1.0,3.0,6.0,142.0,/en/stats/leaderboard?page=return,29.0,9.0,31.0,64.0,9.0,14.0,33.0,1.0,3.0,6.0,60.0,27.0,45.0,35.0,16.0,46.0,47.0,43.0,91.0,65.0,30.0,46.0,40.0,18.0,45.0,53.0,48.0,91.0,4.0,286,/en/stats/leaderboard?page=serve,5,10,68,58,85,74,43,58,48,13,27,67,2,3,12,301,/en/stats/leaderboard?page=serve,4,9,68,56,82,79,44,56,58,15,26,67,2,3,12,66,56,85,28,23,82,47,79,167,72,59,82,34,29,85,53,88,167,B,,,,,,,,,,,,,,,,,,,,,,,,,,,,,,,,,,,,,,,,,,,,,,,,,,,,,,,,,,,,,,,,,,,,,,,,,,,,,,,
404,2026,ATP Masters 1000 Indian Wells,1000,2026-03-04T00:00:00,2026-03-15T00:00:00,Hard,96,9415725,$,MS085,Round of 128,01:16:51,"Game Set and Match Benjamin Bonzi. 
 Benjamin Bonzi wins the match  6-4  6-3 .",F,3,BM95,V. Royer,B. Bonzi,R0EB,BM95,FRA,FRA,,,"Game Set and Match Benjamin Bonzi. 
 Benjamin Bonzi wins the match  6-4  6-3 .",B. Bonzi,V. Royer,,,FRA,FRA,4-6,3-6,,,,01:16:51,227,/en/stats/leaderboard?page=serve,1,1,74,25,34,60,15,25,33,3,9,0,0,2,5,272,/en/stats/leaderboard?page=serve,0,0,88,21,24,71,15,21,33,1,3,0,0,1,5,216,/en/stats/leaderboard?page=return,29,6,21,67,2,3,100,1,1,5,247,/en/stats/leaderboard?page=return,40,10,25,67,6,9,100,2,2,5,53,18,34,33,8,24,45,26,58,67,16,24,47,16,34,55,32,58,,243.0,/en/stats/leaderboard?page=serve,0.0,3.0,58.0,15.0,26.0,67.0,10.0,15.0,55.0,6.0,11.0,33.0,1.0,3.0,5.0,311.0,/en/stats/leaderboard?page=serve,0.0,1.0,71.0,17.0,24.0,82.0,14.0,17.0,57.0,4.0,7.0,100.0,3.0,3.0,4.0,61.0,/en/stats/leaderboard?page=return,18.0,3.0,17.0,43.0,3.0,7.0,0.0,0.0,3.0,4.0,185.0,/en/stats/leaderboard?page=return,33.0,5.0,15.0,45.0,5.0,11.0,67.0,2.0,3.0,5.0,62.0,16.0,26.0,25.0,6.0,24.0,44.0,22.0,50.0,75.0,18.0,24.0,38.0,10.0,26.0,56.0,28.0,50.0,,238,/en/stats/leaderboard?page=serve,1,4,67,40,60,63,25,40,45,9,20,20,1,5,10,294,/en/stats/leaderboard?page=serve,0,1,79,38,48,76,29,38,50,5,10,75,3,4,9,57,34,60,29,14,48,44,48,108,71,34,48,43,26,60,56,60,108,B,,,,,,,,,,,,,,,,,,,,,,,,,,,,,,,,,,,,,,,,,,,,,,,,,,,,,,,,,,,,,,,,,,,,,,,,,,,,,,,
404,2026,ATP Masters 1000 Indian Wells,1000,2026-03-04T00:00:00,2026-03-15T00:00:00,Hard,96,9415725,$,MS086,Round of 128,02:20:49,"Game Set and Match Roberto Bautista Agut. 
 Roberto Bautista Agut wins the match  6-4 6-7(2) 6-4 .",F,3,BD06,F. Marozsan,R. Bautista Agut,M0CI,BD06,HUN,ESP,,,"Game Set and Match Roberto Bautista Agut. 
 Roberto Bautista Agut wins the match  6-4 6-7(2) 6-4 .",R. Bautista Agut,F. Marozsan,,,ESP,HUN,4-6,7-6(2),4-6,,,02:20:49,238,/en/stats/leaderboard?page=serve,1,4,67,24,36,58,14,24,50,6,12,0,0,2,5,272,/en/stats/leaderboard?page=serve,0,3,79,22,28,77,17,22,33,2,6,75,3,4,5,135,/en/stats/leaderboard?page=return,23,5,22,67,4,6,25,1,4,5,232,/en/stats/leaderboard?page=return,42,10,24,50,6,12,100,2,2,5,56,20,36,32,9,28,45,29,64,68,19,28,44,16,36,55,35,64,,297.0,/en/stats/leaderboard?page=serve,1.0,1.0,59.0,24.0,41.0,79.0,19.0,24.0,59.0,10.0,17.0,0.0,0.0,0.0,6.0,289.0,/en/stats/leaderboard?page=serve,2.0,0.0,47.0,17.0,36.0,76.0,13.0,17.0,68.0,13.0,19.0,100.0,3.0,3.0,6.0,56.0,/en/stats/leaderboard?page=return,24.0,4.0,17.0,32.0,6.0,19.0,0.0,0.0,3.0,6.0,62.0,/en/stats/leaderboard?page=return,21.0,5.0,24.0,41.0,7.0,17.0,0.0,0.0,0.0,6.0,71.0,29.0,41.0,28.0,10.0,36.0,51.0,39.0,77.0,72.0,26.0,36.0,29.0,12.0,41.0,49.0,38.0,77.0,,269,/en/stats/leaderboard?page=serve,3,7,62,68,109,68,46,68,54,22,41,25,1,4,16,296,/en/stats/leaderboard?page=serve,2,4,64,60,94,78,47,60,59,20,34,89,8,9,16,62,68,109,29,27,94,47,95,203,71,67,94,38,41,109,53,108,203,B,259.0,/en/stats/leaderboard?page=serve,1.0,2.0,63.0,20.0,32.0,65.0,13.0,20.0,50.0,6.0,12.0,50.0,1.0,2.0,5.0,308.0,/en/stats/leaderboard?page=serve,0.0,1.0,70.0,21.0,30.0,81.0,17.0,21.0,56.0,5.0,9.0,100.0,2.0,2.0,5.0,63.0,/en/stats/leaderboard?page=return,19.0,4.0,21.0,44.0,4.0,9.0,0.0,0.0,2.0,5.0,155.0,/en/stats/leaderboard?page=return,35.0,7.0,20.0,50.0,6.0,12.0,50.0,1.0,2.0,5.0,59.0,19.0,32.0,27.0,8.0,30.0,44.0,27.0,62.0,73.0,22.0,30.0,41.0,13.0,32.0,56.0,35.0,62.0,,,2.0
404,2026,ATP Masters 1000 Indian Wells,1000,2026-03-04T00:00:00,2026-03-15T00:00:00,Hard,96,9415725,$,MS089,Round of 128,00:58:32,"Game Set and Match Alejandro Tabilo. 
 Alejandro Tabilo wins the match  6-1  6-2 .",F,3,TE30,A. Tabilo,R. Jodar,TE30,J0DZ,CHI,ESP,,,"Game Set and Match Alejandro Tabilo. 
 Alejandro Tabilo wins the match  6-1  6-2 .",A. Tabilo,R. Jodar,,,CHI,ESP,6-1,6-2,,,,00:58:32,164,/en/stats/leaderboard?page=serve,2,2,60,12,20,58,7,12,13,1,8,0,0,2,3,296,/en/stats/leaderboard?page=serve,0,3,67,16,24,88,14,16,38,3,8,0,0,0,4,76,/en/stats/leaderboard?page=return,13,2,16,63,5,8,0,0,0,4,296,/en/stats/leaderboard?page=return,42,5,12,88,7,8,100,2,2,3,40,8,20,29,7,24,34,15,44,71,17,24,60,12,20,66,29,44,,217.0,/en/stats/leaderboard?page=serve,1.0,1.0,61.0,14.0,23.0,50.0,7.0,14.0,56.0,5.0,9.0,33.0,1.0,3.0,4.0,341.0,/en/stats/leaderboard?page=serve,0.0,1.0,74.0,14.0,19.0,86.0,12.0,14.0,80.0,4.0,5.0,0.0,0.0,0.0,4.0,34.0,/en/stats/leaderboard?page=return,14.0,2.0,14.0,20.0,1.0,5.0,0.0,0.0,0.0,4.0,211.0,/en/stats/leaderboard?page=return,50.0,7.0,14.0,44.0,4.0,9.0,67.0,2.0,3.0,4.0,52.0,12.0,23.0,16.0,3.0,19.0,36.0,15.0,42.0,84.0,16.0,19.0,48.0,11.0,23.0,64.0,27.0,42.0,,191,/en/stats/leaderboard?page=serve,3,3,60,26,43,54,14,26,35,6,17,20,1,5,7,315,/en/stats/leaderboard?page=serve,0,4,70,30,43,87,26,30,54,7,13,0,0,0,8,47,20,43,23,10,43,35,30,86,77,33,43,53,23,43,65,56,86,A,,,,,,,,,,,,,,,,,,,,,,,,,,,,,,,,,,,,,,,,,,,,,,,,,,,,,,,,,,,,,,,,,,,,,,,,,,,,,,,
404,2026,ATP Masters 1000 Indian Wells,1000,2026-03-04T00:00:00,2026-03-15T00:00:00,Hard,96,9415725,$,MS090,Round of 128,01:16:25,"Game Set and Match Sebastian Baez. 
 Sebastian Baez wins the match  6-3  6-2 .",F,3,B0BI,C. Tseng,S. Baez,T0AP,B0BI,TPE,ARG,,,"Game Set and Match Sebastian Baez. 
 Sebastian Baez wins the match  6-3  6-2 .",S. Baez,C. Tseng,,,ARG,TPE,3-6,2-6,,,,01:16:25,212,/en/stats/leaderboard?page=serve,2,0,77,24,31,63,15,24,14,1,7,50,2,4,5,299,/en/stats/leaderboard?page=serve,0,0,79,23,29,70,16,23,50,3,6,100,3,3,4,80,/en/stats/leaderboard?page=return,30,7,23,50,3,6,0,0,3,4,214,/en/stats/leaderboard?page=return,38,9,24,86,6,7,50,2,4,5,52,16,31,34,10,29,43,26,60,66,19,29,48,15,31,57,34,60,,202.0,/en/stats/leaderboard?page=serve,3.0,0.0,62.0,16.0,26.0,63.0,10.0,16.0,30.0,3.0,10.0,50.0,2.0,4.0,4.0,294.0,/en/stats/leaderboard?page=serve,1.0,0.0,74.0,17.0,23.0,88.0,15.0,17.0,33.0,2.0,6.0,100.0,1.0,1.0,4.0,79.0,/en/stats/leaderboard?page=return,12.0,2.0,17.0,67.0,4.0,6.0,0.0,0.0,1.0,4.0,208.0,/en/stats/leaderboard?page=return,38.0,6.0,16.0,70.0,7.0,10.0,50.0,2.0,4.0,4.0,50.0,13.0,26.0,26.0,6.0,23.0,39.0,19.0,49.0,74.0,17.0,23.0,50.0,13.0,26.0,61.0,30.0,49.0,,207,/en/stats/leaderboard?page=serve,5,0,70,40,57,63,25,40,24,4,17,50,4,8,9,296,/en/stats/leaderboard?page=serve,1,0,77,40,52,78,31,40,42,5,12,100,4,4,8,51,29,57,31,16,52,41,45,109,69,36,52,49,28,57,59,64,109,B,,,,,,,,,,,,,,,,,,,,,,,,,,,,,,,,,,,,,,,,,,,,,,,,,,,,,,,,,,,,,,,,,,,,,,,,,,,,,,,
404,2026,ATP Masters 1000 Indian Wells,1000,2026-03-04T00:00:00,2026-03-15T00:00:00,Hard,96,9415725,$,MS093,Round of 128,01:09:09,"Game Set and Match Alex Michelsen. 
 Alex Michelsen wins the match  6-3  6-4 .",F,3,M0QI,D. Merida,A. Michelsen,M0N7,M0QI,ESP,USA,,,"Game Set and Match Alex Michelsen. 
 Alex Michelsen wins the match  6-3  6-4 .",A. Michelsen,D. Merida,,,USA,ESP,3-6,4-6,,,,01:09:09,263,/en/stats/leaderboard?page=serve,1,1,79,22,28,59,13,22,50,3,6,0,0,1,4,345,/en/stats/leaderboard?page=serve,0,4,75,18,24,83,15,18,83,5,6,0,0,0,5,34,/en/stats/leaderboard?page=return,17,3,18,17,1,6,0,0,0,5,216,/en/stats/leaderboard?page=return,41,9,22,50,3,6,100,1,1,4,57,16,28,17,4,24,38,20,52,83,20,24,43,12,28,62,32,52,,249.0,/en/stats/leaderboard?page=serve,2.0,3.0,68.0,19.0,28.0,53.0,10.0,19.0,67.0,6.0,9.0,33.0,1.0,3.0,5.0,279.0,/en/stats/leaderboard?page=serve,1.0,2.0,74.0,23.0,31.0,74.0,17.0,23.0,50.0,4.0,8.0,0.0,0.0,1.0,5.0,196.0,/en/stats/leaderboard?page=return,26.0,6.0,23.0,50.0,4.0,8.0,100.0,1.0,1.0,5.0,187.0,/en/stats/leaderboard?page=return,47.0,9.0,19.0,33.0,3.0,9.0,67.0,2.0,3.0,5.0,57.0,16.0,28.0,32.0,10.0,31.0,44.0,26.0,59.0,68.0,21.0,31.0,43.0,12.0,28.0,56.0,33.0,59.0,,256,/en/stats/leaderboard?page=serve,3,4,73,41,56,56,23,41,60,9,15,25,1,4,9,312,/en/stats/leaderboard?page=serve,1,6,75,41,55,78,32,41,64,9,14,0,0,1,10,57,32,56,25,14,55,41,46,111,75,41,55,43,24,56,59,65,111,B,,,,,,,,,,,,,,,,,,,,,,,,,,,,,,,,,,,,,,,,,,,,,,,,,,,,,,,,,,,,,,,,,,,,,,,,,,,,,,,
404,2026,ATP Masters 1000 Indian Wells,1000,2026-03-04T00:00:00,2026-03-15T00:00:00,Hard,96,9415725,$,MS094,Round of 128,01:23:01,"Game Set and Match Jacob Fearnley. 
 Jacob Fearnley wins the match  6-3  6-3 .",F,3,F0BY,J. Fearnley,D. Dzumhur,F0BY,D923,GBR,BIH,,,"Game Set and Match Jacob Fearnley. 
 Jacob Fearnley wins the match  6-3  6-3 .",J. Fearnley,D. Dzumhur,,,GBR,BIH,6-3,6-3,,,,01:23:01,223,/en/stats/leaderboard?page=serve,1,1,68,28,41,57,16,28,38,5,13,67,4,6,5,291,/en/stats/leaderboard?page=serve,2,3,60,15,25,80,12,15,50,5,10,0,0,0,4,70,/en/stats/leaderboard?page=return,20,3,15,50,5,10,0,0,0,4,178,/en/stats/leaderboard?page=return,43,12,28,62,8,13,33,2,6,5,51,21,41,32,8,25,44,29,66,68,17,25,49,20,41,56,37,66,,206.0,/en/stats/leaderboard?page=serve,1.0,0.0,68.0,15.0,22.0,60.0,9.0,15.0,29.0,2.0,7.0,50.0,2.0,4.0,4.0,263.0,/en/stats/leaderboard?page=serve,3.0,3.0,64.0,18.0,28.0,89.0,16.0,18.0,30.0,3.0,10.0,50.0,1.0,2.0,5.0,151.0,/en/stats/leaderboard?page=return,11.0,2.0,18.0,70.0,7.0,10.0,50.0,1.0,2.0,5.0,211.0,/en/stats/leaderboard?page=return,40.0,6.0,15.0,71.0,5.0,7.0,50.0,2.0,4.0,4.0,50.0,11.0,22.0,32.0,9.0,28.0,40.0,20.0,50.0,68.0,19.0,28.0,50.0,11.0,22.0,60.0,30.0,50.0,,215,/en/stats/leaderboard?page=serve,2,1,68,43,63,58,25,43,35,7,20,60,6,10,9,276,/en/stats/leaderboard?page=serve,5,6,62,33,53,85,28,33,40,8,20,50,1,2,9,51,32,63,32,17,53,42,49,116,68,36,53,49,31,63,58,67,116,A,,,,,,,,,,,,,,,,,,,,,,,,,,,,,,,,,,,,,,,,,,,,,,,,,,,,,,,,,,,,,,,,,,,,,,,,,,,,,,,
