event_id,event_year,tourney_name,level,start_date,end_date,surface,singles_draw_size,prize_money,prize_money_currency,match_id,round,match_time_total,match_message,match_status,num_sets,winner_flag_raw,player_a,player_b,player_a_id,player_b_id,country_a,country_b,seed_a,seed_b,score_string,winner_player_name,loser_player_name,winner_seed,loser_seed,winner_country,loser_country,set1_score,set2_score,set3_score,set4_score,set5_score,match_date,serverating_set1_winner,serveratinglink_set1_winner,doublefaults_set1_winner,aces_set1_winner,firstserve_percent_set1_winner,firstserve_dividend_set1_winner,firstserve_divisor_set1_winner,firstservepointswon_percent_set1_winner,firstservepointswon_dividend_set1_winner,firstservepointswon_divisor_set1_winner,secondservepointswon_percent_set1_winner,secondservepointswon_dividend_set1_winner,secondservepointswon_divisor_set1_winner,breakpointssaved_percent_set1_winner,breakpointssaved_dividend_set1_winner,breakpointssaved_divisor_set1_winner,servicegamesplayed_set1_winner,serverating_set1_loser,serveratinglink_set1_loser,doublefaults_set1_loser,aces_set1_loser,firstserve_percent_set1_loser,firstserve_dividend_set1_loser,firstserve_divisor_set1_loser,firstservepointswon_percent_set1_loser,firstservepointswon_dividend_set1_loser,firstservepointswon_divisor_set1_loser,secondservepointswon_percent_set1_loser,secondservepointswon_dividend_set1_loser,secondservepointswon_divisor_set1_loser,breakpointssaved_percent_set1_loser,breakpointssaved_dividend_set1_loser,breakpointssaved_divisor_set1_loser,servicegamesplayed_set1_loser,returnrating_set1_winner,returnratinglink_set1_winner,firstservereturnpointswon_percent_set1_winner,firstservereturnpointswon_dividend_set1_winner,firstservereturnpointswon_divisor_set1_winner,secondservereturnpointswon_percent_set1_winner,secondservereturnpointswon_dividend_set1_winner,secondservereturnpointswon_divisor_set1_winner,breakpointsconverted_percent_set1_winner,breakpointsconverted_dividend_set1_winner,breakpointsconverted_divisor_set1_winner,returngamesplayed_set1_winner,returnrating_set1_loser,returnratinglink_set1_loser,firstservereturnpointswon_percent_set1_loser,firstservereturnpointswon_dividend_set1_loser,firstservereturnpointswon_divisor_set1_loser,secondservereturnpointswon_percent_set1_loser,secondservereturnpointswon_dividend_set1_loser,secondservereturnpointswon_divisor_set1_loser,breakpointsconverted_percent_set1_loser,breakpointsconverted_dividend_set1_loser,breakpointsconverted_divisor_set1_loser,returngamesplayed_set1_loser,totalservicepointswon_percent_set1_winner,totalservicepointswon_dividend_set1_winner,totalservicepointswon_divisor_set1_winner,totalreturnpointswon_percent_set1_winner,totalreturnpointswon_dividend_set1_winner,totalreturnpointswon_divisor_set1_winner,totalpointswon_percent_set1_winner,totalpointswon_dividend_set1_winner,totalpointswon_divisor_set1_winner,totalservicepointswon_percent_set1_loser,totalservicepointswon_dividend_set1_loser,totalservicepointswon_divisor_set1_loser,totalreturnpointswon_percent_set1_loser,totalreturnpointswon_dividend_set1_loser,totalreturnpointswon_divisor_set1_loser,totalpointswon_percent_set1_loser,totalpointswon_dividend_set1_loser,totalpointswon_divisor_set1_loser,serverating_set2_winner,serveratinglink_set2_winner,doublefaults_set2_winner,aces_set2_winner,firstserve_percent_set2_winner,firstserve_dividend_set2_winner,firstserve_divisor_set2_winner,firstservepointswon_percent_set2_winner,firstservepointswon_dividend_set2_winner,firstservepointswon_divisor_set2_winner,secondservepointswon_percent_set2_winner,secondservepointswon_dividend_set2_winner,secondservepointswon_divisor_set2_winner,breakpointssaved_percent_set2_winner,breakpointssaved_dividend_set2_winner,breakpointssaved_divisor_set2_winner,servicegamesplayed_set2_winner,serverating_set2_loser,serveratinglink_set2_loser,doublefaults_set2_loser,aces_set2_loser,firstserve_percent_set2_loser,firstserve_dividend_set2_loser,firstserve_divisor_set2_loser,firstservepointswon_percent_set2_loser,firstservepointswon_dividend_set2_loser,firstservepointswon_divisor_set2_loser,secondservepointswon_percent_set2_loser,secondservepointswon_dividend_set2_loser,secondservepointswon_divisor_set2_loser,breakpointssaved_percent_set2_loser,breakpointssaved_dividend_set2_loser,breakpointssaved_divisor_set2_loser,servicegamesplayed_set2_loser,returnrating_set2_winner,returnratinglink_set2_winner,firstservereturnpointswon_percent_set2_winner,firstservereturnpointswon_dividend_set2_winner,firstservereturnpointswon_divisor_set2_winner,secondservereturnpointswon_percent_set2_winner,secondservereturnpointswon_dividend_set2_winner,secondservereturnpointswon_divisor_set2_winner,breakpointsconverted_percent_set2_winner,breakpointsconverted_dividend_set2_winner,breakpointsconverted_divisor_set2_winner,returngamesplayed_set2_winner,returnrating_set2_loser,returnratinglink_set2_loser,firstservereturnpointswon_percent_set2_loser,firstservereturnpointswon_dividend_set2_loser,firstservereturnpointswon_divisor_set2_loser,secondservereturnpointswon_percent_set2_loser,secondservereturnpointswon_dividend_set2_loser,secondservereturnpointswon_divisor_set2_loser,breakpointsconverted_percent_set2_loser,breakpointsconverted_dividend_set2_loser,breakpointsconverted_divisor_set2_loser,returngamesplayed_set2_loser,totalservicepointswon_percent_set2_winner,totalservicepointswon_dividend_set2_winner,totalservicepointswon_divisor_set2_winner,totalreturnpointswon_percent_set2_winner,totalreturnpointswon_dividend_set2_winner,totalreturnpointswon_divisor_set2_winner,totalpointswon_percent_set2_winner,totalpointswon_dividend_set2_winner,totalpointswon_divisor_set2_winner,totalservicepointswon_percent_set2_loser,totalservicepointswon_dividend_set2_loser,totalservicepointswon_divisor_set2_loser,totalreturnpointswon_percent_set2_loser,totalreturnpointswon_dividend_set2_loser,totalreturnpointswon_divisor_set2_loser,totalpointswon_percent_set2_loser,totalpointswon_dividend_set2_loser,totalpointswon_divisor_set2_loser,serverating_tot_winner,serveratinglink_tot_winner,doublefaults_tot_winner,aces_tot_winner,firstserve_percent_tot_winner,firstserve_dividend_tot_winner,firstserve_divisor_tot_winner,firstservepointswon_percent_tot_winner,firstservepointswon_dividend_tot_winner,firstservepointswon_divisor_tot_winner,secondservepointswon_percent_tot_winner,secondservepointswon_dividend_tot_winner,secondservepointswon_divisor_tot_winner,breakpointssaved_percent_tot_winner,breakpointssaved_dividend_tot_winner,breakpointssaved_divisor_tot_winner,servicegamesplayed_tot_winner,serverating_tot_loser,serveratinglink_tot_loser,doublefaults_tot_loser,aces_tot_loser,firstserve_percent_tot_loser,firstserve_dividend_tot_loser,firstserve_divisor_tot_loser,firstservepointswon_percent_tot_loser,firstservepointswon_dividend_tot_loser,firstservepointswon_divisor_tot_loser,secondservepointswon_percent_tot_loser,secondservepointswon_dividend_tot_loser,secondservepointswon_divisor_tot_loser,breakpointssaved_percent_tot_loser,breakpointssaved_dividend_tot_loser,breakpointssaved_divisor_tot_loser,servicegamesplayed_tot_loser,totalservicepointswon_percent_tot_winner,totalservicepointswon_dividend_tot_winner,totalservicepointswon_divisor_tot_winner,totalreturnpointswon_percent_tot_winner,totalreturnpointswon_dividend_tot_winner,totalreturnpointswon_divisor_tot_winner,totalpointswon_percent_tot_winner,totalpointswon_dividend_tot_winner,totalpointswon_divisor_tot_winner,totalservicepointswon_percent_tot_loser,totalservicepointswon_dividend_tot_loser,totalservicepointswon_divisor_tot_loser,totalreturnpointswon_percent_tot_loser,totalreturnpointswon_dividend_tot_loser,totalreturnpointswon_divisor_tot_loser,totalpointswon_percent_tot_loser,totalpointswon_dividend_tot_loser,totalpointswon_divisor_tot_loser,winner_flag,tiebreak_set2_loser,serverating_set3_winner,serveratinglink_set3_winner,doublefaults_set3_winner,aces_set3_winner,firstserve_percent_set3_winner,firstserve_dividend_set3_winner,firstserve_divisor_set3_winner,firstservepointswon_percent_set3_winner,firstservepointswon_dividend_set3_winner,firstservepointswon_divisor_set3_winner,secondservepointswon_percent_set3_winner,secondservepointswon_dividend_set3_winner,secondservepointswon_divisor_set3_winner,breakpointssaved_percent_set3_winner,breakpointssaved_dividend_set3_winner,breakpointssaved_divisor_set3_winner,servicegamesplayed_set3_winner,serverating_set3_loser,serveratinglink_set3_loser,doublefaults_set3_loser,aces_set3_loser,firstserve_percent_set3_loser,firstserve_dividend_set3_loser,firstserve_divisor_set3_loser,firstservepointswon_percent_set3_loser,firstservepointswon_dividend_set3_loser,firstservepointswon_divisor_set3_loser,secondservepointswon_percent_set3_loser,secondservepointswon_dividend_set3_loser,secondservepointswon_divisor_set3_loser,breakpointssaved_percent_set3_loser,breakpointssaved_dividend_set3_loser,breakpointssaved_divisor_set3_loser,servicegamesplayed_set3_loser,returnrating_set3_winner,returnratinglink_set3_winner,firstservereturnpointswon_percent_set3_winner,firstservereturnpointswon_dividend_set3_winner,firstservereturnpointswon_divisor_set3_winner,secondservereturnpointswon_percent_set3_winner,secondservereturnpointswon_dividend_set3_winner,secondservereturnpointswon_divisor_set3_winner,breakpointsconverted_percent_set3_winner,breakpointsconverted_dividend_set3_winner,breakpointsconverted_divisor_set3_winner,returngamesplayed_set3_winner,returnrating_set3_loser,returnratinglink_set3_loser,firstservereturnpointswon_percent_set3_loser,firstservereturnpointswon_dividend_set3_loser,firstservereturnpointswon_divisor_set3_loser,secondservereturnpointswon_percent_set3_loser,secondservereturnpointswon_dividend_set3_loser,secondservereturnpointswon_divisor_set3_loser,breakpointsconverted_percent_set3_loser,breakpointsconverted_dividend_set3_loser,breakpointsconverted_divisor_set3_loser,returngamesplayed_set3_loser,totalservicepointswon_percent_set3_winner,totalservicepointswon_dividend_set3_winner,totalservicepointswon_divisor_set3_winner,totalreturnpointswon_percent_set3_winner,totalreturnpointswon_dividend_set3_winner,totalreturnpointswon_divisor_set3_winner,totalpointswon_percent_set3_winner,totalpointswon_dividend_set3_winner,totalpointswon_divisor_set3_winner,totalservicepointswon_percent_set3_loser,totalservicepointswon_dividend_set3_loser,totalservicepointswon_divisor_set3_loser,totalreturnpointswon_percent_set3_loser,totalreturnpointswon_dividend_set3_loser,totalreturnpointswon_divisor_set3_loser,totalpointswon_percent_set3_loser,totalpointswon_dividend_set3_loser,totalpointswon_divisor_set3_loser,tiebreak_set1_loser,tiebreak_set2_winner,tiebreak_set3_loser,tiebreak_set1_winner
1536,2026,ATP Masters 1000 Madrid,1000,2026-04-22T00:00:00,2026-05-03T00:00:00,Clay,96,8235540,€,MS002,Semifinals,01:26:06,"Game Set and Match Jannik Sinner. 
 Jannik Sinner wins the match  6-2  6-4 .",F,3,S0AG,J. Sinner,A. Fils,S0AG,F0F1,ITA,FRA,1,21,"Game Set and Match Jannik Sinner. 
 Jannik Sinner wins the match  6-2  6-4 .",J. Sinner,A. Fils,1,21,ITA,FRA,6-2,6-4,,,,01:26:06,316,/en/stats/leaderboard?page=serve,0,1,55,11,20,82,9,11,78,7,9,0,0,0,4,192,/en/stats/leaderboard?page=serve,1,0,39,12,31,67,8,12,37,7,19,33,1,3,4,213,/en/stats/leaderboard?page=return,33,4,12,63,12,19,67,2,3,4,40,/en/stats/leaderboard?page=return,18,2,11,22,2,9,0,0,0,4,80,16,20,52,16,31,63,32,51,48,15,31,20,4,20,37,19,51,306.0,/en/stats/leaderboard?page=serve,1.0,3.0,50.0,13.0,26.0,92.0,12.0,13.0,62.0,8.0,13.0,0.0,0.0,0.0,5.0,272.0,/en/stats/leaderboard?page=serve,1.0,3.0,60.0,18.0,30.0,72.0,13.0,18.0,58.0,7.0,12.0,67.0,2.0,3.0,5.0,123.0,/en/stats/leaderboard?page=return,28.0,5.0,18.0,42.0,5.0,12.0,33.0,1.0,3.0,5.0,46.0,/en/stats/leaderboard?page=return,8.0,1.0,13.0,38.0,5.0,13.0,0.0,0.0,0.0,5.0,77.0,20.0,26.0,33.0,10.0,30.0,54.0,30.0,56.0,67.0,20.0,30.0,23.0,6.0,26.0,46.0,26.0,56.0,311,/en/stats/leaderboard?page=serve,1,4,52,24,46,88,21,24,68,15,22,0,0,0,9,231,/en/stats/leaderboard?page=serve,2,3,49,30,61,70,21,30,45,14,31,50,3,6,9,78,36,46,43,26,61,58,62,107,57,35,61,22,10,46,42,45,107,A,,,,,,,,,,,,,,,,,,,,,,,,,,,,,,,,,,,,,,,,,,,,,,,,,,,,,,,,,,,,,,,,,,,,,,,,,,,,,,,,,
1536,2026,ATP Masters 1000 Madrid,1000,2026-04-22T00:00:00,2026-05-03T00:00:00,Clay,96,8235540,€,MS003,Semifinals,01:36:39,"Game Set and Match Alexander Zverev. 
 Alexander Zverev wins the match  6-2  7-5 .",F,3,Z355,A. Blockx,A. Zverev,B0PG,Z355,BEL,GER,,2,"Game Set and Match Alexander Zverev. 
 Alexander Zverev wins the match  6-2  7-5 .",A. Zverev,A. Blockx,2,,GER,BEL,2-6,5-7,,,,01:36:39,309,/en/stats/leaderboard?page=serve,1,5,76,19,25,79,15,19,50,3,6,0,0,0,4,206,/en/stats/leaderboard?page=serve,1,1,44,14,32,79,11,14,33,6,18,67,4,6,4,171,/en/stats/leaderboard?page=return,21,3,14,67,12,18,33,2,6,4,71,/en/stats/leaderboard?page=return,21,4,19,50,3,6,0,0,0,4,72,18,25,47,15,32,58,33,57,53,17,32,28,7,25,42,24,57,351.0,/en/stats/leaderboard?page=serve,1.0,1.0,78.0,21.0,27.0,90.0,19.0,21.0,83.0,5.0,6.0,0.0,0.0,0.0,6.0,256.0,/en/stats/leaderboard?page=serve,1.0,5.0,69.0,36.0,52.0,69.0,25.0,36.0,31.0,5.0,16.0,88.0,7.0,8.0,6.0,129.0,/en/stats/leaderboard?page=return,31.0,11.0,36.0,69.0,11.0,16.0,13.0,1.0,8.0,6.0,27.0,/en/stats/leaderboard?page=return,10.0,2.0,21.0,17.0,1.0,6.0,0.0,0.0,0.0,6.0,89.0,24.0,27.0,42.0,22.0,52.0,58.0,46.0,79.0,58.0,30.0,52.0,11.0,3.0,27.0,42.0,33.0,79.0,333,/en/stats/leaderboard?page=serve,2,6,77,40,52,85,34,40,67,8,12,0,0,0,10,238,/en/stats/leaderboard?page=serve,2,6,60,50,84,72,36,50,32,11,34,79,11,14,10,81,42,52,44,37,84,58,79,136,56,47,84,19,10,52,42,57,136,B,,,,,,,,,,,,,,,,,,,,,,,,,,,,,,,,,,,,,,,,,,,,,,,,,,,,,,,,,,,,,,,,,,,,,,,,,,,,,,,,,
1536,2026,ATP Masters 1000 Madrid,1000,2026-04-22T00:00:00,2026-05-03T00:00:00,Clay,96,8235540,€,MS004,Quarterfinals,01:56:48,"Game Set and Match Jannik Sinner. 
 Jannik Sinner wins the match  6-2  7-6(0).",F,3,S0AG,J. Sinner,R. Jodar,S0AG,J0DZ,ITA,ESP,1,,"Game Set and Match Jannik Sinner. 
 Jannik Sinner wins the match  6-2  7-6(0).",J. Sinner,R. Jodar,1,,ITA,ESP,6-2,7-6(0),,,,01:56:48,289,/en/stats/leaderboard?page=serve,1,4,60,21,35,62,13,21,64,9,14,100,2,2,4,216,/en/stats/leaderboard?page=serve,0,1,72,18,25,50,9,18,43,3,7,67,4,6,4,190,/en/stats/leaderboard?page=return,50,9,18,57,4,7,33,2,6,4,74,/en/stats/leaderboard?page=return,38,8,21,36,5,14,0,0,2,4,63,22,35,52,13,25,58,35,60,48,12,25,37,13,35,42,25,60,313.0,/en/stats/leaderboard?page=serve,1.0,2.0,70.0,30.0,43.0,80.0,24.0,30.0,62.0,8.0,13.0,100.0,5.0,5.0,6.0,282.0,/en/stats/leaderboard?page=serve,1.0,3.0,65.0,31.0,48.0,68.0,21.0,31.0,47.0,8.0,17.0,100.0,3.0,3.0,6.0,85.0,/en/stats/leaderboard?page=return,32.0,10.0,31.0,53.0,9.0,17.0,0.0,0.0,3.0,6.0,58.0,/en/stats/leaderboard?page=return,20.0,6.0,30.0,38.0,5.0,13.0,0.0,0.0,5.0,6.0,74.0,32.0,43.0,40.0,19.0,48.0,56.0,51.0,91.0,60.0,29.0,48.0,26.0,11.0,43.0,44.0,40.0,91.0,305,/en/stats/leaderboard?page=serve,2,6,65,51,78,73,37,51,63,17,27,100,7,7,10,257,/en/stats/leaderboard?page=serve,1,4,67,49,73,61,30,49,46,11,24,78,7,9,10,69,54,78,44,32,73,57,86,151,56,41,73,31,24,78,43,65,151,A,0.0,,,,,,,,,,,,,,,,,,,,,,,,,,,,,,,,,,,,,,,,,,,,,,,,,,,,,,,,,,,,,,,,,,,,,,,,,,,,,,,,
1536,2026,ATP Masters 1000 Madrid,1000,2026-04-22T00:00:00,2026-05-03T00:00:00,Clay,96,8235540,€,MS005,Quarterfinals,01:14:09,"Game Set and Match Arthur Fils. 
 Arthur Fils wins the match  6-3  6-4 .",F,3,F0F1,A. Fils,J. Lehecka,F0F1,L0BV,FRA,CZE,21,11,"Game Set and Match Arthur Fils. 
 Arthur Fils wins the match  6-3  6-4 .",A. Fils,J. Lehecka,21,11,FRA,CZE,6-3,6-4,,,,01:14:09,320,/en/stats/leaderboard?page=serve,1,2,70,19,27,74,14,19,75,6,8,0,0,0,5,276,/en/stats/leaderboard?page=serve,0,3,75,21,28,52,11,21,71,5,7,0,0,1,4,202,/en/stats/leaderboard?page=return,48,10,21,29,2,7,100,1,1,4,51,/en/stats/leaderboard?page=return,26,5,19,25,2,8,0,0,0,5,74,20,27,43,12,28,58,32,55,57,16,28,26,7,27,42,23,55,301.0,/en/stats/leaderboard?page=serve,1.0,0.0,62.0,16.0,26.0,100.0,16.0,16.0,40.0,4.0,10.0,0.0,0.0,0.0,5.0,303.0,/en/stats/leaderboard?page=serve,0.0,3.0,75.0,18.0,24.0,78.0,14.0,18.0,67.0,4.0,6.0,0.0,0.0,1.0,5.0,175.0,/en/stats/leaderboard?page=return,22.0,4.0,18.0,33.0,2.0,6.0,100.0,1.0,1.0,5.0,60.0,/en/stats/leaderboard?page=return,0.0,0.0,16.0,60.0,6.0,10.0,0.0,0.0,0.0,5.0,77.0,20.0,26.0,25.0,6.0,24.0,52.0,26.0,50.0,75.0,18.0,24.0,23.0,6.0,26.0,48.0,24.0,50.0,308,/en/stats/leaderboard?page=serve,2,2,66,35,53,86,30,35,56,10,18,0,0,0,10,291,/en/stats/leaderboard?page=serve,0,6,75,39,52,64,25,39,69,9,13,0,0,2,9,75,40,53,35,18,52,55,58,105,65,34,52,25,13,53,45,47,105,A,,,,,,,,,,,,,,,,,,,,,,,,,,,,,,,,,,,,,,,,,,,,,,,,,,,,,,,,,,,,,,,,,,,,,,,,,,,,,,,,,
1536,2026,ATP Masters 1000 Madrid,1000,2026-04-22T00:00:00,2026-05-03T00:00:00,Clay,96,8235540,€,MS007,Quarterfinals,01:30:29,"Game Set and Match Alexander Zverev. 
 Alexander Zverev wins the match  6-1  6-4 .",F,3,Z355,F. Cobolli,A. Zverev,C0E9,Z355,ITA,GER,10,2,"Game Set and Match Alexander Zverev. 
 Alexander Zverev wins the match  6-1  6-4 .",A. Zverev,F. Cobolli,2,10,GER,ITA,1-6,4-6,,,,01:30:29,314,/en/stats/leaderboard?page=serve,0,8,85,17,20,88,15,17,33,1,3,0,0,0,4,170,/en/stats/leaderboard?page=serve,4,1,50,11,22,45,5,11,45,5,11,50,2,4,3,226,/en/stats/leaderboard?page=return,55,6,11,55,6,11,50,2,4,3,79,/en/stats/leaderboard?page=return,12,2,17,67,2,3,0,0,0,4,80,16,20,55,12,22,67,28,42,45,10,22,20,4,20,33,14,42,298.0,/en/stats/leaderboard?page=serve,2.0,4.0,69.0,22.0,32.0,77.0,17.0,22.0,50.0,5.0,10.0,100.0,2.0,2.0,5.0,259.0,/en/stats/leaderboard?page=serve,0.0,0.0,60.0,24.0,40.0,50.0,12.0,24.0,69.0,11.0,16.0,86.0,6.0,7.0,5.0,115.0,/en/stats/leaderboard?page=return,50.0,12.0,24.0,31.0,5.0,16.0,14.0,1.0,7.0,5.0,73.0,/en/stats/leaderboard?page=return,23.0,5.0,22.0,50.0,5.0,10.0,0.0,0.0,2.0,5.0,69.0,22.0,32.0,43.0,17.0,40.0,54.0,39.0,72.0,58.0,23.0,40.0,31.0,10.0,32.0,46.0,33.0,72.0,313,/en/stats/leaderboard?page=serve,2,12,75,39,52,82,32,39,46,6,13,100,2,2,9,223,/en/stats/leaderboard?page=serve,4,1,56,35,62,49,17,35,59,16,27,73,8,11,8,73,38,52,47,29,62,59,67,114,53,33,62,27,14,52,41,47,114,B,,,,,,,,,,,,,,,,,,,,,,,,,,,,,,,,,,,,,,,,,,,,,,,,,,,,,,,,,,,,,,,,,,,,,,,,,,,,,,,,,
1536,2026,ATP Masters 1000 Madrid,1000,2026-04-22T00:00:00,2026-05-03T00:00:00,Clay,96,8235540,€,MS008,Round of 16,01:26:33,"Game Set and Match Jannik Sinner. 
 Jannik Sinner wins the match  6-2  7-5 .",F,3,S0AG,J. Sinner,C. Norrie,S0AG,N771,ITA,GBR,1,19,"Game Set and Match Jannik Sinner. 
 Jannik Sinner wins the match  6-2  7-5 .",J. Sinner,C. Norrie,1,19,ITA,GBR,6-2,7-5,,,,01:26:33,304,/en/stats/leaderboard?page=serve,0,4,60,15,25,60,9,15,80,8,10,0,0,0,4,214,/en/stats/leaderboard?page=serve,1,3,79,19,24,63,12,19,20,1,5,50,2,4,4,217,/en/stats/leaderboard?page=return,37,7,19,80,4,5,50,2,4,4,60,/en/stats/leaderboard?page=return,40,6,15,20,2,10,0,0,0,4,68,17,25,46,11,24,57,28,49,54,13,24,32,8,25,43,21,49,294.0,/en/stats/leaderboard?page=serve,1.0,4.0,64.0,16.0,25.0,100.0,16.0,16.0,44.0,4.0,9.0,0.0,0.0,1.0,6.0,238.0,/en/stats/leaderboard?page=serve,3.0,2.0,55.0,22.0,40.0,68.0,15.0,22.0,50.0,9.0,18.0,60.0,3.0,5.0,6.0,155.0,/en/stats/leaderboard?page=return,32.0,7.0,22.0,50.0,9.0,18.0,40.0,2.0,5.0,6.0,172.0,/en/stats/leaderboard?page=return,0.0,0.0,16.0,56.0,5.0,9.0,100.0,1.0,1.0,6.0,80.0,20.0,25.0,40.0,16.0,40.0,55.0,36.0,65.0,60.0,24.0,40.0,20.0,5.0,25.0,45.0,29.0,65.0,303,/en/stats/leaderboard?page=serve,1,8,62,31,50,81,25,31,63,12,19,0,0,1,10,234,/en/stats/leaderboard?page=serve,4,5,64,41,64,66,27,41,43,10,23,56,5,9,10,74,37,50,42,27,64,56,64,114,58,37,64,26,13,50,44,50,114,A,,,,,,,,,,,,,,,,,,,,,,,,,,,,,,,,,,,,,,,,,,,,,,,,,,,,,,,,,,,,,,,,,,,,,,,,,,,,,,,,,
1536,2026,ATP Masters 1000 Madrid,1000,2026-04-22T00:00:00,2026-05-03T00:00:00,Clay,96,8235540,€,MS010,Round of 16,01:30:08,"Game Set and Match Arthur Fils. 
 Arthur Fils wins the match  6-3  6-4 .",F,3,F0F1,T. Etcheverry,A. Fils,EA24,F0F1,ARG,FRA,25,21,"Game Set and Match Arthur Fils. 
 Arthur Fils wins the match  6-3  6-4 .",A. Fils,T. Etcheverry,21,25,FRA,ARG,3-6,4-6,,,,01:30:08,314,/en/stats/leaderboard?page=serve,0,1,73,22,30,77,17,22,63,5,8,100,1,1,5,282,/en/stats/leaderboard?page=serve,1,2,58,11,19,73,8,11,75,6,8,50,1,2,4,127,/en/stats/leaderboard?page=return,27,3,11,25,2,8,50,1,2,4,61,/en/stats/leaderboard?page=return,23,5,22,38,3,8,0,0,1,5,73,22,30,26,5,19,55,27,49,74,14,19,27,8,30,45,22,49,292.0,/en/stats/leaderboard?page=serve,1.0,1.0,52.0,17.0,33.0,71.0,12.0,17.0,69.0,11.0,16.0,100.0,4.0,4.0,5.0,253.0,/en/stats/leaderboard?page=serve,1.0,0.0,52.0,17.0,33.0,59.0,10.0,17.0,63.0,10.0,16.0,67.0,2.0,3.0,5.0,132.0,/en/stats/leaderboard?page=return,41.0,7.0,17.0,38.0,6.0,16.0,33.0,1.0,3.0,5.0,60.0,/en/stats/leaderboard?page=return,29.0,5.0,17.0,31.0,5.0,16.0,0.0,0.0,4.0,5.0,70.0,23.0,33.0,39.0,13.0,33.0,55.0,36.0,66.0,61.0,20.0,33.0,30.0,10.0,33.0,45.0,30.0,66.0,304,/en/stats/leaderboard?page=serve,1,2,62,39,63,74,29,39,67,16,24,100,5,5,10,262,/en/stats/leaderboard?page=serve,2,2,54,28,52,64,18,28,67,16,24,60,3,5,9,71,45,63,35,18,52,55,63,115,65,34,52,29,18,63,45,52,115,B,,,,,,,,,,,,,,,,,,,,,,,,,,,,,,,,,,,,,,,,,,,,,,,,,,,,,,,,,,,,,,,,,,,,,,,,,,,,,,,,,
1536,2026,ATP Masters 1000 Madrid,1000,2026-04-22T00:00:00,2026-05-03T00:00:00,Clay,96,8235540,€,MS011,Round of 16,01:14:40,"Game Set and Match Jiri Lehecka. 
 Jiri Lehecka wins the match  6-3  6-3 .",F,3,L0BV,J. Lehecka,L. Musetti,L0BV,M0EJ,CZE,ITA,11,6,"Game Set and Match Jiri Lehecka. 
 Jiri Lehecka wins the match  6-3  6-3 .",J. Lehecka,L. Musetti,11,6,CZE,ITA,6-3,6-3,,,,01:14:40,312,/en/stats/leaderboard?page=serve,0,1,73,16,22,88,14,16,50,3,6,100,3,3,4,218,/en/stats/leaderboard?page=serve,0,2,79,27,34,63,17,27,14,1,7,33,1,3,5,230,/en/stats/leaderboard?page=return,37,10,27,86,6,7,67,2,3,5,63,/en/stats/leaderboard?page=return,13,2,16,50,3,6,0,0,3,4,77,17,22,47,16,34,59,33,56,53,18,34,23,5,22,41,23,56,323.0,/en/stats/leaderboard?page=serve,0.0,0.0,67.0,18.0,27.0,78.0,14.0,18.0,78.0,7.0,9.0,100.0,1.0,1.0,5.0,250.0,/en/stats/leaderboard?page=serve,0.0,0.0,73.0,16.0,22.0,69.0,11.0,16.0,33.0,2.0,6.0,0.0,0.0,1.0,4.0,223.0,/en/stats/leaderboard?page=return,31.0,5.0,16.0,67.0,4.0,6.0,100.0,1.0,1.0,4.0,44.0,/en/stats/leaderboard?page=return,22.0,4.0,18.0,22.0,2.0,9.0,0.0,0.0,1.0,5.0,78.0,21.0,27.0,41.0,9.0,22.0,61.0,30.0,49.0,59.0,13.0,22.0,22.0,6.0,27.0,39.0,19.0,49.0,319,/en/stats/leaderboard?page=serve,0,1,69,34,49,82,28,34,67,10,15,100,4,4,9,233,/en/stats/leaderboard?page=serve,0,2,77,43,56,65,28,43,23,3,13,25,1,4,9,78,38,49,45,25,56,60,63,105,55,31,56,22,11,49,40,42,105,A,,,,,,,,,,,,,,,,,,,,,,,,,,,,,,,,,,,,,,,,,,,,,,,,,,,,,,,,,,,,,,,,,,,,,,,,,,,,,,,,,
1536,2026,ATP Masters 1000 Madrid,1000,2026-04-22T00:00:00,2026-05-03T00:00:00,Clay,96,8235540,€,MS018,Round of 32,01:33:02,"Game Set and Match Vit Kopriva. 
 Vit Kopriva wins the match 6-4 6-3 0-0 RET.",F,3,KI82,V. Kopriva,A. Rinderknech,KI82,RC91,CZE,FRA,,22,"Game Set and Match Vit Kopriva. 
 Vit Kopriva wins the match 6-4 6-3 0-0 RET.",V. Kopriva,A. Rinderknech,,22,CZE,FRA,6-4,3-6,0-0,,,01:33:02,283,/en/stats/leaderboard?page=serve,2,2,64,29,45,69,20,29,50,8,16,100,8,8,5,317,/en/stats/leaderboard?page=serve,0,4,74,17,23,76,13,17,83,5,6,50,1,2,5,111,/en/stats/leaderboard?page=return,24,4,17,17,1,6,50,1,2,5,81,/en/stats/leaderboard?page=return,31,9,29,50,8,16,0,0,8,5,62,28,45,22,5,23,49,33,68,78,18,23,38,17,45,51,35,68,254.0,/en/stats/leaderboard?page=serve,0.0,0.0,44.0,8.0,18.0,75.0,6.0,8.0,60.0,6.0,10.0,0.0,0.0,1.0,4.0,294.0,/en/stats/leaderboard?page=serve,1.0,7.0,61.0,22.0,36.0,77.0,17.0,22.0,50.0,7.0,14.0,100.0,4.0,4.0,5.0,73.0,/en/stats/leaderboard?page=return,23.0,5.0,22.0,50.0,7.0,14.0,0.0,0.0,4.0,5.0,190.0,/en/stats/leaderboard?page=return,25.0,2.0,8.0,40.0,4.0,10.0,100.0,1.0,1.0,4.0,67.0,12.0,18.0,33.0,12.0,36.0,44.0,24.0,54.0,67.0,24.0,36.0,33.0,6.0,18.0,56.0,30.0,54.0,271,/en/stats/leaderboard?page=serve,2,2,59,37,63,70,26,37,54,14,26,89,8,9,9,303,/en/stats/leaderboard?page=serve,1,11,66,39,59,77,30,39,60,12,20,83,5,6,10,63,40,63,29,17,59,47,57,122,71,42,59,37,23,63,53,65,122,A,,0.0,/en/stats/leaderboard?page=serve,0.0,0.0,0.0,0.0,0.0,0.0,0.0,0.0,0.0,0.0,0.0,0.0,0.0,0.0,0.0,0.0,/en/stats/leaderboard?page=serve,0.0,0.0,0.0,0.0,0.0,0.0,0.0,0.0,0.0,0.0,0.0,0.0,0.0,0.0,0.0,0.0,/en/stats/leaderboard?page=return,0.0,0.0,0.0,0.0,0.0,0.0,0.0,0.0,0.0,0.0,0.0,/en/stats/leaderboard?page=return,0.0,0.0,0.0,0.0,0.0,0.0,0.0,0.0,0.0,0.0,0.0,0.0,0.0,0.0,0.0,0.0,0.0,0.0,0.0,0.0,0.0,0.0,0.0,0.0,0.0,0.0,0.0,0.0,,,,
1536,2026,ATP Masters 1000 Madrid,1000,2026-04-22T00:00:00,2026-05-03T00:00:00,Clay,96,8235540,€,MS021,Round of 32,01:30:23,"Game Set and Match Arthur Fils. 
 Arthur Fils wins the match  7-6(2) 6-3 .",F,3,F0F1,A. Fils,E. Nava,F0F1,N0AM,FRA,USA,21,,"Game Set and Match Arthur Fils. 
 Arthur Fils wins the match  7-6(2) 6-3 .",A. Fils,E. Nava,21,,FRA,USA,7-6(2),6-3,,,,01:30:23,334,/en/stats/leaderboard?page=serve,1,1,82,31,38,81,25,31,71,5,7,0,0,0,6,289,/en/stats/leaderboard?page=serve,0,4,50,20,40,80,16,20,55,11,20,0,0,0,6,65,/en/stats/leaderboard?page=return,20,4,20,45,9,20,0,0,0,6,48,/en/stats/leaderboard?page=return,19,6,31,29,2,7,0,0,0,6,79,30,38,33,13,40,55,43,78,68,27,40,21,8,38,45,35,78,270.0,/en/stats/leaderboard?page=serve,2.0,2.0,55.0,16.0,29.0,81.0,13.0,16.0,54.0,7.0,13.0,50.0,1.0,2.0,5.0,230.0,/en/stats/leaderboard?page=serve,0.0,6.0,73.0,19.0,26.0,58.0,11.0,19.0,43.0,3.0,7.0,67.0,4.0,6.0,4.0,182.0,/en/stats/leaderboard?page=return,42.0,8.0,19.0,57.0,4.0,7.0,33.0,2.0,6.0,4.0,135.0,/en/stats/leaderboard?page=return,19.0,3.0,16.0,46.0,6.0,13.0,50.0,1.0,2.0,5.0,69.0,20.0,29.0,46.0,12.0,26.0,58.0,32.0,55.0,54.0,14.0,26.0,31.0,9.0,29.0,42.0,23.0,55.0,301,/en/stats/leaderboard?page=serve,3,3,70,47,67,81,38,47,60,12,20,50,1,2,11,270,/en/stats/leaderboard?page=serve,0,10,59,39,66,69,27,39,52,14,27,67,4,6,10,75,50,67,38,25,66,56,75,133,62,41,66,25,17,67,44,58,133,A,,,,,,,,,,,,,,,,,,,,,,,,,,,,,,,,,,,,,,,,,,,,,,,,,,,,,,,,,,,,,,,,,,,,,,,,,,,,,,2.0,,,
1536,2026,ATP Masters 1000 Madrid,1000,2026-04-22T00:00:00,2026-05-03T00:00:00,Clay,96,8235540,€,MS023,Round of 32,01:40:27,"Game Set and Match Lorenzo Musetti. 
 Lorenzo Musetti wins the match  6-4  7-5 .",F,3,M0EJ,T. Griekspoor,L. Musetti,GJ37,M0EJ,NED,ITA,29,6,"Game Set and Match Lorenzo Musetti. 
 Lorenzo Musetti wins the match  6-4  7-5 .",L. Musetti,T. Griekspoor,6,29,ITA,NED,4-6,5-7,,,,01:40:27,273,/en/stats/leaderboard?page=serve,1,1,72,18,25,78,14,18,43,3,7,0,0,1,5,233,/en/stats/leaderboard?page=serve,2,2,66,23,35,65,15,23,42,5,12,67,4,6,5,166,/en/stats/leaderboard?page=return,35,8,23,58,7,12,33,2,6,5,199,/en/stats/leaderboard?page=return,22,4,18,57,4,7,100,1,1,5,68,17,25,43,15,35,53,32,60,57,20,35,32,8,25,47,28,60,280.0,/en/stats/leaderboard?page=serve,1.0,4.0,66.0,23.0,35.0,78.0,18.0,23.0,50.0,6.0,12.0,67.0,2.0,3.0,6.0,236.0,/en/stats/leaderboard?page=serve,2.0,2.0,43.0,15.0,35.0,87.0,13.0,15.0,40.0,8.0,20.0,33.0,1.0,3.0,6.0,173.0,/en/stats/leaderboard?page=return,13.0,2.0,15.0,60.0,12.0,20.0,67.0,2.0,3.0,6.0,121.0,/en/stats/leaderboard?page=return,22.0,5.0,23.0,50.0,6.0,12.0,33.0,1.0,3.0,6.0,69.0,24.0,35.0,40.0,14.0,35.0,54.0,38.0,70.0,60.0,21.0,35.0,31.0,11.0,35.0,46.0,32.0,70.0,277,/en/stats/leaderboard?page=serve,2,5,68,41,60,78,32,41,47,9,19,50,2,4,11,232,/en/stats/leaderboard?page=serve,4,4,54,38,70,74,28,38,41,13,32,56,5,9,11,68,41,60,41,29,70,54,70,130,59,41,70,32,19,60,46,60,130,B,,,,,,,,,,,,,,,,,,,,,,,,,,,,,,,,,,,,,,,,,,,,,,,,,,,,,,,,,,,,,,,,,,,,,,,,,,,,,,,,,
1536,2026,ATP Masters 1000 Madrid,1000,2026-04-22T00:00:00,2026-05-03T00:00:00,Clay,96,8235540,€,MS025,Round of 32,01:20:32,"Game Set and Match Casper Ruud. 
 Casper Ruud wins the match  6-3  6-1 .",F,3,RH16,A. Davidovich Fokina,C. Ruud,DH50,RH16,ESP,NOR,20,12,"Game Set and Match Casper Ruud. 
 Casper Ruud wins the match  6-3  6-1 .",C. Ruud,A. Davidovich Fokina,12,20,NOR,ESP,3-6,1-6,,,,01:20:32,308,/en/stats/leaderboard?page=serve,1,2,61,17,28,82,14,17,64,7,11,0,0,0,5,257,/en/stats/leaderboard?page=serve,1,1,67,20,30,55,11,20,60,6,10,50,1,2,4,160,/en/stats/leaderboard?page=return,45,9,20,40,4,10,50,1,2,4,54,/en/stats/leaderboard?page=return,18,3,17,36,4,11,0,0,0,5,75,21,28,43,13,30,59,34,58,57,17,30,25,7,28,41,24,58,253.0,/en/stats/leaderboard?page=serve,1.0,1.0,65.0,11.0,17.0,55.0,6.0,11.0,67.0,4.0,6.0,0.0,0.0,1.0,3.0,109.0,/en/stats/leaderboard?page=serve,1.0,0.0,67.0,14.0,21.0,29.0,4.0,14.0,14.0,1.0,7.0,33.0,2.0,6.0,4.0,324.0,/en/stats/leaderboard?page=return,71.0,10.0,14.0,86.0,6.0,7.0,67.0,4.0,6.0,4.0,211.0,/en/stats/leaderboard?page=return,45.0,5.0,11.0,33.0,2.0,6.0,100.0,1.0,1.0,3.0,59.0,10.0,17.0,76.0,16.0,21.0,68.0,26.0,38.0,24.0,5.0,21.0,41.0,7.0,17.0,32.0,12.0,38.0,286,/en/stats/leaderboard?page=serve,2,3,62,28,45,71,20,28,65,11,17,0,0,1,8,188,/en/stats/leaderboard?page=serve,2,1,67,34,51,44,15,34,41,7,17,38,3,8,8,69,31,45,57,29,51,63,60,96,43,22,51,31,14,45,38,36,96,B,,,,,,,,,,,,,,,,,,,,,,,,,,,,,,,,,,,,,,,,,,,,,,,,,,,,,,,,,,,,,,,,,,,,,,,,,,,,,,,,,
1536,2026,ATP Masters 1000 Madrid,1000,2026-04-22T00:00:00,2026-05-03T00:00:00,Clay,96,8235540,€,MS027,Round of 32,01:33:32,"Game Set and Match Alexander Blockx. 
 Alexander Blockx wins the match  7-6(3) 6-3 .",F,3,B0PG,A. Blockx,F. Auger-Aliassime,B0PG,AG37,BEL,CAN,,3,"Game Set and Match Alexander Blockx. 
 Alexander Blockx wins the match  7-6(3) 6-3 .",A. Blockx,F. Auger-Aliassime,,3,BEL,CAN,7-6(3),6-3,,,,01:33:32,296,/en/stats/leaderboard?page=serve,2,1,60,25,42,84,21,25,53,9,17,100,1,1,6,286,/en/stats/leaderboard?page=serve,2,2,49,20,41,80,16,20,57,12,21,0,0,0,6,63,/en/stats/leaderboard?page=return,20,4,20,43,9,21,0,0,0,6,63,/en/stats/leaderboard?page=return,16,4,25,47,8,17,0,0,1,6,71,30,42,32,13,41,52,43,83,68,28,41,29,12,42,48,40,83,343.0,/en/stats/leaderboard?page=serve,0.0,4.0,71.0,17.0,24.0,82.0,14.0,17.0,86.0,6.0,7.0,0.0,0.0,0.0,5.0,253.0,/en/stats/leaderboard?page=serve,1.0,0.0,78.0,18.0,23.0,61.0,11.0,18.0,40.0,2.0,5.0,0.0,0.0,1.0,4.0,224.0,/en/stats/leaderboard?page=return,39.0,7.0,18.0,60.0,3.0,5.0,100.0,1.0,1.0,4.0,32.0,/en/stats/leaderboard?page=return,18.0,3.0,17.0,14.0,1.0,7.0,0.0,0.0,0.0,5.0,83.0,20.0,24.0,43.0,10.0,23.0,64.0,30.0,47.0,57.0,13.0,23.0,17.0,4.0,24.0,36.0,17.0,47.0,313,/en/stats/leaderboard?page=serve,2,5,64,42,66,83,35,42,63,15,24,100,1,1,11,273,/en/stats/leaderboard?page=serve,3,2,59,38,64,71,27,38,54,14,26,0,0,1,10,76,50,66,36,23,64,56,73,130,64,41,64,24,16,66,44,57,130,A,,,,,,,,,,,,,,,,,,,,,,,,,,,,,,,,,,,,,,,,,,,,,,,,,,,,,,,,,,,,,,,,,,,,,,,,,,,,,,3.0,,,
1536,2026,ATP Masters 1000 Madrid,1000,2026-04-22T00:00:00,2026-05-03T00:00:00,Clay,96,8235540,€,MS029,Round of 32,01:13:46,"Game Set and Match Flavio Cobolli. 
 Flavio Cobolli wins the match  6-3  6-2 .",F,3,C0E9,A. Vallejo,F. Cobolli,V0DP,C0E9,PAR,ITA,,10,"Game Set and Match Flavio Cobolli. 
 Flavio Cobolli wins the match  6-3  6-2 .",F. Cobolli,A. Vallejo,10,,ITA,PAR,3-6,2-6,,,,01:13:46,278,/en/stats/leaderboard?page=serve,1,2,50,18,36,83,15,18,44,8,18,100,1,1,5,257,/en/stats/leaderboard?page=serve,0,0,72,18,25,67,12,18,43,3,7,50,1,2,4,165,/en/stats/leaderboard?page=return,33,6,18,57,4,7,50,1,2,4,73,/en/stats/leaderboard?page=return,17,3,18,56,10,18,0,0,1,5,64,23,36,40,10,25,54,33,61,60,15,25,36,13,36,46,28,61,302.0,/en/stats/leaderboard?page=serve,2.0,1.0,52.0,11.0,21.0,91.0,10.0,11.0,60.0,6.0,10.0,0.0,0.0,0.0,4.0,182.0,/en/stats/leaderboard?page=serve,1.0,0.0,45.0,10.0,22.0,30.0,3.0,10.0,58.0,7.0,12.0,0.0,0.0,2.0,4.0,262.0,/en/stats/leaderboard?page=return,70.0,7.0,10.0,42.0,5.0,12.0,100.0,2.0,2.0,4.0,49.0,/en/stats/leaderboard?page=return,9.0,1.0,11.0,40.0,4.0,10.0,0.0,0.0,0.0,4.0,76.0,16.0,21.0,55.0,12.0,22.0,65.0,28.0,43.0,45.0,10.0,22.0,24.0,5.0,21.0,35.0,15.0,43.0,287,/en/stats/leaderboard?page=serve,3,3,51,29,57,86,25,29,50,14,28,100,1,1,9,228,/en/stats/leaderboard?page=serve,1,0,60,28,47,54,15,28,53,10,19,25,1,4,8,68,39,57,47,22,47,59,61,104,53,25,47,32,18,57,41,43,104,B,,,,,,,,,,,,,,,,,,,,,,,,,,,,,,,,,,,,,,,,,,,,,,,,,,,,,,,,,,,,,,,,,,,,,,,,,,,,,,,,,
1536,2026,ATP Masters 1000 Madrid,1000,2026-04-22T00:00:00,2026-05-03T00:00:00,Clay,96,8235540,€,MS030,Round of 32,01:47:48,"Game Set and Match Jakub Mensik. 
 Jakub Mensik wins the match  6-4  7-6(11).",F,3,M0NI,K. Khachanov,J. Mensik,KE29,M0NI,RUS,CZE,13,23,"Game Set and Match Jakub Mensik. 
 Jakub Mensik wins the match  6-4  7-6(11).",J. Mensik,K. Khachanov,23,13,CZE,RUS,4-6,6-7(11),,,,01:47:48,311,/en/stats/leaderboard?page=serve,1,4,69,18,26,89,16,18,50,4,8,0,0,0,5,259,/en/stats/leaderboard?page=serve,0,7,58,21,36,81,17,21,33,5,15,67,2,3,5,139,/en/stats/leaderboard?page=return,19,4,21,67,10,15,33,1,3,5,61,/en/stats/leaderboard?page=return,11,2,18,50,4,8,0,0,0,5,77,20,26,39,14,36,55,34,62,61,22,36,23,6,26,45,28,62,318.0,/en/stats/leaderboard?page=serve,1.0,10.0,70.0,31.0,44.0,77.0,24.0,31.0,62.0,8.0,13.0,0.0,0.0,0.0,6.0,300.0,/en/stats/leaderboard?page=serve,1.0,2.0,72.0,33.0,46.0,73.0,24.0,33.0,54.0,7.0,13.0,100.0,1.0,1.0,6.0,73.0,/en/stats/leaderboard?page=return,27.0,9.0,33.0,46.0,6.0,13.0,0.0,0.0,1.0,6.0,61.0,/en/stats/leaderboard?page=return,23.0,7.0,31.0,38.0,5.0,13.0,0.0,0.0,0.0,6.0,73.0,32.0,44.0,33.0,15.0,46.0,52.0,47.0,90.0,67.0,31.0,46.0,27.0,12.0,44.0,48.0,43.0,90.0,321,/en/stats/leaderboard?page=serve,2,14,70,49,70,82,40,49,57,12,21,0,0,0,11,283,/en/stats/leaderboard?page=serve,1,9,66,54,82,76,41,54,43,12,28,75,3,4,11,74,52,70,35,29,82,53,81,152,65,53,82,26,18,70,47,71,152,B,11.0,,,,,,,,,,,,,,,,,,,,,,,,,,,,,,,,,,,,,,,,,,,,,,,,,,,,,,,,,,,,,,,,,,,,,,,,,,,,,,,,
1536,2026,ATP Masters 1000 Madrid,1000,2026-04-22T00:00:00,2026-05-03T00:00:00,Clay,96,8235540,€,MS031,Round of 32,01:37:46,"Game Set and Match Alexander Zverev. 
 Alexander Zverev wins the match  6-3  7-6(2).",F,3,Z355,T. Atmane,A. Zverev,A0GC,Z355,FRA,GER,,2,"Game Set and Match Alexander Zverev. 
 Alexander Zverev wins the match  6-3  7-6(2).",A. Zverev,T. Atmane,2,,GER,FRA,3-6,6-7(2),,,,01:37:46,344,/en/stats/leaderboard?page=serve,1,1,72,13,18,92,12,13,80,4,5,0,0,0,4,237,/en/stats/leaderboard?page=serve,0,1,63,19,30,68,13,19,45,5,11,33,1,3,5,194,/en/stats/leaderboard?page=return,32,6,19,55,6,11,67,2,3,5,28,/en/stats/leaderboard?page=return,8,1,13,20,1,5,0,0,0,4,89,16,18,40,12,30,58,28,48,60,18,30,11,2,18,42,20,48,283.0,/en/stats/leaderboard?page=serve,0.0,1.0,72.0,26.0,36.0,77.0,20.0,26.0,50.0,5.0,10.0,0.0,0.0,1.0,6.0,255.0,/en/stats/leaderboard?page=serve,1.0,2.0,72.0,33.0,46.0,76.0,25.0,33.0,23.0,3.0,13.0,75.0,3.0,4.0,6.0,142.0,/en/stats/leaderboard?page=return,24.0,8.0,33.0,77.0,10.0,13.0,25.0,1.0,4.0,6.0,189.0,/en/stats/leaderboard?page=return,23.0,6.0,26.0,50.0,5.0,10.0,100.0,1.0,1.0,6.0,69.0,25.0,36.0,39.0,18.0,46.0,52.0,43.0,82.0,61.0,28.0,46.0,31.0,11.0,36.0,48.0,39.0,82.0,305,/en/stats/leaderboard?page=serve,1,2,72,39,54,82,32,39,60,9,15,0,0,1,10,248,/en/stats/leaderboard?page=serve,1,3,68,52,76,73,38,52,33,8,24,57,4,7,11,76,41,54,39,30,76,55,71,130,61,46,76,24,13,54,45,59,130,B,2.0,,,,,,,,,,,,,,,,,,,,,,,,,,,,,,,,,,,,,,,,,,,,,,,,,,,,,,,,,,,,,,,,,,,,,,,,,,,,,,,,
1536,2026,ATP Masters 1000 Madrid,1000,2026-04-22T00:00:00,2026-05-03T00:00:00,Clay,96,8235540,€,MS033,Round of 64,01:32:44,"Game Set and Match Elmer Moller. 
 Elmer Moller wins the match 7-5 3-3 RET.",F,3,M0K4,E. Moller,G. Diallo,M0K4,D0F6,DEN,CAN,,32,"Game Set and Match Elmer Moller. 
 Elmer Moller wins the match 7-5 3-3 RET.",E. Moller,G. Diallo,,32,DEN,CAN,7-5,3-3,,,,01:32:44,222,/en/stats/leaderboard?page=serve,2,1,48,20,42,50,10,20,59,13,22,67,4,6,6,235,/en/stats/leaderboard?page=serve,0,4,82,32,39,56,18,32,43,3,7,25,1,4,6,226,/en/stats/leaderboard?page=return,44,14,32,57,4,7,75,3,4,6,157,/en/stats/leaderboard?page=return,50,10,20,41,9,22,33,2,6,6,55,23,42,46,18,39,51,41,81,54,21,39,45,19,42,49,40,81,239.0,/en/stats/leaderboard?page=serve,0.0,0.0,63.0,12.0,19.0,67.0,8.0,12.0,43.0,3.0,7.0,67.0,2.0,3.0,3.0,232.0,/en/stats/leaderboard?page=serve,1.0,1.0,63.0,10.0,16.0,70.0,7.0,10.0,33.0,2.0,6.0,0.0,0.0,1.0,3.0,230.0,/en/stats/leaderboard?page=return,30.0,3.0,10.0,67.0,4.0,6.0,100.0,1.0,1.0,3.0,156.0,/en/stats/leaderboard?page=return,33.0,4.0,12.0,57.0,4.0,7.0,33.0,1.0,3.0,3.0,58.0,11.0,19.0,44.0,7.0,16.0,51.0,18.0,35.0,56.0,9.0,16.0,42.0,8.0,19.0,49.0,17.0,35.0,228,/en/stats/leaderboard?page=serve,2,1,52,32,61,56,18,32,55,16,29,67,6,9,9,233,/en/stats/leaderboard?page=serve,1,5,76,42,55,60,25,42,38,5,13,20,1,5,9,56,34,61,45,25,55,51,59,116,55,30,55,44,27,61,49,57,116,A,,,,,,,,,,,,,,,,,,,,,,,,,,,,,,,,,,,,,,,,,,,,,,,,,,,,,,,,,,,,,,,,,,,,,,,,,,,,,,,,,
1536,2026,ATP Masters 1000 Madrid,1000,2026-04-22T00:00:00,2026-05-03T00:00:00,Clay,96,8235540,€,MS034,Round of 64,02:54:35,"Game Set and Match Cameron Norrie. 
 Cameron Norrie wins the match  6-2 6-7(6) 7-6(5).",F,3,N771,C. Norrie,T. Machac,N771,M0FH,GBR,CZE,19,,"Game Set and Match Cameron Norrie. 
 Cameron Norrie wins the match  6-2 6-7(6) 7-6(5).",C. Norrie,T. Machac,19,,GBR,CZE,6-2,6-7(6),7-6(5),,,02:54:35,289,/en/stats/leaderboard?page=serve,0,1,50,13,26,69,9,13,69,9,13,100,1,1,4,196,/en/stats/leaderboard?page=serve,4,0,50,13,26,54,7,13,46,6,13,33,1,3,4,217,/en/stats/leaderboard?page=return,46,6,13,54,7,13,67,2,3,4,62,/en/stats/leaderboard?page=return,31,4,13,31,4,13,0,0,1,4,69,18,26,50,13,26,60,31,52,50,13,26,31,8,26,40,21,52,278.0,/en/stats/leaderboard?page=serve,2.0,3.0,73.0,38.0,52.0,68.0,26.0,38.0,36.0,5.0,14.0,100.0,5.0,5.0,6.0,310.0,/en/stats/leaderboard?page=serve,0.0,2.0,68.0,28.0,41.0,71.0,20.0,28.0,69.0,9.0,13.0,0.0,0.0,0.0,6.0,60.0,/en/stats/leaderboard?page=return,29.0,8.0,28.0,31.0,4.0,13.0,0.0,0.0,0.0,6.0,96.0,/en/stats/leaderboard?page=return,32.0,12.0,38.0,64.0,9.0,14.0,0.0,0.0,5.0,6.0,60.0,31.0,52.0,29.0,12.0,41.0,46.0,43.0,93.0,71.0,29.0,41.0,40.0,21.0,52.0,54.0,50.0,93.0,281,/en/stats/leaderboard?page=serve,5,7,66,84,128,68,57,84,52,23,44,92,11,12,16,262,/en/stats/leaderboard?page=serve,5,4,58,64,110,72,46,64,52,24,46,57,4,7,16,63,80,128,36,40,110,50,120,238,64,70,110,38,48,128,50,118,238,A,,269.0,/en/stats/leaderboard?page=serve,3.0,3.0,66.0,33.0,50.0,67.0,22.0,33.0,53.0,9.0,17.0,83.0,5.0,6.0,6.0,265.0,/en/stats/leaderboard?page=serve,1.0,2.0,53.0,23.0,43.0,83.0,19.0,23.0,45.0,9.0,20.0,75.0,3.0,4.0,6.0,113.0,/en/stats/leaderboard?page=return,17.0,4.0,23.0,55.0,11.0,20.0,25.0,1.0,4.0,6.0,113.0,/en/stats/leaderboard?page=return,33.0,11.0,33.0,47.0,8.0,17.0,17.0,1.0,6.0,6.0,62.0,31.0,50.0,35.0,15.0,43.0,49.0,46.0,93.0,65.0,28.0,43.0,38.0,19.0,50.0,51.0,47.0,93.0,,6.0,5.0,
1536,2026,ATP Masters 1000 Madrid,1000,2026-04-22T00:00:00,2026-05-03T00:00:00,Clay,96,8235540,€,MS039,Round of 64,01:15:24,"Game Set and Match Rafael Jodar. 
 Rafael Jodar wins the match  6-3  6-1 .",F,3,J0DZ,R. Jodar,A. de Minaur,J0DZ,DH58,ESP,AUS,,5,"Game Set and Match Rafael Jodar. 
 Rafael Jodar wins the match  6-3  6-1 .",R. Jodar,A. de Minaur,,5,ESP,AUS,6-3,6-1,,,,01:15:24,254,/en/stats/leaderboard?page=serve,1,1,52,16,31,75,12,16,47,7,15,67,2,3,5,196,/en/stats/leaderboard?page=serve,1,0,52,11,21,55,6,11,40,4,10,33,1,3,4,222,/en/stats/leaderboard?page=return,45,5,11,60,6,10,67,2,3,4,131,/en/stats/leaderboard?page=return,25,4,16,53,8,15,33,1,3,5,61,19,31,52,11,21,58,30,52,48,10,21,39,12,31,42,22,52,241.0,/en/stats/leaderboard?page=serve,0.0,2.0,50.0,9.0,18.0,56.0,5.0,9.0,67.0,6.0,9.0,50.0,1.0,2.0,3.0,152.0,/en/stats/leaderboard?page=serve,1.0,1.0,66.0,25.0,38.0,32.0,8.0,25.0,54.0,7.0,13.0,60.0,6.0,10.0,4.0,254.0,/en/stats/leaderboard?page=return,68.0,17.0,25.0,46.0,6.0,13.0,40.0,4.0,10.0,4.0,160.0,/en/stats/leaderboard?page=return,44.0,4.0,9.0,33.0,3.0,9.0,50.0,1.0,2.0,3.0,61.0,11.0,18.0,61.0,23.0,38.0,61.0,34.0,56.0,39.0,15.0,38.0,39.0,7.0,18.0,39.0,22.0,56.0,250,/en/stats/leaderboard?page=serve,1,3,51,25,49,68,17,25,54,13,24,60,3,5,8,172,/en/stats/leaderboard?page=serve,2,1,61,36,59,39,14,36,48,11,23,54,7,13,8,61,30,49,58,34,59,59,64,108,42,25,59,39,19,49,41,44,108,A,,,,,,,,,,,,,,,,,,,,,,,,,,,,,,,,,,,,,,,,,,,,,,,,,,,,,,,,,,,,,,,,,,,,,,,,,,,,,,,,,
1536,2026,ATP Masters 1000 Madrid,1000,2026-04-22T00:00:00,2026-05-03T00:00:00,Clay,96,8235540,€,MS040,Round of 64,03:02:27,"Game Set and Match Dino Prizmic. 
 Dino Prizmic wins the match  6-4 6-7(4) 7-6(5).",F,3,P0HW,B. Shelton,D. Prizmic,S0S1,P0HW,USA,CRO,4,,"Game Set and Match Dino Prizmic. 
 Dino Prizmic wins the match  6-4 6-7(4) 7-6(5).",D. Prizmic,B. Shelton,,4,CRO,USA,4-6,7-6(4),6-7(5),,,03:02:27,338,/en/stats/leaderboard?page=serve,0,3,70,16,23,94,15,16,71,5,7,0,0,0,5,275,/en/stats/leaderboard?page=serve,1,4,61,17,28,76,13,17,55,6,11,0,0,1,5,189,/en/stats/leaderboard?page=return,24,4,17,45,5,11,100,1,1,5,35,/en/stats/leaderboard?page=return,6,1,16,29,2,7,0,0,0,5,87,20,23,32,9,28,57,29,51,68,19,28,13,3,23,43,22,51,293.0,/en/stats/leaderboard?page=serve,1.0,1.0,61.0,25.0,41.0,76.0,19.0,25.0,56.0,9.0,16.0,0.0,0.0,0.0,6.0,303.0,/en/stats/leaderboard?page=serve,2.0,4.0,65.0,31.0,48.0,77.0,24.0,31.0,59.0,10.0,17.0,100.0,3.0,3.0,6.0,64.0,/en/stats/leaderboard?page=return,23.0,7.0,31.0,41.0,7.0,17.0,0.0,0.0,3.0,6.0,68.0,/en/stats/leaderboard?page=return,24.0,6.0,25.0,44.0,7.0,16.0,0.0,0.0,0.0,6.0,68.0,28.0,41.0,29.0,14.0,48.0,47.0,42.0,89.0,71.0,34.0,48.0,32.0,13.0,41.0,53.0,47.0,89.0,300,/en/stats/leaderboard?page=serve,2,5,59,64,109,80,51,64,58,26,45,0,0,0,17,300,/en/stats/leaderboard?page=serve,3,10,67,78,117,76,59,78,56,22,39,83,5,6,17,71,77,109,31,36,117,50,113,226,69,81,117,29,32,109,50,113,226,B,,280.0,/en/stats/leaderboard?page=serve,1.0,1.0,51.0,23.0,45.0,74.0,17.0,23.0,55.0,12.0,22.0,0.0,0.0,0.0,6.0,303.0,/en/stats/leaderboard?page=serve,0.0,2.0,73.0,30.0,41.0,73.0,22.0,30.0,55.0,6.0,11.0,100.0,2.0,2.0,6.0,72.0,/en/stats/leaderboard?page=return,27.0,8.0,30.0,45.0,5.0,11.0,0.0,0.0,2.0,6.0,71.0,/en/stats/leaderboard?page=return,26.0,6.0,23.0,45.0,10.0,22.0,0.0,0.0,0.0,6.0,64.0,29.0,45.0,32.0,13.0,41.0,49.0,42.0,86.0,68.0,28.0,41.0,36.0,16.0,45.0,51.0,44.0,86.0,,4.0,5.0,
1536,2026,ATP Masters 1000 Madrid,1000,2026-04-22T00:00:00,2026-05-03T00:00:00,Clay,96,8235540,€,MS041,Round of 64,01:18:21,"Game Set and Match Tomas Martin Etcheverry. 
 Tomas Martin Etcheverry wins the match  6-4  6-4 .",F,3,EA24,S. Ofner,T. Etcheverry,O513,EA24,AUT,ARG,,25,"Game Set and Match Tomas Martin Etcheverry. 
 Tomas Martin Etcheverry wins the match  6-4  6-4 .",T. Etcheverry,S. Ofner,25,,ARG,AUT,4-6,4-6,,,,01:18:21,339,/en/stats/leaderboard?page=serve,1,3,59,13,22,100,13,13,78,7,9,0,0,0,5,256,/en/stats/leaderboard?page=serve,0,1,52,16,31,63,10,16,60,9,15,50,1,2,5,148,/en/stats/leaderboard?page=return,38,6,16,40,6,15,50,1,2,5,22,/en/stats/leaderboard?page=return,0,0,13,22,2,9,0,0,0,5,91,20,22,39,12,31,60,32,53,61,19,31,9,2,22,40,21,53,303.0,/en/stats/leaderboard?page=serve,0.0,2.0,76.0,22.0,29.0,82.0,18.0,22.0,43.0,3.0,7.0,0.0,0.0,0.0,5.0,269.0,/en/stats/leaderboard?page=serve,0.0,3.0,55.0,16.0,29.0,69.0,11.0,16.0,62.0,8.0,13.0,50.0,1.0,2.0,5.0,139.0,/en/stats/leaderboard?page=return,31.0,5.0,16.0,38.0,5.0,13.0,50.0,1.0,2.0,5.0,75.0,/en/stats/leaderboard?page=return,18.0,4.0,22.0,57.0,4.0,7.0,0.0,0.0,0.0,5.0,72.0,21.0,29.0,34.0,10.0,29.0,53.0,31.0,58.0,66.0,19.0,29.0,28.0,8.0,29.0,47.0,27.0,58.0,325,/en/stats/leaderboard?page=serve,1,5,69,35,51,89,31,35,63,10,16,0,0,0,10,264,/en/stats/leaderboard?page=serve,0,4,53,32,60,66,21,32,61,17,28,50,2,4,10,80,41,51,37,22,60,57,63,111,63,38,60,20,10,51,43,48,111,B,,,,,,,,,,,,,,,,,,,,,,,,,,,,,,,,,,,,,,,,,,,,,,,,,,,,,,,,,,,,,,,,,,,,,,,,,,,,,,,,,
1536,2026,ATP Masters 1000 Madrid,1000,2026-04-22T00:00:00,2026-05-03T00:00:00,Clay,96,8235540,€,MS043,Round of 64,02:59:52,"Game Set and Match Emilio Nava. 
 Emilio Nava wins the match  6-7(5) 7-6(1) 6-3 .",F,3,N0AM,E. Nava,V. Vacherot,N0AM,VA25,USA,MON,,14,"Game Set and Match Emilio Nava. 
 Emilio Nava wins the match  6-7(5) 7-6(1) 6-3 .",E. Nava,V. Vacherot,,14,USA,MON,6-7(5),7-6(1),6-3,,,02:59:52,280,/en/stats/leaderboard?page=serve,5,6,64,35,55,80,28,35,35,7,20,100,6,6,6,293,/en/stats/leaderboard?page=serve,4,3,55,26,47,77,20,26,62,13,21,100,2,2,6,61,/en/stats/leaderboard?page=return,23,6,26,38,8,21,0,0,2,6,85,/en/stats/leaderboard?page=return,20,7,35,65,13,20,0,0,6,6,64,35,55,30,14,47,48,49,102,70,33,47,36,20,55,52,53,102,236.0,/en/stats/leaderboard?page=serve,3.0,8.0,61.0,36.0,59.0,69.0,25.0,36.0,35.0,8.0,23.0,82.0,9.0,11.0,6.0,242.0,/en/stats/leaderboard?page=serve,1.0,2.0,67.0,26.0,39.0,54.0,14.0,26.0,54.0,7.0,13.0,50.0,2.0,4.0,6.0,175.0,/en/stats/leaderboard?page=return,46.0,12.0,26.0,46.0,6.0,13.0,50.0,2.0,4.0,6.0,147.0,/en/stats/leaderboard?page=return,31.0,11.0,36.0,65.0,15.0,23.0,18.0,2.0,11.0,6.0,56.0,33.0,59.0,46.0,18.0,39.0,52.0,51.0,98.0,54.0,21.0,39.0,44.0,26.0,59.0,48.0,47.0,98.0,276,/en/stats/leaderboard?page=serve,9,21,65,94,145,74,70,94,37,19,51,89,17,19,17,267,/en/stats/leaderboard?page=serve,5,6,60,65,109,68,44,65,57,25,44,63,5,8,16,61,89,145,37,40,109,51,129,254,63,69,109,39,56,145,49,125,254,A,1.0,304.0,/en/stats/leaderboard?page=serve,1.0,7.0,74.0,23.0,31.0,74.0,17.0,23.0,50.0,4.0,8.0,100.0,2.0,2.0,5.0,260.0,/en/stats/leaderboard?page=serve,0.0,1.0,57.0,13.0,23.0,77.0,10.0,13.0,50.0,5.0,10.0,50.0,1.0,2.0,4.0,148.0,/en/stats/leaderboard?page=return,23.0,3.0,13.0,50.0,5.0,10.0,50.0,1.0,2.0,4.0,76.0,/en/stats/leaderboard?page=return,26.0,6.0,23.0,50.0,4.0,8.0,0.0,0.0,2.0,5.0,68.0,21.0,31.0,35.0,8.0,23.0,54.0,29.0,54.0,65.0,15.0,23.0,32.0,10.0,31.0,46.0,25.0,54.0,,,,5.0
1536,2026,ATP Masters 1000 Madrid,1000,2026-04-22T00:00:00,2026-05-03T00:00:00,Clay,96,8235540,€,MS044,Round of 64,02:09:38,"Game Set and Match Jiri Lehecka. 
 Jiri Lehecka wins the match  3-6  7-6(3) 6-4 .",F,3,L0BV,J. Lehecka,A. Tabilo,L0BV,TE30,CZE,CHI,11,,"Game Set and Match Jiri Lehecka. 
 Jiri Lehecka wins the match  3-6  7-6(3) 6-4 .",J. Lehecka,A. Tabilo,11,,CZE,CHI,3-6,7-6(3),6-4,,,02:09:38,260,/en/stats/leaderboard?page=serve,0,3,58,14,24,64,9,14,60,6,10,50,1,2,4,334,/en/stats/leaderboard?page=serve,0,2,50,11,22,91,10,11,91,10,11,0,0,0,5,18,/en/stats/leaderboard?page=return,9,1,11,9,1,11,0,0,0,5,151,/en/stats/leaderboard?page=return,36,5,14,40,4,10,50,1,2,4,63,15,24,9,2,22,37,17,46,91,20,22,38,9,24,63,29,46,307.0,/en/stats/leaderboard?page=serve,0.0,7.0,62.0,26.0,42.0,88.0,23.0,26.0,50.0,8.0,16.0,0.0,0.0,0.0,6.0,308.0,/en/stats/leaderboard?page=serve,1.0,4.0,71.0,32.0,45.0,72.0,23.0,32.0,62.0,8.0,13.0,100.0,1.0,1.0,6.0,66.0,/en/stats/leaderboard?page=return,28.0,9.0,32.0,38.0,5.0,13.0,0.0,0.0,1.0,6.0,62.0,/en/stats/leaderboard?page=return,12.0,3.0,26.0,50.0,8.0,16.0,0.0,0.0,0.0,6.0,74.0,31.0,42.0,31.0,14.0,45.0,52.0,45.0,87.0,69.0,31.0,45.0,26.0,11.0,42.0,48.0,42.0,87.0,316,/en/stats/leaderboard?page=serve,0,16,66,60,91,80,48,60,61,19,31,50,1,2,15,305,/en/stats/leaderboard?page=serve,2,7,63,60,95,73,44,60,71,25,35,50,1,2,16,74,67,91,27,26,95,50,93,186,73,69,95,26,24,91,50,93,186,A,3.0,366.0,/en/stats/leaderboard?page=serve,0.0,6.0,80.0,20.0,25.0,80.0,16.0,20.0,100.0,5.0,5.0,0.0,0.0,0.0,5.0,270.0,/en/stats/leaderboard?page=serve,1.0,1.0,61.0,17.0,28.0,65.0,11.0,17.0,64.0,7.0,11.0,0.0,0.0,1.0,5.0,191.0,/en/stats/leaderboard?page=return,35.0,6.0,17.0,36.0,4.0,11.0,100.0,1.0,1.0,5.0,20.0,/en/stats/leaderboard?page=return,20.0,4.0,20.0,0.0,0.0,5.0,0.0,0.0,0.0,5.0,84.0,21.0,25.0,36.0,10.0,28.0,58.0,31.0,53.0,64.0,18.0,28.0,16.0,4.0,25.0,42.0,22.0,53.0,,,,
1536,2026,ATP Masters 1000 Madrid,1000,2026-04-22T00:00:00,2026-05-03T00:00:00,Clay,96,8235540,€,MS046,Round of 64,01:27:09,"Game Set and Match Tallon Griekspoor. 
 Tallon Griekspoor wins the match  6-3  6-4 .",F,3,GJ37,T. Griekspoor,D. Dzumhur,GJ37,D923,NED,BIH,29,,"Game Set and Match Tallon Griekspoor. 
 Tallon Griekspoor wins the match  6-3  6-4 .",T. Griekspoor,D. Dzumhur,29,,NED,BIH,6-3,6-4,,,,01:27:09,267,/en/stats/leaderboard?page=serve,0,2,59,17,29,76,13,17,50,6,12,67,2,3,5,222,/en/stats/leaderboard?page=serve,0,1,65,13,20,77,10,13,29,2,7,60,3,5,4,184,/en/stats/leaderboard?page=return,23,3,13,71,5,7,40,2,5,4,127,/en/stats/leaderboard?page=return,24,4,17,50,6,12,33,1,3,5,66,19,29,40,8,20,55,27,49,60,12,20,34,10,29,45,22,49,294.0,/en/stats/leaderboard?page=serve,0.0,2.0,73.0,19.0,26.0,68.0,13.0,19.0,71.0,5.0,7.0,50.0,1.0,2.0,5.0,241.0,/en/stats/leaderboard?page=serve,1.0,0.0,70.0,33.0,47.0,48.0,16.0,33.0,64.0,9.0,14.0,60.0,3.0,5.0,5.0,168.0,/en/stats/leaderboard?page=return,52.0,17.0,33.0,36.0,5.0,14.0,40.0,2.0,5.0,5.0,131.0,/en/stats/leaderboard?page=return,32.0,6.0,19.0,29.0,2.0,7.0,50.0,1.0,2.0,5.0,69.0,18.0,26.0,47.0,22.0,47.0,55.0,40.0,73.0,53.0,25.0,47.0,31.0,8.0,26.0,45.0,33.0,73.0,279,/en/stats/leaderboard?page=serve,0,4,65,36,55,72,26,36,58,11,19,60,3,5,10,233,/en/stats/leaderboard?page=serve,1,1,69,46,67,57,26,46,52,11,21,60,6,10,9,67,37,55,45,30,67,55,67,122,55,37,67,33,18,55,45,55,122,A,,,,,,,,,,,,,,,,,,,,,,,,,,,,,,,,,,,,,,,,,,,,,,,,,,,,,,,,,,,,,,,,,,,,,,,,,,,,,,,,,
1536,2026,ATP Masters 1000 Madrid,1000,2026-04-22T00:00:00,2026-05-03T00:00:00,Clay,96,8235540,€,MS047,Round of 64,01:50:31,"Game Set and Match Lorenzo Musetti. 
 Lorenzo Musetti wins the match  6-4  7-6(4).",F,3,M0EJ,H. Hurkacz,L. Musetti,HB71,M0EJ,POL,ITA,,6,"Game Set and Match Lorenzo Musetti. 
 Lorenzo Musetti wins the match  6-4  7-6(4).",L. Musetti,H. Hurkacz,6,,ITA,POL,4-6,6-7(4),,,,01:50:31,262,/en/stats/leaderboard?page=serve,1,2,63,26,41,58,15,26,60,9,15,80,4,5,5,233,/en/stats/leaderboard?page=serve,0,1,58,14,24,64,9,14,50,5,10,33,1,3,5,193,/en/stats/leaderboard?page=return,36,5,14,50,5,10,67,2,3,5,122,/en/stats/leaderboard?page=return,42,11,26,40,6,15,20,1,5,5,59,24,41,42,10,24,52,34,65,58,14,24,41,17,41,48,31,65,290.0,/en/stats/leaderboard?page=serve,0.0,1.0,67.0,35.0,52.0,63.0,22.0,35.0,59.0,10.0,17.0,100.0,4.0,4.0,6.0,301.0,/en/stats/leaderboard?page=serve,1.0,5.0,58.0,23.0,40.0,74.0,17.0,23.0,65.0,11.0,17.0,100.0,3.0,3.0,6.0,61.0,/en/stats/leaderboard?page=return,26.0,6.0,23.0,35.0,6.0,17.0,0.0,0.0,3.0,6.0,78.0,/en/stats/leaderboard?page=return,37.0,13.0,35.0,41.0,7.0,17.0,0.0,0.0,4.0,6.0,62.0,32.0,52.0,30.0,12.0,40.0,48.0,44.0,92.0,70.0,28.0,40.0,38.0,20.0,52.0,52.0,48.0,92.0,278,/en/stats/leaderboard?page=serve,1,3,66,61,93,61,37,61,59,19,32,89,8,9,11,273,/en/stats/leaderboard?page=serve,1,6,58,37,64,70,26,37,59,16,27,67,4,6,11,60,56,93,34,22,64,50,78,157,66,42,64,40,37,93,50,79,157,B,4.0,,,,,,,,,,,,,,,,,,,,,,,,,,,,,,,,,,,,,,,,,,,,,,,,,,,,,,,,,,,,,,,,,,,,,,,,,,,,,,,,
1536,2026,ATP Masters 1000 Madrid,1000,2026-04-22T00:00:00,2026-05-03T00:00:00,Clay,96,8235540,€,MS048,Round of 64,01:13:22,"Game Set and Match Stefanos Tsitsipas. 
 Stefanos Tsitsipas wins the match  6-2  7-5 .",F,3,TE51,A. Bublik,S. Tsitsipas,BK92,TE51,KAZ,GRE,8,,"Game Set and Match Stefanos Tsitsipas. 
 Stefanos Tsitsipas wins the match  6-2  7-5 .",S. Tsitsipas,A. Bublik,,8,GRE,KAZ,2-6,5-7,,,,01:13:22,310,/en/stats/leaderboard?page=serve,0,2,75,15,20,93,14,15,40,2,5,0,0,0,4,204,/en/stats/leaderboard?page=serve,1,2,40,10,25,80,8,10,33,5,15,0,0,2,4,237,/en/stats/leaderboard?page=return,20,2,10,67,10,15,100,2,2,4,67,/en/stats/leaderboard?page=return,7,1,15,60,3,5,0,0,0,4,80,16,20,48,12,25,62,28,45,52,13,25,20,4,20,38,17,45,336.0,/en/stats/leaderboard?page=serve,1.0,8.0,71.0,20.0,28.0,95.0,19.0,20.0,63.0,5.0,8.0,0.0,0.0,0.0,6.0,250.0,/en/stats/leaderboard?page=serve,2.0,0.0,71.0,30.0,42.0,73.0,22.0,30.0,25.0,3.0,12.0,67.0,2.0,3.0,6.0,151.0,/en/stats/leaderboard?page=return,27.0,8.0,30.0,75.0,9.0,12.0,33.0,1.0,3.0,6.0,43.0,/en/stats/leaderboard?page=return,5.0,1.0,20.0,38.0,3.0,8.0,0.0,0.0,0.0,6.0,86.0,24.0,28.0,40.0,17.0,42.0,59.0,41.0,70.0,60.0,25.0,42.0,14.0,4.0,28.0,41.0,29.0,70.0,330,/en/stats/leaderboard?page=serve,1,10,73,35,48,94,33,35,54,7,13,0,0,0,10,234,/en/stats/leaderboard?page=serve,3,2,60,40,67,75,30,40,30,8,27,40,2,5,10,83,40,48,43,29,67,60,69,115,57,38,67,17,8,48,40,46,115,B,,,,,,,,,,,,,,,,,,,,,,,,,,,,,,,,,,,,,,,,,,,,,,,,,,,,,,,,,,,,,,,,,,,,,,,,,,,,,,,,,
1536,2026,ATP Masters 1000 Madrid,1000,2026-04-22T00:00:00,2026-05-03T00:00:00,Clay,96,8235540,€,MS049,Round of 64,01:51:46,"Game Set and Match Daniel Merida. 
 Daniel Merida wins the match  6-3  6-4 .",F,3,M0N7,D. Merida,C. Moutet,M0N7,MW02,ESP,FRA,,26,"Game Set and Match Daniel Merida. 
 Daniel Merida wins the match  6-3  6-4 .",D. Merida,C. Moutet,,26,ESP,FRA,6-3,6-4,,,,01:51:46,275,/en/stats/leaderboard?page=serve,1,1,68,21,31,67,14,21,60,6,10,0,0,1,5,214,/en/stats/leaderboard?page=serve,0,0,68,26,38,54,14,26,42,5,12,67,4,6,4,187,/en/stats/leaderboard?page=return,46,12,26,58,7,12,33,2,6,4,193,/en/stats/leaderboard?page=return,33,7,21,40,4,10,100,1,1,5,65,20,31,50,19,38,57,39,69,50,19,38,35,11,31,43,30,69,275.0,/en/stats/leaderboard?page=serve,2.0,1.0,73.0,29.0,40.0,76.0,22.0,29.0,27.0,3.0,11.0,100.0,2.0,2.0,5.0,248.0,/en/stats/leaderboard?page=serve,2.0,1.0,80.0,36.0,45.0,67.0,24.0,36.0,22.0,2.0,9.0,83.0,5.0,6.0,5.0,148.0,/en/stats/leaderboard?page=return,33.0,12.0,36.0,78.0,7.0,9.0,17.0,1.0,6.0,5.0,97.0,/en/stats/leaderboard?page=return,24.0,7.0,29.0,73.0,8.0,11.0,0.0,0.0,2.0,5.0,63.0,25.0,40.0,42.0,19.0,45.0,52.0,44.0,85.0,58.0,26.0,45.0,38.0,15.0,40.0,48.0,41.0,85.0,274,/en/stats/leaderboard?page=serve,3,2,70,50,71,72,36,50,43,9,21,67,2,3,10,234,/en/stats/leaderboard?page=serve,2,1,75,62,83,61,38,62,33,7,21,75,9,12,9,63,45,71,46,38,83,54,83,154,54,45,83,37,26,71,46,71,154,A,,,,,,,,,,,,,,,,,,,,,,,,,,,,,,,,,,,,,,,,,,,,,,,,,,,,,,,,,,,,,,,,,,,,,,,,,,,,,,,,,
1536,2026,ATP Masters 1000 Madrid,1000,2026-04-22T00:00:00,2026-05-03T00:00:00,Clay,96,8235540,€,MS050,Round of 64,01:07:57,"Game Set and Match Alejandro Davidovich Fokina. 
 Alejandro Davidovich Fokina wins the match  6-3  6-3 .",F,3,DH50,A. Davidovich Fokina,P. Carreno Busta,DH50,CD85,ESP,ESP,20,,"Game Set and Match Alejandro Davidovich Fokina. 
 Alejandro Davidovich Fokina wins the match  6-3  6-3 .",A. Davidovich Fokina,P. Carreno Busta,20,,ESP,ESP,6-3,6-3,,,,01:07:57,260,/en/stats/leaderboard?page=serve,0,0,76,16,21,69,11,16,40,2,5,0,0,1,4,194,/en/stats/leaderboard?page=serve,0,1,60,15,25,53,8,15,40,4,10,50,3,6,5,217,/en/stats/leaderboard?page=return,47,7,15,60,6,10,50,3,6,5,216,/en/stats/leaderboard?page=return,31,5,16,60,3,5,100,1,1,4,62,13,21,52,13,25,57,26,46,48,12,25,38,8,21,43,20,46,313.0,/en/stats/leaderboard?page=serve,1.0,1.0,60.0,15.0,25.0,93.0,14.0,15.0,60.0,6.0,10.0,0.0,0.0,0.0,5.0,294.0,/en/stats/leaderboard?page=serve,0.0,0.0,76.0,16.0,21.0,63.0,10.0,16.0,80.0,4.0,5.0,0.0,0.0,1.0,4.0,183.0,/en/stats/leaderboard?page=return,38.0,6.0,16.0,20.0,1.0,5.0,100.0,1.0,1.0,4.0,47.0,/en/stats/leaderboard?page=return,7.0,1.0,15.0,40.0,4.0,10.0,0.0,0.0,0.0,5.0,80.0,20.0,25.0,33.0,7.0,21.0,59.0,27.0,46.0,67.0,14.0,21.0,20.0,5.0,25.0,41.0,19.0,46.0,289,/en/stats/leaderboard?page=serve,1,1,67,31,46,81,25,31,53,8,15,0,0,1,9,234,/en/stats/leaderboard?page=serve,0,1,67,31,46,58,18,31,53,8,15,43,3,7,9,72,33,46,43,20,46,58,53,92,57,26,46,28,13,46,42,39,92,A,,,,,,,,,,,,,,,,,,,,,,,,,,,,,,,,,,,,,,,,,,,,,,,,,,,,,,,,,,,,,,,,,,,,,,,,,,,,,,,,,
1536,2026,ATP Masters 1000 Madrid,1000,2026-04-22T00:00:00,2026-05-03T00:00:00,Clay,96,8235540,€,MS051,Round of 64,01:05:48,"Game Set and Match Casper Ruud. 
 Casper Ruud wins the match  6-0  6-1 .",F,3,RH16,J. Munar,C. Ruud,MU94,RH16,ESP,NOR,,12,"Game Set and Match Casper Ruud. 
 Casper Ruud wins the match  6-0  6-1 .",C. Ruud,J. Munar,12,,NOR,ESP,0-6,1-6,,,,01:05:48,307,/en/stats/leaderboard?page=serve,0,2,74,14,19,71,10,14,60,3,5,0,0,0,3,109,/en/stats/leaderboard?page=serve,0,0,59,10,17,50,5,10,0,0,7,25,1,4,3,325,/en/stats/leaderboard?page=return,50,5,10,100,7,7,75,3,4,3,69,/en/stats/leaderboard?page=return,29,4,14,40,2,5,0,0,0,3,68,13,19,71,12,17,69,25,36,29,5,17,32,6,19,31,11,36,310.0,/en/stats/leaderboard?page=serve,2.0,1.0,48.0,10.0,21.0,90.0,9.0,10.0,73.0,8.0,11.0,100.0,1.0,1.0,4.0,174.0,/en/stats/leaderboard?page=serve,0.0,0.0,57.0,17.0,30.0,53.0,9.0,17.0,31.0,4.0,13.0,67.0,4.0,6.0,3.0,215.0,/en/stats/leaderboard?page=return,47.0,8.0,17.0,69.0,9.0,13.0,33.0,2.0,6.0,3.0,37.0,/en/stats/leaderboard?page=return,10.0,1.0,10.0,27.0,3.0,11.0,0.0,0.0,1.0,4.0,81.0,17.0,21.0,57.0,17.0,30.0,67.0,34.0,51.0,43.0,13.0,30.0,19.0,4.0,21.0,33.0,17.0,51.0,309,/en/stats/leaderboard?page=serve,2,3,60,24,40,79,19,24,69,11,16,100,1,1,7,145,/en/stats/leaderboard?page=serve,0,0,57,27,47,52,14,27,20,4,20,50,5,10,6,75,30,40,62,29,47,68,59,87,38,18,47,25,10,40,32,28,87,B,,,,,,,,,,,,,,,,,,,,,,,,,,,,,,,,,,,,,,,,,,,,,,,,,,,,,,,,,,,,,,,,,,,,,,,,,,,,,,,,,
1536,2026,ATP Masters 1000 Madrid,1000,2026-04-22T00:00:00,2026-05-03T00:00:00,Clay,96,8235540,€,MS053,Round of 64,01:18:32,"Game Set and Match Luciano Darderi. 
 Luciano Darderi wins the match  6-1  6-3 .",F,3,D0FJ,J. Cerundolo,L. Darderi,C0C8,D0FJ,ARG,ITA,,18,"Game Set and Match Luciano Darderi. 
 Luciano Darderi wins the match  6-1  6-3 .",L. Darderi,J. Cerundolo,18,,ITA,ARG,1-6,3-6,,,,01:18:32,300,/en/stats/leaderboard?page=serve,1,5,56,15,27,73,11,15,67,8,12,100,1,1,4,178,/en/stats/leaderboard?page=serve,0,2,47,7,15,71,5,7,25,2,8,0,0,2,3,270,/en/stats/leaderboard?page=return,29,2,7,75,6,8,100,2,2,3,60,/en/stats/leaderboard?page=return,27,4,15,33,4,12,0,0,1,4,70,19,27,53,8,15,64,27,42,47,7,15,30,8,27,36,15,42,239.0,/en/stats/leaderboard?page=serve,2.0,1.0,44.0,11.0,25.0,64.0,7.0,11.0,57.0,8.0,14.0,50.0,1.0,2.0,4.0,175.0,/en/stats/leaderboard?page=serve,2.0,1.0,42.0,13.0,31.0,38.0,5.0,13.0,56.0,10.0,18.0,40.0,2.0,5.0,5.0,226.0,/en/stats/leaderboard?page=return,62.0,8.0,13.0,44.0,8.0,18.0,60.0,3.0,5.0,5.0,154.0,/en/stats/leaderboard?page=return,36.0,4.0,11.0,43.0,6.0,14.0,50.0,1.0,2.0,4.0,60.0,15.0,25.0,52.0,16.0,31.0,55.0,31.0,56.0,48.0,15.0,31.0,40.0,10.0,25.0,45.0,25.0,56.0,271,/en/stats/leaderboard?page=serve,3,6,50,26,52,69,18,26,62,16,26,67,2,3,8,177,/en/stats/leaderboard?page=serve,2,3,43,20,46,50,10,20,46,12,26,29,2,7,8,65,34,52,52,24,46,59,58,98,48,22,46,35,18,52,41,40,98,B,,,,,,,,,,,,,,,,,,,,,,,,,,,,,,,,,,,,,,,,,,,,,,,,,,,,,,,,,,,,,,,,,,,,,,,,,,,,,,,,,
1536,2026,ATP Masters 1000 Madrid,1000,2026-04-22T00:00:00,2026-05-03T00:00:00,Clay,96,8235540,€,MS054,Round of 64,01:51:44,"Game Set and Match Alexander Blockx. 
 Alexander Blockx wins the match  3-6  6-3  6-4 .",F,3,B0PG,B. Nakashima,A. Blockx,N0AE,B0PG,USA,BEL,28,,"Game Set and Match Alexander Blockx. 
 Alexander Blockx wins the match  3-6  6-3  6-4 .",A. Blockx,B. Nakashima,,28,BEL,USA,6-3,3-6,4-6,,,01:51:44,275,/en/stats/leaderboard?page=serve,0,5,67,14,21,71,10,14,57,4,7,0,0,1,4,313,/en/stats/leaderboard?page=serve,0,3,66,19,29,84,16,19,60,6,10,0,0,0,5,56,/en/stats/leaderboard?page=return,16,3,19,40,4,10,0,0,0,5,197,/en/stats/leaderboard?page=return,29,4,14,43,3,7,100,1,1,4,67,14,21,24,7,29,42,21,50,76,22,29,33,7,21,58,29,50,309.0,/en/stats/leaderboard?page=serve,0.0,6.0,66.0,23.0,35.0,70.0,16.0,23.0,67.0,8.0,12.0,100.0,4.0,4.0,5.0,255.0,/en/stats/leaderboard?page=serve,0.0,2.0,69.0,20.0,29.0,65.0,13.0,20.0,44.0,4.0,9.0,50.0,1.0,2.0,4.0,166.0,/en/stats/leaderboard?page=return,35.0,7.0,20.0,56.0,5.0,9.0,50.0,1.0,2.0,4.0,63.0,/en/stats/leaderboard?page=return,30.0,7.0,23.0,33.0,4.0,12.0,0.0,0.0,4.0,5.0,69.0,24.0,35.0,41.0,12.0,29.0,56.0,36.0,64.0,59.0,17.0,29.0,31.0,11.0,35.0,44.0,28.0,64.0,314,/en/stats/leaderboard?page=serve,1,15,64,51,80,75,38,51,69,20,29,80,4,5,14,283,/en/stats/leaderboard?page=serve,0,7,69,59,85,76,45,59,46,12,26,33,1,3,14,73,58,80,33,28,85,52,86,165,67,57,85,28,22,80,48,79,165,B,,327.0,/en/stats/leaderboard?page=serve,1.0,4.0,58.0,14.0,24.0,86.0,12.0,14.0,80.0,8.0,10.0,0.0,0.0,0.0,5.0,265.0,/en/stats/leaderboard?page=serve,0.0,2.0,74.0,20.0,27.0,80.0,16.0,20.0,29.0,2.0,7.0,0.0,0.0,1.0,5.0,211.0,/en/stats/leaderboard?page=return,20.0,4.0,20.0,71.0,5.0,7.0,100.0,1.0,1.0,5.0,34.0,/en/stats/leaderboard?page=return,14.0,2.0,14.0,20.0,2.0,10.0,0.0,0.0,0.0,5.0,83.0,20.0,24.0,33.0,9.0,27.0,57.0,29.0,51.0,67.0,18.0,27.0,17.0,4.0,24.0,43.0,22.0,51.0,,,,
1536,2026,ATP Masters 1000 Madrid,1000,2026-04-22T00:00:00,2026-05-03T00:00:00,Clay,96,8235540,€,MS056,Round of 64,02:09:38,"Game Set and Match Daniil Medvedev. 
 Daniil Medvedev wins the match  6-2 6-7(3) 6-4 .",F,3,MM58,D. Medvedev,F. Marozsan,MM58,M0CI,RUS,HUN,7,,"Game Set and Match Daniil Medvedev. 
 Daniil Medvedev wins the match  6-2 6-7(3) 6-4 .",D. Medvedev,F. Marozsan,7,,RUS,HUN,6-2,6-7(3),6-4,,,02:09:38,312,/en/stats/leaderboard?page=serve,1,2,73,16,22,88,14,16,50,3,6,100,2,2,4,202,/en/stats/leaderboard?page=serve,0,0,76,16,21,56,9,16,20,1,5,33,1,3,4,241,/en/stats/leaderboard?page=return,44,7,16,80,4,5,67,2,3,4,63,/en/stats/leaderboard?page=return,13,2,16,50,3,6,0,0,2,4,77,17,22,52,11,21,65,28,43,48,10,21,23,5,22,35,15,43,273.0,/en/stats/leaderboard?page=serve,3.0,1.0,67.0,24.0,36.0,75.0,18.0,24.0,50.0,6.0,12.0,0.0,0.0,1.0,6.0,266.0,/en/stats/leaderboard?page=serve,1.0,0.0,73.0,32.0,44.0,78.0,25.0,32.0,33.0,4.0,12.0,50.0,1.0,2.0,6.0,155.0,/en/stats/leaderboard?page=return,22.0,7.0,32.0,67.0,8.0,12.0,50.0,1.0,2.0,6.0,191.0,/en/stats/leaderboard?page=return,25.0,6.0,24.0,50.0,6.0,12.0,100.0,1.0,1.0,6.0,67.0,24.0,36.0,34.0,15.0,44.0,49.0,39.0,80.0,66.0,29.0,44.0,33.0,12.0,36.0,51.0,41.0,80.0,302,/en/stats/leaderboard?page=serve,4,3,76,63,83,79,50,63,55,11,20,67,2,3,15,253,/en/stats/leaderboard?page=serve,1,3,74,76,103,67,51,76,37,10,27,43,3,7,15,73,61,83,41,42,103,55,103,186,59,61,103,27,22,83,45,83,186,A,,370.0,/en/stats/leaderboard?page=serve,0.0,0.0,92.0,23.0,25.0,78.0,18.0,23.0,100.0,2.0,2.0,0.0,0.0,0.0,5.0,268.0,/en/stats/leaderboard?page=serve,0.0,3.0,74.0,28.0,38.0,61.0,17.0,28.0,50.0,5.0,10.0,50.0,1.0,2.0,5.0,159.0,/en/stats/leaderboard?page=return,39.0,11.0,28.0,50.0,5.0,10.0,50.0,1.0,2.0,5.0,22.0,/en/stats/leaderboard?page=return,22.0,5.0,23.0,0.0,0.0,2.0,0.0,0.0,0.0,5.0,80.0,20.0,25.0,42.0,16.0,38.0,57.0,36.0,63.0,58.0,22.0,38.0,20.0,5.0,25.0,43.0,27.0,63.0,,3.0,,
1536,2026,ATP Masters 1000 Madrid,1000,2026-04-22T00:00:00,2026-05-03T00:00:00,Clay,96,8235540,€,MS057,Round of 64,00:52:33,"Game Set and Match Nicolai Budkov Kjaer. 
 Nicolai Budkov Kjaer wins the match  6-2  6-1 .",F,3,B0U4,N. Budkov Kjaer,D. Shapovalov,B0U4,SU55,NOR,CAN,,31,"Game Set and Match Nicolai Budkov Kjaer. 
 Nicolai Budkov Kjaer wins the match  6-2  6-1 .",N. Budkov Kjaer,D. Shapovalov,,31,NOR,CAN,6-2,6-1,,,,00:52:33,303,/en/stats/leaderboard?page=serve,1,1,61,14,23,86,12,14,56,5,9,0,0,0,4,194,/en/stats/leaderboard?page=serve,4,1,36,8,22,75,6,8,36,5,14,0,0,2,4,239,/en/stats/leaderboard?page=return,25,2,8,64,9,14,100,2,2,4,58,/en/stats/leaderboard?page=return,14,2,14,44,4,9,0,0,0,4,74,17,23,50,11,22,62,28,45,50,11,22,26,6,23,38,17,45,328.0,/en/stats/leaderboard?page=serve,0.0,1.0,74.0,14.0,19.0,93.0,13.0,14.0,60.0,3.0,5.0,0.0,0.0,0.0,4.0,142.0,/en/stats/leaderboard?page=serve,0.0,0.0,44.0,7.0,16.0,43.0,3.0,7.0,22.0,2.0,9.0,50.0,2.0,4.0,3.0,251.0,/en/stats/leaderboard?page=return,57.0,4.0,7.0,78.0,7.0,9.0,50.0,2.0,4.0,3.0,47.0,/en/stats/leaderboard?page=return,7.0,1.0,14.0,40.0,2.0,5.0,0.0,0.0,0.0,4.0,84.0,16.0,19.0,69.0,11.0,16.0,77.0,27.0,35.0,31.0,5.0,16.0,16.0,3.0,19.0,23.0,8.0,35.0,314,/en/stats/leaderboard?page=serve,1,2,67,28,42,89,25,28,57,8,14,0,0,0,8,168,/en/stats/leaderboard?page=serve,4,1,39,15,38,60,9,15,30,7,23,33,2,6,7,79,33,42,58,22,38,69,55,80,42,16,38,21,9,42,31,25,80,A,,,,,,,,,,,,,,,,,,,,,,,,,,,,,,,,,,,,,,,,,,,,,,,,,,,,,,,,,,,,,,,,,,,,,,,,,,,,,,,,,
1536,2026,ATP Masters 1000 Madrid,1000,2026-04-22T00:00:00,2026-05-03T00:00:00,Clay,96,8235540,€,MS059,Round of 64,02:27:34,"Game Set and Match Flavio Cobolli. 
 Flavio Cobolli wins the match  6-7(7) 6-1  6-4 .",F,3,C0E9,C. Ugo Carabelli,F. Cobolli,U182,C0E9,ARG,ITA,,10,"Game Set and Match Flavio Cobolli. 
 Flavio Cobolli wins the match  6-7(7) 6-1  6-4 .",F. Cobolli,C. Ugo Carabelli,10,,ITA,ARG,7-6(7),1-6,4-6,,,02:27:34,284,/en/stats/leaderboard?page=serve,3,2,48,21,44,76,16,21,61,14,23,100,2,2,6,304,/en/stats/leaderboard?page=serve,0,1,60,25,42,84,21,25,59,10,17,100,1,1,6,57,/en/stats/leaderboard?page=return,16,4,25,41,7,17,0,0,1,6,63,/en/stats/leaderboard?page=return,24,5,21,39,9,23,0,0,2,6,68,30,44,26,11,42,48,41,86,74,31,42,32,14,44,52,45,86,313.0,/en/stats/leaderboard?page=serve,0.0,6.0,61.0,14.0,23.0,79.0,11.0,14.0,67.0,6.0,9.0,0.0,0.0,0.0,4.0,170.0,/en/stats/leaderboard?page=serve,2.0,1.0,45.0,10.0,22.0,60.0,6.0,10.0,33.0,4.0,12.0,67.0,4.0,6.0,3.0,206.0,/en/stats/leaderboard?page=return,40.0,4.0,10.0,67.0,8.0,12.0,33.0,2.0,6.0,3.0,54.0,/en/stats/leaderboard?page=return,21.0,3.0,14.0,33.0,3.0,9.0,0.0,0.0,0.0,4.0,74.0,17.0,23.0,55.0,12.0,22.0,64.0,29.0,45.0,45.0,10.0,22.0,26.0,6.0,23.0,36.0,16.0,45.0,305,/en/stats/leaderboard?page=serve,3,10,51,46,91,78,36,46,69,31,45,100,2,2,15,254,/en/stats/leaderboard?page=serve,4,4,60,66,110,71,47,66,45,20,44,73,8,11,14,74,67,91,39,43,110,55,110,201,61,67,110,26,24,91,45,91,201,B,,315.0,/en/stats/leaderboard?page=serve,0.0,2.0,46.0,11.0,24.0,82.0,9.0,11.0,85.0,11.0,13.0,0.0,0.0,0.0,5.0,252.0,/en/stats/leaderboard?page=serve,2.0,2.0,67.0,31.0,46.0,65.0,20.0,31.0,40.0,6.0,15.0,75.0,3.0,4.0,5.0,140.0,/en/stats/leaderboard?page=return,35.0,11.0,31.0,60.0,9.0,15.0,25.0,1.0,4.0,5.0,33.0,/en/stats/leaderboard?page=return,18.0,2.0,11.0,15.0,2.0,13.0,0.0,0.0,0.0,5.0,83.0,20.0,24.0,43.0,20.0,46.0,57.0,40.0,70.0,57.0,26.0,46.0,17.0,4.0,24.0,43.0,30.0,70.0,,,,7.0
1536,2026,ATP Masters 1000 Madrid,1000,2026-04-22T00:00:00,2026-05-03T00:00:00,Clay,96,8235540,€,MS060,Round of 64,01:19:58,"Game Set and Match Karen Khachanov. 
 Karen Khachanov wins the match  6-2  6-3 .",F,3,KE29,K. Khachanov,A. Walton,KE29,W09E,RUS,AUS,13,,"Game Set and Match Karen Khachanov. 
 Karen Khachanov wins the match  6-2  6-3 .",K. Khachanov,A. Walton,13,,RUS,AUS,6-2,6-3,,,,01:19:58,354,/en/stats/leaderboard?page=serve,0,1,74,14,19,79,11,14,100,5,5,0,0,0,4,212,/en/stats/leaderboard?page=serve,0,2,60,27,45,56,15,27,44,8,18,67,4,6,4,183,/en/stats/leaderboard?page=return,44,12,27,56,10,18,33,2,6,4,21,/en/stats/leaderboard?page=return,21,3,14,0,0,5,0,0,0,4,84,16,19,49,22,45,59,38,64,51,23,45,16,3,19,41,26,64,308.0,/en/stats/leaderboard?page=serve,2.0,3.0,72.0,18.0,25.0,78.0,14.0,18.0,57.0,4.0,7.0,100.0,3.0,3.0,4.0,229.0,/en/stats/leaderboard?page=serve,2.0,2.0,60.0,18.0,30.0,67.0,12.0,18.0,42.0,5.0,12.0,50.0,2.0,4.0,5.0,181.0,/en/stats/leaderboard?page=return,33.0,6.0,18.0,58.0,7.0,12.0,50.0,2.0,4.0,5.0,65.0,/en/stats/leaderboard?page=return,22.0,4.0,18.0,43.0,3.0,7.0,0.0,0.0,3.0,4.0,72.0,18.0,25.0,43.0,13.0,30.0,56.0,31.0,55.0,57.0,17.0,30.0,28.0,7.0,25.0,44.0,24.0,55.0,328,/en/stats/leaderboard?page=serve,2,4,73,32,44,78,25,32,75,9,12,100,3,3,8,220,/en/stats/leaderboard?page=serve,2,4,60,45,75,60,27,45,43,13,30,60,6,10,9,77,34,44,47,35,75,58,69,119,53,40,75,23,10,44,42,50,119,A,,,,,,,,,,,,,,,,,,,,,,,,,,,,,,,,,,,,,,,,,,,,,,,,,,,,,,,,,,,,,,,,,,,,,,,,,,,,,,,,,
1536,2026,ATP Masters 1000 Madrid,1000,2026-04-22T00:00:00,2026-05-03T00:00:00,Clay,96,8235540,€,MS061,Round of 64,01:06:56,"Game Set and Match Jakub Mensik. 
 Jakub Mensik wins the match  6-3  6-4 .",F,3,M0NI,M. Damm,J. Mensik,D0DT,M0NI,USA,CZE,,23,"Game Set and Match Jakub Mensik. 
 Jakub Mensik wins the match  6-3  6-4 .",J. Mensik,M. Damm,23,,CZE,USA,3-6,4-6,,,,01:06:56,323,/en/stats/leaderboard?page=serve,1,4,59,16,27,88,14,16,73,8,11,100,1,1,5,248,/en/stats/leaderboard?page=serve,5,3,68,17,25,82,14,17,25,2,8,75,3,4,4,143,/en/stats/leaderboard?page=return,18,3,17,75,6,8,25,1,4,4,40,/en/stats/leaderboard?page=return,13,2,16,27,3,11,0,0,1,5,81,22,27,36,9,25,60,31,52,64,16,25,19,5,27,40,21,52,315.0,/en/stats/leaderboard?page=serve,1.0,5.0,63.0,17.0,27.0,88.0,15.0,17.0,60.0,6.0,10.0,100.0,1.0,1.0,5.0,280.0,/en/stats/leaderboard?page=serve,0.0,5.0,52.0,13.0,25.0,85.0,11.0,13.0,58.0,7.0,12.0,0.0,0.0,1.0,5.0,177.0,/en/stats/leaderboard?page=return,15.0,2.0,13.0,42.0,5.0,12.0,100.0,1.0,1.0,5.0,52.0,/en/stats/leaderboard?page=return,12.0,2.0,17.0,40.0,4.0,10.0,0.0,0.0,1.0,5.0,78.0,21.0,27.0,28.0,7.0,25.0,54.0,28.0,52.0,72.0,18.0,25.0,22.0,6.0,27.0,46.0,24.0,52.0,323,/en/stats/leaderboard?page=serve,2,9,61,33,54,88,29,33,67,14,21,100,2,2,10,268,/en/stats/leaderboard?page=serve,5,8,60,30,50,83,25,30,45,9,20,60,3,5,9,80,43,54,32,16,50,57,59,104,68,34,50,20,11,54,43,45,104,B,,,,,,,,,,,,,,,,,,,,,,,,,,,,,,,,,,,,,,,,,,,,,,,,,,,,,,,,,,,,,,,,,,,,,,,,,,,,,,,,,
1536,2026,ATP Masters 1000 Madrid,1000,2026-04-22T00:00:00,2026-05-03T00:00:00,Clay,96,8235540,€,MS062,Round of 64,02:16:35,"Game Set and Match Terence Atmane. 
 Terence Atmane wins the match  7-6(3) 7-6(5).",F,3,A0GC,U. Humbert,T. Atmane,HH26,A0GC,FRA,FRA,30,,"Game Set and Match Terence Atmane. 
 Terence Atmane wins the match  7-6(3) 7-6(5).",T. Atmane,U. Humbert,,30,FRA,FRA,6-7(3),6-7(5),,,,02:16:35,280,/en/stats/leaderboard?page=serve,1,3,59,26,44,69,18,26,67,12,18,80,4,5,6,249,/en/stats/leaderboard?page=serve,3,4,46,29,63,69,20,29,50,17,34,89,8,9,6,108,/en/stats/leaderboard?page=return,31,9,29,50,17,34,11,1,9,6,100,/en/stats/leaderboard?page=return,31,8,26,33,6,18,20,1,5,6,68,30,44,41,26,63,52,56,107,59,37,63,32,14,44,48,51,107,293.0,/en/stats/leaderboard?page=serve,1.0,4.0,62.0,23.0,37.0,74.0,17.0,23.0,71.0,10.0,14.0,50.0,1.0,2.0,6.0,278.0,/en/stats/leaderboard?page=serve,2.0,5.0,63.0,24.0,38.0,79.0,19.0,24.0,50.0,7.0,14.0,0.0,0.0,1.0,6.0,187.0,/en/stats/leaderboard?page=return,21.0,5.0,24.0,50.0,7.0,14.0,100.0,1.0,1.0,6.0,121.0,/en/stats/leaderboard?page=return,26.0,6.0,23.0,29.0,4.0,14.0,50.0,1.0,2.0,6.0,73.0,27.0,37.0,32.0,12.0,38.0,52.0,39.0,75.0,68.0,26.0,38.0,27.0,10.0,37.0,48.0,36.0,75.0,288,/en/stats/leaderboard?page=serve,2,7,60,49,81,71,35,49,69,22,32,71,5,7,12,263,/en/stats/leaderboard?page=serve,5,9,52,53,101,74,39,53,50,24,48,80,8,10,12,70,57,81,38,38,101,52,95,182,62,63,101,30,24,81,48,87,182,B,5.0,,,,,,,,,,,,,,,,,,,,,,,,,,,,,,,,,,,,,,,,,,,,,,,,,,,,,,,,,,,,,,,,,,,,,,,,,,,,,3.0,,,
1536,2026,ATP Masters 1000 Madrid,1000,2026-04-22T00:00:00,2026-05-03T00:00:00,Clay,96,8235540,€,MS065,Round of 128,02:32:54,"Game Set and Match Benjamin Bonzi. 
 Benjamin Bonzi wins the match  6-7(4) 7-6(4) 6-4 .",F,3,BM95,B. Bonzi,T. Droguet,BM95,D0DW,FRA,FRA,,,"Game Set and Match Benjamin Bonzi. 
 Benjamin Bonzi wins the match  6-7(4) 7-6(4) 6-4 .",B. Bonzi,T. Droguet,,,FRA,FRA,6-7(4),7-6(4),6-4,,,02:32:54,300,/en/stats/leaderboard?page=serve,1,2,60,25,42,80,20,25,59,10,17,100,1,1,6,299,/en/stats/leaderboard?page=serve,1,6,52,22,42,82,18,22,60,12,20,100,2,2,6,58,/en/stats/leaderboard?page=return,18,4,22,40,8,20,0,0,2,6,61,/en/stats/leaderboard?page=return,20,5,25,41,7,17,0,0,1,6,71,30,42,29,12,42,50,42,84,71,30,42,29,12,42,50,42,84,302.0,/en/stats/leaderboard?page=serve,1.0,0.0,66.0,23.0,35.0,87.0,20.0,23.0,50.0,6.0,12.0,0.0,0.0,0.0,6.0,284.0,/en/stats/leaderboard?page=serve,2.0,8.0,58.0,29.0,50.0,72.0,21.0,29.0,48.0,10.0,21.0,100.0,6.0,6.0,6.0,80.0,/en/stats/leaderboard?page=return,28.0,8.0,29.0,52.0,11.0,21.0,0.0,0.0,6.0,6.0,63.0,/en/stats/leaderboard?page=return,13.0,3.0,23.0,50.0,6.0,12.0,0.0,0.0,0.0,6.0,74.0,26.0,35.0,38.0,19.0,50.0,53.0,45.0,85.0,62.0,31.0,50.0,26.0,9.0,35.0,47.0,40.0,85.0,309,/en/stats/leaderboard?page=serve,2,2,63,63,100,84,53,63,62,23,37,100,1,1,17,292,/en/stats/leaderboard?page=serve,3,15,54,64,118,75,48,64,57,31,54,89,8,9,17,76,76,100,33,39,118,53,115,218,67,79,118,24,24,100,47,103,218,A,4.0,340.0,/en/stats/leaderboard?page=serve,0.0,0.0,65.0,15.0,23.0,87.0,13.0,15.0,88.0,7.0,8.0,0.0,0.0,0.0,5.0,269.0,/en/stats/leaderboard?page=serve,0.0,1.0,50.0,13.0,26.0,69.0,9.0,13.0,69.0,9.0,13.0,0.0,0.0,1.0,5.0,182.0,/en/stats/leaderboard?page=return,31.0,4.0,13.0,31.0,4.0,13.0,100.0,1.0,1.0,5.0,26.0,/en/stats/leaderboard?page=return,13.0,2.0,15.0,13.0,1.0,8.0,0.0,0.0,0.0,5.0,87.0,20.0,23.0,31.0,8.0,26.0,57.0,28.0,49.0,69.0,18.0,26.0,13.0,3.0,23.0,43.0,21.0,49.0,,,,4.0
1536,2026,ATP Masters 1000 Madrid,1000,2026-04-22T00:00:00,2026-05-03T00:00:00,Clay,96,8235540,€,MS069,Round of 128,02:09:55,"Game Set and Match Tomas Machac. 
 Tomas Machac wins the match  3-6  7-6(3) 6-3 .",F,3,M0FH,T. Machac,F. Comesana,M0FH,C0DF,CZE,ARG,,,"Game Set and Match Tomas Machac. 
 Tomas Machac wins the match  3-6  7-6(3) 6-3 .",T. Machac,F. Comesana,,,CZE,ARG,3-6,7-6(3),6-3,,,02:09:55,266,/en/stats/leaderboard?page=serve,1,3,63,12,19,83,10,12,43,3,7,0,0,1,4,297,/en/stats/leaderboard?page=serve,1,6,58,19,33,84,16,19,50,7,14,100,1,1,5,66,/en/stats/leaderboard?page=return,16,3,19,50,7,14,0,0,1,5,199,/en/stats/leaderboard?page=return,17,2,12,57,4,7,100,1,1,4,68,13,19,30,10,33,44,23,52,70,23,33,32,6,19,56,29,52,308.0,/en/stats/leaderboard?page=serve,2.0,3.0,69.0,29.0,42.0,76.0,22.0,29.0,62.0,8.0,13.0,0.0,0.0,0.0,6.0,299.0,/en/stats/leaderboard?page=serve,2.0,5.0,63.0,24.0,38.0,83.0,20.0,24.0,50.0,7.0,14.0,0.0,0.0,0.0,6.0,67.0,/en/stats/leaderboard?page=return,17.0,4.0,24.0,50.0,7.0,14.0,0.0,0.0,0.0,6.0,62.0,/en/stats/leaderboard?page=return,24.0,7.0,29.0,38.0,5.0,13.0,0.0,0.0,0.0,6.0,71.0,30.0,42.0,29.0,11.0,38.0,51.0,41.0,80.0,71.0,27.0,38.0,29.0,12.0,42.0,49.0,39.0,80.0,294,/en/stats/leaderboard?page=serve,4,9,64,57,89,74,42,57,59,19,32,50,1,2,14,287,/en/stats/leaderboard?page=serve,3,14,63,59,93,76,45,59,50,17,34,33,1,3,16,69,61,89,33,31,93,51,92,182,67,62,93,31,28,89,49,90,182,A,3.0,289.0,/en/stats/leaderboard?page=serve,1.0,3.0,57.0,16.0,28.0,63.0,10.0,16.0,67.0,8.0,12.0,100.0,1.0,1.0,4.0,242.0,/en/stats/leaderboard?page=serve,0.0,3.0,73.0,16.0,22.0,56.0,9.0,16.0,50.0,3.0,6.0,0.0,0.0,2.0,5.0,234.0,/en/stats/leaderboard?page=return,44.0,7.0,16.0,50.0,3.0,6.0,100.0,2.0,2.0,5.0,71.0,/en/stats/leaderboard?page=return,38.0,6.0,16.0,33.0,4.0,12.0,0.0,0.0,1.0,4.0,64.0,18.0,28.0,45.0,10.0,22.0,56.0,28.0,50.0,55.0,12.0,22.0,36.0,10.0,28.0,44.0,22.0,50.0,,,,
1536,2026,ATP Masters 1000 Madrid,1000,2026-04-22T00:00:00,2026-05-03T00:00:00,Clay,96,8235540,€,MS070,Round of 128,01:17:29,"Game Set and Match Thiago Agustin Tirante. 
 Thiago Agustin Tirante wins the match  6-2  6-4 .",F,3,T0A1,R. Bautista Agut,T. Tirante,BD06,T0A1,ESP,ARG,,,"Game Set and Match Thiago Agustin Tirante. 
 Thiago Agustin Tirante wins the match  6-2  6-4 .",T. Tirante,R. Bautista Agut,,,ARG,ESP,2-6,4-6,,,,01:17:29,326,/en/stats/leaderboard?page=serve,1,4,70,14,20,86,12,14,67,4,6,0,0,0,4,210,/en/stats/leaderboard?page=serve,3,0,65,15,23,60,9,15,38,3,8,33,1,3,4,220,/en/stats/leaderboard?page=return,40,6,15,63,5,8,67,2,3,4,47,/en/stats/leaderboard?page=return,14,2,14,33,2,6,0,0,0,4,80,16,20,48,11,23,63,27,43,52,12,23,20,4,20,37,16,43,321.0,/en/stats/leaderboard?page=serve,0.0,3.0,54.0,13.0,24.0,100.0,13.0,13.0,64.0,7.0,11.0,0.0,0.0,0.0,5.0,262.0,/en/stats/leaderboard?page=serve,0.0,0.0,57.0,16.0,28.0,75.0,12.0,16.0,50.0,6.0,12.0,0.0,0.0,1.0,5.0,195.0,/en/stats/leaderboard?page=return,25.0,4.0,16.0,50.0,6.0,12.0,100.0,1.0,1.0,5.0,36.0,/en/stats/leaderboard?page=return,0.0,0.0,13.0,36.0,4.0,11.0,0.0,0.0,0.0,5.0,83.0,20.0,24.0,36.0,10.0,28.0,58.0,30.0,52.0,64.0,18.0,28.0,17.0,4.0,24.0,42.0,22.0,52.0,325,/en/stats/leaderboard?page=serve,1,7,61,27,44,93,25,27,65,11,17,0,0,0,9,237,/en/stats/leaderboard?page=serve,3,0,61,31,51,68,21,31,45,9,20,25,1,4,9,82,36,44,41,21,51,60,57,95,59,30,51,18,8,44,40,38,95,B,,,,,,,,,,,,,,,,,,,,,,,,,,,,,,,,,,,,,,,,,,,,,,,,,,,,,,,,,,,,,,,,,,,,,,,,,,,,,,,,,
1536,2026,ATP Masters 1000 Madrid,1000,2026-04-22T00:00:00,2026-05-03T00:00:00,Clay,96,8235540,€,MS073,Round of 128,00:56:47,"Game Set and Match Vit Kopriva. 
 Vit Kopriva wins the match  6-2  6-0 .",F,3,KI82,Z. Zhang,V. Kopriva,Z371,KI82,CHN,CZE,,,"Game Set and Match Vit Kopriva. 
 Vit Kopriva wins the match  6-2  6-0 .",V. Kopriva,Z. Zhang,,,CZE,CHN,2-6,0-6,,,,00:56:47,312,/en/stats/leaderboard?page=serve,0,2,57,12,21,75,9,12,78,7,9,0,0,0,4,254,/en/stats/leaderboard?page=serve,0,3,82,31,38,48,15,31,71,5,7,71,5,7,4,160,/en/stats/leaderboard?page=return,52,16,31,29,2,7,29,2,7,4,47,/en/stats/leaderboard?page=return,25,3,12,22,2,9,0,0,0,4,76,16,21,47,18,38,58,34,59,53,20,38,24,5,21,42,25,59,314.0,/en/stats/leaderboard?page=serve,2.0,2.0,73.0,11.0,15.0,91.0,10.0,11.0,50.0,2.0,4.0,0.0,0.0,0.0,3.0,101.0,/en/stats/leaderboard?page=serve,4.0,0.0,50.0,9.0,18.0,22.0,2.0,9.0,33.0,3.0,9.0,40.0,2.0,5.0,3.0,305.0,/en/stats/leaderboard?page=return,78.0,7.0,9.0,67.0,6.0,9.0,60.0,3.0,5.0,3.0,59.0,/en/stats/leaderboard?page=return,9.0,1.0,11.0,50.0,2.0,4.0,0.0,0.0,0.0,3.0,80.0,12.0,15.0,72.0,13.0,18.0,76.0,25.0,33.0,28.0,5.0,18.0,20.0,3.0,15.0,24.0,8.0,33.0,318,/en/stats/leaderboard?page=serve,2,4,64,23,36,83,19,23,69,9,13,0,0,0,7,191,/en/stats/leaderboard?page=serve,4,3,71,40,56,43,17,40,50,8,16,58,7,12,7,78,28,36,55,31,56,64,59,92,45,25,56,22,8,36,36,33,92,B,,,,,,,,,,,,,,,,,,,,,,,,,,,,,,,,,,,,,,,,,,,,,,,,,,,,,,,,,,,,,,,,,,,,,,,,,,,,,,,,,
1536,2026,ATP Masters 1000 Madrid,1000,2026-04-22T00:00:00,2026-05-03T00:00:00,Clay,96,8235540,€,MS077,Round of 128,02:07:56,"Game Set and Match Marin Cilic. 
 Marin Cilic wins the match  4-6  6-3  6-4 .",F,3,C977,Z. Bergs,M. Cilic,BU13,C977,BEL,CRO,,,"Game Set and Match Marin Cilic. 
 Marin Cilic wins the match  4-6  6-3  6-4 .",M. Cilic,Z. Bergs,,,CRO,BEL,6-4,3-6,4-6,,,02:07:56,255,/en/stats/leaderboard?page=serve,1,4,48,15,31,80,12,15,44,7,16,67,2,3,5,322,/en/stats/leaderboard?page=serve,0,3,63,17,27,76,13,17,80,8,10,0,0,0,5,44,/en/stats/leaderboard?page=return,24,4,17,20,2,10,0,0,0,5,129,/en/stats/leaderboard?page=return,20,3,15,56,9,16,33,1,3,5,61,19,31,22,6,27,43,25,58,78,21,27,39,12,31,57,33,58,325.0,/en/stats/leaderboard?page=serve,0.0,1.0,58.0,14.0,24.0,86.0,12.0,14.0,80.0,8.0,10.0,0.0,0.0,0.0,5.0,244.0,/en/stats/leaderboard?page=serve,3.0,5.0,67.0,16.0,24.0,75.0,12.0,16.0,25.0,2.0,8.0,75.0,3.0,4.0,4.0,150.0,/en/stats/leaderboard?page=return,25.0,4.0,16.0,75.0,6.0,8.0,25.0,1.0,4.0,4.0,34.0,/en/stats/leaderboard?page=return,14.0,2.0,14.0,20.0,2.0,10.0,0.0,0.0,0.0,5.0,83.0,20.0,24.0,42.0,10.0,24.0,63.0,30.0,48.0,58.0,14.0,24.0,17.0,4.0,24.0,38.0,18.0,48.0,301,/en/stats/leaderboard?page=serve,1,9,53,42,80,81,34,42,66,25,38,67,2,3,15,285,/en/stats/leaderboard?page=serve,4,10,59,48,81,77,37,48,58,19,33,67,4,6,14,74,59,80,31,25,81,52,84,161,69,56,81,26,21,80,48,77,161,B,,316.0,/en/stats/leaderboard?page=serve,0.0,4.0,52.0,13.0,25.0,77.0,10.0,13.0,83.0,10.0,12.0,0.0,0.0,0.0,5.0,271.0,/en/stats/leaderboard?page=serve,1.0,2.0,50.0,15.0,30.0,80.0,12.0,15.0,60.0,9.0,15.0,50.0,1.0,2.0,5.0,130.0,/en/stats/leaderboard?page=return,20.0,3.0,15.0,40.0,6.0,15.0,50.0,1.0,2.0,5.0,40.0,/en/stats/leaderboard?page=return,23.0,3.0,13.0,17.0,2.0,12.0,0.0,0.0,0.0,5.0,80.0,20.0,25.0,30.0,9.0,30.0,53.0,29.0,55.0,70.0,21.0,30.0,20.0,5.0,25.0,47.0,26.0,55.0,,,,
1536,2026,ATP Masters 1000 Madrid,1000,2026-04-22T00:00:00,2026-05-03T00:00:00,Clay,96,8235540,€,MS082,Round of 128,01:39:36,"Game Set and Match Sebastian Ofner. 
 Sebastian Ofner wins the match  7-6(5) 7-6(0).",F,3,O513,N. Basilashvili,S. Ofner,BG23,O513,GEO,AUT,,,"Game Set and Match Sebastian Ofner. 
 Sebastian Ofner wins the match  7-6(5) 7-6(0).",S. Ofner,N. Basilashvili,,,AUT,GEO,6-7(5),6-7(0),,,,01:39:36,268,/en/stats/leaderboard?page=serve,2,9,54,27,50,81,22,27,43,10,23,80,4,5,6,259,/en/stats/leaderboard?page=serve,3,7,42,18,43,78,14,18,52,13,25,50,1,2,6,136,/en/stats/leaderboard?page=return,22,4,18,48,12,25,50,1,2,6,112,/en/stats/leaderboard?page=return,19,5,27,57,13,23,20,1,5,6,64,32,50,37,16,43,52,48,93,63,27,43,36,18,50,48,45,93,329.0,/en/stats/leaderboard?page=serve,0.0,9.0,62.0,23.0,37.0,87.0,20.0,23.0,71.0,10.0,14.0,100.0,2.0,2.0,6.0,284.0,/en/stats/leaderboard?page=serve,3.0,1.0,59.0,23.0,39.0,83.0,19.0,23.0,44.0,7.0,16.0,100.0,1.0,1.0,6.0,73.0,/en/stats/leaderboard?page=return,17.0,4.0,23.0,56.0,9.0,16.0,0.0,0.0,1.0,6.0,42.0,/en/stats/leaderboard?page=return,13.0,3.0,23.0,29.0,4.0,14.0,0.0,0.0,2.0,6.0,81.0,30.0,37.0,33.0,13.0,39.0,57.0,43.0,76.0,67.0,26.0,39.0,19.0,7.0,37.0,43.0,33.0,76.0,302,/en/stats/leaderboard?page=serve,2,18,57,50,87,84,42,50,54,20,37,86,6,7,12,272,/en/stats/leaderboard?page=serve,6,8,50,41,82,80,33,41,49,20,41,67,2,3,12,71,62,87,35,29,82,54,91,169,65,53,82,29,25,87,46,78,169,B,0.0,,,,,,,,,,,,,,,,,,,,,,,,,,,,,,,,,,,,,,,,,,,,,,,,,,,,,,,,,,,,,,,,,,,,,,,,,,,,,5.0,,,
1536,2026,ATP Masters 1000 Madrid,1000,2026-04-22T00:00:00,2026-05-03T00:00:00,Clay,96,8235540,€,MS089,Round of 128,01:16:40,"Game Set and Match Alejandro Tabilo. 
 Alejandro Tabilo wins the match  6-2  6-4 .",F,3,TE30,A. Tabilo,V. Royer,TE30,R0EB,CHI,FRA,,,"Game Set and Match Alejandro Tabilo. 
 Alejandro Tabilo wins the match  6-2  6-4 .",A. Tabilo,V. Royer,,,CHI,FRA,6-2,6-4,,,,01:16:40,298,/en/stats/leaderboard?page=serve,1,4,63,17,27,82,14,17,50,5,10,0,0,0,4,206,/en/stats/leaderboard?page=serve,1,1,63,15,24,60,9,15,33,3,9,0,0,2,4,257,/en/stats/leaderboard?page=return,40,6,15,67,6,9,100,2,2,4,68,/en/stats/leaderboard?page=return,18,3,17,50,5,10,0,0,0,4,70,19,27,50,12,24,61,31,51,50,12,24,30,8,27,39,20,51,335.0,/en/stats/leaderboard?page=serve,1.0,3.0,65.0,15.0,23.0,93.0,14.0,15.0,75.0,6.0,8.0,0.0,0.0,0.0,5.0,251.0,/en/stats/leaderboard?page=serve,3.0,3.0,61.0,27.0,44.0,63.0,17.0,27.0,47.0,8.0,17.0,80.0,4.0,5.0,5.0,130.0,/en/stats/leaderboard?page=return,37.0,10.0,27.0,53.0,9.0,17.0,20.0,1.0,5.0,5.0,32.0,/en/stats/leaderboard?page=return,7.0,1.0,15.0,25.0,2.0,8.0,0.0,0.0,0.0,5.0,87.0,20.0,23.0,43.0,19.0,44.0,58.0,39.0,67.0,57.0,25.0,44.0,13.0,3.0,23.0,42.0,28.0,67.0,318,/en/stats/leaderboard?page=serve,2,7,64,32,50,88,28,32,61,11,18,0,0,0,9,232,/en/stats/leaderboard?page=serve,4,4,62,42,68,62,26,42,42,11,26,57,4,7,9,78,39,50,46,31,68,59,70,118,54,37,68,22,11,50,41,48,118,A,,,,,,,,,,,,,,,,,,,,,,,,,,,,,,,,,,,,,,,,,,,,,,,,,,,,,,,,,,,,,,,,,,,,,,,,,,,,,,,,,
1536,2026,ATP Masters 1000 Madrid,1000,2026-04-22T00:00:00,2026-05-03T00:00:00,Clay,96,8235540,€,MS090,Round of 128,01:16:07,"Game Set and Match Jan-Lennard Struff. 
 Jan-Lennard Struff wins the match  7-6(3) 6-0 .",F,3,SL28,A. Muller,J. Struff,MP20,SL28,FRA,GER,,,"Game Set and Match Jan-Lennard Struff. 
 Jan-Lennard Struff wins the match  7-6(3) 6-0 .",J. Struff,A. Muller,,,GER,FRA,6-7(3),0-6,,,,01:16:07,232,/en/stats/leaderboard?page=serve,2,4,47,20,43,65,13,20,52,12,23,67,4,6,6,228,/en/stats/leaderboard?page=serve,4,5,59,27,46,70,19,27,32,6,19,67,4,6,6,164,/en/stats/leaderboard?page=return,30,8,27,68,13,19,33,2,6,6,149,/en/stats/leaderboard?page=return,35,7,20,48,11,23,33,2,6,6,58,25,43,46,21,46,52,46,89,54,25,46,42,18,43,48,43,89,300.0,/en/stats/leaderboard?page=serve,1.0,3.0,38.0,6.0,16.0,100.0,6.0,6.0,60.0,6.0,10.0,0.0,0.0,0.0,3.0,117.0,/en/stats/leaderboard?page=serve,2.0,2.0,67.0,14.0,21.0,50.0,7.0,14.0,0.0,0.0,7.0,40.0,2.0,5.0,3.0,310.0,/en/stats/leaderboard?page=return,50.0,7.0,14.0,100.0,7.0,7.0,60.0,3.0,5.0,3.0,40.0,/en/stats/leaderboard?page=return,0.0,0.0,6.0,40.0,4.0,10.0,0.0,0.0,0.0,3.0,75.0,12.0,16.0,67.0,14.0,21.0,70.0,26.0,37.0,33.0,7.0,21.0,25.0,4.0,16.0,30.0,11.0,37.0,253,/en/stats/leaderboard?page=serve,3,7,44,26,59,73,19,26,55,18,33,67,4,6,9,192,/en/stats/leaderboard?page=serve,6,7,61,41,67,63,26,41,23,6,26,55,6,11,9,63,37,59,52,35,67,57,72,126,48,32,67,37,22,59,43,54,126,B,,,,,,,,,,,,,,,,,,,,,,,,,,,,,,,,,,,,,,,,,,,,,,,,,,,,,,,,,,,,,,,,,,,,,,,,,,,,,,3.0,,,
1536,2026,ATP Masters 1000 Madrid,1000,2026-04-22T00:00:00,2026-05-03T00:00:00,Clay,96,8235540,€,MS093,Round of 128,01:17:10,"Game Set and Match Damir Dzumhur. 
 Damir Dzumhur wins the match  6-2  6-4 .",F,3,D923,D. Dzumhur,M. Bellucci,D923,B0GG,BIH,ITA,,,"Game Set and Match Damir Dzumhur. 
 Damir Dzumhur wins the match  6-2  6-4 .",D. Dzumhur,M. Bellucci,,,BIH,ITA,6-2,6-4,,,,01:17:10,261,/en/stats/leaderboard?page=serve,2,0,75,15,20,73,11,15,40,2,5,0,0,1,4,172,/en/stats/leaderboard?page=serve,1,0,66,19,29,42,8,19,40,4,10,25,1,4,4,268,/en/stats/leaderboard?page=return,58,11,19,60,6,10,75,3,4,4,212,/en/stats/leaderboard?page=return,27,4,15,60,3,5,100,1,1,4,65,13,20,59,17,29,61,30,49,41,12,29,35,7,20,39,19,49,305.0,/en/stats/leaderboard?page=serve,0.0,0.0,66.0,19.0,29.0,89.0,17.0,19.0,50.0,5.0,10.0,100.0,1.0,1.0,5.0,315.0,/en/stats/leaderboard?page=serve,1.0,0.0,78.0,18.0,23.0,78.0,14.0,18.0,80.0,4.0,5.0,0.0,0.0,1.0,5.0,162.0,/en/stats/leaderboard?page=return,22.0,4.0,18.0,20.0,1.0,5.0,100.0,1.0,1.0,5.0,61.0,/en/stats/leaderboard?page=return,11.0,2.0,19.0,50.0,5.0,10.0,0.0,0.0,1.0,5.0,76.0,22.0,29.0,22.0,5.0,23.0,52.0,27.0,52.0,78.0,18.0,23.0,24.0,7.0,29.0,48.0,25.0,52.0,284,/en/stats/leaderboard?page=serve,2,0,69,34,49,82,28,34,47,7,15,50,1,2,9,236,/en/stats/leaderboard?page=serve,2,0,71,37,52,59,22,37,53,8,15,20,1,5,9,71,35,49,42,22,52,56,57,101,58,30,52,29,14,49,44,44,101,A,,,,,,,,,,,,,,,,,,,,,,,,,,,,,,,,,,,,,,,,,,,,,,,,,,,,,,,,,,,,,,,,,,,,,,,,,,,,,,,,,
1536,2026,ATP Masters 1000 Madrid,1000,2026-04-22T00:00:00,2026-05-03T00:00:00,Clay,96,8235540,€,MS001,Final,00:57:34,"Game Set and Match Jannik Sinner. 
 Jannik Sinner wins the match  6-1  6-2 .",F,3,S0AG,J. Sinner,A. Zverev,S0AG,Z355,ITA,GER,1,2,"Game Set and Match Jannik Sinner. 
 Jannik Sinner wins the match  6-1  6-2 .",J. Sinner,A. Zverev,1,2,ITA,GER,6-1,6-2,,,,00:57:34,297,/en/stats/leaderboard?page=serve,1,4,81,17,21,88,15,17,25,1,4,0,0,0,4,159,/en/stats/leaderboard?page=serve,0,1,75,12,16,50,6,12,0,0,4,0,0,2,3,316,/en/stats/leaderboard?page=return,50,6,12,100,4,4,100,2,2,3,87,/en/stats/leaderboard?page=return,12,2,17,75,3,4,0,0,0,4,76,16,21,63,10,16,70,26,37,38,6,16,24,5,21,30,11,37,338.0,/en/stats/leaderboard?page=serve,0.0,4.0,67.0,12.0,18.0,100.0,12.0,12.0,67.0,4.0,6.0,0.0,0.0,0.0,4.0,232.0,/en/stats/leaderboard?page=serve,1.0,1.0,79.0,15.0,19.0,53.0,8.0,15.0,50.0,2.0,4.0,0.0,0.0,2.0,4.0,247.0,/en/stats/leaderboard?page=return,47.0,7.0,15.0,50.0,2.0,4.0,100.0,2.0,2.0,4.0,33.0,/en/stats/leaderboard?page=return,0.0,0.0,12.0,33.0,2.0,6.0,0.0,0.0,0.0,4.0,89.0,16.0,18.0,47.0,9.0,19.0,68.0,25.0,37.0,53.0,10.0,19.0,11.0,2.0,18.0,32.0,12.0,37.0,324,/en/stats/leaderboard?page=serve,1,8,74,29,39,93,27,29,50,5,10,0,0,0,8,197,/en/stats/leaderboard?page=serve,1,2,77,27,35,52,14,27,25,2,8,0,0,4,7,82,32,39,54,19,35,69,51,74,46,16,35,18,7,39,31,23,74,A,,,,,,,,,,,,,,,,,,,,,,,,,,,,,,,,,,,,,,,,,,,,,,,,,,,,,,,,,,,,,,,,,,,,,,,,,,,,,,,,,
1536,2026,ATP Masters 1000 Madrid,1000,2026-04-22T00:00:00,2026-05-03T00:00:00,Clay,96,8235540,€,MS006,Quarterfinals,01:36:00,"Game Set and Match Alexander Blockx. 
 Alexander Blockx wins the match  6-4  6-4 .",F,3,B0PG,C. Ruud,A. Blockx,RH16,B0PG,NOR,BEL,12,,"Game Set and Match Alexander Blockx. 
 Alexander Blockx wins the match  6-4  6-4 .",A. Blockx,C. Ruud,,12,BEL,NOR,4-6,4-6,,,,01:36:00,248,/en/stats/leaderboard?page=serve,1,2,50,18,36,78,14,18,39,7,18,50,1,2,5,224,/en/stats/leaderboard?page=serve,1,0,64,18,28,61,11,18,40,4,10,0,0,2,5,239,/en/stats/leaderboard?page=return,39,7,18,60,6,10,100,2,2,5,153,/en/stats/leaderboard?page=return,22,4,18,61,11,18,50,1,2,5,58,21,36,46,13,28,53,34,64,54,15,28,42,15,36,47,30,64,293.0,/en/stats/leaderboard?page=serve,2.0,0.0,52.0,15.0,29.0,93.0,14.0,15.0,50.0,7.0,14.0,100.0,1.0,1.0,5.0,270.0,/en/stats/leaderboard?page=serve,0.0,1.0,71.0,24.0,34.0,58.0,14.0,24.0,60.0,6.0,10.0,80.0,4.0,5.0,5.0,122.0,/en/stats/leaderboard?page=return,42.0,10.0,24.0,40.0,4.0,10.0,20.0,1.0,5.0,5.0,57.0,/en/stats/leaderboard?page=return,7.0,1.0,15.0,50.0,7.0,14.0,0.0,0.0,1.0,5.0,72.0,21.0,29.0,41.0,14.0,34.0,56.0,35.0,63.0,59.0,20.0,34.0,28.0,8.0,29.0,44.0,28.0,63.0,269,/en/stats/leaderboard?page=serve,3,2,51,33,65,85,28,33,44,14,32,67,2,3,10,248,/en/stats/leaderboard?page=serve,1,1,68,42,62,60,25,42,50,10,20,57,4,7,10,65,42,65,44,27,62,54,69,127,56,35,62,35,23,65,46,58,127,B,,,,,,,,,,,,,,,,,,,,,,,,,,,,,,,,,,,,,,,,,,,,,,,,,,,,,,,,,,,,,,,,,,,,,,,,,,,,,,,,,
1536,2026,ATP Masters 1000 Madrid,1000,2026-04-22T00:00:00,2026-05-03T00:00:00,Clay,96,8235540,€,MS009,Round of 16,01:18:57,"Game Set and Match Rafael Jodar. 
 Rafael Jodar wins the match  7-5  6-0 .",F,3,J0DZ,V. Kopriva,R. Jodar,KI82,J0DZ,CZE,ESP,,,"Game Set and Match Rafael Jodar. 
 Rafael Jodar wins the match  7-5  6-0 .",R. Jodar,V. Kopriva,,,ESP,CZE,5-7,0-6,,,,01:18:57,308,/en/stats/leaderboard?page=serve,0,3,58,21,36,67,14,21,80,12,15,100,2,2,6,264,/en/stats/leaderboard?page=serve,3,2,56,19,34,53,10,19,73,11,15,0,0,1,6,190,/en/stats/leaderboard?page=return,47,9,19,27,4,15,100,1,1,6,53,/en/stats/leaderboard?page=return,33,7,21,20,3,15,0,0,2,6,72,26,36,38,13,34,56,39,70,62,21,34,28,10,36,44,31,70,314.0,/en/stats/leaderboard?page=serve,0.0,0.0,43.0,6.0,14.0,83.0,5.0,6.0,88.0,7.0,8.0,0.0,0.0,0.0,3.0,112.0,/en/stats/leaderboard?page=serve,2.0,0.0,33.0,8.0,24.0,50.0,4.0,8.0,31.0,5.0,16.0,50.0,3.0,6.0,3.0,269.0,/en/stats/leaderboard?page=return,50.0,4.0,8.0,69.0,11.0,16.0,50.0,3.0,6.0,3.0,30.0,/en/stats/leaderboard?page=return,17.0,1.0,6.0,13.0,1.0,8.0,0.0,0.0,0.0,3.0,86.0,12.0,14.0,63.0,15.0,24.0,71.0,27.0,38.0,38.0,9.0,24.0,14.0,2.0,14.0,29.0,11.0,38.0,310,/en/stats/leaderboard?page=serve,0,3,54,27,50,70,19,27,83,19,23,100,2,2,9,203,/en/stats/leaderboard?page=serve,5,2,47,27,58,52,14,27,52,16,31,43,3,7,9,76,38,50,48,28,58,61,66,108,52,30,58,24,12,50,39,42,108,B,,,,,,,,,,,,,,,,,,,,,,,,,,,,,,,,,,,,,,,,,,,,,,,,,,,,,,,,,,,,,,,,,,,,,,,,,,,,,,,,,
1536,2026,ATP Masters 1000 Madrid,1000,2026-04-22T00:00:00,2026-05-03T00:00:00,Clay,96,8235540,€,MS012,Round of 16,02:57:52,"Game Set and Match Casper Ruud. 
 Casper Ruud wins the match  6-7(4) 7-6(2) 7-6(3).",F,3,RH16,S. Tsitsipas,C. Ruud,TE51,RH16,GRE,NOR,,12,"Game Set and Match Casper Ruud. 
 Casper Ruud wins the match  6-7(4) 7-6(2) 7-6(3).",C. Ruud,S. Tsitsipas,12,,NOR,GRE,7-6(4),6-7(2),6-7(3),,,02:57:52,349,/en/stats/leaderboard?page=serve,0,3,75,24,32,83,20,24,88,7,8,0,0,0,6,303,/en/stats/leaderboard?page=serve,2,1,54,22,41,82,18,22,68,13,19,100,1,1,6,50,/en/stats/leaderboard?page=return,18,4,22,32,6,19,0,0,1,6,30,/en/stats/leaderboard?page=return,17,4,24,13,1,8,0,0,0,6,84,27,32,24,10,41,51,37,73,76,31,41,16,5,32,49,36,73,337.0,/en/stats/leaderboard?page=serve,1.0,4.0,69.0,24.0,35.0,83.0,20.0,24.0,82.0,9.0,11.0,100.0,1.0,1.0,6.0,290.0,/en/stats/leaderboard?page=serve,1.0,2.0,56.0,23.0,41.0,83.0,19.0,23.0,50.0,9.0,18.0,100.0,1.0,1.0,6.0,67.0,/en/stats/leaderboard?page=return,17.0,4.0,23.0,50.0,9.0,18.0,0.0,0.0,1.0,6.0,35.0,/en/stats/leaderboard?page=return,17.0,4.0,24.0,18.0,2.0,11.0,0.0,0.0,1.0,6.0,83.0,29.0,35.0,32.0,13.0,41.0,55.0,42.0,76.0,68.0,28.0,41.0,17.0,6.0,35.0,45.0,34.0,76.0,320,/en/stats/leaderboard?page=serve,2,8,70,74,105,82,61,74,68,21,31,80,4,5,18,281,/en/stats/leaderboard?page=serve,4,6,60,85,141,73,62,85,52,29,56,92,11,12,18,78,82,105,35,50,141,54,132,246,65,91,141,22,23,105,46,114,246,B,2.0,274.0,/en/stats/leaderboard?page=serve,1.0,1.0,68.0,26.0,38.0,81.0,21.0,26.0,42.0,5.0,12.0,75.0,3.0,4.0,6.0,253.0,/en/stats/leaderboard?page=serve,1.0,3.0,68.0,40.0,59.0,63.0,25.0,40.0,37.0,7.0,19.0,90.0,9.0,10.0,6.0,127.0,/en/stats/leaderboard?page=return,38.0,15.0,40.0,63.0,12.0,19.0,10.0,1.0,10.0,6.0,118.0,/en/stats/leaderboard?page=return,19.0,5.0,26.0,58.0,7.0,12.0,25.0,1.0,4.0,6.0,68.0,26.0,38.0,46.0,27.0,59.0,55.0,53.0,97.0,54.0,32.0,59.0,32.0,12.0,38.0,45.0,44.0,97.0,,,3.0,4.0
1536,2026,ATP Masters 1000 Madrid,1000,2026-04-22T00:00:00,2026-05-03T00:00:00,Clay,96,8235540,€,MS013,Round of 16,01:38:35,"Game Set and Match Alexander Blockx. 
 Alexander Blockx wins the match  7-6(8) 6-2 .",F,3,B0PG,F. Cerundolo,A. Blockx,C0AU,B0PG,ARG,BEL,16,,"Game Set and Match Alexander Blockx. 
 Alexander Blockx wins the match  7-6(8) 6-2 .",A. Blockx,F. Cerundolo,,16,BEL,ARG,6-7(8),2-6,,,,01:38:35,303,/en/stats/leaderboard?page=serve,2,3,58,28,48,89,25,28,55,11,20,100,3,3,6,319,/en/stats/leaderboard?page=serve,0,2,63,27,43,85,23,27,69,11,16,100,2,2,6,46,/en/stats/leaderboard?page=return,15,4,27,31,5,16,0,0,2,6,56,/en/stats/leaderboard?page=return,11,3,28,45,9,20,0,0,3,6,75,36,48,21,9,43,49,45,91,79,34,43,25,12,48,51,46,91,298.0,/en/stats/leaderboard?page=serve,0.0,3.0,63.0,19.0,30.0,68.0,13.0,19.0,64.0,7.0,11.0,100.0,5.0,5.0,4.0,196.0,/en/stats/leaderboard?page=serve,2.0,1.0,55.0,17.0,31.0,71.0,12.0,17.0,21.0,3.0,14.0,50.0,2.0,4.0,4.0,208.0,/en/stats/leaderboard?page=return,29.0,5.0,17.0,79.0,11.0,14.0,50.0,2.0,4.0,4.0,68.0,/en/stats/leaderboard?page=return,32.0,6.0,19.0,36.0,4.0,11.0,0.0,0.0,5.0,4.0,67.0,20.0,30.0,52.0,16.0,31.0,59.0,36.0,61.0,48.0,15.0,31.0,33.0,10.0,30.0,41.0,25.0,61.0,303,/en/stats/leaderboard?page=serve,2,6,60,47,78,81,38,47,58,18,31,100,8,8,10,267,/en/stats/leaderboard?page=serve,2,3,59,44,74,80,35,44,47,14,30,67,4,6,10,72,56,78,34,25,74,53,81,152,66,49,74,28,22,78,47,71,152,B,,,,,,,,,,,,,,,,,,,,,,,,,,,,,,,,,,,,,,,,,,,,,,,,,,,,,,,,,,,,,,,,,,,,,,,,,,,,,,8.0,,,
1536,2026,ATP Masters 1000 Madrid,1000,2026-04-22T00:00:00,2026-05-03T00:00:00,Clay,96,8235540,€,MS014,Round of 16,02:19:44,"Game Set and Match Flavio Cobolli. 
 Flavio Cobolli wins the match  6-3  5-7  6-4 .",F,3,C0E9,D. Medvedev,F. Cobolli,MM58,C0E9,RUS,ITA,7,10,"Game Set and Match Flavio Cobolli. 
 Flavio Cobolli wins the match  6-3  5-7  6-4 .",F. Cobolli,D. Medvedev,10,7,ITA,RUS,3-6,7-5,4-6,,,02:19:44,290,/en/stats/leaderboard?page=serve,2,3,56,23,41,83,19,23,50,9,18,100,4,4,5,243,/en/stats/leaderboard?page=serve,2,3,60,21,35,71,15,21,36,5,14,50,1,2,4,168,/en/stats/leaderboard?page=return,29,6,21,64,9,14,50,1,2,4,67,/en/stats/leaderboard?page=return,17,4,23,50,9,18,0,0,4,5,68,28,41,43,15,35,57,43,76,57,20,35,32,13,41,43,33,76,245.0,/en/stats/leaderboard?page=serve,0.0,1.0,59.0,22.0,37.0,59.0,13.0,22.0,60.0,9.0,15.0,0.0,0.0,2.0,6.0,263.0,/en/stats/leaderboard?page=serve,4.0,3.0,62.0,26.0,42.0,81.0,21.0,26.0,38.0,6.0,16.0,67.0,2.0,3.0,6.0,131.0,/en/stats/leaderboard?page=return,19.0,5.0,26.0,63.0,10.0,16.0,33.0,1.0,3.0,6.0,214.0,/en/stats/leaderboard?page=return,41.0,9.0,22.0,40.0,6.0,15.0,100.0,2.0,2.0,6.0,59.0,22.0,37.0,36.0,15.0,42.0,47.0,37.0,79.0,64.0,27.0,42.0,41.0,15.0,37.0,53.0,42.0,79.0,279,/en/stats/leaderboard?page=serve,2,5,58,61,105,70,43,61,61,27,44,67,4,6,16,259,/en/stats/leaderboard?page=serve,7,8,60,60,100,78,47,60,40,16,40,50,3,6,15,67,70,105,37,37,100,52,107,205,63,63,100,33,35,105,48,98,205,B,,311.0,/en/stats/leaderboard?page=serve,0.0,1.0,59.0,16.0,27.0,69.0,11.0,16.0,82.0,9.0,11.0,0.0,0.0,0.0,5.0,273.0,/en/stats/leaderboard?page=serve,1.0,2.0,57.0,13.0,23.0,85.0,11.0,13.0,50.0,5.0,10.0,0.0,0.0,1.0,5.0,185.0,/en/stats/leaderboard?page=return,15.0,2.0,13.0,50.0,5.0,10.0,100.0,1.0,1.0,5.0,49.0,/en/stats/leaderboard?page=return,31.0,5.0,16.0,18.0,2.0,11.0,0.0,0.0,0.0,5.0,74.0,20.0,27.0,30.0,7.0,23.0,54.0,27.0,50.0,70.0,16.0,23.0,26.0,7.0,27.0,46.0,23.0,50.0,,,,
1536,2026,ATP Masters 1000 Madrid,1000,2026-04-22T00:00:00,2026-05-03T00:00:00,Clay,96,8235540,€,MS016,Round of 32,01:17:11,"Game Set and Match Jannik Sinner. 
 Jannik Sinner wins the match  6-2  6-3 .",F,3,S0AG,J. Sinner,E. Moller,S0AG,M0K4,ITA,DEN,1,,"Game Set and Match Jannik Sinner. 
 Jannik Sinner wins the match  6-2  6-3 .",J. Sinner,E. Moller,1,,ITA,DEN,6-2,6-3,,,,01:17:11,245,/en/stats/leaderboard?page=serve,1,3,70,16,23,69,11,16,29,2,7,0,0,1,4,168,/en/stats/leaderboard?page=serve,1,2,59,16,27,56,9,16,27,3,11,63,5,8,4,230,/en/stats/leaderboard?page=return,44,7,16,73,8,11,38,3,8,4,227,/en/stats/leaderboard?page=return,31,5,16,71,5,7,100,1,1,4,57,13,23,56,15,27,56,28,50,44,12,27,43,10,23,44,22,50,325.0,/en/stats/leaderboard?page=serve,0.0,4.0,71.0,20.0,28.0,75.0,15.0,20.0,75.0,6.0,8.0,0.0,0.0,0.0,5.0,255.0,/en/stats/leaderboard?page=serve,2.0,2.0,52.0,12.0,23.0,83.0,10.0,12.0,45.0,5.0,11.0,0.0,0.0,1.0,4.0,197.0,/en/stats/leaderboard?page=return,17.0,2.0,12.0,55.0,6.0,11.0,100.0,1.0,1.0,4.0,50.0,/en/stats/leaderboard?page=return,25.0,5.0,20.0,25.0,2.0,8.0,0.0,0.0,0.0,5.0,75.0,21.0,28.0,35.0,8.0,23.0,57.0,29.0,51.0,65.0,15.0,23.0,25.0,7.0,28.0,43.0,22.0,51.0,290,/en/stats/leaderboard?page=serve,1,7,71,36,51,72,26,36,53,8,15,0,0,1,9,211,/en/stats/leaderboard?page=serve,3,4,56,28,50,68,19,28,36,8,22,56,5,9,8,67,34,51,46,23,50,56,57,101,54,27,50,33,17,51,44,44,101,A,,,,,,,,,,,,,,,,,,,,,,,,,,,,,,,,,,,,,,,,,,,,,,,,,,,,,,,,,,,,,,,,,,,,,,,,,,,,,,,,,
1536,2026,ATP Masters 1000 Madrid,1000,2026-04-22T00:00:00,2026-05-03T00:00:00,Clay,96,8235540,€,MS017,Round of 32,01:48:05,"Game Set and Match Cameron Norrie. 
 Cameron Norrie wins the match  7-5  7-6(5).",F,3,N771,C. Norrie,T. Tirante,N771,T0A1,GBR,ARG,19,,"Game Set and Match Cameron Norrie. 
 Cameron Norrie wins the match  7-5  7-6(5).",C. Norrie,T. Tirante,19,,GBR,ARG,7-5,7-6(5),,,,01:48:05,339,/en/stats/leaderboard?page=serve,0,1,73,22,30,77,17,22,88,7,8,0,0,0,6,275,/en/stats/leaderboard?page=serve,2,3,50,17,34,76,13,17,65,11,17,67,2,3,6,108,/en/stats/leaderboard?page=return,24,4,17,35,6,17,33,1,3,6,36,/en/stats/leaderboard?page=return,23,5,22,13,1,8,0,0,0,6,80,24,30,29,10,34,53,34,64,71,24,34,20,6,30,47,30,64,300.0,/en/stats/leaderboard?page=serve,0.0,1.0,71.0,30.0,42.0,70.0,21.0,30.0,58.0,7.0,12.0,0.0,0.0,0.0,6.0,318.0,/en/stats/leaderboard?page=serve,0.0,3.0,66.0,23.0,35.0,74.0,17.0,23.0,75.0,9.0,12.0,0.0,0.0,0.0,6.0,51.0,/en/stats/leaderboard?page=return,26.0,6.0,23.0,25.0,3.0,12.0,0.0,0.0,0.0,6.0,72.0,/en/stats/leaderboard?page=return,30.0,9.0,30.0,42.0,5.0,12.0,0.0,0.0,0.0,6.0,67.0,28.0,42.0,26.0,9.0,35.0,48.0,37.0,77.0,74.0,26.0,35.0,33.0,14.0,42.0,52.0,40.0,77.0,317,/en/stats/leaderboard?page=serve,0,2,72,52,72,73,38,52,70,14,20,0,0,0,12,297,/en/stats/leaderboard?page=serve,2,6,58,40,69,75,30,40,69,20,29,67,2,3,12,72,52,72,28,19,69,50,71,141,72,50,69,28,20,72,50,70,141,A,5.0,,,,,,,,,,,,,,,,,,,,,,,,,,,,,,,,,,,,,,,,,,,,,,,,,,,,,,,,,,,,,,,,,,,,,,,,,,,,,,,,
1536,2026,ATP Masters 1000 Madrid,1000,2026-04-22T00:00:00,2026-05-03T00:00:00,Clay,96,8235540,€,MS019,Round of 32,02:07:58,"Game Set and Match Rafael Jodar. 
 Rafael Jodar wins the match  7-6(4) 4-6  6-1 .",F,3,J0DZ,J. Fonseca,R. Jodar,F0FV,J0DZ,BRA,ESP,27,,"Game Set and Match Rafael Jodar. 
 Rafael Jodar wins the match  7-6(4) 4-6  6-1 .",R. Jodar,J. Fonseca,,27,ESP,BRA,6-7(4),6-4,1-6,,,02:07:58,267,/en/stats/leaderboard?page=serve,0,2,59,24,41,88,21,24,35,6,17,75,3,4,6,287,/en/stats/leaderboard?page=serve,1,2,77,30,39,70,21,30,56,5,9,0,0,1,6,190,/en/stats/leaderboard?page=return,30,9,30,44,4,9,100,1,1,6,119,/en/stats/leaderboard?page=return,13,3,24,65,11,17,25,1,4,6,66,27,41,33,13,39,50,40,80,67,26,39,34,14,41,50,40,80,273.0,/en/stats/leaderboard?page=serve,0.0,1.0,63.0,19.0,30.0,74.0,14.0,19.0,55.0,6.0,11.0,0.0,0.0,1.0,5.0,324.0,/en/stats/leaderboard?page=serve,0.0,1.0,62.0,16.0,26.0,81.0,13.0,16.0,80.0,8.0,10.0,100.0,1.0,1.0,5.0,39.0,/en/stats/leaderboard?page=return,19.0,3.0,16.0,20.0,2.0,10.0,0.0,0.0,1.0,5.0,191.0,/en/stats/leaderboard?page=return,26.0,5.0,19.0,45.0,5.0,11.0,100.0,1.0,1.0,5.0,67.0,20.0,30.0,19.0,5.0,26.0,45.0,25.0,56.0,81.0,21.0,26.0,33.0,10.0,30.0,55.0,31.0,56.0,275,/en/stats/leaderboard?page=serve,1,4,59,57,96,81,46,57,46,18,39,71,5,7,15,275,/en/stats/leaderboard?page=serve,2,3,66,55,83,69,38,55,61,17,28,25,1,4,14,67,64,96,34,28,83,51,92,179,66,55,83,33,32,96,49,87,179,B,,290.0,/en/stats/leaderboard?page=serve,1.0,1.0,56.0,14.0,25.0,79.0,11.0,14.0,55.0,6.0,11.0,100.0,2.0,2.0,4.0,170.0,/en/stats/leaderboard?page=serve,1.0,0.0,50.0,9.0,18.0,44.0,4.0,9.0,44.0,4.0,9.0,0.0,0.0,2.0,3.0,278.0,/en/stats/leaderboard?page=return,56.0,5.0,9.0,56.0,5.0,9.0,100.0,2.0,2.0,3.0,66.0,/en/stats/leaderboard?page=return,21.0,3.0,14.0,45.0,5.0,11.0,0.0,0.0,2.0,4.0,68.0,17.0,25.0,56.0,10.0,18.0,63.0,27.0,43.0,44.0,8.0,18.0,32.0,8.0,25.0,37.0,16.0,43.0,4.0,,,
1536,2026,ATP Masters 1000 Madrid,1000,2026-04-22T00:00:00,2026-05-03T00:00:00,Clay,96,8235540,€,MS022,Round of 32,01:25:24,"Game Set and Match Jiri Lehecka. 
 Jiri Lehecka wins the match  6-4  6-2 .",F,3,L0BV,J. Lehecka,A. Michelsen,L0BV,M0QI,CZE,USA,11,,"Game Set and Match Jiri Lehecka. 
 Jiri Lehecka wins the match  6-4  6-2 .",J. Lehecka,A. Michelsen,11,,CZE,USA,6-4,6-2,,,,01:25:24,319,/en/stats/leaderboard?page=serve,0,6,74,25,34,72,18,25,67,6,9,0,0,0,5,267,/en/stats/leaderboard?page=serve,2,3,67,22,33,64,14,22,55,6,11,50,1,2,5,151,/en/stats/leaderboard?page=return,36,8,22,45,5,11,50,1,2,5,61,/en/stats/leaderboard?page=return,28,7,25,33,3,9,0,0,0,5,71,24,34,39,13,33,55,37,67,61,20,33,29,10,34,45,30,67,305.0,/en/stats/leaderboard?page=serve,0.0,4.0,78.0,18.0,23.0,83.0,15.0,18.0,40.0,2.0,5.0,0.0,0.0,0.0,4.0,211.0,/en/stats/leaderboard?page=serve,1.0,0.0,57.0,16.0,28.0,63.0,10.0,16.0,42.0,5.0,12.0,50.0,2.0,4.0,4.0,196.0,/en/stats/leaderboard?page=return,38.0,6.0,16.0,58.0,7.0,12.0,50.0,2.0,4.0,4.0,77.0,/en/stats/leaderboard?page=return,17.0,3.0,18.0,60.0,3.0,5.0,0.0,0.0,0.0,4.0,74.0,17.0,23.0,46.0,13.0,28.0,59.0,30.0,51.0,54.0,15.0,28.0,26.0,6.0,23.0,41.0,21.0,51.0,319,/en/stats/leaderboard?page=serve,0,10,75,43,57,77,33,43,57,8,14,0,0,0,9,239,/en/stats/leaderboard?page=serve,3,3,62,38,61,63,24,38,48,11,23,50,3,6,9,72,41,57,43,26,61,57,67,118,57,35,61,28,16,57,43,51,118,A,,,,,,,,,,,,,,,,,,,,,,,,,,,,,,,,,,,,,,,,,,,,,,,,,,,,,,,,,,,,,,,,,,,,,,,,,,,,,,,,,
1536,2026,ATP Masters 1000 Madrid,1000,2026-04-22T00:00:00,2026-05-03T00:00:00,Clay,96,8235540,€,MS024,Round of 32,01:08:27,"Game Set and Match Stefanos Tsitsipas. 
 Stefanos Tsitsipas wins the match  6-4  6-2 .",F,3,TE51,S. Tsitsipas,D. Merida,TE51,M0N7,GRE,ESP,,,"Game Set and Match Stefanos Tsitsipas. 
 Stefanos Tsitsipas wins the match  6-4  6-2 .",S. Tsitsipas,D. Merida,,,GRE,ESP,6-4,6-2,,,,01:08:27,307,/en/stats/leaderboard?page=serve,0,2,55,16,29,81,13,16,69,9,13,100,3,3,5,272,/en/stats/leaderboard?page=serve,0,0,68,19,28,68,13,19,56,5,9,0,0,1,5,196,/en/stats/leaderboard?page=return,32,6,19,44,4,9,100,1,1,5,50,/en/stats/leaderboard?page=return,19,3,16,31,4,13,0,0,3,5,76,22,29,36,10,28,56,32,57,64,18,28,24,7,29,44,25,57,319.0,/en/stats/leaderboard?page=serve,0.0,1.0,61.0,14.0,23.0,79.0,11.0,14.0,78.0,7.0,9.0,100.0,1.0,1.0,4.0,218.0,/en/stats/leaderboard?page=serve,1.0,0.0,62.0,13.0,21.0,69.0,9.0,13.0,38.0,3.0,8.0,33.0,1.0,3.0,4.0,211.0,/en/stats/leaderboard?page=return,31.0,4.0,13.0,63.0,5.0,8.0,67.0,2.0,3.0,4.0,43.0,/en/stats/leaderboard?page=return,21.0,3.0,14.0,22.0,2.0,9.0,0.0,0.0,1.0,4.0,78.0,18.0,23.0,43.0,9.0,21.0,61.0,27.0,44.0,57.0,12.0,21.0,22.0,5.0,23.0,39.0,17.0,44.0,314,/en/stats/leaderboard?page=serve,0,3,58,30,52,80,24,30,73,16,22,100,4,4,9,246,/en/stats/leaderboard?page=serve,1,0,65,32,49,69,22,32,47,8,17,25,1,4,9,77,40,52,39,19,49,58,59,101,61,30,49,23,12,52,42,42,101,A,,,,,,,,,,,,,,,,,,,,,,,,,,,,,,,,,,,,,,,,,,,,,,,,,,,,,,,,,,,,,,,,,,,,,,,,,,,,,,,,,
1536,2026,ATP Masters 1000 Madrid,1000,2026-04-22T00:00:00,2026-05-03T00:00:00,Clay,96,8235540,€,MS026,Round of 32,01:14:03,"Game Set and Match Francisco Cerundolo. 
 Francisco Cerundolo wins the match  6-2  6-3 .",F,3,C0AU,F. Cerundolo,L. Darderi,C0AU,D0FJ,ARG,ITA,16,18,"Game Set and Match Francisco Cerundolo. 
 Francisco Cerundolo wins the match  6-2  6-3 .",F. Cerundolo,L. Darderi,16,18,ARG,ITA,6-2,6-3,,,,01:14:03,330,/en/stats/leaderboard?page=serve,0,4,55,11,20,82,9,11,89,8,9,0,0,0,4,207,/en/stats/leaderboard?page=serve,0,0,50,14,28,64,9,14,43,6,14,50,2,4,4,193,/en/stats/leaderboard?page=return,36,5,14,57,8,14,50,2,4,4,29,/en/stats/leaderboard?page=return,18,2,11,11,1,9,0,0,0,4,85,17,20,46,13,28,63,30,48,54,15,28,15,3,20,38,18,48,316.0,/en/stats/leaderboard?page=serve,0.0,4.0,54.0,15.0,28.0,73.0,11.0,15.0,85.0,11.0,13.0,0.0,0.0,0.0,5.0,249.0,/en/stats/leaderboard?page=serve,0.0,1.0,46.0,11.0,24.0,73.0,8.0,11.0,54.0,7.0,13.0,67.0,2.0,3.0,4.0,131.0,/en/stats/leaderboard?page=return,27.0,3.0,11.0,46.0,6.0,13.0,33.0,1.0,3.0,4.0,42.0,/en/stats/leaderboard?page=return,27.0,4.0,15.0,15.0,2.0,13.0,0.0,0.0,0.0,5.0,79.0,22.0,28.0,38.0,9.0,24.0,60.0,31.0,52.0,63.0,15.0,24.0,21.0,6.0,28.0,40.0,21.0,52.0,325,/en/stats/leaderboard?page=serve,0,8,54,26,48,77,20,26,86,19,22,0,0,0,9,227,/en/stats/leaderboard?page=serve,0,1,48,25,52,68,17,25,48,13,27,57,4,7,8,81,39,48,42,22,52,61,61,100,58,30,52,19,9,48,39,39,100,A,,,,,,,,,,,,,,,,,,,,,,,,,,,,,,,,,,,,,,,,,,,,,,,,,,,,,,,,,,,,,,,,,,,,,,,,,,,,,,,,,
1536,2026,ATP Masters 1000 Madrid,1000,2026-04-22T00:00:00,2026-05-03T00:00:00,Clay,96,8235540,€,MS028,Round of 32,01:09:47,"Game Set and Match Daniil Medvedev. 
 Daniil Medvedev wins the match  6-3  6-2 .",F,3,MM58,D. Medvedev,N. Budkov Kjaer,MM58,B0U4,RUS,NOR,7,,"Game Set and Match Daniil Medvedev. 
 Daniil Medvedev wins the match  6-3  6-2 .",D. Medvedev,N. Budkov Kjaer,7,,RUS,NOR,6-3,6-2,,,,01:09:47,256,/en/stats/leaderboard?page=serve,1,2,59,13,22,77,10,13,44,4,9,0,0,1,4,177,/en/stats/leaderboard?page=serve,1,0,41,12,29,50,6,12,47,8,17,25,1,4,5,238,/en/stats/leaderboard?page=return,50,6,12,53,9,17,75,3,4,5,204,/en/stats/leaderboard?page=return,23,3,13,56,5,9,100,1,1,4,64,14,22,52,15,29,57,29,51,48,14,29,36,8,22,43,22,51,256.0,/en/stats/leaderboard?page=serve,1.0,0.0,65.0,15.0,23.0,67.0,10.0,15.0,50.0,4.0,8.0,67.0,2.0,3.0,4.0,165.0,/en/stats/leaderboard?page=serve,0.0,0.0,63.0,15.0,24.0,33.0,5.0,15.0,44.0,4.0,9.0,25.0,1.0,4.0,4.0,273.0,/en/stats/leaderboard?page=return,67.0,10.0,15.0,56.0,5.0,9.0,75.0,3.0,4.0,4.0,141.0,/en/stats/leaderboard?page=return,33.0,5.0,15.0,50.0,4.0,8.0,33.0,1.0,3.0,4.0,61.0,14.0,23.0,63.0,15.0,24.0,62.0,29.0,47.0,38.0,9.0,24.0,39.0,9.0,23.0,38.0,18.0,47.0,255,/en/stats/leaderboard?page=serve,2,2,62,28,45,71,20,28,47,8,17,50,2,4,8,170,/en/stats/leaderboard?page=serve,1,0,51,27,53,41,11,27,46,12,26,25,2,8,9,62,28,45,57,30,53,59,58,98,43,23,53,38,17,45,41,40,98,A,,,,,,,,,,,,,,,,,,,,,,,,,,,,,,,,,,,,,,,,,,,,,,,,,,,,,,,,,,,,,,,,,,,,,,,,,,,,,,,,,
1536,2026,ATP Masters 1000 Madrid,1000,2026-04-22T00:00:00,2026-05-03T00:00:00,Clay,96,8235540,€,MS032,Round of 64,02:20:40,"Game Set and Match Jannik Sinner. 
 Jannik Sinner wins the match  6-7(6) 6-1  6-4 .",F,3,S0AG,J. Sinner,B. Bonzi,S0AG,BM95,ITA,FRA,1,,"Game Set and Match Jannik Sinner. 
 Jannik Sinner wins the match  6-7(6) 6-1  6-4 .",J. Sinner,B. Bonzi,1,,ITA,FRA,6-7(6),6-1,6-4,,,02:20:40,321,/en/stats/leaderboard?page=serve,0,3,54,19,35,89,17,19,75,12,16,0,0,0,6,309,/en/stats/leaderboard?page=serve,2,1,73,33,45,79,26,33,58,7,12,100,5,5,6,63,/en/stats/leaderboard?page=return,21,7,33,42,5,12,0,0,5,6,36,/en/stats/leaderboard?page=return,11,2,19,25,4,16,0,0,0,6,83,29,35,27,12,45,51,41,80,73,33,45,17,6,35,49,39,80,316.0,/en/stats/leaderboard?page=serve,0.0,3.0,81.0,17.0,21.0,82.0,14.0,17.0,50.0,2.0,4.0,0.0,0.0,0.0,4.0,168.0,/en/stats/leaderboard?page=serve,1.0,1.0,53.0,10.0,19.0,60.0,6.0,10.0,22.0,2.0,9.0,60.0,3.0,5.0,3.0,224.0,/en/stats/leaderboard?page=return,40.0,4.0,10.0,78.0,7.0,9.0,40.0,2.0,5.0,3.0,68.0,/en/stats/leaderboard?page=return,18.0,3.0,17.0,50.0,2.0,4.0,0.0,0.0,0.0,4.0,76.0,16.0,21.0,58.0,11.0,19.0,68.0,27.0,40.0,42.0,8.0,19.0,24.0,5.0,21.0,33.0,13.0,40.0,328,/en/stats/leaderboard?page=serve,1,10,65,53,82,85,45,53,69,20,29,0,0,0,15,268,/en/stats/leaderboard?page=serve,3,4,69,66,95,68,45,66,52,15,29,77,10,13,14,79,65,82,37,35,95,56,100,177,63,60,95,21,17,82,44,77,177,A,,317.0,/en/stats/leaderboard?page=serve,1.0,4.0,65.0,17.0,26.0,82.0,14.0,17.0,67.0,6.0,9.0,0.0,0.0,0.0,5.0,288.0,/en/stats/leaderboard?page=serve,0.0,2.0,74.0,23.0,31.0,57.0,13.0,23.0,75.0,6.0,8.0,67.0,2.0,3.0,5.0,121.0,/en/stats/leaderboard?page=return,43.0,10.0,23.0,25.0,2.0,8.0,33.0,1.0,3.0,5.0,51.0,/en/stats/leaderboard?page=return,18.0,3.0,17.0,33.0,3.0,9.0,0.0,0.0,0.0,5.0,77.0,20.0,26.0,39.0,12.0,31.0,56.0,32.0,57.0,61.0,19.0,31.0,23.0,6.0,26.0,44.0,25.0,57.0,,,,6.0
1536,2026,ATP Masters 1000 Madrid,1000,2026-04-22T00:00:00,2026-05-03T00:00:00,Clay,96,8235540,€,MS037,Round of 64,01:13:06,"Game Set and Match Arthur Rinderknech. 
 Arthur Rinderknech wins the match  6-3  6-2 .",F,3,RC91,D. Lajovic,A. Rinderknech,L987,RC91,SRB,FRA,,22,"Game Set and Match Arthur Rinderknech. 
 Arthur Rinderknech wins the match  6-3  6-2 .",A. Rinderknech,D. Lajovic,22,,FRA,SRB,3-6,2-6,,,,01:13:06,332,/en/stats/leaderboard?page=serve,0,5,76,19,25,84,16,19,67,4,6,0,0,0,5,257,/en/stats/leaderboard?page=serve,1,1,77,17,22,65,11,17,40,2,5,0,0,1,4,220,/en/stats/leaderboard?page=return,35,6,17,60,3,5,100,1,1,4,49,/en/stats/leaderboard?page=return,16,3,19,33,2,6,0,0,0,5,80,20,25,41,9,22,62,29,47,59,13,22,20,5,25,38,18,47,320.0,/en/stats/leaderboard?page=serve,1.0,5.0,82.0,23.0,28.0,74.0,17.0,23.0,60.0,3.0,5.0,100.0,3.0,3.0,4.0,207.0,/en/stats/leaderboard?page=serve,1.0,0.0,62.0,16.0,26.0,56.0,9.0,16.0,40.0,4.0,10.0,60.0,3.0,5.0,4.0,194.0,/en/stats/leaderboard?page=return,44.0,7.0,16.0,60.0,6.0,10.0,40.0,2.0,5.0,4.0,66.0,/en/stats/leaderboard?page=return,26.0,6.0,23.0,40.0,2.0,5.0,0.0,0.0,3.0,4.0,71.0,20.0,28.0,50.0,13.0,26.0,61.0,33.0,54.0,50.0,13.0,26.0,29.0,8.0,28.0,39.0,21.0,54.0,331,/en/stats/leaderboard?page=serve,1,10,79,42,53,79,33,42,64,7,11,100,3,3,9,231,/en/stats/leaderboard?page=serve,2,1,69,33,48,61,20,33,40,6,15,50,3,6,8,75,40,53,46,22,48,61,62,101,54,26,48,25,13,53,39,39,101,B,,,,,,,,,,,,,,,,,,,,,,,,,,,,,,,,,,,,,,,,,,,,,,,,,,,,,,,,,,,,,,,,,,,,,,,,,,,,,,,,,
1536,2026,ATP Masters 1000 Madrid,1000,2026-04-22T00:00:00,2026-05-03T00:00:00,Clay,96,8235540,€,MS038,Round of 64,00:00:00,Winner: J. FONSECA by Walkover,F,3,F0FV,J. Fonseca,M. Cilic,F0FV,C977,BRA,CRO,27,,Winner: J. FONSECA by Walkover,J. Fonseca,M. Cilic,27,,BRA,CRO,0-0,,,,,00:00:00,0,/en/stats/leaderboard?page=serve,0,0,0,0,0,0,0,0,0,0,0,0,0,0,0,0,/en/stats/leaderboard?page=serve,0,0,0,0,0,0,0,0,0,0,0,0,0,0,0,0,/en/stats/leaderboard?page=return,0,0,0,0,0,0,0,0,0,0,0,/en/stats/leaderboard?page=return,0,0,0,0,0,0,0,0,0,0,0,0,0,0,0,0,0,0,0,0,0,0,0,0,0,0,0,0,,,,,,,,,,,,,,,,,,,,,,,,,,,,,,,,,,,,,,,,,,,,,,,,,,,,,,,,,,,,,,,,,,,,,,,,,,,,,0,/en/stats/leaderboard?page=serve,0,0,0,0,0,0,0,0,0,0,0,0,0,0,0,0,/en/stats/leaderboard?page=serve,0,0,0,0,0,0,0,0,0,0,0,0,0,0,0,0,0,0,0,0,0,0,0,0,0,0,0,0,0,0,0,0,0,A,,,,,,,,,,,,,,,,,,,,,,,,,,,,,,,,,,,,,,,,,,,,,,,,,,,,,,,,,,,,,,,,,,,,,,,,,,,,,,,,,
1536,2026,ATP Masters 1000 Madrid,1000,2026-04-22T00:00:00,2026-05-03T00:00:00,Clay,96,8235540,€,MS042,Round of 64,02:50:32,"Game Set and Match Arthur Fils. 
 Arthur Fils wins the match  6-7(4) 7-6(3) 7-5 .",F,3,F0F1,A. Fils,I. Buse,F0F1,B0ID,FRA,PER,21,,"Game Set and Match Arthur Fils. 
 Arthur Fils wins the match  6-7(4) 7-6(3) 7-5 .",A. Fils,I. Buse,21,,FRA,PER,6-7(4),7-6(3),7-5,,,02:50:32,280,/en/stats/leaderboard?page=serve,1,0,73,30,41,70,21,30,55,6,11,86,6,7,6,285,/en/stats/leaderboard?page=serve,1,2,69,27,39,74,20,27,58,7,12,0,0,1,6,184,/en/stats/leaderboard?page=return,26,7,27,42,5,12,100,1,1,6,105,/en/stats/leaderboard?page=return,30,9,30,45,5,11,14,1,7,6,66,27,41,31,12,39,49,39,80,69,27,39,34,14,41,51,41,80,319.0,/en/stats/leaderboard?page=serve,1.0,2.0,81.0,30.0,37.0,80.0,24.0,30.0,57.0,4.0,7.0,0.0,0.0,0.0,6.0,281.0,/en/stats/leaderboard?page=serve,1.0,1.0,85.0,33.0,39.0,79.0,26.0,33.0,17.0,1.0,6.0,100.0,3.0,3.0,6.0,104.0,/en/stats/leaderboard?page=return,21.0,7.0,33.0,83.0,5.0,6.0,0.0,0.0,3.0,6.0,63.0,/en/stats/leaderboard?page=return,20.0,6.0,30.0,43.0,3.0,7.0,0.0,0.0,0.0,6.0,76.0,28.0,37.0,31.0,12.0,39.0,53.0,40.0,76.0,69.0,27.0,39.0,24.0,9.0,37.0,47.0,36.0,76.0,285,/en/stats/leaderboard?page=serve,3,2,71,80,112,74,59,80,53,17,32,75,6,8,18,277,/en/stats/leaderboard?page=serve,2,5,74,84,114,74,62,84,43,13,30,57,4,7,18,68,76,112,34,39,114,51,115,226,66,75,114,32,36,112,49,111,226,A,3.0,261.0,/en/stats/leaderboard?page=serve,1.0,0.0,59.0,20.0,34.0,70.0,14.0,20.0,50.0,7.0,14.0,0.0,0.0,1.0,6.0,244.0,/en/stats/leaderboard?page=serve,0.0,2.0,67.0,24.0,36.0,67.0,16.0,24.0,42.0,5.0,12.0,33.0,1.0,3.0,6.0,191.0,/en/stats/leaderboard?page=return,33.0,8.0,24.0,58.0,7.0,12.0,67.0,2.0,3.0,6.0,196.0,/en/stats/leaderboard?page=return,30.0,6.0,20.0,50.0,7.0,14.0,100.0,1.0,1.0,6.0,62.0,21.0,34.0,42.0,15.0,36.0,51.0,36.0,70.0,58.0,21.0,36.0,38.0,13.0,34.0,49.0,34.0,70.0,,,,4.0
1536,2026,ATP Masters 1000 Madrid,1000,2026-04-22T00:00:00,2026-05-03T00:00:00,Clay,96,8235540,€,MS045,Round of 64,00:57:49,"Game Set and Match Alex Michelsen. 
 Alex Michelsen wins the match  6-2  6-1 .",F,3,M0QI,J. Struff,A. Michelsen,SL28,M0QI,GER,USA,,,"Game Set and Match Alex Michelsen. 
 Alex Michelsen wins the match  6-2  6-1 .",A. Michelsen,J. Struff,,,USA,GER,2-6,1-6,,,,00:57:49,327,/en/stats/leaderboard?page=serve,1,1,74,14,19,93,13,14,60,3,5,0,0,0,4,200,/en/stats/leaderboard?page=serve,1,1,50,16,32,50,8,16,50,8,16,67,4,6,4,183,/en/stats/leaderboard?page=return,50,8,16,50,8,16,33,2,6,4,47,/en/stats/leaderboard?page=return,7,1,14,40,2,5,0,0,0,4,84,16,19,50,16,32,63,32,51,50,16,32,16,3,19,37,19,51,303.0,/en/stats/leaderboard?page=serve,1.0,1.0,67.0,14.0,21.0,93.0,13.0,14.0,43.0,3.0,7.0,0.0,0.0,0.0,4.0,197.0,/en/stats/leaderboard?page=serve,0.0,3.0,67.0,16.0,24.0,56.0,9.0,16.0,38.0,3.0,8.0,60.0,3.0,5.0,3.0,213.0,/en/stats/leaderboard?page=return,44.0,7.0,16.0,63.0,5.0,8.0,40.0,2.0,5.0,3.0,64.0,/en/stats/leaderboard?page=return,7.0,1.0,14.0,57.0,4.0,7.0,0.0,0.0,0.0,4.0,76.0,16.0,21.0,50.0,12.0,24.0,62.0,28.0,45.0,50.0,12.0,24.0,24.0,5.0,21.0,38.0,17.0,45.0,313,/en/stats/leaderboard?page=serve,2,2,70,28,40,93,26,28,50,6,12,0,0,0,8,201,/en/stats/leaderboard?page=serve,1,4,57,32,56,53,17,32,46,11,24,64,7,11,7,80,32,40,50,28,56,63,60,96,50,28,56,20,8,40,38,36,96,B,,,,,,,,,,,,,,,,,,,,,,,,,,,,,,,,,,,,,,,,,,,,,,,,,,,,,,,,,,,,,,,,,,,,,,,,,,,,,,,,,
1536,2026,ATP Masters 1000 Madrid,1000,2026-04-22T00:00:00,2026-05-03T00:00:00,Clay,96,8235540,€,MS055,Round of 64,01:21:50,"Game Set and Match Felix Auger-Aliassime. 
 Felix Auger-Aliassime wins the match  6-3  6-4 .",F,3,AG37,V. Gaubas,F. Auger-Aliassime,G0FW,AG37,LTU,CAN,,3,"Game Set and Match Felix Auger-Aliassime. 
 Felix Auger-Aliassime wins the match  6-3  6-4 .",F. Auger-Aliassime,V. Gaubas,3,,CAN,LTU,3-6,4-6,,,,01:21:50,371,/en/stats/leaderboard?page=serve,0,6,77,17,22,88,15,17,100,5,5,0,0,0,5,246,/en/stats/leaderboard?page=serve,0,1,80,20,25,70,14,20,20,1,5,0,0,1,4,235,/en/stats/leaderboard?page=return,30,6,20,80,4,5,100,1,1,4,12,/en/stats/leaderboard?page=return,12,2,17,0,0,5,0,0,0,5,91,20,22,40,10,25,64,30,47,60,15,25,9,2,22,36,17,47,325.0,/en/stats/leaderboard?page=serve,0.0,1.0,67.0,16.0,24.0,94.0,15.0,16.0,63.0,5.0,8.0,0.0,0.0,0.0,5.0,259.0,/en/stats/leaderboard?page=serve,1.0,2.0,69.0,25.0,36.0,64.0,16.0,25.0,45.0,5.0,11.0,80.0,4.0,5.0,5.0,131.0,/en/stats/leaderboard?page=return,36.0,9.0,25.0,55.0,6.0,11.0,20.0,1.0,5.0,5.0,44.0,/en/stats/leaderboard?page=return,6.0,1.0,16.0,38.0,3.0,8.0,0.0,0.0,0.0,5.0,83.0,20.0,24.0,42.0,15.0,36.0,58.0,35.0,60.0,58.0,21.0,36.0,17.0,4.0,24.0,42.0,25.0,60.0,347,/en/stats/leaderboard?page=serve,0,7,72,33,46,91,30,33,77,10,13,0,0,0,10,258,/en/stats/leaderboard?page=serve,1,3,74,45,61,67,30,45,38,6,16,67,4,6,9,87,40,46,41,25,61,61,65,107,59,36,61,13,6,46,39,42,107,B,,,,,,,,,,,,,,,,,,,,,,,,,,,,,,,,,,,,,,,,,,,,,,,,,,,,,,,,,,,,,,,,,,,,,,,,,,,,,,,,,
1536,2026,ATP Masters 1000 Madrid,1000,2026-04-22T00:00:00,2026-05-03T00:00:00,Clay,96,8235540,€,MS058,Round of 64,01:19:55,"Game Set and Match Adolfo Daniel Vallejo. 
 Adolfo Daniel Vallejo wins the match  6-4  6-3 .",F,3,V0DP,L. Tien,A. Vallejo,T0HA,V0DP,USA,PAR,17,,"Game Set and Match Adolfo Daniel Vallejo. 
 Adolfo Daniel Vallejo wins the match  6-4  6-3 .",A. Vallejo,L. Tien,,17,PAR,USA,4-6,3-6,,,,01:19:55,275,/en/stats/leaderboard?page=serve,1,3,72,23,32,65,15,23,56,5,9,75,3,4,5,217,/en/stats/leaderboard?page=serve,2,0,55,16,29,50,8,16,54,7,13,33,1,3,5,203,/en/stats/leaderboard?page=return,50,8,16,46,6,13,67,2,3,5,124,/en/stats/leaderboard?page=return,35,8,23,44,4,9,25,1,4,5,63,20,32,48,14,29,56,34,61,52,15,29,38,12,32,44,27,61,275.0,/en/stats/leaderboard?page=serve,1.0,0.0,51.0,18.0,35.0,72.0,13.0,18.0,53.0,9.0,17.0,100.0,4.0,4.0,4.0,247.0,/en/stats/leaderboard?page=serve,2.0,0.0,66.0,19.0,29.0,53.0,10.0,19.0,70.0,7.0,10.0,50.0,2.0,4.0,5.0,167.0,/en/stats/leaderboard?page=return,47.0,9.0,19.0,30.0,3.0,10.0,50.0,2.0,4.0,5.0,75.0,/en/stats/leaderboard?page=return,28.0,5.0,18.0,47.0,8.0,17.0,0.0,0.0,4.0,4.0,63.0,22.0,35.0,41.0,12.0,29.0,53.0,34.0,64.0,59.0,17.0,29.0,37.0,13.0,35.0,47.0,30.0,64.0,272,/en/stats/leaderboard?page=serve,2,3,61,41,67,68,28,41,54,14,26,88,7,8,9,228,/en/stats/leaderboard?page=serve,4,0,60,35,58,51,18,35,61,14,23,43,3,7,10,63,42,67,45,26,58,54,68,125,55,32,58,37,25,67,46,57,125,B,,,,,,,,,,,,,,,,,,,,,,,,,,,,,,,,,,,,,,,,,,,,,,,,,,,,,,,,,,,,,,,,,,,,,,,,,,,,,,,,,
1536,2026,ATP Masters 1000 Madrid,1000,2026-04-22T00:00:00,2026-05-03T00:00:00,Clay,96,8235540,€,MS063,Round of 64,01:42:57,"Game Set and Match Alexander Zverev. 
 Alexander Zverev wins the match  6-1  3-6  6-3 .",F,3,Z355,M. Navone,A. Zverev,N0BS,Z355,ARG,GER,,2,"Game Set and Match Alexander Zverev. 
 Alexander Zverev wins the match  6-1  3-6  6-3 .",A. Zverev,M. Navone,2,,GER,ARG,1-6,6-3,3-6,,,01:42:57,336,/en/stats/leaderboard?page=serve,1,4,89,16,18,94,15,16,50,1,2,0,0,0,4,172,/en/stats/leaderboard?page=serve,1,0,63,10,16,60,6,10,17,1,6,33,1,3,3,256,/en/stats/leaderboard?page=return,40,4,10,83,5,6,67,2,3,3,56,/en/stats/leaderboard?page=return,6,1,16,50,1,2,0,0,0,4,89,16,18,56,9,16,74,25,34,44,7,16,11,2,18,26,9,34,231.0,/en/stats/leaderboard?page=serve,2.0,1.0,75.0,15.0,20.0,47.0,7.0,15.0,60.0,3.0,5.0,0.0,0.0,2.0,4.0,273.0,/en/stats/leaderboard?page=serve,2.0,0.0,77.0,23.0,30.0,61.0,14.0,23.0,57.0,4.0,7.0,67.0,2.0,3.0,5.0,135.0,/en/stats/leaderboard?page=return,39.0,9.0,23.0,43.0,3.0,7.0,33.0,1.0,3.0,5.0,243.0,/en/stats/leaderboard?page=return,53.0,8.0,15.0,40.0,2.0,5.0,100.0,2.0,2.0,4.0,50.0,10.0,20.0,40.0,12.0,30.0,44.0,22.0,50.0,60.0,18.0,30.0,50.0,10.0,20.0,56.0,28.0,50.0,309,/en/stats/leaderboard?page=serve,3,8,72,44,61,77,34,44,71,12,17,0,0,2,13,239,/en/stats/leaderboard?page=serve,4,0,78,56,72,61,34,56,38,6,16,50,4,8,12,75,46,61,44,32,72,59,78,133,56,40,72,25,15,61,41,55,133,B,,332.0,/en/stats/leaderboard?page=serve,0.0,3.0,57.0,13.0,23.0,92.0,12.0,13.0,80.0,8.0,10.0,0.0,0.0,0.0,5.0,256.0,/en/stats/leaderboard?page=serve,1.0,0.0,88.0,23.0,26.0,61.0,14.0,23.0,33.0,1.0,3.0,50.0,1.0,2.0,4.0,181.0,/en/stats/leaderboard?page=return,39.0,9.0,23.0,67.0,2.0,3.0,50.0,1.0,2.0,4.0,28.0,/en/stats/leaderboard?page=return,8.0,1.0,13.0,20.0,2.0,10.0,0.0,0.0,0.0,5.0,87.0,20.0,23.0,42.0,11.0,26.0,63.0,31.0,49.0,58.0,15.0,26.0,13.0,3.0,23.0,37.0,18.0,49.0,,,,
1536,2026,ATP Masters 1000 Madrid,1000,2026-04-22T00:00:00,2026-05-03T00:00:00,Clay,96,8235540,€,MS078,Round of 128,02:31:37,"Game Set and Match Rafael Jodar. 
 Rafael Jodar wins the match  2-6  7-5  6-4 .",F,3,J0DZ,R. Jodar,J. de Jong,J0DZ,D0C1,ESP,NED,,,"Game Set and Match Rafael Jodar. 
 Rafael Jodar wins the match  2-6  7-5  6-4 .",R. Jodar,J. de Jong,,,ESP,NED,2-6,7-5,6-4,,,02:31:37,117,/en/stats/leaderboard?page=serve,0,1,44,14,32,50,7,14,22,4,18,33,2,6,4,199,/en/stats/leaderboard?page=serve,3,0,55,11,20,64,7,11,33,3,9,0,0,2,4,253,/en/stats/leaderboard?page=return,36,4,11,67,6,9,100,2,2,4,295,/en/stats/leaderboard?page=return,50,7,14,78,14,18,67,4,6,4,34,11,32,50,10,20,40,21,52,50,10,20,66,21,32,60,31,52,297.0,/en/stats/leaderboard?page=serve,1.0,3.0,69.0,29.0,42.0,72.0,21.0,29.0,54.0,7.0,13.0,100.0,3.0,3.0,6.0,254.0,/en/stats/leaderboard?page=serve,4.0,4.0,57.0,33.0,58.0,70.0,23.0,33.0,44.0,11.0,25.0,86.0,6.0,7.0,6.0,116.0,/en/stats/leaderboard?page=return,30.0,10.0,33.0,56.0,14.0,25.0,14.0,1.0,7.0,6.0,74.0,/en/stats/leaderboard?page=return,28.0,8.0,29.0,46.0,6.0,13.0,0.0,0.0,3.0,6.0,67.0,28.0,42.0,41.0,24.0,58.0,52.0,52.0,100.0,59.0,34.0,58.0,33.0,14.0,42.0,48.0,48.0,100.0,232,/en/stats/leaderboard?page=serve,3,5,58,62,107,68,42,62,38,17,45,50,5,10,15,228,/en/stats/leaderboard?page=serve,9,6,56,59,106,69,41,59,40,19,47,55,6,11,15,55,59,107,43,46,106,49,105,213,57,60,106,45,48,107,51,108,213,A,,254.0,/en/stats/leaderboard?page=serve,2.0,1.0,58.0,19.0,33.0,74.0,14.0,19.0,43.0,6.0,14.0,0.0,0.0,1.0,5.0,225.0,/en/stats/leaderboard?page=serve,2.0,2.0,54.0,15.0,28.0,73.0,11.0,15.0,38.0,5.0,13.0,0.0,0.0,2.0,5.0,229.0,/en/stats/leaderboard?page=return,27.0,4.0,15.0,62.0,8.0,13.0,100.0,2.0,2.0,5.0,203.0,/en/stats/leaderboard?page=return,26.0,5.0,19.0,57.0,8.0,14.0,100.0,1.0,1.0,5.0,61.0,20.0,33.0,43.0,12.0,28.0,52.0,32.0,61.0,57.0,16.0,28.0,39.0,13.0,33.0,48.0,29.0,61.0,,,,
1536,2026,ATP Masters 1000 Madrid,1000,2026-04-22T00:00:00,2026-05-03T00:00:00,Clay,96,8235540,€,MS081,Round of 128,01:39:06,"Game Set and Match Dino Prizmic. 
 Dino Prizmic wins the match  6-3  6-4 .",F,3,P0HW,D. Prizmic,M. Berrettini,P0HW,BK40,CRO,ITA,,,"Game Set and Match Dino Prizmic. 
 Dino Prizmic wins the match  6-3  6-4 .",D. Prizmic,M. Berrettini,,,CRO,ITA,6-3,6-4,,,,01:39:06,295,/en/stats/leaderboard?page=serve,1,1,42,11,26,73,8,11,80,12,15,0,0,0,5,252,/en/stats/leaderboard?page=serve,0,2,75,21,28,71,15,21,29,2,7,67,2,3,4,158,/en/stats/leaderboard?page=return,29,6,21,71,5,7,33,1,3,4,47,/en/stats/leaderboard?page=return,27,3,11,20,3,15,0,0,0,5,77,20,26,39,11,28,57,31,54,61,17,28,23,6,26,43,23,54,285.0,/en/stats/leaderboard?page=serve,3.0,2.0,61.0,22.0,36.0,82.0,18.0,22.0,43.0,6.0,14.0,100.0,1.0,1.0,5.0,254.0,/en/stats/leaderboard?page=serve,1.0,0.0,68.0,26.0,38.0,65.0,17.0,26.0,42.0,5.0,12.0,80.0,4.0,5.0,5.0,133.0,/en/stats/leaderboard?page=return,35.0,9.0,26.0,58.0,7.0,12.0,20.0,1.0,5.0,5.0,75.0,/en/stats/leaderboard?page=return,18.0,4.0,22.0,57.0,8.0,14.0,0.0,0.0,1.0,5.0,67.0,24.0,36.0,42.0,16.0,38.0,54.0,40.0,74.0,58.0,22.0,38.0,33.0,12.0,36.0,46.0,34.0,74.0,293,/en/stats/leaderboard?page=serve,4,3,53,33,62,79,26,33,62,18,29,100,1,1,10,254,/en/stats/leaderboard?page=serve,1,2,71,47,66,68,32,47,37,7,19,75,6,8,9,71,44,62,41,27,66,55,71,128,59,39,66,29,18,62,45,57,128,A,,,,,,,,,,,,,,,,,,,,,,,,,,,,,,,,,,,,,,,,,,,,,,,,,,,,,,,,,,,,,,,,,,,,,,,,,,,,,,,,,
1536,2026,ATP Masters 1000 Madrid,1000,2026-04-22T00:00:00,2026-05-03T00:00:00,Clay,96,8235540,€,MS085,Round of 128,01:23:27,"Game Set and Match Ignacio Buse. 
 Ignacio Buse wins the match  6-4  6-2 .",F,3,B0ID,I. Buse,A. Mannarino,B0ID,ME82,PER,FRA,,,"Game Set and Match Ignacio Buse. 
 Ignacio Buse wins the match  6-4  6-2 .",I. Buse,A. Mannarino,,,PER,FRA,6-4,6-2,,,,01:23:27,305,/en/stats/leaderboard?page=serve,2,5,66,21,32,81,17,21,55,6,11,100,1,1,5,269,/en/stats/leaderboard?page=serve,1,3,70,26,37,62,16,26,55,6,11,67,2,3,5,136,/en/stats/leaderboard?page=return,38,10,26,45,5,11,33,1,3,5,64,/en/stats/leaderboard?page=return,19,4,21,45,5,11,0,0,1,5,72,23,32,41,15,37,55,38,69,59,22,37,28,9,32,45,31,69,314.0,/en/stats/leaderboard?page=serve,0.0,2.0,68.0,15.0,22.0,73.0,11.0,15.0,71.0,5.0,7.0,0.0,0.0,0.0,4.0,190.0,/en/stats/leaderboard?page=serve,1.0,1.0,81.0,17.0,21.0,59.0,10.0,17.0,0.0,0.0,4.0,33.0,1.0,3.0,4.0,258.0,/en/stats/leaderboard?page=return,41.0,7.0,17.0,100.0,4.0,4.0,67.0,2.0,3.0,4.0,56.0,/en/stats/leaderboard?page=return,27.0,4.0,15.0,29.0,2.0,7.0,0.0,0.0,0.0,4.0,73.0,16.0,22.0,52.0,11.0,21.0,63.0,27.0,43.0,48.0,10.0,21.0,27.0,6.0,22.0,37.0,16.0,43.0,311,/en/stats/leaderboard?page=serve,2,7,67,36,54,78,28,36,61,11,18,100,1,1,9,242,/en/stats/leaderboard?page=serve,2,4,74,43,58,60,26,43,40,6,15,50,3,6,9,72,39,54,45,26,58,58,65,112,55,32,58,28,15,54,42,47,112,A,,,,,,,,,,,,,,,,,,,,,,,,,,,,,,,,,,,,,,,,,,,,,,,,,,,,,,,,,,,,,,,,,,,,,,,,,,,,,,,,,
1536,2026,ATP Masters 1000 Madrid,1000,2026-04-22T00:00:00,2026-05-03T00:00:00,Clay,96,8235540,€,MS020,Round of 32,02:10:34,"Game Set and Match Tomas Martin Etcheverry. 
 Tomas Martin Etcheverry wins the match  2-6  6-4  6-3 .",F,3,EA24,D. Prizmic,T. Etcheverry,P0HW,EA24,CRO,ARG,,25,"Game Set and Match Tomas Martin Etcheverry. 
 Tomas Martin Etcheverry wins the match  2-6  6-4  6-3 .",T. Etcheverry,D. Prizmic,25,,ARG,CRO,6-2,4-6,3-6,,,02:10:34,201,/en/stats/leaderboard?page=serve,2,3,50,11,22,91,10,11,9,1,11,33,1,3,4,307,/en/stats/leaderboard?page=serve,0,0,60,15,25,67,10,15,80,8,10,100,1,1,4,53,/en/stats/leaderboard?page=return,33,5,15,20,2,10,0,0,1,4,217,/en/stats/leaderboard?page=return,9,1,11,91,10,11,67,2,3,4,50,11,22,28,7,25,38,18,47,72,18,25,50,11,22,62,29,47,325.0,/en/stats/leaderboard?page=serve,1.0,3.0,83.0,20.0,24.0,90.0,18.0,20.0,50.0,2.0,4.0,0.0,0.0,0.0,5.0,270.0,/en/stats/leaderboard?page=serve,0.0,0.0,66.0,19.0,29.0,74.0,14.0,19.0,50.0,5.0,10.0,75.0,3.0,4.0,5.0,121.0,/en/stats/leaderboard?page=return,26.0,5.0,19.0,50.0,5.0,10.0,25.0,1.0,4.0,5.0,60.0,/en/stats/leaderboard?page=return,10.0,2.0,20.0,50.0,2.0,4.0,0.0,0.0,0.0,5.0,83.0,20.0,24.0,34.0,10.0,29.0,57.0,30.0,53.0,66.0,19.0,29.0,17.0,4.0,24.0,43.0,23.0,53.0,256,/en/stats/leaderboard?page=serve,5,7,68,48,71,88,42,48,22,5,23,25,1,4,13,253,/en/stats/leaderboard?page=serve,2,3,59,48,82,69,33,48,53,18,34,64,7,11,14,66,47,71,38,31,82,51,78,153,62,51,82,34,24,71,49,75,153,B,,249.0,/en/stats/leaderboard?page=serve,2.0,1.0,68.0,17.0,25.0,82.0,14.0,17.0,25.0,2.0,8.0,0.0,0.0,1.0,4.0,191.0,/en/stats/leaderboard?page=serve,2.0,3.0,50.0,14.0,28.0,64.0,9.0,14.0,36.0,5.0,14.0,50.0,3.0,6.0,5.0,210.0,/en/stats/leaderboard?page=return,36.0,5.0,14.0,64.0,9.0,14.0,50.0,3.0,6.0,5.0,218.0,/en/stats/leaderboard?page=return,18.0,3.0,17.0,75.0,6.0,8.0,100.0,1.0,1.0,4.0,64.0,16.0,25.0,50.0,14.0,28.0,57.0,30.0,53.0,50.0,14.0,28.0,36.0,9.0,25.0,43.0,23.0,53.0,,,,
1536,2026,ATP Masters 1000 Madrid,1000,2026-04-22T00:00:00,2026-05-03T00:00:00,Clay,96,8235540,€,MS074,Round of 128,01:33:56,"Game Set and Match Dusan Lajovic. 
 Dusan Lajovic wins the match  6-3  7-6(1).",F,3,L987,L. Sonego,D. Lajovic,SU87,L987,ITA,SRB,,,"Game Set and Match Dusan Lajovic. 
 Dusan Lajovic wins the match  6-3  7-6(1).",D. Lajovic,L. Sonego,,,SRB,ITA,3-6,6-7(1),,,,01:33:56,275,/en/stats/leaderboard?page=serve,0,0,62,16,26,63,10,16,70,7,10,50,1,2,5,213,/en/stats/leaderboard?page=serve,0,2,80,16,20,56,9,16,25,1,4,50,2,4,4,219,/en/stats/leaderboard?page=return,44,7,16,75,3,4,50,2,4,4,138,/en/stats/leaderboard?page=return,38,6,16,30,3,10,50,1,2,5,65,17,26,50,10,20,59,27,46,50,10,20,35,9,26,41,19,46,336.0,/en/stats/leaderboard?page=serve,0.0,0.0,74.0,25.0,34.0,84.0,21.0,25.0,78.0,7.0,9.0,0.0,0.0,0.0,6.0,303.0,/en/stats/leaderboard?page=serve,1.0,2.0,57.0,20.0,35.0,85.0,17.0,20.0,60.0,9.0,15.0,100.0,2.0,2.0,6.0,55.0,/en/stats/leaderboard?page=return,15.0,3.0,20.0,40.0,6.0,15.0,0.0,0.0,2.0,6.0,38.0,/en/stats/leaderboard?page=return,16.0,4.0,25.0,22.0,2.0,9.0,0.0,0.0,0.0,6.0,82.0,28.0,34.0,26.0,9.0,35.0,54.0,37.0,69.0,74.0,26.0,35.0,18.0,6.0,34.0,46.0,32.0,69.0,308,/en/stats/leaderboard?page=serve,0,0,68,41,60,76,31,41,74,14,19,50,1,2,11,273,/en/stats/leaderboard?page=serve,1,4,65,36,55,72,26,36,53,10,19,67,4,6,10,75,45,60,35,19,55,56,64,115,65,36,55,25,15,60,44,51,115,B,1.0,,,,,,,,,,,,,,,,,,,,,,,,,,,,,,,,,,,,,,,,,,,,,,,,,,,,,,,,,,,,,,,,,,,,,,,,,,,,,,,,
1536,2026,ATP Masters 1000 Madrid,1000,2026-04-22T00:00:00,2026-05-03T00:00:00,Clay,96,8235540,€,MS035,Round of 64,01:42:31,"Game Set and Match Thiago Agustin Tirante. 
 Thiago Agustin Tirante wins the match  7-5  6-4 .",F,3,T0A1,T. Tirante,T. Paul,T0A1,PL56,ARG,USA,,15,"Game Set and Match Thiago Agustin Tirante. 
 Thiago Agustin Tirante wins the match  7-5  6-4 .",T. Tirante,T. Paul,,15,ARG,USA,7-5,6-4,,,,01:42:31,336,/en/stats/leaderboard?page=serve,0,3,62,18,29,89,16,18,82,9,11,0,0,0,6,269,/en/stats/leaderboard?page=serve,1,2,72,31,43,71,22,31,42,5,12,0,0,1,6,203,/en/stats/leaderboard?page=return,29,9,31,58,7,12,100,1,1,6,29,/en/stats/leaderboard?page=return,11,2,18,18,2,11,0,0,0,6,86,25,29,37,16,43,57,41,72,63,27,43,14,4,29,43,31,72,285.0,/en/stats/leaderboard?page=serve,2.0,2.0,67.0,22.0,33.0,82.0,18.0,22.0,36.0,4.0,11.0,100.0,2.0,2.0,5.0,248.0,/en/stats/leaderboard?page=serve,3.0,0.0,62.0,21.0,34.0,71.0,15.0,21.0,38.0,5.0,13.0,80.0,4.0,5.0,5.0,131.0,/en/stats/leaderboard?page=return,29.0,6.0,21.0,62.0,8.0,13.0,20.0,1.0,5.0,5.0,82.0,/en/stats/leaderboard?page=return,18.0,4.0,22.0,64.0,7.0,11.0,0.0,0.0,2.0,5.0,67.0,22.0,33.0,41.0,14.0,34.0,54.0,36.0,67.0,59.0,20.0,34.0,33.0,11.0,33.0,46.0,31.0,67.0,312,/en/stats/leaderboard?page=serve,2,5,65,40,62,85,34,40,59,13,22,100,2,2,11,258,/en/stats/leaderboard?page=serve,4,2,68,52,77,71,37,52,40,10,25,67,4,6,11,76,47,62,39,30,77,55,77,139,61,47,77,24,15,62,45,62,139,A,,,,,,,,,,,,,,,,,,,,,,,,,,,,,,,,,,,,,,,,,,,,,,,,,,,,,,,,,,,,,,,,,,,,,,,,,,,,,,,,,
1536,2026,ATP Masters 1000 Madrid,1000,2026-04-22T00:00:00,2026-05-03T00:00:00,Clay,96,8235540,€,MS086,Round of 128,01:38:53,"Game Set and Match Emilio Nava. 
 Emilio Nava wins the match  6-3  7-5 .",F,3,N0AM,J. Brooksby,E. Nava,B0CD,N0AM,USA,USA,,,"Game Set and Match Emilio Nava. 
 Emilio Nava wins the match  6-3  7-5 .",E. Nava,J. Brooksby,,,USA,USA,3-6,5-7,,,,01:38:53,264,/en/stats/leaderboard?page=serve,0,3,63,15,24,67,10,15,56,5,9,75,3,4,4,205,/en/stats/leaderboard?page=serve,0,0,71,22,31,50,11,22,44,4,9,25,1,4,5,241,/en/stats/leaderboard?page=return,50,11,22,56,5,9,75,3,4,5,127,/en/stats/leaderboard?page=return,33,5,15,44,4,9,25,1,4,4,63,15,24,52,16,31,56,31,55,48,15,31,38,9,24,44,24,55,286.0,/en/stats/leaderboard?page=serve,2.0,5.0,74.0,29.0,39.0,79.0,23.0,29.0,30.0,3.0,10.0,0.0,0.0,0.0,6.0,270.0,/en/stats/leaderboard?page=serve,3.0,0.0,63.0,24.0,38.0,63.0,15.0,24.0,64.0,9.0,14.0,0.0,0.0,1.0,6.0,190.0,/en/stats/leaderboard?page=return,38.0,9.0,24.0,36.0,5.0,14.0,100.0,1.0,1.0,6.0,91.0,/en/stats/leaderboard?page=return,21.0,6.0,29.0,70.0,7.0,10.0,0.0,0.0,0.0,6.0,67.0,26.0,39.0,37.0,14.0,38.0,52.0,40.0,77.0,63.0,24.0,38.0,33.0,13.0,39.0,48.0,37.0,77.0,283,/en/stats/leaderboard?page=serve,2,8,70,44,63,75,33,44,42,8,19,75,3,4,10,241,/en/stats/leaderboard?page=serve,3,0,67,46,69,57,26,46,57,13,23,20,1,5,11,65,41,63,43,30,69,54,71,132,57,39,69,35,22,63,46,61,132,B,,,,,,,,,,,,,,,,,,,,,,,,,,,,,,,,,,,,,,,,,,,,,,,,,,,,,,,,,,,,,,,,,,,,,,,,,,,,,,,,,
1536,2026,ATP Masters 1000 Madrid,1000,2026-04-22T00:00:00,2026-05-03T00:00:00,Clay,96,8235540,€,MS015,Round of 16,02:18:50,"Game Set and Match Alexander Zverev. 
 Alexander Zverev wins the match  6-4 6-7(4) 6-3 .",F,3,Z355,J. Mensik,A. Zverev,M0NI,Z355,CZE,GER,23,2,"Game Set and Match Alexander Zverev. 
 Alexander Zverev wins the match  6-4 6-7(4) 6-3 .",A. Zverev,J. Mensik,2,23,GER,CZE,4-6,7-6(4),3-6,,,02:18:50,331,/en/stats/leaderboard?page=serve,1,4,73,19,26,84,16,19,71,5,7,100,1,1,5,253,/en/stats/leaderboard?page=serve,2,4,57,16,28,81,13,16,33,4,12,50,1,2,5,156,/en/stats/leaderboard?page=return,19,3,16,67,8,12,50,1,2,5,45,/en/stats/leaderboard?page=return,16,3,19,29,2,7,0,0,1,5,81,21,26,39,11,28,59,32,54,61,17,28,19,5,26,41,22,54,301.0,/en/stats/leaderboard?page=serve,1.0,4.0,64.0,25.0,39.0,84.0,21.0,25.0,50.0,7.0,14.0,0.0,0.0,0.0,6.0,326.0,/en/stats/leaderboard?page=serve,0.0,2.0,58.0,19.0,33.0,95.0,18.0,19.0,71.0,10.0,14.0,0.0,0.0,0.0,6.0,34.0,/en/stats/leaderboard?page=return,5.0,1.0,19.0,29.0,4.0,14.0,0.0,0.0,0.0,6.0,66.0,/en/stats/leaderboard?page=return,16.0,4.0,25.0,50.0,7.0,14.0,0.0,0.0,0.0,6.0,72.0,28.0,39.0,15.0,5.0,33.0,46.0,33.0,72.0,85.0,28.0,33.0,28.0,11.0,39.0,54.0,39.0,72.0,307,/en/stats/leaderboard?page=serve,3,12,67,62,92,81,50,62,57,17,30,67,2,3,16,275,/en/stats/leaderboard?page=serve,3,7,61,50,82,80,40,50,50,16,32,50,3,6,15,73,67,92,32,26,82,53,93,174,68,56,82,27,25,92,47,81,174,B,,278.0,/en/stats/leaderboard?page=serve,1.0,4.0,67.0,18.0,27.0,72.0,13.0,18.0,56.0,5.0,9.0,50.0,1.0,2.0,5.0,214.0,/en/stats/leaderboard?page=serve,1.0,1.0,71.0,15.0,21.0,60.0,9.0,15.0,33.0,2.0,6.0,50.0,2.0,4.0,4.0,207.0,/en/stats/leaderboard?page=return,40.0,6.0,15.0,67.0,4.0,6.0,50.0,2.0,4.0,4.0,142.0,/en/stats/leaderboard?page=return,28.0,5.0,18.0,44.0,4.0,9.0,50.0,1.0,2.0,5.0,67.0,18.0,27.0,48.0,10.0,21.0,58.0,28.0,48.0,52.0,11.0,21.0,33.0,9.0,27.0,42.0,20.0,48.0,,4.0,,
1536,2026,ATP Masters 1000 Madrid,1000,2026-04-22T00:00:00,2026-05-03T00:00:00,Clay,96,8235540,€,MS052,Round of 64,01:40:01,"Game Set and Match Francisco Cerundolo. 
 Francisco Cerundolo wins the match  6-1  7-5 .",F,3,C0AU,F. Cerundolo,Y. Hanfmann,C0AU,H997,ARG,GER,16,,"Game Set and Match Francisco Cerundolo. 
 Francisco Cerundolo wins the match  6-1  7-5 .",F. Cerundolo,Y. Hanfmann,16,,ARG,GER,6-1,7-5,,,,01:40:01,285,/en/stats/leaderboard?page=serve,0,4,71,22,31,77,17,22,33,3,9,100,3,3,4,176,/en/stats/leaderboard?page=serve,1,1,55,12,22,58,7,12,30,3,10,0,0,2,3,278,/en/stats/leaderboard?page=return,42,5,12,70,7,10,100,2,2,3,90,/en/stats/leaderboard?page=return,23,5,22,67,6,9,0,0,3,4,65,20,31,55,12,22,60,32,53,45,10,22,35,11,31,40,21,53,227.0,/en/stats/leaderboard?page=serve,1.0,1.0,46.0,17.0,37.0,65.0,11.0,17.0,50.0,10.0,20.0,67.0,4.0,6.0,6.0,210.0,/en/stats/leaderboard?page=serve,2.0,0.0,63.0,31.0,49.0,55.0,17.0,31.0,44.0,8.0,18.0,57.0,4.0,7.0,6.0,194.0,/en/stats/leaderboard?page=return,45.0,14.0,31.0,56.0,10.0,18.0,43.0,3.0,7.0,6.0,151.0,/en/stats/leaderboard?page=return,35.0,6.0,17.0,50.0,10.0,20.0,33.0,2.0,6.0,6.0,57.0,21.0,37.0,49.0,24.0,49.0,52.0,45.0,86.0,51.0,25.0,49.0,43.0,16.0,37.0,48.0,41.0,86.0,258,/en/stats/leaderboard?page=serve,1,5,57,39,68,72,28,39,45,13,29,78,7,9,10,198,/en/stats/leaderboard?page=serve,3,1,61,43,71,56,24,43,39,11,28,44,4,9,9,60,41,68,51,36,71,55,77,139,49,35,71,40,27,68,45,62,139,A,,,,,,,,,,,,,,,,,,,,,,,,,,,,,,,,,,,,,,,,,,,,,,,,,,,,,,,,,,,,,,,,,,,,,,,,,,,,,,,,,
1536,2026,ATP Masters 1000 Madrid,1000,2026-04-22T00:00:00,2026-05-03T00:00:00,Clay,96,8235540,€,MS066,Round of 128,01:57:21,"Game Set and Match Elmer Moller. 
 Elmer Moller wins the match  6-4  7-6(4).",F,3,M0K4,E. Moller,F. Cina,M0K4,C0NB,DEN,ITA,,,"Game Set and Match Elmer Moller. 
 Elmer Moller wins the match  6-4  7-6(4).",E. Moller,F. Cina,,,DEN,ITA,6-4,7-6(4),,,,01:57:21,296,/en/stats/leaderboard?page=serve,3,1,60,21,35,81,17,21,57,8,14,100,2,2,5,253,/en/stats/leaderboard?page=serve,3,0,72,31,43,71,22,31,33,4,12,86,6,7,5,130,/en/stats/leaderboard?page=return,29,9,31,67,8,12,14,1,7,5,62,/en/stats/leaderboard?page=return,19,4,21,43,6,14,0,0,2,5,71,25,35,40,17,43,54,42,78,60,26,43,29,10,35,46,36,78,233.0,/en/stats/leaderboard?page=serve,5.0,2.0,50.0,20.0,40.0,75.0,15.0,20.0,45.0,9.0,20.0,33.0,1.0,3.0,6.0,229.0,/en/stats/leaderboard?page=serve,1.0,0.0,55.0,28.0,51.0,61.0,17.0,28.0,48.0,11.0,23.0,71.0,5.0,7.0,6.0,153.0,/en/stats/leaderboard?page=return,39.0,11.0,28.0,52.0,12.0,23.0,29.0,2.0,7.0,6.0,180.0,/en/stats/leaderboard?page=return,25.0,5.0,20.0,55.0,11.0,20.0,67.0,2.0,3.0,6.0,60.0,24.0,40.0,45.0,23.0,51.0,52.0,47.0,91.0,55.0,28.0,51.0,40.0,16.0,40.0,48.0,44.0,91.0,259,/en/stats/leaderboard?page=serve,8,3,55,41,75,78,32,41,50,17,34,60,3,5,11,240,/en/stats/leaderboard?page=serve,4,0,63,59,94,66,39,59,43,15,35,79,11,14,11,65,49,75,43,40,94,53,89,169,57,54,94,35,26,75,47,80,169,A,4.0,,,,,,,,,,,,,,,,,,,,,,,,,,,,,,,,,,,,,,,,,,,,,,,,,,,,,,,,,,,,,,,,,,,,,,,,,,,,,,,,
1536,2026,ATP Masters 1000 Madrid,1000,2026-04-22T00:00:00,2026-05-03T00:00:00,Clay,96,8235540,€,MS094,Round of 128,01:13:25,"Game Set and Match Hubert Hurkacz. 
 Hubert Hurkacz wins the match  6-3  6-3 .",F,3,HB71,J. Faria,H. Hurkacz,F0F2,HB71,POR,POL,,,"Game Set and Match Hubert Hurkacz. 
 Hubert Hurkacz wins the match  6-3  6-3 .",H. Hurkacz,J. Faria,,,POL,POR,3-6,3-6,,,,01:13:25,332,/en/stats/leaderboard?page=serve,0,7,66,19,29,79,15,19,80,8,10,100,3,3,5,238,/en/stats/leaderboard?page=serve,1,0,52,12,23,67,8,12,45,5,11,0,0,1,4,213,/en/stats/leaderboard?page=return,33,4,12,55,6,11,100,1,1,4,41,/en/stats/leaderboard?page=return,21,4,19,20,2,10,0,0,3,5,79,23,29,43,10,23,63,33,52,57,13,23,21,6,29,37,19,52,339.0,/en/stats/leaderboard?page=serve,0.0,5.0,67.0,12.0,18.0,100.0,12.0,12.0,67.0,4.0,6.0,0.0,0.0,0.0,4.0,235.0,/en/stats/leaderboard?page=serve,0.0,1.0,58.0,21.0,36.0,43.0,9.0,21.0,73.0,11.0,15.0,60.0,3.0,5.0,5.0,164.0,/en/stats/leaderboard?page=return,57.0,12.0,21.0,27.0,4.0,15.0,40.0,2.0,5.0,5.0,33.0,/en/stats/leaderboard?page=return,0.0,0.0,12.0,33.0,2.0,6.0,0.0,0.0,0.0,4.0,89.0,16.0,18.0,44.0,16.0,36.0,59.0,32.0,54.0,56.0,20.0,36.0,11.0,2.0,18.0,41.0,22.0,54.0,340,/en/stats/leaderboard?page=serve,0,12,66,31,47,87,27,31,75,12,16,100,3,3,9,236,/en/stats/leaderboard?page=serve,1,1,56,33,59,52,17,33,62,16,26,50,3,6,9,83,39,47,44,26,59,61,65,106,56,33,59,17,8,47,39,41,106,B,,,,,,,,,,,,,,,,,,,,,,,,,,,,,,,,,,,,,,,,,,,,,,,,,,,,,,,,,,,,,,,,,,,,,,,,,,,,,,,,,
1536,2026,ATP Masters 1000 Madrid,1000,2026-04-22T00:00:00,2026-05-03T00:00:00,Clay,96,8235540,€,MS036,Round of 64,01:14:32,"Game Set and Match Vit Kopriva. 
 Vit Kopriva wins the match  6-3  6-4 .",F,3,KI82,A. Rublev,V. Kopriva,RE44,KI82,RUS,CZE,9,,"Game Set and Match Vit Kopriva. 
 Vit Kopriva wins the match  6-3  6-4 .",V. Kopriva,A. Rublev,,9,CZE,RUS,3-6,4-6,,,,01:14:32,285,/en/stats/leaderboard?page=serve,1,3,92,22,24,91,20,22,0,0,2,0,0,0,5,255,/en/stats/leaderboard?page=serve,1,2,82,18,22,72,13,18,25,1,4,0,0,1,4,228,/en/stats/leaderboard?page=return,28,5,18,75,3,4,100,1,1,4,109,/en/stats/leaderboard?page=return,9,2,22,100,2,2,0,0,0,5,83,20,24,36,8,22,61,28,46,64,14,22,17,4,24,39,18,46,295.0,/en/stats/leaderboard?page=serve,0.0,1.0,59.0,20.0,34.0,85.0,17.0,20.0,50.0,7.0,14.0,100.0,2.0,2.0,5.0,265.0,/en/stats/leaderboard?page=serve,0.0,3.0,71.0,24.0,34.0,71.0,17.0,24.0,40.0,4.0,10.0,67.0,2.0,3.0,5.0,142.0,/en/stats/leaderboard?page=return,29.0,7.0,24.0,60.0,6.0,10.0,33.0,1.0,3.0,5.0,65.0,/en/stats/leaderboard?page=return,15.0,3.0,20.0,50.0,7.0,14.0,0.0,0.0,2.0,5.0,71.0,24.0,34.0,38.0,13.0,34.0,54.0,37.0,68.0,62.0,21.0,34.0,29.0,10.0,34.0,46.0,31.0,68.0,307,/en/stats/leaderboard?page=serve,1,4,72,42,58,88,37,42,44,7,16,100,2,2,10,263,/en/stats/leaderboard?page=serve,1,5,75,42,56,71,30,42,36,5,14,50,2,4,9,76,44,58,38,21,56,57,65,114,63,35,56,24,14,58,43,49,114,B,,,,,,,,,,,,,,,,,,,,,,,,,,,,,,,,,,,,,,,,,,,,,,,,,,,,,,,,,,,,,,,,,,,,,,,,,,,,,,,,,
