event_id,event_year,tourney_name,level,start_date,end_date,surface,singles_draw_size,prize_money,prize_money_currency,match_id,round,match_time_total,match_message,match_status,num_sets,winner_flag_raw,player_a,player_b,player_a_id,player_b_id,country_a,country_b,seed_a,seed_b,score_string,winner_player_name,loser_player_name,winner_seed,loser_seed,winner_country,loser_country,set1_score,set2_score,set3_score,set4_score,set5_score,match_date,serverating_set1_winner,serveratinglink_set1_winner,doublefaults_set1_winner,aces_set1_winner,firstserve_percent_set1_winner,firstserve_dividend_set1_winner,firstserve_divisor_set1_winner,firstservepointswon_percent_set1_winner,firstservepointswon_dividend_set1_winner,firstservepointswon_divisor_set1_winner,secondservepointswon_percent_set1_winner,secondservepointswon_dividend_set1_winner,secondservepointswon_divisor_set1_winner,breakpointssaved_percent_set1_winner,breakpointssaved_dividend_set1_winner,breakpointssaved_divisor_set1_winner,servicegamesplayed_set1_winner,serverating_set1_loser,serveratinglink_set1_loser,doublefaults_set1_loser,aces_set1_loser,firstserve_percent_set1_loser,firstserve_dividend_set1_loser,firstserve_divisor_set1_loser,firstservepointswon_percent_set1_loser,firstservepointswon_dividend_set1_loser,firstservepointswon_divisor_set1_loser,secondservepointswon_percent_set1_loser,secondservepointswon_dividend_set1_loser,secondservepointswon_divisor_set1_loser,breakpointssaved_percent_set1_loser,breakpointssaved_dividend_set1_loser,breakpointssaved_divisor_set1_loser,servicegamesplayed_set1_loser,returnrating_set1_winner,returnratinglink_set1_winner,firstservereturnpointswon_percent_set1_winner,firstservereturnpointswon_dividend_set1_winner,firstservereturnpointswon_divisor_set1_winner,secondservereturnpointswon_percent_set1_winner,secondservereturnpointswon_dividend_set1_winner,secondservereturnpointswon_divisor_set1_winner,breakpointsconverted_percent_set1_winner,breakpointsconverted_dividend_set1_winner,breakpointsconverted_divisor_set1_winner,returngamesplayed_set1_winner,returnrating_set1_loser,returnratinglink_set1_loser,firstservereturnpointswon_percent_set1_loser,firstservereturnpointswon_dividend_set1_loser,firstservereturnpointswon_divisor_set1_loser,secondservereturnpointswon_percent_set1_loser,secondservereturnpointswon_dividend_set1_loser,secondservereturnpointswon_divisor_set1_loser,breakpointsconverted_percent_set1_loser,breakpointsconverted_dividend_set1_loser,breakpointsconverted_divisor_set1_loser,returngamesplayed_set1_loser,totalservicepointswon_percent_set1_winner,totalservicepointswon_dividend_set1_winner,totalservicepointswon_divisor_set1_winner,totalreturnpointswon_percent_set1_winner,totalreturnpointswon_dividend_set1_winner,totalreturnpointswon_divisor_set1_winner,totalpointswon_percent_set1_winner,totalpointswon_dividend_set1_winner,totalpointswon_divisor_set1_winner,totalservicepointswon_percent_set1_loser,totalservicepointswon_dividend_set1_loser,totalservicepointswon_divisor_set1_loser,totalreturnpointswon_percent_set1_loser,totalreturnpointswon_dividend_set1_loser,totalreturnpointswon_divisor_set1_loser,totalpointswon_percent_set1_loser,totalpointswon_dividend_set1_loser,totalpointswon_divisor_set1_loser,serverating_set2_winner,serveratinglink_set2_winner,doublefaults_set2_winner,aces_set2_winner,firstserve_percent_set2_winner,firstserve_dividend_set2_winner,firstserve_divisor_set2_winner,firstservepointswon_percent_set2_winner,firstservepointswon_dividend_set2_winner,firstservepointswon_divisor_set2_winner,secondservepointswon_percent_set2_winner,secondservepointswon_dividend_set2_winner,secondservepointswon_divisor_set2_winner,breakpointssaved_percent_set2_winner,breakpointssaved_dividend_set2_winner,breakpointssaved_divisor_set2_winner,servicegamesplayed_set2_winner,serverating_set2_loser,serveratinglink_set2_loser,doublefaults_set2_loser,aces_set2_loser,firstserve_percent_set2_loser,firstserve_dividend_set2_loser,firstserve_divisor_set2_loser,firstservepointswon_percent_set2_loser,firstservepointswon_dividend_set2_loser,firstservepointswon_divisor_set2_loser,secondservepointswon_percent_set2_loser,secondservepointswon_dividend_set2_loser,secondservepointswon_divisor_set2_loser,breakpointssaved_percent_set2_loser,breakpointssaved_dividend_set2_loser,breakpointssaved_divisor_set2_loser,servicegamesplayed_set2_loser,returnrating_set2_winner,returnratinglink_set2_winner,firstservereturnpointswon_percent_set2_winner,firstservereturnpointswon_dividend_set2_winner,firstservereturnpointswon_divisor_set2_winner,secondservereturnpointswon_percent_set2_winner,secondservereturnpointswon_dividend_set2_winner,secondservereturnpointswon_divisor_set2_winner,breakpointsconverted_percent_set2_winner,breakpointsconverted_dividend_set2_winner,breakpointsconverted_divisor_set2_winner,returngamesplayed_set2_winner,returnrating_set2_loser,returnratinglink_set2_loser,firstservereturnpointswon_percent_set2_loser,firstservereturnpointswon_dividend_set2_loser,firstservereturnpointswon_divisor_set2_loser,secondservereturnpointswon_percent_set2_loser,secondservereturnpointswon_dividend_set2_loser,secondservereturnpointswon_divisor_set2_loser,breakpointsconverted_percent_set2_loser,breakpointsconverted_dividend_set2_loser,breakpointsconverted_divisor_set2_loser,returngamesplayed_set2_loser,totalservicepointswon_percent_set2_winner,totalservicepointswon_dividend_set2_winner,totalservicepointswon_divisor_set2_winner,totalreturnpointswon_percent_set2_winner,totalreturnpointswon_dividend_set2_winner,totalreturnpointswon_divisor_set2_winner,totalpointswon_percent_set2_winner,totalpointswon_dividend_set2_winner,totalpointswon_divisor_set2_winner,totalservicepointswon_percent_set2_loser,totalservicepointswon_dividend_set2_loser,totalservicepointswon_divisor_set2_loser,totalreturnpointswon_percent_set2_loser,totalreturnpointswon_dividend_set2_loser,totalreturnpointswon_divisor_set2_loser,totalpointswon_percent_set2_loser,totalpointswon_dividend_set2_loser,totalpointswon_divisor_set2_loser,tiebreak_set2_loser,serverating_tot_winner,serveratinglink_tot_winner,doublefaults_tot_winner,aces_tot_winner,firstserve_percent_tot_winner,firstserve_dividend_tot_winner,firstserve_divisor_tot_winner,firstservepointswon_percent_tot_winner,firstservepointswon_dividend_tot_winner,firstservepointswon_divisor_tot_winner,secondservepointswon_percent_tot_winner,secondservepointswon_dividend_tot_winner,secondservepointswon_divisor_tot_winner,breakpointssaved_percent_tot_winner,breakpointssaved_dividend_tot_winner,breakpointssaved_divisor_tot_winner,servicegamesplayed_tot_winner,serverating_tot_loser,serveratinglink_tot_loser,doublefaults_tot_loser,aces_tot_loser,firstserve_percent_tot_loser,firstserve_dividend_tot_loser,firstserve_divisor_tot_loser,firstservepointswon_percent_tot_loser,firstservepointswon_dividend_tot_loser,firstservepointswon_divisor_tot_loser,secondservepointswon_percent_tot_loser,secondservepointswon_dividend_tot_loser,secondservepointswon_divisor_tot_loser,breakpointssaved_percent_tot_loser,breakpointssaved_dividend_tot_loser,breakpointssaved_divisor_tot_loser,servicegamesplayed_tot_loser,totalservicepointswon_percent_tot_winner,totalservicepointswon_dividend_tot_winner,totalservicepointswon_divisor_tot_winner,totalreturnpointswon_percent_tot_winner,totalreturnpointswon_dividend_tot_winner,totalreturnpointswon_divisor_tot_winner,totalpointswon_percent_tot_winner,totalpointswon_dividend_tot_winner,totalpointswon_divisor_tot_winner,totalservicepointswon_percent_tot_loser,totalservicepointswon_dividend_tot_loser,totalservicepointswon_divisor_tot_loser,totalreturnpointswon_percent_tot_loser,totalreturnpointswon_dividend_tot_loser,totalreturnpointswon_divisor_tot_loser,totalpointswon_percent_tot_loser,totalpointswon_dividend_tot_loser,totalpointswon_divisor_tot_loser,winner_flag,tiebreak_set1_loser,serverating_set3_loser,serveratinglink_set3_loser,doublefaults_set3_loser,aces_set3_loser,firstserve_percent_set3_loser,firstserve_dividend_set3_loser,firstserve_divisor_set3_loser,firstservepointswon_percent_set3_loser,firstservepointswon_dividend_set3_loser,firstservepointswon_divisor_set3_loser,secondservepointswon_percent_set3_loser,secondservepointswon_dividend_set3_loser,secondservepointswon_divisor_set3_loser,breakpointssaved_percent_set3_loser,breakpointssaved_dividend_set3_loser,breakpointssaved_divisor_set3_loser,servicegamesplayed_set3_loser,serverating_set3_winner,serveratinglink_set3_winner,doublefaults_set3_winner,aces_set3_winner,firstserve_percent_set3_winner,firstserve_dividend_set3_winner,firstserve_divisor_set3_winner,firstservepointswon_percent_set3_winner,firstservepointswon_dividend_set3_winner,firstservepointswon_divisor_set3_winner,secondservepointswon_percent_set3_winner,secondservepointswon_dividend_set3_winner,secondservepointswon_divisor_set3_winner,breakpointssaved_percent_set3_winner,breakpointssaved_dividend_set3_winner,breakpointssaved_divisor_set3_winner,servicegamesplayed_set3_winner,returnrating_set3_loser,returnratinglink_set3_loser,firstservereturnpointswon_percent_set3_loser,firstservereturnpointswon_dividend_set3_loser,firstservereturnpointswon_divisor_set3_loser,secondservereturnpointswon_percent_set3_loser,secondservereturnpointswon_dividend_set3_loser,secondservereturnpointswon_divisor_set3_loser,breakpointsconverted_percent_set3_loser,breakpointsconverted_dividend_set3_loser,breakpointsconverted_divisor_set3_loser,returngamesplayed_set3_loser,returnrating_set3_winner,returnratinglink_set3_winner,firstservereturnpointswon_percent_set3_winner,firstservereturnpointswon_dividend_set3_winner,firstservereturnpointswon_divisor_set3_winner,secondservereturnpointswon_percent_set3_winner,secondservereturnpointswon_dividend_set3_winner,secondservereturnpointswon_divisor_set3_winner,breakpointsconverted_percent_set3_winner,breakpointsconverted_dividend_set3_winner,breakpointsconverted_divisor_set3_winner,returngamesplayed_set3_winner,totalservicepointswon_percent_set3_loser,totalservicepointswon_dividend_set3_loser,totalservicepointswon_divisor_set3_loser,totalreturnpointswon_percent_set3_loser,totalreturnpointswon_dividend_set3_loser,totalreturnpointswon_divisor_set3_loser,totalpointswon_percent_set3_loser,totalpointswon_dividend_set3_loser,totalpointswon_divisor_set3_loser,totalservicepointswon_percent_set3_winner,totalservicepointswon_dividend_set3_winner,totalservicepointswon_divisor_set3_winner,totalreturnpointswon_percent_set3_winner,totalreturnpointswon_dividend_set3_winner,totalreturnpointswon_divisor_set3_winner,totalpointswon_percent_set3_winner,totalpointswon_dividend_set3_winner,totalpointswon_divisor_set3_winner,tiebreak_set2_winner,tiebreak_set1_winner,tiebreak_set3_loser
421,2026,ATP Masters 1000 Canada,1000,2026-08-02T00:00:00,2026-08-13T00:00:00,Hard,96,9415724,$,MS001,Final,01:27:28,"Game Set and Match Ben Shelton. 
 Ben Shelton wins the match  6-3  7-6(4).",F,3,S0S1,B. Shelton,B. Nakashima,S0S1,N0AE,USA,USA,5,28,"Game Set and Match Ben Shelton. 
 Ben Shelton wins the match  6-3  7-6(4).",B. Shelton,B. Nakashima,5,28,USA,USA,6-3,7-6(4),,,,01:27:28,324,/en/stats/leaderboard?page=serve,0,3,65,13,20,85,11,13,71,5,7,0,0,0,4,243,/en/stats/leaderboard?page=serve,0,5,67,18,27,67,12,18,44,4,9,50,2,4,5,179,/en/stats/leaderboard?page=return,33,6,18,56,5,9,50,2,4,5,44,/en/stats/leaderboard?page=return,15,2,13,29,2,7,0,0,0,4,80,16,20,41,11,27,57,27,47,59,16,27,20,4,20,43,20,47,343.0,/en/stats/leaderboard?page=serve,0.0,4.0,71.0,24.0,34.0,88.0,21.0,24.0,80.0,8.0,10.0,0.0,0.0,0.0,6.0,305.0,/en/stats/leaderboard?page=serve,1.0,3.0,59.0,22.0,37.0,91.0,20.0,22.0,53.0,8.0,15.0,0.0,0.0,0.0,6.0,56.0,/en/stats/leaderboard?page=return,9.0,2.0,22.0,47.0,7.0,15.0,0.0,0.0,0.0,6.0,33.0,/en/stats/leaderboard?page=return,13.0,3.0,24.0,20.0,2.0,10.0,0.0,0.0,0.0,6.0,85.0,29.0,34.0,24.0,9.0,37.0,54.0,38.0,71.0,76.0,28.0,37.0,15.0,5.0,34.0,46.0,33.0,71.0,4.0,338,/en/stats/leaderboard?page=serve,0,7,69,37,54,86,32,37,76,13,17,0,0,0,10,281,/en/stats/leaderboard?page=serve,1,8,63,40,64,80,32,40,50,12,24,50,2,4,11,83,45,54,31,20,64,55,65,118,69,44,64,17,9,54,45,53,118,A,,,,,,,,,,,,,,,,,,,,,,,,,,,,,,,,,,,,,,,,,,,,,,,,,,,,,,,,,,,,,,,,,,,,,,,,,,,,,,,,
421,2026,ATP Masters 1000 Canada,1000,2026-08-02T00:00:00,2026-08-13T00:00:00,Hard,96,9415724,$,MS002,Semifinals,01:24:27,"Game Set and Match Ben Shelton. 
 Ben Shelton wins the match  6-2  6-3 .",F,3,S0S1,L. Tien,B. Shelton,T0HA,S0S1,USA,USA,12,5,"Game Set and Match Ben Shelton. 
 Ben Shelton wins the match  6-2  6-3 .",B. Shelton,L. Tien,5,12,USA,USA,2-6,3-6,,,,01:24:27,303,/en/stats/leaderboard?page=serve,0,5,72,21,29,76,16,21,50,4,8,100,4,4,4,201,/en/stats/leaderboard?page=serve,3,0,58,14,24,36,5,14,60,6,10,33,1,3,4,221,/en/stats/leaderboard?page=return,64,9,14,40,4,10,67,2,3,4,74,/en/stats/leaderboard?page=return,24,5,21,50,4,8,0,0,4,4,69,20,29,54,13,24,62,33,53,46,11,24,31,9,29,38,20,53,290.0,/en/stats/leaderboard?page=serve,1.0,0.0,76.0,22.0,29.0,86.0,19.0,22.0,29.0,2.0,7.0,0.0,0.0,0.0,5.0,250.0,/en/stats/leaderboard?page=serve,2.0,1.0,58.0,15.0,26.0,73.0,11.0,15.0,45.0,5.0,11.0,50.0,1.0,2.0,4.0,157.0,/en/stats/leaderboard?page=return,27.0,4.0,15.0,55.0,6.0,11.0,50.0,1.0,2.0,4.0,85.0,/en/stats/leaderboard?page=return,14.0,3.0,22.0,71.0,5.0,7.0,0.0,0.0,0.0,5.0,72.0,21.0,29.0,38.0,10.0,26.0,56.0,31.0,55.0,62.0,16.0,26.0,28.0,8.0,29.0,44.0,24.0,55.0,,299,/en/stats/leaderboard?page=serve,1,5,74,43,58,81,35,43,40,6,15,100,4,4,9,223,/en/stats/leaderboard?page=serve,5,1,58,29,50,55,16,29,52,11,21,40,2,5,8,71,41,58,46,23,50,59,64,108,54,27,50,29,17,58,41,44,108,B,,,,,,,,,,,,,,,,,,,,,,,,,,,,,,,,,,,,,,,,,,,,,,,,,,,,,,,,,,,,,,,,,,,,,,,,,,,,,,,,
421,2026,ATP Masters 1000 Canada,1000,2026-08-02T00:00:00,2026-08-13T00:00:00,Hard,96,9415724,$,MS003,Semifinals,02:02:49,"Game Set and Match Brandon Nakashima. 
 Brandon Nakashima wins the match  7-6(3) 6-4 .",F,3,N0AE,R. Jodar,B. Nakashima,J0DZ,N0AE,ESP,USA,20,28,"Game Set and Match Brandon Nakashima. 
 Brandon Nakashima wins the match  7-6(3) 6-4 .",B. Nakashima,R. Jodar,28,20,USA,ESP,6-7(3),4-6,,,,02:02:49,344,/en/stats/leaderboard?page=serve,0,3,70,23,33,91,21,23,80,8,10,0,0,0,6,294,/en/stats/leaderboard?page=serve,1,4,56,27,48,78,21,27,57,12,21,100,6,6,6,65,/en/stats/leaderboard?page=return,22,6,27,43,9,21,0,0,6,6,29,/en/stats/leaderboard?page=return,9,2,23,20,2,10,0,0,0,6,88,29,33,31,15,48,54,44,81,69,33,48,12,4,33,46,37,81,285.0,/en/stats/leaderboard?page=serve,0.0,3.0,57.0,25.0,44.0,72.0,18.0,25.0,53.0,10.0,19.0,100.0,6.0,6.0,5.0,243.0,/en/stats/leaderboard?page=serve,4.0,0.0,63.0,30.0,48.0,60.0,18.0,30.0,44.0,8.0,18.0,80.0,4.0,5.0,5.0,136.0,/en/stats/leaderboard?page=return,40.0,12.0,30.0,56.0,10.0,18.0,20.0,1.0,5.0,5.0,75.0,/en/stats/leaderboard?page=return,28.0,7.0,25.0,47.0,9.0,19.0,0.0,0.0,6.0,5.0,64.0,28.0,44.0,46.0,22.0,48.0,54.0,50.0,92.0,54.0,26.0,48.0,36.0,16.0,44.0,46.0,42.0,92.0,,311,/en/stats/leaderboard?page=serve,0,6,62,48,77,81,39,48,62,18,29,100,6,6,11,267,/en/stats/leaderboard?page=serve,5,4,59,57,96,68,39,57,51,20,39,91,10,11,11,74,57,77,39,37,96,54,94,173,61,59,96,26,20,77,46,79,173,B,3.0,,,,,,,,,,,,,,,,,,,,,,,,,,,,,,,,,,,,,,,,,,,,,,,,,,,,,,,,,,,,,,,,,,,,,,,,,,,,,,,
421,2026,ATP Masters 1000 Canada,1000,2026-08-02T00:00:00,2026-08-13T00:00:00,Hard,96,9415724,$,MS004,Quarterfinals,01:12:09,"Game Set and Match Learner Tien. 
 Learner Tien wins the match  6-3  6-2 .",F,3,T0HA,D. Merida,L. Tien,M0N7,T0HA,ESP,USA,,12,"Game Set and Match Learner Tien. 
 Learner Tien wins the match  6-3  6-2 .",L. Tien,D. Merida,12,,USA,ESP,3-6,2-6,,,,01:12:09,278,/en/stats/leaderboard?page=serve,0,0,65,20,31,60,12,20,73,8,11,67,2,3,5,201,/en/stats/leaderboard?page=serve,1,0,58,18,31,56,10,18,38,5,13,33,1,3,4,223,/en/stats/leaderboard?page=return,44,8,18,62,8,13,67,2,3,4,120,/en/stats/leaderboard?page=return,40,8,20,27,3,11,33,1,3,5,65,20,31,52,16,31,58,36,62,48,15,31,35,11,31,42,26,62,302.0,/en/stats/leaderboard?page=serve,0.0,0.0,86.0,18.0,21.0,83.0,15.0,18.0,33.0,1.0,3.0,0.0,0.0,0.0,4.0,217.0,/en/stats/leaderboard?page=serve,0.0,0.0,67.0,16.0,24.0,50.0,8.0,16.0,50.0,4.0,8.0,60.0,3.0,5.0,4.0,190.0,/en/stats/leaderboard?page=return,50.0,8.0,16.0,50.0,4.0,8.0,40.0,2.0,5.0,4.0,84.0,/en/stats/leaderboard?page=return,17.0,3.0,18.0,67.0,2.0,3.0,0.0,0.0,0.0,4.0,76.0,16.0,21.0,50.0,12.0,24.0,62.0,28.0,45.0,50.0,12.0,24.0,24.0,5.0,21.0,38.0,17.0,45.0,,296,/en/stats/leaderboard?page=serve,0,0,73,38,52,71,27,38,64,9,14,67,2,3,9,207,/en/stats/leaderboard?page=serve,1,0,62,34,55,53,18,34,43,9,21,50,4,8,8,69,36,52,51,28,55,60,64,107,49,27,55,31,16,52,40,43,107,B,,,,,,,,,,,,,,,,,,,,,,,,,,,,,,,,,,,,,,,,,,,,,,,,,,,,,,,,,,,,,,,,,,,,,,,,,,,,,,,,
421,2026,ATP Masters 1000 Canada,1000,2026-08-02T00:00:00,2026-08-13T00:00:00,Hard,96,9415724,$,MS005,Quarterfinals,01:12:42,"Game Set and Match Ben Shelton. 
 Ben Shelton wins the match  6-3  6-1 .",F,3,S0S1,J. Mensik,B. Shelton,M0NI,S0S1,CZE,USA,13,5,"Game Set and Match Ben Shelton. 
 Ben Shelton wins the match  6-3  6-1 .",B. Shelton,J. Mensik,5,13,USA,CZE,3-6,1-6,,,,01:12:42,318,/en/stats/leaderboard?page=serve,0,0,80,16,20,88,14,16,50,2,4,0,0,0,4,212,/en/stats/leaderboard?page=serve,3,0,63,19,30,74,14,19,18,2,11,0,0,2,5,248,/en/stats/leaderboard?page=return,26,5,19,82,9,11,100,2,2,5,63,/en/stats/leaderboard?page=return,13,2,16,50,2,4,0,0,0,4,80,16,20,47,14,30,60,30,50,53,16,30,20,4,20,40,20,50,292.0,/en/stats/leaderboard?page=serve,1.0,1.0,50.0,12.0,24.0,92.0,11.0,12.0,50.0,6.0,12.0,0.0,0.0,0.0,4.0,178.0,/en/stats/leaderboard?page=serve,0.0,1.0,61.0,14.0,23.0,50.0,7.0,14.0,33.0,3.0,9.0,50.0,2.0,4.0,3.0,233.0,/en/stats/leaderboard?page=return,50.0,7.0,14.0,67.0,6.0,9.0,50.0,2.0,4.0,3.0,58.0,/en/stats/leaderboard?page=return,8.0,1.0,12.0,50.0,6.0,12.0,0.0,0.0,0.0,4.0,71.0,17.0,24.0,57.0,13.0,23.0,64.0,30.0,47.0,43.0,10.0,23.0,29.0,7.0,24.0,36.0,17.0,47.0,,303,/en/stats/leaderboard?page=serve,1,1,64,28,44,89,25,28,50,8,16,0,0,0,8,199,/en/stats/leaderboard?page=serve,3,1,62,33,53,64,21,33,25,5,20,33,2,6,8,75,33,44,51,27,53,62,60,97,49,26,53,25,11,44,38,37,97,B,,,,,,,,,,,,,,,,,,,,,,,,,,,,,,,,,,,,,,,,,,,,,,,,,,,,,,,,,,,,,,,,,,,,,,,,,,,,,,,,
421,2026,ATP Masters 1000 Canada,1000,2026-08-02T00:00:00,2026-08-13T00:00:00,Hard,96,9415724,$,MS006,Quarterfinals,01:42:09,"Game Set and Match Rafael Jodar. 
 Rafael Jodar wins the match  7-6(5) 6-3 .",F,3,J0DZ,R. Jodar,A. Fils,J0DZ,F0F1,ESP,FRA,20,18,"Game Set and Match Rafael Jodar. 
 Rafael Jodar wins the match  7-6(5) 6-3 .",R. Jodar,A. Fils,20,18,ESP,FRA,7-6(5),6-3,,,,01:42:09,269,/en/stats/leaderboard?page=serve,1,3,65,32,49,78,25,32,41,7,17,50,1,2,6,276,/en/stats/leaderboard?page=serve,0,5,63,29,46,72,21,29,53,9,17,83,5,6,6,108,/en/stats/leaderboard?page=return,28,8,29,47,8,17,17,1,6,6,147,/en/stats/leaderboard?page=return,22,7,32,59,10,17,50,1,2,6,65,32,49,35,16,46,51,48,95,65,30,46,35,17,49,49,47,95,258.0,/en/stats/leaderboard?page=serve,0.0,0.0,70.0,19.0,27.0,63.0,12.0,19.0,50.0,4.0,8.0,50.0,1.0,2.0,4.0,191.0,/en/stats/leaderboard?page=serve,1.0,2.0,50.0,15.0,30.0,53.0,8.0,15.0,47.0,7.0,15.0,50.0,3.0,6.0,5.0,210.0,/en/stats/leaderboard?page=return,47.0,7.0,15.0,53.0,8.0,15.0,50.0,3.0,6.0,5.0,162.0,/en/stats/leaderboard?page=return,37.0,7.0,19.0,50.0,4.0,8.0,50.0,1.0,2.0,4.0,59.0,16.0,27.0,50.0,15.0,30.0,54.0,31.0,57.0,50.0,15.0,30.0,41.0,11.0,27.0,46.0,26.0,57.0,,266,/en/stats/leaderboard?page=serve,1,3,67,51,76,73,37,51,44,11,25,50,2,4,10,243,/en/stats/leaderboard?page=serve,1,7,58,44,76,66,29,44,50,16,32,67,8,12,11,63,48,76,41,31,76,52,79,152,59,45,76,37,28,76,48,73,152,A,5.0,,,,,,,,,,,,,,,,,,,,,,,,,,,,,,,,,,,,,,,,,,,,,,,,,,,,,,,,,,,,,,,,,,,,,,,,,,,,,,,
421,2026,ATP Masters 1000 Canada,1000,2026-08-02T00:00:00,2026-08-13T00:00:00,Hard,96,9415724,$,MS007,Quarterfinals,01:17:56,"Game Set and Match Brandon Nakashima. 
 Brandon Nakashima wins the match  6-2  6-3 .",F,3,N0AE,L. Darderi,B. Nakashima,D0FJ,N0AE,ITA,USA,19,28,"Game Set and Match Brandon Nakashima. 
 Brandon Nakashima wins the match  6-2  6-3 .",B. Nakashima,L. Darderi,28,19,USA,ITA,2-6,3-6,,,,01:17:56,344,/en/stats/leaderboard?page=serve,0,4,74,14,19,86,12,14,80,4,5,0,0,0,4,197,/en/stats/leaderboard?page=serve,1,0,65,13,20,69,9,13,14,1,7,50,2,4,4,217,/en/stats/leaderboard?page=return,31,4,13,86,6,7,50,2,4,4,34,/en/stats/leaderboard?page=return,14,2,14,20,1,5,0,0,0,4,84,16,19,50,10,20,67,26,39,50,10,20,16,3,19,33,13,39,284.0,/en/stats/leaderboard?page=serve,1.0,7.0,54.0,22.0,41.0,82.0,18.0,22.0,42.0,8.0,19.0,100.0,4.0,4.0,5.0,246.0,/en/stats/leaderboard?page=serve,5.0,2.0,68.0,23.0,34.0,70.0,16.0,23.0,36.0,4.0,11.0,75.0,3.0,4.0,4.0,144.0,/en/stats/leaderboard?page=return,30.0,7.0,23.0,64.0,7.0,11.0,25.0,1.0,4.0,4.0,76.0,/en/stats/leaderboard?page=return,18.0,4.0,22.0,58.0,11.0,19.0,0.0,0.0,4.0,5.0,63.0,26.0,41.0,41.0,14.0,34.0,53.0,40.0,75.0,59.0,20.0,34.0,37.0,15.0,41.0,47.0,35.0,75.0,,303,/en/stats/leaderboard?page=serve,1,11,60,36,60,83,30,36,50,12,24,100,4,4,9,222,/en/stats/leaderboard?page=serve,6,2,67,36,54,69,25,36,28,5,18,63,5,8,8,70,42,60,44,24,54,58,66,114,56,30,54,30,18,60,42,48,114,B,,,,,,,,,,,,,,,,,,,,,,,,,,,,,,,,,,,,,,,,,,,,,,,,,,,,,,,,,,,,,,,,,,,,,,,,,,,,,,,,
421,2026,ATP Masters 1000 Canada,1000,2026-08-02T00:00:00,2026-08-13T00:00:00,Hard,96,9415724,$,MS008,Round of 16,01:09:35,"Game Set and Match Daniel Merida. 
 Daniel Merida wins the match  6-3  6-1 .",F,3,M0N7,T. Griekspoor,D. Merida,GJ37,M0N7,NED,ESP,,,"Game Set and Match Daniel Merida. 
 Daniel Merida wins the match  6-3  6-1 .",D. Merida,T. Griekspoor,,,ESP,NED,3-6,1-6,,,,01:09:35,324,/en/stats/leaderboard?page=serve,0,0,76,16,21,88,14,16,60,3,5,100,1,1,4,220,/en/stats/leaderboard?page=serve,3,1,56,19,34,53,10,19,53,8,15,67,4,6,5,167,/en/stats/leaderboard?page=return,47,9,19,47,7,15,33,2,6,5,53,/en/stats/leaderboard?page=return,13,2,16,40,2,5,0,0,1,4,81,17,21,47,16,34,60,33,55,53,18,34,19,4,21,40,22,55,309.0,/en/stats/leaderboard?page=serve,1.0,3.0,58.0,14.0,24.0,79.0,11.0,14.0,70.0,7.0,10.0,100.0,1.0,1.0,4.0,179.0,/en/stats/leaderboard?page=serve,3.0,2.0,58.0,11.0,19.0,64.0,7.0,11.0,25.0,2.0,8.0,0.0,0.0,2.0,3.0,277.0,/en/stats/leaderboard?page=return,36.0,4.0,11.0,75.0,6.0,8.0,100.0,2.0,2.0,3.0,51.0,/en/stats/leaderboard?page=return,21.0,3.0,14.0,30.0,3.0,10.0,0.0,0.0,1.0,4.0,75.0,18.0,24.0,53.0,10.0,19.0,65.0,28.0,43.0,47.0,9.0,19.0,25.0,6.0,24.0,35.0,15.0,43.0,,319,/en/stats/leaderboard?page=serve,1,3,67,30,45,83,25,30,67,10,15,100,2,2,8,204,/en/stats/leaderboard?page=serve,6,3,57,30,53,57,17,30,43,10,23,50,4,8,8,78,35,45,49,26,53,62,61,98,51,27,53,22,10,45,38,37,98,B,,,,,,,,,,,,,,,,,,,,,,,,,,,,,,,,,,,,,,,,,,,,,,,,,,,,,,,,,,,,,,,,,,,,,,,,,,,,,,,,
421,2026,ATP Masters 1000 Canada,1000,2026-08-02T00:00:00,2026-08-13T00:00:00,Hard,96,9415724,$,MS009,Round of 16,01:49:03,"Game Set and Match Learner Tien. 
 Learner Tien wins the match  6-4  6-4 .",F,3,T0HA,L. Tien,T. Tirante,T0HA,T0A1,USA,ARG,12,,"Game Set and Match Learner Tien. 
 Learner Tien wins the match  6-4  6-4 .",L. Tien,T. Tirante,12,,USA,ARG,6-4,6-4,,,,01:49:03,275,/en/stats/leaderboard?page=serve,0,2,81,26,32,62,16,26,50,3,6,0,0,1,5,227,/en/stats/leaderboard?page=serve,0,5,54,19,35,58,11,19,50,8,16,67,4,6,5,165,/en/stats/leaderboard?page=return,42,8,19,50,8,16,33,2,6,5,208,/en/stats/leaderboard?page=return,38,10,26,50,3,6,100,1,1,5,59,19,32,46,16,35,52,35,67,54,19,35,41,13,32,48,32,67,252.0,/en/stats/leaderboard?page=serve,1.0,0.0,69.0,33.0,48.0,64.0,21.0,33.0,40.0,6.0,15.0,89.0,8.0,9.0,5.0,218.0,/en/stats/leaderboard?page=serve,1.0,2.0,53.0,17.0,32.0,71.0,12.0,17.0,33.0,5.0,15.0,67.0,4.0,6.0,5.0,169.0,/en/stats/leaderboard?page=return,29.0,5.0,17.0,67.0,10.0,15.0,33.0,2.0,6.0,5.0,127.0,/en/stats/leaderboard?page=return,36.0,12.0,33.0,60.0,9.0,15.0,11.0,1.0,9.0,5.0,56.0,27.0,48.0,47.0,15.0,32.0,53.0,42.0,80.0,53.0,17.0,32.0,44.0,21.0,48.0,48.0,38.0,80.0,,261,/en/stats/leaderboard?page=serve,1,2,74,59,80,63,37,59,43,9,21,80,8,10,10,226,/en/stats/leaderboard?page=serve,1,7,54,36,67,64,23,36,42,13,31,67,8,12,10,58,46,80,46,31,67,52,77,147,54,36,67,43,34,80,48,70,147,A,,,,,,,,,,,,,,,,,,,,,,,,,,,,,,,,,,,,,,,,,,,,,,,,,,,,,,,,,,,,,,,,,,,,,,,,,,,,,,,,
421,2026,ATP Masters 1000 Canada,1000,2026-08-02T00:00:00,2026-08-13T00:00:00,Hard,96,9415724,$,MS010,Round of 16,01:29:35,"Game Set and Match Jakub Mensik. 
 Jakub Mensik wins the match  6-4  7-5 .",F,3,M0NI,B. van de Zandschulp,J. Mensik,V812,M0NI,NED,CZE,,13,"Game Set and Match Jakub Mensik. 
 Jakub Mensik wins the match  6-4  7-5 .",J. Mensik,B. van de Zandschulp,13,,CZE,NED,4-6,5-7,,,,01:29:35,317,/en/stats/leaderboard?page=serve,0,6,69,20,29,75,15,20,67,6,9,0,0,0,5,264,/en/stats/leaderboard?page=serve,2,0,63,20,32,65,13,20,58,7,12,50,1,2,5,147,/en/stats/leaderboard?page=return,35,7,20,42,5,12,50,1,2,5,58,/en/stats/leaderboard?page=return,25,5,20,33,3,9,0,0,0,5,72,21,29,38,12,32,54,33,61,63,20,32,28,8,29,46,28,61,272.0,/en/stats/leaderboard?page=serve,2.0,7.0,65.0,22.0,34.0,86.0,19.0,22.0,33.0,4.0,12.0,50.0,1.0,2.0,6.0,235.0,/en/stats/leaderboard?page=serve,0.0,1.0,74.0,25.0,34.0,72.0,18.0,25.0,22.0,2.0,9.0,0.0,0.0,2.0,6.0,239.0,/en/stats/leaderboard?page=return,28.0,7.0,25.0,78.0,7.0,9.0,100.0,2.0,2.0,6.0,147.0,/en/stats/leaderboard?page=return,14.0,3.0,22.0,67.0,8.0,12.0,50.0,1.0,2.0,6.0,68.0,23.0,34.0,41.0,14.0,34.0,54.0,37.0,68.0,59.0,20.0,34.0,32.0,11.0,34.0,46.0,31.0,68.0,,297,/en/stats/leaderboard?page=serve,2,13,67,42,63,81,34,42,48,10,21,50,1,2,11,251,/en/stats/leaderboard?page=serve,2,1,68,45,66,69,31,45,43,9,21,25,1,4,11,70,44,63,39,26,66,54,70,129,61,40,66,30,19,63,46,59,129,B,,,,,,,,,,,,,,,,,,,,,,,,,,,,,,,,,,,,,,,,,,,,,,,,,,,,,,,,,,,,,,,,,,,,,,,,,,,,,,,,
421,2026,ATP Masters 1000 Canada,1000,2026-08-02T00:00:00,2026-08-13T00:00:00,Hard,96,9415724,$,MS011,Round of 16,01:48:30,"Game Set and Match Ben Shelton. 
 Ben Shelton wins the match  6-3  7-6(3).",F,3,S0S1,J. Fonseca,B. Shelton,F0FV,S0S1,BRA,USA,22,5,"Game Set and Match Ben Shelton. 
 Ben Shelton wins the match  6-3  7-6(3).",B. Shelton,J. Fonseca,5,22,USA,BRA,3-6,6-7(3),,,,01:48:30,276,/en/stats/leaderboard?page=serve,1,2,66,19,29,79,15,19,50,5,10,50,1,2,5,204,/en/stats/leaderboard?page=serve,2,0,61,22,36,59,13,22,36,5,14,33,1,3,4,222,/en/stats/leaderboard?page=return,41,9,22,64,9,14,67,2,3,4,141,/en/stats/leaderboard?page=return,21,4,19,50,5,10,50,1,2,5,69,20,29,50,18,36,58,38,65,50,18,36,31,9,29,42,27,65,327.0,/en/stats/leaderboard?page=serve,0.0,3.0,76.0,26.0,34.0,77.0,20.0,26.0,88.0,7.0,8.0,67.0,2.0,3.0,6.0,275.0,/en/stats/leaderboard?page=serve,1.0,0.0,66.0,31.0,47.0,58.0,18.0,31.0,69.0,11.0,16.0,67.0,2.0,3.0,6.0,122.0,/en/stats/leaderboard?page=return,42.0,13.0,31.0,31.0,5.0,16.0,33.0,1.0,3.0,6.0,85.0,/en/stats/leaderboard?page=return,23.0,6.0,26.0,13.0,1.0,8.0,33.0,1.0,3.0,6.0,79.0,27.0,34.0,38.0,18.0,47.0,56.0,45.0,81.0,62.0,29.0,47.0,21.0,7.0,34.0,44.0,36.0,81.0,3.0,301,/en/stats/leaderboard?page=serve,1,5,71,45,63,78,35,45,67,12,18,60,3,5,11,242,/en/stats/leaderboard?page=serve,3,0,64,53,83,58,31,53,53,16,30,50,3,6,10,75,47,63,43,36,83,57,83,146,57,47,83,25,16,63,43,63,146,B,,,,,,,,,,,,,,,,,,,,,,,,,,,,,,,,,,,,,,,,,,,,,,,,,,,,,,,,,,,,,,,,,,,,,,,,,,,,,,,,
421,2026,ATP Masters 1000 Canada,1000,2026-08-02T00:00:00,2026-08-13T00:00:00,Hard,96,9415724,$,MS012,Round of 16,01:14:40,"Game Set and Match Rafael Jodar. 
 Rafael Jodar wins the match  6-3  6-3 .",F,3,J0DZ,J. Lehecka,R. Jodar,L0BV,J0DZ,CZE,ESP,8,20,"Game Set and Match Rafael Jodar. 
 Rafael Jodar wins the match  6-3  6-3 .",R. Jodar,J. Lehecka,20,8,ESP,CZE,3-6,3-6,,,,01:14:40,329,/en/stats/leaderboard?page=serve,0,2,57,13,23,100,13,13,70,7,10,0,0,0,5,249,/en/stats/leaderboard?page=serve,1,1,46,11,24,82,9,11,46,6,13,0,0,1,4,197,/en/stats/leaderboard?page=return,18,2,11,54,7,13,100,1,1,4,30,/en/stats/leaderboard?page=return,0,0,13,30,3,10,0,0,0,5,87,20,23,38,9,24,62,29,47,63,15,24,13,3,23,38,18,47,241.0,/en/stats/leaderboard?page=serve,2.0,0.0,52.0,15.0,29.0,73.0,11.0,15.0,43.0,6.0,14.0,67.0,2.0,3.0,4.0,195.0,/en/stats/leaderboard?page=serve,1.0,2.0,64.0,21.0,33.0,48.0,10.0,21.0,42.0,5.0,12.0,50.0,3.0,6.0,5.0,220.0,/en/stats/leaderboard?page=return,52.0,11.0,21.0,58.0,7.0,12.0,50.0,3.0,6.0,5.0,142.0,/en/stats/leaderboard?page=return,27.0,4.0,15.0,57.0,8.0,14.0,33.0,1.0,3.0,4.0,59.0,17.0,29.0,55.0,18.0,33.0,56.0,35.0,62.0,45.0,15.0,33.0,41.0,12.0,29.0,44.0,27.0,62.0,,282,/en/stats/leaderboard?page=serve,2,2,54,28,52,86,24,28,54,13,24,67,2,3,9,215,/en/stats/leaderboard?page=serve,2,3,56,32,57,59,19,32,44,11,25,43,3,7,9,71,37,52,47,27,57,59,64,109,53,30,57,29,15,52,41,45,109,B,,,,,,,,,,,,,,,,,,,,,,,,,,,,,,,,,,,,,,,,,,,,,,,,,,,,,,,,,,,,,,,,,,,,,,,,,,,,,,,,
421,2026,ATP Masters 1000 Canada,1000,2026-08-02T00:00:00,2026-08-13T00:00:00,Hard,96,9415724,$,MS013,Round of 16,01:43:56,"Game Set and Match Arthur Fils. 
 Arthur Fils wins the match  6-2  7-6(8).",F,3,F0F1,A. Fils,C. Norrie,F0F1,N771,FRA,GBR,18,,"Game Set and Match Arthur Fils. 
 Arthur Fils wins the match  6-2  7-6(8).",A. Fils,C. Norrie,18,,FRA,GBR,6-2,7-6(8),,,,01:43:56,330,/en/stats/leaderboard?page=serve,0,2,71,17,24,71,12,17,86,6,7,100,3,3,4,186,/en/stats/leaderboard?page=serve,1,0,43,9,21,44,4,9,50,6,12,0,0,2,4,256,/en/stats/leaderboard?page=return,56,5,9,50,6,12,100,2,2,4,43,/en/stats/leaderboard?page=return,29,5,17,14,1,7,0,0,3,4,75,18,24,52,11,21,64,29,45,48,10,21,25,6,24,36,16,45,297.0,/en/stats/leaderboard?page=serve,3.0,3.0,65.0,33.0,51.0,82.0,27.0,33.0,50.0,9.0,18.0,100.0,1.0,1.0,6.0,292.0,/en/stats/leaderboard?page=serve,2.0,4.0,62.0,31.0,50.0,81.0,25.0,31.0,47.0,9.0,19.0,100.0,6.0,6.0,6.0,72.0,/en/stats/leaderboard?page=return,19.0,6.0,31.0,53.0,10.0,19.0,0.0,0.0,6.0,6.0,68.0,/en/stats/leaderboard?page=return,18.0,6.0,33.0,50.0,9.0,18.0,0.0,0.0,1.0,6.0,71.0,36.0,51.0,32.0,16.0,50.0,51.0,52.0,101.0,68.0,34.0,50.0,29.0,15.0,51.0,49.0,49.0,101.0,8.0,307,/en/stats/leaderboard?page=serve,3,5,67,50,75,78,39,50,60,15,25,100,4,4,10,258,/en/stats/leaderboard?page=serve,3,4,56,40,71,73,29,40,48,15,31,75,6,8,10,72,54,75,38,27,71,55,81,146,62,44,71,28,21,75,45,65,146,A,,,,,,,,,,,,,,,,,,,,,,,,,,,,,,,,,,,,,,,,,,,,,,,,,,,,,,,,,,,,,,,,,,,,,,,,,,,,,,,,
421,2026,ATP Masters 1000 Canada,1000,2026-08-02T00:00:00,2026-08-13T00:00:00,Hard,96,9415724,$,MS014,Round of 16,02:22:13,"Game Set and Match Luciano Darderi. 
 Luciano Darderi wins the match  4-6  6-3  7-5 .",F,3,D0FJ,N. Borges,L. Darderi,BT72,D0FJ,POR,ITA,,19,"Game Set and Match Luciano Darderi. 
 Luciano Darderi wins the match  4-6  6-3  7-5 .",L. Darderi,N. Borges,19,,ITA,POR,6-4,3-6,5-7,,,02:22:13,271,/en/stats/leaderboard?page=serve,0,0,71,20,28,70,14,20,50,4,8,50,1,2,5,341,/en/stats/leaderboard?page=serve,1,7,74,17,23,94,16,17,67,4,6,0,0,0,5,39,/en/stats/leaderboard?page=return,6,1,17,33,2,6,0,0,0,5,150,/en/stats/leaderboard?page=return,30,6,20,50,4,8,50,1,2,5,64,18,28,13,3,23,41,21,51,87,20,23,36,10,28,59,30,51,290.0,/en/stats/leaderboard?page=serve,0.0,1.0,53.0,18.0,34.0,67.0,12.0,18.0,69.0,11.0,16.0,100.0,1.0,1.0,5.0,252.0,/en/stats/leaderboard?page=serve,1.0,6.0,65.0,20.0,31.0,80.0,16.0,20.0,27.0,3.0,11.0,80.0,4.0,5.0,4.0,138.0,/en/stats/leaderboard?page=return,20.0,4.0,20.0,73.0,8.0,11.0,20.0,1.0,5.0,4.0,64.0,/en/stats/leaderboard?page=return,33.0,6.0,18.0,31.0,5.0,16.0,0.0,0.0,1.0,5.0,68.0,23.0,34.0,39.0,12.0,31.0,54.0,35.0,65.0,61.0,19.0,31.0,32.0,11.0,34.0,46.0,30.0,65.0,,276,/en/stats/leaderboard?page=serve,1,4,60,60,100,73,44,60,53,21,40,71,5,7,16,274,/en/stats/leaderboard?page=serve,6,17,68,62,91,81,50,62,34,10,29,57,4,7,15,65,65,100,34,31,91,50,96,191,66,60,91,35,35,100,50,95,191,B,,231.0,/en/stats/leaderboard?page=serve,4.0,4.0,68.0,25.0,37.0,72.0,18.0,25.0,25.0,3.0,12.0,0.0,0.0,2.0,6.0,263.0,/en/stats/leaderboard?page=serve,1.0,3.0,58.0,22.0,38.0,82.0,18.0,22.0,38.0,6.0,16.0,75.0,3.0,4.0,6.0,122.0,/en/stats/leaderboard?page=return,18.0,4.0,22.0,63.0,10.0,16.0,25.0,1.0,4.0,6.0,236.0,/en/stats/leaderboard?page=return,28.0,7.0,25.0,75.0,9.0,12.0,100.0,2.0,2.0,6.0,57.0,21.0,37.0,37.0,14.0,38.0,47.0,35.0,75.0,63.0,24.0,38.0,43.0,16.0,37.0,53.0,40.0,75.0,,,
421,2026,ATP Masters 1000 Canada,1000,2026-08-02T00:00:00,2026-08-13T00:00:00,Hard,96,9415724,$,MS015,Round of 16,02:51:32,"Game Set and Match Brandon Nakashima. 
 Brandon Nakashima wins the match  7-6(4) 5-7  7-5 .",F,3,N0AE,A. Rinderknech,B. Nakashima,RC91,N0AE,FRA,USA,23,28,"Game Set and Match Brandon Nakashima. 
 Brandon Nakashima wins the match  7-6(4) 5-7  7-5 .",B. Nakashima,A. Rinderknech,28,23,USA,FRA,6-7(4),7-5,5-7,,,02:51:32,274,/en/stats/leaderboard?page=serve,0,5,71,25,35,72,18,25,60,6,10,0,0,2,6,246,/en/stats/leaderboard?page=serve,2,9,61,28,46,68,19,28,44,8,18,67,4,6,6,154,/en/stats/leaderboard?page=return,32,9,28,56,10,18,33,2,6,6,201,/en/stats/leaderboard?page=return,28,7,25,40,4,10,100,2,2,6,69,24,35,41,19,46,53,43,81,59,27,46,31,11,35,47,38,81,270.0,/en/stats/leaderboard?page=serve,0.0,7.0,57.0,20.0,35.0,70.0,14.0,20.0,53.0,8.0,15.0,0.0,0.0,1.0,6.0,298.0,/en/stats/leaderboard?page=serve,2.0,2.0,62.0,21.0,34.0,90.0,19.0,21.0,46.0,6.0,13.0,100.0,1.0,1.0,6.0,64.0,/en/stats/leaderboard?page=return,10.0,2.0,21.0,54.0,7.0,13.0,0.0,0.0,1.0,6.0,193.0,/en/stats/leaderboard?page=return,30.0,6.0,20.0,47.0,7.0,15.0,100.0,1.0,1.0,6.0,63.0,22.0,35.0,26.0,9.0,34.0,45.0,31.0,69.0,74.0,25.0,34.0,37.0,13.0,35.0,55.0,38.0,69.0,,290,/en/stats/leaderboard?page=serve,2,16,64,69,107,74,51,69,55,21,38,40,2,5,18,282,/en/stats/leaderboard?page=serve,6,17,65,74,114,80,59,74,43,17,40,67,6,9,18,67,72,107,33,38,114,50,110,221,67,76,114,33,35,107,50,111,221,B,4.0,278.0,/en/stats/leaderboard?page=serve,2.0,6.0,74.0,25.0,34.0,84.0,21.0,25.0,33.0,3.0,9.0,50.0,1.0,2.0,6.0,300.0,/en/stats/leaderboard?page=serve,2.0,4.0,65.0,24.0,37.0,79.0,19.0,24.0,54.0,7.0,13.0,100.0,2.0,2.0,6.0,67.0,/en/stats/leaderboard?page=return,21.0,5.0,24.0,46.0,6.0,13.0,0.0,0.0,2.0,6.0,149.0,/en/stats/leaderboard?page=return,16.0,4.0,25.0,67.0,6.0,9.0,50.0,1.0,2.0,6.0,71.0,24.0,34.0,30.0,11.0,37.0,49.0,35.0,71.0,70.0,26.0,37.0,29.0,10.0,34.0,51.0,36.0,71.0,,,
421,2026,ATP Masters 1000 Canada,1000,2026-08-02T00:00:00,2026-08-13T00:00:00,Hard,96,9415724,$,MS016,Round of 32,02:13:06,"Game Set and Match Tallon Griekspoor. 
 Tallon Griekspoor wins the match  3-6  6-4  6-3 .",F,3,GJ37,T. Griekspoor,M. Arnaldi,GJ37,A0FC,NED,ITA,,30,"Game Set and Match Tallon Griekspoor. 
 Tallon Griekspoor wins the match  3-6  6-4  6-3 .",T. Griekspoor,M. Arnaldi,,30,NED,ITA,3-6,6-4,6-3,,,02:13:06,223,/en/stats/leaderboard?page=serve,2,2,55,17,31,65,11,17,43,6,14,33,1,3,5,302,/en/stats/leaderboard?page=serve,1,2,43,9,21,100,9,9,58,7,12,0,0,0,4,42,/en/stats/leaderboard?page=return,0,0,9,42,5,12,0,0,0,4,199,/en/stats/leaderboard?page=return,35,6,17,57,8,14,67,2,3,5,55,17,31,24,5,21,42,22,52,76,16,21,45,14,31,58,30,52,290.0,/en/stats/leaderboard?page=serve,1.0,1.0,63.0,15.0,24.0,80.0,12.0,15.0,67.0,6.0,9.0,0.0,0.0,1.0,5.0,230.0,/en/stats/leaderboard?page=serve,1.0,4.0,64.0,16.0,25.0,81.0,13.0,16.0,22.0,2.0,9.0,0.0,0.0,2.0,5.0,237.0,/en/stats/leaderboard?page=return,19.0,3.0,16.0,78.0,7.0,9.0,100.0,2.0,2.0,5.0,173.0,/en/stats/leaderboard?page=return,20.0,3.0,15.0,33.0,3.0,9.0,100.0,1.0,1.0,5.0,75.0,18.0,24.0,40.0,10.0,25.0,57.0,28.0,49.0,60.0,15.0,25.0,25.0,6.0,24.0,43.0,21.0,49.0,,250,/en/stats/leaderboard?page=serve,5,4,56,43,77,74,32,43,50,17,34,20,1,5,14,243,/en/stats/leaderboard?page=serve,4,10,53,40,76,78,31,40,42,15,36,44,4,9,14,64,49,77,39,30,76,52,79,153,61,46,76,36,28,77,48,74,153,A,,192.0,/en/stats/leaderboard?page=serve,2.0,4.0,50.0,15.0,30.0,60.0,9.0,15.0,40.0,6.0,15.0,57.0,4.0,7.0,5.0,251.0,/en/stats/leaderboard?page=serve,2.0,1.0,50.0,11.0,22.0,82.0,9.0,11.0,45.0,5.0,11.0,0.0,0.0,1.0,4.0,198.0,/en/stats/leaderboard?page=return,18.0,2.0,11.0,55.0,6.0,11.0,100.0,1.0,1.0,4.0,203.0,/en/stats/leaderboard?page=return,40.0,6.0,15.0,60.0,9.0,15.0,43.0,3.0,7.0,5.0,50.0,15.0,30.0,36.0,8.0,22.0,44.0,23.0,52.0,64.0,14.0,22.0,50.0,15.0,30.0,56.0,29.0,52.0,,,
421,2026,ATP Masters 1000 Canada,1000,2026-08-02T00:00:00,2026-08-13T00:00:00,Hard,96,9415724,$,MS017,Round of 32,02:13:32,"Game Set and Match Daniel Merida. 
 Daniel Merida wins the match  6-4 6-7(4) 6-1 .",F,3,M0N7,D. Merida,A. Michelsen,M0N7,M0QI,ESP,USA,,,"Game Set and Match Daniel Merida. 
 Daniel Merida wins the match  6-4 6-7(4) 6-1 .",D. Merida,A. Michelsen,,,ESP,USA,6-4,6-7(4),6-1,,,02:13:32,332,/en/stats/leaderboard?page=serve,0,2,67,16,24,88,14,16,75,6,8,0,0,0,5,269,/en/stats/leaderboard?page=serve,0,1,60,18,30,78,14,18,50,6,12,75,3,4,5,117,/en/stats/leaderboard?page=return,22,4,18,50,6,12,25,1,4,5,38,/en/stats/leaderboard?page=return,13,2,16,25,2,8,0,0,0,5,83,20,24,33,10,30,56,30,54,67,20,30,17,4,24,44,24,54,217.0,/en/stats/leaderboard?page=serve,1.0,1.0,52.0,22.0,42.0,64.0,14.0,22.0,35.0,7.0,20.0,50.0,2.0,4.0,6.0,227.0,/en/stats/leaderboard?page=serve,2.0,1.0,63.0,31.0,49.0,71.0,22.0,31.0,28.0,5.0,18.0,60.0,3.0,5.0,6.0,174.0,/en/stats/leaderboard?page=return,29.0,9.0,31.0,72.0,13.0,18.0,40.0,2.0,5.0,6.0,184.0,/en/stats/leaderboard?page=return,36.0,8.0,22.0,65.0,13.0,20.0,50.0,2.0,4.0,6.0,50.0,21.0,42.0,45.0,22.0,49.0,47.0,43.0,91.0,55.0,27.0,49.0,50.0,21.0,42.0,53.0,48.0,91.0,,270,/en/stats/leaderboard?page=serve,3,6,59,55,93,80,44,55,42,16,38,67,4,6,15,229,/en/stats/leaderboard?page=serve,3,2,61,59,97,71,42,59,34,13,38,58,7,12,14,65,60,93,43,42,97,54,102,190,57,55,97,35,33,93,46,88,190,A,,173.0,/en/stats/leaderboard?page=serve,1.0,0.0,56.0,10.0,18.0,60.0,6.0,10.0,25.0,2.0,8.0,33.0,1.0,3.0,3.0,288.0,/en/stats/leaderboard?page=serve,2.0,3.0,63.0,17.0,27.0,94.0,16.0,17.0,30.0,3.0,10.0,100.0,2.0,2.0,4.0,76.0,/en/stats/leaderboard?page=return,6.0,1.0,17.0,70.0,7.0,10.0,0.0,0.0,2.0,4.0,248.0,/en/stats/leaderboard?page=return,40.0,4.0,10.0,75.0,6.0,8.0,67.0,2.0,3.0,3.0,44.0,8.0,18.0,30.0,8.0,27.0,36.0,16.0,45.0,70.0,19.0,27.0,56.0,10.0,18.0,64.0,29.0,45.0,4.0,,
421,2026,ATP Masters 1000 Canada,1000,2026-08-02T00:00:00,2026-08-13T00:00:00,Hard,96,9415724,$,MS018,Round of 32,01:18:50,"Game Set and Match Learner Tien. 
 Learner Tien wins the match  6-3  6-2 .",F,3,T0HA,L. Tien,T. Paul,T0HA,PL56,USA,USA,12,17,"Game Set and Match Learner Tien. 
 Learner Tien wins the match  6-3  6-2 .",L. Tien,T. Paul,12,17,USA,USA,6-3,6-2,,,,01:18:50,303,/en/stats/leaderboard?page=serve,1,0,66,19,29,68,13,19,70,7,10,100,3,3,4,260,/en/stats/leaderboard?page=serve,1,2,67,16,24,69,11,16,63,5,8,33,1,3,5,176,/en/stats/leaderboard?page=return,31,5,16,38,3,8,67,2,3,5,62,/en/stats/leaderboard?page=return,32,6,19,30,3,10,0,0,3,4,69,20,29,33,8,24,53,28,53,67,16,24,31,9,29,47,25,53,189.0,/en/stats/leaderboard?page=serve,2.0,0.0,69.0,18.0,26.0,72.0,13.0,18.0,0.0,0.0,8.0,0.0,0.0,2.0,4.0,128.0,/en/stats/leaderboard?page=serve,0.0,2.0,53.0,16.0,30.0,44.0,7.0,16.0,29.0,4.0,14.0,56.0,5.0,9.0,4.0,271.0,/en/stats/leaderboard?page=return,56.0,9.0,16.0,71.0,10.0,14.0,44.0,4.0,9.0,4.0,278.0,/en/stats/leaderboard?page=return,28.0,5.0,18.0,100.0,8.0,8.0,100.0,2.0,2.0,4.0,50.0,13.0,26.0,63.0,19.0,30.0,57.0,32.0,56.0,37.0,11.0,30.0,50.0,13.0,26.0,43.0,24.0,56.0,,248,/en/stats/leaderboard?page=serve,3,0,67,37,55,70,26,37,39,7,18,60,3,5,8,192,/en/stats/leaderboard?page=serve,1,4,59,32,54,56,18,32,41,9,22,50,6,12,9,60,33,55,50,27,54,55,60,109,50,27,54,40,22,55,45,49,109,A,,,,,,,,,,,,,,,,,,,,,,,,,,,,,,,,,,,,,,,,,,,,,,,,,,,,,,,,,,,,,,,,,,,,,,,,,,,,,,,,
421,2026,ATP Masters 1000 Canada,1000,2026-08-02T00:00:00,2026-08-13T00:00:00,Hard,96,9415724,$,MS019,Round of 32,01:16:11,"Game Set and Match Thiago Agustin Tirante. 
 Thiago Agustin Tirante wins the match  6-3  6-4 .",F,3,T0A1,A. Popyrin,T. Tirante,P09Z,T0A1,AUS,ARG,,,"Game Set and Match Thiago Agustin Tirante. 
 Thiago Agustin Tirante wins the match  6-3  6-4 .",T. Tirante,A. Popyrin,,,ARG,AUS,3-6,4-6,,,,01:16:11,298,/en/stats/leaderboard?page=serve,1,4,42,11,26,73,8,11,80,12,15,0,0,0,5,257,/en/stats/leaderboard?page=serve,1,2,63,19,30,63,12,19,55,6,11,50,1,2,4,157,/en/stats/leaderboard?page=return,37,7,19,45,5,11,50,1,2,4,47,/en/stats/leaderboard?page=return,27,3,11,20,3,15,0,0,0,5,77,20,26,40,12,30,57,32,56,60,18,30,23,6,26,43,24,56,323.0,/en/stats/leaderboard?page=serve,1.0,5.0,64.0,16.0,25.0,88.0,14.0,16.0,67.0,6.0,9.0,0.0,0.0,0.0,5.0,268.0,/en/stats/leaderboard?page=serve,1.0,1.0,50.0,13.0,26.0,69.0,9.0,13.0,69.0,9.0,13.0,0.0,0.0,1.0,5.0,182.0,/en/stats/leaderboard?page=return,31.0,4.0,13.0,31.0,4.0,13.0,100.0,1.0,1.0,5.0,46.0,/en/stats/leaderboard?page=return,13.0,2.0,16.0,33.0,3.0,9.0,0.0,0.0,0.0,5.0,80.0,20.0,25.0,31.0,8.0,26.0,55.0,28.0,51.0,69.0,18.0,26.0,20.0,5.0,25.0,45.0,23.0,51.0,,316,/en/stats/leaderboard?page=serve,2,9,53,27,51,81,22,27,75,18,24,0,0,0,10,264,/en/stats/leaderboard?page=serve,2,3,57,32,56,66,21,32,63,15,24,33,1,3,9,78,40,51,36,20,56,56,60,107,64,36,56,22,11,51,44,47,107,B,,,,,,,,,,,,,,,,,,,,,,,,,,,,,,,,,,,,,,,,,,,,,,,,,,,,,,,,,,,,,,,,,,,,,,,,,,,,,,,,
421,2026,ATP Masters 1000 Canada,1000,2026-08-02T00:00:00,2026-08-13T00:00:00,Hard,96,9415724,$,MS020,Round of 32,02:44:48,"Game Set and Match Botic van de Zandschulp. 
 Botic van de Zandschulp wins the match  3-6  7-6(4) 7-5 .",F,3,V812,B. van de Zandschulp,H. Hurkacz,V812,HB71,NED,POL,,,"Game Set and Match Botic van de Zandschulp. 
 Botic van de Zandschulp wins the match  3-6  7-6(4) 7-5 .",B. van de Zandschulp,H. Hurkacz,,,NED,POL,3-6,7-6(4),7-5,,,02:44:48,237,/en/stats/leaderboard?page=serve,1,1,48,11,23,64,7,11,50,6,12,50,1,2,4,335,/en/stats/leaderboard?page=serve,0,5,71,17,24,88,15,17,71,5,7,0,0,0,5,41,/en/stats/leaderboard?page=return,12,2,17,29,2,7,0,0,0,5,161,/en/stats/leaderboard?page=return,36,4,11,50,6,12,50,1,2,4,57,13,23,17,4,24,36,17,47,83,20,24,43,10,23,64,30,47,244.0,/en/stats/leaderboard?page=serve,1.0,0.0,57.0,20.0,35.0,55.0,11.0,20.0,67.0,10.0,15.0,0.0,0.0,2.0,6.0,231.0,/en/stats/leaderboard?page=serve,5.0,4.0,55.0,23.0,42.0,74.0,17.0,23.0,37.0,7.0,19.0,50.0,2.0,4.0,6.0,172.0,/en/stats/leaderboard?page=return,26.0,6.0,23.0,63.0,12.0,19.0,50.0,2.0,4.0,6.0,211.0,/en/stats/leaderboard?page=return,45.0,9.0,20.0,33.0,5.0,15.0,100.0,2.0,2.0,6.0,60.0,21.0,35.0,43.0,18.0,42.0,51.0,39.0,77.0,57.0,24.0,42.0,40.0,14.0,35.0,49.0,38.0,77.0,4.0,263,/en/stats/leaderboard?page=serve,5,4,59,58,98,66,38,58,58,23,40,40,2,5,16,260,/en/stats/leaderboard?page=serve,10,10,57,65,114,78,51,65,43,21,49,63,5,8,17,62,61,98,37,42,114,49,103,212,63,72,114,38,37,98,51,109,212,A,,246.0,/en/stats/leaderboard?page=serve,5.0,1.0,52.0,25.0,48.0,76.0,19.0,25.0,39.0,9.0,23.0,75.0,3.0,4.0,6.0,296.0,/en/stats/leaderboard?page=serve,3.0,3.0,68.0,27.0,40.0,74.0,20.0,27.0,54.0,7.0,13.0,100.0,1.0,1.0,6.0,72.0,/en/stats/leaderboard?page=return,26.0,7.0,27.0,46.0,6.0,13.0,0.0,0.0,1.0,6.0,126.0,/en/stats/leaderboard?page=return,24.0,6.0,25.0,61.0,14.0,23.0,25.0,1.0,4.0,6.0,58.0,28.0,48.0,33.0,13.0,40.0,47.0,41.0,88.0,68.0,27.0,40.0,42.0,20.0,48.0,53.0,47.0,88.0,,,
421,2026,ATP Masters 1000 Canada,1000,2026-08-02T00:00:00,2026-08-13T00:00:00,Hard,96,9415724,$,MS021,Round of 32,01:41:22,"Game Set and Match Jakub Mensik. 
 Jakub Mensik wins the match  7-5  6-4 .",F,3,M0NI,T. Atmane,J. Mensik,A0GC,M0NI,FRA,CZE,,13,"Game Set and Match Jakub Mensik. 
 Jakub Mensik wins the match  7-5  6-4 .",J. Mensik,T. Atmane,13,,CZE,FRA,5-7,4-6,,,,01:41:22,306,/en/stats/leaderboard?page=serve,1,1,58,18,31,94,17,18,54,7,13,0,0,0,6,286,/en/stats/leaderboard?page=serve,2,7,74,23,31,74,17,23,50,4,8,0,0,1,6,192,/en/stats/leaderboard?page=return,26,6,23,50,4,8,100,1,1,6,52,/en/stats/leaderboard?page=return,6,1,18,46,6,13,0,0,0,6,77,24,31,32,10,31,55,34,62,68,21,31,23,7,31,45,28,62,281.0,/en/stats/leaderboard?page=serve,1.0,2.0,69.0,25.0,36.0,84.0,21.0,25.0,27.0,3.0,11.0,100.0,1.0,1.0,5.0,244.0,/en/stats/leaderboard?page=serve,3.0,4.0,51.0,20.0,39.0,80.0,16.0,20.0,32.0,6.0,19.0,89.0,8.0,9.0,5.0,119.0,/en/stats/leaderboard?page=return,20.0,4.0,20.0,68.0,13.0,19.0,11.0,1.0,9.0,5.0,89.0,/en/stats/leaderboard?page=return,16.0,4.0,25.0,73.0,8.0,11.0,0.0,0.0,1.0,5.0,67.0,24.0,36.0,44.0,17.0,39.0,55.0,41.0,75.0,56.0,22.0,39.0,33.0,12.0,36.0,45.0,34.0,75.0,,295,/en/stats/leaderboard?page=serve,2,3,64,43,67,88,38,43,42,10,24,100,1,1,11,262,/en/stats/leaderboard?page=serve,5,11,61,43,70,77,33,43,37,10,27,80,8,10,11,72,48,67,39,27,70,55,75,137,61,43,70,28,19,67,45,62,137,B,,,,,,,,,,,,,,,,,,,,,,,,,,,,,,,,,,,,,,,,,,,,,,,,,,,,,,,,,,,,,,,,,,,,,,,,,,,,,,,,
421,2026,ATP Masters 1000 Canada,1000,2026-08-02T00:00:00,2026-08-13T00:00:00,Hard,96,9415724,$,MS022,Round of 32,01:54:53,"Game Set and Match Joao Fonseca. 
 Joao Fonseca wins the match  7-6(6) 6-3 .",F,3,F0FV,C. Ruud,J. Fonseca,RH16,F0FV,NOR,BRA,9,22,"Game Set and Match Joao Fonseca. 
 Joao Fonseca wins the match  7-6(6) 6-3 .",J. Fonseca,C. Ruud,22,9,BRA,NOR,6-7(6),3-6,,,,01:54:53,266,/en/stats/leaderboard?page=serve,2,3,60,28,47,75,21,28,47,9,19,86,6,7,6,267,/en/stats/leaderboard?page=serve,5,2,61,25,41,76,19,25,50,8,16,0,0,1,6,190,/en/stats/leaderboard?page=return,24,6,25,50,8,16,100,1,1,6,108,/en/stats/leaderboard?page=return,25,7,28,53,10,19,14,1,7,6,64,30,47,34,14,41,50,44,88,66,27,41,36,17,47,50,44,88,308.0,/en/stats/leaderboard?page=serve,0.0,2.0,71.0,22.0,31.0,68.0,15.0,22.0,67.0,6.0,9.0,0.0,0.0,0.0,5.0,241.0,/en/stats/leaderboard?page=serve,2.0,1.0,50.0,12.0,24.0,50.0,6.0,12.0,67.0,8.0,12.0,50.0,1.0,2.0,4.0,158.0,/en/stats/leaderboard?page=return,50.0,6.0,12.0,33.0,4.0,12.0,50.0,1.0,2.0,4.0,65.0,/en/stats/leaderboard?page=return,32.0,7.0,22.0,33.0,3.0,9.0,0.0,0.0,0.0,5.0,68.0,21.0,31.0,42.0,10.0,24.0,56.0,31.0,55.0,58.0,14.0,24.0,32.0,10.0,31.0,44.0,24.0,55.0,,283,/en/stats/leaderboard?page=serve,2,5,64,50,78,72,36,50,54,15,28,86,6,7,11,258,/en/stats/leaderboard?page=serve,7,3,57,37,65,68,25,37,57,16,28,33,1,3,10,65,51,78,37,24,65,52,75,143,63,41,65,35,27,78,48,68,143,B,6.0,,,,,,,,,,,,,,,,,,,,,,,,,,,,,,,,,,,,,,,,,,,,,,,,,,,,,,,,,,,,,,,,,,,,,,,,,,,,,,,
421,2026,ATP Masters 1000 Canada,1000,2026-08-02T00:00:00,2026-08-13T00:00:00,Hard,96,9415724,$,MS023,Round of 32,01:04:42,"Game Set and Match Ben Shelton. 
 Ben Shelton wins the match  6-3  6-2 .",F,3,S0S1,Z. Bergs,B. Shelton,BU13,S0S1,BEL,USA,31,5,"Game Set and Match Ben Shelton. 
 Ben Shelton wins the match  6-3  6-2 .",B. Shelton,Z. Bergs,5,31,USA,BEL,3-6,2-6,,,,01:04:42,317,/en/stats/leaderboard?page=serve,0,5,67,18,27,78,14,18,67,6,9,0,0,0,5,262,/en/stats/leaderboard?page=serve,3,3,45,10,22,100,10,10,42,5,12,67,2,3,4,116,/en/stats/leaderboard?page=return,0,0,10,58,7,12,33,1,3,4,55,/en/stats/leaderboard?page=return,22,4,18,33,3,9,0,0,0,5,74,20,27,32,7,22,55,27,49,68,15,22,26,7,27,45,22,49,378.0,/en/stats/leaderboard?page=serve,0.0,3.0,75.0,12.0,16.0,100.0,12.0,12.0,100.0,4.0,4.0,0.0,0.0,0.0,4.0,216.0,/en/stats/leaderboard?page=serve,1.0,2.0,45.0,10.0,22.0,70.0,7.0,10.0,50.0,6.0,12.0,0.0,0.0,2.0,4.0,230.0,/en/stats/leaderboard?page=return,30.0,3.0,10.0,50.0,6.0,12.0,100.0,2.0,2.0,4.0,0.0,/en/stats/leaderboard?page=return,0.0,0.0,12.0,0.0,0.0,4.0,0.0,0.0,0.0,4.0,100.0,16.0,16.0,41.0,9.0,22.0,66.0,25.0,38.0,59.0,13.0,22.0,0.0,0.0,16.0,34.0,13.0,38.0,,342,/en/stats/leaderboard?page=serve,0,8,70,30,43,87,26,30,77,10,13,0,0,0,9,239,/en/stats/leaderboard?page=serve,4,5,45,20,44,85,17,20,46,11,24,40,2,5,8,84,36,43,36,16,44,60,52,87,64,28,44,16,7,43,40,35,87,B,,,,,,,,,,,,,,,,,,,,,,,,,,,,,,,,,,,,,,,,,,,,,,,,,,,,,,,,,,,,,,,,,,,,,,,,,,,,,,,,
421,2026,ATP Masters 1000 Canada,1000,2026-08-02T00:00:00,2026-08-13T00:00:00,Hard,96,9415724,$,MS024,Round of 32,01:29:36,"Game Set and Match Jiri Lehecka. 
 Jiri Lehecka wins the match  6-3  6-4 .",F,3,L0BV,J. Lehecka,A. Blockx,L0BV,B0PG,CZE,BEL,8,27,"Game Set and Match Jiri Lehecka. 
 Jiri Lehecka wins the match  6-3  6-4 .",J. Lehecka,A. Blockx,8,27,CZE,BEL,6-3,6-4,,,,01:29:36,307,/en/stats/leaderboard?page=serve,1,1,54,14,26,86,12,14,67,8,12,0,0,0,5,243,/en/stats/leaderboard?page=serve,4,6,55,16,29,88,14,16,23,3,13,67,2,3,4,148,/en/stats/leaderboard?page=return,13,2,16,77,10,13,33,1,3,4,47,/en/stats/leaderboard?page=return,14,2,14,33,4,12,0,0,0,5,77,20,26,41,12,29,58,32,55,59,17,29,23,6,26,42,23,55,295.0,/en/stats/leaderboard?page=serve,1.0,1.0,57.0,16.0,28.0,88.0,14.0,16.0,50.0,6.0,12.0,0.0,0.0,0.0,5.0,250.0,/en/stats/leaderboard?page=serve,3.0,4.0,52.0,23.0,44.0,65.0,15.0,23.0,52.0,11.0,21.0,75.0,3.0,4.0,5.0,128.0,/en/stats/leaderboard?page=return,35.0,8.0,23.0,48.0,10.0,21.0,25.0,1.0,4.0,5.0,63.0,/en/stats/leaderboard?page=return,13.0,2.0,16.0,50.0,6.0,12.0,0.0,0.0,0.0,5.0,71.0,20.0,28.0,41.0,18.0,44.0,53.0,38.0,72.0,59.0,26.0,44.0,29.0,8.0,28.0,47.0,34.0,72.0,,301,/en/stats/leaderboard?page=serve,2,2,56,30,54,87,26,30,58,14,24,0,0,0,10,248,/en/stats/leaderboard?page=serve,7,10,53,39,73,74,29,39,41,14,34,71,5,7,9,74,40,54,41,30,73,55,70,127,59,43,73,26,14,54,45,57,127,A,,,,,,,,,,,,,,,,,,,,,,,,,,,,,,,,,,,,,,,,,,,,,,,,,,,,,,,,,,,,,,,,,,,,,,,,,,,,,,,,
421,2026,ATP Masters 1000 Canada,1000,2026-08-02T00:00:00,2026-08-13T00:00:00,Hard,96,9415724,$,MS025,Round of 32,01:35:07,"Game Set and Match Rafael Jodar. 
 Rafael Jodar wins the match  6-4  6-3 .",F,3,J0DZ,R. Jodar,L. Musetti,J0DZ,M0EJ,ESP,ITA,20,11,"Game Set and Match Rafael Jodar. 
 Rafael Jodar wins the match  6-4  6-3 .",R. Jodar,L. Musetti,20,11,ESP,ITA,6-4,6-3,,,,01:35:07,266,/en/stats/leaderboard?page=serve,1,0,67,20,30,80,16,20,40,4,10,67,2,3,5,214,/en/stats/leaderboard?page=serve,3,1,56,22,39,59,13,22,41,7,17,60,3,5,5,180,/en/stats/leaderboard?page=return,41,9,22,59,10,17,40,2,5,5,133,/en/stats/leaderboard?page=return,20,4,20,60,6,10,33,1,3,5,67,20,30,49,19,39,57,39,69,51,20,39,33,10,30,43,30,69,192.0,/en/stats/leaderboard?page=serve,1.0,0.0,82.0,18.0,22.0,61.0,11.0,18.0,0.0,0.0,4.0,0.0,0.0,2.0,4.0,152.0,/en/stats/leaderboard?page=serve,1.0,0.0,66.0,19.0,29.0,37.0,7.0,19.0,30.0,3.0,10.0,33.0,2.0,6.0,5.0,280.0,/en/stats/leaderboard?page=return,63.0,12.0,19.0,70.0,7.0,10.0,67.0,4.0,6.0,5.0,289.0,/en/stats/leaderboard?page=return,39.0,7.0,18.0,100.0,4.0,4.0,100.0,2.0,2.0,4.0,50.0,11.0,22.0,66.0,19.0,29.0,59.0,30.0,51.0,34.0,10.0,29.0,50.0,11.0,22.0,41.0,21.0,51.0,,237,/en/stats/leaderboard?page=serve,2,0,73,38,52,71,27,38,29,4,14,40,2,5,9,183,/en/stats/leaderboard?page=serve,4,1,60,41,68,49,20,41,37,10,27,45,5,11,10,60,31,52,56,38,68,58,69,120,44,30,68,40,21,52,43,51,120,A,,,,,,,,,,,,,,,,,,,,,,,,,,,,,,,,,,,,,,,,,,,,,,,,,,,,,,,,,,,,,,,,,,,,,,,,,,,,,,,,
421,2026,ATP Masters 1000 Canada,1000,2026-08-02T00:00:00,2026-08-13T00:00:00,Hard,96,9415724,$,MS026,Round of 32,01:19:37,"Game Set and Match Arthur Fils. 
 Arthur Fils wins the match  6-3  6-2 .",F,3,F0F1,M. Navone,A. Fils,N0BS,F0F1,ARG,FRA,,18,"Game Set and Match Arthur Fils. 
 Arthur Fils wins the match  6-3  6-2 .",A. Fils,M. Navone,18,,FRA,ARG,3-6,2-6,,,,01:19:37,299,/en/stats/leaderboard?page=serve,1,2,64,18,28,94,17,18,40,4,10,0,0,0,5,249,/en/stats/leaderboard?page=serve,1,0,71,27,38,59,16,27,45,5,11,75,3,4,4,146,/en/stats/leaderboard?page=return,41,11,27,55,6,11,25,1,4,4,66,/en/stats/leaderboard?page=return,6,1,18,60,6,10,0,0,0,5,75,21,28,45,17,38,58,38,66,55,21,38,25,7,28,42,28,66,326.0,/en/stats/leaderboard?page=serve,0.0,2.0,67.0,14.0,21.0,86.0,12.0,14.0,71.0,5.0,7.0,0.0,0.0,0.0,4.0,226.0,/en/stats/leaderboard?page=serve,1.0,1.0,64.0,16.0,25.0,56.0,9.0,16.0,56.0,5.0,9.0,33.0,1.0,3.0,4.0,205.0,/en/stats/leaderboard?page=return,44.0,7.0,16.0,44.0,4.0,9.0,67.0,2.0,3.0,4.0,43.0,/en/stats/leaderboard?page=return,14.0,2.0,14.0,29.0,2.0,7.0,0.0,0.0,0.0,4.0,81.0,17.0,21.0,44.0,11.0,25.0,61.0,28.0,46.0,56.0,14.0,25.0,19.0,4.0,21.0,39.0,18.0,46.0,,312,/en/stats/leaderboard?page=serve,1,4,65,32,49,91,29,32,53,9,17,0,0,0,9,237,/en/stats/leaderboard?page=serve,2,1,68,43,63,58,25,43,50,10,20,57,4,7,8,78,38,49,44,28,63,59,66,112,56,35,63,22,11,49,41,46,112,B,,,,,,,,,,,,,,,,,,,,,,,,,,,,,,,,,,,,,,,,,,,,,,,,,,,,,,,,,,,,,,,,,,,,,,,,,,,,,,,,
421,2026,ATP Masters 1000 Canada,1000,2026-08-02T00:00:00,2026-08-13T00:00:00,Hard,96,9415724,$,MS027,Round of 32,02:52:55,"Game Set and Match Cameron Norrie. 
 Cameron Norrie wins the match  5-7  7-6(5) 6-1 .",F,3,N771,C. Norrie,A. de Minaur,N771,DH58,GBR,AUS,,3,"Game Set and Match Cameron Norrie. 
 Cameron Norrie wins the match  5-7  7-6(5) 6-1 .",C. Norrie,A. de Minaur,,3,GBR,AUS,5-7,7-6(5),6-1,,,02:52:55,207,/en/stats/leaderboard?page=serve,1,4,56,25,45,68,17,25,30,6,20,50,3,6,6,235,/en/stats/leaderboard?page=serve,1,1,46,16,35,81,13,16,42,8,19,0,0,2,6,210,/en/stats/leaderboard?page=return,19,3,16,58,11,19,100,2,2,6,202,/en/stats/leaderboard?page=return,32,8,25,70,14,20,50,3,6,6,51,23,45,40,14,35,46,37,80,60,21,35,49,22,45,54,43,80,229.0,/en/stats/leaderboard?page=serve,1.0,0.0,45.0,20.0,44.0,65.0,13.0,20.0,54.0,13.0,24.0,33.0,1.0,3.0,6.0,229.0,/en/stats/leaderboard?page=serve,2.0,1.0,56.0,25.0,45.0,68.0,17.0,25.0,40.0,8.0,20.0,60.0,3.0,5.0,6.0,165.0,/en/stats/leaderboard?page=return,32.0,8.0,25.0,60.0,12.0,20.0,40.0,2.0,5.0,6.0,181.0,/en/stats/leaderboard?page=return,35.0,7.0,20.0,46.0,11.0,24.0,67.0,2.0,3.0,6.0,59.0,26.0,44.0,44.0,20.0,45.0,52.0,46.0,89.0,56.0,25.0,45.0,41.0,18.0,44.0,48.0,43.0,89.0,5.0,234,/en/stats/leaderboard?page=serve,3,7,53,59,111,69,41,59,42,22,52,62,8,13,15,211,/en/stats/leaderboard?page=serve,5,3,52,53,102,68,36,53,37,18,49,30,3,10,16,57,63,111,47,48,102,52,111,213,53,54,102,43,48,111,48,102,213,A,,149.0,/en/stats/leaderboard?page=serve,2.0,1.0,55.0,12.0,22.0,50.0,6.0,12.0,20.0,2.0,10.0,0.0,0.0,3.0,4.0,283.0,/en/stats/leaderboard?page=serve,1.0,3.0,64.0,14.0,22.0,79.0,11.0,14.0,38.0,3.0,8.0,100.0,4.0,4.0,3.0,84.0,/en/stats/leaderboard?page=return,21.0,3.0,14.0,63.0,5.0,8.0,0.0,0.0,4.0,3.0,305.0,/en/stats/leaderboard?page=return,50.0,6.0,12.0,80.0,8.0,10.0,100.0,3.0,3.0,4.0,36.0,8.0,22.0,36.0,8.0,22.0,36.0,16.0,44.0,64.0,14.0,22.0,64.0,14.0,22.0,64.0,28.0,44.0,,,
421,2026,ATP Masters 1000 Canada,1000,2026-08-02T00:00:00,2026-08-13T00:00:00,Hard,96,9415724,$,MS028,Round of 32,01:13:36,"Game Set and Match Nuno Borges. 
 Nuno Borges wins the match  6-4  6-2 .",F,3,BT72,Y. Hanfmann,N. Borges,H997,BT72,GER,POR,,,"Game Set and Match Nuno Borges. 
 Nuno Borges wins the match  6-4  6-2 .",N. Borges,Y. Hanfmann,,,POR,GER,4-6,2-6,,,,01:13:36,287,/en/stats/leaderboard?page=serve,2,0,52,15,29,80,12,15,57,8,14,0,0,0,5,251,/en/stats/leaderboard?page=serve,1,7,59,22,37,86,19,22,20,3,15,67,2,3,5,147,/en/stats/leaderboard?page=return,14,3,22,80,12,15,33,1,3,5,63,/en/stats/leaderboard?page=return,20,3,15,43,6,14,0,0,0,5,69,20,29,41,15,37,53,35,66,59,22,37,31,9,29,47,31,66,308.0,/en/stats/leaderboard?page=serve,2.0,2.0,65.0,13.0,20.0,100.0,13.0,13.0,43.0,3.0,7.0,0.0,0.0,0.0,4.0,191.0,/en/stats/leaderboard?page=serve,3.0,1.0,60.0,12.0,20.0,58.0,7.0,12.0,25.0,2.0,8.0,0.0,0.0,2.0,4.0,267.0,/en/stats/leaderboard?page=return,42.0,5.0,12.0,75.0,6.0,8.0,100.0,2.0,2.0,4.0,57.0,/en/stats/leaderboard?page=return,0.0,0.0,13.0,57.0,4.0,7.0,0.0,0.0,0.0,4.0,80.0,16.0,20.0,55.0,11.0,20.0,68.0,27.0,40.0,45.0,9.0,20.0,20.0,4.0,20.0,33.0,13.0,40.0,,296,/en/stats/leaderboard?page=serve,4,2,57,28,49,89,25,28,52,11,21,0,0,0,9,228,/en/stats/leaderboard?page=serve,4,8,60,34,57,76,26,34,22,5,23,40,2,5,9,73,36,49,46,26,57,58,62,106,54,31,57,27,13,49,42,44,106,B,,,,,,,,,,,,,,,,,,,,,,,,,,,,,,,,,,,,,,,,,,,,,,,,,,,,,,,,,,,,,,,,,,,,,,,,,,,,,,,,
421,2026,ATP Masters 1000 Canada,1000,2026-08-02T00:00:00,2026-08-13T00:00:00,Hard,96,9415724,$,MS029,Round of 32,01:58:59,"Game Set and Match Luciano Darderi. 
 Luciano Darderi wins the match  4-6  6-1  6-3 .",F,3,D0FJ,L. Darderi,J. Shang,D0FJ,S0RE,ITA,CHN,19,,"Game Set and Match Luciano Darderi. 
 Luciano Darderi wins the match  4-6  6-1  6-3 .",L. Darderi,J. Shang,19,,ITA,CHN,4-6,6-1,6-4,,,01:58:59,257,/en/stats/leaderboard?page=serve,1,3,66,19,29,79,15,19,30,3,10,0,0,1,5,325,/en/stats/leaderboard?page=serve,1,4,69,20,29,75,15,20,78,7,9,100,2,2,5,47,/en/stats/leaderboard?page=return,25,5,20,22,2,9,0,0,2,5,211,/en/stats/leaderboard?page=return,21,4,19,70,7,10,100,1,1,5,62,18,29,24,7,29,43,25,58,76,22,29,38,11,29,57,33,58,298.0,/en/stats/leaderboard?page=serve,1.0,2.0,48.0,11.0,23.0,82.0,9.0,11.0,67.0,8.0,12.0,100.0,1.0,1.0,4.0,183.0,/en/stats/leaderboard?page=serve,1.0,0.0,58.0,11.0,19.0,55.0,6.0,11.0,38.0,3.0,8.0,50.0,2.0,4.0,3.0,224.0,/en/stats/leaderboard?page=return,45.0,5.0,11.0,63.0,5.0,8.0,50.0,2.0,4.0,3.0,51.0,/en/stats/leaderboard?page=return,18.0,2.0,11.0,33.0,4.0,12.0,0.0,0.0,1.0,4.0,74.0,17.0,23.0,53.0,10.0,19.0,64.0,27.0,42.0,47.0,9.0,19.0,26.0,6.0,23.0,36.0,15.0,42.0,,273,/en/stats/leaderboard?page=serve,3,8,57,44,77,84,37,44,42,14,33,33,1,3,14,249,/en/stats/leaderboard?page=serve,3,4,65,56,86,61,34,56,53,16,30,67,8,12,13,66,51,77,42,36,86,53,87,163,58,50,86,34,26,77,47,76,163,A,,223.0,/en/stats/leaderboard?page=serve,1.0,0.0,66.0,25.0,38.0,52.0,13.0,25.0,46.0,6.0,13.0,67.0,4.0,6.0,5.0,258.0,/en/stats/leaderboard?page=serve,1.0,3.0,56.0,14.0,25.0,93.0,13.0,14.0,27.0,3.0,11.0,0.0,0.0,1.0,5.0,200.0,/en/stats/leaderboard?page=return,7.0,1.0,14.0,73.0,8.0,11.0,100.0,1.0,1.0,5.0,175.0,/en/stats/leaderboard?page=return,48.0,12.0,25.0,54.0,7.0,13.0,33.0,2.0,6.0,5.0,50.0,19.0,38.0,36.0,9.0,25.0,44.0,28.0,63.0,64.0,16.0,25.0,50.0,19.0,38.0,56.0,35.0,63.0,,,
421,2026,ATP Masters 1000 Canada,1000,2026-08-02T00:00:00,2026-08-13T00:00:00,Hard,96,9415724,$,MS030,Round of 32,00:57:54,"Game Set and Match Arthur Rinderknech. 
 Arthur Rinderknech wins the match 6-2 2-0 RET.",F,3,RC91,F. Tiafoe,A. Rinderknech,TD51,RC91,USA,FRA,15,23,"Game Set and Match Arthur Rinderknech. 
 Arthur Rinderknech wins the match 6-2 2-0 RET.",A. Rinderknech,F. Tiafoe,23,15,FRA,USA,2-6,0-2,,,,00:57:54,316,/en/stats/leaderboard?page=serve,1,3,65,13,20,92,12,13,57,4,7,0,0,0,4,191,/en/stats/leaderboard?page=serve,1,0,44,15,34,40,6,15,58,11,19,71,5,7,4,181,/en/stats/leaderboard?page=return,60,9,15,42,8,19,29,2,7,4,51,/en/stats/leaderboard?page=return,8,1,13,43,3,7,0,0,0,4,80,16,20,50,17,34,61,33,54,50,17,34,20,4,20,39,21,54,302.0,/en/stats/leaderboard?page=serve,0.0,2.0,100.0,4.0,4.0,100.0,4.0,4.0,0.0,0.0,0.0,0.0,0.0,0.0,1.0,137.0,/en/stats/leaderboard?page=serve,1.0,0.0,31.0,5.0,16.0,80.0,4.0,5.0,27.0,3.0,11.0,80.0,4.0,5.0,1.0,213.0,/en/stats/leaderboard?page=return,20.0,1.0,5.0,73.0,8.0,11.0,20.0,1.0,5.0,1.0,0.0,/en/stats/leaderboard?page=return,0.0,0.0,4.0,0.0,0.0,0.0,0.0,0.0,0.0,1.0,100.0,4.0,4.0,56.0,9.0,16.0,65.0,13.0,20.0,44.0,7.0,16.0,0.0,0.0,4.0,35.0,7.0,20.0,,326,/en/stats/leaderboard?page=serve,1,5,71,17,24,94,16,17,57,4,7,0,0,0,5,175,/en/stats/leaderboard?page=serve,2,0,40,20,50,50,10,20,47,14,30,75,9,12,5,83,20,24,52,26,50,62,46,74,48,24,50,17,4,24,38,28,74,B,,,,,,,,,,,,,,,,,,,,,,,,,,,,,,,,,,,,,,,,,,,,,,,,,,,,,,,,,,,,,,,,,,,,,,,,,,,,,,,,
421,2026,ATP Masters 1000 Canada,1000,2026-08-02T00:00:00,2026-08-13T00:00:00,Hard,96,9415724,$,MS031,Round of 32,02:31:07,"Game Set and Match Brandon Nakashima. 
 Brandon Nakashima wins the match  4-6  6-2  7-5 .",F,3,N0AE,B. Nakashima,T. Droguet,N0AE,D0DW,USA,FRA,28,,"Game Set and Match Brandon Nakashima. 
 Brandon Nakashima wins the match  4-6  6-2  7-5 .",B. Nakashima,T. Droguet,28,,USA,FRA,4-6,6-2,7-5,,,02:31:07,228,/en/stats/leaderboard?page=serve,0,2,55,17,31,82,14,17,29,4,14,67,4,6,5,256,/en/stats/leaderboard?page=serve,3,2,63,22,35,68,15,22,46,6,13,67,2,3,5,139,/en/stats/leaderboard?page=return,32,7,22,54,7,13,33,1,3,5,162,/en/stats/leaderboard?page=return,18,3,17,71,10,14,33,2,6,5,58,18,31,40,14,35,48,32,66,60,21,35,42,13,31,52,34,66,337.0,/en/stats/leaderboard?page=serve,0.0,1.0,56.0,10.0,18.0,80.0,8.0,10.0,100.0,8.0,8.0,0.0,0.0,0.0,4.0,204.0,/en/stats/leaderboard?page=serve,0.0,2.0,48.0,14.0,29.0,64.0,9.0,14.0,40.0,6.0,15.0,67.0,4.0,6.0,4.0,179.0,/en/stats/leaderboard?page=return,36.0,5.0,14.0,60.0,9.0,15.0,33.0,2.0,6.0,4.0,20.0,/en/stats/leaderboard?page=return,20.0,2.0,10.0,0.0,0.0,8.0,0.0,0.0,0.0,4.0,89.0,16.0,18.0,48.0,14.0,29.0,64.0,30.0,47.0,52.0,15.0,29.0,11.0,2.0,18.0,36.0,17.0,47.0,,295,/en/stats/leaderboard?page=serve,1,5,58,45,77,84,38,45,63,20,32,67,4,6,15,245,/en/stats/leaderboard?page=serve,5,10,54,64,118,72,46,64,41,22,54,73,11,15,15,75,58,77,42,50,118,55,108,195,58,68,118,25,19,77,45,87,195,A,,256.0,/en/stats/leaderboard?page=serve,2.0,6.0,52.0,28.0,54.0,79.0,22.0,28.0,38.0,10.0,26.0,83.0,5.0,6.0,6.0,334.0,/en/stats/leaderboard?page=serve,1.0,2.0,64.0,18.0,28.0,89.0,16.0,18.0,80.0,8.0,10.0,0.0,0.0,0.0,6.0,31.0,/en/stats/leaderboard?page=return,11.0,2.0,18.0,20.0,2.0,10.0,0.0,0.0,0.0,6.0,116.0,/en/stats/leaderboard?page=return,21.0,6.0,28.0,62.0,16.0,26.0,17.0,1.0,6.0,6.0,59.0,32.0,54.0,14.0,4.0,28.0,44.0,36.0,82.0,86.0,24.0,28.0,41.0,22.0,54.0,56.0,46.0,82.0,,,
421,2026,ATP Masters 1000 Canada,1000,2026-08-02T00:00:00,2026-08-13T00:00:00,Hard,96,9415724,$,MS032,Round of 64,02:34:35,"Game Set and Match Tallon Griekspoor. 
 Tallon Griekspoor wins the match  6-7(3) 6-2  6-4 .",F,3,GJ37,A. Zverev,T. Griekspoor,Z355,GJ37,GER,NED,1,,"Game Set and Match Tallon Griekspoor. 
 Tallon Griekspoor wins the match  6-7(3) 6-2  6-4 .",T. Griekspoor,A. Zverev,,1,NED,GER,7-6(3),2-6,4-6,,,02:34:35,303,/en/stats/leaderboard?page=serve,1,2,57,20,35,85,17,20,60,9,15,0,0,0,6,316,/en/stats/leaderboard?page=serve,2,5,77,30,39,80,24,30,56,5,9,100,1,1,6,64,/en/stats/leaderboard?page=return,20,6,30,44,4,9,0,0,1,6,55,/en/stats/leaderboard?page=return,15,3,20,40,6,15,0,0,0,6,74,26,35,26,10,39,49,36,74,74,29,39,26,9,35,51,38,74,329.0,/en/stats/leaderboard?page=serve,1.0,3.0,89.0,17.0,19.0,88.0,15.0,17.0,50.0,1.0,2.0,0.0,0.0,0.0,4.0,227.0,/en/stats/leaderboard?page=serve,0.0,3.0,67.0,14.0,21.0,50.0,7.0,14.0,57.0,4.0,7.0,50.0,2.0,4.0,4.0,193.0,/en/stats/leaderboard?page=return,50.0,7.0,14.0,43.0,3.0,7.0,50.0,2.0,4.0,4.0,62.0,/en/stats/leaderboard?page=return,12.0,2.0,17.0,50.0,1.0,2.0,0.0,0.0,0.0,4.0,84.0,16.0,19.0,48.0,10.0,21.0,65.0,26.0,40.0,52.0,11.0,21.0,16.0,3.0,19.0,35.0,14.0,40.0,,310,/en/stats/leaderboard?page=serve,2,8,69,55,80,82,45,55,60,15,25,0,0,1,15,260,/en/stats/leaderboard?page=serve,4,10,69,65,94,71,46,65,41,12,29,56,5,9,15,75,60,80,38,36,94,55,96,174,62,58,94,25,20,80,45,78,174,B,,216.0,/en/stats/leaderboard?page=serve,2.0,2.0,62.0,21.0,34.0,71.0,15.0,21.0,23.0,3.0,13.0,50.0,2.0,4.0,5.0,287.0,/en/stats/leaderboard?page=serve,0.0,3.0,69.0,18.0,26.0,72.0,13.0,18.0,63.0,5.0,8.0,0.0,0.0,1.0,5.0,186.0,/en/stats/leaderboard?page=return,28.0,5.0,18.0,38.0,3.0,8.0,100.0,1.0,1.0,5.0,196.0,/en/stats/leaderboard?page=return,29.0,6.0,21.0,77.0,10.0,13.0,50.0,2.0,4.0,5.0,53.0,18.0,34.0,31.0,8.0,26.0,43.0,26.0,60.0,69.0,18.0,26.0,47.0,16.0,34.0,57.0,34.0,60.0,,3.0,
421,2026,ATP Masters 1000 Canada,1000,2026-08-02T00:00:00,2026-08-13T00:00:00,Hard,96,9415724,$,MS033,Round of 64,02:06:51,"Game Set and Match Matteo Arnaldi. 
 Matteo Arnaldi wins the match  7-5  2-6  6-4 .",F,3,A0FC,F. Marozsan,M. Arnaldi,M0CI,A0FC,HUN,ITA,,30,"Game Set and Match Matteo Arnaldi. 
 Matteo Arnaldi wins the match  7-5  2-6  6-4 .",M. Arnaldi,F. Marozsan,30,,ITA,HUN,5-7,6-2,4-6,,,02:06:51,263,/en/stats/leaderboard?page=serve,2,2,56,19,34,84,16,19,40,6,15,0,0,1,6,265,/en/stats/leaderboard?page=serve,0,1,61,17,28,82,14,17,55,6,11,50,2,4,6,146,/en/stats/leaderboard?page=return,18,3,17,45,5,11,50,2,4,6,192,/en/stats/leaderboard?page=return,16,3,19,60,9,15,100,1,1,6,65,22,34,29,8,28,48,30,62,71,20,28,35,12,34,52,32,62,174.0,/en/stats/leaderboard?page=serve,3.0,1.0,33.0,7.0,21.0,57.0,4.0,7.0,36.0,5.0,14.0,0.0,0.0,2.0,4.0,317.0,/en/stats/leaderboard?page=serve,1.0,1.0,47.0,9.0,19.0,100.0,9.0,9.0,70.0,7.0,10.0,0.0,0.0,0.0,4.0,30.0,/en/stats/leaderboard?page=return,0.0,0.0,9.0,30.0,3.0,10.0,0.0,0.0,0.0,4.0,257.0,/en/stats/leaderboard?page=return,43.0,3.0,7.0,64.0,9.0,14.0,100.0,2.0,2.0,4.0,43.0,9.0,21.0,16.0,3.0,19.0,30.0,12.0,40.0,84.0,16.0,19.0,57.0,12.0,21.0,70.0,28.0,40.0,,253,/en/stats/leaderboard?page=serve,7,5,49,41,83,78,32,41,48,20,42,40,2,5,15,281,/en/stats/leaderboard?page=serve,2,4,64,54,85,70,38,54,65,20,31,63,5,8,15,63,52,83,32,27,85,47,79,168,68,58,85,37,31,83,53,89,168,B,,279.0,/en/stats/leaderboard?page=serve,1.0,2.0,74.0,28.0,38.0,54.0,15.0,28.0,70.0,7.0,10.0,75.0,3.0,4.0,5.0,303.0,/en/stats/leaderboard?page=serve,2.0,2.0,54.0,15.0,28.0,80.0,12.0,15.0,69.0,9.0,13.0,100.0,2.0,2.0,5.0,51.0,/en/stats/leaderboard?page=return,20.0,3.0,15.0,31.0,4.0,13.0,0.0,0.0,2.0,5.0,121.0,/en/stats/leaderboard?page=return,46.0,13.0,28.0,30.0,3.0,10.0,25.0,1.0,4.0,5.0,58.0,22.0,38.0,25.0,7.0,28.0,44.0,29.0,66.0,75.0,21.0,28.0,42.0,16.0,38.0,56.0,37.0,66.0,,,
421,2026,ATP Masters 1000 Canada,1000,2026-08-02T00:00:00,2026-08-13T00:00:00,Hard,96,9415724,$,MS034,Round of 64,01:32:29,"Game Set and Match Daniel Merida. 
 Daniel Merida wins the match  6-3  6-3 .",F,3,M0N7,U. Humbert,D. Merida,HH26,M0N7,FRA,ESP,24,,"Game Set and Match Daniel Merida. 
 Daniel Merida wins the match  6-3  6-3 .",D. Merida,U. Humbert,,24,ESP,FRA,3-6,3-6,,,,01:32:29,294,/en/stats/leaderboard?page=serve,3,2,73,19,26,79,15,19,43,3,7,100,1,1,4,219,/en/stats/leaderboard?page=serve,5,1,56,25,45,72,18,25,35,7,20,75,6,8,5,158,/en/stats/leaderboard?page=return,28,7,25,65,13,20,25,2,8,5,78,/en/stats/leaderboard?page=return,21,4,19,57,4,7,0,0,1,4,69,18,26,44,20,45,54,38,71,56,25,45,31,8,26,46,33,71,264.0,/en/stats/leaderboard?page=serve,1.0,2.0,69.0,20.0,29.0,70.0,14.0,20.0,44.0,4.0,9.0,0.0,0.0,1.0,5.0,209.0,/en/stats/leaderboard?page=serve,2.0,3.0,53.0,18.0,34.0,67.0,12.0,18.0,38.0,6.0,16.0,60.0,3.0,5.0,4.0,186.0,/en/stats/leaderboard?page=return,33.0,6.0,18.0,63.0,10.0,16.0,40.0,2.0,5.0,4.0,206.0,/en/stats/leaderboard?page=return,30.0,6.0,20.0,56.0,5.0,9.0,100.0,1.0,1.0,5.0,62.0,18.0,29.0,47.0,16.0,34.0,54.0,34.0,63.0,53.0,18.0,34.0,38.0,11.0,29.0,46.0,29.0,63.0,,277,/en/stats/leaderboard?page=serve,4,4,71,39,55,74,29,39,44,7,16,50,1,2,9,212,/en/stats/leaderboard?page=serve,7,4,54,43,79,70,30,43,36,13,36,69,9,13,9,65,36,55,46,36,79,54,72,134,54,43,79,35,19,55,46,62,134,B,,,,,,,,,,,,,,,,,,,,,,,,,,,,,,,,,,,,,,,,,,,,,,,,,,,,,,,,,,,,,,,,,,,,,,,,,,,,,,,,
421,2026,ATP Masters 1000 Canada,1000,2026-08-02T00:00:00,2026-08-13T00:00:00,Hard,96,9415724,$,MS035,Round of 64,01:28:05,"Game Set and Match Alex Michelsen. 
 Alex Michelsen wins the match  6-3  6-4 .",F,3,M0QI,A. Michelsen,F. Cerundolo,M0QI,C0AU,USA,ARG,,16,"Game Set and Match Alex Michelsen. 
 Alex Michelsen wins the match  6-3  6-4 .",A. Michelsen,F. Cerundolo,,16,USA,ARG,6-3,6-4,,,,01:28:05,292,/en/stats/leaderboard?page=serve,3,3,53,19,36,63,12,19,76,13,17,100,5,5,5,246,/en/stats/leaderboard?page=serve,1,2,65,15,23,80,12,15,25,2,8,67,2,3,4,153,/en/stats/leaderboard?page=return,20,3,15,75,6,8,33,1,3,4,61,/en/stats/leaderboard?page=return,37,7,19,24,4,17,0,0,5,5,69,25,36,39,9,23,58,34,59,61,14,23,31,11,36,42,25,59,286.0,/en/stats/leaderboard?page=serve,0.0,0.0,52.0,17.0,33.0,71.0,12.0,17.0,63.0,10.0,16.0,100.0,4.0,4.0,5.0,258.0,/en/stats/leaderboard?page=serve,0.0,4.0,52.0,16.0,31.0,75.0,12.0,16.0,47.0,7.0,15.0,67.0,2.0,3.0,5.0,131.0,/en/stats/leaderboard?page=return,25.0,4.0,16.0,53.0,8.0,15.0,33.0,1.0,3.0,5.0,67.0,/en/stats/leaderboard?page=return,29.0,5.0,17.0,38.0,6.0,16.0,0.0,0.0,4.0,5.0,67.0,22.0,33.0,39.0,12.0,31.0,53.0,34.0,64.0,61.0,19.0,31.0,33.0,11.0,33.0,47.0,30.0,64.0,,289,/en/stats/leaderboard?page=serve,3,3,52,36,69,67,24,36,70,23,33,100,9,9,10,255,/en/stats/leaderboard?page=serve,1,6,57,31,54,77,24,31,39,9,23,67,4,6,9,68,47,69,39,21,54,55,68,123,61,33,54,32,22,69,45,55,123,A,,,,,,,,,,,,,,,,,,,,,,,,,,,,,,,,,,,,,,,,,,,,,,,,,,,,,,,,,,,,,,,,,,,,,,,,,,,,,,,,
421,2026,ATP Masters 1000 Canada,1000,2026-08-02T00:00:00,2026-08-13T00:00:00,Hard,96,9415724,$,MS036,Round of 64,02:02:05,"Game Set and Match Learner Tien. 
 Learner Tien wins the match  6-3  0-6  6-3 .",F,3,T0HA,L. Tien,G. Monfils,T0HA,MC65,USA,FRA,12,,"Game Set and Match Learner Tien. 
 Learner Tien wins the match  6-3  0-6  6-3 .",L. Tien,G. Monfils,12,,USA,FRA,6-3,0-6,6-3,,,02:02:05,279,/en/stats/leaderboard?page=serve,2,0,65,20,31,80,16,20,36,4,11,100,4,4,4,214,/en/stats/leaderboard?page=serve,2,0,45,17,38,59,10,17,52,11,21,50,2,4,5,179,/en/stats/leaderboard?page=return,41,7,17,48,10,21,50,2,4,5,84,/en/stats/leaderboard?page=return,20,4,20,64,7,11,0,0,4,4,65,20,31,45,17,38,54,37,69,55,21,38,35,11,31,46,32,69,114.0,/en/stats/leaderboard?page=serve,2.0,2.0,44.0,11.0,25.0,27.0,3.0,11.0,43.0,6.0,14.0,50.0,3.0,6.0,3.0,294.0,/en/stats/leaderboard?page=serve,2.0,3.0,65.0,13.0,20.0,85.0,11.0,13.0,43.0,3.0,7.0,100.0,1.0,1.0,3.0,72.0,/en/stats/leaderboard?page=return,15.0,2.0,13.0,57.0,4.0,7.0,0.0,0.0,1.0,3.0,280.0,/en/stats/leaderboard?page=return,73.0,8.0,11.0,57.0,8.0,14.0,50.0,3.0,6.0,3.0,36.0,9.0,25.0,30.0,6.0,20.0,33.0,15.0,45.0,70.0,14.0,20.0,64.0,16.0,25.0,67.0,30.0,45.0,,237,/en/stats/leaderboard?page=serve,5,3,64,60,94,62,37,60,47,16,34,69,9,13,12,224,/en/stats/leaderboard?page=serve,6,3,43,37,87,68,25,37,50,25,50,60,6,10,12,56,53,94,43,37,87,50,90,181,57,50,87,44,41,94,50,91,181,A,,179.0,/en/stats/leaderboard?page=serve,2.0,0.0,24.0,7.0,29.0,57.0,4.0,7.0,50.0,11.0,22.0,60.0,3.0,5.0,4.0,285.0,/en/stats/leaderboard?page=serve,1.0,1.0,76.0,29.0,38.0,62.0,18.0,29.0,67.0,6.0,9.0,67.0,2.0,3.0,5.0,124.0,/en/stats/leaderboard?page=return,38.0,11.0,29.0,33.0,3.0,9.0,33.0,1.0,3.0,5.0,183.0,/en/stats/leaderboard?page=return,43.0,3.0,7.0,50.0,11.0,22.0,40.0,2.0,5.0,4.0,52.0,15.0,29.0,37.0,14.0,38.0,43.0,29.0,67.0,63.0,24.0,38.0,48.0,14.0,29.0,57.0,38.0,67.0,,,
421,2026,ATP Masters 1000 Canada,1000,2026-08-02T00:00:00,2026-08-13T00:00:00,Hard,96,9415724,$,MS037,Round of 64,02:04:40,"Game Set and Match Tommy Paul. 
 Tommy Paul wins the match  6-4  7-6(5).",F,3,PL56,V. Royer,T. Paul,R0EB,PL56,FRA,USA,,17,"Game Set and Match Tommy Paul. 
 Tommy Paul wins the match  6-4  7-6(5).",T. Paul,V. Royer,17,,USA,FRA,4-6,6-7(5),,,,02:04:40,290,/en/stats/leaderboard?page=serve,2,2,62,24,39,75,18,24,53,8,15,100,5,5,5,255,/en/stats/leaderboard?page=serve,3,2,55,22,40,77,17,22,44,8,18,67,2,3,5,132,/en/stats/leaderboard?page=return,23,5,22,56,10,18,33,1,3,5,72,/en/stats/leaderboard?page=return,25,6,24,47,7,15,0,0,5,5,67,26,39,38,15,40,52,41,79,63,25,40,33,13,39,48,38,79,264.0,/en/stats/leaderboard?page=serve,2.0,5.0,60.0,30.0,50.0,73.0,22.0,30.0,45.0,9.0,20.0,75.0,3.0,4.0,6.0,252.0,/en/stats/leaderboard?page=serve,4.0,2.0,56.0,27.0,48.0,63.0,17.0,27.0,52.0,11.0,21.0,50.0,1.0,2.0,6.0,151.0,/en/stats/leaderboard?page=return,37.0,10.0,27.0,48.0,10.0,21.0,50.0,1.0,2.0,6.0,123.0,/en/stats/leaderboard?page=return,27.0,8.0,30.0,55.0,11.0,20.0,25.0,1.0,4.0,6.0,62.0,31.0,50.0,42.0,20.0,48.0,52.0,51.0,98.0,58.0,28.0,48.0,38.0,19.0,50.0,48.0,47.0,98.0,5.0,277,/en/stats/leaderboard?page=serve,4,7,61,54,89,74,40,54,49,17,35,89,8,9,11,252,/en/stats/leaderboard?page=serve,7,4,56,49,88,69,34,49,49,19,39,60,3,5,11,64,57,89,40,35,88,52,92,177,60,53,88,36,32,89,48,85,177,B,,,,,,,,,,,,,,,,,,,,,,,,,,,,,,,,,,,,,,,,,,,,,,,,,,,,,,,,,,,,,,,,,,,,,,,,,,,,,,,,
421,2026,ATP Masters 1000 Canada,1000,2026-08-02T00:00:00,2026-08-13T00:00:00,Hard,96,9415724,$,MS038,Round of 64,01:14:57,"Game Set and Match Alexei Popyrin. 
 Alexei Popyrin wins the match  6-4  6-3 .",F,3,P09Z,R. Collignon,A. Popyrin,C0JP,P09Z,BEL,AUS,32,,"Game Set and Match Alexei Popyrin. 
 Alexei Popyrin wins the match  6-4  6-3 .",A. Popyrin,R. Collignon,,32,AUS,BEL,4-6,3-6,,,,01:14:57,326,/en/stats/leaderboard?page=serve,1,4,63,15,24,93,14,15,67,6,9,0,0,0,5,266,/en/stats/leaderboard?page=serve,2,6,65,24,37,71,17,24,46,6,13,83,5,6,5,120,/en/stats/leaderboard?page=return,29,7,24,54,7,13,17,1,6,5,40,/en/stats/leaderboard?page=return,7,1,15,33,3,9,0,0,0,5,83,20,24,38,14,37,56,34,61,62,23,37,17,4,24,44,27,61,311.0,/en/stats/leaderboard?page=serve,2.0,6.0,68.0,17.0,25.0,76.0,13.0,17.0,63.0,5.0,8.0,0.0,0.0,0.0,4.0,225.0,/en/stats/leaderboard?page=serve,0.0,1.0,50.0,14.0,28.0,43.0,6.0,14.0,71.0,10.0,14.0,33.0,1.0,3.0,5.0,193.0,/en/stats/leaderboard?page=return,57.0,8.0,14.0,29.0,4.0,14.0,67.0,2.0,3.0,5.0,62.0,/en/stats/leaderboard?page=return,24.0,4.0,17.0,38.0,3.0,8.0,0.0,0.0,0.0,4.0,72.0,18.0,25.0,43.0,12.0,28.0,57.0,30.0,53.0,57.0,16.0,28.0,28.0,7.0,25.0,43.0,23.0,53.0,,321,/en/stats/leaderboard?page=serve,3,10,65,32,49,84,27,32,65,11,17,0,0,0,9,253,/en/stats/leaderboard?page=serve,2,7,58,38,65,61,23,38,59,16,27,67,6,9,10,78,38,49,40,26,65,56,64,114,60,39,65,22,11,49,44,50,114,B,,,,,,,,,,,,,,,,,,,,,,,,,,,,,,,,,,,,,,,,,,,,,,,,,,,,,,,,,,,,,,,,,,,,,,,,,,,,,,,,
421,2026,ATP Masters 1000 Canada,1000,2026-08-02T00:00:00,2026-08-13T00:00:00,Hard,96,9415724,$,MS039,Round of 64,01:28:21,"Game Set and Match Thiago Agustin Tirante. 
 Thiago Agustin Tirante wins the match  7-5  6-3 .",F,3,T0A1,T. Tirante,T. Fritz,T0A1,FB98,ARG,USA,,7,"Game Set and Match Thiago Agustin Tirante. 
 Thiago Agustin Tirante wins the match  7-5  6-3 .",T. Tirante,T. Fritz,,7,ARG,USA,7-5,6-3,,,,01:28:21,309,/en/stats/leaderboard?page=serve,2,7,51,18,35,94,17,18,59,10,17,100,4,4,6,275,/en/stats/leaderboard?page=serve,1,4,60,25,42,64,16,25,65,11,17,67,2,3,6,120,/en/stats/leaderboard?page=return,36,9,25,35,6,17,33,1,3,6,47,/en/stats/leaderboard?page=return,6,1,18,41,7,17,0,0,4,6,77,27,35,36,15,42,55,42,77,64,27,42,23,8,35,45,35,77,326.0,/en/stats/leaderboard?page=serve,0.0,2.0,44.0,8.0,18.0,100.0,8.0,8.0,80.0,8.0,10.0,0.0,0.0,0.0,4.0,212.0,/en/stats/leaderboard?page=serve,0.0,0.0,48.0,15.0,31.0,60.0,9.0,15.0,44.0,7.0,16.0,33.0,1.0,3.0,5.0,203.0,/en/stats/leaderboard?page=return,40.0,6.0,15.0,56.0,9.0,16.0,67.0,2.0,3.0,5.0,20.0,/en/stats/leaderboard?page=return,0.0,0.0,8.0,20.0,2.0,10.0,0.0,0.0,0.0,4.0,89.0,16.0,18.0,48.0,15.0,31.0,63.0,31.0,49.0,52.0,16.0,31.0,11.0,2.0,18.0,37.0,18.0,49.0,,319,/en/stats/leaderboard?page=serve,2,9,49,26,53,96,25,26,67,18,27,100,4,4,10,248,/en/stats/leaderboard?page=serve,1,4,55,40,73,63,25,40,55,18,33,50,3,6,11,81,43,53,41,30,73,58,73,126,59,43,73,19,10,53,42,53,126,A,,,,,,,,,,,,,,,,,,,,,,,,,,,,,,,,,,,,,,,,,,,,,,,,,,,,,,,,,,,,,,,,,,,,,,,,,,,,,,,,
421,2026,ATP Masters 1000 Canada,1000,2026-08-02T00:00:00,2026-08-13T00:00:00,Hard,96,9415724,$,MS040,Round of 64,01:39:54,"Game Set and Match Botic van de Zandschulp. 
 Botic van de Zandschulp wins the match  6-3  7-6(5).",F,3,V812,D. Medvedev,B. van de Zandschulp,MM58,V812,RUS,NED,4,,"Game Set and Match Botic van de Zandschulp. 
 Botic van de Zandschulp wins the match  6-3  7-6(5).",B. van de Zandschulp,D. Medvedev,,4,NED,RUS,3-6,6-7(5),,,,01:39:54,205,/en/stats/leaderboard?page=serve,2,0,54,14,26,36,5,14,67,8,12,50,2,4,4,137,/en/stats/leaderboard?page=serve,5,2,50,13,26,62,8,13,8,1,13,20,1,5,5,290,/en/stats/leaderboard?page=return,38,5,13,92,12,13,80,4,5,5,197,/en/stats/leaderboard?page=return,64,9,14,33,4,12,50,2,4,4,50,13,26,65,17,26,58,30,52,35,9,26,50,13,26,42,22,52,233.0,/en/stats/leaderboard?page=serve,2.0,0.0,60.0,25.0,42.0,56.0,14.0,25.0,53.0,9.0,17.0,50.0,2.0,4.0,6.0,220.0,/en/stats/leaderboard?page=serve,4.0,1.0,60.0,25.0,42.0,68.0,17.0,25.0,29.0,5.0,17.0,33.0,1.0,3.0,6.0,203.0,/en/stats/leaderboard?page=return,32.0,8.0,25.0,71.0,12.0,17.0,67.0,2.0,3.0,6.0,174.0,/en/stats/leaderboard?page=return,44.0,11.0,25.0,47.0,8.0,17.0,50.0,2.0,4.0,6.0,55.0,23.0,42.0,48.0,20.0,42.0,51.0,43.0,84.0,52.0,22.0,42.0,45.0,19.0,42.0,49.0,41.0,84.0,5.0,221,/en/stats/leaderboard?page=serve,4,0,57,39,68,49,19,39,59,17,29,50,4,8,10,181,/en/stats/leaderboard?page=serve,9,3,56,38,68,66,25,38,20,6,30,25,2,8,11,53,36,68,54,37,68,54,73,136,46,31,68,47,32,68,46,63,136,B,,,,,,,,,,,,,,,,,,,,,,,,,,,,,,,,,,,,,,,,,,,,,,,,,,,,,,,,,,,,,,,,,,,,,,,,,,,,,,,,
421,2026,ATP Masters 1000 Canada,1000,2026-08-02T00:00:00,2026-08-13T00:00:00,Hard,96,9415724,$,MS041,Round of 64,01:36:01,"Game Set and Match Hubert Hurkacz. 
 Hubert Hurkacz wins the match  6-4  7-6(4).",F,3,HB71,H. Hurkacz,A. Tabilo,HB71,TE30,POL,CHI,,25,"Game Set and Match Hubert Hurkacz. 
 Hubert Hurkacz wins the match  6-4  7-6(4).",H. Hurkacz,A. Tabilo,,25,POL,CHI,6-4,7-6(4),,,,01:36:01,267,/en/stats/leaderboard?page=serve,2,7,64,21,33,76,16,21,42,5,12,75,3,4,5,235,/en/stats/leaderboard?page=serve,2,2,58,15,26,53,8,15,64,7,11,50,2,4,5,173,/en/stats/leaderboard?page=return,47,7,15,36,4,11,50,2,4,5,127,/en/stats/leaderboard?page=return,24,5,21,58,7,12,25,1,4,5,64,21,33,42,11,26,54,32,59,58,15,26,36,12,33,46,27,59,285.0,/en/stats/leaderboard?page=serve,1.0,7.0,58.0,22.0,38.0,82.0,18.0,22.0,56.0,9.0,16.0,50.0,1.0,2.0,6.0,264.0,/en/stats/leaderboard?page=serve,3.0,2.0,61.0,27.0,44.0,74.0,20.0,27.0,47.0,8.0,17.0,67.0,2.0,3.0,6.0,128.0,/en/stats/leaderboard?page=return,26.0,7.0,27.0,53.0,9.0,17.0,33.0,1.0,3.0,6.0,128.0,/en/stats/leaderboard?page=return,18.0,4.0,22.0,44.0,7.0,16.0,50.0,1.0,2.0,6.0,71.0,27.0,38.0,36.0,16.0,44.0,52.0,43.0,82.0,64.0,28.0,44.0,29.0,11.0,38.0,48.0,39.0,82.0,4.0,282,/en/stats/leaderboard?page=serve,3,14,61,43,71,79,34,43,50,14,28,67,4,6,11,252,/en/stats/leaderboard?page=serve,5,4,60,42,70,67,28,42,54,15,28,57,4,7,11,68,48,71,39,27,70,53,75,141,61,43,70,32,23,71,47,66,141,A,,,,,,,,,,,,,,,,,,,,,,,,,,,,,,,,,,,,,,,,,,,,,,,,,,,,,,,,,,,,,,,,,,,,,,,,,,,,,,,,
421,2026,ATP Masters 1000 Canada,1000,2026-08-02T00:00:00,2026-08-13T00:00:00,Hard,96,9415724,$,MS042,Round of 64,01:47:57,"Game Set and Match Terence Atmane. 
 Terence Atmane wins the match  6-4  7-6(3).",F,3,A0GC,K. Khachanov,T. Atmane,KE29,A0GC,RUS,FRA,21,,"Game Set and Match Terence Atmane. 
 Terence Atmane wins the match  6-4  7-6(3).",T. Atmane,K. Khachanov,,21,FRA,RUS,4-6,6-7(3),,,,01:47:57,287,/en/stats/leaderboard?page=serve,0,3,69,18,26,72,13,18,63,5,8,50,1,2,5,212,/en/stats/leaderboard?page=serve,1,1,41,14,34,71,10,14,40,8,20,60,3,5,5,169,/en/stats/leaderboard?page=return,29,4,14,60,12,20,40,2,5,5,136,/en/stats/leaderboard?page=return,28,5,18,38,3,8,50,1,2,5,69,18,26,47,16,34,57,34,60,53,18,34,31,8,26,43,26,60,295.0,/en/stats/leaderboard?page=serve,3.0,4.0,64.0,30.0,47.0,83.0,25.0,30.0,47.0,8.0,17.0,100.0,1.0,1.0,6.0,305.0,/en/stats/leaderboard?page=serve,0.0,4.0,61.0,23.0,38.0,87.0,20.0,23.0,53.0,8.0,15.0,100.0,2.0,2.0,6.0,60.0,/en/stats/leaderboard?page=return,13.0,3.0,23.0,47.0,7.0,15.0,0.0,0.0,2.0,6.0,70.0,/en/stats/leaderboard?page=return,17.0,5.0,30.0,53.0,9.0,17.0,0.0,0.0,1.0,6.0,70.0,33.0,47.0,26.0,10.0,38.0,51.0,43.0,85.0,74.0,28.0,38.0,30.0,14.0,47.0,49.0,42.0,85.0,3.0,291,/en/stats/leaderboard?page=serve,3,7,66,48,73,79,38,48,52,13,25,67,2,3,11,263,/en/stats/leaderboard?page=serve,1,5,51,37,72,81,30,37,46,16,35,71,5,7,11,70,51,73,36,26,72,53,77,145,64,46,72,30,22,73,47,68,145,B,,,,,,,,,,,,,,,,,,,,,,,,,,,,,,,,,,,,,,,,,,,,,,,,,,,,,,,,,,,,,,,,,,,,,,,,,,,,,,,,
421,2026,ATP Masters 1000 Canada,1000,2026-08-02T00:00:00,2026-08-13T00:00:00,Hard,96,9415724,$,MS043,Round of 64,02:07:34,"Game Set and Match Jakub Mensik. 
 Jakub Mensik wins the match  6-3  3-6  6-3 .",F,3,M0NI,J. Fearnley,J. Mensik,F0BY,M0NI,GBR,CZE,,13,"Game Set and Match Jakub Mensik. 
 Jakub Mensik wins the match  6-3  3-6  6-3 .",J. Mensik,J. Fearnley,13,,CZE,GBR,3-6,6-3,3-6,,,02:07:34,295,/en/stats/leaderboard?page=serve,1,6,53,16,30,94,15,16,43,6,14,100,1,1,5,241,/en/stats/leaderboard?page=serve,2,1,69,22,32,68,15,22,30,3,10,67,2,3,4,160,/en/stats/leaderboard?page=return,32,7,22,70,7,10,33,1,3,4,63,/en/stats/leaderboard?page=return,6,1,16,57,8,14,0,0,1,5,70,21,30,44,14,32,56,35,62,56,18,32,30,9,30,44,27,62,211.0,/en/stats/leaderboard?page=serve,1.0,3.0,56.0,18.0,32.0,67.0,12.0,18.0,36.0,5.0,14.0,71.0,5.0,7.0,4.0,266.0,/en/stats/leaderboard?page=serve,1.0,3.0,61.0,22.0,36.0,73.0,16.0,22.0,50.0,7.0,14.0,75.0,3.0,4.0,5.0,122.0,/en/stats/leaderboard?page=return,27.0,6.0,22.0,50.0,7.0,14.0,25.0,1.0,4.0,5.0,176.0,/en/stats/leaderboard?page=return,33.0,6.0,18.0,64.0,9.0,14.0,29.0,2.0,7.0,4.0,53.0,17.0,32.0,36.0,13.0,36.0,44.0,30.0,68.0,64.0,23.0,36.0,47.0,15.0,32.0,56.0,38.0,68.0,,264,/en/stats/leaderboard?page=serve,2,9,50,44,88,77,34,44,52,23,44,67,6,9,14,244,/en/stats/leaderboard?page=serve,3,5,61,53,87,68,36,53,44,15,34,56,5,9,13,65,57,88,41,36,87,53,93,175,59,51,87,35,31,88,47,82,175,B,,204.0,/en/stats/leaderboard?page=serve,0.0,1.0,47.0,9.0,19.0,56.0,5.0,9.0,50.0,5.0,10.0,0.0,0.0,2.0,4.0,263.0,/en/stats/leaderboard?page=serve,0.0,0.0,38.0,10.0,26.0,70.0,7.0,10.0,75.0,12.0,16.0,0.0,0.0,1.0,5.0,175.0,/en/stats/leaderboard?page=return,30.0,3.0,10.0,25.0,4.0,16.0,100.0,1.0,1.0,5.0,244.0,/en/stats/leaderboard?page=return,44.0,4.0,9.0,50.0,5.0,10.0,100.0,2.0,2.0,4.0,53.0,10.0,19.0,27.0,7.0,26.0,38.0,17.0,45.0,73.0,19.0,26.0,47.0,9.0,19.0,62.0,28.0,45.0,,,
421,2026,ATP Masters 1000 Canada,1000,2026-08-02T00:00:00,2026-08-13T00:00:00,Hard,96,9415724,$,MS044,Round of 64,00:59:23,"Game Set and Match Casper Ruud. 
 Casper Ruud wins the match  6-1  6-2 .",F,3,RH16,C. Ruud,J. Cerundolo,RH16,C0C8,NOR,ARG,9,,"Game Set and Match Casper Ruud. 
 Casper Ruud wins the match  6-1  6-2 .",C. Ruud,J. Cerundolo,9,,NOR,ARG,6-1,6-2,,,,00:59:23,301,/en/stats/leaderboard?page=serve,2,0,61,14,23,86,12,14,56,5,9,0,0,0,4,157,/en/stats/leaderboard?page=serve,3,0,36,5,14,80,4,5,11,1,9,0,0,2,3,275,/en/stats/leaderboard?page=return,20,1,5,89,8,9,100,2,2,3,58,/en/stats/leaderboard?page=return,14,2,14,44,4,9,0,0,0,4,74,17,23,64,9,14,70,26,37,36,5,14,26,6,23,30,11,37,305.0,/en/stats/leaderboard?page=serve,3.0,2.0,64.0,14.0,22.0,79.0,11.0,14.0,63.0,5.0,8.0,0.0,0.0,0.0,4.0,195.0,/en/stats/leaderboard?page=serve,0.0,0.0,45.0,10.0,22.0,50.0,5.0,10.0,50.0,6.0,12.0,33.0,1.0,3.0,4.0,217.0,/en/stats/leaderboard?page=return,50.0,5.0,10.0,50.0,6.0,12.0,67.0,2.0,3.0,4.0,59.0,/en/stats/leaderboard?page=return,21.0,3.0,14.0,38.0,3.0,8.0,0.0,0.0,0.0,4.0,73.0,16.0,22.0,50.0,11.0,22.0,61.0,27.0,44.0,50.0,11.0,22.0,27.0,6.0,22.0,39.0,17.0,44.0,,300,/en/stats/leaderboard?page=serve,5,2,62,28,45,82,23,28,59,10,17,0,0,0,8,174,/en/stats/leaderboard?page=serve,3,0,42,15,36,60,9,15,33,7,21,20,1,5,7,73,33,45,56,20,36,65,53,81,44,16,36,27,12,45,35,28,81,A,,,,,,,,,,,,,,,,,,,,,,,,,,,,,,,,,,,,,,,,,,,,,,,,,,,,,,,,,,,,,,,,,,,,,,,,,,,,,,,,
421,2026,ATP Masters 1000 Canada,1000,2026-08-02T00:00:00,2026-08-13T00:00:00,Hard,96,9415724,$,MS045,Round of 64,01:50:48,"Game Set and Match Joao Fonseca. 
 Joao Fonseca wins the match  7-6(3) 7-5 .",F,3,F0FV,S. Tsitsipas,J. Fonseca,TE51,F0FV,GRE,BRA,,22,"Game Set and Match Joao Fonseca. 
 Joao Fonseca wins the match  7-6(3) 7-5 .",J. Fonseca,S. Tsitsipas,22,,BRA,GRE,6-7(3),5-7,,,,01:50:48,271,/en/stats/leaderboard?page=serve,2,4,61,27,44,78,21,27,47,8,17,75,3,4,6,269,/en/stats/leaderboard?page=serve,4,3,58,22,38,73,16,22,56,9,16,0,0,1,6,187,/en/stats/leaderboard?page=return,27,6,22,44,7,16,100,1,1,6,116,/en/stats/leaderboard?page=return,22,6,27,53,9,17,25,1,4,6,66,29,44,34,13,38,51,42,82,66,25,38,34,15,44,49,40,82,294.0,/en/stats/leaderboard?page=serve,0.0,4.0,74.0,20.0,27.0,90.0,18.0,20.0,43.0,3.0,7.0,0.0,0.0,1.0,6.0,235.0,/en/stats/leaderboard?page=serve,0.0,4.0,54.0,22.0,41.0,64.0,14.0,22.0,47.0,9.0,19.0,0.0,0.0,2.0,6.0,222.0,/en/stats/leaderboard?page=return,36.0,8.0,22.0,53.0,10.0,19.0,100.0,2.0,2.0,6.0,183.0,/en/stats/leaderboard?page=return,10.0,2.0,20.0,57.0,4.0,7.0,100.0,1.0,1.0,6.0,78.0,21.0,27.0,44.0,18.0,41.0,57.0,39.0,68.0,56.0,23.0,41.0,22.0,6.0,27.0,43.0,29.0,68.0,,284,/en/stats/leaderboard?page=serve,2,8,66,47,71,83,39,47,46,11,24,60,3,5,12,253,/en/stats/leaderboard?page=serve,4,7,56,44,79,68,30,44,51,18,35,0,0,3,12,70,50,71,39,31,79,54,81,150,61,48,79,30,21,71,46,69,150,B,3.0,,,,,,,,,,,,,,,,,,,,,,,,,,,,,,,,,,,,,,,,,,,,,,,,,,,,,,,,,,,,,,,,,,,,,,,,,,,,,,,
421,2026,ATP Masters 1000 Canada,1000,2026-08-02T00:00:00,2026-08-13T00:00:00,Hard,96,9415724,$,MS046,Round of 64,01:50:17,"Game Set and Match Zizou Bergs. 
 Zizou Bergs wins the match  3-6  6-3  6-2 .",F,3,BU13,Z. Bergs,S. Baez,BU13,B0BI,BEL,ARG,31,,"Game Set and Match Zizou Bergs. 
 Zizou Bergs wins the match  3-6  6-3  6-2 .",Z. Bergs,S. Baez,31,,BEL,ARG,3-6,6-3,6-2,,,01:50:17,210,/en/stats/leaderboard?page=serve,2,1,47,9,19,44,4,9,70,7,10,0,0,2,4,258,/en/stats/leaderboard?page=serve,2,1,57,20,35,55,11,20,67,10,15,75,3,4,5,123,/en/stats/leaderboard?page=return,45,9,20,33,5,15,25,1,4,5,236,/en/stats/leaderboard?page=return,56,5,9,30,3,10,100,2,2,4,58,11,19,40,14,35,46,25,54,60,21,35,42,8,19,54,29,54,321.0,/en/stats/leaderboard?page=serve,2.0,5.0,72.0,18.0,25.0,89.0,16.0,18.0,57.0,4.0,7.0,0.0,0.0,0.0,5.0,250.0,/en/stats/leaderboard?page=serve,1.0,0.0,75.0,24.0,32.0,63.0,15.0,24.0,38.0,3.0,8.0,67.0,2.0,3.0,4.0,159.0,/en/stats/leaderboard?page=return,38.0,9.0,24.0,63.0,5.0,8.0,33.0,1.0,3.0,4.0,54.0,/en/stats/leaderboard?page=return,11.0,2.0,18.0,43.0,3.0,7.0,0.0,0.0,0.0,5.0,80.0,20.0,25.0,44.0,14.0,32.0,60.0,34.0,57.0,56.0,18.0,32.0,20.0,5.0,25.0,40.0,23.0,57.0,,283,/en/stats/leaderboard?page=serve,4,7,56,37,66,81,30,37,59,17,29,0,0,2,13,246,/en/stats/leaderboard?page=serve,4,1,66,59,90,59,35,59,55,17,31,67,8,12,13,71,47,66,42,38,90,54,85,156,58,52,90,29,19,66,46,71,156,A,,224.0,/en/stats/leaderboard?page=serve,1.0,0.0,65.0,15.0,23.0,60.0,9.0,15.0,50.0,4.0,8.0,60.0,3.0,5.0,4.0,296.0,/en/stats/leaderboard?page=serve,0.0,1.0,45.0,10.0,22.0,100.0,10.0,10.0,50.0,6.0,12.0,0.0,0.0,0.0,4.0,50.0,/en/stats/leaderboard?page=return,0.0,0.0,10.0,50.0,6.0,12.0,0.0,0.0,0.0,4.0,180.0,/en/stats/leaderboard?page=return,40.0,6.0,15.0,50.0,4.0,8.0,40.0,2.0,5.0,4.0,57.0,13.0,23.0,27.0,6.0,22.0,42.0,19.0,45.0,73.0,16.0,22.0,43.0,10.0,23.0,58.0,26.0,45.0,,,
421,2026,ATP Masters 1000 Canada,1000,2026-08-02T00:00:00,2026-08-13T00:00:00,Hard,96,9415724,$,MS047,Round of 64,01:36:02,"Game Set and Match Ben Shelton. 
 Ben Shelton wins the match  6-3  7-5 .",F,3,S0S1,J. Brooksby,B. Shelton,B0CD,S0S1,USA,USA,,5,"Game Set and Match Ben Shelton. 
 Ben Shelton wins the match  6-3  7-5 .",B. Shelton,J. Brooksby,5,,USA,USA,3-6,5-7,,,,01:36:02,316,/en/stats/leaderboard?page=serve,1,3,68,19,28,79,15,19,67,6,9,100,1,1,5,267,/en/stats/leaderboard?page=serve,0,0,55,12,22,67,8,12,70,7,10,67,2,3,4,121,/en/stats/leaderboard?page=return,33,4,12,30,3,10,33,1,3,4,54,/en/stats/leaderboard?page=return,21,4,19,33,3,9,0,0,1,5,75,21,28,32,7,22,56,28,50,68,15,22,25,7,28,44,22,50,273.0,/en/stats/leaderboard?page=serve,3.0,0.0,64.0,21.0,33.0,71.0,15.0,21.0,58.0,7.0,12.0,50.0,1.0,2.0,6.0,257.0,/en/stats/leaderboard?page=serve,0.0,1.0,73.0,32.0,44.0,59.0,19.0,32.0,58.0,7.0,12.0,67.0,4.0,6.0,6.0,149.0,/en/stats/leaderboard?page=return,41.0,13.0,32.0,42.0,5.0,12.0,33.0,2.0,6.0,6.0,137.0,/en/stats/leaderboard?page=return,29.0,6.0,21.0,42.0,5.0,12.0,50.0,1.0,2.0,6.0,67.0,22.0,33.0,41.0,18.0,44.0,52.0,40.0,77.0,59.0,26.0,44.0,33.0,11.0,33.0,48.0,37.0,77.0,,292,/en/stats/leaderboard?page=serve,4,3,66,40,61,75,30,40,62,13,21,67,2,3,11,263,/en/stats/leaderboard?page=serve,0,1,67,44,66,61,27,44,64,14,22,67,6,9,10,70,43,61,38,25,66,54,68,127,62,41,66,30,18,61,46,59,127,B,,,,,,,,,,,,,,,,,,,,,,,,,,,,,,,,,,,,,,,,,,,,,,,,,,,,,,,,,,,,,,,,,,,,,,,,,,,,,,,,
421,2026,ATP Masters 1000 Canada,1000,2026-08-02T00:00:00,2026-08-13T00:00:00,Hard,96,9415724,$,MS048,Round of 64,01:21:47,"Game Set and Match Jiri Lehecka. 
 Jiri Lehecka wins the match  6-4  6-2 .",F,3,L0BV,J. Lehecka,V. Kopriva,L0BV,KI82,CZE,CZE,8,,"Game Set and Match Jiri Lehecka. 
 Jiri Lehecka wins the match  6-4  6-2 .",J. Lehecka,V. Kopriva,8,,CZE,CZE,6-4,6-2,,,,01:21:47,311,/en/stats/leaderboard?page=serve,1,4,69,18,26,89,16,18,50,4,8,0,0,0,5,259,/en/stats/leaderboard?page=serve,2,1,58,21,36,62,13,21,60,9,15,67,2,3,5,131,/en/stats/leaderboard?page=return,38,8,21,40,6,15,33,1,3,5,61,/en/stats/leaderboard?page=return,11,2,18,50,4,8,0,0,0,5,77,20,26,39,14,36,55,34,62,61,22,36,23,6,26,45,28,62,286.0,/en/stats/leaderboard?page=serve,1.0,2.0,63.0,17.0,27.0,82.0,14.0,17.0,40.0,4.0,10.0,100.0,2.0,2.0,4.0,215.0,/en/stats/leaderboard?page=serve,0.0,1.0,59.0,16.0,27.0,50.0,8.0,16.0,55.0,6.0,11.0,50.0,2.0,4.0,4.0,195.0,/en/stats/leaderboard?page=return,50.0,8.0,16.0,45.0,5.0,11.0,50.0,2.0,4.0,4.0,78.0,/en/stats/leaderboard?page=return,18.0,3.0,17.0,60.0,6.0,10.0,0.0,0.0,2.0,4.0,67.0,18.0,27.0,48.0,13.0,27.0,57.0,31.0,54.0,52.0,14.0,27.0,33.0,9.0,27.0,43.0,23.0,54.0,,300,/en/stats/leaderboard?page=serve,2,6,66,35,53,86,30,35,44,8,18,100,2,2,9,240,/en/stats/leaderboard?page=serve,2,2,59,37,63,57,21,37,58,15,26,57,4,7,9,72,38,53,43,27,63,56,65,116,57,36,63,28,15,53,44,51,116,A,,,,,,,,,,,,,,,,,,,,,,,,,,,,,,,,,,,,,,,,,,,,,,,,,,,,,,,,,,,,,,,,,,,,,,,,,,,,,,,,
421,2026,ATP Masters 1000 Canada,1000,2026-08-02T00:00:00,2026-08-13T00:00:00,Hard,96,9415724,$,MS049,Round of 64,00:00:00,Winner: A. BLOCKX by Walkover,F,3,B0PG,J. Munar,A. Blockx,MU94,B0PG,ESP,BEL,,27,Winner: A. BLOCKX by Walkover,A. Blockx,J. Munar,27,,BEL,ESP,0-0,,,,,00:00:00,0,/en/stats/leaderboard?page=serve,0,0,0,0,0,0,0,0,0,0,0,0,0,0,0,0,/en/stats/leaderboard?page=serve,0,0,0,0,0,0,0,0,0,0,0,0,0,0,0,0,/en/stats/leaderboard?page=return,0,0,0,0,0,0,0,0,0,0,0,/en/stats/leaderboard?page=return,0,0,0,0,0,0,0,0,0,0,0,0,0,0,0,0,0,0,0,0,0,0,0,0,0,0,0,0,,,,,,,,,,,,,,,,,,,,,,,,,,,,,,,,,,,,,,,,,,,,,,,,,,,,,,,,,,,,,,,,,,,,,,,,,,,,,,0,/en/stats/leaderboard?page=serve,0,0,0,0,0,0,0,0,0,0,0,0,0,0,0,0,/en/stats/leaderboard?page=serve,0,0,0,0,0,0,0,0,0,0,0,0,0,0,0,0,0,0,0,0,0,0,0,0,0,0,0,0,0,0,0,0,0,B,,,,,,,,,,,,,,,,,,,,,,,,,,,,,,,,,,,,,,,,,,,,,,,,,,,,,,,,,,,,,,,,,,,,,,,,,,,,,,,,
421,2026,ATP Masters 1000 Canada,1000,2026-08-02T00:00:00,2026-08-13T00:00:00,Hard,96,9415724,$,MS050,Round of 64,02:17:02,"Game Set and Match Rafael Jodar. 
 Rafael Jodar wins the match  4-6  6-1  6-3 .",F,3,J0DZ,R. Jodar,C. Moutet,J0DZ,MW02,ESP,FRA,20,,"Game Set and Match Rafael Jodar. 
 Rafael Jodar wins the match  4-6  6-1  6-3 .",R. Jodar,C. Moutet,20,,ESP,FRA,4-6,6-1,6-3,,,02:17:02,240,/en/stats/leaderboard?page=serve,2,0,44,16,36,63,10,16,55,11,20,67,2,3,5,298,/en/stats/leaderboard?page=serve,0,0,54,15,28,67,10,15,77,10,13,0,0,0,5,56,/en/stats/leaderboard?page=return,33,5,15,23,3,13,0,0,0,5,136,/en/stats/leaderboard?page=return,38,6,16,45,9,20,33,1,3,5,58,21,36,29,8,28,45,29,64,71,20,28,42,15,36,55,35,64,260.0,/en/stats/leaderboard?page=serve,1.0,1.0,65.0,17.0,26.0,53.0,9.0,17.0,67.0,6.0,9.0,0.0,0.0,1.0,4.0,156.0,/en/stats/leaderboard?page=serve,0.0,1.0,74.0,14.0,19.0,21.0,3.0,14.0,60.0,3.0,5.0,0.0,0.0,3.0,3.0,319.0,/en/stats/leaderboard?page=return,79.0,11.0,14.0,40.0,2.0,5.0,100.0,3.0,3.0,3.0,205.0,/en/stats/leaderboard?page=return,47.0,8.0,17.0,33.0,3.0,9.0,100.0,1.0,1.0,4.0,58.0,15.0,26.0,68.0,13.0,19.0,62.0,28.0,45.0,32.0,6.0,19.0,42.0,11.0,26.0,38.0,17.0,45.0,,241,/en/stats/leaderboard?page=serve,6,1,55,52,95,62,32,52,53,23,43,63,5,8,13,225,/en/stats/leaderboard?page=serve,2,4,62,44,71,52,23,44,56,15,27,14,1,7,13,58,55,95,46,33,71,53,88,166,54,38,71,42,40,95,47,78,166,A,,193.0,/en/stats/leaderboard?page=serve,2.0,3.0,63.0,15.0,24.0,67.0,10.0,15.0,22.0,2.0,9.0,25.0,1.0,4.0,5.0,241.0,/en/stats/leaderboard?page=serve,3.0,0.0,58.0,19.0,33.0,68.0,13.0,19.0,43.0,6.0,14.0,75.0,3.0,4.0,4.0,139.0,/en/stats/leaderboard?page=return,32.0,6.0,19.0,57.0,8.0,14.0,25.0,1.0,4.0,4.0,246.0,/en/stats/leaderboard?page=return,33.0,5.0,15.0,78.0,7.0,9.0,75.0,3.0,4.0,5.0,50.0,12.0,24.0,42.0,14.0,33.0,46.0,26.0,57.0,58.0,19.0,33.0,50.0,12.0,24.0,54.0,31.0,57.0,,,
421,2026,ATP Masters 1000 Canada,1000,2026-08-02T00:00:00,2026-08-13T00:00:00,Hard,96,9415724,$,MS051,Round of 64,02:07:33,"Game Set and Match Lorenzo Musetti. 
 Lorenzo Musetti wins the match  7-6(8) 6-2 .",F,3,M0EJ,N. Mejia,L. Musetti,M0AW,M0EJ,COL,ITA,,11,"Game Set and Match Lorenzo Musetti. 
 Lorenzo Musetti wins the match  7-6(8) 6-2 .",L. Musetti,N. Mejia,11,,ITA,COL,6-7(8),2-6,,,,02:07:33,316,/en/stats/leaderboard?page=serve,1,2,73,32,44,75,24,32,67,8,12,100,1,1,6,289,/en/stats/leaderboard?page=serve,2,2,51,25,49,80,20,25,58,14,24,100,4,4,6,62,/en/stats/leaderboard?page=return,20,5,25,42,10,24,0,0,4,6,58,/en/stats/leaderboard?page=return,25,8,32,33,4,12,0,0,1,6,73,32,44,31,15,49,51,47,93,69,34,49,27,12,44,49,46,93,307.0,/en/stats/leaderboard?page=serve,0.0,1.0,59.0,13.0,22.0,69.0,9.0,13.0,78.0,7.0,9.0,0.0,0.0,0.0,4.0,205.0,/en/stats/leaderboard?page=serve,1.0,1.0,66.0,21.0,32.0,62.0,13.0,21.0,27.0,3.0,11.0,75.0,6.0,8.0,4.0,186.0,/en/stats/leaderboard?page=return,38.0,8.0,21.0,73.0,8.0,11.0,25.0,2.0,8.0,4.0,53.0,/en/stats/leaderboard?page=return,31.0,4.0,13.0,22.0,2.0,9.0,0.0,0.0,0.0,4.0,73.0,16.0,22.0,50.0,16.0,32.0,59.0,32.0,54.0,50.0,16.0,32.0,27.0,6.0,22.0,41.0,22.0,54.0,,314,/en/stats/leaderboard?page=serve,1,3,68,45,66,73,33,45,71,15,21,100,1,1,10,258,/en/stats/leaderboard?page=serve,3,3,57,46,81,72,33,46,49,17,35,83,10,12,10,73,48,66,38,31,81,54,79,147,62,50,81,27,18,66,46,68,147,B,8.0,,,,,,,,,,,,,,,,,,,,,,,,,,,,,,,,,,,,,,,,,,,,,,,,,,,,,,,,,,,,,,,,,,,,,,,,,,,,,,,
421,2026,ATP Masters 1000 Canada,1000,2026-08-02T00:00:00,2026-08-13T00:00:00,Hard,96,9415724,$,MS052,Round of 64,02:04:19,"Game Set and Match Mariano Navone. 
 Mariano Navone wins the match  1-6  6-3  6-3 .",F,3,N0BS,V. Vacherot,M. Navone,VA25,N0BS,MON,ARG,14,,"Game Set and Match Mariano Navone. 
 Mariano Navone wins the match  1-6  6-3  6-3 .",M. Navone,V. Vacherot,,14,ARG,MON,6-1,3-6,3-6,,,02:04:19,191,/en/stats/leaderboard?page=serve,1,0,71,17,24,59,10,17,29,2,7,50,2,4,3,345,/en/stats/leaderboard?page=serve,1,5,79,15,19,87,13,15,75,3,4,0,0,0,4,38,/en/stats/leaderboard?page=return,13,2,15,25,1,4,0,0,0,4,228,/en/stats/leaderboard?page=return,41,7,17,71,5,7,50,2,4,3,50,12,24,16,3,19,35,15,43,84,16,19,50,12,24,65,28,43,311.0,/en/stats/leaderboard?page=serve,1.0,2.0,66.0,19.0,29.0,74.0,14.0,19.0,70.0,7.0,10.0,100.0,1.0,1.0,5.0,241.0,/en/stats/leaderboard?page=serve,1.0,0.0,52.0,11.0,21.0,55.0,6.0,11.0,60.0,6.0,10.0,0.0,0.0,1.0,4.0,210.0,/en/stats/leaderboard?page=return,45.0,5.0,11.0,40.0,4.0,10.0,100.0,1.0,1.0,4.0,56.0,/en/stats/leaderboard?page=return,26.0,5.0,19.0,30.0,3.0,10.0,0.0,0.0,1.0,5.0,72.0,21.0,29.0,43.0,9.0,21.0,60.0,30.0,50.0,57.0,12.0,21.0,28.0,8.0,29.0,40.0,20.0,50.0,,266,/en/stats/leaderboard?page=serve,3,2,71,55,78,64,35,55,57,13,23,57,4,7,12,248,/en/stats/leaderboard?page=serve,4,7,63,51,81,63,32,51,50,15,30,43,3,7,13,62,48,78,42,34,81,52,82,159,58,47,81,38,30,78,48,77,159,B,,191.0,/en/stats/leaderboard?page=serve,2.0,2.0,61.0,25.0,41.0,52.0,13.0,25.0,38.0,6.0,16.0,50.0,3.0,6.0,5.0,275.0,/en/stats/leaderboard?page=serve,1.0,0.0,76.0,19.0,25.0,58.0,11.0,19.0,67.0,4.0,6.0,50.0,1.0,2.0,4.0,150.0,/en/stats/leaderboard?page=return,42.0,8.0,19.0,33.0,2.0,6.0,50.0,1.0,2.0,4.0,221.0,/en/stats/leaderboard?page=return,48.0,12.0,25.0,63.0,10.0,16.0,50.0,3.0,6.0,5.0,46.0,19.0,41.0,40.0,10.0,25.0,44.0,29.0,66.0,60.0,15.0,25.0,54.0,22.0,41.0,56.0,37.0,66.0,,,
421,2026,ATP Masters 1000 Canada,1000,2026-08-02T00:00:00,2026-08-13T00:00:00,Hard,96,9415724,$,MS053,Round of 64,01:38:49,"Game Set and Match Arthur Fils. 
 Arthur Fils wins the match  6-4  3-6  6-1 .",F,3,F0F1,Z. Svajda,A. Fils,S0K7,F0F1,USA,FRA,,18,"Game Set and Match Arthur Fils. 
 Arthur Fils wins the match  6-4  3-6  6-1 .",A. Fils,Z. Svajda,18,,FRA,USA,4-6,6-3,1-6,,,01:38:49,252,/en/stats/leaderboard?page=serve,3,3,55,21,38,76,16,21,41,7,17,75,3,4,5,221,/en/stats/leaderboard?page=serve,1,0,61,17,28,65,11,17,36,4,11,0,0,2,5,239,/en/stats/leaderboard?page=return,35,6,17,64,7,11,100,2,2,5,128,/en/stats/leaderboard?page=return,24,5,21,59,10,17,25,1,4,5,61,23,38,46,13,28,55,36,66,54,15,28,39,15,38,45,30,66,215.0,/en/stats/leaderboard?page=serve,2.0,5.0,68.0,13.0,19.0,77.0,10.0,13.0,17.0,1.0,6.0,50.0,2.0,4.0,4.0,252.0,/en/stats/leaderboard?page=serve,1.0,4.0,54.0,22.0,41.0,73.0,16.0,22.0,42.0,8.0,19.0,75.0,3.0,4.0,5.0,130.0,/en/stats/leaderboard?page=return,27.0,6.0,22.0,58.0,11.0,19.0,25.0,1.0,4.0,5.0,206.0,/en/stats/leaderboard?page=return,23.0,3.0,13.0,83.0,5.0,6.0,50.0,2.0,4.0,4.0,58.0,11.0,19.0,41.0,17.0,41.0,47.0,28.0,60.0,59.0,24.0,41.0,42.0,8.0,19.0,53.0,32.0,60.0,,264,/en/stats/leaderboard?page=serve,5,12,62,48,77,81,39,48,38,11,29,63,5,8,13,220,/en/stats/leaderboard?page=serve,3,4,54,45,83,67,30,45,37,14,38,38,3,8,13,65,50,77,47,39,83,56,89,160,53,44,83,35,27,77,44,71,160,B,,150.0,/en/stats/leaderboard?page=serve,1.0,0.0,43.0,6.0,14.0,50.0,3.0,6.0,25.0,2.0,8.0,0.0,0.0,2.0,3.0,317.0,/en/stats/leaderboard?page=serve,0.0,4.0,70.0,14.0,20.0,93.0,13.0,14.0,50.0,3.0,6.0,0.0,0.0,0.0,4.0,57.0,/en/stats/leaderboard?page=return,7.0,1.0,14.0,50.0,3.0,6.0,0.0,0.0,0.0,4.0,291.0,/en/stats/leaderboard?page=return,50.0,3.0,6.0,75.0,6.0,8.0,100.0,2.0,2.0,3.0,36.0,5.0,14.0,20.0,4.0,20.0,26.0,9.0,34.0,80.0,16.0,20.0,64.0,9.0,14.0,74.0,25.0,34.0,,,
421,2026,ATP Masters 1000 Canada,1000,2026-08-02T00:00:00,2026-08-13T00:00:00,Hard,96,9415724,$,MS054,Round of 64,01:28:31,"Game Set and Match Cameron Norrie. 
 Cameron Norrie wins the match  6-3  6-3 .",F,3,N771,I. Buse,C. Norrie,B0ID,N771,PER,GBR,29,,"Game Set and Match Cameron Norrie. 
 Cameron Norrie wins the match  6-3  6-3 .",C. Norrie,I. Buse,,29,GBR,PER,3-6,3-6,,,,01:28:31,312,/en/stats/leaderboard?page=serve,1,1,70,19,27,79,15,19,63,5,8,0,0,0,5,239,/en/stats/leaderboard?page=serve,0,2,36,10,28,70,7,10,56,10,18,75,3,4,4,124,/en/stats/leaderboard?page=return,30,3,10,44,8,18,25,1,4,4,59,/en/stats/leaderboard?page=return,21,4,19,38,3,8,0,0,0,5,74,20,27,39,11,28,56,31,55,61,17,28,26,7,27,44,24,55,254.0,/en/stats/leaderboard?page=serve,3.0,2.0,67.0,16.0,24.0,63.0,10.0,16.0,50.0,4.0,8.0,75.0,3.0,4.0,4.0,177.0,/en/stats/leaderboard?page=serve,2.0,0.0,48.0,16.0,33.0,56.0,9.0,16.0,35.0,6.0,17.0,57.0,4.0,7.0,5.0,212.0,/en/stats/leaderboard?page=return,44.0,7.0,16.0,65.0,11.0,17.0,43.0,3.0,7.0,5.0,138.0,/en/stats/leaderboard?page=return,38.0,6.0,16.0,50.0,4.0,8.0,25.0,1.0,4.0,4.0,58.0,14.0,24.0,55.0,18.0,33.0,56.0,32.0,57.0,45.0,15.0,33.0,42.0,10.0,24.0,44.0,25.0,57.0,,283,/en/stats/leaderboard?page=serve,4,3,69,35,51,71,25,35,56,9,16,75,3,4,9,206,/en/stats/leaderboard?page=serve,2,2,43,26,61,62,16,26,46,16,35,64,7,11,9,67,34,51,48,29,61,56,63,112,52,32,61,33,17,51,44,49,112,B,,,,,,,,,,,,,,,,,,,,,,,,,,,,,,,,,,,,,,,,,,,,,,,,,,,,,,,,,,,,,,,,,,,,,,,,,,,,,,,,
421,2026,ATP Masters 1000 Canada,1000,2026-08-02T00:00:00,2026-08-13T00:00:00,Hard,96,9415724,$,MS055,Round of 64,01:46:47,"Game Set and Match Alex de Minaur. 
 Alex de Minaur wins the match  6-2  7-6(6).",F,3,DH58,J. Duckworth,A. de Minaur,D994,DH58,AUS,AUS,,3,"Game Set and Match Alex de Minaur. 
 Alex de Minaur wins the match  6-2  7-6(6).",A. de Minaur,J. Duckworth,3,,AUS,AUS,2-6,6-7(6),,,,01:46:47,297,/en/stats/leaderboard?page=serve,0,1,48,11,23,73,8,11,75,9,12,0,0,0,4,207,/en/stats/leaderboard?page=serve,2,1,62,13,21,46,6,13,50,4,8,33,1,3,4,221,/en/stats/leaderboard?page=return,54,7,13,50,4,8,67,2,3,4,52,/en/stats/leaderboard?page=return,27,3,11,25,3,12,0,0,0,4,74,17,23,52,11,21,64,28,44,48,10,21,26,6,23,36,16,44,268.0,/en/stats/leaderboard?page=serve,3.0,1.0,57.0,29.0,51.0,66.0,19.0,29.0,64.0,14.0,22.0,83.0,5.0,6.0,6.0,253.0,/en/stats/leaderboard?page=serve,1.0,6.0,41.0,24.0,58.0,83.0,20.0,24.0,41.0,14.0,34.0,80.0,4.0,5.0,6.0,112.0,/en/stats/leaderboard?page=return,17.0,4.0,24.0,59.0,20.0,34.0,20.0,1.0,5.0,6.0,103.0,/en/stats/leaderboard?page=return,34.0,10.0,29.0,36.0,8.0,22.0,17.0,1.0,6.0,6.0,65.0,33.0,51.0,41.0,24.0,58.0,52.0,57.0,109.0,59.0,34.0,58.0,35.0,18.0,51.0,48.0,52.0,109.0,6.0,279,/en/stats/leaderboard?page=serve,3,2,54,40,74,68,27,40,68,23,34,83,5,6,10,234,/en/stats/leaderboard?page=serve,3,7,47,37,79,70,26,37,43,18,42,63,5,8,10,68,50,74,44,35,79,56,85,153,56,44,79,32,24,74,44,68,153,B,,,,,,,,,,,,,,,,,,,,,,,,,,,,,,,,,,,,,,,,,,,,,,,,,,,,,,,,,,,,,,,,,,,,,,,,,,,,,,,,
421,2026,ATP Masters 1000 Canada,1000,2026-08-02T00:00:00,2026-08-13T00:00:00,Hard,96,9415724,$,MS056,Round of 64,02:09:27,"Game Set and Match Yannick Hanfmann. 
 Yannick Hanfmann wins the match  7-6(5) 7-6(2).",F,3,H997,F. Cobolli,Y. Hanfmann,C0E9,H997,ITA,GER,6,,"Game Set and Match Yannick Hanfmann. 
 Yannick Hanfmann wins the match  7-6(5) 7-6(2).",Y. Hanfmann,F. Cobolli,,6,GER,ITA,6-7(5),6-7(2),,,,02:09:27,234,/en/stats/leaderboard?page=serve,2,1,61,31,51,68,21,31,40,8,20,60,3,5,6,245,/en/stats/leaderboard?page=serve,2,3,67,26,39,65,17,26,46,6,13,50,2,4,6,172,/en/stats/leaderboard?page=return,35,9,26,54,7,13,50,2,4,6,165,/en/stats/leaderboard?page=return,32,10,31,60,12,20,40,2,5,6,57,29,51,41,16,39,50,45,90,59,23,39,43,22,51,50,45,90,244.0,/en/stats/leaderboard?page=serve,1.0,2.0,60.0,25.0,42.0,64.0,16.0,25.0,53.0,9.0,17.0,60.0,3.0,5.0,6.0,235.0,/en/stats/leaderboard?page=serve,2.0,4.0,61.0,30.0,49.0,53.0,16.0,30.0,53.0,10.0,19.0,75.0,6.0,8.0,6.0,152.0,/en/stats/leaderboard?page=return,47.0,14.0,30.0,47.0,9.0,19.0,25.0,2.0,8.0,6.0,156.0,/en/stats/leaderboard?page=return,36.0,9.0,25.0,47.0,8.0,17.0,40.0,2.0,5.0,6.0,60.0,25.0,42.0,47.0,23.0,49.0,53.0,48.0,91.0,53.0,26.0,49.0,40.0,17.0,42.0,47.0,43.0,91.0,2.0,238,/en/stats/leaderboard?page=serve,3,3,60,56,93,66,37,56,46,17,37,60,6,10,12,242,/en/stats/leaderboard?page=serve,4,7,64,56,88,59,33,56,50,16,32,67,8,12,12,58,54,93,44,39,88,51,93,181,56,49,88,42,39,93,49,88,181,B,5.0,,,,,,,,,,,,,,,,,,,,,,,,,,,,,,,,,,,,,,,,,,,,,,,,,,,,,,,,,,,,,,,,,,,,,,,,,,,,,,,
421,2026,ATP Masters 1000 Canada,1000,2026-08-02T00:00:00,2026-08-13T00:00:00,Hard,96,9415724,$,MS057,Round of 64,01:42:10,"Game Set and Match Nuno Borges. 
 Nuno Borges wins the match  6-4  6-2 .",F,3,BT72,N. Borges,T. Etcheverry,BT72,EA24,POR,ARG,,26,"Game Set and Match Nuno Borges. 
 Nuno Borges wins the match  6-4  6-2 .",N. Borges,T. Etcheverry,,26,POR,ARG,6-4,6-2,,,,01:42:10,315,/en/stats/leaderboard?page=serve,1,3,62,16,26,81,13,16,70,7,10,0,0,0,5,264,/en/stats/leaderboard?page=serve,2,0,72,23,32,70,16,23,44,4,9,80,4,5,5,126,/en/stats/leaderboard?page=return,30,7,23,56,5,9,20,1,5,5,49,/en/stats/leaderboard?page=return,19,3,16,30,3,10,0,0,0,5,77,20,26,38,12,32,55,32,58,63,20,32,23,6,26,45,26,58,304.0,/en/stats/leaderboard?page=serve,1.0,5.0,73.0,19.0,26.0,84.0,16.0,19.0,43.0,3.0,7.0,100.0,2.0,2.0,4.0,213.0,/en/stats/leaderboard?page=serve,2.0,2.0,63.0,30.0,48.0,50.0,15.0,30.0,50.0,9.0,18.0,78.0,7.0,9.0,4.0,172.0,/en/stats/leaderboard?page=return,50.0,15.0,30.0,50.0,9.0,18.0,22.0,2.0,9.0,4.0,73.0,/en/stats/leaderboard?page=return,16.0,3.0,19.0,57.0,4.0,7.0,0.0,0.0,2.0,4.0,73.0,19.0,26.0,50.0,24.0,48.0,58.0,43.0,74.0,50.0,24.0,48.0,27.0,7.0,26.0,42.0,31.0,74.0,,315,/en/stats/leaderboard?page=serve,2,8,67,35,52,83,29,35,59,10,17,100,2,2,9,236,/en/stats/leaderboard?page=serve,4,2,66,53,80,58,31,53,48,13,27,79,11,14,9,75,39,52,45,36,80,57,75,132,55,44,80,25,13,52,43,57,132,A,,,,,,,,,,,,,,,,,,,,,,,,,,,,,,,,,,,,,,,,,,,,,,,,,,,,,,,,,,,,,,,,,,,,,,,,,,,,,,,,
421,2026,ATP Masters 1000 Canada,1000,2026-08-02T00:00:00,2026-08-13T00:00:00,Hard,96,9415724,$,MS058,Round of 64,01:03:29,"Game Set and Match Luciano Darderi. 
 Luciano Darderi wins the match 6-4 2-3 RET.",F,3,D0FJ,L. Darderi,G. Diallo,D0FJ,D0F6,ITA,CAN,19,,"Game Set and Match Luciano Darderi. 
 Luciano Darderi wins the match 6-4 2-3 RET.",L. Darderi,G. Diallo,19,,ITA,CAN,6-4,2-3,,,,01:03:29,293,/en/stats/leaderboard?page=serve,1,1,50,14,28,79,11,14,64,9,14,0,0,0,5,277,/en/stats/leaderboard?page=serve,2,3,61,14,23,79,11,14,56,5,9,0,0,1,5,185,/en/stats/leaderboard?page=return,21,3,14,44,4,9,100,1,1,5,57,/en/stats/leaderboard?page=return,21,3,14,36,5,14,0,0,0,5,71,20,28,30,7,23,53,27,51,70,16,23,29,8,28,47,24,51,369.0,/en/stats/leaderboard?page=serve,0.0,1.0,80.0,8.0,10.0,88.0,7.0,8.0,100.0,2.0,2.0,0.0,0.0,0.0,2.0,292.0,/en/stats/leaderboard?page=serve,2.0,2.0,59.0,13.0,22.0,77.0,10.0,13.0,56.0,5.0,9.0,0.0,0.0,0.0,3.0,67.0,/en/stats/leaderboard?page=return,23.0,3.0,13.0,44.0,4.0,9.0,0.0,0.0,0.0,3.0,13.0,/en/stats/leaderboard?page=return,13.0,1.0,8.0,0.0,0.0,2.0,0.0,0.0,0.0,2.0,90.0,9.0,10.0,32.0,7.0,22.0,50.0,16.0,32.0,68.0,15.0,22.0,10.0,1.0,10.0,50.0,16.0,32.0,,310,/en/stats/leaderboard?page=serve,1,2,58,22,38,82,18,22,69,11,16,0,0,0,7,282,/en/stats/leaderboard?page=serve,4,5,60,27,45,78,21,27,56,10,18,0,0,1,8,76,29,38,31,14,45,52,43,83,69,31,45,24,9,38,48,40,83,A,,,,,,,,,,,,,,,,,,,,,,,,,,,,,,,,,,,,,,,,,,,,,,,,,,,,,,,,,,,,,,,,,,,,,,,,,,,,,,,,
421,2026,ATP Masters 1000 Canada,1000,2026-08-02T00:00:00,2026-08-13T00:00:00,Hard,96,9415724,$,MS059,Round of 64,02:44:22,"Game Set and Match Juncheng Shang. 
 Juncheng Shang wins the match  7-5  4-6  7-6(5).",F,3,S0RE,J. Shang,A. Rublev,S0RE,RE44,CHN,RUS,,10,"Game Set and Match Juncheng Shang. 
 Juncheng Shang wins the match  7-5  4-6  7-6(5).",J. Shang,A. Rublev,,10,CHN,RUS,7-5,4-6,7-6(5),,,02:44:22,312,/en/stats/leaderboard?page=serve,1,2,53,17,32,71,12,17,87,13,15,0,0,0,6,257,/en/stats/leaderboard?page=serve,2,2,41,16,39,81,13,16,52,12,23,67,2,3,6,116,/en/stats/leaderboard?page=return,19,3,16,48,11,23,33,1,3,6,42,/en/stats/leaderboard?page=return,29,5,17,13,2,15,0,0,0,6,78,25,32,36,14,39,55,39,71,64,25,39,22,7,32,45,32,71,193.0,/en/stats/leaderboard?page=serve,2.0,1.0,56.0,22.0,39.0,45.0,10.0,22.0,53.0,9.0,17.0,50.0,3.0,6.0,5.0,214.0,/en/stats/leaderboard?page=serve,2.0,3.0,57.0,16.0,28.0,63.0,10.0,16.0,33.0,4.0,12.0,0.0,0.0,2.0,5.0,245.0,/en/stats/leaderboard?page=return,38.0,6.0,16.0,67.0,8.0,12.0,100.0,2.0,2.0,5.0,212.0,/en/stats/leaderboard?page=return,55.0,12.0,22.0,47.0,8.0,17.0,50.0,3.0,6.0,5.0,49.0,19.0,39.0,50.0,14.0,28.0,49.0,33.0,67.0,50.0,14.0,28.0,51.0,20.0,39.0,51.0,34.0,67.0,,267,/en/stats/leaderboard?page=serve,3,5,60,76,126,57,43,76,72,36,50,73,11,15,17,253,/en/stats/leaderboard?page=serve,8,12,54,60,111,68,41,60,51,26,51,43,3,7,17,63,79,126,40,44,111,52,123,237,60,67,111,37,47,126,48,114,237,A,,277.0,/en/stats/leaderboard?page=serve,4.0,7.0,64.0,28.0,44.0,64.0,18.0,28.0,63.0,10.0,16.0,50.0,1.0,2.0,6.0,287.0,/en/stats/leaderboard?page=serve,0.0,2.0,67.0,37.0,55.0,57.0,21.0,37.0,78.0,14.0,18.0,89.0,8.0,9.0,6.0,92.0,/en/stats/leaderboard?page=return,43.0,16.0,37.0,22.0,4.0,18.0,11.0,1.0,9.0,6.0,140.0,/en/stats/leaderboard?page=return,36.0,10.0,28.0,38.0,6.0,16.0,50.0,1.0,2.0,6.0,64.0,28.0,44.0,36.0,20.0,55.0,48.0,48.0,99.0,64.0,35.0,55.0,36.0,16.0,44.0,52.0,51.0,99.0,,,5.0
421,2026,ATP Masters 1000 Canada,1000,2026-08-02T00:00:00,2026-08-13T00:00:00,Hard,96,9415724,$,MS060,Round of 64,02:16:46,"Game Set and Match Frances Tiafoe. 
 Frances Tiafoe wins the match  5-7  6-2  6-2 .",F,3,TD51,F. Tiafoe,M. Cilic,TD51,C977,USA,CRO,15,,"Game Set and Match Frances Tiafoe. 
 Frances Tiafoe wins the match  5-7  6-2  6-2 .",F. Tiafoe,M. Cilic,15,,USA,CRO,5-7,6-2,6-2,,,02:16:46,264,/en/stats/leaderboard?page=serve,2,4,67,26,39,81,21,26,31,4,13,83,5,6,6,325,/en/stats/leaderboard?page=serve,0,4,77,23,30,87,20,23,57,4,7,0,0,0,6,56,/en/stats/leaderboard?page=return,13,3,23,43,3,7,0,0,0,6,121,/en/stats/leaderboard?page=return,19,5,26,69,9,13,17,1,6,6,64,25,39,20,6,30,45,31,69,80,24,30,36,14,39,55,38,69,330.0,/en/stats/leaderboard?page=serve,0.0,2.0,65.0,13.0,20.0,77.0,10.0,13.0,86.0,6.0,7.0,0.0,0.0,0.0,4.0,203.0,/en/stats/leaderboard?page=serve,2.0,1.0,60.0,18.0,30.0,61.0,11.0,18.0,33.0,4.0,12.0,33.0,1.0,3.0,4.0,223.0,/en/stats/leaderboard?page=return,39.0,7.0,18.0,67.0,8.0,12.0,67.0,2.0,3.0,4.0,37.0,/en/stats/leaderboard?page=return,23.0,3.0,13.0,14.0,1.0,7.0,0.0,0.0,0.0,4.0,80.0,16.0,20.0,50.0,15.0,30.0,62.0,31.0,50.0,50.0,15.0,30.0,20.0,4.0,20.0,38.0,19.0,50.0,,304,/en/stats/leaderboard?page=serve,2,9,64,49,77,84,41,49,57,16,28,83,5,6,14,247,/en/stats/leaderboard?page=serve,4,9,65,66,102,73,48,66,33,12,36,43,3,7,14,74,57,77,41,42,102,55,99,179,59,60,102,26,20,77,45,80,179,A,,204.0,/en/stats/leaderboard?page=serve,2.0,4.0,60.0,25.0,42.0,68.0,17.0,25.0,24.0,4.0,17.0,50.0,2.0,4.0,4.0,334.0,/en/stats/leaderboard?page=serve,0.0,3.0,56.0,10.0,18.0,100.0,10.0,10.0,75.0,6.0,8.0,0.0,0.0,0.0,4.0,25.0,/en/stats/leaderboard?page=return,0.0,0.0,10.0,25.0,2.0,8.0,0.0,0.0,0.0,4.0,208.0,/en/stats/leaderboard?page=return,32.0,8.0,25.0,76.0,13.0,17.0,50.0,2.0,4.0,4.0,50.0,21.0,42.0,11.0,2.0,18.0,38.0,23.0,60.0,89.0,16.0,18.0,50.0,21.0,42.0,62.0,37.0,60.0,,,
421,2026,ATP Masters 1000 Canada,1000,2026-08-02T00:00:00,2026-08-13T00:00:00,Hard,96,9415724,$,MS061,Round of 64,02:53:22,"Game Set and Match Arthur Rinderknech. 
 Arthur Rinderknech wins the match  6-7(5) 6-4  6-4 .",F,3,RC91,M. Kecmanovic,A. Rinderknech,KI95,RC91,SRB,FRA,,23,"Game Set and Match Arthur Rinderknech. 
 Arthur Rinderknech wins the match  6-7(5) 6-4  6-4 .",A. Rinderknech,M. Kecmanovic,23,,FRA,SRB,7-6(5),4-6,4-6,,,02:53:22,240,/en/stats/leaderboard?page=serve,1,7,57,28,49,68,19,28,43,9,21,67,4,6,6,242,/en/stats/leaderboard?page=serve,3,2,59,23,39,74,17,23,44,7,16,33,1,3,6,182,/en/stats/leaderboard?page=return,26,6,23,56,9,16,67,2,3,6,155,/en/stats/leaderboard?page=return,32,9,28,57,12,21,33,2,6,6,57,28,49,38,15,39,49,43,88,62,24,39,43,21,49,51,45,88,284.0,/en/stats/leaderboard?page=serve,4.0,7.0,51.0,18.0,35.0,83.0,15.0,18.0,47.0,8.0,17.0,100.0,4.0,4.0,5.0,259.0,/en/stats/leaderboard?page=serve,3.0,0.0,61.0,20.0,33.0,75.0,15.0,20.0,46.0,6.0,13.0,50.0,1.0,2.0,5.0,149.0,/en/stats/leaderboard?page=return,25.0,5.0,20.0,54.0,7.0,13.0,50.0,1.0,2.0,5.0,70.0,/en/stats/leaderboard?page=return,17.0,3.0,18.0,53.0,9.0,17.0,0.0,0.0,4.0,5.0,66.0,23.0,35.0,36.0,12.0,33.0,51.0,35.0,68.0,64.0,21.0,33.0,34.0,12.0,35.0,49.0,33.0,68.0,,277,/en/stats/leaderboard?page=serve,9,21,55,64,117,78,50,64,45,24,53,86,12,14,16,248,/en/stats/leaderboard?page=serve,7,3,57,63,110,73,46,63,47,22,47,64,7,11,16,63,74,117,38,42,110,51,116,227,62,68,110,37,43,117,49,111,227,B,,253.0,/en/stats/leaderboard?page=serve,1.0,1.0,53.0,20.0,38.0,70.0,14.0,20.0,50.0,9.0,18.0,83.0,5.0,6.0,5.0,294.0,/en/stats/leaderboard?page=serve,4.0,7.0,55.0,18.0,33.0,89.0,16.0,18.0,47.0,7.0,15.0,100.0,4.0,4.0,5.0,64.0,/en/stats/leaderboard?page=return,11.0,2.0,18.0,53.0,8.0,15.0,0.0,0.0,4.0,5.0,117.0,/en/stats/leaderboard?page=return,30.0,6.0,20.0,50.0,9.0,18.0,17.0,1.0,6.0,5.0,61.0,23.0,38.0,30.0,10.0,33.0,46.0,33.0,71.0,70.0,23.0,33.0,39.0,15.0,38.0,54.0,38.0,71.0,,5.0,
421,2026,ATP Masters 1000 Canada,1000,2026-08-02T00:00:00,2026-08-13T00:00:00,Hard,96,9415724,$,MS062,Round of 64,01:03:22,"Game Set and Match Brandon Nakashima. 
 Brandon Nakashima wins the match  6-2  6-1 .",F,3,N0AE,B. Nakashima,D. Altmaier,N0AE,AE14,USA,GER,28,,"Game Set and Match Brandon Nakashima. 
 Brandon Nakashima wins the match  6-2  6-1 .",B. Nakashima,D. Altmaier,28,,USA,GER,6-2,6-1,,,,01:03:22,323,/en/stats/leaderboard?page=serve,1,4,63,12,19,100,12,12,57,4,7,0,0,0,4,207,/en/stats/leaderboard?page=serve,1,2,74,17,23,65,11,17,17,1,6,0,0,2,4,268,/en/stats/leaderboard?page=return,35,6,17,83,5,6,100,2,2,4,43,/en/stats/leaderboard?page=return,0,0,12,43,3,7,0,0,0,4,84,16,19,48,11,23,64,27,42,52,12,23,16,3,19,36,15,42,315.0,/en/stats/leaderboard?page=serve,0.0,2.0,64.0,14.0,22.0,86.0,12.0,14.0,63.0,5.0,8.0,100.0,3.0,3.0,4.0,181.0,/en/stats/leaderboard?page=serve,2.0,0.0,59.0,17.0,29.0,41.0,7.0,17.0,50.0,6.0,12.0,60.0,3.0,5.0,3.0,215.0,/en/stats/leaderboard?page=return,59.0,10.0,17.0,50.0,6.0,12.0,40.0,2.0,5.0,3.0,52.0,/en/stats/leaderboard?page=return,14.0,2.0,14.0,38.0,3.0,8.0,0.0,0.0,3.0,4.0,77.0,17.0,22.0,55.0,16.0,29.0,65.0,33.0,51.0,45.0,13.0,29.0,23.0,5.0,22.0,35.0,18.0,51.0,,320,/en/stats/leaderboard?page=serve,1,6,63,26,41,92,24,26,60,9,15,100,3,3,8,198,/en/stats/leaderboard?page=serve,3,2,65,34,52,53,18,34,39,7,18,43,3,7,7,80,33,41,52,27,52,65,60,93,48,25,52,20,8,41,35,33,93,A,,,,,,,,,,,,,,,,,,,,,,,,,,,,,,,,,,,,,,,,,,,,,,,,,,,,,,,,,,,,,,,,,,,,,,,,,,,,,,,,
421,2026,ATP Masters 1000 Canada,1000,2026-08-02T00:00:00,2026-08-13T00:00:00,Hard,96,9415724,$,MS063,Round of 64,01:52:42,"Game Set and Match Titouan Droguet. 
 Titouan Droguet wins the match  7-6(2) 6-2 .",F,3,D0DW,T. Droguet,J. Faria,D0DW,F0F2,FRA,POR,,,"Game Set and Match Titouan Droguet. 
 Titouan Droguet wins the match  7-6(2) 6-2 .",T. Droguet,J. Faria,,,FRA,POR,7-6(2),6-2,,,,01:52:42,249,/en/stats/leaderboard?page=serve,3,5,55,27,49,67,18,27,59,13,22,67,4,6,6,223,/en/stats/leaderboard?page=serve,4,5,48,30,63,63,19,30,45,15,33,67,4,6,6,158,/en/stats/leaderboard?page=return,37,11,30,55,18,33,33,2,6,6,140,/en/stats/leaderboard?page=return,33,9,27,41,9,22,33,2,6,6,63,31,49,46,29,63,54,60,112,54,34,63,37,18,49,46,52,112,307.0,/en/stats/leaderboard?page=serve,0.0,1.0,56.0,14.0,25.0,86.0,12.0,14.0,64.0,7.0,11.0,0.0,0.0,0.0,4.0,192.0,/en/stats/leaderboard?page=serve,6.0,1.0,41.0,13.0,32.0,69.0,9.0,13.0,37.0,7.0,19.0,60.0,3.0,5.0,4.0,184.0,/en/stats/leaderboard?page=return,31.0,4.0,13.0,63.0,12.0,19.0,40.0,2.0,5.0,4.0,50.0,/en/stats/leaderboard?page=return,14.0,2.0,14.0,36.0,4.0,11.0,0.0,0.0,0.0,4.0,76.0,19.0,25.0,50.0,16.0,32.0,61.0,35.0,57.0,50.0,16.0,32.0,24.0,6.0,25.0,39.0,22.0,57.0,,272,/en/stats/leaderboard?page=serve,3,6,55,41,74,73,30,41,61,20,33,67,4,6,10,208,/en/stats/leaderboard?page=serve,10,6,45,43,95,65,28,43,42,22,52,64,7,11,10,68,50,74,47,45,95,56,95,169,53,50,95,32,24,74,44,74,169,A,2.0,,,,,,,,,,,,,,,,,,,,,,,,,,,,,,,,,,,,,,,,,,,,,,,,,,,,,,,,,,,,,,,,,,,,,,,,,,,,,,,
421,2026,ATP Masters 1000 Canada,1000,2026-08-02T00:00:00,2026-08-13T00:00:00,Hard,96,9415724,$,MS065,Round of 128,01:50:28,"Game Set and Match Tallon Griekspoor. 
 Tallon Griekspoor wins the match  7-6(5) 7-5 .",F,3,GJ37,L. Sonego,T. Griekspoor,SU87,GJ37,ITA,NED,,,"Game Set and Match Tallon Griekspoor. 
 Tallon Griekspoor wins the match  7-6(5) 7-5 .",T. Griekspoor,L. Sonego,,,NED,ITA,6-7(5),5-7,,,,01:50:28,335,/en/stats/leaderboard?page=serve,0,3,69,25,36,72,18,25,91,10,11,0,0,0,6,298,/en/stats/leaderboard?page=serve,2,6,62,29,47,76,22,29,56,10,18,100,3,3,6,68,/en/stats/leaderboard?page=return,24,7,29,44,8,18,0,0,3,6,37,/en/stats/leaderboard?page=return,28,7,25,9,1,11,0,0,0,6,78,28,36,32,15,47,52,43,83,68,32,47,22,8,36,48,40,83,271.0,/en/stats/leaderboard?page=serve,3.0,2.0,54.0,19.0,35.0,79.0,15.0,19.0,56.0,9.0,16.0,50.0,1.0,2.0,6.0,256.0,/en/stats/leaderboard?page=serve,2.0,3.0,72.0,21.0,29.0,67.0,14.0,21.0,50.0,4.0,8.0,33.0,1.0,3.0,6.0,183.0,/en/stats/leaderboard?page=return,33.0,7.0,21.0,50.0,4.0,8.0,67.0,2.0,3.0,6.0,131.0,/en/stats/leaderboard?page=return,21.0,4.0,19.0,44.0,7.0,16.0,50.0,1.0,2.0,6.0,69.0,24.0,35.0,38.0,11.0,29.0,55.0,35.0,64.0,62.0,18.0,29.0,31.0,11.0,35.0,45.0,29.0,64.0,,300,/en/stats/leaderboard?page=serve,3,5,62,44,71,75,33,44,70,19,27,50,1,2,12,280,/en/stats/leaderboard?page=serve,4,9,66,50,76,72,36,50,54,14,26,67,4,6,12,73,52,71,34,26,76,53,78,147,66,50,76,27,19,71,47,69,147,B,5.0,,,,,,,,,,,,,,,,,,,,,,,,,,,,,,,,,,,,,,,,,,,,,,,,,,,,,,,,,,,,,,,,,,,,,,,,,,,,,,,
421,2026,ATP Masters 1000 Canada,1000,2026-08-02T00:00:00,2026-08-13T00:00:00,Hard,96,9415724,$,MS066,Round of 128,01:19:49,"Game Set and Match Fabian Marozsan. 
 Fabian Marozsan wins the match  6-4  6-3 .",F,3,M0CI,S. Mochizuki,F. Marozsan,M0HU,M0CI,JPN,HUN,,,"Game Set and Match Fabian Marozsan. 
 Fabian Marozsan wins the match  6-4  6-3 .",F. Marozsan,S. Mochizuki,,,HUN,JPN,4-6,3-6,,,,01:19:49,210,/en/stats/leaderboard?page=serve,2,1,48,15,31,47,7,15,56,9,16,50,2,4,5,177,/en/stats/leaderboard?page=serve,2,0,48,15,31,60,9,15,31,5,16,40,2,5,5,229,/en/stats/leaderboard?page=return,40,6,15,69,11,16,60,3,5,5,187,/en/stats/leaderboard?page=return,53,8,15,44,7,16,50,2,4,5,52,16,31,55,17,31,53,33,62,45,14,31,48,15,31,47,29,62,316.0,/en/stats/leaderboard?page=serve,0.0,0.0,69.0,20.0,29.0,80.0,16.0,20.0,67.0,6.0,9.0,100.0,1.0,1.0,5.0,228.0,/en/stats/leaderboard?page=serve,2.0,0.0,36.0,9.0,25.0,56.0,5.0,9.0,63.0,10.0,16.0,67.0,2.0,3.0,4.0,140.0,/en/stats/leaderboard?page=return,44.0,4.0,9.0,38.0,6.0,16.0,33.0,1.0,3.0,4.0,53.0,/en/stats/leaderboard?page=return,20.0,4.0,20.0,33.0,3.0,9.0,0.0,0.0,1.0,5.0,76.0,22.0,29.0,40.0,10.0,25.0,59.0,32.0,54.0,60.0,15.0,25.0,24.0,7.0,29.0,41.0,22.0,54.0,,263,/en/stats/leaderboard?page=serve,2,1,58,35,60,66,23,35,60,15,25,60,3,5,10,199,/en/stats/leaderboard?page=serve,4,0,43,24,56,58,14,24,47,15,32,50,4,8,9,63,38,60,48,27,56,56,65,116,52,29,56,37,22,60,44,51,116,B,,,,,,,,,,,,,,,,,,,,,,,,,,,,,,,,,,,,,,,,,,,,,,,,,,,,,,,,,,,,,,,,,,,,,,,,,,,,,,,,
421,2026,ATP Masters 1000 Canada,1000,2026-08-02T00:00:00,2026-08-13T00:00:00,Hard,96,9415724,$,MS069,Round of 128,02:35:45,"Game Set and Match Daniel Merida. 
 Daniel Merida wins the match  3-6  6-4  6-4 .",F,3,M0N7,D. Merida,L. Draxl,M0N7,D0DP,ESP,CAN,,,"Game Set and Match Daniel Merida. 
 Daniel Merida wins the match  3-6  6-4  6-4 .",D. Merida,L. Draxl,,,ESP,CAN,3-6,6-4,6-4,,,02:35:45,202,/en/stats/leaderboard?page=serve,1,0,70,14,20,50,7,14,33,2,6,0,0,2,4,275,/en/stats/leaderboard?page=serve,0,1,67,18,27,83,15,18,44,4,9,0,0,1,5,193,/en/stats/leaderboard?page=return,17,3,18,56,5,9,100,1,1,5,267,/en/stats/leaderboard?page=return,50,7,14,67,4,6,100,2,2,4,45,9,20,30,8,27,36,17,47,70,19,27,55,11,20,64,30,47,307.0,/en/stats/leaderboard?page=serve,0.0,1.0,71.0,30.0,42.0,60.0,18.0,30.0,75.0,9.0,12.0,100.0,5.0,5.0,5.0,267.0,/en/stats/leaderboard?page=serve,0.0,0.0,56.0,15.0,27.0,73.0,11.0,15.0,58.0,7.0,12.0,0.0,0.0,1.0,5.0,189.0,/en/stats/leaderboard?page=return,27.0,4.0,15.0,42.0,5.0,12.0,100.0,1.0,1.0,5.0,65.0,/en/stats/leaderboard?page=return,40.0,12.0,30.0,25.0,3.0,12.0,0.0,0.0,5.0,5.0,64.0,27.0,42.0,33.0,9.0,27.0,52.0,36.0,69.0,67.0,18.0,27.0,36.0,15.0,42.0,48.0,33.0,69.0,,229,/en/stats/leaderboard?page=serve,6,1,65,75,116,56,42,75,49,20,41,71,12,17,14,231,/en/stats/leaderboard?page=serve,1,1,60,53,88,68,36,53,43,15,35,25,2,8,15,53,62,116,42,37,88,49,99,204,58,51,88,47,54,116,51,105,204,A,,157.0,/en/stats/leaderboard?page=serve,1.0,0.0,59.0,20.0,34.0,50.0,10.0,20.0,29.0,4.0,14.0,33.0,2.0,6.0,5.0,186.0,/en/stats/leaderboard?page=serve,5.0,0.0,57.0,31.0,54.0,55.0,17.0,31.0,39.0,9.0,23.0,70.0,7.0,10.0,5.0,196.0,/en/stats/leaderboard?page=return,45.0,14.0,31.0,61.0,14.0,23.0,30.0,3.0,10.0,5.0,268.0,/en/stats/leaderboard?page=return,50.0,10.0,20.0,71.0,10.0,14.0,67.0,4.0,6.0,5.0,41.0,14.0,34.0,52.0,28.0,54.0,48.0,42.0,88.0,48.0,26.0,54.0,59.0,20.0,34.0,52.0,46.0,88.0,,,
421,2026,ATP Masters 1000 Canada,1000,2026-08-02T00:00:00,2026-08-13T00:00:00,Hard,96,9415724,$,MS070,Round of 128,01:26:33,"Game Set and Match Alex Michelsen. 
 Alex Michelsen wins the match  6-1  3-6  6-1 .",F,3,M0QI,A. Michelsen,J. Struff,M0QI,SL28,USA,GER,,,"Game Set and Match Alex Michelsen. 
 Alex Michelsen wins the match  6-1  3-6  6-1 .",A. Michelsen,J. Struff,,,USA,GER,6-1,3-6,6-1,,,01:26:33,299,/en/stats/leaderboard?page=serve,0,2,58,14,24,79,11,14,60,6,10,0,0,0,4,176,/en/stats/leaderboard?page=serve,0,0,47,8,17,63,5,8,33,3,9,0,0,2,3,271,/en/stats/leaderboard?page=return,38,3,8,67,6,9,100,2,2,3,61,/en/stats/leaderboard?page=return,21,3,14,40,4,10,0,0,0,4,71,17,24,53,9,17,63,26,41,47,8,17,29,7,24,37,15,41,251.0,/en/stats/leaderboard?page=serve,2.0,1.0,60.0,15.0,25.0,67.0,10.0,15.0,50.0,5.0,10.0,0.0,0.0,1.0,4.0,312.0,/en/stats/leaderboard?page=serve,1.0,6.0,67.0,20.0,30.0,80.0,16.0,20.0,60.0,6.0,10.0,100.0,2.0,2.0,5.0,60.0,/en/stats/leaderboard?page=return,20.0,4.0,20.0,40.0,4.0,10.0,0.0,0.0,2.0,5.0,208.0,/en/stats/leaderboard?page=return,33.0,5.0,15.0,50.0,5.0,10.0,100.0,1.0,1.0,4.0,60.0,15.0,25.0,27.0,8.0,30.0,42.0,23.0,55.0,73.0,22.0,30.0,40.0,10.0,25.0,58.0,32.0,55.0,,290,/en/stats/leaderboard?page=serve,3,4,63,43,68,79,34,43,56,14,25,0,0,1,12,237,/en/stats/leaderboard?page=serve,1,6,57,35,61,66,23,35,46,12,26,33,2,6,11,71,48,68,43,26,61,57,74,129,57,35,61,29,20,68,43,55,129,A,,155.0,/en/stats/leaderboard?page=serve,0.0,0.0,50.0,7.0,14.0,29.0,2.0,7.0,43.0,3.0,7.0,0.0,0.0,2.0,3.0,327.0,/en/stats/leaderboard?page=serve,1.0,1.0,74.0,14.0,19.0,93.0,13.0,14.0,60.0,3.0,5.0,0.0,0.0,0.0,4.0,47.0,/en/stats/leaderboard?page=return,7.0,1.0,14.0,40.0,2.0,5.0,0.0,0.0,0.0,4.0,294.0,/en/stats/leaderboard?page=return,71.0,5.0,7.0,57.0,4.0,7.0,100.0,2.0,2.0,3.0,36.0,5.0,14.0,16.0,3.0,19.0,24.0,8.0,33.0,84.0,16.0,19.0,64.0,9.0,14.0,76.0,25.0,33.0,,,
421,2026,ATP Masters 1000 Canada,1000,2026-08-02T00:00:00,2026-08-13T00:00:00,Hard,96,9415724,$,MS073,Round of 128,01:38:47,"Game Set and Match Gael Monfils. 
 Gael Monfils wins the match  6-4  6-4 .",F,3,MC65,K. Majchrzak,G. Monfils,MQ75,MC65,POL,FRA,,,"Game Set and Match Gael Monfils. 
 Gael Monfils wins the match  6-4  6-4 .",G. Monfils,K. Majchrzak,,,FRA,POL,4-6,4-6,,,,01:38:47,250,/en/stats/leaderboard?page=serve,2,6,53,20,38,80,16,20,33,6,18,0,0,1,5,233,/en/stats/leaderboard?page=serve,1,1,57,17,30,47,8,17,69,9,13,0,0,2,5,224,/en/stats/leaderboard?page=return,53,9,17,31,4,13,100,2,2,5,207,/en/stats/leaderboard?page=return,20,4,20,67,12,18,100,1,1,5,58,22,38,43,13,30,51,35,68,57,17,30,42,16,38,49,33,68,254.0,/en/stats/leaderboard?page=serve,4.0,2.0,35.0,11.0,31.0,91.0,10.0,11.0,50.0,10.0,20.0,75.0,3.0,4.0,5.0,216.0,/en/stats/leaderboard?page=serve,2.0,0.0,53.0,21.0,40.0,52.0,11.0,21.0,53.0,10.0,19.0,71.0,5.0,7.0,5.0,164.0,/en/stats/leaderboard?page=return,48.0,10.0,21.0,47.0,9.0,19.0,29.0,2.0,7.0,5.0,104.0,/en/stats/leaderboard?page=return,9.0,1.0,11.0,50.0,10.0,20.0,25.0,1.0,4.0,5.0,65.0,20.0,31.0,48.0,19.0,40.0,55.0,39.0,71.0,53.0,21.0,40.0,35.0,11.0,31.0,45.0,32.0,71.0,,253,/en/stats/leaderboard?page=serve,6,8,45,31,69,84,26,31,42,16,38,60,3,5,10,221,/en/stats/leaderboard?page=serve,3,1,54,38,70,50,19,38,59,19,32,56,5,9,10,61,42,69,46,32,70,53,74,139,54,38,70,39,27,69,47,65,139,B,,,,,,,,,,,,,,,,,,,,,,,,,,,,,,,,,,,,,,,,,,,,,,,,,,,,,,,,,,,,,,,,,,,,,,,,,,,,,,,,
421,2026,ATP Masters 1000 Canada,1000,2026-08-02T00:00:00,2026-08-13T00:00:00,Hard,96,9415724,$,MS074,Round of 128,02:16:35,"Game Set and Match Valentin Royer. 
 Valentin Royer wins the match  1-6  7-5  6-2 .",F,3,R0EB,P. Carreno Busta,V. Royer,CD85,R0EB,ESP,FRA,,,"Game Set and Match Valentin Royer. 
 Valentin Royer wins the match  1-6  7-5  6-2 .",V. Royer,P. Carreno Busta,,,FRA,ESP,6-1,5-7,2-6,,,02:16:35,157,/en/stats/leaderboard?page=serve,4,0,50,15,30,53,8,15,33,5,15,57,4,7,4,301,/en/stats/leaderboard?page=serve,0,2,58,11,19,91,10,11,50,4,8,0,0,0,3,59,/en/stats/leaderboard?page=return,9,1,11,50,4,8,0,0,0,3,232,/en/stats/leaderboard?page=return,47,7,15,67,10,15,43,3,7,4,43,13,30,26,5,19,37,18,49,74,14,19,57,17,30,63,31,49,290.0,/en/stats/leaderboard?page=serve,2.0,0.0,56.0,20.0,36.0,80.0,16.0,20.0,56.0,9.0,16.0,0.0,0.0,0.0,6.0,251.0,/en/stats/leaderboard?page=serve,4.0,2.0,59.0,29.0,49.0,76.0,22.0,29.0,35.0,7.0,20.0,75.0,3.0,4.0,6.0,130.0,/en/stats/leaderboard?page=return,24.0,7.0,29.0,65.0,13.0,20.0,25.0,1.0,4.0,6.0,64.0,/en/stats/leaderboard?page=return,20.0,4.0,20.0,44.0,7.0,16.0,0.0,0.0,0.0,6.0,69.0,25.0,36.0,41.0,20.0,49.0,53.0,45.0,85.0,59.0,29.0,49.0,31.0,11.0,36.0,47.0,40.0,85.0,,251,/en/stats/leaderboard?page=serve,7,4,55,51,93,71,36,51,50,21,42,63,5,8,14,245,/en/stats/leaderboard?page=serve,4,4,60,58,97,76,44,58,33,13,39,57,4,7,13,61,57,93,41,40,97,51,97,190,59,57,97,39,36,93,49,93,190,B,,197.0,/en/stats/leaderboard?page=serve,0.0,0.0,62.0,18.0,29.0,67.0,12.0,18.0,18.0,2.0,11.0,33.0,1.0,3.0,4.0,301.0,/en/stats/leaderboard?page=serve,1.0,4.0,59.0,16.0,27.0,75.0,12.0,16.0,64.0,7.0,11.0,100.0,1.0,1.0,4.0,61.0,/en/stats/leaderboard?page=return,25.0,4.0,16.0,36.0,4.0,11.0,0.0,0.0,1.0,4.0,232.0,/en/stats/leaderboard?page=return,33.0,6.0,18.0,82.0,9.0,11.0,67.0,2.0,3.0,4.0,48.0,14.0,29.0,30.0,8.0,27.0,39.0,22.0,56.0,70.0,19.0,27.0,52.0,15.0,29.0,61.0,34.0,56.0,,,
421,2026,ATP Masters 1000 Canada,1000,2026-08-02T00:00:00,2026-08-13T00:00:00,Hard,96,9415724,$,MS077,Round of 128,02:12:05,"Game Set and Match Alexei Popyrin. 
 Alexei Popyrin wins the match  4-6  7-5  6-3 .",F,3,P09Z,A. Popyrin,R. Burruchaga,P09Z,B0FV,AUS,ARG,,,"Game Set and Match Alexei Popyrin. 
 Alexei Popyrin wins the match  4-6  7-5  6-3 .",A. Popyrin,R. Burruchaga,,,AUS,ARG,4-6,7-5,6-3,,,02:12:05,317,/en/stats/leaderboard?page=serve,0,5,81,21,26,71,15,21,80,4,5,67,2,3,5,291,/en/stats/leaderboard?page=serve,3,1,45,13,29,92,12,13,56,9,16,100,1,1,5,52,/en/stats/leaderboard?page=return,8,1,13,44,7,16,0,0,1,5,102,/en/stats/leaderboard?page=return,29,6,21,20,1,5,33,1,3,5,73,19,26,28,8,29,49,27,55,72,21,29,27,7,26,51,28,55,283.0,/en/stats/leaderboard?page=serve,2.0,7.0,69.0,24.0,35.0,71.0,17.0,24.0,55.0,6.0,11.0,0.0,0.0,1.0,6.0,254.0,/en/stats/leaderboard?page=serve,2.0,3.0,77.0,24.0,31.0,67.0,16.0,24.0,43.0,3.0,7.0,50.0,2.0,4.0,6.0,173.0,/en/stats/leaderboard?page=return,33.0,8.0,24.0,57.0,4.0,7.0,50.0,2.0,4.0,6.0,190.0,/en/stats/leaderboard?page=return,29.0,7.0,24.0,45.0,5.0,11.0,100.0,1.0,1.0,6.0,66.0,23.0,35.0,39.0,12.0,31.0,53.0,35.0,66.0,61.0,19.0,31.0,34.0,12.0,35.0,47.0,31.0,66.0,,311,/en/stats/leaderboard?page=serve,2,16,71,65,92,72,47,65,67,18,27,67,4,6,16,268,/en/stats/leaderboard?page=serve,5,8,56,45,81,73,33,45,56,20,36,57,4,7,15,71,65,92,35,28,81,54,93,173,65,53,81,29,27,92,46,80,173,A,,242.0,/en/stats/leaderboard?page=serve,0.0,4.0,38.0,8.0,21.0,63.0,5.0,8.0,62.0,8.0,13.0,50.0,1.0,2.0,4.0,317.0,/en/stats/leaderboard?page=serve,0.0,4.0,65.0,20.0,31.0,75.0,15.0,20.0,73.0,8.0,11.0,100.0,2.0,2.0,5.0,52.0,/en/stats/leaderboard?page=return,25.0,5.0,20.0,27.0,3.0,11.0,0.0,0.0,2.0,5.0,151.0,/en/stats/leaderboard?page=return,38.0,3.0,8.0,38.0,5.0,13.0,50.0,1.0,2.0,4.0,62.0,13.0,21.0,26.0,8.0,31.0,40.0,21.0,52.0,74.0,23.0,31.0,38.0,8.0,21.0,60.0,31.0,52.0,,,
421,2026,ATP Masters 1000 Canada,1000,2026-08-02T00:00:00,2026-08-13T00:00:00,Hard,96,9415724,$,MS078,Round of 128,02:01:50,"Game Set and Match Thiago Agustin Tirante. 
 Thiago Agustin Tirante wins the match  6-3  1-6  7-6(3).",F,3,T0A1,D. Chan,T. Tirante,C0OF,T0A1,CAN,ARG,,,"Game Set and Match Thiago Agustin Tirante. 
 Thiago Agustin Tirante wins the match  6-3  1-6  7-6(3).",T. Tirante,D. Chan,,,ARG,CAN,3-6,6-1,6-7(3),,,02:01:50,301,/en/stats/leaderboard?page=serve,1,3,59,17,29,82,14,17,58,7,12,100,2,2,5,283,/en/stats/leaderboard?page=serve,1,0,79,15,19,80,12,15,50,2,4,0,0,1,4,195,/en/stats/leaderboard?page=return,20,3,15,50,2,4,100,1,1,4,60,/en/stats/leaderboard?page=return,18,3,17,42,5,12,0,0,2,5,72,21,29,26,5,19,54,26,48,74,14,19,28,8,29,46,22,48,138.0,/en/stats/leaderboard?page=serve,4.0,0.0,36.0,5.0,14.0,40.0,2.0,5.0,33.0,3.0,9.0,0.0,0.0,2.0,3.0,305.0,/en/stats/leaderboard?page=serve,2.0,3.0,63.0,17.0,27.0,71.0,12.0,17.0,70.0,7.0,10.0,100.0,1.0,1.0,4.0,59.0,/en/stats/leaderboard?page=return,29.0,5.0,17.0,30.0,3.0,10.0,0.0,0.0,1.0,4.0,293.0,/en/stats/leaderboard?page=return,60.0,3.0,5.0,67.0,6.0,9.0,100.0,2.0,2.0,3.0,36.0,5.0,14.0,30.0,8.0,27.0,32.0,13.0,41.0,70.0,19.0,27.0,64.0,9.0,14.0,68.0,28.0,41.0,,257,/en/stats/leaderboard?page=serve,6,5,47,36,76,78,28,36,55,22,40,50,3,6,14,276,/en/stats/leaderboard?page=serve,6,6,62,58,93,69,40,58,60,21,35,60,3,5,14,66,50,76,34,32,93,49,82,169,66,61,93,34,26,76,51,87,169,B,,257.0,/en/stats/leaderboard?page=serve,3.0,3.0,55.0,26.0,47.0,62.0,16.0,26.0,57.0,12.0,21.0,67.0,2.0,3.0,6.0,275.0,/en/stats/leaderboard?page=serve,1.0,2.0,42.0,14.0,33.0,86.0,12.0,14.0,63.0,12.0,19.0,50.0,1.0,2.0,6.0,117.0,/en/stats/leaderboard?page=return,14.0,2.0,14.0,37.0,7.0,19.0,50.0,1.0,2.0,6.0,130.0,/en/stats/leaderboard?page=return,38.0,10.0,26.0,43.0,9.0,21.0,33.0,1.0,3.0,6.0,60.0,28.0,47.0,27.0,9.0,33.0,46.0,37.0,80.0,73.0,24.0,33.0,40.0,19.0,47.0,54.0,43.0,80.0,,,3.0
421,2026,ATP Masters 1000 Canada,1000,2026-08-02T00:00:00,2026-08-13T00:00:00,Hard,96,9415724,$,MS081,Round of 128,01:54:23,"Game Set and Match Botic van de Zandschulp. 
 Botic van de Zandschulp wins the match  6-2  3-6  6-3 .",F,3,V812,G. Mpetshi Perricard,B. van de Zandschulp,M0GZ,V812,FRA,NED,,,"Game Set and Match Botic van de Zandschulp. 
 Botic van de Zandschulp wins the match  6-2  3-6  6-3 .",B. van de Zandschulp,G. Mpetshi Perricard,,,NED,FRA,2-6,6-3,3-6,,,01:54:23,277,/en/stats/leaderboard?page=serve,6,1,56,18,32,83,15,18,43,6,14,100,3,3,4,211,/en/stats/leaderboard?page=serve,2,4,68,19,28,58,11,19,33,3,9,50,2,4,4,209,/en/stats/leaderboard?page=return,42,8,19,67,6,9,50,2,4,4,74,/en/stats/leaderboard?page=return,17,3,18,57,8,14,0,0,3,4,66,21,32,50,14,28,58,35,60,50,14,28,34,11,32,42,25,60,240.0,/en/stats/leaderboard?page=serve,1.0,2.0,57.0,13.0,23.0,77.0,10.0,13.0,30.0,3.0,10.0,0.0,0.0,1.0,4.0,311.0,/en/stats/leaderboard?page=serve,1.0,2.0,63.0,19.0,30.0,74.0,14.0,19.0,73.0,8.0,11.0,100.0,1.0,1.0,5.0,53.0,/en/stats/leaderboard?page=return,26.0,5.0,19.0,27.0,3.0,11.0,0.0,0.0,1.0,5.0,218.0,/en/stats/leaderboard?page=return,23.0,3.0,13.0,70.0,7.0,10.0,100.0,1.0,1.0,4.0,57.0,13.0,23.0,27.0,8.0,30.0,40.0,21.0,53.0,73.0,22.0,30.0,43.0,10.0,23.0,60.0,32.0,53.0,,272,/en/stats/leaderboard?page=serve,8,3,63,57,91,75,43,57,47,16,34,86,6,7,13,264,/en/stats/leaderboard?page=serve,6,13,65,55,84,71,39,55,45,13,29,50,3,6,13,65,59,91,38,32,84,52,91,175,62,52,84,35,32,91,48,84,175,B,,248.0,/en/stats/leaderboard?page=serve,3.0,7.0,65.0,17.0,26.0,82.0,14.0,17.0,22.0,2.0,9.0,0.0,0.0,1.0,4.0,310.0,/en/stats/leaderboard?page=serve,1.0,0.0,72.0,26.0,36.0,69.0,18.0,26.0,70.0,7.0,10.0,100.0,3.0,3.0,5.0,61.0,/en/stats/leaderboard?page=return,31.0,8.0,26.0,30.0,3.0,10.0,0.0,0.0,3.0,5.0,221.0,/en/stats/leaderboard?page=return,18.0,3.0,17.0,78.0,7.0,9.0,100.0,1.0,1.0,4.0,62.0,16.0,26.0,31.0,11.0,36.0,44.0,27.0,62.0,69.0,25.0,36.0,38.0,10.0,26.0,56.0,35.0,62.0,,,
421,2026,ATP Masters 1000 Canada,1000,2026-08-02T00:00:00,2026-08-13T00:00:00,Hard,96,9415724,$,MS082,Round of 128,01:53:25,"Game Set and Match Hubert Hurkacz. 
 Hubert Hurkacz wins the match  7-5  4-6  6-2 .",F,3,HB71,H. Hurkacz,M. Giron,HB71,GC88,POL,USA,,,"Game Set and Match Hubert Hurkacz. 
 Hubert Hurkacz wins the match  7-5  4-6  6-2 .",H. Hurkacz,M. Giron,,,POL,USA,7-5,4-6,6-2,,,01:53:25,325,/en/stats/leaderboard?page=serve,2,7,69,20,29,95,19,20,56,5,9,0,0,0,6,258,/en/stats/leaderboard?page=serve,1,0,44,14,32,71,10,14,61,11,18,0,0,1,6,184,/en/stats/leaderboard?page=return,29,4,14,39,7,18,100,1,1,6,49,/en/stats/leaderboard?page=return,5,1,20,44,4,9,0,0,0,6,83,24,29,34,11,32,57,35,61,66,21,32,17,5,29,43,26,61,282.0,/en/stats/leaderboard?page=serve,3.0,3.0,69.0,18.0,26.0,83.0,15.0,18.0,50.0,4.0,8.0,67.0,2.0,3.0,5.0,310.0,/en/stats/leaderboard?page=serve,1.0,1.0,61.0,17.0,28.0,76.0,13.0,17.0,73.0,8.0,11.0,0.0,0.0,0.0,5.0,51.0,/en/stats/leaderboard?page=return,24.0,4.0,17.0,27.0,3.0,11.0,0.0,0.0,0.0,5.0,120.0,/en/stats/leaderboard?page=return,17.0,3.0,18.0,50.0,4.0,8.0,33.0,1.0,3.0,5.0,73.0,19.0,26.0,25.0,7.0,28.0,48.0,26.0,54.0,75.0,21.0,28.0,27.0,7.0,26.0,52.0,28.0,54.0,,323,/en/stats/leaderboard?page=serve,5,16,68,50,73,90,45,50,61,14,23,67,2,3,15,256,/en/stats/leaderboard?page=serve,3,2,52,46,88,65,30,46,60,25,42,40,2,5,15,81,59,73,38,33,88,57,92,161,63,55,88,19,14,73,43,69,161,A,,197.0,/en/stats/leaderboard?page=serve,1.0,1.0,54.0,15.0,28.0,47.0,7.0,15.0,46.0,6.0,13.0,50.0,2.0,4.0,4.0,348.0,/en/stats/leaderboard?page=serve,0.0,6.0,67.0,12.0,18.0,92.0,11.0,12.0,83.0,5.0,6.0,0.0,0.0,0.0,4.0,25.0,/en/stats/leaderboard?page=return,8.0,1.0,12.0,17.0,1.0,6.0,0.0,0.0,0.0,4.0,207.0,/en/stats/leaderboard?page=return,53.0,8.0,15.0,54.0,7.0,13.0,50.0,2.0,4.0,4.0,46.0,13.0,28.0,11.0,2.0,18.0,33.0,15.0,46.0,89.0,16.0,18.0,54.0,15.0,28.0,67.0,31.0,46.0,,,
421,2026,ATP Masters 1000 Canada,1000,2026-08-02T00:00:00,2026-08-13T00:00:00,Hard,96,9415724,$,MS085,Round of 128,01:51:10,"Game Set and Match Terence Atmane. 
 Terence Atmane wins the match  6-3  2-6  6-2 .",F,3,A0GC,T. Atmane,J. Draper,A0GC,D0CO,FRA,GBR,,,"Game Set and Match Terence Atmane. 
 Terence Atmane wins the match  6-3  2-6  6-2 .",T. Atmane,J. Draper,,,FRA,GBR,6-3,2-6,6-2,,,01:51:10,294,/en/stats/leaderboard?page=serve,1,4,50,17,34,88,15,17,53,9,17,100,2,2,5,246,/en/stats/leaderboard?page=serve,1,2,48,11,23,64,7,11,58,7,12,0,0,1,4,203,/en/stats/leaderboard?page=return,36,4,11,42,5,12,100,1,1,4,59,/en/stats/leaderboard?page=return,12,2,17,47,8,17,0,0,2,5,71,24,34,39,9,23,58,33,57,61,14,23,29,10,34,42,24,57,202.0,/en/stats/leaderboard?page=serve,2.0,1.0,64.0,14.0,22.0,64.0,9.0,14.0,25.0,2.0,8.0,50.0,2.0,4.0,4.0,332.0,/en/stats/leaderboard?page=serve,0.0,1.0,58.0,11.0,19.0,73.0,8.0,11.0,100.0,8.0,8.0,0.0,0.0,0.0,4.0,27.0,/en/stats/leaderboard?page=return,27.0,3.0,11.0,0.0,0.0,8.0,0.0,0.0,0.0,4.0,211.0,/en/stats/leaderboard?page=return,36.0,5.0,14.0,75.0,6.0,8.0,50.0,2.0,4.0,4.0,50.0,11.0,22.0,16.0,3.0,19.0,34.0,14.0,41.0,84.0,16.0,19.0,50.0,11.0,22.0,66.0,27.0,41.0,,265,/en/stats/leaderboard?page=serve,6,9,56,49,88,73,36,49,49,19,39,78,7,9,13,258,/en/stats/leaderboard?page=serve,2,5,51,34,67,65,22,34,64,21,33,25,1,4,12,63,55,88,36,24,67,51,79,155,64,43,67,38,33,88,49,76,155,A,,203.0,/en/stats/leaderboard?page=serve,1.0,2.0,48.0,12.0,25.0,58.0,7.0,12.0,46.0,6.0,13.0,33.0,1.0,3.0,4.0,281.0,/en/stats/leaderboard?page=serve,3.0,4.0,56.0,18.0,32.0,67.0,12.0,18.0,57.0,8.0,14.0,100.0,3.0,3.0,4.0,76.0,/en/stats/leaderboard?page=return,33.0,6.0,18.0,43.0,6.0,14.0,0.0,0.0,3.0,4.0,213.0,/en/stats/leaderboard?page=return,42.0,5.0,12.0,54.0,7.0,13.0,67.0,2.0,3.0,4.0,52.0,13.0,25.0,38.0,12.0,32.0,44.0,25.0,57.0,63.0,20.0,32.0,48.0,12.0,25.0,56.0,32.0,57.0,,,
421,2026,ATP Masters 1000 Canada,1000,2026-08-02T00:00:00,2026-08-13T00:00:00,Hard,96,9415724,$,MS086,Round of 128,01:53:56,"Game Set and Match Jacob Fearnley. 
 Jacob Fearnley wins the match  7-6(3) 6-4 .",F,3,F0BY,J. Fearnley,A. Mannarino,F0BY,ME82,GBR,FRA,,,"Game Set and Match Jacob Fearnley. 
 Jacob Fearnley wins the match  7-6(3) 6-4 .",J. Fearnley,A. Mannarino,,,GBR,FRA,7-6(3),6-4,,,,01:53:56,251,/en/stats/leaderboard?page=serve,5,4,56,20,36,80,16,20,50,8,16,50,2,4,6,220,/en/stats/leaderboard?page=serve,7,2,47,23,49,74,17,23,38,10,26,60,3,5,6,161,/en/stats/leaderboard?page=return,26,6,23,62,16,26,40,2,5,6,153,/en/stats/leaderboard?page=return,20,4,20,50,8,16,50,2,4,6,67,24,36,45,22,49,54,46,85,55,27,49,33,12,36,46,39,85,248.0,/en/stats/leaderboard?page=serve,2.0,2.0,43.0,12.0,28.0,75.0,9.0,12.0,50.0,8.0,16.0,0.0,0.0,1.0,5.0,228.0,/en/stats/leaderboard?page=serve,0.0,0.0,43.0,12.0,28.0,75.0,9.0,12.0,50.0,8.0,16.0,50.0,2.0,4.0,5.0,165.0,/en/stats/leaderboard?page=return,25.0,3.0,12.0,50.0,8.0,16.0,50.0,2.0,4.0,5.0,195.0,/en/stats/leaderboard?page=return,25.0,3.0,12.0,50.0,8.0,16.0,100.0,1.0,1.0,5.0,61.0,17.0,28.0,39.0,11.0,28.0,50.0,28.0,56.0,61.0,17.0,28.0,39.0,11.0,28.0,50.0,28.0,56.0,,249,/en/stats/leaderboard?page=serve,7,6,50,32,64,78,25,32,50,16,32,40,2,5,11,220,/en/stats/leaderboard?page=serve,7,2,45,35,77,74,26,35,43,18,42,56,5,9,11,64,41,64,43,33,77,52,74,141,57,44,77,36,23,64,48,67,141,A,3.0,,,,,,,,,,,,,,,,,,,,,,,,,,,,,,,,,,,,,,,,,,,,,,,,,,,,,,,,,,,,,,,,,,,,,,,,,,,,,,,
421,2026,ATP Masters 1000 Canada,1000,2026-08-02T00:00:00,2026-08-13T00:00:00,Hard,96,9415724,$,MS089,Round of 128,01:16:40,"Game Set and Match Juan Manuel Cerundolo. 
 Juan Manuel Cerundolo wins the match  6-4  6-2 .",F,3,C0C8,J. Cerundolo,H. Medjedovic,C0C8,M0JF,ARG,SRB,,,"Game Set and Match Juan Manuel Cerundolo. 
 Juan Manuel Cerundolo wins the match  6-4  6-2 .",J. Cerundolo,H. Medjedovic,,,ARG,SRB,6-4,6-2,,,,01:16:40,302,/en/stats/leaderboard?page=serve,0,10,61,20,33,85,17,20,46,6,13,100,1,1,5,277,/en/stats/leaderboard?page=serve,1,2,64,18,28,72,13,18,60,6,10,0,0,1,5,188,/en/stats/leaderboard?page=return,28,5,18,40,4,10,100,1,1,5,69,/en/stats/leaderboard?page=return,15,3,20,54,7,13,0,0,1,5,70,23,33,32,9,28,52,32,61,68,19,28,30,10,33,48,29,61,314.0,/en/stats/leaderboard?page=serve,1.0,3.0,48.0,10.0,21.0,100.0,10.0,10.0,64.0,7.0,11.0,100.0,1.0,1.0,4.0,199.0,/en/stats/leaderboard?page=serve,2.0,4.0,77.0,20.0,26.0,70.0,14.0,20.0,0.0,0.0,6.0,67.0,4.0,6.0,4.0,213.0,/en/stats/leaderboard?page=return,30.0,6.0,20.0,100.0,6.0,6.0,33.0,2.0,6.0,4.0,36.0,/en/stats/leaderboard?page=return,0.0,0.0,10.0,36.0,4.0,11.0,0.0,0.0,1.0,4.0,81.0,17.0,21.0,46.0,12.0,26.0,62.0,29.0,47.0,54.0,14.0,26.0,19.0,4.0,21.0,38.0,18.0,47.0,,312,/en/stats/leaderboard?page=serve,1,13,56,30,54,90,27,30,54,13,24,100,2,2,9,248,/en/stats/leaderboard?page=serve,3,6,70,38,54,71,27,38,38,6,16,57,4,7,9,74,40,54,39,21,54,56,61,108,61,33,54,26,14,54,44,47,108,A,,,,,,,,,,,,,,,,,,,,,,,,,,,,,,,,,,,,,,,,,,,,,,,,,,,,,,,,,,,,,,,,,,,,,,,,,,,,,,,,
421,2026,ATP Masters 1000 Canada,1000,2026-08-02T00:00:00,2026-08-13T00:00:00,Hard,96,9415724,$,MS090,Round of 128,01:28:11,"Game Set and Match Stefanos Tsitsipas. 
 Stefanos Tsitsipas wins the match  6-4  6-4 .",F,3,TE51,M. Damm,S. Tsitsipas,D0DT,TE51,USA,GRE,,,"Game Set and Match Stefanos Tsitsipas. 
 Stefanos Tsitsipas wins the match  6-4  6-4 .",S. Tsitsipas,M. Damm,,,GRE,USA,4-6,4-6,,,,01:28:11,308,/en/stats/leaderboard?page=serve,4,6,62,16,26,94,15,16,50,5,10,0,0,0,5,280,/en/stats/leaderboard?page=serve,1,4,70,23,33,57,13,23,70,7,10,67,2,3,5,126,/en/stats/leaderboard?page=return,43,10,23,30,3,10,33,1,3,5,56,/en/stats/leaderboard?page=return,6,1,16,50,5,10,0,0,0,5,77,20,26,39,13,33,56,33,59,61,20,33,23,6,26,44,26,59,217.0,/en/stats/leaderboard?page=serve,1.0,3.0,61.0,22.0,36.0,73.0,16.0,22.0,21.0,3.0,14.0,33.0,1.0,3.0,5.0,190.0,/en/stats/leaderboard?page=serve,2.0,2.0,54.0,19.0,35.0,58.0,11.0,19.0,38.0,6.0,16.0,40.0,2.0,5.0,5.0,225.0,/en/stats/leaderboard?page=return,42.0,8.0,19.0,63.0,10.0,16.0,60.0,3.0,5.0,5.0,213.0,/en/stats/leaderboard?page=return,27.0,6.0,22.0,79.0,11.0,14.0,67.0,2.0,3.0,5.0,53.0,19.0,36.0,51.0,18.0,35.0,52.0,37.0,71.0,49.0,17.0,35.0,47.0,17.0,36.0,48.0,34.0,71.0,,260,/en/stats/leaderboard?page=serve,5,9,61,38,62,82,31,38,33,8,24,33,1,3,10,232,/en/stats/leaderboard?page=serve,3,6,62,42,68,57,24,42,50,13,26,50,4,8,10,63,39,62,46,31,68,54,70,130,54,37,68,37,23,62,46,60,130,B,,,,,,,,,,,,,,,,,,,,,,,,,,,,,,,,,,,,,,,,,,,,,,,,,,,,,,,,,,,,,,,,,,,,,,,,,,,,,,,,
421,2026,ATP Masters 1000 Canada,1000,2026-08-02T00:00:00,2026-08-13T00:00:00,Hard,96,9415724,$,MS093,Round of 128,01:20:36,"Game Set and Match Sebastian Baez. 
 Sebastian Baez wins the match  7-5  6-3 .",F,3,B0BI,S. Baez,M. Bellucci,B0BI,B0GG,ARG,ITA,,,"Game Set and Match Sebastian Baez. 
 Sebastian Baez wins the match  7-5  6-3 .",S. Baez,M. Bellucci,,,ARG,ITA,7-5,6-3,,,,01:20:36,320,/en/stats/leaderboard?page=serve,1,1,55,16,29,88,14,16,77,10,13,0,0,0,6,265,/en/stats/leaderboard?page=serve,4,4,61,20,33,90,18,20,31,4,13,50,1,2,6,145,/en/stats/leaderboard?page=return,10,2,20,69,9,13,50,1,2,6,36,/en/stats/leaderboard?page=return,13,2,16,23,3,13,0,0,0,6,83,24,29,33,11,33,56,35,62,67,22,33,17,5,29,44,27,62,256.0,/en/stats/leaderboard?page=serve,3.0,1.0,61.0,23.0,38.0,70.0,16.0,23.0,47.0,7.0,15.0,83.0,5.0,6.0,5.0,207.0,/en/stats/leaderboard?page=serve,2.0,2.0,59.0,17.0,29.0,65.0,11.0,17.0,33.0,4.0,12.0,60.0,3.0,5.0,4.0,192.0,/en/stats/leaderboard?page=return,35.0,6.0,17.0,67.0,8.0,12.0,40.0,2.0,5.0,4.0,120.0,/en/stats/leaderboard?page=return,30.0,7.0,23.0,53.0,8.0,15.0,17.0,1.0,6.0,5.0,61.0,23.0,38.0,48.0,14.0,29.0,55.0,37.0,67.0,52.0,15.0,29.0,39.0,15.0,38.0,45.0,30.0,67.0,,284,/en/stats/leaderboard?page=serve,4,2,58,39,67,77,30,39,61,17,28,83,5,6,11,240,/en/stats/leaderboard?page=serve,6,6,60,37,62,78,29,37,32,8,25,57,4,7,10,70,47,67,40,25,62,56,72,129,60,37,62,30,20,67,44,57,129,A,,,,,,,,,,,,,,,,,,,,,,,,,,,,,,,,,,,,,,,,,,,,,,,,,,,,,,,,,,,,,,,,,,,,,,,,,,,,,,,,
421,2026,ATP Masters 1000 Canada,1000,2026-08-02T00:00:00,2026-08-13T00:00:00,Hard,96,9415724,$,MS094,Round of 128,01:28:21,"Game Set and Match Jenson Brooksby. 
 Jenson Brooksby wins the match  6-3  6-4 .",F,3,B0CD,A. Walton,J. Brooksby,W09E,B0CD,AUS,USA,,,"Game Set and Match Jenson Brooksby. 
 Jenson Brooksby wins the match  6-3  6-4 .",J. Brooksby,A. Walton,,,USA,AUS,3-6,4-6,,,,01:28:21,325,/en/stats/leaderboard?page=serve,0,4,78,28,36,68,19,28,75,6,8,100,3,3,5,249,/en/stats/leaderboard?page=serve,1,1,46,11,24,82,9,11,46,6,13,0,0,1,4,197,/en/stats/leaderboard?page=return,18,2,11,54,7,13,100,1,1,4,57,/en/stats/leaderboard?page=return,32,9,28,25,2,8,0,0,3,5,69,25,36,38,9,24,57,34,60,63,15,24,31,11,36,43,26,60,300.0,/en/stats/leaderboard?page=serve,0.0,2.0,58.0,18.0,31.0,78.0,14.0,18.0,62.0,8.0,13.0,0.0,0.0,0.0,5.0,253.0,/en/stats/leaderboard?page=serve,2.0,0.0,54.0,14.0,26.0,71.0,10.0,14.0,50.0,6.0,12.0,0.0,0.0,1.0,5.0,199.0,/en/stats/leaderboard?page=return,29.0,4.0,14.0,50.0,6.0,12.0,100.0,1.0,1.0,5.0,60.0,/en/stats/leaderboard?page=return,22.0,4.0,18.0,38.0,5.0,13.0,0.0,0.0,0.0,5.0,71.0,22.0,31.0,38.0,10.0,26.0,56.0,32.0,57.0,62.0,16.0,26.0,29.0,9.0,31.0,44.0,25.0,57.0,,314,/en/stats/leaderboard?page=serve,0,6,69,46,67,72,33,46,67,14,21,100,3,3,10,249,/en/stats/leaderboard?page=serve,3,1,50,25,50,76,19,25,48,12,25,0,0,2,9,70,47,67,38,19,50,56,66,117,62,31,50,30,20,67,44,51,117,B,,,,,,,,,,,,,,,,,,,,,,,,,,,,,,,,,,,,,,,,,,,,,,,,,,,,,,,,,,,,,,,,,,,,,,,,,,,,,,,,
