event_id,event_year,tourney_name,level,start_date,end_date,surface,singles_draw_size,prize_money,prize_money_currency,match_id,round,match_time_total,match_message,match_status,num_sets,winner_flag_raw,player_a,player_b,player_a_id,player_b_id,country_a,country_b,seed_a,seed_b,score_string,winner_player_name,loser_player_name,winner_seed,loser_seed,winner_country,loser_country,set1_score,set2_score,set3_score,set4_score,set5_score,match_date,serverating_set1_winner,serveratinglink_set1_winner,doublefaults_set1_winner,aces_set1_winner,firstserve_percent_set1_winner,firstserve_dividend_set1_winner,firstserve_divisor_set1_winner,firstservepointswon_percent_set1_winner,firstservepointswon_dividend_set1_winner,firstservepointswon_divisor_set1_winner,secondservepointswon_percent_set1_winner,secondservepointswon_dividend_set1_winner,secondservepointswon_divisor_set1_winner,breakpointssaved_percent_set1_winner,breakpointssaved_dividend_set1_winner,breakpointssaved_divisor_set1_winner,servicegamesplayed_set1_winner,serverating_set1_loser,serveratinglink_set1_loser,doublefaults_set1_loser,aces_set1_loser,firstserve_percent_set1_loser,firstserve_dividend_set1_loser,firstserve_divisor_set1_loser,firstservepointswon_percent_set1_loser,firstservepointswon_dividend_set1_loser,firstservepointswon_divisor_set1_loser,secondservepointswon_percent_set1_loser,secondservepointswon_dividend_set1_loser,secondservepointswon_divisor_set1_loser,breakpointssaved_percent_set1_loser,breakpointssaved_dividend_set1_loser,breakpointssaved_divisor_set1_loser,servicegamesplayed_set1_loser,returnrating_set1_winner,returnratinglink_set1_winner,firstservereturnpointswon_percent_set1_winner,firstservereturnpointswon_dividend_set1_winner,firstservereturnpointswon_divisor_set1_winner,secondservereturnpointswon_percent_set1_winner,secondservereturnpointswon_dividend_set1_winner,secondservereturnpointswon_divisor_set1_winner,breakpointsconverted_percent_set1_winner,breakpointsconverted_dividend_set1_winner,breakpointsconverted_divisor_set1_winner,returngamesplayed_set1_winner,returnrating_set1_loser,returnratinglink_set1_loser,firstservereturnpointswon_percent_set1_loser,firstservereturnpointswon_dividend_set1_loser,firstservereturnpointswon_divisor_set1_loser,secondservereturnpointswon_percent_set1_loser,secondservereturnpointswon_dividend_set1_loser,secondservereturnpointswon_divisor_set1_loser,breakpointsconverted_percent_set1_loser,breakpointsconverted_dividend_set1_loser,breakpointsconverted_divisor_set1_loser,returngamesplayed_set1_loser,totalservicepointswon_percent_set1_winner,totalservicepointswon_dividend_set1_winner,totalservicepointswon_divisor_set1_winner,totalreturnpointswon_percent_set1_winner,totalreturnpointswon_dividend_set1_winner,totalreturnpointswon_divisor_set1_winner,totalpointswon_percent_set1_winner,totalpointswon_dividend_set1_winner,totalpointswon_divisor_set1_winner,totalservicepointswon_percent_set1_loser,totalservicepointswon_dividend_set1_loser,totalservicepointswon_divisor_set1_loser,totalreturnpointswon_percent_set1_loser,totalreturnpointswon_dividend_set1_loser,totalreturnpointswon_divisor_set1_loser,totalpointswon_percent_set1_loser,totalpointswon_dividend_set1_loser,totalpointswon_divisor_set1_loser,serverating_set2_winner,serveratinglink_set2_winner,doublefaults_set2_winner,aces_set2_winner,firstserve_percent_set2_winner,firstserve_dividend_set2_winner,firstserve_divisor_set2_winner,firstservepointswon_percent_set2_winner,firstservepointswon_dividend_set2_winner,firstservepointswon_divisor_set2_winner,secondservepointswon_percent_set2_winner,secondservepointswon_dividend_set2_winner,secondservepointswon_divisor_set2_winner,breakpointssaved_percent_set2_winner,breakpointssaved_dividend_set2_winner,breakpointssaved_divisor_set2_winner,servicegamesplayed_set2_winner,serverating_set2_loser,serveratinglink_set2_loser,doublefaults_set2_loser,aces_set2_loser,firstserve_percent_set2_loser,firstserve_dividend_set2_loser,firstserve_divisor_set2_loser,firstservepointswon_percent_set2_loser,firstservepointswon_dividend_set2_loser,firstservepointswon_divisor_set2_loser,secondservepointswon_percent_set2_loser,secondservepointswon_dividend_set2_loser,secondservepointswon_divisor_set2_loser,breakpointssaved_percent_set2_loser,breakpointssaved_dividend_set2_loser,breakpointssaved_divisor_set2_loser,servicegamesplayed_set2_loser,returnrating_set2_winner,returnratinglink_set2_winner,firstservereturnpointswon_percent_set2_winner,firstservereturnpointswon_dividend_set2_winner,firstservereturnpointswon_divisor_set2_winner,secondservereturnpointswon_percent_set2_winner,secondservereturnpointswon_dividend_set2_winner,secondservereturnpointswon_divisor_set2_winner,breakpointsconverted_percent_set2_winner,breakpointsconverted_dividend_set2_winner,breakpointsconverted_divisor_set2_winner,returngamesplayed_set2_winner,returnrating_set2_loser,returnratinglink_set2_loser,firstservereturnpointswon_percent_set2_loser,firstservereturnpointswon_dividend_set2_loser,firstservereturnpointswon_divisor_set2_loser,secondservereturnpointswon_percent_set2_loser,secondservereturnpointswon_dividend_set2_loser,secondservereturnpointswon_divisor_set2_loser,breakpointsconverted_percent_set2_loser,breakpointsconverted_dividend_set2_loser,breakpointsconverted_divisor_set2_loser,returngamesplayed_set2_loser,totalservicepointswon_percent_set2_winner,totalservicepointswon_dividend_set2_winner,totalservicepointswon_divisor_set2_winner,totalreturnpointswon_percent_set2_winner,totalreturnpointswon_dividend_set2_winner,totalreturnpointswon_divisor_set2_winner,totalpointswon_percent_set2_winner,totalpointswon_dividend_set2_winner,totalpointswon_divisor_set2_winner,totalservicepointswon_percent_set2_loser,totalservicepointswon_dividend_set2_loser,totalservicepointswon_divisor_set2_loser,totalreturnpointswon_percent_set2_loser,totalreturnpointswon_dividend_set2_loser,totalreturnpointswon_divisor_set2_loser,totalpointswon_percent_set2_loser,totalpointswon_dividend_set2_loser,totalpointswon_divisor_set2_loser,serverating_tot_winner,serveratinglink_tot_winner,doublefaults_tot_winner,aces_tot_winner,firstserve_percent_tot_winner,firstserve_dividend_tot_winner,firstserve_divisor_tot_winner,firstservepointswon_percent_tot_winner,firstservepointswon_dividend_tot_winner,firstservepointswon_divisor_tot_winner,secondservepointswon_percent_tot_winner,secondservepointswon_dividend_tot_winner,secondservepointswon_divisor_tot_winner,breakpointssaved_percent_tot_winner,breakpointssaved_dividend_tot_winner,breakpointssaved_divisor_tot_winner,servicegamesplayed_tot_winner,serverating_tot_loser,serveratinglink_tot_loser,doublefaults_tot_loser,aces_tot_loser,firstserve_percent_tot_loser,firstserve_dividend_tot_loser,firstserve_divisor_tot_loser,firstservepointswon_percent_tot_loser,firstservepointswon_dividend_tot_loser,firstservepointswon_divisor_tot_loser,secondservepointswon_percent_tot_loser,secondservepointswon_dividend_tot_loser,secondservepointswon_divisor_tot_loser,breakpointssaved_percent_tot_loser,breakpointssaved_dividend_tot_loser,breakpointssaved_divisor_tot_loser,servicegamesplayed_tot_loser,totalservicepointswon_percent_tot_winner,totalservicepointswon_dividend_tot_winner,totalservicepointswon_divisor_tot_winner,totalreturnpointswon_percent_tot_winner,totalreturnpointswon_dividend_tot_winner,totalreturnpointswon_divisor_tot_winner,totalpointswon_percent_tot_winner,totalpointswon_dividend_tot_winner,totalpointswon_divisor_tot_winner,totalservicepointswon_percent_tot_loser,totalservicepointswon_dividend_tot_loser,totalservicepointswon_divisor_tot_loser,totalreturnpointswon_percent_tot_loser,totalreturnpointswon_dividend_tot_loser,totalreturnpointswon_divisor_tot_loser,totalpointswon_percent_tot_loser,totalpointswon_dividend_tot_loser,totalpointswon_divisor_tot_loser,winner_flag,serverating_set3_winner,serveratinglink_set3_winner,doublefaults_set3_winner,aces_set3_winner,firstserve_percent_set3_winner,firstserve_dividend_set3_winner,firstserve_divisor_set3_winner,firstservepointswon_percent_set3_winner,firstservepointswon_dividend_set3_winner,firstservepointswon_divisor_set3_winner,secondservepointswon_percent_set3_winner,secondservepointswon_dividend_set3_winner,secondservepointswon_divisor_set3_winner,breakpointssaved_percent_set3_winner,breakpointssaved_dividend_set3_winner,breakpointssaved_divisor_set3_winner,servicegamesplayed_set3_winner,serverating_set3_loser,serveratinglink_set3_loser,doublefaults_set3_loser,aces_set3_loser,firstserve_percent_set3_loser,firstserve_dividend_set3_loser,firstserve_divisor_set3_loser,firstservepointswon_percent_set3_loser,firstservepointswon_dividend_set3_loser,firstservepointswon_divisor_set3_loser,secondservepointswon_percent_set3_loser,secondservepointswon_dividend_set3_loser,secondservepointswon_divisor_set3_loser,breakpointssaved_percent_set3_loser,breakpointssaved_dividend_set3_loser,breakpointssaved_divisor_set3_loser,servicegamesplayed_set3_loser,returnrating_set3_winner,returnratinglink_set3_winner,firstservereturnpointswon_percent_set3_winner,firstservereturnpointswon_dividend_set3_winner,firstservereturnpointswon_divisor_set3_winner,secondservereturnpointswon_percent_set3_winner,secondservereturnpointswon_dividend_set3_winner,secondservereturnpointswon_divisor_set3_winner,breakpointsconverted_percent_set3_winner,breakpointsconverted_dividend_set3_winner,breakpointsconverted_divisor_set3_winner,returngamesplayed_set3_winner,returnrating_set3_loser,returnratinglink_set3_loser,firstservereturnpointswon_percent_set3_loser,firstservereturnpointswon_dividend_set3_loser,firstservereturnpointswon_divisor_set3_loser,secondservereturnpointswon_percent_set3_loser,secondservereturnpointswon_dividend_set3_loser,secondservereturnpointswon_divisor_set3_loser,breakpointsconverted_percent_set3_loser,breakpointsconverted_dividend_set3_loser,breakpointsconverted_divisor_set3_loser,returngamesplayed_set3_loser,totalservicepointswon_percent_set3_winner,totalservicepointswon_dividend_set3_winner,totalservicepointswon_divisor_set3_winner,totalreturnpointswon_percent_set3_winner,totalreturnpointswon_dividend_set3_winner,totalreturnpointswon_divisor_set3_winner,totalpointswon_percent_set3_winner,totalpointswon_dividend_set3_winner,totalpointswon_divisor_set3_winner,totalservicepointswon_percent_set3_loser,totalservicepointswon_dividend_set3_loser,totalservicepointswon_divisor_set3_loser,totalreturnpointswon_percent_set3_loser,totalreturnpointswon_dividend_set3_loser,totalreturnpointswon_divisor_set3_loser,totalpointswon_percent_set3_loser,totalpointswon_dividend_set3_loser,totalpointswon_divisor_set3_loser,tiebreak_set2_loser,tiebreak_set1_loser,tiebreak_set2_winner,tiebreak_set3_loser,tiebreak_set1_winner
416,2026,ATP Masters 1000 Rome,1000,2026-05-06T00:00:00,2026-05-17T00:00:00,Clay,96,8235540,€,MS001,Final,01:45:05,"Game Set and Match Jannik Sinner. 
 Jannik Sinner wins the match  6-4  6-4 .",F,3,S0AG,J. Sinner,C. Ruud,S0AG,RH16,ITA,NOR,1,23,"Game Set and Match Jannik Sinner. 
 Jannik Sinner wins the match  6-4  6-4 .",J. Sinner,C. Ruud,1,23,ITA,NOR,6-4,6-4,,,,01:45:05,266,/en/stats/leaderboard?page=serve,0,0,52,13,25,92,12,13,42,5,12,0,0,1,5,227,/en/stats/leaderboard?page=serve,1,2,61,19,31,63,12,19,42,5,12,33,1,3,5,202,/en/stats/leaderboard?page=return,37,7,19,58,7,12,67,2,3,5,186,/en/stats/leaderboard?page=return,8,1,13,58,7,12,100,1,1,5,68,17,25,45,14,31,55,31,56,55,17,31,32,8,25,45,25,56,315.0,/en/stats/leaderboard?page=serve,0.0,2.0,73.0,22.0,30.0,77.0,17.0,22.0,63.0,5.0,8.0,100.0,1.0,1.0,5.0,255.0,/en/stats/leaderboard?page=serve,1.0,1.0,55.0,18.0,33.0,67.0,12.0,18.0,53.0,8.0,15.0,50.0,1.0,2.0,5.0,150.0,/en/stats/leaderboard?page=return,33.0,6.0,18.0,47.0,7.0,15.0,50.0,1.0,2.0,5.0,61.0,/en/stats/leaderboard?page=return,23.0,5.0,22.0,38.0,3.0,8.0,0.0,0.0,1.0,5.0,73.0,22.0,30.0,39.0,13.0,33.0,56.0,35.0,63.0,61.0,20.0,33.0,27.0,8.0,30.0,44.0,28.0,63.0,289,/en/stats/leaderboard?page=serve,0,2,64,35,55,83,29,35,50,10,20,50,1,2,10,242,/en/stats/leaderboard?page=serve,2,3,58,37,64,65,24,37,48,13,27,40,2,5,10,71,39,55,42,27,64,55,66,119,58,37,64,29,16,55,45,53,119,A,,,,,,,,,,,,,,,,,,,,,,,,,,,,,,,,,,,,,,,,,,,,,,,,,,,,,,,,,,,,,,,,,,,,,,,,,,,,,,,,,
416,2026,ATP Masters 1000 Rome,1000,2026-05-06T00:00:00,2026-05-17T00:00:00,Clay,96,8235540,€,MS003,Semifinals,01:05:46,"Game Set and Match Casper Ruud. 
 Casper Ruud wins the match  6-1  6-1 .",F,3,RH16,C. Ruud,L. Darderi,RH16,D0FJ,NOR,ITA,23,18,"Game Set and Match Casper Ruud. 
 Casper Ruud wins the match  6-1  6-1 .",C. Ruud,L. Darderi,23,18,NOR,ITA,6-1,6-1,,,,01:05:46,274,/en/stats/leaderboard?page=serve,0,2,65,11,17,82,9,11,50,3,6,0,0,1,4,114,/en/stats/leaderboard?page=serve,0,0,43,10,23,40,4,10,31,4,13,25,1,4,3,304,/en/stats/leaderboard?page=return,60,6,10,69,9,13,75,3,4,3,193,/en/stats/leaderboard?page=return,18,2,11,50,3,6,100,1,1,4,71,12,17,65,15,23,68,27,40,35,8,23,29,5,17,33,13,40,284.0,/en/stats/leaderboard?page=serve,1.0,1.0,48.0,12.0,25.0,67.0,8.0,12.0,69.0,9.0,13.0,100.0,1.0,1.0,3.0,164.0,/en/stats/leaderboard?page=serve,1.0,2.0,48.0,12.0,25.0,75.0,9.0,12.0,15.0,2.0,13.0,40.0,2.0,5.0,4.0,245.0,/en/stats/leaderboard?page=return,25.0,3.0,12.0,85.0,11.0,13.0,60.0,3.0,5.0,4.0,64.0,/en/stats/leaderboard?page=return,33.0,4.0,12.0,31.0,4.0,13.0,0.0,0.0,1.0,3.0,68.0,17.0,25.0,56.0,14.0,25.0,62.0,31.0,50.0,44.0,11.0,25.0,32.0,8.0,25.0,38.0,19.0,50.0,279,/en/stats/leaderboard?page=serve,1,3,55,23,42,74,17,23,63,12,19,50,1,2,7,143,/en/stats/leaderboard?page=serve,1,2,46,22,48,59,13,22,23,6,26,33,3,9,7,69,29,42,60,29,48,64,58,90,40,19,48,31,13,42,36,32,90,A,,,,,,,,,,,,,,,,,,,,,,,,,,,,,,,,,,,,,,,,,,,,,,,,,,,,,,,,,,,,,,,,,,,,,,,,,,,,,,,,,
416,2026,ATP Masters 1000 Rome,1000,2026-05-06T00:00:00,2026-05-17T00:00:00,Clay,96,8235540,€,MS004,Quarterfinals,01:31:55,"Game Set and Match Jannik Sinner. 
 Jannik Sinner wins the match  6-2  6-4 .",F,3,S0AG,J. Sinner,A. Rublev,S0AG,RE44,ITA,RUS,1,12,"Game Set and Match Jannik Sinner. 
 Jannik Sinner wins the match  6-2  6-4 .",J. Sinner,A. Rublev,1,12,ITA,RUS,6-2,6-4,,,,01:31:55,313,/en/stats/leaderboard?page=serve,0,2,62,16,26,69,11,16,80,8,10,100,2,2,4,192,/en/stats/leaderboard?page=serve,0,0,48,11,23,36,4,11,58,7,12,0,0,2,4,256,/en/stats/leaderboard?page=return,64,7,11,42,5,12,100,2,2,4,51,/en/stats/leaderboard?page=return,31,5,16,20,2,10,0,0,2,4,73,19,26,52,12,23,63,31,49,48,11,23,27,7,26,37,18,49,249.0,/en/stats/leaderboard?page=serve,2.0,2.0,39.0,12.0,31.0,83.0,10.0,12.0,47.0,9.0,19.0,0.0,0.0,1.0,5.0,229.0,/en/stats/leaderboard?page=serve,0.0,1.0,58.0,21.0,36.0,57.0,12.0,21.0,53.0,8.0,15.0,33.0,1.0,3.0,5.0,197.0,/en/stats/leaderboard?page=return,43.0,9.0,21.0,47.0,7.0,15.0,67.0,2.0,3.0,5.0,190.0,/en/stats/leaderboard?page=return,17.0,2.0,12.0,53.0,10.0,19.0,100.0,1.0,1.0,5.0,61.0,19.0,31.0,44.0,16.0,36.0,52.0,35.0,67.0,56.0,20.0,36.0,39.0,12.0,31.0,48.0,32.0,67.0,273,/en/stats/leaderboard?page=serve,2,4,49,28,57,75,21,28,59,17,29,67,2,3,9,216,/en/stats/leaderboard?page=serve,0,1,54,32,59,50,16,32,56,15,27,20,1,5,9,67,38,57,47,28,59,57,66,116,53,31,59,33,19,57,43,50,116,A,,,,,,,,,,,,,,,,,,,,,,,,,,,,,,,,,,,,,,,,,,,,,,,,,,,,,,,,,,,,,,,,,,,,,,,,,,,,,,,,,
416,2026,ATP Masters 1000 Rome,1000,2026-05-06T00:00:00,2026-05-17T00:00:00,Clay,96,8235540,€,MS006,Quarterfinals,01:40:52,"Game Set and Match Casper Ruud. 
 Casper Ruud wins the match  6-1  1-6  6-2 .",F,3,RH16,C. Ruud,K. Khachanov,RH16,KE29,NOR,RUS,23,13,"Game Set and Match Casper Ruud. 
 Casper Ruud wins the match  6-1  1-6  6-2 .",C. Ruud,K. Khachanov,23,13,NOR,RUS,6-1,1-6,6-2,,,01:40:52,305,/en/stats/leaderboard?page=serve,1,2,63,17,27,71,12,17,70,7,10,0,0,0,4,166,/en/stats/leaderboard?page=serve,0,0,87,13,15,46,6,13,0,0,2,0,0,2,3,320,/en/stats/leaderboard?page=return,54,7,13,100,2,2,100,2,2,3,59,/en/stats/leaderboard?page=return,29,5,17,30,3,10,0,0,0,4,70,19,27,60,9,15,67,28,42,40,6,15,30,8,27,33,14,42,156.0,/en/stats/leaderboard?page=serve,2.0,2.0,63.0,10.0,16.0,60.0,6.0,10.0,0.0,0.0,6.0,0.0,0.0,2.0,3.0,326.0,/en/stats/leaderboard?page=serve,0.0,2.0,90.0,19.0,21.0,84.0,16.0,19.0,50.0,1.0,2.0,100.0,1.0,1.0,4.0,66.0,/en/stats/leaderboard?page=return,16.0,3.0,19.0,50.0,1.0,2.0,0.0,0.0,1.0,4.0,306.0,/en/stats/leaderboard?page=return,40.0,4.0,10.0,100.0,6.0,6.0,100.0,2.0,2.0,3.0,38.0,6.0,16.0,19.0,4.0,21.0,27.0,10.0,37.0,81.0,17.0,21.0,63.0,10.0,16.0,73.0,27.0,37.0,248,/en/stats/leaderboard?page=serve,4,4,57,35,61,69,24,35,50,13,26,0,0,3,11,224,/en/stats/leaderboard?page=serve,0,2,76,51,67,61,31,51,31,5,16,50,5,10,11,61,37,61,46,31,67,53,68,128,54,36,67,39,24,61,47,60,128,A,253.0,/en/stats/leaderboard?page=serve,1.0,0.0,44.0,8.0,18.0,75.0,6.0,8.0,60.0,6.0,10.0,0.0,0.0,1.0,4.0,166.0,/en/stats/leaderboard?page=serve,0.0,0.0,61.0,19.0,31.0,47.0,9.0,19.0,33.0,4.0,12.0,57.0,4.0,7.0,4.0,238.0,/en/stats/leaderboard?page=return,53.0,10.0,19.0,67.0,8.0,12.0,43.0,3.0,7.0,4.0,190.0,/en/stats/leaderboard?page=return,25.0,2.0,8.0,40.0,4.0,10.0,100.0,1.0,1.0,4.0,67.0,12.0,18.0,58.0,18.0,31.0,61.0,30.0,49.0,42.0,13.0,31.0,33.0,6.0,18.0,39.0,19.0,49.0,,,,,
416,2026,ATP Masters 1000 Rome,1000,2026-05-06T00:00:00,2026-05-17T00:00:00,Clay,96,8235540,€,MS008,Round of 16,01:29:18,"Game Set and Match Jannik Sinner. 
 Jannik Sinner wins the match  6-2  6-3 .",F,3,S0AG,J. Sinner,A. Pellegrino,S0AG,PH64,ITA,ITA,1,,"Game Set and Match Jannik Sinner. 
 Jannik Sinner wins the match  6-2  6-3 .",J. Sinner,A. Pellegrino,1,,ITA,ITA,6-2,6-3,,,,01:29:18,309,/en/stats/leaderboard?page=serve,0,1,65,15,23,80,12,15,63,5,8,100,1,1,4,203,/en/stats/leaderboard?page=serve,1,1,55,16,29,44,7,16,54,7,13,50,2,4,4,202,/en/stats/leaderboard?page=return,56,9,16,46,6,13,50,2,4,4,58,/en/stats/leaderboard?page=return,20,3,15,38,3,8,0,0,1,4,74,17,23,52,15,29,62,32,52,48,14,29,26,6,23,38,20,52,308.0,/en/stats/leaderboard?page=serve,0.0,2.0,64.0,14.0,22.0,79.0,11.0,14.0,63.0,5.0,8.0,0.0,0.0,0.0,4.0,231.0,/en/stats/leaderboard?page=serve,0.0,1.0,56.0,19.0,34.0,47.0,9.0,19.0,67.0,10.0,15.0,50.0,2.0,4.0,5.0,176.0,/en/stats/leaderboard?page=return,53.0,10.0,19.0,33.0,5.0,15.0,50.0,2.0,4.0,5.0,59.0,/en/stats/leaderboard?page=return,21.0,3.0,14.0,38.0,3.0,8.0,0.0,0.0,0.0,4.0,73.0,16.0,22.0,44.0,15.0,34.0,55.0,31.0,56.0,56.0,19.0,34.0,27.0,6.0,22.0,45.0,25.0,56.0,309,/en/stats/leaderboard?page=serve,0,3,64,29,45,79,23,29,63,10,16,100,1,1,8,219,/en/stats/leaderboard?page=serve,1,2,56,35,63,46,16,35,61,17,28,50,4,8,9,73,33,45,48,30,63,58,63,108,52,33,63,27,12,45,42,45,108,A,,,,,,,,,,,,,,,,,,,,,,,,,,,,,,,,,,,,,,,,,,,,,,,,,,,,,,,,,,,,,,,,,,,,,,,,,,,,,,,,,
416,2026,ATP Masters 1000 Rome,1000,2026-05-06T00:00:00,2026-05-17T00:00:00,Clay,96,8235540,€,MS010,Round of 16,01:47:20,"Game Set and Match Martin Landaluce. 
 Martin Landaluce wins the match  7-5  6-4 .",F,3,L0IL,H. Medjedovic,M. Landaluce,M0JF,L0IL,SRB,ESP,,,"Game Set and Match Martin Landaluce. 
 Martin Landaluce wins the match  7-5  6-4 .",M. Landaluce,H. Medjedovic,,,ESP,SRB,5-7,4-6,,,,01:47:20,313,/en/stats/leaderboard?page=serve,2,1,71,27,38,70,19,27,73,8,11,100,2,2,6,259,/en/stats/leaderboard?page=serve,0,3,61,28,46,79,22,28,33,6,18,75,3,4,6,129,/en/stats/leaderboard?page=return,21,6,28,67,12,18,25,1,4,6,57,/en/stats/leaderboard?page=return,30,8,27,27,3,11,0,0,2,6,71,27,38,39,18,46,54,45,84,61,28,46,29,11,38,46,39,84,252.0,/en/stats/leaderboard?page=serve,2.0,2.0,67.0,18.0,27.0,83.0,15.0,18.0,22.0,2.0,9.0,0.0,0.0,1.0,5.0,238.0,/en/stats/leaderboard?page=serve,2.0,2.0,73.0,22.0,30.0,55.0,12.0,22.0,50.0,4.0,8.0,50.0,2.0,4.0,5.0,185.0,/en/stats/leaderboard?page=return,45.0,10.0,22.0,50.0,4.0,8.0,50.0,2.0,4.0,5.0,215.0,/en/stats/leaderboard?page=return,17.0,3.0,18.0,78.0,7.0,9.0,100.0,1.0,1.0,5.0,63.0,17.0,27.0,47.0,14.0,30.0,54.0,31.0,57.0,53.0,16.0,30.0,37.0,10.0,27.0,46.0,26.0,57.0,284,/en/stats/leaderboard?page=serve,4,3,69,45,65,76,34,45,50,10,20,67,2,3,11,247,/en/stats/leaderboard?page=serve,2,5,66,50,76,68,34,50,38,10,26,63,5,8,11,68,44,65,42,32,76,54,76,141,58,44,76,32,21,65,46,65,141,B,,,,,,,,,,,,,,,,,,,,,,,,,,,,,,,,,,,,,,,,,,,,,,,,,,,,,,,,,,,,,,,,,,,,,,,,,,,,,,,,,
416,2026,ATP Masters 1000 Rome,1000,2026-05-06T00:00:00,2026-05-17T00:00:00,Clay,96,8235540,€,MS012,Round of 16,01:17:09,"Game Set and Match Casper Ruud. 
 Casper Ruud wins the match  6-3  6-1 .",F,3,RH16,L. Musetti,C. Ruud,M0EJ,RH16,ITA,NOR,8,23,"Game Set and Match Casper Ruud. 
 Casper Ruud wins the match  6-3  6-1 .",C. Ruud,L. Musetti,23,8,NOR,ITA,3-6,1-6,,,,01:17:09,318,/en/stats/leaderboard?page=serve,1,0,79,22,28,73,16,22,67,4,6,0,0,0,5,258,/en/stats/leaderboard?page=serve,1,2,55,12,22,67,8,12,60,6,10,0,0,1,4,198,/en/stats/leaderboard?page=return,33,4,12,40,4,10,100,1,1,4,60,/en/stats/leaderboard?page=return,27,6,22,33,2,6,0,0,0,5,71,20,28,36,8,22,56,28,50,64,14,22,29,8,28,44,22,50,303.0,/en/stats/leaderboard?page=serve,0.0,1.0,60.0,12.0,20.0,67.0,8.0,12.0,75.0,6.0,8.0,100.0,2.0,2.0,3.0,178.0,/en/stats/leaderboard?page=serve,2.0,0.0,81.0,29.0,36.0,45.0,13.0,29.0,29.0,2.0,7.0,67.0,6.0,9.0,4.0,234.0,/en/stats/leaderboard?page=return,55.0,16.0,29.0,71.0,5.0,7.0,33.0,3.0,9.0,4.0,58.0,/en/stats/leaderboard?page=return,33.0,4.0,12.0,25.0,2.0,8.0,0.0,0.0,2.0,3.0,70.0,14.0,20.0,58.0,21.0,36.0,63.0,35.0,56.0,42.0,15.0,36.0,30.0,6.0,20.0,38.0,21.0,56.0,313,/en/stats/leaderboard?page=serve,1,1,71,34,48,71,24,34,71,10,14,100,2,2,8,218,/en/stats/leaderboard?page=serve,3,2,71,41,58,51,21,41,47,8,17,60,6,10,8,71,34,48,50,29,58,59,63,106,50,29,58,29,14,48,41,43,106,B,,,,,,,,,,,,,,,,,,,,,,,,,,,,,,,,,,,,,,,,,,,,,,,,,,,,,,,,,,,,,,,,,,,,,,,,,,,,,,,,,
416,2026,ATP Masters 1000 Rome,1000,2026-05-06T00:00:00,2026-05-17T00:00:00,Clay,96,8235540,€,MS015,Round of 16,02:24:18,"Game Set and Match Luciano Darderi. 
 Luciano Darderi wins the match  1-6  7-6(10) 6-0 .",F,3,D0FJ,L. Darderi,A. Zverev,D0FJ,Z355,ITA,GER,18,2,"Game Set and Match Luciano Darderi. 
 Luciano Darderi wins the match  1-6  7-6(10) 6-0 .",L. Darderi,A. Zverev,18,2,ITA,GER,1-6,7-6(10),6-0,,,02:24:18,182,/en/stats/leaderboard?page=serve,1,0,50,11,22,73,8,11,27,3,11,0,0,2,3,361,/en/stats/leaderboard?page=serve,0,2,79,15,19,80,12,15,100,4,4,0,0,0,4,20,/en/stats/leaderboard?page=return,20,3,15,0,0,4,0,0,0,4,266,/en/stats/leaderboard?page=return,27,3,11,73,8,11,100,2,2,3,50,11,22,16,3,19,34,14,41,84,16,19,50,11,22,66,27,41,253.0,/en/stats/leaderboard?page=serve,2.0,2.0,59.0,27.0,46.0,81.0,22.0,27.0,47.0,9.0,19.0,50.0,2.0,4.0,6.0,264.0,/en/stats/leaderboard?page=serve,4.0,2.0,65.0,28.0,43.0,68.0,19.0,28.0,67.0,10.0,15.0,33.0,1.0,3.0,6.0,165.0,/en/stats/leaderboard?page=return,32.0,9.0,28.0,33.0,5.0,15.0,67.0,2.0,3.0,6.0,155.0,/en/stats/leaderboard?page=return,19.0,5.0,27.0,53.0,10.0,19.0,50.0,2.0,4.0,6.0,67.0,31.0,46.0,33.0,14.0,43.0,51.0,45.0,89.0,67.0,29.0,43.0,33.0,15.0,46.0,49.0,44.0,89.0,244,/en/stats/leaderboard?page=serve,4,4,52,45,86,80,36,45,46,19,41,43,3,7,12,255,/en/stats/leaderboard?page=serve,5,4,72,62,86,65,40,62,58,14,24,50,5,10,13,64,55,86,37,32,86,51,87,172,63,54,86,36,31,86,49,85,172,A,290.0,/en/stats/leaderboard?page=serve,1.0,2.0,39.0,7.0,18.0,86.0,6.0,7.0,64.0,7.0,11.0,100.0,1.0,1.0,3.0,125.0,/en/stats/leaderboard?page=serve,1.0,0.0,79.0,19.0,24.0,47.0,9.0,19.0,0.0,0.0,5.0,57.0,4.0,7.0,3.0,296.0,/en/stats/leaderboard?page=return,53.0,10.0,19.0,100.0,5.0,5.0,43.0,3.0,7.0,3.0,50.0,/en/stats/leaderboard?page=return,14.0,1.0,7.0,36.0,4.0,11.0,0.0,0.0,1.0,3.0,72.0,13.0,18.0,63.0,15.0,24.0,67.0,28.0,42.0,38.0,9.0,24.0,28.0,5.0,18.0,33.0,14.0,42.0,10.0,,,,
416,2026,ATP Masters 1000 Rome,1000,2026-05-06T00:00:00,2026-05-17T00:00:00,Clay,96,8235540,€,MS016,Round of 32,01:05:54,"Game Set and Match Jannik Sinner. 
 Jannik Sinner wins the match  6-2  6-0 .",F,3,S0AG,J. Sinner,A. Popyrin,S0AG,P09Z,ITA,AUS,1,,"Game Set and Match Jannik Sinner. 
 Jannik Sinner wins the match  6-2  6-0 .",J. Sinner,A. Popyrin,1,,ITA,AUS,6-2,6-0,,,,01:05:54,310,/en/stats/leaderboard?page=serve,0,2,63,15,24,67,10,15,78,7,9,100,1,1,4,197,/en/stats/leaderboard?page=serve,3,0,46,12,26,75,9,12,29,4,14,33,1,3,4,213,/en/stats/leaderboard?page=return,25,3,12,71,10,14,67,2,3,4,55,/en/stats/leaderboard?page=return,33,5,15,22,2,9,0,0,1,4,71,17,24,50,13,26,60,30,50,50,13,26,29,7,24,40,20,50,326.0,/en/stats/leaderboard?page=serve,1.0,3.0,57.0,8.0,14.0,100.0,8.0,8.0,67.0,4.0,6.0,0.0,0.0,0.0,3.0,100.0,/en/stats/leaderboard?page=serve,0.0,0.0,50.0,8.0,16.0,25.0,2.0,8.0,25.0,2.0,8.0,40.0,2.0,5.0,3.0,310.0,/en/stats/leaderboard?page=return,75.0,6.0,8.0,75.0,6.0,8.0,60.0,3.0,5.0,3.0,33.0,/en/stats/leaderboard?page=return,0.0,0.0,8.0,33.0,2.0,6.0,0.0,0.0,0.0,3.0,86.0,12.0,14.0,75.0,12.0,16.0,80.0,24.0,30.0,25.0,4.0,16.0,14.0,2.0,14.0,20.0,6.0,30.0,316,/en/stats/leaderboard?page=serve,1,5,61,23,38,78,18,23,73,11,15,100,1,1,7,155,/en/stats/leaderboard?page=serve,3,0,48,20,42,55,11,20,27,6,22,38,3,8,7,76,29,38,60,25,42,68,54,80,40,17,42,24,9,38,33,26,80,A,,,,,,,,,,,,,,,,,,,,,,,,,,,,,,,,,,,,,,,,,,,,,,,,,,,,,,,,,,,,,,,,,,,,,,,,,,,,,,,,,
416,2026,ATP Masters 1000 Rome,1000,2026-05-06T00:00:00,2026-05-17T00:00:00,Clay,96,8235540,€,MS018,Round of 32,01:14:02,"Game Set and Match Andrey Rublev. 
 Andrey Rublev wins the match  6-4  6-4 .",F,3,RE44,A. Rublev,A. Davidovich Fokina,RE44,DH50,RUS,ESP,12,21,"Game Set and Match Andrey Rublev. 
 Andrey Rublev wins the match  6-4  6-4 .",A. Rublev,A. Davidovich Fokina,12,21,RUS,ESP,6-4,6-4,,,,01:14:02,258,/en/stats/leaderboard?page=serve,1,0,68,21,31,81,17,21,30,3,10,75,3,4,5,233,/en/stats/leaderboard?page=serve,0,0,83,24,29,50,12,24,40,2,5,33,1,3,5,217,/en/stats/leaderboard?page=return,50,12,24,60,3,5,67,2,3,5,134,/en/stats/leaderboard?page=return,19,4,21,70,7,10,25,1,4,5,65,20,31,52,15,29,58,35,60,48,14,29,35,11,31,42,25,60,348.0,/en/stats/leaderboard?page=serve,0.0,1.0,78.0,18.0,23.0,89.0,16.0,18.0,80.0,4.0,5.0,0.0,0.0,0.0,5.0,299.0,/en/stats/leaderboard?page=serve,0.0,0.0,88.0,22.0,25.0,64.0,14.0,22.0,67.0,2.0,3.0,0.0,0.0,1.0,5.0,189.0,/en/stats/leaderboard?page=return,36.0,8.0,22.0,33.0,1.0,3.0,100.0,1.0,1.0,5.0,31.0,/en/stats/leaderboard?page=return,11.0,2.0,18.0,20.0,1.0,5.0,0.0,0.0,0.0,5.0,87.0,20.0,23.0,36.0,9.0,25.0,60.0,29.0,48.0,64.0,16.0,25.0,13.0,3.0,23.0,40.0,19.0,48.0,294,/en/stats/leaderboard?page=serve,1,1,72,39,54,85,33,39,47,7,15,75,3,4,10,262,/en/stats/leaderboard?page=serve,0,0,85,46,54,57,26,46,50,4,8,25,1,4,10,74,40,54,44,24,54,59,64,108,56,30,54,26,14,54,41,44,108,A,,,,,,,,,,,,,,,,,,,,,,,,,,,,,,,,,,,,,,,,,,,,,,,,,,,,,,,,,,,,,,,,,,,,,,,,,,,,,,,,,
416,2026,ATP Masters 1000 Rome,1000,2026-05-06T00:00:00,2026-05-17T00:00:00,Clay,96,8235540,€,MS019,Round of 32,01:40:06,"Game Set and Match Nikoloz Basilashvili. 
 Nikoloz Basilashvili wins the match  7-6(5) 6-4 .",F,3,BG23,B. Nakashima,N. Basilashvili,N0AE,BG23,USA,GEO,30,,"Game Set and Match Nikoloz Basilashvili. 
 Nikoloz Basilashvili wins the match  7-6(5) 6-4 .",N. Basilashvili,B. Nakashima,,30,GEO,USA,6-7(5),4-6,,,,01:40:06,305,/en/stats/leaderboard?page=serve,0,5,58,22,38,86,19,22,56,9,16,0,0,0,6,313,/en/stats/leaderboard?page=serve,0,3,70,26,37,85,22,26,55,6,11,0,0,0,6,60,/en/stats/leaderboard?page=return,15,4,26,45,5,11,0,0,0,6,58,/en/stats/leaderboard?page=return,14,3,22,44,7,16,0,0,0,6,74,28,38,24,9,37,49,37,75,76,28,37,26,10,38,51,38,75,276.0,/en/stats/leaderboard?page=serve,1.0,4.0,62.0,16.0,26.0,81.0,13.0,16.0,50.0,5.0,10.0,0.0,0.0,1.0,5.0,217.0,/en/stats/leaderboard?page=serve,0.0,8.0,74.0,28.0,38.0,75.0,21.0,28.0,0.0,0.0,10.0,67.0,4.0,6.0,5.0,198.0,/en/stats/leaderboard?page=return,25.0,7.0,28.0,100.0,10.0,10.0,33.0,2.0,6.0,5.0,189.0,/en/stats/leaderboard?page=return,19.0,3.0,16.0,50.0,5.0,10.0,100.0,1.0,1.0,5.0,69.0,18.0,26.0,45.0,17.0,38.0,55.0,35.0,64.0,55.0,21.0,38.0,31.0,8.0,26.0,45.0,29.0,64.0,295,/en/stats/leaderboard?page=serve,1,9,59,38,64,84,32,38,54,14,26,0,0,1,11,273,/en/stats/leaderboard?page=serve,0,11,72,54,75,80,43,54,29,6,21,67,4,6,11,72,46,64,35,26,75,52,72,139,65,49,75,28,18,64,48,67,139,B,,,,,,,,,,,,,,,,,,,,,,,,,,,,,,,,,,,,,,,,,,,,,,,,,,,,,,,,,,,,,,,,,,,,,,,,,,,,,,5.0,,,
416,2026,ATP Masters 1000 Rome,1000,2026-05-06T00:00:00,2026-05-17T00:00:00,Clay,96,8235540,€,MS020,Round of 32,03:02:59,"Game Set and Match Hamad Medjedovic. 
 Hamad Medjedovic wins the match  4-6  6-3  6-4 .",F,3,M0JF,M. Navone,H. Medjedovic,N0BS,M0JF,ARG,SRB,,,"Game Set and Match Hamad Medjedovic. 
 Hamad Medjedovic wins the match  4-6  6-3  6-4 .",H. Medjedovic,M. Navone,,,SRB,ARG,6-4,3-6,4-6,,,03:02:59,225,/en/stats/leaderboard?page=serve,1,0,73,30,41,57,17,30,36,4,11,75,6,8,5,271,/en/stats/leaderboard?page=serve,2,0,72,23,32,65,15,23,56,5,9,0,0,1,5,199,/en/stats/leaderboard?page=return,35,8,23,44,4,9,100,1,1,5,172,/en/stats/leaderboard?page=return,43,13,30,64,7,11,25,2,8,5,51,21,41,38,12,32,45,33,73,63,20,32,49,20,41,55,40,73,283.0,/en/stats/leaderboard?page=serve,2.0,1.0,64.0,28.0,44.0,64.0,18.0,28.0,56.0,9.0,16.0,100.0,4.0,4.0,5.0,248.0,/en/stats/leaderboard?page=serve,1.0,2.0,74.0,26.0,35.0,65.0,17.0,26.0,33.0,3.0,9.0,80.0,4.0,5.0,4.0,147.0,/en/stats/leaderboard?page=return,35.0,9.0,26.0,67.0,6.0,9.0,20.0,1.0,5.0,4.0,80.0,/en/stats/leaderboard?page=return,36.0,10.0,28.0,44.0,7.0,16.0,0.0,0.0,4.0,5.0,61.0,27.0,44.0,43.0,15.0,35.0,53.0,42.0,79.0,57.0,20.0,35.0,39.0,17.0,44.0,47.0,37.0,79.0,265,/en/stats/leaderboard?page=serve,5,3,64,77,120,64,49,77,53,23,43,86,12,14,15,262,/en/stats/leaderboard?page=serve,3,3,70,70,100,67,47,70,47,14,30,70,7,10,14,60,72,120,39,39,100,50,111,220,61,61,100,40,48,120,50,109,220,B,291.0,/en/stats/leaderboard?page=serve,2.0,2.0,54.0,19.0,35.0,74.0,14.0,19.0,63.0,10.0,16.0,100.0,2.0,2.0,5.0,266.0,/en/stats/leaderboard?page=serve,0.0,1.0,64.0,21.0,33.0,71.0,15.0,21.0,50.0,6.0,12.0,75.0,3.0,4.0,5.0,124.0,/en/stats/leaderboard?page=return,29.0,6.0,21.0,50.0,6.0,12.0,25.0,1.0,4.0,5.0,64.0,/en/stats/leaderboard?page=return,26.0,5.0,19.0,38.0,6.0,16.0,0.0,0.0,2.0,5.0,69.0,24.0,35.0,36.0,12.0,33.0,53.0,36.0,68.0,64.0,21.0,33.0,31.0,11.0,35.0,47.0,32.0,68.0,,,,,
416,2026,ATP Masters 1000 Rome,1000,2026-05-06T00:00:00,2026-05-17T00:00:00,Clay,96,8235540,€,MS021,Round of 32,01:47:32,"Game Set and Match Martin Landaluce. 
 Martin Landaluce wins the match  6-4  6-3 .",F,3,L0IL,M. Bellucci,M. Landaluce,B0GG,L0IL,ITA,ESP,,,"Game Set and Match Martin Landaluce. 
 Martin Landaluce wins the match  6-4  6-3 .",M. Landaluce,M. Bellucci,,,ESP,ITA,4-6,3-6,,,,01:47:32,320,/en/stats/leaderboard?page=serve,1,0,58,14,24,93,13,14,70,7,10,0,0,0,5,244,/en/stats/leaderboard?page=serve,3,2,52,23,44,61,14,23,52,11,21,67,2,3,5,140,/en/stats/leaderboard?page=return,39,9,23,48,10,21,33,1,3,5,37,/en/stats/leaderboard?page=return,7,1,14,30,3,10,0,0,0,5,83,20,24,43,19,44,57,39,68,57,25,44,17,4,24,43,29,68,350.0,/en/stats/leaderboard?page=serve,0.0,1.0,70.0,14.0,20.0,79.0,11.0,14.0,100.0,6.0,6.0,100.0,2.0,2.0,4.0,221.0,/en/stats/leaderboard?page=serve,1.0,0.0,53.0,19.0,36.0,68.0,13.0,19.0,41.0,7.0,17.0,60.0,3.0,5.0,5.0,171.0,/en/stats/leaderboard?page=return,32.0,6.0,19.0,59.0,10.0,17.0,40.0,2.0,5.0,5.0,21.0,/en/stats/leaderboard?page=return,21.0,3.0,14.0,0.0,0.0,6.0,0.0,0.0,2.0,4.0,85.0,17.0,20.0,44.0,16.0,36.0,59.0,33.0,56.0,56.0,20.0,36.0,15.0,3.0,20.0,41.0,23.0,56.0,331,/en/stats/leaderboard?page=serve,1,1,64,28,44,86,24,28,81,13,16,100,2,2,9,232,/en/stats/leaderboard?page=serve,4,2,53,42,80,64,27,42,47,18,38,63,5,8,10,84,37,44,44,35,80,58,72,124,56,45,80,16,7,44,42,52,124,B,,,,,,,,,,,,,,,,,,,,,,,,,,,,,,,,,,,,,,,,,,,,,,,,,,,,,,,,,,,,,,,,,,,,,,,,,,,,,,,,,
416,2026,ATP Masters 1000 Rome,1000,2026-05-06T00:00:00,2026-05-17T00:00:00,Clay,96,8235540,€,MS022,Round of 32,01:18:21,"Game Set and Match Thiago Agustin Tirante. 
 Thiago Agustin Tirante wins the match  6-3  6-4 .",F,3,T0A1,F. Cobolli,T. Tirante,C0E9,T0A1,ITA,ARG,10,,"Game Set and Match Thiago Agustin Tirante. 
 Thiago Agustin Tirante wins the match  6-3  6-4 .",T. Tirante,F. Cobolli,,10,ARG,ITA,3-6,4-6,,,,01:18:21,258,/en/stats/leaderboard?page=serve,3,1,44,12,27,83,10,12,53,8,15,50,1,2,5,209,/en/stats/leaderboard?page=serve,0,1,56,15,27,60,9,15,42,5,12,60,3,5,4,188,/en/stats/leaderboard?page=return,40,6,15,58,7,12,40,2,5,4,134,/en/stats/leaderboard?page=return,17,2,12,47,7,15,50,1,2,5,67,18,27,48,13,27,57,31,54,52,14,27,33,9,27,43,23,54,331.0,/en/stats/leaderboard?page=serve,0.0,2.0,57.0,13.0,23.0,92.0,12.0,13.0,80.0,8.0,10.0,0.0,0.0,0.0,5.0,238.0,/en/stats/leaderboard?page=serve,3.0,2.0,41.0,11.0,27.0,55.0,6.0,11.0,63.0,10.0,16.0,0.0,0.0,1.0,5.0,203.0,/en/stats/leaderboard?page=return,45.0,5.0,11.0,38.0,6.0,16.0,100.0,1.0,1.0,5.0,28.0,/en/stats/leaderboard?page=return,8.0,1.0,13.0,20.0,2.0,10.0,0.0,0.0,0.0,5.0,87.0,20.0,23.0,41.0,11.0,27.0,62.0,31.0,50.0,59.0,16.0,27.0,13.0,3.0,23.0,38.0,19.0,50.0,292,/en/stats/leaderboard?page=serve,3,3,50,25,50,88,22,25,64,16,25,50,1,2,10,226,/en/stats/leaderboard?page=serve,3,3,48,26,54,58,15,26,54,15,28,50,3,6,9,76,38,50,44,24,54,60,62,104,56,30,54,24,12,50,40,42,104,B,,,,,,,,,,,,,,,,,,,,,,,,,,,,,,,,,,,,,,,,,,,,,,,,,,,,,,,,,,,,,,,,,,,,,,,,,,,,,,,,,
416,2026,ATP Masters 1000 Rome,1000,2026-05-06T00:00:00,2026-05-17T00:00:00,Clay,96,8235540,€,MS023,Round of 32,02:08:07,"Game Set and Match Daniil Medvedev. 
 Daniil Medvedev wins the match  3-6  6-4  6-2 .",F,3,MM58,P. Llamas Ruiz,D. Medvedev,L0CX,MM58,ESP,RUS,,7,"Game Set and Match Daniil Medvedev. 
 Daniil Medvedev wins the match  3-6  6-4  6-2 .",D. Medvedev,P. Llamas Ruiz,7,,RUS,ESP,6-3,4-6,2-6,,,02:08:07,222,/en/stats/leaderboard?page=serve,2,4,58,21,36,62,13,21,40,6,15,60,3,5,5,325,/en/stats/leaderboard?page=serve,0,0,73,16,22,69,11,16,83,5,6,0,0,0,4,48,/en/stats/leaderboard?page=return,31,5,16,17,1,6,0,0,0,4,178,/en/stats/leaderboard?page=return,38,8,21,60,9,15,40,2,5,5,53,19,36,27,6,22,43,25,58,73,16,22,47,17,36,57,33,58,303.0,/en/stats/leaderboard?page=serve,1.0,1.0,68.0,19.0,28.0,79.0,15.0,19.0,56.0,5.0,9.0,0.0,0.0,0.0,5.0,281.0,/en/stats/leaderboard?page=serve,0.0,0.0,76.0,26.0,34.0,62.0,16.0,26.0,63.0,5.0,8.0,50.0,1.0,2.0,5.0,146.0,/en/stats/leaderboard?page=return,38.0,10.0,26.0,38.0,3.0,8.0,50.0,1.0,2.0,5.0,65.0,/en/stats/leaderboard?page=return,21.0,4.0,19.0,44.0,4.0,9.0,0.0,0.0,0.0,5.0,71.0,20.0,28.0,38.0,13.0,34.0,53.0,33.0,62.0,62.0,21.0,34.0,29.0,8.0,28.0,47.0,29.0,62.0,270,/en/stats/leaderboard?page=serve,3,6,67,56,84,68,38,56,54,15,28,50,3,6,14,260,/en/stats/leaderboard?page=serve,0,0,74,66,89,56,37,66,61,14,23,50,4,8,13,63,53,84,43,38,89,53,91,173,57,51,89,37,31,84,47,82,173,B,319.0,/en/stats/leaderboard?page=serve,0.0,1.0,80.0,16.0,20.0,63.0,10.0,16.0,100.0,4.0,4.0,0.0,0.0,1.0,4.0,184.0,/en/stats/leaderboard?page=serve,0.0,0.0,73.0,24.0,33.0,42.0,10.0,24.0,44.0,4.0,9.0,50.0,3.0,6.0,4.0,239.0,/en/stats/leaderboard?page=return,58.0,14.0,24.0,56.0,5.0,9.0,50.0,3.0,6.0,4.0,163.0,/en/stats/leaderboard?page=return,38.0,6.0,16.0,0.0,0.0,4.0,100.0,1.0,1.0,4.0,70.0,14.0,20.0,58.0,19.0,33.0,62.0,33.0,53.0,42.0,14.0,33.0,30.0,6.0,20.0,38.0,20.0,53.0,,,,,
416,2026,ATP Masters 1000 Rome,1000,2026-05-06T00:00:00,2026-05-17T00:00:00,Clay,96,8235540,€,MS025,Round of 32,01:19:44,"Game Set and Match Casper Ruud. 
 Casper Ruud wins the match  6-3  6-4 .",F,3,RH16,C. Ruud,J. Lehecka,RH16,L0BV,NOR,CZE,23,11,"Game Set and Match Casper Ruud. 
 Casper Ruud wins the match  6-3  6-4 .",C. Ruud,J. Lehecka,23,11,NOR,CZE,6-3,6-4,,,,01:19:44,357,/en/stats/leaderboard?page=serve,0,2,80,20,25,75,15,20,100,5,5,0,0,0,5,232,/en/stats/leaderboard?page=serve,2,0,54,13,24,69,9,13,36,4,11,50,1,2,4,170,/en/stats/leaderboard?page=return,31,4,13,64,7,11,50,1,2,4,25,/en/stats/leaderboard?page=return,25,5,20,0,0,5,0,0,0,5,80,20,25,46,11,24,63,31,49,54,13,24,20,5,25,37,18,49,256.0,/en/stats/leaderboard?page=serve,3.0,0.0,55.0,17.0,31.0,88.0,15.0,17.0,36.0,5.0,14.0,50.0,1.0,2.0,5.0,240.0,/en/stats/leaderboard?page=serve,0.0,1.0,72.0,21.0,29.0,57.0,12.0,21.0,50.0,4.0,8.0,67.0,4.0,6.0,5.0,166.0,/en/stats/leaderboard?page=return,43.0,9.0,21.0,50.0,4.0,8.0,33.0,2.0,6.0,5.0,146.0,/en/stats/leaderboard?page=return,12.0,2.0,17.0,64.0,9.0,14.0,50.0,1.0,2.0,5.0,65.0,20.0,31.0,45.0,13.0,29.0,55.0,33.0,60.0,55.0,16.0,29.0,35.0,11.0,31.0,45.0,27.0,60.0,289,/en/stats/leaderboard?page=serve,3,2,66,37,56,81,30,37,53,10,19,50,1,2,10,233,/en/stats/leaderboard?page=serve,2,1,64,34,53,62,21,34,42,8,19,63,5,8,9,71,40,56,45,24,53,59,64,109,55,29,53,29,16,56,41,45,109,A,,,,,,,,,,,,,,,,,,,,,,,,,,,,,,,,,,,,,,,,,,,,,,,,,,,,,,,,,,,,,,,,,,,,,,,,,,,,,,,,,
416,2026,ATP Masters 1000 Rome,1000,2026-05-06T00:00:00,2026-05-17T00:00:00,Clay,96,8235540,€,MS026,Round of 32,02:28:10,"Game Set and Match Karen Khachanov. 
 Karen Khachanov wins the match  5-7  6-4  6-4 .",F,3,KE29,K. Khachanov,B. van de Zandschulp,KE29,V812,RUS,NED,13,,"Game Set and Match Karen Khachanov. 
 Karen Khachanov wins the match  5-7  6-4  6-4 .",K. Khachanov,B. van de Zandschulp,13,,RUS,NED,5-7,6-4,6-4,,,02:28:10,277,/en/stats/leaderboard?page=serve,1,2,60,21,35,76,16,21,57,8,14,75,3,4,6,308,/en/stats/leaderboard?page=serve,1,4,80,24,30,92,22,24,33,2,6,0,0,0,6,75,/en/stats/leaderboard?page=return,8,2,24,67,4,6,0,0,0,6,108,/en/stats/leaderboard?page=return,24,5,21,43,6,14,25,1,4,6,69,24,35,20,6,30,46,30,65,80,24,30,31,11,35,54,35,65,305.0,/en/stats/leaderboard?page=serve,0.0,2.0,59.0,20.0,34.0,65.0,13.0,20.0,79.0,11.0,14.0,100.0,3.0,3.0,5.0,250.0,/en/stats/leaderboard?page=serve,2.0,2.0,55.0,22.0,40.0,82.0,18.0,22.0,33.0,6.0,18.0,75.0,3.0,4.0,5.0,130.0,/en/stats/leaderboard?page=return,18.0,4.0,22.0,67.0,12.0,18.0,25.0,1.0,4.0,5.0,56.0,/en/stats/leaderboard?page=return,35.0,7.0,20.0,21.0,3.0,14.0,0.0,0.0,3.0,5.0,71.0,24.0,34.0,40.0,16.0,40.0,54.0,40.0,74.0,60.0,24.0,40.0,29.0,10.0,34.0,46.0,34.0,74.0,292,/en/stats/leaderboard?page=serve,2,4,63,59,93,75,44,59,65,22,34,75,6,8,16,259,/en/stats/leaderboard?page=serve,8,8,62,64,103,83,53,64,33,13,39,63,5,8,16,71,66,93,36,37,103,53,103,196,64,66,103,29,27,93,47,93,196,A,287.0,/en/stats/leaderboard?page=serve,1.0,0.0,75.0,18.0,24.0,83.0,15.0,18.0,50.0,3.0,6.0,0.0,0.0,1.0,5.0,217.0,/en/stats/leaderboard?page=serve,5.0,2.0,55.0,18.0,33.0,72.0,13.0,18.0,33.0,5.0,15.0,50.0,2.0,4.0,5.0,185.0,/en/stats/leaderboard?page=return,28.0,5.0,18.0,67.0,10.0,15.0,50.0,2.0,4.0,5.0,187.0,/en/stats/leaderboard?page=return,17.0,3.0,18.0,50.0,3.0,6.0,100.0,1.0,1.0,5.0,75.0,18.0,24.0,45.0,15.0,33.0,58.0,33.0,57.0,55.0,18.0,33.0,25.0,6.0,24.0,42.0,24.0,57.0,,,,,
416,2026,ATP Masters 1000 Rome,1000,2026-05-06T00:00:00,2026-05-17T00:00:00,Clay,96,8235540,€,MS027,Round of 32,01:20:52,"Game Set and Match Dino Prizmic. 
 Dino Prizmic wins the match  6-1  7-5 .",F,3,P0HW,U. Humbert,D. Prizmic,HH26,P0HW,FRA,CRO,31,,"Game Set and Match Dino Prizmic. 
 Dino Prizmic wins the match  6-1  7-5 .",D. Prizmic,U. Humbert,,31,CRO,FRA,1-6,5-7,,,,01:20:52,342,/en/stats/leaderboard?page=serve,0,4,81,17,21,82,14,17,75,3,4,0,0,0,4,170,/en/stats/leaderboard?page=serve,1,1,44,8,18,63,5,8,30,3,10,33,1,3,3,241,/en/stats/leaderboard?page=return,38,3,8,70,7,10,67,2,3,3,43,/en/stats/leaderboard?page=return,18,3,17,25,1,4,0,0,0,4,81,17,21,56,10,18,69,27,39,44,8,18,19,4,21,31,12,39,317.0,/en/stats/leaderboard?page=serve,2.0,3.0,66.0,21.0,32.0,86.0,18.0,21.0,64.0,7.0,11.0,0.0,0.0,0.0,6.0,269.0,/en/stats/leaderboard?page=serve,2.0,2.0,62.0,21.0,34.0,86.0,18.0,21.0,38.0,5.0,13.0,0.0,0.0,1.0,6.0,192.0,/en/stats/leaderboard?page=return,14.0,3.0,21.0,62.0,8.0,13.0,100.0,1.0,1.0,6.0,50.0,/en/stats/leaderboard?page=return,14.0,3.0,21.0,36.0,4.0,11.0,0.0,0.0,0.0,6.0,78.0,25.0,32.0,32.0,11.0,34.0,55.0,36.0,66.0,68.0,23.0,34.0,22.0,7.0,32.0,45.0,30.0,66.0,328,/en/stats/leaderboard?page=serve,2,7,72,38,53,84,32,38,67,10,15,0,0,0,10,236,/en/stats/leaderboard?page=serve,3,3,56,29,52,79,23,29,35,8,23,25,1,4,9,79,42,53,40,21,52,60,63,105,60,31,52,21,11,53,40,42,105,B,,,,,,,,,,,,,,,,,,,,,,,,,,,,,,,,,,,,,,,,,,,,,,,,,,,,,,,,,,,,,,,,,,,,,,,,,,,,,,,,,
416,2026,ATP Masters 1000 Rome,1000,2026-05-06T00:00:00,2026-05-17T00:00:00,Clay,96,8235540,€,MS029,Round of 32,02:07:32,"Game Set and Match Learner Tien. 
 Learner Tien wins the match  4-6  6-3  7-5 .",F,3,T0HA,L. Tien,A. Bublik,T0HA,BK92,USA,KAZ,19,9,"Game Set and Match Learner Tien. 
 Learner Tien wins the match  4-6  6-3  7-5 .",L. Tien,A. Bublik,19,9,USA,KAZ,4-6,6-3,7-5,,,02:07:32,274,/en/stats/leaderboard?page=serve,0,1,63,20,32,55,11,20,75,9,12,50,1,2,5,303,/en/stats/leaderboard?page=serve,0,4,68,21,31,81,17,21,50,5,10,100,2,2,5,69,/en/stats/leaderboard?page=return,19,4,21,50,5,10,0,0,2,5,140,/en/stats/leaderboard?page=return,45,9,20,25,3,12,50,1,2,5,63,20,32,29,9,31,46,29,63,71,22,31,38,12,32,54,34,63,297.0,/en/stats/leaderboard?page=serve,2.0,2.0,63.0,19.0,30.0,79.0,15.0,19.0,55.0,6.0,11.0,100.0,2.0,2.0,5.0,253.0,/en/stats/leaderboard?page=serve,0.0,2.0,57.0,17.0,30.0,65.0,11.0,17.0,54.0,7.0,13.0,50.0,1.0,2.0,4.0,156.0,/en/stats/leaderboard?page=return,35.0,6.0,17.0,46.0,6.0,13.0,50.0,1.0,2.0,4.0,66.0,/en/stats/leaderboard?page=return,21.0,4.0,19.0,45.0,5.0,11.0,0.0,0.0,2.0,5.0,70.0,21.0,30.0,40.0,12.0,30.0,55.0,33.0,60.0,60.0,18.0,30.0,30.0,9.0,30.0,45.0,27.0,60.0,288,/en/stats/leaderboard?page=serve,2,3,67,63,94,68,43,63,65,20,31,67,4,6,16,265,/en/stats/leaderboard?page=serve,3,8,62,64,104,75,48,64,43,17,40,70,7,10,15,67,63,94,38,39,104,52,102,198,63,65,104,33,31,94,48,96,198,A,292.0,/en/stats/leaderboard?page=serve,0.0,0.0,75.0,24.0,32.0,71.0,17.0,24.0,63.0,5.0,8.0,50.0,1.0,2.0,6.0,231.0,/en/stats/leaderboard?page=serve,3.0,2.0,60.0,26.0,43.0,77.0,20.0,26.0,29.0,5.0,17.0,67.0,4.0,6.0,6.0,160.0,/en/stats/leaderboard?page=return,23.0,6.0,26.0,71.0,12.0,17.0,33.0,2.0,6.0,6.0,133.0,/en/stats/leaderboard?page=return,29.0,7.0,24.0,38.0,3.0,8.0,50.0,1.0,2.0,6.0,69.0,22.0,32.0,42.0,18.0,43.0,53.0,40.0,75.0,58.0,25.0,43.0,31.0,10.0,32.0,47.0,35.0,75.0,,,,,
416,2026,ATP Masters 1000 Rome,1000,2026-05-06T00:00:00,2026-05-17T00:00:00,Clay,96,8235540,€,MS030,Round of 32,02:23:20,"Game Set and Match Luciano Darderi. 
 Luciano Darderi wins the match  3-6  6-3  6-2 .",F,3,D0FJ,T. Paul,L. Darderi,PL56,D0FJ,USA,ITA,16,18,"Game Set and Match Luciano Darderi. 
 Luciano Darderi wins the match  3-6  6-3  6-2 .",L. Darderi,T. Paul,18,16,ITA,USA,6-3,3-6,2-6,,,02:23:20,268,/en/stats/leaderboard?page=serve,0,2,70,19,27,58,11,19,63,5,8,0,0,1,4,295,/en/stats/leaderboard?page=serve,1,3,50,14,28,86,12,14,57,8,14,0,0,0,5,57,/en/stats/leaderboard?page=return,14,2,14,43,6,14,0,0,0,5,205,/en/stats/leaderboard?page=return,42,8,19,38,3,8,100,1,1,4,59,16,27,29,8,28,44,24,55,71,20,28,41,11,27,56,31,55,266.0,/en/stats/leaderboard?page=serve,0.0,1.0,64.0,21.0,33.0,71.0,15.0,21.0,50.0,6.0,12.0,67.0,2.0,3.0,5.0,212.0,/en/stats/leaderboard?page=serve,0.0,1.0,60.0,26.0,43.0,42.0,11.0,26.0,59.0,10.0,17.0,71.0,5.0,7.0,4.0,178.0,/en/stats/leaderboard?page=return,58.0,15.0,26.0,41.0,7.0,17.0,29.0,2.0,7.0,4.0,132.0,/en/stats/leaderboard?page=return,29.0,6.0,21.0,50.0,6.0,12.0,33.0,1.0,3.0,5.0,64.0,21.0,33.0,51.0,22.0,43.0,57.0,43.0,76.0,49.0,21.0,43.0,36.0,12.0,33.0,43.0,33.0,76.0,283,/en/stats/leaderboard?page=serve,0,5,61,49,80,65,32,49,68,21,31,50,2,4,13,239,/en/stats/leaderboard?page=serve,3,5,56,52,93,56,29,52,56,23,41,56,5,9,13,66,53,80,44,41,93,54,94,173,56,52,93,34,27,80,46,79,173,B,305.0,/en/stats/leaderboard?page=serve,0.0,2.0,45.0,9.0,20.0,67.0,6.0,9.0,91.0,10.0,11.0,0.0,0.0,0.0,4.0,204.0,/en/stats/leaderboard?page=serve,2.0,1.0,55.0,12.0,22.0,50.0,6.0,12.0,50.0,5.0,10.0,0.0,0.0,2.0,4.0,250.0,/en/stats/leaderboard?page=return,50.0,6.0,12.0,50.0,5.0,10.0,100.0,2.0,2.0,4.0,42.0,/en/stats/leaderboard?page=return,33.0,3.0,9.0,9.0,1.0,11.0,0.0,0.0,0.0,4.0,80.0,16.0,20.0,50.0,11.0,22.0,64.0,27.0,42.0,50.0,11.0,22.0,20.0,4.0,20.0,36.0,15.0,42.0,,,,,
416,2026,ATP Masters 1000 Rome,1000,2026-05-06T00:00:00,2026-05-17T00:00:00,Clay,96,8235540,€,MS031,Round of 32,01:13:53,"Game Set and Match Alexander Zverev. 
 Alexander Zverev wins the match  6-1  6-4 .",F,3,Z355,A. Blockx,A. Zverev,B0PG,Z355,BEL,GER,,2,"Game Set and Match Alexander Zverev. 
 Alexander Zverev wins the match  6-1  6-4 .",A. Zverev,A. Blockx,2,,GER,BEL,1-6,4-6,,,,01:13:53,312,/en/stats/leaderboard?page=serve,0,0,73,19,26,68,13,19,71,5,7,100,2,2,4,155,/en/stats/leaderboard?page=serve,0,0,46,6,13,33,2,6,43,3,7,33,1,3,3,257,/en/stats/leaderboard?page=return,67,4,6,57,4,7,67,2,3,3,61,/en/stats/leaderboard?page=return,32,6,19,29,2,7,0,0,2,4,69,18,26,62,8,13,67,26,39,38,5,13,31,8,26,33,13,39,319.0,/en/stats/leaderboard?page=serve,0.0,1.0,81.0,22.0,27.0,77.0,17.0,22.0,60.0,3.0,5.0,0.0,0.0,0.0,5.0,253.0,/en/stats/leaderboard?page=serve,2.0,1.0,58.0,21.0,36.0,76.0,16.0,21.0,40.0,6.0,15.0,80.0,4.0,5.0,5.0,124.0,/en/stats/leaderboard?page=return,24.0,5.0,21.0,60.0,9.0,15.0,20.0,1.0,5.0,5.0,63.0,/en/stats/leaderboard?page=return,23.0,5.0,22.0,40.0,2.0,5.0,0.0,0.0,0.0,5.0,74.0,20.0,27.0,39.0,14.0,36.0,54.0,34.0,63.0,61.0,22.0,36.0,26.0,7.0,27.0,46.0,29.0,63.0,318,/en/stats/leaderboard?page=serve,0,1,77,41,53,73,30,41,67,8,12,100,2,2,9,224,/en/stats/leaderboard?page=serve,2,1,55,27,49,67,18,27,41,9,22,63,5,8,8,72,38,53,45,22,49,59,60,102,55,27,49,28,15,53,41,42,102,B,,,,,,,,,,,,,,,,,,,,,,,,,,,,,,,,,,,,,,,,,,,,,,,,,,,,,,,,,,,,,,,,,,,,,,,,,,,,,,,,,
416,2026,ATP Masters 1000 Rome,1000,2026-05-06T00:00:00,2026-05-17T00:00:00,Clay,96,8235540,€,MS032,Round of 64,01:40:59,"Game Set and Match Jannik Sinner. 
 Jannik Sinner wins the match  6-3  6-4 .",F,3,S0AG,J. Sinner,S. Ofner,S0AG,O513,ITA,AUT,1,,"Game Set and Match Jannik Sinner. 
 Jannik Sinner wins the match  6-3  6-4 .",J. Sinner,S. Ofner,1,,ITA,AUT,6-3,6-4,,,,01:40:59,322,/en/stats/leaderboard?page=serve,1,1,54,13,24,77,10,13,91,10,11,0,0,0,5,258,/en/stats/leaderboard?page=serve,2,2,69,20,29,70,14,20,44,4,9,75,3,4,4,136,/en/stats/leaderboard?page=return,30,6,20,56,5,9,25,1,4,4,32,/en/stats/leaderboard?page=return,23,3,13,9,1,11,0,0,0,5,83,20,24,38,11,29,58,31,53,62,18,29,17,4,24,42,22,53,304.0,/en/stats/leaderboard?page=serve,0.0,2.0,67.0,20.0,30.0,85.0,17.0,20.0,50.0,5.0,10.0,0.0,0.0,0.0,5.0,252.0,/en/stats/leaderboard?page=serve,1.0,4.0,47.0,18.0,38.0,67.0,12.0,18.0,55.0,11.0,20.0,67.0,2.0,3.0,5.0,131.0,/en/stats/leaderboard?page=return,33.0,6.0,18.0,45.0,9.0,20.0,33.0,1.0,3.0,5.0,65.0,/en/stats/leaderboard?page=return,15.0,3.0,20.0,50.0,5.0,10.0,0.0,0.0,0.0,5.0,73.0,22.0,30.0,39.0,15.0,38.0,54.0,37.0,68.0,61.0,23.0,38.0,27.0,8.0,30.0,46.0,31.0,68.0,316,/en/stats/leaderboard?page=serve,1,3,61,33,54,82,27,33,71,15,21,0,0,0,10,257,/en/stats/leaderboard?page=serve,3,6,57,38,67,68,26,38,52,15,29,71,5,7,9,78,42,54,39,26,67,56,68,121,61,41,67,22,12,54,44,53,121,A,,,,,,,,,,,,,,,,,,,,,,,,,,,,,,,,,,,,,,,,,,,,,,,,,,,,,,,,,,,,,,,,,,,,,,,,,,,,,,,,,
416,2026,ATP Masters 1000 Rome,1000,2026-05-06T00:00:00,2026-05-17T00:00:00,Clay,96,8235540,€,MS033,Round of 64,02:11:11,"Game Set and Match Alexei Popyrin. 
 Alexei Popyrin wins the match  6-3  2-6  6-4 .",F,3,P09Z,A. Popyrin,J. Mensik,P09Z,M0NI,AUS,CZE,,26,"Game Set and Match Alexei Popyrin. 
 Alexei Popyrin wins the match  6-3  2-6  6-4 .",A. Popyrin,J. Mensik,,26,AUS,CZE,6-3,2-6,6-4,,,02:11:11,330,/en/stats/leaderboard?page=serve,0,3,89,17,19,88,15,17,50,1,2,0,0,0,4,233,/en/stats/leaderboard?page=serve,0,0,50,13,26,69,9,13,54,7,13,0,0,2,5,217,/en/stats/leaderboard?page=return,31,4,13,46,6,13,100,2,2,5,62,/en/stats/leaderboard?page=return,12,2,17,50,1,2,0,0,0,4,84,16,19,38,10,26,58,26,45,62,16,26,16,3,19,42,19,45,216.0,/en/stats/leaderboard?page=serve,1.0,1.0,64.0,16.0,25.0,69.0,11.0,16.0,33.0,3.0,9.0,60.0,3.0,5.0,4.0,294.0,/en/stats/leaderboard?page=serve,2.0,2.0,63.0,17.0,27.0,71.0,12.0,17.0,60.0,6.0,10.0,100.0,2.0,2.0,4.0,69.0,/en/stats/leaderboard?page=return,29.0,5.0,17.0,40.0,4.0,10.0,0.0,0.0,2.0,4.0,188.0,/en/stats/leaderboard?page=return,31.0,5.0,16.0,67.0,6.0,9.0,40.0,2.0,5.0,4.0,56.0,14.0,25.0,33.0,9.0,27.0,44.0,23.0,52.0,67.0,18.0,27.0,44.0,11.0,25.0,56.0,29.0,52.0,279,/en/stats/leaderboard?page=serve,4,7,67,53,79,75,40,53,50,13,26,71,5,7,13,265,/en/stats/leaderboard?page=serve,3,6,56,45,80,71,32,45,57,20,35,50,3,6,14,67,53,79,35,28,80,51,81,159,65,52,80,33,26,79,49,78,159,A,287.0,/en/stats/leaderboard?page=serve,3.0,3.0,57.0,20.0,35.0,70.0,14.0,20.0,60.0,9.0,15.0,100.0,2.0,2.0,5.0,270.0,/en/stats/leaderboard?page=serve,1.0,4.0,56.0,15.0,27.0,73.0,11.0,15.0,58.0,7.0,12.0,50.0,1.0,2.0,5.0,139.0,/en/stats/leaderboard?page=return,27.0,4.0,15.0,42.0,5.0,12.0,50.0,1.0,2.0,5.0,70.0,/en/stats/leaderboard?page=return,30.0,6.0,20.0,40.0,6.0,15.0,0.0,0.0,2.0,5.0,66.0,23.0,35.0,33.0,9.0,27.0,52.0,32.0,62.0,67.0,18.0,27.0,34.0,12.0,35.0,48.0,30.0,62.0,,,,,
416,2026,ATP Masters 1000 Rome,1000,2026-05-06T00:00:00,2026-05-17T00:00:00,Clay,96,8235540,€,MS035,Round of 64,00:22:43,"Game Set and Match Andrea Pellegrino. 
 Andrea Pellegrino wins the match 4-0 RET.",F,3,PH64,A. Pellegrino,A. Fils,PH64,F0F1,ITA,FRA,,15,"Game Set and Match Andrea Pellegrino. 
 Andrea Pellegrino wins the match 4-0 RET.",A. Pellegrino,A. Fils,,15,ITA,FRA,4-0,,,,,00:22:43,341,/en/stats/leaderboard?page=serve,0,0,70,7,10,71,5,7,100,3,3,0,0,0,2,92,/en/stats/leaderboard?page=serve,2,1,46,6,13,33,2,6,14,1,7,33,1,3,2,320,/en/stats/leaderboard?page=return,67,4,6,86,6,7,67,2,3,2,29,/en/stats/leaderboard?page=return,29,2,7,0,0,3,0,0,0,2,80,8,10,77,10,13,78,18,23,23,3,13,20,2,10,22,5,23,,,,,,,,,,,,,,,,,,,,,,,,,,,,,,,,,,,,,,,,,,,,,,,,,,,,,,,,,,,,,,,,,,,,,,,,,,,,,341,/en/stats/leaderboard?page=serve,0,0,70,7,10,71,5,7,100,3,3,0,0,0,2,92,/en/stats/leaderboard?page=serve,2,1,46,6,13,33,2,6,14,1,7,33,1,3,2,80,8,10,77,10,13,78,18,23,23,3,13,20,2,10,22,5,23,A,,,,,,,,,,,,,,,,,,,,,,,,,,,,,,,,,,,,,,,,,,,,,,,,,,,,,,,,,,,,,,,,,,,,,,,,,,,,,,,,,
416,2026,ATP Masters 1000 Rome,1000,2026-05-06T00:00:00,2026-05-17T00:00:00,Clay,96,8235540,€,MS036,Round of 64,01:14:25,"Game Set and Match Andrey Rublev. 
 Andrey Rublev wins the match  6-4  6-4 .",F,3,RE44,A. Rublev,M. Kecmanovic,RE44,KI95,RUS,SRB,12,,"Game Set and Match Andrey Rublev. 
 Andrey Rublev wins the match  6-4  6-4 .",A. Rublev,M. Kecmanovic,12,,RUS,SRB,6-4,6-4,,,,01:14:25,297,/en/stats/leaderboard?page=serve,1,1,36,10,28,100,10,10,61,11,18,0,0,0,5,284,/en/stats/leaderboard?page=serve,0,2,48,12,25,92,11,12,62,8,13,50,1,2,5,116,/en/stats/leaderboard?page=return,8,1,12,38,5,13,50,1,2,5,39,/en/stats/leaderboard?page=return,0,0,10,39,7,18,0,0,0,5,75,21,28,24,6,25,51,27,53,76,19,25,25,7,28,49,26,53,285.0,/en/stats/leaderboard?page=serve,1.0,3.0,59.0,13.0,22.0,77.0,10.0,13.0,67.0,6.0,9.0,0.0,0.0,1.0,5.0,247.0,/en/stats/leaderboard?page=serve,0.0,2.0,64.0,18.0,28.0,61.0,11.0,18.0,60.0,6.0,10.0,50.0,2.0,4.0,5.0,169.0,/en/stats/leaderboard?page=return,39.0,7.0,18.0,40.0,4.0,10.0,50.0,2.0,4.0,5.0,176.0,/en/stats/leaderboard?page=return,23.0,3.0,13.0,33.0,3.0,9.0,100.0,1.0,1.0,5.0,73.0,16.0,22.0,39.0,11.0,28.0,54.0,27.0,50.0,61.0,17.0,28.0,27.0,6.0,22.0,46.0,23.0,50.0,288,/en/stats/leaderboard?page=serve,2,4,46,23,50,87,20,23,63,17,27,0,0,1,10,265,/en/stats/leaderboard?page=serve,0,4,57,30,53,73,22,30,61,14,23,50,3,6,10,74,37,50,32,17,53,52,54,103,68,36,53,26,13,50,48,49,103,A,,,,,,,,,,,,,,,,,,,,,,,,,,,,,,,,,,,,,,,,,,,,,,,,,,,,,,,,,,,,,,,,,,,,,,,,,,,,,,,,,
416,2026,ATP Masters 1000 Rome,1000,2026-05-06T00:00:00,2026-05-17T00:00:00,Clay,96,8235540,€,MS037,Round of 64,01:54:38,"Game Set and Match Alejandro Davidovich Fokina. 
 Alejandro Davidovich Fokina wins the match  7-6(2) 6-4 .",F,3,DH50,C. Garin,A. Davidovich Fokina,GD64,DH50,CHI,ESP,,21,"Game Set and Match Alejandro Davidovich Fokina. 
 Alejandro Davidovich Fokina wins the match  7-6(2) 6-4 .",A. Davidovich Fokina,C. Garin,21,,ESP,CHI,6-7(2),4-6,,,,01:54:38,305,/en/stats/leaderboard?page=serve,0,1,63,26,41,81,21,26,60,9,15,0,0,0,6,305,/en/stats/leaderboard?page=serve,0,2,70,28,40,75,21,28,58,7,12,100,1,1,6,67,/en/stats/leaderboard?page=return,25,7,28,42,5,12,0,0,1,6,59,/en/stats/leaderboard?page=return,19,5,26,40,6,15,0,0,0,6,73,30,41,30,12,40,52,42,81,70,28,40,27,11,41,48,39,81,254.0,/en/stats/leaderboard?page=serve,1.0,2.0,62.0,28.0,45.0,64.0,18.0,28.0,47.0,8.0,17.0,83.0,5.0,6.0,5.0,248.0,/en/stats/leaderboard?page=serve,0.0,1.0,72.0,18.0,25.0,72.0,13.0,18.0,43.0,3.0,7.0,33.0,1.0,3.0,5.0,192.0,/en/stats/leaderboard?page=return,28.0,5.0,18.0,57.0,4.0,7.0,67.0,2.0,3.0,5.0,126.0,/en/stats/leaderboard?page=return,36.0,10.0,28.0,53.0,9.0,17.0,17.0,1.0,6.0,5.0,58.0,26.0,45.0,36.0,9.0,25.0,50.0,35.0,70.0,64.0,16.0,25.0,42.0,19.0,45.0,50.0,35.0,70.0,280,/en/stats/leaderboard?page=serve,1,3,63,54,86,72,39,54,53,17,32,83,5,6,11,282,/en/stats/leaderboard?page=serve,0,3,71,46,65,74,34,46,53,10,19,50,2,4,11,65,56,86,32,21,65,51,77,151,68,44,65,35,30,86,49,74,151,B,,,,,,,,,,,,,,,,,,,,,,,,,,,,,,,,,,,,,,,,,,,,,,,,,,,,,,,,,,,,,,,,,,,,,,,,,,,,,,2.0,,,
416,2026,ATP Masters 1000 Rome,1000,2026-05-06T00:00:00,2026-05-17T00:00:00,Clay,96,8235540,€,MS039,Round of 64,02:17:56,"Game Set and Match Nikoloz Basilashvili. 
 Nikoloz Basilashvili wins the match  6-4 6-7(5) 6-3 .",F,3,BG23,N. Basilashvili,B. Shelton,BG23,S0S1,GEO,USA,,5,"Game Set and Match Nikoloz Basilashvili. 
 Nikoloz Basilashvili wins the match  6-4 6-7(5) 6-3 .",N. Basilashvili,B. Shelton,,5,GEO,USA,6-4,6-7(5),6-3,,,02:17:56,251,/en/stats/leaderboard?page=serve,2,1,61,20,33,80,16,20,31,4,13,67,2,3,5,236,/en/stats/leaderboard?page=serve,1,5,65,20,31,80,16,20,27,3,11,71,5,7,5,162,/en/stats/leaderboard?page=return,20,4,20,73,8,11,29,2,7,5,142,/en/stats/leaderboard?page=return,20,4,20,69,9,13,33,1,3,5,61,20,33,39,12,31,50,32,64,61,19,31,39,13,33,50,32,64,299.0,/en/stats/leaderboard?page=serve,0.0,1.0,59.0,23.0,39.0,83.0,19.0,23.0,56.0,9.0,16.0,0.0,0.0,0.0,6.0,313.0,/en/stats/leaderboard?page=serve,2.0,6.0,67.0,26.0,39.0,88.0,23.0,26.0,54.0,7.0,13.0,100.0,1.0,1.0,6.0,58.0,/en/stats/leaderboard?page=return,12.0,3.0,26.0,46.0,6.0,13.0,0.0,0.0,1.0,6.0,61.0,/en/stats/leaderboard?page=return,17.0,4.0,23.0,44.0,7.0,16.0,0.0,0.0,0.0,6.0,72.0,28.0,39.0,23.0,9.0,39.0,47.0,37.0,78.0,77.0,30.0,39.0,28.0,11.0,39.0,53.0,41.0,78.0,281,/en/stats/leaderboard?page=serve,3,2,59,62,105,81,50,62,49,21,43,67,2,3,16,278,/en/stats/leaderboard?page=serve,4,12,63,58,92,83,48,58,44,15,34,67,6,9,15,68,71,105,32,29,92,51,100,197,68,63,92,32,34,105,49,97,197,A,293.0,/en/stats/leaderboard?page=serve,1.0,0.0,58.0,19.0,33.0,79.0,15.0,19.0,57.0,8.0,14.0,0.0,0.0,0.0,5.0,255.0,/en/stats/leaderboard?page=serve,1.0,1.0,55.0,12.0,22.0,75.0,9.0,12.0,50.0,5.0,10.0,0.0,0.0,1.0,4.0,200.0,/en/stats/leaderboard?page=return,25.0,3.0,12.0,50.0,5.0,10.0,100.0,1.0,1.0,4.0,64.0,/en/stats/leaderboard?page=return,21.0,4.0,19.0,43.0,6.0,14.0,0.0,0.0,0.0,5.0,70.0,23.0,33.0,36.0,8.0,22.0,56.0,31.0,55.0,64.0,14.0,22.0,30.0,10.0,33.0,44.0,24.0,55.0,,,5.0,,
416,2026,ATP Masters 1000 Rome,1000,2026-05-06T00:00:00,2026-05-17T00:00:00,Clay,96,8235540,€,MS040,Round of 64,02:53:48,"Game Set and Match Mariano Navone. 
 Mariano Navone wins the match  7-6(4) 7-6(5).",F,3,N0BS,F. Auger-Aliassime,M. Navone,AG37,N0BS,CAN,ARG,4,,"Game Set and Match Mariano Navone. 
 Mariano Navone wins the match  7-6(4) 7-6(5).",M. Navone,F. Auger-Aliassime,,4,ARG,CAN,6-7(4),6-7(5),,,,02:53:48,278,/en/stats/leaderboard?page=serve,3,0,65,31,48,68,21,31,65,11,17,80,4,5,6,266,/en/stats/leaderboard?page=serve,1,4,69,36,52,67,24,36,44,7,16,67,2,3,6,138,/en/stats/leaderboard?page=return,33,12,36,56,9,16,33,1,3,6,103,/en/stats/leaderboard?page=return,32,10,31,35,6,17,20,1,5,6,67,32,48,40,21,52,53,53,100,60,31,52,33,16,48,47,47,100,245.0,/en/stats/leaderboard?page=serve,2.0,1.0,86.0,43.0,50.0,65.0,28.0,43.0,29.0,2.0,7.0,67.0,4.0,6.0,6.0,247.0,/en/stats/leaderboard?page=serve,1.0,3.0,71.0,36.0,51.0,61.0,22.0,36.0,47.0,7.0,15.0,75.0,6.0,8.0,6.0,150.0,/en/stats/leaderboard?page=return,39.0,14.0,36.0,53.0,8.0,15.0,25.0,2.0,8.0,6.0,172.0,/en/stats/leaderboard?page=return,35.0,15.0,43.0,71.0,5.0,7.0,33.0,2.0,6.0,6.0,60.0,30.0,50.0,43.0,22.0,51.0,51.0,52.0,101.0,57.0,29.0,51.0,40.0,20.0,50.0,49.0,49.0,101.0,267,/en/stats/leaderboard?page=serve,5,1,76,74,98,66,49,74,54,13,24,73,8,11,12,259,/en/stats/leaderboard?page=serve,2,7,70,72,103,64,46,72,45,14,31,73,8,11,12,63,62,98,42,43,103,52,105,201,58,60,103,37,36,98,48,96,201,B,,,,,,,,,,,,,,,,,,,,,,,,,,,,,,,,,,,,,,,,,,,,,,,,,,,,,,,,,,,,,,,,,,,,,,,,,,,,,5.0,4.0,,,
416,2026,ATP Masters 1000 Rome,1000,2026-05-06T00:00:00,2026-05-17T00:00:00,Clay,96,8235540,€,MS041,Round of 64,02:24:15,"Game Set and Match Hamad Medjedovic. 
 Hamad Medjedovic wins the match  3-6  6-3  7-6(1).",F,3,M0JF,H. Medjedovic,J. Fonseca,M0JF,F0FV,SRB,BRA,,27,"Game Set and Match Hamad Medjedovic. 
 Hamad Medjedovic wins the match  3-6  6-3  7-6(1).",H. Medjedovic,J. Fonseca,,27,SRB,BRA,3-6,6-3,7-6(1),,,02:24:15,257,/en/stats/leaderboard?page=serve,0,2,59,13,22,77,10,13,44,4,9,0,0,1,4,322,/en/stats/leaderboard?page=serve,0,3,52,13,25,100,13,13,67,8,12,0,0,0,5,33,/en/stats/leaderboard?page=return,0,0,13,33,4,12,0,0,0,5,204,/en/stats/leaderboard?page=return,23,3,13,56,5,9,100,1,1,4,64,14,22,16,4,25,38,18,47,84,21,25,36,8,22,62,29,47,294.0,/en/stats/leaderboard?page=serve,1.0,2.0,62.0,23.0,37.0,74.0,17.0,23.0,57.0,8.0,14.0,100.0,5.0,5.0,5.0,247.0,/en/stats/leaderboard?page=serve,2.0,2.0,58.0,14.0,24.0,64.0,9.0,14.0,50.0,5.0,10.0,50.0,1.0,2.0,4.0,161.0,/en/stats/leaderboard?page=return,36.0,5.0,14.0,50.0,5.0,10.0,50.0,1.0,2.0,4.0,69.0,/en/stats/leaderboard?page=return,26.0,6.0,23.0,43.0,6.0,14.0,0.0,0.0,5.0,5.0,68.0,25.0,37.0,42.0,10.0,24.0,57.0,35.0,61.0,58.0,14.0,24.0,32.0,12.0,37.0,43.0,26.0,61.0,274,/en/stats/leaderboard?page=serve,3,7,66,65,98,72,47,65,52,17,33,67,6,9,15,273,/en/stats/leaderboard?page=serve,2,7,58,49,84,67,33,49,63,22,35,40,2,5,15,65,64,98,35,29,84,51,93,182,65,55,84,35,34,98,49,89,182,A,260.0,/en/stats/leaderboard?page=serve,2.0,3.0,74.0,29.0,39.0,69.0,20.0,29.0,50.0,5.0,10.0,33.0,1.0,3.0,6.0,250.0,/en/stats/leaderboard?page=serve,0.0,2.0,63.0,22.0,35.0,50.0,11.0,22.0,69.0,9.0,13.0,33.0,1.0,3.0,6.0,181.0,/en/stats/leaderboard?page=return,50.0,11.0,22.0,31.0,4.0,13.0,67.0,2.0,3.0,6.0,181.0,/en/stats/leaderboard?page=return,31.0,9.0,29.0,50.0,5.0,10.0,67.0,2.0,3.0,6.0,64.0,25.0,39.0,43.0,15.0,35.0,54.0,40.0,74.0,57.0,20.0,35.0,36.0,14.0,39.0,46.0,34.0,74.0,,,,1.0,
416,2026,ATP Masters 1000 Rome,1000,2026-05-06T00:00:00,2026-05-17T00:00:00,Clay,96,8235540,€,MS043,Round of 64,02:07:39,"Game Set and Match Martin Landaluce. 
 Martin Landaluce wins the match  6-4  6-4 .",F,3,L0IL,M. Cilic,M. Landaluce,C977,L0IL,CRO,ESP,,,"Game Set and Match Martin Landaluce. 
 Martin Landaluce wins the match  6-4  6-4 .",M. Landaluce,M. Cilic,,,ESP,CRO,4-6,4-6,,,,02:07:39,275,/en/stats/leaderboard?page=serve,4,2,60,30,50,77,23,30,40,8,20,100,6,6,5,247,/en/stats/leaderboard?page=serve,3,2,54,22,41,77,17,22,37,7,19,88,7,8,5,119,/en/stats/leaderboard?page=return,23,5,22,63,12,19,13,1,8,5,83,/en/stats/leaderboard?page=return,23,7,30,60,12,20,0,0,6,5,62,31,50,41,17,41,53,48,91,59,24,41,38,19,50,47,43,91,303.0,/en/stats/leaderboard?page=serve,2.0,2.0,54.0,15.0,28.0,87.0,13.0,15.0,62.0,8.0,13.0,0.0,0.0,0.0,5.0,247.0,/en/stats/leaderboard?page=serve,3.0,3.0,41.0,12.0,29.0,67.0,8.0,12.0,59.0,10.0,17.0,50.0,1.0,2.0,5.0,144.0,/en/stats/leaderboard?page=return,33.0,4.0,12.0,41.0,7.0,17.0,50.0,1.0,2.0,5.0,51.0,/en/stats/leaderboard?page=return,13.0,2.0,15.0,38.0,5.0,13.0,0.0,0.0,0.0,5.0,75.0,21.0,28.0,38.0,11.0,29.0,56.0,32.0,57.0,62.0,18.0,29.0,25.0,7.0,28.0,44.0,25.0,57.0,284,/en/stats/leaderboard?page=serve,6,4,58,45,78,80,36,45,48,16,33,100,6,6,10,249,/en/stats/leaderboard?page=serve,6,5,49,34,70,74,25,34,47,17,36,80,8,10,10,67,52,78,40,28,70,54,80,148,60,42,70,33,26,78,46,68,148,B,,,,,,,,,,,,,,,,,,,,,,,,,,,,,,,,,,,,,,,,,,,,,,,,,,,,,,,,,,,,,,,,,,,,,,,,,,,,,,,,,
416,2026,ATP Masters 1000 Rome,1000,2026-05-06T00:00:00,2026-05-17T00:00:00,Clay,96,8235540,€,MS044,Round of 64,01:46:04,"Game Set and Match Flavio Cobolli. 
 Flavio Cobolli wins the match  7-6(1) 6-3 .",F,3,C0E9,F. Cobolli,T. Atmane,C0E9,A0GC,ITA,FRA,10,,"Game Set and Match Flavio Cobolli. 
 Flavio Cobolli wins the match  7-6(1) 6-3 .",F. Cobolli,T. Atmane,10,,ITA,FRA,7-6(1),6-3,,,,01:46:04,298,/en/stats/leaderboard?page=serve,1,7,49,22,45,82,18,22,61,14,23,100,2,2,6,291,/en/stats/leaderboard?page=serve,1,4,67,31,46,74,23,31,47,7,15,0,0,0,6,79,/en/stats/leaderboard?page=return,26,8,31,53,8,15,0,0,0,6,57,/en/stats/leaderboard?page=return,18,4,22,39,9,23,0,0,2,6,71,32,45,35,16,46,53,48,91,65,30,46,29,13,45,47,43,91,285.0,/en/stats/leaderboard?page=serve,1.0,2.0,44.0,14.0,32.0,79.0,11.0,14.0,61.0,11.0,18.0,0.0,0.0,0.0,5.0,264.0,/en/stats/leaderboard?page=serve,0.0,1.0,65.0,15.0,23.0,73.0,11.0,15.0,50.0,4.0,8.0,50.0,1.0,2.0,4.0,152.0,/en/stats/leaderboard?page=return,27.0,4.0,15.0,50.0,4.0,8.0,50.0,1.0,2.0,4.0,60.0,/en/stats/leaderboard?page=return,21.0,3.0,14.0,39.0,7.0,18.0,0.0,0.0,0.0,5.0,69.0,22.0,32.0,35.0,8.0,23.0,55.0,30.0,55.0,65.0,15.0,23.0,31.0,10.0,32.0,45.0,25.0,55.0,296,/en/stats/leaderboard?page=serve,2,9,47,36,77,81,29,36,61,25,41,100,2,2,11,283,/en/stats/leaderboard?page=serve,1,5,67,46,69,74,34,46,48,11,23,50,1,2,10,70,54,77,35,24,69,53,78,146,65,45,69,30,23,77,47,68,146,A,,,,,,,,,,,,,,,,,,,,,,,,,,,,,,,,,,,,,,,,,,,,,,,,,,,,,,,,,,,,,,,,,,,,,,,,,,,,,,1.0,,,
416,2026,ATP Masters 1000 Rome,1000,2026-05-06T00:00:00,2026-05-17T00:00:00,Clay,96,8235540,€,MS045,Round of 64,01:26:15,"Game Set and Match Thiago Agustin Tirante. 
 Thiago Agustin Tirante wins the match  6-3  7-5 .",F,3,T0A1,T. Tirante,C. Norrie,T0A1,N771,ARG,GBR,,17,"Game Set and Match Thiago Agustin Tirante. 
 Thiago Agustin Tirante wins the match  6-3  7-5 .",T. Tirante,C. Norrie,,17,ARG,GBR,6-3,7-5,,,,01:26:15,307,/en/stats/leaderboard?page=serve,0,2,57,16,28,81,13,16,67,8,12,100,2,2,5,261,/en/stats/leaderboard?page=serve,0,2,55,11,20,73,8,11,56,5,9,0,0,1,4,196,/en/stats/leaderboard?page=return,27,3,11,44,4,9,100,1,1,4,52,/en/stats/leaderboard?page=return,19,3,16,33,4,12,0,0,2,5,75,21,28,35,7,20,58,28,48,65,13,20,25,7,28,42,20,48,336.0,/en/stats/leaderboard?page=serve,0.0,4.0,69.0,20.0,29.0,85.0,17.0,20.0,78.0,7.0,9.0,0.0,0.0,0.0,6.0,272.0,/en/stats/leaderboard?page=serve,3.0,2.0,65.0,24.0,37.0,71.0,17.0,24.0,54.0,7.0,13.0,80.0,4.0,5.0,6.0,111.0,/en/stats/leaderboard?page=return,29.0,7.0,24.0,46.0,6.0,13.0,20.0,1.0,5.0,6.0,37.0,/en/stats/leaderboard?page=return,15.0,3.0,20.0,22.0,2.0,9.0,0.0,0.0,0.0,6.0,83.0,24.0,29.0,35.0,13.0,37.0,56.0,37.0,66.0,65.0,24.0,37.0,17.0,5.0,29.0,44.0,29.0,66.0,323,/en/stats/leaderboard?page=serve,0,6,63,36,57,83,30,36,71,15,21,100,2,2,11,268,/en/stats/leaderboard?page=serve,3,4,61,35,57,71,25,35,55,12,22,67,4,6,10,79,45,57,35,20,57,57,65,114,65,37,57,21,12,57,43,49,114,A,,,,,,,,,,,,,,,,,,,,,,,,,,,,,,,,,,,,,,,,,,,,,,,,,,,,,,,,,,,,,,,,,,,,,,,,,,,,,,,,,
416,2026,ATP Masters 1000 Rome,1000,2026-05-06T00:00:00,2026-05-17T00:00:00,Clay,96,8235540,€,MS046,Round of 64,03:02:28,"Game Set and Match Pablo Llamas Ruiz. 
 Pablo Llamas Ruiz wins the match  6-4  3-6  7-6(4).",F,3,L0CX,C. Moutet,P. Llamas Ruiz,MW02,L0CX,FRA,ESP,28,,"Game Set and Match Pablo Llamas Ruiz. 
 Pablo Llamas Ruiz wins the match  6-4  3-6  7-6(4).",P. Llamas Ruiz,C. Moutet,,28,ESP,FRA,4-6,6-3,6-7(4),,,03:02:28,272,/en/stats/leaderboard?page=serve,0,0,76,22,29,73,16,22,43,3,7,75,3,4,5,224,/en/stats/leaderboard?page=serve,1,3,65,22,34,64,14,22,33,4,12,67,4,6,5,176,/en/stats/leaderboard?page=return,36,8,22,67,8,12,33,2,6,5,129,/en/stats/leaderboard?page=return,27,6,22,57,4,7,25,1,4,5,66,19,29,47,16,34,56,35,63,53,18,34,34,10,29,44,28,63,208.0,/en/stats/leaderboard?page=serve,0.0,0.0,81.0,21.0,26.0,57.0,12.0,21.0,20.0,1.0,5.0,60.0,3.0,5.0,4.0,279.0,/en/stats/leaderboard?page=serve,0.0,0.0,63.0,15.0,24.0,80.0,12.0,15.0,56.0,5.0,9.0,50.0,1.0,2.0,5.0,134.0,/en/stats/leaderboard?page=return,20.0,3.0,15.0,44.0,4.0,9.0,50.0,1.0,2.0,5.0,213.0,/en/stats/leaderboard?page=return,43.0,9.0,21.0,80.0,4.0,5.0,40.0,2.0,5.0,4.0,50.0,13.0,26.0,29.0,7.0,24.0,40.0,20.0,50.0,71.0,17.0,24.0,50.0,13.0,26.0,60.0,30.0,50.0,247,/en/stats/leaderboard?page=serve,0,0,73,71,97,62,44,71,46,12,26,55,6,11,15,238,/en/stats/leaderboard?page=serve,2,3,65,71,109,62,44,71,42,16,38,58,7,12,16,58,56,97,45,49,109,51,105,206,55,60,109,42,41,97,49,101,206,B,247.0,/en/stats/leaderboard?page=serve,0.0,0.0,67.0,28.0,42.0,57.0,16.0,28.0,57.0,8.0,14.0,0.0,0.0,2.0,6.0,226.0,/en/stats/leaderboard?page=serve,1.0,0.0,67.0,34.0,51.0,53.0,18.0,34.0,41.0,7.0,17.0,50.0,2.0,4.0,6.0,189.0,/en/stats/leaderboard?page=return,47.0,16.0,34.0,59.0,10.0,17.0,50.0,2.0,4.0,6.0,219.0,/en/stats/leaderboard?page=return,43.0,12.0,28.0,43.0,6.0,14.0,100.0,2.0,2.0,6.0,57.0,24.0,42.0,51.0,26.0,51.0,54.0,50.0,93.0,49.0,25.0,51.0,43.0,18.0,42.0,46.0,43.0,93.0,,,,4.0,
416,2026,ATP Masters 1000 Rome,1000,2026-05-06T00:00:00,2026-05-17T00:00:00,Clay,96,8235540,€,MS047,Round of 64,00:00:00,Winner: D. MEDVEDEV by Walkover,F,3,MM58,T. Machac,D. Medvedev,M0FH,MM58,CZE,RUS,,7,Winner: D. MEDVEDEV by Walkover,D. Medvedev,T. Machac,7,,RUS,CZE,0-0,,,,,00:00:00,0,/en/stats/leaderboard?page=serve,0,0,0,0,0,0,0,0,0,0,0,0,0,0,0,0,/en/stats/leaderboard?page=serve,0,0,0,0,0,0,0,0,0,0,0,0,0,0,0,0,/en/stats/leaderboard?page=return,0,0,0,0,0,0,0,0,0,0,0,/en/stats/leaderboard?page=return,0,0,0,0,0,0,0,0,0,0,0,0,0,0,0,0,0,0,0,0,0,0,0,0,0,0,0,0,,,,,,,,,,,,,,,,,,,,,,,,,,,,,,,,,,,,,,,,,,,,,,,,,,,,,,,,,,,,,,,,,,,,,,,,,,,,,0,/en/stats/leaderboard?page=serve,0,0,0,0,0,0,0,0,0,0,0,0,0,0,0,0,/en/stats/leaderboard?page=serve,0,0,0,0,0,0,0,0,0,0,0,0,0,0,0,0,0,0,0,0,0,0,0,0,0,0,0,0,0,0,0,0,0,B,,,,,,,,,,,,,,,,,,,,,,,,,,,,,,,,,,,,,,,,,,,,,,,,,,,,,,,,,,,,,,,,,,,,,,,,,,,,,,,,,
416,2026,ATP Masters 1000 Rome,1000,2026-05-06T00:00:00,2026-05-17T00:00:00,Clay,96,8235540,€,MS048,Round of 64,01:28:03,"Game Set and Match Lorenzo Musetti. 
 Lorenzo Musetti wins the match  6-4  6-4 .",F,3,M0EJ,L. Musetti,G. Mpetshi Perricard,M0EJ,M0GZ,ITA,FRA,8,,"Game Set and Match Lorenzo Musetti. 
 Lorenzo Musetti wins the match  6-4  6-4 .",L. Musetti,G. Mpetshi Perricard,8,,ITA,FRA,6-4,6-4,,,,01:28:03,316,/en/stats/leaderboard?page=serve,0,1,76,25,33,76,19,25,63,5,8,100,2,2,5,263,/en/stats/leaderboard?page=serve,2,1,62,21,34,76,16,21,46,6,13,0,0,1,5,198,/en/stats/leaderboard?page=return,24,5,21,54,7,13,100,1,1,5,62,/en/stats/leaderboard?page=return,24,6,25,38,3,8,0,0,2,5,73,24,33,35,12,34,54,36,67,65,22,34,27,9,33,46,31,67,277.0,/en/stats/leaderboard?page=serve,1.0,0.0,68.0,19.0,28.0,63.0,12.0,19.0,67.0,6.0,9.0,67.0,2.0,3.0,5.0,227.0,/en/stats/leaderboard?page=serve,3.0,0.0,68.0,21.0,31.0,52.0,11.0,21.0,50.0,5.0,10.0,60.0,3.0,5.0,5.0,178.0,/en/stats/leaderboard?page=return,48.0,10.0,21.0,50.0,5.0,10.0,40.0,2.0,5.0,5.0,123.0,/en/stats/leaderboard?page=return,37.0,7.0,19.0,33.0,3.0,9.0,33.0,1.0,3.0,5.0,64.0,18.0,28.0,48.0,15.0,31.0,56.0,33.0,59.0,52.0,16.0,31.0,36.0,10.0,28.0,44.0,26.0,59.0,297,/en/stats/leaderboard?page=serve,1,1,72,44,61,70,31,44,65,11,17,80,4,5,10,243,/en/stats/leaderboard?page=serve,5,1,65,42,65,64,27,42,48,11,23,50,3,6,10,69,42,61,42,27,65,55,69,126,58,38,65,31,19,61,45,57,126,A,,,,,,,,,,,,,,,,,,,,,,,,,,,,,,,,,,,,,,,,,,,,,,,,,,,,,,,,,,,,,,,,,,,,,,,,,,,,,,,,,
416,2026,ATP Masters 1000 Rome,1000,2026-05-06T00:00:00,2026-05-17T00:00:00,Clay,96,8235540,€,MS049,Round of 64,01:09:44,"Game Set and Match Francisco Cerundolo. 
 Francisco Cerundolo wins the match  6-0  6-2 .",F,3,C0AU,A. Tabilo,F. Cerundolo,TE30,C0AU,CHI,ARG,,25,"Game Set and Match Francisco Cerundolo. 
 Francisco Cerundolo wins the match  6-0  6-2 .",F. Cerundolo,A. Tabilo,25,,ARG,CHI,0-6,2-6,,,,01:09:44,292,/en/stats/leaderboard?page=serve,1,2,47,8,17,88,7,8,56,5,9,0,0,0,3,122,/en/stats/leaderboard?page=serve,2,0,46,11,24,55,6,11,23,3,13,57,4,7,3,265,/en/stats/leaderboard?page=return,45,5,11,77,10,13,43,3,7,3,57,/en/stats/leaderboard?page=return,13,1,8,44,4,9,0,0,0,3,71,12,17,63,15,24,66,27,41,38,9,24,29,5,17,34,14,41,269.0,/en/stats/leaderboard?page=serve,1.0,2.0,60.0,12.0,20.0,58.0,7.0,12.0,75.0,6.0,8.0,0.0,0.0,1.0,4.0,167.0,/en/stats/leaderboard?page=serve,0.0,1.0,63.0,19.0,30.0,42.0,8.0,19.0,36.0,4.0,11.0,50.0,3.0,6.0,4.0,247.0,/en/stats/leaderboard?page=return,58.0,11.0,19.0,64.0,7.0,11.0,50.0,3.0,6.0,4.0,192.0,/en/stats/leaderboard?page=return,42.0,5.0,12.0,25.0,2.0,8.0,100.0,1.0,1.0,4.0,65.0,13.0,20.0,60.0,18.0,30.0,62.0,31.0,50.0,40.0,12.0,30.0,35.0,7.0,20.0,38.0,19.0,50.0,276,/en/stats/leaderboard?page=serve,2,4,54,20,37,70,14,20,65,11,17,0,0,1,7,145,/en/stats/leaderboard?page=serve,2,1,56,30,54,47,14,30,29,7,24,54,7,13,7,68,25,37,61,33,54,64,58,91,39,21,54,32,12,37,36,33,91,B,,,,,,,,,,,,,,,,,,,,,,,,,,,,,,,,,,,,,,,,,,,,,,,,,,,,,,,,,,,,,,,,,,,,,,,,,,,,,,,,,
416,2026,ATP Masters 1000 Rome,1000,2026-05-06T00:00:00,2026-05-17T00:00:00,Clay,96,8235540,€,MS050,Round of 64,01:04:29,"Game Set and Match Casper Ruud. 
 Casper Ruud wins the match  6-1  6-3 .",F,3,RH16,C. Ruud,Z. Svajda,RH16,S0K7,NOR,USA,23,,"Game Set and Match Casper Ruud. 
 Casper Ruud wins the match  6-1  6-3 .",C. Ruud,Z. Svajda,23,,NOR,USA,6-1,6-3,,,,01:04:29,311,/en/stats/leaderboard?page=serve,0,1,63,10,16,80,8,10,67,4,6,0,0,0,3,161,/en/stats/leaderboard?page=serve,2,1,67,20,30,50,10,20,20,2,10,50,3,6,4,255,/en/stats/leaderboard?page=return,50,10,20,80,8,10,50,3,6,4,53,/en/stats/leaderboard?page=return,20,2,10,33,2,6,0,0,0,3,75,12,16,60,18,30,65,30,46,40,12,30,25,4,16,35,16,46,340.0,/en/stats/leaderboard?page=serve,0.0,2.0,55.0,12.0,22.0,83.0,10.0,12.0,100.0,10.0,10.0,0.0,0.0,0.0,5.0,268.0,/en/stats/leaderboard?page=serve,1.0,1.0,67.0,16.0,24.0,63.0,10.0,16.0,63.0,5.0,8.0,0.0,0.0,1.0,4.0,201.0,/en/stats/leaderboard?page=return,38.0,6.0,16.0,38.0,3.0,8.0,100.0,1.0,1.0,4.0,17.0,/en/stats/leaderboard?page=return,17.0,2.0,12.0,0.0,0.0,10.0,0.0,0.0,0.0,5.0,91.0,20.0,22.0,38.0,9.0,24.0,63.0,29.0,46.0,63.0,15.0,24.0,9.0,2.0,22.0,37.0,17.0,46.0,331,/en/stats/leaderboard?page=serve,0,3,58,22,38,82,18,22,88,14,16,0,0,0,8,211,/en/stats/leaderboard?page=serve,3,2,67,36,54,56,20,36,39,7,18,43,3,7,8,84,32,38,50,27,54,64,59,92,50,27,54,16,6,38,36,33,92,A,,,,,,,,,,,,,,,,,,,,,,,,,,,,,,,,,,,,,,,,,,,,,,,,,,,,,,,,,,,,,,,,,,,,,,,,,,,,,,,,,
416,2026,ATP Masters 1000 Rome,1000,2026-05-06T00:00:00,2026-05-17T00:00:00,Clay,96,8235540,€,MS051,Round of 64,01:24:21,"Game Set and Match Jiri Lehecka. 
 Jiri Lehecka wins the match  7-6(4) 6-3 .",F,3,L0BV,J. Struff,J. Lehecka,SL28,L0BV,GER,CZE,,11,"Game Set and Match Jiri Lehecka. 
 Jiri Lehecka wins the match  7-6(4) 6-3 .",J. Lehecka,J. Struff,11,,CZE,GER,6-7(4),3-6,,,,01:24:21,323,/en/stats/leaderboard?page=serve,0,5,73,27,37,85,23,27,60,6,10,0,0,0,6,308,/en/stats/leaderboard?page=serve,2,3,68,27,40,85,23,27,54,7,13,100,2,2,6,61,/en/stats/leaderboard?page=return,15,4,27,46,6,13,0,0,2,6,55,/en/stats/leaderboard?page=return,15,4,27,40,4,10,0,0,0,6,78,29,37,25,10,40,51,39,77,75,30,40,22,8,37,49,38,77,274.0,/en/stats/leaderboard?page=serve,0.0,2.0,46.0,12.0,26.0,75.0,9.0,12.0,71.0,10.0,14.0,67.0,2.0,3.0,5.0,231.0,/en/stats/leaderboard?page=serve,0.0,1.0,80.0,16.0,20.0,50.0,8.0,16.0,50.0,2.0,4.0,33.0,1.0,3.0,4.0,217.0,/en/stats/leaderboard?page=return,50.0,8.0,16.0,50.0,2.0,4.0,67.0,2.0,3.0,4.0,107.0,/en/stats/leaderboard?page=return,25.0,3.0,12.0,29.0,4.0,14.0,33.0,1.0,3.0,5.0,73.0,19.0,26.0,50.0,10.0,20.0,63.0,29.0,46.0,50.0,10.0,20.0,27.0,7.0,26.0,37.0,17.0,46.0,308,/en/stats/leaderboard?page=serve,0,7,62,39,63,82,32,39,67,16,24,67,2,3,11,279,/en/stats/leaderboard?page=serve,2,4,72,43,60,72,31,43,53,9,17,60,3,5,10,76,48,63,33,20,60,55,68,123,67,40,60,24,15,63,45,55,123,B,,,,,,,,,,,,,,,,,,,,,,,,,,,,,,,,,,,,,,,,,,,,,,,,,,,,,,,,,,,,,,,,,,,,,,,,,,,,,,4.0,,,
416,2026,ATP Masters 1000 Rome,1000,2026-05-06T00:00:00,2026-05-17T00:00:00,Clay,96,8235540,€,MS053,Round of 64,02:07:58,"Game Set and Match Botic van de Zandschulp. 
 Botic van de Zandschulp wins the match  2-6  6-2  7-6(5).",F,3,V812,B. van de Zandschulp,A. Kovacevic,V812,K0AZ,NED,USA,,,"Game Set and Match Botic van de Zandschulp. 
 Botic van de Zandschulp wins the match  2-6  6-2  7-6(5).",B. van de Zandschulp,A. Kovacevic,,,NED,USA,2-6,6-2,7-6(5),,,02:07:58,213,/en/stats/leaderboard?page=serve,1,2,62,13,21,62,8,13,38,3,8,0,0,2,4,333,/en/stats/leaderboard?page=serve,0,2,58,11,19,73,8,11,100,8,8,0,0,0,4,27,/en/stats/leaderboard?page=return,27,3,11,0,0,8,0,0,0,4,251,/en/stats/leaderboard?page=return,38,5,13,63,5,8,100,2,2,4,52,11,21,16,3,19,35,14,40,84,16,19,48,10,21,65,26,40,289.0,/en/stats/leaderboard?page=serve,2.0,2.0,57.0,13.0,23.0,92.0,12.0,13.0,40.0,4.0,10.0,0.0,0.0,0.0,4.0,223.0,/en/stats/leaderboard?page=serve,1.0,5.0,73.0,16.0,22.0,63.0,10.0,16.0,33.0,2.0,6.0,33.0,1.0,3.0,4.0,222.0,/en/stats/leaderboard?page=return,38.0,6.0,16.0,67.0,4.0,6.0,67.0,2.0,3.0,4.0,68.0,/en/stats/leaderboard?page=return,8.0,1.0,13.0,60.0,6.0,10.0,0.0,0.0,0.0,4.0,70.0,16.0,23.0,45.0,10.0,22.0,58.0,26.0,45.0,55.0,12.0,22.0,30.0,7.0,23.0,42.0,19.0,45.0,277,/en/stats/leaderboard?page=serve,3,7,64,56,88,71,40,56,53,17,32,33,1,3,14,289,/en/stats/leaderboard?page=serve,2,10,61,50,82,72,36,50,63,20,32,67,4,6,14,65,57,88,32,26,82,49,83,170,68,56,82,35,31,88,51,87,170,A,309.0,/en/stats/leaderboard?page=serve,0.0,3.0,68.0,30.0,44.0,67.0,20.0,30.0,71.0,10.0,14.0,100.0,1.0,1.0,6.0,292.0,/en/stats/leaderboard?page=serve,1.0,3.0,56.0,23.0,41.0,78.0,18.0,23.0,56.0,10.0,18.0,100.0,3.0,3.0,6.0,66.0,/en/stats/leaderboard?page=return,22.0,5.0,23.0,44.0,8.0,18.0,0.0,0.0,3.0,6.0,62.0,/en/stats/leaderboard?page=return,33.0,10.0,30.0,29.0,4.0,14.0,0.0,0.0,1.0,6.0,68.0,30.0,44.0,32.0,13.0,41.0,51.0,43.0,85.0,68.0,28.0,41.0,32.0,14.0,44.0,49.0,42.0,85.0,,,,5.0,
416,2026,ATP Masters 1000 Rome,1000,2026-05-06T00:00:00,2026-05-17T00:00:00,Clay,96,8235540,€,MS054,Round of 64,01:15:39,"Game Set and Match Ugo Humbert. 
 Ugo Humbert wins the match  6-3  6-2 .",F,3,HH26,U. Humbert,V. Kopriva,HH26,KI82,FRA,CZE,31,,"Game Set and Match Ugo Humbert. 
 Ugo Humbert wins the match  6-3  6-2 .",U. Humbert,V. Kopriva,31,,FRA,CZE,6-3,6-2,,,,01:15:39,304,/en/stats/leaderboard?page=serve,0,4,63,22,35,68,15,22,69,9,13,100,3,3,5,266,/en/stats/leaderboard?page=serve,0,2,72,13,18,77,10,13,40,2,5,0,0,1,4,208,/en/stats/leaderboard?page=return,23,3,13,60,3,5,100,1,1,4,63,/en/stats/leaderboard?page=return,32,7,22,31,4,13,0,0,3,5,69,24,35,33,6,18,57,30,53,67,12,18,31,11,35,43,23,53,287.0,/en/stats/leaderboard?page=serve,2.0,3.0,72.0,21.0,29.0,76.0,16.0,21.0,38.0,3.0,8.0,100.0,3.0,3.0,4.0,209.0,/en/stats/leaderboard?page=serve,0.0,0.0,64.0,14.0,22.0,57.0,8.0,14.0,38.0,3.0,8.0,33.0,1.0,3.0,4.0,223.0,/en/stats/leaderboard?page=return,43.0,6.0,14.0,63.0,5.0,8.0,67.0,2.0,3.0,4.0,87.0,/en/stats/leaderboard?page=return,24.0,5.0,21.0,63.0,5.0,8.0,0.0,0.0,3.0,4.0,66.0,19.0,29.0,50.0,11.0,22.0,59.0,30.0,51.0,50.0,11.0,22.0,34.0,10.0,29.0,41.0,21.0,51.0,301,/en/stats/leaderboard?page=serve,2,7,67,43,64,72,31,43,57,12,21,100,6,6,9,237,/en/stats/leaderboard?page=serve,0,2,68,27,40,67,18,27,38,5,13,25,1,4,8,67,43,64,43,17,40,58,60,104,58,23,40,33,21,64,42,44,104,A,,,,,,,,,,,,,,,,,,,,,,,,,,,,,,,,,,,,,,,,,,,,,,,,,,,,,,,,,,,,,,,,,,,,,,,,,,,,,,,,,
416,2026,ATP Masters 1000 Rome,1000,2026-05-06T00:00:00,2026-05-17T00:00:00,Clay,96,8235540,€,MS055,Round of 64,02:15:03,"Game Set and Match Dino Prizmic. 
 Dino Prizmic wins the match  2-6  6-2  6-4 .",F,3,P0HW,D. Prizmic,N. Djokovic,P0HW,D643,CRO,SRB,,3,"Game Set and Match Dino Prizmic. 
 Dino Prizmic wins the match  2-6  6-2  6-4 .",D. Prizmic,N. Djokovic,,3,CRO,SRB,2-6,6-2,6-4,,,02:15:03,204,/en/stats/leaderboard?page=serve,2,1,54,15,28,47,7,15,54,7,13,33,1,3,4,328,/en/stats/leaderboard?page=serve,0,0,58,11,19,82,9,11,88,7,8,0,0,0,4,31,/en/stats/leaderboard?page=return,18,2,11,13,1,8,0,0,0,4,216,/en/stats/leaderboard?page=return,53,8,15,46,6,13,67,2,3,4,50,14,28,16,3,19,36,17,47,84,16,19,50,14,28,64,30,47,293.0,/en/stats/leaderboard?page=serve,0.0,0.0,60.0,15.0,25.0,73.0,11.0,15.0,60.0,6.0,10.0,100.0,1.0,1.0,4.0,198.0,/en/stats/leaderboard?page=serve,1.0,0.0,57.0,13.0,23.0,62.0,8.0,13.0,30.0,3.0,10.0,60.0,3.0,5.0,4.0,198.0,/en/stats/leaderboard?page=return,38.0,5.0,13.0,70.0,7.0,10.0,40.0,2.0,5.0,4.0,67.0,/en/stats/leaderboard?page=return,27.0,4.0,15.0,40.0,4.0,10.0,0.0,0.0,1.0,4.0,68.0,17.0,25.0,52.0,12.0,23.0,60.0,29.0,48.0,48.0,11.0,23.0,32.0,8.0,25.0,40.0,19.0,48.0,273,/en/stats/leaderboard?page=serve,2,3,58,45,78,69,31,45,61,20,33,50,2,4,13,264,/en/stats/leaderboard?page=serve,1,0,63,43,68,70,30,43,56,14,25,50,3,6,13,65,51,78,35,24,68,51,75,146,65,44,68,35,27,78,49,71,146,A,319.0,/en/stats/leaderboard?page=serve,0.0,2.0,60.0,15.0,25.0,87.0,13.0,15.0,70.0,7.0,10.0,0.0,0.0,0.0,5.0,278.0,/en/stats/leaderboard?page=serve,0.0,0.0,73.0,19.0,26.0,68.0,13.0,19.0,57.0,4.0,7.0,0.0,0.0,1.0,5.0,195.0,/en/stats/leaderboard?page=return,32.0,6.0,19.0,43.0,3.0,7.0,100.0,1.0,1.0,5.0,43.0,/en/stats/leaderboard?page=return,13.0,2.0,15.0,30.0,3.0,10.0,0.0,0.0,0.0,5.0,80.0,20.0,25.0,35.0,9.0,26.0,57.0,29.0,51.0,65.0,17.0,26.0,20.0,5.0,25.0,43.0,22.0,51.0,,,,,
416,2026,ATP Masters 1000 Rome,1000,2026-05-06T00:00:00,2026-05-17T00:00:00,Clay,96,8235540,€,MS056,Round of 64,02:56:37,"Game Set and Match Matteo Arnaldi. 
 Matteo Arnaldi wins the match  4-6  7-6(5) 6-4 .",F,3,A0FC,A. de Minaur,M. Arnaldi,DH58,A0FC,AUS,ITA,6,,"Game Set and Match Matteo Arnaldi. 
 Matteo Arnaldi wins the match  4-6  7-6(5) 6-4 .",M. Arnaldi,A. de Minaur,,6,ITA,AUS,6-4,6-7(5),4-6,,,02:56:37,274,/en/stats/leaderboard?page=serve,2,0,64,18,28,72,13,18,60,6,10,67,2,3,5,302,/en/stats/leaderboard?page=serve,0,0,59,17,29,76,13,17,67,8,12,100,1,1,5,57,/en/stats/leaderboard?page=return,24,4,17,33,4,12,0,0,1,5,121,/en/stats/leaderboard?page=return,28,5,18,40,4,10,33,1,3,5,68,19,28,28,8,29,47,27,57,72,21,29,32,9,28,53,30,57,300.0,/en/stats/leaderboard?page=serve,2.0,1.0,66.0,27.0,41.0,85.0,23.0,27.0,50.0,7.0,14.0,100.0,1.0,1.0,6.0,293.0,/en/stats/leaderboard?page=serve,0.0,3.0,60.0,27.0,45.0,74.0,20.0,27.0,56.0,10.0,18.0,100.0,1.0,1.0,6.0,70.0,/en/stats/leaderboard?page=return,26.0,7.0,27.0,44.0,8.0,18.0,0.0,0.0,1.0,6.0,65.0,/en/stats/leaderboard?page=return,15.0,4.0,27.0,50.0,7.0,14.0,0.0,0.0,1.0,6.0,73.0,30.0,41.0,33.0,15.0,45.0,52.0,45.0,86.0,67.0,30.0,45.0,27.0,11.0,41.0,48.0,41.0,86.0,282,/en/stats/leaderboard?page=serve,4,3,63,61,97,77,47,61,56,20,36,71,5,7,16,273,/en/stats/leaderboard?page=serve,2,3,60,64,107,69,44,64,56,24,43,67,4,6,16,69,67,97,36,39,107,52,106,204,64,68,107,31,30,97,48,98,204,B,266.0,/en/stats/leaderboard?page=serve,0.0,2.0,57.0,16.0,28.0,69.0,11.0,16.0,58.0,7.0,12.0,67.0,2.0,3.0,5.0,220.0,/en/stats/leaderboard?page=serve,2.0,0.0,61.0,20.0,33.0,55.0,11.0,20.0,46.0,6.0,13.0,50.0,2.0,4.0,5.0,189.0,/en/stats/leaderboard?page=return,45.0,9.0,20.0,54.0,7.0,13.0,50.0,2.0,4.0,5.0,126.0,/en/stats/leaderboard?page=return,31.0,5.0,16.0,42.0,5.0,12.0,33.0,1.0,3.0,5.0,64.0,18.0,28.0,48.0,16.0,33.0,56.0,34.0,61.0,52.0,17.0,33.0,36.0,10.0,28.0,44.0,27.0,61.0,5.0,,,,
416,2026,ATP Masters 1000 Rome,1000,2026-05-06T00:00:00,2026-05-17T00:00:00,Clay,96,8235540,€,MS058,Round of 64,01:08:26,"Game Set and Match Learner Tien. 
 Learner Tien wins the match  6-2  6-1 .",F,3,T0HA,L. Tien,D. Dzumhur,T0HA,D923,USA,BIH,19,,"Game Set and Match Learner Tien. 
 Learner Tien wins the match  6-2  6-1 .",L. Tien,D. Dzumhur,19,,USA,BIH,6-2,6-1,,,,01:08:26,276,/en/stats/leaderboard?page=serve,0,1,70,21,30,52,11,21,78,7,9,50,1,2,4,176,/en/stats/leaderboard?page=serve,0,1,73,16,22,44,7,16,33,2,6,25,1,4,4,273,/en/stats/leaderboard?page=return,56,9,16,67,4,6,75,3,4,4,145,/en/stats/leaderboard?page=return,48,10,21,22,2,9,50,1,2,4,60,18,30,59,13,22,60,31,52,41,9,22,40,12,30,40,21,52,307.0,/en/stats/leaderboard?page=serve,1.0,0.0,67.0,12.0,18.0,58.0,7.0,12.0,83.0,5.0,6.0,0.0,0.0,0.0,3.0,178.0,/en/stats/leaderboard?page=serve,1.0,0.0,61.0,22.0,36.0,50.0,11.0,22.0,43.0,6.0,14.0,57.0,4.0,7.0,4.0,225.0,/en/stats/leaderboard?page=return,50.0,11.0,22.0,57.0,8.0,14.0,43.0,3.0,7.0,4.0,59.0,/en/stats/leaderboard?page=return,42.0,5.0,12.0,17.0,1.0,6.0,0.0,0.0,0.0,3.0,67.0,12.0,18.0,53.0,19.0,36.0,57.0,31.0,54.0,47.0,17.0,36.0,33.0,6.0,18.0,43.0,23.0,54.0,289,/en/stats/leaderboard?page=serve,1,1,69,33,48,55,18,33,80,12,15,50,1,2,7,178,/en/stats/leaderboard?page=serve,1,1,66,38,58,47,18,38,40,8,20,45,5,11,8,63,30,48,55,32,58,58,62,106,45,26,58,38,18,48,42,44,106,A,,,,,,,,,,,,,,,,,,,,,,,,,,,,,,,,,,,,,,,,,,,,,,,,,,,,,,,,,,,,,,,,,,,,,,,,,,,,,,,,,
416,2026,ATP Masters 1000 Rome,1000,2026-05-06T00:00:00,2026-05-17T00:00:00,Clay,96,8235540,€,MS059,Round of 64,00:59:05,"Game Set and Match Alexander Bublik. 
 Alexander Bublik wins the match  6-1  6-2 .",F,3,BK92,S. Baez,A. Bublik,B0BI,BK92,ARG,KAZ,,9,"Game Set and Match Alexander Bublik. 
 Alexander Bublik wins the match  6-1  6-2 .",A. Bublik,S. Baez,9,,KAZ,ARG,1-6,2-6,,,,00:59:05,292,/en/stats/leaderboard?page=serve,1,2,52,12,23,75,9,12,64,7,11,0,0,0,4,188,/en/stats/leaderboard?page=serve,1,1,79,22,28,59,13,22,17,1,6,67,4,6,3,223,/en/stats/leaderboard?page=return,41,9,22,83,5,6,33,2,6,3,61,/en/stats/leaderboard?page=return,25,3,12,36,4,11,0,0,0,4,70,16,23,50,14,28,59,30,51,50,14,28,30,7,23,41,21,51,277.0,/en/stats/leaderboard?page=serve,1.0,2.0,91.0,20.0,22.0,85.0,17.0,20.0,0.0,0.0,2.0,100.0,1.0,1.0,4.0,205.0,/en/stats/leaderboard?page=serve,0.0,0.0,71.0,15.0,21.0,67.0,10.0,15.0,17.0,1.0,6.0,33.0,1.0,3.0,4.0,233.0,/en/stats/leaderboard?page=return,33.0,5.0,15.0,83.0,5.0,6.0,67.0,2.0,3.0,4.0,115.0,/en/stats/leaderboard?page=return,15.0,3.0,20.0,100.0,2.0,2.0,0.0,0.0,1.0,4.0,77.0,17.0,22.0,48.0,10.0,21.0,63.0,27.0,43.0,52.0,11.0,21.0,23.0,5.0,22.0,37.0,16.0,43.0,308,/en/stats/leaderboard?page=serve,2,4,71,32,45,81,26,32,54,7,13,100,1,1,8,197,/en/stats/leaderboard?page=serve,1,1,76,37,49,62,23,37,17,2,12,56,5,9,7,73,33,45,49,24,49,61,57,94,51,25,49,27,12,45,39,37,94,B,,,,,,,,,,,,,,,,,,,,,,,,,,,,,,,,,,,,,,,,,,,,,,,,,,,,,,,,,,,,,,,,,,,,,,,,,,,,,,,,,
416,2026,ATP Masters 1000 Rome,1000,2026-05-06T00:00:00,2026-05-17T00:00:00,Clay,96,8235540,€,MS060,Round of 64,01:20:36,"Game Set and Match Tommy Paul. 
 Tommy Paul wins the match  6-4  6-2 .",F,3,PL56,T. Paul,A. Vukic,PL56,V832,USA,AUS,16,,"Game Set and Match Tommy Paul. 
 Tommy Paul wins the match  6-4  6-2 .",T. Paul,A. Vukic,16,,USA,AUS,6-4,6-2,,,,01:20:36,273,/en/stats/leaderboard?page=serve,0,1,52,12,23,67,8,12,73,8,11,0,0,1,5,220,/en/stats/leaderboard?page=serve,2,0,57,20,35,65,13,20,40,6,15,50,2,4,5,185,/en/stats/leaderboard?page=return,35,7,20,60,9,15,50,2,4,5,180,/en/stats/leaderboard?page=return,33,4,12,27,3,11,100,1,1,5,70,16,23,46,16,35,55,32,58,54,19,35,30,7,23,45,26,58,303.0,/en/stats/leaderboard?page=serve,1.0,1.0,61.0,14.0,23.0,86.0,12.0,14.0,56.0,5.0,9.0,0.0,0.0,0.0,4.0,210.0,/en/stats/leaderboard?page=serve,1.0,1.0,57.0,17.0,30.0,65.0,11.0,17.0,38.0,5.0,13.0,67.0,4.0,6.0,4.0,180.0,/en/stats/leaderboard?page=return,35.0,6.0,17.0,62.0,8.0,13.0,33.0,2.0,6.0,4.0,58.0,/en/stats/leaderboard?page=return,14.0,2.0,14.0,44.0,4.0,9.0,0.0,0.0,0.0,4.0,74.0,17.0,23.0,47.0,14.0,30.0,58.0,31.0,53.0,53.0,16.0,30.0,26.0,6.0,23.0,42.0,22.0,53.0,288,/en/stats/leaderboard?page=serve,1,2,57,26,46,77,20,26,65,13,20,0,0,1,9,214,/en/stats/leaderboard?page=serve,3,1,57,37,65,65,24,37,39,11,28,60,6,10,9,72,33,46,46,30,65,57,63,111,54,35,65,28,13,46,43,48,111,A,,,,,,,,,,,,,,,,,,,,,,,,,,,,,,,,,,,,,,,,,,,,,,,,,,,,,,,,,,,,,,,,,,,,,,,,,,,,,,,,,
416,2026,ATP Masters 1000 Rome,1000,2026-05-06T00:00:00,2026-05-17T00:00:00,Clay,96,8235540,€,MS061,Round of 64,01:30:20,"Game Set and Match Luciano Darderi. 
 Luciano Darderi wins the match  6-4  6-4 .",F,3,D0FJ,Y. Hanfmann,L. Darderi,H997,D0FJ,GER,ITA,,18,"Game Set and Match Luciano Darderi. 
 Luciano Darderi wins the match  6-4  6-4 .",L. Darderi,Y. Hanfmann,18,,ITA,GER,4-6,4-6,,,,01:30:20,305,/en/stats/leaderboard?page=serve,0,4,63,17,27,88,15,17,50,5,10,0,0,0,5,266,/en/stats/leaderboard?page=serve,0,0,84,26,31,62,16,26,40,2,5,0,0,1,5,218,/en/stats/leaderboard?page=return,38,10,26,60,3,5,100,1,1,5,62,/en/stats/leaderboard?page=return,12,2,17,50,5,10,0,0,0,5,74,20,27,42,13,31,57,33,58,58,18,31,26,7,27,43,25,58,291.0,/en/stats/leaderboard?page=serve,1.0,2.0,44.0,14.0,32.0,79.0,11.0,14.0,67.0,12.0,18.0,100.0,1.0,1.0,5.0,265.0,/en/stats/leaderboard?page=serve,1.0,3.0,52.0,15.0,29.0,67.0,10.0,15.0,64.0,9.0,14.0,50.0,1.0,2.0,5.0,139.0,/en/stats/leaderboard?page=return,33.0,5.0,15.0,36.0,5.0,14.0,50.0,1.0,2.0,5.0,54.0,/en/stats/leaderboard?page=return,21.0,3.0,14.0,33.0,6.0,18.0,0.0,0.0,1.0,5.0,72.0,23.0,32.0,34.0,10.0,29.0,54.0,33.0,61.0,66.0,19.0,29.0,28.0,9.0,32.0,46.0,28.0,61.0,303,/en/stats/leaderboard?page=serve,1,6,53,31,59,84,26,31,61,17,28,100,1,1,10,271,/en/stats/leaderboard?page=serve,1,3,68,41,60,63,26,41,58,11,19,33,1,3,10,73,43,59,38,23,60,55,66,119,62,37,60,27,16,59,45,53,119,B,,,,,,,,,,,,,,,,,,,,,,,,,,,,,,,,,,,,,,,,,,,,,,,,,,,,,,,,,,,,,,,,,,,,,,,,,,,,,,,,,
416,2026,ATP Masters 1000 Rome,1000,2026-05-06T00:00:00,2026-05-17T00:00:00,Clay,96,8235540,€,MS062,Round of 64,02:20:54,"Game Set and Match Alexander Blockx. 
 Alexander Blockx wins the match  6-7(5) 6-3  6-4 .",F,3,B0PG,T. Griekspoor,A. Blockx,GJ37,B0PG,NED,BEL,29,,"Game Set and Match Alexander Blockx. 
 Alexander Blockx wins the match  6-7(5) 6-3  6-4 .",A. Blockx,T. Griekspoor,,29,BEL,NED,7-6(5),3-6,4-6,,,02:20:54,303,/en/stats/leaderboard?page=serve,1,4,63,27,43,81,22,27,56,9,16,100,2,2,6,282,/en/stats/leaderboard?page=serve,1,1,59,29,49,83,24,29,40,8,20,100,1,1,6,77,/en/stats/leaderboard?page=return,17,5,29,60,12,20,0,0,1,6,63,/en/stats/leaderboard?page=return,19,5,27,44,7,16,0,0,2,6,72,31,43,35,17,49,52,48,92,65,32,49,28,12,43,48,44,92,292.0,/en/stats/leaderboard?page=serve,2.0,3.0,47.0,16.0,34.0,100.0,16.0,16.0,44.0,8.0,18.0,100.0,1.0,1.0,5.0,271.0,/en/stats/leaderboard?page=serve,0.0,3.0,77.0,17.0,22.0,76.0,13.0,17.0,40.0,2.0,5.0,0.0,0.0,1.0,4.0,209.0,/en/stats/leaderboard?page=return,24.0,4.0,17.0,60.0,3.0,5.0,100.0,1.0,1.0,4.0,56.0,/en/stats/leaderboard?page=return,0.0,0.0,16.0,56.0,10.0,18.0,0.0,0.0,1.0,5.0,71.0,24.0,34.0,32.0,7.0,22.0,55.0,31.0,56.0,68.0,15.0,22.0,29.0,10.0,34.0,45.0,25.0,56.0,312,/en/stats/leaderboard?page=serve,3,12,59,59,100,90,53,59,54,22,41,100,3,3,16,274,/en/stats/leaderboard?page=serve,4,5,64,61,96,77,47,61,46,16,35,33,1,3,15,75,75,100,34,33,96,55,108,196,66,63,96,25,25,100,45,88,196,B,340.0,/en/stats/leaderboard?page=serve,0.0,5.0,70.0,16.0,23.0,94.0,15.0,16.0,71.0,5.0,7.0,0.0,0.0,0.0,5.0,265.0,/en/stats/leaderboard?page=serve,3.0,1.0,60.0,15.0,25.0,67.0,10.0,15.0,60.0,6.0,10.0,0.0,0.0,1.0,5.0,193.0,/en/stats/leaderboard?page=return,33.0,5.0,15.0,40.0,4.0,10.0,100.0,1.0,1.0,5.0,35.0,/en/stats/leaderboard?page=return,6.0,1.0,16.0,29.0,2.0,7.0,0.0,0.0,0.0,5.0,87.0,20.0,23.0,36.0,9.0,25.0,60.0,29.0,48.0,64.0,16.0,25.0,13.0,3.0,23.0,40.0,19.0,48.0,,,,,5.0
416,2026,ATP Masters 1000 Rome,1000,2026-05-06T00:00:00,2026-05-17T00:00:00,Clay,96,8235540,€,MS063,Round of 64,01:44:49,"Game Set and Match Alexander Zverev. 
 Alexander Zverev wins the match  7-5  6-3 .",F,3,Z355,D. Altmaier,A. Zverev,AE14,Z355,GER,GER,,2,"Game Set and Match Alexander Zverev. 
 Alexander Zverev wins the match  7-5  6-3 .",A. Zverev,D. Altmaier,2,,GER,GER,5-7,3-6,,,,01:44:49,265,/en/stats/leaderboard?page=serve,0,2,77,27,35,78,21,27,25,2,8,75,3,4,6,250,/en/stats/leaderboard?page=serve,0,1,62,21,34,67,14,21,54,7,13,33,1,3,6,179,/en/stats/leaderboard?page=return,33,7,21,46,6,13,67,2,3,6,138,/en/stats/leaderboard?page=return,22,6,27,75,6,8,25,1,4,6,66,23,35,38,13,34,52,36,69,62,21,34,34,12,35,48,33,69,281.0,/en/stats/leaderboard?page=serve,0.0,1.0,72.0,23.0,32.0,61.0,14.0,23.0,67.0,6.0,9.0,75.0,3.0,4.0,5.0,216.0,/en/stats/leaderboard?page=serve,0.0,2.0,68.0,15.0,22.0,53.0,8.0,15.0,43.0,3.0,7.0,0.0,0.0,2.0,4.0,254.0,/en/stats/leaderboard?page=return,47.0,7.0,15.0,57.0,4.0,7.0,100.0,2.0,2.0,4.0,117.0,/en/stats/leaderboard?page=return,39.0,9.0,23.0,33.0,3.0,9.0,25.0,1.0,4.0,5.0,63.0,20.0,32.0,50.0,11.0,22.0,57.0,31.0,54.0,50.0,11.0,22.0,38.0,12.0,32.0,43.0,23.0,54.0,276,/en/stats/leaderboard?page=serve,0,3,75,50,67,70,35,50,47,8,17,75,6,8,11,238,/en/stats/leaderboard?page=serve,0,3,64,36,56,61,22,36,50,10,20,20,1,5,10,64,43,67,43,24,56,54,67,123,57,32,56,36,24,67,46,56,123,B,,,,,,,,,,,,,,,,,,,,,,,,,,,,,,,,,,,,,,,,,,,,,,,,,,,,,,,,,,,,,,,,,,,,,,,,,,,,,,,,,
416,2026,ATP Masters 1000 Rome,1000,2026-05-06T00:00:00,2026-05-17T00:00:00,Clay,96,8235540,€,MS065,Round of 128,01:15:25,"Game Set and Match Sebastian Ofner. 
 Sebastian Ofner wins the match  6-3  6-3 .",F,3,O513,S. Ofner,A. Michelsen,O513,M0QI,AUT,USA,,,"Game Set and Match Sebastian Ofner. 
 Sebastian Ofner wins the match  6-3  6-3 .",S. Ofner,A. Michelsen,,,AUT,USA,6-3,6-3,,,,01:15:25,298,/en/stats/leaderboard?page=serve,1,2,60,15,25,87,13,15,50,5,10,0,0,0,4,226,/en/stats/leaderboard?page=serve,0,1,70,16,23,81,13,16,14,1,7,0,0,2,5,245,/en/stats/leaderboard?page=return,19,3,16,86,6,7,100,2,2,5,63,/en/stats/leaderboard?page=return,13,2,15,50,5,10,0,0,0,4,72,18,25,39,9,23,56,27,48,61,14,23,28,7,25,44,21,48,284.0,/en/stats/leaderboard?page=serve,0.0,2.0,47.0,17.0,36.0,82.0,14.0,17.0,53.0,10.0,19.0,100.0,1.0,1.0,5.0,254.0,/en/stats/leaderboard?page=serve,0.0,0.0,58.0,14.0,24.0,71.0,10.0,14.0,50.0,5.0,10.0,75.0,3.0,4.0,4.0,129.0,/en/stats/leaderboard?page=return,29.0,4.0,14.0,50.0,5.0,10.0,25.0,1.0,4.0,4.0,65.0,/en/stats/leaderboard?page=return,18.0,3.0,17.0,47.0,9.0,19.0,0.0,0.0,1.0,5.0,67.0,24.0,36.0,38.0,9.0,24.0,55.0,33.0,60.0,63.0,15.0,24.0,33.0,12.0,36.0,45.0,27.0,60.0,291,/en/stats/leaderboard?page=serve,1,4,52,32,61,84,27,32,52,15,29,100,1,1,9,243,/en/stats/leaderboard?page=serve,0,1,64,30,47,77,23,30,35,6,17,50,3,6,9,69,42,61,38,18,47,56,60,108,62,29,47,31,19,61,44,48,108,A,,,,,,,,,,,,,,,,,,,,,,,,,,,,,,,,,,,,,,,,,,,,,,,,,,,,,,,,,,,,,,,,,,,,,,,,,,,,,,,,,
416,2026,ATP Masters 1000 Rome,1000,2026-05-06T00:00:00,2026-05-17T00:00:00,Clay,96,8235540,€,MS066,Round of 128,01:29:09,"Game Set and Match Alexei Popyrin. 
 Alexei Popyrin wins the match  6-2  6-3 .",F,3,P09Z,A. Popyrin,M. Berrettini,P09Z,BK40,AUS,ITA,,,"Game Set and Match Alexei Popyrin. 
 Alexei Popyrin wins the match  6-2  6-3 .",A. Popyrin,M. Berrettini,,,AUS,ITA,6-2,6-3,,,,01:29:09,305,/en/stats/leaderboard?page=serve,0,0,67,16,24,75,12,16,63,5,8,100,1,1,4,214,/en/stats/leaderboard?page=serve,1,0,68,17,25,59,10,17,38,3,8,67,4,6,4,187,/en/stats/leaderboard?page=return,41,7,17,63,5,8,33,2,6,4,63,/en/stats/leaderboard?page=return,25,4,16,38,3,8,0,0,1,4,71,17,24,48,12,25,59,29,49,52,13,25,29,7,24,41,20,49,288.0,/en/stats/leaderboard?page=serve,0.0,3.0,50.0,17.0,34.0,82.0,14.0,17.0,53.0,9.0,17.0,0.0,0.0,0.0,5.0,254.0,/en/stats/leaderboard?page=serve,2.0,2.0,48.0,11.0,23.0,73.0,8.0,11.0,58.0,7.0,12.0,50.0,1.0,2.0,4.0,144.0,/en/stats/leaderboard?page=return,27.0,3.0,11.0,42.0,5.0,12.0,50.0,1.0,2.0,4.0,65.0,/en/stats/leaderboard?page=return,18.0,3.0,17.0,47.0,8.0,17.0,0.0,0.0,0.0,5.0,68.0,23.0,34.0,35.0,8.0,23.0,54.0,31.0,57.0,65.0,15.0,23.0,32.0,11.0,34.0,46.0,26.0,57.0,295,/en/stats/leaderboard?page=serve,0,3,57,33,58,79,26,33,56,14,25,100,1,1,9,233,/en/stats/leaderboard?page=serve,3,2,58,28,48,64,18,28,50,10,20,63,5,8,8,69,40,58,42,20,48,57,60,106,58,28,48,31,18,58,43,46,106,A,,,,,,,,,,,,,,,,,,,,,,,,,,,,,,,,,,,,,,,,,,,,,,,,,,,,,,,,,,,,,,,,,,,,,,,,,,,,,,,,,
416,2026,ATP Masters 1000 Rome,1000,2026-05-06T00:00:00,2026-05-17T00:00:00,Clay,96,8235540,€,MS069,Round of 128,01:41:29,"Game Set and Match Ignacio Buse. 
 Ignacio Buse wins the match  6-3  6-3 .",F,3,B0ID,L. Sonego,I. Buse,SU87,B0ID,ITA,PER,,,"Game Set and Match Ignacio Buse. 
 Ignacio Buse wins the match  6-3  6-3 .",I. Buse,L. Sonego,,,PER,ITA,3-6,3-6,,,,01:41:29,297,/en/stats/leaderboard?page=serve,1,1,64,18,28,83,15,18,50,5,10,100,3,3,4,222,/en/stats/leaderboard?page=serve,1,1,52,15,29,67,10,15,43,6,14,0,0,2,5,230,/en/stats/leaderboard?page=return,33,5,15,57,8,14,100,2,2,5,67,/en/stats/leaderboard?page=return,17,3,18,50,5,10,0,0,3,4,71,20,28,45,13,29,58,33,57,55,16,29,29,8,28,42,24,57,265.0,/en/stats/leaderboard?page=serve,1.0,1.0,56.0,18.0,32.0,72.0,13.0,18.0,57.0,8.0,14.0,75.0,3.0,4.0,5.0,217.0,/en/stats/leaderboard?page=serve,0.0,1.0,70.0,19.0,27.0,58.0,11.0,19.0,38.0,3.0,8.0,60.0,3.0,5.0,4.0,195.0,/en/stats/leaderboard?page=return,42.0,8.0,19.0,63.0,5.0,8.0,40.0,2.0,5.0,4.0,116.0,/en/stats/leaderboard?page=return,28.0,5.0,18.0,43.0,6.0,14.0,25.0,1.0,4.0,5.0,66.0,21.0,32.0,48.0,13.0,27.0,58.0,34.0,59.0,52.0,14.0,27.0,34.0,11.0,32.0,42.0,25.0,59.0,280,/en/stats/leaderboard?page=serve,2,2,60,36,60,78,28,36,54,13,24,86,6,7,9,220,/en/stats/leaderboard?page=serve,1,2,61,34,56,62,21,34,41,9,22,43,3,7,9,68,41,60,46,26,56,58,67,116,54,30,56,32,19,60,42,49,116,B,,,,,,,,,,,,,,,,,,,,,,,,,,,,,,,,,,,,,,,,,,,,,,,,,,,,,,,,,,,,,,,,,,,,,,,,,,,,,,,,,
416,2026,ATP Masters 1000 Rome,1000,2026-05-06T00:00:00,2026-05-17T00:00:00,Clay,96,8235540,€,MS074,Round of 128,02:14:24,"Game Set and Match Cristian Garin. 
 Cristian Garin wins the match  7-6(2) 7-5 .",F,3,GD64,C. Garin,J. Cerundolo,GD64,C0C8,CHI,ARG,,,"Game Set and Match Cristian Garin. 
 Cristian Garin wins the match  7-6(2) 7-5 .",C. Garin,J. Cerundolo,,,CHI,ARG,7-6(2),7-5,,,,02:14:24,254,/en/stats/leaderboard?page=serve,0,2,46,21,46,71,15,21,52,13,25,80,4,5,6,266,/en/stats/leaderboard?page=serve,2,3,66,27,41,59,16,27,57,8,14,67,2,3,6,133,/en/stats/leaderboard?page=return,41,11,27,43,6,14,33,1,3,6,113,/en/stats/leaderboard?page=return,29,6,21,48,12,25,20,1,5,6,61,28,46,41,17,41,52,45,87,59,24,41,39,18,46,48,42,87,267.0,/en/stats/leaderboard?page=serve,2.0,0.0,73.0,30.0,41.0,77.0,23.0,30.0,36.0,4.0,11.0,83.0,5.0,6.0,6.0,225.0,/en/stats/leaderboard?page=serve,2.0,1.0,71.0,29.0,41.0,72.0,21.0,29.0,17.0,2.0,12.0,67.0,4.0,6.0,6.0,177.0,/en/stats/leaderboard?page=return,28.0,8.0,29.0,83.0,10.0,12.0,33.0,2.0,6.0,6.0,120.0,/en/stats/leaderboard?page=return,23.0,7.0,30.0,64.0,7.0,11.0,17.0,1.0,6.0,6.0,66.0,27.0,41.0,44.0,18.0,41.0,55.0,45.0,82.0,56.0,23.0,41.0,34.0,14.0,41.0,45.0,37.0,82.0,264,/en/stats/leaderboard?page=serve,2,2,59,51,87,75,38,51,47,17,36,82,9,11,12,247,/en/stats/leaderboard?page=serve,4,4,68,56,82,66,37,56,38,10,26,67,6,9,12,63,55,87,43,35,82,53,90,169,57,47,82,37,32,87,47,79,169,A,,,,,,,,,,,,,,,,,,,,,,,,,,,,,,,,,,,,,,,,,,,,,,,,,,,,,,,,,,,,,,,,,,,,,,,,,,,,,,2.0,,,
416,2026,ATP Masters 1000 Rome,1000,2026-05-06T00:00:00,2026-05-17T00:00:00,Clay,96,8235540,€,MS077,Round of 128,02:00:07,"Game Set and Match Roberto Bautista Agut. 
 Roberto Bautista Agut wins the match  6-3  7-6(2).",F,3,BD06,R. Bautista Agut,F. Maestrelli,BD06,M0IF,ESP,ITA,,,"Game Set and Match Roberto Bautista Agut. 
 Roberto Bautista Agut wins the match  6-3  7-6(2).",R. Bautista Agut,F. Maestrelli,,,ESP,ITA,6-3,7-6(2),,,,02:00:07,292,/en/stats/leaderboard?page=serve,0,2,72,31,43,68,21,31,50,6,12,100,3,3,5,258,/en/stats/leaderboard?page=serve,0,5,77,27,35,63,17,27,38,3,8,86,6,7,4,139,/en/stats/leaderboard?page=return,37,10,27,63,5,8,14,1,7,4,82,/en/stats/leaderboard?page=return,32,10,31,50,6,12,0,0,3,5,63,27,43,43,15,35,54,42,78,57,20,35,37,16,43,46,36,78,325.0,/en/stats/leaderboard?page=serve,0.0,0.0,77.0,27.0,35.0,85.0,23.0,27.0,63.0,5.0,8.0,0.0,0.0,0.0,6.0,304.0,/en/stats/leaderboard?page=serve,0.0,3.0,71.0,29.0,41.0,72.0,21.0,29.0,58.0,7.0,12.0,100.0,1.0,1.0,6.0,70.0,/en/stats/leaderboard?page=return,28.0,8.0,29.0,42.0,5.0,12.0,0.0,0.0,1.0,6.0,53.0,/en/stats/leaderboard?page=return,15.0,4.0,27.0,38.0,3.0,8.0,0.0,0.0,0.0,6.0,80.0,28.0,35.0,32.0,13.0,41.0,54.0,41.0,76.0,68.0,28.0,41.0,20.0,7.0,35.0,46.0,35.0,76.0,307,/en/stats/leaderboard?page=serve,0,2,74,58,78,76,44,58,55,11,20,100,3,3,11,290,/en/stats/leaderboard?page=serve,0,8,74,56,76,68,38,56,50,10,20,88,7,8,10,71,55,78,37,28,76,54,83,154,63,48,76,29,23,78,46,71,154,A,,,,,,,,,,,,,,,,,,,,,,,,,,,,,,,,,,,,,,,,,,,,,,,,,,,,,,,,,,,,,,,,,,,,,,,,,,,,,2.0,,,,
416,2026,ATP Masters 1000 Rome,1000,2026-05-06T00:00:00,2026-05-17T00:00:00,Clay,96,8235540,€,MS078,Round of 128,02:02:57,"Game Set and Match Nikoloz Basilashvili. 
 Nikoloz Basilashvili wins the match  6-4  2-6  6-3 .",F,3,BG23,N. Basilashvili,D. Merida,BG23,M0N7,GEO,ESP,,,"Game Set and Match Nikoloz Basilashvili. 
 Nikoloz Basilashvili wins the match  6-4  2-6  6-3 .",N. Basilashvili,D. Merida,,,GEO,ESP,6-4,2-6,6-3,,,02:02:57,262,/en/stats/leaderboard?page=serve,1,4,54,15,28,87,13,15,38,5,13,50,1,2,5,219,/en/stats/leaderboard?page=serve,2,0,68,25,37,60,15,25,33,4,12,60,3,5,5,187,/en/stats/leaderboard?page=return,40,10,25,67,8,12,40,2,5,5,145,/en/stats/leaderboard?page=return,13,2,15,62,8,13,50,1,2,5,64,18,28,49,18,37,55,36,65,51,19,37,36,10,28,45,29,65,199.0,/en/stats/leaderboard?page=serve,4.0,2.0,43.0,16.0,37.0,75.0,12.0,16.0,33.0,7.0,21.0,60.0,3.0,5.0,4.0,296.0,/en/stats/leaderboard?page=serve,0.0,0.0,61.0,17.0,28.0,71.0,12.0,17.0,64.0,7.0,11.0,100.0,2.0,2.0,4.0,65.0,/en/stats/leaderboard?page=return,29.0,5.0,17.0,36.0,4.0,11.0,0.0,0.0,2.0,4.0,182.0,/en/stats/leaderboard?page=return,25.0,4.0,16.0,67.0,14.0,21.0,40.0,2.0,5.0,4.0,51.0,19.0,37.0,32.0,9.0,28.0,43.0,28.0,65.0,68.0,19.0,28.0,49.0,18.0,37.0,57.0,37.0,65.0,236,/en/stats/leaderboard?page=serve,6,7,53,47,88,72,34,47,41,17,41,50,4,8,13,226,/en/stats/leaderboard?page=serve,3,1,64,67,105,63,42,67,37,14,38,64,9,14,14,58,51,88,47,49,105,52,100,193,53,56,105,42,37,88,48,93,193,A,272.0,/en/stats/leaderboard?page=serve,1.0,1.0,70.0,16.0,23.0,56.0,9.0,16.0,71.0,5.0,7.0,0.0,0.0,1.0,4.0,183.0,/en/stats/leaderboard?page=serve,1.0,1.0,63.0,25.0,40.0,60.0,15.0,25.0,20.0,3.0,15.0,57.0,4.0,7.0,5.0,223.0,/en/stats/leaderboard?page=return,40.0,10.0,25.0,80.0,12.0,15.0,43.0,3.0,7.0,5.0,198.0,/en/stats/leaderboard?page=return,44.0,7.0,16.0,29.0,2.0,7.0,100.0,1.0,1.0,4.0,61.0,14.0,23.0,55.0,22.0,40.0,57.0,36.0,63.0,45.0,18.0,40.0,39.0,9.0,23.0,43.0,27.0,63.0,,,,,
416,2026,ATP Masters 1000 Rome,1000,2026-05-06T00:00:00,2026-05-17T00:00:00,Clay,96,8235540,€,MS081,Round of 128,01:43:15,"Game Set and Match Mariano Navone. 
 Mariano Navone wins the match  6-4  6-2 .",F,3,N0BS,D. Shapovalov,M. Navone,SU55,N0BS,CAN,ARG,,,"Game Set and Match Mariano Navone. 
 Mariano Navone wins the match  6-4  6-2 .",M. Navone,D. Shapovalov,,,ARG,CAN,4-6,2-6,,,,01:43:15,280,/en/stats/leaderboard?page=serve,1,0,77,24,31,67,16,24,57,4,7,50,1,2,5,211,/en/stats/leaderboard?page=serve,2,1,61,20,33,60,12,20,31,4,13,67,4,6,5,182,/en/stats/leaderboard?page=return,40,8,20,69,9,13,33,2,6,5,146,/en/stats/leaderboard?page=return,33,8,24,43,3,7,50,1,2,5,65,20,31,52,17,33,58,37,64,48,16,33,35,11,31,42,27,64,254.0,/en/stats/leaderboard?page=serve,1.0,1.0,73.0,19.0,26.0,63.0,12.0,19.0,43.0,3.0,7.0,50.0,1.0,2.0,4.0,156.0,/en/stats/leaderboard?page=serve,3.0,0.0,44.0,14.0,32.0,57.0,8.0,14.0,33.0,6.0,18.0,67.0,6.0,9.0,4.0,218.0,/en/stats/leaderboard?page=return,43.0,6.0,14.0,67.0,12.0,18.0,33.0,3.0,9.0,4.0,169.0,/en/stats/leaderboard?page=return,37.0,7.0,19.0,57.0,4.0,7.0,50.0,1.0,2.0,4.0,58.0,15.0,26.0,56.0,18.0,32.0,57.0,33.0,58.0,44.0,14.0,32.0,42.0,11.0,26.0,43.0,25.0,58.0,266,/en/stats/leaderboard?page=serve,2,1,75,43,57,65,28,43,50,7,14,50,2,4,9,183,/en/stats/leaderboard?page=serve,5,1,52,34,65,59,20,34,32,10,31,67,10,15,9,61,35,57,54,35,65,57,70,122,46,30,65,39,22,57,43,52,122,B,,,,,,,,,,,,,,,,,,,,,,,,,,,,,,,,,,,,,,,,,,,,,,,,,,,,,,,,,,,,,,,,,,,,,,,,,,,,,,,,,
416,2026,ATP Masters 1000 Rome,1000,2026-05-06T00:00:00,2026-05-17T00:00:00,Clay,96,8235540,€,MS082,Round of 128,01:42:14,"Game Set and Match Hamad Medjedovic. 
 Hamad Medjedovic wins the match  6-4  6-3 .",F,3,M0JF,H. Medjedovic,V. Royer,M0JF,R0EB,SRB,FRA,,,"Game Set and Match Hamad Medjedovic. 
 Hamad Medjedovic wins the match  6-4  6-3 .",H. Medjedovic,V. Royer,,,SRB,FRA,6-4,6-3,,,,01:42:14,300,/en/stats/leaderboard?page=serve,3,0,64,21,33,81,17,21,58,7,12,100,3,3,5,259,/en/stats/leaderboard?page=serve,1,3,61,19,31,74,14,19,42,5,12,0,0,1,5,204,/en/stats/leaderboard?page=return,26,5,19,58,7,12,100,1,1,5,61,/en/stats/leaderboard?page=return,19,4,21,42,5,12,0,0,3,5,73,24,33,39,12,31,56,36,64,61,19,31,27,9,33,44,28,64,249.0,/en/stats/leaderboard?page=serve,2.0,1.0,69.0,18.0,26.0,56.0,10.0,18.0,50.0,4.0,8.0,0.0,0.0,1.0,4.0,183.0,/en/stats/leaderboard?page=serve,2.0,1.0,51.0,23.0,45.0,52.0,12.0,23.0,41.0,9.0,22.0,73.0,8.0,11.0,5.0,194.0,/en/stats/leaderboard?page=return,48.0,11.0,23.0,59.0,13.0,22.0,27.0,3.0,11.0,5.0,219.0,/en/stats/leaderboard?page=return,44.0,8.0,18.0,50.0,4.0,8.0,100.0,1.0,1.0,4.0,54.0,14.0,26.0,53.0,24.0,45.0,54.0,38.0,71.0,47.0,21.0,45.0,46.0,12.0,26.0,46.0,33.0,71.0,274,/en/stats/leaderboard?page=serve,5,1,66,39,59,69,27,39,55,11,20,75,3,4,9,219,/en/stats/leaderboard?page=serve,3,4,55,42,76,62,26,42,41,14,34,67,8,12,10,64,38,59,47,36,76,55,74,135,53,40,76,36,21,59,45,61,135,A,,,,,,,,,,,,,,,,,,,,,,,,,,,,,,,,,,,,,,,,,,,,,,,,,,,,,,,,,,,,,,,,,,,,,,,,,,,,,,,,,
416,2026,ATP Masters 1000 Rome,1000,2026-05-06T00:00:00,2026-05-17T00:00:00,Clay,96,8235540,€,MS085,Round of 128,01:54:58,"Game Set and Match Mattia Bellucci. 
 Mattia Bellucci wins the match  6-4  6-4 .",F,3,B0GG,R. Burruchaga,M. Bellucci,B0FV,B0GG,ARG,ITA,,,"Game Set and Match Mattia Bellucci. 
 Mattia Bellucci wins the match  6-4  6-4 .",M. Bellucci,R. Burruchaga,,,ITA,ARG,4-6,4-6,,,,01:54:58,265,/en/stats/leaderboard?page=serve,1,4,58,19,33,74,14,19,50,7,14,75,3,4,5,254,/en/stats/leaderboard?page=serve,2,2,82,23,28,52,12,23,60,3,5,0,0,2,5,228,/en/stats/leaderboard?page=return,48,11,23,40,2,5,100,2,2,5,121,/en/stats/leaderboard?page=return,26,5,19,50,7,14,25,1,4,5,64,21,33,46,13,28,56,34,61,54,15,28,36,12,33,44,27,61,285.0,/en/stats/leaderboard?page=serve,2.0,2.0,53.0,19.0,36.0,79.0,15.0,19.0,53.0,9.0,17.0,100.0,4.0,4.0,5.0,248.0,/en/stats/leaderboard?page=serve,3.0,0.0,78.0,35.0,45.0,63.0,22.0,35.0,30.0,3.0,10.0,80.0,4.0,5.0,5.0,147.0,/en/stats/leaderboard?page=return,37.0,13.0,35.0,70.0,7.0,10.0,20.0,1.0,5.0,5.0,68.0,/en/stats/leaderboard?page=return,21.0,4.0,19.0,47.0,8.0,17.0,0.0,0.0,4.0,5.0,67.0,24.0,36.0,44.0,20.0,45.0,54.0,44.0,81.0,56.0,25.0,45.0,33.0,12.0,36.0,46.0,37.0,81.0,276,/en/stats/leaderboard?page=serve,3,6,55,38,69,76,29,38,52,16,31,88,7,8,10,245,/en/stats/leaderboard?page=serve,5,2,79,58,73,59,34,58,40,6,15,57,4,7,10,65,45,69,45,33,73,55,78,142,55,40,73,35,24,69,45,64,142,B,,,,,,,,,,,,,,,,,,,,,,,,,,,,,,,,,,,,,,,,,,,,,,,,,,,,,,,,,,,,,,,,,,,,,,,,,,,,,,,,,
416,2026,ATP Masters 1000 Rome,1000,2026-05-06T00:00:00,2026-05-17T00:00:00,Clay,96,8235540,€,MS086,Round of 128,01:46:29,"Game Set and Match Marin Cilic. 
 Marin Cilic wins the match  7-5  6-4 .",F,3,C977,M. Giron,M. Cilic,GC88,C977,USA,CRO,,,"Game Set and Match Marin Cilic. 
 Marin Cilic wins the match  7-5  6-4 .",M. Cilic,M. Giron,,,CRO,USA,5-7,4-6,,,,01:46:29,294,/en/stats/leaderboard?page=serve,2,1,40,14,35,93,13,14,62,13,21,100,2,2,6,282,/en/stats/leaderboard?page=serve,0,1,62,21,34,67,14,21,69,9,13,67,2,3,6,113,/en/stats/leaderboard?page=return,33,7,21,31,4,13,33,1,3,6,45,/en/stats/leaderboard?page=return,7,1,14,38,8,21,0,0,2,6,74,26,35,32,11,34,54,37,69,68,23,34,26,9,35,46,32,69,258.0,/en/stats/leaderboard?page=serve,1.0,2.0,48.0,12.0,25.0,67.0,8.0,12.0,62.0,8.0,13.0,0.0,0.0,1.0,5.0,232.0,/en/stats/leaderboard?page=serve,0.0,0.0,60.0,21.0,35.0,48.0,10.0,21.0,64.0,9.0,14.0,50.0,2.0,4.0,5.0,178.0,/en/stats/leaderboard?page=return,52.0,11.0,21.0,36.0,5.0,14.0,50.0,2.0,4.0,5.0,191.0,/en/stats/leaderboard?page=return,33.0,4.0,12.0,38.0,5.0,13.0,100.0,1.0,1.0,5.0,64.0,16.0,25.0,46.0,16.0,35.0,53.0,32.0,60.0,54.0,19.0,35.0,36.0,9.0,25.0,47.0,28.0,60.0,276,/en/stats/leaderboard?page=serve,3,3,43,26,60,81,21,26,62,21,34,67,2,3,11,258,/en/stats/leaderboard?page=serve,0,1,61,42,69,57,24,42,67,18,27,57,4,7,11,70,42,60,39,27,69,53,69,129,61,42,69,30,18,60,47,60,129,B,,,,,,,,,,,,,,,,,,,,,,,,,,,,,,,,,,,,,,,,,,,,,,,,,,,,,,,,,,,,,,,,,,,,,,,,,,,,,,,,,
416,2026,ATP Masters 1000 Rome,1000,2026-05-06T00:00:00,2026-05-17T00:00:00,Clay,96,8235540,€,MS089,Round of 128,01:23:04,"Game Set and Match Terence Atmane. 
 Terence Atmane wins the match  6-3  6-4 .",F,3,A0GC,Z. Bergs,T. Atmane,BU13,A0GC,BEL,FRA,,,"Game Set and Match Terence Atmane. 
 Terence Atmane wins the match  6-3  6-4 .",T. Atmane,Z. Bergs,,,FRA,BEL,3-6,4-6,,,,01:23:04,354,/en/stats/leaderboard?page=serve,0,4,73,16,22,94,15,16,83,5,6,0,0,0,5,293,/en/stats/leaderboard?page=serve,1,3,63,12,19,67,8,12,86,6,7,67,2,3,4,105,/en/stats/leaderboard?page=return,33,4,12,14,1,7,33,1,3,4,23,/en/stats/leaderboard?page=return,6,1,16,17,1,6,0,0,0,5,91,20,22,26,5,19,61,25,41,74,14,19,9,2,22,39,16,41,289.0,/en/stats/leaderboard?page=serve,2.0,2.0,69.0,27.0,39.0,70.0,19.0,27.0,50.0,6.0,12.0,100.0,2.0,2.0,5.0,272.0,/en/stats/leaderboard?page=serve,0.0,3.0,71.0,20.0,28.0,80.0,16.0,20.0,38.0,3.0,8.0,50.0,1.0,2.0,5.0,153.0,/en/stats/leaderboard?page=return,20.0,4.0,20.0,63.0,5.0,8.0,50.0,1.0,2.0,5.0,80.0,/en/stats/leaderboard?page=return,30.0,8.0,27.0,50.0,6.0,12.0,0.0,0.0,2.0,5.0,64.0,25.0,39.0,32.0,9.0,28.0,51.0,34.0,67.0,68.0,19.0,28.0,36.0,14.0,39.0,49.0,33.0,67.0,314,/en/stats/leaderboard?page=serve,2,6,70,43,61,79,34,43,61,11,18,100,2,2,10,285,/en/stats/leaderboard?page=serve,1,6,68,32,47,75,24,32,60,9,15,60,3,5,9,74,45,61,30,14,47,55,59,108,70,33,47,26,16,61,45,49,108,B,,,,,,,,,,,,,,,,,,,,,,,,,,,,,,,,,,,,,,,,,,,,,,,,,,,,,,,,,,,,,,,,,,,,,,,,,,,,,,,,,
416,2026,ATP Masters 1000 Rome,1000,2026-05-06T00:00:00,2026-05-17T00:00:00,Clay,96,8235540,€,MS090,Round of 128,02:09:53,"Game Set and Match Thiago Agustin Tirante. 
 Thiago Agustin Tirante wins the match  6-7(5) 6-4  6-0 .",F,3,T0A1,T. Tirante,G. Cadenasso,T0A1,C0NN,ARG,ITA,,,"Game Set and Match Thiago Agustin Tirante. 
 Thiago Agustin Tirante wins the match  6-7(5) 6-4  6-0 .",T. Tirante,G. Cadenasso,,,ARG,ITA,6-7(5),6-4,6-0,,,02:09:53,314,/en/stats/leaderboard?page=serve,0,4,62,24,39,88,21,24,60,9,15,100,1,1,6,349,/en/stats/leaderboard?page=serve,1,6,84,31,37,77,24,31,83,5,6,0,0,0,6,40,/en/stats/leaderboard?page=return,23,7,31,17,1,6,0,0,0,6,53,/en/stats/leaderboard?page=return,13,3,24,40,6,15,0,0,1,6,77,30,39,22,8,37,50,38,76,78,29,37,23,9,39,50,38,76,268.0,/en/stats/leaderboard?page=serve,0.0,1.0,53.0,16.0,30.0,63.0,10.0,16.0,71.0,10.0,14.0,75.0,3.0,4.0,5.0,231.0,/en/stats/leaderboard?page=serve,1.0,2.0,60.0,15.0,25.0,60.0,9.0,15.0,50.0,5.0,10.0,0.0,0.0,2.0,5.0,230.0,/en/stats/leaderboard?page=return,40.0,6.0,15.0,50.0,5.0,10.0,100.0,2.0,2.0,5.0,112.0,/en/stats/leaderboard?page=return,38.0,6.0,16.0,29.0,4.0,14.0,25.0,1.0,4.0,5.0,67.0,20.0,30.0,44.0,11.0,25.0,56.0,31.0,55.0,56.0,14.0,25.0,33.0,10.0,30.0,44.0,24.0,55.0,302,/en/stats/leaderboard?page=serve,0,8,56,47,84,81,38,47,65,24,37,80,4,5,14,262,/en/stats/leaderboard?page=serve,2,8,73,58,79,62,36,58,57,12,21,29,2,7,14,74,62,84,39,31,79,57,93,163,61,48,79,26,22,84,43,70,163,A,313.0,/en/stats/leaderboard?page=serve,0.0,3.0,47.0,7.0,15.0,100.0,7.0,7.0,63.0,5.0,8.0,0.0,0.0,0.0,3.0,136.0,/en/stats/leaderboard?page=serve,0.0,0.0,71.0,12.0,17.0,25.0,3.0,12.0,40.0,2.0,5.0,40.0,2.0,5.0,3.0,295.0,/en/stats/leaderboard?page=return,75.0,9.0,12.0,60.0,3.0,5.0,60.0,3.0,5.0,3.0,38.0,/en/stats/leaderboard?page=return,0.0,0.0,7.0,38.0,3.0,8.0,0.0,0.0,0.0,3.0,80.0,12.0,15.0,71.0,12.0,17.0,75.0,24.0,32.0,29.0,5.0,17.0,20.0,3.0,15.0,25.0,8.0,32.0,,,,,5.0
416,2026,ATP Masters 1000 Rome,1000,2026-05-06T00:00:00,2026-05-17T00:00:00,Clay,96,8235540,€,MS093,Round of 128,02:30:52,"Game Set and Match Pablo Llamas Ruiz. 
 Pablo Llamas Ruiz wins the match  6-3  5-7  6-3 .",F,3,L0CX,E. Quinn,P. Llamas Ruiz,Q02L,L0CX,USA,ESP,,,"Game Set and Match Pablo Llamas Ruiz. 
 Pablo Llamas Ruiz wins the match  6-3  5-7  6-3 .",P. Llamas Ruiz,E. Quinn,,,ESP,USA,3-6,7-5,3-6,,,02:30:52,296,/en/stats/leaderboard?page=serve,0,0,54,13,24,69,9,13,73,8,11,0,0,0,4,226,/en/stats/leaderboard?page=serve,1,3,71,24,34,63,15,24,30,3,10,0,0,2,5,248,/en/stats/leaderboard?page=return,38,9,24,70,7,10,100,2,2,5,58,/en/stats/leaderboard?page=return,31,4,13,27,3,11,0,0,0,4,71,17,24,47,16,34,57,33,58,53,18,34,29,7,24,43,25,58,262.0,/en/stats/leaderboard?page=serve,2.0,0.0,58.0,23.0,40.0,70.0,16.0,23.0,53.0,9.0,17.0,75.0,3.0,4.0,6.0,302.0,/en/stats/leaderboard?page=serve,0.0,2.0,65.0,22.0,34.0,77.0,17.0,22.0,58.0,7.0,12.0,0.0,0.0,0.0,6.0,65.0,/en/stats/leaderboard?page=return,23.0,5.0,22.0,42.0,5.0,12.0,0.0,0.0,0.0,6.0,118.0,/en/stats/leaderboard?page=return,30.0,7.0,23.0,47.0,8.0,17.0,25.0,1.0,4.0,6.0,63.0,25.0,40.0,29.0,10.0,34.0,47.0,35.0,74.0,71.0,24.0,34.0,38.0,15.0,40.0,53.0,39.0,74.0,270,/en/stats/leaderboard?page=serve,2,1,61,62,102,66,41,62,58,23,40,67,4,6,15,253,/en/stats/leaderboard?page=serve,2,7,67,62,93,69,43,62,39,12,31,0,0,4,15,63,64,102,41,38,93,52,102,195,59,55,93,37,38,102,48,93,195,B,261.0,/en/stats/leaderboard?page=serve,0.0,1.0,68.0,26.0,38.0,62.0,16.0,26.0,50.0,6.0,12.0,50.0,1.0,2.0,5.0,206.0,/en/stats/leaderboard?page=serve,1.0,2.0,64.0,16.0,25.0,69.0,11.0,16.0,22.0,2.0,9.0,0.0,0.0,2.0,4.0,259.0,/en/stats/leaderboard?page=return,31.0,5.0,16.0,78.0,7.0,9.0,100.0,2.0,2.0,4.0,158.0,/en/stats/leaderboard?page=return,38.0,10.0,26.0,50.0,6.0,12.0,50.0,1.0,2.0,5.0,58.0,22.0,38.0,48.0,12.0,25.0,54.0,34.0,63.0,52.0,13.0,25.0,42.0,16.0,38.0,46.0,29.0,63.0,,,,,
416,2026,ATP Masters 1000 Rome,1000,2026-05-06T00:00:00,2026-05-17T00:00:00,Clay,96,8235540,€,MS094,Round of 128,01:38:06,"Game Set and Match Tomas Machac. 
 Tomas Machac wins the match  6-4  7-6(4).",F,3,M0FH,S. Tsitsipas,T. Machac,TE51,M0FH,GRE,CZE,,,"Game Set and Match Tomas Machac. 
 Tomas Machac wins the match  6-4  7-6(4).",T. Machac,S. Tsitsipas,,,CZE,GRE,4-6,6-7(4),,,,01:38:06,317,/en/stats/leaderboard?page=serve,0,0,85,22,26,82,18,22,50,2,4,0,0,0,5,265,/en/stats/leaderboard?page=serve,1,5,59,19,32,68,13,19,54,7,13,67,2,3,5,131,/en/stats/leaderboard?page=return,32,6,19,46,6,13,33,1,3,5,68,/en/stats/leaderboard?page=return,18,4,22,50,2,4,0,0,0,5,77,20,26,38,12,32,55,32,58,63,20,32,23,6,26,45,26,58,267.0,/en/stats/leaderboard?page=serve,2.0,3.0,59.0,24.0,41.0,100.0,24.0,24.0,24.0,4.0,17.0,50.0,1.0,2.0,6.0,290.0,/en/stats/leaderboard?page=serve,0.0,3.0,62.0,23.0,37.0,78.0,18.0,23.0,64.0,9.0,14.0,50.0,1.0,2.0,6.0,124.0,/en/stats/leaderboard?page=return,22.0,5.0,23.0,36.0,5.0,14.0,50.0,1.0,2.0,6.0,142.0,/en/stats/leaderboard?page=return,0.0,0.0,24.0,76.0,13.0,17.0,50.0,1.0,2.0,6.0,68.0,28.0,41.0,27.0,10.0,37.0,49.0,38.0,78.0,73.0,27.0,37.0,32.0,13.0,41.0,51.0,40.0,78.0,280,/en/stats/leaderboard?page=serve,2,3,69,46,67,91,42,46,29,6,21,50,1,2,11,282,/en/stats/leaderboard?page=serve,1,8,61,42,69,74,31,42,59,16,27,60,3,5,11,72,48,67,32,22,69,51,70,136,68,47,69,28,19,67,49,66,136,B,,,,,,,,,,,,,,,,,,,,,,,,,,,,,,,,,,,,,,,,,,,,,,,,,,,,,,,,,,,,,,,,,,,,,,,,,,,,,4.0,,,,
416,2026,ATP Masters 1000 Rome,1000,2026-05-06T00:00:00,2026-05-17T00:00:00,Clay,96,8235540,€,MS002,Semifinals,02:37:04,"Game Set and Match Jannik Sinner. 
 Jannik Sinner wins the match  6-2  5-7  6-4 .",F,3,S0AG,J. Sinner,D. Medvedev,S0AG,MM58,ITA,RUS,1,7,"Game Set and Match Jannik Sinner. 
 Jannik Sinner wins the match  6-2  5-7  6-4 .",J. Sinner,D. Medvedev,1,7,ITA,RUS,6-2,5-7,6-4,,,02:37:04,344,/en/stats/leaderboard?page=serve,0,2,67,12,18,92,11,12,83,5,6,0,0,0,4,197,/en/stats/leaderboard?page=serve,3,0,64,18,28,56,10,18,30,3,10,0,0,2,4,264,/en/stats/leaderboard?page=return,44,8,18,70,7,10,100,2,2,4,25,/en/stats/leaderboard?page=return,8,1,12,17,1,6,0,0,0,4,89,16,18,54,15,28,67,31,46,46,13,28,11,2,18,33,15,46,237.0,/en/stats/leaderboard?page=serve,2.0,4.0,63.0,30.0,48.0,67.0,20.0,30.0,39.0,7.0,18.0,71.0,5.0,7.0,6.0,266.0,/en/stats/leaderboard?page=serve,3.0,1.0,59.0,22.0,37.0,73.0,16.0,22.0,53.0,8.0,15.0,50.0,1.0,2.0,6.0,140.0,/en/stats/leaderboard?page=return,27.0,6.0,22.0,47.0,7.0,15.0,50.0,1.0,2.0,6.0,156.0,/en/stats/leaderboard?page=return,33.0,10.0,30.0,61.0,11.0,18.0,29.0,2.0,7.0,6.0,56.0,27.0,48.0,35.0,13.0,37.0,47.0,40.0,85.0,65.0,24.0,37.0,44.0,21.0,48.0,53.0,45.0,85.0,285,/en/stats/leaderboard?page=serve,2,7,60,55,92,75,41,55,59,22,37,71,5,7,15,239,/en/stats/leaderboard?page=serve,7,4,63,66,104,67,44,66,39,15,38,60,6,10,15,68,63,92,43,45,104,55,108,196,57,59,104,32,29,92,45,88,196,A,305.0,/en/stats/leaderboard?page=serve,0.0,1.0,50.0,13.0,26.0,77.0,10.0,13.0,77.0,10.0,13.0,0.0,0.0,0.0,5.0,249.0,/en/stats/leaderboard?page=serve,1.0,3.0,67.0,26.0,39.0,69.0,18.0,26.0,31.0,4.0,13.0,83.0,5.0,6.0,5.0,137.0,/en/stats/leaderboard?page=return,31.0,8.0,26.0,69.0,9.0,13.0,17.0,1.0,6.0,5.0,46.0,/en/stats/leaderboard?page=return,23.0,3.0,13.0,23.0,3.0,13.0,0.0,0.0,0.0,5.0,77.0,20.0,26.0,44.0,17.0,39.0,57.0,37.0,65.0,56.0,22.0,39.0,23.0,6.0,26.0,43.0,28.0,65.0,,,,,
416,2026,ATP Masters 1000 Rome,1000,2026-05-06T00:00:00,2026-05-17T00:00:00,Clay,96,8235540,€,MS005,Quarterfinals,02:23:39,"Game Set and Match Daniil Medvedev. 
 Daniil Medvedev wins the match  1-6  6-4  7-5 .",F,3,MM58,M. Landaluce,D. Medvedev,L0IL,MM58,ESP,RUS,,7,"Game Set and Match Daniil Medvedev. 
 Daniil Medvedev wins the match  1-6  6-4  7-5 .",D. Medvedev,M. Landaluce,7,,RUS,ESP,6-1,4-6,5-7,,,02:23:39,174,/en/stats/leaderboard?page=serve,0,0,56,10,18,60,6,10,25,2,8,0,0,2,3,321,/en/stats/leaderboard?page=serve,1,1,65,13,20,85,11,13,71,5,7,0,0,0,4,44,/en/stats/leaderboard?page=return,15,2,13,29,2,7,0,0,0,4,281,/en/stats/leaderboard?page=return,40,4,10,75,6,8,100,2,2,3,44,8,18,20,4,20,32,12,38,80,16,20,56,10,18,68,26,38,240.0,/en/stats/leaderboard?page=serve,0.0,2.0,63.0,17.0,27.0,65.0,11.0,17.0,50.0,5.0,10.0,33.0,1.0,3.0,5.0,179.0,/en/stats/leaderboard?page=serve,4.0,2.0,51.0,18.0,35.0,61.0,11.0,18.0,29.0,5.0,17.0,50.0,3.0,6.0,5.0,220.0,/en/stats/leaderboard?page=return,39.0,7.0,18.0,71.0,12.0,17.0,50.0,3.0,6.0,5.0,192.0,/en/stats/leaderboard?page=return,35.0,6.0,17.0,50.0,5.0,10.0,67.0,2.0,3.0,5.0,59.0,16.0,27.0,54.0,19.0,35.0,56.0,35.0,62.0,46.0,16.0,35.0,41.0,11.0,27.0,44.0,27.0,62.0,232,/en/stats/leaderboard?page=serve,3,2,59,47,79,72,34,47,38,12,32,29,2,7,14,229,/en/stats/leaderboard?page=serve,8,3,60,64,107,59,38,64,49,21,43,67,10,15,15,58,46,79,45,48,107,51,94,186,55,59,107,42,33,79,49,92,186,B,260.0,/en/stats/leaderboard?page=serve,3.0,0.0,59.0,20.0,34.0,85.0,17.0,20.0,36.0,5.0,14.0,50.0,1.0,2.0,6.0,232.0,/en/stats/leaderboard?page=serve,3.0,0.0,63.0,33.0,52.0,48.0,16.0,33.0,58.0,11.0,19.0,78.0,7.0,9.0,6.0,149.0,/en/stats/leaderboard?page=return,52.0,17.0,33.0,42.0,8.0,19.0,22.0,2.0,9.0,6.0,145.0,/en/stats/leaderboard?page=return,15.0,3.0,20.0,64.0,9.0,14.0,50.0,1.0,2.0,6.0,65.0,22.0,34.0,48.0,25.0,52.0,55.0,47.0,86.0,52.0,27.0,52.0,35.0,12.0,34.0,45.0,39.0,86.0,,,,,
416,2026,ATP Masters 1000 Rome,1000,2026-05-06T00:00:00,2026-05-17T00:00:00,Clay,96,8235540,€,MS007,Quarterfinals,03:08:16,"Game Set and Match Luciano Darderi. 
 Luciano Darderi wins the match  7-6(5) 5-7  6-0 .",F,3,D0FJ,R. Jodar,L. Darderi,J0DZ,D0FJ,ESP,ITA,32,18,"Game Set and Match Luciano Darderi. 
 Luciano Darderi wins the match  7-6(5) 5-7  6-0 .",L. Darderi,R. Jodar,18,32,ITA,ESP,6-7(5),7-5,0-6,,,03:08:16,257,/en/stats/leaderboard?page=serve,3,1,53,21,40,76,16,21,47,9,19,0,0,1,6,262,/en/stats/leaderboard?page=serve,0,1,61,27,44,52,14,27,65,11,17,50,1,2,6,149,/en/stats/leaderboard?page=return,48,13,27,35,6,17,50,1,2,6,193,/en/stats/leaderboard?page=return,24,5,21,53,10,19,100,1,1,6,63,25,40,43,19,44,52,44,84,57,25,44,38,15,40,48,40,84,225.0,/en/stats/leaderboard?page=serve,3.0,0.0,49.0,19.0,39.0,53.0,10.0,19.0,60.0,12.0,20.0,67.0,4.0,6.0,6.0,285.0,/en/stats/leaderboard?page=serve,0.0,0.0,78.0,31.0,40.0,68.0,21.0,31.0,56.0,5.0,9.0,86.0,6.0,7.0,6.0,106.0,/en/stats/leaderboard?page=return,32.0,10.0,31.0,44.0,4.0,9.0,14.0,1.0,7.0,6.0,153.0,/en/stats/leaderboard?page=return,47.0,9.0,19.0,40.0,8.0,20.0,33.0,2.0,6.0,6.0,56.0,22.0,39.0,35.0,14.0,40.0,46.0,36.0,79.0,65.0,26.0,40.0,44.0,17.0,39.0,54.0,43.0,79.0,252,/en/stats/leaderboard?page=serve,6,1,55,53,96,64,34,53,58,25,43,57,4,7,15,245,/en/stats/leaderboard?page=serve,1,2,70,85,121,55,47,85,53,19,36,72,13,18,15,61,59,96,45,55,121,53,114,217,55,66,121,39,37,96,47,103,217,B,338.0,/en/stats/leaderboard?page=serve,0.0,0.0,76.0,13.0,17.0,62.0,8.0,13.0,100.0,4.0,4.0,0.0,0.0,0.0,3.0,147.0,/en/stats/leaderboard?page=serve,1.0,1.0,73.0,27.0,37.0,44.0,12.0,27.0,30.0,3.0,10.0,67.0,6.0,9.0,3.0,259.0,/en/stats/leaderboard?page=return,56.0,15.0,27.0,70.0,7.0,10.0,33.0,3.0,9.0,3.0,38.0,/en/stats/leaderboard?page=return,38.0,5.0,13.0,0.0,0.0,4.0,0.0,0.0,0.0,3.0,71.0,12.0,17.0,59.0,22.0,37.0,63.0,34.0,54.0,41.0,15.0,37.0,29.0,5.0,17.0,37.0,20.0,54.0,,5.0,,,
416,2026,ATP Masters 1000 Rome,1000,2026-05-06T00:00:00,2026-05-17T00:00:00,Clay,96,8235540,€,MS009,Round of 16,02:13:46,"Game Set and Match Andrey Rublev. 
 Andrey Rublev wins the match  3-6  7-6(5) 6-2 .",F,3,RE44,A. Rublev,N. Basilashvili,RE44,BG23,RUS,GEO,12,,"Game Set and Match Andrey Rublev. 
 Andrey Rublev wins the match  3-6  7-6(5) 6-2 .",A. Rublev,N. Basilashvili,12,,RUS,GEO,3-6,7-6(5),6-2,,,02:13:46,245,/en/stats/leaderboard?page=serve,2,5,59,22,37,68,15,22,40,6,15,89,8,9,4,320,/en/stats/leaderboard?page=serve,2,3,52,13,25,92,12,13,75,9,12,0,0,0,5,33,/en/stats/leaderboard?page=return,8,1,13,25,3,12,0,0,0,5,128,/en/stats/leaderboard?page=return,32,7,22,60,9,15,11,1,9,4,57,21,37,16,4,25,40,25,62,84,21,25,43,16,37,60,37,62,281.0,/en/stats/leaderboard?page=serve,0.0,7.0,60.0,25.0,42.0,84.0,21.0,25.0,47.0,8.0,17.0,0.0,0.0,1.0,6.0,279.0,/en/stats/leaderboard?page=serve,1.0,4.0,60.0,25.0,42.0,80.0,20.0,25.0,53.0,9.0,17.0,0.0,0.0,1.0,6.0,183.0,/en/stats/leaderboard?page=return,20.0,5.0,25.0,47.0,8.0,17.0,100.0,1.0,1.0,6.0,185.0,/en/stats/leaderboard?page=return,16.0,4.0,25.0,53.0,9.0,17.0,100.0,1.0,1.0,6.0,69.0,29.0,42.0,31.0,13.0,42.0,50.0,42.0,84.0,69.0,29.0,42.0,31.0,13.0,42.0,50.0,42.0,84.0,282,/en/stats/leaderboard?page=serve,2,13,58,60,103,77,46,60,51,22,43,85,11,13,14,259,/en/stats/leaderboard?page=serve,10,7,51,54,105,80,43,54,51,26,51,57,4,7,15,66,68,103,34,36,105,50,104,208,66,69,105,34,35,103,50,104,208,A,305.0,/en/stats/leaderboard?page=serve,0.0,1.0,54.0,13.0,24.0,77.0,10.0,13.0,73.0,8.0,11.0,100.0,3.0,3.0,4.0,190.0,/en/stats/leaderboard?page=serve,7.0,0.0,42.0,16.0,38.0,69.0,11.0,16.0,36.0,8.0,22.0,67.0,4.0,6.0,4.0,178.0,/en/stats/leaderboard?page=return,31.0,5.0,16.0,64.0,14.0,22.0,33.0,2.0,6.0,4.0,50.0,/en/stats/leaderboard?page=return,23.0,3.0,13.0,27.0,3.0,11.0,0.0,0.0,3.0,4.0,75.0,18.0,24.0,50.0,19.0,38.0,60.0,37.0,62.0,50.0,19.0,38.0,25.0,6.0,24.0,40.0,25.0,62.0,5.0,,,,
416,2026,ATP Masters 1000 Rome,1000,2026-05-06T00:00:00,2026-05-17T00:00:00,Clay,96,8235540,€,MS011,Round of 16,01:22:35,"Game Set and Match Daniil Medvedev. 
 Daniil Medvedev wins the match  6-3  6-2 .",F,3,MM58,T. Tirante,D. Medvedev,T0A1,MM58,ARG,RUS,,7,"Game Set and Match Daniil Medvedev. 
 Daniil Medvedev wins the match  6-3  6-2 .",D. Medvedev,T. Tirante,7,,RUS,ARG,3-6,2-6,,,,01:22:35,252,/en/stats/leaderboard?page=serve,2,1,66,21,32,71,15,21,36,4,11,67,2,3,5,199,/en/stats/leaderboard?page=serve,1,0,46,11,24,73,8,11,31,4,13,50,2,4,4,196,/en/stats/leaderboard?page=return,27,3,11,69,9,13,50,2,4,4,146,/en/stats/leaderboard?page=return,29,6,21,64,7,11,33,1,3,5,59,19,32,50,12,24,55,31,56,50,12,24,41,13,32,45,25,56,291.0,/en/stats/leaderboard?page=serve,1.0,5.0,64.0,18.0,28.0,83.0,15.0,18.0,40.0,4.0,10.0,100.0,3.0,3.0,4.0,203.0,/en/stats/leaderboard?page=serve,2.0,0.0,72.0,23.0,32.0,61.0,14.0,23.0,22.0,2.0,9.0,67.0,4.0,6.0,4.0,200.0,/en/stats/leaderboard?page=return,39.0,9.0,23.0,78.0,7.0,9.0,33.0,2.0,6.0,4.0,77.0,/en/stats/leaderboard?page=return,17.0,3.0,18.0,60.0,6.0,10.0,0.0,0.0,3.0,4.0,68.0,19.0,28.0,50.0,16.0,32.0,58.0,35.0,60.0,50.0,16.0,32.0,32.0,9.0,28.0,42.0,25.0,60.0,271,/en/stats/leaderboard?page=serve,3,6,65,39,60,77,30,39,38,8,21,83,5,6,9,200,/en/stats/leaderboard?page=serve,3,0,61,34,56,65,22,34,27,6,22,60,6,10,8,63,38,60,50,28,56,57,66,116,50,28,56,37,22,60,43,50,116,B,,,,,,,,,,,,,,,,,,,,,,,,,,,,,,,,,,,,,,,,,,,,,,,,,,,,,,,,,,,,,,,,,,,,,,,,,,,,,,,,,
416,2026,ATP Masters 1000 Rome,1000,2026-05-06T00:00:00,2026-05-17T00:00:00,Clay,96,8235540,€,MS013,Round of 16,01:57:07,"Game Set and Match Karen Khachanov. 
 Karen Khachanov wins the match  6-1  7-6(2).",F,3,KE29,K. Khachanov,D. Prizmic,KE29,P0HW,RUS,CRO,13,,"Game Set and Match Karen Khachanov. 
 Karen Khachanov wins the match  6-1  7-6(2).",K. Khachanov,D. Prizmic,13,,RUS,CRO,6-1,7-6(2),,,,01:57:07,266,/en/stats/leaderboard?page=serve,2,3,47,18,38,78,14,18,40,8,20,100,5,5,3,148,/en/stats/leaderboard?page=serve,2,1,43,12,28,50,6,12,31,5,16,50,3,6,4,244,/en/stats/leaderboard?page=return,50,6,12,69,11,16,50,3,6,4,82,/en/stats/leaderboard?page=return,22,4,18,60,12,20,0,0,5,3,58,22,38,61,17,28,59,39,66,39,11,28,42,16,38,41,27,66,285.0,/en/stats/leaderboard?page=serve,1.0,4.0,70.0,28.0,40.0,71.0,20.0,28.0,58.0,7.0,12.0,75.0,3.0,4.0,6.0,279.0,/en/stats/leaderboard?page=serve,0.0,0.0,70.0,26.0,37.0,62.0,16.0,26.0,64.0,7.0,11.0,0.0,0.0,1.0,6.0,190.0,/en/stats/leaderboard?page=return,38.0,10.0,26.0,36.0,4.0,11.0,100.0,1.0,1.0,6.0,112.0,/en/stats/leaderboard?page=return,29.0,8.0,28.0,42.0,5.0,12.0,25.0,1.0,4.0,6.0,68.0,27.0,40.0,38.0,14.0,37.0,53.0,41.0,77.0,62.0,23.0,37.0,33.0,13.0,40.0,47.0,36.0,77.0,272,/en/stats/leaderboard?page=serve,3,7,59,46,78,74,34,46,47,15,32,89,8,9,9,219,/en/stats/leaderboard?page=serve,2,1,58,38,65,58,22,38,44,12,27,43,3,7,10,63,49,78,48,31,65,56,80,143,52,34,65,37,29,78,44,63,143,A,,,,,,,,,,,,,,,,,,,,,,,,,,,,,,,,,,,,,,,,,,,,,,,,,,,,,,,,,,,,,,,,,,,,,,,,,,,,,2.0,,,,
416,2026,ATP Masters 1000 Rome,1000,2026-05-06T00:00:00,2026-05-17T00:00:00,Clay,96,8235540,€,MS014,Round of 16,01:15:10,"Game Set and Match Rafael Jodar. 
 Rafael Jodar wins the match  6-1  6-4 .",F,3,J0DZ,R. Jodar,L. Tien,J0DZ,T0HA,ESP,USA,32,19,"Game Set and Match Rafael Jodar. 
 Rafael Jodar wins the match  6-1  6-4 .",R. Jodar,L. Tien,32,19,ESP,USA,6-1,6-4,,,,01:15:10,328,/en/stats/leaderboard?page=serve,0,0,65,13,20,77,10,13,86,6,7,0,0,0,4,177,/en/stats/leaderboard?page=serve,1,2,60,12,20,58,7,12,25,2,8,33,1,3,3,250,/en/stats/leaderboard?page=return,42,5,12,75,6,8,67,2,3,3,37,/en/stats/leaderboard?page=return,23,3,13,14,1,7,0,0,0,4,80,16,20,55,11,20,68,27,40,45,9,20,20,4,20,33,13,40,262.0,/en/stats/leaderboard?page=serve,0.0,0.0,67.0,20.0,30.0,65.0,13.0,20.0,50.0,5.0,10.0,0.0,0.0,1.0,5.0,236.0,/en/stats/leaderboard?page=serve,3.0,1.0,66.0,21.0,32.0,48.0,10.0,21.0,64.0,7.0,11.0,60.0,3.0,5.0,5.0,168.0,/en/stats/leaderboard?page=return,52.0,11.0,21.0,36.0,4.0,11.0,40.0,2.0,5.0,5.0,205.0,/en/stats/leaderboard?page=return,35.0,7.0,20.0,50.0,5.0,10.0,100.0,1.0,1.0,5.0,60.0,18.0,30.0,47.0,15.0,32.0,53.0,33.0,62.0,53.0,17.0,32.0,40.0,12.0,30.0,47.0,29.0,62.0,289,/en/stats/leaderboard?page=serve,0,0,66,33,50,70,23,33,65,11,17,0,0,1,9,211,/en/stats/leaderboard?page=serve,4,3,63,33,52,52,17,33,47,9,19,50,4,8,8,68,34,50,50,26,52,59,60,102,50,26,52,32,16,50,41,42,102,A,,,,,,,,,,,,,,,,,,,,,,,,,,,,,,,,,,,,,,,,,,,,,,,,,,,,,,,,,,,,,,,,,,,,,,,,,,,,,,,,,
416,2026,ATP Masters 1000 Rome,1000,2026-05-06T00:00:00,2026-05-17T00:00:00,Clay,96,8235540,€,MS017,Round of 32,01:56:12,"Game Set and Match Andrea Pellegrino. 
 Andrea Pellegrino wins the match  7-6(8) 6-1 .",F,3,PH64,F. Tiafoe,A. Pellegrino,TD51,PH64,USA,ITA,20,,"Game Set and Match Andrea Pellegrino. 
 Andrea Pellegrino wins the match  7-6(8) 6-1 .",A. Pellegrino,F. Tiafoe,,20,ITA,USA,6-7(8),1-6,,,,01:56:12,226,/en/stats/leaderboard?page=serve,4,4,50,21,42,81,17,21,29,6,21,33,1,3,6,232,/en/stats/leaderboard?page=serve,3,6,57,25,44,64,16,25,42,8,19,67,4,6,6,160,/en/stats/leaderboard?page=return,36,9,25,58,11,19,33,2,6,6,190,/en/stats/leaderboard?page=return,19,4,21,71,15,21,67,2,3,6,55,23,42,45,20,44,50,43,86,55,24,44,45,19,42,50,43,86,286.0,/en/stats/leaderboard?page=serve,0.0,2.0,56.0,20.0,36.0,65.0,13.0,20.0,63.0,10.0,16.0,100.0,2.0,2.0,4.0,134.0,/en/stats/leaderboard?page=serve,0.0,0.0,43.0,6.0,14.0,33.0,2.0,6.0,25.0,2.0,8.0,0.0,0.0,2.0,3.0,308.0,/en/stats/leaderboard?page=return,67.0,4.0,6.0,75.0,6.0,8.0,100.0,2.0,2.0,3.0,73.0,/en/stats/leaderboard?page=return,35.0,7.0,20.0,38.0,6.0,16.0,0.0,0.0,2.0,4.0,64.0,23.0,36.0,71.0,10.0,14.0,66.0,33.0,50.0,29.0,4.0,14.0,36.0,13.0,36.0,34.0,17.0,50.0,251,/en/stats/leaderboard?page=serve,4,6,53,41,78,73,30,41,43,16,37,60,3,5,10,206,/en/stats/leaderboard?page=serve,3,6,53,31,58,58,18,31,37,10,27,50,4,8,9,59,46,78,52,30,58,56,76,136,48,28,58,41,32,78,44,60,136,B,,,,,,,,,,,,,,,,,,,,,,,,,,,,,,,,,,,,,,,,,,,,,,,,,,,,,,,,,,,,,,,,,,,,,,,,,,,,,,8.0,,,
416,2026,ATP Masters 1000 Rome,1000,2026-05-06T00:00:00,2026-05-17T00:00:00,Clay,96,8235540,€,MS024,Round of 32,02:12:26,"Game Set and Match Lorenzo Musetti. 
 Lorenzo Musetti wins the match  7-6(7) 6-4 .",F,3,M0EJ,L. Musetti,F. Cerundolo,M0EJ,C0AU,ITA,ARG,8,25,"Game Set and Match Lorenzo Musetti. 
 Lorenzo Musetti wins the match  7-6(7) 6-4 .",L. Musetti,F. Cerundolo,8,25,ITA,ARG,7-6(7),6-4,,,,02:12:26,239,/en/stats/leaderboard?page=serve,2,1,63,32,51,69,22,32,42,8,19,67,4,6,6,237,/en/stats/leaderboard?page=serve,2,0,54,25,46,52,13,25,67,14,21,33,1,3,6,181,/en/stats/leaderboard?page=return,48,12,25,33,7,21,67,2,3,6,155,/en/stats/leaderboard?page=return,31,10,32,58,11,19,33,2,6,6,59,30,51,41,19,46,51,49,97,59,27,46,41,21,51,49,48,97,278.0,/en/stats/leaderboard?page=serve,0.0,0.0,74.0,23.0,31.0,61.0,14.0,23.0,63.0,5.0,8.0,75.0,3.0,4.0,5.0,217.0,/en/stats/leaderboard?page=serve,3.0,0.0,54.0,19.0,35.0,68.0,13.0,19.0,38.0,6.0,16.0,50.0,2.0,4.0,5.0,185.0,/en/stats/leaderboard?page=return,32.0,6.0,19.0,63.0,10.0,16.0,50.0,2.0,4.0,5.0,122.0,/en/stats/leaderboard?page=return,39.0,9.0,23.0,38.0,3.0,8.0,25.0,1.0,4.0,5.0,61.0,19.0,31.0,46.0,16.0,35.0,53.0,35.0,66.0,54.0,19.0,35.0,39.0,12.0,31.0,47.0,31.0,66.0,251,/en/stats/leaderboard?page=serve,2,1,67,55,82,65,36,55,48,13,27,70,7,10,11,225,/en/stats/leaderboard?page=serve,5,0,54,44,81,59,26,44,54,20,37,43,3,7,11,60,49,82,43,35,81,52,84,163,57,46,81,40,33,82,48,79,163,A,,,,,,,,,,,,,,,,,,,,,,,,,,,,,,,,,,,,,,,,,,,,,,,,,,,,,,,,,,,,,,,,,,,,,,,,,,,,,,7.0,,,
416,2026,ATP Masters 1000 Rome,1000,2026-05-06T00:00:00,2026-05-17T00:00:00,Clay,96,8235540,€,MS028,Round of 32,02:01:58,"Game Set and Match Rafael Jodar. 
 Rafael Jodar wins the match  6-1  4-6  6-3 .",F,3,J0DZ,M. Arnaldi,R. Jodar,A0FC,J0DZ,ITA,ESP,,32,"Game Set and Match Rafael Jodar. 
 Rafael Jodar wins the match  6-1  4-6  6-3 .",R. Jodar,M. Arnaldi,32,,ESP,ITA,1-6,6-4,3-6,,,02:01:58,253,/en/stats/leaderboard?page=serve,2,0,64,14,22,50,7,14,75,6,8,50,1,2,3,134,/en/stats/leaderboard?page=serve,0,1,64,16,25,25,4,16,44,4,9,20,1,5,4,311,/en/stats/leaderboard?page=return,75,12,16,56,5,9,80,4,5,4,158,/en/stats/leaderboard?page=return,50,7,14,25,2,8,50,1,2,3,59,13,22,68,17,25,64,30,47,32,8,25,41,9,22,36,17,47,225.0,/en/stats/leaderboard?page=serve,1.0,1.0,61.0,17.0,28.0,59.0,10.0,17.0,45.0,5.0,11.0,0.0,0.0,2.0,5.0,254.0,/en/stats/leaderboard?page=serve,2.0,2.0,61.0,20.0,33.0,75.0,15.0,20.0,38.0,5.0,13.0,67.0,2.0,3.0,5.0,140.0,/en/stats/leaderboard?page=return,25.0,5.0,20.0,62.0,8.0,13.0,33.0,1.0,3.0,5.0,236.0,/en/stats/leaderboard?page=return,41.0,7.0,17.0,55.0,6.0,11.0,100.0,2.0,2.0,5.0,54.0,15.0,28.0,39.0,13.0,33.0,46.0,28.0,61.0,61.0,20.0,33.0,46.0,13.0,28.0,54.0,33.0,61.0,251,/en/stats/leaderboard?page=serve,5,1,66,50,76,62,31,50,58,15,26,20,1,5,13,204,/en/stats/leaderboard?page=serve,3,3,61,49,80,55,27,49,42,13,31,30,3,10,13,61,46,76,50,40,80,55,86,156,50,40,80,39,30,76,45,70,156,B,282.0,/en/stats/leaderboard?page=serve,2.0,0.0,73.0,19.0,26.0,74.0,14.0,19.0,57.0,4.0,7.0,0.0,0.0,1.0,5.0,214.0,/en/stats/leaderboard?page=serve,1.0,0.0,59.0,13.0,22.0,62.0,8.0,13.0,44.0,4.0,9.0,0.0,0.0,2.0,4.0,244.0,/en/stats/leaderboard?page=return,38.0,5.0,13.0,56.0,5.0,9.0,100.0,2.0,2.0,4.0,189.0,/en/stats/leaderboard?page=return,26.0,5.0,19.0,43.0,3.0,7.0,100.0,1.0,1.0,5.0,69.0,18.0,26.0,45.0,10.0,22.0,58.0,28.0,48.0,55.0,12.0,22.0,31.0,8.0,26.0,42.0,20.0,48.0,,,,,
416,2026,ATP Masters 1000 Rome,1000,2026-05-06T00:00:00,2026-05-17T00:00:00,Clay,96,8235540,€,MS034,Round of 64,02:43:12,"Game Set and Match Frances Tiafoe. 
 Frances Tiafoe wins the match  6-7(5) 6-3  6-2 .",F,3,TD51,F. Tiafoe,I. Buse,TD51,B0ID,USA,PER,20,,"Game Set and Match Frances Tiafoe. 
 Frances Tiafoe wins the match  6-7(5) 6-3  6-2 .",F. Tiafoe,I. Buse,20,,USA,PER,6-7(5),6-3,6-2,,,02:43:12,209,/en/stats/leaderboard?page=serve,1,2,56,22,39,73,16,22,29,5,17,0,0,3,6,211,/en/stats/leaderboard?page=serve,0,3,60,29,48,66,19,29,32,6,19,50,3,6,6,202,/en/stats/leaderboard?page=return,34,10,29,68,13,19,50,3,6,6,248,/en/stats/leaderboard?page=return,27,6,22,71,12,17,100,3,3,6,54,21,39,48,23,48,51,44,87,52,25,48,46,18,39,49,43,87,261.0,/en/stats/leaderboard?page=serve,2.0,0.0,53.0,18.0,34.0,61.0,11.0,18.0,69.0,11.0,16.0,0.0,0.0,1.0,5.0,213.0,/en/stats/leaderboard?page=serve,2.0,3.0,62.0,13.0,21.0,62.0,8.0,13.0,38.0,3.0,8.0,0.0,0.0,2.0,4.0,251.0,/en/stats/leaderboard?page=return,38.0,5.0,13.0,63.0,5.0,8.0,100.0,2.0,2.0,4.0,190.0,/en/stats/leaderboard?page=return,39.0,7.0,18.0,31.0,5.0,16.0,100.0,1.0,1.0,5.0,65.0,22.0,34.0,48.0,10.0,21.0,58.0,32.0,55.0,52.0,11.0,21.0,35.0,12.0,34.0,42.0,23.0,55.0,250,/en/stats/leaderboard?page=serve,3,2,57,57,100,68,39,57,53,23,43,20,1,5,15,215,/en/stats/leaderboard?page=serve,3,10,53,50,94,66,33,50,39,17,44,46,6,13,14,62,62,100,47,44,94,55,106,194,53,50,94,38,38,100,45,88,194,A,304.0,/en/stats/leaderboard?page=serve,0.0,0.0,63.0,17.0,27.0,71.0,12.0,17.0,70.0,7.0,10.0,100.0,1.0,1.0,4.0,207.0,/en/stats/leaderboard?page=serve,1.0,4.0,32.0,8.0,25.0,75.0,6.0,8.0,47.0,8.0,17.0,60.0,3.0,5.0,4.0,168.0,/en/stats/leaderboard?page=return,25.0,2.0,8.0,53.0,9.0,17.0,40.0,2.0,5.0,4.0,59.0,/en/stats/leaderboard?page=return,29.0,5.0,17.0,30.0,3.0,10.0,0.0,0.0,1.0,4.0,70.0,19.0,27.0,44.0,11.0,25.0,58.0,30.0,52.0,56.0,14.0,25.0,30.0,8.0,27.0,42.0,22.0,52.0,,,,,5.0
416,2026,ATP Masters 1000 Rome,1000,2026-05-06T00:00:00,2026-05-17T00:00:00,Clay,96,8235540,€,MS038,Round of 64,01:22:22,"Game Set and Match Brandon Nakashima. 
 Brandon Nakashima wins the match  6-4  6-0 .",F,3,N0AE,B. Nakashima,R. Bautista Agut,N0AE,BD06,USA,ESP,30,,"Game Set and Match Brandon Nakashima. 
 Brandon Nakashima wins the match  6-4  6-0 .",B. Nakashima,R. Bautista Agut,30,,USA,ESP,6-4,6-0,,,,01:22:22,272,/en/stats/leaderboard?page=serve,2,2,67,20,30,65,13,20,60,6,10,67,2,3,5,237,/en/stats/leaderboard?page=serve,0,1,74,23,31,52,12,23,50,4,8,0,0,2,5,238,/en/stats/leaderboard?page=return,48,11,23,50,4,8,100,2,2,5,128,/en/stats/leaderboard?page=return,35,7,20,40,4,10,33,1,3,5,63,19,30,48,15,31,56,34,61,52,16,31,37,11,30,44,27,61,300.0,/en/stats/leaderboard?page=serve,0.0,1.0,56.0,9.0,16.0,100.0,9.0,9.0,43.0,3.0,7.0,0.0,0.0,0.0,3.0,92.0,/en/stats/leaderboard?page=serve,3.0,0.0,40.0,8.0,20.0,13.0,1.0,8.0,42.0,5.0,12.0,40.0,2.0,5.0,3.0,306.0,/en/stats/leaderboard?page=return,88.0,7.0,8.0,58.0,7.0,12.0,60.0,3.0,5.0,3.0,57.0,/en/stats/leaderboard?page=return,0.0,0.0,9.0,57.0,4.0,7.0,0.0,0.0,0.0,3.0,75.0,12.0,16.0,70.0,14.0,20.0,72.0,26.0,36.0,30.0,6.0,20.0,25.0,4.0,16.0,28.0,10.0,36.0,280,/en/stats/leaderboard?page=serve,2,3,63,29,46,76,22,29,53,9,17,67,2,3,8,183,/en/stats/leaderboard?page=serve,3,1,61,31,51,42,13,31,45,9,20,29,2,7,8,67,31,46,57,29,51,62,60,97,43,22,51,33,15,46,38,37,97,A,,,,,,,,,,,,,,,,,,,,,,,,,,,,,,,,,,,,,,,,,,,,,,,,,,,,,,,,,,,,,,,,,,,,,,,,,,,,,,,,,
416,2026,ATP Masters 1000 Rome,1000,2026-05-06T00:00:00,2026-05-17T00:00:00,Clay,96,8235540,€,MS042,Round of 64,02:34:28,"Game Set and Match Mattia Bellucci. 
 Mattia Bellucci wins the match  5-7  6-2  6-3 .",F,3,B0GG,T. Etcheverry,M. Bellucci,EA24,B0GG,ARG,ITA,24,,"Game Set and Match Mattia Bellucci. 
 Mattia Bellucci wins the match  5-7  6-2  6-3 .",M. Bellucci,T. Etcheverry,,24,ITA,ARG,7-5,2-6,3-6,,,02:34:28,233,/en/stats/leaderboard?page=serve,2,2,56,19,34,58,11,19,53,8,15,33,1,3,6,287,/en/stats/leaderboard?page=serve,1,1,67,22,33,73,16,22,64,7,11,0,0,1,6,179,/en/stats/leaderboard?page=return,27,6,22,36,4,11,100,1,1,6,189,/en/stats/leaderboard?page=return,42,8,19,47,7,15,67,2,3,6,56,19,34,30,10,33,43,29,67,70,23,33,44,15,34,57,38,67,289.0,/en/stats/leaderboard?page=serve,1.0,4.0,67.0,16.0,24.0,81.0,13.0,16.0,38.0,3.0,8.0,0.0,0.0,0.0,4.0,246.0,/en/stats/leaderboard?page=serve,0.0,0.0,73.0,16.0,22.0,56.0,9.0,16.0,67.0,4.0,6.0,0.0,0.0,2.0,4.0,227.0,/en/stats/leaderboard?page=return,44.0,7.0,16.0,33.0,2.0,6.0,100.0,2.0,2.0,4.0,82.0,/en/stats/leaderboard?page=return,19.0,3.0,16.0,63.0,5.0,8.0,0.0,0.0,0.0,4.0,67.0,16.0,24.0,41.0,9.0,22.0,54.0,25.0,46.0,59.0,13.0,22.0,33.0,8.0,24.0,46.0,21.0,46.0,276,/en/stats/leaderboard?page=serve,3,9,61,49,80,76,37,49,48,15,31,67,4,6,14,254,/en/stats/leaderboard?page=serve,2,2,69,65,94,60,39,65,59,17,29,29,2,7,15,65,52,80,40,38,94,52,90,174,60,56,94,35,28,80,48,84,174,B,310.0,/en/stats/leaderboard?page=serve,0.0,3.0,64.0,14.0,22.0,93.0,13.0,14.0,50.0,4.0,8.0,100.0,3.0,3.0,4.0,231.0,/en/stats/leaderboard?page=serve,1.0,1.0,69.0,27.0,39.0,52.0,14.0,27.0,50.0,6.0,12.0,50.0,2.0,4.0,5.0,188.0,/en/stats/leaderboard?page=return,48.0,13.0,27.0,50.0,6.0,12.0,50.0,2.0,4.0,5.0,57.0,/en/stats/leaderboard?page=return,7.0,1.0,14.0,50.0,4.0,8.0,0.0,0.0,3.0,4.0,77.0,17.0,22.0,49.0,19.0,39.0,59.0,36.0,61.0,51.0,20.0,39.0,23.0,5.0,22.0,41.0,25.0,61.0,,,,,
416,2026,ATP Masters 1000 Rome,1000,2026-05-06T00:00:00,2026-05-17T00:00:00,Clay,96,8235540,€,MS052,Round of 64,01:43:07,"Game Set and Match Karen Khachanov. 
 Karen Khachanov wins the match  6-4  6-4 .",F,3,KE29,K. Khachanov,A. Shevchenko,KE29,S0H2,RUS,KAZ,13,,"Game Set and Match Karen Khachanov. 
 Karen Khachanov wins the match  6-4  6-4 .",K. Khachanov,A. Shevchenko,13,,RUS,KAZ,6-4,6-4,,,,01:43:07,295,/en/stats/leaderboard?page=serve,1,3,75,27,36,74,20,27,44,4,9,100,4,4,5,265,/en/stats/leaderboard?page=serve,1,2,57,16,28,69,11,16,58,7,12,0,0,1,5,193,/en/stats/leaderboard?page=return,31,5,16,42,5,12,100,1,1,5,82,/en/stats/leaderboard?page=return,26,7,27,56,5,9,0,0,4,5,67,24,36,36,10,28,53,34,64,64,18,28,33,12,36,47,30,64,264.0,/en/stats/leaderboard?page=serve,0.0,3.0,70.0,28.0,40.0,61.0,17.0,28.0,50.0,6.0,12.0,89.0,8.0,9.0,5.0,237.0,/en/stats/leaderboard?page=serve,0.0,1.0,68.0,21.0,31.0,48.0,10.0,21.0,60.0,6.0,10.0,33.0,1.0,3.0,5.0,199.0,/en/stats/leaderboard?page=return,52.0,11.0,21.0,40.0,4.0,10.0,67.0,2.0,3.0,5.0,120.0,/en/stats/leaderboard?page=return,39.0,11.0,28.0,50.0,6.0,12.0,11.0,1.0,9.0,5.0,58.0,23.0,40.0,48.0,15.0,31.0,54.0,38.0,71.0,52.0,16.0,31.0,43.0,17.0,40.0,46.0,33.0,71.0,282,/en/stats/leaderboard?page=serve,1,6,72,55,76,67,37,55,48,10,21,92,12,13,10,251,/en/stats/leaderboard?page=serve,1,3,63,37,59,57,21,37,59,13,22,25,1,4,10,62,47,76,42,25,59,53,72,135,58,34,59,38,29,76,47,63,135,A,,,,,,,,,,,,,,,,,,,,,,,,,,,,,,,,,,,,,,,,,,,,,,,,,,,,,,,,,,,,,,,,,,,,,,,,,,,,,,,,,
416,2026,ATP Masters 1000 Rome,1000,2026-05-06T00:00:00,2026-05-17T00:00:00,Clay,96,8235540,€,MS057,Round of 64,01:56:23,"Game Set and Match Rafael Jodar. 
 Rafael Jodar wins the match  7-6(4) 6-4 .",F,3,J0DZ,N. Borges,R. Jodar,BT72,J0DZ,POR,ESP,,32,"Game Set and Match Rafael Jodar. 
 Rafael Jodar wins the match  7-6(4) 6-4 .",R. Jodar,N. Borges,32,,ESP,POR,6-7(4),4-6,,,,01:56:23,268,/en/stats/leaderboard?page=serve,3,5,55,24,44,83,20,24,45,9,20,80,4,5,6,259,/en/stats/leaderboard?page=serve,0,0,67,29,43,66,19,29,43,6,14,80,4,5,6,127,/en/stats/leaderboard?page=return,34,10,29,57,8,14,20,1,5,6,108,/en/stats/leaderboard?page=return,17,4,24,55,11,20,20,1,5,6,66,29,44,42,18,43,54,47,87,58,25,43,34,15,44,46,40,87,295.0,/en/stats/leaderboard?page=serve,1.0,6.0,65.0,24.0,37.0,71.0,17.0,24.0,54.0,7.0,13.0,100.0,3.0,3.0,5.0,257.0,/en/stats/leaderboard?page=serve,2.0,4.0,61.0,22.0,36.0,64.0,14.0,22.0,50.0,7.0,14.0,50.0,1.0,2.0,5.0,156.0,/en/stats/leaderboard?page=return,36.0,8.0,22.0,50.0,7.0,14.0,50.0,1.0,2.0,5.0,75.0,/en/stats/leaderboard?page=return,29.0,7.0,24.0,46.0,6.0,13.0,0.0,0.0,3.0,5.0,65.0,24.0,37.0,42.0,15.0,36.0,53.0,39.0,73.0,58.0,21.0,36.0,35.0,13.0,37.0,47.0,34.0,73.0,281,/en/stats/leaderboard?page=serve,4,11,59,48,81,77,37,48,48,16,33,88,7,8,11,259,/en/stats/leaderboard?page=serve,2,4,65,51,79,65,33,51,46,13,28,71,5,7,11,65,53,81,42,33,79,54,86,160,58,46,79,35,28,81,46,74,160,B,,,,,,,,,,,,,,,,,,,,,,,,,,,,,,,,,,,,,,,,,,,,,,,,,,,,,,,,,,,,,,,,,,,,,,,,,,,,,,4.0,,,
416,2026,ATP Masters 1000 Rome,1000,2026-05-06T00:00:00,2026-05-17T00:00:00,Clay,96,8235540,€,MS070,Round of 128,02:11:49,"Game Set and Match Andrea Pellegrino. 
 Andrea Pellegrino wins the match  4-6  6-3  6-3 .",F,3,PH64,A. Pellegrino,L. Nardi,PH64,N0BG,ITA,ITA,,,"Game Set and Match Andrea Pellegrino. 
 Andrea Pellegrino wins the match  4-6  6-3  6-3 .",A. Pellegrino,L. Nardi,,,ITA,ITA,4-6,6-3,6-3,,,02:11:49,229,/en/stats/leaderboard?page=serve,1,0,50,15,30,53,8,15,67,10,15,33,1,3,5,266,/en/stats/leaderboard?page=serve,1,2,62,18,29,78,14,18,45,5,11,50,1,2,5,147,/en/stats/leaderboard?page=return,22,4,18,55,6,11,50,1,2,5,187,/en/stats/leaderboard?page=return,47,7,15,33,5,15,67,2,3,5,60,18,30,34,10,29,47,28,59,66,19,29,40,12,30,53,31,59,289.0,/en/stats/leaderboard?page=serve,1.0,0.0,62.0,18.0,29.0,83.0,15.0,18.0,45.0,5.0,11.0,0.0,0.0,0.0,5.0,259.0,/en/stats/leaderboard?page=serve,0.0,0.0,59.0,13.0,22.0,69.0,9.0,13.0,56.0,5.0,9.0,67.0,2.0,3.0,4.0,133.0,/en/stats/leaderboard?page=return,31.0,4.0,13.0,44.0,4.0,9.0,33.0,1.0,3.0,4.0,72.0,/en/stats/leaderboard?page=return,17.0,3.0,18.0,55.0,6.0,11.0,0.0,0.0,0.0,5.0,69.0,20.0,29.0,36.0,8.0,22.0,55.0,28.0,51.0,64.0,14.0,22.0,31.0,9.0,29.0,45.0,23.0,51.0,267,/en/stats/leaderboard?page=serve,2,0,54,49,90,71,35,49,59,24,41,50,2,4,14,250,/en/stats/leaderboard?page=serve,1,2,64,58,90,64,37,58,50,16,32,64,7,11,14,66,59,90,41,37,90,53,96,180,59,53,90,34,31,90,47,84,180,A,287.0,/en/stats/leaderboard?page=serve,0.0,0.0,52.0,16.0,31.0,75.0,12.0,16.0,60.0,9.0,15.0,100.0,1.0,1.0,4.0,231.0,/en/stats/leaderboard?page=serve,0.0,0.0,69.0,27.0,39.0,52.0,14.0,27.0,50.0,6.0,12.0,67.0,4.0,6.0,5.0,171.0,/en/stats/leaderboard?page=return,48.0,13.0,27.0,50.0,6.0,12.0,33.0,2.0,6.0,5.0,65.0,/en/stats/leaderboard?page=return,25.0,4.0,16.0,40.0,6.0,15.0,0.0,0.0,1.0,4.0,68.0,21.0,31.0,49.0,19.0,39.0,57.0,40.0,70.0,51.0,20.0,39.0,32.0,10.0,31.0,43.0,30.0,70.0,,,,,
416,2026,ATP Masters 1000 Rome,1000,2026-05-06T00:00:00,2026-05-17T00:00:00,Clay,96,8235540,€,MS073,Round of 128,01:24:19,"Game Set and Match Miomir Kecmanovic. 
 Miomir Kecmanovic wins the match  6-2  6-3 .",F,3,KI95,D. Svrcina,M. Kecmanovic,S0GD,KI95,CZE,SRB,,,"Game Set and Match Miomir Kecmanovic. 
 Miomir Kecmanovic wins the match  6-2  6-3 .",M. Kecmanovic,D. Svrcina,,,SRB,CZE,2-6,3-6,,,,01:24:19,201,/en/stats/leaderboard?page=serve,0,0,54,14,26,64,9,14,33,4,12,67,4,6,4,135,/en/stats/leaderboard?page=serve,3,0,67,24,36,38,9,24,33,4,12,64,7,11,4,266,/en/stats/leaderboard?page=return,63,15,24,67,8,12,36,4,11,4,186,/en/stats/leaderboard?page=return,36,5,14,67,8,12,33,2,6,4,50,13,26,64,23,36,58,36,62,36,13,36,50,13,26,42,26,62,294.0,/en/stats/leaderboard?page=serve,0.0,0.0,61.0,14.0,23.0,86.0,12.0,14.0,67.0,6.0,9.0,50.0,1.0,2.0,5.0,213.0,/en/stats/leaderboard?page=serve,2.0,0.0,77.0,20.0,26.0,55.0,11.0,20.0,33.0,2.0,6.0,0.0,0.0,2.0,4.0,262.0,/en/stats/leaderboard?page=return,45.0,9.0,20.0,67.0,4.0,6.0,100.0,2.0,2.0,4.0,117.0,/en/stats/leaderboard?page=return,14.0,2.0,14.0,33.0,3.0,9.0,50.0,1.0,2.0,5.0,78.0,18.0,23.0,50.0,13.0,26.0,63.0,31.0,49.0,50.0,13.0,26.0,22.0,5.0,23.0,37.0,18.0,49.0,246,/en/stats/leaderboard?page=serve,0,0,57,28,49,75,21,28,48,10,21,63,5,8,9,169,/en/stats/leaderboard?page=serve,5,0,71,44,62,45,20,44,33,6,18,54,7,13,8,63,31,49,58,36,62,60,67,111,42,26,62,37,18,49,40,44,111,B,,,,,,,,,,,,,,,,,,,,,,,,,,,,,,,,,,,,,,,,,,,,,,,,,,,,,,,,,,,,,,,,,,,,,,,,,,,,,,,,,
