event_id,event_year,tourney_name,level,start_date,end_date,surface,singles_draw_size,prize_money,prize_money_currency,match_id,round,match_time_total,match_message,match_status,num_sets,winner_flag_raw,player_a,player_b,player_a_id,player_b_id,country_a,country_b,seed_a,seed_b,score_string,winner_player_name,loser_player_name,winner_seed,loser_seed,winner_country,loser_country,set1_score,set2_score,set3_score,set4_score,set5_score,match_date,serverating_set1_loser,serveratinglink_set1_loser,doublefaults_set1_loser,aces_set1_loser,firstserve_percent_set1_loser,firstserve_dividend_set1_loser,firstserve_divisor_set1_loser,firstservepointswon_percent_set1_loser,firstservepointswon_dividend_set1_loser,firstservepointswon_divisor_set1_loser,secondservepointswon_percent_set1_loser,secondservepointswon_dividend_set1_loser,secondservepointswon_divisor_set1_loser,breakpointssaved_percent_set1_loser,breakpointssaved_dividend_set1_loser,breakpointssaved_divisor_set1_loser,servicegamesplayed_set1_loser,serverating_set1_winner,serveratinglink_set1_winner,doublefaults_set1_winner,aces_set1_winner,firstserve_percent_set1_winner,firstserve_dividend_set1_winner,firstserve_divisor_set1_winner,firstservepointswon_percent_set1_winner,firstservepointswon_dividend_set1_winner,firstservepointswon_divisor_set1_winner,secondservepointswon_percent_set1_winner,secondservepointswon_dividend_set1_winner,secondservepointswon_divisor_set1_winner,breakpointssaved_percent_set1_winner,breakpointssaved_dividend_set1_winner,breakpointssaved_divisor_set1_winner,servicegamesplayed_set1_winner,returnrating_set1_loser,returnratinglink_set1_loser,firstservereturnpointswon_percent_set1_loser,firstservereturnpointswon_dividend_set1_loser,firstservereturnpointswon_divisor_set1_loser,secondservereturnpointswon_percent_set1_loser,secondservereturnpointswon_dividend_set1_loser,secondservereturnpointswon_divisor_set1_loser,breakpointsconverted_percent_set1_loser,breakpointsconverted_dividend_set1_loser,breakpointsconverted_divisor_set1_loser,returngamesplayed_set1_loser,returnrating_set1_winner,returnratinglink_set1_winner,firstservereturnpointswon_percent_set1_winner,firstservereturnpointswon_dividend_set1_winner,firstservereturnpointswon_divisor_set1_winner,secondservereturnpointswon_percent_set1_winner,secondservereturnpointswon_dividend_set1_winner,secondservereturnpointswon_divisor_set1_winner,breakpointsconverted_percent_set1_winner,breakpointsconverted_dividend_set1_winner,breakpointsconverted_divisor_set1_winner,returngamesplayed_set1_winner,totalservicepointswon_percent_set1_loser,totalservicepointswon_dividend_set1_loser,totalservicepointswon_divisor_set1_loser,totalreturnpointswon_percent_set1_loser,totalreturnpointswon_dividend_set1_loser,totalreturnpointswon_divisor_set1_loser,totalpointswon_percent_set1_loser,totalpointswon_dividend_set1_loser,totalpointswon_divisor_set1_loser,totalservicepointswon_percent_set1_winner,totalservicepointswon_dividend_set1_winner,totalservicepointswon_divisor_set1_winner,totalreturnpointswon_percent_set1_winner,totalreturnpointswon_dividend_set1_winner,totalreturnpointswon_divisor_set1_winner,totalpointswon_percent_set1_winner,totalpointswon_dividend_set1_winner,totalpointswon_divisor_set1_winner,serverating_set2_loser,serveratinglink_set2_loser,doublefaults_set2_loser,aces_set2_loser,firstserve_percent_set2_loser,firstserve_dividend_set2_loser,firstserve_divisor_set2_loser,firstservepointswon_percent_set2_loser,firstservepointswon_dividend_set2_loser,firstservepointswon_divisor_set2_loser,secondservepointswon_percent_set2_loser,secondservepointswon_dividend_set2_loser,secondservepointswon_divisor_set2_loser,breakpointssaved_percent_set2_loser,breakpointssaved_dividend_set2_loser,breakpointssaved_divisor_set2_loser,servicegamesplayed_set2_loser,serverating_set2_winner,serveratinglink_set2_winner,doublefaults_set2_winner,aces_set2_winner,firstserve_percent_set2_winner,firstserve_dividend_set2_winner,firstserve_divisor_set2_winner,firstservepointswon_percent_set2_winner,firstservepointswon_dividend_set2_winner,firstservepointswon_divisor_set2_winner,secondservepointswon_percent_set2_winner,secondservepointswon_dividend_set2_winner,secondservepointswon_divisor_set2_winner,breakpointssaved_percent_set2_winner,breakpointssaved_dividend_set2_winner,breakpointssaved_divisor_set2_winner,servicegamesplayed_set2_winner,returnrating_set2_loser,returnratinglink_set2_loser,firstservereturnpointswon_percent_set2_loser,firstservereturnpointswon_dividend_set2_loser,firstservereturnpointswon_divisor_set2_loser,secondservereturnpointswon_percent_set2_loser,secondservereturnpointswon_dividend_set2_loser,secondservereturnpointswon_divisor_set2_loser,breakpointsconverted_percent_set2_loser,breakpointsconverted_dividend_set2_loser,breakpointsconverted_divisor_set2_loser,returngamesplayed_set2_loser,returnrating_set2_winner,returnratinglink_set2_winner,firstservereturnpointswon_percent_set2_winner,firstservereturnpointswon_dividend_set2_winner,firstservereturnpointswon_divisor_set2_winner,secondservereturnpointswon_percent_set2_winner,secondservereturnpointswon_dividend_set2_winner,secondservereturnpointswon_divisor_set2_winner,breakpointsconverted_percent_set2_winner,breakpointsconverted_dividend_set2_winner,breakpointsconverted_divisor_set2_winner,returngamesplayed_set2_winner,totalservicepointswon_percent_set2_loser,totalservicepointswon_dividend_set2_loser,totalservicepointswon_divisor_set2_loser,totalreturnpointswon_percent_set2_loser,totalreturnpointswon_dividend_set2_loser,totalreturnpointswon_divisor_set2_loser,totalpointswon_percent_set2_loser,totalpointswon_dividend_set2_loser,totalpointswon_divisor_set2_loser,totalservicepointswon_percent_set2_winner,totalservicepointswon_dividend_set2_winner,totalservicepointswon_divisor_set2_winner,totalreturnpointswon_percent_set2_winner,totalreturnpointswon_dividend_set2_winner,totalreturnpointswon_divisor_set2_winner,totalpointswon_percent_set2_winner,totalpointswon_dividend_set2_winner,totalpointswon_divisor_set2_winner,serverating_tot_loser,serveratinglink_tot_loser,doublefaults_tot_loser,aces_tot_loser,firstserve_percent_tot_loser,firstserve_dividend_tot_loser,firstserve_divisor_tot_loser,firstservepointswon_percent_tot_loser,firstservepointswon_dividend_tot_loser,firstservepointswon_divisor_tot_loser,secondservepointswon_percent_tot_loser,secondservepointswon_dividend_tot_loser,secondservepointswon_divisor_tot_loser,breakpointssaved_percent_tot_loser,breakpointssaved_dividend_tot_loser,breakpointssaved_divisor_tot_loser,servicegamesplayed_tot_loser,serverating_tot_winner,serveratinglink_tot_winner,doublefaults_tot_winner,aces_tot_winner,firstserve_percent_tot_winner,firstserve_dividend_tot_winner,firstserve_divisor_tot_winner,firstservepointswon_percent_tot_winner,firstservepointswon_dividend_tot_winner,firstservepointswon_divisor_tot_winner,secondservepointswon_percent_tot_winner,secondservepointswon_dividend_tot_winner,secondservepointswon_divisor_tot_winner,breakpointssaved_percent_tot_winner,breakpointssaved_dividend_tot_winner,breakpointssaved_divisor_tot_winner,servicegamesplayed_tot_winner,totalservicepointswon_percent_tot_loser,totalservicepointswon_dividend_tot_loser,totalservicepointswon_divisor_tot_loser,totalreturnpointswon_percent_tot_loser,totalreturnpointswon_dividend_tot_loser,totalreturnpointswon_divisor_tot_loser,totalpointswon_percent_tot_loser,totalpointswon_dividend_tot_loser,totalpointswon_divisor_tot_loser,totalservicepointswon_percent_tot_winner,totalservicepointswon_dividend_tot_winner,totalservicepointswon_divisor_tot_winner,totalreturnpointswon_percent_tot_winner,totalreturnpointswon_dividend_tot_winner,totalreturnpointswon_divisor_tot_winner,totalpointswon_percent_tot_winner,totalpointswon_dividend_tot_winner,totalpointswon_divisor_tot_winner,winner_flag,tiebreak_set2_loser,tiebreak_set1_loser,tiebreak_set1_winner,serverating_set3_loser,serveratinglink_set3_loser,doublefaults_set3_loser,aces_set3_loser,firstserve_percent_set3_loser,firstserve_dividend_set3_loser,firstserve_divisor_set3_loser,firstservepointswon_percent_set3_loser,firstservepointswon_dividend_set3_loser,firstservepointswon_divisor_set3_loser,secondservepointswon_percent_set3_loser,secondservepointswon_dividend_set3_loser,secondservepointswon_divisor_set3_loser,breakpointssaved_percent_set3_loser,breakpointssaved_dividend_set3_loser,breakpointssaved_divisor_set3_loser,servicegamesplayed_set3_loser,serverating_set3_winner,serveratinglink_set3_winner,doublefaults_set3_winner,aces_set3_winner,firstserve_percent_set3_winner,firstserve_dividend_set3_winner,firstserve_divisor_set3_winner,firstservepointswon_percent_set3_winner,firstservepointswon_dividend_set3_winner,firstservepointswon_divisor_set3_winner,secondservepointswon_percent_set3_winner,secondservepointswon_dividend_set3_winner,secondservepointswon_divisor_set3_winner,breakpointssaved_percent_set3_winner,breakpointssaved_dividend_set3_winner,breakpointssaved_divisor_set3_winner,servicegamesplayed_set3_winner,returnrating_set3_loser,returnratinglink_set3_loser,firstservereturnpointswon_percent_set3_loser,firstservereturnpointswon_dividend_set3_loser,firstservereturnpointswon_divisor_set3_loser,secondservereturnpointswon_percent_set3_loser,secondservereturnpointswon_dividend_set3_loser,secondservereturnpointswon_divisor_set3_loser,breakpointsconverted_percent_set3_loser,breakpointsconverted_dividend_set3_loser,breakpointsconverted_divisor_set3_loser,returngamesplayed_set3_loser,returnrating_set3_winner,returnratinglink_set3_winner,firstservereturnpointswon_percent_set3_winner,firstservereturnpointswon_dividend_set3_winner,firstservereturnpointswon_divisor_set3_winner,secondservereturnpointswon_percent_set3_winner,secondservereturnpointswon_dividend_set3_winner,secondservereturnpointswon_divisor_set3_winner,breakpointsconverted_percent_set3_winner,breakpointsconverted_dividend_set3_winner,breakpointsconverted_divisor_set3_winner,returngamesplayed_set3_winner,totalservicepointswon_percent_set3_loser,totalservicepointswon_dividend_set3_loser,totalservicepointswon_divisor_set3_loser,totalreturnpointswon_percent_set3_loser,totalreturnpointswon_dividend_set3_loser,totalreturnpointswon_divisor_set3_loser,totalpointswon_percent_set3_loser,totalpointswon_dividend_set3_loser,totalpointswon_divisor_set3_loser,totalservicepointswon_percent_set3_winner,totalservicepointswon_dividend_set3_winner,totalservicepointswon_divisor_set3_winner,totalreturnpointswon_percent_set3_winner,totalreturnpointswon_dividend_set3_winner,totalreturnpointswon_divisor_set3_winner,totalpointswon_percent_set3_winner,totalpointswon_dividend_set3_winner,totalpointswon_divisor_set3_winner,tiebreak_set3_loser,tiebreak_set2_winner
403,2026,ATP Masters 1000 Miami,1000,2026-03-18T00:00:00,2026-03-29T00:00:00,Hard,96,9415725,$,MS001,Final,01:33:41,"Game Set and Match Jannik Sinner. 
 Jannik Sinner wins the match  6-4  6-4 .",F,3,S0AG,J. Lehecka,J. Sinner,L0BV,S0AG,CZE,ITA,21,2,"Game Set and Match Jannik Sinner. 
 Jannik Sinner wins the match  6-4  6-4 .",J. Sinner,J. Lehecka,2,21,ITA,CZE,4-6,4-6,,,,01:33:41,265,/en/stats/leaderboard?page=serve,0,3,65,28,43,64,18,28,53,8,15,80,4,5,5,308,/en/stats/leaderboard?page=serve,1,5,59,16,27,100,16,16,45,5,11,100,3,3,5,55,/en/stats/leaderboard?page=return,0,0,16,55,6,11,0,0,3,5,123,/en/stats/leaderboard?page=return,36,10,28,47,7,15,20,1,5,5,60,26,43,22,6,27,46,32,70,78,21,27,40,17,43,54,38,70,252,/en/stats/leaderboard?page=serve,0,2,71,24,34,79,19,24,20,2,10,83,5,6,5,311,/en/stats/leaderboard?page=serve,0,5,71,20,28,85,17,20,50,4,8,0,0,0,5,65,/en/stats/leaderboard?page=return,15,3,20,50,4,8,0,0,0,5,138,/en/stats/leaderboard?page=return,21,5,24,80,8,10,17,1,6,5,62,21,34,25,7,28,45,28,62,75,21,28,38,13,34,55,34,62,264,/en/stats/leaderboard?page=serve,0,5,68,52,77,71,37,52,40,10,25,82,9,11,10,313,/en/stats/leaderboard?page=serve,1,10,65,36,55,92,33,36,47,9,19,100,3,3,10,61,47,77,24,13,55,45,60,132,76,42,55,39,30,77,55,72,132,B,,,,,,,,,,,,,,,,,,,,,,,,,,,,,,,,,,,,,,,,,,,,,,,,,,,,,,,,,,,,,,,,,,,,,,,,,,,,,,,,,
403,2026,ATP Masters 1000 Miami,1000,2026-03-18T00:00:00,2026-03-29T00:00:00,Hard,96,9415725,$,MS002,Semifinals,01:15:03,"Game Set and Match Jiri Lehecka. 
 Jiri Lehecka wins the match  6-2  6-2 .",F,3,L0BV,J. Lehecka,A. Fils,L0BV,F0F1,CZE,FRA,21,28,"Game Set and Match Jiri Lehecka. 
 Jiri Lehecka wins the match  6-2  6-2 .",J. Lehecka,A. Fils,21,28,CZE,FRA,6-2,6-2,,,,01:15:03,211,/en/stats/leaderboard?page=serve,1,3,77,20,26,65,13,20,17,1,6,50,2,4,4,316,/en/stats/leaderboard?page=serve,0,3,79,19,24,74,14,19,60,3,5,0,0,0,4,66,/en/stats/leaderboard?page=return,26,5,19,40,2,5,0,0,0,4,218,/en/stats/leaderboard?page=return,35,7,20,83,5,6,50,2,4,4,54,14,26,29,7,24,42,21,50,71,17,24,46,12,26,58,29,50,204,/en/stats/leaderboard?page=serve,2,1,58,21,36,57,12,21,40,6,15,67,4,6,4,306,/en/stats/leaderboard?page=serve,0,3,67,14,21,93,13,14,43,3,7,0,0,0,4,64,/en/stats/leaderboard?page=return,7,1,14,57,4,7,0,0,0,4,186,/en/stats/leaderboard?page=return,43,9,21,60,9,15,33,2,6,4,50,18,36,24,5,21,40,23,57,76,16,21,50,18,36,60,34,57,211,/en/stats/leaderboard?page=serve,3,4,66,41,62,61,25,41,33,7,21,60,6,10,8,311,/en/stats/leaderboard?page=serve,0,6,73,33,45,82,27,33,50,6,12,0,0,0,8,52,32,62,27,12,45,41,44,107,73,33,45,48,30,62,59,63,107,A,,,,,,,,,,,,,,,,,,,,,,,,,,,,,,,,,,,,,,,,,,,,,,,,,,,,,,,,,,,,,,,,,,,,,,,,,,,,,,,,,
403,2026,ATP Masters 1000 Miami,1000,2026-03-18T00:00:00,2026-03-29T00:00:00,Hard,96,9415725,$,MS003,Semifinals,01:53:13,"Game Set and Match Jannik Sinner. 
 Jannik Sinner wins the match  6-3  7-6(4).",F,3,S0AG,A. Zverev,J. Sinner,Z355,S0AG,GER,ITA,3,2,"Game Set and Match Jannik Sinner. 
 Jannik Sinner wins the match  6-3  7-6(4).",J. Sinner,A. Zverev,2,3,ITA,GER,3-6,6-7(4),,,,01:53:13,273,/en/stats/leaderboard?page=serve,0,0,84,16,19,81,13,16,33,1,3,0,0,1,4,303,/en/stats/leaderboard?page=serve,0,7,81,29,36,72,21,29,43,3,7,100,1,1,5,85,/en/stats/leaderboard?page=return,28,8,29,57,4,7,0,0,1,5,211,/en/stats/leaderboard?page=return,19,3,16,67,2,3,100,1,1,4,74,14,19,33,12,36,47,26,55,67,24,36,26,5,19,53,29,55,315,/en/stats/leaderboard?page=serve,1,5,66,29,44,72,21,29,73,11,15,100,3,3,6,316,/en/stats/leaderboard?page=serve,0,8,68,28,41,86,24,28,54,7,13,100,1,1,6,60,/en/stats/leaderboard?page=return,14,4,28,46,6,13,0,0,1,6,55,/en/stats/leaderboard?page=return,28,8,29,27,4,15,0,0,3,6,73,32,44,24,10,41,49,42,85,76,31,41,27,12,44,51,43,85,308,/en/stats/leaderboard?page=serve,1,5,71,45,63,76,34,45,67,12,18,75,3,4,10,318,/en/stats/leaderboard?page=serve,0,15,74,57,77,79,45,57,50,10,20,100,2,2,11,73,46,63,29,22,77,49,68,140,71,55,77,27,17,63,51,72,140,B,4.0,,,,,,,,,,,,,,,,,,,,,,,,,,,,,,,,,,,,,,,,,,,,,,,,,,,,,,,,,,,,,,,,,,,,,,,,,,,,,,,,
403,2026,ATP Masters 1000 Miami,1000,2026-03-18T00:00:00,2026-03-29T00:00:00,Hard,96,9415725,$,MS004,Quarterfinals,02:02:31,"Game Set and Match Jiri Lehecka. 
 Jiri Lehecka wins the match  7-6(1) 7-5 .",F,3,L0BV,M. Landaluce,J. Lehecka,L0IL,L0BV,ESP,CZE,,21,"Game Set and Match Jiri Lehecka. 
 Jiri Lehecka wins the match  7-6(1) 7-5 .",J. Lehecka,M. Landaluce,21,,CZE,ESP,6-7(1),5-7,,,,02:02:31,277,/en/stats/leaderboard?page=serve,2,2,51,25,49,68,17,25,58,14,24,100,4,4,6,308,/en/stats/leaderboard?page=serve,1,6,59,22,37,91,20,22,53,8,15,0,0,0,6,56,/en/stats/leaderboard?page=return,9,2,22,47,7,15,0,0,0,6,74,/en/stats/leaderboard?page=return,32,8,25,42,10,24,0,0,4,6,63,31,49,24,9,37,47,40,86,76,28,37,37,18,49,53,46,86,286,/en/stats/leaderboard?page=serve,1,4,74,31,42,71,22,31,55,6,11,83,5,6,6,314,/en/stats/leaderboard?page=serve,1,2,69,25,36,80,20,25,64,7,11,100,1,1,6,56,/en/stats/leaderboard?page=return,20,5,25,36,4,11,0,0,1,6,107,/en/stats/leaderboard?page=return,29,9,31,45,5,11,17,1,6,6,67,28,42,25,9,36,47,37,78,75,27,36,33,14,42,53,41,78,283,/en/stats/leaderboard?page=serve,3,6,62,56,91,70,39,56,57,20,35,90,9,10,12,313,/en/stats/leaderboard?page=serve,2,8,64,47,73,85,40,47,58,15,26,100,1,1,12,65,59,91,25,18,73,47,77,164,75,55,73,35,32,91,53,87,164,B,,1.0,,,,,,,,,,,,,,,,,,,,,,,,,,,,,,,,,,,,,,,,,,,,,,,,,,,,,,,,,,,,,,,,,,,,,,,,,,,,,,,
403,2026,ATP Masters 1000 Miami,1000,2026-03-18T00:00:00,2026-03-29T00:00:00,Hard,96,9415725,$,MS005,Quarterfinals,02:47:20,"Game Set and Match Arthur Fils. 
 Arthur Fils wins the match  6-7(3) 7-6(4) 7-6(6).",F,3,F0F1,T. Paul,A. Fils,PL56,F0F1,USA,FRA,22,28,"Game Set and Match Arthur Fils. 
 Arthur Fils wins the match  6-7(3) 7-6(4) 7-6(6).",A. Fils,T. Paul,28,22,FRA,USA,7-6(3),6-7(4),6-7(6),,,02:47:20,315,/en/stats/leaderboard?page=serve,0,3,57,20,35,95,19,20,60,9,15,0,0,0,6,310,/en/stats/leaderboard?page=serve,0,3,72,26,36,85,22,26,50,5,10,100,2,2,6,65,/en/stats/leaderboard?page=return,15,4,26,50,5,10,0,0,2,6,45,/en/stats/leaderboard?page=return,5,1,20,40,6,15,0,0,0,6,80,28,35,25,9,36,52,37,71,75,27,36,20,7,35,48,34,71,327,/en/stats/leaderboard?page=serve,0,1,65,22,34,86,19,22,75,9,12,0,0,0,6,323,/en/stats/leaderboard?page=serve,0,2,59,22,37,82,18,22,80,12,15,0,0,0,6,38,/en/stats/leaderboard?page=return,18,4,22,20,3,15,0,0,0,6,39,/en/stats/leaderboard?page=return,14,3,22,25,3,12,0,0,0,6,82,28,34,19,7,37,49,35,71,81,30,37,18,6,34,51,36,71,321,/en/stats/leaderboard?page=serve,0,6,63,69,110,84,58,69,68,28,41,100,1,1,18,325,/en/stats/leaderboard?page=serve,2,10,70,83,119,78,65,83,69,25,36,100,6,6,18,78,86,110,24,29,119,50,115,229,76,90,119,22,24,110,50,114,229,B,4.0,,3.0,313.0,/en/stats/leaderboard?page=serve,0.0,2.0,66.0,27.0,41.0,74.0,20.0,27.0,71.0,10.0,14.0,100.0,1.0,1.0,6.0,323.0,/en/stats/leaderboard?page=serve,2.0,5.0,76.0,35.0,46.0,71.0,25.0,35.0,73.0,8.0,11.0,100.0,4.0,4.0,6.0,56.0,/en/stats/leaderboard?page=return,29.0,10.0,35.0,27.0,3.0,11.0,0.0,0.0,4.0,6.0,55.0,/en/stats/leaderboard?page=return,26.0,7.0,27.0,29.0,4.0,14.0,0.0,0.0,1.0,6.0,73.0,30.0,41.0,28.0,13.0,46.0,49.0,43.0,87.0,72.0,33.0,46.0,27.0,11.0,41.0,51.0,44.0,87.0,6.0,
403,2026,ATP Masters 1000 Miami,1000,2026-03-18T00:00:00,2026-03-29T00:00:00,Hard,96,9415725,$,MS006,Quarterfinals,01:05:49,"Game Set and Match Alexander Zverev. 
 Alexander Zverev wins the match  6-1  6-2 .",F,3,Z355,F. Cerundolo,A. Zverev,C0AU,Z355,ARG,GER,18,3,"Game Set and Match Alexander Zverev. 
 Alexander Zverev wins the match  6-1  6-2 .",A. Zverev,F. Cerundolo,3,18,GER,ARG,1-6,2-6,,,,01:05:49,178,/en/stats/leaderboard?page=serve,0,0,63,15,24,60,9,15,22,2,9,50,2,4,3,334,/en/stats/leaderboard?page=serve,1,1,71,15,21,80,12,15,83,5,6,0,0,0,4,37,/en/stats/leaderboard?page=return,20,3,15,17,1,6,0,0,0,4,234,/en/stats/leaderboard?page=return,40,6,15,78,7,9,50,2,4,3,46,11,24,19,4,21,33,15,45,81,17,21,54,13,24,67,30,45,220,/en/stats/leaderboard?page=serve,0,2,50,11,22,73,8,11,45,5,11,33,1,3,4,322,/en/stats/leaderboard?page=serve,0,3,81,17,21,88,15,17,50,2,4,0,0,0,4,62,/en/stats/leaderboard?page=return,12,2,17,50,2,4,0,0,0,4,199,/en/stats/leaderboard?page=return,27,3,11,55,6,11,67,2,3,4,59,13,22,19,4,21,40,17,43,81,17,21,41,9,22,60,26,43,201,/en/stats/leaderboard?page=serve,0,2,57,26,46,65,17,26,35,7,20,43,3,7,7,333,/en/stats/leaderboard?page=serve,1,4,76,32,42,84,27,32,70,7,10,0,0,0,8,52,24,46,19,8,42,36,32,88,81,34,42,48,22,46,64,56,88,B,,,,,,,,,,,,,,,,,,,,,,,,,,,,,,,,,,,,,,,,,,,,,,,,,,,,,,,,,,,,,,,,,,,,,,,,,,,,,,,,,
403,2026,ATP Masters 1000 Miami,1000,2026-03-18T00:00:00,2026-03-29T00:00:00,Hard,96,9415725,$,MS007,Quarterfinals,01:11:01,"Game Set and Match Jannik Sinner. 
 Jannik Sinner wins the match  6-2  6-2 .",F,3,S0AG,F. Tiafoe,J. Sinner,TD51,S0AG,USA,ITA,19,2,"Game Set and Match Jannik Sinner. 
 Jannik Sinner wins the match  6-2  6-2 .",J. Sinner,F. Tiafoe,2,19,ITA,USA,2-6,2-6,,,,01:11:01,217,/en/stats/leaderboard?page=serve,0,3,64,16,25,56,9,16,44,4,9,0,0,2,4,322,/en/stats/leaderboard?page=serve,1,8,60,12,20,92,11,12,63,5,8,0,0,0,4,46,/en/stats/leaderboard?page=return,8,1,12,38,3,8,0,0,0,4,250,/en/stats/leaderboard?page=return,44,7,16,56,5,9,100,2,2,4,52,13,25,20,4,20,38,17,45,80,16,20,48,12,25,62,28,45,209,/en/stats/leaderboard?page=serve,1,1,71,20,28,50,10,20,38,3,8,60,3,5,4,342,/en/stats/leaderboard?page=serve,0,6,78,18,23,78,14,18,80,4,5,0,0,0,4,42,/en/stats/leaderboard?page=return,22,4,18,20,1,5,0,0,0,4,203,/en/stats/leaderboard?page=return,50,10,20,63,5,8,40,2,5,4,46,13,28,22,5,23,35,18,51,78,18,23,54,15,28,65,33,51,215,/en/stats/leaderboard?page=serve,1,4,68,36,53,53,19,36,41,7,17,43,3,7,8,335,/en/stats/leaderboard?page=serve,1,14,70,30,43,83,25,30,69,9,13,0,0,0,8,49,26,53,21,9,43,36,35,96,79,34,43,51,27,53,64,61,96,B,,,,,,,,,,,,,,,,,,,,,,,,,,,,,,,,,,,,,,,,,,,,,,,,,,,,,,,,,,,,,,,,,,,,,,,,,,,,,,,,,
403,2026,ATP Masters 1000 Miami,1000,2026-03-18T00:00:00,2026-03-29T00:00:00,Hard,96,9415725,$,MS008,Round of 16,02:27:00,"Game Set and Match Martin Landaluce. 
 Martin Landaluce wins the match  2-6  7-6(6) 6-4 .",F,3,L0IL,S. Korda,M. Landaluce,K0AH,L0IL,USA,ESP,32,,"Game Set and Match Martin Landaluce. 
 Martin Landaluce wins the match  2-6  7-6(6) 6-4 .",M. Landaluce,S. Korda,,32,ESP,USA,6-2,6-7(6),4-6,,,02:27:00,317,/en/stats/leaderboard?page=serve,2,5,71,15,21,93,14,15,50,3,6,0,0,0,4,214,/en/stats/leaderboard?page=serve,1,0,71,17,24,65,11,17,29,2,7,33,1,3,4,223,/en/stats/leaderboard?page=return,35,6,17,71,5,7,67,2,3,4,57,/en/stats/leaderboard?page=return,7,1,15,50,3,6,0,0,0,4,81,17,21,46,11,24,62,28,45,54,13,24,19,4,21,38,17,45,290,/en/stats/leaderboard?page=serve,1,5,55,23,42,78,18,23,53,10,19,0,0,0,6,301,/en/stats/leaderboard?page=serve,3,2,68,25,37,92,23,25,42,5,12,0,0,0,6,66,/en/stats/leaderboard?page=return,8,2,25,58,7,12,0,0,0,6,69,/en/stats/leaderboard?page=return,22,5,23,47,9,19,0,0,0,6,67,28,42,24,9,37,47,37,79,76,28,37,33,14,42,53,42,79,282,/en/stats/leaderboard?page=serve,4,11,59,52,88,83,43,52,47,17,36,0,0,2,15,260,/en/stats/leaderboard?page=serve,7,4,67,66,99,77,51,66,39,13,33,40,2,5,15,68,60,88,35,35,99,51,95,187,65,64,99,32,28,88,49,92,187,B,6.0,,,231.0,/en/stats/leaderboard?page=serve,1.0,1.0,56.0,14.0,25.0,79.0,11.0,14.0,36.0,4.0,11.0,0.0,0.0,2.0,5.0,256.0,/en/stats/leaderboard?page=serve,3.0,2.0,63.0,24.0,38.0,71.0,17.0,24.0,43.0,6.0,14.0,50.0,1.0,2.0,5.0,156.0,/en/stats/leaderboard?page=return,29.0,7.0,24.0,57.0,8.0,14.0,50.0,1.0,2.0,5.0,225.0,/en/stats/leaderboard?page=return,21.0,3.0,14.0,64.0,7.0,11.0,100.0,2.0,2.0,5.0,60.0,15.0,25.0,39.0,15.0,38.0,48.0,30.0,63.0,61.0,23.0,38.0,40.0,10.0,25.0,52.0,33.0,63.0,,
403,2026,ATP Masters 1000 Miami,1000,2026-03-18T00:00:00,2026-03-29T00:00:00,Hard,96,9415725,$,MS009,Round of 16,02:25:20,"Game Set and Match Jiri Lehecka. 
 Jiri Lehecka wins the match  6-4 6-7(4) 6-2 .",F,3,L0BV,J. Lehecka,T. Fritz,L0BV,FB98,CZE,USA,21,6,"Game Set and Match Jiri Lehecka. 
 Jiri Lehecka wins the match  6-4 6-7(4) 6-2 .",J. Lehecka,T. Fritz,21,6,CZE,USA,6-4,6-7(4),6-2,,,02:25:20,292,/en/stats/leaderboard?page=serve,0,3,68,19,28,74,14,19,67,6,9,75,3,4,5,313,/en/stats/leaderboard?page=serve,0,1,71,24,34,71,17,24,70,7,10,100,4,4,5,59,/en/stats/leaderboard?page=return,29,7,24,30,3,10,0,0,4,5,104,/en/stats/leaderboard?page=return,26,5,19,33,3,9,25,1,4,5,71,20,28,29,10,34,48,30,62,71,24,34,29,8,28,52,32,62,344,/en/stats/leaderboard?page=serve,0,3,71,25,35,80,20,25,90,9,10,0,0,0,6,292,/en/stats/leaderboard?page=serve,0,2,62,29,47,72,21,29,56,10,18,100,1,1,6,72,/en/stats/leaderboard?page=return,28,8,29,44,8,18,0,0,1,6,30,/en/stats/leaderboard?page=return,20,5,25,10,1,10,0,0,0,6,83,29,35,34,16,47,55,45,82,66,31,47,17,6,35,45,37,82,285,/en/stats/leaderboard?page=serve,2,8,66,65,98,72,47,65,61,20,33,70,7,10,15,311,/en/stats/leaderboard?page=serve,0,10,67,68,102,75,51,68,59,20,34,100,5,5,15,68,67,98,30,31,102,49,98,200,70,71,102,32,31,98,51,102,200,A,,,,208.0,/en/stats/leaderboard?page=serve,2.0,2.0,60.0,21.0,35.0,62.0,13.0,21.0,36.0,5.0,14.0,67.0,4.0,6.0,4.0,315.0,/en/stats/leaderboard?page=serve,0.0,7.0,71.0,15.0,21.0,87.0,13.0,15.0,50.0,3.0,6.0,0.0,0.0,0.0,4.0,63.0,/en/stats/leaderboard?page=return,13.0,2.0,15.0,50.0,3.0,6.0,0.0,0.0,0.0,4.0,185.0,/en/stats/leaderboard?page=return,38.0,8.0,21.0,64.0,9.0,14.0,33.0,2.0,6.0,4.0,51.0,18.0,35.0,24.0,5.0,21.0,41.0,23.0,56.0,76.0,16.0,21.0,49.0,17.0,35.0,59.0,33.0,56.0,,4.0
403,2026,ATP Masters 1000 Miami,1000,2026-03-18T00:00:00,2026-03-29T00:00:00,Hard,96,9415725,$,MS010,Round of 16,01:14:16,"Game Set and Match Tommy Paul. 
 Tommy Paul wins the match  6-1  6-3 .",F,3,PL56,T. Etcheverry,T. Paul,EA24,PL56,ARG,USA,29,22,"Game Set and Match Tommy Paul. 
 Tommy Paul wins the match  6-1  6-3 .",T. Paul,T. Etcheverry,22,29,USA,ARG,1-6,3-6,,,,01:14:16,194,/en/stats/leaderboard?page=serve,1,2,70,14,20,57,8,14,33,2,6,33,1,3,3,328,/en/stats/leaderboard?page=serve,0,2,63,12,19,92,11,12,71,5,7,0,0,0,4,37,/en/stats/leaderboard?page=return,8,1,12,29,2,7,0,0,0,4,243,/en/stats/leaderboard?page=return,43,6,14,67,4,6,67,2,3,3,50,10,20,16,3,19,33,13,39,84,16,19,50,10,20,67,26,39,238,/en/stats/leaderboard?page=serve,0,6,59,17,29,71,12,17,42,5,12,0,0,2,5,325,/en/stats/leaderboard?page=serve,0,2,73,19,26,79,15,19,71,5,7,100,1,1,4,50,/en/stats/leaderboard?page=return,21,4,19,29,2,7,0,0,1,4,227,/en/stats/leaderboard?page=return,29,5,17,58,7,12,100,2,2,5,59,17,29,23,6,26,42,23,55,77,20,26,41,12,29,58,32,55,224,/en/stats/leaderboard?page=serve,1,8,63,31,49,65,20,31,39,7,18,20,1,5,8,328,/en/stats/leaderboard?page=serve,0,4,69,31,45,84,26,31,71,10,14,100,1,1,8,55,27,49,20,9,45,38,36,94,80,36,45,45,22,49,62,58,94,B,,,,,,,,,,,,,,,,,,,,,,,,,,,,,,,,,,,,,,,,,,,,,,,,,,,,,,,,,,,,,,,,,,,,,,,,,,,,,,,,,
403,2026,ATP Masters 1000 Miami,1000,2026-03-18T00:00:00,2026-03-29T00:00:00,Hard,96,9415725,$,MS011,Round of 16,02:13:12,"Game Set and Match Arthur Fils. 
 Arthur Fils wins the match  6-4 6-7(4) 6-4 .",F,3,F0F1,V. Vacherot,A. Fils,VA25,F0F1,MON,FRA,24,28,"Game Set and Match Arthur Fils. 
 Arthur Fils wins the match  6-4 6-7(4) 6-4 .",A. Fils,V. Vacherot,28,24,FRA,MON,4-6,7-6(4),4-6,,,02:13:12,274,/en/stats/leaderboard?page=serve,2,4,50,12,24,100,12,12,42,5,12,0,0,1,5,302,/en/stats/leaderboard?page=serve,0,3,69,24,35,75,18,24,55,6,11,100,3,3,5,70,/en/stats/leaderboard?page=return,25,6,24,45,5,11,0,0,3,5,178,/en/stats/leaderboard?page=return,0,0,12,58,7,12,100,1,1,5,71,17,24,31,11,35,47,28,59,69,24,35,29,7,24,53,31,59,305,/en/stats/leaderboard?page=serve,3,7,70,30,43,93,28,30,38,5,13,0,0,0,6,330,/en/stats/leaderboard?page=serve,2,5,66,23,35,78,18,23,83,10,12,0,0,0,6,39,/en/stats/leaderboard?page=return,22,5,23,17,2,12,0,0,0,6,69,/en/stats/leaderboard?page=return,7,2,30,62,8,13,0,0,0,6,77,33,43,20,7,35,51,40,78,80,28,35,23,10,43,49,38,78,298,/en/stats/leaderboard?page=serve,5,19,67,66,99,85,56,66,45,15,33,33,1,3,16,322,/en/stats/leaderboard?page=serve,3,11,64,60,94,82,49,60,68,23,34,100,3,3,16,72,71,99,23,22,94,48,93,193,77,72,94,28,28,99,52,100,193,B,,,,293.0,/en/stats/leaderboard?page=serve,0.0,8.0,75.0,24.0,32.0,67.0,16.0,24.0,63.0,5.0,8.0,50.0,1.0,2.0,5.0,320.0,/en/stats/leaderboard?page=serve,1.0,3.0,54.0,13.0,24.0,100.0,13.0,13.0,64.0,7.0,11.0,0.0,0.0,0.0,5.0,36.0,/en/stats/leaderboard?page=return,0.0,0.0,13.0,36.0,4.0,11.0,0.0,0.0,0.0,5.0,141.0,/en/stats/leaderboard?page=return,33.0,8.0,24.0,38.0,3.0,8.0,50.0,1.0,2.0,5.0,66.0,21.0,32.0,17.0,4.0,24.0,45.0,25.0,56.0,83.0,20.0,24.0,34.0,11.0,32.0,55.0,31.0,56.0,,4.0
403,2026,ATP Masters 1000 Miami,1000,2026-03-18T00:00:00,2026-03-29T00:00:00,Hard,96,9415725,$,MS012,Round of 16,01:16:55,"Game Set and Match Francisco Cerundolo. 
 Francisco Cerundolo wins the match  6-4  6-3 .",F,3,C0AU,U. Humbert,F. Cerundolo,HH26,C0AU,FRA,ARG,31,18,"Game Set and Match Francisco Cerundolo. 
 Francisco Cerundolo wins the match  6-4  6-3 .",F. Cerundolo,U. Humbert,18,31,ARG,FRA,4-6,3-6,,,,01:16:55,274,/en/stats/leaderboard?page=serve,0,2,74,20,27,75,15,20,43,3,7,0,0,1,5,306,/en/stats/leaderboard?page=serve,1,2,67,18,27,94,17,18,44,4,9,100,1,1,5,62,/en/stats/leaderboard?page=return,6,1,18,56,5,9,0,0,1,5,202,/en/stats/leaderboard?page=return,25,5,20,57,4,7,100,1,1,5,67,18,27,22,6,27,44,24,54,78,21,27,33,9,27,56,30,54,222,/en/stats/leaderboard?page=serve,2,0,55,16,29,63,10,16,46,6,13,33,1,3,5,297,/en/stats/leaderboard?page=serve,0,1,71,17,24,82,14,17,43,3,7,100,1,1,4,75,/en/stats/leaderboard?page=return,18,3,17,57,4,7,0,0,1,4,199,/en/stats/leaderboard?page=return,38,6,16,54,7,13,67,2,3,5,55,16,29,29,7,24,43,23,53,71,17,24,45,13,29,57,30,53,248,/en/stats/leaderboard?page=serve,2,2,64,36,56,69,25,36,45,9,20,25,1,4,10,304,/en/stats/leaderboard?page=serve,1,3,69,35,51,89,31,35,44,7,16,100,2,2,9,61,34,56,25,13,51,44,47,107,75,38,51,39,22,56,56,60,107,B,,,,,,,,,,,,,,,,,,,,,,,,,,,,,,,,,,,,,,,,,,,,,,,,,,,,,,,,,,,,,,,,,,,,,,,,,,,,,,,,,
403,2026,ATP Masters 1000 Miami,1000,2026-03-18T00:00:00,2026-03-29T00:00:00,Hard,96,9415725,$,MS013,Round of 16,01:44:41,"Game Set and Match Alexander Zverev. 
 Alexander Zverev wins the match  7-6(4) 7-6(1).",F,3,Z355,Q. Halys,A. Zverev,HB64,Z355,FRA,GER,,3,"Game Set and Match Alexander Zverev. 
 Alexander Zverev wins the match  7-6(4) 7-6(1).",A. Zverev,Q. Halys,3,,GER,FRA,6-7(4),6-7(1),,,,01:44:41,306,/en/stats/leaderboard?page=serve,0,7,71,35,49,71,25,35,57,8,14,100,4,4,6,330,/en/stats/leaderboard?page=serve,1,10,69,25,36,88,22,25,64,7,11,0,0,0,6,48,/en/stats/leaderboard?page=return,12,3,25,36,4,11,0,0,0,6,72,/en/stats/leaderboard?page=return,29,10,35,43,6,14,0,0,4,6,67,33,49,19,7,36,47,40,85,81,29,36,33,16,49,53,45,85,297,/en/stats/leaderboard?page=serve,2,5,68,25,37,76,19,25,50,6,12,100,2,2,6,298,/en/stats/leaderboard?page=serve,0,6,60,24,40,88,21,24,44,7,16,0,0,0,6,69,/en/stats/leaderboard?page=return,13,3,24,56,9,16,0,0,0,6,74,/en/stats/leaderboard?page=return,24,6,25,50,6,12,0,0,2,6,68,25,37,30,12,40,48,37,77,70,28,40,32,12,37,52,40,77,307,/en/stats/leaderboard?page=serve,2,12,70,60,86,73,44,60,54,14,26,100,6,6,12,319,/en/stats/leaderboard?page=serve,1,16,64,49,76,88,43,49,52,14,27,0,0,0,12,67,58,86,25,19,76,48,77,162,75,57,76,33,28,86,52,85,162,B,1.0,4.0,,,,,,,,,,,,,,,,,,,,,,,,,,,,,,,,,,,,,,,,,,,,,,,,,,,,,,,,,,,,,,,,,,,,,,,,,,,,,,,
403,2026,ATP Masters 1000 Miami,1000,2026-03-18T00:00:00,2026-03-29T00:00:00,Hard,96,9415725,$,MS014,Round of 16,01:52:33,"Game Set and Match Frances Tiafoe. 
 Frances Tiafoe wins the match  6-4  1-6  6-4 .",F,3,TD51,T. Atmane,F. Tiafoe,A0GC,TD51,FRA,USA,,19,"Game Set and Match Frances Tiafoe. 
 Frances Tiafoe wins the match  6-4  1-6  6-4 .",F. Tiafoe,T. Atmane,19,,USA,FRA,4-6,6-1,4-6,,,01:52:33,287,/en/stats/leaderboard?page=serve,2,2,68,17,25,76,13,17,63,5,8,0,0,1,5,326,/en/stats/leaderboard?page=serve,0,3,83,20,24,90,18,20,50,2,4,0,0,0,5,60,/en/stats/leaderboard?page=return,10,2,20,50,2,4,0,0,0,5,182,/en/stats/leaderboard?page=return,24,4,17,38,3,8,100,1,1,5,72,18,25,17,4,24,45,22,49,83,20,24,28,7,25,55,27,49,295,/en/stats/leaderboard?page=serve,0,3,74,20,27,75,15,20,43,3,7,100,3,3,4,161,/en/stats/leaderboard?page=serve,1,0,47,7,15,57,4,7,25,2,8,0,0,2,3,284,/en/stats/leaderboard?page=return,43,3,7,75,6,8,100,2,2,3,82,/en/stats/leaderboard?page=return,25,5,20,57,4,7,0,0,3,4,67,18,27,60,9,15,64,27,42,40,6,15,33,9,27,36,15,42,282,/en/stats/leaderboard?page=serve,3,8,64,51,80,76,39,51,52,15,29,67,4,6,14,274,/en/stats/leaderboard?page=serve,1,6,65,50,77,76,38,50,44,12,27,75,6,8,13,68,54,80,35,27,77,52,81,157,65,50,77,33,26,80,48,76,157,B,,,,261.0,/en/stats/leaderboard?page=serve,1.0,3.0,50.0,14.0,28.0,79.0,11.0,14.0,50.0,7.0,14.0,50.0,1.0,2.0,5.0,287.0,/en/stats/leaderboard?page=serve,0.0,3.0,61.0,23.0,38.0,70.0,16.0,23.0,53.0,8.0,15.0,100.0,6.0,6.0,5.0,77.0,/en/stats/leaderboard?page=return,30.0,7.0,23.0,47.0,7.0,15.0,0.0,0.0,6.0,5.0,141.0,/en/stats/leaderboard?page=return,21.0,3.0,14.0,50.0,7.0,14.0,50.0,1.0,2.0,5.0,64.0,18.0,28.0,37.0,14.0,38.0,48.0,32.0,66.0,63.0,24.0,38.0,36.0,10.0,28.0,52.0,34.0,66.0,,
403,2026,ATP Masters 1000 Miami,1000,2026-03-18T00:00:00,2026-03-29T00:00:00,Hard,96,9415725,$,MS015,Round of 16,01:41:43,"Game Set and Match Jannik Sinner. 
 Jannik Sinner wins the match  7-5  7-6(4).",F,3,S0AG,A. Michelsen,J. Sinner,M0QI,S0AG,USA,ITA,,2,"Game Set and Match Jannik Sinner. 
 Jannik Sinner wins the match  7-5  7-6(4).",J. Sinner,A. Michelsen,2,,ITA,USA,5-7,6-7(4),,,,01:41:43,284,/en/stats/leaderboard?page=serve,1,1,63,20,32,80,16,20,58,7,12,80,4,5,6,333,/en/stats/leaderboard?page=serve,0,5,61,17,28,94,16,17,73,8,11,0,0,0,6,33,/en/stats/leaderboard?page=return,6,1,17,27,3,11,0,0,0,6,98,/en/stats/leaderboard?page=return,20,4,20,42,5,12,20,1,5,6,72,23,32,14,4,28,45,27,60,86,24,28,28,9,32,55,33,60,268,/en/stats/leaderboard?page=serve,1,2,76,28,37,75,21,28,33,3,9,50,1,2,6,277,/en/stats/leaderboard?page=serve,0,10,69,25,36,88,22,25,27,3,11,50,1,2,6,151,/en/stats/leaderboard?page=return,12,3,25,73,8,11,50,1,2,6,158,/en/stats/leaderboard?page=return,25,7,28,67,6,9,50,1,2,6,65,24,37,31,11,36,48,35,73,69,25,36,35,13,37,52,38,73,279,/en/stats/leaderboard?page=serve,2,3,70,48,69,77,37,48,48,10,21,71,5,7,12,312,/en/stats/leaderboard?page=serve,0,15,66,42,64,90,38,42,50,11,22,50,1,2,12,68,47,69,23,15,64,47,62,133,77,49,64,32,22,69,53,71,133,B,4.0,,,,,,,,,,,,,,,,,,,,,,,,,,,,,,,,,,,,,,,,,,,,,,,,,,,,,,,,,,,,,,,,,,,,,,,,,,,,,,,,
403,2026,ATP Masters 1000 Miami,1000,2026-03-18T00:00:00,2026-03-29T00:00:00,Hard,96,9415725,$,MS016,Round of 32,02:18:39,"Game Set and Match Sebastian Korda. 
 Sebastian Korda wins the match  6-3  5-7  6-4 .",F,3,K0AH,C. Alcaraz,S. Korda,A0E2,K0AH,ESP,USA,1,32,"Game Set and Match Sebastian Korda. 
 Sebastian Korda wins the match  6-3  5-7  6-4 .",S. Korda,C. Alcaraz,32,1,USA,ESP,3-6,7-5,4-6,,,02:18:39,239,/en/stats/leaderboard?page=serve,1,0,63,15,24,80,12,15,22,2,9,50,1,2,4,294,/en/stats/leaderboard?page=serve,0,5,75,27,36,70,19,27,44,4,9,100,2,2,5,86,/en/stats/leaderboard?page=return,30,8,27,56,5,9,0,0,2,5,173,/en/stats/leaderboard?page=return,20,3,15,78,7,9,50,1,2,4,58,14,24,36,13,36,45,27,60,64,23,36,42,10,24,55,33,60,280,/en/stats/leaderboard?page=serve,0,0,67,24,36,63,15,24,67,8,12,50,1,2,6,248,/en/stats/leaderboard?page=serve,0,4,62,21,34,62,13,21,54,7,13,33,1,3,6,184,/en/stats/leaderboard?page=return,38,8,21,46,6,13,67,2,3,6,137,/en/stats/leaderboard?page=return,38,9,24,33,4,12,50,1,2,6,64,23,36,41,14,34,53,37,70,59,20,34,36,13,36,47,33,70,260,/en/stats/leaderboard?page=serve,2,2,67,63,94,71,45,63,42,13,31,40,2,5,15,284,/en/stats/leaderboard?page=serve,0,12,69,72,104,69,50,72,47,15,32,60,3,5,16,62,58,94,38,39,104,49,97,198,63,65,104,38,36,94,51,101,198,B,,,,257.0,/en/stats/leaderboard?page=serve,1.0,2.0,71.0,24.0,34.0,75.0,18.0,24.0,30.0,3.0,10.0,0.0,0.0,1.0,5.0,289.0,/en/stats/leaderboard?page=serve,0.0,3.0,71.0,24.0,34.0,75.0,18.0,24.0,40.0,4.0,10.0,0.0,0.0,0.0,5.0,85.0,/en/stats/leaderboard?page=return,25.0,6.0,24.0,60.0,6.0,10.0,0.0,0.0,0.0,5.0,215.0,/en/stats/leaderboard?page=return,25.0,6.0,24.0,70.0,7.0,10.0,100.0,1.0,1.0,5.0,62.0,21.0,34.0,35.0,12.0,34.0,49.0,33.0,68.0,65.0,22.0,34.0,38.0,13.0,34.0,51.0,35.0,68.0,,
403,2026,ATP Masters 1000 Miami,1000,2026-03-18T00:00:00,2026-03-29T00:00:00,Hard,96,9415725,$,MS017,Round of 32,01:33:12,"Game Set and Match Martin Landaluce. 
 Martin Landaluce wins the match  6-3  7-6(2).",F,3,L0IL,M. Landaluce,K. Khachanov,L0IL,KE29,ESP,RUS,,14,"Game Set and Match Martin Landaluce. 
 Martin Landaluce wins the match  6-3  7-6(2).",M. Landaluce,K. Khachanov,,14,ESP,RUS,6-3,7-6(2),,,,01:33:12,254,/en/stats/leaderboard?page=serve,1,3,77,20,26,65,13,20,50,3,6,50,2,4,5,310,/en/stats/leaderboard?page=serve,1,1,50,10,20,90,9,10,70,7,10,0,0,0,4,40,/en/stats/leaderboard?page=return,10,1,10,30,3,10,0,0,0,4,175,/en/stats/leaderboard?page=return,35,7,20,50,3,6,50,2,4,5,62,16,26,20,4,20,43,20,46,80,16,20,38,10,26,57,26,46,235,/en/stats/leaderboard?page=serve,2,5,58,22,38,77,17,22,31,5,16,50,2,4,6,244,/en/stats/leaderboard?page=serve,4,2,54,22,41,73,16,22,53,10,19,33,1,3,6,174,/en/stats/leaderboard?page=return,27,6,22,47,9,19,67,2,3,6,175,/en/stats/leaderboard?page=return,23,5,22,69,11,16,50,2,4,6,58,22,38,37,15,41,47,37,79,63,26,41,42,16,38,53,42,79,241,/en/stats/leaderboard?page=serve,3,8,66,42,64,71,30,42,36,8,22,50,4,8,11,267,/en/stats/leaderboard?page=serve,5,3,52,32,61,78,25,32,59,17,29,33,1,3,10,59,38,64,31,19,61,46,57,125,69,42,61,41,26,64,54,68,125,A,2.0,,,,,,,,,,,,,,,,,,,,,,,,,,,,,,,,,,,,,,,,,,,,,,,,,,,,,,,,,,,,,,,,,,,,,,,,,,,,,,,,
403,2026,ATP Masters 1000 Miami,1000,2026-03-18T00:00:00,2026-03-29T00:00:00,Hard,96,9415725,$,MS018,Round of 32,01:33:57,"Game Set and Match Jiri Lehecka. 
 Jiri Lehecka wins the match  6-3  7-6(6).",F,3,L0BV,E. Quinn,J. Lehecka,Q02L,L0BV,USA,CZE,,21,"Game Set and Match Jiri Lehecka. 
 Jiri Lehecka wins the match  6-3  7-6(6).",J. Lehecka,E. Quinn,21,,CZE,USA,3-6,6-7(6),,,,01:33:57,272,/en/stats/leaderboard?page=serve,2,2,76,22,29,50,11,22,71,5,7,83,5,6,4,315,/en/stats/leaderboard?page=serve,0,4,58,15,26,80,12,15,73,8,11,0,0,0,5,47,/en/stats/leaderboard?page=return,20,3,15,27,3,11,0,0,0,5,121,/en/stats/leaderboard?page=return,50,11,22,29,2,7,17,1,6,4,55,16,29,23,6,26,40,22,55,77,20,26,45,13,29,60,33,55,312,/en/stats/leaderboard?page=serve,0,4,61,23,38,87,20,23,60,9,15,100,2,2,6,322,/en/stats/leaderboard?page=serve,0,6,71,27,38,81,22,27,64,7,11,0,0,0,6,55,/en/stats/leaderboard?page=return,19,5,27,36,4,11,0,0,0,6,53,/en/stats/leaderboard?page=return,13,3,23,40,6,15,0,0,2,6,76,29,38,24,9,38,50,38,76,76,29,38,24,9,38,50,38,76,294,/en/stats/leaderboard?page=serve,2,6,67,45,67,69,31,45,64,14,22,88,7,8,10,325,/en/stats/leaderboard?page=serve,0,10,66,42,64,81,34,42,68,15,22,0,0,0,11,67,45,67,23,15,64,46,60,131,77,49,64,33,22,67,54,71,131,B,6.0,,,,,,,,,,,,,,,,,,,,,,,,,,,,,,,,,,,,,,,,,,,,,,,,,,,,,,,,,,,,,,,,,,,,,,,,,,,,,,,,
403,2026,ATP Masters 1000 Miami,1000,2026-03-18T00:00:00,2026-03-29T00:00:00,Hard,96,9415725,$,MS019,Round of 32,01:03:27,"Game Set and Match Taylor Fritz. 
 Taylor Fritz wins the match  6-3  6-4 .",F,3,FB98,R. Opelka,T. Fritz,O522,FB98,USA,USA,,6,"Game Set and Match Taylor Fritz. 
 Taylor Fritz wins the match  6-3  6-4 .",T. Fritz,R. Opelka,6,,USA,USA,3-6,4-6,,,,01:03:27,263,/en/stats/leaderboard?page=serve,0,6,77,17,22,65,11,17,40,2,5,50,1,2,4,331,/en/stats/leaderboard?page=serve,0,2,57,13,23,92,12,13,80,8,10,0,0,0,5,28,/en/stats/leaderboard?page=return,8,1,13,20,2,10,0,0,0,5,170,/en/stats/leaderboard?page=return,35,6,17,60,3,5,50,1,2,4,59,13,22,13,3,23,36,16,45,87,20,23,41,9,22,64,29,45,267,/en/stats/leaderboard?page=serve,0,4,68,26,38,73,19,26,42,5,12,83,5,6,5,334,/en/stats/leaderboard?page=serve,0,2,78,18,23,94,17,18,60,3,5,0,0,0,5,46,/en/stats/leaderboard?page=return,6,1,18,40,2,5,0,0,0,5,122,/en/stats/leaderboard?page=return,27,7,26,58,7,12,17,1,6,5,63,24,38,13,3,23,44,27,61,87,20,23,37,14,38,56,34,61,270,/en/stats/leaderboard?page=serve,0,10,72,43,60,70,30,43,41,7,17,75,6,8,9,338,/en/stats/leaderboard?page=serve,0,4,67,31,46,94,29,31,73,11,15,0,0,0,10,62,37,60,13,6,46,41,43,106,87,40,46,38,23,60,59,63,106,B,,,,,,,,,,,,,,,,,,,,,,,,,,,,,,,,,,,,,,,,,,,,,,,,,,,,,,,,,,,,,,,,,,,,,,,,,,,,,,,,,
403,2026,ATP Masters 1000 Miami,1000,2026-03-18T00:00:00,2026-03-29T00:00:00,Hard,96,9415725,$,MS020,Round of 32,01:50:17,"Game Set and Match Tomas Martin Etcheverry. 
 Tomas Martin Etcheverry wins the match  7-5  6-4 .",F,3,EA24,R. Jodar,T. Etcheverry,J0DZ,EA24,ESP,ARG,,29,"Game Set and Match Tomas Martin Etcheverry. 
 Tomas Martin Etcheverry wins the match  7-5  6-4 .",T. Etcheverry,R. Jodar,29,,ARG,ESP,5-7,4-6,,,,01:50:17,288,/en/stats/leaderboard?page=serve,0,7,65,24,37,71,17,24,62,8,13,75,3,4,6,312,/en/stats/leaderboard?page=serve,1,2,81,30,37,73,22,30,57,4,7,100,1,1,6,70,/en/stats/leaderboard?page=return,27,8,30,43,3,7,0,0,1,6,108,/en/stats/leaderboard?page=return,29,7,24,38,5,13,25,1,4,6,68,25,37,30,11,37,49,36,74,70,26,37,32,12,37,51,38,74,262,/en/stats/leaderboard?page=serve,1,1,60,18,30,72,13,18,50,6,12,50,1,2,5,305,/en/stats/leaderboard?page=serve,1,1,69,20,29,80,16,20,56,5,9,0,0,0,5,64,/en/stats/leaderboard?page=return,20,4,20,44,4,9,0,0,0,5,148,/en/stats/leaderboard?page=return,28,5,18,50,6,12,50,1,2,5,63,19,30,28,8,29,46,27,59,72,21,29,37,11,30,54,32,59,278,/en/stats/leaderboard?page=serve,1,8,63,42,67,71,30,42,56,14,25,67,4,6,11,309,/en/stats/leaderboard?page=serve,2,3,76,50,66,76,38,50,56,9,16,100,1,1,11,66,44,67,29,19,66,47,63,133,71,47,66,34,23,67,53,70,133,B,,,,,,,,,,,,,,,,,,,,,,,,,,,,,,,,,,,,,,,,,,,,,,,,,,,,,,,,,,,,,,,,,,,,,,,,,,,,,,,,,
403,2026,ATP Masters 1000 Miami,1000,2026-03-18T00:00:00,2026-03-29T00:00:00,Hard,96,9415725,$,MS021,Round of 32,02:20:19,"Game Set and Match Tommy Paul. 
 Tommy Paul wins the match  6-2  3-6  7-6(5).",F,3,PL56,T. Paul,R. Collignon,PL56,C0JP,USA,BEL,22,,"Game Set and Match Tommy Paul. 
 Tommy Paul wins the match  6-2  3-6  7-6(5).",T. Paul,R. Collignon,22,,USA,BEL,6-2,3-6,7-6(5),,,02:20:19,162,/en/stats/leaderboard?page=serve,4,1,61,14,23,57,8,14,22,2,9,25,1,4,4,275,/en/stats/leaderboard?page=serve,0,2,71,15,21,60,9,15,67,4,6,0,0,1,4,198,/en/stats/leaderboard?page=return,40,6,15,33,2,6,100,1,1,4,271,/en/stats/leaderboard?page=return,43,6,14,78,7,9,75,3,4,4,43,10,23,38,8,21,41,18,44,62,13,21,57,13,23,59,26,44,272,/en/stats/leaderboard?page=serve,0,2,72,23,32,74,17,23,44,4,9,75,3,4,5,222,/en/stats/leaderboard?page=serve,0,1,57,12,21,58,7,12,56,5,9,0,0,2,4,236,/en/stats/leaderboard?page=return,42,5,12,44,4,9,100,2,2,4,127,/en/stats/leaderboard?page=return,26,6,23,56,5,9,25,1,4,5,66,21,32,43,9,21,57,30,53,57,12,21,34,11,32,43,23,53,256,/en/stats/leaderboard?page=serve,6,8,68,68,100,72,49,68,41,13,32,60,6,10,15,274,/en/stats/leaderboard?page=serve,2,5,61,49,80,71,35,49,61,19,31,0,0,3,14,62,62,100,33,26,80,49,88,180,68,54,80,38,38,100,51,92,180,A,,,,299.0,/en/stats/leaderboard?page=serve,2.0,5.0,69.0,31.0,45.0,77.0,24.0,31.0,50.0,7.0,14.0,100.0,2.0,2.0,6.0,307.0,/en/stats/leaderboard?page=serve,2.0,2.0,58.0,22.0,38.0,86.0,19.0,22.0,63.0,10.0,16.0,0.0,0.0,0.0,6.0,52.0,/en/stats/leaderboard?page=return,14.0,3.0,22.0,38.0,6.0,16.0,0.0,0.0,0.0,6.0,73.0,/en/stats/leaderboard?page=return,23.0,7.0,31.0,50.0,7.0,14.0,0.0,0.0,2.0,6.0,69.0,31.0,45.0,24.0,9.0,38.0,48.0,40.0,83.0,76.0,29.0,38.0,31.0,14.0,45.0,52.0,43.0,83.0,5.0,
403,2026,ATP Masters 1000 Miami,1000,2026-03-18T00:00:00,2026-03-29T00:00:00,Hard,96,9415725,$,MS022,Round of 32,01:31:13,"Game Set and Match Valentin Vacherot. 
 Valentin Vacherot wins the match  7-6(5) 6-4 .",F,3,VA25,M. Berrettini,V. Vacherot,BK40,VA25,ITA,MON,,24,"Game Set and Match Valentin Vacherot. 
 Valentin Vacherot wins the match  7-6(5) 6-4 .",V. Vacherot,M. Berrettini,24,,MON,ITA,6-7(5),4-6,,,,01:31:13,279,/en/stats/leaderboard?page=serve,2,3,71,25,35,84,21,25,40,4,10,0,0,1,6,295,/en/stats/leaderboard?page=serve,1,3,63,24,38,83,20,24,64,9,14,50,1,2,6,119,/en/stats/leaderboard?page=return,17,4,24,36,5,14,50,1,2,6,192,/en/stats/leaderboard?page=return,16,4,25,60,6,10,100,1,1,6,71,25,35,24,9,38,47,34,73,76,29,38,29,10,35,53,39,73,282,/en/stats/leaderboard?page=serve,0,3,63,15,24,80,12,15,56,5,9,0,0,1,5,319,/en/stats/leaderboard?page=serve,1,1,54,13,24,92,12,13,73,8,11,0,0,0,5,35,/en/stats/leaderboard?page=return,8,1,13,27,3,11,0,0,0,5,184,/en/stats/leaderboard?page=return,20,3,15,44,4,9,100,1,1,5,71,17,24,17,4,24,44,21,48,83,20,24,29,7,24,56,27,48,283,/en/stats/leaderboard?page=serve,2,6,68,40,59,83,33,40,47,9,19,0,0,2,11,306,/en/stats/leaderboard?page=serve,2,4,60,37,62,86,32,37,68,17,25,50,1,2,11,71,42,59,21,13,62,45,55,121,79,49,62,29,17,59,55,66,121,B,,5.0,,,,,,,,,,,,,,,,,,,,,,,,,,,,,,,,,,,,,,,,,,,,,,,,,,,,,,,,,,,,,,,,,,,,,,,,,,,,,,,
403,2026,ATP Masters 1000 Miami,1000,2026-03-18T00:00:00,2026-03-29T00:00:00,Hard,96,9415725,$,MS023,Round of 32,00:55:17,"Game Set and Match Arthur Fils. 
 Arthur Fils wins the match  6-0  6-1 .",F,3,F0F1,A. Fils,S. Tsitsipas,F0F1,TE51,FRA,GRE,28,,"Game Set and Match Arthur Fils. 
 Arthur Fils wins the match  6-0  6-1 .",A. Fils,S. Tsitsipas,28,,FRA,GRE,6-0,6-1,,,,00:55:17,114,/en/stats/leaderboard?page=serve,2,0,38,8,21,63,5,8,15,2,13,40,2,5,3,305,/en/stats/leaderboard?page=serve,1,0,53,9,17,78,7,9,75,6,8,100,2,2,3,47,/en/stats/leaderboard?page=return,22,2,9,25,2,8,0,0,2,3,283,/en/stats/leaderboard?page=return,38,3,8,85,11,13,60,3,5,3,33,7,21,24,4,17,29,11,38,76,13,17,67,14,21,71,27,38,172,/en/stats/leaderboard?page=serve,1,1,60,15,25,47,7,15,40,4,10,40,2,5,4,326,/en/stats/leaderboard?page=serve,0,2,64,9,14,100,9,9,60,3,5,0,0,0,3,40,/en/stats/leaderboard?page=return,0,0,9,40,2,5,0,0,0,3,248,/en/stats/leaderboard?page=return,53,8,15,60,6,10,60,3,5,4,44,11,25,14,2,14,33,13,39,86,12,14,56,14,25,67,26,39,140,/en/stats/leaderboard?page=serve,3,1,50,23,46,52,12,23,26,6,23,40,4,10,7,317,/en/stats/leaderboard?page=serve,1,2,58,18,31,89,16,18,69,9,13,100,2,2,6,39,18,46,19,6,31,31,24,77,81,25,31,61,28,46,69,53,77,A,,,,,,,,,,,,,,,,,,,,,,,,,,,,,,,,,,,,,,,,,,,,,,,,,,,,,,,,,,,,,,,,,,,,,,,,,,,,,,,,,
403,2026,ATP Masters 1000 Miami,1000,2026-03-18T00:00:00,2026-03-29T00:00:00,Hard,96,9415725,$,MS024,Round of 32,01:21:19,"Game Set and Match Ugo Humbert. 
 Ugo Humbert wins the match  6-4  7-6(2).",F,3,HH26,A. Shevchenko,U. Humbert,S0H2,HH26,KAZ,FRA,,31,"Game Set and Match Ugo Humbert. 
 Ugo Humbert wins the match  6-4  7-6(2).",U. Humbert,A. Shevchenko,31,,FRA,KAZ,4-6,6-7(2),,,,01:21:19,259,/en/stats/leaderboard?page=serve,1,3,50,15,30,80,12,15,47,7,15,50,1,2,5,331,/en/stats/leaderboard?page=serve,0,7,74,17,23,100,17,17,50,3,6,0,0,0,5,50,/en/stats/leaderboard?page=return,0,0,17,50,3,6,0,0,0,5,143,/en/stats/leaderboard?page=return,20,3,15,53,8,15,50,1,2,5,63,19,30,13,3,23,42,22,53,87,20,23,37,11,30,58,31,53,291,/en/stats/leaderboard?page=serve,1,1,70,26,37,65,17,26,73,8,11,50,1,2,6,321,/en/stats/leaderboard?page=serve,0,7,61,19,31,95,18,19,75,9,12,0,0,1,6,146,/en/stats/leaderboard?page=return,5,1,19,25,3,12,100,1,1,6,128,/en/stats/leaderboard?page=return,35,9,26,27,3,11,50,1,2,6,68,25,37,13,4,31,43,29,68,87,27,31,32,12,37,57,39,68,273,/en/stats/leaderboard?page=serve,2,4,61,41,67,71,29,41,58,15,26,50,2,4,11,335,/en/stats/leaderboard?page=serve,0,14,67,36,54,97,35,36,67,12,18,0,0,1,11,66,44,67,13,7,54,42,51,121,87,47,54,34,23,67,58,70,121,B,2.0,,,,,,,,,,,,,,,,,,,,,,,,,,,,,,,,,,,,,,,,,,,,,,,,,,,,,,,,,,,,,,,,,,,,,,,,,,,,,,,,
403,2026,ATP Masters 1000 Miami,1000,2026-03-18T00:00:00,2026-03-29T00:00:00,Hard,96,9415725,$,MS025,Round of 32,02:17:03,"Game Set and Match Francisco Cerundolo. 
 Francisco Cerundolo wins the match  6-0  4-6  7-5 .",F,3,C0AU,F. Cerundolo,D. Medvedev,C0AU,MM58,ARG,RUS,18,9,"Game Set and Match Francisco Cerundolo. 
 Francisco Cerundolo wins the match  6-0  4-6  7-5 .",F. Cerundolo,D. Medvedev,18,9,ARG,RUS,6-0,4-6,7-5,,,02:17:03,103,/en/stats/leaderboard?page=serve,1,1,63,10,16,40,4,10,0,0,6,0,0,3,3,313,/en/stats/leaderboard?page=serve,0,0,68,13,19,62,8,13,83,5,6,100,1,1,3,55,/en/stats/leaderboard?page=return,38,5,13,17,1,6,0,0,1,3,360,/en/stats/leaderboard?page=return,60,6,10,100,6,6,100,3,3,3,25,4,16,32,6,19,29,10,35,68,13,19,75,12,16,71,25,35,223,/en/stats/leaderboard?page=serve,2,0,57,20,35,55,11,20,53,8,15,50,2,4,5,200,/en/stats/leaderboard?page=serve,0,0,66,25,38,48,12,25,46,6,13,40,2,5,5,226,/en/stats/leaderboard?page=return,52,13,25,54,7,13,60,3,5,5,182,/en/stats/leaderboard?page=return,45,9,20,47,7,15,50,2,4,5,54,19,35,53,20,38,53,39,73,47,18,38,46,16,35,47,34,73,209,/en/stats/leaderboard?page=serve,5,4,62,56,90,57,32,56,41,14,34,42,5,12,14,258,/en/stats/leaderboard?page=serve,0,1,68,64,94,58,37,64,60,18,30,50,4,8,14,51,46,90,41,39,94,46,85,184,59,55,94,49,44,90,54,99,184,A,,,,245.0,/en/stats/leaderboard?page=serve,2.0,3.0,67.0,26.0,39.0,65.0,17.0,26.0,46.0,6.0,13.0,60.0,3.0,5.0,6.0,283.0,/en/stats/leaderboard?page=serve,0.0,1.0,70.0,26.0,37.0,65.0,17.0,26.0,64.0,7.0,11.0,50.0,1.0,2.0,6.0,137.0,/en/stats/leaderboard?page=return,35.0,9.0,26.0,36.0,4.0,11.0,50.0,1.0,2.0,6.0,162.0,/en/stats/leaderboard?page=return,35.0,9.0,26.0,54.0,7.0,13.0,40.0,2.0,5.0,6.0,59.0,23.0,39.0,35.0,13.0,37.0,47.0,36.0,76.0,65.0,24.0,37.0,41.0,16.0,39.0,53.0,40.0,76.0,,
403,2026,ATP Masters 1000 Miami,1000,2026-03-18T00:00:00,2026-03-29T00:00:00,Hard,96,9415725,$,MS026,Round of 32,01:18:21,"Game Set and Match Quentin Halys. 
 Quentin Halys wins the match  7-6(4) 6-1 .",F,3,HB64,Q. Halys,K. Majchrzak,HB64,MQ75,FRA,POL,,,"Game Set and Match Quentin Halys. 
 Quentin Halys wins the match  7-6(4) 6-1 .",Q. Halys,K. Majchrzak,,,FRA,POL,7-6(4),6-1,,,,01:18:21,259,/en/stats/leaderboard?page=serve,1,2,62,31,50,71,22,31,42,8,19,67,2,3,6,306,/en/stats/leaderboard?page=serve,0,9,65,22,34,91,20,22,58,7,12,50,1,2,6,117,/en/stats/leaderboard?page=return,9,2,22,42,5,12,50,1,2,6,136,/en/stats/leaderboard?page=return,29,9,31,58,11,19,33,1,3,6,60,30,50,21,7,34,44,37,84,79,27,34,40,20,50,56,47,84,174,/en/stats/leaderboard?page=serve,1,1,50,11,22,64,7,11,27,3,11,60,3,5,3,346,/en/stats/leaderboard?page=serve,0,6,74,14,19,86,12,14,80,4,5,0,0,0,4,34,/en/stats/leaderboard?page=return,14,2,14,20,1,5,0,0,0,4,215,/en/stats/leaderboard?page=return,36,4,11,73,8,11,40,2,5,3,45,10,22,16,3,19,32,13,41,84,16,19,55,12,22,68,28,41,231,/en/stats/leaderboard?page=serve,2,3,58,42,72,69,29,42,37,11,30,63,5,8,9,327,/en/stats/leaderboard?page=serve,0,15,68,36,53,89,32,36,65,11,17,50,1,2,10,56,40,72,19,10,53,40,50,125,81,43,53,44,32,72,60,75,125,A,,4.0,,,,,,,,,,,,,,,,,,,,,,,,,,,,,,,,,,,,,,,,,,,,,,,,,,,,,,,,,,,,,,,,,,,,,,,,,,,,,,,
403,2026,ATP Masters 1000 Miami,1000,2026-03-18T00:00:00,2026-03-29T00:00:00,Hard,96,9415725,$,MS027,Round of 32,02:37:03,"Game Set and Match Alexander Zverev. 
 Alexander Zverev wins the match  6-2  5-7  6-4 .",F,3,Z355,M. Cilic,A. Zverev,C977,Z355,CRO,GER,,3,"Game Set and Match Alexander Zverev. 
 Alexander Zverev wins the match  6-2  5-7  6-4 .",A. Zverev,M. Cilic,3,,GER,CRO,2-6,7-5,4-6,,,02:37:03,205,/en/stats/leaderboard?page=serve,1,3,48,13,27,69,9,13,36,5,14,50,2,4,4,313,/en/stats/leaderboard?page=serve,0,3,67,14,21,86,12,14,57,4,7,0,0,0,4,57,/en/stats/leaderboard?page=return,14,2,14,43,3,7,0,0,0,4,195,/en/stats/leaderboard?page=return,31,4,13,64,9,14,50,2,4,4,52,14,27,24,5,21,40,19,48,76,16,21,48,13,27,60,29,48,286,/en/stats/leaderboard?page=serve,2,7,62,33,53,79,26,33,40,8,20,100,6,6,6,271,/en/stats/leaderboard?page=serve,2,8,62,23,37,91,21,23,29,4,14,67,2,3,6,129,/en/stats/leaderboard?page=return,9,2,23,71,10,14,33,1,3,6,81,/en/stats/leaderboard?page=return,21,7,33,60,12,20,0,0,6,6,64,34,53,32,12,37,51,46,90,68,25,37,36,19,53,49,44,90,265,/en/stats/leaderboard?page=serve,3,13,57,65,115,74,48,65,44,22,50,77,10,13,15,316,/en/stats/leaderboard?page=serve,2,19,69,55,80,89,49,55,48,12,25,67,2,3,15,61,70,115,24,19,80,46,89,195,76,61,80,39,45,115,54,106,195,B,,,,261.0,/en/stats/leaderboard?page=serve,0.0,3.0,54.0,19.0,35.0,68.0,13.0,19.0,56.0,9.0,16.0,67.0,2.0,3.0,5.0,379.0,/en/stats/leaderboard?page=serve,0.0,8.0,82.0,18.0,22.0,89.0,16.0,18.0,100.0,4.0,4.0,0.0,0.0,0.0,5.0,11.0,/en/stats/leaderboard?page=return,11.0,2.0,18.0,0.0,0.0,4.0,0.0,0.0,0.0,5.0,129.0,/en/stats/leaderboard?page=return,32.0,6.0,19.0,44.0,7.0,16.0,33.0,1.0,3.0,5.0,63.0,22.0,35.0,9.0,2.0,22.0,42.0,24.0,57.0,91.0,20.0,22.0,37.0,13.0,35.0,58.0,33.0,57.0,,
403,2026,ATP Masters 1000 Miami,1000,2026-03-18T00:00:00,2026-03-29T00:00:00,Hard,96,9415725,$,MS028,Round of 32,01:53:01,"Game Set and Match Terence Atmane. 
 Terence Atmane wins the match  6-3  1-6  6-3 .",F,3,A0GC,F. Auger-Aliassime,T. Atmane,AG37,A0GC,CAN,FRA,7,,"Game Set and Match Terence Atmane. 
 Terence Atmane wins the match  6-3  1-6  6-3 .",T. Atmane,F. Auger-Aliassime,,7,FRA,CAN,3-6,6-1,3-6,,,01:53:01,269,/en/stats/leaderboard?page=serve,1,4,76,16,21,75,12,16,40,2,5,0,0,1,4,307,/en/stats/leaderboard?page=serve,0,0,67,20,30,90,18,20,50,5,10,100,2,2,5,60,/en/stats/leaderboard?page=return,10,2,20,50,5,10,0,0,2,5,210,/en/stats/leaderboard?page=return,25,4,16,60,3,5,100,1,1,4,67,14,21,23,7,30,41,21,51,77,23,30,33,7,21,59,30,51,320,/en/stats/leaderboard?page=serve,2,5,76,16,21,81,13,16,60,3,5,0,0,0,4,173,/en/stats/leaderboard?page=serve,1,0,71,12,17,50,6,12,20,1,5,33,1,3,3,263,/en/stats/leaderboard?page=return,50,6,12,80,4,5,67,2,3,3,59,/en/stats/leaderboard?page=return,19,3,16,40,2,5,0,0,0,4,76,16,21,59,10,17,68,26,38,41,7,17,24,5,21,32,12,38,296,/en/stats/leaderboard?page=serve,4,11,71,46,65,72,33,46,63,12,19,33,1,3,12,275,/en/stats/leaderboard?page=serve,2,3,67,55,82,75,41,55,48,13,27,67,4,6,13,69,45,65,34,28,82,50,73,147,66,54,82,31,20,65,50,74,147,B,,,,272.0,/en/stats/leaderboard?page=serve,1.0,2.0,61.0,14.0,23.0,57.0,8.0,14.0,78.0,7.0,9.0,50.0,1.0,2.0,4.0,300.0,/en/stats/leaderboard?page=serve,1.0,3.0,66.0,23.0,35.0,74.0,17.0,23.0,58.0,7.0,12.0,100.0,1.0,1.0,5.0,68.0,/en/stats/leaderboard?page=return,26.0,6.0,23.0,42.0,5.0,12.0,0.0,0.0,1.0,5.0,140.0,/en/stats/leaderboard?page=return,43.0,6.0,14.0,22.0,2.0,9.0,50.0,1.0,2.0,4.0,65.0,15.0,23.0,31.0,11.0,35.0,45.0,26.0,58.0,69.0,24.0,35.0,35.0,8.0,23.0,55.0,32.0,58.0,,
403,2026,ATP Masters 1000 Miami,1000,2026-03-18T00:00:00,2026-03-29T00:00:00,Hard,96,9415725,$,MS029,Round of 32,02:51:56,"Game Set and Match Frances Tiafoe. 
 Frances Tiafoe wins the match  7-6(4) 4-6  7-6(11).",F,3,TD51,F. Tiafoe,J. Mensik,TD51,M0NI,USA,CZE,19,12,"Game Set and Match Frances Tiafoe. 
 Frances Tiafoe wins the match  7-6(4) 4-6  7-6(11).",F. Tiafoe,J. Mensik,19,12,USA,CZE,7-6(4),4-6,7-6(11),,,02:51:56,308,/en/stats/leaderboard?page=serve,0,4,81,30,37,80,24,30,43,3,7,0,0,0,6,298,/en/stats/leaderboard?page=serve,0,2,57,25,44,76,19,25,63,12,19,100,1,1,6,61,/en/stats/leaderboard?page=return,24,6,25,37,7,19,0,0,1,6,77,/en/stats/leaderboard?page=return,20,6,30,57,4,7,0,0,0,6,73,27,37,30,13,44,49,40,81,70,31,44,27,10,37,51,41,81,314,/en/stats/leaderboard?page=serve,2,8,64,18,28,94,17,18,50,5,10,100,2,2,5,261,/en/stats/leaderboard?page=serve,2,0,64,21,33,86,18,21,33,4,12,75,3,4,5,126,/en/stats/leaderboard?page=return,14,3,21,67,8,12,25,1,4,5,56,/en/stats/leaderboard?page=return,6,1,18,50,5,10,0,0,2,5,79,22,28,33,11,33,54,33,61,67,22,33,21,6,28,46,28,61,333,/en/stats/leaderboard?page=serve,4,22,73,78,107,83,65,78,59,17,29,100,2,2,17,295,/en/stats/leaderboard?page=serve,3,6,60,75,124,79,59,75,59,29,49,80,4,5,17,77,82,107,29,36,124,51,118,231,71,88,124,23,25,107,49,113,231,A,,4.0,,334.0,/en/stats/leaderboard?page=serve,2.0,10.0,71.0,30.0,42.0,80.0,24.0,30.0,75.0,9.0,12.0,0.0,0.0,0.0,6.0,313.0,/en/stats/leaderboard?page=serve,1.0,4.0,62.0,29.0,47.0,76.0,22.0,29.0,72.0,13.0,18.0,0.0,0.0,0.0,6.0,52.0,/en/stats/leaderboard?page=return,24.0,7.0,29.0,28.0,5.0,18.0,0.0,0.0,0.0,6.0,45.0,/en/stats/leaderboard?page=return,20.0,6.0,30.0,25.0,3.0,12.0,0.0,0.0,0.0,6.0,79.0,33.0,42.0,26.0,12.0,47.0,51.0,45.0,89.0,74.0,35.0,47.0,21.0,9.0,42.0,49.0,44.0,89.0,11.0,
403,2026,ATP Masters 1000 Miami,1000,2026-03-18T00:00:00,2026-03-29T00:00:00,Hard,96,9415725,$,MS030,Round of 32,01:59:21,"Game Set and Match Alex Michelsen. 
 Alex Michelsen wins the match  3-6  6-3  6-4 .",F,3,M0QI,A. Tabilo,A. Michelsen,TE30,M0QI,CHI,USA,,,"Game Set and Match Alex Michelsen. 
 Alex Michelsen wins the match  3-6  6-3  6-4 .",A. Michelsen,A. Tabilo,,,USA,CHI,6-3,3-6,4-6,,,01:59:21,330,/en/stats/leaderboard?page=serve,1,2,84,26,31,65,17,26,80,4,5,100,1,1,5,250,/en/stats/leaderboard?page=serve,0,8,58,21,36,76,16,21,33,5,15,80,4,5,4,136,/en/stats/leaderboard?page=return,24,5,21,67,10,15,20,1,5,4,55,/en/stats/leaderboard?page=return,35,9,26,20,1,5,0,0,1,5,68,21,31,42,15,36,54,36,67,58,21,36,32,10,31,46,31,67,249,/en/stats/leaderboard?page=serve,1,2,45,10,22,70,7,10,58,7,12,67,2,3,4,307,/en/stats/leaderboard?page=serve,0,2,66,19,29,89,17,19,50,5,10,100,4,4,5,61,/en/stats/leaderboard?page=return,11,2,19,50,5,10,0,0,4,5,130,/en/stats/leaderboard?page=return,30,3,10,42,5,12,33,1,3,4,64,14,22,24,7,29,41,21,51,76,22,29,36,8,22,59,30,51,276,/en/stats/leaderboard?page=serve,4,7,59,52,88,71,37,52,58,21,36,78,7,9,14,302,/en/stats/leaderboard?page=serve,0,12,59,52,88,83,43,52,56,20,36,89,8,9,14,66,58,88,28,25,88,47,83,176,72,63,88,34,30,88,53,93,176,B,,,,261.0,/en/stats/leaderboard?page=serve,2.0,3.0,46.0,16.0,35.0,81.0,13.0,16.0,53.0,10.0,19.0,80.0,4.0,5.0,5.0,328.0,/en/stats/leaderboard?page=serve,0.0,2.0,52.0,12.0,23.0,83.0,10.0,12.0,91.0,10.0,11.0,0.0,0.0,0.0,5.0,26.0,/en/stats/leaderboard?page=return,17.0,2.0,12.0,9.0,1.0,11.0,0.0,0.0,0.0,5.0,106.0,/en/stats/leaderboard?page=return,19.0,3.0,16.0,47.0,9.0,19.0,20.0,1.0,5.0,5.0,66.0,23.0,35.0,13.0,3.0,23.0,45.0,26.0,58.0,87.0,20.0,23.0,34.0,12.0,35.0,55.0,32.0,58.0,,
403,2026,ATP Masters 1000 Miami,1000,2026-03-18T00:00:00,2026-03-29T00:00:00,Hard,96,9415725,$,MS031,Round of 32,01:11:34,"Game Set and Match Jannik Sinner. 
 Jannik Sinner wins the match  6-1  6-4 .",F,3,S0AG,C. Moutet,J. Sinner,MW02,S0AG,FRA,ITA,30,2,"Game Set and Match Jannik Sinner. 
 Jannik Sinner wins the match  6-1  6-4 .",J. Sinner,C. Moutet,2,30,ITA,FRA,1-6,4-6,,,,01:11:34,200,/en/stats/leaderboard?page=serve,1,0,75,15,20,33,5,15,60,3,5,0,0,2,3,328,/en/stats/leaderboard?page=serve,0,4,76,16,21,88,14,16,60,3,5,100,1,1,4,53,/en/stats/leaderboard?page=return,13,2,16,40,2,5,0,0,1,4,273,/en/stats/leaderboard?page=return,67,10,15,40,2,5,100,2,2,3,40,8,20,19,4,21,29,12,41,81,17,21,60,12,20,71,29,41,290,/en/stats/leaderboard?page=serve,0,1,86,30,35,63,19,30,60,3,5,75,3,4,5,310,/en/stats/leaderboard?page=serve,0,3,81,22,27,86,19,22,40,2,5,0,0,0,5,74,/en/stats/leaderboard?page=return,14,3,22,60,3,5,0,0,0,5,122,/en/stats/leaderboard?page=return,37,11,30,40,2,5,25,1,4,5,63,22,35,22,6,27,45,28,62,78,21,27,37,13,35,55,34,62,257,/en/stats/leaderboard?page=serve,1,1,82,45,55,53,24,45,60,6,10,50,3,6,8,323,/en/stats/leaderboard?page=serve,0,7,79,38,48,87,33,38,50,5,10,100,1,1,9,55,30,55,21,10,48,39,40,103,79,38,48,45,25,55,61,63,103,B,,,,,,,,,,,,,,,,,,,,,,,,,,,,,,,,,,,,,,,,,,,,,,,,,,,,,,,,,,,,,,,,,,,,,,,,,,,,,,,,,
403,2026,ATP Masters 1000 Miami,1000,2026-03-18T00:00:00,2026-03-29T00:00:00,Hard,96,9415725,$,MS032,Round of 64,01:35:03,"Game Set and Match Carlos Alcaraz. 
 Carlos Alcaraz wins the match  6-4  6-4 .",F,3,A0E2,C. Alcaraz,J. Fonseca,A0E2,F0FV,ESP,BRA,1,,"Game Set and Match Carlos Alcaraz. 
 Carlos Alcaraz wins the match  6-4  6-4 .",C. Alcaraz,J. Fonseca,1,,ESP,BRA,6-4,6-4,,,,01:35:03,251,/en/stats/leaderboard?page=serve,2,2,65,22,34,73,16,22,33,4,12,50,1,2,5,295,/en/stats/leaderboard?page=serve,2,3,68,21,31,86,18,21,40,4,10,100,1,1,5,74,/en/stats/leaderboard?page=return,14,3,21,60,6,10,0,0,1,5,164,/en/stats/leaderboard?page=return,27,6,22,67,8,12,50,1,2,5,59,20,34,29,9,31,45,29,65,71,22,31,41,14,34,55,36,65,266,/en/stats/leaderboard?page=serve,0,3,61,20,33,60,12,20,62,8,13,67,2,3,5,317,/en/stats/leaderboard?page=serve,1,5,72,23,32,74,17,23,67,6,9,100,2,2,5,59,/en/stats/leaderboard?page=return,26,6,23,33,3,9,0,0,2,5,131,/en/stats/leaderboard?page=return,40,8,20,38,5,13,33,1,3,5,61,20,33,28,9,32,45,29,65,72,23,32,39,13,33,55,36,65,261,/en/stats/leaderboard?page=serve,2,5,63,42,67,67,28,42,48,12,25,60,3,5,10,308,/en/stats/leaderboard?page=serve,3,8,70,44,63,80,35,44,53,10,19,100,3,3,10,60,40,67,29,18,63,45,58,130,71,45,63,40,27,67,55,72,130,A,,,,,,,,,,,,,,,,,,,,,,,,,,,,,,,,,,,,,,,,,,,,,,,,,,,,,,,,,,,,,,,,,,,,,,,,,,,,,,,,,
403,2026,ATP Masters 1000 Miami,1000,2026-03-18T00:00:00,2026-03-29T00:00:00,Hard,96,9415725,$,MS033,Round of 64,01:08:44,"Game Set and Match Sebastian Korda. 
 Sebastian Korda wins the match  6-0  6-3 .",F,3,K0AH,C. Ugo Carabelli,S. Korda,U182,K0AH,ARG,USA,,32,"Game Set and Match Sebastian Korda. 
 Sebastian Korda wins the match  6-0  6-3 .",S. Korda,C. Ugo Carabelli,32,,USA,ARG,0-6,3-6,,,,01:08:44,134,/en/stats/leaderboard?page=serve,0,1,59,16,27,38,6,16,36,4,11,67,6,9,3,288,/en/stats/leaderboard?page=serve,1,3,61,11,18,82,9,11,43,3,7,0,0,0,3,75,/en/stats/leaderboard?page=return,18,2,11,57,4,7,0,0,0,3,260,/en/stats/leaderboard?page=return,63,10,16,64,7,11,33,3,9,3,37,10,27,33,6,18,36,16,45,67,12,18,63,17,27,64,29,45,237,/en/stats/leaderboard?page=serve,2,0,47,14,30,79,11,14,38,6,16,0,0,1,4,334,/en/stats/leaderboard?page=serve,0,4,67,16,24,88,14,16,75,6,8,0,0,0,5,38,/en/stats/leaderboard?page=return,13,2,16,25,2,8,0,0,0,5,209,/en/stats/leaderboard?page=return,21,3,14,63,10,16,100,1,1,4,57,17,30,17,4,24,39,21,54,83,20,24,43,13,30,61,33,54,188,/en/stats/leaderboard?page=serve,2,1,53,30,57,57,17,30,37,10,27,60,6,10,7,315,/en/stats/leaderboard?page=serve,1,7,64,27,42,85,23,27,60,9,15,0,0,0,8,47,27,57,24,10,42,37,37,99,76,32,42,53,30,57,63,62,99,B,,,,,,,,,,,,,,,,,,,,,,,,,,,,,,,,,,,,,,,,,,,,,,,,,,,,,,,,,,,,,,,,,,,,,,,,,,,,,,,,,
403,2026,ATP Masters 1000 Miami,1000,2026-03-18T00:00:00,2026-03-29T00:00:00,Hard,96,9415725,$,MS034,Round of 64,02:23:51,"Game Set and Match Martin Landaluce. 
 Martin Landaluce wins the match  6-3 6-7(4) 6-4 .",F,3,L0IL,L. Darderi,M. Landaluce,D0FJ,L0IL,ITA,ESP,17,,"Game Set and Match Martin Landaluce. 
 Martin Landaluce wins the match  6-3 6-7(4) 6-4 .",M. Landaluce,L. Darderi,,17,ESP,ITA,3-6,7-6(4),4-6,,,02:23:51,191,/en/stats/leaderboard?page=serve,0,2,70,16,23,69,11,16,0,0,7,0,0,2,4,276,/en/stats/leaderboard?page=serve,0,4,78,21,27,81,17,21,33,2,6,67,2,3,5,139,/en/stats/leaderboard?page=return,19,4,21,67,4,6,33,1,3,5,281,/en/stats/leaderboard?page=return,31,5,16,100,7,7,100,2,2,4,48,11,23,30,8,27,38,19,50,70,19,27,52,12,23,62,31,50,285,/en/stats/leaderboard?page=serve,2,5,81,38,47,74,28,38,44,4,9,67,2,3,6,268,/en/stats/leaderboard?page=serve,3,3,56,24,43,71,17,24,58,11,19,50,1,2,6,137,/en/stats/leaderboard?page=return,29,7,24,42,8,19,50,1,2,6,131,/en/stats/leaderboard?page=return,26,10,38,56,5,9,33,1,3,6,68,32,47,35,15,43,52,47,90,65,28,43,32,15,47,48,43,90,260,/en/stats/leaderboard?page=serve,2,10,72,72,100,75,54,72,32,9,28,50,4,8,15,286,/en/stats/leaderboard?page=serve,4,8,62,61,98,79,48,61,54,20,37,60,3,5,16,63,63,100,31,30,98,47,93,198,69,68,98,37,37,100,53,105,198,B,,,,268.0,/en/stats/leaderboard?page=serve,0.0,3.0,60.0,18.0,30.0,83.0,15.0,18.0,42.0,5.0,12.0,67.0,2.0,3.0,5.0,303.0,/en/stats/leaderboard?page=serve,1.0,1.0,57.0,16.0,28.0,88.0,14.0,16.0,58.0,7.0,12.0,0.0,0.0,0.0,5.0,55.0,/en/stats/leaderboard?page=return,13.0,2.0,16.0,42.0,5.0,12.0,0.0,0.0,0.0,5.0,128.0,/en/stats/leaderboard?page=return,17.0,3.0,18.0,58.0,7.0,12.0,33.0,1.0,3.0,5.0,67.0,20.0,30.0,25.0,7.0,28.0,47.0,27.0,58.0,75.0,21.0,28.0,33.0,10.0,30.0,53.0,31.0,58.0,,4.0
403,2026,ATP Masters 1000 Miami,1000,2026-03-18T00:00:00,2026-03-29T00:00:00,Hard,96,9415725,$,MS035,Round of 64,01:13:58,"Game Set and Match Karen Khachanov. 
 Karen Khachanov wins the match  6-3  6-3 .",F,3,KE29,R. Bautista Agut,K. Khachanov,BD06,KE29,ESP,RUS,,14,"Game Set and Match Karen Khachanov. 
 Karen Khachanov wins the match  6-3  6-3 .",K. Khachanov,R. Bautista Agut,14,,RUS,ESP,3-6,3-6,,,,01:13:58,236,/en/stats/leaderboard?page=serve,0,1,58,14,24,57,8,14,60,6,10,33,1,3,5,339,/en/stats/leaderboard?page=serve,0,4,75,15,20,80,12,15,80,4,5,0,0,0,4,40,/en/stats/leaderboard?page=return,20,3,15,20,1,5,0,0,0,4,190,/en/stats/leaderboard?page=return,43,6,14,40,4,10,67,2,3,5,58,14,24,20,4,20,41,18,44,80,16,20,42,10,24,59,26,44,244,/en/stats/leaderboard?page=serve,0,2,71,17,24,82,14,17,14,1,7,67,2,3,4,303,/en/stats/leaderboard?page=serve,0,2,66,21,32,71,15,21,64,7,11,0,0,0,5,65,/en/stats/leaderboard?page=return,29,6,21,36,4,11,0,0,0,5,162,/en/stats/leaderboard?page=return,18,3,17,86,6,7,33,1,3,4,63,15,24,31,10,32,45,25,56,69,22,32,38,9,24,55,31,56,246,/en/stats/leaderboard?page=serve,0,3,65,31,48,71,22,31,41,7,17,50,3,6,9,319,/en/stats/leaderboard?page=serve,0,6,69,36,52,75,27,36,69,11,16,0,0,0,9,60,29,48,27,14,52,43,43,100,73,38,52,40,19,48,57,57,100,B,,,,,,,,,,,,,,,,,,,,,,,,,,,,,,,,,,,,,,,,,,,,,,,,,,,,,,,,,,,,,,,,,,,,,,,,,,,,,,,,,
403,2026,ATP Masters 1000 Miami,1000,2026-03-18T00:00:00,2026-03-29T00:00:00,Hard,96,9415725,$,MS036,Round of 64,01:51:56,"Game Set and Match Ethan Quinn. 
 Ethan Quinn wins the match  6-4  7-6(7).",F,3,Q02L,C. Ruud,E. Quinn,RH16,Q02L,NOR,USA,11,,"Game Set and Match Ethan Quinn. 
 Ethan Quinn wins the match  6-4  7-6(7).",E. Quinn,C. Ruud,,11,USA,NOR,4-6,6-7(7),,,,01:51:56,262,/en/stats/leaderboard?page=serve,2,5,67,24,36,79,19,24,33,4,12,75,3,4,5,325,/en/stats/leaderboard?page=serve,1,6,79,23,29,74,17,23,67,4,6,100,3,3,5,59,/en/stats/leaderboard?page=return,26,6,23,33,2,6,0,0,3,5,133,/en/stats/leaderboard?page=return,21,5,24,67,8,12,25,1,4,5,64,23,36,28,8,29,48,31,65,72,21,29,36,13,36,52,34,65,318,/en/stats/leaderboard?page=serve,0,3,71,30,42,77,23,30,67,8,12,0,0,0,6,300,/en/stats/leaderboard?page=serve,3,7,62,31,50,87,27,31,47,9,19,100,3,3,6,66,/en/stats/leaderboard?page=return,13,4,31,53,10,19,0,0,3,6,56,/en/stats/leaderboard?page=return,23,7,30,33,4,12,0,0,0,6,74,31,42,28,14,50,49,45,92,72,36,50,26,11,42,51,47,92,293,/en/stats/leaderboard?page=serve,2,8,69,54,78,78,42,54,50,12,24,75,3,4,11,310,/en/stats/leaderboard?page=serve,4,13,68,54,79,81,44,54,52,13,25,100,6,6,11,69,54,78,28,22,79,48,76,157,72,57,79,31,24,78,52,81,157,B,7.0,,,,,,,,,,,,,,,,,,,,,,,,,,,,,,,,,,,,,,,,,,,,,,,,,,,,,,,,,,,,,,,,,,,,,,,,,,,,,,,,
403,2026,ATP Masters 1000 Miami,1000,2026-03-18T00:00:00,2026-03-29T00:00:00,Hard,96,9415725,$,MS037,Round of 64,01:35:32,"Game Set and Match Jiri Lehecka. 
 Jiri Lehecka wins the match  6-2  7-5 .",F,3,L0BV,M. Kouame,J. Lehecka,K0O4,L0BV,FRA,CZE,,21,"Game Set and Match Jiri Lehecka. 
 Jiri Lehecka wins the match  6-2  7-5 .",J. Lehecka,M. Kouame,21,,CZE,FRA,2-6,5-7,,,,01:35:32,195,/en/stats/leaderboard?page=serve,4,0,52,17,33,47,8,17,50,8,16,75,6,8,4,314,/en/stats/leaderboard?page=serve,0,0,65,13,20,92,12,13,57,4,7,0,0,0,4,51,/en/stats/leaderboard?page=return,8,1,13,43,3,7,0,0,0,4,178,/en/stats/leaderboard?page=return,53,9,17,50,8,16,25,2,8,4,48,16,33,20,4,20,38,20,53,80,16,20,52,17,33,62,33,53,256,/en/stats/leaderboard?page=serve,3,3,50,22,44,64,14,22,59,13,22,50,1,2,6,310,/en/stats/leaderboard?page=serve,0,3,60,21,35,76,16,21,71,10,14,100,3,3,6,53,/en/stats/leaderboard?page=return,24,5,21,29,4,14,0,0,3,6,143,/en/stats/leaderboard?page=return,36,8,22,41,9,22,50,1,2,6,61,27,44,26,9,35,46,36,79,74,26,35,39,17,44,54,43,79,228,/en/stats/leaderboard?page=serve,7,3,51,39,77,56,22,39,55,21,38,70,7,10,10,314,/en/stats/leaderboard?page=serve,0,3,62,34,55,82,28,34,67,14,21,100,3,3,10,56,43,77,24,13,55,42,56,132,76,42,55,44,34,77,58,76,132,B,,,,,,,,,,,,,,,,,,,,,,,,,,,,,,,,,,,,,,,,,,,,,,,,,,,,,,,,,,,,,,,,,,,,,,,,,,,,,,,,,
403,2026,ATP Masters 1000 Miami,1000,2026-03-18T00:00:00,2026-03-29T00:00:00,Hard,96,9415725,$,MS038,Round of 64,01:32:54,"Game Set and Match Reilly Opelka. 
 Reilly Opelka wins the match  7-6(3) 7-6(0).",F,3,O522,J. Draper,R. Opelka,D0CO,O522,GBR,USA,25,,"Game Set and Match Reilly Opelka. 
 Reilly Opelka wins the match  7-6(3) 7-6(0).",R. Opelka,J. Draper,,25,USA,GBR,6-7(3),6-7(0),,,,01:32:54,344,/en/stats/leaderboard?page=serve,0,5,74,25,34,76,19,25,89,8,9,0,0,0,6,339,/en/stats/leaderboard?page=serve,1,13,78,29,37,86,25,29,63,5,8,100,1,1,6,52,/en/stats/leaderboard?page=return,14,4,29,38,3,8,0,0,1,6,35,/en/stats/leaderboard?page=return,24,6,25,11,1,9,0,0,0,6,79,27,34,19,7,37,48,34,71,81,30,37,21,7,34,52,37,71,293,/en/stats/leaderboard?page=serve,1,2,59,20,34,90,18,20,43,6,14,0,0,0,6,323,/en/stats/leaderboard?page=serve,1,12,69,25,36,88,22,25,55,6,11,0,0,0,6,57,/en/stats/leaderboard?page=return,12,3,25,45,5,11,0,0,0,6,67,/en/stats/leaderboard?page=return,10,2,20,57,8,14,0,0,0,6,71,24,34,22,8,36,46,32,70,78,28,36,29,10,34,54,38,70,315,/en/stats/leaderboard?page=serve,1,7,66,45,68,82,37,45,61,14,23,0,0,0,12,342,/en/stats/leaderboard?page=serve,2,25,74,54,73,87,47,54,58,11,19,100,1,1,12,75,51,68,21,15,73,47,66,141,79,58,73,25,17,68,53,75,141,B,0.0,3.0,,,,,,,,,,,,,,,,,,,,,,,,,,,,,,,,,,,,,,,,,,,,,,,,,,,,,,,,,,,,,,,,,,,,,,,,,,,,,,,
403,2026,ATP Masters 1000 Miami,1000,2026-03-18T00:00:00,2026-03-29T00:00:00,Hard,96,9415725,$,MS039,Round of 64,02:02:04,"Game Set and Match Taylor Fritz. 
 Taylor Fritz wins the match  6-3 6-7(2) 6-3 .",F,3,FB98,B. van de Zandschulp,T. Fritz,V812,FB98,NED,USA,,6,"Game Set and Match Taylor Fritz. 
 Taylor Fritz wins the match  6-3 6-7(2) 6-3 .",T. Fritz,B. van de Zandschulp,6,,USA,NED,3-6,7-6(2),3-6,,,02:02:04,242,/en/stats/leaderboard?page=serve,0,2,66,21,32,81,17,21,18,2,11,83,5,6,4,341,/en/stats/leaderboard?page=serve,0,5,61,14,23,86,12,14,89,8,9,0,0,0,5,25,/en/stats/leaderboard?page=return,14,2,14,11,1,9,0,0,0,5,143,/en/stats/leaderboard?page=return,19,4,21,82,9,11,17,1,6,4,59,19,32,13,3,23,40,22,55,87,20,23,41,13,32,60,33,55,302,/en/stats/leaderboard?page=serve,0,4,41,15,37,93,14,15,64,14,22,0,0,0,6,286,/en/stats/leaderboard?page=serve,2,5,66,27,41,81,22,27,36,5,14,100,2,2,6,83,/en/stats/leaderboard?page=return,19,5,27,64,9,14,0,0,2,6,43,/en/stats/leaderboard?page=return,7,1,15,36,8,22,0,0,0,6,76,28,37,34,14,41,54,42,78,66,27,41,24,9,37,46,36,78,276,/en/stats/leaderboard?page=serve,1,10,56,53,95,83,44,53,43,18,42,71,5,7,14,322,/en/stats/leaderboard?page=serve,2,18,64,58,90,83,48,58,59,19,32,100,2,2,16,65,62,95,26,23,90,46,85,185,74,67,90,35,33,95,54,100,185,B,,,,241.0,/en/stats/leaderboard?page=serve,1.0,4.0,65.0,17.0,26.0,76.0,13.0,17.0,22.0,2.0,9.0,0.0,0.0,1.0,4.0,322.0,/en/stats/leaderboard?page=serve,0.0,8.0,65.0,17.0,26.0,82.0,14.0,17.0,67.0,6.0,9.0,0.0,0.0,0.0,5.0,51.0,/en/stats/leaderboard?page=return,18.0,3.0,17.0,33.0,3.0,9.0,0.0,0.0,0.0,5.0,227.0,/en/stats/leaderboard?page=return,24.0,4.0,17.0,78.0,7.0,9.0,100.0,1.0,1.0,4.0,58.0,15.0,26.0,23.0,6.0,26.0,40.0,21.0,52.0,77.0,20.0,26.0,42.0,11.0,26.0,60.0,31.0,52.0,,2.0
403,2026,ATP Masters 1000 Miami,1000,2026-03-18T00:00:00,2026-03-29T00:00:00,Hard,96,9415725,$,MS040,Round of 64,00:55:51,"Game Set and Match Rafael Jodar. 
 Rafael Jodar wins the match  6-1  6-2 .",F,3,J0DZ,A. Vukic,R. Jodar,V832,J0DZ,AUS,ESP,,,"Game Set and Match Rafael Jodar. 
 Rafael Jodar wins the match  6-1  6-2 .",R. Jodar,A. Vukic,,,ESP,AUS,1-6,2-6,,,,00:55:51,154,/en/stats/leaderboard?page=serve,0,1,36,5,14,40,2,5,44,4,9,0,0,2,3,327,/en/stats/leaderboard?page=serve,1,1,68,13,19,92,12,13,67,4,6,0,0,0,4,41,/en/stats/leaderboard?page=return,8,1,13,33,2,6,0,0,0,4,282,/en/stats/leaderboard?page=return,60,3,5,56,5,9,100,2,2,3,43,6,14,16,3,19,27,9,33,84,16,19,57,8,14,73,24,33,210,/en/stats/leaderboard?page=serve,1,0,48,12,25,67,8,12,46,6,13,50,2,4,4,297,/en/stats/leaderboard?page=serve,1,2,61,17,28,71,12,17,64,7,11,100,5,5,4,65,/en/stats/leaderboard?page=return,29,5,17,36,4,11,0,0,5,4,187,/en/stats/leaderboard?page=return,33,4,12,54,7,13,50,2,4,4,56,14,25,32,9,28,43,23,53,68,19,28,44,11,25,57,30,53,190,/en/stats/leaderboard?page=serve,1,1,44,17,39,59,10,17,45,10,22,33,2,6,7,310,/en/stats/leaderboard?page=serve,2,3,64,30,47,80,24,30,65,11,17,100,5,5,8,51,20,39,26,12,47,37,32,86,74,35,47,49,19,39,63,54,86,B,,,,,,,,,,,,,,,,,,,,,,,,,,,,,,,,,,,,,,,,,,,,,,,,,,,,,,,,,,,,,,,,,,,,,,,,,,,,,,,,,
403,2026,ATP Masters 1000 Miami,1000,2026-03-18T00:00:00,2026-03-29T00:00:00,Hard,96,9415725,$,MS041,Round of 64,02:37:52,"Game Set and Match Tomas Martin Etcheverry. 
 Tomas Martin Etcheverry wins the match  7-6(5) 7-6(3).",F,3,EA24,Z. Bergs,T. Etcheverry,BU13,EA24,BEL,ARG,,29,"Game Set and Match Tomas Martin Etcheverry. 
 Tomas Martin Etcheverry wins the match  7-6(5) 7-6(3).",T. Etcheverry,Z. Bergs,29,,ARG,BEL,6-7(5),6-7(3),,,,02:37:52,288,/en/stats/leaderboard?page=serve,7,7,56,28,50,82,23,28,50,11,22,100,4,4,6,317,/en/stats/leaderboard?page=serve,1,6,71,29,41,83,24,29,58,7,12,100,3,3,6,59,/en/stats/leaderboard?page=return,17,5,29,42,5,12,0,0,3,6,68,/en/stats/leaderboard?page=return,18,5,28,50,11,22,0,0,4,6,68,34,50,24,10,41,48,44,91,76,31,41,32,16,50,52,47,91,257,/en/stats/leaderboard?page=serve,2,5,60,28,47,64,18,28,47,9,19,86,6,7,6,272,/en/stats/leaderboard?page=serve,1,1,57,25,44,64,16,25,68,13,19,50,1,2,6,134,/en/stats/leaderboard?page=return,36,9,25,32,6,19,50,1,2,6,119,/en/stats/leaderboard?page=return,36,10,28,53,10,19,14,1,7,6,57,27,47,34,15,44,46,42,91,66,29,44,43,20,47,54,49,91,274,/en/stats/leaderboard?page=serve,9,12,58,56,97,73,41,56,49,20,41,91,10,11,12,299,/en/stats/leaderboard?page=serve,2,7,64,54,85,74,40,54,65,20,31,80,4,5,12,63,61,97,29,25,85,47,86,182,71,60,85,37,36,97,53,96,182,B,3.0,5.0,,,,,,,,,,,,,,,,,,,,,,,,,,,,,,,,,,,,,,,,,,,,,,,,,,,,,,,,,,,,,,,,,,,,,,,,,,,,,,,
403,2026,ATP Masters 1000 Miami,1000,2026-03-18T00:00:00,2026-03-29T00:00:00,Hard,96,9415725,$,MS042,Round of 64,02:07:59,"Game Set and Match Tommy Paul. 
 Tommy Paul wins the match  6-2  2-6  6-4 .",F,3,PL56,T. Paul,A. Mannarino,PL56,ME82,USA,FRA,22,,"Game Set and Match Tommy Paul. 
 Tommy Paul wins the match  6-2  2-6  6-4 .",T. Paul,A. Mannarino,22,,USA,FRA,6-2,2-6,6-4,,,02:07:59,220,/en/stats/leaderboard?page=serve,1,2,66,19,29,53,10,19,50,5,10,33,1,3,4,321,/en/stats/leaderboard?page=serve,1,4,64,14,22,79,11,14,75,6,8,0,0,0,4,46,/en/stats/leaderboard?page=return,21,3,14,25,2,8,0,0,0,4,214,/en/stats/leaderboard?page=return,47,9,19,50,5,10,67,2,3,4,52,15,29,23,5,22,39,20,51,77,17,22,48,14,29,61,31,51,300,/en/stats/leaderboard?page=serve,1,1,64,14,22,86,12,14,50,4,8,0,0,0,4,210,/en/stats/leaderboard?page=serve,1,1,55,12,22,75,9,12,30,3,10,0,0,2,4,245,/en/stats/leaderboard?page=return,25,3,12,70,7,10,100,2,2,4,64,/en/stats/leaderboard?page=return,14,2,14,50,4,8,0,0,0,4,73,16,22,45,10,22,59,26,44,55,12,22,27,6,22,41,18,44,254,/en/stats/leaderboard?page=serve,2,4,64,56,87,61,34,56,58,18,31,43,3,7,13,275,/en/stats/leaderboard?page=serve,2,6,61,41,67,76,31,41,58,15,26,0,0,3,13,60,52,87,31,21,67,47,73,154,69,46,67,40,35,87,53,81,154,A,,,,246.0,/en/stats/leaderboard?page=serve,0.0,1.0,64.0,23.0,36.0,52.0,12.0,23.0,69.0,9.0,13.0,50.0,2.0,4.0,5.0,294.0,/en/stats/leaderboard?page=serve,0.0,1.0,65.0,15.0,23.0,73.0,11.0,15.0,75.0,6.0,8.0,0.0,0.0,1.0,5.0,172.0,/en/stats/leaderboard?page=return,27.0,4.0,15.0,25.0,2.0,8.0,100.0,1.0,1.0,5.0,169.0,/en/stats/leaderboard?page=return,48.0,11.0,23.0,31.0,4.0,13.0,50.0,2.0,4.0,5.0,58.0,21.0,36.0,26.0,6.0,23.0,46.0,27.0,59.0,74.0,17.0,23.0,42.0,15.0,36.0,54.0,32.0,59.0,,
403,2026,ATP Masters 1000 Miami,1000,2026-03-18T00:00:00,2026-03-29T00:00:00,Hard,96,9415725,$,MS043,Round of 64,01:34:43,"Game Set and Match Raphael Collignon. 
 Raphael Collignon wins the match  7-5  6-3 .",F,3,C0JP,R. Collignon,F. Cobolli,C0JP,C0E9,BEL,ITA,,13,"Game Set and Match Raphael Collignon. 
 Raphael Collignon wins the match  7-5  6-3 .",R. Collignon,F. Cobolli,,13,BEL,ITA,7-5,6-3,,,,01:34:43,256,/en/stats/leaderboard?page=serve,3,4,55,27,49,67,18,27,50,11,22,92,11,12,6,313,/en/stats/leaderboard?page=serve,0,3,74,25,34,80,20,25,56,5,9,0,0,0,6,64,/en/stats/leaderboard?page=return,20,5,25,44,4,9,0,0,0,6,107,/en/stats/leaderboard?page=return,33,9,27,50,11,22,8,1,12,6,59,29,49,26,9,34,46,38,83,74,25,34,41,20,49,54,45,83,188,/en/stats/leaderboard?page=serve,2,4,53,16,30,50,8,16,43,6,14,50,3,6,5,263,/en/stats/leaderboard?page=serve,1,1,70,19,27,68,13,19,50,4,8,0,0,1,4,207,/en/stats/leaderboard?page=return,32,6,19,50,4,8,100,1,1,4,217,/en/stats/leaderboard?page=return,50,8,16,57,8,14,50,3,6,5,47,14,30,37,10,27,42,24,57,63,17,27,53,16,30,58,33,57,227,/en/stats/leaderboard?page=serve,5,8,54,43,79,60,26,43,47,17,36,78,14,18,11,293,/en/stats/leaderboard?page=serve,1,4,72,44,61,75,33,44,53,9,17,0,0,1,10,54,43,79,31,19,61,44,62,140,69,42,61,46,36,79,56,78,140,A,,,,,,,,,,,,,,,,,,,,,,,,,,,,,,,,,,,,,,,,,,,,,,,,,,,,,,,,,,,,,,,,,,,,,,,,,,,,,,,,,
403,2026,ATP Masters 1000 Miami,1000,2026-03-18T00:00:00,2026-03-29T00:00:00,Hard,96,9415725,$,MS044,Round of 64,01:28:01,"Game Set and Match Matteo Berrettini. 
 Matteo Berrettini wins the match  6-4  6-4 .",F,3,BK40,A. Bublik,M. Berrettini,BK92,BK40,KAZ,ITA,10,,"Game Set and Match Matteo Berrettini. 
 Matteo Berrettini wins the match  6-4  6-4 .",M. Berrettini,A. Bublik,,10,ITA,KAZ,4-6,4-6,,,,01:28:01,260,/en/stats/leaderboard?page=serve,2,1,62,18,29,83,15,18,36,4,11,67,2,3,5,290,/en/stats/leaderboard?page=serve,0,8,55,23,42,74,17,23,53,10,19,100,4,4,5,73,/en/stats/leaderboard?page=return,26,6,23,47,9,19,0,0,4,5,134,/en/stats/leaderboard?page=return,17,3,18,64,7,11,33,1,3,5,66,19,29,36,15,42,48,34,71,64,27,42,34,10,29,52,37,71,277,/en/stats/leaderboard?page=serve,1,4,66,23,35,70,16,23,58,7,12,75,3,4,5,321,/en/stats/leaderboard?page=serve,1,9,73,22,30,77,17,22,63,5,8,100,2,2,5,61,/en/stats/leaderboard?page=return,23,5,22,38,3,8,0,0,2,5,117,/en/stats/leaderboard?page=return,30,7,23,42,5,12,25,1,4,5,66,23,35,27,8,30,48,31,65,73,22,30,34,12,35,52,34,65,270,/en/stats/leaderboard?page=serve,3,5,64,41,64,76,31,41,48,11,23,71,5,7,10,311,/en/stats/leaderboard?page=serve,1,17,63,45,72,76,34,45,56,15,27,100,6,6,10,66,42,64,32,23,72,48,65,136,68,49,72,34,22,64,52,71,136,B,,,,,,,,,,,,,,,,,,,,,,,,,,,,,,,,,,,,,,,,,,,,,,,,,,,,,,,,,,,,,,,,,,,,,,,,,,,,,,,,,
403,2026,ATP Masters 1000 Miami,1000,2026-03-18T00:00:00,2026-03-29T00:00:00,Hard,96,9415725,$,MS045,Round of 64,01:24:02,"Game Set and Match Valentin Vacherot. 
 Valentin Vacherot wins the match  6-3  6-4 .",F,3,VA25,M. Navone,V. Vacherot,N0BS,VA25,ARG,MON,,24,"Game Set and Match Valentin Vacherot. 
 Valentin Vacherot wins the match  6-3  6-4 .",V. Vacherot,M. Navone,24,,MON,ARG,3-6,4-6,,,,01:24:02,267,/en/stats/leaderboard?page=serve,1,0,71,17,24,65,11,17,57,4,7,50,1,2,4,302,/en/stats/leaderboard?page=serve,2,6,65,24,37,79,19,24,54,7,13,100,5,5,5,67,/en/stats/leaderboard?page=return,21,5,24,46,6,13,0,0,5,5,153,/en/stats/leaderboard?page=return,35,6,17,43,3,7,50,1,2,4,63,15,24,30,11,37,43,26,61,70,26,37,38,9,24,57,35,61,245,/en/stats/leaderboard?page=serve,1,1,74,25,34,80,20,25,11,1,9,0,0,1,5,327,/en/stats/leaderboard?page=serve,0,3,67,16,24,94,15,16,63,5,8,0,0,0,5,44,/en/stats/leaderboard?page=return,6,1,16,38,3,8,0,0,0,5,229,/en/stats/leaderboard?page=return,20,5,25,89,8,9,100,1,1,5,62,21,34,17,4,24,43,25,58,83,20,24,38,13,34,57,33,58,253,/en/stats/leaderboard?page=serve,2,1,72,42,58,74,31,42,31,5,16,33,1,3,9,315,/en/stats/leaderboard?page=serve,2,9,66,40,61,85,34,40,57,12,21,100,5,5,10,62,36,58,25,15,61,43,51,119,75,46,61,38,22,58,57,68,119,B,,,,,,,,,,,,,,,,,,,,,,,,,,,,,,,,,,,,,,,,,,,,,,,,,,,,,,,,,,,,,,,,,,,,,,,,,,,,,,,,,
403,2026,ATP Masters 1000 Miami,1000,2026-03-18T00:00:00,2026-03-29T00:00:00,Hard,96,9415725,$,MS046,Round of 64,01:05:59,"Game Set and Match Arthur Fils. 
 Arthur Fils wins the match  6-2  6-3 .",F,3,F0F1,A. Fils,D. Blanch,F0F1,B0NO,FRA,USA,28,,"Game Set and Match Arthur Fils. 
 Arthur Fils wins the match  6-2  6-3 .",A. Fils,D. Blanch,28,,FRA,USA,6-2,6-3,,,,01:05:59,216,/en/stats/leaderboard?page=serve,1,1,46,11,24,82,9,11,38,5,13,0,0,2,4,359,/en/stats/leaderboard?page=serve,0,2,81,17,21,76,13,17,100,4,4,0,0,0,4,24,/en/stats/leaderboard?page=return,24,4,17,0,0,4,0,0,0,4,230,/en/stats/leaderboard?page=return,18,2,11,62,8,13,100,2,2,4,58,14,24,19,4,21,40,18,45,81,17,21,42,10,24,60,27,45,236,/en/stats/leaderboard?page=serve,0,2,82,32,39,63,20,32,14,1,7,89,8,9,4,307,/en/stats/leaderboard?page=serve,2,2,52,14,27,86,12,14,69,9,13,0,0,0,5,45,/en/stats/leaderboard?page=return,14,2,14,31,4,13,0,0,0,5,160,/en/stats/leaderboard?page=return,38,12,32,86,6,7,11,1,9,4,54,21,39,22,6,27,41,27,66,78,21,27,46,18,39,59,39,66,229,/en/stats/leaderboard?page=serve,1,3,68,43,63,67,29,43,30,6,20,73,8,11,8,324,/en/stats/leaderboard?page=serve,2,4,65,31,48,81,25,31,76,13,17,0,0,0,9,56,35,63,21,10,48,41,45,111,79,38,48,44,28,63,59,66,111,A,,,,,,,,,,,,,,,,,,,,,,,,,,,,,,,,,,,,,,,,,,,,,,,,,,,,,,,,,,,,,,,,,,,,,,,,,,,,,,,,,
403,2026,ATP Masters 1000 Miami,1000,2026-03-18T00:00:00,2026-03-29T00:00:00,Hard,96,9415725,$,MS047,Round of 64,01:25:52,"Game Set and Match Stefanos Tsitsipas. 
 Stefanos Tsitsipas wins the match  6-3  7-6(3).",F,3,TE51,S. Tsitsipas,A. de Minaur,TE51,DH58,GRE,AUS,,5,"Game Set and Match Stefanos Tsitsipas. 
 Stefanos Tsitsipas wins the match  6-3  7-6(3).",S. Tsitsipas,A. de Minaur,,5,GRE,AUS,6-3,7-6(3),,,,01:25:52,274,/en/stats/leaderboard?page=serve,0,1,67,16,24,56,9,16,75,6,8,50,1,2,4,317,/en/stats/leaderboard?page=serve,0,2,72,18,25,100,18,18,43,3,7,100,2,2,5,57,/en/stats/leaderboard?page=return,0,0,18,57,4,7,0,0,2,5,144,/en/stats/leaderboard?page=return,44,7,16,25,2,8,50,1,2,4,63,15,24,16,4,25,39,19,49,84,21,25,38,9,24,61,30,49,281,/en/stats/leaderboard?page=serve,2,1,59,27,46,70,19,27,53,10,19,100,3,3,6,335,/en/stats/leaderboard?page=serve,1,3,71,22,31,95,21,22,67,6,9,0,0,0,6,38,/en/stats/leaderboard?page=return,5,1,22,33,3,9,0,0,0,6,77,/en/stats/leaderboard?page=return,30,8,27,47,9,19,0,0,3,6,63,29,46,13,4,31,43,33,77,87,27,31,37,17,46,57,44,77,275,/en/stats/leaderboard?page=serve,2,2,61,43,70,65,28,43,59,16,27,80,4,5,10,329,/en/stats/leaderboard?page=serve,1,5,71,40,56,98,39,40,56,9,16,100,2,2,11,63,44,70,14,8,56,41,52,126,86,48,56,37,26,70,59,74,126,A,3.0,,,,,,,,,,,,,,,,,,,,,,,,,,,,,,,,,,,,,,,,,,,,,,,,,,,,,,,,,,,,,,,,,,,,,,,,,,,,,,,,
403,2026,ATP Masters 1000 Miami,1000,2026-03-18T00:00:00,2026-03-29T00:00:00,Hard,96,9415725,$,MS048,Round of 64,02:22:09,"Game Set and Match Alexander Shevchenko. 
 Alexander Shevchenko wins the match  6-7(3) 7-6(3) 6-3 .",F,3,S0H2,B. Shelton,A. Shevchenko,S0S1,S0H2,USA,KAZ,8,,"Game Set and Match Alexander Shevchenko. 
 Alexander Shevchenko wins the match  6-7(3) 7-6(3) 6-3 .",A. Shevchenko,B. Shelton,,8,KAZ,USA,7-6(3),6-7(3),3-6,,,02:22:09,343,/en/stats/leaderboard?page=serve,0,7,61,20,33,90,18,20,85,11,13,0,0,0,6,328,/en/stats/leaderboard?page=serve,0,6,75,30,40,77,23,30,70,7,10,100,3,3,6,53,/en/stats/leaderboard?page=return,23,7,30,30,3,10,0,0,3,6,25,/en/stats/leaderboard?page=return,10,2,20,15,2,13,0,0,0,6,88,29,33,25,10,40,53,39,73,75,30,40,12,4,33,47,34,73,317,/en/stats/leaderboard?page=serve,0,4,72,26,36,81,21,26,60,6,10,0,0,0,6,305,/en/stats/leaderboard?page=serve,1,2,61,27,44,78,21,27,65,11,17,100,2,2,6,57,/en/stats/leaderboard?page=return,22,6,27,35,6,17,0,0,2,6,59,/en/stats/leaderboard?page=return,19,5,26,40,4,10,0,0,0,6,75,27,36,27,12,44,49,39,80,73,32,44,25,9,36,51,41,80,316,/en/stats/leaderboard?page=serve,2,17,69,68,99,81,55,68,58,18,31,50,1,2,16,317,/en/stats/leaderboard?page=serve,2,11,65,72,111,79,57,72,64,25,39,100,5,5,17,74,73,99,26,29,111,49,102,210,74,82,111,26,26,99,51,108,210,B,3.0,,3.0,238.0,/en/stats/leaderboard?page=serve,2.0,6.0,73.0,22.0,30.0,73.0,16.0,22.0,13.0,1.0,8.0,50.0,1.0,2.0,4.0,303.0,/en/stats/leaderboard?page=serve,1.0,3.0,56.0,15.0,27.0,87.0,13.0,15.0,58.0,7.0,12.0,0.0,0.0,0.0,5.0,55.0,/en/stats/leaderboard?page=return,13.0,2.0,15.0,42.0,5.0,12.0,0.0,0.0,0.0,5.0,190.0,/en/stats/leaderboard?page=return,27.0,6.0,22.0,88.0,7.0,8.0,50.0,1.0,2.0,4.0,57.0,17.0,30.0,26.0,7.0,27.0,42.0,24.0,57.0,74.0,20.0,27.0,43.0,13.0,30.0,58.0,33.0,57.0,,
403,2026,ATP Masters 1000 Miami,1000,2026-03-18T00:00:00,2026-03-29T00:00:00,Hard,96,9415725,$,MS049,Round of 64,01:08:18,"Game Set and Match Ugo Humbert. 
 Ugo Humbert wins the match  6-1  6-4 .",F,3,HH26,G. Diallo,U. Humbert,D0F6,HH26,CAN,FRA,,31,"Game Set and Match Ugo Humbert. 
 Ugo Humbert wins the match  6-1  6-4 .",U. Humbert,G. Diallo,31,,FRA,CAN,1-6,4-6,,,,01:08:18,213,/en/stats/leaderboard?page=serve,0,0,80,12,15,33,4,12,67,2,3,33,1,3,3,307,/en/stats/leaderboard?page=serve,0,1,64,14,22,79,11,14,63,5,8,0,0,0,4,59,/en/stats/leaderboard?page=return,21,3,14,38,3,8,0,0,0,4,233,/en/stats/leaderboard?page=return,67,8,12,33,1,3,67,2,3,3,40,6,15,27,6,22,32,12,37,73,16,22,60,9,15,68,25,37,258,/en/stats/leaderboard?page=serve,2,4,67,22,33,73,16,22,36,4,11,80,4,5,5,318,/en/stats/leaderboard?page=serve,1,2,60,15,25,87,13,15,70,7,10,0,0,0,5,43,/en/stats/leaderboard?page=return,13,2,15,30,3,10,0,0,0,5,131,/en/stats/leaderboard?page=return,27,6,22,64,7,11,20,1,5,5,61,20,33,20,5,25,43,25,58,80,20,25,39,13,33,57,33,58,237,/en/stats/leaderboard?page=serve,2,4,71,34,48,59,20,34,43,6,14,63,5,8,8,314,/en/stats/leaderboard?page=serve,1,3,62,29,47,83,24,29,67,12,18,0,0,0,9,54,26,48,23,11,47,39,37,95,77,36,47,46,22,48,61,58,95,B,,,,,,,,,,,,,,,,,,,,,,,,,,,,,,,,,,,,,,,,,,,,,,,,,,,,,,,,,,,,,,,,,,,,,,,,,,,,,,,,,
403,2026,ATP Masters 1000 Miami,1000,2026-03-18T00:00:00,2026-03-29T00:00:00,Hard,96,9415725,$,MS050,Round of 64,01:24:46,"Game Set and Match Francisco Cerundolo. 
 Francisco Cerundolo wins the match  6-4  6-2 .",F,3,C0AU,F. Cerundolo,T. Tirante,C0AU,T0A1,ARG,ARG,18,,"Game Set and Match Francisco Cerundolo. 
 Francisco Cerundolo wins the match  6-4  6-2 .",F. Cerundolo,T. Tirante,18,,ARG,ARG,6-4,6-2,,,,01:24:46,195,/en/stats/leaderboard?page=serve,0,3,61,20,33,60,12,20,31,4,13,25,1,4,5,222,/en/stats/leaderboard?page=serve,3,0,55,16,29,56,9,16,54,7,13,0,0,2,5,230,/en/stats/leaderboard?page=return,44,7,16,46,6,13,100,2,2,5,244,/en/stats/leaderboard?page=return,40,8,20,69,9,13,75,3,4,5,48,16,33,45,13,29,47,29,62,55,16,29,52,17,33,53,33,62,214,/en/stats/leaderboard?page=serve,1,2,57,12,21,50,6,12,56,5,9,33,1,3,4,300,/en/stats/leaderboard?page=serve,1,1,52,12,23,75,9,12,73,8,11,0,0,0,4,52,/en/stats/leaderboard?page=return,25,3,12,27,3,11,0,0,0,4,211,/en/stats/leaderboard?page=return,50,6,12,44,4,9,67,2,3,4,52,11,21,26,6,23,39,17,44,74,17,23,48,10,21,61,27,44,204,/en/stats/leaderboard?page=serve,1,5,59,32,54,56,18,32,41,9,22,29,2,7,9,255,/en/stats/leaderboard?page=serve,4,1,54,28,52,64,18,28,63,15,24,0,0,2,9,50,27,54,37,19,52,43,46,106,63,33,52,50,27,54,57,60,106,A,,,,,,,,,,,,,,,,,,,,,,,,,,,,,,,,,,,,,,,,,,,,,,,,,,,,,,,,,,,,,,,,,,,,,,,,,,,,,,,,,
403,2026,ATP Masters 1000 Miami,1000,2026-03-18T00:00:00,2026-03-29T00:00:00,Hard,96,9415725,$,MS051,Round of 64,02:04:28,"Game Set and Match Daniil Medvedev. 
 Daniil Medvedev wins the match  6-7(10) 6-3  6-1 .",F,3,MM58,R. Sakamoto,D. Medvedev,S0UV,MM58,JPN,RUS,,9,"Game Set and Match Daniil Medvedev. 
 Daniil Medvedev wins the match  6-7(10) 6-3  6-1 .",D. Medvedev,R. Sakamoto,9,,RUS,JPN,7-6(10),3-6,1-6,,,02:04:28,298,/en/stats/leaderboard?page=serve,2,2,58,26,45,77,20,26,63,12,19,100,2,2,6,312,/en/stats/leaderboard?page=serve,2,8,77,33,43,79,26,33,50,5,10,100,2,2,6,71,/en/stats/leaderboard?page=return,21,7,33,50,5,10,0,0,2,6,60,/en/stats/leaderboard?page=return,23,6,26,37,7,19,0,0,2,6,71,32,45,28,12,43,50,44,88,72,31,43,29,13,45,50,44,88,259,/en/stats/leaderboard?page=serve,0,4,67,16,24,75,12,16,38,3,8,0,0,1,4,279,/en/stats/leaderboard?page=serve,2,1,56,22,39,77,17,22,47,8,17,100,4,4,5,76,/en/stats/leaderboard?page=return,23,5,22,53,9,17,0,0,4,5,213,/en/stats/leaderboard?page=return,25,4,16,63,5,8,100,1,1,4,63,15,24,36,14,39,46,29,63,64,25,39,38,9,24,54,34,63,249,/en/stats/leaderboard?page=serve,2,6,56,52,93,67,35,52,51,21,41,56,5,9,14,308,/en/stats/leaderboard?page=serve,4,9,69,65,94,82,53,65,52,15,29,100,6,6,14,60,56,93,28,26,94,44,82,187,72,68,94,40,37,93,56,105,187,B,,,10.0,140.0,/en/stats/leaderboard?page=serve,0.0,0.0,42.0,10.0,24.0,30.0,3.0,10.0,43.0,6.0,14.0,50.0,3.0,6.0,4.0,383.0,/en/stats/leaderboard?page=serve,0.0,0.0,83.0,10.0,12.0,100.0,10.0,10.0,100.0,2.0,2.0,0.0,0.0,0.0,3.0,0.0,/en/stats/leaderboard?page=return,0.0,0.0,10.0,0.0,0.0,2.0,0.0,0.0,0.0,3.0,252.0,/en/stats/leaderboard?page=return,70.0,7.0,10.0,57.0,8.0,14.0,50.0,3.0,6.0,4.0,38.0,9.0,24.0,0.0,0.0,12.0,25.0,9.0,36.0,100.0,12.0,12.0,63.0,15.0,24.0,75.0,27.0,36.0,,
403,2026,ATP Masters 1000 Miami,1000,2026-03-18T00:00:00,2026-03-29T00:00:00,Hard,96,9415725,$,MS052,Round of 64,01:50:30,"Game Set and Match Quentin Halys. 
 Quentin Halys wins the match  7-6(8) 6-4 .",F,3,HB64,A. Davidovich Fokina,Q. Halys,DH50,HB64,ESP,FRA,16,,"Game Set and Match Quentin Halys. 
 Quentin Halys wins the match  7-6(8) 6-4 .",Q. Halys,A. Davidovich Fokina,,16,FRA,ESP,6-7(8),4-6,,,,01:50:30,315,/en/stats/leaderboard?page=serve,0,4,66,27,41,81,22,27,64,9,14,100,1,1,6,305,/en/stats/leaderboard?page=serve,1,8,67,32,48,75,24,32,56,9,16,100,1,1,6,69,/en/stats/leaderboard?page=return,25,8,32,44,7,16,0,0,1,6,55,/en/stats/leaderboard?page=return,19,5,27,36,5,14,0,0,1,6,76,31,41,31,15,48,52,46,89,69,33,48,24,10,41,48,43,89,281,/en/stats/leaderboard?page=serve,2,1,72,21,29,67,14,21,63,5,8,67,2,3,5,292,/en/stats/leaderboard?page=serve,0,7,59,22,37,73,16,22,53,8,15,100,1,1,5,74,/en/stats/leaderboard?page=return,27,6,22,47,7,15,0,0,1,5,124,/en/stats/leaderboard?page=return,33,7,21,38,3,8,33,1,3,5,66,19,29,35,13,37,48,32,66,65,24,37,34,10,29,52,34,66,301,/en/stats/leaderboard?page=serve,2,5,69,48,70,75,36,48,64,14,22,75,3,4,11,307,/en/stats/leaderboard?page=serve,1,15,64,54,85,74,40,54,55,17,31,100,2,2,11,71,50,70,33,28,85,50,78,155,67,57,85,29,20,70,50,77,155,B,,8.0,,,,,,,,,,,,,,,,,,,,,,,,,,,,,,,,,,,,,,,,,,,,,,,,,,,,,,,,,,,,,,,,,,,,,,,,,,,,,,,
403,2026,ATP Masters 1000 Miami,1000,2026-03-18T00:00:00,2026-03-29T00:00:00,Hard,96,9415725,$,MS053,Round of 64,01:41:47,"Game Set and Match Kamil Majchrzak. 
 Kamil Majchrzak wins the match  6-2  4-6  6-2 .",F,3,MQ75,K. Majchrzak,L. Tien,MQ75,T0HA,POL,USA,,20,"Game Set and Match Kamil Majchrzak. 
 Kamil Majchrzak wins the match  6-2  4-6  6-2 .",K. Majchrzak,L. Tien,,20,POL,USA,6-2,4-6,6-2,,,01:41:47,198,/en/stats/leaderboard?page=serve,2,4,48,12,25,67,8,12,31,4,13,33,1,3,4,332,/en/stats/leaderboard?page=serve,0,0,81,17,21,76,13,17,75,3,4,0,0,0,4,49,/en/stats/leaderboard?page=return,24,4,17,25,1,4,0,0,0,4,219,/en/stats/leaderboard?page=return,33,4,12,69,9,13,67,2,3,4,48,12,25,24,5,21,37,17,46,76,16,21,52,13,25,63,29,46,284,/en/stats/leaderboard?page=serve,1,4,63,19,30,74,14,19,64,7,11,67,2,3,5,232,/en/stats/leaderboard?page=serve,0,4,69,22,32,59,13,22,40,4,10,60,3,5,5,181,/en/stats/leaderboard?page=return,41,9,22,60,6,10,40,2,5,5,115,/en/stats/leaderboard?page=return,26,5,19,36,4,11,33,1,3,5,70,21,30,47,15,32,58,36,62,53,17,32,30,9,30,42,26,62,233,/en/stats/leaderboard?page=serve,6,10,57,48,84,67,32,48,44,16,36,62,8,13,13,293,/en/stats/leaderboard?page=serve,0,6,76,54,71,74,40,54,53,9,17,60,3,5,13,57,48,84,31,22,71,45,70,155,69,49,71,43,36,84,55,85,155,A,,,,209.0,/en/stats/leaderboard?page=serve,3.0,2.0,59.0,17.0,29.0,59.0,10.0,17.0,42.0,5.0,12.0,71.0,5.0,7.0,4.0,345.0,/en/stats/leaderboard?page=serve,0.0,2.0,83.0,15.0,18.0,93.0,14.0,15.0,67.0,2.0,3.0,0.0,0.0,0.0,4.0,40.0,/en/stats/leaderboard?page=return,7.0,1.0,15.0,33.0,1.0,3.0,0.0,0.0,0.0,4.0,178.0,/en/stats/leaderboard?page=return,41.0,7.0,17.0,58.0,7.0,12.0,29.0,2.0,7.0,4.0,52.0,15.0,29.0,11.0,2.0,18.0,36.0,17.0,47.0,89.0,16.0,18.0,48.0,14.0,29.0,64.0,30.0,47.0,,
403,2026,ATP Masters 1000 Miami,1000,2026-03-18T00:00:00,2026-03-29T00:00:00,Hard,96,9415725,$,MS054,Round of 64,02:24:40,"Game Set and Match Marin Cilic. 
 Marin Cilic wins the match  2-6  6-4  7-6(7).",F,3,C977,B. Nakashima,M. Cilic,N0AE,C977,USA,CRO,27,,"Game Set and Match Marin Cilic. 
 Marin Cilic wins the match  2-6  6-4  7-6(7).",M. Cilic,B. Nakashima,,27,CRO,USA,6-2,4-6,6-7(7),,,02:24:40,331,/en/stats/leaderboard?page=serve,0,4,86,19,22,74,14,19,67,2,3,0,0,0,4,200,/en/stats/leaderboard?page=serve,1,4,57,17,30,59,10,17,31,4,13,71,5,7,4,189,/en/stats/leaderboard?page=return,41,7,17,69,9,13,29,2,7,4,59,/en/stats/leaderboard?page=return,26,5,19,33,1,3,0,0,0,4,73,16,22,53,16,30,62,32,52,47,14,30,27,6,22,38,20,52,261,/en/stats/leaderboard?page=serve,0,3,56,18,32,72,13,18,50,7,14,50,1,2,5,326,/en/stats/leaderboard?page=serve,0,7,68,17,25,88,15,17,63,5,8,0,0,0,5,50,/en/stats/leaderboard?page=return,12,2,17,38,3,8,0,0,0,5,148,/en/stats/leaderboard?page=return,28,5,18,50,7,14,50,1,2,5,63,20,32,20,5,25,44,25,57,80,20,25,38,12,32,56,32,57,300,/en/stats/leaderboard?page=serve,0,12,71,68,96,78,53,68,46,13,28,50,1,2,15,295,/en/stats/leaderboard?page=serve,1,18,62,58,93,79,46,58,51,18,35,71,5,7,15,69,66,96,31,29,93,50,95,189,69,64,93,31,30,96,50,94,189,B,,,,299.0,/en/stats/leaderboard?page=serve,0.0,5.0,74.0,31.0,42.0,84.0,26.0,31.0,36.0,4.0,11.0,0.0,0.0,0.0,6.0,322.0,/en/stats/leaderboard?page=serve,0.0,7.0,63.0,24.0,38.0,88.0,21.0,24.0,64.0,9.0,14.0,0.0,0.0,0.0,6.0,49.0,/en/stats/leaderboard?page=return,13.0,3.0,24.0,36.0,5.0,14.0,0.0,0.0,0.0,6.0,80.0,/en/stats/leaderboard?page=return,16.0,5.0,31.0,64.0,7.0,11.0,0.0,0.0,0.0,6.0,71.0,30.0,42.0,21.0,8.0,38.0,48.0,38.0,80.0,79.0,30.0,38.0,29.0,12.0,42.0,53.0,42.0,80.0,7.0,
403,2026,ATP Masters 1000 Miami,1000,2026-03-18T00:00:00,2026-03-29T00:00:00,Hard,96,9415725,$,MS055,Round of 64,01:09:32,"Game Set and Match Alexander Zverev. 
 Alexander Zverev wins the match  6-2  6-4 .",F,3,Z355,M. Damm,A. Zverev,D0DT,Z355,USA,GER,,3,"Game Set and Match Alexander Zverev. 
 Alexander Zverev wins the match  6-2  6-4 .",A. Zverev,M. Damm,3,,GER,USA,2-6,4-6,,,,01:09:32,204,/en/stats/leaderboard?page=serve,3,2,56,18,32,56,10,18,43,6,14,71,5,7,4,323,/en/stats/leaderboard?page=serve,0,1,53,10,19,80,8,10,89,8,9,0,0,0,4,31,/en/stats/leaderboard?page=return,20,2,10,11,1,9,0,0,0,4,180,/en/stats/leaderboard?page=return,44,8,18,57,8,14,29,2,7,4,50,16,32,16,3,19,37,19,51,84,16,19,50,16,32,63,32,51,271,/en/stats/leaderboard?page=serve,3,3,64,18,28,67,12,18,60,6,10,0,0,1,5,373,/en/stats/leaderboard?page=serve,0,3,70,14,20,100,14,14,100,6,6,0,0,0,5,0,/en/stats/leaderboard?page=return,0,0,14,0,0,6,0,0,0,5,193,/en/stats/leaderboard?page=return,33,6,18,40,4,10,100,1,1,5,64,18,28,0,0,20,38,18,48,100,20,20,36,10,28,63,30,48,236,/en/stats/leaderboard?page=serve,6,5,60,36,60,61,22,36,50,12,24,63,5,8,9,351,/en/stats/leaderboard?page=serve,0,4,62,24,39,92,22,24,93,14,15,0,0,0,9,57,34,60,8,3,39,37,37,99,92,36,39,43,26,60,63,62,99,B,,,,,,,,,,,,,,,,,,,,,,,,,,,,,,,,,,,,,,,,,,,,,,,,,,,,,,,,,,,,,,,,,,,,,,,,,,,,,,,,,
403,2026,ATP Masters 1000 Miami,1000,2026-03-18T00:00:00,2026-03-29T00:00:00,Hard,96,9415725,$,MS056,Round of 64,02:10:21,"Game Set and Match Felix Auger-Aliassime. 
 Felix Auger-Aliassime wins the match  7-6(3) 7-5 .",F,3,AG37,F. Auger-Aliassime,M. Fucsovics,AG37,F724,CAN,HUN,7,,"Game Set and Match Felix Auger-Aliassime. 
 Felix Auger-Aliassime wins the match  7-6(3) 7-5 .",F. Auger-Aliassime,M. Fucsovics,7,,CAN,HUN,7-6(3),7-5,,,,02:10:21,254,/en/stats/leaderboard?page=serve,3,4,55,27,49,74,20,27,41,9,22,0,0,1,6,300,/en/stats/leaderboard?page=serve,0,2,72,26,36,73,19,26,70,7,10,50,1,2,6,123,/en/stats/leaderboard?page=return,27,7,26,30,3,10,50,1,2,6,201,/en/stats/leaderboard?page=return,26,7,27,59,13,22,100,1,1,6,59,29,49,28,10,36,46,39,85,72,26,36,41,20,49,54,46,85,208,/en/stats/leaderboard?page=serve,3,0,61,25,41,56,14,25,44,7,16,40,2,5,6,253,/en/stats/leaderboard?page=serve,1,4,68,28,41,54,15,28,62,8,13,71,5,7,6,146,/en/stats/leaderboard?page=return,46,13,28,38,5,13,29,2,7,6,210,/en/stats/leaderboard?page=return,44,11,25,56,9,16,60,3,5,6,51,21,41,44,18,41,48,39,82,56,23,41,49,20,41,52,43,82,229,/en/stats/leaderboard?page=serve,6,4,58,52,90,65,34,52,42,16,38,33,2,6,12,278,/en/stats/leaderboard?page=serve,1,6,70,54,77,63,34,54,65,15,23,67,6,9,12,56,50,90,36,28,77,47,78,167,64,49,77,44,40,90,53,89,167,A,,3.0,,,,,,,,,,,,,,,,,,,,,,,,,,,,,,,,,,,,,,,,,,,,,,,,,,,,,,,,,,,,,,,,,,,,,,,,,,,,,,,
403,2026,ATP Masters 1000 Miami,1000,2026-03-18T00:00:00,2026-03-29T00:00:00,Hard,96,9415725,$,MS057,Round of 64,01:31:30,"Game Set and Match Terence Atmane. 
 Terence Atmane wins the match  7-6(4) 6-3 .",F,3,A0GC,T. Atmane,A. Rinderknech,A0GC,RC91,FRA,FRA,,26,"Game Set and Match Terence Atmane. 
 Terence Atmane wins the match  7-6(4) 6-3 .",T. Atmane,A. Rinderknech,,26,FRA,FRA,7-6(4),6-3,,,,01:31:30,329,/en/stats/leaderboard?page=serve,0,4,77,27,35,85,23,27,63,5,8,0,0,0,6,338,/en/stats/leaderboard?page=serve,0,4,62,21,34,95,20,21,77,10,13,0,0,0,6,28,/en/stats/leaderboard?page=return,5,1,21,23,3,13,0,0,0,6,53,/en/stats/leaderboard?page=return,15,4,27,38,3,8,0,0,0,6,80,28,35,12,4,34,46,32,69,88,30,34,20,7,35,54,37,69,247,/en/stats/leaderboard?page=serve,1,4,55,17,31,71,12,17,43,6,14,75,3,4,4,304,/en/stats/leaderboard?page=serve,0,4,66,19,29,84,16,19,50,5,10,0,0,0,5,66,/en/stats/leaderboard?page=return,16,3,19,50,5,10,0,0,0,5,136,/en/stats/leaderboard?page=return,29,5,17,57,8,14,25,1,4,4,58,18,31,28,8,29,43,26,60,72,21,29,42,13,31,57,34,60,294,/en/stats/leaderboard?page=serve,1,8,67,44,66,80,35,44,50,11,22,75,3,4,10,326,/en/stats/leaderboard?page=serve,0,8,63,40,63,90,36,40,65,15,23,0,0,0,11,70,46,66,19,12,63,45,58,129,81,51,63,30,20,66,55,71,129,A,,4.0,,,,,,,,,,,,,,,,,,,,,,,,,,,,,,,,,,,,,,,,,,,,,,,,,,,,,,,,,,,,,,,,,,,,,,,,,,,,,,,
403,2026,ATP Masters 1000 Miami,1000,2026-03-18T00:00:00,2026-03-29T00:00:00,Hard,96,9415725,$,MS058,Round of 64,01:31:21,"Game Set and Match Frances Tiafoe. 
 Frances Tiafoe wins the match  7-6(1) 6-1 .",F,3,TD51,F. Tiafoe,A. Cazaux,TD51,C0H0,USA,FRA,19,,"Game Set and Match Frances Tiafoe. 
 Frances Tiafoe wins the match  7-6(1) 6-1 .",F. Tiafoe,A. Cazaux,19,,USA,FRA,7-6(1),6-1,,,,01:31:21,265,/en/stats/leaderboard?page=serve,2,6,70,30,43,70,21,30,38,5,13,80,4,5,6,297,/en/stats/leaderboard?page=serve,0,3,64,23,36,70,16,23,77,10,13,75,3,4,6,94,/en/stats/leaderboard?page=return,30,7,23,23,3,13,25,1,4,6,128,/en/stats/leaderboard?page=return,30,9,30,62,8,13,20,1,5,6,60,26,43,28,10,36,46,36,79,72,26,36,40,17,43,54,43,79,181,/en/stats/leaderboard?page=serve,0,1,53,9,17,56,5,9,38,3,8,0,0,2,3,296,/en/stats/leaderboard?page=serve,0,2,75,21,28,76,16,21,43,3,7,100,1,1,4,81,/en/stats/leaderboard?page=return,24,5,21,57,4,7,0,0,1,4,273,/en/stats/leaderboard?page=return,44,4,9,63,5,8,100,2,2,3,47,8,17,32,9,28,38,17,45,68,19,28,53,9,17,62,28,45,241,/en/stats/leaderboard?page=serve,2,7,65,39,60,67,26,39,38,8,21,57,4,7,9,302,/en/stats/leaderboard?page=serve,0,5,69,44,64,73,32,44,65,13,20,80,4,5,10,57,34,60,30,19,64,43,53,124,70,45,64,43,26,60,57,71,124,A,,1.0,,,,,,,,,,,,,,,,,,,,,,,,,,,,,,,,,,,,,,,,,,,,,,,,,,,,,,,,,,,,,,,,,,,,,,,,,,,,,,,
403,2026,ATP Masters 1000 Miami,1000,2026-03-18T00:00:00,2026-03-29T00:00:00,Hard,96,9415725,$,MS059,Round of 64,01:52:57,"Game Set and Match Jakub Mensik. 
 Jakub Mensik wins the match  3-6  6-2  6-4 .",F,3,M0NI,A. Walton,J. Mensik,W09E,M0NI,AUS,CZE,,12,"Game Set and Match Jakub Mensik. 
 Jakub Mensik wins the match  3-6  6-2  6-4 .",J. Mensik,A. Walton,12,,CZE,AUS,6-3,2-6,4-6,,,01:52:57,319,/en/stats/leaderboard?page=serve,0,3,70,16,23,75,12,16,71,5,7,100,2,2,4,230,/en/stats/leaderboard?page=serve,2,4,64,25,39,68,17,25,36,5,14,78,7,9,5,158,/en/stats/leaderboard?page=return,32,8,25,64,9,14,22,2,9,5,54,/en/stats/leaderboard?page=return,25,4,16,29,2,7,0,0,2,4,74,17,23,44,17,39,55,34,62,56,22,39,26,6,23,45,28,62,190,/en/stats/leaderboard?page=serve,0,0,50,10,20,40,4,10,50,5,10,33,1,3,4,338,/en/stats/leaderboard?page=serve,0,4,67,12,18,100,12,12,67,4,6,0,0,0,4,33,/en/stats/leaderboard?page=return,0,0,12,33,2,6,0,0,0,4,227,/en/stats/leaderboard?page=return,60,6,10,50,5,10,67,2,3,4,45,9,20,11,2,18,29,11,38,89,16,18,55,11,20,71,27,38,270,/en/stats/leaderboard?page=serve,0,6,65,54,83,57,31,54,66,19,29,57,4,7,13,291,/en/stats/leaderboard?page=serve,4,16,66,55,83,82,45,55,46,13,28,78,7,9,14,60,50,83,30,25,83,45,75,166,70,58,83,40,33,83,55,91,166,B,,,,282.0,/en/stats/leaderboard?page=serve,0.0,3.0,70.0,28.0,40.0,54.0,15.0,28.0,75.0,9.0,12.0,50.0,1.0,2.0,5.0,314.0,/en/stats/leaderboard?page=serve,2.0,8.0,69.0,18.0,26.0,89.0,16.0,18.0,50.0,4.0,8.0,0.0,0.0,0.0,5.0,61.0,/en/stats/leaderboard?page=return,11.0,2.0,18.0,50.0,4.0,8.0,0.0,0.0,0.0,5.0,141.0,/en/stats/leaderboard?page=return,46.0,13.0,28.0,25.0,3.0,12.0,50.0,1.0,2.0,5.0,60.0,24.0,40.0,23.0,6.0,26.0,45.0,30.0,66.0,77.0,20.0,26.0,40.0,16.0,40.0,55.0,36.0,66.0,,
403,2026,ATP Masters 1000 Miami,1000,2026-03-18T00:00:00,2026-03-29T00:00:00,Hard,96,9415725,$,MS060,Round of 64,02:06:31,"Game Set and Match Alejandro Tabilo. 
 Alejandro Tabilo wins the match  6-7(5) 6-2  6-4 .",F,3,TE30,A. Rublev,A. Tabilo,RE44,TE30,RUS,CHI,15,,"Game Set and Match Alejandro Tabilo. 
 Alejandro Tabilo wins the match  6-7(5) 6-2  6-4 .",A. Tabilo,A. Rublev,,15,CHI,RUS,7-6(5),2-6,4-6,,,02:06:31,295,/en/stats/leaderboard?page=serve,2,8,73,32,44,91,29,32,25,3,12,100,1,1,6,332,/en/stats/leaderboard?page=serve,1,6,75,27,36,74,20,27,78,7,9,0,0,0,6,48,/en/stats/leaderboard?page=return,26,7,27,22,2,9,0,0,0,6,84,/en/stats/leaderboard?page=return,9,3,32,75,9,12,0,0,1,6,73,32,44,25,9,36,51,41,80,75,27,36,27,12,44,49,39,80,215,/en/stats/leaderboard?page=serve,2,3,63,17,27,71,12,17,30,3,10,50,2,4,4,289,/en/stats/leaderboard?page=serve,3,3,67,18,27,78,14,18,44,4,9,0,0,0,4,78,/en/stats/leaderboard?page=return,22,4,18,56,5,9,0,0,0,4,199,/en/stats/leaderboard?page=return,29,5,17,70,7,10,50,2,4,4,56,15,27,33,9,27,44,24,54,67,18,27,44,12,27,56,30,54,276,/en/stats/leaderboard?page=serve,4,15,69,66,96,83,55,66,33,10,30,57,4,7,15,311,/en/stats/leaderboard?page=serve,5,12,70,64,92,77,49,64,57,16,28,0,0,0,15,68,65,96,29,27,92,49,92,188,71,65,92,32,31,96,51,96,188,B,,,5.0,284.0,/en/stats/leaderboard?page=serve,0.0,4.0,68.0,17.0,25.0,82.0,14.0,17.0,50.0,4.0,8.0,50.0,1.0,2.0,5.0,297.0,/en/stats/leaderboard?page=serve,1.0,3.0,66.0,19.0,29.0,79.0,15.0,19.0,50.0,5.0,10.0,0.0,0.0,0.0,5.0,71.0,/en/stats/leaderboard?page=return,21.0,4.0,19.0,50.0,5.0,10.0,0.0,0.0,0.0,5.0,138.0,/en/stats/leaderboard?page=return,18.0,3.0,17.0,50.0,4.0,8.0,50.0,1.0,2.0,5.0,72.0,18.0,25.0,31.0,9.0,29.0,50.0,27.0,54.0,69.0,20.0,29.0,28.0,7.0,25.0,50.0,27.0,54.0,,
403,2026,ATP Masters 1000 Miami,1000,2026-03-18T00:00:00,2026-03-29T00:00:00,Hard,96,9415725,$,MS061,Round of 64,02:36:01,"Game Set and Match Alex Michelsen. 
 Alex Michelsen wins the match  7-5 6-7(4) 6-4 .",F,3,M0QI,A. Michelsen,C. Norrie,M0QI,N771,USA,GBR,,23,"Game Set and Match Alex Michelsen. 
 Alex Michelsen wins the match  7-5 6-7(4) 6-4 .",A. Michelsen,C. Norrie,,23,USA,GBR,7-5,6-7(4),6-4,,,02:36:01,259,/en/stats/leaderboard?page=serve,1,4,53,24,45,63,15,24,57,12,21,86,6,7,6,326,/en/stats/leaderboard?page=serve,0,3,61,19,31,79,15,19,83,10,12,100,1,1,6,38,/en/stats/leaderboard?page=return,21,4,19,17,2,12,0,0,1,6,111,/en/stats/leaderboard?page=return,38,9,24,43,9,21,14,1,7,6,60,27,45,19,6,31,43,33,76,81,25,31,40,18,45,57,43,76,287,/en/stats/leaderboard?page=serve,0,3,66,27,41,78,21,27,57,8,14,50,1,2,6,277,/en/stats/leaderboard?page=serve,1,3,65,26,40,77,20,26,50,7,14,75,3,4,6,114,/en/stats/leaderboard?page=return,23,6,26,50,7,14,25,1,4,6,131,/en/stats/leaderboard?page=return,22,6,27,43,6,14,50,1,2,6,71,29,41,33,13,40,52,42,81,68,27,40,29,12,41,48,39,81,275,/en/stats/leaderboard?page=serve,2,9,59,66,112,70,46,66,57,26,46,70,7,10,17,309,/en/stats/leaderboard?page=serve,1,9,63,61,97,80,49,61,64,23,36,80,4,5,17,64,72,112,26,25,97,46,97,209,74,72,97,36,40,112,54,112,209,A,,,,261.0,/en/stats/leaderboard?page=serve,1.0,2.0,58.0,15.0,26.0,67.0,10.0,15.0,55.0,6.0,11.0,0.0,0.0,1.0,5.0,313.0,/en/stats/leaderboard?page=serve,0.0,3.0,62.0,16.0,26.0,88.0,14.0,16.0,60.0,6.0,10.0,0.0,0.0,0.0,5.0,53.0,/en/stats/leaderboard?page=return,13.0,2.0,16.0,40.0,4.0,10.0,0.0,0.0,0.0,5.0,198.0,/en/stats/leaderboard?page=return,33.0,5.0,15.0,45.0,5.0,11.0,100.0,1.0,1.0,5.0,62.0,16.0,26.0,23.0,6.0,26.0,42.0,22.0,52.0,77.0,20.0,26.0,38.0,10.0,26.0,58.0,30.0,52.0,,4.0
403,2026,ATP Masters 1000 Miami,1000,2026-03-18T00:00:00,2026-03-29T00:00:00,Hard,96,9415725,$,MS062,Round of 64,01:48:57,"Game Set and Match Corentin Moutet. 
 Corentin Moutet wins the match  6-0  1-6  6-4 .",F,3,MW02,C. Moutet,T. Machac,MW02,M0FH,FRA,CZE,30,,"Game Set and Match Corentin Moutet. 
 Corentin Moutet wins the match  6-0  1-6  6-4 .",C. Moutet,T. Machac,30,,FRA,CZE,6-0,1-6,6-4,,,01:48:57,117,/en/stats/leaderboard?page=serve,0,0,75,12,16,17,2,12,25,1,4,0,0,3,3,298,/en/stats/leaderboard?page=serve,0,3,75,15,20,80,12,15,40,2,5,100,1,1,3,80,/en/stats/leaderboard?page=return,20,3,15,60,3,5,0,0,1,3,358,/en/stats/leaderboard?page=return,83,10,12,75,3,4,100,3,3,3,19,3,16,30,6,20,25,9,36,70,14,20,81,13,16,75,27,36,287,/en/stats/leaderboard?page=serve,0,0,50,11,22,64,7,11,73,8,11,0,0,0,3,165,/en/stats/leaderboard?page=serve,1,3,69,18,26,56,10,18,13,1,8,25,1,4,4,282,/en/stats/leaderboard?page=return,44,8,18,88,7,8,75,3,4,4,63,/en/stats/leaderboard?page=return,36,4,11,27,3,11,0,0,0,3,68,15,22,58,15,26,63,30,48,42,11,26,32,7,22,38,18,48,248,/en/stats/leaderboard?page=serve,0,3,65,40,62,58,23,40,59,13,22,0,0,4,11,256,/en/stats/leaderboard?page=serve,2,8,72,59,82,68,40,59,35,8,23,50,3,6,12,58,36,62,41,34,82,49,70,144,59,48,82,42,26,62,51,74,144,A,,,,293.0,/en/stats/leaderboard?page=serve,0.0,3.0,71.0,17.0,24.0,82.0,14.0,17.0,57.0,4.0,7.0,0.0,0.0,1.0,5.0,292.0,/en/stats/leaderboard?page=serve,1.0,2.0,72.0,26.0,36.0,69.0,18.0,26.0,50.0,5.0,10.0,100.0,1.0,1.0,5.0,81.0,/en/stats/leaderboard?page=return,31.0,8.0,26.0,50.0,5.0,10.0,0.0,0.0,1.0,5.0,181.0,/en/stats/leaderboard?page=return,18.0,3.0,17.0,43.0,3.0,7.0,100.0,1.0,1.0,5.0,75.0,18.0,24.0,36.0,13.0,36.0,52.0,31.0,60.0,64.0,23.0,36.0,25.0,6.0,24.0,48.0,29.0,60.0,,
403,2026,ATP Masters 1000 Miami,1000,2026-03-18T00:00:00,2026-03-29T00:00:00,Hard,96,9415725,$,MS065,Round of 128,01:50:17,"Game Set and Match Joao Fonseca. 
 Joao Fonseca wins the match  6-4  3-6  6-2 .",F,3,F0FV,F. Marozsan,J. Fonseca,M0CI,F0FV,HUN,BRA,,,"Game Set and Match Joao Fonseca. 
 Joao Fonseca wins the match  6-4  3-6  6-2 .",J. Fonseca,F. Marozsan,,,BRA,HUN,4-6,6-3,2-6,,,01:50:17,287,/en/stats/leaderboard?page=serve,0,5,71,22,31,64,14,22,67,6,9,0,0,1,5,308,/en/stats/leaderboard?page=serve,0,5,82,28,34,71,20,28,50,3,6,100,2,2,5,79,/en/stats/leaderboard?page=return,29,8,28,50,3,6,0,0,2,5,189,/en/stats/leaderboard?page=return,36,8,22,33,3,9,100,1,1,5,65,20,31,32,11,34,48,31,65,68,23,34,35,11,31,52,34,65,308,/en/stats/leaderboard?page=serve,1,2,64,18,28,83,15,18,60,6,10,100,3,3,5,251,/en/stats/leaderboard?page=serve,1,5,71,22,31,68,15,22,33,3,9,0,0,1,4,224,/en/stats/leaderboard?page=return,32,7,22,67,6,9,100,1,1,4,57,/en/stats/leaderboard?page=return,17,3,18,40,4,10,0,0,3,5,75,21,28,42,13,31,58,34,59,58,18,31,25,7,28,42,25,59,267,/en/stats/leaderboard?page=serve,4,8,63,53,84,74,39,53,48,15,31,63,5,8,14,299,/en/stats/leaderboard?page=serve,1,12,76,64,84,75,48,64,45,9,20,67,2,3,13,64,54,84,32,27,84,48,81,168,68,57,84,36,30,84,52,87,168,B,,,,202.0,/en/stats/leaderboard?page=serve,3.0,1.0,52.0,13.0,25.0,77.0,10.0,13.0,25.0,3.0,12.0,50.0,2.0,4.0,4.0,329.0,/en/stats/leaderboard?page=serve,0.0,2.0,74.0,14.0,19.0,93.0,13.0,14.0,60.0,3.0,5.0,0.0,0.0,0.0,4.0,47.0,/en/stats/leaderboard?page=return,7.0,1.0,14.0,40.0,2.0,5.0,0.0,0.0,0.0,4.0,198.0,/en/stats/leaderboard?page=return,23.0,3.0,13.0,75.0,9.0,12.0,50.0,2.0,4.0,4.0,52.0,13.0,25.0,16.0,3.0,19.0,36.0,16.0,44.0,84.0,16.0,19.0,48.0,12.0,25.0,64.0,28.0,44.0,,
403,2026,ATP Masters 1000 Miami,1000,2026-03-18T00:00:00,2026-03-29T00:00:00,Hard,96,9415725,$,MS066,Round of 128,01:52:41,"Game Set and Match Camilo Ugo Carabelli. 
 Camilo Ugo Carabelli wins the match  2-6  6-3  7-6(3).",F,3,U182,G. Mpetshi Perricard,C. Ugo Carabelli,M0GZ,U182,FRA,ARG,,,"Game Set and Match Camilo Ugo Carabelli. 
 Camilo Ugo Carabelli wins the match  2-6  6-3  7-6(3).",C. Ugo Carabelli,G. Mpetshi Perricard,,,ARG,FRA,6-2,3-6,6-7(3),,,01:52:41,396,/en/stats/leaderboard?page=serve,0,8,88,14,16,100,14,14,100,2,2,0,0,0,4,202,/en/stats/leaderboard?page=serve,0,0,54,15,28,67,10,15,31,4,13,50,2,4,4,202,/en/stats/leaderboard?page=return,33,5,15,69,9,13,50,2,4,4,0,/en/stats/leaderboard?page=return,0,0,14,0,0,2,0,0,0,4,100,16,16,50,14,28,68,30,44,50,14,28,0,0,16,32,14,44,252,/en/stats/leaderboard?page=serve,1,7,73,19,26,84,16,19,14,1,7,75,3,4,4,318,/en/stats/leaderboard?page=serve,0,2,64,18,28,72,13,18,80,8,10,100,1,1,5,48,/en/stats/leaderboard?page=return,28,5,18,20,2,10,0,0,1,5,152,/en/stats/leaderboard?page=return,16,3,19,86,6,7,25,1,4,4,65,17,26,25,7,28,44,24,54,75,21,28,35,9,26,56,30,54,304,/en/stats/leaderboard?page=serve,3,24,75,60,80,88,53,60,35,7,20,60,3,5,14,276,/en/stats/leaderboard?page=serve,0,6,55,51,92,76,39,51,59,24,41,50,3,6,15,75,60,80,32,29,92,52,89,172,68,63,92,25,20,80,48,83,172,B,,,,282.0,/en/stats/leaderboard?page=serve,2.0,9.0,71.0,27.0,38.0,85.0,23.0,27.0,36.0,4.0,11.0,0.0,0.0,1.0,6.0,293.0,/en/stats/leaderboard?page=serve,0.0,4.0,50.0,18.0,36.0,89.0,16.0,18.0,67.0,12.0,18.0,0.0,0.0,1.0,6.0,160.0,/en/stats/leaderboard?page=return,11.0,2.0,18.0,33.0,6.0,18.0,100.0,1.0,1.0,6.0,195.0,/en/stats/leaderboard?page=return,15.0,4.0,27.0,64.0,7.0,11.0,100.0,1.0,1.0,6.0,71.0,27.0,38.0,22.0,8.0,36.0,47.0,35.0,74.0,78.0,28.0,36.0,29.0,11.0,38.0,53.0,39.0,74.0,3.0,
403,2026,ATP Masters 1000 Miami,1000,2026-03-18T00:00:00,2026-03-29T00:00:00,Hard,96,9415725,$,MS069,Round of 128,01:38:38,"Game Set and Match Martin Landaluce. 
 Martin Landaluce wins the match  6-3  7-6(6).",F,3,L0IL,M. Giron,M. Landaluce,GC88,L0IL,USA,ESP,,,"Game Set and Match Martin Landaluce. 
 Martin Landaluce wins the match  6-3  7-6(6).",M. Landaluce,M. Giron,,,ESP,USA,3-6,6-7(6),,,,01:38:38,260,/en/stats/leaderboard?page=serve,1,0,64,18,28,72,13,18,50,5,10,80,4,5,4,319,/en/stats/leaderboard?page=serve,1,3,62,16,26,75,12,16,80,8,10,0,0,0,5,45,/en/stats/leaderboard?page=return,25,4,16,20,2,10,0,0,0,5,123,/en/stats/leaderboard?page=return,28,5,18,50,5,10,20,1,5,4,64,18,28,23,6,26,44,24,54,77,20,26,36,10,28,56,30,54,264,/en/stats/leaderboard?page=serve,1,3,58,30,52,80,24,30,41,9,22,80,4,5,6,299,/en/stats/leaderboard?page=serve,0,7,74,28,38,75,21,28,60,6,10,50,1,2,6,131,/en/stats/leaderboard?page=return,25,7,28,40,4,10,50,1,2,6,115,/en/stats/leaderboard?page=return,20,6,30,59,13,22,20,1,5,6,63,33,52,29,11,38,49,44,90,71,27,38,37,19,52,51,46,90,262,/en/stats/leaderboard?page=serve,2,3,60,48,80,77,37,48,44,14,32,80,8,10,10,313,/en/stats/leaderboard?page=serve,1,10,69,44,64,75,33,44,70,14,20,50,1,2,11,64,51,80,27,17,64,47,68,144,73,47,64,36,29,80,53,76,144,B,6.0,,,,,,,,,,,,,,,,,,,,,,,,,,,,,,,,,,,,,,,,,,,,,,,,,,,,,,,,,,,,,,,,,,,,,,,,,,,,,,,,
403,2026,ATP Masters 1000 Miami,1000,2026-03-18T00:00:00,2026-03-29T00:00:00,Hard,96,9415725,$,MS070,Round of 128,02:06:06,"Game Set and Match Roberto Bautista Agut. 
 Roberto Bautista Agut wins the match  7-6(3) 7-6(4).",F,3,BD06,J. Duckworth,R. Bautista Agut,D994,BD06,AUS,ESP,,,"Game Set and Match Roberto Bautista Agut. 
 Roberto Bautista Agut wins the match  7-6(3) 7-6(4).",R. Bautista Agut,J. Duckworth,,,ESP,AUS,6-7(3),6-7(4),,,,02:06:06,269,/en/stats/leaderboard?page=serve,2,9,58,21,36,81,17,21,40,6,15,0,0,1,6,272,/en/stats/leaderboard?page=serve,0,2,60,24,40,83,20,24,44,7,16,75,3,4,6,114,/en/stats/leaderboard?page=return,17,4,24,56,9,16,25,1,4,6,195,/en/stats/leaderboard?page=return,19,4,21,60,9,15,100,1,1,6,64,23,36,33,13,40,47,36,76,68,27,40,36,13,36,53,40,76,287,/en/stats/leaderboard?page=serve,0,12,53,21,40,81,17,21,58,11,19,75,3,4,6,278,/en/stats/leaderboard?page=serve,2,5,75,43,57,67,29,43,50,7,14,80,4,5,6,119,/en/stats/leaderboard?page=return,33,14,43,50,7,14,20,1,5,6,102,/en/stats/leaderboard?page=return,19,4,21,42,8,19,25,1,4,6,70,28,40,37,21,57,51,49,97,63,36,57,30,12,40,49,48,97,288,/en/stats/leaderboard?page=serve,2,21,55,42,76,81,34,42,50,17,34,60,3,5,12,277,/en/stats/leaderboard?page=serve,2,7,69,67,97,73,49,67,47,14,30,78,7,9,12,67,51,76,35,34,97,49,85,173,65,63,97,33,25,76,51,88,173,B,4.0,3.0,,,,,,,,,,,,,,,,,,,,,,,,,,,,,,,,,,,,,,,,,,,,,,,,,,,,,,,,,,,,,,,,,,,,,,,,,,,,,,,
403,2026,ATP Masters 1000 Miami,1000,2026-03-18T00:00:00,2026-03-29T00:00:00,Hard,96,9415725,$,MS073,Round of 128,01:06:52,"Game Set and Match Ethan Quinn. 
 Ethan Quinn wins the match  6-2  6-4 .",F,3,Q02L,E. Quinn,H. Hurkacz,Q02L,HB71,USA,POL,,,"Game Set and Match Ethan Quinn. 
 Ethan Quinn wins the match  6-2  6-4 .",E. Quinn,H. Hurkacz,,,USA,POL,6-2,6-4,,,,01:06:52,206,/en/stats/leaderboard?page=serve,0,3,48,10,21,60,6,10,45,5,11,50,2,4,4,300,/en/stats/leaderboard?page=serve,2,2,52,12,23,75,9,12,73,8,11,0,0,0,4,52,/en/stats/leaderboard?page=return,25,3,12,27,3,11,0,0,0,4,195,/en/stats/leaderboard?page=return,40,4,10,55,6,11,50,2,4,4,52,11,21,26,6,23,39,17,44,74,17,23,48,10,21,61,27,44,293,/en/stats/leaderboard?page=serve,0,2,71,20,28,65,13,20,75,6,8,50,1,2,5,329,/en/stats/leaderboard?page=serve,1,2,63,15,24,87,13,15,78,7,9,0,0,0,5,35,/en/stats/leaderboard?page=return,13,2,15,22,2,9,0,0,0,5,130,/en/stats/leaderboard?page=return,35,7,20,25,2,8,50,1,2,5,68,19,28,17,4,24,44,23,52,83,20,24,32,9,28,56,29,52,253,/en/stats/leaderboard?page=serve,0,5,61,30,49,63,19,30,58,11,19,50,3,6,9,314,/en/stats/leaderboard?page=serve,3,4,57,27,47,81,22,27,75,15,20,0,0,0,9,61,30,49,21,10,47,42,40,96,79,37,47,39,19,49,58,56,96,A,,,,,,,,,,,,,,,,,,,,,,,,,,,,,,,,,,,,,,,,,,,,,,,,,,,,,,,,,,,,,,,,,,,,,,,,,,,,,,,,,
403,2026,ATP Masters 1000 Miami,1000,2026-03-18T00:00:00,2026-03-29T00:00:00,Hard,96,9415725,$,MS074,Round of 128,02:17:50,"Game Set and Match Moise Kouame. 
 Moise Kouame wins the match  5-7  6-4  6-4 .",F,3,K0O4,M. Kouame,Z. Svajda,K0O4,S0K7,FRA,USA,,,"Game Set and Match Moise Kouame. 
 Moise Kouame wins the match  5-7  6-4  6-4 .",M. Kouame,Z. Svajda,,,FRA,USA,5-7,6-4,6-4,,,02:17:50,280,/en/stats/leaderboard?page=serve,1,3,56,18,32,89,16,18,50,7,14,0,0,1,6,235,/en/stats/leaderboard?page=serve,1,3,49,20,41,75,15,20,43,9,21,60,3,5,6,155,/en/stats/leaderboard?page=return,25,5,20,57,12,21,40,2,5,6,177,/en/stats/leaderboard?page=return,11,2,18,50,7,14,100,1,1,6,72,23,32,41,17,41,55,40,73,59,24,41,28,9,32,45,33,73,262,/en/stats/leaderboard?page=serve,0,4,66,21,32,67,14,21,45,5,11,50,1,2,5,296,/en/stats/leaderboard?page=serve,3,5,52,16,31,75,12,16,67,10,15,100,3,3,5,58,/en/stats/leaderboard?page=return,25,4,16,33,5,15,0,0,3,5,158,/en/stats/leaderboard?page=return,33,7,21,55,6,11,50,1,2,5,59,19,32,29,9,31,44,28,63,71,22,31,41,13,32,56,35,63,279,/en/stats/leaderboard?page=serve,3,9,64,58,91,76,44,58,52,17,33,25,1,4,16,269,/en/stats/leaderboard?page=serve,11,11,57,64,112,77,49,64,48,23,48,83,10,12,16,67,61,91,36,40,112,50,101,203,64,72,112,33,30,91,50,102,203,A,,,,287.0,/en/stats/leaderboard?page=serve,2.0,2.0,70.0,19.0,27.0,74.0,14.0,19.0,63.0,5.0,8.0,0.0,0.0,1.0,5.0,278.0,/en/stats/leaderboard?page=serve,7.0,3.0,70.0,28.0,40.0,79.0,22.0,28.0,33.0,4.0,12.0,100.0,4.0,4.0,5.0,88.0,/en/stats/leaderboard?page=return,21.0,6.0,28.0,67.0,8.0,12.0,0.0,0.0,4.0,5.0,184.0,/en/stats/leaderboard?page=return,26.0,5.0,19.0,38.0,3.0,8.0,100.0,1.0,1.0,5.0,70.0,19.0,27.0,35.0,14.0,40.0,49.0,33.0,67.0,65.0,26.0,40.0,30.0,8.0,27.0,51.0,34.0,67.0,,
403,2026,ATP Masters 1000 Miami,1000,2026-03-18T00:00:00,2026-03-29T00:00:00,Hard,96,9415725,$,MS077,Round of 128,02:01:00,"Game Set and Match Reilly Opelka. 
 Reilly Opelka wins the match  6-7(6) 6-2  7-6(5).",F,3,O522,R. Opelka,N. Borges,O522,BT72,USA,POR,,,"Game Set and Match Reilly Opelka. 
 Reilly Opelka wins the match  6-7(6) 6-2  7-6(5).",R. Opelka,N. Borges,,,USA,POR,6-7(6),6-2,7-6(5),,,02:01:00,327,/en/stats/leaderboard?page=serve,0,1,67,24,36,92,22,24,67,8,12,0,0,0,6,334,/en/stats/leaderboard?page=serve,2,12,81,29,36,86,25,29,57,4,7,0,0,0,6,57,/en/stats/leaderboard?page=return,14,4,29,43,3,7,0,0,0,6,41,/en/stats/leaderboard?page=return,8,2,24,33,4,12,0,0,0,6,83,30,36,19,7,36,51,37,72,81,29,36,17,6,36,49,35,72,205,/en/stats/leaderboard?page=serve,2,0,53,10,19,60,6,10,44,4,9,0,0,2,4,353,/en/stats/leaderboard?page=serve,0,4,59,10,17,90,9,10,100,7,7,0,0,0,4,10,/en/stats/leaderboard?page=return,10,1,10,0,0,7,0,0,0,4,246,/en/stats/leaderboard?page=return,40,4,10,56,5,9,100,2,2,4,53,10,19,6,1,17,31,11,36,94,16,17,47,9,19,69,25,36,287,/en/stats/leaderboard?page=serve,4,2,59,54,91,81,44,54,62,23,37,0,0,2,16,347,/en/stats/leaderboard?page=serve,4,27,72,65,90,88,57,65,64,16,25,0,0,0,16,74,67,91,19,17,90,46,84,181,81,73,90,26,24,91,54,97,181,A,,,6.0,304.0,/en/stats/leaderboard?page=serve,2.0,1.0,56.0,20.0,36.0,80.0,16.0,20.0,69.0,11.0,16.0,0.0,0.0,0.0,6.0,312.0,/en/stats/leaderboard?page=serve,2.0,11.0,70.0,26.0,37.0,88.0,23.0,26.0,45.0,5.0,11.0,0.0,0.0,0.0,6.0,67.0,/en/stats/leaderboard?page=return,12.0,3.0,26.0,55.0,6.0,11.0,0.0,0.0,0.0,6.0,51.0,/en/stats/leaderboard?page=return,20.0,4.0,20.0,31.0,5.0,16.0,0.0,0.0,0.0,6.0,75.0,27.0,36.0,24.0,9.0,37.0,49.0,36.0,73.0,76.0,28.0,37.0,25.0,9.0,36.0,51.0,37.0,73.0,5.0,
403,2026,ATP Masters 1000 Miami,1000,2026-03-18T00:00:00,2026-03-29T00:00:00,Hard,96,9415725,$,MS078,Round of 128,01:31:19,"Game Set and Match Botic van de Zandschulp. 
 Botic van de Zandschulp wins the match  7-5  6-3 .",F,3,V812,D. Shapovalov,B. van de Zandschulp,SU55,V812,CAN,NED,,,"Game Set and Match Botic van de Zandschulp. 
 Botic van de Zandschulp wins the match  7-5  6-3 .",B. van de Zandschulp,D. Shapovalov,,,NED,CAN,5-7,3-6,,,,01:31:19,264,/en/stats/leaderboard?page=serve,1,3,61,22,36,68,15,22,50,7,14,67,2,3,6,285,/en/stats/leaderboard?page=serve,3,1,77,27,35,85,23,27,25,2,8,0,0,0,6,90,/en/stats/leaderboard?page=return,15,4,27,75,6,8,0,0,0,6,131,/en/stats/leaderboard?page=return,32,7,22,50,7,14,33,1,3,6,61,22,36,29,10,35,45,32,71,71,25,35,39,14,36,55,39,71,181,/en/stats/leaderboard?page=serve,1,1,52,14,27,43,6,14,46,6,13,0,0,3,5,237,/en/stats/leaderboard?page=serve,2,2,74,28,38,68,19,28,20,2,10,83,5,6,4,154,/en/stats/leaderboard?page=return,32,9,28,80,8,10,17,1,6,4,271,/en/stats/leaderboard?page=return,57,8,14,54,7,13,100,3,3,5,44,12,27,45,17,38,45,29,65,55,21,38,56,15,27,55,36,65,228,/en/stats/leaderboard?page=serve,2,4,57,36,63,58,21,36,48,13,27,33,2,6,11,261,/en/stats/leaderboard?page=serve,5,3,75,55,73,76,42,55,22,4,18,83,5,6,10,54,34,63,37,27,73,45,61,136,63,46,73,46,29,63,55,75,136,B,,,,,,,,,,,,,,,,,,,,,,,,,,,,,,,,,,,,,,,,,,,,,,,,,,,,,,,,,,,,,,,,,,,,,,,,,,,,,,,,,
403,2026,ATP Masters 1000 Miami,1000,2026-03-18T00:00:00,2026-03-29T00:00:00,Hard,96,9415725,$,MS081,Round of 128,01:52:56,"Game Set and Match Rafael Jodar. 
 Rafael Jodar wins the match  6-4  4-6  6-1 .",F,3,J0DZ,R. Jodar,Y. Hanfmann,J0DZ,H997,ESP,GER,,,"Game Set and Match Rafael Jodar. 
 Rafael Jodar wins the match  6-4  4-6  6-1 .",R. Jodar,Y. Hanfmann,,,ESP,GER,6-4,4-6,6-1,,,01:52:56,263,/en/stats/leaderboard?page=serve,1,1,50,12,24,75,9,12,58,7,12,0,0,1,5,301,/en/stats/leaderboard?page=serve,0,1,52,14,27,79,11,14,69,9,13,0,0,0,5,52,/en/stats/leaderboard?page=return,21,3,14,31,4,13,0,0,0,5,187,/en/stats/leaderboard?page=return,25,3,12,42,5,12,100,1,1,5,67,16,24,26,7,27,45,23,51,74,20,27,33,8,24,55,28,51,267,/en/stats/leaderboard?page=serve,2,1,63,20,32,75,15,20,50,6,12,88,7,8,5,238,/en/stats/leaderboard?page=serve,1,5,66,19,29,68,13,19,40,4,10,60,3,5,5,172,/en/stats/leaderboard?page=return,32,6,19,60,6,10,40,2,5,5,108,/en/stats/leaderboard?page=return,25,5,20,50,6,12,13,1,8,5,66,21,32,41,12,29,54,33,61,59,17,29,34,11,32,46,28,61,243,/en/stats/leaderboard?page=serve,4,4,56,41,73,71,29,41,47,15,32,64,7,11,13,289,/en/stats/leaderboard?page=serve,1,8,59,44,75,80,35,44,58,18,31,60,3,5,14,60,44,73,29,22,75,45,66,148,71,53,75,40,29,73,55,82,148,A,,,,168.0,/en/stats/leaderboard?page=serve,1.0,2.0,53.0,9.0,17.0,56.0,5.0,9.0,25.0,2.0,8.0,0.0,0.0,2.0,3.0,323.0,/en/stats/leaderboard?page=serve,0.0,2.0,58.0,11.0,19.0,100.0,11.0,11.0,63.0,5.0,8.0,0.0,0.0,0.0,4.0,38.0,/en/stats/leaderboard?page=return,0.0,0.0,11.0,38.0,3.0,8.0,0.0,0.0,0.0,4.0,285.0,/en/stats/leaderboard?page=return,44.0,4.0,9.0,75.0,6.0,8.0,100.0,2.0,2.0,3.0,41.0,7.0,17.0,16.0,3.0,19.0,28.0,10.0,36.0,84.0,16.0,19.0,59.0,10.0,17.0,72.0,26.0,36.0,,
403,2026,ATP Masters 1000 Miami,1000,2026-03-18T00:00:00,2026-03-29T00:00:00,Hard,96,9415725,$,MS085,Round of 128,01:05:12,"Game Set and Match Adrian Mannarino. 
 Adrian Mannarino wins the match  6-3  6-2 .",F,3,ME82,Z. Zhang,A. Mannarino,Z371,ME82,CHN,FRA,,,"Game Set and Match Adrian Mannarino. 
 Adrian Mannarino wins the match  6-3  6-2 .",A. Mannarino,Z. Zhang,,,FRA,CHN,3-6,2-6,,,,01:05:12,228,/en/stats/leaderboard?page=serve,1,2,69,20,29,65,13,20,33,3,9,0,0,2,5,298,/en/stats/leaderboard?page=serve,0,4,54,13,24,85,11,13,55,6,11,100,2,2,4,60,/en/stats/leaderboard?page=return,15,2,13,45,5,11,0,0,2,4,242,/en/stats/leaderboard?page=return,35,7,20,67,6,9,100,2,2,5,55,16,29,29,7,24,43,23,53,71,17,24,45,13,29,57,30,53,200,/en/stats/leaderboard?page=serve,1,1,50,12,24,67,8,12,33,4,12,0,0,2,4,305,/en/stats/leaderboard?page=serve,0,4,70,16,23,88,14,16,43,3,7,0,0,0,4,70,/en/stats/leaderboard?page=return,13,2,16,57,4,7,0,0,0,4,250,/en/stats/leaderboard?page=return,33,4,12,67,8,12,100,2,2,4,50,12,24,26,6,23,38,18,47,74,17,23,50,12,24,62,29,47,215,/en/stats/leaderboard?page=serve,2,3,60,32,53,66,21,32,33,7,21,0,0,4,9,306,/en/stats/leaderboard?page=serve,0,8,62,29,47,86,25,29,50,9,18,100,2,2,8,53,28,53,28,13,47,41,41,100,72,34,47,47,25,53,59,59,100,B,,,,,,,,,,,,,,,,,,,,,,,,,,,,,,,,,,,,,,,,,,,,,,,,,,,,,,,,,,,,,,,,,,,,,,,,,,,,,,,,,
403,2026,ATP Masters 1000 Miami,1000,2026-03-18T00:00:00,2026-03-29T00:00:00,Hard,96,9415725,$,MS086,Round of 128,02:31:38,"Game Set and Match Raphael Collignon. 
 Raphael Collignon wins the match  7-6(3) 4-6  7-6(6).",F,3,C0JP,R. Collignon,G. Dimitrov,C0JP,D875,BEL,BUL,,,"Game Set and Match Raphael Collignon. 
 Raphael Collignon wins the match  7-6(3) 4-6  7-6(6).",R. Collignon,G. Dimitrov,,,BEL,BUL,7-6(3),4-6,7-6(6),,,02:31:38,307,/en/stats/leaderboard?page=serve,1,8,63,26,41,77,20,26,60,9,15,0,0,0,6,307,/en/stats/leaderboard?page=serve,2,6,74,28,38,89,25,28,40,4,10,0,0,0,6,71,/en/stats/leaderboard?page=return,11,3,28,60,6,10,0,0,0,6,63,/en/stats/leaderboard?page=return,23,6,26,40,6,15,0,0,0,6,71,29,41,24,9,38,48,38,79,76,29,38,29,12,41,52,41,79,288,/en/stats/leaderboard?page=serve,3,9,68,26,38,81,21,26,33,4,12,100,2,2,5,272,/en/stats/leaderboard?page=serve,3,4,64,16,25,94,15,16,33,3,9,0,0,1,5,193,/en/stats/leaderboard?page=return,6,1,16,67,6,9,100,1,1,5,86,/en/stats/leaderboard?page=return,19,5,26,67,8,12,0,0,2,5,66,25,38,28,7,25,51,32,63,72,18,25,34,13,38,49,31,63,303,/en/stats/leaderboard?page=serve,8,23,63,74,117,80,59,74,51,22,43,80,4,5,17,290,/en/stats/leaderboard?page=serve,6,12,66,67,102,90,60,67,40,14,35,0,0,2,17,69,81,117,27,28,102,50,109,219,73,74,102,31,36,117,50,110,219,A,,3.0,,281.0,/en/stats/leaderboard?page=serve,4.0,6.0,58.0,22.0,38.0,82.0,18.0,22.0,56.0,9.0,16.0,67.0,2.0,3.0,6.0,274.0,/en/stats/leaderboard?page=serve,1.0,2.0,59.0,23.0,39.0,87.0,20.0,23.0,44.0,7.0,16.0,0.0,0.0,1.0,6.0,185.0,/en/stats/leaderboard?page=return,13.0,3.0,23.0,56.0,9.0,16.0,100.0,1.0,1.0,6.0,111.0,/en/stats/leaderboard?page=return,18.0,4.0,22.0,44.0,7.0,16.0,33.0,1.0,3.0,6.0,71.0,27.0,38.0,31.0,12.0,39.0,51.0,39.0,77.0,69.0,27.0,39.0,29.0,11.0,38.0,49.0,38.0,77.0,6.0,
403,2026,ATP Masters 1000 Miami,1000,2026-03-18T00:00:00,2026-03-29T00:00:00,Hard,96,9415725,$,MS089,Round of 128,01:22:14,"Game Set and Match Matteo Berrettini. 
 Matteo Berrettini wins the match  6-4  6-2 .",F,3,BK40,A. Muller,M. Berrettini,MP20,BK40,FRA,ITA,,,"Game Set and Match Matteo Berrettini. 
 Matteo Berrettini wins the match  6-4  6-2 .",M. Berrettini,A. Muller,,,ITA,FRA,4-6,2-6,,,,01:22:14,272,/en/stats/leaderboard?page=serve,2,3,65,22,34,68,15,22,58,7,12,75,3,4,5,309,/en/stats/leaderboard?page=serve,0,4,77,24,31,71,17,24,57,4,7,0,0,0,5,72,/en/stats/leaderboard?page=return,29,7,24,43,3,7,0,0,0,5,119,/en/stats/leaderboard?page=return,32,7,22,42,5,12,25,1,4,5,65,22,34,32,10,31,49,32,65,68,21,31,35,12,34,51,33,65,218,/en/stats/leaderboard?page=serve,0,2,84,21,25,57,12,21,25,1,4,33,1,3,4,313,/en/stats/leaderboard?page=serve,1,5,68,21,31,71,15,21,70,7,10,100,4,4,4,59,/en/stats/leaderboard?page=return,29,6,21,30,3,10,0,0,4,4,235,/en/stats/leaderboard?page=return,43,9,21,75,3,4,67,2,3,4,52,13,25,29,9,31,39,22,56,71,22,31,48,12,25,61,34,56,255,/en/stats/leaderboard?page=serve,2,5,73,43,59,63,27,43,50,8,16,57,4,7,9,317,/en/stats/leaderboard?page=serve,1,9,73,45,62,71,32,45,65,11,17,100,4,4,9,59,35,59,31,19,62,45,54,121,69,43,62,41,24,59,55,67,121,B,,,,,,,,,,,,,,,,,,,,,,,,,,,,,,,,,,,,,,,,,,,,,,,,,,,,,,,,,,,,,,,,,,,,,,,,,,,,,,,,,
403,2026,ATP Masters 1000 Miami,1000,2026-03-18T00:00:00,2026-03-29T00:00:00,Hard,96,9415725,$,MS090,Round of 128,01:39:10,"Game Set and Match Mariano Navone. 
 Mariano Navone wins the match  7-6(7) 6-3 .",F,3,N0BS,N. Basilashvili,M. Navone,BG23,N0BS,GEO,ARG,,,"Game Set and Match Mariano Navone. 
 Mariano Navone wins the match  7-6(7) 6-3 .",M. Navone,N. Basilashvili,,,ARG,GEO,6-7(7),3-6,,,,01:39:10,288,/en/stats/leaderboard?page=serve,3,4,49,20,41,90,18,20,48,10,21,0,0,0,6,325,/en/stats/leaderboard?page=serve,0,5,83,38,46,74,28,38,63,5,8,100,5,5,6,64,/en/stats/leaderboard?page=return,26,10,38,38,3,8,0,0,5,6,62,/en/stats/leaderboard?page=return,10,2,20,52,11,21,0,0,0,6,68,28,41,28,13,46,47,41,87,72,33,46,32,13,41,53,46,87,231,/en/stats/leaderboard?page=serve,3,3,37,10,27,60,6,10,59,10,17,0,0,1,4,317,/en/stats/leaderboard?page=serve,0,2,58,15,26,93,14,15,64,7,11,0,0,0,5,43,/en/stats/leaderboard?page=return,7,1,15,36,4,11,0,0,0,5,206,/en/stats/leaderboard?page=return,40,4,10,41,7,17,100,1,1,4,59,16,27,19,5,26,40,21,53,81,21,26,41,11,27,60,32,53,268,/en/stats/leaderboard?page=serve,6,7,44,30,68,80,24,30,53,20,38,0,0,1,10,323,/en/stats/leaderboard?page=serve,0,7,74,53,72,79,42,53,63,12,19,100,5,5,11,65,44,68,25,18,72,44,62,140,75,54,72,35,24,68,56,78,140,B,,7.0,,,,,,,,,,,,,,,,,,,,,,,,,,,,,,,,,,,,,,,,,,,,,,,,,,,,,,,,,,,,,,,,,,,,,,,,,,,,,,,
403,2026,ATP Masters 1000 Miami,1000,2026-03-18T00:00:00,2026-03-29T00:00:00,Hard,96,9415725,$,MS093,Round of 128,01:25:11,"Game Set and Match Darwin Blanch. 
 Darwin Blanch wins the match  6-3  3-6  6-3 .",F,3,B0NO,D. Blanch,J. Struff,B0NO,SL28,USA,GER,,,"Game Set and Match Darwin Blanch. 
 Darwin Blanch wins the match  6-3  3-6  6-3 .",D. Blanch,J. Struff,,,USA,GER,6-3,3-6,6-3,,,01:25:11,286,/en/stats/leaderboard?page=serve,1,3,75,18,24,67,12,18,67,4,6,67,2,3,4,327,/en/stats/leaderboard?page=serve,1,5,63,15,24,93,14,15,67,6,9,0,0,0,5,40,/en/stats/leaderboard?page=return,7,1,15,33,3,9,0,0,0,5,124,/en/stats/leaderboard?page=return,33,6,18,33,2,6,33,1,3,4,67,16,24,17,4,24,42,20,48,83,20,24,33,8,24,58,28,48,317,/en/stats/leaderboard?page=serve,1,7,79,22,28,82,18,22,50,3,6,100,3,3,5,243,/en/stats/leaderboard?page=serve,0,1,64,16,25,81,13,16,22,2,9,50,1,2,4,172,/en/stats/leaderboard?page=return,19,3,16,78,7,9,50,1,2,4,68,/en/stats/leaderboard?page=return,18,4,22,50,3,6,0,0,3,5,75,21,28,40,10,25,58,31,53,60,15,25,25,7,28,42,22,53,280,/en/stats/leaderboard?page=serve,2,10,72,53,74,72,38,53,52,11,21,70,7,10,13,291,/en/stats/leaderboard?page=serve,1,9,66,50,76,82,41,50,50,13,26,50,2,4,14,66,49,74,29,22,76,47,71,150,71,54,76,34,25,74,53,79,150,A,,,,215.0,/en/stats/leaderboard?page=serve,0.0,0.0,59.0,13.0,22.0,62.0,8.0,13.0,44.0,4.0,9.0,50.0,2.0,4.0,4.0,290.0,/en/stats/leaderboard?page=serve,0.0,3.0,70.0,19.0,27.0,74.0,14.0,19.0,63.0,5.0,8.0,50.0,1.0,2.0,5.0,134.0,/en/stats/leaderboard?page=return,26.0,5.0,19.0,38.0,3.0,8.0,50.0,1.0,2.0,5.0,194.0,/en/stats/leaderboard?page=return,38.0,5.0,13.0,56.0,5.0,9.0,50.0,2.0,4.0,4.0,55.0,12.0,22.0,30.0,8.0,27.0,41.0,20.0,49.0,70.0,19.0,27.0,45.0,10.0,22.0,59.0,29.0,49.0,,
403,2026,ATP Masters 1000 Miami,1000,2026-03-18T00:00:00,2026-03-29T00:00:00,Hard,96,9415725,$,MS094,Round of 128,01:33:12,"Game Set and Match Stefanos Tsitsipas. 
 Stefanos Tsitsipas wins the match  6-1  7-6(4).",F,3,TE51,S. Tsitsipas,A. Fery,TE51,F0DM,GRE,GBR,,,"Game Set and Match Stefanos Tsitsipas. 
 Stefanos Tsitsipas wins the match  6-1  7-6(4).",S. Tsitsipas,A. Fery,,,GRE,GBR,6-1,7-6(4),,,,01:33:12,181,/en/stats/leaderboard?page=serve,0,3,67,18,27,56,10,18,22,2,9,60,3,5,3,305,/en/stats/leaderboard?page=serve,1,2,57,13,23,77,10,13,70,7,10,0,0,0,4,53,/en/stats/leaderboard?page=return,23,3,13,30,3,10,0,0,0,4,228,/en/stats/leaderboard?page=return,44,8,18,78,7,9,40,2,5,3,44,12,27,26,6,23,36,18,50,74,17,23,56,15,27,64,32,50,298,/en/stats/leaderboard?page=serve,0,2,61,27,44,70,19,27,65,11,17,100,1,1,6,317,/en/stats/leaderboard?page=serve,0,3,62,26,42,77,20,26,75,12,16,100,3,3,6,48,/en/stats/leaderboard?page=return,23,6,26,25,4,16,0,0,3,6,65,/en/stats/leaderboard?page=return,30,8,27,35,6,17,0,0,1,6,68,30,44,24,10,42,47,40,86,76,32,42,32,14,44,53,46,86,259,/en/stats/leaderboard?page=serve,0,5,63,45,71,64,29,45,50,13,26,67,4,6,9,314,/en/stats/leaderboard?page=serve,1,5,60,39,65,77,30,39,73,19,26,100,3,3,10,59,42,71,25,16,65,43,58,136,75,49,65,41,29,71,57,78,136,A,4.0,,,,,,,,,,,,,,,,,,,,,,,,,,,,,,,,,,,,,,,,,,,,,,,,,,,,,,,,,,,,,,,,,,,,,,,,,,,,,,,,
403,2026,ATP Masters 1000 Miami,1000,2026-03-18T00:00:00,2026-03-29T00:00:00,Hard,96,9415725,$,MS063,Round of 64,01:10:51,"Game Set and Match Jannik Sinner. 
 Jannik Sinner wins the match  6-3  6-3 .",F,3,S0AG,D. Dzumhur,J. Sinner,D923,S0AG,BIH,ITA,,2,"Game Set and Match Jannik Sinner. 
 Jannik Sinner wins the match  6-3  6-3 .",J. Sinner,D. Dzumhur,2,,ITA,BIH,3-6,3-6,,,,01:10:51,250,/en/stats/leaderboard?page=serve,1,0,61,14,23,71,10,14,44,4,9,50,1,2,4,316,/en/stats/leaderboard?page=serve,1,5,67,18,27,89,16,18,56,5,9,100,1,1,5,55,/en/stats/leaderboard?page=return,11,2,18,44,4,9,0,0,1,5,160,/en/stats/leaderboard?page=return,29,4,14,56,5,9,50,1,2,4,61,14,23,22,6,27,40,20,50,78,21,27,39,9,23,60,30,50,221,/en/stats/leaderboard?page=serve,1,1,68,23,34,57,13,23,36,4,11,71,5,7,5,341,/en/stats/leaderboard?page=serve,1,4,61,11,18,91,10,11,86,6,7,0,0,0,4,23,/en/stats/leaderboard?page=return,9,1,11,14,1,7,0,0,0,4,176,/en/stats/leaderboard?page=return,43,10,23,64,7,11,29,2,7,5,50,17,34,11,2,18,37,19,52,89,16,18,50,17,34,63,33,52,232,/en/stats/leaderboard?page=serve,2,1,65,37,57,62,23,37,40,8,20,67,6,9,9,330,/en/stats/leaderboard?page=serve,2,9,64,29,45,90,26,29,69,11,16,100,1,1,9,54,31,57,18,8,45,38,39,102,82,37,45,46,26,57,62,63,102,B,,,,,,,,,,,,,,,,,,,,,,,,,,,,,,,,,,,,,,,,,,,,,,,,,,,,,,,,,,,,,,,,,,,,,,,,,,,,,,,,,
403,2026,ATP Masters 1000 Miami,1000,2026-03-18T00:00:00,2026-03-29T00:00:00,Hard,96,9415725,$,MS082,Round of 128,01:28:12,"Game Set and Match Zizou Bergs. 
 Zizou Bergs wins the match  7-5  6-2 .",F,3,BU13,Z. Bergs,J. Brooksby,BU13,B0CD,BEL,USA,,,"Game Set and Match Zizou Bergs. 
 Zizou Bergs wins the match  7-5  6-2 .",Z. Bergs,J. Brooksby,,,BEL,USA,7-5,6-2,,,,01:28:12,231,/en/stats/leaderboard?page=serve,3,3,66,31,47,68,21,31,31,5,16,50,2,4,6,287,/en/stats/leaderboard?page=serve,1,0,60,18,30,78,14,18,67,8,12,50,1,2,6,121,/en/stats/leaderboard?page=return,22,4,18,33,4,12,50,1,2,6,184,/en/stats/leaderboard?page=return,32,10,31,69,11,16,50,2,4,6,55,26,47,27,8,30,44,34,77,73,22,30,45,21,47,56,43,77,194,/en/stats/leaderboard?page=serve,0,0,88,21,24,48,10,21,33,1,3,40,2,5,4,241,/en/stats/leaderboard?page=serve,2,1,58,14,24,79,11,14,30,3,10,0,0,1,4,216,/en/stats/leaderboard?page=return,21,3,14,70,7,10,100,1,1,4,254,/en/stats/leaderboard?page=return,52,11,21,67,2,3,60,3,5,4,46,11,24,42,10,24,44,21,48,58,14,24,54,13,24,56,27,48,215,/en/stats/leaderboard?page=serve,3,3,73,52,71,60,31,52,32,6,19,44,4,9,10,265,/en/stats/leaderboard?page=serve,3,1,59,32,54,78,25,32,50,11,22,33,1,3,10,52,37,71,33,18,54,44,55,125,67,36,54,48,34,71,56,70,125,A,,,,,,,,,,,,,,,,,,,,,,,,,,,,,,,,,,,,,,,,,,,,,,,,,,,,,,,,,,,,,,,,,,,,,,,,,,,,,,,,,
